# parsimony mesh: cplx_CPLX0-7957 (source /Users/eranagmon/code/v2e-cplx/workspace/studies/ecoli-3d/viz/3d/structures/cplx_CPLX0-7957.pdb)
# atoms: 5136  voxel: 2.5 Å  verts: 7894  tris: 16404
v 48.0964 -47.4799 -33.1372
v 48.1092 -47.4799 -33.1372
v 45.5446 -45.3450 -33.1926
v 47.1011 -46.1986 -33.2579
v 48.2577 -46.2290 -33.2461
v 45.5446 -44.7718 -33.1926
v 46.8580 -44.6606 -33.2876
v 48.3064 -44.7617 -33.2817
v -39.9780 39.7171 -33.4370
v -39.0455 39.7171 -33.4370
v -40.4292 41.2710 -33.4854
v -38.9029 41.2710 -33.4854
v -40.1889 42.7544 -33.3009
v -39.0863 42.7544 -33.3009
v 65.4262 -62.6657 -30.9033
v 66.8580 -62.9111 -31.2399
v 68.4820 -62.8684 -31.1740
v 65.1440 -61.2290 -31.1318
v 66.8580 -61.2290 -31.6613
v 68.4720 -61.2290 -31.1657
v 65.1711 -59.5301 -31.0299
v 66.8580 -59.5478 -31.0576
v 68.2194 -59.8530 -30.8044
v 48.0248 -50.0182 -30.6609
v 48.1548 -50.0182 -30.6609
v 42.4949 -48.2926 -31.1283
v 44.3580 -48.3658 -31.4738
v 47.2273 -48.4972 -31.7943
v 48.9654 -48.3809 -31.5353
v 50.8402 -47.6153 -30.7430
v 42.2715 -46.2290 -31.1440
v 44.5699 -46.1986 -32.4173
v 46.4298 -47.0116 -32.9276
v 49.5077 -46.2290 -32.2352
v 51.2957 -46.2290 -30.9852
v 42.6057 -44.5871 -30.8212
v 44.6834 -43.8461 -31.6359
v 46.7477 -43.2738 -31.7248
v 49.2270 -44.1806 -31.8513
v 51.2927 -44.6165 -30.9947
v 45.4889 -42.4500 -30.7839
v 45.8408 -42.4500 -30.7839
v -21.9989 24.8755 -30.7867
v -20.6420 24.3893 -31.2872
v -18.7284 24.3243 -31.3537
v -22.0649 26.2710 -30.8535
v -20.6420 26.2710 -31.5265
v -18.7698 26.2710 -31.3091
v -22.0156 27.6472 -30.7754
v -20.6420 27.7231 -30.8754
v -19.2261 27.6642 -30.8159
v -44.5795 37.3685 -30.8321
v -43.7321 37.3685 -30.8321
v -39.9694 37.3990 -30.7626
v -39.0641 37.3990 -30.7626
v -44.7560 38.7710 -31.0159
v -42.9961 38.5937 -31.2689
v -40.8070 38.6796 -31.8068
v -38.2215 38.7592 -31.7004
v -35.6420 39.4982 -31.0119
v -34.2613 39.8769 -30.8017
v -44.8969 41.2710 -31.0364
v -43.1420 41.2710 -32.0508
v -41.6792 41.2710 -32.9006
v -37.6529 41.2710 -32.3994
v -35.4434 41.4472 -31.1461
v -34.2613 40.7313 -30.8017
v -44.7675 42.8584 -30.8593
v -43.1420 43.0368 -31.4069
v -40.8702 43.1660 -32.1188
v -38.2086 43.1053 -31.8455
v -36.1443 42.7700 -30.9850
v 65.3496 -62.7112 -29.3862
v 66.8580 -63.0210 -29.3862
v 68.4055 -62.7888 -29.3862
v 64.6416 -61.2290 -29.3862
v 68.6086 -61.2290 -29.3862
v 47.7687 -58.1810 -28.4059
v 49.3580 -58.3230 -28.4839
v 50.8334 -57.9023 -28.3301
v 64.8999 -59.3019 -29.3862
v 66.8580 -59.0679 -29.3862
v 68.3111 -59.7450 -29.3862
v 45.2738 -55.3722 -28.4916
v 46.9044 -56.2149 -28.6983
v 49.5551 -56.0577 -28.6014
v 50.8334 -56.7768 -28.3301
v 45.2840 -53.7290 -28.4813
v 46.8580 -53.7290 -28.9159
v 49.5551 -53.8298 -28.5299
v 50.8822 -53.0637 -28.2130
v 42.8996 -50.1808 -28.9162
v 44.5492 -51.1001 -28.9238
v 47.0581 -51.0025 -29.6165
v 49.1831 -51.1060 -29.1418
v 50.8822 -52.1938 -28.2130
v 42.3054 -48.9672 -29.6042
v 44.3580 -49.6158 -30.2922
v 46.3581 -49.5144 -30.2308
v 49.7207 -49.1900 -29.3862
v 51.7473 -47.8796 -29.2023
v 53.1659 -47.5320 -28.2464
v 40.0779 -45.6968 -28.8280
v 41.1291 -46.4097 -29.5513
v 45.4506 -45.1709 -28.3918
v 46.1434 -45.1709 -28.3918
v 52.5457 -46.2290 -29.7979
v 53.2108 -46.2290 -28.5479
v 40.0779 -44.3997 -28.8280
v 41.8066 -43.9500 -29.5513
v 44.6364 -43.5778 -29.4878
v 46.8254 -43.7118 -29.4878
v 49.4130 -43.2409 -29.3368
v 52.1130 -43.7516 -29.3561
v 53.1871 -44.5534 -28.5750
v 45.4889 -42.4500 -30.5838
v 45.8408 -42.4500 -30.5838
v 50.1989 -41.2290 -28.4767
v 51.2766 -41.2290 -28.4767
v 50.3874 -39.8272 -28.2558
v 50.8410 -39.8272 -28.2558
v -22.0658 24.8186 -29.3862
v -20.6420 24.0177 -29.3862
v -18.6086 24.2201 -29.3862
v -37.6205 27.3616 -28.3194
v -36.6771 27.3616 -28.3194
v -22.3227 26.2710 -29.3862
v -18.3544 26.2710 -29.3862
v -37.8777 28.7710 -28.4225
v -36.4499 28.7710 -28.4225
v -22.1490 27.7675 -29.3862
v -20.6420 27.9820 -29.3862
v -19.1379 27.7355 -29.3862
v -42.0812 32.1544 -28.3833
v -40.6420 31.7172 -28.6399
v -38.0248 31.3202 -28.4477
v -35.7985 31.6212 -28.2515
v -34.3548 32.4177 -28.1683
v -42.0812 32.8926 -28.3833
v -40.6420 33.4173 -28.6399
v -38.1008 33.8272 -28.3714
v -35.9028 33.4853 -28.1751
v -34.3548 32.6608 -28.1683
v -44.6195 37.2862 -29.3862
v -42.9961 36.9981 -29.5991
v -40.7385 36.6225 -29.5991
v -38.1765 36.2495 -28.8701
v -36.7261 35.4934 -28.1820
v -46.9562 39.9626 -28.2154
v -45.7526 38.9860 -29.1837
v -42.0654 37.6421 -30.5744
v -41.6361 37.6421 -30.5744
v -37.3365 37.7708 -29.3862
v -35.6420 38.6118 -29.3862
v -33.9969 39.6119 -29.3862
v -47.1227 41.2710 -28.4720
v -46.1469 41.2710 -29.7220
v -39.9204 42.2870 -28.3621
v -38.8986 42.2870 -28.3621
v -34.4777 42.3980 -30.4557
v -34.0164 41.4472 -29.5279
v -47.1354 42.8758 -28.5047
v -45.6173 43.2885 -29.3573
v -43.1420 43.5699 -29.3862
v -40.7090 43.1003 -29.2717
v -37.9322 43.7245 -29.1273
v -35.3755 43.8157 -29.3407
v -34.2928 43.1947 -28.7890
v -36.9658 45.4196 -28.2258
v -36.2734 45.4196 -28.2258
v 65.0122 -62.9859 -26.8862
v 67.0305 -62.8986 -27.0521
v 68.1308 -62.5026 -27.9960
v 50.0785 -60.2139 -26.1308
v 50.9482 -60.2139 -26.1308
v 57.5846 -60.2606 -26.1225
v 58.9282 -60.2606 -26.1225
v 62.2900 -60.4683 -26.0730
v 63.8270 -61.2726 -26.8983
v 68.0054 -61.2290 -26.1731
v 68.2446 -61.2290 -27.4231
v 47.6489 -58.2125 -26.8862
v 49.2902 -59.3198 -26.9329
v 51.2381 -58.7330 -26.9329
v 57.3708 -58.7290 -26.3221
v 59.6001 -58.9725 -26.4135
v 61.8039 -58.8057 -26.0451
v 64.3036 -58.8855 -26.8983
v 67.1034 -59.1754 -26.6498
v 68.2673 -59.7930 -27.3255
v 44.9880 -55.7555 -26.8862
v 46.3989 -57.0055 -26.8862
v 50.5198 -55.1102 -28.0613
v 51.7963 -56.0023 -26.9929
v 53.2199 -55.2277 -25.9245
v 57.6485 -57.1938 -26.0644
v 59.3580 -56.8603 -26.2430
v 61.3179 -56.9393 -26.0171
v 45.0533 -53.5517 -26.8975
v 45.7628 -52.6001 -26.0717
v 50.5198 -54.7303 -28.0613
v 51.9819 -53.6609 -26.9929
v 53.2199 -54.2581 -25.9245
v 62.8061 -52.9432 -25.8305
v 63.9179 -52.9432 -25.8305
v 42.9304 -50.1507 -26.8862
v 44.4263 -50.9268 -26.7696
v 45.8093 -51.2290 -26.0863
v 50.2114 -50.5271 -27.9826
v 51.7107 -51.3079 -27.0440
v 62.6406 -51.2290 -26.0628
v 64.5939 -51.4486 -26.0359
v 65.6710 -50.7617 -25.7336
v 40.2632 -47.5135 -25.8454
v 41.6563 -48.4997 -26.7617
v 45.0092 -49.8166 -25.8009
v 45.7215 -49.8166 -25.8009
v 50.2114 -49.6241 -27.9826
v 52.0619 -49.2400 -27.0440
v 53.6639 -48.0714 -26.8862
v 62.7866 -49.6905 -26.0107
v 64.3580 -49.7078 -25.9901
v 65.6710 -49.9059 -25.7336
v 37.6236 -45.5678 -25.8391
v 39.3372 -46.4656 -26.6756
v 40.9252 -47.3634 -27.5120
v 45.4506 -45.1709 -27.9312
v 46.1434 -45.1709 -27.9312
v 54.0780 -46.2290 -26.8862
v 35.5251 -42.8791 -25.6954
v 36.9510 -43.5704 -25.7672
v 39.1039 -43.4974 -26.8692
v 41.8580 -42.7366 -27.7335
v 44.5135 -43.5327 -27.4705
v 46.9292 -43.9089 -27.1943
v 48.6164 -43.1956 -27.3759
v 52.9332 -42.8867 -27.6349
v 53.4924 -43.7236 -26.8354
v 35.5251 -42.3777 -25.6954
v 36.2783 -42.3777 -25.6954
v 39.7965 -41.9560 -26.2326
v 41.9760 -41.1652 -26.3847
v 44.3580 -41.2290 -26.4811
v 47.0295 -41.2572 -25.9652
v 48.8197 -41.2572 -26.6800
v 52.5189 -41.3826 -26.8354
v 53.1966 -42.3183 -25.9682
v 42.8376 -38.7290 -25.8245
v 44.3580 -38.7290 -26.0761
v 46.2536 -38.7290 -25.8877
v 49.8663 -39.3710 -26.8862
v 51.2526 -39.3710 -26.8862
v 42.9673 -37.3312 -25.7695
v 44.3580 -37.2945 -25.8029
v 45.7662 -37.3808 -25.7251
v -22.4708 24.4365 -26.8862
v -20.6420 23.9131 -26.8862
v -18.9912 24.4976 -26.8862
v -37.8620 27.0571 -26.8862
v -36.1553 27.0571 -26.8862
v -29.8885 27.0332 -26.2824
v -28.1420 26.9480 -26.3620
v -26.0796 27.2448 -25.9577
v -23.2472 26.2710 -26.8862
v -18.8020 26.2710 -26.8862
v -39.9835 29.8445 -26.0109
v -39.0195 28.9151 -26.8610
v -35.4322 28.7710 -26.8862
v -29.8885 28.3290 -26.2824
v -28.3646 29.0058 -26.3995
v -25.4046 28.5520 -26.0702
v -23.2429 28.4814 -26.5505
v -20.8489 28.7929 -26.6749
v -19.2028 27.7090 -26.8862
v -42.2044 31.6835 -26.8862
v -40.7469 30.4279 -26.8610
v -38.0248 31.3202 -27.8952
v -35.7021 31.4824 -27.4119
v -34.0905 31.9757 -26.8862
v -27.6797 30.3306 -25.9406
v -25.6420 30.6905 -25.9376
v -23.1420 30.5329 -25.7577
v -21.8201 30.1204 -25.7008
v -42.2044 33.0197 -26.8862
v -40.4314 34.4141 -27.0754
v -38.1008 33.8272 -28.0739
v -35.9028 33.4853 -27.9199
v -33.9607 33.6049 -26.8906
v -24.5381 34.4647 -25.7744
v -23.1420 34.3397 -26.0008
v -21.5477 34.6688 -25.9841
v -44.5078 37.3604 -27.5296
v -43.2707 36.9750 -26.7722
v -40.4314 35.5810 -27.0754
v -38.1379 36.0986 -28.0615
v -35.7925 36.3044 -27.6069
v -33.8644 36.2710 -26.2607
v -24.5381 35.5060 -25.7744
v -23.1500 36.3120 -25.9926
v -21.5741 36.2710 -25.9780
v -49.4332 39.9357 -25.6614
v -47.9305 39.7326 -26.6513
v -45.4615 38.6402 -26.7722
v -44.1898 38.1150 -25.8629
v -36.9792 37.5738 -28.0880
v -35.6420 37.8846 -27.7816
v -33.1674 38.9730 -26.6891
v -31.8403 39.9929 -25.6666
v -22.3220 37.5872 -25.7440
v -21.8125 37.5872 -25.7440
v -49.7834 41.2710 -25.8504
v -48.3727 41.2710 -27.1004
v -39.9204 42.2870 -27.9139
v -38.8986 42.2870 -27.9139
v -32.6594 41.1000 -26.6544
v -31.8403 40.1526 -25.6666
v -49.8727 43.1980 -25.8966
v -48.1926 43.8702 -26.7990
v -45.6420 44.4773 -27.3366
v -43.1420 44.3041 -27.1764
v -40.6902 43.7321 -26.8676
v -38.5031 43.9001 -27.0028
v -34.6068 44.8614 -28.0827
v -33.7179 43.9252 -27.1041
v -47.5832 45.2956 -26.0348
v -45.4239 46.1857 -26.0225
v -43.1420 46.2710 -26.0977
v -41.1205 46.2710 -25.9138
v -37.7337 46.2601 -27.0796
v -35.3900 46.3818 -27.2289
v -34.0936 45.6774 -26.4160
v -44.4452 47.6833 -25.6795
v -42.9416 48.6184 -25.7859
v -41.4091 48.7710 -25.7908
v -37.6162 47.9700 -26.3752
v -36.1733 47.9700 -26.3752
v -41.9747 50.0402 -25.6574
v -41.8448 50.0402 -25.6574
v 64.9763 -63.0318 -24.8912
v 66.3121 -63.0318 -24.8912
v 47.7947 -60.0361 -23.1961
v 49.1343 -60.1250 -24.1200
v 50.9482 -60.2139 -25.0438
v 57.3892 -60.3853 -24.3862
v 59.0992 -60.3853 -24.3862
v 62.2705 -60.5170 -24.3862
v 64.2290 -61.8473 -24.1892
v 66.8769 -61.4169 -24.1892
v 47.3667 -58.6446 -24.1722
v 49.1343 -59.6187 -24.1200
v 51.4398 -58.8811 -24.2807
v 56.7666 -58.7290 -24.3862
v 60.3492 -59.8117 -24.3862
v 61.8623 -58.8823 -24.8825
v 64.3580 -57.7026 -25.3841
v 67.1467 -58.4741 -24.3018
v 68.1681 -57.6686 -23.2116
v 45.0827 -55.8912 -24.3862
v 46.1663 -57.1412 -24.3862
v 52.6427 -56.6379 -24.3862
v 53.3084 -55.3879 -24.3862
v 57.4854 -57.0160 -24.3862
v 59.4120 -55.7848 -24.3977
v 62.0339 -56.1552 -25.2357
v 64.5907 -56.0084 -24.3278
v 66.8580 -56.7957 -23.6347
v 68.1681 -57.3522 -23.2116
v 37.5096 -52.6856 -23.5086
v 38.4163 -52.6856 -23.5086
v 45.0642 -53.5517 -24.4378
v 45.7628 -52.6001 -25.3056
v 53.0817 -52.5914 -25.6115
v 54.0749 -53.4928 -24.5445
v 56.1421 -52.7276 -23.4776
v 59.9042 -53.7290 -23.8221
v 61.9269 -53.7575 -25.0782
v 64.7486 -53.9450 -24.7093
v 65.9869 -53.2802 -23.9604
v 32.5777 -50.0973 -23.2822
v 34.3580 -50.4216 -23.4500
v 36.7490 -51.2621 -23.8229
v 38.7705 -51.2290 -23.7903
v 42.9508 -50.0692 -24.3862
v 44.3723 -50.8725 -24.5902
v 45.8093 -51.2290 -25.3172
v 53.0307 -51.2290 -25.4079
v 54.3580 -51.2290 -24.8404
v 56.9285 -51.3262 -23.8688
v 59.2656 -51.2847 -23.5311
v 61.6783 -51.1986 -24.4235
v 65.4216 -51.2290 -24.4960
v 65.8290 -51.2290 -24.4960
v 30.4976 -48.0313 -23.2986
v 31.7898 -48.8104 -23.5991
v 34.3580 -48.7290 -24.2003
v 36.8580 -48.7290 -24.7035
v 39.4731 -48.5774 -24.6096
v 41.7008 -49.1265 -24.3862
v 45.0092 -49.8166 -25.5415
v 45.7215 -49.8166 -25.5415
v 53.0312 -49.8826 -25.3566
v 54.5179 -48.9212 -25.1232
v 56.8690 -48.6772 -23.9776
v 58.5350 -49.4761 -23.4473
v 62.7973 -49.7380 -24.3862
v 64.3984 -49.7423 -24.2734
v 65.6710 -49.9059 -25.0316
v 30.4976 -47.3144 -23.2986
v 31.8580 -46.8558 -23.6054
v 34.3451 -46.0792 -24.0631
v 36.8173 -46.3323 -25.2535
v 38.5965 -47.2344 -25.5832
v 50.5621 -45.0467 -23.2143
v 50.7067 -45.0467 -23.2143
v 55.2252 -46.2290 -25.3080
v 56.4422 -46.2290 -24.0580
v 35.0377 -43.7191 -24.4629
v 36.9510 -43.5704 -25.4421
v 38.1299 -42.5950 -25.5369
v 50.1172 -43.7290 -23.3789
v 50.9991 -43.7290 -23.3789
v 54.8393 -43.5303 -24.5599
v 56.2851 -44.2312 -23.8425
v 35.2237 -42.0209 -24.3862
v 37.0102 -42.0076 -24.5766
v 39.1211 -41.9435 -24.5766
v 41.2906 -40.6908 -24.3862
v 47.9772 -40.4426 -25.5453
v 49.2486 -40.8920 -24.3138
v 51.9660 -41.4440 -24.1388
v 53.6674 -42.1765 -24.3862
v 42.3210 -38.7290 -24.3862
v 47.3699 -38.6729 -24.5817
v 49.3263 -39.3945 -24.3873
v 51.2345 -39.3201 -24.8959
v 42.8883 -37.2649 -24.3862
v 44.3580 -37.0054 -24.3862
v 46.0334 -37.2194 -24.3862
v -22.5390 24.3660 -24.8515
v -20.6420 24.2847 -24.8148
v -19.2386 24.6942 -25.3257
v -37.5562 26.9872 -24.3862
v -36.1147 26.9872 -24.3862
v -30.0753 26.8330 -24.3862
v -28.1420 26.6048 -24.3862
v -25.4046 27.1074 -24.6179
v -23.4569 26.0980 -24.3953
v -20.6420 25.5443 -23.5648
v -19.2097 26.4163 -24.4499
v -40.2868 29.4602 -24.3862
v -38.8062 28.2102 -24.3862
v -35.0959 28.7710 -24.3862
v -30.0753 28.6918 -24.3862
v -29.3097 29.9418 -24.3862
v -24.4130 27.5726 -25.6057
v -24.3748 27.5726 -25.6057
v -20.1535 29.2955 -25.0486
v -19.1614 28.5857 -24.2836
v -42.1193 31.7709 -25.0066
v -41.4925 31.0709 -24.2585
v -34.6233 30.2549 -24.3862
v -33.7135 31.5049 -24.3862
v -27.8632 31.2067 -24.1790
v -25.6420 31.9405 -25.0235
v -22.9786 31.8201 -24.6032
v -20.8489 30.6293 -24.2836
v -19.1580 30.2860 -23.3819
v -49.9805 34.5461 -23.7811
v -48.6253 34.5461 -23.7811
v -42.1193 32.8143 -25.0066
v -41.2029 33.6970 -24.2585
v -32.6591 33.7073 -24.3979
v -30.6420 34.4628 -23.7040
v -27.9291 33.8881 -23.5189
v -25.4797 33.6872 -24.7934
v -22.9786 33.0799 -24.6032
v -21.1642 34.2619 -24.3862
v -55.0300 37.0775 -23.5912
v -53.1420 36.9600 -23.7021
v -50.7451 36.3383 -24.0602
v -48.2774 36.2710 -24.0666
v -44.4382 37.5107 -23.2088
v -43.2707 36.9380 -24.1798
v -41.1748 35.5499 -24.3862
v -32.6144 36.2710 -24.8717
v -30.6420 36.2710 -24.0998
v -28.1855 36.1839 -23.6660
v -25.4797 35.8492 -24.2835
v -23.1500 37.0443 -24.5083
v -21.2621 36.3790 -24.5083
v -55.2699 38.7710 -23.7796
v -52.9413 38.8931 -23.8307
v -50.6250 39.0385 -24.4171
v -47.9604 38.3353 -24.4935
v -45.4198 38.2429 -24.1798
v -44.1898 38.1150 -24.8755
v -32.3387 38.3262 -25.0140
v -30.8610 39.0041 -24.7035
v -28.9698 38.7710 -23.6870
v -22.3220 37.5872 -25.4230
v -21.8125 37.5872 -25.4230
v -54.9245 40.4504 -23.5391
v -52.7735 41.4318 -23.3511
v -51.1600 41.4564 -24.1523
v -31.9995 41.8193 -25.5684
v -30.6880 41.1484 -24.5612
v -28.0586 41.4913 -23.3488
v -26.8806 42.5051 -23.1436
v -52.0048 43.7710 -23.4825
v -50.6804 43.9272 -24.8083
v -48.2691 44.6057 -24.4705
v -46.6312 44.3468 -23.4797
v -39.7933 44.8195 -25.4105
v -38.1040 44.7812 -24.3507
v -35.6420 44.6908 -23.3833
v -33.0465 44.0296 -24.4396
v -31.2024 43.2003 -23.9017
v -26.9439 42.5388 -23.1436
v -26.8806 42.5388 -23.1436
v -52.0282 45.1770 -23.5712
v -50.6420 45.3214 -23.9562
v -48.2691 45.2805 -24.4705
v -45.9682 46.1857 -24.3423
v -39.8705 46.2710 -25.3205
v -38.1704 46.2710 -24.3437
v -35.4608 46.4148 -24.4256
v -34.0936 45.6774 -24.9776
v -44.6829 48.0572 -24.3862
v -43.2393 49.3072 -24.3862
v -40.4817 48.7858 -24.5190
v -38.2179 47.9662 -24.3649
v -36.1733 47.9700 -24.9557
v -41.9893 50.0435 -24.3862
v -41.8266 50.0435 -24.3862
v 45.5365 -62.5442 -20.8342
v 46.8580 -62.8981 -21.2301
v 49.3580 -63.0747 -21.4143
v 50.9623 -62.7797 -21.0799
v 45.1379 -61.2290 -21.3898
v 46.9200 -61.0132 -22.5954
v 49.1573 -61.0132 -22.5956
v 51.2508 -61.2290 -21.3900
v 57.6730 -60.2390 -22.8047
v 58.6094 -60.2390 -22.8047
v 62.8094 -60.2070 -22.8847
v 64.5410 -60.5761 -21.9853
v 66.1008 -60.5544 -21.8862
v 44.8676 -58.7290 -21.7514
v 46.1359 -58.7290 -23.0014
v 49.8568 -59.8158 -22.8643
v 51.9736 -58.9093 -21.9737
v 53.4764 -58.0028 -21.0830
v 57.5038 -58.7290 -22.6773
v 59.4088 -58.8517 -22.4008
v 61.9288 -58.8517 -22.1898
v 63.7528 -58.7290 -21.1636
v 67.4987 -58.5927 -21.6613
v 68.1681 -57.6686 -22.3448
v 44.9818 -56.3235 -22.0443
v 45.7919 -57.2198 -22.9830
v 52.8363 -56.9422 -22.7497
v 53.4591 -56.1569 -21.9043
v 57.7374 -57.1469 -22.8559
v 59.6038 -56.0822 -21.8558
v 61.8580 -56.6521 -20.8918
v 64.3432 -56.0860 -21.4025
v 67.1044 -56.6374 -21.6613
v 68.1681 -57.3522 -22.3448
v 32.9103 -52.7234 -20.7623
v 33.4165 -52.7234 -20.7623
v 37.5096 -52.6856 -22.5485
v 39.1936 -52.7381 -21.7771
v 41.8580 -52.8851 -21.0841
v 44.1174 -53.6169 -21.7728
v 54.7297 -53.6282 -21.6446
v 56.7148 -52.7322 -21.7520
v 59.0360 -53.6336 -21.9667
v 64.9262 -53.9597 -21.9152
v 65.9869 -53.2802 -22.7679
v 32.2028 -51.0500 -21.7118
v 34.2931 -51.6983 -21.7118
v 36.7490 -52.0124 -21.7836
v 39.2849 -51.6827 -21.8237
v 41.9992 -51.0349 -22.2880
v 43.7354 -51.7388 -22.5306
v 52.6563 -50.2793 -21.0295
v 54.4217 -51.3766 -20.8399
v 56.7148 -52.3492 -21.7520
v 59.2656 -51.2847 -22.7167
v 61.9405 -50.3893 -21.9821
v 64.3263 -51.0649 -22.0763
v 65.9869 -51.6963 -22.7679
v 30.4976 -48.0313 -22.8090
v 30.9375 -48.8104 -21.9399
v 35.6065 -47.4807 -20.6395
v 35.6119 -47.4807 -20.6395
v 40.3497 -49.6412 -22.7920
v 41.2600 -49.6412 -22.7920
v 47.7997 -47.5762 -21.3165
v 48.2206 -47.5762 -21.3165
v 52.6563 -49.4143 -21.0295
v 53.2494 -49.4143 -21.0295
v 57.7098 -47.8094 -22.6859
v 59.3030 -48.7615 -21.7994
v 61.9405 -49.8299 -21.9821
v 63.5920 -49.9462 -23.0514
v 30.4976 -47.3144 -22.8090
v 31.7240 -46.5542 -21.9399
v 34.5548 -45.9573 -21.7607
v 35.9240 -46.2290 -21.0729
v 47.7997 -47.2070 -21.3165
v 49.4601 -46.0052 -21.6420
v 50.7608 -45.1039 -21.8862
v 57.6922 -46.2290 -22.6908
v 59.2858 -46.1553 -21.5257
v 60.7579 -45.2728 -21.0459
v 34.9572 -43.7290 -22.6114
v 36.8585 -43.5427 -21.3530
v 39.3580 -42.6963 -21.1411
v 40.9634 -42.6626 -21.0817
v 50.0682 -43.6652 -21.7042
v 50.9838 -43.6652 -21.7042
v 55.4319 -42.5645 -22.8394
v 57.0143 -43.5303 -22.5987
v 59.5663 -43.5432 -21.5226
v 60.7579 -44.2527 -21.0459
v 35.1785 -41.9696 -22.6909
v 36.8580 -41.9657 -22.3479
v 39.3580 -42.2019 -22.3911
v 41.7674 -41.4435 -21.8740
v 43.7664 -40.6026 -20.9996
v 50.1619 -41.0306 -21.7042
v 51.8616 -41.4834 -21.7042
v 54.3847 -41.1897 -21.8643
v 56.8414 -41.2540 -21.3366
v 58.8718 -42.1040 -21.0140
v 42.5914 -38.7290 -22.6838
v 44.5030 -38.7113 -21.4039
v 46.7661 -37.8342 -21.7667
v 49.3523 -38.6729 -21.8632
v 55.0042 -39.7096 -20.8892
v 55.9970 -39.7096 -20.8892
v 42.9557 -37.3414 -23.0029
v 44.3580 -37.1899 -22.5732
v 46.7661 -37.2173 -21.7667
v 48.6500 -37.2034 -21.0146
v -41.9659 24.9402 -20.8659
v -40.6420 24.5064 -21.3546
v -38.1420 24.1093 -21.6561
v -36.1887 24.4107 -21.2678
v -42.1925 26.2710 -21.1697
v -40.6420 26.2710 -22.1487
v -37.6472 26.7962 -22.0204
v -35.8833 26.8511 -21.4483
v -34.3513 27.4440 -20.6867
v -29.8065 27.0915 -22.6995
v -28.1420 27.1778 -22.7872
v -25.6420 27.2112 -22.8923
v -23.0850 26.6766 -21.9583
v -20.5010 26.8028 -21.8629
v -19.3210 27.3465 -22.6808
v -42.3177 28.7710 -21.4177
v -40.7530 28.6783 -22.6077
v -37.8989 27.6600 -21.8019
v -35.5670 28.2421 -21.6121
v -34.2062 28.7710 -21.0283
v -29.8065 28.2740 -22.6995
v -28.3535 28.9728 -22.5115
v -25.6089 28.8416 -21.5956
v -23.8803 28.0554 -21.1730
v -19.5737 27.7707 -21.0141
v -19.1155 28.6708 -21.8629
v -42.3410 31.2710 -21.4990
v -41.5740 31.2710 -22.7490
v -34.4565 30.1233 -22.7751
v -33.7062 31.0824 -21.9195
v -27.4597 31.4135 -21.7907
v -26.4202 30.6751 -20.8937
v -22.3691 31.9735 -21.8862
v -20.6420 31.0552 -21.8862
v -19.0996 30.3527 -21.8862
v -52.6089 34.8276 -20.9016
v -50.7451 34.5969 -21.7954
v -47.9320 34.5555 -22.0310
v -45.6420 34.4145 -21.5022
v -43.1067 33.6933 -21.7190
v -41.6065 33.7710 -22.8672
v -32.3388 33.7073 -21.6472
v -30.8826 34.3465 -21.6472
v -28.2748 33.3200 -21.8862
v -22.6024 33.6250 -21.8627
v -21.2660 34.3610 -22.6804
v -55.3165 36.5847 -21.8862
v -53.3221 35.5893 -21.7954
v -51.6472 35.5498 -22.5682
v -47.0274 36.2710 -22.6294
v -45.4198 36.5148 -22.5288
v -43.1420 35.6855 -22.7972
v -41.7035 35.0839 -23.0209
v -31.9061 35.0341 -20.6546
v -31.8763 35.0341 -20.6546
v -27.3811 36.9592 -22.3453
v -25.8483 36.8161 -21.6616
v -23.2208 36.0112 -21.8627
v -21.2660 35.6177 -22.6804
v -55.9823 38.7710 -21.8862
v -51.9741 39.8078 -22.9903
v -50.6986 39.8646 -21.8632
v -48.1424 38.7776 -21.6860
v -46.1049 37.6337 -22.6358
v -27.7198 38.7710 -22.0131
v -26.7784 38.7710 -20.7631
v -55.0578 40.6293 -21.8862
v -52.5531 41.3179 -22.4522
v -50.9161 40.9568 -21.7281
v -49.2790 40.1811 -20.7361
v -29.5358 42.1442 -22.9719
v -28.0586 41.4913 -22.7008
v -26.5731 41.5114 -21.7123
v -52.0048 43.7710 -22.9954
v -50.5676 43.7469 -21.8084
v -48.1298 43.8883 -21.9211
v -46.2104 43.9477 -21.8862
v -37.0446 44.7429 -22.6379
v -35.6420 44.6908 -22.6419
v -33.1420 44.7839 -22.7334
v -30.4783 43.9286 -22.3779
v -28.0171 43.6791 -21.8590
v -26.5523 43.0082 -21.8862
v -52.0282 45.1770 -22.9599
v -50.6420 45.3214 -22.7351
v -48.9549 45.2655 -22.7777
v -45.0475 46.1134 -21.9138
v -43.1420 46.7271 -21.2264
v -41.6566 47.1418 -20.9605
v -37.2022 46.2710 -22.4847
v -35.7222 46.2940 -21.5186
v -32.9362 46.2940 -21.3315
v -30.8371 46.1626 -20.9940
v -29.0903 45.2571 -20.7462
v -44.7267 48.0735 -22.7655
v -42.9202 48.8525 -22.5926
v -40.7457 49.1387 -21.8977
v -38.1491 48.8085 -21.7739
v -36.6089 47.9879 -21.0992
v -31.9657 47.5463 -20.6653
v -31.8004 47.5463 -20.6653
v -41.9390 50.0319 -23.1098
v -40.6723 50.0570 -21.9459
v -39.1453 50.0822 -20.7819
v 45.5365 -62.5442 -20.2510
v 46.7455 -62.9818 -19.4051
v 49.3225 -63.1231 -19.3541
v 50.9623 -62.7797 -20.1661
v 38.0947 -60.0032 -18.1545
v 39.3580 -60.4098 -18.4276
v 41.8580 -61.0024 -18.6281
v 44.4613 -61.2327 -19.3365
v 46.5599 -61.0592 -18.5228
v 49.4468 -61.1331 -18.4804
v 51.3831 -61.0835 -19.3541
v 65.4964 -60.0163 -20.5879
v 65.6801 -60.0163 -20.5879
v 38.0947 -59.9489 -18.1545
v 39.5886 -58.9610 -18.3794
v 41.8580 -58.7290 -18.8210
v 43.6176 -58.7290 -19.7808
v 47.2826 -59.7518 -18.4613
v 48.7615 -59.7518 -18.4613
v 52.5611 -59.6936 -19.3862
v 53.8654 -58.4436 -19.3862
v 65.0028 -58.7290 -20.2812
v 66.2826 -58.7290 -20.2812
v 32.8739 -55.4869 -18.4613
v 33.4667 -55.4869 -18.4613
v 40.5756 -57.4165 -18.1529
v 41.7421 -56.4415 -18.5747
v 43.7312 -56.2290 -19.9217
v 53.9496 -56.2290 -19.3862
v 60.4687 -55.1008 -19.3862
v 61.9719 -55.3918 -19.2579
v 64.1468 -56.2461 -20.1085
v 66.4354 -56.9875 -20.2112
v 32.4850 -53.6256 -19.3312
v 34.2749 -53.5902 -19.3058
v 35.8269 -52.7904 -18.4837
v 39.9709 -52.7907 -20.0080
v 42.1323 -53.4730 -19.2653
v 44.0063 -53.3889 -19.2326
v 46.0071 -52.5945 -18.2651
v 54.1437 -53.7290 -19.3862
v 57.2876 -52.7367 -19.8495
v 59.0150 -53.6336 -19.1642
v 62.8812 -54.8750 -18.3390
v 63.6421 -53.9166 -19.2579
v 31.6336 -51.2290 -19.3862
v 35.0832 -52.2543 -20.1504
v 36.7393 -51.8296 -19.3447
v 39.2257 -51.8923 -19.2593
v 41.8580 -52.3139 -18.5070
v 44.3580 -52.0897 -18.4498
v 46.0071 -52.0599 -18.2651
v 52.6563 -50.2793 -20.3269
v 54.4266 -51.2805 -19.7894
v 56.6157 -52.1103 -19.1642
v 58.1387 -52.4613 -18.1828
v 62.4258 -50.5443 -19.3862
v 63.5708 -51.7943 -19.3862
v 31.7200 -48.7290 -19.3862
v 35.0855 -47.7079 -19.3862
v 35.8912 -47.7079 -19.3862
v 45.4046 -47.8767 -18.4582
v 46.8393 -47.7264 -19.4180
v 48.2206 -47.5762 -20.3778
v 52.6563 -49.4143 -20.3269
v 53.2494 -49.4143 -20.3269
v 60.0711 -48.0470 -20.2668
v 61.8199 -48.6216 -19.2078
v 63.1461 -47.5295 -18.1489
v 32.5911 -46.9172 -19.3862
v 33.8355 -46.9172 -19.3862
v 37.0850 -46.2995 -19.4004
v 38.8240 -45.5131 -18.5765
v 45.4046 -47.3683 -18.4582
v 46.8393 -47.2877 -19.4180
v 49.2917 -46.1424 -20.4245
v 50.7129 -45.0778 -20.4713
v 60.2876 -45.9798 -19.2460
v 61.3865 -46.1572 -19.0929
v 63.1461 -47.3933 -18.1489
v 37.6921 -44.2518 -20.2432
v 39.5376 -43.8363 -19.4004
v 40.9280 -42.8460 -19.3862
v 45.5586 -42.5111 -18.1707
v 45.8224 -42.5111 -18.1707
v 50.3628 -44.4560 -20.4713
v 50.7129 -44.4560 -20.4713
v 60.3362 -43.5432 -19.1896
v 60.7579 -44.2527 -19.8919
v 42.0938 -41.3532 -19.2808
v 44.6756 -40.9606 -19.1266
v 46.0648 -41.2290 -18.4387
v 50.6013 -40.0651 -20.6072
v 51.8580 -40.1665 -20.4439
v 53.3376 -40.1429 -20.4087
v 57.4028 -40.4878 -19.3862
v 59.0962 -41.7378 -19.3862
v 42.6577 -39.8291 -18.3772
v 44.8643 -39.1023 -19.0442
v 45.9255 -38.7389 -19.3777
v 50.3845 -38.7290 -20.3767
v 51.8904 -38.6586 -19.2921
v 54.2457 -39.4122 -19.4997
v 56.1528 -39.6710 -19.3862
v 45.5030 -37.0422 -18.5837
v 46.6374 -36.2895 -19.3960
v 49.4332 -36.3137 -19.8206
v 51.3387 -36.2290 -18.6876
v 47.4265 -34.5359 -18.5416
v 49.3580 -34.4268 -18.6045
v 51.1116 -34.6858 -18.3552
v -44.9671 24.9282 -18.2068
v -42.9364 24.8045 -19.1786
v -40.6420 24.2446 -19.3862
v -38.1893 24.1945 -19.1935
v -36.1887 24.4107 -19.8983
v -47.4213 26.7426 -18.5288
v -45.7371 26.0540 -18.5202
v -42.8155 26.7573 -18.9731
v -41.7629 27.4058 -18.1751
v -37.1529 26.3988 -19.4103
v -35.8581 26.5601 -19.7168
v -34.0438 27.2826 -19.3862
v -22.2137 27.2930 -20.4002
v -21.2403 27.2930 -20.4002
v -47.4213 28.1815 -18.5288
v -45.7180 28.9173 -18.6133
v -42.8871 28.3101 -19.0397
v -41.7629 27.6956 -18.1751
v -36.9184 27.5368 -20.5889
v -36.5049 27.5368 -20.5889
v -32.9893 28.9387 -19.2269
v -31.8546 29.8839 -18.2874
v -24.7535 29.7221 -20.4175
v -23.0850 28.8416 -20.2201
v -20.5010 28.6708 -20.2668
v -19.2362 29.4374 -20.4952
v -54.5303 32.0209 -18.5526
v -53.1420 32.0241 -18.5499
v -51.7879 32.3586 -18.2715
v -45.0290 31.2710 -18.6397
v -43.5910 31.2710 -19.8897
v -32.6706 31.2337 -19.2269
v -31.8546 30.3755 -18.2874
v -27.1111 32.2622 -19.3862
v -25.6089 31.1280 -19.5049
v -23.2333 31.2597 -19.5741
v -20.6420 30.3694 -20.3514
v -19.2362 30.1982 -20.4952
v -54.7186 33.7710 -19.0383
v -53.3221 33.9050 -19.9390
v -50.7136 34.0717 -19.3906
v -48.0700 34.7513 -19.5603
v -45.5756 33.4467 -19.4034
v -43.1353 33.7882 -19.3810
v -41.1680 34.7682 -18.5137
v -37.5529 34.8149 -18.5285
v -36.2573 34.8149 -18.5285
v -32.9120 33.7710 -19.3862
v -30.3657 34.5758 -19.3862
v -28.3611 33.3258 -19.3862
v -23.3112 33.7710 -19.3862
v -55.0864 36.0381 -19.6080
v -54.2755 35.0495 -20.5892
v -49.6393 35.3416 -18.8431
v -48.8553 35.3416 -18.8431
v -42.2610 36.2710 -18.4594
v -41.3317 36.2710 -18.4594
v -37.5529 35.4963 -18.5285
v -36.2573 35.4963 -18.5285
v -32.4085 35.5908 -19.3862
v -31.6157 35.5908 -19.3862
v -25.2302 37.0942 -19.3862
v -23.7994 35.8442 -19.3862
v -55.1213 38.7754 -19.3444
v -53.1420 39.2798 -18.7853
v -50.5050 39.4544 -19.4473
v -49.1212 39.7470 -19.3862
v -41.9218 37.6306 -18.1897
v -41.8690 37.6306 -18.1897
v -25.5154 38.7564 -19.2096
v -24.0209 39.5800 -18.2585
v -54.7473 40.4027 -20.1498
v -53.1420 40.4985 -20.0353
v -50.4658 41.0619 -20.3196
v -48.3781 41.1727 -19.5930
v -46.4311 42.1643 -18.8681
v -27.2463 42.3078 -18.3370
v -25.7987 41.3378 -19.1311
v -24.0209 40.3678 -18.2585
v -49.6846 42.8976 -20.3180
v -48.1420 42.8608 -20.3215
v -46.0903 43.5669 -19.5753
v -27.5005 43.9001 -19.2567
v -26.4505 43.1528 -20.0037
v -44.9856 45.7132 -19.3862
v -43.1420 46.1948 -19.3862
v -41.3250 46.7526 -19.3862
v -34.9422 47.1428 -20.0209
v -32.9468 47.2754 -19.3886
v -30.8371 46.9124 -19.5083
v -28.6369 45.5950 -19.3862
v -40.5346 48.7710 -19.3862
v -37.4786 49.6546 -20.3583
v -35.5572 48.8944 -19.3562
v -32.9468 47.8402 -19.3886
v -31.8004 47.5463 -20.4230
v -39.8966 51.0577 -19.2336
v -38.2440 51.0577 -19.6059
v -36.0521 51.2710 -18.6015
v -39.6202 52.6627 -18.2986
v -38.1420 52.6696 -18.3067
v -36.4919 52.5775 -18.2012
v 40.4946 -62.5342 -15.8207
v 41.8580 -62.6771 -16.3864
v 44.3580 -63.0150 -16.7968
v 46.9145 -62.8715 -16.9631
v 48.4655 -62.7582 -17.5583
v 30.5349 -60.0387 -15.7057
v 30.9296 -60.0387 -15.7057
v 38.0947 -60.0032 -18.0624
v 39.3979 -61.0995 -16.9416
v 41.8580 -62.2524 -17.6364
v 44.3580 -61.8596 -18.0468
v 47.0372 -61.4431 -17.1934
v 49.0915 -60.9367 -17.1842
v 51.0427 -60.1531 -18.0067
v 30.4247 -58.7290 -15.8400
v 31.8009 -58.8953 -16.2051
v 33.7193 -58.1729 -16.3127
v 38.0947 -59.9489 -18.0624
v 38.9175 -58.9610 -17.0919
v 47.2826 -59.7518 -17.6542
v 49.4045 -59.5934 -16.9971
v 51.8688 -59.2191 -17.0585
v 53.7686 -58.1871 -16.8862
v 30.4366 -57.1693 -15.8384
v 31.8791 -56.3281 -16.9089
v 34.4263 -56.3578 -17.0739
v 36.8580 -55.5363 -16.0794
v 39.5133 -56.1375 -16.3756
v 40.8398 -55.6364 -16.8862
v 54.6670 -56.0338 -16.6850
v 55.6583 -55.0703 -15.7176
v 60.4373 -55.1028 -17.8688
v 61.2145 -55.1028 -17.8688
v 31.7796 -53.7290 -16.8862
v 35.1334 -54.4571 -17.8352
v 36.7393 -53.6659 -17.2721
v 39.3819 -53.9011 -16.2840
v 41.5959 -53.7196 -17.0347
v 44.3580 -52.6489 -17.8267
v 46.0071 -52.5945 -17.9786
v 54.7331 -53.7290 -17.2132
v 55.8594 -53.7290 -15.9632
v 59.8780 -53.7290 -17.4939
v 61.9719 -53.9166 -17.1345
v 63.4391 -53.2084 -17.3230
v 32.2914 -51.2510 -16.8757
v 33.4188 -50.4323 -16.0354
v 37.4936 -51.8129 -17.7718
v 39.3580 -51.8893 -17.6520
v 41.8580 -52.3139 -17.7340
v 44.3580 -52.0897 -17.8267
v 46.0071 -52.0599 -17.9786
v 55.2239 -51.8873 -17.6575
v 56.9930 -51.3410 -16.6518
v 59.1264 -51.4684 -17.0321
v 61.9074 -51.1586 -17.0382
v 63.4391 -51.9450 -17.3230
v 32.7854 -48.7290 -17.7671
v 34.2807 -48.3234 -17.0240
v 35.9817 -47.7825 -17.6999
v 45.3395 -48.3918 -16.8862
v 46.0012 -48.3918 -16.8862
v 58.0931 -49.9460 -15.6461
v 59.3580 -49.6783 -15.9477
v 61.9074 -49.0566 -16.8795
v 64.1309 -48.0574 -16.9658
v 66.1169 -47.9457 -16.1855
v 33.0587 -47.4403 -18.0782
v 34.4756 -46.7481 -16.8949
v 36.8322 -46.2995 -17.1759
v 38.8240 -45.5131 -17.7074
v 45.3395 -47.2250 -16.8862
v 46.0012 -47.2250 -16.8862
v 58.0494 -45.1301 -15.8416
v 59.4299 -45.0751 -16.9241
v 61.8580 -45.5706 -17.9001
v 64.1309 -46.4276 -17.5396
v 66.1634 -46.2290 -16.2794
v 35.5404 -44.8845 -15.7341
v 36.8580 -44.4643 -16.0130
v 39.5608 -43.5859 -16.9663
v 40.6792 -42.7846 -17.8918
v 45.5586 -42.5111 -17.9161
v 45.8224 -42.5111 -17.9161
v 57.9651 -43.7290 -15.9107
v 59.4784 -44.2206 -16.8089
v 61.8580 -44.5204 -16.6501
v 64.3580 -44.3610 -16.3535
v 65.8396 -44.6635 -15.9445
v 40.2976 -42.3142 -16.2251
v 41.6685 -41.2269 -16.8973
v 44.4824 -40.7621 -16.9892
v 46.0648 -41.2290 -17.8040
v 57.2991 -41.1110 -16.7325
v 58.6618 -41.8657 -17.4634
v 42.6577 -39.8291 -17.5695
v 44.5982 -39.1600 -17.2151
v 46.0025 -39.6116 -17.9133
v 52.7453 -37.7783 -17.8154
v 54.3476 -38.4542 -16.9437
v 55.9458 -39.7235 -16.8862
v 45.5050 -36.2170 -16.8331
v 45.7598 -35.3756 -17.6310
v 52.5887 -36.2290 -17.4364
v 53.4559 -36.2290 -16.1864
v 45.5520 -34.8845 -15.9643
v 46.6991 -34.3150 -16.8331
v 49.3580 -33.6900 -16.8862
v 51.9102 -34.5126 -16.7688
v 53.1724 -34.9081 -15.8572
v -47.2024 24.7722 -16.3865
v -45.7371 24.7461 -17.0863
v -43.1420 24.1448 -16.8862
v -40.6420 23.9481 -16.8862
v -38.9375 24.6673 -16.8862
v -56.9457 27.4534 -15.6995
v -55.6420 27.3266 -15.8332
v -53.9942 27.3294 -15.8356
v -47.5760 26.0540 -17.0863
v -46.6338 25.0760 -18.0531
v -41.9795 27.4058 -18.0762
v -41.7629 27.4058 -18.0762
v -37.7226 26.1824 -16.8957
v -35.6420 26.9171 -17.5759
v -33.9685 27.2801 -17.7899
v -56.9457 27.7263 -15.6995
v -55.7811 28.6442 -16.2367
v -53.1533 28.8182 -16.3560
v -51.6296 29.6829 -15.8985
v -47.5038 28.9173 -16.8476
v -46.6021 29.8482 -17.6552
v -41.9795 27.6956 -18.0762
v -41.7629 27.6956 -18.0762
v -37.2157 27.8903 -16.0687
v -35.6420 28.3227 -16.3259
v -33.2208 29.0522 -17.0317
v -31.8546 29.8839 -17.9402
v -55.0442 31.2209 -17.0790
v -53.1420 30.7741 -17.6365
v -50.8754 31.4026 -16.7510
v -47.9532 31.2326 -15.9627
v -45.6500 31.3974 -16.7025
v -44.2953 32.4430 -15.7499
v -32.2997 31.1334 -17.1555
v -31.6752 31.1334 -17.1555
v -27.0689 32.3551 -17.8429
v -25.6420 32.1641 -17.5202
v -24.0826 32.2110 -17.6082
v -54.8334 33.9091 -16.7274
v -54.2416 34.8345 -15.7881
v -50.1244 33.7710 -17.4836
v -47.8754 34.2431 -16.7579
v -45.7716 33.7383 -16.6034
v -43.3248 33.6862 -16.7616
v -41.1680 34.7682 -17.7732
v -37.5529 34.8149 -17.8324
v -36.2573 34.8149 -17.8324
v -32.5735 33.7710 -17.7631
v -30.6358 34.2151 -16.9695
v -27.9982 33.8928 -17.3860
v -25.4414 33.9301 -16.4042
v -23.8648 33.9301 -16.8194
v -54.8140 36.2710 -17.4183
v -53.7735 36.2710 -16.1683
v -49.6393 35.3416 -17.7986
v -47.9064 35.2023 -16.7945
v -46.8452 35.0629 -15.7903
v -42.2610 36.2710 -17.8212
v -41.3317 36.2710 -17.8212
v -37.5529 35.4963 -17.8324
v -36.2573 35.4963 -17.8324
v -32.5665 35.7677 -17.7374
v -30.6246 35.8063 -16.8243
v -28.3872 36.5154 -16.2714
v -25.4451 36.2568 -16.8614
v -23.9651 35.6248 -16.8862
v -54.6576 37.9450 -17.8603
v -52.8220 38.6935 -16.7795
v -50.6420 39.3874 -17.4233
v -49.1440 39.7552 -17.9566
v -41.9218 37.6306 -18.0791
v -41.8690 37.6306 -18.0791
v -27.7172 37.7904 -15.9853
v -25.6063 38.0769 -16.8456
v -23.1694 39.0092 -17.0368
v -21.1164 39.3441 -16.3040
v -51.9263 40.0930 -15.6986
v -50.5686 41.0642 -16.2054
v -48.2432 41.3070 -17.1949
v -46.4311 42.1643 -17.3478
v -27.6198 42.0376 -16.8862
v -25.5211 41.8424 -16.7975
v -23.1694 41.2291 -17.4581
v -21.0486 41.2710 -16.4620
v -49.6862 42.9430 -15.8687
v -48.1420 42.9683 -15.8442
v -46.3467 43.6257 -16.6631
v -28.3331 43.7710 -16.8862
v -24.6071 42.6250 -15.9050
v -23.1420 42.8716 -16.1627
v -21.5431 42.8844 -16.0695
v -45.3062 45.8435 -16.8862
v -43.1420 46.3228 -16.8862
v -41.4582 46.7502 -16.8862
v -32.2614 47.4080 -17.8092
v -30.7966 46.7793 -16.9400
v -28.8554 45.4286 -16.8862
v -40.8914 48.7710 -16.8862
v -34.5055 49.8008 -18.0881
v -33.0339 48.7991 -17.1153
v -31.7329 47.7974 -16.1425
v -40.6379 51.2710 -16.8862
v -34.8021 51.2710 -17.6822
v -33.9207 51.2710 -16.4322
v -39.9547 52.9126 -16.8862
v -38.1420 53.1544 -16.8862
v -35.6520 52.7333 -16.8018
v -34.3492 52.5525 -15.9123
v -66.9540 57.4389 -15.6558
v -66.8629 57.4389 -15.6558
v -66.9540 57.5479 -15.6558
v -66.8629 57.5479 -15.6558
v 40.4374 -62.5868 -14.3862
v 41.8303 -62.6906 -14.3374
v 44.3112 -63.0578 -14.3374
v 46.3391 -63.0457 -14.3862
v 30.5221 -60.0516 -14.3862
v 31.8009 -60.2311 -14.5289
v 34.3580 -60.6049 -14.1027
v 36.3608 -60.4901 -13.7703
v 39.3877 -61.2290 -14.3862
v 42.6452 -62.1625 -13.4715
v 43.4467 -62.1625 -13.4715
v 47.5891 -61.7250 -14.3862
v 49.2717 -60.5190 -14.3159
v 50.8871 -60.2177 -13.4357
v 30.3533 -58.7290 -14.3862
v 32.5962 -59.8396 -15.4574
v 34.4748 -58.8953 -15.1882
v 37.0596 -58.9255 -14.1634
v 38.4811 -58.9255 -14.5041
v 50.0476 -59.4350 -15.1024
v 51.7755 -58.9130 -14.3159
v 54.2515 -57.7754 -14.2196
v 55.8060 -57.5390 -13.2751
v 30.2574 -56.2932 -14.4286
v 30.8843 -55.5027 -15.2903
v 35.3860 -57.2288 -15.2676
v 36.8580 -56.7863 -15.1946
v 39.4468 -55.8952 -14.8275
v 41.6594 -55.1960 -14.1857
v 43.1552 -55.0294 -13.2187
v 48.0204 -55.2415 -13.2277
v 48.2217 -55.2415 -13.2277
v 55.0140 -56.7370 -14.9418
v 56.2214 -56.0338 -14.2196
v 30.0183 -53.7290 -13.8340
v 31.1600 -53.7290 -15.0840
v 40.1848 -54.7325 -14.3862
v 41.6594 -54.7523 -14.1857
v 43.1552 -54.9300 -13.2187
v 48.0204 -54.6698 -13.2277
v 48.2217 -54.6698 -13.2277
v 56.9287 -53.7290 -14.3862
v 29.9094 -51.2290 -13.8601
v 31.8838 -51.2510 -14.7442
v 33.4188 -50.4323 -14.8510
v 45.5893 -50.0717 -13.8786
v 45.6311 -50.0717 -13.8786
v 52.9527 -50.1016 -13.5421
v 53.2337 -50.1016 -13.5421
v 57.6610 -51.2998 -14.6257
v 58.5962 -50.5137 -13.9521
v 30.1036 -49.6271 -13.6585
v 31.8580 -49.6705 -13.5640
v 33.8042 -48.9433 -14.1651
v 45.5214 -49.1218 -14.6610
v 45.7461 -49.1218 -14.6610
v 50.5711 -47.5187 -13.2227
v 51.8052 -48.6550 -13.3824
v 53.2337 -49.7913 -13.5421
v 58.0931 -49.9460 -15.6188
v 59.4009 -49.5306 -14.6257
v 61.8759 -48.3185 -14.3397
v 64.3580 -48.1641 -14.7794
v 66.1169 -47.9457 -14.9879
v 34.6171 -46.2290 -14.3862
v 45.4534 -47.2510 -15.4434
v 45.8612 -47.2510 -15.4434
v 50.5711 -47.4555 -13.2227
v 50.6577 -47.4555 -13.2227
v 58.0494 -45.1301 -15.5024
v 59.3127 -45.1762 -14.5700
v 61.8759 -46.1249 -13.7873
v 64.3580 -46.2290 -14.0598
v 66.1634 -46.2290 -14.8720
v 35.2121 -43.9223 -14.2635
v 36.8580 -43.2143 -15.0095
v 38.6309 -42.7205 -15.4217
v 43.1013 -42.9776 -13.1472
v 43.1153 -42.9776 -13.1472
v 57.9651 -43.7290 -15.1035
v 59.1688 -44.2206 -14.4752
v 61.8580 -44.5204 -14.9457
v 64.3580 -44.3610 -14.9167
v 65.8396 -44.6635 -15.2655
v 35.4522 -41.9751 -13.3484
v 36.7435 -41.1767 -13.9262
v 39.4217 -41.3801 -14.8030
v 41.8565 -41.2269 -13.9784
v 44.0487 -40.9504 -14.0805
v 45.9747 -40.0944 -13.3472
v 55.1979 -40.2438 -13.6532
v 56.8486 -41.3066 -14.3565
v 58.1737 -42.3694 -13.3931
v 37.5005 -39.7168 -13.6218
v 39.3580 -39.7803 -13.5055
v 40.6117 -39.9763 -13.1430
v 45.1480 -38.7678 -14.2628
v 45.9747 -39.6270 -13.3472
v 54.6040 -38.8594 -14.4464
v 55.7210 -39.7796 -15.3199
v 45.4899 -36.3478 -14.5496
v 46.8580 -35.5321 -13.6851
v 48.5116 -35.1017 -13.1791
v 53.6999 -36.2290 -14.3862
v 20.4474 -32.5085 -13.1851
v 20.6414 -32.5085 -13.1851
v 32.6759 -32.7117 -13.3837
v 33.9053 -32.7117 -13.3837
v 37.3022 -33.1828 -13.4368
v 39.3580 -33.1622 -13.4225
v 40.7131 -32.6862 -13.2173
v 45.5520 -34.8845 -15.4919
v 46.8580 -34.4813 -14.9351
v 49.3502 -34.3625 -14.1619
v 51.8580 -34.3180 -14.3862
v 53.3974 -34.6617 -14.3862
v 17.8734 -30.5486 -13.8270
v 19.5116 -31.3208 -14.0311
v 20.9015 -31.2290 -13.7367
v 30.3376 -30.2749 -13.2455
v 31.8487 -31.1566 -13.4831
v 34.5864 -31.4673 -13.6681
v 36.8156 -31.2952 -13.4953
v 39.3580 -31.8829 -13.4225
v 40.7131 -32.3657 -13.2173
v 17.8734 -29.2412 -13.8270
v 19.3580 -28.8291 -14.2181
v 20.9659 -29.1837 -13.8880
v 30.3376 -29.7079 -13.2455
v 31.8580 -29.3263 -13.3842
v 34.3580 -28.9812 -13.6155
v 37.0016 -28.5687 -13.3759
v 38.3275 -27.8897 -13.1979
v 33.0492 -25.1584 -13.1572
v 33.1804 -25.1584 -13.1572
v 37.6742 -27.3731 -13.1979
v 38.3275 -27.3731 -13.1979
v 20.3411 -22.8478 -13.3812
v 21.8580 -22.8016 -13.3491
v 23.1515 -22.5404 -13.1750
v 33.0492 -24.8507 -13.1572
v 33.1804 -24.8507 -13.1572
v 20.3249 -21.2290 -13.3956
v 21.8580 -21.2290 -13.5037
v 23.2694 -21.2290 -13.2442
v 20.4974 -19.8965 -13.2372
v 21.8580 -19.8036 -13.2908
v 23.2798 -19.8276 -13.2414
v -47.2591 24.7401 -14.3862
v -45.6420 24.4969 -14.3862
v -43.1420 23.8461 -14.3862
v -40.5412 24.0898 -14.2431
v -39.1239 24.7113 -14.9810
v -56.9457 27.4534 -14.8879
v -55.8867 27.0353 -14.1872
v -53.1533 26.6689 -14.5100
v -50.6420 26.8400 -13.7696
v -48.3659 26.3831 -14.2692
v -39.6406 25.2510 -13.3143
v -38.1698 26.1105 -14.3526
v -36.1496 26.9700 -13.7242
v -56.9457 27.7263 -14.8879
v -56.4887 28.6442 -14.1872
v -52.3275 28.0163 -15.4258
v -50.7346 28.8182 -14.9906
v -48.5097 28.7710 -14.9870
v -37.2157 27.8903 -15.3909
v -35.4466 28.2223 -14.4890
v -33.2407 29.4214 -14.3789
v -30.6420 29.8102 -13.5706
v -29.2525 29.8721 -13.3109
v -57.1050 32.1145 -13.4528
v -56.1741 31.2771 -14.3262
v -49.9629 30.4466 -15.3823
v -47.9926 31.3283 -14.8131
v -45.7068 32.0490 -14.5685
v -44.2953 32.4430 -15.5233
v -32.4732 30.2246 -15.2074
v -30.6543 31.1431 -14.5007
v -29.2747 31.2710 -13.2884
v -57.3530 33.7710 -13.7806
v -55.5721 33.9091 -15.0956
v -54.2416 34.8345 -15.5426
v -47.5724 33.7710 -14.3862
v -45.6040 33.5709 -14.5685
v -44.2953 32.6041 -15.5233
v -29.9581 33.7710 -14.7697
v -29.2546 33.7710 -13.5197
v -24.4743 34.8694 -15.6003
v -24.3276 34.8694 -15.6003
v -57.2634 36.2710 -13.6426
v -55.6767 36.4372 -13.9852
v -53.4318 36.4372 -14.5801
v -47.0388 35.1825 -14.3862
v -46.7635 35.1825 -14.3862
v -34.4662 37.4393 -13.2146
v -34.2653 37.4393 -13.2146
v -29.7098 35.8450 -15.2859
v -28.4715 36.6373 -14.3662
v -25.6401 36.2940 -14.5234
v -24.3276 35.1583 -15.6003
v -56.9855 37.5911 -13.2688
v -56.5331 37.5911 -13.2688
v -52.4296 38.7710 -14.3862
v -46.9753 39.9412 -13.3409
v -46.8443 39.9412 -13.3409
v -41.9040 39.9975 -13.1586
v -41.8828 39.9975 -13.1586
v -34.4662 37.7960 -13.2146
v -34.2653 37.7960 -13.2146
v -27.7172 37.7904 -15.1131
v -25.7473 38.6214 -14.2905
v -23.1420 39.0870 -14.7338
v -21.1164 39.3441 -14.9348
v -52.2671 40.6932 -14.3862
v -51.4731 41.9432 -14.3862
v -46.9753 40.0893 -13.3409
v -45.6548 41.2795 -13.2598
v -43.1278 41.2501 -13.1686
v -41.8828 40.0304 -13.1586
v -27.5809 41.9868 -14.3862
v -25.4812 41.3316 -14.4658
v -23.1420 41.2710 -14.1792
v -21.0486 41.2710 -14.6848
v -50.4973 43.7742 -14.5373
v -48.1420 44.2183 -15.4549
v -45.4984 44.0243 -14.3976
v -44.0251 43.7710 -13.5263
v -32.5032 44.9653 -13.1771
v -30.6420 44.8508 -13.7504
v -28.9368 43.9182 -14.6030
v -24.6071 42.6250 -15.4638
v -23.1420 42.8716 -15.0815
v -21.5431 42.8844 -15.0690
v -50.0064 46.2710 -13.7093
v -48.1614 46.4694 -14.0486
v -45.6462 45.5586 -14.5865
v -43.1228 45.7801 -14.4227
v -41.6460 46.9741 -14.3862
v -32.5741 46.2710 -13.5688
v -30.7966 46.0295 -14.9492
v -29.3816 45.0352 -15.5809
v -49.4772 47.5764 -13.2319
v -49.0077 47.5764 -13.2319
v -40.9257 48.7710 -14.3862
v -32.5141 48.6868 -14.4578
v -31.7329 47.7974 -15.3389
v -49.4133 52.5041 -13.1542
v -48.1420 52.4638 -13.1975
v -46.7924 52.4615 -13.1999
v -40.1291 51.3161 -14.2205
v -38.1420 52.0707 -13.4728
v -36.5526 52.2621 -13.4445
v -33.4095 51.2710 -14.3862
v -67.3634 54.7242 -13.6246
v -66.5414 54.7242 -13.6246
v -54.9050 54.6125 -13.4836
v -53.1420 54.6089 -13.5034
v -50.4048 53.9364 -13.2611
v -48.1420 53.7710 -13.3017
v -46.7082 53.7710 -13.2522
v -39.9141 52.9015 -14.9434
v -38.1420 53.0057 -14.7228
v -35.6884 52.8323 -14.3212
v -34.1055 52.7107 -14.3862
v -67.6731 56.4717 -14.4292
v -66.3830 56.4717 -14.4292
v -57.0459 57.2547 -13.2338
v -55.6998 56.3612 -13.4763
v -53.1420 56.2710 -13.9291
v -50.6420 56.2710 -13.6602
v -48.2904 56.1663 -13.2573
v -46.7466 55.2632 -13.2272
v -67.5148 58.0467 -14.3862
v -66.5187 58.0467 -14.3862
v -57.0459 57.7520 -13.2338
v -55.6420 57.9152 -13.3008
v -53.1420 58.1629 -13.5619
v -50.6420 58.1362 -13.5176
v -49.2226 57.7799 -13.1991
v -67.0712 64.6969 -13.3420
v -65.6420 64.4863 -13.4613
v -64.0717 64.6322 -13.3637
v -67.0712 65.3946 -13.3420
v -65.6420 65.8887 -13.4613
v -64.0717 65.8043 -13.3637
v 32.8895 -62.7162 -10.8555
v 34.3580 -62.6814 -10.8397
v 35.6409 -62.5117 -10.6883
v 40.4939 -62.5676 -12.9088
v 40.9785 -62.5676 -12.9088
v 45.1133 -62.7289 -12.8708
v 45.8656 -62.7289 -12.8708
v 30.4856 -60.1055 -11.8862
v 32.3186 -60.8382 -11.3735
v 33.8507 -61.1077 -11.5011
v 36.8342 -61.0737 -11.5448
v 39.3378 -61.0475 -11.8217
v 41.8303 -61.8885 -11.9998
v 44.3112 -61.8610 -11.9770
v 46.7625 -61.6028 -11.9770
v 49.3580 -61.0535 -11.8862
v 51.3284 -60.5835 -11.8862
v 29.8447 -58.7290 -11.8862
v 32.8881 -59.7675 -10.7163
v 33.1743 -59.7675 -10.7163
v 38.0274 -59.8899 -12.4013
v 38.1817 -59.8899 -12.4013
v 52.5784 -59.1295 -11.8862
v 54.1858 -57.8354 -12.0227
v 55.8060 -57.5390 -12.9471
v 29.8797 -56.2098 -11.7441
v 30.7396 -55.3636 -10.8160
v 40.1223 -55.6431 -11.8862
v 41.7780 -55.5405 -12.1036
v 43.1552 -55.0294 -13.0819
v 48.0204 -55.2415 -12.9353
v 48.2217 -55.2415 -12.9353
v 54.9043 -57.0775 -11.2804
v 56.4148 -56.2381 -12.0227
v 30.0183 -53.7290 -12.1307
v 30.8286 -53.7290 -10.8807
v 40.1223 -54.3862 -11.8862
v 41.7780 -54.4753 -12.1036
v 43.1552 -54.9300 -13.0819
v 48.0204 -54.6698 -12.9353
v 48.2217 -54.6698 -12.9353
v 57.2475 -53.7290 -11.8862
v 29.9094 -51.2290 -12.1222
v 30.9012 -51.2290 -10.8722
v 45.5893 -50.0717 -13.1002
v 45.6311 -50.0717 -13.1002
v 52.9527 -50.1016 -12.9958
v 53.2337 -50.1016 -12.9958
v 57.3308 -51.2998 -11.8615
v 58.5962 -50.5137 -12.6783
v 30.1036 -49.6271 -12.4713
v 31.6319 -48.9400 -11.8034
v 33.3369 -48.2529 -12.8021
v 45.5805 -48.7265 -11.8815
v 45.6289 -48.7265 -11.8815
v 50.5537 -47.5327 -11.8862
v 51.6482 -48.5007 -12.3617
v 53.2337 -49.7913 -12.9958
v 57.3982 -48.7290 -11.1025
v 59.4009 -48.7712 -12.2764
v 61.0545 -47.9659 -12.7482
v 32.5240 -46.2290 -11.1566
v 33.5773 -46.2290 -12.4066
v 45.5716 -47.4500 -10.6629
v 45.6266 -47.4500 -10.6629
v 50.5537 -47.4407 -11.8862
v 50.6699 -47.4407 -11.8862
v 57.4208 -46.2290 -11.2204
v 59.4051 -46.1249 -12.3708
v 61.0545 -46.8889 -12.7482
v 33.0254 -43.7290 -10.7890
v 34.4489 -43.2029 -11.4564
v 35.6393 -42.5015 -10.6797
v 43.1013 -42.9776 -13.1251
v 43.1153 -42.9776 -13.1251
v 50.5557 -42.5038 -10.7579
v 51.8580 -42.5812 -11.0782
v 53.3440 -42.5906 -11.1038
v 57.4700 -44.2673 -11.1690
v 58.8214 -43.5520 -11.9559
v 64.9922 -42.5612 -10.7531
v 66.8580 -42.7670 -11.0349
v 68.4812 -42.7808 -11.0509
v 33.0959 -42.4695 -10.6453
v 34.4739 -42.2223 -11.4958
v 36.5699 -41.1865 -11.6778
v 39.3580 -40.5339 -11.5338
v 41.8565 -41.1728 -12.2925
v 44.1123 -41.3424 -12.1295
v 45.9717 -40.1334 -11.8862
v 50.5557 -42.4483 -10.7579
v 51.8580 -42.3167 -11.0782
v 54.2710 -41.2685 -12.0479
v 56.8580 -40.7204 -12.7837
v 59.2883 -41.5697 -11.9048
v 61.8580 -41.1729 -11.3996
v 64.4143 -41.4447 -11.0220
v 66.8488 -41.2573 -11.0438
v 68.5007 -41.2290 -11.0580
v 37.5005 -39.7168 -12.6760
v 39.3580 -39.7803 -12.7838
v 40.6117 -39.9763 -13.1266
v 44.9922 -38.4117 -11.8862
v 45.9717 -39.6617 -11.8862
v 52.9117 -37.7361 -11.4417
v 54.1549 -38.5653 -12.2169
v 56.8580 -39.0578 -11.5337
v 59.3580 -39.0762 -11.2891
v 61.8580 -38.9714 -11.3996
v 63.8364 -39.1955 -11.2910
v 67.6761 -39.8131 -10.7839
v 68.2583 -39.8131 -10.7839
v 40.5709 -34.9858 -10.6566
v 41.8580 -35.4127 -10.9085
v 44.3641 -36.4054 -11.8285
v 46.9373 -35.5346 -11.8614
v 49.3502 -35.3937 -12.0721
v 51.9902 -36.2069 -11.8574
v 53.3520 -36.2290 -12.8678
v 20.4474 -32.5085 -12.7789
v 20.6414 -32.5085 -12.7789
v 32.2555 -32.7496 -11.8862
v 33.9384 -32.7496 -11.8862
v 37.1592 -33.3989 -11.8862
v 39.5857 -34.3393 -11.6485
v 41.8713 -33.4843 -11.6510
v 44.3580 -34.2263 -11.1746
v 46.1569 -34.6720 -11.0115
v 50.1783 -34.9339 -13.0294
v 51.8580 -34.6810 -12.8086
v 53.4295 -34.6268 -12.8062
v 17.7566 -30.7661 -11.8862
v 19.5116 -32.0255 -11.9218
v 21.6370 -31.2790 -11.8541
v 23.6892 -30.2178 -10.9294
v 29.8765 -30.8057 -11.8862
v 31.0055 -32.0557 -11.8862
v 35.1884 -32.1519 -11.8862
v 36.8034 -31.2858 -12.3133
v 39.3580 -30.6329 -12.5014
v 41.2772 -31.4110 -11.7804
v 17.6704 -28.5363 -12.0783
v 19.3580 -27.5791 -13.0311
v 21.8227 -28.5018 -12.4279
v 24.4567 -28.8083 -11.1438
v 26.8580 -28.3731 -11.2042
v 29.2870 -28.9151 -11.8955
v 31.8580 -28.0763 -12.7460
v 34.3580 -27.7312 -12.9671
v 37.0016 -28.5687 -12.9455
v 39.2397 -28.7254 -12.4360
v 41.0843 -28.7290 -11.2010
v 17.9006 -26.2290 -11.1999
v 19.3580 -26.2290 -12.1014
v 21.8580 -26.2290 -11.9988
v 24.4513 -26.1995 -11.1947
v 27.0724 -26.1995 -11.1016
v 29.3580 -26.2290 -11.5162
v 32.0727 -26.0867 -12.5059
v 34.1514 -26.0867 -12.7638
v 36.9057 -26.2734 -12.0413
v 39.2043 -26.2734 -11.8739
v 41.1431 -26.2290 -11.2428
v 18.0924 -24.9536 -10.6510
v 19.4667 -23.9007 -11.6830
v 21.8580 -24.0516 -12.4790
v 23.9214 -23.5159 -11.8631
v 27.8326 -23.7290 -10.6829
v 29.1482 -23.8532 -10.8554
v 32.1534 -23.9767 -11.8443
v 34.2714 -23.7421 -11.9119
v 36.1372 -24.3002 -11.0744
v 40.0811 -24.7400 -10.9322
v 40.9417 -24.7400 -10.9322
v 20.1721 -21.0437 -11.8138
v 20.6973 -20.0868 -10.9322
v 24.1727 -21.2290 -11.8862
v 27.8000 -22.4270 -10.6802
v 28.1750 -22.4270 -10.6802
v 32.9242 -22.3471 -11.0827
v 33.6957 -22.3471 -11.0827
v 20.4974 -19.8965 -12.5989
v 21.6616 -19.5893 -11.8138
v 23.5850 -19.5537 -11.8862
v -54.4884 24.8875 -10.7985
v -53.1420 24.6266 -11.1716
v -51.4693 24.6286 -11.1878
v -47.0711 24.8953 -12.8828
v -45.5448 24.7559 -11.9841
v -43.2026 24.5491 -11.8821
v -41.3073 24.5505 -12.7127
v -37.3119 24.8909 -10.9682
v -36.6609 24.8909 -10.9682
v -56.9915 27.4381 -11.3919
v -55.6858 26.3710 -11.9285
v -53.1420 25.3496 -12.4216
v -50.6384 25.7075 -11.9672
v -47.9995 25.9844 -11.9841
v -46.3133 25.6376 -11.2161
v -42.4096 25.3082 -11.0461
v -40.5412 25.6033 -11.8821
v -38.1440 25.6004 -11.8354
v -35.5719 26.2338 -11.9871
v -34.1266 27.1643 -11.3393
v -59.4231 29.9824 -10.6558
v -58.1507 28.8490 -11.0239
v -56.3229 28.6377 -12.0896
v -47.2796 29.4834 -10.8267
v -46.7259 29.4834 -10.8267
v -34.4830 27.6210 -13.0060
v -33.2636 28.7549 -12.0088
v -30.6420 29.8102 -12.5100
v -29.2525 29.8721 -12.7591
v -59.4231 30.0900 -10.6558
v -58.2075 31.1022 -11.6511
v -56.1390 31.2771 -11.8423
v -47.3087 31.4496 -11.6904
v -46.6545 31.4496 -11.6904
v -32.4005 30.3127 -11.0116
v -30.4299 31.1960 -11.3826
v -29.2747 31.2710 -12.5376
v -57.3530 33.7710 -12.3218
v -56.3301 33.7710 -11.0718
v -47.3240 33.7710 -12.5585
v -46.5670 33.7710 -12.5585
v -32.0288 34.9019 -10.6857
v -30.4299 33.9496 -11.2075
v -29.2546 33.7710 -12.5633
v -57.2634 36.2710 -12.5358
v -55.7262 36.7468 -12.0204
v -53.6164 37.3813 -12.9998
v -47.0222 35.1944 -12.9480
v -46.7675 35.1944 -12.9480
v -34.4662 37.4393 -13.0487
v -33.1471 36.2688 -11.8672
v -30.4070 36.0673 -10.9693
v -28.2923 36.4662 -12.3838
v -26.8060 37.4297 -13.0432
v -56.9855 37.5911 -12.9317
v -55.6249 38.2653 -11.9929
v -53.5347 38.7710 -12.5389
v -49.9153 39.8262 -10.9554
v -47.9622 39.8837 -11.9755
v -46.8443 39.9412 -12.9956
v -42.1785 39.8480 -11.8862
v -41.6888 39.8480 -11.8862
v -34.4662 37.7960 -13.0487
v -34.2653 37.7960 -13.0487
v -29.5962 38.7710 -10.8898
v -28.1420 38.7710 -11.7059
v -26.4249 38.7710 -12.7023
v -54.5551 40.6235 -10.8095
v -53.3294 41.5677 -11.9659
v -50.8940 41.4374 -12.0388
v -47.9622 40.2261 -11.9755
v -45.6548 41.2795 -13.0397
v -43.1098 41.2144 -12.3995
v -41.6888 40.2729 -11.8862
v -30.0176 41.2710 -11.0638
v -28.0735 41.3524 -12.1870
v -26.3553 40.5734 -12.6506
v -52.6342 43.0145 -11.4556
v -51.5438 43.8171 -12.1278
v -44.6187 43.7710 -12.8860
v -44.0251 43.7710 -12.8860
v -39.5398 44.7478 -10.7702
v -39.0393 44.7478 -10.7702
v -34.6197 44.9458 -11.2784
v -33.3605 44.9556 -12.1331
v -30.3578 43.9726 -12.0223
v -28.4502 43.8764 -11.8600
v -25.6420 44.6055 -11.0155
v -23.9017 44.7473 -10.8356
v -20.1052 44.4106 -11.2683
v -18.6630 44.4106 -11.2683
v -50.1065 46.1810 -12.0742
v -48.1614 46.6840 -12.0742
v -45.5294 45.7663 -11.9674
v -42.9635 46.2994 -11.8694
v -40.5808 46.1537 -11.6603
v -39.0393 45.1333 -10.7702
v -34.6197 45.1493 -11.2784
v -33.2785 45.7903 -12.1485
v -30.6420 46.2710 -12.3615
v -28.1420 46.2710 -11.9157
v -25.6420 46.2710 -11.6803
v -23.0978 46.2782 -11.2086
v -20.8054 46.4206 -11.0460
v -18.6630 45.7248 -11.2683
v -49.4772 47.5764 -13.0329
v -49.0077 47.5764 -13.0329
v -42.4275 48.7710 -11.1996
v -41.2951 48.7710 -12.4496
v -34.6904 49.8374 -10.8055
v -33.1199 48.8502 -11.8216
v -30.6420 48.1019 -11.3713
v -28.1420 48.1193 -11.2095
v -25.6420 48.1506 -11.3010
v -23.1420 48.0667 -11.2022
v -21.5057 47.7743 -10.8237
v -49.4133 52.5041 -12.9561
v -48.3055 52.3284 -12.0282
v -45.8323 52.1771 -11.6927
v -43.2653 51.3597 -11.2000
v -40.5522 51.3636 -11.8923
v -38.1420 51.3385 -11.8862
v -35.6215 51.2234 -11.8410
v -33.8808 51.2710 -12.4434
v -67.4948 54.6418 -11.8862
v -66.4317 54.6418 -11.8862
v -55.2265 54.4541 -11.8862
v -53.0106 54.4830 -11.8076
v -50.4048 53.9364 -12.4308
v -49.2413 53.7710 -11.4152
v -45.4582 53.7710 -12.0758
v -43.3039 53.7074 -10.9931
v -41.4048 52.8316 -10.9782
v -34.8860 52.7425 -12.8765
v -34.0529 52.7425 -12.8765
v -69.4941 57.2801 -11.2623
v -68.8353 56.3765 -12.0119
v -65.2426 56.2476 -11.9280
v -63.1420 57.0222 -11.1282
v -61.2559 57.3117 -10.8059
v -57.5555 56.8040 -11.8862
v -56.4765 55.5540 -11.8862
v -52.0897 55.2269 -10.9219
v -50.6420 55.4382 -11.1395
v -48.4456 56.1506 -11.8283
v -45.8926 56.0444 -11.7149
v -44.2451 55.1590 -10.7948
v -69.4941 58.3316 -11.2623
v -68.5229 59.0966 -12.1120
v -65.6108 58.9254 -12.4580
v -63.1420 58.7710 -11.5461
v -60.5103 58.5647 -11.2891
v -58.1677 58.5063 -11.9314
v -55.6420 59.1652 -12.6124
v -53.1420 59.4129 -12.5622
v -50.6420 59.3862 -12.4755
v -48.2904 58.6763 -12.5614
v -46.1836 58.7710 -11.4065
v -67.8646 61.2710 -11.4113
v -65.6420 61.2710 -11.9433
v -63.0957 61.3129 -11.2613
v -60.5919 61.3129 -11.2786
v -58.1451 61.2927 -11.2818
v -55.7145 61.2927 -11.6851
v -53.1420 61.2710 -12.4960
v -50.6161 61.1940 -11.5867
v -47.9280 61.1940 -11.3838
v -46.2751 61.2710 -11.1845
v -67.2167 63.9679 -11.7281
v -66.1524 63.9517 -11.7799
v -63.5098 63.7877 -11.9270
v -59.7252 63.1894 -10.7885
v -58.9805 63.1894 -10.7885
v -54.9294 63.0330 -11.4161
v -53.1420 63.3409 -11.8200
v -51.4322 63.1022 -11.4346
v -46.9520 62.5450 -10.6723
v -46.8273 62.5450 -10.6723
v -67.0712 65.3946 -12.4454
v -65.7553 66.4328 -11.9304
v -63.5307 66.4910 -12.1037
v -64.6776 67.7151 -11.4154
v -63.9329 67.7151 -11.4154
v 42.7743 -70.0255 -8.2047
v 43.1578 -70.0255 -8.2047
v 40.5200 -67.9915 -8.2935
v 41.9077 -68.7865 -8.6963
v 43.5405 -68.7290 -8.7183
v 40.5012 -66.2290 -8.2913
v 41.8580 -66.2290 -8.9551
v 43.6807 -66.2290 -8.8000
v 32.7827 -62.8322 -9.3862
v 34.3580 -63.0192 -9.3862
v 36.0172 -62.6660 -9.3862
v 40.4701 -63.7290 -8.2301
v 41.7165 -63.6544 -8.3178
v 44.2351 -63.5535 -8.3304
v 46.8580 -62.9792 -8.6801
v 48.5274 -62.9559 -8.6504
v 30.4863 -60.1105 -10.3242
v 32.1136 -60.8259 -9.7882
v 33.1767 -60.1125 -9.3862
v 37.2672 -61.5434 -9.3862
v 39.5303 -61.5058 -9.1816
v 41.7165 -61.9649 -9.1816
v 44.3184 -61.9374 -9.2628
v 46.8580 -61.9365 -9.9301
v 49.3596 -61.8551 -9.4447
v 51.4491 -60.6763 -9.3862
v 27.4291 -57.9460 -8.9620
v 29.3133 -58.8699 -9.6431
v 31.9761 -59.7104 -9.4490
v 33.1767 -59.7822 -9.3862
v 52.6991 -59.1488 -9.3862
v 53.3893 -57.8988 -9.3862
v 25.3533 -55.5695 -8.5371
v 26.7006 -56.3333 -9.2357
v 29.1274 -56.2098 -10.2895
v 30.7396 -55.3636 -10.2934
v 40.1209 -55.5988 -9.3862
v 40.9053 -55.5988 -9.3862
v 54.6393 -56.9475 -9.3862
v 56.2357 -55.6975 -9.3862
v 25.3533 -54.5946 -8.5371
v 26.9659 -53.7484 -8.8286
v 29.2957 -53.7830 -8.8823
v 31.0203 -53.7830 -9.4305
v 40.1209 -54.4226 -9.3862
v 40.9053 -54.4226 -9.3862
v 55.3589 -52.6570 -8.4615
v 56.3428 -53.5858 -9.3314
v 27.8712 -52.2052 -8.2834
v 28.4209 -52.2052 -8.2834
v 31.3930 -51.2290 -9.3862
v 40.4793 -50.1641 -8.2915
v 40.6646 -50.1641 -8.2915
v 55.3589 -52.0492 -8.4615
v 56.0251 -51.2211 -9.3314
v 31.4710 -48.7290 -9.3862
v 40.4793 -49.4700 -8.2915
v 41.6140 -48.5081 -8.3103
v 44.4067 -47.5268 -9.4709
v 46.8558 -47.5120 -9.3836
v 49.3536 -47.5138 -9.3696
v 50.6409 -47.5110 -10.5846
v 56.8025 -48.7290 -9.3862
v 59.8414 -48.0729 -8.5452
v 61.4270 -48.0729 -8.5452
v 31.9656 -46.2290 -9.3862
v 42.5635 -47.3669 -8.3291
v 44.4067 -47.4085 -9.4709
v 46.8558 -47.4480 -9.3836
v 49.3536 -47.4487 -9.3696
v 50.6409 -47.4514 -10.5846
v 57.1998 -46.2290 -9.3862
v 59.5213 -46.2290 -8.7129
v 62.0994 -46.4636 -8.7648
v 63.3817 -45.7867 -8.4149
v 32.4138 -43.7290 -9.3862
v 35.1623 -42.5015 -10.5774
v 36.8140 -42.5042 -9.3898
v 38.1570 -42.5070 -8.2022
v 43.0455 -42.5357 -8.2008
v 43.2484 -42.5357 -8.2008
v 50.5557 -42.5038 -10.5679
v 51.8580 -42.5812 -10.3793
v 54.1809 -42.7500 -9.5248
v 56.9889 -43.5600 -9.0868
v 59.3309 -43.5250 -9.5367
v 61.8580 -43.7290 -9.7958
v 64.1869 -43.4893 -9.5088
v 66.8580 -43.1644 -9.3862
v 68.7450 -42.8991 -9.3862
v 32.8008 -42.2310 -9.3862
v 34.3406 -42.2055 -9.6009
v 36.8140 -42.2091 -9.3898
v 39.1374 -41.6819 -9.1758
v 42.0705 -41.6705 -9.1749
v 44.2916 -41.0575 -9.3308
v 45.7262 -40.0694 -10.4608
v 50.5557 -42.4483 -10.5679
v 51.8580 -42.3167 -10.3793
v 54.2882 -41.6851 -9.4026
v 56.5238 -41.2290 -8.6831
v 60.4028 -42.4367 -10.5772
v 61.8580 -42.4229 -10.5668
v 64.4143 -41.4447 -10.5629
v 66.0095 -40.4429 -10.5231
v 69.0564 -41.2290 -9.3862
v 14.9870 -37.7940 -8.2111
v 15.8348 -37.7940 -8.2111
v 42.6662 -37.6822 -8.5766
v 44.2926 -38.7951 -9.5187
v 45.7262 -39.9079 -10.4608
v 50.4301 -37.5983 -8.3432
v 51.9902 -37.8115 -9.2604
v 54.4728 -38.8892 -9.2429
v 56.9096 -39.1230 -9.2429
v 59.3580 -38.5455 -9.3862
v 61.7659 -37.8674 -9.5898
v 64.5451 -38.5089 -10.3066
v 66.8488 -38.8795 -9.9575
v 68.4174 -38.8795 -9.2407
v 14.9870 -37.0675 -8.2111
v 15.8348 -37.0675 -8.2111
v 30.3591 -35.1145 -8.4871
v 30.9086 -35.1145 -8.4871
v 35.4829 -35.0214 -8.2211
v 35.6789 -35.0214 -8.2211
v 40.4897 -35.2536 -9.3862
v 41.8429 -36.5416 -9.4004
v 43.2505 -37.2171 -10.2432
v 47.8236 -35.1676 -10.5019
v 49.5778 -36.0965 -9.4225
v 51.2450 -37.0254 -10.0099
v 60.5802 -35.0523 -8.1545
v 61.7659 -36.0230 -8.7732
v 64.3578 -36.2231 -9.0469
v 66.8580 -37.0823 -8.6226
v 68.2084 -37.3766 -8.3103
v 29.9678 -33.7290 -9.0028
v 31.6560 -33.5065 -9.5472
v 34.4504 -33.5065 -9.3360
v 36.8095 -33.4173 -9.2960
v 39.1260 -33.7927 -9.3201
v 43.0295 -32.6157 -10.5322
v 44.3580 -32.9763 -9.9553
v 46.9373 -33.7948 -9.9315
v 49.4786 -33.7591 -9.1111
v 51.1588 -32.9458 -8.4651
v 60.5802 -34.9166 -8.1545
v 61.8580 -34.4936 -8.3654
v 63.5243 -34.3942 -8.4236
v 17.5112 -30.7199 -9.3862
v 19.3843 -30.9885 -9.3329
v 21.9081 -30.5903 -9.3329
v 23.9073 -30.2222 -9.3862
v 27.3565 -30.5926 -8.8403
v 29.1198 -31.5223 -9.7239
v 30.7368 -32.4519 -10.6074
v 35.0846 -32.0624 -10.4509
v 36.9743 -32.1088 -9.4468
v 38.2957 -32.1553 -8.4427
v 42.6156 -31.2290 -10.1440
v 44.3642 -31.4458 -8.7601
v 46.8219 -31.4458 -8.7573
v 49.3580 -31.2290 -9.1921
v 51.1458 -31.2290 -8.4379
v 15.5458 -27.7309 -8.1812
v 16.4741 -28.6302 -9.1632
v 20.2351 -29.6845 -8.4640
v 21.1082 -29.6845 -8.4640
v 25.1573 -29.6981 -9.3862
v 26.6571 -29.6402 -9.5587
v 28.2363 -29.7890 -10.5070
v 42.3343 -28.7290 -9.8471
v 43.6378 -28.7290 -8.5971
v 47.7019 -28.7290 -8.4767
v 49.1651 -28.8994 -8.4526
v 50.7742 -29.8464 -8.2095
v 15.5458 -27.4369 -8.1812
v 16.7971 -26.4537 -9.1632
v 25.3813 -25.2744 -9.3862
v 26.2059 -25.2744 -9.3862
v 37.8038 -25.1736 -10.2454
v 39.4338 -25.1576 -9.2452
v 41.7981 -26.1354 -9.1907
v 43.3873 -27.1294 -8.4698
v 48.0434 -27.4379 -8.1815
v 48.2031 -27.4379 -8.1815
v 17.9150 -24.6863 -9.3862
v 19.3985 -23.4511 -9.3386
v 21.8580 -22.9556 -8.5250
v 24.6005 -23.5161 -9.1004
v 26.4015 -23.9634 -9.5703
v 29.5959 -23.4870 -9.3862
v 31.9977 -23.4831 -9.4332
v 34.6389 -22.7210 -9.2593
v 36.7195 -23.6143 -9.2330
v 39.4338 -24.6675 -9.2452
v 40.9417 -24.7400 -9.9117
v 20.2589 -21.7535 -10.1402
v 21.6616 -21.0437 -9.7305
v 24.4279 -21.5347 -9.4404
v 26.9232 -21.9727 -9.5703
v 28.3459 -22.2487 -9.3862
v 32.9242 -22.3471 -10.2979
v 34.6389 -22.4097 -9.2593
v 35.6351 -22.4723 -8.2206
v 22.3640 -19.5633 -10.2749
v 23.5722 -19.5633 -10.2749
v -44.8322 17.2123 -8.5155
v -44.0007 17.2123 -8.5155
v -45.1274 18.7710 -8.8606
v -43.6449 18.7710 -8.8606
v -45.0734 21.2710 -8.6797
v -43.7689 21.2710 -8.6797
v -39.3997 22.5176 -8.1406
v -39.3841 22.5176 -8.1406
v -54.5152 24.8245 -9.3862
v -53.1420 24.1398 -9.3862
v -50.6384 24.4007 -9.2809
v -48.9663 24.9001 -8.3774
v -45.1136 23.9560 -9.2191
v -43.2878 23.9392 -9.3119
v -40.3966 23.7879 -8.8455
v -38.2112 24.2510 -9.2779
v -36.6609 24.8909 -10.1645
v -57.0689 27.4322 -9.3862
v -55.4427 26.5435 -8.9530
v -54.2138 27.0252 -8.3755
v -49.8027 25.4065 -10.0441
v -48.1366 25.7315 -9.2809
v -46.2678 25.6201 -9.3862
v -42.4096 25.3082 -10.3493
v -40.6420 25.5764 -10.2696
v -38.0184 25.3763 -9.4660
v -35.5397 26.2213 -9.1620
v -34.1266 27.1643 -9.8263
v -59.9060 29.5117 -9.3862
v -58.0293 28.7419 -9.8167
v -55.7218 28.5568 -9.3832
v -54.2138 27.7313 -8.3755
v -47.2796 29.4834 -10.4329
v -46.7259 29.4834 -10.4329
v -34.4186 27.5438 -8.1596
v -33.5428 28.5346 -9.1502
v -60.2675 31.0624 -9.4607
v -58.3428 31.0624 -9.8834
v -56.3096 31.2710 -9.9146
v -47.2796 30.5844 -10.4329
v -46.7259 30.5844 -10.4329
v -32.2796 30.2431 -9.3862
v -30.8325 31.4931 -9.3862
v -59.9873 33.7710 -8.5556
v -58.2404 33.7279 -8.5416
v -56.3725 33.7279 -9.2061
v -32.4761 34.7640 -9.3862
v -30.8325 33.5140 -9.3862
v -59.4120 35.0585 -8.1545
v -59.1393 35.0585 -8.1545
v -55.8831 36.2710 -9.3862
v -32.4761 35.2594 -9.3862
v -30.9125 36.5095 -9.3862
v -19.5560 37.3955 -8.1722
v -19.3440 37.3955 -8.1722
v -55.3486 38.7710 -9.3862
v -49.9153 39.8262 -10.2377
v -48.9490 39.8262 -10.2377
v -44.6502 39.7986 -8.4892
v -43.2131 39.8062 -9.4418
v -41.6303 39.8139 -10.3944
v -30.1440 38.7710 -9.3862
v -27.5051 39.2854 -8.5636
v -25.6420 38.9543 -8.6198
v -24.1820 39.3343 -8.3536
v -19.5560 37.5793 -8.1722
v -19.3440 37.5793 -8.1722
v -54.7889 41.3825 -9.5715
v -54.3009 42.2902 -10.5283
v -49.9153 40.3628 -10.2377
v -48.9490 40.3628 -10.2377
v -44.6502 40.4324 -8.4892
v -43.2131 40.3900 -9.4418
v -41.6303 40.3475 -10.3944
v -30.6728 41.2710 -9.3862
v -27.4008 41.2710 -8.4941
v -25.6420 41.2710 -8.9434
v -23.7681 41.2710 -8.5855
v -54.6005 43.7710 -8.7262
v -53.3852 43.9719 -9.3629
v -50.6150 44.5778 -9.4209
v -48.9611 44.7138 -8.6107
v -44.7631 44.5636 -8.3895
v -43.7873 44.5636 -8.3895
v -39.5398 44.7478 -10.5213
v -39.0393 44.7478 -10.5213
v -34.6197 44.9458 -10.0320
v -33.4492 44.7824 -9.3506
v -30.7582 43.7103 -9.2570
v -28.1270 43.7712 -9.0154
v -25.6420 43.3555 -9.7098
v -23.0026 43.7544 -9.4413
v -20.8199 43.9409 -9.4733
v -17.9546 44.2407 -9.3384
v -16.8222 44.9281 -8.4732
v -54.4119 45.0377 -8.1974
v -54.1362 45.0377 -8.1974
v -49.7637 45.2877 -10.2773
v -48.1335 45.3860 -9.4209
v -45.6147 45.4682 -9.2882
v -42.8856 46.2007 -9.3890
v -40.6029 46.0550 -9.6215
v -39.0393 45.1333 -10.5213
v -34.6197 45.1493 -10.0320
v -33.2907 45.7903 -9.2500
v -30.5931 46.1414 -8.5832
v -29.2968 45.2217 -8.1782
v -22.2350 45.4497 -10.3647
v -20.8054 46.4206 -10.4097
v -17.9454 46.2808 -9.4639
v -16.8222 45.1700 -8.4732
v -72.1976 49.3396 -8.2700
v -71.2761 49.3396 -8.2700
v -44.8079 49.4672 -8.7595
v -43.0823 48.5860 -9.5740
v -41.6659 47.7048 -8.7218
v -36.9614 49.9544 -8.3892
v -35.5711 49.6449 -9.2880
v -32.9816 48.3900 -9.2382
v -30.5931 48.0445 -9.2382
v -28.1420 48.4749 -9.3862
v -25.6984 49.2503 -9.4172
v -23.1420 49.3167 -10.1102
v -20.6602 48.6729 -9.8435
v -19.0026 48.7710 -8.6476
v -72.1976 50.3161 -8.2700
v -71.2761 50.3161 -8.2700
v -57.2234 52.2212 -8.7501
v -55.6420 52.2566 -8.6842
v -53.1420 52.2747 -8.5557
v -51.3369 52.2454 -8.5787
v -47.4122 52.3359 -9.3862
v -45.6416 51.2115 -9.5102
v -44.1809 50.5854 -10.4262
v -39.7381 52.2144 -10.3792
v -37.6360 51.1525 -9.2672
v -36.5592 51.0778 -9.1675
v -25.1955 51.2710 -8.6983
v -23.0532 51.3745 -8.8841
v -20.6420 50.4741 -8.5314
v -19.3704 50.0360 -8.1662
v -69.5212 54.6156 -8.3428
v -68.2140 54.7139 -9.3352
v -66.6289 54.8123 -10.3277
v -57.6408 53.7710 -9.1139
v -55.7519 53.8126 -9.9885
v -53.0106 53.8126 -9.9019
v -50.5589 53.7772 -9.2386
v -48.7741 53.7772 -9.5430
v -42.5785 54.4983 -9.8911
v -40.5997 53.7074 -9.9767
v -38.1420 53.7710 -9.5343
v -36.3886 53.7710 -8.5499
v -24.9527 53.0097 -8.4173
v -23.8273 53.0097 -8.4173
v -71.9244 57.4822 -8.1606
v -70.3410 56.5478 -9.0850
v -68.2140 55.5910 -9.3352
v -65.7342 56.0276 -9.4511
v -63.1420 56.7926 -9.3862
v -60.5103 56.8278 -9.5957
v -58.4242 55.9826 -9.6973
v -56.6584 55.1646 -10.4926
v -52.0897 55.2269 -10.5197
v -50.6420 55.4382 -10.4323
v -49.3353 55.3714 -10.4808
v -45.0387 56.8256 -10.0902
v -43.2925 55.9868 -9.1574
v -40.6313 56.0971 -8.8110
v -38.1420 56.2710 -9.3062
v -36.3439 56.2710 -8.5289
v -71.9244 57.6362 -8.1606
v -70.5474 58.8172 -9.3938
v -69.3854 59.9982 -10.6269
v -59.5892 57.5938 -10.5687
v -59.2894 57.5938 -10.5687
v -44.9336 58.7710 -10.1423
v -43.8287 58.7710 -8.8923
v -39.7909 57.9511 -8.4364
v -38.1420 57.9924 -8.4476
v -36.7017 57.7194 -8.2513
v -69.9339 60.8010 -8.9603
v -69.1376 61.4890 -9.6306
v -62.1811 62.2434 -9.3862
v -61.5070 62.2434 -9.3862
v -57.3139 62.1405 -10.2338
v -56.5961 62.1405 -10.2338
v -49.7656 61.9760 -10.0463
v -48.0024 62.0335 -9.4604
v -45.6474 61.2205 -9.6990
v -44.0264 60.3499 -8.8570
v -67.8290 63.2970 -9.3862
v -65.8566 64.3944 -9.2708
v -62.8702 63.9497 -9.0117
v -60.8020 63.7163 -9.5496
v -58.2057 63.8070 -9.5432
v -55.7145 63.0554 -9.3948
v -53.1420 63.8668 -9.3862
v -50.6161 63.3526 -9.2823
v -48.0024 62.6557 -9.4604
v -46.8273 62.5450 -10.5411
v -65.1869 66.2710 -10.0207
v -63.0051 65.8096 -9.4032
v -60.6420 65.3366 -9.0063
v -59.0975 65.2684 -8.8525
v -64.6776 67.7151 -10.4246
v -63.9329 67.7151 -10.4246
v 40.5930 -69.9971 -5.8058
v 41.9077 -70.1007 -6.7379
v 43.2428 -70.1176 -6.8862
v 40.4625 -68.7865 -6.7379
v 41.1076 -69.6582 -7.4724
v 43.8053 -68.7290 -6.8862
v 40.0389 -66.2290 -6.8862
v 44.0828 -66.2290 -6.8862
v 48.0984 -64.9830 -5.6496
v 48.1158 -64.9830 -5.6496
v 32.8927 -62.7127 -7.7870
v 34.3947 -62.8621 -6.9267
v 36.9156 -62.7279 -6.6537
v 39.2115 -63.4850 -6.6537
v 42.4554 -62.7713 -7.7541
v 44.2954 -63.2849 -7.1338
v 46.8798 -63.6458 -6.5808
v 48.7907 -63.7651 -6.6443
v 30.2003 -60.3680 -6.2127
v 32.3014 -60.8900 -6.9552
v 33.3595 -60.8473 -6.8867
v 37.7874 -62.0533 -7.3321
v 38.8119 -62.0533 -7.3321
v 42.4554 -62.2897 -7.7541
v 44.4163 -62.3193 -6.7997
v 45.6612 -62.3489 -5.8453
v 50.1148 -61.1964 -6.8681
v 51.0481 -60.3414 -7.6893
v 27.4291 -57.9460 -7.4500
v 29.2406 -58.8699 -6.8314
v 31.8580 -59.8019 -7.5813
v 33.1332 -59.9280 -7.6531
v 50.3226 -59.7359 -6.0226
v 51.8721 -59.2755 -6.8681
v 53.5702 -58.0319 -6.8862
v 25.3533 -55.5695 -7.6522
v 26.8929 -56.1800 -6.7178
v 28.2808 -56.7905 -5.7833
v 40.4185 -55.1257 -7.9583
v 40.7210 -55.1257 -7.9583
v 52.7891 -55.1750 -5.7966
v 54.2494 -56.1734 -6.6659
v 56.0724 -55.5051 -7.5353
v 25.4591 -53.5972 -6.6837
v 26.2806 -53.5972 -6.6837
v 30.0876 -52.9856 -7.8935
v 31.0010 -52.9856 -7.8935
v 40.4185 -54.8288 -7.9583
v 40.7210 -54.8288 -7.9583
v 52.7891 -54.7661 -5.7966
v 54.7869 -53.7599 -6.7712
v 56.1193 -53.6632 -6.8802
v 64.8543 -52.8465 -6.2325
v 66.3430 -52.8465 -6.2325
v 25.5650 -52.4080 -5.7152
v 26.9659 -51.8850 -6.6836
v 29.2204 -51.1861 -7.0016
v 31.0998 -51.2290 -7.6843
v 40.4793 -50.1641 -7.9563
v 40.6646 -50.1641 -7.9563
v 55.3589 -52.0492 -7.8917
v 56.3844 -51.2211 -6.9895
v 62.8086 -50.4706 -5.7484
v 64.1558 -51.2739 -6.5579
v 67.0490 -51.3414 -6.7843
v 68.4405 -50.5829 -6.1257
v 27.4251 -48.1469 -6.3806
v 29.2551 -48.8797 -6.5703
v 31.1850 -48.7290 -7.4955
v 35.4386 -47.6758 -5.8445
v 35.9035 -47.6758 -5.8445
v 40.4793 -49.4700 -7.9563
v 41.6140 -48.5081 -7.9821
v 44.3984 -47.5253 -6.8498
v 46.8671 -47.5105 -6.9055
v 48.1347 -47.5165 -8.1193
v 55.2748 -47.7193 -6.0077
v 56.4876 -48.6232 -6.8591
v 59.7368 -48.2344 -6.8862
v 62.1733 -48.7526 -6.3986
v 64.3580 -49.0924 -6.3412
v 66.8580 -49.2712 -6.6241
v 68.4405 -49.6820 -6.1257
v 27.4251 -46.8416 -6.3806
v 29.3580 -46.6316 -6.4486
v 31.2827 -46.1836 -6.8395
v 35.4386 -47.1898 -5.8445
v 35.9035 -47.1898 -5.8445
v 42.5635 -47.3669 -8.0080
v 44.3984 -47.2660 -6.8498
v 46.8671 -47.3055 -6.9055
v 48.1347 -47.4459 -8.1193
v 55.2748 -47.1783 -6.0077
v 56.7996 -46.2986 -6.8591
v 58.7831 -46.2290 -6.8862
v 62.9469 -47.0616 -6.8862
v 63.6287 -45.8116 -6.8862
v 67.9162 -44.9971 -5.6445
v 68.1156 -44.9971 -5.6445
v 32.2402 -43.7381 -6.9046
v 33.7432 -42.9108 -6.0835
v 37.9886 -42.5070 -7.7356
v 38.1570 -42.5070 -7.7356
v 43.0455 -42.5357 -7.9743
v 43.2484 -42.5357 -7.9743
v 55.0178 -42.9095 -7.8687
v 57.1683 -43.7929 -7.3073
v 58.4043 -44.4556 -6.8862
v 64.8787 -44.4400 -6.8862
v 66.9929 -44.2028 -6.6412
v 68.7027 -43.6340 -6.6412
v 13.0929 -39.9983 -5.6730
v 14.3580 -40.3142 -6.1269
v 16.8580 -40.3796 -6.1858
v 18.1842 -40.0856 -5.7516
v 32.7105 -42.1579 -7.7501
v 34.4891 -42.1351 -6.9046
v 37.0364 -42.3078 -6.8958
v 39.2337 -41.4282 -6.8764
v 42.0705 -41.2380 -7.3735
v 43.6334 -41.2290 -7.5221
v 50.2535 -40.1870 -5.7603
v 51.8580 -40.5905 -6.0087
v 54.5111 -40.9536 -6.8176
v 56.5238 -41.2290 -7.4243
v 69.3724 -41.2290 -6.8862
v 12.9290 -38.7290 -6.2247
v 14.2354 -38.6680 -7.4775
v 16.7441 -38.6680 -7.4091
v 18.4578 -38.7290 -6.1393
v 40.1996 -38.7290 -6.3572
v 41.8429 -38.6009 -7.3188
v 43.6681 -39.3489 -7.4793
v 50.1697 -38.5506 -6.7107
v 51.8580 -38.9518 -7.2587
v 54.6906 -38.9837 -6.6070
v 56.9096 -38.8600 -7.0338
v 59.3580 -38.1983 -7.5718
v 60.8712 -37.8032 -7.7802
v 69.2085 -38.7290 -6.8862
v 12.8844 -37.0562 -6.3841
v 14.3058 -36.2285 -7.1080
v 16.7441 -36.2321 -7.7514
v 18.7651 -36.2290 -6.6333
v 27.5359 -35.8070 -6.0181
v 29.5081 -35.4608 -6.8717
v 30.9086 -35.1145 -7.7253
v 35.2685 -35.1014 -6.8862
v 35.8850 -35.1014 -6.8862
v 40.4241 -36.0994 -6.9732
v 40.8973 -36.0994 -6.9732
v 45.2111 -35.2403 -6.1876
v 46.3543 -35.2403 -6.1876
v 49.6412 -36.2290 -6.8862
v 54.9145 -36.2290 -5.9039
v 56.8580 -36.2290 -6.2952
v 59.5913 -36.0230 -7.2356
v 60.8712 -36.7190 -7.7802
v 65.1611 -35.5779 -6.8862
v 66.8580 -36.4091 -6.8862
v 68.6817 -37.0602 -6.8862
v 15.2912 -34.5131 -6.1653
v 16.7284 -33.6995 -6.8107
v 18.8927 -33.7290 -6.7075
v 27.5359 -34.6287 -6.0181
v 29.4167 -34.1234 -6.5628
v 31.7883 -34.2408 -6.8897
v 34.0185 -34.2547 -6.8862
v 36.9891 -33.7290 -6.8862
v 39.7008 -33.8677 -6.8924
v 41.7938 -33.7951 -5.9993
v 44.3699 -33.6696 -6.6299
v 47.0558 -33.7850 -6.5093
v 49.1910 -33.8537 -6.3925
v 51.9385 -33.5616 -6.9953
v 54.1560 -33.9430 -6.4819
v 56.8580 -33.7290 -6.3548
v 59.5913 -33.9415 -6.8899
v 61.8580 -33.2436 -7.5778
v 63.9497 -33.6281 -7.0239
v 15.2498 -30.5250 -6.2569
v 16.6775 -31.3393 -7.1070
v 19.1357 -31.2838 -7.0288
v 22.7749 -30.0644 -8.0308
v 23.5925 -30.0644 -8.0308
v 27.3565 -30.5926 -7.4782
v 28.8853 -31.3472 -6.7414
v 32.6291 -30.1767 -5.7375
v 33.3802 -30.1767 -5.7375
v 37.9620 -32.0400 -6.8862
v 38.3145 -32.0400 -6.8862
v 42.7925 -32.1368 -5.9353
v 44.3651 -31.4469 -7.0219
v 46.8372 -31.5456 -6.9214
v 48.2146 -32.3341 -5.7343
v 52.3958 -31.2290 -7.6657
v 54.5882 -30.9920 -6.5768
v 56.8580 -31.8074 -6.0791
v 59.3580 -32.3208 -5.8897
v 61.8580 -32.1170 -6.3278
v 63.4401 -32.1236 -6.2825
v 15.0278 -28.6302 -7.0086
v 15.8796 -29.3976 -7.9235
v 20.2223 -29.3225 -6.8862
v 21.7891 -28.7080 -7.0058
v 24.3987 -28.9250 -7.5103
v 26.6571 -28.9250 -7.1240
v 29.4713 -28.5406 -5.9111
v 31.6236 -28.7367 -5.7017
v 33.3802 -29.8918 -5.7375
v 44.2398 -28.7290 -6.8862
v 47.0731 -28.7290 -6.8862
v 49.8698 -28.1797 -7.4123
v 51.5765 -28.8936 -6.7447
v 53.9083 -29.6074 -6.0770
v 15.1514 -27.1795 -6.8862
v 16.9630 -26.0846 -6.9821
v 19.3580 -25.9800 -6.4747
v 21.7252 -26.4346 -6.3220
v 24.5833 -25.9948 -7.2277
v 26.6706 -25.9432 -6.7883
v 29.2849 -26.1203 -6.1622
v 30.8811 -26.2290 -6.1037
v 40.4532 -25.1415 -8.0593
v 41.8307 -25.6712 -7.0900
v 43.6040 -26.9724 -6.8862
v 47.7293 -27.1657 -6.8862
v 49.1651 -27.1940 -6.7019
v 50.7120 -27.4216 -5.7457
v 17.8663 -24.6141 -7.8794
v 19.3580 -24.3382 -7.7247
v 21.8580 -24.2056 -7.4850
v 24.5216 -23.8868 -7.1749
v 26.8314 -23.8351 -6.3910
v 29.2138 -23.7580 -6.8137
v 31.8204 -24.4317 -6.9924
v 34.5924 -23.4472 -7.1296
v 36.6981 -23.0768 -7.1484
v 39.5151 -23.7486 -7.8248
v 41.3159 -23.7290 -6.7203
v 24.9878 -21.9105 -6.8862
v 27.0455 -21.8712 -6.6930
v 28.3582 -22.2240 -7.3975
v 35.5820 -22.4723 -8.1252
v 36.8391 -21.7619 -7.0882
v 39.3580 -21.2290 -7.4200
v 41.5209 -21.2290 -6.7457
v 37.9670 -19.7997 -5.9997
v 39.3580 -19.3314 -6.5015
v 41.2525 -19.2949 -6.4265
v -45.1680 16.9704 -6.8862
v -43.8059 16.9704 -6.8862
v -46.1385 18.7710 -6.8862
v -43.0179 18.7710 -6.8862
v -47.2073 21.8002 -6.1591
v -46.3894 21.0885 -6.9500
v -43.1273 21.2710 -6.8862
v -39.6178 22.3667 -6.8862
v -38.9718 22.3667 -6.8862
v -54.4599 24.8925 -7.9837
v -53.1480 24.4327 -7.0447
v -50.6420 24.0567 -6.8862
v -48.0868 23.9708 -7.0869
v -46.3531 23.7710 -7.8123
v -42.6652 23.3600 -6.8862
v -40.8678 23.3600 -6.8862
v -37.6556 23.7333 -6.9273
v -36.7504 24.5415 -6.1214
v -57.2407 27.1887 -6.8862
v -55.2753 26.4164 -7.3531
v -54.0996 26.2697 -7.0921
v -47.2996 25.2031 -8.0147
v -46.6385 25.2031 -8.0147
v -37.0100 26.3103 -6.7726
v -36.4178 26.3103 -6.7726
v -60.0464 29.3806 -7.3278
v -58.6278 28.6367 -6.6511
v -55.0128 27.7313 -7.8671
v -54.2138 27.7313 -7.8671
v -39.4452 29.9789 -5.6810
v -38.1616 28.7757 -5.7191
v -35.4080 27.5905 -6.7088
v -33.3399 28.8192 -6.8862
v -60.4396 31.0649 -6.6511
v -59.3202 30.0942 -5.6611
v -39.4452 30.1543 -5.6810
v -39.3613 30.1543 -5.6810
v -34.5192 32.4490 -5.7455
v -32.9771 31.2931 -6.3973
v -31.2717 31.6763 -6.8862
v -60.5382 33.7710 -6.8862
v -57.4726 34.5325 -8.0564
v -56.7754 34.5325 -8.0564
v -34.5192 32.9432 -5.7455
v -33.3470 33.8703 -6.8119
v -30.9258 33.8868 -6.9814
v -22.6056 34.6201 -6.1402
v -20.6420 34.4543 -6.3504
v -19.0705 34.6663 -6.0845
v -59.6634 36.0435 -6.6479
v -58.2404 36.0435 -7.1724
v -56.4041 36.2710 -7.5418
v -32.5339 35.2617 -7.8783
v -30.7901 36.1654 -6.9814
v -22.8269 36.2710 -6.4555
v -20.4904 36.4457 -7.5606
v -18.8587 36.4457 -6.9052
v -59.6840 38.7710 -6.0514
v -58.1420 38.7710 -6.2973
v -56.0468 38.7710 -7.1321
v -49.9071 39.5793 -6.0085
v -48.8787 39.5793 -6.0085
v -44.6502 39.7986 -7.7219
v -44.1641 39.7986 -7.7219
v -32.2157 39.6062 -6.0675
v -30.9969 38.7721 -6.8950
v -27.6272 39.2253 -6.8862
v -25.6420 38.6211 -6.8862
v -23.4184 38.8106 -6.6026
v -20.4904 38.1803 -6.9892
v -18.9665 37.9842 -6.8862
v -59.7657 40.3741 -6.1703
v -58.1420 40.4659 -6.1922
v -55.7833 41.1650 -6.7605
v -49.9071 40.4383 -6.0085
v -48.8787 40.4383 -6.0085
v -44.6502 40.4324 -7.7219
v -44.1641 40.4324 -7.7219
v -32.2157 40.2577 -6.0675
v -30.6621 41.2382 -6.7814
v -28.5193 41.3396 -6.7517
v -22.8361 41.4059 -6.8712
v -21.3366 42.3292 -6.0279
v -54.6510 43.5635 -7.1220
v -53.2385 44.2409 -7.1220
v -50.6420 44.0031 -6.8862
v -48.7361 44.4063 -6.8862
v -44.9067 44.4169 -6.8862
v -43.8026 44.4169 -6.8862
v -32.6808 44.6189 -7.7688
v -30.6794 43.7797 -7.5099
v -28.7445 43.7710 -7.6288
v -22.1035 42.7616 -7.6946
v -20.5588 42.8584 -6.8712
v -18.1420 43.7684 -6.8862
v -16.7113 44.7772 -6.8862
v -72.5716 46.9062 -6.4303
v -70.6420 46.6983 -6.6046
v -68.9467 47.0388 -6.1334
v -54.4119 45.0377 -8.1125
v -54.1362 45.0377 -8.1125
v -47.4477 46.1713 -6.7468
v -45.5685 46.0860 -6.8482
v -43.1658 46.1052 -7.0538
v -41.6659 46.9766 -7.8984
v -37.0045 46.9329 -5.7083
v -35.6420 46.5811 -6.0076
v -33.1944 46.1995 -6.9141
v -30.6004 46.2157 -7.1014
v -29.2968 45.2217 -8.1006
v -17.3344 46.7936 -6.8862
v -16.7113 45.5436 -6.8862
v -72.9282 48.6122 -7.1126
v -70.5225 48.6122 -7.8632
v -68.6328 48.7710 -6.5744
v -59.6787 49.7474 -5.8578
v -58.9735 49.7474 -5.8578
v -47.0261 48.1713 -5.8206
v -45.8179 48.8193 -6.8482
v -43.1420 47.8686 -7.7626
v -41.6659 47.7048 -7.8984
v -36.9829 48.8765 -6.7914
v -36.0727 48.8786 -6.8077
v -32.9074 48.8730 -6.7343
v -30.6004 48.6937 -6.7016
v -28.1420 49.1265 -7.5773
v -26.5693 49.5637 -7.8665
v -17.7330 48.8538 -6.6706
v -16.8461 49.7424 -5.6935
v -72.6776 50.7772 -6.8862
v -70.6885 51.3584 -7.1963
v -68.4365 51.2710 -6.7263
v -59.7444 51.2710 -5.9354
v -58.0880 51.6782 -6.6120
v -55.6592 52.2402 -6.7630
v -53.1420 51.9958 -6.8862
v -50.5589 52.1261 -6.8508
v -47.9750 52.4570 -7.0630
v -46.3130 51.5197 -7.1338
v -42.4649 52.1387 -6.1104
v -40.6420 52.0533 -6.1797
v -37.7687 51.2919 -6.8806
v -35.8708 51.3275 -6.8028
v -33.0209 51.4189 -5.9617
v -30.4674 51.4694 -6.1193
v -28.1420 51.1581 -6.3273
v -26.4794 51.4823 -6.9743
v -22.1606 52.2768 -7.3670
v -20.8784 51.5262 -6.6747
v -18.3791 50.2052 -6.6706
v -16.8461 50.0752 -5.6935
v -70.1572 53.7777 -7.0560
v -68.1109 53.7587 -6.9257
v -66.7597 54.5685 -5.8488
v -59.5751 52.7010 -5.8135
v -58.0633 53.4262 -6.4069
v -56.5041 53.0883 -5.8475
v -49.6702 52.9480 -7.6605
v -47.9750 52.9405 -7.0630
v -46.4086 52.9331 -6.4656
v -42.9414 53.7710 -6.5505
v -40.6420 53.7710 -6.8186
v -38.5837 53.7710 -5.9043
v -35.1386 53.7710 -7.4436
v -33.1420 53.7710 -6.9691
v -30.8369 53.7710 -6.4116
v -25.4296 53.8142 -6.9029
v -23.1065 53.6123 -6.7239
v -21.8694 52.5482 -5.7003
v -72.2089 57.1153 -6.8862
v -71.0669 55.8653 -6.8862
v -67.5369 55.5685 -7.5154
v -65.9636 56.5044 -6.9444
v -63.1420 57.2913 -7.9202
v -60.6420 56.8115 -7.4805
v -58.0992 56.0458 -6.6275
v -56.2977 56.9578 -5.8011
v -42.7814 56.0971 -7.0831
v -40.7079 56.0165 -6.8954
v -39.1303 55.2184 -5.7431
v -35.0939 56.2710 -7.6581
v -32.9933 56.4493 -6.6695
v -31.1929 55.7348 -6.3291
v -24.8196 55.2456 -6.0808
v -24.0524 55.2456 -6.0808
v -72.2312 58.5901 -6.8510
v -71.6006 59.3028 -7.6608
v -65.5457 58.7710 -6.3553
v -63.1420 58.7710 -7.1018
v -60.6420 58.7710 -6.6890
v -58.1420 58.7710 -6.2891
v -56.2734 58.7710 -5.9829
v -43.1810 58.7710 -6.8862
v -40.0352 58.7790 -6.7115
v -38.1420 59.2424 -7.1003
v -35.8968 58.6272 -6.7399
v -32.8264 58.8667 -5.8345
v -31.8629 59.8650 -5.6519
v -72.0349 60.1244 -5.9942
v -70.7172 60.6415 -6.8510
v -68.3595 61.5895 -6.9726
v -65.8497 61.0310 -6.4199
v -62.9196 61.5070 -7.2958
v -60.9597 61.4619 -6.7752
v -58.1733 61.2640 -6.3002
v -56.2095 61.2710 -6.2732
v -52.4183 62.3006 -5.8748
v -51.5112 62.3006 -5.8748
v -47.3861 62.0910 -7.9141
v -45.5614 61.6027 -7.0029
v -43.9390 60.4457 -6.8862
v -39.4989 60.0629 -5.7618
v -38.1420 60.1090 -5.8503
v -36.7586 60.0964 -5.7960
v -31.9254 60.0989 -5.6519
v -31.8629 60.0989 -5.6519
v -67.6712 62.8377 -7.8636
v -65.6420 63.0742 -7.6997
v -62.9379 63.5926 -7.7081
v -61.3805 63.5543 -6.8082
v -57.9794 63.6631 -6.9674
v -55.4844 62.8004 -6.9674
v -53.2078 62.9939 -6.7793
v -50.6636 63.4855 -6.7793
v -48.3852 63.8783 -7.1787
v -45.9016 63.7710 -6.7000
v -62.2712 65.1943 -7.5895
v -60.4993 65.2883 -6.8082
v -59.1497 65.2252 -6.8862
v -47.9303 66.2710 -6.7468
v -45.4303 66.3117 -6.5786
v -44.3580 67.1721 -5.7261
v -47.4510 67.9360 -6.3099
v -45.6420 67.8701 -6.2089
v -44.3580 67.5715 -5.7261
v 40.5930 -69.9971 -5.6195
v 41.8580 -70.0963 -5.5278
v 43.2378 -70.1173 -5.5083
v 40.4921 -68.7290 -5.4972
v 41.8580 -68.7290 -5.2283
v 43.3727 -68.7290 -5.3673
v 40.1456 -66.2290 -4.8957
v 41.8580 -66.2290 -4.4928
v 44.3865 -65.7038 -4.3579
v 46.8959 -64.9932 -4.4057
v 48.1158 -64.9830 -5.6207
v 33.0051 -62.6347 -3.3422
v 34.3947 -63.0484 -4.2598
v 36.8580 -63.3315 -4.3862
v 39.3218 -64.1770 -4.1450
v 41.8580 -64.5209 -3.5423
v 44.5477 -64.0087 -4.4209
v 46.7347 -64.1149 -4.5456
v 49.3005 -63.5992 -4.5094
v 50.6507 -62.5689 -3.3981
v 29.7771 -60.3686 -4.3862
v 32.0462 -61.3054 -4.2598
v 33.5858 -61.6701 -5.0089
v 45.3739 -62.3489 -5.5526
v 45.6612 -62.3489 -5.5526
v 49.9680 -61.4059 -4.2934
v 50.6507 -62.3572 -3.3981
v 25.3928 -57.7607 -3.5974
v 26.8580 -58.2889 -3.9946
v 28.5470 -58.9579 -4.5462
v 44.8992 -57.9214 -3.8810
v 46.8580 -58.3389 -4.2093
v 49.3019 -58.9676 -4.1445
v 52.0659 -58.4161 -4.1799
v 53.4788 -57.9382 -4.8757
v 25.3928 -56.8519 -3.5974
v 26.9693 -55.9879 -4.5418
v 28.2808 -56.7905 -5.4862
v 34.7793 -55.0768 -3.2339
v 35.6739 -55.0768 -3.2339
v 42.7443 -55.4981 -3.3896
v 44.1257 -56.2436 -3.6353
v 46.8580 -56.5462 -4.2093
v 48.5043 -56.7253 -3.8222
v 52.6712 -56.0966 -4.1799
v 53.4788 -56.8417 -4.8757
v 22.4348 -52.8103 -3.3711
v 24.5822 -53.0693 -4.2771
v 26.4000 -54.2183 -4.3862
v 34.7793 -54.9001 -3.2339
v 35.6739 -54.9001 -3.2339
v 42.7443 -54.8495 -3.3896
v 43.3522 -54.8495 -3.3896
v 52.6146 -54.5607 -4.3862
v 54.3580 -53.8870 -4.3862
v 56.9429 -53.1532 -4.4682
v 59.3580 -53.0139 -3.9994
v 61.8580 -52.9258 -4.0841
v 64.1558 -52.8485 -4.5360
v 66.2179 -52.7626 -4.3862
v 22.5245 -51.2290 -3.3552
v 24.5822 -51.4364 -4.5638
v 26.8580 -50.6919 -5.1418
v 29.4777 -50.0753 -4.2658
v 30.6344 -49.9834 -3.1419
v 45.6011 -49.9864 -3.1417
v 45.6475 -49.9864 -3.1417
v 57.7219 -51.2290 -4.9891
v 59.3580 -51.2290 -4.6617
v 61.9284 -51.2739 -5.2741
v 63.1876 -52.1372 -5.4692
v 67.4679 -52.2147 -4.3862
v 69.3075 -51.2479 -4.4975
v 71.2751 -50.7796 -3.7384
v 17.4978 -47.8949 -3.3933
v 19.3580 -47.9385 -3.3901
v 21.9618 -48.7364 -3.2055
v 24.3580 -49.4367 -3.4946
v 26.6607 -48.7924 -4.4733
v 29.4777 -49.8939 -4.2658
v 30.6344 -49.9743 -3.1419
v 35.4386 -47.6758 -5.4173
v 35.9035 -47.6758 -5.4173
v 45.5781 -48.7317 -4.3456
v 46.4669 -48.3168 -3.9430
v 48.1095 -47.4869 -3.1379
v 55.2748 -47.7193 -5.3045
v 57.0982 -48.5813 -4.3456
v 59.7244 -48.5762 -4.3978
v 61.6044 -48.3324 -4.8464
v 64.3580 -47.8424 -5.1695
v 66.8580 -48.0212 -4.8952
v 69.3075 -48.8008 -4.9754
v 71.4307 -48.7290 -3.8814
v 15.3004 -45.6096 -3.4647
v 16.7419 -46.3574 -3.7269
v 19.3580 -46.2290 -3.9118
v 21.1555 -46.2290 -3.4198
v 27.2232 -46.0966 -4.2349
v 29.3580 -45.3816 -4.9973
v 30.8105 -45.3200 -5.4531
v 35.4386 -47.1898 -5.4173
v 35.9035 -47.1898 -5.4173
v 40.4385 -45.0274 -3.2505
v 40.6674 -45.0274 -3.2505
v 45.5550 -47.1651 -5.5494
v 46.8766 -47.3210 -4.3437
v 48.1095 -47.4770 -3.1379
v 55.2748 -47.1783 -5.3045
v 56.6309 -46.2986 -4.4372
v 59.8698 -46.2290 -4.8325
v 61.7198 -46.5372 -4.4358
v 64.3603 -46.1605 -5.2416
v 66.9929 -45.9899 -5.0222
v 69.1588 -46.0547 -4.3677
v 71.0379 -47.1123 -3.5276
v 15.0967 -43.7290 -3.7152
v 16.8580 -43.7290 -4.1416
v 19.2513 -43.7209 -3.6553
v 21.9846 -43.5920 -3.3179
v 24.3580 -42.8659 -3.2636
v 26.9599 -43.6948 -3.4836
v 29.3835 -43.6613 -3.8118
v 31.7295 -44.1810 -4.5264
v 34.4891 -43.2668 -4.4965
v 36.8580 -43.2896 -4.1792
v 39.6563 -43.8467 -3.5884
v 40.6674 -44.5806 -3.2505
v 50.3672 -42.8318 -3.3691
v 51.3094 -42.8318 -3.3691
v 57.5965 -44.7499 -4.3862
v 59.2544 -44.7133 -4.2569
v 60.7470 -44.8417 -3.3373
v 65.1952 -44.8220 -5.6007
v 66.2495 -44.8220 -5.6007
v 69.0897 -43.7290 -4.3862
v 13.0929 -39.9983 -5.6093
v 14.5098 -41.0358 -4.5945
v 16.8580 -41.6296 -4.8460
v 18.6421 -41.0429 -4.2379
v 22.5760 -41.2290 -3.2708
v 24.2173 -41.3984 -3.3059
v 26.8580 -42.0612 -3.4470
v 28.5672 -42.0563 -3.4474
v 35.4099 -42.3522 -5.4034
v 36.8580 -42.3590 -5.4292
v 39.0567 -41.4591 -4.6103
v 43.0238 -40.6666 -3.4520
v 43.2813 -40.6666 -3.4520
v 48.0155 -40.0662 -3.3019
v 49.4770 -40.9599 -4.1688
v 51.8368 -41.2200 -4.2427
v 53.8642 -40.5864 -5.1164
v 69.2910 -41.2290 -4.3862
v 12.9290 -38.7290 -5.2279
v 13.9997 -38.7290 -3.9779
v 18.9408 -38.7290 -4.3862
v 22.5628 -39.7214 -3.2490
v 23.2902 -39.7214 -3.2490
v 27.5592 -38.0197 -3.9665
v 28.9217 -38.0197 -3.9665
v 39.7642 -38.7290 -4.3862
v 43.0238 -39.3389 -3.4520
v 43.2813 -39.3389 -3.4520
v 48.0155 -39.8857 -3.3019
v 49.4983 -39.0567 -4.3110
v 51.8921 -38.6980 -3.5516
v 53.9968 -38.4925 -4.3243
v 69.5675 -38.7290 -4.3862
v 12.8844 -37.0562 -5.1187
v 14.0037 -36.2253 -4.3257
v 19.4082 -36.2290 -4.3862
v 27.0545 -36.4758 -4.6344
v 29.3091 -36.4758 -4.6344
v 35.2803 -35.0999 -5.4063
v 35.9064 -35.0999 -5.4063
v 40.1518 -36.1079 -4.5136
v 40.7952 -35.1939 -5.4319
v 45.0888 -35.2197 -4.3862
v 47.0558 -35.1890 -4.2424
v 49.1613 -35.7058 -4.3920
v 52.0952 -36.4589 -4.2070
v 53.5912 -36.4589 -4.5550
v 65.4291 -35.3707 -5.0740
v 66.7034 -35.6779 -4.2989
v 69.0400 -36.8088 -4.3862
v 15.0387 -33.6995 -4.4931
v 15.8088 -32.8464 -5.3978
v 20.2090 -33.8346 -4.2909
v 20.7423 -33.0716 -3.3941
v 27.2027 -34.2843 -4.3862
v 29.5291 -33.7544 -4.7678
v 31.8580 -33.2361 -5.1618
v 34.4114 -33.7434 -4.9556
v 36.4169 -33.7290 -4.9900
v 39.7069 -33.8677 -4.5136
v 41.7938 -33.7951 -5.2396
v 44.4285 -33.7754 -4.1412
v 47.3564 -33.9671 -4.1278
v 48.7510 -34.1772 -4.6198
v 51.8580 -34.7321 -5.3368
v 53.1881 -34.9190 -5.5009
v 65.0979 -33.7290 -4.7404
v 66.0035 -33.7290 -3.4904
v 15.2971 -31.2096 -4.4163
v 15.8585 -31.2096 -4.4163
v 20.2973 -31.2290 -5.1025
v 21.6886 -31.0883 -3.7924
v 23.2752 -30.1611 -3.2747
v 30.1581 -31.2290 -5.3269
v 31.8207 -31.0976 -5.2251
v 34.2713 -31.0976 -4.9282
v 37.0289 -31.3254 -4.3493
v 38.5969 -31.9986 -4.3862
v 42.7925 -32.1368 -5.0474
v 44.3329 -31.3440 -4.1412
v 46.8149 -31.4426 -4.2045
v 48.2146 -32.3341 -5.1740
v 55.0099 -30.3092 -4.3862
v 56.8580 -31.2100 -4.3862
v 59.3580 -31.8944 -4.3862
v 61.8580 -31.6358 -4.3862
v 64.3072 -31.8718 -4.2568
v 65.9763 -32.2773 -3.3372
v 14.9294 -28.7290 -4.9336
v 16.7882 -28.7749 -3.8522
v 19.8331 -28.6014 -4.6319
v 21.4060 -28.6456 -4.4927
v 23.2752 -29.7420 -3.2747
v 30.3803 -29.2483 -5.5835
v 31.8030 -28.5748 -4.8993
v 34.1782 -28.7062 -4.3850
v 36.0719 -28.7290 -3.7594
v 40.4349 -27.5714 -3.6680
v 40.9507 -27.5714 -3.6680
v 44.8071 -28.7314 -4.2711
v 46.2922 -28.7314 -4.2711
v 52.3787 -27.9407 -5.3066
v 54.3759 -28.7770 -4.5153
v 56.3036 -27.9466 -3.7239
v 15.0613 -27.1219 -5.2341
v 16.8580 -27.0176 -5.0572
v 19.3580 -27.2300 -5.2308
v 20.8034 -27.4050 -5.4656
v 27.7102 -25.2144 -5.5393
v 29.5025 -25.1035 -4.3495
v 31.2808 -25.9871 -4.1502
v 34.9762 -27.2787 -3.4093
v 36.9287 -26.1755 -3.2998
v 39.5041 -26.0350 -3.5664
v 41.7983 -26.4070 -4.3011
v 44.3372 -26.9989 -4.2711
v 47.0132 -26.2960 -4.1008
v 49.1450 -25.9556 -4.1588
v 51.6704 -26.7122 -4.4384
v 54.1701 -26.0096 -4.1797
v 56.5473 -26.2290 -4.0627
v 25.4056 -22.9982 -5.4671
v 27.0237 -23.6575 -5.5032
v 29.5025 -24.6381 -4.3495
v 31.8204 -24.2949 -4.1502
v 34.3580 -23.6360 -4.3862
v 37.0602 -23.8108 -4.1692
v 39.3580 -23.7290 -3.6398
v 41.3159 -23.7290 -4.5903
v 48.0253 -24.9027 -3.1739
v 48.1697 -24.9027 -3.1739
v 54.8782 -24.7504 -3.7839
v 56.1648 -24.7504 -3.7839
v 25.4056 -22.2577 -5.4671
v 26.3372 -22.2577 -5.4671
v 37.7420 -21.2290 -5.1201
v 39.3580 -21.2290 -4.1806
v 41.5209 -21.2290 -4.6967
v 37.9670 -19.7997 -5.4361
v 39.3580 -19.3314 -5.0659
v 41.2525 -19.2949 -5.0759
v -44.9865 17.0956 -5.3330
v -44.0018 17.0956 -5.3330
v -45.4031 18.7710 -5.1063
v -43.7651 18.7710 -5.1063
v -52.0268 22.4551 -3.2454
v -51.3998 22.4551 -3.2454
v -47.6358 21.8077 -4.3862
v -45.7758 21.2121 -4.3046
v -43.1439 21.7297 -4.2476
v -40.4965 22.3299 -4.2056
v -38.8398 22.3186 -5.0183
v -52.5763 23.8222 -4.2017
v -50.5967 23.2058 -4.2017
v -48.8858 23.0005 -4.3862
v -44.7392 22.7278 -3.3763
v -43.1588 22.9613 -4.2178
v -40.4965 23.1085 -4.2056
v -38.0607 23.1364 -4.2655
v -36.6491 24.1644 -4.3862
v -57.7412 26.9878 -4.3862
v -55.6420 26.5617 -4.3862
v -53.8962 25.8449 -4.3862
v -49.4155 27.4787 -3.2192
v -49.3367 27.4787 -3.2192
v -39.5938 27.0558 -3.2397
v -37.9339 26.9281 -4.1983
v -36.6491 25.8787 -4.3862
v -61.9137 29.9712 -3.1944
v -60.6420 29.3684 -3.7878
v -59.0283 28.5288 -4.6225
v -49.4155 28.2206 -3.2192
v -49.3367 28.2206 -3.2192
v -42.4889 29.5147 -3.5263
v -40.3528 28.9135 -4.2163
v -38.1242 28.7315 -4.6091
v -35.6420 28.1411 -4.3862
v -33.8406 29.1161 -4.3862
v -61.9137 30.0719 -3.1944
v -60.4414 30.9164 -4.4039
v -59.3202 30.0942 -5.6134
v -44.5027 32.3005 -3.8084
v -43.4097 31.3102 -3.6673
v -40.2544 31.0705 -4.1754
v -39.0726 31.1010 -4.1491
v -34.5208 32.3498 -4.3862
v -33.2633 31.5814 -4.7357
v -31.7074 32.2236 -5.2018
v -67.1423 34.8584 -3.2104
v -65.6420 34.5847 -3.3295
v -63.1420 34.3776 -3.6562
v -60.9013 33.7578 -4.4420
v -54.5235 34.7622 -3.2096
v -54.2434 34.7622 -3.2096
v -44.5027 32.5983 -3.8084
v -44.3305 32.5983 -3.8084
v -39.3970 32.5512 -3.1577
v -39.3877 32.5512 -3.1577
v -34.5208 32.8792 -4.3862
v -33.2529 32.9326 -4.3756
v -30.5748 33.5812 -4.5580
v -28.1420 34.0540 -4.3358
v -25.6420 33.9795 -4.3219
v -23.3201 34.2098 -4.5918
v -20.6420 34.0967 -4.3862
v -18.1991 34.5277 -4.3405
v -16.4956 34.7664 -3.4767
v -67.1423 35.3009 -3.2104
v -65.6420 35.5287 -3.3295
v -63.1431 36.2592 -3.7172
v -60.9662 36.2710 -4.9748
v -54.5235 35.5548 -3.2096
v -54.2434 35.5548 -3.2096
v -29.6751 36.4171 -4.6030
v -28.0234 36.4171 -4.1567
v -25.6420 36.2710 -4.7942
v -24.0769 36.2710 -5.3521
v -17.5114 36.2710 -5.0941
v -15.6542 36.3500 -3.8538
v -14.2493 37.2359 -3.3883
v -70.1154 39.4994 -3.4372
v -68.1420 39.3195 -3.4793
v -66.0634 39.6073 -3.2926
v -62.3105 37.7917 -3.4112
v -60.7766 38.6834 -4.3012
v -49.9071 39.5793 -4.9704
v -48.8787 39.5793 -4.9704
v -32.2157 39.6062 -5.2339
v -30.4362 38.7171 -4.3727
v -27.8129 38.9361 -4.0233
v -26.0627 38.8007 -4.3423
v -23.3611 38.9522 -5.2239
v -20.6420 39.5514 -4.9441
v -18.0805 38.8566 -4.8888
v -15.6806 38.7121 -3.7819
v -14.2493 37.8394 -3.3883
v -70.5427 41.2710 -3.5317
v -68.1420 41.2710 -3.8566
v -65.9315 41.2710 -3.4611
v -60.0986 41.2329 -4.3515
v -58.1420 41.7159 -4.9837
v -55.3722 42.1694 -4.3957
v -54.2616 42.4111 -3.5507
v -49.9071 40.4383 -4.9704
v -47.9890 41.3899 -4.1070
v -46.5207 42.3415 -3.2436
v -32.2157 40.2577 -5.2339
v -30.6420 40.5967 -4.9909
v -28.1639 40.5418 -4.4161
v -26.6236 40.5317 -3.6541
v -22.6306 40.6625 -5.1165
v -20.5588 41.4059 -5.0438
v -18.0495 41.2486 -3.9880
v -16.5397 40.4003 -3.3569
v -71.9912 44.2311 -3.3778
v -70.8786 43.5471 -3.6483
v -68.1945 43.7229 -3.6694
v -65.4744 43.8467 -3.3028
v -64.2187 44.8359 -3.1926
v -60.0863 43.7710 -3.5716
v -58.1918 43.7604 -3.7473
v -55.3722 42.7559 -4.3957
v -53.3137 43.0296 -4.3849
v -50.6420 43.5015 -4.3862
v -48.0238 43.6196 -4.1391
v -45.6140 43.7267 -4.1391
v -44.0136 44.3295 -4.3862
v -35.1464 44.7700 -3.5764
v -34.1270 44.7700 -3.5764
v -19.6700 42.6065 -5.5716
v -17.9519 43.6977 -4.5704
v -16.7208 44.7889 -5.2358
v -72.2814 46.1224 -4.1698
v -70.9865 46.1155 -4.1874
v -68.7572 46.2317 -4.3675
v -64.7298 46.2710 -3.2987
v -64.0555 46.2710 -3.2987
v -59.7655 45.5196 -3.3580
v -59.0583 45.5196 -3.3580
v -47.3943 46.1155 -4.2751
v -45.5812 45.5181 -4.2751
v -44.0136 45.5242 -4.3862
v -39.7643 47.1162 -3.3724
v -37.9595 46.5160 -4.2779
v -35.3399 46.1499 -3.9323
v -33.5641 46.3651 -4.2546
v -31.4737 47.2098 -5.2897
v -17.2714 46.3497 -4.3960
v -16.7208 45.5688 -5.2358
v -72.8209 48.8827 -4.2316
v -71.4458 48.1239 -3.2952
v -67.6145 48.9034 -4.2659
v -65.7434 48.7929 -3.3244
v -64.1167 47.7608 -3.2965
v -59.9179 49.3378 -4.3862
v -58.1409 49.1913 -4.3861
v -56.6975 49.5491 -3.5527
v -47.2276 48.3906 -4.3862
v -46.3388 49.6406 -4.3862
v -39.7643 48.2045 -3.3724
v -37.9595 48.1592 -4.2779
v -35.4513 48.4409 -3.8574
v -33.1906 48.6944 -4.2210
v -31.4737 48.1017 -5.2897
v -17.2232 48.5570 -4.3862
v -16.8568 49.8070 -4.3862
v -72.4543 51.4489 -4.3613
v -71.7675 52.4008 -5.1780
v -67.1865 51.2710 -4.8084
v -66.7467 51.2710 -3.5584
v -60.3109 51.2710 -4.3862
v -57.4865 51.2710 -4.7642
v -55.9200 51.7573 -4.3578
v -53.1420 52.2420 -5.2226
v -50.6420 52.2341 -5.1876
v -48.1836 52.1924 -4.5729
v -46.1594 51.2023 -4.4804
v -42.6005 51.8242 -4.3862
v -40.6420 51.0889 -4.3862
v -38.4466 51.7856 -4.3862
v -34.9994 51.4189 -4.4621
v -33.8128 51.4189 -4.4621
v -29.5177 52.4349 -5.5845
v -28.1420 52.4081 -5.5218
v -26.7997 52.4566 -5.5354
v -20.2027 51.9255 -4.8599
v -18.3659 51.1971 -4.1704
v -16.8568 50.0627 -4.3862
v -71.9922 53.7710 -3.5606
v -71.5016 53.7710 -4.8106
v -67.0182 52.9018 -5.1495
v -66.3219 53.7495 -4.3442
v -59.7851 52.8944 -4.3862
v -57.6890 53.5519 -4.7070
v -56.1145 53.3652 -4.5184
v -53.1420 53.7710 -4.6338
v -50.6420 53.7710 -4.6519
v -48.0790 53.4119 -4.6054
v -46.4086 52.9331 -5.3766
v -43.7703 53.7710 -4.3862
v -38.1881 53.7710 -4.3862
v -34.7061 52.7518 -3.6794
v -34.1629 52.7518 -3.6794
v -29.5869 53.7710 -5.3591
v -28.1777 53.8475 -4.3541
v -26.4121 53.8475 -4.5757
v -22.3326 54.2493 -4.3862
v -20.8784 52.9814 -4.1704
v -19.3485 52.6506 -3.1932
v -72.1196 56.0816 -4.2859
v -71.3284 56.0816 -4.2859
v -65.3248 56.1751 -4.2241
v -64.1590 56.9445 -3.2827
v -56.9727 55.2912 -5.5709
v -55.5355 56.1831 -5.3491
v -53.1420 56.2710 -4.7109
v -50.5770 56.3225 -3.9768
v -48.7453 55.5235 -3.6910
v -43.4404 56.2710 -4.3862
v -40.2349 56.5108 -4.3862
v -39.1336 55.2608 -4.3862
v -32.2210 57.3350 -4.3862
v -30.4726 55.9858 -4.4456
v -29.0348 55.2103 -3.6518
v -25.1113 55.4136 -4.3862
v -23.5826 55.4136 -4.3862
v -72.2917 58.7710 -5.2351
v -70.4533 58.5704 -4.2042
v -68.1420 59.0838 -4.2337
v -65.9945 58.5914 -4.4504
v -64.1590 57.6605 -3.2827
v -55.0723 58.8695 -4.5979
v -53.1420 58.4952 -4.0497
v -51.3669 58.2390 -3.5847
v -44.8589 59.8375 -3.4922
v -43.5518 58.9109 -4.3498
v -40.7400 58.7710 -4.3862
v -35.0919 59.5350 -5.2516
v -32.8086 58.7127 -4.7571
v -30.8745 59.3167 -4.3003
v -29.1572 59.7472 -3.4097
v -72.0349 60.1244 -5.4928
v -70.6420 60.2117 -5.3897
v -68.1420 60.1466 -5.4837
v -66.8215 60.0376 -5.6181
v -60.0405 62.0927 -5.4018
v -59.0275 62.0927 -5.4018
v -55.6354 61.2710 -4.3862
v -52.4183 62.3006 -5.4786
v -50.5650 62.0938 -4.5466
v -48.5811 61.8870 -3.6146
v -45.3361 61.1634 -4.3498
v -44.1536 60.2583 -5.1589
v -39.8947 61.0461 -4.1881
v -38.2890 61.2780 -4.1881
v -35.8120 60.5549 -4.4054
v -32.8215 61.1450 -4.3222
v -30.9060 61.1463 -4.2346
v -29.1572 60.5270 -3.4097
v -60.0125 63.7710 -5.4425
v -59.0971 63.7710 -5.4425
v -54.9643 63.0369 -4.3862
v -53.2078 63.2612 -4.5416
v -50.5650 63.1952 -4.5466
v -48.1493 63.7732 -4.2814
v -46.0943 63.5420 -4.2234
v -39.5563 62.6797 -3.2227
v -39.2203 62.6797 -3.2227
v -32.0510 62.5884 -3.3929
v -31.6158 62.5884 -3.3929
v -59.5709 65.0458 -5.6124
v -59.3634 65.0458 -5.6124
v -47.9303 66.2710 -4.7835
v -45.4303 66.3117 -4.9208
v -44.3580 67.1721 -5.5808
v -47.4510 67.9360 -5.1873
v -45.6420 67.8701 -5.2580
v -44.3580 67.5715 -5.5808
v 45.5552 -65.0035 -3.0086
v 45.6933 -65.0035 -3.0086
v 33.0051 -62.6347 -2.9361
v 34.4814 -63.0305 -2.0161
v 36.8580 -63.5373 -1.8862
v 39.3580 -63.7222 -1.8862
v 41.8580 -63.4385 -1.8862
v 44.5763 -64.0248 -2.0596
v 46.7999 -63.8744 -1.9579
v 49.3580 -62.9093 -2.6731
v 50.6507 -62.5689 -3.0811
v 27.9884 -60.0382 -1.2501
v 29.1705 -60.0739 -1.9655
v 32.1164 -60.9220 -1.9752
v 33.7304 -61.7345 -1.2694
v 47.4527 -61.2290 -1.3573
v 49.2129 -61.4059 -2.6800
v 50.6507 -62.3572 -3.0811
v 25.3742 -57.7742 -1.8862
v 27.0362 -59.1941 -2.0045
v 29.1705 -59.7821 -1.9655
v 31.2277 -59.6203 -1.0143
v 44.7886 -58.3253 -1.8862
v 46.7046 -59.5785 -2.0504
v 49.2269 -58.9206 -2.8658
v 51.3712 -57.9913 -2.7383
v 19.9049 -55.2954 -1.0116
v 21.0785 -55.2954 -1.0116
v 25.1117 -56.1028 -2.0585
v 25.9153 -55.1852 -3.0067
v 34.7793 -55.0768 -3.0983
v 35.6739 -55.0768 -3.0983
v 42.7443 -55.4981 -2.9232
v 44.3358 -55.9274 -2.1386
v 46.6244 -55.6109 -1.6678
v 49.3458 -56.4151 -1.8975
v 52.0702 -55.8994 -1.8026
v 54.3580 -55.3813 -1.0755
v 56.1105 -55.3584 -0.9912
v 17.4914 -53.1479 -1.3082
v 19.1861 -53.8804 -1.6934
v 21.7566 -53.7374 -2.0145
v 24.2988 -54.3081 -2.0585
v 25.9153 -54.6774 -3.0067
v 34.7793 -54.9001 -3.0983
v 35.6739 -54.9001 -3.0983
v 40.2249 -52.7674 -1.1612
v 41.9291 -53.8084 -2.0422
v 44.4580 -54.8950 -1.8060
v 45.6353 -54.9405 -0.6889
v 52.7691 -54.6343 -2.5336
v 54.3580 -54.2789 -2.3255
v 56.9095 -54.0422 -1.8492
v 59.3580 -53.2837 -1.8862
v 61.8580 -52.9761 -1.8862
v 64.3580 -52.7059 -1.8862
v 66.6549 -52.5084 -1.7544
v 68.1817 -52.5093 -0.8332
v 17.4914 -51.7755 -1.3082
v 19.3580 -51.3969 -1.6761
v 21.2148 -51.0354 -2.0649
v 30.6022 -49.9834 -3.1112
v 30.6344 -49.9834 -3.1112
v 40.2249 -52.1292 -1.1612
v 41.1139 -52.1292 -1.1612
v 45.6011 -49.9864 -3.1267
v 45.6475 -49.9864 -3.1267
v 67.3528 -52.3561 -2.4999
v 69.3843 -51.5678 -1.5775
v 71.2751 -50.7796 -2.3217
v 17.1676 -48.3503 -1.8862
v 19.3580 -49.0471 -1.8862
v 21.8210 -48.8706 -2.2928
v 24.3580 -48.1867 -2.5769
v 25.8962 -47.7712 -2.6917
v 30.6022 -49.9743 -3.1112
v 31.7355 -48.8084 -1.9684
v 33.3092 -47.6424 -0.8257
v 42.7924 -48.1956 -0.8858
v 44.4675 -49.0773 -2.0062
v 46.8758 -48.7229 -3.1275
v 48.1095 -47.4869 -3.1283
v 57.9946 -47.7768 -2.8478
v 59.3580 -47.8391 -2.3585
v 60.7637 -47.6614 -2.3877
v 70.5869 -49.9274 -0.6550
v 71.4120 -48.9481 -1.6475
v 13.0256 -45.2352 -0.7491
v 14.4234 -45.8211 -1.7039
v 15.9176 -47.0894 -1.8862
v 22.4055 -46.2290 -2.3137
v 24.3580 -46.2290 -1.7508
v 26.2641 -46.2290 -2.5733
v 32.8366 -47.2341 -0.8257
v 33.3092 -47.2341 -0.8257
v 40.4790 -45.0190 -1.8862
v 41.5773 -45.8267 -1.4574
v 43.3339 -46.9035 -0.8858
v 48.1041 -47.4770 -3.1283
v 48.1095 -47.4770 -3.1283
v 55.3881 -45.1191 -1.0487
v 56.8711 -45.7533 -2.0204
v 59.3580 -46.2290 -1.9589
v 60.8291 -46.2290 -2.3458
v 70.2355 -45.4390 -1.8862
v 71.1126 -46.6890 -1.8862
v 13.0256 -44.7567 -0.7491
v 13.8286 -43.8456 -1.7039
v 20.0135 -42.8821 -2.7162
v 21.9846 -43.5920 -2.5285
v 24.3580 -44.1159 -2.3101
v 26.1945 -44.5053 -2.8302
v 30.2339 -42.7829 -2.8004
v 31.8580 -43.0327 -2.5947
v 34.3580 -43.1400 -2.4288
v 36.8459 -43.2336 -1.8020
v 39.7912 -43.7271 -2.3365
v 40.7389 -43.7399 -2.0167
v 50.3875 -42.9707 -1.8862
v 51.1876 -42.9707 -1.8862
v 55.3881 -44.7848 -1.0487
v 56.7217 -44.8133 -1.9787
v 59.3580 -44.7731 -2.7366
v 61.9180 -43.6659 -1.7493
v 63.1199 -42.4902 -0.6678
v 69.3186 -43.7290 -1.8862
v 13.0094 -40.2020 -0.7613
v 13.9197 -41.1128 -1.7113
v 19.9685 -41.2290 -2.7176
v 21.3260 -41.2290 -2.7176
v 24.9568 -40.6780 -2.6551
v 27.0406 -40.6978 -1.8475
v 29.3835 -41.5427 -1.9347
v 31.9367 -41.2433 -1.3130
v 34.3273 -41.2931 -1.1803
v 36.0045 -42.1691 -0.9126
v 40.1934 -41.1675 -2.0167
v 41.8862 -41.3132 -2.1294
v 43.2813 -40.6666 -2.9884
v 48.0155 -40.0662 -3.0759
v 49.6277 -41.2455 -2.2506
v 51.1255 -41.4465 -2.1097
v 63.0890 -42.4445 -0.6678
v 63.1199 -42.4445 -0.6678
v 67.8834 -40.5841 -0.9333
v 68.5339 -41.3420 -1.8145
v 12.9646 -38.7290 -0.9841
v 13.9997 -38.7290 -2.2341
v 19.6793 -38.7077 -2.0533
v 21.7809 -39.1803 -2.0533
v 24.1882 -38.7062 -1.8289
v 26.9441 -38.9542 -1.8289
v 29.1150 -38.4419 -1.8862
v 32.8225 -39.6186 -0.8195
v 33.4735 -39.6186 -0.8195
v 40.2179 -38.8465 -2.0885
v 42.0870 -38.7152 -2.1892
v 43.2813 -39.3389 -2.9884
v 48.0155 -39.8857 -3.0759
v 49.3580 -39.8456 -3.0578
v 51.8921 -38.6980 -3.1075
v 53.1712 -37.5016 -3.1230
v 65.3503 -37.6473 -0.7752
v 66.8098 -38.7259 -0.8543
v 69.0178 -38.8743 -1.8145
v 13.0154 -37.2544 -0.9750
v 13.8519 -36.3442 -1.8395
v 19.1281 -36.2290 -1.8862
v 25.0862 -37.0002 -1.0028
v 26.0169 -36.1917 -1.8561
v 30.2970 -36.1566 -1.8600
v 31.0251 -35.2751 -1.0092
v 37.9018 -35.1322 -0.9244
v 39.5180 -36.1975 -1.9905
v 41.1502 -37.2628 -1.3900
v 45.3126 -35.0386 -3.0548
v 46.8580 -35.0456 -3.0578
v 48.1278 -35.0082 -3.1130
v 53.0868 -37.4454 -3.1230
v 53.1712 -37.4454 -3.1230
v 65.3503 -37.2921 -0.7752
v 66.5849 -36.3335 -1.7698
v 69.5665 -36.2958 -1.8182
v 70.8408 -35.5502 -0.8721
v 14.5134 -33.7290 -1.8862
v 20.0123 -33.8346 -1.8993
v 21.6238 -32.9830 -1.8381
v 23.5938 -32.8943 -0.9348
v 27.1557 -34.0235 -1.8862
v 29.4914 -33.8971 -1.8600
v 31.0251 -34.4499 -1.0092
v 37.9018 -34.7266 -0.9244
v 39.0855 -33.8276 -1.8091
v 45.3126 -34.7541 -3.0548
v 46.8580 -34.7006 -3.0578
v 48.1278 -34.8327 -3.1130
v 67.3600 -33.5583 -1.9131
v 69.3580 -34.2406 -1.1592
v 70.8408 -34.6957 -0.8721
v 15.2169 -31.8425 -1.8862
v 16.7882 -30.7502 -1.8699
v 19.3306 -31.3923 -1.0502
v 21.6238 -32.0831 -1.8381
v 23.9125 -31.0883 -1.8153
v 37.6698 -30.4334 -2.3084
v 38.8827 -31.2517 -1.6395
v 42.9122 -30.1768 -0.9771
v 44.2160 -30.3640 -1.9103
v 45.9201 -30.5512 -2.8435
v 54.8204 -30.4680 -1.8862
v 56.8580 -30.8915 -1.8862
v 59.3580 -31.2889 -1.8862
v 61.8580 -31.2675 -1.8862
v 64.3580 -31.1457 -1.8862
v 66.4287 -31.9937 -1.8862
v 17.5750 -29.6388 -2.6923
v 19.2606 -29.1042 -1.8699
v 21.8580 -28.4085 -1.8862
v 23.7493 -29.2469 -1.8862
v 33.0319 -27.5205 -3.0566
v 33.3095 -27.5205 -3.0566
v 37.3219 -28.7290 -2.1547
v 39.2756 -28.5471 -1.6485
v 41.8248 -28.7159 -1.4966
v 44.2160 -29.7309 -1.9103
v 45.9201 -29.5664 -2.8435
v 54.8204 -29.3902 -1.8862
v 57.0253 -28.1642 -1.8264
v 59.3580 -27.8956 -1.0108
v 60.8203 -27.7741 -0.8186
v 30.6022 -24.9925 -3.1187
v 32.0623 -25.9871 -2.6024
v 34.2289 -26.3588 -2.3390
v 36.9287 -26.1755 -2.6675
v 38.7682 -26.7389 -2.6554
v 42.2967 -26.3882 -1.7634
v 44.3580 -25.8733 -2.4618
v 46.3587 -25.4895 -2.8583
v 50.0140 -25.2930 -1.8862
v 51.8580 -25.6507 -1.8862
v 54.1701 -25.4852 -1.7839
v 57.0675 -26.3431 -1.7511
v 59.3580 -27.0397 -1.0108
v 60.8203 -27.0319 -0.8186
v 30.6022 -24.9595 -3.1187
v 31.8580 -24.3453 -2.5286
v 34.3580 -23.9229 -2.1994
v 36.3595 -24.3963 -2.6797
v 42.8874 -24.6074 -0.8481
v 44.5505 -23.7561 -1.1250
v 47.0584 -23.9332 -2.0743
v 48.6664 -23.9332 -1.7127
v 54.8782 -24.7504 -2.5490
v 56.1648 -24.7504 -2.5490
v 45.5122 -22.4531 -0.6835
v 46.8580 -22.4310 -0.7673
v 48.1640 -22.4410 -0.7637
v -52.0268 22.4551 -2.9671
v -51.3998 22.4551 -2.9671
v -47.5686 22.2907 -2.7971
v -46.4059 22.2907 -2.7971
v -42.3353 22.3412 -2.4143
v -41.3076 22.3412 -2.4143
v -52.4273 23.7710 -2.4867
v -50.7138 23.4874 -1.8699
v -48.2979 22.9978 -1.9327
v -45.6003 23.3109 -1.9327
v -43.1580 23.0234 -1.7030
v -40.5414 23.1624 -1.7030
v -38.2955 24.2352 -2.0202
v -36.7098 24.3583 -2.9428
v -59.5531 27.4252 -1.3791
v -58.3743 27.1255 -2.0819
v -55.6420 26.6063 -1.8862
v -53.0626 26.3595 -1.5665
v -50.7172 26.7886 -1.7788
v -49.3367 27.4787 -3.1085
v -41.8980 27.5193 -0.6399
v -40.5131 26.8821 -1.6384
v -38.2955 25.6765 -2.0202
v -36.7098 25.5100 -2.9428
v -62.0710 29.7615 -1.8862
v -60.4887 28.3213 -2.0819
v -59.3625 27.5340 -3.0458
v -51.9876 27.5786 -0.6936
v -50.6202 27.8996 -1.9011
v -49.3367 28.2206 -3.1085
v -42.3447 28.7172 -1.6384
v -40.4924 28.8551 -1.5617
v -38.2246 29.6825 -1.8155
v -35.6420 29.3214 -2.7544
v -34.2346 29.6063 -2.9492
v -67.5502 31.9715 -1.1536
v -66.1568 31.9715 -1.1536
v -62.3709 31.0516 -1.7801
v -61.1729 31.7386 -2.5427
v -44.5027 32.3005 -3.0493
v -43.2579 31.3458 -2.3847
v -40.3940 31.2602 -1.9734
v -38.3895 30.9344 -2.0015
v -35.1254 31.4764 -2.1545
v -33.6103 31.3629 -2.2091
v -31.1067 31.8874 -1.2748
v -69.7333 34.7607 -0.8525
v -68.1796 33.9762 -1.8364
v -65.4509 33.2589 -1.9466
v -63.2277 33.0933 -1.7801
v -61.1729 32.9157 -2.5427
v -54.5235 34.7622 -3.0027
v -54.2434 34.7622 -3.0027
v -44.5027 32.5983 -3.0493
v -44.3305 32.5983 -3.0493
v -39.3970 32.5512 -3.1300
v -39.3877 32.5512 -3.1300
v -34.4366 32.5763 -3.0214
v -33.1420 32.7188 -2.9041
v -30.4208 32.8476 -2.0194
v -28.1420 33.2490 -1.8862
v -25.6420 33.4880 -1.8862
v -23.1420 34.0056 -1.8862
v -20.6420 34.3767 -1.8862
v -18.0151 34.5580 -1.7590
v -16.4956 34.7664 -2.5076
v -69.7333 35.3825 -0.8525
v -68.0023 36.1750 -1.6761
v -65.6420 36.7787 -2.0503
v -63.9771 37.0846 -2.3248
v -54.5235 35.5548 -3.0027
v -54.2434 35.5548 -3.0027
v -29.5361 37.3479 -3.0098
v -28.7776 37.3479 -3.0098
v -17.0972 35.3815 -0.8410
v -15.7349 36.3087 -1.8359
v -14.2493 37.2359 -2.8307
v -72.2706 39.8212 -1.2995
v -70.8261 39.1901 -2.0342
v -68.0742 38.0617 -1.7543
v -65.3949 38.7727 -2.2666
v -63.1431 38.6834 -2.1621
v -61.3103 39.4583 -2.3254
v -44.9661 39.3141 -0.8776
v -44.2005 39.3141 -0.8776
v -29.5361 37.8280 -3.0098
v -28.0898 38.5564 -2.6709
v -26.6236 39.2847 -2.3320
v -15.4340 38.7121 -1.9529
v -14.2493 37.8394 -2.8307
v -72.4284 41.2710 -1.7376
v -71.7927 41.2710 -2.9876
v -64.6992 41.4853 -2.1354
v -63.1798 41.4853 -1.2761
v -61.2449 41.2710 -2.0622
v -54.5321 42.4111 -3.0493
v -54.2616 42.4111 -3.0493
v -47.1182 42.0585 -1.8862
v -45.8471 41.2889 -1.4540
v -43.1107 41.3428 -0.8343
v -41.7692 42.4228 -0.7910
v -27.4021 40.5317 -2.3320
v -26.6236 40.5317 -2.3320
v -17.1544 42.0670 -2.5515
v -16.5192 41.2486 -1.7854
v -72.4670 43.5471 -2.1193
v -71.8696 42.5644 -3.1081
v -67.3962 44.5242 -2.7200
v -65.3738 43.6837 -2.2435
v -63.2952 43.7093 -1.7437
v -61.3363 43.7710 -2.2974
v -57.3916 44.5867 -2.5834
v -55.4761 43.7604 -2.2824
v -53.3137 43.7547 -2.2544
v -50.7774 44.1385 -1.7765
v -48.3682 43.0008 -1.8862
v -45.4400 43.6766 -1.9916
v -43.0448 43.5418 -1.8431
v -41.7692 42.6366 -0.7910
v -35.1464 44.7700 -2.7330
v -34.1270 44.7700 -2.7330
v -24.4626 44.9449 -0.7041
v -24.3239 44.9449 -0.7041
v -17.5508 43.6290 -1.7854
v -16.7828 42.7010 -0.8848
v -72.6154 46.2115 -1.9679
v -71.4458 47.0053 -2.8557
v -67.6825 46.2710 -2.2411
v -65.9798 46.2710 -2.2411
v -62.8055 46.2710 -2.4195
v -60.6161 46.3201 -2.3981
v -58.1605 46.2742 -1.8892
v -55.4998 46.2257 -0.8688
v -53.2161 46.2938 -0.8408
v -51.7010 45.4756 -0.8701
v -47.2055 46.8452 -2.6836
v -45.6840 46.1621 -1.9561
v -44.0687 45.4791 -2.8952
v -39.7643 47.1162 -2.7734
v -38.1420 46.7057 -2.8127
v -35.6559 46.3195 -2.9004
v -34.1270 45.8002 -2.7330
v -24.4626 45.2742 -0.7041
v -24.3239 45.2742 -0.7041
v -18.1163 46.2710 -1.8862
v -72.6940 48.8827 -1.9679
v -71.4458 48.1239 -2.8557
v -67.4163 48.6916 -1.8451
v -66.0305 48.6748 -2.1678
v -63.2269 48.3498 -1.8611
v -60.8008 48.7751 -1.9363
v -58.1145 48.1805 -1.9715
v -55.6711 48.7132 -1.3750
v -54.0988 47.7331 -0.6933
v -47.2055 48.0301 -2.6836
v -45.4679 48.9469 -1.8487
v -44.3357 49.8637 -1.0138
v -39.7643 48.2045 -2.7734
v -38.1420 48.1106 -2.8127
v -35.3338 48.4554 -2.9752
v -34.2744 49.2872 -2.8826
v -29.4514 50.0008 -0.9316
v -29.3589 50.0008 -0.9316
v -21.9991 49.8913 -0.7473
v -21.7991 49.8913 -0.7473
v -17.4896 48.3641 -1.8862
v -16.7031 49.6141 -1.8862
v -72.7519 51.2710 -1.8862
v -67.6037 51.2710 -1.7027
v -66.7467 51.2710 -2.9527
v -60.8944 51.2710 -1.8862
v -55.9789 51.2710 -1.8862
v -47.7241 51.5015 -1.8862
v -45.4880 50.2401 -1.8627
v -43.2997 51.0265 -1.8280
v -40.6420 51.5565 -2.5732
v -38.9475 51.7818 -2.8795
v -34.7101 51.2710 -2.7086
v -34.1320 51.2710 -2.7086
v -29.4514 50.0707 -0.9316
v -29.3589 50.0707 -0.9316
v -21.9991 50.0966 -0.7473
v -21.7991 50.0966 -0.7473
v -17.6819 51.6891 -2.5211
v -16.5744 51.0219 -1.7671
v -72.1673 53.9140 -1.9189
v -71.5202 54.8426 -1.1074
v -67.3421 53.3530 -1.3632
v -65.6497 53.9670 -2.0950
v -64.0538 54.5810 -1.1601
v -60.0313 53.0156 -1.8862
v -58.1420 53.4415 -1.8862
v -56.3753 52.9469 -1.8862
v -51.9256 54.9631 -0.6632
v -51.8747 54.9631 -0.6632
v -47.6696 53.9806 -1.8420
v -45.6420 54.9644 -1.0481
v -43.4151 54.3032 -1.7288
v -40.6420 53.7710 -2.1328
v -38.9965 53.7710 -2.8755
v -34.7061 52.7518 -2.8196
v -34.1629 52.7518 -2.8196
v -27.3681 54.7319 -2.8159
v -26.5902 54.7319 -2.8159
v -21.9858 54.7982 -3.0356
v -20.5093 54.3716 -2.0758
v -18.3659 53.1298 -1.7671
v -16.6146 52.7286 -0.8544
v -71.9571 55.1442 -2.7741
v -70.5072 56.0042 -2.0726
v -68.7454 56.8641 -1.3710
v -64.4703 55.2779 -2.8268
v -63.2731 56.2419 -1.8176
v -61.8288 57.2060 -0.8085
v -51.9256 55.1716 -0.6632
v -50.7875 56.1809 -1.6342
v -48.0493 56.2316 -1.7922
v -45.6420 55.2402 -1.0481
v -43.3135 55.8367 -1.4649
v -40.8661 56.1497 -2.0093
v -39.3091 55.1434 -3.0453
v -32.2095 57.2295 -1.8862
v -30.6420 56.5524 -1.8862
v -28.1777 55.7710 -1.9440
v -25.7109 55.6879 -1.9440
v -22.9483 55.5961 -2.0758
v -21.2542 55.3540 -1.3689
v -69.4942 57.6034 -3.0377
v -68.0041 57.8561 -2.0771
v -65.6420 58.3666 -1.8862
v -63.2522 57.9642 -1.7395
v -61.8288 57.6083 -0.8085
v -54.6841 59.7685 -2.8520
v -53.1420 59.7452 -2.8446
v -50.5770 58.9518 -2.6948
v -48.1688 58.6619 -1.6764
v -45.6659 59.6300 -2.1519
v -43.0296 58.7579 -2.1202
v -41.5009 58.6154 -2.0170
v -32.2095 57.7610 -1.8862
v -30.3941 59.0487 -1.6384
v -28.4401 59.6260 -1.6252
v -26.4914 59.5047 -0.9438
v -55.0004 61.4572 -1.9657
v -53.2603 61.4572 -1.5200
v -50.5280 61.1406 -2.6305
v -47.9055 61.1406 -2.9903
v -45.8372 60.9913 -2.2893
v -43.2437 61.3794 -1.6475
v -41.1902 61.2710 -2.6503
v -37.4922 62.0148 -1.8862
v -35.6420 61.3620 -1.8862
v -32.9874 61.7133 -2.0439
v -30.5057 61.2861 -1.8111
v -28.4401 60.4914 -1.6252
v -26.4914 60.4557 -0.9438
v -54.9334 63.0548 -1.8862
v -53.2603 63.2756 -1.7533
v -51.2854 63.0669 -2.4981
v -46.9144 62.5561 -3.1286
v -46.8830 62.5561 -3.1286
v -42.4782 63.1205 -1.0203
v -40.4906 63.3687 -1.8667
v -38.7422 63.1310 -1.8862
v -32.0510 62.5884 -2.9824
v -31.6158 62.5884 -2.9824
v 30.2345 -62.9433 1.4887
v 31.8580 -62.9594 1.3897
v 34.3203 -62.6463 0.5389
v 36.8580 -62.8334 -0.3957
v 39.3580 -62.8572 -0.2243
v 41.8580 -62.6466 -0.3532
v 44.3580 -62.9843 -0.1769
v 46.2399 -63.1193 -0.0654
v 25.5141 -60.0506 1.7202
v 26.9961 -60.0444 0.7176
v 29.2487 -60.7187 0.5238
v 31.9798 -61.0323 0.1230
v 34.3079 -61.4456 0.5346
v 36.8580 -61.2290 0.3352
v 39.3580 -61.2290 0.8241
v 41.8580 -61.2290 0.8303
v 44.3580 -61.2290 0.5093
v 46.2027 -61.2290 -0.1016
v 15.5669 -57.5193 1.8136
v 16.8580 -57.6379 1.6674
v 18.3323 -57.6505 1.6522
v 25.1674 -58.5462 0.7777
v 26.9961 -59.5506 0.7176
v 29.2090 -59.7320 0.4881
v 31.2277 -59.6203 -0.4054
v 35.1498 -59.2618 1.4123
v 36.8580 -59.0233 1.3447
v 39.3580 -59.4948 1.6623
v 41.8580 -59.7897 1.7974
v 44.2658 -58.9900 0.6546
v 45.7690 -59.8316 -0.4942
v 55.5409 -57.5119 1.7932
v 55.7251 -57.5119 1.7932
v 15.5669 -56.6974 1.8136
v 16.6194 -56.0100 1.3946
v 19.2642 -55.8289 0.8121
v 21.7262 -55.3243 0.8337
v 23.9145 -56.2035 0.6609
v 44.9709 -56.3455 0.3778
v 46.6244 -56.0079 0.3778
v 49.5669 -55.6515 0.4490
v 51.8065 -55.1642 0.4490
v 54.5677 -56.3816 0.8215
v 56.7511 -56.2921 0.7027
v 58.5169 -55.5592 1.2788
v 14.9694 -53.3086 1.1487
v 16.5592 -54.0616 0.4129
v 19.3447 -54.8288 0.7427
v 21.7262 -54.7537 0.8337
v 23.4259 -54.6644 -0.1410
v 30.0515 -52.7224 1.6154
v 30.7834 -52.7224 1.6154
v 40.2249 -52.7674 0.1605
v 41.1139 -52.7674 0.1605
v 45.5639 -54.9405 -0.6128
v 45.6353 -54.9405 -0.6128
v 50.5395 -54.6658 1.1724
v 50.9388 -54.6658 1.1724
v 57.7771 -54.4844 -0.3879
v 59.3627 -53.4922 0.3579
v 62.0226 -52.5379 0.4077
v 64.3580 -52.7230 0.6138
v 66.8580 -52.8649 0.6138
v 68.4122 -52.6788 0.6138
v 14.8721 -51.2290 1.0777
v 16.7380 -51.0569 -0.2222
v 19.3580 -50.1469 -0.3624
v 20.7307 -50.0730 -0.3426
v 30.0515 -52.1834 1.6154
v 30.7834 -52.1834 1.6154
v 40.2249 -52.1292 0.1605
v 42.0947 -51.0658 0.9489
v 43.1207 -50.0025 1.7372
v 60.2085 -52.2107 1.1037
v 61.2990 -52.2107 1.1037
v 69.8388 -51.2028 0.3828
v 70.9209 -50.3521 1.0622
v 15.3473 -48.7290 1.6057
v 16.7218 -48.9265 0.2002
v 19.3580 -49.8376 -0.3624
v 20.7307 -49.8778 -0.3426
v 28.0657 -47.4882 1.8373
v 28.1281 -47.4882 1.8373
v 32.8366 -47.6424 -0.2407
v 33.3092 -47.6424 -0.2407
v 42.9340 -48.8502 0.9582
v 43.2273 -48.8502 0.9582
v 50.4859 -47.5694 1.7193
v 50.9946 -47.5694 1.7193
v 55.1849 -47.6521 1.7779
v 56.8580 -47.7016 1.5064
v 59.3580 -47.6817 1.0403
v 60.7272 -47.6256 1.1564
v 70.5869 -49.9274 -0.6045
v 70.9594 -48.9481 0.3828
v 13.0203 -45.2449 0.6138
v 14.6050 -46.5017 0.8571
v 15.7977 -47.1623 0.1860
v 28.0657 -47.4602 1.8373
v 29.2747 -46.3181 1.7761
v 32.2774 -46.1125 0.8546
v 33.2603 -46.2029 0.7608
v 37.8545 -45.2212 1.7403
v 39.4206 -45.1026 0.5533
v 42.1404 -45.8873 0.3289
v 43.3159 -46.3389 0.8101
v 50.4859 -47.0924 1.7193
v 50.9946 -47.0924 1.7193
v 55.2864 -46.2537 0.6444
v 56.4036 -46.3367 0.6512
v 59.3580 -47.1871 1.0403
v 61.9087 -46.1476 1.5048
v 63.1266 -44.9904 1.8531
v 70.5174 -45.1257 -0.4799
v 70.8757 -46.0670 0.4576
v 12.8309 -43.8456 0.5993
v 13.3239 -43.0900 -0.2437
v 30.4213 -44.7870 1.7148
v 31.8580 -44.7639 1.6760
v 33.2113 -44.8843 1.7624
v 37.7628 -43.6099 0.8044
v 39.0925 -43.9522 0.5086
v 41.7024 -44.1353 0.3276
v 43.2980 -44.6771 1.4411
v 50.5549 -42.7818 -0.5654
v 50.6794 -42.7818 -0.5654
v 55.3881 -44.7848 -0.4891
v 55.7978 -44.7848 -0.4891
v 63.0895 -43.7307 0.6126
v 63.1232 -43.7307 0.6126
v 69.9732 -43.7290 -0.0602
v 70.8629 -43.7290 1.1898
v 12.5626 -41.1128 0.5993
v 13.3239 -41.8687 -0.2437
v 23.0104 -40.2265 1.7831
v 23.1669 -40.2265 1.7831
v 27.9957 -40.0674 -0.4260
v 29.3580 -40.3757 0.0371
v 31.1559 -40.4195 0.0513
v 35.2219 -40.4200 0.6138
v 36.8459 -41.7159 0.6667
v 39.5317 -41.2895 0.5340
v 40.7487 -41.9599 -0.4673
v 50.5549 -42.4249 -0.5654
v 50.6794 -42.4249 -0.5654
v 63.0890 -42.4445 -0.6280
v 63.1199 -42.4445 -0.6280
v 67.6315 -40.9116 0.6138
v 69.1545 -41.9028 0.7308
v 70.7745 -41.9418 1.6422
v 12.7140 -38.7030 0.4831
v 13.9400 -37.8523 1.2293
v 17.2765 -37.7915 1.3675
v 19.2930 -38.1988 0.5660
v 22.0494 -39.1384 0.8154
v 23.8293 -38.6061 0.8154
v 27.9957 -39.8888 -0.4260
v 29.5973 -38.7638 0.6460
v 31.7286 -38.6287 0.6700
v 34.5172 -38.9115 0.6114
v 36.1337 -38.2045 1.6009
v 40.0010 -38.8465 0.5764
v 41.1502 -38.0914 -0.2818
v 65.3503 -37.6473 -0.3861
v 66.8192 -38.7413 0.1853
v 68.9734 -38.3118 0.6138
v 13.0154 -37.2544 -0.4374
v 13.9803 -36.3442 0.4831
v 17.2765 -36.7714 1.3675
v 18.4434 -36.0544 0.5660
v 22.9508 -35.1454 1.5545
v 24.5130 -36.0728 0.5899
v 25.8067 -35.3335 -0.3748
v 30.3419 -37.0338 0.6138
v 31.6632 -36.3488 0.4105
v 34.3580 -36.2290 0.4920
v 37.0178 -36.1614 0.7359
v 39.2925 -36.7681 0.5764
v 41.1502 -37.2628 -0.2818
v 48.0174 -35.2552 1.6929
v 48.2451 -35.2552 1.6929
v 57.4178 -35.1250 1.6058
v 58.3906 -35.1250 1.6058
v 65.3503 -37.2921 -0.3861
v 65.7362 -37.2921 -0.3861
v 70.2234 -36.9021 0.6138
v 70.8786 -35.6521 0.6138
v 14.8265 -33.5679 0.7211
v 16.8580 -33.0940 1.3457
v 18.5729 -33.8821 0.5920
v 22.3584 -33.7282 0.6782
v 24.3995 -33.7282 0.0135
v 26.7272 -33.5602 -0.1625
v 29.4548 -32.8885 0.5023
v 31.7479 -33.5859 0.3326
v 34.3580 -33.7290 0.0172
v 36.9843 -33.8276 0.0171
v 39.4510 -33.0399 0.4886
v 41.8580 -32.9517 1.1682
v 43.3806 -32.5684 1.6753
v 48.0174 -34.6091 1.6929
v 48.2451 -34.6091 1.6929
v 55.5256 -33.0232 1.7683
v 56.6195 -33.8059 1.6871
v 58.3906 -34.5886 1.6058
v 68.0006 -32.6111 -0.4077
v 69.2318 -33.2940 0.5009
v 70.8786 -34.6487 0.6138
v 15.3503 -32.2150 -0.0407
v 16.8580 -32.0065 0.0957
v 19.3306 -31.3923 -0.2371
v 21.3692 -31.3946 0.6145
v 25.2382 -31.2290 0.0666
v 26.6428 -31.3014 1.0645
v 28.6860 -32.1830 1.2613
v 32.4822 -31.2290 1.0074
v 34.3580 -31.2290 -0.0471
v 36.9805 -31.2366 0.8134
v 39.2627 -31.5915 0.4454
v 42.2905 -30.9323 0.4302
v 43.3376 -31.2501 0.6014
v 55.4240 -31.2575 0.7524
v 56.4137 -31.1232 0.6356
v 59.4640 -30.7503 0.4781
v 61.8580 -31.1832 0.6138
v 64.3580 -30.6860 0.6138
v 67.0435 -31.5467 0.5009
v 68.3144 -32.0824 1.2589
v 20.0290 -29.4879 -0.2183
v 22.0245 -29.1563 0.6145
v 24.5206 -29.4267 0.7476
v 25.6661 -29.9386 1.6702
v 32.9385 -28.7290 1.5030
v 34.3580 -28.7290 0.9289
v 36.1109 -28.7290 1.2897
v 39.7829 -29.5228 -0.3620
v 41.8235 -29.1516 0.1530
v 43.2947 -29.8955 -0.4725
v 52.7731 -28.0932 1.3988
v 54.4653 -28.8265 0.5677
v 56.8580 -29.2348 -0.2139
v 59.4640 -29.2143 0.4781
v 61.3608 -28.2029 0.6138
v 33.0791 -27.4516 1.7938
v 34.3580 -27.4290 1.7365
v 35.6576 -27.4398 1.7641
v 40.4445 -25.4588 1.6200
v 41.2285 -26.2669 0.7175
v 50.5876 -25.0028 -0.5856
v 51.9367 -26.0371 0.4066
v 54.3905 -26.2087 0.5608
v 56.8580 -25.7751 0.0638
v 59.3580 -25.7897 0.1894
v 61.2882 -26.2108 0.6797
v 40.4445 -24.6475 1.6200
v 41.9756 -24.2305 0.7175
v 44.2265 -23.0420 0.6138
v 47.3353 -22.8576 1.1437
v 49.3758 -23.7826 0.2791
v 51.1003 -24.7077 1.0811
v 55.1728 -24.7940 1.3895
v 56.8580 -24.7522 1.3138
v 59.3580 -24.8176 1.4394
v 60.7378 -24.8811 1.5570
v 45.4765 -22.4434 0.6138
v 46.6444 -22.4277 0.4318
v 48.1640 -22.4410 -0.5229
v -57.0630 24.6483 1.6827
v -55.6420 24.2496 1.3509
v -53.8989 24.3651 1.3610
v -50.0277 24.3348 -0.2939
v -48.1420 24.2777 -0.0491
v -45.6420 24.6032 0.0201
v -43.1420 24.2438 0.0951
v -40.6420 24.1968 -0.0585
v -39.2312 24.7061 -0.4064
v -61.9981 27.4010 1.6653
v -60.4887 27.2302 0.7447
v -57.9946 26.1463 0.7552
v -55.6420 25.7548 0.1009
v -53.3597 26.2640 0.5621
v -50.4434 26.2710 0.0637
v -48.1420 26.2710 0.9202
v -45.7451 26.2536 1.3097
v -43.0109 26.4639 0.6847
v -40.6420 25.8212 -0.0585
v -39.2312 25.2563 -0.4064
v -70.0941 29.5443 1.4006
v -68.8904 29.5443 1.4006
v -62.4654 28.8433 0.7447
v -61.2198 28.0582 -0.0014
v -52.2215 27.8517 0.6138
v -50.8517 27.9735 0.7183
v -47.9312 28.7089 1.5286
v -46.6232 28.7710 1.6267
v -42.3256 28.9240 0.6303
v -40.6487 29.8607 0.5524
v -39.2210 29.8620 -0.3699
v -32.0864 29.8861 1.4835
v -30.6420 29.8346 1.4351
v -29.2224 29.9073 1.6726
v -70.1167 31.2710 1.3216
v -68.2203 31.3285 0.6690
v -65.4509 31.7287 0.5988
v -63.7374 31.1597 0.5988
v -46.9572 30.0777 1.6795
v -46.7785 30.0777 1.6795
v -42.0436 30.5337 -0.1920
v -40.6487 30.3771 0.5524
v -38.2894 30.7234 0.5236
v -35.6420 31.6903 0.6138
v -33.0086 30.8936 0.6356
v -30.4208 31.1409 0.0477
v -28.8627 31.2710 1.1290
v -72.3580 34.3716 1.1636
v -70.5281 33.7328 0.5505
v -69.2169 33.0940 -0.0626
v -64.4902 32.6660 -0.2445
v -64.1181 32.6660 -0.2445
v -59.5594 34.9055 1.6460
v -59.0045 34.9055 1.6460
v -29.4400 32.6117 -0.5914
v -28.0703 33.2022 0.3907
v -25.6280 34.4530 0.6204
v -23.3037 34.4550 0.6204
v -20.6420 33.9811 0.6138
v -18.3639 34.4450 0.6138
v -72.3580 35.6970 1.1636
v -70.7057 36.3731 0.3485
v -68.8624 37.0492 -0.4665
v -59.5594 35.2509 1.6460
v -59.0045 35.2509 1.6460
v -24.7854 35.5014 1.4581
v -24.2448 35.5014 1.4581
v -17.1139 35.3491 0.6138
v -16.2591 36.5991 0.6138
v -72.4446 39.4561 0.6138
v -70.7636 38.1710 0.4656
v -68.8624 37.6909 -0.4665
v -44.9661 39.3141 -0.2036
v -44.2005 39.3141 -0.2036
v -37.3813 39.4332 1.1454
v -36.3076 39.4332 1.1454
v -29.6192 39.8998 1.7134
v -29.2976 39.8998 1.7134
v -16.9426 40.0074 1.7699
v -16.2898 39.0129 0.8075
v -73.0450 41.2710 0.6138
v -64.5181 42.4615 -0.5409
v -64.0384 42.4615 -0.5409
v -46.9863 42.0838 -0.5501
v -45.8586 41.1733 -0.3769
v -43.1107 41.3428 -0.2877
v -41.7692 42.4228 -0.3718
v -37.5291 41.2710 0.7346
v -36.2271 41.2710 0.7346
v -29.6192 40.2809 1.7134
v -29.2976 40.2809 1.7134
v -16.9426 40.0434 1.7699
v -16.4801 41.0344 0.8075
v -74.7203 44.5655 1.3729
v -73.6859 43.7477 0.5693
v -64.5181 42.5826 -0.5409
v -64.0384 42.5826 -0.5409
v -50.0344 44.6177 0.0048
v -47.9486 43.7790 0.0698
v -46.6054 43.7710 -0.2345
v -42.0209 42.6366 -0.3718
v -41.7692 42.6366 -0.3718
v -37.2522 42.7951 1.0767
v -36.5899 42.7951 1.0767
v -24.4626 44.9449 -0.5887
v -24.3239 44.9449 -0.5887
v -19.5317 44.8209 1.5732
v -18.2771 44.5943 0.8182
v -16.5156 43.6290 0.7834
v -74.6938 46.2710 1.2950
v -73.9719 46.2710 0.0450
v -57.4278 46.8910 0.6138
v -56.2355 46.8910 0.6138
v -52.4321 47.1423 -0.1984
v -50.9019 46.1600 0.7366
v -48.0848 46.1150 1.2407
v -46.3300 46.2710 -0.0208
v -24.4626 45.2742 -0.5887
v -24.3239 45.2742 -0.5887
v -19.6590 46.2710 1.2371
v -18.3403 45.8574 0.7340
v -16.7913 45.3059 1.7299
v -74.4662 47.5953 1.5963
v -73.6850 48.5656 0.7033
v -67.8175 48.7998 0.6138
v -65.6420 47.9620 0.6138
v -63.1420 48.8116 0.6138
v -61.3829 49.6495 0.6138
v -57.5392 48.8460 0.6793
v -55.7754 49.0536 0.2679
v -53.2161 48.6482 0.0382
v -51.2431 48.7710 1.2929
v -47.2133 48.1957 1.4014
v -45.5877 49.0297 0.5307
v -44.3357 49.8637 -0.3399
v -29.4514 50.0008 -0.6093
v -29.3589 50.0008 -0.6093
v -21.9991 49.8913 -0.5252
v -20.7037 48.7980 0.3968
v -18.2576 48.1200 0.5368
v -16.6164 49.3819 0.6138
v -72.8083 51.2710 0.6138
v -68.6638 51.2710 0.6138
v -62.7224 51.8736 1.2080
v -61.2915 51.1326 0.4703
v -57.2562 50.3485 1.5562
v -55.7038 50.8756 0.4844
v -53.1420 51.2710 0.1991
v -50.4465 51.0572 0.8859
v -48.3048 51.3820 0.4711
v -45.6318 50.3805 0.5416
v -44.3357 50.0788 -0.3399
v -29.6505 51.1489 0.4152
v -28.9742 51.1489 0.4152
v -21.9991 50.0966 -0.5252
v -21.7991 50.0966 -0.5252
v -16.3003 51.2710 0.6138
v -72.2550 53.2042 0.6138
v -70.6689 54.2834 0.5513
v -68.2896 53.9502 0.3539
v -65.4944 54.2646 0.3644
v -63.3881 53.5580 0.3461
v -60.6989 53.7259 -0.0379
v -57.9982 54.4677 0.7834
v -55.5614 53.9725 0.6663
v -52.9122 53.9863 0.0610
v -50.6706 54.1227 0.3984
v -48.3048 53.4857 0.4711
v -45.6420 54.2798 0.6138
v -44.2362 54.8948 0.6138
v -29.8495 53.0863 1.4397
v -28.5894 53.0863 1.4397
v -19.5875 54.8653 -0.4933
v -18.1551 54.1365 0.4496
v -16.5759 52.7821 0.6138
v -69.8535 55.1975 -0.3236
v -68.0041 56.1269 -0.3550
v -65.4944 56.4056 0.9173
v -62.8185 56.5280 0.5764
v -61.1506 56.2959 0.5477
v -58.7357 55.1205 1.7298
v -54.7793 56.2710 1.7773
v -52.9122 56.1114 0.3378
v -50.9408 56.1114 0.4070
v -47.3534 56.9398 -0.4999
v -45.4262 56.5115 0.4456
v -43.3653 56.1783 0.1594
v -41.7826 57.1560 -0.4465
v -34.8899 57.2683 1.6569
v -32.9345 57.2646 0.7580
v -30.6420 57.1318 0.0554
v -28.1420 57.0665 0.1762
v -25.6835 56.9053 0.7576
v -23.1420 56.1811 0.6138
v -20.5093 55.6558 0.4496
v -18.9972 55.5199 1.1734
v -67.0788 57.6625 -0.4811
v -65.6420 58.0110 0.0550
v -63.1420 57.9704 0.1457
v -61.8288 57.6083 -0.3602
v -54.3995 57.5365 1.8474
v -53.1420 58.0819 1.2805
v -51.0829 58.2534 1.1024
v -47.3534 57.7559 -0.4999
v -46.0593 58.6619 0.4456
v -42.2040 57.6783 -0.4465
v -41.7826 57.6783 -0.4465
v -34.9353 58.7710 1.4517
v -32.9936 58.3341 0.7692
v -30.3941 58.6594 -0.0675
v -28.3905 58.7112 0.0290
v -25.6846 58.6564 0.8213
v -24.2516 59.4748 1.6225
v -54.5048 62.4147 -0.5816
v -54.1725 62.4147 -0.5816
v -45.3212 61.3794 0.5444
v -44.1448 62.2850 -0.3353
v -37.0306 62.3684 -0.0998
v -35.6386 61.3412 0.7107
v -33.1833 60.8973 0.6583
v -30.3941 60.7822 0.3792
v -28.1837 61.1222 0.5938
v -25.8376 61.1666 0.8770
v -24.2516 60.2108 1.6225
v -54.5048 62.6319 -0.5816
v -54.1725 62.6319 -0.5816
v -44.8855 62.8400 1.3314
v -43.2437 63.4018 0.5444
v -40.6420 64.0767 0.6138
v -37.9752 63.1278 0.6856
v -36.6586 62.6070 1.5668
v -26.9778 62.5459 1.7982
v -26.8505 62.5459 1.7982
v 30.2879 -62.8787 3.1138
v 31.7031 -62.9045 3.0691
v 33.2436 -62.6553 2.2060
v 25.5141 -60.0506 2.0044
v 26.0038 -60.0506 2.0044
v 29.6053 -61.2290 3.1138
v 32.4333 -61.8379 3.8727
v 33.4498 -61.0944 3.0691
v 40.4097 -60.0401 3.7034
v 41.8580 -60.0673 3.4076
v 43.1640 -60.0357 3.7493
v 15.4957 -57.5522 3.1138
v 16.8415 -57.6404 3.2132
v 19.1713 -57.6557 3.2854
v 21.2347 -57.6608 4.1247
v 25.1297 -58.7290 2.3829
v 26.8455 -58.8978 2.6350
v 28.7427 -58.8978 3.2197
v 34.5891 -58.5487 2.9604
v 36.8580 -57.7733 2.5669
v 39.2660 -58.8229 3.1718
v 41.8580 -59.7897 2.1576
v 43.3225 -58.8807 2.9951
v 55.5121 -57.5330 3.1138
v 55.7592 -57.5330 3.1138
v 15.1352 -56.0100 2.8657
v 16.6455 -56.2022 2.9899
v 19.3093 -56.7196 3.0986
v 21.8044 -56.3684 3.0132
v 24.2816 -56.7888 3.1947
v 26.8580 -56.8152 3.9724
v 28.4094 -57.1896 4.1237
v 35.1424 -57.0664 3.6914
v 36.8580 -57.1520 3.8169
v 38.1224 -57.4556 4.3070
v 44.5842 -56.8764 3.1138
v 46.8580 -56.4214 3.1138
v 49.5669 -55.6966 3.0190
v 51.6871 -55.1143 2.8849
v 54.4112 -56.0598 2.9340
v 56.9050 -56.3271 3.1843
v 58.5169 -55.5592 2.3980
v 12.7439 -53.0208 3.7931
v 14.1363 -53.9981 2.8301
v 16.7820 -53.8092 3.0308
v 19.3608 -53.7431 3.0481
v 20.7074 -54.8430 1.9017
v 30.0515 -52.7224 2.0558
v 30.7834 -52.7224 2.0558
v 45.4058 -52.8600 4.1510
v 46.3006 -52.8600 4.1510
v 50.2623 -53.7733 3.0120
v 51.4173 -54.0747 2.9651
v 54.4879 -53.8123 3.2592
v 56.8507 -53.7521 3.8069
v 58.9030 -53.6734 3.1843
v 62.9657 -52.5102 1.9070
v 64.3580 -52.6824 2.1390
v 66.8580 -52.8361 2.5100
v 68.4399 -52.7150 2.4017
v 12.8190 -51.2290 3.8998
v 13.6221 -51.2290 2.6498
v 17.9369 -52.3153 4.1945
v 19.4166 -51.1695 4.1720
v 20.6448 -50.0236 4.1496
v 30.0515 -52.1834 2.0558
v 30.7834 -52.1834 2.0558
v 43.0755 -50.0025 1.8698
v 44.2632 -51.0765 3.0104
v 46.3006 -52.1505 4.1510
v 49.9852 -51.9033 3.9016
v 51.8580 -51.8410 3.7848
v 54.3580 -51.8217 3.5203
v 56.1335 -51.8775 3.5490
v 60.0450 -52.0834 3.1138
v 62.0430 -51.3820 2.9203
v 64.3580 -51.2290 2.9442
v 66.7579 -51.2833 3.7830
v 69.4047 -51.2524 3.2917
v 70.9209 -50.3521 2.5150
v 13.0868 -49.9444 4.3158
v 14.6009 -48.8906 3.0919
v 15.9324 -47.8368 3.5346
v 20.5630 -49.8704 4.1496
v 20.6448 -49.8704 4.1496
v 28.0329 -47.5952 3.1138
v 28.1673 -47.5952 3.1138
v 43.0755 -49.5048 1.8698
v 43.1207 -49.5048 1.8698
v 50.4174 -47.7874 3.1138
v 51.8399 -47.7301 3.3387
v 54.1488 -47.5692 3.1345
v 56.8580 -47.7016 2.1118
v 59.3580 -47.6817 2.4760
v 61.7571 -48.5421 3.1830
v 64.3580 -49.4996 3.9190
v 65.8578 -49.8602 4.2009
v 70.3694 -49.7085 4.1816
v 70.9287 -48.8167 3.2545
v 13.0735 -45.0773 1.9766
v 14.6050 -46.0380 2.4099
v 16.8026 -46.1050 3.6800
v 18.3914 -45.1890 4.0934
v 28.0329 -47.3892 3.1138
v 29.1333 -46.4407 2.6211
v 31.8580 -45.2714 1.9835
v 33.2113 -45.1717 1.9230
v 37.8545 -45.2212 2.1987
v 38.2358 -45.2212 2.1987
v 43.0028 -45.7743 2.1940
v 43.2980 -45.7743 2.1940
v 48.0135 -45.1185 4.2709
v 49.5013 -46.2319 3.6097
v 51.8399 -47.1390 3.3387
v 54.1488 -47.4251 3.1345
v 56.8580 -47.2499 2.1118
v 59.3580 -47.1871 2.4760
v 61.9087 -46.1476 2.1536
v 63.1266 -44.9904 1.8748
v 70.9516 -46.2290 3.1138
v 12.8234 -43.7290 2.4558
v 14.2269 -43.9152 3.8133
v 16.8580 -44.6826 4.1309
v 18.3914 -44.6901 4.0934
v 30.4213 -44.7870 1.9642
v 31.8580 -44.7639 1.9835
v 33.2113 -44.8843 1.9230
v 37.8545 -44.5639 2.1987
v 38.2358 -44.5639 2.1987
v 43.0028 -44.6771 2.1940
v 43.2980 -44.6771 2.1940
v 47.9063 -43.7290 4.1907
v 48.6977 -43.7290 4.1907
v 58.0197 -42.5136 4.2815
v 58.2578 -42.5136 4.2815
v 63.0901 -44.9712 1.8748
v 63.1266 -44.9712 1.8748
v 71.1042 -43.7290 3.1138
v 12.4956 -41.3600 3.2698
v 13.3061 -42.2806 4.2071
v 17.7678 -40.2315 4.1472
v 18.6900 -40.2315 4.1472
v 23.0104 -40.2265 2.0259
v 23.1669 -40.2265 2.0259
v 35.2729 -40.2489 3.1138
v 36.9168 -40.5790 3.2008
v 38.5251 -40.6191 2.4255
v 47.9336 -41.6661 4.2259
v 48.7226 -41.6661 4.2259
v 58.0197 -42.4460 4.2815
v 58.2578 -42.4460 4.2815
v 67.6972 -40.6175 2.1085
v 69.3580 -40.6799 2.1634
v 71.0772 -41.1567 2.9567
v 12.6013 -39.4618 3.1138
v 14.6072 -38.4175 2.8644
v 16.6888 -38.7622 3.0060
v 19.4572 -39.4235 3.2339
v 22.0494 -39.6344 2.9611
v 24.3866 -38.9558 2.7789
v 26.1852 -38.1019 3.5319
v 30.5576 -37.6389 1.9354
v 30.6346 -37.6389 1.9354
v 35.2729 -39.3727 3.1138
v 36.9615 -38.7415 3.3899
v 38.6515 -38.7290 2.9029
v 50.1918 -38.1533 4.1448
v 51.0254 -38.1533 4.1448
v 67.6972 -39.5972 2.1085
v 69.3592 -38.7299 2.8969
v 70.9648 -39.5292 3.6853
v 15.2508 -36.2290 2.2142
v 16.6091 -36.0544 2.1787
v 18.1644 -35.1047 1.9214
v 22.9508 -35.1454 2.1299
v 24.6415 -35.9719 2.8309
v 26.1852 -36.7983 3.5319
v 30.5576 -37.4226 1.9354
v 30.6346 -37.4226 1.9354
v 35.5400 -35.2859 4.2514
v 36.7344 -36.2383 3.4695
v 38.4155 -37.1906 2.6876
v 48.0271 -35.1959 3.1138
v 49.0660 -35.9876 3.5557
v 51.0254 -37.0430 4.1448
v 57.4178 -35.1250 2.0471
v 58.3906 -35.1250 2.0471
v 67.9757 -35.1078 4.2088
v 69.3592 -36.0399 3.0936
v 70.7360 -35.3052 1.9785
v 15.1330 -34.2938 2.3301
v 16.8580 -34.3440 2.2567
v 18.1644 -34.8175 1.9214
v 22.6230 -33.7290 2.4165
v 24.1283 -33.7290 3.6665
v 30.3526 -32.7219 2.4456
v 31.5886 -32.8100 3.1971
v 34.5672 -33.7305 3.9694
v 35.7852 -33.7290 4.1822
v 40.0754 -33.0198 2.6593
v 41.8580 -32.9517 2.5410
v 43.3806 -32.5684 1.9713
v 48.0271 -34.6916 3.1138
v 48.2216 -34.6916 3.1138
v 55.5256 -33.0232 1.9218
v 56.6195 -33.8059 1.9844
v 58.3906 -34.5886 2.0471
v 67.9757 -34.3005 4.2088
v 69.0492 -33.7279 3.0936
v 70.7360 -34.8219 1.9785
v 22.6366 -31.2290 2.3028
v 24.5830 -31.4610 3.2515
v 26.6428 -31.0570 2.9003
v 29.4548 -32.0285 3.2129
v 31.7212 -31.7316 3.1303
v 34.4550 -31.2934 3.7099
v 36.7782 -31.2770 3.5939
v 39.2884 -31.9506 3.3411
v 41.8354 -31.5419 3.1486
v 43.3806 -32.3234 1.9713
v 55.5256 -32.3024 1.9218
v 55.8213 -32.3024 1.9218
v 60.1329 -30.6507 3.1138
v 61.8580 -31.4121 3.1138
v 64.3580 -31.1185 3.1138
v 66.8580 -31.2984 3.1138
v 68.2699 -32.1703 3.1138
v 22.9688 -29.8382 1.9784
v 24.3580 -29.8431 1.9954
v 25.6661 -29.9386 1.9246
v 32.9385 -28.7290 2.1099
v 34.4550 -28.8307 3.1107
v 36.1704 -28.8307 2.9138
v 41.4342 -28.7290 3.1138
v 52.7731 -28.0932 2.2529
v 53.6083 -28.0932 2.2529
v 60.1329 -29.4101 3.1138
v 61.3237 -28.1601 3.1138
v 33.0791 -27.4516 1.9034
v 34.3580 -27.4290 1.9560
v 35.6576 -27.4398 1.9472
v 40.2589 -25.8273 3.1138
v 40.8430 -27.0773 3.1138
v 52.6011 -26.2290 2.3706
v 53.7818 -26.2290 2.3706
v 61.6424 -26.2290 3.1138
v 40.0035 -23.7801 3.0674
v 41.8580 -23.0720 2.3220
v 44.6314 -22.7369 2.8887
v 46.6444 -23.3067 2.9307
v 49.4523 -23.5077 3.2060
v 51.8484 -23.8162 3.1256
v 54.3469 -24.3524 3.0358
v 56.8580 -24.2625 3.1138
v 59.3580 -24.4516 3.1138
v 60.9266 -24.6756 3.1138
v 40.0660 -22.0446 3.8697
v 41.8580 -21.7160 3.5720
v 44.6314 -22.1768 2.8887
v 45.6687 -22.4575 1.9753
v 50.3485 -22.3338 4.1008
v 50.9297 -22.3338 4.1008
v -57.0630 24.6483 2.3529
v -55.6420 24.2496 2.8101
v -53.8989 24.3651 2.6364
v -61.9981 27.4010 2.0583
v -60.6420 27.2294 2.3266
v -57.8749 26.4214 3.1530
v -55.6420 25.5460 4.0601
v -53.6425 26.0992 3.3274
v -47.3084 27.2714 3.7589
v -45.7451 26.8830 3.0009
v -43.9192 26.9107 3.1138
v -72.1457 29.8029 3.7653
v -70.8133 29.4646 3.0047
v -68.0911 29.4794 3.2026
v -65.6420 29.6697 3.6135
v -63.0905 29.1888 2.8232
v -60.6420 28.7710 3.0842
v -58.5029 28.7710 3.9815
v -52.6445 28.7510 3.1708
v -50.6242 29.2225 3.1708
v -47.9662 28.7473 2.8416
v -46.6232 28.7710 2.0804
v -42.6709 28.9240 3.1121
v -41.5730 29.8593 2.2776
v -32.1297 29.8222 3.1138
v -30.5345 29.7938 3.2186
v -29.2224 29.9073 2.4551
v -72.5286 31.2710 3.4799
v -71.3667 31.2710 2.2299
v -67.2238 30.6855 2.4285
v -65.6420 30.6928 2.3635
v -63.2372 30.4560 2.8859
v -60.6420 30.6227 3.8714
v -58.9117 30.1845 4.2647
v -52.2355 30.4160 4.0422
v -51.4456 30.4160 4.0422
v -46.9572 30.0777 1.9242
v -46.7785 30.0777 1.9242
v -42.1539 30.1907 3.9442
v -40.7006 30.3213 3.1121
v -38.1420 30.8690 3.1138
v -35.6748 31.9010 2.9518
v -32.8838 31.3911 3.1035
v -30.5345 31.2650 3.9546
v -28.8627 31.2710 2.7278
v -74.5020 34.6401 4.1829
v -73.2559 33.6725 3.1500
v -71.3229 32.7050 2.1171
v -59.5594 34.9055 2.1114
v -59.0045 34.9055 2.1114
v -37.2821 34.7323 4.0914
v -35.6748 33.8478 3.7148
v -33.0609 33.8829 3.7778
v -30.6420 33.3597 4.0339
v -28.0703 33.5254 3.2003
v -26.4298 34.6401 3.1138
v -22.5782 34.4804 2.4266
v -20.6420 34.2678 2.8826
v -18.6493 34.5572 2.6594
v -74.5020 35.2342 4.1829
v -73.1314 36.2989 3.1650
v -71.6781 37.3637 2.1471
v -59.5594 35.2509 2.1114
v -59.0045 35.2509 2.1114
v -47.0132 37.1250 4.2118
v -46.7936 37.1250 4.2118
v -37.2821 35.5074 4.0914
v -35.6420 35.5218 4.0675
v -33.8401 35.2023 4.2411
v -29.4747 37.4057 4.2701
v -29.3505 37.4057 4.2701
v -25.1703 36.3092 3.0320
v -23.2782 36.3462 3.1187
v -20.6420 35.4623 4.1326
v -17.9464 35.4418 3.3412
v -16.2508 36.7332 3.1138
v -72.2442 38.7737 3.1198
v -71.6258 38.7737 3.1198
v -47.0132 38.2165 4.2118
v -45.9632 39.0459 4.0893
v -44.1810 39.8752 3.9668
v -37.3785 39.3881 3.1138
v -35.5414 39.4357 3.2265
v -34.2220 39.8894 4.1350
v -29.5470 38.7327 3.0964
v -29.3240 38.7327 3.0964
v -24.6387 38.0436 3.8109
v -23.9781 38.0436 3.8109
v -19.4863 39.8082 4.0988
v -18.0114 39.9078 3.0131
v -16.2764 39.0129 2.9020
v -72.5087 41.2710 2.7965
v -70.7009 41.4022 4.0716
v -69.1941 42.3230 4.2999
v -61.9061 42.5081 4.3398
v -61.8364 42.5081 4.3398
v -45.1327 40.2685 3.9668
v -44.1810 40.2685 3.9668
v -40.0697 42.4242 4.2627
v -38.4973 41.4629 3.3031
v -35.1650 41.1285 3.2265
v -34.2220 40.2001 4.1350
v -29.6192 40.2809 1.9227
v -28.0953 41.3769 3.1425
v -26.8911 42.4729 4.3624
v -19.7802 41.2710 3.9126
v -18.1272 40.7449 3.0619
v -16.2721 41.0344 2.9020
v -74.7203 44.5655 2.5597
v -73.2764 43.6535 3.3859
v -70.6420 42.7453 4.2021
v -68.0942 43.6875 4.2632
v -66.7956 44.7753 4.2264
v -61.9061 42.5385 4.3398
v -61.8364 42.5385 4.3398
v -40.0697 42.7988 4.2627
v -38.1081 43.2031 3.3031
v -36.4216 43.1653 3.1138
v -26.8931 42.5228 4.3624
v -26.8911 42.5228 4.3624
v -19.6735 43.8583 3.0605
v -19.1096 43.8583 3.0605
v -15.9199 43.7710 3.1138
v -74.6938 46.2710 2.6029
v -73.9655 46.2710 3.8529
v -69.8397 47.3233 4.0839
v -67.9534 46.4024 3.6167
v -65.8341 46.4251 3.3854
v -63.1420 47.3349 3.7940
v -60.6420 47.4277 4.2233
v -58.2401 47.3289 3.2947
v -56.6703 47.1731 2.3185
v -51.9252 47.4719 4.2603
v -50.8184 47.0040 3.3017
v -48.8897 46.9116 3.1138
v -37.3058 46.9620 4.0255
v -35.6420 46.9063 3.9435
v -34.0403 47.2604 4.1417
v -19.6590 46.2710 2.1049
v -18.1672 46.1920 2.2134
v -16.3989 46.1920 3.0206
v -74.4662 47.5953 2.1533
v -73.0112 48.4816 2.9081
v -70.6606 48.6292 3.3493
v -68.3332 48.5218 2.2732
v -65.6420 47.5622 1.9938
v -63.1420 47.9556 2.5440
v -60.3545 48.9726 3.4368
v -58.2036 48.5399 3.1434
v -56.6495 48.7710 2.2979
v -51.9252 47.6507 4.2603
v -50.6261 48.5490 3.1592
v -48.2238 48.8215 3.0382
v -46.4582 49.8624 2.3516
v -37.3973 48.7710 3.9311
v -35.7126 48.6190 3.8844
v -34.0403 47.6844 4.1417
v -19.6083 47.7048 1.9553
v -17.9187 48.7133 2.8067
v -16.6398 48.8201 2.9181
v -72.0949 51.2710 2.1107
v -70.6420 51.2710 2.3443
v -69.2022 51.2710 2.0974
v -62.6599 51.9015 3.1138
v -60.8357 50.6515 3.1138
v -57.2562 50.3485 1.9879
v -56.7903 50.3485 1.9879
v -52.2665 51.9256 4.0966
v -50.5825 51.0035 3.0773
v -48.1420 50.4683 2.3753
v -46.4582 50.5572 2.3516
v -39.7520 52.3096 3.7865
v -38.1418 51.3224 3.9558
v -36.5929 50.3352 4.1251
v -29.8495 52.2271 2.5946
v -28.5894 52.2271 2.5946
v -17.8474 51.2710 3.3417
v -16.6965 51.2710 2.0917
v -72.0508 52.7769 2.0607
v -70.6420 52.9827 2.1525
v -69.2370 52.8807 2.0519
v -64.5627 54.2017 2.0620
v -63.2373 53.5157 3.1126
v -61.1299 54.4964 4.1632
v -57.0690 54.8734 1.9633
v -55.7979 54.6565 2.7727
v -53.1167 53.6722 3.6207
v -50.5462 54.2758 3.2176
v -48.2215 54.0870 3.0332
v -45.6045 54.0342 3.0583
v -44.2358 54.8609 2.1879
v -39.7520 52.7649 3.7865
v -39.1318 52.7649 3.7865
v -29.8495 53.0863 2.5946
v -28.5894 53.0863 2.5946
v -24.4888 54.9370 4.2914
v -24.3034 54.9370 4.2914
v -17.9745 53.6053 2.9378
v -16.7480 52.6616 1.9871
v -64.5627 55.6620 2.0620
v -63.1420 56.0196 2.4870
v -60.4348 55.5088 3.2434
v -57.9982 55.2011 2.9235
v -55.6002 55.8114 2.6470
v -52.9001 56.4933 3.2868
v -50.4748 56.0523 3.4611
v -49.1078 55.3175 3.8128
v -44.9226 56.3362 3.0583
v -44.2358 55.5463 2.1879
v -34.8899 57.2683 2.4248
v -33.8236 57.2683 2.4248
v -27.0429 57.3334 3.9219
v -25.5166 56.5078 3.2733
v -23.3389 55.6903 3.3204
v -20.6420 55.7467 3.1138
v -19.0864 55.4060 3.1138
v -54.3995 57.5365 1.8735
v -52.9001 57.9769 2.8696
v -51.2555 58.0792 3.1138
v -45.6413 58.7710 3.1138
v -34.9353 58.7710 2.5209
v -33.7048 58.7710 2.5209
v -27.0429 57.6292 3.9219
v -25.6343 58.5520 3.0372
v -24.2516 59.4748 2.1525
v -47.1954 62.1465 3.8367
v -46.3694 61.2963 3.0475
v -35.0119 61.2710 2.4144
v -33.1833 61.5071 2.3122
v -30.5441 61.8647 2.8717
v -28.5312 61.7181 3.1138
v -25.3970 61.1349 3.0370
v -24.2516 60.2108 2.1525
v -47.2122 63.7710 3.8651
v -45.6881 63.7124 2.7493
v -43.0190 64.2989 3.1482
v -40.6420 63.4764 3.1138
v -38.1420 63.2993 3.1138
v -35.7520 63.1526 3.1153
v -33.1420 63.0825 3.4379
v -31.3121 62.9581 3.5435
v -27.2812 62.6789 3.1138
v -26.6492 62.6789 3.1138
v -47.0155 65.1254 4.2261
v -45.6420 65.3592 3.9910
v -43.7702 65.3676 4.0045
v 30.5547 -62.5477 4.4025
v 30.7666 -62.5477 4.4025
v 30.3529 -61.2290 4.5755
v 31.7031 -61.0944 4.5684
v 33.1669 -60.1713 4.4225
v 40.4097 -60.0401 4.8854
v 41.8580 -60.0673 4.8984
v 43.1640 -60.0357 4.5549
v 15.4993 -57.5363 4.6699
v 16.9085 -57.5351 5.5820
v 19.2222 -57.5974 5.7087
v 21.2347 -57.6608 4.9234
v 29.9939 -58.7290 4.7820
v 31.8580 -58.7290 5.1253
v 34.2357 -58.2297 5.5169
v 36.8580 -57.7414 6.0930
v 39.2660 -58.7941 5.4943
v 41.8733 -58.8981 5.9374
v 43.2267 -58.7290 4.6896
v 55.5471 -57.5181 4.4052
v 55.6925 -57.5181 4.4052
v 14.9317 -56.3420 5.5475
v 16.9085 -57.3122 5.5820
v 19.2222 -57.3392 5.7087
v 21.9840 -56.8186 5.6996
v 24.3580 -56.1139 5.6138
v 26.8580 -56.1003 5.6138
v 29.2469 -56.1735 5.6304
v 31.9904 -56.0882 6.1231
v 34.3942 -56.9471 5.6797
v 36.8580 -57.1520 4.8430
v 38.1224 -57.4556 4.4366
v 42.6499 -56.2290 6.2170
v 44.1693 -56.1304 5.0136
v 46.8353 -55.8341 5.5311
v 49.3580 -56.3073 5.6138
v 51.0044 -55.4277 5.6138
v 55.4122 -56.2290 4.4985
v 55.8914 -56.2290 4.4985
v 12.7359 -53.0304 5.6138
v 14.3950 -53.5336 6.1337
v 16.8026 -52.5905 5.7220
v 18.2704 -52.6431 4.6170
v 30.0845 -54.6451 6.5829
v 31.2454 -54.6451 6.5829
v 42.7775 -53.7290 6.5569
v 44.4866 -53.7076 5.2855
v 46.9771 -53.5843 5.4315
v 49.2343 -52.8349 5.4777
v 51.0044 -54.0517 5.6138
v 55.4078 -54.7012 4.5020
v 56.8507 -53.7521 4.5169
v 58.5902 -52.8030 4.5317
v 12.7977 -51.3739 5.3883
v 14.5208 -51.3739 6.1655
v 16.9630 -51.6946 5.7418
v 19.4166 -51.1695 4.5191
v 20.6448 -50.0236 4.4212
v 38.0625 -50.0958 6.7079
v 38.1667 -50.0958 6.7079
v 42.9247 -51.2290 6.7523
v 44.3992 -51.0840 5.9561
v 47.0236 -51.6817 5.4777
v 49.3621 -51.2550 5.4109
v 51.9604 -50.5110 5.5064
v 54.1728 -50.4955 5.4928
v 56.9233 -51.1181 4.7070
v 59.4765 -51.1655 5.3757
v 61.3142 -50.5088 5.6138
v 67.5245 -50.4862 4.5630
v 68.7028 -50.4862 4.5630
v 13.0868 -49.9444 4.4047
v 14.3580 -49.5964 4.7686
v 16.4054 -48.6937 5.6632
v 20.5630 -49.8704 4.4212
v 20.6448 -49.8704 4.4212
v 28.0501 -47.6247 4.4550
v 28.1669 -47.6247 4.4550
v 38.0625 -49.5248 6.7079
v 38.1667 -49.5248 6.7079
v 43.0846 -49.9593 6.8520
v 43.3926 -49.9593 6.8520
v 50.4409 -48.7891 5.3465
v 51.5740 -48.6051 5.2079
v 53.9977 -48.4381 5.3067
v 56.8580 -49.0770 5.9169
v 58.6962 -49.3655 6.2196
v 62.5642 -49.4381 5.6138
v 64.4317 -48.4750 5.7183
v 66.7579 -48.9077 4.8603
v 69.4648 -48.8167 4.6215
v 70.7998 -48.0419 4.5566
v 17.2754 -46.5356 5.6138
v 18.4867 -45.2856 5.6138
v 25.5354 -45.0095 6.7943
v 26.8545 -46.1938 5.6246
v 28.1669 -47.3781 4.4550
v 32.9326 -45.1682 6.7167
v 33.6595 -45.1682 6.7167
v 47.7235 -45.2240 5.6138
v 49.3368 -46.1207 5.1043
v 51.8580 -47.3440 4.4127
v 53.1127 -47.4617 4.3679
v 65.1283 -46.2290 6.4229
v 66.8580 -46.2290 5.2332
v 69.3580 -46.2290 4.6419
v 70.7992 -46.2290 4.5816
v 14.9728 -43.2059 4.6238
v 16.8580 -43.4326 4.8890
v 18.7673 -43.8057 5.6280
v 25.5354 -44.9108 6.7943
v 25.6588 -44.9108 6.7943
v 32.9326 -44.4101 6.7167
v 33.6595 -44.4101 6.7167
v 47.4610 -43.7290 5.6138
v 49.0864 -43.7290 5.6138
v 57.9161 -42.5690 5.6138
v 58.3894 -42.5690 5.6138
v 65.2621 -44.1472 6.5185
v 66.8580 -43.7712 6.0119
v 69.1592 -43.5118 5.6821
v 70.8493 -43.7290 4.7295
v 12.8977 -40.6139 4.5725
v 14.2269 -41.3600 4.7703
v 16.9038 -41.1305 4.9092
v 19.5293 -41.2919 5.4529
v 21.4215 -40.6857 6.1017
v 27.5265 -40.2511 6.6707
v 28.2505 -40.2511 6.6707
v 35.2082 -40.2743 4.7576
v 36.1226 -40.2743 4.7576
v 47.8606 -40.9912 5.4491
v 48.6053 -40.9912 5.4491
v 57.9161 -42.3830 5.6138
v 58.3894 -42.3830 5.6138
v 69.5007 -41.2290 6.2852
v 71.0696 -41.2290 5.0352
v 12.8977 -39.7494 4.5725
v 14.3580 -39.6222 4.6769
v 16.1011 -39.7329 4.5726
v 20.3567 -39.9013 4.4351
v 22.0961 -39.8200 5.4066
v 24.3580 -39.6438 5.6138
v 26.9961 -38.9590 6.0668
v 28.2505 -39.5254 6.6707
v 35.2082 -39.2784 4.7576
v 37.0038 -38.4516 5.4072
v 38.2205 -37.6249 6.0568
v 48.0458 -39.9561 6.1727
v 49.3643 -38.8335 5.8533
v 51.8584 -37.9074 5.8292
v 53.1247 -37.5096 6.8062
v 58.0381 -37.5857 6.5030
v 58.3233 -37.5857 6.5030
v 67.6200 -38.1972 6.4630
v 69.1708 -38.8632 5.6660
v 70.9648 -39.5292 4.8690
v 25.3433 -35.1317 4.6189
v 26.5879 -36.0706 5.5169
v 32.5708 -35.1894 6.6058
v 34.5374 -35.2377 5.5565
v 36.7766 -36.3221 5.2820
v 38.2205 -37.3583 6.0568
v 48.0907 -34.9921 4.3775
v 49.3605 -36.2232 5.0840
v 51.8584 -37.2009 5.8292
v 53.1247 -37.4588 6.8062
v 58.0353 -36.2290 6.5689
v 59.2372 -36.2393 6.4994
v 61.0796 -35.4128 6.6497
v 67.7979 -36.0387 5.5121
v 68.3508 -36.0387 5.5121
v 25.3783 -33.7290 4.5682
v 26.7957 -33.6863 5.7540
v 29.3580 -33.2722 5.9505
v 31.6386 -33.8779 5.5204
v 34.6355 -34.0872 5.5719
v 35.7852 -33.7290 4.7964
v 48.0907 -34.9657 4.3775
v 48.1223 -34.9657 4.3775
v 58.0809 -34.9554 6.8314
v 59.3580 -34.6760 6.6789
v 62.0694 -33.5754 6.6777
v 63.1375 -32.5523 6.7058
v 68.0213 -33.4449 5.4279
v 68.1785 -33.4449 5.4279
v 25.5664 -32.4491 4.3812
v 26.8580 -32.1735 4.6602
v 29.3580 -32.1379 4.7005
v 30.7064 -32.4016 4.4349
v 35.0482 -31.2934 5.6238
v 36.8539 -31.1129 5.2638
v 39.1411 -30.7209 5.5767
v 40.8804 -30.7603 4.7187
v 49.8249 -30.0997 6.8459
v 50.6242 -30.0997 6.8459
v 60.2145 -30.2376 4.8167
v 62.3728 -31.4551 5.8119
v 63.8637 -31.4609 6.0860
v 67.0833 -31.9297 5.5223
v 68.1174 -32.4640 4.6280
v 34.9580 -28.8307 5.6568
v 36.9735 -28.9930 5.6999
v 39.1411 -28.9440 5.9489
v 40.8755 -28.7290 4.7071
v 47.2856 -28.3079 6.3573
v 49.1343 -29.1214 6.6016
v 50.6242 -29.9348 6.8459
v 60.2145 -29.3838 4.8167
v 61.7057 -28.6219 5.3239
v 63.5716 -28.7290 6.4742
v 35.3298 -27.1314 6.5187
v 36.8580 -26.7514 6.3680
v 39.3073 -26.2434 5.5073
v 40.6922 -27.2969 4.4667
v 47.2856 -27.0335 6.3573
v 48.4436 -27.0335 6.3573
v 53.0270 -25.0750 6.7089
v 54.3580 -25.5853 6.3921
v 56.2782 -25.6913 6.3897
v 60.3320 -25.2154 6.7490
v 61.6702 -26.2558 5.8381
v 63.4070 -27.2962 6.5938
v 39.0591 -23.7290 5.6138
v 45.4010 -22.7060 4.5832
v 46.9301 -23.4159 5.4954
v 49.4523 -23.3317 5.7368
v 51.9783 -23.5784 5.8472
v 54.3580 -24.3345 5.1421
v 57.0101 -24.5319 5.5794
v 59.4424 -24.6309 5.7949
v 60.9029 -24.6724 5.0823
v 39.7601 -21.6213 5.6138
v 41.7839 -20.4431 5.6106
v 44.4817 -21.0561 5.5125
v 46.1448 -21.8827 6.2498
v 50.3485 -22.3338 4.9855
v 50.9297 -22.3338 4.9855
v 42.5679 -19.8162 6.4418
v 43.5623 -19.8162 6.4418
v -57.0202 27.2572 4.4171
v -55.6420 26.7960 4.5505
v -54.1257 26.8180 4.5594
v -47.4732 27.1741 5.6138
v -45.5203 27.0226 5.7752
v -44.0298 27.1530 5.0494
v -72.1457 29.8029 4.8294
v -70.7317 29.5431 5.6432
v -68.0064 29.5579 5.6493
v -65.6420 29.6697 5.2134
v -63.9498 29.7459 5.0208
v -57.2529 28.7710 4.4709
v -55.6420 28.7710 4.9665
v -53.2130 29.1619 5.4918
v -50.6242 29.4200 5.5465
v -48.7232 28.2731 5.6138
v -44.6527 28.7710 6.6097
v -43.6918 28.7710 5.3597
v -37.2429 29.9481 6.6441
v -36.7938 29.9481 6.6441
v -32.0146 29.8908 4.4753
v -31.2961 29.8908 4.4753
v -72.5944 31.2799 5.6432
v -71.6248 30.4525 6.4961
v -67.0827 30.1502 6.5062
v -65.6420 30.3864 6.4634
v -63.1267 30.7494 5.7580
v -60.6420 30.8439 5.6138
v -58.0539 30.9749 5.5143
v -55.6458 31.3418 6.0236
v -53.1497 30.4859 5.5820
v -51.4456 30.4160 4.6683
v -44.4946 31.2710 6.7178
v -43.0492 31.1228 5.5495
v -40.5638 31.3906 5.6663
v -38.1026 30.4647 5.7320
v -36.2270 31.1969 5.7320
v -32.0146 30.4277 4.4753
v -31.2961 30.4277 4.4753
v -74.5020 34.6401 4.8811
v -73.5523 33.7925 5.6742
v -57.1961 32.8616 6.5753
v -56.4817 32.8616 6.5753
v -51.9140 34.9655 6.8025
v -51.8022 34.9655 6.8025
v -44.6421 33.7710 6.7727
v -43.1420 33.7710 6.0076
v -40.5638 33.7085 5.9773
v -38.1261 34.3330 5.5893
v -36.1344 33.3016 5.6138
v -32.1734 34.7908 4.4165
v -30.6420 34.6097 4.5138
v -28.1420 34.6201 4.6088
v -26.7157 34.8045 4.5431
v -74.5020 35.2342 4.8811
v -72.9902 35.9817 5.6164
v -71.3475 36.7291 6.3518
v -51.9140 35.0943 6.8025
v -51.8022 35.0943 6.8025
v -47.0132 37.1250 4.5047
v -45.7581 36.1822 5.6253
v -43.1420 35.5555 6.2572
v -40.6420 35.6666 6.0026
v -38.1261 35.8076 5.5893
v -35.6420 36.2279 5.6138
v -33.0609 35.8867 5.3954
v -30.6341 36.6024 5.2972
v -28.2776 36.5202 5.3605
v -25.6772 36.4619 5.4743
v -23.2096 37.2401 5.5098
v -20.6420 36.7123 4.6937
v -18.1420 36.7392 4.6578
v -16.6297 37.2269 4.5663
v -72.2382 38.0797 4.6851
v -71.0231 38.8562 5.5566
v -67.1440 39.7287 6.6959
v -66.7312 39.7287 6.6959
v -56.9792 39.8684 6.5513
v -56.7406 39.8684 6.5513
v -47.0132 38.2165 4.5047
v -45.9632 39.0459 4.5145
v -44.1810 39.8752 4.5243
v -37.0514 39.7649 4.4638
v -35.6420 39.7302 4.5237
v -34.2220 39.8894 4.4770
v -30.0052 37.9855 5.6138
v -28.9704 37.9855 5.6138
v -24.6387 38.0436 4.7388
v -23.1273 38.4593 5.6058
v -20.4486 38.8933 4.9913
v -18.2050 38.8933 4.6777
v -16.5669 38.7710 4.6140
v -69.9643 40.7370 5.6138
v -68.1951 41.2020 6.0775
v -66.7312 40.1553 6.6959
v -62.2977 42.1496 5.6138
v -61.4194 42.1496 5.6138
v -56.9792 40.2812 6.5513
v -56.7406 40.2812 6.5513
v -52.0462 42.5064 6.8217
v -51.8619 42.5064 6.8217
v -44.7677 41.3874 5.6811
v -44.2579 41.3874 5.6811
v -40.2243 42.0809 5.6138
v -37.9478 41.3943 5.5409
v -35.6970 41.1285 4.8443
v -34.2220 40.2001 4.4770
v -26.8931 42.4729 4.3647
v -26.8911 42.4729 4.3647
v -22.1393 40.6547 6.6363
v -21.1470 41.4012 5.7273
v -17.7656 41.2710 4.8451
v -16.4302 41.2710 4.8451
v -72.5300 44.4081 4.5992
v -70.6420 43.9953 4.9413
v -68.1309 43.7988 5.3073
v -65.8341 44.5454 5.7864
v -63.0920 43.6149 6.0942
v -61.4194 42.8319 5.6138
v -52.1233 43.7710 6.7137
v -51.8199 43.7710 6.7137
v -44.4026 42.8398 6.8380
v -44.3347 42.8398 6.8380
v -40.1761 43.6877 5.4894
v -38.1737 43.7857 5.5956
v -36.5669 43.1059 4.9514
v -26.8931 42.5228 4.3647
v -26.8911 42.5228 4.3647
v -20.2651 43.3661 5.6138
v -18.1677 43.9177 5.8310
v -16.3085 43.7710 5.3146
v -72.7155 46.2710 4.6628
v -70.6606 46.4024 4.9238
v -68.6610 45.6566 4.8985
v -65.1289 45.6945 5.0681
v -63.2474 46.2104 5.7864
v -60.6420 46.8579 5.6138
v -58.9315 47.1262 5.6138
v -51.9857 46.2839 5.5455
v -50.9483 46.5259 5.8751
v -49.1246 47.3864 5.6138
v -41.9021 47.5194 6.8589
v -40.7351 46.5562 6.5494
v -38.2378 46.2774 5.4457
v -35.6420 46.9063 4.7573
v -34.0403 47.2604 4.6006
v -17.4245 46.2710 6.5698
v -16.3512 46.2710 5.3198
v -72.3520 47.7013 4.5271
v -71.5064 47.7013 4.5271
v -59.5371 49.6425 5.6138
v -58.9315 48.3925 5.6138
v -51.9252 47.6507 4.3853
v -50.4104 48.5490 5.4420
v -49.0703 48.6768 5.6448
v -41.9021 47.5239 6.8589
v -41.8811 47.5239 6.8589
v -37.4054 48.8360 5.5365
v -35.6721 48.6985 5.4595
v -34.0403 47.6844 4.6006
v -27.3148 49.8110 6.6292
v -26.7435 49.8110 6.6292
v -19.7456 49.5396 6.1823
v -18.3240 48.7376 5.5319
v -16.5043 47.9356 4.8814
v -62.0856 52.3423 4.5012
v -60.6199 51.4138 5.4463
v -54.9966 52.1329 6.4445
v -52.9990 52.0293 5.7188
v -50.6974 51.0403 5.7459
v -49.2123 50.1550 6.4988
v -39.7520 52.3096 4.6363
v -38.0413 51.2212 5.1949
v -36.3122 50.4048 5.6138
v -27.5220 51.2710 6.4860
v -25.8029 51.3953 6.3681
v -24.0982 52.3116 6.5413
v -19.7456 50.2590 6.1823
v -18.9032 51.1638 5.4549
v -62.0856 52.8297 4.5012
v -60.3542 53.5972 5.2777
v -58.1420 53.9826 5.7643
v -55.8457 53.5329 5.4927
v -52.9990 52.7615 5.7188
v -51.1772 53.6584 5.7413
v -47.4411 54.2891 4.6430
v -46.4127 54.2891 4.6430
v -39.7520 52.7649 4.6363
v -39.1318 52.7649 4.6363
v -27.3093 52.7644 6.5947
v -25.1478 53.7848 5.5697
v -24.2008 53.8738 5.4886
v -19.7203 54.8989 6.1311
v -18.9583 53.9478 5.4242
v -59.4632 55.0441 4.3876
v -58.1420 55.1715 4.5143
v -56.6948 55.1986 4.5408
v -52.1478 57.0776 5.6138
v -50.7401 56.3232 5.2083
v -48.0305 56.3937 5.4886
v -45.6390 56.5323 5.6933
v -44.1183 57.2612 6.7436
v -39.8558 57.2539 6.4273
v -38.1420 56.9062 6.4167
v -36.7161 56.9684 6.7042
v -27.0429 57.3334 4.4914
v -25.4501 56.4085 4.7683
v -23.1369 56.2942 5.4705
v -20.5890 55.5574 5.4242
v -19.3794 55.0354 4.4644
v -52.1478 58.0638 5.6138
v -50.9865 58.7162 5.5730
v -47.9287 58.5410 6.0029
v -45.7093 58.5010 5.7104
v -44.1183 57.7812 6.7436
v -39.8558 58.0335 6.4273
v -38.1420 57.9974 6.4167
v -36.7161 57.6437 6.7042
v -27.0429 57.6292 4.4914
v -25.4500 58.7515 5.4983
v -23.6371 58.2072 6.5051
v -50.1206 60.4787 6.4785
v -47.9849 61.3126 5.5779
v -46.5533 60.4798 4.6772
v -32.7188 61.7534 6.4600
v -30.5441 61.6861 5.6215
v -28.1519 62.0341 5.6751
v -25.9923 61.4085 5.6751
v -47.5989 63.7710 5.6138
v -42.1036 64.6156 4.5070
v -40.5635 64.0726 5.4497
v -38.1420 63.7423 5.6138
v -35.6420 63.6112 5.6138
v -33.3881 62.9732 5.6215
v -31.3121 62.9581 4.7933
v -27.3252 62.7066 4.8826
v -26.6098 62.7066 4.8826
v -47.2096 65.3596 5.6138
v -45.6420 66.0754 5.6138
v -43.0190 65.9601 5.4497
v -41.3445 65.6317 6.1737
v 40.0941 -60.3402 8.5986
v 41.8580 -60.4664 8.3900
v 44.3580 -60.3324 8.8863
v 46.1138 -60.1614 9.2602
v 17.8198 -57.5339 6.9564
v 18.4341 -57.5339 6.9564
v 25.2983 -57.6628 8.9655
v 25.9861 -57.6628 8.9655
v 35.3126 -57.5639 7.2709
v 36.8580 -57.7414 7.6326
v 39.1526 -58.7941 8.0401
v 41.8733 -58.8981 7.2144
v 44.3580 -58.7290 8.1867
v 46.9115 -58.9227 8.7601
v 48.8612 -58.2186 8.7766
v 15.2278 -55.5839 7.2168
v 17.0766 -56.1617 7.9199
v 19.3037 -56.5018 7.9194
v 21.8580 -55.7952 8.1138
v 24.4222 -56.4866 8.1248
v 26.8349 -56.5252 8.1248
v 28.4532 -55.2603 8.1138
v 32.7022 -55.4435 8.1138
v 34.4308 -56.7750 8.1081
v 36.8580 -57.2993 8.8826
v 38.2111 -57.3654 9.1484
v 42.6499 -56.2290 7.2537
v 44.3580 -56.2290 7.9941
v 46.8353 -56.3309 7.6038
v 49.5599 -57.0047 8.0115
v 51.0896 -55.8213 8.1138
v 12.9760 -52.6724 6.9603
v 14.5119 -53.4385 7.0885
v 16.5091 -53.5143 8.0756
v 20.2521 -52.7725 9.1977
v 20.7194 -52.7725 9.1977
v 29.6190 -53.7786 8.2560
v 31.4143 -53.7786 8.2560
v 42.6234 -53.5967 8.0462
v 44.2227 -53.5967 8.6278
v 47.0235 -53.4287 8.1819
v 49.3580 -52.7719 8.1138
v 51.0896 -53.8474 8.1138
v 12.9760 -52.3038 6.9603
v 13.7961 -52.3038 6.9603
v 17.5374 -51.3997 7.8896
v 19.4095 -51.5183 8.8856
v 20.7194 -52.3565 9.1977
v 30.1659 -52.1307 9.1842
v 30.8263 -52.1307 9.1842
v 38.0625 -50.0958 6.9845
v 38.1667 -50.0958 6.9845
v 42.7412 -51.2650 7.9072
v 44.1792 -51.0700 7.9834
v 47.0792 -51.8655 8.1639
v 49.1056 -51.0582 8.1138
v 52.8621 -50.0496 6.9767
v 53.2161 -50.0496 6.9767
v 60.3628 -50.1111 7.0903
v 61.0373 -50.1111 7.0903
v 17.6115 -48.7290 7.2095
v 18.9121 -48.7290 8.4595
v 38.0625 -49.5248 6.9845
v 38.1667 -49.5248 6.9845
v 43.0846 -49.9593 6.9361
v 43.3926 -49.9593 6.9361
v 50.3556 -49.5716 8.1138
v 52.0887 -48.8741 8.1482
v 54.1728 -48.6255 7.6195
v 56.8580 -47.8270 7.6496
v 59.4609 -48.6109 7.7528
v 61.8656 -48.8585 7.5965
v 63.6475 -48.1115 7.2938
v 17.5069 -46.8444 7.2818
v 19.3587 -46.2258 8.0902
v 21.8580 -45.9222 8.5612
v 24.5644 -45.6689 8.0009
v 26.2444 -45.3694 8.1138
v 32.9326 -45.1682 7.3802
v 33.6595 -45.1682 7.3802
v 47.6899 -45.1662 7.0496
v 48.4354 -45.1662 7.0496
v 52.9820 -47.2938 9.3197
v 54.3580 -47.1258 8.9737
v 56.8580 -47.2258 8.8996
v 59.3639 -46.4479 8.8635
v 61.8580 -46.2290 8.2027
v 63.8783 -46.2290 7.4710
v 19.9696 -43.7290 7.2416
v 21.8580 -43.7290 7.4152
v 24.4399 -43.9543 7.8129
v 26.2444 -44.6920 8.1138
v 32.9326 -44.4101 7.3802
v 33.6595 -44.4101 7.3802
v 47.6626 -43.7290 7.0758
v 48.4967 -43.7290 7.0758
v 57.9404 -42.5645 6.9433
v 59.3068 -43.2299 7.8874
v 61.8580 -43.7290 7.8158
v 64.4005 -43.4799 7.2404
v 66.8580 -42.5212 6.8902
v 68.1933 -42.5337 6.8985
v 20.3686 -42.3523 6.9994
v 22.0961 -41.4030 6.9835
v 23.8090 -41.2290 8.1617
v 27.5265 -40.2511 7.1195
v 28.2505 -40.2511 7.1195
v 47.9296 -41.2290 7.0435
v 48.2686 -41.2290 7.0435
v 57.9404 -42.3841 6.9433
v 59.2933 -42.0735 7.8525
v 61.7854 -41.0494 8.4263
v 64.3580 -41.2290 7.4342
v 66.8580 -41.2290 6.9569
v 68.2507 -41.2290 6.9163
v 23.0882 -39.9610 6.9247
v 24.5269 -39.9148 7.9003
v 27.0392 -39.0322 7.6877
v 28.2505 -39.5254 7.1195
v 37.8849 -37.6249 7.0006
v 38.2205 -37.6249 7.0006
v 48.0458 -39.9561 7.0066
v 49.3651 -38.7221 7.0899
v 51.7589 -37.5962 8.0495
v 53.1537 -37.6186 8.1138
v 58.0381 -37.5857 7.2259
v 58.3233 -37.5857 7.2259
v 62.5703 -39.7811 8.9893
v 64.3732 -38.8603 8.3278
v 66.8152 -38.9099 7.0736
v 68.2129 -39.8639 6.8990
v 27.6484 -36.3052 8.1666
v 28.7113 -35.5227 9.0352
v 32.5708 -35.1894 7.4687
v 33.5347 -35.1894 7.4687
v 37.8849 -37.3583 7.0006
v 38.2205 -37.3583 7.0006
v 45.6035 -34.9856 9.3602
v 46.8580 -35.1483 9.0670
v 49.5199 -36.3349 8.0725
v 51.7589 -37.4379 8.0495
v 53.1537 -37.4331 8.1138
v 58.0353 -36.2290 7.1854
v 59.2047 -36.1793 7.9115
v 61.8909 -35.6385 8.0348
v 64.3447 -36.2163 8.8033
v 66.8152 -36.5770 8.0203
v 68.3178 -35.3945 8.1138
v 27.5875 -34.4911 7.3685
v 29.5691 -33.8411 8.2788
v 31.7857 -33.9063 7.8614
v 33.9571 -33.7290 7.6169
v 45.6035 -34.9708 9.3602
v 46.8580 -34.8244 9.0670
v 48.4409 -34.7810 8.9718
v 58.0809 -34.9554 6.9305
v 59.2948 -34.4422 7.9038
v 62.0372 -33.5657 7.7002
v 63.5930 -33.5230 8.0348
v 67.7721 -32.9069 8.1138
v 68.3178 -34.1569 8.1138
v 30.4270 -32.1673 9.1890
v 31.9286 -31.2920 8.8215
v 33.8494 -31.2290 7.5670
v 38.0723 -30.0254 7.0423
v 38.1632 -30.0254 7.0423
v 49.8249 -30.0997 6.8980
v 50.6242 -30.0997 6.8980
v 62.7555 -32.1055 8.1138
v 64.1082 -31.4000 8.1138
v 66.5221 -31.9445 8.1138
v 32.8091 -29.7865 9.0688
v 33.9846 -28.8635 8.1868
v 38.0723 -29.9207 7.0423
v 38.1632 -29.9207 7.0423
v 47.2856 -28.3079 7.0792
v 49.1343 -29.1214 6.9886
v 50.6242 -29.9348 6.8980
v 63.0634 -27.5206 9.3236
v 63.6215 -28.5040 8.3397
v 35.2413 -27.0893 8.1138
v 36.9910 -25.7938 8.0391
v 38.3086 -25.1899 7.1559
v 47.6471 -26.0528 8.0993
v 48.9661 -26.1400 8.1238
v 52.0594 -25.5991 8.1452
v 54.4042 -25.6896 8.1954
v 57.0726 -25.3869 8.1987
v 59.4424 -25.5439 8.1341
v 62.0813 -26.8722 8.3397
v 63.4070 -27.2962 7.6569
v 37.9130 -24.6560 8.8226
v 39.1640 -23.6803 8.1706
v 40.7670 -22.7046 9.1852
v 47.3914 -23.8154 8.2172
v 49.3580 -24.2144 7.6572
v 51.3603 -24.2323 7.3328
v 55.2683 -24.7498 9.0830
v 57.0726 -24.8183 8.1987
v 58.6654 -24.8869 7.3143
v 40.0195 -21.7699 7.5185
v 41.6675 -20.9338 8.2856
v 44.3806 -20.6801 8.1771
v 46.0368 -22.0163 8.1138
v 42.5679 -19.8162 7.3859
v 43.5623 -19.8162 7.3859
v -47.6293 27.0227 8.1138
v -45.5203 26.7885 7.9192
v -43.1420 26.8424 8.6147
v -40.6420 27.0883 8.9713
v -38.9881 27.2925 9.0983
v -69.9582 29.6751 7.3218
v -68.7493 29.6751 7.3218
v -62.3223 29.6857 8.7845
v -60.6420 29.6796 8.4195
v -59.2713 29.9010 8.6841
v -52.6100 29.6161 8.1138
v -50.4330 29.5151 8.3166
v -48.9083 28.8390 8.3166
v -44.6527 28.7710 7.1054
v -43.1420 28.7710 7.9109
v -40.6420 28.7710 8.2271
v -38.1155 28.9161 8.0690
v -36.4920 29.6137 8.1138
v -72.2138 32.1191 7.0669
v -70.5572 31.4115 8.0277
v -68.0064 30.9329 8.1386
v -65.4233 31.7381 8.3324
v -63.3534 31.1419 8.2146
v -60.6420 30.2422 7.1695
v -58.8271 31.0676 7.9560
v -54.8150 32.2224 7.5968
v -53.9474 31.3418 8.3036
v -49.4604 30.1157 9.2851
v -49.2694 30.1157 9.2851
v -44.4946 31.2710 7.0375
v -43.1420 31.2710 7.6796
v -40.5638 31.2100 7.4831
v -38.9096 30.3360 7.0397
v -35.5942 31.2710 8.1138
v -72.2710 33.7710 7.0321
v -70.4505 33.6570 8.1530
v -68.1420 34.3729 8.8574
v -65.6272 33.6489 9.2879
v -64.3845 32.5343 9.3114
v -57.7899 33.7253 8.1560
v -55.7020 33.5549 8.3071
v -53.1372 33.7735 8.0857
v -51.8022 34.9655 6.9079
v -44.9192 33.8902 7.8649
v -42.8930 33.8902 8.5786
v -40.5638 33.7085 8.0581
v -38.3629 34.3039 8.3444
v -35.9942 33.2653 8.1138
v -72.0755 35.0625 6.8851
v -70.5653 36.0459 7.1656
v -68.0378 36.0938 8.5932
v -66.8102 35.1423 9.2643
v -57.5426 35.3532 9.0175
v -55.5727 36.3643 9.1580
v -53.1168 36.2348 8.1032
v -51.8022 35.0943 6.9079
v -45.0488 35.7226 8.1138
v -42.8930 35.8789 8.3629
v -40.6420 35.6666 8.0884
v -38.3629 35.8594 8.3444
v -35.6919 36.9296 8.2413
v -33.1420 37.2172 7.3965
v -31.7936 37.4658 6.9449
v -27.2047 37.3014 7.1727
v -25.6420 37.1824 7.3397
v -24.1077 37.2891 7.1894
v -69.7947 38.7710 7.2074
v -67.9728 38.8903 7.9262
v -65.7955 39.5163 8.2051
v -63.1420 39.7552 9.0428
v -61.7896 39.9131 9.2004
v -56.9792 39.8684 6.9402
v -55.6485 38.7323 8.1193
v -54.3195 37.5963 9.2985
v -34.8918 38.0078 9.1596
v -33.1420 38.4428 8.6465
v -30.8330 38.6797 7.9124
v -28.1031 38.9488 8.1268
v -25.6420 38.7710 8.1403
v -23.7393 38.7710 7.4958
v -69.6402 40.3403 7.0977
v -68.0945 41.0812 7.1926
v -65.7955 41.1016 7.5560
v -63.2081 41.2316 7.7037
v -60.7202 41.3707 8.2884
v -58.1134 41.3253 7.9916
v -56.7406 40.2812 6.9402
v -52.0462 42.5064 6.9194
v -51.8619 42.5064 6.9194
v -44.4026 42.5062 6.8737
v -44.3347 42.5062 6.8737
v -39.8241 42.0311 6.9944
v -38.8442 42.0311 6.9944
v -27.4969 41.2710 8.9495
v -25.6420 41.2710 8.3854
v -23.0404 41.4012 7.4643
v -21.7995 42.3213 6.9501
v -67.3784 43.1695 7.2875
v -65.6420 43.3608 7.3024
v -63.2588 43.7301 7.6471
v -60.5473 42.9888 8.1714
v -59.2476 42.6174 9.0431
v -52.1233 43.7710 7.0950
v -51.8199 43.7710 7.0950
v -44.4026 42.8398 6.8737
v -43.1339 43.8663 8.0971
v -40.6787 44.2517 8.1527
v -38.8145 43.7710 7.2768
v -27.3093 43.7710 8.8548
v -25.6420 43.7710 8.0207
v -23.1420 43.7710 7.3993
v -20.8365 43.9723 6.9938
v -18.8001 44.9398 6.9209
v -62.6387 45.8778 8.1138
v -60.6420 46.7455 8.1138
v -59.0035 47.1387 8.1138
v -52.0462 45.0959 7.1164
v -50.4620 46.4260 7.6864
v -48.2728 47.1096 8.2306
v -46.8303 46.9652 9.1418
v -41.9175 46.3082 8.0936
v -41.0785 46.0698 7.8237
v -39.1698 45.5929 7.2839
v -27.0848 45.4496 8.9547
v -25.6420 45.8563 8.5497
v -23.2405 46.4321 8.1959
v -20.6420 46.2710 7.2978
v -18.6745 46.2710 7.0004
v -59.5785 49.6390 7.3109
v -58.9770 48.7918 8.1321
v -49.6219 48.5298 7.9858
v -48.3695 48.4574 8.1044
v -46.8303 47.7124 9.1418
v -41.9021 47.5239 6.8667
v -41.8811 47.5239 6.8667
v -37.0412 49.7338 8.1138
v -36.5194 49.7338 8.1138
v -27.3148 49.8110 7.1818
v -26.7435 49.8110 7.1818
v -22.5868 48.7710 8.6831
v -20.6042 48.7321 7.3943
v -19.0272 47.8729 6.9889
v -59.6717 51.2710 7.3697
v -58.2878 51.4763 8.5723
v -55.8894 52.2898 8.1099
v -53.7314 52.1329 7.1830
v -49.7125 50.1550 7.0671
v -49.2123 50.1550 7.0671
v -37.0412 50.1985 8.1138
v -36.5194 50.1985 8.1138
v -30.0323 52.2490 9.0921
v -28.1454 51.3075 8.1370
v -25.8029 50.7953 8.0546
v -23.1292 51.2828 8.4792
v -20.6042 50.4586 8.1253
v -18.8056 51.5690 8.1138
v -59.5785 52.6979 7.0912
v -58.1420 52.7326 7.4140
v -55.8756 53.2803 8.1717
v -52.9957 53.6584 7.5838
v -51.4155 54.4167 7.1850
v -42.5451 54.5785 9.1742
v -41.7782 54.5785 9.1742
v -34.5407 54.9571 9.1555
v -34.3159 54.9571 9.1555
v -30.0323 52.6262 9.0921
v -28.1424 52.9702 8.2008
v -25.6420 53.8145 8.1138
v -23.2531 53.9842 8.5014
v -20.5890 54.6825 8.1564
v -18.8056 53.4731 8.1138
v -54.8589 55.5814 9.0901
v -53.2118 56.2787 8.1375
v -51.4155 55.3093 7.1850
v -46.9532 57.4699 7.1187
v -45.6420 57.2879 7.2380
v -43.3317 56.1851 8.1410
v -40.8170 56.1814 8.2536
v -38.1420 56.9062 7.3865
v -35.6284 56.0317 8.1235
v -34.3159 55.0951 9.1555
v -22.4937 56.4119 8.1564
v -21.3870 55.6725 7.3514
v -52.6216 58.5024 8.1138
v -50.8292 59.7776 8.3438
v -48.1250 58.7638 8.2246
v -45.6420 57.7411 7.2380
v -44.1183 57.7812 7.1079
v -39.8558 58.0335 7.3331
v -37.6146 58.8428 8.2236
v -36.7761 58.8069 8.2156
v -24.8699 59.7353 8.1138
v -23.4181 58.4853 8.1138
v -50.1206 60.4787 7.6639
v -48.8882 61.2956 8.3438
v -37.3691 61.2710 9.0358
v -35.8585 61.1450 8.6043
v -33.1543 61.8239 8.0959
v -30.8546 61.7232 8.3394
v -28.1420 61.4252 8.1138
v -26.1199 60.5967 8.1138
v -47.6254 63.8176 8.0957
v -46.4926 64.6820 8.9169
v -40.0520 64.3076 8.1138
v -38.2620 63.2394 8.1159
v -35.6420 62.8862 7.1826
v -33.1543 62.5344 8.0959
v -31.8296 62.5428 9.3231
v -47.1921 65.3681 7.2502
v -45.6524 65.8319 8.0957
v -43.1420 66.3669 8.1138
v -41.3020 65.6136 8.1138
v 45.0641 -62.7401 11.4719
v 45.9513 -62.7401 11.4719
v 39.8531 -60.3410 10.6138
v 41.8580 -60.6476 10.6138
v 44.2817 -61.3338 10.6286
v 46.8659 -61.0572 10.4999
v 49.3580 -60.2141 11.3527
v 50.6148 -59.9851 11.8516
v 25.2983 -57.6628 9.9279
v 26.7113 -57.8183 10.6366
v 29.3580 -57.9792 11.3546
v 31.8580 -57.8962 11.3543
v 34.3580 -58.0255 11.0460
v 36.8580 -58.2924 10.8511
v 38.5659 -58.9230 10.3966
v 47.7805 -59.8852 9.5279
v 49.5599 -58.9227 10.0196
v 50.9156 -58.7290 11.3105
v 18.0000 -55.0728 9.4241
v 19.3580 -55.1383 9.5115
v 21.8580 -55.2992 9.7875
v 24.4222 -56.1640 10.4262
v 26.5746 -56.4919 10.7883
v 29.1982 -56.0971 10.2988
v 31.9008 -56.2414 10.2986
v 34.3580 -57.0874 9.7960
v 36.8580 -57.2993 9.6011
v 39.2179 -56.2436 10.5914
v 41.8580 -55.2081 11.6089
v 44.3580 -55.1196 11.6693
v 45.6208 -55.0039 11.8448
v 50.5278 -57.3064 9.4716
v 51.1916 -56.3754 10.4285
v 17.9391 -53.7290 9.4670
v 19.3944 -53.6551 9.5284
v 21.7313 -53.6998 10.4796
v 24.3580 -54.5859 11.5188
v 25.6568 -54.8069 11.8088
v 29.9219 -53.5181 10.7062
v 31.0456 -53.5181 10.7062
v 40.2246 -54.8221 11.7643
v 42.2364 -53.8018 10.7483
v 43.9042 -53.8321 10.7828
v 46.8405 -53.7209 10.6161
v 49.4945 -52.8336 10.3780
v 51.0350 -54.1199 10.6138
v 17.9907 -52.3468 9.4412
v 19.4095 -51.5183 9.6313
v 21.1137 -51.4055 10.6384
v 30.2625 -52.1230 10.6138
v 30.7889 -52.1230 10.6138
v 35.2375 -50.2314 11.6678
v 36.0015 -50.2314 11.6678
v 42.7410 -52.1224 9.6008
v 43.2991 -52.1224 9.6008
v 47.9622 -51.2444 10.6006
v 48.7796 -51.2444 10.6006
v 20.1621 -48.7290 9.8285
v 21.7657 -48.6033 10.9699
v 24.3580 -47.7692 11.2388
v 26.0147 -47.6588 11.4732
v 35.2209 -48.7290 11.5613
v 36.0718 -48.7290 11.5613
v 42.9768 -47.7526 11.5695
v 43.3730 -47.7526 11.5695
v 47.8642 -49.9170 11.8138
v 49.6123 -48.9434 10.8135
v 52.0139 -47.7897 10.5001
v 53.3222 -47.6097 11.1869
v 20.3878 -47.2740 9.5258
v 21.8580 -47.1722 9.7783
v 24.3580 -47.0685 9.9888
v 26.8071 -46.2730 10.6294
v 30.2054 -45.0404 11.8331
v 31.8580 -45.1368 11.4548
v 34.4091 -46.1820 11.5029
v 36.8907 -46.1805 11.6456
v 38.2290 -45.1250 11.6347
v 42.9768 -47.1842 11.5695
v 43.3730 -47.1842 11.5695
v 50.4176 -47.2741 11.4799
v 52.0139 -47.2840 10.5001
v 54.2365 -46.8214 10.4576
v 56.7297 -45.9014 10.6057
v 58.5346 -45.7606 9.7669
v 25.0112 -42.9979 9.7413
v 27.0630 -43.7903 10.5903
v 30.2054 -44.9137 11.8331
v 31.8580 -44.6967 11.4548
v 33.3557 -44.6679 11.3492
v 37.8864 -43.7290 11.5196
v 38.3362 -43.7290 11.5196
v 45.4424 -42.5662 11.7310
v 45.8188 -42.5662 11.7310
v 57.5015 -43.7290 11.4676
v 58.7868 -43.7290 10.2176
v 25.0590 -41.2290 9.7187
v 26.4729 -41.2290 10.9687
v 33.0290 -40.1070 11.8108
v 33.2781 -40.1070 11.8108
v 37.9720 -42.3823 11.6341
v 38.2912 -42.3823 11.6341
v 45.4349 -41.2290 11.7063
v 45.9415 -41.2290 11.7063
v 57.9298 -42.3522 11.7658
v 59.5365 -41.2243 10.7687
v 61.8028 -40.0689 10.6708
v 63.1872 -40.0415 11.5698
v 25.4728 -39.9392 9.4596
v 26.9403 -38.8338 10.4384
v 28.3040 -37.7284 11.4172
v 33.0290 -39.7402 11.8108
v 33.2781 -39.7402 11.8108
v 45.1206 -38.7290 11.5073
v 46.1274 -38.7290 11.5073
v 52.5262 -37.6346 9.4303
v 53.1521 -37.6346 9.4303
v 60.4865 -39.8804 11.4384
v 61.8028 -39.8307 10.6708
v 63.5614 -38.8603 10.6874
v 27.9526 -37.1894 9.7505
v 28.8166 -36.3052 10.5958
v 45.3135 -36.0146 10.4187
v 46.5184 -36.0449 10.7800
v 48.9214 -35.5574 10.6138
v 52.7288 -36.2295 10.6343
v 53.1377 -36.2295 10.6343
v 59.9910 -35.4068 10.6138
v 61.8580 -36.1393 10.6138
v 64.2685 -36.3015 10.3432
v 66.8580 -35.4836 10.0785
v 68.2562 -35.2092 9.6982
v 29.5373 -33.7290 10.6138
v 45.6035 -34.9708 9.3717
v 46.7895 -34.4242 10.3686
v 48.9214 -34.2916 10.6138
v 52.9314 -34.9304 11.8382
v 53.1232 -34.9304 11.8382
v 59.8339 -33.6847 10.5102
v 61.0200 -32.8218 9.6077
v 64.9421 -33.7290 10.0271
v 66.8639 -33.7551 10.0951
v 68.2562 -34.6059 9.6982
v 30.0486 -31.6634 10.6138
v 31.0611 -30.4134 10.6138
v 47.6585 -30.6607 11.3937
v 48.6181 -30.6607 11.3937
v 59.8148 -31.2290 11.1817
v 61.8552 -31.2126 9.9346
v 64.2673 -31.2922 9.5939
v 66.0345 -32.2161 9.6297
v 32.3111 -29.6412 10.6138
v 34.1060 -28.3912 10.6138
v 47.6585 -29.2026 11.3937
v 48.6181 -29.2026 11.3937
v 60.0179 -29.5130 11.5437
v 61.9012 -28.5168 10.5509
v 63.3458 -29.1873 9.5580
v 35.3560 -27.2125 10.6138
v 36.9910 -25.8637 10.6417
v 39.3580 -25.2668 11.3879
v 40.9186 -25.1996 11.5994
v 48.0086 -25.0722 9.4554
v 49.3580 -25.4700 9.7332
v 51.8580 -25.6821 9.9131
v 53.6017 -25.3550 9.6952
v 57.8281 -25.1174 10.6138
v 59.3580 -26.0776 10.6138
v 61.2978 -27.1892 10.6138
v 37.9130 -24.6560 9.8270
v 39.3580 -24.2810 10.1379
v 41.6762 -23.5692 10.8116
v 44.3580 -22.7707 11.2312
v 46.9800 -23.2365 10.5388
v 49.1405 -23.5438 11.1515
v 51.8580 -23.8597 11.1631
v 54.4042 -24.2083 10.5627
v 56.5781 -24.5909 10.6138
v 42.4337 -21.7644 10.0239
v 44.3580 -21.9276 9.9812
v 46.8417 -22.4667 10.6889
v 48.1622 -22.4750 11.8509
v -42.4707 24.5320 11.2915
v -41.1797 24.5320 11.2915
v -49.7114 27.3240 11.3472
v -48.2667 26.9802 10.5539
v -45.6420 26.2913 10.6138
v -43.2393 25.7507 10.5204
v -40.4646 25.7579 10.5204
v -38.1497 26.7647 10.5505
v -36.5057 27.1840 11.3417
v -62.3223 29.6857 9.8387
v -60.6345 29.4002 10.6488
v -58.3196 29.3629 10.7317
v -55.6420 29.3058 11.2445
v -53.1633 29.3606 10.5005
v -50.4192 28.9155 10.3643
v -49.1434 28.7710 9.6145
v -37.3215 27.8841 9.6750
v -35.9274 28.7389 10.5505
v -69.4895 32.3705 9.4340
v -68.1420 32.3140 9.4923
v -66.1108 32.3956 9.4649
v -62.8341 31.2710 10.2943
v -61.5147 31.2710 11.5443
v -57.8328 31.2710 10.3902
v -55.6190 31.4877 11.3215
v -54.0886 31.4877 10.5005
v -49.4604 30.1157 9.3813
v -49.2694 30.1157 9.3813
v -35.2474 31.2710 10.6138
v -69.4895 32.7477 9.4340
v -68.1420 33.1229 9.4923
v -65.5544 33.6234 10.1214
v -63.3875 32.8254 10.8232
v -61.8181 32.6984 11.7962
v -57.7863 33.7710 10.5376
v -55.6797 33.4066 10.9797
v -54.2987 32.5994 10.6138
v -44.9373 34.8030 9.6272
v -42.8627 34.5506 10.3296
v -41.6921 34.2982 11.0319
v -37.5309 34.6761 10.6138
v -36.1634 33.4261 10.6138
v -67.1350 36.8090 9.5906
v -66.1480 36.0938 10.4999
v -57.5426 35.3532 10.1736
v -55.5727 36.3643 9.8422
v -53.2636 37.3560 10.5985
v -51.0877 37.3367 11.6861
v -44.9373 35.7382 9.6272
v -42.8627 35.5408 10.3296
v -41.6921 35.3435 11.0319
v -37.7852 36.3647 10.4510
v -36.5585 37.2605 9.5091
v -67.1350 38.0519 9.5906
v -65.5520 38.3788 10.4999
v -63.1420 39.0813 10.6138
v -61.3798 39.6573 10.6138
v -54.5564 37.5963 9.5109
v -53.1137 38.2675 10.6752
v -50.4094 38.6544 11.6021
v -49.3721 39.4099 11.8481
v -37.5288 38.3349 11.1758
v -35.6919 38.6029 10.4510
v -32.9552 39.5599 10.6160
v -30.6420 39.7883 9.8827
v -29.0015 39.8019 9.6353
v -60.1298 40.7911 10.6138
v -58.3054 41.6817 10.6607
v -55.6420 41.7102 11.2976
v -53.0355 41.1634 11.5343
v -50.6420 40.1484 11.6700
v -49.3721 40.0840 11.8481
v -31.9973 40.1155 11.4508
v -30.5408 41.0777 11.1136
v -28.7469 41.2710 9.9858
v -62.2953 44.4739 9.6378
v -60.4856 44.0784 10.5282
v -58.3054 43.1038 10.6607
v -55.6420 43.0873 11.2976
v -54.0714 42.9476 11.4475
v -47.1239 44.9257 11.3028
v -46.8084 44.9257 11.3028
v -41.9330 44.8927 9.5117
v -41.7651 44.8927 9.5117
v -37.6180 44.5515 11.4574
v -36.5013 44.5515 11.4574
v -29.6400 42.9693 11.5883
v -28.5285 43.7900 10.6985
v -62.2953 45.5995 9.6378
v -60.4018 46.5505 10.3604
v -59.3407 47.5014 9.4164
v -49.4051 47.4347 9.3758
v -47.7057 46.2295 10.2538
v -46.8193 46.0574 10.3961
v -41.9720 46.2427 10.6541
v -41.7034 46.2427 10.6541
v -37.6180 45.8112 11.4574
v -36.5013 45.8112 11.4574
v -27.4149 45.7868 10.6138
v -25.6420 46.6809 10.6138
v -23.8689 47.1651 10.6138
v -59.5891 47.7769 11.0830
v -59.0088 48.6746 10.3953
v -49.4051 47.5357 9.3758
v -48.1420 47.6756 9.4669
v -46.8303 47.7124 9.4893
v -42.0109 47.6948 11.7964
v -40.6064 48.7294 11.8026
v -38.0148 49.8552 10.6378
v -36.8693 49.9464 9.4667
v -23.4127 48.7710 10.6138
v -57.8326 51.4763 10.4179
v -56.7822 52.4466 9.4539
v -39.7466 51.2710 11.3941
v -37.9177 50.7520 10.5681
v -36.8693 50.0601 9.4667
v -30.0323 52.2490 9.5591
v -28.0514 51.9321 10.4810
v -25.6420 51.0373 10.6138
v -23.2035 51.0481 10.2795
v -20.6420 51.6395 10.1849
v -19.0319 51.8469 9.9886
v -57.3341 53.7710 11.1467
v -56.5348 53.7710 9.8967
v -42.5451 54.5785 9.5748
v -40.7319 53.8032 10.4337
v -38.7062 53.0279 11.2925
v -34.5407 54.9571 10.0880
v -34.3159 54.9571 10.0880
v -30.0323 52.6262 9.5591
v -27.9569 53.6070 10.5206
v -25.6420 54.6648 9.7238
v -23.2102 54.0833 9.6130
v -20.6420 53.4395 10.1849
v -19.0319 53.0793 9.9886
v -56.9931 55.1555 11.6509
v -55.5636 56.2018 10.7193
v -54.2039 57.2480 9.7878
v -42.5451 55.1089 9.5748
v -40.8198 56.0285 10.4638
v -39.0177 56.9481 11.3527
v -34.5407 55.0951 10.0880
v -34.3159 55.0951 10.0880
v -27.0894 55.4488 11.4821
v -25.7296 56.2777 10.8761
v -23.8353 56.2710 9.6655
v -54.6016 57.6315 11.4544
v -53.2792 58.0976 10.6182
v -50.7667 59.5028 10.3771
v -49.2967 59.9734 9.3859
v -39.8614 57.9360 11.3527
v -37.9646 58.9531 10.3771
v -36.8361 59.9701 9.4015
v -25.4238 58.8807 10.5881
v -23.8484 58.1205 9.7377
v -50.0165 60.5208 11.0526
v -48.4477 61.2986 10.4446
v -45.6420 62.1614 11.5773
v -44.0544 62.4861 11.8424
v -37.3691 61.2710 9.7751
v -35.8585 61.1450 10.0541
v -33.5897 61.8943 9.9660
v -30.4719 62.1025 10.6138
v -28.1420 61.1054 10.6138
v -26.5098 60.2739 10.6138
v -47.5986 63.0154 9.8366
v -45.6524 63.8176 10.4392
v -43.1894 63.5478 11.2976
v -40.7485 64.1013 10.5059
v -38.2620 63.3405 10.6702
v -35.5090 63.7870 11.4927
v -33.1000 63.4127 10.8825
v -31.7219 62.6086 10.6138
v -44.8259 65.4175 9.8715
v -43.1420 65.4530 9.9222
v -41.6528 65.2005 9.6006
v -34.5869 65.6742 11.7991
v -34.2769 65.6742 11.7991
v 40.2903 -62.6519 14.1351
v 41.8580 -62.7072 13.8905
v 44.2817 -62.7157 13.1224
v 45.8696 -62.6764 13.1138
v 39.8506 -61.0519 13.2266
v 41.8580 -61.4102 12.6405
v 43.3974 -61.7658 12.2948
v 47.1196 -61.8121 13.1138
v 49.3645 -60.4491 12.8710
v 50.6148 -59.9851 11.8758
v 25.1614 -57.9768 13.6959
v 26.7050 -58.2992 12.9631
v 29.3580 -58.3295 13.1138
v 31.8580 -58.0805 13.1138
v 34.2761 -58.0081 13.0990
v 37.0227 -58.2104 13.0990
v 38.6495 -59.3849 13.1138
v 49.8451 -58.7290 13.4779
v 50.9156 -58.7290 12.2279
v 22.3577 -55.4771 13.7594
v 24.3400 -56.2779 13.3394
v 25.7659 -56.2290 12.2867
v 35.0549 -57.2103 13.9224
v 36.2992 -57.2103 13.9224
v 40.2246 -55.1219 12.1365
v 41.8580 -55.2081 12.2254
v 44.3580 -55.1196 12.0320
v 45.6208 -55.0039 11.8785
v 49.9965 -56.9708 14.0039
v 51.2469 -56.1741 13.1479
v 20.4395 -53.1108 14.0780
v 21.7171 -53.8689 13.0853
v 24.8761 -53.8158 13.1526
v 26.3432 -53.6209 13.4078
v 29.3564 -52.5248 13.1252
v 30.6309 -52.5442 11.8955
v 40.2246 -54.8221 12.1365
v 41.8580 -54.6467 12.2254
v 44.3580 -54.6999 12.0320
v 45.6208 -54.8930 11.8785
v 50.4189 -52.8709 12.1250
v 51.7720 -53.6715 13.1763
v 53.3775 -52.8054 14.2277
v 20.4395 -52.1213 14.0780
v 21.2907 -51.2644 13.1923
v 25.5670 -52.4244 14.2438
v 26.8719 -51.4462 14.0800
v 29.4294 -51.7105 13.1547
v 30.6309 -52.3525 11.8955
v 35.2375 -50.2314 12.2494
v 36.0015 -50.2314 12.2494
v 47.8642 -50.0320 12.0066
v 49.4945 -51.0108 12.2934
v 51.8831 -51.3481 13.6261
v 53.3775 -52.2609 14.2277
v 22.3600 -49.2931 13.1138
v 24.3580 -48.2861 13.1138
v 26.8646 -48.4743 13.0441
v 28.9635 -48.7290 13.6342
v 35.2209 -48.7290 12.2285
v 36.9265 -48.3753 13.0991
v 38.1839 -47.9037 14.2599
v 42.9768 -47.7526 12.5077
v 43.3730 -47.7526 12.5077
v 47.7179 -48.8050 13.1358
v 49.0978 -48.7894 13.0878
v 51.8895 -48.5804 12.9568
v 53.3222 -47.6097 12.0710
v 27.7586 -46.2290 12.0372
v 29.4338 -46.0393 12.8127
v 31.9498 -45.3408 13.1106
v 34.4091 -46.1820 12.1198
v 37.1355 -46.5052 12.8001
v 38.2359 -46.0666 13.3015
v 42.9768 -47.1842 12.5077
v 43.3730 -47.1842 12.5077
v 47.6040 -46.2290 14.1518
v 49.4938 -46.3561 13.1218
v 51.8707 -46.3561 12.8121
v 54.2365 -46.1040 12.5154
v 55.8108 -45.1873 12.0819
v 28.0785 -43.7290 11.8838
v 29.3240 -43.8873 12.7105
v 31.9498 -44.4824 13.1106
v 33.3557 -44.6679 12.2751
v 37.8607 -43.9678 12.9446
v 38.3003 -43.9678 12.9446
v 45.3756 -42.5690 13.1138
v 46.7306 -43.5268 13.5707
v 49.3580 -44.6952 14.1354
v 51.8580 -44.6186 14.1438
v 54.3580 -44.3146 13.7729
v 56.2470 -43.6139 12.9947
v 27.6796 -41.2411 12.8638
v 28.4426 -42.0825 13.5305
v 33.0290 -40.1070 11.9392
v 33.2781 -40.1070 11.9392
v 37.9720 -42.3823 11.9985
v 38.2912 -42.3823 11.9985
v 45.3829 -41.4180 12.9762
v 45.9014 -41.4180 12.9762
v 57.6204 -41.4029 13.3629
v 58.8198 -40.6855 12.6957
v 62.7020 -40.0415 11.9432
v 63.1872 -40.0415 11.9432
v 27.5725 -39.3591 13.1138
v 28.7742 -38.1091 13.1138
v 33.0290 -39.7402 11.9392
v 33.2781 -39.7402 11.9392
v 38.0746 -37.5680 14.3423
v 39.3580 -37.5872 14.2336
v 40.6685 -37.5344 14.2117
v 44.9891 -38.7906 12.9762
v 46.2925 -38.7906 12.9762
v 58.0998 -39.8190 14.3624
v 59.3035 -39.0163 13.4147
v 61.8644 -38.9198 12.4143
v 63.3433 -38.7290 12.0995
v 29.5067 -36.2290 13.1138
v 35.5792 -35.0385 14.3319
v 37.0880 -36.0147 14.2626
v 39.4972 -36.1598 14.1905
v 40.6685 -36.9469 14.2117
v 44.8833 -36.9091 13.1138
v 46.8407 -36.3186 12.7349
v 48.8596 -35.5311 12.2298
v 52.9314 -35.0210 11.9234
v 53.1232 -35.0210 11.9234
v 59.7534 -36.1412 13.2258
v 61.8580 -36.8902 12.4925
v 63.3425 -37.2569 12.0988
v 29.4676 -33.7290 13.1138
v 35.5792 -34.8695 14.3319
v 36.8580 -34.8101 14.2534
v 38.7566 -34.8633 14.2485
v 47.5771 -34.2605 12.2298
v 48.8596 -34.2605 12.2298
v 52.9314 -34.9304 11.9234
v 54.2443 -33.8071 13.0101
v 56.8580 -32.8201 13.9720
v 58.9654 -33.6290 13.2105
v 30.0780 -31.0136 13.0105
v 30.6776 -30.0366 12.1084
v 47.6585 -30.6607 12.6217
v 48.6181 -30.6607 12.6217
v 55.0224 -31.2290 13.8234
v 56.8580 -31.2290 13.4642
v 58.5648 -31.2290 12.7546
v 30.5551 -29.9054 13.7750
v 31.6498 -29.5699 13.0105
v 34.5329 -28.5551 12.9521
v 36.8580 -28.3670 13.6985
v 38.3105 -27.9279 14.1629
v 47.8674 -28.4932 13.3096
v 49.0409 -28.4482 13.3218
v 51.0999 -27.7119 14.0408
v 55.0697 -29.4584 13.9104
v 56.8580 -29.5447 13.8561
v 59.3455 -28.8834 13.1911
v 60.7389 -27.8463 12.2420
v 35.4828 -27.2957 12.0109
v 36.8580 -26.8388 12.4485
v 39.4131 -26.0042 13.3210
v 40.9186 -25.1996 12.4791
v 48.0763 -27.4605 13.9976
v 49.3580 -27.2667 13.8469
v 51.0999 -27.2144 14.0408
v 55.3129 -25.5414 13.9698
v 57.0287 -25.6613 13.1274
v 59.4470 -26.7310 13.0907
v 60.7389 -27.3243 12.2420
v 40.5013 -23.7290 14.1660
v 41.7944 -23.6519 13.1203
v 44.2264 -22.8050 13.2785
v 47.0675 -22.7419 12.8750
v 49.1960 -22.6244 12.8246
v 51.8580 -22.6097 12.0800
v 54.4748 -23.6180 12.9428
v 56.3092 -24.6907 12.3031
v 40.5581 -22.4331 14.3181
v 41.8580 -22.4150 14.2229
v 43.3053 -22.4396 14.2216
v 48.0406 -22.4750 11.8824
v 49.3666 -21.7630 12.9493
v 51.8580 -21.2290 12.6283
v 54.0716 -21.2290 13.2426
v 50.5355 -19.7587 14.1419
v 51.9238 -18.8468 13.6402
v 53.7821 -18.7290 13.6257
v 52.8010 -17.3755 14.0933
v 53.2507 -17.3755 14.0933
v -47.2584 24.6729 13.9918
v -45.6420 24.5289 13.7291
v -43.2393 24.3707 13.0792
v -40.8267 24.4391 13.1138
v -49.7114 27.3240 12.1313
v -47.9342 26.4627 13.0616
v -45.6420 25.7971 12.4791
v -44.1374 25.4754 12.2228
v -39.5767 25.1773 13.1138
v -38.0191 26.4438 13.1796
v -36.5057 27.1840 12.3901
v -62.1923 29.7116 14.1227
v -60.6345 29.0013 13.2191
v -58.1420 28.5764 13.1138
v -55.6420 28.8532 13.1138
v -52.8930 29.2029 13.3622
v -50.5837 28.8156 13.0006
v -48.7646 28.7710 13.9118
v -37.3754 28.7710 14.0220
v -36.0127 28.7710 12.7720
v -65.0937 31.9297 13.7007
v -63.0722 31.1662 13.4057
v -61.5147 31.2710 12.4136
v -54.7704 32.4656 11.9055
v -53.0964 31.2441 13.1333
v -50.6420 30.3300 14.3342
v -49.3376 30.4313 14.3270
v -37.3248 30.2292 14.2151
v -35.4543 31.3341 13.3818
v -34.2024 32.4389 14.2152
v -65.2744 33.7110 12.9659
v -63.1420 32.8915 12.0970
v -60.7286 33.7518 13.1431
v -59.2167 34.8052 14.2815
v -54.7704 32.5650 11.9055
v -54.2992 32.5650 11.9055
v -42.1651 34.2982 12.4239
v -41.6921 34.2982 12.4239
v -36.9591 34.8984 11.9676
v -35.6385 33.9474 12.7399
v -34.0535 33.7710 14.1311
v -65.1894 36.2710 13.1138
v -59.6385 36.2710 14.2345
v -59.1317 36.2710 14.2345
v -52.2077 37.3367 12.4173
v -50.2716 37.4210 13.1671
v -49.3604 37.5052 13.9169
v -42.1651 35.3435 12.4239
v -41.6921 35.3435 12.4239
v -37.4199 36.2710 12.3073
v -35.6307 36.2129 13.6216
v -34.1303 35.3409 14.2021
v -64.6127 37.7711 13.1138
v -63.1420 38.4082 13.1138
v -60.3924 38.7791 13.1752
v -58.2890 38.8024 13.5298
v -56.5113 39.6567 13.6844
v -52.2094 38.7710 12.3537
v -50.0517 38.2395 12.9017
v -49.3662 38.4790 12.9211
v -39.7458 39.8502 14.2067
v -37.8792 39.0088 13.0845
v -35.9911 38.9402 12.9860
v -33.6639 39.6900 12.3103
v -59.6448 40.3661 12.0767
v -58.1420 40.3355 12.1389
v -55.6793 41.1471 12.9708
v -53.0355 41.1634 12.1104
v -50.6420 40.1484 11.9847
v -49.3721 40.0840 11.9252
v -39.7458 40.5466 14.2067
v -37.9675 41.3363 13.7417
v -35.7886 41.4497 13.6039
v -33.1025 41.2588 13.2078
v -31.3067 41.7821 12.4386
v -59.5479 44.7341 12.3614
v -58.2770 44.2630 13.1624
v -55.6652 43.1911 13.0998
v -54.0714 42.9476 12.2572
v -47.1239 44.9257 11.9994
v -46.8084 44.9257 11.9994
v -42.7045 44.9112 14.0713
v -41.7361 44.9112 14.0713
v -37.3179 43.5493 13.2204
v -36.6105 43.5493 13.2204
v -32.5412 42.9270 14.1053
v -30.5661 43.7815 13.1573
v -29.0630 44.6360 12.2094
v -59.6567 46.2710 12.7404
v -59.1980 46.2710 13.9904
v -47.1239 45.1495 11.9994
v -46.8084 45.1495 11.9994
v -42.5357 46.4414 13.1883
v -41.5490 46.4414 13.1883
v -37.6180 45.8112 12.1411
v -36.5013 45.8112 12.1411
v -29.8255 45.6347 13.8761
v -28.2578 46.4574 13.0263
v -25.6420 47.0956 12.3501
v -23.9472 47.1947 12.1994
v -59.5891 47.7769 12.5351
v -58.6525 48.6746 13.2666
v -49.7561 49.5295 14.1912
v -48.1420 49.5404 13.7082
v -46.7325 49.8717 13.6623
v -42.2288 48.6253 13.1656
v -40.7653 49.0523 12.7289
v -39.1208 49.7640 12.0011
v -27.3657 48.7710 13.9322
v -25.6420 48.7710 13.0042
v -23.9680 48.7710 12.1858
v -57.6700 51.2710 13.1138
v -51.9418 52.3736 14.3094
v -50.6105 51.4326 14.2062
v -48.3552 51.0634 13.8179
v -46.7325 50.0917 13.6623
v -42.1930 50.5252 14.0335
v -40.5513 50.9514 12.9492
v -38.6742 51.2710 12.1361
v -34.8982 52.0619 14.0674
v -34.2418 52.0619 14.0674
v -27.2893 51.3884 13.3308
v -25.6420 50.5374 12.5179
v -24.2715 50.0973 11.9576
v -57.2744 53.7312 13.1296
v -56.8279 54.5380 13.9734
v -51.9418 52.6120 14.3094
v -50.6420 52.6907 14.2962
v -49.3307 52.6563 14.3281
v -44.4421 54.9597 14.3232
v -44.3542 54.9597 14.3232
v -39.6857 53.0279 12.0895
v -38.7062 53.0279 12.0895
v -34.8982 52.6318 14.0674
v -33.1347 53.7356 14.1445
v -30.6420 54.7737 14.1947
v -28.3651 53.9322 13.3138
v -56.9931 55.1555 12.3067
v -56.2071 56.1017 13.1296
v -52.3186 57.1497 13.7448
v -51.3756 57.1497 13.7448
v -44.4421 55.0489 14.3232
v -44.3542 55.0489 14.3232
v -39.8614 56.9481 12.3719
v -39.0177 56.9481 12.3719
v -32.3362 56.2710 13.8058
v -30.5678 56.2379 13.8674
v -27.9176 56.2490 13.4368
v -26.6213 57.1155 12.5931
v -54.8340 57.7605 13.1138
v -53.1480 57.8648 12.9924
v -50.6961 58.6230 13.0815
v -48.9708 59.4711 14.0848
v -39.8614 57.9360 12.3719
v -37.9666 58.9666 13.3607
v -36.8826 59.9972 14.3496
v -32.3487 58.0980 13.7619
v -31.3516 58.0980 13.7619
v -27.1946 58.7710 14.1540
v -26.5418 58.7710 12.9040
v -50.0165 60.5208 12.4182
v -48.1393 60.8902 13.1964
v -45.7598 62.0694 12.8816
v -44.0544 62.4861 11.8935
v -36.9155 60.0295 14.3496
v -36.8826 60.0295 14.3496
v -32.1512 61.9744 13.7490
v -30.7934 61.6145 12.9949
v -28.0218 60.5717 13.2584
v -26.6957 60.2364 12.5214
v -45.0050 63.0635 13.5602
v -43.1894 63.1915 12.8816
v -40.6420 63.7235 13.1138
v -37.9052 64.4041 13.3379
v -36.2536 64.6310 12.6540
v -32.4941 63.5780 12.9949
v -31.7276 62.6161 12.0824
v -36.9139 65.0623 14.3207
v -35.6130 66.2016 13.1063
v -33.0975 66.3199 13.0988
v -31.8586 66.9657 14.3057
v -34.9724 68.2257 13.5587
v -33.1420 68.0884 13.7164
v -31.8586 67.5728 14.3057
v 40.0630 -62.8300 15.6138
v 41.8580 -63.0168 15.6138
v 44.2139 -62.6297 15.3664
v 45.6134 -62.4811 14.3680
v 39.4956 -61.2290 15.6138
v 44.9512 -61.6746 16.0347
v 46.6319 -61.0619 15.5985
v 48.5356 -60.4491 15.1622
v 25.1614 -57.9768 14.8407
v 26.8580 -58.1331 14.9911
v 29.3580 -57.8292 14.7546
v 31.8580 -57.6633 14.6916
v 33.3882 -57.6322 14.6393
v 37.9257 -57.7022 15.6138
v 38.7905 -58.9522 15.6138
v 47.6503 -59.9384 16.8289
v 48.7154 -58.9547 15.8429
v 22.3577 -55.4771 14.9375
v 24.3400 -56.2779 15.0317
v 26.8580 -56.2290 15.2126
v 29.4183 -56.2177 15.8161
v 31.8580 -56.8123 15.9416
v 34.2761 -56.6652 15.5291
v 36.6757 -56.8019 15.6138
v 47.9403 -55.0719 16.7880
v 49.2337 -56.0214 15.7950
v 50.9743 -55.3042 14.8019
v 20.4395 -53.1108 14.7290
v 21.6578 -53.8581 15.2603
v 24.5834 -53.6650 15.0787
v 26.8580 -53.9813 14.5853
v 28.8887 -53.4948 15.5035
v 45.5341 -52.6011 16.7637
v 46.8927 -53.6364 16.7758
v 49.3580 -54.5317 16.5105
v 51.8278 -54.4438 15.6267
v 54.2697 -53.6050 15.6326
v 55.8363 -53.2918 16.4785
v 20.4395 -52.1213 14.7290
v 21.8519 -51.2644 15.0657
v 24.5834 -51.4462 15.0216
v 26.0479 -50.7577 14.6555
v 29.9301 -51.3032 15.6381
v 30.7320 -50.5193 16.4877
v 45.5341 -52.3975 16.7637
v 45.8452 -52.3975 16.7637
v 52.4017 -50.5972 15.6138
v 54.2697 -51.7903 15.6326
v 55.8363 -52.1736 16.4785
v 22.6811 -49.6907 14.6132
v 24.3580 -49.2459 14.7696
v 26.0479 -49.2898 14.6555
v 30.2135 -48.7290 15.1331
v 30.8895 -48.7290 16.3831
v 38.0660 -47.9037 14.6601
v 38.1839 -47.9037 14.6601
v 47.5717 -47.6930 14.5895
v 49.3580 -47.9437 14.9127
v 51.5141 -48.7223 15.6675
v 30.3290 -47.0383 14.9323
v 31.2661 -46.2146 15.7049
v 37.9890 -46.2290 14.6118
v 38.1771 -46.2290 14.6118
v 47.6040 -46.2290 14.6193
v 49.3580 -46.2290 15.4835
v 51.2976 -46.2290 16.4780
v 30.1092 -42.8610 14.8122
v 31.2247 -43.7082 15.6329
v 37.9913 -44.9603 14.3982
v 38.1242 -44.9603 14.3982
v 45.4636 -42.5118 14.3896
v 46.8123 -43.6578 14.4342
v 49.8673 -43.9527 15.7206
v 51.3063 -43.9708 16.1329
v 54.3580 -43.6836 15.6138
v 56.2206 -42.7855 15.6138
v 27.9074 -40.4159 14.5702
v 29.3332 -41.3188 15.5245
v 30.7905 -42.2216 16.4789
v 35.3810 -40.3948 16.4804
v 35.8749 -40.3948 16.4804
v 45.4636 -42.3772 14.3896
v 45.6523 -42.3772 14.3896
v 50.5465 -42.1137 16.7685
v 50.6693 -42.1137 16.7685
v 57.5932 -41.2411 15.3686
v 59.3580 -40.3795 16.0927
v 60.7228 -40.0763 16.6611
v 27.9074 -39.7365 14.5702
v 29.2165 -38.8335 15.4876
v 35.3810 -39.5522 16.4804
v 36.9747 -38.5601 15.4291
v 39.3580 -37.5872 14.4313
v 40.6685 -37.5344 14.4397
v 45.2355 -38.1603 15.6138
v 46.0555 -38.1603 15.6138
v 58.0998 -39.8190 14.3717
v 59.1155 -38.8830 14.9398
v 60.9105 -38.7290 16.3278
v 30.3039 -36.1372 15.7511
v 31.8580 -35.2354 16.6722
v 34.4095 -35.0478 15.6095
v 37.0880 -36.0147 14.5507
v 39.4972 -36.1598 14.5608
v 40.6685 -36.9469 14.4397
v 45.2355 -37.0060 15.6138
v 46.0555 -37.0060 15.6138
v 57.9853 -34.9927 16.8502
v 59.0800 -35.6991 15.8252
v 60.8959 -36.2290 16.3064
v 30.1702 -33.8644 15.7511
v 31.8580 -34.6494 16.6722
v 34.4095 -34.8000 15.6095
v 36.8580 -34.8101 14.5868
v 38.7566 -34.8633 14.6022
v 55.2354 -33.0497 15.6138
v 57.0344 -34.0855 15.8557
v 59.2358 -34.6436 15.9081
v 60.7033 -34.8916 16.6326
v 30.2815 -31.1401 15.5392
v 30.7483 -30.2476 16.3228
v 54.3566 -31.2290 15.6138
v 30.5551 -29.9054 14.6561
v 31.6922 -29.3133 15.5392
v 34.2909 -28.2985 15.7190
v 36.8580 -28.3670 15.0086
v 38.3105 -27.9279 14.6315
v 48.0763 -27.7839 14.4241
v 49.3959 -27.9259 15.4000
v 51.9031 -28.0248 15.5531
v 54.1888 -28.7035 15.4151
v 56.8580 -28.2947 14.6642
v 58.6731 -28.2538 14.6439
v 35.0795 -27.1766 16.6224
v 36.9533 -26.2976 16.2711
v 38.8157 -26.2290 15.0540
v 47.7001 -26.4690 15.5180
v 49.0279 -26.4999 15.5134
v 51.9031 -26.3203 15.1063
v 54.4309 -26.3165 14.9541
v 56.8580 -27.0211 14.6642
v 58.6731 -27.1394 14.6439
v 37.8502 -24.5904 16.6830
v 39.1951 -23.7458 15.7553
v 44.9104 -23.1725 15.6138
v 46.6375 -24.1435 15.7126
v 49.3810 -23.5887 15.0619
v 51.8580 -23.7290 15.6525
v 53.9081 -23.7290 15.2159
v 37.7071 -20.3974 16.7029
v 39.4767 -21.4152 15.8453
v 41.8580 -21.1650 15.3677
v 43.6376 -21.4554 15.7926
v 50.2700 -21.2290 14.6075
v 52.0184 -21.1184 15.9117
v 54.0282 -21.1184 15.7167
v 37.7071 -19.6702 16.7029
v 39.3580 -19.1926 16.5860
v 41.8580 -19.2571 16.6177
v 43.2540 -19.7563 16.7452
v 50.5355 -19.7587 14.4808
v 52.0465 -18.9718 15.3305
v 53.7967 -18.9026 15.4537
v 52.8010 -17.3755 14.5136
v 53.2507 -17.3755 14.5136
v -47.4299 24.4516 15.6138
v -45.6420 23.9824 15.6138
v -43.0465 24.4735 15.7163
v -41.1839 24.7342 14.9512
v -47.3530 26.4236 15.4861
v -46.3860 27.3586 16.2343
v -42.1495 25.5883 16.6179
v -40.4672 25.7030 15.7163
v -38.6347 26.6980 15.6138
v -62.1923 29.7116 14.5277
v -60.6420 29.1810 14.8651
v -58.1420 29.3091 14.8378
v -55.6420 29.5685 15.0127
v -53.5603 29.5562 15.1015
v -49.4143 30.0034 16.6348
v -48.1404 28.8371 15.6012
v -46.3860 27.6708 16.2343
v -38.0158 28.7710 15.6138
v -65.0937 31.9297 14.9820
v -63.0722 31.1662 15.0582
v -60.6420 31.2710 15.2761
v -58.0076 31.3518 15.8467
v -55.6420 30.4929 16.2627
v -52.8930 30.3668 15.8064
v -50.4054 30.5663 15.7264
v -49.3376 30.4313 14.9681
v -39.7206 32.3732 16.7414
v -38.0791 31.4423 16.0971
v -35.6420 31.8388 15.6138
v -33.2783 32.2104 15.5663
v -31.5141 32.2104 16.3680
v -65.3136 33.7710 15.1734
v -63.1420 33.7710 15.5781
v -60.5403 33.8915 14.7912
v -58.1507 33.8309 15.4647
v -56.4875 34.5233 16.3928
v -39.7206 32.9451 16.7414
v -38.8203 32.9451 16.7414
v -32.8035 33.7710 14.9759
v -31.4053 33.7710 16.2259
v -64.8081 36.2710 14.7267
v -63.1420 36.2710 15.0564
v -60.8885 36.2710 14.6935
v -57.8817 36.2710 14.8759
v -56.3751 36.2710 16.1259
v -49.4554 37.5052 14.3752
v -49.3604 37.5052 14.3752
v -34.9417 36.9564 15.6138
v -33.2350 35.7226 15.6510
v -31.6210 35.2765 16.5092
v -64.4197 37.5425 14.3865
v -63.1420 37.8320 14.5872
v -61.1401 37.9142 14.6390
v -57.5536 37.9900 14.6842
v -56.2515 38.8024 15.5560
v -49.4511 38.7401 15.5265
v -49.3369 38.7401 15.5265
v -39.7458 39.8502 15.1801
v -38.1420 39.5143 15.3172
v -35.5918 38.8178 15.7510
v -34.2749 39.7863 16.6833
v -55.8087 41.2710 15.6138
v -49.4467 40.1039 16.6778
v -49.3135 40.1039 16.6778
v -39.7458 40.5466 15.1801
v -37.9675 41.3363 15.1706
v -35.7886 41.4497 15.0725
v -34.0821 41.4497 15.7555
v -57.5336 44.5494 14.9751
v -56.3779 43.7381 15.7306
v -42.7045 44.9112 14.4985
v -41.7361 44.9112 14.4985
v -37.0178 42.5470 14.4373
v -36.7197 42.5470 14.4373
v -32.8424 43.1468 15.6138
v -30.6521 44.3375 15.5755
v -29.0834 44.7140 16.3834
v -57.8137 46.2479 15.7306
v -56.6967 45.3992 16.6417
v -46.9039 47.5105 16.8515
v -46.8889 47.5105 16.8515
v -42.6074 46.2710 14.6033
v -41.6510 46.2710 14.6033
v -29.8255 45.6347 14.7167
v -28.2680 46.3800 15.4819
v -26.4068 47.1253 16.2471
v -57.4775 48.7589 15.5162
v -56.7200 49.5842 16.2845
v -49.7561 49.5295 14.5367
v -47.6114 48.6765 15.5263
v -46.8107 48.6982 15.6335
v -42.2238 48.7710 14.9554
v -41.5671 48.7710 14.9554
v -27.3657 48.7710 14.5568
v -26.1662 48.7710 15.8068
v -56.9889 51.2710 14.8993
v -56.6122 51.2710 16.1493
v -51.9418 52.3736 14.4546
v -50.6105 51.4326 14.5655
v -48.3552 51.0634 14.5421
v -46.7325 50.0917 14.4156
v -42.1930 50.5252 14.9679
v -41.6243 50.5252 14.9679
v -34.8982 52.0619 14.9044
v -34.2418 52.0619 14.9044
v -29.9982 52.0251 16.4503
v -27.9236 51.4089 15.4274
v -26.4095 50.7926 16.0712
v -56.9399 52.8713 14.8238
v -56.6001 53.7312 15.6398
v -51.9418 52.6120 14.4546
v -50.6420 52.6907 14.4862
v -49.3307 52.6563 14.4362
v -44.4421 54.9597 14.3976
v -44.3542 54.9597 14.3976
v -34.8982 52.6318 14.9044
v -33.1347 53.7356 14.9930
v -30.9275 54.0228 15.7659
v -28.8841 53.2063 14.7836
v -55.9679 56.2710 15.6138
v -52.3186 57.1497 15.1676
v -51.3756 57.1497 15.1676
v -44.4421 55.0489 14.3976
v -44.3542 55.0489 14.3976
v -32.5308 56.0432 15.7945
v -30.7709 56.0536 15.6104
v -28.7458 57.0492 14.4725
v -54.9320 57.9447 15.6138
v -53.0712 58.6368 15.9308
v -50.5822 58.6911 15.6769
v -48.9708 59.4711 15.0850
v -37.4035 59.6825 15.6138
v -35.8864 59.5725 15.7003
v -33.1899 58.9114 15.5310
v -30.5678 58.8672 14.5806
v -28.4446 58.7710 14.5545
v -52.1572 60.2165 16.6940
v -50.6420 60.2860 16.6524
v -48.1465 61.2133 15.7252
v -46.6717 62.2478 14.6987
v -40.0763 61.8765 16.4411
v -38.0663 60.9530 15.6247
v -35.8864 61.0261 15.2316
v -33.0475 61.1930 15.0290
v -30.6420 60.3491 14.5532
v -28.7750 60.1718 14.5094
v -47.4451 63.7710 16.3346
v -45.7598 63.8465 15.1328
v -43.0656 64.3254 15.5561
v -40.8026 63.2135 15.6102
v -37.9052 63.7346 14.8878
v -35.6420 63.7710 15.5163
v -33.3559 63.7710 15.1693
v -47.7240 66.2710 16.5190
v -45.6420 66.2710 16.0444
v -43.8117 66.2710 16.3892
v -36.9139 65.0623 14.3819
v -35.7403 66.0458 15.1685
v -32.9077 66.1878 15.2548
v -31.8586 66.9657 14.5257
v -47.6941 67.9781 16.6113
v -45.6420 67.9892 16.5844
v -44.1624 67.6881 16.7438
v -34.9724 68.2257 15.0537
v -33.1420 68.0884 15.0027
v -31.8586 67.5728 14.5257
v 40.1991 -62.7741 17.3847
v 41.8580 -62.7886 17.3708
v 43.2846 -62.5967 17.0190
v 40.0728 -61.2290 17.5495
v 41.8580 -61.2290 18.0004
v 44.2139 -60.9963 17.2445
v 45.9836 -60.0079 16.8970
v 38.0071 -57.6421 17.0863
v 39.4252 -58.5769 17.6554
v 41.6726 -58.8232 18.7896
v 44.3580 -59.1867 18.4733
v 46.7639 -58.7270 18.0934
v 48.4710 -58.2718 17.6231
v 30.2918 -55.3768 17.4227
v 31.8580 -55.5623 17.6119
v 34.3973 -55.5660 18.1269
v 37.0475 -56.4764 17.9973
v 39.3580 -56.9644 18.8083
v 40.7157 -57.3955 19.2340
v 47.4260 -56.0348 18.3194
v 48.4710 -56.7386 17.6231
v 30.3097 -53.6175 18.1992
v 31.8580 -54.2410 18.8619
v 33.5902 -54.5975 18.9690
v 38.0500 -52.7076 19.2800
v 38.1622 -52.7076 19.2800
v 45.5341 -52.6011 16.9345
v 46.9081 -53.3471 17.5875
v 49.3580 -53.2817 17.3647
v 51.8287 -53.4734 18.1490
v 54.3580 -54.0484 18.1138
v 55.8640 -53.2135 18.1138
v 27.9641 -50.1876 19.2252
v 29.6842 -51.1868 18.0968
v 30.7320 -50.5193 16.9684
v 38.0500 -52.3724 19.2800
v 38.1622 -52.3724 19.2800
v 42.8399 -50.1504 18.9181
v 44.5206 -51.2740 17.9263
v 46.7946 -52.2538 17.8288
v 49.3580 -51.7172 18.6147
v 51.6848 -51.0061 18.4961
v 54.3580 -51.2086 18.1138
v 55.8640 -52.0510 18.1138
v 27.9641 -49.5362 19.2252
v 29.2006 -48.7133 18.4413
v 30.8895 -48.7290 17.0647
v 42.8399 -49.5528 18.9181
v 43.5070 -49.5528 18.9181
v 52.3659 -48.7899 17.8920
v 53.3810 -47.9971 18.5774
v 29.7510 -46.2290 18.4951
v 31.0033 -46.2290 17.2451
v 52.5476 -46.2290 17.0813
v 53.5089 -46.2290 18.3313
v 29.9097 -43.7290 18.6790
v 30.9516 -43.7290 17.4290
v 50.5465 -42.9627 16.9424
v 51.5391 -43.8750 17.0247
v 54.1972 -43.7250 17.9732
v 56.2178 -42.6628 17.1728
v 27.9954 -40.3740 19.1812
v 29.3489 -41.2978 18.2267
v 30.7905 -42.2216 17.2722
v 35.3810 -40.3948 16.9914
v 35.8749 -40.3948 16.9914
v 50.4697 -41.1395 17.8683
v 50.7615 -41.1395 17.8683
v 54.9929 -41.2290 18.9062
v 56.9970 -41.0685 18.2254
v 59.1628 -40.3448 17.9562
v 60.7228 -40.0763 17.0178
v 27.9954 -39.8348 19.1812
v 29.2096 -38.8925 18.2542
v 35.3810 -39.5522 16.9914
v 35.8749 -39.5522 16.9914
v 45.4931 -37.8681 16.9852
v 45.7563 -37.8681 16.9852
v 50.3929 -39.8360 18.7942
v 50.8538 -39.8360 18.7942
v 55.3710 -39.7096 19.2781
v 56.1095 -39.7096 19.2781
v 59.8281 -38.7290 18.6142
v 60.9105 -38.7290 17.3642
v 30.3981 -36.9490 18.1138
v 31.8580 -35.8029 18.1138
v 33.6588 -35.0829 18.1138
v 45.4931 -37.1728 16.9852
v 45.7563 -37.1728 16.9852
v 52.7064 -35.0384 19.2709
v 54.3580 -35.4146 18.7415
v 57.0344 -35.4602 17.9218
v 59.2383 -35.9526 18.0151
v 60.8959 -36.2290 17.3408
v 30.3823 -33.1214 17.0865
v 32.1025 -33.2722 17.9974
v 33.6588 -34.2388 18.1138
v 48.0225 -32.9324 19.2116
v 48.3057 -32.9324 19.2116
v 52.7064 -34.9095 19.2709
v 54.7847 -33.9827 17.9852
v 56.1901 -33.8514 17.8019
v 59.8332 -34.8916 16.9865
v 60.7033 -34.8916 16.9865
v 30.3823 -31.9142 17.0865
v 31.6388 -31.1401 17.9974
v 42.5893 -30.5086 18.8637
v 43.7795 -30.5086 18.8637
v 47.9051 -31.2290 19.2360
v 48.5892 -31.2290 19.2360
v 54.8612 -31.0590 17.9316
v 56.0616 -31.7789 18.6434
v 32.6265 -28.5677 18.2559
v 33.4128 -27.6268 17.5173
v 42.3729 -28.7290 18.5902
v 43.8264 -28.7290 18.5902
v 47.9230 -29.8507 19.3456
v 49.2944 -28.9265 18.6417
v 51.8580 -29.0443 18.1138
v 53.6151 -29.5400 18.1138
v 33.0783 -27.4077 19.1840
v 34.3738 -26.4588 18.3072
v 36.1835 -25.5100 17.4304
v 42.6466 -26.9808 18.8324
v 43.3943 -26.9808 18.8324
v 47.2677 -25.8268 18.1138
v 48.6013 -27.0768 18.1138
v 35.1853 -23.7290 18.8523
v 36.9533 -23.7458 17.5910
v 38.3954 -22.9237 17.0913
v 44.9746 -23.4012 18.1138
v 46.0177 -24.6512 18.1138
v 35.2160 -21.2290 18.6981
v 36.8674 -21.2300 17.4677
v 38.3954 -22.0640 17.0913
v 44.1127 -21.2290 18.1138
v 52.9587 -20.2113 16.9488
v 53.3569 -20.2113 16.9488
v 35.3756 -19.7183 18.8915
v 36.8674 -19.2579 18.0804
v 39.5256 -17.9705 18.0506
v 41.7013 -18.0769 18.0506
v 43.4960 -19.4062 18.1138
v 52.9587 -19.8516 16.9488
v 53.3569 -19.8516 16.9488
v 40.4706 -17.4367 18.8418
v 40.7636 -17.4367 18.8418
v -47.2428 24.6099 17.4352
v -45.6420 24.4745 17.6028
v -43.8161 24.7034 17.2778
v -47.2428 25.6920 17.4352
v -45.5884 26.4236 17.6890
v -43.0465 26.3614 17.5054
v -40.6420 27.0710 17.5470
v -39.0038 27.1870 17.5095
v -51.9906 29.9567 19.2690
v -50.5124 29.9800 18.1074
v -47.9502 29.5834 17.9130
v -45.5884 28.1734 18.0978
v -43.1420 27.8128 18.6053
v -40.4791 28.6750 18.8301
v -38.7824 28.7710 17.8727
v -57.0847 32.2390 17.2568
v -55.6420 31.7429 17.6481
v -52.8451 31.1416 18.3928
v -50.5124 30.4907 18.1074
v -48.6557 30.4635 18.6124
v -39.7934 31.4323 18.2835
v -38.0606 31.5751 17.2366
v -35.6420 32.3692 17.1188
v -33.1420 32.1943 17.5107
v -31.5141 32.2104 17.4323
v -57.0740 33.8031 18.1989
v -56.0044 33.7114 18.2879
v -53.6996 32.7344 19.1832
v -39.7850 33.3846 18.1138
v -38.2312 33.9301 17.9579
v -35.4752 33.9331 18.3530
v -33.1420 33.2396 18.7607
v -31.3085 33.6837 18.2049
v -59.4041 37.4986 19.3513
v -57.9949 36.5076 18.8995
v -56.3751 36.2710 17.5428
v -49.9289 37.2633 19.3107
v -49.2979 37.2633 19.3107
v -44.6195 37.3665 19.1733
v -43.1420 37.3086 19.0902
v -41.6952 37.3923 19.1895
v -37.6420 35.3707 19.0059
v -35.3101 36.4919 18.4961
v -33.1420 36.5653 18.1138
v -31.4460 35.5035 18.1138
v -59.4041 37.5434 19.3513
v -58.0269 38.5345 18.8837
v -56.3769 38.7710 17.5231
v -49.6878 38.7797 18.1720
v -49.3057 38.7797 18.1720
v -44.6195 37.6919 19.1733
v -43.1420 37.7021 19.0902
v -41.6952 37.5916 19.1895
v -34.6447 37.9711 18.1138
v -33.9887 39.2211 18.1138
v -57.2250 41.2710 18.9181
v -56.3778 41.2710 17.6681
v -49.4467 40.1039 17.0333
v -49.3135 40.1039 17.0333
v -33.5368 41.2710 18.1138
v -57.4409 43.7710 18.6576
v -56.5330 43.7710 17.4076
v -41.9707 44.4559 19.2578
v -41.7486 44.4559 19.2578
v -32.6273 43.7781 18.2523
v -30.6420 44.4871 17.6207
v -29.0834 44.7140 17.2255
v -57.5492 46.2479 18.0058
v -56.6967 45.3992 17.1005
v -46.9039 47.5105 16.8705
v -45.7214 47.4770 18.0755
v -43.1370 46.2773 19.2691
v -41.7486 45.1111 19.2578
v -37.0647 47.3767 19.0591
v -36.5362 47.3767 19.0591
v -32.1098 46.2710 19.1840
v -30.8508 46.3008 18.9369
v -28.1890 46.3063 18.1346
v -26.4068 47.1253 17.3771
v -57.3290 48.1563 18.1138
v -56.4992 49.4063 18.1138
v -46.9039 47.5248 16.8705
v -45.7214 47.5637 18.0755
v -44.3033 47.6027 19.2804
v -37.0647 47.8773 19.0591
v -36.5362 47.8773 19.0591
v -32.0213 47.5775 19.3099
v -31.8233 47.5775 19.3099
v -27.2946 48.3364 19.0437
v -26.3071 49.0102 18.1718
v -55.4571 51.3729 18.0992
v -54.1287 52.2741 18.9228
v -49.6097 52.2831 19.1492
v -49.2077 52.2831 19.1492
v -30.4334 51.7481 18.1138
v -28.1420 51.0836 18.1138
v -26.5248 50.6064 18.1138
v -55.3253 53.7710 17.5191
v -53.2340 54.0142 18.8846
v -50.7469 53.8481 19.2536
v -49.2077 52.6865 19.1492
v -44.4459 54.9905 19.3384
v -44.3480 54.9905 19.3384
v -31.1650 53.7710 18.1138
v -55.1062 56.2710 17.7132
v -53.2731 56.0288 19.0398
v -50.6718 56.2564 19.3184
v -49.3324 57.4788 19.2788
v -44.7430 56.2710 18.7888
v -43.3656 56.3475 18.7368
v -41.5946 57.2319 19.0854
v -37.2488 57.0886 19.0957
v -36.2698 57.0886 19.0957
v -32.7709 56.7069 18.1138
v -31.3736 55.4569 18.1138
v -54.7322 57.8771 17.5148
v -53.7368 58.7346 18.2544
v -49.4595 57.6029 19.2788
v -49.3324 57.6029 19.2788
v -44.9499 58.7710 18.5291
v -43.1608 58.6412 18.5290
v -41.5946 57.7214 19.0854
v -37.8465 58.7645 18.2029
v -35.5187 58.1464 18.2029
v -34.0209 57.9985 18.1138
v -52.4717 60.6424 18.1138
v -50.7568 61.6128 18.0439
v -48.9889 61.8455 17.1640
v -44.7217 60.3584 18.9921
v -44.0067 60.3584 18.9921
v -40.2516 61.7715 18.1138
v -39.0676 60.5215 18.1138
v -51.9842 64.6406 19.1697
v -50.7568 63.7928 18.5295
v -48.6951 63.7710 17.2165
v -42.4556 64.1566 18.1138
v -41.5016 62.9066 18.1138
v -51.9842 65.4160 19.1697
v -50.7697 66.2580 18.3647
v -48.9740 66.2710 17.0105
v -43.1353 66.2710 18.1138
v -50.0215 67.8568 18.5561
v -48.3733 68.3438 17.8792
v -45.6420 68.7214 18.1138
v -43.8217 67.9447 18.1138
v 41.9896 -58.3140 20.6138
v 44.4064 -58.1690 20.3930
v 45.8775 -57.5156 19.4125
v 34.8166 -55.8386 20.6138
v 36.8580 -56.4658 20.6138
v 39.3580 -56.7387 20.6138
v 40.7396 -57.3615 20.6138
v 45.1618 -56.2290 21.0852
v 46.1314 -56.2290 19.8352
v 28.1047 -52.4808 21.8595
v 29.3059 -52.5953 20.7409
v 31.8580 -52.9910 19.8383
v 33.7418 -53.7501 20.5883
v 38.0500 -52.7076 19.4785
v 38.1622 -52.7076 19.4785
v 45.3489 -54.6848 21.6104
v 46.5486 -53.8025 20.7117
v 52.6426 -52.8548 19.6397
v 54.3580 -52.8857 19.6766
v 55.7210 -52.6455 19.5050
v 27.6175 -51.1042 20.8612
v 29.3059 -52.0375 20.7409
v 31.8580 -51.7304 21.0883
v 33.5528 -51.7391 21.4046
v 38.0500 -52.3724 19.4785
v 38.1622 -52.3724 19.4785
v 42.8399 -50.1504 19.6418
v 43.5070 -50.1504 19.6418
v 47.7125 -52.0915 20.6138
v 49.3288 -50.7809 20.4226
v 51.7310 -51.0728 19.5507
v 54.3580 -51.9059 19.6766
v 55.7210 -52.2138 19.5050
v 27.2430 -48.7133 20.5181
v 29.2756 -47.8152 20.6424
v 30.9065 -47.7609 21.6638
v 42.8399 -49.5528 19.6418
v 43.5070 -49.5528 19.6418
v 49.7752 -48.7290 20.9304
v 51.7348 -48.7899 19.7986
v 53.3810 -47.9971 19.6664
v 27.4805 -46.9770 21.2877
v 29.2250 -46.5673 20.9477
v 30.9065 -47.2165 21.6638
v 40.3538 -45.4592 21.6113
v 41.8580 -45.3940 21.6548
v 44.3580 -45.3327 21.7183
v 46.8580 -45.3175 21.7291
v 49.2209 -46.0107 21.3971
v 51.8580 -46.2290 20.6201
v 53.5089 -46.2290 19.9446
v 29.7136 -43.5386 20.7594
v 30.7355 -42.5783 21.6898
v 40.3538 -44.7192 21.6113
v 41.8580 -44.7642 21.6548
v 44.3580 -44.6783 21.7183
v 46.8580 -44.6511 21.7291
v 49.2622 -43.9413 21.4748
v 51.8580 -43.7290 20.5997
v 53.4918 -43.7290 19.8271
v 27.9954 -40.3740 19.7298
v 29.2004 -41.4009 20.7098
v 30.7355 -42.4278 21.6898
v 35.1984 -40.1213 21.7767
v 35.6874 -40.1213 21.7767
v 42.9790 -40.0706 21.6021
v 44.3580 -40.3296 21.5922
v 46.8580 -40.7812 21.3564
v 49.3790 -41.2525 20.5526
v 51.9436 -40.9317 20.4969
v 53.6610 -41.0103 20.4513
v 57.7761 -40.0546 19.4258
v 58.1994 -40.0546 19.4258
v 27.9954 -39.8348 19.7298
v 29.3578 -38.7679 20.5219
v 31.2243 -37.7011 21.3140
v 35.1984 -39.8669 21.7767
v 35.6874 -39.8669 21.7767
v 40.4319 -37.5730 21.7704
v 41.8203 -38.7385 21.6863
v 44.5808 -38.9340 21.6044
v 46.8580 -38.7290 20.8336
v 49.4790 -38.8932 19.9930
v 51.3834 -38.8932 20.7148
v 54.7934 -38.8173 20.5634
v 56.9089 -38.8173 19.7858
v 58.5781 -38.7290 19.6418
v 30.4554 -37.3419 19.6473
v 31.9778 -36.5030 20.5339
v 33.5744 -35.1118 20.6138
v 40.4319 -37.3541 21.7704
v 40.6616 -37.3541 21.7704
v 45.5626 -37.3001 21.7936
v 46.7273 -36.3716 20.9976
v 49.3580 -36.2290 20.1483
v 51.8010 -36.0595 20.5735
v 54.3904 -36.5884 20.5634
v 56.8580 -36.8202 19.8448
v 58.6434 -36.9126 19.6725
v 33.0988 -32.5739 19.3876
v 33.8301 -33.5360 20.3781
v 47.7481 -33.6124 20.4044
v 48.9070 -33.7291 20.3277
v 51.8670 -34.4263 20.4645
v 54.2299 -33.3495 20.6799
v 56.0616 -33.0010 19.8906
v 33.0413 -31.2290 19.4677
v 33.7510 -31.2290 20.7177
v 42.6960 -30.4457 20.6138
v 43.6473 -30.4457 20.6138
v 47.9365 -31.0041 20.5605
v 48.5183 -31.0041 20.5605
v 52.4901 -30.5968 21.2977
v 54.2811 -31.1879 20.5942
v 56.0616 -31.7789 19.8906
v 33.0259 -28.7290 19.5547
v 33.6327 -28.7290 20.8047
v 40.1711 -27.8417 21.3661
v 41.5016 -28.6966 20.5652
v 44.0795 -28.7290 20.6138
v 47.8283 -28.9020 20.5566
v 49.1069 -29.1566 20.2158
v 51.7373 -29.7715 20.5242
v 53.5843 -29.7573 19.6311
v 33.0783 -27.4077 19.5036
v 33.8332 -26.4362 20.4477
v 40.1711 -26.8683 21.3661
v 41.8312 -26.6848 20.5652
v 43.5402 -26.9443 20.6138
v 47.2703 -26.3582 20.5566
v 48.2859 -27.2777 19.6851
v 34.9046 -23.5844 20.7794
v 35.8160 -22.6547 21.7232
v 40.5597 -22.5531 21.8169
v 40.6537 -22.5531 21.8169
v 44.7393 -23.4222 20.6138
v 46.0102 -24.6722 20.6138
v 35.2160 -21.2290 20.1405
v 36.1854 -21.2290 21.3905
v 40.3019 -21.2290 21.6570
v 41.6354 -21.3373 21.4063
v 43.6359 -21.3373 20.5717
v 35.3756 -19.7183 19.7066
v 36.9451 -19.3035 20.5695
v 39.5260 -18.7131 20.5278
v 41.7013 -18.6544 19.9686
v 43.4793 -19.4380 19.7104
v 40.4706 -17.4367 19.4207
v 40.7636 -17.4367 19.4207
v -44.4055 27.5134 21.7754
v -44.3729 27.5134 21.7754
v -52.1462 29.8532 20.6138
v -50.7231 29.8291 20.6293
v -48.0024 29.9588 20.4640
v -45.5467 28.8231 20.6152
v -43.2187 28.5488 20.8810
v -41.2038 29.4444 19.9866
v -52.5976 31.2710 20.6138
v -49.9439 30.4635 19.8063
v -48.0024 30.3041 20.4640
v -46.6878 30.1448 21.1216
v -42.0645 30.6327 21.6533
v -41.0407 31.3880 20.7375
v -59.5600 34.8718 21.6409
v -57.9949 34.7134 20.7301
v -55.7784 34.4309 20.6485
v -53.0263 33.8443 20.8248
v -50.6420 34.8988 21.5040
v -49.2166 34.9248 21.4366
v -40.0941 33.3858 20.6138
v -39.1165 34.6358 20.6138
v -34.5306 34.8745 19.4243
v -33.1420 34.4896 19.6553
v -31.5684 34.4589 19.6920
v -59.8328 36.5076 20.7301
v -58.7301 35.8320 19.9742
v -55.0360 35.6278 21.5050
v -53.1420 35.5979 21.5553
v -50.3364 36.0948 20.6065
v -49.2573 36.1926 20.4232
v -44.6195 37.3665 19.5420
v -43.1420 37.3086 19.8671
v -41.6952 37.3923 19.8566
v -37.7667 36.2308 20.7127
v -35.2955 36.4401 19.6848
v -33.1420 35.9282 19.6553
v -31.5684 35.4088 19.6920
v -59.7991 38.5345 20.7945
v -58.7835 39.2101 20.0816
v -49.9289 37.6271 19.4099
v -48.1156 38.8143 20.6293
v -45.4707 38.8466 20.6954
v -43.1420 37.7021 19.8671
v -40.7556 38.7617 20.6845
v -37.9871 38.9674 21.2732
v -35.3930 38.5219 20.2710
v -33.9714 39.1892 19.8421
v -59.5039 40.1280 21.7483
v -58.3121 41.0852 20.7945
v -46.9333 40.0507 21.8488
v -46.3219 40.0507 21.8488
v -39.8160 40.2062 21.5124
v -38.1724 41.1321 21.0821
v -35.6420 41.2710 20.6783
v -33.7862 41.2710 20.1418
v -57.7324 43.7710 20.6138
v -42.0055 44.0963 20.6138
v -41.5033 44.0963 20.6138
v -37.7376 43.7710 21.2693
v -35.6420 43.7710 20.6850
v -33.5975 43.7710 20.0295
v -57.9907 46.2710 20.6138
v -52.2836 47.2915 21.3593
v -51.7055 47.2915 21.3593
v -44.6293 47.3749 20.6138
v -42.8581 46.5355 20.6138
v -40.9546 46.1600 20.9736
v -38.1417 46.2444 20.7141
v -35.5805 46.5024 20.6669
v -33.2142 46.3853 20.5610
v -30.1566 47.1540 19.6406
v -28.9612 47.1540 19.6406
v -57.5068 48.1037 20.6138
v -55.6810 49.3372 20.7538
v -53.2465 48.7992 21.5199
v -51.7055 47.8272 21.3593
v -44.6293 47.6628 20.6138
v -43.7108 47.6628 20.6138
v -40.4045 48.7710 21.0940
v -37.9956 48.7348 19.8996
v -35.9234 48.7348 20.5154
v -32.4422 48.5549 20.7091
v -30.8508 48.5549 20.0130
v -28.1336 49.0102 19.6718
v -26.8849 50.0031 19.3705
v -54.8736 50.6075 20.0138
v -53.9883 51.3729 20.7538
v -49.5614 52.3308 20.6138
v -49.2433 52.3308 20.6138
v -40.0991 51.2710 21.1845
v -38.0116 51.4543 20.9719
v -35.6024 51.3955 21.2765
v -33.2167 51.2371 20.8774
v -30.8615 51.2002 19.8716
v -28.1420 50.2517 19.5411
v -26.8849 50.0299 19.3705
v -52.6979 54.0142 20.3764
v -50.5568 53.6619 20.0871
v -49.2433 52.6511 20.6138
v -44.4459 54.9905 19.4092
v -44.3480 54.9905 19.4092
v -39.7182 53.7710 21.5801
v -38.9075 53.7710 21.5801
v -34.9708 52.8845 21.2699
v -33.2127 53.7391 20.8790
v -31.3618 53.7710 19.8282
v -52.5310 56.0288 20.3764
v -50.6718 56.2564 19.3920
v -49.3324 57.4788 19.3991
v -44.8307 56.4230 20.3911
v -43.4410 56.4614 20.3873
v -40.4946 56.6828 20.7606
v -38.3144 56.4030 20.8260
v -35.5187 56.8549 20.4548
v -33.3423 56.2727 20.5620
v -31.2360 55.5652 19.9418
v -53.3248 58.7710 20.6138
v -49.4595 57.6029 19.3991
v -48.3797 58.5588 20.5215
v -45.9962 58.7172 20.7318
v -42.7425 58.6412 20.5647
v -40.6728 58.0282 20.6210
v -38.9492 59.0094 20.6715
v -34.6032 57.6204 19.5155
v -34.2582 57.6204 19.5155
v -52.5554 61.4009 20.7086
v -51.6666 62.3208 19.9385
v -47.4271 60.5572 21.6438
v -45.5898 60.6090 20.7318
v -42.9890 61.0562 20.9923
v -40.6691 61.4959 20.6437
v -39.1959 60.3858 20.6138
v -51.9849 63.6728 20.6286
v -51.0811 63.8524 20.7869
v -48.1420 64.6382 21.5205
v -46.4286 64.5409 21.4485
v -42.6224 63.6687 20.6437
v -41.5205 62.7672 19.8302
v -51.9842 65.4160 19.6521
v -50.7697 66.2580 20.4495
v -48.1420 66.2710 21.4130
v -45.6140 66.1130 21.2977
v -43.7335 66.1130 20.5711
v -50.0215 67.8568 20.0942
v -48.1420 68.2068 20.5063
v -45.6420 68.2533 20.2176
v -43.8613 67.9187 19.7093
v 42.3423 -58.0187 22.2526
v 43.6054 -58.0187 22.2526
v 34.9039 -55.7260 22.4891
v 36.8580 -55.9935 22.8146
v 39.3580 -56.0033 22.9061
v 41.6486 -56.4351 23.0039
v 43.9118 -56.2290 22.7284
v 28.1047 -52.4808 21.8721
v 28.1198 -52.4808 21.8721
v 34.7885 -53.7290 22.6355
v 36.8580 -53.7290 23.4191
v 39.4366 -53.8508 23.9390
v 41.8580 -54.7791 24.2473
v 44.5866 -53.9721 23.4087
v 46.2781 -53.0181 22.5230
v 27.6274 -51.1107 22.8688
v 29.0123 -51.2096 22.8859
v 31.8580 -50.4804 22.1750
v 34.3748 -51.0351 22.5829
v 36.6552 -51.2801 23.7970
v 38.6556 -52.1475 23.9328
v 45.0455 -51.2290 24.0161
v 47.1774 -51.1618 23.2987
v 48.3932 -50.5031 23.1138
v 27.2529 -48.7682 23.2243
v 29.2635 -48.6943 23.1823
v 31.7871 -48.6482 22.4275
v 34.4859 -48.7603 23.6555
v 35.6868 -49.6146 24.2797
v 44.9750 -49.7148 24.0744
v 47.2171 -48.9556 24.1065
v 48.4490 -48.9094 23.2287
v 27.4805 -46.9770 22.4647
v 29.3353 -46.2634 22.3322
v 31.8899 -46.3248 23.1274
v 33.7379 -47.0998 24.0551
v 40.3538 -45.4592 22.1086
v 41.8580 -45.3940 22.1280
v 44.3580 -45.3327 22.1349
v 46.9053 -46.0380 23.1282
v 48.2962 -46.6986 22.4719
v 30.0483 -44.2449 22.1998
v 31.2959 -43.5386 23.0654
v 40.3538 -44.7192 22.1086
v 41.8580 -44.7642 22.1280
v 44.3580 -44.6783 22.1349
v 46.5992 -43.9271 22.8861
v 48.3650 -43.2496 21.9877
v 29.9269 -40.7611 22.4943
v 31.7152 -41.2208 23.3193
v 34.3622 -40.3119 23.2322
v 35.8676 -40.3690 23.1138
v 42.5501 -40.2908 23.1138
v 44.3580 -41.0686 23.1138
v 46.6904 -42.0176 22.9381
v 48.3650 -42.3395 21.9877
v 53.0335 -40.0312 21.9148
v 53.1832 -40.0312 21.9148
v 29.9269 -39.3678 22.4943
v 31.9778 -38.6123 22.8766
v 34.2318 -38.9520 23.2259
v 35.8676 -39.6885 23.1138
v 40.2761 -38.0081 23.1138
v 41.7622 -38.8007 23.1138
v 44.1379 -38.3433 23.1138
v 52.6429 -38.7290 22.1532
v 53.5174 -38.7290 22.1532
v 32.8910 -36.7623 22.3075
v 33.6585 -36.0490 23.1300
v 37.4319 -35.1511 24.0725
v 39.5534 -36.2526 23.1640
v 41.1139 -36.4041 23.0988
v 45.3879 -37.1614 23.1138
v 46.3141 -35.9114 23.1138
v 52.5623 -37.0805 22.1987
v 53.5787 -37.0805 22.1987
v 34.4434 -33.7290 23.1138
v 37.4319 -34.7232 24.0725
v 39.3580 -34.3447 23.8141
v 40.9627 -34.3891 23.9221
v 47.5641 -34.4269 23.1138
v 49.3580 -33.7574 23.1138
v 51.6475 -33.0424 22.9367
v 53.3112 -32.6439 21.9853
v 34.1707 -31.2290 23.1138
v 40.0955 -30.5266 24.0702
v 42.0103 -30.2991 22.9857
v 43.1555 -30.0716 21.9013
v 48.0926 -30.0208 21.8741
v 49.2408 -30.3366 22.8359
v 51.5820 -31.4580 22.8915
v 53.3112 -32.2635 21.9853
v 34.6002 -28.5922 23.0989
v 36.8580 -27.7476 23.9635
v 39.3000 -28.5784 23.3376
v 42.1398 -29.0630 23.1168
v 44.0362 -28.2956 23.1235
v 47.1341 -28.6703 22.9800
v 49.2408 -29.7562 22.8359
v 50.8235 -29.8895 22.1311
v 34.8443 -26.2290 22.7385
v 36.6213 -26.4523 24.0082
v 39.3458 -26.6476 23.3085
v 42.0698 -26.5455 23.2717
v 44.3509 -26.6727 23.2478
v 46.0630 -26.2290 22.5260
v 34.9992 -24.3214 22.6383
v 36.5564 -23.4543 23.3591
v 39.5790 -23.0109 23.1935
v 41.1148 -23.0628 23.1138
v 44.8693 -23.9580 23.0603
v 45.6471 -24.9440 22.1913
v 37.4354 -21.2290 22.3916
v 39.0519 -21.2290 22.3916
v 42.3648 -22.2310 23.1138
v 43.4731 -22.2310 23.1138
v 37.8365 -19.7462 22.0182
v 38.5815 -19.7462 22.0182
v -44.4055 27.5134 21.8737
v -44.3729 27.5134 21.8737
v -52.1323 29.8616 22.0478
v -50.6420 29.8293 22.1009
v -49.0157 29.9248 21.9959
v -44.8740 28.7710 22.1713
v -43.8820 28.7710 22.1713
v -52.4180 31.2710 22.4860
v -50.6420 31.2710 23.0890
v -48.0601 31.3025 23.0992
v -45.7695 30.8794 23.1039
v -43.0540 31.4274 22.9392
v -41.7994 32.2994 21.9479
v -59.5600 34.8718 22.4104
v -58.1420 34.8400 22.4426
v -56.7026 34.9289 22.0889
v -52.3531 33.2876 22.5094
v -50.6420 33.6488 22.8520
v -48.1605 34.0889 23.4403
v -46.8820 34.9196 24.3449
v -42.3768 33.1885 23.6145
v -40.9215 33.9009 22.9438
v -39.1080 34.6133 22.2730
v -59.9339 36.2710 22.8874
v -58.1420 36.2710 23.3974
v -55.7784 36.3851 22.3573
v -53.1420 36.8479 22.2659
v -50.7587 36.2328 23.0999
v -48.2868 35.1438 23.3525
v -46.8820 35.0350 24.3449
v -40.0435 35.6050 23.9397
v -38.6643 36.3714 23.1094
v -59.8918 38.7710 22.6257
v -58.1420 38.7710 23.0200
v -55.6420 38.7710 22.5047
v -53.1024 38.8746 23.2972
v -51.6698 38.1104 23.9240
v -46.9333 40.0014 21.9003
v -46.3219 40.0014 21.9003
v -39.8160 39.9317 22.2194
v -38.7546 38.9674 23.0771
v -59.5039 40.1280 22.0615
v -58.0457 41.0852 22.1429
v -55.6420 41.2710 22.7589
v -53.9725 41.2710 23.8082
v -46.9333 40.0507 21.9003
v -46.3219 40.0507 21.9003
v -39.8144 41.0470 23.0631
v -39.1423 41.0470 23.0631
v -57.1836 43.7710 22.0981
v -55.5645 43.5739 23.4951
v -54.3155 42.6092 24.2702
v -41.9646 44.3532 22.0029
v -40.7501 44.0205 22.8263
v -38.9876 43.7710 22.1938
v -57.2654 46.2710 22.2689
v -55.5645 46.2141 23.3639
v -53.1270 47.0023 23.0398
v -51.6109 47.2562 23.1138
v -44.9065 46.9673 23.1138
v -42.5494 46.3896 22.5417
v -41.1406 45.9584 22.4876
v -39.2188 45.1121 21.9275
v -34.6248 47.2948 22.0805
v -33.8053 47.2948 22.0805
v -57.2572 47.8474 22.2880
v -55.6420 48.2034 22.4020
v -53.2325 48.6862 22.7038
v -51.6109 47.8725 23.1138
v -47.0805 49.7805 24.0912
v -45.6483 48.7696 23.5327
v -42.9003 48.2464 22.8650
v -41.5514 48.8540 22.8650
v -34.6981 48.7710 22.1038
v -33.7328 48.7710 22.1038
v -53.2561 51.2710 23.1138
v -49.8444 52.2624 23.1138
v -48.2293 51.5153 23.2331
v -46.2090 51.2710 23.9178
v -40.3070 51.4712 23.2255
v -38.0116 52.3484 23.2255
v -35.7369 51.5162 22.6224
v -34.0998 50.3811 21.9671
v -52.8441 53.7710 23.1138
v -49.8444 52.6915 23.1138
v -48.3836 53.1052 23.1705
v -46.2358 53.2673 24.0417
v -39.7182 53.7710 22.3287
v -38.9075 53.7710 22.3287
v -35.4522 53.7391 23.0065
v -34.0932 54.5512 22.1016
v -52.8044 56.2710 23.1138
v -49.4035 57.5136 24.3539
v -48.1420 56.9271 23.8806
v -45.4897 57.0471 22.8951
v -44.2006 57.3577 22.0607
v -39.6696 56.2710 22.1973
v -38.3955 56.4310 22.9195
v -35.6746 55.8885 23.0065
v -34.0932 55.3134 22.1016
v -52.6125 58.7642 23.1072
v -50.3058 58.5808 24.1450
v -48.1489 58.5417 23.2083
v -45.4896 58.3754 22.9972
v -43.8692 58.7710 22.4480
v -39.9264 58.8340 22.9132
v -39.2330 58.8340 22.9132
v -52.3404 61.2710 22.2681
v -51.0953 61.2710 23.5181
v -47.5273 60.5303 23.1138
v -45.6114 60.4922 23.2130
v -42.9478 61.0600 22.2966
v -40.8970 61.0109 22.8412
v -39.3883 60.0289 21.8682
v -51.9855 62.7051 21.9972
v -50.6650 63.3403 22.9438
v -48.1420 63.9076 23.1138
v -45.6140 64.2515 23.0467
v -43.1029 63.8232 22.9914
v -41.6921 62.9088 23.8141
v -44.7620 65.1743 22.1686
v -44.1964 65.1743 22.1686
v 40.3223 -53.0987 24.9952
v 41.6393 -53.7315 25.7427
v 44.5378 -53.4442 25.5816
v 45.7123 -52.6200 26.3935
v 27.9806 -50.1985 24.4261
v 28.2380 -50.1985 24.4261
v 36.9687 -50.7934 25.6138
v 39.4311 -51.3553 25.6500
v 41.6393 -51.0466 26.1107
v 44.3997 -51.1298 25.5482
v 46.8945 -51.0802 25.3827
v 48.1201 -49.9924 24.3718
v 27.9806 -49.6277 24.4261
v 28.2380 -49.6277 24.4261
v 32.9803 -47.6735 26.4999
v 34.4859 -48.3474 25.6455
v 35.7187 -49.6687 25.6138
v 40.2065 -49.5151 26.3048
v 41.9216 -48.7007 26.0558
v 44.2282 -48.8205 25.2056
v 47.2171 -48.9556 24.6298
v 48.1201 -49.8630 24.3718
v 32.6952 -46.2515 25.6455
v 33.7379 -47.0998 24.8332
v 42.6718 -46.2290 26.3325
v 44.4067 -46.0909 26.2531
v 46.2203 -46.0909 25.6782
v 32.5239 -43.6256 25.7600
v 34.3580 -42.8130 26.4173
v 35.9615 -42.6800 26.4415
v 42.8678 -43.7290 26.5375
v 44.4067 -43.6717 26.4661
v 45.8530 -43.6717 25.7271
v 32.6949 -41.6806 25.0241
v 34.3580 -41.5385 25.1673
v 36.7514 -41.2145 25.6304
v 39.3580 -40.7216 26.0907
v 41.9426 -41.2562 25.6940
v 44.3580 -41.9681 25.4280
v 45.7453 -42.3069 24.9693
v 34.9319 -38.0371 24.6688
v 36.7680 -38.8139 25.1432
v 39.4481 -38.8459 25.0684
v 41.7680 -38.8151 24.6790
v 43.6932 -37.8731 24.8138
v 35.0317 -36.2290 24.6168
v 36.7023 -36.0823 24.8893
v 38.6749 -36.8178 24.9023
v 42.4502 -36.2290 25.1022
v 44.4591 -36.3323 25.1517
v 46.3505 -35.5679 24.6925
v 35.2428 -33.7290 24.7817
v 36.7023 -33.8255 24.9322
v 39.3580 -33.0947 24.7394
v 41.8208 -33.6250 24.9113
v 44.3580 -33.7290 25.4919
v 47.0535 -33.9493 25.1142
v 49.3580 -33.1599 24.8347
v 50.6738 -32.6030 24.4435
v 34.7777 -31.2290 25.2461
v 36.8580 -31.2290 25.6895
v 39.3005 -31.3076 24.7850
v 41.8090 -31.3076 24.9196
v 44.3580 -31.2290 25.6316
v 46.8580 -31.2290 25.7973
v 49.4421 -31.3831 25.0335
v 50.6738 -32.3191 24.4435
v 34.8955 -29.3343 25.0153
v 37.2328 -28.4819 25.4855
v 38.5271 -28.5548 25.3467
v 42.6865 -28.7290 24.8310
v 44.2050 -28.6222 25.0383
v 46.8580 -29.2659 25.1059
v 48.6648 -29.6229 24.8521
v 37.1010 -26.4523 25.4227
v 39.4184 -26.8570 25.4227
v 42.1944 -26.1496 25.6177
v 43.8157 -26.2290 24.9947
v 37.1307 -24.0383 25.6138
v 39.3580 -23.5396 25.6138
v 42.1246 -23.8132 25.7256
v 43.8904 -23.7290 25.1564
v 42.9047 -22.3845 24.6540
v 43.3693 -22.3845 24.6540
v -47.1045 32.4602 24.4660
v -45.5164 32.2398 25.4251
v -43.9002 32.2152 25.6138
v -49.4982 34.9567 26.4343
v -48.1745 34.1048 25.4501
v -46.2948 33.9602 25.4251
v -42.6502 33.2314 25.6138
v -41.4977 34.4814 25.6138
v -52.0720 37.3691 26.5716
v -50.5840 36.2399 25.6696
v -48.1832 35.9063 25.6949
v -45.8740 36.0813 25.6758
v -43.1420 36.9366 26.0518
v -40.7958 36.3701 25.3632
v -39.1379 37.2717 24.4773
v -52.6658 38.8746 25.6885
v -51.6698 38.1104 24.9049
v -47.1219 37.7477 26.6223
v -45.5809 38.6570 26.1991
v -43.1420 38.7710 25.6806
v -40.6420 38.7710 25.2580
v -39.1013 38.7710 24.5415
v -54.4339 42.1696 26.3728
v -54.0118 41.3101 25.5692
v -44.8052 41.2710 26.1988
v -43.1581 41.1377 26.2739
v -40.6753 41.0516 25.6273
v -39.2585 40.2211 24.4872
v -54.5567 43.4592 25.5774
v -53.6449 43.5965 25.6893
v -51.1698 44.8207 26.6961
v -44.8473 43.7710 26.1276
v -43.1581 43.8465 26.0706
v -41.3057 43.8465 25.6596
v -54.6794 45.3429 24.7819
v -53.1420 45.7948 25.1766
v -50.6035 46.2268 25.6980
v -48.1420 46.5222 26.0787
v -45.6766 46.1104 25.5090
v -43.1420 45.3637 24.9885
v -41.6816 45.2656 24.8567
v -52.3109 49.3500 24.6663
v -50.7791 48.6184 24.9877
v -48.0051 48.8767 24.9764
v -45.7804 48.9241 24.7238
v -43.1420 49.5973 25.0291
v -41.6409 49.7427 24.8146
v -52.3133 51.2710 24.6632
v -50.7490 51.3236 24.8441
v -48.7472 50.5253 24.7651
v -44.9590 51.2710 24.7647
v -43.1420 51.2710 25.5273
v -40.7414 51.4712 25.0361
v -38.1420 52.3886 24.5575
v -36.7759 52.4275 24.5183
v -52.2643 53.7710 24.8834
v -50.7490 53.6526 25.1421
v -48.1420 54.4953 24.8403
v -45.4983 53.9688 24.4850
v -42.9030 54.0092 25.8061
v -40.8805 54.0092 26.0653
v -38.1420 53.7710 25.1993
v -36.5332 53.7710 24.7470
v -52.4820 56.2710 25.1458
v -50.3989 56.5166 25.3521
v -48.1420 55.6771 24.8403
v -45.5514 56.0503 24.6424
v -42.9030 56.0412 25.9825
v -40.8805 56.0412 26.1551
v -38.2035 56.2952 25.0103
v -36.5297 55.4780 24.7202
v -52.3252 57.9263 24.8104
v -50.3075 58.6251 25.2695
v -48.0792 59.1839 25.4747
v -45.6387 59.2070 25.3386
v -43.1420 58.7710 25.2430
v -40.8179 58.6082 24.9463
v -39.0777 57.6664 24.5854
v -50.1802 61.2710 25.6138
v -47.2040 60.1638 24.5486
v -45.5735 60.7965 25.4824
v -43.1420 61.2710 25.4548
v -41.6494 61.2710 24.8858
v -49.8367 62.9096 25.6138
v -48.1420 63.5001 25.6138
v -45.4601 63.3234 25.7815
v -43.1420 63.2244 25.2944
v -41.6921 62.9088 24.9084
v 42.3697 -53.1022 28.1138
v 44.1863 -53.0621 27.9542
v 45.7123 -52.6200 27.0145
v 37.3435 -50.5631 27.2523
v 38.5398 -50.5631 27.2523
v 42.3697 -51.8072 28.1138
v 44.1863 -51.7550 27.9542
v 45.7123 -52.1680 27.0145
v 32.9803 -47.6735 27.0254
v 34.5868 -48.0979 27.9608
v 36.5155 -48.7309 28.1873
v 39.3671 -48.7007 27.6276
v 41.1307 -47.8484 27.1565
v 32.7680 -46.2290 27.2026
v 34.5868 -46.4454 28.4682
v 36.6557 -46.4454 28.6550
v 39.3580 -46.2290 27.8873
v 41.4218 -46.2290 27.3149
v 45.2725 -45.1656 26.9425
v 45.7006 -45.1656 26.9425
v 32.7823 -44.3899 27.1539
v 34.3580 -44.0630 27.4980
v 36.8201 -43.5996 27.4732
v 39.3580 -43.7290 27.6088
v 41.6178 -43.7290 27.2637
v 45.2725 -44.4668 26.9425
v 45.7006 -44.4668 26.9425
v 37.6281 -42.0722 27.1526
v 39.3580 -41.9716 27.2487
v 41.3921 -42.2093 27.0882
v 37.7463 -27.7709 28.1138
v 38.5899 -27.7709 28.1138
v 37.5235 -26.2282 28.3055
v 39.2626 -26.3057 28.3685
v 41.3445 -25.5505 27.4704
v 37.6161 -24.4499 27.5999
v 39.3580 -24.1802 27.8709
v 41.3445 -24.4431 27.4704
v -44.5994 32.4122 27.1152
v -44.0848 32.4122 27.1152
v -49.4982 34.9567 26.9475
v -49.2445 34.9567 26.9475
v -44.8579 33.9127 28.0146
v -43.3305 33.8206 28.0461
v -41.5481 34.4674 27.3104
v -52.0720 37.3691 27.1278
v -50.4557 36.4298 27.3510
v -48.8288 36.2710 27.2749
v -44.8189 35.4165 28.1138
v -43.3025 35.6059 28.1318
v -41.5481 35.4685 27.3104
v -52.5963 38.7710 27.5721
v -50.6420 38.7710 28.3604
v -48.0299 38.6570 27.6988
v -46.3735 39.4144 27.2044
v -54.4339 42.1696 26.9063
v -53.3474 41.3101 27.5434
v -50.6420 41.2710 28.1434
v -48.1420 41.2710 27.9957
v -46.0552 41.2710 27.5337
v -42.3355 41.8821 27.0928
v -41.5378 41.8821 27.0928
v -54.4339 42.6426 26.9063
v -53.1420 43.0870 27.2030
v -50.4587 43.9008 27.1400
v -48.1420 43.7710 27.5296
v -46.0973 43.7710 27.4917
v -42.3355 43.0635 27.0928
v -41.5378 43.0635 27.0928
v -49.5032 45.0561 26.8850
v -48.1420 45.2722 27.0931
v -46.4297 45.3208 27.1484
v -41.9103 55.0014 26.8697
v -41.8729 55.0014 26.8697
v -41.9103 55.0547 26.8697
v -41.8729 55.0547 26.8697
v -49.7017 59.6410 28.1138
v -48.1745 59.5774 28.1790
v -46.6698 59.7882 27.3891
v -49.7226 61.1343 28.0131
v -48.1745 61.1343 28.7581
v -46.1854 61.2710 27.7951
v -49.5300 62.6608 27.1127
v -48.1420 62.9806 27.5878
v -46.1721 62.9941 27.5802
v 42.9047 -52.6226 29.4449
v 43.2384 -52.6226 29.4449
v 42.9047 -52.3040 29.4449
v 43.2384 -52.3040 29.4449
v 35.5727 -47.5321 29.3840
v 35.6875 -47.5321 29.3840
v 35.5727 -47.4231 29.3840
v 35.6875 -47.4231 29.3840
v 38.0010 -27.5529 29.4252
v 38.2330 -27.5529 29.4252
v 38.0010 -27.0609 29.4252
v 38.2330 -27.0609 29.4252
v -44.4872 34.8405 29.4228
v -44.2428 34.8405 29.4228
v -44.4872 35.1085 29.4228
v -44.2428 35.1085 29.4228
v -49.4964 59.8910 29.4458
v -49.0295 59.8910 29.4458
v -49.4964 60.2098 29.4458
v -49.0295 60.2098 29.4458
f 5 1 4
f 5 2 1
f 7 3 6
f 7 4 3
f 8 4 7
f 8 5 4
f 12 9 11
f 12 10 9
f 13 12 11
f 13 14 12
f 19 15 18
f 19 16 15
f 20 16 19
f 20 17 16
f 22 18 21
f 22 19 18
f 23 19 22
f 23 20 19
f 2 28 1
f 2 29 28
f 29 24 28
f 29 25 24
f 31 27 26
f 31 32 27
f 33 1 28
f 33 4 1
f 33 3 4
f 33 32 3
f 33 27 32
f 33 28 27
f 34 29 2
f 34 2 5
f 34 30 29
f 34 35 30
f 32 6 3
f 32 37 6
f 36 32 31
f 36 37 32
f 38 7 6
f 38 6 37
f 34 5 8
f 34 8 39
f 8 7 38
f 8 38 39
f 40 34 39
f 40 35 34
f 41 38 37
f 41 42 38
f 47 43 46
f 47 44 43
f 48 44 47
f 48 45 44
f 50 46 49
f 50 47 46
f 51 47 50
f 51 48 47
f 56 53 52
f 56 57 53
f 10 58 9
f 10 59 58
f 58 55 54
f 58 59 55
f 63 56 62
f 63 57 56
f 64 9 58
f 64 11 9
f 64 57 63
f 64 58 57
f 65 59 10
f 65 10 12
f 65 60 59
f 65 66 60
f 67 60 66
f 67 61 60
f 69 62 68
f 69 63 62
f 64 13 11
f 64 70 13
f 69 64 63
f 69 70 64
f 65 12 14
f 65 14 71
f 14 13 70
f 14 70 71
f 72 65 71
f 72 66 65
f 74 15 16
f 74 73 15
f 75 16 17
f 75 74 16
f 76 15 73
f 76 18 15
f 75 17 20
f 75 20 77
f 76 21 18
f 76 81 21
f 82 22 21
f 82 21 81
f 77 20 23
f 77 23 83
f 23 22 82
f 23 82 83
f 86 78 85
f 86 79 78
f 87 79 86
f 87 80 79
f 89 84 88
f 89 85 84
f 90 85 89
f 90 86 85
f 94 88 93
f 94 89 88
f 25 94 24
f 25 95 94
f 95 89 94
f 95 90 89
f 96 90 95
f 96 91 90
f 98 26 27
f 98 97 26
f 98 92 97
f 98 93 92
f 99 24 94
f 99 28 24
f 99 27 28
f 99 98 27
f 99 93 98
f 99 94 93
f 100 95 25
f 100 25 29
f 30 100 29
f 30 101 100
f 104 26 97
f 104 31 26
f 107 101 30
f 107 30 35
f 107 102 101
f 107 108 102
f 104 36 31
f 104 110 36
f 109 104 103
f 109 110 104
f 111 37 36
f 111 36 110
f 112 111 105
f 112 105 106
f 39 38 112
f 39 112 113
f 107 35 40
f 107 40 114
f 40 39 113
f 40 113 114
f 115 107 114
f 115 108 107
f 111 41 37
f 111 116 41
f 117 112 38
f 117 38 42
f 42 41 116
f 42 116 117
f 117 116 111
f 117 111 112
f 119 113 118
f 119 114 113
f 121 118 120
f 121 119 118
f 123 43 44
f 123 122 43
f 45 123 44
f 45 124 123
f 127 43 122
f 127 46 43
f 128 124 45
f 128 45 48
f 130 125 129
f 130 126 125
f 127 49 46
f 127 131 49
f 132 50 49
f 132 49 131
f 128 48 51
f 128 51 133
f 51 50 132
f 51 132 133
f 136 130 129
f 136 137 130
f 139 135 134
f 139 140 135
f 141 135 140
f 141 136 135
f 143 137 142
f 143 138 137
f 53 144 52
f 53 145 144
f 55 146 54
f 55 147 146
f 148 141 147
f 148 142 141
f 144 56 52
f 144 150 56
f 151 145 53
f 151 53 57
f 152 54 146
f 152 58 54
f 152 57 58
f 152 151 57
f 152 145 151
f 152 146 145
f 153 147 55
f 153 55 59
f 60 153 59
f 60 154 153
f 155 60 61
f 155 154 60
f 150 62 56
f 150 157 62
f 157 149 156
f 157 150 149
f 155 61 67
f 155 67 161
f 67 66 160
f 67 160 161
f 157 68 62
f 157 163 68
f 162 157 156
f 162 163 157
f 164 69 68
f 164 68 163
f 165 70 69
f 165 69 164
f 71 70 165
f 71 165 166
f 165 158 159
f 165 159 166
f 160 66 72
f 160 72 167
f 72 71 166
f 72 166 167
f 168 160 167
f 168 161 160
f 169 167 166
f 169 170 167
f 172 73 74
f 172 171 73
f 173 74 75
f 173 172 74
f 171 76 73
f 171 179 76
f 173 75 77
f 173 77 181
f 181 180 172
f 181 172 173
f 79 182 78
f 79 183 182
f 184 79 80
f 184 183 79
f 184 174 183
f 184 175 174
f 185 177 176
f 185 186 177
f 179 81 76
f 179 188 81
f 188 178 187
f 188 179 178
f 189 82 81
f 189 81 188
f 181 77 83
f 181 83 190
f 190 83 82
f 190 82 189
f 190 189 180
f 190 180 181
f 192 78 182
f 192 85 78
f 192 84 85
f 192 191 84
f 184 80 87
f 184 87 194
f 87 86 193
f 87 193 194
f 196 186 185
f 196 197 186
f 198 186 197
f 198 187 186
f 199 84 191
f 199 88 84
f 193 86 90
f 193 90 201
f 91 201 90
f 91 202 201
f 201 194 193
f 201 202 194
f 202 195 194
f 202 203 195
f 199 93 88
f 199 207 93
f 207 92 93
f 207 206 92
f 207 199 200
f 207 200 208
f 202 91 96
f 202 96 210
f 96 95 209
f 96 209 210
f 211 205 204
f 211 212 205
f 215 92 206
f 215 97 92
f 216 207 208
f 216 208 217
f 209 95 100
f 209 100 218
f 101 218 100
f 101 219 218
f 219 209 218
f 219 210 209
f 102 219 101
f 102 220 219
f 222 211 221
f 222 212 211
f 222 213 212
f 222 223 213
f 226 97 215
f 226 104 97
f 226 103 104
f 226 225 103
f 226 214 225
f 226 215 214
f 106 105 227
f 106 227 228
f 229 220 102
f 229 102 108
f 225 109 103
f 225 232 109
f 232 224 231
f 232 225 224
f 233 110 109
f 233 109 232
f 234 227 105
f 234 105 111
f 111 110 233
f 111 233 234
f 235 106 228
f 235 112 106
f 235 227 234
f 235 228 227
f 236 113 112
f 236 112 235
f 229 108 115
f 229 115 238
f 115 114 237
f 115 237 238
f 240 230 239
f 240 231 230
f 241 233 232
f 241 242 233
f 243 233 242
f 243 234 233
f 244 234 243
f 244 235 234
f 236 118 113
f 236 245 118
f 244 236 235
f 244 245 236
f 237 114 119
f 237 119 246
f 247 237 246
f 247 238 237
f 248 243 242
f 248 249 243
f 250 243 249
f 250 244 243
f 251 118 245
f 251 120 118
f 252 246 119
f 252 119 121
f 252 121 120
f 252 120 251
f 253 249 248
f 253 254 249
f 255 249 254
f 255 250 249
f 257 122 123
f 257 256 122
f 258 123 124
f 258 257 123
f 126 259 125
f 126 260 259
f 256 127 122
f 256 264 127
f 258 124 128
f 258 128 265
f 259 129 125
f 259 267 129
f 260 126 130
f 260 130 268
f 269 262 261
f 269 270 262
f 270 263 262
f 270 271 263
f 264 131 127
f 264 272 131
f 273 132 131
f 273 131 272
f 265 128 133
f 265 133 274
f 274 133 132
f 274 132 273
f 135 275 134
f 135 276 275
f 277 129 267
f 277 136 129
f 277 135 136
f 277 276 135
f 276 267 266
f 276 277 267
f 278 268 130
f 278 130 137
f 137 136 277
f 137 277 278
f 138 278 137
f 138 279 278
f 280 271 270
f 280 281 271
f 282 271 281
f 282 272 271
f 283 272 282
f 283 273 272
f 284 134 275
f 284 139 134
f 140 139 284
f 140 284 285
f 286 277 136
f 286 136 141
f 286 141 140
f 286 140 285
f 287 137 278
f 287 142 137
f 142 286 141
f 142 287 286
f 287 277 286
f 287 278 277
f 279 138 143
f 279 143 288
f 143 142 287
f 143 287 288
f 145 292 144
f 145 293 292
f 146 293 145
f 146 294 293
f 295 141 286
f 295 147 141
f 147 294 146
f 147 295 294
f 295 285 294
f 295 286 285
f 287 142 148
f 287 148 296
f 148 147 295
f 148 295 296
f 296 288 287
f 296 297 288
f 298 290 289
f 298 299 290
f 299 291 290
f 299 300 291
f 292 150 144
f 292 303 150
f 303 149 150
f 303 302 149
f 304 303 292
f 304 292 293
f 305 295 147
f 305 147 153
f 154 305 153
f 154 306 305
f 305 296 295
f 305 306 296
f 155 306 154
f 155 307 306
f 306 297 296
f 306 307 297
f 309 300 299
f 309 310 300
f 312 149 302
f 312 156 149
f 312 301 311
f 312 302 301
f 159 158 313
f 159 313 314
f 315 307 155
f 315 155 161
f 315 308 307
f 315 316 308
f 312 162 156
f 312 318 162
f 317 312 311
f 317 318 312
f 319 163 162
f 319 162 318
f 164 163 319
f 164 319 320
f 313 158 165
f 313 165 321
f 165 164 320
f 165 320 321
f 314 166 159
f 314 322 166
f 322 313 321
f 322 314 313
f 315 161 168
f 315 168 324
f 168 167 323
f 168 323 324
f 325 319 318
f 325 326 319
f 326 320 319
f 326 327 320
f 328 320 327
f 328 321 320
f 322 169 166
f 322 329 169
f 323 167 170
f 323 170 330
f 170 169 329
f 170 329 330
f 331 323 330
f 331 324 323
f 332 327 326
f 332 333 327
f 333 328 327
f 333 334 328
f 336 329 335
f 336 330 329
f 337 334 333
f 337 338 334
f 340 171 172
f 340 339 171
f 343 174 175
f 343 342 174
f 345 176 177
f 345 344 176
f 339 179 171
f 339 347 179
f 347 178 179
f 347 346 178
f 340 172 180
f 340 180 348
f 347 339 340
f 347 340 348
f 350 174 342
f 350 183 174
f 183 349 182
f 183 350 349
f 350 341 349
f 350 342 341
f 351 343 175
f 351 175 184
f 350 342 343
f 350 343 351
f 352 176 344
f 352 185 176
f 353 345 177
f 353 177 186
f 354 178 346
f 354 187 178
f 187 353 186
f 187 354 353
f 355 188 187
f 355 187 354
f 348 180 189
f 348 189 356
f 189 188 355
f 189 355 356
f 359 182 349
f 359 192 182
f 192 358 191
f 192 359 358
f 360 351 184
f 360 184 194
f 195 360 194
f 195 361 360
f 352 196 185
f 352 362 196
f 197 196 362
f 197 362 363
f 354 187 198
f 354 198 364
f 198 197 363
f 198 363 364
f 364 355 354
f 364 365 355
f 366 355 365
f 366 356 355
f 366 357 356
f 366 367 357
f 370 191 358
f 370 199 191
f 371 200 199
f 371 199 370
f 361 195 203
f 361 203 373
f 203 202 372
f 203 372 373
f 376 363 375
f 376 364 363
f 205 376 204
f 205 377 376
f 377 364 376
f 377 365 364
f 382 368 381
f 382 369 368
f 384 206 207
f 384 383 206
f 385 200 371
f 385 208 200
f 384 371 370
f 384 385 371
f 372 202 210
f 372 210 386
f 387 372 386
f 387 373 372
f 387 374 373
f 387 388 374
f 390 204 376
f 390 211 204
f 390 375 389
f 390 376 375
f 391 377 205
f 391 205 212
f 213 391 212
f 213 392 391
f 391 378 377
f 391 392 378
f 395 379 394
f 395 380 379
f 396 380 395
f 396 381 380
f 396 382 381
f 396 397 382
f 398 206 383
f 398 215 206
f 398 214 215
f 398 397 214
f 384 207 216
f 384 216 399
f 385 217 208
f 385 400 217
f 217 399 216
f 217 400 399
f 399 385 384
f 399 400 385
f 401 386 210
f 401 210 219
f 220 401 219
f 220 402 401
f 401 387 386
f 401 402 387
f 402 388 387
f 402 403 388
f 404 388 403
f 404 389 388
f 405 211 390
f 405 221 211
f 222 221 405
f 222 405 406
f 407 392 213
f 407 213 223
f 407 223 222
f 407 222 406
f 407 406 391
f 407 391 392
f 409 393 408
f 409 394 393
f 409 395 394
f 409 410 395
f 411 395 410
f 411 396 395
f 412 214 397
f 412 225 214
f 412 224 225
f 412 411 224
f 412 396 411
f 412 397 396
f 415 402 220
f 415 220 229
f 415 403 402
f 415 416 403
f 418 224 411
f 418 231 224
f 418 230 231
f 418 417 230
f 417 411 410
f 417 418 411
f 419 232 231
f 419 231 418
f 421 420 413
f 421 413 414
f 415 229 238
f 415 238 422
f 423 415 422
f 423 416 415
f 424 230 417
f 424 239 230
f 418 231 240
f 418 240 425
f 240 239 424
f 240 424 425
f 419 241 232
f 419 426 241
f 425 419 418
f 425 426 419
f 427 242 241
f 427 241 426
f 245 244 428
f 245 428 429
f 430 429 420
f 430 420 421
f 422 238 247
f 422 247 431
f 247 246 430
f 247 430 431
f 427 248 242
f 427 432 248
f 428 244 250
f 428 250 433
f 434 245 429
f 434 251 245
f 434 428 433
f 434 429 428
f 435 430 246
f 435 246 252
f 435 252 251
f 435 251 434
f 435 434 429
f 435 429 430
f 436 248 432
f 436 253 248
f 437 254 253
f 437 253 436
f 438 433 250
f 438 250 255
f 255 254 437
f 255 437 438
f 440 256 257
f 440 439 256
f 441 257 258
f 441 440 257
f 260 442 259
f 260 443 442
f 445 261 262
f 445 444 261
f 263 445 262
f 263 446 445
f 439 264 256
f 439 447 264
f 448 447 439
f 448 439 440
f 441 258 265
f 441 265 449
f 448 440 441
f 448 441 449
f 451 259 442
f 451 267 259
f 451 266 267
f 451 450 266
f 443 260 268
f 443 268 452
f 444 269 261
f 444 453 269
f 454 270 269
f 454 269 453
f 455 446 263
f 455 263 271
f 456 264 447
f 456 272 264
f 456 271 272
f 456 455 271
f 456 446 455
f 456 447 446
f 449 265 274
f 449 274 458
f 274 273 457
f 274 457 458
f 460 266 450
f 460 276 266
f 276 459 275
f 276 460 459
f 461 452 268
f 461 268 278
f 279 461 278
f 279 462 461
f 454 280 270
f 454 463 280
f 464 281 280
f 464 280 463
f 282 281 464
f 282 464 465
f 457 273 283
f 457 283 466
f 283 282 465
f 283 465 466
f 467 457 466
f 467 458 457
f 470 275 459
f 470 284 275
f 471 285 284
f 471 284 470
f 470 459 460
f 470 460 471
f 462 279 288
f 462 288 472
f 474 464 463
f 474 475 464
f 476 289 290
f 476 475 289
f 476 464 475
f 476 465 464
f 291 476 290
f 291 477 476
f 481 468 480
f 481 469 468
f 484 285 471
f 484 294 285
f 484 293 294
f 484 483 293
f 472 288 297
f 472 297 485
f 485 473 472
f 485 486 473
f 487 473 486
f 487 474 473
f 488 289 475
f 488 298 289
f 488 474 487
f 488 475 474
f 489 299 298
f 489 298 488
f 490 477 291
f 490 291 300
f 492 478 491
f 492 479 478
f 493 479 492
f 493 480 479
f 494 301 302
f 494 493 301
f 494 480 493
f 494 481 480
f 303 494 302
f 303 495 494
f 483 304 293
f 483 496 304
f 304 495 303
f 304 496 495
f 496 482 495
f 496 483 482
f 497 485 297
f 497 297 307
f 308 497 307
f 308 498 497
f 497 486 485
f 497 498 486
f 499 486 498
f 499 487 486
f 489 309 299
f 489 500 309
f 501 490 300
f 501 300 310
f 310 309 500
f 310 500 501
f 501 500 489
f 501 489 490
f 502 492 491
f 502 503 492
f 504 301 493
f 504 311 301
f 498 308 316
f 498 316 506
f 316 315 505
f 316 505 506
f 506 499 498
f 506 507 499
f 504 317 311
f 504 510 317
f 509 504 503
f 509 510 504
f 511 318 317
f 511 317 510
f 322 321 513
f 322 513 514
f 505 315 324
f 505 324 516
f 517 505 516
f 517 506 505
f 518 508 507
f 518 519 508
f 521 509 520
f 521 510 509
f 511 325 318
f 511 522 325
f 521 511 510
f 521 522 511
f 523 326 325
f 523 325 522
f 522 511 512
f 522 512 523
f 513 321 328
f 513 328 524
f 514 329 322
f 514 525 329
f 525 513 524
f 525 514 513
f 526 525 514
f 526 514 515
f 516 324 331
f 516 331 527
f 331 330 526
f 331 526 527
f 527 526 515
f 527 515 516
f 523 332 326
f 523 528 332
f 333 332 528
f 333 528 529
f 530 524 328
f 530 328 334
f 525 335 329
f 525 531 335
f 531 524 530
f 531 525 524
f 526 330 336
f 526 336 532
f 532 336 335
f 532 335 531
f 532 531 525
f 532 525 526
f 529 337 333
f 529 533 337
f 534 530 334
f 534 334 338
f 338 337 533
f 338 533 534
f 539 536 535
f 539 540 536
f 541 341 342
f 541 540 341
f 541 536 540
f 541 537 536
f 542 537 541
f 542 538 537
f 544 344 345
f 544 543 344
f 347 545 346
f 347 546 545
f 547 347 348
f 547 546 347
f 549 341 540
f 549 349 341
f 549 539 548
f 549 540 539
f 550 541 342
f 550 342 350
f 351 550 350
f 351 551 550
f 550 542 541
f 550 551 542
f 543 352 344
f 543 553 352
f 544 345 353
f 544 353 554
f 553 543 544
f 553 544 554
f 545 354 346
f 545 555 354
f 555 353 354
f 555 554 353
f 556 555 545
f 556 545 546
f 547 348 356
f 547 356 557
f 357 557 356
f 357 558 557
f 549 359 349
f 549 560 359
f 560 358 359
f 560 559 358
f 560 548 559
f 560 549 548
f 561 551 351
f 561 351 360
f 361 561 360
f 361 562 561
f 561 552 551
f 561 562 552
f 563 352 553
f 563 362 352
f 363 362 563
f 363 563 564
f 563 553 554
f 563 554 564
f 565 564 554
f 565 554 555
f 565 555 556
f 565 556 566
f 366 365 566
f 366 566 567
f 558 357 367
f 558 367 568
f 568 367 366
f 568 366 567
f 568 567 557
f 568 557 558
f 369 571 368
f 369 572 571
f 574 358 559
f 574 370 358
f 575 562 361
f 575 361 373
f 374 575 373
f 374 576 575
f 564 375 363
f 564 577 375
f 578 566 365
f 578 365 377
f 579 377 378
f 579 578 377
f 581 379 380
f 581 580 379
f 581 569 580
f 581 570 569
f 582 368 571
f 582 381 368
f 381 581 380
f 381 582 581
f 583 572 369
f 583 369 382
f 583 582 571
f 583 571 572
f 583 573 572
f 583 584 573
f 585 370 574
f 585 384 370
f 585 383 384
f 585 584 383
f 585 573 584
f 585 574 573
f 588 576 374
f 588 374 388
f 588 587 575
f 588 575 576
f 589 375 577
f 589 389 375
f 589 388 389
f 589 588 388
f 588 577 576
f 588 589 577
f 390 389 589
f 390 589 590
f 592 579 378
f 592 378 392
f 592 392 391
f 592 391 591
f 592 591 578
f 592 578 579
f 594 379 580
f 594 394 379
f 594 393 394
f 594 593 393
f 597 583 382
f 597 382 397
f 598 383 584
f 598 398 383
f 398 597 397
f 398 598 597
f 597 584 583
f 597 598 584
f 602 601 586
f 602 586 587
f 589 389 404
f 589 404 604
f 404 403 603
f 404 603 604
f 590 405 390
f 590 605 405
f 604 590 589
f 604 605 590
f 591 391 406
f 591 406 606
f 606 406 405
f 606 405 605
f 606 605 590
f 606 590 591
f 593 408 393
f 593 607 408
f 409 408 607
f 409 607 608
f 607 593 594
f 607 594 608
f 609 410 409
f 609 409 608
f 610 609 595
f 610 595 596
f 611 599 600
f 611 600 612
f 613 414 413
f 613 413 612
f 603 403 416
f 603 416 614
f 615 603 614
f 615 604 603
f 617 410 609
f 617 417 410
f 617 609 610
f 617 610 618
f 621 612 413
f 621 413 420
f 613 421 414
f 613 622 421
f 614 416 423
f 614 423 624
f 423 422 623
f 423 623 624
f 625 614 624
f 625 615 614
f 625 616 615
f 625 626 616
f 617 424 417
f 617 627 424
f 628 425 424
f 628 424 627
f 628 627 617
f 628 617 618
f 426 425 628
f 426 628 629
f 628 618 619
f 628 619 629
f 427 426 629
f 427 629 630
f 629 619 620
f 629 620 630
f 632 621 420
f 632 420 429
f 633 421 622
f 633 430 421
f 632 622 621
f 632 633 622
f 623 422 431
f 623 431 634
f 431 430 633
f 431 633 634
f 635 623 634
f 635 624 623
f 636 624 635
f 636 625 624
f 637 427 630
f 637 432 427
f 637 630 631
f 637 631 638
f 632 429 434
f 632 434 640
f 640 434 433
f 640 433 639
f 642 634 641
f 642 635 634
f 643 432 637
f 643 436 432
f 437 436 643
f 437 643 644
f 644 643 637
f 644 637 638
f 639 433 438
f 639 438 645
f 438 437 644
f 438 644 645
f 644 638 639
f 644 639 645
f 646 639 645
f 646 640 639
f 652 647 651
f 652 648 647
f 652 649 648
f 652 653 649
f 443 653 442
f 443 654 653
f 653 650 649
f 653 654 650
f 445 656 444
f 445 657 656
f 658 445 446
f 658 657 445
f 447 658 446
f 447 659 658
f 448 659 447
f 448 660 659
f 661 448 449
f 661 660 448
f 662 652 651
f 662 663 652
f 664 442 653
f 664 451 442
f 451 663 450
f 451 664 663
f 664 652 663
f 664 653 652
f 665 654 443
f 665 443 452
f 664 653 654
f 664 654 665
f 665 655 654
f 665 666 655
f 667 444 656
f 667 453 444
f 454 453 667
f 454 667 668
f 667 656 657
f 667 657 668
f 668 657 658
f 668 658 669
f 670 669 658
f 670 658 659
f 661 449 458
f 661 458 672
f 671 660 661
f 671 661 672
f 674 450 663
f 674 460 450
f 674 662 673
f 674 663 662
f 675 665 452
f 675 452 461
f 462 675 461
f 462 676 675
f 675 666 665
f 675 676 666
f 668 463 454
f 668 677 463
f 678 677 668
f 678 668 669
f 466 465 679
f 466 679 680
f 672 458 467
f 672 467 681
f 467 466 680
f 467 680 681
f 684 468 469
f 684 683 468
f 674 471 460
f 674 687 471
f 687 673 686
f 687 674 673
f 676 462 472
f 676 472 688
f 473 688 472
f 473 689 688
f 677 474 463
f 677 690 474
f 690 473 474
f 690 689 473
f 679 465 476
f 679 476 691
f 692 476 477
f 692 691 476
f 479 693 478
f 479 694 693
f 695 468 683
f 695 480 468
f 695 479 480
f 695 694 479
f 695 682 694
f 695 683 682
f 696 684 469
f 696 469 481
f 696 685 684
f 696 697 685
f 698 482 483
f 698 697 482
f 698 685 697
f 698 686 685
f 699 471 687
f 699 484 471
f 484 698 483
f 484 699 698
f 699 686 698
f 699 687 686
f 700 688 689
f 700 689 701
f 488 487 702
f 488 702 703
f 704 489 488
f 704 488 703
f 705 692 477
f 705 477 490
f 705 490 489
f 705 489 704
f 705 704 691
f 705 691 692
f 706 478 693
f 706 491 478
f 493 492 707
f 493 707 708
f 696 481 494
f 696 494 709
f 710 482 697
f 710 495 482
f 710 494 495
f 710 709 494
f 710 696 709
f 710 697 696
f 702 487 499
f 702 499 711
f 712 702 711
f 712 703 702
f 706 502 491
f 706 713 502
f 707 492 503
f 707 503 714
f 714 503 502
f 714 502 713
f 708 504 493
f 708 715 504
f 504 714 503
f 504 715 714
f 715 707 714
f 715 708 707
f 716 715 708
f 716 708 709
f 718 711 499
f 718 499 507
f 507 506 717
f 507 717 718
f 508 718 507
f 508 719 718
f 719 711 718
f 719 712 711
f 720 503 714
f 720 509 503
f 721 720 714
f 721 714 715
f 512 511 722
f 512 722 723
f 515 514 724
f 515 724 725
f 726 516 515
f 726 515 725
f 717 506 517
f 717 517 727
f 517 516 726
f 517 726 727
f 718 518 507
f 718 728 518
f 728 717 727
f 728 718 717
f 729 719 508
f 729 508 519
f 729 519 518
f 729 518 728
f 730 509 720
f 730 520 509
f 731 521 520
f 731 520 730
f 731 730 720
f 731 720 721
f 732 722 511
f 732 511 522
f 732 522 521
f 732 521 731
f 732 731 721
f 732 721 722
f 733 512 723
f 733 523 512
f 724 514 525
f 724 525 736
f 736 725 724
f 736 737 725
f 737 726 725
f 737 738 726
f 739 726 738
f 739 727 726
f 740 727 739
f 740 728 727
f 741 523 733
f 741 528 523
f 529 528 741
f 529 741 742
f 741 733 734
f 741 734 742
f 742 734 735
f 742 735 743
f 736 525 531
f 736 531 744
f 744 531 530
f 744 530 743
f 745 736 744
f 745 737 736
f 746 739 738
f 746 747 739
f 748 529 742
f 748 533 529
f 743 530 534
f 743 534 749
f 534 533 748
f 534 748 749
f 748 742 743
f 748 743 749
f 750 743 749
f 750 744 743
f 536 751 535
f 536 752 751
f 753 536 537
f 753 752 536
f 754 537 538
f 754 753 537
f 751 539 535
f 751 758 539
f 759 758 751
f 759 751 752
f 754 538 542
f 754 542 761
f 760 753 754
f 760 754 761
f 547 762 546
f 547 763 762
f 764 756 755
f 764 765 756
f 766 756 765
f 766 757 756
f 767 539 758
f 767 548 539
f 767 757 766
f 767 758 757
f 769 768 759
f 769 759 760
f 770 761 542
f 770 542 551
f 552 770 551
f 552 771 770
f 762 556 546
f 762 772 556
f 773 763 547
f 773 547 557
f 772 762 763
f 772 763 773
f 776 766 765
f 776 777 766
f 778 548 767
f 778 559 548
f 777 767 766
f 777 778 767
f 779 771 552
f 779 552 562
f 565 780 564
f 565 781 780
f 782 556 772
f 782 566 556
f 782 565 566
f 782 781 565
f 783 773 557
f 783 557 567
f 783 567 566
f 783 566 782
f 783 782 772
f 783 772 773
f 570 784 569
f 570 785 784
f 784 775 774
f 784 785 775
f 573 787 572
f 573 788 787
f 778 574 559
f 778 789 574
f 789 573 574
f 789 788 573
f 788 778 777
f 788 789 778
f 779 562 575
f 779 575 791
f 780 577 564
f 780 793 577
f 577 792 576
f 577 793 792
f 782 566 578
f 782 578 795
f 795 794 781
f 795 781 782
f 796 569 784
f 796 580 569
f 797 785 570
f 797 570 581
f 582 797 581
f 582 798 797
f 797 786 785
f 797 798 786
f 787 583 572
f 787 799 583
f 799 582 583
f 799 798 582
f 800 799 787
f 800 787 788
f 800 788 789
f 800 789 801
f 801 789 790
f 801 790 802
f 791 575 587
f 791 587 804
f 587 586 803
f 587 803 804
f 792 588 576
f 792 805 588
f 805 587 588
f 805 804 587
f 806 805 792
f 806 792 793
f 808 795 578
f 808 578 591
f 591 590 807
f 591 807 808
f 809 580 796
f 809 594 580
f 811 596 595
f 811 595 810
f 814 600 599
f 814 599 813
f 803 586 601
f 803 601 815
f 816 587 804
f 816 602 587
f 602 815 601
f 602 816 815
f 816 803 815
f 816 804 803
f 807 590 605
f 807 605 818
f 605 604 817
f 605 817 818
f 809 608 594
f 809 820 608
f 821 810 595
f 821 595 609
f 609 608 820
f 609 820 821
f 811 610 596
f 811 822 610
f 825 813 599
f 825 599 611
f 824 812 813
f 824 813 825
f 826 600 814
f 826 612 600
f 826 611 612
f 826 825 611
f 825 814 813
f 825 826 814
f 827 613 612
f 827 612 826
f 817 604 615
f 817 615 828
f 616 828 615
f 616 829 828
f 829 817 828
f 829 818 817
f 830 818 829
f 830 819 818
f 831 610 822
f 831 618 610
f 619 618 831
f 619 831 832
f 831 822 823
f 831 823 832
f 833 620 619
f 833 619 832
f 836 826 612
f 836 612 621
f 837 613 827
f 837 622 613
f 622 836 621
f 622 837 836
f 836 827 826
f 836 837 827
f 839 829 616
f 839 616 626
f 626 625 838
f 626 838 839
f 839 838 828
f 839 828 829
f 840 620 833
f 840 630 620
f 631 630 840
f 631 840 841
f 842 841 834
f 842 834 835
f 633 632 843
f 633 843 844
f 845 634 633
f 845 633 844
f 838 625 636
f 838 636 847
f 636 635 846
f 636 846 847
f 849 631 841
f 849 638 631
f 848 841 840
f 848 849 841
f 850 639 638
f 850 638 849
f 849 841 842
f 849 842 850
f 843 632 640
f 843 640 851
f 851 844 843
f 851 852 844
f 845 641 634
f 845 853 641
f 852 845 844
f 852 853 845
f 846 635 642
f 846 642 854
f 854 642 641
f 854 641 853
f 856 639 850
f 856 645 639
f 855 850 849
f 855 856 850
f 851 640 646
f 851 646 857
f 646 645 856
f 646 856 857
f 858 851 857
f 858 852 851
f 859 857 856
f 859 860 857
f 860 858 857
f 860 861 858
f 864 647 648
f 864 863 647
f 865 648 649
f 865 864 648
f 866 649 650
f 866 865 649
f 863 651 647
f 863 869 651
f 869 862 868
f 869 863 862
f 872 866 650
f 872 650 654
f 654 653 871
f 654 871 872
f 871 865 866
f 871 866 872
f 655 872 654
f 655 873 872
f 660 874 659
f 660 875 874
f 876 868 867
f 876 877 868
f 878 651 869
f 878 662 651
f 877 869 868
f 877 878 869
f 879 878 869
f 879 869 870
f 880 871 653
f 880 653 664
f 881 654 872
f 881 665 654
f 665 880 664
f 665 881 880
f 880 872 871
f 880 881 872
f 873 655 666
f 873 666 882
f 874 670 659
f 874 885 670
f 670 884 669
f 670 885 884
f 875 660 671
f 875 671 886
f 886 885 874
f 886 874 875
f 887 671 672
f 887 886 671
f 892 662 878
f 892 673 662
f 892 877 891
f 892 878 877
f 893 882 666
f 893 666 676
f 893 883 882
f 893 894 883
f 884 678 669
f 884 896 678
f 678 895 677
f 678 896 895
f 897 896 884
f 897 884 885
f 898 680 679
f 898 679 897
f 898 897 885
f 898 885 886
f 887 672 681
f 887 681 899
f 899 681 680
f 899 680 898
f 898 886 887
f 898 887 899
f 900 889 888
f 900 901 889
f 902 682 683
f 902 901 682
f 901 890 889
f 901 902 890
f 903 683 684
f 903 902 683
f 685 903 684
f 685 904 903
f 892 686 673
f 892 905 686
f 905 685 686
f 905 904 685
f 904 892 891
f 904 905 892
f 893 676 688
f 893 688 909
f 895 690 677
f 895 911 690
f 690 910 689
f 690 911 910
f 912 897 679
f 912 679 691
f 914 682 901
f 914 694 682
f 914 693 694
f 914 913 693
f 914 900 913
f 914 901 900
f 915 902 903
f 915 903 916
f 917 905 906
f 917 906 918
f 919 907 908
f 919 908 920
f 909 688 700
f 909 700 921
f 910 701 689
f 910 922 701
f 922 700 701
f 922 921 700
f 912 691 704
f 912 704 924
f 924 704 703
f 924 703 923
f 925 693 913
f 925 706 693
f 928 709 708
f 928 708 927
f 930 929 917
f 930 917 918
f 923 703 712
f 923 712 931
f 933 706 925
f 933 713 706
f 934 714 713
f 934 713 933
f 933 925 926
f 933 926 934
f 935 927 708
f 935 708 715
f 715 714 934
f 715 934 935
f 934 926 927
f 934 927 935
f 928 716 709
f 928 936 716
f 716 935 715
f 716 936 935
f 939 931 712
f 939 712 719
f 940 931 939
f 940 932 931
f 941 715 935
f 941 721 715
f 722 721 941
f 722 941 942
f 941 935 936
f 941 936 942
f 723 722 942
f 723 942 943
f 942 936 937
f 942 937 943
f 945 939 719
f 945 719 729
f 945 729 728
f 945 728 944
f 945 944 938
f 945 938 939
f 946 723 943
f 946 733 723
f 734 733 946
f 734 946 947
f 735 734 947
f 735 947 948
f 738 737 949
f 738 949 950
f 944 728 740
f 944 740 952
f 740 739 951
f 740 951 952
f 953 735 948
f 953 743 735
f 949 737 745
f 949 745 955
f 745 744 954
f 745 954 955
f 950 746 738
f 950 956 746
f 956 949 955
f 956 950 949
f 951 739 747
f 951 747 957
f 957 747 746
f 957 746 956
f 957 956 950
f 957 950 951
f 953 749 743
f 953 958 749
f 954 744 750
f 954 750 959
f 750 749 958
f 750 958 959
f 960 954 959
f 960 955 954
f 961 959 958
f 961 962 959
f 962 960 959
f 962 963 960
f 968 752 753
f 968 967 752
f 756 971 755
f 756 972 971
f 757 972 756
f 757 973 972
f 973 964 972
f 973 965 964
f 974 757 758
f 974 973 757
f 973 966 965
f 973 974 966
f 967 759 752
f 967 975 759
f 759 974 758
f 759 975 974
f 974 967 966
f 974 975 967
f 968 753 760
f 968 760 976
f 760 759 975
f 760 975 976
f 975 967 968
f 975 968 976
f 977 760 761
f 977 976 760
f 978 970 969
f 978 979 970
f 971 764 755
f 971 981 764
f 982 765 764
f 982 764 981
f 982 981 971
f 982 971 972
f 983 975 759
f 983 759 768
f 976 769 760
f 976 984 769
f 769 983 768
f 769 984 983
f 983 976 975
f 983 984 976
f 977 761 770
f 977 770 985
f 984 976 977
f 984 977 985
f 986 770 771
f 986 985 770
f 987 979 978
f 987 988 979
f 989 774 775
f 989 988 774
f 988 980 979
f 988 989 980
f 982 776 765
f 982 991 776
f 992 777 776
f 992 776 991
f 986 771 779
f 986 779 993
f 996 780 781
f 996 995 780
f 997 774 988
f 997 784 774
f 998 989 775
f 998 775 785
f 786 998 785
f 786 999 998
f 998 990 989
f 998 999 990
f 1000 990 999
f 1000 991 990
f 1001 777 992
f 1001 788 777
f 1002 789 788
f 1002 788 1001
f 790 789 1002
f 790 1002 1003
f 1004 993 779
f 1004 779 791
f 1004 994 993
f 1004 1005 994
f 1006 780 995
f 1006 793 780
f 996 781 794
f 996 794 1007
f 1006 995 996
f 1006 996 1007
f 1008 794 795
f 1008 1007 794
f 1009 784 997
f 1009 796 784
f 1011 999 786
f 1011 786 798
f 799 1011 798
f 799 1012 1011
f 1011 1000 999
f 1011 1012 1000
f 800 1012 799
f 800 1013 1012
f 1012 1001 1000
f 1012 1013 1001
f 1014 800 801
f 1014 1013 800
f 1013 1002 1001
f 1013 1014 1002
f 1003 802 790
f 1003 1015 802
f 802 1014 801
f 802 1015 1014
f 1014 1003 1002
f 1014 1015 1003
f 1016 1004 791
f 1016 791 804
f 805 1016 804
f 805 1017 1016
f 1016 1005 1004
f 1016 1017 1005
f 1006 806 793
f 1006 1018 806
f 806 1017 805
f 806 1018 1017
f 1019 1018 1006
f 1019 1006 1007
f 1008 795 808
f 1008 808 1020
f 1020 808 807
f 1020 807 1019
f 1020 1019 1007
f 1020 1007 1008
f 1021 796 1009
f 1021 809 796
f 1021 1009 1010
f 1021 1010 1022
f 1023 811 810
f 1023 810 1022
f 1025 813 812
f 1025 812 1024
f 1026 1017 1018
f 1026 1018 1027
f 1028 1019 807
f 1028 807 818
f 1027 1018 1019
f 1027 1019 1028
f 819 1028 818
f 819 1029 1028
f 1031 809 1021
f 1031 820 809
f 1032 1022 810
f 1032 810 821
f 821 820 1031
f 821 1031 1032
f 1031 1021 1022
f 1031 1022 1032
f 1023 822 811
f 1023 1033 822
f 1032 1023 1022
f 1032 1033 1023
f 1034 823 822
f 1034 822 1033
f 1035 1024 812
f 1035 812 824
f 1036 813 1025
f 1036 825 813
f 1036 824 825
f 1036 1035 824
f 1039 829 828
f 1039 828 1038
f 1040 1029 819
f 1040 819 830
f 830 829 1039
f 830 1039 1040
f 1041 1029 1040
f 1041 1030 1029
f 1042 1033 1032
f 1042 1043 1033
f 1034 832 823
f 1034 1044 832
f 1043 1034 1033
f 1043 1044 1034
f 1045 833 832
f 1045 832 1044
f 835 834 1046
f 835 1046 1047
f 1038 828 838
f 1038 838 1049
f 1049 1048 1037
f 1049 1037 1038
f 1050 1038 1049
f 1050 1039 1038
f 1050 1040 1039
f 1050 1051 1040
f 1051 1041 1040
f 1051 1052 1041
f 1045 840 833
f 1045 1054 840
f 1053 1045 1044
f 1053 1054 1045
f 1046 834 841
f 1046 841 1055
f 1056 835 1047
f 1056 842 835
f 1056 1046 1055
f 1056 1047 1046
f 1058 1049 838
f 1058 838 847
f 1058 847 846
f 1058 846 1057
f 1058 1057 1048
f 1058 1048 1049
f 1054 848 840
f 1054 1059 848
f 1060 1055 841
f 1060 841 849
f 1060 849 848
f 1060 848 1059
f 1059 1054 1055
f 1059 1055 1060
f 1061 842 1056
f 1061 850 842
f 1061 849 850
f 1061 1060 849
f 1061 1055 1060
f 1061 1056 1055
f 853 852 1062
f 853 1062 1063
f 1064 1057 846
f 1064 846 854
f 1064 854 853
f 1064 853 1063
f 1060 855 849
f 1060 1065 855
f 1066 856 855
f 1066 855 1065
f 1062 852 858
f 1062 858 1067
f 1068 1062 1067
f 1068 1063 1062
f 1066 859 856
f 1066 1070 859
f 1069 1066 1065
f 1069 1070 1066
f 1071 860 859
f 1071 859 1070
f 1067 858 861
f 1067 861 1072
f 861 860 1071
f 861 1071 1072
f 1073 1067 1072
f 1073 1068 1067
f 1076 862 863
f 1076 1075 862
f 1077 863 864
f 1077 1076 863
f 1078 864 865
f 1078 1077 864
f 1083 862 1075
f 1083 868 862
f 1083 867 868
f 1083 1082 867
f 1083 1074 1082
f 1083 1075 1074
f 870 869 1084
f 870 1084 1085
f 1086 1078 865
f 1086 865 871
f 1087 871 872
f 1087 1086 871
f 873 1087 872
f 873 1088 1087
f 1089 1080 1079
f 1089 1090 1080
f 1090 1081 1080
f 1090 1091 1081
f 1082 876 867
f 1082 1093 876
f 1094 877 876
f 1094 876 1093
f 1095 1084 869
f 1095 869 878
f 1085 879 870
f 1085 1096 879
f 879 1095 878
f 879 1096 1095
f 1095 1085 1084
f 1095 1096 1085
f 1097 1086 1087
f 1097 1087 1098
f 1088 873 882
f 1088 882 1099
f 1098 1087 1088
f 1098 1088 1099
f 1100 882 883
f 1100 1099 882
f 1102 888 889
f 1102 1101 888
f 1101 1091 1090
f 1101 1102 1091
f 890 1102 889
f 890 1103 1102
f 1102 1092 1091
f 1102 1103 1092
f 1094 891 877
f 1094 1105 891
f 1104 1094 1093
f 1104 1105 1094
f 1100 883 894
f 1100 894 1108
f 894 893 1107
f 894 1107 1108
f 1107 1099 1100
f 1107 1100 1108
f 1110 895 896
f 1110 1109 895
f 1111 896 897
f 1111 1110 896
f 1112 888 1101
f 1112 900 888
f 1114 1103 890
f 1114 890 902
f 1114 1104 1103
f 1114 1115 1104
f 1116 891 1105
f 1116 904 891
f 904 1115 903
f 904 1116 1115
f 1116 1105 1106
f 1116 1106 1117
f 1118 906 905
f 1118 905 1117
f 908 907 1119
f 908 1119 1120
f 1121 1107 893
f 1121 893 909
f 1121 1108 1107
f 1121 1122 1108
f 1109 911 895
f 1109 1123 911
f 1123 910 911
f 1123 1122 910
f 1124 1123 1109
f 1124 1109 1110
f 1111 897 912
f 1111 912 1125
f 1124 1110 1111
f 1124 1111 1125
f 1126 900 1112
f 1126 913 900
f 1126 1112 1113
f 1126 1113 1127
f 1114 902 915
f 1114 915 1128
f 1115 916 903
f 1115 1129 916
f 916 1128 915
f 916 1129 1128
f 1128 1115 1114
f 1128 1129 1115
f 1130 1129 1115
f 1130 1115 1116
f 1131 1117 905
f 1131 905 917
f 1118 918 906
f 1118 1132 918
f 1131 1118 1117
f 1131 1132 1118
f 1119 907 919
f 1119 919 1133
f 1120 920 908
f 1120 1134 920
f 920 1133 919
f 920 1134 1133
f 1133 1120 1119
f 1133 1134 1120
f 1121 909 921
f 1121 921 1135
f 1136 910 1122
f 1136 922 910
f 922 1135 921
f 922 1136 1135
f 1135 1122 1121
f 1135 1136 1122
f 1137 1136 1122
f 1137 1122 1123
f 1138 1137 1123
f 1138 1123 1124
f 1139 1125 912
f 1139 912 924
f 924 923 1138
f 924 1138 1139
f 1140 913 1126
f 1140 925 913
f 926 925 1140
f 926 1140 1141
f 1140 1126 1127
f 1140 1127 1141
f 1142 927 926
f 1142 926 1141
f 1143 928 927
f 1143 927 1142
f 1131 917 929
f 1131 929 1144
f 1132 930 918
f 1132 1145 930
f 930 1144 929
f 930 1145 1144
f 1145 1131 1144
f 1145 1132 1131
f 1147 1138 923
f 1147 923 931
f 1146 1137 1138
f 1146 1138 1147
f 932 1147 931
f 932 1148 1147
f 1150 1142 1141
f 1150 1151 1142
f 1143 936 928
f 1143 1152 936
f 1151 1143 1142
f 1151 1152 1143
f 937 936 1152
f 937 1152 1153
f 1155 939 938
f 1155 938 1154
f 1148 932 940
f 1148 940 1156
f 940 939 1155
f 940 1155 1156
f 1156 1149 1148
f 1156 1157 1149
f 1158 1152 1151
f 1158 1159 1152
f 1160 937 1153
f 1160 943 937
f 1159 1153 1152
f 1159 1160 1153
f 1161 1154 938
f 1161 938 944
f 1162 1156 1155
f 1162 1163 1156
f 1163 1157 1156
f 1163 1164 1157
f 1165 943 1160
f 1165 946 943
f 1166 947 946
f 1166 946 1165
f 1167 948 947
f 1167 947 1166
f 951 950 1168
f 951 1168 1169
f 1161 944 952
f 1161 952 1170
f 952 951 1169
f 952 1169 1170
f 1171 948 1167
f 1171 953 948
f 1168 950 956
f 1168 956 1173
f 956 955 1172
f 956 1172 1173
f 1174 1168 1173
f 1174 1169 1168
f 1171 958 953
f 1171 1175 958
f 1172 955 960
f 1172 960 1176
f 1177 1172 1176
f 1177 1173 1172
f 1175 961 958
f 1175 1178 961
f 1179 962 961
f 1179 961 1178
f 1176 960 963
f 1176 963 1180
f 963 962 1179
f 963 1179 1180
f 1181 1176 1180
f 1181 1177 1176
f 1184 1183 1182
f 1184 1185 1183
f 1187 964 965
f 1187 1186 964
f 1188 965 966
f 1188 1187 965
f 1189 966 967
f 1189 1188 966
f 970 1190 969
f 970 1191 1190
f 1194 964 1186
f 1194 972 964
f 1196 1195 1187
f 1196 1187 1188
f 1197 1189 967
f 1197 967 975
f 976 1197 975
f 976 1198 1197
f 1200 969 1190
f 1200 978 969
f 1201 1191 970
f 1201 970 979
f 980 1201 979
f 980 1202 1201
f 1201 1192 1191
f 1201 1202 1192
f 1202 1193 1192
f 1202 1203 1193
f 1204 972 1194
f 1204 982 972
f 1205 1198 976
f 1205 976 984
f 985 1205 984
f 985 1206 1205
f 1205 1199 1198
f 1205 1206 1199
f 986 1206 985
f 986 1207 1206
f 1200 987 978
f 1200 1209 987
f 1210 988 987
f 1210 987 1209
f 1211 1202 980
f 1211 980 989
f 990 1211 989
f 990 1212 1211
f 1211 1203 1202
f 1211 1212 1203
f 1204 991 982
f 1204 1213 991
f 1213 990 991
f 1213 1212 990
f 1212 1204 1203
f 1212 1213 1204
f 992 991 1213
f 992 1213 1214
f 1218 1207 986
f 1218 986 993
f 994 1218 993
f 994 1219 1218
f 1218 1208 1207
f 1218 1219 1208
f 1210 997 988
f 1210 1221 997
f 1220 1210 1209
f 1220 1221 1210
f 1213 991 1000
f 1213 1000 1222
f 1223 992 1214
f 1223 1001 992
f 1001 1222 1000
f 1001 1223 1222
f 1224 1223 1214
f 1224 1214 1215
f 1225 1216 1217
f 1225 1217 1226
f 1227 1219 994
f 1227 994 1005
f 1221 1009 997
f 1221 1229 1009
f 1228 1221 1220
f 1228 1229 1221
f 1010 1009 1229
f 1010 1229 1230
f 1227 1005 1017
f 1227 1017 1235
f 1238 1228 1237
f 1238 1229 1228
f 1239 1010 1230
f 1239 1022 1010
f 1238 1230 1229
f 1238 1239 1230
f 1241 1025 1024
f 1241 1024 1240
f 1240 1231 1232
f 1240 1232 1241
f 1244 1243 1233
f 1244 1233 1234
f 1235 1017 1026
f 1235 1026 1245
f 1027 1245 1026
f 1027 1246 1245
f 1245 1236 1235
f 1245 1246 1236
f 1247 1027 1028
f 1247 1246 1027
f 1248 1028 1029
f 1248 1247 1028
f 1030 1248 1029
f 1030 1249 1248
f 1250 1022 1239
f 1250 1032 1022
f 1251 1240 1024
f 1251 1024 1035
f 1252 1025 1241
f 1252 1036 1025
f 1252 1035 1036
f 1252 1251 1035
f 1251 1241 1240
f 1251 1252 1241
f 1254 1253 1242
f 1254 1242 1243
f 1256 1038 1037
f 1256 1037 1255
f 1258 1257 1247
f 1258 1247 1248
f 1249 1030 1041
f 1249 1041 1259
f 1258 1248 1249
f 1258 1249 1259
f 1250 1042 1032
f 1250 1260 1042
f 1261 1043 1042
f 1261 1042 1260
f 1262 1044 1043
f 1262 1043 1261
f 1255 1037 1048
f 1255 1048 1265
f 1256 1049 1038
f 1256 1266 1049
f 1266 1255 1265
f 1266 1256 1255
f 1267 1050 1049
f 1267 1049 1266
f 1267 1266 1256
f 1267 1256 1257
f 1051 1050 1267
f 1051 1267 1268
f 1267 1257 1258
f 1267 1258 1268
f 1269 1259 1041
f 1269 1041 1052
f 1052 1051 1268
f 1052 1268 1269
f 1269 1268 1258
f 1269 1258 1259
f 1270 1261 1260
f 1270 1271 1261
f 1262 1053 1044
f 1262 1272 1053
f 1271 1262 1261
f 1271 1272 1262
f 1273 1054 1053
f 1273 1053 1272
f 1274 1055 1054
f 1274 1054 1273
f 1273 1263 1264
f 1273 1264 1274
f 1277 1265 1048
f 1277 1048 1057
f 1278 1265 1277
f 1278 1266 1265
f 1279 1272 1271
f 1279 1280 1272
f 1281 1272 1280
f 1281 1273 1272
f 1282 1055 1274
f 1282 1060 1055
f 1282 1274 1275
f 1282 1275 1283
f 1285 1277 1057
f 1285 1057 1064
f 1285 1064 1063
f 1285 1063 1284
f 1285 1284 1276
f 1285 1276 1277
f 1282 1065 1060
f 1282 1286 1065
f 1284 1063 1068
f 1284 1068 1289
f 1297 1065 1286
f 1297 1069 1065
f 1298 1070 1069
f 1298 1069 1297
f 1297 1286 1287
f 1297 1287 1298
f 1071 1070 1298
f 1071 1298 1299
f 1298 1287 1288
f 1298 1288 1299
f 1300 1072 1071
f 1300 1071 1299
f 1289 1068 1073
f 1289 1073 1301
f 1073 1072 1300
f 1073 1300 1301
f 1304 1290 1303
f 1304 1291 1290
f 1307 1292 1306
f 1307 1293 1292
f 1309 1294 1308
f 1309 1295 1294
f 1310 1295 1309
f 1310 1296 1295
f 1312 1302 1311
f 1312 1303 1302
f 1313 1303 1312
f 1313 1304 1303
f 1315 1305 1314
f 1315 1306 1305
f 1316 1306 1315
f 1316 1307 1306
f 1316 1308 1307
f 1316 1317 1308
f 1321 1318 1317
f 1321 1322 1318
f 1326 1320 1319
f 1326 1327 1320
f 1328 1324 1323
f 1328 1329 1324
f 1329 1325 1324
f 1329 1330 1325
f 1331 1329 1328
f 1331 1332 1329
f 1332 1330 1329
f 1332 1333 1330
f 1335 1074 1075
f 1335 1334 1074
f 1076 1335 1075
f 1076 1336 1335
f 1077 1336 1076
f 1077 1337 1336
f 1338 1077 1078
f 1338 1337 1077
f 1080 1339 1079
f 1080 1340 1339
f 1081 1340 1080
f 1081 1341 1340
f 1343 1074 1334
f 1343 1082 1074
f 1338 1078 1086
f 1338 1086 1345
f 1344 1337 1338
f 1344 1338 1345
f 1339 1089 1079
f 1339 1347 1089
f 1348 1090 1089
f 1348 1089 1347
f 1347 1339 1340
f 1347 1340 1348
f 1349 1341 1081
f 1349 1081 1091
f 1092 1349 1091
f 1092 1350 1349
f 1349 1342 1341
f 1349 1350 1342
f 1351 1082 1343
f 1351 1093 1082
f 1351 1342 1350
f 1351 1343 1342
f 1352 1345 1086
f 1352 1086 1097
f 1098 1352 1097
f 1098 1353 1352
f 1352 1346 1345
f 1352 1353 1346
f 1354 1098 1099
f 1354 1353 1098
f 1358 1090 1348
f 1358 1101 1090
f 1359 1350 1092
f 1359 1092 1103
f 1351 1104 1093
f 1351 1360 1104
f 1104 1359 1103
f 1104 1360 1359
f 1359 1351 1350
f 1359 1360 1351
f 1361 1105 1104
f 1361 1104 1360
f 1106 1105 1361
f 1106 1361 1362
f 1363 1354 1099
f 1363 1099 1107
f 1108 1363 1107
f 1108 1364 1363
f 1363 1355 1354
f 1363 1364 1355
f 1365 1355 1364
f 1365 1356 1355
f 1367 1101 1358
f 1367 1112 1101
f 1366 1358 1357
f 1366 1367 1358
f 1368 1113 1112
f 1368 1112 1367
f 1369 1360 1104
f 1369 1104 1115
f 1371 1106 1362
f 1371 1117 1106
f 1371 1116 1117
f 1371 1370 1116
f 1371 1361 1370
f 1371 1362 1361
f 1364 1108 1122
f 1364 1122 1372
f 1372 1365 1364
f 1372 1373 1365
f 1125 1374 1124
f 1125 1375 1374
f 1377 1366 1376
f 1377 1367 1366
f 1368 1127 1113
f 1368 1378 1127
f 1377 1368 1367
f 1377 1378 1368
f 1379 1369 1115
f 1379 1115 1129
f 1370 1130 1116
f 1370 1380 1130
f 1130 1379 1129
f 1130 1380 1379
f 1383 1372 1122
f 1383 1122 1136
f 1137 1383 1136
f 1137 1384 1383
f 1383 1373 1372
f 1383 1384 1373
f 1374 1138 1124
f 1374 1385 1138
f 1375 1125 1139
f 1375 1139 1386
f 1386 1139 1138
f 1386 1138 1385
f 1386 1385 1374
f 1386 1374 1375
f 1388 1376 1387
f 1388 1377 1376
f 1378 1141 1127
f 1378 1389 1141
f 1394 1381 1382
f 1394 1382 1395
f 1396 1384 1137
f 1396 1137 1146
f 1397 1146 1147
f 1397 1396 1146
f 1396 1385 1384
f 1396 1397 1385
f 1398 1147 1148
f 1398 1397 1147
f 1149 1398 1148
f 1149 1399 1398
f 1389 1150 1141
f 1389 1400 1150
f 1401 1151 1150
f 1401 1150 1400
f 1402 1390 1391
f 1402 1391 1403
f 1405 1404 1392
f 1405 1392 1393
f 1155 1154 1406
f 1155 1406 1407
f 1407 1397 1398
f 1407 1398 1408
f 1399 1149 1157
f 1399 1157 1409
f 1408 1398 1399
f 1408 1399 1409
f 1401 1158 1151
f 1401 1410 1158
f 1411 1159 1158
f 1411 1158 1410
f 1160 1159 1411
f 1160 1411 1412
f 1413 1412 1403
f 1413 1403 1404
f 1406 1154 1161
f 1406 1161 1416
f 1417 1155 1407
f 1417 1162 1155
f 1163 1162 1417
f 1163 1417 1418
f 1417 1407 1408
f 1417 1408 1418
f 1409 1157 1164
f 1409 1164 1419
f 1164 1163 1418
f 1164 1418 1419
f 1419 1418 1408
f 1419 1408 1409
f 1420 1411 1410
f 1420 1421 1411
f 1422 1160 1412
f 1422 1165 1160
f 1422 1411 1421
f 1422 1412 1411
f 1423 1166 1165
f 1423 1165 1422
f 1422 1412 1413
f 1422 1413 1423
f 1424 1167 1166
f 1424 1166 1423
f 1425 1414 1415
f 1425 1415 1426
f 1427 1416 1161
f 1427 1161 1170
f 1427 1170 1169
f 1427 1169 1426
f 1427 1426 1415
f 1427 1415 1416
f 1429 1420 1428
f 1429 1421 1420
f 1424 1171 1167
f 1424 1430 1171
f 1432 1426 1169
f 1432 1169 1174
f 1174 1173 1431
f 1174 1431 1432
f 1432 1431 1425
f 1432 1425 1426
f 1430 1175 1171
f 1430 1436 1175
f 1431 1173 1177
f 1431 1177 1439
f 1445 1433 1444
f 1445 1434 1433
f 1445 1435 1434
f 1445 1446 1435
f 1447 1175 1436
f 1447 1178 1175
f 1179 1178 1447
f 1179 1447 1448
f 1447 1436 1437
f 1447 1437 1448
f 1180 1179 1448
f 1180 1448 1449
f 1448 1437 1438
f 1448 1438 1449
f 1439 1177 1181
f 1439 1181 1450
f 1181 1180 1449
f 1181 1449 1450
f 1452 1182 1183
f 1452 1451 1182
f 1452 1440 1451
f 1452 1441 1440
f 1455 1442 1454
f 1455 1443 1442
f 1456 1443 1455
f 1456 1444 1443
f 1457 1444 1456
f 1457 1445 1444
f 1458 1445 1457
f 1458 1446 1445
f 1459 1182 1451
f 1459 1184 1182
f 1460 1452 1183
f 1460 1183 1185
f 1460 1185 1184
f 1460 1184 1459
f 1462 1453 1461
f 1462 1454 1453
f 1462 1455 1454
f 1462 1463 1455
f 1463 1456 1455
f 1463 1464 1456
f 1465 1456 1464
f 1465 1457 1456
f 1469 1467 1466
f 1469 1470 1467
f 1470 1468 1467
f 1470 1471 1468
f 1476 1186 1187
f 1476 1475 1186
f 1189 1477 1188
f 1189 1478 1477
f 1191 1479 1190
f 1191 1480 1479
f 1192 1480 1191
f 1192 1481 1480
f 1481 1472 1480
f 1481 1473 1472
f 1193 1481 1192
f 1193 1482 1481
f 1481 1474 1473
f 1481 1482 1474
f 1475 1194 1186
f 1475 1483 1194
f 1476 1187 1195
f 1476 1195 1484
f 1484 1483 1475
f 1484 1475 1476
f 1477 1196 1188
f 1477 1485 1196
f 1196 1484 1195
f 1196 1485 1484
f 1478 1189 1197
f 1478 1197 1486
f 1485 1477 1478
f 1485 1478 1486
f 1487 1197 1198
f 1487 1486 1197
f 1199 1487 1198
f 1199 1488 1487
f 1479 1200 1190
f 1479 1489 1200
f 1491 1490 1480
f 1491 1480 1481
f 1492 1482 1193
f 1492 1193 1203
f 1493 1194 1483
f 1493 1204 1194
f 1493 1203 1204
f 1493 1492 1203
f 1492 1483 1482
f 1492 1493 1483
f 1494 1488 1199
f 1494 1199 1206
f 1207 1494 1206
f 1207 1495 1494
f 1496 1207 1208
f 1496 1495 1207
f 1489 1209 1200
f 1489 1497 1209
f 1214 1213 1499
f 1214 1499 1500
f 1215 1214 1500
f 1215 1500 1501
f 1217 1216 1502
f 1217 1502 1503
f 1505 1496 1208
f 1505 1208 1219
f 1504 1495 1496
f 1504 1496 1505
f 1497 1220 1209
f 1497 1506 1220
f 1506 1497 1498
f 1506 1498 1507
f 1499 1213 1222
f 1499 1222 1508
f 1223 1508 1222
f 1223 1509 1508
f 1501 1224 1215
f 1501 1510 1224
f 1224 1509 1223
f 1224 1510 1509
f 1509 1501 1500
f 1509 1510 1501
f 1502 1216 1225
f 1502 1225 1511
f 1503 1226 1217
f 1503 1512 1226
f 1226 1511 1225
f 1226 1512 1511
f 1511 1503 1502
f 1511 1512 1503
f 1513 1505 1219
f 1513 1219 1227
f 1514 1220 1506
f 1514 1228 1220
f 1515 1514 1506
f 1515 1506 1507
f 1232 1231 1516
f 1232 1516 1517
f 1234 1233 1518
f 1234 1518 1519
f 1520 1513 1227
f 1520 1227 1235
f 1521 1235 1236
f 1521 1520 1235
f 1522 1228 1514
f 1522 1237 1228
f 1238 1237 1522
f 1238 1522 1523
f 1522 1514 1515
f 1522 1515 1523
f 1524 1239 1238
f 1524 1238 1523
f 1516 1231 1240
f 1516 1240 1525
f 1517 1241 1232
f 1517 1526 1241
f 1526 1240 1241
f 1526 1525 1240
f 1526 1516 1525
f 1526 1517 1516
f 1518 1233 1243
f 1518 1243 1528
f 1528 1243 1242
f 1528 1242 1527
f 1519 1244 1234
f 1519 1529 1244
f 1529 1243 1244
f 1529 1528 1243
f 1529 1518 1528
f 1529 1519 1518
f 1521 1236 1246
f 1521 1246 1531
f 1530 1520 1521
f 1530 1521 1531
f 1532 1246 1247
f 1532 1531 1246
f 1524 1250 1239
f 1524 1534 1250
f 1533 1524 1523
f 1533 1534 1524
f 1536 1535 1525
f 1536 1525 1526
f 1527 1242 1253
f 1527 1253 1537
f 1528 1254 1243
f 1528 1538 1254
f 1538 1253 1254
f 1538 1537 1253
f 1539 1530 1531
f 1539 1531 1540
f 1532 1247 1257
f 1532 1257 1541
f 1257 1256 1540
f 1257 1540 1541
f 1540 1531 1532
f 1540 1532 1541
f 1534 1260 1250
f 1534 1543 1260
f 1542 1534 1533
f 1542 1543 1534
f 1264 1263 1545
f 1264 1545 1546
f 1540 1256 1266
f 1540 1266 1551
f 1550 1539 1540
f 1550 1540 1551
f 1543 1270 1260
f 1543 1556 1270
f 1555 1543 1542
f 1555 1556 1543
f 1557 1271 1270
f 1557 1270 1556
f 1556 1543 1544
f 1556 1544 1557
f 1545 1263 1273
f 1545 1273 1559
f 1560 1264 1546
f 1560 1274 1264
f 1560 1545 1559
f 1560 1546 1545
f 1275 1274 1560
f 1275 1560 1561
f 1562 1547 1548
f 1562 1548 1563
f 1563 1548 1549
f 1563 1549 1564
f 1565 1277 1276
f 1565 1276 1564
f 1551 1266 1278
f 1551 1278 1566
f 1278 1277 1565
f 1278 1565 1566
f 1569 1552 1568
f 1569 1553 1552
f 1569 1554 1553
f 1569 1570 1554
f 1571 1271 1557
f 1571 1279 1271
f 1280 1279 1571
f 1280 1571 1572
f 1571 1557 1558
f 1571 1558 1572
f 1559 1273 1281
f 1559 1281 1573
f 1281 1280 1572
f 1281 1572 1573
f 1573 1572 1558
f 1573 1558 1559
f 1575 1275 1561
f 1575 1283 1275
f 1283 1574 1282
f 1283 1575 1574
f 1577 1564 1276
f 1577 1276 1284
f 1578 1564 1577
f 1578 1565 1564
f 1579 1565 1578
f 1579 1566 1565
f 1579 1567 1566
f 1579 1580 1567
f 1581 1567 1580
f 1581 1568 1567
f 1582 1570 1569
f 1582 1583 1570
f 1574 1286 1282
f 1574 1586 1286
f 1587 1287 1286
f 1587 1286 1586
f 1288 1287 1587
f 1288 1587 1588
f 1577 1284 1289
f 1577 1289 1590
f 1590 1589 1576
f 1590 1576 1577
f 1291 1591 1290
f 1291 1592 1591
f 1594 1292 1293
f 1594 1593 1292
f 1295 1595 1294
f 1295 1596 1595
f 1296 1596 1295
f 1296 1597 1596
f 1597 1584 1596
f 1597 1585 1584
f 1598 1585 1597
f 1598 1586 1585
f 1599 1586 1598
f 1599 1587 1586
f 1600 1288 1588
f 1600 1299 1288
f 1300 1299 1600
f 1300 1600 1601
f 1600 1588 1589
f 1600 1589 1601
f 1590 1289 1301
f 1590 1301 1602
f 1301 1300 1601
f 1301 1601 1602
f 1601 1589 1590
f 1601 1590 1602
f 1604 1290 1591
f 1604 1303 1290
f 1303 1603 1302
f 1303 1604 1603
f 1592 1291 1304
f 1592 1304 1605
f 1604 1591 1592
f 1604 1592 1605
f 1593 1306 1292
f 1593 1608 1306
f 1608 1305 1306
f 1608 1607 1305
f 1609 1594 1293
f 1609 1293 1307
f 1610 1294 1595
f 1610 1308 1294
f 1308 1609 1307
f 1308 1610 1609
f 1611 1309 1308
f 1611 1308 1610
f 1612 1597 1296
f 1612 1296 1310
f 1310 1309 1611
f 1310 1611 1612
f 1603 1311 1302
f 1603 1613 1311
f 1614 1312 1311
f 1614 1311 1613
f 1605 1304 1313
f 1605 1313 1615
f 1313 1312 1614
f 1313 1614 1615
f 1615 1606 1605
f 1615 1616 1606
f 1607 1314 1305
f 1607 1618 1314
f 1619 1315 1314
f 1619 1314 1618
f 1316 1315 1619
f 1316 1619 1620
f 1621 1610 1308
f 1621 1308 1317
f 1621 1317 1316
f 1621 1316 1620
f 1318 1621 1317
f 1318 1622 1621
f 1621 1611 1610
f 1621 1622 1611
f 1623 1611 1622
f 1623 1612 1611
f 1624 1614 1613
f 1624 1625 1614
f 1626 1614 1625
f 1626 1615 1614
f 1627 1615 1626
f 1627 1616 1615
f 1627 1617 1616
f 1627 1628 1617
f 1629 1617 1628
f 1629 1618 1617
f 1629 1619 1618
f 1629 1630 1619
f 1631 1319 1320
f 1631 1630 1319
f 1630 1620 1619
f 1630 1631 1620
f 1621 1321 1317
f 1621 1632 1321
f 1632 1620 1631
f 1632 1621 1620
f 1622 1318 1322
f 1622 1322 1633
f 1322 1321 1632
f 1322 1632 1633
f 1633 1623 1622
f 1633 1634 1623
f 1635 1625 1624
f 1635 1636 1625
f 1637 1323 1324
f 1637 1636 1323
f 1637 1625 1636
f 1637 1626 1625
f 1325 1637 1324
f 1325 1638 1637
f 1638 1626 1637
f 1638 1627 1626
f 1639 1629 1628
f 1639 1640 1629
f 1630 1326 1319
f 1630 1641 1326
f 1641 1629 1640
f 1641 1630 1629
f 1631 1320 1327
f 1631 1327 1642
f 1327 1326 1641
f 1327 1641 1642
f 1643 1631 1642
f 1643 1632 1631
f 1644 1634 1633
f 1644 1645 1634
f 1646 1323 1636
f 1646 1328 1323
f 1648 1638 1325
f 1648 1325 1330
f 1650 1639 1649
f 1650 1640 1639
f 1651 1642 1641
f 1651 1652 1642
f 1653 1328 1646
f 1653 1331 1328
f 1332 1331 1653
f 1332 1653 1654
f 1653 1646 1647
f 1653 1647 1654
f 1648 1330 1333
f 1648 1333 1655
f 1333 1332 1654
f 1333 1654 1655
f 1335 1659 1334
f 1335 1660 1659
f 1661 1335 1336
f 1661 1660 1335
f 1662 1336 1337
f 1662 1661 1336
f 1341 1666 1340
f 1341 1667 1666
f 1667 1656 1666
f 1667 1657 1656
f 1342 1667 1341
f 1342 1668 1667
f 1667 1658 1657
f 1667 1668 1658
f 1659 1343 1334
f 1659 1669 1343
f 1669 1342 1343
f 1669 1668 1342
f 1670 1669 1659
f 1670 1659 1660
f 1662 1337 1344
f 1662 1344 1672
f 1671 1661 1662
f 1671 1662 1672
f 1673 1344 1345
f 1673 1672 1344
f 1346 1673 1345
f 1346 1674 1673
f 1673 1664 1663
f 1673 1674 1664
f 1678 1340 1666
f 1678 1348 1340
f 1678 1665 1677
f 1678 1666 1665
f 1681 1674 1346
f 1681 1346 1353
f 1354 1681 1353
f 1354 1682 1681
f 1681 1675 1674
f 1681 1682 1675
f 1683 1354 1355
f 1683 1682 1354
f 1356 1683 1355
f 1356 1684 1683
f 1685 1677 1676
f 1685 1686 1677
f 1678 1358 1348
f 1678 1687 1358
f 1687 1357 1358
f 1687 1686 1357
f 1361 1360 1688
f 1361 1688 1689
f 1688 1679 1680
f 1688 1680 1689
f 1690 1682 1683
f 1690 1683 1691
f 1684 1356 1365
f 1684 1365 1692
f 1692 1691 1683
f 1692 1683 1684
f 1693 1357 1686
f 1693 1366 1357
f 1693 1686 1687
f 1693 1687 1694
f 1695 1688 1360
f 1695 1360 1369
f 1696 1361 1689
f 1696 1370 1361
f 1695 1689 1688
f 1695 1696 1689
f 1699 1692 1365
f 1699 1365 1373
f 1699 1698 1691
f 1699 1691 1692
f 1700 1366 1693
f 1700 1376 1366
f 1700 1693 1694
f 1700 1694 1701
f 1702 1378 1377
f 1702 1377 1701
f 1703 1695 1369
f 1703 1369 1379
f 1696 1380 1370
f 1696 1704 1380
f 1380 1703 1379
f 1380 1704 1703
f 1703 1696 1695
f 1703 1704 1696
f 1382 1381 1705
f 1382 1705 1706
f 1707 1706 1697
f 1707 1697 1698
f 1708 1699 1373
f 1708 1373 1384
f 1707 1698 1699
f 1707 1699 1708
f 1709 1384 1385
f 1709 1708 1384
f 1710 1376 1700
f 1710 1387 1376
f 1701 1377 1388
f 1701 1388 1711
f 1388 1387 1710
f 1388 1710 1711
f 1710 1700 1701
f 1710 1701 1711
f 1702 1389 1378
f 1702 1712 1389
f 1711 1702 1701
f 1711 1712 1702
f 1715 1391 1390
f 1715 1390 1714
f 1717 1393 1392
f 1717 1392 1716
f 1705 1381 1394
f 1705 1394 1718
f 1719 1382 1706
f 1719 1395 1382
f 1395 1718 1394
f 1395 1719 1718
f 1719 1705 1718
f 1719 1706 1705
f 1720 1707 1708
f 1720 1708 1721
f 1709 1385 1397
f 1709 1397 1722
f 1721 1708 1709
f 1721 1709 1722
f 1712 1400 1389
f 1712 1724 1400
f 1723 1712 1711
f 1723 1724 1712
f 1725 1401 1400
f 1725 1400 1724
f 1714 1390 1402
f 1714 1402 1726
f 1726 1725 1713
f 1726 1713 1714
f 1715 1403 1391
f 1715 1727 1403
f 1727 1402 1403
f 1727 1726 1402
f 1726 1715 1714
f 1726 1727 1715
f 1728 1716 1392
f 1728 1392 1404
f 1404 1403 1727
f 1404 1727 1728
f 1717 1405 1393
f 1717 1729 1405
f 1405 1728 1404
f 1405 1729 1728
f 1730 1720 1721
f 1730 1721 1731
f 1732 1722 1397
f 1732 1397 1407
f 1732 1407 1406
f 1732 1406 1731
f 1732 1731 1721
f 1732 1721 1722
f 1734 1401 1725
f 1734 1410 1401
f 1733 1725 1724
f 1733 1734 1725
f 1735 1727 1403
f 1735 1403 1412
f 1736 1404 1728
f 1736 1413 1404
f 1736 1727 1735
f 1736 1728 1727
f 1741 1415 1414
f 1741 1414 1740
f 1742 1731 1406
f 1742 1406 1416
f 1416 1415 1741
f 1416 1741 1742
f 1742 1741 1730
f 1742 1730 1731
f 1734 1420 1410
f 1734 1747 1420
f 1735 1412 1422
f 1735 1422 1749
f 1749 1422 1421
f 1749 1421 1748
f 1736 1423 1413
f 1736 1750 1423
f 1749 1736 1735
f 1749 1750 1736
f 1424 1423 1750
f 1424 1750 1751
f 1752 1751 1737
f 1752 1737 1738
f 1754 1740 1414
f 1754 1414 1425
f 1753 1739 1740
f 1753 1740 1754
f 1755 1740 1754
f 1755 1741 1740
f 1756 1741 1755
f 1756 1742 1741
f 1756 1743 1742
f 1756 1757 1743
f 1757 1744 1743
f 1757 1758 1744
f 1760 1745 1759
f 1760 1746 1745
f 1761 1420 1747
f 1761 1428 1420
f 1748 1421 1429
f 1748 1429 1762
f 1429 1428 1761
f 1429 1761 1762
f 1761 1747 1748
f 1761 1748 1762
f 1764 1424 1751
f 1764 1430 1424
f 1764 1750 1763
f 1764 1751 1750
f 1766 1754 1425
f 1766 1425 1431
f 1767 1754 1766
f 1767 1755 1754
f 1767 1756 1755
f 1767 1768 1756
f 1768 1757 1756
f 1768 1769 1757
f 1770 1757 1769
f 1770 1758 1757
f 1771 1758 1770
f 1771 1759 1758
f 1434 1772 1433
f 1434 1773 1772
f 1435 1773 1434
f 1435 1774 1773
f 1764 1436 1430
f 1764 1776 1436
f 1776 1763 1775
f 1776 1764 1763
f 1437 1436 1776
f 1437 1776 1777
f 1438 1437 1777
f 1438 1777 1778
f 1766 1431 1439
f 1766 1439 1779
f 1779 1778 1765
f 1779 1765 1766
f 1781 1440 1441
f 1781 1780 1440
f 1783 1442 1443
f 1783 1782 1442
f 1772 1444 1433
f 1772 1784 1444
f 1784 1443 1444
f 1784 1783 1443
f 1785 1784 1772
f 1785 1772 1773
f 1786 1774 1435
f 1786 1435 1446
f 1787 1774 1786
f 1787 1775 1774
f 1788 1775 1787
f 1788 1776 1775
f 1789 1438 1778
f 1789 1449 1438
f 1790 1779 1439
f 1790 1439 1450
f 1450 1449 1789
f 1450 1789 1790
f 1789 1778 1779
f 1789 1779 1790
f 1792 1440 1780
f 1792 1451 1440
f 1793 1781 1441
f 1793 1441 1452
f 1797 1442 1782
f 1797 1454 1442
f 1797 1453 1454
f 1797 1796 1453
f 1798 1783 1784
f 1798 1784 1799
f 1799 1784 1785
f 1799 1785 1800
f 1786 1446 1458
f 1786 1458 1801
f 1458 1457 1800
f 1458 1800 1801
f 1802 1786 1801
f 1802 1787 1786
f 1792 1459 1451
f 1792 1804 1459
f 1803 1792 1791
f 1803 1804 1792
f 1805 1793 1452
f 1805 1452 1460
f 1805 1460 1459
f 1805 1459 1804
f 1806 1793 1805
f 1806 1794 1793
f 1806 1795 1794
f 1806 1807 1795
f 1796 1461 1453
f 1796 1808 1461
f 1809 1462 1461
f 1809 1461 1808
f 1463 1462 1809
f 1463 1809 1810
f 1464 1463 1810
f 1464 1810 1811
f 1800 1457 1465
f 1800 1465 1812
f 1465 1464 1811
f 1465 1811 1812
f 1813 1800 1812
f 1813 1801 1800
f 1814 1805 1804
f 1814 1815 1805
f 1815 1806 1805
f 1815 1816 1806
f 1817 1806 1816
f 1817 1807 1806
f 1818 1807 1817
f 1818 1808 1807
f 1818 1809 1808
f 1818 1819 1809
f 1820 1809 1819
f 1820 1810 1809
f 1820 1811 1810
f 1820 1821 1811
f 1822 1811 1821
f 1822 1812 1811
f 1822 1813 1812
f 1822 1823 1813
f 1825 1466 1467
f 1825 1824 1466
f 1824 1815 1814
f 1824 1825 1815
f 1468 1825 1467
f 1468 1826 1825
f 1826 1815 1825
f 1826 1816 1815
f 1827 1818 1817
f 1827 1828 1818
f 1829 1820 1819
f 1829 1830 1820
f 1831 1820 1830
f 1831 1821 1820
f 1832 1823 1822
f 1832 1833 1823
f 1834 1466 1824
f 1834 1469 1466
f 1470 1469 1834
f 1470 1834 1835
f 1834 1824 1825
f 1834 1825 1835
f 1836 1826 1468
f 1836 1468 1471
f 1471 1470 1835
f 1471 1835 1836
f 1837 1836 1835
f 1837 1838 1836
f 1843 1839 1842
f 1843 1840 1839
f 1845 1841 1844
f 1845 1842 1841
f 1845 1843 1842
f 1845 1846 1843
f 1848 1472 1473
f 1848 1847 1472
f 1474 1848 1473
f 1474 1849 1848
f 1851 1844 1850
f 1851 1845 1844
f 1851 1846 1845
f 1851 1852 1846
f 1856 1472 1847
f 1856 1480 1472
f 1480 1855 1479
f 1480 1856 1855
f 1857 1481 1480
f 1857 1480 1856
f 1858 1849 1474
f 1858 1474 1482
f 1483 1858 1482
f 1483 1859 1858
f 1484 1859 1483
f 1484 1860 1859
f 1860 1850 1859
f 1860 1851 1850
f 1861 1484 1485
f 1861 1860 1484
f 1862 1485 1486
f 1862 1861 1485
f 1861 1853 1852
f 1861 1862 1853
f 1487 1862 1486
f 1487 1863 1862
f 1862 1854 1853
f 1862 1863 1854
f 1864 1487 1488
f 1864 1863 1487
f 1855 1489 1479
f 1855 1866 1489
f 1856 1480 1490
f 1856 1490 1867
f 1867 1866 1855
f 1867 1855 1856
f 1857 1491 1481
f 1857 1868 1491
f 1868 1490 1491
f 1868 1867 1490
f 1864 1488 1494
f 1864 1494 1869
f 1870 1494 1495
f 1870 1869 1494
f 1873 1489 1866
f 1873 1497 1489
f 1873 1865 1872
f 1873 1866 1865
f 1874 1498 1497
f 1874 1497 1873
f 1876 1500 1499
f 1876 1499 1875
f 1870 1495 1504
f 1870 1504 1877
f 1878 1504 1505
f 1878 1877 1504
f 1879 1872 1871
f 1879 1880 1872
f 1880 1873 1872
f 1880 1881 1873
f 1874 1507 1498
f 1874 1882 1507
f 1881 1874 1873
f 1881 1882 1874
f 1875 1499 1508
f 1875 1508 1883
f 1884 1500 1876
f 1884 1509 1500
f 1884 1508 1509
f 1884 1883 1508
f 1878 1505 1513
f 1878 1513 1886
f 1888 1880 1887
f 1888 1881 1880
f 1882 1515 1507
f 1882 1889 1515
f 1886 1513 1520
f 1886 1520 1893
f 1893 1892 1885
f 1893 1885 1886
f 1894 1515 1889
f 1894 1523 1515
f 1895 1890 1891
f 1895 1891 1896
f 1526 1525 1897
f 1526 1897 1898
f 1900 1528 1527
f 1900 1527 1899
f 1893 1520 1530
f 1893 1530 1901
f 1894 1533 1523
f 1894 1904 1533
f 1897 1525 1535
f 1897 1535 1906
f 1905 1896 1897
f 1905 1897 1906
f 1898 1536 1526
f 1898 1907 1536
f 1536 1906 1535
f 1536 1907 1906
f 1907 1897 1906
f 1907 1898 1897
f 1899 1527 1537
f 1899 1537 1908
f 1908 1907 1898
f 1908 1898 1899
f 1900 1538 1528
f 1900 1909 1538
f 1909 1537 1538
f 1909 1908 1537
f 1908 1900 1899
f 1908 1909 1900
f 1910 1901 1530
f 1910 1530 1539
f 1911 1903 1902
f 1911 1912 1903
f 1904 1542 1533
f 1904 1914 1542
f 1544 1543 1915
f 1544 1915 1916
f 1921 1548 1547
f 1921 1547 1920
f 1549 1548 1921
f 1549 1921 1922
f 1910 1539 1550
f 1910 1550 1923
f 1924 1550 1551
f 1924 1923 1550
f 1925 1911 1924
f 1925 1912 1911
f 1925 1913 1912
f 1925 1926 1913
f 1927 1552 1553
f 1927 1926 1552
f 1554 1927 1553
f 1554 1928 1927
f 1914 1555 1542
f 1914 1929 1555
f 1915 1543 1556
f 1915 1556 1930
f 1930 1556 1555
f 1930 1555 1929
f 1931 1544 1916
f 1931 1557 1544
f 1931 1915 1930
f 1931 1916 1915
f 1932 1558 1557
f 1932 1557 1931
f 1931 1916 1917
f 1931 1917 1932
f 1933 1559 1558
f 1933 1558 1932
f 1560 1559 1933
f 1560 1933 1934
f 1933 1918 1919
f 1933 1919 1934
f 1935 1561 1560
f 1935 1560 1934
f 1920 1547 1562
f 1920 1562 1936
f 1937 1562 1563
f 1937 1936 1562
f 1936 1921 1920
f 1936 1937 1921
f 1938 1549 1922
f 1938 1564 1549
f 1938 1563 1564
f 1938 1937 1563
f 1937 1922 1921
f 1937 1938 1922
f 1939 1938 1922
f 1939 1922 1923
f 1940 1924 1551
f 1940 1551 1566
f 1567 1940 1566
f 1567 1941 1940
f 1940 1925 1924
f 1940 1941 1925
f 1942 1552 1926
f 1942 1568 1552
f 1942 1567 1568
f 1942 1941 1567
f 1941 1926 1925
f 1941 1942 1926
f 1943 1569 1568
f 1943 1568 1942
f 1944 1928 1554
f 1944 1554 1570
f 1949 1561 1935
f 1949 1575 1561
f 1949 1574 1575
f 1949 1948 1574
f 1948 1935 1934
f 1948 1949 1935
f 1952 1577 1576
f 1952 1576 1951
f 1578 1577 1952
f 1578 1952 1953
f 1952 1938 1939
f 1952 1939 1953
f 1579 1578 1953
f 1579 1953 1954
f 1955 1580 1579
f 1955 1579 1954
f 1942 1568 1581
f 1942 1581 1956
f 1956 1581 1580
f 1956 1580 1955
f 1943 1582 1569
f 1943 1957 1582
f 1956 1943 1942
f 1956 1957 1943
f 1944 1570 1583
f 1944 1583 1958
f 1583 1582 1957
f 1583 1957 1958
f 1959 1946 1945
f 1959 1960 1946
f 1585 1965 1584
f 1585 1966 1965
f 1967 1574 1948
f 1967 1586 1574
f 1967 1585 1586
f 1967 1966 1585
f 1967 1947 1966
f 1967 1948 1947
f 1588 1587 1968
f 1588 1968 1969
f 1970 1951 1576
f 1970 1576 1589
f 1970 1589 1588
f 1970 1588 1969
f 1970 1969 1950
f 1970 1950 1951
f 1973 1955 1972
f 1973 1956 1955
f 1974 1956 1973
f 1974 1957 1956
f 1974 1958 1957
f 1974 1975 1958
f 1976 1962 1961
f 1976 1977 1962
f 1594 1977 1593
f 1594 1978 1977
f 1978 1964 1963
f 1978 1979 1964
f 1980 1584 1965
f 1980 1596 1584
f 1980 1595 1596
f 1980 1979 1595
f 1598 1597 1981
f 1598 1981 1982
f 1968 1587 1599
f 1968 1599 1983
f 1599 1598 1982
f 1599 1982 1983
f 1984 1968 1983
f 1984 1969 1968
f 1987 1971 1986
f 1987 1972 1971
f 1988 1972 1987
f 1988 1973 1972
f 1990 1603 1604
f 1990 1989 1603
f 1605 1990 1604
f 1605 1991 1990
f 1606 1991 1605
f 1606 1992 1991
f 1995 1593 1977
f 1995 1608 1593
f 1995 1607 1608
f 1995 1994 1607
f 1995 1976 1994
f 1995 1977 1976
f 1996 1978 1594
f 1996 1594 1609
f 1997 1595 1979
f 1997 1610 1595
f 1610 1996 1609
f 1610 1997 1996
f 1996 1979 1978
f 1996 1997 1979
f 1998 1997 1979
f 1998 1979 1980
f 1981 1597 1612
f 1981 1612 1999
f 1999 1982 1981
f 1999 2000 1982
f 2001 1982 2000
f 2001 1983 1982
f 2001 1984 1983
f 2001 2002 1984
f 2002 1985 1984
f 2002 2003 1985
f 1989 1613 1603
f 1989 2005 1613
f 2006 1990 1991
f 2006 1991 2007
f 2008 1992 1606
f 2008 1606 1616
f 1617 2008 1616
f 1617 2009 2008
f 2010 1607 1994
f 2010 1618 1607
f 2010 1617 1618
f 2010 2009 1617
f 2010 1993 2009
f 2010 1994 1993
f 1999 1612 1623
f 1999 1623 2011
f 2012 1999 2011
f 2012 2000 1999
f 2013 2002 2001
f 2013 2014 2002
f 2015 2002 2014
f 2015 2003 2002
f 2005 1624 1613
f 2005 2017 1624
f 2016 2005 2004
f 2016 2017 2005
f 1628 1627 2018
f 1628 2018 2019
f 1633 1632 2020
f 1633 2020 2021
f 2011 1623 1634
f 2011 1634 2022
f 2023 2011 2022
f 2023 2012 2011
f 2025 2013 2024
f 2025 2014 2013
f 2026 1624 2017
f 2026 1635 1624
f 2027 1636 1635
f 2027 1635 2026
f 2018 1627 1638
f 2018 1638 2029
f 2019 1639 1628
f 2019 2030 1639
f 2032 1641 1640
f 2032 1640 2031
f 2020 1632 1643
f 2020 1643 2034
f 1643 1642 2033
f 1643 2033 2034
f 2021 1644 1633
f 2021 2035 1644
f 2035 2020 2034
f 2035 2021 2020
f 2036 2022 1634
f 2036 1634 1645
f 2036 1645 1644
f 2036 1644 2035
f 2036 2035 2021
f 2036 2021 2022
f 2037 1636 2027
f 2037 1646 1636
f 1647 1646 2037
f 1647 2037 2038
f 2037 2027 2028
f 2037 2028 2038
f 2039 2029 1638
f 2039 1638 1648
f 2039 2038 2028
f 2039 2028 2029
f 2040 1639 2030
f 2040 1649 1639
f 2040 2029 2039
f 2040 2030 2029
f 2031 1640 1650
f 2031 1650 2041
f 2041 1650 1649
f 2041 1649 2040
f 2032 1651 1641
f 2032 2042 1651
f 2033 1642 1652
f 2033 1652 2043
f 1652 1651 2042
f 1652 2042 2043
f 2042 2032 2033
f 2042 2033 2043
f 2044 2033 2043
f 2044 2034 2033
f 2045 1647 2038
f 2045 1654 1647
f 2046 2039 1648
f 2046 1648 1655
f 1655 1654 2045
f 1655 2045 2046
f 2046 2045 2038
f 2046 2038 2039
f 2049 2048 2047
f 2049 2050 2048
f 2052 2049 2051
f 2052 2050 2049
f 2056 1656 1657
f 2056 2055 1656
f 1658 2056 1657
f 1658 2057 2056
f 1661 2059 1660
f 1661 2060 2059
f 2059 2052 2051
f 2059 2060 2052
f 2061 2054 2053
f 2061 2062 2054
f 2063 1663 1664
f 2063 2062 1663
f 2065 1656 2055
f 2065 1666 1656
f 2065 1665 1666
f 2065 2064 1665
f 2067 2057 1658
f 2067 1658 1668
f 1669 2067 1668
f 1669 2068 2067
f 2067 2058 2057
f 2067 2068 2058
f 2069 1660 2059
f 2069 1670 1660
f 1670 2068 1669
f 1670 2069 2068
f 2070 2060 1661
f 2070 1661 1671
f 2071 1671 1672
f 2071 2070 1671
f 2070 2061 2060
f 2070 2071 2061
f 2072 1663 2062
f 2072 1673 1663
f 1673 2071 1672
f 1673 2072 2071
f 2072 2061 2071
f 2072 2062 2061
f 2073 2063 1664
f 2073 1664 1674
f 2072 2062 2063
f 2072 2063 2073
f 2074 1674 1675
f 2074 2073 1674
f 2076 1665 2064
f 2076 1677 1665
f 2076 1676 1677
f 2076 2075 1676
f 1678 1677 2076
f 1678 2076 2077
f 2078 2077 2065
f 2078 2065 2066
f 1680 1679 2079
f 1680 2079 2080
f 2082 2074 1675
f 2082 1675 1682
f 2081 2073 2074
f 2081 2074 2082
f 2075 1685 1676
f 2075 2083 1685
f 2084 2076 1677
f 2084 1677 1686
f 2084 1686 1685
f 2084 1685 2083
f 2085 1678 2077
f 2085 1687 1678
f 2085 2076 2084
f 2085 2077 2076
f 2086 2079 1679
f 2086 1679 1688
f 2087 1680 2080
f 2087 1689 1680
f 2087 1688 1689
f 2087 2086 1688
f 2086 2080 2079
f 2086 2087 2080
f 2082 1682 1690
f 2082 1690 2088
f 2089 1690 1691
f 2089 2088 1690
f 2090 2084 2083
f 2090 2091 2084
f 2085 1694 1687
f 2085 2092 1694
f 2092 2084 2091
f 2092 2085 2084
f 2089 1691 1698
f 2089 1698 2094
f 2094 1698 1697
f 2094 1697 2093
f 2096 2090 2095
f 2096 2091 2090
f 2097 1694 2092
f 2097 1701 1694
f 2098 2093 1697
f 2098 1697 1706
f 1707 2098 1706
f 1707 2099 2098
f 2097 1711 1701
f 2097 2102 1711
f 2104 1714 1713
f 2104 1713 2103
f 2107 1717 1716
f 2107 1716 2106
f 2099 1707 1720
f 2099 1720 2108
f 2112 2101 2100
f 2112 2113 2101
f 2102 1723 1711
f 2102 2114 1723
f 2115 1724 1723
f 2115 1723 2114
f 2116 2103 1713
f 2116 1713 1725
f 2104 1726 1714
f 2104 2117 1726
f 1726 2116 1725
f 1726 2117 2116
f 2116 2104 2103
f 2116 2117 2104
f 2119 2106 1716
f 2119 1716 1728
f 2119 2118 2105
f 2119 2105 2106
f 2107 1729 1717
f 2107 2120 1729
f 2120 1728 1729
f 2120 2119 1728
f 2120 2106 2119
f 2120 2107 2106
f 2108 1720 1730
f 2108 1730 2121
f 2123 2109 2122
f 2123 2110 2109
f 2123 2111 2110
f 2123 2124 2111
f 2115 1733 1724
f 2115 2126 1733
f 2125 2115 2114
f 2125 2126 2115
f 2127 1734 1733
f 2127 1733 2126
f 1738 1737 2131
f 1738 2131 2132
f 2134 1740 1739
f 2134 1739 2133
f 2135 2121 1730
f 2135 1730 1741
f 1742 2135 1741
f 1742 2136 2135
f 1743 2136 1742
f 1743 2137 2136
f 2137 2122 2136
f 2137 2123 2122
f 1744 2137 1743
f 1744 2138 2137
f 2137 2124 2123
f 2137 2138 2124
f 1746 2139 1745
f 1746 2140 2139
f 2143 2125 2142
f 2143 2126 2125
f 2144 1734 2127
f 2144 1747 1734
f 1748 1747 2144
f 1748 2144 2145
f 2144 2127 2128
f 2144 2128 2145
f 1749 1748 2145
f 1749 2145 2146
f 2147 1750 1749
f 2147 1749 2146
f 2146 2129 2130
f 2146 2130 2147
f 2148 2131 1737
f 2148 1737 1751
f 2132 1752 1738
f 2132 2149 1752
f 1752 2148 1751
f 1752 2149 2148
f 2149 2131 2148
f 2149 2132 2131
f 2133 1739 1753
f 2133 1753 2150
f 2134 1754 1740
f 2134 2151 1754
f 2151 1753 1754
f 2151 2150 1753
f 2150 2134 2133
f 2150 2151 2134
f 2152 2151 2134
f 2152 2134 2135
f 2153 2152 2135
f 2153 2135 2136
f 2154 2138 1744
f 2154 1744 1758
f 2155 1745 2139
f 2155 1759 1745
f 1759 2154 1758
f 1759 2155 2154
f 2154 2139 2138
f 2154 2155 2139
f 2140 1746 1760
f 2140 1760 2156
f 1760 1759 2155
f 1760 2155 2156
f 2157 2140 2156
f 2157 2141 2140
f 2147 1763 1750
f 2147 2161 1763
f 2162 2161 2147
f 2162 2147 2148
f 2165 1766 1765
f 2165 1765 2164
f 1767 1766 2165
f 1767 2165 2166
f 2165 2151 2152
f 2165 2152 2166
f 1768 1767 2166
f 1768 2166 2167
f 1769 1768 2167
f 1769 2167 2168
f 2169 1770 1769
f 2169 1769 2168
f 2155 1759 1771
f 2155 1771 2170
f 1771 1770 2169
f 1771 2169 2170
f 2171 2155 2170
f 2171 2156 2155
f 2172 2159 2158
f 2172 2173 2159
f 1774 2178 1773
f 1774 2179 2178
f 2180 1763 2161
f 2180 1775 1763
f 2180 1774 1775
f 2180 2179 1774
f 2180 2160 2179
f 2180 2161 2160
f 1777 1776 2181
f 1777 2181 2182
f 2183 2164 1765
f 2183 1765 1778
f 2183 1778 1777
f 2183 1777 2182
f 2183 2182 2163
f 2183 2163 2164
f 2184 2169 2168
f 2184 2185 2169
f 2186 2169 2185
f 2186 2170 2169
f 2186 2171 2170
f 2186 2187 2171
f 2190 1780 1781
f 2190 2189 1780
f 2192 2174 2191
f 2192 2175 2174
f 2193 1782 1783
f 2193 2192 1782
f 2193 2175 2192
f 2193 2176 2175
f 2193 2177 2176
f 2193 2194 2177
f 2195 1773 2178
f 2195 1785 1773
f 2181 1776 1788
f 2181 1788 2197
f 1788 1787 2196
f 1788 2196 2197
f 2198 2181 2197
f 2198 2182 2181
f 2199 2182 2198
f 2199 2183 2182
f 2201 2184 2200
f 2201 2185 2184
f 2204 1780 2189
f 2204 1792 1780
f 2204 1791 1792
f 2204 2203 1791
f 2204 2188 2203
f 2204 2189 2188
f 2190 1781 1793
f 2190 1793 2205
f 2204 2189 2190
f 2204 2190 2205
f 1794 2205 1793
f 1794 2206 2205
f 1795 2206 1794
f 1795 2207 2206
f 2209 1782 2192
f 2209 1797 1782
f 2209 1796 1797
f 2209 2208 1796
f 2209 2191 2208
f 2209 2192 2191
f 2210 2193 1783
f 2210 1783 1798
f 2211 1798 1799
f 2211 2210 1798
f 2210 2194 2193
f 2210 2211 2194
f 2212 1785 2195
f 2212 1800 1785
f 2212 1799 1800
f 2212 2211 1799
f 2212 2194 2211
f 2212 2195 2194
f 2196 1787 1802
f 2196 1802 2214
f 1802 1801 2213
f 1802 2213 2214
f 2215 2196 2214
f 2215 2197 2196
f 2215 2198 2197
f 2215 2216 2198
f 2216 2199 2198
f 2216 2217 2199
f 2219 1791 2203
f 2219 1803 1791
f 2218 2203 2202
f 2218 2219 2203
f 2220 1804 1803
f 2220 1803 2219
f 2221 2207 1795
f 2221 1795 1807
f 2222 1796 2208
f 2222 1808 1796
f 2222 1807 1808
f 2222 2221 1807
f 2222 2207 2221
f 2222 2208 2207
f 2213 1801 1813
f 2213 1813 2223
f 2224 2213 2223
f 2224 2214 2213
f 2225 2216 2215
f 2225 2226 2216
f 2227 2216 2226
f 2227 2217 2216
f 2220 1814 1804
f 2220 2229 1814
f 2228 2220 2219
f 2228 2229 2220
f 2231 1817 1816
f 2231 1816 2230
f 2233 1819 1818
f 2233 1818 2232
f 1822 1821 2234
f 1822 2234 2235
f 2223 1813 1823
f 2223 1823 2236
f 2237 2223 2236
f 2237 2224 2223
f 2238 1814 2229
f 2238 1824 1814
f 2239 1825 1824
f 2239 1824 2238
f 2230 1816 1826
f 2230 1826 2240
f 2231 1827 1817
f 2231 2241 1827
f 2232 1818 1828
f 2232 1828 2242
f 2242 1828 1827
f 2242 1827 2241
f 2233 1829 1819
f 2233 2243 1829
f 2243 2232 2242
f 2243 2233 2232
f 2244 1830 1829
f 2244 1829 2243
f 2234 1821 1831
f 2234 1831 2245
f 1831 1830 2244
f 1831 2244 2245
f 2235 1832 1822
f 2235 2246 1832
f 2246 2234 2245
f 2246 2235 2234
f 2247 2236 1823
f 2247 1823 1833
f 2247 1833 1832
f 2247 1832 2246
f 2247 2246 2235
f 2247 2235 2236
f 2248 1825 2239
f 2248 1835 1825
f 2249 2240 1826
f 2249 1826 1836
f 2249 2248 2239
f 2249 2239 2240
f 2250 2240 2249
f 2250 2241 2240
f 2251 2241 2250
f 2251 2242 2241
f 2248 1837 1835
f 2248 2252 1837
f 2253 2249 1836
f 2253 1836 1838
f 1838 1837 2252
f 1838 2252 2253
f 2253 2252 2248
f 2253 2248 2249
f 2256 1839 1840
f 2256 2255 1839
f 2258 1839 2255
f 2258 1842 1839
f 2258 1841 1842
f 2258 2257 1841
f 2258 2254 2257
f 2258 2255 2254
f 2259 2256 1840
f 2259 1840 1843
f 2260 1841 2257
f 2260 1844 1841
f 2261 2259 1843
f 2261 1843 1846
f 1848 2264 1847
f 1848 2265 2264
f 1849 2265 1848
f 1849 2266 2265
f 2260 1850 1844
f 2260 2267 1850
f 2261 1846 1852
f 2261 1852 2269
f 1852 1851 2268
f 1852 2268 2269
f 1853 2269 1852
f 1853 2270 2269
f 1854 2270 1853
f 1854 2271 2270
f 2271 2262 2270
f 2271 2263 2262
f 2264 1856 1847
f 2264 2273 1856
f 1857 1856 2273
f 1857 2273 2274
f 2274 2273 2264
f 2274 2264 2265
f 2275 2266 1849
f 2275 1849 1858
f 2276 1850 2267
f 2276 1859 1850
f 1859 2275 1858
f 1859 2276 2275
f 2276 2266 2275
f 2276 2267 2266
f 2277 2268 1851
f 2277 1851 1860
f 2278 1852 2269
f 2278 1861 1852
f 1861 2277 1860
f 1861 2278 2277
f 2277 2269 2268
f 2277 2278 2269
f 2279 2278 2269
f 2279 2269 2270
f 2280 2271 1854
f 2280 1854 1863
f 2281 1863 1864
f 2281 2280 1863
f 2283 1865 1866
f 2283 2282 1865
f 2284 1866 1867
f 2284 2283 1866
f 2284 2272 2283
f 2284 2273 2272
f 2285 1857 2274
f 2285 1868 1857
f 2285 1867 1868
f 2285 2284 1867
f 2285 2273 2284
f 2285 2274 2273
f 2281 1864 1869
f 2281 1869 2287
f 2286 2280 2281
f 2286 2281 2287
f 2288 1869 1870
f 2288 2287 1869
f 2282 1872 1865
f 2282 2290 1872
f 1872 2289 1871
f 1872 2290 2289
f 2291 2290 2282
f 2291 2282 2283
f 1876 1875 2292
f 1876 2292 2293
f 2288 1870 1877
f 2288 1877 2295
f 2296 1877 1878
f 2296 2295 1877
f 2289 1879 1871
f 2289 2297 1879
f 2298 1880 1879
f 2298 1879 2297
f 2298 2297 2289
f 2298 2289 2290
f 1882 1881 2299
f 1882 2299 2300
f 2292 1875 1883
f 2292 1883 2301
f 2293 1884 1876
f 2293 2302 1884
f 1884 2301 1883
f 1884 2302 2301
f 2301 2293 2292
f 2301 2302 2293
f 2303 2294 2295
f 2303 2295 2304
f 2296 1878 1886
f 2296 1886 2305
f 2305 1886 1885
f 2305 1885 2304
f 2304 2295 2296
f 2304 2296 2305
f 2298 1887 1880
f 2298 2309 1887
f 2308 2298 2297
f 2308 2309 2298
f 2299 1881 1888
f 2299 1888 2310
f 2310 1888 1887
f 2310 1887 2309
f 2300 1889 1882
f 2300 2311 1889
f 2311 2299 2310
f 2311 2300 2299
f 1891 1890 2312
f 1891 2312 2313
f 2314 2304 1885
f 2314 1885 1892
f 1893 2314 1892
f 1893 2315 2314
f 2314 2305 2304
f 2314 2315 2305
f 2317 2307 2306
f 2317 2318 2307
f 2311 1894 1889
f 2311 2322 1894
f 2322 2310 2321
f 2322 2311 2310
f 2312 1890 1895
f 2312 1895 2325
f 2326 1891 2313
f 2326 1896 1891
f 2326 1895 1896
f 2326 2325 1895
f 2325 2313 2312
f 2325 2326 2313
f 2327 1897 1896
f 2327 1896 2326
f 2329 1899 1898
f 2329 1898 2328
f 2315 1893 1901
f 2315 1901 2331
f 1903 2332 1902
f 1903 2333 2332
f 2334 2316 2333
f 2334 2317 2316
f 2335 2317 2334
f 2335 2318 2317
f 2335 2319 2318
f 2335 2336 2319
f 2338 2320 2337
f 2338 2321 2320
f 2322 1904 1894
f 2322 2339 1904
f 2338 2322 2321
f 2338 2339 2322
f 2340 2323 2324
f 2340 2324 2341
f 2342 2326 1896
f 2342 1896 1905
f 2327 1906 1897
f 2327 2343 1906
f 1906 2342 1905
f 1906 2343 2342
f 2342 2327 2326
f 2342 2343 2327
f 2328 1898 1907
f 2328 1907 2344
f 2344 2343 2327
f 2344 2327 2328
f 2345 1899 2329
f 2345 1908 1899
f 2345 1907 1908
f 2345 2344 1907
f 2345 2328 2344
f 2345 2329 2328
f 2347 2331 1901
f 2347 1901 1910
f 2346 2330 2331
f 2346 2331 2347
f 2348 1902 2332
f 2348 1911 1902
f 2349 2333 1903
f 2349 1903 1912
f 1913 2349 1912
f 1913 2350 2349
f 2353 1904 2339
f 2353 1914 1904
f 1917 1916 2355
f 1917 2355 2356
f 1919 1918 2357
f 1919 2357 2358
f 2360 2347 1910
f 2360 1910 1923
f 1923 1922 2359
f 1923 2359 2360
f 2361 1911 2348
f 2361 1924 1911
f 2361 1923 1924
f 2361 2360 1923
f 2362 2350 1913
f 2362 1913 1926
f 1927 2362 1926
f 1927 2363 2362
f 2364 1927 1928
f 2364 2363 1927
f 2363 2352 2351
f 2363 2364 2352
f 2369 1914 2353
f 2369 1929 1914
f 1930 1929 2369
f 1930 2369 2370
f 2369 2353 2354
f 2369 2354 2370
f 2355 1916 1931
f 2355 1931 2371
f 1931 1930 2370
f 1931 2370 2371
f 2356 1932 1917
f 2356 2372 1932
f 2371 2356 2355
f 2371 2372 2356
f 2357 1918 1933
f 2357 1933 2373
f 2373 1933 1932
f 2373 1932 2372
f 2374 1919 2358
f 2374 1934 1919
f 2374 2357 2373
f 2374 2358 2357
f 2359 1922 1938
f 2359 1938 2377
f 2378 1923 2360
f 2378 1939 1923
f 2378 2359 2377
f 2378 2360 2359
f 2379 2364 1928
f 2379 1928 1944
f 2380 2366 2365
f 2380 2381 2366
f 1946 2381 1945
f 1946 2382 2381
f 2382 2366 2381
f 2382 2367 2366
f 2383 2367 2382
f 2383 2368 2367
f 2384 2373 2372
f 2384 2385 2373
f 2386 1934 2374
f 2386 1948 1934
f 2386 1947 1948
f 2386 2385 1947
f 2386 2373 2385
f 2386 2374 2373
f 2388 1951 1950
f 2388 1950 2387
f 2388 2387 2375
f 2388 2375 2376
f 2377 1938 1952
f 2377 1952 2389
f 1952 1951 2388
f 1952 2388 2389
f 2389 2388 2376
f 2389 2376 2377
f 2378 1953 1939
f 2378 2390 1953
f 2389 2378 2377
f 2389 2390 2378
f 2391 1954 1953
f 2391 1953 2390
f 2392 1955 1954
f 2392 1954 2391
f 2379 1944 1958
f 2379 1958 2393
f 2381 1959 1945
f 2381 2395 1959
f 2394 2381 2380
f 2394 2395 2381
f 2396 2382 1946
f 2396 1946 1960
f 2396 1960 1959
f 2396 1959 2395
f 2397 2382 2396
f 2397 2383 2382
f 2400 1961 1962
f 2400 2399 1961
f 2402 1963 1964
f 2402 2401 1963
f 2404 1947 2385
f 2404 1966 1947
f 2404 1965 1966
f 2404 2403 1965
f 2404 2384 2403
f 2404 2385 2384
f 2407 2387 1950
f 2407 1950 1969
f 2408 2390 2389
f 2408 2409 2390
f 2409 2391 2390
f 2409 2410 2391
f 2392 1972 1955
f 2392 2411 1972
f 2411 1971 1972
f 2411 2410 1971
f 2411 2391 2410
f 2411 2392 2391
f 1974 1973 2412
f 1974 2412 2413
f 2393 1958 1975
f 2393 1975 2414
f 1975 1974 2413
f 1975 2413 2414
f 2415 2396 2395
f 2415 2416 2396
f 2416 2397 2396
f 2416 2417 2397
f 2419 1961 2399
f 2419 1976 1961
f 2418 2399 2398
f 2418 2419 2399
f 2420 2400 1962
f 2420 1962 1977
f 2419 2399 2400
f 2419 2400 2420
f 2421 1963 2401
f 2421 1978 1963
f 2421 1977 1978
f 2421 2420 1977
f 2422 2402 1964
f 2422 1964 1979
f 2423 1965 2403
f 2423 1980 1965
f 2423 2403 2404
f 2423 2404 2424
f 2426 2425 2405
f 2426 2405 2406
f 2407 1969 1984
f 2407 1984 2427
f 1985 2427 1984
f 1985 2428 2427
f 2430 2408 2429
f 2430 2409 2408
f 2410 1986 1971
f 2410 2431 1986
f 2431 2409 2430
f 2431 2410 2409
f 2432 1987 1986
f 2432 1986 2431
f 2412 1973 1988
f 2412 1988 2433
f 1988 1987 2432
f 1988 2432 2433
f 2436 1989 1990
f 2436 2435 1989
f 2435 2417 2416
f 2435 2436 2417
f 1992 2437 1991
f 1992 2438 2437
f 2440 1976 2419
f 2440 1994 1976
f 2440 1993 1994
f 2440 2439 1993
f 2443 2422 1979
f 2443 1979 1997
f 2423 1998 1980
f 2423 2444 1998
f 1998 2443 1997
f 1998 2444 2443
f 2445 2424 2425
f 2445 2425 2446
f 2001 2000 2446
f 2001 2446 2447
f 2447 2446 2425
f 2447 2425 2426
f 2448 2447 2426
f 2448 2426 2427
f 2449 2428 1985
f 2449 1985 2003
f 2449 2429 2428
f 2449 2450 2429
f 2451 2429 2450
f 2451 2430 2429
f 2452 2430 2451
f 2452 2431 2430
f 2453 2431 2452
f 2453 2432 2431
f 2454 2432 2453
f 2454 2433 2432
f 2456 1989 2435
f 2456 2005 1989
f 2456 2004 2005
f 2456 2455 2004
f 2456 2434 2455
f 2456 2435 2434
f 2436 1990 2006
f 2436 2006 2457
f 2437 2007 1991
f 2437 2458 2007
f 2007 2457 2006
f 2007 2458 2457
f 2438 1992 2008
f 2438 2008 2459
f 2459 2458 2437
f 2459 2437 2438
f 2439 2009 1993
f 2439 2460 2009
f 2460 2008 2009
f 2460 2459 2008
f 2460 2439 2440
f 2460 2440 2461
f 2463 2462 2441
f 2463 2441 2442
f 2446 2000 2012
f 2446 2012 2464
f 2465 2001 2447
f 2465 2013 2001
f 2449 2003 2015
f 2449 2015 2467
f 2015 2014 2466
f 2015 2466 2467
f 2468 2449 2467
f 2468 2450 2449
f 2469 2004 2455
f 2469 2016 2004
f 2470 2017 2016
f 2470 2016 2469
f 2472 2458 2459
f 2472 2459 2473
f 2019 2018 2473
f 2019 2473 2474
f 2473 2459 2460
f 2473 2460 2474
f 2474 2460 2461
f 2474 2461 2475
f 2476 2475 2461
f 2476 2461 2462
f 2022 2021 2477
f 2022 2477 2478
f 2464 2012 2023
f 2464 2023 2479
f 2023 2022 2478
f 2023 2478 2479
f 2465 2024 2013
f 2465 2480 2024
f 2466 2014 2025
f 2466 2025 2481
f 2025 2024 2480
f 2025 2480 2481
f 2482 2466 2481
f 2482 2467 2466
f 2483 2017 2470
f 2483 2026 2017
f 2484 2027 2026
f 2484 2026 2483
f 2483 2470 2471
f 2483 2471 2484
f 2028 2027 2484
f 2028 2484 2485
f 2485 2484 2471
f 2485 2471 2472
f 2486 2473 2018
f 2486 2018 2029
f 2486 2029 2028
f 2486 2028 2485
f 2485 2472 2473
f 2485 2473 2486
f 2487 2019 2474
f 2487 2030 2019
f 2030 2486 2029
f 2030 2487 2486
f 2489 2032 2031
f 2489 2031 2488
f 2488 2475 2476
f 2488 2476 2489
f 2490 2033 2032
f 2490 2032 2489
f 2477 2021 2035
f 2477 2035 2492
f 2492 2035 2034
f 2492 2034 2491
f 2493 2477 2492
f 2493 2478 2477
f 2494 2029 2486
f 2494 2039 2029
f 2040 2039 2494
f 2040 2494 2495
f 2496 2488 2031
f 2496 2031 2041
f 2496 2041 2040
f 2496 2040 2495
f 2496 2495 2487
f 2496 2487 2488
f 2497 2033 2490
f 2497 2043 2033
f 2491 2034 2044
f 2491 2044 2498
f 2044 2043 2497
f 2044 2497 2498
f 2497 2490 2491
f 2497 2491 2498
f 2499 2491 2498
f 2499 2492 2491
f 2499 2493 2492
f 2499 2500 2493
f 2501 2499 2498
f 2501 2502 2499
f 2503 2499 2502
f 2503 2500 2499
f 2505 2047 2048
f 2505 2504 2047
f 2506 2047 2504
f 2506 2049 2047
f 2507 2505 2048
f 2507 2048 2050
f 2506 2051 2049
f 2506 2509 2051
f 2507 2050 2052
f 2507 2052 2510
f 2054 2511 2053
f 2054 2512 2511
f 2056 2513 2055
f 2056 2514 2513
f 2057 2514 2056
f 2057 2515 2514
f 2058 2515 2057
f 2058 2516 2515
f 2517 2051 2509
f 2517 2059 2051
f 2517 2508 2516
f 2517 2509 2508
f 2518 2510 2052
f 2518 2052 2060
f 2519 2053 2511
f 2519 2061 2053
f 2061 2518 2060
f 2061 2519 2518
f 2520 2512 2054
f 2520 2054 2062
f 2513 2065 2055
f 2513 2523 2065
f 2065 2522 2064
f 2065 2523 2522
f 2066 2065 2523
f 2066 2523 2524
f 2524 2523 2513
f 2524 2513 2514
f 2525 2516 2058
f 2525 2058 2068
f 2526 2059 2517
f 2526 2069 2059
f 2069 2525 2068
f 2069 2526 2525
f 2525 2517 2516
f 2525 2526 2517
f 2520 2062 2072
f 2520 2072 2527
f 2073 2527 2072
f 2073 2528 2527
f 2527 2521 2520
f 2527 2528 2521
f 2530 2064 2522
f 2530 2076 2064
f 2530 2075 2076
f 2530 2529 2075
f 2531 2523 2065
f 2531 2065 2077
f 2532 2066 2524
f 2532 2078 2066
f 2078 2531 2077
f 2078 2532 2531
f 2532 2523 2531
f 2532 2524 2523
f 2528 2073 2081
f 2528 2081 2535
f 2535 2534 2527
f 2535 2527 2528
f 2536 2081 2082
f 2536 2535 2081
f 2529 2083 2075
f 2529 2537 2083
f 2538 2537 2529
f 2538 2529 2530
f 2540 2539 2533
f 2540 2533 2534
f 2536 2082 2088
f 2536 2088 2542
f 2543 2088 2089
f 2543 2542 2088
f 2537 2090 2083
f 2537 2544 2090
f 2546 2092 2091
f 2546 2091 2545
f 2548 2547 2541
f 2548 2541 2542
f 2543 2089 2094
f 2543 2094 2549
f 2549 2094 2093
f 2549 2093 2548
f 2544 2095 2090
f 2544 2553 2095
f 2545 2091 2096
f 2545 2096 2554
f 2554 2096 2095
f 2554 2095 2553
f 2546 2097 2092
f 2546 2555 2097
f 2555 2545 2554
f 2555 2546 2545
f 2556 2548 2093
f 2556 2093 2098
f 2099 2556 2098
f 2099 2557 2556
f 2556 2549 2548
f 2556 2557 2549
f 2558 2551 2550
f 2558 2559 2551
f 2101 2559 2100
f 2101 2560 2559
f 2559 2552 2551
f 2559 2560 2552
f 2562 2553 2561
f 2562 2554 2553
f 2555 2102 2097
f 2555 2563 2102
f 2562 2555 2554
f 2562 2563 2555
f 2567 2106 2105
f 2567 2105 2566
f 2569 2557 2099
f 2569 2099 2108
f 2571 2109 2110
f 2571 2570 2109
f 2111 2571 2110
f 2111 2572 2571
f 2559 2112 2100
f 2559 2573 2112
f 2573 2558 2572
f 2573 2559 2558
f 2574 2560 2101
f 2574 2101 2113
f 2574 2113 2112
f 2574 2112 2573
f 2575 2562 2561
f 2575 2576 2562
f 2577 2102 2563
f 2577 2114 2102
f 2576 2563 2562
f 2576 2577 2563
f 2578 2564 2565
f 2578 2565 2579
f 2566 2105 2118
f 2566 2118 2580
f 2567 2119 2106
f 2567 2581 2119
f 2581 2118 2119
f 2581 2580 2118
f 2580 2567 2566
f 2580 2581 2567
f 2569 2108 2121
f 2569 2121 2583
f 2582 2568 2569
f 2582 2569 2583
f 2570 2122 2109
f 2570 2584 2122
f 2585 2572 2111
f 2585 2111 2124
f 2587 2114 2577
f 2587 2125 2114
f 2127 2126 2588
f 2127 2588 2589
f 2128 2127 2589
f 2128 2589 2590
f 2592 2130 2129
f 2592 2129 2591
f 2594 2583 2121
f 2594 2121 2135
f 2135 2134 2593
f 2135 2593 2594
f 2595 2122 2584
f 2595 2136 2122
f 2595 2583 2594
f 2595 2584 2583
f 2596 2585 2124
f 2596 2124 2138
f 2139 2596 2138
f 2139 2597 2596
f 2596 2586 2585
f 2596 2597 2586
f 2598 2139 2140
f 2598 2597 2139
f 2141 2598 2140
f 2141 2599 2598
f 2603 2125 2587
f 2603 2142 2125
f 2588 2126 2143
f 2588 2143 2604
f 2143 2142 2603
f 2143 2603 2604
f 2603 2587 2588
f 2603 2588 2604
f 2590 2145 2128
f 2590 2605 2145
f 2606 2591 2129
f 2606 2129 2146
f 2146 2145 2605
f 2146 2605 2606
f 2607 2130 2592
f 2607 2147 2130
f 2608 2148 2147
f 2608 2147 2607
f 2593 2134 2151
f 2593 2151 2611
f 2612 2593 2611
f 2612 2594 2593
f 2595 2153 2136
f 2595 2613 2153
f 2613 2152 2153
f 2613 2612 2152
f 2613 2594 2612
f 2613 2595 2594
f 2599 2141 2157
f 2599 2157 2615
f 2157 2156 2614
f 2157 2614 2615
f 2617 2158 2159
f 2617 2616 2158
f 2616 2601 2600
f 2616 2617 2601
f 2617 2602 2601
f 2617 2618 2602
f 2621 2606 2605
f 2621 2622 2606
f 2623 2160 2161
f 2623 2622 2160
f 2623 2606 2622
f 2623 2607 2606
f 2608 2162 2148
f 2608 2624 2162
f 2162 2623 2161
f 2162 2624 2623
f 2623 2608 2607
f 2623 2624 2608
f 2626 2164 2163
f 2626 2163 2625
f 2626 2625 2609
f 2626 2609 2610
f 2611 2151 2165
f 2611 2165 2627
f 2627 2165 2164
f 2627 2164 2626
f 2627 2626 2610
f 2627 2610 2611
f 2612 2166 2152
f 2612 2628 2166
f 2629 2167 2166
f 2629 2166 2628
f 2630 2168 2167
f 2630 2167 2629
f 2614 2156 2171
f 2614 2171 2631
f 2633 2158 2616
f 2633 2172 2158
f 2617 2159 2173
f 2617 2173 2634
f 2173 2172 2633
f 2173 2633 2634
f 2634 2618 2617
f 2634 2635 2618
f 2636 2620 2619
f 2636 2637 2620
f 2638 2174 2175
f 2638 2637 2174
f 2639 2175 2176
f 2639 2638 2175
f 2177 2639 2176
f 2177 2640 2639
f 2642 2160 2622
f 2642 2179 2160
f 2642 2178 2179
f 2642 2641 2178
f 2645 2625 2163
f 2645 2163 2182
f 2183 2645 2182
f 2183 2646 2645
f 2646 2625 2645
f 2646 2626 2625
f 2648 2627 2647
f 2648 2628 2627
f 2649 2628 2648
f 2649 2629 2628
f 2630 2184 2168
f 2630 2650 2184
f 2649 2630 2629
f 2649 2650 2630
f 2186 2185 2651
f 2186 2651 2652
f 2631 2171 2187
f 2631 2187 2653
f 2187 2186 2652
f 2187 2652 2653
f 2654 2631 2653
f 2654 2632 2631
f 2656 2188 2189
f 2656 2655 2188
f 2655 2635 2634
f 2655 2656 2635
f 2659 2174 2637
f 2659 2191 2174
f 2658 2637 2636
f 2658 2659 2637
f 2660 2659 2637
f 2660 2637 2638
f 2661 2640 2177
f 2661 2177 2194
f 2662 2178 2641
f 2662 2195 2178
f 2195 2661 2194
f 2195 2662 2661
f 2661 2641 2640
f 2661 2662 2641
f 2663 2662 2641
f 2663 2641 2642
f 2665 2664 2643
f 2665 2643 2644
f 2666 2665 2644
f 2666 2644 2645
f 2646 2183 2199
f 2646 2199 2667
f 2667 2647 2646
f 2667 2668 2647
f 2669 2647 2668
f 2669 2648 2647
f 2650 2200 2184
f 2650 2670 2200
f 2651 2185 2201
f 2651 2201 2671
f 2201 2200 2670
f 2201 2670 2671
f 2672 2651 2671
f 2672 2652 2651
f 2674 2188 2655
f 2674 2203 2188
f 2674 2202 2203
f 2674 2673 2202
f 2675 2656 2189
f 2675 2189 2204
f 2205 2675 2204
f 2205 2676 2675
f 2675 2657 2656
f 2675 2676 2657
f 2677 2205 2206
f 2677 2676 2205
f 2678 2206 2207
f 2678 2677 2206
f 2679 2191 2659
f 2679 2208 2191
f 2208 2678 2207
f 2208 2679 2678
f 2215 2214 2681
f 2215 2681 2682
f 2681 2664 2665
f 2681 2665 2682
f 2683 2682 2665
f 2683 2665 2666
f 2684 2667 2199
f 2684 2199 2217
f 2684 2668 2667
f 2684 2685 2668
f 2686 2668 2685
f 2686 2669 2668
f 2688 2670 2687
f 2688 2671 2670
f 2673 2218 2202
f 2673 2689 2218
f 2690 2219 2218
f 2690 2218 2689
f 2691 2676 2677
f 2691 2677 2692
f 2693 2692 2677
f 2693 2677 2678
f 2694 2693 2678
f 2694 2678 2679
f 2694 2679 2680
f 2694 2680 2695
f 2681 2214 2224
f 2681 2224 2696
f 2682 2225 2215
f 2682 2697 2225
f 2698 2226 2225
f 2698 2225 2697
f 2684 2217 2227
f 2684 2227 2699
f 2227 2226 2698
f 2227 2698 2699
f 2699 2685 2684
f 2699 2700 2685
f 2690 2228 2219
f 2690 2703 2228
f 2702 2690 2689
f 2702 2703 2690
f 2704 2229 2228
f 2704 2228 2703
f 2705 2691 2692
f 2705 2692 2706
f 2231 2230 2706
f 2231 2706 2707
f 2707 2706 2692
f 2707 2692 2693
f 2708 2707 2693
f 2708 2693 2694
f 2708 2694 2695
f 2708 2695 2709
f 2236 2235 2712
f 2236 2712 2713
f 2714 2696 2224
f 2714 2224 2237
f 2237 2236 2713
f 2237 2713 2714
f 2715 2698 2697
f 2715 2716 2698
f 2717 2698 2716
f 2717 2699 2698
f 2718 2701 2700
f 2718 2719 2701
f 2720 2229 2704
f 2720 2238 2229
f 2721 2239 2238
f 2721 2238 2720
f 2720 2704 2705
f 2720 2705 2721
f 2722 2706 2230
f 2722 2230 2240
f 2240 2239 2721
f 2240 2721 2722
f 2721 2705 2706
f 2721 2706 2722
f 2723 2231 2707
f 2723 2241 2231
f 2723 2240 2241
f 2723 2722 2240
f 2243 2242 2724
f 2243 2724 2725
f 2724 2708 2709
f 2724 2709 2725
f 2244 2243 2725
f 2244 2725 2726
f 2727 2245 2244
f 2727 2244 2726
f 2726 2710 2711
f 2726 2711 2727
f 2712 2235 2246
f 2712 2246 2728
f 2728 2246 2245
f 2728 2245 2727
f 2729 2712 2728
f 2729 2713 2712
f 2730 2240 2722
f 2730 2249 2240
f 2250 2249 2730
f 2250 2730 2731
f 2730 2722 2723
f 2730 2723 2731
f 2724 2242 2251
f 2724 2251 2732
f 2251 2250 2731
f 2251 2731 2732
f 2733 2729 2728
f 2733 2734 2729
f 2736 2734 2733
f 2736 2737 2734
f 2737 2735 2734
f 2737 2738 2735
f 2740 2254 2255
f 2740 2739 2254
f 2741 2255 2256
f 2741 2740 2255
f 2742 2254 2739
f 2742 2257 2254
f 2743 2742 2739
f 2743 2739 2740
f 2741 2256 2259
f 2741 2259 2744
f 2743 2740 2741
f 2743 2741 2744
f 2742 2260 2257
f 2742 2745 2260
f 2746 2745 2742
f 2746 2742 2743
f 2744 2259 2261
f 2744 2261 2747
f 2746 2743 2744
f 2746 2744 2747
f 2749 2262 2263
f 2749 2748 2262
f 2266 2751 2265
f 2266 2752 2751
f 2745 2267 2260
f 2745 2753 2267
f 2267 2752 2266
f 2267 2753 2752
f 2754 2753 2745
f 2754 2745 2746
f 2755 2747 2261
f 2755 2261 2269
f 2754 2746 2747
f 2754 2747 2755
f 2756 2262 2748
f 2756 2270 2262
f 2755 2748 2747
f 2755 2756 2748
f 2749 2263 2271
f 2749 2271 2757
f 2756 2748 2749
f 2756 2749 2757
f 2760 2272 2273
f 2760 2759 2272
f 2761 2265 2751
f 2761 2274 2265
f 2761 2273 2274
f 2761 2760 2273
f 2761 2750 2760
f 2761 2751 2750
f 2762 2755 2269
f 2762 2269 2278
f 2763 2270 2756
f 2763 2279 2270
f 2279 2762 2278
f 2279 2763 2762
f 2763 2755 2762
f 2763 2756 2755
f 2757 2271 2280
f 2757 2280 2764
f 2764 2758 2757
f 2764 2765 2758
f 2768 2272 2759
f 2768 2283 2272
f 2764 2280 2286
f 2764 2286 2771
f 2772 2286 2287
f 2772 2771 2286
f 2773 2287 2288
f 2773 2772 2287
f 2774 2767 2766
f 2774 2775 2767
f 2768 2291 2283
f 2768 2776 2291
f 2776 2290 2291
f 2776 2775 2290
f 2776 2767 2775
f 2776 2768 2767
f 2781 2780 2769
f 2781 2769 2770
f 2782 2781 2770
f 2782 2770 2771
f 2784 2773 2288
f 2784 2288 2295
f 2784 2295 2294
f 2784 2294 2783
f 2783 2772 2773
f 2783 2773 2784
f 2787 2290 2775
f 2787 2298 2290
f 2787 2297 2298
f 2787 2786 2297
f 2788 2777 2778
f 2788 2778 2789
f 2791 2790 2779
f 2791 2779 2780
f 2792 2783 2294
f 2792 2294 2303
f 2793 2303 2304
f 2793 2792 2303
f 2305 2793 2304
f 2305 2794 2793
f 2798 2306 2307
f 2798 2797 2306
f 2786 2308 2297
f 2786 2800 2308
f 2800 2785 2799
f 2800 2786 2785
f 2801 2309 2308
f 2801 2308 2800
f 2310 2309 2801
f 2310 2801 2802
f 2794 2305 2315
f 2794 2315 2806
f 2806 2795 2794
f 2806 2807 2795
f 2807 2796 2795
f 2807 2808 2796
f 2809 2306 2797
f 2809 2317 2306
f 2809 2316 2317
f 2809 2808 2316
f 2809 2796 2808
f 2809 2797 2796
f 2810 2798 2307
f 2810 2307 2318
f 2319 2810 2318
f 2319 2811 2810
f 2816 2799 2815
f 2816 2800 2799
f 2816 2801 2800
f 2816 2817 2801
f 2802 2321 2310
f 2802 2818 2321
f 2321 2817 2320
f 2321 2818 2817
f 2818 2801 2817
f 2818 2802 2801
f 2818 2802 2803
f 2818 2803 2819
f 2324 2323 2820
f 2324 2820 2821
f 2328 2327 2822
f 2328 2822 2823
f 2822 2804 2805
f 2822 2805 2823
f 2806 2315 2331
f 2806 2331 2826
f 2331 2330 2825
f 2331 2825 2826
f 2827 2806 2826
f 2827 2807 2806
f 2828 2316 2808
f 2828 2333 2316
f 2828 2332 2333
f 2828 2827 2332
f 2827 2808 2807
f 2827 2828 2808
f 2829 2334 2333
f 2829 2333 2828
f 2830 2335 2334
f 2830 2334 2829
f 2831 2811 2319
f 2831 2319 2336
f 2336 2335 2830
f 2336 2830 2831
f 2831 2812 2811
f 2831 2832 2812
f 2835 2813 2834
f 2835 2814 2813
f 2836 2814 2835
f 2836 2815 2814
f 2817 2337 2320
f 2817 2837 2337
f 2838 2338 2337
f 2838 2337 2837
f 2839 2339 2338
f 2839 2338 2838
f 2820 2323 2340
f 2820 2340 2840
f 2821 2341 2324
f 2821 2841 2341
f 2341 2840 2340
f 2341 2841 2840
f 2840 2821 2820
f 2840 2841 2821
f 2844 2822 2327
f 2844 2327 2343
f 2845 2328 2823
f 2845 2344 2328
f 2344 2844 2343
f 2344 2845 2844
f 2845 2822 2844
f 2845 2823 2822
f 2845 2823 2824
f 2845 2824 2846
f 2825 2330 2346
f 2825 2346 2847
f 2848 2346 2347
f 2848 2847 2346
f 2848 2825 2847
f 2848 2826 2825
f 2849 2332 2827
f 2849 2348 2332
f 2828 2333 2349
f 2828 2349 2850
f 2849 2827 2828
f 2849 2828 2850
f 2851 2349 2350
f 2851 2850 2349
f 2850 2829 2828
f 2850 2851 2829
f 2851 2830 2829
f 2851 2852 2830
f 2352 2852 2351
f 2352 2853 2852
f 2853 2830 2852
f 2853 2831 2830
f 2854 2831 2853
f 2854 2832 2831
f 2856 2833 2855
f 2856 2834 2833
f 2856 2835 2834
f 2856 2857 2835
f 2857 2836 2835
f 2857 2858 2836
f 2861 2837 2860
f 2861 2838 2837
f 2839 2353 2339
f 2839 2862 2353
f 2862 2838 2861
f 2862 2839 2838
f 2354 2353 2862
f 2354 2862 2863
f 2866 2865 2842
f 2866 2842 2843
f 2869 2848 2347
f 2869 2347 2360
f 2870 2348 2849
f 2870 2361 2348
f 2361 2869 2360
f 2361 2870 2869
f 2871 2870 2849
f 2871 2849 2850
f 2872 2851 2350
f 2872 2350 2362
f 2873 2351 2852
f 2873 2363 2351
f 2873 2362 2363
f 2873 2872 2362
f 2872 2852 2851
f 2872 2873 2852
f 2874 2853 2352
f 2874 2352 2364
f 2366 2875 2365
f 2366 2876 2875
f 2367 2876 2366
f 2367 2877 2876
f 2877 2855 2876
f 2877 2856 2855
f 2368 2877 2367
f 2368 2878 2877
f 2878 2856 2877
f 2878 2857 2856
f 2879 2859 2858
f 2879 2880 2859
f 2881 2859 2880
f 2881 2860 2859
f 2882 2860 2881
f 2882 2861 2860
f 2883 2354 2863
f 2883 2370 2354
f 2371 2370 2883
f 2371 2883 2884
f 2883 2863 2864
f 2883 2864 2884
f 2372 2371 2884
f 2372 2884 2885
f 2885 2884 2864
f 2885 2864 2865
f 2890 2376 2375
f 2890 2375 2889
f 2890 2889 2867
f 2890 2867 2868
f 2891 2377 2376
f 2891 2376 2890
f 2892 2874 2364
f 2892 2364 2379
f 2893 2365 2875
f 2893 2380 2365
f 2894 2893 2875
f 2894 2875 2876
f 2895 2878 2368
f 2895 2368 2383
f 2897 2879 2896
f 2897 2880 2879
f 2885 2384 2372
f 2885 2900 2384
f 2901 2886 2887
f 2901 2887 2902
f 2904 2889 2375
f 2904 2375 2387
f 2903 2888 2889
f 2903 2889 2904
f 2891 2389 2377
f 2891 2906 2389
f 2905 2891 2890
f 2905 2906 2891
f 2892 2379 2393
f 2892 2393 2907
f 2908 2380 2893
f 2908 2394 2380
f 2909 2395 2394
f 2909 2394 2908
f 2908 2893 2894
f 2908 2894 2909
f 2910 2895 2383
f 2910 2383 2397
f 2912 2398 2399
f 2912 2911 2398
f 2912 2898 2911
f 2912 2899 2898
f 2402 2913 2401
f 2402 2914 2913
f 2915 2384 2900
f 2915 2403 2384
f 2916 2404 2403
f 2916 2403 2915
f 2406 2405 2917
f 2406 2917 2918
f 2919 2904 2387
f 2919 2387 2407
f 2920 2904 2919
f 2920 2905 2904
f 2906 2408 2389
f 2906 2921 2408
f 2413 2412 2922
f 2413 2922 2923
f 2907 2393 2414
f 2907 2414 2924
f 2924 2414 2413
f 2924 2413 2923
f 2909 2415 2395
f 2909 2925 2415
f 2926 2416 2415
f 2926 2415 2925
f 2910 2397 2417
f 2910 2417 2927
f 2929 2398 2911
f 2929 2418 2398
f 2930 2912 2399
f 2930 2399 2419
f 2930 2419 2418
f 2930 2418 2929
f 2931 2419 2420
f 2931 2930 2419
f 2913 2421 2401
f 2913 2932 2421
f 2421 2931 2420
f 2421 2932 2931
f 2914 2402 2422
f 2914 2422 2933
f 2933 2932 2913
f 2933 2913 2914
f 2916 2424 2404
f 2916 2935 2424
f 2424 2934 2423
f 2424 2935 2934
f 2934 2916 2915
f 2934 2935 2916
f 2936 2917 2405
f 2936 2405 2425
f 2425 2424 2935
f 2425 2935 2936
f 2937 2406 2918
f 2937 2426 2406
f 2919 2407 2427
f 2919 2427 2938
f 2938 2427 2426
f 2938 2426 2937
f 2938 2937 2918
f 2938 2918 2919
f 2939 2427 2428
f 2939 2938 2427
f 2939 2919 2938
f 2939 2920 2919
f 2940 2408 2921
f 2940 2429 2408
f 2940 2428 2429
f 2940 2939 2428
f 2940 2920 2939
f 2940 2921 2920
f 2941 2922 2412
f 2941 2412 2433
f 2942 2922 2941
f 2942 2923 2922
f 2926 2435 2416
f 2926 2944 2435
f 2944 2434 2435
f 2944 2943 2434
f 2943 2926 2925
f 2943 2944 2926
f 2945 2927 2417
f 2945 2417 2436
f 2945 2928 2927
f 2945 2946 2928
f 2930 2440 2419
f 2930 2948 2440
f 2948 2930 2931
f 2948 2931 2949
f 2442 2441 2949
f 2442 2949 2950
f 2950 2949 2931
f 2950 2931 2932
f 2933 2422 2443
f 2933 2443 2951
f 2950 2932 2933
f 2950 2933 2951
f 2934 2444 2423
f 2934 2952 2444
f 2952 2443 2444
f 2952 2951 2443
f 2935 2424 2445
f 2935 2445 2953
f 2954 2445 2446
f 2954 2953 2445
f 2953 2936 2935
f 2953 2954 2936
f 2955 2936 2954
f 2955 2937 2936
f 2956 2427 2938
f 2956 2448 2427
f 2448 2955 2447
f 2448 2956 2955
f 2956 2937 2955
f 2956 2938 2937
f 2451 2450 2957
f 2451 2957 2958
f 2959 2452 2451
f 2959 2451 2958
f 2960 2453 2452
f 2960 2452 2959
f 2941 2433 2454
f 2941 2454 2961
f 2454 2453 2960
f 2454 2960 2961
f 2962 2941 2961
f 2962 2942 2941
f 2963 2434 2943
f 2963 2455 2434
f 2963 2943 2944
f 2963 2944 2964
f 2945 2436 2457
f 2945 2457 2965
f 2966 2457 2458
f 2966 2965 2457
f 2966 2945 2965
f 2966 2946 2945
f 2967 2946 2966
f 2967 2947 2946
f 2968 2440 2948
f 2968 2461 2440
f 2969 2949 2441
f 2969 2441 2462
f 2462 2461 2968
f 2462 2968 2969
f 2968 2948 2949
f 2968 2949 2969
f 2950 2463 2442
f 2950 2970 2463
f 2463 2969 2462
f 2463 2970 2969
f 2971 2970 2950
f 2971 2950 2951
f 2954 2446 2464
f 2954 2464 2974
f 2955 2465 2447
f 2955 2975 2465
f 2957 2450 2468
f 2957 2468 2977
f 2468 2467 2976
f 2468 2976 2977
f 2979 2455 2963
f 2979 2469 2455
f 2980 2470 2469
f 2980 2469 2979
f 2980 2979 2963
f 2980 2963 2964
f 2471 2470 2980
f 2471 2980 2981
f 2981 2980 2964
f 2981 2964 2965
f 2982 2966 2458
f 2982 2458 2472
f 2982 2472 2471
f 2982 2471 2981
f 2982 2981 2965
f 2982 2965 2966
f 2475 2983 2474
f 2475 2984 2983
f 2969 2476 2462
f 2969 2985 2476
f 2986 2970 2971
f 2986 2971 2987
f 2989 2988 2972
f 2989 2972 2973
f 2990 2974 2464
f 2990 2464 2479
f 2479 2478 2989
f 2479 2989 2990
f 2975 2480 2465
f 2975 2991 2480
f 2990 2975 2974
f 2990 2991 2975
f 2992 2481 2480
f 2992 2480 2991
f 2976 2467 2482
f 2976 2482 2993
f 2482 2481 2992
f 2482 2992 2993
f 2994 2976 2993
f 2994 2977 2976
f 2994 2978 2977
f 2994 2995 2978
f 2983 2487 2474
f 2983 2997 2487
f 2487 2996 2486
f 2487 2997 2996
f 2998 2984 2475
f 2998 2475 2488
f 2488 2487 2997
f 2488 2997 2998
f 2998 2997 2983
f 2998 2983 2984
f 2999 2476 2985
f 2999 2489 2476
f 2998 2985 2984
f 2998 2999 2985
f 3000 2490 2489
f 3000 2489 2999
f 2491 2490 3000
f 2491 3000 3001
f 3001 2987 2988
f 3001 2988 3002
f 3003 2989 2478
f 3003 2478 2493
f 3003 3002 2988
f 3003 2988 2989
f 3004 2992 2991
f 3004 3005 2992
f 3006 2995 2994
f 3006 3007 2995
f 2996 2494 2486
f 2996 3008 2494
f 3009 2997 2487
f 3009 2487 2495
f 3009 2495 2494
f 3009 2494 3008
f 3009 3008 2996
f 3009 2996 2997
f 3010 2491 3001
f 3010 2498 2491
f 3010 3001 3002
f 3010 3002 3011
f 3012 3003 2493
f 3012 2493 2500
f 3011 3002 3003
f 3011 3003 3012
f 3010 2501 2498
f 3010 3013 2501
f 3014 2502 2501
f 3014 2501 3013
f 3013 3010 3011
f 3013 3011 3014
f 3015 3012 2500
f 3015 2500 2503
f 2503 2502 3014
f 2503 3014 3015
f 3015 3014 3011
f 3015 3011 3012
f 3017 2504 2505
f 3017 3016 2504
f 3018 2504 3016
f 3018 2506 2504
f 3017 2505 2507
f 3017 2507 3019
f 3019 3018 3016
f 3019 3016 3017
f 3018 2509 2506
f 3018 3023 2509
f 3023 2508 2509
f 3023 3022 2508
f 3019 2507 2510
f 3019 2510 3024
f 3023 3018 3019
f 3023 3019 3024
f 3026 2511 2512
f 3026 3025 2511
f 2515 3027 2514
f 2515 3028 3027
f 3028 3020 3027
f 3028 3021 3020
f 3029 2508 3022
f 3029 2516 2508
f 3029 2515 2516
f 3029 3028 2515
f 3024 2510 2518
f 3024 2518 3031
f 3030 3023 3024
f 3030 3024 3031
f 3025 2519 2511
f 3025 3032 2519
f 3032 2518 2519
f 3032 3031 2518
f 3031 3025 3024
f 3031 3032 3025
f 3026 2512 2520
f 3026 2520 3033
f 3032 3025 3026
f 3032 3026 3033
f 2521 3033 2520
f 2521 3034 3033
f 3036 2522 2523
f 3036 3035 2522
f 3037 2514 3027
f 3037 2524 2514
f 2524 3036 2523
f 2524 3037 3036
f 3042 3034 2521
f 3042 2521 2528
f 3042 2528 2527
f 3042 2527 3041
f 3035 2530 2522
f 3035 3045 2530
f 3046 3038 3039
f 3046 3039 3047
f 3041 2527 2534
f 3041 2534 3050
f 3050 2534 2533
f 3050 2533 3049
f 3050 3049 3040
f 3050 3040 3041
f 3051 2534 2535
f 3051 3050 2534
f 3052 2535 2536
f 3052 3051 2535
f 3053 3044 3043
f 3053 3054 3044
f 3045 2538 2530
f 3045 3055 2538
f 3055 2537 2538
f 3055 3054 2537
f 3055 3044 3054
f 3055 3045 3044
f 3058 3049 2533
f 3058 2533 2539
f 3058 3057 3048
f 3058 3048 3049
f 3050 2540 2534
f 3050 3059 2540
f 3059 2539 2540
f 3059 3058 2539
f 3052 2536 2542
f 3052 2542 3061
f 3061 2542 2541
f 3061 2541 3060
f 3062 2542 2543
f 3062 3061 2542
f 3066 2537 3054
f 3066 2544 2537
f 3070 3069 3056
f 3070 3056 3057
f 3071 3058 3059
f 3071 3059 3072
f 3073 3060 2541
f 3073 2541 2547
f 3074 2542 3061
f 3074 2548 2542
f 3074 2547 2548
f 3074 3073 2547
f 3062 2543 2549
f 3062 2549 3075
f 3074 3061 3062
f 3074 3062 3075
f 3079 2550 2551
f 3079 3078 2550
f 2552 3079 2551
f 2552 3080 3079
f 3083 3063 3082
f 3083 3064 3063
f 3083 3065 3064
f 3083 3084 3065
f 3085 2544 3066
f 3085 2553 2544
f 3085 3065 3084
f 3085 3066 3065
f 3086 3067 3068
f 3086 3068 3087
f 3075 2549 2557
f 3075 2557 3088
f 3088 3076 3075
f 3088 3089 3076
f 3090 3076 3089
f 3090 3077 3076
f 3091 2550 3078
f 3091 2558 2550
f 3091 3077 3090
f 3091 3078 3077
f 3092 3080 2552
f 3092 2552 2560
f 3092 3081 3080
f 3092 3093 3081
f 3085 2561 2553
f 3085 3099 2561
f 3098 3085 3084
f 3098 3099 3085
f 2565 2564 3100
f 2565 3100 3101
f 3088 2557 2569
f 3088 2569 3103
f 2569 2568 3102
f 2569 3102 3103
f 3105 2570 2571
f 3105 3104 2570
f 3105 3089 3104
f 3105 3090 3089
f 3091 2572 2558
f 3091 3106 2572
f 3106 2571 2572
f 3106 3105 2571
f 3105 3091 3090
f 3105 3106 3091
f 3107 2573 2572
f 3107 2572 3106
f 3092 2560 2574
f 3092 2574 3108
f 2574 2573 3107
f 2574 3107 3108
f 3109 3092 3108
f 3109 3093 3092
f 3109 3094 3093
f 3109 3110 3094
f 3112 3095 3111
f 3112 3096 3095
f 3112 3097 3096
f 3112 3113 3097
f 3099 2575 2561
f 3099 3114 2575
f 3115 2576 2575
f 3115 2575 3114
f 2577 2576 3115
f 2577 3115 3116
f 3100 2564 2578
f 3100 2578 3118
f 3101 2579 2565
f 3101 3119 2579
f 2579 3118 2578
f 2579 3119 3118
f 3118 3101 3100
f 3118 3119 3101
f 3102 2568 2582
f 3102 2582 3121
f 3122 2582 2583
f 3122 3121 2582
f 3122 3102 3121
f 3122 3103 3102
f 3123 2570 3104
f 3123 2584 2570
f 2584 3122 2583
f 2584 3123 3122
f 3123 3103 3122
f 3123 3104 3103
f 3124 3123 3104
f 3124 3104 3105
f 3125 3106 2572
f 3125 2572 2585
f 2586 3125 2585
f 2586 3126 3125
f 3125 3107 3106
f 3125 3126 3107
f 3127 3107 3126
f 3127 3108 3107
f 3128 3108 3127
f 3128 3109 3108
f 3131 3111 3130
f 3131 3112 3111
f 3131 3113 3112
f 3131 3132 3113
f 3134 3115 3114
f 3134 3135 3115
f 3136 2577 3116
f 3136 2587 2577
f 3136 3115 3135
f 3136 3116 3115
f 3137 2588 2587
f 3137 2587 3136
f 3136 3116 3117
f 3136 3117 3137
f 2589 2588 3137
f 2589 3137 3138
f 2590 2589 3138
f 2590 3138 3139
f 3139 3119 3120
f 3139 3120 3140
f 3141 2592 2591
f 3141 2591 3140
f 3144 3126 2586
f 3144 2586 2597
f 2598 3144 2597
f 2598 3145 3144
f 3144 3127 3126
f 3144 3145 3127
f 3146 2598 2599
f 3146 3145 2598
f 3148 2600 2601
f 3148 3147 2600
f 3148 3129 3147
f 3148 3130 3129
f 3149 2601 2602
f 3149 3148 2601
f 3149 3130 3148
f 3149 3131 3130
f 3150 3133 3132
f 3150 3151 3133
f 3153 3134 3152
f 3153 3135 3134
f 3154 2590 3139
f 3154 2605 2590
f 3155 3140 2591
f 3155 2591 2606
f 3154 3139 3140
f 3154 3140 3155
f 3156 2592 3141
f 3156 2607 2592
f 3156 2606 2607
f 3156 3155 2606
f 3159 2610 2609
f 3159 2609 3158
f 3160 2611 2610
f 3160 2610 3159
f 3159 3142 3143
f 3159 3143 3160
f 3161 2612 2611
f 3161 2611 3160
f 3146 2599 2615
f 3146 2615 3163
f 3163 2615 2614
f 3163 2614 3162
f 3162 3145 3146
f 3162 3146 3163
f 3164 2600 3147
f 3164 2616 2600
f 3165 3164 3147
f 3165 3147 3148
f 3166 3149 2602
f 3166 2602 2618
f 3168 3150 3167
f 3168 3151 3150
f 2620 3169 2619
f 2620 3170 3169
f 3154 2621 2605
f 3154 3172 2621
f 3173 2622 2621
f 3173 2621 3172
f 3175 3158 2609
f 3175 2609 2625
f 3175 3174 3157
f 3175 3157 3158
f 2626 3175 2625
f 2626 3176 3175
f 3176 3160 3159
f 3176 3177 3160
f 3161 2628 2612
f 3161 3178 2628
f 3178 2627 2628
f 3178 3177 2627
f 3177 3161 3160
f 3177 3178 3161
f 3179 3162 2614
f 3179 2614 2631
f 2632 3179 2631
f 2632 3180 3179
f 3164 2633 2616
f 3164 3181 2633
f 3182 2634 2633
f 3182 2633 3181
f 3183 3166 2618
f 3183 2618 2635
f 3184 3166 3183
f 3184 3167 3166
f 3185 2619 3169
f 3185 2636 2619
f 3186 3170 2620
f 3186 2620 2637
f 3186 3171 3170
f 3186 3187 3171
f 3188 2638 2639
f 3188 3187 2638
f 3189 2639 2640
f 3189 3188 2639
f 2641 3189 2640
f 2641 3190 3189
f 3173 2642 2622
f 3173 3191 2642
f 2644 2643 3192
f 2644 3192 3193
f 3194 2645 2644
f 3194 2644 3193
f 3195 3176 2626
f 3195 2626 2646
f 3177 2647 2627
f 3177 3196 2647
f 2647 3195 2646
f 2647 3196 3195
f 2649 2648 3197
f 2649 3197 3198
f 3199 2650 2649
f 3199 2649 3198
f 2653 2652 3200
f 2653 3200 3201
f 3180 2632 2654
f 3180 2654 3202
f 2654 2653 3201
f 2654 3201 3202
f 3182 2655 2634
f 3182 3204 2655
f 3203 3182 3181
f 3203 3204 3182
f 3205 3183 2635
f 3205 2635 2656
f 2657 3205 2656
f 2657 3206 3205
f 3205 3184 3183
f 3205 3206 3184
f 3185 2658 2636
f 3185 3207 2658
f 3208 3186 2637
f 3208 2637 2659
f 3208 2659 2658
f 3208 2658 3207
f 3187 2660 2638
f 3187 3209 2660
f 2660 3208 2659
f 2660 3209 3208
f 3209 3186 3208
f 3209 3187 3186
f 3209 3187 3188
f 3209 3188 3210
f 3211 3210 3188
f 3211 3188 3189
f 3190 2641 2662
f 3190 2662 3212
f 3212 3211 3189
f 3212 3189 3190
f 3213 2642 3191
f 3213 2663 2642
f 3213 2662 2663
f 3213 3212 2662
f 3213 3190 3212
f 3213 3191 3190
f 3214 3192 2643
f 3214 2643 2664
f 3194 2666 2645
f 3194 3215 2666
f 3217 3216 3195
f 3217 3195 3196
f 3197 2648 2669
f 3197 2669 3218
f 3218 3198 3197
f 3218 3219 3198
f 3199 2670 2650
f 3199 3220 2670
f 3219 3199 3198
f 3219 3220 3199
f 3200 2652 2672
f 3200 2672 3222
f 2672 2671 3221
f 2672 3221 3222
f 3223 3200 3222
f 3223 3201 3200
f 3204 2674 2655
f 3204 3225 2674
f 2674 3224 2673
f 2674 3225 3224
f 3224 3204 3203
f 3224 3225 3204
f 3226 3206 2657
f 3226 2657 2676
f 3228 2659 3208
f 3228 2679 2659
f 2680 2679 3228
f 2680 3228 3229
f 3228 3208 3209
f 3228 3209 3229
f 3229 3209 3210
f 3229 3210 3230
f 3230 3210 3211
f 3230 3211 3231
f 3232 3231 3211
f 3232 3211 3212
f 3233 3214 2664
f 3233 2664 2681
f 3215 2683 2666
f 3215 3235 2683
f 2683 3234 2682
f 2683 3235 3234
f 3218 2669 2686
f 3218 2686 3237
f 2686 2685 3236
f 2686 3236 3237
f 3238 3218 3237
f 3238 3219 3218
f 3220 2687 2670
f 3220 3239 2687
f 3221 2671 2688
f 3221 2688 3240
f 2688 2687 3239
f 2688 3239 3240
f 3241 2673 3224
f 3241 2689 2673
f 3242 3241 3224
f 3242 3224 3225
f 3244 3226 2676
f 3244 2676 2691
f 3245 3226 3244
f 3245 3227 3226
f 3246 2680 3229
f 3246 2695 2680
f 3246 3229 3230
f 3246 3230 3247
f 3248 3247 3230
f 3248 3230 3231
f 3233 2681 2696
f 3233 2696 3250
f 3234 2697 2682
f 3234 3251 2697
f 3236 2685 2700
f 3236 2700 3253
f 2700 2699 3252
f 2700 3252 3253
f 2701 3253 2700
f 2701 3254 3253
f 3241 2702 2689
f 3241 3256 2702
f 3257 2703 2702
f 3257 2702 3256
f 3257 3256 3241
f 3257 3241 3242
f 3258 2704 2703
f 3258 2703 3257
f 3257 3242 3243
f 3257 3243 3258
f 3259 3244 2691
f 3259 2691 2705
f 3259 2705 2704
f 3259 2704 3258
f 3259 3258 3243
f 3259 3243 3244
f 2708 3260 2707
f 2708 3261 3260
f 3262 2695 3246
f 3262 2709 2695
f 2711 2710 3263
f 2711 3263 3264
f 3267 3250 2696
f 3267 2696 2714
f 3267 2714 2713
f 3267 2713 3266
f 3267 3266 3249
f 3267 3249 3250
f 3251 2715 2697
f 3251 3268 2715
f 3269 2716 2715
f 3269 2715 3268
f 3252 2699 2717
f 3252 2717 3270
f 2717 2716 3269
f 2717 3269 3270
f 3253 2718 2700
f 3253 3271 2718
f 3271 3252 3270
f 3271 3253 3252
f 3254 2701 2719
f 3254 2719 3272
f 2719 2718 3271
f 2719 3271 3272
f 3273 3254 3272
f 3273 3255 3254
f 3260 2723 2707
f 3260 3274 2723
f 3261 2708 2724
f 3261 2724 3275
f 3275 3274 3260
f 3275 3260 3261
f 3276 2709 3262
f 3276 2725 2709
f 3263 2710 2726
f 3263 2726 3277
f 2726 2725 3276
f 2726 3276 3277
f 3278 2711 3264
f 3278 2727 2711
f 3278 3263 3277
f 3278 3264 3263
f 2728 2727 3278
f 2728 3278 3279
f 3278 3264 3265
f 3278 3265 3279
f 3280 3266 2713
f 3280 2713 2729
f 3282 3268 3281
f 3282 3269 3268
f 3283 3272 3271
f 3283 3284 3272
f 3274 2731 2723
f 3274 3285 2731
f 3275 2724 2732
f 3275 2732 3286
f 2732 2731 3285
f 2732 3285 3286
f 3285 3274 3275
f 3285 3275 3286
f 3287 2728 3279
f 3287 2733 2728
f 3288 3280 2729
f 3288 2729 2734
f 3287 3279 3280
f 3287 3280 3288
f 2735 3288 2734
f 2735 3289 3288
f 3287 2736 2733
f 3287 3290 2736
f 2737 2736 3290
f 2737 3290 3291
f 3290 3287 3288
f 3290 3288 3291
f 3289 2735 2738
f 3289 2738 3292
f 2738 2737 3291
f 2738 3291 3292
f 3291 3288 3289
f 3291 3289 3292
f 2748 3293 2747
f 2748 3294 3293
f 2751 3295 2750
f 2751 3296 3295
f 2752 3296 2751
f 2752 3297 3296
f 2753 3297 2752
f 2753 3298 3297
f 2754 3298 2753
f 2754 3299 3298
f 3293 2755 2747
f 3293 3300 2755
f 3300 2754 2755
f 3300 3299 2754
f 3294 2748 2756
f 3294 2756 3301
f 3300 3293 3294
f 3300 3294 3301
f 3302 2756 2757
f 3302 3301 2756
f 2758 3302 2757
f 2758 3303 3302
f 3295 2760 2750
f 3295 3306 2760
f 3306 2759 2760
f 3306 3305 2759
f 3307 3306 3295
f 3307 3295 3296
f 3308 3301 3302
f 3308 3302 3309
f 3303 2758 2765
f 3303 2765 3310
f 3310 2765 2764
f 3310 2764 3309
f 3310 3309 3302
f 3310 3302 3303
f 2767 3311 2766
f 2767 3312 3311
f 3313 2759 3305
f 3313 2768 2759
f 2768 3312 2767
f 2768 3313 3312
f 3313 3304 3312
f 3313 3305 3304
f 3314 3313 3305
f 3314 3305 3306
f 3316 2770 2769
f 3316 2769 3315
f 3309 2764 2771
f 3309 2771 3317
f 3317 2771 2770
f 3317 2770 3316
f 3316 3308 3309
f 3316 3309 3317
f 3318 2771 2772
f 3318 3317 2771
f 3311 2774 2766
f 3311 3321 2774
f 3322 2775 2774
f 3322 2774 3321
f 2778 2777 3323
f 2778 3323 3324
f 3326 3315 2769
f 3326 2769 2780
f 2780 2779 3325
f 2780 3325 3326
f 3327 2780 2781
f 3327 3326 2780
f 3317 2782 2771
f 3317 3328 2782
f 2782 3327 2781
f 2782 3328 3327
f 3318 2772 2783
f 3318 2783 3329
f 3328 3317 3318
f 3328 3318 3329
f 3333 3320 3319
f 3333 3334 3320
f 3335 2785 2786
f 3335 3334 2785
f 3322 2787 2775
f 3322 3336 2787
f 3336 2786 2787
f 3336 3335 2786
f 3336 3321 3335
f 3336 3322 3321
f 3323 2777 2788
f 3323 2788 3337
f 3324 2789 2778
f 3324 3338 2789
f 2789 3337 2788
f 2789 3338 3337
f 3337 3324 3323
f 3337 3338 3324
f 3325 2779 2790
f 3325 2790 3340
f 3326 2791 2780
f 3326 3341 2791
f 2791 3340 2790
f 2791 3341 3340
f 3341 3325 3340
f 3341 3326 3325
f 3342 3341 3326
f 3342 3326 3327
f 3343 3329 2783
f 3343 2783 2792
f 2793 3343 2792
f 2793 3344 3343
f 3343 3330 3329
f 3343 3344 3330
f 2794 3344 2793
f 2794 3345 3344
f 3344 3331 3330
f 3344 3345 3331
f 2795 3345 2794
f 2795 3346 3345
f 3347 2795 2796
f 3347 3346 2795
f 3348 2796 2797
f 3348 3347 2796
f 2798 3348 2797
f 2798 3349 3348
f 3352 3332 3351
f 3352 3333 3332
f 3353 2785 3334
f 3353 2799 2785
f 3352 3334 3333
f 3352 3353 3334
f 2803 2802 3354
f 2803 3354 3355
f 3357 3356 3339
f 3357 3339 3340
f 2805 2804 3358
f 2805 3358 3359
f 3360 3349 2798
f 3360 2798 2810
f 2811 3360 2810
f 2811 3361 3360
f 3360 3350 3349
f 3360 3361 3350
f 3362 2811 2812
f 3362 3361 2811
f 3364 2813 2814
f 3364 3363 2813
f 3353 2815 2799
f 3353 3365 2815
f 3365 2814 2815
f 3365 3364 2814
f 3366 2816 2815
f 3366 2815 3365
f 3367 2817 2816
f 3367 2816 3366
f 3354 2802 2818
f 3354 2818 3368
f 3355 2819 2803
f 3355 3369 2819
f 2819 3368 2818
f 2819 3369 3368
f 3368 3355 3354
f 3368 3369 3355
f 3358 2804 2822
f 3358 2822 3372
f 3373 2805 3359
f 3373 2823 2805
f 3373 2822 2823
f 3373 3372 2822
f 3373 3358 3372
f 3373 3359 3358
f 2824 2823 3373
f 2824 3373 3374
f 2827 2826 3375
f 2827 3375 3376
f 3377 2828 2827
f 3377 2827 3376
f 3362 2812 2832
f 3362 2832 3379
f 3378 3361 3362
f 3378 3362 3379
f 3382 2813 3363
f 3382 2834 2813
f 3382 2833 2834
f 3382 3381 2833
f 3383 3365 2815
f 3383 2815 2836
f 3383 3366 3365
f 3383 3384 3366
f 3367 2837 2817
f 3367 3385 2837
f 3384 3367 3366
f 3384 3385 3367
f 3386 3369 3370
f 3386 3370 3387
f 2843 2842 3388
f 2843 3388 3389
f 3390 3389 3371
f 3390 3371 3372
f 3373 2823 2845
f 3373 2845 3391
f 3374 2846 2824
f 3374 3392 2846
f 2846 3391 2845
f 2846 3392 3391
f 3391 3374 3373
f 3391 3392 3374
f 3375 2826 2848
f 3375 2848 3394
f 3395 3375 3394
f 3395 3376 3375
f 3377 2850 2828
f 3377 3396 2850
f 3395 3377 3376
f 3395 3396 3377
f 3379 2832 2854
f 3379 2854 3398
f 2854 2853 3397
f 2854 3397 3398
f 3400 2833 3381
f 3400 2855 2833
f 3400 3380 3399
f 3400 3381 3380
f 3383 2836 2858
f 3383 2858 3402
f 2858 2857 3401
f 2858 3401 3402
f 2859 3402 2858
f 2859 3403 3402
f 3403 3383 3402
f 3403 3384 3383
f 3404 2837 3385
f 3404 2860 2837
f 3404 2859 2860
f 3404 3403 2859
f 3404 3384 3403
f 3404 3385 3384
f 2862 2861 3405
f 2862 3405 3406
f 2863 2862 3406
f 2863 3406 3407
f 2864 2863 3407
f 2864 3407 3408
f 3409 3388 2842
f 3409 2842 2865
f 2865 2864 3408
f 2865 3408 3409
f 3410 2843 3389
f 3410 2866 2843
f 2866 3409 2865
f 2866 3410 3409
f 3412 2868 2867
f 3412 2867 3411
f 3394 2848 2869
f 3394 2869 3414
f 3414 3413 3393
f 3414 3393 3394
f 3415 2869 2870
f 3415 3414 2869
f 3415 3394 3414
f 3415 3395 3394
f 3396 2871 2850
f 3396 3416 2871
f 2871 3415 2870
f 2871 3416 3415
f 3415 3396 3395
f 3415 3416 3396
f 3397 2853 2874
f 3397 2874 3418
f 3420 2855 3400
f 3420 2876 2855
f 3401 2857 2878
f 3401 2878 3421
f 3422 2858 3402
f 3422 2879 2858
f 3422 3401 3421
f 3422 3402 3401
f 2881 2880 3423
f 2881 3423 3424
f 3405 2861 2882
f 3405 2882 3425
f 2882 2881 3424
f 2882 3424 3425
f 3426 3405 3425
f 3426 3406 3405
f 3426 3407 3406
f 3426 3427 3407
f 3428 3407 3427
f 3428 3408 3407
f 3429 2865 3409
f 3429 2885 2865
f 3429 3409 3410
f 3429 3410 3430
f 3431 2887 2886
f 3431 2886 3430
f 3433 3411 2867
f 3433 2867 2889
f 2889 2888 3432
f 2889 3432 3433
f 3434 2868 3412
f 3434 2890 2868
f 3435 3416 3417
f 3435 3417 3436
f 3418 2874 2892
f 3418 2892 3438
f 3420 2894 2876
f 3420 3440 2894
f 3440 3419 3439
f 3440 3420 3419
f 3421 2878 2895
f 3421 2895 3441
f 3422 2896 2879
f 3422 3442 2896
f 3442 3421 3441
f 3442 3422 3421
f 3423 2880 2897
f 3423 2897 3443
f 2897 2896 3442
f 2897 3442 3443
f 3444 3423 3443
f 3444 3424 3423
f 3445 2898 2899
f 3445 3444 2898
f 3446 3427 3426
f 3446 3447 3427
f 3429 2900 2885
f 3429 3448 2900
f 3449 3430 2886
f 3449 2886 2901
f 3431 2902 2887
f 3431 3450 2902
f 3450 2901 2902
f 3450 3449 2901
f 3449 3431 3430
f 3449 3450 3431
f 3432 2888 2903
f 3432 2903 3451
f 3452 2903 2904
f 3452 3451 2903
f 3452 3432 3451
f 3452 3433 3432
f 3453 2890 3434
f 3453 2905 2890
f 3453 2904 2905
f 3453 3452 2904
f 3452 3434 3433
f 3452 3453 3434
f 3454 2906 2905
f 3454 2905 3453
f 3457 3438 2892
f 3457 2892 2907
f 3457 3456 3437
f 3457 3437 3438
f 3459 2894 3440
f 3459 2909 2894
f 3458 3440 3439
f 3458 3459 3440
f 3441 2895 2910
f 3441 2910 3460
f 3462 2898 3444
f 3462 2911 2898
f 3461 3444 3443
f 3461 3462 3444
f 3463 3445 2899
f 3463 2899 2912
f 3466 2900 3448
f 3466 2915 2900
f 3467 3466 3448
f 3467 3448 3449
f 2918 2917 3468
f 2918 3468 3469
f 3470 2919 2918
f 3470 2918 3469
f 3471 3453 2905
f 3471 2905 2920
f 3472 2906 3454
f 3472 2921 2906
f 2921 3471 2920
f 2921 3472 3471
f 3471 3454 3453
f 3471 3472 3454
f 3473 3455 3456
f 3473 3456 3474
f 3457 2907 2924
f 3457 2924 3475
f 2924 2923 3474
f 2924 3474 3475
f 3477 2909 3459
f 3477 2925 2909
f 3478 3460 2910
f 3478 2910 2927
f 2928 3478 2927
f 2928 3479 3478
f 3462 2929 2911
f 3462 3481 2929
f 3482 3463 2912
f 3482 2912 2930
f 3482 2930 2929
f 3482 2929 3481
f 3483 3463 3482
f 3483 3464 3463
f 3466 2934 2915
f 3466 3485 2934
f 3485 3465 3484
f 3485 3466 3465
f 3486 3468 2917
f 3486 2917 2936
f 2937 3486 2936
f 2937 3487 3486
f 3486 3469 3468
f 3486 3487 3469
f 3470 2938 2919
f 3470 3488 2938
f 3488 2937 2938
f 3488 3487 2937
f 3488 3469 3487
f 3488 3470 3469
f 3474 2923 2942
f 3474 2942 3489
f 3489 3475 3474
f 3489 3490 3475
f 3490 3476 3475
f 3490 3491 3476
f 3492 2925 3477
f 3492 2943 2925
f 2944 2943 3492
f 2944 3492 3493
f 3495 3479 2928
f 3495 2928 2946
f 3495 3494 3478
f 3495 3478 3479
f 2947 3495 2946
f 2947 3496 3495
f 3495 3480 3479
f 3495 3496 3480
f 3485 2952 2934
f 3485 3498 2952
f 2952 3497 2951
f 2952 3498 3497
f 3501 2955 2954
f 3501 2954 3500
f 3503 2958 2957
f 3503 2957 3502
f 3504 2959 2958
f 3504 2958 3503
f 2960 2959 3504
f 2960 3504 3505
f 2961 2960 3505
f 2961 3505 3506
f 3489 2942 2962
f 3489 2962 3507
f 2962 2961 3506
f 2962 3506 3507
f 3493 2964 2944
f 3493 3508 2964
f 2965 2964 3508
f 2965 3508 3509
f 3509 3508 3493
f 3509 3493 3494
f 3510 2966 2965
f 3510 2965 3509
f 3511 3496 2947
f 3511 2947 2967
f 2967 2966 3510
f 2967 3510 3511
f 2970 3512 2969
f 2970 3513 3512
f 3497 2971 2951
f 3497 3514 2971
f 3515 3514 3497
f 3515 3497 3498
f 2973 2972 3515
f 2973 3515 3516
f 3517 3500 2954
f 3517 2954 2974
f 3517 3516 3499
f 3517 3499 3500
f 3501 2975 2955
f 3501 3518 2975
f 3518 2974 2975
f 3518 3517 2974
f 3518 3500 3517
f 3518 3501 3500
f 3519 3502 2957
f 3519 2957 2977
f 2978 3519 2977
f 2978 3520 3519
f 3512 2985 2969
f 3512 3524 2985
f 2985 3523 2984
f 2985 3524 3523
f 3513 2970 2986
f 3513 2986 3525
f 3525 3524 3512
f 3525 3512 3513
f 3514 2987 2971
f 3514 3526 2987
f 3526 2986 2987
f 3526 3525 2986
f 3527 3515 2972
f 3527 2972 2988
f 3527 2988 2987
f 3527 2987 3526
f 3527 3526 3514
f 3527 3514 3515
f 3528 2973 3516
f 3528 2989 2973
f 3529 2990 2989
f 3529 2989 3528
f 3530 2991 2990
f 3530 2990 3529
f 2993 2992 3531
f 2993 3531 3532
f 2994 2993 3532
f 2994 3532 3533
f 3534 3520 2978
f 3534 2978 2995
f 3535 3520 3534
f 3535 3521 3520
f 3535 3522 3521
f 3535 3536 3522
f 3537 2984 3523
f 3537 2998 2984
f 2999 2998 3537
f 2999 3537 3538
f 3538 3537 3523
f 3538 3523 3524
f 3000 2999 3538
f 3000 3538 3539
f 3539 3538 3524
f 3539 3524 3525
f 3540 3526 2987
f 3540 2987 3001
f 3540 3001 3000
f 3540 3000 3539
f 3540 3539 3525
f 3540 3525 3526
f 3541 3529 3528
f 3541 3542 3529
f 3530 3004 2991
f 3530 3543 3004
f 3542 3530 3529
f 3542 3543 3530
f 3531 2992 3005
f 3531 3005 3544
f 3005 3004 3543
f 3005 3543 3544
f 3545 2994 3533
f 3545 3006 2994
f 3546 3534 2995
f 3546 2995 3007
f 3007 3006 3545
f 3007 3545 3546
f 3546 3545 3533
f 3546 3533 3534
f 3547 3543 3542
f 3547 3548 3543
f 3549 3543 3548
f 3549 3544 3543
f 3021 3550 3020
f 3021 3551 3550
f 3553 3022 3023
f 3553 3552 3022
f 3025 3554 3024
f 3025 3555 3554
f 3556 3020 3550
f 3556 3027 3020
f 3551 3021 3028
f 3551 3028 3557
f 3556 3550 3551
f 3556 3551 3557
f 3552 3029 3022
f 3552 3558 3029
f 3029 3557 3028
f 3029 3558 3557
f 3553 3023 3030
f 3553 3030 3559
f 3558 3552 3553
f 3558 3553 3559
f 3554 3031 3024
f 3554 3560 3031
f 3560 3030 3031
f 3560 3559 3030
f 3555 3025 3032
f 3555 3032 3561
f 3560 3554 3555
f 3560 3555 3561
f 3562 3032 3033
f 3562 3561 3032
f 3563 3033 3034
f 3563 3562 3033
f 3566 3035 3036
f 3566 3565 3035
f 3556 3037 3027
f 3556 3567 3037
f 3037 3566 3036
f 3037 3567 3566
f 3568 3567 3556
f 3568 3556 3557
f 3569 3039 3038
f 3569 3038 3568
f 3572 3041 3040
f 3572 3040 3571
f 3573 3563 3034
f 3573 3034 3042
f 3573 3042 3041
f 3573 3041 3572
f 3573 3572 3562
f 3573 3562 3563
f 3044 3574 3043
f 3044 3575 3574
f 3576 3035 3565
f 3576 3045 3035
f 3576 3044 3045
f 3576 3575 3044
f 3576 3564 3575
f 3576 3565 3564
f 3578 3568 3038
f 3578 3038 3046
f 3577 3567 3568
f 3577 3568 3578
f 3569 3047 3039
f 3569 3579 3047
f 3579 3046 3047
f 3579 3578 3046
f 3578 3569 3568
f 3578 3579 3569
f 3581 3571 3040
f 3581 3040 3049
f 3581 3049 3048
f 3581 3048 3580
f 3581 3580 3570
f 3581 3570 3571
f 3583 3050 3051
f 3583 3582 3050
f 3052 3583 3051
f 3052 3584 3583
f 3574 3053 3043
f 3574 3587 3053
f 3588 3054 3053
f 3588 3053 3587
f 3590 3580 3048
f 3590 3048 3057
f 3057 3056 3589
f 3057 3589 3590
f 3591 3057 3058
f 3591 3590 3057
f 3582 3059 3050
f 3582 3592 3059
f 3591 3582 3581
f 3591 3592 3582
f 3592 3582 3583
f 3592 3583 3593
f 3584 3052 3061
f 3584 3061 3594
f 3594 3061 3060
f 3594 3060 3593
f 3593 3583 3584
f 3593 3584 3594
f 3598 3063 3064
f 3598 3597 3063
f 3598 3585 3597
f 3598 3586 3585
f 3065 3598 3064
f 3065 3599 3598
f 3588 3066 3054
f 3588 3600 3066
f 3600 3065 3066
f 3600 3599 3065
f 3600 3587 3599
f 3600 3588 3587
f 3068 3067 3601
f 3068 3601 3602
f 3589 3056 3069
f 3589 3069 3603
f 3604 3057 3590
f 3604 3070 3057
f 3070 3603 3069
f 3070 3604 3603
f 3604 3589 3603
f 3604 3590 3589
f 3605 3591 3058
f 3605 3058 3071
f 3606 3059 3592
f 3606 3072 3059
f 3072 3605 3071
f 3072 3606 3605
f 3606 3591 3605
f 3606 3592 3591
f 3607 3593 3060
f 3607 3060 3073
f 3074 3607 3073
f 3074 3608 3607
f 3607 3594 3593
f 3607 3608 3594
f 3075 3608 3074
f 3075 3609 3608
f 3608 3595 3594
f 3608 3609 3595
f 3076 3609 3075
f 3076 3610 3609
f 3611 3076 3077
f 3611 3610 3076
f 3612 3077 3078
f 3612 3611 3077
f 3079 3612 3078
f 3079 3613 3612
f 3080 3613 3079
f 3080 3614 3613
f 3081 3614 3080
f 3081 3615 3614
f 3597 3082 3063
f 3597 3617 3082
f 3616 3597 3596
f 3616 3617 3597
f 3618 3083 3082
f 3618 3082 3617
f 3619 3084 3083
f 3619 3083 3618
f 3601 3067 3086
f 3601 3086 3620
f 3602 3087 3068
f 3602 3621 3087
f 3087 3620 3086
f 3087 3621 3620
f 3620 3602 3601
f 3620 3621 3602
f 3623 3089 3088
f 3623 3088 3622
f 3615 3081 3093
f 3615 3093 3625
f 3624 3614 3615
f 3624 3615 3625
f 3626 3093 3094
f 3626 3625 3093
f 3629 3095 3096
f 3629 3628 3095
f 3097 3629 3096
f 3097 3630 3629
f 3629 3618 3617
f 3629 3630 3618
f 3619 3098 3084
f 3619 3631 3098
f 3630 3619 3618
f 3630 3631 3619
f 3632 3099 3098
f 3632 3098 3631
f 3622 3088 3103
f 3622 3103 3635
f 3623 3104 3089
f 3623 3636 3104
f 3104 3635 3103
f 3104 3636 3635
f 3635 3623 3622
f 3635 3636 3623
f 3637 3105 3104
f 3637 3104 3636
f 3626 3094 3110
f 3626 3110 3639
f 3639 3110 3109
f 3639 3109 3638
f 3638 3625 3626
f 3638 3626 3639
f 3641 3095 3628
f 3641 3111 3095
f 3641 3627 3640
f 3641 3628 3627
f 3642 3630 3097
f 3642 3097 3113
f 3642 3631 3630
f 3642 3643 3631
f 3632 3114 3099
f 3632 3644 3114
f 3643 3632 3631
f 3643 3644 3632
f 3117 3116 3645
f 3117 3645 3646
f 3120 3119 3647
f 3120 3647 3648
f 3648 3633 3634
f 3648 3634 3649
f 3651 3636 3104
f 3651 3104 3123
f 3637 3124 3105
f 3637 3652 3124
f 3124 3651 3123
f 3124 3652 3651
f 3651 3637 3636
f 3651 3652 3637
f 3638 3109 3128
f 3638 3128 3654
f 3128 3127 3653
f 3128 3653 3654
f 3656 3111 3641
f 3656 3130 3111
f 3656 3129 3130
f 3656 3655 3129
f 3656 3640 3655
f 3656 3641 3640
f 3642 3113 3132
f 3642 3132 3658
f 3132 3131 3657
f 3132 3657 3658
f 3133 3658 3132
f 3133 3659 3658
f 3644 3134 3114
f 3644 3660 3134
f 3660 3643 3659
f 3660 3644 3643
f 3645 3116 3136
f 3645 3136 3662
f 3662 3136 3135
f 3662 3135 3661
f 3646 3137 3117
f 3646 3663 3137
f 3662 3646 3645
f 3662 3663 3646
f 3138 3137 3663
f 3138 3663 3664
f 3665 3647 3119
f 3665 3119 3139
f 3665 3139 3138
f 3665 3138 3664
f 3666 3120 3648
f 3666 3140 3120
f 3141 3140 3666
f 3141 3666 3667
f 3668 3667 3649
f 3668 3649 3650
f 3143 3142 3669
f 3143 3669 3670
f 3653 3127 3145
f 3653 3145 3673
f 3674 3653 3673
f 3674 3654 3653
f 3675 3129 3655
f 3675 3147 3129
f 3676 3148 3147
f 3676 3147 3675
f 3657 3131 3149
f 3657 3149 3677
f 3678 3132 3658
f 3678 3150 3132
f 3678 3657 3677
f 3678 3658 3657
f 3679 3659 3133
f 3679 3133 3151
f 3660 3152 3134
f 3660 3680 3152
f 3679 3660 3659
f 3679 3680 3660
f 3661 3135 3153
f 3661 3153 3681
f 3153 3152 3680
f 3153 3680 3681
f 3682 3661 3681
f 3682 3662 3661
f 3682 3663 3662
f 3682 3683 3663
f 3684 3663 3683
f 3684 3664 3663
f 3155 3685 3154
f 3155 3686 3685
f 3687 3141 3667
f 3687 3156 3141
f 3687 3155 3156
f 3687 3686 3155
f 3687 3666 3686
f 3687 3667 3666
f 3689 3158 3157
f 3689 3157 3688
f 3690 3669 3142
f 3690 3142 3159
f 3690 3159 3158
f 3690 3158 3689
f 3691 3143 3670
f 3691 3160 3143
f 3691 3159 3160
f 3691 3690 3159
f 3691 3669 3690
f 3691 3670 3669
f 3692 3671 3672
f 3692 3672 3693
f 3694 3673 3145
f 3694 3145 3162
f 3676 3165 3148
f 3676 3696 3165
f 3165 3695 3164
f 3165 3696 3695
f 3696 3675 3695
f 3696 3676 3675
f 3677 3149 3166
f 3677 3166 3697
f 3678 3167 3150
f 3678 3698 3167
f 3167 3697 3166
f 3167 3698 3697
f 3697 3678 3677
f 3697 3698 3678
f 3679 3151 3168
f 3679 3168 3699
f 3168 3167 3698
f 3168 3698 3699
f 3700 3679 3699
f 3700 3680 3679
f 3701 3169 3170
f 3701 3700 3169
f 3701 3680 3700
f 3701 3681 3680
f 3171 3701 3170
f 3171 3702 3701
f 3703 3682 3702
f 3703 3683 3682
f 3685 3172 3154
f 3685 3704 3172
f 3173 3172 3704
f 3173 3704 3705
f 3704 3685 3686
f 3704 3686 3705
f 3688 3157 3174
f 3688 3174 3707
f 3708 3174 3175
f 3708 3707 3174
f 3708 3688 3707
f 3708 3689 3688
f 3690 3176 3159
f 3690 3709 3176
f 3176 3708 3175
f 3176 3709 3708
f 3708 3690 3689
f 3708 3709 3690
f 3710 3177 3176
f 3710 3176 3709
f 3715 3694 3162
f 3715 3162 3179
f 3716 3179 3180
f 3716 3715 3179
f 3717 3164 3695
f 3717 3181 3164
f 3719 3698 3167
f 3719 3167 3184
f 3719 3718 3697
f 3719 3697 3698
f 3720 3169 3700
f 3720 3185 3169
f 3721 3702 3171
f 3721 3171 3187
f 3723 3173 3705
f 3723 3191 3173
f 3191 3722 3190
f 3191 3723 3722
f 3723 3705 3706
f 3723 3706 3724
f 3725 3193 3192
f 3725 3192 3724
f 3726 3194 3193
f 3726 3193 3725
f 3727 3709 3176
f 3727 3176 3195
f 3710 3196 3177
f 3710 3728 3196
f 3727 3710 3709
f 3727 3728 3710
f 3729 3711 3712
f 3729 3712 3730
f 3731 3713 3714
f 3731 3714 3732
f 3716 3180 3202
f 3716 3202 3734
f 3202 3201 3733
f 3202 3733 3734
f 3717 3203 3181
f 3717 3735 3203
f 3719 3184 3206
f 3719 3206 3738
f 3737 3718 3719
f 3737 3719 3738
f 3740 3185 3720
f 3740 3207 3185
f 3741 3208 3207
f 3741 3207 3740
f 3742 3721 3187
f 3742 3187 3209
f 3742 3209 3208
f 3742 3208 3741
f 3745 3190 3722
f 3745 3212 3190
f 3747 3724 3192
f 3747 3192 3214
f 3748 3724 3747
f 3748 3725 3724
f 3749 3194 3726
f 3749 3215 3194
f 3748 3726 3725
f 3748 3749 3726
f 3727 3195 3216
f 3727 3216 3750
f 3728 3217 3196
f 3728 3751 3217
f 3217 3750 3216
f 3217 3751 3750
f 3751 3727 3750
f 3751 3728 3727
f 3220 3219 3752
f 3220 3752 3753
f 3222 3221 3754
f 3222 3754 3755
f 3733 3201 3223
f 3733 3223 3756
f 3223 3222 3755
f 3223 3755 3756
f 3757 3733 3756
f 3757 3734 3733
f 3758 3203 3735
f 3758 3224 3203
f 3225 3224 3758
f 3225 3758 3759
f 3758 3735 3736
f 3758 3736 3759
f 3761 3738 3206
f 3761 3206 3226
f 3227 3761 3226
f 3227 3762 3761
f 3761 3739 3738
f 3761 3762 3739
f 3764 3744 3743
f 3764 3765 3744
f 3745 3232 3212
f 3745 3766 3232
f 3232 3765 3231
f 3232 3766 3765
f 3767 3766 3745
f 3767 3745 3746
f 3747 3214 3233
f 3747 3233 3768
f 3767 3746 3747
f 3767 3747 3768
f 3769 3747 3768
f 3769 3748 3747
f 3749 3235 3215
f 3749 3770 3235
f 3770 3234 3235
f 3770 3769 3234
f 3770 3748 3769
f 3770 3749 3748
f 3772 3237 3236
f 3772 3236 3771
f 3752 3219 3238
f 3752 3238 3773
f 3238 3237 3772
f 3238 3772 3773
f 3753 3239 3220
f 3753 3774 3239
f 3773 3753 3752
f 3773 3774 3753
f 3754 3221 3240
f 3754 3240 3775
f 3775 3240 3239
f 3775 3239 3774
f 3776 3754 3775
f 3776 3755 3754
f 3777 3225 3759
f 3777 3242 3225
f 3243 3242 3777
f 3243 3777 3778
f 3777 3759 3760
f 3777 3760 3778
f 3244 3243 3778
f 3244 3778 3779
f 3780 3762 3227
f 3780 3227 3245
f 3245 3244 3779
f 3245 3779 3780
f 3780 3763 3762
f 3780 3781 3763
f 3247 3782 3246
f 3247 3783 3782
f 3765 3248 3231
f 3765 3784 3248
f 3248 3783 3247
f 3248 3784 3783
f 3785 3784 3765
f 3785 3765 3766
f 3787 3768 3233
f 3787 3233 3250
f 3787 3250 3249
f 3787 3249 3786
f 3788 3234 3769
f 3788 3251 3234
f 3789 3771 3236
f 3789 3236 3253
f 3254 3789 3253
f 3254 3790 3789
f 3255 3790 3254
f 3255 3791 3790
f 3782 3262 3246
f 3782 3793 3262
f 3794 3793 3782
f 3794 3782 3783
f 3795 3794 3783
f 3795 3783 3784
f 3265 3264 3795
f 3265 3795 3796
f 3796 3795 3784
f 3796 3784 3785
f 3797 3786 3249
f 3797 3249 3266
f 3796 3785 3786
f 3796 3786 3797
f 3798 3786 3797
f 3798 3787 3786
f 3799 3251 3788
f 3799 3268 3251
f 3799 3787 3798
f 3799 3788 3787
f 3270 3269 3800
f 3270 3800 3801
f 3271 3270 3801
f 3271 3801 3802
f 3804 3791 3255
f 3804 3255 3273
f 3273 3272 3803
f 3273 3803 3804
f 3804 3803 3790
f 3804 3790 3791
f 3805 3791 3804
f 3805 3792 3791
f 3793 3276 3262
f 3793 3806 3276
f 3807 3277 3276
f 3807 3276 3806
f 3808 3795 3264
f 3808 3264 3278
f 3808 3278 3277
f 3808 3277 3807
f 3808 3807 3794
f 3808 3794 3795
f 3809 3265 3796
f 3809 3279 3265
f 3810 3797 3266
f 3810 3266 3280
f 3280 3279 3809
f 3280 3809 3810
f 3810 3809 3796
f 3810 3796 3797
f 3799 3281 3268
f 3799 3812 3281
f 3811 3799 3798
f 3811 3812 3799
f 3800 3269 3282
f 3800 3282 3813
f 3813 3282 3281
f 3813 3281 3812
f 3802 3283 3271
f 3802 3814 3283
f 3815 3803 3272
f 3815 3272 3284
f 3284 3283 3814
f 3284 3814 3815
f 3815 3814 3802
f 3815 3802 3803
f 3819 3296 3297
f 3819 3818 3296
f 3298 3819 3297
f 3298 3820 3819
f 3299 3820 3298
f 3299 3821 3820
f 3822 3299 3300
f 3822 3821 3299
f 3823 3300 3301
f 3823 3822 3300
f 3826 3304 3305
f 3826 3825 3304
f 3827 3816 3826
f 3827 3817 3816
f 3818 3307 3296
f 3818 3828 3307
f 3307 3827 3306
f 3307 3828 3827
f 3827 3818 3817
f 3827 3828 3818
f 3829 3828 3818
f 3829 3818 3819
f 3829 3819 3820
f 3829 3820 3830
f 3830 3820 3821
f 3830 3821 3831
f 3832 3831 3821
f 3832 3821 3822
f 3823 3301 3308
f 3823 3308 3833
f 3833 3832 3822
f 3833 3822 3823
f 3838 3304 3825
f 3838 3312 3304
f 3312 3837 3311
f 3312 3838 3837
f 3838 3824 3837
f 3838 3825 3824
f 3839 3826 3305
f 3839 3305 3313
f 3839 3838 3825
f 3839 3825 3826
f 3827 3314 3306
f 3827 3840 3314
f 3314 3839 3313
f 3314 3840 3839
f 3840 3826 3839
f 3840 3827 3826
f 3841 3828 3829
f 3841 3829 3842
f 3843 3842 3829
f 3843 3829 3830
f 3844 3843 3830
f 3844 3830 3831
f 3844 3831 3832
f 3844 3832 3845
f 3846 3833 3308
f 3846 3308 3316
f 3846 3316 3315
f 3846 3315 3845
f 3846 3845 3832
f 3846 3832 3833
f 3849 3835 3834
f 3849 3850 3835
f 3850 3836 3835
f 3850 3851 3836
f 3852 3319 3320
f 3852 3851 3319
f 3853 3311 3837
f 3853 3321 3311
f 3854 3845 3315
f 3854 3315 3326
f 3328 3855 3327
f 3328 3856 3855
f 3329 3856 3328
f 3329 3857 3856
f 3330 3857 3329
f 3330 3858 3857
f 3331 3858 3330
f 3331 3859 3858
f 3858 3848 3847
f 3858 3859 3848
f 3863 3319 3851
f 3863 3333 3319
f 3863 3332 3333
f 3863 3862 3332
f 3863 3850 3862
f 3863 3851 3850
f 3864 3852 3320
f 3864 3320 3334
f 3863 3851 3852
f 3863 3852 3864
f 3865 3321 3853
f 3865 3335 3321
f 3865 3334 3335
f 3865 3864 3334
f 3865 3852 3864
f 3865 3853 3852
f 3869 3340 3339
f 3869 3339 3868
f 3870 3854 3326
f 3870 3326 3341
f 3871 3327 3855
f 3871 3342 3327
f 3342 3870 3341
f 3342 3871 3870
f 3870 3855 3854
f 3870 3871 3855
f 3872 3856 3857
f 3872 3857 3873
f 3874 3859 3331
f 3874 3331 3345
f 3346 3874 3345
f 3346 3875 3874
f 3874 3860 3859
f 3874 3875 3860
f 3347 3875 3346
f 3347 3876 3875
f 3348 3876 3347
f 3348 3877 3876
f 3349 3877 3348
f 3349 3878 3877
f 3350 3878 3349
f 3350 3879 3878
f 3881 3332 3862
f 3881 3351 3332
f 3881 3861 3880
f 3881 3862 3861
f 3882 3352 3351
f 3882 3351 3881
f 3883 3353 3352
f 3883 3352 3882
f 3884 3866 3867
f 3884 3867 3885
f 3868 3339 3356
f 3868 3356 3886
f 3869 3357 3340
f 3869 3887 3357
f 3357 3886 3356
f 3357 3887 3886
f 3886 3869 3868
f 3886 3887 3869
f 3889 3875 3876
f 3889 3876 3890
f 3891 3879 3350
f 3891 3350 3361
f 3894 3880 3893
f 3894 3881 3880
f 3895 3363 3364
f 3895 3894 3363
f 3895 3881 3894
f 3895 3882 3881
f 3896 3353 3883
f 3896 3365 3353
f 3896 3364 3365
f 3896 3895 3364
f 3895 3883 3882
f 3895 3896 3883
f 3370 3369 3899
f 3370 3899 3900
f 3902 3372 3371
f 3902 3371 3901
f 3901 3887 3888
f 3901 3888 3902
f 3891 3361 3378
f 3891 3378 3909
f 3910 3378 3379
f 3910 3909 3378
f 3909 3892 3891
f 3909 3910 3892
f 3912 3380 3381
f 3912 3911 3380
f 3913 3363 3894
f 3913 3382 3363
f 3913 3381 3382
f 3913 3912 3381
f 3913 3893 3912
f 3913 3894 3893
f 3914 3897 3898
f 3914 3898 3915
f 3899 3369 3386
f 3899 3386 3916
f 3900 3387 3370
f 3900 3917 3387
f 3917 3386 3387
f 3917 3916 3386
f 3917 3899 3916
f 3917 3900 3899
f 3920 3901 3371
f 3920 3371 3389
f 3920 3389 3388
f 3920 3388 3919
f 3902 3390 3372
f 3902 3921 3390
f 3390 3920 3389
f 3390 3921 3920
f 3921 3901 3920
f 3921 3902 3901
f 3922 3903 3904
f 3922 3904 3923
f 3925 3394 3393
f 3925 3393 3924
f 3925 3924 3905
f 3925 3905 3906
f 3926 3925 3906
f 3926 3906 3907
f 3926 3907 3908
f 3926 3908 3927
f 3910 3379 3398
f 3910 3398 3930
f 3398 3397 3929
f 3398 3929 3930
f 3911 3399 3380
f 3911 3931 3399
f 3932 3400 3399
f 3932 3399 3931
f 3933 3915 3916
f 3933 3916 3934
f 3935 3934 3916
f 3935 3916 3917
f 3937 3919 3388
f 3937 3388 3409
f 3937 3409 3408
f 3937 3408 3936
f 3937 3936 3918
f 3937 3918 3919
f 3938 3389 3920
f 3938 3410 3389
f 3938 3919 3937
f 3938 3920 3919
f 3939 3938 3920
f 3939 3920 3921
f 3941 3412 3411
f 3941 3411 3940
f 3942 3924 3393
f 3942 3393 3413
f 3943 3394 3925
f 3943 3414 3394
f 3943 3413 3414
f 3943 3942 3413
f 3943 3924 3942
f 3943 3925 3924
f 3417 3416 3944
f 3417 3944 3945
f 3944 3927 3928
f 3944 3928 3945
f 3929 3397 3418
f 3929 3418 3946
f 3947 3929 3946
f 3947 3930 3929
f 3949 3400 3932
f 3949 3420 3400
f 3949 3419 3420
f 3949 3948 3419
f 3949 3931 3948
f 3949 3932 3931
f 3425 3424 3952
f 3425 3952 3953
f 3954 3426 3425
f 3954 3425 3953
f 3936 3408 3428
f 3936 3428 3956
f 3428 3427 3955
f 3428 3955 3956
f 3957 3936 3956
f 3957 3937 3936
f 3958 3410 3938
f 3958 3430 3410
f 3958 3429 3430
f 3958 3957 3429
f 3958 3937 3957
f 3958 3938 3937
f 3959 3940 3411
f 3959 3411 3433
f 3960 3412 3941
f 3960 3434 3412
f 3434 3959 3433
f 3434 3960 3959
f 3959 3941 3940
f 3959 3960 3941
f 3944 3416 3435
f 3944 3435 3961
f 3962 3417 3945
f 3962 3436 3417
f 3436 3961 3435
f 3436 3962 3961
f 3962 3944 3961
f 3962 3945 3944
f 3964 3946 3418
f 3964 3418 3438
f 3964 3438 3437
f 3964 3437 3963
f 3964 3947 3946
f 3964 3965 3947
f 3966 3419 3948
f 3966 3439 3419
f 3442 3441 3969
f 3442 3969 3970
f 3443 3442 3970
f 3443 3970 3971
f 3970 3950 3951
f 3970 3951 3971
f 3972 3952 3424
f 3972 3424 3444
f 3445 3972 3444
f 3445 3973 3972
f 3972 3953 3952
f 3972 3973 3953
f 3954 3446 3426
f 3954 3974 3446
f 3973 3954 3953
f 3973 3974 3954
f 3955 3427 3447
f 3955 3447 3975
f 3975 3447 3446
f 3975 3446 3974
f 3977 3429 3957
f 3977 3448 3429
f 3978 3449 3448
f 3978 3448 3977
f 3980 3963 3437
f 3980 3437 3456
f 3456 3455 3979
f 3456 3979 3980
f 3981 3456 3457
f 3981 3980 3456
f 3982 3439 3966
f 3982 3458 3439
f 3459 3458 3982
f 3459 3982 3983
f 3982 3966 3967
f 3982 3967 3983
f 3969 3441 3460
f 3969 3460 3985
f 3985 3984 3968
f 3985 3968 3969
f 3971 3461 3443
f 3971 3987 3461
f 3988 3462 3461
f 3988 3461 3987
f 3989 3973 3445
f 3989 3445 3463
f 3464 3989 3463
f 3464 3990 3989
f 3991 3974 3990
f 3991 3975 3974
f 3991 3976 3975
f 3991 3992 3976
f 3993 3465 3466
f 3993 3992 3465
f 3978 3467 3449
f 3978 3994 3467
f 3994 3466 3467
f 3994 3993 3466
f 3994 3977 3993
f 3994 3978 3977
f 3979 3455 3473
f 3979 3473 3999
f 4000 3456 3980
f 4000 3474 3456
f 4000 3473 3474
f 4000 3999 3473
f 4000 3979 3999
f 4000 3980 3979
f 3981 3457 3475
f 3981 3475 4001
f 3476 4001 3475
f 3476 4002 4001
f 3983 3477 3459
f 3983 4003 3477
f 4005 3985 3460
f 4005 3460 3478
f 3480 4006 3479
f 3480 4007 4006
f 4007 3986 4006
f 4007 3987 3986
f 3988 3481 3462
f 3988 4008 3481
f 4007 3988 3987
f 4007 4008 3988
f 3482 3481 4008
f 3482 4008 4009
f 4010 3990 3464
f 4010 3464 3483
f 3483 3482 4009
f 3483 4009 4010
f 4010 3991 3990
f 4010 4011 3991
f 4012 3465 3992
f 4012 3484 3465
f 4012 3991 4011
f 4012 3992 3991
f 4013 3485 3484
f 4013 3484 4012
f 4016 3995 3996
f 4016 3996 4017
f 4020 4019 3997
f 4020 3997 3998
f 3490 3489 4021
f 3490 4021 4022
f 4023 4002 3476
f 4023 3476 3491
f 4023 3491 3490
f 4023 3490 4022
f 4024 3477 4003
f 4024 3492 3477
f 4025 3493 3492
f 4025 3492 4024
f 4024 4003 4004
f 4024 4004 4025
f 4026 4005 3478
f 4026 3478 3494
f 3494 3493 4025
f 3494 4025 4026
f 4025 4004 4005
f 4025 4005 4026
f 4027 3479 4006
f 4027 3495 3479
f 4027 3494 3495
f 4027 4026 3494
f 4028 4007 3480
f 4028 3480 3496
f 4028 4008 4007
f 4028 4029 4008
f 4030 4008 4029
f 4030 4009 4008
f 4031 4011 4010
f 4031 4032 4011
f 4032 4012 4011
f 4032 4033 4012
f 4013 3498 3485
f 4013 4034 3498
f 4033 4013 4012
f 4033 4034 4013
f 4034 4013 4014
f 4034 4014 4035
f 4036 3500 3499
f 4036 3499 4035
f 4036 4035 4014
f 4036 4014 4015
f 3503 3502 4037
f 3503 4037 4038
f 4038 4037 4018
f 4038 4018 4019
f 4039 3504 3503
f 4039 3503 4038
f 3505 3504 4039
f 3505 4039 4040
f 3506 3505 4040
f 3506 4040 4041
f 4021 3489 3507
f 4021 3507 4042
f 3507 3506 4041
f 3507 4041 4042
f 4043 4021 4042
f 4043 4022 4021
f 4044 3494 4026
f 4044 3509 3494
f 3510 3509 4044
f 3510 4044 4045
f 4044 4026 4027
f 4044 4027 4045
f 4046 4028 3496
f 4046 3496 3511
f 3511 3510 4045
f 3511 4045 4046
f 4047 4028 4046
f 4047 4029 4028
f 4049 4031 4048
f 4049 4032 4031
f 4050 4032 4049
f 4050 4033 4032
f 4051 3498 4034
f 4051 3515 3498
f 4052 4035 3499
f 4052 3499 3516
f 3516 3515 4051
f 3516 4051 4052
f 4051 4034 4035
f 4051 4035 4052
f 4053 3500 4036
f 4053 3517 3500
f 4053 3516 3517
f 4053 4052 3516
f 4053 4035 4052
f 4053 4036 4035
f 4055 4037 3502
f 4055 3502 3519
f 4056 3519 3520
f 4056 4055 3519
f 4056 4037 4055
f 4056 4038 4037
f 3521 4056 3520
f 3521 4057 4056
f 4056 4039 4038
f 4056 4057 4039
f 3522 4057 3521
f 3522 4058 4057
f 4060 4048 4059
f 4060 4049 4048
f 4061 4049 4060
f 4061 4050 4049
f 4063 3516 4052
f 4063 3528 3516
f 3532 3531 4064
f 3532 4064 4065
f 3533 3532 4065
f 3533 4065 4066
f 4066 4065 4054
f 4066 4054 4055
f 4067 3534 3533
f 4067 3533 4066
f 3535 3534 4067
f 3535 4067 4068
f 4058 3522 3536
f 4058 3536 4069
f 3536 3535 4068
f 3536 4068 4069
f 4063 3541 3528
f 4063 4071 3541
f 4070 4063 4062
f 4070 4071 4063
f 4072 3542 3541
f 4072 3541 4071
f 4064 3531 3544
f 4064 3544 4074
f 4075 4064 4074
f 4075 4065 4064
f 4076 4067 4066
f 4076 4077 4067
f 4077 4068 4067
f 4077 4078 4068
f 4079 4068 4078
f 4079 4069 4068
f 4072 3547 3542
f 4072 4080 3547
f 4081 3548 3547
f 4081 3547 4080
f 4082 4074 3544
f 4082 3544 3549
f 4082 3549 3548
f 4082 3548 4081
f 4082 4081 4073
f 4082 4073 4074
f 3558 4086 3557
f 3558 4087 4086
f 3559 4087 3558
f 3559 4088 4087
f 4089 3559 3560
f 4089 4088 3559
f 4090 3560 3561
f 4090 4089 3560
f 4091 3561 3562
f 4091 4090 3561
f 4094 3564 3565
f 4094 4093 3564
f 3566 4094 3565
f 3566 4095 4094
f 4095 4083 4094
f 4095 4084 4083
f 3567 4095 3566
f 3567 4096 4095
f 4095 4085 4084
f 4095 4096 4085
f 4086 3568 3557
f 4086 4097 3568
f 4098 4097 4086
f 4098 4086 4087
f 4098 4087 4088
f 4098 4088 4099
f 4100 4099 4088
f 4100 4088 4089
f 4101 3571 3570
f 4101 3570 4100
f 4101 4100 4089
f 4101 4089 4090
f 4091 3562 3572
f 4091 3572 4102
f 4102 3572 3571
f 4102 3571 4101
f 4102 4101 4090
f 4102 4090 4091
f 4106 3564 4093
f 4106 3575 3564
f 4106 3574 3575
f 4106 4105 3574
f 4106 4092 4105
f 4106 4093 4092
f 4096 3567 3577
f 4096 3577 4107
f 4097 3578 3568
f 4097 4108 3578
f 4108 3577 3578
f 4108 4107 3577
f 4108 4097 4098
f 4108 4098 4109
f 4110 4109 4098
f 4110 4098 4099
f 4111 4100 3570
f 4111 3570 3580
f 4113 3581 3582
f 4113 4112 3581
f 4117 4104 4103
f 4117 4118 4104
f 4119 3585 3586
f 4119 4118 3585
f 4120 3574 4105
f 4120 3587 3574
f 4121 4109 4110
f 4121 4110 4122
f 4123 4111 3580
f 4123 3580 3590
f 4124 3581 4112
f 4124 3591 3581
f 3591 4123 3590
f 3591 4124 4123
f 4123 4112 4111
f 4123 4124 4112
f 4113 3582 3592
f 4113 3592 4125
f 4124 4112 4113
f 4124 4113 4125
f 4126 3592 3593
f 4126 4125 3592
f 3594 4126 3593
f 3594 4127 4126
f 3595 4127 3594
f 3595 4128 4127
f 4128 4114 4127
f 4128 4115 4114
f 4129 4115 4128
f 4129 4116 4115
f 4132 3585 4118
f 4132 3597 3585
f 4132 3596 3597
f 4132 4131 3596
f 4132 4117 4131
f 4132 4118 4117
f 4133 4119 3586
f 4133 3586 3598
f 4134 3587 4120
f 4134 3599 3587
f 3599 4133 3598
f 3599 4134 4133
f 4134 4119 4133
f 4134 4120 4119
f 4137 4128 3595
f 4137 3595 3609
f 3610 4137 3609
f 3610 4138 4137
f 4137 4129 4128
f 4137 4138 4129
f 3611 4138 3610
f 3611 4139 4138
f 3612 4139 3611
f 3612 4140 4139
f 4141 3612 3613
f 4141 4140 3612
f 4142 3613 3614
f 4142 4141 3613
f 4144 3596 4131
f 4144 3616 3596
f 4144 4130 4143
f 4144 4131 4130
f 4145 3617 3616
f 4145 3616 4144
f 4146 4135 4136
f 4146 4136 4147
f 4149 4148 4139
f 4149 4139 4140
f 4142 3614 3624
f 4142 3624 4150
f 4151 3624 3625
f 4151 4150 3624
f 4153 3627 3628
f 4153 4152 3627
f 4145 3629 3617
f 4145 4154 3629
f 4154 3628 3629
f 4154 4153 3628
f 4153 4145 4144
f 4153 4154 4145
f 3634 3633 4155
f 3634 4155 4156
f 4151 3625 3638
f 4151 3638 4162
f 4163 3627 4152
f 4163 3640 3627
f 3643 3642 4164
f 3643 4164 4165
f 4167 4155 3633
f 4167 3633 3648
f 3648 3647 4166
f 3648 4166 4167
f 4168 3634 4156
f 4168 3649 3634
f 3649 4167 3648
f 3649 4168 4167
f 4167 4156 4155
f 4167 4168 4156
f 4169 3650 3649
f 4169 3649 4168
f 4171 4170 4157
f 4171 4157 4158
f 4172 4159 4160
f 4172 4160 4173
f 4162 3638 3654
f 4162 3654 4175
f 4175 4174 4161
f 4175 4161 4162
f 4163 3655 3640
f 4163 4177 3655
f 4178 4164 3642
f 4178 3642 3658
f 4179 3643 4165
f 4179 3659 3643
f 3659 4178 3658
f 3659 4179 4178
f 4178 4165 4164
f 4178 4179 4165
f 4166 3647 3665
f 4166 3665 4181
f 3665 3664 4180
f 3665 4180 4181
f 4182 3648 4167
f 4182 3666 3648
f 4182 4166 4181
f 4182 4167 4166
f 4183 4168 3649
f 4183 3649 3667
f 4169 3668 3650
f 4169 4184 3668
f 3668 4183 3667
f 3668 4184 4183
f 4183 4169 4168
f 4183 4184 4169
f 4186 4185 4170
f 4186 4170 4171
f 3672 3671 4187
f 3672 4187 4188
f 4175 3654 3674
f 4175 3674 4191
f 4191 3674 3673
f 4191 3673 4190
f 4177 3675 3655
f 4177 4193 3675
f 4193 4176 4192
f 4193 4177 4176
f 3682 3681 4194
f 3682 4194 4195
f 4180 3664 3684
f 4180 3684 4197
f 3684 3683 4196
f 3684 4196 4197
f 4198 4180 4197
f 4198 4181 4180
f 4182 3686 3666
f 4182 4199 3686
f 4199 4181 4198
f 4199 4182 4181
f 4187 3671 3692
f 4187 3692 4200
f 4188 3693 3672
f 4188 4201 3693
f 3693 4200 3692
f 3693 4201 4200
f 4200 4188 4187
f 4200 4201 4188
f 4190 3673 3694
f 4190 3694 4203
f 4203 4202 4189
f 4203 4189 4190
f 4204 4190 4203
f 4204 4191 4190
f 4193 3695 3675
f 4193 4206 3695
f 4205 4193 4192
f 4205 4206 4193
f 4208 3698 3697
f 4208 3697 4207
f 3699 3698 4208
f 3699 4208 4209
f 4210 3700 3699
f 4210 3699 4209
f 4194 3681 3701
f 4194 3701 4211
f 4195 3702 3682
f 4195 4212 3702
f 3702 4211 3701
f 3702 4212 4211
f 4196 3683 3703
f 4196 3703 4213
f 3703 3702 4212
f 3703 4212 4213
f 4214 4196 4213
f 4214 4197 4196
f 4199 3705 3686
f 4199 4216 3705
f 4215 4199 4198
f 4215 4216 4199
f 4217 3706 3705
f 4217 3705 4216
f 3712 3711 4218
f 3712 4218 4219
f 3714 3713 4220
f 3714 4220 4221
f 4222 4203 3694
f 4222 3694 3715
f 4222 4221 4202
f 4222 4202 4203
f 4223 3715 3716
f 4223 4222 3715
f 4224 3695 4206
f 4224 3717 3695
f 4207 3697 3718
f 4207 3718 4225
f 4210 3720 3700
f 4210 4227 3720
f 4229 4212 3702
f 4229 3702 3721
f 4228 4211 4212
f 4228 4212 4229
f 4229 4213 4212
f 4229 4230 4213
f 4230 4214 4213
f 4230 4231 4214
f 4233 3722 3723
f 4233 4232 3722
f 4234 3706 4217
f 4234 3724 3706
f 4234 3723 3724
f 4234 4233 3723
f 4233 4217 4216
f 4233 4234 4217
f 4218 3711 3729
f 4218 3729 4235
f 4219 3730 3712
f 4219 4236 3730
f 3730 4235 3729
f 3730 4236 4235
f 4235 4219 4218
f 4235 4236 4219
f 4220 3713 3731
f 4220 3731 4237
f 4238 3714 4221
f 4238 3732 3714
f 3732 4237 3731
f 3732 4238 4237
f 4238 4220 4237
f 4238 4221 4220
f 4223 3716 3734
f 4223 3734 4239
f 4240 3717 4224
f 4240 3735 3717
f 3736 3735 4240
f 3736 4240 4241
f 4225 3718 3737
f 4225 3737 4242
f 4243 3737 3738
f 4243 4242 3737
f 3739 4243 3738
f 3739 4244 4243
f 4245 3720 4227
f 4245 3740 3720
f 4245 4226 4244
f 4245 4227 4226
f 3741 3740 4245
f 3741 4245 4246
f 4229 3721 3742
f 4229 3742 4247
f 3742 3741 4246
f 3742 4246 4247
f 4247 4230 4229
f 4247 4248 4230
f 3744 4248 3743
f 3744 4249 4248
f 4249 4230 4248
f 4249 4231 4230
f 4250 3722 4232
f 4250 3745 3722
f 4250 4231 4249
f 4250 4232 4231
f 4251 3746 3745
f 4251 3745 4250
f 4252 3747 3746
f 4252 3746 4251
f 4253 4235 4236
f 4253 4236 4254
f 3756 3755 4255
f 3756 4255 4256
f 4239 3734 3757
f 4239 3757 4257
f 3757 3756 4256
f 3757 4256 4257
f 4258 3736 4241
f 4258 3759 3736
f 3760 3759 4258
f 3760 4258 4259
f 4258 4241 4242
f 4258 4242 4259
f 4259 4242 4243
f 4259 4243 4260
f 4261 4244 3739
f 4261 3739 3762
f 3763 4261 3762
f 3763 4262 4261
f 4262 4244 4261
f 4262 4245 4244
f 4263 4245 4262
f 4263 4246 4245
f 4248 3764 3743
f 4248 4265 3764
f 4264 4248 4247
f 4264 4265 4248
f 4266 4249 3744
f 4266 3744 3765
f 4266 3765 3764
f 4266 3764 4265
f 3767 4267 3766
f 3767 4268 4267
f 4252 3768 3747
f 4252 4269 3768
f 4269 3767 3768
f 4269 4268 3767
f 4270 3769 3768
f 4270 3768 4269
f 4273 3772 3771
f 4273 3771 4272
f 4274 3773 3772
f 4274 3772 4273
f 3774 3773 4274
f 3774 4274 4275
f 4276 3775 3774
f 4276 3774 4275
f 4255 3755 3776
f 4255 3776 4277
f 3776 3775 4276
f 3776 4276 4277
f 4278 4255 4277
f 4278 4256 4255
f 4279 3760 4259
f 4279 3778 3760
f 3779 3778 4279
f 3779 4279 4280
f 4279 4259 4260
f 4279 4260 4280
f 3780 3779 4280
f 3780 4280 4281
f 4281 4280 4260
f 4281 4260 4261
f 4282 4262 3763
f 4282 3763 3781
f 3781 3780 4281
f 3781 4281 4282
f 4282 4281 4261
f 4282 4261 4262
f 4284 4264 4283
f 4284 4265 4264
f 4285 4265 4284
f 4285 4266 4265
f 4286 3766 4267
f 4286 3785 3766
f 4287 3786 3785
f 4287 3785 4286
f 4287 4286 4267
f 4287 4267 4268
f 4288 4269 3768
f 4288 3768 3787
f 4270 3788 3769
f 4270 4289 3788
f 3788 4288 3787
f 3788 4289 4288
f 4288 4270 4269
f 4288 4289 4270
f 4272 3771 3789
f 4272 3789 4291
f 4291 4290 4271
f 4291 4271 4272
f 4292 3789 3790
f 4292 4291 3789
f 4291 4273 4272
f 4291 4292 4273
f 4293 4273 4292
f 4293 4274 4273
f 3792 4293 3791
f 3792 4294 4293
f 4294 4274 4293
f 4294 4275 4274
f 3794 4296 3793
f 3794 4297 4296
f 4298 3786 4287
f 4298 3797 3786
f 4299 3798 3797
f 4299 3797 4298
f 3801 3800 4300
f 3801 4300 4301
f 4302 3802 3801
f 4302 3801 4301
f 4302 4301 4290
f 4302 4290 4291
f 4303 4292 3790
f 4303 3790 3803
f 3803 3802 4302
f 3803 4302 4303
f 4293 3804 3791
f 4293 4304 3804
f 4303 4293 4292
f 4303 4304 4293
f 4305 4294 3792
f 4305 3792 3805
f 3805 3804 4304
f 3805 4304 4305
f 4306 4294 4305
f 4306 4295 4294
f 4296 3806 3793
f 4296 4307 3806
f 4297 3794 3807
f 4297 3807 4308
f 4308 3807 3806
f 4308 3806 4307
f 4307 4296 4297
f 4307 4297 4308
f 4299 3811 3798
f 4299 4310 3811
f 4309 4299 4298
f 4309 4310 4299
f 4311 3812 3811
f 4311 3811 4310
f 4300 3800 3813
f 4300 3813 4312
f 3813 3812 4311
f 3813 4311 4312
f 4313 4300 4312
f 4313 4301 4300
f 4314 4305 4304
f 4314 4315 4305
f 4317 3816 3817
f 4317 4316 3816
f 4318 3817 3818
f 4318 4317 3817
f 4320 3824 3825
f 4320 4319 3824
f 4321 3816 4316
f 4321 3826 3816
f 4318 3818 3828
f 4318 3828 4323
f 4322 4317 4318
f 4322 4318 4323
f 4328 3834 3835
f 4328 4327 3834
f 3836 4328 3835
f 3836 4329 4328
f 4331 3824 4319
f 4331 3837 3824
f 4320 3825 3838
f 4320 3838 4332
f 4331 4319 4320
f 4331 4320 4332
f 4321 3839 3826
f 4321 4333 3839
f 4333 3838 3839
f 4333 4332 3838
f 4323 3828 3841
f 4323 3841 4334
f 4335 3841 3842
f 4335 4334 3841
f 4336 3842 3843
f 4336 4335 3842
f 4337 3843 3844
f 4337 4336 3843
f 4337 4324 4336
f 4337 4325 4324
f 4338 3844 3845
f 4338 4337 3844
f 4338 4325 4337
f 4338 4326 4325
f 3848 4339 3847
f 3848 4340 4339
f 4327 3849 3834
f 4327 4341 3849
f 4342 3850 3849
f 4342 3849 4341
f 4343 4329 3836
f 4343 3836 3851
f 4343 4342 4328
f 4343 4328 4329
f 4343 4330 4329
f 4343 4344 4330
f 4345 3837 4331
f 4345 3853 3837
f 3853 4344 3852
f 3853 4345 4344
f 4346 4345 4331
f 4346 4331 4332
f 4347 4346 4332
f 4347 4332 4333
f 4348 4334 4335
f 4348 4335 4349
f 4350 4349 4335
f 4350 4335 4336
f 4351 4338 3845
f 4351 3845 3854
f 4352 3854 3855
f 4352 4351 3854
f 3856 4352 3855
f 3856 4353 4352
f 4355 3847 4339
f 4355 3858 3847
f 4355 3857 3858
f 4355 4354 3857
f 4356 4340 3848
f 4356 3848 3859
f 4357 3859 3860
f 4357 4356 3859
f 4360 3850 4342
f 4360 3862 3850
f 4360 3861 3862
f 4360 4359 3861
f 4360 4341 4359
f 4360 4342 4341
f 4343 3851 3863
f 4343 3863 4361
f 4362 3852 4344
f 4362 3864 3852
f 4362 3863 3864
f 4362 4361 3863
f 4362 4343 4361
f 4362 4344 4343
f 3867 3866 4363
f 3867 4363 4364
f 4353 3856 3872
f 4353 3872 4367
f 4354 3873 3857
f 4354 4368 3873
f 4368 3872 3873
f 4368 4367 3872
f 4367 4354 4353
f 4367 4368 4354
f 4369 4368 4354
f 4369 4354 4355
f 4371 4357 3860
f 4371 3860 3875
f 4370 4356 4357
f 4370 4357 4371
f 3877 4372 3876
f 3877 4373 4372
f 3878 4373 3877
f 3878 4374 4373
f 4375 3878 3879
f 4375 4374 3878
f 4377 3861 4359
f 4377 3880 3861
f 4377 4358 4376
f 4377 4359 4358
f 4378 4360 4361
f 4378 4361 4379
f 4363 3866 3884
f 4363 3884 4381
f 4364 3885 3867
f 4364 4382 3885
f 3885 4381 3884
f 3885 4382 4381
f 4381 4364 4363
f 4381 4382 4364
f 3888 3887 4383
f 3888 4383 4384
f 4385 4384 4365
f 4385 4365 4366
f 4387 4386 4367
f 4387 4367 4368
f 4387 4368 4369
f 4387 4369 4388
f 4389 4388 4369
f 4389 4369 4370
f 4371 3875 3889
f 4371 3889 4390
f 4372 3890 3876
f 4372 4391 3890
f 3890 4390 3889
f 3890 4391 4390
f 4392 4391 4372
f 4392 4372 4373
f 4392 4373 4374
f 4392 4374 4393
f 4375 3879 3891
f 4375 3891 4394
f 4393 4374 4375
f 4393 4375 4394
f 4395 3891 3892
f 4395 4394 3891
f 4397 3880 4377
f 4397 3893 3880
f 4396 4377 4376
f 4396 4397 4377
f 4399 4379 4380
f 4399 4380 4400
f 3898 3897 4401
f 3898 4401 4402
f 4383 3887 3901
f 4383 3901 4403
f 4404 3888 4384
f 4404 3902 3888
f 3902 4403 3901
f 3902 4404 4403
f 4404 4383 4403
f 4404 4384 4383
f 3904 3903 4405
f 3904 4405 4406
f 4408 3906 3905
f 4408 3905 4407
f 4409 3907 3906
f 4409 3906 4408
f 3908 3907 4409
f 3908 4409 4410
f 4411 4410 4391
f 4411 4391 4392
f 4412 4411 4392
f 4412 4392 4393
f 4395 3892 3910
f 4395 3910 4414
f 4413 4394 4395
f 4413 4395 4414
f 4416 3893 4397
f 4416 3912 3893
f 3912 4415 3911
f 3912 4416 4415
f 4416 4397 4398
f 4416 4398 4417
f 4419 4401 3897
f 4419 3897 3914
f 4420 3898 4402
f 4420 3915 3898
f 4420 3914 3915
f 4420 4419 3914
f 4421 3916 3915
f 4421 3915 4420
f 4422 3917 3916
f 4422 3916 4421
f 4424 3919 3918
f 4424 3918 4423
f 3921 3920 4425
f 3921 4425 4426
f 4405 3903 3922
f 4405 3922 4428
f 4429 3904 4406
f 4429 3923 3904
f 4429 3922 3923
f 4429 4428 3922
f 4430 4407 3905
f 4430 3905 3924
f 4430 4429 4406
f 4430 4406 4407
f 4431 3924 3925
f 4431 4430 3924
f 4430 4408 4407
f 4430 4431 4408
f 3926 4431 3925
f 3926 4432 4431
f 4431 4409 4408
f 4431 4432 4409
f 4433 3908 4410
f 4433 3927 3908
f 3927 4432 3926
f 3927 4433 4432
f 4432 4410 4409
f 4432 4433 4410
f 3928 3927 4433
f 3928 4433 4434
f 4435 4414 3910
f 4435 3910 3930
f 4415 3931 3911
f 4415 4436 3931
f 4437 4436 4415
f 4437 4415 4416
f 4438 4437 4416
f 4438 4416 4417
f 4438 4417 4418
f 4438 4418 4439
f 4440 4420 3915
f 4440 3915 3933
f 4441 3933 3934
f 4441 4440 3933
f 4440 4421 4420
f 4440 4441 4421
f 4422 3935 3917
f 4422 4442 3935
f 3935 4441 3934
f 3935 4442 4441
f 4442 4421 4441
f 4442 4422 4421
f 4443 4423 3918
f 4443 3918 3936
f 4444 3919 4424
f 4444 3937 3919
f 4444 3936 3937
f 4444 4443 3936
f 4443 4424 4423
f 4443 4444 4424
f 4445 4425 3920
f 4445 3920 3938
f 4426 3939 3921
f 4426 4446 3939
f 3939 4445 3938
f 3939 4446 4445
f 4445 4426 4425
f 4445 4446 4426
f 4448 4447 4427
f 4448 4427 4428
f 4451 4433 3927
f 4451 3927 3944
f 4452 3928 4434
f 4452 3945 3928
f 3945 4451 3944
f 3945 4452 4451
f 4451 4434 4433
f 4451 4452 4434
f 4435 3930 3947
f 4435 3947 4453
f 4436 3948 3931
f 4436 4454 3948
f 4455 4454 4436
f 4455 4436 4437
f 3951 3950 4458
f 3951 4458 4459
f 4461 3956 3955
f 4461 3955 4460
f 4462 3957 3956
f 4462 3956 4461
f 4463 4447 4448
f 4463 4448 4464
f 4465 4449 4450
f 4465 4450 4466
f 4468 3964 3963
f 4468 3963 4467
f 4453 3947 3965
f 4453 3965 4469
f 3965 3964 4468
f 3965 4468 4469
f 4470 3948 4454
f 4470 3966 3948
f 3967 3966 4470
f 3967 4470 4471
f 4473 3969 3968
f 4473 3968 4472
f 4473 4472 4456
f 4473 4456 4457
f 4474 4458 3950
f 4474 3950 3970
f 3970 3969 4473
f 3970 4473 4474
f 4475 3951 4459
f 4475 3971 3951
f 4474 4459 4458
f 4474 4475 4459
f 3974 3973 4477
f 3974 4477 4478
f 4479 4460 3955
f 4479 3955 3975
f 3976 4479 3975
f 3976 4480 4479
f 4462 3977 3957
f 4462 4481 3977
f 4481 4461 4480
f 4481 4462 4461
f 4484 4467 3963
f 4484 3963 3980
f 3981 4484 3980
f 3981 4485 4484
f 4484 4468 4467
f 4484 4485 4468
f 4486 4468 4485
f 4486 4469 4468
f 4487 3967 4471
f 4487 3983 3967
f 4488 4472 3968
f 4488 3968 3984
f 4487 4471 4472
f 4487 4472 4488
f 4489 3984 3985
f 4489 4488 3984
f 4491 3971 4475
f 4491 3987 3971
f 4491 3986 3987
f 4491 4490 3986
f 4491 4475 4476
f 4491 4476 4492
f 4477 3973 3989
f 4477 3989 4493
f 4494 3974 4478
f 4494 3990 3974
f 4494 3989 3990
f 4494 4493 3989
f 4493 4478 4477
f 4493 4494 4478
f 4496 4480 3976
f 4496 3976 3992
f 4481 3993 3977
f 4481 4497 3993
f 4497 3992 3993
f 4497 4496 3992
f 4497 4480 4496
f 4497 4481 4480
f 3996 3995 4498
f 3996 4498 4499
f 4500 4499 4482
f 4500 4482 4483
f 3998 3997 4501
f 3998 4501 4502
f 4485 3981 4001
f 4485 4001 4504
f 4505 4001 4002
f 4505 4504 4001
f 4506 3983 4487
f 4506 4003 3983
f 4004 4003 4506
f 4004 4506 4507
f 4506 4487 4488
f 4506 4488 4507
f 4489 3985 4005
f 4489 4005 4508
f 4508 4005 4004
f 4508 4004 4507
f 4507 4488 4489
f 4507 4489 4508
f 4509 3986 4490
f 4509 4006 3986
f 4510 4509 4490
f 4510 4490 4491
f 4010 4009 4511
f 4010 4511 4512
f 4514 4513 4495
f 4514 4495 4496
f 4014 4013 4515
f 4014 4515 4516
f 4517 4015 4014
f 4517 4014 4516
f 4518 4498 3995
f 4518 3995 4016
f 4519 3996 4499
f 4519 4017 3996
f 4519 4016 4017
f 4519 4518 4016
f 4501 3997 4019
f 4501 4019 4521
f 4521 4019 4018
f 4521 4018 4520
f 4502 4020 3998
f 4502 4522 4020
f 4522 4019 4020
f 4522 4521 4019
f 4522 4501 4521
f 4522 4502 4501
f 4524 4523 4503
f 4524 4503 4504
f 4505 4002 4023
f 4505 4023 4525
f 4525 4023 4022
f 4525 4022 4524
f 4525 4524 4504
f 4525 4504 4505
f 4526 4006 4509
f 4526 4027 4006
f 4527 4526 4509
f 4527 4509 4510
f 4511 4009 4030
f 4511 4030 4529
f 4030 4029 4528
f 4030 4528 4529
f 4512 4031 4010
f 4512 4530 4031
f 4530 4511 4529
f 4530 4512 4511
f 4531 4530 4512
f 4531 4512 4513
f 4531 4513 4514
f 4531 4514 4532
f 4515 4013 4034
f 4515 4034 4533
f 4533 4034 4033
f 4533 4033 4532
f 4534 4515 4533
f 4534 4516 4515
f 4535 4015 4517
f 4535 4036 4015
f 4535 4035 4036
f 4535 4534 4035
f 4535 4516 4534
f 4535 4517 4516
f 4536 4520 4018
f 4536 4018 4037
f 4537 4019 4521
f 4537 4038 4019
f 4537 4037 4038
f 4537 4536 4037
f 4537 4520 4536
f 4537 4521 4520
f 4040 4039 4538
f 4040 4538 4539
f 4540 4041 4040
f 4540 4040 4539
f 4541 4042 4041
f 4541 4041 4540
f 4524 4022 4043
f 4524 4043 4542
f 4043 4042 4541
f 4043 4541 4542
f 4543 4027 4526
f 4543 4045 4027
f 4046 4045 4543
f 4046 4543 4544
f 4544 4543 4526
f 4544 4526 4527
f 4545 4528 4029
f 4545 4029 4047
f 4047 4046 4544
f 4047 4544 4545
f 4545 4544 4527
f 4545 4527 4528
f 4546 4031 4530
f 4546 4048 4031
f 4546 4530 4531
f 4546 4531 4547
f 4548 4532 4033
f 4548 4033 4050
f 4549 4035 4534
f 4549 4052 4035
f 4551 4055 4054
f 4551 4054 4550
f 4552 4538 4039
f 4552 4039 4057
f 4058 4552 4057
f 4058 4553 4552
f 4546 4059 4048
f 4546 4554 4059
f 4555 4060 4059
f 4555 4059 4554
f 4555 4554 4546
f 4555 4546 4547
f 4556 4548 4050
f 4556 4050 4061
f 4061 4060 4555
f 4061 4555 4556
f 4556 4555 4547
f 4556 4547 4548
f 4549 4063 4052
f 4549 4558 4063
f 4558 4062 4063
f 4558 4557 4062
f 4559 4550 4054
f 4559 4054 4065
f 4551 4066 4055
f 4551 4560 4066
f 4559 4551 4550
f 4559 4560 4551
f 4553 4058 4069
f 4553 4069 4561
f 4557 4070 4062
f 4557 4562 4070
f 4563 4071 4070
f 4563 4070 4562
f 4072 4071 4563
f 4072 4563 4564
f 4566 4074 4073
f 4566 4073 4565
f 4559 4065 4075
f 4559 4075 4567
f 4075 4074 4566
f 4075 4566 4567
f 4560 4076 4066
f 4560 4568 4076
f 4568 4559 4567
f 4568 4560 4559
f 4569 4077 4076
f 4569 4076 4568
f 4078 4077 4569
f 4078 4569 4570
f 4561 4069 4079
f 4561 4079 4571
f 4079 4078 4570
f 4079 4570 4571
f 4572 4563 4562
f 4572 4573 4563
f 4564 4080 4072
f 4564 4574 4080
f 4574 4563 4573
f 4574 4564 4563
f 4575 4565 4073
f 4575 4073 4081
f 4575 4081 4080
f 4575 4080 4574
f 4575 4574 4564
f 4575 4564 4565
f 4577 4566 4576
f 4577 4567 4566
f 4084 4578 4083
f 4084 4579 4578
f 4580 4084 4085
f 4580 4579 4084
f 4582 4092 4093
f 4582 4581 4092
f 4578 4094 4083
f 4578 4583 4094
f 4094 4582 4093
f 4094 4583 4582
f 4584 4583 4578
f 4584 4578 4579
f 4585 4580 4085
f 4585 4085 4096
f 4584 4579 4580
f 4584 4580 4585
f 4588 4099 4100
f 4588 4587 4099
f 4104 4590 4103
f 4104 4591 4590
f 4581 4105 4092
f 4581 4593 4105
f 4594 4593 4581
f 4594 4581 4582
f 4595 4594 4582
f 4595 4582 4583
f 4585 4096 4107
f 4585 4107 4596
f 4108 4596 4107
f 4108 4597 4596
f 4109 4597 4108
f 4109 4598 4597
f 4587 4110 4099
f 4587 4599 4110
f 4599 4586 4598
f 4599 4587 4586
f 4600 4588 4100
f 4600 4100 4111
f 4601 4111 4112
f 4601 4600 4111
f 4115 4602 4114
f 4115 4603 4602
f 4604 4115 4116
f 4604 4603 4115
f 4606 4103 4590
f 4606 4117 4103
f 4606 4589 4605
f 4606 4590 4589
f 4607 4591 4104
f 4607 4104 4118
f 4119 4607 4118
f 4119 4608 4607
f 4607 4592 4591
f 4607 4608 4592
f 4609 4105 4593
f 4609 4120 4105
f 4120 4608 4119
f 4120 4609 4608
f 4609 4592 4608
f 4609 4593 4592
f 4610 4609 4593
f 4610 4593 4594
f 4611 4610 4594
f 4611 4594 4595
f 4612 4596 4597
f 4612 4597 4613
f 4614 4598 4109
f 4614 4109 4121
f 4615 4110 4599
f 4615 4122 4110
f 4122 4614 4121
f 4122 4615 4614
f 4614 4599 4598
f 4614 4615 4599
f 4601 4112 4124
f 4601 4124 4617
f 4616 4600 4601
f 4616 4601 4617
f 4125 4617 4124
f 4125 4618 4617
f 4126 4618 4125
f 4126 4619 4618
f 4620 4114 4602
f 4620 4127 4114
f 4127 4619 4126
f 4127 4620 4619
f 4622 4604 4116
f 4622 4116 4129
f 4622 4621 4603
f 4622 4603 4604
f 4625 4117 4606
f 4625 4131 4117
f 4625 4130 4131
f 4625 4624 4130
f 4625 4605 4624
f 4625 4606 4605
f 4136 4135 4626
f 4136 4626 4627
f 4630 4629 4619
f 4630 4619 4620
f 4631 4630 4620
f 4631 4620 4621
f 4622 4129 4138
f 4622 4138 4632
f 4631 4621 4622
f 4631 4622 4632
f 4633 4138 4139
f 4633 4632 4138
f 4141 4634 4140
f 4141 4635 4634
f 4636 4141 4142
f 4636 4635 4141
f 4638 4130 4624
f 4638 4143 4130
f 4637 4624 4623
f 4637 4638 4624
f 4639 4144 4143
f 4639 4143 4638
f 4626 4135 4146
f 4626 4146 4640
f 4627 4147 4136
f 4627 4641 4147
f 4147 4640 4146
f 4147 4641 4640
f 4640 4627 4626
f 4640 4641 4627
f 4645 4644 4628
f 4645 4628 4629
f 4646 4645 4629
f 4646 4629 4630
f 4633 4139 4148
f 4633 4148 4649
f 4634 4149 4140
f 4634 4650 4149
f 4149 4649 4148
f 4149 4650 4649
f 4651 4650 4634
f 4651 4634 4635
f 4636 4142 4150
f 4636 4150 4652
f 4651 4635 4636
f 4651 4636 4652
f 4653 4150 4151
f 4653 4652 4150
f 4639 4153 4144
f 4639 4655 4153
f 4655 4152 4153
f 4655 4654 4152
f 4654 4639 4638
f 4654 4655 4639
f 4656 4642 4643
f 4656 4643 4657
f 4158 4157 4659
f 4158 4659 4660
f 4160 4159 4662
f 4160 4662 4663
f 4663 4662 4647
f 4663 4647 4648
f 4665 4664 4649
f 4665 4649 4650
f 4653 4151 4162
f 4653 4162 4668
f 4668 4162 4161
f 4668 4161 4667
f 4669 4152 4654
f 4669 4163 4152
f 4669 4654 4655
f 4669 4655 4670
f 4674 4657 4658
f 4674 4658 4675
f 4659 4157 4170
f 4659 4170 4677
f 4678 4158 4660
f 4678 4171 4158
f 4679 4678 4660
f 4679 4660 4661
f 4680 4662 4159
f 4680 4159 4172
f 4663 4173 4160
f 4663 4681 4173
f 4173 4680 4172
f 4173 4681 4680
f 4680 4663 4662
f 4680 4681 4663
f 4667 4161 4174
f 4667 4174 4684
f 4684 4683 4666
f 4684 4666 4667
f 4685 4174 4175
f 4685 4684 4174
f 4685 4667 4684
f 4685 4668 4667
f 4669 4177 4163
f 4669 4687 4177
f 4177 4686 4176
f 4177 4687 4686
f 4688 4687 4669
f 4688 4669 4670
f 4688 4670 4671
f 4688 4671 4689
f 4691 4672 4673
f 4691 4673 4692
f 4677 4170 4185
f 4677 4185 4694
f 4693 4676 4677
f 4693 4677 4694
f 4695 4171 4678
f 4695 4186 4171
f 4695 4185 4186
f 4695 4694 4185
f 4696 4681 4682
f 4696 4682 4697
f 4699 4190 4189
f 4699 4189 4698
f 4699 4698 4683
f 4699 4683 4684
f 4685 4175 4191
f 4685 4191 4700
f 4701 4176 4686
f 4701 4192 4176
f 4702 4701 4686
f 4702 4686 4687
f 4704 4689 4690
f 4704 4690 4705
f 4709 4195 4194
f 4709 4194 4708
f 4712 4198 4197
f 4712 4197 4711
f 4716 4698 4189
f 4716 4189 4202
f 4717 4190 4699
f 4717 4203 4190
f 4716 4699 4698
f 4716 4717 4699
f 4700 4191 4204
f 4700 4204 4718
f 4204 4203 4717
f 4204 4717 4718
f 4719 4192 4701
f 4719 4205 4192
f 4206 4205 4719
f 4206 4719 4720
f 4719 4701 4702
f 4719 4702 4720
f 4722 4721 4703
f 4722 4703 4704
f 4723 4208 4207
f 4723 4207 4722
f 4723 4722 4704
f 4723 4704 4705
f 4209 4208 4723
f 4209 4723 4724
f 4723 4705 4706
f 4723 4706 4724
f 4210 4209 4724
f 4210 4724 4725
f 4724 4706 4707
f 4724 4707 4725
f 4708 4194 4211
f 4708 4211 4726
f 4725 4707 4708
f 4725 4708 4726
f 4727 4195 4709
f 4727 4212 4195
f 4726 4709 4708
f 4726 4727 4709
f 4711 4197 4214
f 4711 4214 4729
f 4728 4710 4711
f 4728 4711 4729
f 4712 4215 4198
f 4712 4730 4215
f 4731 4216 4215
f 4731 4215 4730
f 4733 4732 4713
f 4733 4713 4714
f 4734 4733 4714
f 4734 4714 4715
f 4735 4716 4202
f 4735 4202 4221
f 4222 4735 4221
f 4222 4736 4735
f 4735 4717 4716
f 4735 4736 4717
f 4223 4736 4222
f 4223 4737 4736
f 4736 4718 4717
f 4736 4737 4718
f 4738 4206 4720
f 4738 4224 4206
f 4738 4720 4721
f 4738 4721 4739
f 4740 4722 4207
f 4740 4207 4225
f 4740 4739 4721
f 4740 4721 4722
f 4742 4210 4725
f 4742 4227 4210
f 4742 4226 4227
f 4742 4741 4226
f 4743 4726 4211
f 4743 4211 4228
f 4744 4212 4727
f 4744 4229 4212
f 4744 4228 4229
f 4744 4743 4228
f 4743 4727 4726
f 4743 4744 4727
f 4746 4729 4214
f 4746 4214 4231
f 4747 4231 4232
f 4747 4746 4231
f 4746 4730 4729
f 4746 4747 4730
f 4731 4233 4216
f 4731 4748 4233
f 4748 4232 4233
f 4748 4747 4232
f 4747 4731 4730
f 4747 4748 4731
f 4751 4750 4732
f 4751 4732 4733
f 4236 4235 4752
f 4236 4752 4753
f 4755 4737 4223
f 4755 4223 4239
f 4754 4736 4737
f 4754 4737 4755
f 4756 4224 4738
f 4756 4240 4224
f 4757 4241 4240
f 4757 4240 4756
f 4756 4738 4739
f 4756 4739 4757
f 4758 4740 4225
f 4758 4225 4242
f 4758 4242 4241
f 4758 4241 4757
f 4758 4757 4739
f 4758 4739 4740
f 4760 4226 4741
f 4760 4244 4226
f 4244 4759 4243
f 4244 4760 4759
f 4247 4246 4762
f 4247 4762 4763
f 4765 4764 4745
f 4765 4745 4746
f 4766 4250 4249
f 4766 4249 4765
f 4251 4250 4766
f 4251 4766 4767
f 4768 4252 4251
f 4768 4251 4767
f 4770 4769 4749
f 4770 4749 4750
f 4752 4235 4253
f 4752 4253 4771
f 4753 4254 4236
f 4753 4772 4254
f 4254 4771 4253
f 4254 4772 4771
f 4771 4753 4752
f 4771 4772 4753
f 4776 4755 4239
f 4776 4239 4257
f 4776 4257 4256
f 4776 4256 4775
f 4776 4775 4754
f 4776 4754 4755
f 4777 4243 4759
f 4777 4260 4243
f 4261 4260 4777
f 4261 4777 4778
f 4778 4777 4759
f 4778 4759 4760
f 4262 4261 4778
f 4262 4778 4779
f 4778 4760 4761
f 4778 4761 4779
f 4762 4246 4263
f 4762 4263 4780
f 4263 4262 4779
f 4263 4779 4780
f 4763 4264 4247
f 4763 4781 4264
f 4781 4762 4780
f 4781 4763 4762
f 4781 4763 4764
f 4781 4764 4782
f 4765 4249 4266
f 4765 4266 4783
f 4782 4764 4765
f 4782 4765 4783
f 4784 4765 4783
f 4784 4766 4765
f 4786 4252 4768
f 4786 4269 4252
f 4786 4268 4269
f 4786 4785 4268
f 4785 4768 4767
f 4785 4786 4768
f 4788 4272 4271
f 4788 4271 4787
f 4276 4275 4790
f 4276 4790 4791
f 4791 4790 4773
f 4791 4773 4774
f 4792 4277 4276
f 4792 4276 4791
f 4775 4256 4278
f 4775 4278 4793
f 4278 4277 4792
f 4278 4792 4793
f 4794 4264 4781
f 4794 4283 4264
f 4284 4283 4794
f 4284 4794 4795
f 4794 4781 4782
f 4794 4782 4795
f 4783 4266 4285
f 4783 4285 4796
f 4285 4284 4795
f 4285 4795 4796
f 4797 4268 4785
f 4797 4287 4268
f 4798 4787 4271
f 4798 4271 4290
f 4788 4291 4272
f 4788 4799 4291
f 4798 4788 4787
f 4798 4799 4788
f 4801 4790 4275
f 4801 4275 4294
f 4800 4789 4790
f 4800 4790 4801
f 4802 4294 4295
f 4802 4801 4294
f 4797 4298 4287
f 4797 4804 4298
f 4805 4798 4290
f 4805 4290 4301
f 4799 4302 4291
f 4799 4806 4302
f 4805 4799 4798
f 4805 4806 4799
f 4303 4302 4806
f 4303 4806 4807
f 4304 4303 4807
f 4304 4807 4808
f 4802 4295 4306
f 4802 4306 4810
f 4306 4305 4809
f 4306 4809 4810
f 4809 4801 4802
f 4809 4802 4810
f 4804 4309 4298
f 4804 4812 4309
f 4812 4803 4811
f 4812 4804 4803
f 4813 4310 4309
f 4813 4309 4812
f 4311 4310 4813
f 4311 4813 4814
f 4815 4312 4311
f 4815 4311 4814
f 4805 4301 4313
f 4805 4313 4816
f 4313 4312 4815
f 4313 4815 4816
f 4817 4805 4816
f 4817 4806 4805
f 4818 4806 4817
f 4818 4807 4806
f 4808 4314 4304
f 4808 4819 4314
f 4809 4305 4315
f 4809 4315 4820
f 4820 4315 4314
f 4820 4314 4819
f 4822 4811 4821
f 4822 4812 4811
f 4823 4812 4822
f 4823 4813 4812
f 4825 4316 4317
f 4825 4824 4316
f 4824 4321 4316
f 4824 4826 4321
f 4825 4317 4322
f 4825 4322 4827
f 4826 4824 4825
f 4826 4825 4827
f 4828 4322 4323
f 4828 4827 4322
f 4830 4324 4325
f 4830 4829 4324
f 4831 4325 4326
f 4831 4830 4325
f 4328 4832 4327
f 4328 4833 4832
f 4330 4834 4329
f 4330 4835 4834
f 4836 4321 4826
f 4836 4333 4321
f 4836 4826 4827
f 4836 4827 4837
f 4828 4323 4334
f 4828 4334 4838
f 4837 4827 4828
f 4837 4828 4838
f 4829 4336 4324
f 4829 4840 4336
f 4841 4840 4829
f 4841 4829 4830
f 4842 4831 4326
f 4842 4326 4338
f 4842 4841 4830
f 4842 4830 4831
f 4844 4339 4340
f 4844 4843 4339
f 4832 4341 4327
f 4832 4845 4341
f 4846 4833 4328
f 4846 4328 4342
f 4846 4845 4832
f 4846 4832 4833
f 4847 4329 4834
f 4847 4343 4329
f 4343 4846 4342
f 4343 4847 4846
f 4847 4833 4846
f 4847 4834 4833
f 4848 4835 4330
f 4848 4330 4344
f 4847 4834 4835
f 4847 4835 4848
f 4345 4848 4344
f 4345 4849 4848
f 4346 4849 4345
f 4346 4850 4849
f 4836 4347 4333
f 4836 4851 4347
f 4347 4850 4346
f 4347 4851 4850
f 4852 4851 4836
f 4852 4836 4837
f 4838 4334 4348
f 4838 4348 4853
f 4853 4852 4837
f 4853 4837 4838
f 4854 4348 4349
f 4854 4853 4348
f 4853 4839 4838
f 4853 4854 4839
f 4840 4350 4336
f 4840 4855 4350
f 4350 4854 4349
f 4350 4855 4854
f 4855 4839 4854
f 4855 4840 4839
f 4842 4338 4351
f 4842 4351 4857
f 4856 4841 4842
f 4856 4842 4857
f 4352 4857 4351
f 4352 4858 4857
f 4859 4352 4353
f 4859 4858 4352
f 4860 4353 4354
f 4860 4859 4353
f 4861 4339 4843
f 4861 4355 4339
f 4862 4844 4340
f 4862 4340 4356
f 4861 4843 4844
f 4861 4844 4862
f 4845 4359 4341
f 4845 4864 4359
f 4864 4358 4359
f 4864 4863 4358
f 4866 4361 4360
f 4866 4360 4865
f 4867 4851 4852
f 4867 4852 4868
f 4869 4856 4857
f 4869 4857 4870
f 4871 4366 4365
f 4871 4365 4870
f 4870 4857 4858
f 4870 4858 4871
f 4860 4354 4368
f 4860 4368 4873
f 4873 4368 4367
f 4873 4367 4872
f 4874 4355 4861
f 4874 4369 4355
f 4862 4356 4370
f 4862 4370 4875
f 4370 4369 4874
f 4370 4874 4875
f 4874 4861 4862
f 4874 4862 4875
f 4876 4370 4371
f 4876 4875 4370
f 4877 4358 4863
f 4877 4376 4358
f 4865 4360 4378
f 4865 4378 4879
f 4878 4864 4865
f 4878 4865 4879
f 4866 4379 4361
f 4866 4880 4379
f 4880 4378 4379
f 4880 4879 4378
f 4879 4866 4865
f 4879 4880 4866
f 4881 4380 4379
f 4881 4379 4880
f 4885 4870 4365
f 4885 4365 4384
f 4885 4884 4869
f 4885 4869 4870
f 4886 4366 4871
f 4886 4385 4366
f 4385 4885 4384
f 4385 4886 4885
f 4872 4367 4386
f 4872 4386 4887
f 4886 4871 4872
f 4886 4872 4887
f 4888 4386 4387
f 4888 4887 4386
f 4889 4387 4388
f 4889 4888 4387
f 4875 4389 4370
f 4875 4890 4389
f 4890 4388 4389
f 4890 4889 4388
f 4876 4371 4390
f 4876 4390 4891
f 4890 4875 4876
f 4890 4876 4891
f 4892 4390 4391
f 4892 4891 4390
f 4894 4393 4394
f 4894 4893 4393
f 4895 4376 4877
f 4895 4396 4376
f 4896 4397 4396
f 4896 4396 4895
f 4896 4895 4877
f 4896 4877 4878
f 4398 4397 4896
f 4398 4896 4897
f 4897 4896 4878
f 4897 4878 4879
f 4898 4880 4379
f 4898 4379 4399
f 4881 4400 4380
f 4881 4899 4400
f 4400 4898 4399
f 4400 4899 4898
f 4898 4881 4880
f 4898 4899 4881
f 4402 4401 4900
f 4402 4900 4901
f 4902 4882 4883
f 4902 4883 4903
f 4905 4904 4884
f 4905 4884 4885
f 4907 4406 4405
f 4907 4405 4906
f 4906 4887 4888
f 4906 4888 4907
f 4908 4407 4406
f 4908 4406 4907
f 4909 4908 4889
f 4909 4889 4890
f 4910 4909 4890
f 4910 4890 4891
f 4892 4391 4410
f 4892 4410 4911
f 4411 4911 4410
f 4411 4912 4911
f 4893 4412 4393
f 4893 4913 4412
f 4412 4912 4411
f 4412 4913 4912
f 4894 4394 4413
f 4894 4413 4914
f 4913 4893 4894
f 4913 4894 4914
f 4915 4413 4414
f 4915 4914 4413
f 4916 4398 4897
f 4916 4417 4398
f 4418 4417 4916
f 4418 4916 4917
f 4900 4401 4419
f 4900 4419 4919
f 4920 4402 4901
f 4920 4420 4402
f 4920 4419 4420
f 4920 4919 4419
f 4920 4900 4919
f 4920 4901 4900
f 4924 4906 4405
f 4924 4405 4428
f 4924 4428 4427
f 4924 4427 4923
f 4925 4428 4429
f 4925 4924 4428
f 4925 4906 4924
f 4925 4907 4906
f 4926 4407 4908
f 4926 4430 4407
f 4926 4429 4430
f 4926 4925 4429
f 4926 4907 4925
f 4926 4908 4907
f 4928 4927 4912
f 4928 4912 4913
f 4928 4913 4914
f 4928 4914 4929
f 4915 4414 4435
f 4915 4435 4930
f 4929 4914 4915
f 4929 4915 4930
f 4438 4931 4437
f 4438 4932 4931
f 4917 4439 4418
f 4917 4933 4439
f 4439 4932 4438
f 4439 4933 4932
f 4935 4934 4918
f 4935 4918 4919
f 4936 4921 4922
f 4936 4922 4937
f 4938 4923 4427
f 4938 4427 4447
f 4924 4448 4428
f 4924 4939 4448
f 4450 4449 4940
f 4450 4940 4941
f 4942 4927 4928
f 4942 4928 4943
f 4944 4943 4928
f 4944 4928 4929
f 4930 4435 4453
f 4930 4453 4945
f 4945 4944 4929
f 4945 4929 4930
f 4931 4455 4437
f 4931 4947 4455
f 4455 4946 4454
f 4455 4947 4946
f 4948 4947 4931
f 4948 4931 4932
f 4457 4456 4948
f 4457 4948 4949
f 4948 4932 4933
f 4948 4933 4949
f 4954 4461 4460
f 4954 4460 4953
f 4938 4447 4463
f 4938 4463 4955
f 4939 4464 4448
f 4939 4956 4464
f 4956 4463 4464
f 4956 4955 4463
f 4940 4449 4465
f 4940 4465 4957
f 4941 4466 4450
f 4941 4958 4466
f 4466 4957 4465
f 4466 4958 4957
f 4945 4453 4469
f 4945 4469 4960
f 4960 4959 4944
f 4960 4944 4945
f 4946 4470 4454
f 4946 4961 4470
f 4962 4471 4470
f 4962 4470 4961
f 4962 4961 4946
f 4962 4946 4947
f 4963 4948 4456
f 4963 4456 4472
f 4963 4472 4471
f 4963 4471 4962
f 4963 4962 4947
f 4963 4947 4948
f 4964 4457 4949
f 4964 4473 4457
f 4474 4473 4964
f 4474 4964 4965
f 4964 4949 4950
f 4964 4950 4965
f 4966 4475 4474
f 4966 4474 4965
f 4476 4475 4966
f 4476 4966 4967
f 4968 4967 4951
f 4968 4951 4952
f 4953 4460 4479
f 4953 4479 4969
f 4954 4480 4461
f 4954 4970 4480
f 4480 4969 4479
f 4480 4970 4969
f 4969 4954 4953
f 4969 4970 4954
f 4972 4955 4956
f 4972 4956 4973
f 4974 4483 4482
f 4974 4482 4973
f 4960 4469 4486
f 4960 4486 4980
f 4980 4486 4485
f 4980 4485 4979
f 4980 4979 4959
f 4980 4959 4960
f 4982 4476 4967
f 4982 4492 4476
f 4492 4981 4491
f 4492 4982 4981
f 4985 4496 4495
f 4985 4495 4984
f 4986 4985 4970
f 4986 4970 4971
f 4988 4973 4482
f 4988 4482 4499
f 4499 4498 4987
f 4499 4987 4988
f 4974 4500 4483
f 4974 4989 4500
f 4500 4988 4499
f 4500 4989 4988
f 4989 4974 4975
f 4989 4975 4990
f 4991 4976 4977
f 4991 4977 4992
f 4979 4485 4504
f 4979 4504 4995
f 4995 4504 4503
f 4995 4503 4994
f 4995 4994 4978
f 4995 4978 4979
f 4981 4510 4491
f 4981 4996 4510
f 4997 4996 4981
f 4997 4981 4982
f 5000 4984 4495
f 5000 4495 4513
f 4513 4512 4999
f 4513 4999 5000
f 5000 4999 4983
f 5000 4983 4984
f 4985 4514 4496
f 4985 5001 4514
f 5001 4984 5000
f 5001 4985 4984
f 5002 4987 4498
f 5002 4498 4518
f 5003 4499 4988
f 5003 4519 4499
f 5003 4518 4519
f 5003 5002 4518
f 5003 4987 5002
f 5003 4988 4987
f 5004 4991 4992
f 5004 4992 5005
f 5005 4992 4993
f 5005 4993 5006
f 5008 4994 4503
f 5008 4503 4523
f 5009 4523 4524
f 5009 5008 4523
f 5008 4995 4994
f 5008 5009 4995
f 5010 4510 4996
f 5010 4527 4510
f 4528 4527 5010
f 4528 5010 5011
f 5011 5010 4996
f 5011 4996 4997
f 4529 4528 5011
f 4529 5011 5012
f 5011 4997 4998
f 5011 4998 5012
f 5013 4999 4512
f 5013 4512 4530
f 5013 4530 4529
f 5013 4529 5012
f 5013 5012 4998
f 5013 4998 4999
f 5001 4532 4514
f 5001 5015 4532
f 4532 5014 4531
f 4532 5015 5014
f 5014 5001 5000
f 5014 5015 5001
f 5016 4533 4532
f 5016 4532 5015
f 5017 4534 4533
f 5017 4533 5016
f 4539 4538 5020
f 4539 5020 5021
f 4540 4539 5021
f 4540 5021 5022
f 5021 5006 5007
f 5021 5007 5022
f 5023 4541 4540
f 5023 4540 5022
f 5024 5009 4524
f 5024 4524 4542
f 5024 4542 4541
f 5024 4541 5023
f 5024 5023 5008
f 5024 5008 5009
f 5025 4531 5014
f 5025 4547 4531
f 5026 5015 4532
f 5026 4532 4548
f 4548 4547 5025
f 4548 5025 5026
f 5017 4549 4534
f 5017 5028 4549
f 5028 5016 5027
f 5028 5017 5016
f 5031 5030 5018
f 5031 5018 5019
f 5020 4538 4552
f 5020 4552 5032
f 4553 5032 4552
f 4553 5033 5032
f 5033 5020 5032
f 5033 5021 5020
f 5034 5021 5033
f 5034 5022 5021
f 5035 5026 5025
f 5035 5036 5026
f 5036 5027 5026
f 5036 5037 5027
f 5038 4549 5028
f 5038 4558 4549
f 5038 4557 4558
f 5038 5037 4557
f 5038 5027 5037
f 5038 5028 5027
f 5040 5039 5029
f 5040 5029 5030
f 5033 4553 4561
f 5033 4561 5045
f 5046 5033 5045
f 5046 5034 5033
f 5047 4557 5037
f 5047 4562 4557
f 4565 4564 5048
f 4565 5048 5049
f 4566 4565 5049
f 4566 5049 5050
f 5052 4568 4567
f 5052 4567 5051
f 5052 5051 5041
f 5052 5041 5042
f 4569 4568 5052
f 4569 5052 5053
f 5052 5042 5043
f 5052 5043 5053
f 4570 4569 5053
f 4570 5053 5054
f 5055 5045 4561
f 5055 4561 4571
f 5055 4571 4570
f 5055 4570 5054
f 5055 5054 5044
f 5055 5044 5045
f 5047 4572 4562
f 5047 5056 4572
f 5057 4573 4572
f 5057 4572 5056
f 5048 4564 4574
f 5048 4574 5058
f 5058 4574 4573
f 5058 4573 5057
f 5059 5048 5058
f 5059 5049 5048
f 5050 4576 4566
f 5050 5060 4576
f 5051 4567 4577
f 5051 4577 5061
f 4577 4576 5060
f 4577 5060 5061
f 5061 5060 5050
f 5061 5050 5051
f 5063 5057 5062
f 5063 5058 5057
f 4584 5064 4583
f 4584 5065 5064
f 5066 4584 4585
f 5066 5065 4584
f 5068 4586 4587
f 5068 5067 4586
f 5069 4587 4588
f 5069 5068 4587
f 4590 5070 4589
f 4590 5071 5070
f 4591 5071 4590
f 4591 5072 5071
f 4592 5072 4591
f 4592 5073 5072
f 5074 4592 4593
f 5074 5073 4592
f 5064 4595 4583
f 5064 5075 4595
f 5076 5075 5064
f 5076 5064 5065
f 5066 4585 4596
f 5066 4596 5077
f 5076 5065 5066
f 5076 5066 5077
f 5079 4586 5067
f 5079 4598 4586
f 5079 4597 4598
f 5079 5078 4597
f 5081 5069 4588
f 5081 4588 4600
f 5080 5068 5069
f 5080 5069 5081
f 5085 4602 4603
f 5085 5084 4602
f 5070 4605 4589
f 5070 5086 4605
f 5087 5086 5070
f 5087 5070 5071
f 5088 5072 5073
f 5088 5073 5089
f 5074 4593 4609
f 5074 4609 5090
f 5089 5073 5074
f 5089 5074 5090
f 4610 5090 4609
f 4610 5091 5090
f 5075 4611 4595
f 5075 5092 4611
f 4611 5091 4610
f 4611 5092 5091
f 5092 5075 5076
f 5092 5076 5093
f 5077 4596 4612
f 5077 4612 5094
f 5094 5093 5076
f 5094 5076 5077
f 5078 4613 4597
f 5078 5095 4613
f 5095 4612 4613
f 5095 5094 4612
f 5095 5077 5094
f 5095 5078 5077
f 5081 4600 4616
f 5081 4616 5097
f 5096 5080 5081
f 5096 5081 5097
f 5098 4616 4617
f 5098 5097 4616
f 4618 5098 4617
f 4618 5099 5098
f 5100 4618 4619
f 5100 5099 4618
f 5099 5083 5082
f 5099 5100 5083
f 5101 4602 5084
f 5101 4620 4602
f 5102 5085 4603
f 5102 4603 4621
f 4621 4620 5101
f 4621 5101 5102
f 5101 5084 5085
f 5101 5085 5102
f 5104 4605 5086
f 5104 4624 4605
f 5104 4623 4624
f 5104 5103 4623
f 5105 5092 5093
f 5105 5093 5106
f 5110 5109 5096
f 5110 5096 5097
f 5110 5097 5098
f 5110 5098 5111
f 5113 5100 4619
f 5113 4619 4629
f 5113 4629 4628
f 5113 4628 5112
f 4631 5114 4630
f 4631 5115 5114
f 5116 4631 4632
f 5116 5115 4631
f 4633 5116 4632
f 4633 5117 5116
f 5103 4637 4623
f 5103 5118 4637
f 5119 4638 4637
f 5119 4637 5118
f 5118 5103 5104
f 5118 5104 5119
f 5121 5107 5108
f 5121 5108 5122
f 4643 4642 5123
f 4643 5123 5124
f 5125 5124 5109
f 5125 5109 5110
f 5126 5125 5110
f 5126 5110 5111
f 5127 5112 4628
f 5127 4628 4644
f 5126 5111 5112
f 5126 5112 5127
f 5128 4644 4645
f 5128 5127 4644
f 5114 4646 4630
f 5114 5129 4646
f 4646 5128 4645
f 4646 5129 5128
f 5130 5129 5114
f 5130 5114 5115
f 4648 4647 5130
f 4648 5130 5131
f 5131 5130 5115
f 5131 5115 5116
f 5117 4633 4649
f 5117 4649 5132
f 5131 5116 5117
f 5131 5117 5132
f 5134 4650 4651
f 5134 5133 4650
f 5135 4651 4652
f 5135 5134 4651
f 4653 5135 4652
f 4653 5136 5135
f 5137 4638 5119
f 5137 4654 4638
f 4655 4654 5137
f 4655 5137 5138
f 5137 5119 5120
f 5137 5120 5138
f 5123 4642 4656
f 5123 4656 5143
f 5144 4643 5124
f 5144 4657 4643
f 5144 4656 4657
f 5144 5143 4656
f 5144 5123 5143
f 5144 5124 5123
f 5145 4658 4657
f 5145 4657 5144
f 4660 4659 5146
f 4660 5146 5147
f 4661 4660 5147
f 4661 5147 5148
f 5149 5130 4647
f 5149 4647 4662
f 5150 4648 5131
f 5150 4663 4648
f 5150 4662 4663
f 5150 5149 4662
f 5151 5132 4649
f 5151 4649 4664
f 5133 4665 4650
f 5133 5152 4665
f 4665 5151 4664
f 4665 5152 5151
f 5151 5133 5132
f 5151 5152 5133
f 5152 5133 5134
f 5152 5134 5153
f 5154 4667 4666
f 5154 4666 5153
f 5153 5134 5135
f 5153 5135 5154
f 5136 4653 4668
f 5136 4668 5155
f 5154 5135 5136
f 5154 5136 5155
f 5138 4670 4655
f 5138 5156 4670
f 4671 4670 5156
f 4671 5156 5157
f 5158 5157 5139
f 5158 5139 5140
f 4673 4672 5159
f 4673 5159 5160
f 5161 5141 5142
f 5161 5142 5162
f 5144 4657 4674
f 5144 4674 5165
f 5145 4675 4658
f 5145 5166 4675
f 4675 5165 4674
f 4675 5166 5165
f 5165 5145 5144
f 5165 5166 5145
f 5146 4659 4677
f 5146 4677 5168
f 5168 4677 4676
f 5168 4676 5167
f 5169 5146 5168
f 5169 5147 5146
f 5148 4679 4661
f 5148 5170 4679
f 5170 4678 4679
f 5170 5169 4678
f 5170 5147 5169
f 5170 5148 5147
f 4682 4681 5171
f 4682 5171 5172
f 5153 4666 4683
f 5153 4683 5174
f 5173 5152 5153
f 5173 5153 5174
f 5175 4667 5154
f 5175 4684 4667
f 5155 4668 4685
f 5155 4685 5176
f 5175 5154 5155
f 5175 5155 5176
f 4688 5177 4687
f 4688 5178 5177
f 5179 4671 5157
f 5179 4689 4671
f 4689 5178 4688
f 4689 5179 5178
f 4690 4689 5179
f 4690 5179 5180
f 5159 4672 4691
f 5159 4691 5181
f 5182 4673 5160
f 5182 4692 4673
f 5182 4691 4692
f 5182 5181 4691
f 5184 5183 5163
f 5184 5163 5164
f 5185 5165 5166
f 5185 5166 5186
f 5167 4676 4693
f 5167 4693 5187
f 5188 4693 4694
f 5188 5187 4693
f 5169 4695 4678
f 5169 5189 4695
f 5189 4694 4695
f 5189 5188 4694
f 5189 5168 5188
f 5189 5169 5168
f 5171 4681 4696
f 5171 4696 5190
f 5172 4697 4682
f 5172 5191 4697
f 4697 5190 4696
f 4697 5191 5190
f 5190 5172 5171
f 5190 5191 5172
f 5192 5174 4683
f 5192 4683 4698
f 5175 4699 4684
f 5175 5193 4699
f 4699 5192 4698
f 4699 5193 5192
f 5176 4685 4700
f 5176 4700 5194
f 5194 5193 5175
f 5194 5175 5176
f 5177 4702 4687
f 5177 5195 4702
f 5196 5195 5177
f 5196 5177 5178
f 5197 5179 4689
f 5197 4689 4704
f 5197 4704 4703
f 5197 4703 5196
f 5197 5196 5178
f 5197 5178 5179
f 5198 4690 5180
f 5198 4705 4690
f 4706 4705 5198
f 4706 5198 5199
f 5199 5198 5180
f 5199 5180 5181
f 5200 4707 4706
f 5200 4706 5199
f 5201 4708 4707
f 5201 4707 5200
f 5203 4711 4710
f 5203 4710 5202
f 5202 5183 5184
f 5202 5184 5203
f 5204 4712 4711
f 5204 4711 5203
f 5207 5206 5187
f 5207 5187 5188
f 5208 4714 4713
f 5208 4713 5207
f 4715 4714 5208
f 4715 5208 5209
f 5194 4700 4718
f 5194 4718 5211
f 5210 5193 5194
f 5210 5194 5211
f 5212 4702 5195
f 5212 4720 4702
f 5213 5196 4703
f 5213 4703 4721
f 4721 4720 5212
f 4721 5212 5213
f 5213 5212 5195
f 5213 5195 5196
f 5215 4708 5201
f 5215 4726 4708
f 5215 4725 4726
f 5215 5214 4725
f 5216 5202 4710
f 5216 4710 4728
f 4729 5216 4728
f 4729 5217 5216
f 5216 5203 5202
f 5216 5217 5203
f 5204 4730 4712
f 5204 5218 4730
f 5218 4729 4730
f 5218 5217 4729
f 5220 5219 5205
f 5220 5205 5206
f 5221 5207 4713
f 5221 4713 4732
f 5221 5208 5207
f 5221 5222 5208
f 5209 4734 4715
f 5209 5223 4734
f 5223 4733 4734
f 5223 5222 4733
f 5223 5208 5222
f 5223 5209 5208
f 5228 5211 4718
f 5228 4718 4737
f 5228 4737 4736
f 5228 4736 5227
f 5228 5227 5210
f 5228 5210 5211
f 5214 4742 4725
f 5214 5230 4742
f 4742 5229 4741
f 4742 5230 5229
f 5233 4746 4745
f 5233 4745 5232
f 5234 5233 5217
f 5234 5217 5218
f 5236 5221 4732
f 5236 4732 4750
f 4750 4749 5235
f 4750 5235 5236
f 5222 4751 4733
f 5222 5237 4751
f 4751 5236 4750
f 4751 5237 5236
f 5238 5224 5225
f 5238 5225 5239
f 5227 4736 4754
f 5227 4754 5242
f 5242 5241 5226
f 5242 5226 5227
f 5243 4741 5229
f 5243 4760 4741
f 4761 4760 5243
f 4761 5243 5244
f 5243 5229 5230
f 5243 5230 5244
f 5247 5232 4745
f 5247 4745 4764
f 4764 4763 5246
f 4764 5246 5247
f 5247 5246 5231
f 5247 5231 5232
f 5248 4746 5233
f 5248 4765 4746
f 5248 5232 5247
f 5248 5233 5232
f 5250 4767 4766
f 5250 4766 5249
f 5235 4749 4769
f 5235 4769 5251
f 5252 4750 5236
f 5252 4770 4750
f 4770 5251 4769
f 4770 5252 5251
f 5252 5235 5251
f 5252 5236 5235
f 5253 5238 5239
f 5253 5239 5254
f 5255 4774 4773
f 5255 4773 5254
f 5254 5239 5240
f 5254 5240 5255
f 5257 5242 4754
f 5257 4754 4775
f 5258 4761 5244
f 5258 4779 4761
f 4780 4779 5258
f 4780 5258 5259
f 5258 5244 5245
f 5258 5245 5259
f 5260 5246 4763
f 5260 4763 4781
f 5260 4781 4780
f 5260 4780 5259
f 5260 5259 5245
f 5260 5245 5246
f 5262 4765 5248
f 5262 4783 4765
f 5262 4782 4783
f 5262 5261 4782
f 5249 4766 4784
f 5249 4784 5263
f 4784 4783 5262
f 4784 5262 5263
f 5250 4785 4767
f 5250 5264 4785
f 5263 5250 5249
f 5263 5264 5250
f 5270 5254 4773
f 5270 4773 4790
f 5270 4790 4789
f 5270 4789 5269
f 5271 4774 5255
f 5271 4791 4774
f 5270 5255 5254
f 5270 5271 5255
f 5272 4792 4791
f 5272 4791 5271
f 5273 5257 4775
f 5273 4775 4793
f 5273 4793 4792
f 5273 4792 5272
f 5273 5272 5256
f 5273 5256 5257
f 5274 4782 5261
f 5274 4795 4782
f 5262 4783 4796
f 5262 4796 5275
f 4796 4795 5274
f 4796 5274 5275
f 5276 5262 5275
f 5276 5263 5262
f 5264 4797 4785
f 5264 5277 4797
f 5278 5277 5264
f 5278 5264 5265
f 5280 5279 5266
f 5280 5266 5267
f 5281 5280 5267
f 5281 5267 5268
f 5269 4789 4800
f 5269 4800 5282
f 4801 5282 4800
f 4801 5283 5282
f 5282 5270 5269
f 5282 5283 5270
f 5284 5270 5283
f 5284 5271 5270
f 5285 5276 5275
f 5285 5286 5276
f 5287 4797 5277
f 5287 4804 4797
f 5287 4803 4804
f 5287 5286 4803
f 5287 5276 5286
f 5287 5277 5276
f 4808 4807 5289
f 4808 5289 5290
f 5283 4801 4809
f 5283 4809 5291
f 5292 4803 5286
f 5292 4811 4803
f 4814 4813 5293
f 4814 5293 5294
f 4815 4814 5294
f 4815 5294 5295
f 4816 4815 5295
f 4816 5295 5296
f 4817 4816 5296
f 4817 5296 5297
f 5298 5289 4807
f 5298 4807 4818
f 5298 4818 4817
f 5298 4817 5297
f 5298 5297 5288
f 5298 5288 5289
f 5299 4808 5290
f 5299 4819 4808
f 5300 5291 4809
f 5300 4809 4820
f 5300 4820 4819
f 5300 4819 5299
f 5300 5299 5290
f 5300 5290 5291
f 5292 4821 4811
f 5292 5301 4821
f 5302 4822 4821
f 5302 4821 5301
f 5293 4813 4823
f 5293 4823 5303
f 4823 4822 5302
f 4823 5302 5303
f 5304 5293 5303
f 5304 5294 5293
f 4834 5309 4833
f 4834 5310 5309
f 4839 5313 4838
f 4839 5314 5313
f 5315 4839 4840
f 5315 5314 4839
f 5316 4840 4841
f 5316 5315 4840
f 5316 5305 5315
f 5316 5306 5305
f 5317 5306 5316
f 5317 5307 5306
f 5317 5308 5307
f 5317 5318 5308
f 5309 4846 4833
f 5309 5321 4846
f 4846 5320 4845
f 4846 5321 5320
f 5310 4834 4847
f 5310 4847 5322
f 5322 5321 5309
f 5322 5309 5310
f 4848 5322 4847
f 4848 5323 5322
f 5324 4848 4849
f 5324 5323 4848
f 4850 5324 4849
f 4850 5325 5324
f 5325 5311 5324
f 5325 5312 5311
f 5326 4850 4851
f 5326 5325 4850
f 5313 4853 4838
f 5313 5328 4853
f 5328 4852 4853
f 5328 5327 4852
f 5329 5328 5313
f 5329 5313 5314
f 5330 5329 5314
f 5330 5314 5315
f 5316 4841 4856
f 5316 4856 5331
f 5331 5317 5316
f 5331 5332 5317
f 5333 5317 5332
f 5333 5318 5317
f 4859 5333 4858
f 4859 5334 5333
f 5333 5319 5318
f 5333 5334 5319
f 5335 4859 4860
f 5335 5334 4859
f 5320 4864 4845
f 5320 5337 4864
f 4864 5336 4863
f 4864 5337 5336
f 4865 4864 5337
f 4865 5337 5338
f 5338 5337 5320
f 5338 5320 5321
f 5326 4851 4867
f 5326 4867 5341
f 5327 4868 4852
f 5327 5342 4868
f 5342 4867 4868
f 5342 5341 4867
f 5331 4856 4869
f 5331 4869 5343
f 5343 5332 5331
f 5343 5344 5332
f 5333 4871 4858
f 5333 5345 4871
f 5345 5332 5344
f 5345 5333 5332
f 4872 4871 5345
f 4872 5345 5346
f 5347 5335 4860
f 5347 4860 4873
f 4873 4872 5346
f 4873 5346 5347
f 5348 4863 5336
f 5348 4877 4863
f 5349 5337 4864
f 5349 4864 4878
f 4878 4877 5348
f 4878 5348 5349
f 5349 5348 5336
f 5349 5336 5337
f 5350 4865 5338
f 5350 4879 4865
f 5352 5351 5339
f 5352 5339 5340
f 5354 5353 5341
f 5354 5341 5342
f 4883 4882 5355
f 4883 5355 5356
f 5343 4869 4884
f 5343 4884 5357
f 5359 4885 4886
f 5359 5358 4885
f 5359 5344 5358
f 5359 5345 5344
f 5360 4886 4887
f 5360 5359 4886
f 5362 4888 4889
f 5362 5361 4888
f 4892 5363 4891
f 4892 5364 5363
f 5365 4879 5350
f 5365 4897 4879
f 5366 5365 5350
f 5366 5350 5351
f 5355 4882 4902
f 5355 4902 5367
f 5356 4903 4883
f 5356 5368 4903
f 4903 5367 4902
f 4903 5368 5367
f 5367 5356 5355
f 5367 5368 5356
f 5369 5357 4884
f 5369 4884 4904
f 5358 4905 4885
f 5358 5370 4905
f 4905 5369 4904
f 4905 5370 5369
f 5370 5357 5369
f 5370 5358 5357
f 5371 5360 4887
f 5371 4887 4906
f 5361 4907 4888
f 5361 5372 4907
f 5372 4906 4907
f 5372 5371 4906
f 5362 4889 4908
f 5362 4908 5373
f 5372 5361 5362
f 5372 5362 5373
f 4909 5373 4908
f 4909 5374 5373
f 5363 4910 4891
f 5363 5375 4910
f 4910 5374 4909
f 4910 5375 5374
f 5364 4892 4911
f 5364 4911 5376
f 5376 5375 5363
f 5376 5363 5364
f 5377 4911 4912
f 5377 5376 4911
f 5378 4897 5365
f 5378 4916 4897
f 4917 4916 5378
f 4917 5378 5379
f 5378 5365 5366
f 5378 5366 5379
f 5382 4919 4918
f 5382 4918 5381
f 4922 4921 5383
f 4922 5383 5384
f 5386 4924 4923
f 5386 4923 5385
f 5387 5372 5373
f 5387 5373 5388
f 5388 5373 5374
f 5388 5374 5389
f 5390 5389 5374
f 5390 5374 5375
f 5391 5390 5375
f 5391 5375 5376
f 5377 4912 4927
f 5377 4927 5392
f 5391 5376 5377
f 5391 5377 5392
f 5393 4917 5379
f 5393 4933 4917
f 5393 5379 5380
f 5393 5380 5394
f 5381 4918 4934
f 5381 4934 5395
f 5395 5394 5380
f 5395 5380 5381
f 5382 4935 4919
f 5382 5396 4935
f 5396 4934 4935
f 5396 5395 4934
f 5383 4921 4936
f 5383 4936 5397
f 5384 4937 4922
f 5384 5398 4937
f 4937 5397 4936
f 4937 5398 5397
f 5397 5384 5383
f 5397 5398 5384
f 5385 4923 4938
f 5385 4938 5399
f 5386 4939 4924
f 5386 5400 4939
f 5399 5386 5385
f 5399 5400 5386
f 4941 4940 5401
f 4941 5401 5402
f 5403 5402 5390
f 5403 5390 5391
f 5392 4927 4942
f 5392 4942 5404
f 5403 5391 5392
f 5403 5392 5404
f 5405 4942 4943
f 5405 5404 4942
f 5406 4943 4944
f 5406 5405 4943
f 5407 4933 5393
f 5407 4949 4933
f 4950 4949 5407
f 4950 5407 5408
f 5407 5393 5394
f 5407 5394 5408
f 5409 5408 5394
f 5409 5394 5395
f 4952 4951 5410
f 4952 5410 5411
f 5412 5399 4938
f 5412 4938 4955
f 5413 4939 5400
f 5413 4956 4939
f 5412 5400 5399
f 5412 5413 5400
f 5401 4940 4957
f 5401 4957 5414
f 5415 4941 5402
f 5415 4958 4941
f 4958 5414 4957
f 4958 5415 5414
f 5415 5401 5414
f 5415 5402 5401
f 5415 5402 5403
f 5415 5403 5416
f 5417 5416 5403
f 5417 5403 5404
f 5417 5404 5405
f 5417 5405 5418
f 5406 4944 4959
f 5406 4959 5419
f 5418 5405 5406
f 5418 5406 5419
f 5420 4950 5408
f 5420 4965 4950
f 4966 4965 5420
f 4966 5420 5421
f 5420 5408 5409
f 5420 5409 5421
f 5422 5410 4951
f 5422 4951 4967
f 4967 4966 5421
f 4967 5421 5422
f 5411 4968 4952
f 5411 5423 4968
f 4968 5422 4967
f 4968 5423 5422
f 5423 5410 5422
f 5423 5411 5410
f 4971 4970 5424
f 4971 5424 5425
f 5412 4955 4972
f 5412 4972 5426
f 5413 4973 4956
f 5413 5427 4973
f 5427 4972 4973
f 5427 5426 4972
f 5426 5413 5412
f 5426 5427 5413
f 4974 4973 5427
f 4974 5427 5428
f 4975 4974 5428
f 4975 5428 5429
f 4977 4976 5430
f 4977 5430 5431
f 5432 5416 5417
f 5432 5417 5433
f 5434 5433 5417
f 5434 5417 5418
f 5435 5419 4959
f 5435 4959 4979
f 5435 4979 4978
f 5435 4978 5434
f 5435 5434 5418
f 5435 5418 5419
f 5436 4967 5422
f 5436 4982 4967
f 5439 4984 4983
f 5439 4983 5438
f 5440 5424 4970
f 5440 4970 4985
f 5425 4986 4971
f 5425 5441 4986
f 4986 5440 4985
f 4986 5441 5440
f 5440 5425 5424
f 5440 5441 5425
f 5427 4973 4988
f 5427 4988 5444
f 4989 5444 4988
f 4989 5445 5444
f 5444 5428 5427
f 5444 5445 5428
f 5446 4975 5429
f 5446 4990 4975
f 4990 5445 4989
f 4990 5446 5445
f 5430 4976 4991
f 5430 4991 5447
f 5431 4992 4977
f 5431 5448 4992
f 5447 5431 5430
f 5447 5448 5431
f 4993 4992 5448
f 4993 5448 5449
f 5451 5434 4978
f 5451 4978 4994
f 5451 5450 5433
f 5451 5433 5434
f 5452 4994 4995
f 5452 5451 4994
f 5453 4982 5436
f 5453 4997 4982
f 4998 4997 5453
f 4998 5453 5454
f 5453 5436 5437
f 5453 5437 5454
f 5455 5438 4983
f 5455 4983 4999
f 5455 4999 4998
f 5455 4998 5454
f 5439 5000 4984
f 5439 5456 5000
f 5456 5438 5455
f 5456 5439 5438
f 5458 5457 5442
f 5458 5442 5443
f 5459 5458 5443
f 5459 5443 5444
f 5447 4991 5004
f 5447 5004 5460
f 5005 5460 5004
f 5005 5461 5460
f 5460 5448 5447
f 5460 5461 5448
f 5462 4993 5449
f 5462 5006 4993
f 5462 5005 5006
f 5462 5461 5005
f 5007 5006 5462
f 5007 5462 5463
f 5463 5462 5449
f 5463 5449 5450
f 5465 5452 4995
f 5465 4995 5009
f 5009 5008 5464
f 5009 5464 5465
f 5466 5455 5454
f 5466 5467 5455
f 5456 5014 5000
f 5456 5468 5014
f 5467 5456 5455
f 5467 5468 5456
f 5016 5015 5469
f 5016 5469 5470
f 5019 5018 5471
f 5019 5471 5472
f 5473 5462 5006
f 5473 5006 5021
f 5474 5007 5463
f 5474 5022 5007
f 5022 5473 5021
f 5022 5474 5473
f 5464 5008 5023
f 5464 5023 5475
f 5475 5023 5022
f 5475 5022 5474
f 5468 5025 5014
f 5468 5477 5025
f 5476 5468 5467
f 5476 5477 5468
f 5469 5015 5026
f 5469 5026 5478
f 5470 5027 5016
f 5470 5479 5027
f 5027 5478 5026
f 5027 5479 5478
f 5478 5470 5469
f 5478 5479 5470
f 5481 5471 5018
f 5481 5018 5030
f 5030 5029 5480
f 5030 5480 5481
f 5472 5031 5019
f 5472 5482 5031
f 5031 5481 5030
f 5031 5482 5481
f 5482 5471 5481
f 5482 5472 5471
f 5474 5022 5034
f 5474 5034 5484
f 5477 5035 5025
f 5477 5485 5035
f 5036 5035 5485
f 5036 5485 5486
f 5487 5037 5036
f 5487 5036 5486
f 5480 5029 5039
f 5480 5039 5488
f 5481 5040 5030
f 5481 5489 5040
f 5040 5488 5039
f 5040 5489 5488
f 5489 5480 5488
f 5489 5481 5480
f 5491 5042 5041
f 5491 5041 5490
f 5043 5042 5491
f 5043 5491 5492
f 5494 5045 5044
f 5494 5044 5493
f 5495 5484 5034
f 5495 5034 5046
f 5046 5045 5494
f 5046 5494 5495
f 5495 5494 5483
f 5495 5483 5484
f 5487 5047 5037
f 5487 5497 5047
f 5496 5487 5486
f 5496 5497 5487
f 5050 5049 5499
f 5050 5499 5500
f 5500 5499 5488
f 5500 5488 5489
f 5501 5490 5041
f 5501 5041 5051
f 5501 5051 5050
f 5501 5050 5500
f 5500 5489 5490
f 5500 5490 5501
f 5503 5043 5492
f 5503 5053 5043
f 5502 5492 5491
f 5502 5503 5492
f 5504 5493 5044
f 5504 5044 5054
f 5504 5054 5053
f 5504 5053 5503
f 5504 5503 5492
f 5504 5492 5493
f 5505 5047 5497
f 5505 5056 5047
f 5057 5056 5505
f 5057 5505 5506
f 5505 5497 5498
f 5505 5498 5506
f 5499 5049 5059
f 5499 5059 5508
f 5059 5058 5507
f 5059 5507 5508
f 5509 5057 5506
f 5509 5062 5057
f 5507 5058 5063
f 5507 5063 5510
f 5063 5062 5509
f 5063 5509 5510
f 5509 5506 5507
f 5509 5507 5510
f 5512 5067 5068
f 5512 5511 5067
f 5072 5516 5071
f 5072 5517 5516
f 5078 5521 5077
f 5078 5522 5521
f 5511 5079 5067
f 5511 5523 5079
f 5523 5078 5079
f 5523 5522 5078
f 5524 5512 5068
f 5524 5068 5080
f 5524 5513 5512
f 5524 5525 5513
f 5526 5513 5525
f 5526 5514 5513
f 5526 5515 5514
f 5526 5527 5515
f 5528 5082 5083
f 5528 5527 5082
f 5516 5087 5071
f 5516 5530 5087
f 5087 5529 5086
f 5087 5530 5529
f 5517 5072 5088
f 5517 5088 5531
f 5531 5530 5516
f 5531 5516 5517
f 5532 5088 5089
f 5532 5531 5088
f 5533 5089 5090
f 5533 5532 5089
f 5534 5090 5091
f 5534 5533 5090
f 5534 5518 5533
f 5534 5519 5518
f 5535 5091 5092
f 5535 5534 5091
f 5534 5520 5519
f 5534 5535 5520
f 5521 5094 5077
f 5521 5537 5094
f 5537 5093 5094
f 5537 5536 5093
f 5539 5538 5522
f 5539 5522 5523
f 5524 5080 5096
f 5524 5096 5540
f 5540 5525 5524
f 5540 5541 5525
f 5542 5525 5541
f 5542 5526 5525
f 5543 5082 5527
f 5543 5099 5082
f 5543 5098 5099
f 5543 5542 5098
f 5543 5526 5542
f 5543 5527 5526
f 5544 5528 5083
f 5544 5083 5100
f 5529 5104 5086
f 5529 5545 5104
f 5546 5545 5529
f 5546 5529 5530
f 5549 5548 5532
f 5549 5532 5533
f 5535 5092 5105
f 5535 5105 5550
f 5536 5106 5093
f 5536 5551 5106
f 5106 5550 5105
f 5106 5551 5550
f 5552 5551 5536
f 5552 5536 5537
f 5553 5108 5107
f 5553 5107 5552
f 5540 5096 5109
f 5540 5109 5554
f 5554 5541 5540
f 5554 5555 5541
f 5542 5111 5098
f 5542 5556 5111
f 5556 5541 5555
f 5556 5542 5541
f 5557 5112 5111
f 5557 5111 5556
f 5558 5544 5100
f 5558 5100 5113
f 5558 5113 5112
f 5558 5112 5557
f 5559 5104 5545
f 5559 5119 5104
f 5120 5119 5559
f 5120 5559 5560
f 5559 5545 5546
f 5559 5546 5560
f 5560 5546 5547
f 5560 5547 5561
f 5562 5561 5547
f 5562 5547 5548
f 5563 5550 5551
f 5563 5551 5564
f 5565 5552 5107
f 5565 5107 5121
f 5553 5122 5108
f 5553 5566 5122
f 5566 5121 5122
f 5566 5565 5121
f 5565 5553 5552
f 5565 5566 5553
f 5567 5554 5109
f 5567 5109 5124
f 5125 5567 5124
f 5125 5568 5567
f 5569 5125 5126
f 5569 5568 5125
f 5569 5555 5568
f 5569 5556 5555
f 5570 5126 5127
f 5570 5569 5126
f 5569 5557 5556
f 5569 5570 5557
f 5571 5127 5128
f 5571 5570 5127
f 5572 5128 5129
f 5572 5571 5128
f 5573 5129 5130
f 5573 5572 5129
f 5132 5574 5131
f 5132 5575 5574
f 5576 5132 5133
f 5576 5575 5132
f 5577 5120 5560
f 5577 5138 5120
f 5577 5560 5561
f 5577 5561 5578
f 5140 5139 5578
f 5140 5578 5579
f 5142 5141 5582
f 5142 5582 5583
f 5584 5583 5564
f 5584 5564 5565
f 5585 5571 5572
f 5585 5572 5586
f 5573 5130 5149
f 5573 5149 5587
f 5586 5572 5573
f 5586 5573 5587
f 5574 5150 5131
f 5574 5588 5150
f 5150 5587 5149
f 5150 5588 5587
f 5589 5588 5574
f 5589 5574 5575
f 5576 5133 5152
f 5576 5152 5590
f 5589 5575 5576
f 5589 5576 5590
f 5577 5156 5138
f 5577 5591 5156
f 5592 5578 5139
f 5592 5139 5157
f 5157 5156 5591
f 5157 5591 5592
f 5591 5577 5578
f 5591 5578 5592
f 5593 5140 5579
f 5593 5158 5140
f 5158 5592 5157
f 5158 5593 5592
f 5594 5593 5579
f 5594 5579 5580
f 5160 5159 5594
f 5160 5594 5595
f 5594 5580 5581
f 5594 5581 5595
f 5582 5141 5161
f 5582 5161 5596
f 5597 5142 5583
f 5597 5162 5142
f 5597 5161 5162
f 5597 5596 5161
f 5597 5582 5596
f 5597 5583 5582
f 5164 5163 5598
f 5164 5598 5599
f 5166 5165 5600
f 5166 5600 5601
f 5603 5168 5167
f 5603 5167 5602
f 5604 5588 5589
f 5604 5589 5605
f 5590 5152 5173
f 5590 5173 5606
f 5605 5589 5590
f 5605 5590 5606
f 5607 5173 5174
f 5607 5606 5173
f 5608 5157 5592
f 5608 5179 5157
f 5180 5179 5608
f 5180 5608 5609
f 5608 5592 5593
f 5608 5593 5609
f 5610 5594 5159
f 5610 5159 5181
f 5181 5180 5609
f 5181 5609 5610
f 5609 5593 5594
f 5609 5594 5610
f 5611 5160 5595
f 5611 5182 5160
f 5182 5610 5181
f 5182 5611 5610
f 5612 5611 5595
f 5612 5595 5596
f 5598 5163 5183
f 5598 5183 5613
f 5599 5184 5164
f 5599 5614 5184
f 5614 5598 5613
f 5614 5599 5598
f 5600 5165 5185
f 5600 5185 5615
f 5601 5186 5166
f 5601 5616 5186
f 5186 5615 5185
f 5186 5616 5615
f 5615 5601 5600
f 5615 5616 5601
f 5602 5167 5187
f 5602 5187 5617
f 5603 5188 5168
f 5603 5618 5188
f 5618 5602 5617
f 5618 5603 5602
f 5619 5604 5605
f 5619 5605 5620
f 5620 5605 5606
f 5620 5606 5621
f 5607 5174 5192
f 5607 5192 5622
f 5621 5606 5607
f 5621 5607 5622
f 5623 5192 5193
f 5623 5622 5192
f 5624 5181 5610
f 5624 5199 5181
f 5200 5199 5624
f 5200 5624 5625
f 5626 5201 5200
f 5626 5200 5625
f 5627 5613 5183
f 5627 5183 5202
f 5614 5203 5184
f 5614 5628 5203
f 5203 5627 5202
f 5203 5628 5627
f 5627 5614 5613
f 5627 5628 5614
f 5204 5203 5628
f 5204 5628 5629
f 5617 5187 5206
f 5617 5206 5632
f 5632 5206 5205
f 5632 5205 5631
f 5631 5616 5617
f 5631 5617 5632
f 5633 5188 5618
f 5633 5207 5188
f 5633 5206 5207
f 5633 5632 5206
f 5633 5617 5632
f 5633 5618 5617
f 5634 5619 5620
f 5634 5620 5635
f 5635 5620 5621
f 5635 5621 5636
f 5637 5636 5621
f 5637 5621 5622
f 5623 5193 5210
f 5623 5210 5638
f 5637 5622 5623
f 5637 5623 5638
f 5626 5215 5201
f 5626 5640 5215
f 5215 5639 5214
f 5215 5640 5639
f 5628 5203 5217
f 5628 5217 5641
f 5642 5204 5629
f 5642 5218 5204
f 5643 5642 5629
f 5643 5629 5630
f 5644 5631 5205
f 5644 5205 5219
f 5645 5206 5632
f 5645 5220 5206
f 5220 5644 5219
f 5220 5645 5644
f 5645 5631 5644
f 5645 5632 5631
f 5647 5222 5221
f 5647 5221 5646
f 5225 5224 5648
f 5225 5648 5649
f 5650 5636 5637
f 5650 5637 5651
f 5652 5638 5210
f 5652 5210 5227
f 5652 5227 5226
f 5652 5226 5651
f 5652 5651 5637
f 5652 5637 5638
f 5653 5214 5639
f 5653 5230 5214
f 5654 5653 5639
f 5654 5639 5640
f 5656 5232 5231
f 5656 5231 5655
f 5657 5641 5217
f 5657 5217 5233
f 5658 5218 5642
f 5658 5234 5218
f 5234 5657 5233
f 5234 5658 5657
f 5658 5641 5657
f 5658 5642 5641
f 5659 5646 5221
f 5659 5221 5236
f 5647 5237 5222
f 5647 5660 5237
f 5237 5659 5236
f 5237 5660 5659
f 5648 5224 5238
f 5648 5238 5662
f 5663 5225 5649
f 5663 5239 5225
f 5663 5648 5662
f 5663 5649 5648
f 5240 5239 5663
f 5240 5663 5664
f 5651 5226 5241
f 5651 5241 5665
f 5665 5664 5650
f 5665 5650 5651
f 5666 5241 5242
f 5666 5665 5241
f 5667 5230 5653
f 5667 5244 5230
f 5245 5244 5667
f 5245 5667 5668
f 5668 5667 5653
f 5668 5653 5654
f 5669 5655 5231
f 5669 5231 5246
f 5246 5245 5668
f 5246 5668 5669
f 5668 5654 5655
f 5668 5655 5669
f 5656 5247 5232
f 5656 5670 5247
f 5669 5656 5655
f 5669 5670 5656
f 5248 5247 5670
f 5248 5670 5671
f 5662 5238 5253
f 5662 5253 5677
f 5677 5676 5661
f 5677 5661 5662
f 5678 5253 5254
f 5678 5677 5253
f 5679 5240 5664
f 5679 5255 5240
f 5255 5678 5254
f 5255 5679 5678
f 5681 5666 5242
f 5681 5242 5257
f 5681 5257 5256
f 5681 5256 5680
f 5682 5670 5669
f 5682 5683 5670
f 5684 5248 5671
f 5684 5262 5248
f 5684 5261 5262
f 5684 5683 5261
f 5684 5670 5683
f 5684 5671 5670
f 5264 5263 5685
f 5264 5685 5686
f 5265 5264 5686
f 5265 5686 5687
f 5687 5672 5673
f 5687 5673 5688
f 5689 5267 5266
f 5689 5266 5688
f 5268 5267 5689
f 5268 5689 5690
f 5691 5690 5674
f 5691 5674 5675
f 5693 5680 5256
f 5693 5256 5272
f 5693 5272 5271
f 5693 5271 5692
f 5692 5679 5680
f 5692 5680 5693
f 5694 5261 5683
f 5694 5274 5261
f 5275 5274 5694
f 5275 5694 5695
f 5685 5263 5276
f 5685 5276 5696
f 5697 5276 5277
f 5697 5696 5276
f 5697 5685 5696
f 5697 5686 5685
f 5698 5265 5687
f 5698 5278 5265
f 5278 5697 5277
f 5278 5698 5697
f 5698 5686 5697
f 5698 5687 5686
f 5699 5688 5266
f 5699 5266 5279
f 5280 5699 5279
f 5280 5700 5699
f 5699 5689 5688
f 5699 5700 5689
f 5701 5268 5690
f 5701 5281 5268
f 5281 5700 5280
f 5281 5701 5700
f 5701 5689 5700
f 5701 5690 5689
f 5692 5271 5284
f 5692 5284 5703
f 5284 5283 5702
f 5284 5702 5703
f 5695 5285 5275
f 5695 5704 5285
f 5705 5286 5285
f 5705 5285 5704
f 5705 5704 5695
f 5705 5695 5696
f 5706 5700 5701
f 5706 5701 5707
f 5709 5289 5288
f 5709 5288 5708
f 5710 5290 5289
f 5710 5289 5709
f 5702 5283 5291
f 5702 5291 5711
f 5291 5290 5710
f 5291 5710 5711
f 5712 5286 5705
f 5712 5292 5286
f 5295 5294 5714
f 5295 5714 5715
f 5716 5296 5295
f 5716 5295 5715
f 5716 5715 5706
f 5716 5706 5707
f 5717 5708 5288
f 5717 5288 5297
f 5297 5296 5716
f 5297 5716 5717
f 5716 5707 5708
f 5716 5708 5717
f 5718 5708 5717
f 5718 5709 5708
f 5719 5292 5712
f 5719 5301 5292
f 5302 5301 5719
f 5302 5719 5720
f 5719 5712 5713
f 5719 5713 5720
f 5721 5303 5302
f 5721 5302 5720
f 5714 5294 5304
f 5714 5304 5722
f 5304 5303 5721
f 5304 5721 5722
f 5726 5305 5306
f 5726 5725 5305
f 5307 5726 5306
f 5307 5727 5726
f 5308 5727 5307
f 5308 5728 5727
f 5727 5724 5723
f 5727 5728 5724
f 5312 5731 5311
f 5312 5732 5731
f 5737 5305 5725
f 5737 5315 5305
f 5738 5728 5308
f 5738 5308 5318
f 5319 5738 5318
f 5319 5739 5738
f 5738 5729 5728
f 5738 5739 5729
f 5740 5729 5739
f 5740 5730 5729
f 5322 5741 5321
f 5322 5742 5741
f 5323 5742 5322
f 5323 5743 5742
f 5744 5311 5731
f 5744 5324 5311
f 5324 5743 5323
f 5324 5744 5743
f 5745 5732 5312
f 5745 5312 5325
f 5745 5744 5731
f 5745 5731 5732
f 5746 5325 5326
f 5746 5745 5325
f 5746 5732 5745
f 5746 5733 5732
f 5747 5733 5746
f 5747 5734 5733
f 5748 5327 5328
f 5748 5747 5327
f 5748 5734 5747
f 5748 5735 5734
f 5329 5748 5328
f 5329 5749 5748
f 5748 5736 5735
f 5748 5749 5736
f 5737 5330 5315
f 5737 5750 5330
f 5330 5749 5329
f 5330 5750 5749
f 5749 5737 5736
f 5749 5750 5737
f 5754 5739 5319
f 5754 5319 5334
f 5335 5754 5334
f 5335 5755 5754
f 5754 5740 5739
f 5754 5755 5740
f 5741 5338 5321
f 5741 5756 5338
f 5757 5756 5741
f 5757 5741 5742
f 5340 5339 5757
f 5340 5757 5758
f 5758 5757 5742
f 5758 5742 5743
f 5759 5758 5743
f 5759 5743 5744
f 5760 5759 5744
f 5760 5744 5745
f 5746 5326 5341
f 5746 5341 5761
f 5747 5342 5327
f 5747 5762 5342
f 5762 5746 5761
f 5762 5747 5746
f 5763 5750 5751
f 5763 5751 5764
f 5344 5343 5764
f 5344 5764 5765
f 5765 5764 5751
f 5765 5751 5752
f 5765 5752 5753
f 5765 5753 5766
f 5767 5346 5345
f 5767 5345 5766
f 5768 5755 5335
f 5768 5335 5347
f 5347 5346 5767
f 5347 5767 5768
f 5769 5338 5756
f 5769 5350 5338
f 5770 5757 5339
f 5770 5339 5351
f 5351 5350 5769
f 5351 5769 5770
f 5769 5756 5757
f 5769 5757 5770
f 5771 5340 5758
f 5771 5352 5340
f 5352 5770 5351
f 5352 5771 5770
f 5761 5341 5353
f 5761 5353 5772
f 5762 5354 5342
f 5762 5773 5354
f 5354 5772 5353
f 5354 5773 5772
f 5776 5764 5343
f 5776 5343 5357
f 5777 5344 5765
f 5777 5358 5344
f 5777 5357 5358
f 5777 5776 5357
f 5777 5764 5776
f 5777 5765 5764
f 5766 5345 5359
f 5766 5359 5778
f 5360 5778 5359
f 5360 5779 5778
f 5778 5767 5766
f 5778 5779 5767
f 5780 5351 5770
f 5780 5366 5351
f 5780 5770 5771
f 5780 5771 5781
f 5784 5774 5775
f 5784 5775 5785
f 5779 5360 5371
f 5779 5371 5789
f 5788 5778 5779
f 5788 5779 5789
f 5790 5371 5372
f 5790 5789 5371
f 5792 5366 5780
f 5792 5379 5366
f 5380 5379 5792
f 5380 5792 5793
f 5793 5792 5780
f 5793 5780 5781
f 5794 5381 5380
f 5794 5380 5793
f 5793 5781 5782
f 5793 5782 5794
f 5382 5381 5794
f 5382 5794 5795
f 5794 5782 5783
f 5794 5783 5795
f 5798 5784 5785
f 5798 5785 5799
f 5801 5786 5787
f 5801 5787 5802
f 5790 5372 5387
f 5790 5387 5804
f 5803 5789 5790
f 5803 5790 5804
f 5805 5387 5388
f 5805 5804 5387
f 5804 5791 5790
f 5804 5805 5791
f 5389 5805 5388
f 5389 5806 5805
f 5807 5389 5390
f 5807 5806 5389
f 5795 5396 5382
f 5795 5809 5396
f 5396 5808 5395
f 5396 5809 5808
f 5810 5796 5797
f 5810 5797 5811
f 5812 5811 5797
f 5812 5797 5798
f 5813 5799 5800
f 5813 5800 5814
f 5818 5807 5390
f 5818 5390 5402
f 5817 5806 5807
f 5817 5807 5818
f 5808 5409 5395
f 5808 5819 5409
f 5820 5819 5808
f 5820 5808 5809
f 5823 5813 5814
f 5823 5814 5824
f 5825 5815 5816
f 5825 5816 5826
f 5818 5402 5415
f 5818 5415 5828
f 5827 5817 5818
f 5827 5818 5828
f 5416 5828 5415
f 5416 5829 5828
f 5819 5421 5409
f 5819 5831 5421
f 5422 5421 5831
f 5422 5831 5832
f 5831 5819 5820
f 5831 5820 5832
f 5834 5821 5822
f 5834 5822 5835
f 5837 5836 5825
f 5837 5825 5826
f 5429 5428 5838
f 5429 5838 5839
f 5829 5416 5432
f 5829 5432 5841
f 5840 5828 5829
f 5840 5829 5841
f 5842 5432 5433
f 5842 5841 5432
f 5841 5830 5829
f 5841 5842 5830
f 5843 5422 5832
f 5843 5436 5422
f 5437 5436 5843
f 5437 5843 5844
f 5843 5832 5833
f 5843 5833 5844
f 5846 5443 5442
f 5846 5442 5845
f 5845 5836 5837
f 5845 5837 5846
f 5847 5444 5443
f 5847 5443 5846
f 5838 5428 5445
f 5838 5445 5848
f 5839 5446 5429
f 5839 5849 5446
f 5446 5848 5445
f 5446 5849 5848
f 5848 5839 5838
f 5848 5849 5839
f 5449 5448 5850
f 5449 5850 5851
f 5852 5842 5433
f 5852 5433 5450
f 5450 5449 5851
f 5450 5851 5852
f 5853 5450 5451
f 5853 5852 5450
f 5452 5853 5451
f 5452 5854 5853
f 5855 5437 5844
f 5855 5454 5437
f 5856 5845 5442
f 5856 5442 5457
f 5458 5856 5457
f 5458 5857 5856
f 5856 5846 5845
f 5856 5857 5846
f 5847 5459 5444
f 5847 5858 5459
f 5459 5857 5458
f 5459 5858 5857
f 5859 5848 5849
f 5859 5849 5860
f 5850 5448 5461
f 5850 5461 5861
f 5862 5461 5462
f 5862 5861 5461
f 5863 5450 5852
f 5863 5463 5450
f 5863 5852 5853
f 5863 5853 5864
f 5865 5854 5452
f 5865 5452 5465
f 5865 5465 5464
f 5865 5464 5864
f 5865 5864 5853
f 5865 5853 5854
f 5855 5466 5454
f 5855 5866 5466
f 5867 5467 5466
f 5867 5466 5866
f 5862 5462 5473
f 5862 5473 5871
f 5870 5861 5862
f 5870 5862 5871
f 5872 5463 5863
f 5872 5474 5463
f 5872 5473 5474
f 5872 5871 5473
f 5873 5864 5464
f 5873 5464 5475
f 5873 5475 5474
f 5873 5474 5872
f 5873 5872 5863
f 5873 5863 5864
f 5867 5476 5467
f 5867 5874 5476
f 5875 5477 5476
f 5875 5476 5874
f 5876 5868 5869
f 5876 5869 5877
f 5878 5870 5871
f 5878 5871 5879
f 5880 5872 5474
f 5880 5474 5484
f 5880 5484 5483
f 5880 5483 5879
f 5880 5879 5871
f 5880 5871 5872
f 5875 5485 5477
f 5875 5881 5485
f 5882 5486 5485
f 5882 5485 5881
f 5489 5488 5885
f 5489 5885 5886
f 5490 5489 5886
f 5490 5886 5887
f 5888 5491 5490
f 5888 5490 5887
f 5493 5492 5889
f 5493 5889 5890
f 5891 5879 5483
f 5891 5483 5494
f 5891 5494 5493
f 5891 5493 5890
f 5892 5486 5882
f 5892 5496 5486
f 5893 5497 5496
f 5893 5496 5892
f 5892 5882 5883
f 5892 5883 5893
f 5498 5497 5893
f 5498 5893 5894
f 5893 5883 5884
f 5893 5884 5894
f 5885 5488 5499
f 5885 5499 5896
f 5897 5885 5896
f 5897 5886 5885
f 5898 5886 5897
f 5898 5887 5886
f 5888 5502 5491
f 5888 5899 5502
f 5898 5888 5887
f 5898 5899 5888
f 5889 5492 5503
f 5889 5503 5900
f 5900 5503 5502
f 5900 5502 5899
f 5901 5498 5894
f 5901 5506 5498
f 5507 5506 5901
f 5507 5901 5902
f 5901 5894 5895
f 5901 5895 5902
f 5903 5896 5499
f 5903 5499 5508
f 5508 5507 5902
f 5508 5902 5903
f 5903 5902 5895
f 5903 5895 5896
f 5904 5896 5903
f 5904 5897 5896
f 5909 5511 5512
f 5909 5908 5511
f 5513 5909 5512
f 5513 5910 5909
f 5514 5910 5513
f 5514 5911 5910
f 5911 5905 5910
f 5911 5906 5905
f 5515 5911 5514
f 5515 5912 5911
f 5519 5914 5518
f 5519 5915 5914
f 5520 5915 5519
f 5520 5916 5915
f 5919 5521 5522
f 5919 5918 5521
f 5920 5511 5908
f 5920 5523 5511
f 5920 5907 5919
f 5920 5908 5907
f 5921 5912 5515
f 5921 5515 5527
f 5528 5921 5527
f 5528 5922 5921
f 5921 5913 5912
f 5921 5922 5913
f 5531 5923 5530
f 5531 5924 5923
f 5925 5531 5532
f 5925 5924 5531
f 5926 5518 5914
f 5926 5533 5518
f 5927 5926 5914
f 5927 5914 5915
f 5928 5916 5520
f 5928 5520 5535
f 5928 5917 5916
f 5928 5929 5917
f 5918 5537 5521
f 5918 5930 5537
f 5930 5917 5929
f 5930 5918 5917
f 5931 5919 5522
f 5931 5522 5538
f 5920 5539 5523
f 5920 5932 5539
f 5539 5931 5538
f 5539 5932 5931
f 5931 5920 5919
f 5931 5932 5920
f 5933 5922 5528
f 5933 5528 5544
f 5923 5546 5530
f 5923 5934 5546
f 5547 5546 5934
f 5547 5934 5935
f 5934 5923 5924
f 5934 5924 5935
f 5925 5532 5548
f 5925 5548 5936
f 5548 5547 5935
f 5548 5935 5936
f 5935 5924 5925
f 5935 5925 5936
f 5926 5549 5533
f 5926 5937 5549
f 5549 5936 5548
f 5549 5937 5936
f 5938 5937 5926
f 5938 5926 5927
f 5928 5535 5550
f 5928 5550 5939
f 5940 5928 5939
f 5940 5929 5928
f 5941 5537 5930
f 5941 5552 5537
f 5941 5551 5552
f 5941 5940 5551
f 5555 5554 5942
f 5555 5942 5943
f 5933 5544 5558
f 5933 5558 5946
f 5558 5557 5945
f 5558 5945 5946
f 5936 5562 5548
f 5936 5948 5562
f 5562 5947 5561
f 5562 5948 5947
f 5939 5550 5563
f 5939 5563 5949
f 5950 5551 5940
f 5950 5564 5551
f 5950 5563 5564
f 5950 5949 5563
f 5949 5940 5939
f 5949 5950 5940
f 5951 5565 5564
f 5951 5564 5950
f 5942 5554 5567
f 5942 5567 5953
f 5943 5568 5555
f 5943 5954 5568
f 5568 5953 5567
f 5568 5954 5953
f 5954 5942 5953
f 5954 5943 5942
f 5955 5954 5943
f 5955 5943 5944
f 5945 5557 5570
f 5945 5570 5956
f 5957 5570 5571
f 5957 5956 5570
f 5958 5561 5947
f 5958 5578 5561
f 5579 5578 5958
f 5579 5958 5959
f 5958 5947 5948
f 5958 5948 5959
f 5580 5579 5959
f 5580 5959 5960
f 5581 5580 5960
f 5581 5960 5961
f 5962 5950 5564
f 5962 5564 5583
f 5951 5584 5565
f 5951 5963 5584
f 5584 5962 5583
f 5584 5963 5962
f 5962 5951 5950
f 5962 5963 5951
f 5963 5951 5952
f 5963 5952 5964
f 5957 5571 5585
f 5957 5585 5967
f 5966 5956 5957
f 5966 5957 5967
f 5968 5585 5586
f 5968 5967 5585
f 5969 5586 5587
f 5969 5968 5586
f 5970 5587 5588
f 5970 5969 5587
f 5971 5581 5961
f 5971 5595 5581
f 5596 5595 5971
f 5596 5971 5972
f 5975 5974 5963
f 5975 5963 5964
f 5975 5964 5965
f 5975 5965 5976
f 5977 5968 5969
f 5977 5969 5978
f 5970 5588 5604
f 5970 5604 5979
f 5979 5978 5969
f 5979 5969 5970
f 5611 5980 5610
f 5611 5981 5980
f 5972 5612 5596
f 5972 5982 5612
f 5612 5981 5611
f 5612 5982 5981
f 5982 5972 5973
f 5982 5973 5983
f 5984 5983 5973
f 5984 5973 5974
f 5617 5616 5987
f 5617 5987 5988
f 5979 5604 5619
f 5979 5619 5992
f 5991 5978 5979
f 5991 5979 5992
f 5980 5624 5610
f 5980 5993 5624
f 5625 5624 5993
f 5625 5993 5994
f 5993 5980 5981
f 5993 5981 5994
f 5995 5626 5625
f 5995 5625 5994
f 5629 5628 5996
f 5629 5996 5997
f 5630 5629 5997
f 5630 5997 5998
f 5998 5997 5985
f 5998 5985 5986
f 5987 5616 5631
f 5987 5631 5999
f 5988 5632 5617
f 5988 6000 5632
f 6000 5631 5632
f 6000 5999 5631
f 5999 5988 5987
f 5999 6000 5988
f 6001 5989 5990
f 6001 5990 6002
f 6003 5992 5619
f 6003 5619 5634
f 6004 5634 5635
f 6004 6003 5634
f 6005 5635 5636
f 6005 6004 5635
f 5995 5640 5626
f 5995 6007 5640
f 6006 5995 5994
f 6006 6007 5995
f 5996 5628 5641
f 5996 5641 6008
f 5642 6008 5641
f 5642 6009 6008
f 6009 5996 6008
f 6009 5997 5996
f 6010 5630 5998
f 6010 5643 5630
f 5643 6009 5642
f 5643 6010 6009
f 6010 5997 6009
f 6010 5998 5997
f 6011 5999 6000
f 6011 6000 6012
f 6014 5647 5646
f 6014 5646 6013
f 6005 5636 5650
f 6005 5650 6015
f 6007 5654 5640
f 6007 6016 5654
f 6017 5655 5654
f 6017 5654 6016
f 6013 5646 5659
f 6013 5659 6019
f 6018 6012 6013
f 6018 6013 6019
f 6014 5660 5647
f 6014 6020 5660
f 6020 5659 5660
f 6020 6019 5659
f 6020 6013 6019
f 6020 6014 6013
f 6022 5662 5661
f 6022 5661 6021
f 5663 5662 6022
f 5663 6022 6023
f 6024 6015 5650
f 6024 5650 5664
f 5664 5663 6023
f 5664 6023 6024
f 6025 5664 5665
f 6025 6024 5664
f 5666 6025 5665
f 5666 6026 6025
f 6017 5669 5655
f 6017 6028 5669
f 6027 6017 6016
f 6027 6028 6017
f 5673 5672 6029
f 5673 6029 6030
f 6031 6030 6018
f 6031 6018 6019
f 5675 5674 6032
f 5675 6032 6033
f 6021 5661 5676
f 6021 5676 6034
f 5677 6034 5676
f 5677 6035 6034
f 6034 6022 6021
f 6034 6035 6022
f 5678 6035 5677
f 5678 6036 6035
f 6037 5664 6024
f 6037 5679 5664
f 5679 6036 5678
f 5679 6037 6036
f 5680 5679 6037
f 5680 6037 6038
f 6038 6037 6024
f 6038 6024 6025
f 6039 6026 5666
f 6039 5666 5681
f 5681 5680 6038
f 5681 6038 6039
f 6039 6038 6025
f 6039 6025 6026
f 6028 5682 5669
f 6028 6041 5682
f 6040 6028 6027
f 6040 6041 6028
f 6042 5683 5682
f 6042 5682 6041
f 6043 6029 5672
f 6043 5672 5687
f 6044 5673 6030
f 6044 5688 5673
f 5688 6043 5687
f 5688 6044 6043
f 6043 6030 6029
f 6043 6044 6030
f 6046 6032 5674
f 6046 5674 5690
f 6033 5691 5675
f 6033 6047 5691
f 5691 6046 5690
f 5691 6047 6046
f 6046 6033 6032
f 6046 6047 6033
f 6048 6035 6036
f 6048 6036 6049
f 6050 6037 5679
f 6050 5679 5692
f 6050 6049 6036
f 6050 6036 6037
f 6042 5694 5683
f 6042 6052 5694
f 6051 6042 6041
f 6051 6052 6042
f 6053 5695 5694
f 6053 5694 6052
f 6054 5696 5695
f 6054 5695 6053
f 6055 6044 6045
f 6055 6045 6056
f 6057 5701 5700
f 6057 5700 6056
f 6059 6050 5692
f 6059 5692 5703
f 6059 5703 5702
f 6059 5702 6058
f 6059 6058 6049
f 6059 6049 6050
f 6054 5705 5696
f 6054 6061 5705
f 6060 6054 6053
f 6060 6061 6054
f 6056 5700 5706
f 6056 5706 6064
f 6057 5707 5701
f 6057 6065 5707
f 6064 6057 6056
f 6064 6065 6057
f 6066 5708 5707
f 6066 5707 6065
f 5710 5709 6067
f 5710 6067 6068
f 6069 6058 5702
f 6069 5702 5711
f 6069 5711 5710
f 6069 5710 6068
f 6070 5705 6061
f 6070 5712 5705
f 5713 5712 6070
f 5713 6070 6071
f 6070 6061 6062
f 6070 6062 6071
f 6071 6062 6063
f 6071 6063 6072
f 6064 5706 5715
f 6064 5715 6074
f 6074 5715 5714
f 6074 5714 6073
f 6074 6065 6064
f 6074 6075 6065
f 6066 5717 5708
f 6066 6076 5717
f 6075 6066 6065
f 6075 6076 6066
f 6067 5709 5718
f 6067 5718 6077
f 5718 5717 6076
f 5718 6076 6077
f 6078 5713 6071
f 6078 5720 5713
f 5721 5720 6078
f 5721 6078 6079
f 6078 6071 6072
f 6078 6072 6079
f 6080 6073 5714
f 6080 5714 5722
f 6080 5722 5721
f 6080 5721 6079
f 6079 6072 6073
f 6079 6073 6080
f 6082 6075 6081
f 6082 6076 6075
f 6086 5723 5724
f 6086 6085 5723
f 6088 5725 5726
f 6088 6087 5725
f 6088 6083 6087
f 6088 6084 6083
f 6089 5723 6085
f 6089 5727 5723
f 6089 5726 5727
f 6089 6088 5726
f 6089 6084 6088
f 6089 6085 6084
f 6090 6086 5724
f 6090 5724 5728
f 5729 6090 5728
f 5729 6091 6090
f 6092 5729 5730
f 6092 6091 5729
f 5733 6094 5732
f 5733 6095 6094
f 6096 5733 5734
f 6096 6095 5733
f 6097 5734 5735
f 6097 6096 5734
f 6098 5735 5736
f 6098 6097 5735
f 6099 5725 6087
f 6099 5737 5725
f 6099 5736 5737
f 6099 6098 5736
f 6101 6092 5730
f 6101 5730 5740
f 6100 6091 6092
f 6100 6092 6101
f 6104 5732 6094
f 6104 5745 5732
f 6104 6093 6103
f 6104 6094 6093
f 6106 6105 6097
f 6106 6097 6098
f 5751 5750 6107
f 5751 6107 6108
f 6109 5752 5751
f 6109 5751 6108
f 5753 5752 6109
f 5753 6109 6110
f 6101 5740 5755
f 6101 5755 6112
f 6111 6100 6101
f 6111 6101 6112
f 5759 6114 5758
f 5759 6115 6114
f 6115 6102 6114
f 6115 6103 6102
f 6104 5760 5745
f 6104 6116 5760
f 5760 6115 5759
f 5760 6116 6115
f 6115 6104 6103
f 6115 6116 6104
f 6118 5762 5761
f 6118 5761 6117
f 6107 5750 5763
f 6107 5763 6119
f 6120 5763 5764
f 6120 6119 5763
f 6119 6108 6107
f 6119 6120 6108
f 5765 6120 5764
f 5765 6121 6120
f 6120 6109 6108
f 6120 6121 6109
f 6122 5753 6110
f 6122 5766 5753
f 6122 5765 5766
f 6122 6121 5765
f 6122 6109 6121
f 6122 6110 6109
f 6112 5755 5768
f 6112 5768 6124
f 5768 5767 6123
f 5768 6123 6124
f 6114 5771 5758
f 6114 6127 5771
f 6127 6113 6126
f 6127 6114 6113
f 6128 6115 6116
f 6128 6116 6129
f 6117 5761 5772
f 6117 5772 6130
f 6129 6116 6117
f 6129 6117 6130
f 6118 5773 5762
f 6118 6131 5773
f 6131 5772 5773
f 6131 6130 5772
f 6131 6117 6130
f 6131 6118 6117
f 5775 5774 6132
f 5775 6132 6133
f 6135 6123 5767
f 6135 5767 5779
f 5779 5778 6134
f 5779 6134 6135
f 6136 6123 6135
f 6136 6124 6123
f 6136 6125 6124
f 6136 6137 6125
f 6138 5771 6127
f 6138 5781 5771
f 5782 5781 6138
f 5782 6138 6139
f 5783 5782 6139
f 5783 6139 6140
f 6141 6140 6129
f 6141 6129 6130
f 6142 6132 5774
f 6142 5774 5784
f 6133 5785 5775
f 6133 6143 5785
f 6142 6133 6132
f 6142 6143 6133
f 5787 5786 6145
f 5787 6145 6146
f 6134 5778 5788
f 6134 5788 6147
f 6148 5788 5789
f 6148 6147 5788
f 6148 6134 6147
f 6148 6135 6134
f 6149 6135 6148
f 6149 6136 6135
f 6150 5790 5791
f 6150 6149 5790
f 6151 5783 6140
f 6151 5795 5783
f 6151 6140 6141
f 6151 6141 6152
f 6153 5797 5796
f 6153 5796 6152
f 6154 6142 5784
f 6154 5784 5798
f 6154 5798 5797
f 6154 5797 6153
f 6143 5799 5785
f 6143 6155 5799
f 5799 6154 5798
f 5799 6155 6154
f 6155 6142 6154
f 6155 6143 6142
f 5800 5799 6155
f 5800 6155 6156
f 6155 6143 6144
f 6155 6144 6156
f 6145 5786 5801
f 6145 5801 6157
f 6146 5802 5787
f 6146 6158 5802
f 5802 6157 5801
f 5802 6158 6157
f 6157 6146 6145
f 6157 6158 6146
f 6148 5789 5803
f 6148 5803 6160
f 6160 6159 6147
f 6160 6147 6148
f 6161 5790 6149
f 6161 5804 5790
f 6161 5803 5804
f 6161 6160 5803
f 6150 5791 5805
f 6150 5805 6162
f 6161 6149 6150
f 6161 6150 6162
f 6163 5805 5806
f 6163 6162 5805
f 6151 5809 5795
f 6151 6164 5809
f 6152 5796 5810
f 6152 5810 6165
f 6164 6151 6152
f 6164 6152 6165
f 6166 5810 5811
f 6166 6165 5810
f 6154 5812 5798
f 6154 6167 5812
f 6167 5811 5812
f 6167 6166 5811
f 6167 6153 6166
f 6167 6154 6153
f 6168 6155 5799
f 6168 5799 5813
f 6169 5800 6156
f 6169 5814 5800
f 5816 5815 6170
f 5816 6170 6171
f 6172 6171 6159
f 6172 6159 6160
f 6173 6172 6160
f 6173 6160 6161
f 6173 6161 6162
f 6173 6162 6174
f 6163 5806 5817
f 6163 5817 6175
f 6174 6162 6163
f 6174 6163 6175
f 6164 5820 5809
f 6164 6176 5820
f 6177 6176 6164
f 6177 6164 6165
f 5822 5821 6178
f 5822 6178 6179
f 6180 6168 5813
f 6180 5813 5823
f 6181 5814 6169
f 6181 5824 5814
f 5824 6180 5823
f 5824 6181 6180
f 6180 6169 6168
f 6180 6181 6169
f 6182 6170 5815
f 6182 5815 5825
f 6183 5816 6171
f 6183 5826 5816
f 6175 5817 5827
f 6175 5827 6184
f 6185 5827 5828
f 6185 6184 5827
f 5830 6186 5829
f 5830 6187 6186
f 6188 5820 6176
f 6188 5832 5820
f 5833 5832 6188
f 5833 6188 6189
f 6178 5821 5834
f 6178 5834 6190
f 6179 5835 5822
f 6179 6191 5835
f 5835 6190 5834
f 5835 6191 6190
f 6190 6179 6178
f 6190 6191 6179
f 6195 6182 5825
f 6195 5825 5836
f 6196 5826 6183
f 6196 5837 5826
f 6196 6182 6195
f 6196 6183 6182
f 6185 5828 5840
f 6185 5840 6198
f 6197 6184 6185
f 6197 6185 6198
f 6186 5841 5829
f 6186 6199 5841
f 6199 5840 5841
f 6199 6198 5840
f 6200 6187 5830
f 6200 5830 5842
f 6200 6199 6186
f 6200 6186 6187
f 6201 5833 6189
f 6201 5844 5833
f 6204 6203 6192
f 6204 6192 6193
f 6205 6204 6193
f 6205 6193 6194
f 6206 6195 5836
f 6206 5836 5845
f 6207 5837 6196
f 6207 5846 5837
f 6207 5845 5846
f 6207 6206 5845
f 6208 5847 5846
f 6208 5846 6207
f 5849 5848 6209
f 5849 6209 6210
f 6212 5851 5850
f 6212 5850 6211
f 6212 6211 6198
f 6212 6198 6199
f 6213 6200 5842
f 6213 5842 5852
f 6213 5852 5851
f 6213 5851 6212
f 6213 6212 6199
f 6213 6199 6200
f 6201 5855 5844
f 6201 6214 5855
f 6216 6215 6202
f 6216 6202 6203
f 6217 6216 6203
f 6217 6203 6204
f 6218 6207 5846
f 6218 5846 5857
f 6208 5858 5847
f 6208 6219 5858
f 5858 6218 5857
f 5858 6219 6218
f 6218 6208 6207
f 6218 6219 6208
f 6209 5848 5859
f 6209 5859 6220
f 6210 5860 5849
f 6210 6221 5860
f 5860 6220 5859
f 5860 6221 6220
f 6220 6210 6209
f 6220 6221 6210
f 6223 6211 5850
f 6223 5850 5861
f 6214 5866 5855
f 6214 6224 5866
f 6225 5867 5866
f 6225 5866 6224
f 5869 5868 6226
f 5869 6226 6227
f 6228 6221 6222
f 6228 6222 6229
f 6223 5861 5870
f 6223 5870 6230
f 6230 6229 6222
f 6230 6222 6223
f 6225 5874 5867
f 6225 6232 5874
f 6231 6225 6224
f 6231 6232 6225
f 6233 5875 5874
f 6233 5874 6232
f 6226 5868 5876
f 6226 5876 6236
f 6227 5877 5869
f 6227 6237 5877
f 5877 6236 5876
f 5877 6237 6236
f 6236 6227 6226
f 6236 6237 6227
f 6240 6239 6228
f 6240 6228 6229
f 6230 5870 5878
f 6230 5878 6241
f 6240 6229 6230
f 6240 6230 6241
f 6242 5878 5879
f 6242 6241 5878
f 6243 5875 6233
f 6243 5881 5875
f 6244 5882 5881
f 6244 5881 6243
f 6243 6233 6234
f 6243 6234 6244
f 5883 5882 6244
f 5883 6244 6245
f 6244 6234 6235
f 6244 6235 6245
f 6246 5884 5883
f 6246 5883 6245
f 6247 6236 6237
f 6247 6237 6248
f 6248 6237 6238
f 6248 6238 6249
f 6252 5890 5889
f 6252 5889 6251
f 6242 5879 5891
f 6242 5891 6253
f 6253 5891 5890
f 6253 5890 6252
f 6252 6241 6242
f 6252 6242 6253
f 6255 5884 6246
f 6255 5894 5884
f 6254 6246 6245
f 6254 6255 6246
f 5895 5894 6255
f 5895 6255 6256
f 6257 5896 5895
f 6257 5895 6256
f 6259 5898 5897
f 6259 5897 6258
f 6260 5899 5898
f 6260 5898 6259
f 6261 6251 5889
f 6261 5889 5900
f 6261 5900 5899
f 6261 5899 6260
f 6261 6260 6250
f 6261 6250 6251
f 6263 6254 6262
f 6263 6255 6254
f 6264 6255 6263
f 6264 6256 6255
f 6265 5896 6257
f 6265 5903 5896
f 6258 5897 5904
f 6258 5904 6266
f 5904 5903 6265
f 5904 6265 6266
f 6265 6257 6258
f 6265 6258 6266
f 6266 6259 6258
f 6266 6267 6259
f 6268 6259 6267
f 6268 6260 6259
f 6269 6267 6266
f 6269 6270 6267
f 6270 6268 6267
f 6270 6271 6268
f 6272 6271 6270
f 6272 6273 6271
f 6277 5905 5906
f 6277 6276 5905
f 5908 6278 5907
f 5908 6279 6278
f 5909 6279 5908
f 5909 6280 6279
f 6280 6274 6279
f 6280 6275 6274
f 6281 5905 6276
f 6281 5910 5905
f 6281 5909 5910
f 6281 6280 5909
f 6281 6275 6280
f 6281 6276 6275
f 6282 6277 5906
f 6282 5906 5911
f 5912 6282 5911
f 5912 6283 6282
f 5913 6283 5912
f 5913 6284 6283
f 5916 6286 5915
f 5916 6287 6286
f 5917 6287 5916
f 5917 6288 6287
f 6289 5917 5918
f 6289 6288 5917
f 6290 5907 6278
f 6290 5919 5907
f 6290 5918 5919
f 6290 6289 5918
f 6291 6290 6278
f 6291 6278 6279
f 6293 6284 5913
f 6293 5913 5922
f 6292 6283 6284
f 6292 6284 6293
f 6296 5915 6286
f 6296 5927 5915
f 6296 6285 6295
f 6296 6286 6285
f 5930 5929 6297
f 5930 6297 6298
f 6299 6298 6289
f 6299 6289 6290
f 6300 6299 6290
f 6300 6290 6291
f 6293 5922 5933
f 6293 5933 6302
f 6301 6292 6293
f 6301 6293 6302
f 5937 6304 5936
f 5937 6305 6304
f 6305 6294 6304
f 6305 6295 6294
f 6296 5938 5927
f 6296 6306 5938
f 5938 6305 5937
f 5938 6306 6305
f 6305 6296 6295
f 6305 6306 6296
f 6308 6297 5929
f 6308 5929 5940
f 6309 5930 6298
f 6309 5941 5930
f 5941 6308 5940
f 5941 6309 6308
f 6309 6297 6308
f 6309 6298 6297
f 5944 5943 6310
f 5944 6310 6311
f 6313 6302 5933
f 6313 5933 5946
f 5946 5945 6312
f 5946 6312 6313
f 6313 6303 6302
f 6313 6314 6303
f 6304 5948 5936
f 6304 6315 5948
f 6316 6306 6307
f 6316 6307 6317
f 5952 5951 6318
f 5952 6318 6319
f 6321 6310 5943
f 6321 5943 5954
f 6311 5955 5944
f 6311 6322 5955
f 5955 6321 5954
f 5955 6322 6321
f 6321 6311 6310
f 6321 6322 6311
f 6312 5945 5956
f 6312 5956 6323
f 6324 6312 6323
f 6324 6313 6312
f 6325 6313 6324
f 6325 6314 6313
f 6315 5959 5948
f 6315 6326 5959
f 5960 5959 6326
f 5960 6326 6327
f 5961 5960 6327
f 5961 6327 6328
f 6329 6328 6316
f 6329 6316 6317
f 6318 5951 5963
f 6318 5963 6331
f 6332 5952 6319
f 6332 5964 5952
f 6332 6318 6331
f 6332 6319 6318
f 6333 5965 5964
f 6333 5964 6332
f 6333 6332 6319
f 6333 6319 6320
f 6323 5956 5966
f 6323 5966 6335
f 6336 5966 5967
f 6336 6335 5966
f 6336 6323 6335
f 6336 6324 6323
f 6337 5967 5968
f 6337 6336 5967
f 6338 5961 6328
f 6338 5971 5961
f 5972 5971 6338
f 5972 6338 6339
f 6338 6328 6329
f 6338 6329 6339
f 5973 5972 6339
f 5973 6339 6340
f 6339 6329 6330
f 6339 6330 6340
f 6331 5963 5974
f 6331 5974 6341
f 6341 5974 5973
f 6341 5973 6340
f 5975 6341 5974
f 5975 6342 6341
f 6342 6331 6341
f 6342 6332 6331
f 6343 5965 6333
f 6343 5976 5965
f 5976 6342 5975
f 5976 6343 6342
f 6343 6332 6342
f 6343 6333 6332
f 6345 6344 6334
f 6345 6334 6335
f 6345 6335 6336
f 6345 6336 6346
f 6337 5968 5977
f 6337 5977 6347
f 6346 6336 6337
f 6346 6337 6347
f 6348 5977 5978
f 6348 6347 5977
f 5982 6349 5981
f 5982 6350 6349
f 5983 6350 5982
f 5983 6351 6350
f 6341 5984 5974
f 6341 6352 5984
f 6352 5983 5984
f 6352 6351 5983
f 6352 6340 6351
f 6352 6341 6340
f 5986 5985 6353
f 5986 6353 6354
f 5990 5989 6357
f 5990 6357 6358
f 6357 6345 6346
f 6357 6346 6358
f 6348 5978 5991
f 6348 5991 6360
f 6359 6347 6348
f 6359 6348 6360
f 6361 5991 5992
f 6361 6360 5991
f 6349 5994 5981
f 6349 6362 5994
f 6363 6362 6349
f 6363 6349 6350
f 6364 6353 5985
f 6364 5985 5997
f 6365 5986 6354
f 6365 5998 5986
f 5998 6364 5997
f 5998 6365 6364
f 6364 6354 6353
f 6364 6365 6354
f 6367 6000 5999
f 6367 5999 6366
f 6366 6355 6356
f 6366 6356 6367
f 6368 6357 5989
f 6368 5989 6001
f 6369 5990 6358
f 6369 6002 5990
f 6002 6368 6001
f 6002 6369 6368
f 6369 6357 6368
f 6369 6358 6357
f 6361 5992 6003
f 6361 6003 6371
f 6370 6360 6361
f 6370 6361 6371
f 6372 6003 6004
f 6372 6371 6003
f 6373 6004 6005
f 6373 6372 6004
f 6362 6006 5994
f 6362 6374 6006
f 6007 6006 6374
f 6007 6374 6375
f 6374 6362 6363
f 6374 6363 6375
f 6366 5999 6011
f 6366 6011 6379
f 6367 6012 6000
f 6367 6380 6012
f 6380 6011 6012
f 6380 6379 6011
f 6381 6013 6012
f 6381 6012 6380
f 6382 6371 6372
f 6382 6372 6383
f 6384 6373 6005
f 6384 6005 6015
f 6384 6383 6372
f 6384 6372 6373
f 6385 6007 6375
f 6385 6016 6007
f 6388 6387 6376
f 6388 6376 6377
f 6389 6388 6377
f 6389 6377 6378
f 6391 6380 6012
f 6391 6012 6018
f 6390 6379 6380
f 6390 6380 6391
f 6381 6019 6013
f 6381 6392 6019
f 6391 6381 6380
f 6391 6392 6381
f 6023 6022 6395
f 6023 6395 6396
f 6396 6395 6382
f 6396 6382 6383
f 6397 6384 6015
f 6397 6015 6024
f 6397 6024 6023
f 6397 6023 6396
f 6397 6396 6383
f 6397 6383 6384
f 6385 6027 6016
f 6385 6398 6027
f 6401 6400 6386
f 6401 6386 6387
f 6402 6401 6387
f 6402 6387 6388
f 6405 6391 6018
f 6405 6018 6030
f 6392 6031 6019
f 6392 6406 6031
f 6031 6405 6030
f 6031 6406 6405
f 6405 6392 6391
f 6405 6406 6392
f 6407 6393 6394
f 6407 6394 6408
f 6410 6395 6022
f 6410 6022 6035
f 6411 6027 6398
f 6411 6040 6027
f 6412 6041 6040
f 6412 6040 6411
f 6411 6398 6399
f 6411 6399 6412
f 6415 6403 6404
f 6415 6404 6416
f 6045 6044 6417
f 6045 6417 6418
f 6419 6408 6409
f 6419 6409 6420
f 6410 6035 6048
f 6410 6048 6421
f 6421 6420 6409
f 6421 6409 6410
f 6422 6048 6049
f 6422 6421 6048
f 6412 6051 6041
f 6412 6423 6051
f 6424 6052 6051
f 6424 6051 6423
f 6425 6053 6052
f 6425 6052 6424
f 6424 6413 6414
f 6424 6414 6425
f 6417 6044 6055
f 6417 6055 6427
f 6418 6056 6045
f 6418 6428 6056
f 6056 6427 6055
f 6056 6428 6427
f 6427 6418 6417
f 6427 6428 6418
f 6431 6430 6419
f 6431 6419 6420
f 6422 6049 6058
f 6422 6058 6433
f 6432 6421 6422
f 6432 6422 6433
f 6434 6053 6425
f 6434 6060 6053
f 6061 6060 6434
f 6061 6434 6435
f 6434 6425 6426
f 6434 6426 6435
f 6062 6061 6435
f 6062 6435 6436
f 6437 6063 6062
f 6437 6062 6436
f 6438 6428 6429
f 6438 6429 6439
f 6068 6067 6441
f 6068 6441 6442
f 6443 6433 6058
f 6443 6058 6069
f 6443 6069 6068
f 6443 6068 6442
f 6443 6442 6432
f 6443 6432 6433
f 6437 6072 6063
f 6437 6445 6072
f 6444 6437 6436
f 6444 6445 6437
f 6446 6073 6072
f 6446 6072 6445
f 6074 6073 6446
f 6074 6446 6447
f 6075 6074 6447
f 6075 6447 6448
f 6450 6441 6067
f 6450 6067 6077
f 6450 6077 6076
f 6450 6076 6449
f 6450 6449 6440
f 6450 6440 6441
f 6448 6081 6075
f 6448 6452 6081
f 6451 6448 6447
f 6451 6452 6448
f 6449 6076 6082
f 6449 6082 6453
f 6082 6081 6452
f 6082 6452 6453
f 6455 6453 6452
f 6455 6456 6453
f 6456 6454 6453
f 6456 6457 6454
f 6459 6083 6084
f 6459 6458 6083
f 6460 6084 6085
f 6460 6459 6084
f 6461 6085 6086
f 6461 6460 6085
f 6462 6083 6458
f 6462 6087 6083
f 6461 6086 6090
f 6461 6090 6464
f 6463 6460 6461
f 6463 6461 6464
f 6465 6090 6091
f 6465 6464 6090
f 6467 6093 6094
f 6467 6466 6093
f 6095 6467 6094
f 6095 6468 6467
f 6096 6468 6095
f 6096 6469 6468
f 6470 6096 6097
f 6470 6469 6096
f 6462 6099 6087
f 6462 6472 6099
f 6099 6471 6098
f 6099 6472 6471
f 6465 6091 6100
f 6465 6100 6474
f 6473 6464 6465
f 6473 6465 6474
f 6476 6093 6466
f 6476 6103 6093
f 6476 6102 6103
f 6476 6475 6102
f 6477 6476 6466
f 6477 6466 6467
f 6477 6467 6468
f 6477 6468 6478
f 6479 6478 6468
f 6479 6468 6469
f 6470 6097 6105
f 6470 6105 6480
f 6479 6469 6470
f 6479 6470 6480
f 6471 6106 6098
f 6471 6481 6106
f 6481 6105 6106
f 6481 6480 6105
f 6474 6100 6111
f 6474 6111 6483
f 6484 6111 6112
f 6484 6483 6111
f 6486 6102 6475
f 6486 6114 6102
f 6486 6113 6114
f 6486 6485 6113
f 6487 6486 6475
f 6487 6475 6476
f 6116 6115 6487
f 6116 6487 6488
f 6487 6476 6477
f 6487 6477 6488
f 6117 6116 6488
f 6117 6488 6489
f 6489 6488 6477
f 6489 6477 6478
f 6492 6491 6482
f 6492 6482 6483
f 6484 6112 6124
f 6484 6124 6493
f 6492 6483 6484
f 6492 6484 6493
f 6125 6493 6124
f 6125 6494 6493
f 6485 6126 6113
f 6485 6496 6126
f 6497 6127 6126
f 6497 6126 6496
f 6496 6485 6486
f 6496 6486 6497
f 6487 6115 6128
f 6487 6128 6498
f 6497 6486 6487
f 6497 6487 6498
f 6499 6128 6129
f 6499 6498 6128
f 6500 6117 6489
f 6500 6130 6117
f 6503 6502 6490
f 6503 6490 6491
f 6505 6494 6125
f 6505 6125 6137
f 6137 6136 6504
f 6137 6504 6505
f 6506 6494 6505
f 6506 6495 6494
f 6507 6127 6497
f 6507 6138 6127
f 6508 6139 6138
f 6508 6138 6507
f 6507 6497 6498
f 6507 6498 6508
f 6509 6499 6129
f 6509 6129 6140
f 6509 6140 6139
f 6509 6139 6508
f 6508 6498 6499
f 6508 6499 6509
f 6500 6141 6130
f 6500 6510 6141
f 6510 6500 6501
f 6510 6501 6511
f 6144 6143 6512
f 6144 6512 6513
f 6148 6147 6514
f 6148 6514 6515
f 6516 6504 6136
f 6516 6136 6149
f 6149 6148 6515
f 6149 6515 6516
f 6517 6141 6510
f 6517 6152 6141
f 6153 6152 6517
f 6153 6517 6518
f 6517 6510 6511
f 6517 6511 6518
f 6512 6143 6155
f 6512 6155 6519
f 6520 6144 6513
f 6520 6156 6144
f 6520 6512 6519
f 6520 6513 6512
f 6514 6147 6159
f 6514 6159 6521
f 6521 6515 6514
f 6521 6522 6515
f 6523 6515 6522
f 6523 6516 6515
f 6525 6153 6518
f 6525 6166 6153
f 6166 6524 6165
f 6166 6525 6524
f 6526 6519 6155
f 6526 6155 6168
f 6527 6156 6520
f 6527 6169 6156
f 6527 6168 6169
f 6527 6526 6168
f 6527 6519 6526
f 6527 6520 6519
f 6529 6521 6159
f 6529 6159 6171
f 6171 6170 6528
f 6171 6528 6529
f 6172 6529 6171
f 6172 6530 6529
f 6530 6521 6529
f 6530 6522 6521
f 6173 6530 6172
f 6173 6531 6530
f 6530 6523 6522
f 6530 6531 6523
f 6532 6173 6174
f 6532 6531 6173
f 6533 6174 6175
f 6533 6532 6174
f 6524 6177 6165
f 6524 6535 6177
f 6177 6534 6176
f 6177 6535 6534
f 6536 6535 6524
f 6536 6524 6525
f 6539 6528 6170
f 6539 6170 6182
f 6540 6171 6529
f 6540 6183 6171
f 6540 6182 6183
f 6540 6539 6182
f 6540 6528 6539
f 6540 6529 6528
f 6541 6530 6531
f 6541 6531 6542
f 6533 6175 6184
f 6533 6184 6543
f 6534 6188 6176
f 6534 6546 6188
f 6189 6188 6546
f 6189 6546 6547
f 6547 6546 6534
f 6547 6534 6535
f 6548 6537 6538
f 6548 6538 6549
f 6550 6193 6192
f 6550 6192 6549
f 6551 6194 6193
f 6551 6193 6550
f 6196 6195 6552
f 6196 6552 6553
f 6543 6184 6197
f 6543 6197 6554
f 6555 6197 6198
f 6555 6554 6197
f 6554 6544 6543
f 6554 6555 6544
f 6556 6544 6555
f 6556 6545 6544
f 6547 6201 6189
f 6547 6557 6201
f 6560 6549 6192
f 6560 6192 6203
f 6560 6203 6202
f 6560 6202 6559
f 6560 6550 6549
f 6560 6561 6550
f 6551 6205 6194
f 6551 6562 6205
f 6562 6204 6205
f 6562 6561 6204
f 6562 6550 6561
f 6562 6551 6550
f 6552 6195 6206
f 6552 6206 6563
f 6564 6196 6553
f 6564 6207 6196
f 6564 6206 6207
f 6564 6563 6206
f 6555 6198 6211
f 6555 6211 6566
f 6567 6555 6566
f 6567 6556 6555
f 6568 6201 6557
f 6568 6214 6201
f 6569 6568 6557
f 6569 6557 6558
f 6559 6202 6215
f 6559 6215 6570
f 6569 6558 6559
f 6569 6559 6570
f 6571 6215 6216
f 6571 6570 6215
f 6571 6559 6570
f 6571 6560 6559
f 6561 6217 6204
f 6561 6572 6217
f 6217 6571 6216
f 6217 6572 6571
f 6572 6560 6571
f 6572 6561 6560
f 6222 6221 6573
f 6222 6573 6574
f 6575 6566 6211
f 6575 6211 6223
f 6223 6222 6574
f 6223 6574 6575
f 6575 6574 6565
f 6575 6565 6566
f 6576 6566 6575
f 6576 6567 6566
f 6577 6214 6568
f 6577 6224 6214
f 6573 6221 6228
f 6573 6228 6579
f 6580 6224 6577
f 6580 6231 6224
f 6232 6231 6580
f 6232 6580 6581
f 6580 6577 6578
f 6580 6578 6581
f 6233 6232 6581
f 6233 6581 6582
f 6583 6234 6233
f 6583 6233 6582
f 6235 6234 6583
f 6235 6583 6584
f 6237 6236 6585
f 6237 6585 6586
f 6238 6237 6586
f 6238 6586 6587
f 6579 6228 6239
f 6579 6239 6588
f 6589 6239 6240
f 6589 6588 6239
f 6590 6240 6241
f 6590 6589 6240
f 6591 6583 6582
f 6591 6592 6583
f 6593 6235 6584
f 6593 6245 6235
f 6592 6584 6583
f 6592 6593 6584
f 6585 6236 6247
f 6585 6247 6594
f 6595 6247 6248
f 6595 6594 6247
f 6595 6585 6594
f 6595 6586 6585
f 6587 6249 6238
f 6587 6596 6249
f 6249 6595 6248
f 6249 6596 6595
f 6597 6596 6587
f 6597 6587 6588
f 6598 6251 6250
f 6598 6250 6597
f 6597 6588 6589
f 6597 6589 6598
f 6590 6241 6252
f 6590 6252 6599
f 6599 6252 6251
f 6599 6251 6598
f 6599 6598 6589
f 6599 6589 6590
f 6593 6254 6245
f 6593 6601 6254
f 6600 6593 6592
f 6600 6601 6593
f 6257 6256 6602
f 6257 6602 6603
f 6604 6258 6257
f 6604 6257 6603
f 6603 6594 6595
f 6603 6595 6604
f 6604 6595 6596
f 6604 6596 6605
f 6606 6597 6250
f 6606 6250 6260
f 6606 6605 6596
f 6606 6596 6597
f 6601 6262 6254
f 6601 6608 6262
f 6609 6263 6262
f 6609 6262 6608
f 6602 6256 6264
f 6602 6264 6610
f 6264 6263 6609
f 6264 6609 6610
f 6611 6258 6604
f 6611 6266 6258
f 6611 6604 6605
f 6611 6605 6612
f 6606 6260 6268
f 6606 6268 6613
f 6612 6605 6606
f 6612 6606 6613
f 6615 6607 6614
f 6615 6608 6607
f 6616 6608 6615
f 6616 6609 6608
f 6617 6609 6616
f 6617 6610 6609
f 6611 6269 6266
f 6611 6618 6269
f 6270 6269 6618
f 6270 6618 6619
f 6618 6611 6612
f 6618 6612 6619
f 6613 6268 6271
f 6613 6271 6620
f 6621 6270 6619
f 6621 6272 6270
f 6622 6620 6271
f 6622 6271 6273
f 6273 6272 6621
f 6273 6621 6622
f 6621 6619 6620
f 6621 6620 6622
f 6624 6274 6275
f 6624 6623 6274
f 6625 6275 6276
f 6625 6624 6275
f 6626 6276 6277
f 6626 6625 6276
f 6627 6274 6623
f 6627 6279 6274
f 6626 6277 6282
f 6626 6282 6630
f 6629 6625 6626
f 6629 6626 6630
f 6631 6282 6283
f 6631 6630 6282
f 6633 6285 6286
f 6633 6632 6285
f 6634 6286 6287
f 6634 6633 6286
f 6288 6634 6287
f 6288 6635 6634
f 6636 6288 6289
f 6636 6635 6288
f 6627 6291 6279
f 6627 6638 6291
f 6639 6638 6627
f 6639 6627 6628
f 6631 6283 6292
f 6631 6292 6640
f 6642 6285 6632
f 6642 6295 6285
f 6642 6294 6295
f 6642 6641 6294
f 6643 6642 6632
f 6643 6632 6633
f 6643 6633 6634
f 6643 6634 6644
f 6644 6634 6635
f 6644 6635 6645
f 6636 6289 6298
f 6636 6298 6646
f 6645 6635 6636
f 6645 6636 6646
f 6299 6646 6298
f 6299 6647 6646
f 6648 6291 6638
f 6648 6300 6291
f 6648 6299 6300
f 6648 6647 6299
f 6648 6637 6647
f 6648 6638 6637
f 6640 6292 6301
f 6640 6301 6650
f 6651 6301 6302
f 6651 6650 6301
f 6303 6651 6302
f 6303 6652 6651
f 6654 6294 6641
f 6654 6304 6294
f 6655 6654 6641
f 6655 6641 6642
f 6655 6642 6643
f 6655 6643 6656
f 6307 6306 6656
f 6307 6656 6657
f 6657 6656 6643
f 6657 6643 6644
f 6660 6659 6649
f 6660 6649 6650
f 6661 6652 6303
f 6661 6303 6314
f 6661 6653 6652
f 6661 6662 6653
f 6663 6304 6654
f 6663 6315 6304
f 6663 6654 6655
f 6663 6655 6664
f 6656 6306 6316
f 6656 6316 6665
f 6665 6664 6655
f 6665 6655 6656
f 6666 6307 6657
f 6666 6317 6307
f 6666 6657 6658
f 6666 6658 6667
f 6320 6319 6668
f 6320 6668 6669
f 6661 6314 6325
f 6661 6325 6671
f 6325 6324 6670
f 6325 6670 6671
f 6672 6661 6671
f 6672 6662 6661
f 6673 6315 6663
f 6673 6326 6315
f 6327 6326 6673
f 6327 6673 6674
f 6673 6663 6664
f 6673 6664 6674
f 6675 6665 6316
f 6675 6316 6328
f 6675 6328 6327
f 6675 6327 6674
f 6675 6674 6664
f 6675 6664 6665
f 6676 6317 6666
f 6676 6329 6317
f 6330 6329 6676
f 6330 6676 6677
f 6676 6666 6667
f 6676 6667 6677
f 6668 6319 6332
f 6668 6332 6678
f 6669 6333 6320
f 6669 6679 6333
f 6333 6678 6332
f 6333 6679 6678
f 6678 6669 6668
f 6678 6679 6669
f 6681 6335 6334
f 6681 6334 6680
f 6682 6670 6324
f 6682 6324 6336
f 6336 6335 6681
f 6336 6681 6682
f 6684 6330 6677
f 6684 6340 6330
f 6685 6678 6679
f 6685 6679 6686
f 6680 6334 6344
f 6680 6344 6687
f 6688 6344 6345
f 6688 6687 6344
f 6687 6681 6680
f 6687 6688 6681
f 6689 6681 6688
f 6689 6682 6681
f 6690 6346 6347
f 6690 6689 6346
f 6689 6683 6682
f 6689 6690 6683
f 6684 6351 6340
f 6684 6692 6351
f 6351 6691 6350
f 6351 6692 6691
f 6356 6355 6693
f 6356 6693 6694
f 6695 6688 6345
f 6695 6345 6357
f 6696 6346 6689
f 6696 6358 6346
f 6358 6695 6357
f 6358 6696 6695
f 6695 6689 6688
f 6695 6696 6689
f 6690 6347 6359
f 6690 6359 6697
f 6698 6359 6360
f 6698 6697 6359
f 6691 6363 6350
f 6691 6700 6363
f 6701 6700 6691
f 6701 6691 6692
f 6704 6693 6355
f 6704 6355 6366
f 6705 6356 6694
f 6705 6367 6356
f 6704 6694 6693
f 6704 6705 6694
f 6698 6360 6370
f 6698 6370 6706
f 6707 6370 6371
f 6707 6706 6370
f 6706 6699 6698
f 6706 6707 6699
f 6709 6363 6700
f 6709 6375 6363
f 6377 6376 6711
f 6377 6711 6712
f 6378 6377 6712
f 6378 6712 6713
f 6713 6712 6702
f 6713 6702 6703
f 6704 6366 6379
f 6704 6379 6714
f 6715 6367 6705
f 6715 6380 6367
f 6714 6705 6704
f 6714 6715 6705
f 6716 6707 6371
f 6716 6371 6382
f 6716 6708 6707
f 6716 6717 6708
f 6709 6385 6375
f 6709 6718 6385
f 6718 6709 6710
f 6718 6710 6719
f 6711 6376 6387
f 6711 6387 6721
f 6387 6386 6720
f 6387 6720 6721
f 6722 6711 6721
f 6722 6712 6711
f 6723 6378 6713
f 6723 6389 6378
f 6723 6388 6389
f 6723 6722 6388
f 6723 6712 6722
f 6723 6713 6712
f 6714 6379 6390
f 6714 6390 6724
f 6725 6380 6715
f 6725 6391 6380
f 6725 6390 6391
f 6725 6724 6390
f 6725 6714 6724
f 6725 6715 6714
f 6394 6393 6726
f 6394 6726 6727
f 6716 6382 6395
f 6716 6395 6729
f 6730 6716 6729
f 6730 6717 6716
f 6731 6385 6718
f 6731 6398 6385
f 6399 6398 6731
f 6399 6731 6732
f 6731 6718 6719
f 6731 6719 6732
f 6720 6386 6400
f 6720 6400 6733
f 6401 6733 6400
f 6401 6734 6733
f 6734 6720 6733
f 6734 6721 6720
f 6722 6402 6388
f 6722 6735 6402
f 6735 6401 6402
f 6735 6734 6401
f 6735 6721 6734
f 6735 6722 6721
f 6404 6403 6736
f 6404 6736 6737
f 6726 6393 6407
f 6726 6407 6738
f 6727 6408 6394
f 6727 6739 6408
f 6408 6738 6407
f 6408 6739 6738
f 6738 6727 6726
f 6738 6739 6727
f 6740 6409 6408
f 6740 6408 6739
f 6741 6729 6395
f 6741 6395 6410
f 6741 6410 6409
f 6741 6409 6740
f 6741 6740 6728
f 6741 6728 6729
f 6742 6399 6732
f 6742 6412 6399
f 6414 6413 6743
f 6414 6743 6744
f 6736 6403 6415
f 6736 6415 6745
f 6737 6416 6404
f 6737 6746 6416
f 6416 6745 6415
f 6416 6746 6745
f 6745 6737 6736
f 6745 6746 6737
f 6747 6739 6408
f 6747 6408 6419
f 6747 6740 6739
f 6747 6748 6740
f 6749 6420 6421
f 6749 6748 6420
f 6742 6423 6412
f 6742 6750 6423
f 6743 6413 6424
f 6743 6424 6751
f 6424 6423 6750
f 6424 6750 6751
f 6752 6414 6744
f 6752 6425 6414
f 6752 6743 6751
f 6752 6744 6743
f 6426 6425 6752
f 6426 6752 6753
f 6429 6428 6754
f 6429 6754 6755
f 6747 6419 6430
f 6747 6430 6756
f 6757 6420 6748
f 6757 6431 6420
f 6757 6430 6431
f 6757 6756 6430
f 6749 6421 6432
f 6749 6432 6758
f 6757 6748 6749
f 6757 6749 6758
f 6759 6752 6751
f 6759 6760 6752
f 6753 6435 6426
f 6753 6761 6435
f 6760 6753 6752
f 6760 6761 6753
f 6762 6436 6435
f 6762 6435 6761
f 6754 6428 6438
f 6754 6438 6764
f 6765 6429 6755
f 6765 6439 6429
f 6765 6438 6439
f 6765 6764 6438
f 6766 6765 6755
f 6766 6755 6756
f 6767 6441 6440
f 6767 6440 6766
f 6767 6766 6756
f 6767 6756 6757
f 6768 6758 6432
f 6768 6432 6442
f 6768 6442 6441
f 6768 6441 6767
f 6768 6767 6757
f 6768 6757 6758
f 6762 6444 6436
f 6762 6770 6444
f 6769 6762 6761
f 6769 6770 6762
f 6771 6445 6444
f 6771 6444 6770
f 6446 6445 6771
f 6446 6771 6772
f 6773 6447 6446
f 6773 6446 6772
f 6773 6772 6763
f 6773 6763 6764
f 6773 6764 6765
f 6773 6765 6774
f 6775 6766 6440
f 6775 6440 6449
f 6774 6765 6766
f 6774 6766 6775
f 6777 6769 6776
f 6777 6770 6769
f 6777 6771 6770
f 6777 6778 6771
f 6779 6447 6773
f 6779 6451 6447
f 6780 6452 6451
f 6780 6451 6779
f 6779 6773 6774
f 6779 6774 6780
f 6775 6449 6453
f 6775 6453 6781
f 6780 6774 6775
f 6780 6775 6781
f 6454 6781 6453
f 6454 6782 6781
f 6784 6776 6783
f 6784 6777 6776
f 6785 6777 6784
f 6785 6778 6777
f 6780 6455 6452
f 6780 6786 6455
f 6456 6455 6786
f 6456 6786 6787
f 6786 6780 6781
f 6786 6781 6787
f 6782 6454 6457
f 6782 6457 6788
f 6457 6456 6787
f 6457 6787 6788
f 6787 6781 6782
f 6787 6782 6788
f 6459 6789 6458
f 6459 6790 6789
f 6791 6459 6460
f 6791 6790 6459
f 6789 6462 6458
f 6789 6792 6462
f 6793 6792 6789
f 6793 6789 6790
f 6791 6460 6463
f 6791 6463 6794
f 6793 6790 6791
f 6793 6791 6794
f 6795 6463 6464
f 6795 6794 6463
f 6792 6472 6462
f 6792 6797 6472
f 6472 6796 6471
f 6472 6797 6796
f 6798 6797 6792
f 6798 6792 6793
f 6799 6798 6793
f 6799 6793 6794
f 6795 6464 6473
f 6795 6473 6800
f 6799 6794 6795
f 6799 6795 6800
f 6801 6473 6474
f 6801 6800 6473
f 6479 6802 6478
f 6479 6803 6802
f 6480 6803 6479
f 6480 6804 6803
f 6796 6481 6471
f 6796 6805 6481
f 6481 6804 6480
f 6481 6805 6804
f 6806 6805 6796
f 6806 6796 6797
f 6807 6806 6797
f 6807 6797 6798
f 6809 6801 6474
f 6809 6474 6483
f 6809 6483 6482
f 6809 6482 6808
f 6808 6800 6801
f 6808 6801 6809
f 6802 6489 6478
f 6802 6810 6489
f 6811 6810 6802
f 6811 6802 6803
f 6812 6811 6803
f 6812 6803 6804
f 6816 6808 6482
f 6816 6482 6491
f 6491 6490 6815
f 6491 6815 6816
f 6817 6491 6492
f 6817 6816 6491
f 6818 6492 6493
f 6818 6817 6492
f 6494 6818 6493
f 6494 6819 6818
f 6495 6819 6494
f 6495 6820 6819
f 6810 6500 6489
f 6810 6822 6500
f 6823 6501 6500
f 6823 6500 6822
f 6824 6813 6814
f 6824 6814 6825
f 6815 6490 6502
f 6815 6502 6827
f 6816 6503 6491
f 6816 6828 6503
f 6828 6502 6503
f 6828 6827 6502
f 6828 6815 6827
f 6828 6816 6815
f 6828 6816 6817
f 6828 6817 6829
f 6829 6817 6818
f 6829 6818 6830
f 6831 6505 6504
f 6831 6504 6830
f 6820 6495 6506
f 6820 6506 6832
f 6506 6505 6831
f 6506 6831 6832
f 6834 6821 6833
f 6834 6822 6821
f 6835 6501 6823
f 6835 6511 6501
f 6834 6823 6822
f 6834 6835 6823
f 6837 6836 6826
f 6837 6826 6827
f 6838 6830 6504
f 6838 6504 6516
f 6841 6511 6835
f 6841 6518 6511
f 6840 6835 6834
f 6840 6841 6835
f 6842 6838 6516
f 6842 6516 6523
f 6842 6839 6838
f 6842 6843 6839
f 6841 6525 6518
f 6841 6845 6525
f 6845 6840 6844
f 6845 6841 6840
f 6847 6842 6523
f 6847 6523 6531
f 6531 6530 6846
f 6531 6846 6847
f 6532 6847 6531
f 6532 6848 6847
f 6848 6842 6847
f 6848 6843 6842
f 6849 6532 6533
f 6849 6848 6532
f 6845 6536 6525
f 6845 6852 6536
f 6536 6851 6535
f 6536 6852 6851
f 6852 6844 6851
f 6852 6845 6844
f 6538 6537 6853
f 6538 6853 6854
f 6846 6530 6541
f 6846 6541 6855
f 6847 6542 6531
f 6847 6856 6542
f 6542 6855 6541
f 6542 6856 6855
f 6856 6846 6855
f 6856 6847 6846
f 6849 6533 6543
f 6849 6543 6858
f 6857 6848 6849
f 6857 6849 6858
f 6859 6543 6544
f 6859 6858 6543
f 6860 6544 6545
f 6860 6859 6544
f 6862 6535 6851
f 6862 6547 6535
f 6862 6850 6861
f 6862 6851 6850
f 6853 6537 6548
f 6853 6548 6863
f 6864 6538 6854
f 6864 6549 6538
f 6864 6548 6549
f 6864 6863 6548
f 6863 6854 6853
f 6863 6864 6854
f 6866 6553 6552
f 6866 6552 6865
f 6867 6855 6856
f 6867 6856 6868
f 6870 6869 6857
f 6870 6857 6858
f 6860 6545 6556
f 6860 6556 6872
f 6871 6859 6860
f 6871 6860 6872
f 6873 6547 6862
f 6873 6557 6547
f 6558 6557 6873
f 6558 6873 6874
f 6875 6559 6558
f 6875 6558 6874
f 6865 6552 6563
f 6865 6563 6876
f 6866 6564 6553
f 6866 6877 6564
f 6877 6563 6564
f 6877 6876 6563
f 6876 6866 6865
f 6876 6877 6866
f 6881 6566 6565
f 6881 6565 6880
f 6882 6872 6556
f 6882 6556 6567
f 6882 6881 6871
f 6882 6871 6872
f 6569 6883 6568
f 6569 6884 6883
f 6875 6570 6559
f 6875 6885 6570
f 6885 6569 6570
f 6885 6884 6569
f 6888 6878 6879
f 6888 6879 6889
f 6890 6880 6565
f 6890 6565 6574
f 6890 6574 6573
f 6890 6573 6889
f 6890 6889 6879
f 6890 6879 6880
f 6891 6566 6881
f 6891 6575 6566
f 6892 6882 6567
f 6892 6567 6576
f 6576 6575 6891
f 6576 6891 6892
f 6891 6881 6882
f 6891 6882 6892
f 6893 6568 6883
f 6893 6577 6568
f 6578 6577 6893
f 6578 6893 6894
f 6893 6883 6884
f 6893 6884 6894
f 6897 6886 6887
f 6897 6887 6898
f 6899 6889 6573
f 6899 6573 6579
f 6900 6889 6899
f 6900 6890 6889
f 6894 6581 6578
f 6894 6901 6581
f 6582 6581 6901
f 6582 6901 6902
f 6904 6903 6895
f 6904 6895 6896
f 6905 6897 6898
f 6905 6898 6906
f 6907 6587 6586
f 6907 6586 6906
f 6908 6899 6579
f 6908 6579 6588
f 6908 6588 6587
f 6908 6587 6907
f 6902 6591 6582
f 6902 6910 6591
f 6909 6902 6901
f 6909 6910 6902
f 6911 6592 6591
f 6911 6591 6910
f 6913 6912 6903
f 6913 6903 6904
f 6915 6906 6586
f 6915 6586 6595
f 6915 6595 6594
f 6915 6594 6914
f 6911 6600 6592
f 6911 6917 6600
f 6916 6911 6910
f 6916 6917 6911
f 6918 6601 6600
f 6918 6600 6917
f 6914 6594 6603
f 6914 6603 6920
f 6603 6602 6919
f 6603 6919 6920
f 6921 6917 6916
f 6921 6922 6917
f 6918 6608 6601
f 6918 6923 6608
f 6923 6607 6608
f 6923 6922 6607
f 6923 6917 6922
f 6923 6918 6917
f 6924 6919 6602
f 6924 6602 6610
f 6613 6925 6612
f 6613 6926 6925
f 6922 6614 6607
f 6922 6928 6614
f 6927 6922 6921
f 6927 6928 6922
f 6929 6615 6614
f 6929 6614 6928
f 6930 6616 6615
f 6930 6615 6929
f 6924 6610 6617
f 6924 6617 6931
f 6931 6617 6616
f 6931 6616 6930
f 6932 6612 6925
f 6932 6619 6612
f 6933 6926 6613
f 6933 6613 6620
f 6620 6619 6932
f 6620 6932 6933
f 6932 6925 6926
f 6932 6926 6933
f 6935 6929 6934
f 6935 6930 6929
f 6624 6936 6623
f 6624 6937 6936
f 6938 6624 6625
f 6938 6937 6624
f 6939 6623 6936
f 6939 6627 6623
f 6628 6627 6939
f 6628 6939 6940
f 6939 6936 6937
f 6939 6937 6940
f 6938 6625 6629
f 6938 6629 6941
f 6940 6937 6938
f 6940 6938 6941
f 6942 6629 6630
f 6942 6941 6629
f 6943 6630 6631
f 6943 6942 6630
f 6946 6637 6638
f 6946 6945 6637
f 6940 6639 6628
f 6940 6947 6639
f 6639 6946 6638
f 6639 6947 6946
f 6948 6947 6940
f 6948 6940 6941
f 6948 6941 6942
f 6948 6942 6949
f 6943 6631 6640
f 6943 6640 6950
f 6949 6942 6943
f 6949 6943 6950
f 6645 6951 6644
f 6645 6952 6951
f 6953 6645 6646
f 6953 6952 6645
f 6954 6637 6945
f 6954 6647 6637
f 6954 6646 6647
f 6954 6953 6646
f 6954 6944 6953
f 6954 6945 6944
f 6955 6954 6945
f 6955 6945 6946
f 6957 6950 6640
f 6957 6640 6650
f 6957 6650 6649
f 6957 6649 6956
f 6956 6949 6950
f 6956 6950 6957
f 6958 6650 6651
f 6958 6957 6650
f 6652 6958 6651
f 6652 6959 6958
f 6653 6959 6652
f 6653 6960 6959
f 6951 6657 6644
f 6951 6961 6657
f 6658 6657 6961
f 6658 6961 6962
f 6962 6961 6951
f 6962 6951 6952
f 6963 6962 6952
f 6963 6952 6953
f 6964 6956 6649
f 6964 6649 6659
f 6957 6660 6650
f 6957 6965 6660
f 6660 6964 6659
f 6660 6965 6964
f 6965 6957 6958
f 6965 6958 6966
f 6966 6958 6959
f 6966 6959 6967
f 6960 6653 6662
f 6960 6662 6968
f 6967 6959 6960
f 6967 6960 6968
f 6971 6658 6962
f 6971 6667 6658
f 6971 6961 6970
f 6971 6962 6961
f 6977 6965 6966
f 6977 6966 6978
f 6979 6671 6670
f 6979 6670 6978
f 6968 6662 6672
f 6968 6672 6980
f 6672 6671 6979
f 6672 6979 6980
f 6982 6969 6981
f 6982 6970 6969
f 6983 6667 6971
f 6983 6677 6667
f 6983 6970 6982
f 6983 6971 6970
f 6985 6679 6678
f 6985 6678 6984
f 6984 6972 6973
f 6984 6973 6985
f 6987 6986 6974
f 6987 6974 6975
f 6988 6987 6975
f 6988 6975 6976
f 6989 6978 6670
f 6989 6670 6682
f 6683 6989 6682
f 6683 6990 6989
f 6983 6684 6677
f 6983 6992 6684
f 6991 6983 6982
f 6991 6992 6983
f 6984 6678 6685
f 6984 6685 6993
f 6985 6686 6679
f 6985 6994 6686
f 6686 6993 6685
f 6686 6994 6993
f 6993 6985 6984
f 6993 6994 6985
f 6995 6990 6683
f 6995 6683 6690
f 6992 6692 6684
f 6992 6997 6692
f 6996 6992 6991
f 6996 6997 6992
f 6995 6690 6697
f 6995 6697 7000
f 7001 6697 6698
f 7001 7000 6697
f 6699 7001 6698
f 6699 7002 7001
f 6997 6701 6692
f 6997 7004 6701
f 6701 7003 6700
f 6701 7004 7003
f 7004 6996 7003
f 7004 6997 6996
f 6703 6702 7005
f 6703 7005 7006
f 7008 7007 6998
f 7008 6998 6999
f 7011 7000 7001
f 7011 7001 7012
f 7013 7002 6699
f 7013 6699 6707
f 7012 7001 7002
f 7012 7002 7013
f 6708 7013 6707
f 6708 7014 7013
f 7015 6700 7003
f 7015 6709 6700
f 6710 6709 7015
f 6710 7015 7016
f 7017 7005 6702
f 7017 6702 6712
f 7018 6703 7006
f 7018 6713 6703
f 6713 7017 6712
f 6713 7018 7017
f 7017 7006 7005
f 7017 7018 7006
f 7019 7018 7006
f 7019 7006 7007
f 7020 7009 7010
f 7020 7010 7021
f 7023 7022 7011
f 7023 7011 7012
f 7014 6708 6717
f 7014 6717 7025
f 7024 7013 7014
f 7024 7014 7025
f 7016 6719 6710
f 7016 7026 6719
f 7031 6729 6728
f 7031 6728 7030
f 7025 6717 6730
f 7025 6730 7032
f 6730 6729 7031
f 6730 7031 7032
f 7033 6719 7026
f 7033 6732 6719
f 7033 7026 7027
f 7033 7027 7034
f 7036 7035 7028
f 7036 7028 7029
f 7039 7030 6728
f 7039 6728 6740
f 7033 6742 6732
f 7033 7040 6742
f 7040 7033 7034
f 7040 7034 7041
f 7041 7034 7035
f 7041 7035 7042
f 7044 7037 7038
f 7044 7038 7045
f 7050 7039 6740
f 7050 6740 6748
f 7050 6748 6747
f 7050 6747 7049
f 7040 6750 6742
f 7040 7051 6750
f 6751 6750 7051
f 6751 7051 7052
f 7051 7040 7041
f 7051 7041 7052
f 7053 7042 7043
f 7053 7043 7054
f 7056 7055 7044
f 7056 7044 7045
f 7056 7045 7046
f 7056 7046 7057
f 6755 6754 7058
f 6755 7058 7059
f 7059 7058 7047
f 7059 7047 7048
f 7060 7049 6747
f 7060 6747 6756
f 7060 6756 6755
f 7060 6755 7059
f 7052 6759 6751
f 7052 7061 6759
f 6760 6759 7061
f 6760 7061 7062
f 7063 6761 6760
f 7063 6760 7062
f 7065 7064 7055
f 7065 7055 7056
f 7067 7058 6754
f 7067 6754 6764
f 7067 6764 6763
f 7067 6763 7066
f 7063 6769 6761
f 7063 7070 6769
f 7069 7063 7062
f 7069 7070 7063
f 7072 7066 6763
f 7072 6763 6772
f 6772 6771 7071
f 6772 7071 7072
f 7073 7069 7068
f 7073 7074 7069
f 7070 6776 6769
f 7070 7075 6776
f 7075 7069 7074
f 7075 7070 7069
f 7071 6771 6778
f 7071 6778 7076
f 7075 6783 6776
f 7075 7078 6783
f 7077 7075 7074
f 7077 7078 7075
f 7079 6784 6783
f 7079 6783 7078
f 7076 6778 6785
f 7076 6785 7080
f 6785 6784 7079
f 6785 7079 7080
f 7082 6798 6799
f 7082 7081 6798
f 7083 6799 6800
f 7083 7082 6799
f 6805 7084 6804
f 6805 7085 7084
f 6806 7085 6805
f 6806 7086 7085
f 7081 6807 6798
f 7081 7087 6807
f 6807 7086 6806
f 6807 7087 7086
f 7083 6800 6808
f 7083 6808 7089
f 7088 7082 7083
f 7088 7083 7089
f 7092 6810 6811
f 7092 7091 6810
f 7084 6812 6804
f 7084 7093 6812
f 6812 7092 6811
f 6812 7093 7092
f 6814 6813 7094
f 6814 7094 7095
f 7097 7089 6808
f 7097 6808 6816
f 7096 7088 7089
f 7096 7089 7097
f 6819 7098 6818
f 6819 7099 7098
f 6820 7099 6819
f 6820 7100 7099
f 7091 6822 6810
f 7091 7102 6822
f 7102 6821 6822
f 7102 7101 6821
f 7102 7090 7101
f 7102 7091 7090
f 7103 7102 7091
f 7103 7091 7092
f 7104 7103 7092
f 7104 7092 7093
f 7094 6813 6824
f 7094 6824 7105
f 7095 6825 6814
f 7095 7106 6825
f 6825 7105 6824
f 6825 7106 7105
f 7105 7095 7094
f 7105 7106 7095
f 7108 6827 6826
f 7108 6826 7107
f 7097 6816 6828
f 7097 6828 7109
f 6829 7109 6828
f 6829 7110 7109
f 7098 6830 6818
f 7098 7111 6830
f 7111 6829 6830
f 7111 7110 6829
f 6831 6830 7111
f 6831 7111 7112
f 7112 7111 7098
f 7112 7098 7099
f 7100 6820 6832
f 7100 6832 7113
f 6832 6831 7112
f 6832 7112 7113
f 7113 7112 7099
f 7113 7099 7100
f 7114 6821 7101
f 7114 6833 6821
f 7115 6834 6833
f 7115 6833 7114
f 7107 6826 6836
f 7107 6836 7117
f 7108 6837 6827
f 7108 7118 6837
f 6837 7117 6836
f 6837 7118 7117
f 7117 7108 7107
f 7117 7118 7108
f 7120 7111 6830
f 7120 6830 6838
f 7120 7119 7110
f 7120 7110 7111
f 7121 6838 6839
f 7121 7120 6838
f 7115 6840 6834
f 7115 7123 6840
f 7122 7115 7114
f 7122 7123 7115
f 7124 7123 7115
f 7124 7115 7116
f 7130 7129 7119
f 7130 7119 7120
f 7121 6839 6843
f 7121 6843 7131
f 7130 7120 7121
f 7130 7121 7131
f 7132 6840 7123
f 7132 6844 6840
f 7134 7125 7126
f 7134 7126 7135
f 7135 7126 7127
f 7135 7127 7136
f 7136 7127 7128
f 7136 7128 7137
f 7137 7128 7129
f 7137 7129 7138
f 7138 7129 7130
f 7138 7130 7139
f 7140 7131 6843
f 7140 6843 6848
f 7139 7130 7131
f 7139 7131 7140
f 7142 6844 7132
f 7142 6851 6844
f 7142 6850 6851
f 7142 7141 6850
f 7143 7142 7132
f 7143 7132 7133
f 7150 6856 6855
f 7150 6855 7149
f 7149 7138 7139
f 7149 7139 7150
f 7140 6848 6857
f 7140 6857 7151
f 7151 7150 7139
f 7151 7139 7140
f 7153 6858 6859
f 7153 7152 6858
f 7141 6861 6850
f 7141 7154 6861
f 6862 6861 7154
f 6862 7154 7155
f 7154 7141 7142
f 7154 7142 7155
f 7157 7144 7145
f 7157 7145 7158
f 7161 7160 7146
f 7161 7146 7147
f 7161 7147 7148
f 7161 7148 7162
f 7149 6855 6867
f 7149 6867 7163
f 7163 7162 7148
f 7163 7148 7149
f 7150 6868 6856
f 7150 7164 6868
f 6868 7163 6867
f 6868 7164 7163
f 7151 6857 6869
f 7151 6869 7165
f 7152 6870 6858
f 7152 7166 6870
f 7166 6869 6870
f 7166 7165 6869
f 7153 6859 6871
f 7153 6871 7167
f 7167 7166 7152
f 7167 7152 7153
f 7168 6862 7155
f 7168 6873 6862
f 6874 6873 7168
f 6874 7168 7169
f 7168 7155 7156
f 7168 7156 7169
f 7170 6875 6874
f 7170 6874 7169
f 7172 7171 7159
f 7172 7159 7160
f 7173 7161 7162
f 7173 7162 7174
f 7175 7174 7162
f 7175 7162 7163
f 7175 7163 7164
f 7175 7164 7176
f 7177 6879 6878
f 7177 6878 7176
f 7178 6880 6879
f 7178 6879 7177
f 7178 7177 7165
f 7178 7165 7166
f 7179 7167 6871
f 7179 6871 6881
f 7179 6881 6880
f 7179 6880 7178
f 7178 7166 7167
f 7178 7167 7179
f 7170 6885 6875
f 7170 7181 6885
f 6885 7180 6884
f 6885 7181 7180
f 6887 6886 7182
f 6887 7182 7183
f 7182 7174 7175
f 7182 7175 7183
f 7184 7176 6878
f 7184 6878 6888
f 7184 7183 7175
f 7184 7175 7176
f 7185 6888 6889
f 7185 7184 6888
f 7186 6889 6890
f 7186 7185 6889
f 7180 6894 6884
f 7180 7187 6894
f 7188 7187 7180
f 7188 7180 7181
f 7190 6896 6895
f 7190 6895 7189
f 7191 7182 6886
f 7191 6886 6897
f 7192 6887 7183
f 7192 6898 6887
f 7192 7182 7191
f 7192 7183 7182
f 7186 6890 6900
f 7186 6900 7195
f 7195 6900 6899
f 7195 6899 7194
f 7195 7194 7185
f 7195 7185 7186
f 7187 6901 6894
f 7187 7196 6901
f 7196 7187 7188
f 7196 7188 7197
f 7189 6895 6903
f 7189 6903 7199
f 7200 6896 7190
f 7200 6904 6896
f 7191 6897 6905
f 7191 6905 7201
f 7202 6898 7192
f 7202 6906 6898
f 7202 6905 6906
f 7202 7201 6905
f 7203 6907 6906
f 7203 6906 7202
f 7204 7194 6899
f 7204 6899 6908
f 7204 6908 6907
f 7204 6907 7203
f 7204 7203 7193
f 7204 7193 7194
f 7196 6909 6901
f 7196 7205 6909
f 7206 6910 6909
f 7206 6909 7205
f 7205 7196 7197
f 7205 7197 7206
f 7199 6903 6912
f 7199 6912 7208
f 7208 7207 7198
f 7208 7198 7199
f 7200 6913 6904
f 7200 7209 6913
f 7209 6912 6913
f 7209 7208 6912
f 7211 7202 6906
f 7211 6906 6915
f 7211 6915 6914
f 7211 6914 7210
f 7211 7210 7201
f 7211 7201 7202
f 7206 6916 6910
f 7206 7212 6916
f 7217 7210 6914
f 7217 6914 6920
f 7217 6920 6919
f 7217 6919 7216
f 7218 6916 7212
f 7218 6921 6916
f 7218 7212 7213
f 7218 7213 7219
f 7220 7214 7215
f 7220 7215 7221
f 7216 6919 6924
f 7216 6924 7222
f 7223 6921 7218
f 7223 6927 6921
f 6928 6927 7223
f 6928 7223 7224
f 7223 7218 7219
f 7223 7219 7224
f 7225 6929 6928
f 7225 6928 7224
f 7226 7225 7220
f 7226 7220 7221
f 7227 7222 6924
f 7227 6924 6931
f 6931 6930 7226
f 6931 7226 7227
f 7227 7226 7221
f 7227 7221 7222
f 7228 6929 7225
f 7228 6934 6929
f 7229 7226 6930
f 7229 6930 6935
f 6935 6934 7228
f 6935 7228 7229
f 7228 7225 7226
f 7228 7226 7229
f 7233 6944 6945
f 7233 7232 6944
f 7235 6946 6947
f 7235 7234 6946
f 6948 7235 6947
f 6948 7236 7235
f 7236 7230 7235
f 7236 7231 7230
f 7237 6948 6949
f 7237 7236 6948
f 7238 6944 7232
f 7238 6953 6944
f 7239 7233 6945
f 7239 6945 6954
f 7234 6955 6946
f 7234 7240 6955
f 6955 7239 6954
f 6955 7240 7239
f 7239 7234 7233
f 7239 7240 7234
f 7241 7240 7234
f 7241 7234 7235
f 7237 6949 6956
f 7237 6956 7243
f 7242 7236 7237
f 7242 7237 7243
f 7246 6961 6962
f 7246 7245 6961
f 7238 6963 6953
f 7238 7247 6963
f 6963 7246 6962
f 6963 7247 7246
f 7250 7243 6956
f 7250 6956 6964
f 7251 6964 6965
f 7251 7250 6964
f 6967 7252 6966
f 6967 7253 7252
f 7254 6967 6968
f 7254 7253 6967
f 7245 6970 6961
f 7245 7256 6970
f 7256 6969 6970
f 7256 7255 6969
f 7256 7244 7255
f 7256 7245 7244
f 7257 7246 7247
f 7257 7247 7258
f 7258 7247 7248
f 7258 7248 7259
f 7260 6973 6972
f 7260 6972 7259
f 7259 7248 7249
f 7259 7249 7260
f 6975 6974 7261
f 6975 7261 7262
f 6976 6975 7262
f 6976 7262 7263
f 7251 6965 6977
f 7251 6977 7264
f 7252 6978 6966
f 7252 7265 6978
f 7265 6977 6978
f 7265 7264 6977
f 7266 6979 6978
f 7266 6978 7265
f 7266 7265 7252
f 7266 7252 7253
f 7254 6968 6980
f 7254 6980 7267
f 6980 6979 7266
f 6980 7266 7267
f 7267 7266 7253
f 7267 7253 7254
f 7255 6981 6969
f 7255 7268 6981
f 7269 6982 6981
f 7269 6981 7268
f 7270 7259 6972
f 7270 6972 6984
f 7271 6973 7260
f 7271 6985 6973
f 6985 7270 6984
f 6985 7271 7270
f 7270 7260 7259
f 7270 7271 7260
f 7261 6974 6986
f 7261 6986 7272
f 7273 6986 6987
f 7273 7272 6986
f 7273 7261 7272
f 7273 7262 7261
f 7263 6988 6976
f 7263 7274 6988
f 6988 7273 6987
f 6988 7274 7273
f 7273 7263 7262
f 7273 7274 7263
f 7265 6978 6989
f 7265 6989 7276
f 7276 7275 7264
f 7276 7264 7265
f 7277 6989 6990
f 7277 7276 6989
f 7269 6991 6982
f 7269 7279 6991
f 7278 7269 7268
f 7278 7279 7269
f 7280 7271 7272
f 7280 7272 7281
f 7282 7274 7275
f 7282 7275 7283
f 7284 7283 7275
f 7284 7275 7276
f 7277 6990 6995
f 7277 6995 7285
f 7284 7276 7277
f 7284 7277 7285
f 7286 6991 7279
f 7286 6996 6991
f 6999 6998 7287
f 6999 7287 7288
f 7289 7283 7284
f 7289 7284 7290
f 7291 7285 6995
f 7291 6995 7000
f 7290 7284 7285
f 7290 7285 7291
f 7292 6996 7286
f 7292 7003 6996
f 7296 7287 6998
f 7296 6998 7007
f 7007 7006 7295
f 7007 7295 7296
f 7288 7008 6999
f 7288 7297 7008
f 7008 7296 7007
f 7008 7297 7296
f 7299 7010 7009
f 7299 7009 7298
f 7298 7289 7290
f 7298 7290 7299
f 7291 7000 7011
f 7291 7011 7300
f 7299 7290 7291
f 7299 7291 7300
f 7302 7012 7013
f 7302 7301 7012
f 7292 7015 7003
f 7292 7303 7015
f 7016 7015 7303
f 7016 7303 7304
f 7306 7305 7293
f 7306 7293 7294
f 7307 7295 7006
f 7307 7006 7018
f 7308 7007 7296
f 7308 7019 7007
f 7019 7307 7018
f 7019 7308 7307
f 7310 7298 7009
f 7310 7009 7020
f 7309 7297 7298
f 7309 7298 7310
f 7311 7010 7299
f 7311 7021 7010
f 7021 7310 7020
f 7021 7311 7310
f 7300 7011 7022
f 7300 7022 7312
f 7301 7023 7012
f 7301 7313 7023
f 7313 7022 7023
f 7313 7312 7022
f 7302 7013 7024
f 7302 7024 7314
f 7313 7301 7302
f 7313 7302 7314
f 7315 7024 7025
f 7315 7314 7024
f 7316 7016 7304
f 7316 7026 7016
f 7027 7026 7316
f 7027 7316 7317
f 7317 7316 7304
f 7317 7304 7305
f 7029 7028 7318
f 7029 7318 7319
f 7320 7309 7310
f 7320 7310 7321
f 7321 7310 7311
f 7321 7311 7322
f 7324 7323 7312
f 7324 7312 7313
f 7325 7031 7030
f 7325 7030 7324
f 7325 7324 7313
f 7325 7313 7314
f 7315 7025 7032
f 7315 7032 7326
f 7326 7032 7031
f 7326 7031 7325
f 7325 7314 7315
f 7325 7315 7326
f 7327 7027 7317
f 7327 7034 7027
f 7328 7318 7028
f 7328 7028 7035
f 7035 7034 7327
f 7035 7327 7328
f 7319 7036 7029
f 7319 7329 7036
f 7036 7328 7035
f 7036 7329 7328
f 7038 7037 7330
f 7038 7330 7331
f 7333 7332 7320
f 7333 7320 7321
f 7334 7322 7323
f 7334 7323 7335
f 7336 7324 7030
f 7336 7030 7039
f 7336 7335 7323
f 7336 7323 7324
f 7338 7035 7328
f 7338 7042 7035
f 7042 7337 7041
f 7042 7338 7337
f 7337 7328 7327
f 7337 7338 7328
f 7339 7043 7042
f 7339 7042 7338
f 7330 7037 7044
f 7330 7044 7340
f 7331 7045 7038
f 7331 7341 7045
f 7340 7331 7330
f 7340 7341 7331
f 7046 7045 7341
f 7046 7341 7342
f 7343 7342 7332
f 7343 7332 7333
f 7344 7048 7047
f 7344 7047 7343
f 7336 7039 7050
f 7336 7050 7346
f 7346 7050 7049
f 7346 7049 7345
f 7346 7345 7335
f 7346 7335 7336
f 7347 7041 7337
f 7347 7052 7041
f 7348 7338 7042
f 7348 7042 7053
f 7339 7054 7043
f 7339 7349 7054
f 7054 7348 7053
f 7054 7349 7348
f 7348 7339 7338
f 7348 7349 7339
f 7340 7044 7055
f 7340 7055 7350
f 7352 7046 7342
f 7352 7057 7046
f 7057 7351 7056
f 7057 7352 7351
f 7351 7342 7341
f 7351 7352 7342
f 7353 7343 7047
f 7353 7047 7058
f 7353 7352 7342
f 7353 7342 7343
f 7354 7048 7344
f 7354 7059 7048
f 7355 7345 7049
f 7355 7049 7060
f 7060 7059 7354
f 7060 7354 7355
f 7355 7354 7344
f 7355 7344 7345
f 7347 7061 7052
f 7347 7356 7061
f 7357 7062 7061
f 7357 7061 7356
f 7350 7055 7064
f 7350 7064 7359
f 7358 7349 7350
f 7358 7350 7359
f 7351 7065 7056
f 7351 7360 7065
f 7065 7359 7064
f 7065 7360 7359
f 7353 7058 7067
f 7353 7067 7362
f 7362 7067 7066
f 7362 7066 7361
f 7357 7069 7062
f 7357 7364 7069
f 7364 7068 7069
f 7364 7363 7068
f 7363 7357 7356
f 7363 7364 7357
f 7368 7361 7066
f 7368 7066 7072
f 7368 7072 7071
f 7368 7071 7367
f 7368 7367 7360
f 7368 7360 7361
f 7369 7068 7363
f 7369 7073 7068
f 7370 7074 7073
f 7370 7073 7369
f 7369 7363 7364
f 7369 7364 7370
f 7370 7364 7365
f 7370 7365 7371
f 7371 7365 7366
f 7371 7366 7372
f 7373 7367 7071
f 7373 7071 7076
f 7374 7074 7370
f 7374 7077 7074
f 7375 7078 7077
f 7375 7077 7374
f 7374 7370 7371
f 7374 7371 7375
f 7079 7078 7375
f 7079 7375 7376
f 7375 7371 7372
f 7375 7372 7376
f 7377 7373 7076
f 7377 7076 7080
f 7377 7080 7079
f 7377 7079 7376
f 7376 7372 7373
f 7376 7373 7377
f 7379 7081 7082
f 7379 7378 7081
f 7085 7380 7084
f 7085 7381 7380
f 7086 7381 7085
f 7086 7382 7381
f 7378 7087 7081
f 7378 7383 7087
f 7087 7382 7086
f 7087 7383 7382
f 7379 7082 7088
f 7379 7088 7384
f 7384 7383 7378
f 7384 7378 7379
f 7386 7090 7091
f 7386 7385 7090
f 7387 7084 7380
f 7387 7093 7084
f 7388 7387 7380
f 7388 7380 7381
f 7388 7381 7382
f 7388 7382 7389
f 7390 7389 7382
f 7390 7382 7383
f 7384 7088 7096
f 7384 7096 7391
f 7390 7383 7384
f 7390 7384 7391
f 7392 7096 7097
f 7392 7391 7096
f 7393 7090 7385
f 7393 7101 7090
f 7386 7091 7102
f 7386 7102 7394
f 7393 7385 7386
f 7393 7386 7394
f 7395 7102 7103
f 7395 7394 7102
f 7387 7104 7093
f 7387 7396 7104
f 7104 7395 7103
f 7104 7396 7395
f 7397 7396 7387
f 7397 7387 7388
f 7398 7397 7388
f 7398 7388 7389
f 7392 7097 7109
f 7392 7109 7400
f 7399 7391 7392
f 7399 7392 7400
f 7401 7109 7110
f 7401 7400 7109
f 7402 7101 7393
f 7402 7114 7101
f 7116 7115 7403
f 7116 7403 7404
f 7403 7394 7395
f 7403 7395 7404
f 7405 7404 7395
f 7405 7395 7396
f 7406 7405 7396
f 7406 7396 7397
f 7407 7399 7400
f 7407 7400 7408
f 7401 7110 7119
f 7401 7119 7409
f 7410 7114 7402
f 7410 7122 7114
f 7411 7403 7115
f 7411 7115 7123
f 7411 7123 7122
f 7411 7122 7410
f 7410 7402 7403
f 7410 7403 7411
f 7404 7124 7116
f 7404 7412 7124
f 7124 7411 7123
f 7124 7412 7411
f 7413 7412 7404
f 7413 7404 7405
f 7126 7125 7414
f 7126 7414 7415
f 7127 7126 7415
f 7127 7415 7416
f 7128 7127 7416
f 7128 7416 7417
f 7418 7409 7119
f 7418 7119 7129
f 7418 7129 7128
f 7418 7128 7417
f 7418 7417 7408
f 7418 7408 7409
f 7419 7123 7411
f 7419 7132 7123
f 7133 7132 7419
f 7133 7419 7420
f 7419 7411 7412
f 7419 7412 7420
f 7414 7125 7134
f 7414 7134 7421
f 7135 7421 7134
f 7135 7422 7421
f 7421 7415 7414
f 7421 7422 7415
f 7136 7422 7135
f 7136 7423 7422
f 7422 7416 7415
f 7422 7423 7416
f 7137 7423 7136
f 7137 7424 7423
f 7424 7416 7423
f 7424 7417 7416
f 7425 7137 7138
f 7425 7424 7137
f 7420 7143 7133
f 7420 7427 7143
f 7143 7426 7142
f 7143 7427 7426
f 7429 7145 7144
f 7429 7144 7428
f 7431 7147 7146
f 7431 7146 7430
f 7148 7147 7431
f 7148 7431 7432
f 7433 7425 7138
f 7433 7138 7149
f 7433 7149 7148
f 7433 7148 7432
f 7432 7424 7425
f 7432 7425 7433
f 7151 7434 7150
f 7151 7435 7434
f 7436 7142 7426
f 7436 7155 7142
f 7156 7155 7436
f 7156 7436 7437
f 7436 7426 7427
f 7436 7427 7437
f 7428 7144 7157
f 7428 7157 7438
f 7437 7427 7428
f 7437 7428 7438
f 7439 7145 7429
f 7439 7158 7145
f 7439 7157 7158
f 7439 7438 7157
f 7430 7146 7160
f 7430 7160 7441
f 7160 7159 7440
f 7160 7440 7441
f 7442 7160 7161
f 7442 7441 7160
f 7434 7164 7150
f 7434 7443 7164
f 7435 7151 7165
f 7435 7165 7444
f 7444 7443 7434
f 7444 7434 7435
f 7445 7156 7437
f 7445 7169 7156
f 7170 7169 7445
f 7170 7445 7446
f 7445 7437 7438
f 7445 7438 7446
f 7440 7159 7171
f 7440 7171 7448
f 7441 7172 7160
f 7441 7449 7172
f 7449 7171 7172
f 7449 7448 7171
f 7442 7161 7173
f 7442 7173 7450
f 7451 7173 7174
f 7451 7450 7173
f 7452 7164 7443
f 7452 7176 7164
f 7453 7444 7165
f 7453 7165 7177
f 7177 7176 7452
f 7177 7452 7453
f 7453 7452 7443
f 7453 7443 7444
f 7454 7170 7446
f 7454 7181 7170
f 7456 7455 7447
f 7456 7447 7448
f 7457 7456 7448
f 7457 7448 7449
f 7458 7451 7174
f 7458 7174 7182
f 7459 7182 7183
f 7459 7458 7182
f 7184 7459 7183
f 7184 7460 7459
f 7461 7184 7185
f 7461 7460 7184
f 7454 7188 7181
f 7454 7462 7188
f 7465 7190 7189
f 7465 7189 7464
f 7192 7191 7466
f 7192 7466 7467
f 7469 7461 7185
f 7469 7185 7194
f 7469 7194 7193
f 7469 7193 7468
f 7469 7468 7460
f 7469 7460 7461
f 7462 7197 7188
f 7462 7470 7197
f 7473 7464 7189
f 7473 7189 7199
f 7473 7199 7198
f 7473 7198 7472
f 7473 7472 7463
f 7473 7463 7464
f 7465 7200 7190
f 7465 7474 7200
f 7473 7465 7464
f 7473 7474 7465
f 7466 7191 7201
f 7466 7201 7475
f 7476 7192 7467
f 7476 7202 7192
f 7476 7466 7475
f 7476 7467 7466
f 7477 7468 7193
f 7477 7193 7203
f 7477 7203 7202
f 7477 7202 7476
f 7477 7476 7467
f 7477 7467 7468
f 7478 7197 7470
f 7478 7206 7197
f 7478 7470 7471
f 7478 7471 7479
f 7480 7472 7198
f 7480 7198 7207
f 7480 7479 7471
f 7480 7471 7472
f 7481 7207 7208
f 7481 7480 7207
f 7474 7209 7200
f 7474 7482 7209
f 7209 7481 7208
f 7209 7482 7481
f 7481 7474 7473
f 7481 7482 7474
f 7475 7201 7210
f 7475 7210 7483
f 7483 7482 7474
f 7483 7474 7475
f 7484 7206 7478
f 7484 7212 7206
f 7213 7212 7484
f 7213 7484 7485
f 7484 7478 7479
f 7484 7479 7485
f 7487 7215 7214
f 7487 7214 7486
f 7483 7210 7217
f 7483 7217 7489
f 7489 7217 7216
f 7489 7216 7488
f 7489 7488 7482
f 7489 7482 7483
f 7490 7213 7485
f 7490 7219 7213
f 7491 7486 7214
f 7491 7214 7220
f 7490 7485 7486
f 7490 7486 7491
f 7492 7215 7487
f 7492 7221 7215
f 7493 7488 7216
f 7493 7216 7222
f 7493 7222 7221
f 7493 7221 7492
f 7494 7219 7490
f 7494 7224 7219
f 7495 7491 7220
f 7495 7220 7225
f 7495 7225 7224
f 7495 7224 7494
f 7495 7494 7490
f 7495 7490 7491
f 7231 7496 7230
f 7231 7497 7496
f 7233 7498 7232
f 7233 7499 7498
f 7500 7233 7234
f 7500 7499 7233
f 7501 7230 7496
f 7501 7235 7230
f 7502 7497 7231
f 7502 7231 7236
f 7501 7496 7497
f 7501 7497 7502
f 7498 7238 7232
f 7498 7503 7238
f 7504 7503 7498
f 7504 7498 7499
f 7500 7234 7240
f 7500 7240 7505
f 7504 7499 7500
f 7504 7500 7505
f 7501 7241 7235
f 7501 7506 7241
f 7241 7505 7240
f 7241 7506 7505
f 7502 7236 7242
f 7502 7242 7507
f 7506 7501 7502
f 7506 7502 7507
f 7508 7242 7243
f 7508 7507 7242
f 7510 7244 7245
f 7510 7509 7244
f 7511 7245 7246
f 7511 7510 7245
f 7512 7238 7503
f 7512 7247 7238
f 7248 7247 7512
f 7248 7512 7513
f 7512 7503 7504
f 7512 7504 7513
f 7249 7248 7513
f 7249 7513 7514
f 7513 7504 7505
f 7513 7505 7514
f 7508 7243 7250
f 7508 7250 7517
f 7516 7507 7508
f 7516 7508 7517
f 7518 7250 7251
f 7518 7517 7250
f 7519 7244 7509
f 7519 7255 7244
f 7520 7519 7509
f 7520 7509 7510
f 7511 7246 7257
f 7511 7257 7521
f 7520 7510 7511
f 7520 7511 7521
f 7522 7257 7258
f 7522 7521 7257
f 7523 7258 7259
f 7523 7522 7258
f 7524 7249 7514
f 7524 7260 7249
f 7260 7523 7259
f 7260 7524 7523
f 7524 7514 7515
f 7524 7515 7525
f 7518 7251 7264
f 7518 7264 7527
f 7526 7517 7518
f 7526 7518 7527
f 7528 7255 7519
f 7528 7268 7255
f 7529 7528 7519
f 7529 7519 7520
f 7529 7520 7521
f 7529 7521 7530
f 7530 7521 7522
f 7530 7522 7531
f 7532 7531 7522
f 7532 7522 7523
f 7272 7271 7533
f 7272 7533 7534
f 7527 7264 7275
f 7527 7275 7536
f 7275 7274 7535
f 7275 7535 7536
f 7528 7278 7268
f 7528 7537 7278
f 7538 7279 7278
f 7538 7278 7537
f 7537 7528 7529
f 7537 7529 7538
f 7538 7529 7530
f 7538 7530 7539
f 7540 7539 7530
f 7540 7530 7531
f 7533 7271 7280
f 7533 7280 7541
f 7534 7281 7272
f 7534 7542 7281
f 7281 7541 7280
f 7281 7542 7541
f 7541 7534 7533
f 7541 7542 7534
f 7535 7274 7282
f 7535 7282 7543
f 7544 7282 7283
f 7544 7543 7282
f 7544 7535 7543
f 7544 7536 7535
f 7538 7286 7279
f 7538 7545 7286
f 7545 7538 7539
f 7545 7539 7546
f 7547 7546 7539
f 7547 7539 7540
f 7288 7287 7548
f 7288 7548 7549
f 7550 7544 7283
f 7550 7283 7289
f 7550 7549 7543
f 7550 7543 7544
f 7545 7292 7286
f 7545 7551 7292
f 7552 7551 7545
f 7552 7545 7546
f 7554 7294 7293
f 7554 7293 7553
f 7548 7287 7296
f 7548 7296 7556
f 7556 7296 7295
f 7556 7295 7555
f 7557 7288 7549
f 7557 7297 7288
f 7297 7556 7296
f 7297 7557 7556
f 7557 7548 7556
f 7557 7549 7548
f 7558 7550 7289
f 7558 7289 7298
f 7558 7298 7297
f 7558 7297 7557
f 7558 7557 7549
f 7558 7549 7550
f 7300 7559 7299
f 7300 7560 7559
f 7561 7292 7551
f 7561 7303 7292
f 7562 7304 7303
f 7562 7303 7561
f 7562 7561 7551
f 7562 7551 7552
f 7563 7553 7293
f 7563 7293 7305
f 7305 7304 7562
f 7305 7562 7563
f 7562 7552 7553
f 7562 7553 7563
f 7554 7306 7294
f 7554 7564 7306
f 7306 7563 7305
f 7306 7564 7563
f 7555 7295 7307
f 7555 7307 7566
f 7556 7308 7296
f 7556 7567 7308
f 7567 7307 7308
f 7567 7566 7307
f 7557 7297 7309
f 7557 7309 7568
f 7568 7567 7556
f 7568 7556 7557
f 7559 7311 7299
f 7559 7569 7311
f 7560 7300 7312
f 7560 7312 7570
f 7570 7569 7559
f 7570 7559 7560
f 7571 7305 7563
f 7571 7317 7305
f 7319 7318 7572
f 7319 7572 7573
f 7574 7573 7565
f 7574 7565 7566
f 7568 7309 7320
f 7568 7320 7575
f 7569 7322 7311
f 7569 7577 7322
f 7577 7321 7322
f 7577 7576 7321
f 7578 7570 7312
f 7578 7312 7323
f 7578 7323 7322
f 7578 7322 7577
f 7578 7577 7569
f 7578 7569 7570
f 7579 7317 7571
f 7579 7327 7317
f 7580 7572 7318
f 7580 7318 7328
f 7581 7319 7573
f 7581 7329 7319
f 7329 7580 7328
f 7329 7581 7580
f 7582 7581 7573
f 7582 7573 7574
f 7583 7575 7320
f 7583 7320 7332
f 7576 7333 7321
f 7576 7584 7333
f 7583 7576 7575
f 7583 7584 7576
f 7577 7322 7334
f 7577 7334 7585
f 7586 7334 7335
f 7586 7585 7334
f 7587 7327 7579
f 7587 7337 7327
f 7591 7341 7340
f 7591 7340 7590
f 7592 7583 7332
f 7592 7332 7342
f 7593 7333 7584
f 7593 7343 7333
f 7592 7584 7583
f 7592 7593 7584
f 7594 7344 7343
f 7594 7343 7593
f 7595 7586 7335
f 7595 7335 7345
f 7595 7345 7344
f 7595 7344 7594
f 7594 7585 7586
f 7594 7586 7595
f 7587 7347 7337
f 7587 7596 7347
f 7598 7597 7588
f 7598 7588 7589
f 7590 7340 7350
f 7590 7350 7599
f 7350 7349 7598
f 7350 7598 7599
f 7598 7589 7590
f 7598 7590 7599
f 7591 7351 7341
f 7591 7600 7351
f 7599 7591 7590
f 7599 7600 7591
f 7592 7342 7352
f 7592 7352 7601
f 7353 7601 7352
f 7353 7602 7601
f 7602 7592 7601
f 7602 7593 7592
f 7603 7347 7596
f 7603 7356 7347
f 7604 7603 7596
f 7604 7596 7597
f 7598 7349 7358
f 7598 7358 7605
f 7606 7358 7359
f 7606 7605 7358
f 7600 7360 7351
f 7600 7607 7360
f 7607 7359 7360
f 7607 7606 7359
f 7606 7600 7599
f 7606 7607 7600
f 7608 7361 7360
f 7608 7360 7607
f 7609 7602 7353
f 7609 7353 7362
f 7609 7362 7361
f 7609 7361 7608
f 7609 7608 7601
f 7609 7601 7602
f 7610 7356 7603
f 7610 7363 7356
f 7364 7363 7610
f 7364 7610 7611
f 7610 7603 7604
f 7610 7604 7611
f 7365 7364 7611
f 7365 7611 7612
f 7366 7365 7612
f 7366 7612 7613
f 7607 7360 7367
f 7607 7367 7614
f 7615 7607 7614
f 7615 7608 7607
f 7616 7366 7613
f 7616 7372 7366
f 7617 7614 7367
f 7617 7367 7373
f 7617 7373 7372
f 7617 7372 7616
f 7617 7616 7613
f 7617 7613 7614
f 7390 7618 7389
f 7390 7619 7618
f 7620 7390 7391
f 7620 7619 7390
f 7623 7393 7394
f 7623 7622 7393
f 7618 7398 7389
f 7618 7625 7398
f 7398 7624 7397
f 7398 7625 7624
f 7626 7625 7618
f 7626 7618 7619
f 7620 7391 7399
f 7620 7399 7627
f 7627 7621 7620
f 7627 7628 7621
f 7629 7400 7401
f 7629 7628 7400
f 7622 7402 7393
f 7622 7630 7402
f 7623 7394 7403
f 7623 7403 7631
f 7631 7403 7402
f 7631 7402 7630
f 7630 7622 7623
f 7630 7623 7631
f 7624 7406 7397
f 7624 7634 7406
f 7406 7633 7405
f 7406 7634 7633
f 7635 7625 7626
f 7635 7626 7636
f 7627 7399 7407
f 7627 7407 7637
f 7636 7626 7627
f 7636 7627 7637
f 7628 7408 7400
f 7628 7638 7408
f 7638 7407 7408
f 7638 7637 7407
f 7639 7629 7401
f 7639 7401 7409
f 7639 7409 7408
f 7639 7408 7638
f 7638 7628 7629
f 7638 7629 7639
f 7633 7413 7405
f 7633 7641 7413
f 7413 7640 7412
f 7413 7641 7640
f 7641 7632 7640
f 7641 7633 7632
f 7642 7636 7637
f 7642 7637 7643
f 7638 7408 7417
f 7638 7417 7644
f 7644 7643 7637
f 7644 7637 7638
f 7645 7412 7640
f 7645 7420 7412
f 7648 7642 7643
f 7648 7643 7649
f 7644 7417 7424
f 7644 7424 7650
f 7651 7420 7645
f 7651 7427 7420
f 7428 7427 7651
f 7428 7651 7652
f 7651 7645 7646
f 7651 7646 7652
f 7429 7428 7652
f 7429 7652 7653
f 7652 7646 7647
f 7652 7647 7653
f 7656 7431 7430
f 7656 7430 7655
f 7656 7655 7648
f 7656 7648 7649
f 7657 7650 7424
f 7657 7424 7432
f 7657 7432 7431
f 7657 7431 7656
f 7656 7649 7650
f 7656 7650 7657
f 7659 7429 7653
f 7659 7439 7429
f 7439 7658 7438
f 7439 7659 7658
f 7659 7653 7654
f 7659 7654 7660
f 7661 7655 7430
f 7661 7430 7441
f 7661 7441 7440
f 7661 7440 7660
f 7661 7660 7654
f 7661 7654 7655
f 7662 7441 7442
f 7662 7661 7441
f 7658 7446 7438
f 7658 7663 7446
f 7664 7663 7658
f 7664 7658 7659
f 7665 7660 7440
f 7665 7440 7448
f 7665 7448 7447
f 7665 7447 7664
f 7665 7664 7659
f 7665 7659 7660
f 7661 7449 7441
f 7661 7666 7449
f 7662 7442 7450
f 7662 7450 7667
f 7666 7661 7662
f 7666 7662 7667
f 7668 7450 7451
f 7668 7667 7450
f 7663 7454 7446
f 7663 7669 7454
f 7670 7664 7447
f 7670 7447 7455
f 7669 7663 7664
f 7669 7664 7670
f 7671 7455 7456
f 7671 7670 7455
f 7666 7457 7449
f 7666 7672 7457
f 7457 7671 7456
f 7457 7672 7671
f 7673 7672 7666
f 7673 7666 7667
f 7668 7451 7458
f 7668 7458 7674
f 7673 7667 7668
f 7673 7668 7674
f 7675 7458 7459
f 7675 7674 7458
f 7676 7459 7460
f 7676 7675 7459
f 7669 7462 7454
f 7669 7677 7462
f 7678 7677 7669
f 7678 7669 7670
f 7678 7670 7671
f 7678 7671 7679
f 7680 7464 7463
f 7680 7463 7679
f 7680 7679 7671
f 7680 7671 7672
f 7680 7672 7673
f 7680 7673 7681
f 7682 7681 7673
f 7682 7673 7674
f 7682 7674 7675
f 7682 7675 7683
f 7684 7676 7460
f 7684 7460 7468
f 7684 7468 7467
f 7684 7467 7683
f 7684 7683 7675
f 7684 7675 7676
f 7685 7462 7677
f 7685 7470 7462
f 7471 7470 7685
f 7471 7685 7686
f 7685 7677 7678
f 7685 7678 7686
f 7687 7679 7463
f 7687 7463 7472
f 7687 7472 7471
f 7687 7471 7686
f 7687 7686 7678
f 7687 7678 7679
f 7688 7464 7680
f 7688 7473 7464
f 7688 7680 7681
f 7688 7681 7689
f 7475 7474 7689
f 7475 7689 7690
f 7690 7689 7681
f 7690 7681 7682
f 7691 7683 7467
f 7691 7467 7476
f 7691 7476 7475
f 7691 7475 7690
f 7691 7690 7682
f 7691 7682 7683
f 7480 7692 7479
f 7480 7693 7692
f 7692 7687 7686
f 7692 7693 7687
f 7688 7481 7473
f 7688 7694 7481
f 7481 7693 7480
f 7481 7694 7693
f 7689 7474 7482
f 7689 7482 7695
f 7695 7694 7688
f 7695 7688 7689
f 7696 7479 7692
f 7696 7485 7479
f 7486 7485 7696
f 7486 7696 7697
f 7487 7486 7697
f 7487 7697 7698
f 7695 7482 7488
f 7695 7488 7699
f 7699 7698 7694
f 7699 7694 7695
f 7700 7487 7698
f 7700 7492 7487
f 7699 7488 7493
f 7699 7493 7701
f 7493 7492 7700
f 7493 7700 7701
f 7700 7698 7699
f 7700 7699 7701
f 7506 7702 7505
f 7506 7703 7702
f 7704 7506 7507
f 7704 7703 7506
f 7702 7514 7505
f 7702 7706 7514
f 7515 7514 7706
f 7515 7706 7707
f 7707 7706 7702
f 7707 7702 7703
f 7704 7507 7516
f 7704 7516 7708
f 7709 7516 7517
f 7709 7708 7516
f 7524 7711 7523
f 7524 7712 7711
f 7712 7705 7711
f 7712 7706 7705
f 7707 7525 7515
f 7707 7713 7525
f 7525 7712 7524
f 7525 7713 7712
f 7709 7517 7526
f 7709 7526 7715
f 7716 7526 7527
f 7716 7715 7526
f 7718 7523 7711
f 7718 7532 7523
f 7532 7717 7531
f 7532 7718 7717
f 7718 7710 7717
f 7718 7711 7710
f 7719 7712 7713
f 7719 7713 7720
f 7720 7713 7714
f 7720 7714 7721
f 7722 7721 7714
f 7722 7714 7715
f 7716 7527 7536
f 7716 7536 7723
f 7722 7715 7716
f 7722 7716 7723
f 7717 7540 7531
f 7717 7725 7540
f 7726 7720 7721
f 7726 7721 7727
f 7728 7727 7721
f 7728 7721 7722
f 7729 7723 7536
f 7729 7536 7544
f 7729 7544 7543
f 7729 7543 7728
f 7729 7728 7722
f 7729 7722 7723
f 7725 7547 7540
f 7725 7731 7547
f 7547 7730 7546
f 7547 7731 7730
f 7731 7724 7730
f 7731 7725 7724
f 7734 7733 7726
f 7734 7726 7727
f 7728 7543 7549
f 7728 7549 7735
f 7736 7546 7730
f 7736 7552 7546
f 7553 7552 7736
f 7553 7736 7737
f 7736 7730 7731
f 7736 7731 7737
f 7554 7553 7737
f 7554 7737 7738
f 7737 7731 7732
f 7737 7732 7738
f 7741 7556 7555
f 7741 7555 7740
f 7741 7740 7733
f 7741 7733 7734
f 7742 7735 7549
f 7742 7549 7557
f 7742 7557 7556
f 7742 7556 7741
f 7742 7741 7734
f 7742 7734 7735
f 7744 7554 7738
f 7744 7564 7554
f 7564 7743 7563
f 7564 7744 7743
f 7744 7738 7739
f 7744 7739 7745
f 7746 7740 7555
f 7746 7555 7566
f 7746 7566 7565
f 7746 7565 7745
f 7746 7745 7739
f 7746 7739 7740
f 7747 7566 7567
f 7747 7746 7566
f 7748 7567 7568
f 7748 7747 7567
f 7743 7571 7563
f 7743 7749 7571
f 7750 7749 7743
f 7750 7743 7744
f 7751 7745 7565
f 7751 7565 7573
f 7751 7573 7572
f 7751 7572 7750
f 7751 7750 7744
f 7751 7744 7745
f 7746 7574 7566
f 7746 7752 7574
f 7752 7746 7747
f 7752 7747 7753
f 7748 7568 7575
f 7748 7575 7754
f 7753 7747 7748
f 7753 7748 7754
f 7755 7575 7576
f 7755 7754 7575
f 7756 7576 7577
f 7756 7755 7576
f 7749 7579 7571
f 7749 7757 7579
f 7750 7572 7580
f 7750 7580 7758
f 7757 7749 7750
f 7757 7750 7758
f 7759 7580 7581
f 7759 7758 7580
f 7752 7582 7574
f 7752 7760 7582
f 7582 7759 7581
f 7582 7760 7759
f 7761 7760 7752
f 7761 7752 7753
f 7761 7753 7754
f 7761 7754 7762
f 7763 7762 7754
f 7763 7754 7755
f 7756 7577 7585
f 7756 7585 7764
f 7763 7755 7756
f 7763 7756 7764
f 7757 7587 7579
f 7757 7765 7587
f 7765 7757 7758
f 7765 7758 7766
f 7767 7589 7588
f 7767 7588 7766
f 7766 7758 7759
f 7766 7759 7767
f 7768 7590 7589
f 7768 7589 7767
f 7768 7767 7759
f 7768 7759 7760
f 7768 7760 7761
f 7768 7761 7769
f 7771 7770 7762
f 7771 7762 7763
f 7772 7764 7585
f 7772 7585 7594
f 7772 7594 7593
f 7772 7593 7771
f 7772 7771 7763
f 7772 7763 7764
f 7773 7587 7765
f 7773 7596 7587
f 7774 7766 7588
f 7774 7588 7597
f 7597 7596 7773
f 7597 7773 7774
f 7773 7765 7766
f 7773 7766 7774
f 7775 7597 7598
f 7775 7774 7597
f 7768 7599 7590
f 7768 7776 7599
f 7777 7776 7768
f 7777 7768 7769
f 7778 7777 7769
f 7778 7769 7770
f 7779 7771 7593
f 7779 7593 7602
f 7779 7602 7601
f 7779 7601 7778
f 7779 7778 7770
f 7779 7770 7771
f 7780 7597 7774
f 7780 7604 7597
f 7781 7775 7598
f 7781 7598 7605
f 7776 7606 7599
f 7776 7782 7606
f 7606 7781 7605
f 7606 7782 7781
f 7781 7776 7775
f 7781 7782 7776
f 7782 7776 7777
f 7782 7777 7783
f 7778 7601 7608
f 7778 7608 7784
f 7784 7783 7777
f 7784 7777 7778
f 7785 7604 7780
f 7785 7611 7604
f 7612 7611 7785
f 7612 7785 7786
f 7613 7612 7786
f 7613 7786 7787
f 7788 7614 7613
f 7788 7613 7787
f 7787 7782 7783
f 7787 7783 7788
f 7784 7608 7615
f 7784 7615 7789
f 7615 7614 7788
f 7615 7788 7789
f 7789 7788 7783
f 7789 7783 7784
f 7620 7790 7619
f 7620 7791 7790
f 7792 7620 7621
f 7792 7791 7620
f 7794 7624 7625
f 7794 7793 7624
f 7790 7626 7619
f 7790 7795 7626
f 7796 7627 7626
f 7796 7626 7795
f 7797 7792 7621
f 7797 7621 7628
f 7797 7628 7627
f 7797 7627 7796
f 7796 7791 7792
f 7796 7792 7797
f 7633 7798 7632
f 7633 7799 7798
f 7793 7634 7624
f 7793 7800 7634
f 7634 7799 7633
f 7634 7800 7799
f 7794 7625 7635
f 7794 7635 7801
f 7801 7800 7793
f 7801 7793 7794
f 7802 7635 7636
f 7802 7801 7635
f 7803 7632 7798
f 7803 7640 7632
f 7804 7803 7798
f 7804 7798 7799
f 7805 7800 7801
f 7805 7801 7806
f 7802 7636 7642
f 7802 7642 7807
f 7806 7801 7802
f 7806 7802 7807
f 7809 7643 7644
f 7809 7808 7643
f 7810 7640 7803
f 7810 7645 7640
f 7646 7645 7810
f 7646 7810 7811
f 7811 7810 7803
f 7811 7803 7804
f 7647 7646 7811
f 7647 7811 7812
f 7811 7804 7805
f 7811 7805 7812
f 7812 7805 7806
f 7812 7806 7813
f 7814 7807 7642
f 7814 7642 7648
f 7813 7806 7807
f 7813 7807 7814
f 7808 7649 7643
f 7808 7815 7649
f 7809 7644 7650
f 7809 7650 7816
f 7650 7649 7815
f 7650 7815 7816
f 7815 7808 7809
f 7815 7809 7816
f 7817 7647 7812
f 7817 7653 7647
f 7654 7653 7817
f 7654 7817 7818
f 7817 7812 7813
f 7817 7813 7818
f 7819 7814 7648
f 7819 7648 7655
f 7819 7655 7654
f 7819 7654 7818
f 7819 7818 7813
f 7819 7813 7814
f 7687 7820 7686
f 7687 7821 7820
f 7820 7692 7686
f 7820 7822 7692
f 7821 7687 7693
f 7821 7693 7823
f 7824 7693 7694
f 7824 7823 7693
f 7825 7692 7822
f 7825 7696 7692
f 7697 7696 7825
f 7697 7825 7826
f 7825 7822 7823
f 7825 7823 7826
f 7824 7694 7698
f 7824 7698 7827
f 7827 7698 7697
f 7827 7697 7826
f 7826 7823 7824
f 7826 7824 7827
f 7704 7828 7703
f 7704 7829 7828
f 7831 7705 7706
f 7831 7830 7705
f 7828 7707 7703
f 7828 7832 7707
f 7829 7704 7708
f 7829 7708 7833
f 7832 7828 7829
f 7832 7829 7833
f 7834 7708 7709
f 7834 7833 7708
f 7836 7705 7830
f 7836 7711 7705
f 7836 7710 7711
f 7836 7835 7710
f 7831 7706 7712
f 7831 7712 7837
f 7837 7836 7830
f 7837 7830 7831
f 7832 7713 7707
f 7832 7838 7713
f 7714 7713 7838
f 7714 7838 7839
f 7840 7834 7709
f 7840 7709 7715
f 7840 7715 7714
f 7840 7714 7839
f 7839 7833 7834
f 7839 7834 7840
f 7841 7710 7835
f 7841 7717 7710
f 7842 7841 7835
f 7842 7835 7836
f 7837 7712 7719
f 7837 7719 7843
f 7842 7836 7837
f 7842 7837 7843
f 7844 7719 7720
f 7844 7843 7719
f 7846 7717 7841
f 7846 7725 7717
f 7725 7845 7724
f 7725 7846 7845
f 7847 7846 7841
f 7847 7841 7842
f 7848 7847 7842
f 7848 7842 7843
f 7844 7720 7726
f 7844 7726 7849
f 7848 7843 7844
f 7848 7844 7849
f 7851 7727 7728
f 7851 7850 7727
f 7852 7724 7845
f 7852 7730 7724
f 7731 7730 7852
f 7731 7852 7853
f 7853 7852 7845
f 7853 7845 7846
f 7732 7731 7853
f 7732 7853 7854
f 7853 7846 7847
f 7853 7847 7854
f 7855 7854 7847
f 7855 7847 7848
f 7856 7849 7726
f 7856 7726 7733
f 7855 7848 7849
f 7855 7849 7856
f 7857 7727 7850
f 7857 7734 7727
f 7851 7728 7735
f 7851 7735 7858
f 7735 7734 7857
f 7735 7857 7858
f 7857 7850 7851
f 7857 7851 7858
f 7859 7732 7854
f 7859 7738 7732
f 7739 7738 7859
f 7739 7859 7860
f 7859 7854 7855
f 7859 7855 7860
f 7861 7856 7733
f 7861 7733 7740
f 7861 7740 7739
f 7861 7739 7860
f 7861 7860 7855
f 7861 7855 7856
f 7762 7862 7761
f 7762 7863 7862
f 7862 7769 7761
f 7862 7864 7769
f 7863 7762 7770
f 7863 7770 7865
f 7770 7769 7864
f 7770 7864 7865
f 7864 7862 7863
f 7864 7863 7865
f 7775 7866 7774
f 7775 7867 7866
f 7868 7775 7776
f 7868 7867 7775
f 7866 7780 7774
f 7866 7869 7780
f 7868 7776 7782
f 7868 7782 7871
f 7870 7867 7868
f 7870 7868 7871
f 7872 7780 7869
f 7872 7785 7780
f 7786 7785 7872
f 7786 7872 7873
f 7873 7872 7869
f 7873 7869 7870
f 7871 7782 7787
f 7871 7787 7874
f 7874 7787 7786
f 7874 7786 7873
f 7873 7870 7871
f 7873 7871 7874
f 7876 7790 7791
f 7876 7875 7790
f 7877 7790 7875
f 7877 7795 7790
f 7878 7876 7791
f 7878 7791 7796
f 7878 7796 7795
f 7878 7795 7877
f 7877 7875 7876
f 7877 7876 7878
f 7880 7799 7800
f 7880 7879 7799
f 7879 7804 7799
f 7879 7881 7804
f 7880 7800 7805
f 7880 7805 7882
f 7805 7804 7881
f 7805 7881 7882
f 7881 7879 7880
f 7881 7880 7882
f 7884 7820 7821
f 7884 7883 7820
f 7885 7820 7883
f 7885 7822 7820
f 7886 7884 7821
f 7886 7821 7823
f 7886 7823 7822
f 7886 7822 7885
f 7885 7883 7884
f 7885 7884 7886
f 7888 7832 7833
f 7888 7887 7832
f 7887 7838 7832
f 7887 7889 7838
f 7888 7833 7839
f 7888 7839 7890
f 7890 7839 7838
f 7890 7838 7889
f 7889 7887 7888
f 7889 7888 7890
f 7892 7866 7867
f 7892 7891 7866
f 7893 7866 7891
f 7893 7869 7866
f 7894 7892 7867
f 7894 7867 7870
f 7870 7869 7893
f 7870 7893 7894
f 7893 7891 7892
f 7893 7892 7894
