# parsimony mesh: cplx_CPLX0-3955 (source /Users/eranagmon/code/v2e-cplx/workspace/studies/ecoli-3d/viz/3d/structures/cplx_CPLX0-3955.pdb)
# atoms: 1718  voxel: 2.5 Å  verts: 3545  tris: 7300
v 71.9049 -53.6696 -27.5353
v 72.3219 -53.6696 -27.5353
v 71.7691 -52.3302 -27.6467
v 72.7886 -52.3302 -27.6467
v 71.7703 -50.8023 -27.6366
v 72.7126 -50.8023 -27.6366
v -23.1275 46.4009 -27.4777
v -22.9945 46.4009 -27.4777
v -30.6038 48.8186 -27.5479
v -29.9222 48.8186 -27.5479
v -23.1275 46.4764 -27.4777
v -22.9945 46.4764 -27.4777
v -30.7117 50.1698 -27.6374
v -29.4930 50.1698 -27.6374
v -30.6955 51.6448 -27.6115
v -29.7522 51.6448 -27.6115
v 69.2364 -58.7356 -25.1009
v 70.0444 -58.7356 -25.1009
v 64.3969 -56.1863 -25.0002
v 65.7245 -56.2522 -25.0225
v 68.3316 -57.1542 -25.2832
v 70.8165 -57.5090 -25.4306
v 73.2245 -57.0785 -25.6768
v 75.7245 -57.0157 -25.9407
v 78.2245 -56.8223 -26.0635
v 79.9828 -56.4387 -25.7907
v 64.3969 -56.0335 -25.0002
v 65.7245 -56.0040 -25.0225
v 68.2245 -55.8285 -25.2605
v 71.2304 -54.6803 -26.1900
v 72.8487 -54.3356 -26.3703
v 75.7245 -54.8302 -26.9626
v 78.2245 -54.8302 -27.0981
v 80.1876 -54.8302 -26.0319
v 71.5190 -52.4816 -26.2959
v 73.2899 -52.7955 -26.5051
v 75.7221 -52.4521 -26.2593
v 78.2245 -53.1274 -25.9990
v 79.9170 -53.1901 -25.5614
v 69.2283 -48.8029 -25.1188
v 70.7964 -49.8026 -26.0127
v 73.4174 -49.9135 -26.8065
v 75.0527 -49.8302 -25.8103
v 68.6927 -47.3302 -25.4144
v 70.7245 -47.3302 -25.8144
v 73.2245 -47.3302 -25.6314
v 74.7606 -47.3302 -25.2314
v 68.5472 -44.8302 -25.9099
v 70.7245 -44.8302 -26.5401
v 73.2245 -44.8302 -25.7122
v 74.5512 -44.8302 -25.0820
v 69.1421 -42.3302 -25.5810
v 70.4818 -42.2245 -25.8074
v 73.2245 -42.9826 -25.5011
v 74.5534 -43.3763 -25.0972
v 69.4715 -41.0780 -24.9715
v 69.4867 -41.0780 -24.9715
v -33.3564 43.7270 -25.1266
v -31.7755 43.7454 -25.1033
v -30.3846 43.8801 -24.9873
v -36.1531 46.2179 -25.0202
v -34.2240 45.2986 -25.2628
v -31.7755 45.1698 -25.5221
v -29.4410 44.9909 -25.5463
v -26.7755 45.3313 -25.9585
v -24.0867 45.7354 -26.3589
v -22.5625 46.1168 -26.2143
v -36.1531 46.4900 -25.0202
v -34.2755 46.6373 -25.2157
v -31.2733 47.7934 -26.1340
v -29.5410 48.1643 -26.3972
v -26.7755 47.6698 -27.0904
v -24.0867 47.4537 -27.1715
v -22.3852 47.4537 -26.2933
v -30.9399 50.0176 -26.2668
v -29.0690 49.7039 -26.5459
v -26.7383 50.0673 -26.3596
v -24.2755 49.3731 -25.9801
v -22.5756 49.2784 -25.5127
v -33.3117 53.6917 -25.1447
v -31.6650 52.6682 -25.9706
v -29.0615 52.5548 -26.7501
v -27.3685 52.6698 -25.8224
v -33.7869 55.1698 -25.4333
v -31.7755 55.1698 -25.8012
v -29.2755 55.1698 -25.6871
v -27.6369 55.1698 -25.3192
v -33.8670 57.6698 -25.8930
v -31.7755 57.6698 -26.5939
v -29.2755 57.6698 -25.8789
v -27.8701 57.6698 -25.1781
v -33.4185 59.6314 -25.7577
v -31.7755 59.8734 -26.0165
v -29.2755 59.4942 -25.5262
v -27.9391 59.1257 -25.1040
v 81.3510 -64.1761 -23.0338
v 83.2245 -64.1791 -23.0352
v 84.5768 -63.7828 -22.6560
v 68.7480 -61.3785 -22.8211
v 70.7245 -61.6123 -23.0716
v 72.7639 -61.4914 -22.9172
v 76.1758 -61.7393 -23.0840
v 78.2245 -61.6418 -22.9567
v 80.6004 -62.1340 -22.9898
v 83.2401 -62.3942 -23.0827
v 84.5768 -63.2702 -22.6560
v 61.6684 -58.7944 -22.8253
v 63.2245 -58.9692 -23.0494
v 65.7245 -59.3743 -23.1830
v 68.1588 -59.8684 -23.7456
v 70.8165 -59.6735 -24.3574
v 73.4482 -60.0317 -23.4365
v 75.4953 -60.0317 -23.4226
v 78.2202 -60.0298 -23.1515
v 80.7245 -60.7425 -22.6940
v 82.4171 -60.7140 -22.7338
v 61.3903 -57.3302 -23.0556
v 63.4280 -57.1439 -24.1888
v 65.7245 -57.5022 -24.4330
v 67.5697 -57.8701 -24.6701
v 71.7111 -58.4616 -24.8097
v 73.2245 -58.3285 -24.5899
v 75.7245 -58.2657 -24.4474
v 78.2202 -58.0101 -23.7575
v 80.2224 -56.7695 -23.7143
v 61.5018 -55.2848 -22.8917
v 63.2087 -54.8258 -23.6499
v 65.7245 -54.7540 -24.0955
v 68.2245 -54.5785 -24.0409
v 70.7245 -54.1884 -24.2074
v 73.1881 -53.8396 -23.6872
v 74.8954 -53.8406 -22.7905
v 80.8154 -54.8302 -23.7143
v 63.4459 -52.3302 -23.1024
v 65.7245 -52.3302 -23.4762
v 68.2245 -52.3302 -23.3350
v 70.6833 -52.4816 -24.1336
v 73.1929 -52.7955 -23.5725
v 75.6630 -52.0601 -23.4815
v 78.1779 -51.9823 -23.6088
v 80.0675 -52.9931 -23.7143
v 59.4619 -48.5976 -22.4766
v 60.7245 -48.9398 -22.6590
v 63.1241 -49.8575 -23.1589
v 65.7245 -49.8302 -23.6451
v 68.3268 -49.7138 -24.1376
v 70.8985 -49.5250 -23.5267
v 73.0157 -49.7736 -22.5343
v 75.6361 -50.3173 -23.3946
v 78.1779 -49.7340 -22.7955
v 79.6447 -48.8365 -22.6521
v 59.4117 -47.3302 -22.5079
v 60.5918 -47.2747 -22.6476
v 63.2245 -48.0205 -22.9023
v 65.7940 -47.4380 -23.3751
v 67.4427 -47.3302 -24.6003
v 71.9745 -48.5801 -22.4644
v 71.9745 -48.5801 -22.4644
v 76.0106 -47.3302 -23.9356
v 78.2245 -47.3302 -23.2901
v 80.0309 -47.3302 -23.0688
v 59.4033 -46.0149 -22.5102
v 59.6700 -46.0149 -22.5102
v 66.6736 -45.6778 -23.2488
v 68.0230 -44.6931 -23.7355
v 69.5609 -43.7085 -22.5556
v 75.7163 -44.9778 -23.5673
v 78.2245 -45.5706 -23.0567
v 80.0461 -45.5715 -23.0825
v 69.1421 -42.3302 -24.4051
v 70.5384 -41.8976 -23.7030
v 73.2245 -41.7326 -24.3697
v 75.0401 -42.4579 -23.8071
v 69.4715 -41.0780 -24.9608
v 70.6725 -40.9913 -23.8638
v 73.2245 -40.5828 -23.1197
v 75.0374 -40.5926 -23.0356
v -21.1231 38.3096 -22.9999
v -19.2755 38.2337 -23.0622
v -17.8794 38.6151 -22.7259
v -33.8435 41.0962 -22.8485
v -31.7755 40.8179 -23.1264
v -29.7637 40.9408 -22.9628
v -26.2927 40.7427 -23.0912
v -24.2755 40.7925 -22.9958
v -21.8840 40.3241 -22.9660
v -19.2757 40.1634 -23.0738
v -17.8794 39.3259 -22.7259
v -40.8552 43.6666 -22.8563
v -39.2755 43.4531 -23.1398
v -36.7755 43.0279 -23.2744
v -34.4333 42.5800 -23.7755
v -31.7755 42.4954 -24.3764
v -29.2408 42.7393 -23.8284
v -26.9858 42.5270 -23.5106
v -24.3361 42.5180 -23.2218
v -21.7755 41.7645 -22.6897
v -20.1092 41.7157 -22.6830
v -41.0684 45.1698 -23.0329
v -39.2755 45.1698 -23.9974
v -36.9021 45.2986 -24.5788
v -35.0231 44.5512 -24.7024
v -28.7179 44.0384 -24.6941
v -26.7755 44.0813 -24.5520
v -24.3361 44.3926 -23.7966
v -22.1581 45.6882 -23.7143
v -40.9197 47.1157 -22.8304
v -39.4477 47.8373 -23.3315
v -36.9021 47.4619 -24.2258
v -34.2755 47.8873 -23.9597
v -31.7755 48.2745 -24.1469
v -29.3310 48.6322 -23.7312
v -27.3841 48.5913 -22.8919
v -21.5866 47.6698 -23.7143
v -38.9815 50.1698 -23.1396
v -36.7755 50.1698 -23.4868
v -34.2755 50.1698 -23.2300
v -31.7909 50.0176 -24.0628
v -29.2208 49.7039 -23.5764
v -26.7561 50.4537 -23.4906
v -24.3271 50.5040 -23.6078
v -22.4540 49.4657 -23.7143
v -41.2802 53.4617 -22.7398
v -39.3682 52.6449 -23.1460
v -36.7755 52.6698 -23.6062
v -34.1972 52.7829 -24.1139
v -31.6193 52.8622 -23.6611
v -29.3308 52.5855 -22.6480
v -26.8607 52.1563 -23.4130
v -24.3271 52.7027 -22.9194
v -22.7591 53.5579 -22.7370
v -43.0503 56.1097 -22.4813
v -42.1131 55.2777 -22.6105
v -39.2755 54.4457 -22.8675
v -36.6704 55.0249 -23.2597
v -35.0369 55.1698 -24.5119
v -30.6040 54.1415 -22.7705
v -30.4582 54.1415 -22.7705
v -26.3869 55.1698 -24.0014
v -24.2755 55.1698 -23.4066
v -22.3837 55.1698 -23.1195
v -43.0503 56.4427 -22.4813
v -42.9459 56.4427 -22.4813
v -35.7670 56.7514 -23.1389
v -34.4198 57.7334 -23.7120
v -32.8695 58.7153 -22.6184
v -26.6940 57.5200 -23.5461
v -24.2755 56.8987 -23.0171
v -22.4362 56.8913 -23.0651
v -33.4185 59.6314 -24.2850
v -31.7168 60.3889 -23.4362
v -29.2755 60.7442 -24.2179
v -27.4203 60.0433 -23.7933
v -30.5640 61.4765 -22.5875
v -29.2755 61.8060 -22.9679
v -27.4485 61.8780 -23.0126
v 81.3876 -64.0966 -21.2143
v 83.0984 -64.1149 -21.2896
v 84.5768 -63.7828 -22.1732
v 64.2986 -61.1887 -20.1514
v 64.7274 -61.1887 -20.1514
v 68.8668 -61.3315 -21.2143
v 70.5622 -61.5279 -21.0980
v 73.4353 -61.3593 -21.2584
v 75.4953 -61.8392 -21.3835
v 78.2245 -62.0088 -21.2143
v 80.1376 -62.4204 -21.2143
v 83.8492 -62.3942 -21.2896
v 84.5768 -63.2702 -22.1732
v 61.5044 -58.9798 -21.2143
v 63.3690 -60.0825 -21.0765
v 65.6262 -60.2562 -21.0765
v 67.6168 -60.4469 -21.2143
v 71.2873 -60.7820 -20.1872
v 73.4353 -60.8906 -21.2584
v 74.5091 -60.9993 -22.3296
v 79.0508 -59.3295 -22.2295
v 80.7245 -59.4925 -22.0060
v 83.0229 -59.8605 -21.2385
v 60.8920 -57.3302 -21.2143
v 79.0508 -58.3074 -22.2295
v 80.8845 -57.2621 -21.3254
v 82.4705 -57.8835 -20.4214
v 56.5862 -53.9328 -20.3119
v 58.2245 -54.1122 -20.4763
v 60.7329 -54.6109 -21.3589
v 62.0204 -53.6181 -22.4185
v 74.0846 -53.8406 -22.1732
v 74.8954 -53.8406 -22.1732
v 79.0101 -53.8224 -20.2323
v 80.3754 -54.7255 -21.1251
v 83.7376 -54.0647 -20.2388
v 84.9420 -54.0647 -20.2388
v 56.6010 -52.3302 -20.2798
v 58.2245 -52.3302 -20.7640
v 60.7245 -52.3302 -21.3864
v 62.1959 -52.3302 -22.1522
v 73.8688 -52.3302 -21.8395
v 74.9948 -52.3302 -21.8395
v 78.7922 -52.3446 -21.1251
v 79.8226 -53.1875 -21.8990
v 83.7376 -53.1339 -20.2388
v 84.9420 -53.1339 -20.2388
v 56.8647 -51.0036 -20.0373
v 58.5536 -49.8006 -20.9895
v 60.7245 -50.1898 -21.7945
v 62.2238 -50.7090 -22.0940
v 71.9745 -48.5804 -22.4642
v 73.0157 -49.7736 -22.1933
v 74.7474 -50.9667 -21.9224
v 78.9744 -49.7340 -21.1257
v 79.6447 -48.8365 -21.9000
v 58.9898 -47.3302 -21.2143
v 61.3366 -46.4044 -22.1010
v 63.2816 -46.8394 -21.2463
v 65.1110 -46.7861 -21.2143
v 71.9745 -48.5801 -22.4642
v 71.9745 -48.5801 -22.4642
v 79.3138 -48.5127 -20.2333
v 80.6788 -47.3820 -21.0323
v 82.0465 -46.2514 -20.1646
v 59.1212 -45.7528 -21.2143
v 60.5918 -45.6992 -21.2463
v 62.4863 -45.8816 -20.4344
v 66.3970 -44.8388 -21.1039
v 68.2245 -43.9996 -21.8992
v 69.5609 -43.7085 -22.3115
v 76.1852 -44.3126 -21.2143
v 78.2245 -44.7134 -21.2143
v 80.8175 -45.3216 -21.0845
v 82.0465 -45.9480 -20.1646
v 66.8300 -43.3802 -20.1970
v 68.2245 -43.1278 -20.6492
v 70.2011 -42.3383 -21.3726
v 75.4783 -42.3302 -21.2143
v 71.5679 -40.5940 -21.2143
v 73.2245 -40.0014 -21.2143
v 75.0176 -40.4876 -21.2143
v -21.1610 38.3640 -21.2143
v -19.3184 38.2924 -21.1970
v -17.8794 38.6151 -22.0189
v -38.2387 41.2732 -20.2064
v -37.6699 41.2732 -20.2064
v -33.7378 41.1392 -21.2143
v -31.8990 40.9079 -21.0667
v -29.0717 41.1187 -21.1620
v -26.9858 40.6292 -21.2991
v -24.0719 40.6075 -21.1805
v -22.5094 40.3241 -21.1805
v -18.4781 40.3457 -21.0143
v -17.9477 40.3457 -21.0143
v -41.0128 43.4879 -21.2143
v -39.1534 42.3529 -21.1096
v -36.8121 42.0993 -21.1096
v -34.9878 41.9209 -21.2143
v -31.1480 41.6960 -20.1350
v -29.0717 41.6473 -21.1620
v -27.9593 41.5985 -22.1890
v -23.3230 42.3610 -21.2847
v -22.2937 42.3533 -21.2892
v -19.2198 42.4197 -21.0457
v -18.0159 41.4570 -20.0097
v -41.5361 45.1698 -21.2143
v -23.5431 44.1629 -22.2446
v -21.5269 45.2596 -21.3299
v -19.9971 44.6897 -20.4151
v -45.8832 48.5686 -20.2909
v -44.2755 48.3906 -20.4495
v -41.7077 47.8405 -21.2973
v -40.3958 48.7823 -22.3101
v -28.4918 48.5913 -22.1668
v -27.3841 48.5913 -22.1668
v -23.4140 48.6758 -20.3159
v -22.0399 47.7734 -21.1753
v -18.6841 48.3965 -20.2329
v -17.5238 48.3965 -20.2329
v -45.8199 50.1698 -20.2276
v -44.2755 50.1698 -20.6839
v -41.7755 50.1698 -21.2276
v -40.2315 50.1698 -22.0213
v -28.4509 50.3845 -21.2858
v -27.5129 50.3845 -21.2858
v -23.6445 50.1413 -21.1753
v -22.7135 49.2891 -21.9825
v -18.6841 49.3255 -20.2329
v -17.5238 49.3255 -20.2329
v -45.5604 51.4465 -19.9888
v -44.1143 52.4358 -20.5556
v -41.9783 52.6449 -21.7791
v -40.2633 51.7951 -22.0279
v -30.6040 53.6994 -22.1835
v -29.1720 52.4416 -21.6297
v -27.8657 51.4982 -21.2143
v -23.5078 52.2880 -21.2143
v -22.7793 53.5380 -21.2143
v -43.3312 55.2337 -21.3681
v -42.1131 55.2777 -22.1779
v -39.2526 55.6561 -21.2169
v -37.3320 55.6957 -21.2143
v -30.6040 54.1415 -22.1835
v -30.4582 54.1415 -22.1835
v -21.4750 55.2469 -21.1475
v -20.4130 56.1317 -20.2696
v -43.2966 56.6722 -21.2143
v -41.9777 56.7225 -21.2169
v -40.0708 56.5878 -20.3852
v -36.0090 57.6188 -21.0299
v -34.2755 58.3901 -21.7571
v -32.8695 58.7153 -22.2453
v -26.2535 58.1385 -21.2143
v -24.2755 57.6598 -21.2143
v -21.6719 57.1474 -21.1475
v -20.4130 56.6041 -20.2696
v -35.5894 59.0088 -20.0737
v -34.2755 59.2836 -20.5071
v -32.1764 60.1574 -21.3329
v -26.9098 60.1698 -21.2143
v -30.8311 61.7471 -21.2143
v -29.2755 62.3549 -21.2143
v -27.4318 62.0275 -21.2143
v 81.8154 -63.6729 -19.8732
v 82.1810 -63.6729 -19.8732
v 64.2986 -61.1887 -19.7280
v 64.7274 -61.1887 -19.7280
v 69.3908 -61.1170 -19.8885
v 69.6207 -61.1170 -19.8885
v 74.1067 -61.2272 -19.6847
v 75.7386 -61.6095 -18.7966
v 78.2245 -62.0547 -18.7143
v 80.8791 -62.4331 -18.9096
v 82.6047 -62.0946 -18.9096
v 61.6539 -58.8988 -19.3762
v 63.3216 -59.7075 -18.7188
v 65.6262 -60.2006 -18.8225
v 68.4243 -60.2097 -18.9188
v 70.5622 -60.4186 -18.9188
v 73.2538 -60.4646 -18.7966
v 74.9146 -60.6081 -18.0181
v 83.3301 -59.8302 -18.7143
v 61.4629 -57.3119 -18.6115
v 62.3446 -58.1329 -17.7096
v 66.7961 -56.1473 -17.6094
v 68.2245 -56.4290 -17.9172
v 69.9644 -56.4781 -17.9231
v 81.8057 -56.2168 -19.8691
v 83.2897 -57.1525 -18.8757
v 84.7166 -56.4215 -17.8822
v 56.3613 -54.3041 -18.7143
v 58.2245 -54.5956 -18.7143
v 60.3255 -55.1218 -18.7143
v 66.7961 -56.0040 -17.6094
v 68.2245 -55.8843 -17.9172
v 69.9644 -55.8952 -17.9231
v 79.0101 -53.8224 -19.5313
v 80.8732 -54.7255 -19.6080
v 83.0324 -54.8709 -19.6185
v 85.2344 -54.8709 -18.7150
v 56.1447 -52.3302 -18.7143
v 78.9923 -52.3302 -19.4044
v 80.7245 -52.3302 -18.9358
v 83.0645 -52.2264 -18.8186
v 85.2428 -52.7995 -18.7143
v 56.7579 -50.9493 -18.7143
v 58.3770 -49.8564 -18.7979
v 60.0270 -49.2151 -18.0203
v 79.1911 -49.6467 -18.7762
v 80.7245 -50.3456 -18.0598
v 82.3915 -50.8233 -17.7386
v 59.0527 -47.3302 -19.4281
v 60.8060 -47.1754 -18.1037
v 63.1031 -46.3320 -18.6493
v 64.7907 -46.4252 -19.7203
v 79.2403 -47.5397 -18.5004
v 80.5855 -46.8000 -18.5004
v 82.2134 -46.4056 -18.7143
v 59.0746 -45.7091 -19.5266
v 60.7245 -45.6529 -19.0966
v 63.1031 -45.7511 -18.6493
v 65.5253 -44.8045 -18.8179
v 76.4546 -43.8941 -19.4534
v 78.2635 -44.6755 -18.4889
v 80.7990 -44.8691 -18.3482
v 82.1943 -45.0009 -18.4889
v 66.8009 -43.3047 -18.7143
v 68.2245 -42.4634 -18.7143
v 70.7189 -41.5593 -18.6932
v 73.2245 -41.5176 -18.1856
v 75.5452 -42.4062 -18.7489
v 77.1491 -43.4025 -17.7867
v 81.9385 -43.5540 -17.5053
v 82.0223 -43.5540 -17.5053
v 71.5486 -40.6075 -19.5125
v 73.2245 -40.4988 -19.4356
v 74.6358 -40.7778 -19.7111
v -20.7753 38.7888 -19.8272
v -20.1804 38.7888 -19.8272
v -38.2387 41.2732 -19.6705
v -37.6699 41.2732 -19.6705
v -33.1572 41.3692 -19.8418
v -32.8146 41.3692 -19.8418
v -28.3797 41.2966 -19.7231
v -26.7622 40.8762 -18.8196
v -24.0719 40.5577 -18.9070
v -21.8799 40.2273 -19.0147
v -19.4716 40.5271 -19.0502
v -18.0159 41.3655 -19.9399
v -40.8455 43.5972 -19.3308
v -39.2096 42.7965 -18.6673
v -36.8121 42.1940 -18.7880
v -34.1045 42.1154 -18.8908
v -31.8990 41.9853 -18.8908
v -29.2380 41.9630 -18.8196
v -27.5867 41.8277 -18.0564
v -23.1029 41.4718 -19.8688
v -22.9846 41.4718 -19.8688
v -18.8287 42.4421 -18.9496
v -18.0159 41.4570 -19.9399
v -40.9919 45.2208 -18.5842
v -40.1806 44.4216 -17.6641
v -35.5471 46.4125 -17.4834
v -34.2755 46.1353 -17.9603
v -32.4506 46.0478 -18.1066
v -20.5985 46.3563 -19.9186
v -19.1595 45.3331 -18.9508
v -17.7073 45.9766 -17.9831
v -46.0681 48.1813 -18.7143
v -44.2755 47.8195 -18.7143
v -42.1186 47.3080 -18.7143
v -35.5471 46.4293 -17.4834
v -34.2755 46.5735 -17.9603
v -32.4506 46.6153 -18.1066
v -23.4140 48.6758 -19.6047
v -21.5693 47.7734 -19.6502
v -19.4206 47.6058 -19.6772
v -17.1749 47.6058 -18.7756
v -46.1686 50.1698 -18.7143
v -28.0901 51.3610 -19.8942
v -27.9876 51.3610 -19.8942
v -23.4222 50.1698 -19.5049
v -21.7755 50.1698 -18.9191
v -19.4486 50.2528 -18.7405
v -17.2009 49.6693 -18.7143
v -45.6260 51.4823 -18.7143
v -44.1143 52.5520 -18.8147
v -42.3584 53.2234 -18.0483
v -28.0901 51.4725 -19.8942
v -27.9876 51.4725 -19.8942
v -23.1659 52.1059 -19.7114
v -22.1141 52.6926 -18.6731
v -20.2131 51.6126 -17.6348
v -43.3890 55.1698 -19.5010
v -41.6253 55.1981 -18.2207
v -39.3894 56.0813 -18.6741
v -37.6926 56.1124 -19.6721
v -23.0998 55.9902 -17.5252
v -22.1741 55.2706 -18.2047
v -20.2336 55.9809 -18.7143
v -43.3622 56.7334 -19.5960
v -41.7755 56.7811 -19.2219
v -39.3894 56.6912 -18.6741
v -36.6410 57.8406 -18.6483
v -35.5083 58.8866 -17.6246
v -26.0082 58.5443 -19.4671
v -24.2170 57.7605 -18.4961
v -21.9272 57.3322 -18.5008
v -20.2336 57.1426 -18.7143
v -35.5894 59.0088 -19.2912
v -34.5152 59.6117 -18.5605
v -31.7469 60.9156 -18.7004
v -29.2755 60.9420 -18.1760
v -26.9095 60.0730 -18.7434
v -25.3341 59.1253 -17.8004
v -30.8945 61.7994 -19.5245
v -29.2755 61.9686 -19.4260
v -27.8109 61.7719 -19.6863
v 78.9868 -64.0072 -15.5994
v 80.3073 -64.0072 -15.5994
v 64.4462 -61.1047 -15.0110
v 65.0722 -61.1047 -15.0110
v 71.5197 -61.2938 -15.4062
v 72.4549 -61.2938 -15.4062
v 76.3191 -61.5996 -16.2143
v 78.1819 -62.8159 -16.3454
v 81.0382 -62.1924 -16.4844
v 82.0095 -61.1042 -17.3694
v 54.3931 -58.7141 -15.1638
v 55.7245 -59.0448 -15.6221
v 58.2245 -59.1371 -15.6264
v 60.7245 -58.8667 -15.3920
v 63.3954 -59.6108 -16.0035
v 65.8331 -60.6474 -15.9923
v 68.2245 -60.0362 -16.2143
v 70.7016 -60.1860 -16.2294
v 73.4589 -59.8830 -16.0334
v 74.9795 -59.7970 -15.9821
v 81.7691 -60.8361 -15.7027
v 82.5213 -59.9338 -16.4073
v 54.3931 -58.0020 -15.1638
v 55.5356 -57.2333 -15.8446
v 58.3295 -57.2629 -15.8480
v 60.7033 -57.2588 -16.0827
v 62.3446 -58.1329 -16.9960
v 66.7961 -56.1473 -17.2760
v 68.2245 -56.4290 -16.9573
v 69.9644 -56.4781 -16.9766
v 74.4630 -58.5362 -14.9940
v 74.5234 -58.5362 -14.9940
v 83.9093 -57.2850 -16.1250
v 84.7166 -56.4215 -16.8988
v 54.3715 -54.1907 -15.1825
v 55.5608 -55.0251 -16.2018
v 58.3295 -55.3758 -16.3184
v 60.0676 -55.3653 -16.2143
v 66.7961 -56.0040 -17.2760
v 68.2245 -55.8843 -16.9573
v 69.9644 -55.8952 -16.9766
v 79.0006 -53.8932 -15.4048
v 80.7245 -53.8535 -15.3335
v 83.3835 -54.6111 -15.3181
v 85.0738 -54.8302 -16.6178
v 54.3715 -53.4544 -15.1825
v 55.8370 -52.2982 -16.0435
v 57.1207 -51.1421 -15.2378
v 69.3124 -51.1695 -14.9917
v 69.4985 -51.1695 -14.9917
v 78.9924 -52.3302 -15.5580
v 80.7245 -52.3302 -16.0021
v 83.2247 -52.2234 -16.4816
v 85.0315 -52.9855 -16.9011
v 56.7954 -50.9823 -16.9045
v 58.2758 -50.0987 -15.9916
v 60.0270 -49.2151 -16.7454
v 69.3124 -50.9543 -14.9917
v 70.4382 -49.8904 -15.0427
v 72.2890 -48.8264 -15.0937
v 79.3235 -49.7715 -16.3592
v 80.4873 -49.8483 -16.3915
v 82.3915 -50.8233 -17.1712
v 59.4310 -48.4391 -15.0787
v 60.7908 -47.3390 -16.2169
v 62.0534 -46.2388 -17.3551
v 71.3779 -48.3945 -15.0937
v 72.2890 -48.3945 -15.0937
v 79.3023 -47.3302 -17.3637
v 80.7486 -47.4073 -16.5639
v 82.5802 -46.8209 -16.2143
v 61.6483 -44.8302 -15.5138
v 63.0218 -44.8045 -16.6595
v 65.2208 -43.9540 -17.0570
v 74.2404 -43.9381 -15.1960
v 75.7245 -44.4062 -15.5982
v 78.2635 -44.8850 -16.4846
v 80.2343 -44.7000 -16.4206
v 82.9903 -44.8302 -16.2143
v 61.9595 -43.5707 -14.9728
v 63.2245 -43.3141 -15.2902
v 65.9639 -42.4906 -16.2610
v 68.2245 -41.6659 -17.0911
v 70.7245 -41.3565 -17.0480
v 73.2188 -42.2051 -16.1351
v 75.7245 -43.0691 -16.8482
v 77.1491 -43.4025 -17.2444
v 81.5356 -43.3413 -16.2143
v 82.3846 -43.3413 -16.2143
v 66.7069 -40.8876 -15.4650
v 68.2245 -40.5257 -15.8411
v 70.7245 -40.3704 -15.7980
v 72.1971 -40.6806 -15.4075
v -23.4841 38.4886 -15.6515
v -21.7755 38.5310 -15.5348
v -20.4792 38.8325 -15.0377
v -38.0466 41.4030 -14.9957
v -36.7755 41.3494 -15.3529
v -35.2608 41.3428 -15.4509
v -31.0929 41.1564 -15.5081
v -29.9804 41.1564 -15.5081
v -26.1765 40.9398 -16.2143
v -24.3007 39.6434 -16.3766
v -21.3222 40.1498 -16.2631
v -20.4543 40.2651 -16.1360
v -48.0658 43.8452 -15.0679
v -46.7755 43.4484 -15.5799
v -44.2755 43.3164 -15.6430
v -41.7755 43.5823 -15.4802
v -39.1136 42.8581 -16.0634
v -36.7755 41.8963 -16.6029
v -34.3666 42.1237 -16.2563
v -31.8659 42.2209 -16.2906
v -29.0418 42.5677 -16.1348
v -27.4064 42.6645 -16.0426
v -20.7179 41.6057 -15.5675
v -19.8445 42.5313 -16.3262
v -48.0658 44.2052 -15.0679
v -46.9016 45.0910 -15.8320
v -44.2297 45.1715 -15.8825
v -41.7429 45.2138 -16.1415
v -40.1806 44.4216 -17.1310
v -35.5471 46.4125 -17.4372
v -34.2755 46.1353 -17.0749
v -32.4506 46.0478 -16.9721
v -28.1031 44.0775 -15.0948
v -27.7922 44.0775 -15.0948
v -18.4689 45.1539 -16.0533
v -17.7073 45.9766 -16.7793
v -48.0613 48.6671 -15.0444
v -46.8551 47.6433 -16.1504
v -44.2297 47.0814 -16.3396
v -42.3517 47.0970 -16.2143
v -35.5471 46.4293 -17.4372
v -34.2755 46.5735 -17.0749
v -32.4506 46.6153 -16.9721
v -23.6355 48.5686 -15.2365
v -21.7755 48.6464 -15.1770
v -19.0923 47.9118 -15.1981
v -17.3386 47.6698 -16.4980
v -48.0613 48.9631 -15.0444
v -46.5913 50.1192 -16.1159
v -45.1960 51.2752 -15.5206
v -23.5914 50.1698 -15.3853
v -21.7755 50.1698 -15.8859
v -19.3381 50.2759 -16.5028
v -17.4278 49.5134 -16.8609
v -45.6247 51.4764 -17.1873
v -44.3278 51.9874 -16.2981
v -42.4680 53.3368 -16.2143
v -31.1504 53.6331 -15.0929
v -30.1762 53.6331 -15.0929
v -23.1701 51.5902 -15.2534
v -21.7347 52.4347 -16.2703
v -20.2131 51.6126 -17.2871
v -41.3272 55.1981 -16.3679
v -40.3747 56.0503 -17.3036
v -31.1504 54.0804 -15.0929
v -30.1762 54.0804 -15.0929
v -23.0998 55.9902 -17.3910
v -21.8489 55.0412 -16.7186
v -19.8626 55.5794 -16.2143
v -40.9383 57.1375 -15.6369
v -39.5557 57.7993 -16.3067
v -36.7755 58.5510 -17.0828
v -35.5083 58.8866 -17.4434
v -28.2455 58.5065 -15.2177
v -26.7755 58.0827 -15.5775
v -24.2170 57.5947 -16.4598
v -21.9129 57.9192 -16.5751
v -19.7035 57.8875 -16.4413
v -38.7366 59.2077 -15.3098
v -36.6330 60.0925 -15.8732
v -34.5152 60.3207 -17.0103
v -31.7755 61.1175 -17.0219
v -29.2540 60.2679 -16.1758
v -26.7755 59.3996 -16.8275
v -25.3341 59.1253 -17.1952
v -20.9640 59.1600 -15.7592
v -20.0395 59.1600 -15.7592
v -35.7046 61.5467 -15.3212
v -34.2755 61.8574 -15.6624
v -31.7755 62.0817 -15.7719
v -30.2625 61.8458 -15.4672
v 63.9823 -63.8491 -12.7050
v 64.7731 -63.8491 -12.7050
v 78.9147 -64.0074 -13.7143
v 80.3250 -64.0074 -13.7143
v 63.9212 -62.0949 -13.6087
v 65.7560 -62.0067 -13.8081
v 67.3312 -61.2420 -13.2445
v 71.5197 -61.2938 -14.5980
v 73.3435 -61.2743 -13.7044
v 75.6861 -61.8000 -13.6722
v 77.6647 -63.0990 -13.7143
v 81.3099 -62.3302 -13.7143
v 54.3931 -58.7141 -14.5659
v 55.5633 -59.2069 -13.7253
v 58.2245 -59.6182 -13.7143
v 60.7245 -59.2888 -13.7143
v 62.9020 -60.1837 -13.7143
v 66.7389 -61.0594 -14.9112
v 68.1885 -60.3906 -13.9324
v 70.6528 -59.6826 -13.6605
v 73.4159 -59.8302 -13.7989
v 74.7757 -59.8302 -14.5893
v 81.7095 -60.8074 -13.7143
v 82.6358 -59.5574 -13.7143
v 54.3931 -58.0020 -14.5659
v 54.7193 -57.2333 -13.7253
v 59.1694 -56.5958 -13.7143
v 59.8336 -56.5958 -13.7143
v 71.4526 -57.7601 -12.7230
v 73.3608 -58.1481 -13.8370
v 75.5517 -57.3703 -13.7930
v 77.1555 -56.2045 -12.6350
v 81.9565 -56.1001 -12.4805
v 82.9125 -57.0922 -13.4741
v 54.3715 -54.1907 -14.8017
v 55.0987 -54.9465 -13.8667
v 59.1694 -55.7908 -13.7143
v 59.8336 -55.7908 -13.7143
v 71.9706 -53.8066 -12.4666
v 71.9764 -53.8066 -12.4666
v 76.5799 -55.9301 -12.6350
v 78.0780 -54.9117 -13.7279
v 81.2525 -54.8019 -13.8194
v 82.9809 -54.8633 -13.7655
v 85.0035 -54.0364 -13.0284
v 54.3715 -53.4544 -14.8017
v 55.9427 -52.9914 -13.8667
v 57.4334 -51.6886 -13.7143
v 69.3124 -51.1695 -14.9483
v 70.8730 -51.8328 -13.5853
v 72.0266 -52.3302 -12.5630
v 78.9924 -52.3302 -14.4235
v 80.8162 -52.1061 -13.5051
v 83.0211 -52.1061 -13.6826
v 85.1117 -52.3302 -13.3953
v 58.6219 -49.8302 -13.7143
v 69.3124 -50.9543 -14.9483
v 70.9202 -50.2393 -14.0795
v 72.1655 -49.8818 -13.6451
v 79.3423 -49.9250 -13.4855
v 80.1075 -49.9250 -13.4855
v 83.7189 -50.7908 -13.1416
v 84.7952 -50.7908 -13.1416
v 59.1021 -47.4956 -13.7276
v 59.8880 -46.7724 -14.5698
v 71.3779 -48.3945 -14.6967
v 72.2890 -48.3945 -14.6967
v 76.2160 -46.3446 -13.1674
v 78.4172 -47.2388 -13.0730
v 80.8925 -47.5151 -13.8459
v 82.5355 -46.8050 -14.4556
v 58.9359 -45.7604 -12.9031
v 60.4297 -44.8883 -13.7276
v 73.7165 -44.4515 -13.7143
v 75.5194 -45.7233 -13.8862
v 78.2245 -45.5374 -14.3852
v 80.6450 -44.7000 -14.0876
v 82.7695 -44.8302 -14.3498
v 61.6084 -43.1970 -13.7143
v 63.2245 -42.6542 -13.7143
v 65.4979 -41.7874 -13.7143
v 71.8904 -41.6040 -12.6715
v 72.5016 -42.3945 -13.5886
v 81.4253 -43.2879 -14.6537
v 82.4735 -43.2879 -14.6537
v 66.7479 -40.8886 -13.7143
v 68.2245 -39.8894 -13.7143
v 70.9240 -40.0411 -13.5886
v 72.1971 -40.6806 -14.3382
v -38.5107 38.6022 -12.7400
v -37.6701 38.6022 -12.7400
v -23.5760 38.5034 -13.7143
v -21.8388 38.5343 -13.8185
v -20.4792 38.8325 -14.7213
v -38.5448 40.4097 -13.6297
v -36.8122 40.2087 -13.6297
v -34.8948 41.1685 -13.7143
v -31.0929 41.1564 -14.5340
v -29.1514 41.1850 -13.7054
v -26.8096 40.6722 -13.7118
v -24.8260 39.3900 -13.7143
v -21.0000 40.0728 -13.8185
v -20.4792 39.1748 -14.7213
v -48.0658 43.8452 -14.7523
v -46.9229 43.2573 -13.8371
v -44.2755 42.8039 -13.7143
v -41.7755 43.1703 -13.7143
v -39.5607 42.2641 -13.7143
v -33.6448 42.0977 -13.7143
v -31.8672 42.7051 -13.6461
v -29.0858 42.6698 -13.7826
v -27.5807 42.6698 -14.5783
v -20.7270 41.5974 -13.7143
v -19.7575 42.8474 -13.7143
v -48.0658 44.2052 -14.7523
v -47.6641 45.0910 -13.8371
v -43.3939 45.8329 -13.7143
v -42.6063 45.8329 -13.7143
v -30.9044 45.1698 -12.7839
v -29.2649 44.7017 -13.6782
v -26.9241 45.1587 -13.7791
v -25.2573 46.2399 -12.6878
v -19.1694 45.1698 -13.7143
v -48.0613 48.6671 -14.9050
v -47.2828 47.7681 -13.9287
v -43.3939 46.7202 -13.7143
v -42.6063 46.7202 -13.7143
v -30.6091 47.6698 -12.5913
v -30.3630 47.6698 -12.5913
v -26.0559 46.6272 -12.6878
v -24.4464 47.5979 -13.7678
v -21.7755 48.6464 -14.8691
v -19.3001 47.8203 -14.0260
v -17.4224 48.4007 -13.0982
v -48.0613 48.9631 -14.9050
v -46.5416 49.3828 -13.9287
v -44.8645 50.7161 -13.7143
v -30.5811 49.3483 -12.5013
v -30.4925 49.3483 -12.5013
v -23.5914 50.1698 -14.4041
v -21.8489 50.3654 -13.5098
v -19.4320 50.3654 -13.7277
v -17.3315 50.1698 -13.4264
v -43.5419 52.8712 -13.7773
v -42.9493 53.8389 -14.6526
v -31.1504 53.6331 -14.6825
v -30.1762 53.6331 -14.6825
v -23.1171 52.5890 -13.4207
v -22.4679 52.5890 -13.4207
v -18.7030 51.6833 -13.1133
v -17.7033 51.6833 -13.1133
v -43.3910 55.1698 -13.1223
v -42.6529 55.1698 -14.3723
v -31.1504 54.0804 -14.6825
v -30.1762 54.0804 -14.6825
v -26.3566 56.1015 -13.1491
v -24.0486 55.2288 -13.0345
v -21.5330 54.9257 -13.8047
v -19.9182 55.5964 -14.4328
v -43.4376 56.6663 -12.8200
v -41.7709 57.7352 -13.8572
v -40.4033 58.8042 -14.8944
v -28.7771 57.9856 -13.7143
v -27.0242 56.7507 -13.8752
v -24.2755 56.9322 -14.3946
v -21.7886 57.7514 -14.1186
v -19.7055 57.6698 -14.3655
v -40.9368 59.3545 -13.2277
v -39.4522 59.5451 -13.9224
v -36.6330 60.7402 -13.5042
v -35.5123 61.3464 -12.5308
v -30.5629 61.0628 -12.5432
v -29.9690 60.2056 -13.5116
v -20.9640 59.1600 -14.6974
v -20.0395 59.1600 -14.6974
v -35.7046 61.5467 -14.1975
v -34.5176 62.2227 -13.5042
v -31.5479 62.4022 -13.5116
v -30.2625 61.8458 -14.2098
v 63.5657 -64.3706 -11.2143
v 65.1809 -64.3706 -11.2143
v 79.2158 -63.7229 -12.3785
v 79.7757 -63.7229 -12.3785
v 59.2403 -61.2670 -10.1699
v 60.0508 -61.2670 -10.1699
v 62.7119 -62.3302 -11.2143
v 66.4247 -62.1773 -11.2646
v 67.3312 -61.2420 -12.1315
v 74.2321 -61.2549 -12.1807
v 75.8191 -61.6586 -11.2941
v 78.1913 -62.3082 -11.4000
v 80.2144 -62.3302 -12.1178
v 56.2480 -59.1038 -11.2143
v 58.3340 -60.1290 -11.0877
v 60.8203 -60.3397 -11.0877
v 62.3707 -60.6172 -11.2143
v 66.7829 -60.8058 -10.4648
v 68.1885 -60.4272 -11.2646
v 70.6614 -59.0959 -10.9771
v 73.2453 -59.6117 -11.0832
v 75.0489 -60.6363 -10.5140
v 78.8335 -60.6295 -10.4214
v 80.9552 -59.9617 -11.1209
v 82.4476 -59.2939 -11.8205
v 55.2705 -57.3302 -11.2143
v 59.3093 -56.4633 -12.0883
v 59.8077 -56.4633 -12.0883
v 71.4526 -57.7601 -11.6524
v 72.2585 -57.7601 -11.6524
v 76.5799 -56.2045 -12.0586
v 77.1555 -56.2045 -12.0586
v 81.4955 -57.0922 -11.0780
v 82.4476 -57.7668 -11.8205
v 55.5278 -54.8302 -11.2143
v 59.3093 -55.8463 -12.0883
v 59.8077 -55.8463 -12.0883
v 68.8960 -54.1130 -10.3848
v 70.9358 -53.9598 -11.4225
v 71.9764 -53.8066 -12.4602
v 76.5799 -55.9301 -12.0586
v 77.1555 -55.9301 -12.0586
v 81.4964 -55.0719 -11.0037
v 83.0607 -54.5318 -11.0037
v 85.1471 -54.1550 -11.2143
v 56.5052 -52.9097 -11.2143
v 57.3535 -51.6597 -11.2143
v 66.5330 -51.4588 -10.2362
v 68.1274 -52.3074 -10.4714
v 70.9699 -52.3302 -11.3483
v 72.0266 -52.3302 -12.3023
v 79.3023 -51.5014 -10.5233
v 80.8981 -52.1458 -11.1099
v 82.9185 -52.1457 -11.0143
v 85.2050 -52.3329 -11.1849
v 58.4539 -49.8302 -11.2143
v 66.5330 -50.9251 -10.2362
v 68.2245 -50.6680 -10.2828
v 70.9948 -50.2742 -10.9550
v 72.7177 -49.9040 -11.1990
v 75.7245 -48.7942 -10.1409
v 78.5073 -49.7090 -11.1640
v 80.0439 -50.6648 -12.1899
v 83.7189 -50.7908 -11.9987
v 84.7952 -50.7908 -11.9987
v 58.5865 -47.3302 -11.2143
v 71.3035 -47.9763 -10.4955
v 73.0872 -47.2179 -10.7975
v 75.5194 -47.2388 -11.5830
v 77.7124 -48.0112 -11.8047
v 58.7360 -45.6917 -11.2143
v 60.6906 -44.5172 -11.0984
v 62.4480 -43.9931 -10.1877
v 71.6488 -44.0423 -10.6262
v 72.9301 -45.0465 -11.5265
v 74.5493 -46.0507 -12.4268
v 61.5013 -43.0788 -11.8544
v 63.2586 -42.8314 -11.0984
v 65.9538 -41.6425 -11.1680
v 66.9950 -41.0973 -10.3037
v 71.7696 -42.3238 -11.3611
v 72.0488 -42.3238 -11.3611
v 66.9399 -40.0904 -11.0156
v 67.6976 -39.8952 -11.1711
v 70.9316 -39.7009 -11.3868
v 72.0664 -40.7736 -10.4294
v 66.9399 -38.5495 -10.0607
v 68.2245 -38.3721 -10.5716
v 69.9727 -38.3335 -10.6776
v -38.0433 36.4096 -9.9842
v -38.0007 36.4096 -9.9842
v -38.7417 37.7292 -10.9763
v -37.3825 37.7292 -10.9763
v -23.3009 38.7957 -12.3894
v -22.7143 38.7957 -12.3894
v -43.2573 41.2089 -10.1917
v -42.2736 41.2089 -10.1917
v -39.7794 40.1698 -11.2143
v -35.9967 40.2650 -11.1721
v -34.9493 41.1618 -11.9774
v -28.3224 41.2136 -12.1706
v -26.6743 40.7692 -11.2881
v -24.2962 40.1473 -11.4015
v -22.2243 40.1698 -12.1201
v -46.2588 43.3479 -11.2143
v -44.1646 42.3377 -11.1007
v -41.5744 42.1119 -11.1007
v -40.1475 41.8157 -11.2143
v -35.6909 41.6414 -10.3107
v -34.1798 41.8986 -11.1721
v -31.7951 43.2375 -11.0321
v -29.2563 42.8565 -11.1239
v -27.4402 41.8401 -10.5040
v -23.6247 41.8262 -10.4136
v -21.4575 42.4817 -11.0717
v -20.0034 43.1373 -11.7299
v -47.1548 45.1698 -11.2143
v -43.1764 46.0511 -12.1950
v -42.6856 46.0511 -12.1950
v -30.9044 45.1698 -11.8837
v -30.1362 45.1698 -11.8837
v -26.0559 46.2399 -11.9773
v -25.2573 46.2399 -11.9773
v -21.0476 45.1698 -10.6210
v -20.0874 45.1698 -11.8710
v -46.8527 47.6698 -11.2143
v -43.1764 46.6228 -12.1950
v -41.6437 47.7238 -11.1264
v -40.4224 48.8247 -10.0578
v -33.5317 48.3390 -10.3651
v -31.4597 47.9566 -11.5143
v -30.3630 47.6698 -12.3762
v -26.0559 46.6272 -11.9773
v -25.2573 46.6272 -11.9773
v -21.1181 47.6698 -10.6110
v -19.5749 47.6593 -11.2287
v -17.2683 48.2791 -11.2143
v -45.9567 49.5033 -11.2143
v -44.9819 50.7533 -11.2143
v -40.6019 49.0393 -10.0578
v -40.4224 49.0393 -10.0578
v -36.2440 51.1165 -10.2851
v -34.3292 50.2378 -10.4491
v -31.6459 49.8177 -11.2172
v -30.4925 49.3483 -12.4005
v -23.1774 51.1142 -10.5817
v -21.7359 50.3884 -11.1491
v -19.5281 50.3116 -11.0504
v -17.2265 50.1443 -11.2163
v -43.8844 52.6698 -11.2143
v -36.2440 51.5956 -10.2851
v -34.2755 51.7068 -10.2697
v -31.8839 52.4345 -10.2682
v -29.2755 53.3214 -10.4136
v -26.7755 53.6594 -10.1849
v -23.9541 52.8071 -11.2146
v -22.7311 51.9211 -12.2484
v -18.7030 51.6833 -12.0509
v -17.7033 51.6833 -12.0509
v -43.7600 55.1698 -11.2143
v -31.0853 54.4404 -10.4857
v -29.3909 55.2321 -10.8230
v -27.0242 55.2288 -11.6400
v -24.7307 54.4348 -11.8475
v -43.6075 56.7383 -11.2143
v -41.7723 57.8982 -11.1260
v -39.9124 58.4591 -10.2338
v -30.8858 58.5291 -10.6329
v -29.5543 57.4749 -11.5480
v -28.0233 56.4208 -12.4630
v -40.9368 59.3545 -11.9005
v -39.1576 59.4948 -11.1260
v -36.7755 60.4608 -11.2143
v -35.4728 61.3180 -11.2143
v -30.7243 60.1996 -11.4836
v -30.4237 60.1996 -11.4836
v -34.4029 62.8727 -11.3412
v -31.5708 62.8306 -11.4635
v -30.3732 61.8199 -10.6677
v -33.7248 64.1239 -10.5925
v -32.5787 64.1239 -10.5925
v 63.7896 -64.3278 -8.7143
v 65.1129 -64.3278 -8.7143
v 56.8087 -61.1189 -7.5340
v 58.3340 -61.4102 -8.5061
v 60.8203 -61.6548 -8.8943
v 62.4845 -62.3480 -8.8943
v 66.3703 -62.2194 -8.6896
v 67.1292 -61.3122 -7.8397
v 76.7155 -61.2608 -9.7899
v 77.1668 -61.2608 -9.7899
v 56.2873 -59.7442 -8.5061
v 57.5736 -60.5201 -9.2006
v 61.7175 -60.9500 -9.8476
v 62.0710 -60.9500 -9.8476
v 66.7829 -60.8058 -9.5064
v 68.0673 -60.3302 -8.6896
v 70.6649 -58.9989 -8.9566
v 73.3012 -58.9612 -8.9566
v 75.8191 -60.1672 -8.8597
v 78.0899 -60.0963 -8.8597
v 80.1182 -58.9627 -8.7143
v 54.3582 -56.5743 -7.7701
v 55.0100 -57.3767 -8.6478
v 71.5304 -57.3302 -8.1212
v 72.4336 -57.3302 -8.1212
v 80.5603 -57.3302 -8.7143
v 54.3582 -55.9402 -7.7701
v 55.5408 -54.8841 -8.5628
v 57.2495 -53.8280 -7.6888
v 61.7773 -53.9341 -8.2261
v 62.1202 -53.9341 -8.2261
v 68.8960 -54.1130 -9.4871
v 70.8997 -54.9994 -8.5034
v 72.0421 -55.8859 -7.5197
v 78.9112 -53.9834 -8.0108
v 80.1949 -54.8221 -8.7922
v 83.7847 -53.8904 -9.7595
v 84.8424 -53.8904 -9.7595
v 56.4019 -52.7704 -9.3555
v 57.4315 -52.0943 -8.5990
v 61.7773 -53.1630 -8.2261
v 62.1202 -53.1630 -8.2261
v 66.5330 -51.4588 -9.8418
v 68.1274 -52.3074 -9.5438
v 70.0359 -52.3302 -9.5306
v 78.8639 -52.3330 -8.7922
v 80.0856 -53.1681 -9.6774
v 83.7847 -53.1679 -9.7595
v 84.8424 -53.1679 -9.7595
v 58.6701 -49.8823 -8.8849
v 60.7245 -49.2096 -8.1344
v 62.2462 -48.9160 -7.6568
v 66.5330 -50.9251 -9.8418
v 68.2245 -50.6680 -9.7966
v 70.4798 -50.0608 -9.2067
v 73.2245 -50.1422 -8.7143
v 75.7245 -49.5365 -8.7143
v 77.8837 -50.2364 -8.7143
v 59.0193 -47.3302 -9.6929
v 60.7245 -47.3302 -8.9536
v 62.4431 -47.3302 -7.9750
v 70.9923 -47.5932 -8.7143
v 72.1706 -46.3432 -8.7143
v 59.0284 -45.8821 -9.7348
v 60.7245 -45.6163 -9.5335
v 62.8019 -44.8280 -8.7574
v 69.1758 -44.0308 -7.8027
v 70.7791 -44.5384 -8.6674
v 72.1706 -45.6900 -8.7143
v 63.9418 -42.3593 -8.7557
v 65.7245 -41.4419 -9.6714
v 68.1329 -41.8018 -8.7532
v 70.7791 -42.2583 -9.1612
v 72.0664 -41.3771 -9.7420
v 64.2528 -39.8302 -7.8720
v 65.9538 -39.9302 -9.2648
v 68.1214 -40.2588 -8.6397
v 70.7735 -39.8963 -9.0022
v 72.0664 -40.7736 -9.7420
v 64.4258 -38.5344 -7.5223
v 65.9538 -38.5100 -8.4991
v 68.2792 -38.3895 -8.5084
v 69.9727 -38.3335 -9.2045
v -38.0433 36.4096 -9.9338
v -38.0007 36.4096 -9.9338
v -38.5981 37.7435 -8.9460
v -37.4065 37.7435 -8.9460
v -45.8350 41.3215 -7.6099
v -44.1646 41.0209 -8.5517
v -41.5744 40.7975 -8.9467
v -40.0695 40.1373 -8.9467
v -36.0206 40.2013 -8.7784
v -35.2834 41.0556 -7.9877
v -25.7735 41.2069 -9.7506
v -25.2914 41.2069 -9.7506
v -46.3157 42.7477 -8.5517
v -44.9240 41.9662 -9.2766
v -40.6069 41.4559 -9.9350
v -40.4956 41.4559 -9.9350
v -35.6909 41.6414 -9.6544
v -34.3802 42.0835 -8.7784
v -31.7825 43.4223 -8.9084
v -29.1973 43.5186 -8.9084
v -26.6743 42.2910 -8.8361
v -24.3850 42.3264 -8.8361
v -22.2708 43.4978 -8.7143
v -48.0751 46.0948 -7.6016
v -47.4817 45.2248 -8.5467
v -38.0475 46.4051 -7.4746
v -38.0126 46.4051 -7.4746
v -30.9156 45.1698 -8.0709
v -30.0580 45.1698 -8.0709
v -21.8321 45.1698 -8.7143
v -48.0751 46.4790 -7.6016
v -46.9260 47.5564 -8.4871
v -45.2429 48.6339 -7.7058
v -40.6571 48.6771 -8.7143
v -39.3856 47.7123 -8.1830
v -38.0126 46.4259 -7.4746
v -33.5317 48.3390 -9.5251
v -31.6056 47.4760 -8.5290
v -30.4491 46.6129 -7.5329
v -23.4827 48.5531 -7.9359
v -22.3036 47.6998 -8.7473
v -18.6865 48.5847 -9.7589
v -17.6190 48.5847 -9.7589
v -46.0736 49.6582 -9.3725
v -44.9289 50.3628 -8.6092
v -40.6571 49.1921 -8.7143
v -40.3891 49.1921 -8.7143
v -36.2440 51.1165 -9.8274
v -34.3292 50.2378 -9.5749
v -32.4445 50.1698 -9.5801
v -23.5381 50.2365 -8.7473
v -22.4073 49.4476 -9.6026
v -18.6865 49.2940 -9.7589
v -17.6190 49.2940 -9.7589
v -43.6754 52.5880 -8.9010
v -41.7755 53.2603 -8.1433
v -40.1946 53.5934 -7.6419
v -36.2440 51.5956 -9.8274
v -34.2755 51.7068 -9.8069
v -31.9383 52.3679 -9.2187
v -29.2755 52.3221 -8.7143
v -26.7755 52.8369 -8.7143
v -24.5733 52.1887 -8.7143
v -43.3944 55.1698 -9.7233
v -41.7755 55.1698 -9.0161
v -39.9732 55.1698 -8.0071
v -31.3801 54.7872 -8.7143
v -30.2706 56.0372 -8.7143
v -43.3893 56.5979 -9.7486
v -41.7755 56.8329 -9.5871
v -39.5518 57.6434 -8.7920
v -33.3273 58.4020 -7.8797
v -31.7417 57.9956 -8.7136
v -30.2706 56.9028 -8.7143
v -38.4079 60.0422 -8.6904
v -36.7755 60.9011 -9.5359
v -34.3271 60.6788 -8.7359
v -31.7417 60.1698 -9.1049
v -30.3732 61.0031 -9.6170
v -38.2136 62.1528 -7.8411
v -36.7858 62.8596 -8.3299
v -34.4601 62.6698 -8.5851
v -31.7574 62.6598 -8.9097
v -30.3732 61.8199 -9.6170
v -35.9593 63.9480 -7.8114
v -34.4040 64.0360 -8.5162
v -32.5787 64.1239 -9.2209
v 64.2808 -63.7921 -7.2840
v 64.6824 -63.7921 -7.2840
v 54.4301 -61.1212 -5.1308
v 55.8751 -61.2353 -6.0642
v 58.1605 -61.4055 -6.2106
v 60.8004 -61.6616 -6.2106
v 63.3583 -62.7302 -6.3561
v 65.5993 -62.6165 -6.3561
v 67.2181 -61.4214 -6.2143
v 54.0860 -59.8302 -5.6278
v 55.0781 -59.8302 -6.8778
v 58.9511 -60.6064 -5.3747
v 60.0177 -60.6064 -5.3747
v 66.9247 -58.6078 -4.9764
v 67.9702 -59.5418 -5.8468
v 69.7919 -58.8091 -6.7171
v 74.1857 -58.8190 -7.2241
v 75.7245 -59.0220 -7.0199
v 78.2245 -58.9384 -7.1117
v 79.7233 -58.7076 -7.3464
v 54.1795 -57.2985 -6.4398
v 54.9107 -57.2985 -6.4398
v 66.9247 -58.5631 -4.9764
v 68.2245 -58.5315 -5.0380
v 70.8451 -57.6376 -6.2284
v 73.2165 -57.0785 -6.3686
v 75.7245 -57.3302 -6.2533
v 78.2245 -57.3302 -6.5516
v 79.8957 -57.3302 -7.1387
v 54.3582 -55.9402 -7.1972
v 55.7169 -54.8841 -6.3680
v 57.2495 -53.8280 -7.2056
v 61.7773 -53.9341 -7.2186
v 62.1202 -53.9341 -7.2186
v 71.8983 -55.8859 -7.4064
v 73.1935 -55.2827 -6.1807
v 75.7245 -54.8302 -5.8817
v 78.1366 -54.8221 -6.7707
v 79.7873 -55.6501 -7.1480
v 56.2242 -53.0141 -5.5389
v 58.1690 -52.2601 -6.3010
v 60.8247 -52.3346 -6.3075
v 62.1202 -53.1630 -7.2186
v 71.2533 -51.6910 -5.6917
v 73.2691 -52.4467 -5.7846
v 75.7245 -52.3302 -5.9000
v 77.5904 -52.3302 -6.6701
v 59.0546 -49.8403 -6.1545
v 60.3592 -49.8041 -6.2666
v 62.2462 -48.9160 -7.2891
v 69.1180 -49.1909 -5.4446
v 70.4612 -50.0838 -6.4015
v 73.2245 -50.8435 -7.1237
v 75.7245 -50.5726 -6.7159
v 77.5257 -50.6155 -6.8146
v 56.8464 -46.4395 -5.1252
v 58.2023 -47.2958 -5.4825
v 60.7245 -47.3302 -6.3577
v 62.4431 -47.3302 -7.0805
v 69.0728 -47.3302 -5.6051
v 70.5913 -47.1529 -6.9323
v 72.0482 -46.2014 -7.3899
v 56.8464 -45.9108 -5.1252
v 58.2245 -45.4515 -5.4008
v 60.7245 -45.2515 -5.6527
v 63.2605 -44.7734 -6.2248
v 65.7245 -44.0421 -5.5037
v 68.4023 -44.7855 -6.1655
v 70.7245 -45.6814 -7.0640
v 72.0482 -45.9313 -7.3899
v 64.1270 -42.1613 -6.1787
v 65.7245 -42.4414 -5.5037
v 67.5867 -42.0881 -6.1814
v 64.0335 -39.8302 -6.2143
v 67.7886 -39.8302 -6.2143
v 64.2570 -38.3576 -6.2143
v 65.7245 -38.2439 -6.2143
v 67.4244 -38.4666 -6.2143
v -38.2713 38.6261 -7.2055
v -37.7099 38.6261 -7.2055
v -48.0556 41.3903 -5.0792
v -46.7112 41.1962 -6.0332
v -44.2708 41.0005 -6.1742
v -41.7123 40.8130 -6.1742
v -39.1730 39.7398 -6.3090
v -36.8361 39.7314 -6.3090
v -35.1714 40.9176 -6.2143
v -48.3598 42.6698 -5.5809
v -47.5267 42.6698 -6.8309
v -43.4344 41.8176 -5.3141
v -42.5035 41.8176 -5.3141
v -33.9214 42.4424 -6.2143
v -32.6033 43.6924 -6.2143
v -28.3119 43.7110 -7.2679
v -26.7755 43.4436 -7.0145
v -24.2755 43.4983 -7.0674
v -22.7314 43.7840 -7.3385
v -48.2581 45.2501 -6.5108
v -47.6053 45.2501 -6.5108
v -38.0475 46.4051 -7.4572
v -38.0126 46.4051 -7.4572
v -31.2429 44.9627 -6.4294
v -29.2485 45.3790 -6.3620
v -26.7755 45.1698 -6.2169
v -24.2755 45.1698 -6.5073
v -22.5599 45.1698 -7.1193
v -48.0751 46.4790 -7.3499
v -46.7633 47.5564 -6.4270
v -45.2429 48.6339 -7.1709
v -40.6246 48.6912 -7.3352
v -39.2471 47.5586 -7.3962
v -36.7712 47.6721 -6.2123
v -35.5207 48.9182 -4.9673
v -30.6174 46.6129 -7.4062
v -29.3007 47.2168 -6.1575
v -26.7755 47.6698 -5.7225
v -24.2998 47.6998 -6.6650
v -22.6989 46.8865 -7.1301
v -46.2002 49.4401 -5.5042
v -44.2815 50.1999 -6.3196
v -41.5908 50.0615 -6.4017
v -40.4467 49.1633 -7.3352
v -35.5298 48.9206 -4.9673
v -35.5207 48.9206 -4.9673
v -31.2269 50.7735 -5.6255
v -29.2704 50.0320 -5.8061
v -26.7755 50.1698 -5.8632
v -24.8023 50.1698 -6.5568
v -43.4026 52.6473 -6.1879
v -42.1105 52.6892 -6.2862
v -40.1946 53.5934 -7.2682
v -33.2893 53.4187 -5.3074
v -31.9994 52.5106 -6.2998
v -29.2755 51.6704 -7.1468
v -26.7755 51.8473 -6.8074
v -24.9374 51.8384 -6.8397
v -45.5935 56.1730 -5.0534
v -44.3012 55.2717 -5.4252
v -41.7755 55.1698 -6.2748
v -39.9732 55.1698 -7.0155
v -33.3489 55.1698 -5.5095
v -31.8733 55.3013 -6.8332
v -30.4100 56.2224 -7.3522
v -45.5935 56.5085 -5.0534
v -44.2755 56.9363 -5.3330
v -41.7755 57.1745 -5.5895
v -39.1872 57.7044 -6.2073
v -36.7755 58.4720 -5.4728
v -34.0934 57.6976 -6.1343
v -31.7755 56.8075 -7.0430
v -30.4100 56.6212 -7.3522
v -38.3065 60.3319 -6.1973
v -36.7755 60.0024 -5.4728
v -34.8680 60.3737 -6.1381
v -38.2721 62.8596 -6.3979
v -37.6260 63.8194 -7.3536
v -34.6890 62.6698 -6.2143
v -38.1971 64.0981 -5.6870
v -36.7858 64.1159 -6.3979
v -35.1123 64.0312 -6.2143
v 44.1173 -69.2707 -2.8393
v 45.7245 -69.3008 -2.7792
v 47.0107 -68.8506 -2.5092
v 44.1173 -68.1899 -2.8393
v 45.7245 -68.2515 -2.7792
v 47.0107 -68.5322 -2.5092
v 39.3724 -63.6463 -2.4924
v 40.7245 -63.7485 -2.5588
v 42.4456 -63.7384 -2.5622
v 59.4611 -63.5980 -2.4822
v 60.7245 -63.8149 -2.7007
v 62.2626 -63.8754 -2.7616
v 36.8623 -61.2061 -2.5006
v 38.3293 -62.2602 -2.4965
v 40.7245 -63.0890 -2.5588
v 42.4456 -63.1913 -2.5622
v 54.3624 -61.1502 -3.7143
v 55.5587 -61.2435 -3.7130
v 58.2753 -61.8712 -3.5758
v 60.8004 -62.1991 -3.9501
v 63.1474 -62.5380 -3.6427
v 65.5823 -61.5529 -3.7887
v 67.1446 -61.3032 -4.6716
v 36.6997 -59.8302 -2.5344
v 37.3474 -59.8302 -2.5344
v 53.4502 -59.8302 -3.7143
v 56.2815 -60.2776 -2.8788
v 58.0822 -60.4420 -3.7521
v 60.0177 -60.6064 -4.6254
v 66.5204 -59.5968 -3.7887
v 67.1446 -60.2745 -4.6716
v 36.7203 -58.5173 -2.5214
v 37.1600 -58.5173 -2.5214
v 53.5622 -57.5803 -3.7143
v 55.3365 -56.3303 -3.7143
v 66.8971 -58.5055 -3.7143
v 68.2073 -57.4918 -3.6788
v 70.7245 -57.1664 -4.0675
v 72.5937 -56.7429 -4.2445
v 54.4631 -53.7347 -2.6302
v 55.2139 -54.6729 -3.5638
v 68.8678 -54.8302 -3.2700
v 70.7245 -54.8302 -3.6851
v 72.8071 -54.8302 -4.1295
v 54.4631 -53.5499 -2.6302
v 55.7149 -52.4487 -3.4545
v 58.2245 -51.6001 -4.0936
v 59.8721 -51.5061 -4.4888
v 69.0602 -52.3302 -3.4299
v 70.5418 -52.4467 -4.5008
v 72.4654 -53.3576 -4.5710
v 54.3495 -48.7788 -2.5770
v 55.9131 -49.6994 -2.9705
v 58.6608 -49.3696 -3.5320
v 59.7202 -49.6328 -3.5223
v 68.9230 -49.9466 -3.8067
v 69.5866 -50.8576 -4.7017
v 54.3495 -48.3890 -2.5770
v 56.2053 -47.3074 -3.6501
v 58.0184 -47.6249 -3.3796
v 59.5683 -48.4928 -2.5559
v 63.6680 -46.3393 -2.7863
v 64.9201 -46.3393 -2.7863
v 68.5361 -47.3302 -3.7143
v 56.8464 -45.9108 -4.5354
v 58.1556 -45.1628 -3.7070
v 60.7245 -44.7183 -3.7143
v 62.9906 -45.4999 -3.6575
v 65.7419 -45.3288 -3.6575
v 67.8338 -45.5241 -3.7143
v 64.4233 -41.2154 -4.9011
v 65.7245 -41.1914 -4.9126
v 66.9791 -41.0933 -4.9586
v 64.2552 -39.8302 -4.6964
v 65.7245 -39.8302 -4.5936
v 67.0470 -39.8302 -4.8615
v 64.2333 -38.3292 -4.6703
v 65.7245 -38.3086 -4.6453
v 67.0666 -38.4692 -4.8329
v -58.3218 33.1994 -2.7908
v -56.7755 32.9922 -2.7734
v -55.4561 33.4034 -2.5500
v -58.3218 34.2556 -2.7908
v -56.7755 34.2392 -2.7734
v -55.4561 34.0099 -2.5500
v -63.1167 38.8570 -2.4924
v -61.7755 38.7528 -2.5545
v -59.8749 38.7598 -2.5564
v -41.3219 38.5601 -2.8088
v -40.1749 38.5601 -2.8088
v -65.6646 41.2698 -2.5148
v -64.1943 40.1768 -2.5036
v -61.7755 39.2648 -2.5545
v -59.8749 39.2158 -2.5564
v -48.1720 41.3382 -3.7143
v -46.8482 41.2076 -3.6152
v -44.4000 40.8952 -3.6958
v -41.9127 40.0919 -3.7423
v -39.3151 39.9008 -3.6710
v -36.8619 40.8284 -3.7390
v -35.2954 41.1143 -4.5889
v -65.6666 42.6698 -2.5084
v -65.3094 42.6698 -2.5084
v -49.0122 42.6698 -3.7143
v -46.0634 42.0793 -2.7158
v -44.4000 41.9484 -3.6958
v -42.5035 41.8176 -4.6758
v -36.0862 42.2060 -2.9222
v -34.5607 43.0564 -3.9338
v -32.8676 43.9068 -4.9454
v -65.5746 43.9286 -2.4727
v -65.4910 43.9286 -2.4727
v -48.8657 44.8325 -3.7143
v -47.1111 46.0825 -3.7143
v -33.9781 45.1698 -3.3565
v -31.9308 44.9627 -4.2155
v -29.8359 45.6579 -4.1934
v -46.9570 47.6698 -3.7143
v -35.5298 48.9182 -4.9632
v -34.4211 48.2048 -3.9494
v -31.7755 47.6698 -3.6316
v -29.6895 47.6698 -4.1569
v -46.4410 50.2320 -3.5131
v -44.2755 50.8400 -4.0606
v -42.5571 50.9597 -4.5113
v -35.5298 48.9206 -4.9632
v -34.2946 49.6344 -4.0212
v -31.9464 50.0320 -4.4612
v -30.1004 49.1069 -4.6587
v -48.1176 53.7599 -2.5491
v -46.5642 52.8239 -2.9184
v -43.8562 53.1249 -3.5439
v -42.6929 52.8599 -3.5678
v -33.4332 52.6191 -3.7899
v -32.8936 51.7520 -4.6736
v -48.1176 54.0556 -2.5491
v -46.2689 55.1951 -3.7211
v -44.4768 54.9163 -3.4669
v -41.7135 55.1948 -2.5689
v -39.2755 56.1117 -2.7902
v -37.4787 56.1084 -2.8495
v -33.8210 55.1698 -3.7143
v -45.5935 56.5085 -4.7214
v -44.3087 57.1747 -3.8186
v -41.5692 57.3652 -3.4939
v -39.2755 57.0967 -4.0402
v -36.6974 57.1487 -3.6954
v -34.6921 56.9587 -3.7143
v -38.0767 61.2733 -4.8979
v -36.7755 61.2524 -4.8927
v -35.5021 61.3430 -4.9352
v -38.1926 62.6698 -4.7497
v -36.7755 62.6698 -4.6161
v -35.4264 62.6698 -4.8307
v -38.1971 64.0981 -4.7445
v -36.7755 64.1437 -4.6877
v -35.4168 64.0401 -4.8153
v 44.4593 -71.0930 -0.0702
v 45.7245 -71.3387 -0.5630
v 47.3418 -71.4121 -0.6566
v 36.8321 -68.6692 -0.0259
v 38.2245 -68.6875 -0.0778
v 39.6229 -68.6343 -0.0541
v 43.9087 -69.9945 -1.0279
v 45.7245 -70.5508 -1.8130
v 47.3277 -69.7424 -1.3797
v 36.4499 -67.3302 -0.1971
v 38.2245 -67.3302 -0.6324
v 40.5636 -67.2952 -0.4755
v 43.1773 -67.3142 -1.1011
v 45.7245 -67.0015 -1.4854
v 47.1376 -67.5514 -0.9800
v 51.6173 -66.3556 -0.3134
v 53.2245 -66.5930 -0.6039
v 54.7939 -66.4886 -0.4679
v 34.1320 -64.2436 -0.3795
v 35.6403 -64.9783 -0.7053
v 38.4132 -64.6199 -1.7506
v 40.7245 -64.9985 -1.7860
v 43.2572 -64.6752 -1.6895
v 45.7245 -64.8302 -0.7262
v 48.0048 -64.6819 -0.0590
v 50.7602 -64.6819 -0.4180
v 53.4364 -64.6196 -0.6728
v 54.7939 -65.3126 -0.4679
v 59.4611 -63.5980 -2.3719
v 60.5910 -63.9639 -1.4089
v 62.5688 -64.0465 -1.2143
v 33.9319 -62.3302 -0.4911
v 35.9072 -62.1558 -1.7284
v 38.3293 -62.2602 -2.1784
v 40.7245 -61.8390 -1.8590
v 43.1873 -62.3118 -1.2665
v 45.5718 -62.2915 -0.7294
v 48.2245 -62.3302 -0.7175
v 50.7245 -62.3302 -0.8874
v 53.6444 -61.8170 -1.3067
v 54.6148 -61.1326 -2.1965
v 58.9011 -62.4219 -1.4089
v 59.6687 -63.3163 -0.7053
v 63.7889 -62.1558 -1.2647
v 64.6543 -61.2062 -2.1316
v 31.9045 -58.8651 -0.1519
v 33.2460 -59.7512 -0.6630
v 35.4497 -59.8302 -1.9470
v 38.6195 -59.8180 -1.2785
v 40.7245 -60.6975 -0.6090
v 42.2623 -61.0070 -0.3002
v 46.4075 -59.8302 -0.4950
v 48.0455 -59.8750 -0.5400
v 50.8417 -59.8750 -0.7344
v 53.3532 -60.3173 -1.3631
v 55.5587 -60.3361 -1.3036
v 57.5179 -60.2352 -1.2143
v 61.7754 -58.8391 -0.4243
v 63.3134 -59.7356 -0.5471
v 65.1943 -59.8302 -1.5979
v 31.8868 -57.3302 -0.1471
v 33.2245 -57.3302 -0.8795
v 35.8220 -57.5424 -1.6309
v 37.7174 -57.5424 -1.0450
v 46.8896 -58.5336 -0.0511
v 47.0929 -58.5336 -0.0511
v 51.7531 -58.3700 -0.4240
v 53.2174 -57.2539 -1.2204
v 54.8886 -56.1377 -2.0167
v 61.7754 -58.2186 -0.4243
v 63.2245 -58.2985 -0.3174
v 65.9657 -57.6987 -0.9723
v 67.3624 -56.8311 -1.9695
v 31.9275 -56.0092 -0.0205
v 33.2245 -55.7607 -0.2215
v 35.9064 -54.8672 -0.2735
v 38.2595 -55.0062 -0.4410
v 40.0166 -54.2902 -0.5302
v 54.4165 -54.8668 -1.3956
v 55.0827 -54.8668 -1.3956
v 66.6769 -55.8965 -0.3028
v 67.9692 -54.9700 -1.1674
v 36.8609 -53.1391 -0.0583
v 38.2245 -52.6855 -0.4593
v 40.0166 -52.8284 -0.5302
v 54.4631 -53.5499 -2.4412
v 55.6396 -52.5620 -1.4504
v 69.1231 -52.5272 -1.2742
v 69.6960 -51.8252 -0.4807
v 54.1467 -49.0467 -1.2143
v 55.3292 -50.2967 -1.2143
v 59.2776 -48.7218 -1.2143
v 59.7044 -48.7218 -1.2143
v 66.6025 -49.0914 -0.4546
v 68.3599 -49.9641 -1.3010
v 69.6960 -50.8368 -0.4807
v 54.1467 -48.0914 -1.2143
v 55.7245 -47.3738 -1.2143
v 58.4199 -47.4185 -1.6493
v 60.4611 -47.3405 -1.4407
v 62.9906 -46.5621 -1.3771
v 65.7613 -47.2612 -1.3523
v 67.6879 -47.3302 -2.0463
v 58.9429 -45.3895 -2.2292
v 60.7245 -45.5471 -2.1790
v 62.0013 -46.0601 -2.3189
v 66.5868 -45.8786 -2.2501
v 67.4659 -45.8786 -2.2501
v -58.0551 31.3938 -0.2301
v -56.7755 31.1071 -0.7322
v -55.0906 31.0288 -0.7223
v -65.6967 33.8042 -0.0399
v -64.2755 33.7618 -0.1324
v -62.7920 33.8247 -0.1128
v -58.5584 32.4875 -1.1238
v -56.7755 31.7422 -1.9822
v -55.1018 32.6099 -1.4191
v -66.0864 35.1698 -0.2485
v -64.2755 35.1698 -0.7019
v -61.8854 35.1819 -0.5146
v -59.2881 35.1395 -1.0867
v -56.7755 35.4892 -1.4453
v -55.3048 34.9738 -0.9898
v -50.8776 36.1784 -0.2501
v -49.2755 35.8778 -0.5977
v -47.6576 35.9385 -0.5230
v -68.3146 38.3016 -0.3447
v -66.8715 37.5488 -0.6814
v -64.0802 37.8821 -1.7268
v -61.7755 37.5028 -1.7908
v -59.1352 37.8238 -1.7362
v -56.7755 37.6698 -0.7814
v -54.4676 37.7902 -0.0884
v -51.7368 37.7902 -0.3812
v -49.2755 37.6698 -0.8606
v -47.7322 37.6698 -0.4078
v -41.6023 38.3733 -1.2143
v -39.8206 38.3733 -1.2143
v -68.4505 40.1698 -0.3885
v -66.6089 40.3298 -1.6106
v -64.1943 40.1768 -1.9846
v -61.7755 40.5148 -1.4647
v -59.2909 40.1080 -1.2209
v -56.9264 40.1680 -0.8075
v -54.2755 40.1698 -0.7470
v -51.7755 40.1698 -0.9134
v -48.7340 40.5569 -1.0826
v -47.8662 40.2693 -0.9959
v -43.7934 40.4300 -1.2143
v -42.8523 39.1800 -1.2143
v -38.5734 40.2984 -1.1657
v -37.7529 41.2174 -1.9666
v -70.5306 43.8892 0.0210
v -69.1920 42.9014 -0.4942
v -66.9166 42.6698 -1.8657
v -63.9935 42.5728 -1.0818
v -61.7755 41.6355 -0.2147
v -60.3735 41.4523 -0.1024
v -56.1937 42.2423 -0.5880
v -54.2755 42.2847 -0.6237
v -51.6089 42.6182 -0.6302
v -49.1372 42.1618 -1.2007
v -46.8482 42.0171 -1.1826
v -45.0434 42.1178 -1.2143
v -40.6745 43.7236 -0.5402
v -39.1373 42.8021 -0.5380
v -36.8619 42.8915 -1.6753
v -35.4927 43.8727 -2.4358
v -70.5306 44.2431 0.0210
v -69.5116 45.1138 -0.5582
v -66.5549 44.9251 -1.6082
v -64.7878 44.9251 -1.0231
v -50.6644 44.0301 -0.2178
v -49.4483 44.9154 -1.1164
v -47.6097 46.3315 -1.2143
v -40.6745 44.2246 -0.5402
v -39.2755 44.1853 -0.4296
v -36.6568 44.9493 -0.6508
v -35.2281 45.1698 -2.0391
v -68.8357 46.7611 -0.2563
v -66.5324 47.6246 -0.2039
v -64.1677 47.4508 -0.3740
v -62.4456 48.1381 -0.5397
v -46.6647 47.8862 -0.9757
v -44.9150 48.8638 0.0167
v -35.7443 46.5758 -0.2591
v -34.2395 47.7097 -1.0141
v -32.9746 48.8437 -0.1024
v -65.5370 48.9661 0.0262
v -64.2755 49.5269 -0.4030
v -62.4456 49.6830 -0.5397
v -46.3153 49.9432 -0.9757
v -44.9150 48.9588 0.0167
v -33.3750 50.1698 -1.7121
v -32.8104 50.1698 -0.4621
v -48.2977 53.4846 -1.2143
v -47.1729 52.2346 -1.2143
v -43.3125 53.7290 -1.2143
v -42.6432 53.7290 -1.2143
v -35.8684 53.3382 -0.4119
v -34.0667 52.4974 -1.2843
v -32.7895 51.6566 -0.4900
v -48.2977 54.3123 -1.2143
v -46.7755 54.9536 -1.2143
v -44.1061 55.0646 -1.6556
v -41.7668 55.2606 -1.6556
v -39.2755 55.6066 -1.2143
v -36.6735 55.2213 -1.3577
v -34.7476 55.1698 -2.0544
v -43.4975 56.9892 -2.2440
v -42.2650 56.9892 -2.2440
v -35.8121 56.5649 -2.3035
v -35.0803 56.5649 -2.3035
v 44.4593 -71.0930 0.0598
v 45.7245 -71.3387 0.3300
v 47.3418 -71.4121 0.4040
v 36.3892 -68.9936 1.2857
v 38.2245 -69.1582 1.2857
v 39.7644 -68.7448 1.2857
v 44.0909 -69.6148 1.0502
v 45.5183 -69.6148 1.4504
v 47.3888 -69.8302 0.5360
v 34.3479 -66.4762 2.0368
v 35.1721 -67.3178 1.2364
v 41.0144 -67.8241 1.2857
v 42.7564 -67.8241 1.2857
v 46.2142 -68.0327 2.0011
v 47.4857 -67.2517 1.2149
v 51.2102 -66.4916 1.2857
v 53.2245 -67.2956 1.2857
v 55.0705 -66.8842 1.2857
v 34.1306 -64.9783 1.2364
v 34.7508 -65.9103 0.3702
v 48.7247 -65.4253 1.2857
v 49.9602 -65.4253 1.2857
v 54.2833 -63.7291 1.2857
v 55.0705 -64.9791 1.2857
v 61.3354 -63.9068 0.5943
v 62.4788 -63.9068 0.5943
v 33.5359 -62.3302 1.2857
v 39.3008 -61.5143 2.2314
v 40.7245 -61.7308 1.7874
v 43.1472 -61.9240 1.1197
v 45.0250 -61.8099 1.2857
v 54.2604 -62.2959 1.2963
v 55.7245 -61.3553 2.2242
v 58.2659 -61.4374 1.5258
v 60.4251 -62.2075 1.3707
v 62.7764 -62.3302 0.7882
v 31.9166 -58.8212 1.2857
v 32.6207 -60.0712 1.2857
v 39.2598 -59.9634 1.2275
v 40.4103 -60.0916 1.1172
v 42.2623 -61.0070 0.1757
v 46.3640 -59.9071 1.1043
v 48.0455 -59.2334 1.1043
v 49.9758 -58.9882 1.2857
v 54.3727 -60.9668 0.4701
v 55.7245 -60.7521 0.9742
v 57.4602 -60.7562 0.8526
v 61.0740 -59.7356 1.3026
v 62.5394 -60.5058 0.4805
v 31.9000 -57.4700 1.3587
v 32.0774 -56.7299 2.2406
v 39.0140 -57.3302 0.3206
v 40.1653 -57.3302 1.5706
v 46.8896 -58.5336 0.1500
v 47.0929 -58.5336 0.1500
v 51.2257 -57.4541 1.4087
v 53.4104 -56.4976 1.3301
v 54.8465 -56.2917 2.0027
v 59.1158 -56.2498 2.3764
v 60.7872 -57.2342 1.3776
v 63.2245 -57.0485 0.7555
v 65.0103 -56.8996 0.6525
v 31.9275 -56.0092 0.5740
v 33.0363 -55.5157 1.3587
v 35.1397 -54.1779 1.2857
v 39.1161 -55.9568 0.2276
v 40.3831 -55.0062 1.1508
v 51.7247 -55.9032 2.3241
v 53.4104 -55.9510 1.3301
v 55.8949 -55.1558 1.0284
v 58.2593 -55.0197 1.4829
v 60.9501 -54.6316 1.6777
v 63.2245 -55.3076 2.0055
v 65.8551 -55.0139 1.5331
v 67.7745 -54.2299 0.7471
v 36.3740 -52.3156 1.1344
v 38.2245 -51.4355 0.3011
v 40.3508 -52.1292 1.1493
v 56.6326 -52.3302 0.3055
v 58.2245 -52.3302 0.7624
v 60.9501 -52.3493 1.8639
v 63.2245 -51.6613 2.2510
v 65.8098 -52.2760 1.8990
v 68.4545 -52.5272 0.7509
v 69.6960 -51.8252 0.3049
v 36.7535 -50.8249 1.8669
v 38.2245 -50.6964 1.5511
v 39.8250 -50.8238 1.8916
v 54.1624 -49.0036 0.3354
v 55.7196 -49.8342 0.5901
v 58.3467 -49.6405 0.7440
v 60.5967 -49.8526 1.5327
v 63.2245 -50.8017 2.2510
v 65.6798 -49.9280 1.2328
v 68.2245 -50.6561 0.3962
v 69.6960 -50.8368 0.3049
v 54.1624 -48.1198 0.3354
v 55.7245 -47.9957 0.4727
v 57.5948 -48.2614 0.3187
v 61.1574 -47.1450 1.1087
v 63.2323 -46.6357 1.1087
v 65.0325 -47.9436 1.2857
v 61.7017 -45.8755 1.8241
v 62.4042 -45.8755 1.8241
v -58.0551 31.3938 0.0870
v -56.7755 31.1071 0.3840
v -55.0906 31.0288 0.4488
v -66.1362 33.4531 1.2857
v -64.2755 33.2011 1.2857
v -62.6109 33.6677 1.2857
v -58.3943 32.9046 1.0665
v -57.0044 32.9046 1.5236
v -55.0480 32.6698 0.6071
v -68.0930 36.1565 2.1958
v -67.3601 35.2618 1.3318
v -61.3609 34.6286 1.2857
v -59.7142 34.6286 1.2857
v -56.3236 34.3571 2.0511
v -54.5430 35.3796 1.4290
v -51.7368 36.0856 1.4984
v -49.2755 35.1024 1.2857
v -47.3728 35.5069 1.2857
v -68.2757 37.5488 1.3318
v -67.7689 36.6349 0.5292
v -53.7623 37.0371 0.8069
v -52.5443 37.0371 0.8069
v -48.1314 38.8518 1.9909
v -47.4894 37.8790 1.2088
v -41.1647 38.5509 0.6329
v -39.9362 38.5509 0.6329
v -68.8371 40.1698 1.2857
v -61.3379 40.9254 1.7659
v -59.4343 40.4503 1.0738
v -57.4084 40.5787 1.2857
v -48.1072 40.0117 1.1374
v -47.3013 40.2080 1.3241
v -44.2358 41.0408 1.5173
v -41.9995 40.2763 1.3950
v -39.5983 40.1698 0.8246
v -70.5306 43.8892 0.1784
v -69.9419 42.9014 1.1213
v -63.2602 43.3415 0.1869
v -61.8860 42.3969 0.9764
v -60.3735 41.4523 0.0992
v -56.1584 42.1902 1.2857
v -54.2755 42.9877 1.2857
v -52.4095 43.4673 1.2857
v -48.0830 41.4846 0.2839
v -46.7755 41.6718 0.8239
v -45.0426 41.6909 0.8384
v -41.2680 42.8021 1.3085
v -39.8785 42.0569 0.4904
v -70.5306 44.2431 0.1784
v -70.3440 45.1138 1.1213
v -63.3792 45.1698 0.2122
v -62.2716 45.1698 1.4622
v -51.1361 44.9859 1.4491
v -49.2848 45.8333 1.4491
v -47.6023 46.2289 1.2857
v -43.5709 46.2456 2.3089
v -41.6566 45.2351 1.3524
v -39.2755 45.4353 0.8512
v -37.4110 45.6357 0.7627
v -69.0776 47.0091 1.2857
v -67.2195 48.2591 1.2857
v -63.2625 46.4714 0.1198
v -62.0739 47.4508 1.0861
v -50.6978 46.5543 2.3913
v -50.1244 46.5543 2.3913
v -46.3523 47.0405 1.2857
v -44.2430 47.6669 1.1768
v -41.7755 47.6698 1.3572
v -39.4745 47.5169 2.1598
v -36.6096 47.4121 1.5793
v -34.2755 48.3547 0.6145
v -32.9746 48.8437 0.1139
v -65.9742 49.9476 1.2327
v -64.2755 50.7769 0.4050
v -62.1117 50.3777 1.1341
v -45.9909 50.6254 0.3997
v -44.1592 49.9432 0.5873
v -41.5323 50.3495 1.8406
v -39.6307 50.4110 2.3917
v -36.6951 50.2796 1.8899
v -34.2755 50.1698 0.9237
v -32.8104 50.1698 0.3002
v -65.6813 51.5986 2.0306
v -64.2755 51.7439 1.6550
v -62.6747 51.6730 1.8664
v -48.2964 53.4994 0.3078
v -46.8047 52.6676 0.5568
v -44.2016 52.8438 0.7213
v -42.0955 52.8438 1.3635
v -38.8209 51.6479 2.2947
v -36.7961 52.4930 1.2341
v -34.2755 51.7862 0.3449
v -32.7895 51.6566 0.3102
v -48.2964 54.3073 0.3078
v -46.7755 54.4117 0.4140
v -44.9856 54.1880 0.2680
v -41.2060 55.2669 1.2023
v -39.2964 55.7988 1.2023
v -37.4314 54.5846 1.2857
v -40.7210 56.5686 1.9800
v -40.1437 56.5686 1.9800
v 36.3365 -69.0425 3.0768
v 38.2245 -69.0510 3.1655
v 39.7126 -68.7457 2.8344
v 44.4210 -68.6378 2.5675
v 44.5475 -68.6378 2.5675
v 34.3479 -66.4762 2.7005
v 35.5917 -67.3178 3.2419
v 38.2245 -67.3302 3.8607
v 40.6174 -67.2605 3.1777
v 43.4424 -67.2605 3.1201
v 45.5044 -67.1635 3.6983
v 47.8803 -66.4551 3.7857
v 51.3126 -66.3534 2.7676
v 53.2245 -66.7828 3.0425
v 54.9498 -66.7438 2.9795
v 34.3016 -64.8302 2.7272
v 35.7245 -64.8302 3.1377
v 38.2245 -64.8302 3.3358
v 40.7245 -64.8302 3.5224
v 43.2245 -64.8302 3.8755
v 44.9131 -64.8302 4.5285
v 49.1752 -64.9546 3.9834
v 50.5774 -64.9546 3.3149
v 53.3596 -64.6599 3.1335
v 54.9498 -65.3797 2.9795
v 34.1156 -62.0965 3.5900
v 35.5749 -62.0965 3.9835
v 38.3703 -62.3407 2.9674
v 40.7245 -62.9808 2.9439
v 43.2245 -63.1208 3.1689
v 45.7261 -62.4530 3.6688
v 48.4506 -62.3551 4.4700
v 50.7245 -62.3302 4.0855
v 53.3596 -62.2959 3.0291
v 55.7245 -61.3553 2.6021
v 58.2245 -61.0996 2.5604
v 59.5148 -61.0988 2.5575
v 31.9673 -58.6166 2.6000
v 32.7781 -59.6021 3.5743
v 36.3085 -60.9475 4.7820
v 38.3703 -60.7347 3.8835
v 40.7846 -59.3930 3.8604
v 42.0719 -58.7113 4.7435
v 46.7130 -60.7917 2.7714
v 48.2245 -60.2782 3.1440
v 50.5652 -59.5840 3.8689
v 53.2839 -59.7532 4.1820
v 55.6876 -59.6977 3.9341
v 58.1566 -59.6977 3.8265
v 59.7482 -59.8302 2.8909
v 31.9673 -58.3966 2.6000
v 32.5801 -57.4700 3.5743
v 41.3521 -57.2652 3.8604
v 42.0719 -58.0552 4.7435
v 50.3684 -57.3302 3.7857
v 54.1372 -57.2282 3.8360
v 55.4825 -56.8994 4.1648
v 58.1969 -57.0792 3.9049
v 59.7991 -57.9165 2.9875
v 33.9280 -54.7714 3.8354
v 34.6417 -53.8988 3.0352
v 41.3828 -55.0147 3.7024
v 43.2245 -54.1656 4.5620
v 44.5352 -53.6365 4.9596
v 51.1992 -54.9740 3.9189
v 53.1324 -55.0806 3.8677
v 55.8089 -55.9520 3.8582
v 57.4492 -55.9794 3.1556
v 61.9338 -53.6658 2.5676
v 63.2245 -54.0576 2.7241
v 65.0333 -54.1312 2.7550
v 34.3879 -53.1637 4.7018
v 35.6976 -52.1638 3.9544
v 37.0411 -51.1640 4.8736
v 41.4133 -52.3302 2.9953
v 43.2245 -52.3302 4.0055
v 44.6673 -52.3302 4.7959
v 51.6719 -53.4628 4.8411
v 52.1472 -53.4628 4.8411
v 61.9338 -53.1954 2.5676
v 63.2245 -52.9113 2.7241
v 65.0333 -53.0732 2.7550
v 36.7535 -50.8249 3.2069
v 38.0481 -49.9911 3.9664
v 40.7139 -49.8451 3.7983
v 43.2245 -50.5103 4.4792
v 44.6709 -50.8675 4.7921
v 61.5061 -49.3579 3.3140
v 63.2245 -49.5517 3.3743
v 64.7571 -49.0979 2.8755
v 39.0552 -47.7992 4.7259
v 39.9361 -47.7992 4.7259
v 61.4186 -47.3302 3.2935
v 63.2323 -47.3092 3.3458
v 64.7571 -48.1285 2.8755
v 61.7017 -45.8755 2.7677
v 62.4042 -45.8755 2.7677
v -66.1686 33.4131 3.0891
v -64.2755 33.3590 3.2581
v -62.7062 33.6788 2.9455
v -58.0482 33.8945 2.5488
v -57.9903 33.8945 2.5488
v -68.0930 36.1565 2.6273
v -66.9114 35.2618 3.1920
v -64.2755 35.1698 3.9553
v -61.8339 35.2247 3.2733
v -59.0391 35.2247 3.1109
v -57.0181 35.2670 3.6790
v -54.0644 36.0258 3.7608
v -51.7755 36.1830 3.0114
v -49.2755 35.6444 3.0625
v -47.5232 35.6839 2.9790
v -68.1214 37.6698 2.6498
v -66.7755 37.6698 3.0221
v -64.2755 37.6698 3.2711
v -61.7755 37.6698 3.4606
v -59.2755 37.6698 3.7243
v -57.5200 37.6698 4.4125
v -53.0749 37.6698 4.6906
v -51.7755 37.6698 3.8699
v -49.0890 37.8790 3.1451
v -47.5232 37.1852 2.9790
v -68.4321 40.3748 3.5720
v -66.6600 40.3748 4.0426
v -64.2755 40.1698 3.1633
v -62.0130 40.1232 2.8134
v -59.2755 39.2727 3.0151
v -56.6828 39.9754 3.5664
v -54.0261 40.1076 4.4941
v -51.7755 40.1698 4.1753
v -49.0890 40.0630 3.0594
v -46.7755 40.9653 2.6374
v -44.2755 41.3326 2.6502
v -42.8343 41.3150 2.6710
v -69.5174 42.6698 3.7857
v -65.7498 41.4557 4.9390
v -64.2755 41.6447 4.3751
v -61.8860 42.6938 3.5867
v -60.3672 43.7039 4.5885
v -55.7012 41.6244 2.7015
v -54.2755 42.1227 3.1101
v -51.9146 42.8645 3.8898
v -49.1362 42.7139 4.2606
v -46.8846 42.7932 4.0063
v -44.3039 42.7932 3.9494
v -42.5919 42.6698 3.0398
v -69.5682 45.1698 3.7857
v -61.0216 45.1698 3.4324
v -60.3973 45.1698 4.6824
v -52.0149 45.1698 3.7857
v -48.3339 45.1864 3.8629
v -47.0419 45.5065 4.0856
v -44.3636 45.3627 3.8017
v -42.6386 44.5789 3.0726
v -68.4437 47.6864 4.0059
v -67.7727 48.5309 3.3193
v -61.0209 47.6698 3.3317
v -59.5179 47.8425 4.5734
v -57.8873 48.7911 4.8706
v -51.1640 47.5005 3.9528
v -49.4261 47.4124 3.8861
v -46.6674 46.5369 3.7028
v -45.2376 46.4700 2.8641
v -38.7738 48.2484 2.7607
v -37.4749 48.2484 2.7607
v -68.0374 48.9797 4.9860
v -66.7270 50.1511 4.0590
v -65.4564 51.3224 4.7986
v -61.0681 50.1698 2.9984
v -59.2755 50.1698 3.9391
v -57.7659 50.1698 4.7263
v -50.7154 48.9997 4.8975
v -50.3946 48.9997 4.8975
v -40.5369 51.3026 2.5478
v -39.6307 50.4110 2.6543
v -37.4749 49.5194 2.7607
v -65.6813 51.5986 3.1319
v -64.4437 52.4692 3.9303
v -61.7521 52.6700 3.8147
v -59.2755 52.0101 4.4990
v -57.8175 51.6264 4.7883
v -40.8477 52.6698 3.0943
v -39.5027 52.5567 3.1974
v -37.7238 53.3146 2.8937
v -63.4310 54.6022 4.7286
v -62.4963 54.6022 4.7286
v -40.9858 55.1698 3.2174
v -39.2964 55.2029 3.2958
v -37.7238 54.3917 2.8937
v -40.7210 56.5686 2.7119
v -40.1437 56.5686 2.7119
v 46.4612 -66.2943 5.3484
v 47.5660 -66.2943 5.3484
v 46.1631 -64.8302 5.5968
v 48.0131 -64.8302 5.5968
v 34.3819 -61.1107 6.2857
v 34.6612 -61.1107 6.2857
v 46.4059 -63.2050 5.4711
v 47.7679 -63.2050 5.4711
v 33.2777 -59.8302 6.2857
v 35.9112 -60.8437 6.2857
v 38.2487 -59.7031 6.2854
v 40.7245 -59.0686 5.4551
v 42.0719 -58.7113 5.1787
v 51.5995 -58.8685 5.3609
v 52.4901 -58.8685 5.3609
v 56.4963 -58.7761 5.1791
v 57.2780 -58.7761 5.1791
v 33.5349 -57.3200 6.1593
v 34.9596 -56.4799 6.9084
v 39.0981 -58.1332 7.1185
v 40.9394 -57.2609 6.1486
v 42.0719 -58.0552 5.1787
v 51.1384 -57.3302 5.8878
v 53.2839 -57.3309 6.0107
v 55.8005 -57.2033 5.3519
v 57.2780 -57.9086 5.1791
v 34.3193 -54.6915 6.1593
v 34.9596 -55.4324 6.9084
v 41.6718 -55.8814 6.2857
v 43.2352 -54.4550 6.1434
v 44.5352 -53.6365 5.2153
v 51.1927 -54.8302 5.8277
v 53.0781 -54.9869 5.9627
v 55.1047 -55.9246 5.5246
v 34.3747 -52.3303 6.5280
v 35.7245 -51.4556 6.0679
v 37.0411 -51.1640 5.5914
v 43.9245 -52.3302 6.8347
v 44.6673 -52.3302 5.5847
v 51.6719 -53.4628 5.2809
v 52.1472 -53.4628 5.2809
v 34.4732 -51.0789 7.5229
v 35.7245 -50.9806 7.3179
v 37.3887 -50.0013 6.3691
v 41.5715 -49.0563 6.2857
v 43.2738 -50.3334 6.3672
v 44.6709 -50.8675 5.5882
v 38.6923 -47.3788 6.2857
v 40.3215 -47.3788 6.2857
v -56.0458 36.1768 5.3762
v -54.7570 36.1768 5.3762
v -56.2700 37.6698 5.5708
v -54.3249 37.6698 5.5708
v -68.3094 41.3105 6.2857
v -67.2264 41.3105 6.2857
v -55.9979 39.2328 5.4087
v -54.6932 39.2328 5.4087
v -69.2378 42.6698 6.2857
v -65.9764 41.5144 6.2857
v -64.2257 42.6538 6.2989
v -61.7755 43.3308 5.5316
v -60.3672 43.7039 5.2581
v -50.9308 43.5766 5.4170
v -49.8768 43.5766 5.4170
v -46.1241 43.7088 5.1917
v -45.1562 43.7088 5.1917
v -68.8236 45.1518 6.1445
v -67.4545 45.9731 6.8836
v -63.3592 44.3251 7.1411
v -61.7755 44.8208 6.7816
v -60.4104 45.3974 6.1692
v -51.3559 45.1698 5.8897
v -49.1362 45.0831 6.0587
v -46.8150 45.1693 5.3969
v -45.1562 44.4798 5.1917
v -68.1278 47.8348 6.1445
v -67.4545 47.1115 6.8836
v -59.1867 47.8425 6.2651
v -57.8873 48.7911 5.4180
v -51.1943 47.6698 5.7348
v -49.4469 47.5302 5.9348
v -47.5059 46.6039 5.6021
v -68.0841 49.2756 6.2857
v -66.6334 50.6460 6.4246
v -65.4564 51.3224 5.6839
v -58.4743 50.1698 6.9927
v -57.7659 50.1698 5.7427
v -50.7154 48.9997 5.2105
v -50.3946 48.9997 5.2105
v -65.7053 51.4854 7.3506
v -65.0533 52.4591 6.4246
v -60.8617 53.5316 6.2857
v -59.2031 52.2332 6.3719
v -57.8175 51.6264 5.5961
v -63.7370 54.9801 6.2857
v -62.1117 54.9801 6.2857
v 34.4211 -61.0938 7.5532
v 34.5561 -61.0938 7.5532
v 33.8301 -59.8302 7.8242
v 35.5235 -59.9707 8.0851
v 37.4315 -59.2310 8.0666
v 33.6687 -58.1465 7.9028
v 35.7656 -57.3200 8.2554
v 38.3077 -57.1989 8.7852
v 40.4012 -56.5082 8.7857
v 21.8725 -53.6137 10.0178
v 21.9979 -53.6137 10.0178
v 34.4078 -53.7330 8.7857
v 35.7656 -54.9833 8.7165
v 37.5173 -55.7150 9.5038
v 41.5095 -54.9867 8.9120
v 42.4091 -54.2577 8.1629
v 21.8725 -53.5423 10.0178
v 21.9979 -53.5423 10.0178
v 34.4204 -52.5481 8.5394
v 34.9358 -51.8599 9.2085
v 41.6306 -53.4933 9.8296
v 43.0292 -52.5281 8.9120
v 34.4732 -51.0789 7.5419
v 35.7513 -50.8264 8.5394
v 37.4607 -49.5139 8.7857
v 41.8089 -48.9288 8.1505
v 42.8246 -49.7894 8.9046
v 38.5975 -47.0877 8.5480
v 40.8751 -47.2709 8.6867
v 42.0680 -48.4491 9.8172
v 39.0312 -45.8413 9.2229
v 39.9412 -45.8413 9.2229
v 34.0174 -33.8512 9.9589
v 34.5745 -33.8512 9.9589
v 34.0174 -33.4730 9.9589
v 34.5745 -33.4730 9.9589
v -68.2419 41.3490 7.6208
v -67.5690 41.3490 7.6208
v -68.6832 42.6698 7.8582
v -66.7516 42.4739 8.1264
v -65.0258 43.1767 8.0901
v -68.6860 44.3064 7.8806
v -66.6829 45.1518 8.2430
v -64.1896 45.2707 8.7860
v -61.6243 46.0185 8.6972
v -60.5045 46.3824 7.8048
v -80.6867 48.8419 9.9974
v -80.4730 48.8419 9.9974
v -68.0917 48.7781 8.1747
v -66.8904 47.7543 8.8283
v -65.0201 46.7304 9.4818
v -60.9642 47.6698 9.5183
v -60.1115 47.6698 8.2683
v -80.6867 48.9931 9.9974
v -80.4730 48.9931 9.9974
v -68.0917 49.3343 8.1747
v -67.2573 50.1685 8.9191
v -60.9458 48.9783 9.9101
v -59.1580 50.1150 8.9905
v -57.9769 51.2518 9.7376
v -65.8397 51.6329 8.7857
v -65.0000 52.8829 8.7857
v -60.6832 53.6978 8.7857
v -59.2031 52.3184 8.8568
v -57.9769 51.5467 9.7376
v -63.8568 55.3586 8.6368
v -61.8843 55.3586 8.6368
v -63.4450 56.6321 9.3709
v -62.5799 56.6321 9.3709
v -68.5541 68.5741 9.9581
v -67.9188 68.5741 9.9581
v -68.5541 69.0222 9.9581
v -67.9188 69.0222 9.9581
v 36.6097 -56.2023 12.3213
v 38.3002 -56.3762 11.4071
v 40.7830 -56.3484 11.3397
v 42.0430 -56.1561 12.2090
v 19.3691 -53.7566 12.1662
v 20.9133 -53.9769 11.3140
v 22.2535 -53.9438 11.2857
v 34.4158 -53.8045 11.2857
v 35.7556 -55.0405 11.4071
v 37.5173 -55.7150 10.6546
v 41.5758 -54.5859 11.3397
v 42.0430 -55.2564 12.2090
v 19.1596 -52.3302 11.9837
v 20.9133 -52.5575 10.9121
v 22.3332 -52.5575 11.3537
v 34.4158 -53.4375 11.2857
v 35.3391 -52.1875 11.2857
v 41.6448 -52.5281 11.4575
v 42.7989 -51.8266 10.7387
v 19.1600 -50.2636 12.1692
v 20.7245 -50.1665 12.0333
v 22.2003 -50.6785 12.2323
v 36.5995 -49.9061 11.3891
v 37.4130 -49.1234 10.6247
v 41.6410 -49.8302 11.9284
v 42.6630 -49.8302 10.6784
v 16.2675 -46.6169 12.0504
v 17.7585 -46.6169 12.0504
v 21.2059 -46.5914 11.8480
v 22.5449 -46.5914 11.8480
v 36.5039 -47.3302 12.0740
v 37.5959 -47.3302 10.8240
v 41.6709 -47.4905 11.1569
v 42.1126 -47.4905 11.1569
v 16.2675 -45.3406 12.0504
v 17.7585 -45.3406 12.0504
v 20.9465 -44.8302 11.6077
v 22.9254 -44.8302 11.6077
v 33.6828 -44.2844 11.7514
v 35.6648 -45.0027 11.4628
v 38.2525 -44.9035 11.2005
v 40.7545 -45.4833 11.2888
v 42.1571 -45.7721 12.1243
v 21.0833 -42.3302 11.7651
v 22.9191 -42.3302 11.7651
v 31.6764 -41.7221 12.3333
v 32.9995 -42.4653 11.4875
v 35.8291 -42.1922 11.2295
v 37.4738 -42.9336 11.9032
v 21.3883 -40.5279 12.0578
v 22.5365 -40.5279 12.0578
v 31.4771 -39.8302 12.2798
v 33.4064 -39.6144 11.8749
v 35.6193 -39.7831 11.8394
v 38.2245 -39.5574 11.8244
v 39.8082 -39.2010 12.2197
v 31.6094 -38.0880 12.3969
v 33.3411 -37.4427 12.2824
v 35.4936 -37.5105 11.8042
v 38.1071 -37.3417 11.8353
v 39.8082 -38.1826 12.2197
v 31.1667 -34.2888 11.7943
v 33.1693 -34.9034 11.1477
v 35.5807 -34.8383 11.4090
v 37.1955 -35.8254 12.3168
v 31.1752 -32.3302 11.8058
v 33.1237 -32.4535 11.2158
v 34.8838 -33.1402 11.2857
v 39.3089 -31.6458 12.4480
v 39.6491 -31.6458 12.4480
v 31.7166 -30.9827 12.3039
v 32.2300 -30.9827 12.3039
v 39.3089 -30.9705 12.4480
v 39.6491 -30.9705 12.4480
v -65.9805 46.2361 12.2144
v -64.2222 46.0717 11.3429
v -61.6243 46.0889 11.1564
v -60.3863 46.2649 11.9036
v -83.1035 48.7788 12.2721
v -81.6222 48.4677 11.3775
v -80.1780 48.4604 11.2857
v -68.0302 48.8922 12.3632
v -66.9867 47.8113 11.4554
v -65.0201 46.7304 10.5477
v -60.8796 47.9092 11.1564
v -60.3863 47.2356 11.9036
v -83.2773 50.1698 12.1024
v -81.6222 49.9638 11.0004
v -80.0961 49.9638 11.3471
v -68.0302 48.9292 12.3632
v -67.1900 49.9254 11.4322
v -60.8933 49.9549 11.4677
v -59.2755 50.7127 10.6473
v -57.9769 51.2518 10.1311
v -83.2832 52.1390 12.2216
v -81.7755 52.2914 12.0643
v -80.2732 51.8626 12.2213
v -65.7579 52.5509 11.4305
v -65.1150 53.3050 10.6937
v -60.7597 52.9011 11.4677
v -59.2755 52.1166 10.6473
v -57.9769 51.5467 10.1311
v -86.1869 55.8366 12.0406
v -84.7744 55.8366 12.0406
v -81.2629 55.8648 11.7897
v -79.8535 55.8648 11.7897
v -66.0060 55.1698 12.0669
v -64.9073 55.1698 10.8169
v -60.8799 55.0683 11.2632
v -60.3141 55.8340 12.0816
v -86.1869 57.1029 12.0406
v -84.7744 57.1029 12.0406
v -81.4452 57.6698 11.6057
v -79.4803 57.6698 11.6057
v -68.7655 58.2189 11.7063
v -66.8615 57.4992 11.4005
v -64.2452 57.5609 11.1711
v -61.7582 57.0022 11.2632
v -60.3141 56.7748 12.0816
v -81.2682 60.1698 11.8356
v -79.5610 60.1698 11.8356
v -70.8808 60.8721 12.2998
v -69.4695 60.0912 11.4800
v -66.6411 60.3379 11.2538
v -65.0453 59.6166 11.9228
v -81.0269 61.9419 12.0962
v -79.9610 61.9419 12.0962
v -70.9919 62.6698 12.2716
v -69.1968 62.8268 11.9078
v -66.8354 62.6389 11.8558
v -64.2755 62.8186 11.7926
v -62.6651 63.1914 12.2104
v -70.7921 64.4188 12.4194
v -69.2670 65.1307 12.2550
v -66.9818 65.0734 11.7812
v -64.4382 65.1508 11.8531
v -62.6651 64.3049 12.2104
v -71.2895 68.1789 11.7627
v -69.3885 67.5432 11.0933
v -66.9263 67.5821 11.4064
v -65.3800 66.5901 12.3888
v -71.2037 70.1698 11.8491
v -69.4584 70.0370 11.2447
v -67.6267 69.3456 11.2857
v -63.1315 70.7175 12.4750
v -62.8908 70.7175 12.4750
v -70.6657 71.4770 12.3933
v -70.3627 71.4770 12.3933
v -63.1315 71.4924 12.4750
v -62.8908 71.4924 12.4750
v 36.2603 -56.5317 13.7857
v 38.2245 -56.8792 13.7857
v 40.7245 -56.5277 13.7857
v 42.0666 -56.1801 13.7857
v 19.3691 -53.7566 12.8988
v 20.9223 -53.9703 13.7536
v 22.2519 -53.9355 13.7857
v 34.3088 -54.0437 13.7857
v 35.0103 -55.2937 13.7857
v 41.9731 -53.5897 12.5424
v 42.1061 -54.5859 13.5397
v 19.0111 -52.4372 13.7536
v 20.2207 -53.3419 14.5655
v 22.6090 -52.3302 13.7857
v 34.3088 -53.2859 13.7857
v 35.3120 -52.0359 13.7857
v 41.8486 -52.0928 13.5397
v 42.0710 -52.7679 14.2091
v 18.6659 -49.5903 13.5437
v 20.7245 -48.9165 13.0366
v 22.3187 -49.8392 13.9284
v 31.5197 -48.9249 14.9082
v 33.2245 -49.1553 14.7607
v 35.5778 -49.8335 13.8922
v 41.4357 -49.8302 13.7857
v 14.3101 -46.7290 14.5055
v 15.5503 -47.2065 13.7176
v 18.2761 -47.5278 13.4145
v 20.5133 -47.3869 12.9830
v 22.6608 -47.3869 13.9284
v 31.6280 -47.3302 14.9357
v 33.2245 -47.3302 14.5073
v 35.2539 -47.3302 13.3573
v 41.4146 -47.3512 13.7346
v 42.1571 -46.5318 12.8673
v 14.3101 -45.7552 14.5055
v 15.5976 -44.7146 13.6190
v 18.4449 -44.6364 12.9115
v 19.6965 -44.8302 12.8579
v 24.0208 -44.7657 13.7111
v 25.2578 -43.8894 14.4947
v 31.9673 -46.0709 15.0298
v 33.0259 -45.1777 14.0334
v 34.7916 -45.9511 13.0370
v 39.1405 -43.9658 12.9371
v 41.0788 -44.8161 13.7997
v 42.1459 -44.8294 13.8096
v 16.5944 -43.1219 14.3991
v 18.2245 -42.7559 14.1972
v 19.8130 -42.1957 13.7468
v 24.1691 -42.3302 13.0500
v 25.9445 -42.5716 14.1127
v 28.2245 -41.9742 14.2656
v 30.7957 -41.8396 13.7540
v 32.3016 -42.9996 13.7857
v 36.7322 -41.2669 12.6990
v 38.2741 -42.1922 13.3114
v 40.5271 -42.2989 14.5432
v 42.1347 -43.1113 14.7520
v 20.8910 -39.7488 13.8356
v 23.3117 -39.7488 13.2431
v 25.7245 -39.8302 13.6828
v 28.2245 -39.8302 13.6493
v 30.2271 -39.8302 13.0117
v 34.3611 -38.6372 12.5709
v 35.6193 -39.7831 12.6350
v 38.2245 -40.8074 13.2042
v 39.8436 -39.9527 13.9725
v 21.5494 -37.3302 14.6190
v 23.2245 -37.3302 13.8170
v 25.8654 -37.2274 14.2387
v 28.2245 -37.5856 14.4194
v 30.7109 -37.1317 13.7455
v 33.3411 -37.4427 12.7944
v 34.5063 -38.4641 12.5709
v 38.6370 -36.6982 13.7857
v 39.8701 -37.9482 13.7857
v 21.8797 -35.9457 14.8136
v 23.3461 -34.9995 14.4768
v 25.2382 -34.8302 14.5037
v 30.7127 -35.0054 13.8250
v 32.3211 -35.9555 13.0179
v 36.5868 -34.1587 12.9270
v 38.0828 -35.0384 13.5932
v 40.0263 -34.2514 14.2593
v 24.2606 -33.4238 14.8482
v 24.8413 -33.4238 14.8482
v 30.8553 -32.1743 13.7333
v 33.1278 -31.6392 13.7333
v 35.8726 -32.3010 13.8953
v 38.3752 -32.4196 13.2015
v 40.2305 -32.4196 13.5699
v 31.7166 -30.9827 12.8650
v 32.2300 -30.9827 12.8650
v 36.8250 -30.9870 14.8637
v 38.3752 -30.7467 13.9325
v 40.0057 -30.7332 13.7857
v -66.2986 45.9246 13.7857
v -64.2755 45.5317 13.7857
v -61.7755 45.8092 13.7857
v -60.3251 46.2020 13.7857
v -83.1035 48.7788 12.8094
v -81.6458 48.4707 13.6999
v -80.1659 48.4641 13.7857
v -68.0901 48.7271 13.7857
v -67.5486 47.4771 13.7857
v -60.5307 48.9022 12.5596
v -60.3014 47.9092 13.5500
v -83.4215 50.0916 13.6999
v -82.3927 49.2061 14.4761
v -79.7508 50.1698 13.7857
v -68.0901 49.0452 13.7857
v -67.1372 50.2952 13.7857
v -60.6700 50.1698 13.0276
v -60.4209 50.1698 14.2776
v -83.8451 52.8513 13.5869
v -81.7755 53.5414 13.0224
v -80.1015 52.6855 13.8738
v -70.9372 53.4768 14.8882
v -69.2755 53.2746 14.7494
v -66.8633 52.6694 13.8951
v -60.8564 52.5110 13.9149
v -60.4924 51.5719 14.8343
v -88.1233 55.8152 14.6969
v -86.9223 55.2293 13.8324
v -84.2919 54.8967 13.4723
v -81.9679 55.0868 12.9978
v -79.7466 55.0868 13.8738
v -70.9372 54.6053 14.8882
v -69.3800 55.3311 14.6038
v -67.2560 55.1698 13.3564
v -60.9485 55.0683 13.7813
v -60.3141 55.8340 12.9450
v -88.1233 56.6094 14.6969
v -86.8281 57.6895 13.7920
v -84.0748 57.8297 13.0829
v -82.6952 57.6698 12.9561
v -78.4057 57.6923 13.6311
v -76.7755 58.6268 14.5247
v -75.5089 58.9082 15.0286
v -69.0577 57.4992 13.8328
v -67.7522 56.5522 13.0309
v -63.3787 58.4898 12.9642
v -61.3859 57.6340 13.8074
v -60.3094 57.6348 13.8051
v -85.8026 59.3525 14.5539
v -84.2755 59.8359 14.3789
v -82.6076 60.3930 13.7993
v -78.3110 60.1698 12.8912
v -76.7755 60.1698 13.7448
v -74.5156 60.1465 14.4218
v -71.7387 60.6454 13.7390
v -70.1226 59.5433 13.7857
v -65.7182 61.2833 12.6429
v -64.2374 60.3379 13.0925
v -61.8924 60.2294 14.3059
v -60.3048 59.4359 14.6651
v -81.5745 62.7330 13.8477
v -79.1868 62.7330 13.1776
v -76.7755 62.6698 13.6120
v -74.2755 62.6698 13.7152
v -72.2419 62.6698 13.0512
v -68.3110 63.7647 12.6395
v -66.8354 62.6389 12.6412
v -64.2755 61.5686 12.9104
v -62.5475 62.4828 13.7711
v -80.8649 65.1698 14.7659
v -79.2755 65.1698 13.9376
v -76.6280 65.2900 14.2172
v -74.2755 64.8437 14.4772
v -71.6689 65.3101 13.7366
v -69.2670 65.1307 12.7809
v -67.9526 64.1758 12.6395
v -63.7555 65.8866 13.7857
v -62.5944 64.6366 13.7857
v -80.5442 66.4464 14.9892
v -79.1058 67.4357 14.6298
v -77.3122 67.6698 14.5632
v -71.6700 67.4753 13.7677
v -70.2229 66.5123 12.9224
v -65.9338 68.2568 12.9418
v -64.3455 67.3841 13.5795
v -62.4129 68.1780 14.2171
v -78.1593 69.0191 14.9114
v -77.7370 69.0191 14.9114
v -71.5420 70.2952 13.6478
v -69.4278 70.7881 13.6478
v -66.5927 70.1638 13.9546
v -64.0891 69.9984 13.2472
v -62.2564 69.9984 13.5445
v -70.6657 71.4770 12.7225
v -70.3627 71.4770 12.7225
v -65.5849 71.4568 14.9674
v -64.0891 71.6689 13.9947
v -62.5236 71.7034 13.7857
v 31.8327 -56.2262 17.3647
v 33.2245 -56.4985 16.9546
v 35.6220 -56.7279 16.1734
v 38.3375 -56.6468 16.4045
v 40.7245 -56.3307 15.5639
v 42.0288 -56.1376 15.1253
v 21.8874 -53.6027 15.0531
v 21.9958 -53.6027 15.0531
v 31.7450 -54.8302 17.2806
v 33.3826 -54.7826 15.9693
v 34.7204 -55.5842 15.2652
v 39.2461 -55.6886 17.3170
v 40.7245 -55.3129 16.8139
v 42.1551 -54.7013 16.0895
v 18.9996 -51.5484 16.2857
v 20.7135 -52.2257 16.0755
v 22.1782 -52.3302 15.3454
v 31.8035 -52.3302 17.3732
v 33.3826 -52.4268 16.2031
v 34.8997 -51.6578 15.5314
v 41.9702 -51.1012 15.0405
v 42.4593 -52.0928 16.0386
v 16.2735 -49.3070 16.8812
v 17.6861 -50.0163 16.1430
v 21.2062 -50.3074 17.0979
v 22.9818 -49.7524 16.3214
v 24.9303 -49.1974 17.2115
v 29.2284 -48.9526 17.1182
v 30.8819 -49.7721 16.4699
v 33.2245 -50.4053 15.9968
v 34.8997 -50.6690 15.5314
v 41.7693 -49.8302 15.2862
v 42.7107 -49.8302 16.5362
v 14.3101 -46.7290 15.3060
v 15.9598 -47.4072 16.2703
v 17.1067 -47.3040 16.3409
v 23.6546 -47.3302 15.5896
v 25.7480 -47.2426 16.8545
v 28.2359 -47.3432 17.2233
v 30.4810 -47.4335 16.2852
v 41.4702 -47.2382 16.2332
v 42.3948 -48.0102 17.0316
v 14.3101 -45.7552 15.3060
v 15.7465 -44.8852 16.1312
v 17.0767 -44.8302 17.4524
v 24.1172 -45.5560 15.2651
v 25.9445 -44.7657 15.5605
v 27.6714 -44.8302 16.7697
v 31.4140 -45.0747 16.3488
v 32.3690 -44.4043 15.5575
v 41.5462 -45.1074 16.2857
v 42.1026 -43.8574 16.2857
v 16.4783 -42.5054 16.3969
v 17.6992 -42.3842 16.2438
v 19.5603 -41.2727 15.1323
v 26.9245 -43.5659 15.0549
v 28.4424 -42.5096 16.1400
v 30.7940 -42.2254 16.3913
v 32.3690 -42.9976 15.5575
v 40.9011 -41.9648 16.2857
v 42.1026 -43.2148 16.2857
v 15.9281 -39.8302 16.6231
v 18.2245 -39.8302 15.6395
v 19.8099 -39.8302 15.3021
v 29.3013 -39.8302 17.2982
v 30.0113 -39.8302 17.2982
v 39.9347 -39.8302 16.2857
v 16.1917 -38.2898 16.8872
v 18.2245 -38.1954 16.6183
v 20.8578 -37.3412 16.1402
v 22.1427 -36.3248 16.9862
v 26.7927 -36.3256 15.2251
v 28.7574 -37.2940 16.2415
v 29.6486 -37.3736 16.3478
v 38.7681 -36.8002 16.2857
v 39.7582 -38.0502 16.2857
v 21.8797 -35.9457 15.3195
v 22.8455 -34.9995 16.2060
v 26.4882 -34.8302 15.7550
v 28.2245 -34.8302 15.8976
v 29.7531 -34.8302 15.1783
v 38.8215 -34.9830 16.4534
v 40.0263 -34.2514 15.7319
v 24.1871 -33.3865 16.2857
v 25.6946 -33.4111 16.4975
v 28.2245 -33.1151 16.9080
v 30.4549 -32.1103 16.0359
v 33.3079 -31.7576 16.1999
v 35.8848 -31.7042 16.3684
v 38.3866 -32.1209 17.0501
v 40.2886 -32.3302 15.8879
v 31.4015 -30.7676 16.9761
v 32.5301 -30.7676 16.9761
v 36.8250 -30.9870 15.5901
v 38.2245 -30.7457 15.7816
v 40.0081 -30.7274 15.4757
v -70.6551 46.2734 17.3765
v -69.2755 45.9580 16.9397
v -66.8710 45.7186 16.1544
v -64.0672 45.8016 16.4921
v -61.7755 46.0700 15.7569
v -60.3975 46.2843 15.2365
v -80.7261 48.8468 15.0913
v -80.4568 48.8468 15.0913
v -70.7139 47.6698 17.3220
v -69.0744 47.7822 15.9834
v -67.7681 47.0238 15.2335
v -63.0951 46.5314 17.4631
v -61.7755 46.9215 17.0069
v -60.2584 47.7542 16.1562
v -83.7626 50.9426 16.2857
v -81.7869 50.2683 16.1152
v -80.2482 50.1698 15.4050
v -70.8413 50.1698 17.2186
v -69.0744 50.0144 16.1177
v -67.6069 50.7442 15.5951
v -59.7887 50.1698 16.2857
v -86.1393 53.1362 16.7569
v -85.0855 52.4496 16.0684
v -81.0317 52.6698 17.1714
v -79.6028 52.8988 16.4685
v -77.4998 53.2041 17.1980
v -73.1910 53.7036 17.3446
v -71.7144 52.7568 16.4584
v -69.2755 52.0246 15.8576
v -67.6069 51.8358 15.5951
v -60.7528 53.2386 15.3303
v -59.8863 52.5110 16.2124
v -88.1233 55.8152 15.1968
v -86.5029 55.0663 16.1728
v -85.4548 55.1430 16.2818
v -80.5448 53.9567 17.4465
v -79.5292 54.6499 16.3961
v -76.7101 55.1852 16.8342
v -74.2188 55.0258 17.3071
v -71.6965 55.1474 16.2640
v -70.2831 56.2720 15.1835
v -60.9384 55.2734 16.2124
v -60.1253 54.5092 16.9969
v -88.1233 56.6094 15.1968
v -86.6918 57.5335 15.9336
v -85.3522 57.6698 17.2872
v -78.3860 56.8740 15.3036
v -76.7755 57.3768 15.6621
v -74.8734 57.9128 16.3761
v -71.2865 57.6698 16.8148
v -70.0107 57.6698 15.5648
v -60.8712 57.1670 16.2857
v -60.3267 58.4170 16.2857
v -85.9737 60.0355 16.2629
v -84.7516 60.2142 16.0957
v -83.0053 61.3752 15.0548
v -73.6548 60.1465 16.3805
v -71.5616 60.3153 16.5243
v -70.2132 60.3589 16.4851
v -61.4528 60.6080 16.2857
v -60.3267 59.3580 16.2857
v -86.4525 62.6698 16.6274
v -84.2755 62.6698 15.6426
v -82.7107 62.6698 15.3009
v -73.2155 62.0583 17.2770
v -71.7755 62.0195 17.2224
v -70.3448 61.5809 17.3767
v -62.3813 62.6698 16.2857
v -86.1422 64.1588 16.9347
v -84.2755 64.2249 16.7108
v -81.5851 65.0960 16.0653
v -80.2952 66.1044 16.7603
v -75.6963 66.2034 15.2048
v -74.2755 66.0937 15.3336
v -72.5457 66.2014 15.2638
v -63.5586 65.7966 16.2857
v -62.7040 64.5466 16.2857
v -80.5442 66.4464 15.0936
v -79.5172 67.4357 16.0705
v -76.0622 67.6698 15.7785
v -74.2755 67.6698 16.0089
v -72.6331 67.6698 15.2660
v -63.5316 67.4747 16.4665
v -62.4129 68.1780 15.7538
v -78.1878 69.0324 16.2857
v -76.8524 69.0121 16.5285
v -74.2755 69.3011 16.9610
v -71.9863 70.3183 16.0897
v -69.2201 70.7290 16.2531
v -66.5612 70.7780 16.1766
v -64.1051 70.3443 16.8562
v -62.1652 70.1698 15.8852
v -70.9904 71.6845 17.0647
v -70.0164 71.6845 17.0647
v -65.5849 71.4568 15.2705
v -64.2755 71.6767 15.5227
v -62.4910 71.7254 15.4503
v 31.7912 -56.2690 18.7857
v 33.2245 -56.5827 18.7857
v 35.7245 -56.6220 18.7857
v 37.8794 -56.3083 18.7857
v 31.3545 -54.8302 18.7857
v 39.1294 -55.6879 18.7857
v 40.7245 -54.6004 18.7857
v 42.0981 -53.7427 18.7857
v 14.2759 -51.2674 19.4427
v 15.7245 -51.3230 19.2457
v 18.3061 -51.5203 18.7595
v 20.1060 -51.5279 18.7857
v 31.5869 -52.1680 18.5936
v 33.2245 -51.3997 19.3397
v 34.5544 -51.3599 19.8445
v 43.4102 -52.1251 18.9188
v 44.5664 -51.1550 19.8409
v 14.1959 -49.8302 19.1489
v 15.5539 -50.0163 18.0501
v 17.5271 -50.9737 17.9087
v 21.3560 -50.2748 18.7857
v 23.2245 -49.8356 18.7857
v 25.0092 -49.3910 18.7857
v 29.2284 -48.9526 17.6775
v 30.9363 -49.8037 17.9580
v 33.2245 -49.8302 18.8586
v 34.7756 -49.8302 19.6871
v 43.9607 -49.8302 18.2780
v 44.8492 -49.8302 19.5280
v 14.3016 -48.2423 19.4463
v 15.5544 -47.2058 18.5411
v 17.0864 -46.1693 17.6359
v 25.9321 -47.2426 18.6898
v 28.2359 -47.3432 17.7350
v 30.7874 -47.3738 18.6727
v 33.1811 -47.2792 19.4355
v 34.9300 -47.3302 19.5614
v 41.8516 -46.2898 18.7857
v 43.2267 -47.3532 18.7464
v 44.8822 -47.9224 19.5535
v 16.3881 -44.8302 18.8895
v 17.0767 -44.8302 17.6395
v 24.4411 -44.0096 20.0084
v 25.5044 -44.8379 19.3955
v 28.4439 -44.2949 18.8746
v 30.2101 -44.5808 19.0340
v 33.9855 -45.4923 19.6768
v 34.7603 -45.4923 19.6768
v 38.8828 -43.9748 19.6096
v 41.0592 -44.6424 18.5784
v 41.9851 -43.6434 17.5471
v 16.2543 -42.5654 18.5586
v 18.1153 -42.3885 18.7374
v 19.6861 -41.2216 19.9009
v 24.4411 -43.5479 20.0084
v 25.8844 -42.5608 19.6367
v 28.4940 -42.3302 18.9886
v 30.2037 -42.3302 18.4199
v 34.2471 -41.4692 19.7683
v 34.7801 -41.4692 19.7683
v 38.8449 -42.3302 19.4449
v 40.5632 -42.5693 18.0699
v 41.9851 -43.5620 17.5471
v 15.9701 -39.5948 19.0267
v 18.3289 -39.5948 19.7445
v 20.1823 -39.8302 19.6829
v 26.8243 -40.8056 19.8613
v 28.4257 -40.2483 18.6834
v 30.0113 -39.8302 17.7999
v 34.2471 -40.5780 19.7683
v 34.7801 -40.5780 19.7683
v 39.2268 -40.9516 19.6741
v 39.9776 -40.0031 18.8187
v 16.1917 -38.2898 18.3541
v 18.2245 -38.1954 18.5228
v 21.0367 -37.3412 18.8677
v 22.1427 -36.3248 18.0352
v 29.4680 -38.5717 17.5397
v 29.4848 -38.5717 17.5397
v 36.6982 -36.4125 19.7606
v 38.1345 -36.5322 18.8568
v 40.2238 -37.4233 18.7860
v 21.8668 -35.7641 19.7019
v 22.8983 -34.8906 18.8354
v 36.2096 -34.8302 19.5827
v 38.2631 -35.2305 18.8842
v 40.0326 -35.7642 19.6196
v 24.2531 -33.4647 18.7857
v 25.7245 -33.0861 18.7857
v 28.2245 -32.7002 18.7857
v 30.6307 -31.7093 19.0064
v 33.3079 -31.8696 19.0064
v 35.5284 -32.8802 18.8383
v 37.6614 -32.8147 18.0401
v 31.4015 -30.7676 18.3201
v 32.5301 -30.7676 18.3201
v -70.6922 46.2318 18.7857
v -69.2755 45.8214 18.7857
v -66.7755 45.7449 18.7857
v -64.0672 46.1910 18.7553
v -62.9897 46.3912 19.5683
v -71.0567 47.6698 18.7857
v -63.0951 46.5314 17.9017
v -62.0040 47.2765 18.7553
v -60.3113 48.6570 18.7857
v -88.2173 51.2226 19.4380
v -86.7755 51.0896 19.0503
v -84.4205 50.8676 18.6060
v -81.9188 50.9978 19.0130
v -80.4363 51.3937 19.9978
v -70.9968 50.2717 18.7034
v -69.2755 51.0509 19.4062
v -67.9153 51.1748 19.7502
v -58.9749 50.3265 18.8089
v -57.8351 51.2644 19.6578
v -88.2420 52.6698 19.3252
v -86.8938 52.4496 18.0376
v -85.3505 51.4696 17.6529
v -81.0317 52.6698 18.2089
v -79.6317 52.4560 18.8178
v -77.4225 52.9741 18.7857
v -73.1910 53.7036 17.5993
v -71.7052 52.7900 18.0241
v -69.2755 52.6698 18.9637
v -67.6947 52.6698 19.6508
v -58.5014 52.6698 18.1310
v -57.5549 52.6698 19.3810
v -88.1224 54.1081 19.6861
v -86.8820 55.2186 18.6580
v -85.4336 56.3292 17.6300
v -80.5448 53.9567 17.6378
v -80.4937 53.9567 17.6378
v -76.5276 55.1852 18.7329
v -74.2188 55.0258 17.7318
v -71.6777 55.0417 18.6363
v -69.2700 55.2043 19.4917
v -67.5832 55.1698 19.6274
v -60.7522 56.0835 18.7857
v -59.2854 55.0432 18.7387
v -57.5884 54.5739 19.5407
v -86.0203 57.6698 19.0467
v -85.3522 57.6698 17.7967
v -76.7023 57.6698 19.3231
v -74.7228 57.6698 18.0731
v -72.1741 57.6698 18.7857
v -68.4331 56.9658 19.7191
v -67.7667 56.9658 19.7191
v -63.5719 58.5945 19.6240
v -61.5099 57.8011 18.6029
v -60.4812 58.6744 17.5819
v -86.2028 59.9990 18.6879
v -84.3038 60.1709 18.8587
v -82.8351 61.2898 19.9280
v -76.1430 60.1698 19.6532
v -74.1490 60.3679 18.8706
v -72.1390 60.1089 18.5743
v -69.2992 61.1538 18.6847
v -67.7515 61.0553 19.7147
v -63.4618 60.1698 19.6946
v -61.9004 59.9606 18.2906
v -60.4812 58.9879 17.5819
v -86.4366 62.8183 18.9480
v -84.1430 62.8183 19.6215
v -82.2812 62.6698 19.6276
v -75.5873 61.5315 19.9712
v -74.3152 61.7949 18.8992
v -71.7755 62.0195 17.8436
v -69.2992 61.6936 18.6847
v -67.7515 61.8063 19.7147
v -63.0608 61.4345 19.9927
v -62.4176 62.4286 19.0099
v -86.1422 64.1588 18.2228
v -84.2755 64.2249 18.3487
v -81.4100 65.0960 18.8813
v -80.2952 66.1044 18.1632
v -65.8391 65.9390 19.7129
v -64.3015 65.8953 18.8628
v -62.2124 65.0789 18.8219
v -80.5965 66.6090 19.8299
v -79.2017 67.7512 18.9918
v -77.9943 68.8934 19.8204
v -66.3656 67.6698 19.5471
v -64.1761 67.2455 18.8895
v -62.4750 66.6799 19.6793
v -78.1081 68.9706 18.1537
v -77.0068 69.2298 18.9065
v -74.2755 69.6555 18.7857
v -71.8045 70.6468 18.9598
v -69.2201 70.5788 18.9598
v -67.0094 69.5853 18.8385
v -64.8249 69.6273 18.0404
v -70.9904 71.6845 18.2426
v -70.0164 71.6845 18.2426
v 16.8522 -56.1391 22.4683
v 17.0638 -56.1391 22.4683
v 31.8718 -56.1860 20.1325
v 33.2245 -56.1644 20.1146
v 35.7245 -56.1723 20.1599
v 37.5761 -56.1965 20.1929
v 16.3755 -54.8302 22.0726
v 17.6127 -54.8302 22.0726
v 31.5840 -54.8302 20.4109
v 33.2784 -54.7581 21.3409
v 35.7245 -55.2773 21.4099
v 38.2956 -54.9144 21.1181
v 40.7245 -54.1178 20.3003
v 41.9892 -53.5950 20.0475
v 14.2759 -51.2674 20.4098
v 15.5068 -52.0754 21.1976
v 18.4315 -52.9508 21.2056
v 20.9407 -51.8815 21.3802
v 21.9997 -51.1012 22.2765
v 31.5565 -52.8932 20.4392
v 33.3004 -52.1266 21.1349
v 34.5544 -51.3599 20.1641
v 38.7971 -52.3302 21.8646
v 40.7245 -52.3302 20.8728
v 42.9833 -52.1251 20.5515
v 44.5664 -51.1550 20.5512
v 14.1959 -49.8302 20.4724
v 15.1658 -49.8302 21.7224
v 21.9181 -50.7792 20.6098
v 23.1226 -49.9117 21.3987
v 24.7316 -49.0441 20.5209
v 34.1198 -50.7605 21.8307
v 35.5086 -49.9361 21.1055
v 38.2082 -49.8991 21.5478
v 40.7245 -49.8302 21.0722
v 43.1794 -49.9952 21.8689
v 44.9400 -49.9952 21.3450
v 14.3571 -47.2125 21.2969
v 14.9953 -47.2125 21.2969
v 19.3730 -46.2062 22.3934
v 19.9397 -46.2062 22.3934
v 23.7471 -47.3302 21.6726
v 24.7046 -47.3302 20.4226
v 31.6275 -46.4119 20.2721
v 32.3188 -46.4119 20.2721
v 36.1800 -47.3302 20.8575
v 38.2245 -47.3302 21.2029
v 40.9649 -47.0899 20.6364
v 43.1794 -47.5321 21.3601
v 44.9874 -47.8830 21.2857
v 14.4126 -45.7719 22.3499
v 15.3161 -44.8953 21.4242
v 18.9526 -44.8302 22.2387
v 20.7536 -45.0065 22.0851
v 23.2540 -44.9835 21.1235
v 24.5243 -45.6763 20.0663
v 29.4739 -43.5811 20.0362
v 30.7663 -44.5808 20.4806
v 33.1811 -44.7275 20.5705
v 35.6460 -44.7275 20.6777
v 38.1195 -44.8170 20.8169
v 40.2918 -45.6415 20.4181
v 16.4324 -42.5340 21.1474
v 18.2227 -42.3624 21.2520
v 20.6015 -42.1651 20.9292
v 23.4819 -42.4536 21.3238
v 25.1082 -41.8902 21.2857
v 29.0618 -42.3302 20.3719
v 30.7245 -42.3302 21.1437
v 33.3381 -42.3136 20.7434
v 35.6579 -42.3136 20.3633
v 37.5949 -42.3302 20.3324
v 16.6958 -40.2712 20.2219
v 17.5651 -40.2712 20.2219
v 21.4323 -39.8302 20.3846
v 23.3034 -39.9661 21.5162
v 25.7303 -40.0145 21.2073
v 28.2093 -39.9077 21.2634
v 30.7245 -40.5158 22.0150
v 33.2340 -39.8214 21.1783
v 35.7874 -39.6777 21.0296
v 38.3259 -40.1665 21.1720
v 39.9149 -39.1653 21.2857
v 21.8178 -37.3302 20.1971
v 23.2245 -37.3302 20.8559
v 25.7245 -37.3302 21.1620
v 28.2861 -37.3798 21.6675
v 30.7245 -36.6951 22.0372
v 33.1632 -37.1458 22.0355
v 35.8349 -37.2049 21.5045
v 38.1290 -36.8569 21.4468
v 40.1617 -37.3686 21.4468
v 21.8668 -35.7641 20.2169
v 23.3990 -34.8906 20.5032
v 25.7245 -34.8302 21.0529
v 28.2245 -34.8302 20.9646
v 30.7245 -34.8302 21.3058
v 33.2531 -34.7269 22.0025
v 35.0408 -34.7269 21.2745
v 38.8986 -35.7642 20.7208
v 40.0326 -35.7642 20.7208
v 24.3486 -33.5281 20.0909
v 25.7245 -33.1802 20.4341
v 28.2245 -33.1654 20.4305
v 30.7245 -32.9390 20.5543
v 33.2245 -32.9037 20.8149
v 34.5643 -33.4613 20.4337
v -85.7088 46.3165 22.4208
v -85.3643 46.3165 22.4208
v -70.6181 46.3155 20.1290
v -69.2755 46.2832 20.1780
v -66.7755 46.2639 20.2418
v -64.2755 46.3008 20.1977
v -62.9897 46.3912 20.0732
v -86.1349 47.6698 22.0410
v -84.7810 47.6698 22.0410
v -70.8683 47.6698 20.3813
v -69.2185 47.7305 21.3700
v -66.7755 47.1754 21.4918
v -64.2598 47.7135 21.4258
v -62.0040 47.8751 20.3525
v -60.4508 48.8453 20.0921
v -88.2173 51.2226 20.3748
v -86.9571 50.3663 21.1829
v -84.0266 49.4224 21.2089
v -81.7755 50.2585 21.2857
v -80.3674 51.3229 21.2857
v -70.8900 49.5063 20.4032
v -69.1565 50.3405 21.1500
v -67.9153 51.1748 20.2301
v -63.6301 50.1698 21.9420
v -61.7755 50.1698 20.9882
v -59.2433 50.5062 21.0665
v -57.8759 51.2995 21.2857
v -88.2420 52.6698 20.3845
v -87.3418 52.6698 21.6345
v -79.0087 52.5926 21.3623
v -77.7472 53.3745 20.5800
v -68.2991 51.6611 21.8968
v -66.9716 52.5237 21.1148
v -64.2749 52.5997 21.5510
v -61.7755 52.6698 21.0691
v -59.5902 52.6698 21.8978
v -57.3495 52.6698 21.2857
v -88.0923 55.2327 21.2999
v -87.5023 55.2327 21.2999
v -83.0860 56.3304 22.4594
v -82.5212 56.3304 22.4594
v -78.7533 55.1698 21.7044
v -77.7974 55.1698 20.4544
v -70.8995 56.0607 20.3147
v -70.0997 56.0607 20.3147
v -66.3332 55.1698 20.8116
v -64.2755 55.1698 21.2236
v -61.6348 55.2971 20.6519
v -59.2710 54.8357 21.3223
v -57.4990 54.5931 21.2857
v -88.0622 56.5661 22.4381
v -87.0126 57.5076 21.4771
v -83.5840 57.6698 22.2599
v -81.7229 57.4594 22.1216
v -79.4980 57.4594 21.4390
v -77.9523 57.6698 20.1567
v -71.4131 57.6698 20.6339
v -69.2700 57.7474 20.6120
v -66.8702 57.7474 20.6672
v -64.3533 57.7246 20.8265
v -62.3743 56.9278 20.4641
v -85.9225 59.9493 21.1576
v -84.2988 60.1295 21.2416
v -81.9113 60.3418 20.8947
v -79.1715 60.2296 21.6580
v -77.4183 60.2296 21.1241
v -73.7483 60.6322 20.5640
v -72.0111 59.9472 21.0242
v -69.1623 60.2011 20.8049
v -66.8611 60.2011 20.3758
v -64.7118 60.1698 20.3386
v -85.8079 62.0841 20.2388
v -84.8880 62.0841 20.2388
v -81.0312 62.6698 20.3282
v -79.1715 62.5272 21.4360
v -76.7221 62.3985 21.1880
v -74.3409 62.5266 21.3136
v -71.7755 61.9234 22.1323
v -69.2500 62.5644 21.2455
v -66.7223 62.7729 21.0711
v -64.0467 62.2302 21.1868
v -62.4630 63.1929 21.2857
v -80.6022 65.1698 20.1372
v -79.2755 65.1698 20.7806
v -76.7755 65.1698 21.1474
v -74.1703 65.0744 21.6496
v -71.7755 65.7457 21.9637
v -69.3287 65.3350 22.0312
v -66.6826 65.1790 21.5296
v -64.3015 65.5393 21.3980
v -62.2452 65.1686 21.3980
v -80.5965 66.6090 20.1601
v -79.2755 67.1669 20.5645
v -77.0068 67.9039 20.8318
v -74.2755 67.6698 20.9000
v -71.7755 67.6698 21.1327
v -69.2568 67.7234 21.7287
v -67.5288 67.7234 21.0947
v -63.4854 66.6799 20.6395
v -62.4750 66.6799 20.6395
v -76.3277 69.3819 20.5182
v -74.2755 69.2742 20.4032
v -71.7755 69.4500 20.4548
v -69.2755 69.4684 20.5230
v -67.9987 68.9547 20.1341
v 16.7707 -56.1785 23.7857
v 17.1233 -56.1785 23.7857
v 15.9472 -54.8302 23.7857
v 18.5505 -54.5876 23.9814
v 19.4832 -53.5925 24.9453
v 34.0751 -53.9014 23.7857
v 35.6874 -54.0170 23.8644
v 37.3484 -53.8799 23.0835
v 15.4479 -52.3302 23.7857
v 19.4028 -53.4937 23.2786
v 20.6139 -52.2974 23.8023
v 21.9997 -51.1012 22.6593
v 33.3818 -52.3302 23.7857
v 36.3599 -52.3302 24.5087
v 37.5471 -52.3302 23.2587
v 16.3205 -49.8723 23.6469
v 17.7004 -49.0670 24.3877
v 21.7446 -50.9293 24.3260
v 23.1226 -49.8518 23.6656
v 24.5854 -48.7742 24.6719
v 33.7812 -50.5612 23.7857
v 35.7699 -50.4839 23.7855
v 37.3641 -50.7784 22.9520
v 43.9826 -49.2718 22.7211
v 44.7507 -49.2718 22.7211
v 14.4126 -46.1827 22.6720
v 15.8829 -47.1417 23.0952
v 18.5367 -47.3500 23.7671
v 20.7536 -46.6989 23.7128
v 23.1562 -47.2859 23.7514
v 24.5854 -48.3334 24.6719
v 43.9826 -48.3084 22.7211
v 44.7507 -48.3084 22.7211
v 14.4126 -45.7719 22.6720
v 15.7852 -44.8953 23.0687
v 17.7026 -44.8302 23.0997
v 21.6064 -45.9574 22.8309
v 22.0670 -45.9574 22.8309
v 16.6590 -43.5032 22.6769
v 17.2136 -43.5032 22.6769
v 24.1893 -41.3592 22.6389
v 24.6364 -41.3592 22.6389
v 24.1893 -40.8901 22.6389
v 24.6364 -40.8901 22.6389
v 29.1605 -39.0098 22.7402
v 30.7245 -39.2658 22.8712
v 32.2209 -39.0648 22.7784
v 36.7948 -38.7773 22.6898
v 38.2245 -38.7845 22.6950
v 39.5554 -38.6555 22.5940
v 29.1605 -38.2461 22.7402
v 30.7245 -37.9451 22.8712
v 33.1632 -37.1458 22.7118
v 35.7832 -37.2263 22.6675
v 38.2245 -38.0519 22.6950
v 39.5554 -38.2275 22.5940
v 34.1054 -35.4913 22.6452
v 34.7716 -35.4913 22.6452
v -85.8184 46.2545 23.7857
v -85.2679 46.2545 23.7857
v -86.5935 47.6698 23.7857
v -83.8205 47.8479 23.5453
v -82.9399 48.8000 24.2183
v -68.4379 48.5623 23.7857
v -66.7339 48.4276 23.9243
v -65.0827 48.5761 23.1834
v -86.9207 50.1698 23.7857
v -83.0273 48.9219 22.5517
v -81.7899 50.1193 23.6577
v -80.4038 51.3167 23.0972
v -69.0111 50.1698 23.7857
v -66.0549 50.1698 24.5947
v -64.8801 50.1698 23.3447
v -58.0358 51.4147 22.5411
v -58.0164 51.4147 22.5411
v -86.1342 52.5841 23.6653
v -84.2755 53.4970 24.5703
v -81.8314 52.7052 24.8982
v -79.3061 52.5627 23.8190
v -77.8660 53.6305 24.5409
v -68.5987 51.8493 23.7857
v -66.7406 51.9433 23.7942
v -65.1078 51.7196 22.9666
v -58.3402 52.6698 22.6626
v -57.8200 52.6698 22.6626
v -88.0622 56.3573 22.6200
v -86.6382 55.3823 23.1011
v -84.0618 55.3661 23.5487
v -81.9387 55.4216 23.8429
v -79.3440 55.2026 23.5970
v -77.8660 54.2258 24.5409
v -58.4347 54.1634 22.6995
v -57.7606 54.1634 22.6995
v -88.0622 56.5661 22.6200
v -86.6168 57.5076 23.0244
v -84.8340 57.6698 23.0834
v -80.8545 56.4857 22.6531
v -80.4796 56.4857 22.6531
v -85.6776 58.9691 22.6239
v -85.3763 58.9691 22.6239
v -78.2689 61.1028 22.6360
v -77.8568 61.1028 22.6360
v -78.2689 61.5988 22.6360
v -77.8568 61.5988 22.6360
v -73.2669 63.5218 22.6873
v -71.7755 63.1734 22.8463
v -70.2464 63.3226 22.7983
v -65.6931 63.7396 22.6673
v -64.2755 63.6717 22.7166
v -62.8658 63.7693 22.6453
v -73.2669 64.1775 22.6873
v -71.7755 64.4957 22.8463
v -69.3287 65.3350 22.7321
v -66.7186 65.2126 22.6666
v -64.2755 64.4298 22.7166
v -62.8658 64.3345 22.6453
v -68.4110 66.9259 22.6659
v -67.7442 66.9259 22.6659
v 16.8251 -56.1524 25.1103
v 17.0836 -56.1524 25.1103
v 16.5394 -54.6369 26.0804
v 18.1127 -54.4669 25.9491
v 19.4832 -53.5925 25.1213
v 34.2689 -53.7121 25.1730
v 34.8294 -53.7121 25.1730
v 15.7967 -52.3302 26.2857
v 19.1418 -53.3895 26.7880
v 19.9966 -52.4658 26.0871
v 33.8930 -52.3302 25.4340
v 35.1099 -52.3302 25.4340
v 15.9905 -49.8723 26.3498
v 18.3480 -49.0682 26.1959
v 20.7386 -49.9993 26.1687
v 23.2245 -49.2375 25.5081
v 24.5854 -48.7742 25.1964
v 33.9048 -50.7079 25.4294
v 34.9668 -50.7079 25.4294
v 16.3292 -48.2402 27.2259
v 18.3480 -48.3670 26.1959
v 20.7245 -48.0091 25.4851
v 23.2245 -47.8888 25.5081
v 24.5854 -48.3334 25.1964
v -85.7327 46.3027 25.1539
v -85.3432 46.3027 25.1539
v -86.0161 47.8362 26.1066
v -84.4161 47.7620 26.1066
v -82.9580 48.8271 26.2857
v -68.2537 48.7586 25.2010
v -67.5396 48.7586 25.2010
v -86.6429 50.1698 26.2857
v -82.2148 50.1698 26.2857
v -68.5646 50.1698 25.4348
v -67.3049 50.1698 25.4348
v -86.3800 52.5841 26.3919
v -84.3405 53.2925 26.3919
v -81.8854 52.6722 25.9412
v -79.2755 53.1341 25.5369
v -77.8660 53.6305 25.2576
v -68.5161 51.7511 25.4025
v -67.5506 51.7511 25.4025
v -86.0703 54.1943 27.2961
v -85.2172 54.1943 27.2961
v -81.3562 54.5127 25.4820
v -79.2755 54.5940 25.5369
v -77.8660 54.2258 25.2576
v 16.8204 -53.6746 28.1225
v 17.4752 -53.6746 28.1225
v 15.9988 -52.5060 28.8878
v 18.3047 -52.5897 28.9014
v 19.7326 -51.7228 28.0137
v 14.1698 -49.4056 29.3474
v 14.7041 -50.0754 28.6227
v 18.6941 -49.8737 28.8225
v 19.7326 -50.7360 28.0137
v 14.1698 -47.9553 29.3474
v 15.5873 -47.5680 28.6227
v 17.5042 -47.7836 28.7857
v -85.7318 48.7805 28.1978
v -84.2755 48.8124 28.0543
v -83.0211 48.9160 27.5650
v -86.4888 49.9756 28.9329
v -84.1991 49.9756 29.2376
v -82.8182 50.1698 27.9166
v -88.2889 53.1446 29.4099
v -87.6919 52.4546 28.6602
v -83.7706 52.6307 28.8228
v -82.7534 51.7713 28.0142
v -88.2889 54.4230 29.4099
v -86.8524 54.8072 28.6602
v -84.9898 54.6516 28.7857
v 16.1520 -51.7899 30.3026
v 17.4676 -51.7899 30.3026
v 14.0435 -49.4529 31.2857
v 15.4810 -50.3231 31.1959
v 17.5092 -49.6250 31.1959
v 14.0435 -47.7442 31.2857
v 15.7245 -47.1193 31.2857
v 17.2730 -47.9554 31.2857
v -86.3049 50.6796 30.3792
v -84.9816 50.6796 30.3792
v -88.4011 53.0866 31.2857
v -86.9931 52.1597 31.2418
v -84.8996 52.8262 31.2418
v -88.4011 54.6023 31.2857
v -86.7755 55.2712 31.2857
v -85.1510 54.5887 31.2857
v 14.2046 -48.9185 32.7761
v 15.7245 -48.8898 32.7547
v 17.0206 -48.6548 32.5873
v 14.2046 -48.0905 32.7761
v 15.7245 -48.1296 32.7547
v 17.0206 -48.4692 32.5873
v -88.2629 53.5840 32.7569
v -86.7755 53.5510 32.7770
v -85.4322 53.7639 32.6362
v -88.2629 54.3265 32.7569
v -86.7755 54.3678 32.7770
v -85.4322 54.1104 32.6362
f 3 2 1
f 3 4 2
f 6 3 5
f 6 4 3
f 11 8 7
f 11 12 8
f 13 10 9
f 13 14 10
f 16 13 15
f 16 14 13
f 22 17 21
f 22 18 17
f 28 19 27
f 28 20 19
f 29 20 28
f 29 21 20
f 29 22 21
f 29 30 22
f 31 1 2
f 31 30 1
f 30 23 22
f 30 31 23
f 32 23 31
f 32 24 23
f 32 25 24
f 32 33 25
f 33 26 25
f 33 34 26
f 35 1 30
f 35 3 1
f 36 31 2
f 36 2 4
f 35 30 31
f 35 31 36
f 36 32 31
f 36 37 32
f 38 32 37
f 38 33 32
f 38 34 33
f 38 39 34
f 35 5 3
f 35 41 5
f 36 4 6
f 36 6 42
f 42 6 5
f 42 5 41
f 42 37 36
f 42 43 37
f 45 40 44
f 45 41 40
f 46 41 45
f 46 42 41
f 46 43 42
f 46 47 43
f 48 45 44
f 48 49 45
f 50 45 49
f 50 46 45
f 51 46 50
f 51 47 46
f 52 49 48
f 52 53 49
f 54 49 53
f 54 50 49
f 55 50 54
f 55 51 50
f 57 52 56
f 57 53 52
f 63 58 62
f 63 59 58
f 63 60 59
f 63 64 60
f 67 7 8
f 67 66 7
f 69 61 68
f 69 62 61
f 69 63 62
f 69 70 63
f 71 9 10
f 71 70 9
f 70 64 63
f 70 71 64
f 71 65 64
f 71 72 65
f 73 7 66
f 73 11 7
f 72 66 65
f 72 73 66
f 67 8 12
f 67 12 74
f 12 11 73
f 12 73 74
f 75 9 70
f 75 13 9
f 76 71 10
f 76 10 14
f 75 70 71
f 75 71 76
f 76 72 71
f 76 77 72
f 78 72 77
f 78 73 72
f 78 74 73
f 78 79 74
f 75 15 13
f 75 81 15
f 76 14 16
f 76 16 82
f 82 16 15
f 82 15 81
f 82 77 76
f 82 83 77
f 85 80 84
f 85 81 80
f 86 81 85
f 86 82 81
f 86 83 82
f 86 87 83
f 88 85 84
f 88 89 85
f 90 85 89
f 90 86 85
f 91 86 90
f 91 87 86
f 92 89 88
f 92 93 89
f 94 89 93
f 94 90 89
f 95 90 94
f 95 91 90
f 105 96 104
f 105 97 96
f 106 97 105
f 106 98 97
f 111 17 18
f 111 110 17
f 111 99 110
f 111 100 99
f 111 101 100
f 111 112 101
f 114 102 113
f 114 103 102
f 115 103 114
f 115 104 103
f 116 104 115
f 116 105 104
f 117 108 107
f 117 118 108
f 119 19 20
f 119 118 19
f 119 108 118
f 119 109 108
f 120 17 110
f 120 21 17
f 120 20 21
f 120 119 20
f 120 109 119
f 120 110 109
f 121 111 18
f 121 18 22
f 23 121 22
f 23 122 121
f 121 112 111
f 121 122 112
f 123 23 24
f 123 122 23
f 123 112 122
f 123 113 112
f 25 123 24
f 25 124 123
f 123 114 113
f 123 124 114
f 125 25 26
f 125 124 25
f 118 27 19
f 118 127 27
f 126 118 117
f 126 127 118
f 128 28 27
f 128 27 127
f 29 28 128
f 29 128 129
f 130 30 29
f 130 29 129
f 31 30 130
f 31 130 131
f 133 125 26
f 133 26 34
f 134 128 127
f 134 135 128
f 135 129 128
f 135 136 129
f 137 129 136
f 137 130 129
f 131 36 31
f 131 138 36
f 138 35 36
f 138 137 35
f 137 131 130
f 137 138 131
f 138 131 132
f 138 132 139
f 140 38 37
f 140 37 139
f 133 34 39
f 133 39 141
f 39 38 140
f 39 140 141
f 145 134 144
f 145 135 134
f 145 136 135
f 145 146 136
f 137 41 35
f 137 147 41
f 147 40 41
f 147 146 40
f 146 137 136
f 146 147 137
f 139 37 43
f 139 43 149
f 149 148 138
f 149 138 139
f 149 140 139
f 149 150 140
f 153 142 152
f 153 143 142
f 154 143 153
f 154 144 143
f 154 145 144
f 154 155 145
f 156 40 146
f 156 44 40
f 156 145 155
f 156 146 145
f 157 147 148
f 157 148 158
f 159 149 43
f 159 43 47
f 159 150 149
f 159 160 150
f 160 151 150
f 160 161 151
f 163 152 162
f 163 153 152
f 156 48 44
f 156 165 48
f 164 156 155
f 164 165 156
f 167 159 47
f 167 47 51
f 168 159 167
f 168 160 159
f 168 161 160
f 168 169 161
f 170 48 165
f 170 52 48
f 170 165 166
f 170 166 171
f 172 54 53
f 172 53 171
f 167 51 55
f 167 55 173
f 55 54 172
f 55 172 173
f 170 56 52
f 170 174 56
f 171 53 57
f 171 57 175
f 57 56 174
f 57 174 175
f 174 170 171
f 174 171 175
f 175 172 171
f 175 176 172
f 177 172 176
f 177 173 172
f 187 178 186
f 187 179 178
f 188 179 187
f 188 180 179
f 193 58 59
f 193 192 58
f 193 181 192
f 193 182 181
f 60 193 59
f 60 194 193
f 193 183 182
f 193 194 183
f 196 184 195
f 196 185 184
f 197 185 196
f 197 186 185
f 198 186 197
f 198 187 186
f 200 189 199
f 200 190 189
f 201 190 200
f 201 191 190
f 202 58 192
f 202 62 58
f 202 61 62
f 202 201 61
f 202 191 201
f 202 192 191
f 203 194 60
f 203 60 64
f 65 203 64
f 65 204 203
f 203 195 194
f 203 204 195
f 205 65 66
f 205 204 65
f 204 196 195
f 204 205 196
f 206 66 67
f 206 205 66
f 207 200 199
f 207 208 200
f 201 68 61
f 201 209 68
f 209 200 208
f 209 201 200
f 210 69 68
f 210 68 209
f 211 70 69
f 211 69 210
f 71 70 211
f 71 211 212
f 214 206 67
f 214 67 74
f 216 208 215
f 216 209 208
f 216 210 209
f 216 217 210
f 217 211 210
f 217 218 211
f 212 76 71
f 212 219 76
f 219 75 76
f 219 218 75
f 218 212 211
f 218 219 212
f 219 212 213
f 219 213 220
f 78 77 220
f 78 220 221
f 214 74 79
f 214 79 222
f 79 78 221
f 79 221 222
f 225 215 224
f 225 216 215
f 225 217 216
f 225 226 217
f 218 81 75
f 218 227 81
f 227 80 81
f 227 226 80
f 226 218 217
f 226 227 218
f 220 77 83
f 220 83 229
f 229 228 219
f 229 219 220
f 229 221 220
f 229 230 221
f 234 223 233
f 234 224 223
f 234 225 224
f 234 235 225
f 236 80 226
f 236 84 80
f 236 225 235
f 236 226 225
f 238 237 227
f 238 227 228
f 239 229 83
f 239 83 87
f 239 230 229
f 239 240 230
f 240 231 230
f 240 241 231
f 243 232 242
f 243 233 232
f 236 88 84
f 236 245 88
f 244 236 235
f 244 245 236
f 247 239 87
f 247 87 91
f 248 239 247
f 248 240 239
f 249 240 248
f 249 241 240
f 250 88 245
f 250 92 88
f 93 92 250
f 93 250 251
f 250 245 246
f 250 246 251
f 252 94 93
f 252 93 251
f 247 91 95
f 247 95 253
f 95 94 252
f 95 252 253
f 254 252 251
f 254 255 252
f 256 252 255
f 256 253 252
f 258 96 97
f 258 257 96
f 259 97 98
f 259 258 97
f 263 99 100
f 263 262 99
f 101 263 100
f 101 264 263
f 266 102 103
f 266 265 102
f 257 104 96
f 257 267 104
f 267 103 104
f 267 266 103
f 259 98 106
f 259 106 269
f 106 105 268
f 106 268 269
f 268 258 259
f 268 259 269
f 108 270 107
f 108 271 270
f 109 271 108
f 109 272 271
f 272 260 271
f 272 261 260
f 273 99 262
f 273 110 99
f 273 109 110
f 273 272 109
f 275 264 101
f 275 101 112
f 274 263 264
f 274 264 275
f 276 102 265
f 276 113 102
f 276 112 113
f 276 275 112
f 276 264 275
f 276 265 264
f 115 114 277
f 115 277 278
f 268 105 116
f 268 116 279
f 116 115 278
f 116 278 279
f 280 107 270
f 280 117 107
f 281 277 114
f 281 114 124
f 125 281 124
f 125 282 281
f 281 278 277
f 281 282 278
f 283 278 282
f 283 279 278
f 280 126 117
f 280 286 126
f 287 127 126
f 287 126 286
f 132 131 288
f 132 288 289
f 291 282 125
f 291 125 133
f 295 284 294
f 295 285 284
f 296 285 295
f 296 286 285
f 287 134 127
f 287 297 134
f 296 287 286
f 296 297 287
f 288 131 138
f 288 138 298
f 299 132 289
f 299 139 132
f 299 288 298
f 299 289 288
f 301 291 133
f 301 133 141
f 301 141 140
f 301 140 300
f 301 300 290
f 301 290 291
f 302 293 292
f 302 303 293
f 304 295 294
f 304 305 295
f 306 142 143
f 306 305 142
f 305 296 295
f 305 306 296
f 307 134 297
f 307 144 134
f 307 143 144
f 307 306 143
f 307 296 306
f 307 297 296
f 298 138 148
f 298 148 309
f 148 147 308
f 148 308 309
f 310 139 299
f 310 149 139
f 310 148 149
f 310 309 148
f 310 298 309
f 310 299 298
f 300 140 150
f 300 150 311
f 151 311 150
f 151 312 311
f 313 142 305
f 313 152 142
f 154 153 314
f 154 314 315
f 316 155 154
f 316 154 315
f 308 147 157
f 308 157 317
f 318 148 309
f 318 158 148
f 158 317 157
f 158 318 317
f 318 308 317
f 318 309 308
f 312 151 161
f 312 161 320
f 319 311 312
f 319 312 320
f 313 162 152
f 313 322 162
f 314 153 163
f 314 163 323
f 163 162 322
f 163 322 323
f 324 314 323
f 324 315 314
f 316 164 155
f 316 325 164
f 326 165 164
f 326 164 325
f 166 165 326
f 166 326 327
f 168 167 328
f 168 328 329
f 320 161 169
f 320 169 330
f 169 168 329
f 169 329 330
f 330 321 320
f 330 331 321
f 332 326 325
f 332 333 326
f 334 166 327
f 334 171 166
f 333 327 326
f 333 334 327
f 328 167 173
f 328 173 335
f 334 175 171
f 334 336 175
f 176 175 336
f 176 336 337
f 335 173 177
f 335 177 338
f 338 177 176
f 338 176 337
f 340 178 179
f 340 339 178
f 341 179 180
f 341 340 179
f 345 181 182
f 345 344 181
f 183 345 182
f 183 346 345
f 348 184 185
f 348 347 184
f 339 186 178
f 339 349 186
f 349 185 186
f 349 348 185
f 341 180 188
f 341 188 351
f 188 187 350
f 188 350 351
f 350 340 341
f 350 341 351
f 190 352 189
f 190 353 352
f 191 353 190
f 191 354 353
f 354 342 353
f 354 343 342
f 355 181 344
f 355 192 181
f 355 191 192
f 355 354 191
f 357 346 183
f 357 183 194
f 356 345 346
f 356 346 357
f 358 184 347
f 358 195 184
f 358 194 195
f 358 357 194
f 358 346 357
f 358 347 346
f 197 196 359
f 197 359 360
f 359 348 349
f 359 349 360
f 350 187 198
f 350 198 361
f 198 197 360
f 198 360 361
f 362 350 361
f 362 351 350
f 363 189 352
f 363 199 189
f 364 359 196
f 364 196 205
f 206 364 205
f 206 365 364
f 364 360 359
f 364 365 360
f 366 360 365
f 366 361 360
f 363 207 199
f 363 369 207
f 370 208 207
f 370 207 369
f 213 212 371
f 213 371 372
f 374 365 206
f 374 206 214
f 378 367 377
f 378 368 367
f 379 368 378
f 379 369 368
f 370 215 208
f 370 380 215
f 379 370 369
f 379 380 370
f 371 212 219
f 371 219 381
f 372 220 213
f 372 382 220
f 382 371 381
f 382 372 371
f 384 374 214
f 384 214 222
f 384 222 221
f 384 221 383
f 384 383 373
f 384 373 374
f 385 376 375
f 385 386 376
f 387 378 377
f 387 388 378
f 388 379 378
f 388 389 379
f 390 215 380
f 390 224 215
f 390 223 224
f 390 389 223
f 390 379 389
f 390 380 379
f 381 219 228
f 381 228 392
f 228 227 391
f 228 391 392
f 393 220 382
f 393 229 220
f 393 228 229
f 393 392 228
f 394 383 221
f 394 221 230
f 231 394 230
f 231 395 394
f 397 223 389
f 397 233 223
f 397 232 233
f 397 396 232
f 396 389 388
f 396 397 389
f 234 233 397
f 234 397 398
f 399 235 234
f 399 234 398
f 391 227 237
f 391 237 400
f 401 228 392
f 401 238 228
f 238 400 237
f 238 401 400
f 401 391 400
f 401 392 391
f 395 231 241
f 395 241 402
f 404 232 396
f 404 242 232
f 397 233 243
f 397 243 405
f 243 242 404
f 243 404 405
f 405 398 397
f 405 406 398
f 399 244 235
f 399 407 244
f 408 245 244
f 408 244 407
f 246 245 408
f 246 408 409
f 248 247 410
f 248 410 411
f 402 241 249
f 402 249 412
f 249 248 411
f 249 411 412
f 412 403 402
f 412 413 403
f 414 408 407
f 414 415 408
f 416 246 409
f 416 251 246
f 415 409 408
f 415 416 409
f 410 247 253
f 410 253 417
f 416 254 251
f 416 418 254
f 419 255 254
f 419 254 418
f 417 253 256
f 417 256 420
f 420 256 255
f 420 255 419
f 422 257 258
f 422 421 257
f 261 423 260
f 261 424 423
f 426 262 263
f 426 425 262
f 265 427 264
f 265 428 427
f 266 428 265
f 266 429 428
f 421 267 257
f 421 430 267
f 267 429 266
f 267 430 429
f 422 258 268
f 422 268 431
f 431 430 421
f 431 421 422
f 423 271 260
f 423 433 271
f 271 432 270
f 271 433 432
f 424 261 272
f 424 272 434
f 434 433 423
f 434 423 424
f 425 273 262
f 425 435 273
f 273 434 272
f 273 435 434
f 426 263 274
f 426 274 436
f 436 435 425
f 436 425 426
f 427 275 264
f 427 437 275
f 437 274 275
f 437 436 274
f 438 437 427
f 438 427 428
f 431 268 279
f 431 279 439
f 432 280 270
f 432 440 280
f 441 440 432
f 441 432 433
f 439 279 283
f 439 283 446
f 283 282 445
f 283 445 446
f 449 284 285
f 449 448 284
f 450 280 440
f 450 286 280
f 450 285 286
f 450 449 285
f 452 451 442
f 452 442 443
f 453 452 443
f 453 443 444
f 445 282 291
f 445 291 455
f 455 291 290
f 455 290 454
f 456 445 455
f 456 446 445
f 293 456 292
f 293 457 456
f 456 447 446
f 456 457 447
f 458 284 448
f 458 294 284
f 459 454 290
f 459 290 300
f 460 454 459
f 460 455 454
f 456 302 292
f 456 461 302
f 461 455 460
f 461 456 455
f 462 457 293
f 462 293 303
f 462 303 302
f 462 302 461
f 458 304 294
f 458 463 304
f 464 305 304
f 464 304 463
f 459 300 311
f 459 311 466
f 467 459 466
f 467 460 459
f 468 460 467
f 468 461 460
f 469 305 464
f 469 313 305
f 469 464 465
f 469 465 470
f 472 316 315
f 472 315 471
f 466 311 319
f 466 319 473
f 474 319 320
f 474 473 319
f 321 474 320
f 321 475 474
f 476 313 469
f 476 322 313
f 323 322 476
f 323 476 477
f 477 476 469
f 477 469 470
f 471 315 324
f 471 324 478
f 324 323 477
f 324 477 478
f 477 470 471
f 477 471 478
f 472 325 316
f 472 479 325
f 478 472 471
f 478 479 472
f 329 328 480
f 329 480 481
f 330 329 481
f 330 481 482
f 482 481 473
f 482 473 474
f 475 321 331
f 475 331 483
f 331 330 482
f 331 482 483
f 479 332 325
f 479 484 332
f 485 333 332
f 485 332 484
f 334 333 485
f 334 485 486
f 480 328 335
f 480 335 488
f 489 480 488
f 489 481 480
f 490 483 482
f 490 491 483
f 486 336 334
f 486 492 336
f 493 337 336
f 493 336 492
f 492 486 487
f 492 487 493
f 494 488 335
f 494 335 338
f 494 338 337
f 494 337 493
f 494 493 487
f 494 487 488
f 496 339 340
f 496 495 339
f 343 497 342
f 343 498 497
f 500 344 345
f 500 499 344
f 347 501 346
f 347 502 501
f 348 502 347
f 348 503 502
f 495 349 339
f 495 504 349
f 496 340 350
f 496 350 505
f 505 504 495
f 505 495 496
f 506 350 351
f 506 505 350
f 497 353 342
f 497 508 353
f 353 507 352
f 353 508 507
f 498 343 354
f 498 354 509
f 509 508 497
f 509 497 498
f 499 355 344
f 499 510 355
f 355 509 354
f 355 510 509
f 500 345 356
f 500 356 511
f 511 510 499
f 511 499 500
f 501 357 346
f 501 512 357
f 512 356 357
f 512 511 356
f 513 512 501
f 513 501 502
f 514 503 348
f 514 348 359
f 515 349 504
f 515 360 349
f 515 359 360
f 515 514 359
f 515 503 514
f 515 504 503
f 506 351 362
f 506 362 517
f 362 361 516
f 362 516 517
f 516 505 506
f 516 506 517
f 507 363 352
f 507 518 363
f 519 518 507
f 519 507 508
f 516 361 366
f 516 366 524
f 366 365 523
f 366 523 524
f 527 367 368
f 527 526 367
f 528 363 518
f 528 369 363
f 528 368 369
f 528 527 368
f 530 529 520
f 530 520 521
f 531 530 521
f 531 521 522
f 523 365 374
f 523 374 533
f 533 374 373
f 533 373 532
f 534 523 533
f 534 524 523
f 376 534 375
f 376 535 534
f 534 525 524
f 534 535 525
f 536 367 526
f 536 377 367
f 538 382 381
f 538 381 537
f 539 532 373
f 539 373 383
f 540 532 539
f 540 533 532
f 534 385 375
f 534 541 385
f 541 533 540
f 541 534 533
f 542 535 376
f 542 376 386
f 542 386 385
f 542 385 541
f 536 387 377
f 536 543 387
f 544 388 387
f 544 387 543
f 546 537 381
f 546 381 392
f 538 393 382
f 538 547 393
f 393 546 392
f 393 547 546
f 546 538 537
f 546 547 538
f 548 539 383
f 548 383 394
f 395 548 394
f 395 549 548
f 548 540 539
f 548 549 540
f 550 540 549
f 550 541 540
f 551 388 544
f 551 396 388
f 551 544 545
f 551 545 552
f 554 399 398
f 554 398 553
f 556 549 395
f 556 395 402
f 557 402 403
f 557 556 402
f 551 404 396
f 551 558 404
f 405 404 558
f 405 558 559
f 559 558 551
f 559 551 552
f 553 398 406
f 553 406 560
f 406 405 559
f 406 559 560
f 559 552 553
f 559 553 560
f 554 407 399
f 554 561 407
f 560 554 553
f 560 561 554
f 411 410 563
f 411 563 564
f 565 412 411
f 565 411 564
f 565 564 555
f 565 555 556
f 557 403 413
f 557 413 566
f 413 412 565
f 413 565 566
f 561 414 407
f 561 567 414
f 415 414 567
f 415 567 568
f 567 561 562
f 567 562 568
f 569 416 415
f 569 415 568
f 563 410 417
f 563 417 571
f 572 563 571
f 572 564 563
f 573 416 569
f 573 418 416
f 574 419 418
f 574 418 573
f 573 569 570
f 573 570 574
f 575 571 417
f 575 417 420
f 575 420 419
f 575 419 574
f 575 574 570
f 575 570 571
f 429 582 428
f 429 583 582
f 584 429 430
f 584 583 429
f 583 577 576
f 583 584 577
f 585 430 431
f 585 584 430
f 434 590 433
f 434 591 590
f 591 578 590
f 591 579 578
f 592 434 435
f 592 591 434
f 593 435 436
f 593 592 435
f 437 593 436
f 437 594 593
f 593 581 580
f 593 594 581
f 582 438 428
f 582 595 438
f 438 594 437
f 438 595 594
f 585 431 439
f 585 439 597
f 596 584 585
f 596 585 597
f 598 587 586
f 598 599 587
f 600 587 599
f 600 588 587
f 600 589 588
f 600 601 589
f 590 441 433
f 590 602 441
f 602 440 441
f 602 601 440
f 602 589 601
f 602 590 589
f 443 442 603
f 443 603 604
f 605 444 443
f 605 443 604
f 606 594 595
f 606 595 607
f 608 597 439
f 608 439 446
f 447 608 446
f 447 609 608
f 612 448 449
f 612 611 448
f 612 599 611
f 612 600 599
f 613 440 601
f 613 450 440
f 450 612 449
f 450 613 612
f 603 442 451
f 603 451 614
f 452 614 451
f 452 615 614
f 615 603 614
f 615 604 603
f 605 453 444
f 605 616 453
f 616 452 453
f 616 615 452
f 616 604 615
f 616 605 604
f 620 609 447
f 620 447 457
f 619 608 609
f 619 609 620
f 622 448 611
f 622 458 448
f 621 611 610
f 621 622 611
f 626 617 618
f 626 618 627
f 628 627 618
f 628 618 619
f 629 620 457
f 629 457 462
f 629 462 461
f 629 461 628
f 629 628 619
f 629 619 620
f 630 458 622
f 630 463 458
f 464 463 630
f 464 630 631
f 630 622 623
f 630 623 631
f 632 465 464
f 632 464 631
f 633 624 625
f 633 625 634
f 467 466 636
f 467 636 637
f 636 626 627
f 636 627 637
f 628 461 468
f 628 468 638
f 638 468 467
f 638 467 637
f 638 637 627
f 638 627 628
f 632 470 465
f 632 640 470
f 639 632 631
f 639 640 632
f 641 471 470
f 641 470 640
f 642 634 635
f 642 635 643
f 644 636 466
f 644 466 473
f 645 636 644
f 645 637 636
f 475 645 474
f 475 646 645
f 641 478 471
f 641 648 478
f 647 641 640
f 647 648 641
f 649 479 478
f 649 478 648
f 644 473 481
f 644 481 652
f 653 474 645
f 653 482 474
f 653 644 652
f 653 645 644
f 646 475 483
f 646 483 654
f 656 647 655
f 656 648 647
f 649 484 479
f 649 657 484
f 656 649 648
f 656 657 649
f 658 485 484
f 658 484 657
f 486 485 658
f 486 658 659
f 487 486 659
f 487 659 660
f 661 488 487
f 661 487 660
f 661 660 650
f 661 650 651
f 662 652 481
f 662 481 489
f 489 488 661
f 489 661 662
f 662 661 651
f 662 651 652
f 653 490 482
f 653 663 490
f 654 483 491
f 654 491 664
f 664 491 490
f 664 490 663
f 665 658 657
f 665 666 658
f 666 659 658
f 666 667 659
f 668 659 667
f 668 660 659
f 503 677 502
f 503 678 677
f 504 678 503
f 504 679 678
f 679 669 678
f 679 670 669
f 680 504 505
f 680 679 504
f 679 671 670
f 679 680 671
f 686 508 509
f 686 685 508
f 686 672 685
f 686 673 672
f 687 509 510
f 687 686 509
f 686 674 673
f 686 687 674
f 688 510 511
f 688 687 510
f 512 688 511
f 512 689 688
f 688 676 675
f 688 689 676
f 677 513 502
f 677 690 513
f 513 689 512
f 513 690 689
f 692 680 505
f 692 505 516
f 691 679 680
f 691 680 692
f 693 682 681
f 693 694 682
f 695 682 694
f 695 683 682
f 695 684 683
f 695 696 684
f 697 508 685
f 697 519 508
f 697 518 519
f 697 696 518
f 697 684 696
f 697 685 684
f 699 521 520
f 699 520 698
f 700 522 521
f 700 521 699
f 701 689 690
f 701 690 702
f 692 516 524
f 692 524 703
f 525 703 524
f 525 704 703
f 707 526 527
f 707 706 526
f 707 694 706
f 707 695 694
f 708 518 696
f 708 528 518
f 528 707 527
f 528 708 707
f 698 520 529
f 698 529 709
f 710 529 530
f 710 709 529
f 710 698 709
f 710 699 698
f 700 531 522
f 700 711 531
f 711 530 531
f 711 710 530
f 711 699 710
f 711 700 699
f 715 704 525
f 715 525 535
f 715 714 703
f 715 703 704
f 717 526 706
f 717 536 526
f 716 706 705
f 716 717 706
f 719 712 713
f 719 713 720
f 721 720 713
f 721 713 714
f 722 715 535
f 722 535 542
f 722 542 541
f 722 541 721
f 722 721 714
f 722 714 715
f 723 536 717
f 723 543 536
f 544 543 723
f 544 723 724
f 723 717 718
f 723 718 724
f 545 544 724
f 545 724 725
f 728 719 720
f 728 720 729
f 721 541 550
f 721 550 730
f 550 549 729
f 550 729 730
f 730 729 720
f 730 720 721
f 731 545 725
f 731 552 545
f 732 553 552
f 732 552 731
f 733 726 727
f 733 727 734
f 736 729 549
f 736 549 556
f 556 555 735
f 556 735 736
f 557 736 556
f 557 737 736
f 732 560 553
f 732 739 560
f 738 732 731
f 738 739 732
f 740 561 560
f 740 560 739
f 562 561 740
f 562 740 741
f 744 735 555
f 744 555 564
f 736 565 556
f 736 745 565
f 745 735 744
f 745 736 735
f 737 557 566
f 737 566 746
f 566 565 745
f 566 745 746
f 747 740 739
f 747 748 740
f 741 568 562
f 741 749 568
f 748 741 740
f 748 749 741
f 569 568 749
f 569 749 750
f 570 569 750
f 570 750 751
f 752 571 570
f 752 570 751
f 752 751 742
f 752 742 743
f 753 744 564
f 753 564 572
f 572 571 752
f 572 752 753
f 753 752 743
f 753 743 744
f 754 746 745
f 754 755 746
f 756 749 748
f 756 757 749
f 757 750 749
f 757 758 750
f 759 750 758
f 759 751 750
f 763 576 577
f 763 762 576
f 765 578 579
f 765 764 578
f 764 761 760
f 764 765 761
f 581 767 580
f 581 768 767
f 770 576 762
f 770 583 576
f 770 582 583
f 770 769 582
f 771 763 577
f 771 577 584
f 587 772 586
f 587 773 772
f 774 587 588
f 774 773 587
f 589 774 588
f 589 775 774
f 776 578 764
f 776 590 578
f 776 589 590
f 776 775 589
f 777 765 579
f 777 579 591
f 592 777 591
f 592 778 777
f 777 766 765
f 777 778 766
f 767 593 580
f 767 779 593
f 593 778 592
f 593 779 778
f 780 768 581
f 780 581 594
f 780 779 767
f 780 767 768
f 781 582 769
f 781 595 582
f 781 768 780
f 781 769 768
f 771 584 596
f 771 596 782
f 783 596 597
f 783 782 596
f 772 598 586
f 772 784 598
f 785 599 598
f 785 598 784
f 785 784 772
f 785 772 773
f 787 601 600
f 787 600 786
f 780 594 606
f 780 606 789
f 788 779 780
f 788 780 789
f 781 607 595
f 781 790 607
f 607 789 606
f 607 790 789
f 789 781 780
f 789 790 781
f 783 597 608
f 783 608 793
f 795 599 785
f 795 611 599
f 795 610 611
f 795 794 610
f 796 786 600
f 796 600 612
f 787 613 601
f 787 797 613
f 613 796 612
f 613 797 796
f 800 790 791
f 800 791 801
f 802 618 617
f 802 617 801
f 793 608 619
f 793 619 803
f 619 618 802
f 619 802 803
f 803 802 792
f 803 792 793
f 794 621 610
f 794 805 621
f 806 622 621
f 806 621 805
f 805 794 795
f 805 795 806
f 623 622 806
f 623 806 807
f 625 624 808
f 625 808 809
f 810 809 798
f 810 798 799
f 811 801 617
f 811 617 626
f 811 802 801
f 811 812 802
f 813 802 812
f 813 803 802
f 813 804 803
f 813 814 804
f 815 623 807
f 815 631 623
f 808 624 633
f 808 633 816
f 817 625 809
f 817 634 625
f 634 816 633
f 634 817 816
f 817 808 816
f 817 809 808
f 635 634 817
f 635 817 818
f 818 817 809
f 818 809 810
f 819 811 626
f 819 626 636
f 820 636 637
f 820 819 636
f 819 812 811
f 819 820 812
f 821 814 813
f 821 822 814
f 815 639 631
f 815 823 639
f 824 640 639
f 824 639 823
f 825 817 634
f 825 634 642
f 826 635 818
f 826 643 635
f 643 825 642
f 643 826 825
f 825 818 817
f 825 826 818
f 829 820 637
f 829 637 645
f 829 828 819
f 829 819 820
f 830 645 646
f 830 829 645
f 824 647 640
f 824 832 647
f 831 824 823
f 831 832 824
f 834 651 650
f 834 650 833
f 835 652 651
f 835 651 834
f 835 834 827
f 835 827 828
f 653 652 835
f 653 835 836
f 835 828 829
f 835 829 836
f 830 646 654
f 830 654 837
f 836 829 830
f 836 830 837
f 832 655 647
f 832 838 655
f 839 656 655
f 839 655 838
f 840 657 656
f 840 656 839
f 842 833 650
f 842 650 660
f 843 653 836
f 843 663 653
f 844 837 654
f 844 654 664
f 844 664 663
f 844 663 843
f 843 836 837
f 843 837 844
f 840 665 657
f 840 845 665
f 846 666 665
f 846 665 845
f 667 666 846
f 667 846 847
f 842 660 668
f 842 668 848
f 848 668 667
f 848 667 847
f 848 847 841
f 848 841 842
f 852 669 670
f 852 851 669
f 853 670 671
f 853 852 670
f 855 672 673
f 855 854 672
f 854 850 849
f 854 855 850
f 856 673 674
f 856 855 673
f 676 857 675
f 676 858 857
f 860 669 851
f 860 678 669
f 860 677 678
f 860 859 677
f 862 853 671
f 862 671 680
f 862 680 679
f 862 679 861
f 861 852 853
f 861 853 862
f 682 863 681
f 682 864 863
f 865 682 683
f 865 864 682
f 684 865 683
f 684 866 865
f 867 672 854
f 867 685 672
f 867 684 685
f 867 866 684
f 868 856 674
f 868 674 687
f 857 688 675
f 857 869 688
f 688 868 687
f 688 869 868
f 870 858 676
f 870 676 689
f 870 869 857
f 870 857 858
f 871 677 859
f 871 690 677
f 871 858 870
f 871 859 858
f 861 679 691
f 861 691 872
f 873 691 692
f 873 872 691
f 863 693 681
f 863 874 693
f 875 694 693
f 875 693 874
f 875 874 863
f 875 863 864
f 877 696 695
f 877 695 876
f 870 689 701
f 870 701 879
f 878 869 870
f 878 870 879
f 871 702 690
f 871 880 702
f 880 701 702
f 880 879 701
f 879 871 870
f 879 880 871
f 873 692 703
f 873 703 882
f 884 694 875
f 884 706 694
f 884 705 706
f 884 883 705
f 885 876 695
f 885 695 707
f 877 708 696
f 877 886 708
f 708 885 707
f 708 886 885
f 888 887 878
f 888 878 879
f 889 880 881
f 889 881 890
f 891 713 712
f 891 712 890
f 882 703 714
f 882 714 892
f 714 713 891
f 714 891 892
f 883 716 705
f 883 894 716
f 895 717 716
f 895 716 894
f 894 883 884
f 894 884 895
f 718 717 895
f 718 895 896
f 898 897 887
f 898 887 888
f 899 890 712
f 899 712 719
f 899 891 890
f 899 900 891
f 901 891 900
f 901 892 891
f 901 893 892
f 901 902 893
f 903 718 896
f 903 724 718
f 725 724 903
f 725 903 904
f 727 726 905
f 727 905 906
f 899 719 728
f 899 728 907
f 908 728 729
f 908 907 728
f 907 900 899
f 907 908 900
f 909 902 901
f 909 910 902
f 912 725 904
f 912 731 725
f 911 904 903
f 911 912 904
f 905 726 733
f 905 733 913
f 906 734 727
f 906 914 734
f 734 913 733
f 734 914 913
f 913 906 905
f 913 914 906
f 917 908 729
f 917 729 736
f 917 916 907
f 917 907 908
f 737 917 736
f 737 918 917
f 912 738 731
f 912 920 738
f 919 912 911
f 919 920 912
f 921 739 738
f 921 738 920
f 923 743 742
f 923 742 922
f 924 744 743
f 924 743 923
f 924 923 915
f 924 915 916
f 745 744 924
f 745 924 925
f 924 916 917
f 924 917 925
f 926 918 737
f 926 737 746
f 925 917 918
f 925 918 926
f 921 747 739
f 921 928 747
f 927 921 920
f 927 928 921
f 929 748 747
f 929 747 928
f 932 922 742
f 932 742 751
f 925 754 745
f 925 933 754
f 926 746 755
f 926 755 934
f 755 754 933
f 755 933 934
f 933 925 926
f 933 926 934
f 929 756 748
f 929 935 756
f 757 756 935
f 757 935 936
f 935 929 930
f 935 930 936
f 937 758 757
f 937 757 936
f 932 751 759
f 932 759 938
f 938 759 758
f 938 758 937
f 938 937 931
f 938 931 932
f 940 760 761
f 940 939 760
f 942 762 763
f 942 941 762
f 945 760 939
f 945 764 760
f 946 940 761
f 946 761 765
f 766 946 765
f 766 947 946
f 769 948 768
f 769 949 948
f 941 770 762
f 941 950 770
f 770 949 769
f 770 950 949
f 951 942 763
f 951 763 771
f 951 950 941
f 951 941 942
f 774 952 773
f 774 953 952
f 775 953 774
f 775 954 953
f 954 943 953
f 954 944 943
f 955 764 945
f 955 776 764
f 955 775 776
f 955 954 775
f 947 766 778
f 947 778 957
f 956 946 947
f 956 947 957
f 779 957 778
f 779 958 957
f 948 780 768
f 948 959 780
f 960 959 948
f 960 948 949
f 951 771 782
f 951 782 962
f 961 950 951
f 961 951 962
f 963 782 783
f 963 962 782
f 964 773 952
f 964 785 773
f 787 786 965
f 787 965 966
f 958 779 788
f 958 788 967
f 959 789 780
f 959 968 789
f 968 788 789
f 968 967 788
f 968 958 967
f 968 959 958
f 791 790 969
f 791 969 970
f 972 963 783
f 972 783 793
f 972 793 792
f 972 792 971
f 971 962 963
f 971 963 972
f 973 785 964
f 973 795 785
f 965 786 796
f 965 796 974
f 966 797 787
f 966 975 797
f 797 974 796
f 797 975 974
f 974 966 965
f 974 975 966
f 978 799 798
f 978 798 977
f 969 790 800
f 969 800 979
f 980 791 970
f 980 801 791
f 980 800 801
f 980 979 800
f 979 970 969
f 979 980 970
f 981 971 792
f 981 792 802
f 803 981 802
f 803 982 981
f 804 982 803
f 804 983 982
f 973 806 795
f 973 984 806
f 807 806 984
f 807 984 985
f 988 977 798
f 988 798 809
f 988 987 976
f 988 976 977
f 978 810 799
f 978 989 810
f 988 978 977
f 988 989 978
f 992 813 812
f 992 812 991
f 991 981 982
f 991 982 992
f 993 983 804
f 993 804 814
f 994 807 985
f 994 815 807
f 996 995 986
f 996 986 987
f 997 988 809
f 997 809 817
f 996 987 988
f 996 988 997
f 989 818 810
f 989 998 818
f 818 997 817
f 818 998 997
f 997 989 988
f 997 998 989
f 1001 991 812
f 1001 812 820
f 1001 820 819
f 1001 819 1000
f 1001 1000 990
f 1001 990 991
f 1002 813 992
f 1002 821 813
f 1003 993 814
f 1003 814 822
f 822 821 1002
f 822 1002 1003
f 1002 992 993
f 1002 993 1003
f 994 823 815
f 994 1004 823
f 1005 997 998
f 1005 998 1006
f 1006 998 999
f 1006 999 1007
f 1008 1000 819
f 1008 819 828
f 1008 828 827
f 1008 827 1007
f 1008 1007 999
f 1008 999 1000
f 1004 831 823
f 1004 1009 831
f 1010 832 831
f 1010 831 1009
f 1014 1007 827
f 1014 827 834
f 1014 834 833
f 1014 833 1013
f 1014 1013 1006
f 1014 1006 1007
f 1015 832 1010
f 1015 838 832
f 839 838 1015
f 839 1015 1016
f 1015 1010 1011
f 1015 1011 1016
f 840 839 1016
f 840 1016 1017
f 1013 833 842
f 1013 842 1020
f 1020 842 841
f 1020 841 1019
f 1020 1019 1012
f 1020 1012 1013
f 1017 845 840
f 1017 1021 845
f 1022 846 845
f 1022 845 1021
f 1021 1017 1018
f 1021 1018 1022
f 1023 1019 841
f 1023 841 847
f 1023 847 846
f 1023 846 1022
f 1024 1019 1023
f 1024 1020 1019
f 1025 1022 1021
f 1025 1026 1022
f 1027 1022 1026
f 1027 1023 1022
f 850 1030 849
f 850 1031 1030
f 1031 1028 1030
f 1031 1029 1028
f 1033 851 852
f 1033 1032 851
f 1036 849 1030
f 1036 854 849
f 1037 1031 850
f 1037 850 855
f 1038 855 856
f 1038 1037 855
f 859 1039 858
f 859 1040 1039
f 1032 860 851
f 1032 1041 860
f 860 1040 859
f 860 1041 1040
f 1042 1033 852
f 1042 852 861
f 1042 1041 1032
f 1042 1032 1033
f 865 1043 864
f 865 1044 1043
f 866 1044 865
f 866 1045 1044
f 1045 1034 1044
f 1045 1035 1034
f 1046 854 1036
f 1046 867 854
f 1046 866 867
f 1046 1045 866
f 1038 856 868
f 1038 868 1048
f 1047 1037 1038
f 1047 1038 1048
f 1049 868 869
f 1049 1048 868
f 1039 870 858
f 1039 1050 870
f 1051 1050 1039
f 1051 1039 1040
f 1042 861 872
f 1042 872 1053
f 1052 1041 1042
f 1052 1042 1053
f 1054 872 873
f 1054 1053 872
f 1055 864 1043
f 1055 875 864
f 877 876 1056
f 877 1056 1057
f 1049 869 878
f 1049 878 1058
f 1050 879 870
f 1050 1059 879
f 1059 1049 1058
f 1059 1050 1049
f 881 880 1060
f 881 1060 1061
f 1054 873 882
f 1054 882 1063
f 1062 1053 1054
f 1062 1054 1063
f 1055 884 875
f 1055 1064 884
f 1056 876 885
f 1056 885 1065
f 1057 886 877
f 1057 1066 886
f 886 1065 885
f 886 1066 1065
f 1065 1057 1056
f 1065 1066 1057
f 1058 878 887
f 1058 887 1069
f 1059 888 879
f 1059 1070 888
f 1070 1058 1069
f 1070 1059 1058
f 1060 880 889
f 1060 889 1071
f 1072 881 1061
f 1072 890 881
f 1072 889 890
f 1072 1071 889
f 1071 1061 1060
f 1071 1072 1061
f 1063 882 892
f 1063 892 1074
f 1074 1073 1062
f 1074 1062 1063
f 893 1074 892
f 893 1075 1074
f 1064 895 884
f 1064 1076 895
f 896 895 1076
f 896 1076 1077
f 1078 1066 1067
f 1078 1067 1079
f 1069 887 897
f 1069 897 1082
f 1082 1081 1068
f 1082 1068 1069
f 1070 898 888
f 1070 1083 898
f 1083 897 898
f 1083 1082 897
f 1083 1069 1082
f 1083 1070 1069
f 1086 901 900
f 1086 900 1085
f 1086 1085 1073
f 1086 1073 1074
f 1087 1075 893
f 1087 893 902
f 1088 896 1077
f 1088 903 896
f 1090 1089 1080
f 1090 1080 1081
f 1091 1090 1081
f 1091 1081 1082
f 1095 1085 900
f 1095 900 908
f 1095 908 907
f 1095 907 1094
f 1095 1094 1084
f 1095 1084 1085
f 1096 901 1086
f 1096 909 901
f 1097 1087 902
f 1097 902 910
f 910 909 1096
f 910 1096 1097
f 1096 1086 1087
f 1096 1087 1097
f 1088 911 903
f 1088 1098 911
f 1099 1091 1092
f 1099 1092 1100
f 1100 1092 1093
f 1100 1093 1101
f 1102 1094 907
f 1102 907 916
f 1102 916 915
f 1102 915 1101
f 1102 1101 1093
f 1102 1093 1094
f 1098 919 911
f 1098 1103 919
f 1104 920 919
f 1104 919 1103
f 1108 1101 915
f 1108 915 923
f 1108 923 922
f 1108 922 1107
f 1108 1107 1100
f 1108 1100 1101
f 1109 920 1104
f 1109 927 920
f 928 927 1109
f 928 1109 1110
f 1109 1104 1105
f 1109 1105 1110
f 929 928 1110
f 929 1110 1111
f 930 929 1111
f 930 1111 1112
f 1107 922 932
f 1107 932 1114
f 1114 932 931
f 1114 931 1113
f 1114 1113 1106
f 1114 1106 1107
f 1115 930 1112
f 1115 936 930
f 1116 1113 931
f 1116 931 937
f 937 936 1115
f 937 1115 1116
f 1117 1113 1116
f 1117 1114 1113
f 1119 1115 1118
f 1119 1116 1115
f 940 1120 939
f 940 1121 1120
f 1124 943 944
f 1124 1123 943
f 1125 939 1120
f 1125 945 939
f 1126 1121 940
f 1126 940 946
f 1129 949 950
f 1129 1128 949
f 1131 943 1123
f 1131 953 943
f 1131 952 953
f 1131 1130 952
f 1131 1122 1130
f 1131 1123 1122
f 1132 1124 944
f 1132 944 954
f 1133 945 1125
f 1133 955 945
f 955 1132 954
f 955 1133 1132
f 1133 1124 1132
f 1133 1125 1124
f 1134 1126 946
f 1134 946 956
f 1135 956 957
f 1135 1134 956
f 1134 1127 1126
f 1134 1135 1127
f 958 1135 957
f 958 1136 1135
f 1137 958 959
f 1137 1136 958
f 1128 960 949
f 1128 1138 960
f 960 1137 959
f 960 1138 1137
f 1129 950 961
f 1129 961 1139
f 1138 1128 1129
f 1138 1129 1139
f 1140 961 962
f 1140 1139 961
f 1142 952 1130
f 1142 964 952
f 1143 1136 1137
f 1143 1137 1144
f 1140 962 971
f 1140 971 1145
f 1147 964 1142
f 1147 973 964
f 1146 1142 1141
f 1146 1147 1142
f 977 976 1151
f 977 1151 1152
f 1153 1152 1143
f 1153 1143 1144
f 1145 971 981
f 1145 981 1155
f 983 1156 982
f 983 1157 1156
f 1158 973 1147
f 1158 984 973
f 985 984 1158
f 985 1158 1159
f 1158 1147 1148
f 1158 1148 1159
f 1160 1149 1150
f 1160 1150 1161
f 1163 1151 976
f 1163 976 987
f 987 986 1162
f 987 1162 1163
f 1164 977 1152
f 1164 988 977
f 1164 1151 1163
f 1164 1152 1151
f 1166 1155 981
f 1166 981 991
f 1166 991 990
f 1166 990 1165
f 1166 1165 1154
f 1166 1154 1155
f 1167 982 1156
f 1167 992 982
f 1168 1157 983
f 1168 983 993
f 993 992 1167
f 993 1167 1168
f 1167 1156 1157
f 1167 1157 1168
f 1169 985 1159
f 1169 994 985
f 1162 986 995
f 1162 995 1172
f 1173 995 996
f 1173 1172 995
f 1173 1162 1172
f 1173 1163 1162
f 1164 997 988
f 1164 1174 997
f 1174 996 997
f 1174 1173 996
f 1173 1164 1163
f 1173 1174 1164
f 998 997 1174
f 998 1174 1175
f 999 998 1175
f 999 1175 1176
f 1177 1165 990
f 1177 990 1000
f 1177 1000 999
f 1177 999 1176
f 1178 994 1169
f 1178 1004 994
f 1178 1169 1170
f 1178 1170 1179
f 1180 1179 1170
f 1180 1170 1171
f 1174 997 1005
f 1174 1005 1181
f 1182 1005 1006
f 1182 1181 1005
f 1183 1004 1178
f 1183 1009 1004
f 1010 1009 1183
f 1010 1183 1184
f 1183 1178 1179
f 1183 1179 1184
f 1011 1010 1184
f 1011 1184 1185
f 1184 1179 1180
f 1184 1180 1185
f 1188 1182 1006
f 1188 1006 1013
f 1188 1013 1012
f 1188 1012 1187
f 1189 1011 1185
f 1189 1016 1011
f 1190 1017 1016
f 1190 1016 1189
f 1018 1017 1190
f 1018 1190 1191
f 1192 1187 1012
f 1192 1012 1019
f 1192 1191 1186
f 1192 1186 1187
f 1193 1019 1020
f 1193 1192 1019
f 1194 1190 1189
f 1194 1195 1190
f 1196 1018 1191
f 1196 1022 1018
f 1022 1195 1021
f 1022 1196 1195
f 1196 1190 1195
f 1196 1191 1190
f 1197 1196 1191
f 1197 1191 1192
f 1193 1020 1024
f 1193 1024 1198
f 1024 1023 1197
f 1024 1197 1198
f 1198 1197 1192
f 1198 1192 1193
f 1195 1025 1021
f 1195 1200 1025
f 1200 1194 1199
f 1200 1195 1194
f 1201 1026 1025
f 1201 1025 1200
f 1197 1023 1027
f 1197 1027 1202
f 1202 1027 1026
f 1202 1026 1201
f 1202 1201 1196
f 1202 1196 1197
f 1029 1203 1028
f 1029 1204 1203
f 1205 1028 1203
f 1205 1030 1028
f 1204 1029 1031
f 1204 1031 1206
f 1205 1203 1204
f 1205 1204 1206
f 1209 1034 1035
f 1209 1208 1034
f 1210 1030 1205
f 1210 1036 1030
f 1211 1206 1031
f 1211 1031 1037
f 1214 1040 1041
f 1214 1213 1040
f 1216 1034 1208
f 1216 1044 1034
f 1216 1043 1044
f 1216 1215 1043
f 1216 1207 1215
f 1216 1208 1207
f 1217 1209 1035
f 1217 1035 1045
f 1218 1036 1210
f 1218 1046 1036
f 1046 1217 1045
f 1046 1218 1217
f 1218 1209 1217
f 1218 1210 1209
f 1219 1211 1037
f 1219 1037 1047
f 1220 1047 1048
f 1220 1219 1047
f 1219 1212 1211
f 1219 1220 1212
f 1049 1220 1048
f 1049 1221 1220
f 1222 1049 1050
f 1222 1221 1049
f 1213 1051 1040
f 1213 1223 1051
f 1051 1222 1050
f 1051 1223 1222
f 1214 1041 1052
f 1214 1052 1224
f 1223 1213 1214
f 1223 1214 1224
f 1225 1052 1053
f 1225 1224 1052
f 1227 1043 1215
f 1227 1055 1043
f 1230 1221 1222
f 1230 1222 1231
f 1225 1053 1062
f 1225 1062 1232
f 1234 1055 1227
f 1234 1064 1055
f 1233 1227 1226
f 1233 1234 1227
f 1067 1066 1236
f 1067 1236 1237
f 1238 1237 1228
f 1238 1228 1229
f 1240 1069 1068
f 1240 1068 1239
f 1241 1240 1230
f 1241 1230 1231
f 1232 1062 1073
f 1232 1073 1243
f 1075 1244 1074
f 1075 1245 1244
f 1246 1064 1234
f 1246 1076 1064
f 1077 1076 1246
f 1077 1246 1247
f 1246 1234 1235
f 1246 1235 1247
f 1236 1066 1078
f 1236 1078 1248
f 1249 1067 1237
f 1249 1079 1067
f 1249 1078 1079
f 1249 1248 1078
f 1251 1239 1068
f 1251 1068 1081
f 1081 1080 1250
f 1081 1250 1251
f 1252 1069 1240
f 1252 1082 1069
f 1252 1239 1251
f 1252 1240 1239
f 1254 1243 1073
f 1254 1073 1085
f 1254 1085 1084
f 1254 1084 1253
f 1254 1253 1242
f 1254 1242 1243
f 1244 1086 1074
f 1244 1255 1086
f 1256 1245 1075
f 1256 1075 1087
f 1087 1086 1255
f 1087 1255 1256
f 1255 1244 1245
f 1255 1245 1256
f 1257 1077 1247
f 1257 1088 1077
f 1250 1080 1089
f 1250 1089 1260
f 1090 1260 1089
f 1090 1261 1260
f 1261 1250 1260
f 1261 1251 1250
f 1252 1091 1082
f 1252 1262 1091
f 1091 1261 1090
f 1091 1262 1261
f 1261 1252 1251
f 1261 1262 1252
f 1263 1092 1091
f 1263 1091 1262
f 1264 1093 1092
f 1264 1092 1263
f 1265 1253 1084
f 1265 1084 1094
f 1265 1094 1093
f 1265 1093 1264
f 1266 1088 1257
f 1266 1098 1088
f 1266 1257 1258
f 1266 1258 1267
f 1267 1258 1259
f 1267 1259 1268
f 1262 1091 1099
f 1262 1099 1269
f 1270 1099 1100
f 1270 1269 1099
f 1271 1098 1266
f 1271 1103 1098
f 1272 1104 1103
f 1272 1103 1271
f 1271 1266 1267
f 1271 1267 1272
f 1105 1104 1272
f 1105 1272 1273
f 1272 1267 1268
f 1272 1268 1273
f 1276 1270 1100
f 1276 1100 1107
f 1276 1107 1106
f 1276 1106 1275
f 1277 1105 1273
f 1277 1110 1105
f 1111 1110 1277
f 1111 1277 1278
f 1112 1111 1278
f 1112 1278 1279
f 1280 1275 1106
f 1280 1106 1113
f 1280 1279 1274
f 1280 1274 1275
f 1281 1113 1114
f 1281 1280 1113
f 1282 1278 1277
f 1282 1283 1278
f 1284 1112 1279
f 1284 1115 1112
f 1284 1278 1283
f 1284 1279 1278
f 1285 1284 1279
f 1285 1279 1280
f 1281 1114 1117
f 1281 1117 1286
f 1117 1116 1285
f 1117 1285 1286
f 1286 1285 1280
f 1286 1280 1281
f 1284 1118 1115
f 1284 1288 1118
f 1287 1284 1283
f 1287 1288 1284
f 1285 1116 1119
f 1285 1119 1289
f 1289 1119 1118
f 1289 1118 1288
f 1289 1288 1284
f 1289 1284 1285
f 1121 1290 1120
f 1121 1291 1290
f 1294 1122 1123
f 1294 1293 1122
f 1295 1123 1124
f 1295 1294 1123
f 1290 1125 1120
f 1290 1296 1125
f 1125 1295 1124
f 1125 1296 1295
f 1291 1121 1126
f 1291 1126 1297
f 1296 1290 1291
f 1296 1291 1297
f 1127 1297 1126
f 1127 1298 1297
f 1300 1122 1293
f 1300 1130 1122
f 1300 1292 1299
f 1300 1293 1292
f 1302 1301 1294
f 1302 1294 1295
f 1304 1298 1127
f 1304 1127 1135
f 1305 1135 1136
f 1305 1304 1135
f 1138 1306 1137
f 1138 1307 1306
f 1139 1307 1138
f 1139 1308 1307
f 1140 1308 1139
f 1140 1309 1308
f 1300 1142 1130
f 1300 1311 1142
f 1311 1141 1142
f 1311 1310 1141
f 1310 1300 1299
f 1310 1311 1300
f 1313 1312 1303
f 1313 1303 1304
f 1305 1136 1143
f 1305 1143 1314
f 1313 1304 1305
f 1313 1305 1314
f 1306 1144 1137
f 1306 1315 1144
f 1316 1315 1306
f 1316 1306 1307
f 1317 1316 1307
f 1317 1307 1308
f 1309 1140 1145
f 1309 1145 1318
f 1317 1308 1309
f 1317 1309 1318
f 1319 1141 1310
f 1319 1146 1141
f 1147 1146 1319
f 1147 1319 1320
f 1319 1310 1311
f 1319 1311 1320
f 1148 1147 1320
f 1148 1320 1321
f 1150 1149 1322
f 1150 1322 1323
f 1324 1314 1143
f 1324 1143 1152
f 1315 1153 1144
f 1315 1325 1153
f 1153 1324 1152
f 1153 1325 1324
f 1324 1315 1314
f 1324 1325 1315
f 1325 1315 1316
f 1325 1316 1326
f 1327 1326 1316
f 1327 1316 1317
f 1328 1318 1145
f 1328 1145 1155
f 1328 1155 1154
f 1328 1154 1327
f 1328 1327 1317
f 1328 1317 1318
f 1321 1159 1148
f 1321 1330 1159
f 1329 1321 1320
f 1329 1330 1321
f 1322 1149 1160
f 1322 1160 1331
f 1323 1161 1150
f 1323 1332 1161
f 1332 1160 1161
f 1332 1331 1160
f 1332 1322 1331
f 1332 1323 1322
f 1334 1325 1326
f 1334 1326 1335
f 1336 1327 1154
f 1336 1154 1165
f 1336 1335 1326
f 1336 1326 1327
f 1330 1169 1159
f 1330 1337 1169
f 1170 1169 1337
f 1170 1337 1338
f 1337 1330 1331
f 1337 1331 1338
f 1339 1171 1170
f 1339 1170 1338
f 1342 1175 1174
f 1342 1174 1341
f 1342 1341 1333
f 1342 1333 1334
f 1343 1176 1175
f 1343 1175 1342
f 1342 1334 1335
f 1342 1335 1343
f 1336 1165 1177
f 1336 1177 1344
f 1344 1177 1176
f 1344 1176 1343
f 1343 1335 1336
f 1343 1336 1344
f 1347 1337 1346
f 1347 1338 1337
f 1348 1171 1339
f 1348 1180 1171
f 1347 1339 1338
f 1347 1348 1339
f 1341 1174 1181
f 1341 1181 1350
f 1350 1349 1340
f 1350 1340 1341
f 1351 1181 1182
f 1351 1350 1181
f 1353 1345 1352
f 1353 1346 1345
f 1354 1346 1353
f 1354 1347 1346
f 1348 1185 1180
f 1348 1355 1185
f 1354 1348 1347
f 1354 1355 1348
f 1358 1187 1186
f 1358 1186 1357
f 1358 1357 1349
f 1358 1349 1350
f 1359 1351 1182
f 1359 1182 1188
f 1188 1187 1358
f 1188 1358 1359
f 1358 1350 1351
f 1358 1351 1359
f 1355 1189 1185
f 1355 1360 1189
f 1360 1355 1356
f 1360 1356 1361
f 1362 1357 1186
f 1362 1186 1191
f 1362 1361 1356
f 1362 1356 1357
f 1360 1194 1189
f 1360 1363 1194
f 1362 1191 1196
f 1362 1196 1364
f 1363 1199 1194
f 1363 1365 1199
f 1366 1200 1199
f 1366 1199 1365
f 1364 1196 1201
f 1364 1201 1367
f 1367 1201 1200
f 1367 1200 1366
f 1206 1368 1205
f 1206 1369 1368
f 1372 1207 1208
f 1372 1371 1207
f 1373 1208 1209
f 1373 1372 1208
f 1368 1210 1205
f 1368 1374 1210
f 1210 1373 1209
f 1210 1374 1373
f 1369 1206 1211
f 1369 1211 1375
f 1375 1374 1368
f 1375 1368 1369
f 1212 1375 1211
f 1212 1376 1375
f 1378 1207 1371
f 1378 1215 1207
f 1378 1370 1377
f 1378 1371 1370
f 1380 1379 1372
f 1380 1372 1373
f 1381 1376 1212
f 1381 1212 1220
f 1382 1220 1221
f 1382 1381 1220
f 1223 1383 1222
f 1223 1384 1383
f 1224 1384 1223
f 1224 1385 1384
f 1225 1385 1224
f 1225 1386 1385
f 1378 1227 1215
f 1378 1388 1227
f 1388 1226 1227
f 1388 1387 1226
f 1387 1378 1377
f 1387 1388 1378
f 1229 1228 1389
f 1229 1389 1390
f 1382 1221 1230
f 1382 1230 1391
f 1383 1231 1222
f 1383 1392 1231
f 1393 1392 1383
f 1393 1383 1384
f 1394 1393 1384
f 1394 1384 1385
f 1386 1225 1232
f 1386 1232 1395
f 1394 1385 1386
f 1394 1386 1395
f 1396 1226 1387
f 1396 1233 1226
f 1234 1233 1396
f 1234 1396 1397
f 1396 1387 1388
f 1396 1388 1397
f 1235 1234 1397
f 1235 1397 1398
f 1400 1389 1228
f 1400 1228 1237
f 1237 1236 1399
f 1237 1399 1400
f 1390 1238 1229
f 1390 1401 1238
f 1238 1400 1237
f 1238 1401 1400
f 1400 1390 1389
f 1400 1401 1390
f 1403 1391 1230
f 1403 1230 1240
f 1392 1241 1231
f 1392 1404 1241
f 1241 1403 1240
f 1241 1404 1403
f 1403 1392 1391
f 1403 1404 1392
f 1404 1392 1393
f 1404 1393 1405
f 1406 1405 1393
f 1406 1393 1394
f 1407 1395 1232
f 1407 1232 1243
f 1407 1243 1242
f 1407 1242 1406
f 1407 1406 1394
f 1407 1394 1395
f 1398 1247 1235
f 1398 1409 1247
f 1408 1398 1397
f 1408 1409 1398
f 1399 1236 1248
f 1399 1248 1410
f 1411 1237 1400
f 1411 1249 1237
f 1411 1248 1249
f 1411 1410 1248
f 1411 1399 1410
f 1411 1400 1399
f 1412 1401 1402
f 1412 1402 1413
f 1415 1404 1405
f 1415 1405 1416
f 1417 1406 1242
f 1417 1242 1253
f 1417 1416 1405
f 1417 1405 1406
f 1409 1257 1247
f 1409 1418 1257
f 1258 1257 1418
f 1258 1418 1419
f 1418 1409 1410
f 1418 1410 1419
f 1420 1259 1258
f 1420 1258 1419
f 1423 1263 1262
f 1423 1262 1422
f 1423 1422 1414
f 1423 1414 1415
f 1264 1263 1423
f 1264 1423 1424
f 1423 1415 1416
f 1423 1416 1424
f 1425 1417 1253
f 1425 1253 1265
f 1425 1265 1264
f 1425 1264 1424
f 1424 1416 1417
f 1424 1417 1425
f 1428 1418 1427
f 1428 1419 1418
f 1429 1259 1420
f 1429 1268 1259
f 1428 1420 1419
f 1428 1429 1420
f 1422 1262 1269
f 1422 1269 1431
f 1431 1430 1421
f 1431 1421 1422
f 1432 1269 1270
f 1432 1431 1269
f 1434 1426 1433
f 1434 1427 1426
f 1435 1427 1434
f 1435 1428 1427
f 1429 1273 1268
f 1429 1436 1273
f 1435 1429 1428
f 1435 1436 1429
f 1439 1275 1274
f 1439 1274 1438
f 1439 1438 1430
f 1439 1430 1431
f 1440 1432 1270
f 1440 1270 1276
f 1276 1275 1439
f 1276 1439 1440
f 1439 1431 1432
f 1439 1432 1440
f 1436 1277 1273
f 1436 1441 1277
f 1441 1436 1437
f 1441 1437 1442
f 1443 1438 1274
f 1443 1274 1279
f 1443 1442 1437
f 1443 1437 1438
f 1441 1282 1277
f 1441 1444 1282
f 1445 1283 1282
f 1445 1282 1444
f 1446 1443 1279
f 1446 1279 1284
f 1445 1287 1283
f 1445 1448 1287
f 1447 1445 1444
f 1447 1448 1445
f 1446 1284 1288
f 1446 1288 1449
f 1449 1288 1287
f 1449 1287 1448
f 1454 1450 1453
f 1454 1451 1450
f 1454 1452 1451
f 1454 1455 1452
f 1464 1456 1463
f 1464 1457 1456
f 1465 1457 1464
f 1465 1458 1457
f 1467 1292 1293
f 1467 1466 1292
f 1468 1293 1294
f 1468 1467 1293
f 1469 1459 1468
f 1469 1460 1459
f 1296 1469 1295
f 1296 1470 1469
f 1469 1461 1460
f 1469 1470 1461
f 1471 1296 1297
f 1471 1470 1296
f 1472 1297 1298
f 1472 1471 1297
f 1474 1462 1473
f 1474 1463 1462
f 1475 1292 1466
f 1475 1299 1292
f 1468 1294 1301
f 1468 1301 1477
f 1476 1467 1468
f 1476 1468 1477
f 1478 1295 1469
f 1478 1302 1295
f 1478 1301 1302
f 1478 1477 1301
f 1478 1468 1477
f 1478 1469 1468
f 1480 1472 1298
f 1480 1298 1304
f 1480 1304 1303
f 1480 1303 1479
f 1479 1471 1472
f 1479 1472 1480
f 1482 1473 1481
f 1482 1474 1473
f 1483 1299 1475
f 1483 1310 1299
f 1311 1310 1483
f 1311 1483 1484
f 1485 1479 1303
f 1485 1303 1312
f 1313 1485 1312
f 1313 1486 1485
f 1487 1313 1314
f 1487 1486 1313
f 1488 1314 1315
f 1488 1487 1314
f 1484 1320 1311
f 1484 1490 1320
f 1491 1486 1487
f 1491 1487 1492
f 1488 1315 1325
f 1488 1325 1493
f 1492 1487 1488
f 1492 1488 1493
f 1490 1329 1320
f 1490 1495 1329
f 1494 1490 1489
f 1494 1495 1490
f 1496 1330 1329
f 1496 1329 1495
f 1497 1331 1330
f 1497 1330 1496
f 1498 1491 1492
f 1498 1492 1499
f 1500 1493 1325
f 1500 1325 1334
f 1500 1334 1333
f 1500 1333 1499
f 1500 1499 1492
f 1500 1492 1493
f 1502 1496 1495
f 1502 1503 1496
f 1497 1338 1331
f 1497 1504 1338
f 1504 1337 1338
f 1504 1503 1337
f 1504 1496 1503
f 1504 1497 1496
f 1506 1499 1333
f 1506 1333 1341
f 1506 1341 1340
f 1506 1340 1505
f 1506 1505 1498
f 1506 1498 1499
f 1507 1502 1501
f 1507 1508 1502
f 1503 1346 1337
f 1503 1509 1346
f 1509 1345 1346
f 1509 1508 1345
f 1509 1502 1508
f 1509 1503 1502
f 1510 1509 1503
f 1510 1503 1504
f 1513 1505 1340
f 1513 1340 1349
f 1514 1345 1508
f 1514 1352 1345
f 1353 1352 1514
f 1353 1514 1515
f 1514 1508 1509
f 1514 1509 1515
f 1516 1354 1353
f 1516 1353 1515
f 1517 1355 1354
f 1517 1354 1516
f 1356 1355 1517
f 1356 1517 1518
f 1517 1511 1512
f 1517 1512 1518
f 1519 1513 1349
f 1519 1349 1357
f 1519 1357 1356
f 1519 1356 1518
f 1361 1520 1360
f 1361 1521 1520
f 1522 1361 1362
f 1522 1521 1361
f 1520 1363 1360
f 1520 1523 1363
f 1524 1523 1520
f 1524 1520 1521
f 1522 1362 1364
f 1522 1364 1525
f 1524 1521 1522
f 1524 1522 1525
f 1523 1365 1363
f 1523 1526 1365
f 1366 1365 1526
f 1366 1526 1527
f 1527 1526 1523
f 1527 1523 1524
f 1525 1364 1367
f 1525 1367 1528
f 1528 1367 1366
f 1528 1366 1527
f 1528 1527 1524
f 1528 1524 1525
f 1533 1529 1532
f 1533 1530 1529
f 1533 1531 1530
f 1533 1534 1531
f 1542 1535 1541
f 1542 1536 1535
f 1543 1536 1542
f 1543 1537 1536
f 1545 1370 1371
f 1545 1544 1370
f 1546 1371 1372
f 1546 1545 1371
f 1548 1373 1374
f 1548 1547 1373
f 1547 1539 1538
f 1547 1548 1539
f 1549 1374 1375
f 1549 1548 1374
f 1550 1375 1376
f 1550 1549 1375
f 1552 1540 1551
f 1552 1541 1540
f 1553 1370 1544
f 1553 1377 1370
f 1546 1372 1379
f 1546 1379 1555
f 1554 1545 1546
f 1554 1546 1555
f 1556 1373 1547
f 1556 1380 1373
f 1556 1379 1380
f 1556 1555 1379
f 1556 1546 1555
f 1556 1547 1546
f 1550 1376 1381
f 1550 1381 1558
f 1557 1549 1550
f 1557 1550 1558
f 1559 1381 1382
f 1559 1558 1381
f 1561 1551 1560
f 1561 1552 1551
f 1562 1377 1553
f 1562 1387 1377
f 1388 1387 1562
f 1388 1562 1563
f 1559 1382 1391
f 1559 1391 1565
f 1564 1558 1559
f 1564 1559 1565
f 1566 1391 1392
f 1566 1565 1391
f 1563 1397 1388
f 1563 1567 1397
f 1402 1401 1568
f 1402 1568 1569
f 1570 1569 1564
f 1570 1564 1565
f 1566 1392 1404
f 1566 1404 1571
f 1570 1565 1566
f 1570 1566 1571
f 1567 1408 1397
f 1567 1572 1408
f 1573 1409 1408
f 1573 1408 1572
f 1574 1410 1409
f 1574 1409 1573
f 1568 1401 1412
f 1568 1412 1575
f 1569 1413 1402
f 1569 1576 1413
f 1413 1575 1412
f 1413 1576 1575
f 1575 1569 1568
f 1575 1576 1569
f 1577 1576 1569
f 1577 1569 1570
f 1578 1571 1404
f 1578 1404 1415
f 1578 1415 1414
f 1578 1414 1577
f 1578 1577 1570
f 1578 1570 1571
f 1580 1573 1572
f 1580 1581 1573
f 1574 1419 1410
f 1574 1582 1419
f 1582 1418 1419
f 1582 1581 1418
f 1582 1573 1581
f 1582 1574 1573
f 1584 1577 1414
f 1584 1414 1422
f 1584 1422 1421
f 1584 1421 1583
f 1584 1583 1576
f 1584 1576 1577
f 1585 1580 1579
f 1585 1586 1580
f 1581 1427 1418
f 1581 1587 1427
f 1587 1426 1427
f 1587 1586 1426
f 1587 1580 1586
f 1587 1581 1580
f 1587 1581 1582
f 1587 1582 1588
f 1591 1583 1421
f 1591 1421 1430
f 1592 1426 1586
f 1592 1433 1426
f 1434 1433 1592
f 1434 1592 1593
f 1592 1586 1587
f 1592 1587 1593
f 1435 1434 1593
f 1435 1593 1594
f 1595 1436 1435
f 1595 1435 1594
f 1594 1588 1589
f 1594 1589 1595
f 1437 1436 1595
f 1437 1595 1596
f 1595 1589 1590
f 1595 1590 1596
f 1597 1591 1430
f 1597 1430 1438
f 1597 1438 1437
f 1597 1437 1596
f 1442 1598 1441
f 1442 1599 1598
f 1600 1442 1443
f 1600 1599 1442
f 1598 1444 1441
f 1598 1601 1444
f 1602 1601 1598
f 1602 1598 1599
f 1600 1443 1446
f 1600 1446 1603
f 1602 1599 1600
f 1602 1600 1603
f 1601 1447 1444
f 1601 1604 1447
f 1605 1448 1447
f 1605 1447 1604
f 1604 1601 1602
f 1604 1602 1605
f 1603 1446 1449
f 1603 1449 1606
f 1606 1449 1448
f 1606 1448 1605
f 1606 1605 1602
f 1606 1602 1603
f 1614 1450 1451
f 1614 1613 1450
f 1614 1607 1613
f 1614 1608 1607
f 1615 1451 1452
f 1615 1614 1451
f 1614 1609 1608
f 1614 1615 1609
f 1617 1610 1616
f 1617 1611 1610
f 1617 1612 1611
f 1617 1618 1612
f 1613 1453 1450
f 1613 1619 1453
f 1620 1454 1453
f 1620 1453 1619
f 1615 1452 1455
f 1615 1455 1621
f 1455 1454 1620
f 1455 1620 1621
f 1626 1617 1616
f 1626 1627 1617
f 1628 1456 1457
f 1628 1627 1456
f 1628 1617 1627
f 1628 1618 1617
f 1458 1628 1457
f 1458 1629 1628
f 1628 1619 1618
f 1628 1629 1619
f 1629 1620 1619
f 1629 1630 1620
f 1630 1621 1620
f 1630 1631 1621
f 1633 1622 1632
f 1633 1623 1622
f 1634 1623 1633
f 1634 1624 1623
f 1460 1635 1459
f 1460 1636 1635
f 1461 1636 1460
f 1461 1637 1636
f 1639 1625 1638
f 1639 1626 1625
f 1640 1456 1627
f 1640 1463 1456
f 1640 1462 1463
f 1640 1639 1462
f 1639 1627 1626
f 1639 1640 1627
f 1641 1464 1463
f 1641 1463 1640
f 1629 1458 1465
f 1629 1465 1642
f 1465 1464 1641
f 1465 1641 1642
f 1643 1629 1642
f 1643 1630 1629
f 1643 1631 1630
f 1643 1644 1631
f 1644 1632 1631
f 1644 1645 1632
f 1645 1633 1632
f 1645 1646 1633
f 1647 1466 1467
f 1647 1646 1466
f 1648 1459 1635
f 1648 1468 1459
f 1649 1648 1635
f 1649 1635 1636
f 1650 1637 1461
f 1650 1461 1470
f 1651 1470 1471
f 1651 1650 1470
f 1654 1462 1639
f 1654 1473 1462
f 1654 1638 1653
f 1654 1639 1638
f 1640 1463 1474
f 1640 1474 1655
f 1655 1641 1640
f 1655 1656 1641
f 1657 1641 1656
f 1657 1642 1641
f 1658 1644 1643
f 1658 1659 1644
f 1660 1644 1659
f 1660 1645 1644
f 1661 1466 1646
f 1661 1475 1466
f 1661 1645 1660
f 1661 1646 1645
f 1647 1467 1476
f 1647 1476 1662
f 1661 1646 1647
f 1661 1647 1662
f 1663 1468 1648
f 1663 1477 1468
f 1663 1476 1477
f 1663 1662 1476
f 1666 1651 1471
f 1666 1471 1479
f 1665 1650 1651
f 1665 1651 1666
f 1668 1652 1667
f 1668 1653 1652
f 1654 1481 1473
f 1654 1669 1481
f 1668 1654 1653
f 1668 1669 1654
f 1655 1474 1482
f 1655 1482 1670
f 1482 1481 1669
f 1482 1669 1670
f 1672 1658 1671
f 1672 1659 1658
f 1674 1475 1661
f 1674 1483 1475
f 1673 1661 1660
f 1673 1674 1661
f 1675 1484 1483
f 1675 1483 1674
f 1677 1676 1664
f 1677 1664 1665
f 1666 1479 1485
f 1666 1485 1678
f 1677 1665 1666
f 1677 1666 1678
f 1679 1485 1486
f 1679 1678 1485
f 1680 1668 1667
f 1680 1681 1668
f 1681 1669 1668
f 1681 1682 1669
f 1682 1670 1669
f 1682 1683 1670
f 1675 1490 1484
f 1675 1686 1490
f 1686 1489 1490
f 1686 1685 1489
f 1685 1675 1674
f 1685 1686 1675
f 1679 1486 1491
f 1679 1491 1688
f 1687 1678 1679
f 1687 1679 1688
f 1689 1683 1682
f 1689 1690 1683
f 1690 1684 1683
f 1690 1691 1684
f 1692 1489 1685
f 1692 1494 1489
f 1693 1495 1494
f 1693 1494 1692
f 1692 1685 1686
f 1692 1686 1693
f 1694 1688 1491
f 1694 1491 1498
f 1697 1495 1693
f 1697 1502 1495
f 1697 1501 1502
f 1697 1696 1501
f 1504 1503 1698
f 1504 1698 1699
f 1701 1694 1498
f 1701 1498 1505
f 1702 1694 1701
f 1702 1695 1694
f 1696 1507 1501
f 1696 1703 1507
f 1704 1508 1507
f 1704 1507 1703
f 1705 1698 1503
f 1705 1503 1509
f 1705 1509 1508
f 1705 1508 1704
f 1699 1510 1504
f 1699 1706 1510
f 1510 1705 1509
f 1510 1706 1705
f 1512 1511 1707
f 1512 1707 1708
f 1709 1701 1505
f 1709 1505 1513
f 1709 1708 1700
f 1709 1700 1701
f 1710 1509 1705
f 1710 1515 1509
f 1516 1515 1710
f 1516 1710 1711
f 1710 1705 1706
f 1710 1706 1711
f 1712 1707 1511
f 1712 1511 1517
f 1712 1517 1516
f 1712 1516 1711
f 1712 1711 1706
f 1712 1706 1707
f 1713 1512 1708
f 1713 1518 1512
f 1714 1709 1513
f 1714 1513 1519
f 1519 1518 1713
f 1519 1713 1714
f 1713 1708 1709
f 1713 1709 1714
f 1722 1529 1530
f 1722 1721 1529
f 1722 1715 1721
f 1722 1716 1715
f 1723 1530 1531
f 1723 1722 1530
f 1722 1717 1716
f 1722 1723 1717
f 1725 1718 1724
f 1725 1719 1718
f 1725 1720 1719
f 1725 1726 1720
f 1721 1532 1529
f 1721 1727 1532
f 1728 1533 1532
f 1728 1532 1727
f 1723 1531 1534
f 1723 1534 1729
f 1534 1533 1728
f 1534 1728 1729
f 1734 1725 1724
f 1734 1735 1725
f 1736 1535 1536
f 1736 1735 1535
f 1736 1725 1735
f 1736 1726 1725
f 1537 1736 1536
f 1537 1737 1736
f 1736 1727 1726
f 1736 1737 1727
f 1737 1728 1727
f 1737 1738 1728
f 1738 1729 1728
f 1738 1739 1729
f 1741 1730 1740
f 1741 1731 1730
f 1742 1731 1741
f 1742 1732 1731
f 1539 1743 1538
f 1539 1744 1743
f 1746 1733 1745
f 1746 1734 1733
f 1747 1535 1735
f 1747 1541 1535
f 1747 1540 1541
f 1747 1746 1540
f 1746 1735 1734
f 1746 1747 1735
f 1542 1541 1747
f 1542 1747 1748
f 1737 1537 1543
f 1737 1543 1749
f 1543 1542 1748
f 1543 1748 1749
f 1750 1737 1749
f 1750 1738 1737
f 1750 1739 1738
f 1750 1751 1739
f 1751 1740 1739
f 1751 1752 1740
f 1752 1741 1740
f 1752 1753 1741
f 1754 1544 1545
f 1754 1753 1544
f 1754 1741 1753
f 1754 1742 1741
f 1756 1538 1743
f 1756 1547 1538
f 1547 1755 1546
f 1547 1756 1755
f 1757 1744 1539
f 1757 1539 1548
f 1758 1548 1549
f 1758 1757 1548
f 1761 1540 1746
f 1761 1551 1540
f 1761 1745 1760
f 1761 1746 1745
f 1747 1541 1552
f 1747 1552 1762
f 1762 1748 1747
f 1762 1763 1748
f 1764 1748 1763
f 1764 1749 1748
f 1765 1751 1750
f 1765 1766 1751
f 1766 1752 1751
f 1766 1767 1752
f 1768 1544 1753
f 1768 1553 1544
f 1768 1752 1767
f 1768 1753 1752
f 1769 1754 1545
f 1769 1545 1554
f 1768 1753 1754
f 1768 1754 1769
f 1770 1546 1755
f 1770 1555 1546
f 1770 1554 1555
f 1770 1769 1554
f 1758 1549 1557
f 1758 1557 1773
f 1772 1757 1758
f 1772 1758 1773
f 1774 1557 1558
f 1774 1773 1557
f 1776 1759 1775
f 1776 1760 1759
f 1761 1560 1551
f 1761 1777 1560
f 1777 1760 1776
f 1777 1761 1760
f 1762 1552 1561
f 1762 1561 1778
f 1561 1560 1777
f 1561 1777 1778
f 1780 1553 1768
f 1780 1562 1553
f 1779 1768 1767
f 1779 1780 1768
f 1781 1563 1562
f 1781 1562 1780
f 1783 1782 1771
f 1783 1771 1772
f 1783 1772 1773
f 1783 1773 1784
f 1774 1558 1564
f 1774 1564 1785
f 1784 1773 1774
f 1784 1774 1785
f 1786 1777 1776
f 1786 1787 1777
f 1787 1778 1777
f 1787 1788 1778
f 1781 1567 1563
f 1781 1790 1567
f 1793 1785 1564
f 1793 1564 1569
f 1792 1784 1785
f 1792 1785 1793
f 1795 1788 1787
f 1795 1796 1788
f 1796 1789 1788
f 1796 1797 1789
f 1790 1572 1567
f 1790 1798 1572
f 1798 1790 1791
f 1798 1791 1799
f 1800 1793 1569
f 1800 1569 1576
f 1800 1794 1793
f 1800 1801 1794
f 1803 1572 1798
f 1803 1580 1572
f 1803 1579 1580
f 1803 1802 1579
f 1582 1581 1804
f 1582 1804 1805
f 1800 1576 1583
f 1800 1583 1807
f 1808 1800 1807
f 1808 1801 1800
f 1809 1579 1802
f 1809 1585 1579
f 1810 1586 1585
f 1810 1585 1809
f 1811 1804 1581
f 1811 1581 1587
f 1811 1587 1586
f 1811 1586 1810
f 1805 1588 1582
f 1805 1812 1588
f 1588 1811 1587
f 1588 1812 1811
f 1813 1589 1588
f 1813 1588 1812
f 1590 1589 1813
f 1590 1813 1814
f 1815 1807 1583
f 1815 1583 1591
f 1815 1814 1806
f 1815 1806 1807
f 1816 1587 1811
f 1816 1593 1587
f 1817 1812 1588
f 1817 1588 1594
f 1594 1593 1816
f 1594 1816 1817
f 1816 1811 1812
f 1816 1812 1817
f 1818 1590 1814
f 1818 1596 1590
f 1819 1815 1591
f 1819 1591 1597
f 1597 1596 1818
f 1597 1818 1819
f 1818 1814 1815
f 1818 1815 1819
f 1821 1607 1608
f 1821 1820 1607
f 1822 1608 1609
f 1822 1821 1608
f 1824 1610 1611
f 1824 1823 1610
f 1612 1824 1611
f 1612 1825 1824
f 1820 1613 1607
f 1820 1826 1613
f 1827 1826 1820
f 1827 1820 1821
f 1828 1822 1609
f 1828 1609 1615
f 1828 1827 1821
f 1828 1821 1822
f 1823 1616 1610
f 1823 1830 1616
f 1831 1825 1612
f 1831 1612 1618
f 1826 1619 1613
f 1826 1832 1619
f 1832 1618 1619
f 1832 1831 1618
f 1828 1615 1621
f 1828 1621 1834
f 1833 1827 1828
f 1833 1828 1834
f 1836 1622 1623
f 1836 1835 1622
f 1624 1836 1623
f 1624 1837 1836
f 1839 1616 1830
f 1839 1626 1616
f 1839 1625 1626
f 1839 1838 1625
f 1839 1829 1838
f 1839 1830 1829
f 1834 1621 1631
f 1834 1631 1840
f 1841 1622 1835
f 1841 1632 1622
f 1841 1631 1632
f 1841 1840 1631
f 1843 1837 1624
f 1843 1624 1634
f 1634 1633 1842
f 1634 1842 1843
f 1637 1844 1636
f 1637 1845 1844
f 1846 1625 1838
f 1846 1638 1625
f 1643 1642 1849
f 1643 1849 1850
f 1851 1842 1633
f 1851 1633 1646
f 1844 1649 1636
f 1844 1854 1649
f 1854 1648 1649
f 1854 1853 1648
f 1855 1845 1637
f 1855 1637 1650
f 1855 1854 1844
f 1855 1844 1845
f 1857 1638 1846
f 1857 1653 1638
f 1857 1652 1653
f 1857 1856 1652
f 1656 1655 1858
f 1656 1858 1859
f 1859 1858 1847
f 1859 1847 1848
f 1849 1642 1657
f 1849 1657 1860
f 1860 1657 1656
f 1860 1656 1859
f 1860 1859 1848
f 1860 1848 1849
f 1850 1658 1643
f 1850 1861 1658
f 1863 1660 1659
f 1863 1659 1862
f 1864 1851 1646
f 1864 1646 1661
f 1662 1864 1661
f 1662 1865 1864
f 1865 1851 1864
f 1865 1852 1851
f 1853 1663 1648
f 1853 1866 1663
f 1663 1865 1662
f 1663 1866 1865
f 1866 1852 1865
f 1866 1853 1852
f 1868 1855 1650
f 1868 1650 1665
f 1868 1665 1664
f 1868 1664 1867
f 1868 1867 1854
f 1868 1854 1855
f 1869 1652 1856
f 1869 1667 1652
f 1871 1858 1655
f 1871 1655 1670
f 1872 1858 1871
f 1872 1859 1858
f 1873 1658 1861
f 1873 1671 1658
f 1862 1659 1672
f 1862 1672 1874
f 1672 1671 1873
f 1672 1873 1874
f 1873 1861 1862
f 1873 1862 1874
f 1863 1673 1660
f 1863 1875 1673
f 1876 1674 1673
f 1876 1673 1875
f 1867 1664 1676
f 1867 1676 1879
f 1880 1676 1677
f 1880 1879 1676
f 1881 1677 1678
f 1881 1880 1677
f 1882 1667 1869
f 1882 1680 1667
f 1681 1680 1882
f 1681 1882 1883
f 1882 1869 1870
f 1882 1870 1883
f 1884 1682 1681
f 1884 1681 1883
f 1885 1871 1670
f 1885 1670 1683
f 1684 1885 1683
f 1684 1886 1885
f 1885 1872 1871
f 1885 1886 1872
f 1888 1674 1876
f 1888 1685 1674
f 1887 1876 1875
f 1887 1888 1876
f 1889 1686 1685
f 1889 1685 1888
f 1888 1876 1877
f 1888 1877 1889
f 1891 1890 1878
f 1891 1878 1879
f 1892 1891 1879
f 1892 1879 1880
f 1881 1678 1687
f 1881 1687 1893
f 1892 1880 1881
f 1892 1881 1893
f 1894 1687 1688
f 1894 1893 1687
f 1884 1689 1682
f 1884 1895 1689
f 1896 1690 1689
f 1896 1689 1895
f 1897 1886 1684
f 1897 1684 1691
f 1691 1690 1896
f 1691 1896 1897
f 1898 1686 1889
f 1898 1693 1686
f 1898 1889 1890
f 1898 1890 1899
f 1899 1890 1891
f 1899 1891 1900
f 1894 1688 1694
f 1894 1694 1903
f 1902 1893 1894
f 1902 1894 1903
f 1904 1694 1695
f 1904 1903 1694
f 1905 1896 1895
f 1905 1906 1896
f 1907 1896 1906
f 1907 1897 1896
f 1898 1697 1693
f 1898 1909 1697
f 1697 1908 1696
f 1697 1909 1908
f 1910 1909 1898
f 1910 1898 1899
f 1699 1698 1910
f 1699 1910 1911
f 1911 1910 1899
f 1911 1899 1900
f 1912 1911 1900
f 1912 1900 1901
f 1912 1901 1902
f 1912 1902 1913
f 1914 1701 1700
f 1914 1700 1913
f 1914 1913 1902
f 1914 1902 1903
f 1904 1695 1702
f 1904 1702 1915
f 1702 1701 1914
f 1702 1914 1915
f 1914 1903 1904
f 1914 1904 1915
f 1908 1703 1696
f 1908 1916 1703
f 1917 1704 1703
f 1917 1703 1916
f 1917 1916 1908
f 1917 1908 1909
f 1918 1910 1698
f 1918 1698 1705
f 1918 1705 1704
f 1918 1704 1917
f 1918 1917 1909
f 1918 1909 1910
f 1919 1699 1911
f 1919 1706 1699
f 1707 1706 1919
f 1707 1919 1920
f 1921 1913 1700
f 1921 1700 1708
f 1708 1707 1920
f 1708 1920 1921
f 1922 1920 1919
f 1922 1923 1920
f 1925 1715 1716
f 1925 1924 1715
f 1717 1925 1716
f 1717 1926 1925
f 1928 1718 1719
f 1928 1927 1718
f 1720 1928 1719
f 1720 1929 1928
f 1924 1721 1715
f 1924 1930 1721
f 1931 1930 1924
f 1931 1924 1925
f 1932 1926 1717
f 1932 1717 1723
f 1932 1931 1925
f 1932 1925 1926
f 1927 1724 1718
f 1927 1934 1724
f 1935 1929 1720
f 1935 1720 1726
f 1930 1727 1721
f 1930 1936 1727
f 1936 1726 1727
f 1936 1935 1726
f 1932 1723 1729
f 1932 1729 1938
f 1937 1931 1932
f 1937 1932 1938
f 1940 1730 1731
f 1940 1939 1730
f 1732 1940 1731
f 1732 1941 1940
f 1943 1724 1934
f 1943 1734 1724
f 1943 1733 1734
f 1943 1942 1733
f 1943 1933 1942
f 1943 1934 1933
f 1938 1729 1739
f 1938 1739 1944
f 1945 1730 1939
f 1945 1740 1730
f 1945 1739 1740
f 1945 1944 1739
f 1944 1939 1938
f 1944 1945 1939
f 1947 1941 1732
f 1947 1732 1742
f 1744 1948 1743
f 1744 1949 1948
f 1950 1733 1942
f 1950 1745 1733
f 1750 1749 1952
f 1750 1952 1953
f 1955 1947 1742
f 1955 1742 1754
f 1754 1753 1954
f 1754 1954 1955
f 1955 1954 1946
f 1955 1946 1947
f 1948 1756 1743
f 1948 1957 1756
f 1957 1755 1756
f 1957 1956 1755
f 1958 1949 1744
f 1958 1744 1757
f 1958 1957 1948
f 1958 1948 1949
f 1950 1760 1745
f 1950 1960 1760
f 1960 1759 1760
f 1960 1959 1759
f 1763 1762 1961
f 1763 1961 1962
f 1952 1749 1764
f 1952 1764 1963
f 1963 1764 1763
f 1963 1763 1962
f 1963 1962 1951
f 1963 1951 1952
f 1953 1765 1750
f 1953 1964 1765
f 1766 1765 1964
f 1766 1964 1965
f 1966 1767 1766
f 1966 1766 1965
f 1967 1954 1753
f 1967 1753 1768
f 1769 1967 1768
f 1769 1968 1967
f 1967 1955 1954
f 1967 1968 1955
f 1969 1755 1956
f 1969 1770 1755
f 1770 1968 1769
f 1770 1969 1968
f 1968 1956 1955
f 1968 1969 1956
f 1971 1958 1757
f 1971 1757 1772
f 1971 1772 1771
f 1971 1771 1970
f 1971 1970 1957
f 1971 1957 1958
f 1959 1775 1759
f 1959 1972 1775
f 1973 1776 1775
f 1973 1775 1972
f 1973 1972 1959
f 1973 1959 1960
f 1961 1762 1778
f 1961 1778 1974
f 1975 1961 1974
f 1975 1962 1961
f 1966 1779 1767
f 1966 1976 1779
f 1977 1780 1779
f 1977 1779 1976
f 1781 1780 1977
f 1781 1977 1978
f 1970 1771 1782
f 1970 1782 1980
f 1981 1782 1783
f 1981 1980 1782
f 1982 1783 1784
f 1982 1981 1783
f 1973 1786 1776
f 1973 1983 1786
f 1984 1787 1786
f 1984 1786 1983
f 1985 1974 1778
f 1985 1778 1788
f 1789 1985 1788
f 1789 1986 1985
f 1985 1975 1974
f 1985 1986 1975
f 1987 1977 1976
f 1987 1988 1977
f 1989 1781 1978
f 1989 1790 1781
f 1791 1790 1989
f 1791 1989 1990
f 1991 1990 1979
f 1991 1979 1980
f 1992 1991 1980
f 1992 1980 1981
f 1982 1784 1792
f 1982 1792 1993
f 1992 1981 1982
f 1992 1982 1993
f 1994 1792 1793
f 1994 1993 1792
f 1794 1994 1793
f 1794 1995 1994
f 1984 1795 1787
f 1984 1996 1795
f 1997 1796 1795
f 1997 1795 1996
f 1986 1789 1797
f 1986 1797 1998
f 1797 1796 1997
f 1797 1997 1998
f 2000 1791 1990
f 2000 1799 1791
f 1799 1999 1798
f 1799 2000 1999
f 2000 1990 1991
f 2000 1991 2001
f 2001 1991 1992
f 2001 1992 2002
f 2003 1993 1994
f 2003 1994 2004
f 2005 1995 1794
f 2005 1794 1801
f 2004 1994 1995
f 2004 1995 2005
f 2006 1997 1996
f 2006 2007 1997
f 2008 1997 2007
f 2008 1998 1997
f 1999 1803 1798
f 1999 2010 1803
f 1803 2009 1802
f 1803 2010 2009
f 2011 2010 1999
f 2011 1999 2000
f 1805 1804 2011
f 1805 2011 2012
f 2012 2011 2000
f 2012 2000 2001
f 2013 2002 2003
f 2013 2003 2014
f 2015 1807 1806
f 2015 1806 2014
f 2015 2014 2003
f 2015 2003 2004
f 2016 2005 1801
f 2016 1801 1808
f 1808 1807 2015
f 1808 2015 2016
f 2015 2004 2005
f 2015 2005 2016
f 2009 1809 1802
f 2009 2017 1809
f 2018 1810 1809
f 2018 1809 2017
f 2018 2017 2009
f 2018 2009 2010
f 2019 2011 1804
f 2019 1804 1811
f 2019 1811 1810
f 2019 1810 2018
f 2019 2018 2010
f 2019 2010 2011
f 2020 1805 2012
f 2020 1812 1805
f 1813 1812 2020
f 1813 2020 2021
f 2022 2014 1806
f 2022 1806 1814
f 2022 1814 1813
f 2022 1813 2021
f 2023 2021 2020
f 2023 2024 2021
f 1824 2025 1823
f 1824 2026 2025
f 2027 1824 1825
f 2027 2026 1824
f 1827 2028 1826
f 1827 2029 2028
f 2031 1823 2025
f 2031 1830 1823
f 1830 2030 1829
f 1830 2031 2030
f 2032 2031 2025
f 2032 2025 2026
f 2027 1825 1831
f 2027 1831 2033
f 2032 2026 2027
f 2032 2027 2033
f 2028 1832 1826
f 2028 2034 1832
f 1832 2033 1831
f 1832 2034 2033
f 2029 1827 1833
f 2029 1833 2035
f 2034 2028 2029
f 2034 2029 2035
f 2036 1833 1834
f 2036 2035 1833
f 1836 2037 1835
f 1836 2038 2037
f 2039 1836 1837
f 2039 2038 1836
f 2040 1829 2030
f 2040 1838 1829
f 2041 2040 2030
f 2041 2030 2031
f 2041 2031 2032
f 2041 2032 2042
f 2042 2032 2033
f 2042 2033 2043
f 2044 2043 2033
f 2044 2033 2034
f 2045 2044 2034
f 2045 2034 2035
f 2036 1834 1840
f 2036 1840 2046
f 2037 1841 1835
f 2037 2047 1841
f 2047 1840 1841
f 2047 2046 1840
f 2048 2047 2037
f 2048 2037 2038
f 2049 2039 1837
f 2049 1837 1843
f 2049 1843 1842
f 2049 1842 2048
f 2049 2048 2038
f 2049 2038 2039
f 2040 1846 1838
f 2040 2050 1846
f 2050 2040 2041
f 2050 2041 2051
f 2052 2051 2041
f 2052 2041 2042
f 2053 1848 1847
f 2053 1847 2052
f 2053 2052 2042
f 2053 2042 2043
f 2054 1849 1848
f 2054 1848 2053
f 2054 2053 2043
f 2054 2043 2044
f 1850 1849 2054
f 1850 2054 2055
f 2054 2044 2045
f 2054 2045 2055
f 2057 2056 2046
f 2057 2046 2047
f 2058 2048 1842
f 2058 1842 1851
f 2057 2047 2048
f 2057 2048 2058
f 2059 1851 1852
f 2059 2058 1851
f 2060 1852 1853
f 2060 2059 1852
f 2061 1853 1854
f 2061 2060 1853
f 2050 1857 1846
f 2050 2063 1857
f 1857 2062 1856
f 1857 2063 2062
f 2065 2052 1847
f 2065 1847 1858
f 2064 2051 2052
f 2064 2052 2065
f 2066 1858 1859
f 2066 2065 1858
f 2068 1850 2055
f 2068 1861 1850
f 1862 1861 2068
f 1862 2068 2069
f 2068 2055 2056
f 2068 2056 2069
f 1863 1862 2069
f 1863 2069 2070
f 2069 2056 2057
f 2069 2057 2070
f 2071 2070 2057
f 2071 2057 2058
f 2071 2058 2059
f 2071 2059 2072
f 2073 2072 2059
f 2073 2059 2060
f 2061 1854 1867
f 2061 1867 2074
f 2074 2073 2060
f 2074 2060 2061
f 2075 1856 2062
f 2075 1869 1856
f 1870 1869 2075
f 1870 2075 2076
f 2076 2075 2062
f 2076 2062 2063
f 2066 1859 1872
f 2066 1872 2077
f 2077 2067 2066
f 2077 2078 2067
f 2079 1863 2070
f 2079 1875 1863
f 1877 1876 2080
f 1877 2080 2081
f 2080 2071 2072
f 2080 2072 2081
f 2083 2074 1867
f 2083 1867 1879
f 2083 1879 1878
f 2083 1878 2082
f 2083 2082 2073
f 2083 2073 2074
f 2076 1883 1870
f 2076 2084 1883
f 2085 1884 1883
f 2085 1883 2084
f 2086 2077 1872
f 2086 1872 1886
f 2079 1887 1875
f 2079 2089 1887
f 2080 1876 1888
f 2080 1888 2090
f 2090 1888 1887
f 2090 1887 2089
f 2091 1877 2081
f 2091 1889 1877
f 2091 2080 2090
f 2091 2081 2080
f 2092 2082 1878
f 2092 1878 1890
f 2092 1890 1889
f 2092 1889 2091
f 2092 2091 2081
f 2092 2081 2082
f 1892 2093 1891
f 1892 2094 2093
f 2095 1892 1893
f 2095 2094 1892
f 2085 1895 1884
f 2085 2097 1895
f 2096 2085 2084
f 2096 2097 2085
f 2099 2086 1886
f 2099 1886 1897
f 2099 2087 2086
f 2099 2100 2087
f 2100 2088 2087
f 2100 2101 2088
f 2103 2089 2102
f 2103 2090 2089
f 2093 1900 1891
f 2093 2104 1900
f 1901 1900 2104
f 1901 2104 2105
f 2105 2104 2093
f 2105 2093 2094
f 2095 1893 1902
f 2095 1902 2106
f 2106 1902 1901
f 2106 1901 2105
f 2106 2105 2094
f 2106 2094 2095
f 2107 1895 2097
f 2107 1905 1895
f 1906 1905 2107
f 1906 2107 2108
f 2107 2097 2098
f 2107 2098 2108
f 2099 1897 1907
f 2099 1907 2109
f 1907 1906 2108
f 1907 2108 2109
f 2110 2099 2109
f 2110 2100 2099
f 2111 2100 2110
f 2111 2101 2100
f 1912 2112 1911
f 1912 2113 2112
f 2114 1912 1913
f 2114 2113 1912
f 2115 2109 2108
f 2115 2116 2109
f 2112 1919 1911
f 2112 2117 1919
f 2118 2117 2112
f 2118 2112 2113
f 2114 1913 1921
f 2114 1921 2119
f 2119 1921 1920
f 2119 1920 2118
f 2119 2118 2113
f 2119 2113 2114
f 2117 1922 1919
f 2117 2120 1922
f 2121 2118 1920
f 2121 1920 1923
f 1923 1922 2120
f 1923 2120 2121
f 2121 2120 2117
f 2121 2117 2118
f 1928 2122 1927
f 1928 2123 2122
f 2124 1928 1929
f 2124 2123 1928
f 1931 2125 1930
f 1931 2126 2125
f 2128 1927 2122
f 2128 1934 1927
f 1934 2127 1933
f 1934 2128 2127
f 2129 2128 2122
f 2129 2122 2123
f 2124 1929 1935
f 2124 1935 2130
f 2129 2123 2124
f 2129 2124 2130
f 2125 1936 1930
f 2125 2131 1936
f 1936 2130 1935
f 1936 2131 2130
f 2126 1931 1937
f 2126 1937 2132
f 2131 2125 2126
f 2131 2126 2132
f 2133 1937 1938
f 2133 2132 1937
f 1939 2133 1938
f 1939 2134 2133
f 2135 1939 1940
f 2135 2134 1939
f 2136 1940 1941
f 2136 2135 1940
f 2137 1933 2127
f 2137 1942 1933
f 2138 2137 2127
f 2138 2127 2128
f 2139 2138 2128
f 2139 2128 2129
f 2139 2129 2130
f 2139 2130 2140
f 2141 2140 2130
f 2141 2130 2131
f 2142 2141 2131
f 2142 2131 2132
f 2143 2133 2134
f 2143 2134 2144
f 2145 2144 2134
f 2145 2134 2135
f 2146 2136 1941
f 2146 1941 1947
f 2146 1947 1946
f 2146 1946 2145
f 2146 2145 2135
f 2146 2135 2136
f 2137 1950 1942
f 2137 2147 1950
f 2147 2137 2138
f 2147 2138 2148
f 2149 2148 2138
f 2149 2138 2139
f 2150 2149 2139
f 2150 2139 2140
f 2151 1952 1951
f 2151 1951 2150
f 2151 2150 2140
f 2151 2140 2141
f 1953 1952 2151
f 1953 2151 2152
f 2151 2141 2142
f 2151 2142 2152
f 2154 2153 2143
f 2154 2143 2144
f 2155 2145 1946
f 2155 1946 1954
f 2154 2144 2145
f 2154 2145 2155
f 2156 1954 1955
f 2156 2155 1954
f 1956 2156 1955
f 1956 2157 2156
f 2158 1956 1957
f 2158 2157 1956
f 2159 1950 2147
f 2159 1960 1950
f 2160 2148 2149
f 2160 2149 2161
f 2162 2150 1951
f 2162 1951 1962
f 2161 2149 2150
f 2161 2150 2162
f 2164 1953 2152
f 2164 1964 1953
f 1965 1964 2164
f 1965 2164 2165
f 2164 2152 2153
f 2164 2153 2165
f 1966 1965 2165
f 1966 2165 2166
f 2165 2153 2154
f 2165 2154 2166
f 2167 2166 2154
f 2167 2154 2155
f 2167 2155 2156
f 2167 2156 2168
f 2168 2156 2157
f 2168 2157 2169
f 2158 1957 1970
f 2158 1970 2170
f 2170 2169 2157
f 2170 2157 2158
f 2171 1960 2159
f 2171 1973 1960
f 2162 1962 1975
f 2162 1975 2172
f 2172 2163 2162
f 2172 2173 2163
f 2174 1966 2166
f 2174 1976 1966
f 1978 1977 2175
f 1978 2175 2176
f 2175 2167 2168
f 2175 2168 2176
f 2178 2170 1970
f 2178 1970 1980
f 2178 1980 1979
f 2178 1979 2177
f 2178 2177 2169
f 2178 2169 2170
f 2171 1983 1973
f 2171 2179 1983
f 2180 1984 1983
f 2180 1983 2179
f 2181 2172 1975
f 2181 1975 1986
f 2181 2173 2172
f 2181 2182 2173
f 2174 1987 1976
f 2174 2184 1987
f 2175 1977 1988
f 2175 1988 2185
f 1988 1987 2184
f 1988 2184 2185
f 2186 1978 2176
f 2186 1989 1978
f 2186 2175 2185
f 2186 2176 2175
f 2187 2177 1979
f 2187 1979 1990
f 2187 1990 1989
f 2187 1989 2186
f 2187 2186 2176
f 2187 2176 2177
f 2189 1992 1993
f 2189 2188 1992
f 2180 1996 1984
f 2180 2191 1996
f 2190 2180 2179
f 2190 2191 2180
f 2193 2181 1986
f 2193 1986 1998
f 2194 2181 2193
f 2194 2182 2181
f 2194 2183 2182
f 2194 2195 2183
f 2197 2184 2196
f 2197 2185 2184
f 2188 2002 1992
f 2188 2199 2002
f 2002 2198 2001
f 2002 2199 2198
f 2189 1993 2003
f 2189 2003 2200
f 2200 2003 2002
f 2200 2002 2199
f 2200 2199 2188
f 2200 2188 2189
f 2201 1996 2191
f 2201 2006 1996
f 2007 2006 2201
f 2007 2201 2202
f 2201 2191 2192
f 2201 2192 2202
f 2193 1998 2008
f 2193 2008 2203
f 2008 2007 2202
f 2008 2202 2203
f 2204 2193 2203
f 2204 2194 2193
f 2205 2194 2204
f 2205 2195 2194
f 2198 2012 2001
f 2198 2206 2012
f 2199 2002 2013
f 2199 2013 2207
f 2207 2206 2198
f 2207 2198 2199
f 2208 2013 2014
f 2208 2207 2013
f 2209 2203 2202
f 2209 2210 2203
f 2211 2012 2206
f 2211 2020 2012
f 2212 2211 2206
f 2212 2206 2207
f 2208 2014 2022
f 2208 2022 2213
f 2213 2022 2021
f 2213 2021 2212
f 2212 2207 2208
f 2212 2208 2213
f 2211 2023 2020
f 2211 2214 2023
f 2215 2212 2021
f 2215 2021 2024
f 2024 2023 2214
f 2024 2214 2215
f 2215 2214 2211
f 2215 2211 2212
f 2036 2216 2035
f 2036 2217 2216
f 2216 2045 2035
f 2216 2218 2045
f 2219 2217 2036
f 2219 2036 2046
f 2218 2216 2217
f 2218 2217 2219
f 2051 2220 2050
f 2051 2221 2220
f 2222 2045 2218
f 2222 2055 2045
f 2223 2219 2046
f 2223 2046 2056
f 2056 2055 2222
f 2056 2222 2223
f 2223 2222 2218
f 2223 2218 2219
f 2220 2063 2050
f 2220 2224 2063
f 2221 2051 2064
f 2221 2064 2225
f 2226 2064 2065
f 2226 2225 2064
f 2227 2065 2066
f 2227 2226 2065
f 2067 2227 2066
f 2067 2228 2227
f 2071 2229 2070
f 2071 2230 2229
f 2232 2072 2073
f 2232 2231 2072
f 2233 2063 2224
f 2233 2076 2063
f 2235 2226 2227
f 2235 2227 2236
f 2228 2067 2078
f 2228 2078 2237
f 2237 2078 2077
f 2237 2077 2236
f 2237 2236 2227
f 2237 2227 2228
f 2229 2079 2070
f 2229 2238 2079
f 2230 2071 2080
f 2230 2080 2239
f 2238 2229 2230
f 2238 2230 2239
f 2231 2081 2072
f 2231 2240 2081
f 2240 2080 2081
f 2240 2239 2080
f 2232 2073 2082
f 2232 2082 2241
f 2241 2082 2081
f 2241 2081 2240
f 2241 2240 2231
f 2241 2231 2232
f 2233 2084 2076
f 2233 2242 2084
f 2242 2233 2234
f 2242 2234 2243
f 2244 2236 2077
f 2244 2077 2086
f 2087 2244 2086
f 2087 2245 2244
f 2246 2087 2088
f 2246 2245 2087
f 2238 2089 2079
f 2238 2247 2089
f 2248 2247 2238
f 2248 2238 2239
f 2249 2240 2081
f 2249 2081 2091
f 2249 2091 2090
f 2249 2090 2248
f 2249 2248 2239
f 2249 2239 2240
f 2242 2096 2084
f 2242 2250 2096
f 2251 2097 2096
f 2251 2096 2250
f 2098 2097 2251
f 2098 2251 2252
f 2246 2088 2101
f 2246 2101 2254
f 2253 2245 2246
f 2253 2246 2254
f 2247 2102 2089
f 2247 2255 2102
f 2248 2090 2103
f 2248 2103 2256
f 2103 2102 2255
f 2103 2255 2256
f 2256 2255 2247
f 2256 2247 2248
f 2257 2251 2250
f 2257 2258 2251
f 2259 2098 2252
f 2259 2108 2098
f 2258 2252 2251
f 2258 2259 2252
f 2110 2109 2260
f 2110 2260 2261
f 2262 2254 2101
f 2262 2101 2111
f 2262 2111 2110
f 2262 2110 2261
f 2262 2261 2253
f 2262 2253 2254
f 2259 2115 2108
f 2259 2263 2115
f 2260 2109 2116
f 2260 2116 2264
f 2116 2115 2263
f 2116 2263 2264
f 2133 2265 2132
f 2133 2266 2265
f 2265 2142 2132
f 2265 2267 2142
f 2266 2133 2143
f 2266 2143 2268
f 2267 2265 2266
f 2267 2266 2268
f 2148 2269 2147
f 2148 2270 2269
f 2271 2142 2267
f 2271 2152 2142
f 2272 2268 2143
f 2272 2143 2153
f 2153 2152 2271
f 2153 2271 2272
f 2272 2271 2267
f 2272 2267 2268
f 2269 2159 2147
f 2269 2273 2159
f 2270 2148 2160
f 2270 2160 2274
f 2275 2160 2161
f 2275 2274 2160
f 2276 2161 2162
f 2276 2275 2161
f 2163 2276 2162
f 2163 2277 2276
f 2167 2278 2166
f 2167 2279 2278
f 2281 2168 2169
f 2281 2280 2168
f 2282 2159 2273
f 2282 2171 2159
f 2284 2275 2276
f 2284 2276 2285
f 2277 2163 2173
f 2277 2173 2286
f 2285 2276 2277
f 2285 2277 2286
f 2278 2174 2166
f 2278 2287 2174
f 2279 2167 2175
f 2279 2175 2288
f 2287 2278 2279
f 2287 2279 2288
f 2280 2176 2168
f 2280 2289 2176
f 2289 2175 2176
f 2289 2288 2175
f 2290 2281 2169
f 2290 2169 2177
f 2290 2177 2176
f 2290 2176 2289
f 2290 2289 2280
f 2290 2280 2281
f 2282 2179 2171
f 2282 2291 2179
f 2291 2282 2283
f 2291 2283 2292
f 2286 2173 2182
f 2286 2182 2293
f 2294 2182 2183
f 2294 2293 2182
f 2287 2184 2174
f 2287 2295 2184
f 2296 2295 2287
f 2296 2287 2288
f 2297 2289 2176
f 2297 2176 2186
f 2297 2186 2185
f 2297 2185 2296
f 2297 2296 2288
f 2297 2288 2289
f 2291 2190 2179
f 2291 2298 2190
f 2299 2191 2190
f 2299 2190 2298
f 2192 2191 2299
f 2192 2299 2300
f 2294 2183 2195
f 2294 2195 2302
f 2301 2293 2294
f 2301 2294 2302
f 2295 2196 2184
f 2295 2303 2196
f 2296 2185 2197
f 2296 2197 2304
f 2197 2196 2303
f 2197 2303 2304
f 2304 2303 2295
f 2304 2295 2296
f 2306 2192 2300
f 2306 2202 2192
f 2305 2300 2299
f 2305 2306 2300
f 2204 2203 2307
f 2204 2307 2308
f 2309 2302 2195
f 2309 2195 2205
f 2309 2205 2204
f 2309 2204 2308
f 2309 2308 2301
f 2309 2301 2302
f 2306 2209 2202
f 2306 2310 2209
f 2307 2203 2210
f 2307 2210 2311
f 2210 2209 2310
f 2210 2310 2311
f 2313 2220 2221
f 2313 2312 2220
f 2314 2220 2312
f 2314 2224 2220
f 2313 2221 2225
f 2313 2225 2315
f 2314 2312 2313
f 2314 2313 2315
f 2316 2225 2226
f 2316 2315 2225
f 2317 2224 2314
f 2317 2233 2224
f 2234 2233 2317
f 2234 2317 2318
f 2317 2314 2315
f 2317 2315 2318
f 2316 2226 2235
f 2316 2235 2319
f 2318 2315 2316
f 2318 2316 2319
f 2320 2235 2236
f 2320 2319 2235
f 2318 2243 2234
f 2318 2324 2243
f 2243 2323 2242
f 2243 2324 2323
f 2325 2324 2318
f 2325 2318 2319
f 2320 2236 2244
f 2320 2244 2326
f 2327 2244 2245
f 2327 2326 2244
f 2328 2322 2321
f 2328 2329 2322
f 2323 2250 2242
f 2323 2330 2250
f 2327 2245 2253
f 2327 2253 2333
f 2332 2326 2327
f 2332 2327 2333
f 2334 2250 2330
f 2334 2257 2250
f 2258 2257 2334
f 2258 2334 2335
f 2334 2330 2331
f 2334 2331 2335
f 2336 2259 2258
f 2336 2258 2335
f 2333 2253 2261
f 2333 2261 2338
f 2261 2260 2337
f 2261 2337 2338
f 2336 2263 2259
f 2336 2339 2263
f 2337 2260 2264
f 2337 2264 2340
f 2264 2263 2339
f 2264 2339 2340
f 2341 2337 2340
f 2341 2338 2337
f 2343 2339 2342
f 2343 2340 2339
f 2346 2345 2344
f 2346 2347 2345
f 2349 2269 2270
f 2349 2348 2269
f 2350 2269 2348
f 2350 2273 2269
f 2349 2270 2274
f 2349 2274 2351
f 2350 2348 2349
f 2350 2349 2351
f 2352 2274 2275
f 2352 2351 2274
f 2353 2273 2350
f 2353 2282 2273
f 2283 2282 2353
f 2283 2353 2354
f 2353 2350 2351
f 2353 2351 2354
f 2352 2275 2284
f 2352 2284 2355
f 2354 2351 2352
f 2354 2352 2355
f 2356 2284 2285
f 2356 2355 2284
f 2357 2285 2286
f 2357 2356 2285
f 2354 2292 2283
f 2354 2361 2292
f 2292 2360 2291
f 2292 2361 2360
f 2362 2361 2354
f 2362 2354 2355
f 2357 2286 2293
f 2357 2293 2364
f 2363 2356 2357
f 2363 2357 2364
f 2365 2359 2358
f 2365 2366 2359
f 2360 2298 2291
f 2360 2367 2298
f 2299 2298 2367
f 2299 2367 2368
f 2368 2367 2360
f 2368 2360 2361
f 2364 2293 2301
f 2364 2301 2370
f 2369 2363 2364
f 2369 2364 2370
f 2368 2305 2299
f 2368 2372 2305
f 2373 2306 2305
f 2373 2305 2372
f 2375 2370 2301
f 2375 2301 2308
f 2308 2307 2374
f 2308 2374 2375
f 2375 2371 2370
f 2375 2376 2371
f 2373 2310 2306
f 2373 2377 2310
f 2378 2374 2307
f 2378 2307 2311
f 2311 2310 2377
f 2311 2377 2378
f 2380 2377 2379
f 2380 2378 2377
f 2383 2382 2381
f 2383 2384 2382
f 2320 2386 2319
f 2320 2387 2386
f 2391 2321 2322
f 2391 2390 2321
f 2324 2392 2323
f 2324 2393 2392
f 2386 2325 2319
f 2386 2394 2325
f 2325 2393 2324
f 2325 2394 2393
f 2394 2385 2393
f 2394 2386 2385
f 2387 2320 2326
f 2387 2326 2395
f 2395 2388 2387
f 2395 2396 2388
f 2390 2328 2321
f 2390 2398 2328
f 2398 2389 2397
f 2398 2390 2389
f 2391 2322 2329
f 2391 2329 2399
f 2329 2328 2398
f 2329 2398 2399
f 2400 2323 2392
f 2400 2330 2323
f 2331 2330 2400
f 2331 2400 2401
f 2395 2326 2332
f 2395 2332 2402
f 2403 2332 2333
f 2403 2402 2332
f 2405 2397 2404
f 2405 2398 2397
f 2406 2398 2405
f 2406 2399 2398
f 2401 2335 2331
f 2401 2407 2335
f 2336 2335 2407
f 2336 2407 2408
f 2403 2333 2338
f 2403 2338 2410
f 2409 2402 2403
f 2409 2403 2410
f 2416 2336 2408
f 2416 2339 2336
f 2415 2408 2407
f 2415 2416 2408
f 2410 2338 2341
f 2410 2341 2418
f 2341 2340 2417
f 2341 2417 2418
f 2418 2417 2409
f 2418 2409 2410
f 2419 2412 2411
f 2419 2420 2412
f 2421 2414 2413
f 2421 2422 2414
f 2416 2342 2339
f 2416 2425 2342
f 2424 2416 2415
f 2424 2425 2416
f 2417 2340 2343
f 2417 2343 2426
f 2426 2343 2342
f 2426 2342 2425
f 2427 2417 2426
f 2427 2418 2417
f 2428 2422 2421
f 2428 2429 2422
f 2432 2423 2431
f 2432 2424 2423
f 2433 2424 2432
f 2433 2425 2424
f 2435 2428 2434
f 2435 2429 2428
f 2437 2430 2436
f 2437 2431 2430
f 2437 2432 2431
f 2437 2438 2432
f 2441 2437 2436
f 2441 2442 2437
f 2443 2439 2438
f 2443 2444 2439
f 2445 2439 2444
f 2445 2440 2439
f 2345 2447 2344
f 2345 2448 2447
f 2448 2442 2447
f 2448 2443 2442
f 2449 2443 2448
f 2449 2444 2443
f 2447 2346 2344
f 2447 2451 2346
f 2451 2446 2450
f 2451 2447 2446
f 2452 2448 2345
f 2452 2345 2347
f 2452 2347 2346
f 2452 2346 2451
f 2456 2450 2455
f 2456 2451 2450
f 2457 2454 2453
f 2457 2458 2454
f 2461 2355 2356
f 2461 2460 2355
f 2465 2358 2359
f 2465 2464 2358
f 2460 2362 2355
f 2460 2468 2362
f 2468 2361 2362
f 2468 2467 2361
f 2468 2459 2467
f 2468 2460 2459
f 2461 2356 2363
f 2461 2363 2469
f 2470 2461 2469
f 2470 2462 2461
f 2464 2365 2358
f 2464 2472 2365
f 2472 2463 2471
f 2472 2464 2463
f 2465 2359 2366
f 2465 2366 2473
f 2473 2366 2365
f 2473 2365 2472
f 2475 2361 2467
f 2475 2368 2361
f 2475 2466 2474
f 2475 2467 2466
f 2469 2363 2369
f 2469 2369 2476
f 2477 2369 2370
f 2477 2476 2369
f 2371 2477 2370
f 2371 2478 2477
f 2480 2471 2479
f 2480 2472 2471
f 2481 2472 2480
f 2481 2473 2472
f 2475 2372 2368
f 2475 2482 2372
f 2483 2373 2372
f 2483 2372 2482
f 2485 2375 2374
f 2485 2374 2484
f 2484 2476 2477
f 2484 2477 2485
f 2478 2371 2376
f 2478 2376 2486
f 2376 2375 2485
f 2376 2485 2486
f 2486 2485 2477
f 2486 2477 2478
f 2492 2373 2483
f 2492 2377 2373
f 2491 2483 2482
f 2491 2492 2483
f 2493 2484 2374
f 2493 2374 2378
f 2495 2488 2487
f 2495 2496 2488
f 2497 2490 2489
f 2497 2498 2490
f 2492 2379 2377
f 2492 2501 2379
f 2500 2492 2491
f 2500 2501 2492
f 2493 2378 2380
f 2493 2380 2502
f 2502 2380 2379
f 2502 2379 2501
f 2503 2493 2502
f 2503 2494 2493
f 2504 2498 2497
f 2504 2505 2498
f 2508 2499 2507
f 2508 2500 2499
f 2509 2500 2508
f 2509 2501 2500
f 2511 2504 2510
f 2511 2505 2504
f 2513 2506 2512
f 2513 2507 2506
f 2513 2508 2507
f 2513 2514 2508
f 2517 2513 2512
f 2517 2518 2513
f 2520 2514 2519
f 2520 2515 2514
f 2521 2515 2520
f 2521 2516 2515
f 2382 2523 2381
f 2382 2524 2523
f 2524 2518 2523
f 2524 2519 2518
f 2525 2519 2524
f 2525 2520 2519
f 2523 2383 2381
f 2523 2527 2383
f 2527 2522 2526
f 2527 2523 2522
f 2528 2524 2382
f 2528 2382 2384
f 2528 2384 2383
f 2528 2383 2527
f 2532 2526 2531
f 2532 2527 2526
f 2533 2530 2529
f 2533 2534 2530
f 2536 2385 2386
f 2536 2535 2385
f 2537 2386 2387
f 2537 2536 2386
f 2388 2537 2387
f 2388 2538 2537
f 2390 2539 2389
f 2390 2540 2539
f 2391 2540 2390
f 2391 2541 2540
f 2543 2385 2535
f 2543 2393 2385
f 2393 2542 2392
f 2393 2543 2542
f 2538 2388 2396
f 2538 2396 2545
f 2396 2395 2544
f 2396 2544 2545
f 2539 2397 2389
f 2539 2546 2397
f 2547 2546 2539
f 2547 2539 2540
f 2541 2391 2399
f 2541 2399 2548
f 2549 2392 2542
f 2549 2400 2392
f 2401 2400 2549
f 2401 2549 2550
f 2544 2395 2402
f 2544 2402 2551
f 2552 2544 2551
f 2552 2545 2544
f 2546 2404 2397
f 2546 2553 2404
f 2554 2405 2404
f 2554 2404 2553
f 2548 2399 2406
f 2548 2406 2555
f 2406 2405 2554
f 2406 2554 2555
f 2550 2407 2401
f 2550 2558 2407
f 2551 2402 2409
f 2551 2409 2559
f 2562 2411 2412
f 2562 2561 2411
f 2562 2554 2553
f 2562 2563 2554
f 2414 2563 2413
f 2414 2564 2563
f 2564 2554 2563
f 2564 2555 2554
f 2566 2556 2565
f 2566 2557 2556
f 2558 2415 2407
f 2558 2567 2415
f 2567 2557 2566
f 2567 2558 2557
f 2568 2559 2409
f 2568 2409 2417
f 2569 2417 2418
f 2569 2568 2417
f 2571 2411 2561
f 2571 2419 2411
f 2570 2561 2560
f 2570 2571 2561
f 2572 2562 2412
f 2572 2412 2420
f 2572 2420 2419
f 2572 2419 2571
f 2573 2413 2563
f 2573 2421 2413
f 2573 2562 2572
f 2573 2563 2562
f 2574 2564 2414
f 2574 2414 2422
f 2576 2566 2565
f 2576 2577 2566
f 2578 2415 2567
f 2578 2424 2415
f 2578 2423 2424
f 2578 2577 2423
f 2578 2566 2577
f 2578 2567 2566
f 2426 2425 2579
f 2426 2579 2580
f 2569 2418 2427
f 2569 2427 2581
f 2427 2426 2580
f 2427 2580 2581
f 2580 2568 2569
f 2580 2569 2581
f 2582 2572 2571
f 2582 2583 2572
f 2573 2428 2421
f 2573 2584 2428
f 2583 2573 2572
f 2583 2584 2573
f 2585 2574 2422
f 2585 2422 2429
f 2585 2575 2574
f 2585 2586 2575
f 2589 2423 2577
f 2589 2431 2423
f 2589 2430 2431
f 2589 2588 2430
f 2579 2425 2433
f 2579 2433 2591
f 2433 2432 2590
f 2433 2590 2591
f 2592 2579 2591
f 2592 2580 2579
f 2593 2580 2592
f 2593 2581 2580
f 2584 2434 2428
f 2584 2594 2434
f 2585 2429 2435
f 2585 2435 2595
f 2595 2435 2434
f 2595 2434 2594
f 2596 2585 2595
f 2596 2586 2585
f 2596 2587 2586
f 2596 2597 2587
f 2598 2430 2588
f 2598 2436 2430
f 2598 2587 2597
f 2598 2588 2587
f 2590 2432 2438
f 2590 2438 2600
f 2438 2437 2599
f 2438 2599 2600
f 2439 2600 2438
f 2439 2601 2600
f 2601 2590 2600
f 2601 2591 2590
f 2440 2601 2439
f 2440 2602 2601
f 2602 2591 2601
f 2602 2592 2591
f 2603 2595 2594
f 2603 2604 2595
f 2604 2596 2595
f 2604 2605 2596
f 2606 2596 2605
f 2606 2597 2596
f 2598 2441 2436
f 2598 2607 2441
f 2606 2598 2597
f 2606 2607 2598
f 2599 2437 2442
f 2599 2442 2608
f 2608 2442 2441
f 2608 2441 2607
f 2609 2438 2600
f 2609 2443 2438
f 2609 2442 2443
f 2609 2608 2442
f 2609 2599 2608
f 2609 2600 2599
f 2611 2602 2440
f 2611 2440 2445
f 2445 2444 2610
f 2445 2610 2611
f 2612 2604 2603
f 2612 2613 2604
f 2614 2604 2613
f 2614 2605 2604
f 2616 2442 2608
f 2616 2447 2442
f 2616 2446 2447
f 2616 2615 2446
f 2616 2607 2615
f 2616 2608 2607
f 2610 2444 2449
f 2610 2449 2618
f 2449 2448 2617
f 2449 2617 2618
f 2620 2614 2613
f 2620 2621 2614
f 2622 2446 2615
f 2622 2450 2446
f 2617 2448 2452
f 2617 2452 2624
f 2452 2451 2623
f 2452 2623 2624
f 2625 2617 2624
f 2625 2618 2617
f 2626 2453 2454
f 2626 2625 2453
f 2625 2619 2618
f 2625 2626 2619
f 2627 2450 2622
f 2627 2455 2450
f 2623 2451 2456
f 2623 2456 2628
f 2456 2455 2627
f 2456 2627 2628
f 2627 2622 2623
f 2627 2623 2628
f 2625 2457 2453
f 2625 2630 2457
f 2629 2625 2624
f 2629 2630 2625
f 2631 2626 2454
f 2631 2454 2458
f 2631 2458 2457
f 2631 2457 2630
f 2633 2459 2460
f 2633 2632 2459
f 2634 2460 2461
f 2634 2633 2460
f 2462 2634 2461
f 2462 2635 2634
f 2637 2463 2464
f 2637 2636 2463
f 2638 2464 2465
f 2638 2637 2464
f 2640 2459 2632
f 2640 2467 2459
f 2640 2466 2467
f 2640 2639 2466
f 2635 2462 2470
f 2635 2470 2642
f 2470 2469 2641
f 2470 2641 2642
f 2636 2471 2463
f 2636 2643 2471
f 2644 2643 2636
f 2644 2636 2637
f 2638 2465 2473
f 2638 2473 2645
f 2646 2466 2639
f 2646 2474 2466
f 2647 2475 2474
f 2647 2474 2646
f 2641 2469 2476
f 2641 2476 2648
f 2649 2641 2648
f 2649 2642 2641
f 2643 2479 2471
f 2643 2650 2479
f 2651 2480 2479
f 2651 2479 2650
f 2645 2473 2481
f 2645 2481 2652
f 2481 2480 2651
f 2481 2651 2652
f 2647 2482 2475
f 2647 2655 2482
f 2648 2476 2484
f 2648 2484 2656
f 2657 2648 2656
f 2657 2649 2648
f 2660 2487 2488
f 2660 2659 2487
f 2660 2651 2650
f 2660 2661 2651
f 2490 2661 2489
f 2490 2662 2661
f 2662 2651 2661
f 2662 2652 2651
f 2663 2654 2653
f 2663 2664 2654
f 2655 2491 2482
f 2655 2665 2491
f 2665 2654 2664
f 2665 2655 2654
f 2666 2656 2484
f 2666 2484 2493
f 2667 2493 2494
f 2667 2666 2493
f 2669 2487 2659
f 2669 2495 2487
f 2668 2659 2658
f 2668 2669 2659
f 2670 2660 2488
f 2670 2488 2496
f 2670 2496 2495
f 2670 2495 2669
f 2671 2489 2661
f 2671 2497 2489
f 2671 2660 2670
f 2671 2661 2660
f 2672 2662 2490
f 2672 2490 2498
f 2676 2491 2665
f 2676 2500 2491
f 2676 2499 2500
f 2676 2675 2499
f 2676 2664 2675
f 2676 2665 2664
f 2502 2501 2677
f 2502 2677 2678
f 2667 2494 2503
f 2667 2503 2679
f 2503 2502 2678
f 2503 2678 2679
f 2678 2666 2667
f 2678 2667 2679
f 2680 2670 2669
f 2680 2681 2670
f 2671 2504 2497
f 2671 2682 2504
f 2681 2671 2670
f 2681 2682 2671
f 2683 2672 2498
f 2683 2498 2505
f 2683 2673 2672
f 2683 2684 2673
f 2684 2674 2673
f 2684 2685 2674
f 2687 2499 2675
f 2687 2507 2499
f 2687 2506 2507
f 2687 2686 2506
f 2677 2501 2509
f 2677 2509 2689
f 2509 2508 2688
f 2509 2688 2689
f 2690 2677 2689
f 2690 2678 2677
f 2691 2678 2690
f 2691 2679 2678
f 2682 2510 2504
f 2682 2692 2510
f 2683 2505 2511
f 2683 2511 2693
f 2693 2511 2510
f 2693 2510 2692
f 2694 2683 2693
f 2694 2684 2683
f 2694 2685 2684
f 2694 2695 2685
f 2696 2506 2686
f 2696 2512 2506
f 2695 2686 2685
f 2695 2696 2686
f 2688 2508 2514
f 2688 2514 2698
f 2514 2513 2697
f 2514 2697 2698
f 2515 2698 2514
f 2515 2699 2698
f 2699 2688 2698
f 2699 2689 2688
f 2516 2699 2515
f 2516 2700 2699
f 2700 2689 2699
f 2700 2690 2689
f 2702 2692 2701
f 2702 2693 2692
f 2702 2694 2693
f 2702 2703 2694
f 2704 2694 2703
f 2704 2695 2694
f 2696 2517 2512
f 2696 2705 2517
f 2704 2696 2695
f 2704 2705 2696
f 2697 2513 2518
f 2697 2518 2706
f 2706 2518 2517
f 2706 2517 2705
f 2707 2514 2698
f 2707 2519 2514
f 2707 2518 2519
f 2707 2706 2518
f 2707 2697 2706
f 2707 2698 2697
f 2709 2700 2516
f 2709 2516 2521
f 2521 2520 2708
f 2521 2708 2709
f 2710 2702 2701
f 2710 2711 2702
f 2712 2702 2711
f 2712 2703 2702
f 2714 2518 2706
f 2714 2523 2518
f 2714 2522 2523
f 2714 2713 2522
f 2714 2705 2713
f 2714 2706 2705
f 2708 2520 2525
f 2708 2525 2716
f 2525 2524 2715
f 2525 2715 2716
f 2718 2712 2711
f 2718 2719 2712
f 2720 2522 2713
f 2720 2526 2522
f 2715 2524 2528
f 2715 2528 2722
f 2528 2527 2721
f 2528 2721 2722
f 2723 2715 2722
f 2723 2716 2715
f 2724 2529 2530
f 2724 2723 2529
f 2723 2717 2716
f 2723 2724 2717
f 2725 2526 2720
f 2725 2531 2526
f 2721 2527 2532
f 2721 2532 2726
f 2532 2531 2725
f 2532 2725 2726
f 2725 2720 2721
f 2725 2721 2726
f 2723 2533 2529
f 2723 2728 2533
f 2727 2723 2722
f 2727 2728 2723
f 2729 2724 2530
f 2729 2530 2534
f 2729 2534 2533
f 2729 2533 2728
f 2733 2535 2536
f 2733 2732 2535
f 2734 2536 2537
f 2734 2733 2536
f 2735 2537 2538
f 2735 2734 2537
f 2541 2736 2540
f 2541 2737 2736
f 2738 2731 2730
f 2738 2739 2731
f 2740 2535 2732
f 2740 2543 2535
f 2740 2542 2543
f 2740 2739 2542
f 2740 2731 2739
f 2740 2732 2731
f 2741 2733 2734
f 2741 2734 2742
f 2735 2538 2545
f 2735 2545 2743
f 2743 2742 2734
f 2743 2734 2735
f 2736 2547 2540
f 2736 2745 2547
f 2547 2744 2546
f 2547 2745 2744
f 2737 2541 2548
f 2737 2548 2746
f 2746 2745 2736
f 2746 2736 2737
f 2739 2549 2542
f 2739 2748 2549
f 2748 2738 2747
f 2748 2739 2738
f 2749 2550 2549
f 2749 2549 2748
f 2743 2545 2552
f 2743 2552 2751
f 2552 2551 2750
f 2552 2750 2751
f 2744 2553 2546
f 2744 2753 2553
f 2746 2548 2555
f 2746 2555 2755
f 2754 2745 2746
f 2754 2746 2755
f 2759 2556 2557
f 2759 2758 2556
f 2759 2747 2758
f 2759 2748 2747
f 2760 2550 2749
f 2760 2558 2550
f 2760 2557 2558
f 2760 2759 2557
f 2759 2749 2748
f 2759 2760 2749
f 2750 2551 2559
f 2750 2559 2761
f 2762 2750 2761
f 2762 2751 2750
f 2561 2763 2560
f 2561 2764 2763
f 2753 2562 2553
f 2753 2765 2562
f 2765 2561 2562
f 2765 2764 2561
f 2765 2752 2764
f 2765 2753 2752
f 2766 2755 2555
f 2766 2555 2564
f 2766 2756 2755
f 2766 2767 2756
f 2769 2556 2758
f 2769 2565 2556
f 2769 2757 2768
f 2769 2758 2757
f 2761 2559 2568
f 2761 2568 2770
f 2771 2761 2770
f 2771 2762 2761
f 2763 2570 2560
f 2763 2772 2570
f 2773 2571 2570
f 2773 2570 2772
f 2773 2772 2763
f 2773 2763 2764
f 2773 2764 2765
f 2773 2765 2774
f 2775 2766 2564
f 2775 2564 2574
f 2575 2775 2574
f 2575 2776 2775
f 2775 2767 2766
f 2775 2776 2767
f 2777 2767 2776
f 2777 2768 2767
f 2769 2576 2565
f 2769 2778 2576
f 2779 2577 2576
f 2779 2576 2778
f 2780 2770 2568
f 2780 2568 2580
f 2581 2780 2580
f 2581 2781 2780
f 2773 2582 2571
f 2773 2782 2582
f 2783 2583 2582
f 2783 2582 2782
f 2782 2773 2774
f 2782 2774 2783
f 2784 2584 2583
f 2784 2583 2783
f 2785 2776 2575
f 2785 2575 2586
f 2587 2785 2586
f 2587 2786 2785
f 2785 2777 2776
f 2785 2786 2777
f 2787 2587 2588
f 2787 2786 2587
f 2779 2589 2577
f 2779 2788 2589
f 2788 2588 2589
f 2788 2787 2588
f 2788 2778 2787
f 2788 2779 2778
f 2781 2581 2593
f 2781 2593 2790
f 2593 2592 2789
f 2593 2789 2790
f 2791 2783 2782
f 2791 2792 2783
f 2784 2594 2584
f 2784 2793 2594
f 2792 2784 2783
f 2792 2793 2784
f 2794 2786 2787
f 2794 2787 2795
f 2796 2789 2592
f 2796 2592 2602
f 2798 2791 2797
f 2798 2792 2791
f 2793 2603 2594
f 2793 2799 2603
f 2798 2793 2792
f 2798 2799 2793
f 2606 2605 2801
f 2606 2801 2802
f 2803 2607 2606
f 2803 2606 2802
f 2803 2802 2794
f 2803 2794 2795
f 2805 2796 2602
f 2805 2602 2611
f 2611 2610 2804
f 2611 2804 2805
f 2806 2603 2799
f 2806 2612 2603
f 2613 2612 2806
f 2613 2806 2807
f 2806 2799 2800
f 2806 2800 2807
f 2801 2605 2614
f 2801 2614 2808
f 2809 2801 2808
f 2809 2802 2801
f 2810 2607 2803
f 2810 2615 2607
f 2810 2802 2809
f 2810 2803 2802
f 2811 2804 2610
f 2811 2610 2618
f 2619 2811 2618
f 2619 2812 2811
f 2807 2620 2613
f 2807 2813 2620
f 2808 2614 2621
f 2808 2621 2814
f 2621 2620 2813
f 2621 2813 2814
f 2815 2808 2814
f 2815 2809 2808
f 2810 2622 2615
f 2810 2816 2622
f 2815 2810 2809
f 2815 2816 2810
f 2817 2623 2622
f 2817 2622 2816
f 2624 2623 2817
f 2624 2817 2818
f 2820 2812 2619
f 2820 2619 2626
f 2819 2811 2812
f 2819 2812 2820
f 2821 2817 2816
f 2821 2822 2817
f 2818 2629 2624
f 2818 2823 2629
f 2824 2630 2629
f 2824 2629 2823
f 2823 2818 2819
f 2823 2819 2824
f 2825 2820 2626
f 2825 2626 2631
f 2825 2631 2630
f 2825 2630 2824
f 2824 2819 2820
f 2824 2820 2825
f 2829 2632 2633
f 2829 2828 2632
f 2830 2633 2634
f 2830 2829 2633
f 2831 2634 2635
f 2831 2830 2634
f 2638 2832 2637
f 2638 2833 2832
f 2834 2827 2826
f 2834 2835 2827
f 2836 2632 2828
f 2836 2640 2632
f 2836 2639 2640
f 2836 2835 2639
f 2836 2827 2835
f 2836 2828 2827
f 2837 2829 2830
f 2837 2830 2838
f 2831 2635 2642
f 2831 2642 2839
f 2839 2838 2830
f 2839 2830 2831
f 2832 2644 2637
f 2832 2841 2644
f 2644 2840 2643
f 2644 2841 2840
f 2833 2638 2645
f 2833 2645 2842
f 2842 2841 2832
f 2842 2832 2833
f 2835 2646 2639
f 2835 2844 2646
f 2844 2834 2843
f 2844 2835 2834
f 2845 2647 2646
f 2845 2646 2844
f 2839 2642 2649
f 2839 2649 2846
f 2840 2650 2643
f 2840 2848 2650
f 2842 2645 2652
f 2842 2652 2850
f 2849 2841 2842
f 2849 2842 2850
f 2854 2653 2654
f 2854 2853 2653
f 2854 2843 2853
f 2854 2844 2843
f 2855 2647 2845
f 2855 2655 2647
f 2855 2654 2655
f 2855 2854 2654
f 2854 2845 2844
f 2854 2855 2845
f 2846 2649 2657
f 2846 2657 2857
f 2657 2656 2856
f 2657 2856 2857
f 2659 2858 2658
f 2659 2859 2858
f 2848 2660 2650
f 2848 2860 2660
f 2860 2659 2660
f 2860 2859 2659
f 2860 2847 2859
f 2860 2848 2847
f 2862 2850 2652
f 2862 2652 2662
f 2861 2849 2850
f 2861 2850 2862
f 2862 2851 2850
f 2862 2863 2851
f 2865 2653 2853
f 2865 2663 2653
f 2865 2852 2864
f 2865 2853 2852
f 2866 2664 2663
f 2866 2663 2865
f 2856 2656 2666
f 2856 2666 2867
f 2868 2856 2867
f 2868 2857 2856
f 2858 2668 2658
f 2858 2869 2668
f 2870 2669 2668
f 2870 2668 2869
f 2870 2869 2858
f 2870 2858 2859
f 2870 2859 2860
f 2870 2860 2871
f 2872 2862 2662
f 2872 2662 2672
f 2673 2872 2672
f 2673 2873 2872
f 2872 2863 2862
f 2872 2873 2863
f 2674 2873 2673
f 2674 2874 2873
f 2874 2863 2873
f 2874 2864 2863
f 2866 2675 2664
f 2866 2876 2675
f 2875 2866 2865
f 2875 2876 2866
f 2877 2867 2666
f 2877 2666 2678
f 2679 2877 2678
f 2679 2878 2877
f 2870 2680 2669
f 2870 2879 2680
f 2880 2681 2680
f 2880 2680 2879
f 2879 2870 2871
f 2879 2871 2880
f 2881 2682 2681
f 2881 2681 2880
f 2882 2874 2674
f 2882 2674 2685
f 2686 2882 2685
f 2686 2883 2882
f 2876 2687 2675
f 2876 2884 2687
f 2884 2686 2687
f 2884 2883 2686
f 2884 2875 2883
f 2884 2876 2875
f 2878 2679 2691
f 2878 2691 2886
f 2691 2690 2885
f 2691 2885 2886
f 2887 2880 2879
f 2887 2888 2880
f 2881 2692 2682
f 2881 2889 2692
f 2888 2881 2880
f 2888 2889 2881
f 2890 2882 2883
f 2890 2883 2891
f 2892 2891 2883
f 2892 2883 2884
f 2893 2885 2690
f 2893 2690 2700
f 2895 2887 2894
f 2895 2888 2887
f 2889 2701 2692
f 2889 2896 2701
f 2895 2889 2888
f 2895 2896 2889
f 2704 2703 2898
f 2704 2898 2899
f 2900 2705 2704
f 2900 2704 2899
f 2893 2700 2709
f 2893 2709 2902
f 2709 2708 2901
f 2709 2901 2902
f 2903 2701 2896
f 2903 2710 2701
f 2904 2711 2710
f 2904 2710 2903
f 2903 2896 2897
f 2903 2897 2904
f 2898 2703 2712
f 2898 2712 2905
f 2906 2898 2905
f 2906 2899 2898
f 2900 2713 2705
f 2900 2907 2713
f 2907 2899 2906
f 2907 2900 2899
f 2908 2901 2708
f 2908 2708 2716
f 2717 2908 2716
f 2717 2909 2908
f 2904 2718 2711
f 2904 2910 2718
f 2905 2712 2719
f 2905 2719 2911
f 2719 2718 2910
f 2719 2910 2911
f 2912 2905 2911
f 2912 2906 2905
f 2907 2720 2713
f 2907 2913 2720
f 2912 2907 2906
f 2912 2913 2907
f 2914 2721 2720
f 2914 2720 2913
f 2722 2721 2914
f 2722 2914 2915
f 2917 2909 2717
f 2917 2717 2724
f 2916 2908 2909
f 2916 2909 2917
f 2918 2914 2913
f 2918 2919 2914
f 2915 2727 2722
f 2915 2920 2727
f 2921 2728 2727
f 2921 2727 2920
f 2920 2915 2916
f 2920 2916 2921
f 2922 2917 2724
f 2922 2724 2729
f 2922 2729 2728
f 2922 2728 2921
f 2922 2921 2916
f 2922 2916 2917
f 2924 2730 2731
f 2924 2923 2730
f 2925 2731 2732
f 2925 2924 2731
f 2926 2732 2733
f 2926 2925 2732
f 2927 2730 2923
f 2927 2738 2730
f 2926 2733 2741
f 2926 2741 2928
f 2929 2741 2742
f 2929 2928 2741
f 2930 2742 2743
f 2930 2929 2742
f 2934 2744 2745
f 2934 2933 2744
f 2927 2747 2738
f 2927 2935 2747
f 2930 2743 2751
f 2930 2751 2938
f 2940 2932 2931
f 2940 2941 2932
f 2942 2744 2933
f 2942 2753 2744
f 2942 2752 2753
f 2942 2941 2752
f 2942 2932 2941
f 2942 2933 2932
f 2934 2745 2754
f 2934 2754 2943
f 2944 2754 2755
f 2944 2943 2754
f 2756 2944 2755
f 2756 2945 2944
f 2947 2747 2935
f 2947 2758 2747
f 2947 2757 2758
f 2947 2946 2757
f 2948 2947 2935
f 2948 2935 2936
f 2949 2948 2936
f 2949 2936 2937
f 2938 2751 2762
f 2938 2762 2950
f 2950 2939 2938
f 2950 2951 2939
f 2953 2752 2941
f 2953 2764 2752
f 2952 2941 2940
f 2952 2953 2941
f 2954 2765 2764
f 2954 2764 2953
f 2955 2945 2756
f 2955 2756 2767
f 2946 2768 2757
f 2946 2956 2768
f 2956 2767 2768
f 2956 2955 2767
f 2769 2768 2956
f 2769 2956 2957
f 2957 2956 2946
f 2957 2946 2947
f 2957 2947 2948
f 2957 2948 2958
f 2958 2948 2949
f 2958 2949 2959
f 2950 2762 2771
f 2950 2771 2961
f 2771 2770 2960
f 2771 2960 2961
f 2962 2950 2961
f 2962 2951 2950
f 2954 2774 2765
f 2954 2964 2774
f 2963 2954 2953
f 2963 2964 2954
f 2956 2768 2777
f 2956 2777 2967
f 2967 2966 2955
f 2967 2955 2956
f 2957 2778 2769
f 2957 2968 2778
f 2969 2958 2959
f 2969 2959 2970
f 2960 2770 2780
f 2960 2780 2972
f 2973 2780 2781
f 2973 2972 2780
f 2964 2783 2774
f 2964 2975 2783
f 2783 2974 2782
f 2783 2975 2974
f 2974 2964 2963
f 2974 2975 2964
f 2977 2965 2966
f 2977 2966 2978
f 2967 2777 2786
f 2967 2786 2979
f 2978 2966 2967
f 2978 2967 2979
f 2968 2787 2778
f 2968 2980 2787
f 2980 2967 2979
f 2980 2968 2967
f 2984 2983 2971
f 2984 2971 2972
f 2985 2973 2781
f 2985 2781 2790
f 2985 2790 2789
f 2985 2789 2984
f 2985 2984 2972
f 2985 2972 2973
f 2974 2791 2782
f 2974 2986 2791
f 2987 2975 2976
f 2987 2976 2988
f 2979 2786 2794
f 2979 2794 2990
f 2989 2978 2979
f 2989 2979 2990
f 2980 2795 2787
f 2980 2991 2795
f 2990 2980 2979
f 2990 2991 2980
f 2992 2981 2982
f 2992 2982 2993
f 2984 2789 2796
f 2984 2796 2995
f 2994 2983 2984
f 2994 2984 2995
f 2996 2791 2986
f 2996 2797 2791
f 2997 2798 2797
f 2997 2797 2996
f 2997 2996 2986
f 2997 2986 2987
f 2799 2798 2997
f 2799 2997 2998
f 2997 2987 2988
f 2997 2988 2998
f 2800 2799 2998
f 2800 2998 2999
f 3000 2990 2794
f 3000 2794 2802
f 3001 2795 2991
f 3001 2803 2795
f 2803 3000 2802
f 2803 3001 3000
f 3000 2991 2990
f 3000 3001 2991
f 2995 2796 2805
f 2995 2805 3004
f 3004 2805 2804
f 3004 2804 3003
f 2999 2807 2800
f 2999 3006 2807
f 3005 2999 2998
f 3005 3006 2999
f 3003 2804 2811
f 3003 2811 3008
f 3008 3007 3002
f 3008 3002 3003
f 3009 3003 3008
f 3009 3004 3003
f 3006 2813 2807
f 3006 3010 2813
f 2814 2813 3010
f 2814 3010 3011
f 2815 2814 3011
f 2815 3011 3012
f 3013 2816 2815
f 3013 2815 3012
f 3015 2818 2817
f 3015 2817 3014
f 3016 3008 2811
f 3016 2811 2819
f 3016 2819 2818
f 3016 2818 3015
f 3016 3015 3007
f 3016 3007 3008
f 3013 2821 2816
f 3013 3017 2821
f 3014 2817 2822
f 3014 2822 3018
f 2822 2821 3017
f 2822 3017 3018
f 3018 3017 3013
f 3018 3013 3014
f 3020 2826 2827
f 3020 3019 2826
f 3021 2827 2828
f 3021 3020 2827
f 2829 3021 2828
f 2829 3022 3021
f 3024 2826 3019
f 3024 2834 2826
f 3022 2829 2837
f 3022 2837 3025
f 2838 3025 2837
f 2838 3026 3025
f 3025 3023 3022
f 3025 3026 3023
f 3027 2838 2839
f 3027 3026 2838
f 3031 2840 2841
f 3031 3030 2840
f 3024 2843 2834
f 3024 3033 2843
f 3027 2839 2846
f 3027 2846 3036
f 3038 3029 3028
f 3038 3039 3029
f 3040 2840 3030
f 3040 2848 2840
f 3040 2847 2848
f 3040 3039 2847
f 3040 3029 3039
f 3040 3030 3029
f 3031 2841 2849
f 3031 2849 3041
f 3041 3032 3031
f 3041 3042 3032
f 2851 3042 2850
f 2851 3043 3042
f 3045 2843 3033
f 3045 2853 2843
f 3045 2852 2853
f 3045 3044 2852
f 3046 3045 3033
f 3046 3033 3034
f 3046 3034 3035
f 3046 3035 3047
f 3048 3036 2846
f 3048 2846 2857
f 3048 3037 3036
f 3048 3049 3037
f 3051 2847 3039
f 3051 2859 2847
f 3050 3039 3038
f 3050 3051 3039
f 3052 2860 2859
f 3052 2859 3051
f 3053 3041 2849
f 3053 2849 2861
f 3054 2850 3042
f 3054 2862 2850
f 3054 2861 2862
f 3054 3053 2861
f 3054 3041 3053
f 3054 3042 3041
f 3055 3043 2851
f 3055 2851 2863
f 3044 2864 2852
f 3044 3056 2864
f 3056 2863 2864
f 3056 3055 2863
f 3057 2865 2864
f 3057 2864 3056
f 3057 3056 3044
f 3057 3044 3045
f 3057 3045 3046
f 3057 3046 3058
f 3058 3046 3047
f 3058 3047 3059
f 3048 2857 2868
f 3048 2868 3061
f 2868 2867 3060
f 2868 3060 3061
f 3062 3048 3061
f 3062 3049 3048
f 3052 2871 2860
f 3052 3064 2871
f 3063 3052 3051
f 3063 3064 3052
f 3066 3056 2864
f 3066 2864 2874
f 3066 3065 3055
f 3066 3055 3056
f 3057 2875 2865
f 3057 3067 2875
f 3068 3058 3059
f 3068 3059 3069
f 3060 2867 2877
f 3060 2877 3071
f 3072 2877 2878
f 3072 3071 2877
f 3064 2880 2871
f 3064 3074 2880
f 2880 3073 2879
f 2880 3074 3073
f 3073 3064 3063
f 3073 3074 3064
f 3066 2874 2882
f 3066 2882 3077
f 3076 3065 3066
f 3076 3066 3077
f 3078 2875 3067
f 3078 2883 2875
f 2884 2883 3078
f 2884 3078 3079
f 3082 3081 3070
f 3082 3070 3071
f 3083 3072 2878
f 3083 2878 2886
f 3083 2886 2885
f 3083 2885 3082
f 3083 3082 3071
f 3083 3071 3072
f 3073 2887 2879
f 3073 3084 2887
f 3085 3074 3075
f 3085 3075 3086
f 3077 2882 2890
f 3077 2890 3088
f 3087 3076 3077
f 3087 3077 3088
f 3089 2890 2891
f 3089 3088 2890
f 3088 3078 3077
f 3088 3089 3078
f 3079 2892 2884
f 3079 3090 2892
f 2892 3089 2891
f 2892 3090 3089
f 3089 3079 3078
f 3089 3090 3079
f 3090 3079 3080
f 3090 3080 3091
f 3082 2885 2893
f 3082 2893 3093
f 3092 3081 3082
f 3092 3082 3093
f 3094 2887 3084
f 3094 2894 2887
f 3095 2895 2894
f 3095 2894 3094
f 3095 3094 3084
f 3095 3084 3085
f 2896 2895 3095
f 2896 3095 3096
f 3095 3085 3086
f 3095 3086 3096
f 2897 2896 3096
f 2897 3096 3097
f 3093 2893 2902
f 3093 2902 3100
f 3100 2902 2901
f 3100 2901 3099
f 3097 2904 2897
f 3097 3102 2904
f 3101 3097 3096
f 3101 3102 3097
f 3099 2901 2908
f 3099 2908 3105
f 3105 3104 3098
f 3105 3098 3099
f 3106 3099 3105
f 3106 3100 3099
f 3107 2904 3102
f 3107 2910 2904
f 2911 2910 3107
f 2911 3107 3108
f 3107 3102 3103
f 3107 3103 3108
f 2912 2911 3108
f 2912 3108 3109
f 3110 2913 2912
f 3110 2912 3109
f 3112 2915 2914
f 3112 2914 3111
f 3113 3105 2908
f 3113 2908 2916
f 3113 2916 2915
f 3113 2915 3112
f 3113 3112 3104
f 3113 3104 3105
f 3110 2918 2913
f 3110 3114 2918
f 3111 2914 2919
f 3111 2919 3115
f 2919 2918 3114
f 2919 3114 3115
f 3115 3114 3110
f 3115 3110 3111
f 2924 3118 2923
f 2924 3119 3118
f 2925 3119 2924
f 2925 3120 3119
f 3121 2925 2926
f 3121 3120 2925
f 3122 3117 3116
f 3122 3123 3117
f 3118 2927 2923
f 3118 3124 2927
f 3124 3118 3119
f 3124 3119 3125
f 3126 3125 3119
f 3126 3119 3120
f 3121 2926 2928
f 3121 2928 3127
f 3126 3120 3121
f 3126 3121 3127
f 3128 2928 2929
f 3128 3127 2928
f 3129 2929 2930
f 3129 3128 2929
f 2932 3130 2931
f 2932 3131 3130
f 3132 2932 2933
f 3132 3131 2932
f 3132 3122 3131
f 3132 3123 3122
f 2934 3132 2933
f 2934 3133 3132
f 3135 2927 3124
f 3135 2935 2927
f 2936 2935 3135
f 2936 3135 3136
f 3135 3124 3125
f 3135 3125 3136
f 3137 2937 2936
f 3137 2936 3136
f 3138 3127 3128
f 3138 3128 3139
f 3129 2930 2938
f 3129 2938 3140
f 3139 3128 3129
f 3139 3129 3140
f 2939 3140 2938
f 2939 3141 3140
f 3142 2931 3130
f 3142 2940 2931
f 3143 3142 3130
f 3143 3130 3131
f 3144 3133 2934
f 3144 2934 2943
f 2944 3144 2943
f 2944 3145 3144
f 3144 3134 3133
f 3144 3145 3134
f 3146 2944 2945
f 3146 3145 2944
f 3137 2949 2937
f 3137 3148 2949
f 3147 3137 3136
f 3147 3148 3137
f 3150 3149 3138
f 3150 3138 3139
f 3150 3139 3140
f 3150 3140 3151
f 3141 2939 2951
f 3141 2951 3152
f 3151 3140 3141
f 3151 3141 3152
f 3142 2952 2940
f 3142 3153 2952
f 3154 2953 2952
f 3154 2952 3153
f 3153 3142 3143
f 3153 3143 3154
f 3158 3146 2945
f 3158 2945 2955
f 3157 3145 3146
f 3157 3146 3158
f 2958 3159 2957
f 2958 3160 3159
f 3148 2959 2949
f 3148 3161 2959
f 3161 3148 3149
f 3161 3149 3162
f 3162 3149 3150
f 3162 3150 3163
f 2961 2960 3163
f 2961 3163 3164
f 3164 3163 3150
f 3164 3150 3151
f 3165 3152 2951
f 3165 2951 2962
f 2962 2961 3164
f 2962 3164 3165
f 3154 2963 2953
f 3154 3167 2963
f 3166 3154 3153
f 3166 3167 3154
f 3168 3155 3156
f 3168 3156 3169
f 3171 3158 2955
f 3171 2955 2966
f 3171 2966 2965
f 3171 2965 3170
f 3171 3170 3157
f 3171 3157 3158
f 3159 2968 2957
f 3159 3173 2968
f 2968 3172 2967
f 2968 3173 3172
f 3160 2958 2969
f 3160 2969 3174
f 3174 3173 3159
f 3174 3159 3160
f 3161 2970 2959
f 3161 3175 2970
f 2970 3174 2969
f 2970 3175 3174
f 3176 3175 3161
f 3176 3161 3162
f 3177 3163 2960
f 3177 2960 2972
f 3177 2972 2971
f 3177 2971 3176
f 3177 3176 3162
f 3177 3162 3163
f 3178 2963 3167
f 3178 2974 2963
f 2976 2975 3179
f 2976 3179 3180
f 3180 3179 3168
f 3180 3168 3169
f 3170 2965 2977
f 3170 2977 3181
f 3181 3180 3169
f 3181 3169 3170
f 3182 2977 2978
f 3182 3181 2977
f 3172 2979 2967
f 3172 3183 2979
f 3184 3183 3172
f 3184 3172 3173
f 3185 3184 3173
f 3185 3173 3174
f 3186 2982 2981
f 3186 2981 3185
f 3185 3174 3175
f 3185 3175 3186
f 3187 3176 2971
f 3187 2971 2983
f 3187 3186 3175
f 3187 3175 3176
f 3188 2974 3178
f 3188 2986 2974
f 3189 3179 2975
f 3189 2975 2987
f 2987 2986 3188
f 2987 3188 3189
f 3189 3188 3178
f 3189 3178 3179
f 3190 2976 3180
f 3190 2988 2976
f 3190 3180 3181
f 3190 3181 3191
f 3182 2978 2989
f 3182 2989 3192
f 3183 2990 2979
f 3183 3193 2990
f 3193 2989 2990
f 3193 3192 2989
f 3194 3193 3183
f 3194 3183 3184
f 3185 2981 2992
f 3185 2992 3195
f 3194 3184 3185
f 3194 3185 3195
f 3186 2993 2982
f 3186 3196 2993
f 3196 2992 2993
f 3196 3195 2992
f 3187 2983 2994
f 3187 2994 3197
f 3196 3186 3187
f 3196 3187 3197
f 3198 2994 2995
f 3198 3197 2994
f 3190 2998 2988
f 3190 3199 2998
f 3200 3199 3190
f 3200 3190 3191
f 3201 3200 3191
f 3201 3191 3192
f 3201 3192 3193
f 3201 3193 3202
f 3205 3204 3195
f 3205 3195 3196
f 3206 3003 3002
f 3206 3002 3205
f 3198 2995 3004
f 3198 3004 3207
f 3199 3005 2998
f 3199 3208 3005
f 3006 3005 3208
f 3006 3208 3209
f 3208 3199 3200
f 3208 3200 3209
f 3209 3200 3201
f 3209 3201 3210
f 3211 3210 3201
f 3211 3201 3202
f 3211 3202 3203
f 3211 3203 3212
f 3213 3212 3203
f 3213 3203 3204
f 3214 3205 3002
f 3214 3002 3007
f 3215 3003 3206
f 3215 3008 3003
f 3207 3004 3009
f 3207 3009 3216
f 3009 3008 3215
f 3009 3215 3216
f 3215 3206 3207
f 3215 3207 3216
f 3217 3006 3209
f 3217 3010 3006
f 3011 3010 3217
f 3011 3217 3218
f 3217 3209 3210
f 3217 3210 3218
f 3219 3012 3011
f 3219 3011 3218
f 3218 3210 3211
f 3218 3211 3219
f 3220 3013 3012
f 3220 3012 3219
f 3219 3211 3212
f 3219 3212 3220
f 3014 3013 3220
f 3014 3220 3221
f 3221 3220 3212
f 3221 3212 3213
f 3222 3214 3007
f 3222 3007 3015
f 3222 3015 3014
f 3222 3014 3221
f 3222 3221 3213
f 3222 3213 3214
f 3020 3225 3019
f 3020 3226 3225
f 3021 3226 3020
f 3021 3227 3226
f 3228 3021 3022
f 3228 3227 3021
f 3023 3228 3022
f 3023 3229 3228
f 3230 3224 3223
f 3230 3231 3224
f 3225 3024 3019
f 3225 3232 3024
f 3232 3225 3226
f 3232 3226 3233
f 3234 3233 3226
f 3234 3226 3227
f 3234 3227 3228
f 3234 3228 3235
f 3229 3023 3026
f 3229 3026 3236
f 3235 3228 3229
f 3235 3229 3236
f 3027 3236 3026
f 3027 3237 3236
f 3029 3238 3028
f 3029 3239 3238
f 3030 3239 3029
f 3030 3240 3239
f 3240 3230 3239
f 3240 3231 3230
f 3031 3240 3030
f 3031 3241 3240
f 3032 3241 3031
f 3032 3242 3241
f 3243 3024 3232
f 3243 3033 3024
f 3034 3033 3243
f 3034 3243 3244
f 3243 3232 3233
f 3243 3233 3244
f 3245 3035 3034
f 3245 3034 3244
f 3246 3235 3236
f 3246 3236 3247
f 3237 3027 3036
f 3237 3036 3248
f 3247 3236 3237
f 3247 3237 3248
f 3037 3248 3036
f 3037 3249 3248
f 3250 3028 3238
f 3250 3038 3028
f 3251 3250 3238
f 3251 3238 3239
f 3252 3242 3032
f 3252 3032 3042
f 3253 3042 3043
f 3253 3252 3042
f 3245 3047 3035
f 3245 3255 3047
f 3254 3245 3244
f 3254 3255 3245
f 3257 3256 3246
f 3257 3246 3247
f 3257 3247 3248
f 3257 3248 3258
f 3259 3249 3037
f 3259 3037 3049
f 3250 3050 3038
f 3250 3260 3050
f 3261 3051 3050
f 3261 3050 3260
f 3260 3250 3251
f 3260 3251 3261
f 3265 3253 3043
f 3265 3043 3055
f 3264 3252 3253
f 3264 3253 3265
f 3058 3266 3057
f 3058 3267 3266
f 3268 3047 3255
f 3268 3059 3047
f 3268 3255 3256
f 3268 3256 3269
f 3269 3256 3257
f 3269 3257 3270
f 3061 3060 3270
f 3061 3270 3271
f 3271 3270 3257
f 3271 3257 3258
f 3259 3049 3062
f 3259 3062 3272
f 3062 3061 3271
f 3062 3271 3272
f 3274 3051 3261
f 3274 3063 3051
f 3273 3261 3260
f 3273 3274 3261
f 3275 3262 3263
f 3275 3263 3276
f 3265 3055 3065
f 3265 3065 3278
f 3277 3264 3265
f 3277 3265 3278
f 3266 3067 3057
f 3266 3279 3067
f 3267 3058 3068
f 3267 3068 3280
f 3279 3266 3267
f 3279 3267 3280
f 3268 3069 3059
f 3268 3281 3069
f 3069 3280 3068
f 3069 3281 3280
f 3282 3281 3268
f 3282 3268 3269
f 3283 3270 3060
f 3283 3060 3071
f 3283 3071 3070
f 3283 3070 3282
f 3283 3282 3269
f 3283 3269 3270
f 3284 3063 3274
f 3284 3073 3063
f 3075 3074 3285
f 3075 3285 3286
f 3286 3285 3275
f 3286 3275 3276
f 3287 3286 3276
f 3287 3276 3277
f 3278 3065 3076
f 3278 3076 3288
f 3287 3277 3278
f 3287 3278 3288
f 3290 3067 3279
f 3290 3078 3067
f 3078 3289 3077
f 3078 3290 3289
f 3291 3290 3279
f 3291 3279 3280
f 3080 3079 3291
f 3080 3291 3292
f 3291 3280 3281
f 3291 3281 3292
f 3293 3282 3070
f 3293 3070 3081
f 3293 3292 3281
f 3293 3281 3282
f 3294 3073 3284
f 3294 3084 3073
f 3295 3285 3074
f 3295 3074 3085
f 3085 3084 3294
f 3085 3294 3295
f 3295 3294 3284
f 3295 3284 3285
f 3296 3075 3286
f 3296 3086 3075
f 3296 3286 3287
f 3296 3287 3297
f 3288 3076 3087
f 3288 3087 3298
f 3289 3088 3077
f 3289 3299 3088
f 3299 3087 3088
f 3299 3298 3087
f 3300 3299 3289
f 3300 3289 3290
f 3291 3079 3090
f 3291 3090 3301
f 3300 3290 3291
f 3300 3291 3301
f 3292 3091 3080
f 3292 3302 3091
f 3091 3301 3090
f 3091 3302 3301
f 3293 3081 3092
f 3293 3092 3303
f 3302 3292 3293
f 3302 3293 3303
f 3304 3092 3093
f 3304 3303 3092
f 3296 3096 3086
f 3296 3305 3096
f 3306 3305 3296
f 3306 3296 3297
f 3307 3306 3297
f 3307 3297 3298
f 3307 3298 3299
f 3307 3299 3308
f 3311 3310 3301
f 3311 3301 3302
f 3312 3099 3098
f 3312 3098 3311
f 3304 3093 3100
f 3304 3100 3313
f 3305 3101 3096
f 3305 3314 3101
f 3315 3102 3101
f 3315 3101 3314
f 3314 3305 3306
f 3314 3306 3315
f 3103 3102 3315
f 3103 3315 3316
f 3315 3306 3307
f 3315 3307 3316
f 3317 3316 3307
f 3317 3307 3308
f 3317 3308 3309
f 3317 3309 3318
f 3319 3318 3309
f 3319 3309 3310
f 3320 3311 3098
f 3320 3098 3104
f 3321 3099 3312
f 3321 3105 3099
f 3313 3100 3106
f 3313 3106 3322
f 3106 3105 3321
f 3106 3321 3322
f 3321 3312 3313
f 3321 3313 3322
f 3323 3103 3316
f 3323 3108 3103
f 3109 3108 3323
f 3109 3323 3324
f 3323 3316 3317
f 3323 3317 3324
f 3325 3110 3109
f 3325 3109 3324
f 3324 3317 3318
f 3324 3318 3325
f 3111 3110 3325
f 3111 3325 3326
f 3326 3325 3318
f 3326 3318 3319
f 3327 3320 3104
f 3327 3104 3112
f 3327 3112 3111
f 3327 3111 3326
f 3327 3326 3319
f 3327 3319 3320
f 3329 3116 3117
f 3329 3328 3116
f 3330 3116 3328
f 3330 3122 3116
f 3329 3117 3123
f 3329 3123 3331
f 3126 3333 3125
f 3126 3334 3333
f 3335 3126 3127
f 3335 3334 3126
f 3336 3122 3330
f 3336 3131 3122
f 3337 3331 3123
f 3337 3123 3132
f 3133 3337 3132
f 3133 3338 3337
f 3337 3332 3331
f 3337 3338 3332
f 3339 3133 3134
f 3339 3338 3133
f 3333 3136 3125
f 3333 3340 3136
f 3335 3127 3138
f 3335 3138 3342
f 3341 3334 3335
f 3341 3335 3342
f 3336 3143 3131
f 3336 3343 3143
f 3339 3134 3145
f 3339 3145 3346
f 3345 3338 3339
f 3345 3339 3346
f 3340 3147 3136
f 3340 3348 3147
f 3349 3148 3147
f 3349 3147 3348
f 3350 3342 3138
f 3350 3138 3149
f 3350 3149 3148
f 3350 3148 3349
f 3350 3349 3341
f 3350 3341 3342
f 3152 3351 3151
f 3152 3352 3351
f 3354 3143 3343
f 3354 3154 3143
f 3154 3353 3153
f 3154 3354 3353
f 3354 3343 3344
f 3354 3344 3355
f 3356 3156 3155
f 3356 3155 3355
f 3346 3145 3157
f 3346 3157 3357
f 3357 3347 3346
f 3357 3358 3347
f 3359 3151 3351
f 3359 3164 3151
f 3352 3152 3165
f 3352 3165 3360
f 3165 3164 3359
f 3165 3359 3360
f 3359 3351 3352
f 3359 3352 3360
f 3353 3166 3153
f 3353 3361 3166
f 3167 3166 3361
f 3167 3361 3362
f 3362 3361 3353
f 3362 3353 3354
f 3363 3355 3155
f 3363 3155 3168
f 3363 3362 3354
f 3363 3354 3355
f 3364 3156 3356
f 3364 3169 3156
f 3365 3357 3157
f 3365 3157 3170
f 3365 3170 3169
f 3365 3169 3364
f 3365 3364 3356
f 3365 3356 3357
f 3366 3167 3362
f 3366 3178 3167
f 3367 3363 3168
f 3367 3168 3179
f 3367 3179 3178
f 3367 3178 3366
f 3366 3362 3363
f 3366 3363 3367
f 3182 3368 3181
f 3182 3369 3368
f 3368 3191 3181
f 3368 3370 3191
f 3371 3369 3182
f 3371 3182 3192
f 3371 3192 3191
f 3371 3191 3370
f 3370 3368 3369
f 3370 3369 3371
f 3194 3372 3193
f 3194 3373 3372
f 3374 3194 3195
f 3374 3373 3194
f 3197 3375 3196
f 3197 3376 3375
f 3198 3376 3197
f 3198 3377 3376
f 3372 3202 3193
f 3372 3378 3202
f 3203 3202 3378
f 3203 3378 3379
f 3378 3372 3373
f 3378 3373 3379
f 3374 3195 3204
f 3374 3204 3380
f 3380 3204 3203
f 3380 3203 3379
f 3379 3373 3374
f 3379 3374 3380
f 3375 3205 3196
f 3375 3381 3205
f 3381 3204 3205
f 3381 3380 3204
f 3206 3205 3381
f 3206 3381 3382
f 3382 3381 3375
f 3382 3375 3376
f 3383 3377 3198
f 3383 3198 3207
f 3383 3207 3206
f 3383 3206 3382
f 3383 3382 3376
f 3383 3376 3377
f 3384 3204 3380
f 3384 3213 3204
f 3385 3381 3205
f 3385 3205 3214
f 3385 3214 3213
f 3385 3213 3384
f 3385 3384 3380
f 3385 3380 3381
f 3387 3223 3224
f 3387 3386 3223
f 3388 3223 3386
f 3388 3230 3223
f 3387 3224 3231
f 3387 3231 3389
f 3234 3391 3233
f 3234 3392 3391
f 3393 3234 3235
f 3393 3392 3234
f 3394 3230 3388
f 3394 3239 3230
f 3395 3389 3231
f 3395 3231 3240
f 3241 3395 3240
f 3241 3396 3395
f 3395 3390 3389
f 3395 3396 3390
f 3397 3241 3242
f 3397 3396 3241
f 3391 3244 3233
f 3391 3398 3244
f 3393 3235 3246
f 3393 3246 3400
f 3399 3392 3393
f 3399 3393 3400
f 3249 3401 3248
f 3249 3402 3401
f 3394 3251 3239
f 3394 3403 3251
f 3397 3242 3252
f 3397 3252 3406
f 3405 3396 3397
f 3405 3397 3406
f 3398 3254 3244
f 3398 3408 3254
f 3409 3255 3254
f 3409 3254 3408
f 3410 3400 3246
f 3410 3246 3256
f 3410 3256 3255
f 3410 3255 3409
f 3410 3409 3399
f 3410 3399 3400
f 3401 3258 3248
f 3401 3411 3258
f 3402 3249 3259
f 3402 3259 3412
f 3412 3411 3401
f 3412 3401 3402
f 3414 3251 3403
f 3414 3261 3251
f 3261 3413 3260
f 3261 3414 3413
f 3414 3403 3404
f 3414 3404 3415
f 3416 3263 3262
f 3416 3262 3415
f 3416 3415 3404
f 3416 3404 3405
f 3406 3252 3264
f 3406 3264 3417
f 3418 3406 3417
f 3418 3407 3406
f 3419 3258 3411
f 3419 3271 3258
f 3420 3412 3259
f 3420 3259 3272
f 3272 3271 3419
f 3272 3419 3420
f 3420 3419 3411
f 3420 3411 3412
f 3413 3273 3260
f 3413 3421 3273
f 3274 3273 3421
f 3274 3421 3422
f 3422 3421 3413
f 3422 3413 3414
f 3423 3415 3262
f 3423 3262 3275
f 3423 3422 3414
f 3423 3414 3415
f 3424 3263 3416
f 3424 3276 3263
f 3425 3417 3264
f 3425 3264 3277
f 3425 3277 3276
f 3425 3276 3424
f 3425 3424 3416
f 3425 3416 3417
f 3426 3274 3422
f 3426 3284 3274
f 3427 3423 3275
f 3427 3275 3285
f 3427 3285 3284
f 3427 3284 3426
f 3426 3422 3423
f 3426 3423 3427
f 3429 3287 3288
f 3429 3428 3287
f 3430 3287 3428
f 3430 3297 3287
f 3431 3429 3288
f 3431 3288 3298
f 3431 3298 3297
f 3431 3297 3430
f 3430 3428 3429
f 3430 3429 3431
f 3300 3432 3299
f 3300 3433 3432
f 3434 3300 3301
f 3434 3433 3300
f 3303 3435 3302
f 3303 3436 3435
f 3304 3436 3303
f 3304 3437 3436
f 3432 3308 3299
f 3432 3438 3308
f 3309 3308 3438
f 3309 3438 3439
f 3439 3438 3432
f 3439 3432 3433
f 3434 3301 3310
f 3434 3310 3440
f 3440 3310 3309
f 3440 3309 3439
f 3439 3433 3434
f 3439 3434 3440
f 3435 3311 3302
f 3435 3441 3311
f 3441 3310 3311
f 3441 3440 3310
f 3312 3311 3441
f 3312 3441 3442
f 3442 3441 3435
f 3442 3435 3436
f 3443 3437 3304
f 3443 3304 3313
f 3443 3313 3312
f 3443 3312 3442
f 3442 3436 3437
f 3442 3437 3443
f 3444 3310 3440
f 3444 3319 3310
f 3445 3441 3311
f 3445 3311 3320
f 3445 3320 3319
f 3445 3319 3444
f 3445 3444 3440
f 3445 3440 3441
f 3329 3446 3328
f 3329 3447 3446
f 3446 3330 3328
f 3446 3448 3330
f 3447 3329 3331
f 3447 3331 3449
f 3448 3446 3447
f 3448 3447 3449
f 3450 3331 3332
f 3450 3449 3331
f 3452 3333 3334
f 3452 3451 3333
f 3448 3336 3330
f 3448 3453 3336
f 3455 3450 3332
f 3455 3332 3338
f 3454 3449 3450
f 3454 3450 3455
f 3451 3340 3333
f 3451 3456 3340
f 3452 3334 3341
f 3452 3341 3457
f 3457 3456 3451
f 3457 3451 3452
f 3458 3336 3453
f 3458 3343 3336
f 3344 3343 3458
f 3344 3458 3459
f 3455 3338 3345
f 3455 3345 3460
f 3461 3345 3346
f 3461 3460 3345
f 3347 3461 3346
f 3347 3462 3461
f 3463 3340 3456
f 3463 3348 3340
f 3464 3457 3341
f 3464 3341 3349
f 3464 3349 3348
f 3464 3348 3463
f 3464 3463 3456
f 3464 3456 3457
f 3466 3344 3459
f 3466 3355 3344
f 3465 3459 3458
f 3465 3466 3459
f 3467 3356 3355
f 3467 3355 3466
f 3467 3466 3459
f 3467 3459 3460
f 3357 3356 3467
f 3357 3467 3468
f 3467 3460 3461
f 3467 3461 3468
f 3462 3347 3358
f 3462 3358 3469
f 3358 3357 3468
f 3358 3468 3469
f 3468 3461 3462
f 3468 3462 3469
f 3387 3470 3386
f 3387 3471 3470
f 3470 3388 3386
f 3470 3472 3388
f 3471 3387 3389
f 3471 3389 3473
f 3472 3470 3471
f 3472 3471 3473
f 3390 3473 3389
f 3390 3474 3473
f 3476 3391 3392
f 3476 3475 3391
f 3472 3394 3388
f 3472 3477 3394
f 3478 3474 3390
f 3478 3390 3396
f 3475 3398 3391
f 3475 3479 3398
f 3476 3392 3399
f 3476 3399 3480
f 3480 3479 3475
f 3480 3475 3476
f 3481 3394 3477
f 3481 3403 3394
f 3404 3403 3481
f 3404 3481 3482
f 3478 3396 3405
f 3478 3405 3483
f 3483 3405 3404
f 3483 3404 3482
f 3484 3405 3406
f 3484 3483 3405
f 3407 3484 3406
f 3407 3485 3484
f 3486 3398 3479
f 3486 3408 3398
f 3487 3480 3399
f 3487 3399 3409
f 3487 3409 3408
f 3487 3408 3486
f 3487 3486 3479
f 3487 3479 3480
f 3488 3482 3481
f 3488 3489 3482
f 3490 3405 3483
f 3490 3416 3405
f 3417 3416 3490
f 3417 3490 3491
f 3490 3483 3484
f 3490 3484 3491
f 3485 3407 3418
f 3485 3418 3492
f 3418 3417 3491
f 3418 3491 3492
f 3491 3484 3485
f 3491 3485 3492
f 3494 3448 3449
f 3494 3493 3448
f 3493 3453 3448
f 3493 3495 3453
f 3494 3449 3454
f 3494 3454 3496
f 3496 3495 3493
f 3496 3493 3494
f 3497 3454 3455
f 3497 3496 3454
f 3499 3453 3495
f 3499 3458 3453
f 3501 3497 3455
f 3501 3455 3460
f 3501 3460 3459
f 3501 3459 3500
f 3500 3496 3497
f 3500 3497 3501
f 3499 3465 3458
f 3499 3503 3465
f 3502 3499 3498
f 3502 3503 3499
f 3504 3500 3459
f 3504 3459 3466
f 3504 3466 3465
f 3504 3465 3503
f 3473 3505 3472
f 3473 3506 3505
f 3474 3506 3473
f 3474 3507 3506
f 3505 3477 3472
f 3505 3508 3477
f 3509 3508 3505
f 3509 3505 3506
f 3507 3474 3478
f 3507 3478 3510
f 3510 3509 3506
f 3510 3506 3507
f 3512 3477 3508
f 3512 3481 3477
f 3514 3510 3478
f 3514 3478 3483
f 3514 3483 3482
f 3514 3482 3513
f 3514 3513 3509
f 3514 3509 3510
f 3512 3488 3481
f 3512 3516 3488
f 3515 3512 3511
f 3515 3516 3512
f 3513 3482 3489
f 3513 3489 3517
f 3517 3489 3488
f 3517 3488 3516
f 3519 3495 3496
f 3519 3518 3495
f 3518 3499 3495
f 3518 3521 3499
f 3521 3498 3499
f 3521 3520 3498
f 3519 3496 3500
f 3519 3500 3522
f 3521 3518 3519
f 3521 3519 3522
f 3520 3502 3498
f 3520 3523 3502
f 3524 3503 3502
f 3524 3502 3523
f 3522 3500 3504
f 3522 3504 3525
f 3504 3503 3524
f 3504 3524 3525
f 3527 3508 3509
f 3527 3526 3508
f 3526 3512 3508
f 3526 3529 3512
f 3529 3511 3512
f 3529 3528 3511
f 3527 3509 3513
f 3527 3513 3530
f 3529 3526 3527
f 3529 3527 3530
f 3528 3515 3511
f 3528 3531 3515
f 3532 3516 3515
f 3532 3515 3531
f 3530 3513 3517
f 3530 3517 3533
f 3517 3516 3532
f 3517 3532 3533
f 3535 3520 3521
f 3535 3534 3520
f 3522 3535 3521
f 3522 3536 3535
f 3534 3523 3520
f 3534 3537 3523
f 3538 3524 3523
f 3538 3523 3537
f 3538 3537 3534
f 3538 3534 3535
f 3536 3522 3525
f 3536 3525 3539
f 3525 3524 3538
f 3525 3538 3539
f 3539 3538 3535
f 3539 3535 3536
f 3541 3528 3529
f 3541 3540 3528
f 3530 3541 3529
f 3530 3542 3541
f 3540 3531 3528
f 3540 3543 3531
f 3544 3532 3531
f 3544 3531 3543
f 3543 3540 3541
f 3543 3541 3544
f 3542 3530 3533
f 3542 3533 3545
f 3533 3532 3544
f 3533 3544 3545
f 3545 3544 3541
f 3545 3541 3542
