# parsimony mesh: eg11388_monomer (source /Users/eranagmon/code/v2e-abund/workspace/studies/ecoli-3d/viz/3d/structures/eg11388_monomer.pdb)
# atoms: 1046  voxel: 2.5 Å  verts: 1928  tris: 4008
v 23.4312 -2.0563 -34.2543
v 24.0504 -2.0563 -34.2543
v 23.2447 -0.6855 -34.3820
v 24.8676 -0.4423 -34.3358
v 26.0944 0.5531 -34.1482
v 23.2906 1.1732 -34.3530
v 24.8433 1.0233 -34.3024
v 26.0944 0.5676 -34.1482
v 21.0579 -1.9947 -31.7100
v 22.4961 -2.4580 -32.6847
v 24.4354 -2.5442 -32.8969
v 20.8808 -0.6855 -31.8963
v 21.9947 -0.6855 -33.1463
v 25.6981 -0.4423 -33.1414
v 26.0944 0.5531 -34.1378
v 20.6627 1.8145 -32.1563
v 22.4117 1.9297 -33.4801
v 25.3298 1.6724 -33.1493
v 26.1710 1.5527 -33.0450
v 20.7671 3.2371 -32.0566
v 22.3433 3.4814 -32.4862
v 24.8433 3.4951 -32.4079
v 26.2476 3.2554 -31.9522
v 15.9637 -4.6988 -29.2107
v 16.4752 -4.6988 -29.2107
v 15.9637 -4.1062 -29.2107
v 16.4752 -4.1062 -29.2107
v 20.5739 -2.1625 -30.3969
v 22.4653 -2.5315 -30.2003
v 24.2589 -2.6262 -30.9026
v 18.4667 0.0270 -29.3395
v 19.5290 -0.7580 -30.2624
v 23.3800 -1.4926 -29.2360
v 24.4905 -0.6698 -30.2003
v 18.1930 1.8145 -29.7173
v 19.4127 1.8145 -30.9673
v 25.2797 1.7485 -30.5035
v 26.2476 2.5378 -31.4080
v 18.1862 3.6111 -29.7148
v 19.8976 3.7377 -30.4876
v 22.3433 3.9816 -30.3969
v 24.7818 3.5676 -30.5035
v 26.2476 3.2554 -31.4080
v 15.3479 -7.2764 -27.2511
v 16.6267 -7.2764 -27.2511
v 13.5548 -4.8458 -26.7364
v 14.8225 -5.6057 -27.8271
v 17.1251 -5.5935 -28.0094
v 13.5548 -4.2409 -26.7364
v 14.8629 -3.3402 -27.8778
v 17.5198 -3.4158 -28.1894
v 19.6990 -2.7458 -28.0746
v 22.4653 -2.4286 -27.9839
v 23.7556 -2.1970 -27.2086
v 15.4287 -1.2053 -27.3524
v 17.3717 -0.5892 -28.1894
v 18.7695 -1.6396 -29.0264
v 23.3934 -0.6218 -28.0062
v 23.7301 -0.6218 -28.0062
v 17.5456 1.8145 -27.8969
v 23.1780 1.8145 -27.3149
v 23.9124 1.8145 -28.5649
v 18.1279 3.8242 -27.8969
v 19.8433 4.5139 -27.8969
v 22.3729 3.7748 -27.8871
v 23.9075 3.3288 -28.7139
v -1.6002 14.7524 -26.8229
v -0.7993 14.7524 -26.8229
v -1.6002 15.7492 -26.8229
v -0.7993 15.7492 -26.8229
v 13.5424 -9.4732 -24.1795
v 13.7944 -9.4732 -24.1795
v 13.5424 -9.1901 -24.1795
v 14.5712 -8.2332 -25.0747
v 16.6267 -7.2764 -25.9699
v 13.3929 -5.2166 -25.3969
v 14.8661 -5.7896 -25.0667
v 17.0966 -5.6855 -25.5266
v 23.3853 -4.5130 -24.3062
v 23.7121 -4.5130 -24.3062
v 13.3929 -3.8359 -25.3969
v 14.7674 -3.3708 -24.8683
v 17.5759 -4.1814 -25.1569
v 19.8433 -3.4067 -25.3969
v 22.4685 -3.5125 -25.2425
v 24.0283 -3.0924 -25.2425
v -6.6537 0.1275 -24.3840
v -5.1567 -0.1669 -24.8128
v -3.2271 0.0262 -24.7976
v 15.1607 -0.4974 -25.4427
v 16.2768 0.4613 -26.3067
v 23.4069 0.2490 -26.2313
v 24.0220 -0.6248 -25.3975
v -6.6537 0.9407 -24.3840
v -5.1567 1.4508 -24.8128
v -3.2271 1.3701 -24.7976
v 15.9236 0.8347 -24.6400
v 17.3283 1.5949 -25.4805
v 19.8433 1.9486 -24.8402
v 22.4831 1.4769 -25.3975
v 23.7016 0.6677 -24.5646
v 18.3799 3.5309 -26.3210
v 19.8433 3.8019 -26.0902
v 21.5593 3.5814 -26.2304
v -1.7211 7.4799 -24.3620
v -0.9921 7.4799 -24.3620
v -1.9033 9.3145 -24.6229
v -0.1579 9.4065 -24.6275
v 1.1971 10.3012 -24.3131
v -2.0393 11.8145 -25.0806
v -0.1567 11.8145 -25.4690
v 1.2702 11.8145 -24.5353
v -1.9725 14.0772 -25.6421
v -0.0320 14.1189 -25.5687
v 1.2254 13.4855 -24.4985
v -1.7421 15.8430 -25.3969
v -0.5947 15.8430 -25.3969
v 13.1273 -9.7983 -22.8969
v 14.7140 -9.9023 -23.0383
v 16.5888 -9.7297 -22.2992
v 12.9594 -8.2882 -23.0748
v 14.7140 -8.2882 -23.8663
v 16.8454 -8.1855 -22.6363
v 13.0701 -5.8142 -23.0748
v 15.0678 -5.8142 -23.9611
v 16.8378 -5.6855 -22.7547
v 23.3853 -4.5130 -24.0069
v 23.7121 -4.5130 -24.0069
v 13.2657 -3.4346 -22.8969
v 14.7144 -3.1415 -23.4227
v 17.3846 -3.9584 -23.1330
v 19.8586 -2.6993 -22.9169
v 22.4685 -3.1654 -23.4929
v 24.0154 -3.1855 -23.6169
v -6.6904 0.0573 -22.8969
v -5.1567 -0.6114 -22.8969
v -2.9814 -0.1042 -22.8969
v 13.3405 -0.1826 -21.9529
v 14.0866 -0.8837 -22.8305
v 18.5086 0.4248 -22.0643
v 19.8586 -0.5193 -22.6304
v 22.3433 -0.6855 -23.1785
v 24.0075 -0.6855 -23.5121
v -6.6904 1.1313 -22.8969
v -5.2663 2.5013 -23.1193
v -2.4565 1.9430 -23.1865
v -0.1567 2.4238 -22.3285
v 2.3433 2.7586 -21.9321
v 3.6675 2.9624 -21.7435
v 13.3405 0.9052 -21.9529
v 14.9915 1.4229 -22.8305
v 17.5425 1.2928 -22.8973
v 19.8433 0.6986 -23.7887
v 22.3433 0.6831 -23.8909
v 23.7016 0.6677 -23.8672
v -4.5061 3.6949 -22.4343
v -2.7794 4.4427 -22.8803
v -0.1567 4.3145 -23.1224
v 2.4770 4.2599 -22.1243
v 3.6675 3.3902 -21.7435
v -2.2589 6.7138 -23.0327
v -0.1579 6.7138 -23.5529
v 1.8158 6.8145 -22.2971
v -2.6012 9.3145 -22.8969
v 0.6746 8.6345 -23.7651
v 1.4306 9.4065 -22.9178
v -2.4534 11.8145 -22.8969
v 0.4589 12.5407 -22.1630
v 1.3156 11.7502 -22.9566
v -1.9201 14.1471 -22.9794
v -0.2362 14.1771 -23.0154
v 1.2254 13.4855 -23.8297
v -1.6605 15.7511 -23.8678
v -0.9314 15.7511 -23.8678
v 13.0229 -9.8815 -21.1630
v 14.8433 -9.9907 -20.9902
v 16.5888 -9.7297 -21.2551
v 12.8391 -8.1855 -20.8464
v 14.9304 -8.0291 -19.7714
v 16.7803 -8.0291 -20.4118
v 13.1386 -5.6380 -20.2968
v 14.1552 -6.4397 -19.3968
v 17.7743 -5.5516 -20.2967
v 18.7054 -4.6290 -19.3965
v 13.3513 -3.4970 -20.3969
v 13.7815 -2.2470 -20.3969
v 18.2344 -3.2206 -20.2599
v 18.8704 -3.2206 -20.2599
v -7.0199 -0.1427 -20.3969
v -5.1567 -0.7896 -20.3969
v -2.5742 -0.2421 -20.4879
v -0.1567 -0.2523 -19.8660
v 1.6901 -0.0426 -19.5374
v 13.1936 -0.5020 -20.3969
v 13.7815 -1.7520 -20.3969
v 18.0043 -0.5193 -20.3327
v 19.0355 -1.2419 -21.1233
v -6.9287 1.7922 -20.2063
v -6.1728 2.6107 -20.9126
v -1.6858 0.8493 -21.3818
v -0.1567 1.1738 -21.1160
v 2.5895 2.0273 -20.3396
v 3.6675 2.9624 -21.1418
v 13.1936 1.3280 -20.3969
v 14.8433 2.4449 -20.3969
v 16.8845 1.6814 -20.3969
v -6.4900 4.3145 -19.2707
v -5.2663 4.4427 -20.5868
v -3.6946 5.3615 -21.3816
v 3.3898 4.2599 -20.3438
v 3.6675 3.3902 -21.1418
v -6.4653 5.9052 -19.2129
v -5.3212 6.7689 -19.7875
v -3.4862 6.8145 -21.1481
v 2.8404 6.8145 -20.3969
v -4.5975 8.7924 -19.5804
v -3.4129 9.5012 -20.4070
v 2.1571 9.3145 -20.3969
v -2.8043 11.8145 -20.3969
v 0.5642 12.5819 -20.3969
v 1.4839 11.3319 -20.3969
v -1.8363 14.1471 -20.1792
v -0.7967 14.1471 -20.1792
v -1.4516 16.0916 -19.2008
v -1.3513 16.0916 -19.2008
v 11.0123 -9.5478 -16.7094
v 11.5984 -9.5478 -16.7094
v 11.0123 -9.0944 -16.7094
v 12.5707 -8.0670 -16.6904
v 14.9304 -7.4806 -17.6616
v 17.1787 -7.9181 -17.7842
v 18.7932 -7.7687 -16.8758
v 13.4593 -5.6380 -17.6616
v 14.1552 -6.4397 -18.3380
v 18.1458 -5.6023 -17.8539
v 18.7493 -5.6023 -17.8539
v -1.8118 -2.2376 -17.0922
v -0.1567 -2.3953 -17.3890
v 2.3433 -2.2226 -17.2163
v 3.6645 -2.0072 -16.8618
v 13.4841 -3.1224 -17.7055
v 13.7990 -2.2470 -18.4113
v 18.3064 -3.0699 -17.8068
v 18.6647 -3.0699 -17.8068
v -7.2678 -0.3065 -17.8969
v -5.1567 -1.0264 -17.8969
v -2.6497 -1.3007 -17.9141
v -0.1567 -1.5023 -18.6390
v 2.4514 -0.7998 -18.3140
v 3.7359 -0.6855 -17.0726
v 13.4487 -1.0125 -17.7573
v 14.3957 -0.9511 -17.7791
v 17.3115 -0.8487 -17.7580
v 18.6241 -1.8795 -16.7816
v -7.6392 1.8145 -17.8969
v 3.0126 1.6849 -17.8585
v 3.7122 0.7651 -16.9996
v 13.3131 1.2419 -18.7700
v 14.8433 1.5745 -18.5549
v 16.3995 1.2339 -18.7345
v -6.9703 4.3145 -17.8969
v 2.9938 4.3145 -17.8969
v -6.7973 6.7689 -18.0633
v -6.2642 7.5719 -19.0076
v -1.6279 7.7890 -17.1407
v -1.0169 7.7890 -17.1407
v 2.9380 6.8145 -17.8969
v -6.8015 8.7736 -17.3410
v -5.4199 9.6163 -18.1752
v -2.7239 9.4645 -18.0751
v -1.0169 8.4699 -17.1407
v 2.4866 9.3145 -17.8969
v -4.6482 11.8145 -17.4436
v -3.6402 11.8145 -18.6936
v 1.0222 12.9449 -18.9607
v 2.4250 11.8558 -18.0056
v 3.8964 12.4334 -17.0505
v -4.1981 14.3145 -17.0108
v -3.1141 14.3145 -18.2608
v 0.5235 14.4227 -18.0352
v 2.3433 13.7882 -17.4350
v 3.8964 13.4325 -17.0505
v -3.9646 16.8145 -16.7461
v -2.4337 16.8808 -18.2143
v -0.1793 16.9273 -17.9557
v 1.1353 17.7630 -16.7845
v -3.9150 18.0869 -16.6602
v -2.6567 18.5797 -17.2669
v -0.1567 18.6183 -17.3602
v 1.1353 18.1383 -16.7845
v 5.5329 -12.6991 -14.5598
v 7.3433 -12.7157 -14.5603
v 8.8876 -12.2121 -14.2852
v 5.5329 -11.3584 -14.5598
v 7.3433 -11.1892 -14.5603
v 9.8174 -10.6345 -14.9204
v 12.3964 -10.1416 -15.6080
v 14.8433 -10.1216 -15.1936
v 17.3433 -9.8985 -15.2422
v 18.7987 -9.5992 -14.9801
v 10.1482 -8.2309 -15.3096
v 12.5707 -8.0670 -16.3334
v 14.8433 -8.7499 -16.4436
v 17.3433 -9.2967 -16.4922
v 19.0958 -8.4354 -15.6468
v 8.2939 -5.2617 -14.2993
v 9.8555 -5.6928 -14.3587
v 12.0348 -5.4485 -15.3096
v 18.1855 -4.8695 -15.3969
v 19.0674 -6.1195 -15.3969
v -1.8118 -2.2376 -16.2396
v -0.1567 -2.3953 -16.0274
v 2.3433 -2.2226 -16.2625
v 3.6645 -2.0072 -16.5530
v 8.2939 -4.2000 -14.2993
v 9.4215 -4.2000 -14.2993
v 13.0596 -3.3851 -15.6401
v 14.8433 -3.0301 -15.1268
v 17.4881 -3.1823 -15.6184
v 18.6241 -2.0524 -16.6053
v -7.1042 -0.0762 -15.3969
v -5.1567 -0.5857 -15.3969
v -2.6497 -0.8774 -15.4025
v -0.3724 -0.4698 -14.8251
v 2.3433 -0.6855 -15.7378
v 3.7359 -0.6855 -16.4595
v 13.5843 -1.9146 -16.6356
v 14.8433 -1.5816 -16.3768
v 17.3433 -1.5553 -16.3541
v 18.6241 -1.8795 -16.6053
v -9.6216 2.5184 -14.7565
v -8.2305 1.7368 -15.5127
v -0.0250 1.8145 -14.7810
v 2.2171 1.6849 -16.0606
v 3.7122 0.7651 -16.4909
v -9.5635 4.3145 -14.7019
v -8.1370 4.3145 -15.9519
v 0.3784 3.5584 -14.7027
v 1.8471 4.3609 -15.4804
v -9.0675 5.6603 -14.2773
v -7.5362 6.7223 -15.1259
v -6.2134 7.7842 -14.3080
v -1.6279 7.7890 -16.1074
v -1.0169 7.7890 -16.1074
v 2.2302 6.8145 -15.3969
v -6.8015 8.7736 -15.9746
v -5.7456 9.4899 -15.2435
v -1.6279 8.4699 -16.1074
v -1.0169 8.4699 -16.1074
v 2.7391 9.3959 -15.4906
v 3.8146 10.2834 -14.7198
v -4.9240 11.8145 -15.3969
v 3.3704 10.7667 -16.3865
v 3.9372 11.6858 -15.4906
v -4.3070 14.3079 -15.5266
v -2.6567 15.2174 -14.6312
v 0.0329 15.3013 -15.1545
v 2.3433 14.3385 -15.3969
v 3.8573 13.3912 -15.3969
v -3.9646 16.8145 -16.4551
v -2.6126 16.6127 -15.0011
v -0.1450 16.7039 -15.3677
v 1.1353 17.7630 -16.5758
v -3.9150 18.0869 -16.5916
v -2.6126 18.5992 -15.6137
v -0.3323 18.6301 -15.6042
v 1.1353 18.1383 -16.5758
v 5.1109 -12.8135 -12.8969
v 7.3433 -13.2332 -12.8969
v 9.1732 -12.3551 -12.8969
v 3.4781 -9.8645 -11.7101
v 4.6050 -10.6114 -12.7864
v 7.3433 -9.9392 -13.8107
v 9.7002 -10.8143 -13.3623
v 12.3433 -11.2530 -12.8969
v 14.8433 -11.1152 -12.8969
v 17.2389 -10.1045 -13.0235
v 18.7987 -9.5992 -13.9413
v 0.7602 -7.3921 -12.0160
v 2.5242 -8.2094 -12.1906
v 4.8433 -8.1855 -12.8005
v 7.3433 -8.1855 -13.5234
v 8.7227 -8.1855 -14.0225
v 15.7512 -7.2625 -11.8200
v 17.2389 -8.1317 -12.3911
v 19.0715 -8.1855 -13.6973
v -6.7913 -4.5634 -11.7402
v -6.1985 -4.5634 -11.7402
v 0.7602 -6.5208 -12.0160
v 2.3433 -6.2236 -12.2791
v 4.8433 -6.0115 -12.3412
v 7.2554 -5.7498 -13.1219
v 9.8555 -5.6928 -14.1446
v 12.2603 -4.5786 -13.1202
v 14.8880 -5.5941 -12.4383
v 17.3895 -5.4985 -13.4324
v 19.0255 -6.2073 -13.7530
v -9.2629 -2.5839 -11.9307
v -7.6375 -3.3245 -12.1046
v -5.6653 -3.1855 -12.0061
v 7.8364 -3.6587 -12.8969
v 10.0902 -3.6058 -13.1453
v 12.2603 -4.2200 -13.1202
v 14.8433 -4.2801 -13.7563
v 16.5869 -4.3122 -14.0101
v -9.6150 -0.6855 -12.1567
v -7.6877 -0.6735 -13.2862
v -4.9385 -1.2541 -12.8783
v -2.6567 -0.7219 -12.8969
v -0.3724 -0.0209 -12.8647
v 1.3178 0.3365 -12.0099
v -11.4878 2.7618 -11.9852
v -10.3916 1.8067 -12.8473
v -8.5417 0.8517 -13.7095
v -0.0250 1.8145 -13.3782
v 1.4302 1.8145 -12.1282
v -16.6504 5.2623 -11.7588
v -16.2161 5.2623 -11.7588
v -11.4878 3.2214 -11.9852
v -10.5881 4.1587 -12.8499
v 0.3784 3.5584 -13.5923
v 2.1609 4.5006 -12.6708
v 3.6462 5.4427 -11.7494
v -16.6504 5.7292 -11.7588
v -16.2161 5.7292 -11.7588
v -9.2222 5.8200 -12.8969
v -7.7269 7.1007 -13.0706
v -6.2134 7.7842 -14.0198
v 2.7730 6.7968 -12.7084
v 3.6462 5.9516 -11.7494
v -6.9404 8.6196 -12.3531
v -5.5175 9.3975 -13.0706
v -1.5190 10.3766 -11.6995
v -1.3700 10.3766 -11.6995
v 3.0693 9.3959 -12.7583
v 3.8146 10.2834 -13.4993
v -6.4908 12.8774 -11.7770
v -5.3007 11.9523 -12.7250
v -1.5190 10.9415 -11.6995
v -0.4578 11.9385 -11.7483
v 2.5359 11.9872 -12.3019
v 3.7959 11.8145 -13.6030
v -6.4908 13.4034 -11.7770
v -5.0739 13.9115 -12.7250
v -2.6567 14.5015 -12.8969
v -0.2900 13.9701 -12.7370
v 2.3433 13.6148 -13.5764
v 3.6422 13.1321 -14.0693
v -1.7498 17.3115 -14.0655
v -1.2827 17.3115 -14.0655
v -1.7498 18.2688 -14.0655
v -1.2827 18.2688 -14.0655
v -4.5816 -12.2266 -9.4760
v -3.2557 -12.2266 -9.4760
v 5.3438 -12.3426 -11.2367
v 7.3433 -12.4530 -11.0390
v 9.8149 -12.3677 -10.4987
v 12.3433 -12.5499 -10.2089
v 13.9379 -12.1732 -9.9590
v -6.7135 -10.0392 -9.4367
v -5.3116 -10.7977 -9.8442
v -2.5161 -10.8407 -9.9066
v -0.1567 -10.0970 -9.6131
v 2.5242 -10.1552 -10.2835
v 4.6436 -11.2815 -10.4008
v 7.3433 -11.3602 -9.7890
v 9.8149 -11.6092 -10.4987
v 12.3433 -11.7045 -11.4589
v 14.8182 -10.9312 -10.6149
v 16.3360 -9.9332 -11.2707
v -9.4789 -7.4934 -9.8229
v -7.5908 -8.2702 -9.7534
v -5.1567 -8.1855 -9.8120
v -2.6567 -8.1855 -10.1559
v -0.1065 -8.2094 -10.7595
v 1.8114 -9.0587 -11.0412
v 15.7248 -8.0334 -10.3656
v 16.2526 -8.0334 -10.3656
v -16.5497 -4.6788 -9.2995
v -15.1567 -5.2361 -9.4050
v -13.1864 -5.2597 -9.3384
v -9.8619 -5.6855 -10.0324
v -7.3253 -5.3707 -10.4257
v -5.5757 -5.3707 -10.1240
v -2.6567 -5.6855 -10.0539
v -0.1065 -5.6867 -10.8462
v 2.3433 -4.9736 -10.8746
v 4.8433 -4.7615 -11.1674
v 6.2169 -4.5713 -11.5363
v 13.4160 -4.6999 -11.2899
v 14.7945 -5.7262 -10.3751
v 16.1693 -6.7525 -9.4604
v -16.6902 -3.1855 -9.5313
v -15.1567 -3.1855 -10.0736
v -12.4745 -3.4085 -9.8401
v -10.2688 -3.4872 -10.4487
v -7.6315 -4.2331 -10.4915
v -5.1226 -3.6269 -10.5698
v -2.6567 -3.1855 -10.7345
v -0.1567 -3.1855 -10.2690
v 2.2911 -3.2661 -9.6386
v 4.7741 -3.2661 -10.1064
v 7.1675 -2.9554 -11.1246
v 9.8433 -2.3251 -10.8564
v 12.6438 -3.0622 -10.3573
v 13.8379 -3.7027 -9.6232
v -16.6417 -1.3760 -9.5067
v -15.2823 -0.5998 -10.0110
v -12.6567 -0.6855 -10.8072
v -10.8650 -0.6855 -11.2469
v -4.0514 -0.7433 -10.5041
v -3.0731 -0.8524 -10.5448
v 0.2349 -0.7074 -10.3125
v 1.3704 -0.5742 -10.2330
v 5.4022 -0.6855 -10.0444
v 7.3433 -0.6855 -10.7679
v 9.9196 -0.7128 -9.8924
v 11.8717 -1.5643 -9.4248
v -19.2484 2.7959 -9.5782
v -17.6567 2.5329 -9.7188
v -15.2442 1.9113 -9.5869
v -12.5988 1.9801 -10.6052
v -11.1616 1.0951 -11.5147
v -4.1431 0.8144 -9.4265
v -3.6283 0.8144 -9.4265
v 0.5888 1.8145 -9.7789
v 1.4302 1.8145 -11.0289
v 5.7038 1.0023 -9.7717
v 7.3433 1.4135 -10.0879
v 9.1371 1.2588 -9.7767
v -19.3838 4.3145 -9.7508
v -17.5529 4.3832 -10.8288
v -15.5740 4.3832 -10.3456
v -12.2830 4.1587 -10.4302
v -10.8333 4.8881 -11.2858
v -4.2521 5.2647 -9.3769
v -3.5983 5.2647 -9.3769
v 0.7568 3.3917 -9.6666
v 2.3424 4.4172 -10.5208
v 3.6462 5.4427 -11.3750
v -19.2012 5.8068 -9.5208
v -17.5529 6.0633 -10.3713
v -15.7040 6.0064 -10.3969
v -12.1496 6.1507 -9.6191
v -10.1144 6.8133 -10.3905
v -8.6070 7.4760 -11.1619
v -4.2521 5.9450 -9.3769
v -3.5983 5.9450 -9.3769
v 3.4186 6.6739 -10.6271
v 3.9979 6.6739 -10.6271
v -9.3693 9.3145 -9.5416
v -7.7269 9.3975 -10.7441
v -5.8622 10.2862 -11.2826
v -1.9695 10.1406 -10.3969
v -1.0802 10.1406 -10.3969
v 3.4294 9.3145 -11.2547
v 4.2703 9.3145 -10.0047
v -9.0346 10.8026 -9.3247
v -7.3776 11.8400 -10.3037
v -5.8622 11.2108 -11.2826
v -2.1196 11.7907 -10.6037
v -0.4225 11.8771 -10.9017
v 2.5359 11.2287 -10.3937
v 3.7396 10.6524 -9.5583
v -6.6131 13.5172 -10.3969
v -5.1567 14.3691 -10.3969
v -2.6694 13.7730 -10.6037
v -1.2122 13.1094 -11.5749
v -4.5575 -12.2041 -7.8969
v -3.2969 -12.2041 -7.8969
v 0.5817 -12.3776 -7.1241
v 2.3433 -12.3637 -7.2231
v 3.7217 -12.0643 -6.9379
v 10.5740 -12.5130 -7.8969
v 12.3433 -12.8477 -7.8969
v 14.1353 -12.2702 -7.8969
v -7.1798 -10.2939 -7.8969
v -5.8075 -11.5439 -7.8969
v -2.0469 -11.5842 -7.8969
v -0.2137 -11.2785 -7.9332
v 2.3433 -11.2633 -8.4731
v 4.6703 -11.0924 -7.8215
v 7.3433 -10.4056 -7.8969
v 9.9378 -10.6900 -7.5767
v 11.5556 -9.9335 -7.1499
v 14.6728 -10.6855 -7.8969
v -16.6834 -7.1770 -6.9259
v -15.1567 -7.7195 -7.4793
v -12.6567 -7.7379 -7.4222
v -10.2500 -7.8636 -7.7686
v -8.4298 -9.1460 -7.8969
v 10.7725 -8.1855 -7.2047
v 12.3707 -8.2016 -7.2151
v 14.7849 -8.0917 -7.9496
v 16.1693 -7.1377 -9.0492
v -16.6707 -5.5815 -7.8143
v -15.1567 -6.4861 -8.7293
v -12.4745 -5.9300 -8.6579
v -11.1119 -5.6855 -8.5375
v -6.8051 -5.1347 -8.8294
v -6.0656 -5.1347 -8.8294
v 11.0026 -6.8675 -6.8877
v 12.5386 -5.8947 -7.1186
v 14.7400 -5.8257 -8.4155
v 16.1693 -6.7525 -9.0492
v -16.6457 -3.4022 -7.7999
v -15.8389 -2.7133 -6.9020
v -11.5197 -4.3905 -8.9648
v -11.2747 -4.3905 -8.9648
v -6.8051 -4.2156 -8.8294
v -6.0656 -4.2156 -8.8294
v 3.0896 -2.4865 -8.7225
v 3.8946 -2.4865 -8.7225
v 13.5202 -2.9719 -7.9622
v 13.7513 -2.9719 -7.9622
v -16.6417 -1.3760 -8.5686
v -15.6494 -0.5998 -7.7999
v -4.1431 0.3548 -8.9866
v -3.6283 0.3548 -8.9866
v 0.7571 0.1818 -8.6720
v 2.2713 -0.6120 -7.8639
v 4.3213 -0.6177 -7.8922
v 10.8037 0.1024 -8.4899
v 12.5603 -0.7128 -8.5988
v 14.6361 -0.4952 -7.6392
v 16.1615 0.4650 -6.8905
v -19.2484 2.7959 -8.7250
v -17.5976 2.4967 -7.8937
v -15.2016 1.9743 -8.2321
v -13.7099 2.8651 -8.6791
v -4.1431 0.8144 -8.9866
v -3.6283 0.8144 -8.9866
v 0.4966 1.7281 -7.8619
v 1.4529 0.8371 -7.0053
v 5.5273 1.2398 -7.8969
v 7.3433 2.2388 -7.8969
v 9.9196 1.5163 -7.7527
v 12.4710 1.7171 -7.4230
v 14.7806 1.7756 -7.4634
v 16.1615 0.9163 -6.8905
v -19.3838 4.3145 -8.4970
v -18.2624 4.3145 -7.2470
v -14.2587 4.3145 -8.6966
v -13.6912 4.3145 -8.6966
v -6.5440 5.4961 -6.7902
v -5.2700 5.3804 -7.8178
v -3.5983 5.2647 -8.8454
v 0.5996 3.4969 -7.8969
v 2.4574 4.6812 -8.0375
v 4.0719 5.1825 -7.2979
v 10.2815 4.9314 -7.3347
v 12.4710 4.1847 -7.5060
v 13.9712 4.3145 -7.2050
v -19.2012 5.8068 -8.7023
v -17.7003 6.1799 -7.8801
v -14.9589 6.2112 -8.0673
v -12.8524 6.2114 -8.0673
v -10.6914 7.4023 -7.8969
v -6.5440 5.6373 -6.7902
v -5.2700 5.7912 -7.8178
v -3.5983 5.9450 -8.8454
v 3.3667 5.7295 -8.9646
v 4.8238 6.6635 -8.0375
v 10.1178 6.8145 -7.4148
v 12.3433 6.8145 -7.7432
v 13.7444 6.8145 -6.9753
v -9.6716 9.3145 -7.8969
v -4.4313 10.2413 -7.3637
v -2.7378 10.2143 -8.0827
v -1.0081 10.1872 -8.8017
v 5.0140 9.3145 -7.8969
v 10.6045 8.1833 -6.9829
v 12.3433 8.1601 -6.9158
v 13.6031 8.0731 -6.6694
v -9.1370 10.8890 -7.8969
v -7.5213 11.9654 -8.0546
v -5.2215 11.7059 -7.8002
v -2.7353 11.4555 -8.1029
v 0.0085 11.7613 -7.7521
v 2.1364 11.9864 -7.6803
v 3.8348 10.8559 -7.8969
v -6.5977 13.3292 -8.9932
v -5.1567 13.6145 -8.8009
v -3.5112 13.5332 -8.8393
v 1.0251 13.0902 -6.7026
v 1.1650 13.0902 -6.7026
v -9.1014 -12.0936 -4.7201
v -7.6567 -12.0694 -4.6356
v -5.2087 -11.9792 -5.3291
v -3.7446 -12.0025 -6.4328
v 0.2150 -12.4914 -5.3969
v 2.3433 -12.7123 -5.3969
v 3.8718 -12.1564 -5.3969
v 10.9367 -12.1239 -6.5430
v 12.3433 -12.2332 -6.4208
v 13.9714 -12.1440 -6.4493
v -14.1399 -9.5807 -4.8771
v -12.6567 -9.8136 -5.1177
v -10.0235 -10.6508 -5.2237
v -7.8411 -10.7599 -5.9322
v -5.2087 -11.6141 -5.3291
v -2.8094 -11.4828 -5.5184
v -0.1651 -10.7686 -4.9604
v 1.2884 -9.6169 -4.3785
v 5.1218 -11.1061 -5.3969
v 7.3433 -10.0760 -5.3969
v 9.8151 -10.4888 -5.8881
v 12.3707 -10.7343 -6.3801
v 14.0855 -10.6855 -6.3913
v -19.2053 -7.3163 -4.5446
v -17.5727 -7.4630 -5.3855
v -15.0466 -8.7168 -5.5850
v -12.6567 -8.9879 -6.3677
v -10.1567 -8.9271 -6.3129
v -8.7974 -9.3249 -6.4707
v 0.9948 -9.3328 -4.3785
v 1.2884 -9.3328 -4.3785
v 9.7356 -8.1855 -5.3969
v 13.2222 -9.0457 -6.5037
v 13.8714 -9.0457 -6.5037
v -19.5206 -5.6855 -4.7838
v -17.8794 -5.6855 -6.0338
v 5.5995 -4.7533 -4.4614
v 7.3433 -4.7381 -4.5998
v 9.9330 -5.5312 -4.9852
v 11.6803 -5.0387 -5.3969
v -24.1391 -2.0842 -4.2157
v -22.6567 -2.4613 -4.5133
v -20.2187 -3.2669 -4.7879
v -17.4189 -3.4022 -5.9185
v -15.8389 -2.7133 -6.4509
v 5.6339 -3.1855 -4.5094
v 7.5038 -3.1568 -4.6105
v 9.0369 -3.9710 -4.4363
v 12.9303 -3.4812 -5.3969
v 13.7126 -2.2312 -5.3969
v -24.1391 -1.7381 -4.2157
v -22.5212 -0.8170 -4.5005
v -20.1567 -0.6855 -4.8462
v -17.6567 -0.6855 -5.0836
v -15.6156 -0.6855 -6.0247
v -6.6551 0.2512 -4.4763
v -5.7735 0.2512 -4.4763
v 3.1039 0.2839 -5.3969
v 4.8433 -0.6186 -4.9335
v 6.7775 -1.8219 -4.3156
v 14.9626 -0.8458 -5.3969
v 16.2275 0.4042 -5.3969
v -21.5976 0.6290 -4.2476
v -20.1567 0.7721 -4.3835
v -17.5479 1.8019 -5.1874
v -15.9197 1.1603 -6.0133
v -6.6551 0.7849 -4.4763
v -5.7735 0.7849 -4.4763
v 0.7716 2.5038 -6.3182
v 2.4337 1.8768 -5.2414
v 4.6944 1.9718 -5.3285
v 7.3433 2.6398 -6.3092
v 9.8433 2.4835 -6.2740
v 11.7228 2.4854 -6.4454
v 15.6208 2.4996 -5.3969
v 16.2275 1.2496 -5.3969
v -17.0697 4.5210 -5.1801
v -15.7285 5.4920 -4.2023
v -6.7361 5.3804 -5.3969
v -6.1552 5.3804 -5.3969
v 0.7716 3.3138 -6.3182
v 2.8471 4.1476 -5.1199
v 4.5127 4.2381 -5.1945
v 7.3433 3.7343 -5.0592
v 9.6021 4.2143 -5.5650
v 11.7228 3.2647 -6.4454
v 14.7757 4.3145 -5.3969
v -16.8961 5.9234 -5.8690
v -14.9998 5.9608 -5.1801
v -12.6567 6.1696 -5.3969
v -10.6136 7.1935 -5.3969
v -6.7361 5.7716 -5.3969
v -6.1552 5.7716 -5.3969
v 0.8418 8.0025 -4.2366
v 2.5486 7.0273 -4.3123
v 4.5642 6.8145 -5.5364
v 10.0105 6.8553 -5.4910
v 12.3433 7.4356 -5.1898
v 13.9232 6.7706 -5.6371
v -9.5660 9.3145 -5.3969
v -4.5943 10.0417 -5.3969
v -3.3714 10.0417 -5.3969
v 0.8418 8.1185 -4.2366
v 2.4670 9.0969 -4.5582
v 4.3370 9.3145 -5.8437
v 10.6045 8.1833 -6.3871
v 12.3433 8.1601 -6.4398
v 13.6031 8.0731 -6.6306
v -9.1091 10.7820 -5.3969
v -7.6567 11.0613 -5.3969
v -5.8443 10.8439 -5.3969
v -2.0756 11.8118 -5.3593
v -0.6416 12.6433 -6.1677
v 2.7356 11.7449 -5.4415
v 3.7691 10.8651 -6.3046
v -1.5685 13.2812 -4.5010
v 0.0524 13.4561 -5.3593
v 1.4291 13.3915 -5.3969
v -17.1321 -12.0054 -1.7214
v -16.1939 -12.0054 -1.7214
v -11.5505 -11.9793 -1.7036
v -10.1908 -12.0365 -2.7473
v -7.6567 -12.0694 -3.8561
v -5.3044 -12.1485 -3.1810
v -2.6567 -12.3861 -2.5611
v -0.3606 -12.1826 -3.0553
v 2.3433 -12.2841 -3.7657
v 3.8363 -12.1013 -3.9406
v -19.3914 -10.2538 -2.1205
v -17.8420 -10.9265 -2.2060
v -15.1669 -10.6238 -2.7093
v -12.4930 -11.0767 -2.6809
v -10.1908 -11.5396 -2.7473
v -7.6567 -11.3025 -2.6061
v -5.3044 -11.4970 -3.1810
v -2.6567 -11.6024 -3.8111
v -0.1835 -11.0308 -3.3282
v 2.3146 -10.4446 -3.0594
v 4.7391 -11.0278 -3.0231
v 7.3547 -9.9336 -3.1319
v 8.6045 -9.4487 -4.1219
v -21.4333 -6.9924 -1.6835
v -20.1317 -7.9877 -2.7353
v -17.6567 -8.6637 -3.5399
v -15.8066 -8.8590 -3.6973
v 0.7206 -8.7998 -2.8969
v 2.2036 -8.2000 -2.5859
v 3.9002 -7.4003 -2.1714
v 8.1010 -8.1855 -2.4871
v 8.8064 -8.1855 -3.7371
v -21.4333 -6.7421 -1.6835
v -20.7448 -5.8194 -2.6689
v -6.4611 -4.4701 -1.7451
v -6.3490 -4.4701 -1.7451
v 2.9081 -6.5997 -2.1714
v 4.7498 -5.6765 -2.8333
v 7.7681 -5.5936 -2.9094
v 9.5626 -5.2433 -3.3784
v 11.1338 -4.4744 -4.0773
v -26.6034 -2.2564 -2.1046
v -25.0462 -2.5817 -2.9215
v -22.6567 -3.3610 -2.8969
v -20.9804 -4.0439 -2.8969
v -6.6687 -3.1855 -1.9965
v -5.8633 -3.1855 -1.9965
v 5.6339 -3.1855 -3.5458
v 7.5038 -3.1568 -3.6373
v 9.9108 -3.9646 -3.2548
v 12.1176 -3.4031 -3.1051
v 14.0989 -2.2530 -2.8969
v -26.7569 -0.6855 -2.5127
v -25.0462 -0.8170 -3.4440
v -23.2642 -0.0714 -3.4876
v -9.0642 0.4483 -1.7649
v -7.3995 -0.3504 -2.5926
v -5.7567 -0.7497 -3.0065
v 0.9271 0.4813 -1.7655
v 2.3704 0.4877 -2.7938
v 4.8176 -0.6639 -3.9096
v 6.7775 -1.8219 -3.9971
v 15.3489 -1.2440 -2.8969
v 16.5183 0.0060 -2.8969
v -26.6770 0.8379 -2.3436
v -25.1567 0.8188 -2.3000
v -22.5212 0.8128 -2.7513
v -20.1567 1.4669 -2.8969
v -18.2195 2.4559 -2.8969
v -9.0642 0.8609 -1.7649
v -7.7485 0.8229 -2.8815
v -5.7735 0.7849 -3.9981
v 0.9271 0.7090 -1.7655
v 2.3704 0.9794 -2.7938
v 3.6605 1.2498 -3.8221
v 15.9844 2.7929 -4.0959
v 16.7468 1.9016 -3.1163
v -16.9418 4.5210 -3.0652
v -15.7285 5.4920 -4.0107
v -6.7086 5.3874 -3.5076
v -6.1902 5.3874 -3.5076
v 3.5189 4.8911 -3.9841
v 4.8547 4.5495 -3.0492
v 7.3433 4.2615 -2.8969
v 9.3146 5.0253 -2.8969
v 13.1989 5.5190 -1.7421
v 14.9630 4.5654 -2.9190
v 16.6158 3.6119 -2.4293
v -16.5482 5.9734 -2.3440
v -14.9998 6.2085 -3.0652
v -12.6567 6.8134 -2.8969
v -10.7728 7.5650 -2.8969
v -6.7086 5.7678 -3.5076
v -6.1902 5.7678 -3.5076
v 0.8418 8.0025 -4.0222
v 2.5713 7.0367 -3.1699
v 4.0290 6.0709 -2.3175
v 10.5646 6.0077 -2.8969
v 12.3567 6.1252 -2.7040
v 13.9416 5.9080 -3.4087
v -9.4541 9.2070 -3.0380
v -7.6567 10.0421 -2.3740
v -5.1834 10.3272 -2.8485
v -3.6689 10.1907 -3.7325
v 0.8418 8.1185 -4.0222
v 1.9232 9.0969 -3.0721
v -8.9975 10.6599 -3.9654
v -7.6567 10.7387 -3.6240
v -5.1834 11.0376 -2.8485
v -2.6187 11.9508 -2.9765
v -0.1567 12.2398 -2.3393
v 1.8305 11.7267 -2.8567
v -1.5685 13.2812 -3.8871
v -0.1567 13.5348 -3.5893
v 1.4693 13.4749 -3.6633
v -14.1277 -14.5462 0.6386
v -13.5979 -14.5462 0.6386
v -17.1321 -12.0054 -0.9637
v -15.3282 -12.6797 -0.2720
v -12.5742 -13.0559 -0.3845
v -11.0107 -12.3662 -0.3969
v -6.6099 -12.0703 0.6742
v -5.1372 -12.4095 -0.2543
v -2.6567 -12.9042 -0.3969
v -0.6839 -12.4128 -0.3969
v -19.3446 -10.2152 -0.3969
v -17.8420 -11.5472 -0.2370
v -15.4547 -11.7911 -0.3523
v -13.2172 -11.6668 -1.4076
v -9.7607 -11.1106 -0.3969
v -7.5286 -10.9595 -0.2543
v -4.9420 -10.4463 -0.0917
v -3.7468 -9.4838 0.8092
v -0.2066 -10.6855 -0.3969
v 3.3407 -9.6056 -1.4516
v 4.8433 -9.8407 -1.1794
v 6.5290 -9.8055 -1.2189
v -21.4948 -7.1160 -0.3969
v -20.5946 -8.3660 -0.3969
v -3.9264 -9.3853 0.8092
v -3.7468 -9.3853 0.8092
v 0.3205 -8.6091 -0.3969
v 2.6166 -8.0629 -0.8254
v 4.6159 -7.8511 -0.3795
v 6.8510 -8.1855 -0.7551
v -21.6763 -5.8194 -0.3024
v -21.1517 -5.0754 -1.0728
v -6.4611 -4.4701 -1.6240
v -5.1759 -4.5867 -0.4920
v -3.5406 -4.7032 0.6399
v 2.9081 -6.5997 -1.3182
v 4.9568 -6.6807 -0.2687
v 7.4381 -6.4188 -0.1902
v 9.1527 -5.1700 -0.3969
v 15.9750 -4.4807 0.7630
v 16.1750 -4.4807 0.7630
v -26.6034 -2.2564 -1.1304
v -25.3207 -2.9471 -0.3370
v -22.1586 -3.3286 0.1240
v -21.2722 -3.1104 -0.1190
v -6.8500 -2.9956 -0.6331
v -5.1903 -3.4940 -0.1557
v -3.5406 -4.3247 0.6399
v 10.4027 -3.4882 -0.3969
v 12.3433 -2.8447 -0.3969
v 15.0773 -3.1731 -0.3733
v 16.5727 -3.1855 0.2635
v -26.7569 -0.6855 -0.9622
v -25.3207 -0.4880 0.1198
v -22.4107 -0.4880 0.4866
v -21.3397 -0.6855 0.7463
v -9.0642 0.4483 -1.5375
v -7.6126 -0.3472 -0.6896
v -5.7612 -0.8246 -0.1809
v 0.9271 0.4813 -1.5761
v 1.3262 0.4813 -1.5761
v 15.8464 -1.7325 -1.5096
v 16.9282 -0.8137 -0.5645
v -26.6770 0.8379 -1.2505
v -25.1567 0.8188 -1.0760
v -22.3042 1.4787 -0.2421
v -20.6601 1.7260 -0.2057
v -18.5263 2.8739 -1.1971
v -9.0642 0.8609 -1.5375
v -7.6724 0.7931 -0.3705
v -6.1129 0.7252 0.7965
v 0.9271 0.7090 -1.5761
v 1.3262 0.7090 -1.5761
v 17.6221 1.8145 -0.3969
v -21.9189 4.3145 0.5010
v -20.2353 4.2396 0.3412
v -17.9905 4.2396 -0.3770
v 5.3895 4.6313 -0.3969
v 7.5846 4.6269 -0.1669
v 9.2257 5.2462 -0.8470
v 13.1989 5.5190 -1.3417
v 14.8433 5.3159 -1.0229
v 16.9252 4.3929 -0.3308
v -21.6622 5.7139 0.6799
v -21.1211 5.7139 0.6799
v -16.7967 6.2302 -0.3969
v -15.1567 7.1949 -0.3969
v -12.6567 7.1088 -0.3969
v -10.5142 7.3941 -0.3969
v -7.1813 7.8593 0.6514
v -6.0119 7.8593 0.6514
v 2.8216 7.3626 -0.3969
v 4.1395 6.1126 -0.3969
v 8.5788 5.5761 0.8197
v 9.9727 6.1224 -0.1669
v 12.3567 6.1816 -0.4638
v 14.8433 5.7630 0.2271
v 16.2755 5.7188 0.5465
v -9.2642 8.2527 -0.3969
v -7.8714 8.6546 -0.2679
v -5.9240 9.5041 -0.2679
v 1.8442 9.3145 -0.3969
v -4.7120 12.0500 -0.6131
v -2.8398 12.5247 -0.6131
v -0.1567 11.4411 -0.3969
v 1.3658 10.8478 -0.3969
v -3.9920 13.1134 0.0761
v -3.7952 13.1134 0.0761
v -14.1772 -14.6071 2.1031
v -13.2974 -14.6071 2.1031
v -15.1882 -13.1855 2.1031
v -12.0474 -13.7175 2.1031
v -11.0658 -12.4675 2.1031
v -6.6099 -12.0703 1.3344
v -5.0015 -12.1832 2.1419
v -2.4233 -12.3670 2.3523
v -0.6945 -12.3767 1.6851
v -19.0092 -9.6340 2.1031
v -17.6567 -10.7545 2.1031
v -16.1677 -11.8060 2.1031
v -9.8158 -10.7238 2.1031
v -7.5286 -10.8300 2.1419
v -4.8289 -10.5962 2.0626
v -2.7381 -10.1705 2.1137
v -0.7215 -10.6855 1.6058
v -21.4976 -7.1193 1.6508
v -20.4839 -8.0458 2.3318
v -9.0711 -7.7678 2.9394
v -8.5756 -7.7678 2.9394
v -3.9264 -9.3853 1.1242
v -2.9462 -9.2308 1.9078
v -0.2626 -8.2441 1.9620
v 2.4836 -7.4687 2.0808
v 5.0453 -7.2767 1.9254
v 6.3483 -7.0920 2.6402
v -23.9610 -4.5320 2.9673
v -22.4514 -5.7207 2.3091
v -21.3988 -6.9095 3.3175
v -16.4086 -4.4381 3.3489
v -16.4055 -4.4381 3.3489
v -9.0711 -6.5487 2.9394
v -8.5756 -6.5487 2.9394
v -4.0029 -4.7032 1.0595
v -3.5406 -4.7032 1.0595
v 0.6800 -6.6164 2.8993
v 1.7439 -6.6164 2.8993
v 6.0134 -6.7616 0.9736
v 7.2813 -5.7721 1.9077
v 8.8143 -4.7826 1.1752
v 15.9750 -4.4807 0.9459
v 16.1750 -4.4807 0.9459
v -24.5303 -3.3902 2.1217
v -22.4093 -3.1933 1.0825
v -21.3928 -2.0265 0.8644
v -16.4086 -4.4335 3.3489
v -15.2382 -3.2373 3.1626
v -13.7240 -2.0410 2.9764
v -6.7963 -2.0357 1.3304
v -5.1471 -3.1802 1.1950
v -3.5406 -4.3247 1.0595
v 8.2143 -4.0547 2.8418
v 9.7259 -3.2685 2.0463
v 12.1572 -2.2814 2.1121
v 15.0223 -3.2199 1.5371
v 16.5727 -3.1855 1.3843
v -24.6455 -0.8808 2.1031
v -22.5868 -0.3990 1.7495
v -21.3397 -0.6855 0.9477
v -14.0709 -1.6027 2.9764
v -12.7920 -0.6587 3.0746
v -10.7658 0.2852 3.1728
v -6.7710 -0.6855 1.2660
v -6.0999 -0.6855 1.2660
v 0.7441 0.4388 3.1883
v 1.3242 0.4388 3.1883
v 12.8665 -1.2999 2.9515
v 14.8532 -0.5541 2.8637
v 16.7951 -0.6855 1.7926
v -22.4762 1.6348 1.9220
v -21.3313 0.6816 0.9680
v -16.6960 2.8903 3.2854
v -15.1567 2.5274 2.9675
v -12.7059 1.6779 3.0397
v -10.7658 0.8333 3.1728
v -6.5029 0.7252 0.9263
v -6.1129 0.7252 0.9263
v 0.7752 1.8145 3.0584
v 2.2318 2.0589 3.1154
v 4.8433 2.7125 2.8711
v 7.3433 2.5881 2.7507
v 8.9672 2.8894 3.1893
v 15.6931 0.7079 3.1570
v 17.4567 1.6192 2.0955
v 18.9303 2.5306 2.7007
v -22.7635 4.3145 2.1031
v -19.6415 4.7086 2.1031
v -17.4084 4.3554 2.6098
v -15.1567 4.0444 2.9675
v -13.5517 3.5512 2.9066
v 0.4243 4.3145 2.6466
v 2.3433 4.3145 2.3870
v 4.7689 4.2052 1.7618
v 7.5846 4.2052 1.4428
v 8.9701 4.3145 2.6948
v 16.0701 5.5521 3.3127
v 17.3587 4.6668 2.1734
v 18.9303 3.7816 2.7007
v -21.9418 5.8650 2.1031
v -20.8915 5.8650 2.1031
v -16.6927 5.9251 2.1031
v -15.1567 6.6157 2.1031
v -12.6567 6.4073 2.1031
v -9.9309 6.8754 1.8754
v -7.6961 7.7028 2.0201
v -6.0119 7.8593 1.4833
v -0.1418 6.8145 2.2500
v 2.1577 6.6992 1.2650
v 3.8859 5.7889 1.3437
v 8.5788 5.5761 0.9725
v 9.6704 6.2189 1.9248
v 12.3433 6.7468 2.1031
v 15.3946 6.4609 2.6789
v 16.2970 6.5111 2.4542
v -8.9471 8.0779 0.8902
v -7.6961 8.1563 2.0201
v -5.8551 9.1666 2.2312
v -1.8487 9.7420 3.0807
v -0.4046 9.0710 2.3010
v 1.2739 9.3145 0.9922
v 15.9199 8.1559 3.2623
v 16.3184 8.1559 3.2623
v -4.6431 11.7520 1.9175
v -2.8219 11.8012 2.0206
v -0.1567 11.0158 1.3555
v 1.2268 10.6719 0.9620
v -3.9920 13.1134 0.9604
v -3.7952 13.1134 0.9604
v -14.0464 -14.5536 3.6168
v -13.4031 -14.5536 3.6168
v -14.3160 -12.9360 4.5114
v -12.8210 -12.8587 4.3531
v -11.3537 -12.1144 3.4227
v -4.0647 -11.9639 3.4429
v -3.1010 -11.9639 3.4429
v -18.9559 -9.4861 4.6031
v -17.6567 -10.5586 4.6031
v -15.5636 -11.7580 4.6031
v -12.2390 -11.6965 5.0894
v -10.1615 -10.5661 4.2222
v -7.8385 -10.1027 4.3543
v -5.0015 -11.4411 4.4070
v -3.1521 -10.7741 4.4070
v -21.7389 -7.2439 5.0358
v -20.4413 -8.1205 4.3627
v -9.0202 -8.5654 4.2538
v -8.6843 -8.5654 4.2538
v -2.3178 -8.7163 4.6031
v -0.8481 -7.4663 4.6031
v 3.4105 -7.0375 3.4746
v 4.8433 -7.1294 3.5956
v 6.3483 -7.0920 3.5550
v -24.0545 -4.6943 4.6031
v -22.6060 -6.1269 4.3627
v -21.3988 -6.9095 3.3691
v -16.4086 -4.4381 3.3548
v -16.4055 -4.4381 3.3548
v -9.0711 -6.5487 3.4857
v -8.5756 -6.5487 3.4857
v 0.4019 -6.3137 4.6031
v 2.5171 -5.6876 4.6059
v 4.8433 -5.6855 4.4145
v 6.6254 -5.6855 3.7853
v -24.2020 -3.1023 4.7395
v -23.6914 -2.2135 5.6638
v -16.5731 -3.2584 4.5199
v -15.5810 -2.8526 4.1766
v -13.7240 -2.0410 3.4898
v -9.2363 -2.6367 5.1479
v -8.4600 -2.6367 5.1479
v 3.0662 -3.1855 5.4550
v 4.8433 -3.1855 4.7515
v 7.3659 -3.2070 4.1483
v 9.9025 -2.2882 4.7110
v 11.2864 -2.0370 4.6031
v -24.2155 -0.6987 4.5749
v -23.7259 -0.6987 4.5749
v -16.7375 -1.7989 5.6851
v -15.1688 -1.7008 4.5874
v -12.7920 -0.6587 3.4941
v -10.0010 -0.6402 4.3232
v -8.4600 -1.5656 5.1479
v 0.5653 0.3489 4.6031
v 2.2589 -0.4125 4.5429
v 4.8433 -0.6855 4.4995
v 7.3567 -0.7621 5.2004
v 9.1086 -1.6465 5.6163
v 12.5364 -0.9125 4.6031
v 14.0816 0.3375 4.6031
v -24.2292 0.9819 5.1527
v -23.2863 1.8150 4.4329
v -19.3463 2.9946 5.5633
v -17.7498 2.9425 4.5096
v -15.1351 2.3770 4.4148
v -12.6377 1.6919 4.1297
v -10.7658 0.8333 3.4984
v 0.1719 1.8145 4.6031
v 2.9908 1.3885 3.6476
v 4.8433 1.4625 3.9199
v 7.4577 1.9136 4.5548
v 8.9672 2.8894 3.6286
v 15.3316 0.9418 4.6031
v 17.3433 1.3064 4.6031
v 19.2583 2.1791 4.6031
v -22.4667 4.3145 4.6031
v -19.8417 4.2047 4.6792
v -17.3031 4.1827 4.1261
v -15.4984 4.6105 4.2025
v -12.9480 4.3565 4.4769
v -4.0395 5.4059 5.7218
v -2.6567 5.0687 5.1450
v -0.7116 4.2631 4.3655
v 8.2821 4.3145 4.9003
v 8.9701 4.3145 3.6503
v 16.0701 5.5521 3.3655
v 17.3433 5.4680 3.7043
v 19.1668 4.4948 4.6267
v -21.8825 5.8226 4.6031
v -20.9958 5.8226 4.6031
v -16.4095 5.5666 3.3592
v -15.1567 5.7850 3.5124
v -12.4966 5.9159 4.4769
v -10.1567 6.2918 4.6031
v -7.4892 7.3493 4.5493
v -5.1147 6.7860 5.5343
v -2.6567 6.0782 5.1450
v -1.3010 6.8889 4.3655
v 8.3887 6.1171 5.1406
v 9.8532 6.8078 4.6480
v 12.3433 7.3052 4.3562
v 15.1616 6.6274 3.6268
v 17.2328 6.5246 4.4206
v 18.6624 5.7459 5.4757
v -6.5442 8.2347 3.6801
v -5.2381 9.2889 4.6299
v -2.6719 9.5841 4.6891
v -1.2868 8.2551 4.6031
v 10.9846 8.0793 5.8221
v 12.3433 8.2676 5.6062
v 14.9892 8.4743 4.6742
v 16.5525 8.3848 4.6031
v -4.2864 10.8769 3.9131
v -3.5153 10.8769 3.9131
v -14.2199 -14.6301 7.9864
v -13.2516 -14.6301 7.9864
v -16.4318 -11.9868 8.1625
v -14.8983 -12.7949 7.2411
v -13.0810 -12.9360 7.1331
v -18.9348 -9.4596 5.8817
v -17.1317 -10.7549 7.1771
v -15.9203 -10.9627 7.3835
v -12.1159 -11.7126 7.1031
v -9.9443 -10.5579 6.9215
v -7.8385 -10.5127 6.9215
v -5.1567 -11.1814 7.1031
v -3.5314 -10.2108 7.1031
v -21.8102 -7.3394 7.1031
v -19.9236 -8.3782 6.8703
v -17.6567 -8.8831 7.6881
v -16.2640 -9.3330 8.2712
v -8.9693 -9.3631 5.9671
v -8.7930 -9.3631 5.9671
v -2.1372 -8.0756 7.3402
v -1.0819 -7.1691 6.6649
v -24.0495 -4.6840 6.0975
v -23.0024 -5.5846 6.9998
v -1.4578 -6.9265 8.3316
v -0.0148 -5.8427 7.4623
v 1.6236 -4.7589 6.5931
v -24.0495 -3.8802 6.0975
v -22.7765 -3.0766 6.9843
v -21.1122 -2.2730 7.8712
v -16.7375 -2.0833 5.9608
v -16.2667 -2.0833 5.9608
v -9.2363 -2.6367 6.1608
v -7.5171 -2.4757 7.1186
v -5.7987 -2.3146 8.0765
v 0.5827 -3.1855 7.8864
v 1.8162 -3.1855 6.6364
v 10.7753 -2.0159 6.0054
v 11.2442 -2.0159 6.0054
v -24.2292 -0.1224 6.2232
v -22.7775 -0.8476 6.5374
v -20.2300 -0.4483 7.8047
v -17.8049 -0.6279 7.1481
v -15.1538 -0.6786 7.0909
v -13.7336 0.4417 8.2210
v -9.2363 -1.5656 6.1608
v -7.5171 -1.4007 7.1186
v -5.7987 -1.2358 8.0765
v 0.4087 -0.5325 7.0358
v 1.5269 -1.2639 6.1575
v 8.1990 0.0202 6.2709
v 10.0205 -0.5993 6.9715
v 12.1839 -0.9955 6.9445
v 14.3205 -0.0482 7.1031
v -24.2292 0.9819 6.2232
v -22.4732 1.8150 6.3602
v -20.1704 2.0226 6.6275
v -18.4677 2.0226 7.3425
v -14.1641 2.0123 7.4530
v -13.5405 2.0123 7.4530
v -0.0235 1.8145 7.1031
v 8.1211 1.9240 7.1038
v 9.2657 1.1636 7.9376
v 15.5705 0.9194 7.1031
v 17.5054 1.9605 7.2847
v 19.1430 2.4180 6.5725
v -21.6221 4.3145 5.9574
v -21.0015 4.3145 5.9574
v -17.1338 3.6923 7.1031
v -15.1351 3.5677 7.3523
v -12.9598 4.0655 7.3523
v -6.6983 5.2212 8.0211
v -4.9864 5.0218 7.1539
v -2.6567 4.2801 7.1031
v -0.8977 3.4509 7.1031
v 8.2349 4.4297 7.2789
v 8.7386 5.3397 8.2295
v 17.9733 4.3145 7.7089
v 19.0574 4.3145 6.4589
v -21.5830 5.6573 5.9362
v -21.2601 5.6573 5.9362
v -11.8926 6.1084 7.1031
v -10.1567 6.7308 7.1031
v -7.5816 6.4416 7.1539
v -5.1147 6.7860 6.2347
v -2.6567 7.3282 6.1806
v -1.2503 7.7718 6.0278
v 8.3887 6.1171 6.5628
v 9.8616 6.7995 7.0572
v 11.4576 7.4818 7.5516
v 17.6413 6.6733 6.9061
v 18.6624 5.7459 5.9415
v -4.5231 8.6764 6.1150
v -2.6567 8.7059 6.1806
v -1.2503 8.3078 6.0278
v 10.9846 8.0793 5.8850
v 12.5071 9.0332 7.0909
v 14.8433 9.7582 6.6014
v 16.9065 9.2659 6.9855
v 13.5566 10.6276 8.2968
v 14.8433 11.1951 7.8514
v 16.6886 11.3421 7.7404
v -14.4133 -14.7672 9.6031
v -12.5137 -14.7527 9.5715
v -10.9266 -14.5219 10.3838
v -16.7104 -12.2866 9.6031
v -15.6633 -13.5366 9.6031
v -11.6204 -13.0964 9.5715
v -10.3133 -13.2895 10.2969
v -7.6567 -12.6722 9.8003
v -6.2070 -12.1447 10.0925
v -19.0924 -9.6322 10.6610
v -17.4425 -10.6865 9.5643
v -16.2640 -10.0740 8.4675
v -11.5401 -11.8611 9.6031
v -10.3827 -11.6767 9.4673
v -7.6567 -11.6530 8.5503
v -5.3273 -10.8979 9.3173
v -3.7638 -9.9049 8.5420
v -21.6125 -7.1656 9.1397
v -19.7006 -7.8416 10.0291
v -18.1906 -8.0562 9.7410
v -16.2640 -9.3330 8.4675
v -4.4476 -8.7765 10.2087
v -3.2273 -8.0401 9.4665
v -21.9022 -5.6855 9.3276
v -20.1567 -5.6855 10.5097
v -17.9042 -5.5768 10.5714
v -15.1567 -4.6388 10.3586
v -13.6910 -4.4709 10.5728
v -1.9146 -6.4663 9.6031
v -0.6535 -5.2163 9.6031
v -21.8616 -3.9397 8.8657
v -20.3390 -3.2924 9.8229
v -17.6567 -3.9407 10.5140
v -15.1567 -4.0064 10.3586
v -13.6910 -4.3995 10.5728
v -6.5743 -2.3146 8.8156
v -5.7987 -2.3146 8.8156
v -0.3427 -3.1855 9.6031
v -20.0693 -0.4483 9.3643
v -17.6631 0.4522 9.5701
v -15.1998 0.4015 9.5998
v -13.7336 0.4417 8.4313
v -6.6044 -0.6283 9.4559
v -5.4319 -0.5586 9.5803
v -3.7181 0.3295 10.6777
v -0.1078 -0.6855 9.6031
v 7.9178 0.1115 10.4472
v 9.9967 0.0908 9.6096
v 12.3433 -0.4546 9.6031
v 14.4074 -0.2023 9.6031
v -19.6464 1.3451 10.0385
v -17.5861 1.6133 9.4627
v -15.1648 1.6325 9.4882
v -13.7336 1.3897 8.4313
v -6.6397 1.8145 10.1949
v -5.1567 1.8145 9.8904
v -2.7936 1.8267 10.3302
v -0.4393 1.8267 9.5738
v 6.0491 2.6830 10.7545
v 7.3310 1.9233 9.7675
v 9.2657 1.1636 8.7805
v 15.6574 0.9691 9.6031
v 16.9679 2.2191 9.6031
v -16.6459 3.2674 8.5082
v -15.1163 3.3608 9.4462
v -12.7055 4.5083 9.6280
v -10.1567 5.0182 10.2884
v -7.4272 4.3876 9.7706
v -5.1567 3.7552 9.3397
v -2.6567 3.5259 9.0810
v -1.1118 3.2488 8.7209
v 6.0491 3.1200 10.7545
v 7.4839 3.7858 9.7940
v 8.8478 5.1745 9.6031
v 17.2881 4.3145 9.6031
v -11.9047 6.1191 8.8112
v -10.1567 6.3321 9.0384
v -8.3649 6.0335 8.8087
v 10.0217 6.7149 9.5981
v 12.5067 7.7560 9.7920
v 13.7874 8.0301 10.8225
v 16.7503 6.8145 9.6031
v 10.6974 9.3145 10.4889
v 12.6462 8.9625 9.9176
v 13.7874 8.4932 10.8225
v 16.9802 9.3145 9.6031
v 11.0241 10.6324 10.7926
v 12.5713 10.6576 9.8168
v 14.8433 11.3512 9.6031
v 16.6434 11.2857 9.6031
v -14.2690 -14.6831 11.1244
v -12.6567 -14.6860 11.1281
v -10.9266 -14.5219 10.9485
v -19.0690 -12.0397 13.1932
v -17.6346 -12.4408 12.2571
v -14.9887 -13.1378 12.1844
v -12.4454 -13.0964 11.5078
v -10.3133 -13.2895 11.2977
v -7.6567 -12.6722 11.7895
v -6.2070 -12.1447 11.3079
v -21.7248 -9.7782 13.0291
v -19.5870 -10.1947 12.6175
v -18.6710 -10.4030 12.4117
v -14.0416 -11.7501 13.2443
v -12.4454 -11.4356 12.2878
v -10.3827 -11.3758 12.3294
v -7.6823 -10.7645 12.9888
v -6.0376 -10.6855 11.6773
v -21.9019 -8.1855 12.5102
v -19.6112 -8.4966 11.9757
v -18.8957 -8.1836 12.0785
v -9.3299 -7.5934 13.0023
v -7.6823 -8.3302 12.7578
v -5.2312 -8.0401 11.6261
v -3.6995 -7.1098 11.1161
v -21.7489 -6.6856 12.5533
v -20.1567 -6.3059 12.1334
v -17.8422 -5.5085 11.9662
v -15.1567 -4.6388 11.4233
v -13.6910 -4.4709 11.0609
v -9.3299 -6.6863 13.0023
v -7.4719 -5.7860 12.7960
v -5.2318 -5.6134 12.6643
v -2.6219 -5.5254 12.1586
v -1.1949 -4.6522 11.5344
v -19.6630 -2.8680 12.1031
v -17.6318 -3.8598 12.1846
v -15.1567 -4.0064 11.4233
v -13.6910 -4.3995 11.0609
v -6.9439 -3.1855 12.7582
v -5.2318 -3.2550 12.5828
v -2.4893 -3.2550 12.9500
v -1.0821 -3.1855 11.9672
v -20.7663 -0.6855 12.1031
v -16.4540 0.3613 10.9150
v -16.3587 0.3613 10.9150
v -7.2202 -0.7867 11.9524
v -5.1567 -1.3008 11.2343
v -2.7936 -0.5765 11.6894
v -0.7683 -0.6855 11.6414
v 7.5464 -0.2868 12.1031
v 9.8433 -0.7501 12.1031
v 12.3433 -0.4575 12.1031
v 14.1525 0.0058 12.1031
v -20.0100 1.6763 12.1031
v -17.4351 1.7448 11.8903
v -15.3074 1.9364 12.0199
v -13.6113 2.8234 13.1248
v -6.9053 1.7068 11.9259
v -6.1425 2.4683 12.6410
v -2.0515 1.0014 11.1001
v -0.7765 1.0014 11.1001
v 6.0491 2.6830 10.9387
v 6.6713 1.8356 11.9044
v 15.4025 1.2899 12.1031
v 16.6777 2.5399 12.1031
v -14.2561 3.3537 11.4581
v -12.7294 3.7784 12.2161
v -10.1567 4.6664 12.1031
v -7.4563 4.0184 11.9259
v -6.1425 3.4190 12.6410
v 6.0491 3.1200 10.9387
v 7.5088 3.6027 11.9044
v 8.9322 4.9457 12.1031
v 17.1836 4.3145 12.1031
v 9.4095 6.8145 12.1031
v 13.4713 7.5966 12.1031
v 14.7097 7.3627 11.9013
v 16.5437 6.7371 11.9013
v 9.9551 9.3145 12.1031
v 13.4089 9.3218 11.9442
v 14.7097 9.3218 11.0608
v 16.2541 9.3145 10.9990
v 10.7278 10.9237 12.1031
v 12.5065 10.8665 11.9442
v 14.8433 10.7207 11.0525
v 16.2316 10.7484 10.9673
v -19.0690 -12.0397 13.5481
v -17.6567 -12.2544 13.9332
v -15.1361 -12.3405 14.5195
v -13.1463 -12.4245 15.1074
v -21.8308 -10.0285 14.6031
v -19.6024 -10.4869 14.0685
v -18.1847 -10.5688 14.4186
v -15.1361 -11.7418 14.5195
v -12.4504 -11.4112 14.4057
v -10.1466 -10.3514 14.4195
v -8.5326 -9.9838 13.4637
v -22.1963 -8.1855 14.6031
v -18.9330 -9.4135 13.3991
v -18.8888 -9.4135 13.3991
v -13.9780 -6.9587 15.8102
v -13.6479 -6.9587 15.8102
v -9.3183 -8.1207 14.6200
v -8.7011 -8.1207 14.6200
v -21.7722 -6.5686 14.6031
v -20.2139 -5.2882 14.4453
v -18.4485 -4.6793 13.5068
v -13.9780 -6.9112 15.8102
v -13.6479 -6.9112 15.8102
v -9.3299 -6.6863 14.1096
v -8.0420 -5.7860 14.8070
v -4.4486 -4.7320 13.4998
v -3.2110 -4.7320 13.4998
v -19.4380 -3.2556 14.4453
v -18.4485 -4.1358 13.5068
v -9.2361 -2.1227 15.4155
v -7.9288 -3.0478 14.5906
v -4.4486 -4.1346 13.4998
v -3.2110 -4.1346 13.4998
v -19.7791 -0.6855 14.6031
v -9.7396 -0.6855 14.9754
v -8.5026 -0.6855 13.7254
v 7.7214 -0.4272 14.6031
v 9.8433 -0.8708 14.6031
v 12.3433 -0.3748 14.6031
v 14.0625 0.0687 14.6031
v -19.4989 1.1317 14.6031
v -17.6567 1.8085 14.6031
v -15.1831 2.4612 14.4833
v -13.6113 2.8234 13.5700
v -9.8557 1.8145 15.2359
v -7.7188 1.7068 14.0620
v -6.1425 2.4683 13.6908
v 6.0045 2.9555 15.7494
v 6.8113 1.9991 14.7909
v 15.4134 1.8894 14.7602
v 16.3933 2.7726 14.0316
v -14.3673 3.4404 15.2367
v -12.7294 3.6043 14.4833
v -10.1972 3.8263 14.7990
v -7.6567 3.8898 14.1637
v -6.1425 3.4190 13.6908
v 6.0045 3.8292 15.7494
v 7.2917 4.4319 14.7877
v 8.8511 5.0347 13.8260
v 16.0012 3.3017 15.6982
v 16.5875 4.2068 14.7602
v 7.7975 5.7516 15.4926
v 9.3208 6.6768 14.6368
v 12.9721 7.1903 14.6031
v 14.8433 6.2640 14.6031
v 16.4860 5.8882 14.6031
v 10.4152 9.1800 14.6550
v 12.0095 9.1800 14.6550
v 10.6752 10.9756 13.8562
v 11.7819 10.9756 13.8562
v -14.5640 -12.4245 16.3994
v -13.1463 -12.4245 16.3994
v -21.6541 -9.8835 16.1193
v -20.1567 -9.9775 16.2328
v -17.6567 -10.1150 16.5814
v -15.3011 -10.8143 17.0085
v -12.4504 -10.8865 16.9209
v -10.9733 -10.1872 16.4382
v -21.7011 -8.1855 16.1961
v -20.1567 -8.1855 16.7323
v -17.6567 -8.1855 17.4324
v -14.9495 -7.9494 17.0766
v -12.7514 -7.9494 16.6316
v -10.1466 -7.9630 16.2655
v -8.8696 -6.9814 15.8913
v -21.5518 -6.6962 16.0443
v -20.2139 -5.7919 16.6165
v -17.6567 -5.6855 17.6167
v -14.9358 -5.7809 17.3216
v -12.7514 -6.1892 16.8915
v -10.2241 -5.5747 17.1986
v -8.3693 -5.6855 16.2370
v -19.3089 -3.1855 16.3223
v -17.6567 -3.1855 17.0530
v -15.5531 -3.1855 17.8339
v -11.8679 -2.3062 17.9854
v -10.1692 -3.0478 17.1561
v -8.2272 -3.7894 16.3267
v 7.8035 -2.2990 17.7286
v 9.2498 -2.2990 17.7286
v -18.9686 -0.6855 15.8962
v -17.6567 -0.6855 16.4742
v -15.4906 -0.6855 17.6811
v -12.0821 -0.6855 17.5863
v -10.9896 -0.6855 16.3363
v 7.4776 -0.8197 16.9784
v 9.9872 -1.3579 16.9784
v 12.3433 -0.4105 17.1031
v 13.8627 0.2622 17.1031
v -18.9649 0.6191 15.8913
v -17.6567 0.9185 16.1868
v -15.5940 1.8150 17.0971
v -11.8460 0.8386 17.6984
v -11.0336 1.7290 16.9603
v 5.7168 2.5334 17.1031
v 6.5411 1.2834 17.1031
v 14.7195 1.8145 17.1031
v -14.4878 4.2901 17.2898
v -12.6567 4.6504 16.9596
v -11.0326 4.1077 17.3016
v 3.2659 5.1108 17.6361
v 5.0090 4.4700 16.7478
v 6.1309 5.4959 15.8596
v 15.7599 4.2068 17.2794
v 16.2162 4.9683 16.5636
v -13.9665 5.6215 18.2476
v -12.6567 5.6461 18.2096
v -11.3528 5.6163 18.2672
v 3.2659 6.0828 17.6361
v 4.8433 6.5063 17.1952
v 7.1158 6.2661 16.8570
v 10.0091 6.9987 16.9535
v 12.1714 7.2906 16.9535
v 15.0745 6.2019 17.2794
v 16.2162 5.7085 16.5636
v 10.9530 8.2569 16.0204
v 11.2235 8.2569 16.0204
v -14.2269 -4.6506 18.4852
v -12.6567 -4.7708 18.5969
v -11.1023 -4.6675 18.5460
v -14.3031 -3.1855 18.5352
v -12.6834 -3.1579 18.6145
v -11.1023 -3.9728 18.5460
v 7.7014 -2.4127 19.6031
v 9.5321 -2.4127 19.6031
v -14.2406 -0.6855 18.7004
v -13.3321 -0.6855 18.7004
v 3.4387 0.4444 20.8000
v 4.8433 0.1344 20.3385
v 6.5033 -0.7075 19.4733
v 10.7821 -1.6946 19.6031
v 12.3433 -1.1763 19.6031
v 14.6806 -0.1582 19.7350
v 16.2961 0.3356 20.6563
v -14.4204 1.8145 19.1912
v -12.6703 1.7290 19.3187
v -11.1862 2.5052 18.8450
v 3.4387 0.7065 20.8000
v 4.9431 1.5859 19.6767
v 6.2991 0.7987 18.5534
v 13.4631 2.8956 20.5258
v 14.7000 1.9774 19.7577
v 16.2961 1.0591 20.6563
v -14.2875 4.3145 19.0223
v -12.6567 4.3145 19.4779
v -11.2009 4.3145 18.8088
v 3.2659 5.1108 18.7329
v 4.6202 4.2923 19.5810
v 10.2775 5.4031 20.4872
v 12.3911 4.3267 20.5065
v 14.6094 4.1759 19.6567
v -13.9665 5.6215 18.4803
v -12.6567 5.6461 18.5352
v -11.3528 5.6163 18.4687
v 3.2659 6.0828 18.7329
v 5.0004 6.4532 19.5810
v 7.3433 6.4732 19.6031
v 9.6038 5.8889 19.6336
v 12.2288 6.4419 19.6336
v 14.5626 6.4423 19.6031
v 8.2955 -4.5817 23.2019
v 8.9363 -4.5817 23.2019
v 5.9237 -2.0366 23.2746
v 7.4114 -2.9558 22.4049
v 9.8957 -2.9738 22.3430
v 11.5749 -2.0727 23.1508
v 0.6992 -0.0624 22.8262
v 2.5006 -0.2944 22.0370
v 4.9915 -1.1903 22.3060
v 6.5273 -1.5556 21.6079
v 10.8551 -1.7441 21.4842
v 12.3823 -1.7807 22.2318
v 14.8433 -1.0774 22.1031
v 16.5639 0.1226 22.1031
v 0.6992 1.1868 22.8262
v 2.4300 1.7800 22.0698
v 4.2060 2.3731 21.3135
v 13.1836 2.8389 22.1031
v 14.7848 2.6808 22.0460
v 16.6233 1.8613 22.0460
v 3.0880 3.2907 22.9802
v 5.0723 4.0674 21.9707
v 6.7680 4.8441 22.6279
v 10.2775 5.4031 21.2387
v 12.2871 4.6361 21.7395
v 14.8315 4.0805 22.0029
v 16.3491 3.2440 22.8413
v 5.9385 5.7899 20.9612
v 7.4981 5.7973 21.9180
v 9.6038 5.7566 22.0845
v 12.1249 5.8980 22.0349
v 14.0837 6.0740 21.1645
v 7.9233 -4.8177 24.6031
v 9.7991 -4.7561 24.8059
v 11.1112 -4.4602 25.7744
v 3.5810 -1.9456 25.8107
v 4.9915 -2.2604 24.8277
v 6.6733 -3.5841 24.6031
v 10.6276 -3.2083 24.6424
v 11.3430 -3.2083 24.6424
v 0.6992 -0.0624 23.9314
v 2.8738 -1.0177 24.9880
v 3.9601 -0.9680 24.9714
v 10.6522 -1.6339 25.1771
v 12.3823 -1.4721 24.4475
v 14.8433 -0.7870 24.6031
v 16.6719 0.1100 24.6031
v 0.6992 1.1868 23.9314
v 2.2901 1.9379 24.6610
v 3.6518 1.8145 25.8043
v 12.7152 2.7143 24.6031
v 14.1261 2.7143 24.6031
v 17.1172 1.8145 24.6031
v 3.0880 3.2907 24.1757
v 4.5982 3.5167 24.8467
v 7.4981 4.6087 24.4948
v 9.8433 4.6246 24.9321
v 11.4932 4.0849 24.4746
v 15.3761 3.3510 24.6031
v 16.5386 3.3510 24.6031
v 8.4346 5.7231 23.5893
v 9.8433 5.8016 23.6821
v 11.2639 5.7221 23.5556
v 7.9978 -4.7989 26.3999
v 9.8433 -4.7266 26.2821
v 11.1112 -4.4602 25.8783
v 3.0904 -2.3703 27.1031
v 4.8433 -3.0898 27.1031
v 7.2360 -3.8650 27.1812
v 9.8315 -3.4347 26.9725
v 11.1112 -4.3440 25.8783
v 3.1503 -0.8638 27.1101
v 3.6631 -0.1493 26.2814
v 10.3454 -0.7546 27.2107
v 12.3433 -0.1306 26.4953
v 14.8433 0.0839 26.2347
v 16.4401 0.3187 26.1015
v 3.2651 1.8145 27.4296
v 3.6518 1.8145 26.1796
v 8.5703 2.9584 28.3093
v 9.8596 2.0009 27.7206
v 12.1405 1.8636 26.4031
v 14.8280 1.8636 26.3034
v 16.6068 1.8145 26.2208
v 2.8215 4.3145 27.4562
v 4.5982 4.3133 26.4665
v 7.4454 4.2949 27.3569
v 9.8433 3.3746 26.4905
v 11.1719 3.0985 25.9135
v 15.6512 3.2669 26.0949
v 16.4312 3.2669 26.0949
v 2.9340 6.1701 27.9835
v 4.8433 6.1740 27.8645
v 6.3204 5.7716 28.0712
v 6.0421 -4.4910 30.7364
v 7.3433 -4.7417 30.3486
v 8.9838 -4.7882 30.2972
v 2.9351 -2.5052 28.9375
v 5.0482 -3.3181 29.8369
v 7.3433 -4.0246 29.0986
v 9.3593 -3.2894 29.5196
v 2.9902 -0.6588 29.7037
v 4.0542 -1.4744 30.6041
v 9.9079 -0.6855 29.6031
v 3.1633 1.8309 29.6809
v 4.8433 2.4563 30.4542
v 7.5795 2.6324 29.7063
v 9.2433 1.5905 29.6031
v 2.5835 4.2455 29.6809
v 5.0588 4.2455 30.4672
v 6.8714 4.3145 29.3360
v 2.5326 6.9279 29.5488
v 4.9342 6.8042 29.7105
v 6.3204 5.7716 29.0751
v 3.1386 8.2454 30.3458
v 3.8326 8.2454 30.3458
v 6.0421 -4.4910 30.9367
v 7.3433 -4.7417 31.2940
v 8.9838 -4.7882 31.3574
v -1.4255 -1.9509 33.3297
v -1.0955 -1.9509 33.3297
v 2.8410 -2.2032 32.9474
v 5.1923 -2.7645 32.1376
v 7.3433 -3.1855 32.3927
v 9.2377 -3.1855 31.7157
v -1.7079 -0.6855 33.0502
v -0.2200 -0.8893 32.9182
v 2.2442 -0.8331 32.1565
v 5.0677 -1.7021 32.3098
v 7.3433 -1.7701 33.2018
v 9.3797 -0.8066 32.2406
v -1.7174 1.8145 33.0514
v -0.3768 1.7931 32.9192
v 2.4258 1.3817 32.1606
v 4.8936 2.4002 32.1566
v 7.3433 2.6040 31.4810
v 9.2361 1.9490 32.0519
v -1.4381 3.0841 33.3314
v -1.3569 3.0841 33.3314
v 2.9394 5.0329 31.1885
v 5.0647 4.4561 32.1070
v 7.3433 4.1382 32.7310
v 8.8228 3.6812 32.8512
v 2.7619 6.8145 31.2773
v 4.3546 6.8145 31.2773
v 3.1386 8.2454 31.0833
v 3.8326 8.2454 31.0833
v -1.4255 -1.9509 33.4067
v -0.1729 -2.0180 34.2720
v 2.1419 -2.4600 34.4237
v 4.7267 -2.4788 34.6031
v -1.8552 -0.7018 34.3853
v -0.1729 -1.7023 34.2720
v 1.1744 -1.8584 33.4707
v 5.9767 -1.7006 34.6031
v 7.3433 -0.9430 34.6031
v 8.9361 0.0721 34.6031
v -2.0229 1.8145 34.6031
v -0.0465 2.4572 34.6031
v 2.3433 1.8426 34.6031
v 4.2751 2.4499 34.6031
v 9.2409 1.8145 34.6031
v -1.4764 3.1080 34.6031
v -1.2965 3.1080 34.6031
v 5.4220 4.5534 34.3597
v 7.3433 5.3882 33.6191
v 8.8987 4.4346 34.5594
v 5.7322 5.9156 35.0307
v 7.3433 5.9241 34.8691
v 8.6960 5.6928 35.3636
v 0.7497 -2.0852 36.0494
v 2.3433 -2.3903 36.3098
v 4.2832 -2.3921 36.2659
v -1.7526 0.1206 36.1063
v -0.1128 -0.7018 36.3625
v 2.3433 -0.6855 36.7726
v 5.0073 -0.7510 36.4169
v 7.3433 0.1416 36.1357
v 8.6314 0.5265 35.9205
v -1.7122 1.8145 36.0759
v -0.3484 1.8500 36.2711
v 2.3433 1.1540 36.3159
v 4.8969 1.7667 36.9499
v 7.4760 1.8210 37.4231
v 8.7545 1.8145 36.3336
v -1.4682 3.1029 35.8970
v -1.3095 3.1029 35.8970
v 4.9325 4.3145 37.1031
v 8.2224 4.3145 37.7444
v 8.8030 4.3145 36.4944
v 5.4771 6.1629 37.1031
v 7.4139 6.1202 37.0223
v 8.6960 5.6928 36.1350
v 5.7919 2.6587 38.5819
v 6.7311 2.6587 38.5819
v 5.5219 4.3145 38.7749
v 6.9724 4.3145 38.7749
v 5.6328 6.0113 38.6868
v 6.6276 6.0113 38.6868
f 3 2 1
f 3 4 2
f 6 4 3
f 6 7 4
f 7 5 4
f 7 8 5
f 11 1 2
f 11 10 1
f 13 1 10
f 13 3 1
f 13 9 12
f 13 10 9
f 14 11 2
f 14 2 4
f 5 14 4
f 5 15 14
f 13 6 3
f 13 17 6
f 16 13 12
f 16 17 13
f 18 7 6
f 18 6 17
f 15 5 8
f 15 8 19
f 8 7 18
f 8 18 19
f 18 14 15
f 18 15 19
f 21 16 20
f 21 17 16
f 22 17 21
f 22 18 17
f 23 18 22
f 23 19 18
f 26 25 24
f 26 27 25
f 29 9 10
f 29 28 9
f 30 10 11
f 30 29 10
f 28 12 9
f 28 32 12
f 34 30 11
f 34 11 14
f 33 29 30
f 33 30 34
f 36 12 32
f 36 16 12
f 36 31 35
f 36 32 31
f 37 34 14
f 37 14 18
f 38 18 19
f 38 37 18
f 36 20 16
f 36 40 20
f 39 36 35
f 39 40 36
f 41 21 20
f 41 20 40
f 42 22 21
f 42 21 41
f 38 19 23
f 38 23 43
f 43 23 22
f 43 22 42
f 43 42 37
f 43 37 38
f 48 24 25
f 48 47 24
f 47 45 44
f 47 48 45
f 50 24 47
f 50 26 24
f 49 47 46
f 49 50 47
f 51 48 25
f 51 25 27
f 51 27 26
f 51 26 50
f 53 28 29
f 53 52 28
f 55 51 50
f 55 56 51
f 57 28 52
f 57 32 28
f 57 31 32
f 57 56 31
f 57 51 56
f 57 52 51
f 53 29 33
f 53 33 58
f 59 33 34
f 59 58 33
f 58 54 53
f 58 59 54
f 60 31 56
f 60 35 31
f 62 59 34
f 62 34 37
f 62 61 58
f 62 58 59
f 60 39 35
f 60 63 39
f 64 40 39
f 64 39 63
f 41 40 64
f 41 64 65
f 66 62 37
f 66 37 42
f 66 42 41
f 66 41 65
f 66 65 61
f 66 61 62
f 69 68 67
f 69 70 68
f 73 72 71
f 73 74 72
f 75 44 45
f 75 74 44
f 77 44 74
f 77 47 44
f 77 46 47
f 77 76 46
f 78 75 45
f 78 45 48
f 77 74 75
f 77 75 78
f 76 49 46
f 76 81 49
f 82 50 49
f 82 49 81
f 83 78 48
f 83 48 51
f 83 82 77
f 83 77 78
f 84 51 52
f 84 83 51
f 53 84 52
f 53 85 84
f 54 85 53
f 54 86 85
f 86 79 85
f 86 80 79
f 82 55 50
f 82 90 55
f 91 56 55
f 91 55 90
f 93 86 54
f 93 54 59
f 59 58 92
f 59 92 93
f 94 88 87
f 94 95 88
f 95 89 88
f 95 96 89
f 91 60 56
f 91 98 60
f 97 91 90
f 97 98 91
f 92 58 61
f 92 61 100
f 101 92 100
f 101 93 92
f 102 60 98
f 102 63 60
f 64 63 102
f 64 102 103
f 102 98 99
f 102 99 103
f 104 100 61
f 104 61 65
f 104 65 64
f 104 64 103
f 104 103 99
f 104 99 100
f 107 106 105
f 107 108 106
f 110 108 107
f 110 111 108
f 111 109 108
f 111 112 109
f 68 113 67
f 68 114 113
f 113 111 110
f 113 114 111
f 115 111 114
f 115 112 111
f 116 67 113
f 116 69 67
f 117 114 68
f 117 68 70
f 70 69 116
f 70 116 117
f 72 118 71
f 72 119 118
f 118 73 71
f 118 121 73
f 122 119 72
f 122 72 74
f 122 74 73
f 122 73 121
f 123 119 122
f 123 120 119
f 125 76 77
f 125 124 76
f 124 122 121
f 124 125 122
f 125 123 122
f 125 126 123
f 80 127 79
f 80 128 127
f 124 81 76
f 124 129 81
f 125 77 82
f 125 82 130
f 130 82 81
f 130 81 129
f 131 82 83
f 131 130 82
f 131 125 130
f 131 126 125
f 84 131 83
f 84 132 131
f 133 79 127
f 133 85 79
f 133 84 85
f 133 132 84
f 134 128 80
f 134 80 86
f 134 133 127
f 134 127 128
f 136 87 88
f 136 135 87
f 89 136 88
f 89 137 136
f 139 82 130
f 139 90 82
f 142 141 132
f 142 132 133
f 143 134 86
f 143 86 93
f 143 142 133
f 143 133 134
f 135 94 87
f 135 144 94
f 145 95 94
f 145 94 144
f 137 89 96
f 137 96 146
f 96 95 145
f 96 145 146
f 139 97 90
f 139 151 97
f 150 139 138
f 150 151 139
f 152 98 97
f 152 97 151
f 99 98 152
f 99 152 153
f 153 152 140
f 153 140 141
f 154 100 99
f 154 99 153
f 153 141 142
f 153 142 154
f 143 93 101
f 143 101 155
f 101 100 154
f 101 154 155
f 155 154 142
f 155 142 143
f 156 146 145
f 156 157 146
f 158 146 157
f 158 147 146
f 158 148 147
f 158 159 148
f 160 148 159
f 160 149 148
f 162 105 106
f 162 161 105
f 161 158 157
f 161 162 158
f 163 158 162
f 163 159 158
f 164 105 161
f 164 107 105
f 165 162 106
f 165 106 108
f 109 165 108
f 109 166 165
f 165 163 162
f 165 166 163
f 167 107 164
f 167 110 107
f 169 166 109
f 169 109 112
f 170 110 167
f 170 113 110
f 172 169 112
f 172 112 115
f 115 114 171
f 115 171 172
f 172 171 168
f 172 168 169
f 173 113 170
f 173 116 113
f 174 171 114
f 174 114 117
f 174 117 116
f 174 116 173
f 174 173 170
f 174 170 171
f 119 175 118
f 119 176 175
f 120 176 119
f 120 177 176
f 175 121 118
f 175 178 121
f 178 175 176
f 178 176 179
f 177 120 123
f 177 123 180
f 179 176 177
f 179 177 180
f 178 124 121
f 178 181 124
f 182 181 178
f 182 178 179
f 180 123 126
f 180 126 183
f 181 129 124
f 181 185 129
f 186 130 129
f 186 129 185
f 183 126 131
f 183 131 187
f 132 187 131
f 132 188 187
f 187 184 183
f 187 188 184
f 190 135 136
f 190 189 135
f 137 190 136
f 137 191 190
f 186 139 130
f 186 195 139
f 195 138 139
f 195 194 138
f 197 188 132
f 197 132 141
f 197 141 140
f 197 140 196
f 197 196 187
f 197 187 188
f 189 144 135
f 189 198 144
f 199 145 144
f 199 144 198
f 200 191 137
f 200 137 146
f 147 200 146
f 147 201 200
f 200 192 191
f 200 201 192
f 148 201 147
f 148 202 201
f 201 193 192
f 201 202 193
f 203 148 149
f 203 202 148
f 194 150 138
f 194 204 150
f 205 151 150
f 205 150 204
f 206 196 140
f 206 140 152
f 206 152 151
f 206 151 205
f 199 156 145
f 199 208 156
f 207 199 198
f 207 208 199
f 209 157 156
f 209 156 208
f 203 149 160
f 203 160 211
f 160 159 210
f 160 210 211
f 210 202 203
f 210 203 211
f 212 208 207
f 212 213 208
f 209 161 157
f 209 214 161
f 213 209 208
f 213 214 209
f 215 210 159
f 215 159 163
f 214 164 161
f 214 217 164
f 216 214 213
f 216 217 214
f 218 215 163
f 218 163 166
f 217 167 164
f 217 219 167
f 221 218 166
f 221 166 169
f 221 169 168
f 221 168 220
f 219 170 167
f 219 222 170
f 223 220 168
f 223 168 171
f 223 171 170
f 223 170 222
f 225 222 224
f 225 223 222
f 228 227 226
f 228 229 227
f 231 179 180
f 231 230 179
f 230 182 179
f 230 234 182
f 182 233 181
f 182 234 233
f 233 230 229
f 233 234 230
f 231 180 183
f 231 183 235
f 184 235 183
f 184 236 235
f 235 232 231
f 235 236 232
f 233 185 181
f 233 241 185
f 242 186 185
f 242 185 241
f 244 236 184
f 244 184 188
f 244 188 187
f 244 187 243
f 243 235 236
f 243 236 244
f 246 189 190
f 246 245 189
f 247 190 191
f 247 246 190
f 248 191 192
f 248 247 191
f 248 237 247
f 248 238 237
f 193 248 192
f 193 249 248
f 248 239 238
f 248 249 239
f 250 239 249
f 250 240 239
f 242 195 186
f 242 252 195
f 195 251 194
f 195 252 251
f 251 242 241
f 251 252 242
f 253 243 187
f 253 187 196
f 254 243 253
f 254 244 243
f 245 198 189
f 245 255 198
f 256 249 193
f 256 193 202
f 257 249 256
f 257 250 249
f 258 194 251
f 258 204 194
f 259 205 204
f 259 204 258
f 258 251 252
f 258 252 259
f 260 253 196
f 260 196 206
f 260 206 205
f 260 205 259
f 260 259 252
f 260 252 253
f 255 207 198
f 255 261 207
f 262 256 202
f 262 202 210
f 261 212 207
f 261 263 212
f 264 213 212
f 264 212 263
f 262 210 215
f 262 215 267
f 264 216 213
f 264 269 216
f 268 264 263
f 268 269 264
f 270 217 216
f 270 216 269
f 271 270 265
f 271 265 266
f 272 267 215
f 272 215 218
f 274 217 270
f 274 219 217
f 274 269 273
f 274 270 269
f 272 218 221
f 272 221 276
f 221 220 275
f 221 275 276
f 274 222 219
f 274 279 222
f 279 273 278
f 279 274 273
f 275 220 223
f 275 223 280
f 281 275 280
f 281 276 275
f 281 277 276
f 281 282 277
f 279 224 222
f 279 284 224
f 283 279 278
f 283 284 279
f 280 223 225
f 280 225 285
f 225 224 284
f 225 284 285
f 288 283 287
f 288 284 283
f 289 284 288
f 289 285 284
f 289 286 285
f 289 290 286
f 294 292 291
f 294 295 292
f 295 293 292
f 295 296 293
f 297 226 227
f 297 296 226
f 301 226 296
f 301 228 226
f 302 297 227
f 302 227 229
f 302 229 228
f 302 228 301
f 303 229 230
f 303 302 229
f 303 297 302
f 303 298 297
f 231 303 230
f 231 304 303
f 304 298 303
f 304 299 298
f 232 304 231
f 232 305 304
f 304 300 299
f 304 305 300
f 302 233 229
f 302 308 233
f 308 301 307
f 308 302 301
f 310 305 232
f 310 232 236
f 236 235 309
f 236 309 310
f 312 237 238
f 312 311 237
f 313 238 239
f 313 312 238
f 240 313 239
f 240 314 313
f 316 306 315
f 316 307 306
f 317 233 308
f 317 241 233
f 309 235 243
f 309 243 319
f 320 243 244
f 320 319 243
f 322 245 246
f 322 321 245
f 311 247 237
f 311 323 247
f 323 246 247
f 323 322 246
f 324 323 311
f 324 311 312
f 325 324 312
f 325 312 313
f 326 314 240
f 326 240 250
f 325 313 314
f 325 314 326
f 327 241 317
f 327 251 241
f 252 251 327
f 252 327 328
f 327 317 318
f 327 318 328
f 253 252 328
f 253 328 329
f 329 328 318
f 329 318 319
f 320 244 254
f 320 254 330
f 254 253 329
f 254 329 330
f 329 319 320
f 329 320 330
f 321 255 245
f 321 332 255
f 333 324 325
f 333 325 334
f 326 250 257
f 326 257 335
f 335 257 256
f 335 256 334
f 335 334 325
f 335 325 326
f 337 255 332
f 337 261 255
f 337 331 336
f 337 332 331
f 334 256 262
f 334 262 339
f 338 333 334
f 338 334 339
f 337 263 261
f 337 341 263
f 340 337 336
f 340 341 337
f 266 265 343
f 266 343 344
f 339 262 267
f 339 267 345
f 346 263 341
f 346 268 263
f 347 269 268
f 347 268 346
f 346 341 342
f 346 342 347
f 348 343 265
f 348 265 270
f 344 271 266
f 344 349 271
f 271 348 270
f 271 349 348
f 348 344 343
f 348 349 344
f 350 345 267
f 350 267 272
f 347 273 269
f 347 352 273
f 353 350 272
f 353 272 276
f 277 353 276
f 277 354 353
f 353 351 350
f 353 354 351
f 352 278 273
f 352 355 278
f 358 281 280
f 358 280 357
f 359 354 277
f 359 277 282
f 282 281 358
f 282 358 359
f 360 278 355
f 360 283 278
f 360 355 356
f 360 356 361
f 357 280 285
f 357 285 362
f 361 356 357
f 361 357 362
f 363 285 286
f 363 362 285
f 364 283 360
f 364 287 283
f 288 287 364
f 288 364 365
f 365 364 360
f 365 360 361
f 366 289 288
f 366 288 365
f 363 286 290
f 363 290 367
f 367 290 289
f 367 289 366
f 366 362 363
f 366 363 367
f 369 291 292
f 369 368 291
f 293 369 292
f 293 370 369
f 368 294 291
f 368 372 294
f 373 295 294
f 373 294 372
f 374 370 293
f 374 293 296
f 374 296 295
f 374 295 373
f 375 296 297
f 375 374 296
f 298 375 297
f 298 376 375
f 377 298 299
f 377 376 298
f 378 299 300
f 378 377 299
f 381 371 380
f 381 372 371
f 381 373 372
f 381 382 373
f 383 296 374
f 383 301 296
f 383 373 382
f 383 374 373
f 386 378 300
f 386 300 305
f 385 377 378
f 385 378 386
f 390 379 389
f 390 380 379
f 391 380 390
f 391 381 380
f 392 381 391
f 392 382 381
f 383 307 301
f 383 393 307
f 393 306 307
f 393 392 306
f 392 383 382
f 392 393 383
f 308 307 393
f 308 393 394
f 396 395 384
f 396 384 385
f 386 305 310
f 386 310 397
f 397 310 309
f 397 309 396
f 397 396 385
f 397 385 386
f 400 387 399
f 400 388 387
f 401 306 392
f 401 315 306
f 393 307 316
f 393 316 402
f 316 315 401
f 316 401 402
f 403 308 394
f 403 317 308
f 402 394 393
f 402 403 394
f 404 318 317
f 404 317 403
f 404 403 394
f 404 394 395
f 405 396 309
f 405 309 319
f 405 319 318
f 405 318 404
f 405 404 395
f 405 395 396
f 407 398 406
f 407 399 398
f 322 407 321
f 322 408 407
f 407 400 399
f 407 408 400
f 323 408 322
f 323 409 408
f 324 409 323
f 324 410 409
f 414 321 407
f 414 332 321
f 414 331 332
f 414 413 331
f 414 406 413
f 414 407 406
f 410 324 333
f 410 333 415
f 415 411 410
f 415 416 411
f 420 331 413
f 420 336 331
f 420 412 419
f 420 413 412
f 421 415 333
f 421 333 338
f 339 421 338
f 339 422 421
f 421 416 415
f 421 422 416
f 424 418 417
f 424 425 418
f 426 336 420
f 426 340 336
f 427 341 340
f 427 340 426
f 428 342 341
f 428 341 427
f 422 339 345
f 422 345 429
f 429 423 422
f 429 430 423
f 432 342 428
f 432 347 342
f 431 428 427
f 431 432 428
f 435 429 345
f 435 345 350
f 351 435 350
f 351 436 435
f 432 352 347
f 432 438 352
f 439 433 434
f 439 434 440
f 442 436 351
f 442 351 354
f 441 435 436
f 441 436 442
f 444 352 438
f 444 355 352
f 444 437 443
f 444 438 437
f 445 356 355
f 445 355 444
f 446 357 356
f 446 356 445
f 447 358 357
f 447 357 446
f 446 440 441
f 446 441 447
f 448 442 354
f 448 354 359
f 448 359 358
f 448 358 447
f 447 441 442
f 447 442 448
f 450 361 362
f 450 449 361
f 451 361 449
f 451 365 361
f 450 362 366
f 450 366 452
f 452 366 365
f 452 365 451
f 451 449 450
f 451 450 452
f 369 455 368
f 369 456 455
f 370 456 369
f 370 457 456
f 462 453 461
f 462 454 453
f 455 372 368
f 455 465 372
f 465 371 372
f 465 464 371
f 466 465 455
f 466 455 456
f 467 457 370
f 467 370 374
f 467 466 456
f 467 456 457
f 468 374 375
f 468 467 374
f 467 458 457
f 467 468 458
f 376 468 375
f 376 469 468
f 468 459 458
f 468 469 459
f 470 376 377
f 470 469 376
f 473 460 472
f 473 461 460
f 474 461 473
f 474 462 461
f 474 463 462
f 474 475 463
f 476 371 464
f 476 380 371
f 476 379 380
f 476 475 379
f 476 463 475
f 476 464 463
f 470 377 385
f 470 385 478
f 478 385 384
f 478 384 477
f 477 469 470
f 477 470 478
f 483 471 482
f 483 472 471
f 388 483 387
f 388 484 483
f 484 472 483
f 484 473 472
f 485 473 484
f 485 474 473
f 486 379 475
f 486 389 379
f 486 474 485
f 486 475 474
f 487 390 389
f 487 389 486
f 391 390 487
f 391 487 488
f 489 392 391
f 489 391 488
f 491 477 384
f 491 384 395
f 395 394 490
f 395 490 491
f 492 477 491
f 492 478 477
f 494 479 493
f 494 480 479
f 494 481 480
f 494 495 481
f 497 387 483
f 497 399 387
f 497 398 399
f 497 496 398
f 497 482 496
f 497 483 482
f 498 484 388
f 498 388 400
f 497 483 484
f 497 484 498
f 498 485 484
f 498 499 485
f 500 485 499
f 500 486 485
f 500 487 486
f 500 501 487
f 502 487 501
f 502 488 487
f 489 401 392
f 489 503 401
f 502 489 488
f 502 503 489
f 504 402 401
f 504 401 503
f 490 394 403
f 490 403 505
f 403 402 504
f 403 504 505
f 506 490 505
f 506 491 490
f 507 494 493
f 507 508 494
f 509 494 508
f 509 495 494
f 510 398 496
f 510 406 398
f 510 495 509
f 510 496 495
f 511 498 400
f 511 400 408
f 409 511 408
f 409 512 511
f 511 499 498
f 511 512 499
f 410 512 409
f 410 513 512
f 512 500 499
f 512 513 500
f 411 513 410
f 411 514 513
f 514 500 513
f 514 501 500
f 515 503 502
f 515 516 503
f 516 504 503
f 516 517 504
f 518 504 517
f 518 505 504
f 522 508 521
f 522 509 508
f 523 406 510
f 523 413 406
f 523 412 413
f 523 522 412
f 523 509 522
f 523 510 509
f 525 524 511
f 525 511 512
f 527 514 411
f 527 411 416
f 526 513 514
f 526 514 527
f 528 516 515
f 528 529 516
f 530 516 529
f 530 517 516
f 531 520 519
f 531 532 520
f 418 532 417
f 418 533 532
f 533 520 532
f 533 521 520
f 522 419 412
f 522 534 419
f 535 420 419
f 535 419 534
f 539 527 416
f 539 416 422
f 538 526 527
f 538 527 539
f 423 539 422
f 423 540 539
f 542 417 532
f 542 424 417
f 541 532 531
f 541 542 532
f 543 533 418
f 543 418 425
f 543 425 424
f 543 424 542
f 535 426 420
f 535 545 426
f 544 535 534
f 544 545 535
f 546 427 426
f 546 426 545
f 547 536 537
f 547 537 548
f 540 423 430
f 540 430 550
f 430 429 549
f 430 549 550
f 549 539 540
f 549 540 550
f 546 431 427
f 546 552 431
f 551 546 545
f 551 552 546
f 553 432 431
f 553 431 552
f 555 434 433
f 555 433 554
f 556 549 429
f 556 429 435
f 556 550 549
f 556 557 550
f 558 552 551
f 558 559 552
f 553 438 432
f 553 560 438
f 560 437 438
f 560 559 437
f 559 553 552
f 559 560 553
f 554 433 439
f 554 439 561
f 562 434 555
f 562 440 434
f 562 439 440
f 562 561 439
f 556 435 441
f 556 441 563
f 441 440 562
f 441 562 563
f 564 556 563
f 564 557 556
f 565 437 559
f 565 443 437
f 566 444 443
f 566 443 565
f 567 445 444
f 567 444 566
f 568 562 440
f 568 440 446
f 568 446 445
f 568 445 567
f 568 567 561
f 568 561 562
f 570 453 454
f 570 569 453
f 458 574 457
f 458 575 574
f 459 575 458
f 459 576 575
f 578 453 569
f 578 461 453
f 578 460 461
f 578 577 460
f 579 570 454
f 579 454 462
f 463 579 462
f 463 580 579
f 581 463 464
f 581 580 463
f 581 571 580
f 581 572 571
f 465 581 464
f 465 582 581
f 581 573 572
f 581 582 573
f 466 582 465
f 466 583 582
f 574 467 457
f 574 584 467
f 584 466 467
f 584 583 466
f 586 576 459
f 586 459 469
f 591 460 577
f 591 472 460
f 591 471 472
f 591 590 471
f 592 584 585
f 592 585 593
f 586 469 477
f 586 477 594
f 595 477 478
f 595 594 477
f 480 596 479
f 480 597 596
f 597 587 596
f 597 588 587
f 481 597 480
f 481 598 597
f 597 589 588
f 597 598 589
f 599 471 590
f 599 482 471
f 599 589 598
f 599 590 589
f 484 483 600
f 484 600 601
f 602 592 593
f 602 593 603
f 603 593 594
f 603 594 604
f 595 478 492
f 595 492 605
f 492 491 604
f 492 604 605
f 604 594 595
f 604 595 605
f 606 479 596
f 606 493 479
f 608 598 481
f 608 481 495
f 609 482 599
f 609 496 482
f 609 495 496
f 609 608 495
f 608 599 598
f 608 609 599
f 610 600 483
f 610 483 497
f 611 484 601
f 611 498 484
f 611 497 498
f 611 610 497
f 610 601 600
f 610 611 601
f 613 502 501
f 613 501 612
f 604 491 506
f 604 506 615
f 506 505 614
f 506 614 615
f 614 603 604
f 614 604 615
f 616 493 606
f 616 507 493
f 617 508 507
f 617 507 616
f 616 606 607
f 616 607 617
f 619 512 511
f 619 511 618
f 612 501 514
f 612 514 621
f 514 513 620
f 514 620 621
f 613 515 502
f 613 622 515
f 622 612 621
f 622 613 612
f 614 505 518
f 614 518 624
f 518 517 623
f 518 623 624
f 624 615 614
f 624 625 615
f 520 627 519
f 520 628 627
f 617 521 508
f 617 629 521
f 629 520 521
f 629 628 520
f 630 522 521
f 630 521 629
f 618 511 524
f 618 524 631
f 619 525 512
f 619 632 525
f 525 631 524
f 525 632 631
f 631 619 618
f 631 632 619
f 620 513 526
f 620 526 633
f 634 620 633
f 634 621 620
f 622 528 515
f 622 635 528
f 636 529 528
f 636 528 635
f 623 517 530
f 623 530 637
f 530 529 636
f 530 636 637
f 638 623 637
f 638 624 623
f 638 625 624
f 638 639 625
f 639 626 625
f 639 640 626
f 627 531 519
f 627 641 531
f 642 641 627
f 642 627 628
f 643 629 521
f 643 521 533
f 630 534 522
f 630 644 534
f 643 630 629
f 643 644 630
f 647 537 536
f 647 536 646
f 633 526 538
f 633 538 648
f 649 538 539
f 649 648 538
f 653 638 652
f 653 639 638
f 641 541 531
f 641 654 541
f 655 542 541
f 655 541 654
f 654 641 642
f 654 642 655
f 643 533 543
f 643 543 656
f 543 542 655
f 543 655 656
f 644 544 534
f 644 657 544
f 656 644 643
f 656 657 644
f 658 545 544
f 658 544 657
f 660 646 536
f 660 536 547
f 659 645 646
f 659 646 660
f 647 548 537
f 647 661 548
f 661 547 548
f 661 660 547
f 660 647 646
f 660 661 647
f 662 649 539
f 662 539 549
f 550 662 549
f 550 663 662
f 662 650 649
f 662 663 650
f 665 651 664
f 665 652 651
f 666 652 665
f 666 653 652
f 658 551 545
f 658 667 551
f 670 555 554
f 670 554 669
f 663 550 557
f 663 557 671
f 672 665 664
f 672 673 665
f 673 666 665
f 673 674 666
f 667 558 551
f 667 675 558
f 676 559 558
f 676 558 675
f 678 669 554
f 678 554 561
f 678 677 668
f 678 668 669
f 670 562 555
f 670 679 562
f 678 670 669
f 678 679 670
f 563 562 679
f 563 679 680
f 671 557 564
f 671 564 681
f 564 563 680
f 564 680 681
f 682 559 676
f 682 565 559
f 683 566 565
f 683 565 682
f 682 676 677
f 682 677 683
f 684 678 561
f 684 561 567
f 684 567 566
f 684 566 683
f 684 683 677
f 684 677 678
f 685 680 679
f 685 686 680
f 690 569 570
f 690 689 569
f 692 571 572
f 692 691 571
f 573 692 572
f 573 693 692
f 575 694 574
f 575 695 694
f 696 575 576
f 696 695 575
f 700 687 699
f 700 688 687
f 689 578 569
f 689 701 578
f 578 700 577
f 578 701 700
f 701 688 700
f 701 689 688
f 690 570 579
f 690 579 702
f 701 689 690
f 701 690 702
f 703 571 691
f 703 580 571
f 580 702 579
f 580 703 702
f 705 693 573
f 705 573 582
f 583 705 582
f 583 706 705
f 694 584 574
f 694 707 584
f 707 583 584
f 707 706 583
f 585 584 707
f 585 707 708
f 708 707 694
f 708 694 695
f 696 576 586
f 696 586 709
f 708 695 696
f 708 696 709
f 712 587 588
f 712 711 587
f 713 588 589
f 713 712 588
f 713 697 712
f 713 698 697
f 714 589 590
f 714 713 589
f 714 698 713
f 714 699 698
f 715 577 700
f 715 591 577
f 591 714 590
f 591 715 714
f 715 699 714
f 715 700 699
f 716 703 704
f 716 704 717
f 707 584 592
f 707 592 718
f 719 585 708
f 719 593 585
f 720 709 586
f 720 586 594
f 720 594 593
f 720 593 719
f 719 708 709
f 719 709 720
f 722 587 711
f 722 596 587
f 722 710 721
f 722 711 710
f 718 592 602
f 718 602 725
f 726 602 603
f 726 725 602
f 730 596 722
f 730 606 596
f 730 721 729
f 730 722 721
f 731 607 606
f 731 606 730
f 732 723 724
f 732 724 733
f 734 733 724
f 734 724 725
f 735 726 603
f 735 603 614
f 736 614 615
f 736 735 614
f 737 728 727
f 737 738 728
f 739 728 738
f 739 729 728
f 740 729 739
f 740 730 729
f 741 607 731
f 741 617 607
f 740 731 730
f 740 741 731
f 622 621 744
f 622 744 745
f 746 745 732
f 746 732 733
f 736 615 625
f 736 625 747
f 626 747 625
f 626 748 747
f 749 739 738
f 749 750 739
f 750 740 739
f 750 751 740
f 752 617 741
f 752 629 617
f 752 628 629
f 752 751 628
f 752 740 751
f 752 741 740
f 753 742 743
f 753 743 754
f 744 621 634
f 744 634 756
f 634 633 755
f 634 755 756
f 745 635 622
f 745 757 635
f 758 636 635
f 758 635 757
f 759 637 636
f 759 636 758
f 760 638 637
f 760 637 759
f 748 626 640
f 748 640 762
f 640 639 761
f 640 761 762
f 751 642 628
f 751 763 642
f 766 646 645
f 766 645 765
f 755 633 648
f 755 648 767
f 649 767 648
f 649 768 767
f 767 756 755
f 767 768 756
f 650 768 649
f 650 769 768
f 768 757 756
f 768 769 757
f 770 757 769
f 770 758 757
f 771 758 770
f 771 759 758
f 772 638 760
f 772 652 638
f 772 651 652
f 772 771 651
f 772 759 771
f 772 760 759
f 761 639 653
f 761 653 773
f 774 642 763
f 774 655 642
f 656 655 774
f 656 774 775
f 774 763 764
f 774 764 775
f 776 657 656
f 776 656 775
f 658 657 776
f 658 776 777
f 765 645 659
f 765 659 778
f 779 646 766
f 779 660 646
f 779 659 660
f 779 778 659
f 782 769 650
f 782 650 663
f 782 781 768
f 782 768 769
f 783 651 771
f 783 664 651
f 785 773 653
f 785 653 666
f 786 658 777
f 786 667 658
f 788 669 668
f 788 668 787
f 790 789 780
f 790 780 781
f 782 663 671
f 782 671 791
f 790 781 782
f 790 782 791
f 792 664 783
f 792 672 664
f 673 672 792
f 673 792 793
f 792 783 784
f 792 784 793
f 794 785 666
f 794 666 674
f 674 673 793
f 674 793 794
f 794 793 784
f 794 784 785
f 795 667 786
f 795 675 667
f 796 676 675
f 796 675 795
f 797 787 668
f 797 668 677
f 797 677 676
f 797 676 796
f 788 678 669
f 788 798 678
f 799 679 678
f 799 678 798
f 801 791 671
f 801 671 681
f 801 681 680
f 801 680 800
f 801 800 790
f 801 790 791
f 799 685 679
f 799 803 685
f 802 799 798
f 802 803 799
f 800 680 686
f 800 686 804
f 804 686 685
f 804 685 803
f 809 687 688
f 809 808 687
f 810 688 689
f 810 809 688
f 813 691 692
f 813 812 691
f 814 692 693
f 814 813 692
f 816 806 805
f 816 817 806
f 818 697 698
f 818 817 697
f 819 687 808
f 819 699 687
f 699 818 698
f 699 819 818
f 819 807 818
f 819 808 807
f 820 819 808
f 820 808 809
f 821 810 689
f 821 689 701
f 821 820 809
f 821 809 810
f 822 701 702
f 822 821 701
f 822 810 821
f 822 811 810
f 812 703 691
f 812 823 703
f 703 822 702
f 703 823 822
f 822 812 811
f 822 823 812
f 704 703 823
f 704 823 824
f 823 812 813
f 823 813 824
f 814 693 705
f 814 705 825
f 824 813 814
f 824 814 825
f 826 705 706
f 826 825 705
f 827 706 707
f 827 826 706
f 830 710 711
f 830 829 710
f 830 815 829
f 830 816 815
f 831 697 817
f 831 712 697
f 831 711 712
f 831 830 711
f 831 816 830
f 831 817 816
f 823 703 716
f 823 716 832
f 824 717 704
f 824 833 717
f 717 832 716
f 717 833 832
f 827 707 718
f 827 718 836
f 835 826 827
f 835 827 836
f 838 710 829
f 838 721 710
f 838 828 837
f 838 829 828
f 841 833 834
f 841 834 842
f 843 724 723
f 843 723 842
f 836 718 725
f 836 725 844
f 844 725 724
f 844 724 843
f 843 835 836
f 843 836 844
f 845 725 726
f 845 844 725
f 848 727 728
f 848 847 727
f 849 721 838
f 849 729 721
f 849 728 729
f 849 848 728
f 850 839 840
f 850 840 851
f 852 842 723
f 852 723 732
f 852 843 842
f 852 853 843
f 844 734 725
f 844 854 734
f 734 853 733
f 734 854 853
f 854 843 853
f 854 844 843
f 845 726 735
f 845 735 855
f 854 844 845
f 854 845 855
f 856 735 736
f 856 855 735
f 858 727 847
f 858 737 727
f 858 846 857
f 858 847 846
f 859 738 737
f 859 737 858
f 862 743 742
f 862 742 861
f 862 861 850
f 862 850 851
f 865 852 732
f 865 732 745
f 865 745 744
f 865 744 864
f 866 733 853
f 866 746 733
f 746 865 745
f 746 866 865
f 866 852 865
f 866 853 852
f 856 736 747
f 856 747 867
f 868 747 748
f 868 867 747
f 870 857 869
f 870 858 857
f 859 749 738
f 859 871 749
f 870 859 858
f 870 871 859
f 872 750 749
f 872 749 871
f 873 751 750
f 873 750 872
f 875 861 742
f 875 742 753
f 875 874 860
f 875 860 861
f 876 743 862
f 876 754 743
f 876 753 754
f 876 875 753
f 876 861 875
f 876 862 861
f 878 864 744
f 878 744 756
f 877 863 864
f 877 864 878
f 879 745 865
f 879 757 745
f 879 756 757
f 879 878 756
f 879 864 878
f 879 865 864
f 881 868 748
f 881 748 762
f 762 761 880
f 762 880 881
f 873 763 751
f 873 882 763
f 764 763 882
f 764 882 883
f 885 766 765
f 885 765 884
f 769 768 886
f 769 886 887
f 770 769 887
f 770 887 888
f 889 771 770
f 889 770 888
f 880 761 773
f 880 773 891
f 892 880 891
f 892 881 880
f 883 775 764
f 883 894 775
f 893 883 882
f 893 894 883
f 776 775 894
f 776 894 895
f 777 776 895
f 777 895 896
f 884 765 778
f 884 778 897
f 885 779 766
f 885 898 779
f 898 778 779
f 898 897 778
f 897 885 884
f 897 898 885
f 886 768 781
f 886 781 900
f 781 780 899
f 781 899 900
f 901 886 900
f 901 887 886
f 889 783 771
f 889 902 783
f 784 783 902
f 784 902 903
f 904 891 773
f 904 773 785
f 904 785 784
f 904 784 903
f 904 903 890
f 904 890 891
f 896 786 777
f 896 905 786
f 908 788 787
f 908 787 907
f 899 780 789
f 899 789 909
f 910 789 790
f 910 909 789
f 910 899 909
f 910 900 899
f 911 786 905
f 911 795 786
f 796 795 911
f 796 911 912
f 911 905 906
f 911 906 912
f 907 787 797
f 907 797 913
f 797 796 912
f 797 912 913
f 912 906 907
f 912 907 913
f 908 798 788
f 908 914 798
f 913 908 907
f 913 914 908
f 916 910 790
f 916 790 800
f 917 798 914
f 917 802 798
f 918 803 802
f 918 802 917
f 917 914 915
f 917 915 918
f 919 916 800
f 919 800 804
f 919 804 803
f 919 803 918
f 919 918 915
f 919 915 916
f 806 922 805
f 806 923 922
f 924 920 923
f 924 921 920
f 925 807 808
f 925 924 807
f 811 927 810
f 811 928 927
f 929 811 812
f 929 928 811
f 931 805 922
f 931 816 805
f 816 930 815
f 816 931 930
f 932 923 806
f 932 806 817
f 932 931 922
f 932 922 923
f 933 807 924
f 933 818 807
f 933 817 818
f 933 932 817
f 933 923 932
f 933 924 923
f 934 925 808
f 934 808 819
f 820 934 819
f 820 935 934
f 927 821 810
f 927 936 821
f 821 935 820
f 821 936 935
f 936 926 935
f 936 927 926
f 938 929 812
f 938 812 823
f 825 939 824
f 825 940 939
f 941 825 826
f 941 940 825
f 943 815 930
f 943 829 815
f 943 828 829
f 943 942 828
f 944 936 937
f 944 937 945
f 938 823 832
f 938 832 946
f 939 833 824
f 939 947 833
f 947 832 833
f 947 946 832
f 834 833 947
f 834 947 948
f 948 947 939
f 948 939 940
f 941 826 835
f 941 835 949
f 949 948 940
f 949 940 941
f 942 837 828
f 942 950 837
f 951 838 837
f 951 837 950
f 840 839 952
f 840 952 953
f 947 833 841
f 947 841 955
f 956 834 948
f 956 842 834
f 842 955 841
f 842 956 955
f 955 948 947
f 955 956 948
f 957 949 835
f 957 835 843
f 956 948 949
f 956 949 957
f 958 843 844
f 958 957 843
f 962 846 847
f 962 961 846
f 848 962 847
f 848 963 962
f 951 849 838
f 951 964 849
f 964 848 849
f 964 963 848
f 963 951 950
f 963 964 951
f 952 839 850
f 952 850 965
f 953 851 840
f 953 966 851
f 966 952 965
f 966 953 952
f 967 966 953
f 967 953 954
f 958 844 854
f 958 854 968
f 855 968 854
f 855 969 968
f 856 969 855
f 856 970 969
f 971 959 970
f 971 960 959
f 972 846 961
f 972 857 846
f 973 972 961
f 973 961 962
f 975 974 963
f 975 963 964
f 977 965 850
f 977 850 861
f 977 861 860
f 977 860 976
f 978 851 966
f 978 862 851
f 978 861 862
f 978 977 861
f 980 864 863
f 980 863 979
f 981 970 856
f 981 856 867
f 868 981 867
f 868 982 981
f 981 971 970
f 981 982 971
f 983 857 972
f 983 869 857
f 870 869 983
f 870 983 984
f 984 983 972
f 984 972 973
f 871 870 984
f 871 984 985
f 984 973 974
f 984 974 985
f 986 872 871
f 986 871 985
f 985 974 975
f 985 975 986
f 987 873 872
f 987 872 986
f 976 860 874
f 976 874 988
f 977 875 861
f 977 989 875
f 875 988 874
f 875 989 988
f 989 976 988
f 989 977 976
f 990 989 977
f 990 977 978
f 979 863 877
f 979 877 991
f 992 864 980
f 992 878 864
f 992 877 878
f 992 991 877
f 991 980 979
f 991 992 980
f 993 982 868
f 993 868 881
f 994 986 985
f 994 995 986
f 987 882 873
f 987 996 882
f 995 987 986
f 995 996 987
f 888 887 997
f 888 997 998
f 999 889 888
f 999 888 998
f 1001 891 890
f 1001 890 1000
f 993 881 892
f 993 892 1002
f 892 891 1001
f 892 1001 1002
f 1004 994 1003
f 1004 995 994
f 996 893 882
f 996 1005 893
f 1006 894 893
f 1006 893 1005
f 895 894 1006
f 895 1006 1007
f 896 895 1007
f 896 1007 1008
f 997 887 901
f 997 901 1012
f 901 900 1011
f 901 1011 1012
f 999 902 889
f 999 1014 902
f 1013 999 998
f 1013 1014 999
f 1015 1000 890
f 1015 890 903
f 1015 903 902
f 1015 902 1014
f 1016 1000 1015
f 1016 1001 1000
f 1017 1001 1016
f 1017 1002 1001
f 1018 896 1008
f 1018 905 896
f 906 905 1018
f 906 1018 1019
f 1020 907 906
f 1020 906 1019
f 1019 1009 1010
f 1019 1010 1020
f 1011 900 910
f 1011 910 1021
f 1022 907 1020
f 1022 913 907
f 914 913 1022
f 914 1022 1023
f 915 914 1023
f 915 1023 1024
f 1025 1021 910
f 1025 910 916
f 1025 916 915
f 1025 915 1024
f 1026 1023 1022
f 1026 1027 1023
f 921 1028 920
f 921 1029 1028
f 1030 920 1028
f 1030 923 920
f 1031 1029 921
f 1031 921 924
f 1032 924 925
f 1032 1031 924
f 1034 926 927
f 1034 1033 926
f 928 1034 927
f 928 1035 1034
f 1036 928 929
f 1036 1035 928
f 1038 930 931
f 1038 1037 930
f 1039 923 1030
f 1039 932 923
f 1039 931 932
f 1039 1038 931
f 1032 925 934
f 1032 934 1040
f 1041 926 1033
f 1041 935 926
f 935 1040 934
f 935 1041 1040
f 1042 1041 1033
f 1042 1033 1034
f 937 936 1042
f 937 1042 1043
f 1044 1036 929
f 1044 929 938
f 1044 1043 1035
f 1044 1035 1036
f 1037 943 930
f 1037 1046 943
f 943 1045 942
f 943 1046 1045
f 1049 1042 936
f 1049 936 944
f 1050 937 1043
f 1050 945 937
f 945 1049 944
f 945 1050 1049
f 1049 1043 1042
f 1049 1050 1043
f 1044 938 946
f 1044 946 1051
f 1050 1043 1044
f 1050 1044 1051
f 1052 946 947
f 1052 1051 946
f 948 1052 947
f 948 1053 1052
f 1045 950 942
f 1045 1056 950
f 1057 1056 1045
f 1057 1045 1046
f 1060 1047 1048
f 1060 1048 1061
f 954 953 1062
f 954 1062 1063
f 1064 1051 1052
f 1064 1052 1065
f 1066 1053 948
f 1066 948 956
f 957 1066 956
f 957 1067 1066
f 1066 1054 1053
f 1066 1067 1054
f 1068 957 958
f 1068 1067 957
f 960 1069 959
f 960 1070 1069
f 1072 950 1056
f 1072 963 950
f 963 1071 962
f 963 1072 1071
f 1072 1055 1071
f 1072 1056 1055
f 964 963 1072
f 964 1072 1073
f 1074 1058 1059
f 1074 1059 1075
f 1062 953 966
f 1062 966 1078
f 1078 966 965
f 1078 965 1077
f 1063 967 954
f 1063 1079 967
f 967 1078 966
f 967 1079 1078
f 1079 1062 1078
f 1079 1063 1062
f 1068 958 968
f 1068 968 1081
f 1080 1067 1068
f 1080 1068 1081
f 1082 968 969
f 1082 1081 968
f 1083 959 1069
f 1083 970 959
f 1083 969 970
f 1083 1082 969
f 1084 1070 960
f 1084 960 971
f 1084 1083 1069
f 1084 1069 1070
f 1085 962 1071
f 1085 973 962
f 1072 963 974
f 1072 974 1086
f 974 973 1085
f 974 1085 1086
f 1073 975 964
f 1073 1087 975
f 1086 1073 1072
f 1086 1087 1073
f 1088 1075 1076
f 1088 1076 1089
f 1077 965 977
f 1077 977 1091
f 1078 978 966
f 1078 1092 978
f 1092 1077 1091
f 1092 1078 1077
f 1095 1082 1083
f 1095 1083 1096
f 1097 1084 971
f 1097 971 982
f 1097 1096 1083
f 1097 1083 1084
f 1099 975 1087
f 1099 986 975
f 1099 985 986
f 1099 1098 985
f 1099 1086 1098
f 1099 1087 1086
f 1102 1089 1090
f 1102 1090 1103
f 1104 1091 977
f 1104 977 989
f 1092 990 978
f 1092 1105 990
f 990 1104 989
f 990 1105 1104
f 1104 1092 1091
f 1104 1105 1092
f 1106 1093 1094
f 1106 1094 1107
f 1097 982 993
f 1097 993 1112
f 1111 1096 1097
f 1111 1097 1112
f 1098 994 985
f 1098 1114 994
f 996 995 1115
f 996 1115 1116
f 1117 1116 1100
f 1117 1100 1101
f 1118 1117 1101
f 1118 1101 1102
f 1119 1106 1107
f 1119 1107 1120
f 1120 1107 1108
f 1120 1108 1121
f 1122 998 997
f 1122 997 1121
f 1121 1108 1109
f 1121 1109 1122
f 1123 1122 1109
f 1123 1109 1110
f 1112 993 1002
f 1112 1002 1125
f 1126 1112 1125
f 1126 1113 1112
f 1127 994 1114
f 1127 1003 994
f 1115 995 1004
f 1115 1004 1128
f 1128 1004 1003
f 1128 1003 1127
f 1129 996 1116
f 1129 1005 996
f 1130 1006 1005
f 1130 1005 1129
f 1007 1006 1130
f 1007 1130 1131
f 1008 1007 1131
f 1008 1131 1132
f 1134 1010 1009
f 1134 1009 1133
f 1136 1135 1119
f 1136 1119 1120
f 1137 1121 997
f 1137 997 1012
f 1137 1012 1011
f 1137 1011 1136
f 1137 1136 1120
f 1137 1120 1121
f 1138 998 1122
f 1138 1013 998
f 1139 1014 1013
f 1139 1013 1138
f 1138 1122 1123
f 1138 1123 1139
f 1140 1015 1014
f 1140 1014 1139
f 1016 1015 1140
f 1016 1140 1141
f 1125 1002 1017
f 1125 1017 1142
f 1017 1016 1141
f 1017 1141 1142
f 1142 1141 1124
f 1142 1124 1125
f 1143 1008 1132
f 1143 1018 1008
f 1144 1133 1009
f 1144 1009 1019
f 1019 1018 1143
f 1019 1143 1144
f 1143 1132 1133
f 1143 1133 1144
f 1145 1010 1134
f 1145 1020 1010
f 1144 1134 1133
f 1144 1145 1134
f 1148 1136 1011
f 1148 1011 1021
f 1148 1147 1135
f 1148 1135 1136
f 1149 1142 1141
f 1149 1150 1142
f 1151 1020 1145
f 1151 1022 1020
f 1024 1023 1152
f 1024 1152 1153
f 1153 1152 1146
f 1153 1146 1147
f 1154 1148 1021
f 1154 1021 1025
f 1154 1025 1024
f 1154 1024 1153
f 1153 1147 1148
f 1153 1148 1154
f 1155 1022 1151
f 1155 1026 1022
f 1156 1152 1023
f 1156 1023 1027
f 1027 1026 1155
f 1027 1155 1156
f 1156 1155 1151
f 1156 1151 1152
f 1029 1157 1028
f 1029 1158 1157
f 1157 1030 1028
f 1157 1159 1030
f 1158 1029 1031
f 1158 1031 1160
f 1159 1157 1158
f 1159 1158 1160
f 1161 1031 1032
f 1161 1160 1031
f 1035 1162 1034
f 1035 1163 1162
f 1165 1037 1038
f 1165 1164 1037
f 1166 1030 1159
f 1166 1039 1030
f 1039 1165 1038
f 1039 1166 1165
f 1161 1032 1040
f 1161 1040 1168
f 1167 1160 1161
f 1167 1161 1168
f 1169 1040 1041
f 1169 1168 1040
f 1162 1042 1034
f 1162 1170 1042
f 1170 1041 1042
f 1170 1169 1041
f 1163 1035 1043
f 1163 1043 1171
f 1171 1170 1162
f 1171 1162 1163
f 1173 1037 1164
f 1173 1046 1037
f 1175 1048 1047
f 1175 1047 1174
f 1174 1168 1169
f 1174 1169 1175
f 1176 1171 1043
f 1176 1043 1050
f 1051 1176 1050
f 1051 1177 1176
f 1053 1178 1052
f 1053 1179 1178
f 1054 1179 1053
f 1054 1180 1179
f 1182 1055 1056
f 1182 1181 1055
f 1183 1046 1173
f 1183 1057 1046
f 1057 1182 1056
f 1057 1183 1182
f 1183 1172 1182
f 1183 1173 1172
f 1059 1058 1184
f 1059 1184 1185
f 1186 1174 1047
f 1186 1047 1060
f 1187 1048 1175
f 1187 1061 1048
f 1061 1186 1060
f 1061 1187 1186
f 1186 1175 1174
f 1186 1187 1175
f 1177 1051 1064
f 1177 1064 1188
f 1178 1065 1052
f 1178 1189 1065
f 1065 1188 1064
f 1065 1189 1188
f 1190 1189 1178
f 1190 1178 1179
f 1191 1180 1054
f 1191 1054 1067
f 1190 1179 1180
f 1190 1180 1191
f 1192 1055 1181
f 1192 1071 1055
f 1184 1058 1074
f 1184 1074 1194
f 1185 1075 1059
f 1185 1195 1075
f 1075 1194 1074
f 1075 1195 1194
f 1194 1185 1184
f 1194 1195 1185
f 1196 1076 1075
f 1196 1075 1195
f 1199 1189 1190
f 1199 1190 1200
f 1191 1067 1080
f 1191 1080 1201
f 1200 1190 1191
f 1200 1191 1201
f 1202 1080 1081
f 1202 1201 1080
f 1203 1081 1082
f 1203 1202 1081
f 1192 1085 1071
f 1192 1204 1085
f 1205 1086 1085
f 1205 1085 1204
f 1204 1192 1193
f 1204 1193 1205
f 1207 1195 1075
f 1207 1075 1088
f 1207 1206 1194
f 1207 1194 1195
f 1196 1089 1076
f 1196 1208 1089
f 1208 1088 1089
f 1208 1207 1088
f 1207 1196 1195
f 1207 1208 1196
f 1090 1089 1208
f 1090 1208 1209
f 1210 1209 1197
f 1210 1197 1198
f 1094 1093 1211
f 1094 1211 1212
f 1213 1212 1199
f 1213 1199 1200
f 1214 1213 1200
f 1214 1200 1201
f 1215 1214 1201
f 1215 1201 1202
f 1203 1082 1095
f 1203 1095 1216
f 1217 1095 1096
f 1217 1216 1095
f 1219 1086 1205
f 1219 1098 1086
f 1218 1205 1204
f 1218 1219 1205
f 1222 1101 1100
f 1222 1100 1221
f 1208 1089 1102
f 1208 1102 1223
f 1102 1101 1222
f 1102 1222 1223
f 1224 1090 1209
f 1224 1103 1090
f 1224 1102 1103
f 1224 1223 1102
f 1224 1208 1223
f 1224 1209 1208
f 1225 1211 1093
f 1225 1093 1106
f 1226 1094 1212
f 1226 1107 1094
f 1108 1107 1226
f 1108 1226 1227
f 1226 1212 1213
f 1226 1213 1227
f 1109 1108 1227
f 1109 1227 1228
f 1227 1213 1214
f 1227 1214 1228
f 1229 1110 1109
f 1229 1109 1228
f 1217 1096 1111
f 1217 1111 1230
f 1231 1111 1112
f 1231 1230 1111
f 1113 1231 1112
f 1113 1232 1231
f 1219 1114 1098
f 1219 1233 1114
f 1235 1221 1100
f 1235 1100 1116
f 1235 1116 1115
f 1235 1115 1234
f 1234 1220 1221
f 1234 1221 1235
f 1117 1235 1116
f 1117 1236 1235
f 1236 1221 1235
f 1236 1222 1221
f 1223 1118 1102
f 1223 1237 1118
f 1118 1236 1117
f 1118 1237 1236
f 1240 1225 1106
f 1240 1106 1119
f 1242 1110 1229
f 1242 1123 1110
f 1241 1229 1228
f 1241 1242 1229
f 1244 1125 1124
f 1244 1124 1243
f 1232 1113 1126
f 1232 1126 1245
f 1126 1125 1244
f 1126 1244 1245
f 1233 1127 1114
f 1233 1246 1127
f 1247 1234 1115
f 1247 1115 1128
f 1247 1128 1127
f 1247 1127 1246
f 1248 1116 1235
f 1248 1129 1116
f 1130 1129 1248
f 1130 1248 1249
f 1248 1235 1236
f 1248 1236 1249
f 1131 1130 1249
f 1131 1249 1250
f 1249 1236 1237
f 1249 1237 1250
f 1251 1132 1131
f 1251 1131 1250
f 1252 1133 1132
f 1252 1132 1251
f 1254 1253 1238
f 1254 1238 1239
f 1240 1119 1135
f 1240 1135 1255
f 1255 1254 1239
f 1255 1239 1240
f 1242 1139 1123
f 1242 1257 1139
f 1256 1242 1241
f 1256 1257 1242
f 1140 1139 1257
f 1140 1257 1258
f 1243 1124 1141
f 1243 1141 1259
f 1259 1141 1140
f 1259 1140 1258
f 1142 1259 1141
f 1142 1260 1259
f 1260 1243 1259
f 1260 1244 1243
f 1261 1244 1260
f 1261 1245 1244
f 1262 1133 1252
f 1262 1144 1133
f 1145 1144 1262
f 1145 1262 1263
f 1262 1252 1253
f 1262 1253 1263
f 1265 1255 1135
f 1265 1135 1147
f 1265 1147 1146
f 1265 1146 1264
f 1266 1258 1257
f 1266 1267 1258
f 1259 1149 1141
f 1259 1268 1149
f 1268 1258 1267
f 1268 1259 1258
f 1260 1142 1150
f 1260 1150 1269
f 1269 1150 1149
f 1269 1149 1268
f 1270 1145 1263
f 1270 1151 1145
f 1271 1264 1146
f 1271 1146 1152
f 1271 1152 1151
f 1271 1151 1270
f 1270 1263 1264
f 1270 1264 1271
f 1276 1159 1160
f 1276 1275 1159
f 1276 1272 1275
f 1276 1273 1272
f 1165 1277 1164
f 1165 1278 1277
f 1275 1166 1159
f 1275 1279 1166
f 1166 1278 1165
f 1166 1279 1278
f 1279 1274 1278
f 1279 1275 1274
f 1276 1160 1167
f 1276 1167 1280
f 1281 1167 1168
f 1281 1280 1167
f 1170 1282 1169
f 1170 1283 1282
f 1284 1170 1171
f 1284 1283 1170
f 1277 1173 1164
f 1277 1286 1173
f 1286 1172 1173
f 1286 1285 1172
f 1287 1286 1277
f 1287 1277 1278
f 1288 1287 1278
f 1288 1278 1279
f 1289 1281 1168
f 1289 1168 1174
f 1290 1169 1282
f 1290 1175 1169
f 1290 1174 1175
f 1290 1289 1174
f 1289 1282 1281
f 1289 1290 1282
f 1284 1171 1176
f 1284 1176 1291
f 1292 1176 1177
f 1292 1291 1176
f 1294 1172 1285
f 1294 1182 1172
f 1182 1293 1181
f 1182 1294 1293
f 1292 1177 1188
f 1292 1188 1296
f 1295 1291 1292
f 1295 1292 1296
f 1297 1188 1189
f 1297 1296 1188
f 1298 1181 1293
f 1298 1192 1181
f 1193 1192 1298
f 1193 1298 1299
f 1298 1293 1294
f 1298 1294 1299
f 1302 1195 1194
f 1302 1194 1301
f 1198 1197 1303
f 1198 1303 1304
f 1297 1189 1199
f 1297 1199 1307
f 1306 1296 1297
f 1306 1297 1307
f 1203 1308 1202
f 1203 1309 1308
f 1311 1193 1299
f 1311 1205 1193
f 1205 1310 1204
f 1205 1311 1310
f 1311 1299 1300
f 1311 1300 1312
f 1301 1194 1206
f 1301 1206 1313
f 1302 1207 1195
f 1302 1314 1207
f 1314 1206 1207
f 1314 1313 1206
f 1314 1301 1313
f 1314 1302 1301
f 1316 1303 1197
f 1316 1197 1209
f 1304 1210 1198
f 1304 1317 1210
f 1210 1316 1209
f 1210 1317 1316
f 1316 1304 1303
f 1316 1317 1304
f 1317 1304 1305
f 1317 1305 1318
f 1320 1307 1199
f 1320 1199 1212
f 1320 1212 1211
f 1320 1211 1319
f 1320 1319 1306
f 1320 1306 1307
f 1308 1215 1202
f 1308 1322 1215
f 1215 1321 1214
f 1215 1322 1321
f 1309 1203 1216
f 1309 1216 1323
f 1323 1322 1308
f 1323 1308 1309
f 1324 1216 1217
f 1324 1323 1216
f 1310 1218 1204
f 1310 1325 1218
f 1219 1218 1325
f 1219 1325 1326
f 1325 1310 1311
f 1325 1311 1326
f 1326 1311 1312
f 1326 1312 1327
f 1328 1221 1220
f 1328 1220 1327
f 1328 1327 1312
f 1328 1312 1313
f 1330 1223 1222
f 1330 1222 1329
f 1329 1314 1315
f 1329 1315 1330
f 1331 1319 1211
f 1331 1211 1225
f 1321 1228 1214
f 1321 1332 1228
f 1333 1332 1321
f 1333 1321 1322
f 1324 1217 1230
f 1324 1230 1334
f 1231 1334 1230
f 1231 1335 1334
f 1336 1231 1232
f 1336 1335 1231
f 1326 1233 1219
f 1326 1337 1233
f 1338 1327 1220
f 1338 1220 1234
f 1337 1326 1327
f 1337 1327 1338
f 1339 1221 1328
f 1339 1235 1221
f 1340 1329 1222
f 1340 1222 1236
f 1236 1235 1339
f 1236 1339 1340
f 1330 1237 1223
f 1330 1341 1237
f 1340 1330 1329
f 1340 1341 1330
f 1344 1239 1238
f 1344 1238 1343
f 1345 1331 1225
f 1345 1225 1240
f 1345 1240 1239
f 1345 1239 1344
f 1332 1241 1228
f 1332 1346 1241
f 1349 1336 1232
f 1349 1232 1245
f 1348 1335 1336
f 1348 1336 1349
f 1337 1246 1233
f 1337 1350 1246
f 1338 1234 1247
f 1338 1247 1351
f 1247 1246 1350
f 1247 1350 1351
f 1351 1350 1337
f 1351 1337 1338
f 1352 1237 1341
f 1352 1250 1237
f 1251 1250 1352
f 1251 1352 1353
f 1354 1252 1251
f 1354 1251 1353
f 1355 1343 1238
f 1355 1238 1253
f 1355 1253 1252
f 1355 1252 1354
f 1355 1354 1342
f 1355 1342 1343
f 1356 1253 1254
f 1356 1355 1253
f 1255 1356 1254
f 1255 1357 1356
f 1358 1241 1346
f 1358 1256 1241
f 1257 1256 1358
f 1257 1358 1359
f 1358 1346 1347
f 1358 1347 1359
f 1349 1245 1261
f 1349 1261 1362
f 1261 1260 1361
f 1261 1361 1362
f 1362 1361 1348
f 1362 1348 1349
f 1363 1253 1355
f 1363 1263 1253
f 1264 1263 1363
f 1264 1363 1364
f 1363 1355 1356
f 1363 1356 1364
f 1357 1255 1265
f 1357 1265 1365
f 1265 1264 1364
f 1265 1364 1365
f 1364 1356 1357
f 1364 1357 1365
f 1359 1266 1257
f 1359 1366 1266
f 1267 1266 1366
f 1267 1366 1367
f 1366 1359 1360
f 1366 1360 1367
f 1368 1268 1267
f 1368 1267 1367
f 1361 1260 1269
f 1361 1269 1369
f 1269 1268 1368
f 1269 1368 1369
f 1370 1368 1367
f 1370 1371 1368
f 1372 1368 1371
f 1372 1369 1368
f 1273 1373 1272
f 1273 1374 1373
f 1377 1272 1373
f 1377 1275 1272
f 1377 1274 1275
f 1377 1376 1274
f 1378 1374 1273
f 1378 1273 1276
f 1378 1375 1374
f 1378 1379 1375
f 1383 1274 1376
f 1383 1278 1274
f 1384 1279 1278
f 1384 1278 1383
f 1378 1276 1280
f 1378 1280 1385
f 1386 1280 1281
f 1386 1385 1280
f 1387 1281 1282
f 1387 1386 1281
f 1386 1380 1379
f 1386 1387 1380
f 1283 1387 1282
f 1283 1388 1387
f 1387 1381 1380
f 1387 1388 1381
f 1389 1283 1284
f 1389 1388 1283
f 1286 1390 1285
f 1286 1391 1390
f 1287 1391 1286
f 1287 1392 1391
f 1392 1382 1391
f 1392 1383 1382
f 1384 1288 1279
f 1384 1393 1288
f 1393 1287 1288
f 1393 1392 1287
f 1393 1383 1392
f 1393 1384 1383
f 1389 1284 1291
f 1389 1291 1395
f 1394 1388 1389
f 1394 1389 1395
f 1396 1285 1390
f 1396 1294 1285
f 1397 1396 1390
f 1397 1390 1391
f 1398 1397 1391
f 1398 1391 1392
f 1395 1291 1295
f 1395 1295 1401
f 1402 1295 1296
f 1402 1401 1295
f 1403 1294 1396
f 1403 1299 1294
f 1300 1299 1403
f 1300 1403 1404
f 1404 1403 1396
f 1404 1396 1397
f 1405 1404 1397
f 1405 1397 1398
f 1405 1398 1399
f 1405 1399 1406
f 1407 1406 1399
f 1407 1399 1400
f 1305 1304 1408
f 1305 1408 1409
f 1402 1296 1306
f 1402 1306 1410
f 1411 1300 1404
f 1411 1312 1300
f 1313 1312 1411
f 1313 1411 1412
f 1315 1314 1413
f 1315 1413 1414
f 1408 1304 1317
f 1408 1317 1415
f 1409 1318 1305
f 1409 1416 1318
f 1318 1415 1317
f 1318 1416 1415
f 1415 1409 1408
f 1415 1416 1409
f 1418 1410 1306
f 1418 1306 1319
f 1421 1322 1323
f 1421 1420 1322
f 1324 1421 1323
f 1324 1422 1421
f 1412 1328 1313
f 1412 1424 1328
f 1423 1412 1411
f 1423 1424 1412
f 1413 1314 1329
f 1413 1329 1425
f 1424 1412 1413
f 1424 1413 1425
f 1426 1315 1414
f 1426 1330 1315
f 1426 1329 1330
f 1426 1425 1329
f 1426 1413 1425
f 1426 1414 1413
f 1427 1415 1416
f 1427 1416 1428
f 1428 1416 1417
f 1428 1417 1429
f 1418 1319 1331
f 1418 1331 1430
f 1420 1333 1322
f 1420 1433 1333
f 1433 1332 1333
f 1433 1432 1332
f 1433 1419 1432
f 1433 1420 1419
f 1422 1324 1334
f 1422 1334 1434
f 1335 1434 1334
f 1335 1435 1434
f 1436 1328 1424
f 1436 1339 1328
f 1340 1339 1436
f 1340 1436 1437
f 1436 1424 1425
f 1436 1425 1437
f 1341 1340 1437
f 1341 1437 1438
f 1441 1343 1342
f 1441 1342 1440
f 1441 1440 1427
f 1441 1427 1428
f 1442 1344 1343
f 1442 1343 1441
f 1442 1441 1428
f 1442 1428 1429
f 1443 1430 1331
f 1443 1331 1345
f 1443 1345 1344
f 1443 1344 1442
f 1443 1442 1429
f 1443 1429 1430
f 1445 1332 1432
f 1445 1346 1332
f 1444 1432 1431
f 1444 1445 1432
f 1446 1347 1346
f 1446 1346 1445
f 1435 1335 1348
f 1435 1348 1447
f 1448 1341 1438
f 1448 1352 1341
f 1353 1352 1448
f 1353 1448 1449
f 1448 1438 1439
f 1448 1439 1449
f 1450 1440 1342
f 1450 1342 1354
f 1450 1354 1353
f 1450 1353 1449
f 1450 1449 1439
f 1450 1439 1440
f 1451 1347 1446
f 1451 1359 1347
f 1360 1359 1451
f 1360 1451 1452
f 1454 1447 1348
f 1454 1348 1361
f 1452 1367 1360
f 1452 1456 1367
f 1455 1452 1451
f 1455 1456 1452
f 1456 1452 1453
f 1456 1453 1457
f 1454 1361 1369
f 1454 1369 1458
f 1456 1370 1367
f 1456 1460 1370
f 1460 1455 1459
f 1460 1456 1455
f 1461 1371 1370
f 1461 1370 1460
f 1458 1369 1372
f 1458 1372 1462
f 1462 1372 1371
f 1462 1371 1461
f 1464 1373 1374
f 1464 1463 1373
f 1375 1464 1374
f 1375 1465 1464
f 1463 1377 1373
f 1463 1468 1377
f 1468 1376 1377
f 1468 1467 1376
f 1469 1468 1463
f 1469 1463 1464
f 1465 1375 1379
f 1465 1379 1470
f 1470 1379 1378
f 1470 1378 1469
f 1469 1464 1465
f 1469 1465 1470
f 1471 1379 1380
f 1471 1470 1379
f 1472 1380 1381
f 1472 1471 1380
f 1467 1383 1376
f 1467 1475 1383
f 1475 1382 1383
f 1475 1474 1382
f 1475 1466 1474
f 1475 1467 1466
f 1469 1378 1385
f 1469 1385 1477
f 1476 1468 1469
f 1476 1469 1477
f 1470 1386 1379
f 1470 1478 1386
f 1478 1385 1386
f 1478 1477 1385
f 1478 1470 1471
f 1478 1471 1479
f 1480 1472 1381
f 1480 1381 1388
f 1480 1479 1471
f 1480 1471 1472
f 1482 1382 1474
f 1482 1391 1382
f 1482 1473 1481
f 1482 1474 1473
f 1483 1392 1391
f 1483 1391 1482
f 1482 1474 1475
f 1482 1475 1483
f 1480 1388 1394
f 1480 1394 1486
f 1485 1479 1480
f 1485 1480 1486
f 1487 1394 1395
f 1487 1486 1394
f 1489 1481 1488
f 1489 1482 1481
f 1483 1398 1392
f 1483 1490 1398
f 1489 1483 1482
f 1489 1490 1483
f 1491 1399 1398
f 1491 1398 1490
f 1492 1400 1399
f 1492 1399 1491
f 1493 1484 1485
f 1493 1485 1494
f 1494 1485 1486
f 1494 1486 1495
f 1487 1395 1401
f 1487 1401 1496
f 1495 1486 1487
f 1495 1487 1496
f 1497 1401 1402
f 1497 1496 1401
f 1405 1498 1404
f 1405 1499 1498
f 1500 1405 1406
f 1500 1499 1405
f 1499 1491 1490
f 1499 1500 1491
f 1492 1407 1400
f 1492 1501 1407
f 1501 1406 1407
f 1501 1500 1406
f 1501 1491 1500
f 1501 1492 1491
f 1502 1494 1495
f 1502 1495 1503
f 1497 1402 1410
f 1497 1410 1505
f 1504 1496 1497
f 1504 1497 1505
f 1506 1404 1498
f 1506 1411 1404
f 1413 1412 1507
f 1413 1507 1508
f 1510 1416 1415
f 1510 1415 1509
f 1510 1509 1502
f 1510 1502 1503
f 1417 1416 1510
f 1417 1510 1511
f 1510 1503 1504
f 1510 1504 1511
f 1512 1505 1410
f 1512 1410 1418
f 1511 1504 1505
f 1511 1505 1512
f 1514 1419 1420
f 1514 1513 1419
f 1515 1420 1421
f 1515 1514 1420
f 1516 1421 1422
f 1516 1515 1421
f 1506 1423 1411
f 1506 1517 1423
f 1507 1412 1424
f 1507 1424 1518
f 1518 1424 1423
f 1518 1423 1517
f 1508 1425 1413
f 1508 1519 1425
f 1518 1508 1507
f 1518 1519 1508
f 1509 1415 1427
f 1509 1427 1521
f 1523 1417 1511
f 1523 1429 1417
f 1524 1512 1418
f 1524 1418 1430
f 1524 1430 1429
f 1524 1429 1523
f 1523 1511 1512
f 1523 1512 1524
f 1526 1419 1513
f 1526 1432 1419
f 1526 1431 1432
f 1526 1525 1431
f 1516 1422 1434
f 1516 1434 1527
f 1435 1527 1434
f 1435 1528 1527
f 1529 1425 1519
f 1529 1437 1425
f 1438 1437 1529
f 1438 1529 1530
f 1529 1519 1520
f 1529 1520 1530
f 1439 1438 1530
f 1439 1530 1531
f 1532 1521 1427
f 1532 1427 1440
f 1532 1440 1439
f 1532 1439 1531
f 1533 1521 1532
f 1533 1522 1521
f 1525 1444 1431
f 1525 1534 1444
f 1535 1445 1444
f 1535 1444 1534
f 1534 1525 1526
f 1534 1526 1535
f 1536 1446 1445
f 1536 1445 1535
f 1528 1435 1447
f 1528 1447 1537
f 1538 1446 1536
f 1538 1451 1446
f 1453 1452 1539
f 1453 1539 1540
f 1541 1537 1447
f 1541 1447 1454
f 1538 1455 1451
f 1538 1542 1455
f 1539 1452 1456
f 1539 1456 1543
f 1544 1453 1540
f 1544 1457 1453
f 1457 1543 1456
f 1457 1544 1543
f 1545 1541 1454
f 1545 1454 1458
f 1545 1544 1540
f 1545 1540 1541
f 1542 1459 1455
f 1542 1546 1459
f 1547 1460 1459
f 1547 1459 1546
f 1548 1461 1460
f 1548 1460 1547
f 1548 1547 1543
f 1548 1543 1544
f 1549 1545 1458
f 1549 1458 1462
f 1549 1462 1461
f 1549 1461 1548
f 1548 1544 1545
f 1548 1545 1549
f 1551 1466 1467
f 1551 1550 1466
f 1468 1551 1467
f 1468 1552 1551
f 1555 1466 1550
f 1555 1474 1466
f 1555 1473 1474
f 1555 1554 1473
f 1475 1474 1555
f 1475 1555 1556
f 1556 1555 1550
f 1556 1550 1551
f 1552 1468 1476
f 1552 1476 1557
f 1557 1556 1551
f 1557 1551 1552
f 1558 1476 1477
f 1558 1557 1476
f 1557 1553 1552
f 1557 1558 1553
f 1478 1558 1477
f 1478 1559 1558
f 1560 1478 1479
f 1560 1559 1478
f 1561 1473 1554
f 1561 1481 1473
f 1562 1555 1474
f 1562 1474 1482
f 1563 1475 1556
f 1563 1483 1475
f 1483 1562 1482
f 1483 1563 1562
f 1563 1555 1562
f 1563 1556 1555
f 1560 1479 1485
f 1560 1485 1567
f 1567 1485 1484
f 1567 1484 1566
f 1566 1559 1560
f 1566 1560 1567
f 1561 1488 1481
f 1561 1568 1488
f 1569 1489 1488
f 1569 1488 1568
f 1570 1490 1489
f 1570 1489 1569
f 1571 1564 1565
f 1571 1565 1572
f 1573 1566 1484
f 1573 1484 1493
f 1574 1493 1494
f 1574 1573 1493
f 1573 1567 1566
f 1573 1574 1567
f 1576 1495 1496
f 1576 1575 1495
f 1570 1499 1490
f 1570 1578 1499
f 1578 1498 1499
f 1578 1577 1498
f 1577 1570 1569
f 1577 1578 1570
f 1580 1574 1494
f 1580 1494 1502
f 1581 1495 1575
f 1581 1503 1495
f 1576 1496 1504
f 1576 1504 1582
f 1504 1503 1581
f 1504 1581 1582
f 1581 1575 1576
f 1581 1576 1582
f 1583 1498 1577
f 1583 1506 1498
f 1585 1580 1502
f 1585 1502 1509
f 1585 1584 1579
f 1585 1579 1580
f 1514 1586 1513
f 1514 1587 1586
f 1588 1514 1515
f 1588 1587 1514
f 1589 1515 1516
f 1589 1588 1515
f 1590 1506 1583
f 1590 1517 1506
f 1591 1518 1517
f 1591 1517 1590
f 1519 1518 1591
f 1519 1591 1592
f 1520 1519 1592
f 1520 1592 1593
f 1595 1585 1509
f 1595 1509 1521
f 1594 1584 1585
f 1594 1585 1595
f 1596 1521 1522
f 1596 1595 1521
f 1598 1513 1586
f 1598 1526 1513
f 1589 1516 1527
f 1589 1527 1599
f 1600 1527 1528
f 1600 1599 1527
f 1602 1520 1593
f 1602 1530 1520
f 1601 1593 1592
f 1601 1602 1593
f 1603 1531 1530
f 1603 1530 1602
f 1604 1532 1531
f 1604 1531 1603
f 1604 1603 1594
f 1604 1594 1595
f 1596 1522 1533
f 1596 1533 1605
f 1533 1532 1604
f 1533 1604 1605
f 1604 1595 1596
f 1604 1596 1605
f 1598 1535 1526
f 1598 1607 1535
f 1607 1597 1606
f 1607 1598 1597
f 1608 1536 1535
f 1608 1535 1607
f 1600 1528 1537
f 1600 1537 1610
f 1609 1599 1600
f 1609 1600 1610
f 1608 1538 1536
f 1608 1612 1538
f 1611 1608 1607
f 1611 1612 1608
f 1614 1540 1539
f 1614 1539 1613
f 1615 1610 1537
f 1615 1537 1541
f 1541 1540 1614
f 1541 1614 1615
f 1616 1538 1612
f 1616 1542 1538
f 1617 1613 1539
f 1617 1539 1543
f 1618 1542 1616
f 1618 1546 1542
f 1619 1617 1543
f 1619 1543 1547
f 1619 1547 1546
f 1619 1546 1618
f 1618 1616 1617
f 1618 1617 1619
f 1553 1620 1552
f 1553 1621 1620
f 1623 1554 1555
f 1623 1622 1554
f 1556 1623 1555
f 1556 1624 1623
f 1620 1557 1552
f 1620 1625 1557
f 1557 1624 1556
f 1557 1625 1624
f 1621 1553 1558
f 1621 1558 1626
f 1626 1625 1620
f 1626 1620 1621
f 1627 1558 1559
f 1627 1626 1558
f 1622 1561 1554
f 1622 1628 1561
f 1629 1628 1622
f 1629 1622 1623
f 1629 1623 1624
f 1629 1624 1630
f 1631 1630 1624
f 1631 1624 1625
f 1632 1565 1564
f 1632 1564 1631
f 1632 1631 1625
f 1632 1625 1626
f 1633 1627 1559
f 1633 1559 1566
f 1632 1626 1627
f 1632 1627 1633
f 1634 1566 1567
f 1634 1633 1566
f 1635 1561 1628
f 1635 1568 1561
f 1569 1568 1635
f 1569 1635 1636
f 1635 1628 1629
f 1635 1629 1636
f 1636 1629 1630
f 1636 1630 1637
f 1631 1564 1571
f 1631 1571 1638
f 1637 1630 1631
f 1637 1631 1638
f 1632 1572 1565
f 1632 1639 1572
f 1639 1571 1572
f 1639 1638 1571
f 1639 1632 1633
f 1639 1633 1640
f 1634 1567 1574
f 1634 1574 1641
f 1640 1633 1634
f 1640 1634 1641
f 1642 1569 1636
f 1642 1577 1569
f 1642 1636 1637
f 1642 1637 1643
f 1644 1643 1637
f 1644 1637 1638
f 1647 1641 1574
f 1647 1574 1580
f 1647 1580 1579
f 1647 1579 1646
f 1647 1646 1640
f 1647 1640 1641
f 1650 1577 1642
f 1650 1583 1577
f 1651 1650 1642
f 1651 1642 1643
f 1652 1651 1643
f 1652 1643 1644
f 1654 1646 1579
f 1654 1579 1584
f 1654 1653 1645
f 1654 1645 1646
f 1587 1655 1586
f 1587 1656 1655
f 1655 1649 1648
f 1655 1656 1649
f 1588 1656 1587
f 1588 1657 1656
f 1658 1588 1589
f 1658 1657 1588
f 1659 1583 1650
f 1659 1590 1583
f 1591 1590 1659
f 1591 1659 1660
f 1659 1650 1651
f 1659 1651 1660
f 1661 1592 1591
f 1661 1591 1660
f 1660 1651 1652
f 1660 1652 1661
f 1654 1584 1594
f 1654 1594 1663
f 1662 1653 1654
f 1662 1654 1663
f 1665 1586 1655
f 1665 1598 1586
f 1665 1597 1598
f 1665 1664 1597
f 1666 1658 1589
f 1666 1589 1599
f 1661 1601 1592
f 1661 1667 1601
f 1668 1602 1601
f 1668 1601 1667
f 1663 1594 1603
f 1663 1603 1669
f 1669 1603 1602
f 1669 1602 1668
f 1664 1606 1597
f 1664 1671 1606
f 1672 1607 1606
f 1672 1606 1671
f 1666 1599 1609
f 1666 1609 1673
f 1674 1609 1610
f 1674 1673 1609
f 1675 1668 1667
f 1675 1676 1668
f 1677 1668 1676
f 1677 1669 1668
f 1679 1670 1678
f 1679 1671 1670
f 1672 1611 1607
f 1672 1680 1611
f 1679 1672 1671
f 1679 1680 1672
f 1681 1612 1611
f 1681 1611 1680
f 1683 1614 1613
f 1683 1613 1682
f 1674 1610 1615
f 1674 1615 1684
f 1684 1615 1614
f 1684 1614 1683
f 1684 1683 1673
f 1684 1673 1674
f 1685 1612 1681
f 1685 1616 1612
f 1686 1682 1613
f 1686 1613 1617
f 1686 1617 1616
f 1686 1616 1685
f 1685 1681 1682
f 1685 1682 1686
f 1639 1687 1638
f 1639 1688 1687
f 1689 1639 1640
f 1689 1688 1639
f 1687 1644 1638
f 1687 1690 1644
f 1691 1690 1687
f 1691 1687 1688
f 1692 1689 1640
f 1692 1640 1646
f 1692 1646 1645
f 1692 1645 1691
f 1692 1691 1688
f 1692 1688 1689
f 1649 1693 1648
f 1649 1694 1693
f 1690 1652 1644
f 1690 1695 1652
f 1696 1691 1645
f 1696 1645 1653
f 1696 1695 1690
f 1696 1690 1691
f 1699 1648 1693
f 1699 1655 1648
f 1700 1694 1649
f 1700 1649 1656
f 1657 1700 1656
f 1657 1701 1700
f 1658 1701 1657
f 1658 1702 1701
f 1704 1652 1695
f 1704 1661 1652
f 1696 1653 1662
f 1696 1662 1705
f 1704 1695 1696
f 1704 1696 1705
f 1706 1662 1663
f 1706 1705 1662
f 1707 1698 1697
f 1707 1708 1698
f 1709 1655 1699
f 1709 1665 1655
f 1709 1664 1665
f 1709 1708 1664
f 1709 1698 1708
f 1709 1699 1698
f 1711 1702 1658
f 1711 1658 1666
f 1712 1702 1711
f 1712 1703 1702
f 1704 1667 1661
f 1704 1713 1667
f 1713 1704 1705
f 1713 1705 1714
f 1706 1663 1669
f 1706 1669 1715
f 1714 1705 1706
f 1714 1706 1715
f 1717 1664 1708
f 1717 1671 1664
f 1717 1670 1671
f 1717 1716 1670
f 1720 1711 1666
f 1720 1666 1673
f 1720 1719 1710
f 1720 1710 1711
f 1713 1675 1667
f 1713 1721 1675
f 1676 1675 1721
f 1676 1721 1722
f 1721 1713 1714
f 1721 1714 1722
f 1715 1669 1677
f 1715 1677 1723
f 1723 1677 1676
f 1723 1676 1722
f 1722 1714 1715
f 1722 1715 1723
f 1716 1678 1670
f 1716 1724 1678
f 1679 1678 1724
f 1679 1724 1725
f 1725 1724 1716
f 1725 1716 1717
f 1680 1679 1725
f 1680 1725 1726
f 1727 1681 1680
f 1727 1680 1726
f 1728 1682 1681
f 1728 1681 1727
f 1728 1727 1718
f 1728 1718 1719
f 1720 1673 1683
f 1720 1683 1729
f 1729 1683 1682
f 1729 1682 1728
f 1734 1693 1694
f 1734 1733 1693
f 1733 1731 1730
f 1733 1734 1731
f 1738 1697 1698
f 1738 1737 1697
f 1739 1693 1733
f 1739 1699 1693
f 1739 1698 1699
f 1739 1738 1698
f 1739 1732 1738
f 1739 1733 1732
f 1740 1734 1694
f 1740 1694 1700
f 1701 1740 1700
f 1701 1741 1740
f 1740 1735 1734
f 1740 1741 1735
f 1742 1701 1702
f 1742 1741 1701
f 1703 1742 1702
f 1703 1743 1742
f 1737 1707 1697
f 1737 1745 1707
f 1744 1737 1736
f 1744 1745 1737
f 1746 1708 1707
f 1746 1707 1745
f 1748 1711 1710
f 1748 1710 1747
f 1743 1703 1712
f 1743 1712 1749
f 1712 1711 1748
f 1712 1748 1749
f 1746 1717 1708
f 1746 1751 1717
f 1750 1746 1745
f 1750 1751 1746
f 1747 1710 1719
f 1747 1719 1754
f 1719 1718 1753
f 1719 1753 1754
f 1755 1719 1720
f 1755 1754 1719
f 1756 1748 1755
f 1756 1749 1748
f 1757 1717 1751
f 1757 1725 1717
f 1726 1725 1757
f 1726 1757 1758
f 1757 1751 1752
f 1757 1752 1758
f 1759 1753 1718
f 1759 1718 1727
f 1727 1726 1758
f 1727 1758 1759
f 1760 1719 1754
f 1760 1728 1719
f 1760 1753 1759
f 1760 1754 1753
f 1761 1755 1720
f 1761 1720 1729
f 1761 1729 1728
f 1761 1728 1760
f 1761 1760 1754
f 1761 1754 1755
f 1731 1762 1730
f 1731 1763 1762
f 1767 1730 1762
f 1767 1733 1730
f 1767 1732 1733
f 1767 1766 1732
f 1768 1763 1731
f 1768 1731 1734
f 1735 1768 1734
f 1735 1769 1768
f 1768 1764 1763
f 1768 1769 1764
f 1737 1770 1736
f 1737 1771 1770
f 1766 1738 1732
f 1766 1772 1738
f 1772 1737 1738
f 1772 1771 1737
f 1772 1765 1771
f 1772 1766 1765
f 1774 1769 1735
f 1774 1735 1741
f 1773 1768 1769
f 1773 1769 1774
f 1742 1774 1741
f 1742 1775 1774
f 1743 1775 1742
f 1743 1776 1775
f 1770 1744 1736
f 1770 1777 1744
f 1778 1745 1744
f 1778 1744 1777
f 1778 1777 1770
f 1778 1770 1771
f 1779 1778 1771
f 1779 1771 1772
f 1781 1748 1747
f 1781 1747 1780
f 1782 1776 1743
f 1782 1743 1749
f 1778 1750 1745
f 1778 1783 1750
f 1784 1751 1750
f 1784 1750 1783
f 1783 1778 1779
f 1783 1779 1784
f 1752 1751 1784
f 1752 1784 1785
f 1787 1780 1747
f 1787 1747 1754
f 1788 1748 1781
f 1788 1755 1748
f 1782 1749 1756
f 1782 1756 1789
f 1756 1755 1788
f 1756 1788 1789
f 1790 1752 1785
f 1790 1758 1752
f 1759 1758 1790
f 1759 1790 1791
f 1790 1785 1786
f 1790 1786 1791
f 1792 1787 1754
f 1792 1754 1760
f 1792 1760 1759
f 1792 1759 1791
f 1792 1791 1786
f 1792 1786 1787
f 1763 1793 1762
f 1763 1794 1793
f 1764 1794 1763
f 1764 1795 1794
f 1797 1765 1766
f 1797 1796 1765
f 1793 1767 1762
f 1793 1798 1767
f 1767 1797 1766
f 1767 1798 1797
f 1799 1798 1793
f 1799 1793 1794
f 1800 1795 1764
f 1800 1764 1769
f 1800 1769 1768
f 1800 1768 1799
f 1800 1799 1794
f 1800 1794 1795
f 1801 1765 1796
f 1801 1771 1765
f 1802 1772 1771
f 1802 1771 1801
f 1799 1768 1773
f 1799 1773 1803
f 1804 1773 1774
f 1804 1803 1773
f 1775 1804 1774
f 1775 1805 1804
f 1776 1805 1775
f 1776 1806 1805
f 1802 1779 1772
f 1802 1808 1779
f 1807 1802 1801
f 1807 1808 1802
f 1811 1810 1803
f 1811 1803 1804
f 1781 1780 1811
f 1781 1811 1812
f 1812 1811 1804
f 1812 1804 1805
f 1806 1776 1782
f 1806 1782 1813
f 1812 1805 1806
f 1812 1806 1813
f 1808 1784 1779
f 1808 1815 1784
f 1814 1808 1807
f 1814 1815 1808
f 1785 1784 1815
f 1785 1815 1816
f 1817 1786 1785
f 1817 1785 1816
f 1817 1816 1809
f 1817 1809 1810
f 1818 1811 1780
f 1818 1780 1787
f 1818 1787 1786
f 1818 1786 1817
f 1818 1817 1810
f 1818 1810 1811
f 1819 1781 1812
f 1819 1788 1781
f 1820 1813 1782
f 1820 1782 1789
f 1789 1788 1819
f 1789 1819 1820
f 1819 1812 1813
f 1819 1813 1820
f 1822 1814 1821
f 1822 1815 1814
f 1823 1815 1822
f 1823 1816 1815
f 1797 1827 1796
f 1797 1828 1827
f 1829 1797 1798
f 1829 1828 1797
f 1829 1824 1828
f 1829 1825 1824
f 1830 1798 1799
f 1830 1829 1798
f 1829 1826 1825
f 1829 1830 1826
f 1827 1801 1796
f 1827 1831 1801
f 1832 1831 1827
f 1832 1827 1828
f 1830 1799 1803
f 1830 1803 1833
f 1831 1807 1801
f 1831 1834 1807
f 1833 1803 1810
f 1833 1810 1837
f 1837 1810 1809
f 1837 1809 1836
f 1834 1814 1807
f 1834 1838 1814
f 1838 1834 1835
f 1838 1835 1839
f 1840 1836 1809
f 1840 1809 1816
f 1840 1839 1835
f 1840 1835 1836
f 1838 1821 1814
f 1838 1841 1821
f 1842 1822 1821
f 1842 1821 1841
f 1840 1816 1823
f 1840 1823 1843
f 1843 1823 1822
f 1843 1822 1842
f 1843 1842 1839
f 1843 1839 1840
f 1845 1841 1844
f 1845 1842 1841
f 1847 1824 1825
f 1847 1846 1824
f 1826 1847 1825
f 1826 1848 1847
f 1846 1828 1824
f 1846 1852 1828
f 1853 1852 1846
f 1853 1846 1847
f 1854 1848 1826
f 1854 1826 1830
f 1854 1853 1847
f 1854 1847 1848
f 1855 1850 1849
f 1855 1856 1850
f 1852 1832 1828
f 1852 1858 1832
f 1832 1857 1831
f 1832 1858 1857
f 1858 1851 1857
f 1858 1852 1851
f 1859 1858 1852
f 1859 1852 1853
f 1854 1830 1833
f 1854 1833 1860
f 1859 1853 1854
f 1859 1854 1860
f 1862 1855 1861
f 1862 1856 1855
f 1863 1831 1857
f 1863 1834 1831
f 1863 1856 1862
f 1863 1857 1856
f 1864 1835 1834
f 1864 1834 1863
f 1865 1836 1835
f 1865 1835 1864
f 1860 1833 1837
f 1860 1837 1866
f 1837 1836 1865
f 1837 1865 1866
f 1868 1861 1867
f 1868 1862 1861
f 1839 1869 1838
f 1839 1870 1869
f 1870 1865 1864
f 1870 1871 1865
f 1872 1865 1871
f 1872 1866 1865
f 1869 1841 1838
f 1869 1873 1841
f 1874 1870 1839
f 1874 1839 1842
f 1874 1873 1869
f 1874 1869 1870
f 1873 1844 1841
f 1873 1875 1844
f 1874 1842 1845
f 1874 1845 1876
f 1845 1844 1875
f 1845 1875 1876
f 1876 1875 1873
f 1876 1873 1874
f 1850 1877 1849
f 1850 1878 1877
f 1880 1851 1852
f 1880 1879 1851
f 1877 1855 1849
f 1877 1881 1855
f 1882 1878 1850
f 1882 1850 1856
f 1882 1881 1877
f 1882 1877 1878
f 1883 1851 1879
f 1883 1857 1851
f 1883 1856 1857
f 1883 1882 1856
f 1883 1878 1882
f 1883 1879 1878
f 1880 1852 1858
f 1880 1858 1884
f 1859 1884 1858
f 1859 1885 1884
f 1886 1859 1860
f 1886 1885 1859
f 1881 1861 1855
f 1881 1887 1861
f 1889 1863 1862
f 1889 1862 1888
f 1890 1864 1863
f 1890 1863 1889
f 1886 1860 1866
f 1886 1866 1891
f 1887 1867 1861
f 1887 1892 1867
f 1888 1862 1868
f 1888 1868 1893
f 1868 1867 1892
f 1868 1892 1893
f 1894 1864 1890
f 1894 1870 1864
f 1871 1870 1894
f 1871 1894 1895
f 1891 1866 1872
f 1891 1872 1896
f 1872 1871 1895
f 1872 1895 1896
f 1897 1895 1894
f 1897 1898 1895
f 1898 1896 1895
f 1898 1899 1896
f 1879 1900 1878
f 1879 1901 1900
f 1902 1879 1880
f 1902 1901 1879
f 1900 1882 1878
f 1900 1904 1882
f 1904 1881 1882
f 1904 1903 1881
f 1905 1904 1900
f 1905 1900 1901
f 1902 1880 1884
f 1902 1884 1906
f 1905 1901 1902
f 1905 1902 1906
f 1907 1884 1885
f 1907 1906 1884
f 1886 1907 1885
f 1886 1908 1907
f 1903 1887 1881
f 1903 1909 1887
f 1910 1909 1903
f 1910 1903 1904
f 1889 1888 1910
f 1889 1910 1911
f 1911 1910 1904
f 1911 1904 1905
f 1890 1889 1911
f 1890 1911 1912
f 1911 1905 1906
f 1911 1906 1912
f 1912 1906 1907
f 1912 1907 1913
f 1908 1886 1891
f 1908 1891 1914
f 1914 1913 1907
f 1914 1907 1908
f 1915 1887 1909
f 1915 1892 1887
f 1916 1910 1888
f 1916 1888 1893
f 1916 1893 1892
f 1916 1892 1915
f 1916 1915 1909
f 1916 1909 1910
f 1917 1890 1912
f 1917 1894 1890
f 1919 1914 1891
f 1919 1891 1896
f 1918 1913 1914
f 1918 1914 1919
f 1917 1897 1894
f 1917 1920 1897
f 1921 1898 1897
f 1921 1897 1920
f 1919 1896 1899
f 1919 1899 1922
f 1922 1899 1898
f 1922 1898 1921
f 1922 1921 1918
f 1922 1918 1919
f 1913 1923 1912
f 1913 1924 1923
f 1923 1917 1912
f 1923 1925 1917
f 1924 1913 1918
f 1924 1918 1926
f 1926 1925 1923
f 1926 1923 1924
f 1927 1917 1925
f 1927 1920 1917
f 1928 1926 1918
f 1928 1918 1921
f 1928 1921 1920
f 1928 1920 1927
f 1928 1927 1925
f 1928 1925 1926
