# parsimony mesh: flagellum (source /tmp/flag_build/flagellum.pdb)
# atoms: 314423  voxel: 16 Å  verts: 8713  tris: 17620
v 19.9577 -25.3463 -7466.4365
v 31.2407 -25.0951 -7466.2017
v 39.4876 -23.9032 -7465.2974
v -11.2489 -8.8502 -7468.2021
v -0.7593 -11.4228 -7470.3286
v 14.8709 -16.3753 -7469.6494
v 31.2407 -15.6840 -7468.0972
v 39.5487 -15.6840 -7465.4102
v -27.7979 4.9060 -7467.0991
v -16.6531 -0.1300 -7470.4824
v -0.7593 0.3160 -7474.7500
v 14.9634 0.3614 -7470.1025
v 31.2407 -5.5291 -7467.0938
v 39.4045 -7.5533 -7465.3813
v -40.7983 24.1728 -7465.2236
v -32.9825 17.8300 -7467.1108
v -16.7782 16.8254 -7469.4365
v -0.7593 12.0857 -7469.6191
v 9.4451 9.8265 -7467.1914
v -40.7983 24.3995 -7465.2236
v -32.7593 25.1731 -7466.1631
v -22.1241 25.3753 -7466.4595
v 7.0293 -23.8158 -7449.9927
v 14.8709 -26.1517 -7456.0747
v 31.2407 -30.7259 -7457.1982
v 41.8928 -27.7401 -7457.1982
v -12.4696 -9.8065 -7457.1982
v 0.7139 -18.0733 -7456.0747
v 9.2910 -22.1695 -7460.6592
v 42.3809 -15.6840 -7457.1982
v -30.4599 3.9825 -7457.1982
v -20.4696 -4.0175 -7457.1982
v 17.9051 4.6050 -7457.1982
v 31.2407 -3.0248 -7457.1982
v 39.7287 -7.3138 -7457.1982
v -43.7392 20.6544 -7457.1982
v -38.4599 12.6544 -7457.1982
v -11.4166 21.9025 -7457.1982
v -0.7593 15.4142 -7457.1982
v 9.9051 9.8276 -7457.1982
v -43.7392 27.2629 -7457.1982
v -32.7593 30.5530 -7457.1982
v -19.4166 27.6061 -7457.1982
v 37.0815 -40.8126 -7438.3643
v 47.2407 -41.4838 -7438.5684
v 56.5915 -40.9552 -7435.1924
v 7.0293 -23.8158 -7448.9604
v 16.4325 -25.7914 -7442.6553
v 31.5452 -35.2257 -7442.6978
v 47.6143 -33.1974 -7445.8428
v 57.4259 -31.6840 -7437.1294
v -11.2168 -9.3478 -7447.2402
v 1.5876 -14.0402 -7442.7671
v 11.8938 -18.7326 -7438.2935
v 36.6222 -9.6589 -7437.2520
v 46.4621 -15.9201 -7442.1821
v 56.8035 -22.1813 -7436.4453
v -29.3215 5.9481 -7445.3379
v -17.2942 0.8111 -7440.9556
v 1.0470 0.1733 -7436.3193
v 14.4495 2.4248 -7441.3184
v 31.2696 -4.7714 -7442.0308
v 39.7276 -7.3212 -7447.9189
v -58.0599 22.8823 -7436.7593
v -49.5198 17.5770 -7441.7349
v -33.8966 9.6424 -7440.4819
v -16.1754 16.6186 -7438.4009
v 0.0651 13.0376 -7441.3184
v 8.5887 8.8210 -7446.7319
v -57.9500 32.3160 -7436.2607
v -49.5198 33.0234 -7444.1763
v -31.9195 37.5121 -7441.7261
v -18.7783 29.9268 -7441.1982
v -57.0462 40.6466 -7433.7207
v -48.7593 41.7821 -7436.2500
v -36.6930 41.9402 -7436.7446
v 35.7355 -41.9988 -7425.1982
v 47.2407 -46.4589 -7425.1982
v 62.4512 -43.4446 -7423.8652
v 71.4454 -40.0049 -7417.6436
v 22.5604 -24.7457 -7430.9150
v 27.7460 -30.7210 -7425.4282
v 64.9013 -32.7202 -7423.8652
v 71.4454 -38.7443 -7417.6436
v 6.8126 -8.0659 -7432.9312
v 16.4325 -14.3131 -7429.7148
v 30.6893 -15.3393 -7425.0957
v 47.2407 -17.1199 -7425.1982
v 58.3032 -21.6370 -7425.1982
v -12.7049 6.3407 -7431.4683
v 1.0470 0.1733 -7432.1997
v 15.2407 -5.2802 -7430.5562
v 25.9555 -6.1688 -7429.9424
v -58.6448 22.5642 -7425.1982
v -48.7593 16.0567 -7425.1982
v -32.7593 12.1988 -7425.1982
v -17.3452 15.7239 -7427.8853
v -4.7186 11.7473 -7431.4683
v -60.2034 32.3160 -7425.1982
v -28.0359 37.2843 -7425.1982
v -20.8254 29.2843 -7425.1982
v -58.3179 43.7316 -7425.1982
v -48.7593 46.2627 -7425.1982
v -36.0359 42.8470 -7425.1982
v 36.2628 -42.2194 -7409.1982
v 47.2407 -49.2643 -7409.1982
v 63.2407 -48.2243 -7409.1982
v 72.3800 -41.1794 -7409.1982
v 31.3149 -31.6840 -7409.1982
v 66.3066 -28.3985 -7409.1982
v 72.3800 -36.3985 -7409.1982
v 34.2928 -19.7260 -7409.1982
v 47.2407 -18.4471 -7409.1982
v 58.3066 -22.4052 -7409.1982
v -59.4493 22.3290 -7409.1982
v -48.7593 18.2071 -7409.1982
v -32.7593 16.2427 -7409.1982
v -22.5978 20.3646 -7409.1982
v -63.1336 32.3160 -7409.1982
v -29.6272 35.5660 -7409.1982
v -22.5978 27.5660 -7409.1982
v -60.4436 46.1555 -7409.1982
v -48.7593 48.6714 -7409.1982
v -37.6272 42.8319 -7409.1982
v 36.6228 -42.1923 -7393.1982
v 47.2407 -48.5328 -7393.1982
v 63.6215 -45.7601 -7392.8735
v 72.5550 -41.3570 -7397.9907
v 32.5552 -31.6840 -7393.1982
v 65.7463 -31.2194 -7392.8735
v 72.5550 -36.2430 -7397.9907
v 35.1730 -19.9024 -7393.1982
v 47.2407 -18.9435 -7393.1982
v 57.8966 -22.7251 -7393.1982
v -59.7810 21.9379 -7393.1982
v -48.7593 18.5612 -7393.1982
v -32.7593 17.9428 -7393.1982
v -22.9538 21.3195 -7393.1982
v -63.5979 32.3160 -7393.1982
v -29.4884 35.3409 -7393.1982
v -22.9538 27.3409 -7393.1982
v -60.5762 44.4591 -7393.1982
v -48.7593 46.8668 -7393.1982
v -37.4884 42.7237 -7393.1982
v 35.9912 -42.6386 -7377.1982
v 47.2407 -47.7945 -7377.1982
v 60.0867 -44.8399 -7377.1982
v 21.6334 -25.8098 -7372.0845
v 28.6547 -31.3595 -7377.3301
v 62.5231 -31.6840 -7377.1982
v 19.1640 -15.6840 -7373.0122
v 31.9656 -15.1272 -7377.0742
v 47.2407 -17.5499 -7377.1982
v 57.6770 -22.3852 -7377.1982
v -41.6681 7.7485 -7371.0522
v -38.2751 7.7485 -7371.0522
v -11.8446 6.9378 -7370.2227
v -6.6705 6.9378 -7370.2227
v 19.4123 -6.3370 -7371.3975
v 27.3345 -6.3370 -7371.3975
v -58.6198 22.6864 -7377.1982
v -47.7046 15.0378 -7376.7104
v -32.8688 13.1300 -7376.7104
v -17.5185 16.2973 -7374.2085
v -6.6705 10.9582 -7370.2227
v -60.7378 32.3160 -7377.1982
v -29.3086 35.2878 -7377.1982
v -21.7740 27.2878 -7377.1982
v -58.8774 43.0217 -7377.1982
v -48.7593 45.5112 -7377.1982
v -37.3086 42.8055 -7377.1982
v 36.8104 -41.4808 -7361.1982
v 47.2407 -44.8404 -7361.1982
v 58.6525 -43.0436 -7361.1982
v 19.4528 -27.1463 -7361.1982
v 28.8104 -35.1463 -7361.1982
v 60.2849 -31.6840 -7361.1982
v -10.5575 -8.4091 -7354.1035
v -0.7593 -10.6495 -7356.5430
v 11.5134 -16.0213 -7361.7305
v 38.0012 -8.9993 -7366.7368
v 46.0359 -13.8860 -7361.3213
v 56.8730 -22.4501 -7361.1982
v -41.9920 7.5883 -7361.1982
v -32.8688 5.9428 -7361.7358
v -16.5344 0.8010 -7360.7656
v -1.1061 1.0891 -7363.4072
v 14.2850 -0.3696 -7361.2529
v 32.0970 -5.0146 -7361.3213
v 39.8994 -7.1971 -7356.0703
v -57.5844 23.5667 -7366.0469
v -50.6896 17.4664 -7360.9077
v -27.6084 10.5117 -7367.4277
v -16.9668 16.2204 -7363.8682
v -1.1061 12.2559 -7360.7314
v 9.1576 9.3012 -7355.0869
v -58.0201 32.3160 -7365.1245
v -53.4190 32.3160 -7357.1245
v -29.9444 35.3140 -7361.1982
v -20.8085 27.3140 -7361.1982
v -57.6153 41.9620 -7366.9175
v -48.3430 42.8117 -7361.4297
v -37.9444 42.2011 -7361.1982
v 38.2241 -40.0519 -7345.1982
v 45.7479 -40.7831 -7346.0801
v 56.6298 -41.0253 -7352.0020
v 7.2271 -23.6935 -7337.2676
v 14.7747 -26.5926 -7343.6401
v 30.2241 -35.3126 -7345.1982
v 51.0397 -31.6840 -7341.0322
v 56.9591 -31.6840 -7349.0322
v -11.9284 -9.4026 -7345.1982
v 0.8325 -17.3962 -7343.6401
v 9.1307 -21.5795 -7347.9346
v 49.4611 -16.8558 -7344.1831
v 56.1427 -22.9703 -7348.8398
v -41.4941 7.9132 -7350.2646
v -33.4952 5.1545 -7345.0381
v -19.9284 -3.3338 -7345.1982
v 18.4973 4.2322 -7345.1982
v 31.2407 -2.9457 -7345.1982
v 40.3512 -6.8620 -7345.1982
v -44.4089 15.9663 -7345.0381
v -39.3192 10.3999 -7339.5981
v -11.1794 22.0911 -7345.1982
v -0.7593 15.9202 -7345.1982
v 10.4973 10.1450 -7345.1982
v -45.1517 32.7225 -7344.7642
v -33.4181 35.9223 -7344.7642
v -19.1794 28.3158 -7345.1982
v -42.7320 41.1165 -7349.8086
v -39.1906 41.1165 -7349.8086
v 38.8274 -39.7966 -7337.0596
v 39.4194 -39.7966 -7337.0596
v 7.2271 -23.6935 -7337.1655
v 15.2407 -25.4518 -7334.1562
v 32.5927 -31.4926 -7333.7959
v 43.0397 -31.6840 -7335.9624
v -11.1865 -9.2504 -7333.3281
v -0.0918 -15.2116 -7329.9131
v 15.7971 -15.7773 -7326.2817
v 31.2407 -15.6840 -7329.2583
v 43.5221 -15.6840 -7334.8794
v -28.6525 6.4346 -7334.2222
v -16.8141 0.3348 -7328.4419
v -1.3102 0.3728 -7322.9800
v 15.5836 0.7165 -7328.5122
v 31.2407 -5.2723 -7333.4072
v 40.0627 -7.0749 -7335.6157
v -41.8670 21.0665 -7336.5898
v -33.4952 15.9663 -7332.3247
v -15.8330 16.9361 -7328.1074
v -0.6296 13.1323 -7328.8584
v 9.6659 9.7695 -7333.9653
v -41.8670 27.6602 -7336.5898
v -32.7593 29.1698 -7333.3379
v -19.8910 27.4435 -7332.6592
v 3.2559 -10.5062 -7319.7930
v 10.8347 -10.5062 -7319.7930
v -26.5205 4.8704 -7308.7959
v -16.3023 4.8860 -7313.2974
v -1.3102 0.3728 -7318.7959
v 10.8347 -4.1562 -7319.7930
v -26.5205 11.2054 -7308.7959
v -16.3023 10.6669 -7313.2974
v -5.8764 10.1285 -7317.7988
v -26.5205 4.8704 -7301.3682
v -16.5343 5.8707 -7297.0791
v -0.7593 6.8799 -7292.1807
v 7.5411 7.8463 -7289.5825
v -26.5205 11.2054 -7301.3682
v -16.5343 10.6426 -7297.0791
v -0.7593 10.0558 -7292.1807
v 7.5411 8.8720 -7289.5825
v -9.9204 -8.9750 -7274.5093
v -5.3198 -8.9750 -7274.5093
v -12.4518 1.0490 -7280.3848
v -0.2956 -1.5806 -7280.3848
v 8.6435 5.0290 -7281.1982
v -12.5042 10.8027 -7281.1982
v -0.7593 12.3123 -7281.1982
v 8.6435 9.8256 -7281.1982
v -10.1162 -9.3853 -7265.1982
v -0.2956 -9.9231 -7265.9893
v 10.4022 -9.1476 -7261.1836
v -10.7529 -0.5198 -7265.5879
v 1.8576 -0.2673 -7265.5254
v 9.6064 0.3319 -7265.2554
v -10.2729 9.8678 -7271.1807
v -0.7593 10.5724 -7268.7822
v 8.8106 9.7728 -7269.3271
v -9.4074 -8.6613 -7255.3906
v -0.8763 -10.5593 -7249.7134
v 15.5376 -10.1137 -7248.0737
v 23.4146 -7.9187 -7241.9907
v -9.4074 -6.4103 -7255.3906
v -0.8763 -1.9553 -7249.7134
v 15.5376 -2.5257 -7248.0737
v 23.4146 -7.3608 -7241.9907
v 3.5743 -11.4697 -7233.1982
v 15.2407 -12.6812 -7233.1982
v 23.9829 -8.8955 -7233.1982
v 3.5743 -1.1487 -7233.1982
v 15.2407 0.4178 -7233.1982
v 23.9829 -6.1175 -7233.1982
v -9.3447 -8.6525 -7210.0469
v -0.3755 -10.8367 -7216.1074
v 15.2407 -13.9472 -7217.1982
v 25.7368 -10.7327 -7217.1982
v -9.3447 -7.0493 -7210.0469
v 0.8700 0.1589 -7215.1885
v 13.8090 4.6104 -7215.8774
v 25.7368 -3.6043 -7217.1982
v 7.1928 8.3455 -7209.6636
v 7.5212 8.3455 -7209.6636
v -10.4195 -9.9455 -7201.1982
v -0.7593 -13.8025 -7201.1982
v 15.2407 -17.2552 -7201.1982
v 31.1482 -12.3104 -7199.7314
v 39.3058 -7.7756 -7193.4204
v -10.4195 -5.1944 -7201.1982
v 0.8120 2.1071 -7202.7363
v 13.8090 5.4318 -7202.7363
v 31.1482 -2.2838 -7199.7314
v 39.3058 -7.5443 -7193.4204
v 7.1928 8.3455 -7209.0952
v 7.5212 8.3455 -7209.0952
v -11.3147 -11.4406 -7185.1982
v -0.7593 -16.4082 -7185.1982
v 15.2407 -17.4389 -7185.1982
v 30.9321 -11.5687 -7186.6772
v 39.3058 -7.7756 -7192.9971
v -11.9821 0.3269 -7184.7812
v 0.2060 4.3753 -7184.7812
v 15.2407 3.4570 -7185.1982
v 30.9321 -2.7358 -7186.6772
v 39.3058 -7.5443 -7192.9971
v -10.7235 9.2979 -7179.1699
v -4.4838 9.2979 -7179.1699
v -10.5384 -10.6459 -7174.0664
v -0.7593 -12.2084 -7172.8408
v 15.2407 -11.0731 -7174.0186
v 25.3931 -9.1321 -7175.6362
v -26.5849 5.2771 -7163.9312
v -15.9643 -0.2179 -7168.9990
v 1.2181 0.8424 -7168.9600
v 15.2407 -2.1821 -7174.0186
v 25.3931 -4.7632 -7175.6362
v -26.5849 11.8459 -7163.9312
v -16.3378 13.8265 -7169.2378
v -1.7932 12.5567 -7169.1982
v -27.8681 4.8629 -7153.1982
v -16.7593 2.3211 -7153.1982
v -4.9811 5.7742 -7153.1982
v -27.4572 16.8339 -7152.1621
v -16.4122 20.0898 -7152.1621
v -4.9811 12.3858 -7153.1982
v -25.1107 24.4541 -7146.1382
v -21.5141 24.4541 -7146.1382
v -27.0072 5.6663 -7137.1982
v -17.5363 6.1801 -7138.7568
v -8.7343 8.2890 -7145.1299
v -26.7685 15.7564 -7138.3320
v -17.1176 14.8934 -7139.4424
v -8.7343 9.0701 -7145.1299
v -25.1107 24.4541 -7144.4214
v -21.5141 24.4541 -7144.4214
v -25.4609 6.4412 -7121.1982
v -17.5363 5.9289 -7121.0444
v -6.3159 6.8372 -7115.6089
v -25.4609 9.9746 -7121.1982
v -17.5363 11.2217 -7121.0444
v -6.3159 10.9473 -7115.6089
v -25.0171 7.7839 -7112.7354
v -16.3468 5.2851 -7106.5205
v -0.8933 4.3755 -7105.2241
v 8.6969 6.2679 -7099.9087
v -25.0171 8.7934 -7112.7354
v -16.3468 11.2305 -7106.5205
v -0.8933 11.8566 -7105.2241
v 8.6969 9.8369 -7099.9087
v -10.0895 -9.4742 -7084.2534
v -0.7593 -10.1088 -7085.1758
v 9.3835 -9.1269 -7083.4468
v -10.4140 1.0974 -7088.4277
v -0.7593 1.8792 -7087.7549
v 9.0402 1.6189 -7088.0444
v -10.7384 10.0648 -7092.6016
v -0.7593 10.7683 -7090.3340
v 8.6969 9.8369 -7092.6426
v -10.0895 -9.4742 -7078.6812
v -0.6772 -10.7509 -7073.2881
v 12.6491 -10.1750 -7073.1982
v -10.0895 -3.0806 -7078.6812
v -0.6772 0.1604 -7073.2881
v 12.6491 -1.3310 -7073.1982
v 4.3662 -10.4774 -7057.1982
v 16.6818 -10.4032 -7058.4014
v 23.7215 -8.4914 -7053.8701
v 4.3662 -2.0847 -7057.1982
v 16.6818 -2.4173 -7058.4014
v 23.7215 -6.3719 -7053.8701
v 4.3728 -10.6717 -7041.1982
v 15.2407 -13.2037 -7041.1982
v 25.0341 -10.2160 -7041.1982
v 4.3728 -1.0810 -7041.1982
v 16.7989 4.7856 -7039.5991
v 24.6759 -0.4968 -7039.5991
v 23.1711 8.3164 -7033.1997
v 23.2414 8.3164 -7033.1997
v 21.4998 -24.0833 -7018.4722
v 24.0010 -24.0833 -7018.4722
v -10.8386 -10.7797 -7020.2754
v -0.6719 -12.4322 -7025.4443
v 15.7962 -18.5159 -7024.3623
v 27.6529 -15.6252 -7024.3623
v -10.8386 -5.3249 -7020.2754
v -0.6719 -1.9951 -7025.4443
v 16.7989 5.1948 -7026.7954
v 27.1972 0.9214 -7026.7954
v 23.1711 8.3164 -7033.1938
v 23.2414 8.3164 -7033.1938
v 21.4998 -24.0833 -7016.4409
v 24.0010 -24.0833 -7016.4409
v -11.0852 -11.5311 -7009.1982
v -0.7593 -15.3966 -7009.1982
v 15.7962 -18.0975 -7010.3438
v 28.2546 -15.0051 -7010.3438
v -11.0852 -2.8313 -7009.1982
v -0.7593 1.8388 -7009.1982
v 15.2407 2.6187 -7009.1982
v 28.9379 -2.0513 -7009.1982
v -9.7813 -9.7178 -6997.2441
v -0.4533 -10.6537 -6992.4258
v 14.0708 -10.3545 -6993.4448
v 26.1539 -9.2191 -6998.9424
v -25.4415 6.4361 -6986.0781
v -13.7687 0.6084 -6992.6021
v -2.8265 0.9538 -6993.6328
v 13.4903 1.6962 -6993.7129
v 26.1539 -3.8494 -6998.9424
v -25.4415 9.5252 -6986.0781
v -16.7593 11.5816 -6989.1206
v -0.7593 11.1902 -6990.9243
v 8.3564 9.0034 -6988.4829
v 5.0840 -8.1262 -6984.9199
v 7.9576 -8.1262 -6984.9199
v -27.3210 5.5080 -6977.1982
v -16.7593 1.3978 -6977.1982
v -0.9950 0.2425 -6979.1436
v 8.6151 0.3160 -6984.1167
v -27.2016 15.4415 -6976.0859
v -16.8139 19.7440 -6976.0859
v -1.3481 13.0309 -6978.0996
v 8.3564 9.0034 -6984.0342
v -25.4142 24.6067 -6970.0107
v -22.1836 24.6067 -6970.0107
v -27.0146 6.5992 -6961.1982
v -18.0710 6.1837 -6961.6851
v -7.0740 7.0513 -6967.3428
v -26.9565 15.5822 -6961.5903
v -17.8978 16.3841 -6961.9307
v -7.0740 12.3420 -6967.3428
v -25.4142 24.6067 -6967.1851
v -22.1836 24.6067 -6967.1851
v -25.9824 6.3862 -6945.1982
v -18.0710 6.1153 -6944.5078
v -7.6373 7.2212 -6938.7148
v -25.9824 11.1081 -6945.1982
v -18.0710 12.0959 -6944.5078
v -7.6373 10.8930 -6938.7148
v -26.1165 6.1679 -6934.8135
v -16.8766 5.0226 -6929.3672
v -1.6861 5.5921 -6928.2910
v 8.0541 7.1169 -6922.3530
v -26.1165 10.5952 -6934.8135
v -16.8766 12.6017 -6929.3672
v -1.6861 12.0026 -6928.2910
v 8.0541 9.5966 -6922.3530
v -10.5112 -9.7537 -6907.5122
v -0.7593 -9.9878 -6908.0635
v 8.4415 -8.6860 -6906.7046
v -12.2350 0.5684 -6912.9863
v -0.7593 -2.2679 -6916.0635
v 9.1594 1.1965 -6912.5020
v -11.7900 10.8858 -6913.1982
v -0.7593 12.6522 -6913.1982
v 8.7385 10.0824 -6913.1982
v -10.5112 -9.7537 -6900.6143
v -1.6446 -10.3062 -6896.0479
v 10.8909 -9.4095 -6897.1982
v -10.9574 0.3160 -6900.3521
v -1.6446 0.1671 -6893.4810
v 10.8710 0.1671 -6897.3579
v -9.9382 9.4557 -6903.3203
v -0.7593 9.9767 -6901.9893
v 8.4243 9.3906 -6902.7974
v 2.6208 -10.2285 -6881.1982
v 15.8404 -10.3783 -6881.6807
v 23.9879 -8.7818 -6876.6689
v 2.6208 -3.2184 -6881.1982
v 15.8404 -3.1393 -6881.6807
v 23.9879 -6.0636 -6876.6689
v 4.5903 -10.9158 -6865.1982
v 15.2407 -13.3773 -6865.1982
v 25.0297 -10.1454 -6865.1982
v 5.1135 0.8374 -6863.6328
v 13.6650 3.8296 -6863.6328
v 25.0297 -3.9437 -6865.1982
v 7.2291 8.3218 -6857.2554
v 7.2813 8.3218 -6857.2554
v -10.3032 -10.4669 -6843.0728
v -0.0689 -11.7830 -6848.7227
v 15.2407 -14.6984 -6849.1982
v 27.2962 -11.6618 -6849.1982
v -10.3032 -6.0738 -6843.0728
v 1.1436 -0.3978 -6850.1182
v 15.1560 5.8138 -6849.3047
v 26.5306 0.7360 -6847.7466
v 7.2291 8.3218 -6857.1641
v 15.1560 8.3376 -6849.3047
v 23.3164 8.3534 -6841.4453
v -10.1065 -10.0997 -6833.1982
v -0.7593 -13.2968 -6833.1982
v 15.2407 -15.0017 -6833.1982
v 29.6327 -11.8046 -6833.1982
v -10.1065 -5.9705 -6833.1982
v -0.7593 -2.4091 -6833.1982
v 16.7147 3.3777 -6834.6685
v 28.3997 0.5286 -6834.6685
v 23.0307 8.3534 -6840.9819
v 23.3164 8.3534 -6840.9819
v -9.6612 -8.7790 -6817.1982
v -0.7593 -12.5155 -6817.1982
v 15.2407 -13.3301 -6817.1982
v 26.9624 -9.5936 -6817.1982
v -24.8011 8.2021 -6809.2437
v -14.6939 0.5963 -6815.7617
v -0.7593 2.6615 -6819.7930
v 14.5250 2.2974 -6816.2251
v 26.9624 -5.0469 -6817.1982
v -24.8011 8.4091 -6809.2437
v -16.7593 9.6995 -6811.0435
v -0.7593 9.9447 -6811.7930
v 8.7145 8.7359 -6810.2432
v -9.7094 -8.7060 -6808.5278
v -0.7593 -10.3652 -6807.5625
v 15.2407 -9.7273 -6807.9746
v 23.4496 -7.8555 -6809.0771
v -26.7114 6.2219 -6801.1982
v -15.7294 -1.0418 -6802.3960
v -0.6080 0.6335 -6800.8057
v 14.5250 -0.9870 -6807.5356
v 23.4496 -7.1889 -6809.0771
v -26.5736 14.7719 -6799.9697
v -17.0495 18.4223 -6799.9697
v -0.6080 12.2184 -6802.1143
v 8.7145 8.7359 -6808.0586
v -25.1804 24.5773 -6793.8179
v -22.5763 24.5773 -6793.8179
v -27.8596 5.4850 -6785.1982
v -16.7132 4.7687 -6784.7061
v -5.8405 6.1786 -6789.7114
v -27.4922 17.4251 -6784.8408
v -16.9627 18.0731 -6784.4902
v -5.8405 12.6483 -6789.7114
v -25.1804 24.5773 -6789.9360
v -22.5763 24.5773 -6789.9360
v -27.3039 4.8107 -6769.1982
v -19.7212 4.8107 -6769.1982
v -27.3039 13.9324 -6769.1982
v -19.7212 13.9324 -6769.1982
v -26.5794 4.7387 -6757.1494
v -16.6687 5.7480 -6753.0283
v -0.7593 6.9012 -6748.1792
v 7.4487 7.9883 -6745.4639
v -26.5794 11.2893 -6757.1494
v -16.6687 10.7621 -6753.0283
v -0.7593 10.0475 -6748.1792
v 7.4487 8.7058 -6745.4639
v -9.8367 -8.8694 -6730.4209
v -5.7076 -8.8694 -6730.4209
v -12.6489 0.9808 -6736.3320
v -0.5283 -1.4515 -6736.3320
v 8.6112 5.2757 -6737.1982
v -12.8132 11.0088 -6737.1982
v -0.7593 12.4182 -6737.1982
v 8.6112 9.7254 -6737.1982
v -10.1165 -9.3960 -6721.1982
v -0.5283 -9.8818 -6721.7988
v 10.1956 -9.0644 -6716.8662
v -10.8126 -0.4490 -6721.5269
v 1.6914 -0.1103 -6721.2666
v 9.5278 0.4561 -6721.0039
v -10.3718 9.9874 -6727.0796
v -0.7593 10.6867 -6724.5669
v 8.8600 9.8054 -6725.1416
v -9.4915 -8.7812 -6711.2275
v -0.8659 -10.5608 -6705.6157
v 15.4137 -10.0525 -6704.0767
v 23.4273 -7.9340 -6697.9956
v -9.4915 -6.2923 -6711.2275
v -0.8659 -1.8787 -6705.6157
v 15.4137 -2.5068 -6704.0767
v 23.4273 -7.3391 -6697.9956
v 3.6657 -11.3958 -6689.1982
v 15.2407 -12.6602 -6689.1982
v 24.0240 -8.9485 -6689.1982
v 3.6657 -1.3591 -6689.1982
v 15.2407 0.2569 -6689.1982
v 24.0240 -6.0680 -6689.1982
v -9.2090 -8.4226 -6665.8530
v -0.3128 -10.7250 -6671.9912
v 15.2407 -13.9802 -6673.1982
v 25.6443 -10.7329 -6673.1982
v -9.2090 -7.1945 -6665.8530
v 0.9142 -0.0280 -6671.1123
v 13.8370 4.3574 -6671.9023
v 25.6443 -3.7491 -6673.1982
v 7.1768 8.3558 -6665.7051
v 7.5679 8.3558 -6665.7051
v -10.3513 -9.8161 -6657.1982
v -0.7593 -13.8040 -6657.1982
v 15.2407 -17.5664 -6657.1982
v 31.0489 -12.4074 -6655.6157
v 39.2496 -7.6969 -6649.2275
v -10.3513 -5.3060 -6657.1982
v 0.8024 2.0550 -6658.7148
v 13.8370 5.3775 -6658.7148
v 31.0489 -2.4475 -6655.6157
v 39.2496 -7.6647 -6649.2275
v 7.1768 8.3558 -6665.0591
v 7.5679 8.3558 -6665.0591
v -11.3353 -11.5033 -6641.1982
v -0.7593 -16.5741 -6641.1982
v 15.2407 -17.7748 -6641.1982
v 30.9792 -11.7077 -6642.7803
v 39.2496 -7.6969 -6649.1685
v -11.9760 0.3247 -6640.7607
v 0.1082 4.3683 -6640.7607
v 15.2407 3.6025 -6641.1982
v 30.9792 -2.6869 -6642.7803
v 39.2496 -7.6647 -6649.1685
v -10.6859 9.2952 -6635.1357
v -4.6468 9.2952 -6635.1357
v -10.5209 -10.6721 -6629.9517
v -0.7593 -12.2815 -6628.5513
v 15.2407 -11.1377 -6629.7690
v 25.4715 -9.1471 -6631.5757
v -26.5995 5.2448 -6619.9478
v -15.9367 -0.2484 -6624.9497
v 1.2660 0.7931 -6624.7666
v 15.2407 -2.1468 -6629.7690
v 25.4715 -4.6462 -6631.5757
v -26.5995 11.8627 -6619.9478
v -16.3153 13.8375 -6625.2480
v -1.7214 12.5579 -6625.1982
v -27.8305 4.8950 -6609.1982
v -16.7593 2.2733 -6609.1982
v -4.7313 5.6943 -6609.1982
v -27.5203 16.8440 -6608.3467
v -15.7187 21.4819 -6608.3467
v -4.7313 14.1133 -6609.1982
v -25.2660 24.5172 -6602.4463
v -20.3582 24.5172 -6602.4463
v -27.0010 5.6881 -6593.1982
v -17.5112 6.1509 -6594.6523
v -8.6600 8.2113 -6600.9551
v -26.8567 15.8066 -6594.1758
v -16.5186 16.0848 -6595.2246
v -8.6600 11.3691 -6600.9551
v -25.2660 24.5172 -6600.1611
v -20.3582 24.5172 -6600.1611
v -25.4957 6.4197 -6577.1982
v -17.5112 5.8900 -6577.0151
v -6.3609 6.8010 -6571.5596
v -25.4957 10.0288 -6577.1982
v -17.5112 11.3298 -6577.0151
v -6.3609 11.0553 -6571.5596
v -25.0070 7.8014 -6568.7524
v -16.3803 5.3470 -6562.5308
v -0.9203 4.3804 -6561.2495
v 8.7860 6.1905 -6555.9507
v -25.0070 8.7820 -6568.7524
v -16.3803 11.3039 -6562.5308
v -0.9203 12.0126 -6561.2495
v 8.7860 9.9631 -6555.9507
v -10.1531 -9.5339 -6540.1719
v -0.7593 -10.0983 -6541.0234
v 9.2686 -9.0533 -6539.3242
v -10.4736 1.3449 -6544.2036
v -0.7593 1.9713 -6543.5693
v 9.0273 1.4941 -6544.0205
v -10.7942 10.0906 -6548.2354
v -0.7593 10.8823 -6546.1152
v 8.7860 9.9631 -6548.7168
v -10.1531 -9.5339 -6534.6489
v -0.6481 -10.7395 -6529.2686
v 12.5585 -10.1160 -6529.1982
v -10.1531 -2.7073 -6534.6489
v -0.6481 0.2938 -6529.2686
v 12.5585 -1.4442 -6529.1982
v 4.4311 -10.4459 -6513.1982
v 16.6782 -10.4011 -6514.4170
v 23.7440 -8.5299 -6509.8960
v 4.4311 -2.1875 -6513.1982
v 16.6782 -2.4529 -6514.4170
v 23.7440 -6.2941 -6509.8960
v 4.4038 -10.7574 -6497.1982
v 15.2407 -13.2268 -6497.1982
v 24.9883 -10.1534 -6497.1982
v 4.4038 -1.3593 -6497.1982
v 16.7118 4.6097 -6495.6064
v 24.6424 -0.4501 -6495.6064
v 23.0258 8.3195 -6489.2124
v 23.2467 8.3195 -6489.2124
v 21.6260 -24.0396 -6474.3271
v 23.9324 -24.0396 -6474.3271
v -10.7423 -10.7300 -6476.0635
v -0.6699 -12.4952 -6481.3174
v 15.8719 -18.5356 -6480.2754
v 27.4362 -15.5520 -6480.2754
v -10.7423 -5.4640 -6476.0635
v -0.6699 -2.2034 -6481.3174
v 16.7118 5.0758 -6482.7773
v 27.0248 0.9272 -6482.7773
v 23.0258 8.3195 -6489.1631
v 23.2467 8.3195 -6489.1631
v 21.6260 -24.0396 -6472.4976
v 23.9324 -24.0396 -6472.4976
v -10.9966 -11.4758 -6465.1982
v -0.7593 -15.2533 -6465.1982
v 15.8719 -18.0621 -6466.3774
v 28.1042 -15.0402 -6466.3774
v -10.9966 -3.1810 -6465.1982
v -0.7593 1.3732 -6465.1982
v 15.2407 2.4882 -6465.1982
v 28.8012 -2.0661 -6465.1982
v -9.7594 -9.6937 -6453.1709
v -0.5453 -10.5854 -6448.3818
v 14.1135 -10.3357 -6449.3687
v 26.1807 -9.2776 -6454.8159
v -25.2983 6.7332 -6441.8882
v -13.7594 0.5551 -6448.3838
v -2.8922 0.7049 -6449.3901
v 13.5047 1.6021 -6449.5264
v 26.1807 -3.8788 -6454.8159
v -25.2983 9.3142 -6441.8882
v -16.7593 11.3738 -6444.7935
v -0.7593 11.0957 -6446.5547
v 8.3140 8.9434 -6444.2363
v 4.9307 -8.1572 -6440.9038
v 8.0287 -8.1572 -6440.9038
v -27.1546 5.8002 -6433.1982
v -16.7593 1.5808 -6433.1982
v -1.0301 0.1697 -6435.1646
v 8.6367 0.3160 -6440.1475
v -27.1006 15.3149 -6432.1343
v -16.7511 19.5881 -6432.1343
v -1.2982 12.9656 -6434.1343
v 8.3140 8.9434 -6440.0918
v -25.4677 24.6381 -6426.0913
v -22.0790 24.6381 -6426.0913
v -26.9034 6.7583 -6417.1982
v -18.1325 6.2803 -6417.6187
v -6.9908 7.0001 -6423.2324
v -26.8996 15.4168 -6417.4893
v -17.8968 16.2549 -6417.7910
v -6.9908 12.3591 -6423.2324
v -25.4677 24.6381 -6423.0171
v -22.0790 24.6381 -6423.0171
v -25.9453 6.4724 -6401.1982
v -18.1325 6.2643 -6400.4438
v -7.7858 7.3546 -6394.6074
v -25.9453 10.9110 -6401.1982
v -18.1325 11.8160 -6400.4438
v -7.7858 10.6894 -6394.6074
v -26.1366 6.1632 -6390.7314
v -16.8618 5.1786 -6385.3179
v -1.7752 5.7313 -6384.2954
v 8.0702 7.0844 -6378.3599
v -26.1366 10.6079 -6390.7314
v -16.8618 12.4431 -6385.3179
v -1.7752 11.8621 -6384.2954
v 8.0702 9.6397 -6378.3599
v -10.5130 -9.7505 -6363.4634
v -0.7593 -9.9503 -6363.9819
v 8.3682 -8.6393 -6362.6450
v -12.2238 0.6471 -6368.9570
v -0.7593 -2.1938 -6371.9819
v 9.1869 1.1770 -6368.4663
v -11.7746 10.8418 -6369.1982
v -0.7593 12.7141 -6369.1982
v 8.8279 10.1882 -6369.1982
v -10.5130 -9.7505 -6356.4243
v -1.8572 -10.3223 -6351.9336
v 10.9356 -9.4320 -6353.1982
v -10.9618 0.3160 -6356.1992
v -1.8572 0.1900 -6349.3281
v 10.9687 0.1900 -6353.3271
v -9.9422 9.4706 -6359.3071
v -0.7593 10.0614 -6357.9409
v 8.5274 9.4886 -6358.7466
v 2.3460 -10.2359 -6337.1982
v 15.9201 -10.3602 -6337.6719
v 23.9645 -8.7417 -6332.6548
v 2.3460 -3.1201 -6337.1982
v 15.9201 -3.1042 -6337.6719
v 23.9645 -6.1363 -6332.6548
v 4.5587 -10.8728 -6321.1982
v 15.2407 -13.3062 -6321.1982
v 24.9819 -10.1174 -6321.1982
v 5.0460 0.8931 -6319.8521
v 13.7942 3.7724 -6319.8521
v 24.9819 -4.0849 -6321.1982
v 7.1588 8.3568 -6313.6216
v 7.4965 8.3568 -6313.6216
v -10.3794 -10.5315 -6299.1812
v -0.0870 -11.7203 -6304.7881
v 15.2407 -14.4927 -6305.1982
v 27.1812 -11.5830 -6305.1982
v -10.3794 -5.9905 -6299.1812
v 1.0933 -0.3599 -6306.0610
v 15.2074 5.7523 -6305.2295
v 26.4565 0.6666 -6303.7900
v 7.1588 8.3568 -6312.9404
v 15.2074 8.3629 -6305.2295
v 23.3463 8.3690 -6297.5186
v -10.2106 -10.2078 -6289.1982
v -0.7593 -13.3840 -6289.1982
v 15.2407 -14.9119 -6289.1982
v 29.7319 -11.7357 -6289.1982
v -10.2106 -5.7905 -6289.1982
v -0.7593 -2.2326 -6289.1982
v 16.6472 3.3499 -6290.6201
v 28.4971 0.5036 -6290.6201
v 22.9182 8.3690 -6296.9009
v 23.3463 8.3690 -6296.9009
v -9.7648 -8.9488 -6273.1982
v -0.7593 -12.9650 -6273.1982
v 15.2407 -13.6970 -6273.1982
v 27.2423 -9.6807 -6273.1982
v -12.6532 -0.7853 -6272.9863
v -0.7593 2.7811 -6275.7378
v 14.6120 2.4458 -6272.2412
v 27.2423 -4.8634 -6273.1982
v -13.9084 9.9040 -6267.5122
v -0.7593 9.8493 -6267.7378
v 8.8595 8.7723 -6266.2705
v -9.7850 -8.8527 -6264.4214
v -0.7593 -10.6420 -6263.3633
v 15.2407 -9.9693 -6263.7988
v 23.5773 -7.9557 -6265.0024
v -27.2107 5.6496 -6254.3921
v -17.1800 0.5548 -6259.4067
v -0.5896 0.6024 -6256.5908
v 14.6120 -0.8152 -6263.3394
v 23.5773 -6.9026 -6265.0024
v -26.8273 16.3160 -6253.4351
v -18.4744 16.5895 -6257.3564
v -0.5896 12.1180 -6258.0591
v 8.8595 8.7723 -6263.9663
v -25.0653 24.5082 -6249.6533
v -23.0404 24.5082 -6249.6533
v -27.9057 5.3985 -6241.1982
v -16.5982 4.6684 -6240.6855
v -5.8097 6.1267 -6245.6772
v -27.4600 17.4906 -6241.0566
v -17.0989 18.1076 -6240.6533
v -5.8097 12.6083 -6245.6772
v -25.0653 24.5082 -6246.2959
v -23.0404 24.5082 -6246.2959
v -27.4566 4.6412 -6225.1982
v -19.5704 4.6412 -6225.1982
v -27.4566 14.0832 -6225.1982
v -19.5704 14.0832 -6225.1982
v -26.6120 4.6398 -6212.9502
v -16.8097 5.6473 -6208.9712
v -0.7593 6.9391 -6204.1489
v 7.3507 8.1414 -6201.3384
v -26.6120 11.3813 -6212.9502
v -16.8097 10.8821 -6208.9712
v -0.7593 10.0228 -6204.1489
v 7.3507 8.5249 -6201.3384
v -9.7404 -8.7518 -6186.3174
v -6.0919 -8.7518 -6186.3174
v -12.8189 0.9193 -6192.2695
v -0.7589 -1.3098 -6192.2695
v 8.5541 5.5296 -6193.1982
v -13.0980 11.2026 -6193.1982
v -0.7593 12.4902 -6193.1982
v 8.5541 9.6036 -6193.1982
v -10.1015 -9.3882 -6177.1982
v -0.7589 -9.8215 -6177.6064
v 9.9757 -8.9742 -6172.5449
v -10.8536 -0.3501 -6177.4268
v 1.5267 0.0667 -6176.9893
v 9.4288 0.5803 -6176.7637
v -10.4602 10.0978 -6182.9126
v -0.7593 10.7833 -6180.3223
v 8.8818 9.8240 -6180.9824
v -9.5678 -8.8885 -6167.0942
v -0.8768 -10.5733 -6161.5356
v 15.2817 -10.0026 -6160.0596
v 23.4311 -7.9373 -6153.9673
v -9.5678 -6.1275 -6167.0942
v -0.8768 -1.7671 -6161.5356
v 15.2817 -2.4910 -6160.0596
v 23.4311 -7.3340 -6153.9673
v 3.7398 -11.3358 -6145.1982
v 15.2407 -12.6288 -6145.1982
v 24.0487 -8.9771 -6145.1982
v 3.7398 -1.5772 -6145.1982
v 15.2407 0.0576 -6145.1982
v 24.0487 -6.0492 -6145.1982
v -9.0679 -8.1870 -6121.6494
v -0.2426 -10.5841 -6127.8691
v 15.2407 -13.9479 -6129.1982
v 25.5321 -10.7000 -6129.1982
v -9.0679 -7.3429 -6121.6494
v 0.9703 -0.2268 -6126.9873
v 13.8277 4.0669 -6127.8745
v 25.5321 -3.9253 -6129.1982
v 7.1719 8.3588 -6121.6587
v 7.5523 8.3588 -6121.6587
v 22.8329 -23.7338 -6105.4150
v 23.3190 -23.7338 -6105.4150
v -10.2609 -9.6744 -6113.1982
v -0.7593 -13.7681 -6113.1982
v 16.5960 -18.8893 -6111.7285
v 27.6857 -15.6143 -6111.7285
v -10.2609 -5.4436 -6113.1982
v 0.7994 1.9817 -6114.7080
v 13.8277 5.2932 -6114.7080
v 28.7382 -1.3043 -6113.1982
v 7.1719 8.3588 -6121.0483
v 7.5523 8.3588 -6121.0483
v 22.8329 -23.7338 -6105.1069
v 23.3190 -23.7338 -6105.1069
v -11.3129 -11.5253 -6097.1982
v -0.7593 -16.6972 -6097.1982
v 16.5960 -19.0975 -6098.7432
v 27.7637 -14.9599 -6098.7432
v -11.9205 0.3036 -6096.7251
v -0.0089 4.3483 -6096.7251
v 15.2407 3.7120 -6097.1982
v 28.8356 -1.3438 -6097.1982
v -10.6231 9.2770 -6091.0762
v -4.8419 9.2770 -6091.0762
v -10.4706 -10.6548 -6085.8735
v -0.7593 -12.3271 -6084.2695
v 15.2407 -11.1940 -6085.5146
v 25.5389 -9.1439 -6087.5337
v -26.6014 5.2514 -6075.9277
v -15.8802 -0.2466 -6080.9004
v 2.0624 1.6282 -6080.0098
v 11.8560 2.1382 -6080.7217
v 25.5389 -4.5548 -6087.5337
v -26.6014 11.8411 -6075.9277
v -16.2776 13.7987 -6081.2358
v -0.0089 11.7505 -6080.2773
v 7.3432 8.4275 -6074.3306
v -27.7674 4.9637 -6065.1982
v -16.7593 2.2912 -6065.1982
v -2.2607 5.8802 -6066.7271
v 7.3432 7.8197 -6073.0801
v -27.5516 16.8310 -6064.4805
v -15.1991 22.7138 -6064.4805
v -2.2607 14.2656 -6066.7271
v 7.3432 8.4275 -6073.0801
v -25.4025 24.5745 -6058.6685
v -19.4922 24.5745 -6058.6685
v -26.9671 5.7447 -6049.1982
v -17.5018 6.1573 -6050.5801
v -8.5949 8.1466 -6056.8345
v -26.9114 15.8343 -6050.0615
v -16.0779 17.1576 -6051.0688
v -8.5949 13.4688 -6056.8345
v -25.4025 24.5745 -6055.9697
v -19.4922 24.5745 -6055.9697
v -25.5459 6.3731 -6033.1982
v -17.5018 5.8108 -6033.0117
v -6.3632 6.7312 -6027.5542
v -25.5459 10.1037 -6033.1982
v -17.5018 11.4778 -6033.0117
v -6.3632 11.2021 -6027.5542
v -25.0331 7.7488 -6024.7075
v -16.3984 5.3528 -6018.5039
v -0.9216 4.3779 -6017.2690
v 8.8676 6.1240 -6011.9829
v -25.0331 8.8358 -6024.7075
v -16.3984 11.4252 -6018.5039
v -0.9216 12.1743 -6017.2690
v 8.8676 10.0842 -6011.9829
v -10.1993 -9.5713 -5996.0835
v -0.7593 -10.0627 -5996.8535
v 9.1388 -8.9683 -5995.1870
v -10.8683 0.2440 -6001.3291
v 0.4268 1.1575 -6000.2563
v 9.0032 1.3578 -5999.9902
v -10.3156 9.6543 -6001.1982
v -2.2987 10.4475 -6000.1553
v 8.8676 10.0842 -6004.7935
v -10.1993 -9.5713 -5990.5640
v -0.6494 -10.6930 -5985.2178
v 12.4305 -10.0297 -5985.1982
v -9.8467 0.3160 -5991.2109
v -1.9506 1.6996 -5986.5400
v 12.4305 -1.6085 -5985.1982
v -8.7692 8.3243 -5993.1831
v -8.6583 8.3243 -5993.1831
v 4.4207 -10.4404 -5969.1982
v 16.6536 -10.4218 -5970.3975
v 23.7781 -8.5718 -5965.8633
v 4.4207 -2.2770 -5969.1982
v 16.6536 -2.4757 -5970.3975
v 23.7781 -6.2128 -5965.8633
v 4.4068 -10.8739 -5953.1982
v 15.2407 -13.2680 -5953.1982
v 24.9383 -10.0781 -5953.1982
v 4.4068 -1.5842 -5953.1982
v 15.2407 3.5153 -5953.1982
v 24.9383 -2.5845 -5953.1982
v 21.7977 -23.9881 -5930.1606
v 23.8457 -23.9881 -5930.1606
v -10.6371 -10.6668 -5931.8467
v -0.6605 -12.5208 -5937.1875
v 15.9749 -18.5137 -5936.1758
v 27.1832 -15.4666 -5936.1758
v -10.6371 -5.6109 -5931.8467
v -0.6605 -2.4195 -5937.1875
v 15.2407 4.0876 -5937.1982
v 27.7150 -0.9382 -5937.1982
v 21.7977 -23.9881 -5928.5737
v 23.8457 -23.9881 -5928.5737
v -10.8912 -11.3920 -5921.1982
v -0.7593 -15.0720 -5921.1982
v 15.9749 -18.0081 -5922.4233
v 27.9088 -15.0642 -5922.4233
v -10.8912 -3.5230 -5921.1982
v -0.7593 0.8935 -5921.1982
v 15.2407 2.2896 -5921.1982
v 28.6220 -2.1270 -5921.1982
v -9.7241 -9.6452 -5909.1318
v -0.8452 -10.5987 -5904.3584
v 14.2927 -10.4021 -5905.3018
v 26.1761 -9.3176 -5910.7041
v -25.1478 7.0963 -5897.6914
v -13.7442 0.5530 -5904.1816
v -3.1064 0.4771 -5905.1450
v 13.6221 1.4891 -5905.3218
v 26.1761 -3.9409 -5910.7041
v -25.1478 9.0692 -5897.6914
v -16.7593 11.1198 -5900.4688
v -0.7593 10.9747 -5902.1553
v 8.2501 8.8757 -5899.9395
v 4.4309 -8.3310 -5896.7959
v 8.3275 -8.3310 -5896.7959
v -26.9686 6.1355 -5889.1982
v -16.7593 1.7977 -5889.1982
v -1.2097 0.0908 -5891.1504
v 8.8128 0.3160 -5896.1265
v -26.9709 15.1679 -5888.1670
v -16.6941 19.4386 -5888.1670
v -1.2139 12.9225 -5890.1821
v 8.2501 8.8757 -5896.1714
v -25.4996 24.6601 -5882.1465
v -21.9839 24.6601 -5882.1465
v -26.7708 6.9187 -5873.1982
v -18.2161 6.3493 -5873.5146
v -6.8503 6.9011 -5879.0591
v -26.8126 15.1730 -5873.4263
v -17.9189 16.0965 -5873.6519
v -6.8503 12.4486 -5879.0591
v -25.4996 24.6601 -5878.9116
v -21.9839 24.6601 -5878.9116
v -25.8869 6.5856 -5857.1982
v -18.2161 6.4363 -5856.3701
v -7.9333 7.4904 -5850.4854
v -25.8869 10.5956 -5857.1982
v -18.2161 11.4216 -5856.3701
v -7.9333 10.4525 -5850.4854
v -26.1382 6.1842 -5846.6719
v -16.8375 5.3588 -5841.2822
v -1.8637 5.8902 -5840.2900
v 8.0737 7.0697 -5834.3511
v -26.1382 10.5937 -5846.6719
v -16.8375 12.2381 -5841.2822
v -1.8637 11.6804 -5840.2900
v 8.0737 9.6642 -5834.3511
v -10.4720 -9.7005 -5819.3682
v -0.7593 -9.8752 -5819.8613
v 8.2929 -8.5891 -5818.5786
v -12.1672 0.7333 -5824.9004
v -0.7593 -2.0971 -5827.8613
v 9.2009 1.1682 -5824.4263
v -11.7346 10.7729 -5825.1982
v -0.7593 12.7319 -5825.1982
v 8.9018 10.2750 -5825.1982
v -10.4720 -9.7005 -5812.2417
v -2.0500 -10.2992 -5807.8242
v 10.9481 -9.4406 -5809.1982
v -10.9215 0.3160 -5812.0708
v -2.0500 0.2014 -5805.2031
v 11.0357 0.2014 -5809.3047
v -9.9295 9.4693 -5815.3184
v -0.7593 10.1288 -5813.9219
v 8.6225 9.5798 -5814.7095
v 2.0211 -10.3055 -5793.1982
v 15.9752 -10.3986 -5793.6611
v 23.9495 -8.7130 -5788.6367
v 2.0211 -2.9712 -5793.1982
v 15.9752 -3.0195 -5793.6611
v 23.9495 -6.1936 -5788.6367
v 4.4447 -10.9100 -5777.1982
v 15.2407 -13.3021 -5777.1982
v 24.9232 -10.0761 -5777.1982
v 4.9213 1.0008 -5776.0439
v 13.8738 3.7598 -5776.0439
v 24.9232 -4.2352 -5777.1982
v 7.1031 8.3844 -5769.9414
v 7.6292 8.3844 -5769.9414
v -10.4438 -10.5772 -5755.2754
v -0.1111 -11.6421 -5760.8447
v 15.2407 -14.3498 -5761.1982
v 27.1099 -11.5720 -5761.1982
v -10.4438 -5.9197 -5755.2754
v 1.0454 -0.3388 -5762.0049
v 15.2322 5.6664 -5761.1357
v 26.4092 0.5808 -5759.8018
v 7.1031 8.3844 -5768.7344
v 15.2322 8.3806 -5761.1357
v 23.3625 8.3768 -5753.5371
v -10.2995 -10.2859 -5745.1982
v -0.7593 -13.4115 -5745.1982
v 15.2407 -14.8975 -5745.1982
v 29.9017 -11.7720 -5745.1982
v -10.2995 -5.6388 -5745.1982
v -0.7593 -2.0945 -5745.1982
v 16.5974 3.3348 -5746.5972
v 28.6426 0.4994 -5746.5972
v 22.8352 8.3768 -5752.8628
v 23.3625 8.3768 -5752.8628
v -9.8421 -9.0850 -5729.1982
v -0.7593 -13.3490 -5729.1982
v 15.2407 -14.0376 -5729.1982
v 27.5230 -9.7736 -5729.1982
v -12.4757 -0.7064 -5728.9141
v -0.7593 2.8877 -5731.6641
v 14.6793 2.5966 -5728.2549
v 27.5230 -4.6829 -5729.1982
v -13.5095 9.7415 -5723.3916
v -0.7593 9.7464 -5723.6641
v 8.9717 8.7977 -5722.2930
v -9.8339 -8.9760 -5720.3262
v -0.7593 -10.8868 -5719.1768
v 15.2407 -10.1872 -5719.6323
v 23.6935 -8.0431 -5720.9331
v -27.0797 5.6837 -5710.1035
v -17.0050 0.5666 -5715.2148
v -0.6017 0.5961 -5712.4038
v 14.6793 -0.6666 -5719.1685
v 23.6935 -6.6549 -5720.9331
v -26.6360 16.3160 -5709.0825
v -18.5781 16.4671 -5713.1211
v -0.6017 11.9864 -5714.0210
v 8.9717 8.7977 -5719.9028
v -24.9412 24.4316 -5705.4722
v -23.6467 24.4316 -5705.4722
v -27.9276 5.3329 -5697.1982
v -16.5015 4.6096 -5696.6953
v -5.8299 6.1161 -5701.6934
v -27.4031 17.5276 -5697.4746
v -17.3215 18.0974 -5697.0098
v -5.8299 12.5261 -5701.6934
v -24.9412 24.4316 -5702.9927
v -23.6467 24.4316 -5702.9927
v -27.5779 4.5025 -5681.1982
v -19.4706 4.5025 -5681.1982
v -27.5779 14.1724 -5681.1982
v -19.4706 14.1724 -5681.1982
v -26.6134 4.5765 -5668.7671
v -16.9578 5.5711 -5664.9067
v -0.7593 6.9944 -5660.0918
v 7.2481 8.3040 -5657.2075
v -26.6134 11.4385 -5668.7671
v -16.9578 10.9777 -5664.9067
v -0.7593 9.9774 -5660.0918
v 7.2481 8.3303 -5657.2075
v -9.6320 -8.6234 -5642.1992
v -6.4755 -8.6234 -5642.1992
v -12.9700 0.8659 -5648.1987
v -0.9890 -1.1475 -5648.1987
v 8.4702 5.7993 -5649.1982
v -13.3682 11.3767 -5649.1982
v -0.7593 12.5138 -5649.1982
v 8.4702 9.4530 -5649.1982
v -10.0705 -9.3617 -5633.1982
v -0.9890 -9.7424 -5633.4116
v 9.7449 -8.8779 -5628.2207
v -10.8840 -0.2486 -5633.3223
v 1.3623 0.2507 -5632.7183
v 9.3087 0.7102 -5632.5352
v -10.5521 10.1961 -5638.7383
v -0.7593 10.8523 -5636.0913
v 8.8726 9.8177 -5636.8491
v -9.6349 -8.9815 -5622.9907
v -0.9064 -10.5937 -5617.4736
v 15.1432 -9.9640 -5616.0259
v 23.4260 -7.9320 -5609.9111
v -9.6349 -5.9583 -5622.9907
v -0.9064 -1.6457 -5617.4736
v 15.1432 -2.4776 -5616.0259
v 23.4260 -7.3448 -5609.9111
v 3.7890 -11.2880 -5601.1982
v 15.2407 -12.5877 -5601.1982
v 24.0567 -8.9837 -5601.1982
v 3.7890 -1.7688 -5601.1982
v 15.2407 -0.1447 -5601.1982
v 24.0567 -6.0599 -5601.1982
v -8.9210 -7.9456 -5577.4380
v -0.1736 -10.4153 -5583.7422
v 15.2407 -13.8527 -5585.1982
v 25.4099 -10.6347 -5585.1982
v -8.9210 -7.5023 -5577.4380
v 1.0312 -0.4193 -5582.8379
v 13.8109 3.8649 -5583.8223
v 25.4099 -4.0087 -5585.1982
v 7.1788 8.3545 -5577.5713
v 7.5244 8.3545 -5577.5713
v 22.3355 -23.8059 -5561.7119
v 23.4341 -23.8059 -5561.7119
v -10.1474 -9.5081 -5569.1982
v -0.7593 -13.7001 -5569.1982
v 16.2976 -18.9072 -5567.9062
v 27.5958 -15.5536 -5567.9062
v -10.1474 -5.6127 -5569.1982
v 0.8036 1.8993 -5570.7168
v 15.3760 5.7917 -5569.1445
v 27.4850 0.5605 -5567.6152
v 7.1788 8.3545 -5577.0630
v 15.3760 8.3370 -5569.1445
v 23.2495 8.3195 -5561.2266
v 22.3355 -23.8059 -5560.9800
v 23.4341 -23.8059 -5560.9800
v -11.2504 -11.4970 -5553.1982
v -0.7593 -16.7607 -5553.1982
v 16.2976 -19.1572 -5554.6670
v 27.8076 -14.9462 -5554.6670
v -11.8185 0.2640 -5552.6748
v -0.0627 4.3839 -5552.6748
v 16.8328 4.7526 -5554.7812
v 27.6968 0.6328 -5554.7812
v -10.5364 9.2438 -5546.9922
v -4.9316 9.2438 -5546.9922
v 23.2275 8.3195 -5561.1694
v 23.2495 8.3195 -5561.1694
v -10.3918 -10.5974 -5541.8276
v -0.7593 -12.3233 -5540.0220
v 15.2407 -11.2160 -5541.2847
v 25.5833 -9.1209 -5543.5117
v -26.5807 5.3006 -5531.8667
v -15.7974 -0.2197 -5536.8472
v 2.0240 1.3829 -5536.2163
v 11.9103 1.9190 -5536.9385
v 25.5833 -4.4893 -5543.5117
v -26.5807 11.7778 -5531.8667
v -16.2256 13.7112 -5537.1992
v -0.0627 11.7780 -5536.7646
v 7.4698 8.5559 -5531.1426
v -27.6714 5.0655 -5521.1982
v -16.7593 2.3578 -5521.1982
v -2.2276 5.4836 -5522.6406
v 7.4698 7.2056 -5528.9355
v -27.5454 16.7931 -5520.5732
v -16.7593 22.3641 -5522.8960
v -3.2904 16.0704 -5521.3857
v 7.4698 8.5559 -5528.9355
v -25.5200 24.6253 -5514.8237
v -16.7593 24.5693 -5514.8960
v -8.7076 24.3445 -5513.8364
v -26.9061 5.8256 -5505.1982
v -17.5008 6.1911 -5506.5303
v -8.5398 8.0951 -5512.7520
v -26.9331 15.8421 -5505.9795
v -17.5008 15.8421 -5505.6753
v -8.5559 16.3160 -5512.8179
v -25.5200 24.6253 -5511.8340
v -16.7593 24.5693 -5512.1294
v -8.7076 24.3445 -5513.1372
v -25.6717 6.1868 -5489.1982
v -17.5008 5.6309 -5489.0039
v -6.3854 6.6798 -5483.5410
v -25.6717 10.3082 -5489.1982
v -17.5008 11.7141 -5489.0039
v -6.3854 11.3232 -5483.5410
v -25.1749 7.4789 -5480.4702
v -16.4005 5.2477 -5474.3613
v -0.9350 4.3863 -5473.2827
v 8.9410 6.0433 -5468.0059
v -25.1749 9.0954 -5480.4702
v -16.4005 11.6397 -5474.3613
v -0.9350 12.3019 -5473.2827
v 8.9410 10.1991 -5468.0059
v -10.2253 -9.5842 -5451.9814
v -0.7593 -10.0028 -5452.6831
v 8.9984 -8.8755 -5451.0615
v -10.9811 0.3317 -5457.2681
v 0.8863 1.0833 -5456.1919
v 8.9697 1.1981 -5455.9658
v -10.4370 9.7375 -5457.1982
v -1.6554 10.5831 -5456.2012
v 8.9410 10.1991 -5460.8701
v -10.2253 -9.5842 -5446.4766
v -0.6529 -10.6131 -5441.1650
v 12.2672 -9.9203 -5441.1982
v -9.9850 0.3160 -5446.9634
v -1.4174 1.5569 -5442.3750
v 12.2672 -1.8227 -5441.1982
v -8.9276 8.4585 -5448.9399
v -7.5862 8.4585 -5448.9399
v 4.3290 -10.5127 -5425.1982
v 16.6072 -10.4947 -5426.3418
v 23.8028 -8.5970 -5421.7705
v 4.3290 -2.2976 -5425.1982
v 16.6072 -2.4588 -5426.3418
v 23.8028 -6.1572 -5421.7705
v 4.3418 -11.0692 -5409.1982
v 15.2407 -13.3682 -5409.1982
v 24.8758 -9.9831 -5409.1982
v 4.3418 -1.7063 -5409.1982
v 15.2407 3.3855 -5409.1982
v 24.8758 -2.5922 -5409.1982
v 22.0205 -23.9291 -5385.9722
v 23.7404 -23.9291 -5385.9722
v -10.5231 -10.5880 -5387.6265
v -0.6426 -12.5050 -5393.0552
v 16.1086 -18.4540 -5392.0625
v 26.8987 -15.3755 -5392.0625
v -10.5231 -5.7645 -5387.6265
v -0.6426 -2.6439 -5393.0552
v 15.2407 3.8371 -5393.1982
v 27.4383 -1.0234 -5393.1982
v 22.0205 -23.9291 -5384.6714
v 23.7404 -23.9291 -5384.6714
v -10.7701 -11.2789 -5377.1982
v -0.7593 -14.9492 -5377.1982
v 16.1086 -18.0129 -5378.4819
v 27.6677 -15.0766 -5378.4819
v -10.7701 -3.8638 -5377.1982
v -0.7593 0.4839 -5377.1982
v 15.2407 2.1145 -5377.1982
v 28.3997 -2.2332 -5377.1982
v -9.6767 -9.5733 -5365.1279
v -1.0673 -10.6870 -5360.3560
v 14.4751 -10.5461 -5361.2437
v 26.1404 -9.3384 -5366.6069
v -25.0855 7.2634 -5353.6074
v -13.7239 0.4856 -5360.0420
v -3.2651 0.3150 -5360.8926
v 13.7304 1.4153 -5361.0996
v 26.1404 -4.0348 -5366.6069
v -25.0855 8.9672 -5353.6074
v -16.7593 10.9521 -5356.2271
v -0.7593 10.8262 -5357.7158
v 8.1629 8.7993 -5355.5923
v 4.0607 -8.5048 -5352.6880
v 8.6313 -8.5048 -5352.6880
v -26.8564 6.3082 -5345.1982
v -16.7593 1.8882 -5345.1982
v -1.3325 0.0360 -5347.1479
v 8.9753 0.3160 -5352.1230
v -26.8880 15.1067 -5344.1846
v -16.6801 19.3355 -5344.1846
v -1.1391 12.8348 -5346.2441
v 8.1629 8.7993 -5352.2744
v -25.5111 24.6726 -5338.1758
v -21.9606 24.6726 -5338.1758
v -26.6321 7.0707 -5329.1982
v -18.3269 6.4192 -5329.4194
v -6.7256 6.8151 -5334.9004
v -26.7086 14.8297 -5329.3501
v -17.9996 15.8363 -5329.5093
v -6.7256 12.5004 -5334.9004
v -25.5111 24.6726 -5334.7847
v -21.9606 24.6726 -5334.7847
v -25.8010 6.7250 -5313.1982
v -18.3269 6.6205 -5312.3013
v -8.0630 7.6115 -5306.3696
v -25.8010 10.1358 -5313.1982
v -18.3269 10.9103 -5312.3013
v -8.0630 10.2135 -5306.3696
v -26.1211 6.2305 -5302.6362
v -16.8037 5.5509 -5297.2612
v -1.9415 6.0564 -5296.2749
v 8.0647 7.0731 -5290.3262
v -26.1211 10.5528 -5302.6362
v -16.8037 12.0069 -5297.2612
v -1.9415 11.4770 -5296.2749
v 8.0647 9.6696 -5290.3262
v -10.4057 -9.6224 -5275.2471
v -0.7593 -9.7708 -5275.7080
v 8.2171 -8.5280 -5274.4956
v -12.0761 0.8248 -5280.8276
v -0.7593 -1.9801 -5283.7080
v 9.2061 1.1702 -5280.3765
v -11.6705 10.6806 -5281.1982
v -0.7593 12.7116 -5281.1982
v 8.9652 10.3469 -5281.1982
v -10.4057 -9.6224 -5268.0483
v -2.2238 -10.2433 -5263.7080
v 10.9324 -9.4293 -5265.1982
v -10.8498 0.3160 -5267.9531
v -2.2238 0.2018 -5261.0889
v 11.0793 0.2018 -5265.2847
v -9.9002 9.4516 -5271.3540
v -0.7593 10.1834 -5269.9233
v 8.7160 9.6703 -5270.6758
v 1.7373 -10.3442 -5249.1982
v 16.0082 -10.4035 -5249.6240
v 23.9236 -8.6696 -5244.5752
v 1.7373 -2.8590 -5249.1982
v 16.0082 -2.9752 -5249.6240
v 23.9236 -6.2693 -5244.5752
v 4.3645 -10.9073 -5233.1982
v 15.2407 -13.2282 -5233.1982
v 24.8432 -10.0049 -5233.1982
v 4.8327 1.0901 -5232.2061
v 13.9173 3.7036 -5232.2061
v 24.8432 -4.4173 -5233.1982
v 7.0624 8.4045 -5226.2109
v 7.7017 8.4045 -5226.2109
v -10.4929 -10.6025 -5211.3516
v -0.1220 -11.5258 -5216.8901
v 15.2407 -14.1339 -5217.1982
v 27.0048 -11.5205 -5217.1982
v -10.4929 -5.8648 -5211.3516
v 1.0160 -0.3404 -5217.9497
v 15.2458 5.5538 -5217.0303
v 26.3254 0.4806 -5215.7871
v 7.0624 8.4045 -5224.5479
v 15.2458 8.3906 -5217.0303
v 23.3630 8.3767 -5209.5137
v -10.3700 -10.3340 -5201.1982
v -0.7593 -13.4327 -5201.1982
v 15.2407 -14.9286 -5201.1982
v 31.7797 -11.0326 -5199.8135
v 39.2820 -7.7371 -5193.5576
v -10.3700 -5.5185 -5201.1982
v -0.7593 -1.9495 -5201.1982
v 16.5702 3.4708 -5202.5781
v 30.4177 -0.7243 -5201.1943
v 39.2820 -7.5973 -5193.5576
v 22.7899 8.3767 -5208.8311
v 23.3630 8.3767 -5208.8311
v -9.8948 -9.1879 -5185.1982
v -0.7593 -13.7183 -5185.1982
v 15.2407 -14.4550 -5185.1982
v 29.9989 -9.5083 -5186.7397
v 39.2820 -7.7371 -5193.1006
v -12.2470 -0.6431 -5184.8281
v -0.7593 3.0351 -5187.5732
v 14.7259 2.9389 -5184.2676
v 29.9989 -4.9434 -5186.7397
v 39.2820 -7.5973 -5193.1006
v -13.0582 9.5748 -5179.2480
v -0.7593 9.6318 -5179.5732
v 9.0494 8.8116 -5178.3145
v -9.8592 -9.0744 -5176.2441
v -0.7593 -11.0965 -5175.0078
v 15.2407 -10.4032 -5175.4590
v 23.8377 -8.1500 -5176.8457
v -26.9321 5.7373 -5165.7900
v -16.7920 0.6047 -5171.0171
v -0.6372 0.6096 -5168.2480
v 14.7259 -0.4951 -5175.0088
v 23.8377 -6.3692 -5176.8457
v -26.4261 16.3160 -5164.6987
v -18.7426 16.3241 -5168.8652
v -0.6372 11.8231 -5170.0000
v 9.0494 8.8116 -5175.8682
v -24.8090 24.3479 -5161.2734
v -24.4270 24.3479 -5161.2734
v -27.9296 5.2860 -5153.1982
v -16.4210 4.5857 -5152.7285
v -5.8892 6.1387 -5157.7485
v -27.3253 17.5431 -5154.3042
v -17.6445 18.0506 -5153.7285
v -5.8892 12.4067 -5157.7485
v -24.8090 24.3479 -5160.3750
v -24.4270 24.3479 -5160.3750
v -27.6687 4.3936 -5137.1982
v -19.4189 4.3936 -5137.1982
v -27.6687 14.2086 -5137.1982
v -19.4189 14.2086 -5137.1982
v -26.5842 4.5474 -5124.5938
v -17.1123 5.5201 -5120.8340
v -3.7568 6.4928 -5117.0742
v -26.5842 11.4609 -5124.5938
v -17.1123 11.0473 -5120.8340
v -3.7568 10.6338 -5117.0742
v -9.5116 -8.4847 -5098.0654
v -6.8607 -8.4847 -5098.0654
v -13.1005 0.8221 -5104.1187
v 0.0246 0.5056 -5105.4604
v 8.8351 5.1850 -5102.1885
v -13.6216 11.5243 -5105.1982
v 0.6422 11.7639 -5106.5923
v 8.8351 9.7847 -5102.1885
v -10.0229 -9.3159 -5089.1982
v -1.2201 -9.6442 -5089.2148
v 9.5034 -8.7752 -5083.8936
v -10.9024 -0.1521 -5089.2256
v 1.1972 0.4372 -5088.4609
v 9.1692 0.8475 -5088.3145
v -10.6463 10.2759 -5094.5781
v -0.7593 10.8874 -5091.8862
v 8.8351 9.7847 -5092.7358
v -9.6919 -9.0592 -5078.9150
v -0.9157 -10.5828 -5073.4282
v 14.9983 -9.8968 -5071.9775
v 23.4123 -7.9159 -5065.8311
v -9.6919 -5.7976 -5078.9150
v -0.9157 -1.5227 -5073.4282
v 14.9983 -2.4666 -5071.9775
v 23.4123 -7.3708 -5065.8311
v 3.8621 -11.2050 -5057.1982
v 15.2407 -12.4880 -5057.1982
v 24.0484 -8.9671 -5057.1982
v 3.8621 -1.7990 -5057.1982
v 15.2407 -0.2137 -5057.1982
v 24.0484 -6.0987 -5057.1982
v -8.7680 -7.6979 -5033.2109
v -0.1057 -10.2187 -5039.6060
v 15.2407 -13.6944 -5041.1982
v 25.2733 -10.5364 -5041.1982
v -8.7680 -7.6741 -5033.2109
v 1.0751 -0.5166 -5038.8125
v 13.9035 3.8445 -5039.9277
v 25.2733 -4.0170 -5041.1982
v 7.1535 8.3703 -5033.7471
v 7.6787 8.3703 -5033.7471
v 21.9683 -23.8711 -5017.9634
v 23.5403 -23.8711 -5017.9634
v -10.0120 -9.3183 -5025.1982
v -0.7593 -13.5647 -5025.1982
v 16.0773 -18.8758 -5024.0571
v 27.6182 -15.4786 -5024.0571
v -10.0120 -5.8121 -5025.1982
v 0.7884 1.7741 -5026.6846
v 15.4557 5.8276 -5025.1133
v 27.4416 0.5693 -5023.6094
v 7.1535 8.3703 -5033.0088
v 15.4557 8.3442 -5025.1133
v 23.2459 8.3181 -5017.2173
v 21.9683 -23.8711 -5016.8701
v 23.5403 -23.8711 -5016.8701
v -11.1569 -11.4264 -5009.1982
v -0.7593 -16.7390 -5009.1982
v 16.0773 -19.1712 -5010.6016
v 27.9537 -14.9211 -5010.6016
v -11.6898 0.2076 -5008.6221
v -0.1193 4.3780 -5008.6221
v 16.8359 4.8269 -5010.7871
v 27.7771 0.6565 -5010.7871
v -10.4466 9.2088 -5002.9043
v -5.0259 9.2088 -5002.9043
v 23.2328 8.3181 -5017.1797
v 23.2459 8.3181 -5017.1797
v -10.2946 -10.5088 -4997.8047
v -0.7593 -12.2793 -4995.8027
v 15.2407 -11.2072 -4997.0811
v 25.6047 -9.0792 -4999.5093
v -26.5283 5.3811 -4987.7695
v -15.7039 -0.1736 -4992.7871
v 1.9836 1.1448 -4992.3003
v 11.9627 1.6927 -4993.0308
v 25.6047 -4.4498 -4999.5093
v -26.5283 11.6758 -4987.7695
v -16.1717 13.5826 -4993.1411
v -0.1193 11.7794 -4993.0571
v 7.5920 8.6705 -4987.6299
v -27.6446 5.1157 -4977.1982
v -16.7593 2.3883 -4977.1982
v -2.2013 5.1112 -4978.5576
v 7.5920 6.6112 -4984.7969
v -27.5825 16.7319 -4976.6338
v -16.7593 22.2296 -4979.2812
v -3.2455 16.0891 -4977.5234
v 7.5920 8.6705 -4984.7969
v -25.6176 24.6686 -4970.9238
v -16.7593 24.6202 -4971.2812
v -8.6617 24.3690 -4970.2500
v -26.9288 5.8515 -4961.1982
v -17.5027 6.1891 -4962.4971
v -8.4960 8.0572 -4968.6963
v -27.0099 15.8318 -4961.9258
v -17.5027 15.8318 -4961.5586
v -8.4886 16.3160 -4968.7393
v -25.6176 24.6686 -4967.7437
v -16.7593 24.6202 -4968.0249
v -8.6617 24.3690 -4969.0879
v -25.7838 6.0404 -4945.1982
v -17.5027 5.4953 -4944.9961
v -6.4288 6.6490 -4939.5278
v -25.7838 10.4770 -4945.1982
v -17.5027 11.9050 -4944.9961
v -6.4288 11.4164 -4939.5278
v -25.3108 7.2355 -4936.2539
v -16.3870 5.1789 -4930.2314
v -0.9610 4.4163 -4929.2881
v 9.0014 5.9644 -4924.0146
v -25.3108 9.3376 -4936.2539
v -16.3870 11.8130 -4930.2314
v -0.9610 12.3917 -4929.2881
v 9.0014 10.3021 -4924.0146
v -10.2489 -9.5933 -4907.8887
v -0.7593 -9.9352 -4908.5195
v 8.8491 -8.7762 -4906.9365
v -11.0706 0.4274 -4913.2119
v 1.1046 1.0014 -4912.1328
v 8.9253 1.0227 -4911.9434
v -10.5313 9.7989 -4913.1982
v -1.3499 10.6940 -4912.2490
v 9.0014 10.3021 -4916.9502
v -10.2489 -9.5933 -4902.3926
v -0.6425 -10.5148 -4897.1143
v 12.0675 -9.7905 -4897.1982
v -10.1139 0.3160 -4902.7305
v -1.1541 1.3803 -4898.2197
v 12.0675 -2.0875 -4897.1982
v -9.0759 8.5868 -4904.7134
v -7.0769 8.5868 -4904.7134
v 4.2624 -10.5565 -4881.1982
v 16.5371 -10.5352 -4882.2559
v 23.8174 -8.6059 -4877.6274
v 4.2624 -2.3169 -4881.1982
v 16.5371 -2.4564 -4882.2559
v 23.8174 -6.1275 -4877.6274
v 4.2979 -11.2322 -4865.1982
v 15.2407 -13.4322 -4865.1982
v 24.8132 -9.8839 -4865.1982
v 4.2979 -1.7991 -4865.1982
v 15.2407 3.2291 -4865.1982
v 24.8132 -2.6559 -4865.1982
v 22.3022 -23.8631 -4841.7627
v 23.6153 -23.8631 -4841.7627
v -10.4332 -10.5294 -4843.4395
v -0.6141 -12.4673 -4848.9434
v 16.2776 -18.3669 -4847.9365
v 26.5938 -15.2908 -4847.9365
v -10.4332 -5.8901 -4843.4395
v -0.6141 -2.8637 -4848.9434
v 15.2407 3.5123 -4849.1982
v 27.1511 -1.1678 -4849.1982
v 22.3022 -23.8631 -4840.7939
v 23.6153 -23.8631 -4840.7939
v -10.6634 -11.1643 -4833.1982
v -0.7593 -14.7996 -4833.1982
v 16.2776 -17.9858 -4834.5557
v 27.3818 -15.0775 -4834.5557
v -10.6634 -4.1822 -4833.1982
v -0.7593 0.0781 -4833.1982
v 15.2407 1.8746 -4833.1982
v 28.1361 -2.3856 -4833.1982
v -9.6242 -9.4790 -4821.1641
v -1.2205 -10.7555 -4816.3779
v 14.6538 -10.6720 -4817.1934
v 26.0739 -9.3398 -4822.5234
v -25.1414 7.1178 -4809.6689
v -13.7014 0.3000 -4815.9775
v -3.3744 0.1682 -4816.6875
v 13.8592 1.3251 -4816.9238
v 26.0739 -4.1601 -4822.5234
v -25.1414 9.0814 -4809.6689
v -16.7593 10.9273 -4812.0879
v -0.7593 10.6818 -4813.3301
v 8.1226 8.7541 -4811.3252
v 3.8054 -8.6705 -4808.5854
v 8.9291 -8.6705 -4808.5854
v -26.9772 6.1052 -4801.1982
v -16.7593 1.6404 -4801.1982
v -1.4068 0.0061 -4803.1245
v 9.1685 0.3160 -4808.0879
v -26.9797 15.1752 -4800.1875
v -16.7061 19.3267 -4800.1875
v -1.0751 12.7303 -4802.2773
v 8.1226 8.7541 -4808.3301
v -25.5028 24.6754 -4794.1797
v -22.0040 24.6754 -4794.1797
v -27.3344 6.5664 -4788.0781
v -16.7593 5.8248 -4787.5278
v -6.6189 6.7440 -4790.7578
v -27.2483 16.3160 -4787.4199
v -16.7061 17.2377 -4787.1113
v -6.6189 12.5189 -4790.7578
v -25.5028 24.6754 -4790.6138
v -22.0040 24.6754 -4790.6138
v -26.0862 6.3008 -4766.2720
v -16.7593 6.3213 -4765.8564
v -8.1297 7.6716 -4762.3359
v -26.0862 10.4862 -4766.2720
v -16.7593 11.2646 -4765.8564
v -8.1297 10.0773 -4762.3359
v -26.0862 6.3008 -4758.6250
v -16.8516 5.6446 -4753.2539
v -1.9815 6.1207 -4752.2510
v 8.0462 7.0943 -4746.2866
v -26.0862 10.4862 -4758.6250
v -16.8516 11.8990 -4753.2539
v -1.9815 11.4007 -4752.2510
v 8.0462 9.6557 -4746.2866
v -10.3243 -9.5269 -4731.1113
v -0.7593 -9.6461 -4731.5322
v 8.1310 -8.4573 -4730.3970
v -12.0481 0.8403 -4736.7461
v -0.7593 -1.9448 -4739.5322
v 9.2064 1.1830 -4736.3174
v -11.6966 10.6724 -4737.1982
v -0.7593 12.7697 -4737.1982
v 9.0301 10.4133 -4737.1982
v -9.9392 -9.0756 -4721.1982
v -0.7593 -10.7896 -4721.1982
v 10.8835 -9.3980 -4721.1982
v -10.3607 -1.2678 -4721.7275
v -0.7593 2.1799 -4717.9336
v 11.1032 0.1909 -4721.2568
v -9.8551 9.4177 -4727.4141
v -0.7593 10.2347 -4725.9336
v 8.8211 9.7726 -4726.6294
v -8.7675 -7.6966 -4713.1719
v -0.5354 -9.8500 -4706.7822
v 16.0208 -10.3993 -4705.5596
v 23.8871 -8.6121 -4700.4673
v -8.7675 -7.6570 -4713.1719
v -0.5354 -3.7477 -4706.7822
v 16.0208 -2.9710 -4705.5596
v 23.8871 -6.3624 -4700.4673
v 4.3205 -10.8960 -4689.1982
v 15.2407 -13.1189 -4689.1982
v 24.7454 -9.9069 -4689.1982
v 4.7821 1.1611 -4688.3340
v 13.9332 3.6067 -4688.3340
v 24.7454 -4.6271 -4689.1982
v 7.0367 8.4170 -4682.4248
v 7.7282 8.4170 -4682.4248
v -10.5199 -10.6010 -4667.4019
v -0.1194 -11.3682 -4672.9204
v 15.2407 -13.8488 -4673.1982
v 26.8701 -11.4313 -4673.1982
v -10.5199 -5.8329 -4667.4019
v 1.0053 -0.3742 -4673.8926
v 15.2620 5.4107 -4672.9189
v 26.2084 0.3686 -4671.7524
v 7.0367 8.4170 -4680.3828
v 15.2620 8.3928 -4672.9189
v 23.3477 8.3687 -4665.4556
v -10.4616 -10.4300 -4657.1982
v -0.7593 -13.4931 -4657.1982
v 15.2407 -15.0048 -4657.1982
v 31.7283 -11.1621 -4656.0205
v 39.3341 -7.8038 -4649.9019
v -10.4616 -5.3387 -4657.1982
v -0.7593 -1.7759 -4657.1982
v 16.5737 3.6056 -4658.5850
v 30.3672 -0.5535 -4657.3721
v 39.3341 -7.4886 -4649.9019
v 22.7958 8.3687 -4664.8428
v 23.3477 8.3687 -4664.8428
v -9.9693 -9.3401 -4641.1982
v -0.7593 -14.1217 -4641.1982
v 15.2407 -14.9218 -4641.1982
v 30.0771 -9.7208 -4642.6646
v 39.3341 -7.8038 -4648.9756
v -12.0705 -0.5184 -4640.8018
v -0.7593 3.2594 -4643.5381
v 14.7511 3.2765 -4640.2661
v 30.0771 -4.5954 -4642.6646
v 39.3341 -7.4886 -4648.9756
v -12.6647 9.4945 -4635.2051
v -0.7593 9.5733 -4635.5381
v 9.0914 8.8139 -4634.3115
v -9.8634 -9.1479 -4632.1782
v -0.7593 -11.2699 -4630.8594
v 15.2407 -10.5909 -4631.2998
v 23.9680 -8.2426 -4632.7646
v -26.8483 5.7283 -4621.5020
v -16.5974 0.6220 -4626.8398
v -0.6890 0.6358 -4624.1260
v 14.7511 -0.3520 -4630.8779
v 23.9680 -6.1307 -4632.7646
v -26.8483 13.4100 -4621.5020
v -17.5026 14.4752 -4626.1807
v -0.6890 11.7175 -4625.9966
v 9.0914 8.8139 -4631.8623
v -27.9719 5.1962 -4609.1982
v -16.3546 4.5400 -4608.7793
v -5.9754 6.1824 -4613.8340
v -27.9719 15.6694 -4609.1982
v -16.3546 16.5945 -4608.7793
v -5.9754 12.3088 -4613.8340
v -27.7329 4.3121 -4593.1982
v -19.4111 4.3121 -4593.1982
v -27.7329 14.2018 -4593.1982
v -19.4111 14.2018 -4593.1982
v -26.5296 4.5494 -4580.4199
v -17.2724 5.4951 -4576.7461
v -4.0515 6.4408 -4573.0723
v -26.5296 11.4532 -4580.4199
v -17.2724 11.0906 -4576.7461
v -4.0515 10.7280 -4573.0723
v -9.3801 -8.3371 -4553.9180
v -7.2460 -8.3371 -4553.9180
v -13.1926 0.7909 -4560.0303
v -0.3154 0.5362 -4561.2305
v 8.8700 5.2982 -4557.8750
v -13.8353 11.6312 -4561.1982
v 0.4654 11.8711 -4562.4043
v 8.8700 9.8209 -4557.8750
v -9.9585 -9.2512 -4545.1982
v -1.4513 -9.5266 -4545.0171
v 9.2507 -8.6654 -4539.5635
v -10.8900 -0.0614 -4545.1455
v 1.0321 0.5752 -4544.1963
v 9.0604 0.9328 -4544.0732
v -10.7115 10.3243 -4550.4443
v -0.7593 10.9509 -4547.6714
v 8.8700 9.8209 -4548.5830
v -9.7374 -9.1206 -4534.8584
v -0.9081 -10.5372 -4529.3940
v 14.8467 -9.7978 -4527.9170
v 23.3904 -7.8882 -4521.7295
v -9.7374 -5.6463 -4534.8584
v -0.9081 -1.4158 -4529.3940
v 14.8467 -2.4749 -4527.9170
v 23.3904 -7.4115 -4521.7295
v 3.9637 -11.0826 -4513.1982
v 15.2407 -12.3256 -4513.1982
v 24.0237 -8.9270 -4513.1982
v 3.9637 -1.8361 -4513.1982
v 15.2407 -0.3168 -4513.1982
v 24.0237 -6.1648 -4513.1982
v 2.5196 -10.7502 -4497.1982
v 15.2407 -13.5744 -4497.1982
v 25.2109 -10.5083 -4497.1982
v 3.3749 0.8996 -4496.1670
v 14.1174 3.8912 -4496.1670
v 25.2109 -3.9446 -4497.1982
v 7.0925 8.4086 -4490.1465
v 8.0352 8.4086 -4490.1465
v 21.6749 -23.9293 -4474.1733
v 23.6373 -23.9293 -4474.1733
v -10.4095 -9.8623 -4478.1299
v -2.0633 -12.4043 -4482.5571
v 15.9012 -18.8848 -4480.1831
v 27.7010 -15.4715 -4480.1831
v -10.4095 -5.2744 -4478.1299
v -0.5867 0.1595 -4483.5063
v 14.1174 5.4077 -4482.6084
v 28.5186 -1.2775 -4481.1982
v 7.0925 8.4086 -4488.8828
v 8.0352 8.4086 -4488.8828
v 21.6749 -23.9293 -4472.7773
v 23.6373 -23.9293 -4472.7773
v -11.1272 -11.4156 -4465.1982
v -0.7593 -16.7444 -4465.1982
v 15.9012 -19.1685 -4466.5454
v 28.1046 -14.9055 -4466.5454
v -11.6116 0.1617 -4464.5684
v -0.1934 4.3374 -4464.5684
v 15.2407 3.9835 -4465.1982
v 29.0231 -1.2360 -4465.1982
v -10.3560 9.1730 -4458.8154
v -5.1494 9.1730 -4458.8154
v -10.2663 -10.4812 -4453.7217
v -0.7593 -12.2647 -4451.5508
v 15.2407 -11.1937 -4452.8765
v 25.6461 -9.0531 -4455.4893
v -26.4527 5.4455 -4443.6455
v -15.6445 -0.1304 -4448.6836
v 1.9306 0.9067 -4448.2803
v 12.0130 1.4683 -4449.0381
v 25.6461 -4.3960 -4455.4893
v -26.4527 11.5415 -4443.6455
v -16.1173 13.4142 -4449.0664
v -0.1934 11.7525 -4449.2314
v 7.7095 8.7719 -4443.9199
v -27.6731 5.0941 -4433.1982
v -16.7593 2.3602 -4433.1982
v -2.1781 4.7601 -4434.4785
v 7.7095 6.0347 -4440.6660
v -27.6519 16.6513 -4432.6665
v -16.7593 22.0460 -4435.4746
v -3.2093 16.0846 -4433.5591
v 7.7095 8.7719 -4440.6660
v -25.6952 24.7041 -4426.9785
v -16.7593 24.6598 -4427.4746
v -8.6280 24.3863 -4426.4521
v -27.0192 5.8357 -4417.1982
v -17.5183 6.1581 -4418.4736
v -8.4573 8.0265 -4424.6577
v -27.1288 15.8174 -4417.8838
v -17.5183 15.8174 -4417.4746
v -8.4343 16.3160 -4424.6865
v -25.6952 24.7041 -4423.6738
v -16.7593 24.6598 -4423.9487
v -8.6280 24.3863 -4425.0566
v -25.8867 5.9301 -4401.1982
v -17.5183 5.4019 -4400.9727
v -6.4935 6.6403 -4395.4893
v -25.8867 10.6281 -4401.1982
v -17.5183 12.0644 -4400.9727
v -6.4935 11.4805 -4395.4893
v -25.4410 7.0165 -4392.0571
v -16.3722 5.1270 -4386.1133
v -0.9998 4.4732 -4385.2705
v 9.0266 5.9267 -4379.9863
v -25.4410 9.5632 -4392.0571
v -16.3722 11.9713 -4386.1133
v -0.9998 12.4547 -4385.2705
v 9.0266 10.3689 -4379.9863
v -10.2539 -9.5722 -4363.7812
v -0.7593 -9.9804 -4364.5254
v 8.9316 -8.8576 -4363.0508
v -11.1411 0.5121 -4369.1475
v 1.4260 1.1881 -4368.0483
v 8.9791 1.1700 -4367.8984
v -10.6156 9.8702 -4369.1982
v -0.8999 10.7911 -4368.1270
v 9.0266 10.3689 -4372.7461
v -10.2539 -9.5722 -4358.3408
v -0.6193 -10.4961 -4353.0840
v 12.0090 -9.7829 -4353.1982
v -10.2205 0.3160 -4358.5356
v -0.7598 1.4884 -4354.0898
v 12.0090 -1.9253 -4353.1982
v -9.2129 8.7079 -4360.5054
v -6.3270 8.7079 -4360.5054
v 4.2223 -10.5717 -4337.1982
v 16.4408 -10.5771 -4338.1729
v 23.8525 -8.6555 -4333.4902
v 4.2223 -2.3810 -4337.1982
v 16.4408 -2.4661 -4338.1729
v 23.8525 -6.0583 -4333.4902
v 4.2803 -11.3577 -4321.1982
v 15.2407 -13.5951 -4321.1982
v 24.8579 -9.9214 -4321.1982
v 4.2803 -1.9130 -4321.1982
v 15.2407 3.0689 -4321.1982
v 24.8579 -2.7021 -4321.1982
v 22.6501 -23.7907 -4297.5342
v 23.4699 -23.7907 -4297.5342
v -10.4366 -10.5731 -4299.3662
v -0.5730 -12.4539 -4304.8984
v 16.4863 -18.3275 -4303.7998
v 26.3357 -15.2910 -4303.7998
v -10.4366 -5.9171 -4299.3662
v -0.5730 -3.0411 -4304.8984
v 15.2407 3.1289 -4305.1982
v 26.9375 -1.3496 -4305.1982
v 22.6501 -23.7907 -4296.9438
v 23.4699 -23.7907 -4296.9438
v -10.6213 -11.1101 -4289.1982
v -0.7593 -14.7127 -4289.1982
v 16.4863 -17.9798 -4290.6455
v 27.0872 -15.0978 -4290.6455
v -10.6213 -4.4267 -4289.1982
v -0.7593 -0.2484 -4289.1982
v 15.2407 1.6333 -4289.1982
v 27.8768 -2.5450 -4289.1982
v -9.5647 -9.3631 -4277.2461
v -1.3206 -10.8268 -4272.4268
v 14.8290 -10.8332 -4273.1133
v 26.0375 -9.3736 -4278.3906
v -25.1832 7.0198 -4265.7124
v -13.6759 0.1498 -4271.9219
v -3.4460 0.0502 -4272.5000
v 13.9838 1.2631 -4272.7266
v 26.0375 -4.2611 -4278.3906
v -25.1832 9.1686 -4265.7124
v -16.7593 10.8655 -4267.9287
v -0.7593 10.5215 -4268.9414
v 8.0796 8.7099 -4267.0625
v 3.6385 -8.8274 -4264.4893
v 9.2212 -8.8274 -4264.4893
v -27.0671 5.9488 -4257.1982
v -16.7593 1.4793 -4257.1982
v -1.4474 0.0029 -4259.1055
v 9.3553 0.3160 -4264.0596
v -27.0563 15.2275 -4256.2012
v -16.7259 19.2698 -4256.2012
v -1.0238 12.5946 -4258.3125
v 8.0796 8.7099 -4264.3892
v -25.5106 24.6870 -4250.2031
v -22.0369 24.6870 -4250.2031
v -27.4125 6.4560 -4244.3301
v -16.7593 5.7021 -4243.6250
v -6.5334 6.6908 -4246.6357
v -27.3126 16.3160 -4243.4541
v -16.7259 17.2302 -4243.0654
v -6.5334 12.5063 -4246.6357
v -25.5106 24.6870 -4246.4072
v -22.0369 24.6870 -4246.4072
v -26.0346 6.3044 -4221.9121
v -16.7593 6.3791 -4221.5405
v -8.2075 7.7450 -4218.2734
v -26.0346 10.3949 -4221.9121
v -16.7593 11.0645 -4221.5405
v -8.2075 9.9017 -4218.2734
v -26.0346 6.3044 -4214.6377
v -16.9179 5.6886 -4209.2617
v -2.0282 6.1759 -4208.2285
v 8.0297 7.1167 -4202.2480
v -26.0346 10.3949 -4214.6377
v -16.9179 11.7700 -4209.2617
v -2.0282 11.3171 -4208.2285
v 8.0297 9.6401 -4202.2480
v -10.2317 -9.4182 -4186.9648
v -0.7593 -9.5062 -4187.3379
v 8.0361 -8.3795 -4186.2842
v -12.0225 0.8381 -4192.6582
v -0.7593 -1.9308 -4195.3379
v 9.1983 1.1964 -4192.2495
v -11.7341 10.6738 -4193.1982
v -0.7593 12.8316 -4193.1982
v 9.0911 10.4737 -4193.1982
v -9.9104 -9.0559 -4177.1982
v -0.7593 -10.7190 -4177.1982
v 10.8034 -9.3471 -4177.1982
v -10.3015 -1.1655 -4177.7783
v -0.7593 2.3013 -4173.9458
v 11.0978 0.1857 -4177.2163
v -9.7948 9.3678 -4183.4980
v -0.7593 10.2695 -4181.9458
v 8.9189 9.8688 -4182.5615
v -8.8218 -7.7790 -4169.0005
v -0.5563 -9.9120 -4162.6797
v 16.0136 -10.3696 -4161.4663
v 23.8408 -8.5417 -4156.3115
v -8.8218 -7.4865 -4169.0005
v -0.5563 -3.5982 -4162.6797
v 16.0136 -2.9891 -4161.4663
v 23.8408 -6.4714 -4156.3115
v 4.3144 -10.8571 -4145.1982
v 15.2407 -12.9578 -4145.1982
v 24.6327 -9.7847 -4145.1982
v 4.7697 1.2136 -4144.4219
v 13.9269 3.4716 -4144.4219
v 24.6327 -4.8615 -4145.1982
v 7.0241 8.4217 -4138.5713
v 7.7177 8.4217 -4138.5713
v -10.5132 -10.5605 -4123.4141
v -0.1034 -11.1630 -4128.9277
v 15.2407 -13.4978 -4129.1982
v 26.7080 -11.3064 -4129.1982
v -10.5132 -5.8359 -4123.4141
v 1.0124 -0.4585 -4129.8291
v 15.2976 5.2262 -4128.8066
v 26.0598 0.2464 -4127.7002
v 7.0241 8.4217 -4136.2451
v 15.2976 8.3872 -4128.8066
v 23.3161 8.3528 -4121.3682
v -10.5303 -10.4977 -4113.1982
v -0.7593 -13.5035 -4113.1982
v 15.2407 -15.0408 -4113.1982
v 31.6610 -11.2707 -4112.1489
v 39.3784 -7.8606 -4106.1162
v -10.5303 -5.1915 -4113.1982
v -0.7593 -1.6968 -4113.1982
v 16.6227 3.6800 -4114.6289
v 30.2953 -0.4001 -4113.5161
v 39.3784 -7.3966 -4106.1162
v 22.8774 8.3528 -4120.9160
v 23.3161 8.3528 -4120.9160
v -10.0317 -9.4740 -4097.1982
v -0.7593 -14.4756 -4097.1982
v 15.2407 -15.3492 -4097.1982
v 30.1464 -9.9208 -4098.5986
v 39.3784 -7.8606 -4104.8657
v -11.9453 -0.3988 -4096.8232
v -0.7593 3.4648 -4099.5444
v 14.7535 3.5663 -4096.2495
v 30.1464 -4.2952 -4098.5986
v 39.3784 -7.3966 -4104.8657
v -12.3727 9.4770 -4091.2407
v -0.7593 9.5531 -4091.5444
v 9.0954 8.8045 -4090.2839
v -9.8485 -9.1956 -4088.1284
v -0.7593 -11.4041 -4086.7361
v 15.2407 -10.7479 -4087.1587
v 24.0836 -8.3207 -4088.6919
v -26.8917 5.5886 -4077.3213
v -16.4439 0.5583 -4082.7249
v -0.7243 0.6433 -4080.0413
v 14.7535 -0.2359 -4086.7793
v 24.0836 -5.9372 -4088.6919
v -26.8917 13.1008 -4077.3213
v -17.3274 14.2927 -4082.0720
v -0.7243 11.7149 -4082.0110
v 9.0954 8.8045 -4087.8862
v -28.1008 5.0137 -4065.1980
v -16.3008 4.4015 -4064.8174
v -6.0344 6.1948 -4069.8967
v -28.1008 15.4205 -4065.1980
v -16.3008 16.4088 -4064.8174
v -6.0344 12.3313 -4069.8967
v -27.7736 4.2570 -4049.1980
v -19.4430 4.2570 -4049.1980
v -27.7736 14.1598 -4049.1980
v -19.4430 14.1598 -4049.1980
v -26.4554 4.5797 -4036.2356
v -17.4381 5.4983 -4032.6370
v -4.3137 6.4170 -4029.0383
v -26.4554 11.4198 -4036.2356
v -17.4381 11.1057 -4032.6370
v -4.3137 10.7915 -4029.0383
v -9.2373 -8.1809 -4009.7561
v -7.6325 -8.1809 -4009.7561
v -13.2403 0.7766 -4015.9329
v -0.6398 0.5865 -4017.0081
v 8.8824 5.4227 -4013.5933
v -14.0021 11.6819 -4017.1980
v 0.3080 11.9207 -4018.2351
v 8.8824 9.8359 -4013.5933
v -9.8759 -9.1665 -4001.1980
v -1.6833 -9.4073 -4000.8494
v 9.0384 -8.5796 -3995.2837
v -10.8377 0.0229 -4001.0891
v 0.8664 0.7245 -3999.9819
v 8.9604 1.0368 -3999.8699
v -10.7345 10.3284 -4006.3499
v -0.7593 10.9652 -4003.5056
v 8.8824 9.8359 -4004.4563
v -9.7701 -9.1637 -3990.8062
v -0.8924 -10.4755 -3985.3630
v 14.7193 -9.6868 -3983.8455
v 23.3607 -7.8492 -3977.6104
v -9.7701 -5.5058 -3990.8062
v -0.8924 -1.3219 -3985.3630
v 14.7193 -2.4980 -3983.8455
v 23.3607 -7.4660 -3977.6104
v 4.0826 -10.9205 -3969.1980
v 15.2407 -12.1008 -3969.1980
v 23.9835 -8.8644 -3969.1980
v 4.0826 -1.9167 -3969.1980
v 15.2407 -0.4889 -3969.1980
v 23.9835 -6.2561 -3969.1980
v 2.8386 -10.6248 -3953.1980
v 15.2407 -13.5392 -3953.1980
v 25.2618 -10.5984 -3953.1980
v 3.6009 0.8755 -3952.3691
v 14.3229 4.0208 -3952.3691
v 25.2618 -3.7525 -3953.1980
v 7.0437 8.4396 -3946.4832
v 8.3777 8.4396 -3946.4832
v 21.4343 -23.9802 -3930.3450
v 23.7246 -23.9802 -3930.3450
v -10.4437 -9.9276 -3933.8875
v -1.8876 -12.4268 -3938.4116
v 15.7568 -18.9671 -3936.2861
v 29.7281 -14.2731 -3935.1328
v 39.2616 -7.7182 -3929.2542
v -10.4437 -5.2984 -3933.8875
v -0.4647 0.1260 -3939.3364
v 14.3229 5.5388 -3938.5503
v 30.7353 -2.3752 -3935.6316
v 39.2616 -7.6396 -3929.2542
v 7.0437 8.4396 -3944.7852
v 8.3777 8.4396 -3944.7852
v 21.4343 -23.9802 -3928.6995
v 23.7246 -23.9802 -3928.6995
v -11.1436 -11.4456 -3921.1980
v -0.7593 -16.7494 -3921.1980
v 15.7568 -19.1470 -3922.4990
v 30.0549 -13.7178 -3923.5713
v 39.2616 -7.7182 -3929.1099
v -11.5584 0.1473 -3920.5027
v -0.2971 4.2800 -3920.5027
v 15.2407 3.9458 -3921.1980
v 31.1273 -2.4862 -3922.7451
v 39.2616 -7.6396 -3929.1099
v -10.2456 9.1240 -3914.7058
v -5.3223 9.1240 -3914.7058
v -10.2539 -10.4559 -3909.6343
v -0.7593 -12.2331 -3907.3086
v 15.2407 -11.1792 -3908.6631
v 25.7185 -9.0507 -3911.4404
v -26.3600 5.5370 -3899.5000
v -15.5831 -0.0823 -3904.5671
v 1.8566 0.6578 -3904.2131
v 12.0607 1.2530 -3904.9871
v 25.7185 -4.3129 -3911.4404
v -26.3600 11.3794 -3899.5000
v -16.0511 13.2108 -3904.9792
v -0.2971 11.6990 -3905.3306
v 7.8206 8.8598 -3900.0857
v -27.6717 5.1034 -3889.1980
v -16.7593 2.2569 -3889.1980
v -2.0743 4.3359 -3890.4053
v 7.8206 5.4778 -3896.5432
v -27.6852 16.5540 -3888.6763
v -16.7593 21.8284 -3891.5229
v -3.1125 16.0645 -3889.5220
v 7.8206 8.8598 -3896.5432
v -25.7525 24.7312 -3882.9951
v -16.7593 24.6874 -3883.5229
v -8.6073 24.3960 -3882.5007
v -27.0815 5.8468 -3873.1980
v -17.5468 6.0740 -3874.3281
v -8.2843 7.8715 -3880.4148
v -27.2130 15.8613 -3873.7922
v -17.5468 15.8613 -3873.2253
v -8.2891 16.3160 -3880.4895
v -25.7525 24.7312 -3879.5217
v -16.7593 24.6874 -3879.8196
v -8.6073 24.3960 -3881.0366
v -25.9732 5.8547 -3857.1980
v -17.5468 5.3499 -3856.9348
v -6.5795 6.6542 -3851.4258
v -25.9732 10.8383 -3857.1980
v -17.5468 12.2530 -3856.9348
v -6.5795 11.5146 -3851.4258
v -25.5641 6.8221 -3847.8804
v -16.3772 5.0345 -3842.0073
v -1.0514 4.5250 -3841.2053
v 8.9778 5.9730 -3835.8770
v -25.5641 9.7703 -3847.8804
v -16.3772 12.1307 -3842.0073
v -1.0514 12.4828 -3841.2053
v 8.9778 10.3571 -3835.8770
v -10.2380 -9.5224 -3819.7219
v -0.7593 -10.0069 -3820.5674
v 9.0161 -8.9428 -3819.1667
v -11.2120 0.5278 -3825.1123
v 1.7977 1.3954 -3823.9697
v 8.9970 1.3987 -3823.8362
v -10.7161 9.9739 -3825.1980
v -0.3795 10.8670 -3823.9827
v 8.9778 10.3571 -3828.5059
v -10.2380 -9.5224 -3814.3213
v -0.5827 -10.4529 -3809.0720
v 11.9166 -9.7663 -3809.1980
v -10.3028 0.3160 -3814.3760
v -0.2956 1.6177 -3809.9834
v 11.9166 -1.7315 -3809.1980
v -9.3386 8.8215 -3816.3120
v -5.4596 8.8215 -3816.3120
v 4.2109 -10.5585 -3793.1980
v 16.3161 -10.6298 -3794.1213
v 23.9268 -8.7611 -3789.4036
v 4.2109 -2.4923 -3793.1980
v 16.3161 -2.4697 -3794.1213
v 23.9268 -5.9157 -3789.4036
v 4.2917 -11.4429 -3777.1980
v 15.2407 -13.7420 -3777.1980
v 24.9161 -9.9832 -3777.1980
v 4.2917 -2.0553 -3777.1980
v 15.2407 2.9176 -3777.1980
v 24.9161 -2.7111 -3777.1980
v 23.0751 -23.7122 -3753.2869
v 23.3031 -23.7122 -3753.2869
v -10.4175 -10.5863 -3755.2742
v -0.5180 -12.4248 -3760.8438
v 16.7413 -18.2766 -3759.6514
v 26.1362 -15.2771 -3759.6514
v -10.4175 -5.9651 -3755.2742
v -0.5180 -3.2164 -3760.8438
v 15.2407 2.7445 -3761.1980
v 26.8132 -1.5509 -3761.1980
v 23.0751 -23.7122 -3753.1267
v 23.3031 -23.7122 -3753.1267
v -10.5551 -11.0180 -3745.1980
v -0.7593 -14.6053 -3745.1980
v 16.7413 -18.0188 -3746.7551
v 26.8946 -15.1490 -3746.7551
v -10.5551 -4.6885 -3745.1980
v -0.7593 -0.5699 -3745.1980
v 15.2407 1.4490 -3745.1980
v 27.7613 -2.6695 -3745.1980
v -9.4955 -9.2270 -3733.0547
v -1.6077 -10.8966 -3728.3120
v 15.0322 -11.0358 -3728.9922
v 26.0524 -9.4590 -3734.1882
v -25.2117 6.9631 -3721.7393
v -13.6462 -0.1201 -3727.8262
v -3.6511 -0.2080 -3728.2681
v 14.1180 1.2223 -3728.4790
v 26.0524 -4.3133 -3734.1882
v -25.2117 9.2298 -3721.7393
v -16.7593 10.9272 -3723.9048
v -0.7593 10.4963 -3724.6777
v 8.0095 8.6554 -3722.7700
v 3.1600 -9.0146 -3720.3716
v 9.5599 -9.0146 -3720.3716
v -27.1240 5.8386 -3713.1980
v -16.7593 1.1415 -3713.1980
v -1.6568 -0.1488 -3715.0894
v 9.5567 0.3160 -3720.0349
v -27.1422 15.2643 -3712.2595
v -16.6856 19.2931 -3712.2595
v -0.9879 12.5485 -3714.3635
v 8.0095 8.6554 -3720.4739
v -25.5780 24.7318 -3706.3005
v -21.9698 24.7318 -3706.3005
v -27.4598 6.3657 -3700.5593
v -16.7593 5.6110 -3699.7241
v -6.4736 6.6596 -3702.5381
v -27.3987 16.3160 -3699.3877
v -16.6856 17.2042 -3698.9539
v -6.4736 12.4630 -3702.5381
v -25.5780 24.7318 -3702.0894
v -21.9698 24.7318 -3702.0894
v -26.0890 6.1662 -3677.6331
v -16.7593 6.3395 -3677.2603
v -8.2902 7.8305 -3674.1794
v -26.0890 10.4391 -3677.6331
v -16.7593 10.9367 -3677.2603
v -8.2902 9.6872 -3674.1794
v -26.0890 6.1662 -3670.5081
v -16.9660 5.6691 -3665.1841
v -2.0779 6.2324 -3664.2305
v 8.0382 7.1051 -3658.2520
v -26.0890 10.4391 -3670.5081
v -16.9660 11.6819 -3665.1841
v -2.0779 11.2147 -3664.2305
v 8.0382 9.6605 -3658.2520
v -10.1297 -9.2983 -3642.8123
v -0.7593 -9.3528 -3643.1279
v 7.9333 -8.2947 -3642.1570
v -11.9648 0.8502 -3648.5667
v -0.7593 -1.9244 -3651.1279
v 9.1954 1.1894 -3648.1733
v -11.7384 10.6426 -3649.1980
v -0.7593 12.8823 -3649.1980
v 9.1646 10.5557 -3649.1980
v -9.8694 -9.0195 -3633.1980
v -0.7593 -10.6111 -3633.1980
v 10.6930 -9.2756 -3633.1980
v -10.2240 -1.0842 -3633.8425
v -0.7593 2.4714 -3629.8909
v 11.0631 0.2405 -3633.1077
v -9.7204 9.3026 -3639.6055
v -0.7593 10.2873 -3637.8909
v 9.0083 9.9577 -3638.3809
v -8.8690 -7.8503 -3624.8506
v -0.5606 -9.9383 -3618.5896
v 15.9869 -10.3037 -3617.3418
v 23.7854 -8.4593 -3612.1045
v -8.8690 -7.3510 -3624.8506
v -0.5606 -3.4277 -3618.5896
v 15.9869 -2.9741 -3617.3418
v 23.7854 -6.5948 -3612.1045
v 4.2979 -10.8329 -3601.1980
v 15.2407 -12.8199 -3601.1980
v 24.5313 -9.6710 -3601.1980
v 4.7575 1.2479 -3600.4612
v 13.9172 3.3756 -3600.4612
v 24.5313 -5.0244 -3601.1980
v 7.0257 8.4185 -3594.6365
v 7.7015 8.4185 -3594.6365
v -10.4677 -10.4754 -3579.3809
v -0.1123 -10.9677 -3584.9077
v 15.2407 -13.1895 -3585.1980
v 26.5441 -11.1785 -3585.1980
v -10.4677 -5.8791 -3579.3809
v 1.0057 -0.6205 -3585.7617
v 15.3916 5.0388 -3584.7012
v 25.8999 0.1902 -3583.6353
v 7.0257 8.4185 -3592.1426
v 15.3916 8.3739 -3584.7012
v 23.2681 8.3293 -3577.2600
v -10.5639 -10.5207 -3569.1980
v -0.7593 -13.4483 -3569.1980
v 15.2407 -15.0197 -3569.1980
v 31.5778 -11.3443 -3568.2244
v 39.4147 -7.9071 -3562.2422
v -10.5639 -5.0975 -3569.1980
v -0.7593 -1.7903 -3569.1980
v 16.7453 3.6441 -3570.7268
v 30.2020 -0.2674 -3569.6606
v 39.4147 -7.3214 -3562.2422
v 23.0817 8.3293 -3577.0791
v 23.2681 8.3293 -3577.0791
v -10.0824 -9.5862 -3553.1980
v -0.7593 -14.7520 -3553.1980
v 15.2407 -15.7296 -3553.1980
v 30.2425 -10.1217 -3554.5425
v 39.4147 -7.9071 -3560.7722
v -11.8518 -0.2977 -3552.8621
v -0.7593 3.6144 -3555.5540
v 14.7319 3.8454 -3552.2185
v 30.2425 -3.9896 -3554.5425
v 39.4147 -7.3214 -3560.7722
v -12.1493 9.4830 -3547.3049
v -0.7593 9.5418 -3547.5540
v 9.0593 8.7834 -3546.2324
v -9.8258 -9.2295 -3544.0713
v -0.7593 -11.5030 -3542.6150
v 15.2407 -10.9045 -3543.0020
v 24.2437 -8.4315 -3544.5874
v -26.9132 5.4750 -3533.1558
v -16.3209 0.5039 -3538.6135
v -0.6962 0.6460 -3535.9209
v 14.7319 -0.0895 -3542.6306
v 24.2437 -5.6932 -3544.5874
v -26.9132 12.8820 -3533.1558
v -17.1933 14.1663 -3537.9727
v -0.6962 11.7071 -3537.9873
v 9.0593 8.7834 -3543.8469
v -28.2018 4.8586 -3521.1980
v -16.1653 4.2802 -3520.7664
v -5.9875 6.1994 -3525.8120
v -28.2018 15.2265 -3521.1980
v -16.1653 16.2549 -3520.7664
v -5.9875 12.3335 -3525.8120
v -27.7911 4.2309 -3505.1980
v -19.3956 4.2309 -3505.1980
v -27.7911 14.0864 -3505.1980
v -19.3956 14.0864 -3505.1980
v -26.3656 4.6381 -3492.0339
v -17.6113 5.5324 -3488.5010
v -4.5649 6.4268 -3484.9683
v -26.3656 11.3620 -3492.0339
v -17.6113 11.0902 -3488.5010
v -4.5649 10.8184 -3484.9683
v -9.0826 -8.0160 -3465.5779
v -8.0216 -8.0160 -3465.5779
v -13.2480 0.7825 -3471.8259
v -0.9599 0.6227 -3472.8118
v 8.9372 5.4852 -3469.3789
v -14.1277 11.6747 -3473.1980
v 0.1573 11.9485 -3474.1067
v 8.9372 9.8919 -3469.3789
v -9.7740 -9.0610 -3457.1980
v -1.9167 -9.3897 -3456.8862
v 9.1385 -8.6908 -3451.3450
v -10.7464 0.1006 -3457.0525
v 0.6997 0.9184 -3455.9282
v 9.0379 1.1982 -3455.8376
v -10.7182 10.2919 -3462.2888
v -0.7593 10.9798 -3459.3655
v 8.9372 9.8919 -3460.3303
v -9.7890 -9.1880 -3446.7820
v -0.8577 -10.5042 -3441.3484
v 14.7794 -9.6713 -3439.7639
v 23.3235 -7.7998 -3433.4744
v -9.7890 -5.3763 -3446.7820
v -0.8577 -1.1493 -3441.3484
v 14.7794 -2.4437 -3439.7639
v 23.3235 -7.5337 -3433.4744
v 4.1056 -10.8852 -3425.1980
v 15.2407 -11.9815 -3425.1980
v 23.9285 -8.7803 -3425.1980
v 4.1056 -1.8928 -3425.1980
v 15.2407 -0.5804 -3425.1980
v 23.9285 -6.3716 -3425.1980
v 3.0315 -10.6288 -3409.1980
v 15.2407 -13.6019 -3409.1980
v 25.2922 -10.6572 -3409.1980
v 3.7333 0.9560 -3408.5320
v 14.5205 4.2279 -3408.5320
v 25.2922 -3.5942 -3409.1980
v 7.0072 8.4630 -3402.7551
v 8.7071 8.4630 -3402.7551
v 21.2575 -24.0231 -3386.4797
v 23.8007 -24.0231 -3386.4797
v -10.4677 -9.9815 -3389.6560
v -1.7169 -12.4035 -3394.2727
v 15.6508 -18.9960 -3392.3669
v 29.8045 -14.3620 -3391.2268
v 39.2833 -7.7550 -3385.3074
v -10.4677 -5.3140 -3389.6560
v -0.3407 0.0770 -3395.1858
v 14.5205 5.6173 -3394.5085
v 30.7813 -2.2191 -3391.6633
v 39.2833 -7.5926 -3385.3074
v 7.0072 8.4630 -3400.7156
v 8.7071 8.4630 -3400.7156
v 21.2575 -24.0231 -3384.6375
v 23.8007 -24.0231 -3384.6375
v -11.1345 -11.4422 -3377.1980
v -0.7593 -16.6685 -3377.1980
v 15.6508 -19.1313 -3378.4617
v 30.1802 -13.7747 -3379.4919
v 39.2833 -7.7550 -3385.0129
v -11.4736 0.1380 -3376.4348
v -0.3787 4.2216 -3376.4348
v 15.2407 3.9734 -3377.1980
v 31.2321 -2.3868 -3378.6868
v 39.2833 -7.5926 -3385.0129
v -10.1163 9.0624 -3370.5930
v -5.4583 9.0624 -3370.5930
v -10.2178 -10.3974 -3365.5764
v -0.7593 -12.1548 -3363.1013
v 15.2407 -11.2025 -3364.3923
v 25.8930 -9.1278 -3367.2976
v -26.2627 5.6426 -3355.3479
v -15.5004 -0.0488 -3360.4622
v 1.7983 0.4111 -3360.1697
v 12.1054 1.1097 -3360.9075
v 25.8930 -4.1101 -3367.2976
v -26.2627 11.2031 -3355.3479
v -15.9735 12.9948 -3360.8879
v -0.3787 11.6339 -3361.4358
v 7.9251 8.9349 -3356.2605
v -27.6779 5.1111 -3345.1980
v -16.7593 2.1292 -3345.1980
v -1.9744 3.9049 -3346.3372
v 7.9251 4.9400 -3352.4294
v -27.7118 16.4483 -3344.6653
v -16.7593 21.6047 -3347.4587
v -3.0257 16.0410 -3345.4314
v 7.9251 8.9349 -3352.4294
v -25.7888 24.7493 -3338.9768
v -16.7593 24.7027 -3339.4587
v -8.6003 24.3983 -3338.4333
v -27.1437 5.8608 -3329.1980
v -17.5872 6.0000 -3330.2092
v -8.1177 7.7296 -3336.2166
v -27.2845 15.8918 -3329.7136
v -17.5872 15.8918 -3329.0222
v -8.1589 16.3160 -3336.3333
v -25.7888 24.7493 -3335.3909
v -16.7593 24.7027 -3335.7141
v -8.6003 24.3983 -3337.0266
v -26.0430 5.8119 -3313.1980
v -17.5872 5.3370 -3312.8826
v -6.6853 6.6897 -3307.3391
v -26.0430 11.0181 -3313.1980
v -17.5872 12.3992 -3312.8826
v -6.6853 11.5185 -3307.3391
v -25.6798 6.6511 -3303.7229
v -16.4328 4.9169 -3297.9128
v -1.1149 4.5646 -3297.1150
v 8.8916 6.0639 -3291.7258
v -25.6798 9.9591 -3303.7229
v -16.4328 12.3096 -3297.9128
v -1.1149 12.5163 -3297.1150
v 8.8916 10.3036 -3291.7258
v -10.2010 -9.4487 -3275.6335
v -0.7593 -10.0113 -3276.5798
v 9.0914 -9.0224 -3275.2712
v -11.3141 0.4916 -3281.0593
v 2.1969 1.5813 -3279.8606
v 8.9915 1.6458 -3279.7532
v -10.8715 10.1322 -3281.1980
v 0.1793 10.9615 -3279.8206
v 8.8916 10.3036 -3284.2356
v -10.2010 -9.4487 -3270.3303
v -0.5316 -10.3833 -3265.0774
v 11.7786 -9.7345 -3265.1980
v -10.3609 0.3160 -3270.2498
v 0.2127 1.7234 -3265.8992
v 11.7786 -1.5728 -3265.1980
v -9.4531 8.9273 -3272.1345
v -4.5282 8.9273 -3272.1345
v 4.2314 -10.5160 -3249.1980
v 16.1606 -10.6501 -3250.0608
v 23.9927 -8.8516 -3245.3025
v 4.2314 -2.6520 -3249.1980
v 16.1606 -2.5284 -3250.0608
v 23.9927 -5.8008 -3245.3025
v 4.3330 -11.4865 -3233.1980
v 15.2407 -13.8184 -3233.1980
v 24.9517 -10.0159 -3233.1980
v 4.3330 -2.2286 -3233.1980
v 15.2407 2.6973 -3233.1980
v 24.9517 -2.7581 -3233.1980
v -10.3769 -10.5690 -3211.1660
v -0.4503 -12.4664 -3216.7788
v 15.2407 -16.6892 -3217.1982
v 26.8542 -12.8749 -3217.1982
v -10.3769 -6.0328 -3211.1660
v -0.4503 -3.3150 -3216.7788
v 15.2407 2.5534 -3217.1982
v 26.8542 -1.6695 -3217.1982
v -10.4659 -10.8881 -3201.1982
v -0.7593 -14.5810 -3201.1982
v 15.2407 -16.5444 -3201.1982
v 27.9510 -12.8515 -3201.1982
v -10.4659 -4.9675 -3201.1982
v -0.7593 -0.7941 -3201.1982
v 15.2407 1.5144 -3201.1982
v 27.9510 -2.6590 -3201.1982
v -9.4172 -9.0712 -3188.8223
v -1.8706 -10.9456 -3184.1724
v 15.2397 -11.2596 -3184.8340
v 26.2324 -9.5945 -3189.9243
v -25.2274 6.9430 -3177.7510
v -13.6127 -0.3648 -3183.7065
v -3.8388 -0.4614 -3184.0054
v 14.2398 1.1994 -3184.1860
v 26.2324 -4.3188 -3189.9243
v -25.2274 9.2661 -3177.7510
v -16.7593 10.9600 -3179.8701
v -0.7593 10.4536 -3180.3931
v 7.9073 8.5909 -3178.4478
v 2.7218 -9.2051 -3176.2510
v 9.9057 -9.2051 -3176.2510
v -27.1450 5.7750 -3169.1982
v -16.7593 0.8878 -3169.1982
v -1.8567 -0.2755 -3171.0840
v 9.7394 0.3160 -3176.0273
v -27.1875 15.2861 -3168.3027
v -16.6808 19.2745 -3168.3027
v -0.9649 12.4694 -3170.4297
v 7.9073 8.5909 -3176.5840
v -25.6254 24.7676 -3162.3726
v -21.9617 24.7676 -3162.3726
v -27.4722 6.3010 -3156.7822
v -16.7593 5.5573 -3155.8384
v -6.4352 6.6527 -3158.4678
v -27.4435 16.3160 -3155.3628
v -16.6808 17.1593 -3154.8916
v -6.4352 12.3882 -3158.4678
v -25.6254 24.7676 -3157.8335
v -21.9617 24.7676 -3157.8335
v -26.1816 5.9748 -3133.4282
v -16.7593 6.2688 -3133.0068
v -8.3837 7.9277 -3130.0464
v -26.1816 10.5938 -3133.4282
v -16.7593 10.8617 -3133.0068
v -8.3837 9.4324 -3130.0464
v -26.1816 5.9748 -3126.3345
v -16.9946 5.6397 -3121.0801
v -2.1340 6.3215 -3120.2241
v 8.0346 7.1111 -3114.2417
v -26.1816 10.5938 -3126.3345
v -16.9946 11.6179 -3121.0801
v -2.1340 11.0586 -3120.2241
v 8.0346 9.6616 -3114.2417
v -10.1371 -9.2986 -3098.7832
v -0.7593 -9.2833 -3099.0005
v 7.8230 -8.2019 -3098.0161
v -11.9453 0.8774 -3104.5493
v -0.7593 -1.8859 -3107.0005
v 9.1747 1.1930 -3104.0889
v -11.7084 10.5776 -3105.1982
v -0.7593 12.8781 -3105.1982
v 9.2214 10.6165 -3105.1982
v -9.9048 -9.0653 -3089.1982
v -0.7593 -10.5758 -3089.1982
v 10.5647 -9.1945 -3089.1982
v -10.1997 -1.0221 -3089.9214
v -0.7593 2.6298 -3085.8477
v 11.0081 0.3051 -3088.9946
v -9.6327 9.2225 -3095.7363
v -0.7593 10.2871 -3093.8477
v 9.0877 10.0376 -3094.1924
v -8.9088 -7.9112 -3080.7231
v -0.6007 -9.9897 -3074.5132
v 15.9504 -10.2622 -3073.1841
v 23.7213 -8.3655 -3067.8413
v -8.9088 -7.2474 -3080.7231
v -0.6007 -3.2515 -3074.5132
v 15.9504 -2.9423 -3073.1841
v 23.7213 -6.7321 -3067.8413
v 4.1905 -10.9032 -3057.1982
v 15.2407 -12.7683 -3057.1982
v 24.4397 -9.5491 -3057.1982
v 4.6825 1.2975 -3056.4395
v 13.8898 3.2948 -3056.4395
v 24.4397 -5.1873 -3057.1982
v 7.0440 8.4075 -3050.6001
v 7.6559 8.4075 -3050.6001
v -10.3923 -10.3541 -3035.3125
v -0.1580 -10.9096 -3040.8667
v 15.2407 -13.0922 -3041.1982
v 26.4086 -11.0629 -3041.1982
v -10.3923 -5.9538 -3035.3125
v 0.9767 -0.5994 -3041.7017
v 13.8898 4.3503 -3042.1338
v 26.4086 -1.9705 -3041.1982
v 7.0440 8.4075 -3048.0903
v 7.6559 8.4075 -3048.0903
v -10.5683 -10.5064 -3025.1982
v -0.7593 -13.4361 -3025.1982
v 15.2407 -15.0660 -3025.1982
v 31.5042 -11.4012 -3024.2612
v 39.4425 -7.9429 -3018.3037
v -10.5683 -5.0493 -3025.1982
v -0.7593 -1.7036 -3025.1982
v 15.2407 2.5635 -3025.1982
v 31.5042 -1.9104 -3024.2612
v 39.4425 -7.2637 -3018.3037
v -10.2282 -9.8170 -3009.1982
v -0.7593 -15.0522 -3009.1982
v 15.2407 -15.9871 -3009.1982
v 30.3370 -10.2937 -3010.4971
v 39.4425 -7.9429 -3016.6963
v -11.8399 -0.2143 -3008.8843
v -0.7593 3.6694 -3011.5249
v 14.6844 4.0283 -3008.1738
v 30.3370 -3.7326 -3010.4971
v 39.4425 -7.2637 -3016.6963
v -11.9351 9.4721 -3003.3413
v -0.7593 9.5093 -3003.5249
v 8.9802 8.7510 -3002.1577
v -9.9388 -9.4349 -2999.8633
v -0.7593 -11.7023 -2998.3979
v 15.2407 -11.0297 -2998.8613
v 24.4013 -8.5380 -3000.4814
v -26.9080 5.3933 -2988.9917
v -16.2703 0.4749 -2994.4272
v -0.6723 0.6604 -2991.7344
v 14.6844 0.0384 -2998.5049
v 24.4013 -5.4800 -3000.4814
v -26.9080 12.7581 -2988.9917
v -17.0648 14.0688 -2993.8745
v -0.6723 11.6646 -2993.9746
v 8.9802 8.7510 -2999.8252
v -28.2587 4.7471 -2977.1982
v -16.0460 4.2053 -2976.7202
v -5.9476 6.2233 -2981.7349
v -28.2587 15.1114 -2977.1982
v -16.0460 16.1462 -2976.7202
v -5.9476 12.3058 -2981.7349
v -27.7748 4.2472 -2961.1982
v -19.3910 4.2472 -2961.1982
v -27.7748 14.0026 -2961.1982
v -19.3910 14.0026 -2961.1982
v -25.8970 5.6037 -2945.1982
v -16.3780 5.0379 -2945.7964
v -4.8203 6.4689 -2940.8613
v -25.8970 10.5559 -2945.1982
v -16.3780 11.6038 -2945.7964
v -4.8203 10.8091 -2940.8613
v -8.9167 -7.8436 -2921.3843
v -8.4116 -7.8436 -2921.3843
v -24.7728 8.2889 -2937.1743
v -15.1299 2.0456 -2929.2793
v -1.2826 0.6742 -2928.6226
v 8.9846 5.5460 -2925.1943
v -24.7728 8.3388 -2937.1743
v -16.3096 10.9733 -2930.7837
v 0.0041 11.9348 -2929.9956
v 8.9846 9.9411 -2925.1943
v -9.6529 -8.9350 -2913.1982
v -2.1507 -9.3514 -2912.9146
v 9.2199 -8.7950 -2907.3926
v -10.6245 0.1715 -2913.0269
v 0.5325 1.0766 -2911.8882
v 9.1023 1.3237 -2911.8125
v -10.6764 10.2290 -2918.2456
v -0.7593 10.9696 -2915.2598
v 8.9846 9.9411 -2916.2324
v -9.7934 -9.1924 -2902.7861
v -0.8062 -10.5036 -2897.3511
v 14.8282 -9.6315 -2895.6733
v 23.2792 -7.7389 -2889.3232
v -9.7934 -5.2581 -2902.7861
v -0.8062 -1.0458 -2897.3511
v 14.8282 -2.4594 -2895.6733
v 23.2792 -7.6142 -2889.3232
v 4.1205 -10.8674 -2881.1982
v 15.2407 -11.8584 -2881.1982
v 23.8595 -8.6750 -2881.1982
v 4.1205 -1.8751 -2881.1982
v 15.2407 -0.6663 -2881.1982
v 23.8595 -6.4752 -2881.1982
v 3.1965 -10.6493 -2865.1982
v 15.2407 -13.6521 -2865.1982
v 25.3039 -10.6869 -2865.1982
v 3.8509 1.0517 -2864.6553
v 14.7101 4.4506 -2864.6553
v 25.3039 -3.4354 -2865.1982
v 6.9832 8.4786 -2858.9600
v 9.0231 8.4786 -2858.9600
v 21.1148 -24.0638 -2842.5977
v 23.8745 -24.0638 -2842.5977
v -10.4678 -10.0088 -2845.4214
v -1.5454 -12.3314 -2850.1318
v 15.5651 -18.9789 -2848.4380
v 29.8731 -14.4335 -2847.2998
v 39.2963 -7.7789 -2841.3354
v -10.4678 -5.3522 -2845.4214
v -0.2098 0.0044 -2851.0474
v 14.7101 5.6567 -2850.4834
v 30.8193 -2.0975 -2847.6807
v 39.2963 -7.5628 -2841.3354
v 6.9832 8.4786 -2856.6733
v 9.0231 8.4786 -2856.6733
v 21.1148 -24.0638 -2840.5815
v 23.8745 -24.0638 -2840.5815
v -11.1210 -11.4330 -2833.1982
v -0.7593 -16.5325 -2833.1982
v 15.5651 -19.0676 -2834.4282
v 30.2936 -13.8181 -2835.4312
v 39.2963 -7.7789 -2840.9468
v -11.3746 0.1151 -2832.3569
v -0.3987 4.1752 -2832.3569
v 15.2407 4.0005 -2833.1982
v 31.3238 -2.3238 -2834.6475
v 39.2963 -7.5628 -2840.9468
v -9.9692 8.9886 -2826.4624
v -5.4915 8.9886 -2826.4624
v -10.1998 -10.3578 -2821.5039
v -0.7593 -12.0651 -2818.8931
v 15.2407 -11.1897 -2820.1416
v 26.0460 -9.1907 -2823.1689
v -26.2502 5.5924 -2811.2974
v -15.4179 -0.1649 -2816.4009
v 1.7840 0.1388 -2816.1646
v 12.1470 0.9890 -2816.8779
v 26.0460 -3.9383 -2823.1689
v -26.2502 11.1265 -2811.2974
v -15.8853 12.8897 -2816.8579
v -0.3987 11.6138 -2817.5952
v 8.0221 9.0000 -2812.5269
v -27.7545 4.9922 -2801.1982
v -16.7593 1.7776 -2801.1982
v -1.8791 3.4059 -2802.2749
v 8.0221 4.4187 -2808.3262
v -27.7822 16.4023 -2800.6367
v -16.7593 21.5287 -2803.3037
v -2.9501 16.0612 -2801.3003
v 8.0221 9.0000 -2808.3262
v -25.8039 24.7580 -2794.9287
v -16.7593 24.7053 -2795.3037
v -8.6079 24.3930 -2794.2749
v -27.2019 5.8787 -2785.1982
v -17.6389 5.9374 -2786.1128
v -7.9590 7.6013 -2792.0562
v -27.3401 15.9073 -2785.6494
v -17.6389 15.9073 -2784.8647
v -8.0455 16.3160 -2792.2173
v -25.8039 24.7580 -2791.2837
v -16.7593 24.7053 -2791.6382
v -8.6079 24.3930 -2793.0322
v -26.0961 5.7993 -2769.1982
v -17.6389 5.3286 -2768.8540
v -6.7496 6.6925 -2763.2910
v -26.0961 11.1656 -2769.1982
v -17.6389 12.5377 -2768.8540
v -6.7496 11.5527 -2763.2910
v -25.7876 6.5020 -2759.5845
v -16.4753 4.8072 -2753.8301
v -1.1535 4.6089 -2753.0166
v 8.7937 6.1715 -2747.5625
v -25.7876 10.1299 -2759.5845
v -16.4753 12.4856 -2753.8301
v -1.1535 12.5486 -2753.0166
v 8.7937 10.2350 -2747.5625
v -10.1473 -9.3628 -2731.5220
v -0.7593 -10.0029 -2732.5674
v 9.1591 -9.0971 -2731.3667
v -11.3857 0.4696 -2736.9922
v 2.6372 1.7810 -2735.7065
v 8.9764 1.8971 -2735.6294
v -11.0013 10.2709 -2737.1982
v 0.7958 11.0314 -2735.6143
v 8.7937 10.2350 -2739.8921
v -10.1473 -9.3628 -2726.3457
v -0.4744 -10.2950 -2721.0869
v 11.5923 -9.6886 -2721.1982
v -10.3972 0.3160 -2726.1421
v 0.7741 1.8035 -2721.8276
v 11.5923 -1.4527 -2721.1982
v -9.5552 9.0239 -2727.9761
v -3.5007 9.0239 -2727.9761
v 4.2710 -10.4428 -2705.1982
v 15.9709 -10.6363 -2705.9932
v 24.0488 -8.9262 -2701.1895
v 4.2710 -2.8633 -2705.1982
v 15.9709 -2.6447 -2705.9932
v 24.0488 -5.7128 -2701.1895
v 4.3549 -11.5349 -2689.1982
v 15.2407 -13.8707 -2689.1982
v 24.9642 -10.0199 -2689.1982
v 4.3549 -2.3760 -2689.1982
v 15.2407 2.4641 -2689.1982
v 24.9642 -2.8439 -2689.1982
v -10.3365 -10.5456 -2667.0645
v -0.4073 -12.5052 -2672.7178
v 15.2407 -16.3796 -2673.1982
v 26.9378 -12.4993 -2673.1982
v -10.3365 -6.0980 -2667.0645
v -0.4073 -3.3906 -2672.7178
v 15.2407 2.5416 -2673.1982
v 26.9378 -1.6357 -2673.1982
v -10.3707 -10.7397 -2657.1982
v -0.7593 -14.4759 -2657.1982
v 15.2407 -16.3541 -2657.1982
v 28.2093 -12.6180 -2657.1982
v -10.3707 -5.2472 -2657.1982
v -0.7593 -1.0665 -2657.1982
v 15.2407 1.6886 -2657.1982
v 28.2093 -2.4921 -2657.1982
v -9.3307 -8.8967 -2644.5249
v -2.0972 -10.9464 -2639.9941
v 15.4408 -11.4371 -2640.6831
v 26.4258 -9.7146 -2645.6729
v -25.2306 6.9562 -2633.7485
v -13.5756 -0.5841 -2639.5503
v -4.0007 -0.7203 -2639.7007
v 14.3373 1.1474 -2639.8857
v 26.4258 -4.3437 -2645.6729
v -25.2306 9.2778 -2633.7485
v -16.7593 10.9611 -2635.8198
v -0.7593 10.3907 -2636.0825
v 7.7671 8.5173 -2634.0986
v 2.3442 -9.3851 -2632.1367
v 10.2408 -9.3851 -2632.1367
v -27.1471 5.7408 -2625.1982
v -16.7593 0.7042 -2625.1982
v -2.0351 -0.3751 -2627.0957
v 9.8856 0.3160 -2632.0449
v -27.2059 15.2931 -2624.3301
v -16.7042 19.2117 -2624.3301
v -0.9523 12.3554 -2626.5122
v 7.7671 8.5173 -2632.7217
v -25.6532 24.7934 -2618.4180
v -22.0008 24.7934 -2618.4180
v -27.4717 6.2422 -2612.5303
v -16.7593 5.5267 -2611.6172
v -6.4143 6.6707 -2614.4253
v -27.4640 16.3160 -2611.0278
v -16.7042 17.0956 -2610.5981
v -6.4143 12.2820 -2614.4253
v -25.6532 24.7934 -2613.6392
v -22.0008 24.7934 -2613.6392
v -26.2596 5.7991 -2589.7651
v -16.7593 6.2182 -2589.1235
v -8.4882 8.0359 -2585.8647
v -26.2596 10.7322 -2589.7651
v -16.7593 10.7435 -2589.1235
v -8.4882 9.1364 -2585.8647
v -26.2596 5.7991 -2582.1875
v -17.0038 5.6404 -2576.9917
v -2.1966 6.4416 -2576.2090
v 8.0188 7.1344 -2570.2158
v -26.2596 10.7322 -2582.1875
v -17.0038 11.5017 -2576.9917
v -2.1966 10.8484 -2576.2090
v 8.0188 9.6435 -2570.2158
v -10.1408 -9.2943 -2554.7515
v -0.7593 -9.2053 -2554.8613
v 7.7069 -8.1022 -2553.8628
v -12.0068 0.9186 -2560.5303
v -0.7593 -1.8169 -2562.8613
v 9.1306 1.2071 -2559.9971
v -11.7825 10.6152 -2561.1982
v -0.7593 12.9472 -2561.1982
v 9.2534 10.6480 -2561.1982
v -9.9312 -9.0986 -2545.1982
v -0.7593 -10.5549 -2545.1982
v 10.4569 -9.1403 -2545.1982
v -10.2709 -0.9783 -2545.8613
v -0.7593 2.8094 -2541.6460
v 10.9570 0.4050 -2544.8936
v -9.7162 9.3088 -2551.6367
v -0.7593 10.3970 -2549.6460
v 9.1462 10.0978 -2550.0234
v -8.9403 -7.9599 -2536.6206
v -0.6567 -10.0743 -2530.4517
v 15.9340 -10.2555 -2528.9912
v 23.6498 -8.2619 -2523.5200
v -8.9403 -7.1745 -2536.6206
v -0.6567 -3.0604 -2530.4517
v 15.9340 -2.8843 -2528.9912
v 23.6498 -6.8810 -2523.5200
v 4.0775 -10.9755 -2513.1982
v 15.2407 -12.6944 -2513.1982
v 24.3321 -9.4030 -2513.1982
v 4.6136 1.3449 -2512.3384
v 13.8412 3.1878 -2512.3384
v 24.3321 -5.3804 -2513.1982
v 7.0798 8.3889 -2506.4316
v 7.5750 8.3889 -2506.4316
v -10.2994 -10.2092 -2491.2207
v -0.1925 -10.8388 -2496.8115
v 15.2407 -13.0169 -2497.1982
v 26.3004 -10.9673 -2497.1982
v -10.2994 -6.0472 -2491.2207
v 0.9660 -0.5382 -2497.6689
v 13.8412 4.3060 -2498.1494
v 26.3004 -2.1877 -2497.1982
v 7.0798 8.3889 -2504.1172
v 7.5750 8.3889 -2504.1172
v -10.5516 -10.4638 -2481.1982
v -0.7593 -13.3857 -2481.1982
v 15.2407 -15.1128 -2481.1982
v 31.4607 -11.4598 -2480.2690
v 39.4618 -7.9678 -2474.3159
v -10.5516 -5.0378 -2481.1982
v -0.7593 -1.6119 -2481.1982
v 15.2407 2.6018 -2481.1982
v 31.4607 -1.9197 -2480.2690
v 39.4618 -7.2235 -2474.3159
v -10.3522 -10.0174 -2465.1982
v -0.7593 -15.2646 -2465.1982
v 15.2407 -16.1500 -2465.1982
v 30.4220 -10.4293 -2466.4629
v 39.4618 -7.9678 -2472.6392
v -11.8121 -0.1491 -2464.8887
v -0.7593 3.6693 -2467.4570
v 14.6090 4.1383 -2464.1152
v 30.4220 -3.5331 -2466.4629
v 39.4618 -7.2235 -2472.6392
v -11.7236 9.4449 -2459.3486
v -0.7593 9.4563 -2459.4570
v 8.8546 8.7075 -2458.0596
v -10.0334 -9.6140 -2455.6597
v -0.7593 -11.8532 -2454.2075
v 15.2407 -11.1154 -2454.7490
v 24.5429 -8.6302 -2456.3818
v -26.8718 5.3482 -2444.8188
v -16.2118 0.4344 -2450.2393
v -0.6043 0.6387 -2447.5840
v 14.6090 0.1386 -2454.4170
v 24.5429 -5.3129 -2456.3818
v -26.8718 12.6151 -2444.8188
v -16.9379 13.9684 -2449.7705
v -0.6043 11.6238 -2449.9766
v 8.8546 8.7075 -2455.8286
v -28.2316 4.7168 -2433.1982
v -15.9615 4.1594 -2432.6313
v -5.8342 6.1873 -2437.5864
v -28.2316 14.9845 -2433.1982
v -15.9615 16.0464 -2432.6313
v -5.8342 12.3086 -2437.5864
v -27.6892 4.3424 -2417.1982
v -19.4520 4.3424 -2417.1982
v -27.6892 13.9015 -2417.1982
v -19.4520 13.9015 -2417.1982
v -25.8495 5.6191 -2401.1982
v -16.5113 5.0908 -2401.7129
v -5.0849 6.5366 -2396.7227
v -25.8495 10.5395 -2401.1982
v -16.5113 11.5702 -2401.7129
v -5.0849 10.7750 -2396.7227
v -24.8237 8.1871 -2393.0840
v -16.2747 3.9998 -2386.7295
v -0.1547 2.4668 -2385.8843
v 9.0009 5.6320 -2381.0088
v -24.8237 8.4255 -2393.0840
v -16.2747 10.9570 -2386.7295
v -0.1547 11.8786 -2385.8843
v 9.0009 9.9617 -2381.0088
v -9.7831 -9.1769 -2366.4644
v -0.7593 -9.7093 -2366.8203
v 9.2859 -8.8915 -2363.4287
v -10.2007 -1.0598 -2370.3369
v -0.7593 0.1212 -2369.0020
v 9.1434 1.4320 -2367.7983
v -10.6182 10.1491 -2374.2095
v -0.7593 10.9251 -2371.1841
v 9.0009 9.9617 -2372.1680
v -9.7831 -9.1769 -2358.8184
v -0.7621 -10.4969 -2353.3701
v 12.7322 -10.0804 -2353.1982
v -9.7831 -5.1504 -2358.8184
v -0.7621 -0.9850 -2353.3701
v 12.7322 -1.2104 -2353.1982
v 4.1389 -10.8444 -2337.1982
v 16.8067 -10.9153 -2338.7383
v 23.9691 -8.8556 -2334.4316
v 4.1389 -1.8878 -2337.1982
v 16.8067 -2.1520 -2338.7383
v 23.9691 -6.1923 -2334.4316
v 3.3793 -10.6352 -2321.1982
v 15.2407 -13.6394 -2321.1982
v 25.2972 -10.6882 -2321.1982
v 3.9902 1.1237 -2320.7344
v 14.8919 4.6368 -2320.7344
v 25.2972 -3.2928 -2321.1982
v 6.9717 8.4862 -2315.0923
v 9.3260 8.4862 -2315.0923
v 20.9997 -24.1032 -2298.7021
v 23.9476 -24.1032 -2298.7021
v -10.4449 -10.0172 -2301.1768
v -1.3698 -12.2175 -2305.9854
v 15.4961 -18.9181 -2304.5005
v 29.9343 -14.4869 -2303.3555
v 39.3008 -7.7892 -2297.3418
v -10.4449 -5.4177 -2301.1768
v -0.0692 -0.0913 -2306.9165
v 14.8919 5.6550 -2306.4731
v 30.8489 -2.0165 -2303.6846
v 39.3008 -7.5507 -2297.3418
v 6.9717 8.4862 -2312.6567
v 9.3260 8.4862 -2312.6567
v 20.9997 -24.1032 -2296.5298
v 23.9476 -24.1032 -2296.5298
v -11.0743 -11.3867 -2289.1982
v -0.7593 -16.3987 -2289.1982
v 15.4961 -19.0249 -2290.3970
v 30.3939 -13.8460 -2291.3887
v 39.3008 -7.7892 -2296.9146
v -11.2394 0.0758 -2288.2651
v -0.4542 4.1208 -2288.2651
v 15.2407 3.9980 -2289.1982
v 31.4004 -2.3034 -2290.6279
v 39.3008 -7.5507 -2296.9146
v -9.8062 8.9036 -2282.3101
v -5.5842 8.9036 -2282.3101
v -10.1604 -10.2877 -2277.4609
v -0.7593 -12.0135 -2274.6831
v 15.2407 -11.2248 -2275.8809
v 26.1736 -9.2361 -2279.0581
v -26.2180 5.5661 -2267.2246
v -15.3166 -0.2538 -2272.3428
v 1.7443 -0.1009 -2272.1313
v 12.1846 0.8741 -2272.8159
v 26.1736 -3.7988 -2279.0581
v -26.2180 11.0248 -2267.2246
v -15.7874 12.7516 -2272.8140
v -0.4542 11.5680 -2273.7168
v 8.1099 9.0521 -2268.7290
v -27.8017 4.9001 -2257.1982
v -16.7593 1.4856 -2257.1982
v -1.7890 2.9412 -2258.2197
v 8.1099 3.9106 -2264.2339
v -27.8162 16.3412 -2256.5913
v -16.7593 21.4198 -2259.0718
v -2.8864 16.0655 -2257.1377
v 8.1099 9.0521 -2264.2339
v -25.7976 24.7571 -2250.8530
v -16.7593 24.6950 -2251.0718
v -8.6306 24.3802 -2250.0415
v -27.2349 5.9182 -2241.1982
v -17.7011 5.9000 -2242.0352
v -7.8088 7.4864 -2247.9268
v -27.3628 15.9053 -2241.6006
v -17.7011 15.9053 -2240.7515
v -7.9499 16.3160 -2248.1367
v -25.7976 24.7571 -2247.2026
v -16.7593 24.6950 -2247.5938
v -8.6306 24.3802 -2249.0547
v -26.1312 5.8168 -2225.1982
v -17.7011 5.3316 -2224.8398
v -6.7865 6.6742 -2219.2676
v -26.1312 11.2757 -2225.1982
v -17.7011 12.6557 -2224.8398
v -6.7865 11.6025 -2219.2676
v -25.8856 6.3762 -2215.4653
v -16.5021 4.7151 -2209.7588
v -1.1756 4.6626 -2208.9150
v 8.6910 6.2888 -2203.3931
v -25.8856 10.2802 -2215.4653
v -16.5021 12.6454 -2209.7588
v -1.1756 12.5717 -2208.9150
v 8.6910 10.1575 -2203.3931
v -10.0802 -9.2822 -2187.3901
v -0.7593 -9.9943 -2188.5322
v 9.2187 -9.1663 -2187.4517
v -11.4255 0.4640 -2192.9131
v -0.7593 -3.0194 -2196.5322
v 9.3950 0.6997 -2192.9502
v -11.1014 10.3855 -2193.1982
v -0.7593 11.8739 -2193.1982
v 8.4500 9.8044 -2193.1982
v -10.0802 -9.2822 -2182.3198
v -0.4344 -10.1990 -2177.0713
v 11.3560 -9.6291 -2177.1982
v -10.4136 0.3160 -2182.0176
v -0.4344 0.3493 -2175.7974
v 10.6302 0.3493 -2178.3418
v -9.6442 9.1104 -2183.8359
v -0.7593 9.0191 -2183.6060
v 7.4029 8.4590 -2184.4375
v 4.2803 -10.3382 -2161.1982
v 15.7461 -10.5872 -2161.9194
v 24.0941 -8.9838 -2157.0664
v 4.2803 -3.1284 -2161.1982
v 15.7461 -2.8199 -2161.9194
v 24.0941 -5.6512 -2157.0664
v 4.3613 -11.5569 -2145.1982
v 15.2407 -13.9085 -2145.1982
v 24.9893 -10.0355 -2145.1982
v 4.3613 -2.3047 -2145.1982
v 15.2407 2.4379 -2145.1982
v 24.9893 -2.9414 -2145.1982
v -10.3479 -10.5776 -2123.0308
v -0.3697 -12.5561 -2128.6978
v 15.2407 -16.1321 -2129.1982
v 27.0248 -12.2122 -2129.1982
v -10.3479 -6.0824 -2123.0308
v -0.3697 -3.2413 -2128.6978
v 15.2407 2.7724 -2129.1982
v 27.0248 -1.5797 -2129.1982
v -10.3083 -10.6184 -2113.1982
v -0.7593 -14.3119 -2113.1982
v 15.2407 -16.1266 -2113.1982
v 28.4330 -12.4331 -2113.1982
v -10.3083 -5.4694 -2113.1982
v -0.7593 -1.3544 -2113.1982
v 15.2407 1.7876 -2113.1982
v 28.4330 -2.3274 -2113.1982
v -9.2361 -8.7029 -2100.1011
v -2.2905 -10.8779 -2095.7397
v 15.6353 -11.5446 -2096.5405
v 26.5963 -9.8141 -2101.4355
v -25.2220 6.9998 -2089.7324
v -13.5351 -0.7813 -2095.3281
v -4.1387 -1.0012 -2095.3232
v 14.4048 1.0483 -2095.5786
v 26.5963 -4.3902 -2101.4355
v -25.2220 9.2660 -2089.7324
v -16.7593 10.9276 -2091.7485
v -0.7593 10.3040 -2091.7402
v 7.5778 8.4345 -2089.7212
v 2.0220 -9.5539 -2088.0298
v 10.5651 -9.5539 -2088.0298
v -27.1714 5.6946 -2081.1982
v -16.7593 0.4898 -2081.1982
v -2.1564 -0.4873 -2083.1313
v 9.9869 0.3160 -2088.0977
v -27.2310 15.2860 -2080.3423
v -16.6323 19.2340 -2080.3423
v -0.9047 12.3352 -2082.6191
v 7.5778 8.4345 -2088.8994
v -25.6626 24.8093 -2074.4385
v -21.8809 24.8093 -2074.4385
v -27.5129 6.1370 -2068.1216
v -16.7593 5.4235 -2067.2349
v -6.3349 6.6383 -2070.3237
v -27.5019 16.3160 -2066.6211
v -16.6323 17.1447 -2066.2114
v -6.3349 12.3639 -2070.3237
v -25.6626 24.8093 -2069.5054
v -21.8809 24.8093 -2069.5054
v -26.3202 5.6419 -2046.2354
v -16.7593 6.1889 -2045.2939
v -8.6023 8.1539 -2041.6221
v -26.3202 10.8471 -2046.2354
v -16.7593 10.5770 -2045.2939
v -8.6023 8.7996 -2041.6221
v -26.3202 5.6419 -2038.0703
v -16.9947 5.6698 -2032.9214
v -2.2651 6.5894 -2032.1851
v 7.9915 7.1745 -2026.1763
v -26.3202 10.8471 -2038.0703
v -16.9947 11.3308 -2032.9214
v -2.2651 10.5864 -2032.1851
v 7.9915 9.6065 -2026.1763
v -10.1255 -9.2689 -2010.7012
v -0.7593 -9.1061 -2010.6987
v 7.5846 -7.9952 -2009.6958
v -12.0578 0.9715 -2016.5000
v -0.7593 -1.7207 -2018.6987
v 9.0381 1.2311 -2015.8970
v -11.8578 10.6546 -2017.1982
v -0.7593 12.9584 -2017.1982
v 9.2294 10.6198 -2017.1982
v -9.9369 -9.1067 -2001.1982
v -0.7593 -10.5059 -2001.1982
v 10.3427 -9.0833 -2001.1982
v -10.3448 -0.9513 -2001.7817
v -0.7593 2.9744 -1997.4668
v 10.8628 0.5101 -2000.8296
v -9.8317 9.4242 -2007.5044
v -0.7593 10.4830 -2005.4668
v 9.1415 10.0972 -2005.9170
v -8.9633 -7.9960 -1992.5435
v -0.6970 -10.1380 -1986.4053
v 15.9159 -10.2297 -1984.7603
v 23.5709 -8.1489 -1979.1353
v -8.9633 -7.1296 -1992.5435
v -0.6970 -2.9026 -1986.4053
v 15.9159 -2.8495 -1984.7603
v 23.5709 -7.0412 -1979.1353
v 3.9543 -11.0607 -1969.1982
v 15.2407 -12.6787 -1969.1982
v 24.2585 -9.3021 -1969.1982
v 4.5479 1.3707 -1968.1299
v 13.7709 3.0972 -1968.1299
v 24.2585 -5.5259 -1969.1982
v 7.1346 8.3627 -1962.0845
v 7.4577 8.3627 -1962.0845
v -10.1957 -10.0484 -1947.1123
v -0.2508 -10.7693 -1952.7466
v 15.2407 -13.0660 -1953.1982
v 26.2907 -10.9827 -1953.1982
v -10.1957 -6.1526 -1947.1123
v 0.9447 -0.4918 -1953.7026
v 13.7709 4.3063 -1954.2549
v 26.2907 -2.3359 -1953.1982
v 7.1346 8.3627 -1960.2930
v 7.4577 8.3627 -1960.2930
v -10.5194 -10.3977 -1937.1982
v -0.7593 -13.2825 -1937.1982
v 15.2407 -15.1738 -1937.1982
v 31.4645 -11.5466 -1936.2529
v 39.4724 -7.9817 -1930.2896
v -10.5194 -5.0554 -1937.1982
v -0.7593 -1.5746 -1937.1982
v 15.2407 2.6148 -1937.1982
v 31.4645 -1.9398 -1936.2529
v 39.4724 -7.2010 -1930.2896
v -10.4821 -10.2194 -1921.1982
v -0.7593 -15.4427 -1921.1982
v 15.2407 -16.2503 -1921.1982
v 30.4964 -10.5370 -1922.4399
v 39.4724 -7.9817 -1928.6016
v -11.7877 -0.1000 -1920.8760
v -0.7593 3.6371 -1923.3506
v 14.5026 4.2027 -1920.0425
v 30.4964 -3.3803 -1922.4399
v 39.4724 -7.2010 -1928.6016
v -11.5096 9.4023 -1915.3276
v -0.7593 9.3835 -1915.3506
v 8.6772 8.6530 -1913.9385
v -10.1460 -9.8107 -1911.4229
v -0.7593 -11.9917 -1910.0107
v 15.2407 -11.1641 -1910.6611
v 24.6668 -8.7072 -1912.2910
v -26.8518 5.2920 -1900.6748
v -16.1611 0.3958 -1906.0488
v -0.5381 0.6261 -1903.4487
v 14.5026 0.2132 -1910.3696
v 24.6668 -5.1887 -1912.2910
v -26.8518 12.4824 -1900.6748
v -16.8095 13.8466 -1905.6841
v -0.5381 11.5490 -1905.9990
v 8.6772 8.6530 -1911.8662
v -28.1700 4.7189 -1889.1982
v -15.8966 4.1484 -1888.5420
v -5.7239 6.1661 -1893.4375
v -28.1700 14.8294 -1889.1982
v -15.8966 15.9057 -1888.5420
v -5.7239 12.2810 -1893.4375
v -27.5622 4.4904 -1873.1982
v -19.5415 4.4904 -1873.1982
v -27.5622 13.7603 -1873.1982
v -19.5415 13.7603 -1873.1982
v -25.8015 5.6577 -1857.1982
v -16.6478 5.1734 -1857.6128
v -5.3576 6.6227 -1852.5557
v -25.8015 10.5099 -1857.1982
v -16.6478 11.5349 -1857.6128
v -5.3576 10.7557 -1852.5557
v -24.8667 8.1003 -1849.0073
v -16.2597 4.2538 -1842.6836
v -0.3183 2.8380 -1841.7642
v 8.9806 5.7404 -1836.8081
v -24.8667 8.5002 -1849.0073
v -16.2597 10.9619 -1842.6836
v -0.3183 11.8365 -1841.7642
v 8.9806 9.9578 -1836.8081
v -9.7602 -9.1420 -1821.8950
v -0.7593 -9.7494 -1822.4209
v 9.3589 -8.9799 -1819.4653
v -10.1767 -0.7977 -1826.0088
v -0.7593 0.3888 -1824.7573
v 9.1698 1.5268 -1823.7998
v -10.5933 10.1019 -1830.1226
v -0.7593 10.8868 -1827.0938
v 8.9806 9.9578 -1828.1348
v -9.7602 -9.1420 -1814.8779
v -0.7452 -10.5021 -1809.4062
v 12.5975 -10.1132 -1809.1982
v -9.7602 -5.0501 -1814.8779
v -0.7452 -0.9393 -1809.4062
v 12.5975 -1.2285 -1809.1982
v 4.1367 -10.8380 -1793.1982
v 16.6551 -10.8448 -1794.4561
v 23.9017 -8.7466 -1789.9614
v 4.1367 -1.9046 -1793.1982
v 16.6551 -2.2094 -1794.4561
v 23.9017 -6.2657 -1789.9614
v 3.5827 -10.5876 -1777.1982
v 15.2407 -13.5654 -1777.1982
v 25.3000 -10.6618 -1777.1982
v 4.1536 1.1734 -1776.7681
v 15.0666 4.7693 -1776.7681
v 25.3000 -3.1893 -1777.1982
v 6.9728 8.4858 -1771.1479
v 9.6172 8.4858 -1771.1479
v 20.9335 -24.1339 -1754.7744
v 24.0079 -24.1339 -1754.7744
v -10.4009 -10.0037 -1756.9204
v -1.1884 -12.0609 -1761.8315
v 15.4563 -18.8138 -1760.5439
v 29.9999 -14.5217 -1759.3867
v 39.2970 -7.7850 -1753.3325
v -10.4009 -5.5079 -1756.9204
v 0.0825 -0.2074 -1762.7925
v 15.0666 5.6090 -1762.4780
v 30.8915 -1.9810 -1759.6787
v 39.2970 -7.5569 -1753.3325
v 6.9728 8.4858 -1768.6646
v 9.6172 8.4858 -1768.6646
v 20.9335 -24.1339 -1752.4814
v 24.0079 -24.1339 -1752.4814
v -10.9961 -11.3011 -1745.1982
v -0.7593 -16.1891 -1745.1982
v 15.4563 -18.9511 -1746.3682
v 30.4723 -13.8651 -1747.3677
v 39.2970 -7.7850 -1752.9204
v -11.0700 0.0217 -1744.1606
v -0.5589 4.0233 -1744.1606
v 15.2407 3.9123 -1745.1982
v 31.4583 -2.3324 -1746.6313
v 39.2970 -7.5569 -1752.9204
v -9.6280 8.8082 -1738.1357
v -5.7585 8.8082 -1738.1357
v -10.1002 -10.1871 -1733.4253
v -0.7593 -11.9248 -1730.4966
v 15.2407 -11.2434 -1731.6572
v 26.2700 -9.2786 -1734.9722
v -26.1672 5.5669 -1723.1309
v -15.1974 -0.3249 -1728.2778
v 1.6696 -0.3448 -1728.0864
v 12.2179 0.7360 -1728.7495
v 26.2700 -3.6949 -1734.9722
v -26.1672 10.8990 -1723.1309
v -15.6805 12.5818 -1728.7578
v -0.5589 11.4972 -1729.8032
v 8.1876 9.0914 -1724.8730
v -27.8176 4.8408 -1713.1982
v -16.7593 1.2427 -1713.1982
v -1.7043 2.4967 -1714.1719
v 8.1876 3.4146 -1720.1538
v -27.8123 16.2658 -1712.5303
v -16.7593 21.2791 -1714.7739
v -2.8351 16.0543 -1712.9497
v 8.1876 9.0914 -1720.1538
v -25.7699 24.7465 -1706.7520
v -16.7593 24.6719 -1706.7739
v -8.6692 24.3600 -1705.7456
v -27.2400 5.9823 -1697.1982
v -17.7733 5.8901 -1697.9731
v -7.6677 7.3845 -1703.8228
v -27.3502 15.8818 -1697.5693
v -17.7733 15.8818 -1696.6826
v -7.8730 16.3160 -1704.0898
v -25.7699 24.7465 -1703.1499
v -16.7593 24.6719 -1703.5850
v -8.6692 24.3600 -1705.0957
v -26.1476 5.8636 -1681.1982
v -17.7733 5.3711 -1680.8125
v -6.8438 6.6778 -1675.2217
v -26.1476 11.3435 -1681.1982
v -17.7733 12.7201 -1680.8125
v -6.8438 11.6196 -1675.2217
v -25.9725 6.2732 -1671.3350
v -16.5317 4.6677 -1665.6802
v -1.2100 4.7018 -1664.8628
v 8.6544 6.3301 -1659.3062
v -25.9725 10.4096 -1671.3350
v -16.5317 12.7573 -1665.6802
v -1.2100 12.6033 -1664.8628
v 8.6544 10.1529 -1659.3062
v -10.0493 -9.2489 -1643.3037
v -0.7593 -10.0181 -1644.5220
v 9.2687 -9.2312 -1643.5244
v -11.4819 0.4763 -1648.8613
v -0.7593 -2.9731 -1652.5220
v 9.5017 0.7244 -1648.9941
v -11.1951 10.4725 -1649.1982
v -0.7593 12.0670 -1649.1982
v 8.5460 9.9105 -1649.1982
v -10.0493 -9.2489 -1638.2349
v -0.4502 -10.1671 -1633.0205
v 11.1575 -9.6143 -1633.1982
v -10.4471 0.3160 -1637.8633
v -0.4502 0.2275 -1631.3535
v 10.5702 0.2275 -1634.0210
v -9.7196 9.1862 -1639.7153
v -0.7593 9.1856 -1639.1147
v 7.5674 8.6052 -1639.9033
v 4.2373 -10.2587 -1617.1982
v 15.5573 -10.5475 -1617.8394
v 24.1274 -9.0235 -1612.9331
v 4.2373 -3.2842 -1617.1982
v 15.5573 -2.9232 -1617.8394
v 24.1274 -5.6158 -1612.9331
v 4.4018 -11.5305 -1601.1982
v 15.2407 -13.9579 -1601.1982
v 25.0698 -10.1114 -1601.1982
v 4.4018 -2.1911 -1601.1982
v 15.2407 2.4916 -1601.1982
v 25.0698 -3.0013 -1601.1982
v -10.3383 -10.5786 -1578.9800
v -0.3186 -12.5509 -1584.6675
v 15.2407 -15.9889 -1585.1982
v 27.1954 -12.0763 -1585.1982
v -10.3383 -6.0841 -1578.9800
v -0.3186 -3.1251 -1584.6675
v 15.2407 3.0591 -1585.1982
v 27.1954 -1.4395 -1585.1982
v -10.2251 -10.4606 -1569.1982
v -0.7593 -14.0646 -1569.1982
v 15.2407 -15.9107 -1569.1982
v 28.6555 -12.3067 -1569.1982
v -10.2251 -5.7062 -1569.1982
v -0.7593 -1.7011 -1569.1982
v 15.2407 1.8509 -1569.1982
v 28.6555 -2.1542 -1569.1982
v -9.1346 -8.3486 -1553.1982
v -0.7593 -11.5997 -1553.1982
v 15.8228 -11.6074 -1552.4072
v 26.7397 -9.8882 -1557.2129
v -25.2019 7.0712 -1545.7046
v -14.3429 0.2122 -1552.1743
v -0.7593 3.5828 -1555.3740
v 14.4361 0.9199 -1551.2666
v 26.7397 -4.4615 -1557.2129
v -25.2019 9.2311 -1545.7046
v -16.7593 10.8657 -1547.6626
v -0.7593 10.2003 -1547.3740
v 7.3280 8.3439 -1545.3198
v -8.8844 -7.7627 -1545.1475
v -0.7593 -9.2610 -1544.2114
v 10.8776 -9.7080 -1543.9331
v -27.1630 5.6882 -1537.1982
v -15.2344 -1.2694 -1538.7681
v -0.8114 0.8329 -1537.9634
v 10.0338 0.3160 -1544.1929
v -27.2193 15.2651 -1536.3403
v -16.5651 19.2730 -1536.3403
v -0.8114 12.3407 -1538.7529
v 7.3280 8.3439 -1545.1230
v -25.6543 24.8149 -1530.4355
v -21.7690 24.8149 -1530.4355
v -26.9078 6.5574 -1521.1982
v -18.2191 5.8261 -1520.9683
v -6.1795 6.5108 -1526.1479
v -27.0151 15.3317 -1520.5386
v -17.8139 16.2602 -1520.4565
v -6.1795 12.5115 -1526.1479
v -25.6543 24.8149 -1525.4316
v -21.7690 24.8149 -1525.4316
v -26.0364 6.1457 -1505.1982
v -18.2191 6.5593 -1503.6577
v -8.7262 8.2818 -1497.2979
v -26.0364 11.0496 -1505.1982
v -18.2191 10.5653 -1503.6577
v -8.7262 8.4200 -1497.2979
v -26.3598 5.5081 -1493.9854
v -16.9679 5.7285 -1488.8706
v -2.3394 6.7620 -1488.1528
v 7.9532 7.2305 -1482.1230
v -26.3598 10.9346 -1493.9854
v -16.9679 11.1038 -1488.8706
v -2.3394 10.2737 -1488.1528
v 7.9532 9.5511 -1482.1230
v -10.1129 -9.2462 -1466.6562
v -0.7593 -9.0036 -1466.5298
v 7.4568 -7.8813 -1465.5156
v -12.0855 1.0338 -1472.4731
v -0.7593 -1.6009 -1474.5298
v 8.8972 1.2647 -1471.7886
v -11.9018 10.6665 -1473.1982
v -0.7593 12.8818 -1473.1982
v 9.1492 10.5312 -1473.1982
v -9.9531 -9.1295 -1457.1982
v -0.7593 -10.4913 -1457.1982
v 10.2453 -9.0458 -1457.1982
v -10.4197 -0.9107 -1457.7173
v -0.7593 3.1879 -1453.3516
v 10.7437 0.6401 -1456.8018
v -9.9350 9.5263 -1463.3965
v -0.7593 10.5127 -1461.3516
v 9.0729 10.0346 -1461.8706
v -8.9974 -8.0491 -1448.4346
v -0.7201 -10.2151 -1442.3403
v 15.9147 -10.2019 -1440.4883
v 23.4851 -8.0271 -1434.6816
v -8.9974 -7.0618 -1448.4346
v -0.7201 -2.7275 -1442.3403
v 15.9147 -2.8175 -1440.4883
v 23.4851 -7.2118 -1434.6816
v 3.8523 -11.1375 -1425.1982
v 15.2407 -12.6402 -1425.1982
v 24.1752 -9.1867 -1425.1982
v 4.5117 1.3750 -1423.7681
v 13.6776 2.9704 -1423.7681
v 24.1752 -5.6897 -1425.1982
v 7.2101 8.3291 -1417.4810
v 7.3022 8.3291 -1417.4810
v -10.0845 -9.8747 -1402.9912
v -0.3092 -10.6918 -1408.6738
v 15.2407 -13.0922 -1409.1982
v 26.2649 -10.9755 -1409.1982
v -10.0845 -6.2666 -1402.9912
v 0.9338 -0.4469 -1409.9092
v 13.6776 4.3062 -1410.5762
v 26.2649 -2.4890 -1409.1982
v 7.2101 8.3291 -1416.8276
v 7.3022 8.3291 -1416.8276
v -10.5328 -10.3842 -1393.1982
v -0.7593 -13.2100 -1393.1982
v 15.2407 -15.2584 -1393.1982
v 31.4591 -11.6632 -1392.2183
v 39.4743 -7.9843 -1386.2314
v -10.5328 -5.0060 -1393.1982
v -0.7593 -1.4748 -1393.1982
v 15.2407 2.6698 -1393.1982
v 31.4591 -1.9333 -1392.2183
v 39.4743 -7.1963 -1386.2314
v -10.6508 -10.4628 -1377.1982
v -0.7593 -15.6311 -1377.1982
v 15.2407 -16.3684 -1377.1982
v 30.5598 -10.6771 -1378.4302
v 39.4743 -7.9843 -1384.5845
v -11.7902 0.0080 -1376.8457
v -0.7593 3.6694 -1379.2061
v 14.3630 4.2696 -1375.9570
v 30.5598 -3.2286 -1378.4302
v 39.4743 -7.1963 -1384.5845
v -11.2888 9.3452 -1371.2769
v -0.7593 9.2922 -1371.2061
v 8.4446 8.5884 -1369.7964
v -10.2420 -9.9794 -1367.1948
v -0.7593 -12.0875 -1365.8335
v 15.2407 -11.1795 -1366.5942
v 24.7725 -8.7687 -1368.2095
v -26.8769 5.2022 -1356.5815
v -16.0987 0.3027 -1361.8882
v -0.4174 0.5683 -1359.3574
v 14.3630 0.2647 -1366.3662
v 24.7725 -5.1029 -1368.2095
v -26.8769 12.3813 -1356.5815
v -16.6770 13.7587 -1361.6279
v -0.4174 11.4830 -1362.0493
v 8.4446 8.5884 -1367.9502
v -28.1855 4.6558 -1345.1982
v -15.7985 4.0402 -1344.4072
v -5.5228 6.0699 -1349.2134
v -28.1855 14.7075 -1345.1982
v -15.7985 15.8152 -1344.4072
v -5.5228 12.2926 -1349.2134
v -27.4920 4.5989 -1329.1982
v -19.5786 4.5989 -1329.1982
v -27.4920 13.6360 -1329.1982
v -19.5786 13.6360 -1329.1982
v -25.7607 5.7086 -1313.1982
v -16.7755 5.2741 -1313.4980
v -5.6120 6.7228 -1308.3643
v -25.7607 10.4783 -1313.1982
v -16.7755 11.4885 -1313.4980
v -5.6120 10.7205 -1308.3643
v -24.9016 8.0291 -1304.9448
v -16.2585 4.4997 -1298.6460
v -0.4709 3.0942 -1297.7231
v 9.0523 5.6866 -1292.7402
v -24.9016 8.5623 -1304.9448
v -16.2585 10.9628 -1298.6460
v -0.4709 11.8519 -1297.7231
v 9.0523 10.0441 -1292.7402
v -9.7247 -9.0881 -1277.3872
v -0.7593 -9.7689 -1278.0981
v 9.4410 -9.0598 -1275.5425
v -10.1580 -0.5604 -1281.6919
v -0.7593 0.5617 -1280.5376
v 9.2467 1.5201 -1279.8242
v -10.5913 10.0766 -1285.9961
v -0.7593 10.9325 -1282.9775
v 9.0523 10.0441 -1284.1060
v -9.7247 -9.0881 -1270.9648
v -0.7257 -10.4907 -1265.4585
v 12.4665 -10.1393 -1265.1982
v -9.7247 -4.9564 -1270.9648
v -0.7257 -0.9135 -1265.4585
v 12.4665 -1.2665 -1265.1982
v 4.1526 -10.8117 -1249.1982
v 16.5011 -10.7504 -1250.1411
v 23.8256 -8.6245 -1245.4360
v 4.1526 -1.9382 -1249.1982
v 16.5011 -2.2957 -1250.1411
v 23.8256 -6.3645 -1245.4360
v 3.8095 -10.5447 -1233.1982
v 15.2407 -13.4664 -1233.1982
v 25.2886 -10.6057 -1233.1982
v 4.3432 1.2012 -1232.7510
v 15.2334 4.8463 -1232.7510
v 25.2886 -3.1276 -1233.1982
v 6.9864 8.4774 -1227.1196
v 9.8953 8.4774 -1227.1196
v 20.9111 -24.1553 -1210.8145
v 24.0542 -24.1553 -1210.8145
v -10.4868 -10.1394 -1212.8062
v -1.0001 -11.9948 -1217.7632
v 15.4429 -18.6946 -1216.5679
v 30.0536 -14.5357 -1215.3931
v 39.2850 -7.7656 -1209.3047
v -10.4868 -5.4525 -1212.8062
v 0.2462 -0.2582 -1218.7515
v 15.2334 5.5170 -1218.4971
v 30.9281 -1.9940 -1215.6621
v 39.2850 -7.5821 -1209.3047
v 6.9864 8.4774 -1224.6968
v 9.8953 8.4774 -1224.6968
v 20.9111 -24.1553 -1208.4385
v 24.0542 -24.1553 -1208.4385
v -11.0034 -11.3081 -1201.1982
v -0.7593 -16.0162 -1201.1982
v 15.4429 -18.8259 -1202.3423
v 30.5255 -13.8710 -1203.3701
v 39.2850 -7.7656 -1208.9683
v -10.9602 0.0549 -1200.0430
v -0.7361 3.9800 -1200.0430
v 15.2407 3.7334 -1201.1982
v 31.4943 -2.4142 -1202.6602
v 39.2850 -7.5821 -1208.9683
v -9.4352 8.7023 -1193.9399
v -6.0540 8.7023 -1193.9399
v -10.0240 -10.0607 -1189.4062
v 0.7932 -10.9715 -1184.5229
v 13.6529 -10.5209 -1185.4302
v 26.3301 -9.3096 -1190.9185
v -26.1000 5.5948 -1179.0186
v -15.0629 -0.3704 -1184.2124
v 0.5538 0.6178 -1185.1846
v 13.0911 1.9713 -1185.9404
v 26.3301 -3.6286 -1190.9185
v -26.1000 10.7518 -1179.0186
v -15.5649 12.3805 -1184.6904
v -0.7361 11.4000 -1185.8569
v 8.2545 9.1177 -1180.9629
v 7.1616 -7.6962 -1177.1904
v 7.2610 -7.6962 -1177.1904
v -27.7984 4.8200 -1169.1982
v -16.7593 1.0667 -1169.1982
v -0.1879 0.4804 -1171.3057
v 8.0163 0.3160 -1176.3594
v -27.7675 16.1775 -1168.4556
v -16.7593 21.1069 -1170.4170
v -2.7977 16.0262 -1168.7407
v 8.2545 9.1177 -1176.0874
v -25.7208 24.7262 -1162.6274
v -16.7593 24.6361 -1162.4170
v -8.7247 24.3325 -1161.3940
v -27.2127 6.0750 -1153.1982
v -17.8542 5.9114 -1153.9248
v -7.5373 7.2964 -1159.7427
v -27.2989 15.8328 -1153.5571
v -17.8542 15.8328 -1152.6597
v -7.8168 16.3160 -1160.0767
v -25.7208 24.7262 -1159.1299
v -16.7593 24.6361 -1159.6167
v -8.7247 24.3325 -1161.1582
v -26.1445 5.9339 -1137.1982
v -17.8542 5.4425 -1136.7715
v -6.9201 6.7030 -1131.1538
v -26.1445 11.3622 -1137.1982
v -17.8542 12.7256 -1136.7715
v -6.9201 11.6036 -1131.1538
v -26.0465 6.1878 -1127.1992
v -16.5586 4.6625 -1121.5986
v -1.2558 4.7898 -1120.7959
v 8.5955 6.4000 -1115.1948
v -26.0465 10.5163 -1127.1992
v -16.5586 12.8190 -1121.5986
v -1.2558 12.5816 -1120.7959
v 8.5955 10.1207 -1115.1948
v -10.1517 -9.3652 -1099.3872
v -0.7593 -10.0940 -1100.5576
v 9.2166 -9.2162 -1099.4888
v -11.6066 0.5071 -1104.9116
v -0.7593 -2.8821 -1108.5576
v 9.5276 0.7664 -1104.9727
v -11.2742 10.5291 -1105.1982
v -0.7593 12.2031 -1105.1982
v 8.6174 9.9900 -1105.1982
v -10.1517 -9.3652 -1093.9653
v -0.5042 -10.1982 -1088.8584
v 10.9226 -9.5659 -1089.1982
v -10.5694 0.3160 -1093.5864
v -0.5042 0.1353 -1086.9150
v 10.4747 0.1353 -1089.8047
v -9.7804 9.2498 -1095.6152
v -0.7593 9.3368 -1094.7690
v 7.7215 8.7433 -1095.5420
v 4.1634 -10.1837 -1073.1982
v 15.4006 -10.5002 -1073.7520
v 24.1477 -9.0446 -1068.7876
v 4.1634 -3.4159 -1073.1982
v 15.4006 -3.0230 -1073.7520
v 24.1477 -5.6064 -1068.7876
v 4.4551 -11.4582 -1057.1982
v 15.2407 -13.9585 -1057.1982
v 25.1284 -10.1844 -1057.1982
v 4.4551 -2.0947 -1057.1982
v 15.2407 2.5092 -1057.1982
v 25.1284 -3.0801 -1057.1982
v -10.3534 -10.6026 -1034.9854
v -0.2709 -12.5241 -1040.6704
v 15.2407 -15.8423 -1041.1982
v 27.3243 -11.9812 -1041.1982
v -10.3534 -6.0613 -1034.9854
v -0.2709 -3.0126 -1040.6704
v 15.2407 3.3022 -1041.1982
v 27.3243 -1.3200 -1041.1982
v -10.1550 -10.3066 -1025.1982
v -0.7593 -13.8358 -1025.1982
v 15.2407 -15.7164 -1025.1982
v 28.8272 -12.1872 -1025.1982
v -10.1550 -5.9271 -1025.1982
v -0.7593 -2.0518 -1025.1982
v 15.2407 1.8532 -1025.1982
v 28.8272 -2.0221 -1025.1982
v -9.1740 -8.2653 -1009.1982
v -0.7593 -11.5617 -1009.1982
v 16.0051 -11.6699 -1008.2798
v 26.8545 -9.9319 -1013.0005
v -25.1712 7.1683 -1001.6650
v -14.3691 0.1021 -1008.1377
v 0.8314 4.2124 -1009.2456
v 16.0051 -0.7446 -1008.2798
v 26.8545 -4.5593 -1013.0005
v -25.1712 9.1740 -1001.6650
v -16.7593 10.8230 -1003.6074
v -3.4414 10.8006 -1003.9434
v -9.0454 -7.8808 -1001.0718
v -0.7593 -9.4529 -1000.0908
v 11.1814 -9.8457 -999.8481
v -27.1196 5.7233 -993.1982
v -15.3310 -1.3165 -994.7222
v 0.5948 2.0055 -995.1265
v 11.1814 -2.3744 -999.8481
v -27.1694 15.2308 -992.3247
v -16.5248 19.3108 -992.3247
v -2.7281 13.4159 -993.1982
v -25.6291 24.8101 -986.4087
v -21.7017 24.8101 -986.4087
v -27.0681 6.3790 -977.1982
v -17.9078 5.6081 -976.8716
v -6.0356 6.3854 -981.9873
v -27.1282 16.1698 -976.5312
v -17.5209 17.0185 -976.3701
v -6.0356 12.6313 -981.9873
v -25.6291 24.8101 -981.4199
v -21.7017 24.8101 -981.4199
v -26.2346 5.9243 -961.1982
v -20.3813 5.9243 -961.1982
v -26.2346 12.1394 -961.1982
v -20.3813 12.1394 -961.1982
v -26.3832 5.4005 -949.9351
v -15.6869 6.1628 -946.0757
v -0.7593 6.5122 -941.6064
v 7.9047 7.3018 -938.0571
v -26.3832 10.9909 -949.9351
v -15.6869 10.5616 -946.0757
v -0.7593 10.5497 -941.6064
v 7.9047 9.4778 -938.0571
v -10.1272 -9.2527 -922.6797
v -0.7593 -8.9183 -922.4028
v 7.3242 -7.7610 -921.3228
v -12.1034 1.0815 -928.4868
v -0.7593 -1.4878 -930.4028
v 8.7345 1.3075 -927.6729
v -11.9136 10.6521 -929.1982
v -0.7593 12.7499 -929.1982
v 9.0453 10.4139 -929.1982
v -10.0004 -9.1907 -913.1982
v -0.7593 -10.5029 -913.1982
v 10.1349 -8.9963 -913.1982
v -10.5117 -0.8536 -913.6665
v -0.7593 3.4129 -909.2651
v 10.6013 0.7631 -912.7832
v -10.0251 9.6143 -919.3120
v -0.7593 10.5162 -917.2651
v 8.9828 9.9513 -917.8403
v -9.0463 -8.1242 -904.2871
v -0.7542 -10.3103 -898.2515
v 15.9059 -10.1744 -896.1733
v 23.3933 -7.8976 -890.1567
v -9.0463 -6.9667 -904.2871
v -0.7542 -2.5486 -898.2515
v 15.9059 -2.8033 -896.1733
v 23.3933 -7.3913 -890.1567
v 3.7457 -11.2393 -881.1982
v 15.2407 -12.6036 -881.1982
v 24.0762 -9.0483 -881.1982
v 3.7457 -0.4437 -881.1982
v 15.2407 1.3588 -881.1982
v 24.0762 -5.8815 -881.1982
v -9.9684 -9.6909 -858.8589
v -0.3605 -10.7731 -864.5947
v 15.2407 -13.2919 -865.1982
v 26.2153 -10.9358 -865.1982
v -9.9684 -6.3868 -858.8589
v -0.3605 -1.7427 -864.5947
v 15.2407 3.7927 -865.1982
v 26.2153 -2.6610 -865.1982
v -10.5376 -10.3531 -849.1982
v -0.7593 -13.3038 -849.1982
v 15.2407 -15.5243 -849.1982
v 31.4435 -11.7708 -848.1670
v 39.4673 -7.9758 -842.1465
v -10.5376 -4.9826 -849.1982
v -0.7593 -0.8014 -849.1982
v 15.2407 3.3270 -849.1982
v 31.4435 -1.9355 -848.1670
v 39.4673 -7.2096 -842.1465
v -10.8044 -10.6777 -833.1982
v -0.7593 -15.7715 -833.1982
v 15.2407 -16.4678 -833.1982
v 30.6117 -10.8111 -834.4331
v 39.4673 -7.9758 -840.5894
v -11.7765 0.0987 -832.7979
v -0.7593 3.6898 -835.0288
v 14.1857 4.3231 -831.8633
v 30.6117 -3.1086 -834.4331
v 39.4673 -7.2096 -840.5894
v -11.0612 9.2754 -827.1973
v -0.7593 9.1839 -827.0288
v 8.1491 8.5137 -825.6401
v -10.3241 -10.1237 -822.9751
v -0.7593 -12.1560 -821.6592
v 15.2407 -11.1743 -822.5317
v 24.8591 -8.8147 -824.1387
v -26.8789 5.1466 -812.4756
v -16.0260 0.1697 -817.7251
v -0.2254 0.4420 -815.3130
v 14.1857 0.2950 -822.4111
v 24.8591 -5.0523 -824.1387
v -26.8789 12.2668 -812.4756
v -16.5405 13.6949 -817.5645
v -0.2254 11.4431 -818.1445
v 8.1491 8.5137 -824.1084
v -28.1940 4.6080 -801.1982
v -15.6892 3.8756 -800.2241
v -5.2028 5.8594 -804.9077
v -28.1940 14.6791 -801.1982
v -15.6892 15.8393 -800.2241
v -5.2028 12.3707 -804.9077
v -27.4215 4.7299 -785.1982
v -19.6213 4.7299 -785.1982
v -27.4215 13.5884 -785.1982
v -19.6213 13.5884 -785.1982
v -25.7029 5.8048 -769.1982
v -16.9190 5.3790 -769.4082
v -5.7490 6.7693 -764.2148
v -25.7029 10.4094 -769.1982
v -16.9190 11.4414 -769.4082
v -5.7490 10.7337 -764.2148
v -24.9278 7.9746 -760.8975
v -16.2428 4.7118 -754.6177
v -0.5531 3.3289 -753.7065
v 9.0926 5.6698 -748.7119
v -24.9278 8.6108 -760.8975
v -16.2428 10.9702 -754.6177
v -0.5531 11.8641 -753.7065
v 9.0926 10.1007 -748.7119
v -9.7366 -9.0953 -733.0029
v -0.7593 -9.8259 -733.8540
v 9.5052 -9.1287 -731.6016
v -10.1509 -0.2825 -737.4395
v -0.7593 0.7664 -736.3716
v 9.2989 1.5150 -735.8545
v -10.5651 10.0271 -741.8765
v -0.7593 10.9378 -738.8892
v 9.0926 10.1007 -740.1079
v -9.7366 -9.0953 -726.9790
v -0.6888 -10.4961 -721.4668
v 12.4123 -10.1406 -721.1982
v -9.7366 -4.7620 -726.9790
v -0.6888 -0.8423 -721.4668
v 12.4123 -1.3234 -721.1982
v 4.2052 -10.7490 -705.1982
v 16.4193 -10.6235 -705.9248
v 23.7421 -8.4966 -701.0757
v 4.2052 -1.9926 -705.1982
v 16.4193 -2.4149 -705.9248
v 23.7421 -6.4908 -701.0757
v 4.0610 -10.4808 -689.1982
v 15.2407 -13.3161 -689.1982
v 25.2486 -10.5193 -689.1982
v 4.5599 1.2072 -688.6777
v 15.3928 4.8676 -688.6777
v 25.2486 -3.1085 -689.1982
v 7.0123 8.4611 -682.9976
v 10.1608 8.4611 -682.9976
v 20.9283 -24.1672 -666.8252
v 24.0858 -24.1672 -666.8252
v -10.6063 -10.3111 -668.7437
v -0.8041 -11.9288 -673.7256
v 15.4532 -18.5332 -672.5742
v 30.0845 -14.5244 -671.3745
v 39.2651 -7.7303 -665.2573
v -10.6063 -5.3633 -668.7437
v 0.4225 -0.2886 -674.7437
v 15.3928 5.3936 -674.5254
v 30.9461 -2.0542 -671.6338
v 39.2651 -7.6267 -665.2573
v 7.0123 8.4611 -680.7437
v 10.1608 8.4611 -680.7437
v 20.9283 -24.1672 -664.4097
v 24.0858 -24.1672 -664.4097
v -11.0269 -11.3259 -657.1982
v -0.7593 -15.7881 -657.1982
v 15.4532 -18.6300 -658.3252
v 30.5519 -13.8539 -659.4038
v 39.2651 -7.7303 -665.0645
v -10.8554 0.1084 -655.9126
v -1.0228 3.9354 -655.9126
v 15.2407 3.4763 -657.1982
v 31.5071 -2.5483 -658.7178
v 39.2651 -7.6267 -665.0645
v -9.2293 8.5869 -649.7222
v -6.5317 8.5869 -649.7222
v -9.9358 -9.9127 -645.4111
v 0.4407 -10.8710 -640.5259
v 13.7481 -10.5099 -641.4185
v 26.3514 -9.3109 -646.8984
v -26.0180 5.6505 -634.8911
v -14.9159 -0.3857 -640.1509
v 0.0211 0.5678 -641.2065
v 13.1975 1.9786 -641.9502
v 26.3514 -3.6002 -646.8984
v -26.0180 10.5844 -634.8911
v -15.4413 12.1472 -640.6138
v -1.0228 11.2748 -641.8804
v 8.3086 9.1305 -637.0020
v 6.5740 -7.7916 -633.1279
v 7.4197 -7.7916 -633.1279
v -27.7374 4.8467 -625.1982
v -16.7593 0.9734 -625.1982
v -0.4225 0.4004 -627.2485
v 8.1759 0.3160 -632.2739
v -27.6764 16.0771 -624.3682
v -15.3139 21.5065 -624.3682
v -1.5551 14.2342 -626.1011
v 8.3086 9.1305 -632.0361
v -25.6504 24.6963 -618.4814
v -19.6836 24.6963 -618.4814
v -27.1450 6.2041 -609.1982
v -17.9434 5.9705 -609.8901
v -7.4190 7.2227 -615.6846
v -27.2025 15.7494 -609.5688
v -16.5416 17.1120 -610.0835
v -7.4190 13.5191 -615.6846
v -25.6504 24.6963 -615.1489
v -19.6836 24.6963 -615.1489
v -26.1200 6.0254 -593.1982
v -17.9434 5.5433 -592.7188
v -7.0140 6.7490 -587.0659
v -26.1200 11.3191 -593.1982
v -17.9434 12.6617 -592.7188
v -7.0140 11.5547 -587.0659
v -26.1047 6.1174 -583.0811
v -16.6286 4.6376 -577.5278
v -1.3122 4.8627 -576.7183
v 8.5198 6.4926 -571.0645
v -26.1047 10.5979 -583.0811
v -16.6286 12.8854 -577.5278
v -1.3122 12.5662 -576.7183
v 8.5198 10.0659 -571.0645
v -10.2442 -9.4688 -555.4521
v -0.7593 -10.1140 -556.5229
v 9.0953 -9.1392 -555.3770
v -11.7593 0.4969 -560.9507
v -0.7593 -2.8254 -564.5229
v 9.4957 0.8219 -560.9058
v -11.3956 10.6253 -561.1982
v -0.7593 12.3556 -561.1982
v 8.6685 10.0463 -561.1982
v -10.2442 -9.4688 -549.7085
v -0.5510 -10.1750 -544.7046
v 10.6219 -9.4591 -545.1982
v -10.6726 0.3160 -549.3354
v -0.5510 0.0257 -542.5630
v 10.3204 0.0257 -545.6533
v -9.8255 9.2999 -551.5376
v -0.7593 9.4718 -550.5215
v 7.8653 8.8732 -551.2900
v 4.0965 -10.0962 -529.1982
v 15.2329 -10.4310 -529.6562
v 24.1541 -9.0461 -524.6279
v 4.0965 -3.5750 -529.1982
v 15.2329 -3.1604 -529.6562
v 24.1541 -5.6233 -524.6279
v 4.5003 -11.3632 -513.1982
v 15.2407 -13.9055 -513.1982
v 25.1627 -10.2263 -513.1982
v 4.5003 -2.0031 -513.1982
v 15.2407 2.5003 -513.1982
v 25.1627 -3.1806 -513.1982
v -10.3999 -10.6571 -491.0532
v -0.2280 -12.4825 -496.7109
v 15.2407 -15.6545 -497.1982
v 27.4115 -11.8863 -497.1982
v -10.3999 -6.0069 -491.0532
v -0.2280 -2.8624 -496.7109
v 15.2407 3.5455 -497.1982
v 27.4115 -1.2237 -497.1982
v -10.1031 -10.1612 -481.1982
v -0.7593 -13.6879 -481.1982
v 15.2407 -15.5878 -481.1982
v 28.9832 -12.0611 -481.1982
v -10.1031 -6.1273 -481.1982
v -0.7593 -2.2914 -481.1982
v 15.2407 1.9901 -481.1982
v 28.9832 -1.8457 -481.1982
v -9.1703 -8.1542 -465.1982
v -0.7593 -11.5739 -465.1982
v 16.1826 -11.7762 -464.1543
v 26.9855 -9.9447 -468.7920
v -25.1304 7.2895 -457.6157
v -14.3667 0.0020 -464.0781
v -0.7593 2.8907 -467.4526
v 14.8428 0.7237 -463.1606
v 26.9855 -4.5697 -468.7920
v -25.1304 9.0955 -457.6157
v -16.7593 10.7334 -459.5176
v -0.7593 10.2149 -459.4526
v 7.5416 8.4042 -457.5288
v -9.1562 -7.9811 -457.0078
v -0.7593 -9.6174 -455.9897
v 11.4772 -9.9647 -455.7773
v -27.1153 5.7267 -449.1982
v -15.3975 -1.3851 -450.6841
v -0.6470 0.6863 -449.6816
v 10.6438 0.3160 -455.9453
v -27.1413 15.1837 -448.2954
v -16.5139 19.2945 -448.2954
v -0.6470 12.4797 -450.6484
v 7.5416 8.4042 -456.9482
v -25.5880 24.7950 -442.3599
v -21.6836 24.7950 -442.3599
v -27.2669 6.1693 -433.1982
v -17.6343 5.3689 -432.7856
v -5.9055 6.2665 -437.8438
v -27.2626 16.5834 -432.5620
v -17.2840 17.4094 -432.3242
v -5.9055 12.7237 -437.8438
v -25.5880 24.7950 -437.4712
v -21.6836 24.7950 -437.4712
v -26.4102 5.7427 -417.1982
v -20.2754 5.7427 -417.1982
v -26.4102 12.6735 -417.1982
v -20.2754 12.6735 -417.1982
v -26.3871 5.3213 -405.9204
v -15.7915 6.1681 -401.8467
v -0.7593 6.6434 -397.2158
v 7.8469 7.3870 -393.9805
v -26.3871 11.0137 -405.9204
v -15.7915 10.5101 -401.8467
v -0.7593 10.3875 -397.2158
v 7.8469 9.3875 -393.9805
v -10.1212 -9.2369 -378.6860
v -3.6279 -9.2369 -378.6860
v -12.0820 1.1353 -384.4907
v 0.7195 -2.5294 -384.4907
v 8.9276 3.7351 -385.1982
v -11.8913 10.6121 -385.1982
v -0.7593 12.5734 -385.1982
v 8.9276 10.2773 -385.1982
v -10.0259 -9.2252 -369.1982
v 0.7195 -9.9420 -370.7202
v 10.9826 -9.3924 -366.4014
v -10.5774 -0.8137 -369.6294
v 2.5827 -1.1696 -370.2856
v 9.9331 -0.4759 -370.1074
v -10.1007 9.6869 -375.2505
v -0.7593 10.5018 -373.1987
v 8.8836 9.8595 -373.8135
v -9.0863 -8.1861 -360.1685
v -0.8146 -10.4129 -354.1802
v 15.8858 -10.1576 -351.8120
v 23.2954 -7.7605 -345.5542
v -9.0863 -6.9001 -360.1685
v -0.8146 -2.3953 -354.1802
v 15.8858 -2.8028 -351.8120
v 23.2954 -7.5793 -345.5542
v 3.6161 -11.3615 -337.1982
v 15.2407 -12.5648 -337.1982
v 23.9622 -8.8873 -337.1982
v 3.6161 -0.5581 -337.1982
v 15.2407 1.0254 -337.1982
v 23.9622 -6.1006 -337.1982
v -9.8478 -9.4983 -314.7163
v -0.4036 -10.8570 -320.5093
v 15.2407 -13.4669 -321.1982
v 26.1392 -10.8614 -321.1982
v -9.8478 -6.5125 -314.7163
v -0.4036 -1.4043 -320.5093
v 15.2407 4.1158 -321.1982
v 26.1392 -2.8552 -321.1982
v -10.5338 -10.3053 -305.1982
v -0.7593 -13.4297 -305.1982
v 15.2407 -15.8367 -305.1982
v 31.4152 -11.8698 -304.1021
v 39.4515 -7.9559 -298.0376
v -10.5338 -4.9827 -305.1982
v -0.7593 -0.2056 -305.1982
v 15.2407 3.9278 -305.1982
v 31.4152 -1.9504 -304.1021
v 39.4515 -7.2411 -298.0376
v -10.9435 -10.8661 -289.1982
v -0.7593 -15.9332 -289.1982
v 15.2407 -16.6628 -289.1982
v 30.6965 -10.9766 -290.4502
v 39.4515 -7.9559 -296.6182
v -11.7465 0.1742 -288.7329
v -0.7593 3.7441 -290.8145
v 13.9663 4.4501 -287.7563
v 30.6965 -2.9685 -290.4502
v 39.4515 -7.2411 -296.6182
v -10.8257 9.1943 -283.0894
v -0.7593 9.0597 -282.8145
v 7.7833 8.4293 -281.4619
v -10.3941 -10.2461 -278.7642
v -0.7593 -12.2296 -277.4531
v 15.2407 -11.2230 -278.3960
v 25.0005 -8.9040 -280.0220
v -26.8458 5.1323 -268.3457
v -15.9432 0.0606 -273.5552
v -0.0380 0.3198 -271.3257
v 13.9663 0.3570 -278.4805
v 25.0005 -4.9490 -280.0220
v -26.8458 12.1289 -268.3457
v -16.3991 13.6395 -273.4868
v -0.0380 11.4197 -274.3223
v 7.7833 8.4293 -280.4048
v -28.1459 4.6170 -257.1982
v -15.5867 3.7606 -256.0571
v -4.8905 5.6557 -260.6299
v -28.1459 14.7485 -257.1982
v -15.5867 15.9708 -256.0571
v -4.8905 12.4972 -260.6299
v -27.3107 4.9228 -241.1982
v -19.6922 4.9228 -241.1982
v -27.3107 13.6262 -241.1982
v -19.6922 13.6262 -241.1982
v -25.6302 5.9464 -225.1982
v -17.0782 5.5101 -225.3208
v -5.8842 6.7989 -220.0688
v -25.6302 10.3032 -225.1982
v -17.0782 11.3683 -225.3208
v -5.8842 10.7535 -220.0688
v -24.9476 7.9325 -216.8613
v -16.2371 4.8964 -210.5962
v -0.6342 3.5858 -209.6372
v 9.0480 5.7480 -204.5967
v -24.9476 8.6492 -216.8613
v -16.2371 10.9849 -210.5962
v -0.6342 11.8398 -209.6372
v 9.0480 10.0741 -204.5967
v -9.8138 -9.1850 -188.7773
v -0.7593 -9.9337 -189.7129
v 9.5483 -9.1826 -187.6387
v -10.1847 0.0385 -193.2461
v -0.7593 1.0283 -192.2559
v 9.2982 1.5432 -191.8936
v -10.5556 9.9934 -197.7148
v -0.7593 10.8926 -194.7983
v 9.0480 10.0741 -196.1489
v -9.8138 -9.1850 -182.8945
v -0.6355 -10.5301 -177.4160
v 12.5234 -10.1159 -177.1982
v -9.8138 -4.4403 -182.8945
v -0.6355 -0.6798 -177.4160
v 12.5234 -1.3616 -177.1982
v 4.2781 -10.6517 -161.1982
v 16.4823 -10.4662 -161.9424
v 23.6519 -8.3640 -157.1050
v 4.2781 -2.0339 -161.1982
v 16.4823 -2.5423 -161.9424
v 23.6519 -6.6480 -157.1050
v 4.2179 -10.4623 -145.1982
v 15.2407 -13.1758 -145.1982
v 25.1742 -10.3976 -145.1982
v 4.7070 1.1916 -144.5415
v 15.5412 4.8328 -144.5415
v 25.1742 -3.1326 -145.1982
v 7.0484 8.4371 -138.7700
v 10.4083 8.4371 -138.7700
v 20.9818 -24.1694 -122.8071
v 24.1019 -24.1694 -122.8071
v -10.7177 -10.4701 -124.6890
v -0.6837 -11.9209 -129.6929
v 15.4854 -18.4121 -128.5635
v 28.2494 -15.8469 -128.5635
v -10.7177 -5.2861 -124.6890
v 0.5409 -0.2932 -130.7476
v 15.5412 5.2926 -130.5630
v 28.8557 -0.7511 -129.1982
v 7.0484 8.4371 -136.8062
v 10.4083 8.4371 -136.8062
v 20.9818 -24.1694 -120.3862
v 24.1019 -24.1694 -120.3862
v -11.0375 -11.3204 -113.1982
v -0.7593 -15.5276 -113.1982
v 15.4854 -18.4190 -114.3110
v 28.8069 -15.0533 -114.3110
v -10.7330 0.1547 -111.7695
v -1.4865 3.9004 -111.7695
v 15.2407 3.2132 -113.1982
v 29.5525 -1.4688 -113.1982
v -9.0112 8.4624 -105.4834
v -7.3046 8.4624 -105.4834
v -9.8385 -9.7465 -101.4424
v 0.1562 -10.7338 -96.5449
v 13.8323 -10.4656 -97.4263
v 26.3365 -9.2994 -102.9111
v -25.9231 5.7355 -90.7490
v -14.7582 -0.3696 -96.0957
v -0.6023 0.5168 -97.2173
v 13.2879 1.9499 -97.9517
v 26.3365 -3.6084 -102.9111
v -25.9231 10.3991 -90.7490
v -15.3104 11.8816 -96.5288
v -1.4865 11.1202 -97.8745
v 8.3492 9.1301 -92.9917
v 6.0999 -7.8791 -89.0713
v 7.5600 -7.8791 -89.0713
v -27.6903 4.8954 -81.1982
v -16.7593 0.9383 -81.1982
v -0.6072 0.3446 -83.2026
v 8.3116 0.3160 -88.2046
v -27.5835 15.9659 -80.2681
v -15.6677 21.1661 -80.2681
v -1.4924 14.0047 -82.0796
v 8.3492 9.1301 -88.0005
v -25.5584 24.6568 -74.3149
v -20.2733 24.6568 -74.3149
v -27.1459 6.2524 -65.1982
v -17.9781 5.9738 -65.8638
v -7.3144 7.1638 -71.6406
v -27.1480 15.7511 -65.6089
v -16.8653 16.9888 -66.0952
v -7.3144 13.2699 -71.6406
v -25.5584 24.6568 -71.2163
v -20.2733 24.6568 -71.2163
v -26.1269 6.0562 -49.1982
v -17.9781 5.6067 -48.6587
v -7.1231 6.8136 -42.9658
v -26.1269 11.3619 -49.1982
v -17.9781 12.6471 -48.6587
v -7.1231 11.4733 -42.9658
v -26.1448 6.0741 -38.9839
v -16.7091 4.6319 -33.4697
v -1.3776 4.9494 -32.6318
v 8.4317 6.6033 -26.9214
v -26.1448 10.6520 -38.9839
v -16.7091 12.9247 -33.4697
v -1.3776 12.5286 -32.6318
v 8.4317 9.9919 -26.9214
v -10.3243 -9.5574 -11.4985
v -0.7593 -10.1187 -12.4678
v 8.9697 -9.0569 -11.2568
v -11.9052 0.4784 -16.9785
v -0.7593 -2.7654 -20.4678
v 9.4479 0.8884 -16.8335
v -11.5179 10.7218 -17.1982
v -0.7593 12.4882 -17.1982
v 8.7030 10.0824 -17.1982
v -10.3243 -9.5574 -5.4663
v -0.6656 -10.1720 -0.5591
v 10.5733 -9.3890 -1.1982
v -10.7544 0.3160 -5.1123
v -0.6656 -0.0286 1.7231
v 10.3620 -0.0286 -1.5454
v -9.8545 9.3358 -7.4824
v -0.7593 9.5903 -6.3452
v 7.9993 8.9953 -7.1104
v 3.8977 -10.0966 14.8018
v 15.2694 -10.4206 14.3184
v 24.1464 -9.0282 19.3296
v 3.8977 -3.6150 14.8018
v 15.2694 -3.2178 14.3184
v 24.1464 -5.6657 19.3296
v 4.5124 -11.2958 30.8018
v 15.2407 -13.8460 30.8018
v 25.1697 -10.2342 30.8018
v 4.5124 -1.8538 30.8018
v 15.2407 2.5228 30.8018
v 25.1697 -3.3074 30.8018
v -10.4249 -10.6804 52.9023
v -0.1739 -12.3913 47.2622
v 15.2407 -15.4340 46.8018
v 27.4551 -11.7972 46.8018
v -10.4249 -5.9743 52.9023
v -0.1739 -2.7011 47.2622
v 15.2407 3.7918 46.8018
v 27.4551 -1.1546 46.8018
v -10.0308 -9.9797 62.8018
v -0.7593 -13.4621 62.8018
v 15.2407 -15.4217 62.8018
v 29.1193 -11.9393 62.8018
v -10.0308 -6.3409 62.8018
v -0.7593 -2.5469 62.8018
v 15.2407 2.0788 62.8018
v 29.1193 -1.7153 62.8018
v -9.1309 -8.0157 78.8018
v -0.7593 -11.5193 78.8018
v 16.3589 -11.8343 79.9766
v 27.1260 -9.9295 75.4268
v -25.0802 7.4332 86.4434
v -14.3404 -0.0849 79.9683
v -0.7593 2.5549 76.3813
v 15.1357 0.6362 80.8213
v 27.1260 -4.6143 75.4268
v -25.0802 8.9962 86.4434
v -16.7593 10.5853 84.5518
v -0.7593 10.2050 84.3813
v 7.8336 8.4892 86.2163
v -9.2251 -8.0616 87.0435
v -0.7593 -9.7508 88.0884
v 11.7711 -10.0621 88.2759
v -27.1055 5.7417 94.8018
v -15.4388 -1.4295 93.3467
v -0.5880 0.6299 94.5225
v 11.0832 0.3160 88.2715
v -27.0998 15.1241 95.7471
v -16.5355 19.2109 95.7471
v -0.5880 12.5068 93.4932
v 7.8336 8.4892 87.2876
v -25.5320 24.7699 101.7104
v -21.7195 24.7699 101.7104
v -27.4602 5.9690 110.8018
v -17.3942 5.1523 111.2803
v -5.8070 6.1725 106.2661
v -27.3836 16.8098 111.3667
v -17.1018 17.6271 111.6709
v -5.8070 12.7819 106.2661
v -25.5320 24.7699 106.4097
v -21.7195 24.7699 106.4097
v -26.5596 5.5962 126.8018
v -20.2056 5.5962 126.8018
v -26.5596 12.9489 126.8018
v -20.2056 12.9489 126.8018
v -26.3659 5.2693 138.0576
v -15.8756 6.1939 142.3770
v -0.7593 6.7948 147.2012
v 7.7809 7.4852 150.1064
v -26.3659 11.0036 138.0576
v -15.8756 10.4334 142.3770
v -0.7593 10.2002 147.2012
v 7.7809 9.2812 150.1064
v -10.0949 -9.1991 165.3291
v -4.1005 -9.1991 165.3291
v -12.0184 1.1975 159.5181
v 0.4360 -2.1656 159.5181
v 8.7984 4.1120 158.8018
v -11.8315 10.5464 158.8018
v -0.7593 12.3541 158.8018
v 8.7984 10.1237 158.8018
v -10.0294 -9.2331 174.8018
v 0.4360 -9.9424 173.4629
v 10.9044 -9.3826 177.9038
v -10.6158 -0.7892 174.3936
v 2.3802 -0.9196 173.8726
v 9.8409 -0.2045 174.0576
v -10.1600 9.7428 168.7881
v -0.7593 10.4699 170.8491
v 8.7774 9.7610 170.2114
v -9.1171 -8.2343 183.9209
v -0.8576 -10.4638 189.8735
v 15.8389 -10.2011 192.1138
v 23.3219 -7.7965 198.3218
v -9.1171 -6.8593 183.9209
v -0.8576 -2.3031 189.8735
v 15.8389 -2.7052 192.1138
v 23.3219 -7.5295 198.3218
v 3.5229 -11.4580 206.8018
v 15.2407 -12.6143 206.8018
v 23.9321 -8.8404 206.8018
v 3.5229 -0.6908 206.8018
v 15.2407 0.8322 206.8018
v 23.9321 -6.1611 206.8018
v -9.7229 -9.2967 229.4370
v -0.4352 -10.9127 223.5830
v 15.2407 -13.6066 222.8018
v 26.0353 -10.7802 222.8018
v -9.7229 -6.6436 229.4370
v -0.4352 -1.2232 223.5830
v 15.2407 4.2200 222.8018
v 26.0353 -3.0757 222.8018
v -10.5202 -10.2418 238.8018
v -0.7593 -13.6198 238.8018
v 15.2407 -16.2596 238.8018
v 31.3720 -11.9881 239.9756
v 39.4273 -7.9275 246.0913
v -10.5202 -5.0054 238.8018
v -0.7593 0.2787 238.8018
v 15.2407 4.4324 238.8018
v 31.3720 -1.9819 239.9756
v 39.4273 -7.2904 246.0913
v -11.0670 -11.0488 254.8018
v -0.7593 -16.1671 254.8018
v 15.2407 -16.9513 254.8018
v 30.7745 -11.1493 253.5181
v 39.4273 -7.9275 247.3286
v -11.7954 0.2347 255.2549
v -0.7593 3.8884 253.3315
v 13.7004 4.6483 256.3726
v 30.7745 -2.8548 253.5181
v 39.4273 -7.2904 247.3286
v -10.7426 9.2147 260.8901
v -0.7593 9.0050 261.3315
v 7.3402 8.3359 262.7534
v -10.4520 -10.3726 265.4351
v -0.7593 -12.2812 266.7319
v 15.2407 -11.2404 265.7246
v 25.1303 -8.9849 264.0918
v -26.7782 5.1597 275.8120
v -15.9306 -0.0237 270.6235
v 0.1443 0.2022 272.4629
v 13.7004 0.4041 265.2568
v 25.1303 -4.8704 264.0918
v -26.7782 12.0530 275.8120
v -16.3493 13.7072 270.6079
v 0.1443 11.4769 269.3184
v 7.3402 8.3359 262.9966
v -28.0646 4.6771 286.8018
v -15.4840 3.6911 288.0918
v -4.5866 5.4597 283.6187
v -28.0646 14.8808 286.8018
v -15.4840 16.1776 288.0918
v -4.5866 12.6656 283.6187
v -27.1832 5.1750 302.8018
v -19.7815 5.1750 302.8018
v -27.1832 13.6472 302.8018
v -19.7815 13.6472 302.8018
v -25.5579 6.1084 318.8018
v -17.2524 5.6687 318.7808
v -6.0431 6.8472 324.0996
v -25.5579 10.1813 318.8018
v -17.2524 11.2698 318.7808
v -6.0431 10.7519 324.0996
v -24.9804 7.8650 327.1973
v -16.2795 5.0107 333.4390
v -0.7296 3.8153 334.4600
v 8.9628 5.8728 339.5649
v -24.9804 8.7107 327.1973
v -16.2795 11.0466 333.4390
v -0.7296 11.8245 334.4600
v 8.9628 10.0073 339.5649
v -9.8800 -9.2578 355.4067
v -0.7593 -10.0122 354.4189
v 9.5629 -9.2144 356.3530
v -10.2531 0.3026 350.9780
v -0.7593 1.2551 351.8804
v 9.2629 1.5815 352.0640
v -10.6262 10.0364 346.5488
v -0.7593 10.8747 349.3418
v 8.9628 10.0073 347.7749
v -9.8800 -9.2578 361.1646
v -0.6652 -10.6186 366.6196
v 12.6391 -10.1719 366.8018
v -9.8800 -4.1217 361.1646
v -0.6652 -0.4305 366.6196
v 12.6391 -1.2888 366.8018
v 4.2563 -10.6329 382.8018
v 16.5661 -10.4259 381.9570
v 23.6219 -8.3220 386.7271
v 4.2563 -1.9718 382.8018
v 16.5661 -2.5149 381.9570
v 23.6219 -6.6851 386.7271
v 4.2936 -10.4888 398.8018
v 15.2407 -13.1169 398.8018
v 25.1159 -10.3121 398.8018
v 4.7962 1.1542 399.6689
v 15.6662 4.8352 399.6689
v 25.1159 -3.0827 398.8018
v 7.0960 8.4054 405.5801
v 10.6165 8.4054 405.5801
v 21.0697 -24.1618 421.2388
v 24.1018 -24.1618 421.2388
v -10.8209 -10.6160 419.3599
v -0.6354 -12.0764 414.3364
v 15.5381 -18.4370 415.4639
v 28.1380 -15.8037 415.4639
v -10.8209 -5.2197 419.3599
v 0.6050 -0.2121 413.2310
v 15.6662 5.3256 413.3818
v 28.7165 -0.7817 414.8018
v 7.0960 8.4054 407.1016
v 10.6165 8.4054 407.1016
v 21.0697 -24.1618 423.6235
v 24.1018 -24.1618 423.6235
v -11.0575 -11.3515 430.8018
v -0.7593 -15.5406 430.8018
v 15.5381 -18.3860 429.6948
v 28.6963 -15.0347 429.6948
v -10.6104 0.1946 432.3872
v -2.2672 3.9929 432.3872
v 15.2407 3.1390 430.8018
v 29.4144 -1.6089 430.8018
v -8.7802 8.3282 438.7778
v -8.6058 8.3282 438.7778
v -9.7620 -9.6421 442.5337
v -0.0652 -10.6976 447.4409
v 13.9045 -10.4734 446.5503
v 26.2902 -9.2685 441.0493
v -25.8164 5.8530 453.4048
v -14.6044 -0.3214 447.9692
v -1.4374 0.5023 446.7998
v 13.3612 1.9247 446.0576
v 26.2902 -3.6508 441.0493
v -25.8164 10.1969 453.4048
v -15.1719 11.5837 447.5635
v -2.2672 10.9355 446.1602
v 8.3753 9.1166 451.0659
v 5.7310 -7.9572 454.9780
v 7.6805 -7.9572 454.9780
v -27.6573 4.9613 462.8018
v -16.7593 0.9564 462.8018
v -0.7474 0.3128 460.8315
v 8.4215 0.3160 455.8467
v -27.4896 15.8446 463.8428
v -16.0769 20.8066 463.8428
v -1.4392 13.7584 461.9316
v 8.3753 9.1166 456.0186
v -25.4458 24.6083 469.8701
v -20.9552 24.6083 469.8701
v -27.1764 6.2785 478.8018
v -17.9871 5.9692 478.1860
v -7.2258 7.1212 472.4419
v -27.1049 15.7633 478.3149
v -17.2138 16.8806 477.8828
v -7.2258 13.0331 472.4419
v -25.4458 24.6083 472.6572
v -20.9552 24.6083 472.6572
v -26.1254 6.0937 494.8018
v -17.9871 5.6855 495.3740
v -7.2447 6.8950 501.0894
v -26.1254 11.3959 494.8018
v -17.9871 12.6057 495.3740
v -7.2447 11.3590 501.0894
v -26.1648 6.0595 505.0898
v -16.7926 4.6522 510.5747
v -1.4506 5.0533 511.4595
v 8.3350 6.7279 517.2310
v -26.1648 10.6771 505.0898
v -16.7926 12.9287 510.5747
v -1.4506 12.4637 511.4595
v 8.3350 9.9020 517.2310
v -10.3876 -9.6264 532.4775
v -0.7593 -10.1054 531.6104
v 8.8409 -8.9701 532.8706
v -12.0338 0.4587 527.0073
v -0.7593 -2.6966 523.6104
v 9.3866 0.9632 527.2432
v -11.6313 10.8091 526.8018
v -0.7593 12.5931 526.8018
v 8.7229 10.1000 526.8018
v -10.3876 -9.6264 538.7598
v -0.8944 -10.2110 543.5767
v 10.6699 -9.3860 542.8018
v -10.8109 0.3160 539.0806
v -0.8944 0.0111 545.9541
v 10.5132 0.0111 542.5312
v -9.8665 9.3563 536.5488
v -0.7593 9.6907 537.7739
v 8.1227 9.1086 537.0176
v 3.5727 -10.1466 558.8018
v 15.4239 -10.4384 558.2881
v 24.1248 -8.9913 563.2788
v 3.5727 -3.5106 558.8018
v 15.4239 -3.1746 558.2881
v 24.1248 -5.7329 563.2788
v 4.5458 -11.1880 574.8018
v 15.2407 -13.7186 574.8018
v 25.1468 -10.2146 574.8018
v 4.5458 -1.6642 574.8018
v 15.2407 2.5556 574.8018
v 25.1468 -3.4643 574.8018
v -10.4255 -10.6702 596.8730
v -0.1160 -12.2501 591.2446
v 15.2407 -15.2495 590.8018
v 27.4527 -11.7816 590.8018
v -10.4255 -5.9669 596.8730
v -0.1160 -2.5532 591.2446
v 15.2407 4.0106 590.8018
v 27.4527 -1.1150 590.8018
v -10.0257 -9.9585 606.8018
v -0.7593 -13.3599 606.8018
v 15.2407 -15.2872 606.8018
v 29.2301 -11.8857 606.8018
v -10.0257 -6.3495 606.8018
v -0.7593 -2.6296 606.8018
v 15.2407 2.0938 606.8018
v 29.2301 -1.6261 606.8018
v -9.1603 -8.0552 622.8018
v -0.7593 -11.6068 622.8018
v 16.5396 -11.8487 624.1230
v 27.2678 -9.8897 619.6709
v -25.0213 7.5981 630.5112
v -14.3600 -0.0119 624.0156
v -0.7593 2.4222 620.2632
v 15.4187 0.5192 624.8511
v 27.2678 -4.6903 619.6709
v -25.0213 8.8766 630.5112
v -16.7593 10.3938 628.6230
v -0.7593 10.1604 628.2632
v 8.0984 8.5655 630.0317
v -9.2717 -8.1324 631.0879
v -0.7593 -9.8596 632.1475
v 12.0723 -10.1364 632.3101
v -27.0605 5.7983 638.8018
v -15.4667 -1.3858 637.3735
v -0.5877 0.6284 638.6943
v 11.5077 0.3160 632.4526
v -27.0217 15.0523 639.8018
v -16.5938 19.0523 639.8018
v -0.5877 12.4657 637.6172
v 8.0984 8.5655 631.4946
v -25.4618 24.7349 645.8018
v -21.8167 24.7349 645.8018
v -27.6176 5.8066 654.8018
v -17.1842 5.0208 655.2905
v -5.8065 6.1699 650.2832
v -27.4674 16.9685 655.2847
v -16.9754 17.7548 655.6113
v -5.8065 12.7728 650.2832
v -25.4618 24.7349 650.2729
v -21.8167 24.7349 650.2729
v -26.7087 5.4529 670.8018
v -20.1568 5.4529 670.8018
v -26.7087 13.1452 670.8018
v -20.1568 13.1452 670.8018
v -26.3537 5.2054 682.1504
v -16.0681 6.1672 686.6025
v -0.7593 6.8854 691.5420
v 7.7073 7.5955 694.2021
v -26.3537 11.0008 682.1504
v -16.0681 10.4152 686.6025
v -0.7593 10.0835 691.5420
v 7.7073 9.1591 694.2021
v -10.0500 -9.1412 709.3643
v -4.5285 -9.1412 709.3643
v -12.0760 1.2038 703.5391
v 0.1792 -1.8455 703.5391
v 8.6585 4.5044 702.8018
v -11.9372 10.5486 702.8018
v -0.7593 12.1862 702.8018
v 8.6585 9.9535 702.8018
v -10.0731 -9.3051 718.8018
v 0.1792 -9.9590 717.6426
v 10.7647 -9.3141 722.2021
v -10.6751 -0.6818 718.4023
v 2.1967 -0.6294 718.0166
v 9.7146 0.0445 718.2188
v -10.2006 9.7793 712.8027
v -0.7593 10.4186 714.8770
v 8.6645 9.6562 714.2344
v -9.2204 -8.3883 728.1875
v -0.8810 -10.5243 734.0332
v 15.7551 -10.2017 736.0127
v 23.3622 -7.8507 742.1523
v -9.2204 -6.6803 728.1875
v -0.8810 -2.1664 734.0332
v 15.7551 -2.6312 736.0127
v 23.3622 -7.4549 742.1523
v 3.4802 -11.5232 750.8018
v 15.2407 -12.6309 750.8018
v 23.9039 -8.7917 750.8018
v 3.4802 -0.8341 750.8018
v 15.2407 0.6273 750.8018
v 23.9039 -6.2226 750.8018
v -9.5964 -9.0879 773.5996
v -0.4461 -10.9401 767.6807
v 15.2407 -13.7211 766.8018
v 25.9019 -10.7038 766.8018
v -9.5964 -6.7782 773.5996
v -0.4461 -1.1619 767.6807
v 15.2407 4.1452 766.8018
v 25.9019 -3.3281 766.8018
v -10.4974 -10.1623 782.8018
v -0.7593 -13.7473 782.8018
v 15.2407 -16.6484 782.8018
v 31.3120 -12.1110 784.0635
v 39.3946 -7.8897 790.2383
v -10.4974 -5.0489 782.8018
v -0.7593 0.5774 782.8018
v 15.2407 4.7409 782.8018
v 31.3120 -2.0494 784.0635
v 39.3946 -7.3576 790.2383
v -11.1732 -11.2137 798.8018
v -0.7593 -16.3339 798.8018
v 15.2407 -17.1718 798.8018
v 30.8406 -11.3014 797.4697
v 39.3946 -7.8897 791.2490
v -11.8666 0.2806 799.2256
v 0.5878 4.6842 799.2256
v 15.2407 3.6994 798.8018
v 30.8406 -2.7850 797.4697
v 39.3946 -7.3576 791.2490
v -10.7197 9.2574 804.8418
v -3.8475 9.2574 804.8418
v -10.4974 -10.4898 809.6211
v -0.7593 -12.3012 810.8975
v 15.2407 -11.2221 809.8291
v 25.2405 -9.0509 808.1963
v -26.7103 5.1948 819.9434
v -15.9419 -0.0997 814.7822
v 1.2636 1.3154 814.8652
v 15.2407 -1.7555 809.8291
v 25.2405 -4.8216 808.1963
v -26.7103 11.9817 819.9434
v -16.3355 13.7733 814.6865
v -1.7249 12.3883 814.8018
v -28.0018 4.7324 830.8018
v -15.3685 3.6231 832.2227
v -4.2919 5.2725 827.8369
v -28.0018 15.0509 830.8018
v -15.3685 16.3969 832.2227
v -4.2919 12.8042 827.8369
v -27.0651 5.4611 846.8018
v -19.8736 5.4611 846.8018
v -27.0651 13.6644 846.8018
v -19.8736 13.6644 846.8018
v -25.4688 6.3294 862.8018
v -17.4416 5.8340 862.8301
v -6.1173 6.8281 868.1816
v -25.4688 10.0090 862.8018
v -17.4416 11.1822 862.8301
v -6.1173 10.8356 868.1816
v -25.0033 7.8169 871.2383
v -16.3073 5.0900 877.4639
v -0.7741 4.0083 878.5693
v 8.8650 6.0140 883.7471
v -25.0033 8.7564 871.2383
v -16.3073 11.1353 877.4639
v -0.7741 11.8464 878.5693
v 8.8650 9.9416 883.7471
v -9.9333 -9.3122 899.5693
v -0.7593 -10.0536 898.5635
v 9.5393 -9.2153 900.3828
v -10.3030 0.5617 895.1904
v -0.7593 1.4738 896.0098
v 9.2022 1.6140 896.0234
v -10.6726 10.0548 890.8115
v -0.7593 10.8393 893.4551
v 8.8650 9.9416 891.6631
v -9.9333 -9.3122 905.1982
v -0.6852 -10.6786 910.6396
v 12.6978 -10.2062 910.8018
v -9.9333 -3.8029 905.1982
v -0.6852 -0.2120 910.6396
v 12.6978 -1.2549 910.8018
v 4.2605 -10.5981 926.8018
v 16.6272 -10.4314 925.7871
v 23.6541 -8.3775 930.4434
v 4.2605 -1.9555 926.8018
v 16.6272 -2.4401 925.7871
v 23.6541 -6.5823 930.4434
v 4.2974 -10.5677 942.8018
v 15.2407 -13.1588 942.8018
v 25.0824 -10.2751 942.8018
v 4.8361 1.0943 943.9639
v 15.7136 4.8886 943.9639
v 25.0824 -2.9411 942.8018
v 7.1574 8.3665 950.0723
v 10.6956 8.3665 950.0723
v 21.1892 -24.1446 965.3105
v 24.0851 -24.1446 965.3105
v -10.9096 -10.7505 963.4111
v -0.6557 -12.2641 958.3672
v 15.6098 -18.4810 959.5068
v 27.9918 -15.7408 959.5068
v -10.9096 -5.1697 963.4111
v 0.6187 -0.1498 957.1943
v 15.7136 5.3387 957.3076
v 28.5462 -0.8212 958.8018
v 7.1574 8.3665 950.9775
v 10.6956 8.3665 950.9775
v 21.1892 -24.1446 967.6182
v 24.0851 -24.1446 967.6182
v -11.1395 -11.4898 974.8018
v -0.7593 -15.6099 974.8018
v 15.6098 -18.3020 973.6914
v 28.5513 -15.0059 973.6914
v -11.1395 -2.1406 974.8018
v -0.7593 2.6296 974.8018
v 15.2407 2.9997 974.8018
v 29.2456 -1.7705 974.8018
v -9.7826 -9.6920 986.6240
v -0.2295 -10.7240 991.4951
v 13.9647 -10.4411 990.5137
v 26.2154 -9.2205 984.9883
v -25.6999 6.0057 997.5693
v -13.7693 0.7863 990.9150
v -2.6666 1.4077 989.8867
v 13.4165 1.8640 990.0791
v 26.2154 -3.7276 984.9883
v -25.6999 9.9806 997.5693
v -16.7593 12.0906 994.1338
v -0.7593 11.4229 992.3350
v 8.3858 9.0904 995.1699
v 5.4570 -8.0252 999.0205
v 7.7806 -8.0252 999.0205
v -27.5792 5.0880 1006.8018
v -16.7593 1.0622 1006.8018
v -0.8490 0.2988 1004.8535
v 8.5045 0.3160 999.8789
v -27.3470 15.7148 1007.9639
v -16.5408 20.4281 1007.9639
v -1.3967 13.4940 1005.9326
v 8.3858 9.0904 1000.0195
v -25.3123 24.5510 1014.0713
v -21.7285 24.5510 1014.0713
v -27.1592 6.3513 1022.8018
v -18.0011 6.0051 1022.2402
v -7.1550 7.0842 1016.5322
v -27.0110 15.7434 1022.1904
v -17.6120 16.7492 1021.8242
v -7.1550 12.8034 1016.5322
v -25.3123 24.5510 1016.4502
v -21.7285 24.5510 1016.4502
v -26.0981 6.1652 1038.8018
v -18.0011 5.8007 1039.4023
v -7.3687 6.9915 1045.1367
v -26.0981 11.3673 1038.8018
v -18.0011 12.4943 1039.4023
v -7.3687 11.2114 1045.1367
v -26.1637 6.0742 1049.1396
v -16.8520 4.7241 1054.6045
v -1.5250 5.1986 1055.5498
v 8.2334 6.8651 1061.3818
v -26.1637 10.6721 1049.1396
v -16.8520 12.8701 1054.6045
v -1.5250 12.3448 1055.5498
v 8.2334 9.7967 1061.3818
v -10.4268 -9.6680 1076.4824
v -0.7593 -10.0682 1075.7158
v 8.7091 -8.8789 1077.0059
v -12.1255 0.4638 1071.0098
v -0.7593 -2.5873 1067.7158
v 9.3140 1.0455 1071.3242
v -11.7164 10.8678 1070.8018
v -0.7593 12.6509 1070.8018
v 8.7311 10.0991 1070.8018
v -10.4268 -9.6680 1082.9658
v -1.1645 -10.2538 1087.7002
v 10.7879 -9.4082 1086.8018
v -10.8512 0.3160 1083.2598
v -1.1645 0.0814 1090.1514
v 10.6751 0.0814 1086.5850
v -9.8810 9.3798 1080.5820
v -0.7593 9.7864 1081.8652
v 8.2351 9.2128 1081.1074
v 3.2136 -10.2042 1102.8018
v 15.5974 -10.4517 1102.2773
v 24.0902 -8.9366 1107.2607
v 3.2136 -3.3908 1102.8018
v 15.5974 -3.1330 1102.2773
v 24.0902 -5.8233 1107.2607
v 4.6094 -11.0396 1118.8018
v 15.2407 -13.5453 1118.8018
v 25.1103 -10.1898 1118.8018
v 4.6094 -1.4769 1118.8018
v 15.2407 2.5706 1118.8018
v 25.1103 -3.6365 1118.8018
v -10.4003 -10.6253 1140.8721
v -0.0479 -12.0588 1135.2441
v 15.2407 -15.0130 1134.8018
v 27.4203 -11.7505 1134.8018
v -10.4003 -5.9861 1140.8721
v -0.0479 -2.4146 1135.2441
v 15.2407 4.2232 1134.8018
v 27.4203 -1.0902 1134.8018
v -10.0695 -10.0450 1150.8018
v -0.7593 -13.3340 1150.8018
v 15.2407 -15.1831 1150.8018
v 29.3921 -11.8941 1150.8018
v -10.0695 -6.1924 1150.8018
v -0.7593 -2.5739 1150.8018
v 15.2407 2.1462 1150.8018
v 29.3921 -1.4723 1150.8018
v -9.3655 -8.3365 1166.8018
v -0.7593 -11.9037 1166.8018
v 16.7328 -11.9057 1168.3066
v 27.5130 -9.9639 1163.9766
v -24.9545 7.7828 1174.5869
v -14.4968 0.1948 1168.0791
v -0.7593 2.4599 1164.2021
v 15.6978 0.4464 1168.9385
v 27.5130 -4.6575 1163.9766
v -24.9545 8.7391 1174.5869
v -16.7593 10.1768 1172.7178
v -0.7593 10.0968 1172.2021
v 8.3348 8.6325 1173.9004
v -9.4616 -8.3472 1175.2285
v -0.7593 -10.0588 1176.2646
v 12.3942 -10.1872 1176.3252
v -26.9717 5.9054 1182.8018
v -15.5807 -1.2710 1181.4580
v -0.6207 0.6575 1182.8945
v 11.9264 0.3160 1176.5977
v -26.9011 14.9699 1183.8672
v -16.6941 18.8464 1183.8672
v -0.6207 12.3825 1181.7246
v 8.3348 8.6325 1175.6729
v -25.3790 24.6908 1189.9102
v -21.9840 24.6908 1189.9102
v -27.7293 5.6829 1198.8018
v -17.0024 4.9510 1199.2686
v -5.8617 6.2185 1194.2471
v -27.5071 17.1775 1199.2959
v -16.9076 17.9021 1199.6035
v -5.8617 12.7190 1194.2471
v -25.3790 24.6908 1194.2920
v -21.9840 24.6908 1194.2920
v -26.9259 5.2269 1214.8018
v -20.0609 5.2269 1214.8018
v -26.9259 13.4908 1214.8018
v -20.0609 13.4908 1214.8018
v -26.4429 5.0271 1226.3984
v -16.3332 6.0103 1230.7939
v -0.7593 6.8747 1235.7217
v 7.6266 7.7169 1238.3076
v -26.4429 11.1132 1226.3984
v -16.3332 10.5388 1230.7939
v -0.7593 10.0815 1235.7217
v 7.6266 9.0216 1238.3076
v -9.9886 -9.0653 1253.4189
v -4.9331 -9.0653 1253.4189
v -12.2672 1.1224 1247.5723
v -0.0636 -1.7056 1247.5723
v 8.6557 4.7809 1246.8018
v -12.2222 10.6671 1246.8018
v -0.7593 12.2497 1246.8018
v 8.6557 9.8986 1246.8018
v -10.1001 -9.3555 1262.8018
v -0.0636 -9.9438 1261.8262
v 10.5912 -9.2217 1266.5088
v -10.7118 -0.5924 1262.3994
v 2.0234 -0.4315 1262.2441
v 9.6664 0.2009 1262.4863
v -10.2256 9.8023 1256.7979
v -0.7593 10.4842 1259.0459
v 8.7415 9.7206 1258.4648
v -9.3177 -8.5314 1272.4170
v -0.8831 -10.5440 1278.1709
v 15.6510 -10.1599 1279.9531
v 23.3931 -7.8913 1286.0547
v -9.3177 -6.5314 1272.4170
v -0.8831 -2.0442 1278.1709
v 15.6510 -2.5646 1279.9531
v 23.3931 -7.3988 1286.0547
v 3.5055 -11.5193 1294.8018
v 15.2407 -12.6542 1294.8018
v 23.9268 -8.8189 1294.8018
v 3.5055 -0.9732 1294.8018
v 15.2407 0.5131 1294.8018
v 23.9268 -6.1977 1294.8018
v -9.4722 -8.8716 1317.7734
v -0.4237 -10.9120 1311.7842
v 15.2407 -13.8434 1310.8018
v 25.8067 -10.6991 1310.8018
v -9.4722 -6.9118 1317.7734
v 0.8435 0.3278 1312.8252
v 13.7248 4.8186 1312.2471
v 25.8067 -3.4943 1310.8018
v 7.2203 8.3284 1318.5439
v 7.3810 8.3284 1318.5439
v -10.4665 -10.0636 1326.8018
v -0.7593 -13.8087 1326.8018
v 15.2407 -16.9785 1326.8018
v 31.2361 -12.2164 1328.1621
v 39.3538 -7.8389 1334.4023
v -10.4665 -5.1100 1326.8018
v 0.8284 2.1739 1325.2275
v 13.7248 5.5021 1325.2275
v 31.2361 -2.1519 1328.1621
v 39.3538 -7.4429 1334.4023
v 7.2203 8.3284 1318.8447
v 7.3810 8.3284 1318.8447
v -11.2583 -11.3471 1342.8018
v -0.7593 -16.4171 1342.8018
v 15.2407 -17.3300 1342.8018
v 30.8935 -11.4378 1341.4053
v 39.3538 -7.8389 1335.1406
v -11.9439 0.3119 1343.2139
v 0.3565 4.5315 1343.2139
v 15.2407 3.5696 1342.8018
v 30.8935 -2.7560 1341.4053
v 39.3538 -7.4429 1335.1406
v -10.7349 9.2854 1348.8223
v -4.2330 9.2854 1348.8223
v -10.5280 -10.5830 1353.7900
v -0.7593 -12.2783 1355.0420
v 15.2407 -11.1664 1353.9150
v 25.3288 -9.1005 1352.2881
v -26.6548 5.2243 1363.9951
v -15.9648 -0.1736 1358.8926
v 1.2125 1.0563 1358.9619
v 15.2407 -1.9957 1353.9150
v 25.3288 -4.8012 1352.2881
v -26.6548 11.9118 1363.9951
v -16.3447 13.8145 1358.7178
v -1.8015 12.4923 1358.8018
v -27.9506 4.7809 1374.8018
v -15.2447 3.5554 1376.3359
v -4.0085 5.0951 1372.0254
v -27.4216 16.8735 1376.0820
v -15.9356 17.7467 1377.1475
v -4.0085 12.9151 1372.0254
v -24.9414 24.3864 1382.2695
v -22.9695 24.3864 1382.2695
v -26.9842 5.6910 1390.8018
v -19.8918 5.6910 1390.8018
v -26.6485 15.6818 1389.4619
v -19.7914 15.6818 1389.4619
v -24.9414 24.3864 1383.2354
v -22.9695 24.3864 1383.2354
v -25.4068 6.5125 1406.8018
v -17.5799 5.9769 1406.8867
v -6.2056 6.8222 1412.2764
v -25.4068 9.8745 1406.8018
v -17.5799 11.1159 1406.8867
v -6.2056 10.9045 1412.2764
v -25.0157 7.7895 1415.2607
v -16.3237 5.1860 1421.4775
v -0.8271 4.2116 1422.6865
v 8.7600 6.1654 1427.9434
v -25.0157 8.7844 1415.2607
v -16.3237 11.1932 1421.4775
v -0.8271 11.8439 1422.6865
v 8.7600 9.8689 1427.9434
v -10.0142 -9.3979 1443.6670
v -0.7593 -10.0938 1442.6895
v 9.4760 -9.1832 1444.4531
v -10.3571 0.8399 1439.3770
v -0.7593 1.6992 1440.1191
v 9.1180 1.6363 1439.9834
v -10.6999 10.0545 1435.0869
v -0.7593 10.7846 1437.5498
v 8.7600 9.8689 1435.5146
v -10.0142 -9.3979 1449.2656
v -0.6892 -10.7269 1454.6797
v 12.6979 -10.2022 1454.8018
v -10.0142 -3.4398 1449.2656
v -0.6892 -0.0053 1454.6797
v 12.6979 -1.2688 1454.8018
v 4.2978 -10.5336 1470.8018
v 16.6652 -10.4164 1469.6641
v 23.6901 -8.4385 1474.2393
v 4.2978 -1.9935 1470.8018
v 16.6652 -2.4038 1469.6641
v 23.6901 -6.4710 1474.2393
v 4.3254 -10.6193 1486.8018
v 15.2407 -13.1833 1486.8018
v 25.0589 -10.2480 1486.8018
v 4.8988 1.0110 1488.3154
v 15.2167 4.9136 1488.3154
v 25.0589 -2.8057 1486.8018
v 7.2246 8.3255 1494.6572
v 9.8674 8.3255 1494.6572
v 21.3393 -24.1182 1509.4082
v 24.0514 -24.1182 1509.4082
v -10.9177 -10.8099 1507.5293
v -0.6672 -12.3819 1502.4385
v 15.6999 -18.5048 1503.5654
v 27.8319 -15.6825 1503.5654
v -10.9177 -5.2031 1507.5293
v 0.6428 -0.1406 1501.1826
v 15.2167 5.3183 1501.2227
v 28.3716 -0.8856 1502.8018
v 7.2246 8.3255 1494.8359
v 9.8674 8.3255 1494.8359
v 21.3393 -24.1182 1511.5967
v 24.0514 -24.1182 1511.5967
v -11.1504 -11.5534 1518.8018
v -0.7593 -15.5469 1518.8018
v 15.6999 -18.1632 1517.6787
v 28.3703 -14.9684 1517.6787
v -11.1504 -2.4757 1518.8018
v -0.7593 2.2664 1518.8018
v 15.2407 2.7705 1518.8018
v 29.0447 -1.9716 1518.8018
v -9.7891 -9.7172 1530.6758
v -0.3418 -10.6990 1535.5264
v 14.0196 -10.3635 1534.4814
v 26.1130 -9.1580 1528.9346
v -25.5738 6.1995 1541.7432
v -13.7721 0.6919 1535.1631
v -2.7468 1.1919 1534.1250
v 13.4593 1.7628 1534.1279
v 26.1130 -3.8406 1528.9346
v -25.5738 9.7500 1541.7432
v -16.7593 11.8102 1538.5283
v -0.7593 11.2868 1536.7119
v 8.3796 9.0522 1539.3213
v 5.2698 -8.0823 1543.0547
v 7.8722 -8.0823 1543.0547
v -27.4625 5.2738 1550.8018
v -16.7593 1.2283 1550.8018
v -0.9170 0.2857 1548.8613
v 8.5686 0.3160 1543.8916
v -27.2703 15.5764 1551.9590
v -16.7342 20.0657 1551.9590
v -1.3660 13.2470 1549.9219
v 8.3796 9.0522 1544.0020
v -25.3400 24.5674 1558.0635
v -22.0508 24.5674 1558.0635
v -27.1013 6.4629 1566.8018
v -18.0285 6.0790 1566.2842
v -7.1038 7.0586 1560.6055
v -26.9813 15.6855 1566.2715
v -17.7960 16.5859 1565.9287
v -7.1038 12.5732 1560.6055
v -25.3400 24.5674 1560.5850
v -22.0508 24.5674 1560.5850
v -26.0460 6.2688 1582.8018
v -18.0285 5.9494 1583.4414
v -7.4995 7.1013 1589.2012
v -26.0460 11.2692 1582.8018
v -18.0285 12.3199 1583.4414
v -7.4995 11.0515 1589.2012
v -26.1421 6.1175 1593.1650
v -16.8770 4.8560 1598.6201
v -1.6035 5.3937 1599.6436
v 8.1261 7.0136 1605.5381
v -26.1421 10.6377 1593.1650
v -16.8770 12.7511 1598.6201
v -1.6035 12.1738 1599.6436
v 8.1261 9.6756 1605.5381
v -10.4651 -9.7079 1620.4893
v -0.7593 -10.0269 1619.8271
v 8.5756 -8.7840 1621.1484
v -12.1956 0.5039 1615.0137
v -0.7593 -2.4259 1611.8271
v 9.2305 1.1346 1615.4092
v -11.7754 10.8990 1614.8018
v -0.7593 12.6626 1614.8018
v 8.7267 10.0796 1614.8018
v -10.4651 -9.7079 1627.1748
v -1.4161 -10.2840 1631.8262
v 10.8601 -9.4161 1630.8018
v -10.9076 0.3160 1627.4629
v -1.4161 0.1322 1634.3496
v 10.7938 0.1322 1630.6211
v -9.9179 9.4254 1624.6426
v -0.7593 9.8920 1625.9570
v 8.3367 9.3078 1625.1670
v 2.8949 -10.2306 1646.8018
v 15.7353 -10.4304 1646.2871
v 24.0440 -8.8659 1651.2764
v 2.8949 -3.3097 1646.8018
v 15.7353 -3.1349 1646.2871
v 24.0440 -5.9346 1651.2764
v 4.6152 -10.9588 1662.8018
v 15.2407 -13.4584 1662.8018
v 25.0828 -10.1836 1662.8018
v 4.6152 -1.2536 1662.8018
v 15.2407 2.6478 1662.8018
v 25.0828 -3.7826 1662.8018
v -10.3505 -10.5470 1684.9004
v -0.0398 -11.9047 1679.2607
v 15.2407 -14.8562 1678.8018
v 27.3796 -11.7275 1678.8018
v -10.3505 -6.0309 1684.9004
v -0.0398 -2.2602 1679.2607
v 16.7948 5.2193 1680.3379
v 26.5699 0.7874 1680.3379
v 23.1642 8.3306 1686.6953
v 23.2709 8.3306 1686.6953
v -10.0900 -10.0832 1694.8018
v -0.7593 -13.2747 1694.8018
v 15.2407 -15.0624 1694.8018
v 29.5287 -11.8709 1694.8018
v -10.0900 -6.0725 1694.8018
v -0.7593 -2.5356 1694.8018
v 16.7948 3.3701 1693.2539
v 28.2892 0.5406 1693.2539
v 23.1642 8.3306 1686.8887
v 23.2709 8.3306 1686.8887
v -9.5308 -8.5775 1710.8018
v -0.7593 -12.1732 1710.8018
v 15.2407 -13.0808 1710.8018
v 26.6827 -9.4852 1710.8018
v -24.8805 7.9853 1718.6689
v -14.6070 0.3984 1712.1533
v -0.7593 2.5111 1708.1855
v 14.4211 2.1026 1711.8076
v 26.6827 -5.2741 1710.8018
v -24.8805 8.5825 1718.6689
v -16.7593 9.9461 1716.8291
v -0.7593 10.0265 1716.1855
v 8.5414 8.6897 1717.8115
v -9.6049 -8.5394 1719.3574
v -0.7593 -10.2231 1720.3574
v 15.2407 -9.6262 1719.9707
v 23.3118 -7.7434 1718.8428
v -26.8446 6.0572 1726.8018
v -15.6667 -1.1239 1725.5352
v -0.6527 0.6831 1727.0586
v 14.4211 -1.1807 1720.3496
v 23.3118 -7.5118 1718.8428
v -26.7426 14.8759 1727.9434
v -16.8441 18.6210 1727.9434
v -0.6527 12.2854 1725.8145
v 8.5414 8.6897 1719.8223
v -25.2843 24.6378 1734.0381
v -22.2340 24.6378 1734.0381
v -27.8001 5.5803 1742.8018
v -16.8458 4.8946 1743.2471
v -5.9149 6.2612 1738.2109
v -27.5069 17.3252 1743.2607
v -16.9021 17.9911 1743.5557
v -5.9149 12.6509 1738.2109
v -25.2843 24.6378 1738.2344
v -22.2340 24.6378 1738.2344
v -27.1274 5.0050 1758.8018
v -19.9195 5.0050 1758.8018
v -27.1274 13.7456 1758.8018
v -19.9195 13.7456 1758.8018
v -26.5217 4.8678 1770.6357
v -16.5365 5.8683 1774.9209
v -0.7593 6.8800 1779.8193
v 7.5397 7.8484 1782.4189
v -26.5217 11.2068 1770.6357
v -16.5365 10.6442 1774.9209
v -0.7593 10.0554 1779.8193
v 7.5397 8.8694 1782.4189
v -9.9189 -8.9732 1797.4922
v -5.3263 -8.9732 1797.4922
v -12.4553 1.0477 1791.6162
v -0.2995 -1.5787 1791.6162
v 8.6432 5.0329 1790.8018
v -12.5097 10.8057 1790.8018
v -0.7593 12.3140 1790.8018
v 8.6432 9.8242 1790.8018
v -10.1162 -9.3854 1806.8018
v -0.2995 -9.9226 1806.0137
v 10.3990 -9.1464 1810.8213
v -10.7540 -0.5187 1806.4131
v 1.8548 -0.2649 1806.4785
v 9.6053 0.3338 1806.7480
v -10.2747 9.8699 1800.8203
v -0.7593 10.5746 1803.2207
v 8.8117 9.7735 1802.6758
v -9.4089 -8.6634 1816.6123
v -0.8763 -10.5596 1822.2881
v 15.5357 -10.1130 1823.9258
v 23.4149 -7.9190 1830.0088
v -9.4089 -6.4084 1816.6123
v -0.8763 -1.9540 1822.2881
v 15.5357 -2.5252 1823.9258
v 23.4149 -7.3603 1830.0088
v 3.5756 -11.4687 1838.8018
v 15.2407 -12.6812 1838.8018
v 23.9837 -8.8965 1838.8018
v 3.5756 -1.1518 1838.8018
v 15.2407 0.4157 1838.8018
v 23.9837 -6.1165 1838.8018
v -9.3424 -8.6486 1861.9561
v -0.3745 -10.8353 1855.8945
v 15.2407 -13.9486 1854.8018
v 25.7355 -10.7329 1854.8018
v -9.3424 -7.0518 1861.9561
v 0.8706 0.1559 1856.8125
v 13.8099 4.6066 1856.1211
v 25.7355 -3.6064 1854.8018
v 7.1924 8.3457 1862.3350
v 7.5227 8.3457 1862.3350
v -10.4184 -9.9432 1870.8018
v -0.7593 -13.8020 1870.8018
v 15.2407 -17.2599 1870.8018
v 31.1466 -12.3119 1872.2705
v 39.3049 -7.7743 1878.5830
v -10.4184 -5.1962 1870.8018
v 0.8117 2.1056 1869.2637
v 13.8099 5.4305 1869.2637
v 31.1466 -2.2862 1872.2705
v 39.3049 -7.5463 1878.5830
v 7.1924 8.3457 1862.9053
v 7.5227 8.3457 1862.9053
v -11.3154 -11.4417 1886.8018
v -0.7593 -16.4073 1886.8018
v 15.2407 -17.4404 1886.8018
v 30.9327 -11.5709 1885.3213
v 39.3049 -7.7743 1879.0000
v -11.9824 0.3269 1887.2188
v 0.2043 4.3730 1887.2188
v 15.2407 3.4571 1886.8018
v 30.9327 -2.7345 1885.3213
v 39.3049 -7.5463 1879.0000
v -10.7231 9.2980 1892.8301
v -4.4865 9.2980 1892.8301
v -10.5384 -10.6467 1897.9355
v -0.7593 -12.2069 1899.1611
v 15.2407 -11.0712 1897.9824
v 25.3940 -9.1325 1896.3643
v -26.5854 5.2762 1908.0684
v -15.9641 -0.2191 1903.0020
v 1.2186 0.8397 1903.0410
v 15.2407 -2.1832 1897.9824
v 25.3940 -4.7608 1896.3643
v -26.5854 11.8465 1908.0684
v -16.3376 13.8273 1902.7617
v -1.7925 12.5572 1902.8018
v -27.8679 4.8630 1918.8018
v -16.7593 2.3190 1918.8018
v -4.9774 5.7720 1918.8018
v -27.4586 16.8343 1919.8340
v -16.3996 20.1123 1919.8340
v -4.9774 12.4134 1918.8018
v -25.1134 24.4552 1925.8555
v -21.4931 24.4552 1925.8555
v -27.0074 5.6663 1934.8018
v -17.5359 6.1793 1933.2441
v -8.7331 8.2878 1926.8730
v -26.7702 15.7574 1933.6709
v -17.1067 14.9123 1932.5615
v -8.7331 9.1063 1926.8730
v -25.1134 24.4552 1927.5830
v -21.4931 24.4552 1927.5830
v -25.4616 6.4406 1950.8018
v -17.5359 5.9286 1950.9570
v -6.3178 6.8376 1956.3936
v -25.4616 9.9757 1950.8018
v -17.5359 11.2229 1950.9570
v -6.3178 10.9478 1956.3936
v -25.0170 7.7840 1959.2646
v -16.3474 5.2867 1965.4795
v -0.8944 4.3761 1966.7754
v 8.6986 6.2663 1972.0908
v -25.0170 8.7933 1959.2646
v -16.3474 11.2311 1965.4795
v -0.8944 11.8586 1966.7754
v 8.6986 9.8391 1972.0908
v -10.0909 -9.4756 1987.7480
v -0.7593 -10.1091 1986.8262
v 9.3817 -9.1258 1988.5547
v -10.4152 1.1021 1983.5762
v -0.7593 1.8812 1984.2480
v 9.0402 1.6169 1983.9561
v -10.7395 10.0653 1979.4053
v -0.7593 10.7704 1981.6699
v 8.6986 9.8391 1979.3564
v -10.0909 -9.4756 1993.3193
v -0.6768 -10.7512 1998.7129
v 12.6480 -10.1743 1998.8018
v -10.0909 -3.0733 1993.3193
v -0.6768 0.1636 1998.7129
v 12.6480 -1.3325 1998.8018
v 4.3676 -10.4765 2014.8018
v 16.6819 -10.4029 2013.5977
v 23.7219 -8.4922 2018.1289
v 4.3676 -2.0869 2014.8018
v 16.6819 -2.4182 2013.5977
v 23.7219 -6.3704 2018.1289
v 4.3736 -10.6728 2030.8018
v 15.2407 -13.2038 2030.8018
v 25.0334 -10.2150 2030.8018
v 4.3736 -1.0864 2030.8018
v 16.7906 4.7822 2032.4004
v 24.6754 -0.4959 2032.4004
v 23.1572 8.3165 2038.7998
v 23.2416 8.3165 2038.7998
v 21.5016 -24.0826 2053.5303
v 24.0000 -24.0826 2053.5303
v -10.8370 -10.7789 2051.7285
v -0.6720 -12.4335 2046.5576
v 15.7972 -18.5165 2047.6387
v 27.6496 -15.6239 2047.6387
v -10.8370 -5.3273 2051.7285
v -0.6720 -1.9986 2046.5576
v 16.7906 5.1931 2045.2051
v 27.1946 0.9217 2045.2051
v 23.1572 8.3165 2038.8066
v 23.2416 8.3165 2038.8066
v 21.5016 -24.0826 2055.5576
v 24.0000 -24.0826 2055.5576
v -11.0838 -11.5303 2062.8018
v -0.7593 -15.3948 2062.8018
v 15.7972 -18.0974 2061.6553
v 28.2526 -15.0058 2061.6553
v -11.0838 -2.8373 2062.8018
v -0.7593 1.8313 2062.8018
v 15.2407 2.6176 2062.8018
v 28.9361 -2.0510 2062.8018
v -9.7810 -9.7176 2074.7578
v -0.4552 -10.6530 2079.5752
v 14.0716 -10.3546 2078.5566
v 26.1547 -9.2203 2073.0596
v -25.4389 6.4409 2085.9248
v -13.7686 0.6072 2079.4014
v -2.8278 0.9496 2078.3711
v 13.4907 1.6951 2078.2900
v 26.1547 -3.8496 2073.0596
v -25.4389 9.5217 2085.9248
v -16.7593 11.5781 2082.8848
v -0.7593 11.1888 2081.0811
v 8.3559 9.0025 2083.5205
v 5.0808 -8.1268 2087.0801
v 7.9588 -8.1268 2087.0801
v -27.3180 5.5130 2094.8018
v -16.7593 1.4013 2094.8018
v -0.9964 0.2415 2092.8555
v 8.6157 0.3160 2087.8828
v -27.1999 15.4394 2095.9131
v -16.8157 19.7384 2095.9131
v -1.3479 13.0269 2093.8994
v 8.3559 9.0025 2087.9648
v -25.4155 24.6074 2101.9873
v -22.1867 24.6074 2101.9873
v -27.0127 6.6019 2110.8018
v -18.0718 6.1859 2110.3154
v -7.0737 7.0513 2104.6572
v -26.9557 15.5801 2110.4121
v -17.9001 16.3800 2110.0713
v -7.0737 12.3371 2104.6572
v -25.4155 24.6074 2104.8184
v -22.1867 24.6074 2104.8184
v -25.9820 6.3873 2126.8018
v -18.0718 6.1173 2127.4922
v -7.6395 7.2232 2133.2861
v -25.9820 11.1059 2126.8018
v -18.0718 12.0925 2127.4922
v -7.6395 10.8903 2133.2861
v -26.1170 6.1676 2137.1875
v -16.8764 5.0248 2142.6328
v -1.6874 5.5939 2143.7090
v 8.0545 7.1162 2149.6465
v -26.1170 10.5956 2137.1875
v -16.8764 12.5998 2142.6328
v -1.6874 12.0010 2143.7090
v 8.0545 9.5975 2149.6465
v -10.5117 -9.7541 2164.4883
v -0.7593 -9.9868 2163.9375
v 8.4392 -8.6843 2165.2969
v -12.2353 0.5695 2159.0137
v -0.7593 -2.2670 2155.9375
v 9.1590 1.1961 2159.4990
v -11.7900 10.8854 2158.8018
v -0.7593 12.6534 2158.8018
v 8.7397 10.0840 2158.8018
v -10.5117 -9.7541 2171.3887
v -1.6480 -10.3062 2175.9541
v 10.8911 -9.4092 2174.8018
v -10.9579 0.3160 2171.6504
v -1.6480 0.1674 2178.5215
v 10.8719 0.1674 2174.6426
v -9.9384 9.4560 2168.6797
v -0.7593 9.9779 2170.0107
v 8.4255 9.3918 2169.2021
v 2.6168 -10.2282 2190.8018
v 15.8419 -10.3770 2190.3203
v 23.9867 -8.7801 2195.3320
v 2.6168 -3.2169 2190.8018
v 15.8419 -3.1396 2190.3203
v 23.9867 -6.0662 2195.3320
v 4.5902 -10.9148 2206.8018
v 15.2407 -13.3751 2206.8018
v 25.0285 -10.1443 2206.8018
v 5.1124 0.8382 2208.3633
v 13.6680 3.8279 2208.3633
v 25.0285 -3.9469 2206.8018
v 7.2276 8.3225 2214.7373
v 7.2863 8.3225 2214.7373
v -10.3046 -10.4684 2228.9248
v -0.0692 -11.7823 2223.2754
v 15.2407 -14.6949 2222.8018
v 27.2945 -11.6603 2222.8018
v -10.3046 -6.0723 2228.9248
v 1.1425 -0.3970 2221.8828
v 15.1575 5.8130 2222.6963
v 26.5296 0.7350 2224.2520
v 7.2276 8.3225 2214.8408
v 15.1575 8.3381 2222.6963
v 23.3170 8.3537 2230.5527
v -10.1084 -10.1018 2238.8018
v -0.7593 -13.2987 2238.8018
v 15.2407 -15.0001 2238.8018
v 29.6344 -11.8032 2238.8018
v -10.1084 -5.9673 2238.8018
v -0.7593 -2.4059 2238.8018
v 16.7135 3.3774 2237.3320
v 28.4015 0.5282 2237.3320
v 23.0287 8.3537 2231.0195
v 23.3170 8.3537 2231.0195
v -9.6630 -8.7819 2254.8018
v -0.7593 -12.5232 2254.8018
v 15.2407 -13.3364 2254.8018
v 26.9672 -9.5951 2254.8018
v -24.7995 8.2065 2262.7578
v -14.6951 0.5998 2256.2402
v -0.7593 2.6635 2252.2080
v 14.5266 2.3001 2255.7744
v 26.9672 -5.0435 2254.8018
v -24.7995 8.4055 2262.7578
v -16.7593 9.6946 2260.9590
v -0.7593 9.9429 2260.2080
v 8.7172 8.7366 2261.7559
v -9.7108 -8.7084 2263.4736
v -0.7593 -10.3698 2264.4404
v 15.2407 -9.7315 2264.0283
v 23.4518 -7.8573 2262.9238
v -26.7090 6.2251 2270.8018
v -15.7302 -1.0399 2269.6055
v -0.6075 0.6328 2271.1973
v 14.5266 -0.9839 2264.4678
v 23.4518 -7.1838 2262.9238
v -26.5706 14.7697 2272.0312
v -17.0535 18.4182 2272.0312
v -0.6075 12.2168 2269.8867
v 8.7172 8.7366 2263.9424
v -25.1785 24.5762 2278.1846
v -22.5830 24.5762 2278.1846
v -27.8609 5.4831 2286.8018
v -16.7109 4.7665 2287.2939
v -5.8397 6.1774 2282.2891
v -27.4921 17.4266 2287.1562
v -16.9641 18.0742 2287.5078
v -5.8397 12.6481 2282.2891
v -25.1785 24.5762 2282.0596
v -22.5830 24.5762 2282.0596
v -27.3069 4.8075 2302.8018
v -19.7179 4.8075 2302.8018
v -27.3069 13.9356 2302.8018
v -19.7179 13.9356 2302.8018
v -26.5802 4.7368 2314.8535
v -16.6707 5.7462 2318.9727
v -0.7593 6.9018 2323.8213
v 7.4471 7.9909 2326.5381
v -26.5802 11.2912 2314.8535
v -16.6707 10.7642 2318.9727
v -0.7593 10.0471 2323.8213
v 7.4471 8.7029 2326.5381
v -9.8352 -8.8675 2341.5801
v -5.7142 -8.8675 2341.5801
v -12.6516 0.9797 2335.6689
v -0.5322 -1.4491 2335.6689
v 8.6104 5.2800 2334.8018
v -12.8177 11.0118 2334.8018
v -0.7593 12.4193 2334.8018
v 8.6104 9.7234 2334.8018
v -10.1166 -9.3962 2350.8018
v -0.5322 -9.8810 2350.2041
v 10.1914 -9.0627 2355.1396
v -10.8135 -0.4470 2350.4746
v 1.6886 -0.1072 2350.7383
v 9.5260 0.4581 2351.0000
v -10.3732 9.9892 2344.9229
v -0.7593 10.6882 2347.4375
v 8.8605 9.8057 2346.8613
v -9.4931 -8.7835 2360.7754
v -0.8656 -10.5607 2366.3857
v 15.4111 -10.0511 2367.9229
v 23.4275 -7.9342 2374.0039
v -9.4931 -6.2890 2360.7754
v -0.8656 -1.8770 2366.3857
v 15.4111 -2.5069 2367.9229
v 23.4275 -7.3389 2374.0039
v 3.6673 -11.3944 2382.8018
v 15.2407 -12.6597 2382.8018
v 24.0246 -8.9493 2382.8018
v 3.6673 -1.3629 2382.8018
v 15.2407 0.2538 2382.8018
v 24.0246 -6.0673 2382.8018
v -9.2068 -8.4189 2406.1504
v -0.3118 -10.7230 2400.0107
v 15.2407 -13.9803 2398.8018
v 25.6426 -10.7327 2398.8018
v -9.2068 -7.1967 2406.1504
v 0.9150 -0.0311 2400.8896
v 13.8370 4.3527 2400.0977
v 25.6426 -3.7520 2398.8018
v 7.1767 8.3559 2406.2949
v 7.5679 8.3559 2406.2949
v -10.3501 -9.8141 2414.8018
v -0.7593 -13.8038 2414.8018
v 15.2407 -17.5707 2414.8018
v 31.0472 -12.4086 2416.3857
v 39.2487 -7.6956 2422.7754
v -10.3501 -5.3080 2414.8018
v 0.8023 2.0539 2413.2852
v 13.8370 5.3759 2413.2852
v 31.0472 -2.4508 2416.3857
v 39.2487 -7.6667 2422.7754
v 7.1767 8.3559 2406.9414
v 7.5679 8.3559 2406.9414
v -11.3352 -11.5041 2430.8018
v -0.7593 -16.5771 2430.8018
v 15.2407 -17.7804 2430.8018
v 30.9800 -11.7097 2429.2178
v 39.2487 -7.6956 2422.8281
v -11.9755 0.3244 2431.2393
v 0.1064 4.3682 2431.2393
v 15.2407 3.6048 2430.8018
v 30.9800 -2.6863 2429.2178
v 39.2487 -7.6667 2422.8281
v -10.6851 9.2950 2436.8652
v -4.6498 9.2950 2436.8652
v -10.5203 -10.6722 2442.0498
v -0.7593 -12.2830 2443.4541
v 15.2407 -11.1392 2442.2354
v 25.4729 -9.1472 2440.4248
v -26.5994 5.2446 2452.0518
v -15.9360 -0.2486 2447.0508
v 1.2671 0.7927 2447.2363
v 15.2407 -2.1460 2442.2354
v 25.4729 -4.6445 2440.4248
v -26.5994 11.8626 2452.0518
v -16.3148 13.8372 2446.7520
v -1.7196 12.5576 2446.8018
v -27.8296 4.8958 2462.8018
v -16.7593 2.2732 2462.8018
v -4.7265 5.6934 2462.8018
v -27.5210 16.8439 2463.6504
v -15.7085 21.5036 2463.6504
v -4.7265 14.1406 2462.8018
v -25.2685 24.5182 2469.5498
v -20.3413 24.5182 2469.5498
v -27.0007 5.6886 2478.8018
v -17.5109 6.1506 2477.3486
v -8.6589 8.2102 2471.0469
v -26.8579 15.8073 2477.8262
v -16.5099 16.1036 2476.7783
v -8.6589 11.4057 2471.0469
v -25.2685 24.5182 2471.8428
v -20.3413 24.5182 2471.8428
v -25.4960 6.4197 2494.8018
v -17.5109 5.8893 2494.9854
v -6.3609 6.7998 2500.4404
v -25.4960 10.0293 2494.8018
v -17.5109 11.3317 2494.9854
v -6.3609 11.0578 2500.4404
v -25.0067 7.8020 2503.2471
v -16.3808 5.3478 2509.4688
v -0.9203 4.3802 2510.7500
v 8.7873 6.1894 2516.0488
v -25.0067 8.7815 2503.2471
v -16.3808 11.3053 2509.4688
v -0.9203 12.0154 2510.7500
v 8.7873 9.9650 2516.0488
v -10.1539 -9.5346 2531.8291
v -0.7593 -10.0977 2530.9795
v 9.2662 -9.0516 2532.6777
v -10.4745 1.3491 2527.7998
v -0.7593 1.9726 2528.4336
v 9.0268 1.4917 2527.9795
v -10.7950 10.0909 2523.7705
v -0.7593 10.8839 2525.8887
v 8.7873 9.9650 2523.2812
v -10.1539 -9.5346 2537.3506
v -0.6474 -10.7388 2542.7314
v 12.5564 -10.1146 2542.8018
v -10.1539 -2.7008 2537.3506
v -0.6474 0.2955 2542.7314
v 12.5564 -1.4471 2542.8018
v 4.4316 -10.4461 2558.8018
v 16.6779 -10.4018 2557.5830
v 23.7445 -8.5308 2562.1035
v 4.4316 -2.1885 2558.8018
v 16.6779 -2.4527 2557.5830
v 23.7445 -6.2925 2562.1035
v 4.4033 -10.7599 2574.8018
v 15.2407 -13.2282 2574.8018
v 24.9875 -10.1524 2574.8018
v 4.4033 -1.3628 2574.8018
v 16.7135 4.6079 2576.3936
v 24.6418 -0.4491 2576.3936
v 23.0287 8.3194 2582.7871
v 23.2467 8.3194 2582.7871
v 21.6286 -24.0388 2597.6748
v 23.9311 -24.0388 2597.6748
v -10.7407 -10.7294 2595.9395
v -0.6700 -12.4964 2590.6846
v 15.8734 -18.5358 2591.7256
v 27.4322 -15.5506 2591.7256
v -10.7407 -5.4664 2595.9395
v -0.6700 -2.2069 2590.6846
v 16.7135 5.0736 2589.2227
v 27.0216 0.9271 2589.2227
v 23.0287 8.3194 2582.8359
v 23.2467 8.3194 2582.8359
v 21.6286 -24.0388 2599.5010
v 23.9311 -24.0388 2599.5010
v -10.9950 -11.4748 2606.8018
v -0.7593 -15.2506 2606.8018
v 15.8734 -18.0613 2605.6211
v 28.1012 -15.0406 2605.6211
v -10.9950 -3.1870 2606.8018
v -0.7593 1.3650 2606.8018
v 15.2407 2.4851 2606.8018
v 28.7985 -2.0669 2606.8018
v -9.7589 -9.6931 2618.8291
v -0.5464 -10.5840 2623.6182
v 14.1142 -10.3352 2622.6328
v 26.1809 -9.2784 2617.1865
v -25.2959 6.7386 2630.1152
v -13.7592 0.5544 2623.6191
v -2.8930 0.7008 2622.6143
v 13.5047 1.6002 2622.4775
v 26.1809 -3.8797 2617.1865
v -25.2959 9.3105 2630.1152
v -16.7593 11.3700 2627.2119
v -0.7593 11.0936 2625.4521
v 8.3128 8.9421 2627.7686
v 4.9288 -8.1576 2631.0967
v 8.0299 -8.1576 2631.0967
v -27.1519 5.8053 2638.8018
v -16.7593 1.5837 2638.8018
v -1.0297 0.1682 2636.8350
v 8.6367 0.3160 2631.8516
v -27.0988 15.3127 2639.8652
v -16.7498 19.5861 2639.8652
v -1.2967 12.9650 2637.8652
v 8.3128 8.9421 2631.9072
v -25.4684 24.6385 2645.9072
v -22.0767 24.6385 2645.9072
v -26.9016 6.7610 2654.8018
v -18.1338 6.2815 2654.3828
v -6.9883 6.9984 2648.7705
v -26.8986 15.4134 2654.5117
v -17.8967 16.2529 2654.2109
v -6.9883 12.3608 2648.7705
v -25.4684 24.6385 2648.9854
v -22.0767 24.6385 2648.9854
v -25.9445 6.4741 2670.8018
v -18.1338 6.2652 2671.5547
v -7.7853 7.3538 2677.3906
v -25.9445 10.9067 2670.8018
v -18.1338 11.8132 2671.5547
v -7.7853 10.6904 2677.3906
v -26.1368 6.1633 2681.2686
v -16.8931 5.1269 2686.6816
v -1.7749 5.6664 2687.7041
v 8.0724 7.0625 2693.6396
v -26.1368 10.6079 2681.2686
v -16.8931 12.5021 2686.6816
v -1.7749 11.9213 2687.7041
v 8.0724 9.6399 2693.6396
v -10.5774 -9.8318 2708.4541
v -0.7593 -10.0192 2707.9375
v 8.3861 -8.6499 2709.3311
v -12.3045 0.5958 2702.9932
v -0.7593 -2.2744 2699.9375
v 9.2122 1.1639 2703.5195
v -11.8272 10.9304 2702.8018
v -0.7593 12.8028 2702.8018
v 8.8460 10.1884 2702.8018
v -10.5774 -9.8318 2715.7490
v -1.9956 -10.3934 2720.1699
v 11.0980 -9.4599 2718.8018
v -11.0236 0.3160 2715.9658
v -1.9956 0.1916 2722.8047
v 11.1117 0.1916 2718.6729
v -9.9603 9.4913 2712.7393
v -0.7593 10.0770 2714.0947
v 8.5494 9.4886 2713.2539
v 2.0786 -10.3504 2734.8018
v 16.0393 -10.4664 2734.1885
v 23.9780 -8.7662 2739.1123
v 2.0786 -2.9695 2734.8018
v 16.0393 -2.9522 2734.1885
v 23.9780 -6.0836 2739.1123
v 4.3812 -11.0931 2750.8018
v 15.2407 -13.5783 2750.8018
v 25.0063 -10.1692 2750.8018
v 4.8429 1.0119 2751.8223
v 13.9910 3.9720 2751.8223
v 25.0063 -3.9839 2750.8018
v 7.0571 8.4092 2757.8350
v 7.8245 8.4092 2757.8350
v -10.3803 -10.6127 2772.7852
v -0.1535 -11.8689 2767.1924
v 15.2407 -14.7220 2766.8018
v 27.1950 -11.6873 2766.8018
v -10.3803 -5.9613 2772.7852
v 0.9870 -0.3462 2766.0703
v 15.2280 5.7923 2766.7578
v 26.5317 0.7158 2768.0166
v 7.0571 8.4092 2759.3555
v 15.2280 8.4158 2766.7578
v 23.4533 8.4223 2774.1602
v -10.2312 -10.3002 2782.8018
v -0.7593 -13.5672 2782.8018
v 15.2407 -15.1184 2782.8018
v 29.7429 -11.8513 2782.8018
v -10.2312 -5.7218 2782.8018
v -0.7593 -2.0800 2782.8018
v 16.4752 3.4526 2781.5400
v 28.5701 0.5391 2781.5400
v 22.6315 8.4223 2775.3652
v 23.4533 8.4223 2775.3652
v -9.7855 -8.9811 2798.8018
v -0.7593 -13.1596 2798.8018
v 15.2407 -13.9782 2798.8018
v 27.3477 -9.7997 2798.8018
v -12.6736 -0.7478 2798.9727
v -0.7593 2.9132 2796.0713
v 14.7828 2.7283 2799.6465
v 27.3477 -4.5957 2798.8018
v -13.9148 9.9923 2804.4199
v -0.7593 9.9756 2804.0713
v 9.1442 8.8526 2805.5420
v -9.7860 -8.8539 2807.5801
v -0.7593 -10.7134 2808.6377
v 15.2407 -10.1141 2808.2520
v 23.7026 -8.0548 2807.0654
v -27.2590 5.5817 2817.6094
v -17.1838 0.5206 2812.5947
v -0.5472 0.6021 2815.5391
v 14.7828 -0.6365 2808.8311
v 23.7026 -6.6048 2807.0654
v -26.9297 16.3160 2818.4658
v -18.3125 16.6339 2814.5771
v -0.5472 12.2195 2814.0703
v 9.1442 8.8526 2808.2500
v -25.1535 24.5679 2822.2119
v -22.7102 24.5679 2822.2119
v -28.0300 5.3003 2830.8018
v -16.4795 4.5896 2831.3750
v -5.7390 6.1262 2826.4238
v -27.6124 17.6488 2831.4785
v -16.8349 18.2398 2831.8438
v -5.7390 12.6089 2826.4238
v -25.1535 24.5679 2826.5967
v -22.7102 24.5679 2826.5967
v -27.5447 4.5187 2846.8018
v -19.4220 4.5187 2846.8018
v -27.5447 14.3446 2846.8018
v -19.4220 14.3446 2846.8018
v -26.6119 4.5395 2859.0498
v -16.8098 5.5824 2863.0283
v -0.7593 6.9149 2867.8516
v 7.3520 8.1386 2870.6621
v -26.6119 11.4660 2859.0498
v -16.8098 10.9243 2863.0283
v -0.7593 10.0223 2867.8516
v 7.3520 8.5244 2870.6621
v -9.8296 -8.8521 2885.5771
v -5.9709 -8.8521 2885.5771
v -12.8894 0.9015 2879.6670
v -0.6863 -1.3580 2879.6670
v 8.6078 5.4915 2878.8018
v -13.1192 11.2031 2878.8018
v -0.7593 12.5226 2878.8018
v 8.6078 9.6355 2878.8018
v -10.1690 -9.4644 2894.8018
v -0.6863 -9.8822 2894.3936
v 10.0553 -8.9737 2899.4541
v -10.9245 -0.3240 2894.6035
v 1.5785 0.1292 2895.1045
v 9.5037 0.6314 2895.3203
v -10.4884 10.0987 2889.1387
v -0.7593 10.8163 2891.8428
v 8.9521 9.8670 2891.1865
v -9.5685 -8.8898 2904.9844
v -0.9240 -10.6046 2910.5107
v 15.3295 -10.0862 2911.7773
v 23.4978 -8.0259 2917.7617
v -9.5685 -6.0840 2904.9844
v -0.9240 -1.6245 2910.5107
v 15.3295 -2.3014 2911.7773
v 23.4978 -7.2120 2917.7617
v 3.6618 -11.4208 2926.8018
v 15.2407 -12.8075 2926.8018
v 24.1084 -9.0707 2926.8018
v 3.6618 -1.4534 2926.8018
v 15.2407 0.3080 2926.8018
v 24.1084 -5.9225 2926.8018
v -9.0668 -8.1985 2950.3428
v -0.2578 -10.7038 2944.1260
v 15.2407 -14.1160 2942.8018
v 25.5412 -10.7272 2942.8018
v -9.0668 -7.3389 2950.3428
v 0.9570 -0.1643 2944.9824
v 13.8422 4.2285 2944.0938
v 25.5412 -3.8141 2942.8018
v 7.1708 8.3589 2950.2881
v 7.5765 8.3589 2950.2881
v 22.2994 -23.7989 2966.3271
v 23.4208 -23.7989 2966.3271
v -10.2600 -9.7165 2958.8018
v -0.7593 -14.0341 2958.8018
v 16.2759 -19.0684 2960.1172
v 27.8462 -15.6143 2960.1172
v -10.2600 -5.4402 2958.8018
v 0.7988 2.0509 2957.2959
v 15.3011 5.9075 2958.6514
v 27.8257 0.6859 2960.1279
v 7.1708 8.3589 2950.9580
v 15.3011 8.3663 2958.6514
v 23.3866 8.3737 2966.3457
v 22.2994 -23.7989 2967.0107
v 23.4208 -23.7989 2967.0107
v -11.3125 -11.6155 2974.8018
v -0.7593 -17.0123 2974.8018
v 16.2759 -19.2870 2973.3271
v 27.9551 -14.9696 2973.3271
v -11.9741 0.3040 2975.2207
v 0.1815 4.5361 2975.2207
v 16.7117 4.8262 2973.4463
v 27.9346 0.5941 2973.4463
v -10.7131 9.3361 2980.8330
v -4.5246 9.3361 2980.8330
v 23.0258 8.3737 2967.2100
v 23.3866 8.3737 2967.2100
v -10.4701 -10.7306 2986.2227
v -0.7593 -12.4792 2987.8037
v 15.2407 -11.3012 2986.4863
v 25.5897 -9.1599 2984.4658
v -26.6480 5.1169 2996.0215
v -15.9249 -0.3607 2991.1221
v 2.1984 1.6750 2991.9268
v 11.8568 2.2255 2991.1738
v 25.5897 -4.5538 2984.4658
v -26.6480 11.8872 2996.0215
v -16.3316 13.9688 2990.7334
v 0.1815 11.8941 2991.5752
v 7.3449 8.4294 2997.4248
v -27.8507 4.8051 3006.8018
v -16.7593 2.0625 3006.8018
v -2.2608 5.8249 3005.2725
v 7.3449 7.8209 2998.9199
v -27.6987 16.8587 3007.3730
v -16.7593 22.6170 3004.4043
v -3.2935 16.1211 3006.1191
v 7.3449 8.4294 2998.9199
v -25.5365 24.6370 3013.0879
v -16.7593 24.5998 3012.4043
v -8.6585 24.3734 3013.3193
v -27.0155 5.6187 3022.8018
v -17.5017 6.0567 3021.4199
v -8.5952 8.1469 3015.1650
v -27.0306 15.8894 3022.1182
v -17.5017 15.8894 3022.4111
v -8.5606 16.3160 3015.1689
v -25.5365 24.6370 3016.3291
v -16.7593 24.5998 3016.0420
v -8.6585 24.3734 3014.9277
v -25.6157 6.1804 3038.8018
v -17.5017 5.6566 3038.9883
v -6.3635 6.7312 3044.4453
v -25.6157 10.3046 3038.8018
v -17.5017 11.6882 3038.9883
v -6.3635 11.2848 3044.4453
v -25.1259 7.5828 3047.4580
v -16.4245 5.2062 3053.5957
v -0.9219 4.3045 3054.7305
v 8.8923 6.0798 3060.0156
v -25.1259 9.0118 3047.4580
v -16.4245 11.5803 3053.5957
v -0.9219 12.2246 3054.7305
v 8.8923 10.0855 3060.0156
v -10.1989 -9.5708 3075.8389
v -0.7593 -10.0622 3075.0576
v 9.1767 -8.9682 3076.7715
v -10.9536 0.1970 3070.6240
v 0.8567 1.1749 3071.7559
v 9.0345 1.4171 3072.0625
v -10.4224 9.7166 3070.8018
v -1.6969 10.4982 3071.9326
v 8.8923 10.0855 3067.3535
v -10.1989 -9.5708 3081.4365
v -0.6501 -10.7146 3086.7822
v 12.4584 -10.0572 3086.8018
v -9.9206 0.3160 3080.9014
v -1.4497 1.7812 3085.5352
v 12.4584 -1.4861 3086.8018
v -8.8681 8.4075 3078.9668
v -7.6553 8.4075 3078.9668
v 4.3420 -10.5796 3102.8018
v 16.6533 -10.5449 3101.6035
v 23.7840 -8.5914 3106.1377
v 4.3420 -2.1317 3102.8018
v 16.6533 -2.3269 3101.6035
v 23.7840 -6.1585 3106.1377
v 4.3294 -11.0335 3118.8018
v 15.2407 -13.4416 3118.8018
v 24.9630 -10.0921 3118.8018
v 4.3294 -1.2849 3118.8018
v 15.5046 4.7506 3120.2480
v 24.6815 -0.3687 3120.2480
v 21.0139 8.3773 3126.5449
v 23.3456 8.3773 3126.5449
v 21.5946 -24.0500 3141.6846
v 23.9663 -24.0500 3141.6846
v -10.6976 -10.8171 3140.0879
v -0.6602 -12.6487 3134.7734
v 15.8530 -18.5509 3135.7314
v 27.3888 -15.4661 3135.7314
v -10.6976 -5.5477 3140.0879
v -0.6602 -2.2253 3134.7734
v 15.5046 5.0920 3133.5459
v 27.0163 0.9151 3133.5459
v 21.0139 8.3773 3127.3760
v 23.3456 8.3773 3127.3760
v 21.5946 -24.0500 3143.5361
v 23.9663 -24.0500 3143.5361
v -10.9365 -11.5045 3150.8018
v -0.7593 -15.2691 3150.8018
v 15.8530 -18.0758 3149.6426
v 28.1496 -15.0641 3149.6426
v -10.9365 -3.4741 3150.8018
v -0.7593 1.0191 3150.8018
v 15.2407 2.4712 3150.8018
v 28.8326 -2.0220 3150.8018
v -9.7240 -9.6449 3162.8682
v -0.8448 -10.6769 3167.6416
v 14.3164 -10.4804 3166.7344
v 26.2619 -9.3175 3161.3564
v -25.1844 7.0021 3174.2627
v -13.7442 0.4966 3167.7744
v -3.1061 0.4813 3166.8223
v 13.6628 1.5833 3166.6973
v 26.2619 -3.7998 3161.3564
v -25.1844 9.1603 3174.2627
v -16.7593 11.3049 3171.4551
v -0.7593 11.1038 3169.7871
v 8.2920 8.8921 3172.0391
v 4.4316 -8.3478 3175.2041
v 8.3669 -8.3478 3175.2041
v -27.0393 6.0557 3182.8018
v -16.7593 1.6695 3182.8018
v -1.2088 0.0585 3180.8555
v 8.8738 0.3160 3175.8828
v -27.1018 15.2226 3183.7236
v -16.3623 19.7140 3183.7236
v -1.2132 13.1531 3181.8252
v 8.2920 8.8921 3175.8408
v -25.6235 24.7278 3189.6709
v -21.4309 24.7278 3189.6709
v -26.8165 6.9055 3198.8018
v -18.2091 6.3237 3198.5186
v -6.8492 6.8761 3192.9971
v -26.9236 15.2307 3198.8242
v -17.6366 16.2506 3198.5850
v -6.8492 12.6608 3192.9971
v -25.6235 24.7278 3193.5059
v -21.4309 24.7278 3193.5059
v -25.9074 6.5817 3214.8018
v -18.2091 6.4333 3215.6045
v -7.9339 7.4906 3221.4727
v -25.9074 10.7165 3214.8018
v -18.2091 11.5895 3215.6045
v -7.9339 10.5712 3221.4727
v -26.1619 6.1845 3225.3271
v -16.8713 5.3071 3230.7168
v -1.8640 5.8252 3231.7100
v 8.0778 7.0480 3237.6494
v -26.1619 10.6588 3225.3271
v -16.8713 12.4091 3230.7168
v -1.8640 11.8124 3231.7100
v 8.0778 9.6642 3237.6494
v -10.5358 -9.7835 3252.5488
v -0.7593 -9.9451 3252.0586
v 8.3097 -8.5994 3253.3975
v -12.2499 0.6812 3247.0498
v -0.7593 -2.1785 3244.0586
v 9.2272 1.1552 3247.5596
v -11.7902 10.8644 3246.8018
v -0.7593 12.8233 3246.8018
v 8.9220 10.2749 3246.8018
v -10.5358 -9.7835 3259.9453
v -2.1960 -10.3711 3264.2881
v 11.1041 -9.4683 3262.8018
v -10.9826 0.3160 3260.1045
v -2.1960 0.2028 3266.9375
v 11.1742 0.2028 3262.6953
v -9.9471 9.4900 3256.7275
v -0.7593 10.1442 3258.1133
v 8.6454 9.5797 3257.2910
v 1.7441 -10.4166 3278.8018
v 16.0900 -10.4972 3278.2041
v 23.9572 -8.7293 3283.1387
v 1.7441 -2.8221 3278.8018
v 16.0900 -2.8760 3278.2041
v 23.9572 -6.1531 3283.1387
v 4.2681 -11.1233 3294.8018
v 15.2407 -13.5610 3294.8018
v 24.9424 -10.1217 3294.8018
v 4.7200 1.1186 3295.6172
v 14.0508 3.9481 3295.6172
v 24.9424 -4.1472 3294.8018
v 7.0031 8.4365 3301.4932
v 7.9243 8.4365 3301.4932
v -10.4439 -10.6549 3316.6904
v -0.1768 -11.7856 3311.1348
v 15.2407 -14.5420 3310.8018
v 27.1226 -11.6432 3310.8018
v -10.4439 -5.8903 3316.6904
v 0.9406 -0.3254 3310.1289
v 15.2260 5.7035 3310.8662
v 26.4839 0.6269 3312.0205
v 7.0031 8.4365 3303.5674
v 15.2260 8.4333 3310.8662
v 23.4702 8.4301 3318.1660
v -10.3164 -10.3690 3326.8018
v -0.7593 -13.5867 3326.8018
v 15.2407 -15.0357 3326.8018
v 29.9028 -11.8180 3326.8018
v -10.3164 -5.5789 3326.8018
v -0.7593 -1.9532 3326.8018
v 16.4129 3.4638 3325.5830
v 28.7080 0.5633 3325.5830
v 22.5277 8.4301 3319.4375
v 23.4702 8.4301 3319.4375
v -9.8593 -9.1103 3342.8018
v -0.7593 -13.5408 3342.8018
v 15.2407 -14.2846 3342.8018
v 27.6182 -9.8542 3342.8018
v -12.5060 -0.6762 3343.0400
v -0.7593 3.0089 3340.1436
v 14.8515 2.9025 3343.6357
v 27.6182 -4.3839 3342.8018
v -13.5372 9.8324 3348.5332
v -0.7593 9.8744 3348.1436
v 9.2587 8.8775 3349.5254
v -9.8345 -8.9767 3351.6748
v -0.7593 -10.9606 3352.8232
v 15.2407 -10.3327 3352.4170
v 23.8180 -8.1394 3351.1328
v -27.1260 5.6130 3361.8975
v -17.0192 0.5312 3356.7861
v -0.5591 0.5960 3359.7246
v 14.8515 -0.4912 3352.9990
v 23.8180 -6.3627 3351.1328
v -26.7385 16.3160 3362.8154
v -18.3840 16.5128 3358.8115
v -0.5591 12.0890 3358.1074
v 9.2587 8.8775 3352.3115
v -25.0315 24.4920 3366.3916
v -23.2308 24.4920 3366.3916
v -28.0484 5.2349 3374.8018
v -16.3897 4.5312 3375.3662
v -5.7589 6.1161 3370.4092
v -27.5539 17.6706 3375.2100
v -17.0204 18.2168 3375.6123
v -5.7589 12.5265 3370.4092
v -25.0315 24.4920 3370.1484
v -23.2308 24.4920 3370.1484
v -27.6640 4.3775 3390.8018
v -19.3306 4.3775 3390.8018
v -27.6640 14.4174 3390.8018
v -19.3306 14.4174 3390.8018
v -26.6136 4.4698 3403.2324
v -16.9576 5.5026 3407.0928
v -0.7593 6.9718 3411.9082
v 7.2479 8.3044 3414.7930
v -26.6136 11.5268 3403.2324
v -16.9576 11.0218 3407.0928
v -0.7593 9.9768 3411.9082
v 7.2479 8.3297 3414.7930
v -9.7234 -8.7248 3429.6924
v -6.3400 -8.7248 3429.6924
v -13.0420 0.8476 3423.7363
v -0.9077 -1.1957 3423.7363
v 8.5229 5.7618 3422.8018
v -13.3896 11.3776 3422.8018
v -0.7593 12.5465 3422.8018
v 8.5229 9.4849 3422.8018
v -10.1396 -9.4385 3438.8018
v -0.9077 -9.8038 3438.5879
v 9.8190 -8.8776 3443.7783
v -10.9565 -0.2193 3438.7109
v 1.4204 0.3240 3439.3799
v 9.3811 0.7714 3439.5527
v -10.5809 10.1974 3433.3164
v -0.7593 10.8857 3436.0811
v 8.9431 9.8609 3435.3262
v -9.6356 -8.9826 3449.0879
v -0.9534 -10.6249 3454.5732
v 15.1877 -10.0482 3455.8203
v 23.4923 -8.0214 3461.8320
v -9.6356 -5.9095 3449.0879
v -0.9534 -1.4454 3454.5732
v 15.1877 -2.2342 3455.8203
v 23.4923 -7.2241 3461.8320
v 3.7205 -11.3734 3470.8018
v 15.2407 -12.7672 3470.8018
v 24.1163 -9.0778 3470.8018
v 3.7205 -1.6306 3470.8018
v 15.2407 0.1181 3470.8018
v 24.1163 -5.9353 3470.8018
v -8.9202 -7.9512 3494.5605
v -0.1813 -10.5297 3488.2568
v 15.2407 -14.0183 3486.8018
v 25.4203 -10.6616 3486.8018
v -8.9202 -7.5004 3494.5605
v 0.9983 -0.3825 3489.0049
v 13.9679 4.0089 3487.9893
v 25.4203 -3.8825 3486.8018
v 7.1260 8.3866 3494.1152
v 7.7860 8.3866 3494.1152
v 21.8583 -23.8700 3510.0557
v 23.5349 -23.8700 3510.0557
v -10.1474 -9.5474 3502.8018
v -0.7593 -13.9550 3502.8018
v 16.0112 -19.0797 3503.9541
v 27.7691 -15.5535 3503.9541
v -10.1474 -5.6105 3502.8018
v 0.7718 1.9659 3501.3545
v 15.3951 5.9070 3502.6738
v 27.6878 0.6341 3504.0957
v 7.1260 8.3866 3495.0557
v 15.3951 8.3831 3502.6738
v 23.3993 8.3796 3510.2920
v 21.8583 -23.8700 3511.1309
v 23.5349 -23.8700 3511.1309
v -11.2506 -11.5885 3518.8018
v -0.7593 -17.0660 3518.8018
v 16.0112 -19.3358 3517.3994
v 28.0127 -14.9538 3517.3994
v -11.8734 0.2646 3519.2705
v 0.1483 4.5747 3519.2705
v 16.6988 4.9455 3517.4863
v 27.9313 0.6354 3517.4863
v -10.6277 9.3034 3524.9160
v -4.5800 9.3034 3524.9160
v 23.0042 8.3796 3511.2754
v 23.3993 8.3796 3511.2754
v -10.3912 -10.6728 3530.2744
v -0.7593 -12.4696 3532.0557
v 15.2407 -11.3153 3530.7158
v 25.6369 -9.1337 3528.4883
v -26.6279 5.1664 3540.0811
v -15.8428 -0.3377 3535.1777
v 2.1747 1.4299 3535.6768
v 11.9120 2.0114 3534.9111
v 25.6369 -4.4850 3528.4883
v -26.6279 11.8257 3540.0811
v -16.2803 13.8892 3534.7695
v 0.1483 11.9288 3535.0234
v 7.4737 8.5584 3540.5049
v -27.7593 4.9051 3550.8018
v -16.7593 2.1214 3550.8018
v -2.2279 5.4241 3549.3594
v 7.4737 7.2078 3543.0645
v -27.6929 16.8218 3551.2959
v -16.7593 22.5420 3547.9258
v -3.2375 16.1663 3549.9365
v 7.4737 8.5584 3543.0645
v -25.6487 24.6873 3556.9590
v -16.7593 24.6611 3555.9258
v -8.6013 24.4048 3556.8096
v -26.9621 5.7047 3566.8018
v -17.5006 6.0947 3565.4688
v -8.5403 8.0955 3559.2471
v -27.0552 15.8949 3566.1865
v -17.5006 15.8949 3566.5664
v -8.4765 16.3160 3559.2773
v -25.6487 24.6873 3560.4424
v -16.7593 24.6611 3560.1738
v -8.6013 24.4048 3558.9902
v -25.7441 6.0125 3582.8018
v -17.5006 5.4915 3582.9961
v -6.3859 6.6798 3588.4580
v -25.7441 10.5032 3582.8018
v -17.5006 11.9216 3582.9961
v -6.3859 11.4091 3588.4580
v -25.2667 7.3281 3591.6895
v -16.4427 5.0980 3597.7344
v -0.9353 4.3052 3598.7168
v 8.9657 6.0068 3603.9932
v -25.2667 9.2673 3591.6895
v -16.4427 11.8088 3597.7344
v -0.9353 12.3684 3598.7168
v 8.9657 10.2000 3603.9932
v -10.2295 -9.5838 3619.9473
v -0.7593 -10.0023 3619.2393
v 9.0339 -8.8753 3620.9053
v -11.0807 0.2725 3614.6895
v 1.1608 1.0934 3615.8203
v 8.9998 1.2592 3616.0840
v -10.5584 9.8141 3614.8018
v -1.2711 10.6449 3615.8779
v 8.9657 10.2000 3611.2617
v -10.2295 -9.5838 3625.5234
v -0.6536 -10.6346 3630.8350
v 12.2930 -9.9473 3630.8018
v -10.0568 0.3160 3625.1396
v -1.0977 1.6366 3629.6934
v 12.2930 -1.7031 3630.8018
v -9.0190 8.5366 3623.1973
v -6.9456 8.5366 3623.1973
v 4.3075 -10.5816 3646.8018
v 16.6066 -10.5616 3645.6592
v 23.8090 -8.6165 3650.2314
v 4.3075 -2.1765 3646.8018
v 16.6066 -2.3285 3645.6592
v 23.8090 -6.1015 3650.2314
v 4.3215 -11.1606 3662.8018
v 15.2407 -13.4741 3662.8018
v 24.9001 -9.9976 3662.8018
v 4.3215 -1.4507 3662.8018
v 16.0300 4.6521 3664.2754
v 24.6183 -0.3345 3664.2754
v 21.8895 8.3655 3670.5918
v 23.3241 8.3655 3670.5918
v 21.7944 -23.9915 3685.8652
v 23.8651 -23.9915 3685.8652
v -10.5876 -10.7487 3684.3018
v -0.6424 -12.6405 3678.9023
v 15.9729 -18.4930 3679.8398
v 27.1003 -15.3754 3679.8398
v -10.5876 -5.6970 3684.3018
v -0.6424 -2.4619 3678.9023
v 16.0300 4.9163 3677.4932
v 26.7757 0.8864 3677.4932
v 21.8895 8.3655 3671.2871
v 23.3241 8.3655 3671.2871
v 21.7944 -23.9915 3687.4463
v 23.8651 -23.9915 3687.4463
v -10.8183 -11.3991 3694.8018
v -0.7593 -15.1501 3694.8018
v 15.9729 -18.0774 3693.5879
v 27.9046 -15.0766 3693.5879
v -10.8183 -3.8122 3694.8018
v -0.7593 0.6114 3694.8018
v 15.2407 2.2917 3694.8018
v 28.6023 -2.1320 3694.8018
v -9.6764 -9.5728 3706.8711
v -1.0740 -10.7688 3711.6436
v 14.5116 -10.6281 3710.7959
v 26.2255 -9.3383 3705.4590
v -25.0859 7.2625 3718.3916
v -13.7238 0.4689 3711.9316
v -3.2698 0.3183 3711.0039
v 13.8301 1.5062 3710.8438
v 26.2255 -3.8987 3705.4590
v -25.0859 8.9891 3718.3916
v -16.7593 11.0828 3715.7266
v -0.7593 10.9938 3714.1035
v 8.3013 8.8704 3716.2275
v 4.0496 -8.5328 3719.3154
v 8.6922 -8.5328 3719.3154
v -26.9596 6.2340 3726.8018
v -16.7593 1.7652 3726.8018
v -1.3376 0.0034 3724.9072
v 9.1248 0.3160 3719.9600
v -27.0432 15.1198 3727.7061
v -16.3569 19.5610 3727.7061
v -1.1386 13.0897 3725.8203
v 8.3013 8.8704 3719.8330
v -25.6322 24.7403 3733.6426
v -21.4220 24.7403 3733.6426
v -26.7362 6.9956 3742.8018
v -18.3243 6.3436 3742.6162
v -6.7248 6.7893 3737.1592
v -26.8645 14.8420 3742.8477
v -17.7281 15.9472 3742.6855
v -6.7248 12.7018 3737.1592
v -25.6322 24.7403 3737.5449
v -21.4220 24.7403 3737.5449
v -25.8200 6.7235 3758.8018
v -18.3243 6.6198 3759.6748
v -8.0639 7.6122 3765.5898
v -25.8200 10.1993 3758.8018
v -18.3243 11.0273 3759.6748
v -8.0639 10.3237 3765.5898
v -26.1448 6.2307 3769.3633
v -16.8409 5.4987 3774.7383
v -1.9421 5.9913 3775.7246
v 8.0737 7.0516 3781.6738
v -26.1448 10.6171 3769.3633
v -16.8409 12.1747 3774.7383
v -1.9421 11.6061 3775.7246
v 8.0737 9.6694 3781.6738
v -10.4693 -9.7075 3796.6689
v -0.7593 -9.8419 3796.2119
v 8.2327 -8.5378 3797.4814
v -12.1617 0.7722 3791.1221
v -0.7593 -2.0620 3788.2119
v 9.2350 1.1574 3791.6094
v -11.7297 10.7748 3790.8018
v -0.7593 12.8053 3790.8018
v 8.9895 10.3465 3790.8018
v -10.0469 -9.2095 3806.8018
v -0.7593 -10.9818 3806.8018
v 11.0817 -9.4563 3806.8018
v -10.4842 -1.2699 3806.3359
v -0.7593 2.1922 3810.1104
v 11.2128 0.2029 3806.7148
v -9.9173 9.4720 3800.6914
v -0.7593 10.1984 3802.1104
v 8.7395 9.6698 3801.3242
v -8.7661 -7.6946 3814.8232
v -0.5739 -9.9051 3821.2148
v 16.1183 -10.4994 3822.2402
v 23.9310 -8.6852 3827.2002
v -8.7661 -7.6606 3814.8232
v -0.5739 -3.6907 3821.2148
v 16.1183 -2.8332 3822.2402
v 23.9310 -6.2314 3827.2002
v 4.1876 -11.1153 3838.8018
v 15.2407 -13.4813 3838.8018
v 24.8613 -10.0500 3838.8018
v 4.6317 1.2083 3839.4375
v 14.0791 3.8879 3839.4375
v 24.8613 -4.3345 3838.8018
v 6.9632 8.4564 3845.1953
v 7.9713 8.4564 3845.1953
v -10.4930 -10.6769 3860.6143
v -0.1872 -11.6648 3855.0889
v 15.2407 -14.2935 3854.8018
v 27.0167 -11.5621 3854.8018
v -10.4930 -5.8354 3860.6143
v 0.9120 -0.3273 3854.1895
v 15.2118 5.5884 3854.9863
v 26.4001 0.5240 3856.0459
v 6.9632 8.4564 3847.7646
v 15.2118 8.4433 3854.9863
v 23.4717 8.4301 3862.2090
v -10.4120 -10.4607 3870.8018
v -0.7593 -13.6146 3870.8018
v 15.2407 -15.0731 3870.8018
v 31.7793 -11.1048 3872.1846
v 39.2823 -7.7384 3878.4404
v -10.4120 -5.4050 3870.8018
v -0.7593 -1.7944 3870.8018
v 16.3676 3.5996 3869.6211
v 30.4716 -0.6432 3870.9697
v 39.2823 -7.5942 3878.4404
v 22.4522 8.4301 3863.5000
v 23.4717 8.4301 3863.5000
v -9.9369 -9.2591 3886.8018
v -0.7593 -13.9223 3886.8018
v 15.2407 -14.7136 3886.8018
v 30.0476 -9.6097 3885.2627
v 39.2823 -7.7384 3878.9033
v -12.3162 -0.5699 3887.1143
v -0.7593 3.1706 3884.2207
v 14.9004 3.1935 3887.6240
v 30.0476 -4.7223 3885.2627
v 39.2823 -7.5942 3878.9033
v -13.1174 9.6753 3892.6562
v -0.7593 9.7668 3892.2207
v 9.3402 8.8911 3893.5059
v -9.8595 -9.0747 3895.7588
v -0.7593 -11.1729 3896.9941
v 15.2407 -10.5239 3896.5693
v 23.9190 -8.2095 3895.1924
v -27.0294 5.6078 3906.1846
v -16.8218 0.5378 3900.9717
v -0.5943 0.6071 3903.8809
v 14.9004 -0.3712 3897.1416
v 23.9190 -6.1627 3895.1924
v -26.5655 16.3160 3907.1816
v -18.5159 16.3746 3903.0547
v -0.5943 11.9314 3902.1279
v 9.3402 8.8911 3896.3447
v -24.8974 24.4063 3910.5918
v -23.9145 24.4063 3910.5918
v -28.0866 5.1459 3918.8018
v -16.3152 4.4710 3919.3340
v -5.8176 6.1345 3914.3555
v -27.5040 17.6731 3918.6094
v -17.3001 18.1591 3919.0850
v -5.8176 12.4072 3914.3555
v -24.8974 24.4063 3913.1484
v -23.9145 24.4063 3913.1484
v -27.7531 4.2670 3934.8018
v -19.2864 4.2670 3934.8018
v -27.7531 14.4405 3934.8018
v -19.2864 14.4405 3934.8018
v -26.5848 4.4359 3947.4053
v -17.1117 5.4489 3951.1660
v -3.7583 6.4619 3954.9258
v -26.5848 11.5535 3947.4053
v -17.1117 11.0934 3951.1660
v -3.7583 10.6334 3954.9258
v -9.6058 -8.5875 3973.8223
v -6.7096 -8.5875 3973.8223
v -13.1744 0.8035 3967.8145
v 0.0994 0.4630 3966.4775
v 8.9064 5.1308 3969.7998
v -13.6433 11.5245 3966.8018
v 0.6413 11.7905 3965.4004
v 8.9064 9.8288 3969.7998
v -10.0941 -9.3938 3982.8018
v -1.1295 -9.7062 3982.7842
v 9.5709 -8.7747 3988.1055
v -10.9772 -0.1197 3982.8086
v 1.2620 0.5234 3983.6436
v 9.2386 0.9210 3983.7783
v -10.6761 10.2766 3977.4805
v -0.7593 10.9211 3980.2979
v 8.9064 9.8288 3979.4512
v -9.6926 -9.0602 3993.1641
v -0.9628 -10.6137 3998.6191
v 15.0388 -9.9810 3999.8760
v 23.4783 -8.0056 4005.9248
v -9.6926 -5.7435 3993.1641
v -0.9628 -1.2889 3998.6191
v 15.0388 -2.1936 3999.8760
v 23.4783 -7.2512 4005.9248
v 3.8033 -11.2905 4014.8018
v 15.2407 -12.6674 4014.8018
v 24.1077 -9.0609 4014.8018
v 3.8033 -1.6969 4014.8018
v 15.2407 0.0110 4014.8018
v 24.1077 -5.9762 4014.8018
v -8.7674 -7.6973 4038.7891
v -0.1057 -10.3277 4032.3945
v 15.2407 -13.8573 4030.8018
v 25.2835 -10.5627 4030.8018
v -8.7674 -7.6747 4038.7891
v 1.0256 -0.5159 4032.9355
v 14.2034 3.9549 4031.7695
v 25.2835 -3.8805 4030.8018
v 7.0545 8.4313 4037.7480
v 8.1786 8.4313 4037.7480
v 21.5347 -23.9347 4053.8242
v 23.6409 -23.9347 4053.8242
v -10.0122 -9.3541 4046.8018
v -0.7593 -13.8096 4046.8018
v 15.8171 -19.0428 4047.8154
v 29.6768 -14.1972 4048.9473
v 39.2633 -7.7197 4054.7363
v -10.0122 -5.8126 4046.8018
v 0.7290 1.8371 4045.4443
v 15.5938 5.9494 4046.7227
v 29.5533 -0.7126 4049.1543
v 39.2633 -7.6350 4054.7363
v 7.0545 8.4313 4039.2061
v 15.5938 8.4047 4046.7227
v 23.3940 8.3782 4054.2383
v 21.5347 -23.9347 4055.2354
v 23.6409 -23.9347 4055.2354
v -11.1572 -11.5189 4062.8018
v -0.7593 -17.0355 4062.8018
v 15.8171 -19.3403 4061.4619
v 29.9844 -13.7377 4060.3965
v 39.2633 -7.7197 4054.8916
v -11.7344 0.2075 4063.3340
v 0.0858 4.5586 4063.3340
v 16.7017 5.0305 4061.5039
v 29.8610 -0.6899 4060.4316
v 39.2633 -7.6350 4054.8916
v -10.5206 9.2567 4069.0225
v -4.6841 9.2567 4069.0225
v 23.0090 8.3782 4055.3047
v 23.3940 8.3782 4055.3047
v -10.2940 -10.5837 4074.3047
v -0.7593 -12.4200 4076.2793
v 15.2407 -11.2990 4074.9189
v 25.6612 -9.0889 4072.4902
v -26.5771 5.2531 4084.1748
v -15.7407 -0.2924 4079.2402
v 2.1301 1.1822 4079.5967
v 11.9654 1.7934 4078.8184
v 25.6612 -4.4116 4072.4902
v -26.5771 11.7271 4084.1748
v -16.2161 13.7619 4078.8262
v 0.0858 11.9287 4078.7314
v 7.5984 8.6720 4084.0186
v -27.6810 5.0017 4094.8018
v -16.7593 2.1924 4094.8018
v -2.2015 5.0464 4093.4424
v 7.5984 6.6124 4087.2021
v -27.6866 16.7627 4095.2480
v -16.7593 22.4178 4091.6738
v -3.1924 16.1896 4093.8789
v 7.5984 8.6720 4087.2021
v -25.7425 24.7306 4100.8789
v -16.7593 24.7119 4099.6738
v -8.5552 24.4292 4100.5547
v -26.9384 5.7773 4110.8018
v -17.5025 6.1299 4109.5029
v -8.4963 8.0575 4103.3037
v -27.0925 15.8821 4110.2295
v -17.5025 15.8821 4110.6699
v -8.4089 16.3160 4103.3535
v -25.7425 24.7306 4104.5146
v -16.7593 24.7119 4104.2617
v -8.5552 24.4292 4103.0352
v -25.8616 5.8813 4126.8018
v -17.5025 5.3681 4127.0039
v -6.4292 6.6491 4132.4717
v -25.8616 10.6655 4126.8018
v -17.5025 12.1095 4127.0039
v -6.4292 11.5058 4132.4717
v -25.4014 7.0985 4135.9004
v -16.4472 5.0229 4141.8613
v -0.9612 4.3206 4142.7119
v 9.0259 5.9282 4147.9844
v -25.4014 9.5051 4135.9004
v -16.4472 12.0050 4141.8613
v -0.9612 12.4835 4142.7119
v 9.0259 10.3026 4147.9844
v -10.2647 -9.5931 4164.0459
v -0.7593 -9.9625 4163.3701
v 8.9299 -8.8129 4164.9814
v -11.1939 0.3535 4158.7480
v 1.3094 1.0170 4159.8545
v 8.9779 1.1026 4160.0752
v -10.6735 9.9042 4158.8018
v -1.0631 10.7785 4159.8213
v 9.0259 10.3026 4155.1680
v -10.2647 -9.5931 4169.6084
v -0.6420 -10.5567 4174.8857
v 12.1263 -9.8430 4174.8018
v -10.1927 0.3160 4169.3701
v -0.9147 1.4778 4173.8477
v 12.1263 -1.9413 4174.8018
v -9.1651 8.6641 4167.4209
v -6.5990 8.6641 4167.4209
v 4.2413 -10.6249 4190.8018
v 16.5356 -10.6052 4189.7422
v 23.8279 -8.6315 4194.3691
v 4.2413 -2.2015 4190.8018
v 16.5356 -2.3249 4189.7422
v 23.8279 -6.0621 4194.3691
v 4.2765 -11.3267 4206.8018
v 15.2407 -13.6106 4206.8018
v 24.8969 -9.9679 4206.8018
v 4.2765 -1.5623 4206.8018
v 16.4395 4.5865 4208.3232
v 24.5958 -0.3108 4208.3232
v 22.5721 8.3463 4214.6719
v 23.2910 8.3463 4214.6719
v 22.0462 -23.9261 4230.0654
v 23.7450 -23.9261 4230.0654
v -10.4688 -10.6629 4228.5205
v -0.6138 -12.5873 4223.0332
v 16.1240 -18.4586 4223.9600
v 26.8362 -15.3427 4223.9600
v -10.4688 -5.8529 4228.5205
v -0.6138 -2.7118 4223.0332
v 16.4395 4.7129 4221.3896
v 26.5637 0.8393 4221.3896
v 22.5721 8.3463 4215.1152
v 23.2910 8.3463 4215.1152
v 22.0462 -23.9261 4231.3340
v 23.7450 -23.9261 4231.3340
v -10.6898 -11.2641 4238.8018
v -0.7593 -14.9583 4238.8018
v 16.1240 -18.0493 4237.5215
v 27.6328 -15.0939 4237.5215
v -10.6898 -4.1527 4238.8018
v -0.7593 0.1672 4238.8018
v 15.2407 2.0518 4238.8018
v 28.3526 -2.2681 4238.8018
v -9.6238 -9.4786 4250.8877
v -1.3025 -10.8491 4255.6533
v 14.7368 -10.7822 4254.8721
v 26.1895 -9.3671 4249.5859
v -25.1415 7.1174 4262.3301
v -13.7013 0.2657 4256.0146
v -3.4330 0.1446 4255.2080
v 14.0125 1.4165 4255.0166
v 26.1895 -4.0017 4249.5859
v -25.1415 9.1061 4262.3301
v -16.7593 11.0587 4259.8604
v -0.7593 10.8570 4258.4482
v 8.2906 8.8372 4260.4482
v 3.6688 -8.7467 4263.4473
v 9.0676 -8.7467 4263.4473
v -27.0768 6.0312 4270.8018
v -16.7593 1.4853 4270.8018
v -1.4716 -0.0480 4268.9609
v 9.3983 0.3160 4264.0400
v -27.1307 15.1901 4271.7041
v -16.3897 19.5466 4271.7041
v -1.0710 12.9853 4269.8047
v 8.2906 8.8372 4263.8066
v -25.6217 24.7432 4277.6387
v -21.4766 24.7432 4277.6387
v -27.4670 6.4682 4283.9346
v -16.7593 5.7312 4284.5293
v -6.6121 6.7174 4281.3057
v -27.4369 16.3160 4284.7646
v -16.3897 17.3525 4285.0742
v -6.6121 12.7101 4281.3057
v -25.6217 24.7432 4281.6201
v -21.4766 24.7432 4281.6201
v -26.1098 6.2559 4305.7256
v -16.7593 6.2882 4306.1104
v -8.1306 7.6724 4309.6230
v -26.1098 10.5494 4305.7256
v -16.7593 11.3894 4306.1104
v -8.1306 10.1804 4309.6230
v -26.1098 6.2559 4313.3750
v -16.8962 5.5597 4318.7461
v -1.9821 6.0501 4319.7490
v 8.0571 7.0733 4325.7139
v -26.1098 10.5494 4313.3750
v -16.8962 12.0695 4318.7461
v -1.9821 11.5331 4319.7490
v 8.0571 9.6555 4325.7139
v -10.3850 -9.6111 4340.8076
v -0.7593 -9.7164 4340.3906
v 8.1454 -8.4668 4341.5811
v -12.1389 0.7819 4335.2051
v -0.7593 -2.0337 4332.3906
v 9.2362 1.1704 4335.6689
v -11.7645 10.7758 4334.8018
v -0.7593 12.8724 4334.8018
v 9.0565 10.4126 4334.8018
v -10.0289 -9.2074 4350.8018
v -0.7593 -10.9479 4350.8018
v 11.0263 -9.4245 4350.8018
v -10.4423 -1.1498 4350.2988
v -0.7593 2.3287 4354.0996
v 11.2320 0.1919 4350.7432
v -9.8715 9.4378 4344.6299
v -0.7593 10.2493 4346.0996
v 8.8454 9.7720 4345.3701
v -8.8264 -7.7881 4359.0176
v -0.6129 -9.9911 4365.3311
v 16.1263 -10.4944 4366.3057
v 23.8944 -8.6270 4371.3086
v -8.8264 -7.4603 4359.0176
v -0.6129 -3.5092 4365.3311
v 16.1263 -2.8292 4366.3057
v 23.8944 -6.3270 4371.3086
v 4.1423 -11.1020 4382.8018
v 15.2407 -13.3692 4382.8018
v 24.7623 -9.9513 4382.8018
v 4.5773 1.2807 4383.2891
v 14.0827 3.7881 4383.2891
v 24.7623 -4.5497 4382.8018
v 6.9329 8.4687 4388.9482
v 7.9774 8.4687 4388.9482
v -10.5196 -10.6716 4404.5645
v -0.1845 -11.5038 4399.0596
v 15.2407 -13.9988 4398.8018
v 26.8808 -11.4648 4398.8018
v -10.5196 -5.8041 4404.5645
v 0.8992 -0.3617 4398.2539
v 15.1971 5.4427 4399.1143
v 26.2824 0.4092 4400.0908
v 6.9329 8.4687 4391.9443
v 15.1971 8.4453 4399.1143
v 23.4566 8.4218 4406.2842
v -10.5098 -10.5648 4414.8018
v -0.7593 -13.6858 4414.8018
v 15.2407 -15.1558 4414.8018
v 31.7277 -11.2378 4415.9795
v 39.3343 -7.8061 4422.0977
v -10.5098 -5.2170 4414.8018
v -0.7593 -1.6133 4414.8018
v 16.3463 3.7336 4413.6357
v 30.4212 -0.4712 4414.8115
v 39.3343 -7.4828 4422.0977
v 22.4168 8.4218 4407.5254
v 23.4566 8.4218 4407.5254
v -10.0178 -9.4225 4430.8018
v -0.7593 -14.3420 4430.8018
v 15.2407 -15.1700 4430.8018
v 30.1000 -9.8105 4429.3398
v 39.3343 -7.8061 4423.0322
v -12.1611 -0.4384 4431.1328
v -0.7593 3.4032 4428.2471
v 14.9285 3.4844 4431.6270
v 30.1000 -4.4190 4429.3398
v 39.3343 -7.4828 4423.0322
v -12.7510 9.5998 4436.6865
v -0.7593 9.7118 4436.2471
v 9.3871 8.8933 4437.5107
v -9.8636 -9.1486 4439.8369
v -0.7593 -11.3492 4441.1514
v 15.2407 -10.6873 4440.7070
v 24.0062 -8.2661 4439.2451
v -26.9612 5.5770 4450.4521
v -16.6406 0.5151 4445.1445
v -0.6210 0.5983 4448.0107
v 14.9285 -0.2744 4441.2559
v 24.0062 -6.0014 4439.2451
v -26.4114 16.3160 4451.5391
v -18.7520 16.3026 4447.2930
v -0.6210 11.8463 4446.1309
v 9.3871 8.8933 4440.3506
v -24.7602 24.3166 4454.8008
v -24.7529 24.3166 4454.8008
v -28.1384 5.0419 4462.8018
v -16.2547 4.3790 4463.3066
v -5.8622 6.1198 4458.3096
v -27.4632 17.6609 4461.2158
v -17.6689 18.1147 4461.9014
v -5.8622 12.3387 4458.3096
v -24.7602 24.3166 4454.8262
v -24.7529 24.3166 4454.8262
v -27.8153 4.1834 4478.8018
v -19.2857 4.1834 4478.8018
v -27.8153 14.4227 4478.8018
v -19.2857 14.4227 4478.8018
v -26.5304 4.4325 4491.5801
v -17.2718 5.4210 4495.2539
v -4.0524 6.4095 4498.9277
v -26.5304 11.5501 4491.5801
v -17.2718 11.1388 4495.2539
v -4.0524 10.7276 4498.9277
v -9.4773 -8.4416 4517.9658
v -7.0790 -8.4416 4517.9658
v -13.2691 0.7721 4511.9004
v -0.2324 0.5196 4510.7119
v 8.8953 5.2964 4514.1250
v -13.8580 11.6312 4510.8018
v 0.4648 11.8713 4509.5957
v 8.8953 9.8212 4514.1250
v -10.0317 -9.3300 4526.8018
v -1.3511 -9.5895 4526.9824
v 9.3122 -8.6651 4532.4355
v -10.9669 -0.0256 4526.8916
v 1.1037 0.7023 4527.9023
v 9.1038 1.0513 4528.0107
v -10.7422 10.3247 4521.6182
v -0.7593 10.9514 4524.5020
v 8.8953 9.8212 4523.5859
v -9.7378 -9.1211 4537.2197
v -0.9546 -10.5672 4542.6523
v 14.8836 -9.8816 4543.9424
v 23.4562 -7.9785 4550.0352
v -9.7378 -5.5867 4537.2197
v -0.9546 -1.1571 4542.6523
v 14.8836 -2.1806 4543.9424
v 23.4562 -7.2924 4550.0352
v 3.9055 -11.1665 4558.8018
v 15.2407 -12.5032 4558.8018
v 24.0828 -9.0207 4558.8018
v 3.9055 -1.7354 4558.8018
v 15.2407 -0.0953 4558.8018
v 24.0828 -6.0439 4558.8018
v 2.5029 -10.8846 4574.8018
v 15.2407 -13.7353 4574.8018
v 25.2205 -10.5347 4574.8018
v 3.3028 0.9005 4575.5527
v 14.4346 4.0109 4575.5527
v 25.2205 -3.7960 4574.8018
v 6.9947 8.4691 4581.3877
v 8.5639 8.4691 4581.3877
v 21.2705 -23.9924 4597.6309
v 23.7379 -23.9924 4597.6309
v -10.4099 -9.9121 4593.8711
v -2.0767 -12.5996 4589.4434
v 15.6586 -19.0506 4591.6992
v 29.6888 -14.2222 4592.8008
v 39.3006 -7.7806 4598.6377
v -10.4099 -5.2750 4593.8711
v -0.6468 0.2115 4588.5996
v 15.8021 6.0347 4590.7832
v 29.5057 -0.5925 4593.1055
v 39.3006 -7.5563 4598.6377
v 6.9947 8.4691 4583.3271
v 15.8021 8.4194 4590.7832
v 23.3716 8.3696 4598.2393
v 21.2705 -23.9924 4599.3232
v 23.7379 -23.9924 4599.3232
v -11.1276 -11.5088 4606.8018
v -0.7593 -17.0360 4606.8018
v 15.6586 -19.3311 4605.5146
v 30.0550 -13.7534 4604.5186
v 39.3006 -7.7806 4599.0469
v -11.6341 0.1614 4607.4102
v -0.0087 4.5095 4607.4102
v 16.7205 5.0838 4605.4883
v 29.8718 -0.6038 4604.4961
v 39.3006 -7.5563 4599.0469
v -10.3929 9.1967 4613.1484
v -4.8417 9.1967 4613.1484
v 23.0404 8.3696 4599.2783
v 23.3716 8.3696 4599.2783
v -10.2664 -10.5556 4618.3955
v -0.7593 -12.3999 4620.5361
v 15.2407 -11.2778 4619.1230
v 25.7053 -9.0594 4616.5107
v -26.5033 5.3190 4628.2969
v -15.6630 -0.2532 4623.3457
v 2.0625 0.9351 4623.6309
v 12.0166 1.5812 4622.8223
v 25.7053 -4.3179 4616.5107
v -26.5033 11.5974 4628.2969
v -16.1395 13.5873 4622.8984
v -0.0087 11.8943 4622.5742
v 7.7179 8.7757 4627.7559
v -27.7107 4.9803 4638.8018
v -16.7593 2.0777 4638.8018
v -2.1120 4.6266 4637.5205
v 7.7179 6.0371 4631.3330
v -27.7548 16.6848 4639.2236
v -16.7593 22.2447 4635.5850
v -3.1007 16.1909 4637.9043
v 7.7179 8.7757 4631.3330
v -25.8166 24.7659 4644.8389
v -16.7593 24.7512 4643.5850
v -8.5209 24.4463 4644.4756
v -27.0288 5.7651 4654.8018
v -17.5181 6.0380 4653.6367
v -8.3472 7.9205 4647.5264
v -27.2092 15.8571 4654.2549
v -17.5181 15.8571 4654.8467
v -8.2714 16.3160 4647.5420
v -25.8166 24.7659 4648.5576
v -16.7593 24.7512 4648.3145
v -8.5209 24.4463 4647.0635
v -25.9635 5.7849 4670.8018
v -17.5181 5.2857 4671.0264
v -6.4939 6.6403 4676.5098
v -25.9635 10.8000 4670.8018
v -17.5181 12.2576 4671.0264
v -6.4939 11.5733 4676.5098
v -25.5302 6.8917 4680.0918
v -16.4354 4.9838 4685.9756
v -1.0001 4.3836 4686.7295
v 9.0502 5.8914 4692.0137
v -25.5302 9.7262 4680.0918
v -16.4354 12.1767 4685.9756
v -1.0001 12.5627 4686.7295
v 9.0502 10.3694 4692.0137
v -10.2743 -9.5723 4708.1670
v -0.7593 -10.0135 4707.3672
v 9.0195 -8.9017 4708.8574
v -11.2693 0.4437 4702.8203
v 1.5273 1.1436 4703.8906
v 9.0349 1.1751 4704.0566
v -10.7605 9.9932 4702.8018
v -0.7580 10.8898 4703.8730
v 9.0502 10.3694 4699.2549
v -10.2743 -9.5723 4713.6592
v -0.6186 -10.5418 4718.9160
v 12.0731 -9.8401 4718.8018
v -10.3017 0.3160 4713.5654
v -0.6410 1.5108 4717.9775
v 12.0731 -1.8918 4718.8018
v -9.3008 8.7852 4711.6289
v -6.0905 8.7852 4711.6289
v 4.2008 -10.6398 4734.8018
v 16.4393 -10.6858 4733.7842
v 23.9094 -8.7460 4738.4395
v 4.2008 -2.2730 4734.8018
v 16.4393 -2.2828 4733.7842
v 23.9094 -5.8966 4738.4395
v 4.2487 -11.4541 4750.8018
v 15.2407 -13.8216 4750.8018
v 24.9746 -10.0515 4750.8018
v 4.2487 -1.6951 4750.8018
v 16.7978 4.5795 4752.3916
v 24.6315 -0.2116 4752.3916
v 23.1691 8.3198 4758.7852
v 23.2469 8.3198 4758.7852
v 22.3558 -23.8544 4774.2842
v 23.6054 -23.8544 4774.2842
v -10.4365 -10.6678 4772.6221
v -0.5803 -12.5516 4767.0938
v 16.3098 -18.4182 4768.0908
v 26.5726 -15.3409 4768.0908
v -10.4365 -5.9167 4772.6221
v -0.5803 -2.9209 4767.0938
v 16.7978 4.4747 4765.2266
v 26.3575 0.7720 4765.2266
v 23.1691 8.3198 4758.8438
v 23.2469 8.3198 4758.8438
v 22.3558 -23.8544 4775.1963
v 23.6054 -23.8544 4775.1963
v -10.6210 -11.1809 4782.8018
v -0.7593 -14.8204 4782.8018
v 16.3098 -18.0534 4781.4385
v 27.3641 -15.1418 4781.4385
v -10.6210 -4.4251 4782.8018
v -0.7593 -0.2049 4782.8018
v 15.2407 1.8222 4782.8018
v 28.1214 -2.3980 4782.8018
v -9.5644 -9.3627 4795.0186
v -1.5703 -10.9358 4799.7314
v 14.9589 -10.9864 4798.9873
v 26.2031 -9.4470 4793.7783
v -25.1834 7.0194 4806.2871
v -13.6758 0.0457 4800.1592
v -3.6243 -0.0530 4799.4775
v 14.1810 1.3632 4799.2373
v 26.2031 -4.0626 4793.7783
v -25.1834 9.1954 4806.2871
v -16.7593 10.9982 4804.0137
v -0.7593 10.6966 4802.8213
v 8.2575 8.7933 4804.6973
v 3.2224 -8.9584 4807.5791
v 9.4378 -8.9584 4807.5791
v -27.1640 5.8745 4814.8018
v -16.7593 1.2016 4814.8018
v -1.6441 -0.1326 4813.0049
v 9.6511 0.3160 4808.1064
v -27.1931 15.2436 4815.7041
v -16.4411 19.4852 4815.7041
v -1.0101 12.8439 4813.7793
v 8.2575 8.7933 4807.7646
v -25.6094 24.7451 4821.6396
v -21.5623 24.7451 4821.6396
v -27.5415 6.3572 4827.6943
v -16.7593 5.6079 4828.4434
v -6.5106 6.6640 4825.4307
v -27.4835 16.3160 4828.7100
v -16.4411 17.3394 4829.1055
v -6.5106 12.6883 4825.4307
v -25.6094 24.7451 4825.7861
v -21.5623 24.7451 4825.7861
v -26.0800 6.2267 4850.0703
v -16.7593 6.3214 4850.4160
v -8.2085 7.7458 4853.6846
v -26.0800 10.4855 4850.0703
v -16.7593 11.2030 4850.4160
v -8.2085 9.9959 4853.6846
v -26.0800 6.2267 4857.3916
v -16.9605 5.5858 4862.7559
v -2.0288 6.1074 4863.7715
v 8.0404 7.0959 4869.7520
v -26.0800 10.4855 4857.3916
v -16.9605 11.9508 4862.7559
v -2.0288 11.4436 4863.7715
v 8.0404 9.6401 4869.7520
v -10.2924 -9.5044 4884.9521
v -0.7593 -9.5786 4884.5850
v 8.0494 -8.3897 4885.6953
v -12.1109 0.7815 4879.2920
v -0.7593 -2.0172 4876.5850
v 9.2277 1.1839 4879.7383
v -11.7991 10.7759 4878.8018
v -0.7593 12.9330 4878.8018
v 9.1179 10.4731 4878.8018
v -9.9999 -9.1889 4894.8018
v -0.7593 -10.8785 4894.8018
v 10.9402 -9.3736 4894.8018
v -10.3824 -1.0519 4894.2480
v -0.7593 2.4698 4898.1123
v 11.2223 0.2070 4894.8037
v -9.8104 9.3873 4888.5449
v -0.7593 10.2835 4890.1123
v 8.9439 9.8680 4889.4717
v -8.8804 -7.8701 4903.1914
v -0.6358 -10.0534 4909.4355
v 16.1151 -10.4645 4910.4014
v 23.8477 -8.5553 4915.4678
v -8.8804 -7.2972 4903.1914
v -0.6358 -3.3403 4909.4355
v 16.1151 -2.8253 4910.4014
v 23.8477 -6.4389 4915.4678
v 4.1334 -11.0632 4926.8018
v 15.2407 -13.2488 4926.8018
v 24.6812 -9.8696 4926.8018
v 4.5606 1.3366 4927.1758
v 14.0665 3.6873 4927.1758
v 24.6812 -4.7456 4926.8018
v 6.9169 8.4733 4932.7588
v 7.9503 8.4733 4932.7588
v -10.5128 -10.6281 4948.5527
v -0.1687 -11.3079 4943.0527
v 15.2407 -13.7031 4942.8018
v 26.7503 -11.3813 4942.8018
v -10.5128 -5.8084 4948.5527
v 0.9043 -0.4469 4942.3291
v 15.1917 5.2850 4943.2451
v 26.1595 0.3196 4944.1523
v 6.9169 8.4733 4936.1055
v 15.1917 8.4396 4943.2451
v 23.4258 8.4060 4950.3857
v -10.5775 -10.6296 4958.8018
v -0.7593 -13.7103 4958.8018
v 15.2407 -15.2094 4958.8018
v 31.6602 -11.3476 4959.8506
v 39.3785 -7.8638 4965.8838
v -10.5775 -5.0783 4958.8018
v -0.7593 -1.5440 4958.8018
v 16.3561 3.8071 4957.6221
v 30.3495 -0.3164 4958.6924
v 39.3785 -7.3883 4965.8838
v 22.4330 8.4060 4951.5020
v 23.4258 8.4060 4951.5020
v -10.0793 -9.5555 4974.8018
v -0.7593 -14.6986 4974.8018
v 15.2407 -15.6027 4974.8018
v 30.1714 -10.0124 4973.4082
v 39.3785 -7.8638 4967.1455
v -12.0408 -0.3248 4975.1113
v -0.7593 3.6003 4972.2422
v 14.9350 3.7782 4975.6445
v 30.1714 -4.1127 4973.4082
v 39.3785 -7.3883 4967.1455
v -12.4686 9.5792 4980.6514
v -0.7593 9.6894 4980.2422
v 9.3979 8.8840 4981.5391
v -9.8485 -9.1960 4983.9014
v -0.7593 -11.4849 4985.2852
v 15.2407 -10.8470 4984.8486
v 24.1252 -8.3455 4983.3184
v -26.9992 5.4398 4994.6299
v -16.4918 0.4348 4989.2656
v -0.6471 0.5843 4992.1045
v 14.9350 -0.1538 4985.3545
v 24.1252 -5.8004 4983.3184
v -26.9992 13.3155 4994.6299
v -17.3849 14.5072 4989.8984
v -0.6471 11.8483 4990.1172
v 9.3979 8.8840 4984.3271
v -28.2612 4.8632 5006.8018
v -16.2072 4.2220 5007.2764
v -5.9057 6.0965 5002.2598
v -28.2612 15.7178 5006.8018
v -16.2072 16.6710 5007.2764
v -5.9057 12.3719 5002.2598
v -27.8522 4.1278 5022.8018
v -19.3270 4.1278 5022.8018
v -27.8522 14.3699 5022.8018
v -19.3270 14.3699 5022.8018
v -26.4539 4.4593 5035.7627
v -17.4384 5.4225 5039.3623
v -4.3139 6.3856 5042.9609
v -26.4539 11.5183 5035.7627
v -17.4384 11.1547 5039.3623
v -4.3139 10.7912 5042.9609
v -9.3373 -8.2867 5062.1250
v -7.4508 -8.2867 5062.1250
v -13.3184 0.7578 5055.9951
v -0.5490 0.5703 5054.9326
v 8.9074 5.4216 5058.4072
v -14.0247 11.6816 5054.8018
v 0.3079 11.9204 5053.7646
v 8.9074 9.8358 5058.4072
v -9.9511 -9.2461 5070.8018
v -1.5742 -9.4708 5071.1504
v 9.0931 -8.5793 5076.7158
v -10.9165 0.0625 5070.9502
v 0.9443 0.8718 5072.1221
v 9.0003 1.1757 5072.2178
v -10.7655 10.3282 5065.7168
v -0.7593 10.9651 5068.6768
v 8.9074 9.8358 5067.7197
v -9.7704 -9.1641 5081.2725
v -0.9391 -10.5043 5086.6846
v 14.7521 -9.7699 5088.0186
v 23.4263 -7.9401 5094.1631
v -9.7704 -5.4399 5081.2725
v -0.9391 -1.0366 5086.6846
v 14.7521 -2.1811 5088.0186
v 23.4263 -7.3473 5094.1631
v 4.0240 -11.0024 5102.8018
v 15.2407 -12.2759 5102.8018
v 24.0423 -8.9575 5102.8018
v 4.0240 -1.8174 5102.8018
v 15.2407 -0.2706 5102.8018
v 24.0423 -6.1372 5102.8018
v 2.8121 -10.7573 5118.8018
v 15.2407 -13.6973 5118.8018
v 25.2713 -10.6240 5118.8018
v 3.5215 0.8767 5119.3701
v 14.6616 4.1463 5119.3701
v 25.2713 -3.5970 5118.8018
v 6.9468 8.4997 5125.0820
v 8.9423 8.4997 5125.0820
v 21.0517 -24.0427 5141.4736
v 23.8248 -24.0427 5141.4736
v -10.4438 -9.9805 5138.1133
v -1.9087 -12.6250 5133.5889
v 15.5273 -19.1339 5135.6045
v 29.7782 -14.3295 5136.6875
v 39.3295 -7.8303 5142.5693
v -10.4438 -5.2993 5138.1133
v -0.5307 0.1781 5132.7666
v 16.0203 6.1809 5134.8730
v 29.5331 -0.3936 5137.1143
v 39.3295 -7.4935 5142.5693
v 6.9468 8.4997 5127.4199
v 16.0203 8.4268 5134.8730
v 23.3346 8.3540 5142.3252
v 21.0517 -24.0427 5143.3955
v 23.8248 -24.0427 5143.3955
v -11.1459 -11.5429 5150.8018
v -0.7593 -17.0433 5150.8018
v 15.5273 -19.3452 5149.5576
v 30.1777 -13.8079 5148.6191
v 39.3295 -7.8303 5143.1768
v -11.5611 0.1468 5151.4971
v -0.1375 4.4457 5151.4971
v 16.7553 5.1522 5149.4277
v 29.9326 -0.4743 5148.5107
v 39.3295 -7.4935 5143.1768
v -10.2469 9.1247 5157.2939
v -5.0564 9.1247 5157.2939
v 23.0983 8.3540 5143.1777
v 23.3346 8.3540 5143.1777
v -10.2570 -10.5327 5162.4912
v -0.7593 -12.3658 5164.7852
v 15.2407 -11.3054 5163.3916
v 25.8639 -9.1188 5160.6338
v -26.4128 5.4049 5172.4375
v -15.5853 -0.2134 5167.4648
v 1.9705 0.6773 5167.7148
v 12.0652 1.4101 5166.9189
v 25.8639 -4.1218 5160.6338
v -26.4128 11.4389 5172.4375
v -16.0519 13.3753 5166.9834
v -0.1375 11.8319 5166.4941
v 7.8311 8.8666 5171.6221
v -27.7112 4.9846 5182.8018
v -16.7593 1.9656 5182.8018
v -2.0109 4.2000 5181.5938
v 7.8311 5.4813 5175.4561
v -27.7880 16.5897 5183.2217
v -16.7593 22.0336 5179.6172
v -3.0055 16.1749 5181.9893
v 7.8311 8.8666 5175.4561
v -25.8714 24.7930 5188.8350
v -16.7593 24.7788 5187.6172
v -8.4990 24.4561 5188.5225
v -27.0911 5.7800 5198.8018
v -17.5464 5.9606 5197.7686
v -8.1786 7.7717 5191.7461
v -27.2920 15.9047 5198.3496
v -17.5464 15.9047 5199.0820
v -8.1286 16.3160 5191.7178
v -25.8714 24.7930 5192.7148
v -16.7593 24.7788 5192.4434
v -8.4990 24.4561 5191.0781
v -26.0492 5.7218 5214.8018
v -17.5464 5.2435 5215.0645
v -6.5796 6.6541 5220.5732
v -26.0492 11.0121 5214.8018
v -17.5464 12.4497 5215.0645
v -6.5796 11.6107 5220.5732
v -25.6525 6.7075 5224.2637
v -16.4086 4.9317 5230.0791
v -1.0515 4.4705 5230.7949
v 9.0001 5.9389 5236.1240
v -25.6525 9.9295 5224.2637
v -16.4086 12.3070 5230.0791
v -1.0515 12.5634 5230.7949
v 9.0001 10.3567 5236.1240
v -10.2589 -9.5227 5252.2266
v -0.7593 -10.0385 5251.3291
v 9.0997 -8.9845 5252.7461
v -11.3080 0.4939 5246.8564
v 1.8719 1.3694 5247.9707
v 9.0499 1.3967 5248.1201
v -10.8205 10.0607 5246.8018
v -0.2756 10.9362 5248.0176
v 9.0001 10.3567 5243.4941
v -10.2589 -9.5227 5257.6787
v -0.5816 -10.4963 5262.9277
v 11.9768 -9.8203 5262.8018
v -10.3836 0.3160 5257.7246
v -0.2082 1.6321 5262.0830
v 11.9768 -1.7099 5262.8018
v -9.4254 8.8988 5255.8213
v -5.2865 8.8988 5255.8213
v 4.1893 -10.6257 5278.8018
v 16.3141 -10.7364 5277.8389
v 23.9829 -8.8491 5282.5303
v 4.1893 -2.3915 5278.8018
v 16.3141 -2.2959 5277.8389
v 23.9829 -5.7605 5282.5303
v 4.2509 -11.5412 5294.8018
v 15.2407 -13.9669 5294.8018
v 25.0306 -10.1097 5294.8018
v 4.2509 -1.8535 5294.8018
v 15.2407 3.4768 5294.8018
v 25.0306 -2.3537 5294.8018
v 22.7338 -23.7765 5318.5205
v 23.4443 -23.7765 5318.5205
v -10.4176 -10.6831 5316.7021
v -0.5323 -12.5265 5311.1416
v 16.5366 -18.3686 5312.2334
v 26.2781 -15.3255 5312.2334
v -10.4176 -5.9643 5316.7021
v -0.5323 -3.1022 5311.1416
v 15.2407 3.1267 5310.8018
v 26.8848 -1.3108 5310.8018
v 22.7338 -23.7765 5319.0283
v 23.4443 -23.7765 5319.0283
v -10.5549 -11.0901 5326.8018
v -0.7593 -14.7156 5326.8018
v 16.5366 -18.0865 5325.3379
v 27.0679 -15.1862 5325.3379
v -10.5549 -4.6872 5326.8018
v -0.7593 -0.5253 5326.8018
v 15.2407 1.6252 5326.8018
v 27.8719 -2.5366 5326.8018
v -9.4951 -9.2265 5339.1436
v -1.7818 -11.0116 5343.8066
v 15.1705 -11.1883 5343.1045
v 26.2012 -9.5209 5337.9727
v -25.2118 6.9630 5350.2607
v -13.6461 -0.1763 5344.2588
v -3.7754 -0.2636 5343.7070
v 14.3283 1.3122 5343.4736
v 26.2012 -4.1349 5337.9727
v -25.2118 9.2577 5350.2607
v -16.7593 10.9988 5348.0947
v -0.7593 10.6098 5347.1299
v 8.1995 8.7391 5348.9736
v 2.8698 -9.1569 5351.7021
v 9.7904 -9.1569 5351.7021
v -27.2191 5.7633 5358.8018
v -16.7593 0.9469 5358.8018
v -1.7816 -0.2283 5357.0332
v 9.8721 0.3160 5352.1494
v -27.2745 15.2810 5359.6484
v -16.4272 19.4548 5359.6484
v -0.9635 12.7436 5357.7393
v 8.1995 8.7391 5351.6982
v -25.6716 24.7893 5365.5469
v -21.5390 24.7893 5365.5469
v -27.5866 6.2654 5371.4727
v -16.7593 5.5155 5372.3525
v -6.4329 6.6326 5369.5312
v -27.5640 16.3160 5372.7617
v -16.4272 17.3085 5373.2080
v -6.4329 12.6369 5369.5312
v -25.6716 24.7893 5370.0771
v -21.5390 24.7893 5370.0771
v -26.1833 6.0240 5394.3135
v -16.7593 6.2337 5394.6689
v -8.2914 7.8316 5397.7803
v -26.1833 10.5890 5394.3135
v -16.7593 11.1107 5394.6689
v -8.2914 9.7692 5397.7803
v -26.1833 6.0240 5401.5830
v -17.0075 5.5292 5406.8701
v -2.0786 6.1654 5407.7695
v 8.0490 7.0843 5413.7480
v -26.1833 10.5890 5401.5830
v -17.0075 11.8907 5406.8701
v -2.0786 11.3336 5407.7695
v 8.0490 9.6605 5413.7480
v -10.1906 -9.3865 5429.1045
v -0.7593 -9.4259 5428.7959
v 7.9451 -8.3040 5429.8242
v -12.0613 0.7951 5423.3838
v -0.7593 -2.0089 5420.7959
v 9.2245 1.1770 5423.8154
v -11.8133 10.7561 5422.8018
v -0.7593 12.9953 5422.8018
v 9.1921 10.5552 5422.8018
v -9.9587 -9.1527 5438.8018
v -0.7593 -10.7688 5438.8018
v 10.8240 -9.3001 5438.8018
v -10.3139 -0.9748 5438.1953
v -0.7593 2.6496 5442.1973
v 11.1834 0.2736 5438.9248
v -9.7511 9.3378 5432.4580
v -0.7593 10.3132 5434.1973
v 9.0342 9.9571 5433.6729
v -8.9273 -7.9398 5447.3428
v -0.6429 -10.0795 5453.5264
v 16.0846 -10.3986 5454.5293
v 23.7918 -8.4717 5459.6816
v -8.9273 -7.1687 5447.3428
v -0.6429 -3.1569 5453.5264
v 16.0846 -2.7950 5454.5293
v 23.7918 -6.5655 5459.6816
v 4.1601 -10.9861 5470.8018
v 15.2407 -13.0769 5470.8018
v 24.5955 -9.7749 5470.8018
v 4.5815 1.3762 5471.1045
v 14.0563 3.6126 5471.1045
v 24.5955 -4.8886 5470.8018
v 6.9161 8.4701 5476.6396
v 7.9335 8.4701 5476.6396
v -10.4672 -10.5401 5492.5859
v -0.1402 -11.1393 5487.0723
v 15.2407 -13.4505 5486.8018
v 26.6031 -11.2735 5486.8018
v -10.4672 -5.8525 5492.5859
v 0.9277 -0.4827 5486.4150
v 15.2315 5.2393 5487.3672
v 26.0135 0.2812 5488.2148
v 6.9161 8.4701 5480.2432
v 15.2315 8.4263 5487.3672
v 23.3789 8.3826 5494.4902
v -10.6102 -10.6496 5502.8018
v -0.7593 -13.7446 5502.8018
v 15.2407 -15.2830 5502.8018
v 31.5774 -11.4233 5503.7754
v 39.4147 -7.9110 5509.7578
v -10.6102 -4.9914 5502.8018
v -0.7593 -1.4555 5502.8018
v 16.4140 3.9239 5501.5654
v 30.2570 -0.1817 5502.5830
v 39.4147 -7.3113 5509.7578
v 22.5295 8.3826 5495.4082
v 23.3789 8.3826 5495.4082
v -10.1996 -9.7565 5518.8018
v -0.7593 -15.0680 5518.8018
v 15.2407 -16.0040 5518.8018
v 30.2838 -10.2270 5517.4658
v 39.4147 -7.9110 5511.2422
v -12.0047 -0.2289 5519.0742
v -0.7593 3.7425 5516.2344
v 14.9185 4.0823 5519.6748
v 30.2838 -3.7801 5517.4658
v 39.4147 -7.3113 5511.2422
v -12.2479 9.5822 5524.5898
v -0.7593 9.6761 5524.2344
v 9.3704 8.8632 5525.5908
v -9.9197 -9.3493 5528.0605
v -0.7593 -11.6758 5529.4834
v 15.2407 -11.0208 5529.0166
v 24.3126 -8.4759 5527.4385
v -27.0161 5.3283 5538.7939
v -16.4171 0.3787 5533.4277
v -0.6612 0.5839 5536.2568
v 14.9185 0.0171 5529.4834
v 24.3126 -5.5156 5527.4385
v -27.0161 13.0359 5538.7939
v -17.2525 14.3439 5533.9971
v -0.6612 11.8403 5534.1113
v 9.3704 8.8632 5528.3174
v -28.3571 4.7110 5550.8018
v -16.1377 4.1000 5551.2646
v -5.9291 6.0959 5546.2402
v -28.3571 15.4681 5550.8018
v -16.1377 16.4739 5551.2646
v -5.9291 12.3763 5546.2402
v -27.8680 4.0989 5566.8018
v -19.3623 4.0989 5566.8018
v -27.8680 14.2897 5566.8018
v -19.3623 14.2897 5566.8018
v -26.3640 4.5121 5579.9639
v -17.6115 5.4539 5583.4980
v -4.5652 6.3956 5587.0312
v -26.3640 11.4647 5579.9639
v -17.6115 11.1418 5583.4980
v -4.5652 10.8190 5587.0312
v -9.1861 -8.1237 5606.2988
v -7.8239 -8.1237 5606.2988
v -13.3284 0.7637 5600.0996
v -0.8612 0.6061 5599.1260
v 8.9636 5.4834 5602.6201
v -14.1506 11.6750 5598.8018
v 0.1571 11.9493 5597.8926
v 8.9636 9.8929 5602.6201
v -9.8518 -9.1418 5614.8018
v -1.7981 -9.4542 5615.1133
v 9.1914 -8.6906 5620.6543
v -10.8276 0.1439 5614.9902
v 0.7844 1.0648 5616.1787
v 9.0775 1.3329 5616.2510
v -10.7499 10.2916 5609.7832
v -0.7593 10.9804 5612.8213
v 8.9636 9.8929 5611.8467
v -9.7891 -9.1881 5625.2969
v -0.9044 -10.5313 5630.6992
v 14.8111 -9.7532 5632.1045
v 23.3890 -7.8913 5638.3057
v -9.7891 -5.3041 5625.2969
v -0.9044 -0.8654 5630.6992
v 14.8111 -2.1321 5632.1045
v 23.3890 -7.4152 5638.3057
v 4.0464 -10.9661 5646.8018
v 15.2407 -12.1538 5646.8018
v 23.9862 -8.8718 5646.8018
v 4.0464 -1.7936 5646.8018
v 15.2407 -0.3653 5646.8018
v 23.9862 -6.2557 5646.8018
v 2.9963 -10.7609 5662.8018
v 15.2407 -13.7573 5662.8018
v 25.3004 -10.6804 5662.8018
v 3.6475 0.9576 5663.2217
v 14.8855 4.3564 5663.2217
v 25.3004 -3.4356 5662.8018
v 6.9112 8.5228 5668.8340
v 9.3154 8.5228 5668.8340
v 20.8926 -24.0853 5685.3496
v 23.9012 -24.0853 5685.3496
v -10.4679 -10.0369 5682.3447
v -1.7445 -12.6059 5677.7275
v 15.4318 -19.1654 5679.5303
v 29.8546 -14.4189 5680.6045
v 39.3502 -7.8684 5686.5264
v -10.4679 -5.3137 5682.3447
v -0.4117 0.1309 5676.9141
v 16.2492 6.2935 5679.0225
v 29.5437 -0.2170 5681.2100
v 39.3502 -7.4457 5686.5264
v 6.9112 8.5228 5671.4844
v 16.2492 8.4271 5679.0225
v 23.2793 8.3313 5686.5605
v 20.8926 -24.0853 5687.4531
v 23.9012 -24.0853 5687.4531
v -11.1719 -11.5836 5694.8018
v -0.7593 -17.0072 5694.8018
v 15.4318 -19.3264 5693.5928
v 30.3013 -13.8624 5692.7002
v 39.3502 -7.8684 5687.2803
v -11.5027 0.1382 5695.5654
v -0.2808 4.3494 5695.5654
v 16.8061 5.1819 5693.3047
v 29.9903 -0.3526 5692.4600
v 39.3502 -7.4457 5687.2803
v -10.1148 9.0612 5701.4082
v -5.2952 9.0612 5701.4082
v 23.1830 8.3313 5686.9736
v 23.2793 8.3313 5686.9736
v -10.2675 -10.5306 5706.6035
v -0.7593 -12.3258 5709.0332
v 15.2407 -11.3202 5707.6592
v 26.0347 -9.1898 5704.7725
v -26.3098 5.5146 5716.5957
v -15.5245 -0.1819 5711.5996
v 1.8682 0.3982 5711.8340
v 12.1109 1.2349 5711.0488
v 26.0347 -3.9262 5704.7725
v -26.3098 11.2591 5716.5957
v -15.9726 13.1542 5711.0781
v -0.2808 11.7658 5710.4609
v 7.9379 8.9452 5715.5674
v -27.7140 4.9936 5726.8018
v -16.7593 1.8380 5726.8018
v -1.9140 3.7677 5725.6621
v 7.9379 4.9430 5719.5693
v -27.8112 16.4819 5727.2363
v -16.7593 21.8048 5723.7432
v -2.9204 16.1516 5726.1172
v 7.9379 8.9452 5719.5693
v -25.9062 24.8112 5732.8594
v -16.7593 24.7942 5731.7432
v -8.4903 24.4584 5732.6650
v -27.1540 5.7966 5742.8018
v -17.5869 5.8926 5741.8760
v -8.0171 7.6362 5735.9248
v -27.3632 15.9392 5742.4326
v -17.5869 15.9392 5743.2803
v -8.0009 16.3160 5735.8613
v -25.9062 24.8112 5736.8535
v -16.7593 24.7942 5736.5576
v -8.4903 24.4584 5735.0908
v -26.1180 5.6902 5758.8018
v -17.5869 5.2394 5759.1162
v -6.6850 6.6894 5764.6602
v -26.1180 11.1940 5758.8018
v -17.5869 12.6006 5759.1162
v -6.6850 11.6198 5764.6602
v -25.7671 6.5456 5768.4160
v -16.4618 4.8231 5774.1709
v -1.1147 4.5140 5774.8857
v 8.9129 6.0304 5780.2744
v -25.7671 10.1146 5768.4160
v -16.4618 12.4848 5774.1709
v -1.1147 12.5981 5774.8857
v 8.9129 10.3032 5780.2744
v -10.2224 -9.4495 5796.3164
v -0.7593 -10.0418 5795.3193
v 9.1713 -9.0622 5796.6445
v -11.4069 0.4613 5790.9102
v 2.2393 1.5521 5792.0820
v 9.0421 1.6370 5792.2051
v -10.9715 10.2163 5790.8018
v 0.2388 11.0286 5792.1797
v 8.9129 10.3032 5787.7646
v -10.2224 -9.4495 5801.6855
v -0.5389 -10.4243 5806.9316
v 11.8352 -9.7853 5806.8018
v -10.4408 0.3160 5801.8604
v 0.2561 1.7295 5806.1738
v 11.8352 -1.5637 5806.8018
v -9.5382 9.0040 5799.9961
v -4.4291 9.0040 5799.9961
v 4.1989 -10.5817 5822.8018
v 16.1580 -10.7544 5821.9014
v 24.0480 -8.9377 5826.6348
v 4.1989 -2.5592 5822.8018
v 16.1580 -2.3644 5821.9014
v 24.0480 -5.6511 5826.6348
v 4.2631 -11.6087 5838.8018
v 15.2407 -14.0650 5838.8018
v 25.0646 -10.1404 5838.8018
v 4.2631 -2.0230 5838.8018
v 15.2407 3.2472 5838.8018
v 25.0646 -2.4138 5838.8018
v 23.1897 -23.6928 5862.7754
v 23.2606 -23.6928 5862.7754
v -10.3773 -10.6676 5860.8018
v -0.4875 -12.5880 5855.2012
v 16.8101 -18.4107 5856.3857
v 26.2002 -15.2969 5856.3857
v -10.3773 -6.0319 5860.8018
v -0.4875 -3.1915 5855.2012
v 15.2407 3.0354 5854.8018
v 26.9252 -1.3411 5854.8018
v 23.1897 -23.6928 5862.8242
v 23.2606 -23.6928 5862.8242
v -10.4661 -10.9621 5870.8018
v -0.7593 -14.6919 5870.8018
v 16.8101 -18.2495 5869.2158
v 27.1192 -15.2656 5869.2158
v -10.4661 -4.9690 5870.8018
v -0.7593 -0.7509 5870.8018
v 15.2407 1.7788 5870.8018
v 28.0739 -2.4392 5870.8018
v -9.4171 -9.0711 5883.2617
v -1.9483 -11.0599 5887.8779
v 15.3770 -11.4092 5887.2627
v 26.3969 -9.6533 5882.2373
v -25.2274 6.9430 5894.2490
v -13.6126 -0.3859 5888.3311
v -3.8943 -0.4818 5887.9150
v 14.4564 1.2825 5887.7578
v 26.3969 -4.1543 5882.2373
v -25.2274 9.2944 5894.2490
v -16.7593 11.0291 5892.1328
v -0.7593 10.5646 5891.4043
v 8.1117 8.6751 5893.2773
v 2.5924 -9.3470 5895.8213
v 10.1345 -9.3470 5895.8213
v -27.2395 5.6981 5902.8018
v -16.7593 0.7560 5902.8018
v -1.8950 -0.3121 5901.0459
v 10.0643 0.3160 5896.1680
v -27.3167 15.3031 5903.6084
v -16.4461 19.4286 5903.6084
v -0.9332 12.6570 5901.6826
v 8.1117 8.6751 5895.6035
v -25.7148 24.8245 5909.4795
v -21.5706 24.8245 5909.4795
v -27.5982 6.1984 5915.3428
v -16.7593 5.4602 5916.3105
v -6.3824 6.6258 5913.6055
v -27.6050 16.3160 5916.8408
v -16.4461 17.2581 5917.3145
v -6.3824 12.5528 5913.6055
v -25.7148 24.8245 5914.3125
v -21.5706 24.8245 5914.3125
v -26.2737 5.8342 5938.4170
v -16.7593 6.1642 5938.8486
v -8.3848 7.9286 5941.9160
v -26.2737 10.7402 5938.4170
v -16.7593 11.0225 5938.8486
v -8.3848 9.5004 5941.9160
v -26.2737 5.8342 5945.7480
v -17.0361 5.5017 5950.9697
v -2.1346 6.2555 5951.7754
v 8.0453 7.0905 5957.7588
v -26.2737 10.7402 5945.7480
v -17.0361 11.8164 5950.9697
v -2.1346 11.1692 5951.7754
v 8.0453 9.6616 5957.7588
v -10.1449 -9.3298 5973.1914
v -0.7593 -9.3131 5972.9678
v 7.8336 -8.2104 5973.9668
v -12.0263 0.8232 5967.4355
v -0.7593 -1.9691 5964.9678
v 9.2031 1.1807 5967.9004
v -11.8038 10.7126 5966.8018
v -0.7593 13.0124 5966.8018
v 9.2490 10.6158 5966.8018
v -9.9542 -9.1535 5982.8018
v -0.7593 -10.6878 5982.8018
v 10.6903 -9.2183 5982.8018
v -10.2740 -0.9164 5982.1406
v -0.7593 2.8095 5986.2754
v 11.1243 0.3432 5983.0420
v -9.6906 9.2860 5976.3662
v -0.7593 10.3342 5978.2754
v 9.1139 10.0368 5977.8682
v -8.9668 -7.9975 5991.4736
v -0.6395 -10.0852 5997.6045
v 16.0446 -10.3130 5998.6934
v 23.7275 -8.3771 6003.9541
v -8.9668 -7.0713 5991.4736
v -0.6395 -3.0036 5997.6045
v 16.0446 -2.7842 5998.6934
v 23.7275 -6.7056 6003.9541
v 4.1200 -10.9857 6014.8018
v 15.2407 -12.9547 6014.8018
v 24.5031 -9.6530 6014.8018
v 4.5586 1.4015 6015.0859
v 14.0305 3.5073 6015.0859
v 24.5031 -5.0518 6014.8018
v 6.9315 8.4592 6020.6094
v 7.8903 8.4592 6020.6094
v -10.3921 -10.4165 6036.6553
v -0.1757 -11.0973 6031.1133
v 15.2407 -13.3758 6030.8018
v 26.4669 -11.1585 6030.8018
v -10.3921 -5.9278 6036.6553
v 0.9058 -0.3987 6030.5029
v 15.3284 5.3221 6031.4912
v 25.8665 0.2347 6032.2998
v 6.9315 8.4592 6024.3506
v 15.3284 8.4054 6031.4912
v 23.3153 8.3516 6038.6309
v -10.6139 -10.6310 6046.8018
v -0.7593 -13.7693 6046.8018
v 15.2407 -15.3739 6046.8018
v 31.5039 -11.4832 6047.7393
v 39.4425 -7.9472 6053.6973
v -10.6139 -4.9496 6046.8018
v -0.7593 -1.2814 6046.8018
v 16.5562 4.1273 6045.4385
v 30.1640 -0.0708 6046.4463
v 39.4425 -7.2522 6053.6973
v 22.7666 8.3516 6039.1963
v 23.3153 8.3516 6039.1963
v -10.3376 -9.9755 6062.8018
v -0.7593 -15.3622 6062.8018
v 15.2407 -16.2775 6062.8018
v 30.3866 -10.4074 6061.5127
v 39.4425 -7.9472 6055.3203
v -11.9887 -0.1502 6063.0537
v -0.7593 3.7907 6060.2646
v 14.8771 4.2760 6063.7197
v 30.3866 -3.5108 6061.5127
v 39.4425 -7.2522 6055.3203
v -12.0372 9.5691 6068.5547
v -0.7593 9.6422 6068.2646
v 9.3014 8.8312 6069.6660
v -10.0236 -9.5426 6072.2686
v -0.7593 -11.8687 6073.7012
v 15.2407 -11.1554 6073.1631
v 24.4839 -8.5916 6071.5518
v -27.0073 5.2471 6082.9551
v -16.3638 0.3468 6077.6123
v -0.6348 0.5944 6080.4521
v 14.8771 0.1533 6073.6221
v 24.4839 -5.2885 6071.5518
v -27.0073 12.7918 6082.9551
v -17.1261 14.1756 6078.0938
v -0.6348 11.7992 6078.1328
v 9.3014 8.8312 6072.3535
v -28.4106 4.6011 6094.8018
v -16.0216 4.0224 6095.3135
v -5.8851 6.1133 6090.3213
v -28.4106 15.2784 6094.8018
v -16.0216 16.3081 6095.3135
v -5.8851 12.3530 6090.3213
v -27.8511 4.1120 6110.8018
v -19.3615 4.1120 6110.8018
v -27.8511 14.2245 6110.8018
v -19.3615 14.2245 6110.8018
v -25.8959 5.5054 6126.8018
v -16.3788 4.9408 6126.2031
v -4.8199 6.4381 6131.1377
v -25.8959 10.6361 6126.8018
v -16.3788 11.6753 6126.2031
v -4.8199 10.8214 6131.1377
v -9.0240 -7.9533 6150.4873
v -8.1973 -7.9533 6150.4873
v -24.7727 8.2896 6134.8262
v -15.2002 2.0305 6142.6562
v -1.1752 0.6577 6143.3135
v 9.0109 5.5440 6146.8047
v -24.7727 8.3388 6134.8262
v -16.3295 10.9805 6141.2158
v 0.0043 11.9491 6142.0039
v 9.0109 9.9533 6146.8047
v -9.7334 -9.0173 6158.8018
v -2.0221 -9.4169 6159.0850
v 9.2708 -8.7945 6164.6064
v -10.7088 0.2195 6159.0205
v 0.6244 1.2225 6160.2227
v 9.1409 1.4540 6160.2773
v -10.7096 10.2286 6153.8330
v -0.7593 10.9784 6156.9346
v 9.0109 9.9533 6155.9473
v -9.7934 -9.1924 6169.2930
v -0.8848 -10.5602 6174.6963
v 14.8587 -9.7429 6176.2012
v 23.3435 -7.8303 6182.4668
v -9.7934 -5.1782 6169.2930
v -0.8848 -0.7392 6174.6963
v 14.8587 -2.1311 6176.2012
v 23.3435 -7.4980 6182.4668
v 4.0216 -10.9857 6190.8018
v 15.2407 -12.0666 6190.8018
v 23.9154 -8.7649 6190.8018
v 4.0216 -1.7475 6190.8018
v 15.2407 -0.4197 6190.8018
v 23.9154 -6.3562 6190.8018
v 3.1540 -10.7808 6206.8018
v 15.2407 -13.8050 6206.8018
v 25.3110 -10.7082 6206.8018
v 3.7596 1.0526 6207.1084
v 15.1101 4.5867 6207.1084
v 25.3110 -3.2664 6206.8018
v 6.8877 8.5384 6212.6455
v 9.6897 8.5384 6212.6455
v 20.7653 -24.1263 6229.2393
v 23.9764 -24.1263 6229.2393
v -10.4682 -10.0664 6226.5791
v -1.5789 -12.5388 6221.8682
v 15.3555 -19.1519 6223.4639
v 29.9237 -14.4910 6224.5391
v 39.3626 -7.8939 6230.5068
v -10.4682 -5.3523 6226.5791
v -0.2854 0.0592 6221.0518
v 15.1101 5.9610 6221.6348
v 30.8189 -1.7703 6224.2246
v 39.3626 -7.4148 6230.5068
v 6.8877 8.5384 6215.5234
v 9.6897 8.5384 6215.5234
v 20.7653 -24.1263 6231.5059
v 23.9764 -24.1263 6231.5059
v -11.1612 -11.5783 6238.8018
v -0.7593 -16.8773 6238.8018
v 15.3555 -19.2621 6237.6240
v 30.4138 -13.9047 6236.7637
v 39.3626 -7.8939 6231.3545
v -11.4058 0.1150 6239.6445
v -0.4011 4.2405 6239.6445
v 15.2407 4.3768 6238.8018
v 31.4069 -1.9993 6237.5332
v 39.3626 -7.4148 6231.3545
v -9.9676 8.9872 6245.5400
v -5.4955 8.9872 6245.5400
v -10.2529 -10.4941 6250.6846
v -0.7593 -12.2349 6253.2480
v 15.2407 -11.3009 6251.9082
v 26.1844 -9.2488 6248.8984
v -26.2500 5.5807 6260.7021
v -15.4436 -0.2412 6255.6934
v 1.7823 0.0792 6255.9170
v 12.1533 1.0663 6255.1514
v 26.1844 -3.7599 6248.8984
v -26.2500 11.1251 6260.7021
v -15.8843 13.0028 6255.1416
v -0.4011 11.7344 6254.4062
v 8.0368 9.0110 6259.4756
v -27.7551 4.9610 6270.8018
v -16.7593 1.5743 6270.8018
v -1.8211 3.2700 6269.7246
v 8.0368 4.4216 6263.6729
v -27.8527 16.4015 6271.2686
v -16.7593 21.6711 6267.9463
v -2.8455 16.1624 6270.2783
v 8.0368 9.0110 6263.6729
v -25.9207 24.8202 6276.9131
v -16.7593 24.7971 6275.9463
v -8.4954 24.4532 6276.8838
v -27.2118 5.8178 6286.8018
v -17.6385 5.8357 6285.9629
v -7.8623 7.5130 6280.0713
v -27.4182 15.9589 6286.5029
v -17.6385 15.9589 6287.4375
v -7.8886 16.3160 6279.9697
v -25.9207 24.8202 6280.9697
v -16.7593 24.7971 6280.6445
v -8.4954 24.4532 6279.0908
v -26.1700 5.6879 6302.8018
v -17.6385 5.2391 6303.1455
v -6.7491 6.6920 6308.7080
v -26.1700 11.3438 6302.8018
v -17.6385 12.7423 6303.1455
v -6.7491 11.6562 6308.7080
v -25.8738 6.4046 6312.5508
v -16.5046 4.7189 6318.2510
v -1.1532 4.5595 6318.9834
v 8.8140 6.1389 6324.4385
v -25.8738 10.2815 6312.5508
v -16.5046 12.6604 6318.2510
v -1.1532 12.6322 6318.9834
v 8.8140 10.2345 6324.4385
v -10.1687 -9.3859 6340.4297
v -0.7593 -10.0485 6339.3359
v 9.2350 -9.1348 6340.5527
v -11.4780 0.4402 6334.9785
v 2.6402 1.7464 6336.2383
v 9.0245 1.8813 6336.3301
v -11.1007 10.3558 6334.8018
v 0.8000 11.0989 6336.3857
v 8.8140 10.2345 6332.1084
v -10.1687 -9.3859 6345.7266
v -0.5152 -10.3471 6350.9570
v 11.6467 -9.7365 6350.8018
v -10.4762 0.3160 6346.0098
v 0.7436 1.8024 6350.2734
v 11.6467 -1.4544 6350.8018
v -9.6391 9.1006 6344.1533
v -3.4937 9.1006 6344.1533
v 4.1958 -10.5072 6366.8018
v 15.9689 -10.7385 6365.9688
v 24.1037 -9.0106 6370.7471
v 4.1958 -2.7756 6366.8018
v 15.9689 -2.4877 6365.9688
v 24.1037 -5.5679 6370.7471
v 4.2588 -11.6784 6382.8018
v 15.2407 -14.1374 6382.8018
v 25.0762 -10.1430 6382.8018
v 4.2588 -2.1658 6382.8018
v 15.2407 3.0090 6382.8018
v 25.0762 -2.5092 6382.8018
v -10.3363 -10.6446 6404.8965
v -0.4648 -12.6440 6399.2588
v 15.2407 -16.7818 6398.8018
v 27.0086 -12.8022 6398.8018
v -10.3363 -6.0721 6404.8965
v -0.4648 -3.2435 6399.2588
v 15.2407 3.0576 6398.8018
v 27.0086 -1.2841 6398.8018
v -10.3704 -10.8137 6414.8018
v -0.7593 -14.5855 6414.8018
v 15.2407 -16.6750 6414.8018
v 28.3331 -12.9032 6414.8018
v -10.3704 -5.2295 6414.8018
v -0.7593 -0.9841 6414.8018
v 15.2407 1.9938 6414.8018
v 28.3331 -2.2516 6414.8018
v -9.3304 -8.8964 6427.4814
v -2.1187 -11.0595 6432.0098
v 15.5774 -11.5841 6431.4150
v 26.5911 -9.7708 6426.4902
v -25.2306 6.9562 6438.2510
v -13.5755 -0.5865 6432.4531
v -4.0160 -0.7109 6432.1670
v 14.5617 1.2377 6432.0381
v 26.5911 -4.1904 6426.4902
v -25.2306 9.3062 6438.2510
v -16.7593 11.0290 6436.1807
v -0.7593 10.5007 6435.6816
v 7.9881 8.6018 6437.5859
v 2.3084 -9.5270 6439.9346
v 10.4685 -9.5270 6439.9346
v -27.2232 5.6792 6446.8018
v -16.7593 0.6203 6446.8018
v -2.0257 -0.3900 6445.0391
v 10.2221 0.3160 6440.1582
v -27.3185 15.3101 6447.5830
v -16.4871 19.3611 6447.5830
v -0.9196 12.5384 6445.6074
v 7.9881 8.6018 6439.4775
v -25.7395 24.8500 6453.4375
v -21.6390 24.8500 6453.4375
v -27.5732 6.1601 6459.6982
v -16.7593 5.4451 6460.6113
v -6.3598 6.6440 6457.6514
v -27.6049 16.3160 6461.2412
v -16.4871 17.1906 6461.6631
v -6.3598 12.4404 6457.6514
v -25.7395 24.8500 6458.4912
v -21.6390 24.8500 6458.4912
v -26.3499 5.6593 6481.9639
v -16.7593 6.1141 6482.6494
v -8.4892 8.0368 6486.1025
v -26.3499 10.8766 6481.9639
v -16.7593 10.8896 6482.6494
v -8.4892 9.1869 6486.1025
v -26.3499 5.6593 6489.8887
v -17.0464 5.5034 6495.0537
v -2.1972 6.3764 6495.7910
v 8.0293 7.1143 6501.7842
v -26.3499 10.8766 6489.8887
v -17.0464 11.6892 6495.0537
v -2.1972 10.9493 6495.7910
v 8.0293 9.6435 6501.7842
v -10.1466 -9.3252 6517.2246
v -0.7593 -9.2341 6517.1094
v 7.7160 -8.1096 6518.1221
v -12.1114 0.8649 6511.4551
v -0.7593 -1.8992 6509.1094
v 9.1584 1.1950 6511.9941
v -11.9090 10.7795 6510.8018
v -0.7593 13.1111 6510.8018
v 9.2813 10.6476 6510.8018
v -9.9791 -9.1867 6526.8018
v -0.7593 -10.6657 6526.8018
v 10.5743 -9.1630 6526.8018
v -10.3678 -0.8756 6526.2295
v -0.7593 2.9888 6530.5156
v 11.0669 0.4457 6527.1455
v -9.8137 9.4101 6520.5137
v -0.7593 10.4726 6522.5156
v 9.1729 10.0973 6522.0410
v -8.9985 -8.0464 6535.5791
v -0.6971 -10.1705 6541.6680
v 16.0224 -10.3059 6542.8955
v 23.6552 -8.2721 6548.2920
v -8.9985 -7.0033 6535.5791
v -0.6971 -2.8128 6541.6680
v 16.0224 -2.7259 6542.8955
v 23.6552 -6.8583 6548.2920
v 4.0047 -11.0575 6558.8018
v 15.2407 -12.8822 6558.8018
v 24.3960 -9.5087 6558.8018
v 4.4861 1.4490 6559.1357
v 13.9837 3.4016 6559.1357
v 24.3960 -5.2432 6558.8018
v 6.9643 8.4407 6564.6924
v 7.8124 8.4407 6564.6924
v -10.2991 -10.2687 6580.7480
v -0.2103 -11.0251 6575.1689
v 15.2407 -13.3035 6574.8018
v 26.3591 -11.0657 6574.8018
v -10.2991 -6.0226 6580.7480
v 0.8933 -0.3275 6574.5811
v 13.9837 4.7960 6574.1699
v 26.3591 -1.8727 6574.8018
v 6.9643 8.4407 6568.4150
v 7.8124 8.4407 6568.4150
v -10.5968 -10.5818 6590.8018
v -0.7593 -13.7182 6590.8018
v 15.2407 -15.4359 6590.8018
v 31.4599 -11.5495 6591.7314
v 39.4618 -7.9726 6597.6846
v -10.5968 -4.9432 6590.8018
v -0.7593 -1.1795 6590.8018
v 15.2407 3.2668 6590.8018
v 31.4599 -1.6504 6591.7314
v 39.4618 -7.2108 6597.6846
v -10.4529 -10.1605 6606.8018
v -0.7593 -15.5667 6606.8018
v 15.2407 -16.4643 6606.8018
v 30.4798 -10.5565 6605.5488
v 39.4618 -7.9726 6599.3799
v -11.9564 -0.0882 6607.0488
v -0.7593 3.7858 6604.3311
v 14.8089 4.3978 6607.7783
v 30.4798 -3.2983 6605.5488
v 39.4618 -7.2108 6599.3799
v -11.8297 9.5399 6612.5469
v -0.7593 9.5881 6612.3311
v 9.1877 8.7881 6613.7627
v -10.1073 -9.7070 6616.4688
v -0.7593 -12.0118 6617.8887
v 15.2407 -11.2513 6617.2822
v 24.6392 -8.6930 6615.6592
v -26.9690 5.2008 6627.1250
v -16.3018 0.3352 6621.7969
v -0.6053 0.6081 6624.6113
v 14.8089 0.2600 6617.7266
v 24.6392 -5.1106 6615.6592
v -26.9690 12.6528 6627.1250
v -17.0015 14.0481 6622.1963
v -0.6053 11.7293 6622.1426
v 9.1877 8.7881 6616.3691
v -28.3832 4.5692 6638.8018
v -15.9355 4.0107 6639.3711
v -5.8359 6.1362 6634.4170
v -28.3832 15.1557 6638.8018
v -15.9355 16.1834 6639.3711
v -5.8359 12.3088 6634.4170
v -27.7873 4.1798 6654.8018
v -19.3947 4.1798 6654.8018
v -27.7873 14.1534 6654.8018
v -19.3947 14.1534 6654.8018
v -25.8694 5.4942 6670.8018
v -16.4914 4.9728 6670.2871
v -5.0840 6.5063 6675.2764
v -25.8694 10.6500 6670.8018
v -16.4914 11.6882 6670.2871
v -5.0840 10.8243 6675.2764
v -8.8498 -7.7749 6694.6934
v -8.5731 -7.7749 6694.6934
v -24.8242 8.1879 6678.9189
v -15.0857 2.0138 6686.8057
v -1.4952 0.7352 6687.5088
v 9.0268 5.6308 6690.9912
v -24.8242 8.4276 6678.9189
v -16.2967 10.9895 6685.2715
v -0.1541 11.9234 6686.1152
v 9.0268 9.9843 6690.9912
v -9.5950 -8.8717 6702.8018
v -2.2476 -9.3582 6703.0635
v 9.3341 -8.8907 6708.5713
v -10.5652 0.2897 6703.0498
v 0.4633 1.3591 6704.2559
v 9.1805 1.5549 6704.2920
v -10.6550 10.1518 6697.8809
v -0.7593 10.9441 6701.0195
v 9.0268 9.9843 6700.0137
v -9.7830 -9.1768 6713.2598
v -0.8537 -10.5642 6718.6768
v 14.8967 -9.7140 6720.3018
v 23.2928 -7.7596 6726.6357
v -9.7830 -5.0612 6713.2598
v -0.8537 -0.6719 6718.6768
v 14.8967 -2.1890 6720.3018
v 23.2928 -7.5897 6726.6357
v 4.0238 -10.9762 6734.8018
v 15.2407 -11.9313 6734.8018
v 23.8332 -8.6391 6734.8018
v 4.0238 -1.7476 6734.8018
v 15.2407 -0.5259 6734.8018
v 23.8332 -6.4624 6734.8018
v 3.3292 -10.7660 6750.8018
v 15.2407 -13.7900 6750.8018
v 25.3253 -10.7081 6750.8018
v 3.8931 1.1245 6751.0322
v 15.3383 4.7768 6751.0322
v 25.3253 -3.1187 6750.8018
v 6.8766 8.5461 6756.5195
v 10.0700 8.5461 6756.5195
v 20.6689 -24.1651 6773.1445
v 24.0493 -24.1651 6773.1445
v -10.4441 -10.0680 6770.8242
v -1.4094 -12.4255 6766.0156
v 15.2976 -19.0957 6767.4072
v 29.9991 -14.5455 6768.4893
v 39.3666 -7.9061 6774.5000
v -10.4441 -5.4191 6770.8242
v -0.1497 -0.0357 6765.1807
v 15.3383 5.9585 6765.6426
v 30.8656 -1.6909 6768.2207
v 39.3666 -7.4013 6774.5000
v 6.8766 8.5461 6759.5371
v 10.0700 8.5461 6759.5371
v 20.6689 -24.1651 6775.5547
v 24.0493 -24.1651 6775.5547
v -11.1140 -11.5271 6782.8018
v -0.7593 -16.7404 6782.8018
v 15.2976 -19.2195 6781.6533
v 30.5129 -13.9324 6780.8096
v 39.3666 -7.9061 6775.3965
v -11.2703 0.0749 6783.7363
v -0.4565 4.1868 6783.7363
v 15.2407 4.3651 6782.8018
v 31.4821 -1.9870 6781.5586
v 39.3666 -7.4013 6775.3965
v -9.8047 8.9024 6789.6924
v -5.5880 8.9024 6789.6924
v -10.2141 -10.4242 6794.7354
v -0.7593 -12.1790 6797.4619
v 15.2407 -11.3299 6796.1650
v 26.3097 -9.2920 6793.0068
v -26.2176 5.5667 6804.7754
v -15.3427 -0.3251 6799.7549
v 1.7427 -0.1604 6799.9521
v 12.1918 0.9505 6799.2119
v 26.3097 -3.6249 6793.0068
v -26.2176 11.0233 6804.7754
v -15.7866 12.8546 6799.1855
v -0.4565 11.6790 6798.2842
v 8.1265 9.0638 6803.2734
v -27.8020 4.8775 6814.8018
v -16.7593 1.2926 6814.8018
v -1.7332 2.8081 6813.7803
v 8.1265 3.9160 6807.7656
v -27.8867 16.3403 6815.3154
v -16.7593 21.5495 6812.2158
v -2.7821 16.1586 6814.4658
v 8.1265 9.0638 6807.7656
v -25.9148 24.8197 6820.9902
v -16.7593 24.7873 6820.2158
v -8.5151 24.4406 6821.1650
v -27.2442 5.8613 6830.8018
v -17.7013 5.8041 6830.0332
v -7.7157 7.4024 6824.1875
v -27.4405 15.9609 6830.5586
v -17.7013 15.9609 6831.5537
v -7.7934 16.3160 6824.0449
v -25.9148 24.8197 6825.0635
v -16.7593 24.7873 6824.7021
v -8.5151 24.4406 6823.0732
v -26.2040 5.7146 6846.8018
v -17.7013 5.2497 6847.1602
v -6.7863 6.6740 6852.7324
v -26.2040 11.4568 6846.8018
v -17.7013 12.8631 6847.1602
v -6.7863 11.7067 6852.7324
v -25.9711 6.2850 6856.6660
v -16.5313 4.6317 6862.3203
v -1.1755 4.5772 6863.0469
v 8.7635 6.1942 6868.5439
v -25.9711 10.4289 6856.6660
v -16.5313 12.8195 6862.3203
v -1.1755 12.6924 6863.0469
v 8.7635 10.2171 6868.5439
v -10.1015 -9.3127 6884.5625
v -0.7593 -10.0480 6883.3740
v 9.2914 -9.2073 6884.4707
v -11.5188 0.4354 6879.0576
v -0.7593 -3.1260 6875.3740
v 9.4841 0.6429 6879.0029
v -11.2020 10.4729 6878.8018
v -0.7593 12.0059 6878.8018
v 8.5069 9.8491 6878.8018
v -10.1015 -9.3127 6889.7607
v -0.4790 -10.2557 6894.9775
v 11.4073 -9.6772 6894.8018
v -10.4937 0.3160 6890.1416
v -0.4790 0.3469 6896.3291
v 10.6733 0.3469 6893.6572
v -9.7296 9.1896 6888.2959
v -0.7593 9.0784 6888.4922
v 7.4062 8.4590 6887.5615
v 4.1992 -10.4003 6910.8018
v 15.7435 -10.6866 6910.0430
v 24.1485 -9.0667 6914.8701
v 4.1992 -3.0463 6910.8018
v 15.7435 -2.6698 6910.0430
v 24.1485 -5.5107 6914.8701
v 4.2643 -11.7013 6926.8018
v 15.2407 -14.1740 6926.8018
v 25.1001 -10.1568 6926.8018
v 4.2643 -2.0936 6926.8018
v 15.2407 2.9703 6926.8018
v 25.1001 -2.6201 6926.8018
v -10.3477 -10.6768 6948.9297
v -0.4268 -12.6955 6943.2783
v 15.2407 -16.4872 6942.8018
v 27.0943 -12.4674 6942.8018
v -10.3477 -6.0525 6948.9297
v -0.4268 -3.0870 6943.2783
v 15.2407 3.2973 6942.8018
v 27.0943 -1.2254 6942.8018
v -10.3082 -10.6928 6958.8018
v -0.7593 -14.4205 6958.8018
v 15.2407 -16.3980 6958.8018
v 28.5574 -12.6702 6958.8018
v -10.3082 -5.4480 6958.8018
v -0.7593 -1.2472 6958.8018
v 15.2407 2.1205 6958.8018
v 28.5574 -2.0802 6958.8018
v -9.2361 -8.7030 6971.9072
v -2.2975 -10.9899 6976.2646
v 15.7715 -11.6894 6975.5596
v 26.7629 -9.8688 6970.7305
v -25.2219 6.9997 6982.2676
v -13.5351 -0.7830 6976.6758
v -4.1437 -0.9792 6976.5303
v 14.6400 1.1483 6976.3291
v 26.7629 -4.2453 6970.7305
v -25.2219 9.2936 6982.2676
v -16.7593 10.9918 6980.2529
v -0.7593 10.4117 6979.9971
v 7.8212 8.5201 6981.9268
v 2.0104 -9.6953 6984.0391
v 10.7921 -9.6953 6984.0391
v -27.2158 5.6613 6990.8018
v -16.7593 0.4350 6990.8018
v -2.1345 -0.5015 6989.0107
v 10.3397 0.3160 6984.1152
v -27.3168 15.3026 6991.5723
v -16.5461 19.2853 6991.5723
v -0.8713 12.4212 6989.5098
v 7.8212 8.5201 6983.3154
v -25.7464 24.8656 6997.4199
v -21.7372 24.8656 6997.4199
v -27.5721 6.0926 7004.1240
v -16.7593 5.3706 7005.0088
v -6.2793 6.6123 7001.7559
v -27.6092 16.3160 7005.6533
v -16.5461 17.1446 7006.0547
v -6.2793 12.3637 7001.7559
v -25.7464 24.8656 7002.6152
v -21.7372 24.8656 7002.6152
v -26.4089 5.5029 7025.4805
v -16.7593 6.0856 7026.4775
v -8.6036 8.1552 7030.3564
v -26.4089 10.9914 7025.4805
v -16.7593 10.7065 7026.4775
v -8.6036 8.8280 7030.3564
v -26.4089 5.5029 7034.0000
v -17.0394 5.5337 7039.1211
v -2.2659 6.5249 7039.8154
v 8.0016 7.1550 7045.8242
v -26.4089 10.9914 7034.0000
v -17.0394 11.5062 7039.1211
v -2.2659 10.6753 7039.8154
v 8.0016 9.6066 7045.8242
v -10.1480 -9.3200 7061.2559
v -0.7593 -9.1464 7061.2637
v 7.5882 -7.9979 7062.2969
v -12.1734 0.9180 7055.4736
v -0.7593 -1.8022 7053.2637
v 9.0629 1.2194 7056.0986
v -11.9854 10.8185 7054.8018
v -0.7593 13.1227 7054.8018
v 9.2578 10.6202 7054.8018
v -9.9976 -9.2101 7070.8018
v -0.7593 -10.6278 7070.8018
v 10.4479 -9.1017 7070.8018
v -10.4507 -0.8513 7070.3037
v -0.7593 3.1535 7074.6924
v 10.9635 0.5533 7071.2119
v -9.9273 9.5230 7064.6377
v -0.7593 10.5575 7066.6924
v 9.1692 10.0976 7066.1523
v -9.0216 -8.0829 7079.6602
v -0.7387 -10.2344 7085.7168
v 15.9979 -10.2792 7087.1406
v 23.5755 -8.1575 7092.6992
v -9.0216 -6.9628 7079.6602
v -0.7387 -2.6551 7085.7168
v 15.9979 -2.6908 7087.1406
v 23.5755 -7.0225 7092.6992
v 3.8800 -11.1415 7102.8018
v 15.2407 -12.8659 7102.8018
v 24.3227 -9.4085 7102.8018
v 4.4171 1.4749 7103.2783
v 13.9157 3.3105 7103.2783
v 24.3227 -5.3896 7102.8018
v 7.0155 8.4147 7108.9297
v 7.6991 8.4147 7108.9297
v -10.1953 -10.1045 7124.8564
v -0.2684 -10.9538 7119.2344
v 15.2407 -13.3547 7118.8018
v 26.3507 -11.0828 7118.8018
v -10.1953 -6.1294 7124.8564
v 0.8705 -0.2643 7118.6318
v 13.9157 4.7966 7118.1650
v 26.3507 -2.0468 7118.8018
v 7.0155 8.4147 7112.4062
v 7.6991 8.4147 7112.4062
v -10.5632 -10.5072 7134.8018
v -0.7593 -13.6135 7134.8018
v 15.2407 -15.5132 7134.8018
v 31.4640 -11.6439 7135.7471
v 39.4724 -7.9867 7141.7109
v -10.5632 -4.9666 7134.8018
v -0.7593 -1.1223 7134.8018
v 15.2407 3.2891 7134.8018
v 31.4640 -1.6831 7135.7471
v 39.4724 -7.1877 7141.7109
v -10.5461 -10.3113 7150.8018
v -0.7593 -15.7022 7150.8018
v 15.2407 -16.5900 7150.8018
v 30.5626 -10.6777 7149.5723
v 39.4724 -7.9867 7143.4189
v -11.9041 -0.0429 7151.0605
v -0.7593 3.7481 7148.4355
v 14.7116 4.4766 7151.8496
v 30.5626 -3.1301 7149.5723
v 39.4724 -7.1877 7143.4189
v -11.6182 9.4950 7156.5674
v -0.7593 9.5142 7156.4355
v 9.0256 8.7346 7157.8818
v -10.1725 -9.8433 7160.6582
v -0.7593 -12.1090 7162.0498
v 15.2407 -11.3112 7161.3760
v 24.7772 -8.7796 7159.7588
v -26.9000 5.1913 7171.3115
v -16.2287 0.3182 7165.9844
v -0.5389 0.5934 7168.7363
v 14.7116 0.3402 7161.7959
v 24.7772 -4.9770 7159.7588
v -26.9000 12.4904 7171.3115
v -16.8747 13.9070 7166.3076
v -0.5389 11.6535 7166.1367
v 9.0256 8.7346 7160.3604
v -28.2874 4.6048 7182.8018
v -15.8707 4.0245 7183.4600
v -5.7253 6.1117 7178.5654
v -28.2874 14.9846 7182.8018
v -15.8707 16.0298 7183.4600
v -5.7253 12.2809 7178.5654
v -27.6901 4.2893 7198.8018
v -19.4464 4.2893 7198.8018
v -27.6901 14.0581 7198.8018
v -19.4464 14.0581 7198.8018
v -25.8490 5.4957 7214.8018
v -16.5976 5.0260 7214.3867
v -5.3563 6.5931 7219.4434
v -25.8490 10.6616 7214.8018
v -16.5976 11.6877 7214.3867
v -5.3563 10.8080 7219.4434
v -24.8680 8.1010 7222.9971
v -16.3122 4.0836 7229.3193
v -0.3175 2.6016 7230.2080
v 9.0530 5.6310 7235.1455
v -24.8680 8.5044 7222.9971
v -16.3122 11.0269 7229.3193
v -0.3175 11.9398 7230.2080
v 9.0530 10.0261 7235.1455
v -9.7598 -9.1417 7249.7793
v -0.7593 -9.7488 7249.2930
v 9.4065 -8.9794 7252.4795
v -10.2203 -0.8756 7245.9043
v -0.7593 0.3759 7247.2275
v 9.2298 1.5874 7248.2666
v -10.6807 10.1536 7242.0293
v -0.7593 10.9768 7245.1621
v 9.0530 10.0261 7244.0547
v -9.7598 -9.1417 7257.1992
v -0.8051 -10.5385 7262.6396
v 12.8486 -10.1589 7262.8018
v -9.7598 -4.9511 7257.1992
v -0.8051 -0.6580 7262.6396
v 12.8486 -0.9511 7262.8018
v 4.0617 -10.9305 7278.8018
v 16.8276 -10.9324 7277.2275
v 23.9100 -8.7693 7281.5117
v 4.0617 -1.7997 7278.8018
v 16.8276 -2.1002 7277.2275
v 23.9100 -6.2234 7281.5117
v 3.5247 -10.7175 7294.8018
v 15.2407 -13.7121 7294.8018
v 25.3359 -10.6786 7294.8018
v 4.0502 1.1739 7294.9961
v 15.5753 4.9113 7294.9961
v 25.3359 -3.0122 7294.8018
v 6.8778 8.5459 7300.4590
v 10.4651 8.5459 7300.4590
v 20.6181 -24.1954 7317.0801
v 24.1099 -24.1954 7317.0801
v -10.4280 -10.0781 7315.0527
v -1.2347 -12.2884 7310.1523
v 15.2671 -18.9964 7311.3691
v 30.0708 -14.5813 7312.4609
v 39.3626 -7.9043 7318.5078
v -10.4280 -5.4779 7315.0527
v -0.0035 -0.1346 7309.2900
v 15.5753 5.9137 7309.6367
v 30.9153 -1.6549 7312.2256
v 39.3626 -7.4057 7318.5078
v 6.8778 8.5459 7303.5264
v 10.4651 8.5459 7303.5264
v 20.6181 -24.1954 7319.6016
v 24.1099 -24.1954 7319.6016
v -11.0572 -11.4599 7326.8018
v -0.7593 -16.5527 7326.8018
v 15.2671 -19.1477 7325.6816
v 30.5909 -13.9521 7324.8359
v 39.3626 -7.9043 7319.4043
v -11.1171 0.0397 7327.8408
v -0.5609 4.1108 7327.8408
v 15.2407 4.2769 7326.8018
v 31.5394 -2.0194 7325.5635
v 39.3626 -7.4057 7319.4043
v -9.6252 8.8066 7333.8672
v -5.7619 8.8066 7333.8672
v -10.1544 -10.3245 7338.7568
v -0.7593 -12.0876 7341.6387
v 15.2407 -11.3441 7340.3887
v 26.4053 -9.3332 7337.0908
v -26.1667 5.5677 7348.8711
v -15.2232 -0.3853 7343.8135
v 1.6681 -0.3949 7343.9902
v 12.2260 0.8116 7343.2764
v 26.4053 -3.5232 7337.0908
v -26.1667 10.8975 7348.8711
v -15.6788 12.6761 7343.2432
v -0.5609 11.5998 7342.1963
v 8.2064 9.1037 7347.1270
v -27.8177 4.8178 7358.8018
v -16.7593 1.0688 7358.8018
v -1.6508 2.3786 7357.8281
v 8.2064 3.4191 7351.8457
v -27.8835 16.2649 7359.3760
v -16.7593 21.3981 7356.5488
v -2.7315 16.1405 7358.6768
v 8.2064 9.1037 7351.8457
v -25.8884 24.8096 7365.0918
v -16.7593 24.7642 7364.5488
v -8.5513 24.4200 7365.5078
v -27.2486 5.9291 7374.8018
v -17.7732 5.7999 7374.0898
v -7.5784 7.3049 7368.2812
v -27.4282 15.9439 7374.6016
v -17.7732 15.9439 7375.6309
v -7.7176 16.3160 7368.0879
v -25.8884 24.8096 7369.1348
v -16.7593 24.7642 7368.7285
v -8.5513 24.4200 7367.0381
v -26.2193 5.7698 7390.8018
v -17.7732 5.2962 7391.1885
v -6.8438 6.6780 7396.7793
v -26.2193 11.5305 7390.8018
v -17.7732 12.9326 7391.1885
v -6.8438 11.7242 7396.7793
v -26.0573 6.1876 7400.7607
v -16.5401 4.5889 7406.3770
v -1.2100 4.6172 7407.0986
v 8.7269 6.2349 7412.6299
v -26.0573 10.5555 7400.7607
v -16.5401 12.9305 7406.3770
v -1.2100 12.7256 7407.0986
v 8.7269 10.2140 7412.6299
v -10.1113 -9.3255 7428.5977
v -0.7593 -10.1128 7427.3477
v 9.3387 -9.2809 7428.4004
v -11.5779 0.4487 7423.0791
v -0.7593 -3.0790 7419.3477
v 9.5911 0.6673 7422.9609
v -11.2686 10.5602 7422.8018
v -0.7593 12.2005 7422.8018
v 8.6051 9.9562 7422.8018
v -10.1113 -9.3255 7433.9062
v -0.5016 -10.2570 7439.0645
v 11.2088 -9.6691 7438.8018
v -10.5567 0.3160 7434.3398
v -0.5016 0.2270 7440.8086
v 10.6150 0.2270 7437.9775
v -9.8039 9.2651 7432.4150
v -0.7593 9.2446 7432.9814
v 7.5737 8.6050 7432.0947
v 4.1463 -10.3207 7454.8018
v 15.5563 -10.6463 7454.1221
v 24.1817 -9.1055 7459.0029
v 4.1463 -3.1982 7454.8018
v 15.5563 -2.7721 7454.1221
v 24.1817 -5.4785 7459.0029
v 4.3052 -11.6763 7470.8018
v 15.2407 -14.2195 7470.8018
v 25.1776 -10.2273 7470.8018
v 4.3052 -1.9706 7470.8018
v 15.2407 3.0073 7470.8018
v 25.1776 -2.7061 7470.8018
v -10.3445 -10.6850 7492.9756
v -0.3745 -12.6960 7487.3066
v 15.2407 -16.3044 7486.8018
v 27.2619 -12.2902 7486.8018
v -10.3445 -6.0480 7492.9756
v -0.3745 -2.9607 7487.3066
v 15.2407 3.5778 7486.8018
v 27.2619 -1.0993 7486.8018
v -10.2298 -10.5407 7502.8018
v -0.7593 -14.1779 7502.8018
v 15.2407 -16.1435 7502.8018
v 28.7828 -12.5063 7502.8018
v -10.2298 -5.6797 7502.8018
v -0.7593 -1.5699 7502.8018
v 15.2407 2.2071 7502.8018
v 28.7828 -1.9027 7502.8018
v -9.1363 -8.3500 7518.8018
v -0.7593 -11.7407 7518.8018
v 15.9597 -11.7511 7519.6963
v 26.9100 -9.9417 7514.9590
v -25.2020 7.0709 7526.2959
v -14.3440 0.2116 7519.8018
v -0.7593 3.6423 7516.3115
v 14.6848 1.0289 7520.6338
v 26.9100 -4.3234 7514.9590
v -25.2020 9.2576 7526.2959
v -16.7593 10.9637 7524.3018
v -0.7593 10.3431 7524.3115
v 7.5971 8.4301 7526.3086
v -8.8866 -7.7641 7526.8535
v -0.7593 -9.3688 7527.8398
v 11.1058 -9.8503 7528.1348
v -27.2064 5.6533 7534.8018
v -15.2357 -1.2966 7533.2324
v -0.7768 0.8335 7534.2168
v 10.4068 0.3160 7528.0322
v -27.3032 15.2810 7535.5762
v -16.4810 19.3514 7535.5762
v -0.7768 12.4549 7533.3867
v 7.5971 8.4301 7527.1094
v -25.7363 24.8710 7541.4258
v -21.6288 24.8710 7541.4258
v -27.0550 6.4365 7550.8018
v -18.0297 5.7300 7551.0811
v -6.1218 6.5119 7545.9336
v -27.1820 15.8648 7551.5312
v -17.5860 16.7043 7551.6416
v -6.1218 12.5113 7545.9336
v -25.7363 24.8710 7546.6836
v -21.6288 24.8710 7546.6836
v -26.2058 5.9544 7566.8018
v -18.0297 6.4066 7568.3398
v -8.7272 8.2824 7574.6992
v -26.2058 11.8237 7566.8018
v -18.0297 11.1869 7568.3398
v -8.7272 8.4239 7574.6992
v -26.4472 5.3681 7578.0820
v -17.0159 5.5913 7583.1699
v -2.3400 6.6976 7583.8467
v 7.9628 7.2119 7589.8770
v -26.4472 11.0782 7578.0820
v -17.0159 11.2657 7583.1699
v -2.3400 10.3495 7583.8467
v 7.9628 9.5512 7589.8770
v -10.1787 -9.3467 7605.2539
v -0.7593 -9.0798 7605.4004
v 7.4584 -7.8824 7606.4805
v -12.2292 0.9802 7599.4727
v -0.7593 -1.6817 7597.4004
v 8.9189 1.2535 7600.2090
v -12.0321 10.8306 7598.8018
v -0.7593 13.0449 7598.8018
v 9.1752 10.5302 7598.8018
v -10.0466 -9.2704 7614.8018
v -0.7593 -10.6496 7614.8018
v 10.3409 -9.0632 7614.8018
v -10.5507 -0.8132 7614.3633
v -0.7593 3.3670 7618.8047
v 10.8352 0.6859 7615.2422
v -10.0286 9.6228 7608.7383
v -0.7593 10.5839 7610.8047
v 9.0979 10.0331 7610.2021
v -9.0563 -8.1365 7623.7725
v -0.7633 -10.3125 7629.7842
v 15.9902 -10.2488 7631.4385
v 23.4864 -8.0304 7637.1963
v -9.0563 -6.8993 7623.7725
v -0.7633 -2.4794 7629.7842
v 15.9902 -2.6611 7631.4385
v 23.4864 -7.2021 7637.1963
v 3.7758 -11.2116 7646.8018
v 15.2407 -12.8176 7646.8018
v 24.2370 -9.2900 7646.8018
v 4.3765 1.4798 7647.5527
v 13.8254 3.1792 7647.5527
v 24.2370 -5.5597 7646.8018
v 7.0869 8.3814 7653.3867
v 7.5486 8.3814 7653.3867
v -10.0847 -9.9281 7668.9785
v -0.3272 -10.8656 7663.3076
v 15.2407 -13.3690 7662.8018
v 26.3251 -11.0751 7662.8018
v -10.0847 -6.2444 7668.9785
v 0.8572 -0.2064 7662.6133
v 13.8254 4.7955 7662.0693
v 26.3251 -2.2214 7662.8018
v 7.0869 8.3814 7656.2480
v 7.5486 8.3814 7656.2480
v -10.5339 -10.4331 7678.8018
v -0.7593 -13.4814 7678.8018
v 15.2407 -15.5712 7678.8018
v 31.4586 -11.7384 7679.7822
v 39.4743 -7.9894 7685.7686
v -10.5339 -4.9880 7678.8018
v -0.7593 -1.0744 7678.8018
v 15.2407 3.3272 7678.8018
v 31.4586 -1.7052 7679.7822
v 39.4743 -7.1829 7685.7686
v -10.6518 -10.4714 7694.8018
v -0.7593 -15.8163 7694.8018
v 15.2407 -16.6979 7694.8018
v 30.6342 -10.8024 7693.5830
v 39.4743 -7.9894 7687.4375
v -11.8590 0.0090 7695.0898
v -0.7593 3.7091 7692.5771
v 14.5817 4.5363 7695.9346
v 30.6342 -2.9845 7693.5830
v 39.4743 -7.1829 7687.4375
v -11.4021 9.4366 7700.6143
v -0.7593 9.4225 7700.5771
v 8.8090 8.6707 7702.0225
v -10.2419 -9.9791 7704.8613
v -0.7593 -12.1840 7706.2090
v 15.2407 -11.3376 7705.4502
v 24.8965 -8.8506 7703.8496
v -26.9028 5.1159 7715.4180
v -16.1553 0.2304 7710.1396
v -0.4185 0.5333 7712.8369
v 14.5817 0.3964 7705.8301
v 24.8965 -4.8833 7703.8496
v -26.9028 12.3797 7715.4180
v -16.7450 13.8125 7710.3721
v -0.4185 11.5872 7710.1113
v 8.8090 8.6707 7704.3184
v -28.2436 4.5909 7726.8018
v -15.7969 3.9533 7727.5947
v -5.5246 6.0115 7722.7900
v -28.2436 14.8358 7726.8018
v -15.7969 15.9178 7727.5947
v -5.5246 12.2926 7722.7900
v -27.2614 6.5494 7736.4951
v -20.4885 6.5494 7736.4951
v -27.2614 12.9454 7736.4951
v -20.4885 12.9454 7736.4951
f 7 1 6
f 7 2 1
f 7 3 2
f 7 8 3
f 11 4 10
f 11 5 4
f 12 5 11
f 12 6 5
f 13 6 12
f 13 7 6
f 14 7 13
f 14 8 7
f 17 9 16
f 17 10 9
f 18 10 17
f 18 11 10
f 19 11 18
f 19 12 11
f 21 15 20
f 21 16 15
f 22 16 21
f 22 17 16
f 25 1 2
f 25 24 1
f 3 25 2
f 3 26 25
f 5 27 4
f 5 28 27
f 29 1 24
f 29 6 1
f 29 5 6
f 29 28 5
f 29 23 28
f 29 24 23
f 30 26 3
f 30 3 8
f 32 4 27
f 32 10 4
f 32 9 10
f 32 31 9
f 13 12 33
f 13 33 34
f 35 30 8
f 35 8 14
f 14 13 34
f 14 34 35
f 37 9 31
f 37 16 9
f 37 15 16
f 37 36 15
f 18 17 38
f 18 38 39
f 33 12 19
f 33 19 40
f 19 18 39
f 19 39 40
f 41 15 36
f 41 20 15
f 42 21 20
f 42 20 41
f 38 17 22
f 38 22 43
f 22 21 42
f 22 42 43
f 24 47 23
f 24 48 47
f 25 48 24
f 25 49 48
f 26 49 25
f 26 50 49
f 50 44 49
f 50 45 44
f 51 45 50
f 51 46 45
f 47 28 23
f 47 53 28
f 28 52 27
f 28 53 52
f 54 53 47
f 54 47 48
f 56 50 26
f 56 26 30
f 57 50 56
f 57 51 50
f 52 32 27
f 52 59 32
f 32 58 31
f 32 59 58
f 60 59 52
f 60 52 53
f 62 34 33
f 62 33 61
f 63 56 30
f 63 30 35
f 63 35 34
f 63 34 62
f 63 62 55
f 63 55 56
f 58 37 31
f 58 66 37
f 37 65 36
f 37 66 65
f 67 66 58
f 67 58 59
f 68 39 38
f 68 38 67
f 69 61 33
f 69 33 40
f 69 40 39
f 69 39 68
f 69 68 60
f 69 60 61
f 71 36 65
f 71 41 36
f 71 64 70
f 71 65 64
f 42 41 71
f 42 71 72
f 73 67 38
f 73 38 43
f 73 43 42
f 73 42 72
f 75 70 74
f 75 71 70
f 76 71 75
f 76 72 71
f 78 44 45
f 78 77 44
f 46 78 45
f 46 79 78
f 82 44 77
f 82 49 44
f 49 81 48
f 49 82 81
f 83 79 46
f 83 46 51
f 83 80 79
f 83 84 80
f 81 54 48
f 81 86 54
f 54 85 53
f 54 86 85
f 87 86 81
f 87 81 82
f 88 56 55
f 88 55 87
f 89 83 51
f 89 51 57
f 57 56 88
f 57 88 89
f 85 60 53
f 85 91 60
f 60 90 59
f 60 91 90
f 92 61 60
f 92 60 91
f 92 91 85
f 92 85 86
f 93 87 55
f 93 55 62
f 93 62 61
f 93 61 92
f 93 92 86
f 93 86 87
f 95 64 65
f 95 94 64
f 66 95 65
f 66 96 95
f 90 67 59
f 90 97 67
f 67 96 66
f 67 97 96
f 98 91 60
f 98 60 68
f 98 68 67
f 98 67 97
f 98 97 90
f 98 90 91
f 94 70 64
f 94 99 70
f 101 97 67
f 101 67 73
f 73 72 100
f 73 100 101
f 99 74 70
f 99 102 74
f 103 75 74
f 103 74 102
f 100 72 76
f 100 76 104
f 104 76 75
f 104 75 103
f 78 105 77
f 78 106 105
f 79 106 78
f 79 107 106
f 80 107 79
f 80 108 107
f 109 77 105
f 109 82 77
f 108 80 84
f 108 84 111
f 84 83 110
f 84 110 111
f 112 82 109
f 112 87 82
f 88 87 112
f 88 112 113
f 114 110 83
f 114 83 89
f 89 88 113
f 89 113 114
f 116 94 95
f 116 115 94
f 117 95 96
f 117 116 95
f 118 96 97
f 118 117 96
f 115 99 94
f 115 119 99
f 118 97 101
f 118 101 121
f 101 100 120
f 101 120 121
f 119 102 99
f 119 122 102
f 123 103 102
f 123 102 122
f 120 100 104
f 120 104 124
f 124 104 103
f 124 103 123
f 126 105 106
f 126 125 105
f 107 126 106
f 107 127 126
f 128 107 108
f 128 127 107
f 129 105 125
f 129 109 105
f 131 128 108
f 131 108 111
f 131 111 110
f 131 110 130
f 130 127 128
f 130 128 131
f 129 112 109
f 129 132 112
f 113 112 132
f 113 132 133
f 134 130 110
f 134 110 114
f 134 114 113
f 134 113 133
f 136 115 116
f 136 135 115
f 137 116 117
f 137 136 116
f 118 137 117
f 118 138 137
f 139 115 135
f 139 119 115
f 138 118 121
f 138 121 141
f 121 120 140
f 121 140 141
f 142 119 139
f 142 122 119
f 143 123 122
f 143 122 142
f 144 140 120
f 144 120 124
f 124 123 143
f 124 143 144
f 146 125 126
f 146 145 125
f 147 126 127
f 147 146 126
f 145 129 125
f 145 149 129
f 150 147 127
f 150 127 130
f 149 132 129
f 149 152 132
f 152 148 151
f 152 149 148
f 153 133 132
f 153 132 152
f 150 130 134
f 150 134 154
f 154 134 133
f 154 133 153
f 160 151 159
f 160 152 151
f 136 161 135
f 136 162 161
f 137 162 136
f 137 163 162
f 163 155 162
f 163 156 155
f 138 163 137
f 138 164 163
f 165 157 164
f 165 158 157
f 166 135 161
f 166 139 135
f 168 164 138
f 168 138 141
f 141 140 167
f 141 167 168
f 169 139 166
f 169 142 139
f 143 142 169
f 143 169 170
f 171 167 140
f 171 140 144
f 144 143 170
f 144 170 171
f 173 145 146
f 173 172 145
f 174 146 147
f 174 173 146
f 176 145 172
f 176 149 145
f 176 148 149
f 176 175 148
f 174 147 150
f 174 150 177
f 175 151 148
f 175 180 151
f 153 152 181
f 153 181 182
f 177 150 154
f 177 154 183
f 183 154 153
f 183 153 182
f 156 184 155
f 156 185 184
f 187 157 158
f 187 186 157
f 187 178 186
f 187 179 178
f 180 159 151
f 180 188 159
f 188 179 187
f 188 180 179
f 181 152 160
f 181 160 189
f 189 160 159
f 189 159 188
f 190 181 189
f 190 182 181
f 192 155 184
f 192 162 155
f 162 191 161
f 162 192 191
f 193 185 156
f 193 156 163
f 194 157 186
f 194 164 157
f 164 193 163
f 164 194 193
f 193 186 185
f 193 194 186
f 195 187 158
f 195 158 165
f 165 164 194
f 165 194 195
f 196 187 195
f 196 188 187
f 191 166 161
f 191 197 166
f 198 197 191
f 198 191 192
f 200 194 164
f 200 164 168
f 168 167 199
f 168 199 200
f 201 166 197
f 201 169 166
f 170 169 201
f 170 201 202
f 201 197 198
f 201 198 202
f 199 167 171
f 199 171 203
f 171 170 202
f 171 202 203
f 205 172 173
f 205 204 172
f 206 173 174
f 206 205 173
f 209 172 204
f 209 176 172
f 209 175 176
f 209 208 175
f 206 174 177
f 206 177 211
f 211 210 205
f 211 205 206
f 179 212 178
f 179 213 212
f 214 175 208
f 214 180 175
f 214 179 180
f 214 213 179
f 214 207 213
f 214 208 207
f 211 177 183
f 211 183 216
f 216 183 182
f 216 182 215
f 216 215 210
f 216 210 211
f 185 217 184
f 185 218 217
f 219 178 212
f 219 186 178
f 219 185 186
f 219 218 185
f 189 188 220
f 189 220 221
f 215 182 190
f 215 190 222
f 190 189 221
f 190 221 222
f 217 192 184
f 217 223 192
f 224 223 217
f 224 217 218
f 195 194 225
f 195 225 226
f 220 188 196
f 220 196 227
f 196 195 226
f 196 226 227
f 223 198 192
f 223 228 198
f 225 194 200
f 225 200 230
f 230 200 199
f 230 199 229
f 231 198 228
f 231 202 198
f 232 229 199
f 232 199 203
f 203 202 231
f 203 231 232
f 232 231 228
f 232 228 229
f 234 204 205
f 234 233 204
f 236 207 208
f 236 235 207
f 233 209 204
f 233 237 209
f 237 208 209
f 237 236 208
f 238 234 205
f 238 205 210
f 238 237 233
f 238 233 234
f 235 213 207
f 235 240 213
f 213 239 212
f 213 240 239
f 241 240 235
f 241 235 236
f 242 241 236
f 242 236 237
f 238 210 215
f 238 215 243
f 243 242 237
f 243 237 238
f 239 219 212
f 239 245 219
f 219 244 218
f 219 245 244
f 246 245 239
f 246 239 240
f 248 221 220
f 248 220 247
f 248 247 241
f 248 241 242
f 243 215 222
f 243 222 249
f 249 222 221
f 249 221 248
f 249 248 242
f 249 242 243
f 244 224 218
f 244 251 224
f 224 250 223
f 224 251 250
f 252 251 244
f 252 244 245
f 253 226 225
f 253 225 252
f 254 247 220
f 254 220 227
f 254 227 226
f 254 226 253
f 254 253 246
f 254 246 247
f 250 228 223
f 250 255 228
f 229 228 255
f 229 255 256
f 256 255 250
f 256 250 251
f 257 252 225
f 257 225 230
f 230 229 256
f 230 256 257
f 257 256 251
f 257 251 252
f 241 258 240
f 241 259 258
f 258 246 240
f 258 262 246
f 262 245 246
f 262 261 245
f 263 259 241
f 263 241 247
f 263 247 246
f 263 246 262
f 263 262 258
f 263 258 259
f 265 245 261
f 265 252 245
f 265 260 264
f 265 261 260
f 266 262 246
f 266 246 253
f 266 253 252
f 266 252 265
f 266 265 261
f 266 261 262
f 268 260 261
f 268 267 260
f 267 264 260
f 267 271 264
f 268 261 265
f 268 265 272
f 272 265 264
f 272 264 271
f 271 267 268
f 271 268 272
f 272 269 268
f 272 273 269
f 274 269 273
f 274 270 269
f 269 277 268
f 269 278 277
f 278 275 277
f 278 276 275
f 279 269 270
f 279 278 269
f 280 268 277
f 280 272 268
f 273 272 280
f 273 280 281
f 282 279 270
f 282 270 274
f 274 273 281
f 274 281 282
f 276 283 275
f 276 284 283
f 286 275 283
f 286 277 275
f 287 284 276
f 287 276 278
f 279 287 278
f 279 288 287
f 287 285 284
f 287 288 285
f 289 277 286
f 289 280 277
f 281 280 289
f 281 289 290
f 290 289 286
f 290 286 287
f 291 288 279
f 291 279 282
f 291 282 281
f 291 281 290
f 291 290 287
f 291 287 288
f 284 292 283
f 284 293 292
f 285 293 284
f 285 294 293
f 296 283 292
f 296 286 283
f 287 286 296
f 287 296 297
f 296 292 293
f 296 293 297
f 298 294 285
f 298 285 288
f 288 287 297
f 288 297 298
f 299 294 298
f 299 295 294
f 294 300 293
f 294 301 300
f 295 301 294
f 295 302 301
f 303 293 300
f 303 297 293
f 298 297 303
f 298 303 304
f 302 295 299
f 302 299 305
f 299 298 304
f 299 304 305
f 308 300 301
f 308 307 300
f 302 308 301
f 302 309 308
f 307 303 300
f 307 311 303
f 310 307 306
f 310 311 307
f 312 304 303
f 312 303 311
f 309 302 305
f 309 305 313
f 313 305 304
f 313 304 312
f 314 312 311
f 314 315 312
f 317 306 307
f 317 316 306
f 318 307 308
f 318 317 307
f 309 318 308
f 309 319 318
f 316 310 306
f 316 321 310
f 322 311 310
f 322 310 321
f 324 319 309
f 324 309 313
f 313 312 323
f 313 323 324
f 325 319 324
f 325 320 319
f 322 314 311
f 322 326 314
f 323 312 315
f 323 315 327
f 315 314 326
f 315 326 327
f 326 322 323
f 326 323 327
f 317 328 316
f 317 329 328
f 318 329 317
f 318 330 329
f 331 318 319
f 331 330 318
f 320 331 319
f 320 332 331
f 328 321 316
f 328 333 321
f 334 322 321
f 334 321 333
f 323 322 334
f 323 334 335
f 324 323 335
f 324 335 336
f 332 320 325
f 332 325 337
f 325 324 336
f 325 336 337
f 337 336 331
f 337 331 332
f 339 333 338
f 339 334 333
f 329 340 328
f 329 341 340
f 342 329 330
f 342 341 329
f 343 330 331
f 343 342 330
f 340 333 328
f 340 345 333
f 346 345 340
f 346 340 341
f 347 335 334
f 347 334 346
f 347 346 341
f 347 341 342
f 343 331 336
f 343 336 348
f 348 336 335
f 348 335 347
f 348 347 342
f 348 342 343
f 345 338 333
f 345 350 338
f 350 344 349
f 350 345 344
f 346 334 339
f 346 339 351
f 351 339 338
f 351 338 350
f 353 344 345
f 353 352 344
f 354 345 346
f 354 353 345
f 352 349 344
f 352 355 349
f 356 350 349
f 356 349 355
f 354 346 351
f 354 351 357
f 357 351 350
f 357 350 356
f 359 355 358
f 359 356 355
f 361 352 353
f 361 360 352
f 362 353 354
f 362 361 353
f 363 352 360
f 363 355 352
f 365 362 354
f 365 354 357
f 365 357 356
f 365 356 364
f 365 364 361
f 365 361 362
f 366 355 363
f 366 358 355
f 367 364 356
f 367 356 359
f 359 358 366
f 359 366 367
f 367 366 363
f 367 363 364
f 369 360 361
f 369 368 360
f 371 360 368
f 371 363 360
f 372 369 361
f 372 361 364
f 372 364 363
f 372 363 371
f 372 370 369
f 372 373 370
f 369 374 368
f 369 375 374
f 370 375 369
f 370 376 375
f 374 371 368
f 374 378 371
f 372 371 378
f 372 378 379
f 379 378 374
f 379 374 375
f 380 376 370
f 380 370 373
f 373 372 379
f 373 379 380
f 381 376 380
f 381 377 376
f 376 385 375
f 376 386 385
f 386 382 385
f 386 383 382
f 377 386 376
f 377 387 386
f 387 383 386
f 387 384 383
f 388 375 385
f 388 379 375
f 380 379 388
f 380 388 389
f 388 385 386
f 388 386 389
f 390 387 377
f 390 377 381
f 381 380 389
f 381 389 390
f 390 389 386
f 390 386 387
f 383 391 382
f 383 392 391
f 384 392 383
f 384 393 392
f 394 382 391
f 394 385 382
f 386 385 394
f 386 394 395
f 394 391 392
f 394 392 395
f 396 393 384
f 396 384 387
f 387 386 395
f 387 395 396
f 393 397 392
f 393 398 397
f 400 392 397
f 400 395 392
f 401 398 393
f 401 393 396
f 396 395 400
f 396 400 401
f 402 398 401
f 402 399 398
f 404 397 398
f 404 403 397
f 399 404 398
f 399 405 404
f 403 400 397
f 403 406 400
f 401 400 406
f 401 406 407
f 405 399 402
f 405 402 408
f 402 401 407
f 402 407 408
f 410 407 409
f 410 408 407
f 415 403 404
f 415 414 403
f 405 415 404
f 405 416 415
f 415 412 411
f 415 416 412
f 418 403 414
f 418 406 403
f 417 414 413
f 417 418 414
f 419 407 406
f 419 406 418
f 420 416 405
f 420 405 408
f 419 409 407
f 419 421 409
f 420 408 410
f 420 410 422
f 410 409 421
f 410 421 422
f 422 421 419
f 422 419 420
f 412 423 411
f 412 424 423
f 426 413 414
f 426 425 413
f 423 415 411
f 423 427 415
f 415 426 414
f 415 427 426
f 424 412 416
f 424 416 428
f 427 423 424
f 427 424 428
f 425 417 413
f 425 429 417
f 430 418 417
f 430 417 429
f 431 419 418
f 431 418 430
f 432 428 416
f 432 416 420
f 420 419 431
f 420 431 432
f 426 433 425
f 426 434 433
f 435 426 427
f 435 434 426
f 436 427 428
f 436 435 427
f 433 429 425
f 433 438 429
f 439 430 429
f 439 429 438
f 439 438 433
f 439 433 434
f 440 431 430
f 440 430 439
f 436 428 432
f 436 432 441
f 441 432 431
f 441 431 440
f 441 440 435
f 441 435 436
f 443 437 442
f 443 438 437
f 444 438 443
f 444 439 438
f 445 439 444
f 445 440 439
f 447 434 435
f 447 446 434
f 449 437 438
f 449 448 437
f 446 439 434
f 446 450 439
f 450 438 439
f 450 449 438
f 447 435 440
f 447 440 451
f 451 450 446
f 451 446 447
f 448 442 437
f 448 452 442
f 453 443 442
f 453 442 452
f 454 444 443
f 454 443 453
f 451 440 445
f 451 445 455
f 455 445 444
f 455 444 454
f 455 454 450
f 455 450 451
f 456 453 452
f 456 457 453
f 459 448 449
f 459 458 448
f 460 449 450
f 460 459 449
f 458 452 448
f 458 461 452
f 460 450 454
f 460 454 463
f 463 454 453
f 463 453 462
f 463 462 459
f 463 459 460
f 461 456 452
f 461 464 456
f 465 462 453
f 465 453 457
f 457 456 464
f 457 464 465
f 465 464 461
f 465 461 462
f 459 466 458
f 459 467 466
f 469 458 466
f 469 461 458
f 470 467 459
f 470 459 462
f 462 461 469
f 462 469 470
f 471 467 470
f 471 468 467
f 467 472 466
f 467 473 472
f 468 473 467
f 468 474 473
f 476 466 472
f 476 469 466
f 470 469 476
f 470 476 477
f 476 472 473
f 476 473 477
f 478 474 468
f 478 468 471
f 471 470 477
f 471 477 478
f 479 474 478
f 479 475 474
f 474 483 473
f 474 484 483
f 484 480 483
f 484 481 480
f 475 484 474
f 475 485 484
f 484 482 481
f 484 485 482
f 486 473 483
f 486 477 473
f 478 477 486
f 478 486 487
f 488 485 475
f 488 475 479
f 479 478 487
f 479 487 488
f 481 489 480
f 481 490 489
f 482 490 481
f 482 491 490
f 492 480 489
f 492 483 480
f 492 489 490
f 492 490 493
f 494 491 482
f 494 482 485
f 495 483 492
f 495 486 483
f 487 486 495
f 487 495 496
f 496 495 492
f 496 492 493
f 497 494 485
f 497 485 488
f 497 488 487
f 497 487 496
f 496 493 494
f 496 494 497
f 491 498 490
f 491 499 498
f 498 493 490
f 498 501 493
f 502 499 491
f 502 491 494
f 494 493 501
f 494 501 502
f 503 499 502
f 503 500 499
f 499 504 498
f 499 505 504
f 500 505 499
f 500 506 505
f 504 501 498
f 504 507 501
f 502 501 507
f 502 507 508
f 506 500 503
f 506 503 509
f 509 503 502
f 509 502 508
f 511 507 510
f 511 508 507
f 514 504 505
f 514 513 504
f 506 514 505
f 506 515 514
f 517 504 513
f 517 507 504
f 516 513 512
f 516 517 513
f 515 506 509
f 515 509 519
f 519 509 508
f 519 508 518
f 520 507 517
f 520 510 507
f 518 508 511
f 518 511 521
f 511 510 520
f 511 520 521
f 520 517 518
f 520 518 521
f 522 518 521
f 522 519 518
f 524 512 513
f 524 523 512
f 525 513 514
f 525 524 513
f 515 525 514
f 515 526 525
f 523 516 512
f 523 527 516
f 528 517 516
f 528 516 527
f 529 518 517
f 529 517 528
f 530 526 515
f 530 515 519
f 531 518 529
f 531 521 518
f 532 530 519
f 532 519 522
f 522 521 531
f 522 531 532
f 532 531 529
f 532 529 530
f 534 523 524
f 534 533 523
f 535 524 525
f 535 534 524
f 536 525 526
f 536 535 525
f 533 527 523
f 533 538 527
f 539 528 527
f 539 527 538
f 529 528 539
f 529 539 540
f 541 536 526
f 541 526 530
f 541 530 529
f 541 529 540
f 543 537 542
f 543 538 537
f 544 538 543
f 544 539 538
f 545 539 544
f 545 540 539
f 534 546 533
f 534 547 546
f 548 534 535
f 548 547 534
f 549 535 536
f 549 548 535
f 546 538 533
f 546 551 538
f 551 537 538
f 551 550 537
f 552 551 546
f 552 546 547
f 553 552 547
f 553 547 548
f 554 549 536
f 554 536 541
f 554 541 540
f 554 540 553
f 554 553 548
f 554 548 549
f 550 542 537
f 550 555 542
f 543 542 555
f 543 555 556
f 557 544 543
f 557 543 556
f 553 540 545
f 553 545 558
f 558 545 544
f 558 544 557
f 558 557 552
f 558 552 553
f 559 556 555
f 559 560 556
f 562 550 551
f 562 561 550
f 563 551 552
f 563 562 551
f 561 555 550
f 561 564 555
f 563 552 557
f 563 557 566
f 566 557 556
f 566 556 565
f 566 565 562
f 566 562 563
f 564 559 555
f 564 567 559
f 565 556 560
f 565 560 568
f 560 559 567
f 560 567 568
f 568 567 564
f 568 564 565
f 570 561 562
f 570 569 561
f 571 561 569
f 571 564 561
f 572 570 562
f 572 562 565
f 572 565 564
f 572 564 571
f 570 573 569
f 570 574 573
f 577 569 573
f 577 571 569
f 578 574 570
f 578 570 572
f 572 571 577
f 572 577 578
f 577 573 574
f 577 574 578
f 578 575 574
f 578 579 575
f 580 575 579
f 580 576 575
f 575 583 574
f 575 584 583
f 584 581 583
f 584 582 581
f 585 575 576
f 585 584 575
f 586 574 583
f 586 578 574
f 579 578 586
f 579 586 587
f 588 585 576
f 588 576 580
f 580 579 587
f 580 587 588
f 582 589 581
f 582 590 589
f 592 581 589
f 592 583 581
f 593 590 582
f 593 582 584
f 585 593 584
f 585 594 593
f 593 591 590
f 593 594 591
f 595 583 592
f 595 586 583
f 587 586 595
f 587 595 596
f 596 595 592
f 596 592 593
f 597 594 585
f 597 585 588
f 597 588 587
f 597 587 596
f 597 596 593
f 597 593 594
f 590 598 589
f 590 599 598
f 591 599 590
f 591 600 599
f 602 589 598
f 602 592 589
f 593 592 602
f 593 602 603
f 602 598 599
f 602 599 603
f 604 600 591
f 604 591 594
f 594 593 603
f 594 603 604
f 605 600 604
f 605 601 600
f 600 606 599
f 600 607 606
f 601 607 600
f 601 608 607
f 609 599 606
f 609 603 599
f 604 603 609
f 604 609 610
f 608 601 605
f 608 605 611
f 605 604 610
f 605 610 611
f 614 606 607
f 614 613 606
f 608 614 607
f 608 615 614
f 613 609 606
f 613 617 609
f 616 613 612
f 616 617 613
f 618 610 609
f 618 609 617
f 615 608 611
f 615 611 619
f 619 611 610
f 619 610 618
f 620 618 617
f 620 621 618
f 623 612 613
f 623 622 612
f 624 613 614
f 624 623 613
f 615 624 614
f 615 625 624
f 622 616 612
f 622 627 616
f 628 617 616
f 628 616 627
f 630 625 615
f 630 615 619
f 619 618 629
f 619 629 630
f 631 625 630
f 631 626 625
f 628 620 617
f 628 632 620
f 629 618 621
f 629 621 633
f 621 620 632
f 621 632 633
f 632 628 629
f 632 629 633
f 623 634 622
f 623 635 634
f 624 635 623
f 624 636 635
f 625 636 624
f 625 637 636
f 626 637 625
f 626 638 637
f 634 627 622
f 634 639 627
f 640 628 627
f 640 627 639
f 629 628 640
f 629 640 641
f 630 629 641
f 630 641 642
f 638 626 631
f 638 631 643
f 631 630 642
f 631 642 643
f 643 642 637
f 643 637 638
f 645 639 644
f 645 640 639
f 635 646 634
f 635 647 646
f 648 635 636
f 648 647 635
f 649 636 637
f 649 648 636
f 646 639 634
f 646 651 639
f 652 651 646
f 652 646 647
f 653 641 640
f 653 640 652
f 653 652 647
f 653 647 648
f 649 637 642
f 649 642 654
f 654 642 641
f 654 641 653
f 654 653 648
f 654 648 649
f 651 644 639
f 651 656 644
f 656 650 655
f 656 651 650
f 652 640 645
f 652 645 657
f 657 645 644
f 657 644 656
f 659 650 651
f 659 658 650
f 660 651 652
f 660 659 651
f 658 655 650
f 658 661 655
f 662 656 655
f 662 655 661
f 660 652 657
f 660 657 663
f 663 657 656
f 663 656 662
f 664 662 661
f 664 665 662
f 667 658 659
f 667 666 658
f 668 659 660
f 668 667 659
f 669 658 666
f 669 661 658
f 671 668 660
f 671 660 663
f 671 663 662
f 671 662 670
f 671 670 667
f 671 667 668
f 672 661 669
f 672 664 661
f 673 670 662
f 673 662 665
f 665 664 672
f 665 672 673
f 673 672 669
f 673 669 670
f 675 666 667
f 675 674 666
f 677 666 674
f 677 669 666
f 678 675 667
f 678 667 670
f 678 670 669
f 678 669 677
f 678 676 675
f 678 679 676
f 675 680 674
f 675 681 680
f 676 681 675
f 676 682 681
f 680 677 674
f 680 684 677
f 678 677 684
f 678 684 685
f 684 680 681
f 684 681 685
f 686 682 676
f 686 676 679
f 679 678 685
f 679 685 686
f 687 682 686
f 687 683 682
f 682 691 681
f 682 692 691
f 692 688 691
f 692 689 688
f 683 692 682
f 683 693 692
f 693 689 692
f 693 690 689
f 694 681 691
f 694 685 681
f 686 685 694
f 686 694 695
f 694 691 692
f 694 692 695
f 696 693 683
f 696 683 687
f 687 686 695
f 687 695 696
f 696 695 692
f 696 692 693
f 689 697 688
f 689 698 697
f 690 698 689
f 690 699 698
f 700 688 697
f 700 691 688
f 692 691 700
f 692 700 701
f 700 697 698
f 700 698 701
f 702 699 690
f 702 690 693
f 693 692 701
f 693 701 702
f 699 703 698
f 699 704 703
f 706 698 703
f 706 701 698
f 707 704 699
f 707 699 702
f 702 701 706
f 702 706 707
f 708 704 707
f 708 705 704
f 710 703 704
f 710 709 703
f 705 710 704
f 705 711 710
f 709 706 703
f 709 712 706
f 707 706 712
f 707 712 713
f 711 705 708
f 711 708 714
f 708 707 713
f 708 713 714
f 716 713 715
f 716 714 713
f 721 709 710
f 721 720 709
f 711 721 710
f 711 722 721
f 721 718 717
f 721 722 718
f 724 709 720
f 724 712 709
f 723 720 719
f 723 724 720
f 725 713 712
f 725 712 724
f 726 722 711
f 726 711 714
f 725 715 713
f 725 727 715
f 726 714 716
f 726 716 728
f 716 715 727
f 716 727 728
f 728 727 725
f 728 725 726
f 718 729 717
f 718 730 729
f 732 719 720
f 732 731 719
f 729 721 717
f 729 733 721
f 721 732 720
f 721 733 732
f 730 718 722
f 730 722 734
f 733 729 730
f 733 730 734
f 731 723 719
f 731 735 723
f 736 724 723
f 736 723 735
f 737 725 724
f 737 724 736
f 738 734 722
f 738 722 726
f 726 725 737
f 726 737 738
f 732 739 731
f 732 740 739
f 741 732 733
f 741 740 732
f 742 733 734
f 742 741 733
f 739 735 731
f 739 744 735
f 745 736 735
f 745 735 744
f 745 744 739
f 745 739 740
f 746 737 736
f 746 736 745
f 742 734 738
f 742 738 747
f 747 738 737
f 747 737 746
f 747 746 741
f 747 741 742
f 749 743 748
f 749 744 743
f 750 744 749
f 750 745 744
f 751 745 750
f 751 746 745
f 753 740 741
f 753 752 740
f 755 743 744
f 755 754 743
f 752 745 740
f 752 756 745
f 756 744 745
f 756 755 744
f 753 741 746
f 753 746 757
f 757 756 752
f 757 752 753
f 754 748 743
f 754 758 748
f 759 749 748
f 759 748 758
f 760 750 749
f 760 749 759
f 757 746 751
f 757 751 761
f 761 751 750
f 761 750 760
f 761 760 756
f 761 756 757
f 762 759 758
f 762 763 759
f 765 754 755
f 765 764 754
f 766 755 756
f 766 765 755
f 764 758 754
f 764 767 758
f 766 756 760
f 766 760 769
f 769 760 759
f 769 759 768
f 769 768 765
f 769 765 766
f 767 762 758
f 767 770 762
f 771 768 759
f 771 759 763
f 763 762 770
f 763 770 771
f 771 770 767
f 771 767 768
f 765 772 764
f 765 773 772
f 775 764 772
f 775 767 764
f 776 773 765
f 776 765 768
f 768 767 775
f 768 775 776
f 777 773 776
f 777 774 773
f 773 778 772
f 773 779 778
f 774 779 773
f 774 780 779
f 782 772 778
f 782 775 772
f 776 775 782
f 776 782 783
f 782 778 779
f 782 779 783
f 784 780 774
f 784 774 777
f 777 776 783
f 777 783 784
f 785 780 784
f 785 781 780
f 780 789 779
f 780 790 789
f 790 786 789
f 790 787 786
f 781 790 780
f 781 791 790
f 790 788 787
f 790 791 788
f 792 779 789
f 792 783 779
f 784 783 792
f 784 792 793
f 794 791 781
f 794 781 785
f 785 784 793
f 785 793 794
f 787 795 786
f 787 796 795
f 788 796 787
f 788 797 796
f 798 786 795
f 798 789 786
f 798 795 796
f 798 796 799
f 800 797 788
f 800 788 791
f 801 789 798
f 801 792 789
f 793 792 801
f 793 801 802
f 802 801 798
f 802 798 799
f 803 800 791
f 803 791 794
f 803 794 793
f 803 793 802
f 802 799 800
f 802 800 803
f 797 804 796
f 797 805 804
f 804 799 796
f 804 807 799
f 808 805 797
f 808 797 800
f 800 799 807
f 800 807 808
f 809 805 808
f 809 806 805
f 805 810 804
f 805 811 810
f 806 811 805
f 806 812 811
f 810 807 804
f 810 813 807
f 808 807 813
f 808 813 814
f 812 806 809
f 812 809 815
f 815 809 808
f 815 808 814
f 817 813 816
f 817 814 813
f 820 810 811
f 820 819 810
f 812 820 811
f 812 821 820
f 823 810 819
f 823 813 810
f 822 819 818
f 822 823 819
f 821 812 815
f 821 815 825
f 825 815 814
f 825 814 824
f 826 813 823
f 826 816 813
f 824 814 817
f 824 817 827
f 817 816 826
f 817 826 827
f 826 823 824
f 826 824 827
f 828 824 827
f 828 825 824
f 830 818 819
f 830 829 818
f 831 819 820
f 831 830 819
f 821 831 820
f 821 832 831
f 829 822 818
f 829 833 822
f 834 823 822
f 834 822 833
f 835 824 823
f 835 823 834
f 836 832 821
f 836 821 825
f 837 824 835
f 837 827 824
f 838 836 825
f 838 825 828
f 828 827 837
f 828 837 838
f 838 837 835
f 838 835 836
f 840 829 830
f 840 839 829
f 841 830 831
f 841 840 830
f 842 831 832
f 842 841 831
f 839 833 829
f 839 843 833
f 844 834 833
f 844 833 843
f 835 834 844
f 835 844 845
f 846 842 832
f 846 832 836
f 846 836 835
f 846 835 845
f 848 843 847
f 848 844 843
f 849 844 848
f 849 845 844
f 840 850 839
f 840 851 850
f 852 840 841
f 852 851 840
f 853 841 842
f 853 852 841
f 850 843 839
f 850 855 843
f 856 855 850
f 856 850 851
f 857 856 851
f 857 851 852
f 858 853 842
f 858 842 846
f 858 846 845
f 858 845 857
f 858 857 852
f 858 852 853
f 855 847 843
f 855 860 847
f 860 854 859
f 860 855 854
f 861 848 847
f 861 847 860
f 857 845 849
f 857 849 862
f 862 849 848
f 862 848 861
f 862 861 856
f 862 856 857
f 864 859 863
f 864 860 859
f 866 854 855
f 866 865 854
f 867 855 856
f 867 866 855
f 865 859 854
f 865 868 859
f 867 856 861
f 867 861 870
f 870 861 860
f 870 860 869
f 870 869 866
f 870 866 867
f 871 859 868
f 871 863 859
f 869 860 864
f 869 864 872
f 864 863 871
f 864 871 872
f 872 871 868
f 872 868 869
f 874 865 866
f 874 873 865
f 875 865 873
f 875 868 865
f 876 874 866
f 876 866 869
f 876 869 868
f 876 868 875
f 874 877 873
f 874 878 877
f 881 873 877
f 881 875 873
f 882 878 874
f 882 874 876
f 876 875 881
f 876 881 882
f 881 877 878
f 881 878 882
f 882 879 878
f 882 883 879
f 884 879 883
f 884 880 879
f 879 887 878
f 879 888 887
f 888 885 887
f 888 886 885
f 889 879 880
f 889 888 879
f 890 878 887
f 890 882 878
f 883 882 890
f 883 890 891
f 892 889 880
f 892 880 884
f 884 883 891
f 884 891 892
f 886 893 885
f 886 894 893
f 896 885 893
f 896 887 885
f 897 894 886
f 897 886 888
f 889 897 888
f 889 898 897
f 897 895 894
f 897 898 895
f 899 887 896
f 899 890 887
f 891 890 899
f 891 899 900
f 900 899 896
f 900 896 897
f 901 898 889
f 901 889 892
f 901 892 891
f 901 891 900
f 901 900 897
f 901 897 898
f 894 902 893
f 894 903 902
f 895 903 894
f 895 904 903
f 906 893 902
f 906 896 893
f 897 896 906
f 897 906 907
f 906 902 903
f 906 903 907
f 908 904 895
f 908 895 898
f 898 897 907
f 898 907 908
f 909 904 908
f 909 905 904
f 904 910 903
f 904 911 910
f 905 911 904
f 905 912 911
f 913 903 910
f 913 907 903
f 908 907 913
f 908 913 914
f 912 905 909
f 912 909 915
f 909 908 914
f 909 914 915
f 918 910 911
f 918 917 910
f 912 918 911
f 912 919 918
f 917 913 910
f 917 921 913
f 920 917 916
f 920 921 917
f 922 914 913
f 922 913 921
f 919 912 915
f 919 915 923
f 923 915 914
f 923 914 922
f 924 922 921
f 924 925 922
f 929 916 917
f 929 928 916
f 918 929 917
f 918 930 929
f 919 930 918
f 919 931 930
f 930 927 926
f 930 931 927
f 928 920 916
f 928 932 920
f 933 921 920
f 933 920 932
f 935 931 919
f 935 919 923
f 923 922 934
f 923 934 935
f 933 924 921
f 933 936 924
f 934 922 925
f 934 925 937
f 925 924 936
f 925 936 937
f 936 933 934
f 936 934 937
f 927 938 926
f 927 939 938
f 929 940 928
f 929 941 940
f 942 926 938
f 942 930 926
f 930 941 929
f 930 942 941
f 939 927 931
f 939 931 943
f 942 938 939
f 942 939 943
f 940 932 928
f 940 944 932
f 945 933 932
f 945 932 944
f 934 933 945
f 934 945 946
f 943 931 935
f 943 935 947
f 935 934 946
f 935 946 947
f 949 944 948
f 949 945 944
f 941 950 940
f 941 951 950
f 952 941 942
f 952 951 941
f 953 942 943
f 953 952 942
f 950 944 940
f 950 955 944
f 956 955 950
f 956 950 951
f 957 946 945
f 957 945 956
f 956 951 952
f 956 952 957
f 953 943 947
f 953 947 958
f 958 947 946
f 958 946 957
f 958 957 952
f 958 952 953
f 955 948 944
f 955 960 948
f 960 954 959
f 960 955 954
f 956 945 949
f 956 949 961
f 961 949 948
f 961 948 960
f 962 956 961
f 962 957 956
f 964 954 955
f 964 963 954
f 965 955 956
f 965 964 955
f 966 956 957
f 966 965 956
f 963 959 954
f 963 967 959
f 968 960 959
f 968 959 967
f 969 961 960
f 969 960 968
f 966 957 962
f 966 962 970
f 970 962 961
f 970 961 969
f 970 969 965
f 970 965 966
f 971 968 967
f 971 972 968
f 974 963 964
f 974 973 963
f 975 964 965
f 975 974 964
f 976 963 973
f 976 967 963
f 975 965 969
f 975 969 978
f 978 969 968
f 978 968 977
f 977 974 975
f 977 975 978
f 979 967 976
f 979 971 967
f 980 977 968
f 980 968 972
f 972 971 979
f 972 979 980
f 979 976 977
f 979 977 980
f 982 973 974
f 982 981 973
f 984 973 981
f 984 976 973
f 985 982 974
f 985 974 977
f 985 977 976
f 985 976 984
f 985 983 982
f 985 986 983
f 982 987 981
f 982 988 987
f 983 988 982
f 983 989 988
f 987 984 981
f 987 991 984
f 985 984 991
f 985 991 992
f 991 987 988
f 991 988 992
f 993 989 983
f 993 983 986
f 986 985 992
f 986 992 993
f 994 989 993
f 994 990 989
f 989 998 988
f 989 999 998
f 998 996 995
f 998 999 996
f 990 999 989
f 990 1000 999
f 999 997 996
f 999 1000 997
f 1001 988 998
f 1001 992 988
f 993 992 1001
f 993 1001 1002
f 1003 1000 990
f 1003 990 994
f 1003 994 993
f 1003 993 1002
f 1003 1002 999
f 1003 999 1000
f 996 1004 995
f 996 1005 1004
f 997 1005 996
f 997 1006 1005
f 1007 995 1004
f 1007 998 995
f 1008 1007 1004
f 1008 1004 1005
f 1009 1006 997
f 1009 997 1000
f 1000 999 1008
f 1000 1008 1009
f 1010 998 1007
f 1010 1001 998
f 1011 1008 999
f 1011 999 1002
f 1011 1002 1001
f 1011 1001 1010
f 1011 1010 1007
f 1011 1007 1008
f 1006 1012 1005
f 1006 1013 1012
f 1015 1005 1012
f 1015 1008 1005
f 1016 1013 1006
f 1016 1006 1009
f 1009 1008 1015
f 1009 1015 1016
f 1017 1013 1016
f 1017 1014 1013
f 1019 1012 1013
f 1019 1018 1012
f 1014 1019 1013
f 1014 1020 1019
f 1018 1015 1012
f 1018 1021 1015
f 1022 1016 1015
f 1022 1015 1021
f 1020 1014 1017
f 1020 1017 1023
f 1017 1016 1022
f 1017 1022 1023
f 1028 1018 1019
f 1028 1027 1018
f 1029 1019 1020
f 1029 1028 1019
f 1028 1025 1024
f 1028 1029 1025
f 1031 1018 1027
f 1031 1021 1018
f 1030 1027 1026
f 1030 1031 1027
f 1032 1022 1021
f 1032 1021 1031
f 1033 1029 1020
f 1033 1020 1023
f 1023 1022 1032
f 1023 1032 1033
f 1025 1034 1024
f 1025 1035 1034
f 1037 1026 1027
f 1037 1036 1026
f 1034 1028 1024
f 1034 1038 1028
f 1028 1037 1027
f 1028 1038 1037
f 1035 1025 1029
f 1035 1029 1039
f 1038 1034 1035
f 1038 1035 1039
f 1036 1030 1026
f 1036 1040 1030
f 1041 1031 1030
f 1041 1030 1040
f 1032 1031 1041
f 1032 1041 1042
f 1043 1039 1029
f 1043 1029 1033
f 1033 1032 1042
f 1033 1042 1043
f 1037 1044 1036
f 1037 1045 1044
f 1046 1037 1038
f 1046 1045 1037
f 1047 1038 1039
f 1047 1046 1038
f 1044 1040 1036
f 1044 1049 1040
f 1050 1041 1040
f 1050 1040 1049
f 1050 1049 1044
f 1050 1044 1045
f 1051 1042 1041
f 1051 1041 1050
f 1047 1039 1043
f 1047 1043 1052
f 1052 1043 1042
f 1052 1042 1051
f 1052 1051 1046
f 1052 1046 1047
f 1054 1048 1053
f 1054 1049 1048
f 1055 1049 1054
f 1055 1050 1049
f 1056 1050 1055
f 1056 1051 1050
f 1058 1045 1046
f 1058 1057 1045
f 1060 1048 1049
f 1060 1059 1048
f 1057 1050 1045
f 1057 1061 1050
f 1061 1049 1050
f 1061 1060 1049
f 1058 1046 1051
f 1058 1051 1062
f 1062 1061 1057
f 1062 1057 1058
f 1059 1053 1048
f 1059 1063 1053
f 1064 1054 1053
f 1064 1053 1063
f 1065 1055 1054
f 1065 1054 1064
f 1062 1051 1056
f 1062 1056 1066
f 1066 1056 1055
f 1066 1055 1065
f 1066 1065 1061
f 1066 1061 1062
f 1067 1064 1063
f 1067 1068 1064
f 1070 1059 1060
f 1070 1069 1059
f 1071 1060 1061
f 1071 1070 1060
f 1069 1063 1059
f 1069 1072 1063
f 1071 1061 1065
f 1071 1065 1074
f 1074 1065 1064
f 1074 1064 1073
f 1074 1073 1070
f 1074 1070 1071
f 1072 1067 1063
f 1072 1075 1067
f 1076 1073 1064
f 1076 1064 1068
f 1068 1067 1075
f 1068 1075 1076
f 1076 1075 1072
f 1076 1072 1073
f 1070 1077 1069
f 1070 1078 1077
f 1080 1069 1077
f 1080 1072 1069
f 1081 1078 1070
f 1081 1070 1073
f 1073 1072 1080
f 1073 1080 1081
f 1081 1079 1078
f 1081 1082 1079
f 1078 1083 1077
f 1078 1084 1083
f 1079 1084 1078
f 1079 1085 1084
f 1087 1077 1083
f 1087 1080 1077
f 1081 1080 1087
f 1081 1087 1088
f 1087 1083 1084
f 1087 1084 1088
f 1089 1085 1079
f 1089 1079 1082
f 1082 1081 1088
f 1082 1088 1089
f 1090 1085 1089
f 1090 1086 1085
f 1085 1094 1084
f 1085 1095 1094
f 1095 1091 1094
f 1095 1092 1091
f 1086 1095 1085
f 1086 1096 1095
f 1095 1093 1092
f 1095 1096 1093
f 1097 1084 1094
f 1097 1088 1084
f 1089 1088 1097
f 1089 1097 1098
f 1099 1096 1086
f 1099 1086 1090
f 1090 1089 1098
f 1090 1098 1099
f 1092 1100 1091
f 1092 1101 1100
f 1093 1101 1092
f 1093 1102 1101
f 1103 1091 1100
f 1103 1094 1091
f 1103 1100 1101
f 1103 1101 1104
f 1105 1102 1093
f 1105 1093 1096
f 1106 1094 1103
f 1106 1097 1094
f 1098 1097 1106
f 1098 1106 1107
f 1107 1106 1103
f 1107 1103 1104
f 1108 1105 1096
f 1108 1096 1099
f 1108 1099 1098
f 1108 1098 1107
f 1107 1104 1105
f 1107 1105 1108
f 1102 1109 1101
f 1102 1110 1109
f 1109 1104 1101
f 1109 1112 1104
f 1113 1110 1102
f 1113 1102 1105
f 1105 1104 1112
f 1105 1112 1113
f 1114 1110 1113
f 1114 1111 1110
f 1110 1115 1109
f 1110 1116 1115
f 1111 1116 1110
f 1111 1117 1116
f 1115 1112 1109
f 1115 1118 1112
f 1113 1112 1118
f 1113 1118 1119
f 1117 1111 1114
f 1117 1114 1120
f 1120 1114 1113
f 1120 1113 1119
f 1122 1118 1121
f 1122 1119 1118
f 1125 1115 1116
f 1125 1124 1115
f 1117 1125 1116
f 1117 1126 1125
f 1128 1115 1124
f 1128 1118 1115
f 1127 1124 1123
f 1127 1128 1124
f 1126 1117 1120
f 1126 1120 1130
f 1130 1120 1119
f 1130 1119 1129
f 1131 1118 1128
f 1131 1121 1118
f 1129 1119 1122
f 1129 1122 1132
f 1122 1121 1131
f 1122 1131 1132
f 1131 1128 1129
f 1131 1129 1132
f 1133 1129 1132
f 1133 1130 1129
f 1135 1123 1124
f 1135 1134 1123
f 1136 1124 1125
f 1136 1135 1124
f 1126 1136 1125
f 1126 1137 1136
f 1134 1127 1123
f 1134 1138 1127
f 1139 1128 1127
f 1139 1127 1138
f 1140 1129 1128
f 1140 1128 1139
f 1141 1137 1126
f 1141 1126 1130
f 1142 1129 1140
f 1142 1132 1129
f 1143 1141 1130
f 1143 1130 1133
f 1133 1132 1142
f 1133 1142 1143
f 1143 1142 1140
f 1143 1140 1141
f 1145 1134 1135
f 1145 1144 1134
f 1146 1135 1136
f 1146 1145 1135
f 1147 1136 1137
f 1147 1146 1136
f 1144 1138 1134
f 1144 1148 1138
f 1149 1139 1138
f 1149 1138 1148
f 1140 1139 1149
f 1140 1149 1150
f 1151 1147 1137
f 1151 1137 1141
f 1151 1141 1140
f 1151 1140 1150
f 1153 1148 1152
f 1153 1149 1148
f 1154 1149 1153
f 1154 1150 1149
f 1145 1155 1144
f 1145 1156 1155
f 1157 1145 1146
f 1157 1156 1145
f 1158 1146 1147
f 1158 1157 1146
f 1155 1148 1144
f 1155 1160 1148
f 1161 1160 1155
f 1161 1155 1156
f 1162 1161 1156
f 1162 1156 1157
f 1163 1158 1147
f 1163 1147 1151
f 1163 1151 1150
f 1163 1150 1162
f 1163 1162 1157
f 1163 1157 1158
f 1160 1152 1148
f 1160 1165 1152
f 1165 1159 1164
f 1165 1160 1159
f 1166 1153 1152
f 1166 1152 1165
f 1162 1150 1154
f 1162 1154 1167
f 1167 1154 1153
f 1167 1153 1166
f 1167 1166 1161
f 1167 1161 1162
f 1169 1164 1168
f 1169 1165 1164
f 1171 1159 1160
f 1171 1170 1159
f 1172 1160 1161
f 1172 1171 1160
f 1170 1164 1159
f 1170 1173 1164
f 1172 1161 1166
f 1172 1166 1175
f 1175 1166 1165
f 1175 1165 1174
f 1175 1174 1171
f 1175 1171 1172
f 1176 1164 1173
f 1176 1168 1164
f 1174 1165 1169
f 1174 1169 1177
f 1169 1168 1176
f 1169 1176 1177
f 1177 1176 1173
f 1177 1173 1174
f 1179 1170 1171
f 1179 1178 1170
f 1180 1170 1178
f 1180 1173 1170
f 1181 1179 1171
f 1181 1171 1174
f 1181 1174 1173
f 1181 1173 1180
f 1179 1182 1178
f 1179 1183 1182
f 1186 1178 1182
f 1186 1180 1178
f 1187 1183 1179
f 1187 1179 1181
f 1181 1180 1186
f 1181 1186 1187
f 1186 1182 1183
f 1186 1183 1187
f 1187 1184 1183
f 1187 1188 1184
f 1189 1184 1188
f 1189 1185 1184
f 1184 1192 1183
f 1184 1193 1192
f 1193 1190 1192
f 1193 1191 1190
f 1194 1184 1185
f 1194 1193 1184
f 1195 1183 1192
f 1195 1187 1183
f 1188 1187 1195
f 1188 1195 1196
f 1197 1194 1185
f 1197 1185 1189
f 1189 1188 1196
f 1189 1196 1197
f 1191 1198 1190
f 1191 1199 1198
f 1201 1190 1198
f 1201 1192 1190
f 1202 1199 1191
f 1202 1191 1193
f 1194 1202 1193
f 1194 1203 1202
f 1202 1200 1199
f 1202 1203 1200
f 1204 1192 1201
f 1204 1195 1192
f 1196 1195 1204
f 1196 1204 1205
f 1205 1204 1201
f 1205 1201 1202
f 1206 1203 1194
f 1206 1194 1197
f 1206 1197 1196
f 1206 1196 1205
f 1206 1205 1202
f 1206 1202 1203
f 1199 1207 1198
f 1199 1208 1207
f 1200 1208 1199
f 1200 1209 1208
f 1211 1198 1207
f 1211 1201 1198
f 1202 1201 1211
f 1202 1211 1212
f 1211 1207 1208
f 1211 1208 1212
f 1213 1209 1200
f 1213 1200 1203
f 1203 1202 1212
f 1203 1212 1213
f 1214 1209 1213
f 1214 1210 1209
f 1209 1215 1208
f 1209 1216 1215
f 1210 1216 1209
f 1210 1217 1216
f 1218 1208 1215
f 1218 1212 1208
f 1213 1212 1218
f 1213 1218 1219
f 1217 1210 1214
f 1217 1214 1220
f 1214 1213 1219
f 1214 1219 1220
f 1223 1215 1216
f 1223 1222 1215
f 1217 1223 1216
f 1217 1224 1223
f 1222 1218 1215
f 1222 1226 1218
f 1225 1222 1221
f 1225 1226 1222
f 1227 1219 1218
f 1227 1218 1226
f 1224 1217 1220
f 1224 1220 1228
f 1228 1220 1219
f 1228 1219 1227
f 1229 1227 1226
f 1229 1230 1227
f 1234 1221 1222
f 1234 1233 1221
f 1223 1234 1222
f 1223 1235 1234
f 1224 1235 1223
f 1224 1236 1235
f 1235 1232 1231
f 1235 1236 1232
f 1233 1225 1221
f 1233 1237 1225
f 1238 1226 1225
f 1238 1225 1237
f 1236 1224 1228
f 1236 1228 1240
f 1228 1227 1239
f 1228 1239 1240
f 1238 1229 1226
f 1238 1241 1229
f 1239 1227 1230
f 1239 1230 1242
f 1230 1229 1241
f 1230 1241 1242
f 1241 1238 1239
f 1241 1239 1242
f 1243 1239 1242
f 1243 1240 1239
f 1232 1244 1231
f 1232 1245 1244
f 1234 1246 1233
f 1234 1247 1246
f 1248 1231 1244
f 1248 1235 1231
f 1235 1247 1234
f 1235 1248 1247
f 1245 1232 1236
f 1245 1236 1249
f 1248 1244 1245
f 1248 1245 1249
f 1246 1237 1233
f 1246 1250 1237
f 1251 1238 1237
f 1251 1237 1250
f 1239 1238 1251
f 1239 1251 1252
f 1249 1236 1240
f 1249 1240 1253
f 1255 1250 1254
f 1255 1251 1250
f 1256 1239 1252
f 1256 1242 1239
f 1257 1253 1240
f 1257 1240 1243
f 1243 1242 1256
f 1243 1256 1257
f 1257 1256 1252
f 1257 1252 1253
f 1247 1258 1246
f 1247 1259 1258
f 1260 1247 1248
f 1260 1259 1247
f 1261 1248 1249
f 1261 1260 1248
f 1258 1250 1246
f 1258 1263 1250
f 1264 1263 1258
f 1264 1258 1259
f 1265 1252 1251
f 1265 1251 1264
f 1264 1259 1260
f 1264 1260 1265
f 1261 1249 1253
f 1261 1253 1266
f 1266 1253 1252
f 1266 1252 1265
f 1266 1265 1260
f 1266 1260 1261
f 1263 1254 1250
f 1263 1268 1254
f 1268 1262 1267
f 1268 1263 1262
f 1264 1251 1255
f 1264 1255 1269
f 1269 1255 1254
f 1269 1254 1268
f 1270 1264 1269
f 1270 1265 1264
f 1272 1262 1263
f 1272 1271 1262
f 1273 1263 1264
f 1273 1272 1263
f 1274 1264 1265
f 1274 1273 1264
f 1271 1267 1262
f 1271 1275 1267
f 1276 1268 1267
f 1276 1267 1275
f 1277 1269 1268
f 1277 1268 1276
f 1274 1265 1270
f 1274 1270 1278
f 1278 1270 1269
f 1278 1269 1277
f 1278 1277 1273
f 1278 1273 1274
f 1279 1276 1275
f 1279 1280 1276
f 1281 1276 1280
f 1281 1277 1276
f 1283 1271 1272
f 1283 1282 1271
f 1284 1272 1273
f 1284 1283 1272
f 1285 1271 1282
f 1285 1275 1271
f 1284 1273 1277
f 1284 1277 1287
f 1286 1283 1284
f 1286 1284 1287
f 1288 1275 1285
f 1288 1279 1275
f 1289 1280 1279
f 1289 1279 1288
f 1288 1285 1286
f 1288 1286 1289
f 1287 1277 1281
f 1287 1281 1290
f 1281 1280 1289
f 1281 1289 1290
f 1289 1286 1287
f 1289 1287 1290
f 1292 1282 1283
f 1292 1291 1282
f 1294 1282 1291
f 1294 1285 1282
f 1295 1292 1283
f 1295 1283 1286
f 1286 1285 1294
f 1286 1294 1295
f 1295 1293 1292
f 1295 1296 1293
f 1292 1297 1291
f 1292 1298 1297
f 1293 1298 1292
f 1293 1299 1298
f 1297 1294 1291
f 1297 1301 1294
f 1295 1294 1301
f 1295 1301 1302
f 1301 1297 1298
f 1301 1298 1302
f 1303 1299 1293
f 1303 1293 1296
f 1296 1295 1302
f 1296 1302 1303
f 1304 1299 1303
f 1304 1300 1299
f 1299 1308 1298
f 1299 1309 1308
f 1308 1306 1305
f 1308 1309 1306
f 1300 1309 1299
f 1300 1310 1309
f 1309 1307 1306
f 1309 1310 1307
f 1311 1298 1308
f 1311 1302 1298
f 1303 1302 1311
f 1303 1311 1312
f 1313 1310 1300
f 1313 1300 1304
f 1304 1303 1312
f 1304 1312 1313
f 1313 1312 1309
f 1313 1309 1310
f 1306 1314 1305
f 1306 1315 1314
f 1307 1315 1306
f 1307 1316 1315
f 1317 1305 1314
f 1317 1308 1305
f 1318 1317 1314
f 1318 1314 1315
f 1319 1316 1307
f 1319 1307 1310
f 1310 1309 1318
f 1310 1318 1319
f 1320 1308 1317
f 1320 1311 1308
f 1321 1318 1309
f 1321 1309 1312
f 1321 1312 1311
f 1321 1311 1320
f 1321 1320 1317
f 1321 1317 1318
f 1316 1322 1315
f 1316 1323 1322
f 1325 1315 1322
f 1325 1318 1315
f 1326 1323 1316
f 1326 1316 1319
f 1319 1318 1325
f 1319 1325 1326
f 1327 1323 1326
f 1327 1324 1323
f 1329 1322 1323
f 1329 1328 1322
f 1324 1329 1323
f 1324 1330 1329
f 1328 1325 1322
f 1328 1331 1325
f 1332 1326 1325
f 1332 1325 1331
f 1330 1324 1327
f 1330 1327 1333
f 1327 1326 1332
f 1327 1332 1333
f 1338 1328 1329
f 1338 1337 1328
f 1339 1329 1330
f 1339 1338 1329
f 1338 1335 1334
f 1338 1339 1335
f 1341 1328 1337
f 1341 1331 1328
f 1340 1337 1336
f 1340 1341 1337
f 1342 1332 1331
f 1342 1331 1341
f 1343 1339 1330
f 1343 1330 1333
f 1333 1332 1342
f 1333 1342 1343
f 1335 1344 1334
f 1335 1345 1344
f 1347 1336 1337
f 1347 1346 1336
f 1344 1338 1334
f 1344 1348 1338
f 1338 1347 1337
f 1338 1348 1347
f 1345 1335 1339
f 1345 1339 1349
f 1348 1344 1345
f 1348 1345 1349
f 1346 1340 1336
f 1346 1350 1340
f 1351 1341 1340
f 1351 1340 1350
f 1342 1341 1351
f 1342 1351 1352
f 1353 1349 1339
f 1353 1339 1343
f 1343 1342 1352
f 1343 1352 1353
f 1347 1354 1346
f 1347 1355 1354
f 1356 1347 1348
f 1356 1355 1347
f 1357 1348 1349
f 1357 1356 1348
f 1354 1350 1346
f 1354 1359 1350
f 1360 1351 1350
f 1360 1350 1359
f 1360 1359 1354
f 1360 1354 1355
f 1361 1352 1351
f 1361 1351 1360
f 1357 1349 1353
f 1357 1353 1362
f 1362 1353 1352
f 1362 1352 1361
f 1362 1361 1356
f 1362 1356 1357
f 1364 1358 1363
f 1364 1359 1358
f 1365 1359 1364
f 1365 1360 1359
f 1366 1360 1365
f 1366 1361 1360
f 1368 1355 1356
f 1368 1367 1355
f 1370 1358 1359
f 1370 1369 1358
f 1367 1360 1355
f 1367 1371 1360
f 1371 1359 1360
f 1371 1370 1359
f 1368 1356 1361
f 1368 1361 1372
f 1372 1371 1367
f 1372 1367 1368
f 1369 1363 1358
f 1369 1373 1363
f 1364 1363 1373
f 1364 1373 1374
f 1375 1365 1364
f 1375 1364 1374
f 1372 1361 1366
f 1372 1366 1376
f 1376 1366 1365
f 1376 1365 1375
f 1376 1375 1371
f 1376 1371 1372
f 1377 1374 1373
f 1377 1378 1374
f 1380 1369 1370
f 1380 1379 1369
f 1381 1370 1371
f 1381 1380 1370
f 1379 1373 1369
f 1379 1382 1373
f 1381 1371 1375
f 1381 1375 1384
f 1384 1375 1374
f 1384 1374 1383
f 1384 1383 1380
f 1384 1380 1381
f 1382 1377 1373
f 1382 1385 1377
f 1386 1383 1374
f 1386 1374 1378
f 1378 1377 1385
f 1378 1385 1386
f 1386 1385 1382
f 1386 1382 1383
f 1380 1387 1379
f 1380 1388 1387
f 1390 1379 1387
f 1390 1382 1379
f 1391 1388 1380
f 1391 1380 1383
f 1383 1382 1390
f 1383 1390 1391
f 1391 1389 1388
f 1391 1392 1389
f 1388 1393 1387
f 1388 1394 1393
f 1389 1394 1388
f 1389 1395 1394
f 1397 1387 1393
f 1397 1390 1387
f 1391 1390 1397
f 1391 1397 1398
f 1397 1393 1394
f 1397 1394 1398
f 1399 1395 1389
f 1399 1389 1392
f 1392 1391 1398
f 1392 1398 1399
f 1400 1395 1399
f 1400 1396 1395
f 1395 1404 1394
f 1395 1405 1404
f 1405 1401 1404
f 1405 1402 1401
f 1396 1405 1395
f 1396 1406 1405
f 1405 1403 1402
f 1405 1406 1403
f 1407 1394 1404
f 1407 1398 1394
f 1399 1398 1407
f 1399 1407 1408
f 1409 1406 1396
f 1409 1396 1400
f 1400 1399 1408
f 1400 1408 1409
f 1402 1410 1401
f 1402 1411 1410
f 1403 1411 1402
f 1403 1412 1411
f 1413 1401 1410
f 1413 1404 1401
f 1413 1410 1411
f 1413 1411 1414
f 1415 1412 1403
f 1415 1403 1406
f 1416 1404 1413
f 1416 1407 1404
f 1408 1407 1416
f 1408 1416 1417
f 1417 1416 1413
f 1417 1413 1414
f 1418 1415 1406
f 1418 1406 1409
f 1418 1409 1408
f 1418 1408 1417
f 1417 1414 1415
f 1417 1415 1418
f 1412 1419 1411
f 1412 1420 1419
f 1419 1414 1411
f 1419 1422 1414
f 1423 1420 1412
f 1423 1412 1415
f 1415 1414 1422
f 1415 1422 1423
f 1424 1420 1423
f 1424 1421 1420
f 1420 1425 1419
f 1420 1426 1425
f 1421 1426 1420
f 1421 1427 1426
f 1425 1422 1419
f 1425 1428 1422
f 1423 1422 1428
f 1423 1428 1429
f 1427 1421 1424
f 1427 1424 1430
f 1430 1424 1423
f 1430 1423 1429
f 1432 1428 1431
f 1432 1429 1428
f 1435 1425 1426
f 1435 1434 1425
f 1427 1435 1426
f 1427 1436 1435
f 1438 1425 1434
f 1438 1428 1425
f 1437 1434 1433
f 1437 1438 1434
f 1436 1427 1430
f 1436 1430 1440
f 1440 1430 1429
f 1440 1429 1439
f 1441 1428 1438
f 1441 1431 1428
f 1439 1429 1432
f 1439 1432 1442
f 1432 1431 1441
f 1432 1441 1442
f 1441 1438 1439
f 1441 1439 1442
f 1443 1439 1442
f 1443 1440 1439
f 1445 1433 1434
f 1445 1444 1433
f 1446 1434 1435
f 1446 1445 1434
f 1436 1446 1435
f 1436 1447 1446
f 1444 1437 1433
f 1444 1449 1437
f 1450 1438 1437
f 1450 1437 1449
f 1451 1439 1438
f 1451 1438 1450
f 1452 1447 1436
f 1452 1436 1440
f 1453 1447 1452
f 1453 1448 1447
f 1454 1439 1451
f 1454 1442 1439
f 1455 1452 1440
f 1455 1440 1443
f 1443 1442 1454
f 1443 1454 1455
f 1455 1454 1451
f 1455 1451 1452
f 1445 1456 1444
f 1445 1457 1456
f 1458 1445 1446
f 1458 1457 1445
f 1459 1446 1447
f 1459 1458 1446
f 1460 1447 1448
f 1460 1459 1447
f 1456 1449 1444
f 1456 1461 1449
f 1462 1450 1449
f 1462 1449 1461
f 1451 1450 1462
f 1451 1462 1463
f 1464 1452 1451
f 1464 1451 1463
f 1460 1448 1453
f 1460 1453 1465
f 1453 1452 1464
f 1453 1464 1465
f 1465 1464 1459
f 1465 1459 1460
f 1466 1462 1461
f 1466 1467 1462
f 1468 1462 1467
f 1468 1463 1462
f 1457 1469 1456
f 1457 1470 1469
f 1471 1457 1458
f 1471 1470 1457
f 1472 1458 1459
f 1472 1471 1458
f 1469 1461 1456
f 1469 1474 1461
f 1475 1474 1469
f 1475 1469 1470
f 1476 1475 1470
f 1476 1470 1471
f 1477 1472 1459
f 1477 1459 1464
f 1477 1464 1463
f 1477 1463 1476
f 1477 1476 1471
f 1477 1471 1472
f 1474 1466 1461
f 1474 1479 1466
f 1479 1473 1478
f 1479 1474 1473
f 1480 1467 1466
f 1480 1466 1479
f 1476 1463 1468
f 1476 1468 1481
f 1481 1468 1467
f 1481 1467 1480
f 1481 1480 1475
f 1481 1475 1476
f 1483 1478 1482
f 1483 1479 1478
f 1485 1473 1474
f 1485 1484 1473
f 1486 1474 1475
f 1486 1485 1474
f 1484 1478 1473
f 1484 1487 1478
f 1486 1475 1480
f 1486 1480 1489
f 1489 1480 1479
f 1489 1479 1488
f 1489 1488 1485
f 1489 1485 1486
f 1490 1478 1487
f 1490 1482 1478
f 1488 1479 1483
f 1488 1483 1491
f 1483 1482 1490
f 1483 1490 1491
f 1491 1490 1487
f 1491 1487 1488
f 1493 1484 1485
f 1493 1492 1484
f 1494 1484 1492
f 1494 1487 1484
f 1495 1493 1485
f 1495 1485 1488
f 1495 1488 1487
f 1495 1487 1494
f 1493 1496 1492
f 1493 1497 1496
f 1499 1492 1496
f 1499 1494 1492
f 1500 1497 1493
f 1500 1493 1495
f 1495 1494 1499
f 1495 1499 1500
f 1499 1496 1497
f 1499 1497 1500
f 1500 1498 1497
f 1500 1501 1498
f 1498 1504 1497
f 1498 1505 1504
f 1504 1503 1502
f 1504 1505 1503
f 1507 1497 1504
f 1507 1500 1497
f 1508 1505 1498
f 1508 1498 1501
f 1501 1500 1507
f 1501 1507 1508
f 1508 1506 1505
f 1508 1509 1506
f 1503 1510 1502
f 1503 1511 1510
f 1513 1502 1510
f 1513 1504 1502
f 1514 1511 1503
f 1514 1503 1505
f 1506 1514 1505
f 1506 1515 1514
f 1514 1512 1511
f 1514 1515 1512
f 1516 1504 1513
f 1516 1507 1504
f 1508 1507 1516
f 1508 1516 1517
f 1517 1516 1513
f 1517 1513 1514
f 1518 1515 1506
f 1518 1506 1509
f 1509 1508 1517
f 1509 1517 1518
f 1518 1517 1514
f 1518 1514 1515
f 1511 1519 1510
f 1511 1520 1519
f 1512 1520 1511
f 1512 1521 1520
f 1523 1510 1519
f 1523 1513 1510
f 1514 1513 1523
f 1514 1523 1524
f 1523 1519 1520
f 1523 1520 1524
f 1525 1521 1512
f 1525 1512 1515
f 1515 1514 1524
f 1515 1524 1525
f 1526 1521 1525
f 1526 1522 1521
f 1521 1527 1520
f 1521 1528 1527
f 1522 1528 1521
f 1522 1529 1528
f 1530 1520 1527
f 1530 1524 1520
f 1525 1524 1530
f 1525 1530 1531
f 1529 1522 1526
f 1529 1526 1532
f 1526 1525 1531
f 1526 1531 1532
f 1535 1527 1528
f 1535 1534 1527
f 1529 1535 1528
f 1529 1536 1535
f 1534 1530 1527
f 1534 1538 1530
f 1537 1534 1533
f 1537 1538 1534
f 1539 1531 1530
f 1539 1530 1538
f 1536 1529 1532
f 1536 1532 1540
f 1540 1532 1531
f 1540 1531 1539
f 1541 1539 1538
f 1541 1542 1539
f 1546 1533 1534
f 1546 1545 1533
f 1535 1546 1534
f 1535 1547 1546
f 1536 1547 1535
f 1536 1548 1547
f 1547 1544 1543
f 1547 1548 1544
f 1545 1537 1533
f 1545 1549 1537
f 1550 1538 1537
f 1550 1537 1549
f 1548 1536 1540
f 1548 1540 1552
f 1540 1539 1551
f 1540 1551 1552
f 1550 1541 1538
f 1550 1553 1541
f 1551 1539 1542
f 1551 1542 1554
f 1542 1541 1553
f 1542 1553 1554
f 1553 1550 1551
f 1553 1551 1554
f 1555 1551 1554
f 1555 1552 1551
f 1544 1556 1543
f 1544 1557 1556
f 1546 1558 1545
f 1546 1559 1558
f 1560 1543 1556
f 1560 1547 1543
f 1547 1559 1546
f 1547 1560 1559
f 1557 1544 1548
f 1557 1548 1561
f 1560 1556 1557
f 1560 1557 1561
f 1558 1549 1545
f 1558 1562 1549
f 1563 1550 1549
f 1563 1549 1562
f 1551 1550 1563
f 1551 1563 1564
f 1561 1548 1552
f 1561 1552 1565
f 1567 1562 1566
f 1567 1563 1562
f 1568 1551 1564
f 1568 1554 1551
f 1569 1565 1552
f 1569 1552 1555
f 1555 1554 1568
f 1555 1568 1569
f 1569 1568 1564
f 1569 1564 1565
f 1559 1570 1558
f 1559 1571 1570
f 1572 1559 1560
f 1572 1571 1559
f 1573 1560 1561
f 1573 1572 1560
f 1570 1562 1558
f 1570 1575 1562
f 1576 1575 1570
f 1576 1570 1571
f 1577 1564 1563
f 1577 1563 1576
f 1576 1571 1572
f 1576 1572 1577
f 1573 1561 1565
f 1573 1565 1578
f 1578 1565 1564
f 1578 1564 1577
f 1578 1577 1572
f 1578 1572 1573
f 1575 1566 1562
f 1575 1580 1566
f 1580 1574 1579
f 1580 1575 1574
f 1576 1563 1567
f 1576 1567 1581
f 1581 1567 1566
f 1581 1566 1580
f 1582 1576 1581
f 1582 1577 1576
f 1584 1574 1575
f 1584 1583 1574
f 1585 1575 1576
f 1585 1584 1575
f 1586 1576 1577
f 1586 1585 1576
f 1583 1579 1574
f 1583 1587 1579
f 1588 1580 1579
f 1588 1579 1587
f 1589 1581 1580
f 1589 1580 1588
f 1586 1577 1582
f 1586 1582 1590
f 1590 1582 1581
f 1590 1581 1589
f 1590 1589 1585
f 1590 1585 1586
f 1591 1588 1587
f 1591 1592 1588
f 1593 1588 1592
f 1593 1589 1588
f 1595 1583 1584
f 1595 1594 1583
f 1596 1584 1585
f 1596 1595 1584
f 1597 1583 1594
f 1597 1587 1583
f 1596 1585 1589
f 1596 1589 1599
f 1598 1595 1596
f 1598 1596 1599
f 1600 1587 1597
f 1600 1591 1587
f 1601 1592 1591
f 1601 1591 1600
f 1600 1597 1598
f 1600 1598 1601
f 1599 1589 1593
f 1599 1593 1602
f 1602 1593 1592
f 1602 1592 1601
f 1601 1598 1599
f 1601 1599 1602
f 1604 1594 1595
f 1604 1603 1594
f 1606 1594 1603
f 1606 1597 1594
f 1607 1604 1595
f 1607 1595 1598
f 1598 1597 1606
f 1598 1606 1607
f 1607 1605 1604
f 1607 1608 1605
f 1604 1609 1603
f 1604 1610 1609
f 1605 1610 1604
f 1605 1611 1610
f 1609 1606 1603
f 1609 1613 1606
f 1607 1606 1613
f 1607 1613 1614
f 1613 1609 1610
f 1613 1610 1614
f 1615 1611 1605
f 1615 1605 1608
f 1608 1607 1614
f 1608 1614 1615
f 1616 1611 1615
f 1616 1612 1611
f 1611 1620 1610
f 1611 1621 1620
f 1620 1618 1617
f 1620 1621 1618
f 1612 1621 1611
f 1612 1622 1621
f 1621 1619 1618
f 1621 1622 1619
f 1623 1610 1620
f 1623 1614 1610
f 1615 1614 1623
f 1615 1623 1624
f 1625 1622 1612
f 1625 1612 1616
f 1616 1615 1624
f 1616 1624 1625
f 1625 1624 1621
f 1625 1621 1622
f 1618 1626 1617
f 1618 1627 1626
f 1619 1627 1618
f 1619 1628 1627
f 1629 1617 1626
f 1629 1620 1617
f 1630 1629 1626
f 1630 1626 1627
f 1631 1628 1619
f 1631 1619 1622
f 1622 1621 1630
f 1622 1630 1631
f 1632 1620 1629
f 1632 1623 1620
f 1633 1630 1621
f 1633 1621 1624
f 1633 1624 1623
f 1633 1623 1632
f 1633 1632 1629
f 1633 1629 1630
f 1628 1634 1627
f 1628 1635 1634
f 1637 1627 1634
f 1637 1630 1627
f 1638 1635 1628
f 1638 1628 1631
f 1631 1630 1637
f 1631 1637 1638
f 1639 1635 1638
f 1639 1636 1635
f 1641 1634 1635
f 1641 1640 1634
f 1636 1641 1635
f 1636 1642 1641
f 1643 1634 1640
f 1643 1637 1634
f 1644 1638 1637
f 1644 1637 1643
f 1642 1636 1639
f 1642 1639 1645
f 1639 1638 1644
f 1639 1644 1645
f 1650 1640 1641
f 1650 1649 1640
f 1651 1641 1642
f 1651 1650 1641
f 1650 1647 1646
f 1650 1651 1647
f 1653 1640 1649
f 1653 1643 1640
f 1652 1649 1648
f 1652 1653 1649
f 1654 1644 1643
f 1654 1643 1653
f 1655 1651 1642
f 1655 1642 1645
f 1645 1644 1654
f 1645 1654 1655
f 1647 1656 1646
f 1647 1657 1656
f 1659 1648 1649
f 1659 1658 1648
f 1656 1650 1646
f 1656 1660 1650
f 1650 1659 1649
f 1650 1660 1659
f 1657 1647 1651
f 1657 1651 1661
f 1660 1656 1657
f 1660 1657 1661
f 1658 1652 1648
f 1658 1662 1652
f 1663 1653 1652
f 1663 1652 1662
f 1664 1654 1653
f 1664 1653 1663
f 1665 1661 1651
f 1665 1651 1655
f 1655 1654 1664
f 1655 1664 1665
f 1659 1666 1658
f 1659 1667 1666
f 1668 1659 1660
f 1668 1667 1659
f 1669 1660 1661
f 1669 1668 1660
f 1666 1662 1658
f 1666 1671 1662
f 1672 1663 1662
f 1672 1662 1671
f 1672 1671 1666
f 1672 1666 1667
f 1673 1664 1663
f 1673 1663 1672
f 1669 1661 1665
f 1669 1665 1674
f 1674 1665 1664
f 1674 1664 1673
f 1674 1673 1668
f 1674 1668 1669
f 1676 1670 1675
f 1676 1671 1670
f 1677 1671 1676
f 1677 1672 1671
f 1678 1672 1677
f 1678 1673 1672
f 1680 1667 1668
f 1680 1679 1667
f 1682 1670 1671
f 1682 1681 1670
f 1679 1672 1667
f 1679 1683 1672
f 1683 1671 1672
f 1683 1682 1671
f 1680 1668 1673
f 1680 1673 1684
f 1684 1683 1679
f 1684 1679 1680
f 1681 1675 1670
f 1681 1685 1675
f 1676 1675 1685
f 1676 1685 1686
f 1687 1677 1676
f 1687 1676 1686
f 1684 1673 1678
f 1684 1678 1688
f 1688 1678 1677
f 1688 1677 1687
f 1688 1687 1683
f 1688 1683 1684
f 1689 1686 1685
f 1689 1690 1686
f 1692 1681 1682
f 1692 1691 1681
f 1693 1682 1683
f 1693 1692 1682
f 1691 1685 1681
f 1691 1694 1685
f 1694 1691 1692
f 1694 1692 1695
f 1693 1683 1687
f 1693 1687 1696
f 1696 1687 1686
f 1696 1686 1695
f 1696 1695 1692
f 1696 1692 1693
f 1694 1689 1685
f 1694 1697 1689
f 1695 1686 1690
f 1695 1690 1698
f 1690 1689 1697
f 1690 1697 1698
f 1698 1697 1694
f 1698 1694 1695
f 1702 1700 1699
f 1702 1703 1700
f 1703 1701 1700
f 1703 1704 1701
f 1700 1705 1699
f 1700 1706 1705
f 1701 1706 1700
f 1701 1707 1706
f 1705 1702 1699
f 1705 1709 1702
f 1703 1702 1709
f 1703 1709 1710
f 1709 1705 1706
f 1709 1706 1710
f 1711 1707 1701
f 1711 1701 1704
f 1704 1703 1710
f 1704 1710 1711
f 1712 1707 1711
f 1712 1708 1707
f 1707 1716 1706
f 1707 1717 1716
f 1717 1713 1716
f 1717 1714 1713
f 1708 1717 1707
f 1708 1718 1717
f 1717 1715 1714
f 1717 1718 1715
f 1719 1706 1716
f 1719 1710 1706
f 1711 1710 1719
f 1711 1719 1720
f 1721 1718 1708
f 1721 1708 1712
f 1712 1711 1720
f 1712 1720 1721
f 1723 1713 1714
f 1723 1722 1713
f 1715 1723 1714
f 1715 1724 1723
f 1725 1713 1722
f 1725 1716 1713
f 1727 1724 1715
f 1727 1715 1718
f 1728 1716 1725
f 1728 1719 1716
f 1720 1719 1728
f 1720 1728 1729
f 1728 1725 1726
f 1728 1726 1729
f 1730 1727 1718
f 1730 1718 1721
f 1730 1721 1720
f 1730 1720 1729
f 1730 1729 1726
f 1730 1726 1727
f 1723 1731 1722
f 1723 1732 1731
f 1724 1732 1723
f 1724 1733 1732
f 1735 1722 1731
f 1735 1725 1722
f 1726 1725 1735
f 1726 1735 1736
f 1735 1731 1732
f 1735 1732 1736
f 1737 1733 1724
f 1737 1724 1727
f 1727 1726 1736
f 1727 1736 1737
f 1738 1733 1737
f 1738 1734 1733
f 1733 1739 1732
f 1733 1740 1739
f 1734 1740 1733
f 1734 1741 1740
f 1739 1736 1732
f 1739 1742 1736
f 1737 1736 1742
f 1737 1742 1743
f 1741 1734 1738
f 1741 1738 1744
f 1738 1737 1743
f 1738 1743 1744
f 1746 1742 1745
f 1746 1743 1742
f 1749 1739 1740
f 1749 1748 1739
f 1741 1749 1740
f 1741 1750 1749
f 1752 1739 1748
f 1752 1742 1739
f 1751 1748 1747
f 1751 1752 1748
f 1750 1741 1744
f 1750 1744 1754
f 1754 1744 1743
f 1754 1743 1753
f 1755 1742 1752
f 1755 1745 1742
f 1753 1743 1746
f 1753 1746 1756
f 1746 1745 1755
f 1746 1755 1756
f 1755 1752 1753
f 1755 1753 1756
f 1757 1753 1756
f 1757 1754 1753
f 1759 1747 1748
f 1759 1758 1747
f 1760 1748 1749
f 1760 1759 1748
f 1750 1760 1749
f 1750 1761 1760
f 1758 1751 1747
f 1758 1763 1751
f 1764 1752 1751
f 1764 1751 1763
f 1765 1753 1752
f 1765 1752 1764
f 1766 1761 1750
f 1766 1750 1754
f 1767 1761 1766
f 1767 1762 1761
f 1768 1753 1765
f 1768 1756 1753
f 1769 1766 1754
f 1769 1754 1757
f 1757 1756 1768
f 1757 1768 1769
f 1769 1768 1765
f 1769 1765 1766
f 1759 1770 1758
f 1759 1771 1770
f 1760 1771 1759
f 1760 1772 1771
f 1773 1760 1761
f 1773 1772 1760
f 1774 1761 1762
f 1774 1773 1761
f 1770 1763 1758
f 1770 1775 1763
f 1776 1764 1763
f 1776 1763 1775
f 1765 1764 1776
f 1765 1776 1777
f 1778 1766 1765
f 1778 1765 1777
f 1774 1762 1767
f 1774 1767 1779
f 1767 1766 1778
f 1767 1778 1779
f 1779 1778 1773
f 1779 1773 1774
f 1780 1776 1775
f 1780 1781 1776
f 1782 1776 1781
f 1782 1777 1776
f 1771 1783 1770
f 1771 1784 1783
f 1785 1771 1772
f 1785 1784 1771
f 1786 1772 1773
f 1786 1785 1772
f 1783 1775 1770
f 1783 1788 1775
f 1789 1788 1783
f 1789 1783 1784
f 1790 1789 1784
f 1790 1784 1785
f 1791 1786 1773
f 1791 1773 1778
f 1791 1778 1777
f 1791 1777 1790
f 1791 1790 1785
f 1791 1785 1786
f 1788 1780 1775
f 1788 1793 1780
f 1793 1787 1792
f 1793 1788 1787
f 1794 1781 1780
f 1794 1780 1793
f 1790 1777 1782
f 1790 1782 1795
f 1795 1782 1781
f 1795 1781 1794
f 1795 1794 1789
f 1795 1789 1790
f 1797 1787 1788
f 1797 1796 1787
f 1798 1788 1789
f 1798 1797 1788
f 1796 1792 1787
f 1796 1799 1792
f 1800 1793 1792
f 1800 1792 1799
f 1798 1789 1794
f 1798 1794 1801
f 1801 1794 1793
f 1801 1793 1800
f 1801 1800 1797
f 1801 1797 1798
f 1803 1796 1797
f 1803 1802 1796
f 1804 1796 1802
f 1804 1799 1796
f 1805 1803 1797
f 1805 1797 1800
f 1805 1800 1799
f 1805 1799 1804
f 1803 1806 1802
f 1803 1807 1806
f 1809 1802 1806
f 1809 1804 1802
f 1810 1807 1803
f 1810 1803 1805
f 1805 1804 1809
f 1805 1809 1810
f 1809 1806 1807
f 1809 1807 1810
f 1810 1808 1807
f 1810 1811 1808
f 1808 1814 1807
f 1808 1815 1814
f 1814 1813 1812
f 1814 1815 1813
f 1817 1807 1814
f 1817 1810 1807
f 1818 1815 1808
f 1818 1808 1811
f 1811 1810 1817
f 1811 1817 1818
f 1818 1816 1815
f 1818 1819 1816
f 1813 1820 1812
f 1813 1821 1820
f 1823 1812 1820
f 1823 1814 1812
f 1824 1821 1813
f 1824 1813 1815
f 1816 1824 1815
f 1816 1825 1824
f 1824 1822 1821
f 1824 1825 1822
f 1826 1814 1823
f 1826 1817 1814
f 1818 1817 1826
f 1818 1826 1827
f 1827 1826 1823
f 1827 1823 1824
f 1828 1825 1816
f 1828 1816 1819
f 1819 1818 1827
f 1819 1827 1828
f 1828 1827 1824
f 1828 1824 1825
f 1821 1829 1820
f 1821 1830 1829
f 1822 1830 1821
f 1822 1831 1830
f 1833 1820 1829
f 1833 1823 1820
f 1824 1823 1833
f 1824 1833 1834
f 1833 1829 1830
f 1833 1830 1834
f 1835 1831 1822
f 1835 1822 1825
f 1825 1824 1834
f 1825 1834 1835
f 1836 1831 1835
f 1836 1832 1831
f 1831 1837 1830
f 1831 1838 1837
f 1832 1838 1831
f 1832 1839 1838
f 1840 1830 1837
f 1840 1834 1830
f 1835 1834 1840
f 1835 1840 1841
f 1839 1832 1836
f 1839 1836 1842
f 1836 1835 1841
f 1836 1841 1842
f 1844 1837 1838
f 1844 1843 1837
f 1839 1844 1838
f 1839 1845 1844
f 1843 1840 1837
f 1843 1846 1840
f 1847 1841 1840
f 1847 1840 1846
f 1845 1839 1842
f 1845 1842 1848
f 1848 1842 1841
f 1848 1841 1847
f 1849 1847 1846
f 1849 1850 1847
f 1844 1854 1843
f 1844 1855 1854
f 1845 1855 1844
f 1845 1856 1855
f 1855 1852 1851
f 1855 1856 1852
f 1858 1843 1854
f 1858 1846 1843
f 1857 1854 1853
f 1857 1858 1854
f 1860 1856 1845
f 1860 1845 1848
f 1848 1847 1859
f 1848 1859 1860
f 1861 1846 1858
f 1861 1849 1846
f 1859 1847 1850
f 1859 1850 1862
f 1850 1849 1861
f 1850 1861 1862
f 1861 1858 1859
f 1861 1859 1862
f 1852 1863 1851
f 1852 1864 1863
f 1866 1853 1854
f 1866 1865 1853
f 1863 1855 1851
f 1863 1867 1855
f 1855 1866 1854
f 1855 1867 1866
f 1864 1852 1856
f 1864 1856 1868
f 1867 1863 1864
f 1867 1864 1868
f 1865 1857 1853
f 1865 1869 1857
f 1870 1858 1857
f 1870 1857 1869
f 1859 1858 1870
f 1859 1870 1871
f 1868 1856 1860
f 1868 1860 1872
f 1860 1859 1871
f 1860 1871 1872
f 1874 1869 1873
f 1874 1870 1869
f 1866 1875 1865
f 1866 1876 1875
f 1877 1866 1867
f 1877 1876 1866
f 1878 1867 1868
f 1878 1877 1867
f 1875 1869 1865
f 1875 1880 1869
f 1881 1880 1875
f 1881 1875 1876
f 1882 1871 1870
f 1882 1870 1881
f 1881 1876 1877
f 1881 1877 1882
f 1878 1868 1872
f 1878 1872 1883
f 1883 1872 1871
f 1883 1871 1882
f 1883 1882 1877
f 1883 1877 1878
f 1880 1873 1869
f 1880 1885 1873
f 1885 1879 1884
f 1885 1880 1879
f 1881 1870 1874
f 1881 1874 1886
f 1886 1874 1873
f 1886 1873 1885
f 1887 1881 1886
f 1887 1882 1881
f 1889 1879 1880
f 1889 1888 1879
f 1890 1880 1881
f 1890 1889 1880
f 1891 1881 1882
f 1891 1890 1881
f 1888 1884 1879
f 1888 1892 1884
f 1893 1885 1884
f 1893 1884 1892
f 1894 1886 1885
f 1894 1885 1893
f 1891 1882 1887
f 1891 1887 1895
f 1895 1887 1886
f 1895 1886 1894
f 1895 1894 1890
f 1895 1890 1891
f 1896 1893 1892
f 1896 1897 1893
f 1898 1893 1897
f 1898 1894 1893
f 1900 1888 1889
f 1900 1899 1888
f 1901 1889 1890
f 1901 1900 1889
f 1902 1888 1899
f 1902 1892 1888
f 1901 1890 1894
f 1901 1894 1904
f 1903 1900 1901
f 1903 1901 1904
f 1905 1892 1902
f 1905 1896 1892
f 1906 1897 1896
f 1906 1896 1905
f 1905 1902 1903
f 1905 1903 1906
f 1904 1894 1898
f 1904 1898 1907
f 1907 1898 1897
f 1907 1897 1906
f 1906 1903 1904
f 1906 1904 1907
f 1909 1899 1900
f 1909 1908 1899
f 1911 1899 1908
f 1911 1902 1899
f 1912 1909 1900
f 1912 1900 1903
f 1903 1902 1911
f 1903 1911 1912
f 1912 1910 1909
f 1912 1913 1910
f 1909 1914 1908
f 1909 1915 1914
f 1910 1915 1909
f 1910 1916 1915
f 1914 1911 1908
f 1914 1918 1911
f 1912 1911 1918
f 1912 1918 1919
f 1918 1914 1915
f 1918 1915 1919
f 1920 1916 1910
f 1920 1910 1913
f 1913 1912 1919
f 1913 1919 1920
f 1921 1916 1920
f 1921 1917 1916
f 1916 1925 1915
f 1916 1926 1925
f 1925 1923 1922
f 1925 1926 1923
f 1917 1926 1916
f 1917 1927 1926
f 1926 1924 1923
f 1926 1927 1924
f 1928 1915 1925
f 1928 1919 1915
f 1920 1919 1928
f 1920 1928 1929
f 1930 1927 1917
f 1930 1917 1921
f 1921 1920 1929
f 1921 1929 1930
f 1930 1929 1926
f 1930 1926 1927
f 1923 1931 1922
f 1923 1932 1931
f 1924 1932 1923
f 1924 1933 1932
f 1934 1922 1931
f 1934 1925 1922
f 1935 1934 1931
f 1935 1931 1932
f 1936 1933 1924
f 1936 1924 1927
f 1927 1926 1935
f 1927 1935 1936
f 1937 1925 1934
f 1937 1928 1925
f 1938 1935 1926
f 1938 1926 1929
f 1938 1929 1928
f 1938 1928 1937
f 1938 1937 1934
f 1938 1934 1935
f 1933 1939 1932
f 1933 1940 1939
f 1942 1932 1939
f 1942 1935 1932
f 1943 1940 1933
f 1943 1933 1936
f 1936 1935 1942
f 1936 1942 1943
f 1944 1940 1943
f 1944 1941 1940
f 1946 1939 1940
f 1946 1945 1939
f 1941 1946 1940
f 1941 1947 1946
f 1948 1939 1945
f 1948 1942 1939
f 1949 1943 1942
f 1949 1942 1948
f 1947 1941 1944
f 1947 1944 1950
f 1944 1943 1949
f 1944 1949 1950
f 1955 1945 1946
f 1955 1954 1945
f 1956 1946 1947
f 1956 1955 1946
f 1955 1952 1951
f 1955 1956 1952
f 1958 1945 1954
f 1958 1948 1945
f 1957 1954 1953
f 1957 1958 1954
f 1959 1949 1948
f 1959 1948 1958
f 1960 1956 1947
f 1960 1947 1950
f 1950 1949 1959
f 1950 1959 1960
f 1952 1961 1951
f 1952 1962 1961
f 1964 1953 1954
f 1964 1963 1953
f 1961 1955 1951
f 1961 1965 1955
f 1955 1964 1954
f 1955 1965 1964
f 1962 1952 1956
f 1962 1956 1966
f 1965 1961 1962
f 1965 1962 1966
f 1963 1957 1953
f 1963 1967 1957
f 1968 1958 1957
f 1968 1957 1967
f 1969 1959 1958
f 1969 1958 1968
f 1970 1966 1956
f 1970 1956 1960
f 1960 1959 1969
f 1960 1969 1970
f 1964 1971 1963
f 1964 1972 1971
f 1973 1964 1965
f 1973 1972 1964
f 1974 1965 1966
f 1974 1973 1965
f 1971 1967 1963
f 1971 1976 1967
f 1977 1968 1967
f 1977 1967 1976
f 1977 1976 1971
f 1977 1971 1972
f 1978 1969 1968
f 1978 1968 1977
f 1974 1966 1970
f 1974 1970 1979
f 1979 1970 1969
f 1979 1969 1978
f 1979 1978 1973
f 1979 1973 1974
f 1981 1975 1980
f 1981 1976 1975
f 1982 1976 1981
f 1982 1977 1976
f 1983 1977 1982
f 1983 1978 1977
f 1985 1972 1973
f 1985 1984 1972
f 1987 1975 1976
f 1987 1986 1975
f 1984 1977 1972
f 1984 1988 1977
f 1988 1976 1977
f 1988 1987 1976
f 1985 1973 1978
f 1985 1978 1989
f 1989 1988 1984
f 1989 1984 1985
f 1986 1980 1975
f 1986 1990 1980
f 1981 1980 1990
f 1981 1990 1991
f 1992 1982 1981
f 1992 1981 1991
f 1989 1978 1983
f 1989 1983 1993
f 1993 1983 1982
f 1993 1982 1992
f 1993 1992 1988
f 1993 1988 1989
f 1994 1991 1990
f 1994 1995 1991
f 1997 1986 1987
f 1997 1996 1986
f 1998 1987 1988
f 1998 1997 1987
f 1996 1990 1986
f 1996 1999 1990
f 1999 1996 1997
f 1999 1997 2000
f 1998 1988 1992
f 1998 1992 2001
f 2001 1992 1991
f 2001 1991 2000
f 2001 2000 1997
f 2001 1997 1998
f 1999 1994 1990
f 1999 2002 1994
f 2000 1991 1995
f 2000 1995 2003
f 1995 1994 2002
f 1995 2002 2003
f 2003 2002 1999
f 2003 1999 2000
f 2007 2005 2004
f 2007 2008 2005
f 2008 2006 2005
f 2008 2009 2006
f 2005 2010 2004
f 2005 2011 2010
f 2006 2011 2005
f 2006 2012 2011
f 2010 2007 2004
f 2010 2014 2007
f 2008 2007 2014
f 2008 2014 2015
f 2014 2010 2011
f 2014 2011 2015
f 2016 2012 2006
f 2016 2006 2009
f 2009 2008 2015
f 2009 2015 2016
f 2017 2012 2016
f 2017 2013 2012
f 2012 2021 2011
f 2012 2022 2021
f 2022 2018 2021
f 2022 2019 2018
f 2013 2022 2012
f 2013 2023 2022
f 2022 2020 2019
f 2022 2023 2020
f 2024 2011 2021
f 2024 2015 2011
f 2016 2015 2024
f 2016 2024 2025
f 2026 2023 2013
f 2026 2013 2017
f 2017 2016 2025
f 2017 2025 2026
f 2019 2027 2018
f 2019 2028 2027
f 2020 2028 2019
f 2020 2029 2028
f 2030 2018 2027
f 2030 2021 2018
f 2032 2029 2020
f 2032 2020 2023
f 2033 2021 2030
f 2033 2024 2021
f 2025 2024 2033
f 2025 2033 2034
f 2033 2030 2031
f 2033 2031 2034
f 2035 2032 2023
f 2035 2023 2026
f 2035 2026 2025
f 2035 2025 2034
f 2035 2034 2031
f 2035 2031 2032
f 2028 2036 2027
f 2028 2037 2036
f 2029 2037 2028
f 2029 2038 2037
f 2040 2027 2036
f 2040 2030 2027
f 2031 2030 2040
f 2031 2040 2041
f 2040 2036 2037
f 2040 2037 2041
f 2042 2038 2029
f 2042 2029 2032
f 2032 2031 2041
f 2032 2041 2042
f 2043 2038 2042
f 2043 2039 2038
f 2038 2044 2037
f 2038 2045 2044
f 2039 2045 2038
f 2039 2046 2045
f 2044 2041 2037
f 2044 2047 2041
f 2042 2041 2047
f 2042 2047 2048
f 2046 2039 2043
f 2046 2043 2049
f 2043 2042 2048
f 2043 2048 2049
f 2051 2047 2050
f 2051 2048 2047
f 2054 2044 2045
f 2054 2053 2044
f 2046 2054 2045
f 2046 2055 2054
f 2057 2044 2053
f 2057 2047 2044
f 2056 2053 2052
f 2056 2057 2053
f 2055 2046 2049
f 2055 2049 2059
f 2059 2049 2048
f 2059 2048 2058
f 2060 2047 2057
f 2060 2050 2047
f 2058 2048 2051
f 2058 2051 2061
f 2051 2050 2060
f 2051 2060 2061
f 2060 2057 2058
f 2060 2058 2061
f 2062 2058 2061
f 2062 2059 2058
f 2064 2052 2053
f 2064 2063 2052
f 2065 2053 2054
f 2065 2064 2053
f 2055 2065 2054
f 2055 2066 2065
f 2063 2056 2052
f 2063 2068 2056
f 2069 2057 2056
f 2069 2056 2068
f 2070 2058 2057
f 2070 2057 2069
f 2071 2066 2055
f 2071 2055 2059
f 2072 2066 2071
f 2072 2067 2066
f 2073 2058 2070
f 2073 2061 2058
f 2074 2071 2059
f 2074 2059 2062
f 2062 2061 2073
f 2062 2073 2074
f 2074 2073 2070
f 2074 2070 2071
f 2064 2075 2063
f 2064 2076 2075
f 2065 2076 2064
f 2065 2077 2076
f 2078 2065 2066
f 2078 2077 2065
f 2079 2066 2067
f 2079 2078 2066
f 2075 2068 2063
f 2075 2080 2068
f 2081 2069 2068
f 2081 2068 2080
f 2070 2069 2081
f 2070 2081 2082
f 2083 2071 2070
f 2083 2070 2082
f 2079 2067 2072
f 2079 2072 2084
f 2072 2071 2083
f 2072 2083 2084
f 2084 2083 2078
f 2084 2078 2079
f 2085 2081 2080
f 2085 2086 2081
f 2087 2081 2086
f 2087 2082 2081
f 2076 2088 2075
f 2076 2089 2088
f 2090 2076 2077
f 2090 2089 2076
f 2091 2077 2078
f 2091 2090 2077
f 2088 2080 2075
f 2088 2093 2080
f 2094 2093 2088
f 2094 2088 2089
f 2095 2094 2089
f 2095 2089 2090
f 2096 2091 2078
f 2096 2078 2083
f 2096 2083 2082
f 2096 2082 2095
f 2096 2095 2090
f 2096 2090 2091
f 2093 2085 2080
f 2093 2098 2085
f 2098 2092 2097
f 2098 2093 2092
f 2099 2086 2085
f 2099 2085 2098
f 2095 2082 2087
f 2095 2087 2100
f 2100 2087 2086
f 2100 2086 2099
f 2100 2099 2094
f 2100 2094 2095
f 2102 2092 2093
f 2102 2101 2092
f 2103 2093 2094
f 2103 2102 2093
f 2101 2097 2092
f 2101 2104 2097
f 2105 2098 2097
f 2105 2097 2104
f 2103 2094 2099
f 2103 2099 2106
f 2106 2099 2098
f 2106 2098 2105
f 2106 2105 2102
f 2106 2102 2103
f 2108 2101 2102
f 2108 2107 2101
f 2109 2101 2107
f 2109 2104 2101
f 2110 2108 2102
f 2110 2102 2105
f 2110 2105 2104
f 2110 2104 2109
f 2108 2111 2107
f 2108 2112 2111
f 2114 2107 2111
f 2114 2109 2107
f 2115 2112 2108
f 2115 2108 2110
f 2110 2109 2114
f 2110 2114 2115
f 2114 2111 2112
f 2114 2112 2115
f 2115 2113 2112
f 2115 2116 2113
f 2113 2119 2112
f 2113 2120 2119
f 2119 2118 2117
f 2119 2120 2118
f 2122 2112 2119
f 2122 2115 2112
f 2123 2120 2113
f 2123 2113 2116
f 2116 2115 2122
f 2116 2122 2123
f 2123 2121 2120
f 2123 2124 2121
f 2118 2125 2117
f 2118 2126 2125
f 2128 2117 2125
f 2128 2119 2117
f 2129 2126 2118
f 2129 2118 2120
f 2121 2129 2120
f 2121 2130 2129
f 2129 2127 2126
f 2129 2130 2127
f 2131 2119 2128
f 2131 2122 2119
f 2123 2122 2131
f 2123 2131 2132
f 2132 2131 2128
f 2132 2128 2129
f 2133 2130 2121
f 2133 2121 2124
f 2124 2123 2132
f 2124 2132 2133
f 2133 2132 2129
f 2133 2129 2130
f 2126 2134 2125
f 2126 2135 2134
f 2127 2135 2126
f 2127 2136 2135
f 2138 2125 2134
f 2138 2128 2125
f 2129 2128 2138
f 2129 2138 2139
f 2138 2134 2135
f 2138 2135 2139
f 2140 2136 2127
f 2140 2127 2130
f 2130 2129 2139
f 2130 2139 2140
f 2141 2136 2140
f 2141 2137 2136
f 2136 2142 2135
f 2136 2143 2142
f 2137 2143 2136
f 2137 2144 2143
f 2145 2135 2142
f 2145 2139 2135
f 2140 2139 2145
f 2140 2145 2146
f 2144 2137 2141
f 2144 2141 2147
f 2141 2140 2146
f 2141 2146 2147
f 2149 2142 2143
f 2149 2148 2142
f 2144 2149 2143
f 2144 2150 2149
f 2148 2145 2142
f 2148 2151 2145
f 2146 2145 2151
f 2146 2151 2152
f 2150 2144 2147
f 2150 2147 2153
f 2153 2147 2146
f 2153 2146 2152
f 2154 2152 2151
f 2154 2155 2152
f 2149 2159 2148
f 2149 2160 2159
f 2150 2160 2149
f 2150 2161 2160
f 2160 2157 2156
f 2160 2161 2157
f 2164 2148 2159
f 2164 2151 2148
f 2163 2159 2158
f 2163 2164 2159
f 2166 2161 2150
f 2166 2150 2153
f 2153 2152 2165
f 2153 2165 2166
f 2166 2162 2161
f 2166 2167 2162
f 2168 2151 2164
f 2168 2154 2151
f 2165 2152 2155
f 2165 2155 2169
f 2155 2154 2168
f 2155 2168 2169
f 2168 2164 2165
f 2168 2165 2169
f 2157 2170 2156
f 2157 2171 2170
f 2173 2158 2159
f 2173 2172 2158
f 2170 2160 2156
f 2170 2174 2160
f 2160 2173 2159
f 2160 2174 2173
f 2171 2157 2161
f 2171 2161 2175
f 2174 2170 2171
f 2174 2171 2175
f 2162 2175 2161
f 2162 2176 2175
f 2172 2163 2158
f 2172 2177 2163
f 2178 2164 2163
f 2178 2163 2177
f 2165 2164 2178
f 2165 2178 2179
f 2166 2165 2179
f 2166 2179 2180
f 2176 2162 2167
f 2176 2167 2181
f 2167 2166 2180
f 2167 2180 2181
f 2180 2175 2176
f 2180 2176 2181
f 2183 2177 2182
f 2183 2178 2177
f 2173 2184 2172
f 2173 2185 2184
f 2186 2173 2174
f 2186 2185 2173
f 2187 2174 2175
f 2187 2186 2174
f 2184 2177 2172
f 2184 2189 2177
f 2190 2189 2184
f 2190 2184 2185
f 2191 2179 2178
f 2191 2178 2190
f 2190 2185 2186
f 2190 2186 2191
f 2187 2175 2180
f 2187 2180 2192
f 2192 2180 2179
f 2192 2179 2191
f 2192 2191 2186
f 2192 2186 2187
f 2189 2182 2177
f 2189 2194 2182
f 2194 2188 2193
f 2194 2189 2188
f 2190 2178 2183
f 2190 2183 2195
f 2195 2183 2182
f 2195 2182 2194
f 2196 2190 2195
f 2196 2191 2190
f 2198 2188 2189
f 2198 2197 2188
f 2199 2189 2190
f 2199 2198 2189
f 2200 2190 2191
f 2200 2199 2190
f 2197 2193 2188
f 2197 2201 2193
f 2202 2194 2193
f 2202 2193 2201
f 2203 2195 2194
f 2203 2194 2202
f 2200 2191 2196
f 2200 2196 2204
f 2204 2196 2195
f 2204 2195 2203
f 2204 2203 2199
f 2204 2199 2200
f 2205 2202 2201
f 2205 2206 2202
f 2207 2202 2206
f 2207 2203 2202
f 2209 2197 2198
f 2209 2208 2197
f 2210 2198 2199
f 2210 2209 2198
f 2211 2197 2208
f 2211 2201 2197
f 2210 2199 2203
f 2210 2203 2213
f 2212 2209 2210
f 2212 2210 2213
f 2214 2201 2211
f 2214 2205 2201
f 2215 2206 2205
f 2215 2205 2214
f 2214 2211 2212
f 2214 2212 2215
f 2213 2203 2207
f 2213 2207 2216
f 2216 2207 2206
f 2216 2206 2215
f 2215 2212 2213
f 2215 2213 2216
f 2218 2208 2209
f 2218 2217 2208
f 2220 2208 2217
f 2220 2211 2208
f 2221 2218 2209
f 2221 2209 2212
f 2212 2211 2220
f 2212 2220 2221
f 2221 2219 2218
f 2221 2222 2219
f 2218 2223 2217
f 2218 2224 2223
f 2219 2224 2218
f 2219 2225 2224
f 2227 2217 2223
f 2227 2220 2217
f 2221 2220 2227
f 2221 2227 2228
f 2227 2223 2224
f 2227 2224 2228
f 2229 2225 2219
f 2229 2219 2222
f 2222 2221 2228
f 2222 2228 2229
f 2230 2225 2229
f 2230 2226 2225
f 2225 2234 2224
f 2225 2235 2234
f 2234 2232 2231
f 2234 2235 2232
f 2226 2235 2225
f 2226 2236 2235
f 2235 2233 2232
f 2235 2236 2233
f 2237 2224 2234
f 2237 2228 2224
f 2229 2228 2237
f 2229 2237 2238
f 2239 2236 2226
f 2239 2226 2230
f 2230 2229 2238
f 2230 2238 2239
f 2239 2238 2235
f 2239 2235 2236
f 2232 2240 2231
f 2232 2241 2240
f 2233 2241 2232
f 2233 2242 2241
f 2243 2231 2240
f 2243 2234 2231
f 2243 2240 2241
f 2243 2241 2244
f 2245 2242 2233
f 2245 2233 2236
f 2236 2235 2244
f 2236 2244 2245
f 2246 2234 2243
f 2246 2237 2234
f 2247 2244 2235
f 2247 2235 2238
f 2247 2238 2237
f 2247 2237 2246
f 2247 2246 2243
f 2247 2243 2244
f 2242 2248 2241
f 2242 2249 2248
f 2251 2241 2248
f 2251 2244 2241
f 2252 2249 2242
f 2252 2242 2245
f 2245 2244 2251
f 2245 2251 2252
f 2253 2249 2252
f 2253 2250 2249
f 2255 2248 2249
f 2255 2254 2248
f 2250 2255 2249
f 2250 2256 2255
f 2257 2248 2254
f 2257 2251 2248
f 2258 2252 2251
f 2258 2251 2257
f 2256 2250 2253
f 2256 2253 2259
f 2253 2252 2258
f 2253 2258 2259
f 2264 2254 2255
f 2264 2263 2254
f 2265 2255 2256
f 2265 2264 2255
f 2264 2261 2260
f 2264 2265 2261
f 2267 2254 2263
f 2267 2257 2254
f 2266 2263 2262
f 2266 2267 2263
f 2268 2258 2257
f 2268 2257 2267
f 2269 2265 2256
f 2269 2256 2259
f 2259 2258 2268
f 2259 2268 2269
f 2261 2270 2260
f 2261 2271 2270
f 2273 2262 2263
f 2273 2272 2262
f 2270 2264 2260
f 2270 2274 2264
f 2274 2263 2264
f 2274 2273 2263
f 2271 2261 2265
f 2271 2265 2275
f 2274 2270 2271
f 2274 2271 2275
f 2272 2266 2262
f 2272 2276 2266
f 2277 2267 2266
f 2277 2266 2276
f 2278 2268 2267
f 2278 2267 2277
f 2279 2275 2265
f 2279 2265 2269
f 2269 2268 2278
f 2269 2278 2279
f 2273 2280 2272
f 2273 2281 2280
f 2282 2273 2274
f 2282 2281 2273
f 2283 2274 2275
f 2283 2282 2274
f 2280 2276 2272
f 2280 2285 2276
f 2286 2277 2276
f 2286 2276 2285
f 2286 2285 2280
f 2286 2280 2281
f 2287 2278 2277
f 2287 2277 2286
f 2283 2275 2279
f 2283 2279 2288
f 2288 2279 2278
f 2288 2278 2287
f 2288 2287 2282
f 2288 2282 2283
f 2290 2284 2289
f 2290 2285 2284
f 2291 2285 2290
f 2291 2286 2285
f 2292 2286 2291
f 2292 2287 2286
f 2294 2281 2282
f 2294 2293 2281
f 2296 2284 2285
f 2296 2295 2284
f 2293 2286 2281
f 2293 2297 2286
f 2297 2285 2286
f 2297 2296 2285
f 2294 2282 2287
f 2294 2287 2298
f 2298 2297 2293
f 2298 2293 2294
f 2295 2289 2284
f 2295 2299 2289
f 2290 2289 2299
f 2290 2299 2300
f 2301 2291 2290
f 2301 2290 2300
f 2298 2287 2292
f 2298 2292 2302
f 2302 2292 2291
f 2302 2291 2301
f 2302 2301 2297
f 2302 2297 2298
f 2303 2300 2299
f 2303 2304 2300
f 2306 2295 2296
f 2306 2305 2295
f 2307 2296 2297
f 2307 2306 2296
f 2305 2299 2295
f 2305 2308 2299
f 2308 2305 2306
f 2308 2306 2309
f 2307 2297 2301
f 2307 2301 2310
f 2310 2301 2300
f 2310 2300 2309
f 2310 2309 2306
f 2310 2306 2307
f 2308 2303 2299
f 2308 2311 2303
f 2309 2300 2304
f 2309 2304 2312
f 2304 2303 2311
f 2304 2311 2312
f 2312 2311 2308
f 2312 2308 2309
f 2316 2314 2313
f 2316 2317 2314
f 2317 2315 2314
f 2317 2318 2315
f 2314 2319 2313
f 2314 2320 2319
f 2315 2320 2314
f 2315 2321 2320
f 2319 2316 2313
f 2319 2323 2316
f 2317 2316 2323
f 2317 2323 2324
f 2323 2319 2320
f 2323 2320 2324
f 2325 2321 2315
f 2325 2315 2318
f 2318 2317 2324
f 2318 2324 2325
f 2326 2321 2325
f 2326 2322 2321
f 2321 2330 2320
f 2321 2331 2330
f 2331 2327 2330
f 2331 2328 2327
f 2322 2331 2321
f 2322 2332 2331
f 2331 2329 2328
f 2331 2332 2329
f 2333 2320 2330
f 2333 2324 2320
f 2325 2324 2333
f 2325 2333 2334
f 2335 2332 2322
f 2335 2322 2326
f 2326 2325 2334
f 2326 2334 2335
f 2328 2336 2327
f 2328 2337 2336
f 2329 2337 2328
f 2329 2338 2337
f 2339 2327 2336
f 2339 2330 2327
f 2341 2338 2329
f 2341 2329 2332
f 2342 2330 2339
f 2342 2333 2330
f 2334 2333 2342
f 2334 2342 2343
f 2342 2339 2340
f 2342 2340 2343
f 2344 2341 2332
f 2344 2332 2335
f 2344 2335 2334
f 2344 2334 2343
f 2344 2343 2340
f 2344 2340 2341
f 2337 2345 2336
f 2337 2346 2345
f 2338 2346 2337
f 2338 2347 2346
f 2349 2336 2345
f 2349 2339 2336
f 2340 2339 2349
f 2340 2349 2350
f 2349 2345 2346
f 2349 2346 2350
f 2351 2347 2338
f 2351 2338 2341
f 2341 2340 2350
f 2341 2350 2351
f 2352 2347 2351
f 2352 2348 2347
f 2347 2353 2346
f 2347 2354 2353
f 2348 2354 2347
f 2348 2355 2354
f 2353 2350 2346
f 2353 2356 2350
f 2351 2350 2356
f 2351 2356 2357
f 2355 2348 2352
f 2355 2352 2358
f 2352 2351 2357
f 2352 2357 2358
f 2360 2356 2359
f 2360 2357 2356
f 2363 2353 2354
f 2363 2362 2353
f 2355 2363 2354
f 2355 2364 2363
f 2366 2353 2362
f 2366 2356 2353
f 2365 2362 2361
f 2365 2366 2362
f 2364 2355 2358
f 2364 2358 2368
f 2368 2358 2357
f 2368 2357 2367
f 2369 2356 2366
f 2369 2359 2356
f 2367 2357 2360
f 2367 2360 2370
f 2360 2359 2369
f 2360 2369 2370
f 2369 2366 2367
f 2369 2367 2370
f 2371 2367 2370
f 2371 2368 2367
f 2373 2361 2362
f 2373 2372 2361
f 2374 2362 2363
f 2374 2373 2362
f 2364 2374 2363
f 2364 2375 2374
f 2372 2365 2361
f 2372 2377 2365
f 2378 2366 2365
f 2378 2365 2377
f 2379 2367 2366
f 2379 2366 2378
f 2380 2375 2364
f 2380 2364 2368
f 2381 2375 2380
f 2381 2376 2375
f 2382 2367 2379
f 2382 2370 2367
f 2383 2380 2368
f 2383 2368 2371
f 2371 2370 2382
f 2371 2382 2383
f 2383 2382 2379
f 2383 2379 2380
f 2373 2384 2372
f 2373 2385 2384
f 2374 2385 2373
f 2374 2386 2385
f 2387 2374 2375
f 2387 2386 2374
f 2388 2375 2376
f 2388 2387 2375
f 2384 2377 2372
f 2384 2389 2377
f 2390 2378 2377
f 2390 2377 2389
f 2379 2378 2390
f 2379 2390 2391
f 2392 2380 2379
f 2392 2379 2391
f 2388 2376 2381
f 2388 2381 2393
f 2381 2380 2392
f 2381 2392 2393
f 2393 2392 2387
f 2393 2387 2388
f 2394 2390 2389
f 2394 2395 2390
f 2396 2390 2395
f 2396 2391 2390
f 2385 2397 2384
f 2385 2398 2397
f 2399 2385 2386
f 2399 2398 2385
f 2400 2386 2387
f 2400 2399 2386
f 2397 2389 2384
f 2397 2402 2389
f 2403 2402 2397
f 2403 2397 2398
f 2404 2403 2398
f 2404 2398 2399
f 2405 2400 2387
f 2405 2387 2392
f 2405 2392 2391
f 2405 2391 2404
f 2405 2404 2399
f 2405 2399 2400
f 2402 2394 2389
f 2402 2407 2394
f 2407 2401 2406
f 2407 2402 2401
f 2408 2395 2394
f 2408 2394 2407
f 2404 2391 2396
f 2404 2396 2409
f 2409 2396 2395
f 2409 2395 2408
f 2409 2408 2403
f 2409 2403 2404
f 2411 2401 2402
f 2411 2410 2401
f 2412 2402 2403
f 2412 2411 2402
f 2410 2406 2401
f 2410 2413 2406
f 2414 2407 2406
f 2414 2406 2413
f 2412 2403 2408
f 2412 2408 2415
f 2415 2408 2407
f 2415 2407 2414
f 2415 2414 2411
f 2415 2411 2412
f 2417 2410 2411
f 2417 2416 2410
f 2418 2410 2416
f 2418 2413 2410
f 2419 2417 2411
f 2419 2411 2414
f 2419 2414 2413
f 2419 2413 2418
f 2417 2420 2416
f 2417 2421 2420
f 2423 2416 2420
f 2423 2418 2416
f 2424 2421 2417
f 2424 2417 2419
f 2419 2418 2423
f 2419 2423 2424
f 2423 2420 2421
f 2423 2421 2424
f 2424 2422 2421
f 2424 2425 2422
f 2422 2428 2421
f 2422 2429 2428
f 2428 2427 2426
f 2428 2429 2427
f 2431 2421 2428
f 2431 2424 2421
f 2432 2429 2422
f 2432 2422 2425
f 2425 2424 2431
f 2425 2431 2432
f 2432 2430 2429
f 2432 2433 2430
f 2427 2434 2426
f 2427 2435 2434
f 2437 2426 2434
f 2437 2428 2426
f 2438 2435 2427
f 2438 2427 2429
f 2430 2438 2429
f 2430 2439 2438
f 2438 2436 2435
f 2438 2439 2436
f 2440 2428 2437
f 2440 2431 2428
f 2432 2431 2440
f 2432 2440 2441
f 2441 2440 2437
f 2441 2437 2438
f 2442 2439 2430
f 2442 2430 2433
f 2433 2432 2441
f 2433 2441 2442
f 2442 2441 2438
f 2442 2438 2439
f 2435 2443 2434
f 2435 2444 2443
f 2436 2444 2435
f 2436 2445 2444
f 2447 2434 2443
f 2447 2437 2434
f 2438 2437 2447
f 2438 2447 2448
f 2447 2443 2444
f 2447 2444 2448
f 2449 2445 2436
f 2449 2436 2439
f 2439 2438 2448
f 2439 2448 2449
f 2450 2445 2449
f 2450 2446 2445
f 2445 2451 2444
f 2445 2452 2451
f 2446 2452 2445
f 2446 2453 2452
f 2454 2444 2451
f 2454 2448 2444
f 2449 2448 2454
f 2449 2454 2455
f 2453 2446 2450
f 2453 2450 2456
f 2450 2449 2455
f 2450 2455 2456
f 2458 2451 2452
f 2458 2457 2451
f 2453 2458 2452
f 2453 2459 2458
f 2457 2454 2451
f 2457 2460 2454
f 2455 2454 2460
f 2455 2460 2461
f 2459 2453 2456
f 2459 2456 2462
f 2462 2456 2455
f 2462 2455 2461
f 2463 2461 2460
f 2463 2464 2461
f 2458 2468 2457
f 2458 2469 2468
f 2459 2469 2458
f 2459 2470 2469
f 2469 2466 2465
f 2469 2470 2466
f 2473 2457 2468
f 2473 2460 2457
f 2472 2468 2467
f 2472 2473 2468
f 2475 2470 2459
f 2475 2459 2462
f 2462 2461 2474
f 2462 2474 2475
f 2475 2471 2470
f 2475 2476 2471
f 2477 2460 2473
f 2477 2463 2460
f 2474 2461 2464
f 2474 2464 2478
f 2464 2463 2477
f 2464 2477 2478
f 2477 2473 2474
f 2477 2474 2478
f 2466 2479 2465
f 2466 2480 2479
f 2482 2467 2468
f 2482 2481 2467
f 2479 2469 2465
f 2479 2483 2469
f 2469 2482 2468
f 2469 2483 2482
f 2480 2466 2470
f 2480 2470 2484
f 2483 2479 2480
f 2483 2480 2484
f 2471 2484 2470
f 2471 2485 2484
f 2481 2472 2467
f 2481 2486 2472
f 2487 2473 2472
f 2487 2472 2486
f 2474 2473 2487
f 2474 2487 2488
f 2475 2474 2488
f 2475 2488 2489
f 2485 2471 2476
f 2485 2476 2490
f 2476 2475 2489
f 2476 2489 2490
f 2489 2484 2485
f 2489 2485 2490
f 2492 2486 2491
f 2492 2487 2486
f 2482 2493 2481
f 2482 2494 2493
f 2495 2482 2483
f 2495 2494 2482
f 2496 2483 2484
f 2496 2495 2483
f 2493 2486 2481
f 2493 2498 2486
f 2499 2498 2493
f 2499 2493 2494
f 2500 2488 2487
f 2500 2487 2499
f 2499 2494 2495
f 2499 2495 2500
f 2496 2484 2489
f 2496 2489 2501
f 2501 2489 2488
f 2501 2488 2500
f 2501 2500 2495
f 2501 2495 2496
f 2498 2491 2486
f 2498 2503 2491
f 2503 2497 2502
f 2503 2498 2497
f 2499 2487 2492
f 2499 2492 2504
f 2504 2492 2491
f 2504 2491 2503
f 2505 2499 2504
f 2505 2500 2499
f 2507 2497 2498
f 2507 2506 2497
f 2508 2498 2499
f 2508 2507 2498
f 2509 2499 2500
f 2509 2508 2499
f 2506 2502 2497
f 2506 2510 2502
f 2511 2503 2502
f 2511 2502 2510
f 2512 2504 2503
f 2512 2503 2511
f 2509 2500 2505
f 2509 2505 2513
f 2513 2505 2504
f 2513 2504 2512
f 2513 2512 2508
f 2513 2508 2509
f 2514 2511 2510
f 2514 2515 2511
f 2516 2511 2515
f 2516 2512 2511
f 2518 2506 2507
f 2518 2517 2506
f 2519 2507 2508
f 2519 2518 2507
f 2517 2510 2506
f 2517 2520 2510
f 2519 2508 2512
f 2519 2512 2522
f 2521 2518 2519
f 2521 2519 2522
f 2523 2510 2520
f 2523 2514 2510
f 2524 2515 2514
f 2524 2514 2523
f 2523 2520 2521
f 2523 2521 2524
f 2522 2512 2516
f 2522 2516 2525
f 2525 2516 2515
f 2525 2515 2524
f 2524 2521 2522
f 2524 2522 2525
f 2527 2517 2518
f 2527 2526 2517
f 2529 2517 2526
f 2529 2520 2517
f 2530 2527 2518
f 2530 2518 2521
f 2521 2520 2529
f 2521 2529 2530
f 2530 2528 2527
f 2530 2531 2528
f 2527 2532 2526
f 2527 2533 2532
f 2528 2533 2527
f 2528 2534 2533
f 2536 2526 2532
f 2536 2529 2526
f 2530 2529 2536
f 2530 2536 2537
f 2536 2532 2533
f 2536 2533 2537
f 2538 2534 2528
f 2538 2528 2531
f 2531 2530 2537
f 2531 2537 2538
f 2539 2534 2538
f 2539 2535 2534
f 2534 2543 2533
f 2534 2544 2543
f 2543 2541 2540
f 2543 2544 2541
f 2535 2544 2534
f 2535 2545 2544
f 2544 2542 2541
f 2544 2545 2542
f 2546 2533 2543
f 2546 2537 2533
f 2538 2537 2546
f 2538 2546 2547
f 2548 2545 2535
f 2548 2535 2539
f 2539 2538 2547
f 2539 2547 2548
f 2548 2547 2544
f 2548 2544 2545
f 2541 2549 2540
f 2541 2550 2549
f 2542 2550 2541
f 2542 2551 2550
f 2552 2540 2549
f 2552 2543 2540
f 2552 2549 2550
f 2552 2550 2553
f 2554 2551 2542
f 2554 2542 2545
f 2545 2544 2553
f 2545 2553 2554
f 2555 2543 2552
f 2555 2546 2543
f 2556 2553 2544
f 2556 2544 2547
f 2556 2547 2546
f 2556 2546 2555
f 2556 2555 2552
f 2556 2552 2553
f 2551 2557 2550
f 2551 2558 2557
f 2560 2550 2557
f 2560 2553 2550
f 2561 2558 2551
f 2561 2551 2554
f 2554 2553 2560
f 2554 2560 2561
f 2562 2558 2561
f 2562 2559 2558
f 2564 2557 2558
f 2564 2563 2557
f 2559 2564 2558
f 2559 2565 2564
f 2566 2557 2563
f 2566 2560 2557
f 2567 2561 2560
f 2567 2560 2566
f 2565 2559 2562
f 2565 2562 2568
f 2562 2561 2567
f 2562 2567 2568
f 2571 2563 2564
f 2571 2570 2563
f 2572 2564 2565
f 2572 2571 2564
f 2574 2563 2570
f 2574 2566 2563
f 2573 2570 2569
f 2573 2574 2570
f 2575 2567 2566
f 2575 2566 2574
f 2576 2572 2565
f 2576 2565 2568
f 2568 2567 2575
f 2568 2575 2576
f 2578 2569 2570
f 2578 2577 2569
f 2579 2570 2571
f 2579 2578 2570
f 2572 2579 2571
f 2572 2580 2579
f 2577 2573 2569
f 2577 2581 2573
f 2582 2574 2573
f 2582 2573 2581
f 2583 2575 2574
f 2583 2574 2582
f 2584 2580 2572
f 2584 2572 2576
f 2576 2575 2583
f 2576 2583 2584
f 2578 2585 2577
f 2578 2586 2585
f 2587 2578 2579
f 2587 2586 2578
f 2588 2579 2580
f 2588 2587 2579
f 2585 2581 2577
f 2585 2590 2581
f 2591 2582 2581
f 2591 2581 2590
f 2591 2590 2585
f 2591 2585 2586
f 2592 2583 2582
f 2592 2582 2591
f 2588 2580 2584
f 2588 2584 2593
f 2593 2584 2583
f 2593 2583 2592
f 2593 2592 2587
f 2593 2587 2588
f 2595 2589 2594
f 2595 2590 2589
f 2596 2590 2595
f 2596 2591 2590
f 2597 2591 2596
f 2597 2592 2591
f 2599 2586 2587
f 2599 2598 2586
f 2601 2589 2590
f 2601 2600 2589
f 2598 2591 2586
f 2598 2602 2591
f 2602 2590 2591
f 2602 2601 2590
f 2599 2587 2592
f 2599 2592 2603
f 2603 2602 2598
f 2603 2598 2599
f 2600 2594 2589
f 2600 2604 2594
f 2595 2594 2604
f 2595 2604 2605
f 2606 2596 2595
f 2606 2595 2605
f 2603 2592 2597
f 2603 2597 2607
f 2607 2597 2596
f 2607 2596 2606
f 2607 2606 2602
f 2607 2602 2603
f 2608 2605 2604
f 2608 2609 2605
f 2611 2600 2601
f 2611 2610 2600
f 2612 2601 2602
f 2612 2611 2601
f 2610 2604 2600
f 2610 2613 2604
f 2613 2610 2611
f 2613 2611 2614
f 2612 2602 2606
f 2612 2606 2615
f 2615 2606 2605
f 2615 2605 2614
f 2615 2614 2611
f 2615 2611 2612
f 2613 2608 2604
f 2613 2616 2608
f 2614 2605 2609
f 2614 2609 2617
f 2609 2608 2616
f 2609 2616 2617
f 2617 2616 2613
f 2617 2613 2614
f 2621 2619 2618
f 2621 2622 2619
f 2622 2620 2619
f 2622 2623 2620
f 2619 2624 2618
f 2619 2625 2624
f 2620 2625 2619
f 2620 2626 2625
f 2624 2621 2618
f 2624 2628 2621
f 2622 2621 2628
f 2622 2628 2629
f 2628 2624 2625
f 2628 2625 2629
f 2626 2620 2623
f 2626 2623 2630
f 2623 2622 2629
f 2623 2629 2630
f 2631 2626 2630
f 2631 2627 2626
f 2626 2635 2625
f 2626 2636 2635
f 2636 2632 2635
f 2636 2633 2632
f 2627 2636 2626
f 2627 2637 2636
f 2636 2634 2633
f 2636 2637 2634
f 2638 2625 2635
f 2638 2629 2625
f 2630 2629 2638
f 2630 2638 2639
f 2640 2637 2627
f 2640 2627 2631
f 2631 2630 2639
f 2631 2639 2640
f 2633 2641 2632
f 2633 2642 2641
f 2634 2642 2633
f 2634 2643 2642
f 2644 2632 2641
f 2644 2635 2632
f 2646 2643 2634
f 2646 2634 2637
f 2647 2635 2644
f 2647 2638 2635
f 2639 2638 2647
f 2639 2647 2648
f 2647 2644 2645
f 2647 2645 2648
f 2649 2646 2637
f 2649 2637 2640
f 2649 2640 2639
f 2649 2639 2648
f 2649 2648 2645
f 2649 2645 2646
f 2642 2650 2641
f 2642 2651 2650
f 2643 2651 2642
f 2643 2652 2651
f 2654 2641 2650
f 2654 2644 2641
f 2645 2644 2654
f 2645 2654 2655
f 2654 2650 2651
f 2654 2651 2655
f 2656 2652 2643
f 2656 2643 2646
f 2646 2645 2655
f 2646 2655 2656
f 2657 2652 2656
f 2657 2653 2652
f 2652 2658 2651
f 2652 2659 2658
f 2653 2659 2652
f 2653 2660 2659
f 2658 2655 2651
f 2658 2661 2655
f 2656 2655 2661
f 2656 2661 2662
f 2660 2653 2657
f 2660 2657 2663
f 2657 2656 2662
f 2657 2662 2663
f 2665 2661 2664
f 2665 2662 2661
f 2668 2658 2659
f 2668 2667 2658
f 2660 2668 2659
f 2660 2669 2668
f 2671 2658 2667
f 2671 2661 2658
f 2670 2667 2666
f 2670 2671 2667
f 2669 2660 2663
f 2669 2663 2673
f 2673 2663 2662
f 2673 2662 2672
f 2674 2661 2671
f 2674 2664 2661
f 2672 2662 2665
f 2672 2665 2675
f 2665 2664 2674
f 2665 2674 2675
f 2674 2671 2672
f 2674 2672 2675
f 2677 2666 2667
f 2677 2676 2666
f 2678 2667 2668
f 2678 2677 2667
f 2669 2678 2668
f 2669 2679 2678
f 2676 2670 2666
f 2676 2681 2670
f 2682 2671 2670
f 2682 2670 2681
f 2683 2672 2671
f 2683 2671 2682
f 2684 2679 2669
f 2684 2669 2673
f 2673 2672 2683
f 2673 2683 2684
f 2685 2679 2684
f 2685 2680 2679
f 2677 2686 2676
f 2677 2687 2686
f 2678 2687 2677
f 2678 2688 2687
f 2689 2678 2679
f 2689 2688 2678
f 2690 2679 2680
f 2690 2689 2679
f 2686 2681 2676
f 2686 2691 2681
f 2692 2682 2681
f 2692 2681 2691
f 2683 2682 2692
f 2683 2692 2693
f 2694 2684 2683
f 2694 2683 2693
f 2690 2680 2685
f 2690 2685 2695
f 2695 2685 2684
f 2695 2684 2694
f 2695 2694 2689
f 2695 2689 2690
f 2696 2692 2691
f 2696 2697 2692
f 2698 2692 2697
f 2698 2693 2692
f 2687 2699 2686
f 2687 2700 2699
f 2701 2687 2688
f 2701 2700 2687
f 2702 2688 2689
f 2702 2701 2688
f 2699 2691 2686
f 2699 2704 2691
f 2705 2704 2699
f 2705 2699 2700
f 2706 2705 2700
f 2706 2700 2701
f 2702 2689 2694
f 2702 2694 2707
f 2707 2694 2693
f 2707 2693 2706
f 2707 2706 2701
f 2707 2701 2702
f 2704 2696 2691
f 2704 2709 2696
f 2709 2703 2708
f 2709 2704 2703
f 2710 2697 2696
f 2710 2696 2709
f 2706 2693 2698
f 2706 2698 2711
f 2711 2698 2697
f 2711 2697 2710
f 2711 2710 2705
f 2711 2705 2706
f 2713 2703 2704
f 2713 2712 2703
f 2714 2704 2705
f 2714 2713 2704
f 2712 2708 2703
f 2712 2715 2708
f 2716 2709 2708
f 2716 2708 2715
f 2714 2705 2710
f 2714 2710 2717
f 2717 2710 2709
f 2717 2709 2716
f 2717 2716 2713
f 2717 2713 2714
f 2719 2712 2713
f 2719 2718 2712
f 2720 2712 2718
f 2720 2715 2712
f 2721 2719 2713
f 2721 2713 2716
f 2721 2716 2715
f 2721 2715 2720
f 2719 2722 2718
f 2719 2723 2722
f 2725 2718 2722
f 2725 2720 2718
f 2726 2723 2719
f 2726 2719 2721
f 2721 2720 2725
f 2721 2725 2726
f 2726 2724 2723
f 2726 2727 2724
f 2723 2730 2722
f 2723 2731 2730
f 2724 2731 2723
f 2724 2732 2731
f 2732 2728 2731
f 2732 2729 2728
f 2730 2725 2722
f 2730 2734 2725
f 2726 2725 2734
f 2726 2734 2735
f 2735 2734 2730
f 2735 2730 2731
f 2736 2732 2724
f 2736 2724 2727
f 2727 2726 2735
f 2727 2735 2736
f 2736 2733 2732
f 2736 2737 2733
f 2729 2738 2728
f 2729 2739 2738
f 2741 2728 2738
f 2741 2731 2728
f 2742 2739 2729
f 2742 2729 2732
f 2733 2742 2732
f 2733 2743 2742
f 2742 2740 2739
f 2742 2743 2740
f 2744 2731 2741
f 2744 2735 2731
f 2736 2735 2744
f 2736 2744 2745
f 2745 2744 2741
f 2745 2741 2742
f 2746 2743 2733
f 2746 2733 2737
f 2737 2736 2745
f 2737 2745 2746
f 2746 2745 2742
f 2746 2742 2743
f 2739 2747 2738
f 2739 2748 2747
f 2740 2748 2739
f 2740 2749 2748
f 2751 2738 2747
f 2751 2741 2738
f 2742 2741 2751
f 2742 2751 2752
f 2751 2747 2748
f 2751 2748 2752
f 2753 2749 2740
f 2753 2740 2743
f 2743 2742 2752
f 2743 2752 2753
f 2754 2749 2753
f 2754 2750 2749
f 2749 2755 2748
f 2749 2756 2755
f 2750 2756 2749
f 2750 2757 2756
f 2758 2748 2755
f 2758 2752 2748
f 2753 2752 2758
f 2753 2758 2759
f 2757 2750 2754
f 2757 2754 2760
f 2754 2753 2759
f 2754 2759 2760
f 2762 2755 2756
f 2762 2761 2755
f 2757 2762 2756
f 2757 2763 2762
f 2761 2758 2755
f 2761 2764 2758
f 2759 2758 2764
f 2759 2764 2765
f 2763 2757 2760
f 2763 2760 2766
f 2766 2760 2759
f 2766 2759 2765
f 2767 2765 2764
f 2767 2768 2765
f 2773 2761 2762
f 2773 2772 2761
f 2763 2773 2762
f 2763 2774 2773
f 2773 2770 2769
f 2773 2774 2770
f 2777 2761 2772
f 2777 2764 2761
f 2776 2772 2771
f 2776 2777 2772
f 2779 2774 2763
f 2779 2763 2766
f 2766 2765 2778
f 2766 2778 2779
f 2779 2775 2774
f 2779 2780 2775
f 2781 2764 2777
f 2781 2767 2764
f 2778 2765 2768
f 2778 2768 2782
f 2768 2767 2781
f 2768 2781 2782
f 2781 2777 2778
f 2781 2778 2782
f 2770 2783 2769
f 2770 2784 2783
f 2786 2771 2772
f 2786 2785 2771
f 2783 2773 2769
f 2783 2787 2773
f 2773 2786 2772
f 2773 2787 2786
f 2784 2770 2774
f 2784 2774 2788
f 2787 2783 2784
f 2787 2784 2788
f 2775 2788 2774
f 2775 2789 2788
f 2785 2776 2771
f 2785 2790 2776
f 2791 2777 2776
f 2791 2776 2790
f 2778 2777 2791
f 2778 2791 2792
f 2779 2778 2792
f 2779 2792 2793
f 2789 2775 2780
f 2789 2780 2794
f 2780 2779 2793
f 2780 2793 2794
f 2793 2788 2789
f 2793 2789 2794
f 2796 2790 2795
f 2796 2791 2790
f 2786 2797 2785
f 2786 2798 2797
f 2799 2786 2787
f 2799 2798 2786
f 2800 2787 2788
f 2800 2799 2787
f 2797 2790 2785
f 2797 2802 2790
f 2803 2802 2797
f 2803 2797 2798
f 2804 2792 2791
f 2804 2791 2803
f 2803 2798 2799
f 2803 2799 2804
f 2800 2788 2793
f 2800 2793 2805
f 2805 2793 2792
f 2805 2792 2804
f 2805 2804 2799
f 2805 2799 2800
f 2802 2795 2790
f 2802 2807 2795
f 2807 2801 2806
f 2807 2802 2801
f 2803 2791 2796
f 2803 2796 2808
f 2808 2796 2795
f 2808 2795 2807
f 2809 2803 2808
f 2809 2804 2803
f 2811 2801 2802
f 2811 2810 2801
f 2812 2802 2803
f 2812 2811 2802
f 2813 2803 2804
f 2813 2812 2803
f 2810 2806 2801
f 2810 2814 2806
f 2815 2807 2806
f 2815 2806 2814
f 2816 2808 2807
f 2816 2807 2815
f 2813 2804 2809
f 2813 2809 2817
f 2817 2809 2808
f 2817 2808 2816
f 2817 2816 2812
f 2817 2812 2813
f 2818 2815 2814
f 2818 2819 2815
f 2820 2815 2819
f 2820 2816 2815
f 2822 2810 2811
f 2822 2821 2810
f 2823 2811 2812
f 2823 2822 2811
f 2821 2814 2810
f 2821 2824 2814
f 2823 2812 2816
f 2823 2816 2826
f 2825 2822 2823
f 2825 2823 2826
f 2827 2814 2824
f 2827 2818 2814
f 2828 2819 2818
f 2828 2818 2827
f 2827 2824 2825
f 2827 2825 2828
f 2826 2816 2820
f 2826 2820 2829
f 2829 2820 2819
f 2829 2819 2828
f 2828 2825 2826
f 2828 2826 2829
f 2822 2830 2821
f 2822 2831 2830
f 2833 2821 2830
f 2833 2824 2821
f 2834 2831 2822
f 2834 2822 2825
f 2825 2824 2833
f 2825 2833 2834
f 2834 2832 2831
f 2834 2835 2832
f 2831 2836 2830
f 2831 2837 2836
f 2832 2837 2831
f 2832 2838 2837
f 2840 2830 2836
f 2840 2833 2830
f 2834 2833 2840
f 2834 2840 2841
f 2840 2836 2837
f 2840 2837 2841
f 2842 2838 2832
f 2842 2832 2835
f 2835 2834 2841
f 2835 2841 2842
f 2843 2838 2842
f 2843 2839 2838
f 2838 2847 2837
f 2838 2848 2847
f 2847 2845 2844
f 2847 2848 2845
f 2839 2848 2838
f 2839 2849 2848
f 2848 2846 2845
f 2848 2849 2846
f 2850 2837 2847
f 2850 2841 2837
f 2842 2841 2850
f 2842 2850 2851
f 2852 2849 2839
f 2852 2839 2843
f 2843 2842 2851
f 2843 2851 2852
f 2852 2851 2848
f 2852 2848 2849
f 2845 2853 2844
f 2845 2854 2853
f 2846 2854 2845
f 2846 2855 2854
f 2856 2844 2853
f 2856 2847 2844
f 2856 2853 2854
f 2856 2854 2857
f 2858 2855 2846
f 2858 2846 2849
f 2849 2848 2857
f 2849 2857 2858
f 2859 2847 2856
f 2859 2850 2847
f 2860 2857 2848
f 2860 2848 2851
f 2860 2851 2850
f 2860 2850 2859
f 2860 2859 2856
f 2860 2856 2857
f 2855 2861 2854
f 2855 2862 2861
f 2864 2854 2861
f 2864 2857 2854
f 2865 2862 2855
f 2865 2855 2858
f 2858 2857 2864
f 2858 2864 2865
f 2866 2862 2865
f 2866 2863 2862
f 2868 2861 2862
f 2868 2867 2861
f 2863 2868 2862
f 2863 2869 2868
f 2870 2861 2867
f 2870 2864 2861
f 2871 2865 2864
f 2871 2864 2870
f 2869 2863 2866
f 2869 2866 2872
f 2866 2865 2871
f 2866 2871 2872
f 2875 2867 2868
f 2875 2874 2867
f 2869 2875 2868
f 2869 2876 2875
f 2878 2867 2874
f 2878 2870 2867
f 2877 2874 2873
f 2877 2878 2874
f 2879 2871 2870
f 2879 2870 2878
f 2880 2876 2869
f 2880 2869 2872
f 2872 2871 2879
f 2872 2879 2880
f 2882 2873 2874
f 2882 2881 2873
f 2883 2874 2875
f 2883 2882 2874
f 2876 2883 2875
f 2876 2884 2883
f 2881 2877 2873
f 2881 2885 2877
f 2886 2878 2877
f 2886 2877 2885
f 2887 2879 2878
f 2887 2878 2886
f 2888 2884 2876
f 2888 2876 2880
f 2880 2879 2887
f 2880 2887 2888
f 2882 2889 2881
f 2882 2890 2889
f 2891 2882 2883
f 2891 2890 2882
f 2892 2883 2884
f 2892 2891 2883
f 2889 2885 2881
f 2889 2894 2885
f 2895 2886 2885
f 2895 2885 2894
f 2895 2894 2889
f 2895 2889 2890
f 2896 2887 2886
f 2896 2886 2895
f 2892 2884 2888
f 2892 2888 2897
f 2897 2888 2887
f 2897 2887 2896
f 2897 2896 2891
f 2897 2891 2892
f 2899 2893 2898
f 2899 2894 2893
f 2900 2894 2899
f 2900 2895 2894
f 2901 2895 2900
f 2901 2896 2895
f 2903 2890 2891
f 2903 2902 2890
f 2905 2893 2894
f 2905 2904 2893
f 2902 2895 2890
f 2902 2906 2895
f 2906 2894 2895
f 2906 2905 2894
f 2903 2891 2896
f 2903 2896 2907
f 2907 2906 2902
f 2907 2902 2903
f 2904 2898 2893
f 2904 2908 2898
f 2899 2898 2908
f 2899 2908 2909
f 2910 2900 2899
f 2910 2899 2909
f 2907 2896 2901
f 2907 2901 2911
f 2911 2901 2900
f 2911 2900 2910
f 2911 2910 2906
f 2911 2906 2907
f 2912 2909 2908
f 2912 2913 2909
f 2915 2904 2905
f 2915 2914 2904
f 2916 2905 2906
f 2916 2915 2905
f 2914 2908 2904
f 2914 2917 2908
f 2917 2914 2915
f 2917 2915 2918
f 2916 2906 2910
f 2916 2910 2919
f 2919 2910 2909
f 2919 2909 2918
f 2919 2918 2915
f 2919 2915 2916
f 2917 2912 2908
f 2917 2920 2912
f 2918 2909 2913
f 2918 2913 2921
f 2913 2912 2920
f 2913 2920 2921
f 2921 2920 2917
f 2921 2917 2918
f 2925 2923 2922
f 2925 2926 2923
f 2926 2924 2923
f 2926 2927 2924
f 2923 2928 2922
f 2923 2929 2928
f 2924 2929 2923
f 2924 2930 2929
f 2928 2925 2922
f 2928 2932 2925
f 2926 2925 2932
f 2926 2932 2933
f 2932 2928 2929
f 2932 2929 2933
f 2930 2924 2927
f 2930 2927 2934
f 2927 2926 2933
f 2927 2933 2934
f 2935 2930 2934
f 2935 2931 2930
f 2930 2939 2929
f 2930 2940 2939
f 2940 2936 2939
f 2940 2937 2936
f 2931 2940 2930
f 2931 2941 2940
f 2940 2938 2937
f 2940 2941 2938
f 2942 2929 2939
f 2942 2933 2929
f 2934 2933 2942
f 2934 2942 2943
f 2944 2941 2931
f 2944 2931 2935
f 2935 2934 2943
f 2935 2943 2944
f 2937 2945 2936
f 2937 2946 2945
f 2938 2946 2937
f 2938 2947 2946
f 2948 2936 2945
f 2948 2939 2936
f 2950 2947 2938
f 2950 2938 2941
f 2951 2939 2948
f 2951 2942 2939
f 2943 2942 2951
f 2943 2951 2952
f 2951 2948 2949
f 2951 2949 2952
f 2953 2950 2941
f 2953 2941 2944
f 2953 2944 2943
f 2953 2943 2952
f 2953 2952 2949
f 2953 2949 2950
f 2946 2954 2945
f 2946 2955 2954
f 2947 2955 2946
f 2947 2956 2955
f 2958 2945 2954
f 2958 2948 2945
f 2949 2948 2958
f 2949 2958 2959
f 2958 2954 2955
f 2958 2955 2959
f 2960 2956 2947
f 2960 2947 2950
f 2950 2949 2959
f 2950 2959 2960
f 2961 2956 2960
f 2961 2957 2956
f 2956 2962 2955
f 2956 2963 2962
f 2957 2963 2956
f 2957 2964 2963
f 2962 2959 2955
f 2962 2965 2959
f 2960 2959 2965
f 2960 2965 2966
f 2964 2957 2961
f 2964 2961 2967
f 2961 2960 2966
f 2961 2966 2967
f 2969 2965 2968
f 2969 2966 2965
f 2972 2962 2963
f 2972 2971 2962
f 2964 2972 2963
f 2964 2973 2972
f 2975 2962 2971
f 2975 2965 2962
f 2974 2971 2970
f 2974 2975 2971
f 2973 2964 2967
f 2973 2967 2977
f 2977 2967 2966
f 2977 2966 2976
f 2978 2965 2975
f 2978 2968 2965
f 2976 2966 2969
f 2976 2969 2979
f 2969 2968 2978
f 2969 2978 2979
f 2978 2975 2976
f 2978 2976 2979
f 2981 2970 2971
f 2981 2980 2970
f 2982 2971 2972
f 2982 2981 2971
f 2973 2982 2972
f 2973 2983 2982
f 2980 2974 2970
f 2980 2985 2974
f 2986 2975 2974
f 2986 2974 2985
f 2987 2976 2975
f 2987 2975 2986
f 2988 2983 2973
f 2988 2973 2977
f 2977 2976 2987
f 2977 2987 2988
f 2989 2983 2988
f 2989 2984 2983
f 2981 2990 2980
f 2981 2991 2990
f 2982 2991 2981
f 2982 2992 2991
f 2993 2982 2983
f 2993 2992 2982
f 2994 2983 2984
f 2994 2993 2983
f 2990 2985 2980
f 2990 2995 2985
f 2996 2986 2985
f 2996 2985 2995
f 2987 2986 2996
f 2987 2996 2997
f 2998 2988 2987
f 2998 2987 2997
f 2994 2984 2989
f 2994 2989 2999
f 2999 2989 2988
f 2999 2988 2998
f 2999 2998 2993
f 2999 2993 2994
f 3000 2996 2995
f 3000 3001 2996
f 3002 2996 3001
f 3002 2997 2996
f 2991 3003 2990
f 2991 3004 3003
f 3005 2991 2992
f 3005 3004 2991
f 3006 2992 2993
f 3006 3005 2992
f 3003 2995 2990
f 3003 3008 2995
f 3009 3008 3003
f 3009 3003 3004
f 3010 3009 3004
f 3010 3004 3005
f 3006 2993 2998
f 3006 2998 3011
f 3011 2998 2997
f 3011 2997 3010
f 3011 3010 3005
f 3011 3005 3006
f 3008 3000 2995
f 3008 3013 3000
f 3013 3007 3012
f 3013 3008 3007
f 3014 3001 3000
f 3014 3000 3013
f 3010 2997 3002
f 3010 3002 3015
f 3015 3002 3001
f 3015 3001 3014
f 3015 3014 3009
f 3015 3009 3010
f 3017 3007 3008
f 3017 3016 3007
f 3018 3008 3009
f 3018 3017 3008
f 3016 3012 3007
f 3016 3019 3012
f 3020 3013 3012
f 3020 3012 3019
f 3018 3009 3014
f 3018 3014 3021
f 3021 3014 3013
f 3021 3013 3020
f 3021 3020 3017
f 3021 3017 3018
f 3023 3016 3017
f 3023 3022 3016
f 3024 3016 3022
f 3024 3019 3016
f 3025 3023 3017
f 3025 3017 3020
f 3025 3020 3019
f 3025 3019 3024
f 3023 3026 3022
f 3023 3027 3026
f 3029 3022 3026
f 3029 3024 3022
f 3030 3027 3023
f 3030 3023 3025
f 3025 3024 3029
f 3025 3029 3030
f 3030 3028 3027
f 3030 3031 3028
f 3027 3032 3026
f 3027 3033 3032
f 3028 3033 3027
f 3028 3034 3033
f 3032 3029 3026
f 3032 3036 3029
f 3030 3029 3036
f 3030 3036 3037
f 3037 3036 3032
f 3037 3032 3033
f 3038 3034 3028
f 3038 3028 3031
f 3031 3030 3037
f 3031 3037 3038
f 3038 3035 3034
f 3038 3039 3035
f 3034 3043 3033
f 3034 3044 3043
f 3044 3040 3043
f 3044 3041 3040
f 3035 3044 3034
f 3035 3045 3044
f 3044 3042 3041
f 3044 3045 3042
f 3046 3033 3043
f 3046 3037 3033
f 3038 3037 3046
f 3038 3046 3047
f 3046 3043 3044
f 3046 3044 3047
f 3048 3045 3035
f 3048 3035 3039
f 3039 3038 3047
f 3039 3047 3048
f 3047 3044 3045
f 3047 3045 3048
f 3041 3049 3040
f 3041 3050 3049
f 3042 3050 3041
f 3042 3051 3050
f 3052 3040 3049
f 3052 3043 3040
f 3044 3043 3052
f 3044 3052 3053
f 3052 3049 3050
f 3052 3050 3053
f 3054 3051 3042
f 3054 3042 3045
f 3045 3044 3053
f 3045 3053 3054
f 3051 3055 3050
f 3051 3056 3055
f 3058 3050 3055
f 3058 3053 3050
f 3059 3056 3051
f 3059 3051 3054
f 3054 3053 3058
f 3054 3058 3059
f 3060 3056 3059
f 3060 3057 3056
f 3062 3055 3056
f 3062 3061 3055
f 3057 3062 3056
f 3057 3063 3062
f 3061 3058 3055
f 3061 3064 3058
f 3065 3059 3058
f 3065 3058 3064
f 3063 3057 3060
f 3063 3060 3066
f 3066 3060 3059
f 3066 3059 3065
f 3067 3065 3064
f 3067 3068 3065
f 3073 3061 3062
f 3073 3072 3061
f 3063 3073 3062
f 3063 3074 3073
f 3073 3070 3069
f 3073 3074 3070
f 3077 3061 3072
f 3077 3064 3061
f 3076 3072 3071
f 3076 3077 3072
f 3079 3074 3063
f 3079 3063 3066
f 3066 3065 3078
f 3066 3078 3079
f 3079 3075 3074
f 3079 3080 3075
f 3081 3064 3077
f 3081 3067 3064
f 3082 3078 3065
f 3082 3065 3068
f 3068 3067 3081
f 3068 3081 3082
f 3081 3077 3078
f 3081 3078 3082
f 3070 3083 3069
f 3070 3084 3083
f 3086 3071 3072
f 3086 3085 3071
f 3083 3073 3069
f 3083 3087 3073
f 3073 3086 3072
f 3073 3087 3086
f 3084 3070 3074
f 3084 3074 3088
f 3087 3083 3084
f 3087 3084 3088
f 3075 3088 3074
f 3075 3089 3088
f 3085 3076 3071
f 3085 3090 3076
f 3091 3077 3076
f 3091 3076 3090
f 3092 3078 3077
f 3092 3077 3091
f 3079 3078 3092
f 3079 3092 3093
f 3089 3075 3080
f 3089 3080 3094
f 3080 3079 3093
f 3080 3093 3094
f 3093 3088 3089
f 3093 3089 3094
f 3096 3090 3095
f 3096 3091 3090
f 3086 3097 3085
f 3086 3098 3097
f 3099 3086 3087
f 3099 3098 3086
f 3100 3087 3088
f 3100 3099 3087
f 3097 3090 3085
f 3097 3102 3090
f 3103 3102 3097
f 3103 3097 3098
f 3104 3092 3091
f 3104 3091 3103
f 3103 3098 3099
f 3103 3099 3104
f 3100 3088 3093
f 3100 3093 3105
f 3105 3093 3092
f 3105 3092 3104
f 3105 3104 3099
f 3105 3099 3100
f 3102 3095 3090
f 3102 3107 3095
f 3107 3101 3106
f 3107 3102 3101
f 3103 3091 3096
f 3103 3096 3108
f 3108 3096 3095
f 3108 3095 3107
f 3109 3103 3108
f 3109 3104 3103
f 3111 3101 3102
f 3111 3110 3101
f 3112 3102 3103
f 3112 3111 3102
f 3113 3103 3104
f 3113 3112 3103
f 3110 3106 3101
f 3110 3114 3106
f 3115 3107 3106
f 3115 3106 3114
f 3116 3108 3107
f 3116 3107 3115
f 3113 3104 3109
f 3113 3109 3117
f 3117 3109 3108
f 3117 3108 3116
f 3117 3116 3112
f 3117 3112 3113
f 3118 3115 3114
f 3118 3119 3115
f 3120 3115 3119
f 3120 3116 3115
f 3122 3110 3111
f 3122 3121 3110
f 3123 3111 3112
f 3123 3122 3111
f 3121 3114 3110
f 3121 3124 3114
f 3123 3112 3116
f 3123 3116 3126
f 3125 3122 3123
f 3125 3123 3126
f 3127 3114 3124
f 3127 3118 3114
f 3128 3119 3118
f 3128 3118 3127
f 3127 3124 3125
f 3127 3125 3128
f 3126 3116 3120
f 3126 3120 3129
f 3129 3120 3119
f 3129 3119 3128
f 3128 3125 3126
f 3128 3126 3129
f 3122 3130 3121
f 3122 3131 3130
f 3133 3121 3130
f 3133 3124 3121
f 3134 3131 3122
f 3134 3122 3125
f 3125 3124 3133
f 3125 3133 3134
f 3134 3132 3131
f 3134 3135 3132
f 3131 3136 3130
f 3131 3137 3136
f 3132 3137 3131
f 3132 3138 3137
f 3140 3130 3136
f 3140 3133 3130
f 3134 3133 3140
f 3134 3140 3141
f 3140 3136 3137
f 3140 3137 3141
f 3142 3138 3132
f 3142 3132 3135
f 3135 3134 3141
f 3135 3141 3142
f 3143 3138 3142
f 3143 3139 3138
f 3138 3147 3137
f 3138 3148 3147
f 3148 3144 3147
f 3148 3145 3144
f 3139 3148 3138
f 3139 3149 3148
f 3148 3146 3145
f 3148 3149 3146
f 3150 3137 3147
f 3150 3141 3137
f 3142 3141 3150
f 3142 3150 3151
f 3152 3149 3139
f 3152 3139 3143
f 3143 3142 3151
f 3143 3151 3152
f 3145 3153 3144
f 3145 3154 3153
f 3146 3154 3145
f 3146 3155 3154
f 3156 3144 3153
f 3156 3147 3144
f 3157 3156 3153
f 3157 3153 3154
f 3158 3155 3146
f 3158 3146 3149
f 3159 3147 3156
f 3159 3150 3147
f 3151 3150 3159
f 3151 3159 3160
f 3160 3159 3156
f 3160 3156 3157
f 3161 3158 3149
f 3161 3149 3152
f 3161 3152 3151
f 3161 3151 3160
f 3161 3160 3157
f 3161 3157 3158
f 3155 3162 3154
f 3155 3163 3162
f 3165 3154 3162
f 3165 3157 3154
f 3166 3163 3155
f 3166 3155 3158
f 3158 3157 3165
f 3158 3165 3166
f 3167 3163 3166
f 3167 3164 3163
f 3169 3162 3163
f 3169 3168 3162
f 3164 3169 3163
f 3164 3170 3169
f 3171 3162 3168
f 3171 3165 3162
f 3172 3166 3165
f 3172 3165 3171
f 3170 3164 3167
f 3170 3167 3173
f 3167 3166 3172
f 3167 3172 3173
f 3176 3168 3169
f 3176 3175 3168
f 3170 3176 3169
f 3170 3177 3176
f 3179 3168 3175
f 3179 3171 3168
f 3178 3175 3174
f 3178 3179 3175
f 3180 3172 3171
f 3180 3171 3179
f 3181 3177 3170
f 3181 3170 3173
f 3173 3172 3180
f 3173 3180 3181
f 3183 3174 3175
f 3183 3182 3174
f 3184 3175 3176
f 3184 3183 3175
f 3177 3184 3176
f 3177 3185 3184
f 3182 3178 3174
f 3182 3186 3178
f 3187 3179 3178
f 3187 3178 3186
f 3188 3180 3179
f 3188 3179 3187
f 3189 3185 3177
f 3189 3177 3181
f 3181 3180 3188
f 3181 3188 3189
f 3183 3190 3182
f 3183 3191 3190
f 3192 3183 3184
f 3192 3191 3183
f 3193 3184 3185
f 3193 3192 3184
f 3190 3186 3182
f 3190 3195 3186
f 3196 3187 3186
f 3196 3186 3195
f 3196 3195 3190
f 3196 3190 3191
f 3197 3188 3187
f 3197 3187 3196
f 3193 3185 3189
f 3193 3189 3198
f 3198 3189 3188
f 3198 3188 3197
f 3198 3197 3192
f 3198 3192 3193
f 3200 3194 3199
f 3200 3195 3194
f 3201 3195 3200
f 3201 3196 3195
f 3202 3196 3201
f 3202 3197 3196
f 3204 3191 3192
f 3204 3203 3191
f 3206 3194 3195
f 3206 3205 3194
f 3203 3196 3191
f 3203 3207 3196
f 3207 3195 3196
f 3207 3206 3195
f 3204 3192 3197
f 3204 3197 3208
f 3208 3207 3203
f 3208 3203 3204
f 3205 3199 3194
f 3205 3209 3199
f 3200 3199 3209
f 3200 3209 3210
f 3211 3201 3200
f 3211 3200 3210
f 3208 3197 3202
f 3208 3202 3212
f 3212 3202 3201
f 3212 3201 3211
f 3212 3211 3207
f 3212 3207 3208
f 3213 3210 3209
f 3213 3214 3210
f 3216 3205 3206
f 3216 3215 3205
f 3217 3206 3207
f 3217 3216 3206
f 3215 3209 3205
f 3215 3218 3209
f 3218 3215 3216
f 3218 3216 3219
f 3217 3207 3211
f 3217 3211 3220
f 3220 3211 3210
f 3220 3210 3219
f 3220 3219 3216
f 3220 3216 3217
f 3218 3213 3209
f 3218 3221 3213
f 3219 3210 3214
f 3219 3214 3222
f 3214 3213 3221
f 3214 3221 3222
f 3222 3221 3218
f 3222 3218 3219
f 3226 3224 3223
f 3226 3227 3224
f 3227 3225 3224
f 3227 3228 3225
f 3224 3229 3223
f 3224 3230 3229
f 3225 3230 3224
f 3225 3231 3230
f 3229 3226 3223
f 3229 3233 3226
f 3227 3226 3233
f 3227 3233 3234
f 3233 3229 3230
f 3233 3230 3234
f 3231 3225 3228
f 3231 3228 3235
f 3228 3227 3234
f 3228 3234 3235
f 3236 3231 3235
f 3236 3232 3231
f 3231 3240 3230
f 3231 3241 3240
f 3241 3237 3240
f 3241 3238 3237
f 3232 3241 3231
f 3232 3242 3241
f 3241 3239 3238
f 3241 3242 3239
f 3243 3230 3240
f 3243 3234 3230
f 3235 3234 3243
f 3235 3243 3244
f 3245 3242 3232
f 3245 3232 3236
f 3236 3235 3244
f 3236 3244 3245
f 3238 3246 3237
f 3238 3247 3246
f 3239 3247 3238
f 3239 3248 3247
f 3249 3237 3246
f 3249 3240 3237
f 3251 3248 3239
f 3251 3239 3242
f 3252 3240 3249
f 3252 3243 3240
f 3244 3243 3252
f 3244 3252 3253
f 3252 3249 3250
f 3252 3250 3253
f 3254 3251 3242
f 3254 3242 3245
f 3254 3245 3244
f 3254 3244 3253
f 3254 3253 3250
f 3254 3250 3251
f 3247 3255 3246
f 3247 3256 3255
f 3248 3256 3247
f 3248 3257 3256
f 3259 3246 3255
f 3259 3249 3246
f 3250 3249 3259
f 3250 3259 3260
f 3259 3255 3256
f 3259 3256 3260
f 3261 3257 3248
f 3261 3248 3251
f 3251 3250 3260
f 3251 3260 3261
f 3262 3257 3261
f 3262 3258 3257
f 3257 3263 3256
f 3257 3264 3263
f 3258 3264 3257
f 3258 3265 3264
f 3263 3260 3256
f 3263 3266 3260
f 3261 3260 3266
f 3261 3266 3267
f 3265 3258 3262
f 3265 3262 3268
f 3268 3262 3261
f 3268 3261 3267
f 3270 3266 3269
f 3270 3267 3266
f 3273 3263 3264
f 3273 3272 3263
f 3265 3273 3264
f 3265 3274 3273
f 3276 3263 3272
f 3276 3266 3263
f 3275 3272 3271
f 3275 3276 3272
f 3274 3265 3268
f 3274 3268 3278
f 3278 3268 3267
f 3278 3267 3277
f 3279 3266 3276
f 3279 3269 3266
f 3277 3267 3270
f 3277 3270 3280
f 3270 3269 3279
f 3270 3279 3280
f 3279 3276 3277
f 3279 3277 3280
f 3282 3271 3272
f 3282 3281 3271
f 3283 3272 3273
f 3283 3282 3272
f 3274 3283 3273
f 3274 3284 3283
f 3281 3275 3271
f 3281 3286 3275
f 3287 3276 3275
f 3287 3275 3286
f 3288 3277 3276
f 3288 3276 3287
f 3289 3284 3274
f 3289 3274 3278
f 3278 3277 3288
f 3278 3288 3289
f 3290 3284 3289
f 3290 3285 3284
f 3282 3291 3281
f 3282 3292 3291
f 3283 3292 3282
f 3283 3293 3292
f 3294 3283 3284
f 3294 3293 3283
f 3295 3284 3285
f 3295 3294 3284
f 3291 3286 3281
f 3291 3296 3286
f 3297 3287 3286
f 3297 3286 3296
f 3288 3287 3297
f 3288 3297 3298
f 3299 3289 3288
f 3299 3288 3298
f 3295 3285 3290
f 3295 3290 3300
f 3300 3290 3289
f 3300 3289 3299
f 3300 3299 3294
f 3300 3294 3295
f 3301 3297 3296
f 3301 3302 3297
f 3303 3297 3302
f 3303 3298 3297
f 3292 3304 3291
f 3292 3305 3304
f 3306 3292 3293
f 3306 3305 3292
f 3307 3293 3294
f 3307 3306 3293
f 3304 3296 3291
f 3304 3309 3296
f 3310 3309 3304
f 3310 3304 3305
f 3311 3310 3305
f 3311 3305 3306
f 3307 3294 3299
f 3307 3299 3312
f 3312 3299 3298
f 3312 3298 3311
f 3312 3311 3306
f 3312 3306 3307
f 3309 3301 3296
f 3309 3314 3301
f 3314 3308 3313
f 3314 3309 3308
f 3315 3302 3301
f 3315 3301 3314
f 3311 3298 3303
f 3311 3303 3316
f 3316 3303 3302
f 3316 3302 3315
f 3316 3315 3310
f 3316 3310 3311
f 3318 3308 3309
f 3318 3317 3308
f 3319 3309 3310
f 3319 3318 3309
f 3317 3313 3308
f 3317 3320 3313
f 3321 3314 3313
f 3321 3313 3320
f 3319 3310 3315
f 3319 3315 3322
f 3322 3315 3314
f 3322 3314 3321
f 3322 3321 3318
f 3322 3318 3319
f 3324 3317 3318
f 3324 3323 3317
f 3325 3317 3323
f 3325 3320 3317
f 3326 3324 3318
f 3326 3318 3321
f 3326 3321 3320
f 3326 3320 3325
f 3324 3327 3323
f 3324 3328 3327
f 3330 3323 3327
f 3330 3325 3323
f 3331 3328 3324
f 3331 3324 3326
f 3326 3325 3330
f 3326 3330 3331
f 3331 3329 3328
f 3331 3332 3329
f 3328 3333 3327
f 3328 3334 3333
f 3329 3334 3328
f 3329 3335 3334
f 3333 3330 3327
f 3333 3337 3330
f 3331 3330 3337
f 3331 3337 3338
f 3338 3337 3333
f 3338 3333 3334
f 3339 3335 3329
f 3339 3329 3332
f 3332 3331 3338
f 3332 3338 3339
f 3339 3336 3335
f 3339 3340 3336
f 3335 3344 3334
f 3335 3345 3344
f 3345 3341 3344
f 3345 3342 3341
f 3336 3345 3335
f 3336 3346 3345
f 3345 3343 3342
f 3345 3346 3343
f 3347 3334 3344
f 3347 3338 3334
f 3339 3338 3347
f 3339 3347 3348
f 3347 3344 3345
f 3347 3345 3348
f 3349 3346 3336
f 3349 3336 3340
f 3340 3339 3348
f 3340 3348 3349
f 3348 3345 3346
f 3348 3346 3349
f 3342 3350 3341
f 3342 3351 3350
f 3343 3351 3342
f 3343 3352 3351
f 3353 3341 3350
f 3353 3344 3341
f 3345 3344 3353
f 3345 3353 3354
f 3353 3350 3351
f 3353 3351 3354
f 3355 3352 3343
f 3355 3343 3346
f 3346 3345 3354
f 3346 3354 3355
f 3352 3356 3351
f 3352 3357 3356
f 3359 3351 3356
f 3359 3354 3351
f 3360 3357 3352
f 3360 3352 3355
f 3355 3354 3359
f 3355 3359 3360
f 3361 3357 3360
f 3361 3358 3357
f 3363 3356 3357
f 3363 3362 3356
f 3358 3363 3357
f 3358 3364 3363
f 3362 3359 3356
f 3362 3365 3359
f 3366 3360 3359
f 3366 3359 3365
f 3364 3358 3361
f 3364 3361 3367
f 3367 3361 3360
f 3367 3360 3366
f 3368 3366 3365
f 3368 3369 3366
f 3374 3362 3363
f 3374 3373 3362
f 3364 3374 3363
f 3364 3375 3374
f 3374 3371 3370
f 3374 3375 3371
f 3378 3362 3373
f 3378 3365 3362
f 3377 3373 3372
f 3377 3378 3373
f 3380 3375 3364
f 3380 3364 3367
f 3367 3366 3379
f 3367 3379 3380
f 3380 3376 3375
f 3380 3381 3376
f 3382 3365 3378
f 3382 3368 3365
f 3383 3379 3366
f 3383 3366 3369
f 3369 3368 3382
f 3369 3382 3383
f 3382 3378 3379
f 3382 3379 3383
f 3371 3384 3370
f 3371 3385 3384
f 3387 3372 3373
f 3387 3386 3372
f 3384 3374 3370
f 3384 3388 3374
f 3374 3387 3373
f 3374 3388 3387
f 3385 3371 3375
f 3385 3375 3389
f 3388 3384 3385
f 3388 3385 3389
f 3376 3389 3375
f 3376 3390 3389
f 3386 3377 3372
f 3386 3391 3377
f 3392 3378 3377
f 3392 3377 3391
f 3393 3379 3378
f 3393 3378 3392
f 3380 3379 3393
f 3380 3393 3394
f 3390 3376 3381
f 3390 3381 3395
f 3381 3380 3394
f 3381 3394 3395
f 3394 3389 3390
f 3394 3390 3395
f 3396 3392 3391
f 3396 3397 3392
f 3387 3398 3386
f 3387 3399 3398
f 3400 3387 3388
f 3400 3399 3387
f 3401 3388 3389
f 3401 3400 3388
f 3398 3391 3386
f 3398 3403 3391
f 3404 3403 3398
f 3404 3398 3399
f 3405 3393 3392
f 3405 3392 3404
f 3404 3399 3400
f 3404 3400 3405
f 3401 3389 3394
f 3401 3394 3406
f 3406 3394 3393
f 3406 3393 3405
f 3406 3405 3400
f 3406 3400 3401
f 3403 3396 3391
f 3403 3408 3396
f 3408 3402 3407
f 3408 3403 3402
f 3404 3392 3397
f 3404 3397 3409
f 3409 3397 3396
f 3409 3396 3408
f 3410 3404 3409
f 3410 3405 3404
f 3412 3402 3403
f 3412 3411 3402
f 3413 3403 3404
f 3413 3412 3403
f 3414 3404 3405
f 3414 3413 3404
f 3411 3407 3402
f 3411 3415 3407
f 3416 3408 3407
f 3416 3407 3415
f 3417 3409 3408
f 3417 3408 3416
f 3414 3405 3410
f 3414 3410 3418
f 3418 3410 3409
f 3418 3409 3417
f 3418 3417 3413
f 3418 3413 3414
f 3419 3416 3415
f 3419 3420 3416
f 3421 3416 3420
f 3421 3417 3416
f 3423 3411 3412
f 3423 3422 3411
f 3424 3412 3413
f 3424 3423 3412
f 3422 3415 3411
f 3422 3425 3415
f 3424 3413 3417
f 3424 3417 3427
f 3426 3423 3424
f 3426 3424 3427
f 3428 3415 3425
f 3428 3419 3415
f 3429 3420 3419
f 3429 3419 3428
f 3428 3425 3426
f 3428 3426 3429
f 3427 3417 3421
f 3427 3421 3430
f 3430 3421 3420
f 3430 3420 3429
f 3429 3426 3427
f 3429 3427 3430
f 3423 3431 3422
f 3423 3432 3431
f 3434 3422 3431
f 3434 3425 3422
f 3435 3432 3423
f 3435 3423 3426
f 3426 3425 3434
f 3426 3434 3435
f 3435 3433 3432
f 3435 3436 3433
f 3432 3437 3431
f 3432 3438 3437
f 3433 3438 3432
f 3433 3439 3438
f 3441 3431 3437
f 3441 3434 3431
f 3435 3434 3441
f 3435 3441 3442
f 3441 3437 3438
f 3441 3438 3442
f 3443 3439 3433
f 3443 3433 3436
f 3436 3435 3442
f 3436 3442 3443
f 3444 3439 3443
f 3444 3440 3439
f 3439 3448 3438
f 3439 3449 3448
f 3449 3445 3448
f 3449 3446 3445
f 3440 3449 3439
f 3440 3450 3449
f 3449 3447 3446
f 3449 3450 3447
f 3451 3438 3448
f 3451 3442 3438
f 3443 3442 3451
f 3443 3451 3452
f 3453 3450 3440
f 3453 3440 3444
f 3444 3443 3452
f 3444 3452 3453
f 3446 3454 3445
f 3446 3455 3454
f 3447 3455 3446
f 3447 3456 3455
f 3457 3445 3454
f 3457 3448 3445
f 3458 3457 3454
f 3458 3454 3455
f 3459 3456 3447
f 3459 3447 3450
f 3460 3448 3457
f 3460 3451 3448
f 3452 3451 3460
f 3452 3460 3461
f 3461 3460 3457
f 3461 3457 3458
f 3462 3459 3450
f 3462 3450 3453
f 3462 3453 3452
f 3462 3452 3461
f 3462 3461 3458
f 3462 3458 3459
f 3456 3463 3455
f 3456 3464 3463
f 3466 3455 3463
f 3466 3458 3455
f 3467 3464 3456
f 3467 3456 3459
f 3459 3458 3466
f 3459 3466 3467
f 3468 3464 3467
f 3468 3465 3464
f 3470 3463 3464
f 3470 3469 3463
f 3465 3470 3464
f 3465 3471 3470
f 3472 3463 3469
f 3472 3466 3463
f 3467 3466 3472
f 3467 3472 3473
f 3471 3465 3468
f 3471 3468 3474
f 3468 3467 3473
f 3468 3473 3474
f 3477 3469 3470
f 3477 3476 3469
f 3471 3477 3470
f 3471 3478 3477
f 3480 3469 3476
f 3480 3472 3469
f 3479 3476 3475
f 3479 3480 3476
f 3481 3473 3472
f 3481 3472 3480
f 3482 3478 3471
f 3482 3471 3474
f 3474 3473 3481
f 3474 3481 3482
f 3484 3475 3476
f 3484 3483 3475
f 3485 3476 3477
f 3485 3484 3476
f 3478 3485 3477
f 3478 3486 3485
f 3483 3479 3475
f 3483 3487 3479
f 3488 3480 3479
f 3488 3479 3487
f 3489 3481 3480
f 3489 3480 3488
f 3490 3486 3478
f 3490 3478 3482
f 3482 3481 3489
f 3482 3489 3490
f 3492 3483 3484
f 3492 3491 3483
f 3485 3492 3484
f 3485 3493 3492
f 3494 3485 3486
f 3494 3493 3485
f 3491 3487 3483
f 3491 3496 3487
f 3497 3488 3487
f 3497 3487 3496
f 3489 3488 3497
f 3489 3497 3498
f 3494 3486 3490
f 3494 3490 3499
f 3499 3490 3489
f 3499 3489 3498
f 3499 3498 3493
f 3499 3493 3494
f 3501 3495 3500
f 3501 3496 3495
f 3502 3496 3501
f 3502 3497 3496
f 3503 3497 3502
f 3503 3498 3497
f 3492 3504 3491
f 3492 3505 3504
f 3506 3492 3493
f 3506 3505 3492
f 3504 3496 3491
f 3504 3508 3496
f 3508 3495 3496
f 3508 3507 3495
f 3509 3508 3504
f 3509 3504 3505
f 3506 3493 3498
f 3506 3498 3510
f 3510 3509 3505
f 3510 3505 3506
f 3507 3500 3495
f 3507 3511 3500
f 3501 3500 3511
f 3501 3511 3512
f 3513 3502 3501
f 3513 3501 3512
f 3510 3498 3503
f 3510 3503 3514
f 3514 3503 3502
f 3514 3502 3513
f 3514 3513 3509
f 3514 3509 3510
f 3515 3512 3511
f 3515 3516 3512
f 3518 3507 3508
f 3518 3517 3507
f 3519 3508 3509
f 3519 3518 3508
f 3517 3511 3507
f 3517 3520 3511
f 3519 3509 3513
f 3519 3513 3522
f 3522 3513 3512
f 3522 3512 3521
f 3522 3521 3518
f 3522 3518 3519
f 3520 3515 3511
f 3520 3523 3515
f 3524 3521 3512
f 3524 3512 3516
f 3516 3515 3523
f 3516 3523 3524
f 3524 3523 3520
f 3524 3520 3521
f 3518 3525 3517
f 3518 3526 3525
f 3528 3517 3525
f 3528 3520 3517
f 3529 3526 3518
f 3529 3518 3521
f 3521 3520 3528
f 3521 3528 3529
f 3530 3526 3529
f 3530 3527 3526
f 3526 3531 3525
f 3526 3532 3531
f 3527 3532 3526
f 3527 3533 3532
f 3535 3525 3531
f 3535 3528 3525
f 3529 3528 3535
f 3529 3535 3536
f 3535 3531 3532
f 3535 3532 3536
f 3533 3527 3530
f 3533 3530 3537
f 3530 3529 3536
f 3530 3536 3537
f 3538 3533 3537
f 3538 3534 3533
f 3533 3542 3532
f 3533 3543 3542
f 3543 3539 3542
f 3543 3540 3539
f 3534 3543 3533
f 3534 3544 3543
f 3543 3541 3540
f 3543 3544 3541
f 3545 3532 3542
f 3545 3536 3532
f 3537 3536 3545
f 3537 3545 3546
f 3547 3544 3534
f 3547 3534 3538
f 3538 3537 3546
f 3538 3546 3547
f 3540 3548 3539
f 3540 3549 3548
f 3541 3549 3540
f 3541 3550 3549
f 3551 3539 3548
f 3551 3542 3539
f 3553 3550 3541
f 3553 3541 3544
f 3554 3542 3551
f 3554 3545 3542
f 3546 3545 3554
f 3546 3554 3555
f 3554 3551 3552
f 3554 3552 3555
f 3556 3553 3544
f 3556 3544 3547
f 3556 3547 3546
f 3556 3546 3555
f 3556 3555 3552
f 3556 3552 3553
f 3549 3557 3548
f 3549 3558 3557
f 3550 3558 3549
f 3550 3559 3558
f 3561 3548 3557
f 3561 3551 3548
f 3552 3551 3561
f 3552 3561 3562
f 3561 3557 3558
f 3561 3558 3562
f 3563 3559 3550
f 3563 3550 3553
f 3553 3552 3562
f 3553 3562 3563
f 3564 3559 3563
f 3564 3560 3559
f 3559 3565 3558
f 3559 3566 3565
f 3560 3566 3559
f 3560 3567 3566
f 3565 3562 3558
f 3565 3568 3562
f 3563 3562 3568
f 3563 3568 3569
f 3567 3560 3564
f 3567 3564 3570
f 3570 3564 3563
f 3570 3563 3569
f 3572 3568 3571
f 3572 3569 3568
f 3575 3565 3566
f 3575 3574 3565
f 3567 3575 3566
f 3567 3576 3575
f 3578 3565 3574
f 3578 3568 3565
f 3577 3574 3573
f 3577 3578 3574
f 3576 3567 3570
f 3576 3570 3580
f 3580 3570 3569
f 3580 3569 3579
f 3581 3568 3578
f 3581 3571 3568
f 3579 3569 3572
f 3579 3572 3582
f 3572 3571 3581
f 3572 3581 3582
f 3581 3578 3579
f 3581 3579 3582
f 3584 3573 3574
f 3584 3583 3573
f 3585 3574 3575
f 3585 3584 3574
f 3576 3585 3575
f 3576 3586 3585
f 3583 3577 3573
f 3583 3588 3577
f 3589 3578 3577
f 3589 3577 3588
f 3590 3579 3578
f 3590 3578 3589
f 3591 3586 3576
f 3591 3576 3580
f 3580 3579 3590
f 3580 3590 3591
f 3592 3586 3591
f 3592 3587 3586
f 3584 3593 3583
f 3584 3594 3593
f 3585 3594 3584
f 3585 3595 3594
f 3596 3585 3586
f 3596 3595 3585
f 3597 3586 3587
f 3597 3596 3586
f 3593 3588 3583
f 3593 3598 3588
f 3599 3589 3588
f 3599 3588 3598
f 3590 3589 3599
f 3590 3599 3600
f 3601 3591 3590
f 3601 3590 3600
f 3597 3587 3592
f 3597 3592 3602
f 3602 3592 3591
f 3602 3591 3601
f 3602 3601 3596
f 3602 3596 3597
f 3603 3599 3598
f 3603 3604 3599
f 3605 3599 3604
f 3605 3600 3599
f 3594 3606 3593
f 3594 3607 3606
f 3608 3594 3595
f 3608 3607 3594
f 3609 3595 3596
f 3609 3608 3595
f 3606 3598 3593
f 3606 3611 3598
f 3612 3611 3606
f 3612 3606 3607
f 3613 3612 3607
f 3613 3607 3608
f 3609 3596 3601
f 3609 3601 3614
f 3614 3601 3600
f 3614 3600 3613
f 3614 3613 3608
f 3614 3608 3609
f 3611 3603 3598
f 3611 3616 3603
f 3616 3610 3615
f 3616 3611 3610
f 3617 3604 3603
f 3617 3603 3616
f 3613 3600 3605
f 3613 3605 3618
f 3618 3605 3604
f 3618 3604 3617
f 3618 3617 3612
f 3618 3612 3613
f 3620 3610 3611
f 3620 3619 3610
f 3621 3611 3612
f 3621 3620 3611
f 3619 3615 3610
f 3619 3622 3615
f 3623 3616 3615
f 3623 3615 3622
f 3621 3612 3617
f 3621 3617 3624
f 3624 3617 3616
f 3624 3616 3623
f 3624 3623 3620
f 3624 3620 3621
f 3626 3619 3620
f 3626 3625 3619
f 3627 3619 3625
f 3627 3622 3619
f 3628 3626 3620
f 3628 3620 3623
f 3628 3623 3622
f 3628 3622 3627
f 3626 3629 3625
f 3626 3630 3629
f 3632 3625 3629
f 3632 3627 3625
f 3633 3630 3626
f 3633 3626 3628
f 3628 3627 3632
f 3628 3632 3633
f 3633 3631 3630
f 3633 3634 3631
f 3630 3635 3629
f 3630 3636 3635
f 3631 3636 3630
f 3631 3637 3636
f 3635 3632 3629
f 3635 3639 3632
f 3633 3632 3639
f 3633 3639 3640
f 3640 3639 3635
f 3640 3635 3636
f 3641 3637 3631
f 3641 3631 3634
f 3634 3633 3640
f 3634 3640 3641
f 3641 3638 3637
f 3641 3642 3638
f 3637 3646 3636
f 3637 3647 3646
f 3647 3643 3646
f 3647 3644 3643
f 3638 3647 3637
f 3638 3648 3647
f 3647 3645 3644
f 3647 3648 3645
f 3649 3636 3646
f 3649 3640 3636
f 3641 3640 3649
f 3641 3649 3650
f 3649 3646 3647
f 3649 3647 3650
f 3651 3648 3638
f 3651 3638 3642
f 3642 3641 3650
f 3642 3650 3651
f 3650 3647 3648
f 3650 3648 3651
f 3644 3652 3643
f 3644 3653 3652
f 3645 3653 3644
f 3645 3654 3653
f 3655 3643 3652
f 3655 3646 3643
f 3647 3646 3655
f 3647 3655 3656
f 3655 3652 3653
f 3655 3653 3656
f 3657 3654 3645
f 3657 3645 3648
f 3648 3647 3656
f 3648 3656 3657
f 3654 3658 3653
f 3654 3659 3658
f 3661 3653 3658
f 3661 3656 3653
f 3662 3659 3654
f 3662 3654 3657
f 3657 3656 3661
f 3657 3661 3662
f 3663 3659 3662
f 3663 3660 3659
f 3665 3658 3659
f 3665 3664 3658
f 3660 3665 3659
f 3660 3666 3665
f 3664 3661 3658
f 3664 3667 3661
f 3668 3662 3661
f 3668 3661 3667
f 3666 3660 3663
f 3666 3663 3669
f 3663 3662 3668
f 3663 3668 3669
f 3670 3668 3667
f 3670 3671 3668
f 3676 3664 3665
f 3676 3675 3664
f 3666 3676 3665
f 3666 3677 3676
f 3676 3673 3672
f 3676 3677 3673
f 3680 3664 3675
f 3680 3667 3664
f 3679 3675 3674
f 3679 3680 3675
f 3682 3677 3666
f 3682 3666 3669
f 3669 3668 3681
f 3669 3681 3682
f 3682 3678 3677
f 3682 3683 3678
f 3684 3667 3680
f 3684 3670 3667
f 3685 3681 3668
f 3685 3668 3671
f 3671 3670 3684
f 3671 3684 3685
f 3684 3680 3681
f 3684 3681 3685
f 3673 3686 3672
f 3673 3687 3686
f 3689 3674 3675
f 3689 3688 3674
f 3686 3676 3672
f 3686 3690 3676
f 3676 3689 3675
f 3676 3690 3689
f 3687 3673 3677
f 3687 3677 3691
f 3690 3686 3687
f 3690 3687 3691
f 3678 3691 3677
f 3678 3692 3691
f 3688 3679 3674
f 3688 3693 3679
f 3694 3680 3679
f 3694 3679 3693
f 3695 3681 3680
f 3695 3680 3694
f 3682 3681 3695
f 3682 3695 3696
f 3692 3678 3683
f 3692 3683 3697
f 3683 3682 3696
f 3683 3696 3697
f 3696 3691 3692
f 3696 3692 3697
f 3698 3694 3693
f 3698 3699 3694
f 3689 3700 3688
f 3689 3701 3700
f 3702 3689 3690
f 3702 3701 3689
f 3703 3690 3691
f 3703 3702 3690
f 3700 3693 3688
f 3700 3705 3693
f 3706 3705 3700
f 3706 3700 3701
f 3707 3695 3694
f 3707 3694 3706
f 3703 3691 3696
f 3703 3696 3708
f 3708 3696 3695
f 3708 3695 3707
f 3708 3707 3702
f 3708 3702 3703
f 3705 3698 3693
f 3705 3710 3698
f 3710 3704 3709
f 3710 3705 3704
f 3706 3694 3699
f 3706 3699 3711
f 3711 3699 3698
f 3711 3698 3710
f 3712 3706 3711
f 3712 3707 3706
f 3714 3701 3702
f 3714 3713 3701
f 3716 3704 3705
f 3716 3715 3704
f 3713 3706 3701
f 3713 3717 3706
f 3717 3705 3706
f 3717 3716 3705
f 3714 3702 3707
f 3714 3707 3718
f 3718 3717 3713
f 3718 3713 3714
f 3715 3709 3704
f 3715 3719 3709
f 3720 3710 3709
f 3720 3709 3719
f 3721 3711 3710
f 3721 3710 3720
f 3718 3707 3712
f 3718 3712 3722
f 3722 3712 3711
f 3722 3711 3721
f 3722 3721 3717
f 3722 3717 3718
f 3723 3720 3719
f 3723 3724 3720
f 3725 3720 3724
f 3725 3721 3720
f 3727 3715 3716
f 3727 3726 3715
f 3728 3716 3717
f 3728 3727 3716
f 3726 3719 3715
f 3726 3729 3719
f 3728 3717 3721
f 3728 3721 3731
f 3730 3727 3728
f 3730 3728 3731
f 3729 3723 3719
f 3729 3732 3723
f 3733 3724 3723
f 3733 3723 3732
f 3732 3729 3730
f 3732 3730 3733
f 3731 3721 3725
f 3731 3725 3734
f 3734 3725 3724
f 3734 3724 3733
f 3733 3730 3731
f 3733 3731 3734
f 3727 3735 3726
f 3727 3736 3735
f 3738 3726 3735
f 3738 3729 3726
f 3739 3736 3727
f 3739 3727 3730
f 3730 3729 3738
f 3730 3738 3739
f 3739 3737 3736
f 3739 3740 3737
f 3736 3741 3735
f 3736 3742 3741
f 3737 3742 3736
f 3737 3743 3742
f 3745 3735 3741
f 3745 3738 3735
f 3739 3738 3745
f 3739 3745 3746
f 3745 3741 3742
f 3745 3742 3746
f 3747 3743 3737
f 3747 3737 3740
f 3740 3739 3746
f 3740 3746 3747
f 3748 3743 3747
f 3748 3744 3743
f 3743 3752 3742
f 3743 3753 3752
f 3753 3749 3752
f 3753 3750 3749
f 3744 3753 3743
f 3744 3754 3753
f 3753 3751 3750
f 3753 3754 3751
f 3755 3742 3752
f 3755 3746 3742
f 3747 3746 3755
f 3747 3755 3756
f 3757 3754 3744
f 3757 3744 3748
f 3748 3747 3756
f 3748 3756 3757
f 3750 3758 3749
f 3750 3759 3758
f 3751 3759 3750
f 3751 3760 3759
f 3761 3749 3758
f 3761 3752 3749
f 3762 3761 3758
f 3762 3758 3759
f 3763 3760 3751
f 3763 3751 3754
f 3764 3752 3761
f 3764 3755 3752
f 3756 3755 3764
f 3756 3764 3765
f 3765 3764 3761
f 3765 3761 3762
f 3766 3763 3754
f 3766 3754 3757
f 3766 3757 3756
f 3766 3756 3765
f 3766 3765 3762
f 3766 3762 3763
f 3760 3767 3759
f 3760 3768 3767
f 3770 3759 3767
f 3770 3762 3759
f 3771 3768 3760
f 3771 3760 3763
f 3763 3762 3770
f 3763 3770 3771
f 3772 3768 3771
f 3772 3769 3768
f 3774 3767 3768
f 3774 3773 3767
f 3769 3774 3768
f 3769 3775 3774
f 3773 3770 3767
f 3773 3776 3770
f 3771 3770 3776
f 3771 3776 3777
f 3775 3769 3772
f 3775 3772 3778
f 3772 3771 3777
f 3772 3777 3778
f 3781 3773 3774
f 3781 3780 3773
f 3775 3781 3774
f 3775 3782 3781
f 3784 3773 3780
f 3784 3776 3773
f 3783 3780 3779
f 3783 3784 3780
f 3785 3777 3776
f 3785 3776 3784
f 3786 3782 3775
f 3786 3775 3778
f 3778 3777 3785
f 3778 3785 3786
f 3788 3779 3780
f 3788 3787 3779
f 3789 3780 3781
f 3789 3788 3780
f 3782 3789 3781
f 3782 3790 3789
f 3787 3783 3779
f 3787 3791 3783
f 3792 3784 3783
f 3792 3783 3791
f 3793 3785 3784
f 3793 3784 3792
f 3794 3790 3782
f 3794 3782 3786
f 3786 3785 3793
f 3786 3793 3794
f 3796 3787 3788
f 3796 3795 3787
f 3789 3796 3788
f 3789 3797 3796
f 3798 3789 3790
f 3798 3797 3789
f 3795 3791 3787
f 3795 3800 3791
f 3801 3792 3791
f 3801 3791 3800
f 3793 3792 3801
f 3793 3801 3802
f 3803 3798 3790
f 3803 3790 3794
f 3803 3794 3793
f 3803 3793 3802
f 3803 3802 3797
f 3803 3797 3798
f 3805 3799 3804
f 3805 3800 3799
f 3806 3800 3805
f 3806 3801 3800
f 3796 3807 3795
f 3796 3808 3807
f 3809 3796 3797
f 3809 3808 3796
f 3807 3800 3795
f 3807 3811 3800
f 3811 3799 3800
f 3811 3810 3799
f 3812 3811 3807
f 3812 3807 3808
f 3809 3797 3802
f 3809 3802 3813
f 3813 3802 3801
f 3813 3801 3812
f 3813 3812 3808
f 3813 3808 3809
f 3810 3804 3799
f 3810 3814 3804
f 3805 3804 3814
f 3805 3814 3815
f 3812 3801 3806
f 3812 3806 3816
f 3816 3806 3805
f 3816 3805 3815
f 3817 3815 3814
f 3817 3818 3815
f 3820 3810 3811
f 3820 3819 3810
f 3821 3811 3812
f 3821 3820 3811
f 3819 3814 3810
f 3819 3822 3814
f 3821 3812 3816
f 3821 3816 3824
f 3824 3816 3815
f 3824 3815 3823
f 3824 3823 3820
f 3824 3820 3821
f 3822 3817 3814
f 3822 3825 3817
f 3826 3823 3815
f 3826 3815 3818
f 3818 3817 3825
f 3818 3825 3826
f 3826 3825 3822
f 3826 3822 3823
f 3828 3819 3820
f 3828 3827 3819
f 3829 3819 3827
f 3829 3822 3819
f 3830 3828 3820
f 3830 3820 3823
f 3830 3823 3822
f 3830 3822 3829
f 3828 3831 3827
f 3828 3832 3831
f 3835 3827 3831
f 3835 3829 3827
f 3836 3832 3828
f 3836 3828 3830
f 3830 3829 3835
f 3830 3835 3836
f 3835 3831 3832
f 3835 3832 3836
f 3836 3833 3832
f 3836 3837 3833
f 3838 3833 3837
f 3838 3834 3833
f 3833 3842 3832
f 3833 3843 3842
f 3843 3839 3842
f 3843 3840 3839
f 3834 3843 3833
f 3834 3844 3843
f 3843 3841 3840
f 3843 3844 3841
f 3845 3832 3842
f 3845 3836 3832
f 3837 3836 3845
f 3837 3845 3846
f 3847 3844 3834
f 3847 3834 3838
f 3838 3837 3846
f 3838 3846 3847
f 3840 3848 3839
f 3840 3849 3848
f 3841 3849 3840
f 3841 3850 3849
f 3851 3839 3848
f 3851 3842 3839
f 3853 3850 3841
f 3853 3841 3844
f 3854 3842 3851
f 3854 3845 3842
f 3846 3845 3854
f 3846 3854 3855
f 3854 3851 3852
f 3854 3852 3855
f 3856 3853 3844
f 3856 3844 3847
f 3856 3847 3846
f 3856 3846 3855
f 3856 3855 3852
f 3856 3852 3853
f 3849 3857 3848
f 3849 3858 3857
f 3850 3858 3849
f 3850 3859 3858
f 3861 3848 3857
f 3861 3851 3848
f 3852 3851 3861
f 3852 3861 3862
f 3861 3857 3858
f 3861 3858 3862
f 3863 3859 3850
f 3863 3850 3853
f 3853 3852 3862
f 3853 3862 3863
f 3864 3859 3863
f 3864 3860 3859
f 3859 3865 3858
f 3859 3866 3865
f 3860 3866 3859
f 3860 3867 3866
f 3865 3862 3858
f 3865 3868 3862
f 3863 3862 3868
f 3863 3868 3869
f 3867 3860 3864
f 3867 3864 3870
f 3864 3863 3869
f 3864 3869 3870
f 3873 3865 3866
f 3873 3872 3865
f 3867 3873 3866
f 3867 3874 3873
f 3876 3865 3872
f 3876 3868 3865
f 3875 3872 3871
f 3875 3876 3872
f 3877 3869 3868
f 3877 3868 3876
f 3874 3867 3870
f 3874 3870 3878
f 3878 3870 3869
f 3878 3869 3877
f 3880 3871 3872
f 3880 3879 3871
f 3881 3872 3873
f 3881 3880 3872
f 3874 3881 3873
f 3874 3882 3881
f 3879 3875 3871
f 3879 3884 3875
f 3885 3876 3875
f 3885 3875 3884
f 3886 3877 3876
f 3886 3876 3885
f 3887 3882 3874
f 3887 3874 3878
f 3878 3877 3886
f 3878 3886 3887
f 3888 3882 3887
f 3888 3883 3882
f 3880 3889 3879
f 3880 3890 3889
f 3881 3890 3880
f 3881 3891 3890
f 3892 3881 3882
f 3892 3891 3881
f 3893 3882 3883
f 3893 3892 3882
f 3889 3884 3879
f 3889 3894 3884
f 3895 3885 3884
f 3895 3884 3894
f 3886 3885 3895
f 3886 3895 3896
f 3897 3887 3886
f 3897 3886 3896
f 3893 3883 3888
f 3893 3888 3898
f 3898 3888 3887
f 3898 3887 3897
f 3898 3897 3892
f 3898 3892 3893
f 3899 3895 3894
f 3899 3900 3895
f 3901 3895 3900
f 3901 3896 3895
f 3890 3902 3889
f 3890 3903 3902
f 3904 3890 3891
f 3904 3903 3890
f 3905 3891 3892
f 3905 3904 3891
f 3902 3894 3889
f 3902 3907 3894
f 3908 3907 3902
f 3908 3902 3903
f 3909 3908 3903
f 3909 3903 3904
f 3905 3892 3897
f 3905 3897 3910
f 3910 3897 3896
f 3910 3896 3909
f 3910 3909 3904
f 3910 3904 3905
f 3907 3899 3894
f 3907 3912 3899
f 3912 3906 3911
f 3912 3907 3906
f 3913 3900 3899
f 3913 3899 3912
f 3914 3909 3896
f 3914 3896 3901
f 3914 3901 3900
f 3914 3900 3913
f 3914 3913 3908
f 3914 3908 3909
f 3916 3906 3907
f 3916 3915 3906
f 3917 3907 3908
f 3917 3916 3907
f 3915 3911 3906
f 3915 3918 3911
f 3919 3912 3911
f 3919 3911 3918
f 3917 3908 3913
f 3917 3913 3920
f 3920 3913 3912
f 3920 3912 3919
f 3920 3919 3916
f 3920 3916 3917
f 3922 3915 3916
f 3922 3921 3915
f 3923 3915 3921
f 3923 3918 3915
f 3924 3922 3916
f 3924 3916 3919
f 3924 3919 3918
f 3924 3918 3923
f 3922 3925 3921
f 3922 3926 3925
f 3928 3921 3925
f 3928 3923 3921
f 3929 3926 3922
f 3929 3922 3924
f 3924 3923 3928
f 3924 3928 3929
f 3929 3927 3926
f 3929 3930 3927
f 3926 3931 3925
f 3926 3932 3931
f 3927 3932 3926
f 3927 3933 3932
f 3931 3928 3925
f 3931 3935 3928
f 3929 3928 3935
f 3929 3935 3936
f 3936 3935 3931
f 3936 3931 3932
f 3937 3933 3927
f 3937 3927 3930
f 3930 3929 3936
f 3930 3936 3937
f 3937 3934 3933
f 3937 3938 3934
f 3933 3942 3932
f 3933 3943 3942
f 3943 3939 3942
f 3943 3940 3939
f 3934 3943 3933
f 3934 3944 3943
f 3943 3941 3940
f 3943 3944 3941
f 3945 3932 3942
f 3945 3936 3932
f 3937 3936 3945
f 3937 3945 3946
f 3945 3942 3943
f 3945 3943 3946
f 3947 3944 3934
f 3947 3934 3938
f 3938 3937 3946
f 3938 3946 3947
f 3947 3946 3943
f 3947 3943 3944
f 3940 3948 3939
f 3940 3949 3948
f 3941 3949 3940
f 3941 3950 3949
f 3951 3939 3948
f 3951 3942 3939
f 3943 3942 3951
f 3943 3951 3952
f 3951 3948 3949
f 3951 3949 3952
f 3953 3950 3941
f 3953 3941 3944
f 3944 3943 3952
f 3944 3952 3953
f 3950 3954 3949
f 3950 3955 3954
f 3957 3949 3954
f 3957 3952 3949
f 3958 3955 3950
f 3958 3950 3953
f 3953 3952 3957
f 3953 3957 3958
f 3959 3955 3958
f 3959 3956 3955
f 3961 3954 3955
f 3961 3960 3954
f 3956 3961 3955
f 3956 3962 3961
f 3960 3957 3954
f 3960 3963 3957
f 3964 3958 3957
f 3964 3957 3963
f 3962 3956 3959
f 3962 3959 3965
f 3959 3958 3964
f 3959 3964 3965
f 3966 3964 3963
f 3966 3967 3964
f 3972 3960 3961
f 3972 3971 3960
f 3962 3972 3961
f 3962 3973 3972
f 3972 3969 3968
f 3972 3973 3969
f 3976 3960 3971
f 3976 3963 3960
f 3975 3971 3970
f 3975 3976 3971
f 3978 3973 3962
f 3978 3962 3965
f 3965 3964 3977
f 3965 3977 3978
f 3978 3974 3973
f 3978 3979 3974
f 3980 3963 3976
f 3980 3966 3963
f 3981 3977 3964
f 3981 3964 3967
f 3967 3966 3980
f 3967 3980 3981
f 3980 3976 3977
f 3980 3977 3981
f 3969 3982 3968
f 3969 3983 3982
f 3985 3970 3971
f 3985 3984 3970
f 3982 3972 3968
f 3982 3986 3972
f 3972 3985 3971
f 3972 3986 3985
f 3983 3969 3973
f 3983 3973 3987
f 3986 3982 3983
f 3986 3983 3987
f 3974 3987 3973
f 3974 3988 3987
f 3984 3975 3970
f 3984 3989 3975
f 3990 3976 3975
f 3990 3975 3989
f 3991 3977 3976
f 3991 3976 3990
f 3978 3977 3991
f 3978 3991 3992
f 3988 3974 3979
f 3988 3979 3993
f 3979 3978 3992
f 3979 3992 3993
f 3992 3987 3988
f 3992 3988 3993
f 3994 3990 3989
f 3994 3995 3990
f 3985 3996 3984
f 3985 3997 3996
f 3998 3985 3986
f 3998 3997 3985
f 3999 3986 3987
f 3999 3998 3986
f 3996 3989 3984
f 3996 4001 3989
f 4002 4001 3996
f 4002 3996 3997
f 4003 3991 3990
f 4003 3990 4002
f 3999 3987 3992
f 3999 3992 4004
f 4004 3992 3991
f 4004 3991 4003
f 4004 4003 3998
f 4004 3998 3999
f 4001 3994 3989
f 4001 4006 3994
f 4006 4000 4005
f 4006 4001 4000
f 4002 3990 3995
f 4002 3995 4007
f 4007 3995 3994
f 4007 3994 4006
f 4008 4002 4007
f 4008 4003 4002
f 4010 3997 3998
f 4010 4009 3997
f 4012 4000 4001
f 4012 4011 4000
f 4009 4002 3997
f 4009 4013 4002
f 4013 4001 4002
f 4013 4012 4001
f 4010 3998 4003
f 4010 4003 4014
f 4014 4013 4009
f 4014 4009 4010
f 4011 4005 4000
f 4011 4015 4005
f 4016 4006 4005
f 4016 4005 4015
f 4017 4007 4006
f 4017 4006 4016
f 4014 4003 4008
f 4014 4008 4018
f 4018 4008 4007
f 4018 4007 4017
f 4018 4017 4013
f 4018 4013 4014
f 4019 4016 4015
f 4019 4020 4016
f 4022 4011 4012
f 4022 4021 4011
f 4023 4012 4013
f 4023 4022 4012
f 4021 4015 4011
f 4021 4024 4015
f 4023 4013 4017
f 4023 4017 4026
f 4026 4017 4016
f 4026 4016 4025
f 4026 4025 4022
f 4026 4022 4023
f 4024 4019 4015
f 4024 4027 4019
f 4028 4025 4016
f 4028 4016 4020
f 4020 4019 4027
f 4020 4027 4028
f 4027 4024 4025
f 4027 4025 4028
f 4022 4029 4021
f 4022 4030 4029
f 4032 4021 4029
f 4032 4024 4021
f 4033 4030 4022
f 4033 4022 4025
f 4033 4025 4024
f 4033 4024 4032
f 4033 4031 4030
f 4033 4034 4031
f 4030 4035 4029
f 4030 4036 4035
f 4031 4036 4030
f 4031 4037 4036
f 4039 4029 4035
f 4039 4032 4029
f 4033 4032 4039
f 4033 4039 4040
f 4039 4035 4036
f 4039 4036 4040
f 4041 4037 4031
f 4041 4031 4034
f 4034 4033 4040
f 4034 4040 4041
f 4042 4037 4041
f 4042 4038 4037
f 4037 4046 4036
f 4037 4047 4046
f 4047 4043 4046
f 4047 4044 4043
f 4038 4047 4037
f 4038 4048 4047
f 4047 4045 4044
f 4047 4048 4045
f 4049 4036 4046
f 4049 4040 4036
f 4041 4040 4049
f 4041 4049 4050
f 4051 4048 4038
f 4051 4038 4042
f 4042 4041 4050
f 4042 4050 4051
f 4044 4052 4043
f 4044 4053 4052
f 4045 4053 4044
f 4045 4054 4053
f 4055 4043 4052
f 4055 4046 4043
f 4055 4052 4053
f 4055 4053 4056
f 4057 4054 4045
f 4057 4045 4048
f 4058 4046 4055
f 4058 4049 4046
f 4050 4049 4058
f 4050 4058 4059
f 4059 4058 4055
f 4059 4055 4056
f 4060 4057 4048
f 4060 4048 4051
f 4060 4051 4050
f 4060 4050 4059
f 4060 4059 4056
f 4060 4056 4057
f 4054 4061 4053
f 4054 4062 4061
f 4061 4056 4053
f 4061 4064 4056
f 4065 4062 4054
f 4065 4054 4057
f 4057 4056 4064
f 4057 4064 4065
f 4066 4062 4065
f 4066 4063 4062
f 4062 4067 4061
f 4062 4068 4067
f 4063 4068 4062
f 4063 4069 4068
f 4067 4064 4061
f 4067 4070 4064
f 4065 4064 4070
f 4065 4070 4071
f 4069 4063 4066
f 4069 4066 4072
f 4066 4065 4071
f 4066 4071 4072
f 4075 4067 4068
f 4075 4074 4067
f 4069 4075 4068
f 4069 4076 4075
f 4078 4067 4074
f 4078 4070 4067
f 4077 4074 4073
f 4077 4078 4074
f 4079 4071 4070
f 4079 4070 4078
f 4076 4069 4072
f 4076 4072 4080
f 4072 4071 4079
f 4072 4079 4080
f 4082 4073 4074
f 4082 4081 4073
f 4083 4074 4075
f 4083 4082 4074
f 4076 4083 4075
f 4076 4084 4083
f 4081 4077 4073
f 4081 4085 4077
f 4086 4078 4077
f 4086 4077 4085
f 4087 4079 4078
f 4087 4078 4086
f 4088 4084 4076
f 4088 4076 4080
f 4080 4079 4087
f 4080 4087 4088
f 4090 4081 4082
f 4090 4089 4081
f 4083 4090 4082
f 4083 4091 4090
f 4092 4083 4084
f 4092 4091 4083
f 4089 4085 4081
f 4089 4094 4085
f 4095 4086 4085
f 4095 4085 4094
f 4087 4086 4095
f 4087 4095 4096
f 4097 4092 4084
f 4097 4084 4088
f 4097 4088 4087
f 4097 4087 4096
f 4097 4096 4091
f 4097 4091 4092
f 4099 4093 4098
f 4099 4094 4093
f 4100 4094 4099
f 4100 4095 4094
f 4101 4095 4100
f 4101 4096 4095
f 4090 4102 4089
f 4090 4103 4102
f 4104 4090 4091
f 4104 4103 4090
f 4102 4094 4089
f 4102 4106 4094
f 4106 4093 4094
f 4106 4105 4093
f 4107 4106 4102
f 4107 4102 4103
f 4104 4091 4096
f 4104 4096 4108
f 4108 4107 4103
f 4108 4103 4104
f 4105 4098 4093
f 4105 4109 4098
f 4099 4098 4109
f 4099 4109 4110
f 4111 4100 4099
f 4111 4099 4110
f 4108 4096 4101
f 4108 4101 4112
f 4112 4101 4100
f 4112 4100 4111
f 4112 4111 4107
f 4112 4107 4108
f 4113 4110 4109
f 4113 4114 4110
f 4116 4105 4106
f 4116 4115 4105
f 4117 4106 4107
f 4117 4116 4106
f 4115 4109 4105
f 4115 4118 4109
f 4117 4107 4111
f 4117 4111 4120
f 4120 4111 4110
f 4120 4110 4119
f 4120 4119 4116
f 4120 4116 4117
f 4118 4113 4109
f 4118 4121 4113
f 4122 4119 4110
f 4122 4110 4114
f 4114 4113 4121
f 4114 4121 4122
f 4122 4121 4118
f 4122 4118 4119
f 4124 4115 4116
f 4124 4123 4115
f 4125 4115 4123
f 4125 4118 4115
f 4126 4124 4116
f 4126 4116 4119
f 4126 4119 4118
f 4126 4118 4125
f 4124 4127 4123
f 4124 4128 4127
f 4131 4123 4127
f 4131 4125 4123
f 4132 4128 4124
f 4132 4124 4126
f 4126 4125 4131
f 4126 4131 4132
f 4131 4127 4128
f 4131 4128 4132
f 4132 4129 4128
f 4132 4133 4129
f 4134 4129 4133
f 4134 4130 4129
f 4129 4137 4128
f 4129 4138 4137
f 4138 4135 4137
f 4138 4136 4135
f 4130 4138 4129
f 4130 4139 4138
f 4140 4128 4137
f 4140 4132 4128
f 4133 4132 4140
f 4133 4140 4141
f 4142 4139 4130
f 4142 4130 4134
f 4134 4133 4141
f 4134 4141 4142
f 4136 4143 4135
f 4136 4144 4143
f 4146 4135 4143
f 4146 4137 4135
f 4147 4144 4136
f 4147 4136 4138
f 4139 4147 4138
f 4139 4148 4147
f 4147 4145 4144
f 4147 4148 4145
f 4149 4137 4146
f 4149 4140 4137
f 4141 4140 4149
f 4141 4149 4150
f 4150 4149 4146
f 4150 4146 4147
f 4151 4148 4139
f 4151 4139 4142
f 4151 4142 4141
f 4151 4141 4150
f 4151 4150 4147
f 4151 4147 4148
f 4144 4152 4143
f 4144 4153 4152
f 4145 4153 4144
f 4145 4154 4153
f 4156 4143 4152
f 4156 4146 4143
f 4147 4146 4156
f 4147 4156 4157
f 4156 4152 4153
f 4156 4153 4157
f 4158 4154 4145
f 4158 4145 4148
f 4148 4147 4157
f 4148 4157 4158
f 4159 4154 4158
f 4159 4155 4154
f 4154 4160 4153
f 4154 4161 4160
f 4155 4161 4154
f 4155 4162 4161
f 4160 4157 4153
f 4160 4163 4157
f 4158 4157 4163
f 4158 4163 4164
f 4162 4155 4159
f 4162 4159 4165
f 4159 4158 4164
f 4159 4164 4165
f 4168 4160 4161
f 4168 4167 4160
f 4162 4168 4161
f 4162 4169 4168
f 4171 4160 4167
f 4171 4163 4160
f 4170 4167 4166
f 4170 4171 4167
f 4172 4164 4163
f 4172 4163 4171
f 4169 4162 4165
f 4169 4165 4173
f 4173 4165 4164
f 4173 4164 4172
f 4175 4166 4167
f 4175 4174 4166
f 4176 4167 4168
f 4176 4175 4167
f 4169 4176 4168
f 4169 4177 4176
f 4174 4170 4166
f 4174 4179 4170
f 4180 4171 4170
f 4180 4170 4179
f 4181 4172 4171
f 4181 4171 4180
f 4182 4177 4169
f 4182 4169 4173
f 4173 4172 4181
f 4173 4181 4182
f 4183 4177 4182
f 4183 4178 4177
f 4175 4184 4174
f 4175 4185 4184
f 4176 4185 4175
f 4176 4186 4185
f 4187 4176 4177
f 4187 4186 4176
f 4188 4177 4178
f 4188 4187 4177
f 4184 4179 4174
f 4184 4189 4179
f 4190 4180 4179
f 4190 4179 4189
f 4181 4180 4190
f 4181 4190 4191
f 4192 4182 4181
f 4192 4181 4191
f 4188 4178 4183
f 4188 4183 4193
f 4193 4183 4182
f 4193 4182 4192
f 4193 4192 4187
f 4193 4187 4188
f 4194 4190 4189
f 4194 4195 4190
f 4196 4190 4195
f 4196 4191 4190
f 4185 4197 4184
f 4185 4198 4197
f 4199 4185 4186
f 4199 4198 4185
f 4200 4186 4187
f 4200 4199 4186
f 4197 4189 4184
f 4197 4202 4189
f 4203 4202 4197
f 4203 4197 4198
f 4204 4203 4198
f 4204 4198 4199
f 4200 4187 4192
f 4200 4192 4205
f 4205 4192 4191
f 4205 4191 4204
f 4205 4204 4199
f 4205 4199 4200
f 4202 4194 4189
f 4202 4207 4194
f 4207 4201 4206
f 4207 4202 4201
f 4208 4195 4194
f 4208 4194 4207
f 4209 4204 4191
f 4209 4191 4196
f 4209 4196 4195
f 4209 4195 4208
f 4209 4208 4203
f 4209 4203 4204
f 4211 4201 4202
f 4211 4210 4201
f 4212 4202 4203
f 4212 4211 4202
f 4210 4206 4201
f 4210 4213 4206
f 4214 4207 4206
f 4214 4206 4213
f 4212 4203 4208
f 4212 4208 4215
f 4215 4208 4207
f 4215 4207 4214
f 4215 4214 4211
f 4215 4211 4212
f 4217 4210 4211
f 4217 4216 4210
f 4218 4210 4216
f 4218 4213 4210
f 4219 4217 4211
f 4219 4211 4214
f 4219 4214 4213
f 4219 4213 4218
f 4217 4220 4216
f 4217 4221 4220
f 4223 4216 4220
f 4223 4218 4216
f 4224 4221 4217
f 4224 4217 4219
f 4219 4218 4223
f 4219 4223 4224
f 4224 4222 4221
f 4224 4225 4222
f 4221 4226 4220
f 4221 4227 4226
f 4222 4227 4221
f 4222 4228 4227
f 4226 4223 4220
f 4226 4230 4223
f 4224 4223 4230
f 4224 4230 4231
f 4231 4230 4226
f 4231 4226 4227
f 4232 4228 4222
f 4232 4222 4225
f 4225 4224 4231
f 4225 4231 4232
f 4232 4229 4228
f 4232 4233 4229
f 4228 4237 4227
f 4228 4238 4237
f 4238 4234 4237
f 4238 4235 4234
f 4229 4238 4228
f 4229 4239 4238
f 4238 4236 4235
f 4238 4239 4236
f 4240 4227 4237
f 4240 4231 4227
f 4232 4231 4240
f 4232 4240 4241
f 4240 4237 4238
f 4240 4238 4241
f 4242 4239 4229
f 4242 4229 4233
f 4233 4232 4241
f 4233 4241 4242
f 4242 4241 4238
f 4242 4238 4239
f 4235 4243 4234
f 4235 4244 4243
f 4236 4244 4235
f 4236 4245 4244
f 4246 4234 4243
f 4246 4237 4234
f 4238 4237 4246
f 4238 4246 4247
f 4246 4243 4244
f 4246 4244 4247
f 4248 4245 4236
f 4248 4236 4239
f 4239 4238 4247
f 4239 4247 4248
f 4245 4249 4244
f 4245 4250 4249
f 4252 4244 4249
f 4252 4247 4244
f 4253 4250 4245
f 4253 4245 4248
f 4248 4247 4252
f 4248 4252 4253
f 4254 4250 4253
f 4254 4251 4250
f 4256 4249 4250
f 4256 4255 4249
f 4251 4256 4250
f 4251 4257 4256
f 4255 4252 4249
f 4255 4258 4252
f 4259 4253 4252
f 4259 4252 4258
f 4257 4251 4254
f 4257 4254 4260
f 4254 4253 4259
f 4254 4259 4260
f 4262 4258 4261
f 4262 4259 4258
f 4267 4255 4256
f 4267 4266 4255
f 4257 4267 4256
f 4257 4268 4267
f 4267 4264 4263
f 4267 4268 4264
f 4270 4255 4266
f 4270 4258 4255
f 4269 4266 4265
f 4269 4270 4266
f 4272 4268 4257
f 4272 4257 4260
f 4260 4259 4271
f 4260 4271 4272
f 4273 4258 4270
f 4273 4261 4258
f 4274 4271 4259
f 4274 4259 4262
f 4262 4261 4273
f 4262 4273 4274
f 4273 4270 4271
f 4273 4271 4274
f 4264 4275 4263
f 4264 4276 4275
f 4278 4265 4266
f 4278 4277 4265
f 4275 4267 4263
f 4275 4279 4267
f 4267 4278 4266
f 4267 4279 4278
f 4276 4264 4268
f 4276 4268 4280
f 4279 4275 4276
f 4279 4276 4280
f 4277 4269 4265
f 4277 4281 4269
f 4282 4270 4269
f 4282 4269 4281
f 4283 4271 4270
f 4283 4270 4282
f 4280 4268 4272
f 4280 4272 4284
f 4272 4271 4283
f 4272 4283 4284
f 4285 4282 4281
f 4285 4286 4282
f 4278 4287 4277
f 4278 4288 4287
f 4289 4278 4279
f 4289 4288 4278
f 4290 4279 4280
f 4290 4289 4279
f 4287 4281 4277
f 4287 4292 4281
f 4293 4292 4287
f 4293 4287 4288
f 4294 4283 4282
f 4294 4282 4293
f 4290 4280 4284
f 4290 4284 4295
f 4295 4284 4283
f 4295 4283 4294
f 4295 4294 4289
f 4295 4289 4290
f 4292 4285 4281
f 4292 4297 4285
f 4297 4291 4296
f 4297 4292 4291
f 4293 4282 4286
f 4293 4286 4298
f 4298 4286 4285
f 4298 4285 4297
f 4299 4293 4298
f 4299 4294 4293
f 4301 4288 4289
f 4301 4300 4288
f 4303 4291 4292
f 4303 4302 4291
f 4300 4293 4288
f 4300 4304 4293
f 4304 4292 4293
f 4304 4303 4292
f 4301 4289 4294
f 4301 4294 4305
f 4305 4304 4300
f 4305 4300 4301
f 4302 4296 4291
f 4302 4306 4296
f 4307 4297 4296
f 4307 4296 4306
f 4308 4298 4297
f 4308 4297 4307
f 4305 4294 4299
f 4305 4299 4309
f 4309 4299 4298
f 4309 4298 4308
f 4309 4308 4304
f 4309 4304 4305
f 4310 4307 4306
f 4310 4311 4307
f 4313 4302 4303
f 4313 4312 4302
f 4314 4303 4304
f 4314 4313 4303
f 4312 4306 4302
f 4312 4315 4306
f 4314 4304 4308
f 4314 4308 4317
f 4317 4308 4307
f 4317 4307 4316
f 4317 4316 4313
f 4317 4313 4314
f 4315 4310 4306
f 4315 4318 4310
f 4319 4316 4307
f 4319 4307 4311
f 4311 4310 4318
f 4311 4318 4319
f 4319 4318 4315
f 4319 4315 4316
f 4313 4320 4312
f 4313 4321 4320
f 4323 4312 4320
f 4323 4315 4312
f 4324 4321 4313
f 4324 4313 4316
f 4324 4316 4315
f 4324 4315 4323
f 4324 4322 4321
f 4324 4325 4322
f 4321 4326 4320
f 4321 4327 4326
f 4322 4327 4321
f 4322 4328 4327
f 4330 4320 4326
f 4330 4323 4320
f 4324 4323 4330
f 4324 4330 4331
f 4330 4326 4327
f 4330 4327 4331
f 4332 4328 4322
f 4332 4322 4325
f 4325 4324 4331
f 4325 4331 4332
f 4333 4328 4332
f 4333 4329 4328
f 4328 4337 4327
f 4328 4338 4337
f 4338 4334 4337
f 4338 4335 4334
f 4329 4338 4328
f 4329 4339 4338
f 4338 4336 4335
f 4338 4339 4336
f 4340 4327 4337
f 4340 4331 4327
f 4332 4331 4340
f 4332 4340 4341
f 4342 4339 4329
f 4342 4329 4333
f 4333 4332 4341
f 4333 4341 4342
f 4335 4343 4334
f 4335 4344 4343
f 4336 4344 4335
f 4336 4345 4344
f 4346 4334 4343
f 4346 4337 4334
f 4346 4343 4344
f 4346 4344 4347
f 4348 4345 4336
f 4348 4336 4339
f 4349 4337 4346
f 4349 4340 4337
f 4341 4340 4349
f 4341 4349 4350
f 4350 4349 4346
f 4350 4346 4347
f 4351 4348 4339
f 4351 4339 4342
f 4351 4342 4341
f 4351 4341 4350
f 4351 4350 4347
f 4351 4347 4348
f 4345 4352 4344
f 4345 4353 4352
f 4352 4347 4344
f 4352 4355 4347
f 4356 4353 4345
f 4356 4345 4348
f 4348 4347 4355
f 4348 4355 4356
f 4357 4353 4356
f 4357 4354 4353
f 4353 4358 4352
f 4353 4359 4358
f 4354 4359 4353
f 4354 4360 4359
f 4358 4355 4352
f 4358 4361 4355
f 4356 4355 4361
f 4356 4361 4362
f 4360 4354 4357
f 4360 4357 4363
f 4357 4356 4362
f 4357 4362 4363
f 4366 4358 4359
f 4366 4365 4358
f 4360 4366 4359
f 4360 4367 4366
f 4369 4358 4365
f 4369 4361 4358
f 4368 4365 4364
f 4368 4369 4365
f 4370 4362 4361
f 4370 4361 4369
f 4367 4360 4363
f 4367 4363 4371
f 4363 4362 4370
f 4363 4370 4371
f 4373 4364 4365
f 4373 4372 4364
f 4374 4365 4366
f 4374 4373 4365
f 4367 4374 4366
f 4367 4375 4374
f 4372 4368 4364
f 4372 4376 4368
f 4377 4369 4368
f 4377 4368 4376
f 4378 4370 4369
f 4378 4369 4377
f 4379 4375 4367
f 4379 4367 4371
f 4371 4370 4378
f 4371 4378 4379
f 4381 4372 4373
f 4381 4380 4372
f 4374 4381 4373
f 4374 4382 4381
f 4383 4374 4375
f 4383 4382 4374
f 4380 4376 4372
f 4380 4385 4376
f 4386 4377 4376
f 4386 4376 4385
f 4378 4377 4386
f 4378 4386 4387
f 4388 4383 4375
f 4388 4375 4379
f 4388 4379 4378
f 4388 4378 4387
f 4388 4387 4382
f 4388 4382 4383
f 4390 4384 4389
f 4390 4385 4384
f 4391 4385 4390
f 4391 4386 4385
f 4392 4386 4391
f 4392 4387 4386
f 4381 4393 4380
f 4381 4394 4393
f 4395 4381 4382
f 4395 4394 4381
f 4393 4385 4380
f 4393 4397 4385
f 4397 4384 4385
f 4397 4396 4384
f 4398 4397 4393
f 4398 4393 4394
f 4395 4382 4387
f 4395 4387 4399
f 4399 4398 4394
f 4399 4394 4395
f 4396 4389 4384
f 4396 4400 4389
f 4390 4389 4400
f 4390 4400 4401
f 4402 4391 4390
f 4402 4390 4401
f 4399 4387 4392
f 4399 4392 4403
f 4403 4392 4391
f 4403 4391 4402
f 4403 4402 4398
f 4403 4398 4399
f 4404 4401 4400
f 4404 4405 4401
f 4407 4396 4397
f 4407 4406 4396
f 4408 4397 4398
f 4408 4407 4397
f 4406 4400 4396
f 4406 4409 4400
f 4408 4398 4402
f 4408 4402 4411
f 4411 4402 4401
f 4411 4401 4410
f 4411 4410 4407
f 4411 4407 4408
f 4409 4404 4400
f 4409 4412 4404
f 4413 4410 4401
f 4413 4401 4405
f 4405 4404 4412
f 4405 4412 4413
f 4413 4412 4409
f 4413 4409 4410
f 4415 4406 4407
f 4415 4414 4406
f 4416 4406 4414
f 4416 4409 4406
f 4417 4415 4407
f 4417 4407 4410
f 4417 4410 4409
f 4417 4409 4416
f 4415 4418 4414
f 4415 4419 4418
f 4422 4414 4418
f 4422 4416 4414
f 4423 4419 4415
f 4423 4415 4417
f 4417 4416 4422
f 4417 4422 4423
f 4422 4418 4419
f 4422 4419 4423
f 4423 4420 4419
f 4423 4424 4420
f 4425 4420 4424
f 4425 4421 4420
f 4420 4428 4419
f 4420 4429 4428
f 4429 4426 4428
f 4429 4427 4426
f 4430 4420 4421
f 4430 4429 4420
f 4431 4419 4428
f 4431 4423 4419
f 4424 4423 4431
f 4424 4431 4432
f 4433 4430 4421
f 4433 4421 4425
f 4425 4424 4432
f 4425 4432 4433
f 4427 4434 4426
f 4427 4435 4434
f 4437 4426 4434
f 4437 4428 4426
f 4438 4435 4427
f 4438 4427 4429
f 4430 4438 4429
f 4430 4439 4438
f 4438 4436 4435
f 4438 4439 4436
f 4440 4428 4437
f 4440 4431 4428
f 4432 4431 4440
f 4432 4440 4441
f 4441 4440 4437
f 4441 4437 4438
f 4442 4439 4430
f 4442 4430 4433
f 4442 4433 4432
f 4442 4432 4441
f 4442 4441 4438
f 4442 4438 4439
f 4435 4443 4434
f 4435 4444 4443
f 4436 4444 4435
f 4436 4445 4444
f 4447 4434 4443
f 4447 4437 4434
f 4438 4437 4447
f 4438 4447 4448
f 4447 4443 4444
f 4447 4444 4448
f 4449 4445 4436
f 4449 4436 4439
f 4439 4438 4448
f 4439 4448 4449
f 4450 4445 4449
f 4450 4446 4445
f 4445 4451 4444
f 4445 4452 4451
f 4446 4452 4445
f 4446 4453 4452
f 4451 4448 4444
f 4451 4454 4448
f 4449 4448 4454
f 4449 4454 4455
f 4453 4446 4450
f 4453 4450 4456
f 4450 4449 4455
f 4450 4455 4456
f 4459 4451 4452
f 4459 4458 4451
f 4453 4459 4452
f 4453 4460 4459
f 4458 4454 4451
f 4458 4462 4454
f 4461 4458 4457
f 4461 4462 4458
f 4463 4455 4454
f 4463 4454 4462
f 4460 4453 4456
f 4460 4456 4464
f 4464 4456 4455
f 4464 4455 4463
f 4466 4457 4458
f 4466 4465 4457
f 4467 4458 4459
f 4467 4466 4458
f 4460 4467 4459
f 4460 4468 4467
f 4465 4461 4457
f 4465 4470 4461
f 4471 4462 4461
f 4471 4461 4470
f 4472 4463 4462
f 4472 4462 4471
f 4473 4468 4460
f 4473 4460 4464
f 4464 4463 4472
f 4464 4472 4473
f 4474 4468 4473
f 4474 4469 4468
f 4466 4475 4465
f 4466 4476 4475
f 4467 4476 4466
f 4467 4477 4476
f 4478 4467 4468
f 4478 4477 4467
f 4479 4468 4469
f 4479 4478 4468
f 4475 4470 4465
f 4475 4480 4470
f 4481 4471 4470
f 4481 4470 4480
f 4472 4471 4481
f 4472 4481 4482
f 4483 4473 4472
f 4483 4472 4482
f 4479 4469 4474
f 4479 4474 4484
f 4484 4474 4473
f 4484 4473 4483
f 4484 4483 4478
f 4484 4478 4479
f 4485 4481 4480
f 4485 4486 4481
f 4487 4481 4486
f 4487 4482 4481
f 4476 4488 4475
f 4476 4489 4488
f 4490 4476 4477
f 4490 4489 4476
f 4491 4477 4478
f 4491 4490 4477
f 4488 4480 4475
f 4488 4493 4480
f 4494 4493 4488
f 4494 4488 4489
f 4495 4494 4489
f 4495 4489 4490
f 4491 4478 4483
f 4491 4483 4496
f 4496 4483 4482
f 4496 4482 4495
f 4496 4495 4490
f 4496 4490 4491
f 4493 4485 4480
f 4493 4498 4485
f 4498 4492 4497
f 4498 4493 4492
f 4499 4486 4485
f 4499 4485 4498
f 4500 4495 4482
f 4500 4482 4487
f 4500 4487 4486
f 4500 4486 4499
f 4500 4499 4494
f 4500 4494 4495
f 4502 4492 4493
f 4502 4501 4492
f 4503 4493 4494
f 4503 4502 4493
f 4501 4497 4492
f 4501 4504 4497
f 4505 4498 4497
f 4505 4497 4504
f 4503 4494 4499
f 4503 4499 4506
f 4506 4499 4498
f 4506 4498 4505
f 4506 4505 4502
f 4506 4502 4503
f 4508 4501 4502
f 4508 4507 4501
f 4509 4501 4507
f 4509 4504 4501
f 4510 4508 4502
f 4510 4502 4505
f 4510 4505 4504
f 4510 4504 4509
f 4508 4511 4507
f 4508 4512 4511
f 4514 4507 4511
f 4514 4509 4507
f 4515 4512 4508
f 4515 4508 4510
f 4510 4509 4514
f 4510 4514 4515
f 4515 4513 4512
f 4515 4516 4513
f 4512 4517 4511
f 4512 4518 4517
f 4513 4518 4512
f 4513 4519 4518
f 4517 4514 4511
f 4517 4521 4514
f 4515 4514 4521
f 4515 4521 4522
f 4522 4521 4517
f 4522 4517 4518
f 4523 4519 4513
f 4523 4513 4516
f 4516 4515 4522
f 4516 4522 4523
f 4523 4520 4519
f 4523 4524 4520
f 4519 4528 4518
f 4519 4529 4528
f 4529 4525 4528
f 4529 4526 4525
f 4520 4529 4519
f 4520 4530 4529
f 4529 4527 4526
f 4529 4530 4527
f 4531 4518 4528
f 4531 4522 4518
f 4523 4522 4531
f 4523 4531 4532
f 4531 4528 4529
f 4531 4529 4532
f 4533 4530 4520
f 4533 4520 4524
f 4524 4523 4532
f 4524 4532 4533
f 4533 4532 4529
f 4533 4529 4530
f 4526 4534 4525
f 4526 4535 4534
f 4527 4535 4526
f 4527 4536 4535
f 4537 4525 4534
f 4537 4528 4525
f 4529 4528 4537
f 4529 4537 4538
f 4537 4534 4535
f 4537 4535 4538
f 4539 4536 4527
f 4539 4527 4530
f 4530 4529 4538
f 4530 4538 4539
f 4536 4540 4535
f 4536 4541 4540
f 4543 4535 4540
f 4543 4538 4535
f 4544 4541 4536
f 4544 4536 4539
f 4539 4538 4543
f 4539 4543 4544
f 4545 4541 4544
f 4545 4542 4541
f 4547 4540 4541
f 4547 4546 4540
f 4542 4547 4541
f 4542 4548 4547
f 4546 4543 4540
f 4546 4549 4543
f 4550 4544 4543
f 4550 4543 4549
f 4548 4542 4545
f 4548 4545 4551
f 4551 4545 4544
f 4551 4544 4550
f 4552 4550 4549
f 4552 4553 4550
f 4558 4546 4547
f 4558 4557 4546
f 4548 4558 4547
f 4548 4559 4558
f 4558 4555 4554
f 4558 4559 4555
f 4561 4546 4557
f 4561 4549 4546
f 4560 4557 4556
f 4560 4561 4557
f 4563 4559 4548
f 4563 4548 4551
f 4551 4550 4562
f 4551 4562 4563
f 4564 4549 4561
f 4564 4552 4549
f 4565 4562 4550
f 4565 4550 4553
f 4553 4552 4564
f 4553 4564 4565
f 4564 4561 4562
f 4564 4562 4565
f 4555 4566 4554
f 4555 4567 4566
f 4569 4556 4557
f 4569 4568 4556
f 4566 4558 4554
f 4566 4570 4558
f 4558 4569 4557
f 4558 4570 4569
f 4567 4555 4559
f 4567 4559 4571
f 4570 4566 4567
f 4570 4567 4571
f 4568 4560 4556
f 4568 4572 4560
f 4573 4561 4560
f 4573 4560 4572
f 4574 4562 4561
f 4574 4561 4573
f 4571 4559 4563
f 4571 4563 4575
f 4563 4562 4574
f 4563 4574 4575
f 4576 4573 4572
f 4576 4577 4573
f 4569 4578 4568
f 4569 4579 4578
f 4580 4569 4570
f 4580 4579 4569
f 4581 4570 4571
f 4581 4580 4570
f 4578 4572 4568
f 4578 4583 4572
f 4584 4583 4578
f 4584 4578 4579
f 4585 4574 4573
f 4585 4573 4584
f 4581 4571 4575
f 4581 4575 4586
f 4586 4575 4574
f 4586 4574 4585
f 4586 4585 4580
f 4586 4580 4581
f 4583 4576 4572
f 4583 4588 4576
f 4588 4582 4587
f 4588 4583 4582
f 4584 4573 4577
f 4584 4577 4589
f 4589 4577 4576
f 4589 4576 4588
f 4590 4584 4589
f 4590 4585 4584
f 4592 4579 4580
f 4592 4591 4579
f 4594 4582 4583
f 4594 4593 4582
f 4591 4584 4579
f 4591 4595 4584
f 4595 4583 4584
f 4595 4594 4583
f 4592 4580 4585
f 4592 4585 4596
f 4596 4595 4591
f 4596 4591 4592
f 4593 4587 4582
f 4593 4597 4587
f 4598 4588 4587
f 4598 4587 4597
f 4599 4589 4588
f 4599 4588 4598
f 4596 4585 4590
f 4596 4590 4600
f 4600 4590 4589
f 4600 4589 4599
f 4600 4599 4595
f 4600 4595 4596
f 4601 4598 4597
f 4601 4602 4598
f 4604 4593 4594
f 4604 4603 4593
f 4605 4594 4595
f 4605 4604 4594
f 4603 4597 4593
f 4603 4606 4597
f 4605 4595 4599
f 4605 4599 4608
f 4608 4599 4598
f 4608 4598 4607
f 4608 4607 4604
f 4608 4604 4605
f 4606 4601 4597
f 4606 4609 4601
f 4610 4607 4598
f 4610 4598 4602
f 4602 4601 4609
f 4602 4609 4610
f 4610 4609 4606
f 4610 4606 4607
f 4604 4611 4603
f 4604 4612 4611
f 4614 4603 4611
f 4614 4606 4603
f 4615 4612 4604
f 4615 4604 4607
f 4615 4607 4606
f 4615 4606 4614
f 4616 4612 4615
f 4616 4613 4612
f 4612 4617 4611
f 4612 4618 4617
f 4613 4618 4612
f 4613 4619 4618
f 4621 4611 4617
f 4621 4614 4611
f 4615 4614 4621
f 4615 4621 4622
f 4621 4617 4618
f 4621 4618 4622
f 4623 4619 4613
f 4623 4613 4616
f 4616 4615 4622
f 4616 4622 4623
f 4624 4619 4623
f 4624 4620 4619
f 4619 4628 4618
f 4619 4629 4628
f 4629 4625 4628
f 4629 4626 4625
f 4620 4629 4619
f 4620 4630 4629
f 4629 4627 4626
f 4629 4630 4627
f 4631 4618 4628
f 4631 4622 4618
f 4623 4622 4631
f 4623 4631 4632
f 4633 4630 4620
f 4633 4620 4624
f 4624 4623 4632
f 4624 4632 4633
f 4626 4634 4625
f 4626 4635 4634
f 4627 4635 4626
f 4627 4636 4635
f 4637 4625 4634
f 4637 4628 4625
f 4637 4634 4635
f 4637 4635 4638
f 4639 4636 4627
f 4639 4627 4630
f 4640 4628 4637
f 4640 4631 4628
f 4632 4631 4640
f 4632 4640 4641
f 4641 4640 4637
f 4641 4637 4638
f 4642 4639 4630
f 4642 4630 4633
f 4642 4633 4632
f 4642 4632 4641
f 4641 4638 4639
f 4641 4639 4642
f 4636 4643 4635
f 4636 4644 4643
f 4643 4638 4635
f 4643 4646 4638
f 4647 4644 4636
f 4647 4636 4639
f 4639 4638 4646
f 4639 4646 4647
f 4648 4644 4647
f 4648 4645 4644
f 4644 4649 4643
f 4644 4650 4649
f 4645 4650 4644
f 4645 4651 4650
f 4649 4646 4643
f 4649 4652 4646
f 4647 4646 4652
f 4647 4652 4653
f 4651 4645 4648
f 4651 4648 4654
f 4648 4647 4653
f 4648 4653 4654
f 4657 4649 4650
f 4657 4656 4649
f 4651 4657 4650
f 4651 4658 4657
f 4660 4649 4656
f 4660 4652 4649
f 4659 4656 4655
f 4659 4660 4656
f 4661 4653 4652
f 4661 4652 4660
f 4658 4651 4654
f 4658 4654 4662
f 4654 4653 4661
f 4654 4661 4662
f 4664 4655 4656
f 4664 4663 4655
f 4665 4656 4657
f 4665 4664 4656
f 4658 4665 4657
f 4658 4666 4665
f 4663 4659 4655
f 4663 4667 4659
f 4668 4660 4659
f 4668 4659 4667
f 4669 4661 4660
f 4669 4660 4668
f 4670 4666 4658
f 4670 4658 4662
f 4662 4661 4669
f 4662 4669 4670
f 4672 4663 4664
f 4672 4671 4663
f 4665 4672 4664
f 4665 4673 4672
f 4674 4665 4666
f 4674 4673 4665
f 4671 4667 4663
f 4671 4676 4667
f 4677 4668 4667
f 4677 4667 4676
f 4669 4668 4677
f 4669 4677 4678
f 4679 4674 4666
f 4679 4666 4670
f 4679 4670 4669
f 4679 4669 4678
f 4679 4678 4673
f 4679 4673 4674
f 4681 4675 4680
f 4681 4676 4675
f 4682 4676 4681
f 4682 4677 4676
f 4683 4677 4682
f 4683 4678 4677
f 4672 4684 4671
f 4672 4685 4684
f 4686 4672 4673
f 4686 4685 4672
f 4684 4676 4671
f 4684 4688 4676
f 4688 4675 4676
f 4688 4687 4675
f 4689 4688 4684
f 4689 4684 4685
f 4686 4673 4678
f 4686 4678 4690
f 4690 4689 4685
f 4690 4685 4686
f 4687 4680 4675
f 4687 4691 4680
f 4681 4680 4691
f 4681 4691 4692
f 4693 4682 4681
f 4693 4681 4692
f 4690 4678 4683
f 4690 4683 4694
f 4694 4683 4682
f 4694 4682 4693
f 4694 4693 4689
f 4694 4689 4690
f 4695 4692 4691
f 4695 4696 4692
f 4698 4687 4688
f 4698 4697 4687
f 4699 4688 4689
f 4699 4698 4688
f 4697 4691 4687
f 4697 4700 4691
f 4699 4689 4693
f 4699 4693 4702
f 4702 4693 4692
f 4702 4692 4701
f 4702 4701 4698
f 4702 4698 4699
f 4700 4695 4691
f 4700 4703 4695
f 4701 4692 4696
f 4701 4696 4704
f 4696 4695 4703
f 4696 4703 4704
f 4704 4703 4700
f 4704 4700 4701
f 4706 4697 4698
f 4706 4705 4697
f 4707 4697 4705
f 4707 4700 4697
f 4708 4706 4698
f 4708 4698 4701
f 4708 4701 4700
f 4708 4700 4707
f 4706 4709 4705
f 4706 4710 4709
f 4713 4705 4709
f 4713 4707 4705
f 4714 4710 4706
f 4714 4706 4708
f 4708 4707 4713
f 4708 4713 4714
f 4713 4709 4710
f 4713 4710 4714
f 4714 4711 4710
f 4714 4715 4711
f 4716 4711 4715
f 4716 4712 4711
f 4711 4719 4710
f 4711 4720 4719
f 4720 4717 4719
f 4720 4718 4717
f 4721 4711 4712
f 4721 4720 4711
f 4722 4710 4719
f 4722 4714 4710
f 4715 4714 4722
f 4715 4722 4723
f 4724 4721 4712
f 4724 4712 4716
f 4716 4715 4723
f 4716 4723 4724
f 4718 4725 4717
f 4718 4726 4725
f 4728 4717 4725
f 4728 4719 4717
f 4729 4726 4718
f 4729 4718 4720
f 4721 4729 4720
f 4721 4730 4729
f 4729 4727 4726
f 4729 4730 4727
f 4731 4719 4728
f 4731 4722 4719
f 4723 4722 4731
f 4723 4731 4732
f 4732 4731 4728
f 4732 4728 4729
f 4733 4730 4721
f 4733 4721 4724
f 4733 4724 4723
f 4733 4723 4732
f 4733 4732 4729
f 4733 4729 4730
f 4726 4734 4725
f 4726 4735 4734
f 4727 4735 4726
f 4727 4736 4735
f 4738 4725 4734
f 4738 4728 4725
f 4729 4728 4738
f 4729 4738 4739
f 4738 4734 4735
f 4738 4735 4739
f 4740 4736 4727
f 4740 4727 4730
f 4730 4729 4739
f 4730 4739 4740
f 4741 4736 4740
f 4741 4737 4736
f 4736 4742 4735
f 4736 4743 4742
f 4737 4743 4736
f 4737 4744 4743
f 4742 4739 4735
f 4742 4745 4739
f 4740 4739 4745
f 4740 4745 4746
f 4744 4737 4741
f 4744 4741 4747
f 4741 4740 4746
f 4741 4746 4747
f 4750 4742 4743
f 4750 4749 4742
f 4744 4750 4743
f 4744 4751 4750
f 4749 4745 4742
f 4749 4753 4745
f 4752 4749 4748
f 4752 4753 4749
f 4754 4746 4745
f 4754 4745 4753
f 4751 4744 4747
f 4751 4747 4755
f 4755 4747 4746
f 4755 4746 4754
f 4757 4748 4749
f 4757 4756 4748
f 4758 4749 4750
f 4758 4757 4749
f 4751 4758 4750
f 4751 4759 4758
f 4756 4752 4748
f 4756 4761 4752
f 4762 4753 4752
f 4762 4752 4761
f 4763 4754 4753
f 4763 4753 4762
f 4764 4759 4751
f 4764 4751 4755
f 4755 4754 4763
f 4755 4763 4764
f 4765 4759 4764
f 4765 4760 4759
f 4757 4766 4756
f 4757 4767 4766
f 4758 4767 4757
f 4758 4768 4767
f 4769 4758 4759
f 4769 4768 4758
f 4770 4759 4760
f 4770 4769 4759
f 4766 4761 4756
f 4766 4771 4761
f 4762 4761 4771
f 4762 4771 4772
f 4763 4762 4772
f 4763 4772 4773
f 4764 4763 4773
f 4764 4773 4774
f 4770 4760 4765
f 4770 4765 4775
f 4775 4765 4764
f 4775 4764 4774
f 4775 4774 4769
f 4775 4769 4770
f 4777 4771 4776
f 4777 4772 4771
f 4767 4778 4766
f 4767 4779 4778
f 4780 4767 4768
f 4780 4779 4767
f 4781 4768 4769
f 4781 4780 4768
f 4778 4771 4766
f 4778 4783 4771
f 4784 4783 4778
f 4784 4778 4779
f 4785 4773 4772
f 4785 4772 4784
f 4785 4784 4779
f 4785 4779 4780
f 4781 4769 4774
f 4781 4774 4786
f 4786 4774 4773
f 4786 4773 4785
f 4786 4785 4780
f 4786 4780 4781
f 4783 4776 4771
f 4783 4788 4776
f 4788 4782 4787
f 4788 4783 4782
f 4784 4772 4777
f 4784 4777 4789
f 4789 4777 4776
f 4789 4776 4788
f 4791 4782 4783
f 4791 4790 4782
f 4792 4783 4784
f 4792 4791 4783
f 4790 4787 4782
f 4790 4793 4787
f 4794 4788 4787
f 4794 4787 4793
f 4792 4784 4789
f 4792 4789 4795
f 4795 4789 4788
f 4795 4788 4794
f 4795 4794 4791
f 4795 4791 4792
f 4797 4790 4791
f 4797 4796 4790
f 4798 4790 4796
f 4798 4793 4790
f 4799 4797 4791
f 4799 4791 4794
f 4799 4794 4793
f 4799 4793 4798
f 4797 4800 4796
f 4797 4801 4800
f 4803 4796 4800
f 4803 4798 4796
f 4804 4801 4797
f 4804 4797 4799
f 4799 4798 4803
f 4799 4803 4804
f 4804 4802 4801
f 4804 4805 4802
f 4801 4806 4800
f 4801 4807 4806
f 4802 4807 4801
f 4802 4808 4807
f 4806 4803 4800
f 4806 4810 4803
f 4804 4803 4810
f 4804 4810 4811
f 4811 4810 4806
f 4811 4806 4807
f 4812 4808 4802
f 4812 4802 4805
f 4805 4804 4811
f 4805 4811 4812
f 4812 4809 4808
f 4812 4813 4809
f 4808 4817 4807
f 4808 4818 4817
f 4818 4814 4817
f 4818 4815 4814
f 4809 4818 4808
f 4809 4819 4818
f 4818 4816 4815
f 4818 4819 4816
f 4820 4807 4817
f 4820 4811 4807
f 4812 4811 4820
f 4812 4820 4821
f 4820 4817 4818
f 4820 4818 4821
f 4822 4819 4809
f 4822 4809 4813
f 4813 4812 4821
f 4813 4821 4822
f 4822 4821 4818
f 4822 4818 4819
f 4815 4823 4814
f 4815 4824 4823
f 4816 4824 4815
f 4816 4825 4824
f 4826 4814 4823
f 4826 4817 4814
f 4818 4817 4826
f 4818 4826 4827
f 4826 4823 4824
f 4826 4824 4827
f 4828 4825 4816
f 4828 4816 4819
f 4819 4818 4827
f 4819 4827 4828
f 4825 4829 4824
f 4825 4830 4829
f 4832 4824 4829
f 4832 4827 4824
f 4833 4830 4825
f 4833 4825 4828
f 4828 4827 4832
f 4828 4832 4833
f 4834 4830 4833
f 4834 4831 4830
f 4836 4829 4830
f 4836 4835 4829
f 4831 4836 4830
f 4831 4837 4836
f 4835 4832 4829
f 4835 4838 4832
f 4839 4833 4832
f 4839 4832 4838
f 4837 4831 4834
f 4837 4834 4840
f 4840 4834 4833
f 4840 4833 4839
f 4841 4839 4838
f 4841 4842 4839
f 4847 4835 4836
f 4847 4846 4835
f 4837 4847 4836
f 4837 4848 4847
f 4847 4844 4843
f 4847 4848 4844
f 4850 4835 4846
f 4850 4838 4835
f 4849 4846 4845
f 4849 4850 4846
f 4852 4848 4837
f 4852 4837 4840
f 4840 4839 4851
f 4840 4851 4852
f 4853 4838 4850
f 4853 4841 4838
f 4854 4851 4839
f 4854 4839 4842
f 4842 4841 4853
f 4842 4853 4854
f 4853 4850 4851
f 4853 4851 4854
f 4844 4855 4843
f 4844 4856 4855
f 4858 4845 4846
f 4858 4857 4845
f 4855 4847 4843
f 4855 4859 4847
f 4847 4858 4846
f 4847 4859 4858
f 4856 4844 4848
f 4856 4848 4860
f 4859 4855 4856
f 4859 4856 4860
f 4857 4849 4845
f 4857 4861 4849
f 4862 4850 4849
f 4862 4849 4861
f 4863 4851 4850
f 4863 4850 4862
f 4860 4848 4852
f 4860 4852 4864
f 4852 4851 4863
f 4852 4863 4864
f 4858 4865 4857
f 4858 4866 4865
f 4867 4858 4859
f 4867 4866 4858
f 4868 4859 4860
f 4868 4867 4859
f 4865 4861 4857
f 4865 4870 4861
f 4871 4862 4861
f 4871 4861 4870
f 4871 4870 4865
f 4871 4865 4866
f 4872 4863 4862
f 4872 4862 4871
f 4868 4860 4864
f 4868 4864 4873
f 4873 4864 4863
f 4873 4863 4872
f 4873 4872 4867
f 4873 4867 4868
f 4875 4869 4874
f 4875 4870 4869
f 4876 4870 4875
f 4876 4871 4870
f 4877 4871 4876
f 4877 4872 4871
f 4879 4866 4867
f 4879 4878 4866
f 4881 4869 4870
f 4881 4880 4869
f 4878 4871 4866
f 4878 4882 4871
f 4882 4870 4871
f 4882 4881 4870
f 4879 4867 4872
f 4879 4872 4883
f 4883 4882 4878
f 4883 4878 4879
f 4880 4874 4869
f 4880 4884 4874
f 4885 4875 4874
f 4885 4874 4884
f 4886 4876 4875
f 4886 4875 4885
f 4883 4872 4877
f 4883 4877 4887
f 4887 4877 4876
f 4887 4876 4886
f 4887 4886 4882
f 4887 4882 4883
f 4888 4885 4884
f 4888 4889 4885
f 4891 4880 4881
f 4891 4890 4880
f 4892 4881 4882
f 4892 4891 4881
f 4890 4884 4880
f 4890 4893 4884
f 4892 4882 4886
f 4892 4886 4895
f 4895 4886 4885
f 4895 4885 4894
f 4895 4894 4891
f 4895 4891 4892
f 4893 4888 4884
f 4893 4896 4888
f 4897 4894 4885
f 4897 4885 4889
f 4889 4888 4896
f 4889 4896 4897
f 4897 4896 4893
f 4897 4893 4894
f 4891 4898 4890
f 4891 4899 4898
f 4901 4890 4898
f 4901 4893 4890
f 4902 4899 4891
f 4902 4891 4894
f 4902 4894 4893
f 4902 4893 4901
f 4903 4899 4902
f 4903 4900 4899
f 4899 4904 4898
f 4899 4905 4904
f 4900 4905 4899
f 4900 4906 4905
f 4908 4898 4904
f 4908 4901 4898
f 4902 4901 4908
f 4902 4908 4909
f 4908 4904 4905
f 4908 4905 4909
f 4910 4906 4900
f 4910 4900 4903
f 4903 4902 4909
f 4903 4909 4910
f 4911 4906 4910
f 4911 4907 4906
f 4906 4915 4905
f 4906 4916 4915
f 4916 4912 4915
f 4916 4913 4912
f 4907 4916 4906
f 4907 4917 4916
f 4916 4914 4913
f 4916 4917 4914
f 4918 4905 4915
f 4918 4909 4905
f 4910 4909 4918
f 4910 4918 4919
f 4920 4917 4907
f 4920 4907 4911
f 4911 4910 4919
f 4911 4919 4920
f 4913 4921 4912
f 4913 4922 4921
f 4914 4922 4913
f 4914 4923 4922
f 4924 4912 4921
f 4924 4915 4912
f 4924 4921 4922
f 4924 4922 4925
f 4926 4923 4914
f 4926 4914 4917
f 4927 4915 4924
f 4927 4918 4915
f 4919 4918 4927
f 4919 4927 4928
f 4928 4927 4924
f 4928 4924 4925
f 4929 4926 4917
f 4929 4917 4920
f 4929 4920 4919
f 4929 4919 4928
f 4928 4925 4926
f 4928 4926 4929
f 4923 4930 4922
f 4923 4931 4930
f 4930 4925 4922
f 4930 4933 4925
f 4934 4931 4923
f 4934 4923 4926
f 4926 4925 4933
f 4926 4933 4934
f 4935 4931 4934
f 4935 4932 4931
f 4931 4936 4930
f 4931 4937 4936
f 4932 4937 4931
f 4932 4938 4937
f 4936 4933 4930
f 4936 4939 4933
f 4934 4933 4939
f 4934 4939 4940
f 4938 4932 4935
f 4938 4935 4941
f 4935 4934 4940
f 4935 4940 4941
f 4944 4936 4937
f 4944 4943 4936
f 4938 4944 4937
f 4938 4945 4944
f 4947 4936 4943
f 4947 4939 4936
f 4946 4943 4942
f 4946 4947 4943
f 4948 4940 4939
f 4948 4939 4947
f 4945 4938 4941
f 4945 4941 4949
f 4941 4940 4948
f 4941 4948 4949
f 4951 4942 4943
f 4951 4950 4942
f 4952 4943 4944
f 4952 4951 4943
f 4945 4952 4944
f 4945 4953 4952
f 4950 4946 4942
f 4950 4954 4946
f 4955 4947 4946
f 4955 4946 4954
f 4956 4948 4947
f 4956 4947 4955
f 4957 4953 4945
f 4957 4945 4949
f 4949 4948 4956
f 4949 4956 4957
f 4959 4950 4951
f 4959 4958 4950
f 4952 4959 4951
f 4952 4960 4959
f 4961 4952 4953
f 4961 4960 4952
f 4958 4954 4950
f 4958 4963 4954
f 4964 4955 4954
f 4964 4954 4963
f 4956 4955 4964
f 4956 4964 4965
f 4966 4961 4953
f 4966 4953 4957
f 4966 4957 4956
f 4966 4956 4965
f 4966 4965 4960
f 4966 4960 4961
f 4968 4962 4967
f 4968 4963 4962
f 4969 4963 4968
f 4969 4964 4963
f 4970 4964 4969
f 4970 4965 4964
f 4959 4971 4958
f 4959 4972 4971
f 4973 4959 4960
f 4973 4972 4959
f 4971 4963 4958
f 4971 4975 4963
f 4975 4962 4963
f 4975 4974 4962
f 4976 4975 4971
f 4976 4971 4972
f 4973 4960 4965
f 4973 4965 4977
f 4977 4976 4972
f 4977 4972 4973
f 4974 4967 4962
f 4974 4978 4967
f 4968 4967 4978
f 4968 4978 4979
f 4980 4969 4968
f 4980 4968 4979
f 4977 4965 4970
f 4977 4970 4981
f 4981 4970 4969
f 4981 4969 4980
f 4981 4980 4976
f 4981 4976 4977
f 4982 4979 4978
f 4982 4983 4979
f 4985 4974 4975
f 4985 4984 4974
f 4986 4975 4976
f 4986 4985 4975
f 4984 4978 4974
f 4984 4987 4978
f 4986 4976 4980
f 4986 4980 4989
f 4989 4980 4979
f 4989 4979 4988
f 4989 4988 4985
f 4989 4985 4986
f 4987 4982 4978
f 4987 4990 4982
f 4988 4979 4983
f 4988 4983 4991
f 4983 4982 4990
f 4983 4990 4991
f 4991 4990 4987
f 4991 4987 4988
f 4993 4984 4985
f 4993 4992 4984
f 4994 4984 4992
f 4994 4987 4984
f 4995 4993 4985
f 4995 4985 4988
f 4995 4988 4987
f 4995 4987 4994
f 4993 4996 4992
f 4993 4997 4996
f 5000 4992 4996
f 5000 4994 4992
f 5001 4997 4993
f 5001 4993 4995
f 4995 4994 5000
f 4995 5000 5001
f 5000 4996 4997
f 5000 4997 5001
f 5001 4998 4997
f 5001 5002 4998
f 5003 4998 5002
f 5003 4999 4998
f 4998 5006 4997
f 4998 5007 5006
f 5007 5004 5006
f 5007 5005 5004
f 5008 4998 4999
f 5008 5007 4998
f 5009 4997 5006
f 5009 5001 4997
f 5002 5001 5009
f 5002 5009 5010
f 5011 5008 4999
f 5011 4999 5003
f 5003 5002 5010
f 5003 5010 5011
f 5005 5012 5004
f 5005 5013 5012
f 5015 5004 5012
f 5015 5006 5004
f 5016 5013 5005
f 5016 5005 5007
f 5008 5016 5007
f 5008 5017 5016
f 5016 5014 5013
f 5016 5017 5014
f 5018 5006 5015
f 5018 5009 5006
f 5010 5009 5018
f 5010 5018 5019
f 5019 5018 5015
f 5019 5015 5016
f 5020 5017 5008
f 5020 5008 5011
f 5020 5011 5010
f 5020 5010 5019
f 5020 5019 5016
f 5020 5016 5017
f 5013 5021 5012
f 5013 5022 5021
f 5014 5022 5013
f 5014 5023 5022
f 5025 5012 5021
f 5025 5015 5012
f 5016 5015 5025
f 5016 5025 5026
f 5025 5021 5022
f 5025 5022 5026
f 5027 5023 5014
f 5027 5014 5017
f 5017 5016 5026
f 5017 5026 5027
f 5028 5023 5027
f 5028 5024 5023
f 5023 5029 5022
f 5023 5030 5029
f 5024 5030 5023
f 5024 5031 5030
f 5029 5026 5022
f 5029 5032 5026
f 5027 5026 5032
f 5027 5032 5033
f 5031 5024 5028
f 5031 5028 5034
f 5028 5027 5033
f 5028 5033 5034
f 5037 5029 5030
f 5037 5036 5029
f 5031 5037 5030
f 5031 5038 5037
f 5036 5032 5029
f 5036 5040 5032
f 5039 5036 5035
f 5039 5040 5036
f 5041 5033 5032
f 5041 5032 5040
f 5038 5031 5034
f 5038 5034 5042
f 5042 5034 5033
f 5042 5033 5041
f 5043 5041 5040
f 5043 5044 5041
f 5046 5035 5036
f 5046 5045 5035
f 5047 5036 5037
f 5047 5046 5036
f 5038 5047 5037
f 5038 5048 5047
f 5045 5039 5035
f 5045 5050 5039
f 5051 5040 5039
f 5051 5039 5050
f 5053 5048 5038
f 5053 5038 5042
f 5042 5041 5052
f 5042 5052 5053
f 5054 5048 5053
f 5054 5049 5048
f 5051 5043 5040
f 5051 5055 5043
f 5052 5041 5044
f 5052 5044 5056
f 5044 5043 5055
f 5044 5055 5056
f 5055 5051 5052
f 5055 5052 5056
f 5046 5057 5045
f 5046 5058 5057
f 5047 5058 5046
f 5047 5059 5058
f 5060 5047 5048
f 5060 5059 5047
f 5049 5060 5048
f 5049 5061 5060
f 5057 5050 5045
f 5057 5062 5050
f 5063 5051 5050
f 5063 5050 5062
f 5052 5051 5063
f 5052 5063 5064
f 5053 5052 5064
f 5053 5064 5065
f 5061 5049 5054
f 5061 5054 5066
f 5054 5053 5065
f 5054 5065 5066
f 5066 5065 5060
f 5066 5060 5061
f 5068 5062 5067
f 5068 5063 5062
f 5058 5069 5057
f 5058 5070 5069
f 5071 5058 5059
f 5071 5070 5058
f 5072 5059 5060
f 5072 5071 5059
f 5069 5062 5057
f 5069 5074 5062
f 5075 5074 5069
f 5075 5069 5070
f 5076 5064 5063
f 5076 5063 5075
f 5076 5075 5070
f 5076 5070 5071
f 5072 5060 5065
f 5072 5065 5077
f 5077 5065 5064
f 5077 5064 5076
f 5077 5076 5071
f 5077 5071 5072
f 5074 5067 5062
f 5074 5079 5067
f 5079 5073 5078
f 5079 5074 5073
f 5075 5063 5068
f 5075 5068 5080
f 5080 5068 5067
f 5080 5067 5079
f 5082 5073 5074
f 5082 5081 5073
f 5083 5074 5075
f 5083 5082 5074
f 5081 5078 5073
f 5081 5084 5078
f 5085 5079 5078
f 5085 5078 5084
f 5083 5075 5080
f 5083 5080 5086
f 5086 5080 5079
f 5086 5079 5085
f 5086 5085 5082
f 5086 5082 5083
f 5088 5084 5087
f 5088 5085 5084
f 5090 5081 5082
f 5090 5089 5081
f 5091 5081 5089
f 5091 5084 5081
f 5092 5090 5082
f 5092 5082 5085
f 5093 5084 5091
f 5093 5087 5084
f 5094 5092 5085
f 5094 5085 5088
f 5088 5087 5093
f 5088 5093 5094
f 5094 5093 5091
f 5094 5091 5092
f 5090 5095 5089
f 5090 5096 5095
f 5098 5089 5095
f 5098 5091 5089
f 5099 5096 5090
f 5099 5090 5092
f 5092 5091 5098
f 5092 5098 5099
f 5099 5097 5096
f 5099 5100 5097
f 5096 5101 5095
f 5096 5102 5101
f 5097 5102 5096
f 5097 5103 5102
f 5101 5098 5095
f 5101 5105 5098
f 5099 5098 5105
f 5099 5105 5106
f 5106 5105 5101
f 5106 5101 5102
f 5107 5103 5097
f 5107 5097 5100
f 5100 5099 5106
f 5100 5106 5107
f 5108 5103 5107
f 5108 5104 5103
f 5103 5112 5102
f 5103 5113 5112
f 5113 5109 5112
f 5113 5110 5109
f 5104 5113 5103
f 5104 5114 5113
f 5113 5111 5110
f 5113 5114 5111
f 5115 5102 5112
f 5115 5106 5102
f 5107 5106 5115
f 5107 5115 5116
f 5115 5112 5113
f 5115 5113 5116
f 5117 5114 5104
f 5117 5104 5108
f 5108 5107 5116
f 5108 5116 5117
f 5117 5116 5113
f 5117 5113 5114
f 5110 5118 5109
f 5110 5119 5118
f 5111 5119 5110
f 5111 5120 5119
f 5121 5109 5118
f 5121 5112 5109
f 5113 5112 5121
f 5113 5121 5122
f 5121 5118 5119
f 5121 5119 5122
f 5123 5120 5111
f 5123 5111 5114
f 5114 5113 5122
f 5114 5122 5123
f 5120 5124 5119
f 5120 5125 5124
f 5127 5119 5124
f 5127 5122 5119
f 5128 5125 5120
f 5128 5120 5123
f 5123 5122 5127
f 5123 5127 5128
f 5129 5125 5128
f 5129 5126 5125
f 5131 5124 5125
f 5131 5130 5124
f 5126 5131 5125
f 5126 5132 5131
f 5130 5127 5124
f 5130 5133 5127
f 5134 5128 5127
f 5134 5127 5133
f 5132 5126 5129
f 5132 5129 5135
f 5135 5129 5128
f 5135 5128 5134
f 5136 5134 5133
f 5136 5137 5134
f 5142 5130 5131
f 5142 5141 5130
f 5132 5142 5131
f 5132 5143 5142
f 5142 5139 5138
f 5142 5143 5139
f 5145 5130 5141
f 5145 5133 5130
f 5144 5141 5140
f 5144 5145 5141
f 5147 5143 5132
f 5147 5132 5135
f 5135 5134 5146
f 5135 5146 5147
f 5148 5133 5145
f 5148 5136 5133
f 5146 5134 5137
f 5146 5137 5149
f 5137 5136 5148
f 5137 5148 5149
f 5148 5145 5146
f 5148 5146 5149
f 5139 5150 5138
f 5139 5151 5150
f 5153 5140 5141
f 5153 5152 5140
f 5150 5142 5138
f 5150 5154 5142
f 5142 5153 5141
f 5142 5154 5153
f 5151 5139 5143
f 5151 5143 5155
f 5154 5150 5151
f 5154 5151 5155
f 5152 5144 5140
f 5152 5156 5144
f 5157 5145 5144
f 5157 5144 5156
f 5158 5146 5145
f 5158 5145 5157
f 5155 5143 5147
f 5155 5147 5159
f 5147 5146 5158
f 5147 5158 5159
f 5153 5160 5152
f 5153 5161 5160
f 5162 5153 5154
f 5162 5161 5153
f 5163 5154 5155
f 5163 5162 5154
f 5160 5156 5152
f 5160 5165 5156
f 5166 5157 5156
f 5166 5156 5165
f 5166 5165 5160
f 5166 5160 5161
f 5167 5158 5157
f 5167 5157 5166
f 5163 5155 5159
f 5163 5159 5168
f 5168 5159 5158
f 5168 5158 5167
f 5168 5167 5162
f 5168 5162 5163
f 5170 5164 5169
f 5170 5165 5164
f 5171 5165 5170
f 5171 5166 5165
f 5172 5166 5171
f 5172 5167 5166
f 5174 5161 5162
f 5174 5173 5161
f 5176 5164 5165
f 5176 5175 5164
f 5173 5166 5161
f 5173 5177 5166
f 5177 5165 5166
f 5177 5176 5165
f 5174 5162 5167
f 5174 5167 5178
f 5178 5177 5173
f 5178 5173 5174
f 5175 5169 5164
f 5175 5179 5169
f 5180 5170 5169
f 5180 5169 5179
f 5181 5171 5170
f 5181 5170 5180
f 5178 5167 5172
f 5178 5172 5182
f 5182 5172 5171
f 5182 5171 5181
f 5182 5181 5177
f 5182 5177 5178
f 5183 5180 5179
f 5183 5184 5180
f 5186 5175 5176
f 5186 5185 5175
f 5187 5176 5177
f 5187 5186 5176
f 5185 5179 5175
f 5185 5188 5179
f 5187 5177 5181
f 5187 5181 5190
f 5190 5181 5180
f 5190 5180 5189
f 5190 5189 5186
f 5190 5186 5187
f 5188 5183 5179
f 5188 5191 5183
f 5192 5189 5180
f 5192 5180 5184
f 5184 5183 5191
f 5184 5191 5192
f 5192 5191 5188
f 5192 5188 5189
f 5186 5193 5185
f 5186 5194 5193
f 5196 5185 5193
f 5196 5188 5185
f 5197 5194 5186
f 5197 5186 5189
f 5189 5188 5196
f 5189 5196 5197
f 5198 5194 5197
f 5198 5195 5194
f 5194 5199 5193
f 5194 5200 5199
f 5195 5200 5194
f 5195 5201 5200
f 5203 5193 5199
f 5203 5196 5193
f 5197 5196 5203
f 5197 5203 5204
f 5203 5199 5200
f 5203 5200 5204
f 5205 5201 5195
f 5205 5195 5198
f 5198 5197 5204
f 5198 5204 5205
f 5206 5201 5205
f 5206 5202 5201
f 5201 5210 5200
f 5201 5211 5210
f 5211 5207 5210
f 5211 5208 5207
f 5202 5211 5201
f 5202 5212 5211
f 5211 5209 5208
f 5211 5212 5209
f 5213 5200 5210
f 5213 5204 5200
f 5205 5204 5213
f 5205 5213 5214
f 5215 5212 5202
f 5215 5202 5206
f 5206 5205 5214
f 5206 5214 5215
f 5208 5216 5207
f 5208 5217 5216
f 5209 5217 5208
f 5209 5218 5217
f 5219 5207 5216
f 5219 5210 5207
f 5219 5216 5217
f 5219 5217 5220
f 5221 5218 5209
f 5221 5209 5212
f 5222 5210 5219
f 5222 5213 5210
f 5214 5213 5222
f 5214 5222 5223
f 5223 5222 5219
f 5223 5219 5220
f 5224 5221 5212
f 5224 5212 5215
f 5224 5215 5214
f 5224 5214 5223
f 5223 5220 5221
f 5223 5221 5224
f 5218 5225 5217
f 5218 5226 5225
f 5225 5220 5217
f 5225 5228 5220
f 5229 5226 5218
f 5229 5218 5221
f 5221 5220 5228
f 5221 5228 5229
f 5230 5226 5229
f 5230 5227 5226
f 5226 5231 5225
f 5226 5232 5231
f 5227 5232 5226
f 5227 5233 5232
f 5231 5228 5225
f 5231 5234 5228
f 5229 5228 5234
f 5229 5234 5235
f 5233 5227 5230
f 5233 5230 5236
f 5230 5229 5235
f 5230 5235 5236
f 5239 5231 5232
f 5239 5238 5231
f 5233 5239 5232
f 5233 5240 5239
f 5242 5231 5238
f 5242 5234 5231
f 5241 5238 5237
f 5241 5242 5238
f 5243 5235 5234
f 5243 5234 5242
f 5240 5233 5236
f 5240 5236 5244
f 5244 5236 5235
f 5244 5235 5243
f 5246 5243 5245
f 5246 5244 5243
f 5248 5237 5238
f 5248 5247 5237
f 5249 5238 5239
f 5249 5248 5238
f 5240 5249 5239
f 5240 5250 5249
f 5247 5241 5237
f 5247 5251 5241
f 5252 5242 5241
f 5252 5241 5251
f 5253 5243 5242
f 5253 5242 5252
f 5254 5250 5240
f 5254 5240 5244
f 5255 5243 5253
f 5255 5245 5243
f 5256 5254 5244
f 5256 5244 5246
f 5246 5245 5255
f 5246 5255 5256
f 5256 5255 5253
f 5256 5253 5254
f 5258 5247 5248
f 5258 5257 5247
f 5259 5248 5249
f 5259 5258 5248
f 5260 5249 5250
f 5260 5259 5249
f 5257 5251 5247
f 5257 5262 5251
f 5263 5252 5251
f 5263 5251 5262
f 5253 5252 5263
f 5253 5263 5264
f 5265 5260 5250
f 5265 5250 5254
f 5265 5254 5253
f 5265 5253 5264
f 5267 5261 5266
f 5267 5262 5261
f 5268 5262 5267
f 5268 5263 5262
f 5269 5263 5268
f 5269 5264 5263
f 5258 5270 5257
f 5258 5271 5270
f 5272 5258 5259
f 5272 5271 5258
f 5273 5259 5260
f 5273 5272 5259
f 5270 5262 5257
f 5270 5275 5262
f 5275 5261 5262
f 5275 5274 5261
f 5276 5275 5270
f 5276 5270 5271
f 5277 5276 5271
f 5277 5271 5272
f 5278 5273 5260
f 5278 5260 5265
f 5278 5265 5264
f 5278 5264 5277
f 5278 5277 5272
f 5278 5272 5273
f 5274 5266 5261
f 5274 5279 5266
f 5267 5266 5279
f 5267 5279 5280
f 5281 5268 5267
f 5281 5267 5280
f 5277 5264 5269
f 5277 5269 5282
f 5282 5269 5268
f 5282 5268 5281
f 5282 5281 5276
f 5282 5276 5277
f 5283 5280 5279
f 5283 5284 5280
f 5286 5274 5275
f 5286 5285 5274
f 5287 5275 5276
f 5287 5286 5275
f 5285 5279 5274
f 5285 5288 5279
f 5287 5276 5281
f 5287 5281 5290
f 5290 5281 5280
f 5290 5280 5289
f 5290 5289 5286
f 5290 5286 5287
f 5288 5283 5279
f 5288 5291 5283
f 5289 5280 5284
f 5289 5284 5292
f 5284 5283 5291
f 5284 5291 5292
f 5292 5291 5288
f 5292 5288 5289
f 5294 5285 5286
f 5294 5293 5285
f 5295 5285 5293
f 5295 5288 5285
f 5296 5294 5286
f 5296 5286 5289
f 5296 5289 5288
f 5296 5288 5295
f 5294 5297 5293
f 5294 5298 5297
f 5301 5293 5297
f 5301 5295 5293
f 5302 5298 5294
f 5302 5294 5296
f 5296 5295 5301
f 5296 5301 5302
f 5301 5297 5298
f 5301 5298 5302
f 5302 5299 5298
f 5302 5303 5299
f 5304 5299 5303
f 5304 5300 5299
f 5299 5307 5298
f 5299 5308 5307
f 5308 5305 5307
f 5308 5306 5305
f 5309 5299 5300
f 5309 5308 5299
f 5310 5298 5307
f 5310 5302 5298
f 5303 5302 5310
f 5303 5310 5311
f 5312 5309 5300
f 5312 5300 5304
f 5304 5303 5311
f 5304 5311 5312
f 5306 5313 5305
f 5306 5314 5313
f 5316 5305 5313
f 5316 5307 5305
f 5317 5314 5306
f 5317 5306 5308
f 5309 5317 5308
f 5309 5318 5317
f 5317 5315 5314
f 5317 5318 5315
f 5319 5307 5316
f 5319 5310 5307
f 5311 5310 5319
f 5311 5319 5320
f 5320 5319 5316
f 5320 5316 5317
f 5321 5318 5309
f 5321 5309 5312
f 5321 5312 5311
f 5321 5311 5320
f 5321 5320 5317
f 5321 5317 5318
f 5314 5322 5313
f 5314 5323 5322
f 5315 5323 5314
f 5315 5324 5323
f 5326 5313 5322
f 5326 5316 5313
f 5317 5316 5326
f 5317 5326 5327
f 5326 5322 5323
f 5326 5323 5327
f 5328 5324 5315
f 5328 5315 5318
f 5318 5317 5327
f 5318 5327 5328
f 5329 5324 5328
f 5329 5325 5324
f 5324 5330 5323
f 5324 5331 5330
f 5325 5331 5324
f 5325 5332 5331
f 5333 5323 5330
f 5333 5327 5323
f 5328 5327 5333
f 5328 5333 5334
f 5332 5325 5329
f 5332 5329 5335
f 5329 5328 5334
f 5329 5334 5335
f 5338 5330 5331
f 5338 5337 5330
f 5332 5338 5331
f 5332 5339 5338
f 5337 5333 5330
f 5337 5341 5333
f 5340 5337 5336
f 5340 5341 5337
f 5342 5334 5333
f 5342 5333 5341
f 5339 5332 5335
f 5339 5335 5343
f 5343 5335 5334
f 5343 5334 5342
f 5344 5342 5341
f 5344 5345 5342
f 5347 5336 5337
f 5347 5346 5336
f 5348 5337 5338
f 5348 5347 5337
f 5339 5348 5338
f 5339 5349 5348
f 5346 5340 5336
f 5346 5351 5340
f 5352 5341 5340
f 5352 5340 5351
f 5354 5349 5339
f 5354 5339 5343
f 5343 5342 5353
f 5343 5353 5354
f 5355 5349 5354
f 5355 5350 5349
f 5352 5344 5341
f 5352 5356 5344
f 5353 5342 5345
f 5353 5345 5357
f 5345 5344 5356
f 5345 5356 5357
f 5356 5352 5353
f 5356 5353 5357
f 5347 5358 5346
f 5347 5359 5358
f 5348 5359 5347
f 5348 5360 5359
f 5361 5348 5349
f 5361 5360 5348
f 5350 5361 5349
f 5350 5362 5361
f 5358 5351 5346
f 5358 5363 5351
f 5364 5352 5351
f 5364 5351 5363
f 5353 5352 5364
f 5353 5364 5365
f 5354 5353 5365
f 5354 5365 5366
f 5362 5350 5355
f 5362 5355 5367
f 5355 5354 5366
f 5355 5366 5367
f 5367 5366 5361
f 5367 5361 5362
f 5369 5363 5368
f 5369 5364 5363
f 5359 5370 5358
f 5359 5371 5370
f 5372 5359 5360
f 5372 5371 5359
f 5373 5360 5361
f 5373 5372 5360
f 5370 5363 5358
f 5370 5375 5363
f 5376 5375 5370
f 5376 5370 5371
f 5377 5365 5364
f 5377 5364 5376
f 5377 5376 5371
f 5377 5371 5372
f 5373 5361 5366
f 5373 5366 5378
f 5378 5366 5365
f 5378 5365 5377
f 5378 5377 5372
f 5378 5372 5373
f 5375 5368 5363
f 5375 5380 5368
f 5380 5374 5379
f 5380 5375 5374
f 5376 5364 5369
f 5376 5369 5381
f 5381 5369 5368
f 5381 5368 5380
f 5383 5374 5375
f 5383 5382 5374
f 5384 5375 5376
f 5384 5383 5375
f 5382 5379 5374
f 5382 5385 5379
f 5386 5380 5379
f 5386 5379 5385
f 5384 5376 5381
f 5384 5381 5387
f 5387 5381 5380
f 5387 5380 5386
f 5389 5385 5388
f 5389 5386 5385
f 5391 5382 5383
f 5391 5390 5382
f 5392 5383 5384
f 5392 5391 5383
f 5393 5382 5390
f 5393 5385 5382
f 5395 5392 5384
f 5395 5384 5387
f 5395 5387 5386
f 5395 5386 5394
f 5395 5394 5391
f 5395 5391 5392
f 5396 5385 5393
f 5396 5388 5385
f 5397 5394 5386
f 5397 5386 5389
f 5389 5388 5396
f 5389 5396 5397
f 5397 5396 5393
f 5397 5393 5394
f 5399 5390 5391
f 5399 5398 5390
f 5401 5390 5398
f 5401 5393 5390
f 5402 5399 5391
f 5402 5391 5394
f 5402 5394 5393
f 5402 5393 5401
f 5402 5400 5399
f 5402 5403 5400
f 5399 5404 5398
f 5399 5405 5404
f 5400 5405 5399
f 5400 5406 5405
f 5404 5401 5398
f 5404 5408 5401
f 5402 5401 5408
f 5402 5408 5409
f 5409 5408 5404
f 5409 5404 5405
f 5410 5406 5400
f 5410 5400 5403
f 5403 5402 5409
f 5403 5409 5410
f 5411 5406 5410
f 5411 5407 5406
f 5406 5415 5405
f 5406 5416 5415
f 5416 5412 5415
f 5416 5413 5412
f 5407 5416 5406
f 5407 5417 5416
f 5417 5413 5416
f 5417 5414 5413
f 5418 5405 5415
f 5418 5409 5405
f 5410 5409 5418
f 5410 5418 5419
f 5418 5415 5416
f 5418 5416 5419
f 5420 5417 5407
f 5420 5407 5411
f 5411 5410 5419
f 5411 5419 5420
f 5420 5419 5416
f 5420 5416 5417
f 5413 5421 5412
f 5413 5422 5421
f 5414 5422 5413
f 5414 5423 5422
f 5424 5412 5421
f 5424 5415 5412
f 5416 5415 5424
f 5416 5424 5425
f 5424 5421 5422
f 5424 5422 5425
f 5426 5423 5414
f 5426 5414 5417
f 5417 5416 5425
f 5417 5425 5426
f 5423 5427 5422
f 5423 5428 5427
f 5430 5422 5427
f 5430 5425 5422
f 5431 5428 5423
f 5431 5423 5426
f 5426 5425 5430
f 5426 5430 5431
f 5432 5428 5431
f 5432 5429 5428
f 5434 5427 5428
f 5434 5433 5427
f 5429 5434 5428
f 5429 5435 5434
f 5433 5430 5427
f 5433 5436 5430
f 5431 5430 5436
f 5431 5436 5437
f 5435 5429 5432
f 5435 5432 5438
f 5432 5431 5437
f 5432 5437 5438
f 5440 5437 5439
f 5440 5438 5437
f 5445 5433 5434
f 5445 5444 5433
f 5435 5445 5434
f 5435 5446 5445
f 5445 5442 5441
f 5445 5446 5442
f 5448 5433 5444
f 5448 5436 5433
f 5447 5444 5443
f 5447 5448 5444
f 5449 5437 5436
f 5449 5436 5448
f 5450 5446 5435
f 5450 5435 5438
f 5449 5439 5437
f 5449 5451 5439
f 5450 5438 5440
f 5450 5440 5452
f 5440 5439 5451
f 5440 5451 5452
f 5452 5451 5449
f 5452 5449 5450
f 5442 5453 5441
f 5442 5454 5453
f 5456 5443 5444
f 5456 5455 5443
f 5453 5445 5441
f 5453 5457 5445
f 5445 5456 5444
f 5445 5457 5456
f 5454 5442 5446
f 5454 5446 5458
f 5457 5453 5454
f 5457 5454 5458
f 5455 5447 5443
f 5455 5459 5447
f 5460 5448 5447
f 5460 5447 5459
f 5461 5449 5448
f 5461 5448 5460
f 5462 5458 5446
f 5462 5446 5450
f 5450 5449 5461
f 5450 5461 5462
f 5456 5463 5455
f 5456 5464 5463
f 5465 5456 5457
f 5465 5464 5456
f 5466 5457 5458
f 5466 5465 5457
f 5463 5459 5455
f 5463 5468 5459
f 5469 5460 5459
f 5469 5459 5468
f 5469 5468 5463
f 5469 5463 5464
f 5470 5461 5460
f 5470 5460 5469
f 5466 5458 5462
f 5466 5462 5471
f 5471 5462 5461
f 5471 5461 5470
f 5471 5470 5465
f 5471 5465 5466
f 5473 5467 5472
f 5473 5468 5467
f 5474 5468 5473
f 5474 5469 5468
f 5475 5469 5474
f 5475 5470 5469
f 5477 5464 5465
f 5477 5476 5464
f 5479 5467 5468
f 5479 5478 5467
f 5476 5469 5464
f 5476 5480 5469
f 5480 5468 5469
f 5480 5479 5468
f 5477 5465 5470
f 5477 5470 5481
f 5481 5480 5476
f 5481 5476 5477
f 5478 5472 5467
f 5478 5482 5472
f 5483 5473 5472
f 5483 5472 5482
f 5484 5474 5473
f 5484 5473 5483
f 5481 5470 5475
f 5481 5475 5485
f 5485 5475 5474
f 5485 5474 5484
f 5485 5484 5480
f 5485 5480 5481
f 5486 5483 5482
f 5486 5487 5483
f 5489 5478 5479
f 5489 5488 5478
f 5490 5479 5480
f 5490 5489 5479
f 5488 5482 5478
f 5488 5491 5482
f 5490 5480 5484
f 5490 5484 5493
f 5493 5484 5483
f 5493 5483 5492
f 5493 5492 5489
f 5493 5489 5490
f 5491 5486 5482
f 5491 5494 5486
f 5495 5492 5483
f 5495 5483 5487
f 5487 5486 5494
f 5487 5494 5495
f 5495 5494 5491
f 5495 5491 5492
f 5489 5496 5488
f 5489 5497 5496
f 5499 5488 5496
f 5499 5491 5488
f 5500 5497 5489
f 5500 5489 5492
f 5492 5491 5499
f 5492 5499 5500
f 5501 5497 5500
f 5501 5498 5497
f 5497 5502 5496
f 5497 5503 5502
f 5498 5503 5497
f 5498 5504 5503
f 5506 5496 5502
f 5506 5499 5496
f 5500 5499 5506
f 5500 5506 5507
f 5506 5502 5503
f 5506 5503 5507
f 5508 5504 5498
f 5508 5498 5501
f 5501 5500 5507
f 5501 5507 5508
f 5509 5504 5508
f 5509 5505 5504
f 5504 5513 5503
f 5504 5514 5513
f 5514 5510 5513
f 5514 5511 5510
f 5505 5514 5504
f 5505 5515 5514
f 5514 5512 5511
f 5514 5515 5512
f 5516 5503 5513
f 5516 5507 5503
f 5508 5507 5516
f 5508 5516 5517
f 5518 5515 5505
f 5518 5505 5509
f 5509 5508 5517
f 5509 5517 5518
f 5511 5519 5510
f 5511 5520 5519
f 5512 5520 5511
f 5512 5521 5520
f 5522 5510 5519
f 5522 5513 5510
f 5522 5519 5520
f 5522 5520 5523
f 5524 5521 5512
f 5524 5512 5515
f 5525 5513 5522
f 5525 5516 5513
f 5517 5516 5525
f 5517 5525 5526
f 5526 5525 5522
f 5526 5522 5523
f 5527 5524 5515
f 5527 5515 5518
f 5527 5518 5517
f 5527 5517 5526
f 5526 5523 5524
f 5526 5524 5527
f 5521 5528 5520
f 5521 5529 5528
f 5528 5523 5520
f 5528 5531 5523
f 5532 5529 5521
f 5532 5521 5524
f 5524 5523 5531
f 5524 5531 5532
f 5533 5529 5532
f 5533 5530 5529
f 5529 5534 5528
f 5529 5535 5534
f 5530 5535 5529
f 5530 5536 5535
f 5534 5531 5528
f 5534 5537 5531
f 5532 5531 5537
f 5532 5537 5538
f 5536 5530 5533
f 5536 5533 5539
f 5539 5533 5532
f 5539 5532 5538
f 5541 5537 5540
f 5541 5538 5537
f 5544 5534 5535
f 5544 5543 5534
f 5536 5544 5535
f 5536 5545 5544
f 5547 5534 5543
f 5547 5537 5534
f 5546 5543 5542
f 5546 5547 5543
f 5545 5536 5539
f 5545 5539 5549
f 5549 5539 5538
f 5549 5538 5548
f 5550 5537 5547
f 5550 5540 5537
f 5548 5538 5541
f 5548 5541 5551
f 5541 5540 5550
f 5541 5550 5551
f 5550 5547 5548
f 5550 5548 5551
f 5552 5548 5551
f 5552 5549 5548
f 5554 5542 5543
f 5554 5553 5542
f 5555 5543 5544
f 5555 5554 5543
f 5545 5555 5544
f 5545 5556 5555
f 5553 5546 5542
f 5553 5557 5546
f 5558 5547 5546
f 5558 5546 5557
f 5559 5548 5547
f 5559 5547 5558
f 5560 5556 5545
f 5560 5545 5549
f 5561 5548 5559
f 5561 5551 5548
f 5562 5560 5549
f 5562 5549 5552
f 5552 5551 5561
f 5552 5561 5562
f 5562 5561 5559
f 5562 5559 5560
f 5564 5553 5554
f 5564 5563 5553
f 5565 5554 5555
f 5565 5564 5554
f 5566 5555 5556
f 5566 5565 5555
f 5563 5557 5553
f 5563 5568 5557
f 5569 5558 5557
f 5569 5557 5568
f 5559 5558 5569
f 5559 5569 5570
f 5571 5566 5556
f 5571 5556 5560
f 5571 5560 5559
f 5571 5559 5570
f 5573 5567 5572
f 5573 5568 5567
f 5574 5568 5573
f 5574 5569 5568
f 5575 5569 5574
f 5575 5570 5569
f 5564 5576 5563
f 5564 5577 5576
f 5578 5564 5565
f 5578 5577 5564
f 5579 5565 5566
f 5579 5578 5565
f 5576 5568 5563
f 5576 5581 5568
f 5581 5567 5568
f 5581 5580 5567
f 5582 5581 5576
f 5582 5576 5577
f 5583 5582 5577
f 5583 5577 5578
f 5584 5579 5566
f 5584 5566 5571
f 5584 5571 5570
f 5584 5570 5583
f 5584 5583 5578
f 5584 5578 5579
f 5580 5572 5567
f 5580 5585 5572
f 5573 5572 5585
f 5573 5585 5586
f 5587 5574 5573
f 5587 5573 5586
f 5583 5570 5575
f 5583 5575 5588
f 5588 5575 5574
f 5588 5574 5587
f 5588 5587 5582
f 5588 5582 5583
f 5589 5586 5585
f 5589 5590 5586
f 5592 5580 5581
f 5592 5591 5580
f 5593 5581 5582
f 5593 5592 5581
f 5591 5585 5580
f 5591 5594 5585
f 5593 5582 5587
f 5593 5587 5596
f 5596 5587 5586
f 5596 5586 5595
f 5596 5595 5592
f 5596 5592 5593
f 5594 5589 5585
f 5594 5597 5589
f 5595 5586 5590
f 5595 5590 5598
f 5590 5589 5597
f 5590 5597 5598
f 5598 5597 5594
f 5598 5594 5595
f 5600 5591 5592
f 5600 5599 5591
f 5601 5591 5599
f 5601 5594 5591
f 5602 5600 5592
f 5602 5592 5595
f 5602 5595 5594
f 5602 5594 5601
f 5600 5603 5599
f 5600 5604 5603
f 5607 5599 5603
f 5607 5601 5599
f 5608 5604 5600
f 5608 5600 5602
f 5602 5601 5607
f 5602 5607 5608
f 5607 5603 5604
f 5607 5604 5608
f 5608 5605 5604
f 5608 5609 5605
f 5610 5605 5609
f 5610 5606 5605
f 5605 5613 5604
f 5605 5614 5613
f 5614 5611 5613
f 5614 5612 5611
f 5615 5605 5606
f 5615 5614 5605
f 5616 5604 5613
f 5616 5608 5604
f 5609 5608 5616
f 5609 5616 5617
f 5618 5615 5606
f 5618 5606 5610
f 5610 5609 5617
f 5610 5617 5618
f 5612 5619 5611
f 5612 5620 5619
f 5622 5611 5619
f 5622 5613 5611
f 5623 5620 5612
f 5623 5612 5614
f 5615 5623 5614
f 5615 5624 5623
f 5623 5621 5620
f 5623 5624 5621
f 5625 5613 5622
f 5625 5616 5613
f 5617 5616 5625
f 5617 5625 5626
f 5626 5625 5622
f 5626 5622 5623
f 5627 5624 5615
f 5627 5615 5618
f 5627 5618 5617
f 5627 5617 5626
f 5627 5626 5623
f 5627 5623 5624
f 5620 5628 5619
f 5620 5629 5628
f 5621 5629 5620
f 5621 5630 5629
f 5632 5619 5628
f 5632 5622 5619
f 5623 5622 5632
f 5623 5632 5633
f 5632 5628 5629
f 5632 5629 5633
f 5634 5630 5621
f 5634 5621 5624
f 5624 5623 5633
f 5624 5633 5634
f 5635 5630 5634
f 5635 5631 5630
f 5630 5636 5629
f 5630 5637 5636
f 5631 5637 5630
f 5631 5638 5637
f 5639 5629 5636
f 5639 5633 5629
f 5634 5633 5639
f 5634 5639 5640
f 5638 5631 5635
f 5638 5635 5641
f 5635 5634 5640
f 5635 5640 5641
f 5644 5636 5637
f 5644 5643 5636
f 5638 5644 5637
f 5638 5645 5644
f 5643 5639 5636
f 5643 5647 5639
f 5646 5643 5642
f 5646 5647 5643
f 5648 5640 5639
f 5648 5639 5647
f 5645 5638 5641
f 5645 5641 5649
f 5649 5641 5640
f 5649 5640 5648
f 5650 5648 5647
f 5650 5651 5648
f 5653 5642 5643
f 5653 5652 5642
f 5654 5643 5644
f 5654 5653 5643
f 5645 5654 5644
f 5645 5655 5654
f 5652 5646 5642
f 5652 5657 5646
f 5658 5647 5646
f 5658 5646 5657
f 5660 5655 5645
f 5660 5645 5649
f 5649 5648 5659
f 5649 5659 5660
f 5661 5655 5660
f 5661 5656 5655
f 5658 5650 5647
f 5658 5662 5650
f 5659 5648 5651
f 5659 5651 5663
f 5651 5650 5662
f 5651 5662 5663
f 5662 5658 5659
f 5662 5659 5663
f 5653 5664 5652
f 5653 5665 5664
f 5654 5665 5653
f 5654 5666 5665
f 5655 5666 5654
f 5655 5667 5666
f 5656 5667 5655
f 5656 5668 5667
f 5664 5657 5652
f 5664 5669 5657
f 5670 5658 5657
f 5670 5657 5669
f 5659 5658 5670
f 5659 5670 5671
f 5660 5659 5671
f 5660 5671 5672
f 5668 5656 5661
f 5668 5661 5673
f 5661 5660 5672
f 5661 5672 5673
f 5673 5672 5667
f 5673 5667 5668
f 5675 5669 5674
f 5675 5670 5669
f 5665 5676 5664
f 5665 5677 5676
f 5678 5665 5666
f 5678 5677 5665
f 5679 5666 5667
f 5679 5678 5666
f 5676 5669 5664
f 5676 5681 5669
f 5682 5681 5676
f 5682 5676 5677
f 5683 5671 5670
f 5683 5670 5682
f 5683 5682 5677
f 5683 5677 5678
f 5679 5667 5672
f 5679 5672 5684
f 5684 5672 5671
f 5684 5671 5683
f 5684 5683 5678
f 5684 5678 5679
f 5681 5674 5669
f 5681 5686 5674
f 5686 5680 5685
f 5686 5681 5680
f 5682 5670 5675
f 5682 5675 5687
f 5687 5675 5674
f 5687 5674 5686
f 5689 5680 5681
f 5689 5688 5680
f 5690 5681 5682
f 5690 5689 5681
f 5688 5685 5680
f 5688 5691 5685
f 5692 5686 5685
f 5692 5685 5691
f 5690 5682 5687
f 5690 5687 5693
f 5693 5687 5686
f 5693 5686 5692
f 5694 5692 5691
f 5694 5695 5692
f 5697 5688 5689
f 5697 5696 5688
f 5698 5689 5690
f 5698 5697 5689
f 5699 5688 5696
f 5699 5691 5688
f 5701 5698 5690
f 5701 5690 5693
f 5701 5693 5692
f 5701 5692 5700
f 5701 5700 5697
f 5701 5697 5698
f 5702 5691 5699
f 5702 5694 5691
f 5703 5700 5692
f 5703 5692 5695
f 5695 5694 5702
f 5695 5702 5703
f 5703 5702 5699
f 5703 5699 5700
f 5705 5696 5697
f 5705 5704 5696
f 5707 5696 5704
f 5707 5699 5696
f 5708 5705 5697
f 5708 5697 5700
f 5708 5700 5699
f 5708 5699 5707
f 5708 5706 5705
f 5708 5709 5706
f 5705 5710 5704
f 5705 5711 5710
f 5706 5711 5705
f 5706 5712 5711
f 5710 5707 5704
f 5710 5714 5707
f 5708 5707 5714
f 5708 5714 5715
f 5714 5710 5711
f 5714 5711 5715
f 5716 5712 5706
f 5716 5706 5709
f 5709 5708 5715
f 5709 5715 5716
f 5717 5712 5716
f 5717 5713 5712
f 5712 5721 5711
f 5712 5722 5721
f 5722 5718 5721
f 5722 5719 5718
f 5713 5722 5712
f 5713 5723 5722
f 5723 5719 5722
f 5723 5720 5719
f 5724 5711 5721
f 5724 5715 5711
f 5716 5715 5724
f 5716 5724 5725
f 5724 5721 5722
f 5724 5722 5725
f 5726 5723 5713
f 5726 5713 5717
f 5717 5716 5725
f 5717 5725 5726
f 5726 5725 5722
f 5726 5722 5723
f 5719 5727 5718
f 5719 5728 5727
f 5720 5728 5719
f 5720 5729 5728
f 5730 5718 5727
f 5730 5721 5718
f 5722 5721 5730
f 5722 5730 5731
f 5730 5727 5728
f 5730 5728 5731
f 5732 5729 5720
f 5732 5720 5723
f 5723 5722 5731
f 5723 5731 5732
f 5729 5733 5728
f 5729 5734 5733
f 5736 5728 5733
f 5736 5731 5728
f 5737 5734 5729
f 5737 5729 5732
f 5732 5731 5736
f 5732 5736 5737
f 5738 5734 5737
f 5738 5735 5734
f 5740 5733 5734
f 5740 5739 5733
f 5735 5740 5734
f 5735 5741 5740
f 5739 5736 5733
f 5739 5742 5736
f 5737 5736 5742
f 5737 5742 5743
f 5741 5735 5738
f 5741 5738 5744
f 5738 5737 5743
f 5738 5743 5744
f 5746 5743 5745
f 5746 5744 5743
f 5751 5739 5740
f 5751 5750 5739
f 5741 5751 5740
f 5741 5752 5751
f 5751 5748 5747
f 5751 5752 5748
f 5754 5739 5750
f 5754 5742 5739
f 5753 5750 5749
f 5753 5754 5750
f 5755 5743 5742
f 5755 5742 5754
f 5756 5752 5741
f 5756 5741 5744
f 5755 5745 5743
f 5755 5757 5745
f 5756 5744 5746
f 5756 5746 5758
f 5746 5745 5757
f 5746 5757 5758
f 5758 5757 5755
f 5758 5755 5756
f 5748 5759 5747
f 5748 5760 5759
f 5762 5749 5750
f 5762 5761 5749
f 5759 5751 5747
f 5759 5763 5751
f 5751 5762 5750
f 5751 5763 5762
f 5760 5748 5752
f 5760 5752 5764
f 5763 5759 5760
f 5763 5760 5764
f 5761 5753 5749
f 5761 5765 5753
f 5766 5754 5753
f 5766 5753 5765
f 5767 5755 5754
f 5767 5754 5766
f 5768 5764 5752
f 5768 5752 5756
f 5756 5755 5767
f 5756 5767 5768
f 5762 5769 5761
f 5762 5770 5769
f 5771 5762 5763
f 5771 5770 5762
f 5772 5763 5764
f 5772 5771 5763
f 5769 5765 5761
f 5769 5774 5765
f 5775 5766 5765
f 5775 5765 5774
f 5775 5774 5769
f 5775 5769 5770
f 5776 5767 5766
f 5776 5766 5775
f 5772 5764 5768
f 5772 5768 5777
f 5777 5768 5767
f 5777 5767 5776
f 5777 5776 5771
f 5777 5771 5772
f 5779 5773 5778
f 5779 5774 5773
f 5780 5774 5779
f 5780 5775 5774
f 5781 5775 5780
f 5781 5776 5775
f 5783 5770 5771
f 5783 5782 5770
f 5785 5773 5774
f 5785 5784 5773
f 5782 5775 5770
f 5782 5786 5775
f 5786 5774 5775
f 5786 5785 5774
f 5783 5771 5776
f 5783 5776 5787
f 5787 5786 5782
f 5787 5782 5783
f 5784 5778 5773
f 5784 5788 5778
f 5789 5779 5778
f 5789 5778 5788
f 5790 5780 5779
f 5790 5779 5789
f 5787 5776 5781
f 5787 5781 5791
f 5791 5781 5780
f 5791 5780 5790
f 5791 5790 5786
f 5791 5786 5787
f 5792 5789 5788
f 5792 5793 5789
f 5795 5784 5785
f 5795 5794 5784
f 5796 5785 5786
f 5796 5795 5785
f 5794 5788 5784
f 5794 5797 5788
f 5796 5786 5790
f 5796 5790 5799
f 5799 5790 5789
f 5799 5789 5798
f 5799 5798 5795
f 5799 5795 5796
f 5797 5792 5788
f 5797 5800 5792
f 5801 5798 5789
f 5801 5789 5793
f 5793 5792 5800
f 5793 5800 5801
f 5801 5800 5797
f 5801 5797 5798
f 5795 5802 5794
f 5795 5803 5802
f 5805 5794 5802
f 5805 5797 5794
f 5806 5803 5795
f 5806 5795 5798
f 5798 5797 5805
f 5798 5805 5806
f 5807 5803 5806
f 5807 5804 5803
f 5803 5808 5802
f 5803 5809 5808
f 5804 5809 5803
f 5804 5810 5809
f 5812 5802 5808
f 5812 5805 5802
f 5806 5805 5812
f 5806 5812 5813
f 5812 5808 5809
f 5812 5809 5813
f 5814 5810 5804
f 5814 5804 5807
f 5807 5806 5813
f 5807 5813 5814
f 5815 5810 5814
f 5815 5811 5810
f 5810 5819 5809
f 5810 5820 5819
f 5820 5816 5819
f 5820 5817 5816
f 5811 5820 5810
f 5811 5821 5820
f 5820 5818 5817
f 5820 5821 5818
f 5822 5809 5819
f 5822 5813 5809
f 5814 5813 5822
f 5814 5822 5823
f 5824 5821 5811
f 5824 5811 5815
f 5815 5814 5823
f 5815 5823 5824
f 5817 5825 5816
f 5817 5826 5825
f 5818 5826 5817
f 5818 5827 5826
f 5828 5816 5825
f 5828 5819 5816
f 5828 5825 5826
f 5828 5826 5829
f 5830 5827 5818
f 5830 5818 5821
f 5831 5819 5828
f 5831 5822 5819
f 5823 5822 5831
f 5823 5831 5832
f 5832 5831 5828
f 5832 5828 5829
f 5833 5830 5821
f 5833 5821 5824
f 5833 5824 5823
f 5833 5823 5832
f 5832 5829 5830
f 5832 5830 5833
f 5827 5834 5826
f 5827 5835 5834
f 5834 5829 5826
f 5834 5837 5829
f 5838 5835 5827
f 5838 5827 5830
f 5830 5829 5837
f 5830 5837 5838
f 5839 5835 5838
f 5839 5836 5835
f 5835 5840 5834
f 5835 5841 5840
f 5836 5841 5835
f 5836 5842 5841
f 5840 5837 5834
f 5840 5843 5837
f 5838 5837 5843
f 5838 5843 5844
f 5842 5836 5839
f 5842 5839 5845
f 5845 5839 5838
f 5845 5838 5844
f 5847 5843 5846
f 5847 5844 5843
f 5850 5840 5841
f 5850 5849 5840
f 5842 5850 5841
f 5842 5851 5850
f 5853 5840 5849
f 5853 5843 5840
f 5852 5849 5848
f 5852 5853 5849
f 5851 5842 5845
f 5851 5845 5855
f 5855 5845 5844
f 5855 5844 5854
f 5856 5843 5853
f 5856 5846 5843
f 5854 5844 5847
f 5854 5847 5857
f 5847 5846 5856
f 5847 5856 5857
f 5856 5853 5854
f 5856 5854 5857
f 5858 5854 5857
f 5858 5855 5854
f 5860 5848 5849
f 5860 5859 5848
f 5861 5849 5850
f 5861 5860 5849
f 5851 5861 5850
f 5851 5862 5861
f 5859 5852 5848
f 5859 5863 5852
f 5864 5853 5852
f 5864 5852 5863
f 5865 5854 5853
f 5865 5853 5864
f 5866 5862 5851
f 5866 5851 5855
f 5867 5854 5865
f 5867 5857 5854
f 5868 5866 5855
f 5868 5855 5858
f 5858 5857 5867
f 5858 5867 5868
f 5868 5867 5865
f 5868 5865 5866
f 5870 5859 5860
f 5870 5869 5859
f 5871 5860 5861
f 5871 5870 5860
f 5872 5861 5862
f 5872 5871 5861
f 5869 5863 5859
f 5869 5873 5863
f 5874 5864 5863
f 5874 5863 5873
f 5865 5864 5874
f 5865 5874 5875
f 5876 5872 5862
f 5876 5862 5866
f 5876 5866 5865
f 5876 5865 5875
f 5878 5873 5877
f 5878 5874 5873
f 5879 5874 5878
f 5879 5875 5874
f 5870 5880 5869
f 5870 5881 5880
f 5882 5870 5871
f 5882 5881 5870
f 5883 5871 5872
f 5883 5882 5871
f 5880 5873 5869
f 5880 5885 5873
f 5886 5885 5880
f 5886 5880 5881
f 5887 5886 5881
f 5887 5881 5882
f 5888 5883 5872
f 5888 5872 5876
f 5888 5876 5875
f 5888 5875 5887
f 5888 5887 5882
f 5888 5882 5883
f 5885 5877 5873
f 5885 5890 5877
f 5890 5884 5889
f 5890 5885 5884
f 5891 5878 5877
f 5891 5877 5890
f 5887 5875 5879
f 5887 5879 5892
f 5892 5879 5878
f 5892 5878 5891
f 5892 5891 5886
f 5892 5886 5887
f 5894 5889 5893
f 5894 5890 5889
f 5896 5884 5885
f 5896 5895 5884
f 5897 5885 5886
f 5897 5896 5885
f 5895 5889 5884
f 5895 5898 5889
f 5897 5886 5891
f 5897 5891 5900
f 5900 5891 5890
f 5900 5890 5899
f 5900 5899 5896
f 5900 5896 5897
f 5901 5889 5898
f 5901 5893 5889
f 5899 5890 5894
f 5899 5894 5902
f 5894 5893 5901
f 5894 5901 5902
f 5902 5901 5898
f 5902 5898 5899
f 5904 5895 5896
f 5904 5903 5895
f 5905 5895 5903
f 5905 5898 5895
f 5906 5904 5896
f 5906 5896 5899
f 5906 5899 5898
f 5906 5898 5905
f 5904 5907 5903
f 5904 5908 5907
f 5911 5903 5907
f 5911 5905 5903
f 5912 5908 5904
f 5912 5904 5906
f 5906 5905 5911
f 5906 5911 5912
f 5911 5907 5908
f 5911 5908 5912
f 5912 5909 5908
f 5912 5913 5909
f 5914 5909 5913
f 5914 5910 5909
f 5909 5917 5908
f 5909 5918 5917
f 5918 5915 5917
f 5918 5916 5915
f 5919 5909 5910
f 5919 5918 5909
f 5920 5908 5917
f 5920 5912 5908
f 5913 5912 5920
f 5913 5920 5921
f 5922 5919 5910
f 5922 5910 5914
f 5914 5913 5921
f 5914 5921 5922
f 5916 5923 5915
f 5916 5924 5923
f 5926 5915 5923
f 5926 5917 5915
f 5927 5924 5916
f 5927 5916 5918
f 5919 5927 5918
f 5919 5928 5927
f 5927 5925 5924
f 5927 5928 5925
f 5929 5917 5926
f 5929 5920 5917
f 5921 5920 5929
f 5921 5929 5930
f 5930 5929 5926
f 5930 5926 5927
f 5931 5928 5919
f 5931 5919 5922
f 5931 5922 5921
f 5931 5921 5930
f 5931 5930 5927
f 5931 5927 5928
f 5924 5932 5923
f 5924 5933 5932
f 5925 5933 5924
f 5925 5934 5933
f 5936 5923 5932
f 5936 5926 5923
f 5927 5926 5936
f 5927 5936 5937
f 5936 5932 5933
f 5936 5933 5937
f 5938 5934 5925
f 5938 5925 5928
f 5928 5927 5937
f 5928 5937 5938
f 5939 5934 5938
f 5939 5935 5934
f 5934 5940 5933
f 5934 5941 5940
f 5935 5941 5934
f 5935 5942 5941
f 5943 5933 5940
f 5943 5937 5933
f 5938 5937 5943
f 5938 5943 5944
f 5942 5935 5939
f 5942 5939 5945
f 5939 5938 5944
f 5939 5944 5945
f 5948 5940 5941
f 5948 5947 5940
f 5942 5948 5941
f 5942 5949 5948
f 5947 5943 5940
f 5947 5951 5943
f 5950 5947 5946
f 5950 5951 5947
f 5952 5944 5943
f 5952 5943 5951
f 5949 5942 5945
f 5949 5945 5953
f 5953 5945 5944
f 5953 5944 5952
f 5954 5952 5951
f 5954 5955 5952
f 5959 5946 5947
f 5959 5958 5946
f 5948 5959 5947
f 5948 5960 5959
f 5949 5960 5948
f 5949 5961 5960
f 5960 5957 5956
f 5960 5961 5957
f 5958 5950 5946
f 5958 5962 5950
f 5963 5951 5950
f 5963 5950 5962
f 5965 5961 5949
f 5965 5949 5953
f 5953 5952 5964
f 5953 5964 5965
f 5963 5954 5951
f 5963 5966 5954
f 5964 5952 5955
f 5964 5955 5967
f 5955 5954 5966
f 5955 5966 5967
f 5966 5963 5964
f 5966 5964 5967
f 5968 5964 5967
f 5968 5965 5964
f 5957 5969 5956
f 5957 5970 5969
f 5959 5971 5958
f 5959 5972 5971
f 5973 5956 5969
f 5973 5960 5956
f 5960 5972 5959
f 5960 5973 5972
f 5970 5957 5961
f 5970 5961 5974
f 5973 5969 5970
f 5973 5970 5974
f 5971 5962 5958
f 5971 5975 5962
f 5976 5963 5962
f 5976 5962 5975
f 5964 5963 5976
f 5964 5976 5977
f 5974 5961 5965
f 5974 5965 5978
f 5980 5975 5979
f 5980 5976 5975
f 5981 5964 5977
f 5981 5967 5964
f 5982 5978 5965
f 5982 5965 5968
f 5968 5967 5981
f 5968 5981 5982
f 5982 5981 5977
f 5982 5977 5978
f 5972 5983 5971
f 5972 5984 5983
f 5985 5972 5973
f 5985 5984 5972
f 5986 5973 5974
f 5986 5985 5973
f 5983 5975 5971
f 5983 5988 5975
f 5989 5988 5983
f 5989 5983 5984
f 5990 5977 5976
f 5990 5976 5989
f 5989 5984 5985
f 5989 5985 5990
f 5986 5974 5978
f 5986 5978 5991
f 5991 5978 5977
f 5991 5977 5990
f 5991 5990 5985
f 5991 5985 5986
f 5988 5979 5975
f 5988 5993 5979
f 5993 5987 5992
f 5993 5988 5987
f 5989 5976 5980
f 5989 5980 5994
f 5994 5980 5979
f 5994 5979 5993
f 5995 5989 5994
f 5995 5990 5989
f 5997 5987 5988
f 5997 5996 5987
f 5998 5988 5989
f 5998 5997 5988
f 5999 5989 5990
f 5999 5998 5989
f 5996 5992 5987
f 5996 6000 5992
f 6001 5993 5992
f 6001 5992 6000
f 6002 5994 5993
f 6002 5993 6001
f 5999 5990 5995
f 5999 5995 6003
f 6003 5995 5994
f 6003 5994 6002
f 6003 6002 5998
f 6003 5998 5999
f 6004 6001 6000
f 6004 6005 6001
f 6006 6001 6005
f 6006 6002 6001
f 6008 5996 5997
f 6008 6007 5996
f 6009 5997 5998
f 6009 6008 5997
f 6010 5996 6007
f 6010 6000 5996
f 6009 5998 6002
f 6009 6002 6012
f 6011 6008 6009
f 6011 6009 6012
f 6013 6000 6010
f 6013 6004 6000
f 6014 6005 6004
f 6014 6004 6013
f 6013 6010 6011
f 6013 6011 6014
f 6012 6002 6006
f 6012 6006 6015
f 6015 6006 6005
f 6015 6005 6014
f 6014 6011 6012
f 6014 6012 6015
f 6017 6007 6008
f 6017 6016 6007
f 6019 6007 6016
f 6019 6010 6007
f 6020 6017 6008
f 6020 6008 6011
f 6011 6010 6019
f 6011 6019 6020
f 6020 6018 6017
f 6020 6021 6018
f 6017 6022 6016
f 6017 6023 6022
f 6018 6023 6017
f 6018 6024 6023
f 6022 6019 6016
f 6022 6026 6019
f 6020 6019 6026
f 6020 6026 6027
f 6026 6022 6023
f 6026 6023 6027
f 6028 6024 6018
f 6028 6018 6021
f 6021 6020 6027
f 6021 6027 6028
f 6029 6024 6028
f 6029 6025 6024
f 6024 6033 6023
f 6024 6034 6033
f 6033 6031 6030
f 6033 6034 6031
f 6025 6034 6024
f 6025 6035 6034
f 6034 6032 6031
f 6034 6035 6032
f 6036 6023 6033
f 6036 6027 6023
f 6028 6027 6036
f 6028 6036 6037
f 6038 6035 6025
f 6038 6025 6029
f 6029 6028 6037
f 6029 6037 6038
f 6038 6037 6034
f 6038 6034 6035
f 6031 6039 6030
f 6031 6040 6039
f 6032 6040 6031
f 6032 6041 6040
f 6042 6030 6039
f 6042 6033 6030
f 6043 6042 6039
f 6043 6039 6040
f 6044 6041 6032
f 6044 6032 6035
f 6035 6034 6043
f 6035 6043 6044
f 6045 6033 6042
f 6045 6036 6033
f 6046 6043 6034
f 6046 6034 6037
f 6046 6037 6036
f 6046 6036 6045
f 6046 6045 6042
f 6046 6042 6043
f 6041 6047 6040
f 6041 6048 6047
f 6050 6040 6047
f 6050 6043 6040
f 6051 6048 6041
f 6051 6041 6044
f 6044 6043 6050
f 6044 6050 6051
f 6052 6048 6051
f 6052 6049 6048
f 6054 6047 6048
f 6054 6053 6047
f 6049 6054 6048
f 6049 6055 6054
f 6053 6050 6047
f 6053 6056 6050
f 6051 6050 6056
f 6051 6056 6057
f 6055 6049 6052
f 6055 6052 6058
f 6052 6051 6057
f 6052 6057 6058
f 6060 6057 6059
f 6060 6058 6057
f 6065 6053 6054
f 6065 6064 6053
f 6066 6054 6055
f 6066 6065 6054
f 6065 6062 6061
f 6065 6066 6062
f 6068 6053 6064
f 6068 6056 6053
f 6067 6064 6063
f 6067 6068 6064
f 6069 6057 6056
f 6069 6056 6068
f 6070 6066 6055
f 6070 6055 6058
f 6069 6059 6057
f 6069 6071 6059
f 6070 6058 6060
f 6070 6060 6072
f 6060 6059 6071
f 6060 6071 6072
f 6072 6071 6069
f 6072 6069 6070
f 6062 6073 6061
f 6062 6074 6073
f 6076 6063 6064
f 6076 6075 6063
f 6073 6065 6061
f 6073 6077 6065
f 6065 6076 6064
f 6065 6077 6076
f 6074 6062 6066
f 6074 6066 6078
f 6077 6073 6074
f 6077 6074 6078
f 6075 6067 6063
f 6075 6079 6067
f 6080 6068 6067
f 6080 6067 6079
f 6081 6069 6068
f 6081 6068 6080
f 6082 6078 6066
f 6082 6066 6070
f 6070 6069 6081
f 6070 6081 6082
f 6076 6083 6075
f 6076 6084 6083
f 6085 6076 6077
f 6085 6084 6076
f 6086 6077 6078
f 6086 6085 6077
f 6083 6079 6075
f 6083 6088 6079
f 6089 6080 6079
f 6089 6079 6088
f 6089 6088 6083
f 6089 6083 6084
f 6090 6081 6080
f 6090 6080 6089
f 6086 6078 6082
f 6086 6082 6091
f 6091 6082 6081
f 6091 6081 6090
f 6091 6090 6085
f 6091 6085 6086
f 6093 6087 6092
f 6093 6088 6087
f 6094 6088 6093
f 6094 6089 6088
f 6095 6089 6094
f 6095 6090 6089
f 6097 6084 6085
f 6097 6096 6084
f 6099 6087 6088
f 6099 6098 6087
f 6096 6089 6084
f 6096 6100 6089
f 6100 6088 6089
f 6100 6099 6088
f 6097 6085 6090
f 6097 6090 6101
f 6101 6100 6096
f 6101 6096 6097
f 6098 6092 6087
f 6098 6102 6092
f 6093 6092 6102
f 6093 6102 6103
f 6104 6094 6093
f 6104 6093 6103
f 6101 6090 6095
f 6101 6095 6105
f 6105 6095 6094
f 6105 6094 6104
f 6105 6104 6100
f 6105 6100 6101
f 6106 6103 6102
f 6106 6107 6103
f 6109 6098 6099
f 6109 6108 6098
f 6110 6099 6100
f 6110 6109 6099
f 6108 6102 6098
f 6108 6111 6102
f 6110 6100 6104
f 6110 6104 6113
f 6113 6104 6103
f 6113 6103 6112
f 6113 6112 6109
f 6113 6109 6110
f 6111 6106 6102
f 6111 6114 6106
f 6115 6112 6103
f 6115 6103 6107
f 6107 6106 6114
f 6107 6114 6115
f 6115 6114 6111
f 6115 6111 6112
f 6109 6116 6108
f 6109 6117 6116
f 6119 6108 6116
f 6119 6111 6108
f 6120 6117 6109
f 6120 6109 6112
f 6112 6111 6119
f 6112 6119 6120
f 6120 6118 6117
f 6120 6121 6118
f 6117 6122 6116
f 6117 6123 6122
f 6118 6123 6117
f 6118 6124 6123
f 6126 6116 6122
f 6126 6119 6116
f 6120 6119 6126
f 6120 6126 6127
f 6126 6122 6123
f 6126 6123 6127
f 6128 6124 6118
f 6128 6118 6121
f 6121 6120 6127
f 6121 6127 6128
f 6129 6124 6128
f 6129 6125 6124
f 6124 6133 6123
f 6124 6134 6133
f 6134 6130 6133
f 6134 6131 6130
f 6125 6134 6124
f 6125 6135 6134
f 6134 6132 6131
f 6134 6135 6132
f 6136 6123 6133
f 6136 6127 6123
f 6128 6127 6136
f 6128 6136 6137
f 6138 6135 6125
f 6138 6125 6129
f 6129 6128 6137
f 6129 6137 6138
f 6131 6139 6130
f 6131 6140 6139
f 6132 6140 6131
f 6132 6141 6140
f 6142 6130 6139
f 6142 6133 6130
f 6142 6139 6140
f 6142 6140 6143
f 6144 6141 6132
f 6144 6132 6135
f 6145 6133 6142
f 6145 6136 6133
f 6137 6136 6145
f 6137 6145 6146
f 6146 6145 6142
f 6146 6142 6143
f 6147 6144 6135
f 6147 6135 6138
f 6147 6138 6137
f 6147 6137 6146
f 6146 6143 6144
f 6146 6144 6147
f 6141 6148 6140
f 6141 6149 6148
f 6148 6143 6140
f 6148 6151 6143
f 6152 6149 6141
f 6152 6141 6144
f 6144 6143 6151
f 6144 6151 6152
f 6153 6149 6152
f 6153 6150 6149
f 6149 6154 6148
f 6149 6155 6154
f 6150 6155 6149
f 6150 6156 6155
f 6154 6151 6148
f 6154 6157 6151
f 6152 6151 6157
f 6152 6157 6158
f 6156 6150 6153
f 6156 6153 6159
f 6159 6153 6152
f 6159 6152 6158
f 6161 6157 6160
f 6161 6158 6157
f 6164 6154 6155
f 6164 6163 6154
f 6156 6164 6155
f 6156 6165 6164
f 6167 6154 6163
f 6167 6157 6154
f 6166 6163 6162
f 6166 6167 6163
f 6165 6156 6159
f 6165 6159 6169
f 6169 6159 6158
f 6169 6158 6168
f 6170 6157 6167
f 6170 6160 6157
f 6168 6158 6161
f 6168 6161 6171
f 6161 6160 6170
f 6161 6170 6171
f 6170 6167 6168
f 6170 6168 6171
f 6172 6168 6171
f 6172 6169 6168
f 6174 6162 6163
f 6174 6173 6162
f 6175 6163 6164
f 6175 6174 6163
f 6165 6175 6164
f 6165 6176 6175
f 6173 6166 6162
f 6173 6177 6166
f 6178 6167 6166
f 6178 6166 6177
f 6179 6168 6167
f 6179 6167 6178
f 6180 6176 6165
f 6180 6165 6169
f 6181 6168 6179
f 6181 6171 6168
f 6182 6180 6169
f 6182 6169 6172
f 6172 6171 6181
f 6172 6181 6182
f 6182 6181 6179
f 6182 6179 6180
f 6184 6173 6174
f 6184 6183 6173
f 6185 6174 6175
f 6185 6184 6174
f 6186 6175 6176
f 6186 6185 6175
f 6183 6177 6173
f 6183 6187 6177
f 6188 6178 6177
f 6188 6177 6187
f 6179 6178 6188
f 6179 6188 6189
f 6190 6186 6176
f 6190 6176 6180
f 6190 6180 6179
f 6190 6179 6189
f 6192 6187 6191
f 6192 6188 6187
f 6193 6188 6192
f 6193 6189 6188
f 6184 6194 6183
f 6184 6195 6194
f 6196 6184 6185
f 6196 6195 6184
f 6197 6185 6186
f 6197 6196 6185
f 6194 6187 6183
f 6194 6199 6187
f 6200 6199 6194
f 6200 6194 6195
f 6201 6200 6195
f 6201 6195 6196
f 6202 6197 6186
f 6202 6186 6190
f 6202 6190 6189
f 6202 6189 6201
f 6202 6201 6196
f 6202 6196 6197
f 6199 6191 6187
f 6199 6204 6191
f 6204 6198 6203
f 6204 6199 6198
f 6205 6192 6191
f 6205 6191 6204
f 6201 6189 6193
f 6201 6193 6206
f 6206 6193 6192
f 6206 6192 6205
f 6206 6205 6200
f 6206 6200 6201
f 6208 6203 6207
f 6208 6204 6203
f 6210 6198 6199
f 6210 6209 6198
f 6211 6199 6200
f 6211 6210 6199
f 6209 6203 6198
f 6209 6212 6203
f 6211 6200 6205
f 6211 6205 6214
f 6214 6205 6204
f 6214 6204 6213
f 6214 6213 6210
f 6214 6210 6211
f 6215 6203 6212
f 6215 6207 6203
f 6213 6204 6208
f 6213 6208 6216
f 6208 6207 6215
f 6208 6215 6216
f 6216 6215 6212
f 6216 6212 6213
f 6218 6209 6210
f 6218 6217 6209
f 6219 6209 6217
f 6219 6212 6209
f 6220 6218 6210
f 6220 6210 6213
f 6220 6213 6212
f 6220 6212 6219
f 6218 6221 6217
f 6218 6222 6221
f 6225 6217 6221
f 6225 6219 6217
f 6226 6222 6218
f 6226 6218 6220
f 6220 6219 6225
f 6220 6225 6226
f 6225 6221 6222
f 6225 6222 6226
f 6226 6223 6222
f 6226 6227 6223
f 6228 6223 6227
f 6228 6224 6223
f 6223 6231 6222
f 6223 6232 6231
f 6232 6229 6231
f 6232 6230 6229
f 6233 6223 6224
f 6233 6232 6223
f 6234 6222 6231
f 6234 6226 6222
f 6227 6226 6234
f 6227 6234 6235
f 6236 6233 6224
f 6236 6224 6228
f 6228 6227 6235
f 6228 6235 6236
f 6230 6237 6229
f 6230 6238 6237
f 6240 6229 6237
f 6240 6231 6229
f 6241 6238 6230
f 6241 6230 6232
f 6233 6241 6232
f 6233 6242 6241
f 6241 6239 6238
f 6241 6242 6239
f 6243 6231 6240
f 6243 6234 6231
f 6235 6234 6243
f 6235 6243 6244
f 6244 6243 6240
f 6244 6240 6241
f 6245 6242 6233
f 6245 6233 6236
f 6245 6236 6235
f 6245 6235 6244
f 6245 6244 6241
f 6245 6241 6242
f 6238 6246 6237
f 6238 6247 6246
f 6239 6247 6238
f 6239 6248 6247
f 6250 6237 6246
f 6250 6240 6237
f 6241 6240 6250
f 6241 6250 6251
f 6250 6246 6247
f 6250 6247 6251
f 6252 6248 6239
f 6252 6239 6242
f 6242 6241 6251
f 6242 6251 6252
f 6253 6248 6252
f 6253 6249 6248
f 6248 6254 6247
f 6248 6255 6254
f 6249 6255 6248
f 6249 6256 6255
f 6257 6247 6254
f 6257 6251 6247
f 6252 6251 6257
f 6252 6257 6258
f 6256 6249 6253
f 6256 6253 6259
f 6253 6252 6258
f 6253 6258 6259
f 6262 6254 6255
f 6262 6261 6254
f 6256 6262 6255
f 6256 6263 6262
f 6261 6257 6254
f 6261 6265 6257
f 6264 6261 6260
f 6264 6265 6261
f 6266 6258 6257
f 6266 6257 6265
f 6263 6256 6259
f 6263 6259 6267
f 6267 6259 6258
f 6267 6258 6266
f 6268 6266 6265
f 6268 6269 6266
f 6273 6260 6261
f 6273 6272 6260
f 6262 6273 6261
f 6262 6274 6273
f 6275 6262 6263
f 6275 6274 6262
f 6274 6271 6270
f 6274 6275 6271
f 6272 6264 6260
f 6272 6276 6264
f 6277 6265 6264
f 6277 6264 6276
f 6279 6275 6263
f 6279 6263 6267
f 6267 6266 6278
f 6267 6278 6279
f 6277 6268 6265
f 6277 6280 6268
f 6278 6266 6269
f 6278 6269 6281
f 6269 6268 6280
f 6269 6280 6281
f 6280 6277 6278
f 6280 6278 6281
f 6282 6278 6281
f 6282 6279 6278
f 6271 6283 6270
f 6271 6284 6283
f 6273 6285 6272
f 6273 6286 6285
f 6283 6274 6270
f 6283 6287 6274
f 6274 6286 6273
f 6274 6287 6286
f 6284 6271 6275
f 6284 6275 6288
f 6287 6283 6284
f 6287 6284 6288
f 6285 6276 6272
f 6285 6289 6276
f 6290 6277 6276
f 6290 6276 6289
f 6278 6277 6290
f 6278 6290 6291
f 6288 6275 6279
f 6288 6279 6292
f 6294 6289 6293
f 6294 6290 6289
f 6295 6278 6291
f 6295 6281 6278
f 6296 6292 6279
f 6296 6279 6282
f 6282 6281 6295
f 6282 6295 6296
f 6296 6295 6291
f 6296 6291 6292
f 6286 6297 6285
f 6286 6298 6297
f 6299 6286 6287
f 6299 6298 6286
f 6300 6287 6288
f 6300 6299 6287
f 6297 6289 6285
f 6297 6302 6289
f 6303 6302 6297
f 6303 6297 6298
f 6304 6291 6290
f 6304 6290 6303
f 6303 6298 6299
f 6303 6299 6304
f 6300 6288 6292
f 6300 6292 6305
f 6305 6292 6291
f 6305 6291 6304
f 6305 6304 6299
f 6305 6299 6300
f 6302 6293 6289
f 6302 6307 6293
f 6307 6301 6306
f 6307 6302 6301
f 6303 6290 6294
f 6303 6294 6308
f 6308 6294 6293
f 6308 6293 6307
f 6309 6303 6308
f 6309 6304 6303
f 6311 6301 6302
f 6311 6310 6301
f 6312 6302 6303
f 6312 6311 6302
f 6313 6303 6304
f 6313 6312 6303
f 6310 6306 6301
f 6310 6314 6306
f 6315 6307 6306
f 6315 6306 6314
f 6316 6308 6307
f 6316 6307 6315
f 6313 6304 6309
f 6313 6309 6317
f 6317 6309 6308
f 6317 6308 6316
f 6317 6316 6312
f 6317 6312 6313
f 6318 6315 6314
f 6318 6319 6315
f 6320 6315 6319
f 6320 6316 6315
f 6322 6310 6311
f 6322 6321 6310
f 6323 6311 6312
f 6323 6322 6311
f 6324 6310 6321
f 6324 6314 6310
f 6323 6312 6316
f 6323 6316 6326
f 6325 6322 6323
f 6325 6323 6326
f 6327 6314 6324
f 6327 6318 6314
f 6328 6319 6318
f 6328 6318 6327
f 6327 6324 6325
f 6327 6325 6328
f 6326 6316 6320
f 6326 6320 6329
f 6329 6320 6319
f 6329 6319 6328
f 6328 6325 6326
f 6328 6326 6329
f 6331 6321 6322
f 6331 6330 6321
f 6333 6321 6330
f 6333 6324 6321
f 6334 6331 6322
f 6334 6322 6325
f 6325 6324 6333
f 6325 6333 6334
f 6334 6332 6331
f 6334 6335 6332
f 6331 6336 6330
f 6331 6337 6336
f 6332 6337 6331
f 6332 6338 6337
f 6336 6333 6330
f 6336 6340 6333
f 6334 6333 6340
f 6334 6340 6341
f 6340 6336 6337
f 6340 6337 6341
f 6342 6338 6332
f 6342 6332 6335
f 6335 6334 6341
f 6335 6341 6342
f 6343 6338 6342
f 6343 6339 6338
f 6338 6347 6337
f 6338 6348 6347
f 6347 6345 6344
f 6347 6348 6345
f 6339 6348 6338
f 6339 6349 6348
f 6348 6346 6345
f 6348 6349 6346
f 6350 6337 6347
f 6350 6341 6337
f 6342 6341 6350
f 6342 6350 6351
f 6352 6349 6339
f 6352 6339 6343
f 6343 6342 6351
f 6343 6351 6352
f 6352 6351 6348
f 6352 6348 6349
f 6345 6353 6344
f 6345 6354 6353
f 6346 6354 6345
f 6346 6355 6354
f 6356 6344 6353
f 6356 6347 6344
f 6357 6356 6353
f 6357 6353 6354
f 6358 6355 6346
f 6358 6346 6349
f 6349 6348 6357
f 6349 6357 6358
f 6359 6347 6356
f 6359 6350 6347
f 6360 6357 6348
f 6360 6348 6351
f 6360 6351 6350
f 6360 6350 6359
f 6360 6359 6356
f 6360 6356 6357
f 6355 6361 6354
f 6355 6362 6361
f 6364 6354 6361
f 6364 6357 6354
f 6365 6362 6355
f 6365 6355 6358
f 6358 6357 6364
f 6358 6364 6365
f 6366 6362 6365
f 6366 6363 6362
f 6368 6361 6362
f 6368 6367 6361
f 6363 6368 6362
f 6363 6369 6368
f 6367 6364 6361
f 6367 6370 6364
f 6365 6364 6370
f 6365 6370 6371
f 6369 6363 6366
f 6369 6366 6372
f 6366 6365 6371
f 6366 6371 6372
f 6374 6371 6373
f 6374 6372 6371
f 6379 6367 6368
f 6379 6378 6367
f 6380 6368 6369
f 6380 6379 6368
f 6379 6376 6375
f 6379 6380 6376
f 6382 6367 6378
f 6382 6370 6367
f 6381 6378 6377
f 6381 6382 6378
f 6383 6371 6370
f 6383 6370 6382
f 6384 6380 6369
f 6384 6369 6372
f 6383 6373 6371
f 6383 6385 6373
f 6384 6372 6374
f 6384 6374 6386
f 6374 6373 6385
f 6374 6385 6386
f 6386 6385 6383
f 6386 6383 6384
f 6376 6387 6375
f 6376 6388 6387
f 6390 6377 6378
f 6390 6389 6377
f 6387 6379 6375
f 6387 6391 6379
f 6379 6390 6378
f 6379 6391 6390
f 6388 6376 6380
f 6388 6380 6392
f 6391 6387 6388
f 6391 6388 6392
f 6389 6381 6377
f 6389 6393 6381
f 6394 6382 6381
f 6394 6381 6393
f 6395 6383 6382
f 6395 6382 6394
f 6396 6392 6380
f 6396 6380 6384
f 6384 6383 6395
f 6384 6395 6396
f 6390 6397 6389
f 6390 6398 6397
f 6399 6390 6391
f 6399 6398 6390
f 6400 6391 6392
f 6400 6399 6391
f 6397 6393 6389
f 6397 6402 6393
f 6403 6394 6393
f 6403 6393 6402
f 6403 6402 6397
f 6403 6397 6398
f 6404 6395 6394
f 6404 6394 6403
f 6400 6392 6396
f 6400 6396 6405
f 6405 6396 6395
f 6405 6395 6404
f 6405 6404 6399
f 6405 6399 6400
f 6407 6401 6406
f 6407 6402 6401
f 6408 6402 6407
f 6408 6403 6402
f 6409 6403 6408
f 6409 6404 6403
f 6411 6398 6399
f 6411 6410 6398
f 6413 6401 6402
f 6413 6412 6401
f 6410 6403 6398
f 6410 6414 6403
f 6414 6402 6403
f 6414 6413 6402
f 6411 6399 6404
f 6411 6404 6415
f 6415 6414 6410
f 6415 6410 6411
f 6412 6406 6401
f 6412 6416 6406
f 6407 6406 6416
f 6407 6416 6417
f 6418 6408 6407
f 6418 6407 6417
f 6415 6404 6409
f 6415 6409 6419
f 6419 6409 6408
f 6419 6408 6418
f 6419 6418 6414
f 6419 6414 6415
f 6420 6417 6416
f 6420 6421 6417
f 6423 6412 6413
f 6423 6422 6412
f 6424 6413 6414
f 6424 6423 6413
f 6422 6416 6412
f 6422 6425 6416
f 6424 6414 6418
f 6424 6418 6427
f 6427 6418 6417
f 6427 6417 6426
f 6427 6426 6423
f 6427 6423 6424
f 6425 6420 6416
f 6425 6428 6420
f 6429 6426 6417
f 6429 6417 6421
f 6421 6420 6428
f 6421 6428 6429
f 6429 6428 6425
f 6429 6425 6426
f 6423 6430 6422
f 6423 6431 6430
f 6433 6422 6430
f 6433 6425 6422
f 6434 6431 6423
f 6434 6423 6426
f 6426 6425 6433
f 6426 6433 6434
f 6434 6432 6431
f 6434 6435 6432
f 6431 6436 6430
f 6431 6437 6436
f 6432 6437 6431
f 6432 6438 6437
f 6440 6430 6436
f 6440 6433 6430
f 6434 6433 6440
f 6434 6440 6441
f 6440 6436 6437
f 6440 6437 6441
f 6442 6438 6432
f 6442 6432 6435
f 6435 6434 6441
f 6435 6441 6442
f 6443 6438 6442
f 6443 6439 6438
f 6438 6447 6437
f 6438 6448 6447
f 6448 6444 6447
f 6448 6445 6444
f 6439 6448 6438
f 6439 6449 6448
f 6448 6446 6445
f 6448 6449 6446
f 6450 6437 6447
f 6450 6441 6437
f 6442 6441 6450
f 6442 6450 6451
f 6452 6449 6439
f 6452 6439 6443
f 6443 6442 6451
f 6443 6451 6452
f 6454 6444 6445
f 6454 6453 6444
f 6446 6454 6445
f 6446 6455 6454
f 6456 6444 6453
f 6456 6447 6444
f 6458 6455 6446
f 6458 6446 6449
f 6459 6447 6456
f 6459 6450 6447
f 6451 6450 6459
f 6451 6459 6460
f 6459 6456 6457
f 6459 6457 6460
f 6461 6458 6449
f 6461 6449 6452
f 6461 6452 6451
f 6461 6451 6460
f 6461 6460 6457
f 6461 6457 6458
f 6454 6462 6453
f 6454 6463 6462
f 6455 6463 6454
f 6455 6464 6463
f 6466 6453 6462
f 6466 6456 6453
f 6457 6456 6466
f 6457 6466 6467
f 6466 6462 6463
f 6466 6463 6467
f 6468 6464 6455
f 6468 6455 6458
f 6458 6457 6467
f 6458 6467 6468
f 6469 6464 6468
f 6469 6465 6464
f 6464 6470 6463
f 6464 6471 6470
f 6465 6471 6464
f 6465 6472 6471
f 6470 6467 6463
f 6470 6473 6467
f 6468 6467 6473
f 6468 6473 6474
f 6472 6465 6469
f 6472 6469 6475
f 6469 6468 6474
f 6469 6474 6475
f 6477 6473 6476
f 6477 6474 6473
f 6480 6470 6471
f 6480 6479 6470
f 6472 6480 6471
f 6472 6481 6480
f 6483 6470 6479
f 6483 6473 6470
f 6482 6479 6478
f 6482 6483 6479
f 6481 6472 6475
f 6481 6475 6485
f 6485 6475 6474
f 6485 6474 6484
f 6486 6473 6483
f 6486 6476 6473
f 6484 6474 6477
f 6484 6477 6487
f 6477 6476 6486
f 6477 6486 6487
f 6486 6483 6484
f 6486 6484 6487
f 6488 6484 6487
f 6488 6485 6484
f 6490 6478 6479
f 6490 6489 6478
f 6491 6479 6480
f 6491 6490 6479
f 6481 6491 6480
f 6481 6492 6491
f 6489 6482 6478
f 6489 6494 6482
f 6495 6483 6482
f 6495 6482 6494
f 6496 6484 6483
f 6496 6483 6495
f 6497 6492 6481
f 6497 6481 6485
f 6498 6492 6497
f 6498 6493 6492
f 6499 6484 6496
f 6499 6487 6484
f 6500 6497 6485
f 6500 6485 6488
f 6488 6487 6499
f 6488 6499 6500
f 6500 6499 6496
f 6500 6496 6497
f 6490 6501 6489
f 6490 6502 6501
f 6503 6490 6491
f 6503 6502 6490
f 6504 6491 6492
f 6504 6503 6491
f 6505 6492 6493
f 6505 6504 6492
f 6501 6494 6489
f 6501 6506 6494
f 6507 6495 6494
f 6507 6494 6506
f 6496 6495 6507
f 6496 6507 6508
f 6509 6497 6496
f 6509 6496 6508
f 6505 6493 6498
f 6505 6498 6510
f 6498 6497 6509
f 6498 6509 6510
f 6510 6509 6504
f 6510 6504 6505
f 6511 6507 6506
f 6511 6512 6507
f 6513 6507 6512
f 6513 6508 6507
f 6502 6514 6501
f 6502 6515 6514
f 6516 6502 6503
f 6516 6515 6502
f 6517 6503 6504
f 6517 6516 6503
f 6514 6506 6501
f 6514 6519 6506
f 6520 6519 6514
f 6520 6514 6515
f 6521 6520 6515
f 6521 6515 6516
f 6522 6517 6504
f 6522 6504 6509
f 6522 6509 6508
f 6522 6508 6521
f 6522 6521 6516
f 6522 6516 6517
f 6519 6511 6506
f 6519 6524 6511
f 6524 6518 6523
f 6524 6519 6518
f 6525 6512 6511
f 6525 6511 6524
f 6521 6508 6513
f 6521 6513 6526
f 6526 6513 6512
f 6526 6512 6525
f 6526 6525 6520
f 6526 6520 6521
f 6528 6523 6527
f 6528 6524 6523
f 6530 6518 6519
f 6530 6529 6518
f 6531 6519 6520
f 6531 6530 6519
f 6529 6523 6518
f 6529 6532 6523
f 6531 6520 6525
f 6531 6525 6534
f 6534 6525 6524
f 6534 6524 6533
f 6534 6533 6530
f 6534 6530 6531
f 6535 6523 6532
f 6535 6527 6523
f 6533 6524 6528
f 6533 6528 6536
f 6528 6527 6535
f 6528 6535 6536
f 6536 6535 6532
f 6536 6532 6533
f 6538 6529 6530
f 6538 6537 6529
f 6539 6529 6537
f 6539 6532 6529
f 6540 6538 6530
f 6540 6530 6533
f 6540 6533 6532
f 6540 6532 6539
f 6538 6541 6537
f 6538 6542 6541
f 6544 6537 6541
f 6544 6539 6537
f 6545 6542 6538
f 6545 6538 6540
f 6540 6539 6544
f 6540 6544 6545
f 6544 6541 6542
f 6544 6542 6545
f 6545 6543 6542
f 6545 6546 6543
f 6543 6549 6542
f 6543 6550 6549
f 6549 6548 6547
f 6549 6550 6548
f 6552 6542 6549
f 6552 6545 6542
f 6553 6550 6543
f 6553 6543 6546
f 6546 6545 6552
f 6546 6552 6553
f 6553 6551 6550
f 6553 6554 6551
f 6548 6555 6547
f 6548 6556 6555
f 6558 6547 6555
f 6558 6549 6547
f 6559 6556 6548
f 6559 6548 6550
f 6551 6559 6550
f 6551 6560 6559
f 6559 6557 6556
f 6559 6560 6557
f 6561 6549 6558
f 6561 6552 6549
f 6553 6552 6561
f 6553 6561 6562
f 6562 6561 6558
f 6562 6558 6559
f 6563 6560 6551
f 6563 6551 6554
f 6554 6553 6562
f 6554 6562 6563
f 6563 6562 6559
f 6563 6559 6560
f 6556 6564 6555
f 6556 6565 6564
f 6557 6565 6556
f 6557 6566 6565
f 6568 6555 6564
f 6568 6558 6555
f 6559 6558 6568
f 6559 6568 6569
f 6568 6564 6565
f 6568 6565 6569
f 6570 6566 6557
f 6570 6557 6560
f 6560 6559 6569
f 6560 6569 6570
f 6571 6566 6570
f 6571 6567 6566
f 6566 6572 6565
f 6566 6573 6572
f 6567 6573 6566
f 6567 6574 6573
f 6575 6565 6572
f 6575 6569 6565
f 6570 6569 6575
f 6570 6575 6576
f 6574 6567 6571
f 6574 6571 6577
f 6571 6570 6576
f 6571 6576 6577
f 6580 6572 6573
f 6580 6579 6572
f 6574 6580 6573
f 6574 6581 6580
f 6579 6575 6572
f 6579 6583 6575
f 6582 6579 6578
f 6582 6583 6579
f 6584 6576 6575
f 6584 6575 6583
f 6581 6574 6577
f 6581 6577 6585
f 6585 6577 6576
f 6585 6576 6584
f 6586 6584 6583
f 6586 6587 6584
f 6591 6578 6579
f 6591 6590 6578
f 6580 6591 6579
f 6580 6592 6591
f 6581 6592 6580
f 6581 6593 6592
f 6592 6589 6588
f 6592 6593 6589
f 6590 6582 6578
f 6590 6595 6582
f 6596 6583 6582
f 6596 6582 6595
f 6598 6593 6581
f 6598 6581 6585
f 6585 6584 6597
f 6585 6597 6598
f 6599 6593 6598
f 6599 6594 6593
f 6596 6586 6583
f 6596 6600 6586
f 6597 6584 6587
f 6597 6587 6601
f 6587 6586 6600
f 6587 6600 6601
f 6600 6596 6597
f 6600 6597 6601
f 6602 6597 6601
f 6602 6598 6597
f 6589 6603 6588
f 6589 6604 6603
f 6591 6605 6590
f 6591 6606 6605
f 6603 6592 6588
f 6603 6607 6592
f 6592 6606 6591
f 6592 6607 6606
f 6604 6589 6593
f 6604 6593 6608
f 6607 6603 6604
f 6607 6604 6608
f 6594 6608 6593
f 6594 6609 6608
f 6605 6595 6590
f 6605 6610 6595
f 6596 6595 6610
f 6596 6610 6611
f 6597 6596 6611
f 6597 6611 6612
f 6609 6594 6599
f 6609 6599 6614
f 6599 6598 6613
f 6599 6613 6614
f 6614 6613 6608
f 6614 6608 6609
f 6616 6610 6615
f 6616 6611 6610
f 6617 6597 6612
f 6617 6601 6597
f 6618 6613 6598
f 6618 6598 6602
f 6602 6601 6617
f 6602 6617 6618
f 6618 6617 6612
f 6618 6612 6613
f 6606 6619 6605
f 6606 6620 6619
f 6621 6606 6607
f 6621 6620 6606
f 6622 6607 6608
f 6622 6621 6607
f 6619 6610 6605
f 6619 6624 6610
f 6625 6624 6619
f 6625 6619 6620
f 6626 6612 6611
f 6626 6611 6625
f 6625 6620 6621
f 6625 6621 6626
f 6622 6608 6613
f 6622 6613 6627
f 6627 6613 6612
f 6627 6612 6626
f 6627 6626 6621
f 6627 6621 6622
f 6624 6615 6610
f 6624 6629 6615
f 6629 6623 6628
f 6629 6624 6623
f 6625 6611 6616
f 6625 6616 6630
f 6630 6616 6615
f 6630 6615 6629
f 6631 6625 6630
f 6631 6626 6625
f 6633 6623 6624
f 6633 6632 6623
f 6634 6624 6625
f 6634 6633 6624
f 6635 6625 6626
f 6635 6634 6625
f 6632 6628 6623
f 6632 6636 6628
f 6637 6629 6628
f 6637 6628 6636
f 6638 6630 6629
f 6638 6629 6637
f 6635 6626 6631
f 6635 6631 6639
f 6639 6631 6630
f 6639 6630 6638
f 6639 6638 6634
f 6639 6634 6635
f 6640 6637 6636
f 6640 6641 6637
f 6642 6637 6641
f 6642 6638 6637
f 6644 6632 6633
f 6644 6643 6632
f 6645 6633 6634
f 6645 6644 6633
f 6646 6632 6643
f 6646 6636 6632
f 6645 6634 6638
f 6645 6638 6648
f 6647 6644 6645
f 6647 6645 6648
f 6649 6636 6646
f 6649 6640 6636
f 6650 6641 6640
f 6650 6640 6649
f 6649 6646 6647
f 6649 6647 6650
f 6648 6638 6642
f 6648 6642 6651
f 6651 6642 6641
f 6651 6641 6650
f 6650 6647 6648
f 6650 6648 6651
f 6653 6643 6644
f 6653 6652 6643
f 6655 6643 6652
f 6655 6646 6643
f 6656 6653 6644
f 6656 6644 6647
f 6647 6646 6655
f 6647 6655 6656
f 6656 6654 6653
f 6656 6657 6654
f 6653 6658 6652
f 6653 6659 6658
f 6654 6659 6653
f 6654 6660 6659
f 6658 6655 6652
f 6658 6662 6655
f 6656 6655 6662
f 6656 6662 6663
f 6662 6658 6659
f 6662 6659 6663
f 6664 6660 6654
f 6664 6654 6657
f 6657 6656 6663
f 6657 6663 6664
f 6665 6660 6664
f 6665 6661 6660
f 6660 6669 6659
f 6660 6670 6669
f 6669 6667 6666
f 6669 6670 6667
f 6661 6670 6660
f 6661 6671 6670
f 6670 6668 6667
f 6670 6671 6668
f 6672 6659 6669
f 6672 6663 6659
f 6664 6663 6672
f 6664 6672 6673
f 6674 6671 6661
f 6674 6661 6665
f 6665 6664 6673
f 6665 6673 6674
f 6674 6673 6670
f 6674 6670 6671
f 6667 6675 6666
f 6667 6676 6675
f 6668 6676 6667
f 6668 6677 6676
f 6678 6666 6675
f 6678 6669 6666
f 6679 6678 6675
f 6679 6675 6676
f 6680 6677 6668
f 6680 6668 6671
f 6671 6670 6679
f 6671 6679 6680
f 6681 6669 6678
f 6681 6672 6669
f 6682 6679 6670
f 6682 6670 6673
f 6682 6673 6672
f 6682 6672 6681
f 6682 6681 6678
f 6682 6678 6679
f 6677 6683 6676
f 6677 6684 6683
f 6686 6676 6683
f 6686 6679 6676
f 6687 6684 6677
f 6687 6677 6680
f 6680 6679 6686
f 6680 6686 6687
f 6688 6684 6687
f 6688 6685 6684
f 6690 6683 6684
f 6690 6689 6683
f 6685 6690 6684
f 6685 6691 6690
f 6692 6683 6689
f 6692 6686 6683
f 6687 6686 6692
f 6687 6692 6693
f 6691 6685 6688
f 6691 6688 6694
f 6688 6687 6693
f 6688 6693 6694
f 6696 6693 6695
f 6696 6694 6693
f 6701 6689 6690
f 6701 6700 6689
f 6702 6690 6691
f 6702 6701 6690
f 6701 6698 6697
f 6701 6702 6698
f 6704 6689 6700
f 6704 6692 6689
f 6703 6700 6699
f 6703 6704 6700
f 6705 6693 6692
f 6705 6692 6704
f 6706 6702 6691
f 6706 6691 6694
f 6705 6695 6693
f 6705 6707 6695
f 6706 6694 6696
f 6706 6696 6708
f 6696 6695 6707
f 6696 6707 6708
f 6708 6707 6705
f 6708 6705 6706
f 6698 6709 6697
f 6698 6710 6709
f 6712 6699 6700
f 6712 6711 6699
f 6709 6701 6697
f 6709 6713 6701
f 6701 6712 6700
f 6701 6713 6712
f 6710 6698 6702
f 6710 6702 6714
f 6713 6709 6710
f 6713 6710 6714
f 6711 6703 6699
f 6711 6715 6703
f 6716 6704 6703
f 6716 6703 6715
f 6717 6705 6704
f 6717 6704 6716
f 6718 6714 6702
f 6718 6702 6706
f 6706 6705 6717
f 6706 6717 6718
f 6712 6719 6711
f 6712 6720 6719
f 6721 6712 6713
f 6721 6720 6712
f 6722 6713 6714
f 6722 6721 6713
f 6719 6715 6711
f 6719 6724 6715
f 6725 6716 6715
f 6725 6715 6724
f 6725 6724 6719
f 6725 6719 6720
f 6726 6717 6716
f 6726 6716 6725
f 6722 6714 6718
f 6722 6718 6727
f 6727 6718 6717
f 6727 6717 6726
f 6727 6726 6721
f 6727 6721 6722
f 6729 6723 6728
f 6729 6724 6723
f 6730 6724 6729
f 6730 6725 6724
f 6731 6725 6730
f 6731 6726 6725
f 6733 6720 6721
f 6733 6732 6720
f 6735 6723 6724
f 6735 6734 6723
f 6732 6725 6720
f 6732 6736 6725
f 6736 6724 6725
f 6736 6735 6724
f 6733 6721 6726
f 6733 6726 6737
f 6737 6736 6732
f 6737 6732 6733
f 6734 6728 6723
f 6734 6738 6728
f 6729 6728 6738
f 6729 6738 6739
f 6740 6730 6729
f 6740 6729 6739
f 6737 6726 6731
f 6737 6731 6741
f 6741 6731 6730
f 6741 6730 6740
f 6741 6740 6736
f 6741 6736 6737
f 6742 6739 6738
f 6742 6743 6739
f 6745 6734 6735
f 6745 6744 6734
f 6746 6735 6736
f 6746 6745 6735
f 6744 6738 6734
f 6744 6747 6738
f 6747 6744 6745
f 6747 6745 6748
f 6746 6736 6740
f 6746 6740 6749
f 6749 6740 6739
f 6749 6739 6748
f 6749 6748 6745
f 6749 6745 6746
f 6747 6742 6738
f 6747 6750 6742
f 6748 6739 6743
f 6748 6743 6751
f 6743 6742 6750
f 6743 6750 6751
f 6751 6750 6747
f 6751 6747 6748
f 6755 6753 6752
f 6755 6756 6753
f 6756 6754 6753
f 6756 6757 6754
f 6753 6758 6752
f 6753 6759 6758
f 6754 6759 6753
f 6754 6760 6759
f 6758 6755 6752
f 6758 6762 6755
f 6756 6755 6762
f 6756 6762 6763
f 6762 6758 6759
f 6762 6759 6763
f 6764 6760 6754
f 6764 6754 6757
f 6757 6756 6763
f 6757 6763 6764
f 6765 6760 6764
f 6765 6761 6760
f 6760 6769 6759
f 6760 6770 6769
f 6770 6766 6769
f 6770 6767 6766
f 6761 6770 6760
f 6761 6771 6770
f 6770 6768 6767
f 6770 6771 6768
f 6772 6759 6769
f 6772 6763 6759
f 6764 6763 6772
f 6764 6772 6773
f 6774 6771 6761
f 6774 6761 6765
f 6765 6764 6773
f 6765 6773 6774
f 6776 6766 6767
f 6776 6775 6766
f 6768 6776 6767
f 6768 6777 6776
f 6778 6766 6775
f 6778 6769 6766
f 6780 6777 6768
f 6780 6768 6771
f 6781 6769 6778
f 6781 6772 6769
f 6773 6772 6781
f 6773 6781 6782
f 6781 6778 6779
f 6781 6779 6782
f 6783 6780 6771
f 6783 6771 6774
f 6783 6774 6773
f 6783 6773 6782
f 6783 6782 6779
f 6783 6779 6780
f 6776 6784 6775
f 6776 6785 6784
f 6777 6785 6776
f 6777 6786 6785
f 6788 6775 6784
f 6788 6778 6775
f 6779 6778 6788
f 6779 6788 6789
f 6788 6784 6785
f 6788 6785 6789
f 6790 6786 6777
f 6790 6777 6780
f 6780 6779 6789
f 6780 6789 6790
f 6791 6786 6790
f 6791 6787 6786
f 6786 6792 6785
f 6786 6793 6792
f 6787 6793 6786
f 6787 6794 6793
f 6792 6789 6785
f 6792 6795 6789
f 6790 6789 6795
f 6790 6795 6796
f 6794 6787 6791
f 6794 6791 6797
f 6791 6790 6796
f 6791 6796 6797
f 6799 6795 6798
f 6799 6796 6795
f 6802 6792 6793
f 6802 6801 6792
f 6794 6802 6793
f 6794 6803 6802
f 6805 6792 6801
f 6805 6795 6792
f 6804 6801 6800
f 6804 6805 6801
f 6803 6794 6797
f 6803 6797 6807
f 6807 6797 6796
f 6807 6796 6806
f 6808 6795 6805
f 6808 6798 6795
f 6806 6796 6799
f 6806 6799 6809
f 6799 6798 6808
f 6799 6808 6809
f 6808 6805 6806
f 6808 6806 6809
f 6810 6806 6809
f 6810 6807 6806
f 6812 6800 6801
f 6812 6811 6800
f 6813 6801 6802
f 6813 6812 6801
f 6803 6813 6802
f 6803 6814 6813
f 6811 6804 6800
f 6811 6816 6804
f 6817 6805 6804
f 6817 6804 6816
f 6818 6806 6805
f 6818 6805 6817
f 6819 6814 6803
f 6819 6803 6807
f 6820 6814 6819
f 6820 6815 6814
f 6821 6806 6818
f 6821 6809 6806
f 6822 6819 6807
f 6822 6807 6810
f 6810 6809 6821
f 6810 6821 6822
f 6822 6821 6818
f 6822 6818 6819
f 6812 6823 6811
f 6812 6824 6823
f 6813 6824 6812
f 6813 6825 6824
f 6826 6813 6814
f 6826 6825 6813
f 6827 6814 6815
f 6827 6826 6814
f 6823 6816 6811
f 6823 6828 6816
f 6829 6817 6816
f 6829 6816 6828
f 6818 6817 6829
f 6818 6829 6830
f 6831 6819 6818
f 6831 6818 6830
f 6827 6815 6820
f 6827 6820 6832
f 6820 6819 6831
f 6820 6831 6832
f 6832 6831 6826
f 6832 6826 6827
f 6833 6829 6828
f 6833 6834 6829
f 6835 6829 6834
f 6835 6830 6829
f 6824 6836 6823
f 6824 6837 6836
f 6838 6824 6825
f 6838 6837 6824
f 6839 6825 6826
f 6839 6838 6825
f 6836 6828 6823
f 6836 6841 6828
f 6842 6841 6836
f 6842 6836 6837
f 6843 6842 6837
f 6843 6837 6838
f 6844 6839 6826
f 6844 6826 6831
f 6844 6831 6830
f 6844 6830 6843
f 6844 6843 6838
f 6844 6838 6839
f 6841 6833 6828
f 6841 6846 6833
f 6846 6840 6845
f 6846 6841 6840
f 6847 6834 6833
f 6847 6833 6846
f 6843 6830 6835
f 6843 6835 6848
f 6848 6835 6834
f 6848 6834 6847
f 6848 6847 6842
f 6848 6842 6843
f 6850 6845 6849
f 6850 6846 6845
f 6852 6840 6841
f 6852 6851 6840
f 6853 6841 6842
f 6853 6852 6841
f 6851 6845 6840
f 6851 6854 6845
f 6853 6842 6847
f 6853 6847 6856
f 6856 6847 6846
f 6856 6846 6855
f 6856 6855 6852
f 6856 6852 6853
f 6857 6845 6854
f 6857 6849 6845
f 6855 6846 6850
f 6855 6850 6858
f 6850 6849 6857
f 6850 6857 6858
f 6858 6857 6854
f 6858 6854 6855
f 6860 6851 6852
f 6860 6859 6851
f 6861 6851 6859
f 6861 6854 6851
f 6862 6860 6852
f 6862 6852 6855
f 6862 6855 6854
f 6862 6854 6861
f 6860 6863 6859
f 6860 6864 6863
f 6866 6859 6863
f 6866 6861 6859
f 6867 6864 6860
f 6867 6860 6862
f 6862 6861 6866
f 6862 6866 6867
f 6866 6863 6864
f 6866 6864 6867
f 6867 6865 6864
f 6867 6868 6865
f 6865 6871 6864
f 6865 6872 6871
f 6871 6870 6869
f 6871 6872 6870
f 6874 6864 6871
f 6874 6867 6864
f 6875 6872 6865
f 6875 6865 6868
f 6868 6867 6874
f 6868 6874 6875
f 6875 6873 6872
f 6875 6876 6873
f 6870 6877 6869
f 6870 6878 6877
f 6880 6869 6877
f 6880 6871 6869
f 6881 6878 6870
f 6881 6870 6872
f 6873 6881 6872
f 6873 6882 6881
f 6881 6879 6878
f 6881 6882 6879
f 6883 6871 6880
f 6883 6874 6871
f 6875 6874 6883
f 6875 6883 6884
f 6884 6883 6880
f 6884 6880 6881
f 6885 6882 6873
f 6885 6873 6876
f 6876 6875 6884
f 6876 6884 6885
f 6885 6884 6881
f 6885 6881 6882
f 6878 6886 6877
f 6878 6887 6886
f 6879 6887 6878
f 6879 6888 6887
f 6890 6877 6886
f 6890 6880 6877
f 6881 6880 6890
f 6881 6890 6891
f 6890 6886 6887
f 6890 6887 6891
f 6892 6888 6879
f 6892 6879 6882
f 6882 6881 6891
f 6882 6891 6892
f 6893 6888 6892
f 6893 6889 6888
f 6888 6894 6887
f 6888 6895 6894
f 6889 6895 6888
f 6889 6896 6895
f 6897 6887 6894
f 6897 6891 6887
f 6892 6891 6897
f 6892 6897 6898
f 6896 6889 6893
f 6896 6893 6899
f 6893 6892 6898
f 6893 6898 6899
f 6901 6894 6895
f 6901 6900 6894
f 6896 6901 6895
f 6896 6902 6901
f 6900 6897 6894
f 6900 6903 6897
f 6898 6897 6903
f 6898 6903 6904
f 6902 6896 6899
f 6902 6899 6905
f 6905 6899 6898
f 6905 6898 6904
f 6906 6904 6903
f 6906 6907 6904
f 6901 6911 6900
f 6901 6912 6911
f 6902 6912 6901
f 6902 6913 6912
f 6912 6909 6908
f 6912 6913 6909
f 6916 6900 6911
f 6916 6903 6900
f 6915 6911 6910
f 6915 6916 6911
f 6918 6913 6902
f 6918 6902 6905
f 6905 6904 6917
f 6905 6917 6918
f 6919 6913 6918
f 6919 6914 6913
f 6920 6903 6916
f 6920 6906 6903
f 6917 6904 6907
f 6917 6907 6921
f 6907 6906 6920
f 6907 6920 6921
f 6920 6916 6917
f 6920 6917 6921
f 6922 6917 6921
f 6922 6918 6917
f 6909 6923 6908
f 6909 6924 6923
f 6926 6910 6911
f 6926 6925 6910
f 6923 6912 6908
f 6923 6927 6912
f 6912 6926 6911
f 6912 6927 6926
f 6924 6909 6913
f 6924 6913 6928
f 6927 6923 6924
f 6927 6924 6928
f 6914 6928 6913
f 6914 6929 6928
f 6925 6915 6910
f 6925 6930 6915
f 6931 6916 6915
f 6931 6915 6930
f 6917 6916 6931
f 6917 6931 6932
f 6929 6914 6919
f 6929 6919 6934
f 6919 6918 6933
f 6919 6933 6934
f 6934 6933 6928
f 6934 6928 6929
f 6936 6930 6935
f 6936 6931 6930
f 6937 6917 6932
f 6937 6921 6917
f 6938 6933 6918
f 6938 6918 6922
f 6922 6921 6937
f 6922 6937 6938
f 6938 6937 6932
f 6938 6932 6933
f 6926 6939 6925
f 6926 6940 6939
f 6941 6926 6927
f 6941 6940 6926
f 6942 6927 6928
f 6942 6941 6927
f 6939 6930 6925
f 6939 6944 6930
f 6945 6944 6939
f 6945 6939 6940
f 6946 6932 6931
f 6946 6931 6945
f 6945 6940 6941
f 6945 6941 6946
f 6942 6928 6933
f 6942 6933 6947
f 6947 6933 6932
f 6947 6932 6946
f 6947 6946 6941
f 6947 6941 6942
f 6944 6935 6930
f 6944 6949 6935
f 6949 6943 6948
f 6949 6944 6943
f 6945 6931 6936
f 6945 6936 6950
f 6950 6936 6935
f 6950 6935 6949
f 6951 6945 6950
f 6951 6946 6945
f 6953 6943 6944
f 6953 6952 6943
f 6954 6944 6945
f 6954 6953 6944
f 6955 6945 6946
f 6955 6954 6945
f 6952 6948 6943
f 6952 6956 6948
f 6957 6949 6948
f 6957 6948 6956
f 6958 6950 6949
f 6958 6949 6957
f 6955 6946 6951
f 6955 6951 6959
f 6959 6951 6950
f 6959 6950 6958
f 6959 6958 6954
f 6959 6954 6955
f 6960 6957 6956
f 6960 6961 6957
f 6962 6957 6961
f 6962 6958 6957
f 6964 6952 6953
f 6964 6963 6952
f 6965 6953 6954
f 6965 6964 6953
f 6966 6952 6963
f 6966 6956 6952
f 6965 6954 6958
f 6965 6958 6968
f 6967 6964 6965
f 6967 6965 6968
f 6969 6956 6966
f 6969 6960 6956
f 6970 6961 6960
f 6970 6960 6969
f 6969 6966 6967
f 6969 6967 6970
f 6968 6958 6962
f 6968 6962 6971
f 6971 6962 6961
f 6971 6961 6970
f 6970 6967 6968
f 6970 6968 6971
f 6973 6963 6964
f 6973 6972 6963
f 6975 6963 6972
f 6975 6966 6963
f 6976 6973 6964
f 6976 6964 6967
f 6967 6966 6975
f 6967 6975 6976
f 6976 6974 6973
f 6976 6977 6974
f 6973 6978 6972
f 6973 6979 6978
f 6974 6979 6973
f 6974 6980 6979
f 6978 6975 6972
f 6978 6982 6975
f 6976 6975 6982
f 6976 6982 6983
f 6982 6978 6979
f 6982 6979 6983
f 6984 6980 6974
f 6984 6974 6977
f 6977 6976 6983
f 6977 6983 6984
f 6985 6980 6984
f 6985 6981 6980
f 6980 6989 6979
f 6980 6990 6989
f 6989 6987 6986
f 6989 6990 6987
f 6981 6990 6980
f 6981 6991 6990
f 6990 6988 6987
f 6990 6991 6988
f 6992 6979 6989
f 6992 6983 6979
f 6984 6983 6992
f 6984 6992 6993
f 6994 6991 6981
f 6994 6981 6985
f 6985 6984 6993
f 6985 6993 6994
f 6994 6993 6990
f 6994 6990 6991
f 6987 6995 6986
f 6987 6996 6995
f 6988 6996 6987
f 6988 6997 6996
f 6998 6986 6995
f 6998 6989 6986
f 6999 6998 6995
f 6999 6995 6996
f 7000 6997 6988
f 7000 6988 6991
f 6991 6990 6999
f 6991 6999 7000
f 7001 6989 6998
f 7001 6992 6989
f 7002 6999 6990
f 7002 6990 6993
f 7002 6993 6992
f 7002 6992 7001
f 7002 7001 6998
f 7002 6998 6999
f 6997 7003 6996
f 6997 7004 7003
f 7006 6996 7003
f 7006 6999 6996
f 7007 7004 6997
f 7007 6997 7000
f 7000 6999 7006
f 7000 7006 7007
f 7008 7004 7007
f 7008 7005 7004
f 7010 7003 7004
f 7010 7009 7003
f 7005 7010 7004
f 7005 7011 7010
f 7012 7003 7009
f 7012 7006 7003
f 7007 7006 7012
f 7007 7012 7013
f 7011 7005 7008
f 7011 7008 7014
f 7008 7007 7013
f 7008 7013 7014
f 7016 7013 7015
f 7016 7014 7013
f 7021 7009 7010
f 7021 7020 7009
f 7022 7010 7011
f 7022 7021 7010
f 7021 7018 7017
f 7021 7022 7018
f 7024 7009 7020
f 7024 7012 7009
f 7023 7020 7019
f 7023 7024 7020
f 7025 7013 7012
f 7025 7012 7024
f 7026 7022 7011
f 7026 7011 7014
f 7027 7013 7025
f 7027 7015 7013
f 7026 7014 7016
f 7026 7016 7028
f 7016 7015 7027
f 7016 7027 7028
f 7028 7027 7025
f 7028 7025 7026
f 7018 7029 7017
f 7018 7030 7029
f 7032 7019 7020
f 7032 7031 7019
f 7029 7021 7017
f 7029 7033 7021
f 7021 7032 7020
f 7021 7033 7032
f 7030 7018 7022
f 7030 7022 7034
f 7033 7029 7030
f 7033 7030 7034
f 7031 7023 7019
f 7031 7035 7023
f 7036 7024 7023
f 7036 7023 7035
f 7037 7025 7024
f 7037 7024 7036
f 7038 7034 7022
f 7038 7022 7026
f 7026 7025 7037
f 7026 7037 7038
f 7032 7039 7031
f 7032 7040 7039
f 7041 7032 7033
f 7041 7040 7032
f 7042 7033 7034
f 7042 7041 7033
f 7039 7035 7031
f 7039 7044 7035
f 7045 7036 7035
f 7045 7035 7044
f 7045 7044 7039
f 7045 7039 7040
f 7046 7037 7036
f 7046 7036 7045
f 7042 7034 7038
f 7042 7038 7047
f 7047 7038 7037
f 7047 7037 7046
f 7047 7046 7041
f 7047 7041 7042
f 7049 7043 7048
f 7049 7044 7043
f 7050 7044 7049
f 7050 7045 7044
f 7051 7045 7050
f 7051 7046 7045
f 7053 7040 7041
f 7053 7052 7040
f 7055 7043 7044
f 7055 7054 7043
f 7052 7045 7040
f 7052 7056 7045
f 7056 7044 7045
f 7056 7055 7044
f 7053 7041 7046
f 7053 7046 7057
f 7057 7056 7052
f 7057 7052 7053
f 7054 7048 7043
f 7054 7058 7048
f 7049 7048 7058
f 7049 7058 7059
f 7060 7050 7049
f 7060 7049 7059
f 7057 7046 7051
f 7057 7051 7061
f 7061 7051 7050
f 7061 7050 7060
f 7061 7060 7056
f 7061 7056 7057
f 7062 7059 7058
f 7062 7063 7059
f 7065 7054 7055
f 7065 7064 7054
f 7066 7055 7056
f 7066 7065 7055
f 7064 7058 7054
f 7064 7067 7058
f 7067 7064 7065
f 7067 7065 7068
f 7066 7056 7060
f 7066 7060 7069
f 7069 7060 7059
f 7069 7059 7068
f 7069 7068 7065
f 7069 7065 7066
f 7067 7062 7058
f 7067 7070 7062
f 7068 7059 7063
f 7068 7063 7071
f 7063 7062 7070
f 7063 7070 7071
f 7071 7070 7067
f 7071 7067 7068
f 7075 7073 7072
f 7075 7076 7073
f 7076 7074 7073
f 7076 7077 7074
f 7073 7078 7072
f 7073 7079 7078
f 7074 7079 7073
f 7074 7080 7079
f 7078 7075 7072
f 7078 7082 7075
f 7076 7075 7082
f 7076 7082 7083
f 7082 7078 7079
f 7082 7079 7083
f 7084 7080 7074
f 7084 7074 7077
f 7077 7076 7083
f 7077 7083 7084
f 7085 7080 7084
f 7085 7081 7080
f 7080 7089 7079
f 7080 7090 7089
f 7090 7086 7089
f 7090 7087 7086
f 7081 7090 7080
f 7081 7091 7090
f 7090 7088 7087
f 7090 7091 7088
f 7092 7079 7089
f 7092 7083 7079
f 7084 7083 7092
f 7084 7092 7093
f 7094 7091 7081
f 7094 7081 7085
f 7085 7084 7093
f 7085 7093 7094
f 7096 7086 7087
f 7096 7095 7086
f 7088 7096 7087
f 7088 7097 7096
f 7098 7086 7095
f 7098 7089 7086
f 7100 7097 7088
f 7100 7088 7091
f 7101 7089 7098
f 7101 7092 7089
f 7093 7092 7101
f 7093 7101 7102
f 7101 7098 7099
f 7101 7099 7102
f 7103 7100 7091
f 7103 7091 7094
f 7103 7094 7093
f 7103 7093 7102
f 7103 7102 7099
f 7103 7099 7100
f 7096 7104 7095
f 7096 7105 7104
f 7097 7105 7096
f 7097 7106 7105
f 7108 7095 7104
f 7108 7098 7095
f 7099 7098 7108
f 7099 7108 7109
f 7108 7104 7105
f 7108 7105 7109
f 7110 7106 7097
f 7110 7097 7100
f 7100 7099 7109
f 7100 7109 7110
f 7111 7106 7110
f 7111 7107 7106
f 7106 7112 7105
f 7106 7113 7112
f 7107 7113 7106
f 7107 7114 7113
f 7112 7109 7105
f 7112 7115 7109
f 7110 7109 7115
f 7110 7115 7116
f 7114 7107 7111
f 7114 7111 7117
f 7111 7110 7116
f 7111 7116 7117
f 7119 7115 7118
f 7119 7116 7115
f 7122 7112 7113
f 7122 7121 7112
f 7114 7122 7113
f 7114 7123 7122
f 7125 7112 7121
f 7125 7115 7112
f 7124 7121 7120
f 7124 7125 7121
f 7123 7114 7117
f 7123 7117 7127
f 7127 7117 7116
f 7127 7116 7126
f 7128 7115 7125
f 7128 7118 7115
f 7126 7116 7119
f 7126 7119 7129
f 7119 7118 7128
f 7119 7128 7129
f 7128 7125 7126
f 7128 7126 7129
f 7130 7126 7129
f 7130 7127 7126
f 7132 7120 7121
f 7132 7131 7120
f 7133 7121 7122
f 7133 7132 7121
f 7123 7133 7122
f 7123 7134 7133
f 7131 7124 7120
f 7131 7136 7124
f 7137 7125 7124
f 7137 7124 7136
f 7138 7126 7125
f 7138 7125 7137
f 7139 7134 7123
f 7139 7123 7127
f 7140 7134 7139
f 7140 7135 7134
f 7141 7126 7138
f 7141 7129 7126
f 7142 7139 7127
f 7142 7127 7130
f 7130 7129 7141
f 7130 7141 7142
f 7142 7141 7138
f 7142 7138 7139
f 7132 7143 7131
f 7132 7144 7143
f 7133 7144 7132
f 7133 7145 7144
f 7146 7133 7134
f 7146 7145 7133
f 7147 7134 7135
f 7147 7146 7134
f 7143 7136 7131
f 7143 7148 7136
f 7149 7137 7136
f 7149 7136 7148
f 7138 7137 7149
f 7138 7149 7150
f 7151 7139 7138
f 7151 7138 7150
f 7147 7135 7140
f 7147 7140 7152
f 7140 7139 7151
f 7140 7151 7152
f 7152 7151 7146
f 7152 7146 7147
f 7153 7149 7148
f 7153 7154 7149
f 7155 7149 7154
f 7155 7150 7149
f 7144 7156 7143
f 7144 7157 7156
f 7158 7144 7145
f 7158 7157 7144
f 7159 7145 7146
f 7159 7158 7145
f 7156 7148 7143
f 7156 7161 7148
f 7162 7161 7156
f 7162 7156 7157
f 7163 7162 7157
f 7163 7157 7158
f 7164 7159 7146
f 7164 7146 7151
f 7164 7151 7150
f 7164 7150 7163
f 7164 7163 7158
f 7164 7158 7159
f 7161 7153 7148
f 7161 7166 7153
f 7166 7160 7165
f 7166 7161 7160
f 7167 7154 7153
f 7167 7153 7166
f 7163 7150 7155
f 7163 7155 7168
f 7168 7155 7154
f 7168 7154 7167
f 7168 7167 7162
f 7168 7162 7163
f 7170 7160 7161
f 7170 7169 7160
f 7171 7161 7162
f 7171 7170 7161
f 7169 7165 7160
f 7169 7172 7165
f 7173 7166 7165
f 7173 7165 7172
f 7171 7162 7167
f 7171 7167 7174
f 7174 7167 7166
f 7174 7166 7173
f 7174 7173 7170
f 7174 7170 7171
f 7176 7169 7170
f 7176 7175 7169
f 7177 7169 7175
f 7177 7172 7169
f 7178 7176 7170
f 7178 7170 7173
f 7178 7173 7172
f 7178 7172 7177
f 7176 7179 7175
f 7176 7180 7179
f 7182 7175 7179
f 7182 7177 7175
f 7183 7180 7176
f 7183 7176 7178
f 7178 7177 7182
f 7178 7182 7183
f 7182 7179 7180
f 7182 7180 7183
f 7183 7181 7180
f 7183 7184 7181
f 7181 7187 7180
f 7181 7188 7187
f 7187 7186 7185
f 7187 7188 7186
f 7190 7180 7187
f 7190 7183 7180
f 7191 7188 7181
f 7191 7181 7184
f 7184 7183 7190
f 7184 7190 7191
f 7191 7189 7188
f 7191 7192 7189
f 7186 7193 7185
f 7186 7194 7193
f 7196 7185 7193
f 7196 7187 7185
f 7197 7194 7186
f 7197 7186 7188
f 7189 7197 7188
f 7189 7198 7197
f 7197 7195 7194
f 7197 7198 7195
f 7199 7187 7196
f 7199 7190 7187
f 7191 7190 7199
f 7191 7199 7200
f 7200 7199 7196
f 7200 7196 7197
f 7201 7198 7189
f 7201 7189 7192
f 7192 7191 7200
f 7192 7200 7201
f 7201 7200 7197
f 7201 7197 7198
f 7194 7202 7193
f 7194 7203 7202
f 7195 7203 7194
f 7195 7204 7203
f 7206 7193 7202
f 7206 7196 7193
f 7197 7196 7206
f 7197 7206 7207
f 7206 7202 7203
f 7206 7203 7207
f 7208 7204 7195
f 7208 7195 7198
f 7198 7197 7207
f 7198 7207 7208
f 7209 7204 7208
f 7209 7205 7204
f 7204 7210 7203
f 7204 7211 7210
f 7205 7211 7204
f 7205 7212 7211
f 7213 7203 7210
f 7213 7207 7203
f 7208 7207 7213
f 7208 7213 7214
f 7212 7205 7209
f 7212 7209 7215
f 7209 7208 7214
f 7209 7214 7215
f 7217 7210 7211
f 7217 7216 7210
f 7212 7217 7211
f 7212 7218 7217
f 7216 7213 7210
f 7216 7219 7213
f 7214 7213 7219
f 7214 7219 7220
f 7218 7212 7215
f 7218 7215 7221
f 7221 7215 7214
f 7221 7214 7220
f 7222 7220 7219
f 7222 7223 7220
f 7217 7227 7216
f 7217 7228 7227
f 7218 7228 7217
f 7218 7229 7228
f 7228 7225 7224
f 7228 7229 7225
f 7232 7216 7227
f 7232 7219 7216
f 7231 7227 7226
f 7231 7232 7227
f 7229 7218 7221
f 7229 7221 7234
f 7221 7220 7233
f 7221 7233 7234
f 7235 7229 7234
f 7235 7230 7229
f 7236 7219 7232
f 7236 7222 7219
f 7233 7220 7223
f 7233 7223 7237
f 7223 7222 7236
f 7223 7236 7237
f 7236 7232 7233
f 7236 7233 7237
f 7238 7233 7237
f 7238 7234 7233
f 7225 7239 7224
f 7225 7240 7239
f 7242 7226 7227
f 7242 7241 7226
f 7239 7228 7224
f 7239 7243 7228
f 7228 7242 7227
f 7228 7243 7242
f 7240 7225 7229
f 7240 7229 7244
f 7243 7239 7240
f 7243 7240 7244
f 7230 7244 7229
f 7230 7245 7244
f 7241 7231 7226
f 7241 7246 7231
f 7247 7232 7231
f 7247 7231 7246
f 7233 7232 7247
f 7233 7247 7248
f 7245 7230 7235
f 7245 7235 7250
f 7235 7234 7249
f 7235 7249 7250
f 7250 7249 7244
f 7250 7244 7245
f 7252 7246 7251
f 7252 7247 7246
f 7253 7233 7248
f 7253 7237 7233
f 7254 7249 7234
f 7254 7234 7238
f 7238 7237 7253
f 7238 7253 7254
f 7254 7253 7248
f 7254 7248 7249
f 7242 7255 7241
f 7242 7256 7255
f 7257 7242 7243
f 7257 7256 7242
f 7258 7243 7244
f 7258 7257 7243
f 7255 7246 7241
f 7255 7260 7246
f 7261 7260 7255
f 7261 7255 7256
f 7262 7248 7247
f 7262 7247 7261
f 7261 7256 7257
f 7261 7257 7262
f 7258 7244 7249
f 7258 7249 7263
f 7263 7249 7248
f 7263 7248 7262
f 7263 7262 7257
f 7263 7257 7258
f 7260 7251 7246
f 7260 7265 7251
f 7265 7259 7264
f 7265 7260 7259
f 7261 7247 7252
f 7261 7252 7266
f 7266 7252 7251
f 7266 7251 7265
f 7267 7261 7266
f 7267 7262 7261
f 7269 7259 7260
f 7269 7268 7259
f 7270 7260 7261
f 7270 7269 7260
f 7271 7261 7262
f 7271 7270 7261
f 7268 7264 7259
f 7268 7272 7264
f 7273 7265 7264
f 7273 7264 7272
f 7274 7266 7265
f 7274 7265 7273
f 7271 7262 7267
f 7271 7267 7275
f 7275 7267 7266
f 7275 7266 7274
f 7275 7274 7270
f 7275 7270 7271
f 7276 7273 7272
f 7276 7277 7273
f 7278 7273 7277
f 7278 7274 7273
f 7280 7268 7269
f 7280 7279 7268
f 7281 7269 7270
f 7281 7280 7269
f 7279 7272 7268
f 7279 7282 7272
f 7281 7270 7274
f 7281 7274 7284
f 7283 7280 7281
f 7283 7281 7284
f 7285 7272 7282
f 7285 7276 7272
f 7286 7277 7276
f 7286 7276 7285
f 7285 7282 7283
f 7285 7283 7286
f 7284 7274 7278
f 7284 7278 7287
f 7287 7278 7277
f 7287 7277 7286
f 7286 7283 7284
f 7286 7284 7287
f 7289 7279 7280
f 7289 7288 7279
f 7291 7279 7288
f 7291 7282 7279
f 7292 7289 7280
f 7292 7280 7283
f 7283 7282 7291
f 7283 7291 7292
f 7292 7290 7289
f 7292 7293 7290
f 7289 7294 7288
f 7289 7295 7294
f 7290 7295 7289
f 7290 7296 7295
f 7298 7288 7294
f 7298 7291 7288
f 7292 7291 7298
f 7292 7298 7299
f 7298 7294 7295
f 7298 7295 7299
f 7300 7296 7290
f 7300 7290 7293
f 7293 7292 7299
f 7293 7299 7300
f 7301 7296 7300
f 7301 7297 7296
f 7296 7305 7295
f 7296 7306 7305
f 7305 7303 7302
f 7305 7306 7303
f 7297 7306 7296
f 7297 7307 7306
f 7306 7304 7303
f 7306 7307 7304
f 7308 7295 7305
f 7308 7299 7295
f 7300 7299 7308
f 7300 7308 7309
f 7310 7307 7297
f 7310 7297 7301
f 7301 7300 7309
f 7301 7309 7310
f 7310 7309 7306
f 7310 7306 7307
f 7303 7311 7302
f 7303 7312 7311
f 7304 7312 7303
f 7304 7313 7312
f 7314 7302 7311
f 7314 7305 7302
f 7314 7311 7312
f 7314 7312 7315
f 7316 7313 7304
f 7316 7304 7307
f 7307 7306 7315
f 7307 7315 7316
f 7317 7305 7314
f 7317 7308 7305
f 7318 7315 7306
f 7318 7306 7309
f 7318 7309 7308
f 7318 7308 7317
f 7318 7317 7314
f 7318 7314 7315
f 7313 7319 7312
f 7313 7320 7319
f 7322 7312 7319
f 7322 7315 7312
f 7323 7320 7313
f 7323 7313 7316
f 7316 7315 7322
f 7316 7322 7323
f 7324 7320 7323
f 7324 7321 7320
f 7326 7319 7320
f 7326 7325 7319
f 7321 7326 7320
f 7321 7327 7326
f 7328 7319 7325
f 7328 7322 7319
f 7329 7323 7322
f 7329 7322 7328
f 7327 7321 7324
f 7327 7324 7330
f 7324 7323 7329
f 7324 7329 7330
f 7335 7325 7326
f 7335 7334 7325
f 7336 7326 7327
f 7336 7335 7326
f 7335 7332 7331
f 7335 7336 7332
f 7338 7325 7334
f 7338 7328 7325
f 7337 7334 7333
f 7337 7338 7334
f 7339 7329 7328
f 7339 7328 7338
f 7340 7336 7327
f 7340 7327 7330
f 7330 7329 7339
f 7330 7339 7340
f 7332 7341 7331
f 7332 7342 7341
f 7344 7333 7334
f 7344 7343 7333
f 7341 7335 7331
f 7341 7345 7335
f 7345 7334 7335
f 7345 7344 7334
f 7342 7332 7336
f 7342 7336 7346
f 7345 7341 7342
f 7345 7342 7346
f 7343 7337 7333
f 7343 7347 7337
f 7348 7338 7337
f 7348 7337 7347
f 7349 7339 7338
f 7349 7338 7348
f 7350 7346 7336
f 7350 7336 7340
f 7340 7339 7349
f 7340 7349 7350
f 7344 7351 7343
f 7344 7352 7351
f 7353 7344 7345
f 7353 7352 7344
f 7354 7345 7346
f 7354 7353 7345
f 7351 7347 7343
f 7351 7356 7347
f 7357 7348 7347
f 7357 7347 7356
f 7357 7356 7351
f 7357 7351 7352
f 7358 7349 7348
f 7358 7348 7357
f 7354 7346 7350
f 7354 7350 7359
f 7359 7350 7349
f 7359 7349 7358
f 7359 7358 7353
f 7359 7353 7354
f 7361 7355 7360
f 7361 7356 7355
f 7362 7356 7361
f 7362 7357 7356
f 7363 7357 7362
f 7363 7358 7357
f 7365 7352 7353
f 7365 7364 7352
f 7367 7355 7356
f 7367 7366 7355
f 7364 7357 7352
f 7364 7368 7357
f 7368 7356 7357
f 7368 7367 7356
f 7365 7353 7358
f 7365 7358 7369
f 7369 7368 7364
f 7369 7364 7365
f 7366 7360 7355
f 7366 7370 7360
f 7361 7360 7370
f 7361 7370 7371
f 7372 7362 7361
f 7372 7361 7371
f 7369 7358 7363
f 7369 7363 7373
f 7373 7363 7362
f 7373 7362 7372
f 7373 7372 7368
f 7373 7368 7369
f 7374 7371 7370
f 7374 7375 7371
f 7377 7366 7367
f 7377 7376 7366
f 7378 7367 7368
f 7378 7377 7367
f 7376 7370 7366
f 7376 7379 7370
f 7379 7376 7377
f 7379 7377 7380
f 7378 7368 7372
f 7378 7372 7381
f 7381 7372 7371
f 7381 7371 7380
f 7381 7380 7377
f 7381 7377 7378
f 7379 7374 7370
f 7379 7382 7374
f 7380 7371 7375
f 7380 7375 7383
f 7375 7374 7382
f 7375 7382 7383
f 7383 7382 7379
f 7383 7379 7380
f 7387 7385 7384
f 7387 7388 7385
f 7388 7386 7385
f 7388 7389 7386
f 7385 7390 7384
f 7385 7391 7390
f 7386 7391 7385
f 7386 7392 7391
f 7390 7387 7384
f 7390 7394 7387
f 7388 7387 7394
f 7388 7394 7395
f 7394 7390 7391
f 7394 7391 7395
f 7396 7392 7386
f 7396 7386 7389
f 7389 7388 7395
f 7389 7395 7396
f 7397 7392 7396
f 7397 7393 7392
f 7392 7401 7391
f 7392 7402 7401
f 7402 7398 7401
f 7402 7399 7398
f 7393 7402 7392
f 7393 7403 7402
f 7402 7400 7399
f 7402 7403 7400
f 7404 7391 7401
f 7404 7395 7391
f 7396 7395 7404
f 7396 7404 7405
f 7406 7403 7393
f 7406 7393 7397
f 7397 7396 7405
f 7397 7405 7406
f 7399 7407 7398
f 7399 7408 7407
f 7400 7408 7399
f 7400 7409 7408
f 7410 7398 7407
f 7410 7401 7398
f 7412 7409 7400
f 7412 7400 7403
f 7413 7401 7410
f 7413 7404 7401
f 7405 7404 7413
f 7405 7413 7414
f 7413 7410 7411
f 7413 7411 7414
f 7415 7412 7403
f 7415 7403 7406
f 7415 7406 7405
f 7415 7405 7414
f 7415 7414 7411
f 7415 7411 7412
f 7408 7416 7407
f 7408 7417 7416
f 7409 7417 7408
f 7409 7418 7417
f 7420 7407 7416
f 7420 7410 7407
f 7411 7410 7420
f 7411 7420 7421
f 7420 7416 7417
f 7420 7417 7421
f 7422 7418 7409
f 7422 7409 7412
f 7412 7411 7421
f 7412 7421 7422
f 7423 7418 7422
f 7423 7419 7418
f 7418 7424 7417
f 7418 7425 7424
f 7419 7425 7418
f 7419 7426 7425
f 7424 7421 7417
f 7424 7427 7421
f 7422 7421 7427
f 7422 7427 7428
f 7426 7419 7423
f 7426 7423 7429
f 7423 7422 7428
f 7423 7428 7429
f 7431 7427 7430
f 7431 7428 7427
f 7434 7424 7425
f 7434 7433 7424
f 7426 7434 7425
f 7426 7435 7434
f 7437 7424 7433
f 7437 7427 7424
f 7436 7433 7432
f 7436 7437 7433
f 7435 7426 7429
f 7435 7429 7439
f 7439 7429 7428
f 7439 7428 7438
f 7440 7427 7437
f 7440 7430 7427
f 7438 7428 7431
f 7438 7431 7441
f 7431 7430 7440
f 7431 7440 7441
f 7440 7437 7438
f 7440 7438 7441
f 7442 7438 7441
f 7442 7439 7438
f 7444 7432 7433
f 7444 7443 7432
f 7445 7433 7434
f 7445 7444 7433
f 7435 7445 7434
f 7435 7446 7445
f 7443 7436 7432
f 7443 7448 7436
f 7449 7437 7436
f 7449 7436 7448
f 7450 7438 7437
f 7450 7437 7449
f 7451 7446 7435
f 7451 7435 7439
f 7452 7446 7451
f 7452 7447 7446
f 7453 7438 7450
f 7453 7441 7438
f 7454 7451 7439
f 7454 7439 7442
f 7442 7441 7453
f 7442 7453 7454
f 7454 7453 7450
f 7454 7450 7451
f 7444 7455 7443
f 7444 7456 7455
f 7445 7456 7444
f 7445 7457 7456
f 7458 7445 7446
f 7458 7457 7445
f 7459 7446 7447
f 7459 7458 7446
f 7455 7448 7443
f 7455 7460 7448
f 7461 7449 7448
f 7461 7448 7460
f 7450 7449 7461
f 7450 7461 7462
f 7463 7451 7450
f 7463 7450 7462
f 7459 7447 7452
f 7459 7452 7464
f 7452 7451 7463
f 7452 7463 7464
f 7464 7463 7458
f 7464 7458 7459
f 7465 7461 7460
f 7465 7466 7461
f 7467 7461 7466
f 7467 7462 7461
f 7456 7468 7455
f 7456 7469 7468
f 7470 7456 7457
f 7470 7469 7456
f 7471 7457 7458
f 7471 7470 7457
f 7468 7460 7455
f 7468 7473 7460
f 7474 7473 7468
f 7474 7468 7469
f 7475 7474 7469
f 7475 7469 7470
f 7471 7458 7463
f 7471 7463 7476
f 7476 7463 7462
f 7476 7462 7475
f 7476 7475 7470
f 7476 7470 7471
f 7473 7465 7460
f 7473 7478 7465
f 7478 7472 7477
f 7478 7473 7472
f 7479 7466 7465
f 7479 7465 7478
f 7475 7462 7467
f 7475 7467 7480
f 7480 7467 7466
f 7480 7466 7479
f 7480 7479 7474
f 7480 7474 7475
f 7482 7472 7473
f 7482 7481 7472
f 7483 7473 7474
f 7483 7482 7473
f 7481 7477 7472
f 7481 7484 7477
f 7485 7478 7477
f 7485 7477 7484
f 7483 7474 7479
f 7483 7479 7486
f 7486 7479 7478
f 7486 7478 7485
f 7486 7485 7482
f 7486 7482 7483
f 7488 7481 7482
f 7488 7487 7481
f 7489 7481 7487
f 7489 7484 7481
f 7490 7488 7482
f 7490 7482 7485
f 7490 7485 7484
f 7490 7484 7489
f 7488 7491 7487
f 7488 7492 7491
f 7494 7487 7491
f 7494 7489 7487
f 7495 7492 7488
f 7495 7488 7490
f 7490 7489 7494
f 7490 7494 7495
f 7494 7491 7492
f 7494 7492 7495
f 7495 7493 7492
f 7495 7496 7493
f 7493 7499 7492
f 7493 7500 7499
f 7499 7498 7497
f 7499 7500 7498
f 7502 7492 7499
f 7502 7495 7492
f 7503 7500 7493
f 7503 7493 7496
f 7496 7495 7502
f 7496 7502 7503
f 7503 7501 7500
f 7503 7504 7501
f 7498 7505 7497
f 7498 7506 7505
f 7508 7497 7505
f 7508 7499 7497
f 7509 7506 7498
f 7509 7498 7500
f 7501 7509 7500
f 7501 7510 7509
f 7509 7507 7506
f 7509 7510 7507
f 7511 7499 7508
f 7511 7502 7499
f 7503 7502 7511
f 7503 7511 7512
f 7512 7511 7508
f 7512 7508 7509
f 7513 7510 7501
f 7513 7501 7504
f 7504 7503 7512
f 7504 7512 7513
f 7513 7512 7509
f 7513 7509 7510
f 7506 7514 7505
f 7506 7515 7514
f 7507 7515 7506
f 7507 7516 7515
f 7518 7505 7514
f 7518 7508 7505
f 7509 7508 7518
f 7509 7518 7519
f 7518 7514 7515
f 7518 7515 7519
f 7520 7516 7507
f 7520 7507 7510
f 7510 7509 7519
f 7510 7519 7520
f 7521 7516 7520
f 7521 7517 7516
f 7516 7522 7515
f 7516 7523 7522
f 7517 7523 7516
f 7517 7524 7523
f 7525 7515 7522
f 7525 7519 7515
f 7520 7519 7525
f 7520 7525 7526
f 7524 7517 7521
f 7524 7521 7527
f 7521 7520 7526
f 7521 7526 7527
f 7529 7522 7523
f 7529 7528 7522
f 7524 7529 7523
f 7524 7530 7529
f 7528 7525 7522
f 7528 7531 7525
f 7526 7525 7531
f 7526 7531 7532
f 7530 7524 7527
f 7530 7527 7533
f 7533 7527 7526
f 7533 7526 7532
f 7534 7532 7531
f 7534 7535 7532
f 7540 7528 7529
f 7540 7539 7528
f 7530 7540 7529
f 7530 7541 7540
f 7540 7537 7536
f 7540 7541 7537
f 7544 7528 7539
f 7544 7531 7528
f 7543 7539 7538
f 7543 7544 7539
f 7541 7530 7533
f 7541 7533 7546
f 7533 7532 7545
f 7533 7545 7546
f 7547 7541 7546
f 7547 7542 7541
f 7548 7531 7544
f 7548 7534 7531
f 7545 7532 7535
f 7545 7535 7549
f 7535 7534 7548
f 7535 7548 7549
f 7548 7544 7545
f 7548 7545 7549
f 7550 7545 7549
f 7550 7546 7545
f 7537 7551 7536
f 7537 7552 7551
f 7554 7538 7539
f 7554 7553 7538
f 7551 7540 7536
f 7551 7555 7540
f 7540 7554 7539
f 7540 7555 7554
f 7552 7537 7541
f 7552 7541 7556
f 7555 7551 7552
f 7555 7552 7556
f 7542 7556 7541
f 7542 7557 7556
f 7553 7543 7538
f 7553 7558 7543
f 7559 7544 7543
f 7559 7543 7558
f 7545 7544 7559
f 7545 7559 7560
f 7557 7542 7547
f 7557 7547 7562
f 7547 7546 7561
f 7547 7561 7562
f 7562 7561 7556
f 7562 7556 7557
f 7564 7558 7563
f 7564 7559 7558
f 7565 7545 7560
f 7565 7549 7545
f 7566 7561 7546
f 7566 7546 7550
f 7550 7549 7565
f 7550 7565 7566
f 7566 7565 7560
f 7566 7560 7561
f 7554 7567 7553
f 7554 7568 7567
f 7569 7554 7555
f 7569 7568 7554
f 7570 7555 7556
f 7570 7569 7555
f 7567 7558 7553
f 7567 7572 7558
f 7573 7572 7567
f 7573 7567 7568
f 7574 7560 7559
f 7574 7559 7573
f 7573 7568 7569
f 7573 7569 7574
f 7570 7556 7561
f 7570 7561 7575
f 7575 7561 7560
f 7575 7560 7574
f 7575 7574 7569
f 7575 7569 7570
f 7572 7563 7558
f 7572 7577 7563
f 7577 7571 7576
f 7577 7572 7571
f 7573 7559 7564
f 7573 7564 7578
f 7578 7564 7563
f 7578 7563 7577
f 7579 7573 7578
f 7579 7574 7573
f 7581 7571 7572
f 7581 7580 7571
f 7582 7572 7573
f 7582 7581 7572
f 7583 7573 7574
f 7583 7582 7573
f 7580 7576 7571
f 7580 7584 7576
f 7585 7577 7576
f 7585 7576 7584
f 7586 7578 7577
f 7586 7577 7585
f 7583 7574 7579
f 7583 7579 7587
f 7587 7579 7578
f 7587 7578 7586
f 7587 7586 7582
f 7587 7582 7583
f 7588 7585 7584
f 7588 7589 7585
f 7590 7585 7589
f 7590 7586 7585
f 7592 7580 7581
f 7592 7591 7580
f 7593 7581 7582
f 7593 7592 7581
f 7591 7584 7580
f 7591 7594 7584
f 7593 7582 7586
f 7593 7586 7596
f 7595 7592 7593
f 7595 7593 7596
f 7597 7584 7594
f 7597 7588 7584
f 7598 7589 7588
f 7598 7588 7597
f 7597 7594 7595
f 7597 7595 7598
f 7596 7586 7590
f 7596 7590 7599
f 7599 7590 7589
f 7599 7589 7598
f 7598 7595 7596
f 7598 7596 7599
f 7601 7591 7592
f 7601 7600 7591
f 7603 7591 7600
f 7603 7594 7591
f 7604 7601 7592
f 7604 7592 7595
f 7595 7594 7603
f 7595 7603 7604
f 7604 7602 7601
f 7604 7605 7602
f 7601 7606 7600
f 7601 7607 7606
f 7602 7607 7601
f 7602 7608 7607
f 7610 7600 7606
f 7610 7603 7600
f 7604 7603 7610
f 7604 7610 7611
f 7610 7606 7607
f 7610 7607 7611
f 7612 7608 7602
f 7612 7602 7605
f 7605 7604 7611
f 7605 7611 7612
f 7613 7608 7612
f 7613 7609 7608
f 7608 7617 7607
f 7608 7618 7617
f 7617 7615 7614
f 7617 7618 7615
f 7609 7618 7608
f 7609 7619 7618
f 7618 7616 7615
f 7618 7619 7616
f 7620 7607 7617
f 7620 7611 7607
f 7612 7611 7620
f 7612 7620 7621
f 7622 7619 7609
f 7622 7609 7613
f 7613 7612 7621
f 7613 7621 7622
f 7622 7621 7618
f 7622 7618 7619
f 7615 7623 7614
f 7615 7624 7623
f 7616 7624 7615
f 7616 7625 7624
f 7626 7614 7623
f 7626 7617 7614
f 7626 7623 7624
f 7626 7624 7627
f 7628 7625 7616
f 7628 7616 7619
f 7619 7618 7627
f 7619 7627 7628
f 7629 7617 7626
f 7629 7620 7617
f 7630 7627 7618
f 7630 7618 7621
f 7630 7621 7620
f 7630 7620 7629
f 7630 7629 7626
f 7630 7626 7627
f 7625 7631 7624
f 7625 7632 7631
f 7634 7624 7631
f 7634 7627 7624
f 7635 7632 7625
f 7635 7625 7628
f 7628 7627 7634
f 7628 7634 7635
f 7636 7632 7635
f 7636 7633 7632
f 7638 7631 7632
f 7638 7637 7631
f 7633 7638 7632
f 7633 7639 7638
f 7640 7631 7637
f 7640 7634 7631
f 7641 7635 7634
f 7641 7634 7640
f 7639 7633 7636
f 7639 7636 7642
f 7636 7635 7641
f 7636 7641 7642
f 7647 7637 7638
f 7647 7646 7637
f 7648 7638 7639
f 7648 7647 7638
f 7647 7644 7643
f 7647 7648 7644
f 7650 7637 7646
f 7650 7640 7637
f 7649 7646 7645
f 7649 7650 7646
f 7651 7641 7640
f 7651 7640 7650
f 7652 7648 7639
f 7652 7639 7642
f 7642 7641 7651
f 7642 7651 7652
f 7644 7653 7643
f 7644 7654 7653
f 7656 7645 7646
f 7656 7655 7645
f 7653 7647 7643
f 7653 7657 7647
f 7657 7646 7647
f 7657 7656 7646
f 7654 7644 7648
f 7654 7648 7658
f 7657 7653 7654
f 7657 7654 7658
f 7655 7649 7645
f 7655 7659 7649
f 7660 7650 7649
f 7660 7649 7659
f 7661 7651 7650
f 7661 7650 7660
f 7662 7658 7648
f 7662 7648 7652
f 7652 7651 7661
f 7652 7661 7662
f 7656 7663 7655
f 7656 7664 7663
f 7665 7656 7657
f 7665 7664 7656
f 7666 7657 7658
f 7666 7665 7657
f 7663 7659 7655
f 7663 7668 7659
f 7669 7660 7659
f 7669 7659 7668
f 7669 7668 7663
f 7669 7663 7664
f 7670 7661 7660
f 7670 7660 7669
f 7666 7658 7662
f 7666 7662 7671
f 7671 7662 7661
f 7671 7661 7670
f 7671 7670 7665
f 7671 7665 7666
f 7673 7667 7672
f 7673 7668 7667
f 7674 7668 7673
f 7674 7669 7668
f 7675 7669 7674
f 7675 7670 7669
f 7677 7664 7665
f 7677 7676 7664
f 7679 7667 7668
f 7679 7678 7667
f 7676 7669 7664
f 7676 7680 7669
f 7680 7668 7669
f 7680 7679 7668
f 7677 7665 7670
f 7677 7670 7681
f 7681 7680 7676
f 7681 7676 7677
f 7678 7672 7667
f 7678 7682 7672
f 7673 7672 7682
f 7673 7682 7683
f 7684 7674 7673
f 7684 7673 7683
f 7681 7670 7675
f 7681 7675 7685
f 7685 7675 7674
f 7685 7674 7684
f 7685 7684 7680
f 7685 7680 7681
f 7686 7683 7682
f 7686 7687 7683
f 7689 7678 7679
f 7689 7688 7678
f 7690 7679 7680
f 7690 7689 7679
f 7688 7682 7678
f 7688 7691 7682
f 7691 7688 7689
f 7691 7689 7692
f 7690 7680 7684
f 7690 7684 7693
f 7693 7684 7683
f 7693 7683 7692
f 7693 7692 7689
f 7693 7689 7690
f 7691 7686 7682
f 7691 7694 7686
f 7692 7683 7687
f 7692 7687 7695
f 7687 7686 7694
f 7687 7694 7695
f 7695 7694 7691
f 7695 7691 7692
f 7699 7697 7696
f 7699 7700 7697
f 7700 7698 7697
f 7700 7701 7698
f 7697 7702 7696
f 7697 7703 7702
f 7698 7703 7697
f 7698 7704 7703
f 7702 7699 7696
f 7702 7706 7699
f 7700 7699 7706
f 7700 7706 7707
f 7706 7702 7703
f 7706 7703 7707
f 7708 7704 7698
f 7708 7698 7701
f 7701 7700 7707
f 7701 7707 7708
f 7709 7704 7708
f 7709 7705 7704
f 7704 7713 7703
f 7704 7714 7713
f 7714 7710 7713
f 7714 7711 7710
f 7705 7714 7704
f 7705 7715 7714
f 7714 7712 7711
f 7714 7715 7712
f 7716 7703 7713
f 7716 7707 7703
f 7708 7707 7716
f 7708 7716 7717
f 7718 7715 7705
f 7718 7705 7709
f 7709 7708 7717
f 7709 7717 7718
f 7711 7719 7710
f 7711 7720 7719
f 7712 7720 7711
f 7712 7721 7720
f 7722 7710 7719
f 7722 7713 7710
f 7724 7721 7712
f 7724 7712 7715
f 7725 7713 7722
f 7725 7716 7713
f 7717 7716 7725
f 7717 7725 7726
f 7725 7722 7723
f 7725 7723 7726
f 7727 7724 7715
f 7727 7715 7718
f 7727 7718 7717
f 7727 7717 7726
f 7727 7726 7723
f 7727 7723 7724
f 7720 7728 7719
f 7720 7729 7728
f 7721 7729 7720
f 7721 7730 7729
f 7732 7719 7728
f 7732 7722 7719
f 7723 7722 7732
f 7723 7732 7733
f 7732 7728 7729
f 7732 7729 7733
f 7734 7730 7721
f 7734 7721 7724
f 7724 7723 7733
f 7724 7733 7734
f 7735 7730 7734
f 7735 7731 7730
f 7730 7736 7729
f 7730 7737 7736
f 7731 7737 7730
f 7731 7738 7737
f 7736 7733 7729
f 7736 7739 7733
f 7734 7733 7739
f 7734 7739 7740
f 7738 7731 7735
f 7738 7735 7741
f 7735 7734 7740
f 7735 7740 7741
f 7743 7739 7742
f 7743 7740 7739
f 7746 7736 7737
f 7746 7745 7736
f 7738 7746 7737
f 7738 7747 7746
f 7749 7736 7745
f 7749 7739 7736
f 7748 7745 7744
f 7748 7749 7745
f 7747 7738 7741
f 7747 7741 7751
f 7751 7741 7740
f 7751 7740 7750
f 7752 7739 7749
f 7752 7742 7739
f 7750 7740 7743
f 7750 7743 7753
f 7743 7742 7752
f 7743 7752 7753
f 7752 7749 7750
f 7752 7750 7753
f 7754 7750 7753
f 7754 7751 7750
f 7756 7744 7745
f 7756 7755 7744
f 7757 7745 7746
f 7757 7756 7745
f 7747 7757 7746
f 7747 7758 7757
f 7755 7748 7744
f 7755 7760 7748
f 7761 7749 7748
f 7761 7748 7760
f 7762 7750 7749
f 7762 7749 7761
f 7763 7758 7747
f 7763 7747 7751
f 7764 7758 7763
f 7764 7759 7758
f 7765 7750 7762
f 7765 7753 7750
f 7766 7763 7751
f 7766 7751 7754
f 7754 7753 7765
f 7754 7765 7766
f 7766 7765 7762
f 7766 7762 7763
f 7756 7767 7755
f 7756 7768 7767
f 7757 7768 7756
f 7757 7769 7768
f 7770 7757 7758
f 7770 7769 7757
f 7771 7758 7759
f 7771 7770 7758
f 7767 7760 7755
f 7767 7772 7760
f 7773 7761 7760
f 7773 7760 7772
f 7762 7761 7773
f 7762 7773 7774
f 7775 7763 7762
f 7775 7762 7774
f 7771 7759 7764
f 7771 7764 7776
f 7764 7763 7775
f 7764 7775 7776
f 7776 7775 7770
f 7776 7770 7771
f 7777 7773 7772
f 7777 7778 7773
f 7779 7773 7778
f 7779 7774 7773
f 7768 7780 7767
f 7768 7781 7780
f 7782 7768 7769
f 7782 7781 7768
f 7783 7769 7770
f 7783 7782 7769
f 7780 7772 7767
f 7780 7785 7772
f 7786 7785 7780
f 7786 7780 7781
f 7787 7786 7781
f 7787 7781 7782
f 7783 7770 7775
f 7783 7775 7788
f 7788 7775 7774
f 7788 7774 7787
f 7788 7787 7782
f 7788 7782 7783
f 7785 7777 7772
f 7785 7790 7777
f 7790 7784 7789
f 7790 7785 7784
f 7791 7778 7777
f 7791 7777 7790
f 7787 7774 7779
f 7787 7779 7792
f 7792 7779 7778
f 7792 7778 7791
f 7792 7791 7786
f 7792 7786 7787
f 7794 7784 7785
f 7794 7793 7784
f 7795 7785 7786
f 7795 7794 7785
f 7793 7789 7784
f 7793 7796 7789
f 7797 7790 7789
f 7797 7789 7796
f 7795 7786 7791
f 7795 7791 7798
f 7798 7791 7790
f 7798 7790 7797
f 7798 7797 7794
f 7798 7794 7795
f 7800 7793 7794
f 7800 7799 7793
f 7801 7793 7799
f 7801 7796 7793
f 7802 7800 7794
f 7802 7794 7797
f 7802 7797 7796
f 7802 7796 7801
f 7800 7803 7799
f 7800 7804 7803
f 7806 7799 7803
f 7806 7801 7799
f 7807 7804 7800
f 7807 7800 7802
f 7802 7801 7806
f 7802 7806 7807
f 7807 7805 7804
f 7807 7808 7805
f 7804 7811 7803
f 7804 7812 7811
f 7805 7812 7804
f 7805 7813 7812
f 7813 7809 7812
f 7813 7810 7809
f 7811 7806 7803
f 7811 7815 7806
f 7807 7806 7815
f 7807 7815 7816
f 7816 7815 7811
f 7816 7811 7812
f 7817 7813 7805
f 7817 7805 7808
f 7808 7807 7816
f 7808 7816 7817
f 7817 7814 7813
f 7817 7818 7814
f 7810 7819 7809
f 7810 7820 7819
f 7822 7809 7819
f 7822 7812 7809
f 7823 7820 7810
f 7823 7810 7813
f 7814 7823 7813
f 7814 7824 7823
f 7823 7821 7820
f 7823 7824 7821
f 7825 7812 7822
f 7825 7816 7812
f 7817 7816 7825
f 7817 7825 7826
f 7826 7825 7822
f 7826 7822 7823
f 7827 7824 7814
f 7827 7814 7818
f 7818 7817 7826
f 7818 7826 7827
f 7827 7826 7823
f 7827 7823 7824
f 7820 7828 7819
f 7820 7829 7828
f 7821 7829 7820
f 7821 7830 7829
f 7832 7819 7828
f 7832 7822 7819
f 7823 7822 7832
f 7823 7832 7833
f 7832 7828 7829
f 7832 7829 7833
f 7834 7830 7821
f 7834 7821 7824
f 7824 7823 7833
f 7824 7833 7834
f 7835 7830 7834
f 7835 7831 7830
f 7830 7836 7829
f 7830 7837 7836
f 7831 7837 7830
f 7831 7838 7837
f 7839 7829 7836
f 7839 7833 7829
f 7834 7833 7839
f 7834 7839 7840
f 7838 7831 7835
f 7838 7835 7841
f 7835 7834 7840
f 7835 7840 7841
f 7843 7836 7837
f 7843 7842 7836
f 7838 7843 7837
f 7838 7844 7843
f 7842 7839 7836
f 7842 7845 7839
f 7840 7839 7845
f 7840 7845 7846
f 7844 7838 7841
f 7844 7841 7847
f 7847 7841 7840
f 7847 7840 7846
f 7848 7846 7845
f 7848 7849 7846
f 7854 7842 7843
f 7854 7853 7842
f 7844 7854 7843
f 7844 7855 7854
f 7854 7851 7850
f 7854 7855 7851
f 7858 7842 7853
f 7858 7845 7842
f 7857 7853 7852
f 7857 7858 7853
f 7860 7855 7844
f 7860 7844 7847
f 7847 7846 7859
f 7847 7859 7860
f 7860 7856 7855
f 7860 7861 7856
f 7862 7845 7858
f 7862 7848 7845
f 7863 7859 7846
f 7863 7846 7849
f 7849 7848 7862
f 7849 7862 7863
f 7862 7858 7859
f 7862 7859 7863
f 7851 7864 7850
f 7851 7865 7864
f 7867 7852 7853
f 7867 7866 7852
f 7864 7854 7850
f 7864 7868 7854
f 7854 7867 7853
f 7854 7868 7867
f 7865 7851 7855
f 7865 7855 7869
f 7868 7864 7865
f 7868 7865 7869
f 7856 7869 7855
f 7856 7870 7869
f 7866 7857 7852
f 7866 7871 7857
f 7872 7858 7857
f 7872 7857 7871
f 7859 7858 7872
f 7859 7872 7873
f 7860 7859 7873
f 7860 7873 7874
f 7870 7856 7861
f 7870 7861 7875
f 7861 7860 7874
f 7861 7874 7875
f 7874 7869 7870
f 7874 7870 7875
f 7877 7871 7876
f 7877 7872 7871
f 7867 7878 7866
f 7867 7879 7878
f 7880 7867 7868
f 7880 7879 7867
f 7881 7868 7869
f 7881 7880 7868
f 7878 7871 7866
f 7878 7883 7871
f 7884 7883 7878
f 7884 7878 7879
f 7885 7873 7872
f 7885 7872 7884
f 7884 7879 7880
f 7884 7880 7885
f 7881 7869 7874
f 7881 7874 7886
f 7886 7874 7873
f 7886 7873 7885
f 7886 7885 7880
f 7886 7880 7881
f 7883 7876 7871
f 7883 7888 7876
f 7888 7882 7887
f 7888 7883 7882
f 7884 7872 7877
f 7884 7877 7889
f 7889 7877 7876
f 7889 7876 7888
f 7890 7884 7889
f 7890 7885 7884
f 7892 7882 7883
f 7892 7891 7882
f 7893 7883 7884
f 7893 7892 7883
f 7894 7884 7885
f 7894 7893 7884
f 7891 7887 7882
f 7891 7895 7887
f 7896 7888 7887
f 7896 7887 7895
f 7897 7889 7888
f 7897 7888 7896
f 7894 7885 7890
f 7894 7890 7898
f 7898 7890 7889
f 7898 7889 7897
f 7898 7897 7893
f 7898 7893 7894
f 7899 7896 7895
f 7899 7900 7896
f 7901 7896 7900
f 7901 7897 7896
f 7903 7891 7892
f 7903 7902 7891
f 7904 7892 7893
f 7904 7903 7892
f 7902 7895 7891
f 7902 7905 7895
f 7904 7893 7897
f 7904 7897 7907
f 7906 7903 7904
f 7906 7904 7907
f 7908 7895 7905
f 7908 7899 7895
f 7909 7900 7899
f 7909 7899 7908
f 7908 7905 7906
f 7908 7906 7909
f 7907 7897 7901
f 7907 7901 7910
f 7910 7901 7900
f 7910 7900 7909
f 7909 7906 7907
f 7909 7907 7910
f 7903 7911 7902
f 7903 7912 7911
f 7914 7902 7911
f 7914 7905 7902
f 7915 7912 7903
f 7915 7903 7906
f 7906 7905 7914
f 7906 7914 7915
f 7915 7913 7912
f 7915 7916 7913
f 7912 7917 7911
f 7912 7918 7917
f 7913 7918 7912
f 7913 7919 7918
f 7921 7911 7917
f 7921 7914 7911
f 7915 7914 7921
f 7915 7921 7922
f 7921 7917 7918
f 7921 7918 7922
f 7923 7919 7913
f 7923 7913 7916
f 7916 7915 7922
f 7916 7922 7923
f 7924 7919 7923
f 7924 7920 7919
f 7919 7928 7918
f 7919 7929 7928
f 7928 7926 7925
f 7928 7929 7926
f 7920 7929 7919
f 7920 7930 7929
f 7929 7927 7926
f 7929 7930 7927
f 7931 7918 7928
f 7931 7922 7918
f 7923 7922 7931
f 7923 7931 7932
f 7933 7930 7920
f 7933 7920 7924
f 7924 7923 7932
f 7924 7932 7933
f 7933 7932 7929
f 7933 7929 7930
f 7926 7934 7925
f 7926 7935 7934
f 7927 7935 7926
f 7927 7936 7935
f 7937 7925 7934
f 7937 7928 7925
f 7937 7934 7935
f 7937 7935 7938
f 7939 7936 7927
f 7939 7927 7930
f 7930 7929 7938
f 7930 7938 7939
f 7940 7928 7937
f 7940 7931 7928
f 7941 7938 7929
f 7941 7929 7932
f 7941 7932 7931
f 7941 7931 7940
f 7941 7940 7937
f 7941 7937 7938
f 7936 7942 7935
f 7936 7943 7942
f 7945 7935 7942
f 7945 7938 7935
f 7946 7943 7936
f 7946 7936 7939
f 7939 7938 7945
f 7939 7945 7946
f 7947 7943 7946
f 7947 7944 7943
f 7949 7942 7943
f 7949 7948 7942
f 7944 7949 7943
f 7944 7950 7949
f 7951 7942 7948
f 7951 7945 7942
f 7952 7946 7945
f 7952 7945 7951
f 7950 7944 7947
f 7950 7947 7953
f 7947 7946 7952
f 7947 7952 7953
f 7956 7948 7949
f 7956 7955 7948
f 7957 7949 7950
f 7957 7956 7949
f 7959 7948 7955
f 7959 7951 7948
f 7958 7955 7954
f 7958 7959 7955
f 7960 7952 7951
f 7960 7951 7959
f 7961 7957 7950
f 7961 7950 7953
f 7953 7952 7960
f 7953 7960 7961
f 7963 7954 7955
f 7963 7962 7954
f 7964 7955 7956
f 7964 7963 7955
f 7957 7964 7956
f 7957 7965 7964
f 7962 7958 7954
f 7962 7966 7958
f 7967 7959 7958
f 7967 7958 7966
f 7968 7960 7959
f 7968 7959 7967
f 7969 7965 7957
f 7969 7957 7961
f 7961 7960 7968
f 7961 7968 7969
f 7963 7970 7962
f 7963 7971 7970
f 7972 7963 7964
f 7972 7971 7963
f 7973 7964 7965
f 7973 7972 7964
f 7970 7966 7962
f 7970 7975 7966
f 7976 7967 7966
f 7976 7966 7975
f 7976 7975 7970
f 7976 7970 7971
f 7977 7968 7967
f 7977 7967 7976
f 7973 7965 7969
f 7973 7969 7978
f 7978 7969 7968
f 7978 7968 7977
f 7978 7977 7972
f 7978 7972 7973
f 7980 7974 7979
f 7980 7975 7974
f 7981 7975 7980
f 7981 7976 7975
f 7982 7976 7981
f 7982 7977 7976
f 7984 7971 7972
f 7984 7983 7971
f 7986 7974 7975
f 7986 7985 7974
f 7983 7976 7971
f 7983 7987 7976
f 7987 7975 7976
f 7987 7986 7975
f 7984 7972 7977
f 7984 7977 7988
f 7988 7987 7983
f 7988 7983 7984
f 7985 7979 7974
f 7985 7989 7979
f 7980 7979 7989
f 7980 7989 7990
f 7991 7981 7980
f 7991 7980 7990
f 7988 7977 7982
f 7988 7982 7992
f 7992 7982 7981
f 7992 7981 7991
f 7992 7991 7987
f 7992 7987 7988
f 7993 7990 7989
f 7993 7994 7990
f 7996 7985 7986
f 7996 7995 7985
f 7997 7986 7987
f 7997 7996 7986
f 7995 7989 7985
f 7995 7998 7989
f 7998 7995 7996
f 7998 7996 7999
f 7997 7987 7991
f 7997 7991 8000
f 8000 7991 7990
f 8000 7990 7999
f 8000 7999 7996
f 8000 7996 7997
f 7998 7993 7989
f 7998 8001 7993
f 7999 7990 7994
f 7999 7994 8002
f 7994 7993 8001
f 7994 8001 8002
f 8002 8001 7998
f 8002 7998 7999
f 8006 8004 8003
f 8006 8007 8004
f 8007 8005 8004
f 8007 8008 8005
f 8004 8009 8003
f 8004 8010 8009
f 8005 8010 8004
f 8005 8011 8010
f 8009 8006 8003
f 8009 8013 8006
f 8007 8006 8013
f 8007 8013 8014
f 8013 8009 8010
f 8013 8010 8014
f 8011 8005 8008
f 8011 8008 8015
f 8008 8007 8014
f 8008 8014 8015
f 8016 8011 8015
f 8016 8012 8011
f 8011 8020 8010
f 8011 8021 8020
f 8021 8017 8020
f 8021 8018 8017
f 8012 8021 8011
f 8012 8022 8021
f 8021 8019 8018
f 8021 8022 8019
f 8023 8010 8020
f 8023 8014 8010
f 8015 8014 8023
f 8015 8023 8024
f 8025 8022 8012
f 8025 8012 8016
f 8016 8015 8024
f 8016 8024 8025
f 8018 8026 8017
f 8018 8027 8026
f 8019 8027 8018
f 8019 8028 8027
f 8029 8017 8026
f 8029 8020 8017
f 8031 8028 8019
f 8031 8019 8022
f 8032 8020 8029
f 8032 8023 8020
f 8024 8023 8032
f 8024 8032 8033
f 8032 8029 8030
f 8032 8030 8033
f 8034 8031 8022
f 8034 8022 8025
f 8034 8025 8024
f 8034 8024 8033
f 8034 8033 8030
f 8034 8030 8031
f 8027 8035 8026
f 8027 8036 8035
f 8028 8036 8027
f 8028 8037 8036
f 8039 8026 8035
f 8039 8029 8026
f 8030 8029 8039
f 8030 8039 8040
f 8039 8035 8036
f 8039 8036 8040
f 8041 8037 8028
f 8041 8028 8031
f 8031 8030 8040
f 8031 8040 8041
f 8042 8037 8041
f 8042 8038 8037
f 8037 8043 8036
f 8037 8044 8043
f 8038 8044 8037
f 8038 8045 8044
f 8043 8040 8036
f 8043 8046 8040
f 8041 8040 8046
f 8041 8046 8047
f 8045 8038 8042
f 8045 8042 8048
f 8042 8041 8047
f 8042 8047 8048
f 8050 8046 8049
f 8050 8047 8046
f 8053 8043 8044
f 8053 8052 8043
f 8045 8053 8044
f 8045 8054 8053
f 8056 8043 8052
f 8056 8046 8043
f 8055 8052 8051
f 8055 8056 8052
f 8054 8045 8048
f 8054 8048 8058
f 8058 8048 8047
f 8058 8047 8057
f 8059 8046 8056
f 8059 8049 8046
f 8057 8047 8050
f 8057 8050 8060
f 8050 8049 8059
f 8050 8059 8060
f 8059 8056 8057
f 8059 8057 8060
f 8062 8051 8052
f 8062 8061 8051
f 8063 8052 8053
f 8063 8062 8052
f 8054 8063 8053
f 8054 8064 8063
f 8061 8055 8051
f 8061 8066 8055
f 8067 8056 8055
f 8067 8055 8066
f 8068 8057 8056
f 8068 8056 8067
f 8069 8064 8054
f 8069 8054 8058
f 8058 8057 8068
f 8058 8068 8069
f 8070 8064 8069
f 8070 8065 8064
f 8062 8071 8061
f 8062 8072 8071
f 8063 8072 8062
f 8063 8073 8072
f 8074 8063 8064
f 8074 8073 8063
f 8075 8064 8065
f 8075 8074 8064
f 8071 8066 8061
f 8071 8076 8066
f 8077 8067 8066
f 8077 8066 8076
f 8068 8067 8077
f 8068 8077 8078
f 8079 8069 8068
f 8079 8068 8078
f 8075 8065 8070
f 8075 8070 8080
f 8080 8070 8069
f 8080 8069 8079
f 8080 8079 8074
f 8080 8074 8075
f 8081 8077 8076
f 8081 8082 8077
f 8083 8077 8082
f 8083 8078 8077
f 8072 8084 8071
f 8072 8085 8084
f 8086 8072 8073
f 8086 8085 8072
f 8087 8073 8074
f 8087 8086 8073
f 8084 8076 8071
f 8084 8089 8076
f 8090 8089 8084
f 8090 8084 8085
f 8091 8090 8085
f 8091 8085 8086
f 8087 8074 8079
f 8087 8079 8092
f 8092 8079 8078
f 8092 8078 8091
f 8092 8091 8086
f 8092 8086 8087
f 8089 8081 8076
f 8089 8094 8081
f 8094 8088 8093
f 8094 8089 8088
f 8095 8082 8081
f 8095 8081 8094
f 8091 8078 8083
f 8091 8083 8096
f 8096 8083 8082
f 8096 8082 8095
f 8096 8095 8090
f 8096 8090 8091
f 8098 8088 8089
f 8098 8097 8088
f 8099 8089 8090
f 8099 8098 8089
f 8097 8093 8088
f 8097 8100 8093
f 8101 8094 8093
f 8101 8093 8100
f 8099 8090 8095
f 8099 8095 8102
f 8102 8095 8094
f 8102 8094 8101
f 8102 8101 8098
f 8102 8098 8099
f 8104 8097 8098
f 8104 8103 8097
f 8105 8097 8103
f 8105 8100 8097
f 8106 8104 8098
f 8106 8098 8101
f 8106 8101 8100
f 8106 8100 8105
f 8104 8107 8103
f 8104 8108 8107
f 8110 8103 8107
f 8110 8105 8103
f 8111 8108 8104
f 8111 8104 8106
f 8106 8105 8110
f 8106 8110 8111
f 8111 8109 8108
f 8111 8112 8109
f 8108 8115 8107
f 8108 8116 8115
f 8109 8116 8108
f 8109 8117 8116
f 8117 8113 8116
f 8117 8114 8113
f 8115 8110 8107
f 8115 8119 8110
f 8111 8110 8119
f 8111 8119 8120
f 8120 8119 8115
f 8120 8115 8116
f 8121 8117 8109
f 8121 8109 8112
f 8112 8111 8120
f 8112 8120 8121
f 8121 8118 8117
f 8121 8122 8118
f 8114 8123 8113
f 8114 8124 8123
f 8126 8113 8123
f 8126 8116 8113
f 8127 8124 8114
f 8127 8114 8117
f 8118 8127 8117
f 8118 8128 8127
f 8127 8125 8124
f 8127 8128 8125
f 8129 8116 8126
f 8129 8120 8116
f 8121 8120 8129
f 8121 8129 8130
f 8130 8129 8126
f 8130 8126 8127
f 8131 8128 8118
f 8131 8118 8122
f 8122 8121 8130
f 8122 8130 8131
f 8131 8130 8127
f 8131 8127 8128
f 8124 8132 8123
f 8124 8133 8132
f 8125 8133 8124
f 8125 8134 8133
f 8136 8123 8132
f 8136 8126 8123
f 8127 8126 8136
f 8127 8136 8137
f 8136 8132 8133
f 8136 8133 8137
f 8138 8134 8125
f 8138 8125 8128
f 8128 8127 8137
f 8128 8137 8138
f 8139 8134 8138
f 8139 8135 8134
f 8134 8140 8133
f 8134 8141 8140
f 8135 8141 8134
f 8135 8142 8141
f 8143 8133 8140
f 8143 8137 8133
f 8138 8137 8143
f 8138 8143 8144
f 8142 8135 8139
f 8142 8139 8145
f 8139 8138 8144
f 8139 8144 8145
f 8147 8140 8141
f 8147 8146 8140
f 8142 8147 8141
f 8142 8148 8147
f 8146 8143 8140
f 8146 8149 8143
f 8144 8143 8149
f 8144 8149 8150
f 8148 8142 8145
f 8148 8145 8151
f 8151 8145 8144
f 8151 8144 8150
f 8152 8150 8149
f 8152 8153 8150
f 8158 8146 8147
f 8158 8157 8146
f 8148 8158 8147
f 8148 8159 8158
f 8158 8155 8154
f 8158 8159 8155
f 8162 8146 8157
f 8162 8149 8146
f 8161 8157 8156
f 8161 8162 8157
f 8164 8159 8148
f 8164 8148 8151
f 8151 8150 8163
f 8151 8163 8164
f 8164 8160 8159
f 8164 8165 8160
f 8166 8149 8162
f 8166 8152 8149
f 8167 8163 8150
f 8167 8150 8153
f 8153 8152 8166
f 8153 8166 8167
f 8166 8162 8163
f 8166 8163 8167
f 8155 8168 8154
f 8155 8169 8168
f 8171 8156 8157
f 8171 8170 8156
f 8168 8158 8154
f 8168 8172 8158
f 8158 8171 8157
f 8158 8172 8171
f 8169 8155 8159
f 8169 8159 8173
f 8172 8168 8169
f 8172 8169 8173
f 8160 8173 8159
f 8160 8174 8173
f 8170 8161 8156
f 8170 8175 8161
f 8176 8162 8161
f 8176 8161 8175
f 8177 8163 8162
f 8177 8162 8176
f 8164 8163 8177
f 8164 8177 8178
f 8174 8160 8165
f 8174 8165 8179
f 8165 8164 8178
f 8165 8178 8179
f 8178 8173 8174
f 8178 8174 8179
f 8180 8176 8175
f 8180 8181 8176
f 8171 8182 8170
f 8171 8183 8182
f 8184 8171 8172
f 8184 8183 8171
f 8185 8172 8173
f 8185 8184 8172
f 8182 8175 8170
f 8182 8187 8175
f 8188 8187 8182
f 8188 8182 8183
f 8189 8177 8176
f 8189 8176 8188
f 8188 8183 8184
f 8188 8184 8189
f 8185 8173 8178
f 8185 8178 8190
f 8190 8178 8177
f 8190 8177 8189
f 8190 8189 8184
f 8190 8184 8185
f 8187 8180 8175
f 8187 8192 8180
f 8192 8186 8191
f 8192 8187 8186
f 8188 8176 8181
f 8188 8181 8193
f 8193 8181 8180
f 8193 8180 8192
f 8194 8188 8193
f 8194 8189 8188
f 8196 8186 8187
f 8196 8195 8186
f 8197 8187 8188
f 8197 8196 8187
f 8198 8188 8189
f 8198 8197 8188
f 8195 8191 8186
f 8195 8199 8191
f 8200 8192 8191
f 8200 8191 8199
f 8201 8193 8192
f 8201 8192 8200
f 8198 8189 8194
f 8198 8194 8202
f 8202 8194 8193
f 8202 8193 8201
f 8202 8201 8197
f 8202 8197 8198
f 8203 8200 8199
f 8203 8204 8200
f 8205 8200 8204
f 8205 8201 8200
f 8207 8195 8196
f 8207 8206 8195
f 8208 8196 8197
f 8208 8207 8196
f 8206 8199 8195
f 8206 8209 8199
f 8208 8197 8201
f 8208 8201 8211
f 8210 8207 8208
f 8210 8208 8211
f 8212 8199 8209
f 8212 8203 8199
f 8213 8204 8203
f 8213 8203 8212
f 8212 8209 8210
f 8212 8210 8213
f 8211 8201 8205
f 8211 8205 8214
f 8214 8205 8204
f 8214 8204 8213
f 8213 8210 8211
f 8213 8211 8214
f 8207 8215 8206
f 8207 8216 8215
f 8218 8206 8215
f 8218 8209 8206
f 8219 8216 8207
f 8219 8207 8210
f 8210 8209 8218
f 8210 8218 8219
f 8219 8217 8216
f 8219 8220 8217
f 8216 8221 8215
f 8216 8222 8221
f 8217 8222 8216
f 8217 8223 8222
f 8225 8215 8221
f 8225 8218 8215
f 8219 8218 8225
f 8219 8225 8226
f 8225 8221 8222
f 8225 8222 8226
f 8227 8223 8217
f 8227 8217 8220
f 8220 8219 8226
f 8220 8226 8227
f 8228 8223 8227
f 8228 8224 8223
f 8223 8232 8222
f 8223 8233 8232
f 8233 8229 8232
f 8233 8230 8229
f 8224 8233 8223
f 8224 8234 8233
f 8233 8231 8230
f 8233 8234 8231
f 8235 8222 8232
f 8235 8226 8222
f 8227 8226 8235
f 8227 8235 8236
f 8237 8234 8224
f 8237 8224 8228
f 8228 8227 8236
f 8228 8236 8237
f 8230 8238 8229
f 8230 8239 8238
f 8231 8239 8230
f 8231 8240 8239
f 8241 8229 8238
f 8241 8232 8229
f 8242 8241 8238
f 8242 8238 8239
f 8243 8240 8231
f 8243 8231 8234
f 8244 8232 8241
f 8244 8235 8232
f 8236 8235 8244
f 8236 8244 8245
f 8245 8244 8241
f 8245 8241 8242
f 8246 8243 8234
f 8246 8234 8237
f 8246 8237 8236
f 8246 8236 8245
f 8246 8245 8242
f 8246 8242 8243
f 8240 8247 8239
f 8240 8248 8247
f 8250 8239 8247
f 8250 8242 8239
f 8251 8248 8240
f 8251 8240 8243
f 8243 8242 8250
f 8243 8250 8251
f 8252 8248 8251
f 8252 8249 8248
f 8254 8247 8248
f 8254 8253 8247
f 8249 8254 8248
f 8249 8255 8254
f 8256 8247 8253
f 8256 8250 8247
f 8251 8250 8256
f 8251 8256 8257
f 8255 8249 8252
f 8255 8252 8258
f 8252 8251 8257
f 8252 8257 8258
f 8261 8253 8254
f 8261 8260 8253
f 8255 8261 8254
f 8255 8262 8261
f 8264 8253 8260
f 8264 8256 8253
f 8263 8260 8259
f 8263 8264 8260
f 8265 8257 8256
f 8265 8256 8264
f 8266 8262 8255
f 8266 8255 8258
f 8258 8257 8265
f 8258 8265 8266
f 8268 8259 8260
f 8268 8267 8259
f 8269 8260 8261
f 8269 8268 8260
f 8262 8269 8261
f 8262 8270 8269
f 8267 8263 8259
f 8267 8271 8263
f 8272 8264 8263
f 8272 8263 8271
f 8273 8265 8264
f 8273 8264 8272
f 8274 8270 8262
f 8274 8262 8266
f 8266 8265 8273
f 8266 8273 8274
f 8268 8275 8267
f 8268 8276 8275
f 8277 8268 8269
f 8277 8276 8268
f 8278 8269 8270
f 8278 8277 8269
f 8275 8271 8267
f 8275 8280 8271
f 8281 8272 8271
f 8281 8271 8280
f 8281 8280 8275
f 8281 8275 8276
f 8282 8273 8272
f 8282 8272 8281
f 8278 8270 8274
f 8278 8274 8283
f 8283 8274 8273
f 8283 8273 8282
f 8283 8282 8277
f 8283 8277 8278
f 8285 8279 8284
f 8285 8280 8279
f 8286 8280 8285
f 8286 8281 8280
f 8287 8281 8286
f 8287 8282 8281
f 8289 8276 8277
f 8289 8288 8276
f 8291 8279 8280
f 8291 8290 8279
f 8288 8281 8276
f 8288 8292 8281
f 8292 8280 8281
f 8292 8291 8280
f 8289 8277 8282
f 8289 8282 8293
f 8293 8292 8288
f 8293 8288 8289
f 8290 8284 8279
f 8290 8294 8284
f 8285 8284 8294
f 8285 8294 8295
f 8296 8286 8285
f 8296 8285 8295
f 8293 8282 8287
f 8293 8287 8297
f 8297 8287 8286
f 8297 8286 8296
f 8297 8296 8292
f 8297 8292 8293
f 8298 8295 8294
f 8298 8299 8295
f 8301 8290 8291
f 8301 8300 8290
f 8302 8291 8292
f 8302 8301 8291
f 8300 8294 8290
f 8300 8303 8294
f 8303 8300 8301
f 8303 8301 8304
f 8302 8292 8296
f 8302 8296 8305
f 8305 8296 8295
f 8305 8295 8304
f 8305 8304 8301
f 8305 8301 8302
f 8303 8298 8294
f 8303 8306 8298
f 8304 8295 8299
f 8304 8299 8307
f 8299 8298 8306
f 8299 8306 8307
f 8307 8306 8303
f 8307 8303 8304
f 8311 8309 8308
f 8311 8312 8309
f 8312 8310 8309
f 8312 8313 8310
f 8309 8314 8308
f 8309 8315 8314
f 8310 8315 8309
f 8310 8316 8315
f 8314 8311 8308
f 8314 8318 8311
f 8312 8311 8318
f 8312 8318 8319
f 8318 8314 8315
f 8318 8315 8319
f 8316 8310 8313
f 8316 8313 8320
f 8313 8312 8319
f 8313 8319 8320
f 8321 8316 8320
f 8321 8317 8316
f 8316 8325 8315
f 8316 8326 8325
f 8326 8322 8325
f 8326 8323 8322
f 8317 8326 8316
f 8317 8327 8326
f 8326 8324 8323
f 8326 8327 8324
f 8328 8315 8325
f 8328 8319 8315
f 8320 8319 8328
f 8320 8328 8329
f 8330 8327 8317
f 8330 8317 8321
f 8321 8320 8329
f 8321 8329 8330
f 8323 8331 8322
f 8323 8332 8331
f 8324 8332 8323
f 8324 8333 8332
f 8334 8322 8331
f 8334 8325 8322
f 8336 8333 8324
f 8336 8324 8327
f 8337 8325 8334
f 8337 8328 8325
f 8329 8328 8337
f 8329 8337 8338
f 8337 8334 8335
f 8337 8335 8338
f 8339 8336 8327
f 8339 8327 8330
f 8339 8330 8329
f 8339 8329 8338
f 8339 8338 8335
f 8339 8335 8336
f 8332 8340 8331
f 8332 8341 8340
f 8333 8341 8332
f 8333 8342 8341
f 8344 8331 8340
f 8344 8334 8331
f 8335 8334 8344
f 8335 8344 8345
f 8344 8340 8341
f 8344 8341 8345
f 8346 8342 8333
f 8346 8333 8336
f 8336 8335 8345
f 8336 8345 8346
f 8347 8342 8346
f 8347 8343 8342
f 8342 8348 8341
f 8342 8349 8348
f 8343 8349 8342
f 8343 8350 8349
f 8348 8345 8341
f 8348 8351 8345
f 8346 8345 8351
f 8346 8351 8352
f 8350 8343 8347
f 8350 8347 8353
f 8347 8346 8352
f 8347 8352 8353
f 8355 8351 8354
f 8355 8352 8351
f 8358 8348 8349
f 8358 8357 8348
f 8350 8358 8349
f 8350 8359 8358
f 8361 8348 8357
f 8361 8351 8348
f 8360 8357 8356
f 8360 8361 8357
f 8359 8350 8353
f 8359 8353 8363
f 8363 8353 8352
f 8363 8352 8362
f 8364 8351 8361
f 8364 8354 8351
f 8362 8352 8355
f 8362 8355 8365
f 8355 8354 8364
f 8355 8364 8365
f 8364 8361 8362
f 8364 8362 8365
f 8367 8356 8357
f 8367 8366 8356
f 8368 8357 8358
f 8368 8367 8357
f 8359 8368 8358
f 8359 8369 8368
f 8366 8360 8356
f 8366 8371 8360
f 8372 8361 8360
f 8372 8360 8371
f 8373 8362 8361
f 8373 8361 8372
f 8374 8369 8359
f 8374 8359 8363
f 8363 8362 8373
f 8363 8373 8374
f 8375 8369 8374
f 8375 8370 8369
f 8367 8376 8366
f 8367 8377 8376
f 8368 8377 8367
f 8368 8378 8377
f 8379 8368 8369
f 8379 8378 8368
f 8380 8369 8370
f 8380 8379 8369
f 8376 8371 8366
f 8376 8381 8371
f 8382 8372 8371
f 8382 8371 8381
f 8373 8372 8382
f 8373 8382 8383
f 8384 8374 8373
f 8384 8373 8383
f 8380 8370 8375
f 8380 8375 8385
f 8385 8375 8374
f 8385 8374 8384
f 8385 8384 8379
f 8385 8379 8380
f 8386 8382 8381
f 8386 8387 8382
f 8388 8382 8387
f 8388 8383 8382
f 8377 8389 8376
f 8377 8390 8389
f 8391 8377 8378
f 8391 8390 8377
f 8392 8378 8379
f 8392 8391 8378
f 8389 8381 8376
f 8389 8394 8381
f 8395 8394 8389
f 8395 8389 8390
f 8396 8395 8390
f 8396 8390 8391
f 8392 8379 8384
f 8392 8384 8397
f 8397 8384 8383
f 8397 8383 8396
f 8397 8396 8391
f 8397 8391 8392
f 8394 8386 8381
f 8394 8399 8386
f 8399 8393 8398
f 8399 8394 8393
f 8400 8387 8386
f 8400 8386 8399
f 8396 8383 8388
f 8396 8388 8401
f 8401 8388 8387
f 8401 8387 8400
f 8401 8400 8395
f 8401 8395 8396
f 8403 8393 8394
f 8403 8402 8393
f 8404 8394 8395
f 8404 8403 8394
f 8402 8398 8393
f 8402 8405 8398
f 8406 8399 8398
f 8406 8398 8405
f 8404 8395 8400
f 8404 8400 8407
f 8407 8400 8399
f 8407 8399 8406
f 8407 8406 8403
f 8407 8403 8404
f 8409 8402 8403
f 8409 8408 8402
f 8410 8402 8408
f 8410 8405 8402
f 8411 8409 8403
f 8411 8403 8406
f 8411 8406 8405
f 8411 8405 8410
f 8409 8412 8408
f 8409 8413 8412
f 8415 8408 8412
f 8415 8410 8408
f 8416 8413 8409
f 8416 8409 8411
f 8411 8410 8415
f 8411 8415 8416
f 8416 8414 8413
f 8416 8417 8414
f 8413 8418 8412
f 8413 8419 8418
f 8414 8419 8413
f 8414 8420 8419
f 8418 8415 8412
f 8418 8422 8415
f 8416 8415 8422
f 8416 8422 8423
f 8423 8422 8418
f 8423 8418 8419
f 8424 8420 8414
f 8424 8414 8417
f 8417 8416 8423
f 8417 8423 8424
f 8424 8421 8420
f 8424 8425 8421
f 8420 8429 8419
f 8420 8430 8429
f 8430 8426 8429
f 8430 8427 8426
f 8421 8430 8420
f 8421 8431 8430
f 8430 8428 8427
f 8430 8431 8428
f 8432 8419 8429
f 8432 8423 8419
f 8424 8423 8432
f 8424 8432 8433
f 8432 8429 8430
f 8432 8430 8433
f 8434 8431 8421
f 8434 8421 8425
f 8425 8424 8433
f 8425 8433 8434
f 8433 8430 8431
f 8433 8431 8434
f 8427 8435 8426
f 8427 8436 8435
f 8428 8436 8427
f 8428 8437 8436
f 8438 8426 8435
f 8438 8429 8426
f 8430 8429 8438
f 8430 8438 8439
f 8438 8435 8436
f 8438 8436 8439
f 8440 8437 8428
f 8440 8428 8431
f 8431 8430 8439
f 8431 8439 8440
f 8437 8441 8436
f 8437 8442 8441
f 8444 8436 8441
f 8444 8439 8436
f 8445 8442 8437
f 8445 8437 8440
f 8440 8439 8444
f 8440 8444 8445
f 8446 8442 8445
f 8446 8443 8442
f 8448 8441 8442
f 8448 8447 8441
f 8443 8448 8442
f 8443 8449 8448
f 8447 8444 8441
f 8447 8450 8444
f 8451 8445 8444
f 8451 8444 8450
f 8449 8443 8446
f 8449 8446 8452
f 8446 8445 8451
f 8446 8451 8452
f 8453 8451 8450
f 8453 8454 8451
f 8459 8447 8448
f 8459 8458 8447
f 8449 8459 8448
f 8449 8460 8459
f 8459 8456 8455
f 8459 8460 8456
f 8463 8447 8458
f 8463 8450 8447
f 8462 8458 8457
f 8462 8463 8458
f 8465 8460 8449
f 8465 8449 8452
f 8452 8451 8464
f 8452 8464 8465
f 8465 8461 8460
f 8465 8466 8461
f 8467 8450 8463
f 8467 8453 8450
f 8468 8464 8451
f 8468 8451 8454
f 8454 8453 8467
f 8454 8467 8468
f 8467 8463 8464
f 8467 8464 8468
f 8456 8469 8455
f 8456 8470 8469
f 8472 8457 8458
f 8472 8471 8457
f 8469 8459 8455
f 8469 8473 8459
f 8459 8472 8458
f 8459 8473 8472
f 8470 8456 8460
f 8470 8460 8474
f 8473 8469 8470
f 8473 8470 8474
f 8461 8474 8460
f 8461 8475 8474
f 8471 8462 8457
f 8471 8476 8462
f 8477 8463 8462
f 8477 8462 8476
f 8478 8464 8463
f 8478 8463 8477
f 8465 8464 8478
f 8465 8478 8479
f 8475 8461 8466
f 8475 8466 8480
f 8466 8465 8479
f 8466 8479 8480
f 8479 8474 8475
f 8479 8475 8480
f 8481 8477 8476
f 8481 8482 8477
f 8472 8483 8471
f 8472 8484 8483
f 8485 8472 8473
f 8485 8484 8472
f 8486 8473 8474
f 8486 8485 8473
f 8483 8476 8471
f 8483 8488 8476
f 8489 8488 8483
f 8489 8483 8484
f 8490 8478 8477
f 8490 8477 8489
f 8489 8484 8485
f 8489 8485 8490
f 8486 8474 8479
f 8486 8479 8491
f 8491 8479 8478
f 8491 8478 8490
f 8491 8490 8485
f 8491 8485 8486
f 8488 8481 8476
f 8488 8493 8481
f 8493 8487 8492
f 8493 8488 8487
f 8489 8477 8482
f 8489 8482 8494
f 8494 8482 8481
f 8494 8481 8493
f 8495 8489 8494
f 8495 8490 8489
f 8497 8487 8488
f 8497 8496 8487
f 8498 8488 8489
f 8498 8497 8488
f 8499 8489 8490
f 8499 8498 8489
f 8496 8492 8487
f 8496 8500 8492
f 8501 8493 8492
f 8501 8492 8500
f 8502 8494 8493
f 8502 8493 8501
f 8499 8490 8495
f 8499 8495 8503
f 8503 8495 8494
f 8503 8494 8502
f 8503 8502 8498
f 8503 8498 8499
f 8504 8501 8500
f 8504 8505 8501
f 8506 8501 8505
f 8506 8502 8501
f 8508 8496 8497
f 8508 8507 8496
f 8509 8497 8498
f 8509 8508 8497
f 8507 8500 8496
f 8507 8510 8500
f 8509 8498 8502
f 8509 8502 8512
f 8511 8508 8509
f 8511 8509 8512
f 8510 8504 8500
f 8510 8513 8504
f 8514 8505 8504
f 8514 8504 8513
f 8513 8510 8511
f 8513 8511 8514
f 8512 8502 8506
f 8512 8506 8515
f 8515 8506 8505
f 8515 8505 8514
f 8514 8511 8512
f 8514 8512 8515
f 8508 8516 8507
f 8508 8517 8516
f 8519 8507 8516
f 8519 8510 8507
f 8520 8517 8508
f 8520 8508 8511
f 8511 8510 8519
f 8511 8519 8520
f 8520 8518 8517
f 8520 8521 8518
f 8517 8522 8516
f 8517 8523 8522
f 8518 8523 8517
f 8518 8524 8523
f 8526 8516 8522
f 8526 8519 8516
f 8520 8519 8526
f 8520 8526 8527
f 8526 8522 8523
f 8526 8523 8527
f 8528 8524 8518
f 8528 8518 8521
f 8521 8520 8527
f 8521 8527 8528
f 8529 8524 8528
f 8529 8525 8524
f 8524 8533 8523
f 8524 8534 8533
f 8534 8530 8533
f 8534 8531 8530
f 8525 8534 8524
f 8525 8535 8534
f 8534 8532 8531
f 8534 8535 8532
f 8536 8523 8533
f 8536 8527 8523
f 8528 8527 8536
f 8528 8536 8537
f 8538 8535 8525
f 8538 8525 8529
f 8529 8528 8537
f 8529 8537 8538
f 8531 8539 8530
f 8531 8540 8539
f 8532 8540 8531
f 8532 8541 8540
f 8542 8530 8539
f 8542 8533 8530
f 8543 8542 8539
f 8543 8539 8540
f 8544 8541 8532
f 8544 8532 8535
f 8545 8533 8542
f 8545 8536 8533
f 8537 8536 8545
f 8537 8545 8546
f 8546 8545 8542
f 8546 8542 8543
f 8547 8544 8535
f 8547 8535 8538
f 8547 8538 8537
f 8547 8537 8546
f 8547 8546 8543
f 8547 8543 8544
f 8541 8548 8540
f 8541 8549 8548
f 8551 8540 8548
f 8551 8543 8540
f 8552 8549 8541
f 8552 8541 8544
f 8544 8543 8551
f 8544 8551 8552
f 8553 8549 8552
f 8553 8550 8549
f 8555 8548 8549
f 8555 8554 8548
f 8550 8555 8549
f 8550 8556 8555
f 8557 8548 8554
f 8557 8551 8548
f 8552 8551 8557
f 8552 8557 8558
f 8556 8550 8553
f 8556 8553 8559
f 8553 8552 8558
f 8553 8558 8559
f 8562 8554 8555
f 8562 8561 8554
f 8556 8562 8555
f 8556 8563 8562
f 8565 8554 8561
f 8565 8557 8554
f 8564 8561 8560
f 8564 8565 8561
f 8566 8558 8557
f 8566 8557 8565
f 8567 8563 8556
f 8567 8556 8559
f 8559 8558 8566
f 8559 8566 8567
f 8569 8560 8561
f 8569 8568 8560
f 8570 8561 8562
f 8570 8569 8561
f 8563 8570 8562
f 8563 8571 8570
f 8568 8564 8560
f 8568 8572 8564
f 8573 8565 8564
f 8573 8564 8572
f 8574 8566 8565
f 8574 8565 8573
f 8575 8571 8563
f 8575 8563 8567
f 8567 8566 8574
f 8567 8574 8575
f 8577 8568 8569
f 8577 8576 8568
f 8570 8577 8569
f 8570 8578 8577
f 8579 8570 8571
f 8579 8578 8570
f 8576 8572 8568
f 8576 8581 8572
f 8582 8573 8572
f 8582 8572 8581
f 8574 8573 8582
f 8574 8582 8583
f 8579 8571 8575
f 8579 8575 8584
f 8584 8575 8574
f 8584 8574 8583
f 8584 8583 8578
f 8584 8578 8579
f 8586 8580 8585
f 8586 8581 8580
f 8587 8581 8586
f 8587 8582 8581
f 8588 8582 8587
f 8588 8583 8582
f 8577 8589 8576
f 8577 8590 8589
f 8591 8577 8578
f 8591 8590 8577
f 8589 8581 8576
f 8589 8593 8581
f 8593 8580 8581
f 8593 8592 8580
f 8594 8593 8589
f 8594 8589 8590
f 8591 8578 8583
f 8591 8583 8595
f 8595 8594 8590
f 8595 8590 8591
f 8592 8585 8580
f 8592 8596 8585
f 8586 8585 8596
f 8586 8596 8597
f 8598 8587 8586
f 8598 8586 8597
f 8595 8583 8588
f 8595 8588 8599
f 8599 8588 8587
f 8599 8587 8598
f 8599 8598 8594
f 8599 8594 8595
f 8600 8597 8596
f 8600 8601 8597
f 8603 8592 8593
f 8603 8602 8592
f 8604 8593 8594
f 8604 8603 8593
f 8602 8596 8592
f 8602 8605 8596
f 8604 8594 8598
f 8604 8598 8607
f 8607 8598 8597
f 8607 8597 8606
f 8607 8606 8603
f 8607 8603 8604
f 8605 8600 8596
f 8605 8608 8600
f 8609 8606 8597
f 8609 8597 8601
f 8601 8600 8608
f 8601 8608 8609
f 8609 8608 8605
f 8609 8605 8606
f 8603 8610 8602
f 8603 8611 8610
f 8613 8602 8610
f 8613 8605 8602
f 8614 8611 8603
f 8614 8603 8606
f 8606 8605 8613
f 8606 8613 8614
f 8615 8611 8614
f 8615 8612 8611
f 8611 8616 8610
f 8611 8617 8616
f 8612 8617 8611
f 8612 8618 8617
f 8620 8610 8616
f 8620 8613 8610
f 8614 8613 8620
f 8614 8620 8621
f 8620 8616 8617
f 8620 8617 8621
f 8618 8612 8615
f 8618 8615 8622
f 8615 8614 8621
f 8615 8621 8622
f 8623 8618 8622
f 8623 8619 8618
f 8618 8627 8617
f 8618 8628 8627
f 8628 8624 8627
f 8628 8625 8624
f 8619 8628 8618
f 8619 8629 8628
f 8628 8626 8625
f 8628 8629 8626
f 8630 8617 8627
f 8630 8621 8617
f 8622 8621 8630
f 8622 8630 8631
f 8632 8629 8619
f 8632 8619 8623
f 8623 8622 8631
f 8623 8631 8632
f 8625 8633 8624
f 8625 8634 8633
f 8626 8634 8625
f 8626 8635 8634
f 8636 8624 8633
f 8636 8627 8624
f 8638 8635 8626
f 8638 8626 8629
f 8639 8627 8636
f 8639 8630 8627
f 8631 8630 8639
f 8631 8639 8640
f 8639 8636 8637
f 8639 8637 8640
f 8641 8638 8629
f 8641 8629 8632
f 8641 8632 8631
f 8641 8631 8640
f 8641 8640 8637
f 8641 8637 8638
f 8634 8642 8633
f 8634 8643 8642
f 8635 8643 8634
f 8635 8644 8643
f 8646 8633 8642
f 8646 8636 8633
f 8637 8636 8646
f 8637 8646 8647
f 8646 8642 8643
f 8646 8643 8647
f 8648 8644 8635
f 8648 8635 8638
f 8638 8637 8647
f 8638 8647 8648
f 8649 8644 8648
f 8649 8645 8644
f 8644 8650 8643
f 8644 8651 8650
f 8645 8651 8644
f 8645 8652 8651
f 8650 8647 8643
f 8650 8653 8647
f 8648 8647 8653
f 8648 8653 8654
f 8652 8645 8649
f 8652 8649 8655
f 8649 8648 8654
f 8649 8654 8655
f 8657 8653 8656
f 8657 8654 8653
f 8660 8650 8651
f 8660 8659 8650
f 8652 8660 8651
f 8652 8661 8660
f 8663 8650 8659
f 8663 8653 8650
f 8662 8659 8658
f 8662 8663 8659
f 8661 8652 8655
f 8661 8655 8665
f 8665 8655 8654
f 8665 8654 8664
f 8666 8653 8663
f 8666 8656 8653
f 8664 8654 8657
f 8664 8657 8667
f 8657 8656 8666
f 8657 8666 8667
f 8666 8663 8664
f 8666 8664 8667
f 8669 8658 8659
f 8669 8668 8658
f 8670 8659 8660
f 8670 8669 8659
f 8661 8670 8660
f 8661 8671 8670
f 8668 8662 8658
f 8668 8673 8662
f 8674 8663 8662
f 8674 8662 8673
f 8675 8664 8663
f 8675 8663 8674
f 8676 8671 8661
f 8676 8661 8665
f 8665 8664 8675
f 8665 8675 8676
f 8677 8671 8676
f 8677 8672 8671
f 8669 8678 8668
f 8669 8679 8678
f 8670 8679 8669
f 8670 8680 8679
f 8681 8670 8671
f 8681 8680 8670
f 8682 8671 8672
f 8682 8681 8671
f 8678 8673 8668
f 8678 8683 8673
f 8684 8674 8673
f 8684 8673 8683
f 8675 8674 8684
f 8675 8684 8685
f 8686 8676 8675
f 8686 8675 8685
f 8682 8672 8677
f 8682 8677 8687
f 8687 8677 8676
f 8687 8676 8686
f 8687 8686 8681
f 8687 8681 8682
f 8688 8684 8683
f 8688 8689 8684
f 8690 8684 8689
f 8690 8685 8684
f 8679 8691 8678
f 8679 8692 8691
f 8693 8679 8680
f 8693 8692 8679
f 8694 8680 8681
f 8694 8693 8680
f 8691 8683 8678
f 8691 8696 8683
f 8697 8696 8691
f 8697 8691 8692
f 8698 8697 8692
f 8698 8692 8693
f 8694 8681 8686
f 8694 8686 8699
f 8699 8686 8685
f 8699 8685 8698
f 8699 8698 8693
f 8699 8693 8694
f 8696 8688 8683
f 8696 8701 8688
f 8701 8695 8700
f 8701 8696 8695
f 8702 8689 8688
f 8702 8688 8701
f 8698 8685 8690
f 8698 8690 8703
f 8703 8690 8689
f 8703 8689 8702
f 8703 8702 8697
f 8703 8697 8698
f 8705 8695 8696
f 8705 8704 8695
f 8706 8696 8697
f 8706 8705 8696
f 8704 8700 8695
f 8704 8707 8700
f 8708 8701 8700
f 8708 8700 8707
f 8706 8697 8702
f 8706 8702 8709
f 8709 8702 8701
f 8709 8701 8708
f 8709 8708 8705
f 8709 8705 8706
f 8711 8704 8705
f 8711 8710 8704
f 8710 8707 8704
f 8710 8712 8707
f 8713 8711 8705
f 8713 8705 8708
f 8713 8708 8707
f 8713 8707 8712
f 8712 8710 8711
f 8712 8711 8713
