# parsimony mesh: cplx_CPLX0-12216 (source /Users/eranagmon/code/v2e-cplx/workspace/studies/ecoli-3d/viz/3d/structures/cplx_CPLX0-12216.pdb)
# atoms: 5332  voxel: 2.5 Å  verts: 9160  tris: 19164
v 55.1737 -61.6712 -45.6963
v 56.1236 -61.6712 -45.6963
v 52.9639 -59.0973 -45.5966
v 54.3086 -60.0468 -45.8335
v 56.4135 -60.2210 -45.8688
v 52.9639 -58.9171 -45.5966
v 54.2611 -58.6974 -45.7940
v 56.1018 -58.6601 -45.8279
v -54.8662 48.1118 -45.7996
v -53.2389 48.0116 -45.8858
v -51.7464 48.2564 -45.7474
v -55.0155 49.7790 -45.8935
v -53.2405 49.7895 -45.9437
v -51.7464 48.9631 -45.7474
v -54.8137 51.2114 -45.7576
v -54.0750 51.2114 -45.7576
v 55.1006 -66.8601 -43.3584
v 56.0873 -66.8601 -43.3584
v 47.8283 -64.1152 -43.1482
v 48.5633 -64.1152 -43.1482
v 52.2803 -64.4138 -43.4709
v 54.2648 -65.2366 -43.6223
v 56.8568 -65.2851 -43.5356
v 58.2523 -64.4946 -43.3265
v 47.8283 -63.6308 -43.1482
v 48.5633 -63.6308 -43.1482
v 51.9609 -62.7210 -43.8127
v 54.3086 -62.5911 -44.7943
v 57.0356 -62.4621 -44.1330
v 58.2523 -63.2530 -43.3265
v 50.3819 -59.3817 -43.1884
v 51.8194 -60.0728 -44.2501
v 53.5070 -60.7640 -45.3118
v 57.3731 -60.2210 -44.2988
v 50.3819 -58.7142 -43.1884
v 51.9828 -58.3141 -44.1325
v 54.2611 -57.7949 -44.2988
v 56.3364 -58.4235 -44.2988
v -54.9269 43.1072 -43.2569
v -53.2389 43.0096 -43.3286
v -51.8027 43.2583 -43.2138
v -62.0791 45.8796 -43.1171
v -61.6200 45.8796 -43.1171
v -57.7065 45.4005 -43.5701
v -55.7517 44.6519 -43.6744
v -53.2389 44.7790 -43.8124
v -51.5923 44.7790 -43.4214
v -62.0791 46.1543 -43.1171
v -61.6200 46.1543 -43.1171
v -57.8409 47.2790 -43.7836
v -55.7153 47.2787 -44.8245
v -53.2389 46.7616 -44.7826
v -51.4815 47.3654 -44.2479
v -57.7479 49.7790 -43.7000
v -55.5385 50.2951 -44.1849
v -53.2405 50.5405 -44.1184
v -51.6116 49.2027 -44.2988
v -57.5825 51.5163 -43.4586
v -55.5248 51.3638 -44.1450
v -54.0750 51.2114 -44.8315
v 52.8034 -66.5402 -40.6747
v 54.2648 -66.8877 -41.6243
v 56.4828 -66.9400 -41.7988
v 47.4430 -64.4321 -41.7988
v 49.3424 -64.7377 -42.0134
v 51.7085 -65.3572 -41.8322
v 53.4339 -66.0804 -42.3414
v 57.7328 -66.1324 -41.7988
v 58.3503 -64.8824 -41.7988
v 47.3932 -62.7669 -41.8286
v 49.3424 -62.7669 -42.5848
v 50.7109 -62.7210 -42.7440
v 57.9476 -61.5863 -42.9875
v 58.5902 -62.5402 -42.0120
v 47.7386 -61.2214 -41.0152
v 49.5966 -60.3015 -41.8583
v 50.6749 -61.0483 -42.7014
v 57.4707 -60.0976 -42.0120
v 58.5240 -60.8487 -41.3209
v 50.3894 -58.7456 -41.7988
v 51.7298 -57.3201 -42.0340
v 54.2611 -56.8185 -42.7975
v 56.7591 -57.5917 -41.6677
v 58.0510 -56.6316 -40.5969
v 52.6126 -55.2210 -41.2245
v 54.2611 -55.2210 -41.6930
v 56.5891 -55.4231 -40.9524
v 58.0510 -56.3912 -40.5969
v 52.9486 -53.9121 -40.6410
v 54.2611 -53.8716 -40.6942
v 55.6410 -53.8973 -40.6505
v -59.6830 43.4822 -40.6292
v -58.2389 43.2865 -40.9386
v -55.7517 42.8559 -41.8124
v -53.2389 42.3868 -41.7988
v -51.5814 43.0208 -41.7988
v -62.3503 45.4624 -41.7988
v -60.6515 44.8179 -41.7812
v -58.4194 44.6519 -42.2913
v -56.5936 43.7338 -42.6548
v -51.1385 44.7790 -41.7988
v -62.3503 46.6246 -41.7988
v -60.7311 47.2595 -41.8119
v -59.0909 47.2790 -42.4434
v -50.8381 47.2790 -41.7988
v -59.8422 48.7530 -40.6905
v -58.9305 49.6634 -41.6338
v -54.5693 50.9833 -42.9709
v -53.0289 50.7502 -42.0020
v -51.2810 49.4648 -41.7988
v -57.7503 52.3214 -41.7298
v -55.5371 52.3214 -42.6241
v -53.0289 52.0994 -41.5444
v -51.8150 52.8129 -40.7176
v -57.1069 53.7508 -40.8504
v -55.7389 54.2611 -41.3263
v -53.2389 54.2729 -41.2267
v -51.8150 53.7666 -40.7176
v 52.5360 -66.7091 -39.2988
v 54.2611 -67.2156 -39.2988
v 56.6526 -66.9775 -39.2988
v 47.4365 -64.4417 -39.8598
v 49.2611 -64.8213 -39.4501
v 51.2273 -65.3688 -39.0832
v 57.9026 -66.3283 -39.2988
v 59.1377 -65.3351 -39.3097
v 61.1800 -64.7681 -38.4836
v 47.3707 -62.8050 -39.1354
v 49.2611 -63.4051 -38.2001
v 50.6716 -63.4931 -38.1062
v 59.6366 -62.5526 -39.3097
v 61.1800 -63.2737 -38.4836
v 47.6415 -61.0966 -39.2988
v 49.4913 -60.1049 -39.5142
v 50.8620 -59.6933 -38.8244
v 57.4975 -59.1820 -40.0923
v 58.5947 -60.0976 -39.2749
v 50.4781 -58.9272 -40.4911
v 51.7021 -57.8092 -39.3626
v 53.2602 -56.6913 -38.2342
v 57.6674 -57.5324 -39.3436
v 58.1017 -57.5324 -39.3436
v 52.6126 -55.2210 -39.9307
v 53.4418 -55.2210 -38.6807
v 57.3243 -55.4231 -39.3764
v 58.0510 -56.3912 -40.2615
v 52.9486 -53.9121 -40.3727
v 54.2062 -53.7089 -39.4431
v 56.0329 -53.6875 -39.2988
v -59.6830 43.4822 -40.4434
v -58.2446 43.0952 -39.4855
v -55.7389 42.2623 -39.2988
v -53.2389 42.2559 -39.2988
v -50.7746 42.9753 -39.1466
v -48.2389 43.3384 -38.1864
v -46.9738 43.5130 -38.0693
v -62.3806 45.4229 -39.8401
v -60.6707 44.7868 -39.3084
v -59.0818 44.1507 -38.7767
v -50.2850 44.7790 -39.8007
v -48.2389 44.7790 -38.5747
v -46.9712 44.7790 -38.0727
v -62.3806 46.6980 -39.8401
v -61.2145 47.4304 -39.1236
v -50.0885 47.3774 -39.3525
v -48.2389 46.4723 -38.4371
v -46.9804 46.0393 -38.0602
v -60.0189 48.7630 -39.2988
v -58.6762 50.0130 -39.2988
v -52.0555 50.9792 -40.3664
v -51.1655 49.9991 -39.4393
v -57.4095 52.0683 -39.3820
v -56.6167 52.7612 -38.6041
v -52.0555 51.1463 -40.3664
v -51.6990 52.0994 -39.4393
v -57.1069 53.7508 -40.2708
v -55.7655 54.5726 -39.3820
v -53.2389 55.2009 -39.2988
v -51.7162 54.0628 -39.2988
v 52.4179 -69.5337 -36.0410
v 54.2611 -69.5577 -36.1373
v 56.3035 -69.1906 -35.8413
v 52.1829 -67.6199 -36.8441
v 54.2611 -68.2366 -37.3873
v 57.1419 -67.9335 -36.9342
v 59.2611 -67.1533 -36.5929
v 60.8610 -66.5617 -36.1292
v 50.4270 -64.0900 -36.0384
v 51.1351 -65.0424 -36.8426
v 57.9804 -66.4224 -38.0272
v 59.2611 -66.4074 -37.8429
v 61.4534 -65.4493 -36.8970
v 47.7908 -62.0277 -37.8493
v 49.5591 -62.7604 -36.9439
v 50.6716 -63.4931 -37.7051
v 57.5849 -61.8494 -36.2419
v 59.4134 -61.7282 -36.7494
v 61.2476 -62.5526 -36.5736
v 47.7908 -61.2214 -37.8493
v 49.4191 -61.1471 -36.9291
v 51.1676 -60.0034 -36.7988
v 57.2214 -60.2210 -36.3727
v 59.2736 -60.7528 -36.7517
v 60.5179 -61.4619 -35.5902
v 52.4176 -58.2776 -36.7988
v 53.5722 -57.0276 -36.7988
v 57.6109 -57.7801 -36.9450
v 58.4727 -57.7801 -36.9450
v 54.6551 -54.9759 -36.5538
v 56.9571 -54.9015 -36.7464
v 58.7929 -55.8239 -36.2691
v 55.0030 -53.6666 -37.2238
v 56.0769 -53.6666 -37.2238
v -57.3449 40.3136 -35.9665
v -55.7389 40.0658 -36.2955
v -53.2389 40.4907 -36.2441
v -51.1590 40.8802 -35.8979
v -57.3800 42.4605 -36.6292
v -56.2401 42.3606 -36.7225
v -53.2389 41.6287 -37.4941
v -50.4909 41.7203 -36.7583
v -48.2389 42.6493 -36.7988
v -46.9241 43.4519 -36.7988
v -59.8689 45.8649 -36.7988
v -58.2446 44.4341 -36.5947
v -56.9085 43.5897 -35.6252
v -47.0350 45.6241 -36.2347
v -46.9320 44.7861 -36.9603
v -60.0049 47.0370 -36.9240
v -58.9987 47.7089 -36.1742
v -52.2439 47.8795 -35.8541
v -50.6472 47.8493 -36.7320
v -48.0165 46.7452 -36.9603
v -46.9804 46.0393 -37.9014
v -59.8422 48.6169 -37.8409
v -58.0066 49.6930 -37.0196
v -56.5688 50.7691 -36.1983
v -52.2439 49.0832 -35.8541
v -51.1715 49.8615 -36.7320
v -57.0146 51.0945 -37.8650
v -56.0936 52.0683 -36.9385
v -50.3994 52.1221 -36.6518
v -49.3589 52.8508 -35.7204
v -54.9348 54.2779 -36.7988
v -53.2389 55.0325 -36.7988
v -50.8751 54.2211 -36.6518
v -49.3589 53.6765 -35.7204
v 52.4135 -69.5361 -34.2988
v 54.2611 -69.9906 -34.2988
v 56.3647 -69.4254 -34.2988
v 52.3162 -67.7334 -34.1917
v 53.2276 -66.9084 -33.2870
v 57.6029 -67.9624 -34.1141
v 59.1358 -67.1997 -34.1141
v 61.7210 -66.9997 -34.4930
v 63.7282 -66.9568 -33.7892
v 50.3402 -64.2229 -34.2988
v 51.7942 -65.4868 -34.1917
v 53.2276 -66.1614 -33.2870
v 57.8593 -66.2967 -33.1577
v 58.2189 -66.2967 -33.1577
v 62.4373 -65.2210 -35.0088
v 63.7044 -65.2210 -33.7588
v 50.2824 -62.7563 -34.3360
v 50.9197 -61.9466 -33.5276
v 57.5849 -61.8494 -35.0797
v 59.5578 -61.7267 -34.4576
v 61.7744 -62.2423 -34.1961
v 63.1768 -62.7210 -33.2165
v 50.3577 -61.2918 -35.1942
v 51.8109 -60.3059 -34.2548
v 53.2218 -59.3200 -33.3154
v 57.2214 -60.2210 -35.0481
v 59.5199 -60.7528 -34.5284
v 61.7091 -61.4601 -34.2841
v 63.0247 -61.4584 -33.0661
v 52.7022 -58.6595 -34.9821
v 53.8196 -57.7841 -34.2088
v 57.3845 -58.7935 -35.3502
v 58.8876 -57.8645 -34.4297
v 55.1137 -55.6525 -34.2988
v 56.7611 -55.0032 -34.2988
v 58.7863 -55.8217 -34.2988
v -57.2944 40.4071 -34.2988
v -55.7389 39.5001 -34.2988
v -53.2389 39.7767 -34.2988
v -51.2055 40.6837 -34.2988
v -57.2944 41.8723 -34.2988
v -56.6489 43.1223 -34.2988
v -52.2414 43.3834 -33.0847
v -50.8056 42.2041 -33.7785
v -48.2389 41.9456 -34.2988
v -45.9462 42.8035 -34.2140
v -44.2935 43.1517 -33.3241
v -59.4927 46.0218 -35.5187
v -58.3848 45.1261 -34.5307
v -56.6489 43.6558 -34.2988
v -52.2414 43.6220 -33.0847
v -51.9392 43.6220 -33.0847
v -47.0350 45.6241 -35.4527
v -45.9212 44.7428 -34.3884
v -44.2935 43.8615 -33.3241
v -59.4927 46.0423 -35.5187
v -58.3237 47.1863 -34.4602
v -56.6968 48.3303 -33.4017
v -52.2439 47.8795 -35.2350
v -50.6912 47.7293 -34.3605
v -48.0165 46.9805 -34.4911
v -46.5915 46.6316 -33.7860
v -57.3320 49.1024 -35.0684
v -56.1204 49.8730 -34.2605
v -52.2439 49.0832 -35.2350
v -50.8536 49.8615 -34.3605
v -54.8757 52.1467 -34.3117
v -54.0084 52.8918 -33.4870
v -49.9564 52.1221 -34.3434
v -49.3589 52.8508 -35.2065
v -54.6224 53.7645 -35.1537
v -53.2006 54.0769 -34.3117
v -50.7940 54.0241 -34.3434
v -49.3589 53.6765 -35.2065
v 55.3252 -71.5695 -30.8537
v 55.7185 -71.5695 -30.8537
v 52.8075 -69.1618 -32.7177
v 54.2835 -70.0929 -31.7857
v 56.6210 -70.1069 -31.6751
v 58.1441 -69.1899 -30.8299
v 52.8075 -68.5750 -32.7177
v 53.4890 -67.7334 -31.8501
v 57.5316 -67.7210 -32.4420
v 59.0148 -67.5294 -31.8109
v 61.7611 -67.5088 -31.7988
v 63.9196 -67.1711 -31.7988
v 50.3673 -64.1879 -32.8905
v 51.7611 -64.5265 -32.5251
v 53.4488 -65.2852 -31.7248
v 57.8593 -66.2967 -32.7920
v 58.2189 -66.2967 -32.7920
v 64.3291 -65.2210 -31.7988
v 50.3673 -63.6133 -32.8905
v 51.7562 -62.7563 -32.4551
v 53.5070 -62.7210 -31.1754
v 60.2852 -61.6040 -32.9043
v 61.2336 -61.6040 -32.9043
v 63.5642 -62.7210 -31.7988
v 52.5863 -60.9867 -32.7576
v 54.1986 -60.0891 -31.7262
v 56.7611 -59.4568 -30.7771
v 59.2695 -59.8683 -31.7639
v 61.9016 -60.5430 -31.8873
v 63.1547 -61.3290 -31.7988
v 54.8975 -57.7210 -32.3447
v 56.7611 -57.7210 -31.6502
v 59.1171 -58.1264 -31.7183
v 60.9030 -58.6671 -30.8702
v 55.3156 -56.2049 -32.7973
v 56.7611 -56.1075 -32.6719
v 58.2629 -56.2524 -32.7978
v 57.8617 -41.5948 -30.6374
v 58.3027 -41.5948 -30.6374
v 57.8617 -41.2152 -30.6374
v 58.3027 -41.2152 -30.6374
v -54.7838 38.2587 -31.1953
v -53.2389 38.2841 -31.1426
v -51.9345 38.4727 -30.6941
v -57.0403 40.9152 -32.9889
v -55.5758 39.8186 -32.0921
v -53.2389 39.0651 -32.3926
v -51.5229 39.8421 -31.6360
v -57.0403 41.3907 -32.9889
v -56.0227 42.2460 -32.0129
v -52.2414 43.3834 -32.9944
v -50.9437 42.4549 -32.3112
v -48.2389 41.9362 -31.7988
v -45.5030 42.4447 -31.5839
v -44.2935 43.1517 -32.2739
v -57.6488 45.3041 -32.6354
v -56.1539 44.5941 -31.8007
v -52.2414 43.6220 -32.9944
v -51.9392 43.6220 -32.9944
v -44.9844 44.7285 -31.5839
v -44.2935 43.8615 -32.2739
v -57.6488 46.6637 -32.6354
v -55.8083 47.5951 -31.5944
v -54.4852 48.5265 -30.5535
v -49.8261 48.0763 -32.7147
v -48.2389 48.0163 -32.5486
v -46.3359 47.3905 -31.8491
v -54.9684 49.7790 -32.3383
v -53.4867 49.9621 -31.0065
v -50.5826 50.2669 -31.5974
v -48.3805 49.7829 -31.2910
v -46.7649 48.9521 -31.0493
v -54.5870 51.2251 -32.9301
v -53.2006 52.1467 -32.3998
v -50.6560 51.7640 -31.6663
v -49.3083 51.0773 -30.7861
v -52.3417 53.6748 -32.8755
v -51.6640 53.6748 -32.8755
v -49.9449 68.4627 -30.5795
v -49.4541 68.4627 -30.5795
v -49.9449 68.5797 -30.5795
v -49.4541 68.5797 -30.5795
v 55.3252 -71.5695 -30.2465
v 55.7185 -71.5695 -30.2465
v 54.8260 -70.2762 -29.3674
v 56.8396 -70.1681 -29.2066
v 58.1441 -69.1899 -29.8333
v 54.3973 -67.7210 -29.2988
v 57.9607 -68.8936 -28.1667
v 59.0909 -68.0261 -29.1195
v 61.5382 -66.8412 -29.2753
v 63.5053 -66.9187 -30.0930
v 54.4489 -65.2210 -29.2988
v 62.3381 -65.2210 -28.4170
v 64.1030 -64.9658 -29.2008
v 66.7611 -64.5136 -28.4980
v 68.0502 -64.0398 -28.1172
v 54.7773 -62.8139 -29.2750
v 55.8124 -62.0425 -28.4258
v 62.9021 -63.9127 -28.1621
v 63.9675 -63.2317 -29.2546
v 66.9564 -62.7493 -28.7100
v 68.0502 -63.6015 -28.1172
v 55.1753 -60.8582 -30.0925
v 56.6919 -60.4702 -29.2750
v 58.3772 -59.4295 -29.2988
v 62.5697 -59.6276 -29.8229
v 64.0018 -60.2713 -29.1874
v 66.2534 -60.9151 -28.5519
v 59.6272 -58.5296 -29.2988
v 61.7463 -58.5342 -29.1133
v 63.1479 -58.8316 -28.1563
v 60.1626 -46.9544 -28.3826
v 61.7611 -47.0800 -28.4216
v 63.1804 -46.7997 -28.2120
v 60.1626 -45.9643 -28.3826
v 61.7611 -45.8981 -28.4216
v 64.2965 -45.1221 -28.1536
v 66.1344 -44.0303 -28.0952
v 55.3416 -41.7547 -28.2929
v 56.9215 -42.0656 -29.1952
v 59.1861 -42.2203 -29.3899
v 61.2682 -42.0125 -28.6173
v 64.9332 -42.7210 -28.2172
v 66.8851 -42.9364 -28.3055
v 68.3776 -42.2467 -28.2520
v 55.3416 -40.8758 -28.2929
v 56.9323 -40.2122 -29.0831
v 59.0756 -40.2345 -29.2453
v 61.2682 -40.9204 -28.6173
v 64.8392 -41.2637 -28.2270
v 66.7611 -41.1590 -28.3348
v 68.3776 -41.2623 -28.2520
v 57.6695 -38.9265 -28.2066
v 58.1818 -38.9265 -28.2066
v -54.7838 38.2587 -29.9085
v -53.2389 38.2841 -29.7637
v -51.9345 38.4727 -30.1423
v -54.8425 39.7893 -29.1646
v -53.2389 39.0421 -28.5137
v -51.5411 39.6792 -29.3049
v -54.7957 42.2292 -29.2137
v -54.3159 43.0294 -28.3236
v -50.2200 41.7991 -29.2988
v -48.2292 42.7343 -29.2408
v -45.3660 43.1714 -29.3094
v -44.3074 43.4986 -28.5833
v -54.9781 44.7704 -29.2137
v -54.3159 43.9313 -28.3236
v -47.3895 43.9775 -28.3688
v -45.3978 44.4355 -29.2881
v -43.3800 44.6632 -28.8105
v -41.7266 45.4193 -28.4132
v -54.9377 46.7894 -29.2988
v -53.9937 48.0394 -29.2988
v -45.2207 47.2790 -29.6821
v -43.2389 47.2790 -28.7170
v -41.7845 47.2790 -28.3337
v -52.7437 49.1947 -29.2988
v -51.1056 50.4447 -29.2988
v -47.6416 50.6187 -29.9686
v -45.9598 49.6769 -29.0790
v -43.2389 48.6916 -28.1658
v -41.9787 48.5398 -28.0642
v -49.8556 51.0900 -29.2988
v -48.3805 51.1496 -29.2007
v -46.8214 51.1485 -28.3019
v -49.5761 63.4003 -28.1085
v -48.2389 62.8808 -28.3532
v -46.5754 62.7935 -28.3950
v -49.5761 64.1565 -28.1085
v -48.2389 64.3628 -28.3532
v -45.7008 64.8855 -28.2999
v -43.2389 65.5908 -28.4014
v -41.6157 65.7160 -28.3629
v -52.7924 67.7642 -28.8447
v -50.7625 67.5565 -29.5264
v -48.9529 67.8870 -29.2988
v -44.8262 66.6338 -28.2048
v -43.3214 67.3919 -28.4161
v -41.5089 67.2790 -28.3909
v -52.7924 69.1436 -28.8447
v -50.7625 69.1317 -29.5264
v -48.9529 68.8214 -29.2988
v -42.5431 68.6457 -28.1907
v -41.7221 68.6457 -28.1907
v 55.1577 -69.4797 -27.7732
v 56.2940 -69.4797 -27.7732
v 55.2123 -67.7210 -27.7764
v 57.0451 -67.7326 -27.0339
v 59.2611 -67.3227 -26.7988
v 61.5382 -66.9589 -26.8323
v 64.2611 -66.9172 -26.0552
v 65.5810 -66.5316 -25.7515
v 55.1046 -65.2779 -26.9962
v 56.1294 -66.1492 -26.2946
v 62.3381 -65.2210 -27.6582
v 64.0401 -65.3638 -27.3579
v 66.6583 -65.1660 -26.8269
v 68.0502 -64.0398 -27.9023
v 55.0367 -63.3297 -26.7988
v 56.3524 -62.0797 -26.7988
v 59.6977 -61.6530 -25.7805
v 61.7925 -62.7828 -26.8346
v 63.0594 -63.9127 -27.8887
v 67.5937 -62.7493 -26.9609
v 68.0502 -63.6015 -27.9023
v 57.6024 -60.9722 -26.7988
v 59.0803 -60.2530 -26.3624
v 60.6829 -60.9606 -25.7805
v 64.8146 -59.2484 -27.3516
v 66.2992 -60.1374 -26.6305
v 59.8673 -58.3490 -26.7988
v 62.0093 -57.3898 -26.5491
v 63.9129 -58.0374 -26.4504
v 65.5783 -58.9100 -25.6849
v 63.0082 -56.4708 -25.5493
v 63.0113 -56.4708 -25.5493
v 60.2572 -49.1735 -25.9270
v 61.7611 -49.3012 -26.1622
v 63.2385 -49.2088 -25.9885
v 72.7494 -49.1975 -25.7034
v 73.5241 -49.1975 -25.7034
v 82.7529 -49.4082 -25.6533
v 83.1610 -49.4082 -25.6533
v 55.4670 -46.5203 -25.5977
v 56.7611 -46.7894 -25.8649
v 59.3765 -47.7336 -26.7575
v 61.7611 -48.3300 -27.4122
v 63.5935 -47.6682 -26.8126
v 70.4652 -46.5196 -25.5688
v 71.7596 -47.4249 -25.6361
v 74.2032 -47.6492 -25.6984
v 75.9632 -46.9682 -25.6934
v 82.7529 -48.7366 -25.6533
v 83.1610 -48.7366 -25.6533
v 55.1052 -45.2210 -25.9606
v 56.7611 -45.2210 -26.4635
v 59.3020 -45.1670 -27.2824
v 61.7611 -44.6481 -27.4567
v 64.3588 -45.2289 -27.1167
v 66.4817 -44.4901 -26.7988
v 70.4652 -46.3953 -25.5688
v 70.7698 -46.3953 -25.5688
v 74.8823 -46.1008 -25.6934
v 76.8258 -45.2374 -25.6784
v 78.2183 -44.3741 -25.6635
v 55.1778 -42.5791 -26.8725
v 56.3821 -42.6709 -26.8111
v 59.2611 -43.5647 -27.4363
v 61.9654 -42.7959 -27.5428
v 63.6832 -42.7210 -27.6272
v 67.7317 -43.3805 -26.7988
v 69.2310 -42.3672 -26.9140
v 71.7611 -42.1870 -26.3777
v 73.3727 -41.8114 -26.0453
v 77.6885 -43.7888 -25.6635
v 78.2183 -43.7888 -25.6635
v 55.3416 -40.8758 -27.6961
v 56.7731 -40.1055 -26.9680
v 59.1135 -39.4962 -26.9635
v 61.9654 -40.3993 -27.0164
v 64.1079 -40.4711 -27.0164
v 66.7611 -40.5079 -26.7988
v 69.2808 -40.5135 -26.8540
v 71.7611 -40.2210 -27.0011
v 73.8530 -40.2210 -26.2934
v 57.6695 -38.9265 -27.9067
v 58.1818 -38.9265 -27.9067
v 70.1840 -38.3843 -25.8838
v 71.7611 -38.0832 -26.1722
v 73.7720 -38.3740 -26.0450
v -54.5711 40.6296 -27.9676
v -53.2389 40.2921 -27.8818
v -51.8047 40.4460 -27.9073
v -54.5711 41.3627 -27.9676
v -53.3818 42.3470 -27.1041
v -50.8784 41.9035 -26.9639
v -48.2292 42.5312 -26.8415
v -45.5274 42.7437 -26.8415
v -43.9262 43.1610 -26.7988
v -54.7228 45.3873 -26.7988
v -54.0783 44.1373 -26.7988
v -47.3895 43.9775 -27.7033
v -46.2197 43.9775 -27.7033
v -42.5769 44.6632 -26.6224
v -41.7266 45.4193 -27.3381
v -54.7228 46.3071 -26.7988
v -53.0949 47.6308 -26.8647
v -51.3326 48.3278 -26.0753
v -42.1626 47.2790 -26.2294
v -41.7845 47.2790 -27.4794
v -52.1656 48.6949 -27.7420
v -50.7570 49.6285 -26.8647
v -45.0758 50.4908 -26.7988
v -43.0898 49.1049 -27.0197
v -41.9787 48.5398 -28.0003
v -49.6912 51.2873 -26.7988
v -48.2389 51.7750 -26.7988
v -46.3258 51.5167 -26.7988
v -27.1144 58.4319 -25.6323
v -26.7974 58.4319 -25.6323
v -49.6846 60.9649 -25.6635
v -48.2389 60.5333 -26.2174
v -46.4238 60.4322 -26.3255
v -35.3163 60.8264 -25.6310
v -34.3679 60.8264 -25.6310
v -27.1144 59.0577 -25.6323
v -26.7974 59.0577 -25.6323
v -54.4992 63.5146 -25.5626
v -53.2389 63.0156 -25.9201
v -50.4637 62.2962 -26.6801
v -48.2389 61.6308 -27.4674
v -45.9366 62.0877 -27.0148
v -35.3432 62.2790 -25.7126
v -33.4163 62.4564 -25.7285
v -31.8233 63.4080 -25.6298
v -54.6267 64.7790 -25.7312
v -53.2389 64.7790 -26.5416
v -50.5413 64.9055 -27.6760
v -48.2389 65.6128 -27.7565
v -45.5526 64.7186 -27.1826
v -43.2389 64.7630 -26.7988
v -41.2644 65.5444 -26.7988
v -34.8006 63.7478 -25.6850
v -33.2389 64.2395 -25.7117
v -31.8233 64.2575 -25.6298
v -54.6622 66.2963 -25.7782
v -53.2829 67.0303 -26.7964
v -50.7389 66.1131 -27.8469
v -48.0810 67.0552 -27.7547
v -45.6913 67.3919 -27.7269
v -44.2098 68.3005 -27.9672
v -40.2492 67.0711 -26.8814
v -38.2389 67.4553 -26.5302
v -36.1831 67.8607 -26.3029
v -52.6799 69.0586 -26.7988
v -50.7389 69.5131 -26.7988
v -48.0810 69.1443 -26.9885
v -45.7389 69.3715 -26.6623
v -43.3214 69.1211 -26.9998
v -40.6484 69.5037 -26.6880
v -38.2389 69.7790 -26.8820
v -35.5054 69.6412 -26.3033
v -34.4061 70.3826 -25.6406
v -39.5747 71.1015 -25.6062
v -38.2389 71.4220 -25.9005
v -35.7389 71.4328 -25.9263
v -34.4061 71.1159 -25.6406
v 57.8436 -66.5540 -24.2988
v 59.2611 -66.9270 -24.2988
v 61.7611 -67.3837 -24.2988
v 64.3180 -66.9392 -24.3678
v 65.5810 -66.5316 -25.2471
v 77.5594 -67.0938 -23.4534
v 79.2611 -66.9686 -23.3716
v 80.5364 -66.5117 -23.0746
v 55.0962 -64.4825 -25.1023
v 57.0661 -65.4624 -24.1854
v 58.4699 -64.7757 -23.2685
v 64.9726 -65.2210 -23.7289
v 65.9820 -65.2210 -24.9789
v 77.5594 -65.6833 -23.4534
v 79.0756 -64.9984 -23.4130
v 80.6857 -65.2210 -23.2006
v 55.0962 -63.3777 -25.1023
v 56.8534 -62.7377 -24.1854
v 59.0838 -62.7087 -24.2013
v 60.6829 -61.6530 -25.1340
v 65.1148 -63.5450 -23.4240
v 66.8755 -62.6989 -24.3141
v 68.3773 -61.8528 -23.5376
v 79.7852 -63.6976 -23.2254
v 80.7185 -63.6976 -23.2254
v 57.3973 -60.4615 -24.3893
v 59.1320 -60.3745 -25.2085
v 60.6829 -60.9606 -25.1340
v 67.2582 -60.0747 -24.3421
v 69.3323 -59.9199 -23.3110
v 71.7611 -59.4040 -23.1480
v 74.2611 -59.8028 -23.2175
v 76.1945 -59.5611 -23.1771
v 57.6367 -58.4151 -23.6164
v 59.3147 -57.5874 -24.5091
v 61.3415 -56.7596 -25.4018
v 64.4052 -57.3642 -24.2988
v 66.0669 -58.6142 -24.2988
v 69.8756 -57.7210 -23.2099
v 71.7210 -57.8319 -23.2356
v 74.2611 -58.5533 -23.2175
v 76.8470 -57.9413 -23.2562
v 78.7009 -57.2368 -23.3352
v 60.0631 -56.2868 -23.7351
v 62.0093 -56.2294 -24.4606
v 63.1552 -56.3071 -24.2988
v 69.8876 -56.1824 -23.2280
v 70.8609 -56.1824 -23.2280
v 77.4995 -55.8992 -23.3352
v 78.7009 -55.8992 -23.3352
v 60.2572 -49.1735 -25.1960
v 61.7611 -49.3012 -25.0271
v 63.2385 -49.2088 -25.2060
v 72.3079 -49.3967 -24.2988
v 74.3189 -49.7627 -24.3649
v 76.0501 -49.7230 -23.5757
v 79.9391 -49.3794 -23.4355
v 81.8562 -49.9758 -24.2808
v 83.5824 -49.9206 -24.2988
v 55.4670 -46.5203 -25.3760
v 56.6512 -46.9254 -24.4451
v 59.3588 -48.1882 -24.3371
v 61.7611 -48.3779 -23.7771
v 64.2451 -47.6733 -24.4069
v 66.7611 -46.9518 -23.6355
v 69.4836 -47.1316 -24.1828
v 71.6487 -47.6147 -24.7256
v 74.2032 -47.6492 -25.2685
v 76.8400 -47.8031 -24.3667
v 79.1679 -47.7711 -23.8279
v 81.8562 -47.8304 -24.7416
v 83.5667 -47.8304 -24.2278
v 55.0901 -45.2236 -24.4451
v 55.7447 -46.0587 -23.7093
v 65.2517 -46.2705 -25.2745
v 66.9137 -45.3507 -24.7925
v 69.4836 -45.4256 -24.6958
v 71.6663 -45.4256 -24.8112
v 74.1338 -45.2488 -24.8913
v 76.8258 -45.2374 -25.2023
v 79.1354 -45.2129 -24.6837
v 81.6725 -45.2259 -23.5974
v 83.1754 -46.0625 -23.3472
v 55.0179 -43.3933 -24.2988
v 56.7305 -42.1852 -24.2858
v 58.7109 -41.7648 -23.4438
v 67.8487 -43.2413 -25.1726
v 69.2611 -43.2594 -24.9401
v 72.2630 -42.6645 -24.1169
v 73.8804 -42.4994 -24.1741
v 76.8175 -43.0621 -24.3677
v 79.1354 -43.3446 -24.1366
v 80.7801 -43.8376 -23.1952
v 55.0367 -39.3677 -23.4610
v 56.8633 -40.1848 -24.2857
v 59.4310 -40.7400 -24.2858
v 61.7611 -39.8770 -24.2988
v 64.0486 -39.1481 -24.5448
v 66.7611 -39.5699 -25.2319
v 68.5173 -39.7647 -25.1328
v 72.9323 -41.1724 -23.1830
v 73.8561 -40.2918 -24.1293
v 55.0036 -37.7210 -23.4849
v 56.2398 -37.7210 -23.4849
v 64.7403 -38.5081 -23.8755
v 66.7611 -38.0931 -23.9819
v 69.3148 -38.0458 -24.2992
v 71.7611 -37.7657 -24.2988
v 73.7960 -38.3914 -24.2988
v 55.3088 -36.3447 -23.2181
v 55.8106 -36.3447 -23.2181
v -52.4477 43.3313 -25.1495
v -50.8242 42.8178 -24.3092
v -48.2389 41.8102 -24.2988
v -45.7389 42.0474 -24.2988
v -43.9683 43.0256 -24.2988
v -32.1432 42.7565 -23.2101
v -30.7389 42.4234 -23.3526
v -29.1419 42.8274 -23.2925
v -54.6332 45.6045 -25.3505
v -53.2642 44.7743 -24.7225
v -50.8242 44.9574 -23.4430
v -49.4138 45.9096 -23.2181
v -44.6598 45.5121 -23.2388
v -43.6106 44.7188 -24.1628
v -32.1432 43.9524 -23.2101
v -30.6380 44.7830 -23.3299
v -29.1318 44.7790 -23.2792
v -54.6332 46.2168 -25.3505
v -52.8687 47.1327 -24.2888
v -50.9933 47.0974 -24.0892
v -49.4138 46.1345 -23.2181
v -44.6598 46.2901 -23.2388
v -42.9381 47.0285 -24.3070
v -41.4414 47.7669 -23.7085
v -37.1681 48.4301 -23.1289
v -36.7534 48.4301 -23.1289
v -29.7374 46.1219 -23.1123
v -29.3597 46.1219 -23.1123
v -52.3424 49.7790 -23.5493
v -51.0353 49.7790 -24.7993
v -44.6057 50.9387 -25.2178
v -43.1061 50.0879 -24.4632
v -40.7660 49.9379 -23.5064
v -38.0267 49.7712 -23.2165
v -35.9306 49.7239 -23.2233
v -33.8757 50.5441 -23.3176
v -52.0741 51.1423 -23.1782
v -50.6198 51.7128 -24.1264
v -48.1660 52.9633 -24.1237
v -45.7181 52.2803 -24.1957
v -44.0552 51.3341 -23.5511
v -40.0017 52.2790 -23.2727
v -38.8559 52.2790 -23.2727
v -35.1078 51.4072 -23.3176
v -33.0539 52.2264 -23.2589
v -30.7389 52.8508 -23.2714
v -29.3442 53.1081 -23.1943
v -47.2841 53.5920 -23.1737
v -46.8305 53.5920 -23.1737
v -39.5708 53.6416 -23.0919
v -39.2485 53.6416 -23.0919
v -32.2321 53.7308 -23.2001
v -30.7389 53.8688 -23.2714
v -29.3442 53.7803 -23.1943
v -34.6004 58.4774 -23.1610
v -34.0151 58.4774 -23.1610
v -27.4106 58.2818 -24.2988
v -26.4921 58.2818 -24.2988
v -49.6846 60.9649 -25.3991
v -48.0837 60.5993 -24.4590
v -46.4970 60.5400 -24.2988
v -39.8088 60.6277 -23.3563
v -38.2389 60.5812 -23.8998
v -35.7917 59.9965 -24.3518
v -33.7370 59.9074 -24.1161
v -30.0482 60.5347 -23.4241
v -28.1034 59.7962 -24.4519
v -26.1379 59.8462 -24.5073
v -54.4992 63.5146 -25.5080
v -53.3386 62.8263 -24.5243
v -50.6063 61.6331 -24.4590
v -48.8136 61.5259 -23.7325
v -45.1302 62.2959 -24.4979
v -43.2389 62.8390 -24.0346
v -40.6808 62.2101 -23.9937
v -38.2389 62.2790 -24.6196
v -36.5932 62.2790 -25.1128
v -32.6543 61.8259 -24.2988
v -30.9358 62.3936 -24.2739
v -28.2389 62.2790 -24.3455
v -26.3250 62.2790 -23.7578
v -54.6267 64.7790 -25.2302
v -54.0919 64.7790 -23.9802
v -44.5470 63.5918 -25.4640
v -43.2389 63.9512 -25.2846
v -40.6332 64.8292 -25.2074
v -38.2389 64.7790 -24.6770
v -35.6759 64.6603 -24.8094
v -33.2389 65.4895 -25.2497
v -30.8895 64.9661 -25.0225
v -28.2090 64.7117 -23.6475
v -26.8596 63.8334 -23.2298
v -54.6622 66.2963 -25.1648
v -53.1584 67.2290 -24.4569
v -50.7389 68.1497 -23.7224
v -49.1618 68.3906 -23.2467
v -39.7294 66.0991 -25.3791
v -38.2389 66.2053 -25.2072
v -35.6917 67.2528 -24.3868
v -33.2389 66.7736 -23.9997
v -30.7389 66.5029 -23.9597
v -29.0224 66.2841 -23.4573
v -54.8217 70.5470 -23.4190
v -52.7537 69.6472 -24.3298
v -51.1674 69.6111 -24.2560
v -48.2926 69.1272 -24.1676
v -45.7790 70.3894 -24.4042
v -43.2389 70.4315 -25.0056
v -41.2414 70.3617 -25.0655
v -35.3462 69.6412 -24.3190
v -34.4061 70.3826 -25.1657
v -54.8217 71.5674 -23.4190
v -53.2389 71.7143 -23.5154
v -51.7388 71.4044 -23.3007
v -44.9725 71.2674 -23.6411
v -43.2389 71.5061 -23.7556
v -40.5404 71.4648 -24.2588
v -38.2389 71.6380 -24.2988
v -35.9028 71.3711 -24.3190
v -34.4061 71.1159 -25.1657
v 77.9574 -69.0181 -20.6904
v 78.1549 -69.0181 -20.6904
v 58.0028 -66.4809 -23.0397
v 59.2611 -66.6601 -22.7995
v 61.7611 -66.7917 -22.6800
v 63.5227 -66.6564 -22.8803
v 77.2858 -67.8446 -21.6338
v 79.0974 -68.2019 -21.6338
v 80.7500 -66.9175 -21.7988
v 58.0028 -66.4423 -23.0397
v 59.1484 -65.4305 -22.0493
v 61.7611 -65.7861 -21.4300
v 64.3188 -65.1130 -21.9138
v 65.8227 -64.2826 -20.9473
v 75.0690 -64.7201 -20.9763
v 76.6002 -65.2017 -21.8036
v 78.1185 -64.0166 -22.6309
v 81.4666 -65.2210 -21.7988
v 55.3863 -61.7558 -20.8867
v 56.6296 -62.4167 -21.7515
v 58.4670 -63.6895 -21.7988
v 65.1148 -63.5450 -22.6139
v 66.6980 -63.0439 -21.7879
v 68.4580 -61.8816 -21.7988
v 72.8664 -61.6044 -21.0114
v 74.2458 -62.5510 -21.5355
v 76.7611 -62.7210 -22.2878
v 79.0756 -62.8069 -22.4230
v 81.8222 -62.9289 -21.7097
v 83.2260 -62.1601 -20.8837
v 55.3863 -61.1040 -20.8867
v 56.0336 -60.2508 -21.7515
v 67.8517 -59.1438 -22.8479
v 69.2420 -59.8112 -22.2484
v 71.9243 -60.3549 -21.8264
v 74.2611 -61.0528 -22.7115
v 76.9212 -60.3251 -22.9105
v 79.2611 -60.2210 -21.9572
v 81.5281 -60.3091 -20.9673
v 83.2260 -61.2012 -20.8837
v 57.2661 -58.0476 -21.7988
v 58.4500 -56.7976 -21.7988
v 64.8697 -56.8897 -22.6863
v 66.9154 -57.7222 -22.6448
v 68.6256 -57.7210 -22.8157
v 72.5275 -57.0725 -22.4138
v 74.2611 -57.3033 -22.1913
v 76.8470 -57.9413 -22.7749
v 79.4250 -57.9305 -22.3469
v 80.6207 -57.7210 -20.9510
v 59.7000 -55.9409 -21.7988
v 61.7434 -54.9159 -21.7729
v 64.1262 -55.3400 -22.3482
v 66.8292 -55.1623 -21.5581
v 69.2731 -55.2361 -21.8158
v 71.5859 -55.4215 -21.5532
v 74.2611 -56.1804 -20.9413
v 76.8577 -55.2299 -21.6610
v 79.4250 -55.1279 -22.0379
v 80.6491 -55.2210 -20.9856
v 62.5134 -52.7210 -20.8613
v 64.2611 -52.7210 -21.2658
v 66.8292 -52.6904 -21.0770
v 69.3996 -52.6904 -21.2381
v 71.5910 -52.6101 -21.1657
v 74.2611 -51.8408 -21.2627
v 76.9341 -52.6277 -21.4676
v 79.2611 -52.7210 -21.6600
v 81.0046 -52.7210 -21.0601
v 60.1250 -49.5836 -20.9636
v 61.8806 -50.3386 -21.0723
v 64.2611 -50.2210 -21.1190
v 66.7880 -50.2102 -20.9349
v 69.3447 -50.2102 -21.4408
v 71.6055 -50.1756 -22.3684
v 74.2611 -51.0408 -22.5127
v 76.8345 -50.4222 -22.7346
v 79.1679 -50.2160 -22.6517
v 81.8662 -50.9930 -21.9048
v 83.7763 -49.9422 -21.7988
v 57.2212 -47.0896 -21.7988
v 59.2794 -48.2583 -21.7977
v 61.7611 -48.3779 -22.4209
v 64.2611 -48.2744 -22.2981
v 66.7880 -48.1671 -21.6994
v 69.3447 -48.4139 -21.8378
v 71.7431 -47.8285 -21.7945
v 73.2187 -46.7584 -20.8918
v 77.7167 -48.6379 -22.8930
v 78.2724 -48.6379 -22.8930
v 82.6988 -46.7839 -20.9820
v 83.7219 -47.6587 -21.8087
v 55.3507 -44.3921 -22.8216
v 56.1268 -45.2236 -21.9125
v 72.8177 -46.3770 -20.8918
v 73.2187 -46.3770 -20.8918
v 82.1426 -45.2259 -21.8087
v 83.1754 -46.0625 -22.6487
v 55.3507 -43.7682 -22.8216
v 56.7587 -43.0994 -21.9125
v 58.6120 -41.7835 -21.7988
v 65.3109 -41.5698 -20.6960
v 66.7611 -41.9446 -20.7093
v 68.0977 -42.0037 -20.6156
v 72.8604 -41.6495 -21.7988
v 74.0822 -41.7513 -21.9205
v 76.8628 -41.8293 -21.9205
v 79.2611 -42.8241 -21.7988
v 80.9097 -43.7981 -21.7988
v 54.7642 -39.6039 -21.7988
v 56.9144 -39.8894 -21.9312
v 59.2450 -40.4923 -21.9118
v 61.7611 -39.5537 -22.6578
v 64.1923 -40.1754 -21.8174
v 66.7611 -41.2678 -20.7093
v 69.2220 -40.2532 -20.7429
v 72.0773 -40.1498 -21.8985
v 74.0465 -40.2642 -22.0475
v 76.0973 -41.0227 -21.1683
v 54.3636 -37.7210 -21.7988
v 57.4836 -37.5436 -21.9312
v 59.2611 -38.2567 -21.3433
v 61.7611 -38.6133 -21.4078
v 64.0486 -38.3328 -21.9829
v 66.7611 -37.2368 -21.7988
v 69.4122 -37.9312 -21.7417
v 71.7611 -38.6535 -22.5734
v 73.2968 -38.7952 -22.9268
v 55.1105 -36.1435 -21.7988
v 56.2227 -36.1435 -21.7988
v -32.0813 40.9596 -21.2117
v -30.7389 40.8178 -21.5495
v -29.2800 40.8169 -21.2201
v -50.0478 42.9931 -22.5479
v -48.2389 42.7626 -22.3018
v -45.7389 43.0062 -22.4671
v -44.3635 43.3179 -22.7684
v -34.5456 43.4165 -20.6155
v -32.9456 42.2532 -21.7469
v -30.7389 41.1734 -22.7995
v -28.7744 42.1080 -21.9516
v -52.3186 45.8448 -21.2194
v -50.4427 44.9628 -22.0026
v -48.7424 44.7787 -21.8601
v -45.2764 44.5651 -21.9222
v -44.1026 44.6281 -21.9820
v -34.6335 44.7790 -20.7376
v -33.0815 44.7830 -21.9853
v -31.4041 45.6190 -22.6913
v -27.8223 44.6981 -21.7982
v -26.6447 45.4775 -20.9645
v -52.7325 47.0822 -21.9512
v -50.7389 46.1746 -22.8435
v -49.4138 46.1345 -22.9378
v -44.6598 46.2901 -22.8623
v -43.1005 46.3675 -21.9369
v -41.2406 47.5063 -21.7988
v -37.3662 48.2616 -21.7988
v -35.6892 47.5174 -21.6647
v -33.2389 47.2790 -21.9360
v -30.5722 47.1311 -22.0243
v -28.4024 47.1311 -21.7373
v -26.5496 47.2790 -21.0816
v -52.9091 49.7790 -21.7988
v -44.7953 50.8676 -21.0178
v -43.2850 50.8857 -21.9104
v -40.7478 49.9301 -22.2291
v -38.0173 49.7872 -22.2266
v -35.9306 49.7239 -22.6964
v -33.1210 49.7381 -22.6486
v -30.6397 49.7043 -21.7637
v -28.2512 49.6803 -20.9821
v -26.7475 48.8727 -20.8434
v -52.2268 51.3221 -21.7988
v -50.7054 52.6926 -21.9417
v -48.9508 53.4109 -22.8703
v -44.9796 52.1107 -21.9139
v -43.5860 51.8403 -21.8601
v -41.2517 52.2790 -22.3739
v -37.6059 52.2790 -22.6085
v -35.8603 52.2560 -22.2762
v -33.0539 52.2264 -22.6039
v -30.7389 51.6008 -22.7109
v -28.9996 52.2765 -21.8919
v -49.8497 54.0541 -21.2036
v -48.1660 54.3413 -21.9417
v -46.0537 54.7767 -21.9831
v -43.0972 54.7043 -21.3775
v -40.5990 54.5647 -21.6745
v -38.3157 54.5863 -21.8339
v -35.7389 53.9320 -21.0218
v -33.1348 54.0783 -21.6283
v -30.7993 55.1077 -21.7646
v -28.9433 54.6798 -21.7646
v -47.4182 57.8263 -20.7586
v -45.9617 57.1074 -21.2686
v -43.5519 57.2790 -21.2912
v -40.3185 57.2790 -21.3337
v -38.2253 57.3173 -21.3631
v -35.5558 58.0349 -21.7352
v -33.2046 57.8980 -22.0083
v -30.7993 57.1804 -21.5128
v -28.0939 57.7151 -21.7081
v -26.5180 58.2965 -22.4130
v -50.0612 60.5066 -21.0798
v -48.1159 59.9069 -21.7526
v -45.9344 59.9959 -22.0624
v -43.6815 59.7790 -21.0334
v -40.2704 59.7883 -21.9334
v -37.9316 59.8827 -21.9043
v -36.5080 59.8923 -21.8097
v -32.3898 59.7790 -22.8464
v -30.8245 59.7324 -22.6755
v -28.1241 58.7771 -21.7214
v -25.9241 59.6233 -21.6673
v -52.5989 62.7846 -21.7988
v -50.8323 61.7316 -21.8674
v -48.8136 61.5259 -22.7465
v -45.2314 61.4738 -22.4791
v -43.2009 61.7406 -21.7070
v -41.2398 61.5849 -21.7988
v -37.5218 61.3360 -21.0932
v -36.7489 61.3360 -21.0932
v -32.1639 61.3791 -22.8464
v -31.7149 61.3791 -22.8464
v -25.8039 62.2790 -21.7988
v -53.0335 64.7790 -21.7988
v -29.5325 65.9435 -20.6455
v -28.2090 65.3394 -21.6068
v -26.7817 63.9812 -21.7988
v -52.4234 66.6994 -21.7988
v -50.9749 67.9822 -21.9968
v -49.1618 68.3906 -22.9621
v -44.6046 68.2786 -20.7065
v -44.2833 68.2786 -20.7065
v -35.2003 68.3116 -22.6689
v -33.2277 67.9878 -21.8208
v -30.5151 66.7712 -21.6068
v -29.0224 66.2841 -22.3122
v -55.0298 70.2888 -21.7988
v -53.2389 69.4316 -21.7988
v -51.0188 69.6242 -21.7581
v -48.2926 69.7154 -22.0932
v -45.6885 70.0907 -21.4785
v -44.2273 69.7790 -20.8092
v -39.4963 70.8435 -20.5600
v -38.2389 70.2746 -21.1644
v -36.0228 69.4912 -22.0137
v -34.0536 68.7739 -21.0022
v -55.0298 71.9370 -21.7988
v -53.2389 72.7430 -21.7988
v -50.8388 71.6761 -21.5520
v -48.2389 71.0629 -20.6693
v -45.8306 71.1689 -21.5545
v -43.4030 71.6945 -21.6625
v -40.4933 71.7052 -21.5555
v -38.2389 71.2450 -22.4144
v -36.8453 71.0609 -23.0251
v 75.4026 -71.6420 -18.1886
v 76.7611 -71.8789 -18.3859
v 78.3403 -71.8438 -18.3584
v 75.0022 -70.2210 -18.3641
v 76.9789 -69.9993 -19.4868
v 79.0809 -69.9287 -19.2459
v 80.6507 -69.1727 -18.4666
v 74.6683 -67.7210 -18.7704
v 76.1933 -67.7210 -20.0204
v 79.8215 -68.6924 -20.1333
v 80.9245 -67.8038 -19.2995
v 57.8246 -64.1609 -18.6125
v 59.1006 -64.7891 -19.3870
v 61.7611 -65.2801 -19.2988
v 64.2450 -64.5011 -19.2046
v 65.8227 -64.2826 -19.9752
v 74.5343 -65.4205 -19.4577
v 75.6411 -66.3868 -20.3970
v 81.9197 -65.2210 -19.2988
v 55.3863 -61.7558 -20.2806
v 56.9779 -62.7791 -19.4466
v 58.1602 -63.8024 -20.2791
v 63.0030 -61.4806 -18.0509
v 64.0407 -62.6241 -18.1797
v 66.7636 -62.7021 -19.2881
v 68.2408 -61.6366 -20.2677
v 72.3136 -61.9917 -19.2988
v 73.4554 -63.2417 -19.2988
v 77.9745 -61.9611 -18.0857
v 78.0355 -61.9611 -18.0857
v 82.7576 -63.4589 -19.2988
v 83.2247 -62.2089 -19.2988
v 55.3863 -61.1040 -20.2806
v 56.2800 -60.2508 -19.3879
v 63.0030 -61.4682 -18.0509
v 63.0138 -61.4682 -18.0509
v 67.6193 -60.2210 -18.6317
v 69.0767 -60.2246 -19.2707
v 71.0636 -60.8514 -19.2988
v 77.9745 -61.3646 -18.0857
v 78.0355 -61.3646 -18.0857
v 82.2982 -59.7101 -19.2988
v 83.2247 -60.9601 -19.2988
v 52.8492 -56.6406 -18.2314
v 54.2611 -56.7529 -18.2561
v 56.8346 -57.3540 -18.8033
v 58.1792 -56.6116 -19.2988
v 67.7952 -58.7412 -18.2737
v 68.2459 -58.7412 -18.2737
v 81.4271 -57.7210 -19.2988
v 52.8860 -55.2210 -18.1900
v 54.0439 -55.1955 -18.2180
v 56.9003 -55.3750 -18.1566
v 58.9565 -55.3432 -19.2170
v 61.9384 -54.3017 -19.1825
v 64.2611 -54.3947 -18.1261
v 66.7230 -54.2375 -19.0033
v 68.6585 -54.2898 -19.9076
v 72.3110 -54.6606 -20.1706
v 74.2611 -54.9304 -19.9501
v 76.2160 -54.5606 -20.1287
v 81.2562 -55.2210 -19.2988
v 52.7363 -52.7210 -18.2117
v 54.0439 -52.8793 -18.3623
v 56.9324 -52.6589 -18.2623
v 59.0137 -52.4882 -18.8812
v 62.0804 -52.7210 -19.4010
v 64.2611 -52.7210 -19.0898
v 66.6615 -53.0563 -19.1515
v 68.6585 -53.5034 -19.9076
v 72.3110 -53.3695 -20.1706
v 74.2611 -53.0908 -19.9501
v 76.2160 -53.3988 -20.1287
v 81.7422 -52.7210 -19.2988
v 52.5637 -50.2210 -18.3343
v 54.2611 -50.2210 -18.8334
v 57.0057 -50.4659 -18.6970
v 59.0702 -50.5230 -19.4483
v 62.0095 -51.2390 -19.5514
v 64.2611 -51.1423 -19.0125
v 66.7055 -50.3229 -19.3839
v 68.5672 -49.3697 -20.0550
v 75.3274 -49.4994 -18.3293
v 76.7611 -49.5258 -18.3057
v 78.1375 -49.1824 -18.1109
v 82.6260 -51.0103 -19.2988
v 83.7972 -49.7603 -19.2988
v 52.7760 -48.7414 -18.2178
v 54.2611 -48.3449 -18.4457
v 56.6503 -47.6644 -19.2696
v 58.4583 -48.6296 -20.1303
v 67.6393 -48.6567 -20.0550
v 68.5672 -48.6567 -20.0550
v 72.8177 -46.7584 -20.4073
v 74.4092 -47.3084 -19.2415
v 76.5562 -47.9393 -18.3407
v 78.1375 -48.9182 -18.1109
v 82.6988 -46.7839 -20.2734
v 84.3685 -47.5054 -19.1757
v 85.5267 -46.5602 -18.0780
v 55.4327 -44.3108 -18.1987
v 56.1257 -45.1749 -19.1388
v 65.3498 -44.7983 -18.0968
v 65.6070 -44.7983 -18.0968
v 72.8177 -46.3770 -20.4073
v 74.3174 -46.3484 -19.3000
v 75.5863 -46.3198 -18.1927
v 82.3198 -45.1737 -19.3835
v 84.2611 -46.0842 -18.4891
v 85.5267 -46.4506 -18.0780
v 55.4327 -43.7755 -18.1987
v 56.7587 -43.0489 -19.1388
v 59.0719 -41.8043 -19.1394
v 60.7678 -41.7012 -18.1997
v 65.3303 -42.7408 -19.2628
v 66.2665 -42.7877 -19.3837
v 68.0977 -42.0037 -20.4022
v 72.5521 -41.6575 -19.2988
v 73.2251 -41.6575 -19.2988
v 77.7640 -41.7341 -19.9378
v 79.0855 -42.2692 -19.1822
v 81.1311 -43.5214 -19.2988
v 54.9555 -39.4940 -19.2988
v 56.6529 -39.8015 -19.2910
v 59.0719 -40.3831 -19.5501
v 61.6651 -40.1329 -18.4668
v 64.2582 -40.2664 -19.3712
v 66.7611 -41.2678 -20.3488
v 69.1423 -40.2606 -19.7717
v 71.3021 -40.6717 -19.2988
v 74.4254 -40.2020 -19.3006
v 76.9124 -40.3074 -19.2031
v 78.1351 -41.2589 -18.2711
v 52.9038 -36.6718 -18.2716
v 53.8676 -37.5914 -19.1825
v 57.6206 -37.4059 -19.2409
v 59.2611 -37.5194 -19.0858
v 61.3693 -37.8377 -19.0399
v 64.1277 -38.1211 -19.2077
v 66.5270 -36.7965 -19.5045
v 69.2876 -37.4691 -19.3045
v 70.6418 -36.7449 -18.1339
v 75.0830 -38.6808 -18.4684
v 76.0609 -38.6808 -18.4684
v 52.8278 -35.2210 -18.4131
v 54.3120 -35.2848 -19.4573
v 56.8349 -35.4074 -19.1367
v 59.2611 -36.2779 -18.3595
v 61.8285 -35.4141 -18.1945
v 64.2611 -34.8312 -18.2169
v 66.3810 -35.4096 -18.4450
v 69.2611 -36.2110 -18.6823
v 70.6418 -36.4007 -18.1339
v 52.8741 -33.8345 -18.3117
v 54.2611 -33.7832 -18.3923
v 55.8427 -33.8571 -18.2439
v 62.8103 -33.7280 -18.2401
v 64.2611 -33.7569 -18.2169
v 65.5577 -33.9286 -18.0817
v -32.6000 37.7795 -18.4464
v -31.3184 37.7795 -18.4464
v -35.0455 40.3864 -18.5532
v -33.1740 39.8397 -19.3331
v -30.5866 39.4606 -19.2874
v -29.0019 40.3706 -19.2988
v -49.5282 43.5043 -18.1168
v -48.2389 43.4257 -18.3266
v -46.8292 43.4160 -18.3511
v -34.9877 42.4615 -19.3514
v -32.9866 42.5938 -19.2956
v -31.8367 43.4376 -18.3714
v -28.2609 42.2790 -19.2988
v -52.3049 45.8194 -19.2988
v -50.5125 44.5508 -19.0896
v -48.2389 43.9304 -19.5766
v -45.7115 44.5796 -19.0568
v -43.8416 45.4108 -19.7626
v -35.2663 44.7790 -19.2988
v -32.2252 43.6447 -18.3714
v -31.8367 43.6447 -18.3714
v -27.4979 44.0947 -19.2988
v -26.5554 45.3447 -19.2988
v -52.7448 47.2790 -19.2988
v -47.0985 48.4032 -18.1790
v -45.7592 47.2425 -18.1374
v -43.1005 46.6849 -19.0770
v -40.7188 48.0147 -19.1501
v -38.1832 48.0362 -19.1501
v -36.3102 46.8362 -19.2988
v -32.0874 48.4509 -18.1145
v -30.7528 48.2956 -19.0612
v -29.1118 48.1403 -20.0079
v -26.2592 47.2790 -19.2988
v -52.6972 49.7790 -19.2988
v -47.0985 48.6283 -18.1790
v -45.8600 49.7480 -19.2044
v -44.1815 50.8676 -20.2298
v -39.8721 48.9805 -19.8843
v -38.9794 48.9805 -19.8843
v -32.0874 48.6748 -18.1145
v -30.7528 48.7480 -19.0612
v -28.2512 49.6803 -20.0651
v -26.6086 49.7352 -19.2929
v -57.0089 53.4936 -18.0766
v -55.7389 53.1568 -18.3515
v -52.9855 52.0943 -18.9241
v -51.3372 52.6139 -19.2988
v -44.7953 51.2207 -20.2298
v -44.1815 51.2207 -20.2298
v -27.8461 52.2933 -19.2929
v -26.7499 51.4695 -18.4557
v -57.0089 53.5959 -18.0766
v -55.7389 54.1232 -18.3515
v -53.9565 54.2544 -18.4245
v -50.3804 54.8440 -19.4101
v -48.2389 55.7471 -20.1077
v -46.9436 55.9614 -20.1918
v -42.5313 55.2395 -19.2988
v -41.4660 55.2395 -19.2988
v -37.3829 55.5309 -20.1074
v -35.7389 55.1820 -20.0487
v -33.2389 55.3143 -20.0327
v -31.6730 55.7072 -20.0861
v -27.7898 54.8994 -19.2316
v -26.8933 55.8130 -18.3534
v -55.2253 57.7953 -18.4361
v -53.2389 57.5133 -18.5754
v -50.9017 57.1567 -18.9124
v -48.2465 57.1074 -20.0093
v -46.9436 56.1596 -20.1918
v -42.8968 57.2790 -19.2988
v -41.2495 57.2790 -19.2988
v -37.3829 56.5095 -20.1074
v -35.7389 56.7000 -20.0487
v -33.2389 56.5289 -20.0327
v -31.6730 56.2813 -20.0861
v -27.5582 57.2399 -19.2316
v -26.8933 56.3804 -18.3534
v -55.2866 59.7790 -18.4115
v -53.2389 59.7790 -19.1104
v -50.8323 59.7155 -19.9214
v -49.0849 58.8399 -20.2378
v -42.4933 59.7555 -19.2213
v -40.9776 60.1558 -18.9764
v -38.4110 60.7204 -19.4590
v -35.6517 60.7681 -19.2406
v -33.2389 60.7355 -18.2305
v -31.6733 60.7486 -18.2084
v -27.4696 58.7401 -19.2988
v -25.6602 60.0183 -19.3614
v -24.2454 60.7297 -18.5698
v -54.8162 61.1592 -18.1450
v -53.0462 62.0912 -19.2388
v -51.7278 61.3565 -20.3325
v -42.3423 61.4684 -20.0030
v -40.7848 61.3583 -19.2856
v -38.4110 61.2921 -19.4590
v -35.5045 61.8748 -19.1200
v -33.4722 62.1424 -18.2638
v -31.6733 61.2179 -18.2084
v -27.0548 63.4834 -18.2857
v -25.8079 62.7952 -19.1189
v -24.2706 62.2790 -18.4937
v -52.7934 64.7790 -19.2988
v -34.5329 63.5635 -18.1648
v -34.4610 63.5635 -18.1648
v -29.5325 65.9435 -20.4549
v -27.9853 64.8855 -19.3703
v -25.8850 63.6985 -19.0367
v -24.4414 63.5695 -18.1209
v -52.4575 66.7100 -19.2988
v -50.9749 68.0467 -19.0655
v -48.2389 67.9549 -18.1791
v -45.7181 68.0437 -19.3091
v -44.2833 68.2786 -20.4235
v -39.5849 68.4578 -18.7376
v -38.2389 68.3098 -19.1483
v -36.7748 68.3080 -18.8260
v -32.3869 68.3009 -20.1593
v -30.6202 67.3068 -19.4738
v -28.9158 66.3127 -18.7882
v -54.9667 70.4587 -19.2988
v -53.2389 69.7349 -19.2988
v -50.9749 69.0712 -19.0655
v -48.4027 69.6502 -18.5941
v -45.6671 69.7790 -19.4203
v -44.2273 69.7790 -20.1310
v -39.6396 69.9177 -19.4621
v -38.2389 69.0246 -20.3983
v -35.8604 69.1580 -19.5151
v -33.2277 69.4562 -19.3151
v -31.7078 69.0389 -18.4927
v -57.0014 73.5034 -18.0789
v -55.6408 72.6024 -19.2582
v -53.2389 73.3078 -20.2094
v -50.6007 72.7422 -19.3441
v -48.4027 71.3474 -19.4899
v -45.5768 71.7610 -19.2707
v -43.4030 72.3129 -19.4877
v -40.8616 72.3129 -19.2181
v -57.0014 73.5718 -18.0789
v -55.5046 74.5547 -18.5109
v -53.4553 74.8242 -18.7881
v -51.3419 74.0210 -18.5409
v -44.9003 74.7790 -18.1544
v -43.4275 74.6219 -18.3026
v -41.6216 73.6839 -18.3310
v -54.5150 76.0365 -18.0668
v -54.4329 76.0365 -18.0668
v -44.8493 76.1274 -18.1419
v -44.3866 76.1274 -18.1419
v 77.7665 -74.0865 -15.7520
v 78.3663 -74.0865 -15.7520
v 75.2997 -71.8318 -16.7988
v 76.8643 -72.9833 -16.6707
v 79.1866 -72.7698 -16.6568
v 80.9513 -72.0292 -15.8949
v 72.8105 -69.0766 -15.9458
v 74.0000 -70.0344 -16.7870
v 80.1782 -69.9551 -16.6521
v 80.8010 -69.9551 -16.6521
v 67.2160 -66.8529 -15.7874
v 69.2611 -67.0342 -15.9080
v 71.8907 -67.6924 -16.3453
v 73.4183 -67.7210 -17.6141
v 79.9734 -67.7210 -15.9720
v 80.8080 -67.7210 -17.2220
v 57.8246 -64.1609 -17.7301
v 59.2611 -64.6579 -17.4315
v 61.7611 -64.7150 -17.4398
v 63.4010 -64.2370 -17.7412
v 67.4007 -65.2210 -15.7344
v 69.2611 -65.2210 -16.2321
v 71.7611 -65.2210 -16.8809
v 73.3717 -65.2210 -17.6332
v 79.9558 -65.9813 -15.9193
v 81.1384 -65.1772 -16.7711
v 52.8222 -61.7325 -15.8228
v 54.2611 -62.0293 -16.1318
v 56.9779 -62.7992 -16.8912
v 59.2611 -63.1467 -16.1815
v 62.2933 -62.4511 -16.9852
v 63.7833 -62.7080 -17.3073
v 67.0151 -62.8406 -16.5650
v 69.2611 -62.7210 -16.7455
v 71.5399 -62.8075 -17.5402
v 73.2123 -63.6985 -17.6379
v 77.9745 -61.9611 -18.0217
v 78.0355 -61.9611 -18.0217
v 82.2526 -62.6478 -16.9636
v 83.0810 -61.7657 -17.9068
v 52.8222 -61.0298 -15.8228
v 54.3855 -60.2063 -16.1150
v 56.3114 -60.2210 -17.3010
v 63.0030 -61.4682 -18.0459
v 63.0138 -61.4682 -18.0459
v 67.6193 -60.2210 -17.4527
v 69.1520 -60.4378 -17.5559
v 70.5590 -61.4157 -18.0222
v 77.9745 -61.3646 -18.0217
v 78.0355 -61.3646 -18.0217
v 82.4753 -60.2242 -16.9636
v 83.0810 -61.0596 -17.9068
v 52.7251 -56.9489 -16.7988
v 54.3855 -57.9771 -16.6485
v 56.9480 -57.4221 -17.7064
v 58.0354 -56.5004 -18.0311
v 62.9064 -56.8901 -16.1000
v 63.0821 -56.8901 -16.1000
v 67.7952 -58.7412 -17.7304
v 68.2459 -58.7412 -17.7304
v 72.7500 -56.8745 -15.8455
v 73.5717 -56.8745 -15.8455
v 77.4628 -56.9235 -15.8432
v 78.2472 -56.9235 -15.8432
v 82.0781 -57.7210 -16.7988
v 52.4327 -55.2210 -16.7988
v 54.7324 -54.3453 -17.6576
v 56.9003 -55.3750 -17.8443
v 58.0354 -56.4048 -18.0311
v 62.9425 -55.3245 -17.0443
v 63.7558 -55.2229 -17.1687
v 65.7379 -54.1851 -18.0040
v 72.7974 -55.2210 -15.7859
v 73.4478 -55.2210 -15.7859
v 77.4628 -56.1137 -15.8432
v 78.2472 -56.1137 -15.8432
v 82.3219 -55.2267 -16.7772
v 83.2485 -54.3972 -15.9294
v 50.1719 -51.7534 -15.9378
v 51.5604 -52.6405 -16.7822
v 54.7324 -53.8181 -17.6576
v 56.9324 -52.6589 -17.8495
v 58.0155 -51.4997 -18.0415
v 62.6273 -52.6277 -17.0127
v 64.3533 -52.6277 -16.6149
v 65.8766 -52.7210 -17.5515
v 72.9872 -53.9387 -15.5681
v 73.0327 -53.9387 -15.5681
v 82.4987 -52.7210 -17.3549
v 83.3078 -52.7210 -16.1049
v 49.9573 -50.2210 -16.0893
v 51.3137 -50.2210 -17.3393
v 58.0021 -51.4625 -18.0415
v 58.0155 -51.4625 -18.0415
v 62.5492 -50.3250 -16.6457
v 64.1762 -50.4185 -16.5704
v 65.7716 -51.2760 -17.4305
v 75.3274 -49.4994 -17.7716
v 76.7611 -49.5258 -17.7870
v 78.1375 -49.1824 -17.9769
v 82.7391 -51.2240 -17.5763
v 83.6726 -50.3228 -16.7653
v 50.1774 -47.7210 -15.8304
v 51.8700 -47.8332 -16.7943
v 54.2611 -47.0949 -17.1961
v 55.7429 -46.6991 -17.7115
v 62.8485 -48.7237 -15.7102
v 64.1400 -47.6671 -16.0450
v 66.7611 -46.5980 -16.2080
v 68.1077 -46.5008 -15.5967
v 75.3021 -47.7210 -17.7627
v 76.5562 -47.9393 -17.7768
v 78.1375 -48.9182 -17.9769
v 84.6077 -47.5245 -17.0289
v 85.5267 -46.5602 -18.0157
v 50.4654 -46.4232 -15.5925
v 51.7611 -46.4181 -15.6069
v 54.7632 -45.2577 -16.6255
v 55.6614 -45.0669 -16.7881
v 65.2627 -45.5264 -17.1648
v 66.2665 -45.4815 -16.9545
v 68.1077 -46.0515 -15.5967
v 75.4161 -46.3198 -17.9445
v 75.5863 -46.3198 -17.9445
v 82.4954 -44.7986 -16.7988
v 84.0411 -46.1209 -17.0289
v 85.5267 -46.4506 -18.0157
v 55.4327 -43.7755 -17.5314
v 56.5524 -43.0567 -16.7384
v 59.1250 -41.8121 -16.9373
v 60.7678 -41.7012 -17.8630
v 65.3498 -43.9117 -17.9498
v 65.6070 -43.9117 -17.9498
v 72.5211 -41.6451 -17.5472
v 73.1779 -41.6451 -17.5472
v 79.8018 -41.8020 -17.7407
v 81.5399 -42.6696 -16.8639
v 55.2919 -39.2212 -17.7572
v 56.6576 -39.3842 -16.8427
v 59.1250 -40.3167 -16.4685
v 61.6651 -40.1329 -17.4501
v 63.2054 -39.2408 -17.5643
v 69.8955 -39.4156 -17.9022
v 71.7171 -40.2377 -17.4574
v 73.4401 -40.2210 -17.4195
v 77.6329 -39.9551 -16.7988
v 78.9810 -40.4604 -16.9178
v 81.5893 -40.2210 -16.3523
v 52.9038 -36.6718 -17.7124
v 54.2300 -37.7184 -16.9015
v 56.6576 -38.4924 -16.8427
v 59.2611 -38.0321 -17.4627
v 61.7125 -37.6705 -17.4782
v 64.1277 -37.4815 -17.6468
v 65.5376 -36.4886 -18.0022
v 69.8955 -38.4116 -17.9022
v 71.5895 -37.6353 -17.3384
v 74.2542 -37.7969 -16.9576
v 76.2568 -37.7969 -16.5800
v 79.8269 -38.4079 -16.0949
v 81.2131 -38.4079 -16.0949
v 52.8278 -35.2210 -17.6424
v 53.5387 -35.2210 -16.3924
v 57.5464 -34.5530 -16.7988
v 59.2611 -35.1873 -16.7988
v 61.6842 -35.2592 -17.2749
v 64.2611 -36.0812 -17.9096
v 66.4480 -35.2839 -17.3145
v 69.2611 -35.4779 -16.7988
v 71.5895 -36.1945 -16.6288
v 74.2611 -36.3979 -15.6879
v 75.5916 -36.4336 -15.6008
v 52.8741 -33.8345 -17.8433
v 54.3390 -33.6778 -16.9255
v 56.2964 -33.7069 -16.7988
v 62.3995 -32.8252 -16.6098
v 64.2437 -32.4916 -16.6098
v 65.8807 -33.5539 -16.7988
v 62.9236 -31.3406 -15.6504
v 63.3988 -31.3406 -15.6504
v -32.3655 35.7831 -16.2320
v -30.7389 35.8080 -16.1018
v -29.3585 35.9802 -15.6029
v -32.9966 37.0793 -16.9587
v -30.5866 37.0793 -17.2661
v -29.0841 37.2790 -15.9330
v -40.0720 41.0024 -15.5814
v -38.2389 40.9489 -15.6738
v -35.8229 40.2716 -16.6293
v -34.2160 38.8925 -16.7988
v -29.6517 38.6966 -17.6736
v -28.7826 39.6296 -16.8237
v -49.5282 43.5043 -18.0131
v -48.2389 43.4257 -17.9012
v -46.8292 43.4160 -17.8876
v -42.3702 42.7330 -15.7869
v -40.8388 42.0514 -15.8823
v -38.2389 42.2790 -16.0891
v -36.3199 42.2790 -17.1008
v -32.2252 43.4376 -17.8538
v -30.9059 43.1983 -16.9122
v -28.8163 42.1870 -16.8019
v -54.4972 46.0259 -15.5546
v -53.2752 45.9798 -16.6801
v -50.5125 44.9719 -17.4760
v -48.2389 44.7790 -16.9908
v -45.6897 45.2220 -16.9421
v -43.1097 45.0408 -15.9763
v -40.9493 44.9730 -16.1570
v -38.2389 44.7790 -16.7886
v -36.3717 44.7790 -17.4569
v -32.2252 43.6447 -17.8538
v -30.9059 43.7262 -16.9122
v -28.1503 44.7379 -16.7367
v -26.7551 45.6682 -17.5027
v -55.0585 47.2790 -16.0112
v -53.1185 46.8866 -16.7802
v -50.7389 46.4700 -16.1095
v -47.7501 47.3748 -16.6926
v -46.0102 47.0087 -17.1471
v -42.9681 47.2930 -17.0419
v -41.0644 47.5678 -16.9786
v -38.2389 46.8562 -17.6233
v -36.7811 46.5296 -17.8245
v -32.0874 48.4509 -17.9851
v -31.7653 48.4509 -17.9851
v -27.2295 47.2790 -16.0491
v -26.6985 47.2790 -17.2991
v -55.3104 49.7790 -16.2617
v -53.3805 49.7790 -17.5117
v -47.1379 49.5708 -16.7810
v -46.8544 49.5708 -16.7810
v -42.0869 48.6409 -16.2513
v -41.8726 48.6409 -16.2513
v -32.0874 48.6748 -17.9851
v -31.7653 48.6748 -17.9851
v -27.1337 49.0547 -15.9286
v -26.7144 49.8444 -16.7767
v -57.0589 53.3759 -16.7988
v -55.6954 52.1300 -16.7526
v -53.0356 52.1331 -17.6921
v -51.5925 52.8646 -17.8290
v -47.1923 52.2790 -15.9706
v -46.7882 52.2790 -15.9706
v -34.6931 53.4140 -15.6267
v -33.2389 53.0343 -15.8443
v -31.4393 52.9843 -15.8649
v -27.6673 52.8176 -16.7988
v -26.7608 51.5676 -16.7988
v -57.0697 54.5691 -16.5860
v -55.7389 55.3732 -17.2933
v -53.1695 54.9642 -17.6057
v -51.5826 54.7790 -17.6720
v -47.1032 54.7790 -16.0400
v -46.9083 54.7790 -16.0400
v -42.5422 55.1797 -16.7988
v -41.3620 55.1797 -16.7988
v -34.6931 53.6343 -15.6267
v -33.2389 53.9871 -15.8443
v -31.4393 54.0345 -15.8649
v -27.6673 54.1075 -16.7988
v -26.4783 55.3575 -16.7988
v -59.7070 58.2665 -15.7982
v -58.0137 57.3715 -16.1912
v -55.9307 57.0888 -17.3999
v -53.2389 56.2633 -17.6598
v -51.8436 56.2418 -17.7662
v -47.3851 57.2790 -16.0549
v -45.9622 57.4915 -16.1001
v -43.2536 57.6864 -16.5330
v -41.4335 57.2183 -16.9770
v -27.4629 58.0471 -17.2553
v -26.5750 57.2399 -16.5727
v -59.7070 59.1077 -15.7982
v -58.4158 59.8762 -16.5527
v -56.5366 59.7790 -17.8666
v -47.4830 59.7790 -15.9755
v -45.8427 59.6425 -16.0366
v -43.3063 58.8123 -16.8610
v -40.9825 59.8647 -17.7531
v -39.3002 60.8228 -17.5771
v -34.5545 60.9182 -17.8801
v -33.2389 60.7355 -17.7355
v -31.6733 60.7486 -17.7997
v -27.4629 58.6534 -17.2553
v -25.8604 59.6915 -16.6184
v -24.2454 60.7297 -17.6482
v -57.7003 61.7911 -16.2133
v -55.5568 62.3085 -16.7232
v -53.8728 62.8259 -17.2331
v -47.1891 61.1553 -15.7838
v -46.7452 61.1553 -15.7838
v -40.0660 61.2483 -17.5771
v -39.3002 61.2483 -17.5771
v -34.5711 62.2790 -17.9048
v -33.4722 62.1424 -17.7841
v -31.6733 61.2179 -17.7997
v -27.2647 63.3855 -16.7988
v -25.6679 62.6000 -16.9743
v -24.2706 62.2790 -17.6871
v -54.6309 63.5548 -15.5664
v -53.7248 64.5445 -16.5594
v -34.5329 63.5635 -18.0254
v -34.4610 63.5635 -18.0254
v -27.6205 64.7790 -16.7988
v -24.9281 63.5695 -17.9672
v -24.4414 63.5695 -17.9672
v -52.7458 66.8638 -16.7988
v -50.8660 68.1697 -17.0107
v -48.2389 67.9549 -17.8748
v -46.8315 67.8087 -17.8803
v -39.5849 68.4578 -17.9375
v -38.2389 68.3098 -17.7882
v -35.7261 68.1757 -16.7655
v -33.2389 67.7272 -15.9845
v -30.8296 67.9624 -16.7470
v -28.0594 67.1660 -16.6712
v -26.7426 68.0193 -15.8084
v -54.6928 70.8244 -16.7988
v -53.2389 70.2756 -16.7988
v -50.8660 69.2112 -17.0107
v -48.4027 69.6502 -17.5776
v -46.3587 69.7790 -17.5073
v -39.6717 69.7790 -17.9232
v -38.2389 69.7790 -17.5803
v -35.4168 69.5282 -16.9830
v -33.2389 69.9398 -16.8059
v -31.1194 69.5656 -16.7097
v -28.0763 69.9129 -16.1196
v -26.7426 69.1688 -15.8084
v -57.0014 73.5034 -18.0240
v -55.8896 72.5136 -17.0339
v -49.6752 73.1811 -17.8769
v -48.4027 72.3203 -17.5067
v -45.9928 72.2790 -17.5001
v -39.9492 72.2790 -17.7253
v -38.1602 72.4109 -16.6574
v -35.7389 71.8502 -16.5921
v -33.2389 71.4897 -16.3773
v -30.7389 71.3669 -16.0732
v -28.8013 71.3237 -15.9221
v -57.0014 73.5718 -18.0240
v -55.5332 74.7101 -17.1747
v -53.2124 75.7680 -16.7719
v -50.8317 74.7290 -16.7143
v -48.1498 74.6738 -16.6645
v -46.1503 74.7790 -17.6974
v -42.7663 74.9888 -16.7988
v -40.7685 73.8444 -16.8237
v -38.9411 73.7749 -16.0070
v -54.5150 76.0365 -17.9920
v -53.2124 76.0330 -16.7719
v -51.9881 76.0294 -15.5518
v -47.2571 76.5446 -16.0917
v -45.7052 76.7575 -16.8745
v -44.0163 76.5529 -16.7988
v 77.4810 -74.0990 -14.2988
v 78.4387 -74.0990 -14.2988
v 74.8096 -72.2780 -14.2988
v 76.2310 -73.5280 -14.2988
v 79.6887 -73.5496 -14.2988
v 81.7752 -72.2487 -14.2401
v 83.2134 -71.6623 -13.3677
v 70.4483 -69.0365 -13.1122
v 71.8907 -69.5320 -14.0869
v 73.5596 -70.8731 -14.2988
v 80.3494 -69.0709 -15.4804
v 81.7752 -70.0309 -14.9891
v 83.4796 -70.2210 -13.6505
v 66.8874 -67.1163 -14.2988
v 69.4734 -68.2086 -14.0869
v 71.1438 -68.5066 -14.7789
v 75.4347 -66.5129 -13.0719
v 75.5375 -66.5129 -13.0719
v 79.9734 -67.7210 -15.2241
v 81.9576 -67.5083 -14.0790
v 83.4334 -68.1999 -13.5322
v 66.5785 -65.2210 -14.2988
v 75.4347 -66.4425 -13.0719
v 75.5375 -66.4425 -13.0719
v 79.9558 -65.9813 -15.1842
v 81.2517 -65.1772 -14.3300
v 52.6971 -61.9095 -14.2988
v 54.2611 -62.7082 -14.2988
v 56.7611 -62.9398 -14.2988
v 59.3199 -62.0435 -14.5044
v 61.9482 -61.8845 -14.5044
v 64.2611 -62.4623 -14.2988
v 66.9069 -62.6312 -13.9424
v 68.4947 -61.8182 -13.4673
v 74.7611 -61.5180 -13.1254
v 76.7611 -61.5287 -13.1433
v 78.0888 -61.5010 -13.0981
v 81.5176 -62.7210 -14.2988
v 52.6971 -60.8482 -14.2988
v 53.9485 -59.5982 -14.2988
v 60.1925 -60.8877 -13.8081
v 61.8029 -60.3088 -13.8003
v 63.8175 -59.7300 -13.7925
v 67.5133 -61.0794 -13.4673
v 68.4947 -61.0794 -13.4673
v 74.7611 -61.4357 -13.1254
v 76.7611 -61.3869 -13.1433
v 78.0888 -61.3942 -13.0981
v 82.3056 -60.1640 -14.2343
v 83.2867 -59.2927 -13.3580
v 52.7916 -56.9386 -15.1552
v 53.9419 -57.7515 -14.3127
v 62.4519 -57.7224 -14.4950
v 63.6175 -57.7224 -14.4950
v 70.3364 -56.8346 -13.2090
v 71.6934 -56.8545 -14.2731
v 73.5717 -56.8745 -15.3372
v 77.4628 -56.9235 -15.2148
v 78.2472 -56.9235 -15.2148
v 82.5218 -57.7210 -14.6859
v 83.2751 -57.7210 -13.4359
v 52.5578 -55.2210 -14.8291
v 53.5717 -55.2210 -13.5791
v 60.4806 -54.0070 -13.0843
v 61.8286 -55.2906 -13.7783
v 63.1642 -56.2532 -14.2988
v 70.3364 -56.3079 -13.2090
v 71.8714 -55.6868 -14.4495
v 73.4478 -55.2210 -15.3798
v 77.4628 -56.1137 -15.2148
v 79.2527 -55.1280 -14.2348
v 82.1719 -55.2134 -14.1194
v 83.1680 -55.3348 -14.1948
v 50.1193 -51.7511 -14.2988
v 51.7877 -52.4910 -14.1144
v 53.4306 -52.7210 -13.3973
v 57.9549 -51.5658 -13.1314
v 59.2761 -52.7589 -13.1079
v 61.5309 -52.8421 -14.1912
v 63.5814 -51.7322 -15.2982
v 72.9409 -52.7387 -14.3646
v 73.0931 -52.7387 -14.3646
v 80.2583 -53.5708 -13.2549
v 81.6938 -52.7309 -13.7543
v 83.3078 -52.7210 -15.0261
v 49.5984 -50.2210 -14.2988
v 52.6159 -51.2428 -13.2462
v 53.1245 -51.2428 -13.2462
v 57.9549 -51.3938 -13.1314
v 58.0717 -51.3938 -13.1314
v 62.5230 -50.2210 -15.2895
v 63.5088 -50.2210 -15.2895
v 72.8947 -51.3074 -13.1942
v 73.1534 -51.3074 -13.1942
v 82.4823 -50.8097 -13.6002
v 83.3303 -50.0742 -14.3796
v 49.8869 -47.7210 -14.2988
v 62.5833 -47.7902 -14.5589
v 64.0409 -47.3970 -14.6132
v 66.7611 -46.5980 -14.8599
v 68.1077 -46.5008 -15.4573
v 83.4289 -47.7210 -14.2988
v 50.4079 -46.3630 -14.2988
v 51.7611 -46.0641 -14.2988
v 54.2611 -45.3421 -14.2988
v 55.8854 -44.3911 -14.2988
v 60.2227 -44.4628 -13.2864
v 61.6562 -45.1230 -13.4752
v 64.5093 -46.0188 -14.1929
v 66.7611 -45.9940 -14.8599
v 68.1077 -46.0515 -15.4573
v 82.5925 -44.7366 -15.2676
v 83.5258 -45.4303 -14.3800
v 57.1820 -42.5525 -14.2901
v 59.2118 -42.7183 -14.2020
v 60.9943 -43.8298 -13.2864
v 82.6238 -42.7210 -15.0601
v 83.6153 -42.7210 -13.8101
v 54.7379 -39.2128 -13.3474
v 56.8490 -40.2133 -14.2325
v 58.2009 -41.2139 -15.1176
v 77.7904 -39.6619 -14.9927
v 78.1602 -39.6619 -14.9927
v 82.8393 -40.2210 -15.0711
v 83.2860 -40.2210 -13.8211
v 52.9324 -37.2206 -13.3444
v 53.9530 -37.9928 -14.1792
v 55.9011 -38.7651 -15.0140
v 72.8338 -36.8044 -13.5375
v 73.4940 -36.8044 -13.5375
v 76.9819 -37.9148 -14.2151
v 79.1006 -38.3540 -14.2151
v 81.9323 -38.2626 -14.3889
v 83.2465 -38.7250 -13.6156
v 52.9324 -36.2917 -13.3444
v 54.1962 -35.1320 -14.0317
v 56.9404 -34.1155 -14.0509
v 59.2611 -34.6609 -14.2988
v 61.5725 -34.5025 -14.0693
v 64.2611 -34.5502 -13.3719
v 66.6648 -34.3474 -14.4033
v 69.3080 -34.6016 -14.4362
v 71.9047 -35.9538 -14.3420
v 74.3008 -36.3770 -14.3420
v 75.6401 -36.3986 -14.2988
v 55.2243 -33.7327 -14.7189
v 56.2266 -33.7327 -14.7189
v 62.1888 -32.9494 -14.0693
v 64.3892 -32.8629 -14.0975
v 66.6648 -33.5470 -14.4033
v 68.5059 -33.6366 -13.6945
v 62.5315 -30.7496 -14.2988
v 63.8283 -30.7496 -14.2988
v -34.4916 36.0247 -13.0533
v -33.2149 35.7762 -14.0515
v -30.7389 35.5434 -14.2988
v -29.1331 35.8561 -14.2988
v -37.3359 38.2794 -13.2879
v -35.4905 37.3792 -13.5337
v -34.0401 37.2790 -14.7256
v -27.9587 37.1903 -14.4504
v -26.3903 37.9645 -13.7181
v -40.0720 41.0024 -15.4009
v -38.3466 40.1423 -14.3444
v -35.7389 39.3142 -14.9016
v -34.3473 38.8229 -15.2800
v -27.6863 39.7790 -15.2798
v -26.0285 39.7790 -14.0298
v -42.5814 42.4215 -14.2988
v -40.8388 41.2486 -14.4600
v -38.2162 42.3359 -13.4926
v -36.8410 43.4668 -13.2510
v -29.9752 42.9591 -15.2105
v -28.2578 42.2741 -14.4490
v -26.3070 41.5892 -13.6875
v -54.5563 45.9910 -14.2988
v -54.3925 45.9910 -14.2988
v -44.8455 45.8125 -14.7347
v -43.1248 45.1010 -14.4856
v -41.8114 45.8173 -14.2988
v -37.0750 43.6984 -13.2510
v -36.8410 43.6984 -13.2510
v -29.9752 43.8076 -15.2105
v -28.4038 44.6962 -14.3458
v -55.7260 47.2790 -14.2988
v -53.1425 46.4164 -14.2988
v -50.5076 47.4911 -14.0987
v -48.2389 47.8535 -14.8239
v -45.6569 47.1252 -14.2002
v -43.5129 47.0371 -14.0603
v -40.7771 47.3770 -14.1886
v -38.2389 48.2421 -13.3658
v -36.8798 48.3999 -13.2385
v -32.2750 48.3222 -13.2645
v -31.2592 48.3222 -13.2645
v -27.8693 47.2790 -14.2988
v -56.0334 49.7790 -14.2988
v -49.5200 48.5943 -13.1320
v -48.0182 49.5538 -14.2322
v -46.3305 49.7196 -14.4190
v -42.4986 49.0160 -14.2988
v -40.9191 49.0840 -14.1886
v -38.2389 48.9532 -13.3658
v -36.8798 48.8191 -13.2385
v -32.2750 48.8150 -13.2645
v -31.2592 48.8150 -13.2645
v -27.6246 49.2410 -14.2988
v -26.7260 50.4910 -14.2988
v -57.0621 53.3603 -15.4086
v -55.9282 52.4278 -14.4647
v -47.2738 52.2100 -14.4359
v -46.6051 52.2100 -14.4359
v -39.5012 53.5168 -13.0548
v -39.4822 53.5168 -13.0548
v -34.6931 53.4140 -15.2125
v -33.2389 53.0343 -15.0382
v -31.4393 52.9843 -15.2043
v -27.4607 52.9732 -15.2235
v -26.6486 52.1955 -14.3536
v -57.0748 54.7790 -15.4117
v -56.2353 54.7790 -14.1617
v -50.0025 55.7440 -13.1915
v -47.8923 55.1926 -14.2956
v -46.9083 54.7790 -15.1238
v -42.1840 55.4081 -15.0796
v -40.4948 54.4798 -14.0672
v -39.4822 53.5515 -13.0548
v -34.6931 53.6343 -15.2125
v -33.2389 53.9871 -15.0382
v -30.4988 54.9676 -14.1492
v -27.9054 54.8708 -14.0423
v -26.5880 54.7419 -14.1853
v -59.8589 58.1329 -14.2988
v -57.8661 57.4316 -14.2873
v -56.6502 57.2790 -13.6565
v -50.0025 56.2556 -13.1915
v -48.0533 56.8404 -14.3211
v -45.9622 57.4915 -15.0998
v -43.2785 57.4055 -15.1937
v -41.4884 56.3444 -15.0796
v -37.0050 58.5131 -13.0774
v -36.8868 58.5131 -13.0774
v -29.5582 56.0972 -13.0940
v -28.2389 56.4102 -13.1564
v -26.5824 57.2931 -14.1077
v -59.8589 59.4574 -14.2988
v -58.3478 59.7829 -13.7714
v -56.9411 58.5501 -13.0683
v -47.4830 59.7790 -15.2358
v -45.3799 60.1145 -14.4006
v -44.3458 59.8096 -14.2265
v -37.0050 58.5550 -13.0774
v -36.8868 58.5550 -13.0774
v -26.3232 59.7790 -14.2988
v -58.0549 62.4863 -14.4434
v -56.2975 63.4578 -15.3732
v -47.3046 62.1064 -14.2816
v -46.0049 61.8371 -14.1075
v -44.2622 62.2790 -13.3169
v -27.2907 63.3833 -15.3655
v -26.1375 62.4416 -14.4388
v -57.3077 63.6712 -13.7065
v -55.5741 63.7693 -14.4434
v -53.2345 64.9610 -14.1733
v -51.7260 65.6573 -13.2564
v -47.4202 64.2561 -13.3030
v -45.7389 64.3245 -13.4353
v -44.3569 63.8625 -13.3099
v -27.3758 64.7790 -15.2413
v -25.6146 64.8499 -13.8719
v -24.4062 65.7304 -13.1639
v -52.3982 66.6618 -14.9230
v -51.5754 67.4087 -14.1733
v -34.6774 68.0435 -15.3695
v -33.2389 67.7272 -15.2173
v -31.6180 67.9454 -15.2861
v -27.2029 66.3527 -15.3221
v -25.7865 67.1160 -14.2430
v -24.4062 66.2127 -13.1639
v -55.0107 70.5637 -14.2988
v -53.2389 69.8485 -14.2988
v -51.6692 69.0638 -14.2988
v -34.6774 68.7363 -15.3695
v -32.7565 69.8720 -14.4861
v -31.4669 69.9922 -14.3986
v -27.1346 70.8355 -15.2777
v -26.4286 69.9129 -14.3861
v -55.7732 72.2790 -14.2988
v -49.5125 73.4909 -13.1063
v -48.9327 73.4909 -13.1063
v -37.5040 72.8702 -14.2988
v -35.7389 72.4878 -14.2988
v -33.0635 71.8166 -14.3261
v -30.5850 71.3157 -14.3261
v -28.0763 71.2977 -14.3861
v -26.7931 71.1548 -13.6110
v -55.2514 74.4301 -14.2988
v -52.9907 75.5370 -14.5482
v -50.7503 74.7223 -14.3270
v -48.3607 74.6738 -14.0833
v -45.0253 75.2069 -13.2171
v -43.1928 75.2637 -14.1012
v -40.8358 75.0551 -14.2107
v -38.7540 74.0930 -14.2988
v -51.9919 76.0294 -15.5478
v -51.9881 76.0294 -15.5478
v -47.4010 77.3384 -14.4201
v -45.4331 77.3571 -14.2845
v -43.5720 76.9279 -13.8936
v -41.7338 76.1424 -13.3187
v -47.3332 78.9859 -13.6676
v -45.7389 79.1016 -13.8351
v -44.3304 78.8355 -13.4784
v 72.4666 -76.9278 -11.0039
v 74.2611 -76.9091 -11.0045
v 75.6522 -76.5982 -10.7012
v 72.3741 -75.2210 -11.2330
v 74.2611 -75.2210 -11.9207
v 76.7169 -74.7089 -11.9190
v 78.2260 -74.0261 -12.8291
v 72.7062 -73.4974 -11.0059
v 73.9857 -72.8672 -11.9929
v 76.8473 -73.8343 -12.0712
v 79.1400 -73.3579 -11.9170
v 81.6911 -72.0963 -11.8750
v 83.2134 -71.6623 -12.7592
v 70.2936 -69.3843 -11.7988
v 71.7611 -70.2149 -11.7988
v 74.1546 -70.1729 -11.2875
v 75.5718 -69.0014 -10.6057
v 82.4778 -70.8957 -11.0925
v 83.5109 -70.1258 -11.8750
v 67.4603 -66.8476 -11.7988
v 69.0436 -68.0976 -11.7988
v 72.9624 -66.6207 -10.6833
v 74.5824 -67.4001 -11.4779
v 76.3879 -67.4406 -11.4859
v 78.4746 -66.7016 -10.6994
v 82.6119 -66.7722 -11.7988
v 83.4841 -68.0222 -11.7988
v 52.9844 -64.0102 -10.6051
v 54.2611 -64.6112 -11.0033
v 56.2093 -64.7854 -11.0984
v 67.3346 -65.3901 -11.6724
v 68.1822 -64.6695 -10.7548
v 72.7653 -65.2210 -11.2208
v 74.3227 -65.5466 -11.8302
v 76.5269 -66.1822 -11.6391
v 79.2378 -65.3961 -10.8633
v 81.3608 -65.3606 -11.8359
v 52.8326 -62.6649 -11.5826
v 54.2611 -63.3999 -12.2533
v 56.8802 -62.7886 -11.7753
v 58.5258 -61.8575 -12.4522
v 62.9063 -61.5495 -12.9953
v 64.2611 -61.7179 -12.8714
v 66.7323 -62.6033 -12.6436
v 68.8789 -62.6793 -11.6724
v 72.7320 -63.6086 -11.3103
v 73.9860 -62.5633 -12.1036
v 76.7611 -61.5287 -12.8857
v 79.0450 -62.5523 -12.0053
v 81.4076 -62.7506 -11.8359
v 52.8081 -61.1410 -11.7988
v 54.3866 -59.9883 -11.8823
v 56.7293 -60.2617 -10.9451
v 59.3199 -60.8024 -11.6908
v 61.9141 -60.4133 -12.3116
v 64.4949 -60.4264 -12.8288
v 66.6326 -60.1723 -12.0589
v 68.9675 -60.7730 -11.7988
v 75.0471 -60.3376 -11.7587
v 76.2613 -60.4666 -11.9150
v 78.0888 -61.3942 -12.9833
v 82.6705 -61.0734 -11.7988
v 83.6803 -59.8234 -11.7988
v 54.9554 -57.6832 -11.8823
v 55.9074 -58.4913 -11.1047
v 62.1789 -57.7210 -11.7988
v 64.7677 -57.8010 -11.9707
v 65.7519 -58.6877 -11.2520
v 70.3364 -56.8346 -12.9081
v 70.6368 -56.8346 -12.9081
v 75.1539 -57.7210 -11.1802
v 75.7235 -57.7210 -11.1802
v 82.5356 -56.7208 -11.1890
v 83.5922 -57.6208 -11.9329
v 54.4040 -55.2210 -11.7988
v 60.3855 -54.0272 -11.7988
v 61.6724 -55.1219 -11.7988
v 63.3521 -56.2166 -11.7988
v 70.3485 -55.2254 -11.8274
v 70.7052 -55.2254 -11.8274
v 75.2127 -56.0363 -11.3189
v 75.7105 -56.0363 -11.3189
v 80.2583 -54.1423 -12.7923
v 81.7615 -55.2074 -11.9906
v 83.0875 -56.2724 -12.8556
v 50.3280 -51.5620 -12.8302
v 50.9492 -51.5620 -12.8302
v 53.8428 -52.7210 -11.7988
v 57.9549 -51.5658 -12.6676
v 59.4820 -52.4369 -11.9740
v 61.3868 -52.7699 -11.4568
v 63.1006 -51.5877 -10.6831
v 70.3312 -52.7210 -10.8029
v 71.7107 -52.2142 -11.7110
v 73.1534 -51.5386 -12.9219
v 80.2583 -53.5708 -12.7923
v 81.4323 -52.7309 -11.8949
v 50.1522 -50.2210 -12.6931
v 51.7715 -50.4569 -11.9783
v 53.1609 -51.1998 -11.7988
v 57.9549 -51.3938 -12.6676
v 59.2227 -51.1696 -11.6157
v 61.7611 -50.9579 -10.6608
v 63.1006 -51.3123 -10.6831
v 70.4218 -50.8888 -10.6898
v 71.7795 -51.0981 -11.8058
v 73.1534 -51.3074 -12.9219
v 82.5554 -50.6444 -11.7988
v 83.0986 -49.3944 -11.7988
v 50.2206 -47.7210 -12.7357
v 51.4289 -47.7210 -11.4857
v 60.4800 -47.1204 -10.7122
v 61.4343 -46.9885 -11.6721
v 63.8429 -46.8567 -12.6320
v 83.2897 -47.7210 -11.7988
v 50.4191 -46.3748 -12.8870
v 51.9958 -46.1780 -11.9517
v 54.3115 -44.9606 -11.8630
v 55.9413 -44.3458 -12.7392
v 60.3514 -45.2309 -11.5116
v 61.2876 -45.4150 -11.8851
v 63.8429 -45.7831 -12.6320
v 83.8901 -45.2210 -11.7988
v 52.9420 -41.5433 -10.6101
v 54.3115 -42.5144 -11.0165
v 56.2980 -42.7210 -12.3375
v 60.2227 -43.8298 -12.3111
v 60.9943 -43.8298 -12.3111
v 83.8437 -42.7210 -11.7988
v 52.7918 -40.2210 -11.1904
v 54.0472 -40.1161 -12.1788
v 56.1301 -40.8794 -12.4099
v 72.8887 -39.1636 -10.9373
v 73.1930 -39.1636 -10.9373
v 77.9442 -39.1685 -10.8447
v 78.0716 -39.1685 -10.8447
v 83.5986 -40.2210 -11.7988
v 52.8601 -37.7784 -11.9521
v 53.7512 -37.6309 -11.7907
v 55.8293 -36.5626 -10.6398
v 72.7327 -37.6710 -11.7819
v 74.1768 -37.5556 -11.8356
v 76.7734 -37.7588 -11.7893
v 79.0474 -38.2516 -11.7263
v 81.7611 -37.6519 -11.7988
v 83.4539 -38.4810 -11.7988
v 52.9716 -35.1327 -11.5553
v 53.7277 -34.9672 -11.4505
v 56.7020 -35.2109 -11.6034
v 59.2611 -34.7606 -11.7988
v 61.5469 -34.4870 -12.0275
v 64.4756 -34.6417 -12.0275
v 66.1283 -34.6551 -11.7988
v 69.6596 -34.4624 -11.7988
v 71.5050 -35.7124 -11.7988
v 75.1607 -36.4119 -12.7339
v 75.6026 -36.4119 -12.7339
v 82.3509 -34.3171 -10.7162
v 83.2223 -34.3171 -10.7162
v 53.0109 -33.9707 -10.5493
v 53.0164 -33.9707 -10.5493
v 61.9517 -32.9494 -12.0275
v 64.2317 -32.9494 -12.0275
v 67.3783 -33.7092 -11.7988
v 68.4096 -33.7092 -11.7988
v 82.3509 -33.7210 -10.7162
v 83.2223 -33.7210 -10.7162
v 62.2695 -29.9721 -12.0458
v 64.0764 -29.9721 -12.0458
v 62.7672 -28.7718 -11.3771
v 63.5264 -28.7718 -11.3771
v -37.3447 32.9582 -10.9424
v -35.7389 32.7381 -11.2297
v -33.9828 33.0453 -11.0630
v -37.3447 34.2506 -10.9424
v -35.6947 35.1376 -11.8361
v -33.1853 34.7423 -11.8573
v -30.7589 35.6359 -11.8064
v -29.1450 35.8473 -12.6449
v -37.5514 37.9193 -11.7988
v -36.2976 36.6693 -11.7988
v -29.9389 36.3756 -10.9782
v -28.2442 37.1701 -11.7094
v -26.3903 37.9645 -12.4406
v -39.6423 40.6704 -10.9138
v -38.8600 39.8138 -11.7678
v -35.0081 40.6157 -10.9467
v -33.7209 40.6157 -10.9467
v -27.3435 38.9386 -10.7740
v -25.9580 39.7748 -11.6839
v -54.6313 43.3973 -10.7254
v -53.2389 43.4145 -10.7026
v -51.9691 43.5080 -10.5773
v -42.3109 42.9962 -11.7988
v -40.5809 41.7083 -11.7678
v -38.2162 42.3359 -12.7157
v -35.7451 42.7881 -11.7241
v -33.7406 42.2790 -10.8790
v -29.9610 43.4649 -10.6499
v -28.2081 43.0143 -11.6094
v -26.1493 41.6838 -11.7988
v -55.0434 45.0005 -11.6548
v -53.4232 45.0005 -11.7405
v -51.9290 44.7790 -10.6560
v -42.3109 44.0356 -11.7988
v -41.3610 45.2856 -11.7988
v -37.2581 44.6908 -11.8530
v -36.0713 44.3108 -11.4324
v -34.2592 43.5509 -10.5912
v -30.1188 44.7790 -10.8099
v -28.6255 44.7790 -12.0599
v -55.6869 47.2790 -11.7988
v -52.7580 47.0356 -11.5034
v -51.0576 47.4211 -11.4378
v -49.1125 48.1920 -11.3067
v -44.8016 47.7092 -12.8677
v -44.2371 47.7092 -12.8677
v -40.1110 46.6724 -11.7988
v -37.9720 47.3277 -11.5668
v -36.1099 47.7002 -11.5074
v -33.2727 48.3796 -11.6976
v -30.5580 47.3015 -11.7404
v -28.2488 47.2453 -11.8068
v -26.4859 48.2099 -11.1512
v -55.0716 49.5521 -11.7087
v -53.3668 49.7183 -10.7461
v -50.6220 48.8984 -11.8251
v -48.1525 49.6577 -12.0330
v -45.7093 50.0167 -11.9802
v -43.3378 49.5465 -11.9401
v -40.7389 49.6913 -11.7988
v -37.8145 49.8037 -11.4930
v -36.1116 49.6085 -11.4418
v -33.2727 48.9102 -11.6976
v -31.2592 48.8150 -12.6850
v -27.6917 48.9526 -12.8179
v -26.0265 49.7832 -11.9102
v -54.7417 52.3714 -11.7087
v -53.9304 51.5997 -10.8153
v -47.1924 51.3307 -12.7594
v -46.6169 51.3307 -12.7594
v -39.5012 53.5168 -13.0384
v -38.0999 52.8095 -11.6814
v -35.8930 52.3033 -10.7849
v -34.4231 53.1528 -10.7892
v -25.9573 52.2790 -11.7988
v -55.1678 54.7790 -11.7988
v -50.1662 55.3938 -11.7988
v -48.7417 55.3938 -11.7988
v -39.5012 53.5515 -13.0384
v -38.2688 53.5833 -11.8154
v -35.6420 54.5807 -11.1974
v -34.3484 54.7790 -11.3268
v -29.5582 55.9007 -12.9637
v -28.1790 55.4051 -11.9977
v -26.7830 54.0953 -11.7988
v -59.7642 58.2634 -12.7119
v -58.7019 58.2634 -12.7119
v -56.0567 57.2790 -11.7988
v -50.0592 57.1650 -11.5865
v -48.1574 57.3097 -11.4692
v -46.5711 58.3638 -10.6602
v -37.0050 58.5131 -13.0136
v -35.8155 57.3597 -12.1797
v -34.3673 56.2064 -11.3458
v -29.5582 56.0972 -12.9637
v -28.1790 56.5577 -11.9977
v -26.7085 57.8887 -11.7988
v -59.7642 59.1883 -12.7119
v -58.0904 59.7627 -12.1901
v -56.8272 58.9435 -11.7988
v -49.5363 58.6240 -10.6116
v -48.2389 58.7045 -10.6795
v -45.5899 59.7846 -11.8409
v -44.3186 60.9011 -13.0216
v -37.0050 58.5550 -13.0136
v -36.8868 58.5550 -13.0136
v -26.4594 59.7790 -11.7988
v -57.6945 62.1458 -11.8573
v -56.3944 62.8904 -11.0630
v -47.4202 63.0576 -12.4900
v -45.5607 62.2462 -12.5722
v -44.2622 62.2790 -12.8721
v -35.0849 63.0449 -11.0703
v -34.2401 63.0449 -11.0703
v -25.9817 62.2790 -11.7988
v -57.3077 63.6712 -12.7297
v -55.4886 64.5497 -11.7032
v -53.2389 65.2996 -12.4301
v -51.7260 65.6573 -12.9292
v -47.4202 64.2561 -12.4900
v -45.7389 64.3245 -12.4735
v -44.3569 63.8625 -12.8404
v -35.0849 63.9535 -11.0703
v -34.2401 63.9535 -11.0703
v -25.2783 64.8499 -11.8656
v -24.4062 65.7304 -12.7435
v -57.0640 68.4382 -10.6336
v -55.5453 67.4745 -10.9775
v -53.2389 67.2790 -11.9224
v -51.6256 67.2790 -12.7000
v -25.3563 67.1392 -11.8656
v -24.4062 66.2127 -12.7435
v -57.0640 68.8162 -10.6336
v -55.9166 69.6211 -11.6754
v -53.2389 69.0435 -12.5411
v -51.7674 68.9846 -12.7034
v -32.1133 70.8678 -12.7584
v -31.3158 70.8678 -12.7584
v -25.7585 69.7790 -11.7988
v -56.2186 72.2790 -11.7988
v -49.5125 73.4909 -12.9857
v -48.9327 73.4909 -12.9857
v -37.3902 72.8475 -12.2524
v -35.9700 72.6966 -11.5709
v -33.0635 71.7723 -11.8746
v -30.5850 71.5233 -11.8746
v -28.2389 72.1425 -11.7988
v -26.4192 71.7331 -11.7988
v -55.3269 74.3522 -11.7988
v -53.2389 74.9760 -11.7988
v -50.5031 74.2143 -12.0109
v -48.4973 74.7153 -12.0109
v -45.0253 75.2069 -12.7394
v -43.2960 75.4123 -11.9404
v -40.8358 75.2958 -11.9044
v -38.2297 74.0546 -11.5709
v -36.9574 73.5490 -10.5857
v -27.4180 75.2530 -10.6654
v -26.7728 75.2530 -10.6654
v -47.8031 77.2790 -11.7988
v -45.0253 76.3455 -12.7394
v -43.4655 76.8152 -12.2175
v -41.7338 76.1424 -12.8081
v -27.4180 76.1597 -10.6654
v -26.7728 76.1597 -10.6654
v -47.3755 79.2004 -11.7988
v -45.7389 79.8106 -11.7988
v -44.2315 79.1392 -11.7988
v 27.4284 -79.0372 -8.1008
v 28.0850 -79.0372 -8.1008
v 25.1381 -77.2723 -8.4604
v 26.6614 -77.9518 -8.6186
v 28.5491 -77.7210 -8.4523
v 72.4666 -76.9278 -9.7274
v 74.0232 -76.9949 -9.0560
v 75.8570 -76.7832 -9.2988
v 25.1381 -75.7231 -8.4604
v 26.7611 -75.4906 -8.7220
v 28.6545 -75.9117 -8.5348
v 72.3741 -75.2210 -9.4921
v 73.5722 -75.2210 -8.2421
v 76.4267 -75.2210 -9.2988
v 79.8381 -74.4312 -8.5053
v 81.7611 -74.4052 -8.5329
v 83.1256 -74.0896 -8.2378
v 72.7062 -73.4974 -9.9612
v 73.9590 -72.6869 -9.1963
v 77.3308 -73.6418 -9.2988
v 79.1073 -73.3901 -9.3227
v 81.6911 -72.6535 -9.5142
v 83.1453 -72.7210 -8.2881
v 67.8246 -69.2921 -8.1832
v 69.3748 -69.7946 -9.1294
v 71.6852 -69.8081 -9.4187
v 74.4796 -69.7362 -9.7809
v 75.5718 -69.0014 -10.3847
v 80.4773 -68.9808 -8.0593
v 82.0683 -70.1223 -9.1062
v 83.1474 -70.3093 -9.2772
v 67.4397 -67.4851 -9.1294
v 68.6172 -68.1612 -9.8498
v 72.7152 -67.5679 -9.5716
v 74.2528 -67.8929 -9.2871
v 76.7584 -67.6223 -9.2433
v 79.3415 -67.2841 -8.8775
v 81.7453 -67.6746 -9.5731
v 83.2194 -68.4770 -10.3755
v 52.9844 -64.0102 -10.4581
v 54.1780 -64.7888 -9.4944
v 56.9300 -65.0169 -9.4239
v 58.5947 -64.3905 -8.6740
v 67.4896 -65.3901 -9.2319
v 68.1822 -64.6695 -10.0206
v 72.7653 -65.2210 -10.2020
v 74.2747 -65.3829 -9.4843
v 76.9715 -65.9859 -9.0807
v 79.1827 -65.6648 -9.3950
v 80.9015 -66.2870 -9.9188
v 52.9604 -62.7210 -10.3983
v 53.6280 -62.7210 -9.1483
v 57.5648 -62.7210 -10.0617
v 59.3613 -62.8487 -9.1020
v 61.2587 -62.1005 -8.7870
v 65.4145 -61.4841 -8.0591
v 66.9492 -62.4788 -8.4720
v 68.7332 -62.7210 -9.8200
v 72.7320 -63.6086 -10.1574
v 73.2108 -63.6086 -10.1574
v 79.9982 -62.7506 -9.0544
v 81.7680 -61.7515 -9.2521
v 83.1217 -61.5660 -8.7794
v 52.9702 -61.4202 -10.4388
v 54.3377 -61.0722 -9.4828
v 56.7336 -60.3276 -9.6453
v 59.2611 -61.0727 -10.1464
v 62.0633 -60.5151 -9.6120
v 64.4531 -60.4101 -8.9255
v 66.6556 -60.1475 -9.7265
v 69.4713 -60.1092 -9.4236
v 71.7611 -59.2396 -8.6442
v 74.2123 -59.1265 -9.2766
v 75.5949 -59.2395 -10.4037
v 80.5032 -60.8927 -8.0581
v 81.7680 -61.1726 -9.2521
v 83.7467 -60.4599 -9.4872
v 54.9760 -57.1072 -9.2988
v 56.1204 -58.3572 -9.2988
v 62.7993 -57.7210 -10.3013
v 64.2039 -57.8010 -10.2884
v 65.7519 -58.6877 -10.4448
v 70.1740 -57.7210 -8.6167
v 71.5444 -57.9434 -8.5636
v 74.2700 -58.2370 -9.3766
v 75.7235 -57.7210 -10.2968
v 82.4605 -56.9401 -9.2988
v 83.8477 -58.1901 -9.2988
v 54.1702 -55.2210 -9.2988
v 57.9674 -54.0479 -8.1608
v 59.2160 -54.0289 -9.3256
v 61.7200 -55.1441 -10.4106
v 63.3325 -56.2784 -10.3307
v 67.5193 -54.3352 -8.3376
v 69.5635 -55.0724 -9.0586
v 70.7557 -55.0741 -9.0872
v 75.2127 -56.0363 -10.3579
v 75.7105 -56.0363 -10.3579
v 81.8425 -55.2210 -9.2988
v 50.2461 -51.7528 -8.4767
v 51.7611 -52.1781 -8.8393
v 53.4183 -52.8676 -9.4244
v 57.9674 -53.9319 -8.1608
v 59.3421 -53.2399 -9.4694
v 61.5453 -52.5410 -10.4408
v 63.1006 -51.5877 -10.4994
v 67.5193 -53.6248 -8.3376
v 69.5579 -52.9340 -9.4049
v 70.8143 -52.9344 -9.5028
v 75.4926 -51.4747 -8.0564
v 75.5127 -51.4747 -8.0564
v 82.2648 -52.7210 -9.2988
v 50.2302 -50.2210 -8.5070
v 51.7607 -50.3910 -9.7910
v 53.0975 -51.3377 -10.3416
v 60.3737 -50.9455 -10.4765
v 62.2401 -50.1307 -9.5017
v 63.2332 -50.1700 -9.3633
v 70.4218 -50.8888 -10.4721
v 70.6643 -50.8888 -10.4721
v 75.4926 -51.4665 -8.0564
v 75.5127 -51.4665 -8.0564
v 82.8828 -51.0548 -9.2988
v 83.3649 -49.8048 -9.2988
v 50.4015 -48.8738 -8.2318
v 51.7005 -47.9127 -9.1586
v 57.8925 -46.5870 -8.1560
v 59.4924 -47.1353 -9.1131
v 61.8142 -47.8019 -8.8396
v 63.3658 -48.5853 -8.2273
v 72.8603 -46.4908 -8.1003
v 73.0403 -46.4908 -8.1003
v 80.3352 -46.5634 -8.1005
v 81.7611 -46.7187 -8.4673
v 83.3670 -47.6136 -9.3526
v 52.9358 -46.3438 -9.2988
v 53.8693 -45.0938 -9.2988
v 57.8925 -46.2607 -8.1560
v 59.4924 -45.8303 -9.1131
v 61.0158 -45.8278 -9.2988
v 72.8832 -45.2210 -8.1269
v 73.0539 -45.2210 -8.1269
v 80.3352 -46.0865 -8.1005
v 81.7611 -46.0508 -8.4673
v 83.5902 -45.3655 -9.3526
v 52.9420 -41.5433 -10.2201
v 53.9170 -42.5144 -9.3516
v 60.3914 -41.6122 -8.1484
v 60.6508 -41.6122 -8.1484
v 70.2119 -41.6697 -8.3314
v 71.9993 -42.5902 -8.4906
v 73.6307 -42.7210 -8.3891
v 84.1217 -42.7210 -9.2988
v 52.8118 -40.1054 -9.3516
v 53.3766 -40.8617 -8.5535
v 60.3914 -41.1216 -8.1484
v 60.6508 -41.1216 -8.1484
v 70.2119 -40.9038 -8.3314
v 71.8888 -40.0337 -9.2240
v 73.6766 -40.0865 -9.2895
v 77.9442 -39.1685 -10.4573
v 78.0716 -39.1685 -10.4573
v 84.6063 -40.1266 -9.1836
v 85.6542 -39.2303 -8.2735
v 52.6561 -37.5901 -9.4742
v 54.2611 -36.6886 -10.3843
v 55.8293 -36.5626 -10.4538
v 72.1744 -37.7210 -9.2988
v 74.4942 -37.9695 -9.2988
v 76.8060 -37.4700 -9.5116
v 79.2839 -37.4130 -9.5116
v 81.5215 -36.8570 -9.3740
v 84.2241 -37.7266 -9.7884
v 85.8488 -37.7210 -8.5667
v 52.7420 -34.9726 -9.4742
v 54.0143 -34.9726 -10.3528
v 56.7020 -35.1221 -10.3819
v 59.2611 -34.2300 -10.3758
v 60.5708 -34.0646 -10.3940
v 65.4519 -34.3165 -10.4015
v 66.1397 -34.3165 -10.4015
v 69.8951 -34.2525 -9.2988
v 71.3578 -35.5025 -9.2988
v 77.3087 -35.2210 -8.5425
v 79.5021 -35.4634 -8.9101
v 81.4397 -35.3878 -9.5418
v 84.1587 -35.1725 -9.3861
v 85.8183 -36.0279 -8.5147
v 52.9212 -33.8791 -9.2988
v 54.0143 -33.7555 -9.4843
v 56.7611 -33.1703 -9.1613
v 59.0134 -32.4724 -9.1705
v 61.6959 -32.3395 -9.3185
v 64.5107 -32.7738 -9.3171
v 66.8883 -33.4996 -9.4604
v 68.6451 -33.5724 -9.2988
v 77.7511 -33.8512 -8.1899
v 79.2611 -33.3441 -8.7376
v 81.6150 -33.1881 -9.5151
v 83.4824 -33.5294 -9.2988
v 59.6816 -30.9899 -8.4824
v 61.9229 -30.5505 -9.2881
v 63.8163 -30.2210 -9.8924
v 62.7672 -28.7718 -10.3231
v 63.5264 -28.7718 -10.3231
v -82.6032 30.5406 -8.3470
v -80.7389 30.6469 -8.2895
v -79.4737 31.0079 -8.0716
v -84.6520 32.9756 -8.2762
v -83.3575 32.1970 -8.5911
v -80.5213 32.2264 -8.4683
v -79.4737 31.3580 -8.0716
v -37.3447 32.9582 -9.8087
v -35.9369 32.5863 -9.1047
v -33.6521 32.7788 -9.2988
v -84.6520 33.7845 -8.2762
v -83.2389 34.0366 -8.5030
v -81.2096 33.9503 -8.4271
v -37.3447 34.2506 -9.8087
v -36.3967 34.9620 -9.1047
v -32.7713 34.8475 -9.2615
v -30.8795 35.5321 -9.3565
v -28.2389 35.1425 -8.9251
v -26.5185 35.5383 -8.6231
v -39.9216 38.3143 -8.5765
v -38.2949 38.1400 -9.4687
v -36.0698 37.1910 -9.4360
v -32.7419 36.4133 -8.4033
v -30.8795 36.3945 -9.3565
v -28.0431 37.4144 -9.4663
v -26.5185 36.7865 -8.6231
v -42.2365 40.6359 -8.2979
v -40.6153 39.8198 -9.2705
v -38.3048 39.4468 -9.4748
v -35.6828 39.7252 -9.4486
v -33.0281 40.1754 -9.4985
v -31.5473 40.5475 -8.7983
v -27.5840 39.7748 -9.3575
v -26.5513 40.6053 -10.2300
v -54.6313 43.3973 -10.2255
v -53.1047 43.4024 -9.3548
v -51.9079 43.4695 -9.2988
v -42.4327 42.5112 -9.1983
v -41.3090 41.8326 -9.9646
v -37.4473 41.2246 -8.5364
v -35.8875 42.1464 -9.3413
v -32.7471 42.2743 -9.4985
v -30.6916 42.4742 -9.0843
v -28.3189 41.9948 -9.3575
v -26.5513 41.3419 -10.2300
v -55.2560 44.7016 -9.3548
v -53.8486 43.8167 -8.5589
v -50.8881 44.8845 -9.2233
v -49.1890 45.7882 -8.3397
v -42.3580 44.0618 -9.2988
v -40.5890 45.3922 -9.2664
v -38.3615 45.8036 -9.3394
v -35.5519 44.6481 -9.7139
v -34.1377 43.8717 -9.2988
v -30.5973 44.7790 -9.2988
v -55.1749 47.3629 -9.5413
v -53.3515 48.0560 -9.4552
v -50.9931 47.1926 -10.0235
v -48.3174 47.3340 -9.2360
v -45.7389 48.1686 -8.4401
v -43.2389 47.9103 -8.6068
v -40.2747 47.0489 -9.3237
v -38.6270 46.8662 -9.5669
v -35.7250 47.3503 -10.3329
v -34.2703 48.4371 -10.3985
v -30.0362 46.5478 -9.2988
v -28.2389 47.2431 -9.2988
v -26.2223 47.9743 -9.2988
v -54.4961 48.5675 -10.5364
v -53.1790 49.4210 -9.7286
v -51.7239 49.2025 -10.0406
v -47.4459 49.0544 -10.1323
v -45.7389 49.5106 -9.6901
v -43.2389 49.3978 -9.8568
v -40.2951 49.7312 -9.2839
v -38.3670 50.1630 -9.5871
v -35.7275 50.0032 -10.4097
v -34.2703 49.0055 -10.3985
v -24.9940 49.7790 -9.2988
v -54.8131 52.8949 -9.2988
v -53.5752 51.6449 -9.2988
v -47.2705 53.3641 -8.3799
v -46.8766 53.3641 -8.3799
v -39.8095 52.2790 -8.3419
v -38.0249 52.2790 -9.3765
v -35.8930 52.3033 -10.4106
v -34.4231 53.1528 -10.5022
v -25.6548 52.2790 -9.2988
v -55.2469 54.7790 -9.2988
v -52.1783 55.9161 -8.1441
v -50.8319 55.6916 -9.0601
v -48.1538 54.5740 -9.1780
v -46.8766 53.6808 -8.3799
v -39.8531 54.7790 -8.4927
v -38.3660 54.2802 -9.3500
v -35.5067 54.8045 -9.6643
v -34.3537 55.0080 -9.5208
v -27.3184 55.3219 -9.2988
v -26.8830 54.0719 -9.2988
v -59.5933 58.3430 -8.2602
v -58.2389 57.9329 -8.7122
v -56.2352 57.1637 -9.4527
v -52.1783 56.0954 -8.1441
v -50.6603 56.7718 -9.2484
v -48.2179 57.4299 -10.1009
v -46.5711 58.3638 -10.4320
v -39.7615 56.0599 -8.5197
v -39.4049 56.0599 -8.5197
v -34.7656 56.2313 -9.2988
v -34.3692 56.2313 -9.2988
v -27.3184 56.3875 -9.2988
v -26.5407 57.6375 -9.2988
v -59.5933 58.7697 -8.2602
v -57.9554 59.7484 -9.3244
v -56.8210 59.0606 -10.3886
v -49.5363 58.6240 -10.4918
v -48.2389 58.7045 -10.4184
v -46.5711 58.6681 -10.4320
v -26.0127 59.7790 -9.2988
v -57.1887 61.3271 -9.2988
v -56.3454 62.5771 -9.2988
v -49.9593 63.1604 -8.5150
v -48.2389 62.8578 -8.7117
v -46.7655 63.0027 -8.4664
v -35.0849 63.0449 -10.3650
v -34.2401 63.0449 -10.3650
v -26.0287 62.2790 -9.2988
v -55.0305 64.9524 -9.3030
v -54.3267 65.9013 -8.4725
v -49.9593 64.2771 -8.5150
v -48.2389 64.1998 -8.7117
v -46.7655 63.6752 -8.4664
v -35.0849 63.9535 -10.3650
v -34.2401 63.9535 -10.3650
v -25.8139 64.7790 -9.2988
v -57.0640 68.4382 -10.0957
v -55.7074 67.3291 -9.2841
v -54.3267 66.2200 -8.4725
v -49.7375 67.8598 -8.7574
v -49.2777 67.8598 -8.7574
v -39.6721 68.2377 -8.2272
v -38.2389 67.8035 -8.7510
v -36.4726 67.8529 -8.8067
v -25.3843 67.2790 -9.2988
v -57.0640 68.8162 -10.0957
v -56.5814 69.7014 -9.2770
v -49.7375 68.8331 -8.7574
v -49.2777 68.8331 -8.7574
v -42.2834 70.9185 -8.8551
v -40.7262 69.8825 -8.5412
v -38.2301 69.7195 -8.8472
v -36.3085 69.7790 -8.9130
v -24.9612 69.5884 -9.4125
v -23.9295 70.2946 -8.6550
v -57.0016 73.3996 -8.1305
v -56.4736 72.4514 -9.0978
v -42.2834 71.2126 -8.8551
v -41.7804 71.2126 -8.8551
v -37.3908 71.5057 -8.4432
v -35.9634 72.2261 -8.9321
v -33.2367 72.5857 -9.2499
v -30.7389 72.8764 -9.8526
v -28.2389 73.2776 -10.2125
v -25.6506 72.5169 -10.0971
v -23.8438 72.2790 -8.7477
v -57.0016 73.5714 -8.1305
v -55.5834 74.6580 -8.9553
v -53.2389 75.4555 -9.7282
v -50.7389 75.2767 -10.0878
v -49.1514 75.5061 -10.2597
v -45.1822 75.4638 -8.4358
v -43.3281 75.5408 -9.2629
v -40.7389 75.3580 -9.6046
v -38.4648 74.9343 -9.0688
v -36.7374 73.7731 -9.2988
v -32.4019 73.9759 -8.3840
v -30.8110 74.7971 -8.8889
v -28.2463 74.5634 -10.1768
v -25.8523 74.5626 -9.4526
v -24.1881 73.8722 -8.3745
v -54.5145 76.0364 -8.1135
v -53.2389 76.4106 -8.4782
v -50.7442 77.3299 -8.8181
v -48.1693 77.4989 -9.3095
v -45.9049 77.0868 -8.9244
v -43.4148 76.8413 -9.3344
v -40.7389 76.2151 -8.3546
v -39.4488 76.0485 -8.0821
v -30.0258 76.5447 -8.7105
v -28.2463 76.5894 -9.4458
v -26.5340 76.3428 -9.2988
v -49.9144 78.8306 -8.2789
v -48.1181 78.8989 -9.2475
v -45.7389 79.2380 -10.1030
v -44.3041 79.0361 -10.2871
v 25.2562 -96.6255 -5.7149
v 25.7727 -96.6255 -5.7149
v 22.7284 -94.2275 -5.7327
v 24.3582 -95.1249 -6.1548
v 26.1426 -95.2210 -6.1684
v 22.7284 -93.7360 -5.7327
v 24.4691 -92.8300 -6.0817
v 26.0710 -92.7210 -6.0770
v 24.9662 -90.2210 -5.8385
v 26.6108 -90.0957 -5.8157
v 28.0520 -89.1788 -5.6074
v 24.5274 -87.7210 -5.9690
v 26.6681 -87.9247 -5.9201
v 28.0520 -88.8939 -5.6074
v 24.9871 -85.2210 -5.7279
v 25.8251 -85.2210 -5.7279
v 25.2910 -82.7210 -5.7669
v 26.6054 -82.8200 -5.8934
v 28.2311 -82.0527 -5.8322
v 25.0391 -80.2210 -6.3501
v 26.6614 -80.0107 -7.3599
v 28.4325 -80.0107 -6.7188
v 25.0319 -77.9518 -7.0276
v 25.7617 -78.9390 -8.0135
v 28.9279 -77.7210 -6.7988
v 74.6979 -76.7601 -7.7706
v 75.8311 -76.7601 -7.7706
v 25.1965 -75.8133 -6.7988
v 26.7611 -75.3293 -6.7988
v 28.5661 -75.9870 -6.7988
v 74.8222 -75.2210 -7.8251
v 75.8450 -75.2210 -7.8251
v 79.6348 -74.6082 -6.7988
v 81.7300 -74.5519 -6.9295
v 83.1256 -74.0896 -7.8500
v 69.8426 -71.7355 -6.1282
v 70.8488 -71.7355 -6.1282
v 75.2875 -72.7210 -7.9125
v 76.5862 -72.8312 -7.7206
v 79.0936 -72.7368 -6.7234
v 81.7300 -72.6297 -6.4906
v 83.1453 -72.7210 -7.8151
v 67.5851 -69.7037 -6.7988
v 69.1100 -70.8968 -6.8965
v 71.3742 -70.3107 -6.8965
v 75.2505 -70.2210 -7.6336
v 76.7611 -70.2210 -7.1639
v 79.4908 -69.9769 -7.3018
v 81.7611 -70.7923 -7.5001
v 83.0755 -71.3896 -7.9359
v 62.3506 -66.7565 -5.8507
v 64.2611 -67.0036 -6.2655
v 66.2295 -67.7258 -6.9410
v 72.5867 -68.5933 -6.7988
v 74.7634 -67.9284 -7.2173
v 76.5543 -67.7729 -6.9867
v 78.7037 -67.6597 -6.8922
v 54.9552 -64.5410 -6.7988
v 56.7611 -65.4207 -6.7988
v 58.9679 -64.8506 -6.7988
v 62.1889 -65.2210 -5.9136
v 64.4345 -65.0191 -6.2329
v 66.0289 -65.0191 -6.9410
v 70.4016 -64.2936 -5.7875
v 70.6643 -64.2936 -5.7875
v 75.3387 -66.1153 -7.8900
v 76.2784 -66.1153 -7.8900
v 78.9039 -65.2210 -6.7988
v 54.8930 -62.5693 -6.6751
v 55.8514 -61.6349 -5.7594
v 60.0783 -62.8487 -6.6020
v 61.9170 -62.8685 -6.5187
v 64.5656 -62.5603 -6.8736
v 66.1713 -62.4788 -7.0279
v 70.4016 -63.7055 -5.7875
v 70.6643 -63.7055 -5.7875
v 80.0077 -62.7052 -7.0410
v 81.6809 -61.7137 -6.9996
v 83.1217 -61.5660 -7.6300
v 55.2220 -61.2217 -7.4260
v 56.7226 -60.4136 -6.6539
v 59.3128 -60.3517 -5.8445
v 61.7700 -60.4039 -6.4621
v 64.4531 -60.8603 -7.0279
v 66.7033 -60.0672 -6.0394
v 69.1587 -59.2501 -6.7165
v 71.7611 -59.2396 -7.7337
v 73.0915 -59.0136 -7.9758
v 80.5032 -60.8927 -8.0358
v 81.6809 -61.1065 -6.9996
v 83.6537 -60.3806 -6.7975
v 54.9845 -56.9656 -7.3144
v 56.7607 -57.7678 -7.1123
v 59.2847 -57.8836 -6.0956
v 60.6148 -58.8254 -5.6200
v 67.5594 -58.5543 -5.7315
v 69.3184 -58.0781 -6.8515
v 72.0350 -57.4321 -6.9315
v 73.1096 -57.7524 -6.7972
v 82.6894 -56.8302 -6.7988
v 83.7314 -58.0802 -6.7988
v 52.4723 -54.2985 -6.2130
v 54.0623 -55.3493 -6.7637
v 57.2781 -55.2671 -6.8663
v 58.2624 -55.1019 -7.0364
v 67.5193 -54.3352 -7.6452
v 69.5135 -55.1475 -6.9491
v 71.5413 -55.6090 -6.4640
v 73.1277 -56.3502 -5.6186
v 82.1434 -55.2210 -6.7988
v 50.0996 -52.1379 -6.7988
v 51.6878 -53.4012 -6.9473
v 53.1401 -53.7987 -7.8797
v 57.9674 -53.9319 -8.0169
v 58.0578 -53.9319 -8.0169
v 67.5193 -53.6248 -7.6452
v 69.2481 -52.9340 -6.6619
v 70.8562 -52.9344 -6.6266
v 75.4926 -51.4747 -8.0431
v 76.6547 -51.5397 -6.8335
v 78.3851 -51.6047 -5.6239
v 81.8999 -52.7210 -6.7988
v 50.1162 -50.0631 -6.7541
v 50.6438 -49.1245 -5.8909
v 62.8274 -49.2032 -6.7988
v 63.3331 -49.2032 -6.7988
v 67.8758 -49.5679 -5.6968
v 69.1354 -50.3334 -5.6877
v 71.6035 -50.2258 -5.7737
v 74.4714 -50.4097 -6.9560
v 76.8258 -50.7548 -6.6664
v 79.2355 -50.3392 -5.8837
v 81.8010 -50.4708 -6.7749
v 83.4351 -49.6902 -7.5564
v 50.4015 -48.8738 -7.5576
v 51.7901 -47.7029 -6.6700
v 53.1010 -46.5320 -5.7823
v 57.8106 -46.7440 -6.7988
v 59.1326 -46.8944 -6.7769
v 62.1063 -47.8451 -7.1403
v 63.3331 -48.6194 -6.7988
v 67.8758 -48.5568 -5.6968
v 69.3580 -47.5791 -5.7740
v 71.8322 -47.3795 -6.6934
v 73.3673 -47.4829 -6.7409
v 77.9584 -48.8981 -5.5871
v 79.4979 -47.7308 -6.6236
v 81.7611 -47.9687 -7.3879
v 83.4351 -48.3754 -7.5564
v 52.9363 -46.3176 -7.4490
v 54.2112 -45.2768 -6.7217
v 56.9196 -45.3717 -6.4540
v 59.1326 -46.0417 -6.7769
v 61.1448 -46.0854 -7.5957
v 65.4523 -44.0350 -6.0337
v 65.6468 -44.0350 -6.0337
v 70.3475 -46.3861 -5.8511
v 72.0925 -45.5036 -6.9210
v 73.1206 -45.3611 -7.0140
v 80.2413 -46.0164 -6.7988
v 81.7611 -45.6576 -6.7988
v 83.6089 -44.8621 -6.7988
v 55.0180 -42.7210 -7.6388
v 56.6434 -42.7427 -6.5083
v 59.4623 -41.7680 -6.9666
v 60.6508 -41.6122 -7.9053
v 65.4523 -43.9109 -6.0337
v 65.6468 -43.9109 -6.0337
v 70.2119 -41.6697 -7.4923
v 71.9993 -42.5902 -7.4231
v 73.6307 -42.7210 -7.6840
v 84.2266 -42.7210 -6.7988
v 52.9714 -39.1950 -7.9692
v 54.2304 -40.1054 -7.5579
v 56.7611 -40.2210 -6.7938
v 59.3600 -40.6070 -6.8724
v 60.6508 -41.1216 -7.9053
v 70.2119 -40.9038 -7.4923
v 71.7378 -40.1307 -7.3115
v 73.7066 -40.2210 -7.5445
v 84.5296 -40.1266 -6.9374
v 85.6542 -39.2303 -7.8631
v 52.7399 -37.5714 -7.0010
v 54.2611 -37.8599 -6.3043
v 56.5399 -37.4817 -5.9358
v 58.3158 -37.7210 -5.8423
v 72.3894 -37.7210 -7.7449
v 74.0885 -37.5684 -7.7196
v 75.6678 -36.6333 -7.9053
v 80.4961 -36.5888 -8.0336
v 80.5284 -36.5888 -8.0336
v 84.7183 -38.3721 -6.1965
v 85.8771 -37.6117 -6.9374
v 52.6919 -35.4045 -6.9523
v 54.2611 -35.0838 -6.1912
v 56.4084 -35.5426 -5.7101
v 58.1724 -36.3531 -5.6874
v 70.4865 -34.0530 -8.0193
v 71.7870 -35.0202 -7.4743
v 74.2611 -35.2210 -7.0881
v 76.0587 -35.2210 -7.7840
v 80.4961 -36.4584 -8.0336
v 80.5284 -36.4584 -8.0336
v 85.0951 -34.3613 -7.4232
v 85.8414 -35.2051 -6.6734
v 52.8915 -33.8486 -7.8880
v 54.2611 -33.7018 -7.4412
v 56.7190 -32.6039 -6.8856
v 58.0150 -31.4734 -8.0384
v 62.8227 -31.8308 -7.7695
v 64.1236 -32.5036 -6.8812
v 66.7611 -32.9585 -6.7988
v 69.4963 -33.0884 -7.0311
v 71.7611 -33.6328 -6.2017
v 74.2611 -33.5419 -6.0667
v 76.8551 -33.2250 -6.9231
v 79.1743 -32.1239 -6.9255
v 81.7494 -32.0863 -6.9255
v 84.2615 -33.4464 -6.6734
v 85.5946 -33.8550 -5.7565
v 57.8469 -31.2090 -6.3717
v 59.0134 -30.6835 -7.0425
v 61.8980 -30.7313 -6.8812
v 63.1986 -31.2888 -6.1028
v 79.9498 -31.1680 -6.1767
v 80.9082 -31.1680 -6.1767
v -85.0282 13.2341 -5.8562
v -83.7588 13.2341 -5.8562
v -87.0797 15.7804 -5.6045
v -85.8125 14.8798 -6.0895
v -83.3979 14.7790 -6.1828
v -87.0797 16.0981 -5.6045
v -85.5181 17.0704 -5.9341
v -83.0542 17.1299 -6.0723
v -81.7378 17.8639 -5.8348
v -87.1151 20.9286 -5.6212
v -85.5181 19.9688 -5.8769
v -83.2389 19.7790 -6.1667
v -81.7592 19.7790 -5.8109
v -87.1151 21.2598 -5.6212
v -85.7389 21.7741 -5.9225
v -83.2389 21.7738 -5.9158
v -81.9338 21.2594 -5.6122
v -84.7014 28.0800 -5.8406
v -83.2389 27.6208 -6.1819
v -81.5617 27.7671 -6.1011
v -84.6904 29.7790 -6.0057
v -83.3575 29.7360 -7.2457
v -80.6694 29.9409 -7.0500
v -79.4737 31.0079 -7.9990
v -84.5985 32.1017 -6.7485
v -84.0206 32.1017 -6.7485
v -80.1546 32.2264 -7.0189
v -79.4737 31.3580 -7.9990
v -35.2356 33.0125 -7.6787
v -33.8793 33.0125 -7.6787
v -84.6520 33.7845 -7.6308
v -83.0584 33.9628 -6.7980
v -81.3548 33.8796 -6.7988
v -35.0670 34.7790 -7.7617
v -33.9715 34.7790 -7.7617
v -30.1845 35.0825 -6.7988
v -28.1977 34.9774 -6.6654
v -26.5185 35.5383 -7.4099
v -40.1952 37.9833 -6.7988
v -38.3143 38.0680 -6.5812
v -35.6418 37.7972 -6.9335
v -33.4407 37.2596 -7.8525
v -30.7860 37.2386 -6.8737
v -28.0398 37.4252 -6.6397
v -26.5185 36.7865 -7.4099
v -42.4241 40.4995 -6.7988
v -41.4452 39.2495 -6.7988
v -37.7394 39.7790 -7.2211
v -35.6777 39.3743 -6.8001
v -32.9705 39.8052 -6.9989
v -31.1366 40.1561 -6.9232
v -28.7168 39.7790 -7.5274
v -52.3012 43.3810 -6.7988
v -51.5543 43.3810 -6.7988
v -47.6713 43.0008 -5.9807
v -46.2197 43.0008 -5.9807
v -43.3656 42.2790 -6.7988
v -39.5761 43.4094 -5.6453
v -38.3557 42.3170 -6.6849
v -35.4187 42.0331 -6.9481
v -33.4315 42.1397 -6.8759
v -30.7034 42.0051 -7.1796
v -29.2056 41.5565 -7.8662
v -54.9248 45.4834 -7.2297
v -53.7329 44.7016 -6.5574
v -50.3043 44.3699 -6.7988
v -48.4113 45.0371 -6.4482
v -46.2197 44.2599 -5.9807
v -43.1032 44.9366 -6.9655
v -40.2406 44.9334 -6.8659
v -39.2729 44.8279 -6.7381
v -34.5741 43.9641 -7.8383
v -34.2503 43.9641 -7.8383
v -30.2976 44.7790 -6.7988
v -54.9248 46.5854 -7.2297
v -53.3561 47.4749 -6.6554
v -51.2917 48.3643 -6.0811
v -47.9704 47.2972 -6.6749
v -45.7389 48.1686 -7.3806
v -42.9611 47.4057 -6.8440
v -40.9603 47.2314 -6.8654
v -39.2816 46.3615 -7.8308
v -29.9139 46.3971 -6.7988
v -28.2389 47.1449 -6.7988
v -26.3633 48.0268 -6.7988
v -52.3023 49.7790 -7.7730
v -50.5706 49.5907 -6.5712
v -48.4574 49.4868 -5.8565
v -45.7389 49.2245 -6.1306
v -43.2389 49.4504 -6.0444
v -40.4794 49.7868 -6.7518
v -38.9216 50.5974 -7.8595
v -25.2029 49.7790 -6.7988
v -54.9607 52.9711 -6.7988
v -52.9524 52.3237 -6.7867
v -50.9649 52.2152 -6.2773
v -48.1008 52.5082 -6.4367
v -46.7928 53.3849 -6.7988
v -39.7702 52.5086 -6.9352
v -38.3207 52.5993 -6.7720
v -36.6341 53.3704 -5.6845
v -27.2196 53.2340 -6.1920
v -26.0105 52.3520 -6.9347
v -57.5652 55.7493 -5.9462
v -56.0874 54.8612 -6.7873
v -52.1269 54.7500 -6.7489
v -51.8671 54.7500 -6.7489
v -47.2315 53.6979 -6.7988
v -46.7928 53.6979 -6.7988
v -40.2629 54.7790 -6.7988
v -38.2236 54.6070 -6.6302
v -35.6184 54.8265 -6.8490
v -33.2378 55.9854 -6.8004
v -31.9327 55.9769 -5.5873
v -27.1655 54.9340 -7.0270
v -26.8966 54.9340 -7.0270
v -59.5933 58.3430 -7.5064
v -58.4846 57.2983 -6.7263
v -56.5241 56.2535 -7.6129
v -52.1783 56.0954 -7.9064
v -51.7853 56.0954 -7.9064
v -39.9989 57.0475 -6.5635
v -39.1425 57.0475 -6.5635
v -34.6027 56.1213 -8.0135
v -33.1851 56.7828 -6.6618
v -30.9552 57.4420 -5.6993
v -27.7557 57.2250 -6.7451
v -26.7848 57.0802 -6.8852
v -59.5933 58.7697 -7.5064
v -58.6916 59.6734 -6.7234
v -39.5611 58.6464 -5.5733
v -38.3900 59.4972 -5.7662
v -36.4176 60.3479 -5.9591
v -32.2821 58.7476 -5.6426
v -30.8043 59.6602 -6.0592
v -28.2389 59.7790 -6.6534
v -26.3192 59.7790 -7.3357
v -57.3059 61.4097 -6.7988
v -56.3625 62.6597 -6.7988
v -52.1995 63.1416 -5.7410
v -50.8829 63.1510 -6.6666
v -48.2389 62.8578 -7.6020
v -46.7655 63.0027 -7.9097
v -37.5287 61.3482 -5.9591
v -36.4176 61.3482 -5.9591
v -30.0145 61.7397 -6.1872
v -28.2389 62.0735 -6.2948
v -26.4496 62.4382 -6.7625
v -55.1125 64.2378 -6.7988
v -53.2631 64.8349 -6.5283
v -50.9999 64.5639 -6.5498
v -48.2389 64.1998 -7.6020
v -45.7225 64.7655 -7.0445
v -44.2990 65.8557 -6.1794
v -25.7013 64.7790 -6.7988
v -55.1653 67.8866 -7.6878
v -53.3916 67.1436 -7.1879
v -50.7797 67.5279 -6.7743
v -49.2777 67.8598 -7.8155
v -44.6796 66.1693 -6.1794
v -44.2990 66.1693 -6.1794
v -39.6721 68.2377 -7.7655
v -38.0605 67.8268 -6.8788
v -36.4997 67.8697 -6.7988
v -27.0524 68.4970 -5.5687
v -25.6906 67.5098 -6.5608
v -55.4674 69.7790 -7.3029
v -53.2389 69.7790 -6.6808
v -50.5429 69.3736 -6.8790
v -49.2777 68.8331 -7.8155
v -42.2834 70.9185 -7.6429
v -40.7262 69.8825 -7.7042
v -38.0829 69.5655 -6.9247
v -36.3630 69.5824 -6.8699
v -27.0524 68.7855 -5.5687
v -25.6738 69.5401 -6.4722
v -23.9295 70.2946 -7.3756
v -57.0016 73.3996 -7.9901
v -55.6711 72.5534 -6.8694
v -52.9977 72.4360 -5.8758
v -51.5014 72.2790 -5.8076
v -42.2834 71.2126 -7.6429
v -41.7804 71.2126 -7.6429
v -37.3908 71.5057 -7.7506
v -35.8082 72.2944 -7.6867
v -34.0686 73.0831 -7.6227
v -25.1185 71.1863 -5.7089
v -23.7215 72.1234 -6.6449
v -57.0016 73.5714 -7.9901
v -55.3698 74.4021 -7.1767
v -53.0618 74.3812 -5.9563
v -51.9873 73.5296 -5.5494
v -45.2277 75.3831 -6.7988
v -43.8012 75.3831 -6.7988
v -37.6118 75.6227 -6.7988
v -35.9770 74.9248 -6.7030
v -33.2367 74.7971 -7.1925
v -31.6924 75.6425 -7.6465
v -24.9318 75.5389 -7.4795
v -23.9622 74.7349 -6.7072
v -54.5145 76.0364 -8.0300
v -53.2676 76.7130 -7.0375
v -51.5303 78.1285 -6.7988
v -47.4095 77.7920 -7.3761
v -46.5297 77.0868 -6.6452
v -42.5512 76.3077 -6.7988
v -40.7389 76.4893 -6.7988
v -38.8618 76.2107 -6.7988
v -35.2690 76.1725 -5.7832
v -33.2389 76.3391 -6.0479
v -30.6296 77.2551 -6.6690
v -28.4012 77.5419 -6.6344
v -25.7546 76.3173 -6.7072
v -24.3308 76.1704 -5.8128
v -50.2803 79.0999 -6.7988
v -48.2413 79.0228 -6.6452
v -46.9050 78.5908 -5.7094
v -29.5667 78.5800 -5.6914
v -29.3427 78.5800 -5.6914
v 20.4316 -96.5131 -3.1225
v 20.8802 -96.5131 -3.1225
v 24.8173 -96.7778 -4.2988
v 26.0229 -96.7778 -4.2988
v 20.0228 -95.2210 -3.5173
v 21.8043 -95.3089 -4.1945
v 23.5673 -95.9779 -4.2988
v 26.7569 -95.2210 -4.2988
v 19.9396 -93.4967 -3.5998
v 22.0231 -92.7830 -4.1726
v 23.7744 -92.0693 -4.7454
v 27.1980 -92.4832 -4.0831
v 28.0200 -91.4913 -3.1060
v 22.7054 -90.2210 -3.4472
v 23.7162 -90.2210 -4.6972
v 27.5857 -90.3007 -4.2366
v 28.0360 -90.3007 -4.2366
v 22.1294 -87.7210 -3.9991
v 23.2774 -87.7210 -5.2491
v 27.6333 -87.7606 -4.2404
v 28.0686 -87.7606 -4.2404
v 20.3954 -84.6432 -3.2164
v 21.5343 -85.3743 -3.8279
v 23.7371 -85.2210 -5.1470
v 27.0751 -85.2210 -4.8356
v 29.0555 -85.2222 -3.6813
v 31.7611 -84.4045 -3.4197
v 33.6315 -84.1302 -3.2049
v 20.3954 -83.7915 -3.2164
v 21.7611 -83.3686 -3.4483
v 23.9191 -82.5967 -4.2678
v 27.3349 -83.7193 -5.3663
v 29.3052 -82.6266 -4.3768
v 31.5796 -82.5087 -3.4640
v 34.3834 -82.9237 -3.5415
v 35.9928 -82.2255 -3.5164
v 24.2048 -80.2210 -4.2988
v 29.4531 -80.2210 -4.2988
v 32.2919 -81.1683 -3.2463
v 34.2611 -80.8825 -3.5476
v 35.9928 -80.9891 -3.5164
v 24.5139 -77.7210 -4.2988
v 29.6698 -77.9481 -4.3088
v 31.7611 -77.3101 -3.5283
v 33.3888 -76.7946 -3.2547
v 22.7626 -74.4138 -3.3335
v 24.4122 -75.3778 -4.3099
v 26.9084 -75.1199 -4.3914
v 29.0691 -75.8123 -4.3088
v 31.8516 -75.0860 -3.4692
v 33.3530 -75.2210 -3.2492
v 80.0157 -74.3603 -5.2928
v 80.8759 -74.3603 -5.2928
v 22.7626 -73.5102 -3.3335
v 24.3162 -72.6945 -3.6904
v 26.5056 -72.7210 -3.6373
v 32.7452 -73.8824 -3.1102
v 33.0893 -73.8824 -3.1102
v 69.4932 -71.9823 -4.2988
v 71.2199 -71.9823 -4.2988
v 80.0157 -73.4023 -5.2928
v 80.8759 -73.4023 -5.2928
v 25.1862 -71.3406 -3.2625
v 26.1750 -71.3406 -3.2625
v 67.6296 -69.6268 -5.1247
v 68.3133 -70.3645 -4.2944
v 72.4368 -70.2210 -4.2988
v 57.7244 -66.6972 -3.6812
v 59.2611 -66.8170 -3.9983
v 61.6148 -67.2179 -4.4289
v 64.2611 -67.6530 -4.2988
v 66.7822 -68.1065 -4.2944
v 68.2053 -68.6305 -3.4581
v 72.9780 -68.9123 -4.2988
v 74.2611 -68.6722 -4.2988
v 76.7611 -67.7300 -4.2988
v 78.1585 -66.7202 -4.2988
v 55.3251 -64.2217 -5.2083
v 56.7833 -65.3064 -4.4448
v 59.4264 -65.4230 -5.2113
v 60.9389 -65.2210 -5.2776
v 65.4024 -64.0805 -4.2988
v 65.5424 -64.0805 -4.2988
v 70.4016 -64.2936 -5.3350
v 70.6643 -64.2936 -5.3350
v 78.6953 -65.2210 -4.2988
v 55.3251 -63.3016 -5.2083
v 56.2251 -62.5693 -4.3445
v 60.1574 -62.7210 -5.3639
v 61.7496 -62.7703 -5.1340
v 64.6053 -62.9645 -4.3928
v 65.7377 -62.9639 -4.4285
v 70.4016 -63.7055 -5.3350
v 70.6643 -63.7055 -5.3350
v 79.8232 -62.7052 -4.1398
v 81.1445 -61.8614 -4.8671
v 57.2060 -60.3517 -4.3710
v 59.3128 -60.3517 -5.2813
v 61.5733 -60.2514 -5.1921
v 64.2611 -60.7837 -5.0649
v 66.7033 -60.0672 -5.3359
v 68.1775 -59.2138 -5.3233
v 80.1390 -60.2210 -3.2339
v 81.8911 -60.3806 -4.4386
v 83.4727 -59.6536 -5.1183
v 57.4770 -58.2447 -3.5859
v 59.1231 -57.7017 -4.5349
v 60.6148 -58.8254 -5.4839
v 67.5594 -58.5543 -5.3233
v 68.1775 -58.5543 -5.3233
v 72.8526 -56.5798 -5.4485
v 74.3018 -56.5353 -4.2694
v 76.7611 -56.7437 -3.1573
v 79.3308 -57.6773 -3.4739
v 81.9090 -57.5329 -4.6537
v 83.4727 -58.2408 -5.1183
v 52.3761 -54.4608 -4.2988
v 54.2611 -55.2871 -4.2988
v 56.7611 -55.4463 -4.2988
v 58.4291 -55.8699 -4.2988
v 65.4779 -53.9866 -3.0939
v 65.5244 -53.9866 -3.0939
v 70.3027 -54.5574 -4.2988
v 71.6417 -55.3258 -4.7915
v 74.3018 -56.3914 -4.2694
v 76.9756 -55.4479 -3.1767
v 79.0663 -55.1490 -3.4580
v 81.4678 -55.1490 -4.3550
v 50.2275 -52.0784 -5.0301
v 51.3020 -52.8354 -4.2376
v 60.2617 -51.5787 -3.2100
v 60.6996 -51.5787 -3.2100
v 65.4779 -53.9361 -3.0939
v 65.5244 -53.9361 -3.0939
v 69.9791 -52.9429 -4.4134
v 70.8241 -52.9429 -4.4134
v 75.1323 -51.6272 -3.3228
v 77.0409 -52.4493 -4.0534
v 78.3780 -52.5512 -4.0899
v 82.1732 -52.6923 -4.2770
v 83.2667 -51.8398 -3.4291
v 50.2275 -50.7912 -5.0301
v 51.6599 -49.9419 -4.0625
v 53.0388 -49.0927 -3.0949
v 60.2617 -51.3168 -3.2100
v 61.7990 -50.2704 -4.2848
v 63.0858 -49.2240 -5.3597
v 67.6808 -49.6313 -4.2988
v 69.1906 -50.2602 -4.7378
v 71.6035 -50.2258 -5.2522
v 74.2912 -50.3616 -4.2520
v 77.0442 -50.3224 -4.3407
v 79.1042 -50.2629 -4.5285
v 81.6144 -50.3392 -4.9741
v 83.6036 -50.2210 -3.7181
v 42.6296 -46.7221 -3.2901
v 43.3441 -46.7221 -3.2901
v 52.3104 -48.1987 -4.7615
v 53.9033 -47.3814 -4.0079
v 56.9219 -46.6943 -4.1721
v 59.1326 -46.7290 -4.2105
v 61.8862 -47.7549 -4.3390
v 63.0858 -48.8878 -5.3597
v 67.6808 -48.4622 -4.2988
v 69.3814 -47.6647 -4.8172
v 71.7954 -47.5219 -4.5115
v 73.6347 -47.6538 -4.3282
v 77.9584 -48.8981 -5.3586
v 79.4008 -47.9272 -5.2503
v 81.7611 -47.7210 -4.9057
v 83.5940 -47.7210 -3.8861
v 42.5578 -45.2210 -3.3331
v 44.2109 -44.9923 -3.2863
v 45.7030 -44.0065 -3.0656
v 54.7677 -45.9026 -4.9209
v 56.8603 -45.4383 -4.5654
v 59.1326 -46.2259 -4.2105
v 61.7445 -45.3713 -3.3251
v 64.3619 -44.2703 -4.4142
v 65.6468 -44.0350 -5.4964
v 70.3475 -46.3861 -5.5085
v 71.8765 -46.1590 -4.5246
v 73.4613 -46.1447 -4.2988
v 80.3272 -46.2494 -5.4252
v 81.7611 -46.0777 -5.2843
v 83.3665 -45.2893 -4.4113
v 42.7883 -43.7168 -3.1866
v 44.3022 -42.8185 -3.2574
v 45.9021 -42.7210 -3.2062
v 57.3587 -43.3578 -4.2988
v 58.7744 -42.1078 -4.2988
v 62.6150 -43.5597 -3.3319
v 64.3619 -43.7353 -4.4142
v 66.7307 -42.7479 -4.4033
v 68.1812 -41.5850 -3.3103
v 84.3698 -42.5514 -4.1420
v 85.6146 -41.6050 -3.2041
v 45.1629 -41.2555 -3.2418
v 45.8405 -41.2555 -3.2418
v 59.0304 -40.2210 -4.2988
v 67.8146 -41.3510 -3.3103
v 68.1812 -41.3510 -3.3103
v 84.6100 -40.1839 -4.1420
v 85.6146 -40.9925 -3.2041
v 52.9274 -36.6384 -5.4810
v 54.2611 -36.6099 -5.4940
v 55.5591 -36.4888 -5.5435
v 58.4329 -37.7210 -4.2988
v 82.7953 -36.5054 -3.0843
v 84.0638 -37.5974 -3.7783
v 85.9553 -37.1664 -4.2988
v 52.9274 -36.3602 -5.4810
v 54.2611 -36.3338 -5.4940
v 56.4084 -35.5426 -5.2403
v 58.4326 -35.4003 -4.1818
v 62.7536 -34.1143 -3.3031
v 63.1450 -34.1143 -3.3031
v 67.5745 -34.5947 -3.4825
v 68.4761 -34.5947 -3.4825
v 72.8050 -34.1736 -3.7369
v 74.2611 -34.3729 -3.7681
v 75.8788 -34.3042 -3.3198
v 82.7953 -36.4189 -3.0843
v 83.0508 -36.4189 -3.0843
v 86.2598 -35.2210 -4.2988
v 57.3230 -32.7210 -4.9910
v 59.2999 -32.8367 -3.8836
v 61.8566 -32.8367 -3.8056
v 64.0051 -32.9092 -4.2785
v 66.7491 -33.3803 -4.3090
v 69.2901 -33.1982 -4.3090
v 71.8874 -33.5002 -4.4617
v 74.2611 -33.5419 -5.0182
v 76.7317 -33.0470 -4.2114
v 79.1743 -32.0211 -4.2453
v 81.7494 -32.0548 -4.2453
v 84.2611 -32.8286 -4.2988
v 85.8155 -33.5306 -4.2988
v 57.8469 -31.2090 -5.4167
v 59.2611 -30.8474 -5.1761
v 61.7611 -30.9072 -5.0541
v 63.1986 -31.2888 -5.2540
v 79.9498 -31.1680 -5.0429
v 80.9082 -31.1680 -5.0429
v -89.7221 13.3177 -3.3462
v -88.2389 13.1696 -3.7133
v -85.8125 13.0000 -4.4020
v -83.0508 13.1099 -4.3561
v -81.9407 13.4443 -3.5610
v -89.8034 14.7790 -3.4509
v -88.0434 14.8798 -4.7237
v -86.6949 14.1137 -5.3041
v -82.2631 14.6288 -4.3561
v -81.9407 13.6953 -3.5610
v -89.6750 16.1896 -3.2875
v -88.0434 16.4283 -4.1920
v -86.0558 17.6576 -4.2988
v -82.2542 16.4025 -4.2988
v -81.5861 17.6525 -4.2988
v -87.4380 20.6246 -4.2988
v -86.0558 19.3746 -4.2988
v -81.5417 19.7790 -4.2988
v -87.7486 22.1675 -4.3947
v -85.7389 23.0241 -5.2580
v -83.2389 23.0238 -5.0408
v -81.5702 22.1673 -4.2209
v -87.7588 24.7790 -3.6564
v -85.7389 24.7790 -4.4448
v -83.2389 24.7790 -4.6456
v -80.6058 24.5608 -3.8638
v -78.2389 25.1556 -3.4467
v -75.7389 25.5519 -3.4365
v -74.0604 25.7769 -3.3157
v -87.3479 26.3214 -3.2825
v -85.6255 27.2007 -4.1733
v -83.2389 26.3708 -5.1535
v -80.5455 27.2947 -4.4179
v -78.2389 27.0884 -3.4467
v -75.8707 27.4006 -3.5544
v -73.7798 27.2790 -3.4933
v -85.1064 29.7790 -4.2988
v -79.9298 29.5637 -4.2714
v -78.7492 30.2536 -3.4198
v -75.1253 28.9568 -3.3745
v -73.9718 28.9568 -3.3745
v -84.9886 32.1483 -4.3711
v -83.7714 32.8944 -5.2527
v -80.2805 32.2790 -4.8015
v -78.0451 32.0648 -3.6342
v -76.3426 32.7552 -3.3541
v -85.5299 34.7790 -3.9743
v -82.9304 34.6774 -4.4991
v -80.9492 34.2390 -4.2283
v -78.2389 34.5382 -3.5022
v -76.3426 34.3214 -3.3541
v -29.7519 35.4584 -5.3468
v -29.0036 35.4584 -5.3468
v -85.2609 36.7304 -3.7456
v -83.7560 36.7304 -3.7456
v -79.8001 38.0740 -3.1502
v -79.2947 38.0740 -3.1502
v -40.2802 37.7072 -4.2988
v -38.2389 37.4907 -4.2988
v -36.8271 38.3125 -4.2988
v -29.7519 36.3972 -5.3468
v -29.0036 36.3972 -5.3468
v -79.8001 38.7307 -3.1502
v -79.2947 38.7307 -3.1502
v -47.0686 40.9828 -3.1705
v -45.7389 40.9603 -3.2463
v -43.3418 40.8499 -4.2161
v -41.4074 39.8413 -4.3646
v -35.4242 39.9072 -4.4454
v -33.3483 40.8377 -4.4531
v -31.8243 40.8493 -5.1964
v -52.3178 43.2126 -4.2988
v -50.6941 43.0797 -4.4146
v -48.2033 42.2681 -4.2479
v -45.5274 42.2121 -4.6372
v -43.4844 41.8637 -4.3568
v -40.6037 42.3597 -4.4469
v -39.2642 43.4094 -5.3187
v -34.5967 41.1749 -5.3764
v -33.3483 41.2628 -4.4531
v -31.2663 42.2220 -4.3374
v -53.1661 44.7790 -4.2988
v -49.8308 44.0577 -5.3252
v -48.3816 44.9922 -5.0613
v -45.5274 44.9676 -4.8646
v -44.2782 44.7790 -5.2571
v -39.5761 43.7318 -5.3187
v -39.2642 43.7318 -5.3187
v -30.1546 44.7790 -4.2988
v -52.8371 47.1380 -4.2988
v -51.4558 48.3880 -4.2988
v -47.6881 47.0994 -4.0980
v -45.9471 47.0994 -3.8079
v -43.1642 47.5766 -4.4738
v -41.3463 48.3503 -4.2988
v -29.6843 46.1892 -4.2988
v -28.4043 47.5076 -4.3172
v -26.6739 48.2798 -5.1628
v -52.2543 50.2256 -3.3429
v -50.8002 49.4288 -4.2937
v -48.2746 49.6077 -4.7041
v -45.9471 49.4462 -4.4226
v -42.9113 49.9766 -4.3536
v -41.4396 49.7973 -4.2408
v -29.8815 50.3496 -3.5394
v -28.4043 49.6214 -3.8265
v -26.2088 49.7790 -4.9030
v -54.7192 53.3679 -4.9798
v -52.9983 52.5572 -4.1613
v -51.0956 52.3761 -4.2937
v -48.1453 52.4205 -5.3637
v -46.8398 53.5017 -5.4828
v -42.0851 51.1043 -3.3687
v -40.7302 52.2996 -4.3625
v -38.2389 53.3845 -5.2531
v -36.6341 53.3704 -5.3469
v -32.3536 53.1339 -3.3529
v -30.7244 52.2920 -3.6153
v -28.1273 52.3520 -4.6477
v -26.2638 51.5673 -5.0736
v -57.5652 55.7493 -4.7407
v -55.8492 54.6875 -4.0269
v -53.0409 53.8179 -4.2074
v -51.8990 53.8175 -4.2988
v -47.0308 53.6024 -5.4828
v -46.8398 53.6024 -5.4828
v -39.8987 54.7790 -4.8251
v -38.3355 54.6070 -4.8487
v -36.6341 53.6590 -5.3469
v -32.4192 54.9978 -4.2312
v -30.9880 54.8772 -4.1089
v -28.1273 54.4999 -4.1385
v -26.8945 55.8063 -4.2988
v -57.9825 57.2790 -4.4986
v -56.7780 57.2790 -3.2485
v -49.6066 58.3917 -3.1255
v -49.2851 58.3917 -3.1255
v -39.9219 57.2790 -4.9231
v -39.1189 57.2790 -4.9231
v -32.8309 57.2790 -4.2988
v -30.5793 57.4420 -4.4106
v -28.2389 58.0432 -5.2197
v -26.4947 57.2274 -4.4237
v -57.7505 59.7790 -4.7137
v -56.6260 59.7790 -3.4637
v -49.6066 58.7265 -3.1255
v -49.2851 58.7265 -3.1255
v -42.3381 60.7517 -3.6766
v -40.2341 59.8156 -4.4865
v -38.6052 59.9507 -4.5673
v -36.4176 60.3479 -4.8776
v -32.5665 58.9581 -4.2988
v -30.8279 59.6484 -4.3778
v -28.2389 59.7790 -4.4941
v -26.0828 59.7790 -3.7506
v -67.3384 63.1395 -3.3653
v -66.2259 63.1395 -3.3653
v -57.2558 61.3339 -5.0275
v -55.7635 62.2053 -4.3398
v -53.1153 62.8909 -4.4107
v -50.8794 63.1166 -4.0808
v -48.2389 63.3568 -3.1746
v -46.8951 63.3756 -3.1633
v -42.3381 61.3780 -3.6766
v -40.7389 61.3352 -3.7361
v -38.2821 61.2182 -4.1075
v -35.8377 62.3397 -4.1031
v -34.2186 63.3312 -3.3286
v -30.0145 61.7397 -5.1037
v -28.2389 62.0735 -4.8232
v -26.2611 62.4382 -4.2354
v -67.3384 64.0991 -3.3653
v -65.5353 64.7354 -3.2650
v -64.0299 65.3717 -3.1646
v -54.7504 63.7684 -5.3187
v -53.8662 63.7684 -5.3187
v -50.8063 64.5466 -4.0808
v -48.1257 64.5466 -3.3323
v -45.8553 65.2404 -4.2379
v -44.2990 65.8557 -5.4040
v -35.2579 63.7340 -3.3286
v -34.2186 63.7340 -3.3286
v -25.8024 64.7790 -4.2988
v -64.8447 66.6047 -3.1646
v -64.0299 66.6047 -3.1646
v -51.1832 67.2790 -4.2988
v -47.2169 66.2490 -3.3536
v -45.7133 66.2091 -4.3788
v -44.2990 66.1693 -5.4040
v -37.1083 68.3260 -4.7953
v -36.8530 68.3260 -4.7953
v -27.0524 68.4970 -5.5079
v -25.7159 67.3996 -4.5146
v -24.0880 67.9689 -3.5213
v -50.3184 69.7790 -4.2988
v -37.1340 69.4295 -3.9970
v -36.7959 69.4295 -3.9970
v -27.0524 68.7855 -5.5079
v -25.8667 69.6829 -5.0937
v -24.0507 69.7790 -3.7606
v -54.5584 73.3740 -5.5335
v -53.6702 73.3740 -5.5335
v -50.8471 72.2790 -4.2988
v -37.1597 71.1681 -3.1988
v -36.7390 71.1681 -3.1988
v -27.2011 73.3819 -3.2384
v -26.0119 72.2841 -4.2152
v -23.6647 72.1234 -4.3347
v -54.5584 73.5663 -5.5335
v -53.0618 74.3812 -5.3282
v -51.0319 74.7129 -4.2075
v -48.2389 75.6246 -3.4210
v -45.5945 75.6778 -4.1170
v -43.2687 75.5324 -4.2969
v -41.2460 75.3319 -3.6615
v -37.4471 75.9178 -4.2988
v -35.9570 75.6087 -4.4345
v -33.2389 75.5901 -3.5364
v -31.9847 75.9959 -3.0561
v -27.2011 74.1264 -3.2384
v -26.9053 74.1264 -3.2384
v -23.1544 74.7790 -4.2988
v -52.4534 76.6602 -5.1228
v -50.8667 77.4077 -4.7120
v -48.2389 77.2790 -4.3098
v -45.7578 76.7966 -4.2775
v -43.2687 76.1627 -4.2969
v -40.5432 76.2725 -4.4164
v -38.6971 76.2262 -4.2988
v -35.2690 76.1725 -5.3583
v -33.2389 76.3391 -4.7864
v -30.7757 77.2065 -4.2568
v -28.4012 77.3340 -4.4940
v -25.7389 76.5286 -4.2988
v -24.0472 76.4611 -4.2988
v -50.1186 78.9886 -5.1700
v -48.2389 78.9200 -5.1876
v -46.9050 78.5908 -5.4460
v -29.5667 78.5800 -5.4576
v -29.3427 78.5800 -5.4576
v 20.4316 -96.5131 -2.9168
v 20.8802 -96.5131 -2.9168
v 24.8409 -96.7255 -2.8140
v 25.9319 -96.7255 -2.8140
v 20.0228 -95.2210 -2.3635
v 21.5778 -95.5421 -1.7586
v 24.2896 -95.5421 -1.7224
v 26.1254 -95.2210 -2.3093
v 19.9396 -93.4967 -2.2670
v 21.4955 -92.6864 -1.5797
v 25.4049 -93.8731 -0.6309
v 26.7868 -92.6822 -1.8213
v 28.0200 -91.4913 -3.0116
v 22.5708 -90.2210 -1.7988
v 25.2942 -89.0409 -0.5870
v 26.9124 -90.2317 -1.7993
v 28.0200 -91.4225 -3.0116
v 21.7401 -87.7210 -1.7988
v 25.2942 -88.9231 -0.5870
v 26.9008 -88.4329 -1.5717
v 28.5584 -87.0844 -1.7988
v 20.3189 -84.7152 -1.7988
v 20.8379 -85.9652 -1.7988
v 29.8084 -86.0149 -1.7988
v 31.7611 -85.1277 -1.7988
v 34.3834 -84.4111 -1.9688
v 35.7912 -84.2207 -1.2488
v 20.3189 -83.6578 -1.7988
v 21.8335 -82.3462 -1.8792
v 23.1513 -81.6806 -2.7661
v 30.3793 -81.5338 -2.6931
v 30.6253 -81.5338 -2.6931
v 35.2982 -83.8922 -2.9155
v 36.0892 -82.9237 -1.9688
v 20.3704 -79.1842 -0.7292
v 21.8335 -80.0989 -1.3056
v 23.4268 -80.2210 -2.6095
v 30.2317 -80.2210 -2.7289
v 31.6089 -80.3840 -2.0022
v 34.2611 -80.5737 -1.7988
v 36.0237 -80.9542 -1.7988
v 20.3131 -77.7210 -0.8203
v 21.7611 -77.7210 -1.4379
v 23.5832 -77.7210 -2.4164
v 30.2704 -78.9329 -2.9780
v 31.7600 -78.4484 -2.0063
v 33.7388 -77.0964 -1.7988
v 20.3879 -76.3196 -0.7304
v 21.9436 -75.3667 -1.6195
v 23.3598 -76.0804 -2.5086
v 27.8399 -74.4342 -2.8066
v 29.2611 -74.4622 -2.6583
v 31.0786 -74.1627 -2.7703
v 34.0009 -75.2210 -1.7988
v 22.6598 -73.3497 -1.7988
v 23.6588 -72.0997 -1.7988
v 27.7556 -72.7210 -2.8380
v 29.2611 -72.7210 -2.6227
v 31.8516 -72.9178 -2.4103
v 33.2455 -72.9178 -1.5826
v 67.5467 -71.6206 -1.0566
v 69.1175 -71.7544 -1.7446
v 71.1185 -71.8882 -2.4326
v 24.5706 -70.3927 -1.6881
v 27.0078 -70.1945 -1.8955
v 29.1050 -70.0175 -1.8030
v 31.7611 -70.2210 -1.6765
v 33.1255 -70.2210 -0.7046
v 65.3787 -69.2943 -0.7030
v 66.7324 -70.1650 -1.1735
v 69.1642 -70.2210 -1.6063
v 71.5755 -70.2210 -1.9986
v 24.7466 -68.6557 -0.7809
v 26.1739 -68.6557 -0.7809
v 29.8344 -68.7266 -1.0201
v 31.7611 -68.6996 -1.0158
v 33.1225 -68.8534 -0.7001
v 57.7244 -66.6972 -2.4388
v 59.2104 -66.8306 -1.6828
v 61.7611 -67.5533 -1.7988
v 64.4317 -68.1979 -1.6413
v 66.7611 -68.1969 -2.1988
v 69.2755 -68.6542 -1.5963
v 72.0572 -67.9758 -1.4302
v 74.1660 -67.5230 -1.5770
v 76.6749 -67.0520 -2.0052
v 78.0273 -66.4887 -2.9761
v 57.4194 -65.2210 -2.1101
v 58.3608 -65.2210 -0.8601
v 65.4939 -64.0368 -3.0123
v 65.5186 -64.0368 -3.0123
v 72.7914 -66.3933 -0.5958
v 73.2693 -66.3933 -0.5958
v 77.4508 -66.3185 -1.3095
v 78.7000 -65.3795 -2.0052
v 57.4860 -62.6131 -1.6638
v 58.1452 -63.3745 -0.7405
v 65.4939 -63.9592 -3.0123
v 65.5186 -63.9592 -3.0123
v 80.0729 -62.7957 -1.8669
v 80.6169 -62.0121 -1.0789
v 57.1054 -60.2210 -1.7988
v 62.4695 -59.5263 -1.0020
v 63.3096 -59.5263 -1.0020
v 79.9732 -60.3607 -1.8669
v 80.6169 -61.2871 -1.0789
v 42.7896 -56.6854 -0.8204
v 43.2924 -56.6854 -0.8204
v 50.3343 -56.6958 -0.8029
v 51.7611 -56.8647 -0.9925
v 53.7540 -56.7711 -0.8864
v 57.0559 -57.5352 -1.9723
v 58.1124 -56.5780 -2.9213
v 62.4695 -58.4082 -1.0020
v 63.3096 -58.4082 -1.0020
v 75.4758 -56.4907 -2.9709
v 76.6747 -56.8990 -2.0021
v 78.7354 -58.2412 -1.7988
v 42.4552 -55.2210 -1.2114
v 44.1799 -55.0875 -1.1532
v 45.6045 -54.1651 -0.6726
v 50.2336 -55.2210 -0.9449
v 51.8264 -55.1663 -2.0682
v 54.4569 -55.8384 -1.7513
v 56.5568 -55.8513 -1.9723
v 58.1124 -55.9847 -2.9213
v 65.4779 -53.9866 -3.0260
v 65.5244 -53.9866 -3.0260
v 70.4837 -54.4308 -3.0079
v 70.5472 -54.4308 -3.0079
v 75.4758 -56.4326 -2.9709
v 76.4161 -55.4479 -2.0021
v 79.7697 -54.2676 -2.8192
v 80.8703 -54.2676 -2.8192
v 42.3812 -52.7210 -1.2674
v 44.4136 -52.6744 -1.1980
v 45.6045 -53.4767 -0.6726
v 50.3178 -53.5656 -0.8229
v 51.8563 -52.6306 -1.7621
v 53.4322 -51.6956 -1.0348
v 60.2617 -51.5787 -2.6564
v 60.6996 -51.5787 -2.6564
v 65.4779 -53.9361 -3.0260
v 65.5244 -53.9361 -3.0260
v 70.4837 -53.9242 -3.0079
v 70.5472 -53.9242 -3.0079
v 75.1323 -51.6272 -2.6952
v 76.3543 -52.5647 -1.8367
v 79.4392 -52.7210 -2.3696
v 81.5890 -52.7705 -1.7627
v 83.7565 -52.1703 -1.7988
v 37.6847 -49.5640 -0.8164
v 39.2611 -49.7351 -1.0593
v 41.9724 -50.0879 -0.9284
v 44.3095 -50.1463 -0.7907
v 45.7166 -49.5136 -0.6864
v 52.6760 -50.7594 -2.7014
v 54.0689 -50.0902 -1.7270
v 55.8458 -49.4211 -0.7526
v 60.2617 -51.3168 -2.6564
v 60.6996 -51.3168 -2.6564
v 65.5037 -49.1399 -0.5670
v 66.6214 -49.1972 -1.6204
v 69.3238 -49.2026 -1.8645
v 71.2472 -49.1508 -1.0552
v 75.1323 -51.3705 -2.6952
v 76.6128 -50.8475 -1.8367
v 79.0984 -50.7756 -1.6432
v 80.6410 -51.2506 -0.7062
v 84.3225 -50.2210 -1.7988
v 37.5228 -47.7210 -0.9238
v 39.2611 -47.7210 -1.6465
v 41.9417 -47.8118 -1.8639
v 44.1406 -47.8118 -1.6376
v 46.2247 -47.7210 -0.9320
v 54.7055 -48.2308 -2.4192
v 56.7120 -47.7702 -1.6711
v 59.3210 -46.8050 -1.8788
v 60.8740 -46.6220 -2.7654
v 65.5037 -48.9381 -0.5670
v 66.6214 -48.8224 -1.6204
v 69.3238 -48.6295 -1.8645
v 72.0170 -47.6639 -1.9137
v 73.4859 -46.7757 -2.7722
v 82.6969 -47.0592 -1.0279
v 83.6096 -47.8239 -1.8362
v 37.6864 -46.2236 -0.7812
v 39.2611 -45.8370 -1.1360
v 41.2867 -45.1122 -1.8791
v 45.0108 -45.6732 -2.5888
v 46.8134 -45.2130 -1.9464
v 49.2611 -44.7294 -1.3015
v 50.7050 -44.2004 -0.7973
v 57.7541 -44.7494 -2.7489
v 59.6610 -45.5527 -1.9858
v 61.6041 -45.1199 -2.0635
v 63.2715 -44.5056 -2.2734
v 72.7867 -46.2191 -2.7722
v 73.4859 -46.2191 -2.7722
v 82.5808 -45.2210 -1.2547
v 83.3082 -45.2210 -2.5047
v 42.2464 -42.8185 -1.8380
v 43.4962 -42.0502 -2.6975
v 47.1521 -42.7210 -2.4026
v 49.1102 -42.6117 -1.1809
v 50.7050 -43.3722 -0.7973
v 57.7541 -43.5339 -2.7489
v 59.3084 -42.7087 -2.4655
v 61.8513 -43.0805 -1.7140
v 63.2715 -43.5597 -2.2734
v 67.8146 -41.5850 -2.3228
v 68.1812 -41.5850 -2.3228
v 82.7531 -42.7210 -0.9840
v 84.1031 -42.5514 -2.2262
v 85.6146 -41.6050 -2.7642
v 42.5624 -41.0544 -1.0309
v 44.3022 -40.6189 -1.8380
v 46.5191 -40.1359 -1.6069
v 48.4715 -40.2210 -0.8860
v 59.7744 -40.2267 -1.7836
v 60.7220 -41.0639 -0.9401
v 67.8146 -41.3510 -2.3228
v 68.1812 -41.3510 -2.3228
v 80.4036 -39.0994 -0.6801
v 81.8307 -40.2081 -0.6734
v 84.4762 -40.3213 -1.7155
v 85.6146 -40.9925 -2.7642
v 47.1978 -38.3372 -0.9484
v 48.4598 -38.3372 -0.9484
v 59.5130 -37.8196 -1.7787
v 61.7611 -36.9867 -0.9646
v 63.1510 -36.5776 -0.7200
v 74.8570 -37.2290 -1.0366
v 76.7611 -37.1545 -1.0724
v 79.3934 -37.6533 -0.7196
v 81.8748 -37.4838 -1.3193
v 84.2839 -37.5472 -2.1195
v 85.9437 -37.1637 -2.5470
v 59.6670 -35.2210 -2.5688
v 62.1920 -34.8792 -1.8651
v 63.1480 -35.1820 -1.7905
v 67.4988 -34.5992 -1.7988
v 68.6264 -34.5992 -1.7988
v 72.7911 -34.2180 -1.7988
v 74.1186 -35.3685 -1.8415
v 76.8709 -35.1732 -1.7312
v 78.3831 -36.0421 -0.7591
v 82.6800 -35.4398 -1.6953
v 84.0350 -35.4398 -2.0865
v 86.0773 -35.2210 -2.2878
v 60.1590 -33.7471 -2.8589
v 61.9190 -33.6556 -2.0266
v 64.0914 -33.1339 -1.9361
v 66.2488 -33.2299 -1.7988
v 69.8764 -33.5318 -1.7988
v 71.5411 -33.5318 -1.7988
v 77.5508 -33.4945 -1.7988
v 79.2611 -32.7070 -1.7988
v 81.9051 -33.0312 -1.6953
v 84.2611 -33.2303 -2.2222
v 85.8335 -33.4997 -2.5358
v -89.7221 13.3177 -2.6459
v -88.2420 13.1017 -1.8070
v -85.7679 13.0372 -1.8401
v -83.2389 13.2264 -2.7465
v -81.9407 13.4443 -2.9936
v -89.8034 14.7790 -2.5024
v -88.7587 14.7790 -1.2524
v -84.9539 13.9525 -1.0343
v -83.1659 14.6572 -2.0139
v -81.9407 13.6953 -2.9936
v -89.6750 16.1896 -2.7232
v -88.1516 16.5425 -1.8535
v -86.2705 17.8004 -1.7988
v -82.5044 16.8818 -1.7988
v -81.7653 18.1318 -1.7988
v -87.3593 20.6621 -1.7988
v -86.2705 19.4121 -1.7988
v -81.5488 19.7790 -1.7988
v -88.0997 22.2790 -1.7988
v -80.4325 22.2963 -2.0024
v -79.0081 23.1412 -1.3048
v -88.4105 24.7790 -1.7988
v -79.6836 23.5819 -2.9715
v -78.2004 23.9305 -2.0024
v -75.7389 24.6342 -1.7988
v -73.6848 25.4221 -1.7988
v -87.7204 27.2044 -1.7727
v -86.5495 27.9881 -2.5886
v -79.5293 28.4889 -3.0176
v -78.1378 28.2659 -2.0301
v -76.2808 28.2302 -1.7988
v -73.2710 27.2790 -1.7988
v -87.8271 29.7790 -1.2116
v -86.1549 29.7790 -2.4616
v -79.5293 28.5869 -3.0176
v -77.9931 29.6977 -2.0741
v -75.7798 29.7241 -1.5124
v -74.0751 28.9108 -1.7988
v -87.6209 32.2790 -0.9924
v -86.3214 32.2790 -2.2424
v -77.0826 31.0886 -2.7973
v -75.7273 32.2467 -1.7738
v -74.4594 33.4048 -0.7504
v -87.0250 33.6499 -0.6298
v -86.6708 34.6015 -1.5974
v -82.0893 35.7797 -2.7870
v -80.7389 35.6319 -2.7549
v -78.2389 35.7882 -2.8894
v -75.7117 34.7895 -1.8583
v -74.4594 33.5909 -0.7504
v -85.5001 37.4499 -1.8590
v -83.0492 37.4499 -2.5643
v -80.6756 37.2560 -2.6762
v -78.3724 37.2560 -2.6824
v -76.4962 37.2790 -1.4383
v -42.4990 38.1120 -1.0449
v -40.7031 38.0291 -1.7189
v -38.2389 37.9060 -2.3421
v -36.8092 38.2811 -2.7625
v -84.9090 39.7790 -1.0395
v -83.3410 39.8374 -1.3038
v -80.6756 39.4323 -1.9112
v -78.3372 39.8580 -1.6206
v -76.6477 39.7790 -0.9065
v -47.0686 40.9828 -2.9129
v -45.7389 40.9603 -2.5854
v -43.5562 40.2953 -1.8514
v -40.6625 39.7790 -1.7241
v -38.2389 39.7790 -1.6421
v -35.7994 40.0215 -1.8880
v -34.0541 40.7677 -1.7988
v -84.7177 41.1902 -0.6861
v -84.2424 41.1902 -0.6861
v -77.3796 41.0553 -0.5904
v -76.9495 41.0553 -0.5904
v -52.2041 43.2462 -2.4575
v -50.7546 43.0849 -1.6940
v -48.0367 41.8966 -1.9673
v -45.7389 41.4663 -1.3354
v -43.5624 41.3427 -1.8205
v -40.6729 41.3442 -1.7791
v -38.2389 41.7478 -1.0988
v -36.4564 41.6381 -1.0135
v -32.8041 41.7330 -1.7988
v -31.4087 42.9830 -1.7988
v -52.3809 44.7790 -2.2946
v -51.3837 44.7790 -1.0446
v -30.0582 44.7501 -2.0290
v -29.1634 45.5641 -1.3491
v -52.2963 46.8391 -2.6345
v -51.3957 47.5151 -1.8002
v -47.1885 47.8937 -1.7988
v -46.8930 47.8937 -1.7988
v -42.0709 48.4203 -2.8976
v -41.8655 48.4203 -2.8976
v -29.5447 46.1917 -3.0158
v -29.0960 47.1266 -2.0290
v -52.3990 50.0399 -1.7988
v -51.5597 48.7899 -1.7988
v -47.2377 49.8898 -1.9829
v -46.6065 49.8898 -1.9829
v -42.1225 49.7790 -2.8784
v -41.8524 49.7790 -2.8784
v -30.0440 50.1359 -1.7988
v -29.2419 48.8859 -1.7988
v -67.2671 53.1509 -0.9994
v -65.7389 53.1662 -1.0146
v -64.3927 53.4233 -0.7192
v -57.7752 52.8637 -1.1014
v -55.7389 52.7757 -1.4872
v -53.0956 52.4682 -2.0020
v -51.9090 53.4130 -2.7567
v -47.1374 51.4521 -1.2723
v -46.4793 51.4521 -1.2723
v -42.0851 51.1043 -2.9727
v -41.9302 51.1043 -2.9727
v -32.4135 53.0624 -1.7988
v -31.2940 51.8124 -1.7988
v -67.3465 54.7790 -1.1145
v -65.7389 54.7790 -1.5369
v -64.2030 54.7790 -0.9712
v -58.1336 54.7790 -1.5808
v -55.9831 54.5871 -2.7935
v -53.2389 53.8488 -2.7286
v -51.9090 53.8587 -2.7567
v -42.0527 55.9613 -0.6889
v -41.7345 55.9613 -0.6889
v -32.5186 55.0244 -1.5531
v -31.0148 55.7327 -1.6262
v -28.2389 55.5654 -2.6887
v -26.9643 55.9958 -2.9209
v -71.9890 58.5289 -0.5489
v -71.9875 58.5289 -0.5489
v -67.1874 56.5403 -0.8524
v -65.7389 56.9156 -1.0711
v -64.2039 56.6999 -0.9416
v -57.7289 56.5129 -1.3721
v -56.0150 57.4078 -1.9229
v -54.2092 58.3027 -0.8071
v -49.6066 58.3917 -2.9381
v -49.2851 58.3917 -2.9381
v -42.0527 56.6471 -0.6889
v -41.7345 56.6471 -0.6889
v -32.6806 57.0343 -1.5531
v -31.0050 56.7471 -1.5498
v -28.4156 57.1339 -1.3693
v -25.7944 57.1771 -1.9954
v -24.3169 58.1503 -1.0698
v -72.0956 59.7790 -0.6544
v -70.9880 59.5838 -0.8895
v -68.2389 60.0643 -1.1130
v -65.7389 60.1048 -1.0521
v -63.8928 60.3409 -0.8945
v -55.3760 59.7790 -2.2717
v -53.8940 59.7790 -1.0217
v -49.6066 58.7265 -2.9381
v -49.2851 58.7265 -2.9381
v -42.3381 60.7517 -2.6455
v -40.7389 60.6926 -2.3072
v -39.0356 60.8577 -2.4633
v -32.6161 58.9484 -1.7988
v -30.7804 58.9122 -1.6573
v -29.3667 58.6084 -0.7297
v -25.1003 59.6653 -1.8614
v -24.3169 58.7562 -1.0698
v -72.1310 61.6545 -0.6895
v -70.9013 62.4043 -1.0427
v -68.1986 62.2953 -2.1535
v -65.5311 62.2953 -2.3092
v -63.1312 62.1920 -1.4352
v -61.4979 62.9672 -1.0840
v -55.1099 61.4100 -2.5877
v -53.1808 61.7486 -1.7721
v -50.7389 62.5300 -1.7988
v -48.1276 63.1468 -1.7647
v -46.8951 63.3756 -2.5753
v -42.2633 62.4120 -1.6298
v -41.2104 62.2398 -1.5816
v -39.0356 61.0882 -2.4633
v -35.2579 63.3312 -2.2250
v -34.2186 63.3312 -2.2250
v -27.2342 63.2088 -0.7035
v -26.1717 62.3369 -1.6416
v -70.1762 63.7486 -0.8042
v -68.1438 64.7572 -1.7883
v -65.5353 64.7354 -2.7921
v -63.2135 64.6346 -2.6341
v -60.6943 64.6697 -1.5621
v -59.0105 65.4301 -1.0251
v -50.2959 65.2249 -2.6852
v -48.0518 64.4525 -1.7969
v -46.5715 64.6196 -1.7647
v -42.1885 63.6415 -0.6141
v -41.8391 63.6415 -0.6141
v -34.9695 64.5050 -1.4011
v -34.3374 64.5050 -1.4011
v -27.2342 64.3228 -0.7035
v -26.4593 65.0053 -1.6416
v -67.2837 67.2790 -1.0561
v -65.7024 67.3744 -2.1313
v -63.1705 67.5494 -1.8680
v -60.7389 67.0558 -1.4140
v -59.0105 66.5996 -1.0251
v -50.3607 67.2790 -2.4063
v -48.1897 67.1709 -1.7871
v -46.5376 66.4919 -1.7988
v -39.5106 68.5018 -0.5668
v -39.4725 68.5018 -0.5668
v -34.6811 66.0644 -0.5773
v -34.4561 66.0644 -0.5773
v -26.9950 68.2908 -0.5557
v -26.0036 67.2965 -1.4042
v -24.0880 67.9689 -2.2526
v -67.0883 68.6230 -0.6683
v -65.7389 68.6559 -0.8593
v -63.2415 69.4153 -0.9097
v -61.3795 70.2265 -0.9761
v -49.9104 69.7790 -2.4335
v -48.9594 69.7790 -1.1835
v -39.5106 68.5919 -0.5668
v -38.3161 69.4165 -1.4881
v -35.9891 70.4800 -1.7041
v -34.1644 70.7190 -0.9988
v -26.9950 68.5411 -0.5557
v -25.7389 68.6308 -0.5819
v -24.0669 69.6032 -1.5711
v -62.5052 71.4887 -0.9761
v -61.3795 71.4887 -0.9761
v -50.0846 72.2790 -2.3965
v -48.2611 72.2606 -1.3018
v -46.6105 73.0817 -1.0069
v -37.1597 71.1681 -2.4093
v -35.9389 71.8029 -1.7638
v -33.2942 72.3595 -1.5200
v -31.7079 73.2464 -1.1929
v -27.2011 73.3819 -2.8317
v -25.9145 73.1871 -1.7972
v -23.8445 72.2070 -1.6771
v -50.0765 74.2295 -2.5064
v -48.2389 74.3746 -2.3606
v -46.3577 74.7852 -1.8237
v -42.6621 75.2699 -1.7988
v -40.5432 75.3689 -1.7316
v -38.3331 75.8070 -1.7316
v -35.7187 74.5285 -1.8635
v -33.2389 74.3401 -2.6753
v -31.6665 75.0091 -1.9353
v -27.2082 74.9290 -2.0234
v -26.1831 74.5790 -1.7866
v -23.5871 74.7790 -2.0625
v -45.2337 76.4859 -1.7988
v -43.9121 76.4859 -1.7988
v -39.5793 76.0692 -2.5201
v -39.2292 76.0692 -2.5201
v -30.5467 76.5495 -1.7988
v -28.1247 76.4685 -1.9486
v -25.7389 76.3839 -2.4019
v -24.0581 76.4638 -2.3532
v 22.2753 -94.6938 -0.2849
v 23.7382 -94.6938 -0.2849
v 22.3866 -92.7210 -0.2708
v 24.4474 -92.9123 -0.1350
v 25.9976 -92.2065 -0.2298
v 22.8765 -90.2210 -0.3132
v 24.3810 -90.0129 -0.1689
v 25.9976 -90.7076 -0.2298
v 22.6218 -87.7210 0.0481
v 24.2453 -87.9285 0.6825
v 26.9408 -87.6169 0.8966
v 28.6667 -87.1325 0.1935
v 20.3706 -84.2910 -0.3949
v 21.8798 -85.2093 0.6558
v 23.1963 -86.1275 1.7064
v 27.8939 -85.7404 1.8602
v 29.1824 -85.1756 0.8913
v 31.7611 -84.6942 0.0542
v 34.2611 -84.4017 -0.0088
v 35.7912 -84.2207 -0.1616
v 20.3706 -83.7328 -0.3949
v 21.9500 -82.7101 0.6905
v 23.1975 -81.6874 1.7759
v 29.7758 -82.7210 1.2543
v 31.7611 -82.7210 0.3389
v 34.2611 -82.7210 0.2880
v 35.8725 -82.7210 -0.0466
v 20.0979 -79.4276 0.7012
v 21.8335 -80.7777 0.8460
v 23.1975 -81.3733 1.7759
v 30.3339 -80.2210 1.4503
v 31.7600 -80.3482 0.1185
v 34.2611 -81.1621 -0.2520
v 35.7128 -81.2639 -0.2664
v 19.8454 -77.7210 0.7012
v 30.4423 -78.7737 1.8504
v 31.7600 -78.2677 0.8907
v 33.5627 -76.9898 0.7012
v 20.2586 -75.9740 0.7012
v 21.1664 -74.7240 0.7012
v 32.7955 -74.4334 1.6210
v 33.6151 -75.2484 0.7531
v 20.5049 -71.5077 1.9470
v 21.6094 -72.5549 1.2351
v 23.4357 -72.0903 0.7012
v 32.4578 -72.7210 1.1541
v 33.2454 -72.7210 -0.0959
v 67.5467 -71.6206 0.0030
v 68.4126 -71.6206 0.0030
v 20.5049 -71.4647 1.9470
v 21.6688 -70.4457 1.5728
v 23.3921 -70.2444 0.4997
v 27.8624 -69.0877 0.7012
v 28.1896 -69.0877 0.7012
v 32.2530 -70.2210 0.9767
v 33.1255 -70.2210 -0.2733
v 65.2687 -69.4758 0.7012
v 66.7324 -70.7704 0.7823
v 68.8256 -70.3665 0.7823
v 22.8042 -68.5146 1.1987
v 24.0524 -68.0356 0.4997
v 26.6124 -68.1441 0.7012
v 29.4396 -68.6668 0.7012
v 31.7179 -68.6571 0.6111
v 33.1225 -68.8534 -0.2823
v 60.0099 -66.6090 -0.3019
v 61.7611 -66.8338 0.0431
v 63.9720 -67.6784 0.7766
v 69.7479 -67.7951 0.5352
v 71.1247 -67.0112 -0.4088
v 74.9360 -66.7263 -0.4760
v 75.7841 -66.7263 -0.4760
v 59.4728 -65.2600 0.5993
v 61.7611 -66.0233 1.2931
v 63.2692 -66.2257 1.6602
v 69.9499 -65.8335 1.2579
v 71.9792 -65.2801 0.7272
v 74.1660 -65.4244 0.1051
v 76.6749 -65.3795 0.0820
v 78.7663 -64.6518 0.1580
v 57.9529 -61.7078 -0.4718
v 59.0631 -62.4229 0.7370
v 60.5117 -61.4714 1.9458
v 72.8337 -63.8862 1.8631
v 74.4390 -62.9201 1.5094
v 76.6497 -62.7459 1.4864
v 79.4018 -62.8039 0.8043
v 80.6169 -62.0121 -0.2160
v 40.2676 -59.3124 1.6287
v 41.7611 -59.8246 1.4914
v 43.2809 -59.7678 1.6606
v 57.7420 -60.2210 0.0815
v 59.2611 -60.2210 0.8929
v 61.6118 -59.9232 0.8752
v 63.3096 -59.5263 0.0252
v 75.3909 -61.3597 1.8645
v 76.7201 -60.4151 1.7791
v 79.2407 -60.3788 0.7388
v 80.6169 -61.2871 -0.2160
v 40.2676 -58.4103 1.6287
v 41.7961 -57.5479 0.8113
v 44.1200 -57.5299 0.8079
v 45.7757 -56.7077 1.6220
v 50.3343 -56.6958 -0.1633
v 51.7611 -56.8647 0.1187
v 54.5177 -56.6774 0.6740
v 56.6489 -57.7647 0.8034
v 59.2611 -58.4849 1.4642
v 61.7950 -58.3782 0.6985
v 63.3096 -58.4082 0.0252
v 77.2634 -57.6808 0.7967
v 78.4441 -58.4874 0.0269
v 41.8180 -55.2210 0.7012
v 44.9591 -55.8318 -0.0447
v 45.9254 -55.0875 0.7537
v 50.2336 -55.2210 0.0586
v 51.7611 -55.2210 0.9812
v 54.7661 -55.7348 0.8751
v 55.6967 -55.4894 0.7347
v 67.8577 -54.2064 1.7029
v 68.2899 -54.2064 1.7029
v 76.6687 -55.2210 0.7012
v 40.1783 -51.6023 1.7961
v 41.3226 -52.5498 0.8581
v 45.3486 -51.8100 -0.4458
v 46.5574 -52.5818 0.6794
v 49.2387 -52.6262 0.8400
v 51.7611 -53.2104 0.3137
v 54.2638 -52.6058 0.5112
v 55.9499 -52.7210 1.4820
v 67.6762 -52.7210 1.6230
v 68.4200 -52.7210 1.6230
v 76.5617 -52.7210 0.7012
v 82.0267 -52.2040 0.7012
v 84.4541 -52.2738 0.5838
v 85.7151 -51.8317 1.3388
v 37.5603 -49.7955 0.7012
v 39.3114 -50.8861 0.8581
v 42.1016 -50.0417 0.4562
v 44.1288 -50.0918 0.2096
v 46.6344 -50.2965 0.1929
v 48.3453 -50.2210 1.5510
v 55.0989 -51.0877 -0.1336
v 56.6568 -50.0991 0.8345
v 58.3314 -49.1105 1.8027
v 65.5037 -49.1399 -0.5274
v 66.6273 -50.2317 0.6173
v 69.2052 -50.2372 0.7711
v 71.2472 -49.1508 -0.2198
v 77.2042 -50.7874 0.7012
v 79.2611 -50.5068 0.7012
v 80.7767 -51.1904 0.7012
v 84.8212 -50.2809 0.5838
v 85.7151 -51.1542 1.3388
v 37.1769 -47.7210 0.7012
v 42.9095 -48.9088 0.7012
v 43.2139 -48.9088 0.7012
v 47.3888 -47.7025 0.7191
v 48.3082 -48.5235 1.5643
v 55.3527 -46.7730 1.7997
v 57.0831 -47.6719 1.0206
v 58.4295 -47.7211 0.9413
v 65.5037 -48.9381 -0.5274
v 65.5367 -48.9381 -0.5274
v 70.2692 -47.6026 0.7398
v 70.9196 -47.6026 0.7398
v 82.6969 -47.0592 0.0025
v 83.5595 -47.8239 0.7820
v 37.6278 -46.0967 0.7012
v 39.3412 -44.8128 0.7462
v 40.7415 -44.2064 -0.0571
v 47.7040 -46.1384 0.7012
v 49.3337 -44.8426 0.7300
v 50.7050 -44.2004 -0.0841
v 55.3527 -46.2623 1.7997
v 56.7611 -46.2154 1.6841
v 59.3210 -45.8733 0.8284
v 61.2857 -44.5729 0.7012
v 70.4055 -46.1268 1.6995
v 70.5921 -46.1268 1.6995
v 82.5808 -45.2210 0.1133
v 83.5523 -45.2210 1.3633
v 40.2280 -43.7530 1.6096
v 41.2227 -42.8402 0.7462
v 49.8080 -42.6117 0.7300
v 50.7050 -43.3722 -0.0841
v 61.7782 -42.7210 0.7012
v 80.2457 -41.4926 1.9312
v 82.0058 -42.5614 0.8570
v 83.4305 -43.6303 1.4495
v 42.4778 -40.9771 0.7012
v 44.3577 -39.6031 0.4745
v 45.5311 -39.0163 -0.5099
v 49.7546 -40.1279 0.8626
v 50.5793 -39.2326 1.8036
v 60.3580 -39.3972 -0.0372
v 61.0056 -40.2267 0.7582
v 72.9066 -39.0148 1.8413
v 73.1712 -39.0148 1.8413
v 80.0907 -40.0481 0.9392
v 81.8307 -40.2081 -0.0200
v 83.5652 -39.6501 -0.3046
v 45.2554 -38.7392 1.1567
v 46.5231 -38.1423 0.4745
v 49.2803 -38.2137 0.8626
v 50.5793 -38.8581 1.8036
v 60.3580 -38.7186 -0.0372
v 61.8366 -37.6481 0.8977
v 63.1510 -36.5776 0.1660
v 72.7738 -37.7210 1.5327
v 74.0141 -37.9962 0.8389
v 76.7611 -37.8304 0.7012
v 79.4126 -37.6025 0.3039
v 81.7933 -37.6353 -0.2653
v 83.5652 -38.2549 -0.3046
v 62.8728 -35.5100 0.8144
v 63.2930 -35.5100 0.8144
v 67.7647 -34.1849 -0.1362
v 68.3665 -34.1849 -0.1362
v 72.5937 -35.0470 0.6823
v 73.1903 -35.7643 -0.1636
v 77.8630 -34.3755 0.0041
v 79.2343 -35.2137 0.4551
v 81.5091 -35.2210 0.2915
v 62.7510 -33.5640 -0.2038
v 64.3702 -32.6429 0.6464
v 66.8632 -32.6215 0.1247
v 69.2353 -32.8341 0.6564
v 71.3982 -33.5157 0.7012
v 77.8630 -33.7520 0.0041
v 79.2611 -33.4625 0.4640
v 81.1677 -33.5120 0.2487
v 65.3054 -31.2351 1.4965
v 66.7611 -30.9694 1.2336
v 68.4375 -31.0381 1.4491
v -87.4107 13.2961 -0.3017
v -86.6206 13.2961 -0.3017
v -87.5087 14.7790 -0.2570
v -85.7679 14.7831 -0.1201
v -84.0980 15.6192 -0.2234
v -87.2601 16.2885 -0.4068
v -85.6899 17.1847 -0.1318
v -83.2543 17.5134 -0.2107
v -81.9766 18.5029 -0.5384
v -87.0101 20.9786 -0.4955
v -85.6899 19.9988 0.0415
v -83.2389 19.7790 0.3148
v -81.7663 19.7790 -0.3831
v -87.2447 22.2790 -0.2525
v -85.8266 22.0769 1.1099
v -83.2389 21.4303 1.3863
v -80.8529 22.3127 0.5146
v -79.0081 23.1412 -0.2993
v -87.6406 24.7790 0.0835
v -86.5999 24.7790 1.3335
v -80.2914 24.7790 1.2415
v -78.2004 24.6292 0.1880
v -75.7389 25.1113 0.3125
v -73.8452 25.4718 0.0920
v -87.6635 27.2911 0.7520
v -86.7407 26.4658 1.6192
v -80.0462 26.6550 1.5888
v -78.2609 27.4998 0.7738
v -75.5406 27.4185 0.1590
v -73.9802 27.2790 -0.0447
v -89.7848 30.6218 1.1547
v -88.8180 29.7847 0.4733
v -77.9130 29.8967 0.5743
v -75.6768 29.7094 -0.4305
v -74.4542 28.6103 -0.5174
v -89.7848 31.5536 1.1547
v -88.7196 32.3438 0.4733
v -77.6517 31.3346 1.3231
v -75.8677 32.3697 0.4168
v -74.4594 33.4048 -0.4895
v -87.3953 34.6015 0.6728
v -86.7374 35.3165 -0.1794
v -77.1133 35.8646 1.6763
v -75.8522 34.7278 0.5934
v -74.4594 33.5909 -0.4895
v -87.2549 36.3053 1.4873
v -86.3995 37.1948 0.6728
v -77.1771 37.2790 1.6519
v -76.4962 37.2790 0.4019
v -42.5461 38.1218 0.7012
v -41.3943 38.1218 0.7012
v -85.9324 39.7790 0.7012
v -82.5758 40.7097 -0.0573
v -80.5798 40.7575 0.7461
v -78.0808 40.1291 0.6764
v -76.6477 39.7790 0.0390
v -43.6179 39.7790 0.7012
v -40.6167 39.7790 0.7012
v -34.7897 40.8836 -0.4225
v -34.3140 40.8836 -0.4225
v -85.2305 41.6107 0.7012
v -83.3410 41.6606 0.7461
v -81.3070 41.3062 1.6094
v -77.3796 41.0553 -0.4742
v -76.9495 41.0553 -0.4742
v -49.9318 43.3986 -0.1555
v -48.2389 42.9837 0.3306
v -45.8071 42.6627 0.9188
v -44.3107 41.6436 0.7012
v -40.0963 42.2386 0.6791
v -38.2389 42.9978 -0.1197
v -35.6694 42.3945 -0.3064
v -33.3839 42.3992 -0.2811
v -31.6572 43.3127 -0.3144
v -50.1951 44.6672 0.6872
v -48.2389 43.7413 1.5806
v -46.6859 43.5818 1.8971
v -39.8001 44.7790 1.5824
v -38.4676 44.7779 1.2716
v -35.7555 44.7779 0.6596
v -33.2389 44.7790 0.2837
v -30.7899 44.7501 0.3031
v -29.1634 45.5641 -0.0841
v -67.1964 48.3850 1.8191
v -66.6900 48.3850 1.8191
v -50.0942 47.2624 0.5430
v -48.0004 48.2413 0.4626
v -46.9307 48.3979 -0.3457
v -39.5213 46.0545 1.9131
v -39.4534 46.0545 1.9131
v -34.9333 46.5230 1.1874
v -33.0452 47.3254 1.3683
v -30.4984 47.5280 1.6055
v -29.1802 47.5280 0.7300
v -69.5066 50.9847 1.9220
v -68.1134 50.0024 1.5578
v -66.3489 49.7790 1.4814
v -52.2915 50.5733 0.7012
v -50.6538 49.5840 0.5430
v -48.0165 49.5266 0.8348
v -46.5241 49.7056 0.5731
v -32.2082 49.7790 1.6614
v -30.5040 49.5237 0.9247
v -29.3471 48.7710 0.7012
v -69.5066 51.0601 1.9220
v -68.0302 52.1055 0.8561
v -65.6562 51.8896 0.6546
v -63.8966 53.0133 0.7012
v -57.7752 52.8637 0.2074
v -55.7389 52.7757 0.4408
v -53.6102 52.3256 0.7891
v -47.5268 51.6646 0.7012
v -46.4515 51.6646 0.7012
v -32.1889 52.4672 0.8249
v -31.7085 52.4672 0.8249
v -67.3576 54.9043 0.8809
v -66.9008 55.8211 1.8340
v -63.3303 54.7790 0.7012
v -58.1336 54.7790 0.5599
v -55.7389 54.7790 1.4121
v -54.1179 54.7790 1.5534
v -42.1004 55.3693 0.7012
v -40.8363 55.4529 0.7521
v -39.1915 55.9484 1.6193
v -32.2396 54.8894 0.5565
v -31.9500 54.8894 0.5565
v -24.6615 55.9728 1.7501
v -24.4079 55.9728 1.7501
v -71.9890 58.5289 -0.5465
v -70.9706 58.4756 0.5168
v -68.2628 57.4813 0.8737
v -65.9847 57.4534 0.6998
v -63.2780 57.3322 0.5023
v -61.4706 57.9646 1.4391
v -57.7289 56.5129 0.1733
v -55.7389 56.8472 0.4225
v -53.3690 57.5563 0.9584
v -51.8009 58.4767 1.8925
v -44.5945 58.4578 1.7393
v -43.0546 57.4157 1.1461
v -40.8363 56.7366 0.7521
v -39.1915 56.4014 1.6193
v -32.5510 57.0343 0.4544
v -31.9862 56.0379 -0.5435
v -28.1421 57.6164 0.7012
v -25.5925 56.5717 0.8306
v -24.1333 57.3018 0.8306
v -72.0968 59.7894 0.4526
v -70.9706 58.7916 0.5168
v -68.3984 59.0600 0.7285
v -65.8367 59.0924 0.5199
v -63.1312 59.6161 -0.0819
v -61.3922 59.7790 1.1990
v -52.6469 59.6878 0.9160
v -51.8009 58.7937 1.8925
v -44.5945 58.6320 1.7393
v -44.3269 58.6320 1.7393
v -32.4665 58.9066 0.7012
v -30.7389 58.9702 0.7012
v -29.3921 58.5926 0.7012
v -25.3653 60.2623 0.7012
v -24.1051 59.0123 0.7012
v -72.1237 61.6283 0.7012
v -70.9013 62.9247 0.8719
v -69.3641 63.3895 1.8190
v -62.2375 62.2523 0.7447
v -61.6048 62.2523 0.7447
v -52.4177 62.1542 0.9074
v -50.7389 62.7550 0.5956
v -48.8867 63.1216 0.2169
v -42.1885 63.4459 -0.4889
v -40.7450 63.4294 0.5622
v -39.3702 63.4129 1.6133
v -27.2342 63.2088 -0.2616
v -25.9065 62.4619 0.8046
v -24.4259 63.3817 1.8707
v -70.1762 63.7486 0.1524
v -68.8645 64.6608 0.8719
v -62.2488 63.6989 1.6956
v -60.6943 64.1719 0.7979
v -59.0068 65.4552 0.7012
v -52.1606 63.5970 1.8781
v -50.7389 63.5985 1.8456
v -48.0050 64.4502 0.9826
v -46.6290 65.3467 0.0817
v -42.1885 63.6415 -0.4889
v -40.7450 63.7216 0.5622
v -39.3702 63.8017 1.6133
v -34.6811 65.2760 -0.4090
v -34.4561 65.2760 -0.4090
v -27.2342 64.3228 -0.2616
v -25.9076 64.8648 0.8046
v -24.4259 63.7401 1.8707
v -67.4990 67.4586 0.7950
v -66.7930 68.4117 1.6909
v -62.3111 68.4942 -0.5188
v -60.7389 68.3058 -0.0580
v -59.0375 67.3714 0.8258
v -47.6856 67.2673 0.8295
v -46.6290 66.4261 0.0817
v -39.5106 68.5018 -0.5341
v -39.4725 68.5018 -0.5341
v -34.6811 66.0644 -0.4090
v -34.4561 66.0644 -0.4090
v -29.8694 68.2092 1.6290
v -27.9926 67.8790 0.7579
v -26.6169 66.7064 0.7012
v -67.0883 68.6230 0.0242
v -65.8713 68.8430 0.7950
v -63.2866 69.4405 0.1783
v -60.6232 69.5475 0.0699
v -59.2537 69.7790 1.4521
v -48.2767 69.7790 0.7012
v -39.5106 68.5919 -0.5341
v -38.3440 69.7309 0.3572
v -35.9391 70.5797 0.5296
v -34.0589 70.5866 0.7012
v -29.9457 69.7790 1.3270
v -27.9926 69.5363 0.0554
v -25.7389 69.8808 -0.3286
v -24.3697 70.3193 -0.4278
v -62.7682 71.5956 0.7012
v -60.6232 71.6055 0.6773
v -59.2848 71.2343 1.4948
v -47.5067 71.5292 0.7012
v -46.3223 72.7792 0.7012
v -37.2154 71.6297 1.2485
v -36.6295 72.3894 0.5296
v -32.8089 71.7801 0.7012
v -30.7126 72.3631 0.8398
v -28.2389 72.2790 0.5930
v -25.7498 72.2070 -0.2291
v -24.3697 71.3256 -0.4278
v -45.7943 74.7790 0.7012
v -42.2434 75.7139 -0.2419
v -40.7389 75.7267 -0.2210
v -38.2944 75.5022 0.5293
v -36.6019 74.1865 0.7012
v -30.3391 74.7790 0.5888
v -28.1247 74.8505 0.5049
v -26.5904 74.0649 -0.3095
v -45.2109 76.7274 0.7012
v -43.2170 77.3280 0.6420
v -40.7284 77.1706 0.9582
v -39.1647 76.2649 1.2480
v -30.0701 76.3046 0.1808
v -28.8819 76.3046 0.1808
v -42.5240 78.8171 1.5259
v -41.5548 78.8171 1.5259
v 24.8630 -86.9339 2.7074
v 26.2272 -86.9339 2.7074
v 22.8515 -84.4608 2.1555
v 24.3258 -85.2446 3.2648
v 26.7860 -85.0510 3.1877
v 28.0315 -84.0737 2.0013
v 22.8515 -83.3541 2.1555
v 24.3264 -82.7956 3.0224
v 26.6113 -82.9307 3.5894
v 29.0630 -82.3069 3.0841
v 30.8591 -81.7549 3.8023
v 20.1009 -79.3666 2.3575
v 21.7611 -79.8194 2.5303
v 24.1230 -80.4124 2.5070
v 26.6664 -80.4330 3.7328
v 29.3820 -80.7296 3.1022
v 31.0053 -80.2210 3.4088
v 20.0434 -77.7210 2.4878
v 21.8279 -77.5871 3.5999
v 24.3742 -77.5871 3.7875
v 26.0806 -77.7210 3.9722
v 30.4423 -78.7737 2.0436
v 31.6977 -78.0967 3.0067
v 33.2445 -76.7760 3.2012
v 20.2977 -75.9597 2.2603
v 20.9921 -75.1642 3.1367
v 25.2830 -76.1527 4.3567
v 26.0117 -76.1527 4.3567
v 32.7955 -74.4334 2.4936
v 33.2499 -75.2484 3.2766
v 20.2333 -72.1068 3.2012
v 21.3523 -72.7029 2.7788
v 23.2221 -71.8310 2.2155
v 32.1137 -72.8996 3.2766
v 33.0979 -73.8519 4.1603
v 42.6246 -71.6407 4.4220
v 43.0709 -71.6407 4.4220
v 20.2333 -71.1904 3.2012
v 22.0044 -70.3951 2.7995
v 23.4182 -70.2236 3.0823
v 27.9835 -69.0491 1.9892
v 28.0925 -69.0491 1.9892
v 31.2423 -70.2210 3.2012
v 42.6246 -71.3057 4.4220
v 43.0709 -71.3057 4.4220
v 65.3202 -69.3207 2.1746
v 66.7611 -69.7277 2.3492
v 68.2990 -69.6302 2.2585
v 22.8042 -68.5146 2.2823
v 24.3730 -68.0758 3.1499
v 26.9945 -68.1408 2.9740
v 29.0600 -68.5234 2.9740
v 30.9524 -68.6726 3.2012
v 37.8196 -66.6872 4.3422
v 38.4298 -66.6872 4.3422
v 64.9365 -67.7210 2.4054
v 66.7611 -67.7210 2.8326
v 68.4312 -67.7210 2.3785
v 37.8196 -66.1105 4.3422
v 38.4298 -66.1105 4.3422
v 59.9810 -64.4527 2.5103
v 61.6509 -64.9691 3.2867
v 64.1660 -65.8124 3.1805
v 66.7611 -65.7281 3.6846
v 69.2760 -65.1300 3.0702
v 71.1670 -64.1669 2.2601
v 42.7456 -61.6002 3.6790
v 43.2075 -61.6002 3.6790
v 59.9810 -63.1380 2.5103
v 61.0488 -62.4712 3.2867
v 70.2687 -63.5583 3.9268
v 72.0682 -62.8889 3.3404
v 73.7242 -62.2196 2.7539
v 77.4088 -61.9291 2.0696
v 78.3707 -61.9291 2.0696
v 40.1429 -59.4521 3.2012
v 41.8518 -60.8339 2.9879
v 43.5963 -60.4490 2.9879
v 47.6450 -59.2541 4.3005
v 48.3477 -59.2541 4.3005
v 62.2746 -60.0883 3.3287
v 63.1869 -59.1665 4.2470
v 70.1677 -59.1286 4.3856
v 71.7952 -60.2860 4.4031
v 74.4390 -61.1426 3.4328
v 76.6337 -60.3910 2.7163
v 78.3707 -61.1372 2.0696
v 40.1429 -58.1554 3.2012
v 41.1769 -56.9054 3.2012
v 44.8453 -58.1770 3.2012
v 46.7104 -57.6084 3.4986
v 49.2131 -57.4897 4.2871
v 50.5480 -56.5022 4.4162
v 55.2814 -56.5837 2.3728
v 56.5806 -57.2621 3.2042
v 59.3378 -57.3208 3.1160
v 61.8767 -57.5973 2.7258
v 64.1166 -57.7868 3.7103
v 65.8400 -56.9973 3.8666
v 70.1677 -58.9010 4.3856
v 70.6211 -58.9010 4.3856
v 74.7655 -56.8386 4.1565
v 76.2206 -57.6916 3.2744
v 40.4855 -53.9978 4.4460
v 41.3592 -54.9871 3.4481
v 47.2089 -55.2210 2.7967
v 49.3683 -55.4364 4.1066
v 50.5480 -56.4134 4.4162
v 55.2634 -55.3894 3.2112
v 55.7166 -55.3894 3.2112
v 60.2223 -56.0652 3.8925
v 61.7611 -55.5546 3.6977
v 64.2611 -55.5782 3.6783
v 66.8488 -55.1515 2.9676
v 68.2899 -54.2064 2.0686
v 74.7341 -55.2210 4.0252
v 76.1181 -55.2210 2.7752
v 37.9969 -51.5539 4.3907
v 39.4986 -52.4114 3.5850
v 41.9220 -52.7412 3.2352
v 43.3951 -52.2135 3.6911
v 47.5103 -53.3535 2.3331
v 49.2163 -52.6930 3.2352
v 50.8198 -52.0324 4.1372
v 55.2454 -53.6892 4.0496
v 56.6370 -52.7069 3.3066
v 58.2008 -51.7245 4.2302
v 67.6762 -52.7210 2.5395
v 68.4200 -52.7210 2.5395
v 75.2207 -53.7707 4.1779
v 76.2165 -52.8508 3.2872
v 80.4839 -51.4807 4.3719
v 81.4657 -51.6827 3.3140
v 84.2611 -52.0518 2.3650
v 85.7151 -51.8317 2.1980
v 37.6562 -50.2748 3.4149
v 38.5117 -51.1440 2.7240
v 42.8867 -50.1075 2.8464
v 43.2086 -50.1075 2.8464
v 49.5953 -50.2210 2.9437
v 51.6963 -50.1990 4.0031
v 53.7976 -49.3510 4.0477
v 57.3362 -50.2301 3.1268
v 58.2661 -50.2301 3.1268
v 67.7179 -51.3235 2.6182
v 68.2774 -51.3235 2.6182
v 77.3816 -50.8478 3.2012
v 79.4948 -50.8801 3.4036
v 81.5455 -50.6908 3.2986
v 84.2461 -50.2809 2.5331
v 85.7151 -51.1542 2.1980
v 37.3140 -47.7210 3.2012
v 42.9663 -48.9576 2.0016
v 43.0221 -48.9576 2.0016
v 47.5841 -46.9916 3.2012
v 49.1894 -48.2396 3.4336
v 51.6049 -47.8231 4.0428
v 54.5752 -47.8277 3.2922
v 56.5272 -48.3745 2.9945
v 58.3314 -48.5966 2.0234
v 62.9217 -46.5940 4.1691
v 63.1272 -46.5940 4.1691
v 70.4055 -46.6530 2.0444
v 70.5921 -46.6530 2.0444
v 82.6822 -48.4768 4.0361
v 83.5922 -47.6745 3.2022
v 35.3406 -44.2058 4.3064
v 37.0017 -45.2125 3.2702
v 38.5613 -44.5526 2.2340
v 47.5841 -46.0434 3.2012
v 49.3337 -45.0338 3.1734
v 51.6049 -45.3759 3.7683
v 54.4161 -45.3458 2.8365
v 56.7611 -44.9654 2.8452
v 59.2611 -44.6142 2.6223
v 61.8266 -45.2632 3.1536
v 63.1272 -46.3992 4.1691
v 70.4055 -46.1268 2.0444
v 70.5921 -46.1268 2.0444
v 74.7892 -44.6177 4.2446
v 76.7611 -44.9148 4.1351
v 78.2931 -44.5827 4.2364
v 83.9843 -45.2210 3.2012
v 35.3406 -43.7225 4.3064
v 36.7611 -43.1741 3.9296
v 39.3412 -43.0398 3.1209
v 41.4405 -42.1676 3.2012
v 50.1333 -42.7210 2.5655
v 51.7611 -42.7210 3.3129
v 54.2962 -42.6439 3.8395
v 56.7611 -43.3853 4.0952
v 59.2611 -43.3965 3.8723
v 61.1950 -42.6528 3.0633
v 74.7892 -43.8072 4.2446
v 76.7611 -43.7487 4.1351
v 79.2998 -42.7284 3.6449
v 81.7611 -42.7044 3.2012
v 83.5517 -43.5295 3.2012
v 42.6905 -41.1852 3.2012
v 44.3577 -39.8926 3.2510
v 46.7611 -39.5378 3.9689
v 49.7076 -40.2847 3.1343
v 51.2546 -40.3535 3.1629
v 53.4863 -41.3034 4.2085
v 60.4771 -39.1546 4.2332
v 61.1632 -40.0812 3.3204
v 72.5962 -39.3888 3.2012
v 73.5961 -39.3888 3.2012
v 78.0079 -38.9717 4.4506
v 78.9494 -39.9714 3.4508
v 45.2554 -38.7392 2.4509
v 46.7611 -38.4105 2.7189
v 49.2611 -38.4997 2.4351
v 50.5793 -38.8581 2.0725
v 60.4771 -38.9237 4.2332
v 61.8366 -37.7428 3.1696
v 63.1833 -36.5618 3.7726
v 72.0045 -37.7210 3.2012
v 74.8461 -38.7230 3.2012
v 77.0091 -38.4380 3.4508
v 78.5167 -38.4132 2.7839
v 62.9947 -36.4371 2.1059
v 63.6644 -35.4506 3.0440
v 71.9479 -35.2210 3.2012
v 64.7019 -32.7210 3.2012
v 69.8260 -31.9613 3.2012
v 71.2895 -33.2113 3.2012
v 65.2645 -31.2116 3.2012
v 66.7611 -30.8075 3.2012
v 68.5760 -31.0668 3.2012
v -85.0518 22.7755 2.7123
v -83.2870 22.7848 3.4079
v -81.6740 23.1639 3.2012
v -85.3499 24.7790 2.9043
v -83.2870 24.7077 3.9787
v -81.5714 24.7077 3.2162
v -87.2531 28.1324 2.1233
v -85.8400 27.2911 2.4417
v -83.0792 27.3219 3.6034
v -80.8233 26.8671 3.2162
v -78.7884 27.9606 3.2012
v -89.7848 30.6218 2.3297
v -88.1474 29.7847 2.4886
v -85.7389 29.7790 2.6753
v -83.6365 29.7790 3.5375
v -78.2415 29.7790 3.2012
v -67.0410 31.0052 4.4367
v -66.9404 31.0052 4.4367
v -89.7848 31.5536 2.3297
v -88.1753 32.3967 3.1463
v -85.7389 31.8827 3.6945
v -84.0351 31.6231 3.9306
v -77.6919 31.4559 3.2012
v -76.4172 32.7059 3.2012
v -67.0410 31.0697 4.4367
v -66.9404 31.0697 4.4367
v -89.5406 35.9214 4.2782
v -88.5722 34.9645 3.3474
v -84.5111 35.9568 4.3921
v -84.3837 35.9568 4.3921
v -77.1133 35.8646 2.2567
v -76.4422 34.9304 3.1345
v -89.5308 37.2790 4.3110
v -88.1485 37.1948 3.0465
v -85.6355 37.0270 3.3446
v -84.3837 36.0820 4.3921
v -77.3280 37.1913 3.1345
v -76.8400 36.2995 3.9234
v -67.3300 37.8239 4.3277
v -66.7464 37.8239 4.3277
v -42.2217 38.4031 2.0678
v -41.8137 38.4031 2.0678
v -89.4930 38.5332 4.4372
v -88.2389 38.7409 4.0751
v -86.3077 39.6960 3.1587
v -79.6403 40.9394 2.1426
v -78.6111 39.9753 3.0660
v -67.3300 38.8420 4.3277
v -66.7464 38.8420 4.3277
v -42.6549 39.7790 2.3028
v -41.5358 39.7790 2.3028
v -85.0591 41.4899 3.2012
v -83.2389 41.7882 3.2012
v -80.5798 41.3563 3.0660
v -79.2518 41.1767 3.8092
v -45.0192 43.1688 2.5362
v -43.3820 42.3129 2.8262
v -41.3290 42.2790 2.6062
v -49.8060 45.4259 2.3049
v -48.1772 44.8169 3.1634
v -45.8071 43.7216 3.3022
v -43.2389 43.7615 4.0308
v -40.5297 44.8025 3.0893
v -38.5608 45.7239 2.9857
v -36.5999 45.6104 2.2652
v -67.4329 48.1801 3.2012
v -66.2922 48.1801 3.2012
v -49.8060 46.4180 2.3049
v -48.0557 47.2855 3.0765
v -45.7389 48.1643 3.8312
v -44.3787 48.4188 4.2277
v -39.5213 46.0545 2.0395
v -38.3976 46.7543 3.1035
v -35.7121 47.4944 3.2514
v -33.8932 48.2270 3.2012
v -29.5048 48.5273 1.9518
v -29.4883 48.5273 1.9518
v -69.5066 50.9847 2.1788
v -68.8063 50.0024 3.0878
v -65.4242 49.7790 3.2012
v -62.1347 50.8303 4.3965
v -61.7309 50.8303 4.3965
v -52.1110 50.9368 2.1591
v -50.7389 50.8593 2.1992
v -48.1832 49.8591 2.1278
v -45.8156 49.5939 3.2046
v -43.2390 49.8285 4.3198
v -40.7389 50.8402 4.2816
v -38.0223 49.9485 4.2510
v -36.4910 49.0499 4.2377
v -33.1026 49.7790 3.2012
v -29.5048 48.5298 1.9518
v -29.4883 48.5298 1.9518
v -69.5066 51.0601 2.1788
v -68.2762 52.2476 3.1289
v -65.7193 52.3019 3.5774
v -62.9650 52.1443 3.3612
v -61.3574 52.2790 4.0661
v -57.2754 53.4774 4.1574
v -56.8182 53.4774 4.1574
v -52.8328 52.1959 3.0759
v -50.7389 51.7408 3.4492
v -48.2400 52.4100 3.1621
v -45.8156 52.4409 3.4921
v -43.2564 52.2702 4.4063
v -40.7389 51.1640 4.2816
v -38.9126 51.1260 4.2644
v -34.8450 53.3288 4.2598
v -33.1285 52.4806 3.1540
v -31.9138 53.2990 2.0483
v -67.1266 54.1544 2.4122
v -66.4459 54.9043 3.2278
v -62.3662 54.7790 2.5041
v -60.9740 54.7790 3.7541
v -57.2754 53.5946 4.1574
v -56.8182 53.5946 4.1574
v -53.6285 54.7790 3.2012
v -47.2556 53.7614 4.2502
v -45.7389 54.0028 4.2626
v -43.2437 54.5727 3.2391
v -40.7389 55.3596 2.1680
v -39.1915 55.9484 2.1140
v -34.8450 53.9870 4.2598
v -33.2461 54.7056 3.1540
v -31.9138 53.7575 2.0483
v -24.6615 55.9728 2.0277
v -24.4079 55.9728 2.0277
v -72.0395 58.4288 3.9570
v -70.7678 57.9130 3.1547
v -68.3984 57.9711 3.4479
v -66.3767 57.5270 3.4479
v -62.2792 57.3375 3.3319
v -60.9738 57.4691 3.5247
v -58.9347 57.7322 3.9102
v -52.6047 57.4976 3.1554
v -51.8009 58.4767 2.2914
v -44.5945 58.4578 2.0971
v -43.2003 57.3378 2.0873
v -40.7389 56.4499 2.1680
v -39.1915 56.4014 2.1140
v -32.9344 57.2790 3.2012
v -30.1036 58.2925 3.6304
v -28.3831 58.1317 3.1112
v -25.5925 57.1941 2.5752
v -24.1733 57.2790 2.2506
v -72.0330 59.7635 3.0930
v -71.7237 59.7635 3.0930
v -67.6714 59.0336 2.7791
v -66.7352 59.0336 2.7791
v -62.2062 58.7512 4.3502
v -60.8946 59.3385 3.3828
v -58.1563 59.7076 3.7412
v -55.7389 60.2841 3.7136
v -52.9962 59.6826 3.1086
v -51.8009 58.7937 2.2914
v -44.5945 58.6320 2.0971
v -44.3269 58.6320 2.0971
v -32.2986 58.8626 3.2012
v -30.8577 58.7991 2.9587
v -28.2962 59.2456 3.0935
v -25.8537 59.7793 2.7366
v -24.1491 58.9462 2.2740
v -72.2316 62.0295 3.0538
v -71.2052 62.1839 2.9219
v -69.3641 63.3895 2.0110
v -62.2488 63.2041 2.5362
v -60.8743 62.3342 3.4015
v -58.2389 61.9636 3.9694
v -55.9485 62.5155 3.6448
v -53.5351 62.2790 2.5368
v -42.3301 63.4921 4.4084
v -40.7683 63.4525 3.3406
v -39.3702 63.4129 2.2728
v -32.3683 63.3222 4.1291
v -30.7389 63.1903 3.9725
v -28.2864 62.2468 4.0492
v -25.7118 62.2956 3.0844
v -24.4259 63.3817 2.2055
v -72.8486 64.7790 3.7518
v -70.7389 64.7790 2.7458
v -69.1132 64.7790 2.1953
v -62.2488 63.6989 2.5362
v -60.8177 64.1291 3.3022
v -58.3903 65.0375 3.0986
v -55.9485 64.5394 3.5680
v -53.0919 64.5698 2.7439
v -50.7389 64.8485 2.9017
v -48.7899 65.2203 2.6798
v -42.3301 63.5599 4.4084
v -40.7683 63.6808 3.3406
v -38.2043 64.8880 3.3050
v -35.7389 65.9265 4.2577
v -33.3875 64.9282 4.2182
v -30.5222 64.7572 4.0518
v -29.2951 64.7790 4.1934
v -25.1950 64.6557 3.1038
v -24.4259 63.7401 2.2055
v -72.6874 66.5401 4.0913
v -70.7389 66.7155 3.7556
v -68.2632 67.0589 3.1106
v -66.7176 68.2633 3.2012
v -58.0334 67.2790 2.7472
v -55.9582 67.3915 3.7737
v -53.2389 66.7851 3.8374
v -50.7389 66.4627 4.1517
v -48.7030 67.1335 3.3884
v -44.5848 68.4367 4.2616
v -44.3150 68.4367 4.2616
v -37.0383 66.1245 4.3372
v -35.7389 66.1334 4.2577
v -34.4066 66.0727 4.3072
v -29.8665 67.3371 3.4347
v -28.4341 66.5880 3.4347
v -26.4932 66.3426 3.2012
v -65.4676 69.1355 3.2012
v -63.3026 70.1431 3.1541
v -60.7389 70.0401 3.6732
v -58.4987 69.4340 3.3380
v -56.9377 68.5390 4.4336
v -48.2363 69.7790 3.2012
v -44.5848 68.6501 4.2616
v -44.3150 68.6501 4.2616
v -37.2460 70.7641 3.2012
v -35.7389 70.3056 3.2012
v -33.3396 70.6165 3.3951
v -30.9702 69.9833 3.3951
v -62.5117 71.3248 2.2893
v -60.7389 71.4049 2.4232
v -59.2848 71.2343 2.2424
v -47.4444 71.4854 3.2012
v -45.6827 72.7472 3.2759
v -44.1589 73.2842 4.1590
v -37.4652 72.3894 3.0427
v -36.9232 73.2963 2.1038
v -32.5734 71.4797 2.6910
v -31.3841 71.4797 2.6910
v -44.9180 74.7520 3.2759
v -44.1589 73.9006 4.1590
v -37.4690 74.8376 3.2298
v -36.9451 74.8376 3.2298
v -44.7830 76.5992 3.2012
v -43.3099 77.9556 3.3967
v -40.7284 77.8673 3.3967
v -38.2944 76.4159 3.3940
v -36.9670 76.0609 4.3559
v -42.5240 78.8171 2.6938
v -41.5548 78.8171 2.6938
v 25.4553 -84.3617 4.4847
v 25.6780 -84.3617 4.4847
v 25.4553 -83.9038 4.4847
v 25.6780 -83.9038 4.4847
v 29.7794 -81.7549 4.8152
v 30.8591 -81.7549 4.8152
v 27.5736 -79.5550 5.7012
v 28.9042 -80.1937 5.6720
v 31.0053 -80.2210 5.0323
v 40.4053 -79.0749 6.6293
v 41.7611 -79.4763 6.2558
v 44.2611 -79.5632 6.3205
v 45.6721 -79.1907 6.7155
v 22.7057 -76.6645 4.6307
v 24.5509 -76.5808 5.6930
v 26.8162 -77.3835 6.0812
v 29.0218 -77.9154 6.2395
v 31.6977 -77.6061 5.1926
v 33.1794 -76.6962 4.7492
v 40.1011 -77.7210 6.4244
v 41.7611 -77.7210 5.6367
v 44.2709 -77.7847 6.1796
v 45.6721 -78.6606 6.7155
v 22.1670 -75.2210 5.0533
v 24.4300 -75.6203 5.7827
v 26.7096 -76.2687 5.7912
v 29.2611 -75.9976 6.3784
v 31.7637 -75.1440 6.2068
v 33.2024 -75.2210 5.0006
v 39.6543 -75.2210 6.3067
v 41.7611 -75.2210 5.7108
v 43.4612 -75.2210 6.3553
v 20.1469 -72.2820 4.9947
v 21.5669 -72.9034 5.8679
v 23.2423 -73.5247 6.7411
v 31.9190 -72.8996 5.7120
v 33.0979 -73.8519 4.8858
v 37.6666 -72.1543 6.5134
v 39.0902 -72.8810 5.9455
v 41.7792 -72.5728 4.9986
v 43.9579 -72.4657 5.8749
v 45.6412 -71.6241 6.8147
v 20.1469 -71.1031 4.9947
v 21.7701 -70.8236 5.7773
v 24.3730 -69.6977 5.6558
v 26.7611 -69.2187 6.5239
v 28.1622 -69.0456 6.8739
v 31.0441 -70.2210 5.7012
v 37.6666 -70.8034 6.5134
v 39.3401 -70.0704 6.1127
v 41.7792 -70.3718 5.1808
v 44.0133 -70.4174 5.8875
v 45.6412 -71.1957 6.8147
v 25.2810 -68.7227 4.7921
v 26.7611 -68.5237 5.2739
v 29.1018 -68.5054 5.9049
v 30.8499 -68.6500 5.7012
v 35.3512 -66.6557 6.7806
v 36.8962 -67.1390 5.8488
v 39.3279 -67.7686 5.9572
v 41.5255 -67.9173 6.5639
v 43.2891 -68.8815 6.6270
v 35.3512 -65.8580 6.7806
v 36.7193 -65.1509 5.7767
v 39.2761 -65.4222 5.8016
v 40.5351 -66.4006 6.8302
v 62.2994 -64.7590 5.7012
v 64.2611 -65.3814 5.7012
v 66.8906 -64.7422 5.8284
v 68.6020 -64.4265 5.0798
v 34.9001 -62.2133 6.4746
v 36.5758 -62.9164 6.2304
v 38.5445 -62.7210 6.4076
v 42.7456 -61.6002 4.6963
v 43.2075 -61.6002 4.6963
v 62.3393 -62.6313 5.6760
v 64.2611 -61.6745 6.5943
v 66.6684 -62.4955 6.8402
v 69.2414 -62.7038 5.7372
v 71.3027 -61.8917 4.7279
v 34.6222 -60.2210 6.2514
v 36.7611 -60.2210 5.8097
v 39.2707 -60.0286 5.8234
v 41.8518 -60.5053 5.5982
v 44.1972 -60.1428 5.6304
v 46.7915 -59.6637 5.7192
v 49.2131 -59.7451 5.6767
v 51.0192 -59.3418 6.4938
v 62.8403 -60.8331 4.8258
v 64.1166 -60.0883 5.2636
v 66.5204 -60.3174 6.1316
v 69.1909 -60.1718 5.5002
v 71.7952 -60.2860 4.7988
v 74.2611 -59.8940 5.0014
v 75.7123 -59.3960 4.7663
v 34.9369 -58.6440 6.4948
v 36.7611 -58.3833 6.3270
v 39.4133 -57.6460 5.6864
v 41.1074 -56.7775 4.7973
v 45.1870 -58.5090 4.8979
v 45.9784 -58.5090 4.8979
v 50.0144 -58.1688 4.8271
v 51.2666 -57.4897 5.6767
v 57.2936 -56.8688 4.8579
v 58.5556 -56.8688 4.8579
v 64.8535 -58.6640 4.6144
v 66.7084 -57.7868 4.9701
v 69.3051 -57.9290 5.2216
v 71.5771 -57.9290 5.0685
v 74.0637 -57.6916 4.9082
v 75.7123 -58.5053 4.7663
v 37.5240 -54.4650 6.2905
v 39.5242 -55.0647 5.5439
v 41.8885 -55.0320 5.4848
v 43.5649 -54.3995 6.1722
v 50.2731 -54.7467 4.6036
v 51.3475 -55.4364 5.5427
v 55.2454 -54.5518 4.7792
v 56.5806 -55.3195 5.1211
v 59.3378 -55.2275 5.0587
v 61.7611 -54.3046 4.6423
v 64.4027 -54.3041 5.4697
v 66.7084 -55.3085 5.7794
v 69.2611 -55.5034 6.5482
v 71.7611 -55.5508 6.1589
v 73.4362 -55.0238 5.4681
v 37.5476 -52.5207 5.5548
v 39.6073 -52.3761 5.7624
v 41.9050 -52.7058 5.7033
v 43.7819 -52.9165 5.4838
v 50.2731 -53.6991 4.6036
v 51.8203 -52.7501 5.6948
v 54.6829 -52.8053 5.7268
v 56.5325 -52.7725 5.6041
v 59.1128 -52.4950 5.5875
v 61.7611 -53.1830 5.8923
v 63.6638 -53.6258 6.1486
v 74.7266 -53.3479 5.7012
v 76.2208 -52.0979 5.7012
v 80.1405 -51.5848 5.7012
v 80.7034 -51.5848 5.7012
v 37.6583 -50.0294 5.9135
v 39.2400 -50.2260 6.8947
v 41.8887 -50.9144 5.9211
v 43.5593 -50.8407 5.7012
v 52.4864 -51.0177 5.1194
v 54.6327 -49.9993 5.7754
v 56.7161 -50.1653 5.8502
v 58.3735 -50.3982 5.9419
v 77.4708 -50.9656 5.7012
v 78.8905 -50.9656 5.7012
v 81.9676 -50.1402 5.7598
v 83.2707 -49.2530 6.6322
v 37.3804 -47.9413 5.9135
v 38.0843 -48.9214 6.8884
v 45.4059 -47.1033 6.8045
v 46.8628 -47.0418 5.8632
v 49.0281 -47.0145 5.5583
v 50.6675 -47.0579 4.6298
v 55.4434 -48.8935 5.7012
v 56.5272 -48.8908 5.9419
v 58.0784 -48.9406 6.9356
v 62.9217 -46.5940 4.5440
v 64.3102 -46.5728 5.7362
v 65.5252 -46.5516 6.9284
v 82.6728 -47.6600 5.7826
v 83.2782 -47.6600 5.7826
v 35.1032 -44.5784 5.7012
v 36.1997 -45.8284 5.7012
v 45.4059 -46.3322 6.8045
v 46.8628 -46.2726 5.8632
v 49.0281 -46.2608 5.5583
v 50.6675 -46.3125 4.6298
v 62.9217 -46.3992 4.5440
v 64.3102 -46.3838 5.7362
v 65.5252 -46.3685 6.9284
v 72.5100 -44.1743 6.2078
v 74.0780 -44.7056 5.5052
v 76.7611 -45.2979 5.7012
v 79.1803 -44.5316 5.8203
v 81.8025 -45.0827 6.3327
v 83.4431 -45.2210 5.0917
v 35.1032 -43.3892 5.7012
v 36.7413 -42.0171 5.4774
v 39.2726 -41.9725 5.4774
v 41.1899 -42.0834 5.7012
v 55.1530 -41.7591 4.7359
v 56.7611 -42.1353 5.0281
v 59.2611 -42.1465 5.2188
v 60.9848 -41.7740 4.9901
v 69.7609 -42.0755 6.5528
v 71.7104 -42.8337 5.9062
v 74.0780 -42.8727 5.1213
v 76.7611 -42.4987 5.3870
v 79.2306 -42.9271 4.9860
v 81.7611 -43.5687 5.1917
v 83.3124 -43.7230 4.8234
v 37.5614 -41.2399 6.1615
v 38.4469 -41.2399 6.1615
v 42.4399 -40.7431 5.7012
v 44.2611 -40.0413 5.7012
v 46.7611 -39.9315 5.7012
v 49.2611 -40.1283 5.7012
v 51.7611 -40.4886 5.7012
v 54.2962 -40.8122 5.6220
v 56.7611 -41.0130 6.2781
v 59.7823 -40.3178 5.6615
v 61.0972 -40.2002 5.6210
v 69.6762 -40.2210 6.4018
v 71.7419 -40.2789 5.1518
v 74.3830 -40.2789 5.1676
v 77.0091 -39.9714 5.3002
v 78.5014 -40.6384 4.9056
v 47.6470 -37.2339 6.6266
v 49.2611 -37.2962 6.6049
v 50.6159 -36.8083 6.8141
v 60.4771 -38.9237 4.5852
v 61.9464 -37.7428 5.4319
v 63.1833 -36.5618 4.6119
v 70.1661 -37.7210 6.5531
v 70.9918 -37.7210 5.3031
v 75.2976 -38.8480 4.6184
v 76.3412 -38.8480 4.6184
v 47.6470 -36.0740 6.6266
v 49.2611 -36.0450 6.6049
v 50.6159 -36.3000 6.8141
v 62.6833 -36.0901 6.2786
v 63.7979 -35.2424 5.5476
v 70.3037 -35.2210 6.7370
v 71.1543 -35.2210 5.4870
v 65.1207 -32.6715 5.7759
v 65.8926 -31.8051 6.6589
v 69.6440 -32.5765 5.8979
v 71.1123 -33.3135 5.1957
v 65.3880 -31.3611 4.9923
v 66.7400 -31.3029 5.7759
v 68.3120 -31.3433 5.7012
v -82.4858 23.4203 4.5322
v -81.8897 23.4203 4.5322
v -82.4858 23.8268 4.5322
v -81.8897 23.8268 4.5322
v -82.1394 28.1837 4.6203
v -80.7389 27.8572 4.9894
v -78.7591 27.9785 4.9997
v -82.3865 29.7790 5.0768
v -80.7389 29.7790 5.9815
v -78.5224 29.7790 5.3558
v -67.6483 30.4798 5.7012
v -65.9598 30.1311 5.6491
v -64.0645 30.2647 6.4476
v -87.3198 33.2398 4.7174
v -85.5712 33.1489 5.6109
v -83.2166 31.9618 5.8503
v -80.6816 32.1684 6.6069
v -77.9693 32.4089 5.9151
v -76.6881 33.0988 5.7012
v -69.5175 33.0567 6.9408
v -68.2618 32.0632 5.9905
v -66.0194 32.1029 5.7439
v -64.0645 31.4695 6.4476
v -89.5406 35.9214 4.5319
v -88.1875 34.9645 5.1039
v -85.5422 35.2838 5.6205
v -84.3837 35.9568 4.5057
v -79.8501 34.7790 6.6064
v -78.0007 34.5576 6.5291
v -76.6589 34.5576 5.8049
v -70.0500 34.7790 6.7135
v -68.2389 34.7790 5.9618
v -66.2186 34.7790 6.1995
v -89.5308 37.2790 4.5169
v -88.0794 37.2268 5.9483
v -85.6491 36.2203 5.6823
v -84.3837 36.0820 4.5057
v -79.6493 36.1754 6.7214
v -78.1371 37.0708 5.8811
v -76.8400 36.2995 5.0407
v -70.6423 37.2790 6.3451
v -68.1935 37.1060 5.0116
v -65.6327 36.9409 5.5563
v -64.0788 37.7247 6.5859
v -89.4930 38.5332 4.4582
v -88.0794 38.7693 5.4554
v -85.4890 40.0742 5.4517
v -83.2389 40.5284 5.8882
v -81.2599 40.6826 6.3663
v -78.4850 39.7790 5.7012
v -70.3072 39.2689 6.4496
v -68.1935 39.6181 5.6502
v -65.8434 39.3999 5.7320
v -64.0788 38.9051 6.5859
v -84.4891 41.0292 4.4521
v -83.2389 41.1196 4.6382
v -80.5515 41.2097 5.6002
v -79.2627 41.1644 5.7012
v -72.7611 42.7798 6.2082
v -70.7389 42.4276 5.7762
v -69.2392 42.8097 6.1276
v -44.8431 43.3952 6.2840
v -44.2715 43.3952 6.2840
v -72.6481 44.7790 6.2803
v -70.9017 44.7563 5.9203
v -69.2392 43.9079 6.1276
v -47.3303 45.2760 5.7012
v -45.7014 43.9694 5.5509
v -43.2208 44.5173 5.6790
v -40.7389 45.4392 5.0757
v -39.3348 45.8374 4.6611
v -77.2099 48.3938 6.8581
v -75.7389 48.1336 6.4740
v -73.0530 47.2938 6.2778
v -71.4000 47.2790 6.5168
v -67.3734 48.2078 5.1805
v -66.3589 48.2078 5.1805
v -62.0526 48.5009 6.8254
v -61.5879 48.5009 6.8254
v -47.3303 46.5072 5.7012
v -45.7389 47.5281 5.7012
v -43.2228 47.5435 6.1467
v -40.8471 47.3327 6.2208
v -38.8558 47.2790 4.9461
v -34.8243 48.4657 4.5152
v -34.4340 48.4657 4.5152
v -77.2099 48.7812 6.8581
v -75.7389 49.2444 6.4740
v -73.3938 49.9501 6.1564
v -70.9313 49.7790 6.3651
v -68.1617 49.5639 5.8888
v -65.5391 49.8013 6.0560
v -62.9270 50.0895 6.0452
v -60.8261 49.7034 5.7137
v -58.9622 50.2433 6.2686
v -44.8492 50.3646 4.6326
v -43.1925 49.6994 5.2432
v -40.8471 49.4570 5.7212
v -38.0223 49.9485 4.7075
v -35.6901 49.8416 4.8328
v -34.1332 49.7790 4.8813
v -72.6637 51.4608 6.5973
v -70.5014 52.1359 6.4906
v -68.6073 52.2898 5.5994
v -65.7849 52.3883 5.0398
v -63.8014 51.3414 5.2649
v -60.1074 52.2790 4.6348
v -58.1188 52.4867 5.4069
v -56.4971 53.2155 5.7012
v -52.6412 52.9738 4.9713
v -50.7389 52.9908 4.9322
v -48.9223 53.3666 4.5724
v -44.8492 51.7617 4.6326
v -43.2564 52.2702 4.7946
v -40.7389 52.4140 5.3238
v -38.1431 52.0872 5.0946
v -35.7026 52.4089 5.0055
v -34.0696 51.6621 4.9607
v -72.3589 55.5390 6.5268
v -70.6660 54.7350 5.8655
v -68.0129 54.9247 5.8383
v -65.7471 55.0621 5.6904
v -64.3843 55.9355 6.5660
v -59.7240 54.7790 4.5437
v -58.1608 54.5684 4.9565
v -56.1577 54.5684 5.8826
v -52.7495 54.7790 5.0901
v -50.7389 54.7790 5.4021
v -48.1489 54.6685 4.8609
v -45.7389 55.2528 4.9423
v -43.5233 54.8144 5.7312
v -40.7389 54.1679 6.5738
v -38.2389 54.0640 6.4585
v -35.7486 54.7744 5.5403
v -34.2033 55.6537 4.6110
v -72.1992 57.5338 5.5991
v -71.1063 57.3246 5.4418
v -68.0657 57.2841 5.2953
v -65.6416 57.3617 5.5116
v -63.2952 57.2874 5.7486
v -60.7254 57.2213 4.7058
v -57.9628 57.2894 5.6586
v -55.7900 57.2765 6.5973
v -52.9339 57.4622 5.5954
v -50.9357 57.2896 6.0860
v -48.2389 56.8965 6.1224
v -45.7389 56.6568 6.1923
v -44.2997 56.1436 6.5058
v -34.9856 56.5320 6.2777
v -33.1638 57.3846 5.4732
v -30.8577 58.0062 5.5817
v -28.4994 58.0943 5.7012
v -72.1239 59.8194 5.5874
v -71.7116 59.8194 5.5874
v -67.4357 58.7344 6.1238
v -66.6395 58.7344 6.1238
v -62.2062 58.7512 4.9311
v -61.8978 58.7512 4.9311
v -57.1998 58.7542 5.7012
v -55.9880 58.9347 5.5952
v -52.9105 58.9472 5.6202
v -51.9003 58.9895 6.5493
v -32.1244 58.6761 4.6686
v -31.7702 58.6761 4.6686
v -27.3546 59.5779 5.6675
v -26.5389 60.2772 6.4784
v -72.4711 62.1255 5.6824
v -71.8270 61.1898 4.8366
v -64.5051 63.5046 6.9344
v -64.1322 63.5046 6.9344
v -60.0369 63.1310 4.8849
v -58.2389 63.2136 4.7944
v -56.9216 63.5065 4.4750
v -42.3301 63.4921 4.4970
v -41.8858 63.4921 4.4970
v -32.3683 63.3222 4.9025
v -30.7389 63.1903 4.9206
v -27.9045 62.5721 5.4146
v -26.4328 62.2161 5.8090
v -74.5807 65.6523 6.4492
v -73.7586 64.8030 5.6500
v -69.5710 65.9253 6.8834
v -69.1105 65.9253 6.8834
v -64.5051 63.5379 6.9344
v -64.1322 63.5379 6.9344
v -60.0369 63.6921 4.8849
v -58.2389 63.6642 4.7944
v -56.9216 63.5463 4.4750
v -42.3301 63.5599 4.4970
v -41.8858 63.5599 4.4970
v -37.5847 65.7517 5.7012
v -35.7389 65.1914 5.7012
v -33.0378 64.7071 5.3304
v -30.9413 64.7377 5.5309
v -28.3718 64.4998 5.6059
v -26.3600 64.7790 5.0910
v -74.5807 66.1436 6.4492
v -73.4080 66.8968 5.6500
v -70.5382 67.0705 5.9105
v -68.2876 67.3626 5.7504
v -66.8231 68.2920 4.6175
v -59.7950 68.3520 6.4433
v -58.2389 68.2617 6.0452
v -55.9144 68.3247 5.6665
v -53.2389 68.0351 5.4320
v -50.7542 67.8087 5.8574
v -48.9971 67.9506 5.7012
v -44.5848 68.4367 4.5148
v -43.1988 68.3538 5.6131
v -40.7389 67.7642 6.4346
v -38.2194 66.9459 5.6000
v -35.7389 67.3834 5.0860
v -33.4395 67.0553 5.2771
v -30.9254 67.2790 5.0337
v -27.7309 66.1391 4.6159
v -26.8125 66.1391 4.6159
v -67.4648 69.0065 6.2841
v -65.8894 69.2923 5.5510
v -63.2389 69.8504 5.7012
v -60.4445 69.7878 6.1016
v -58.7384 69.5574 5.6801
v -55.9144 68.6035 5.6665
v -53.2389 68.6880 6.6820
v -51.5977 68.6020 6.7949
v -48.0506 69.7790 5.7012
v -44.5848 68.6501 4.5148
v -43.1988 68.6400 5.6131
v -40.7389 69.1772 6.4346
v -38.2730 70.0637 5.6000
v -35.7389 69.3848 5.0860
v -33.2389 69.4733 5.3136
v -31.3488 69.2861 5.0012
v -60.5225 72.2790 6.6967
v -59.2478 72.2790 6.6967
v -47.2322 72.2255 5.9504
v -45.7389 72.9660 5.1746
v -44.1589 73.2842 4.5838
v -38.4435 72.2790 5.7012
v -60.2915 73.7572 6.7030
v -59.2519 73.7572 6.7030
v -46.9897 73.5299 6.9498
v -45.2759 74.7074 5.7847
v -44.2515 74.9034 5.5910
v -39.6838 75.4862 6.6916
v -38.3412 74.8873 5.5929
v -36.9670 75.9551 4.4942
v -44.6587 76.3428 4.9315
v -43.4020 77.1092 5.7394
v -40.6058 77.1472 5.7954
v -38.2389 76.3357 4.9137
v -36.9670 76.0609 4.4942
v 42.6794 -81.7171 9.0147
v 43.7132 -81.7171 9.0147
v 28.0023 -78.9797 6.9566
v 28.0290 -78.9797 6.9566
v 40.4053 -79.0749 7.2834
v 41.7350 -80.1412 8.1490
v 44.4323 -80.8832 8.1893
v 46.0039 -79.6838 8.2012
v 25.4854 -76.4971 7.0422
v 26.8716 -77.6877 6.9994
v 28.0290 -78.8784 6.9566
v 37.4195 -76.9767 8.7883
v 39.4044 -77.8943 8.0358
v 40.7906 -78.8119 8.9500
v 45.1108 -76.9939 7.3692
v 46.1498 -77.7847 8.2020
v 25.0741 -75.1102 8.0058
v 26.5318 -75.2938 8.0814
v 29.2611 -74.7476 7.4391
v 30.9321 -74.2594 7.0990
v 37.3485 -75.2210 8.5699
v 38.4043 -75.2210 7.3199
v 44.7112 -75.2210 7.6134
v 46.1130 -75.2210 8.8634
v 22.4800 -72.0354 8.2012
v 23.7341 -73.2854 8.2012
v 27.4051 -72.7210 9.0755
v 29.2611 -72.7210 8.3406
v 30.9644 -72.7210 7.4664
v 37.2135 -72.8810 8.1439
v 38.1429 -73.8210 7.2723
v 44.8448 -73.2908 7.4161
v 46.2121 -72.5629 8.2302
v 22.4800 -70.7059 8.2012
v 24.0731 -69.5123 8.1668
v 27.0070 -69.9694 8.2957
v 29.1018 -70.0158 7.8397
v 30.8047 -70.2210 7.5646
v 36.9838 -70.0704 8.0325
v 38.5594 -69.1367 7.0867
v 44.7030 -69.5055 8.2012
v 46.0910 -70.7555 8.2012
v 24.4316 -67.7210 8.5353
v 26.5074 -67.7210 8.5353
v 29.8289 -68.7797 7.2299
v 30.7192 -68.7797 7.2299
v 34.8392 -67.1135 8.2012
v 36.6063 -68.4124 8.0325
v 39.5299 -67.6710 8.1305
v 41.4082 -66.8534 8.4402
v 43.4155 -67.9173 8.4041
v 62.6473 -66.7418 9.0186
v 64.2611 -66.6992 9.0449
v 65.5387 -66.5045 9.3421
v 24.6749 -65.2210 8.5113
v 26.4349 -65.2210 8.5113
v 30.1848 -64.1422 9.3460
v 31.3073 -64.1422 9.3460
v 34.4813 -65.1032 7.9992
v 36.8078 -64.0845 8.2311
v 39.4781 -65.1891 8.4693
v 41.3053 -65.7265 8.5117
v 43.2120 -65.2210 9.2648
v 60.3981 -64.1860 9.2654
v 61.8216 -65.1403 8.3087
v 64.7584 -65.3969 8.4615
v 65.8411 -65.4060 8.5129
v 25.1055 -63.7110 8.9453
v 26.0259 -63.7110 8.9453
v 30.1848 -63.2171 9.3460
v 31.7595 -62.7531 9.0961
v 34.4227 -62.5948 8.3887
v 36.4357 -63.1491 8.5836
v 38.8015 -62.9595 8.4391
v 42.2367 -63.7722 9.2811
v 43.1942 -63.7722 9.2811
v 52.5135 -61.8825 8.7484
v 53.6489 -61.8825 8.7484
v 60.3981 -63.7602 9.2654
v 61.8019 -63.1442 8.3398
v 64.4574 -62.7731 8.3907
v 66.6684 -62.4955 7.3796
v 68.2140 -61.8493 7.0755
v 31.8315 -60.2210 8.5175
v 34.2172 -60.5958 8.1338
v 35.6915 -61.0956 9.2888
v 39.9156 -60.6227 8.2012
v 41.7611 -59.9146 8.2012
v 44.2611 -60.0550 8.2012
v 46.7611 -60.0825 8.2012
v 49.2158 -59.6489 8.3052
v 51.6494 -59.8442 8.0625
v 54.3938 -60.2763 8.4376
v 55.7072 -59.4799 9.0922
v 67.1932 -61.2150 7.0755
v 68.2140 -61.2150 7.0755
v 32.2377 -58.5978 8.8113
v 34.1666 -58.3884 8.0673
v 36.6771 -57.3384 8.1580
v 38.5629 -56.8478 7.2958
v 50.0190 -58.7611 9.2079
v 51.8115 -58.1668 8.0535
v 54.2611 -57.7210 7.7893
v 56.1873 -57.7210 8.8029
v 62.3057 -56.6816 9.2205
v 64.2611 -56.6337 9.2717
v 65.5181 -56.4774 9.4425
v 37.1483 -55.2674 8.1580
v 38.5629 -56.1316 7.2958
v 42.6694 -54.3995 7.3563
v 43.5649 -54.3995 7.3563
v 52.7789 -55.2210 7.2546
v 54.2611 -55.2210 7.7179
v 56.9344 -55.3854 8.5623
v 59.2611 -54.5064 9.1258
v 61.5879 -54.9849 8.9505
v 64.4027 -55.0183 7.9461
v 66.5153 -55.1492 8.4460
v 69.3174 -54.3129 8.2577
v 71.7611 -54.3008 7.4082
v 73.0889 -54.0590 7.0497
v 32.9350 -51.6919 9.3626
v 34.2611 -52.0114 9.1087
v 36.3196 -52.7708 8.2304
v 40.3957 -51.5315 7.0400
v 41.9685 -52.3693 8.0315
v 43.5706 -52.5127 8.1943
v 52.8208 -53.4678 7.2463
v 54.2611 -53.3924 7.3900
v 56.9411 -52.8100 7.4401
v 59.2193 -52.5477 7.7653
v 61.7611 -53.1830 7.7484
v 63.6638 -53.6258 7.1821
v 70.1882 -53.8663 9.1287
v 71.9246 -52.9081 8.4218
v 74.0578 -52.5927 7.5550
v 76.0512 -51.6738 7.6841
v 80.0086 -51.6683 8.2012
v 80.9081 -51.6683 8.2012
v 32.9350 -51.1762 9.3626
v 34.1202 -50.2941 8.8318
v 36.8484 -50.0294 7.4053
v 39.2400 -50.2260 7.0125
v 41.9650 -51.1822 8.0045
v 43.2952 -51.1754 8.2012
v 52.4123 -49.1993 8.9530
v 54.4851 -49.1429 8.1523
v 56.7561 -49.8334 7.8699
v 58.3218 -50.2210 7.0793
v 72.7820 -50.2210 8.8495
v 74.1913 -50.3820 8.9096
v 76.9453 -50.3907 8.4941
v 78.6416 -50.2637 8.3630
v 82.1581 -50.8314 8.2012
v 83.5365 -49.5814 8.2012
v 34.6855 -47.7210 8.5708
v 36.6614 -47.9413 7.2672
v 38.0843 -48.9214 6.9850
v 45.4059 -47.1033 7.2974
v 46.7611 -46.9533 7.2178
v 48.0394 -46.4817 6.9604
v 52.4123 -48.7472 8.9530
v 54.4851 -48.6837 8.1523
v 56.5752 -48.7997 7.9792
v 58.0784 -48.9406 6.9978
v 65.4933 -46.5516 7.0138
v 65.5252 -46.5516 7.0138
v 72.7405 -47.7210 9.2731
v 73.3600 -47.7210 9.2731
v 77.8394 -48.9137 9.3041
v 79.2283 -47.7492 9.2641
v 81.8025 -46.8608 8.3149
v 83.5365 -48.1229 8.2012
v 35.0998 -45.3119 8.0851
v 36.3328 -45.1473 8.2423
v 38.0701 -44.0339 9.3626
v 45.4059 -46.3322 7.2974
v 46.7611 -46.3568 7.2178
v 48.0394 -46.4575 6.9604
v 57.7551 -44.1605 9.2805
v 59.2611 -44.1142 9.3227
v 60.5125 -43.9724 9.4507
v 65.4933 -46.3685 7.0138
v 66.7248 -45.2058 8.1286
v 69.2611 -44.2526 8.9716
v 71.8275 -45.0576 8.3552
v 74.1101 -45.4825 8.3951
v 76.9629 -44.4425 8.3655
v 79.2168 -44.9657 8.4329
v 80.9968 -45.8238 7.5573
v 35.1378 -43.4437 7.3171
v 36.7413 -42.6546 7.8034
v 39.1234 -42.4009 8.2493
v 40.7480 -41.9741 7.2590
v 57.3892 -42.7210 8.9262
v 59.2611 -42.7210 8.4687
v 61.5119 -42.5100 9.0546
v 63.0586 -41.5359 9.4002
v 67.8363 -42.7210 8.8636
v 69.0610 -42.8337 7.7221
v 70.8433 -43.7422 7.3528
v 77.9308 -43.9548 9.3084
v 78.0424 -43.9548 9.3084
v 37.5614 -41.2399 7.2608
v 39.2793 -41.1221 8.0933
v 41.6532 -40.2066 8.1359
v 44.2258 -39.2750 8.4171
v 46.7611 -39.3646 7.5693
v 49.2611 -39.2754 7.2831
v 51.7611 -39.5155 7.5001
v 54.4723 -39.4861 8.1534
v 56.6671 -40.6780 8.1337
v 59.2611 -41.1902 7.3472
v 61.9301 -40.3359 7.6876
v 63.1699 -40.2210 8.9538
v 67.8647 -41.3355 8.8756
v 69.1211 -40.4808 8.0836
v 70.8128 -39.6261 8.9582
v 44.9246 -37.7210 9.2313
v 46.7927 -37.9288 7.8038
v 49.7562 -37.7547 8.0761
v 51.2703 -37.6999 8.2001
v 53.7797 -38.7726 8.9548
v 62.5282 -37.8327 8.0839
v 63.1753 -38.7405 8.8391
v 70.1661 -37.7210 7.2547
v 71.2823 -37.7210 8.5047
v 45.2045 -36.2309 9.2148
v 46.7927 -35.7577 8.3094
v 49.4542 -35.7992 8.2606
v 50.6159 -36.3000 7.4668
v 62.5087 -35.9264 8.2012
v 64.3989 -34.6525 8.1145
v 65.9069 -34.1664 8.8901
v 70.3037 -35.2210 7.1064
v 71.4031 -35.2210 8.3564
v 65.3242 -33.4718 7.2234
v 66.7331 -32.7801 7.9659
v 69.2084 -32.8848 7.9011
v 70.9738 -33.6812 8.7605
v 67.5592 -31.4067 7.0416
v 68.0854 -31.4067 7.0416
v -67.2664 28.1899 8.8420
v -65.7389 28.0268 8.4315
v -63.9794 28.1985 8.7008
v -69.6820 30.9696 8.6959
v -68.3745 29.8118 7.9356
v -65.7389 28.6745 7.1815
v -63.1887 29.7482 8.2047
v -61.9507 30.8984 9.3753
v -84.6261 33.4239 7.3922
v -83.2389 32.9994 7.6956
v -81.4768 32.9280 7.5028
v -77.0086 33.5252 6.9549
v -76.9848 33.5252 6.9549
v -72.3976 32.9053 8.8497
v -70.4331 32.1477 7.9395
v -69.4826 31.3901 7.0293
v -65.0984 33.1361 7.5660
v -63.0641 32.3975 8.4707
v -61.9507 31.6588 9.3753
v -85.1105 34.7144 8.2158
v -83.1415 34.7144 8.9758
v -81.1001 34.7790 7.9012
v -77.0086 33.5766 6.9549
v -76.9848 33.5766 6.9549
v -72.5743 34.7790 8.4364
v -71.3000 34.7790 7.1864
v -64.9686 34.7790 7.4315
v -63.3680 34.7790 8.6815
v -87.1745 37.9890 8.2012
v -86.4129 36.7390 8.2012
v -82.2432 36.1897 9.3330
v -80.5851 36.6759 8.3803
v -78.9898 37.9671 8.2012
v -72.5889 37.2790 8.2737
v -71.8923 37.2790 7.0237
v -64.5190 36.0580 6.9768
v -63.0825 37.1543 8.1856
v -61.9706 38.2506 9.3944
v -87.1745 38.7476 8.2012
v -85.6867 40.0112 8.1172
v -83.2389 40.5284 7.6001
v -80.7199 40.4615 8.1064
v -79.0509 39.5559 7.9843
v -72.9298 39.7790 8.2824
v -70.9799 39.9729 7.0494
v -68.0763 40.8267 7.9844
v -65.7389 40.2350 8.2012
v -63.2428 39.0550 8.4171
v -61.9706 38.5540 9.3944
v -85.0528 42.2790 8.5605
v -83.2389 42.2790 8.2018
v -80.7743 41.7574 8.1985
v -79.4244 41.0618 7.0064
v -74.9954 42.7086 8.7361
v -73.6215 41.9109 7.8903
v -70.7389 41.1776 7.0627
v -68.1869 42.0245 8.0728
v -66.5377 42.9060 9.1392
v -47.2767 43.2725 9.0132
v -45.7014 43.0228 8.1884
v -44.0585 43.0887 8.2012
v -84.9112 44.2915 8.8202
v -83.2389 44.3199 8.8029
v -80.7511 44.7626 9.2715
v -79.0753 45.7043 9.3252
v -75.2525 44.7790 8.6983
v -73.1743 45.2680 8.1050
v -70.9017 45.4347 8.1689
v -68.1558 44.7549 8.4450
v -66.6123 44.7790 9.1920
v -47.5999 44.8085 8.1884
v -46.5097 43.9949 7.3466
v -43.4831 44.7790 8.2012
v -79.8093 46.4478 9.3252
v -78.2557 47.3027 8.6829
v -75.7959 46.8257 8.2780
v -72.9858 46.3089 8.2382
v -70.7629 47.1763 8.1176
v -68.1053 47.1640 9.1694
v -66.9380 46.1229 9.4176
v -62.0526 48.5009 7.1038
v -61.5879 48.5009 7.1038
v -57.3588 48.0244 8.8054
v -55.7389 47.9352 8.6837
v -54.3167 48.2419 9.0737
v -47.5369 46.4768 8.2012
v -45.7389 47.0345 8.2012
v -43.2208 47.2789 7.7062
v -41.7525 48.2017 7.0461
v -77.6113 49.6803 8.2998
v -75.7389 50.4944 7.7249
v -74.3304 50.8974 7.4019
v -69.6813 49.7790 7.3598
v -68.4635 49.5376 8.0569
v -65.7389 49.7071 8.2012
v -63.0271 49.4073 8.0428
v -60.7483 49.0847 8.0428
v -58.1605 49.7036 8.0979
v -55.7389 49.7790 7.9003
v -54.0074 49.7790 8.6803
v -42.2971 48.6608 7.0461
v -41.7525 48.6608 7.0461
v -77.1568 51.1416 9.1988
v -75.7389 51.2024 8.9749
v -73.3487 52.1375 8.2108
v -70.1692 52.5756 7.9887
v -69.4656 52.2996 8.3065
v -57.2955 51.4959 7.3905
v -55.6979 52.3091 7.4246
v -53.2070 52.3786 8.4634
v -50.7389 53.1695 9.0552
v -48.2389 53.0623 9.0029
v -45.7389 52.9607 8.9215
v -44.0209 53.1648 9.1441
v -74.7337 55.8225 9.2909
v -73.1963 54.8474 8.3219
v -70.4779 53.7046 8.3867
v -68.2524 54.6961 8.2745
v -65.7389 55.8286 7.1359
v -64.3843 55.9355 7.0199
v -54.8279 54.7790 7.0841
v -53.2389 54.7790 7.8409
v -50.7389 54.7790 8.5935
v -48.2389 54.7790 8.5534
v -45.7389 54.7790 8.1038
v -43.3270 54.7478 8.0751
v -40.7389 54.8905 8.2012
v -38.2471 55.3754 8.3046
v -36.6523 55.5619 7.5401
v -74.9999 57.2790 9.1279
v -73.2109 57.3949 7.9628
v -71.5961 58.3054 7.4015
v -67.5217 57.1698 8.0577
v -65.7797 57.0640 7.9076
v -64.3843 56.1977 7.0199
v -56.9910 58.5132 6.9553
v -55.7900 57.2765 6.9584
v -53.0200 57.0355 7.3066
v -50.9357 57.2896 7.6279
v -48.2389 56.8965 7.7518
v -45.7389 56.6568 7.3835
v -44.2997 56.1436 7.0061
v -37.4192 56.5965 9.2068
v -35.7869 57.0777 8.3046
v -33.2953 58.0621 8.2258
v -30.7661 57.9893 8.2258
v -28.0202 58.0760 8.0240
v -26.7957 58.3816 8.7392
v -75.1871 59.7790 8.7936
v -73.1206 59.8564 7.6953
v -71.5961 59.0747 7.4015
v -67.6248 58.9850 8.2012
v -66.4252 58.9850 8.2012
v -59.5264 60.9835 9.4103
v -58.1645 59.7576 8.1828
v -55.9547 59.6979 8.0604
v -53.1484 59.9268 8.0967
v -51.9003 58.9895 7.0280
v -37.5195 60.3602 9.0924
v -36.4940 60.3602 9.0924
v -32.4996 59.0089 9.0754
v -31.6175 59.0089 9.0754
v -27.0411 58.6106 7.0726
v -26.1928 59.5779 8.0240
v -74.8703 62.2790 8.9322
v -73.5059 62.2790 7.6822
v -64.5637 63.4506 8.2012
v -64.1769 63.4506 8.2012
v -59.5264 61.1427 9.4103
v -59.3381 61.1427 9.4103
v -54.9219 61.2529 9.1654
v -54.2561 61.2529 9.1654
v -37.5086 62.2790 9.0404
v -35.6920 62.4203 8.9404
v -34.4175 63.3478 9.1477
v -27.5953 63.0839 8.2012
v -26.1386 61.8339 8.2012
v -74.5418 64.5986 8.2094
v -73.4760 64.5343 8.1957
v -70.4986 65.6637 8.0470
v -69.1105 65.9253 7.0886
v -64.5637 63.6167 8.2012
v -64.1769 63.6167 8.2012
v -52.1459 65.7435 9.3122
v -51.5288 65.7435 9.3122
v -40.0698 65.7426 8.7028
v -38.2760 64.8950 8.1492
v -35.7389 64.0440 7.8319
v -33.4461 64.1004 8.2691
v -30.7389 64.6676 8.2012
v -28.8453 64.0796 8.2012
v -74.5807 66.1436 7.0534
v -73.2389 66.7304 7.3185
v -70.3671 67.0950 8.2336
v -68.9370 67.2790 7.6548
v -59.7950 68.3520 7.2976
v -58.2389 68.2617 7.2680
v -56.5579 68.3497 7.0272
v -52.3797 67.2790 8.8623
v -50.7299 67.3283 8.2253
v -48.2738 67.6017 8.1151
v -46.7215 67.7181 8.8910
v -42.0826 68.2709 7.2234
v -40.4521 67.1951 8.0098
v -39.2732 67.1018 8.0502
v -69.5185 68.5636 9.4187
v -68.2745 69.1774 8.4317
v -65.6030 70.3607 8.3751
v -63.2389 70.5984 7.5314
v -60.7631 70.0334 7.1580
v -58.2600 70.0247 7.9958
v -55.7303 69.4365 7.9968
v -53.2073 69.0392 8.0635
v -51.5977 68.6020 7.1384
v -47.3155 69.9718 8.1151
v -46.7215 69.2669 8.8910
v -42.0826 68.6298 7.2234
v -40.7389 69.1772 7.4901
v -38.8241 69.9871 8.2190
v -64.6764 72.2790 9.3150
v -63.2389 72.2790 8.1288
v -61.7725 72.2790 7.0150
v -58.7128 72.2790 8.2012
v -47.0505 72.2790 8.2012
v -37.8821 72.2420 8.2884
v -36.8967 73.0506 9.1799
v -64.5487 73.5827 9.3964
v -63.2389 73.8310 8.7986
v -60.9705 73.8792 7.9620
v -59.3061 73.7050 8.2012
v -46.9984 73.5381 8.2012
v -45.7389 74.4026 8.2012
v -43.4020 75.3995 8.3292
v -40.4445 75.4900 8.4901
v -38.5110 74.6456 8.4560
v -36.8967 73.8050 9.1799
v -42.6774 76.7314 7.5813
v -40.4445 76.3854 8.4901
v -39.4462 76.0394 9.3988
v 42.6794 -81.7171 9.8405
v 43.7132 -81.7171 9.8405
v 42.3469 -80.2210 10.1514
v 44.3418 -80.4539 10.7513
v 46.2386 -79.9454 10.7012
v 37.3109 -77.1591 10.7012
v 39.2611 -77.9081 10.7012
v 41.6788 -78.3225 10.7777
v 43.3037 -78.5583 11.6621
v 47.0564 -77.7210 10.7012
v 25.3943 -74.1697 10.7012
v 26.5981 -74.2565 10.7464
v 29.2611 -74.1544 11.6426
v 31.7611 -74.0373 11.7852
v 34.2611 -74.1358 11.6175
v 36.2758 -75.0699 10.7750
v 40.3115 -74.1897 11.6485
v 41.7611 -74.4810 11.5495
v 43.3257 -74.4323 11.7183
v 47.4024 -75.0474 10.9279
v 48.0258 -74.0983 11.9124
v 22.6385 -71.9723 10.7012
v 24.1443 -73.2223 10.7012
v 27.4051 -72.7210 9.9830
v 29.2611 -72.7210 10.6681
v 31.7611 -72.7210 10.7283
v 34.2611 -72.7210 10.8641
v 36.0224 -72.7210 10.2721
v 40.0860 -72.7210 11.4870
v 41.7417 -72.7637 11.4401
v 43.3257 -73.6255 11.7183
v 47.5669 -72.8170 10.9279
v 48.0258 -73.7144 11.9124
v 22.6385 -70.4281 10.7012
v 23.1569 -69.1781 10.7012
v 27.7397 -70.0832 10.5815
v 29.2611 -70.4548 10.9767
v 31.7611 -70.4007 10.8943
v 34.1586 -70.0399 11.0602
v 35.7353 -70.2210 10.1319
v 40.1438 -70.7802 11.6349
v 40.8953 -70.7802 11.6349
v 45.0291 -69.2994 10.7012
v 46.5346 -70.5494 10.7012
v 23.3137 -67.7210 10.7012
v 27.5894 -67.7210 10.7012
v 30.0650 -66.8921 11.8317
v 31.7611 -67.2735 11.3712
v 34.0160 -67.9648 10.5507
v 36.8200 -67.6775 10.8654
v 39.2785 -66.5187 10.6991
v 40.6146 -66.4920 9.4713
v 44.2563 -67.7210 10.7012
v 62.6473 -66.7418 9.8442
v 64.2611 -66.6992 9.7839
v 65.5387 -66.5045 9.5018
v 23.6743 -65.2210 10.7012
v 27.6822 -65.3738 10.6513
v 29.2916 -65.2256 10.8082
v 31.9888 -65.0737 10.0114
v 33.0937 -65.2210 9.6160
v 37.9833 -65.1978 10.6964
v 38.9616 -65.5161 10.4023
v 40.6330 -65.2210 9.4856
v 43.7058 -65.2210 10.7012
v 60.3981 -64.1860 9.7235
v 61.7928 -65.1000 10.2786
v 64.4574 -65.3275 10.1456
v 65.5387 -66.2318 9.5018
v 24.7675 -63.4455 10.7012
v 26.7625 -62.7873 10.6539
v 29.3153 -62.5187 9.9242
v 31.7595 -62.7531 9.4962
v 34.1840 -62.7855 9.5732
v 36.8440 -62.7836 9.5604
v 39.3748 -62.9595 9.6289
v 41.5981 -62.9055 10.4252
v 44.1081 -62.7389 11.1670
v 46.7611 -61.6212 11.7096
v 48.2311 -61.5818 11.7923
v 52.3294 -62.0513 10.7012
v 53.8709 -62.0513 10.7012
v 60.3981 -63.7602 9.7235
v 61.7611 -63.3620 10.1907
v 63.7549 -63.3698 10.1650
v 27.4992 -61.1248 11.5231
v 29.2611 -60.9134 11.0424
v 30.8166 -60.2326 10.4810
v 35.3440 -61.0956 9.6548
v 35.6915 -61.0956 9.6548
v 40.2839 -61.0248 9.7068
v 41.7801 -60.7015 10.6046
v 44.3728 -60.7619 10.8533
v 46.7611 -60.6790 10.4596
v 48.5981 -60.0447 10.8559
v 51.6662 -60.2210 10.7012
v 54.9475 -60.2763 10.8031
v 55.7072 -59.4799 10.0378
v 32.1176 -58.4996 10.7012
v 34.3916 -57.4314 10.7253
v 35.7878 -57.0336 9.9080
v 49.8299 -58.4361 10.7012
v 51.0979 -58.4361 10.7012
v 54.9258 -57.7210 11.6569
v 56.1873 -57.7210 10.4069
v 59.9030 -56.5617 11.3587
v 61.5879 -56.7224 10.5957
v 64.4753 -56.6718 10.6498
v 65.5181 -56.4774 9.7823
v 32.4529 -54.2634 11.4908
v 34.3916 -55.1464 11.1923
v 36.0480 -55.2210 10.0980
v 55.1498 -56.3751 11.8056
v 56.9344 -56.2782 10.8639
v 59.1462 -55.8497 10.5957
v 60.6390 -55.6608 9.6920
v 65.0097 -55.2210 11.4983
v 66.5153 -55.0870 10.2191
v 68.5216 -54.1644 9.6683
v 32.3324 -52.6036 10.6750
v 34.2611 -53.2614 10.0350
v 35.9502 -53.6373 9.8568
v 42.9342 -51.5405 9.5548
v 43.0430 -51.5405 9.5548
v 47.9019 -52.0372 11.8565
v 48.0915 -52.0372 11.8565
v 62.3971 -52.0756 11.7274
v 64.3191 -52.6597 11.7885
v 66.5420 -52.5347 11.2558
v 69.3174 -52.9081 10.2241
v 71.2003 -52.1996 10.1301
v 80.3081 -51.5921 9.6534
v 80.8022 -51.5921 9.6534
v 32.5814 -50.6922 10.7012
v 33.2350 -49.4422 10.7012
v 42.9342 -51.4259 9.5548
v 43.0430 -51.4259 9.5548
v 47.9128 -50.2210 11.8771
v 48.0745 -50.2210 11.8771
v 52.4123 -49.1993 9.7376
v 54.2611 -49.1784 9.7017
v 56.7486 -49.1590 10.5945
v 59.2611 -49.7307 11.6335
v 61.6427 -50.3820 11.6234
v 64.4460 -50.4368 11.5186
v 66.5420 -50.4368 11.2398
v 69.2611 -50.2210 10.8895
v 71.5320 -50.2210 10.2757
v 74.9781 -49.6560 9.5970
v 76.1727 -49.6560 9.5970
v 79.7745 -50.2210 10.0999
v 81.7114 -50.1455 10.7170
v 83.4485 -49.4827 10.7012
v 34.1208 -47.7210 10.7012
v 47.9893 -48.9640 11.9472
v 48.0153 -48.9640 11.9472
v 52.4123 -48.7472 9.7376
v 54.7578 -47.7353 10.5165
v 56.3903 -48.0017 10.9306
v 59.2573 -47.8219 11.4607
v 61.7611 -47.7210 11.1603
v 64.2596 -47.6378 11.4500
v 66.7099 -47.6378 11.3704
v 69.2611 -47.7210 10.8555
v 71.4905 -47.7210 10.0786
v 74.7416 -47.5245 10.5387
v 76.9081 -48.1535 10.5387
v 79.2609 -47.6834 10.4495
v 81.7767 -47.9443 10.8489
v 83.4485 -48.2273 10.7012
v 35.1469 -46.1083 10.7012
v 36.7611 -45.0617 10.7012
v 38.3159 -44.1744 10.7012
v 45.4500 -44.1239 11.5032
v 45.5724 -44.1239 11.5032
v 50.4820 -43.9944 11.8991
v 50.5536 -43.9944 11.8991
v 55.4200 -46.3484 11.6028
v 56.7145 -45.2544 10.6441
v 59.6155 -44.7725 10.4926
v 61.2260 -44.7168 10.6045
v 63.4253 -45.6971 11.6132
v 67.4115 -45.0143 10.8171
v 69.2611 -45.5026 10.2205
v 71.1449 -45.9410 9.8672
v 75.0210 -45.1360 10.7996
v 76.2642 -44.2460 10.0319
v 79.2449 -45.2210 10.7012
v 35.4747 -41.5849 11.9043
v 36.7611 -41.8972 11.6763
v 38.5152 -42.7436 10.7594
v 45.4500 -43.7899 11.5032
v 45.5724 -43.7899 11.5032
v 50.4820 -43.5618 11.8991
v 50.5536 -43.5618 11.8991
v 57.3892 -42.7210 10.2265
v 59.0325 -42.9628 11.1253
v 61.5119 -43.4847 10.5051
v 63.2580 -42.1235 10.7012
v 67.3660 -42.7210 10.7012
v 75.4438 -43.8719 11.6985
v 76.9629 -43.7049 10.7996
v 78.3484 -43.7127 10.7012
v 35.4747 -41.2719 11.9043
v 36.5902 -40.3515 11.2952
v 39.4704 -40.0124 10.5947
v 41.5364 -39.2352 10.4858
v 43.3689 -38.9951 9.5089
v 55.4463 -39.0934 9.5988
v 56.5245 -40.2757 10.7581
v 58.0467 -41.4580 11.9175
v 63.7168 -40.2210 10.7012
v 67.7390 -41.2035 10.7012
v 69.3826 -40.1501 10.7758
v 70.8128 -39.6261 9.9922
v 37.3096 -38.3295 11.2245
v 38.8291 -38.3295 11.2245
v 42.2199 -38.1994 11.1756
v 43.5630 -37.5080 10.4858
v 47.6917 -36.9230 11.6880
v 49.4542 -37.3272 10.7933
v 51.7611 -38.0023 10.7012
v 54.6136 -37.8377 10.7634
v 55.6100 -37.7210 11.4195
v 62.6691 -37.0738 9.7404
v 63.8354 -37.8327 10.6247
v 70.2138 -37.7210 11.6985
v 71.2823 -37.7210 10.4485
v 44.6825 -35.9172 10.7012
v 46.8195 -35.6969 10.7933
v 48.7495 -35.9193 10.0213
v 55.4476 -36.3967 11.9280
v 55.5430 -36.3967 11.9280
v 62.6691 -36.1258 9.7404
v 64.4682 -35.8459 10.6247
v 66.7486 -34.9441 10.5821
v 69.4017 -35.3621 11.2797
v 71.4031 -35.2210 10.3232
v 67.5736 -33.7550 9.6693
v 69.2611 -33.5917 9.8953
v 70.9738 -33.6812 9.8252
v -67.2664 28.1899 9.8712
v -65.5829 28.0846 10.7032
v -63.9653 28.2278 10.7012
v -69.6820 30.9696 9.7824
v -68.1554 29.9934 10.1333
v -66.1555 29.7790 11.3054
v -62.7153 29.5332 10.7012
v -61.9058 30.7832 10.7012
v -72.4232 32.8534 10.7012
v -70.6047 31.5454 10.6500
v -68.0817 32.0859 11.2280
v -66.4852 32.2790 11.4238
v -62.0636 33.3255 9.4927
v -61.7921 32.4069 10.4761
v -84.7129 35.6221 10.7012
v -83.1415 35.3936 10.5205
v -80.7389 35.4030 11.0941
v -78.2389 35.5257 11.0954
v -76.2197 35.6760 11.2351
v -73.2982 34.7790 10.7012
v -69.6870 35.7992 11.2081
v -68.0817 34.8911 11.0667
v -66.4953 34.7790 11.4029
v -62.1180 34.7790 9.5393
v -61.5568 34.7790 10.7893
v -87.0855 38.3127 9.9168
v -86.1126 37.3992 10.7306
v -82.2432 36.1897 9.5667
v -80.7389 36.7278 9.8441
v -78.4004 37.4916 9.9232
v -75.9135 37.2790 10.9850
v -73.7183 37.2790 10.7012
v -69.6870 36.7628 11.2081
v -68.2389 36.9064 11.0372
v -66.5678 36.4650 11.4756
v -62.1146 37.4730 10.3923
v -61.8003 37.4730 10.3923
v -87.0855 38.7023 9.9168
v -86.3397 39.6330 10.7306
v -82.2682 40.3933 11.4492
v -80.9035 40.1072 10.6500
v -78.4662 39.7453 10.7170
v -75.5901 39.6786 10.9809
v -74.1682 39.6786 10.4619
v -67.1346 40.8563 9.5663
v -65.7389 40.6312 10.0527
v -63.2831 39.6127 10.6978
v -61.9706 38.5540 9.5907
v -85.7749 42.2790 10.7012
v -82.2682 41.7124 11.4492
v -81.3353 42.4391 10.6500
v -78.0157 42.2790 11.5174
v -75.7928 42.0368 10.1148
v -74.4819 41.0420 9.4691
v -67.1346 41.2393 9.5663
v -65.5728 42.1535 10.6855
v -64.4234 41.4010 11.8048
v -47.2767 43.2725 9.7896
v -45.7389 42.9967 10.0777
v -44.1324 43.0757 9.9481
v -85.1204 44.9865 10.8683
v -83.2389 45.5699 10.1932
v -80.6490 44.5921 10.2916
v -78.2417 44.7062 11.0874
v -76.5522 44.8639 10.7418
v -72.2093 45.9200 9.6540
v -70.7389 45.6270 9.8898
v -67.9026 45.7897 10.6753
v -66.2590 44.9982 10.6909
v -47.6467 44.7790 10.2251
v -45.7389 44.7790 10.6836
v -44.1353 44.7790 9.9097
v -84.5038 46.0493 11.8130
v -83.0605 47.0412 11.4975
v -80.6812 47.2803 10.5003
v -78.1910 47.0526 10.4654
v -76.6882 46.2561 10.7012
v -72.2093 46.1474 9.6540
v -70.7389 46.4999 9.8898
v -67.9528 46.8803 10.3693
v -66.0151 47.1557 10.6158
v -63.2389 47.9775 11.0451
v -61.4311 48.1342 11.3133
v -57.5897 47.8357 10.7012
v -55.7389 47.5457 10.7012
v -54.3075 48.2390 10.7012
v -47.5781 46.4458 10.1446
v -45.7389 46.4207 10.0571
v -44.3739 46.1346 9.5657
v -82.1083 48.5850 11.8723
v -80.7389 48.6193 11.7918
v -78.2304 49.7825 10.9708
v -76.9081 50.9716 11.7907
v -67.5463 48.8784 10.7012
v -65.8508 49.0488 10.6091
v -63.2389 49.0121 9.7951
v -60.6377 49.8016 10.6556
v -58.5090 49.9099 10.7792
v -55.2767 50.4298 11.8009
v -54.0619 49.6695 10.8610
v -79.6119 53.3642 11.8845
v -78.2372 52.2529 11.0042
v -75.9404 51.5384 10.8549
v -74.0794 52.8313 10.7012
v -69.5050 53.4549 9.4765
v -69.4758 53.4549 9.4765
v -59.8444 51.1419 11.6646
v -58.7213 51.1419 11.6646
v -55.2767 51.2647 11.8009
v -53.0276 52.2715 11.0046
v -50.9651 53.0038 10.9054
v -48.2389 52.7558 10.7012
v -45.7389 52.6944 10.7012
v -43.9631 52.9992 10.7012
v -79.6119 53.7049 11.8845
v -78.1977 54.8238 11.8729
v -75.6358 55.4207 10.8973
v -74.0794 54.0834 10.7012
v -69.5050 53.5369 9.4765
v -69.4758 53.5369 9.4765
v -62.5236 55.6430 11.3272
v -61.7503 55.6430 11.3272
v -52.0361 53.7146 11.8749
v -51.9492 53.7146 11.8749
v -47.2609 55.2248 11.4727
v -45.7389 55.1583 11.4412
v -43.3050 54.7338 10.8260
v -40.7389 55.5017 9.9448
v -39.0858 55.8929 9.6582
v -77.2410 57.2790 11.5570
v -76.2499 57.2790 10.3070
v -67.3900 57.9303 10.1070
v -66.5866 57.9303 10.1070
v -62.4281 57.2790 11.4262
v -61.7706 57.2790 11.4262
v -47.2609 56.8452 11.4727
v -45.9623 57.5187 11.4671
v -43.2389 57.2790 11.4051
v -40.7389 57.2790 10.9673
v -38.2471 57.3695 9.9694
v -35.7389 58.2126 9.6286
v -34.1662 58.3729 9.5787
v -29.9508 58.2644 9.8068
v -28.2389 58.2200 9.9261
v -26.7957 58.3816 9.7288
v -77.2361 58.8569 11.5154
v -75.7877 59.9409 10.8988
v -74.4822 61.0249 11.9489
v -67.3900 58.9317 10.1070
v -66.5866 58.9317 10.1070
v -62.0398 58.6356 11.8753
v -60.7314 59.8095 10.6881
v -59.3381 60.9835 9.5010
v -54.9219 60.8641 9.6571
v -54.2561 60.8641 9.6571
v -49.9100 60.5256 11.7824
v -48.2389 60.0356 11.6050
v -45.9623 59.5363 11.4193
v -43.2389 59.7790 11.2665
v -40.7389 59.7790 11.0368
v -38.3072 59.6277 9.9767
v -35.6920 59.6277 9.7129
v -33.2953 59.8169 9.8319
v -30.7661 59.8169 10.0050
v -28.1790 59.8100 10.9872
v -26.2633 59.8100 10.6178
v -74.8703 62.2790 10.1070
v -74.2183 62.2790 11.3570
v -67.5017 63.3430 11.8142
v -65.5398 63.3960 10.8147
v -64.4296 63.4489 9.8151
v -59.5264 61.1427 9.5010
v -59.3381 61.1427 9.5010
v -54.9219 61.2529 9.6571
v -54.2561 61.2529 9.6571
v -49.9110 62.2790 11.6392
v -48.1188 62.5018 11.5259
v -45.7389 61.9697 11.3815
v -43.1245 62.3088 11.2685
v -40.7389 62.2790 10.8725
v -38.7586 62.2790 10.1259
v -34.8273 61.6812 9.6509
v -33.5801 62.3402 10.5380
v -30.7389 61.7154 11.1267
v -28.3907 62.3653 10.9912
v -26.2268 61.6587 10.7012
v -74.5030 63.5449 9.4946
v -73.2764 63.9260 10.4772
v -71.1363 65.2633 10.7012
v -67.5017 63.7276 11.8142
v -65.5398 63.6823 10.8147
v -64.4296 63.6370 9.8151
v -57.0500 66.0166 11.9345
v -56.9301 66.0166 11.9345
v -52.1459 65.7435 9.7637
v -50.5798 64.7694 10.7339
v -48.2040 64.5286 11.4247
v -46.5476 65.2618 11.1453
v -42.5181 64.7790 11.2605
v -40.8374 64.8572 10.3070
v -38.8180 64.0760 10.1317
v -33.0653 64.8945 10.7728
v -30.8590 65.1191 10.7728
v -29.2045 63.8098 10.7012
v -72.6297 68.0083 11.4781
v -70.8246 67.2166 10.6674
v -57.0500 66.0470 11.9345
v -56.9301 66.0470 11.9345
v -52.5395 67.2435 10.6387
v -50.7129 66.5220 10.6387
v -48.3171 66.3210 10.4677
v -46.2928 67.0425 10.4677
v -42.4685 66.4965 11.3998
v -40.7907 67.2997 10.7080
v -39.1457 68.1029 10.0164
v -32.2672 66.1470 11.6538
v -31.7724 66.1470 11.6538
v -72.7005 69.7790 11.2288
v -70.5066 69.5498 10.2363
v -68.2389 70.2314 10.4583
v -66.3458 70.7643 10.1890
v -59.9373 70.8635 11.8503
v -58.0649 70.8670 10.8907
v -55.9801 70.8493 10.6315
v -53.7869 69.9120 10.6315
v -47.0243 70.9336 9.4848
v -46.1667 69.9718 10.4714
v -39.8192 69.7790 11.6902
v -38.6939 69.7790 10.4402
v -72.2968 71.3304 11.4611
v -70.7389 71.3562 11.4124
v -68.2389 71.1862 11.7083
v -65.8349 72.0739 10.8939
v -62.2427 72.9739 11.7780
v -60.7579 72.1960 11.2923
v -58.9539 72.2790 10.0075
v -55.1930 72.2790 11.4985
v -54.1681 72.2790 11.4985
v -47.0243 72.2790 9.4853
v -45.5981 72.2447 10.8031
v -43.7207 73.0551 11.6589
v -40.0920 72.2790 11.7428
v -38.0588 72.2420 10.4070
v -36.8967 73.0506 9.6555
v -64.7787 74.1427 10.7012
v -63.1412 74.2293 10.8473
v -60.7389 73.7956 9.9532
v -59.4822 73.5355 9.4605
v -54.6091 73.6578 11.8804
v -54.3252 73.6578 11.8804
v -47.0007 73.5403 9.4630
v -45.7389 73.8691 9.8659
v -43.0280 73.9879 10.7758
v -40.7070 74.5237 10.6102
v -38.4633 74.6946 9.9646
v -36.8967 73.8050 9.6555
v -39.5386 76.0394 9.4674
v -39.4462 76.0394 9.4674
v 44.9704 -79.5395 12.2163
v 45.9851 -79.5395 12.2163
v 37.6691 -76.8828 12.4327
v 39.2611 -77.0231 12.5870
v 41.7611 -77.0297 12.3441
v 44.1867 -77.7234 12.4340
v 46.3787 -77.7210 12.4365
v 25.4558 -74.0039 12.1142
v 26.7458 -74.2090 13.0490
v 29.2611 -74.4743 13.2012
v 31.7611 -74.4001 13.2012
v 34.1066 -74.2289 13.1504
v 36.8059 -75.0699 12.6833
v 39.3913 -75.1022 12.7038
v 41.7611 -75.7310 12.3441
v 44.1999 -75.2478 12.4951
v 46.9208 -75.0474 12.4147
v 48.0258 -74.0983 11.9748
v 22.7053 -71.9320 13.2012
v 24.4779 -73.2500 13.0490
v 25.9022 -73.8212 13.7809
v 32.6958 -72.0227 14.2953
v 33.9887 -72.8783 14.1226
v 36.8742 -72.8288 13.7044
v 38.8360 -72.7210 12.6436
v 42.5620 -71.9588 12.3270
v 44.1999 -72.7637 12.5603
v 46.9441 -72.8170 12.3490
v 48.0258 -73.7144 11.9748
v 22.7053 -70.3956 13.2012
v 23.2080 -69.1456 13.2012
v 27.9004 -69.1580 12.0772
v 29.2611 -69.2048 12.1555
v 32.1617 -70.0205 13.1154
v 33.1987 -70.1331 13.2362
v 37.4696 -70.2210 13.9164
v 39.2907 -70.0565 12.5748
v 41.7417 -70.0565 12.7255
v 44.4388 -70.1409 12.8376
v 46.2327 -70.9209 12.2237
v 23.3943 -67.7210 13.2012
v 27.8431 -67.7210 12.1962
v 29.2434 -67.7237 12.2350
v 31.7611 -68.5235 12.2304
v 33.2570 -68.7866 12.1772
v 37.7437 -67.4001 13.1691
v 38.7211 -67.1678 13.1347
v 41.6683 -67.9647 13.8808
v 44.0234 -67.9647 13.4486
v 23.9133 -65.2210 13.2012
v 27.8978 -66.3090 12.1519
v 28.3983 -66.3090 12.1519
v 37.9701 -66.4180 12.2831
v 38.9577 -66.3142 13.2678
v 41.6636 -65.3201 14.0226
v 43.6598 -65.2462 13.0562
v 22.5883 -62.1574 13.8773
v 24.3217 -62.8438 13.0465
v 26.9088 -61.9332 13.3161
v 28.0359 -62.0029 14.4164
v 42.2408 -62.8117 13.0562
v 44.3754 -62.4723 12.7405
v 46.6291 -61.5986 13.3445
v 48.2311 -61.5818 12.6066
v 52.4863 -61.9318 13.2012
v 54.3163 -61.8645 13.3718
v 55.5602 -61.5125 14.3188
v 22.5883 -60.9868 13.8773
v 24.2611 -60.5843 13.5942
v 26.9088 -60.9488 13.3161
v 28.9172 -60.2659 13.3144
v 30.9265 -59.4070 12.2123
v 42.3911 -60.9515 13.2012
v 44.0685 -60.9515 13.2012
v 47.3745 -61.3356 14.2733
v 48.7623 -60.3898 13.3445
v 51.7810 -60.2210 13.2012
v 54.9532 -60.2210 12.6100
v 55.8010 -60.2210 13.8600
v 27.9968 -56.6064 14.4079
v 29.0836 -57.5522 13.5928
v 31.9521 -57.6212 12.9242
v 33.5790 -56.9463 13.2012
v 48.0039 -56.4920 14.4425
v 49.1717 -57.6446 13.7332
v 51.0557 -58.5091 13.2012
v 54.8680 -57.6490 13.0577
v 55.8485 -58.4344 13.7953
v 59.9030 -56.5617 12.0465
v 61.7611 -56.6273 12.0940
v 63.7848 -56.5886 12.0463
v 27.9968 -56.3645 14.4079
v 29.0787 -55.4071 13.5169
v 31.8820 -55.2210 12.8609
v 34.1788 -55.1718 13.6412
v 36.0937 -54.2728 14.2278
v 48.0039 -56.4476 14.4425
v 48.0205 -56.4476 14.4425
v 55.0215 -56.2320 13.2012
v 56.7611 -55.9048 13.2012
v 59.1349 -55.4195 12.9141
v 61.7611 -55.2210 12.2431
v 63.7597 -55.2210 12.0489
v 29.7904 -53.2924 13.7525
v 31.0491 -52.5638 13.0320
v 34.9784 -53.8628 14.2278
v 36.0937 -53.8628 14.2278
v 47.9019 -52.0372 12.1773
v 48.0915 -52.0372 12.1773
v 57.7212 -51.6894 14.0631
v 59.2245 -52.6020 13.3422
v 61.6427 -52.8338 12.0962
v 64.3191 -52.6597 11.9757
v 65.5626 -51.5771 11.9651
v 32.2272 -50.5346 13.2012
v 33.2713 -49.2846 13.2012
v 47.9128 -50.2210 12.1230
v 48.0745 -50.2210 12.1230
v 57.8002 -50.2232 13.1407
v 58.8140 -50.3379 12.9891
v 60.7304 -51.3228 11.9940
v 65.4026 -51.4141 11.9651
v 65.5626 -51.4141 11.9651
v 82.6205 -49.1214 12.0636
v 83.1534 -49.1214 12.0636
v 34.0946 -47.7210 13.2012
v 47.9893 -48.9640 11.9541
v 48.0153 -48.9640 11.9541
v 55.4200 -46.5518 12.0586
v 56.7765 -47.6372 12.1385
v 58.4287 -47.8219 13.1115
v 65.0920 -46.7491 12.0749
v 65.8425 -46.7491 12.0749
v 75.4300 -46.5602 12.1235
v 76.8808 -46.7616 13.0546
v 78.5658 -46.7674 13.2012
v 82.6205 -48.6490 12.0636
v 83.1534 -48.6490 12.0636
v 34.8851 -45.4169 13.1285
v 36.7611 -44.6845 12.6763
v 38.3584 -44.1792 12.6225
v 45.4500 -44.1239 12.0059
v 46.6280 -44.4057 13.0525
v 49.4936 -44.4622 13.2399
v 50.6140 -44.0476 13.2012
v 55.4200 -46.3484 12.0586
v 55.6739 -46.3484 12.0586
v 59.6280 -45.7314 13.2012
v 61.6968 -44.4150 12.9585
v 64.2596 -45.0067 12.2566
v 66.0766 -45.2210 12.3239
v 75.3582 -45.1002 13.0546
v 76.1273 -45.8531 13.7902
v 79.0220 -45.2210 13.2012
v 35.0416 -42.5394 13.1285
v 36.7611 -43.1472 12.6763
v 38.3584 -43.5920 12.6225
v 45.4500 -43.7899 12.0059
v 46.6280 -43.7412 13.0525
v 49.4936 -43.5215 13.2399
v 50.6140 -43.6180 13.2012
v 59.6301 -42.2658 13.2012
v 61.6968 -43.5898 12.9585
v 64.1801 -42.9540 12.4240
v 66.2908 -42.7210 12.5331
v 75.3807 -43.7798 13.2012
v 76.7611 -43.4123 13.2012
v 78.4673 -43.6035 13.2012
v 35.2800 -41.0816 13.2012
v 35.9949 -39.8316 13.2012
v 40.4957 -39.0207 11.9866
v 40.5532 -39.0207 11.9866
v 50.3376 -39.1920 13.8899
v 50.8060 -39.1920 13.8899
v 57.2057 -39.9995 13.2012
v 58.3801 -41.2495 13.2012
v 64.8080 -40.2210 12.8496
v 66.6644 -40.4732 13.3835
v 69.3826 -39.8585 13.2410
v 70.6224 -39.1125 14.1009
v 37.2449 -38.2695 13.2012
v 39.4775 -37.6700 13.0641
v 41.5364 -37.5080 12.6241
v 43.0462 -36.5327 12.5136
v 47.6917 -36.9230 12.2094
v 49.7225 -37.8657 13.1878
v 51.5274 -37.6999 13.5614
v 53.6018 -36.8270 13.2012
v 56.4422 -37.7210 13.2012
v 65.1683 -37.7210 12.9221
v 65.6069 -37.7210 14.1721
v 70.2138 -37.7210 12.4340
v 70.7289 -37.7210 13.6840
v 40.1650 -35.2210 14.1357
v 41.7611 -35.2210 13.4463
v 44.0322 -35.1720 12.8639
v 46.7295 -35.0042 13.3005
v 49.0759 -35.0099 13.8330
v 51.9602 -35.4501 13.9736
v 54.4016 -35.3622 13.5909
v 55.9976 -35.8068 13.2012
v 65.4397 -36.4123 12.4505
v 66.5740 -36.1891 13.2508
v 69.4017 -36.1195 13.0476
v 70.6902 -36.2963 13.7786
v 40.4347 -33.8606 14.3401
v 41.8796 -32.9048 13.6903
v 44.2611 -32.7210 13.5221
v 45.7083 -32.7210 14.3899
v 49.7858 -33.6489 14.1407
v 51.7611 -33.4410 13.9627
v 53.8014 -33.5863 14.1104
v 42.7919 -31.3010 13.9423
v 44.2611 -31.3383 14.0530
v 45.5177 -31.4641 14.4292
v -64.6456 28.4580 12.0238
v -64.3002 28.4580 12.0238
v -64.9055 29.7790 12.1362
v -63.3757 29.9108 12.1458
v -61.9163 30.8319 12.0288
v -77.0818 33.4893 14.4010
v -76.9103 33.4893 14.4010
v -72.1593 33.2519 12.1666
v -70.7389 32.7673 12.5650
v -68.8102 32.7905 12.5542
v -65.2352 32.2790 12.3338
v -63.2389 32.2790 12.5898
v -61.7715 32.2790 12.2072
v -84.5527 35.9916 13.2012
v -83.2389 35.3046 13.2012
v -80.7389 34.6799 13.2012
v -77.6767 34.7461 13.7681
v -76.5649 34.7599 13.5404
v -72.7129 34.7790 12.6074
v -70.6078 34.8911 12.8379
v -68.8102 34.1326 12.5542
v -65.2453 34.7790 12.4724
v -63.2389 34.7790 13.0018
v -61.5568 34.7790 12.4806
v -87.0180 38.4620 14.2218
v -85.9844 37.4888 13.3136
v -77.1227 37.2790 14.3148
v -75.6348 37.4664 13.3588
v -73.5752 37.2073 13.1807
v -70.8140 37.5639 13.1303
v -68.2389 38.1564 12.3570
v -65.7362 37.2906 12.7440
v -63.0813 37.4289 12.7039
v -61.6301 36.6954 12.3933
v -87.0180 38.5914 14.2218
v -85.8664 39.7810 13.4457
v -83.3337 40.6819 13.2584
v -80.7389 40.4682 12.2419
v -78.1753 39.7659 13.2418
v -75.7938 38.6965 13.2291
v -74.3665 38.7782 12.0841
v -70.5488 39.7790 13.2579
v -68.2389 39.7790 12.9468
v -65.7389 39.7790 13.3607
v -63.9303 39.7790 12.4218
v -85.3508 42.0797 13.3822
v -83.3337 41.4130 13.2584
v -80.4619 42.5743 12.9784
v -79.0968 42.4733 13.0462
v -70.1166 41.7208 13.6615
v -68.2389 41.8356 13.7911
v -65.5832 42.2402 13.2431
v -64.4234 41.4010 12.1253
v -85.9228 44.7790 13.2012
v -82.1100 45.9529 14.3820
v -80.6580 44.6017 13.7073
v -78.2664 44.5164 12.7960
v -76.9096 45.7539 12.2558
v -67.2816 45.5235 13.2012
v -66.1304 44.2735 13.2012
v -87.0703 47.7564 14.3020
v -85.7337 46.9029 13.3287
v -82.9425 46.9592 13.3687
v -81.9376 46.2024 14.3820
v -77.0589 46.1434 12.2558
v -76.9096 46.1434 12.2558
v -72.0531 48.3762 14.3837
v -71.8803 48.3762 14.3837
v -67.6983 47.2790 13.2012
v -65.1978 48.1825 13.2012
v -63.2389 47.6375 13.2012
v -61.2939 47.9840 13.2012
v -57.4868 47.9767 13.2012
v -55.7389 47.6032 13.2012
v -54.0738 48.1555 13.2012
v -87.0703 48.6199 14.3020
v -85.7389 48.8761 14.0175
v -83.0605 48.9415 13.1938
v -80.8177 49.7570 13.1236
v -78.2389 50.4092 12.2286
v -76.9081 50.9716 12.0339
v -72.0531 48.8105 14.3837
v -71.8803 48.8105 14.3837
v -67.4056 48.8070 13.2012
v -66.4478 48.8070 13.2012
v -60.5330 49.7790 13.2012
v -58.0922 49.7790 13.2012
v -55.2767 50.4298 12.2777
v -53.9833 49.6695 13.1471
v -80.2834 52.4302 13.1236
v -78.3861 52.4302 12.5196
v -75.9404 52.3997 12.4875
v -74.3981 53.3135 12.1849
v -59.9780 51.3349 13.2012
v -58.8443 51.3349 13.2012
v -55.2767 51.2647 12.2777
v -53.1179 52.3448 13.0594
v -51.0970 53.2791 13.0744
v -48.2389 53.2225 12.2242
v -45.7389 53.2627 12.1021
v -44.2558 53.1868 12.1451
v -80.1429 54.6346 13.1939
v -78.1977 54.8238 12.4422
v -75.7389 54.1735 12.5596
v -74.3981 53.6413 12.1849
v -62.5236 55.6430 12.2288
v -61.7503 55.6430 12.2288
v -52.0361 53.7146 12.1744
v -50.9850 54.3229 13.1339
v -48.1521 54.5465 12.4775
v -45.7389 53.9083 12.1021
v -44.2558 54.0056 12.1451
v -79.8029 56.3725 14.0224
v -78.1979 57.2351 13.1939
v -64.9266 58.1861 14.0535
v -63.0028 57.6678 13.0823
v -61.7706 57.2790 12.3539
v -52.3174 58.2709 14.0328
v -50.6537 57.3742 13.5602
v -48.1521 57.5187 12.3135
v -46.9446 58.5118 11.9550
v -77.1835 58.7841 13.2012
v -75.6827 60.2307 12.9541
v -74.4822 61.0249 11.9560
v -64.8399 59.7790 14.1103
v -63.1140 59.2890 13.2962
v -61.9364 58.6356 12.2106
v -57.3951 60.9233 14.2605
v -56.8525 60.9233 14.2605
v -52.3174 58.7703 14.0328
v -50.6867 59.6479 13.0354
v -48.2389 58.7856 12.0192
v -46.9446 58.5412 11.9550
v -27.3057 60.6640 12.1379
v -26.6564 60.6640 12.1379
v -74.9318 62.2790 13.4844
v -74.2183 62.2790 12.2344
v -67.5017 63.3430 12.1537
v -65.5132 62.2079 13.2740
v -63.2636 62.2608 14.3708
v -61.7366 63.4489 14.3473
v -57.3951 61.2070 14.2605
v -56.8525 61.2070 14.2605
v -50.0113 62.3276 13.0364
v -48.1782 63.3385 12.8750
v -45.7389 63.2197 12.2460
v -43.8817 63.1620 12.3053
v -32.6897 63.0392 13.2012
v -30.7389 62.8465 13.2012
v -28.4572 62.4732 12.7455
v -26.6564 61.3224 12.1379
v -74.8467 64.7790 13.9077
v -73.2764 64.7926 12.8933
v -71.4147 65.6350 12.5793
v -67.5017 63.7276 12.1537
v -66.5071 63.7276 12.1537
v -62.1943 64.7790 14.0459
v -61.1951 64.7790 14.0459
v -57.0500 66.0166 11.9788
v -56.9301 66.0166 11.9788
v -49.6307 63.7954 12.0932
v -48.2696 64.2787 12.6441
v -45.7241 64.5687 12.3056
v -43.7681 64.7790 12.3649
v -33.1785 64.7790 13.2012
v -30.4057 64.9884 13.2012
v -29.3208 63.7384 13.2012
v -74.6986 66.5729 14.1871
v -73.3540 67.2906 13.3832
v -71.4147 66.3416 12.5793
v -62.1740 66.2838 14.0147
v -61.1827 66.2838 14.0147
v -57.0500 66.0470 11.9788
v -56.9301 66.0470 11.9788
v -52.4054 67.9534 13.2012
v -50.7389 67.3060 13.2012
v -49.0162 66.6316 13.2012
v -45.0694 67.2790 12.3860
v -43.1448 67.4588 13.0744
v -41.3193 68.1736 13.2012
v -32.4777 66.2379 13.2012
v -31.6557 66.2379 13.2012
v -72.8117 69.7377 13.2785
v -71.6274 70.5435 14.1634
v -59.9373 70.8635 12.2416
v -58.1966 70.7260 13.1254
v -56.9044 70.7743 13.2012
v -52.6637 69.9257 13.4101
v -51.9572 70.8568 14.3827
v -44.9118 69.7790 12.6248
v -43.8414 69.7790 13.8748
v -40.0038 69.6266 12.9971
v -38.9934 70.3583 13.6943
v -72.2968 71.3304 12.4967
v -70.6198 72.0805 13.4122
v -68.2389 72.4362 12.8420
v -66.4822 72.7704 12.4290
v -62.2427 72.9739 12.1289
v -60.7579 72.1960 12.5532
v -58.1966 72.3121 13.8895
v -56.4934 72.3121 13.3941
v -52.7354 72.4900 13.4101
v -51.9572 71.7973 14.3827
v -44.6708 71.3885 12.4672
v -43.4922 72.2447 13.2608
v -40.0920 72.2790 12.4867
v -39.0679 72.2790 13.7367
v -69.6122 73.7593 14.3277
v -68.2891 74.6672 13.8252
v -65.6849 74.9878 12.4296
v -63.1694 74.9567 12.8987
v -60.5752 74.7835 13.8262
v -58.2389 74.7790 13.9762
v -55.6006 74.7371 13.4943
v -53.7450 74.0911 13.2012
v -42.1397 73.6004 13.2012
v -40.9208 73.6096 13.3338
v -39.4230 73.5681 14.2555
v -67.4892 76.5850 13.8868
v -65.7389 77.0147 13.4409
v -64.0961 76.7874 13.6685
v -59.6328 76.1025 14.3632
v -58.2389 76.1992 14.2711
v -56.5922 76.1825 14.2992
v 28.0002 -76.4748 16.9449
v 28.0314 -76.4748 16.9449
v 32.8574 -76.5561 16.7759
v 33.1464 -76.5561 16.7759
v 25.4912 -73.9808 16.9234
v 26.9512 -74.8857 16.1008
v 29.0233 -75.6279 15.9474
v 31.9189 -75.6621 15.8460
v 33.9917 -75.1965 15.7465
v 35.9457 -74.5453 16.3838
v 22.4225 -72.2058 15.7012
v 24.4992 -73.4690 15.9345
v 25.9022 -73.8212 15.2567
v 32.6958 -72.0227 14.6954
v 33.9887 -72.8783 14.7063
v 36.4120 -72.8288 15.6108
v 22.5373 -69.9893 15.8164
v 23.1825 -69.0014 15.0599
v 32.6958 -71.1803 14.6954
v 33.1405 -71.1803 14.6954
v 36.6402 -70.2210 15.7012
v 22.9255 -67.7210 16.4267
v 23.2622 -67.7210 15.1767
v 32.9074 -66.5077 16.8529
v 33.0755 -66.5077 16.8529
v 36.9911 -67.5412 15.5117
v 38.1923 -66.5881 14.5520
v 42.4398 -67.2939 14.6944
v 43.4340 -67.2939 14.6944
v 22.9010 -65.2210 16.4251
v 23.6638 -65.2210 15.1751
v 32.9074 -66.4041 16.8529
v 33.0755 -66.4041 16.8529
v 37.5392 -66.1920 16.2186
v 39.1198 -65.8812 15.5117
v 41.6154 -65.2944 15.2697
v 43.4340 -66.0964 14.6944
v 22.7007 -62.8828 15.8151
v 23.7181 -63.8240 15.0577
v 27.9851 -62.0029 14.5175
v 28.0359 -62.0029 14.5175
v 40.1686 -61.7311 16.6706
v 41.1348 -62.6270 15.7829
v 45.4848 -61.4834 14.4695
v 45.7078 -61.4834 14.4695
v 52.7226 -61.7231 14.6683
v 54.2611 -61.6912 14.6552
v 55.5602 -61.5125 14.5061
v 22.6513 -61.0505 15.7012
v 24.2611 -60.2793 15.7012
v 26.9955 -60.3960 15.4910
v 28.1215 -60.0129 15.4910
v 37.6961 -59.3909 16.1379
v 39.3056 -60.2229 16.1524
v 41.7461 -60.2256 15.4001
v 44.4953 -60.2256 14.9191
v 46.6291 -60.3898 14.8212
v 48.6259 -59.6690 14.7211
v 52.2367 -60.2210 15.0807
v 54.2611 -60.2210 15.4012
v 55.8010 -60.2210 14.7717
v 27.9968 -56.6064 14.4777
v 28.5251 -57.5522 15.4671
v 32.9777 -56.5267 14.4975
v 33.1342 -56.5267 14.4975
v 37.6961 -58.1813 16.1379
v 39.0371 -57.4972 16.1598
v 41.7611 -57.7210 15.8411
v 44.2611 -57.7210 15.7916
v 47.0068 -57.4836 15.2702
v 49.3205 -57.5132 15.2812
v 51.5647 -58.0851 15.8245
v 54.1678 -57.5924 15.7819
v 55.8485 -58.4344 14.8236
v 27.9968 -56.3645 14.4777
v 29.2495 -55.3803 15.6629
v 31.8799 -55.2874 15.6727
v 34.0563 -55.2257 14.6470
v 36.0937 -54.2728 14.7965
v 39.7210 -55.6918 16.6830
v 41.7611 -55.4539 16.3195
v 44.2611 -55.9727 16.4705
v 47.0068 -56.2334 15.9111
v 48.5914 -56.2397 15.7012
v 54.5774 -55.3374 15.7798
v 56.7611 -54.7887 15.1739
v 58.3668 -54.4507 14.8673
v 29.8107 -52.7280 15.7524
v 30.7891 -52.7280 15.7524
v 34.9784 -53.8628 14.7965
v 36.0937 -53.8628 14.7965
v 40.4643 -52.0966 16.1884
v 40.8382 -52.0966 16.1884
v 54.7416 -52.7210 16.3956
v 56.8372 -52.6020 15.2563
v 58.3668 -53.3560 14.8673
v 29.8774 -50.2210 16.4060
v 31.6821 -50.1681 15.2207
v 33.2413 -49.2995 14.7940
v 40.4643 -51.3393 16.1884
v 40.8382 -51.3393 16.1884
v 55.0919 -50.2210 16.5668
v 56.8372 -50.2769 15.5229
v 58.2179 -49.4809 15.0833
v 30.3463 -48.8598 16.8520
v 31.7611 -48.6312 16.5089
v 33.7734 -47.7659 15.6569
v 37.4881 -46.5770 16.7915
v 38.1948 -46.5770 16.7915
v 42.7906 -46.7769 16.4634
v 43.5757 -46.7769 16.4634
v 55.4420 -48.8999 16.8938
v 56.7611 -48.7015 16.7572
v 58.2740 -47.7980 15.8305
v 77.7940 -46.5937 14.5533
v 78.2688 -46.5937 14.5533
v 34.2254 -45.2210 15.7012
v 37.4881 -46.1723 16.7915
v 38.1948 -46.1723 16.7915
v 42.7949 -45.2210 16.5578
v 44.3499 -45.0932 16.6169
v 46.6177 -44.4310 15.8719
v 49.2611 -44.5674 14.8285
v 50.6058 -44.0497 14.5804
v 57.7218 -44.5535 16.5761
v 58.9601 -45.4295 15.6709
v 60.8206 -44.6389 14.7658
v 75.4046 -44.1864 14.5605
v 76.8808 -45.1002 14.6460
v 78.3467 -45.2210 14.6128
v 34.3823 -42.7210 15.7012
v 42.9434 -43.8991 16.9144
v 44.2611 -43.6975 16.8992
v 46.6177 -43.6854 15.8719
v 49.2611 -43.7160 14.8285
v 50.6058 -43.9095 14.5804
v 57.2389 -42.7210 16.1876
v 59.2849 -42.6150 15.0291
v 60.8206 -43.3777 14.7658
v 75.4046 -43.8151 14.5605
v 76.7611 -43.7327 14.6182
v 78.2009 -43.8092 14.5646
v 35.1983 -41.0319 15.7012
v 36.1848 -39.7819 15.7012
v 49.9349 -39.3290 15.7012
v 51.6880 -39.7032 15.6558
v 54.2611 -39.8209 16.5088
v 56.6373 -40.2750 15.7476
v 58.4674 -41.1887 14.6415
v 67.2007 -39.6965 15.1679
v 69.2611 -39.6212 15.1029
v 70.6224 -39.1125 14.6035
v 37.4257 -37.7946 15.7801
v 38.4593 -37.0104 14.9993
v 49.9349 -38.3354 15.7012
v 52.0232 -37.5548 15.3116
v 53.8600 -37.6727 15.8230
v 56.3818 -37.8872 15.8927
v 66.8569 -37.7210 15.1985
v 69.2611 -37.7210 15.4949
v 70.7289 -37.7210 14.7476
v 37.8038 -36.3001 16.6660
v 39.4470 -35.1640 15.8435
v 40.6395 -34.0280 16.6877
v 45.0447 -34.4631 16.1872
v 46.6649 -34.5944 15.4928
v 48.3792 -34.3811 15.7012
v 52.9362 -36.4327 15.7012
v 54.1916 -35.2656 15.7012
v 56.2299 -35.3486 15.7012
v 67.2826 -36.2413 14.7309
v 69.2611 -36.1677 14.8432
v 70.6902 -36.2963 14.6941
v 40.4347 -33.8606 15.0211
v 41.7157 -32.8753 15.7681
v 44.2313 -32.7223 15.7387
v 45.7083 -32.7210 14.5126
v 49.6292 -33.5434 15.7012
v 51.7611 -33.0340 15.7012
v 54.0987 -33.4616 15.7012
v 42.7919 -31.3010 14.8485
v 44.2611 -31.3383 14.7585
v 45.5177 -31.4641 14.4637
v -82.3381 33.2829 16.5831
v -80.7389 33.2421 16.4883
v -78.0446 33.1429 15.8017
v -75.9417 33.1730 15.8740
v -74.4012 33.4426 16.8225
v -84.9047 35.8645 15.7012
v -83.1984 34.6577 15.7303
v -80.7389 34.0559 15.2383
v -77.9060 34.6541 14.7870
v -75.9417 34.7179 14.9325
v -73.8496 34.7790 16.2373
v -87.2552 37.9581 15.7012
v -86.1547 36.7081 15.7012
v -77.1864 37.4517 15.5037
v -76.0727 37.2248 15.3333
v -72.9268 37.2073 15.3997
v -71.9410 38.3650 14.6714
v -87.2552 38.8960 15.7012
v -85.5328 40.2875 15.7454
v -84.3993 40.9706 14.9415
v -77.1798 38.6942 15.7012
v -75.9150 39.6400 16.1296
v -73.0732 39.9522 16.1120
v -71.7988 39.7790 14.8399
v -85.2007 42.0797 15.7454
v -84.3993 41.1135 14.9415
v -79.5856 43.4362 14.5700
v -78.0717 43.4759 15.7162
v -75.7917 42.4817 16.7816
v -73.1593 42.2804 16.3522
v -70.7236 42.6181 15.7439
v -68.4765 43.1661 15.5249
v -66.5586 43.0794 14.5740
v -86.4667 44.7790 15.7012
v -82.1100 45.9529 14.5360
v -80.7617 44.7738 14.5530
v -78.0717 43.5711 15.7162
v -75.7197 44.7644 16.8813
v -73.3761 44.7926 16.8194
v -71.3307 43.6038 16.7385
v -67.8633 44.6555 15.5249
v -66.5586 43.7398 14.5740
v -87.0703 47.7564 14.6226
v -86.4896 47.0655 15.5540
v -82.1100 46.2024 14.5360
v -81.9376 46.2024 14.5360
v -74.5050 46.0617 16.9002
v -73.2662 47.2190 15.7676
v -70.9280 48.3372 15.6156
v -68.5528 47.3905 15.7381
v -64.8309 48.4076 14.6048
v -63.2389 48.1891 14.9286
v -61.6200 48.1972 14.9342
v -57.2215 48.2124 14.6501
v -55.7389 47.9927 14.8915
v -54.0051 48.1306 14.8394
v -87.0703 48.6199 14.6226
v -85.5753 48.8557 15.5540
v -83.2389 49.0858 15.7012
v -81.2881 49.9957 15.7012
v -72.1640 49.7971 15.6143
v -71.1932 49.4801 15.6447
v -68.1660 49.6474 15.3848
v -65.6941 49.6474 15.1871
v -63.2389 49.7790 15.3604
v -61.3097 49.7790 14.9652
v -57.7194 49.7790 15.1305
v -55.7389 49.7790 15.6449
v -53.9091 49.7790 14.9656
v -80.3201 52.3172 15.8948
v -79.3304 53.1761 16.8571
v -72.2425 52.2790 16.5768
v -70.7389 52.2790 16.2249
v -68.2389 52.2790 16.2184
v -65.7389 52.2790 16.1848
v -63.4368 52.3424 16.2641
v -60.6669 51.9555 15.5726
v -58.4338 51.7711 15.8753
v -55.7769 52.1580 16.0857
v -53.3153 52.4666 14.7024
v -51.9115 53.4250 14.5193
v -80.2142 54.7790 15.4746
v -78.3938 55.0262 16.7656
v -76.9853 56.0242 16.9439
v -72.0410 53.6084 16.8097
v -70.7389 53.6162 16.8343
v -68.2389 53.8253 16.6601
v -65.7389 53.8858 16.6302
v -64.4021 53.6466 16.8971
v -54.8922 54.7790 16.3256
v -53.2389 54.7790 15.5049
v -51.5119 54.7790 14.8805
v -79.8763 57.1082 15.7977
v -78.4227 56.9559 15.9594
v -76.9853 56.0334 16.9439
v -67.1969 58.4130 16.7728
v -65.7515 58.0215 15.8442
v -63.8352 57.9816 15.7012
v -54.9244 57.2790 16.5993
v -53.1860 57.3742 15.4723
v -51.4303 56.6043 14.9555
v -79.9497 59.1517 16.5189
v -77.9020 59.6798 15.8713
v -76.4787 60.2080 15.2237
v -67.1969 58.7188 16.7728
v -65.5563 59.6494 15.6725
v -63.9424 59.7596 15.5238
v -57.3951 60.9233 14.5392
v -55.7559 60.2694 15.6925
v -53.3332 59.7513 15.8553
v -51.3221 60.3624 15.7012
v -77.1363 61.0725 16.8904
v -75.9369 62.0551 15.9147
v -72.2582 63.4306 16.7898
v -71.7976 63.4306 16.7898
v -64.8736 62.2044 15.7244
v -63.5879 62.6192 15.3959
v -61.7366 63.4489 14.7388
v -57.3951 61.2070 14.5392
v -55.7056 61.1523 15.6904
v -54.3491 61.0977 16.8415
v -50.3831 62.3276 15.5998
v -49.1511 63.1934 14.6989
v -32.1696 63.4057 14.5297
v -30.7389 63.4101 14.5257
v -29.4673 63.4937 14.4720
v -75.1562 64.7790 15.7012
v -72.2582 63.9509 16.7898
v -71.7976 63.9509 16.7898
v -67.0090 65.6228 16.9395
v -65.9324 64.7853 16.8804
v -63.2116 64.7790 15.9189
v -61.1951 64.7790 14.9663
v -52.0374 65.7921 16.8466
v -50.9165 64.8868 16.1907
v -48.9776 64.7790 14.8290
v -32.4045 64.7790 14.6240
v -30.8522 64.5533 14.6019
v -29.4673 63.5695 14.4720
v -74.8385 66.8250 15.7012
v -74.0666 68.0750 15.7012
v -67.0090 66.0424 16.9395
v -65.7389 66.0712 16.9187
v -63.2844 66.1779 15.8850
v -61.1827 66.2838 14.8504
v -54.9633 68.3080 16.7279
v -52.9258 67.4393 15.9539
v -50.7389 66.8477 15.1898
v -49.1450 66.5790 14.7073
v -42.1545 68.4210 14.6762
v -41.5733 68.4210 14.6762
v -32.3623 66.1896 14.6031
v -31.7611 66.1896 14.6031
v -72.7690 69.7377 15.6774
v -71.6274 70.5435 14.8281
v -59.7629 70.8860 16.5720
v -58.1966 70.3671 15.7237
v -55.7266 69.8920 16.1412
v -53.3085 70.0964 15.6350
v -51.9572 70.8568 14.5421
v -42.5914 69.7790 15.0265
v -40.7396 69.6266 15.2143
v -38.9934 70.3583 14.9560
v -72.1856 71.4323 16.4948
v -70.9804 72.2710 15.6774
v -59.7629 71.1843 16.5720
v -58.1966 71.6950 15.7237
v -56.2992 71.7451 15.7012
v -52.6177 72.4900 15.5057
v -51.9572 71.7973 14.5421
v -42.5692 72.2790 14.9230
v -40.7389 72.2790 15.3521
v -39.0679 72.2790 14.8804
v -69.7493 73.7988 15.7012
v -68.6431 75.0488 15.7012
v -64.9498 75.5679 16.8940
v -63.2532 75.0322 15.9169
v -60.5752 75.2736 15.8068
v -59.3234 75.9704 16.7105
v -55.2106 75.6251 15.7012
v -53.4144 74.3751 15.7012
v -42.1249 73.5996 14.5381
v -40.7389 73.6113 14.5670
v -39.4230 73.5681 14.5186
v -67.3931 76.4709 15.7012
v -65.7654 76.8376 15.9169
v -64.0961 76.7874 15.2274
v -59.6328 76.1025 15.0438
v -58.3896 76.2416 15.8068
v -56.4606 76.2397 15.7012
v 32.4051 -79.2506 19.0888
v 33.6913 -79.2506 19.0888
v 27.9663 -76.5004 18.2012
v 29.0233 -76.6657 18.3362
v 31.7979 -77.4895 18.3408
v 34.2522 -77.7062 18.1661
v 36.7611 -77.4898 18.8342
v 39.2611 -77.0963 19.1705
v 40.7567 -76.6650 19.3586
v 25.4912 -73.9808 16.9616
v 26.7938 -74.9769 17.9574
v 29.6981 -76.3059 17.5928
v 31.1907 -76.3059 17.5928
v 34.8131 -76.2120 17.2435
v 36.7093 -75.2945 18.2065
v 39.2611 -75.9055 19.1705
v 40.7567 -76.1443 19.3586
v 22.0399 -72.5396 18.2012
v 24.4992 -73.3290 17.9574
v 26.0420 -73.1428 18.6283
v 36.6270 -72.7210 18.2012
v 22.2312 -70.0496 17.9636
v 23.1904 -69.1020 18.6385
v 35.2464 -69.1775 19.3320
v 36.0253 -70.0949 18.3797
v 22.9255 -67.7210 17.1662
v 23.4619 -67.7210 18.4162
v 32.9074 -66.5077 16.9755
v 34.1610 -67.6939 18.1538
v 35.8657 -67.9165 18.3797
v 22.9010 -65.2210 17.2041
v 23.7221 -65.2210 18.4541
v 32.9074 -66.4041 16.9755
v 33.0755 -66.4041 16.9755
v 37.1301 -65.7681 18.2012
v 39.2611 -64.8175 18.2012
v 40.7204 -64.2704 18.2012
v 22.9403 -62.7210 17.0656
v 24.3269 -62.7236 18.2909
v 26.7611 -62.0710 18.7434
v 28.4987 -61.8499 18.9273
v 32.7917 -61.5868 19.3358
v 34.2611 -61.6606 19.1997
v 35.6666 -61.6080 19.2313
v 40.1257 -62.2454 18.2012
v 40.7204 -63.4954 18.2012
v 22.9542 -61.3945 17.0326
v 24.2611 -61.1661 17.3224
v 26.7611 -60.6508 17.4934
v 29.1074 -60.1306 18.1079
v 31.8795 -60.3205 18.7646
v 34.2611 -60.2210 18.5026
v 36.8372 -59.8652 18.4241
v 38.7785 -60.2229 18.3832
v 29.8130 -57.7210 17.3155
v 31.8587 -57.6266 18.4229
v 34.2611 -58.1136 18.7541
v 36.9805 -58.2915 18.3628
v 38.9291 -57.6103 18.2893
v 41.7611 -57.0247 18.9079
v 43.2941 -56.6410 19.2705
v 50.4421 -56.4944 16.9805
v 51.7611 -56.6980 17.0375
v 53.1160 -56.7503 17.0369
v 30.3752 -56.0628 17.0996
v 31.0794 -55.2261 18.0403
v 39.7210 -55.6918 17.2409
v 41.7611 -55.4539 17.6579
v 44.1809 -55.8971 18.3428
v 46.7611 -55.7123 18.2012
v 49.4697 -55.6401 17.9688
v 51.5893 -55.0193 18.2238
v 53.3126 -55.2210 17.2700
v 29.4941 -52.4976 18.2012
v 30.7869 -53.7476 18.2012
v 40.4643 -52.0966 17.2725
v 40.8382 -52.0966 17.2725
v 52.3080 -53.4310 18.9572
v 53.4706 -52.6470 18.1548
v 27.9381 -49.4598 19.3038
v 28.5986 -50.2643 18.3627
v 40.4643 -51.3393 17.2725
v 40.8382 -51.3393 17.2725
v 50.3617 -49.0365 19.2474
v 51.7611 -49.4329 19.0379
v 53.7509 -50.3012 18.2429
v 57.3349 -49.2581 18.7779
v 59.2611 -49.6942 18.5944
v 61.1271 -49.6481 18.9820
v 27.9381 -48.8840 19.3038
v 29.4122 -48.6784 18.3627
v 31.7611 -48.2204 18.2012
v 34.0579 -47.2710 18.2012
v 37.4881 -46.5770 17.1504
v 39.2943 -46.6204 18.2472
v 41.8788 -46.8434 18.3869
v 43.5113 -46.7920 18.2012
v 50.3617 -48.8867 19.2474
v 51.7611 -48.5630 19.0379
v 54.4696 -48.5725 18.2429
v 56.6054 -48.6754 18.0473
v 59.2710 -47.6310 18.0466
v 61.1271 -48.2459 18.9820
v 34.9804 -45.2653 18.3374
v 36.8115 -45.3169 18.2060
v 39.2943 -46.2766 18.2472
v 42.0336 -45.4889 18.1990
v 44.1779 -45.2191 17.8462
v 45.5517 -44.1747 16.9717
v 50.0469 -44.1611 19.1303
v 51.7611 -44.3169 19.0426
v 54.2611 -44.2470 19.2360
v 56.8375 -44.5915 18.4134
v 58.6510 -45.9240 18.2012
v 34.9419 -42.7210 17.6308
v 36.1996 -42.7210 18.8808
v 42.9434 -43.8991 17.0540
v 44.2611 -43.6975 17.0437
v 45.5517 -43.6782 16.9717
v 50.0469 -43.5289 19.1303
v 51.6857 -42.7057 18.7269
v 54.2611 -42.7210 18.2139
v 55.9889 -42.7210 17.6286
v 35.2839 -40.3036 18.1156
v 35.8507 -40.3036 18.1156
v 49.9163 -39.2274 17.2138
v 51.7423 -40.3040 18.0013
v 54.2611 -41.0709 17.1791
v 55.6041 -41.0279 17.0841
v 35.2019 -38.4236 19.0175
v 36.2144 -37.6425 18.1910
v 40.2630 -36.8373 19.1847
v 41.7611 -37.1238 18.8317
v 44.2611 -37.0494 18.6841
v 46.7611 -36.8087 18.7534
v 49.5419 -37.4717 18.2470
v 51.1726 -37.5470 18.2798
v 54.6912 -37.1647 17.2148
v 55.8527 -37.1647 17.2148
v 37.3514 -35.9860 18.2012
v 39.3623 -35.6172 18.2913
v 41.5881 -35.0052 17.5757
v 44.2313 -35.2663 17.4576
v 46.7611 -35.9516 17.5034
v 49.2407 -35.2602 17.7691
v 52.0021 -35.4612 17.7044
v 54.1811 -35.2869 17.2122
v 55.8527 -35.7857 17.2148
v 42.3062 -33.5565 17.1513
v 43.3780 -33.5565 17.1513
v 50.0605 -33.7229 17.2200
v 51.7611 -33.5640 17.3467
v 53.6710 -33.6764 17.2097
v -77.5751 30.5365 18.8502
v -75.7389 30.4904 18.9059
v -73.2389 30.7263 19.2108
v -71.6095 30.8510 19.2568
v -82.3381 33.2829 17.6223
v -80.9173 32.9850 18.3539
v -78.3406 31.8523 18.0906
v -75.7389 31.8638 17.6559
v -73.4363 32.4772 18.1374
v -71.1548 32.2790 19.1535
v -87.0338 35.9939 19.1908
v -85.7895 35.8473 18.2950
v -83.2199 35.0618 18.4658
v -81.6749 34.7790 19.2230
v -72.5996 34.7790 18.0283
v -71.4333 34.7790 19.2783
v -87.4790 37.1125 18.2950
v -86.6565 36.1681 17.5241
v -82.4351 36.1704 19.3092
v -81.6897 36.1704 19.3092
v -77.1396 38.4001 17.0909
v -76.8821 38.4001 17.0909
v -72.2704 37.0479 18.4344
v -71.9807 36.0605 19.4231
v -87.5678 39.1914 18.2012
v -86.1623 40.4414 18.2012
v -77.2114 39.7535 18.1815
v -76.0714 39.8986 17.8740
v -73.5393 39.4314 18.2012
v -85.2112 42.4882 18.4103
v -84.3886 43.4610 19.3831
v -77.1469 42.3966 18.1221
v -76.0910 42.2705 17.8294
v -73.7458 42.7106 18.2012
v -69.6640 43.5154 16.9858
v -69.4682 43.5154 16.9858
v -85.3203 44.8665 18.4103
v -84.3886 44.0914 19.3831
v -77.0105 43.5475 16.9720
v -75.7197 44.7644 16.9685
v -73.3459 44.8006 17.6714
v -70.5940 44.1074 17.9720
v -68.9915 44.7986 17.9720
v -85.0230 47.0524 18.0138
v -83.2389 47.5280 18.2975
v -80.7389 48.0317 18.7614
v -78.2389 48.2153 19.1795
v -75.2101 47.1719 18.0300
v -74.1743 47.0936 17.9190
v -70.2074 48.1323 18.2012
v -68.8826 46.8823 18.2012
v -84.6329 48.6107 17.0555
v -83.2389 48.6122 17.0475
v -80.5994 49.5466 17.4776
v -78.2389 49.7790 18.1127
v -75.7389 49.7790 17.9668
v -73.0423 50.2096 18.1181
v -70.8013 49.8422 18.1892
v -69.1537 50.5673 19.0298
v -79.6731 51.5094 17.0815
v -78.3315 52.3710 17.9067
v -75.7389 51.6897 18.5893
v -72.9730 51.8907 18.1589
v -70.7389 52.2790 17.8339
v -68.2878 52.4117 18.5864
v -66.4286 53.3335 19.2475
v -62.7354 53.2180 17.4967
v -60.7389 53.2159 17.6281
v -58.2389 52.9855 17.4366
v -56.6356 52.9107 17.2415
v -77.9208 55.0262 17.9599
v -76.9853 56.0242 16.9657
v -72.0410 53.6084 17.3017
v -70.7389 53.6162 17.2269
v -68.2389 53.8253 17.4363
v -65.6527 53.8559 18.3290
v -63.4368 53.7225 18.2785
v -60.7389 53.9606 18.8781
v -58.2389 54.4040 18.6866
v -56.2454 54.9653 18.1254
v -80.3081 57.4684 18.2012
v -78.3097 56.1832 17.9599
v -76.9853 56.0334 16.9657
v -69.6771 58.4578 19.3321
v -68.3202 58.4354 18.1847
v -65.7389 58.1518 17.2336
v -64.3371 58.1420 17.2417
v -55.9702 57.2790 18.2012
v -49.6133 58.4589 19.3560
v -49.1790 58.4589 19.3560
v -80.2872 59.9026 18.2291
v -78.8029 60.8183 17.4143
v -69.6771 58.6143 19.3321
v -68.3202 58.6666 18.1847
v -65.7389 58.9596 17.2336
v -64.3371 58.9133 17.2417
v -55.8290 59.7790 18.2012
v -53.0745 60.5211 18.2012
v -50.6193 59.8571 18.4123
v -48.6467 59.7790 19.1429
v -79.7271 61.1389 19.0809
v -78.0773 61.2285 18.2291
v -75.5826 62.4635 18.1763
v -73.1504 63.2059 18.1763
v -71.5879 63.3740 18.2012
v -65.2281 63.3360 17.0773
v -64.2364 63.3360 17.0773
v -54.9334 61.1396 18.2012
v -54.3245 61.1396 18.2012
v -50.2741 62.4137 18.2617
v -48.6759 61.6702 19.1353
v -74.7984 64.7790 17.4964
v -73.1504 64.7822 17.6138
v -71.6031 64.7822 18.1777
v -67.0090 65.6228 16.9744
v -65.9324 64.7853 17.0642
v -64.2290 64.7790 17.0751
v -59.7921 65.6567 19.2830
v -58.2389 65.4389 18.9646
v -55.7389 65.5746 18.9950
v -53.0180 65.5190 18.3746
v -51.3681 64.2851 18.2012
v -74.7454 66.5465 17.3030
v -73.4852 67.2206 18.1491
v -71.8806 66.2281 18.9953
v -67.0090 66.0424 16.9744
v -65.7389 66.0712 16.9979
v -64.3948 66.0719 16.9903
v -59.7165 67.2790 19.3250
v -58.2389 67.2790 18.7361
v -55.7735 67.3964 17.9035
v -53.7041 66.6413 17.6569
v -74.5144 70.8360 19.4220
v -73.9024 69.9132 18.4337
v -59.6261 69.7075 18.2624
v -58.4555 69.6277 18.3017
v -55.5653 69.8691 17.2189
v -54.4695 71.0027 16.9579
v -74.5144 71.0661 19.4220
v -73.0533 72.0825 18.3846
v -70.5449 73.0932 18.1821
v -68.2389 72.8190 18.8025
v -65.7389 72.8573 18.5301
v -63.2389 72.8902 18.2630
v -60.3206 72.2023 17.9467
v -58.4555 72.2498 18.0878
v -55.4959 72.3188 17.3606
v -54.0210 72.2790 17.1813
v -72.2544 73.7354 19.0138
v -70.5449 73.6969 18.1821
v -68.0121 74.6067 17.4465
v -65.7654 74.7524 17.2285
v -63.2389 73.8398 17.0130
v -60.7389 74.1416 17.3516
v -58.3896 74.9938 17.5637
v -55.8043 74.8335 17.4513
v -53.8844 74.0365 17.2514
v -67.0275 76.0623 16.9750
v -66.6164 76.0623 16.9750
v -57.6567 76.1564 17.1090
v -56.6813 76.1564 17.1090
v 32.3453 -79.4023 20.7012
v 34.4192 -79.5548 20.5418
v 36.7611 -79.3192 21.2616
v 38.1914 -79.0372 21.7141
v 27.9623 -76.5063 19.4950
v 29.2611 -76.7115 19.5535
v 31.2931 -77.6422 20.5068
v 35.3579 -78.8563 19.6022
v 36.7611 -78.7398 20.0116
v 39.1193 -78.3779 20.8089
v 41.2414 -77.1248 20.7012
v 27.7477 -75.2210 19.6194
v 29.2611 -75.2210 19.7844
v 31.3131 -75.2210 20.8662
v 35.4860 -73.9795 21.9190
v 36.5047 -74.1783 20.9300
v 39.2611 -74.6555 20.0695
v 41.2480 -75.2750 20.6519
v 22.2836 -72.2278 20.1392
v 24.2611 -72.0425 19.9697
v 27.0151 -72.3157 20.3764
v 29.2378 -72.4816 21.1151
v 30.9391 -72.7210 21.3957
v 35.4860 -73.9611 21.9190
v 36.4897 -73.2524 20.7612
v 39.2611 -72.7210 20.7156
v 40.7510 -72.7210 21.5239
v 22.2836 -70.7687 20.1392
v 24.2326 -69.9928 20.6302
v 26.3216 -70.8835 21.1212
v 30.1398 -70.2210 21.9021
v 30.6055 -70.2210 21.9021
v 35.2464 -69.1775 19.4965
v 36.6888 -70.0949 19.8934
v 39.2278 -70.3750 21.3236
v 40.5767 -71.3109 21.8802
v 24.4321 -67.7210 20.7012
v 27.9618 -66.4852 21.8228
v 29.4874 -67.4795 21.6238
v 31.5712 -67.7409 21.5859
v 34.6834 -67.8977 20.5552
v 36.2813 -67.9462 20.5341
v 38.3722 -68.7007 21.7104
v 24.7389 -65.2210 20.7012
v 27.9618 -66.4469 21.8228
v 29.3652 -65.4565 21.5892
v 31.7611 -65.2210 21.4207
v 34.0854 -65.1352 21.4451
v 36.5016 -65.0288 20.4921
v 39.2611 -64.1093 19.6020
v 40.5184 -63.9803 19.4596
v 25.1501 -63.5345 20.7012
v 26.7611 -63.0068 20.7012
v 29.4078 -62.8763 21.1990
v 32.2028 -62.8435 20.8966
v 33.8320 -62.6992 21.0616
v 36.5140 -62.6652 20.5526
v 39.4083 -62.9344 19.7779
v 40.5184 -63.9101 19.4596
v 30.0127 -60.7735 20.7012
v 31.7578 -60.1727 20.6421
v 33.5072 -60.2210 21.2375
v 37.4431 -60.2210 19.7766
v 38.6022 -60.2210 19.7766
v 32.1118 -57.6266 20.7791
v 34.1650 -57.5661 20.6769
v 36.9634 -57.6294 20.0728
v 38.9542 -57.9078 20.6835
v 41.7611 -57.8291 20.7012
v 43.7332 -56.9239 20.7012
v 47.3069 -57.1156 21.4913
v 49.2611 -56.9623 21.5983
v 50.5166 -56.4815 21.9406
v 27.5729 -54.5510 21.4421
v 29.2611 -54.9585 20.9873
v 31.0423 -55.4130 20.4855
v 35.0558 -56.0045 21.3560
v 36.9356 -55.1911 21.4540
v 39.0672 -55.0097 21.7370
v 40.5767 -54.0354 21.8277
v 44.9832 -56.0256 20.7012
v 46.5886 -55.9065 20.6752
v 49.2611 -55.6462 20.3483
v 50.7791 -55.0193 20.9449
v 27.5729 -53.3241 21.4421
v 29.0466 -52.7356 20.4752
v 30.6079 -53.8138 19.5084
v 37.8225 -52.7210 21.4727
v 39.2611 -52.7210 21.2365
v 40.5844 -52.7210 21.7150
v 52.0919 -53.0403 20.7012
v 53.1921 -51.7903 20.7012
v 27.9381 -49.4598 19.5766
v 29.0466 -50.1072 20.6933
v 30.7137 -49.0879 21.8100
v 37.8855 -51.2451 21.4206
v 39.2611 -51.2481 21.4097
v 40.5432 -51.3997 21.7598
v 50.3617 -49.0365 19.6030
v 51.7611 -49.4329 19.8199
v 53.9651 -50.1322 20.6310
v 56.6054 -49.2605 20.6630
v 59.2611 -50.0971 20.7012
v 61.8807 -49.6811 20.8509
v 63.0531 -49.0300 21.7840
v 27.9381 -48.8840 19.5766
v 29.2611 -48.6886 20.0643
v 31.6327 -48.5137 20.8665
v 33.9407 -47.3665 20.7012
v 37.9360 -46.5311 21.8916
v 39.2721 -46.5974 20.7962
v 41.7611 -46.7071 19.9040
v 43.1135 -46.5931 19.8055
v 47.7965 -46.6381 21.6126
v 49.7328 -47.6171 20.7787
v 51.2428 -47.7056 20.7124
v 54.2611 -48.5262 19.9709
v 55.6682 -48.8376 19.8042
v 60.3784 -46.5792 19.8578
v 61.7728 -47.6973 20.8209
v 63.0531 -48.8154 21.7840
v 35.0844 -45.2653 20.6339
v 37.0354 -45.4453 20.8237
v 39.2721 -46.4050 20.7962
v 41.7611 -46.2479 19.9040
v 43.1135 -46.2636 19.8055
v 47.7965 -46.1250 21.6126
v 49.5979 -45.3209 20.7637
v 51.4436 -45.1003 21.0391
v 54.1597 -44.2385 20.6008
v 56.5951 -44.6348 20.6008
v 59.4315 -46.0221 20.6952
v 60.7517 -46.3801 21.5245
v 35.2267 -42.7210 21.4213
v 36.1996 -42.7210 20.1713
v 50.0469 -43.5289 19.5678
v 51.5294 -42.7057 20.5212
v 54.9254 -43.7980 21.3672
v 55.6510 -43.7980 21.3672
v 35.0235 -40.2293 20.8446
v 35.8054 -41.0681 20.1068
v 40.1530 -39.7995 21.5612
v 41.2757 -39.7995 21.5612
v 51.7670 -40.2210 20.7012
v 34.9732 -38.1860 20.7012
v 36.1325 -36.9360 20.7012
v 39.7035 -37.6908 20.7172
v 42.1280 -37.7395 20.9015
v 44.2611 -37.0494 20.4553
v 46.6472 -37.0002 20.7801
v 49.2611 -37.4138 20.7012
v 51.0788 -38.2027 20.7012
v 37.3825 -36.0598 20.7012
v 38.5202 -36.0598 20.7012
v 42.9801 -36.4516 21.9085
v 44.2611 -36.3693 21.7053
v 45.7380 -36.3548 21.6661
v -77.5303 30.5021 20.7012
v -75.7389 29.9216 20.7012
v -73.2389 29.8399 20.7012
v -70.7612 30.4082 20.6953
v -68.8776 30.8059 21.5246
v -80.2028 33.0049 19.8344
v -78.1832 32.2696 20.7554
v -76.8561 33.2009 21.6765
v -69.9048 32.2790 19.7772
v -68.1221 32.2796 21.0013
v -66.9053 33.1133 21.6000
v -87.0338 35.9939 19.5143
v -85.7389 35.9425 19.5589
v -84.1017 35.9489 19.5317
v -80.4249 34.7790 19.8831
v -78.1229 34.6799 21.1319
v -76.8561 33.7805 21.6765
v -70.1833 34.7790 19.9034
v -68.3911 34.6086 21.1022
v -66.9053 33.6617 21.6000
v -87.3570 37.2790 19.9397
v -85.7389 37.2790 20.1165
v -83.2566 37.1139 20.0702
v -80.9613 37.2480 20.7789
v -78.8789 36.6589 21.3106
v -72.2489 37.7272 19.5320
v -70.9840 37.0479 20.2341
v -69.2119 37.2790 21.6193
v -87.4348 38.9853 20.0395
v -85.6431 39.8990 20.6563
v -83.2389 39.0142 21.4145
v -80.8041 39.5708 21.7593
v -78.1655 40.5798 20.7433
v -75.7193 40.6464 20.7852
v -73.1449 39.8278 20.2239
v -70.8022 39.7276 21.2794
v -69.2826 38.8600 21.7670
v -84.9702 42.0770 20.7012
v -84.0922 43.3270 20.7012
v -79.7086 41.5985 21.6047
v -78.2658 42.2714 20.7832
v -75.3677 42.0698 20.9324
v -73.5855 42.0493 20.9924
v -71.6778 41.2298 21.7682
v -84.5193 45.7581 19.5611
v -83.3911 44.8103 20.6734
v -80.7389 45.4241 21.7740
v -78.4218 44.8811 21.7544
v -75.7389 44.1028 21.6258
v -73.3143 44.7094 20.8459
v -70.7389 45.4459 19.9615
v -69.1821 45.6450 19.7312
v -84.5193 46.0681 19.5611
v -83.2389 46.2780 20.0344
v -80.7389 46.7817 20.5240
v -78.5265 47.4865 20.7747
v -75.5609 47.8955 20.5818
v -73.2251 47.3155 20.5567
v -70.7717 47.3501 19.9458
v -69.1821 46.5642 19.7312
v -77.8094 49.7790 21.3086
v -76.1376 49.7790 21.3086
v -72.3679 49.7790 19.6988
v -70.6308 49.9401 20.4496
v -69.0755 50.6456 20.7012
v -59.8000 51.0190 21.9370
v -59.4779 51.0190 21.9370
v -79.9847 53.2920 21.7211
v -78.1399 52.4290 20.8823
v -75.7359 52.0494 20.8066
v -73.3800 52.4442 20.4560
v -71.1147 52.2790 20.9584
v -67.8255 51.6951 20.7012
v -65.6527 52.8568 20.5695
v -63.2389 52.7039 21.1037
v -60.6755 52.0740 21.2630
v -59.1992 52.2790 21.4613
v -82.1500 55.4993 21.7123
v -80.7864 54.7112 21.2331
v -78.8976 54.7790 19.9828
v -72.8129 54.0058 21.2747
v -70.7085 54.8081 21.4490
v -69.1773 55.6104 21.6233
v -64.7619 53.5981 19.6483
v -63.2389 53.6827 19.8537
v -60.7389 53.9606 19.8516
v -58.2029 54.9457 20.4944
v -56.8787 55.9228 19.6767
v -82.1500 56.2446 21.7123
v -80.4738 57.2258 20.8111
v -79.3272 57.3175 20.7406
v -72.0480 58.4463 21.7997
v -70.4974 57.7809 20.9920
v -69.3104 57.4482 20.5882
v -57.2921 56.2809 21.3434
v -56.5077 57.1802 20.5865
v -49.6133 58.4589 19.7320
v -49.1790 58.4589 19.7320
v -80.1411 59.7790 20.2349
v -78.4740 59.9314 21.3799
v -76.5588 60.8663 21.6207
v -72.0480 58.6263 21.7997
v -70.7930 58.6203 20.6763
v -68.2649 59.7982 20.6675
v -66.8616 60.9821 21.7820
v -55.3875 59.7156 20.4893
v -53.4413 60.4162 20.4893
v -50.5636 59.3655 20.6197
v -48.0941 59.6371 20.4315
v -46.6622 60.5186 21.1309
v -79.7271 61.1389 19.6898
v -78.2389 61.2458 20.0073
v -75.7308 61.6845 20.7529
v -73.2434 63.0119 20.6621
v -70.6739 63.4117 20.7734
v -68.2417 62.2509 21.7630
v -66.8616 61.0991 21.7820
v -61.9957 63.5184 21.9452
v -61.9784 63.5184 21.9452
v -55.0117 61.1077 19.5147
v -53.2360 62.1796 20.6873
v -50.4969 63.2942 20.9885
v -48.2246 62.4183 20.6240
v -46.6622 61.4997 21.1309
v -74.4917 66.0081 21.9439
v -73.2434 65.0165 21.2230
v -70.8153 64.4414 20.6311
v -69.3971 63.9911 21.7441
v -61.9957 63.5344 21.9452
v -60.8852 64.5955 20.7999
v -58.2389 65.4389 20.1622
v -55.9325 65.5634 20.8979
v -53.0331 64.5591 20.8965
v -50.4969 63.7433 20.9885
v -49.4400 63.5458 21.7837
v -74.4917 66.1724 21.9439
v -73.5227 67.0336 20.7519
v -71.8806 66.2281 19.5600
v -67.0761 68.3590 21.6677
v -66.9466 68.3590 21.6677
v -59.7165 67.2790 19.6038
v -58.0620 67.1186 21.0200
v -56.8950 66.1783 21.8624
v -74.5754 70.3600 20.7012
v -74.2896 69.1100 20.7012
v -67.6423 69.7790 21.5331
v -66.7588 69.7790 21.5331
v -59.4892 68.5291 19.4513
v -58.4959 69.5291 20.4512
v -74.5754 71.1274 20.7012
v -73.1482 72.5157 20.7941
v -70.6217 72.6855 20.7941
v -68.4593 71.4744 20.7868
v -65.6092 72.2479 20.9789
v -63.4846 72.5740 20.9489
v -60.7389 71.8864 20.7012
v -58.7813 71.5374 20.7012
v -72.2544 73.7354 20.0227
v -71.3769 73.7354 20.0227
v -64.4939 73.5309 21.9473
v -64.4818 73.5309 21.9473
v 32.4629 -79.6874 23.2012
v 34.2611 -80.4023 23.2012
v 36.7611 -79.8586 23.2012
v 38.3143 -79.1436 23.2012
v 30.4970 -76.5021 24.4231
v 31.3871 -77.4897 23.4343
v 39.6772 -77.8777 23.4101
v 41.2392 -77.1488 22.7161
v 30.4515 -75.2210 24.3275
v 31.3131 -75.2210 23.0775
v 35.4860 -73.9795 21.9608
v 35.5365 -73.9795 21.9608
v 39.8283 -75.2210 24.0384
v 41.2479 -75.2210 22.7884
v 27.9882 -71.4886 21.9644
v 29.4173 -72.6447 23.1394
v 31.0927 -72.8688 23.3692
v 35.4860 -73.9611 21.9608
v 35.5365 -73.9611 21.9608
v 39.7280 -73.4696 23.9693
v 40.8300 -72.6701 23.1621
v 25.2747 -69.2168 22.1504
v 26.9974 -70.1185 22.2985
v 28.8898 -70.2210 22.2359
v 31.4160 -70.2210 23.2012
v 40.0389 -69.6443 22.4395
v 40.7897 -70.3750 23.2442
v 25.2313 -67.7210 22.1860
v 26.9815 -67.4795 22.3589
v 28.8049 -68.1519 22.3177
v 32.3476 -68.6224 23.2012
v 34.2611 -68.2894 23.2012
v 36.7611 -67.9624 23.2012
v 39.2278 -68.2927 23.2442
v 40.6984 -68.7414 24.1062
v 25.2779 -65.2210 22.1460
v 26.9815 -65.4565 22.2349
v 28.6013 -64.7802 22.1643
v 34.8016 -64.2447 22.0895
v 35.6948 -64.2447 22.0895
v 25.3368 -63.8013 22.0970
v 26.7611 -63.6568 22.2204
v 29.3968 -62.9210 22.3624
v 31.7611 -62.5361 23.0177
v 34.1056 -62.9821 22.4267
v 35.6948 -63.7224 22.0895
v 30.2832 -60.1105 23.2291
v 31.3166 -60.2970 23.3948
v 33.6638 -60.4599 23.4388
v 30.2710 -57.7210 23.6751
v 30.8275 -57.7210 22.4251
v 34.2273 -57.7210 23.2012
v 39.7712 -57.1097 22.3587
v 41.7611 -57.2754 22.5937
v 43.6909 -56.9048 22.4004
v 47.0542 -57.2684 23.2012
v 49.4060 -57.1152 22.9726
v 50.5166 -56.4815 21.9869
v 27.5729 -54.5510 22.7454
v 29.2060 -55.4627 23.3576
v 30.7202 -56.3743 22.3032
v 34.9602 -55.8107 23.2012
v 36.9356 -54.7678 23.0086
v 39.1768 -55.1074 23.0361
v 41.5533 -55.0123 23.2129
v 44.4190 -55.5861 23.2207
v 45.8042 -55.7263 23.2012
v 50.3360 -55.7799 23.6536
v 50.7167 -55.0563 22.9726
v 27.5729 -53.3241 22.7454
v 28.5070 -52.5829 23.4277
v 37.8225 -52.7210 22.2471
v 39.3539 -52.8186 23.2123
v 40.7810 -52.8186 22.9756
v 52.1013 -52.5504 23.1689
v 53.1272 -51.6033 22.3141
v 29.5645 -50.0411 22.9906
v 30.7137 -49.0879 22.0168
v 37.8855 -51.2451 22.2501
v 39.2611 -51.2481 22.2059
v 40.5432 -51.3997 21.9919
v 47.7683 -49.2712 24.3460
v 48.0816 -49.2712 24.3460
v 52.8243 -50.8575 23.9808
v 54.0808 -50.3078 23.1689
v 56.7611 -49.3455 23.2012
v 59.1077 -49.3341 23.2618
v 61.7611 -49.3507 22.4011
v 63.0531 -49.0300 22.0334
v 29.8464 -48.2928 23.6835
v 31.6327 -48.1127 22.9906
v 33.7422 -47.1568 23.2012
v 37.9360 -46.5311 22.0213
v 38.1504 -46.5311 22.0213
v 47.7824 -47.7226 23.2730
v 48.7556 -47.5830 23.1653
v 50.5517 -46.5624 22.1406
v 57.9226 -46.9023 24.1962
v 59.1077 -47.7298 23.6872
v 61.6555 -47.8776 22.3895
v 63.0531 -48.8154 22.0334
v 34.5972 -45.2210 23.2012
v 37.9360 -46.4290 22.0213
v 38.1504 -46.4290 22.0213
v 47.7965 -46.1250 22.1999
v 49.2611 -46.1908 22.2798
v 51.7545 -45.2461 22.0921
v 54.2981 -44.0729 23.0508
v 56.7868 -45.1945 23.2938
v 59.2611 -46.2688 22.4830
v 60.7517 -46.3801 22.0819
v 32.9338 -41.5848 24.3194
v 34.1379 -42.5393 23.3721
v 40.5109 -41.4711 24.4223
v 40.5124 -41.4711 24.4223
v 52.8158 -42.7210 22.1218
v 54.4399 -43.1826 22.9516
v 55.6510 -43.7980 22.3913
v 32.9338 -41.2282 24.3194
v 33.8553 -40.3253 23.3721
v 37.9715 -39.0558 24.3904
v 39.4986 -40.2610 23.5730
v 41.1466 -40.4681 23.4339
v 52.4202 -40.2210 22.4268
v 53.8580 -40.2210 23.6768
v 34.7629 -38.1732 23.2012
v 37.0751 -37.6058 23.2186
v 38.4376 -37.7210 22.6023
v 42.6273 -37.4842 23.2426
v 43.0572 -36.4930 24.1036
v 47.4047 -36.9027 22.2619
v 49.4724 -37.1513 23.1376
v 51.6623 -38.2983 23.2506
v 53.3805 -38.8144 24.1169
v 37.8453 -36.3985 22.0468
v 38.1046 -36.3985 22.0468
v 42.9801 -36.4516 22.4369
v 44.0388 -36.1315 23.2426
v 46.7026 -35.3644 23.2938
v 48.7134 -35.2210 23.9651
v 47.6673 -33.8150 24.3257
v 48.1787 -33.8150 24.3257
v -77.0060 28.5134 24.4158
v -75.7389 28.4451 24.1585
v -74.1444 28.4327 24.0963
v -77.2847 29.9030 23.4300
v -75.7389 29.2102 22.9085
v -73.2822 28.9492 23.2383
v -70.5300 30.1444 23.3810
v -68.8776 30.8059 22.6676
v -77.5821 32.3322 23.0312
v -76.8561 33.2009 22.0844
v -69.6193 32.2790 24.3353
v -68.1221 32.2796 22.9253
v -66.9053 33.1133 22.0626
v -77.7248 34.6799 23.0312
v -76.8561 33.7805 22.0844
v -69.5943 34.1489 24.4136
v -68.5665 34.7386 23.2381
v -66.9053 33.6617 22.0626
v -80.2330 38.3256 22.1358
v -78.6233 37.4070 23.0620
v -68.7912 37.2790 23.2012
v -84.6393 40.8127 22.1078
v -83.2389 40.2642 22.3798
v -80.8041 39.5708 22.2509
v -78.1950 39.5031 23.0620
v -75.7193 40.3216 23.0234
v -74.0807 40.2802 23.7382
v -70.0111 40.5266 22.4334
v -68.9071 39.7276 23.2406
v -84.6393 41.6610 22.1078
v -83.2317 42.4082 22.3230
v -80.6207 42.3707 22.2771
v -79.2483 43.2652 22.0314
v -74.8729 41.3856 22.0715
v -73.2440 41.5322 23.0234
v -70.8022 41.4354 23.2406
v -69.2714 41.2242 24.1001
v -82.3936 43.8625 21.9995
v -80.7389 44.1741 22.0475
v -78.4218 44.8811 22.1273
v -75.7389 45.3528 22.2497
v -74.2477 45.4499 22.0771
v -78.1640 47.2460 23.1144
v -75.5915 47.2815 22.9835
v -74.2477 46.5056 22.0771
v -78.7108 49.7790 23.2012
v -75.2608 49.7790 23.2012
v -69.6346 50.9795 22.0115
v -69.2729 50.9795 22.0115
v -59.8000 51.0190 21.9792
v -59.4779 51.0190 21.9792
v -79.9109 53.2264 23.2012
v -78.9467 51.9764 23.2012
v -74.8570 52.0814 23.2012
v -73.4833 53.3111 23.3135
v -70.6987 52.7720 23.0741
v -68.3593 52.1792 22.4398
v -65.7389 52.8354 22.5952
v -63.3697 52.5406 23.1876
v -60.6755 51.5751 22.9680
v -59.1429 52.3584 22.9680
v -82.1500 55.4993 22.3526
v -81.1590 54.7112 23.1920
v -72.8129 54.0058 22.5550
v -70.5204 54.6162 23.0111
v -68.6411 54.8622 23.2543
v -65.7389 53.9914 23.8452
v -64.2902 53.8194 24.0118
v -58.4972 54.7790 23.2012
v -82.1500 56.2446 22.3526
v -80.7562 57.3732 23.0081
v -79.4641 58.5017 21.9970
v -72.0480 58.4463 22.1391
v -70.9076 57.4424 22.3550
v -69.1773 56.4385 22.5710
v -57.6714 56.7055 23.2012
v -56.4808 57.9555 23.2012
v -79.9597 59.7790 23.5708
v -78.4740 59.9314 22.4590
v -76.5588 60.8663 22.3048
v -72.0480 58.6263 22.1391
v -71.9090 58.6263 22.1391
v -67.0863 60.9821 22.0219
v -66.8616 60.9821 22.0219
v -55.2308 59.1214 23.2012
v -53.2389 59.9275 23.2012
v -50.7084 60.3098 23.2210
v -48.2389 60.1911 22.6550
v -46.6622 60.5186 22.4399
v -79.8029 61.4132 24.0649
v -78.2389 61.4898 23.8016
v -75.7308 61.7932 23.1633
v -73.9961 63.0616 23.2012
v -69.7023 63.4027 22.3916
v -68.2417 62.2509 22.2067
v -66.8616 61.0991 22.0219
v -61.9957 63.5184 21.9562
v -61.9784 63.5184 21.9562
v -52.0666 63.3086 23.2012
v -50.6166 62.5487 23.0206
v -48.4595 62.3114 22.5277
v -46.6622 61.4997 22.4399
v -74.5976 65.7695 23.2012
v -73.9961 64.5195 23.2012
v -69.7023 63.9911 22.3916
v -69.3971 63.9911 22.3916
v -61.9957 63.5344 21.9562
v -61.9784 63.5344 21.9562
v -55.2283 65.8589 22.3448
v -53.4329 64.9270 23.1874
v -49.7119 63.5458 21.9736
v -49.4400 63.5458 21.9736
v -74.9640 67.1151 22.9633
v -74.4115 67.8391 21.9713
v -69.8252 68.0197 24.1085
v -68.1013 68.1893 23.0774
v -66.9466 68.3590 22.0463
v -57.1107 67.8450 22.0743
v -55.9325 67.1186 22.4758
v -54.1588 67.2790 23.7646
v -75.0959 69.6096 22.9633
v -74.4115 68.6633 21.9713
v -70.2228 69.7790 23.5922
v -68.2478 69.7790 22.9508
v -66.7588 69.7790 22.3095
v -57.6125 69.8868 23.0251
v -55.7389 69.3070 23.5617
v -54.2458 68.9701 23.9755
v -74.7626 71.2997 23.2012
v -73.2389 71.8766 23.2012
v -70.8743 71.5040 22.9697
v -68.3883 71.1733 22.9912
v -65.6092 72.3968 23.0254
v -63.6344 73.1437 23.0043
v -60.7389 72.4497 22.7253
v -58.9797 72.1095 23.3662
v -64.4939 73.5309 22.0503
v -63.6344 73.9401 23.0043
v -60.7389 74.2694 23.9753
v -59.3893 73.6960 24.3095
v 32.3173 -80.0510 25.7012
v 34.2611 -80.7025 25.7012
v 36.7611 -79.9273 25.7012
v 38.3179 -79.2758 25.7012
v 30.4349 -76.6423 25.7012
v 31.0673 -77.8923 25.7012
v 39.1185 -77.7210 25.7012
v 30.4109 -75.2877 25.6108
v 30.7172 -74.4988 26.3839
v 39.2380 -75.2210 25.7012
v 30.4457 -73.8007 24.7172
v 31.3335 -72.8688 25.6108
v 39.6342 -72.6701 25.6364
v 40.7226 -71.8029 24.7599
v 32.6190 -70.4072 25.5300
v 34.2611 -69.6566 25.9522
v 36.7611 -69.3013 26.3275
v 39.2932 -70.1229 26.1833
v 40.8102 -70.2210 24.8924
v 32.8597 -68.8896 24.5825
v 34.2611 -68.8496 24.7022
v 36.7611 -68.4377 25.0775
v 39.2611 -68.3259 25.1347
v 40.6984 -68.7414 24.7307
v 30.3741 -59.4291 24.6813
v 31.7611 -59.9258 24.9877
v 33.4375 -59.7859 24.9365
v 30.2710 -57.7210 24.9002
v 31.9050 -57.5439 26.1015
v 33.6494 -57.5439 25.7424
v 37.7552 -56.6408 26.5593
v 38.5983 -56.6408 26.5593
v 47.4394 -56.8895 24.9016
v 48.6693 -56.8895 24.9016
v 27.8441 -54.0990 26.2407
v 29.2060 -55.1666 25.5302
v 31.1676 -56.2343 26.4864
v 34.7392 -55.7136 25.7012
v 36.8576 -55.6901 25.7161
v 39.4237 -55.2115 25.8489
v 41.9073 -54.2830 26.0399
v 44.0179 -54.4345 25.9453
v 46.6681 -55.3847 25.7215
v 49.3455 -55.0097 25.5459
v 50.5373 -54.1132 24.5236
v 27.6316 -52.7210 26.0429
v 28.4458 -52.7210 24.7929
v 40.2491 -53.7170 25.1385
v 41.9073 -53.8370 26.0399
v 43.0225 -53.9570 26.9413
v 49.9352 -52.7210 26.2265
v 51.0157 -52.7210 24.9765
v 27.6721 -50.8181 26.4507
v 28.4954 -50.0792 25.6509
v 47.7683 -49.2712 24.9772
v 49.1572 -50.1485 25.8615
v 51.8990 -50.5117 25.8280
v 54.2611 -49.6392 25.7012
v 56.6096 -49.2386 25.5057
v 58.1721 -49.0390 24.5420
v 29.5030 -47.5641 25.7397
v 31.7611 -46.8090 25.0826
v 33.4026 -46.7665 24.8123
v 42.9594 -46.5107 26.9298
v 43.0374 -46.5107 26.9298
v 47.7683 -48.8070 24.9772
v 48.0816 -48.8070 24.9772
v 57.4490 -47.7298 25.5057
v 58.1721 -48.5690 24.5420
v 30.1973 -46.3709 26.5986
v 31.7611 -46.2315 26.3326
v 33.9612 -45.3394 25.6679
v 42.9594 -46.2006 26.9298
v 43.0374 -46.2006 26.9298
v 55.3374 -44.0969 24.7113
v 56.4990 -45.0465 25.6073
v 32.9338 -41.5848 24.6492
v 34.4404 -42.5022 25.7217
v 35.6594 -41.7529 26.7942
v 40.5109 -41.4711 24.4513
v 40.5124 -41.4711 24.4513
v 45.5023 -41.4734 26.9495
v 45.5139 -41.4734 26.9495
v 55.3257 -42.7210 24.9731
v 55.7385 -42.7210 26.2231
v 32.9338 -41.2282 24.6492
v 34.1573 -40.3253 25.2596
v 36.8084 -39.7216 25.6801
v 39.5110 -40.0219 24.7786
v 40.7320 -40.2210 24.8217
v 45.5023 -41.4696 26.9495
v 45.5139 -41.4696 26.9495
v 50.3682 -39.0841 26.7929
v 51.7611 -39.3673 26.4085
v 54.4090 -40.3991 25.6364
v 55.5669 -41.4120 26.5537
v 34.9215 -38.4064 24.9241
v 36.9504 -38.4916 25.5468
v 39.3402 -37.7345 26.1542
v 41.7728 -37.3822 25.8446
v 43.2087 -36.5879 25.7012
v 50.1606 -37.5400 25.8562
v 51.7611 -38.3148 25.1585
v 53.3805 -38.8144 24.7191
v 40.2262 -36.2118 26.7441
v 41.0746 -36.2118 26.7441
v 44.4587 -35.7115 25.7012
v 46.1021 -34.4615 25.7012
v 49.2571 -35.2210 25.7012
v 47.3521 -33.6662 25.7012
v 48.3380 -33.6662 25.7012
v -77.0967 28.4306 25.7012
v -75.5473 28.3925 25.8896
v -74.1444 28.4327 25.1819
v -77.4963 29.7790 25.7012
v -74.5862 28.5708 26.8485
v -73.2822 28.8078 25.8896
v -71.1004 30.0961 25.7012
v -78.1896 32.2790 25.7012
v -69.8414 32.4480 25.5913
v -69.4173 33.3940 26.3514
v -78.2761 34.7790 25.7012
v -69.6557 34.8024 25.4252
v -69.4456 34.8024 25.4252
v -77.5839 37.1840 25.7344
v -76.6439 37.9539 26.5899
v -69.8921 37.2790 26.1933
v -69.0682 37.2790 24.9433
v -77.3325 39.0489 24.9232
v -75.7819 39.1075 25.7344
v -73.2440 40.0527 25.6777
v -70.6746 39.7862 26.2018
v -68.9164 39.7790 25.1063
v -72.4141 41.3103 24.8287
v -70.7389 41.3864 24.9332
v -69.2714 41.2242 24.7164
v -77.5388 48.0573 24.7875
v -76.5741 48.0573 24.7875
v -77.8903 49.7790 25.2455
v -76.1121 49.7790 25.2455
v -79.5556 53.3625 24.5534
v -78.3740 52.2817 25.6970
v -75.5742 52.2400 25.6744
v -73.1789 53.1912 25.4854
v -70.8820 53.1462 25.7379
v -69.1365 53.2041 26.5958
v -62.6235 52.9819 25.1421
v -60.7389 52.9055 25.1113
v -59.2985 53.2447 24.6404
v -82.1454 55.8428 26.5592
v -80.6328 54.8105 25.5563
v -79.1072 53.7781 26.2200
v -74.9137 53.9478 26.1749
v -73.9722 53.9478 26.1749
v -70.1441 54.2323 24.9291
v -68.2774 54.4489 25.7379
v -65.7389 54.8859 25.7012
v -63.3697 54.2122 25.8657
v -60.7389 54.1395 26.3613
v -59.1597 54.9218 25.5647
v -82.1454 56.6325 26.5592
v -81.2682 57.3911 25.7160
v -59.7077 58.1635 26.8000
v -58.4765 57.4213 25.7094
v -56.8411 58.3458 24.6187
v -80.6821 59.7790 25.7012
v -59.7077 58.8196 26.8000
v -58.2389 59.1144 26.3385
v -55.9002 59.2784 25.5517
v -53.1035 60.2004 25.8304
v -51.5213 60.5557 25.0832
v -80.1237 61.8225 25.7012
v -78.2389 62.2859 25.7012
v -75.7195 62.7787 25.7047
v -74.2410 63.3274 24.8737
v -67.2014 63.4142 26.8819
v -66.8318 63.4142 26.8819
v -52.0994 62.5406 25.6438
v -51.7186 62.5406 25.6438
v -74.7521 64.9248 25.7675
v -74.3160 64.9248 25.7675
v -67.2014 64.0636 26.8819
v -65.8189 65.0155 26.5888
v -64.4472 65.9674 26.2957
v -52.5636 64.6360 25.5032
v -51.9159 63.7073 26.2045
v -75.0806 67.2790 25.4424
v -74.2875 67.2790 26.6924
v -69.8252 68.0197 24.6816
v -69.1265 68.0197 24.6816
v -64.8060 66.1169 26.2957
v -64.4472 66.1169 26.2957
v -54.8010 68.4153 26.7642
v -53.8998 67.4608 25.8390
v -75.1804 69.7790 25.2419
v -73.7427 69.7790 26.4919
v -70.2228 69.7790 25.0130
v -68.8532 69.7790 25.0130
v -57.7607 70.3434 25.7012
v -55.6762 69.2451 25.8390
v -54.2458 68.9701 25.0976
v -74.7640 71.2959 24.7272
v -72.9943 71.2463 25.6168
v -70.8743 71.4233 25.7625
v -68.1978 71.9902 25.7625
v -65.8527 73.1346 25.5422
v -64.4536 73.4983 24.6029
v -59.6572 73.0438 26.5444
v -59.0466 72.2379 25.7071
v -65.0953 73.6332 26.2695
v -63.2767 74.8245 25.3896
v -60.7509 74.8559 25.5271
v -59.3893 73.6960 24.8777
v -62.0997 76.0986 26.1764
v -61.8447 76.0986 26.1764
v 32.5352 -79.7512 27.3852
v 34.2611 -79.7912 27.7444
v 36.7611 -79.3879 27.8799
v 38.1962 -79.2135 27.5658
v 30.4235 -76.6683 27.0467
v 31.8669 -77.5253 28.0493
v 34.2611 -78.4511 28.9944
v 36.9622 -77.9083 29.0927
v 38.4211 -77.7210 27.9103
v 30.4235 -76.1655 27.0467
v 31.7912 -75.3478 28.0869
v 34.2611 -74.4902 29.0483
v 36.9622 -75.0509 29.0279
v 38.6708 -75.2210 27.8320
v 32.4900 -72.7210 27.4107
v 34.4360 -72.7004 28.6909
v 36.6700 -72.7004 28.9901
v 38.7523 -72.7210 27.7848
v 32.9436 -71.3647 27.0546
v 34.4360 -70.9280 28.0133
v 36.6700 -70.6437 28.3119
v 38.4813 -70.8908 27.5524
v 32.8343 -56.5925 27.0035
v 33.0944 -56.5925 27.0035
v 37.7552 -56.6408 27.3730
v 38.5983 -56.6408 27.3730
v 27.8441 -54.0990 27.1549
v 29.4390 -54.4590 28.0734
v 31.8891 -55.1470 28.1736
v 34.0611 -55.1134 27.8371
v 36.6569 -55.2342 28.3446
v 39.3634 -55.5838 28.2043
v 41.9752 -54.2257 28.0074
v 43.8649 -54.1231 27.9362
v 46.7611 -54.3816 27.2568
v 48.3550 -54.2396 27.1490
v 27.6316 -52.7210 27.4090
v 29.4390 -52.7728 28.6731
v 31.8086 -52.7762 29.2773
v 34.2611 -53.6060 29.2694
v 36.6769 -52.7332 29.2759
v 38.1232 -51.5895 29.2356
v 42.9719 -52.8642 28.2187
v 43.6515 -53.1409 28.1194
v 46.7611 -52.7210 27.7808
v 48.6852 -52.7210 27.3455
v 27.6721 -50.8181 27.3579
v 29.0901 -50.0792 27.8623
v 31.8084 -50.2385 28.8780
v 33.1646 -49.4168 29.0508
v 37.7953 -51.3306 29.2356
v 38.1232 -51.3306 29.2356
v 42.9925 -51.4441 29.3925
v 44.4097 -50.4548 28.9672
v 46.8077 -50.0337 28.6992
v 49.3441 -50.3644 28.1480
v 51.7409 -49.4775 28.2456
v 54.2611 -49.2973 27.5045
v 55.6752 -49.1130 27.1983
v 29.7495 -47.7210 27.4359
v 31.7611 -47.7210 27.9594
v 33.4740 -47.7210 28.7247
v 42.9594 -46.5107 26.9984
v 44.1897 -47.5749 28.0821
v 46.0054 -48.6391 29.1659
v 52.5608 -48.5507 29.1085
v 54.2443 -47.7188 28.7206
v 56.1249 -47.7210 27.5449
v 30.1973 -46.3709 27.0785
v 31.7611 -46.2315 27.2455
v 34.3770 -45.3513 28.0493
v 36.7611 -44.5192 28.7007
v 38.6180 -44.2221 29.0193
v 42.6569 -45.3317 27.8414
v 43.7366 -45.2923 27.9658
v 46.7611 -44.4940 28.9273
v 48.6472 -44.3068 28.9991
v 55.0664 -45.7874 29.1624
v 56.0785 -45.0608 28.2779
v 35.2792 -43.4196 27.2157
v 36.6001 -42.6401 27.8393
v 38.5004 -42.7210 29.1130
v 42.3312 -42.7210 28.5282
v 44.5058 -42.4724 27.5649
v 46.5469 -42.3958 28.2686
v 48.6472 -43.3182 28.9991
v 54.9107 -42.2201 28.7007
v 55.7194 -42.9204 28.0009
v 37.2049 -40.4417 28.4398
v 38.0566 -41.4221 29.4322
v 42.7612 -41.2703 28.9873
v 44.5058 -41.2595 28.1729
v 46.6044 -40.6051 28.5656
v 49.4253 -39.6741 28.2113
v 51.7611 -40.1711 28.2012
v 54.1509 -41.0714 28.0009
v 55.5669 -41.4120 27.0340
v 37.5172 -38.3622 28.2012
v 38.7430 -37.1122 28.2012
v 42.5516 -36.7664 28.2012
v 44.1415 -36.9501 28.1881
v 46.7987 -37.7138 28.5932
v 48.8714 -37.7210 27.4576
v 39.9930 -36.1095 28.2012
v 41.3016 -36.1095 28.2012
v 44.8951 -35.8886 27.3460
v 46.6902 -35.1216 27.4661
v 48.5548 -35.2210 27.2987
v 47.4763 -33.7206 27.1729
v 48.2794 -33.7206 27.1729
v -77.1155 28.4134 27.0751
v -76.2529 28.4134 27.0751
v -77.2284 29.7790 27.2018
v -75.4829 29.7204 27.9516
v -73.2389 29.7482 28.2012
v -71.6129 30.4612 28.2012
v -77.5499 32.2790 27.5343
v -76.3910 32.2790 28.7843
v -70.5697 32.4480 28.0295
v -69.4173 33.3940 27.0816
v -77.5237 34.7790 27.5091
v -75.8761 34.8786 28.6499
v -73.2389 35.4434 28.9334
v -70.7543 34.6440 28.1275
v -69.4173 33.7891 27.0816
v -77.1467 36.2873 27.1278
v -75.7819 37.1840 27.7353
v -73.2389 37.2790 28.6952
v -71.1421 37.2790 27.8475
v -74.9773 38.8887 27.6608
v -73.2389 39.1203 27.9630
v -71.4651 38.9577 27.5908
v -77.4405 52.8676 27.2876
v -76.5804 52.8676 27.2876
v -72.2681 53.3382 28.2012
v -70.8602 53.1814 28.3176
v -69.1365 53.2041 27.5619
v -82.1454 55.8428 27.1930
v -80.5462 55.5102 28.0963
v -78.2599 54.5824 28.1530
v -75.7438 54.6230 28.1530
v -73.5181 54.3208 28.2012
v -70.1077 54.1278 29.2286
v -68.2774 54.4712 28.3176
v -65.7842 55.5253 28.0189
v -63.2389 55.4152 27.3535
v -60.7389 55.3895 27.3990
v -59.3571 55.8504 27.1247
v -82.1454 56.6325 27.1930
v -80.5854 57.2165 27.9705
v -78.2389 57.5243 28.7515
v -76.8248 57.9179 29.2214
v -65.1070 57.2790 28.7024
v -63.2389 57.2790 28.0040
v -60.6202 57.3097 27.4966
v -59.3571 56.4968 27.1247
v -80.2113 59.7790 27.3681
v -78.2389 59.7790 27.9996
v -76.3422 59.7790 28.8327
v -64.8209 59.0412 29.1733
v -63.2389 59.3913 28.8517
v -60.6202 59.3329 28.1383
v -58.0309 60.2443 28.3829
v -55.7389 60.3565 27.9821
v -53.8465 60.4758 27.6062
v -80.0214 61.7029 27.3769
v -78.2389 61.8252 27.4494
v -75.5819 62.3568 28.2541
v -74.3804 63.2969 29.3185
v -67.2950 63.3568 28.2012
v -66.6083 63.3568 28.2012
v -57.0589 61.2121 29.3374
v -55.7389 61.4283 29.2321
v -53.2471 62.3068 28.1546
v -51.9159 63.2354 27.0363
v -74.8732 64.1458 27.6519
v -73.5524 64.8236 28.3628
v -71.4521 65.5014 29.0738
v -67.2370 64.8497 28.4313
v -65.8359 64.8891 28.0084
v -63.4639 65.2254 28.2116
v -61.3695 65.3840 29.0519
v -52.9842 64.6360 28.0022
v -51.9159 63.7073 27.0363
v -73.0375 67.2790 27.7160
v -71.4669 67.2790 28.9660
v -66.9943 66.1891 29.4180
v -65.6792 66.4602 28.4313
v -63.3826 67.1416 28.1583
v -61.2409 67.2790 28.7618
v -55.1765 67.9743 28.2012
v -53.9890 66.7243 28.2012
v -72.4927 69.7790 27.5140
v -71.8503 69.7790 28.7640
v -62.4120 69.7790 28.8230
v -60.7622 69.6576 28.5033
v -58.4365 69.8283 28.0059
v -56.4265 68.7424 28.2012
v -71.9979 71.0351 27.1378
v -70.9736 71.8056 28.0632
v -68.2389 73.0789 28.2012
v -65.8527 73.1018 28.0071
v -63.1299 72.2348 28.5137
v -60.5899 72.2379 27.5124
v -59.4015 71.3771 27.0423
v -65.0953 73.6332 27.0444
v -63.0554 74.5916 27.2507
v -61.3819 74.7790 27.2557
v -62.0997 76.0986 27.0285
v -61.8447 76.0986 27.0285
v 32.8652 -76.7156 29.6653
v 34.2611 -77.2011 30.0282
v 36.2630 -77.1999 30.0065
v 32.8652 -76.1968 29.6653
v 34.2611 -75.7402 30.0282
v 36.2630 -75.7708 30.0065
v 35.3860 -71.8533 29.5278
v 35.7759 -71.8533 29.5278
v 35.3860 -71.3184 29.5278
v 35.7759 -71.3184 29.5278
v 30.3909 -54.0597 29.5173
v 30.9439 -54.0597 29.5173
v 37.2252 -54.5933 29.9274
v 39.2611 -54.5326 29.8730
v 41.7611 -54.0849 29.5347
v 43.0406 -53.9964 29.4764
v 30.3909 -53.6407 29.5173
v 31.8086 -52.7762 29.6675
v 34.2611 -52.3560 30.2678
v 36.6769 -52.7332 30.0505
v 39.0843 -52.4324 30.5657
v 41.8293 -52.5234 30.3402
v 43.0406 -53.4381 29.4764
v 32.6732 -51.0835 29.8177
v 34.0253 -50.4141 30.8289
v 36.8816 -51.2398 30.8846
v 38.3709 -51.2267 30.7012
v 42.4885 -50.8807 30.7012
v 44.4097 -49.5696 30.6667
v 46.8077 -49.1169 30.6667
v 49.0495 -49.1438 30.6405
v 50.8942 -49.1340 29.7667
v 34.5063 -47.5550 30.8402
v 36.7611 -46.7231 31.7265
v 38.1889 -46.6670 31.8366
v 45.3421 -48.6391 29.8104
v 46.0054 -48.6391 29.8104
v 49.8394 -47.7210 31.4621
v 51.7409 -47.7188 30.2049
v 53.3998 -46.8840 29.6928
v 35.1414 -46.1175 30.0995
v 36.7611 -45.7692 30.4765
v 39.2368 -45.1900 30.7028
v 41.6171 -44.7541 30.5219
v 44.3161 -44.6589 30.6571
v 46.7088 -44.5585 30.6571
v 49.5274 -45.1725 31.1794
v 51.7535 -45.2825 31.3945
v 54.2443 -45.0608 30.0244
v 55.5551 -44.1208 29.5334
v 39.7504 -42.7210 29.7451
v 41.0812 -42.7210 29.7451
v 45.1861 -43.7270 31.4611
v 46.8302 -42.6093 31.0269
v 48.8844 -43.0210 30.7012
v 52.6383 -42.7210 31.6749
v 54.1509 -42.9204 30.2794
v 55.5551 -43.8867 29.5334
v 37.3447 -39.9989 30.7012
v 39.0384 -40.9644 30.6157
v 41.9154 -40.2632 30.7222
v 44.2611 -39.9577 30.4215
v 46.8944 -40.5403 30.4623
v 49.2611 -40.5507 30.7012
v 51.9704 -40.8342 30.8511
v 53.2441 -41.2821 30.1178
v 37.4602 -37.7205 30.9196
v 39.0937 -36.8397 30.9115
v 41.8690 -37.5952 30.8218
v 44.2611 -38.2196 30.4215
v 45.9904 -38.5423 30.1438
v 37.9815 -36.4588 31.8985
v 39.0937 -36.3535 30.9115
v 41.0015 -36.2482 29.9245
v -74.7129 30.8700 29.6412
v -73.2389 30.8115 29.6404
v -71.9073 30.8980 29.5135
v -75.1410 32.2790 30.0175
v -73.2389 32.2790 30.1752
v -71.7797 32.2790 29.6090
v -75.1343 34.1117 30.0162
v -73.2389 34.1934 29.9860
v -71.7915 33.8322 29.5992
v -72.0445 53.4880 29.5018
v -71.7744 53.4880 29.5018
v -79.5844 55.9348 29.5006
v -78.2389 55.9089 29.5195
v -75.7389 55.8323 29.6472
v -73.0223 54.9112 29.8677
v -70.8602 54.8883 29.7987
v -68.2389 55.5790 29.7407
v -66.6477 55.6636 29.7324
v -79.5844 56.1338 29.5006
v -78.2389 56.2743 29.5195
v -75.8499 57.2685 30.4152
v -73.2389 56.8661 31.1839
v -70.7389 56.8197 31.0977
v -68.2411 57.3459 31.0033
v -66.3570 57.2790 30.0627
v -75.5050 59.7790 30.7012
v -67.4092 58.9581 31.6521
v -65.6881 59.4496 30.7717
v -63.2389 60.3391 30.7012
v -60.7389 60.3963 30.7012
v -58.8453 60.6651 30.7012
v -74.7135 61.6499 30.7012
v -73.4238 62.7962 30.6827
v -71.3898 63.1465 31.5037
v -67.1845 63.4142 29.7337
v -66.6385 63.4142 29.7337
v -57.9469 62.1389 30.5817
v -55.7389 62.6783 29.8102
v -54.3143 63.0449 29.7124
v -72.7138 63.8347 29.8370
v -70.5876 64.5664 30.5722
v -67.9228 64.4897 30.5206
v -65.7787 64.1456 30.6207
v -63.2389 64.4743 30.7012
v -61.2196 65.0677 30.7012
v -57.7770 64.1547 31.3353
v -55.8571 64.9044 30.8513
v -54.2644 64.7790 29.7882
v -70.2169 67.2790 30.0587
v -67.9922 67.1251 29.9434
v -65.7389 67.7521 29.8611
v -63.9847 68.1664 29.9873
v -60.6768 67.2790 30.7012
v -57.1581 68.2788 31.6880
v -55.9314 67.2576 30.6637
v -54.3642 66.2364 29.6394
v -72.3813 70.3253 31.1669
v -71.0632 69.5361 30.6192
v -68.2152 69.6598 31.0518
v -65.7389 69.7790 30.6767
v -63.6620 69.7790 30.3912
v -60.1961 68.8828 30.7012
v -58.0904 68.8890 30.7933
v -56.7602 68.6573 30.0214
v -72.3813 71.4433 31.1669
v -70.9736 71.9559 30.4806
v -68.2152 72.1100 30.6733
v -65.7389 71.7896 30.2668
v -63.8906 71.3720 30.1685
v 40.0454 -51.6087 32.0689
v 40.6662 -51.6087 32.0689
v 34.7062 -49.9065 33.2012
v 36.7611 -50.8467 33.2012
v 39.3039 -50.4311 33.0001
v 41.6042 -50.0149 32.2440
v 44.2611 -49.1144 32.1033
v 46.7611 -49.0750 32.0858
v 48.0751 -48.9916 31.9847
v 34.7062 -47.9403 33.2012
v 36.7611 -46.9687 33.2012
v 39.2090 -47.4899 33.1318
v 41.7611 -47.7210 32.8396
v 44.2611 -47.7210 32.7496
v 46.7611 -47.7210 32.7660
v 48.5894 -47.7210 32.3351
v 39.8556 -46.1580 32.3324
v 41.7611 -45.8311 32.5619
v 44.3161 -45.1469 32.5797
v 46.7088 -45.1401 32.6069
v 49.4620 -45.2048 32.3714
v 50.9152 -44.4902 32.3132
v 45.1861 -43.7270 32.1370
v 46.8490 -42.7087 32.1198
v 49.3280 -42.6026 32.6881
v 51.3883 -42.7210 32.7588
v 37.0426 -39.6107 33.2012
v 39.2611 -39.9582 33.2012
v 41.0528 -39.3185 33.2012
v 47.8573 -41.3182 32.1026
v 49.2611 -41.0065 32.6009
v 51.2766 -41.0046 32.6660
v 37.2185 -37.5763 33.0389
v 39.0538 -36.9628 33.0389
v 41.0528 -38.2041 33.2012
v 37.9815 -36.4588 32.0974
v 38.0823 -36.4588 32.0974
v -74.8750 58.2857 32.3728
v -73.1697 58.1406 33.2042
v -70.8581 58.1035 33.1356
v -69.0759 58.2239 32.2586
v -74.9508 59.7463 33.2042
v -73.9570 58.8912 34.0395
v -69.9745 59.7790 34.0226
v -68.2411 59.7865 32.7212
v -65.7389 60.5456 32.2715
v -63.2389 60.7268 32.2804
v -60.7389 60.8594 32.1649
v -59.3941 60.9655 32.0360
v -74.7768 61.4166 33.2012
v -73.2389 62.1483 33.2012
v -70.4554 62.3501 33.2395
v -68.2389 62.2790 32.9016
v -65.7389 62.2790 32.7086
v -63.2389 62.2790 32.7052
v -60.7389 62.2790 32.3069
v -59.3839 62.2790 32.0422
v -69.7231 63.6314 32.0733
v -68.2389 63.7201 32.1696
v -65.7389 64.1494 32.3883
v -63.2389 64.1826 32.3761
v -60.7451 64.6470 32.5114
v -58.4617 64.9044 32.5605
v -56.7692 65.8214 32.1858
v -60.1748 67.2790 32.8290
v -58.0904 67.3788 32.7942
v -56.7692 66.6121 32.1858
v -72.6438 70.1208 33.2012
v -70.7389 69.2992 33.2012
v -68.8291 70.2074 33.2012
v -59.9764 68.7864 32.3773
v -58.8248 68.7864 32.3773
v -72.6438 71.7028 33.2012
v -70.7389 72.3621 33.2012
v -68.8291 71.6883 33.2012
v 35.1551 -49.3472 35.7012
v 36.7611 -50.0550 35.7012
v 38.7157 -49.6787 35.7012
v 35.1551 -48.4268 35.7012
v 36.7611 -47.6174 35.7012
v 38.7157 -48.1616 35.7012
v 37.3648 -39.2379 34.6774
v 39.2611 -39.3048 34.7408
v 40.6748 -39.1492 34.6111
v 37.3648 -38.3132 34.6774
v 39.2611 -38.0945 34.7408
v 40.6748 -38.4601 34.6111
v -72.2903 58.4323 34.7589
v -71.7710 58.4323 34.7589
v -74.7084 60.5579 35.0494
v -73.2218 59.7770 35.7375
v -71.0588 59.8093 35.6359
v -74.7084 61.3192 35.0494
v -73.2875 61.6213 35.8101
v -70.9897 61.5518 35.7012
v -72.4697 70.5219 34.7840
v -70.7389 70.2885 34.9382
v -69.0653 70.5488 34.7678
v -72.4697 71.5132 34.7840
v -70.7389 71.7483 34.9382
v -69.0653 71.5039 34.7678
v 35.4845 -48.9990 36.9681
v 36.7611 -49.2455 37.1293
v 38.3991 -49.3090 37.1718
v 35.4845 -48.9264 36.9681
v 36.7611 -48.6218 37.1293
v 38.3991 -48.5500 37.1718
v -72.4866 60.6628 37.0823
v -71.4579 60.6628 37.0823
v -72.4866 61.2013 37.0823
v -71.4579 61.2013 37.0823
f 5 1 4
f 5 2 1
f 7 3 6
f 7 4 3
f 8 4 7
f 8 5 4
f 13 9 12
f 13 10 9
f 14 10 13
f 14 11 10
f 16 12 15
f 16 13 12
f 23 17 22
f 23 18 17
f 25 20 19
f 25 26 20
f 28 21 27
f 28 22 21
f 2 28 1
f 2 29 28
f 28 23 22
f 28 29 23
f 30 23 29
f 30 24 23
f 33 1 28
f 33 4 1
f 33 3 4
f 33 32 3
f 33 27 32
f 33 28 27
f 34 29 2
f 34 2 5
f 36 3 32
f 36 6 3
f 36 31 35
f 36 32 31
f 37 7 6
f 37 6 36
f 38 34 5
f 38 5 8
f 8 7 37
f 8 37 38
f 46 39 45
f 46 40 39
f 46 41 40
f 46 47 41
f 48 43 42
f 48 49 43
f 51 44 50
f 51 45 44
f 52 9 10
f 52 51 9
f 52 45 51
f 52 46 45
f 11 52 10
f 11 53 52
f 52 47 46
f 52 53 47
f 55 9 51
f 55 12 9
f 54 51 50
f 54 55 51
f 57 53 11
f 57 11 14
f 57 14 13
f 57 13 56
f 55 15 12
f 55 59 15
f 58 55 54
f 58 59 55
f 56 13 16
f 56 16 60
f 60 16 15
f 60 15 59
f 60 59 55
f 60 55 56
f 63 17 18
f 63 62 17
f 20 64 19
f 20 65 64
f 67 17 62
f 67 22 17
f 67 21 22
f 67 66 21
f 67 61 66
f 67 62 61
f 68 63 18
f 68 18 23
f 24 68 23
f 24 69 68
f 64 25 19
f 64 70 25
f 71 65 20
f 71 20 26
f 71 26 25
f 71 25 70
f 72 21 66
f 72 27 21
f 72 65 71
f 72 66 65
f 69 24 30
f 69 30 74
f 30 29 73
f 30 73 74
f 75 71 70
f 75 76 71
f 77 27 72
f 77 32 27
f 77 31 32
f 77 76 31
f 77 71 76
f 77 72 71
f 73 29 34
f 73 34 78
f 79 73 78
f 79 74 73
f 80 31 76
f 80 35 31
f 81 36 35
f 81 35 80
f 82 37 36
f 82 36 81
f 78 34 38
f 78 38 83
f 38 37 82
f 38 82 83
f 85 82 81
f 85 86 82
f 87 82 86
f 87 83 82
f 87 84 83
f 87 88 84
f 89 86 85
f 89 90 86
f 91 86 90
f 91 87 86
f 95 39 40
f 95 94 39
f 41 95 40
f 41 96 95
f 43 97 42
f 43 98 97
f 99 92 98
f 99 93 92
f 100 39 94
f 100 45 39
f 100 44 45
f 100 99 44
f 100 93 99
f 100 94 93
f 101 96 41
f 101 41 47
f 97 48 42
f 97 102 48
f 103 98 43
f 103 43 49
f 49 48 102
f 49 102 103
f 104 44 99
f 104 50 44
f 104 98 103
f 104 99 98
f 105 101 47
f 105 47 53
f 104 54 50
f 104 107 54
f 106 104 103
f 106 107 104
f 56 55 108
f 56 108 109
f 110 105 53
f 110 53 57
f 57 56 109
f 57 109 110
f 107 58 54
f 107 111 58
f 108 55 59
f 108 59 112
f 112 59 58
f 112 58 111
f 113 108 112
f 113 109 108
f 115 112 111
f 115 116 112
f 117 112 116
f 117 113 112
f 117 114 113
f 117 118 114
f 120 61 62
f 120 119 61
f 121 62 63
f 121 120 62
f 65 122 64
f 65 123 122
f 124 61 119
f 124 66 61
f 66 123 65
f 66 124 123
f 121 63 68
f 121 68 125
f 69 125 68
f 69 126 125
f 122 70 64
f 122 128 70
f 129 128 122
f 129 122 123
f 130 129 123
f 130 123 124
f 131 126 69
f 131 69 74
f 131 127 126
f 131 132 127
f 128 75 70
f 128 133 75
f 134 76 75
f 134 75 133
f 131 74 79
f 131 79 137
f 79 78 136
f 79 136 137
f 138 76 134
f 138 80 76
f 81 80 138
f 81 138 139
f 138 134 135
f 138 135 139
f 136 78 83
f 136 83 141
f 84 141 83
f 84 142 141
f 142 136 141
f 142 137 136
f 143 81 139
f 143 85 81
f 143 139 140
f 143 140 144
f 146 142 84
f 146 84 88
f 88 87 145
f 88 145 146
f 146 145 141
f 146 141 142
f 143 89 85
f 143 147 89
f 90 89 147
f 90 147 148
f 147 143 144
f 147 144 148
f 149 145 87
f 149 87 91
f 91 90 148
f 91 148 149
f 93 150 92
f 93 151 150
f 152 93 94
f 152 151 93
f 95 152 94
f 95 153 152
f 96 153 95
f 96 154 153
f 158 92 150
f 158 98 92
f 98 157 97
f 98 158 157
f 159 158 150
f 159 150 151
f 160 154 96
f 160 96 101
f 160 155 154
f 160 161 155
f 161 156 155
f 161 162 156
f 157 102 97
f 157 163 102
f 103 102 163
f 103 163 164
f 164 163 157
f 164 157 158
f 160 101 105
f 160 105 165
f 166 160 165
f 166 161 160
f 167 161 166
f 167 162 161
f 164 106 103
f 164 168 106
f 169 107 106
f 169 106 168
f 165 105 110
f 165 110 171
f 110 109 170
f 110 170 171
f 169 111 107
f 169 172 111
f 170 109 113
f 170 113 174
f 114 174 113
f 114 175 174
f 175 170 174
f 175 171 170
f 176 111 172
f 176 115 111
f 116 115 176
f 116 176 177
f 176 172 173
f 176 173 177
f 117 116 177
f 117 177 178
f 179 175 114
f 179 114 118
f 179 118 117
f 179 117 178
f 184 119 120
f 184 183 119
f 184 180 183
f 184 181 180
f 121 184 120
f 121 185 184
f 184 182 181
f 184 185 182
f 189 119 183
f 189 124 119
f 190 185 121
f 190 121 125
f 191 125 126
f 191 190 125
f 190 186 185
f 190 191 186
f 127 191 126
f 127 192 191
f 191 187 186
f 191 192 187
f 129 193 128
f 129 194 193
f 189 130 124
f 189 195 130
f 195 129 130
f 195 194 129
f 195 188 194
f 195 189 188
f 192 127 132
f 192 132 198
f 132 131 197
f 132 197 198
f 193 133 128
f 193 199 133
f 134 133 199
f 134 199 200
f 200 199 193
f 200 193 194
f 135 134 200
f 135 200 201
f 197 131 137
f 197 137 203
f 203 202 196
f 203 196 197
f 204 197 203
f 204 198 197
f 205 135 201
f 205 139 135
f 140 139 205
f 140 205 206
f 208 203 137
f 208 137 142
f 142 141 207
f 142 207 208
f 208 207 202
f 208 202 203
f 206 144 140
f 206 209 144
f 207 141 145
f 207 145 210
f 211 207 210
f 211 208 207
f 212 144 209
f 212 148 144
f 210 145 149
f 210 149 213
f 149 148 212
f 149 212 213
f 213 212 209
f 213 209 210
f 152 218 151
f 152 219 218
f 219 214 218
f 219 215 214
f 220 152 153
f 220 219 152
f 220 215 219
f 220 216 215
f 154 220 153
f 154 221 220
f 220 217 216
f 220 221 217
f 155 221 154
f 155 222 221
f 223 155 156
f 223 222 155
f 225 151 218
f 225 159 151
f 159 224 158
f 159 225 224
f 226 225 218
f 226 218 219
f 228 223 156
f 228 156 162
f 224 164 158
f 224 229 164
f 233 166 165
f 233 165 232
f 234 228 162
f 234 162 167
f 234 167 166
f 234 166 233
f 234 233 227
f 234 227 228
f 235 164 229
f 235 168 164
f 169 168 235
f 169 235 236
f 235 229 230
f 235 230 236
f 232 165 171
f 232 171 239
f 238 231 232
f 238 232 239
f 240 169 236
f 240 172 169
f 173 172 240
f 173 240 241
f 240 236 237
f 240 237 241
f 239 171 175
f 239 175 242
f 244 173 241
f 244 177 173
f 178 177 244
f 178 244 245
f 242 175 179
f 242 179 246
f 179 178 245
f 179 245 246
f 247 242 246
f 247 243 242
f 249 180 181
f 249 248 180
f 182 249 181
f 182 250 249
f 251 180 248
f 251 183 180
f 253 250 182
f 253 182 185
f 186 253 185
f 186 254 253
f 187 254 186
f 187 255 254
f 258 183 251
f 258 189 183
f 258 188 189
f 258 257 188
f 259 258 251
f 259 251 252
f 260 253 254
f 260 254 261
f 262 255 187
f 262 187 192
f 262 256 255
f 262 263 256
f 264 188 257
f 264 194 188
f 197 196 266
f 197 266 267
f 262 192 198
f 262 198 268
f 269 262 268
f 269 263 262
f 270 194 264
f 270 200 194
f 201 200 270
f 201 270 271
f 270 264 265
f 270 265 271
f 273 266 196
f 273 196 202
f 274 197 267
f 274 203 197
f 274 266 273
f 274 267 266
f 268 198 204
f 268 204 275
f 204 203 274
f 204 274 275
f 275 274 267
f 275 267 268
f 276 268 275
f 276 269 268
f 277 201 271
f 277 205 201
f 206 205 277
f 206 277 278
f 277 271 272
f 277 272 278
f 279 273 202
f 279 202 207
f 208 279 207
f 208 280 279
f 280 273 279
f 280 274 273
f 281 206 278
f 281 209 206
f 282 210 209
f 282 209 281
f 280 208 211
f 280 211 283
f 211 210 282
f 211 282 283
f 285 214 215
f 285 284 214
f 286 215 216
f 286 285 215
f 287 216 217
f 287 286 216
f 288 214 284
f 288 218 214
f 289 219 218
f 289 218 288
f 291 287 217
f 291 217 221
f 292 221 222
f 292 291 221
f 223 292 222
f 223 293 292
f 225 295 224
f 225 296 295
f 289 226 219
f 289 297 226
f 226 296 225
f 226 297 296
f 299 298 290
f 299 290 291
f 301 293 223
f 301 223 228
f 228 227 300
f 228 300 301
f 302 293 301
f 302 294 293
f 303 224 295
f 303 229 224
f 230 229 303
f 230 303 304
f 303 295 296
f 303 296 304
f 307 232 231
f 307 231 306
f 300 227 233
f 300 233 308
f 308 233 232
f 308 232 307
f 309 300 308
f 309 301 300
f 310 230 304
f 310 236 230
f 237 236 310
f 237 310 311
f 310 304 305
f 310 305 311
f 306 231 238
f 306 238 312
f 239 312 238
f 239 313 312
f 312 307 306
f 312 313 307
f 314 237 311
f 314 241 237
f 313 239 242
f 313 242 316
f 243 316 242
f 243 317 316
f 318 241 314
f 318 244 241
f 245 244 318
f 245 318 319
f 318 314 315
f 318 315 319
f 246 245 319
f 246 319 320
f 317 243 247
f 317 247 321
f 247 246 320
f 247 320 321
f 321 320 316
f 321 316 317
f 249 324 248
f 249 325 324
f 250 325 249
f 250 326 325
f 326 322 325
f 326 323 322
f 328 248 324
f 328 251 248
f 252 251 328
f 252 328 329
f 329 328 324
f 329 324 325
f 330 326 250
f 330 250 253
f 330 327 326
f 330 331 327
f 332 254 255
f 332 331 254
f 256 332 255
f 256 333 332
f 335 257 258
f 335 334 257
f 329 259 252
f 329 336 259
f 259 335 258
f 259 336 335
f 330 253 260
f 330 260 337
f 338 254 331
f 338 261 254
f 261 337 260
f 261 338 337
f 338 330 337
f 338 331 330
f 339 333 256
f 339 256 263
f 340 257 334
f 340 264 257
f 265 264 340
f 265 340 341
f 340 334 335
f 340 335 341
f 342 341 335
f 342 335 336
f 268 267 343
f 268 343 344
f 339 263 269
f 339 269 345
f 346 265 341
f 346 271 265
f 272 271 346
f 272 346 347
f 346 341 342
f 346 342 347
f 343 267 274
f 343 274 349
f 344 275 268
f 344 350 275
f 350 343 349
f 350 344 343
f 345 269 276
f 345 276 351
f 276 275 350
f 276 350 351
f 352 272 347
f 352 278 272
f 352 347 348
f 352 348 353
f 349 274 280
f 349 280 354
f 354 353 348
f 354 348 349
f 355 349 354
f 355 350 349
f 356 278 352
f 356 281 278
f 357 282 281
f 357 281 356
f 356 352 353
f 356 353 357
f 358 354 280
f 358 280 283
f 358 283 282
f 358 282 357
f 358 357 353
f 358 353 354
f 361 360 359
f 361 362 360
f 285 366 284
f 285 367 366
f 368 285 286
f 368 367 285
f 368 363 367
f 368 364 363
f 369 286 287
f 369 368 286
f 368 365 364
f 368 369 365
f 366 288 284
f 366 370 288
f 289 288 370
f 289 370 371
f 371 370 366
f 371 366 367
f 373 369 287
f 373 287 291
f 373 291 290
f 373 290 372
f 374 291 292
f 374 373 291
f 293 374 292
f 293 375 374
f 294 375 293
f 294 376 375
f 371 297 289
f 371 378 297
f 297 377 296
f 297 378 377
f 372 290 298
f 372 298 379
f 373 299 291
f 373 380 299
f 299 379 298
f 299 380 379
f 380 372 379
f 380 373 372
f 376 294 302
f 376 302 382
f 302 301 381
f 302 381 382
f 381 375 376
f 381 376 382
f 383 296 377
f 383 304 296
f 305 304 383
f 305 383 384
f 383 377 378
f 383 378 384
f 308 307 386
f 308 386 387
f 381 301 309
f 381 309 388
f 309 308 387
f 309 387 388
f 389 305 384
f 389 311 305
f 389 384 385
f 389 385 390
f 386 307 313
f 386 313 391
f 392 386 391
f 392 387 386
f 393 387 392
f 393 388 387
f 394 311 389
f 394 314 311
f 315 314 394
f 315 394 395
f 394 389 390
f 394 390 395
f 396 391 313
f 396 313 316
f 395 390 391
f 395 391 396
f 397 391 396
f 397 392 391
f 398 315 395
f 398 319 315
f 399 396 316
f 399 316 320
f 399 320 319
f 399 319 398
f 399 398 395
f 399 395 396
f 402 401 400
f 402 403 401
f 323 404 322
f 323 405 404
f 406 322 404
f 406 325 322
f 405 323 326
f 405 326 407
f 406 404 405
f 406 405 407
f 327 407 326
f 327 408 407
f 409 325 406
f 409 329 325
f 411 408 327
f 411 327 331
f 410 407 408
f 410 408 411
f 412 331 332
f 412 411 331
f 413 332 333
f 413 412 332
f 409 336 329
f 409 414 336
f 413 333 339
f 413 339 416
f 415 412 413
f 415 413 416
f 414 342 336
f 414 419 342
f 422 416 339
f 422 339 345
f 421 415 416
f 421 416 422
f 422 417 416
f 422 423 417
f 424 417 423
f 424 418 417
f 425 342 419
f 425 347 342
f 348 347 425
f 348 425 426
f 425 419 420
f 425 420 426
f 427 349 348
f 427 348 426
f 422 345 351
f 422 351 429
f 351 350 428
f 351 428 429
f 430 422 429
f 430 423 422
f 431 349 427
f 431 354 349
f 428 350 355
f 428 355 432
f 355 354 431
f 355 431 432
f 433 428 432
f 433 429 428
f 438 434 437
f 438 435 434
f 438 436 435
f 438 439 436
f 443 359 360
f 443 442 359
f 445 440 439
f 445 446 440
f 442 361 359
f 442 449 361
f 448 442 441
f 448 449 442
f 443 360 362
f 443 362 450
f 450 362 361
f 450 361 449
f 451 443 450
f 451 444 443
f 453 445 452
f 453 446 445
f 453 447 446
f 453 454 447
f 456 449 455
f 456 450 449
f 364 457 363
f 364 458 457
f 365 458 364
f 365 459 458
f 460 363 457
f 460 367 363
f 461 460 457
f 461 457 458
f 462 459 365
f 462 365 369
f 461 458 459
f 461 459 462
f 463 367 460
f 463 371 367
f 465 462 369
f 465 369 373
f 374 465 373
f 374 466 465
f 375 466 374
f 375 467 466
f 463 378 371
f 463 469 378
f 470 469 463
f 470 463 464
f 467 375 381
f 467 381 472
f 471 466 467
f 471 467 472
f 472 468 467
f 472 473 468
f 475 378 469
f 475 384 378
f 385 384 475
f 385 475 476
f 477 472 381
f 477 381 388
f 477 473 472
f 477 478 473
f 478 474 473
f 478 479 474
f 480 385 476
f 480 390 385
f 481 391 390
f 481 390 480
f 477 388 393
f 477 393 483
f 393 392 482
f 393 482 483
f 484 477 483
f 484 478 477
f 485 478 484
f 485 479 478
f 486 391 481
f 486 396 391
f 482 392 397
f 482 397 487
f 397 396 486
f 397 486 487
f 488 482 487
f 488 483 482
f 493 489 492
f 493 490 489
f 493 491 490
f 493 494 491
f 499 400 401
f 499 498 400
f 500 495 494
f 500 501 495
f 501 496 495
f 501 502 496
f 504 400 498
f 504 402 400
f 504 497 503
f 504 498 497
f 505 499 401
f 505 401 403
f 505 403 402
f 505 402 504
f 506 502 501
f 506 507 502
f 509 406 407
f 509 508 406
f 508 409 406
f 508 510 409
f 509 407 410
f 509 410 511
f 510 508 509
f 510 509 511
f 512 410 411
f 512 511 410
f 412 512 411
f 412 513 512
f 510 414 409
f 510 516 414
f 517 516 510
f 517 510 511
f 518 513 412
f 518 412 415
f 519 513 518
f 519 514 513
f 417 519 416
f 417 520 519
f 519 515 514
f 519 520 515
f 521 417 418
f 521 520 417
f 522 414 516
f 522 419 414
f 420 419 522
f 420 522 523
f 518 415 421
f 518 421 525
f 526 416 519
f 526 422 416
f 526 421 422
f 526 525 421
f 526 518 525
f 526 519 518
f 521 418 424
f 521 424 528
f 424 423 527
f 424 527 528
f 527 520 521
f 527 521 528
f 529 420 523
f 529 426 420
f 427 426 529
f 427 529 530
f 531 530 524
f 531 524 525
f 527 423 430
f 527 430 533
f 430 429 532
f 430 532 533
f 534 427 530
f 534 431 427
f 432 431 534
f 432 534 535
f 532 429 433
f 532 433 536
f 433 432 535
f 433 535 536
f 537 532 536
f 537 533 532
f 539 535 538
f 539 536 535
f 550 434 435
f 550 549 434
f 550 540 549
f 550 541 540
f 436 550 435
f 436 551 550
f 550 542 541
f 550 551 542
f 554 543 553
f 554 544 543
f 556 546 545
f 556 557 546
f 559 547 558
f 559 548 547
f 560 434 549
f 560 437 434
f 560 548 559
f 560 549 548
f 561 438 437
f 561 437 560
f 562 551 436
f 562 436 439
f 439 438 561
f 439 561 562
f 440 562 439
f 440 563 562
f 565 552 564
f 565 553 552
f 566 555 554
f 566 567 555
f 570 441 442
f 570 569 441
f 570 558 569
f 570 559 558
f 571 442 443
f 571 570 442
f 571 559 570
f 571 560 559
f 444 571 443
f 444 572 571
f 571 561 560
f 571 572 561
f 573 439 562
f 573 445 439
f 573 561 572
f 573 562 561
f 574 563 440
f 574 440 446
f 447 574 446
f 447 575 574
f 578 568 567
f 578 579 568
f 580 441 569
f 580 448 441
f 581 449 448
f 581 448 580
f 580 569 570
f 580 570 581
f 572 444 451
f 572 451 583
f 451 450 582
f 451 582 583
f 573 452 445
f 573 584 452
f 583 573 572
f 583 584 573
f 585 453 452
f 585 452 584
f 575 447 454
f 575 454 586
f 454 453 585
f 454 585 586
f 586 576 575
f 586 587 576
f 587 577 576
f 587 588 577
f 589 449 581
f 589 455 449
f 582 450 456
f 582 456 590
f 456 455 589
f 456 589 590
f 589 581 582
f 589 582 590
f 591 587 586
f 591 592 587
f 593 587 592
f 593 588 587
f 595 460 461
f 595 594 460
f 596 461 462
f 596 595 461
f 597 460 594
f 597 463 460
f 464 463 597
f 464 597 598
f 597 594 595
f 597 595 598
f 596 462 465
f 596 465 599
f 598 595 596
f 598 596 599
f 600 465 466
f 600 599 465
f 468 601 467
f 468 602 601
f 604 464 598
f 604 470 464
f 470 603 469
f 470 604 603
f 605 600 466
f 605 466 471
f 606 467 601
f 606 472 467
f 606 471 472
f 606 605 471
f 605 601 600
f 605 606 601
f 602 468 473
f 602 473 607
f 474 607 473
f 474 608 607
f 609 469 603
f 609 475 469
f 476 475 609
f 476 609 610
f 613 608 474
f 613 474 479
f 612 607 608
f 612 608 613
f 614 476 610
f 614 480 476
f 481 480 614
f 481 614 615
f 614 610 611
f 614 611 615
f 484 483 616
f 484 616 617
f 618 613 479
f 618 479 485
f 618 485 484
f 618 484 617
f 618 617 612
f 618 612 613
f 615 486 481
f 615 619 486
f 487 486 619
f 487 619 620
f 616 483 488
f 616 488 621
f 488 487 620
f 488 620 621
f 629 623 622
f 629 630 623
f 634 489 490
f 634 633 489
f 634 624 633
f 634 625 624
f 491 634 490
f 491 635 634
f 634 626 625
f 634 635 626
f 636 628 627
f 636 637 628
f 640 631 639
f 640 632 631
f 641 489 633
f 641 492 489
f 640 633 632
f 640 641 633
f 642 493 492
f 642 492 641
f 643 635 491
f 643 491 494
f 494 493 642
f 494 642 643
f 495 643 494
f 495 644 643
f 496 644 495
f 496 645 644
f 646 637 636
f 646 647 637
f 647 638 637
f 647 648 638
f 649 640 639
f 649 650 640
f 651 497 498
f 651 650 497
f 651 640 650
f 651 641 640
f 499 651 498
f 499 652 651
f 651 642 641
f 651 652 642
f 643 500 494
f 643 653 500
f 653 642 652
f 653 643 642
f 654 501 500
f 654 500 653
f 645 496 502
f 645 502 655
f 658 497 650
f 658 503 497
f 659 504 503
f 659 503 658
f 652 499 505
f 652 505 660
f 505 504 659
f 505 659 660
f 660 653 652
f 660 661 653
f 654 506 501
f 654 662 506
f 661 654 653
f 661 662 654
f 655 502 507
f 655 507 663
f 507 506 662
f 507 662 663
f 663 656 655
f 663 664 656
f 664 657 656
f 664 665 657
f 667 664 663
f 667 668 664
f 669 664 668
f 669 665 664
f 669 666 665
f 669 670 666
f 512 671 511
f 512 672 671
f 513 672 512
f 513 673 672
f 514 673 513
f 514 674 673
f 675 514 515
f 675 674 514
f 671 517 511
f 671 680 517
f 517 679 516
f 517 680 679
f 683 675 515
f 683 515 520
f 682 674 675
f 682 675 683
f 684 677 676
f 684 685 677
f 685 678 677
f 685 686 678
f 679 522 516
f 679 687 522
f 523 522 687
f 523 687 688
f 688 687 679
f 688 679 680
f 688 680 681
f 688 681 689
f 690 525 524
f 690 524 689
f 692 683 520
f 692 520 527
f 691 682 683
f 691 683 692
f 694 686 685
f 694 695 686
f 696 523 688
f 696 529 523
f 697 689 524
f 697 524 530
f 697 530 529
f 697 529 696
f 690 531 525
f 690 698 531
f 531 697 530
f 531 698 697
f 697 690 689
f 697 698 690
f 692 527 533
f 692 533 699
f 699 693 692
f 699 700 693
f 697 534 530
f 697 705 534
f 704 697 696
f 704 705 697
f 706 535 534
f 706 534 705
f 699 533 537
f 699 537 708
f 537 536 707
f 537 707 708
f 709 701 700
f 709 710 701
f 711 701 710
f 711 702 701
f 711 703 702
f 711 712 703
f 706 538 535
f 706 715 538
f 714 706 705
f 714 715 706
f 707 536 539
f 707 539 716
f 716 539 538
f 716 538 715
f 718 709 717
f 718 710 709
f 719 713 712
f 719 720 713
f 722 540 541
f 722 721 540
f 723 541 542
f 723 722 541
f 544 724 543
f 544 725 724
f 729 545 546
f 729 728 545
f 548 730 547
f 548 731 730
f 732 540 721
f 732 549 540
f 732 548 549
f 732 731 548
f 733 732 721
f 733 721 722
f 723 542 551
f 723 551 734
f 733 722 723
f 733 723 734
f 737 543 724
f 737 553 543
f 737 552 553
f 737 736 552
f 738 725 544
f 738 544 554
f 738 554 553
f 738 553 737
f 555 738 554
f 555 739 738
f 739 725 738
f 739 726 725
f 741 545 728
f 741 556 545
f 741 727 740
f 741 728 727
f 729 546 557
f 729 557 742
f 557 556 741
f 557 741 742
f 730 558 547
f 730 743 558
f 744 743 730
f 744 730 731
f 745 734 551
f 745 551 562
f 563 745 562
f 563 746 745
f 745 735 734
f 745 746 735
f 747 552 736
f 747 564 552
f 746 736 735
f 746 747 736
f 737 553 565
f 737 565 748
f 748 565 564
f 748 564 747
f 738 566 554
f 738 749 566
f 748 738 737
f 748 749 738
f 750 739 555
f 750 555 567
f 750 567 566
f 750 566 749
f 568 750 567
f 568 751 750
f 751 739 750
f 751 740 739
f 752 740 751
f 752 741 740
f 753 741 752
f 753 742 741
f 754 558 743
f 754 569 558
f 570 569 754
f 570 754 755
f 757 746 563
f 757 563 574
f 575 757 574
f 575 758 757
f 757 747 746
f 757 758 747
f 576 758 575
f 576 759 758
f 758 748 747
f 758 759 748
f 577 759 576
f 577 760 759
f 759 749 748
f 759 760 749
f 750 578 567
f 750 761 578
f 761 749 760
f 761 750 749
f 751 568 579
f 751 579 762
f 579 578 761
f 579 761 762
f 763 751 762
f 763 752 751
f 755 581 570
f 755 765 581
f 582 581 765
f 582 765 766
f 765 755 756
f 765 756 766
f 583 582 766
f 583 766 767
f 768 584 583
f 768 583 767
f 769 585 584
f 769 584 768
f 770 586 585
f 770 585 769
f 772 760 577
f 772 577 588
f 771 759 760
f 771 760 772
f 774 764 773
f 774 765 764
f 775 769 768
f 775 776 769
f 770 591 586
f 770 777 591
f 776 770 769
f 776 777 770
f 778 592 591
f 778 591 777
f 779 772 588
f 779 588 593
f 593 592 778
f 593 778 779
f 781 773 780
f 781 774 773
f 599 782 598
f 599 783 782
f 600 783 599
f 600 784 783
f 785 600 601
f 785 784 600
f 786 601 602
f 786 785 601
f 782 604 598
f 782 791 604
f 604 790 603
f 604 791 790
f 792 791 782
f 792 782 783
f 795 786 602
f 795 602 607
f 796 788 787
f 796 797 788
f 797 789 788
f 797 798 789
f 790 609 603
f 790 799 609
f 610 609 799
f 610 799 800
f 799 790 791
f 799 791 800
f 611 610 800
f 611 800 801
f 800 791 792
f 800 792 801
f 802 801 792
f 802 792 793
f 804 795 607
f 804 607 612
f 803 794 795
f 803 795 804
f 808 798 797
f 808 809 798
f 811 611 801
f 811 615 611
f 810 801 800
f 810 811 801
f 804 612 617
f 804 617 813
f 617 616 812
f 617 812 813
f 813 805 804
f 813 814 805
f 816 806 815
f 816 807 806
f 811 619 615
f 811 819 619
f 818 811 810
f 818 819 811
f 820 620 619
f 820 619 819
f 812 616 621
f 812 621 821
f 621 620 820
f 621 820 821
f 822 812 821
f 822 813 812
f 824 814 823
f 824 815 814
f 825 817 816
f 825 826 817
f 830 820 829
f 830 821 820
f 831 824 823
f 831 832 824
f 833 827 826
f 833 834 827
f 834 828 827
f 834 835 828
f 623 838 622
f 623 839 838
f 625 840 624
f 625 841 840
f 626 841 625
f 626 842 841
f 628 845 627
f 628 846 845
f 846 836 845
f 846 837 836
f 838 629 622
f 838 848 629
f 839 623 630
f 839 630 849
f 849 630 629
f 849 629 848
f 632 850 631
f 632 851 850
f 852 624 840
f 852 633 624
f 852 632 633
f 852 851 632
f 853 852 840
f 853 840 841
f 854 842 626
f 854 626 635
f 857 843 856
f 857 844 843
f 858 627 845
f 858 636 627
f 858 844 857
f 858 845 844
f 859 846 628
f 859 628 637
f 638 859 637
f 638 860 859
f 861 847 860
f 861 848 847
f 862 848 861
f 862 849 848
f 850 639 631
f 850 863 639
f 864 863 850
f 864 850 851
f 865 854 635
f 865 635 643
f 644 865 643
f 644 866 865
f 865 855 854
f 865 866 855
f 645 866 644
f 645 867 866
f 866 856 855
f 866 867 856
f 867 857 856
f 867 868 857
f 858 646 636
f 858 869 646
f 868 858 857
f 868 869 858
f 870 647 646
f 870 646 869
f 871 860 638
f 871 638 648
f 648 647 870
f 648 870 871
f 872 860 871
f 872 861 860
f 873 861 872
f 873 862 861
f 863 649 639
f 863 874 649
f 875 650 649
f 875 649 874
f 874 863 864
f 874 864 875
f 878 867 645
f 878 645 655
f 656 878 655
f 656 879 878
f 878 868 867
f 878 879 868
f 657 879 656
f 657 880 879
f 879 869 868
f 879 880 869
f 880 870 869
f 880 881 870
f 882 870 881
f 882 871 870
f 883 871 882
f 883 872 871
f 875 658 650
f 875 885 658
f 886 659 658
f 886 658 885
f 885 875 876
f 885 876 886
f 887 660 659
f 887 659 886
f 886 876 877
f 886 877 887
f 661 660 887
f 661 887 888
f 889 662 661
f 889 661 888
f 890 663 662
f 890 662 889
f 891 880 657
f 891 657 665
f 892 665 666
f 892 891 665
f 894 884 893
f 894 885 884
f 895 885 894
f 895 886 885
f 896 889 888
f 896 897 889
f 890 667 663
f 890 898 667
f 897 890 889
f 897 898 890
f 899 668 667
f 899 667 898
f 900 669 668
f 900 668 899
f 892 666 670
f 892 670 901
f 901 670 669
f 901 669 900
f 901 900 891
f 901 891 892
f 672 904 671
f 672 905 904
f 906 672 673
f 906 905 672
f 907 673 674
f 907 906 673
f 909 676 677
f 909 908 676
f 909 902 908
f 909 903 902
f 910 677 678
f 910 909 677
f 911 671 904
f 911 680 671
f 681 680 911
f 681 911 912
f 911 904 905
f 911 905 912
f 913 912 905
f 913 905 906
f 907 674 682
f 907 682 914
f 913 906 907
f 913 907 914
f 917 676 908
f 917 684 676
f 918 685 684
f 918 684 917
f 919 910 678
f 919 678 686
f 922 681 912
f 922 689 681
f 922 688 689
f 922 921 688
f 923 914 682
f 923 682 691
f 924 691 692
f 924 923 691
f 923 915 914
f 923 924 915
f 693 924 692
f 693 925 924
f 928 916 927
f 928 917 916
f 918 694 685
f 918 929 694
f 928 918 917
f 928 929 918
f 919 686 695
f 919 695 930
f 695 694 929
f 695 929 930
f 921 696 688
f 921 933 696
f 933 920 932
f 933 921 920
f 935 925 693
f 935 693 700
f 700 699 934
f 700 934 935
f 701 935 700
f 701 936 935
f 702 936 701
f 702 937 936
f 937 926 936
f 937 927 926
f 703 937 702
f 703 938 937
f 937 928 927
f 937 938 928
f 938 929 928
f 938 939 929
f 939 930 929
f 939 940 930
f 941 930 940
f 941 931 930
f 933 704 696
f 933 942 704
f 943 705 704
f 943 704 942
f 934 699 708
f 934 708 945
f 708 707 944
f 708 944 945
f 946 700 935
f 946 709 700
f 946 934 945
f 946 935 934
f 711 710 947
f 711 947 948
f 949 938 703
f 949 703 712
f 949 712 711
f 949 711 948
f 713 949 712
f 713 950 949
f 949 939 938
f 949 950 939
f 951 939 950
f 951 940 939
f 943 714 705
f 943 952 714
f 953 715 714
f 953 714 952
f 944 707 716
f 944 716 954
f 954 716 715
f 954 715 953
f 955 944 954
f 955 945 944
f 946 717 709
f 946 956 717
f 955 946 945
f 955 956 946
f 947 710 718
f 947 718 957
f 718 717 956
f 718 956 957
f 958 947 957
f 958 948 947
f 949 719 712
f 949 959 719
f 959 948 958
f 959 949 948
f 950 713 720
f 950 720 960
f 960 720 719
f 960 719 959
f 960 951 950
f 960 961 951
f 963 953 962
f 963 954 953
f 963 955 954
f 963 964 955
f 965 957 956
f 965 966 957
f 969 959 968
f 969 960 959
f 969 961 960
f 969 970 961
f 973 962 972
f 973 963 962
f 973 964 963
f 973 974 964
f 975 964 974
f 975 965 964
f 975 966 965
f 975 976 966
f 977 724 725
f 977 976 724
f 976 967 966
f 976 977 967
f 726 977 725
f 726 978 977
f 977 968 967
f 977 978 968
f 979 968 978
f 979 969 968
f 980 727 728
f 980 979 727
f 980 969 979
f 980 970 969
f 729 980 728
f 729 981 980
f 732 982 731
f 732 983 982
f 984 732 733
f 984 983 732
f 984 971 983
f 984 972 971
f 985 733 734
f 985 984 733
f 984 973 972
f 984 985 973
f 735 985 734
f 735 986 985
f 986 973 985
f 986 974 973
f 987 735 736
f 987 986 735
f 988 724 976
f 988 737 724
f 988 736 737
f 988 987 736
f 987 976 975
f 987 988 976
f 990 978 726
f 990 726 739
f 991 727 979
f 991 740 727
f 740 990 739
f 740 991 990
f 990 979 978
f 990 991 979
f 981 729 742
f 981 742 993
f 982 744 731
f 982 995 744
f 744 994 743
f 744 995 994
f 996 988 989
f 996 989 997
f 993 742 753
f 993 753 999
f 999 753 752
f 999 752 998
f 999 998 992
f 999 992 993
f 994 754 743
f 994 1000 754
f 755 754 1000
f 755 1000 1001
f 1000 994 995
f 1000 995 1001
f 756 755 1001
f 756 1001 1002
f 760 759 1006
f 760 1006 1007
f 1008 761 760
f 1008 760 1007
f 762 761 1008
f 762 1008 1009
f 998 752 763
f 998 763 1010
f 763 762 1009
f 763 1009 1010
f 1012 764 765
f 1012 1011 764
f 1013 756 1002
f 1013 766 756
f 1014 767 766
f 1014 766 1013
f 768 767 1014
f 768 1014 1015
f 1016 1015 1003
f 1016 1003 1004
f 1016 1004 1005
f 1016 1005 1017
f 1006 759 771
f 1006 771 1018
f 1019 771 772
f 1019 1018 771
f 1020 1007 1019
f 1020 1008 1007
f 1021 764 1011
f 1021 773 764
f 1012 765 774
f 1012 774 1022
f 1023 1012 1022
f 1023 1013 1012
f 1023 1014 1013
f 1023 1024 1014
f 1025 768 1015
f 1025 775 768
f 1025 1014 1024
f 1025 1015 1014
f 1026 776 775
f 1026 775 1025
f 1027 777 776
f 1027 776 1026
f 1028 778 777
f 1028 777 1027
f 1027 1017 1018
f 1027 1018 1028
f 1029 1019 772
f 1029 772 779
f 1029 779 778
f 1029 778 1028
f 1029 1028 1018
f 1029 1018 1019
f 1021 780 773
f 1021 1030 780
f 1031 1022 774
f 1031 774 781
f 781 780 1030
f 781 1030 1031
f 784 1035 783
f 784 1036 1035
f 785 1036 784
f 785 1037 1036
f 1038 785 786
f 1038 1037 785
f 1041 787 788
f 1041 1040 787
f 1041 1032 1040
f 1041 1033 1032
f 789 1041 788
f 789 1042 1041
f 1041 1034 1033
f 1041 1042 1034
f 1035 792 783
f 1035 1044 792
f 793 792 1044
f 793 1044 1045
f 1045 1044 1035
f 1045 1035 1036
f 1046 1045 1036
f 1046 1036 1037
f 1038 786 795
f 1038 795 1047
f 1047 795 794
f 1047 794 1046
f 1046 1037 1038
f 1046 1038 1047
f 1040 796 787
f 1040 1049 796
f 1049 1039 1048
f 1049 1040 1039
f 1050 797 796
f 1050 796 1049
f 1051 1042 789
f 1051 789 798
f 1054 800 801
f 1054 1053 800
f 1054 1043 1053
f 1054 1044 1043
f 1055 793 1045
f 1055 802 793
f 802 1054 801
f 802 1055 1054
f 1055 1044 1054
f 1055 1045 1044
f 1056 1046 794
f 1056 794 803
f 1057 803 804
f 1057 1056 803
f 1056 1047 1046
f 1056 1057 1047
f 805 1057 804
f 805 1058 1057
f 807 1059 806
f 807 1060 1059
f 1061 1048 1060
f 1061 1049 1048
f 1050 808 797
f 1050 1062 808
f 1061 1050 1049
f 1061 1062 1050
f 1051 798 809
f 1051 809 1063
f 809 808 1062
f 809 1062 1063
f 1063 1052 1051
f 1063 1064 1052
f 1053 810 800
f 1053 1065 810
f 1068 1058 805
f 1068 805 814
f 814 813 1067
f 814 1067 1068
f 1069 806 1059
f 1069 815 806
f 815 1068 814
f 815 1069 1068
f 1070 1060 807
f 1070 807 816
f 1070 816 815
f 1070 815 1069
f 817 1070 816
f 817 1071 1070
f 1071 1060 1070
f 1071 1061 1060
f 1072 1061 1071
f 1072 1062 1061
f 1074 1063 1073
f 1074 1064 1063
f 1065 818 810
f 1065 1075 818
f 1076 819 818
f 1076 818 1075
f 1077 820 819
f 1077 819 1076
f 1067 813 822
f 1067 822 1079
f 822 821 1078
f 822 1078 1079
f 1079 1078 1066
f 1079 1066 1067
f 1080 814 1068
f 1080 823 814
f 1080 1067 1079
f 1080 1068 1067
f 1081 1069 815
f 1081 815 824
f 1070 825 816
f 1070 1082 825
f 1081 1070 1069
f 1081 1082 1070
f 1083 1071 817
f 1083 817 826
f 1083 826 825
f 1083 825 1082
f 1084 826 827
f 1084 1083 826
f 1084 1071 1083
f 1084 1072 1071
f 828 1084 827
f 828 1085 1084
f 1085 1072 1084
f 1085 1073 1072
f 1077 829 820
f 1077 1087 829
f 1086 1077 1076
f 1086 1087 1077
f 1078 821 830
f 1078 830 1088
f 830 829 1087
f 830 1087 1088
f 1089 1078 1088
f 1089 1079 1078
f 1080 831 823
f 1080 1090 831
f 1089 1080 1079
f 1089 1090 1080
f 1081 824 832
f 1081 832 1091
f 1091 832 831
f 1091 831 1090
f 1092 1081 1091
f 1092 1082 1081
f 1083 833 826
f 1083 1093 833
f 1093 1082 1092
f 1093 1083 1082
f 1094 834 833
f 1094 833 1093
f 1085 828 835
f 1085 835 1095
f 835 834 1094
f 835 1094 1095
f 1098 1088 1097
f 1098 1089 1088
f 1099 1091 1090
f 1099 1100 1091
f 1102 836 837
f 1102 1101 836
f 1103 1095 1094
f 1103 1104 1095
f 1105 838 839
f 1105 1104 838
f 842 1107 841
f 842 1108 1107
f 1108 1096 1107
f 1108 1097 1096
f 1109 1097 1108
f 1109 1098 1097
f 1111 843 844
f 1111 1110 843
f 1110 1100 1099
f 1110 1111 1100
f 1112 836 1101
f 1112 845 836
f 1112 844 845
f 1112 1111 844
f 1111 1101 1100
f 1111 1112 1101
f 1113 1102 837
f 1113 837 846
f 1114 1102 1113
f 1114 1103 1102
f 1115 838 1104
f 1115 848 838
f 1115 847 848
f 1115 1114 847
f 1115 1103 1114
f 1115 1104 1103
f 1105 839 849
f 1105 849 1116
f 1115 1104 1105
f 1115 1105 1116
f 852 1117 851
f 852 1118 1117
f 1119 841 1107
f 1119 853 841
f 1119 852 853
f 1119 1118 852
f 1119 1106 1118
f 1119 1107 1106
f 1120 1108 842
f 1120 842 854
f 855 1120 854
f 855 1121 1120
f 1120 1109 1108
f 1120 1121 1109
f 1122 843 1110
f 1122 856 843
f 1122 855 856
f 1122 1121 855
f 1123 1111 1112
f 1123 1112 1124
f 1125 1113 846
f 1125 846 859
f 1126 847 1114
f 1126 860 847
f 1126 859 860
f 1126 1125 859
f 1126 1113 1125
f 1126 1114 1113
f 1116 849 862
f 1116 862 1127
f 1117 864 851
f 1117 1128 864
f 1127 862 873
f 1127 873 1131
f 1131 873 872
f 1131 872 1130
f 1132 864 1128
f 1132 875 864
f 876 875 1132
f 876 1132 1133
f 1134 877 876
f 1134 876 1133
f 881 880 1137
f 881 1137 1138
f 882 881 1138
f 882 1138 1139
f 1140 1130 872
f 1140 872 883
f 1140 883 882
f 1140 882 1139
f 1140 1139 1129
f 1140 1129 1130
f 1142 884 885
f 1142 1141 884
f 1143 885 886
f 1143 1142 885
f 1134 887 877
f 1134 1144 887
f 1143 1134 1133
f 1143 1144 1134
f 888 887 1144
f 888 1144 1145
f 1146 1145 1135
f 1146 1135 1136
f 1137 880 891
f 1137 891 1149
f 1150 1137 1149
f 1150 1138 1137
f 1141 893 884
f 1141 1151 893
f 894 893 1151
f 894 1151 1152
f 1143 886 895
f 1143 895 1153
f 895 894 1152
f 895 1152 1153
f 1153 1144 1143
f 1153 1154 1144
f 1145 896 888
f 1145 1155 896
f 1154 1145 1144
f 1154 1155 1145
f 1156 897 896
f 1156 896 1155
f 1155 1145 1146
f 1155 1146 1156
f 1157 898 897
f 1157 897 1156
f 1158 899 898
f 1158 898 1157
f 1158 1157 1147
f 1158 1147 1148
f 1159 1149 891
f 1159 891 900
f 1159 900 899
f 1159 899 1158
f 1159 1158 1148
f 1159 1148 1149
f 1163 1161 1160
f 1163 1164 1161
f 903 1164 902
f 903 1165 1164
f 1164 1162 1161
f 1164 1165 1162
f 1168 902 1164
f 1168 908 902
f 1168 1163 1167
f 1168 1164 1163
f 1169 1165 903
f 1169 903 909
f 910 1169 909
f 910 1170 1169
f 1169 1166 1165
f 1169 1170 1166
f 913 1172 912
f 913 1173 1172
f 1174 913 914
f 1174 1173 913
f 915 1174 914
f 915 1175 1174
f 1177 908 1168
f 1177 917 908
f 1177 916 917
f 1177 1176 916
f 1177 1167 1176
f 1177 1168 1167
f 1178 1170 910
f 1178 910 919
f 921 1179 920
f 921 1180 1179
f 1181 912 1172
f 1181 922 912
f 1181 921 922
f 1181 1180 921
f 1181 1171 1180
f 1181 1172 1171
f 1175 915 924
f 1175 924 1184
f 1183 1174 1175
f 1183 1175 1184
f 1185 924 925
f 1185 1184 924
f 1187 916 1176
f 1187 927 916
f 1187 926 927
f 1187 1186 926
f 1190 1178 919
f 1190 919 930
f 931 1190 930
f 931 1191 1190
f 1179 932 920
f 1179 1192 932
f 933 932 1192
f 933 1192 1193
f 1193 1192 1179
f 1193 1179 1180
f 1195 1194 1182
f 1195 1182 1183
f 1185 925 935
f 1185 935 1197
f 1196 1184 1185
f 1196 1185 1197
f 1198 926 1186
f 1198 936 926
f 1198 935 936
f 1198 1197 935
f 1199 1188 1189
f 1199 1189 1200
f 1191 931 941
f 1191 941 1202
f 941 940 1201
f 941 1201 1202
f 1193 942 933
f 1193 1205 942
f 1206 943 942
f 1206 942 1205
f 1208 1207 1196
f 1208 1196 1197
f 1209 1201 940
f 1209 940 951
f 1211 1203 1210
f 1211 1204 1203
f 1212 1204 1211
f 1212 1205 1204
f 1206 952 943
f 1206 1213 952
f 953 952 1213
f 953 1213 1214
f 1217 956 955
f 1217 955 1216
f 958 957 1218
f 958 1218 1219
f 1220 959 958
f 1220 958 1219
f 1221 1209 951
f 1221 951 961
f 1223 1210 1222
f 1223 1211 1210
f 1224 1213 1212
f 1224 1225 1213
f 1214 962 953
f 1214 1226 962
f 1225 1214 1213
f 1225 1226 1214
f 1227 1226 1214
f 1227 1214 1215
f 1216 955 964
f 1216 964 1228
f 1227 1215 1216
f 1227 1216 1228
f 1217 965 956
f 1217 1229 965
f 1229 964 965
f 1229 1228 964
f 1229 1216 1228
f 1229 1217 1216
f 1218 957 966
f 1218 966 1230
f 967 1230 966
f 967 1231 1230
f 1230 1219 1218
f 1230 1231 1219
f 1220 968 959
f 1220 1232 968
f 1232 967 968
f 1232 1231 967
f 1231 1220 1219
f 1231 1232 1220
f 1221 961 970
f 1221 970 1233
f 1235 1222 1234
f 1235 1223 1222
f 1235 1224 1223
f 1235 1236 1224
f 1238 962 1226
f 1238 972 962
f 1238 971 972
f 1238 1237 971
f 1238 1225 1237
f 1238 1226 1225
f 1239 1238 1226
f 1239 1226 1227
f 1239 1227 1228
f 1239 1228 1240
f 1241 975 974
f 1241 974 1240
f 1245 1233 970
f 1245 970 980
f 981 1245 980
f 981 1246 1245
f 1247 1235 1234
f 1247 1248 1235
f 1248 1236 1235
f 1248 1249 1236
f 1250 971 1237
f 1250 983 971
f 1250 982 983
f 1250 1249 982
f 1250 1236 1249
f 1250 1237 1236
f 1251 1240 974
f 1251 974 986
f 1241 987 975
f 1241 1252 987
f 1252 986 987
f 1252 1251 986
f 1251 1241 1240
f 1251 1252 1241
f 989 988 1253
f 989 1253 1254
f 1255 1254 1242
f 1255 1242 1243
f 1256 1255 1243
f 1256 1243 1244
f 1246 981 993
f 1246 993 1258
f 993 992 1257
f 993 1257 1258
f 1261 982 1249
f 1261 995 982
f 1253 988 996
f 1253 996 1264
f 1265 989 1254
f 1265 997 989
f 997 1264 996
f 997 1265 1264
f 1265 1253 1264
f 1265 1254 1253
f 1266 1265 1254
f 1266 1254 1255
f 1257 992 998
f 1257 998 1267
f 1268 1257 1267
f 1268 1258 1257
f 1268 1259 1258
f 1268 1269 1259
f 1261 1001 995
f 1261 1271 1001
f 1270 1261 1260
f 1270 1271 1261
f 1002 1001 1271
f 1002 1271 1272
f 1275 1004 1003
f 1275 1003 1274
f 1274 1262 1263
f 1274 1263 1275
f 1276 1005 1004
f 1276 1004 1275
f 1278 1007 1006
f 1278 1006 1277
f 1009 1008 1279
f 1009 1279 1280
f 1267 998 1010
f 1267 1010 1281
f 1281 1010 1009
f 1281 1009 1280
f 1283 1011 1012
f 1283 1282 1011
f 1284 1002 1272
f 1284 1013 1002
f 1284 1012 1013
f 1284 1283 1012
f 1284 1272 1273
f 1284 1273 1285
f 1286 1274 1003
f 1286 1003 1015
f 1016 1286 1015
f 1016 1287 1286
f 1287 1274 1286
f 1287 1275 1274
f 1276 1017 1005
f 1276 1288 1017
f 1017 1287 1016
f 1017 1288 1287
f 1287 1276 1275
f 1287 1288 1276
f 1277 1006 1018
f 1277 1018 1289
f 1289 1018 1017
f 1289 1017 1288
f 1290 1007 1278
f 1290 1019 1007
f 1279 1008 1020
f 1279 1020 1291
f 1020 1019 1290
f 1020 1290 1291
f 1292 1279 1291
f 1292 1280 1279
f 1282 1021 1011
f 1282 1294 1021
f 1023 1022 1295
f 1023 1295 1296
f 1295 1283 1284
f 1295 1284 1296
f 1297 1024 1023
f 1297 1023 1296
f 1297 1296 1284
f 1297 1284 1285
f 1298 1025 1024
f 1298 1024 1297
f 1298 1297 1285
f 1298 1285 1286
f 1026 1025 1298
f 1026 1298 1299
f 1288 1017 1027
f 1288 1027 1300
f 1300 1027 1026
f 1300 1026 1299
f 1303 1290 1302
f 1303 1291 1290
f 1294 1030 1021
f 1294 1305 1030
f 1305 1293 1304
f 1305 1294 1293
f 1295 1022 1031
f 1295 1031 1306
f 1031 1030 1305
f 1031 1305 1306
f 1307 1295 1306
f 1307 1296 1295
f 1307 1297 1296
f 1307 1308 1297
f 1311 1299 1310
f 1311 1300 1299
f 1311 1301 1300
f 1311 1312 1301
f 1314 1304 1313
f 1314 1305 1304
f 1315 1305 1314
f 1315 1306 1305
f 1316 1309 1308
f 1316 1317 1309
f 1318 1309 1317
f 1318 1310 1309
f 1323 1032 1033
f 1323 1322 1032
f 1323 1319 1322
f 1323 1320 1319
f 1034 1323 1033
f 1034 1324 1323
f 1329 1032 1322
f 1329 1040 1032
f 1329 1039 1040
f 1329 1328 1039
f 1329 1321 1328
f 1329 1322 1321
f 1331 1324 1034
f 1331 1034 1042
f 1333 1043 1044
f 1333 1332 1043
f 1045 1333 1044
f 1045 1334 1333
f 1334 1325 1333
f 1334 1326 1325
f 1046 1334 1045
f 1046 1335 1334
f 1334 1327 1326
f 1334 1335 1327
f 1336 1046 1047
f 1336 1335 1046
f 1337 1039 1328
f 1337 1048 1039
f 1338 1329 1330
f 1338 1330 1339
f 1331 1042 1051
f 1331 1051 1340
f 1052 1340 1051
f 1052 1341 1340
f 1342 1043 1332
f 1342 1053 1043
f 1336 1047 1057
f 1336 1057 1345
f 1344 1335 1336
f 1344 1336 1345
f 1058 1345 1057
f 1058 1346 1345
f 1348 1048 1337
f 1348 1060 1048
f 1348 1059 1060
f 1348 1347 1059
f 1351 1063 1062
f 1351 1062 1350
f 1352 1341 1052
f 1352 1052 1064
f 1342 1065 1053
f 1342 1353 1065
f 1354 1343 1344
f 1354 1344 1355
f 1356 1067 1066
f 1356 1066 1355
f 1357 1346 1058
f 1357 1058 1068
f 1358 1059 1347
f 1358 1069 1059
f 1358 1068 1069
f 1358 1357 1068
f 1357 1347 1346
f 1357 1358 1347
f 1350 1062 1072
f 1350 1072 1360
f 1360 1359 1349
f 1360 1349 1350
f 1351 1073 1063
f 1351 1361 1073
f 1361 1072 1073
f 1361 1360 1072
f 1360 1351 1350
f 1360 1361 1351
f 1352 1064 1074
f 1352 1074 1362
f 1074 1073 1361
f 1074 1361 1362
f 1353 1075 1065
f 1353 1365 1075
f 1366 1076 1075
f 1366 1075 1365
f 1367 1355 1066
f 1367 1066 1078
f 1368 1067 1356
f 1368 1079 1067
f 1368 1078 1079
f 1368 1367 1078
f 1367 1356 1355
f 1367 1368 1356
f 1369 1361 1073
f 1369 1073 1085
f 1370 1361 1369
f 1370 1362 1361
f 1371 1364 1363
f 1371 1372 1364
f 1373 1364 1372
f 1373 1365 1364
f 1366 1086 1076
f 1366 1374 1086
f 1375 1087 1086
f 1375 1086 1374
f 1376 1088 1087
f 1376 1087 1375
f 1378 1090 1089
f 1378 1089 1377
f 1092 1091 1379
f 1092 1379 1380
f 1381 1093 1092
f 1381 1092 1380
f 1382 1094 1093
f 1382 1093 1381
f 1369 1085 1095
f 1369 1095 1383
f 1388 1374 1387
f 1388 1375 1374
f 1376 1097 1088
f 1376 1389 1097
f 1389 1096 1097
f 1389 1388 1096
f 1389 1375 1388
f 1389 1376 1375
f 1377 1089 1098
f 1377 1098 1390
f 1378 1099 1090
f 1378 1391 1099
f 1379 1091 1100
f 1379 1100 1392
f 1393 1100 1101
f 1393 1392 1100
f 1393 1379 1392
f 1393 1380 1379
f 1394 1101 1102
f 1394 1393 1101
f 1394 1380 1393
f 1394 1381 1380
f 1395 1094 1382
f 1395 1103 1094
f 1103 1394 1102
f 1103 1395 1394
f 1394 1382 1381
f 1394 1395 1382
f 1383 1095 1104
f 1383 1104 1396
f 1396 1384 1383
f 1396 1397 1384
f 1399 1385 1398
f 1399 1386 1385
f 1399 1387 1386
f 1399 1400 1387
f 1401 1096 1388
f 1401 1107 1096
f 1401 1106 1107
f 1401 1400 1106
f 1401 1387 1400
f 1401 1388 1387
f 1390 1098 1109
f 1390 1109 1402
f 1391 1110 1099
f 1391 1403 1110
f 1112 1111 1404
f 1112 1404 1405
f 1408 1396 1104
f 1408 1104 1115
f 1116 1408 1115
f 1116 1409 1408
f 1411 1399 1398
f 1411 1412 1399
f 1413 1106 1400
f 1413 1118 1106
f 1413 1117 1118
f 1413 1412 1117
f 1413 1399 1412
f 1413 1400 1399
f 1414 1402 1109
f 1414 1109 1121
f 1415 1110 1403
f 1415 1122 1110
f 1122 1414 1121
f 1122 1415 1414
f 1414 1403 1402
f 1414 1415 1403
f 1404 1111 1123
f 1404 1123 1416
f 1415 1403 1404
f 1415 1404 1416
f 1405 1124 1112
f 1405 1417 1124
f 1124 1416 1123
f 1124 1417 1416
f 1416 1405 1404
f 1416 1417 1405
f 1417 1405 1406
f 1417 1406 1418
f 1419 1418 1406
f 1419 1406 1407
f 1409 1116 1127
f 1409 1127 1421
f 1421 1410 1409
f 1421 1422 1410
f 1423 1117 1412
f 1423 1128 1117
f 1424 1417 1418
f 1424 1418 1425
f 1130 1129 1426
f 1130 1426 1427
f 1421 1127 1131
f 1421 1131 1428
f 1131 1130 1427
f 1131 1427 1428
f 1428 1427 1420
f 1428 1420 1421
f 1429 1421 1428
f 1429 1422 1421
f 1423 1132 1128
f 1423 1430 1132
f 1133 1132 1430
f 1133 1430 1431
f 1434 1136 1135
f 1434 1135 1433
f 1426 1129 1139
f 1426 1139 1439
f 1139 1138 1438
f 1139 1438 1439
f 1440 1426 1439
f 1440 1427 1426
f 1442 1141 1142
f 1442 1441 1141
f 1431 1143 1133
f 1431 1443 1143
f 1143 1442 1142
f 1143 1443 1442
f 1444 1443 1431
f 1444 1431 1432
f 1445 1433 1135
f 1445 1135 1145
f 1444 1432 1433
f 1444 1433 1445
f 1434 1146 1136
f 1434 1446 1146
f 1445 1434 1433
f 1445 1446 1434
f 1448 1148 1147
f 1448 1147 1447
f 1447 1435 1436
f 1447 1436 1448
f 1149 1148 1448
f 1149 1448 1449
f 1448 1436 1437
f 1448 1437 1449
f 1438 1138 1150
f 1438 1150 1450
f 1150 1149 1449
f 1150 1449 1450
f 1451 1438 1450
f 1451 1439 1438
f 1441 1151 1141
f 1441 1453 1151
f 1454 1152 1151
f 1454 1151 1453
f 1153 1152 1454
f 1153 1454 1455
f 1154 1153 1455
f 1154 1455 1456
f 1445 1145 1155
f 1445 1155 1457
f 1457 1155 1154
f 1457 1154 1456
f 1456 1444 1445
f 1456 1445 1457
f 1446 1156 1146
f 1446 1458 1156
f 1457 1446 1445
f 1457 1458 1446
f 1459 1447 1147
f 1459 1147 1157
f 1459 1157 1156
f 1459 1156 1458
f 1461 1452 1460
f 1461 1453 1452
f 1461 1454 1453
f 1461 1462 1454
f 1463 1454 1462
f 1463 1455 1454
f 1464 1458 1457
f 1464 1465 1458
f 1466 1458 1465
f 1466 1459 1458
f 1467 1462 1461
f 1467 1468 1462
f 1470 1464 1469
f 1470 1465 1464
f 1161 1473 1160
f 1161 1474 1473
f 1162 1474 1161
f 1162 1475 1474
f 1474 1472 1471
f 1474 1475 1472
f 1473 1163 1160
f 1473 1478 1163
f 1479 1475 1162
f 1479 1162 1165
f 1166 1479 1165
f 1166 1480 1479
f 1479 1476 1475
f 1479 1480 1476
f 1484 1163 1478
f 1484 1167 1163
f 1484 1477 1483
f 1484 1478 1477
f 1486 1480 1166
f 1486 1166 1170
f 1486 1485 1479
f 1486 1479 1480
f 1488 1171 1172
f 1488 1487 1171
f 1173 1488 1172
f 1173 1489 1488
f 1490 1173 1174
f 1490 1489 1173
f 1491 1482 1481
f 1491 1492 1482
f 1493 1482 1492
f 1493 1483 1482
f 1494 1167 1484
f 1494 1176 1167
f 1493 1484 1483
f 1493 1494 1484
f 1486 1170 1178
f 1486 1178 1496
f 1495 1485 1486
f 1495 1486 1496
f 1499 1171 1487
f 1499 1180 1171
f 1500 1499 1487
f 1500 1487 1488
f 1500 1488 1489
f 1500 1489 1501
f 1490 1174 1183
f 1490 1183 1502
f 1502 1183 1182
f 1502 1182 1501
f 1501 1489 1490
f 1501 1490 1502
f 1503 1183 1184
f 1503 1502 1183
f 1504 1491 1503
f 1504 1492 1491
f 1504 1493 1492
f 1504 1505 1493
f 1494 1187 1176
f 1494 1506 1187
f 1506 1186 1187
f 1506 1505 1186
f 1506 1493 1505
f 1506 1494 1493
f 1189 1188 1507
f 1189 1507 1508
f 1496 1178 1190
f 1496 1190 1509
f 1510 1190 1191
f 1510 1509 1190
f 1511 1498 1497
f 1511 1512 1498
f 1513 1180 1499
f 1513 1193 1180
f 1513 1498 1512
f 1513 1499 1498
f 1514 1501 1182
f 1514 1182 1194
f 1515 1183 1502
f 1515 1195 1183
f 1195 1514 1194
f 1195 1515 1514
f 1515 1501 1514
f 1515 1502 1501
f 1516 1503 1184
f 1516 1184 1196
f 1516 1504 1503
f 1516 1517 1504
f 1518 1186 1505
f 1518 1198 1186
f 1518 1197 1198
f 1518 1517 1197
f 1518 1504 1517
f 1518 1505 1504
f 1507 1188 1199
f 1507 1199 1519
f 1508 1200 1189
f 1508 1520 1200
f 1200 1519 1199
f 1200 1520 1519
f 1519 1508 1507
f 1519 1520 1508
f 1510 1191 1202
f 1510 1202 1522
f 1522 1202 1201
f 1522 1201 1521
f 1521 1509 1510
f 1521 1510 1522
f 1204 1523 1203
f 1204 1524 1523
f 1513 1205 1193
f 1513 1525 1205
f 1525 1204 1205
f 1525 1524 1204
f 1524 1513 1512
f 1524 1525 1513
f 1526 1206 1205
f 1526 1205 1525
f 1516 1196 1207
f 1516 1207 1529
f 1517 1208 1197
f 1517 1530 1208
f 1208 1529 1207
f 1208 1530 1529
f 1530 1516 1529
f 1530 1517 1516
f 1535 1521 1201
f 1535 1201 1209
f 1536 1203 1523
f 1536 1210 1203
f 1525 1205 1212
f 1525 1212 1538
f 1212 1211 1537
f 1212 1537 1538
f 1539 1206 1526
f 1539 1213 1206
f 1539 1212 1213
f 1539 1538 1212
f 1539 1525 1538
f 1539 1526 1525
f 1215 1214 1540
f 1215 1540 1541
f 1540 1527 1528
f 1540 1528 1541
f 1542 1216 1215
f 1542 1215 1541
f 1544 1543 1531
f 1544 1531 1532
f 1545 1533 1534
f 1545 1534 1546
f 1535 1209 1221
f 1535 1221 1547
f 1536 1222 1210
f 1536 1550 1222
f 1551 1537 1211
f 1551 1211 1223
f 1552 1212 1538
f 1552 1224 1212
f 1224 1551 1223
f 1224 1552 1551
f 1551 1538 1537
f 1551 1552 1538
f 1553 1225 1224
f 1553 1224 1552
f 1554 1540 1214
f 1554 1214 1226
f 1554 1541 1540
f 1554 1555 1541
f 1542 1228 1216
f 1542 1556 1228
f 1555 1542 1541
f 1555 1556 1542
f 1558 1557 1543
f 1558 1543 1544
f 1559 1547 1221
f 1559 1221 1233
f 1559 1548 1547
f 1559 1560 1548
f 1562 1222 1550
f 1562 1234 1222
f 1562 1549 1561
f 1562 1550 1549
f 1563 1552 1224
f 1563 1224 1236
f 1564 1225 1553
f 1564 1237 1225
f 1564 1236 1237
f 1564 1563 1236
f 1563 1553 1552
f 1563 1564 1553
f 1554 1226 1238
f 1554 1238 1565
f 1239 1565 1238
f 1239 1566 1565
f 1567 1228 1556
f 1567 1240 1228
f 1567 1239 1240
f 1567 1566 1239
f 1567 1555 1566
f 1567 1556 1555
f 1243 1242 1568
f 1243 1568 1569
f 1244 1243 1569
f 1244 1569 1570
f 1571 1559 1233
f 1571 1233 1245
f 1246 1571 1245
f 1246 1572 1571
f 1571 1560 1559
f 1571 1572 1560
f 1562 1247 1234
f 1562 1574 1247
f 1573 1562 1561
f 1573 1574 1562
f 1575 1248 1247
f 1575 1247 1574
f 1576 1249 1248
f 1576 1248 1575
f 1577 1565 1566
f 1577 1566 1578
f 1581 1568 1242
f 1581 1242 1254
f 1582 1568 1581
f 1582 1569 1568
f 1570 1256 1244
f 1570 1583 1256
f 1256 1582 1255
f 1256 1583 1582
f 1583 1569 1582
f 1583 1570 1569
f 1584 1572 1246
f 1584 1246 1258
f 1259 1584 1258
f 1259 1585 1584
f 1587 1573 1586
f 1587 1574 1573
f 1587 1575 1574
f 1587 1588 1575
f 1576 1261 1249
f 1576 1589 1261
f 1589 1260 1261
f 1589 1588 1260
f 1588 1576 1575
f 1588 1589 1576
f 1263 1262 1590
f 1263 1590 1591
f 1590 1578 1579
f 1590 1579 1591
f 1592 1591 1579
f 1592 1579 1580
f 1593 1581 1254
f 1593 1254 1265
f 1594 1255 1582
f 1594 1266 1255
f 1266 1593 1265
f 1266 1594 1593
f 1594 1581 1593
f 1594 1582 1581
f 1268 1267 1595
f 1268 1595 1596
f 1585 1259 1269
f 1585 1269 1597
f 1597 1269 1268
f 1597 1268 1596
f 1597 1596 1584
f 1597 1584 1585
f 1598 1260 1588
f 1598 1270 1260
f 1599 1271 1270
f 1599 1270 1598
f 1598 1588 1589
f 1598 1589 1599
f 1600 1272 1271
f 1600 1271 1599
f 1273 1272 1600
f 1273 1600 1601
f 1602 1590 1262
f 1602 1262 1274
f 1603 1263 1591
f 1603 1275 1263
f 1603 1274 1275
f 1603 1602 1274
f 1603 1590 1602
f 1603 1591 1590
f 1605 1278 1277
f 1605 1277 1604
f 1595 1267 1281
f 1595 1281 1607
f 1281 1280 1606
f 1281 1606 1607
f 1283 1608 1282
f 1283 1609 1608
f 1601 1285 1273
f 1601 1611 1285
f 1610 1601 1600
f 1610 1611 1601
f 1612 1286 1285
f 1612 1285 1611
f 1604 1277 1289
f 1604 1289 1614
f 1289 1288 1613
f 1289 1613 1614
f 1615 1278 1605
f 1615 1290 1278
f 1615 1604 1614
f 1615 1605 1604
f 1606 1280 1292
f 1606 1292 1617
f 1292 1291 1616
f 1292 1616 1617
f 1618 1606 1617
f 1618 1607 1606
f 1608 1294 1282
f 1608 1620 1294
f 1294 1619 1293
f 1294 1620 1619
f 1621 1609 1283
f 1621 1283 1295
f 1621 1620 1608
f 1621 1608 1609
f 1622 1295 1296
f 1622 1621 1295
f 1622 1609 1621
f 1622 1610 1609
f 1297 1622 1296
f 1297 1623 1622
f 1622 1611 1610
f 1622 1623 1611
f 1612 1298 1286
f 1612 1624 1298
f 1623 1612 1611
f 1623 1624 1612
f 1625 1299 1298
f 1625 1298 1624
f 1613 1288 1300
f 1613 1300 1626
f 1301 1626 1300
f 1301 1627 1626
f 1627 1613 1626
f 1627 1614 1613
f 1615 1302 1290
f 1615 1628 1302
f 1627 1615 1614
f 1627 1628 1615
f 1616 1291 1303
f 1616 1303 1629
f 1629 1303 1302
f 1629 1302 1628
f 1630 1618 1617
f 1630 1631 1618
f 1632 1293 1619
f 1632 1304 1293
f 1633 1632 1619
f 1633 1619 1620
f 1307 1306 1634
f 1307 1634 1635
f 1623 1297 1308
f 1623 1308 1636
f 1636 1308 1307
f 1636 1307 1635
f 1637 1308 1309
f 1637 1636 1308
f 1637 1623 1636
f 1637 1624 1623
f 1625 1310 1299
f 1625 1638 1310
f 1310 1637 1309
f 1310 1638 1637
f 1637 1625 1624
f 1637 1638 1625
f 1311 1310 1638
f 1311 1638 1639
f 1627 1301 1312
f 1627 1312 1640
f 1312 1311 1639
f 1312 1639 1640
f 1640 1628 1627
f 1640 1641 1628
f 1642 1628 1641
f 1642 1629 1628
f 1643 1304 1632
f 1643 1313 1304
f 1314 1313 1643
f 1314 1643 1644
f 1643 1632 1633
f 1643 1633 1644
f 1634 1306 1315
f 1634 1315 1645
f 1315 1314 1644
f 1315 1644 1645
f 1636 1316 1308
f 1636 1646 1316
f 1647 1317 1316
f 1647 1316 1646
f 1638 1310 1318
f 1638 1318 1648
f 1648 1318 1317
f 1648 1317 1647
f 1649 1647 1646
f 1649 1650 1647
f 1320 1654 1319
f 1320 1655 1654
f 1655 1651 1654
f 1655 1652 1651
f 1656 1652 1655
f 1656 1653 1652
f 1660 1319 1654
f 1660 1322 1319
f 1660 1321 1322
f 1660 1659 1321
f 1661 1655 1320
f 1661 1320 1323
f 1324 1661 1323
f 1324 1662 1661
f 1661 1656 1655
f 1661 1662 1656
f 1664 1325 1326
f 1664 1663 1325
f 1665 1326 1327
f 1665 1664 1326
f 1668 1657 1667
f 1668 1658 1657
f 1669 1321 1659
f 1669 1328 1321
f 1669 1658 1668
f 1669 1659 1658
f 1330 1329 1670
f 1330 1670 1671
f 1672 1662 1324
f 1672 1324 1331
f 1663 1333 1325
f 1663 1675 1333
f 1675 1332 1333
f 1675 1674 1332
f 1676 1675 1663
f 1676 1663 1664
f 1665 1327 1335
f 1665 1335 1677
f 1676 1664 1665
f 1676 1665 1677
f 1679 1666 1678
f 1679 1667 1666
f 1679 1668 1667
f 1679 1680 1668
f 1681 1328 1669
f 1681 1337 1328
f 1680 1669 1668
f 1680 1681 1669
f 1670 1329 1338
f 1670 1338 1682
f 1683 1330 1671
f 1683 1339 1330
f 1339 1682 1338
f 1339 1683 1682
f 1683 1670 1682
f 1683 1671 1670
f 1672 1331 1340
f 1672 1340 1684
f 1683 1671 1672
f 1683 1672 1684
f 1685 1340 1341
f 1685 1684 1340
f 1687 1332 1674
f 1687 1342 1332
f 1687 1673 1686
f 1687 1674 1673
f 1688 1687 1674
f 1688 1674 1675
f 1688 1675 1676
f 1688 1676 1689
f 1677 1335 1344
f 1677 1344 1690
f 1690 1344 1343
f 1690 1343 1689
f 1689 1676 1677
f 1689 1677 1690
f 1691 1344 1345
f 1691 1690 1344
f 1691 1677 1690
f 1691 1678 1677
f 1692 1345 1346
f 1692 1691 1345
f 1693 1346 1347
f 1693 1692 1346
f 1693 1679 1692
f 1693 1680 1679
f 1694 1337 1681
f 1694 1348 1337
f 1694 1347 1348
f 1694 1693 1347
f 1694 1680 1693
f 1694 1681 1680
f 1696 1350 1349
f 1696 1349 1695
f 1685 1341 1352
f 1685 1352 1698
f 1697 1684 1685
f 1697 1685 1698
f 1700 1342 1687
f 1700 1353 1342
f 1700 1686 1699
f 1700 1687 1686
f 1701 1689 1343
f 1701 1343 1354
f 1702 1344 1690
f 1702 1355 1344
f 1702 1354 1355
f 1702 1701 1354
f 1702 1689 1701
f 1702 1690 1689
f 1703 1691 1692
f 1703 1692 1704
f 1695 1349 1359
f 1695 1359 1705
f 1696 1360 1350
f 1696 1706 1360
f 1706 1359 1360
f 1706 1705 1359
f 1705 1696 1695
f 1705 1706 1696
f 1698 1352 1362
f 1698 1362 1708
f 1707 1697 1698
f 1707 1698 1708
f 1364 1709 1363
f 1364 1710 1709
f 1700 1365 1353
f 1700 1711 1365
f 1711 1364 1365
f 1711 1710 1364
f 1710 1700 1699
f 1710 1711 1700
f 1712 1366 1365
f 1712 1365 1711
f 1713 1701 1702
f 1713 1702 1714
f 1708 1362 1370
f 1708 1370 1719
f 1370 1369 1718
f 1370 1718 1719
f 1709 1371 1363
f 1709 1720 1371
f 1372 1371 1720
f 1372 1720 1721
f 1711 1365 1373
f 1711 1373 1722
f 1373 1372 1721
f 1373 1721 1722
f 1723 1366 1712
f 1723 1374 1366
f 1722 1712 1711
f 1722 1723 1712
f 1725 1724 1713
f 1725 1713 1714
f 1378 1377 1726
f 1378 1726 1727
f 1729 1728 1715
f 1729 1715 1716
f 1730 1729 1716
f 1730 1716 1717
f 1731 1718 1369
f 1731 1369 1383
f 1384 1731 1383
f 1384 1732 1731
f 1735 1720 1734
f 1735 1721 1720
f 1736 1385 1386
f 1736 1735 1385
f 1736 1721 1735
f 1736 1722 1721
f 1737 1374 1723
f 1737 1387 1374
f 1737 1386 1387
f 1737 1736 1386
f 1737 1722 1736
f 1737 1723 1722
f 1738 1724 1725
f 1738 1725 1739
f 1726 1377 1390
f 1726 1390 1740
f 1741 1378 1727
f 1741 1391 1378
f 1732 1384 1397
f 1732 1397 1743
f 1397 1396 1742
f 1397 1742 1743
f 1745 1733 1744
f 1745 1734 1733
f 1746 1385 1735
f 1746 1398 1385
f 1746 1734 1745
f 1746 1735 1734
f 1747 1738 1739
f 1747 1739 1748
f 1749 1740 1390
f 1749 1390 1402
f 1749 1748 1739
f 1749 1739 1740
f 1750 1391 1741
f 1750 1403 1391
f 1750 1402 1403
f 1750 1749 1402
f 1749 1741 1740
f 1749 1750 1741
f 1751 1404 1403
f 1751 1403 1750
f 1406 1405 1752
f 1406 1752 1753
f 1754 1407 1406
f 1754 1406 1753
f 1742 1396 1408
f 1742 1408 1755
f 1409 1755 1408
f 1409 1756 1755
f 1755 1743 1742
f 1755 1756 1743
f 1757 1409 1410
f 1757 1756 1409
f 1746 1411 1398
f 1746 1759 1411
f 1758 1746 1745
f 1758 1759 1746
f 1760 1412 1411
f 1760 1411 1759
f 1762 1761 1747
f 1762 1747 1748
f 1763 1750 1403
f 1763 1403 1415
f 1751 1416 1404
f 1751 1764 1416
f 1764 1415 1416
f 1764 1763 1415
f 1763 1751 1750
f 1763 1764 1751
f 1752 1405 1417
f 1752 1417 1765
f 1766 1752 1765
f 1766 1753 1752
f 1754 1419 1407
f 1754 1767 1419
f 1419 1766 1418
f 1419 1767 1766
f 1767 1753 1766
f 1767 1754 1753
f 1769 1421 1420
f 1769 1420 1768
f 1757 1410 1422
f 1757 1422 1770
f 1769 1756 1757
f 1769 1757 1770
f 1760 1423 1412
f 1760 1772 1423
f 1771 1760 1759
f 1771 1772 1760
f 1765 1417 1424
f 1765 1424 1773
f 1774 1418 1766
f 1774 1425 1418
f 1425 1773 1424
f 1425 1774 1773
f 1774 1765 1773
f 1774 1766 1765
f 1775 1768 1420
f 1775 1420 1427
f 1776 1421 1769
f 1776 1428 1421
f 1770 1422 1429
f 1770 1429 1777
f 1429 1428 1776
f 1429 1776 1777
f 1776 1769 1770
f 1776 1770 1777
f 1778 1423 1772
f 1778 1430 1423
f 1431 1430 1778
f 1431 1778 1779
f 1432 1431 1779
f 1432 1779 1780
f 1781 1433 1432
f 1781 1432 1780
f 1783 1436 1435
f 1783 1435 1782
f 1437 1436 1783
f 1437 1783 1784
f 1775 1427 1440
f 1775 1440 1787
f 1440 1439 1786
f 1440 1786 1787
f 1790 1441 1442
f 1790 1789 1441
f 1791 1442 1443
f 1791 1790 1442
f 1444 1791 1443
f 1444 1792 1791
f 1792 1779 1791
f 1792 1780 1779
f 1793 1433 1781
f 1793 1445 1433
f 1792 1781 1780
f 1792 1793 1781
f 1794 1782 1435
f 1794 1435 1447
f 1795 1782 1794
f 1795 1783 1782
f 1796 1437 1784
f 1796 1449 1437
f 1795 1784 1783
f 1795 1796 1784
f 1450 1449 1796
f 1450 1796 1797
f 1796 1784 1785
f 1796 1785 1797
f 1786 1439 1451
f 1786 1451 1798
f 1451 1450 1797
f 1451 1797 1798
f 1798 1797 1785
f 1798 1785 1786
f 1799 1786 1798
f 1799 1787 1786
f 1799 1788 1787
f 1799 1800 1788
f 1789 1453 1441
f 1789 1802 1453
f 1802 1452 1453
f 1802 1801 1452
f 1792 1444 1456
f 1792 1456 1804
f 1456 1455 1803
f 1456 1803 1804
f 1793 1457 1445
f 1793 1805 1457
f 1804 1793 1792
f 1804 1805 1793
f 1806 1794 1447
f 1806 1447 1459
f 1806 1795 1794
f 1806 1807 1795
f 1808 1795 1807
f 1808 1796 1795
f 1809 1796 1808
f 1809 1797 1796
f 1809 1798 1797
f 1809 1810 1798
f 1811 1798 1810
f 1811 1799 1798
f 1801 1460 1452
f 1801 1812 1460
f 1461 1460 1812
f 1461 1812 1813
f 1812 1801 1802
f 1812 1802 1813
f 1803 1455 1463
f 1803 1463 1815
f 1463 1462 1814
f 1463 1814 1815
f 1816 1803 1815
f 1816 1804 1803
f 1805 1464 1457
f 1805 1817 1464
f 1816 1805 1804
f 1816 1817 1805
f 1806 1459 1466
f 1806 1466 1819
f 1466 1465 1818
f 1466 1818 1819
f 1820 1806 1819
f 1820 1807 1806
f 1821 1461 1813
f 1821 1467 1461
f 1814 1462 1468
f 1814 1468 1822
f 1468 1467 1821
f 1468 1821 1822
f 1821 1813 1814
f 1821 1814 1822
f 1823 1814 1822
f 1823 1815 1814
f 1817 1469 1464
f 1817 1825 1469
f 1824 1817 1816
f 1824 1825 1817
f 1818 1465 1470
f 1818 1470 1826
f 1826 1470 1469
f 1826 1469 1825
f 1828 1471 1472
f 1828 1827 1471
f 1830 1471 1827
f 1830 1474 1471
f 1830 1473 1474
f 1830 1829 1473
f 1831 1828 1472
f 1831 1472 1475
f 1476 1831 1475
f 1476 1832 1831
f 1836 1473 1829
f 1836 1478 1473
f 1836 1477 1478
f 1836 1835 1477
f 1838 1832 1476
f 1838 1476 1480
f 1480 1479 1837
f 1480 1837 1838
f 1838 1833 1832
f 1838 1839 1833
f 1482 1840 1481
f 1482 1841 1840
f 1842 1477 1835
f 1842 1483 1477
f 1842 1482 1483
f 1842 1841 1482
f 1842 1834 1841
f 1842 1835 1834
f 1837 1479 1485
f 1837 1485 1845
f 1846 1837 1845
f 1846 1838 1837
f 1847 1838 1846
f 1847 1839 1838
f 1848 1481 1840
f 1848 1491 1481
f 1849 1843 1844
f 1849 1844 1850
f 1845 1485 1495
f 1845 1495 1851
f 1496 1851 1495
f 1496 1852 1851
f 1851 1846 1845
f 1851 1852 1846
f 1854 1497 1498
f 1854 1853 1497
f 1855 1498 1499
f 1855 1854 1498
f 1500 1855 1499
f 1500 1856 1855
f 1857 1500 1501
f 1857 1856 1500
f 1858 1501 1502
f 1858 1857 1501
f 1859 1491 1848
f 1859 1503 1491
f 1503 1858 1502
f 1503 1859 1858
f 1864 1852 1496
f 1864 1496 1509
f 1853 1511 1497
f 1853 1865 1511
f 1866 1512 1511
f 1866 1511 1865
f 1867 1856 1857
f 1867 1857 1868
f 1870 1859 1860
f 1870 1860 1871
f 1872 1861 1862
f 1872 1862 1873
f 1873 1862 1863
f 1873 1863 1874
f 1875 1864 1509
f 1875 1509 1521
f 1866 1524 1512
f 1866 1878 1524
f 1524 1877 1523
f 1524 1878 1877
f 1528 1527 1879
f 1528 1879 1880
f 1879 1868 1869
f 1879 1869 1880
f 1883 1532 1531
f 1883 1531 1882
f 1534 1533 1884
f 1534 1884 1885
f 1886 1875 1521
f 1886 1521 1535
f 1886 1876 1875
f 1886 1887 1876
f 1877 1536 1523
f 1877 1888 1536
f 1889 1888 1877
f 1889 1877 1878
f 1891 1879 1527
f 1891 1527 1540
f 1892 1528 1880
f 1892 1541 1528
f 1892 1540 1541
f 1892 1891 1540
f 1894 1882 1531
f 1894 1531 1543
f 1893 1881 1882
f 1893 1882 1894
f 1883 1544 1532
f 1883 1895 1544
f 1894 1883 1882
f 1894 1895 1883
f 1884 1533 1545
f 1884 1545 1896
f 1885 1546 1534
f 1885 1897 1546
f 1546 1896 1545
f 1546 1897 1896
f 1896 1885 1884
f 1896 1897 1885
f 1886 1535 1547
f 1886 1547 1898
f 1548 1898 1547
f 1548 1899 1898
f 1899 1886 1898
f 1899 1887 1886
f 1888 1550 1536
f 1888 1901 1550
f 1901 1549 1550
f 1901 1900 1549
f 1902 1901 1888
f 1902 1888 1889
f 1905 1904 1890
f 1905 1890 1891
f 1906 1555 1554
f 1906 1554 1905
f 1894 1543 1557
f 1894 1557 1907
f 1895 1558 1544
f 1895 1908 1558
f 1558 1907 1557
f 1558 1908 1907
f 1907 1895 1894
f 1907 1908 1895
f 1909 1897 1898
f 1909 1898 1910
f 1911 1899 1548
f 1911 1548 1560
f 1911 1910 1898
f 1911 1898 1899
f 1912 1549 1900
f 1912 1561 1549
f 1913 1901 1902
f 1913 1902 1914
f 1916 1915 1903
f 1916 1903 1904
f 1917 1905 1554
f 1917 1554 1565
f 1906 1566 1555
f 1906 1918 1566
f 1917 1906 1905
f 1917 1918 1906
f 1919 1907 1908
f 1919 1908 1920
f 1911 1560 1572
f 1911 1572 1922
f 1921 1910 1911
f 1921 1911 1922
f 1912 1573 1561
f 1912 1923 1573
f 1917 1565 1577
f 1917 1577 1924
f 1918 1578 1566
f 1918 1925 1578
f 1925 1577 1578
f 1925 1924 1577
f 1924 1918 1917
f 1924 1925 1918
f 1926 1579 1578
f 1926 1578 1925
f 1580 1579 1926
f 1580 1926 1927
f 1928 1922 1572
f 1928 1572 1584
f 1923 1586 1573
f 1923 1929 1586
f 1930 1587 1586
f 1930 1586 1929
f 1931 1588 1587
f 1931 1587 1930
f 1932 1589 1588
f 1932 1588 1931
f 1935 1925 1578
f 1935 1578 1590
f 1935 1934 1924
f 1935 1924 1925
f 1936 1590 1591
f 1936 1935 1590
f 1935 1926 1925
f 1935 1936 1926
f 1927 1592 1580
f 1927 1937 1592
f 1592 1936 1591
f 1592 1937 1936
f 1936 1927 1926
f 1936 1937 1927
f 1928 1584 1596
f 1928 1596 1939
f 1596 1595 1938
f 1596 1938 1939
f 1932 1599 1589
f 1932 1940 1599
f 1600 1599 1940
f 1600 1940 1941
f 1942 1941 1933
f 1942 1933 1934
f 1943 1938 1595
f 1943 1595 1607
f 1944 1938 1943
f 1944 1939 1938
f 1947 1600 1941
f 1947 1610 1600
f 1947 1609 1610
f 1947 1946 1609
f 1947 1940 1946
f 1947 1941 1940
f 1949 1617 1616
f 1949 1616 1948
f 1943 1607 1618
f 1943 1618 1950
f 1951 1943 1950
f 1951 1944 1943
f 1954 1609 1946
f 1954 1621 1609
f 1954 1620 1621
f 1954 1953 1620
f 1954 1945 1953
f 1954 1946 1945
f 1948 1616 1629
f 1948 1629 1957
f 1949 1630 1617
f 1949 1958 1630
f 1958 1948 1957
f 1958 1949 1948
f 1950 1618 1631
f 1950 1631 1959
f 1959 1631 1630
f 1959 1630 1958
f 1960 1950 1959
f 1960 1951 1950
f 1953 1633 1620
f 1953 1962 1633
f 1961 1953 1952
f 1961 1962 1953
f 1964 1635 1634
f 1964 1634 1963
f 1965 1636 1635
f 1965 1635 1964
f 1639 1638 1967
f 1639 1967 1968
f 1640 1639 1968
f 1640 1968 1969
f 1641 1640 1969
f 1641 1969 1970
f 1970 1969 1955
f 1970 1955 1956
f 1957 1629 1642
f 1957 1642 1971
f 1642 1641 1970
f 1642 1970 1971
f 1972 1633 1962
f 1972 1644 1633
f 1973 1963 1634
f 1973 1634 1645
f 1645 1644 1972
f 1645 1972 1973
f 1972 1962 1963
f 1972 1963 1973
f 1965 1646 1636
f 1965 1974 1646
f 1974 1965 1966
f 1974 1966 1975
f 1967 1638 1648
f 1967 1648 1976
f 1648 1647 1975
f 1648 1975 1976
f 1975 1966 1967
f 1975 1967 1976
f 1977 1967 1976
f 1977 1968 1967
f 1974 1649 1646
f 1974 1978 1649
f 1975 1647 1650
f 1975 1650 1979
f 1650 1649 1978
f 1650 1978 1979
f 1982 1651 1652
f 1982 1981 1651
f 1653 1982 1652
f 1653 1983 1982
f 1986 1651 1981
f 1986 1654 1651
f 1986 1980 1985
f 1986 1981 1980
f 1983 1653 1656
f 1983 1656 1987
f 1658 1989 1657
f 1658 1990 1989
f 1991 1658 1659
f 1991 1990 1658
f 1991 1984 1990
f 1991 1985 1984
f 1986 1660 1654
f 1986 1992 1660
f 1660 1991 1659
f 1660 1992 1991
f 1992 1985 1991
f 1992 1986 1985
f 1993 1987 1656
f 1993 1656 1662
f 1993 1988 1987
f 1993 1994 1988
f 1996 1657 1989
f 1996 1667 1657
f 1667 1995 1666
f 1667 1996 1995
f 1996 1989 1990
f 1996 1990 1997
f 1993 1662 1672
f 1993 1672 2000
f 1672 1671 1999
f 1672 1999 2000
f 2001 1993 2000
f 2001 1994 1993
f 2003 1673 1674
f 2003 2002 1673
f 2005 1666 1995
f 2005 1678 1666
f 1678 2004 1677
f 1678 2005 2004
f 2006 1679 1678
f 2006 1678 2005
f 2007 1997 1998
f 2007 1998 2008
f 2009 1999 1671
f 2009 1671 1683
f 1684 2009 1683
f 1684 2010 2009
f 2009 2000 1999
f 2009 2010 2000
f 2011 1673 2002
f 2011 1686 1673
f 2012 2003 1674
f 2012 1674 1687
f 1688 2012 1687
f 1688 2013 2012
f 2014 1688 1689
f 2014 2013 1688
f 2004 1690 1677
f 2004 2015 1690
f 2015 1689 1690
f 2015 2014 1689
f 2016 2005 1678
f 2016 1678 1691
f 2016 2015 2004
f 2016 2004 2005
f 2017 1679 2006
f 2017 1692 1679
f 2010 1684 1697
f 2010 1697 2022
f 2023 1686 2011
f 2023 1699 1686
f 2024 2013 2014
f 2024 2014 2025
f 2026 1702 1701
f 2026 1701 2025
f 2026 2025 2014
f 2026 2014 2015
f 2016 1691 1703
f 2016 1703 2027
f 2017 1704 1692
f 2017 2028 1704
f 1704 2027 1703
f 1704 2028 2027
f 2028 2017 2018
f 2028 2018 2029
f 2029 2018 2019
f 2029 2019 2030
f 2031 2020 2021
f 2031 2021 2032
f 2022 1697 1707
f 2022 1707 2033
f 2034 1707 1708
f 2034 2033 1707
f 2036 1699 2023
f 2036 1710 1699
f 1710 2035 1709
f 1710 2036 2035
f 2025 1701 1713
f 2025 1713 2037
f 2026 1714 1702
f 2026 2038 1714
f 2042 1716 1715
f 2042 1715 2041
f 2043 1717 1716
f 2043 1716 2042
f 2034 1708 1719
f 2034 1719 2045
f 1719 1718 2044
f 1719 2044 2045
f 2035 1720 1709
f 2035 2046 1720
f 2047 2046 2035
f 2047 2035 2036
f 2037 1713 1724
f 2037 1724 2049
f 2050 1714 2038
f 2050 1725 1714
f 2050 2037 2049
f 2050 2038 2037
f 1727 1726 2051
f 1727 2051 2052
f 2053 2052 2039
f 2053 2039 2040
f 2041 1715 1728
f 2041 1728 2054
f 2055 1728 1729
f 2055 2054 1728
f 2055 2041 2054
f 2055 2042 2041
f 2043 1730 1717
f 2043 2056 1730
f 1730 2055 1729
f 1730 2056 2055
f 2055 2043 2042
f 2055 2056 2043
f 2044 1718 1731
f 2044 1731 2057
f 2058 1731 1732
f 2058 2057 1731
f 2058 2044 2057
f 2058 2045 2044
f 2046 1734 1720
f 2046 2060 1734
f 2060 1733 1734
f 2060 2059 1733
f 2061 2060 2046
f 2061 2046 2047
f 2049 1724 1738
f 2049 1738 2063
f 2063 2062 2048
f 2063 2048 2049
f 2064 1725 2050
f 2064 1739 1725
f 2063 2050 2049
f 2063 2064 2050
f 2065 2051 1726
f 2065 1726 1740
f 2065 1740 1739
f 2065 1739 2064
f 2066 1727 2052
f 2066 1741 1727
f 1741 2065 1740
f 1741 2066 2065
f 2066 2051 2065
f 2066 2052 2051
f 2069 2056 2057
f 2069 2057 2070
f 2071 2058 1732
f 2071 1732 1743
f 2070 2057 2058
f 2070 2058 2071
f 2059 1744 1733
f 2059 2072 1744
f 2073 1745 1744
f 2073 1744 2072
f 2074 2073 2060
f 2074 2060 2061
f 2075 2063 1738
f 2075 1738 1747
f 2075 2064 2063
f 2075 2076 2064
f 2065 1749 1740
f 2065 2077 1749
f 2077 1748 1749
f 2077 2076 1748
f 2077 2064 2076
f 2077 2065 2064
f 2078 2067 2068
f 2078 2068 2079
f 2080 2071 1743
f 2080 1743 1756
f 2073 1758 1745
f 2073 2081 1758
f 2082 1759 1758
f 2082 1758 2081
f 2075 1747 1761
f 2075 1761 2083
f 2076 1762 1748
f 2076 2084 1762
f 1762 2083 1761
f 1762 2084 2083
f 2083 2076 2075
f 2083 2084 2076
f 2084 2076 2077
f 2084 2077 2085
f 2087 2080 1756
f 2087 1756 1769
f 1769 1768 2086
f 1769 2086 2087
f 2082 1771 1759
f 2082 2089 1771
f 2088 2082 2081
f 2088 2089 2082
f 2090 1772 1771
f 2090 1771 2089
f 2093 2092 2083
f 2093 2083 2084
f 2093 2084 2085
f 2093 2085 2094
f 2086 1768 1775
f 2086 1775 2095
f 2096 2086 2095
f 2096 2087 2086
f 2098 1772 2090
f 2098 1778 1772
f 2099 1779 1778
f 2099 1778 2098
f 2098 2090 2091
f 2098 2091 2099
f 1785 1784 2100
f 1785 2100 2101
f 2102 1786 1785
f 2102 1785 2101
f 2103 2095 1775
f 2103 1775 1787
f 1788 2103 1787
f 1788 2104 2103
f 2103 2096 2095
f 2103 2104 2096
f 2105 2096 2104
f 2105 2097 2096
f 2107 1789 1790
f 2107 2106 1789
f 2108 1779 2099
f 2108 1791 1779
f 2108 1790 1791
f 2108 2107 1790
f 2109 2100 1784
f 2109 1784 1796
f 1797 2109 1796
f 1797 2110 2109
f 2109 2101 2100
f 2109 2110 2101
f 2102 1798 1786
f 2102 2111 1798
f 1798 2110 1797
f 1798 2111 2110
f 2110 2102 2101
f 2110 2111 2102
f 2113 2104 1788
f 2113 1788 1800
f 1800 1799 2112
f 1800 2112 2113
f 2114 1789 2106
f 2114 1802 1789
f 1808 1807 2117
f 1808 2117 2118
f 1809 1808 2118
f 1809 2118 2119
f 1810 1809 2119
f 1810 2119 2120
f 2119 2110 2111
f 2119 2111 2120
f 2112 1799 1811
f 2112 1811 2121
f 1811 1810 2120
f 1811 2120 2121
f 2122 2112 2121
f 2122 2113 2112
f 2123 1802 2114
f 2123 1813 1802
f 1814 1813 2123
f 1814 2123 2124
f 1816 1815 2125
f 1816 2125 2126
f 2126 2125 2115
f 2126 2115 2116
f 2129 1819 1818
f 2129 1818 2128
f 2117 1807 1820
f 2117 1820 2130
f 1820 1819 2129
f 1820 2129 2130
f 2131 1814 2124
f 2131 1822 1814
f 2132 2125 1815
f 2132 1815 1823
f 1823 1822 2131
f 1823 2131 2132
f 2132 2131 2124
f 2132 2124 2125
f 2126 1824 1816
f 2126 2133 1824
f 2134 1825 1824
f 2134 1824 2133
f 2128 1818 1826
f 2128 1826 2135
f 1826 1825 2134
f 1826 2134 2135
f 2135 2134 2127
f 2135 2127 2128
f 2136 2128 2135
f 2136 2129 2128
f 2138 2133 2137
f 2138 2134 2133
f 2139 2134 2138
f 2139 2135 2134
f 2143 2141 2140
f 2143 2144 2141
f 2144 2142 2141
f 2144 2145 2142
f 2146 1827 1828
f 2146 2145 1827
f 2147 2144 2143
f 2147 2148 2144
f 2149 1827 2145
f 2149 1830 1827
f 1830 2148 1829
f 1830 2149 2148
f 2149 2144 2148
f 2149 2145 2144
f 2146 1828 1831
f 2146 1831 2150
f 2149 2145 2146
f 2149 2146 2150
f 2151 1831 1832
f 2151 2150 1831
f 2152 1832 1833
f 2152 2151 1832
f 2154 1834 1835
f 2154 2153 1834
f 2148 1836 1829
f 2148 2155 1836
f 1836 2154 1835
f 1836 2155 2154
f 2152 1833 1839
f 2152 1839 2158
f 2157 2151 2152
f 2157 2152 2158
f 2160 1834 2153
f 2160 1841 1834
f 1841 2159 1840
f 1841 2160 2159
f 1844 1843 2162
f 1844 2162 2163
f 2162 2155 2156
f 2162 2156 2163
f 2158 1839 1847
f 2158 1847 2166
f 1847 1846 2165
f 1847 2165 2166
f 2159 1848 1840
f 2159 2170 1848
f 2173 2162 1843
f 2173 1843 1849
f 2173 2172 2161
f 2173 2161 2162
f 2174 1844 2163
f 2174 1850 1844
f 2174 1849 1850
f 2174 2173 1849
f 2174 2163 2164
f 2174 2164 2175
f 2176 2165 1846
f 2176 1846 1852
f 2178 1853 1854
f 2178 2177 1853
f 2178 2167 2177
f 2178 2168 2167
f 1855 2178 1854
f 1855 2179 2178
f 2178 2169 2168
f 2178 2179 2169
f 2180 1855 1856
f 2180 2179 1855
f 1858 2181 1857
f 1858 2182 2181
f 2183 1848 2170
f 2183 1859 1848
f 2183 1858 1859
f 2183 2182 1858
f 1860 1859 2183
f 1860 2183 2184
f 2184 2183 2170
f 2184 2170 2171
f 2185 2172 2173
f 2185 2173 2186
f 2187 1862 1861
f 2187 1861 2186
f 1863 1862 2187
f 1863 2187 2188
f 2189 2176 1852
f 2189 1852 1864
f 2189 2188 2175
f 2189 2175 2176
f 2190 1853 2177
f 2190 1865 1853
f 2191 1866 1865
f 2191 1865 2190
f 2180 1856 1867
f 2180 1867 2193
f 2192 2179 2180
f 2192 2180 2193
f 2181 1868 1857
f 2181 2194 1868
f 2194 1867 1868
f 2194 2193 1867
f 1869 1868 2194
f 1869 2194 2195
f 2195 2194 2181
f 2195 2181 2182
f 2183 1859 1870
f 2183 1870 2196
f 2196 2195 2182
f 2196 2182 2183
f 2197 1860 2184
f 2197 1871 1860
f 2197 1870 1871
f 2197 2196 1870
f 2186 1861 1872
f 2186 1872 2198
f 2199 1872 1873
f 2199 2198 1872
f 2198 2187 2186
f 2198 2199 2187
f 2200 1863 2188
f 2200 1874 1863
f 2200 1873 1874
f 2200 2199 1873
f 2200 2187 2199
f 2200 2188 2187
f 2201 2189 1864
f 2201 1864 1875
f 1876 2201 1875
f 1876 2202 2201
f 2203 1866 2191
f 2203 1878 1866
f 2204 2203 2191
f 2204 2191 2192
f 2205 2194 1868
f 2205 1868 1879
f 2206 1869 2195
f 2206 1880 1869
f 2207 2206 2195
f 2207 2195 2196
f 2209 1882 1881
f 2209 1881 2208
f 2211 2210 2198
f 2211 2198 2199
f 2213 2202 1876
f 2213 1876 1887
f 2203 1889 1878
f 2203 2214 1889
f 2205 1879 1891
f 2205 1891 2216
f 2216 1891 1890
f 2216 1890 2215
f 2217 1880 2206
f 2217 1892 1880
f 2217 1891 1892
f 2217 2216 1891
f 2208 1881 1893
f 2208 1893 2218
f 2209 1894 1882
f 2209 2219 1894
f 2219 1893 1894
f 2219 2218 1893
f 2218 2209 2208
f 2218 2219 2209
f 2220 2210 2211
f 2220 2211 2221
f 1898 1897 2222
f 1898 2222 2223
f 2224 2213 1887
f 2224 1887 1899
f 2224 1899 1898
f 2224 1898 2223
f 2224 2223 2212
f 2224 2212 2213
f 2226 1900 1901
f 2226 2225 1900
f 2227 1889 2214
f 2227 1902 1889
f 2215 1890 1904
f 2215 1904 2229
f 1904 1903 2228
f 1904 2228 2229
f 2216 1905 1891
f 2216 2230 1905
f 2230 1904 1905
f 2230 2229 1904
f 2232 2218 2219
f 2232 2219 2233
f 2234 1908 1907
f 2234 1907 2233
f 2222 1897 1909
f 2222 1909 2235
f 1910 2235 1909
f 1910 2236 2235
f 2236 2222 2235
f 2236 2223 2222
f 2225 1912 1900
f 2225 2237 1912
f 2226 1901 1913
f 2226 1913 2238
f 2237 2225 2226
f 2237 2226 2238
f 2227 1914 1902
f 2227 2239 1914
f 2239 1913 1914
f 2239 2238 1913
f 2228 1903 1915
f 2228 1915 2240
f 2229 1916 1904
f 2229 2241 1916
f 1916 2240 1915
f 1916 2241 2240
f 2241 2228 2240
f 2241 2229 2228
f 2241 2229 2230
f 2241 2230 2242
f 2242 2230 2231
f 2242 2231 2243
f 2233 1907 1919
f 2233 1919 2245
f 2244 2232 2233
f 2244 2233 2245
f 2234 1920 1908
f 2234 2246 1920
f 2246 1919 1920
f 2246 2245 1919
f 2245 2234 2233
f 2245 2246 2234
f 2236 1910 1921
f 2236 1921 2247
f 2248 1921 1922
f 2248 2247 1921
f 2237 1923 1912
f 2237 2249 1923
f 2250 2249 2237
f 2250 2237 2238
f 2253 1925 1924
f 2253 1924 2252
f 2248 1922 1928
f 2248 1928 2254
f 2255 1923 2249
f 2255 1929 1923
f 1930 1929 2255
f 1930 2255 2256
f 2255 2249 2250
f 2255 2250 2256
f 1931 1930 2256
f 1931 2256 2257
f 2258 1932 1931
f 2258 1931 2257
f 2252 1924 1934
f 2252 1934 2260
f 2260 1934 1933
f 2260 1933 2259
f 2259 2251 2252
f 2259 2252 2260
f 2253 1935 1925
f 2253 2261 1935
f 2261 1934 1935
f 2261 2260 1934
f 2261 2252 2260
f 2261 2253 2252
f 2254 1928 1939
f 2254 1939 2262
f 2265 1932 2258
f 2265 1940 1932
f 2264 2258 2257
f 2264 2265 2258
f 2266 2259 1933
f 2266 1933 1941
f 2267 1934 2260
f 2267 1942 1934
f 1942 2266 1941
f 1942 2267 2266
f 2267 2259 2266
f 2267 2260 2259
f 2262 1939 1944
f 2262 1944 2268
f 2270 2263 2269
f 2270 2264 2263
f 2271 1940 2265
f 2271 1946 1940
f 2271 1945 1946
f 2271 2270 1945
f 2271 2264 2270
f 2271 2265 2264
f 2276 2268 1944
f 2276 1944 1951
f 2278 1945 2270
f 2278 1953 1945
f 2278 1952 1953
f 2278 2277 1952
f 2277 2270 2269
f 2277 2278 2270
f 1956 1955 2280
f 1956 2280 2281
f 2280 2272 2273
f 2280 2273 2281
f 2283 1958 1957
f 2283 1957 2282
f 2283 2282 2274
f 2283 2274 2275
f 2284 1959 1958
f 2284 1958 2283
f 2276 1951 1960
f 2276 1960 2285
f 1960 1959 2284
f 1960 2284 2285
f 2277 1961 1952
f 2277 2286 1961
f 2287 1962 1961
f 2287 1961 2286
f 2286 2277 2278
f 2286 2278 2287
f 2288 1963 1962
f 2288 1962 2287
f 2287 2278 2279
f 2287 2279 2288
f 2289 1964 1963
f 2289 1963 2288
f 2290 1965 1964
f 2290 1964 2289
f 1966 1965 2290
f 1966 2290 2291
f 2292 1967 1966
f 2292 1966 2291
f 2294 2280 1955
f 2294 1955 1969
f 2294 1969 1968
f 2294 1968 2293
f 2295 1956 2281
f 2295 1970 1956
f 2296 2282 1957
f 2296 1957 1971
f 1971 1970 2295
f 1971 2295 2296
f 2296 2295 2281
f 2296 2281 2282
f 2299 2287 2286
f 2299 2300 2287
f 2302 1974 1975
f 2302 2301 1974
f 2301 2291 2290
f 2301 2302 2291
f 2303 1967 2292
f 2303 1976 1967
f 2293 1968 1977
f 2293 1977 2304
f 1977 1976 2303
f 1977 2303 2304
f 2305 2298 2297
f 2305 2306 2298
f 2301 1978 1974
f 2301 2307 1978
f 2302 1975 1979
f 2302 1979 2308
f 2308 1979 1978
f 2308 1978 2307
f 2310 2307 2309
f 2310 2308 2307
f 2314 2312 2311
f 2314 2315 2312
f 2316 1980 1981
f 2316 2315 1980
f 2315 2313 2312
f 2315 2316 2313
f 2317 1981 1982
f 2317 2316 1981
f 2318 1982 1983
f 2318 2317 1982
f 2320 1980 2315
f 2320 1985 1980
f 2320 1984 1985
f 2320 2319 1984
f 2318 1983 1987
f 2318 1987 2322
f 2321 2317 2318
f 2321 2318 2322
f 2323 1987 1988
f 2323 2322 1987
f 2325 1984 2319
f 2325 1990 1984
f 2323 1988 1994
f 2323 1994 2329
f 2328 2322 2323
f 2328 2323 2329
f 2334 1995 1996
f 2334 2333 1995
f 2335 1990 2325
f 2335 1997 1990
f 1997 2334 1996
f 1997 2335 2334
f 2334 2325 2324
f 2334 2335 2325
f 1998 1997 2335
f 1998 2335 2336
f 2337 2336 2326
f 2337 2326 2327
f 2329 1994 2001
f 2329 2001 2340
f 2001 2000 2339
f 2001 2339 2340
f 2003 2341 2002
f 2003 2342 2341
f 2342 2330 2341
f 2342 2331 2330
f 2343 2331 2342
f 2343 2332 2331
f 2344 1995 2333
f 2344 2005 1995
f 2006 2005 2344
f 2006 2344 2345
f 2335 1997 2007
f 2335 2007 2346
f 2336 2008 1998
f 2336 2347 2008
f 2008 2346 2007
f 2008 2347 2346
f 2346 2336 2335
f 2346 2347 2336
f 2348 2347 2336
f 2348 2336 2337
f 2339 2000 2010
f 2339 2010 2350
f 2350 2349 2338
f 2350 2338 2339
f 2351 2002 2341
f 2351 2011 2002
f 2342 2003 2012
f 2342 2012 2352
f 2013 2352 2012
f 2013 2353 2352
f 2352 2343 2342
f 2352 2353 2343
f 2016 2355 2015
f 2016 2356 2355
f 2357 2006 2345
f 2357 2017 2006
f 2018 2017 2357
f 2018 2357 2358
f 2019 2018 2358
f 2019 2358 2359
f 2359 2358 2346
f 2359 2346 2347
f 2361 2021 2020
f 2361 2020 2360
f 2350 2010 2022
f 2350 2022 2362
f 2361 2349 2350
f 2361 2350 2362
f 2364 2011 2351
f 2364 2023 2011
f 2353 2013 2024
f 2353 2024 2366
f 2366 2365 2352
f 2366 2352 2353
f 2367 2024 2025
f 2367 2366 2024
f 2366 2354 2353
f 2366 2367 2354
f 2355 2026 2015
f 2355 2368 2026
f 2356 2016 2027
f 2356 2027 2369
f 2369 2368 2355
f 2369 2355 2356
f 2370 2027 2028
f 2370 2369 2027
f 2029 2370 2028
f 2029 2371 2370
f 2359 2030 2019
f 2359 2372 2030
f 2030 2371 2029
f 2030 2372 2371
f 2371 2359 2358
f 2371 2372 2359
f 2360 2020 2031
f 2360 2031 2373
f 2373 2372 2359
f 2373 2359 2360
f 2374 2021 2361
f 2374 2032 2021
f 2374 2031 2032
f 2374 2373 2031
f 2374 2360 2373
f 2374 2361 2360
f 2375 2362 2022
f 2375 2022 2033
f 2034 2375 2033
f 2034 2376 2375
f 2375 2363 2362
f 2375 2376 2363
f 2377 2023 2364
f 2377 2036 2023
f 2378 2377 2364
f 2378 2364 2365
f 2379 2367 2025
f 2379 2025 2037
f 2380 2026 2368
f 2380 2038 2026
f 2038 2379 2037
f 2038 2380 2379
f 2379 2368 2367
f 2379 2380 2368
f 2040 2039 2381
f 2040 2381 2382
f 2383 2382 2371
f 2383 2371 2372
f 2385 2376 2034
f 2385 2034 2045
f 2386 2036 2377
f 2386 2047 2036
f 2388 2049 2048
f 2388 2048 2387
f 2389 2381 2039
f 2389 2039 2052
f 2390 2040 2382
f 2390 2053 2040
f 2053 2389 2052
f 2053 2390 2389
f 2390 2381 2389
f 2390 2382 2381
f 2390 2382 2383
f 2390 2383 2391
f 2391 2383 2384
f 2391 2384 2392
f 2057 2056 2393
f 2057 2393 2394
f 2395 2385 2045
f 2395 2045 2058
f 2395 2058 2057
f 2395 2057 2394
f 2397 2059 2060
f 2397 2396 2059
f 2398 2047 2386
f 2398 2061 2047
f 2387 2048 2062
f 2387 2062 2399
f 2388 2063 2049
f 2388 2400 2063
f 2400 2062 2063
f 2400 2399 2062
f 2068 2067 2402
f 2068 2402 2403
f 2404 2403 2391
f 2404 2391 2392
f 2393 2056 2069
f 2393 2069 2405
f 2070 2405 2069
f 2070 2406 2405
f 2406 2393 2405
f 2406 2394 2393
f 2407 2070 2071
f 2407 2406 2070
f 2408 2059 2396
f 2408 2072 2059
f 2397 2060 2073
f 2397 2073 2409
f 2073 2072 2408
f 2073 2408 2409
f 2408 2396 2397
f 2408 2397 2409
f 2398 2074 2061
f 2398 2410 2074
f 2074 2409 2073
f 2074 2410 2409
f 2411 2399 2400
f 2411 2400 2412
f 2412 2400 2401
f 2412 2401 2413
f 2414 2077 2076
f 2414 2076 2413
f 2402 2067 2078
f 2402 2078 2415
f 2416 2068 2403
f 2416 2079 2068
f 2079 2415 2078
f 2079 2416 2415
f 2416 2402 2415
f 2416 2403 2402
f 2407 2071 2080
f 2407 2080 2417
f 2418 2073 2409
f 2418 2081 2073
f 2421 2413 2076
f 2421 2076 2084
f 2421 2084 2083
f 2421 2083 2420
f 2414 2085 2077
f 2414 2422 2085
f 2421 2414 2413
f 2421 2422 2414
f 2425 2417 2080
f 2425 2080 2087
f 2426 2081 2418
f 2426 2088 2081
f 2089 2088 2426
f 2089 2426 2427
f 2426 2418 2419
f 2426 2419 2427
f 2090 2089 2427
f 2090 2427 2428
f 2091 2090 2428
f 2091 2428 2429
f 2420 2083 2092
f 2420 2092 2430
f 2431 2092 2093
f 2431 2430 2092
f 2431 2420 2430
f 2431 2421 2420
f 2422 2094 2085
f 2422 2432 2094
f 2432 2093 2094
f 2432 2431 2093
f 2432 2421 2431
f 2432 2422 2421
f 2433 2423 2424
f 2433 2424 2434
f 2425 2087 2096
f 2425 2096 2435
f 2097 2435 2096
f 2097 2436 2435
f 2438 2428 2427
f 2438 2439 2428
f 2440 2091 2429
f 2440 2099 2091
f 2439 2429 2428
f 2439 2440 2429
f 2436 2097 2105
f 2436 2105 2442
f 2105 2104 2441
f 2105 2441 2442
f 2442 2441 2435
f 2442 2435 2436
f 2444 2437 2443
f 2444 2438 2437
f 2445 2106 2107
f 2445 2444 2106
f 2445 2438 2444
f 2445 2439 2438
f 2446 2099 2440
f 2446 2108 2099
f 2446 2107 2108
f 2446 2445 2107
f 2446 2439 2445
f 2446 2440 2439
f 2111 2110 2447
f 2111 2447 2448
f 2449 2441 2104
f 2449 2104 2113
f 2450 2106 2444
f 2450 2114 2106
f 2116 2115 2451
f 2116 2451 2452
f 2118 2117 2453
f 2118 2453 2454
f 2447 2110 2119
f 2447 2119 2455
f 2455 2119 2118
f 2455 2118 2454
f 2448 2120 2111
f 2448 2456 2120
f 2456 2447 2455
f 2456 2448 2447
f 2457 2121 2120
f 2457 2120 2456
f 2449 2113 2122
f 2449 2122 2458
f 2122 2121 2457
f 2122 2457 2458
f 2459 2114 2450
f 2459 2123 2114
f 2460 2124 2123
f 2460 2123 2459
f 2461 2451 2115
f 2461 2115 2125
f 2125 2124 2460
f 2125 2460 2461
f 2462 2116 2452
f 2462 2126 2116
f 2462 2451 2461
f 2462 2452 2451
f 2464 2128 2127
f 2464 2127 2463
f 2453 2117 2130
f 2453 2130 2466
f 2130 2129 2465
f 2130 2465 2466
f 2467 2453 2466
f 2467 2454 2453
f 2470 2126 2462
f 2470 2133 2126
f 2471 2463 2127
f 2471 2127 2134
f 2472 2128 2464
f 2472 2135 2128
f 2135 2471 2134
f 2135 2472 2471
f 2471 2464 2463
f 2471 2472 2464
f 2465 2129 2136
f 2465 2136 2473
f 2136 2135 2472
f 2136 2472 2473
f 2473 2472 2464
f 2473 2464 2465
f 2474 2469 2468
f 2474 2475 2469
f 2470 2137 2133
f 2470 2476 2137
f 2477 2138 2137
f 2477 2137 2476
f 2472 2135 2139
f 2472 2139 2478
f 2139 2138 2477
f 2139 2477 2478
f 2483 2479 2482
f 2483 2480 2479
f 2141 2484 2140
f 2141 2485 2484
f 2486 2141 2142
f 2486 2485 2141
f 2488 2481 2487
f 2488 2482 2481
f 2489 2482 2488
f 2489 2483 2482
f 2484 2143 2140
f 2484 2490 2143
f 2490 2484 2485
f 2490 2485 2491
f 2492 2486 2142
f 2492 2142 2145
f 2496 2143 2490
f 2496 2147 2143
f 2497 2148 2147
f 2497 2147 2496
f 2496 2490 2491
f 2496 2491 2497
f 2498 2492 2145
f 2498 2145 2149
f 2150 2498 2149
f 2150 2499 2498
f 2500 2150 2151
f 2500 2499 2150
f 2500 2493 2499
f 2500 2494 2493
f 2501 2494 2500
f 2501 2495 2494
f 2504 2153 2154
f 2504 2503 2153
f 2497 2155 2148
f 2497 2505 2155
f 2155 2504 2154
f 2155 2505 2504
f 2156 2155 2505
f 2156 2505 2506
f 2500 2151 2157
f 2500 2157 2508
f 2509 2157 2158
f 2509 2508 2157
f 2509 2500 2508
f 2509 2501 2500
f 2511 2153 2503
f 2511 2160 2153
f 2511 2159 2160
f 2511 2510 2159
f 2511 2502 2510
f 2511 2503 2502
f 2505 2155 2162
f 2505 2162 2513
f 2513 2162 2161
f 2513 2161 2512
f 2512 2504 2505
f 2512 2505 2513
f 2506 2163 2156
f 2506 2514 2163
f 2513 2506 2505
f 2513 2514 2506
f 2164 2163 2514
f 2164 2514 2515
f 2516 2515 2507
f 2516 2507 2508
f 2517 2509 2158
f 2517 2158 2166
f 2517 2166 2165
f 2517 2165 2516
f 2517 2516 2508
f 2517 2508 2509
f 2168 2518 2167
f 2168 2519 2518
f 2169 2519 2168
f 2169 2520 2519
f 2522 2159 2510
f 2522 2170 2159
f 2171 2170 2522
f 2171 2522 2523
f 2524 2512 2161
f 2524 2161 2172
f 2525 2512 2524
f 2525 2513 2512
f 2174 2525 2173
f 2174 2526 2525
f 2527 2164 2515
f 2527 2175 2164
f 2175 2526 2174
f 2175 2527 2526
f 2526 2515 2514
f 2526 2527 2515
f 2528 2516 2165
f 2528 2165 2176
f 2528 2176 2175
f 2528 2175 2527
f 2528 2527 2515
f 2528 2515 2516
f 2529 2167 2518
f 2529 2177 2167
f 2530 2529 2518
f 2530 2518 2519
f 2531 2520 2169
f 2531 2169 2179
f 2531 2521 2520
f 2531 2532 2521
f 2536 2171 2523
f 2536 2184 2171
f 2535 2523 2522
f 2535 2536 2523
f 2537 2524 2172
f 2537 2172 2185
f 2538 2173 2525
f 2538 2186 2173
f 2538 2185 2186
f 2538 2537 2185
f 2538 2524 2537
f 2538 2525 2524
f 2539 2527 2175
f 2539 2175 2188
f 2189 2539 2188
f 2189 2540 2539
f 2542 2177 2529
f 2542 2190 2177
f 2191 2190 2542
f 2191 2542 2543
f 2542 2529 2530
f 2542 2530 2543
f 2531 2179 2192
f 2531 2192 2544
f 2192 2191 2543
f 2192 2543 2544
f 2545 2192 2193
f 2545 2544 2192
f 2545 2531 2544
f 2545 2532 2531
f 2546 2193 2194
f 2546 2545 2193
f 2545 2533 2532
f 2545 2546 2533
f 2548 2534 2547
f 2548 2535 2534
f 2536 2197 2184
f 2536 2549 2197
f 2197 2548 2196
f 2197 2549 2548
f 2548 2536 2535
f 2548 2549 2536
f 2552 2199 2198
f 2552 2198 2551
f 2540 2189 2201
f 2540 2201 2554
f 2553 2539 2540
f 2553 2540 2554
f 2555 2201 2202
f 2555 2554 2201
f 2554 2541 2540
f 2554 2555 2541
f 2544 2204 2192
f 2544 2557 2204
f 2204 2556 2203
f 2204 2557 2556
f 2558 2546 2194
f 2558 2194 2205
f 2558 2547 2546
f 2558 2559 2547
f 2548 2207 2196
f 2548 2560 2207
f 2560 2206 2207
f 2560 2559 2206
f 2560 2547 2559
f 2560 2548 2547
f 2561 2549 2550
f 2561 2550 2562
f 2551 2198 2210
f 2551 2210 2563
f 2563 2562 2550
f 2563 2550 2551
f 2552 2211 2199
f 2552 2564 2211
f 2563 2552 2551
f 2563 2564 2552
f 2566 2555 2202
f 2566 2202 2213
f 2566 2213 2212
f 2566 2212 2565
f 2556 2214 2203
f 2556 2567 2214
f 2570 2558 2205
f 2570 2205 2216
f 2570 2216 2215
f 2570 2215 2569
f 2559 2217 2206
f 2559 2571 2217
f 2217 2570 2216
f 2217 2571 2570
f 2571 2558 2570
f 2571 2559 2558
f 2574 2219 2218
f 2574 2218 2573
f 2574 2573 2561
f 2574 2561 2562
f 2575 2563 2210
f 2575 2210 2220
f 2576 2211 2564
f 2576 2221 2211
f 2221 2575 2220
f 2221 2576 2575
f 2575 2564 2563
f 2575 2576 2564
f 2577 2565 2212
f 2577 2212 2223
f 2580 2214 2567
f 2580 2227 2214
f 2582 2569 2215
f 2582 2215 2229
f 2581 2568 2569
f 2581 2569 2582
f 2570 2230 2216
f 2570 2583 2230
f 2583 2569 2582
f 2583 2570 2569
f 2231 2230 2583
f 2231 2583 2584
f 2573 2218 2232
f 2573 2232 2586
f 2585 2572 2573
f 2585 2573 2586
f 2587 2219 2574
f 2587 2233 2219
f 2577 2223 2236
f 2577 2236 2590
f 2592 2578 2591
f 2592 2579 2578
f 2593 2227 2580
f 2593 2239 2227
f 2593 2238 2239
f 2593 2592 2238
f 2593 2579 2592
f 2593 2580 2579
f 2594 2582 2229
f 2594 2229 2241
f 2242 2594 2241
f 2242 2595 2594
f 2594 2583 2582
f 2594 2595 2583
f 2584 2243 2231
f 2584 2596 2243
f 2243 2595 2242
f 2243 2596 2595
f 2595 2584 2583
f 2595 2596 2584
f 2597 2586 2232
f 2597 2232 2244
f 2598 2233 2587
f 2598 2245 2233
f 2598 2244 2245
f 2598 2597 2244
f 2597 2587 2586
f 2597 2598 2587
f 2599 2588 2589
f 2599 2589 2600
f 2590 2236 2247
f 2590 2247 2601
f 2602 2247 2248
f 2602 2601 2247
f 2592 2250 2238
f 2592 2604 2250
f 2603 2592 2591
f 2603 2604 2592
f 2607 2252 2251
f 2607 2251 2606
f 2608 2607 2595
f 2608 2595 2596
f 2613 2602 2248
f 2613 2248 2254
f 2614 2250 2604
f 2614 2256 2250
f 2257 2256 2614
f 2257 2614 2615
f 2617 2606 2251
f 2617 2251 2259
f 2617 2616 2605
f 2617 2605 2606
f 2618 2252 2607
f 2618 2260 2252
f 2618 2259 2260
f 2618 2617 2259
f 2619 2609 2610
f 2619 2610 2620
f 2622 2621 2611
f 2622 2611 2612
f 2623 2613 2254
f 2623 2254 2262
f 2622 2612 2613
f 2622 2613 2623
f 2615 2264 2257
f 2615 2625 2264
f 2264 2624 2263
f 2264 2625 2624
f 2630 2629 2619
f 2630 2619 2620
f 2631 2623 2262
f 2631 2262 2268
f 2624 2269 2263
f 2624 2632 2269
f 2633 2632 2624
f 2633 2624 2625
f 2634 2626 2627
f 2634 2627 2635
f 2636 2628 2629
f 2636 2629 2637
f 2638 2273 2272
f 2638 2272 2637
f 2638 2637 2629
f 2638 2629 2630
f 2275 2274 2639
f 2275 2639 2640
f 2631 2268 2276
f 2631 2276 2641
f 2643 2269 2632
f 2643 2277 2269
f 2644 2278 2277
f 2644 2277 2643
f 2279 2278 2644
f 2279 2644 2645
f 2646 2637 2272
f 2646 2272 2280
f 2647 2273 2638
f 2647 2281 2273
f 2639 2274 2282
f 2639 2282 2648
f 2282 2281 2647
f 2282 2647 2648
f 2640 2283 2275
f 2640 2649 2283
f 2648 2640 2639
f 2648 2649 2640
f 2284 2283 2649
f 2284 2649 2650
f 2651 2641 2276
f 2651 2276 2285
f 2651 2285 2284
f 2651 2284 2650
f 2651 2642 2641
f 2651 2652 2642
f 2654 2286 2287
f 2654 2653 2286
f 2653 2644 2643
f 2653 2654 2644
f 2655 2279 2645
f 2655 2288 2279
f 2654 2645 2644
f 2654 2655 2645
f 2289 2288 2655
f 2289 2655 2656
f 2657 2290 2289
f 2657 2289 2656
f 2292 2291 2658
f 2292 2658 2659
f 2646 2280 2294
f 2646 2294 2661
f 2661 2294 2293
f 2661 2293 2660
f 2662 2649 2648
f 2662 2663 2649
f 2298 2664 2297
f 2298 2665 2664
f 2665 2650 2664
f 2665 2651 2650
f 2666 2651 2665
f 2666 2652 2651
f 2653 2299 2286
f 2653 2667 2299
f 2654 2287 2300
f 2654 2300 2668
f 2300 2299 2667
f 2300 2667 2668
f 2668 2655 2654
f 2668 2669 2655
f 2669 2656 2655
f 2669 2670 2656
f 2657 2301 2290
f 2657 2671 2301
f 2670 2657 2656
f 2670 2671 2657
f 2658 2291 2302
f 2658 2302 2672
f 2659 2303 2292
f 2659 2673 2303
f 2673 2658 2672
f 2673 2659 2658
f 2674 2660 2293
f 2674 2293 2304
f 2304 2303 2673
f 2304 2673 2674
f 2675 2663 2662
f 2675 2676 2663
f 2677 2297 2664
f 2677 2305 2297
f 2676 2664 2663
f 2676 2677 2664
f 2678 2665 2298
f 2678 2298 2306
f 2678 2306 2305
f 2678 2305 2677
f 2680 2301 2671
f 2680 2307 2301
f 2679 2671 2670
f 2679 2680 2671
f 2681 2672 2302
f 2681 2302 2308
f 2681 2680 2671
f 2681 2671 2672
f 2682 2307 2680
f 2682 2309 2307
f 2681 2308 2310
f 2681 2310 2683
f 2310 2309 2682
f 2310 2682 2683
f 2682 2680 2681
f 2682 2681 2683
f 2689 2684 2688
f 2689 2685 2684
f 2690 2685 2689
f 2690 2686 2685
f 2312 2691 2311
f 2312 2692 2691
f 2313 2692 2312
f 2313 2693 2692
f 2695 2687 2694
f 2695 2688 2687
f 2696 2688 2695
f 2696 2689 2688
f 2691 2314 2311
f 2691 2697 2314
f 2698 2315 2314
f 2698 2314 2697
f 2697 2691 2692
f 2697 2692 2698
f 2699 2693 2313
f 2699 2313 2316
f 2317 2699 2316
f 2317 2700 2699
f 2705 2315 2698
f 2705 2320 2315
f 2705 2319 2320
f 2705 2704 2319
f 2700 2317 2321
f 2700 2321 2707
f 2706 2699 2700
f 2706 2700 2707
f 2708 2321 2322
f 2708 2707 2321
f 2707 2701 2700
f 2707 2708 2701
f 2709 2701 2708
f 2709 2702 2701
f 2712 2319 2704
f 2712 2325 2319
f 2712 2324 2325
f 2712 2711 2324
f 2712 2703 2711
f 2712 2704 2703
f 2713 2712 2704
f 2713 2704 2705
f 2714 2327 2326
f 2714 2326 2713
f 2708 2322 2328
f 2708 2328 2716
f 2717 2328 2329
f 2717 2716 2328
f 2331 2718 2330
f 2331 2719 2718
f 2332 2719 2331
f 2332 2720 2719
f 2722 2324 2711
f 2722 2334 2324
f 2722 2333 2334
f 2722 2721 2333
f 2722 2710 2721
f 2722 2711 2710
f 2724 2713 2326
f 2724 2326 2336
f 2723 2712 2713
f 2723 2713 2724
f 2725 2327 2714
f 2725 2337 2327
f 2725 2714 2715
f 2725 2715 2726
f 2727 2339 2338
f 2727 2338 2726
f 2717 2329 2340
f 2717 2340 2728
f 2728 2340 2339
f 2728 2339 2727
f 2728 2727 2716
f 2728 2716 2717
f 2729 2330 2718
f 2729 2341 2330
f 2730 2729 2718
f 2730 2718 2719
f 2720 2332 2343
f 2720 2343 2731
f 2733 2333 2721
f 2733 2344 2333
f 2345 2344 2733
f 2345 2733 2734
f 2736 2724 2336
f 2736 2336 2347
f 2736 2347 2346
f 2736 2346 2735
f 2725 2348 2337
f 2725 2737 2348
f 2348 2736 2347
f 2348 2737 2736
f 2738 2726 2338
f 2738 2338 2349
f 2739 2341 2729
f 2739 2351 2341
f 2741 2731 2343
f 2741 2343 2353
f 2741 2353 2352
f 2741 2352 2740
f 2354 2741 2353
f 2354 2742 2741
f 2741 2732 2731
f 2741 2742 2732
f 2734 2357 2345
f 2734 2745 2357
f 2735 2346 2358
f 2735 2358 2746
f 2746 2358 2357
f 2746 2357 2745
f 2745 2734 2735
f 2745 2735 2746
f 2747 2347 2736
f 2747 2359 2347
f 2747 2358 2359
f 2747 2746 2358
f 2747 2735 2746
f 2747 2736 2735
f 2748 2360 2359
f 2748 2359 2747
f 2749 2738 2349
f 2749 2349 2361
f 2362 2749 2361
f 2362 2750 2749
f 2363 2750 2362
f 2363 2751 2750
f 2752 2351 2739
f 2752 2364 2351
f 2740 2352 2365
f 2740 2365 2753
f 2365 2364 2752
f 2365 2752 2753
f 2752 2739 2740
f 2752 2740 2753
f 2754 2353 2741
f 2754 2366 2353
f 2754 2365 2366
f 2754 2753 2365
f 2754 2740 2753
f 2754 2741 2740
f 2755 2742 2354
f 2755 2354 2367
f 2368 2755 2367
f 2368 2756 2755
f 2755 2743 2742
f 2755 2756 2743
f 2369 2756 2368
f 2369 2757 2756
f 2757 2743 2756
f 2757 2744 2743
f 2370 2757 2369
f 2370 2758 2757
f 2758 2744 2757
f 2758 2745 2744
f 2759 2358 2746
f 2759 2371 2358
f 2759 2370 2371
f 2759 2758 2370
f 2758 2746 2745
f 2758 2759 2746
f 2747 2359 2372
f 2747 2372 2760
f 2760 2372 2371
f 2760 2371 2759
f 2748 2373 2360
f 2748 2761 2373
f 2761 2372 2373
f 2761 2760 2372
f 2760 2748 2747
f 2760 2761 2748
f 2762 2751 2363
f 2762 2363 2376
f 2764 2365 2753
f 2764 2378 2365
f 2378 2763 2377
f 2378 2764 2763
f 2768 2759 2371
f 2768 2371 2382
f 2767 2758 2759
f 2767 2759 2768
f 2760 2383 2372
f 2760 2769 2383
f 2769 2759 2768
f 2769 2760 2759
f 2770 2384 2383
f 2770 2383 2769
f 2771 2762 2376
f 2771 2376 2385
f 2763 2386 2377
f 2763 2772 2386
f 2775 2388 2387
f 2775 2387 2774
f 2776 2775 2765
f 2776 2765 2766
f 2778 2768 2382
f 2778 2382 2390
f 2778 2777 2767
f 2778 2767 2768
f 2391 2778 2390
f 2391 2779 2778
f 2778 2769 2768
f 2778 2779 2769
f 2770 2392 2384
f 2770 2780 2392
f 2779 2770 2769
f 2779 2780 2770
f 2782 2771 2385
f 2782 2385 2395
f 2395 2394 2781
f 2395 2781 2782
f 2785 2386 2772
f 2785 2398 2386
f 2787 2774 2387
f 2787 2387 2399
f 2786 2773 2774
f 2786 2774 2787
f 2788 2388 2775
f 2788 2400 2388
f 2788 2774 2787
f 2788 2775 2774
f 2401 2400 2788
f 2401 2788 2789
f 2791 2790 2777
f 2791 2777 2778
f 2792 2779 2391
f 2792 2391 2403
f 2780 2404 2392
f 2780 2793 2404
f 2404 2792 2403
f 2404 2793 2792
f 2794 2781 2394
f 2794 2394 2406
f 2407 2794 2406
f 2407 2795 2794
f 2796 2784 2783
f 2796 2797 2784
f 2798 2398 2785
f 2798 2410 2398
f 2798 2409 2410
f 2798 2797 2409
f 2798 2784 2797
f 2798 2785 2784
f 2799 2787 2399
f 2799 2399 2411
f 2412 2799 2411
f 2412 2800 2799
f 2799 2788 2787
f 2799 2800 2788
f 2801 2401 2789
f 2801 2413 2401
f 2801 2412 2413
f 2801 2800 2412
f 2800 2789 2788
f 2800 2801 2789
f 2802 2795 2407
f 2802 2407 2417
f 2803 2409 2797
f 2803 2418 2409
f 2419 2418 2803
f 2419 2803 2804
f 2424 2423 2808
f 2424 2808 2809
f 2802 2417 2425
f 2802 2425 2810
f 2811 2419 2804
f 2811 2427 2419
f 2814 2813 2805
f 2814 2805 2806
f 2815 2814 2806
f 2815 2806 2807
f 2808 2423 2433
f 2808 2433 2816
f 2809 2434 2424
f 2809 2817 2434
f 2434 2816 2433
f 2434 2817 2816
f 2816 2809 2808
f 2816 2817 2809
f 2818 2810 2425
f 2818 2425 2435
f 2811 2438 2427
f 2811 2820 2438
f 2438 2819 2437
f 2438 2820 2819
f 2821 2820 2811
f 2821 2811 2812
f 2818 2435 2441
f 2818 2441 2827
f 2819 2443 2437
f 2819 2828 2443
f 2829 2444 2443
f 2829 2443 2828
f 2829 2828 2819
f 2829 2819 2820
f 2830 2822 2823
f 2830 2823 2831
f 2834 2833 2824
f 2834 2824 2825
f 2834 2825 2826
f 2834 2826 2835
f 2836 2827 2441
f 2836 2441 2449
f 2829 2450 2444
f 2829 2839 2450
f 2841 2840 2832
f 2841 2832 2833
f 2842 2834 2835
f 2842 2835 2843
f 2844 2455 2454
f 2844 2454 2843
f 2845 2456 2455
f 2845 2455 2844
f 2457 2456 2845
f 2457 2845 2846
f 2847 2836 2449
f 2847 2449 2458
f 2458 2457 2846
f 2458 2846 2847
f 2848 2836 2847
f 2848 2837 2836
f 2839 2459 2450
f 2839 2850 2459
f 2849 2839 2838
f 2849 2850 2839
f 2851 2460 2459
f 2851 2459 2850
f 2852 2461 2460
f 2852 2460 2851
f 2853 2462 2461
f 2853 2461 2852
f 2856 2465 2464
f 2856 2464 2855
f 2466 2465 2856
f 2466 2856 2857
f 2843 2454 2467
f 2843 2467 2858
f 2467 2466 2857
f 2467 2857 2858
f 2859 2845 2844
f 2859 2860 2845
f 2861 2845 2860
f 2861 2846 2845
f 2469 2861 2468
f 2469 2862 2861
f 2862 2846 2861
f 2862 2847 2846
f 2863 2847 2862
f 2863 2848 2847
f 2864 2851 2850
f 2864 2865 2851
f 2865 2852 2851
f 2865 2866 2852
f 2853 2470 2462
f 2853 2867 2470
f 2866 2853 2852
f 2866 2867 2853
f 2869 2855 2464
f 2869 2464 2472
f 2869 2868 2854
f 2869 2854 2855
f 2870 2855 2869
f 2870 2856 2855
f 2871 2856 2870
f 2871 2857 2856
f 2861 2474 2468
f 2861 2873 2474
f 2872 2861 2860
f 2872 2873 2861
f 2874 2862 2469
f 2874 2469 2475
f 2874 2475 2474
f 2874 2474 2873
f 2876 2470 2867
f 2876 2476 2470
f 2875 2867 2866
f 2875 2876 2867
f 2877 2477 2476
f 2877 2476 2876
f 2876 2867 2868
f 2876 2868 2877
f 2878 2869 2472
f 2878 2472 2478
f 2878 2478 2477
f 2878 2477 2877
f 2878 2877 2868
f 2878 2868 2869
f 2883 2879 2882
f 2883 2880 2879
f 2884 2882 2881
f 2884 2885 2882
f 2885 2883 2882
f 2885 2886 2883
f 2887 2886 2885
f 2887 2888 2886
f 2891 2887 2890
f 2891 2888 2887
f 2892 2888 2891
f 2892 2889 2888
f 2894 2890 2893
f 2894 2891 2890
f 2895 2894 2893
f 2895 2896 2894
f 2898 2896 2895
f 2898 2899 2896
f 2480 2899 2479
f 2480 2900 2899
f 2899 2897 2896
f 2899 2900 2897
f 2902 2479 2899
f 2902 2482 2479
f 2902 2481 2482
f 2902 2901 2481
f 2902 2898 2901
f 2902 2899 2898
f 2903 2900 2480
f 2903 2480 2483
f 2486 2904 2485
f 2486 2905 2904
f 2906 2481 2901
f 2906 2487 2481
f 2907 2488 2487
f 2907 2487 2906
f 2908 2903 2483
f 2908 2483 2489
f 2489 2488 2907
f 2489 2907 2908
f 2904 2491 2485
f 2904 2909 2491
f 2910 2905 2486
f 2910 2486 2492
f 2909 2904 2905
f 2909 2905 2910
f 2912 2493 2494
f 2912 2911 2493
f 2913 2494 2495
f 2913 2912 2494
f 2909 2497 2491
f 2909 2916 2497
f 2910 2492 2498
f 2910 2498 2917
f 2916 2909 2910
f 2916 2910 2917
f 2918 2493 2911
f 2918 2499 2493
f 2499 2917 2498
f 2499 2918 2917
f 2920 2913 2495
f 2920 2495 2501
f 2919 2912 2913
f 2919 2913 2920
f 2922 2502 2503
f 2922 2921 2502
f 2923 2503 2504
f 2923 2922 2503
f 2922 2915 2914
f 2922 2923 2915
f 2924 2497 2916
f 2924 2505 2497
f 2924 2916 2917
f 2924 2917 2925
f 2925 2917 2918
f 2925 2918 2926
f 2927 2508 2507
f 2927 2507 2926
f 2927 2926 2918
f 2927 2918 2919
f 2928 2920 2501
f 2928 2501 2509
f 2928 2509 2508
f 2928 2508 2927
f 2928 2927 2919
f 2928 2919 2920
f 2931 2502 2921
f 2931 2510 2502
f 2932 2923 2504
f 2932 2504 2512
f 2924 2513 2505
f 2924 2933 2513
f 2513 2932 2512
f 2513 2933 2932
f 2514 2513 2933
f 2514 2933 2934
f 2934 2933 2924
f 2934 2924 2925
f 2935 2926 2507
f 2935 2507 2515
f 2935 2934 2925
f 2935 2925 2926
f 2520 2936 2519
f 2520 2937 2936
f 2521 2937 2520
f 2521 2938 2937
f 2940 2929 2939
f 2940 2930 2929
f 2931 2522 2510
f 2931 2941 2522
f 2941 2930 2940
f 2941 2931 2930
f 2944 2933 2513
f 2944 2513 2525
f 2945 2514 2934
f 2945 2526 2514
f 2526 2944 2525
f 2526 2945 2944
f 2944 2934 2933
f 2944 2945 2934
f 2946 2935 2515
f 2946 2515 2527
f 2936 2530 2519
f 2936 2947 2530
f 2949 2938 2521
f 2949 2521 2532
f 2533 2949 2532
f 2533 2950 2949
f 2950 2940 2939
f 2950 2951 2940
f 2941 2535 2522
f 2941 2952 2535
f 2952 2534 2535
f 2952 2951 2534
f 2953 2942 2943
f 2953 2943 2954
f 2946 2527 2539
f 2946 2539 2955
f 2957 2540 2541
f 2957 2956 2540
f 2958 2530 2947
f 2958 2543 2530
f 2544 2543 2958
f 2544 2958 2959
f 2958 2947 2948
f 2958 2948 2959
f 2961 2950 2533
f 2961 2533 2546
f 2961 2960 2949
f 2961 2949 2950
f 2962 2534 2951
f 2962 2547 2534
f 2962 2546 2547
f 2962 2961 2546
f 2962 2951 2952
f 2962 2952 2963
f 2965 2550 2549
f 2965 2549 2964
f 2966 2551 2550
f 2966 2550 2965
f 2955 2539 2553
f 2955 2553 2967
f 2956 2554 2540
f 2956 2968 2554
f 2968 2553 2554
f 2968 2967 2553
f 2967 2956 2955
f 2967 2968 2956
f 2957 2541 2555
f 2957 2555 2969
f 2968 2956 2957
f 2968 2957 2969
f 2959 2557 2544
f 2959 2971 2557
f 2557 2970 2556
f 2557 2971 2970
f 2972 2971 2959
f 2972 2959 2960
f 2973 2972 2960
f 2973 2960 2961
f 2964 2549 2561
f 2964 2561 2975
f 2974 2963 2964
f 2974 2964 2975
f 2975 2965 2964
f 2975 2976 2965
f 2966 2563 2551
f 2966 2977 2563
f 2977 2562 2563
f 2977 2976 2562
f 2976 2966 2965
f 2976 2977 2966
f 2969 2555 2566
f 2969 2566 2979
f 2979 2566 2565
f 2979 2565 2978
f 2970 2567 2556
f 2970 2981 2567
f 2982 2981 2970
f 2982 2970 2971
f 2983 2569 2568
f 2983 2568 2982
f 2983 2982 2971
f 2983 2971 2972
f 2985 2975 2561
f 2985 2561 2573
f 2985 2573 2572
f 2985 2572 2984
f 2986 2562 2976
f 2986 2574 2562
f 2986 2975 2985
f 2986 2976 2975
f 2987 2986 2976
f 2987 2976 2977
f 2988 2978 2565
f 2988 2565 2577
f 2579 2989 2578
f 2579 2990 2989
f 2991 2567 2981
f 2991 2580 2567
f 2991 2579 2580
f 2991 2990 2579
f 2991 2980 2990
f 2991 2981 2980
f 2992 2982 2568
f 2992 2568 2581
f 2993 2569 2983
f 2993 2582 2569
f 2993 2581 2582
f 2993 2992 2581
f 2992 2983 2982
f 2992 2993 2983
f 2984 2572 2585
f 2984 2585 2994
f 2995 2585 2586
f 2995 2994 2585
f 2995 2984 2994
f 2995 2985 2984
f 2996 2574 2986
f 2996 2587 2574
f 2996 2586 2587
f 2996 2995 2586
f 2589 2588 2997
f 2589 2997 2998
f 3000 2988 2577
f 3000 2577 2590
f 3001 2578 2989
f 3001 2591 2578
f 2596 2595 3003
f 2596 3003 3004
f 3006 2995 2996
f 3006 2996 3007
f 2997 2588 2599
f 2997 2599 3008
f 2998 2600 2589
f 2998 3009 2600
f 2600 3008 2599
f 2600 3009 3008
f 3009 2997 3008
f 3009 2998 2997
f 3009 2998 2999
f 3009 2999 3010
f 3000 2590 2601
f 3000 2601 3011
f 3012 2601 2602
f 3012 3011 2601
f 3013 2591 3001
f 3013 2603 2591
f 2604 2603 3013
f 2604 3013 3014
f 3013 3001 3002
f 3013 3002 3014
f 3017 2606 2605
f 3017 2605 3016
f 3003 2595 2607
f 3003 2607 3018
f 3018 2607 2606
f 3018 2606 3017
f 3004 2608 2596
f 3004 3019 2608
f 2608 3018 2607
f 2608 3019 3018
f 3020 3005 3006
f 3020 3006 3021
f 3023 2610 2609
f 3023 2609 3022
f 3023 3022 3007
f 3023 3007 3008
f 3024 3009 3010
f 3024 3010 3025
f 3026 2612 2611
f 3026 2611 3025
f 3025 3010 3011
f 3025 3011 3026
f 3027 3012 2602
f 3027 2602 2613
f 3027 2613 2612
f 3027 2612 3026
f 3026 3011 3012
f 3026 3012 3027
f 3028 2604 3014
f 3028 2614 2604
f 2615 2614 3028
f 2615 3028 3029
f 3028 3014 3015
f 3028 3015 3029
f 3016 2605 2616
f 3016 2616 3030
f 3031 2616 2617
f 3031 3030 2616
f 3032 2607 3018
f 3032 2618 2607
f 3032 2617 2618
f 3032 3031 2617
f 3032 3017 3031
f 3032 3018 3017
f 3036 3022 2609
f 3036 2609 2619
f 3035 3021 3022
f 3035 3022 3036
f 3037 2610 3023
f 3037 2620 2610
f 3038 3025 2611
f 3038 2611 2621
f 3039 2621 2622
f 3039 3038 2621
f 3040 2622 2623
f 3040 3039 2622
f 3041 2615 3029
f 3041 2625 2615
f 3041 3029 3030
f 3041 3030 3042
f 3044 2627 2626
f 3044 2626 3043
f 3045 3033 3034
f 3045 3034 3046
f 3048 3036 2619
f 3048 2619 2629
f 3048 2629 2628
f 3048 2628 3047
f 3049 2620 3037
f 3049 2630 2620
f 3048 3037 3036
f 3048 3049 3037
f 3040 2623 2631
f 3040 2631 3050
f 3041 2633 2625
f 3041 3052 2633
f 2633 3051 2632
f 2633 3052 3051
f 3053 3052 3041
f 3053 3041 3042
f 3043 2626 2634
f 3043 2634 3054
f 3053 3042 3043
f 3053 3043 3054
f 3044 2635 2627
f 3044 3055 2635
f 3055 2634 2635
f 3055 3054 2634
f 3055 3043 3054
f 3055 3044 3043
f 3047 2628 2636
f 3047 2636 3056
f 3057 2636 2637
f 3057 3056 2636
f 3057 3047 3056
f 3057 3048 3047
f 3058 2630 3049
f 3058 2638 2630
f 3058 3048 3057
f 3058 3049 3048
f 3059 3050 2631
f 3059 2631 2641
f 3060 2641 2642
f 3060 3059 2641
f 3051 2643 2632
f 3051 3061 2643
f 3062 3061 3051
f 3062 3051 3052
f 3062 3052 3053
f 3062 3053 3063
f 3064 3063 3053
f 3064 3053 3054
f 3065 3057 2637
f 3065 2637 2646
f 3058 2647 2638
f 3058 3066 2647
f 3065 3058 3057
f 3065 3066 3058
f 3067 2648 2647
f 3067 2647 3066
f 2650 2649 3068
f 2650 3068 3069
f 3060 2642 2652
f 3060 2652 3071
f 3070 3059 3060
f 3070 3060 3071
f 3072 2643 3061
f 3072 2653 2643
f 3075 3074 3063
f 3075 3063 3064
f 3065 2646 2661
f 3065 2661 3077
f 2661 2660 3076
f 2661 3076 3077
f 3078 3065 3077
f 3078 3066 3065
f 3067 2662 2648
f 3067 3079 2662
f 3078 3067 3066
f 3078 3079 3067
f 3068 2649 2663
f 3068 2663 3080
f 3081 2650 3069
f 3081 2664 2650
f 3081 2663 2664
f 3081 3080 2663
f 3080 3069 3068
f 3080 3081 3069
f 3071 2652 2666
f 3071 2666 3083
f 2666 2665 3082
f 2666 3082 3083
f 3084 2653 3072
f 3084 2667 2653
f 2668 2667 3084
f 2668 3084 3085
f 3085 3084 3072
f 3085 3072 3073
f 2669 2668 3085
f 2669 3085 3086
f 3085 3073 3074
f 3085 3074 3086
f 3087 2670 2669
f 3087 2669 3086
f 2672 2671 3088
f 2672 3088 3089
f 3090 2673 2672
f 3090 2672 3089
f 3076 2660 2674
f 3076 2674 3091
f 2674 2673 3090
f 2674 3090 3091
f 3092 3076 3091
f 3092 3077 3076
f 3092 3078 3077
f 3092 3093 3078
f 3079 2675 2662
f 3079 3094 2675
f 3093 3079 3078
f 3093 3094 3079
f 3095 2676 2675
f 3095 2675 3094
f 3096 2677 2676
f 3096 2676 3095
f 3082 2665 2678
f 3082 2678 3097
f 2678 2677 3096
f 2678 3096 3097
f 3098 3082 3097
f 3098 3083 3082
f 3087 2679 2670
f 3087 3100 2679
f 3099 3087 3086
f 3099 3100 3087
f 3088 2671 2680
f 3088 2680 3101
f 3101 2680 2679
f 3101 2679 3100
f 3102 3088 3101
f 3102 3089 3088
f 3104 3095 3103
f 3104 3096 3095
f 3109 3105 3108
f 3109 3106 3105
f 3110 3108 3107
f 3110 3111 3108
f 3111 3109 3108
f 3111 3112 3109
f 3116 3111 3115
f 3116 3112 3111
f 3116 3113 3112
f 3116 3117 3113
f 3119 3114 3118
f 3119 3115 3114
f 3120 3115 3119
f 3120 3116 3115
f 3121 3116 3120
f 3121 3117 3116
f 3126 3122 3125
f 3126 3123 3122
f 3127 2684 2685
f 3127 3126 2684
f 3126 3124 3123
f 3126 3127 3124
f 3128 2685 2686
f 3128 3127 2685
f 3130 2684 3126
f 3130 2688 2684
f 3130 2687 2688
f 3130 3129 2687
f 3130 3125 3129
f 3130 3126 3125
f 3128 2686 2690
f 3128 2690 3132
f 3132 2690 2689
f 3132 2689 3131
f 3131 3127 3128
f 3131 3128 3132
f 2693 3133 2692
f 2693 3134 3133
f 3135 2687 3129
f 3135 2694 2687
f 2695 2694 3135
f 2695 3135 3136
f 3135 3129 3130
f 3135 3130 3136
f 3131 2689 2696
f 3131 2696 3137
f 2696 2695 3136
f 2696 3136 3137
f 3133 2698 2692
f 3133 3138 2698
f 3139 3134 2693
f 3139 2693 2699
f 3138 3133 3134
f 3138 3134 3139
f 2701 3140 2700
f 2701 3141 3140
f 3142 2701 2702
f 3142 3141 2701
f 3144 2703 2704
f 3144 3143 2703
f 3138 2705 2698
f 3138 3145 2705
f 3139 2699 2706
f 3139 2706 3146
f 3146 3145 3138
f 3146 3138 3139
f 3140 2707 2700
f 3140 3147 2707
f 3147 2706 2707
f 3147 3146 2706
f 3142 2702 2709
f 3142 2709 3149
f 2709 2708 3148
f 2709 3148 3149
f 3148 3141 3142
f 3148 3142 3149
f 3151 2703 3143
f 3151 2711 2703
f 3151 2710 2711
f 3151 3150 2710
f 3152 3144 2704
f 3152 2704 2712
f 3145 2713 2705
f 3145 3153 2713
f 3152 3145 3144
f 3152 3153 3145
f 3154 2714 2713
f 3154 2713 3153
f 3153 3145 3146
f 3153 3146 3154
f 2715 2714 3154
f 2715 3154 3155
f 3154 3146 3147
f 3154 3147 3155
f 3156 3148 2708
f 3156 2708 2716
f 3156 3155 3147
f 3156 3147 3148
f 2720 3157 2719
f 2720 3158 3157
f 3161 2710 3150
f 3161 2721 2710
f 3152 2712 2723
f 3152 2723 3163
f 3164 2723 2724
f 3164 3163 2723
f 3164 3152 3163
f 3164 3153 3152
f 3166 2715 3155
f 3166 2726 2715
f 3166 2725 2726
f 3166 3165 2725
f 3165 3155 3154
f 3165 3166 3155
f 3167 3156 2716
f 3167 2716 2727
f 3167 2727 2726
f 3167 2726 3166
f 3167 3166 3155
f 3167 3155 3156
f 3157 2730 2719
f 3157 3169 2730
f 2730 3168 2729
f 2730 3169 3168
f 3158 2720 2731
f 3158 2731 3170
f 2732 3170 2731
f 2732 3171 3170
f 3172 3159 3171
f 3172 3160 3159
f 3161 2733 2721
f 3161 3173 2733
f 3174 2734 2733
f 3174 2733 3173
f 3175 2735 2734
f 3175 2734 3174
f 3175 3174 3162
f 3175 3162 3163
f 3176 3164 2724
f 3176 2724 2736
f 3177 2725 3165
f 3177 2737 2725
f 2737 3176 2736
f 2737 3177 3176
f 3176 3165 3164
f 3176 3177 3165
f 3178 3166 2726
f 3178 2726 2738
f 3179 2729 3168
f 3179 2739 2729
f 2740 2739 3179
f 2740 3179 3180
f 3179 3168 3169
f 3179 3169 3180
f 3182 3171 2732
f 3182 2732 2742
f 2743 3182 2742
f 2743 3183 3182
f 2744 3183 2743
f 2744 3184 3183
f 3185 2744 2745
f 3185 3184 2744
f 3185 3173 3184
f 3185 3174 3173
f 3186 2735 3175
f 3186 2746 2735
f 3186 2745 2746
f 3186 3185 2745
f 3186 3174 3185
f 3186 3175 3174
f 3187 3178 2738
f 3187 2738 2749
f 2750 3187 2749
f 2750 3188 3187
f 3189 2750 2751
f 3189 3188 2750
f 3190 2740 3180
f 3190 2753 2740
f 3190 3180 3181
f 3190 3181 3191
f 3193 3192 3182
f 3193 3182 3183
f 3194 3193 3183
f 3194 3183 3184
f 3194 3184 3185
f 3194 3185 3195
f 3196 2759 2758
f 3196 2758 3195
f 3197 3189 2751
f 3197 2751 2762
f 3190 2764 2753
f 3190 3199 2764
f 2764 3198 2763
f 2764 3199 3198
f 3200 3199 3190
f 3200 3190 3191
f 3200 3191 3192
f 3200 3192 3201
f 3202 2766 2765
f 3202 2765 3201
f 3195 2758 2767
f 3195 2767 3203
f 3196 2768 2759
f 3196 3204 2768
f 3203 3196 3195
f 3203 3204 3196
f 3197 2762 2771
f 3197 2771 3207
f 3198 2772 2763
f 3198 3209 2772
f 3211 2774 2773
f 3211 2773 3210
f 3211 3210 3199
f 3211 3199 3200
f 3212 3201 2765
f 3212 2765 2775
f 3202 2776 2766
f 3202 3213 2776
f 2776 3212 2775
f 2776 3213 3212
f 3203 2767 2777
f 3203 2777 3214
f 3204 2778 2768
f 3204 3215 2778
f 3215 3204 3205
f 3215 3205 3216
f 2780 2779 3216
f 2780 3216 3217
f 3207 2771 2782
f 3207 2782 3220
f 3220 2782 2781
f 3220 2781 3219
f 3220 3219 3206
f 3220 3206 3207
f 2784 3221 2783
f 2784 3222 3221
f 3223 2772 3209
f 3223 2785 2772
f 3223 2784 2785
f 3223 3222 2784
f 3223 3208 3222
f 3223 3209 3208
f 3224 3210 2773
f 3224 2773 2786
f 3225 2774 3211
f 3225 2787 2774
f 3225 2786 2787
f 3225 3224 2786
f 3224 3211 3210
f 3224 3225 3211
f 3214 2777 2790
f 3214 2790 3226
f 3215 2791 2778
f 3215 3227 2791
f 2791 3226 2790
f 2791 3227 3226
f 3228 3216 2779
f 3228 2779 2792
f 3217 2793 2780
f 3217 3229 2793
f 2793 3228 2792
f 2793 3229 3228
f 3228 3217 3216
f 3228 3229 3217
f 3229 3217 3218
f 3229 3218 3230
f 3219 2781 2794
f 3219 2794 3231
f 3232 2794 2795
f 3232 3231 2794
f 3232 3219 3231
f 3232 3220 3219
f 3221 2796 2783
f 3221 3233 2796
f 3234 2797 2796
f 3234 2796 3233
f 3234 3233 3221
f 3234 3221 3222
f 3235 3226 3227
f 3235 3227 3236
f 3238 3229 3230
f 3238 3230 3239
f 3240 3239 3230
f 3240 3230 3231
f 3241 3232 2795
f 3241 2795 2802
f 3241 3240 3231
f 3241 3231 3232
f 3242 2797 3234
f 3242 2803 2797
f 2804 2803 3242
f 2804 3242 3243
f 3246 2806 2805
f 3246 2805 3245
f 3247 2807 2806
f 3247 2806 3246
f 3248 3236 3237
f 3248 3237 3249
f 3250 3239 3240
f 3250 3240 3251
f 3241 2802 2810
f 3241 2810 3252
f 3251 3240 3241
f 3251 3241 3252
f 3253 2804 3243
f 3253 2811 2804
f 2812 2811 3253
f 2812 3253 3254
f 3245 2805 2813
f 3245 2813 3255
f 3255 3254 3244
f 3255 3244 3245
f 3256 2813 2814
f 3256 3255 2813
f 3256 3245 3255
f 3256 3246 3245
f 3247 2815 2807
f 3247 3257 2815
f 2815 3256 2814
f 2815 3257 3256
f 3256 3247 3246
f 3256 3257 3247
f 3252 2810 2818
f 3252 2818 3259
f 3261 2812 3254
f 3261 2821 2812
f 2821 3260 2820
f 2821 3261 3260
f 3261 3254 3255
f 3261 3255 3262
f 3263 2823 2822
f 3263 2822 3262
f 3264 3257 3258
f 3264 3258 3265
f 2825 2824 3266
f 2825 3266 3267
f 2826 2825 3267
f 2826 3267 3268
f 3259 2818 2827
f 3259 2827 3270
f 3260 2829 2820
f 3260 3271 2829
f 3272 3271 3260
f 3272 3260 3261
f 3273 3262 2822
f 3273 2822 2830
f 3272 3261 3262
f 3272 3262 3273
f 3263 2831 2823
f 3263 3274 2831
f 3274 2830 2831
f 3274 3273 2830
f 3273 3263 3262
f 3273 3274 3263
f 3276 3266 2824
f 3276 2824 2833
f 2833 2832 3275
f 2833 3275 3276
f 2834 3276 2833
f 2834 3277 3276
f 3277 3266 3276
f 3277 3267 3266
f 3278 2826 3268
f 3278 2835 2826
f 3270 2827 2836
f 3270 2836 3280
f 3280 3279 3269
f 3280 3269 3270
f 3281 2836 2837
f 3281 3280 2836
f 3271 2839 2829
f 3271 3283 2839
f 2839 3282 2838
f 2839 3283 3282
f 3283 3271 3272
f 3283 3272 3284
f 3285 3284 3272
f 3285 3272 3273
f 3275 2832 2840
f 3275 2840 3286
f 3287 2833 3276
f 3287 2841 2833
f 2841 3286 2840
f 2841 3287 3286
f 3287 3275 3286
f 3287 3276 3275
f 3288 3277 2834
f 3288 2834 2842
f 3289 2835 3278
f 3289 2843 2835
f 3289 2842 2843
f 3289 3288 2842
f 3288 3278 3277
f 3288 3289 3278
f 3290 2844 2843
f 3290 2843 3289
f 3281 2837 2848
f 3281 2848 3292
f 3291 3280 3281
f 3291 3281 3292
f 3282 2849 2838
f 3282 3293 2849
f 2850 2849 3293
f 2850 3293 3294
f 3293 3282 3283
f 3293 3283 3294
f 3296 3295 3284
f 3296 3284 3285
f 3298 2855 2854
f 3298 2854 3297
f 3289 2843 2858
f 3289 2858 3300
f 2858 2857 3299
f 2858 3299 3300
f 3290 2859 2844
f 3290 3301 2859
f 3300 3290 3289
f 3300 3301 3290
f 3302 2860 2859
f 3302 2859 3301
f 3292 2848 2863
f 3292 2863 3304
f 2863 2862 3303
f 2863 3303 3304
f 3305 2850 3294
f 3305 2864 2850
f 2865 2864 3305
f 2865 3305 3306
f 3305 3294 3295
f 3305 3295 3306
f 3307 2866 2865
f 3307 2865 3306
f 3309 3297 2854
f 3309 2854 2868
f 2868 2867 3308
f 2868 3308 3309
f 3310 2855 3298
f 3310 2869 2855
f 2870 2869 3310
f 2870 3310 3311
f 3299 2857 2871
f 3299 2871 3312
f 2871 2870 3311
f 2871 3311 3312
f 3313 3301 3300
f 3313 3314 3301
f 3302 2872 2860
f 3302 3315 2872
f 3314 3302 3301
f 3314 3315 3302
f 3316 2873 2872
f 3316 2872 3315
f 3303 2862 2874
f 3303 2874 3317
f 2874 2873 3316
f 2874 3316 3317
f 3318 3303 3317
f 3318 3304 3303
f 3307 2875 2866
f 3307 3319 2875
f 3308 2867 2876
f 3308 2876 3320
f 3320 2876 2875
f 3320 2875 3319
f 3321 3308 3320
f 3321 3309 3308
f 3322 3316 3315
f 3322 3323 3316
f 3327 2879 2880
f 3327 3326 2879
f 3328 3325 3324
f 3328 3329 3325
f 3330 2879 3326
f 3330 2882 2879
f 3330 2881 2882
f 3330 3329 2881
f 3331 3327 2880
f 3331 2880 2883
f 3333 2881 3329
f 3333 2884 2881
f 3332 3329 3328
f 3332 3333 3329
f 3334 2885 2884
f 3334 2884 3333
f 3331 2883 2886
f 3331 2886 3335
f 3334 2887 2885
f 3334 3338 2887
f 3337 3334 3333
f 3337 3338 3334
f 3335 2886 2888
f 3335 2888 3339
f 2889 3339 2888
f 2889 3340 3339
f 3339 3336 3335
f 3339 3340 3336
f 3338 2890 2887
f 3338 3342 2890
f 3341 3338 3337
f 3341 3342 3338
f 3340 2889 2892
f 3340 2892 3344
f 2892 2891 3343
f 2892 3343 3344
f 3343 3339 3340
f 3343 3340 3344
f 3347 2890 3342
f 3347 2893 2890
f 3347 3341 3346
f 3347 3342 3341
f 3348 3343 2891
f 3348 2891 2894
f 3348 3344 3343
f 3348 3349 3344
f 3353 3345 3352
f 3353 3346 3345
f 3347 2895 2893
f 3347 3354 2895
f 3353 3347 3346
f 3353 3354 3347
f 3355 3348 2894
f 3355 2894 2896
f 2897 3355 2896
f 2897 3356 3355
f 3355 3349 3348
f 3355 3356 3349
f 3356 3350 3349
f 3356 3357 3350
f 3357 3351 3350
f 3357 3358 3351
f 3360 2895 3354
f 3360 2898 2895
f 3361 3356 2897
f 3361 2897 2900
f 3362 3358 3357
f 3362 3363 3358
f 3363 3359 3358
f 3363 3364 3359
f 3365 2898 3360
f 3365 2901 2898
f 3366 3361 2900
f 3366 2900 2903
f 3365 2906 2901
f 3365 3370 2906
f 3371 2907 2906
f 3371 2906 3370
f 3372 3366 2903
f 3372 2903 2908
f 2908 2907 3371
f 2908 3371 3372
f 3372 3367 3366
f 3372 3373 3367
f 3373 3368 3367
f 3373 3374 3368
f 3376 2911 2912
f 3376 3375 2911
f 3378 3369 3377
f 3378 3370 3369
f 3379 3370 3378
f 3379 3371 3370
f 3380 3374 3373
f 3380 3381 3374
f 2915 3382 2914
f 2915 3383 3382
f 3384 2911 3375
f 3384 2918 2911
f 3385 3376 2912
f 3385 2912 2919
f 2919 2918 3384
f 2919 3384 3385
f 3384 3375 3376
f 3384 3376 3385
f 3386 3379 3378
f 3386 3387 3379
f 3389 2914 3382
f 3389 2922 2914
f 2922 3388 2921
f 2922 3389 3388
f 3390 3383 2915
f 3390 2915 2923
f 3394 2929 2930
f 3394 3393 2929
f 3388 2931 2921
f 3388 3395 2931
f 2931 3394 2930
f 2931 3395 3394
f 3396 3395 3388
f 3396 3388 3389
f 3390 2923 2932
f 3390 2932 3397
f 3398 2932 2933
f 3398 3397 2932
f 3399 2933 2934
f 3399 3398 2933
f 2935 3399 2934
f 2935 3400 3399
f 2937 3401 2936
f 2937 3402 3401
f 3403 2937 2938
f 3403 3402 2937
f 3403 3391 3402
f 3403 3392 3391
f 3404 2929 3393
f 3404 2939 2929
f 3404 3392 3403
f 3404 3393 3392
f 3406 2941 2940
f 3406 2940 3405
f 2943 2942 3407
f 2943 3407 3408
f 3400 2935 2946
f 3400 2946 3409
f 3410 2936 3401
f 3410 2947 2936
f 2948 2947 3410
f 2948 3410 3411
f 3411 3410 3401
f 3411 3401 3402
f 3412 3403 2938
f 3412 2938 2949
f 3413 2939 3404
f 3413 2950 2939
f 3412 3404 3403
f 3412 3413 3404
f 3414 3405 2940
f 3414 2940 2951
f 2951 2950 3413
f 2951 3413 3414
f 3406 2952 2941
f 3406 3415 2952
f 3407 2942 2953
f 3407 2953 3416
f 3408 2954 2943
f 3408 3417 2954
f 2954 3416 2953
f 2954 3417 3416
f 3416 3408 3407
f 3416 3417 3408
f 3418 3409 2946
f 3418 2946 2955
f 3419 2955 2956
f 3419 3418 2955
f 3420 2948 3411
f 3420 2959 2948
f 3412 2949 2960
f 3412 2960 3421
f 2960 2959 3420
f 2960 3420 3421
f 3422 3412 3421
f 3422 3413 3412
f 3423 2961 2962
f 3423 3422 2961
f 3423 3413 3422
f 3423 3414 3413
f 3424 2952 3415
f 3424 2963 2952
f 2963 3423 2962
f 2963 3424 3423
f 3423 3415 3414
f 3423 3424 3415
f 3425 2964 2963
f 3425 2963 3424
f 3419 2956 2968
f 3419 2968 3427
f 3426 3418 3419
f 3426 3419 3427
f 2969 3427 2968
f 2969 3428 3427
f 3429 3421 3420
f 3429 3430 3421
f 3422 2973 2961
f 3422 3431 2973
f 3431 2972 2973
f 3431 3430 2972
f 3431 3421 3430
f 3431 3422 3421
f 3424 2963 2974
f 3424 2974 3432
f 3433 2964 3425
f 3433 2975 2964
f 3433 2974 2975
f 3433 3432 2974
f 3432 3425 3424
f 3432 3433 3425
f 2977 2976 3434
f 2977 3434 3435
f 3438 3437 3426
f 3438 3426 3427
f 3428 2969 2979
f 3428 2979 3439
f 3439 2979 2978
f 3439 2978 3438
f 3438 3427 3428
f 3438 3428 3439
f 3441 2980 2981
f 3441 3440 2980
f 3442 2981 2982
f 3442 3441 2981
f 3443 2972 3430
f 3443 2983 2972
f 3443 2982 2983
f 3443 3442 2982
f 3434 2976 2986
f 3434 2986 3447
f 2986 2985 3446
f 2986 3446 3447
f 3435 2987 2977
f 3435 3448 2987
f 2987 3447 2986
f 2987 3448 3447
f 3448 3434 3447
f 3448 3435 3434
f 3448 3435 3436
f 3448 3436 3449
f 3450 3449 3436
f 3450 3436 3437
f 3438 2978 2988
f 3438 2988 3451
f 3451 3450 3437
f 3451 3437 3438
f 3453 2980 3440
f 3453 2990 2980
f 2990 3452 2989
f 2990 3453 3452
f 3456 3444 3445
f 3456 3445 3457
f 3446 2985 2995
f 3446 2995 3458
f 3447 2996 2986
f 3447 3459 2996
f 2999 2998 3461
f 2999 3461 3462
f 3462 3461 3449
f 3462 3449 3450
f 3451 2988 3000
f 3451 3000 3463
f 3465 2989 3452
f 3465 3001 2989
f 3002 3001 3465
f 3002 3465 3466
f 3465 3452 3453
f 3465 3453 3466
f 3468 3454 3455
f 3468 3455 3469
f 3470 3004 3003
f 3470 3003 3469
f 3458 2995 3006
f 3458 3006 3472
f 3472 3006 3005
f 3472 3005 3471
f 3473 2996 3459
f 3473 3007 2996
f 3473 3006 3007
f 3473 3472 3006
f 3472 3459 3458
f 3472 3473 3459
f 3474 3008 3007
f 3474 3007 3473
f 3475 3461 2998
f 3475 2998 3009
f 3475 3474 3460
f 3475 3460 3461
f 3476 2999 3462
f 3476 3010 2999
f 3477 3463 3000
f 3477 3000 3011
f 3477 3011 3010
f 3477 3010 3476
f 3477 3464 3463
f 3477 3478 3464
f 3481 3002 3466
f 3481 3014 3002
f 3015 3014 3481
f 3015 3481 3482
f 3481 3466 3467
f 3481 3467 3482
f 3484 3017 3016
f 3484 3016 3483
f 3485 3469 3003
f 3485 3003 3018
f 3486 3004 3470
f 3486 3019 3004
f 3486 3018 3019
f 3486 3485 3018
f 3485 3470 3469
f 3485 3486 3470
f 3471 3005 3020
f 3471 3020 3487
f 3488 3006 3472
f 3488 3021 3006
f 3488 3020 3021
f 3488 3487 3020
f 3489 3473 3007
f 3489 3007 3022
f 3489 3022 3021
f 3489 3021 3488
f 3490 3008 3474
f 3490 3023 3008
f 3490 3473 3489
f 3490 3474 3473
f 3475 3009 3024
f 3475 3024 3491
f 3492 3024 3025
f 3492 3491 3024
f 3491 3476 3475
f 3491 3492 3476
f 3492 3477 3476
f 3492 3493 3477
f 3493 3478 3477
f 3493 3494 3478
f 3495 3480 3479
f 3495 3496 3480
f 3498 3015 3482
f 3498 3029 3015
f 3483 3016 3030
f 3483 3030 3499
f 3030 3029 3498
f 3030 3498 3499
f 3498 3482 3483
f 3498 3483 3499
f 3500 3017 3484
f 3500 3031 3017
f 3031 3499 3030
f 3031 3500 3499
f 3501 3500 3484
f 3501 3484 3485
f 3503 3034 3033
f 3503 3033 3502
f 3504 3488 3021
f 3504 3021 3035
f 3505 3035 3036
f 3505 3504 3035
f 3504 3489 3488
f 3504 3505 3489
f 3506 3023 3490
f 3506 3037 3023
f 3037 3505 3036
f 3037 3506 3505
f 3507 3492 3025
f 3507 3025 3038
f 3039 3507 3038
f 3039 3508 3507
f 3507 3493 3492
f 3507 3508 3493
f 3040 3508 3039
f 3040 3509 3508
f 3508 3494 3493
f 3508 3509 3494
f 3510 3496 3495
f 3510 3511 3496
f 3511 3497 3496
f 3511 3512 3497
f 3513 3030 3499
f 3513 3042 3030
f 3514 3043 3042
f 3514 3042 3513
f 3516 3502 3033
f 3516 3033 3045
f 3515 3501 3502
f 3515 3502 3516
f 3503 3046 3034
f 3503 3517 3046
f 3046 3516 3045
f 3046 3517 3516
f 3516 3503 3502
f 3516 3517 3503
f 3519 3509 3040
f 3519 3040 3050
f 3521 3512 3511
f 3521 3522 3512
f 3514 3054 3043
f 3514 3523 3054
f 3524 3517 3518
f 3524 3518 3525
f 3526 3519 3050
f 3526 3050 3059
f 3526 3520 3519
f 3526 3527 3520
f 3062 3528 3061
f 3062 3529 3528
f 3530 3062 3063
f 3530 3529 3062
f 3523 3064 3054
f 3523 3531 3064
f 3526 3059 3070
f 3526 3070 3533
f 3534 3070 3071
f 3534 3533 3070
f 3528 3072 3061
f 3528 3535 3072
f 3073 3072 3535
f 3073 3535 3536
f 3535 3528 3529
f 3535 3529 3536
f 3530 3063 3074
f 3530 3074 3537
f 3074 3073 3536
f 3074 3536 3537
f 3536 3529 3530
f 3536 3530 3537
f 3531 3075 3064
f 3531 3538 3075
f 3075 3537 3074
f 3075 3538 3537
f 3547 3546 3532
f 3547 3532 3533
f 3534 3071 3083
f 3534 3083 3548
f 3549 3074 3537
f 3549 3086 3074
f 3549 3537 3538
f 3549 3538 3550
f 3551 3539 3540
f 3551 3540 3552
f 3090 3089 3552
f 3090 3552 3553
f 3554 3091 3090
f 3554 3090 3553
f 3553 3541 3542
f 3553 3542 3554
f 3092 3091 3554
f 3092 3554 3555
f 3556 3093 3092
f 3556 3092 3555
f 3556 3555 3543
f 3556 3543 3544
f 3557 3094 3093
f 3557 3093 3556
f 3556 3544 3545
f 3556 3545 3557
f 3558 3095 3094
f 3558 3094 3557
f 3560 3097 3096
f 3560 3096 3559
f 3548 3083 3098
f 3548 3098 3561
f 3098 3097 3560
f 3098 3560 3561
f 3549 3099 3086
f 3549 3562 3099
f 3563 3100 3099
f 3563 3099 3562
f 3562 3549 3550
f 3562 3550 3563
f 3101 3100 3563
f 3101 3563 3564
f 3564 3563 3550
f 3564 3550 3551
f 3565 3552 3089
f 3565 3089 3102
f 3102 3101 3564
f 3102 3564 3565
f 3565 3564 3551
f 3565 3551 3552
f 3566 3095 3558
f 3566 3103 3095
f 3567 3559 3096
f 3567 3096 3104
f 3104 3103 3566
f 3104 3566 3567
f 3567 3566 3558
f 3567 3558 3559
f 3571 3105 3106
f 3571 3570 3105
f 3573 3569 3568
f 3573 3574 3569
f 3575 3105 3570
f 3575 3108 3105
f 3575 3107 3108
f 3575 3574 3107
f 3575 3569 3574
f 3575 3570 3569
f 3571 3106 3109
f 3571 3109 3576
f 3576 3572 3571
f 3576 3577 3572
f 3574 3110 3107
f 3574 3579 3110
f 3579 3573 3578
f 3579 3574 3573
f 3580 3111 3110
f 3580 3110 3579
f 3581 3576 3109
f 3581 3109 3112
f 3113 3581 3112
f 3113 3582 3581
f 3580 3115 3111
f 3580 3584 3115
f 3584 3114 3115
f 3584 3583 3114
f 3585 3582 3113
f 3585 3113 3117
f 3583 3118 3114
f 3583 3586 3118
f 3587 3119 3118
f 3587 3118 3586
f 3120 3119 3587
f 3120 3587 3588
f 3585 3117 3121
f 3585 3121 3589
f 3121 3120 3588
f 3121 3588 3589
f 3590 3587 3586
f 3590 3591 3587
f 3591 3588 3587
f 3591 3592 3588
f 3592 3589 3588
f 3592 3593 3589
f 3597 3591 3590
f 3597 3598 3591
f 3599 3122 3123
f 3599 3598 3122
f 3599 3591 3598
f 3599 3592 3591
f 3124 3599 3123
f 3124 3600 3599
f 3599 3593 3592
f 3599 3600 3593
f 3600 3594 3593
f 3600 3601 3594
f 3601 3595 3594
f 3601 3602 3595
f 3602 3596 3595
f 3602 3603 3596
f 3604 3122 3598
f 3604 3125 3122
f 3605 3600 3124
f 3605 3124 3127
f 3607 3603 3602
f 3607 3608 3603
f 3609 3125 3604
f 3609 3129 3125
f 3610 3130 3129
f 3610 3129 3609
f 3611 3605 3127
f 3611 3127 3131
f 3611 3606 3605
f 3611 3612 3606
f 3610 3136 3130
f 3610 3615 3136
f 3614 3610 3609
f 3614 3615 3610
f 3611 3131 3137
f 3611 3137 3616
f 3137 3136 3615
f 3137 3615 3616
f 3617 3611 3616
f 3617 3612 3611
f 3617 3613 3612
f 3617 3618 3613
f 3620 3140 3141
f 3620 3619 3140
f 3622 3614 3621
f 3622 3615 3614
f 3144 3625 3143
f 3144 3626 3625
f 3627 3144 3145
f 3627 3626 3144
f 3628 3140 3619
f 3628 3147 3140
f 3629 3620 3141
f 3629 3141 3148
f 3148 3147 3628
f 3148 3628 3629
f 3628 3619 3620
f 3628 3620 3629
f 3630 3624 3623
f 3630 3631 3624
f 3625 3151 3143
f 3625 3635 3151
f 3635 3150 3151
f 3635 3634 3150
f 3627 3145 3153
f 3627 3153 3636
f 3638 3154 3155
f 3638 3637 3154
f 3158 3639 3157
f 3158 3640 3639
f 3642 3159 3160
f 3642 3641 3159
f 3642 3632 3641
f 3642 3633 3632
f 3634 3161 3150
f 3634 3643 3161
f 3642 3634 3633
f 3642 3643 3634
f 3643 3634 3635
f 3643 3635 3644
f 3645 3163 3162
f 3645 3162 3644
f 3646 3636 3153
f 3646 3153 3164
f 3637 3165 3154
f 3637 3647 3165
f 3165 3646 3164
f 3165 3647 3646
f 3646 3637 3636
f 3646 3647 3637
f 3638 3155 3166
f 3638 3166 3648
f 3647 3637 3638
f 3647 3638 3648
f 3649 3157 3639
f 3649 3169 3157
f 3650 3640 3158
f 3650 3158 3170
f 3651 3159 3641
f 3651 3171 3159
f 3171 3650 3170
f 3171 3651 3650
f 3650 3641 3640
f 3650 3651 3641
f 3652 3642 3160
f 3652 3160 3172
f 3172 3171 3651
f 3172 3651 3652
f 3653 3161 3643
f 3653 3173 3161
f 3653 3642 3652
f 3653 3643 3642
f 3654 3644 3162
f 3654 3162 3174
f 3645 3175 3163
f 3645 3655 3175
f 3175 3654 3174
f 3175 3655 3654
f 3654 3645 3644
f 3654 3655 3645
f 3648 3166 3178
f 3648 3178 3656
f 3657 3169 3649
f 3657 3180 3169
f 3181 3180 3657
f 3181 3657 3658
f 3651 3171 3182
f 3651 3182 3659
f 3659 3652 3651
f 3659 3660 3652
f 3653 3184 3173
f 3653 3661 3184
f 3660 3653 3652
f 3660 3661 3653
f 3662 3185 3184
f 3662 3184 3661
f 3663 3656 3178
f 3663 3178 3187
f 3188 3663 3187
f 3188 3664 3663
f 3665 3188 3189
f 3665 3664 3188
f 3667 3181 3658
f 3667 3191 3181
f 3668 3659 3182
f 3668 3182 3192
f 3192 3191 3667
f 3192 3667 3668
f 3669 3192 3193
f 3669 3668 3192
f 3194 3669 3193
f 3194 3670 3669
f 3669 3661 3660
f 3669 3670 3661
f 3662 3195 3185
f 3662 3671 3195
f 3671 3194 3195
f 3671 3670 3194
f 3674 3665 3189
f 3674 3189 3197
f 3673 3664 3665
f 3673 3665 3674
f 3199 3675 3198
f 3199 3676 3675
f 3677 3666 3676
f 3677 3667 3666
f 3678 3192 3668
f 3678 3201 3192
f 3678 3200 3201
f 3678 3677 3200
f 3677 3668 3667
f 3677 3678 3668
f 3679 3202 3201
f 3679 3201 3678
f 3680 3670 3671
f 3680 3671 3681
f 3682 3204 3203
f 3682 3203 3681
f 3205 3204 3682
f 3205 3682 3683
f 3686 3685 3672
f 3686 3672 3673
f 3687 3674 3197
f 3687 3197 3207
f 3687 3207 3206
f 3687 3206 3686
f 3687 3686 3673
f 3687 3673 3674
f 3675 3209 3198
f 3675 3689 3209
f 3209 3688 3208
f 3209 3689 3688
f 3690 3676 3199
f 3690 3199 3210
f 3690 3689 3675
f 3690 3675 3676
f 3691 3200 3677
f 3691 3211 3200
f 3691 3210 3211
f 3691 3690 3210
f 3692 3678 3201
f 3692 3201 3212
f 3679 3213 3202
f 3679 3693 3213
f 3213 3692 3212
f 3213 3693 3692
f 3692 3679 3678
f 3692 3693 3679
f 3694 3681 3203
f 3694 3203 3214
f 3694 3682 3681
f 3694 3695 3682
f 3696 3205 3683
f 3696 3216 3205
f 3696 3215 3216
f 3696 3695 3215
f 3696 3682 3695
f 3696 3683 3682
f 3218 3217 3697
f 3218 3697 3698
f 3698 3697 3684
f 3698 3684 3685
f 3699 3686 3206
f 3699 3206 3219
f 3699 3698 3685
f 3699 3685 3686
f 3700 3219 3220
f 3700 3699 3219
f 3701 3208 3688
f 3701 3222 3208
f 3702 3701 3688
f 3702 3688 3689
f 3694 3214 3226
f 3694 3226 3705
f 3695 3227 3215
f 3695 3706 3227
f 3706 3694 3705
f 3706 3695 3694
f 3707 3697 3217
f 3707 3217 3229
f 3708 3218 3698
f 3708 3230 3218
f 3709 3231 3230
f 3709 3230 3708
f 3700 3220 3232
f 3700 3232 3710
f 3232 3231 3709
f 3232 3709 3710
f 3711 3222 3701
f 3711 3234 3222
f 3712 3711 3701
f 3712 3701 3702
f 3713 3703 3704
f 3713 3704 3714
f 3705 3226 3235
f 3705 3235 3716
f 3706 3236 3227
f 3706 3717 3236
f 3717 3235 3236
f 3717 3716 3235
f 3716 3706 3705
f 3716 3717 3706
f 3718 3237 3236
f 3718 3236 3717
f 3707 3229 3238
f 3707 3238 3719
f 3720 3238 3239
f 3720 3719 3238
f 3720 3709 3708
f 3720 3721 3709
f 3721 3710 3709
f 3721 3722 3710
f 3711 3242 3234
f 3711 3725 3242
f 3243 3242 3725
f 3243 3725 3726
f 3725 3711 3712
f 3725 3712 3726
f 3728 3245 3244
f 3728 3244 3727
f 3732 3731 3715
f 3732 3715 3716
f 3717 3236 3248
f 3717 3248 3733
f 3733 3732 3716
f 3733 3716 3717
f 3718 3249 3237
f 3718 3734 3249
f 3249 3733 3248
f 3249 3734 3733
f 3733 3718 3717
f 3733 3734 3718
f 3736 3720 3239
f 3736 3239 3250
f 3251 3736 3250
f 3251 3737 3736
f 3736 3721 3720
f 3736 3737 3721
f 3252 3737 3251
f 3252 3738 3737
f 3738 3721 3737
f 3738 3722 3721
f 3739 3724 3723
f 3739 3740 3724
f 3742 3243 3726
f 3742 3253 3243
f 3743 3727 3244
f 3743 3244 3254
f 3743 3254 3253
f 3743 3253 3742
f 3742 3726 3727
f 3742 3727 3743
f 3728 3255 3245
f 3728 3744 3255
f 3744 3728 3729
f 3744 3729 3745
f 3745 3729 3730
f 3745 3730 3746
f 3747 3258 3257
f 3747 3257 3746
f 3748 3734 3735
f 3748 3735 3749
f 3750 3738 3252
f 3750 3252 3259
f 3751 3741 3740
f 3751 3752 3741
f 3753 3255 3744
f 3753 3262 3255
f 3746 3257 3264
f 3746 3264 3755
f 3754 3745 3746
f 3754 3746 3755
f 3747 3265 3258
f 3747 3756 3265
f 3756 3264 3265
f 3756 3755 3264
f 3755 3747 3746
f 3755 3756 3747
f 3268 3267 3757
f 3268 3757 3758
f 3760 3750 3259
f 3760 3259 3270
f 3270 3269 3759
f 3270 3759 3760
f 3762 3262 3753
f 3762 3273 3262
f 3757 3267 3277
f 3757 3277 3763
f 3758 3278 3268
f 3758 3764 3278
f 3278 3763 3277
f 3278 3764 3763
f 3763 3758 3757
f 3763 3764 3758
f 3759 3269 3279
f 3759 3279 3765
f 3766 3279 3280
f 3766 3765 3279
f 3766 3759 3765
f 3766 3760 3759
f 3766 3761 3760
f 3766 3767 3761
f 3284 3768 3283
f 3284 3769 3768
f 3762 3285 3273
f 3762 3770 3285
f 3771 3763 3764
f 3771 3764 3772
f 3766 3280 3291
f 3766 3291 3774
f 3775 3291 3292
f 3775 3774 3291
f 3774 3767 3766
f 3774 3775 3767
f 3776 3283 3768
f 3776 3294 3283
f 3769 3284 3295
f 3769 3295 3777
f 3295 3294 3776
f 3295 3776 3777
f 3776 3768 3769
f 3776 3769 3777
f 3770 3296 3285
f 3770 3778 3296
f 3296 3777 3295
f 3296 3778 3777
f 3781 3298 3297
f 3781 3297 3780
f 3784 3300 3299
f 3784 3299 3783
f 3788 3787 3773
f 3788 3773 3774
f 3775 3292 3304
f 3775 3304 3789
f 3790 3295 3777
f 3790 3306 3295
f 3307 3306 3790
f 3307 3790 3791
f 3790 3777 3778
f 3790 3778 3791
f 3791 3778 3779
f 3791 3779 3792
f 3793 3780 3297
f 3793 3297 3309
f 3793 3792 3779
f 3793 3779 3780
f 3794 3298 3781
f 3794 3310 3298
f 3794 3780 3793
f 3794 3781 3780
f 3795 3311 3310
f 3795 3310 3794
f 3794 3781 3782
f 3794 3782 3795
f 3796 3783 3299
f 3796 3299 3312
f 3312 3311 3795
f 3312 3795 3796
f 3784 3313 3300
f 3784 3797 3313
f 3314 3313 3797
f 3314 3797 3798
f 3797 3784 3785
f 3797 3785 3798
f 3799 3315 3314
f 3799 3314 3798
f 3798 3785 3786
f 3798 3786 3799
f 3317 3316 3800
f 3317 3800 3801
f 3789 3304 3318
f 3789 3318 3802
f 3318 3317 3801
f 3318 3801 3802
f 3803 3307 3791
f 3803 3319 3307
f 3320 3319 3803
f 3320 3803 3804
f 3803 3791 3792
f 3803 3792 3804
f 3805 3793 3309
f 3805 3309 3321
f 3321 3320 3804
f 3321 3804 3805
f 3805 3804 3792
f 3805 3792 3793
f 3806 3315 3799
f 3806 3322 3315
f 3807 3800 3316
f 3807 3316 3323
f 3323 3322 3806
f 3323 3806 3807
f 3806 3799 3800
f 3806 3800 3807
f 3325 3808 3324
f 3325 3809 3808
f 3811 3326 3327
f 3811 3810 3326
f 3808 3328 3324
f 3808 3812 3328
f 3813 3809 3325
f 3813 3325 3329
f 3812 3808 3809
f 3812 3809 3813
f 3810 3330 3326
f 3810 3814 3330
f 3330 3813 3329
f 3330 3814 3813
f 3811 3327 3331
f 3811 3331 3815
f 3815 3814 3810
f 3815 3810 3811
f 3812 3332 3328
f 3812 3816 3332
f 3817 3333 3332
f 3817 3332 3816
f 3816 3812 3813
f 3816 3813 3817
f 3815 3331 3335
f 3815 3335 3819
f 3818 3814 3815
f 3818 3815 3819
f 3820 3335 3336
f 3820 3819 3335
f 3817 3337 3333
f 3817 3821 3337
f 3824 3820 3336
f 3824 3336 3340
f 3824 3340 3339
f 3824 3339 3823
f 3823 3819 3820
f 3823 3820 3824
f 3825 3337 3821
f 3825 3341 3337
f 3827 3823 3339
f 3827 3339 3343
f 3827 3826 3822
f 3827 3822 3823
f 3828 3343 3344
f 3828 3827 3343
f 3830 3341 3825
f 3830 3346 3341
f 3830 3345 3346
f 3830 3829 3345
f 3828 3344 3349
f 3828 3349 3831
f 3350 3831 3349
f 3350 3832 3831
f 3351 3832 3350
f 3351 3833 3832
f 3829 3352 3345
f 3829 3835 3352
f 3353 3352 3835
f 3353 3835 3836
f 3837 3354 3353
f 3837 3353 3836
f 3357 3356 3838
f 3357 3838 3839
f 3840 3833 3351
f 3840 3351 3358
f 3359 3840 3358
f 3359 3841 3840
f 3840 3834 3833
f 3840 3841 3834
f 3837 3360 3354
f 3837 3844 3360
f 3843 3837 3836
f 3843 3844 3837
f 3838 3356 3361
f 3838 3361 3845
f 3839 3362 3357
f 3839 3846 3362
f 3845 3839 3838
f 3845 3846 3839
f 3847 3363 3362
f 3847 3362 3846
f 3848 3841 3359
f 3848 3359 3364
f 3364 3363 3847
f 3364 3847 3848
f 3850 3842 3849
f 3850 3843 3842
f 3851 3360 3844
f 3851 3365 3360
f 3851 3843 3850
f 3851 3844 3843
f 3852 3845 3361
f 3852 3361 3366
f 3367 3852 3366
f 3367 3853 3852
f 3852 3846 3845
f 3852 3853 3846
f 3368 3853 3367
f 3368 3854 3853
f 3855 3850 3849
f 3855 3856 3850
f 3857 3365 3851
f 3857 3370 3365
f 3857 3369 3370
f 3857 3856 3369
f 3857 3850 3856
f 3857 3851 3850
f 3372 3371 3858
f 3372 3858 3859
f 3373 3372 3859
f 3373 3859 3860
f 3861 3854 3368
f 3861 3368 3374
f 3862 3369 3856
f 3862 3377 3369
f 3863 3378 3377
f 3863 3377 3862
f 3858 3371 3379
f 3858 3379 3864
f 3865 3858 3864
f 3865 3859 3858
f 3860 3380 3373
f 3860 3866 3380
f 3865 3860 3859
f 3865 3866 3860
f 3861 3374 3381
f 3861 3381 3867
f 3381 3380 3866
f 3381 3866 3867
f 3870 3382 3383
f 3870 3869 3382
f 3863 3386 3378
f 3863 3871 3386
f 3864 3379 3387
f 3864 3387 3872
f 3387 3386 3871
f 3387 3871 3872
f 3873 3864 3872
f 3873 3865 3864
f 3874 3865 3873
f 3874 3866 3865
f 3874 3867 3866
f 3874 3875 3867
f 3869 3389 3382
f 3869 3878 3389
f 3878 3868 3877
f 3878 3869 3868
f 3870 3383 3390
f 3870 3390 3879
f 3878 3869 3870
f 3878 3870 3879
f 3881 3871 3880
f 3881 3872 3871
f 3882 3874 3873
f 3882 3883 3874
f 3883 3875 3874
f 3883 3884 3875
f 3392 3885 3391
f 3392 3886 3885
f 3887 3392 3393
f 3887 3886 3392
f 3394 3887 3393
f 3394 3888 3887
f 3889 3394 3395
f 3889 3888 3394
f 3889 3876 3888
f 3889 3877 3876
f 3878 3396 3389
f 3878 3890 3396
f 3396 3889 3395
f 3396 3890 3889
f 3890 3877 3889
f 3890 3878 3877
f 3879 3390 3397
f 3879 3397 3891
f 3890 3878 3879
f 3890 3879 3891
f 3892 3397 3398
f 3892 3891 3397
f 3893 3398 3399
f 3893 3892 3398
f 3894 3399 3400
f 3894 3893 3399
f 3895 3391 3885
f 3895 3402 3391
f 3896 3895 3885
f 3896 3885 3886
f 3406 3405 3897
f 3406 3897 3898
f 3899 3891 3892
f 3899 3892 3900
f 3894 3400 3409
f 3894 3409 3902
f 3901 3893 3894
f 3901 3894 3902
f 3895 3411 3402
f 3895 3903 3411
f 3904 3903 3895
f 3904 3895 3896
f 3905 3897 3405
f 3905 3405 3414
f 3906 3406 3898
f 3906 3415 3406
f 3415 3905 3414
f 3415 3906 3905
f 3905 3898 3897
f 3905 3906 3898
f 3902 3409 3418
f 3902 3418 3907
f 3903 3420 3411
f 3903 3909 3420
f 3907 3418 3426
f 3907 3426 3912
f 3913 3907 3912
f 3913 3908 3907
f 3909 3429 3420
f 3909 3919 3429
f 3920 3430 3429
f 3920 3429 3919
f 3921 3910 3911
f 3921 3911 3922
f 3436 3435 3923
f 3436 3923 3924
f 3925 3912 3426
f 3925 3426 3437
f 3925 3437 3436
f 3925 3436 3924
f 3926 3915 3914
f 3926 3927 3915
f 3929 3917 3916
f 3929 3930 3917
f 3441 3930 3440
f 3441 3931 3930
f 3930 3918 3917
f 3930 3931 3918
f 3932 3441 3442
f 3932 3931 3441
f 3920 3443 3430
f 3920 3933 3443
f 3933 3442 3443
f 3933 3932 3442
f 3932 3920 3919
f 3932 3933 3920
f 3445 3444 3934
f 3445 3934 3935
f 3937 3447 3446
f 3937 3446 3936
f 3923 3435 3448
f 3923 3448 3938
f 3449 3938 3448
f 3449 3939 3938
f 3938 3924 3923
f 3938 3939 3924
f 3941 3450 3451
f 3941 3940 3450
f 3942 3927 3926
f 3942 3943 3927
f 3943 3928 3927
f 3943 3944 3928
f 3946 3440 3930
f 3946 3453 3440
f 3945 3930 3929
f 3945 3946 3930
f 3455 3454 3948
f 3455 3948 3949
f 3934 3444 3456
f 3934 3456 3950
f 3935 3457 3445
f 3935 3951 3457
f 3457 3950 3456
f 3457 3951 3950
f 3950 3935 3934
f 3950 3951 3935
f 3952 3936 3446
f 3952 3446 3458
f 3937 3459 3447
f 3937 3953 3459
f 3459 3952 3458
f 3459 3953 3952
f 3952 3937 3936
f 3952 3953 3937
f 3955 3939 3449
f 3955 3449 3461
f 3955 3461 3460
f 3955 3460 3954
f 3940 3462 3450
f 3940 3956 3462
f 3941 3451 3463
f 3941 3463 3957
f 3956 3940 3941
f 3956 3941 3957
f 3464 3957 3463
f 3464 3958 3957
f 3962 3942 3961
f 3962 3943 3942
f 3964 3453 3946
f 3964 3466 3453
f 3467 3466 3964
f 3467 3964 3965
f 3964 3946 3947
f 3964 3947 3965
f 3948 3454 3468
f 3948 3468 3967
f 3968 3455 3949
f 3968 3469 3455
f 3968 3468 3469
f 3968 3967 3468
f 3967 3949 3948
f 3967 3968 3949
f 3971 3472 3471
f 3971 3471 3970
f 3973 3954 3460
f 3973 3460 3474
f 3475 3973 3474
f 3475 3974 3973
f 3974 3954 3973
f 3974 3955 3954
f 3975 3462 3956
f 3975 3476 3462
f 3975 3475 3476
f 3975 3974 3475
f 3976 3975 3956
f 3976 3956 3957
f 3977 3958 3464
f 3977 3464 3478
f 3979 3959 3978
f 3979 3960 3959
f 3980 3960 3979
f 3980 3961 3960
f 3480 3980 3479
f 3480 3981 3980
f 3981 3963 3962
f 3981 3982 3963
f 3983 3467 3965
f 3983 3482 3467
f 3483 3482 3983
f 3483 3983 3984
f 3983 3965 3966
f 3983 3966 3984
f 3985 3484 3483
f 3985 3483 3984
f 3986 3485 3484
f 3986 3484 3985
f 3970 3471 3487
f 3970 3487 3988
f 3987 3969 3970
f 3987 3970 3988
f 3989 3472 3971
f 3989 3488 3472
f 3989 3487 3488
f 3989 3988 3487
f 3988 3971 3970
f 3988 3989 3971
f 3989 3971 3972
f 3989 3972 3990
f 3991 3490 3489
f 3991 3489 3990
f 3993 3977 3478
f 3993 3478 3494
f 3994 3979 3978
f 3994 3995 3979
f 3996 3479 3980
f 3996 3495 3479
f 3996 3979 3995
f 3996 3980 3979
f 3997 3981 3480
f 3997 3480 3496
f 3497 3997 3496
f 3497 3998 3997
f 3997 3982 3981
f 3997 3998 3982
f 3500 4001 3499
f 3500 4002 4001
f 3986 3501 3485
f 3986 4003 3501
f 3501 4002 3500
f 3501 4003 4002
f 4002 3986 3985
f 4002 4003 3986
f 4004 3502 3501
f 4004 3501 4003
f 4005 3990 3489
f 4005 3489 3505
f 3991 3506 3490
f 3991 4006 3506
f 3506 4005 3505
f 3506 4006 4005
f 4005 3991 3990
f 4005 4006 3991
f 4008 3993 3494
f 4008 3494 3509
f 4008 4007 3992
f 4008 3992 3993
f 3996 3510 3495
f 3996 4009 3510
f 4010 3511 3510
f 4010 3510 4009
f 4011 3998 3497
f 4011 3497 3512
f 4011 3999 3998
f 4011 4012 3999
f 4013 3999 4012
f 4013 4000 3999
f 4001 3513 3499
f 4001 4014 3513
f 3514 3513 4014
f 3514 4014 4015
f 4015 4014 4001
f 4015 4001 4002
f 4003 3501 3515
f 4003 3515 4016
f 4016 4015 4002
f 4016 4002 4003
f 4017 3502 4004
f 4017 3516 3502
f 4017 3515 3516
f 4017 4016 3515
f 4016 4004 4003
f 4016 4017 4004
f 3518 3517 4018
f 3518 4018 4019
f 4008 3509 3519
f 4008 3519 4021
f 4020 4007 4008
f 4020 4008 4021
f 3520 4021 3519
f 3520 4022 4021
f 4010 3521 3511
f 4010 4024 3521
f 4023 4010 4009
f 4023 4024 4010
f 4011 3512 3522
f 4011 3522 4025
f 3522 3521 4024
f 3522 4024 4025
f 4026 4011 4025
f 4026 4012 4011
f 4015 3523 3514
f 4015 4027 3523
f 4028 4027 4015
f 4028 4015 4016
f 4018 3517 3524
f 4018 3524 4029
f 4019 3525 3518
f 4019 4030 3525
f 3525 4029 3524
f 3525 4030 4029
f 4029 4019 4018
f 4029 4030 4019
f 4033 4032 4020
f 4033 4020 4021
f 4022 3520 3527
f 4022 3527 4034
f 4034 3527 3526
f 4034 3526 4033
f 4033 4021 4022
f 4033 4022 4034
f 4035 4026 4025
f 4035 4036 4026
f 4037 3523 4027
f 4037 3531 3523
f 4043 4042 4031
f 4043 4031 4032
f 4044 4033 3526
f 4044 3526 3533
f 4044 3533 3532
f 4044 3532 4043
f 4045 3533 3534
f 4045 4044 3533
f 4046 3531 4037
f 4046 3538 3531
f 4046 4037 4038
f 4046 4038 4047
f 3540 3539 4047
f 3540 4047 4048
f 4047 4038 4039
f 4047 4039 4048
f 3542 3541 4049
f 3542 4049 4050
f 3544 3543 4051
f 3544 4051 4052
f 3545 3544 4052
f 3545 4052 4053
f 4053 4052 4040
f 4053 4040 4041
f 4054 4053 4041
f 4054 4041 4042
f 4055 4043 3532
f 4055 3532 3546
f 4044 3547 3533
f 4044 4056 3547
f 3547 4055 3546
f 3547 4056 4055
f 4045 3534 3548
f 4045 3548 4057
f 4056 4044 4045
f 4056 4045 4057
f 4058 3538 4046
f 4058 3550 3538
f 4059 4047 3539
f 4059 3539 3551
f 3551 3550 4058
f 3551 4058 4059
f 4058 4046 4047
f 4058 4047 4059
f 4060 3540 4048
f 4060 3552 3540
f 4059 4048 4047
f 4059 4060 4048
f 4061 4049 3541
f 4061 3541 3553
f 4061 3553 3552
f 4061 3552 4060
f 4062 3542 4050
f 4062 3554 3542
f 4063 4051 3543
f 4063 3543 3555
f 3555 3554 4062
f 3555 4062 4063
f 4064 3545 4053
f 4064 3557 3545
f 3558 3557 4064
f 3558 4064 4065
f 3559 3558 4065
f 3559 4065 4066
f 4067 3560 3559
f 4067 3559 4066
f 4067 4066 4055
f 4067 4055 4056
f 4068 4057 3548
f 4068 3548 3561
f 4068 3561 3560
f 4068 3560 4067
f 4068 4067 4056
f 4068 4056 4057
f 3569 4069 3568
f 3569 4070 4069
f 4071 3569 3570
f 4071 4070 3569
f 4072 3570 3571
f 4072 4071 3570
f 3572 4072 3571
f 3572 4073 4072
f 4069 3573 3568
f 4069 4074 3573
f 4075 4074 4069
f 4075 4069 4070
f 4076 4071 4072
f 4076 4072 4077
f 4073 3572 3577
f 4073 3577 4078
f 4078 3577 3576
f 4078 3576 4077
f 4078 4077 4072
f 4078 4072 4073
f 4079 3573 4074
f 4079 3578 3573
f 4080 3579 3578
f 4080 3578 4079
f 4079 4074 4075
f 4079 4075 4080
f 4081 3580 3579
f 4081 3579 4080
f 4077 3576 3581
f 4077 3581 4082
f 3582 4082 3581
f 3582 4083 4082
f 4081 3584 3580
f 4081 4085 3584
f 4085 3583 3584
f 4085 4084 3583
f 4083 3582 3585
f 4083 3585 4086
f 4084 3586 3583
f 4084 4087 3586
f 4086 3585 3589
f 4086 3589 4088
f 4087 3590 3586
f 4087 4090 3590
f 4091 4088 3589
f 4091 3589 3593
f 3594 4091 3593
f 3594 4092 4091
f 4091 4089 4088
f 4091 4092 4089
f 4093 3594 3595
f 4093 4092 3594
f 3596 4093 3595
f 3596 4094 4093
f 4090 3597 3590
f 4090 4095 3597
f 4096 3598 3597
f 4096 3597 4095
f 3601 3600 4097
f 3601 4097 4098
f 4099 3602 3601
f 4099 3601 4098
f 4100 4094 3596
f 4100 3596 3603
f 4096 3604 3598
f 4096 4102 3604
f 4101 4096 4095
f 4101 4102 4096
f 4097 3600 3605
f 4097 3605 4103
f 3606 4103 3605
f 3606 4104 4103
f 4103 4098 4097
f 4103 4104 4098
f 4099 3607 3602
f 4099 4105 3607
f 4106 4100 3603
f 4106 3603 3608
f 4106 3608 3607
f 4106 3607 4105
f 4102 3609 3604
f 4102 4108 3609
f 4108 4101 4107
f 4108 4102 4101
f 4109 4104 3606
f 4109 3606 3612
f 3613 4109 3612
f 3613 4110 4109
f 4109 4105 4104
f 4109 4110 4105
f 4108 3614 3609
f 4108 4113 3614
f 4112 4108 4107
f 4112 4113 4108
f 3616 3615 4114
f 3616 4114 4115
f 3617 3616 4115
f 3617 4115 4116
f 4117 4110 3613
f 4117 3613 3618
f 3618 3617 4116
f 3618 4116 4117
f 4118 4110 4117
f 4118 4111 4110
f 4113 3621 3614
f 4113 4119 3621
f 4114 3615 3622
f 4114 3622 4120
f 4120 3622 3621
f 4120 3621 4119
f 4121 4114 4120
f 4121 4115 4114
f 3624 4121 3623
f 3624 4122 4121
f 4121 4116 4115
f 4121 4122 4116
f 4123 4116 4122
f 4123 4117 4116
f 4126 3625 3626
f 4126 4125 3625
f 4127 3626 3627
f 4127 4126 3626
f 4129 4119 4128
f 4129 4120 4119
f 4121 3630 3623
f 4121 4130 3630
f 4130 4120 4129
f 4130 4121 4120
f 4122 3624 3631
f 4122 3631 4131
f 3631 3630 4130
f 3631 4130 4131
f 4131 4123 4122
f 4131 4132 4123
f 3633 4133 3632
f 3633 4134 4133
f 4135 3633 3634
f 4135 4134 3633
f 4125 3635 3625
f 4125 4136 3635
f 4136 4124 4135
f 4136 4125 4124
f 4137 4136 4125
f 4137 4125 4126
f 4127 3627 3636
f 4127 3636 4138
f 4137 4126 4127
f 4137 4127 4138
f 4139 3636 3637
f 4139 4138 3636
f 4141 4128 4140
f 4141 4129 4128
f 4142 4132 4131
f 4142 4143 4132
f 3640 4144 3639
f 3640 4145 4144
f 4146 3632 4133
f 4146 3641 3632
f 3641 4145 3640
f 3641 4146 4145
f 4147 4146 4133
f 4147 4133 4134
f 4148 4135 3634
f 4148 3634 3643
f 4148 4147 4134
f 4148 4134 4135
f 4149 3635 4136
f 4149 3644 3635
f 4149 3643 3644
f 4149 4148 3643
f 4149 4135 4148
f 4149 4136 4135
f 4149 4136 4137
f 4149 4137 4150
f 4151 4150 4137
f 4151 4137 4138
f 4139 3637 3647
f 4139 3647 4152
f 3648 4152 3647
f 3648 4153 4152
f 4154 3639 4144
f 4154 3649 3639
f 4155 4154 4144
f 4155 4144 4145
f 4153 3648 3656
f 4153 3656 4156
f 4158 3649 4154
f 4158 3657 3649
f 3658 3657 4158
f 3658 4158 4159
f 4158 4154 4155
f 4158 4155 4159
f 3660 3659 4160
f 3660 4160 4161
f 3662 3661 4162
f 3662 4162 4163
f 4164 4156 3656
f 4164 3656 3663
f 3664 4164 3663
f 3664 4165 4164
f 4164 4157 4156
f 4164 4165 4157
f 4167 3658 4159
f 4167 3667 3658
f 4167 3666 3667
f 4167 4166 3666
f 4168 4160 3659
f 4168 3659 3668
f 4161 3669 3660
f 4161 4169 3669
f 3669 4168 3668
f 3669 4169 4168
f 4162 3661 3670
f 4162 3670 4170
f 4163 3671 3662
f 4163 4171 3671
f 4171 4162 4170
f 4171 4163 4162
f 4173 4165 3664
f 4173 3664 3673
f 4173 3673 3672
f 4173 3672 4172
f 4179 3666 4166
f 4179 3676 3666
f 4180 3677 3676
f 4180 3676 4179
f 4181 4168 4169
f 4181 4169 4182
f 4170 3670 3680
f 4170 3680 4183
f 4184 3671 4171
f 4184 3681 3671
f 4184 3680 3681
f 4184 4183 3680
f 4184 4170 4183
f 4184 4171 4170
f 4186 4172 3672
f 4186 3672 3685
f 4186 3685 3684
f 4186 3684 4185
f 4187 4175 4174
f 4187 4188 4175
f 4188 4176 4175
f 4188 4189 4176
f 4191 4177 4190
f 4191 4178 4177
f 4192 3689 3690
f 4192 4191 3689
f 4192 4178 4191
f 4192 4179 4178
f 4180 3691 3677
f 4180 4193 3691
f 4193 3690 3691
f 4193 4192 3690
f 4192 4180 4179
f 4192 4193 4180
f 4196 4185 3684
f 4196 3684 3697
f 4198 3698 3699
f 4198 4197 3698
f 3700 4198 3699
f 3700 4199 4198
f 4202 4188 4187
f 4202 4203 4188
f 4204 4188 4203
f 4204 4189 4188
f 4191 3702 3689
f 4191 4206 3702
f 4205 4191 4190
f 4205 4206 4191
f 3704 3703 4208
f 3704 4208 4209
f 4210 4194 4195
f 4210 4195 4211
f 4212 4196 3697
f 4212 3697 3707
f 4213 3698 4197
f 4213 3708 3698
f 4212 4197 4196
f 4212 4213 4197
f 4214 4213 4197
f 4214 4197 4198
f 4199 3700 3710
f 4199 3710 4215
f 4214 4198 4199
f 4214 4199 4215
f 4217 4201 4200
f 4217 4218 4201
f 4206 3712 3702
f 4206 4222 3712
f 4222 4206 4207
f 4222 4207 4223
f 4208 3703 3713
f 4208 3713 4224
f 4209 3714 3704
f 4209 4225 3714
f 3714 4224 3713
f 3714 4225 4224
f 4224 4209 4208
f 4224 4225 4209
f 4227 3716 3715
f 4227 3715 4226
f 4228 3717 3716
f 4228 3716 4227
f 4229 4212 3707
f 4229 3707 3719
f 4230 3708 4213
f 4230 3720 3708
f 4230 3719 3720
f 4230 4229 3719
f 4231 4230 4213
f 4231 4213 4214
f 4215 3710 3722
f 4215 3722 4232
f 4232 4216 4215
f 4232 4233 4216
f 4234 4218 4217
f 4234 4235 4218
f 4235 4219 4218
f 4235 4236 4219
f 4237 3723 3724
f 4237 4236 3723
f 4236 4220 4219
f 4236 4237 4220
f 4237 4221 4220
f 4237 4238 4221
f 4240 3712 4222
f 4240 3726 3712
f 3727 3726 4240
f 3727 4240 4241
f 4240 4222 4223
f 4240 4223 4241
f 3728 3727 4241
f 3728 4241 4242
f 3729 3728 4242
f 3729 4242 4243
f 4244 3730 3729
f 4244 3729 4243
f 4226 3715 3731
f 4226 3731 4245
f 4246 3731 3732
f 4246 4245 3731
f 4246 4226 4245
f 4246 4227 4226
f 4228 3733 3717
f 4228 4247 3733
f 4247 3732 3733
f 4247 4246 3732
f 4247 4227 4246
f 4247 4228 4227
f 3735 3734 4248
f 3735 4248 4249
f 4251 4232 3722
f 4251 3722 3738
f 4236 3739 3723
f 4236 4253 3739
f 4252 4236 4235
f 4252 4253 4236
f 4254 4237 3724
f 4254 3724 3740
f 4254 3740 3739
f 4254 3739 4253
f 3741 4254 3740
f 3741 4255 4254
f 4255 4237 4254
f 4255 4238 4237
f 4255 4239 4238
f 4255 4256 4239
f 3745 4258 3744
f 3745 4259 4258
f 4260 3730 4244
f 4260 3746 3730
f 4259 4244 4243
f 4259 4260 4244
f 4262 4261 4245
f 4262 4245 4246
f 4248 3734 3748
f 4248 3748 4263
f 4249 3749 3735
f 4249 4264 3749
f 3749 4263 3748
f 3749 4264 4263
f 4263 4249 4248
f 4263 4264 4249
f 4251 3738 3750
f 4251 3750 4266
f 4266 4265 4250
f 4266 4250 4251
f 4254 3751 3740
f 4254 4268 3751
f 4267 4254 4253
f 4267 4268 4254
f 4255 3741 3752
f 4255 3752 4269
f 3752 3751 4268
f 3752 4268 4269
f 4270 4255 4269
f 4270 4256 4255
f 4270 4257 4256
f 4270 4271 4257
f 4258 3753 3744
f 4258 4272 3753
f 4259 3745 3754
f 4259 3754 4273
f 4273 4272 4258
f 4273 4258 4259
f 4274 3746 4260
f 4274 3755 3746
f 4274 3754 3755
f 4274 4273 3754
f 4277 4263 4264
f 4277 4264 4278
f 4266 3750 3760
f 4266 3760 4280
f 4281 3760 3761
f 4281 4280 3760
f 4283 4267 4282
f 4283 4268 4267
f 4283 4269 4268
f 4283 4284 4269
f 4272 3762 3753
f 4272 4286 3762
f 4287 4286 4272
f 4287 4272 4273
f 4288 4275 4276
f 4288 4276 4289
f 4290 3764 3763
f 4290 3763 4289
f 4293 4292 4279
f 4293 4279 4280
f 4281 3761 3767
f 4281 3767 4294
f 4293 4280 4281
f 4293 4281 4294
f 4295 4285 4284
f 4295 4296 4285
f 4297 3762 4286
f 4297 3770 3762
f 4297 4286 4287
f 4297 4287 4298
f 4300 4289 3763
f 4300 3763 3771
f 4290 3772 3764
f 4290 4301 3772
f 3772 4300 3771
f 3772 4301 4300
f 4300 4290 4289
f 4300 4301 4290
f 4301 4290 4291
f 4301 4291 4302
f 4305 3774 3773
f 4305 3773 4304
f 4306 4294 3767
f 4306 3767 3775
f 4307 3770 4297
f 4307 3778 3770
f 3779 3778 4307
f 3779 4307 4308
f 4308 4307 4297
f 4308 4297 4298
f 4309 3780 3779
f 4309 3779 4308
f 4308 4298 4299
f 4308 4299 4309
f 3782 3781 4310
f 3782 4310 4311
f 4313 3784 3783
f 4313 3783 4312
f 3785 3784 4313
f 3785 4313 4314
f 4313 4301 4302
f 4313 4302 4314
f 3786 3785 4314
f 3786 4314 4315
f 4314 4302 4303
f 4314 4303 4315
f 4304 3773 3787
f 4304 3787 4316
f 4305 3788 3774
f 4305 4317 3788
f 3788 4316 3787
f 3788 4317 4316
f 4317 4304 4316
f 4317 4305 4304
f 4318 4306 3775
f 4318 3775 3789
f 4318 4317 4305
f 4318 4305 4306
f 4319 3780 4309
f 4319 3793 3780
f 4310 3781 3794
f 4310 3794 4320
f 4320 3794 3793
f 4320 3793 4319
f 4321 3782 4311
f 4321 3795 3782
f 4322 4312 3783
f 4322 3783 3796
f 3796 3795 4321
f 3796 4321 4322
f 4321 4311 4312
f 4321 4312 4322
f 4323 3786 4315
f 4323 3799 3786
f 3800 3799 4323
f 3800 4323 4324
f 3801 3800 4324
f 3801 4324 4325
f 4325 4324 4316
f 4325 4316 4317
f 4326 4318 3789
f 4326 3789 3802
f 3802 3801 4325
f 3802 4325 4326
f 4325 4317 4318
f 4325 4318 4326
f 3814 4327 3813
f 3814 4328 4327
f 4327 3817 3813
f 4327 4329 3817
f 4328 3814 3818
f 4328 3818 4330
f 4329 4327 4328
f 4329 4328 4330
f 4331 3818 3819
f 4331 4330 3818
f 4329 3821 3817
f 4329 4332 3821
f 4332 4329 4330
f 4332 4330 4333
f 4334 4331 3819
f 4334 3819 3823
f 4334 3823 3822
f 4334 3822 4333
f 4334 4333 4330
f 4334 4330 4331
f 4335 3821 4332
f 4335 3825 3821
f 4333 3822 3826
f 4333 3826 4336
f 4336 4335 4332
f 4336 4332 4333
f 4337 3826 3827
f 4337 4336 3826
f 4338 3827 3828
f 4338 4337 3827
f 4335 3830 3825
f 4335 4340 3830
f 3830 4339 3829
f 3830 4340 4339
f 4341 4340 4335
f 4341 4335 4336
f 4338 3828 3831
f 4338 3831 4343
f 4342 4337 4338
f 4342 4338 4343
f 4344 3831 3832
f 4344 4343 3831
f 4345 3832 3833
f 4345 4344 3832
f 3834 4345 3833
f 3834 4346 4345
f 4339 3835 3829
f 4339 4347 3835
f 3836 3835 4347
f 3836 4347 4348
f 4347 4339 4340
f 4347 4340 4348
f 4350 4343 4344
f 4350 4344 4351
f 4351 4344 4345
f 4351 4345 4352
f 4353 4346 3834
f 4353 3834 3841
f 4352 4345 4346
f 4352 4346 4353
f 4355 3836 4348
f 4355 3843 3836
f 4355 3842 3843
f 4355 4354 3842
f 4355 4348 4349
f 4355 4349 4356
f 4357 4350 4351
f 4357 4351 4358
f 3847 3846 4358
f 3847 4358 4359
f 4359 4358 4351
f 4359 4351 4352
f 4360 4353 3841
f 4360 3841 3848
f 4360 3848 3847
f 4360 3847 4359
f 4360 4359 4352
f 4360 4352 4353
f 4361 3842 4354
f 4361 3849 3842
f 4358 3846 3853
f 4358 3853 4363
f 4363 4362 4357
f 4363 4357 4358
f 3854 4363 3853
f 3854 4364 4363
f 4361 3855 3849
f 4361 4365 3855
f 4366 3856 3855
f 4366 3855 4365
f 4364 3854 3861
f 4364 3861 4368
f 4366 3862 3856
f 4366 4370 3862
f 4371 3863 3862
f 4371 3862 4370
f 4373 4368 3861
f 4373 3861 3867
f 4373 4372 4367
f 4373 4367 4368
f 4375 3868 3869
f 4375 4374 3868
f 4377 4369 4376
f 4377 4370 4369
f 4378 3863 4371
f 4378 3871 3863
f 3873 3872 4379
f 3873 4379 4380
f 4373 3867 3875
f 4373 3875 4382
f 4381 4372 4373
f 4381 4373 4382
f 4374 3877 3868
f 4374 4384 3877
f 3877 4383 3876
f 3877 4384 4383
f 4375 3869 3878
f 4375 3878 4385
f 4385 4384 4374
f 4385 4374 4375
f 4378 3880 3871
f 4378 4387 3880
f 4386 4378 4377
f 4386 4387 4378
f 4379 3872 3881
f 4379 3881 4388
f 4388 3881 3880
f 4388 3880 4387
f 4380 3882 3873
f 4380 4389 3882
f 4390 3883 3882
f 4390 3882 4389
f 4391 4382 3875
f 4391 3875 3884
f 4391 3884 3883
f 4391 3883 4390
f 4391 4390 4381
f 4391 4381 4382
f 3887 4392 3886
f 3887 4393 4392
f 4394 3876 4383
f 4394 3888 3876
f 4394 3887 3888
f 4394 4393 3887
f 4385 3878 3890
f 4385 3890 4395
f 4396 3890 3891
f 4396 4395 3890
f 4398 3892 3893
f 4398 4397 3892
f 4392 3896 3886
f 4392 4399 3896
f 4400 4399 4392
f 4400 4392 4393
f 4401 4400 4393
f 4401 4393 4394
f 4396 3891 3899
f 4396 3899 4403
f 4402 4395 4396
f 4402 4396 4403
f 4397 3900 3892
f 4397 4404 3900
f 4404 3899 3900
f 4404 4403 3899
f 4398 3893 3901
f 4398 3901 4405
f 4404 4397 4398
f 4404 4398 4405
f 4406 3901 3902
f 4406 4405 3901
f 4399 3904 3896
f 4399 4408 3904
f 3904 4407 3903
f 3904 4408 4407
f 4410 4403 4404
f 4410 4404 4411
f 4411 4404 4405
f 4411 4405 4412
f 4406 3902 3907
f 4406 3907 4413
f 4412 4405 4406
f 4412 4406 4413
f 4414 3907 3908
f 4414 4413 3907
f 4407 3909 3903
f 4407 4418 3909
f 4419 4418 4407
f 4419 4407 4408
f 4419 4408 4409
f 4419 4409 4420
f 4421 3911 3910
f 4421 3910 4420
f 4422 4411 4412
f 4422 4412 4423
f 4414 3908 3913
f 4414 3913 4425
f 4425 3913 3912
f 4425 3912 4424
f 4425 4424 4413
f 4425 4413 4414
f 4426 4416 4415
f 4426 4427 4416
f 4428 3914 3915
f 4428 4427 3914
f 4427 4417 4416
f 4427 4428 4417
f 3917 4430 3916
f 3917 4431 4430
f 3918 4431 3917
f 3918 4432 4431
f 4418 3919 3909
f 4418 4433 3919
f 4434 4433 4418
f 4434 4418 4419
f 4435 4420 3910
f 4435 3910 3921
f 4434 4419 4420
f 4434 4420 4435
f 4421 3922 3911
f 4421 4436 3922
f 4436 3921 3922
f 4436 4435 3921
f 4435 4421 4420
f 4435 4436 4421
f 4438 4424 3912
f 4438 3912 3925
f 3925 3924 4437
f 3925 4437 4438
f 4438 4437 4423
f 4438 4423 4424
f 4439 3914 4427
f 4439 3926 3914
f 4440 4428 3915
f 4440 3915 3927
f 3928 4440 3927
f 3928 4441 4440
f 4440 4429 4428
f 4440 4441 4429
f 4430 3929 3916
f 4430 4442 3929
f 4442 4430 4431
f 4442 4431 4443
f 4444 4432 3918
f 4444 3918 3931
f 4443 4431 4432
f 4443 4432 4444
f 4433 3932 3919
f 4433 4445 3932
f 4445 3931 3932
f 4445 4444 3931
f 4445 4432 4444
f 4445 4433 4432
f 4448 4437 3924
f 4448 3924 3939
f 4439 3942 3926
f 4439 4450 3942
f 4441 3928 3944
f 4441 3944 4452
f 3944 3943 4451
f 3944 4451 4452
f 4442 3945 3929
f 4442 4453 3945
f 4454 3946 3945
f 4454 3945 4453
f 4454 4453 4442
f 4454 4442 4443
f 3947 3946 4454
f 3947 4454 4455
f 4455 4454 4443
f 4455 4443 4444
f 4455 4444 4445
f 4455 4445 4456
f 4458 4457 4446
f 4458 4446 4447
f 4448 3939 3955
f 4448 3955 4459
f 3958 4460 3957
f 3958 4461 4460
f 3960 4463 3959
f 3960 4464 4463
f 4450 3961 3942
f 4450 4465 3961
f 4465 3960 3961
f 4465 4464 3960
f 4464 4450 4449
f 4464 4465 4450
f 4451 3943 3962
f 4451 3962 4466
f 4466 3962 3961
f 4466 3961 4465
f 3963 4466 3962
f 3963 4467 4466
f 4467 4451 4466
f 4467 4452 4451
f 4468 4452 4467
f 4468 4453 4452
f 4469 3947 4455
f 4469 3965 3947
f 3966 3965 4469
f 3966 4469 4470
f 4469 4455 4456
f 4469 4456 4470
f 3970 3969 4472
f 3970 4472 4473
f 4474 4473 4457
f 4474 4457 4458
f 4475 3972 3971
f 4475 3971 4474
f 4459 3955 3974
f 4459 3974 4476
f 3975 4476 3974
f 3975 4477 4476
f 4460 3976 3957
f 4460 4478 3976
f 3976 4477 3975
f 3976 4478 4477
f 4461 3958 3977
f 4461 3977 4479
f 4480 4461 4479
f 4480 4462 4461
f 4481 3959 4463
f 4481 3978 3959
f 4482 4465 3961
f 4482 3961 3980
f 4483 3962 4466
f 4483 3981 3962
f 3981 4482 3980
f 3981 4483 4482
f 4484 4467 3963
f 4484 3963 3982
f 4485 4467 4484
f 4485 4468 4467
f 4487 3966 4470
f 4487 3984 3966
f 4488 3985 3984
f 4488 3984 4487
f 4487 4470 4471
f 4487 4471 4488
f 4472 3969 3987
f 4472 3987 4489
f 4490 3970 4473
f 4490 3988 3970
f 4490 3987 3988
f 4490 4489 3987
f 4490 4472 4489
f 4490 4473 4472
f 4474 3971 3989
f 4474 3989 4491
f 4475 3990 3972
f 4475 4492 3990
f 3990 4491 3989
f 3990 4492 4491
f 4491 4475 4474
f 4491 4492 4475
f 4494 4479 3977
f 4494 3977 3993
f 4494 3993 3992
f 4494 3992 4493
f 4481 3994 3978
f 4481 4495 3994
f 3995 3994 4495
f 3995 4495 4496
f 4497 3996 3995
f 4497 3995 4496
f 4498 4484 3982
f 4498 3982 3998
f 3999 4498 3998
f 3999 4499 4498
f 4500 3999 4000
f 4500 4499 3999
f 4502 4486 4501
f 4502 4487 4486
f 4503 3985 4488
f 4503 4002 3985
f 4502 4488 4487
f 4502 4503 4488
f 4504 4003 4002
f 4504 4002 4503
f 4506 4505 4491
f 4506 4491 4492
f 4507 4493 3992
f 4507 3992 4007
f 4508 4493 4507
f 4508 4494 4493
f 4497 4009 3996
f 4497 4510 4009
f 4509 4497 4496
f 4509 4510 4497
f 4500 4000 4013
f 4500 4013 4512
f 4013 4012 4511
f 4013 4511 4512
f 4511 4499 4500
f 4511 4500 4512
f 4504 4016 4003
f 4504 4513 4016
f 4507 4007 4020
f 4507 4020 4515
f 4516 4507 4515
f 4516 4508 4507
f 4510 4023 4009
f 4510 4517 4023
f 4518 4024 4023
f 4518 4023 4517
f 4519 4025 4024
f 4519 4024 4518
f 4511 4012 4026
f 4511 4026 4520
f 4513 4028 4016
f 4513 4523 4028
f 4028 4522 4027
f 4028 4523 4522
f 4515 4020 4032
f 4515 4032 4527
f 4527 4032 4031
f 4527 4031 4526
f 4527 4526 4514
f 4527 4514 4515
f 4528 4032 4033
f 4528 4527 4032
f 4519 4035 4025
f 4519 4530 4035
f 4529 4519 4518
f 4529 4530 4519
f 4531 4520 4026
f 4531 4026 4036
f 4036 4035 4530
f 4036 4530 4531
f 4532 4520 4531
f 4532 4521 4520
f 4533 4027 4522
f 4533 4037 4027
f 4038 4037 4533
f 4038 4533 4534
f 4533 4522 4523
f 4533 4523 4534
f 4535 4039 4038
f 4535 4038 4534
f 4536 4524 4525
f 4536 4525 4537
f 4538 4041 4040
f 4538 4040 4537
f 4539 4526 4031
f 4539 4031 4042
f 4042 4041 4538
f 4042 4538 4539
f 4540 4032 4527
f 4540 4043 4032
f 4540 4042 4043
f 4540 4539 4042
f 4541 4528 4033
f 4541 4033 4044
f 4541 4044 4043
f 4541 4043 4540
f 4541 4540 4527
f 4541 4527 4528
f 4543 4039 4535
f 4543 4048 4039
f 4048 4542 4047
f 4048 4543 4542
f 4542 4535 4534
f 4542 4543 4535
f 4050 4049 4544
f 4050 4544 4545
f 4547 4537 4040
f 4547 4040 4052
f 4547 4052 4051
f 4547 4051 4546
f 4547 4546 4536
f 4547 4536 4537
f 4539 4054 4042
f 4539 4549 4054
f 4054 4548 4053
f 4054 4549 4548
f 4540 4043 4055
f 4540 4055 4550
f 4550 4549 4539
f 4550 4539 4540
f 4551 4047 4542
f 4551 4059 4047
f 4060 4059 4551
f 4060 4551 4552
f 4551 4542 4543
f 4551 4543 4552
f 4544 4049 4061
f 4544 4061 4553
f 4061 4060 4552
f 4061 4552 4553
f 4545 4062 4050
f 4545 4554 4062
f 4554 4544 4553
f 4554 4545 4544
f 4555 4546 4051
f 4555 4051 4063
f 4555 4063 4062
f 4555 4062 4554
f 4548 4064 4053
f 4548 4556 4064
f 4065 4064 4556
f 4065 4556 4557
f 4557 4556 4548
f 4557 4548 4549
f 4550 4055 4066
f 4550 4066 4558
f 4558 4066 4065
f 4558 4065 4557
f 4558 4557 4549
f 4558 4549 4550
f 4559 4553 4552
f 4559 4560 4553
f 4561 4553 4560
f 4561 4554 4553
f 4563 4070 4071
f 4563 4562 4070
f 4562 4075 4070
f 4562 4564 4075
f 4563 4071 4076
f 4563 4076 4565
f 4564 4562 4563
f 4564 4563 4565
f 4566 4076 4077
f 4566 4565 4076
f 4567 4075 4564
f 4567 4080 4075
f 4081 4080 4567
f 4081 4567 4568
f 4567 4564 4565
f 4567 4565 4568
f 4566 4077 4082
f 4566 4082 4569
f 4568 4565 4566
f 4568 4566 4569
f 4570 4082 4083
f 4570 4569 4082
f 4568 4085 4081
f 4568 4572 4085
f 4085 4571 4084
f 4085 4572 4571
f 4572 4568 4569
f 4572 4569 4573
f 4570 4083 4086
f 4570 4086 4574
f 4573 4569 4570
f 4573 4570 4574
f 4571 4087 4084
f 4571 4575 4087
f 4576 4575 4571
f 4576 4571 4572
f 4577 4576 4572
f 4577 4572 4573
f 4574 4086 4088
f 4574 4088 4578
f 4577 4573 4574
f 4577 4574 4578
f 4579 4088 4089
f 4579 4578 4088
f 4575 4090 4087
f 4575 4580 4090
f 4581 4580 4575
f 4581 4575 4576
f 4579 4089 4092
f 4579 4092 4583
f 4582 4578 4579
f 4582 4579 4583
f 4093 4583 4092
f 4093 4584 4583
f 4585 4093 4094
f 4585 4584 4093
f 4580 4095 4090
f 4580 4586 4095
f 4587 4586 4580
f 4587 4580 4581
f 4588 4582 4583
f 4588 4583 4589
f 4099 4098 4589
f 4099 4589 4590
f 4589 4583 4584
f 4589 4584 4590
f 4591 4585 4094
f 4591 4094 4100
f 4590 4584 4585
f 4590 4585 4591
f 4586 4101 4095
f 4586 4593 4101
f 4594 4589 4098
f 4594 4098 4104
f 4595 4099 4590
f 4595 4105 4099
f 4595 4104 4105
f 4595 4594 4104
f 4596 4591 4100
f 4596 4100 4106
f 4596 4106 4105
f 4596 4105 4595
f 4596 4595 4590
f 4596 4590 4591
f 4593 4107 4101
f 4593 4598 4107
f 4597 4593 4592
f 4597 4598 4593
f 4595 4105 4110
f 4595 4110 4600
f 4599 4594 4595
f 4599 4595 4600
f 4111 4600 4110
f 4111 4601 4600
f 4598 4112 4107
f 4598 4602 4112
f 4603 4113 4112
f 4603 4112 4602
f 4601 4111 4118
f 4601 4118 4606
f 4606 4118 4117
f 4606 4117 4605
f 4606 4605 4600
f 4606 4600 4601
f 4603 4119 4113
f 4603 4608 4119
f 4607 4603 4602
f 4607 4608 4603
f 4605 4117 4123
f 4605 4123 4610
f 4610 4609 4604
f 4610 4604 4605
f 4612 4124 4125
f 4612 4611 4124
f 4608 4128 4119
f 4608 4613 4128
f 4130 4129 4614
f 4130 4614 4615
f 4131 4130 4615
f 4131 4615 4616
f 4610 4123 4132
f 4610 4132 4617
f 4617 4616 4609
f 4617 4609 4610
f 4618 4124 4611
f 4618 4135 4124
f 4619 4612 4125
f 4619 4125 4136
f 4139 4620 4138
f 4139 4621 4620
f 4613 4140 4128
f 4613 4622 4140
f 4614 4129 4141
f 4614 4141 4623
f 4141 4140 4622
f 4141 4622 4623
f 4624 4614 4623
f 4624 4615 4614
f 4616 4142 4131
f 4616 4625 4142
f 4626 4617 4132
f 4626 4132 4143
f 4143 4142 4625
f 4143 4625 4626
f 4625 4616 4617
f 4625 4617 4626
f 4146 4627 4145
f 4146 4628 4627
f 4147 4628 4146
f 4147 4629 4628
f 4618 4148 4135
f 4618 4630 4148
f 4630 4147 4148
f 4630 4629 4147
f 4619 4136 4149
f 4619 4149 4631
f 4150 4631 4149
f 4150 4632 4631
f 4620 4151 4138
f 4620 4633 4151
f 4151 4632 4150
f 4151 4633 4632
f 4621 4139 4152
f 4621 4152 4634
f 4633 4620 4621
f 4633 4621 4634
f 4635 4152 4153
f 4635 4634 4152
f 4627 4155 4145
f 4627 4636 4155
f 4637 4636 4627
f 4637 4627 4628
f 4638 4637 4628
f 4638 4628 4629
f 4639 4631 4632
f 4639 4632 4640
f 4641 4640 4632
f 4641 4632 4633
f 4642 4641 4633
f 4642 4633 4634
f 4635 4153 4156
f 4635 4156 4643
f 4642 4634 4635
f 4642 4635 4643
f 4644 4156 4157
f 4644 4643 4156
f 4647 4155 4636
f 4647 4159 4155
f 4649 4161 4160
f 4649 4160 4648
f 4651 4650 4639
f 4651 4639 4640
f 4652 4641 4642
f 4652 4642 4653
f 4653 4642 4643
f 4653 4643 4654
f 4644 4157 4165
f 4644 4165 4655
f 4654 4643 4644
f 4654 4644 4655
f 4658 4645 4657
f 4658 4646 4645
f 4647 4167 4159
f 4647 4660 4167
f 4660 4166 4167
f 4660 4659 4166
f 4648 4160 4168
f 4648 4168 4661
f 4660 4647 4648
f 4660 4648 4661
f 4649 4169 4161
f 4649 4662 4169
f 4661 4649 4648
f 4661 4662 4649
f 4663 4653 4654
f 4663 4654 4664
f 4655 4165 4173
f 4655 4173 4665
f 4665 4173 4172
f 4665 4172 4664
f 4666 4657 4656
f 4666 4667 4657
f 4668 4174 4175
f 4668 4667 4174
f 4667 4658 4657
f 4667 4668 4658
f 4176 4668 4175
f 4176 4669 4668
f 4671 4177 4178
f 4671 4670 4177
f 4659 4179 4166
f 4659 4672 4179
f 4672 4178 4179
f 4672 4671 4178
f 4661 4168 4181
f 4661 4181 4673
f 4662 4182 4169
f 4662 4674 4182
f 4674 4181 4182
f 4674 4673 4181
f 4664 4172 4186
f 4664 4186 4676
f 4676 4186 4185
f 4676 4185 4675
f 4676 4675 4663
f 4676 4663 4664
f 4677 4174 4667
f 4677 4187 4174
f 4679 4669 4176
f 4679 4176 4189
f 4680 4177 4670
f 4680 4190 4177
f 4681 4680 4670
f 4681 4670 4671
f 4682 4681 4671
f 4682 4671 4672
f 4195 4194 4683
f 4195 4683 4684
f 4686 4675 4185
f 4686 4185 4196
f 4687 4196 4197
f 4687 4686 4196
f 4687 4675 4686
f 4687 4676 4675
f 4201 4690 4200
f 4201 4691 4690
f 4677 4202 4187
f 4677 4692 4202
f 4693 4203 4202
f 4693 4202 4692
f 4692 4677 4678
f 4692 4678 4693
f 4679 4189 4204
f 4679 4204 4694
f 4204 4203 4693
f 4204 4693 4694
f 4696 4190 4680
f 4696 4205 4190
f 4697 4206 4205
f 4697 4205 4696
f 4696 4680 4681
f 4696 4681 4697
f 4207 4206 4697
f 4207 4697 4698
f 4697 4681 4682
f 4697 4682 4698
f 4683 4194 4210
f 4683 4210 4701
f 4702 4195 4684
f 4702 4211 4195
f 4702 4210 4211
f 4702 4701 4210
f 4702 4684 4685
f 4702 4685 4703
f 4705 4687 4197
f 4705 4197 4213
f 4705 4213 4212
f 4705 4212 4704
f 4705 4704 4686
f 4705 4686 4687
f 4215 4706 4214
f 4215 4707 4706
f 4216 4707 4215
f 4216 4708 4707
f 4707 4689 4688
f 4707 4708 4689
f 4690 4217 4200
f 4690 4709 4217
f 4710 4691 4201
f 4710 4201 4218
f 4710 4709 4690
f 4710 4690 4691
f 4711 4218 4219
f 4711 4710 4218
f 4711 4691 4710
f 4711 4692 4691
f 4712 4219 4220
f 4712 4711 4219
f 4221 4712 4220
f 4221 4713 4712
f 4712 4694 4693
f 4712 4713 4694
f 4713 4695 4694
f 4713 4714 4695
f 4715 4207 4698
f 4715 4223 4207
f 4715 4698 4699
f 4715 4699 4716
f 4718 4717 4700
f 4718 4700 4701
f 4719 4704 4212
f 4719 4212 4229
f 4230 4719 4229
f 4230 4720 4719
f 4706 4231 4214
f 4706 4721 4231
f 4231 4720 4230
f 4231 4721 4720
f 4723 4708 4216
f 4723 4216 4233
f 4233 4232 4722
f 4233 4722 4723
f 4709 4234 4217
f 4709 4724 4234
f 4235 4234 4724
f 4235 4724 4725
f 4713 4221 4238
f 4713 4238 4727
f 4239 4727 4238
f 4239 4728 4727
f 4727 4714 4713
f 4727 4728 4714
f 4729 4223 4715
f 4729 4241 4223
f 4242 4241 4729
f 4242 4729 4730
f 4731 4243 4242
f 4731 4242 4730
f 4246 4245 4732
f 4246 4732 4733
f 4722 4232 4251
f 4722 4251 4736
f 4251 4250 4735
f 4251 4735 4736
f 4738 4235 4725
f 4738 4252 4235
f 4739 4253 4252
f 4739 4252 4738
f 4738 4725 4726
f 4738 4726 4739
f 4741 4728 4239
f 4741 4239 4256
f 4740 4727 4728
f 4740 4728 4741
f 4257 4741 4256
f 4257 4742 4741
f 4743 4730 4729
f 4743 4744 4730
f 4731 4259 4243
f 4731 4745 4259
f 4744 4731 4730
f 4744 4745 4731
f 4746 4260 4259
f 4746 4259 4745
f 4732 4245 4261
f 4732 4261 4747
f 4733 4262 4246
f 4733 4748 4262
f 4262 4747 4261
f 4262 4748 4747
f 4747 4733 4732
f 4747 4748 4733
f 4748 4733 4734
f 4748 4734 4749
f 4264 4263 4750
f 4264 4750 4751
f 4735 4250 4265
f 4735 4265 4752
f 4266 4752 4265
f 4266 4753 4752
f 4753 4735 4752
f 4753 4736 4735
f 4754 4736 4753
f 4754 4737 4736
f 4739 4267 4253
f 4739 4755 4267
f 4270 4269 4757
f 4270 4757 4758
f 4742 4257 4271
f 4742 4271 4759
f 4271 4270 4758
f 4271 4758 4759
f 4746 4274 4260
f 4746 4761 4274
f 4761 4273 4274
f 4761 4760 4273
f 4760 4746 4745
f 4760 4761 4746
f 4276 4275 4762
f 4276 4762 4763
f 4750 4263 4277
f 4750 4277 4764
f 4751 4278 4264
f 4751 4765 4278
f 4278 4764 4277
f 4278 4765 4764
f 4764 4751 4750
f 4764 4765 4751
f 4768 4753 4266
f 4768 4266 4280
f 4768 4280 4279
f 4768 4279 4767
f 4769 4267 4755
f 4769 4282 4267
f 4283 4282 4769
f 4283 4769 4770
f 4769 4755 4756
f 4769 4756 4770
f 4757 4269 4284
f 4757 4284 4771
f 4771 4284 4283
f 4771 4283 4770
f 4285 4771 4284
f 4285 4772 4771
f 4772 4757 4771
f 4772 4758 4757
f 4773 4758 4772
f 4773 4759 4758
f 4760 4287 4273
f 4760 4774 4287
f 4762 4275 4288
f 4762 4288 4775
f 4763 4289 4276
f 4763 4776 4289
f 4289 4775 4288
f 4289 4776 4775
f 4775 4763 4762
f 4775 4776 4763
f 4291 4290 4777
f 4291 4777 4778
f 4780 4767 4279
f 4780 4279 4292
f 4779 4766 4767
f 4779 4767 4780
f 4781 4292 4293
f 4781 4780 4292
f 4294 4781 4293
f 4294 4782 4781
f 4771 4295 4284
f 4771 4783 4295
f 4784 4772 4285
f 4784 4285 4296
f 4296 4295 4783
f 4296 4783 4784
f 4784 4773 4772
f 4784 4785 4773
f 4786 4287 4774
f 4786 4298 4287
f 4299 4298 4786
f 4299 4786 4787
f 4777 4290 4301
f 4777 4301 4789
f 4788 4776 4777
f 4788 4777 4789
f 4790 4291 4778
f 4790 4302 4291
f 4303 4302 4790
f 4303 4790 4791
f 4792 4791 4779
f 4792 4779 4780
f 4793 4792 4780
f 4793 4780 4781
f 4794 4782 4294
f 4794 4294 4306
f 4306 4305 4793
f 4306 4793 4794
f 4794 4793 4781
f 4794 4781 4782
f 4795 4299 4787
f 4795 4309 4299
f 4311 4310 4796
f 4311 4796 4797
f 4312 4311 4797
f 4312 4797 4798
f 4789 4301 4313
f 4789 4313 4799
f 4799 4313 4312
f 4799 4312 4798
f 4800 4303 4791
f 4800 4315 4303
f 4800 4791 4792
f 4800 4792 4801
f 4802 4793 4305
f 4802 4305 4317
f 4802 4317 4316
f 4802 4316 4801
f 4802 4801 4792
f 4802 4792 4793
f 4795 4319 4309
f 4795 4803 4319
f 4796 4310 4320
f 4796 4320 4804
f 4320 4319 4803
f 4320 4803 4804
f 4805 4796 4804
f 4805 4797 4796
f 4806 4797 4805
f 4806 4798 4797
f 4807 4315 4800
f 4807 4323 4315
f 4801 4316 4324
f 4801 4324 4808
f 4808 4324 4323
f 4808 4323 4807
f 4808 4807 4800
f 4808 4800 4801
f 4810 4804 4809
f 4810 4805 4804
f 4337 4811 4336
f 4337 4812 4811
f 4811 4341 4336
f 4811 4814 4341
f 4341 4813 4340
f 4341 4814 4813
f 4812 4337 4342
f 4812 4342 4815
f 4814 4811 4812
f 4814 4812 4815
f 4816 4342 4343
f 4816 4815 4342
f 4813 4348 4340
f 4813 4817 4348
f 4349 4348 4817
f 4349 4817 4818
f 4818 4817 4813
f 4818 4813 4814
f 4816 4343 4350
f 4816 4350 4820
f 4819 4815 4816
f 4819 4816 4820
f 4823 4354 4355
f 4823 4822 4354
f 4824 4349 4818
f 4824 4356 4349
f 4356 4823 4355
f 4356 4824 4823
f 4825 4824 4818
f 4825 4818 4819
f 4826 4820 4350
f 4826 4350 4357
f 4825 4819 4820
f 4825 4820 4826
f 4826 4821 4820
f 4826 4827 4821
f 4822 4361 4354
f 4822 4828 4361
f 4828 4822 4823
f 4828 4823 4829
f 4830 4829 4823
f 4830 4823 4824
f 4831 4830 4824
f 4831 4824 4825
f 4832 4826 4357
f 4832 4357 4362
f 4363 4832 4362
f 4363 4833 4832
f 4832 4827 4826
f 4832 4833 4827
f 4834 4363 4364
f 4834 4833 4363
f 4835 4361 4828
f 4835 4365 4361
f 4366 4365 4835
f 4366 4835 4836
f 4835 4828 4829
f 4835 4829 4836
f 4837 4830 4831
f 4837 4831 4838
f 4834 4364 4368
f 4834 4368 4840
f 4840 4368 4367
f 4840 4367 4839
f 4842 4366 4836
f 4842 4370 4366
f 4842 4369 4370
f 4842 4841 4369
f 4843 4371 4370
f 4843 4370 4842
f 4839 4367 4372
f 4839 4372 4844
f 4845 4839 4844
f 4845 4840 4839
f 4848 4369 4841
f 4848 4376 4369
f 4842 4370 4377
f 4842 4377 4849
f 4849 4377 4376
f 4849 4376 4848
f 4843 4378 4371
f 4843 4850 4378
f 4850 4377 4378
f 4850 4849 4377
f 4849 4843 4842
f 4849 4850 4843
f 4380 4379 4851
f 4380 4851 4852
f 4853 4844 4372
f 4853 4372 4381
f 4854 4847 4846
f 4854 4855 4847
f 4857 4383 4384
f 4857 4856 4383
f 4858 4384 4385
f 4858 4857 4384
f 4859 4377 4849
f 4859 4386 4377
f 4387 4386 4859
f 4387 4859 4860
f 4859 4849 4850
f 4859 4850 4860
f 4851 4379 4388
f 4851 4388 4861
f 4388 4387 4860
f 4388 4860 4861
f 4852 4389 4380
f 4852 4862 4389
f 4862 4851 4861
f 4862 4852 4851
f 4863 4853 4381
f 4863 4381 4390
f 4863 4390 4389
f 4863 4389 4862
f 4866 4383 4856
f 4866 4394 4383
f 4867 4866 4856
f 4867 4856 4857
f 4858 4385 4395
f 4858 4395 4868
f 4867 4857 4858
f 4867 4858 4868
f 4869 4865 4864
f 4869 4870 4865
f 4400 4871 4399
f 4400 4872 4871
f 4866 4401 4394
f 4866 4873 4401
f 4401 4872 4400
f 4401 4873 4872
f 4874 4873 4866
f 4874 4866 4867
f 4868 4395 4402
f 4868 4402 4875
f 4874 4867 4868
f 4874 4868 4875
f 4876 4402 4403
f 4876 4875 4402
f 4871 4408 4399
f 4871 4879 4408
f 4409 4408 4879
f 4409 4879 4880
f 4880 4879 4871
f 4880 4871 4872
f 4876 4403 4410
f 4876 4410 4882
f 4881 4875 4876
f 4881 4876 4882
f 4883 4410 4411
f 4883 4882 4410
f 4885 4412 4413
f 4885 4884 4412
f 4416 4886 4415
f 4416 4887 4886
f 4417 4887 4416
f 4417 4888 4887
f 4888 4877 4887
f 4888 4878 4877
f 4891 4409 4880
f 4891 4420 4409
f 4883 4411 4422
f 4883 4422 4895
f 4895 4894 4882
f 4895 4882 4883
f 4884 4423 4412
f 4884 4896 4423
f 4896 4422 4423
f 4896 4895 4422
f 4885 4413 4424
f 4885 4424 4897
f 4897 4424 4423
f 4897 4423 4896
f 4897 4896 4884
f 4897 4884 4885
f 4886 4426 4415
f 4886 4898 4426
f 4899 4427 4426
f 4899 4426 4898
f 4900 4888 4417
f 4900 4417 4428
f 4429 4900 4428
f 4429 4901 4900
f 4902 4889 4901
f 4902 4890 4889
f 4433 4904 4432
f 4433 4905 4904
f 4434 4905 4433
f 4434 4906 4905
f 4907 4420 4891
f 4907 4435 4420
f 4907 4434 4435
f 4907 4906 4434
f 4907 4891 4892
f 4907 4892 4908
f 4911 4910 4893
f 4911 4893 4894
f 4913 4896 4423
f 4913 4423 4437
f 4899 4439 4427
f 4899 4915 4439
f 4916 4901 4429
f 4916 4429 4441
f 4916 4902 4901
f 4916 4917 4902
f 4917 4903 4902
f 4917 4918 4903
f 4904 4444 4432
f 4904 4919 4444
f 4445 4444 4919
f 4445 4919 4920
f 4920 4919 4904
f 4920 4904 4905
f 4921 4906 4907
f 4921 4907 4922
f 4922 4907 4908
f 4922 4908 4923
f 4923 4908 4909
f 4923 4909 4924
f 4925 4447 4446
f 4925 4446 4924
f 4927 4913 4437
f 4927 4437 4448
f 4927 4926 4912
f 4927 4912 4913
f 4930 4439 4915
f 4930 4450 4439
f 4930 4449 4450
f 4930 4929 4449
f 4930 4914 4929
f 4930 4915 4914
f 4932 4916 4441
f 4932 4441 4452
f 4453 4932 4452
f 4453 4933 4932
f 4933 4916 4932
f 4933 4917 4916
f 4920 4456 4445
f 4920 4936 4456
f 4935 4920 4919
f 4935 4936 4920
f 4938 4924 4446
f 4938 4446 4457
f 4925 4458 4447
f 4925 4939 4458
f 4938 4925 4924
f 4938 4939 4925
f 4927 4448 4459
f 4927 4459 4941
f 4940 4926 4927
f 4940 4927 4941
f 4944 4460 4461
f 4944 4943 4460
f 4462 4944 4461
f 4462 4945 4944
f 4947 4449 4929
f 4947 4464 4449
f 4947 4463 4464
f 4947 4946 4463
f 4947 4928 4946
f 4947 4929 4928
f 4949 4466 4465
f 4949 4465 4948
f 4948 4930 4931
f 4948 4931 4949
f 4933 4453 4468
f 4933 4468 4950
f 4950 4934 4933
f 4950 4951 4934
f 4953 4456 4936
f 4953 4470 4456
f 4471 4470 4953
f 4471 4953 4954
f 4953 4936 4937
f 4953 4937 4954
f 4955 4938 4457
f 4955 4457 4473
f 4956 4458 4939
f 4956 4474 4458
f 4474 4955 4473
f 4474 4956 4955
f 4956 4938 4955
f 4956 4939 4938
f 4957 4941 4459
f 4957 4459 4476
f 4477 4957 4476
f 4477 4958 4957
f 4943 4478 4460
f 4943 4959 4478
f 4478 4958 4477
f 4478 4959 4958
f 4959 4942 4958
f 4959 4943 4942
f 4959 4943 4944
f 4959 4944 4960
f 4945 4462 4480
f 4945 4480 4961
f 4961 4480 4479
f 4961 4479 4960
f 4961 4960 4944
f 4961 4944 4945
f 4962 4463 4946
f 4962 4481 4463
f 4963 4948 4465
f 4963 4465 4482
f 4964 4466 4949
f 4964 4483 4466
f 4964 4482 4483
f 4964 4963 4482
f 4964 4948 4963
f 4964 4949 4948
f 4950 4468 4485
f 4950 4485 4966
f 4485 4484 4965
f 4485 4965 4966
f 4966 4951 4950
f 4966 4967 4951
f 4967 4952 4951
f 4967 4968 4952
f 4969 4486 4487
f 4969 4968 4486
f 4970 4471 4954
f 4970 4488 4471
f 4970 4487 4488
f 4970 4969 4487
f 4970 4953 4969
f 4970 4954 4953
f 4974 4492 4491
f 4974 4491 4973
f 4960 4479 4494
f 4960 4494 4976
f 4975 4959 4960
f 4975 4960 4976
f 4962 4495 4481
f 4962 4978 4495
f 4979 4496 4495
f 4979 4495 4978
f 4965 4484 4498
f 4965 4498 4980
f 4981 4498 4499
f 4981 4980 4498
f 4983 4486 4968
f 4983 4501 4486
f 4982 4968 4967
f 4982 4983 4968
f 4984 4502 4501
f 4984 4501 4983
f 4985 4503 4502
f 4985 4502 4984
f 4504 4503 4985
f 4504 4985 4986
f 4987 4986 4971
f 4987 4971 4972
f 4973 4491 4505
f 4973 4505 4988
f 4974 4506 4492
f 4974 4989 4506
f 4506 4988 4505
f 4506 4989 4988
f 4988 4974 4973
f 4988 4989 4974
f 4976 4494 4508
f 4976 4508 4993
f 4995 4977 4994
f 4995 4978 4977
f 4979 4509 4496
f 4979 4996 4509
f 4995 4979 4978
f 4995 4996 4979
f 4997 4510 4509
f 4997 4509 4996
f 4998 4981 4499
f 4998 4499 4511
f 4998 4982 4981
f 4998 4999 4982
f 4999 4983 4982
f 4999 5000 4983
f 5001 4983 5000
f 5001 4984 4983
f 5002 4984 5001
f 5002 4985 4984
f 5003 4504 4986
f 5003 4513 4504
f 5003 4985 5002
f 5003 4986 4985
f 5005 5004 4990
f 5005 4990 4991
f 5005 4991 4992
f 5005 4992 5006
f 5007 4515 4514
f 5007 4514 5006
f 4993 4508 4516
f 4993 4516 5008
f 4516 4515 5007
f 4516 5007 5008
f 4997 4517 4510
f 4997 5009 4517
f 5010 4518 4517
f 5010 4517 5009
f 4998 4511 4520
f 4998 4520 5012
f 4521 5012 4520
f 4521 5013 5012
f 5013 4998 5012
f 5013 4999 4998
f 5014 4999 5013
f 5014 5000 4999
f 5003 4523 4513
f 5003 5016 4523
f 4525 4524 5017
f 4525 5017 5018
f 5020 5006 4514
f 5020 4514 4526
f 5021 4518 5010
f 5021 4529 4518
f 5022 4530 4529
f 5022 4529 5021
f 5021 5010 5011
f 5021 5011 5022
f 4531 4530 5022
f 4531 5022 5023
f 5023 5022 5011
f 5023 5011 5012
f 5024 5013 4521
f 5024 4521 4532
f 4532 4531 5023
f 4532 5023 5024
f 5024 5023 5012
f 5024 5012 5013
f 5016 4534 4523
f 5016 5026 4534
f 5025 5016 5015
f 5025 5026 5016
f 5028 5017 4524
f 5028 4524 4536
f 5029 4525 5018
f 5029 4537 4525
f 4538 4537 5029
f 4538 5029 5030
f 5031 5020 4526
f 5031 4526 4539
f 5031 4539 4538
f 5031 4538 5030
f 5031 5030 5019
f 5031 5019 5020
f 5032 4534 5026
f 5032 4542 4534
f 4543 4542 5032
f 4543 5032 5033
f 5032 5026 5027
f 5032 5027 5033
f 5034 5028 4536
f 5034 4536 4546
f 5033 4552 4543
f 5033 5035 4552
f 5034 4546 4555
f 5034 4555 5037
f 5037 4555 4554
f 5037 4554 5036
f 5035 4559 4552
f 5035 5038 4559
f 5039 4560 4559
f 5039 4559 5038
f 5036 4554 4561
f 5036 4561 5040
f 4561 4560 5039
f 4561 5039 5040
f 4577 5041 4576
f 4577 5042 5041
f 5043 4577 4578
f 5043 5042 4577
f 5041 4581 4576
f 5041 5044 4581
f 5045 5044 5041
f 5045 5041 5042
f 5043 4578 4582
f 5043 4582 5046
f 5044 4587 4581
f 5044 5048 4587
f 4587 5047 4586
f 4587 5048 5047
f 5049 5048 5044
f 5049 5044 5045
f 5050 5046 4582
f 5050 4582 4588
f 5049 5045 5046
f 5049 5046 5050
f 5051 4588 4589
f 5051 5050 4588
f 5047 4593 4586
f 5047 5053 4593
f 4593 5052 4592
f 4593 5053 5052
f 5054 5053 5047
f 5054 5047 5048
f 5055 5054 5048
f 5055 5048 5049
f 5056 5051 4589
f 5056 4589 4594
f 5052 4597 4592
f 5052 5059 4597
f 4598 4597 5059
f 4598 5059 5060
f 5059 5052 5053
f 5059 5053 5060
f 5061 5060 5053
f 5061 5053 5054
f 5062 5061 5054
f 5062 5054 5055
f 5056 4594 4599
f 5056 4599 5063
f 5064 4599 4600
f 5064 5063 4599
f 5065 5058 5057
f 5065 5066 5058
f 5060 4602 4598
f 5060 5068 4602
f 5064 4600 4605
f 5064 4605 5072
f 5072 4605 4604
f 5072 4604 5071
f 5068 4607 4602
f 5068 5074 4607
f 5074 5067 5073
f 5074 5068 5067
f 5075 4608 4607
f 5075 4607 5074
f 5076 5075 5069
f 5076 5069 5070
f 5071 4604 4609
f 5071 4609 5077
f 5078 5071 5077
f 5078 5072 5071
f 5082 4611 4612
f 5082 5081 4611
f 5084 5073 5083
f 5084 5074 5073
f 5085 4608 5075
f 5085 4613 4608
f 5085 5074 5084
f 5085 5075 5074
f 5087 5077 4609
f 5087 4609 4616
f 4616 4615 5086
f 4616 5086 5087
f 5088 5080 5079
f 5088 5089 5080
f 5090 4611 5081
f 5090 4618 4611
f 5082 4612 4619
f 5082 4619 5091
f 5091 5090 5081
f 5091 5081 5082
f 5092 4613 5085
f 5092 4622 4613
f 4623 4622 5092
f 4623 5092 5093
f 5086 4615 4624
f 5086 4624 5094
f 4624 4623 5093
f 4624 5093 5094
f 5095 5086 5094
f 5095 5087 5086
f 5090 4630 4618
f 5090 5097 4630
f 4630 5096 4629
f 4630 5097 5096
f 5098 5091 4619
f 5098 4619 4631
f 5098 5097 5090
f 5098 5090 5091
f 4637 5099 4636
f 4637 5100 5099
f 5096 4638 4629
f 5096 5101 4638
f 4638 5100 4637
f 4638 5101 5100
f 5102 5101 5096
f 5102 5096 5097
f 5098 4631 4639
f 5098 4639 5103
f 5102 5097 5098
f 5102 5098 5103
f 5105 4640 4641
f 5105 5104 4640
f 4646 5106 4645
f 4646 5107 5106
f 5108 4636 5099
f 5108 4647 4636
f 4648 4647 5108
f 4648 5108 5109
f 5108 5099 5100
f 5108 5100 5109
f 5112 5103 4639
f 5112 4639 4650
f 5104 4651 4640
f 5104 5113 4651
f 4651 5112 4650
f 4651 5113 5112
f 5112 5104 5103
f 5112 5113 5104
f 5105 4641 4652
f 5105 4652 5114
f 5113 5104 5105
f 5113 5105 5114
f 5115 4652 4653
f 5115 5114 4652
f 5117 4654 4655
f 5117 5116 4654
f 5106 4657 4645
f 5106 5119 4657
f 5119 4656 4657
f 5119 5118 4656
f 5120 5107 4646
f 5120 4646 4658
f 5124 4659 4660
f 5124 5123 4659
f 5125 4648 5109
f 5125 4661 4648
f 5125 4660 4661
f 5125 5124 4660
f 4662 4661 5125
f 4662 5125 5126
f 5126 5125 5109
f 5126 5109 5110
f 5126 5110 5111
f 5126 5111 5127
f 5130 5129 5113
f 5130 5113 5114
f 5115 4653 4663
f 5115 4663 5131
f 5132 4654 5116
f 5132 4664 4654
f 5117 4655 4665
f 5117 4665 5133
f 4665 4664 5132
f 4665 5132 5133
f 5132 5116 5117
f 5132 5117 5133
f 5118 4666 4656
f 5118 5134 4666
f 5135 4667 4666
f 5135 4666 5134
f 5134 5118 5119
f 5134 5119 5135
f 5120 4658 4668
f 5120 4668 5136
f 4669 5136 4668
f 4669 5137 5136
f 5138 5121 5137
f 5138 5122 5121
f 5123 4672 4659
f 5123 5141 4672
f 5142 5141 5123
f 5142 5123 5124
f 5125 4661 4673
f 5125 4673 5143
f 5143 5142 5124
f 5143 5124 5125
f 5126 4674 4662
f 5126 5144 4674
f 4674 5143 4673
f 4674 5144 5143
f 5146 5145 5127
f 5146 5127 5128
f 5147 5146 5128
f 5147 5128 5129
f 5149 5131 4663
f 5149 4663 4675
f 5150 4675 4676
f 5150 5149 4675
f 5151 4667 5135
f 5151 4677 4667
f 4678 4677 5151
f 4678 5151 5152
f 5151 5135 5136
f 5151 5136 5152
f 5153 5137 4669
f 5153 4669 4679
f 5153 5138 5137
f 5153 5154 5138
f 5155 5140 5139
f 5155 5156 5140
f 5141 4682 4672
f 5141 5157 4682
f 5158 5143 5144
f 5158 5144 5159
f 5159 5144 5145
f 5159 5145 5160
f 5161 4684 4683
f 5161 4683 5160
f 4685 4684 5161
f 4685 5161 5162
f 5164 5163 5148
f 5164 5148 5149
f 5165 5150 4676
f 5165 4676 4687
f 5165 4687 4686
f 5165 4686 5164
f 5165 5164 5149
f 5165 5149 5150
f 4689 5166 4688
f 4689 5167 5166
f 4692 5169 4691
f 4692 5170 5169
f 5171 4678 5152
f 5171 4693 4678
f 5153 4679 4694
f 5153 4694 5172
f 4695 5172 4694
f 4695 5173 5172
f 5172 5154 5153
f 5172 5173 5154
f 5175 4682 5157
f 5175 4698 4682
f 4699 4698 5175
f 4699 5175 5176
f 5178 5160 4683
f 5178 4683 4701
f 5178 4701 4700
f 5178 4700 5177
f 5179 4701 4702
f 5179 5178 4701
f 5178 5161 5160
f 5178 5179 5161
f 5162 4703 4685
f 5162 5180 4703
f 4703 5179 4702
f 4703 5180 5179
f 5179 5162 5161
f 5179 5180 5162
f 5181 5164 4686
f 5181 4686 4704
f 5166 4707 4688
f 5166 5184 4707
f 5184 4706 4707
f 5184 5183 4706
f 5185 5167 4689
f 5185 4689 4708
f 5185 5184 5166
f 5185 5166 5167
f 5169 4710 4691
f 5169 5187 4710
f 5187 4709 4710
f 5187 5186 4709
f 5187 5168 5186
f 5187 5169 5168
f 5188 5170 4692
f 5188 4692 4711
f 5189 4693 5171
f 5189 4712 4693
f 5189 4711 4712
f 5189 5188 4711
f 5189 5170 5188
f 5189 5171 5170
f 5191 5173 4695
f 5191 4695 4714
f 5190 5172 5173
f 5190 5173 5191
f 5191 5174 5173
f 5191 5192 5174
f 5176 4716 4699
f 5176 5195 4716
f 5195 4715 4716
f 5195 5194 4715
f 5195 5175 5194
f 5195 5176 5175
f 5177 4700 4717
f 5177 4717 5196
f 5178 4718 4701
f 5178 5197 4718
f 4718 5196 4717
f 4718 5197 5196
f 5197 5177 5196
f 5197 5178 5177
f 5181 4704 4719
f 5181 4719 5198
f 5199 4719 4720
f 5199 5198 4719
f 5183 4721 4706
f 5183 5200 4721
f 4721 5199 4720
f 4721 5200 5199
f 5200 5182 5199
f 5200 5183 5182
f 5201 5200 5183
f 5201 5183 5184
f 5202 5185 4708
f 5202 4708 4723
f 5202 4723 4722
f 5202 4722 5201
f 5202 5201 5184
f 5202 5184 5185
f 5186 4724 4709
f 5186 5203 4724
f 5204 4725 4724
f 5204 4724 5203
f 5203 5186 5187
f 5203 5187 5204
f 5205 4726 4725
f 5205 4725 5204
f 5207 5191 4714
f 5207 4714 4728
f 4728 4727 5206
f 4728 5206 5207
f 5208 5191 5207
f 5208 5192 5191
f 5208 5193 5192
f 5208 5209 5193
f 5210 4715 5194
f 5210 4729 4715
f 5210 5193 5209
f 5210 5194 5193
f 5213 4734 4733
f 5213 4733 5212
f 5217 5201 4722
f 5217 4722 4736
f 5216 5200 5201
f 5216 5201 5217
f 4737 5217 4736
f 4737 5218 5217
f 5220 5203 5219
f 5220 5204 5203
f 5221 4726 5205
f 5221 4739 4726
f 5220 5205 5204
f 5220 5221 5205
f 5206 4727 4740
f 5206 4740 5222
f 5223 4740 4741
f 5223 5222 4740
f 5223 5206 5222
f 5223 5207 5206
f 5224 4741 4742
f 5224 5223 4741
f 5210 4743 4729
f 5210 5226 4743
f 5225 5210 5209
f 5225 5226 5210
f 5227 4744 4743
f 5227 4743 5226
f 5228 4745 4744
f 5228 4744 5227
f 5230 5212 4733
f 5230 4733 4748
f 5229 5211 5212
f 5229 5212 5230
f 5213 4749 4734
f 5213 5231 4749
f 4749 5230 4748
f 4749 5231 5230
f 5230 5213 5212
f 5230 5231 5213
f 5234 5233 5214
f 5234 5214 5215
f 5235 5234 5215
f 5235 5215 5216
f 5218 4737 4754
f 5218 4754 5237
f 4754 4753 5236
f 4754 5236 5237
f 5236 5217 5218
f 5236 5218 5237
f 5239 5219 5238
f 5239 5220 5219
f 5240 4739 5221
f 5240 4755 4739
f 5239 5221 5220
f 5239 5240 5221
f 4756 4755 5240
f 4756 5240 5241
f 5242 5224 4742
f 5242 4742 4759
f 5243 5224 5242
f 5243 5225 5224
f 5244 5225 5243
f 5244 5226 5225
f 5244 5227 5226
f 5244 5245 5227
f 5228 4760 4745
f 5228 5246 4760
f 5245 5228 5227
f 5245 5246 5228
f 5249 5231 5232
f 5249 5232 5250
f 5251 5250 5232
f 5251 5232 5233
f 5253 4767 4766
f 5253 4766 5252
f 5252 5234 5235
f 5252 5235 5253
f 5254 5236 4753
f 5254 4753 4768
f 5254 4768 4767
f 5254 4767 5253
f 5255 4756 5241
f 5255 4770 4756
f 5256 4771 4770
f 5256 4770 5255
f 5242 4759 4773
f 5242 4773 5258
f 5259 5242 5258
f 5259 5243 5242
f 5260 4760 5246
f 5260 4774 4760
f 5261 5247 5248
f 5261 5248 5262
f 4777 4776 5263
f 4777 5263 5264
f 4778 4777 5264
f 4778 5264 5265
f 5266 5252 4766
f 5266 4766 4779
f 5256 4783 4771
f 5256 5267 4783
f 4784 4783 5267
f 4784 5267 5268
f 5267 5256 5257
f 5267 5257 5268
f 5269 5258 4773
f 5269 4773 4785
f 4785 4784 5268
f 4785 5268 5269
f 5269 5268 5257
f 5269 5257 5258
f 5260 4786 4774
f 5260 5270 4786
f 4787 4786 5270
f 4787 5270 5271
f 5263 4776 4788
f 5263 4788 5273
f 5274 4788 4789
f 5274 5273 4788
f 5275 4778 5265
f 5275 4790 4778
f 5276 5266 4779
f 5276 4779 4791
f 5276 4791 4790
f 5276 4790 5275
f 5276 5275 5265
f 5276 5265 5266
f 5271 4795 4787
f 5271 5277 4795
f 5277 5271 5272
f 5277 5272 5278
f 5274 4789 4799
f 5274 4799 5280
f 4799 4798 5279
f 4799 5279 5280
f 5279 5273 5274
f 5279 5274 5280
f 5281 4795 5277
f 5281 4803 4795
f 4804 4803 5281
f 4804 5281 5282
f 5279 4798 4806
f 5279 4806 5284
f 4806 4805 5283
f 4806 5283 5284
f 5285 5279 5284
f 5285 5280 5279
f 5282 4809 4804
f 5282 5286 4809
f 5283 4805 4810
f 5283 4810 5287
f 4810 4809 5286
f 4810 5286 5287
f 5287 5286 5282
f 5287 5282 5283
f 4815 5288 4814
f 4815 5289 5288
f 5290 4814 5288
f 5290 4818 4814
f 5289 4815 4819
f 5289 4819 5291
f 4819 4818 5290
f 4819 5290 5291
f 5290 5288 5289
f 5290 5289 5291
f 4821 5292 4820
f 4821 5293 5292
f 5292 4826 4820
f 5292 5295 4826
f 5295 4825 4826
f 5295 5294 4825
f 5296 5293 4821
f 5296 4821 4827
f 5296 5295 5292
f 5296 5292 5293
f 4830 5301 4829
f 4830 5302 5301
f 5294 4831 4825
f 5294 5303 4831
f 5296 4827 4833
f 5296 4833 5305
f 5304 5295 5296
f 5304 5296 5305
f 4834 5305 4833
f 4834 5306 5305
f 5308 5297 5307
f 5308 5298 5297
f 5309 5298 5308
f 5309 5299 5298
f 5310 5299 5309
f 5310 5300 5299
f 5301 4836 4829
f 5301 5311 4836
f 5302 4830 4837
f 5302 4837 5312
f 5312 5311 5301
f 5312 5301 5302
f 5303 4838 4831
f 5303 5313 4838
f 5313 4837 4838
f 5313 5312 4837
f 5313 5302 5312
f 5313 5303 5302
f 5314 5313 5303
f 5314 5303 5304
f 5314 5304 5305
f 5314 5305 5315
f 5306 4834 4840
f 5306 4840 5316
f 5315 5305 5306
f 5315 5306 5316
f 5318 5307 5317
f 5318 5308 5307
f 5319 5308 5318
f 5319 5309 5308
f 5311 4842 4836
f 5311 5321 4842
f 4842 5320 4841
f 4842 5321 5320
f 5322 5321 5311
f 5322 5311 5312
f 5316 4840 4845
f 5316 4845 5324
f 5324 4845 4844
f 5324 4844 5323
f 5324 5323 5315
f 5324 5315 5316
f 5326 5318 5317
f 5326 5327 5318
f 4847 5327 4846
f 4847 5328 5327
f 5327 5319 5318
f 5327 5328 5319
f 5330 4841 5320
f 5330 4848 4841
f 4849 4848 5330
f 4849 5330 5331
f 5331 5330 5320
f 5331 5320 5321
f 4850 4849 5331
f 4850 5331 5332
f 5323 4844 4853
f 5323 4853 5335
f 5336 5326 5325
f 5336 5337 5326
f 5327 4854 4846
f 5327 5338 4854
f 5337 5327 5326
f 5337 5338 5327
f 5328 4847 4855
f 5328 4855 5339
f 4855 4854 5338
f 4855 5338 5339
f 5339 5329 5328
f 5339 5340 5329
f 5341 4850 5332
f 5341 4860 4850
f 4861 4860 5341
f 4861 5341 5342
f 5341 5332 5333
f 5341 5333 5342
f 4862 4861 5342
f 4862 5342 5343
f 5342 5333 5334
f 5342 5334 5343
f 5335 4853 4863
f 5335 4863 5344
f 5344 4863 4862
f 5344 4862 5343
f 4865 5346 4864
f 4865 5347 5346
f 5348 5337 5347
f 5348 5338 5337
f 5349 5338 5348
f 5349 5339 5338
f 5346 4869 4864
f 5346 5351 4869
f 5350 5346 5345
f 5350 5351 5346
f 5352 5347 4865
f 5352 4865 4870
f 5352 4870 4869
f 5352 4869 5351
f 5353 5347 5352
f 5353 5348 5347
f 4873 5354 4872
f 4873 5355 5354
f 4874 5355 4873
f 4874 5356 5355
f 5357 4874 4875
f 5357 5356 4874
f 5360 5351 5359
f 5360 5352 5351
f 4878 5361 4877
f 4878 5362 5361
f 5363 4872 5354
f 5363 4880 4872
f 5357 4875 4881
f 5357 4881 5366
f 5366 5365 5356
f 5366 5356 5357
f 5367 4881 4882
f 5367 5366 4881
f 5369 5358 5368
f 5369 5359 5358
f 5369 5360 5359
f 5369 5370 5360
f 5361 4887 4877
f 5361 5371 4887
f 5371 4886 4887
f 5371 5370 4886
f 5362 4878 4888
f 5362 4888 5372
f 5371 5361 5362
f 5371 5362 5372
f 5374 4889 4890
f 5374 5373 4889
f 5376 4880 5363
f 5376 4891 4880
f 4892 4891 5376
f 4892 5376 5377
f 5376 5363 5364
f 5376 5364 5377
f 5378 5377 5364
f 5378 5364 5365
f 5367 4882 4894
f 5367 4894 5380
f 5380 4894 4893
f 5380 4893 5379
f 5379 5366 5367
f 5379 5367 5380
f 5381 4894 4895
f 5381 5380 4894
f 5382 4895 4896
f 5382 5381 4895
f 5383 5369 5368
f 5383 5384 5369
f 5385 4886 5370
f 5385 4898 4886
f 5384 5370 5369
f 5384 5385 5370
f 5386 4899 4898
f 5386 4898 5385
f 5387 5372 4888
f 5387 4888 4900
f 5388 4889 5373
f 5388 4901 4889
f 5388 4900 4901
f 5388 5387 4900
f 5387 5373 5372
f 5387 5388 5373
f 5389 5374 4890
f 5389 4890 4902
f 4903 5389 4902
f 4903 5390 5389
f 5389 5375 5374
f 5389 5390 5375
f 5392 4905 4906
f 5392 5391 4905
f 5393 4892 5377
f 5393 4908 4892
f 4909 4908 5393
f 4909 5393 5394
f 5393 5377 5378
f 5393 5378 5394
f 5395 5379 4893
f 5395 4893 4910
f 5394 5378 5379
f 5394 5379 5395
f 5380 4911 4894
f 5380 5396 4911
f 4911 5395 4910
f 4911 5396 5395
f 5396 5380 5381
f 5396 5381 5397
f 5382 4896 4913
f 5382 4913 5398
f 5398 4913 4912
f 5398 4912 5397
f 5398 5397 5381
f 5398 5381 5382
f 5386 4915 4899
f 5386 5401 4915
f 5401 4914 4915
f 5401 5400 4914
f 5400 5386 5385
f 5400 5401 5386
f 5404 5390 4903
f 5404 4903 4918
f 4918 4917 5403
f 4918 5403 5404
f 5391 4920 4905
f 5391 5406 4920
f 4920 5405 4919
f 4920 5406 5405
f 5392 4906 4921
f 5392 4921 5407
f 5406 5391 5392
f 5406 5392 5407
f 5408 4921 4922
f 5408 5407 4921
f 4923 5408 4922
f 4923 5409 5408
f 5410 4909 5394
f 5410 4924 4909
f 5410 4923 4924
f 5410 5409 4923
f 5410 5394 5395
f 5410 5395 5411
f 5412 5411 5395
f 5412 5395 5396
f 5413 5397 4912
f 5413 4912 4926
f 5412 5396 5397
f 5412 5397 5413
f 5415 4914 5400
f 5415 4929 4914
f 5415 4928 4929
f 5415 5414 4928
f 5415 5399 5414
f 5415 5400 5399
f 4931 4930 5416
f 4931 5416 5417
f 5416 5401 5402
f 5416 5402 5417
f 5418 5403 4917
f 5418 4917 4933
f 4934 5418 4933
f 4934 5419 5418
f 5418 5404 5403
f 5418 5419 5404
f 5405 4935 4919
f 5405 5420 4935
f 5421 4936 4935
f 5421 4935 5420
f 5421 5420 5405
f 5421 5405 5406
f 4937 4936 5421
f 4937 5421 5422
f 5421 5406 5407
f 5421 5407 5422
f 5423 5422 5407
f 5423 5407 5408
f 5424 5423 5408
f 5424 5408 5409
f 5425 5413 4926
f 5425 4926 4940
f 5426 4940 4941
f 5426 5425 4940
f 5428 4942 4943
f 5428 5427 4942
f 5429 4928 5414
f 5429 4946 4928
f 5431 5416 4930
f 5431 4930 4948
f 5431 5430 5415
f 5431 5415 5416
f 5432 4931 5417
f 5432 4949 4931
f 5432 4948 4949
f 5432 5431 4948
f 5433 5419 4934
f 5433 4934 4951
f 4952 5433 4951
f 4952 5434 5433
f 5433 5420 5419
f 5433 5434 5420
f 5435 5420 5434
f 5435 5421 5420
f 5436 4937 5422
f 5436 4954 4937
f 5436 4953 4954
f 5436 5435 4953
f 5426 4941 4957
f 5426 4957 5437
f 5438 4942 5427
f 5438 4958 4942
f 5438 4957 4958
f 5438 5437 4957
f 5428 4943 4959
f 5428 4959 5439
f 5441 4946 5429
f 5441 4962 4946
f 5442 5441 5429
f 5442 5429 5430
f 5445 4966 4965
f 5445 4965 5444
f 5446 4967 4966
f 5446 4966 5445
f 5447 5434 4952
f 5447 4952 4968
f 5448 4953 5435
f 5448 4969 4953
f 4969 5447 4968
f 4969 5448 5447
f 5449 5448 5435
f 5449 5435 5436
f 4972 4971 5450
f 4972 5450 5451
f 5439 4959 4975
f 5439 4975 5453
f 5454 4975 4976
f 5454 5453 4975
f 5453 5440 5439
f 5453 5454 5440
f 5456 4962 5441
f 5456 4978 4962
f 5456 4977 4978
f 5456 5455 4977
f 5458 5444 4965
f 5458 4965 4980
f 5457 5443 5444
f 5457 5444 5458
f 5459 4980 4981
f 5459 5458 4980
f 5460 4967 5446
f 5460 4982 4967
f 5460 4981 4982
f 5460 5459 4981
f 5460 5445 5459
f 5460 5446 5445
f 5461 5450 4971
f 5461 4971 4986
f 5451 4987 4972
f 5451 5462 4987
f 4987 5461 4986
f 4987 5462 5461
f 5461 5451 5450
f 5461 5462 5451
f 5462 5451 5452
f 5462 5452 5463
f 5466 4991 4990
f 5466 4990 5465
f 4992 4991 5466
f 4992 5466 5467
f 5469 5454 4976
f 5469 4976 4993
f 5469 5468 5453
f 5469 5453 5454
f 5470 4977 5455
f 5470 4994 4977
f 4995 4994 5470
f 4995 5470 5471
f 5472 4996 4995
f 5472 4995 5471
f 4997 4996 5472
f 4997 5472 5473
f 5001 5000 5474
f 5001 5474 5475
f 5476 5002 5001
f 5476 5001 5475
f 5477 5003 5002
f 5477 5002 5476
f 5465 4990 5004
f 5465 5004 5480
f 5480 5479 5464
f 5480 5464 5465
f 5481 5004 5005
f 5481 5480 5004
f 5482 4992 5467
f 5482 5006 4992
f 5482 5005 5006
f 5482 5481 5005
f 5483 5007 5006
f 5483 5006 5482
f 5483 5482 5467
f 5483 5467 5468
f 5484 5469 4993
f 5484 4993 5008
f 5484 5008 5007
f 5484 5007 5483
f 5483 5468 5469
f 5483 5469 5484
f 5485 5472 5471
f 5485 5486 5472
f 5487 4997 5473
f 5487 5009 4997
f 5488 5010 5009
f 5488 5009 5487
f 5011 5010 5488
f 5011 5488 5489
f 5490 5012 5011
f 5490 5011 5489
f 5013 5012 5490
f 5013 5490 5491
f 5474 5000 5014
f 5474 5014 5492
f 5014 5013 5491
f 5014 5491 5492
f 5493 5474 5492
f 5493 5475 5474
f 5493 5476 5475
f 5493 5494 5476
f 5477 5016 5003
f 5477 5495 5016
f 5495 5015 5016
f 5495 5494 5015
f 5494 5477 5476
f 5494 5495 5477
f 5497 5496 5478
f 5497 5478 5479
f 5498 5018 5017
f 5498 5017 5497
f 5497 5479 5480
f 5497 5480 5498
f 5498 5480 5481
f 5498 5481 5499
f 5500 5482 5006
f 5500 5006 5020
f 5500 5020 5019
f 5500 5019 5499
f 5500 5499 5481
f 5500 5481 5482
f 5504 5015 5494
f 5504 5025 5015
f 5505 5026 5025
f 5505 5025 5504
f 5504 5494 5495
f 5504 5495 5505
f 5506 5027 5026
f 5506 5026 5505
f 5508 5497 5017
f 5508 5017 5028
f 5508 5507 5496
f 5508 5496 5497
f 5509 5018 5498
f 5509 5029 5018
f 5510 5499 5019
f 5510 5019 5030
f 5510 5030 5029
f 5510 5029 5509
f 5509 5498 5499
f 5509 5499 5510
f 5512 5501 5511
f 5512 5502 5501
f 5512 5503 5502
f 5512 5513 5503
f 5506 5033 5027
f 5506 5515 5033
f 5514 5506 5505
f 5514 5515 5506
f 5508 5028 5034
f 5508 5034 5517
f 5517 5516 5507
f 5517 5507 5508
f 5515 5035 5033
f 5515 5518 5035
f 5521 5517 5034
f 5521 5034 5037
f 5521 5037 5036
f 5521 5036 5520
f 5521 5520 5516
f 5521 5516 5517
f 5522 5035 5518
f 5522 5038 5035
f 5039 5038 5522
f 5039 5522 5523
f 5522 5518 5519
f 5522 5519 5523
f 5524 5520 5036
f 5524 5036 5040
f 5524 5040 5039
f 5524 5039 5523
f 5043 5525 5042
f 5043 5526 5525
f 5525 5045 5042
f 5525 5527 5045
f 5528 5526 5043
f 5528 5043 5046
f 5528 5046 5045
f 5528 5045 5527
f 5527 5525 5526
f 5527 5526 5528
f 5050 5529 5049
f 5050 5530 5529
f 5051 5530 5050
f 5051 5531 5530
f 5529 5055 5049
f 5529 5532 5055
f 5533 5532 5529
f 5533 5529 5530
f 5531 5051 5056
f 5531 5056 5534
f 5533 5530 5531
f 5533 5531 5534
f 5058 5535 5057
f 5058 5536 5535
f 5061 5538 5060
f 5061 5539 5538
f 5532 5062 5055
f 5532 5540 5062
f 5062 5539 5061
f 5062 5540 5539
f 5540 5532 5533
f 5540 5533 5541
f 5534 5056 5063
f 5534 5063 5542
f 5541 5533 5534
f 5541 5534 5542
f 5064 5542 5063
f 5064 5543 5542
f 5535 5065 5057
f 5535 5545 5065
f 5536 5058 5066
f 5536 5066 5546
f 5546 5066 5065
f 5546 5065 5545
f 5547 5536 5546
f 5547 5537 5536
f 5538 5068 5060
f 5538 5549 5068
f 5068 5548 5067
f 5068 5549 5548
f 5550 5549 5538
f 5550 5538 5539
f 5551 5070 5069
f 5551 5069 5550
f 5552 5541 5542
f 5552 5542 5553
f 5543 5064 5072
f 5543 5072 5554
f 5556 5544 5555
f 5556 5545 5544
f 5557 5545 5556
f 5557 5546 5545
f 5548 5073 5067
f 5548 5558 5073
f 5559 5558 5548
f 5559 5548 5549
f 5560 5550 5069
f 5560 5069 5075
f 5560 5559 5549
f 5560 5549 5550
f 5551 5076 5070
f 5551 5561 5076
f 5076 5560 5075
f 5076 5561 5560
f 5560 5551 5550
f 5560 5561 5551
f 5562 5552 5553
f 5562 5553 5563
f 5564 5554 5072
f 5564 5072 5078
f 5564 5078 5077
f 5564 5077 5563
f 5564 5563 5553
f 5564 5553 5554
f 5566 5555 5565
f 5566 5556 5555
f 5080 5566 5079
f 5080 5567 5566
f 5566 5557 5556
f 5566 5567 5557
f 5558 5083 5073
f 5558 5569 5083
f 5084 5083 5569
f 5084 5569 5570
f 5570 5569 5558
f 5570 5558 5559
f 5085 5084 5570
f 5085 5570 5571
f 5574 5563 5077
f 5574 5077 5087
f 5566 5088 5079
f 5566 5576 5088
f 5575 5566 5565
f 5575 5576 5566
f 5577 5567 5080
f 5577 5080 5089
f 5089 5088 5576
f 5089 5576 5577
f 5577 5568 5567
f 5577 5578 5568
f 5579 5085 5571
f 5579 5092 5085
f 5093 5092 5579
f 5093 5579 5580
f 5579 5571 5572
f 5579 5572 5580
f 5094 5093 5580
f 5094 5580 5581
f 5580 5572 5573
f 5580 5573 5581
f 5574 5087 5095
f 5574 5095 5582
f 5095 5094 5581
f 5095 5581 5582
f 5589 5583 5588
f 5589 5584 5583
f 5590 5584 5589
f 5590 5585 5584
f 5101 5591 5100
f 5101 5592 5591
f 5102 5592 5101
f 5102 5593 5592
f 5592 5587 5586
f 5592 5593 5587
f 5594 5102 5103
f 5594 5593 5102
f 5595 5103 5104
f 5595 5594 5103
f 5599 5588 5598
f 5599 5589 5588
f 5601 5106 5107
f 5601 5600 5106
f 5604 5100 5591
f 5604 5109 5100
f 5110 5109 5604
f 5110 5604 5605
f 5111 5110 5605
f 5111 5605 5606
f 5606 5593 5594
f 5606 5594 5607
f 5595 5104 5113
f 5595 5113 5608
f 5608 5607 5594
f 5608 5594 5595
f 5115 5609 5114
f 5115 5610 5609
f 5611 5597 5596
f 5611 5612 5597
f 5613 5597 5612
f 5613 5598 5597
f 5614 5598 5613
f 5614 5599 5598
f 5600 5119 5106
f 5600 5615 5119
f 5601 5107 5120
f 5601 5120 5616
f 5615 5600 5601
f 5615 5601 5616
f 5122 5617 5121
f 5122 5618 5617
f 5618 5602 5617
f 5618 5603 5602
f 5621 5111 5606
f 5621 5127 5111
f 5127 5620 5126
f 5127 5621 5620
f 5622 5128 5127
f 5622 5127 5621
f 5608 5113 5129
f 5608 5129 5623
f 5623 5129 5128
f 5623 5128 5622
f 5622 5607 5608
f 5622 5608 5623
f 5609 5130 5114
f 5609 5624 5130
f 5130 5623 5129
f 5130 5624 5623
f 5610 5115 5131
f 5610 5131 5625
f 5625 5624 5609
f 5625 5609 5610
f 5626 5614 5613
f 5626 5627 5614
f 5628 5119 5615
f 5628 5135 5119
f 5629 5616 5120
f 5629 5120 5136
f 5629 5136 5135
f 5629 5135 5628
f 5630 5121 5617
f 5630 5137 5121
f 5630 5136 5137
f 5630 5629 5136
f 5630 5616 5629
f 5630 5617 5616
f 5631 5618 5122
f 5631 5122 5138
f 5631 5619 5618
f 5631 5632 5619
f 5633 5139 5140
f 5633 5632 5139
f 5142 5634 5141
f 5142 5635 5634
f 5636 5142 5143
f 5636 5635 5142
f 5620 5144 5126
f 5620 5637 5144
f 5638 5621 5127
f 5638 5127 5145
f 5145 5144 5637
f 5145 5637 5638
f 5638 5637 5620
f 5638 5620 5621
f 5639 5145 5146
f 5639 5638 5145
f 5623 5147 5129
f 5623 5640 5147
f 5147 5639 5146
f 5147 5640 5639
f 5640 5623 5624
f 5640 5624 5641
f 5642 5625 5131
f 5642 5131 5149
f 5642 5149 5148
f 5642 5148 5641
f 5642 5641 5624
f 5642 5624 5625
f 5644 5628 5627
f 5644 5645 5628
f 5629 5152 5136
f 5629 5646 5152
f 5645 5629 5628
f 5645 5646 5629
f 5631 5138 5154
f 5631 5154 5648
f 5649 5139 5632
f 5649 5155 5139
f 5648 5632 5631
f 5648 5649 5632
f 5633 5140 5156
f 5633 5156 5650
f 5156 5155 5649
f 5156 5649 5650
f 5634 5157 5141
f 5634 5651 5157
f 5652 5651 5634
f 5652 5634 5635
f 5636 5143 5158
f 5636 5158 5653
f 5652 5635 5636
f 5652 5636 5653
f 5654 5158 5159
f 5654 5653 5158
f 5638 5160 5145
f 5638 5655 5160
f 5655 5159 5160
f 5655 5654 5159
f 5656 5655 5638
f 5656 5638 5639
f 5657 5656 5639
f 5657 5639 5640
f 5641 5148 5163
f 5641 5163 5658
f 5657 5640 5641
f 5657 5641 5658
f 5659 5163 5164
f 5659 5658 5163
f 5661 5168 5169
f 5661 5660 5168
f 5661 5643 5660
f 5661 5644 5643
f 5170 5661 5169
f 5170 5662 5661
f 5662 5644 5661
f 5662 5645 5644
f 5646 5171 5152
f 5646 5663 5171
f 5171 5662 5170
f 5171 5663 5662
f 5663 5646 5647
f 5663 5647 5664
f 5665 5648 5154
f 5665 5154 5173
f 5665 5173 5172
f 5665 5172 5664
f 5174 5665 5173
f 5174 5666 5665
f 5666 5648 5665
f 5666 5649 5648
f 5666 5650 5649
f 5666 5667 5650
f 5651 5175 5157
f 5651 5668 5175
f 5669 5668 5651
f 5669 5651 5652
f 5670 5669 5652
f 5670 5652 5653
f 5670 5653 5654
f 5670 5654 5671
f 5672 5671 5654
f 5672 5654 5655
f 5659 5164 5181
f 5659 5181 5674
f 5673 5658 5659
f 5673 5659 5674
f 5676 5182 5183
f 5676 5675 5182
f 5677 5168 5660
f 5677 5186 5168
f 5678 5187 5186
f 5678 5186 5677
f 5678 5677 5660
f 5678 5660 5661
f 5680 5679 5662
f 5680 5662 5663
f 5681 5664 5172
f 5681 5172 5190
f 5682 5173 5665
f 5682 5191 5173
f 5682 5190 5191
f 5682 5681 5190
f 5681 5665 5664
f 5681 5682 5665
f 5683 5666 5174
f 5683 5174 5192
f 5193 5683 5192
f 5193 5684 5683
f 5685 5175 5668
f 5685 5194 5175
f 5685 5193 5194
f 5685 5684 5193
f 5684 5668 5667
f 5684 5685 5668
f 5686 5685 5668
f 5686 5668 5669
f 5687 5674 5181
f 5687 5181 5198
f 5688 5182 5675
f 5688 5199 5182
f 5688 5198 5199
f 5688 5687 5198
f 5687 5675 5674
f 5687 5688 5675
f 5676 5183 5200
f 5676 5200 5689
f 5692 5187 5678
f 5692 5204 5187
f 5692 5203 5204
f 5692 5691 5203
f 5692 5677 5691
f 5692 5678 5677
f 5208 5207 5695
f 5208 5695 5696
f 5697 5209 5208
f 5697 5208 5696
f 5699 5212 5211
f 5699 5211 5698
f 5701 5215 5214
f 5701 5214 5700
f 5689 5200 5216
f 5689 5216 5702
f 5216 5215 5701
f 5216 5701 5702
f 5703 5216 5217
f 5703 5702 5216
f 5703 5689 5702
f 5703 5690 5689
f 5691 5219 5203
f 5691 5705 5219
f 5708 5693 5694
f 5708 5694 5709
f 5695 5207 5223
f 5695 5223 5710
f 5224 5710 5223
f 5224 5711 5710
f 5710 5696 5695
f 5710 5711 5696
f 5712 5209 5697
f 5712 5225 5209
f 5712 5224 5225
f 5712 5711 5224
f 5711 5697 5696
f 5711 5712 5697
f 5698 5211 5229
f 5698 5229 5713
f 5714 5212 5699
f 5714 5230 5212
f 5714 5229 5230
f 5714 5713 5229
f 5713 5699 5698
f 5713 5714 5699
f 5232 5231 5715
f 5232 5715 5716
f 5717 5700 5214
f 5717 5214 5233
f 5233 5232 5716
f 5233 5716 5717
f 5718 5233 5234
f 5718 5717 5233
f 5718 5700 5717
f 5718 5701 5700
f 5719 5216 5702
f 5719 5235 5216
f 5719 5701 5718
f 5719 5702 5701
f 5720 5703 5217
f 5720 5217 5236
f 5720 5719 5702
f 5720 5702 5703
f 5705 5238 5219
f 5705 5722 5238
f 5721 5705 5704
f 5721 5722 5705
f 5723 5239 5238
f 5723 5238 5722
f 5724 5240 5239
f 5724 5239 5723
f 5723 5706 5707
f 5723 5707 5724
f 5725 5241 5240
f 5725 5240 5724
f 5729 5244 5243
f 5729 5243 5728
f 5245 5244 5729
f 5245 5729 5730
f 5731 5246 5245
f 5731 5245 5730
f 5248 5247 5732
f 5248 5732 5733
f 5715 5231 5249
f 5715 5249 5735
f 5736 5249 5250
f 5736 5735 5249
f 5717 5251 5233
f 5717 5737 5251
f 5251 5736 5250
f 5251 5737 5736
f 5738 5718 5234
f 5738 5234 5252
f 5738 5737 5717
f 5738 5717 5718
f 5739 5235 5719
f 5739 5253 5235
f 5720 5236 5254
f 5720 5254 5740
f 5254 5253 5739
f 5254 5739 5740
f 5739 5719 5720
f 5739 5720 5740
f 5725 5255 5241
f 5725 5742 5255
f 5741 5725 5724
f 5741 5742 5725
f 5743 5256 5255
f 5743 5255 5742
f 5257 5256 5743
f 5257 5743 5744
f 5745 5258 5257
f 5745 5257 5744
f 5745 5744 5726
f 5745 5726 5727
f 5728 5243 5259
f 5728 5259 5746
f 5259 5258 5745
f 5259 5745 5746
f 5746 5745 5727
f 5746 5727 5728
f 5746 5729 5728
f 5746 5747 5729
f 5748 5729 5747
f 5748 5730 5729
f 5731 5260 5246
f 5731 5749 5260
f 5732 5247 5261
f 5732 5261 5750
f 5751 5248 5733
f 5751 5262 5248
f 5262 5750 5261
f 5262 5751 5750
f 5751 5732 5750
f 5751 5733 5732
f 5752 5751 5733
f 5752 5733 5734
f 5752 5734 5735
f 5752 5735 5753
f 5754 5264 5263
f 5754 5263 5753
f 5754 5753 5735
f 5754 5735 5736
f 5265 5264 5754
f 5265 5754 5755
f 5755 5754 5736
f 5755 5736 5737
f 5756 5738 5252
f 5756 5252 5266
f 5756 5266 5265
f 5756 5265 5755
f 5756 5755 5737
f 5756 5737 5738
f 5758 5744 5757
f 5758 5745 5744
f 5749 5270 5260
f 5749 5759 5270
f 5760 5271 5270
f 5760 5270 5759
f 5272 5271 5760
f 5272 5760 5761
f 5762 5753 5263
f 5762 5263 5273
f 5763 5758 5757
f 5763 5764 5758
f 5765 5760 5759
f 5765 5766 5760
f 5761 5278 5272
f 5761 5767 5278
f 5278 5766 5277
f 5278 5767 5766
f 5766 5761 5760
f 5766 5767 5761
f 5769 5762 5273
f 5769 5273 5279
f 5770 5279 5280
f 5770 5769 5279
f 5771 5277 5766
f 5771 5281 5277
f 5282 5281 5771
f 5282 5771 5772
f 5771 5766 5767
f 5771 5767 5772
f 5283 5282 5772
f 5283 5772 5773
f 5774 5284 5283
f 5774 5283 5773
f 5774 5773 5768
f 5774 5768 5769
f 5770 5280 5285
f 5770 5285 5775
f 5285 5284 5774
f 5285 5774 5775
f 5774 5769 5770
f 5774 5770 5775
f 5779 5294 5295
f 5779 5778 5294
f 5298 5780 5297
f 5298 5781 5780
f 5299 5781 5298
f 5299 5782 5781
f 5782 5776 5781
f 5782 5777 5776
f 5300 5782 5299
f 5300 5783 5782
f 5778 5303 5294
f 5778 5785 5303
f 5303 5784 5302
f 5303 5785 5784
f 5779 5295 5304
f 5779 5304 5786
f 5786 5304 5303
f 5786 5303 5785
f 5786 5785 5778
f 5786 5778 5779
f 5780 5307 5297
f 5780 5788 5307
f 5789 5788 5780
f 5789 5780 5781
f 5783 5300 5310
f 5783 5310 5791
f 5310 5309 5790
f 5310 5790 5791
f 5784 5312 5302
f 5784 5792 5312
f 5785 5303 5313
f 5785 5313 5793
f 5793 5792 5784
f 5793 5784 5785
f 5314 5793 5313
f 5314 5794 5793
f 5795 5314 5315
f 5795 5794 5314
f 5797 5307 5788
f 5797 5317 5307
f 5797 5787 5796
f 5797 5788 5787
f 5790 5309 5319
f 5790 5319 5798
f 5799 5790 5798
f 5799 5791 5790
f 5792 5322 5312
f 5792 5801 5322
f 5322 5800 5321
f 5322 5801 5800
f 5802 5793 5794
f 5802 5794 5803
f 5795 5315 5323
f 5795 5323 5804
f 5803 5794 5795
f 5803 5795 5804
f 5806 5317 5797
f 5806 5326 5317
f 5806 5325 5326
f 5806 5805 5325
f 5806 5796 5805
f 5806 5797 5796
f 5807 5798 5319
f 5807 5319 5328
f 5329 5807 5328
f 5329 5808 5807
f 5807 5799 5798
f 5807 5808 5799
f 5800 5331 5321
f 5800 5809 5331
f 5332 5331 5809
f 5332 5809 5810
f 5333 5332 5810
f 5333 5810 5811
f 5334 5333 5811
f 5334 5811 5812
f 5812 5811 5802
f 5812 5802 5803
f 5804 5323 5335
f 5804 5335 5813
f 5813 5812 5803
f 5813 5803 5804
f 5814 5325 5805
f 5814 5336 5325
f 5815 5337 5336
f 5815 5336 5814
f 5817 5808 5329
f 5817 5329 5340
f 5340 5339 5816
f 5340 5816 5817
f 5819 5810 5818
f 5819 5811 5810
f 5820 5334 5812
f 5820 5343 5334
f 5821 5813 5335
f 5821 5335 5344
f 5344 5343 5820
f 5344 5820 5821
f 5820 5812 5813
f 5820 5813 5821
f 5823 5345 5346
f 5823 5822 5345
f 5815 5347 5337
f 5815 5824 5347
f 5347 5823 5346
f 5347 5824 5823
f 5823 5815 5814
f 5823 5824 5815
f 5816 5339 5349
f 5816 5349 5826
f 5826 5349 5348
f 5826 5348 5825
f 5830 5819 5818
f 5830 5831 5819
f 5822 5350 5345
f 5822 5834 5350
f 5835 5351 5350
f 5835 5350 5834
f 5825 5348 5353
f 5825 5353 5837
f 5353 5352 5836
f 5353 5836 5837
f 5836 5824 5825
f 5836 5825 5837
f 5838 5825 5837
f 5838 5826 5825
f 5355 5840 5354
f 5355 5841 5840
f 5841 5827 5840
f 5841 5828 5827
f 5842 5355 5356
f 5842 5841 5355
f 5841 5829 5828
f 5841 5842 5829
f 5843 5831 5830
f 5843 5844 5831
f 5845 5833 5832
f 5845 5846 5833
f 5835 5359 5351
f 5835 5848 5359
f 5848 5358 5359
f 5848 5847 5358
f 5847 5835 5834
f 5847 5848 5835
f 5836 5352 5360
f 5836 5360 5849
f 5849 5848 5835
f 5849 5835 5836
f 5850 5838 5837
f 5850 5851 5838
f 5855 5354 5840
f 5855 5363 5354
f 5855 5839 5854
f 5855 5840 5839
f 5364 5363 5855
f 5364 5855 5856
f 5857 5842 5356
f 5857 5356 5365
f 5857 5365 5364
f 5857 5364 5856
f 5856 5841 5842
f 5856 5842 5857
f 5858 5365 5366
f 5858 5857 5365
f 5860 5358 5847
f 5860 5368 5358
f 5860 5846 5859
f 5860 5847 5846
f 5861 5860 5847
f 5861 5847 5848
f 5862 5849 5360
f 5862 5360 5370
f 5371 5862 5370
f 5371 5863 5862
f 5372 5863 5371
f 5372 5864 5863
f 5373 5864 5372
f 5373 5865 5864
f 5374 5865 5373
f 5374 5866 5865
f 5375 5866 5374
f 5375 5867 5866
f 5868 5852 5867
f 5868 5853 5852
f 5870 5365 5857
f 5870 5378 5365
f 5871 5858 5366
f 5871 5366 5379
f 5871 5379 5378
f 5871 5378 5870
f 5870 5857 5858
f 5870 5858 5871
f 5873 5368 5860
f 5873 5383 5368
f 5872 5860 5859
f 5872 5873 5860
f 5874 5384 5383
f 5874 5383 5873
f 5875 5385 5384
f 5875 5384 5874
f 5877 5867 5375
f 5877 5375 5390
f 5876 5866 5867
f 5876 5867 5877
f 5877 5868 5867
f 5877 5878 5868
f 5878 5869 5868
f 5878 5879 5869
f 5884 5385 5875
f 5884 5400 5385
f 5884 5399 5400
f 5884 5883 5399
f 5883 5875 5874
f 5883 5884 5875
f 5402 5401 5885
f 5402 5885 5886
f 5887 5877 5390
f 5887 5390 5404
f 5887 5878 5877
f 5887 5888 5878
f 5888 5879 5878
f 5888 5889 5879
f 5892 5880 5891
f 5892 5881 5880
f 5410 5892 5409
f 5410 5893 5892
f 5892 5882 5881
f 5892 5893 5882
f 5411 5893 5410
f 5411 5894 5893
f 5895 5411 5412
f 5895 5894 5411
f 5896 5412 5413
f 5896 5895 5412
f 5899 5399 5883
f 5899 5414 5399
f 5885 5401 5416
f 5885 5416 5901
f 5416 5415 5900
f 5416 5900 5901
f 5886 5417 5402
f 5886 5902 5417
f 5902 5885 5901
f 5902 5886 5885
f 5903 5887 5404
f 5903 5404 5419
f 5420 5903 5419
f 5420 5904 5903
f 5903 5888 5887
f 5903 5904 5888
f 5905 5420 5421
f 5905 5904 5420
f 5904 5889 5888
f 5904 5905 5889
f 5905 5890 5889
f 5905 5906 5890
f 5423 5906 5422
f 5423 5907 5906
f 5907 5890 5906
f 5907 5891 5890
f 5908 5409 5892
f 5908 5424 5409
f 5908 5423 5424
f 5908 5907 5423
f 5908 5891 5907
f 5908 5892 5891
f 5909 5894 5895
f 5909 5895 5910
f 5896 5413 5425
f 5896 5425 5911
f 5910 5895 5896
f 5910 5896 5911
f 5426 5911 5425
f 5426 5912 5911
f 5428 5913 5427
f 5428 5914 5913
f 5915 5898 5897
f 5915 5916 5898
f 5917 5414 5899
f 5917 5429 5414
f 5916 5899 5898
f 5916 5917 5899
f 5900 5415 5430
f 5900 5430 5918
f 5918 5430 5429
f 5918 5429 5917
f 5431 5918 5430
f 5431 5919 5918
f 5919 5900 5918
f 5919 5901 5900
f 5902 5432 5417
f 5902 5920 5432
f 5920 5431 5432
f 5920 5919 5431
f 5905 5421 5435
f 5905 5435 5923
f 5923 5435 5434
f 5923 5434 5922
f 5924 5422 5906
f 5924 5436 5422
f 5924 5905 5923
f 5924 5906 5905
f 5925 5910 5911
f 5925 5911 5926
f 5912 5426 5437
f 5912 5437 5927
f 5926 5911 5912
f 5926 5912 5927
f 5913 5438 5427
f 5913 5928 5438
f 5928 5437 5438
f 5928 5927 5437
f 5929 5914 5428
f 5929 5428 5439
f 5440 5929 5439
f 5440 5930 5929
f 5931 5917 5916
f 5931 5932 5917
f 5933 5430 5918
f 5933 5442 5430
f 5933 5441 5442
f 5933 5932 5441
f 5933 5917 5932
f 5933 5918 5917
f 5935 5444 5443
f 5935 5443 5934
f 5936 5445 5444
f 5936 5444 5935
f 5922 5434 5447
f 5922 5447 5938
f 5937 5921 5922
f 5937 5922 5938
f 5939 5447 5448
f 5939 5938 5447
f 5924 5449 5436
f 5924 5940 5449
f 5449 5939 5448
f 5449 5940 5939
f 5940 5923 5939
f 5940 5924 5923
f 5452 5451 5941
f 5452 5941 5942
f 5944 5943 5925
f 5944 5925 5926
f 5945 5927 5928
f 5945 5928 5946
f 5948 5930 5440
f 5948 5440 5454
f 5948 5454 5453
f 5948 5453 5947
f 5932 5456 5441
f 5932 5950 5456
f 5456 5949 5455
f 5456 5950 5949
f 5950 5931 5949
f 5950 5932 5931
f 5934 5443 5457
f 5934 5457 5952
f 5953 5457 5458
f 5953 5952 5457
f 5952 5935 5934
f 5952 5953 5935
f 5936 5459 5445
f 5936 5954 5459
f 5954 5458 5459
f 5954 5953 5458
f 5953 5936 5935
f 5953 5954 5936
f 5941 5451 5462
f 5941 5462 5958
f 5942 5463 5452
f 5942 5959 5463
f 5463 5958 5462
f 5463 5959 5958
f 5958 5942 5941
f 5958 5959 5942
f 5962 5465 5464
f 5962 5464 5961
f 5962 5961 5943
f 5962 5943 5944
f 5466 5465 5962
f 5466 5962 5963
f 5467 5466 5963
f 5467 5963 5964
f 5947 5453 5468
f 5947 5468 5965
f 5965 5468 5467
f 5965 5467 5964
f 5965 5964 5946
f 5965 5946 5947
f 5966 5455 5949
f 5966 5470 5455
f 5967 5471 5470
f 5967 5470 5966
f 5966 5949 5950
f 5966 5950 5967
f 5967 5950 5951
f 5967 5951 5968
f 5969 5473 5472
f 5969 5472 5968
f 5971 5970 5955
f 5971 5955 5956
f 5971 5956 5957
f 5971 5957 5972
f 5974 5959 5960
f 5974 5960 5975
f 5976 5961 5464
f 5976 5464 5479
f 5976 5479 5478
f 5976 5478 5975
f 5976 5975 5960
f 5976 5960 5961
f 5978 5963 5977
f 5978 5964 5963
f 5979 5471 5967
f 5979 5485 5471
f 5968 5472 5486
f 5968 5486 5980
f 5486 5485 5979
f 5486 5979 5980
f 5979 5967 5968
f 5979 5968 5980
f 5969 5487 5473
f 5969 5981 5487
f 5980 5969 5968
f 5980 5981 5969
f 5982 5488 5487
f 5982 5487 5981
f 5983 5489 5488
f 5983 5488 5982
f 5984 5490 5489
f 5984 5489 5983
f 5985 5491 5490
f 5985 5490 5984
f 5492 5491 5985
f 5492 5985 5986
f 5493 5492 5986
f 5493 5986 5987
f 5988 5494 5493
f 5988 5493 5987
f 5988 5987 5970
f 5988 5970 5971
f 5495 5494 5988
f 5495 5988 5989
f 5988 5971 5972
f 5988 5972 5989
f 5989 5972 5973
f 5989 5973 5990
f 5992 5975 5478
f 5992 5478 5496
f 5991 5974 5975
f 5991 5975 5992
f 5995 5982 5994
f 5995 5983 5982
f 5996 5501 5502
f 5996 5995 5501
f 5995 5984 5983
f 5995 5996 5984
f 5503 5996 5502
f 5503 5997 5996
f 5997 5984 5996
f 5997 5985 5984
f 5998 5985 5997
f 5998 5986 5985
f 5989 5505 5495
f 5989 5999 5505
f 6000 5999 5989
f 6000 5989 5990
f 6001 5992 5496
f 6001 5496 5507
f 6001 5993 5992
f 6001 6002 5993
f 5995 5511 5501
f 5995 6004 5511
f 6003 5995 5994
f 6003 6004 5995
f 6005 5512 5511
f 6005 5511 6004
f 6006 5997 5503
f 6006 5503 5513
f 6006 5513 5512
f 6006 5512 6005
f 6006 6005 5996
f 6006 5996 5997
f 5999 5514 5505
f 5999 6007 5514
f 6008 5515 5514
f 6008 5514 6007
f 6001 5507 5516
f 6001 5516 6010
f 6011 6001 6010
f 6011 6002 6001
f 6012 5515 6008
f 6012 5518 5515
f 5519 5518 6012
f 5519 6012 6013
f 6012 6008 6009
f 6012 6009 6013
f 6014 6010 5516
f 6014 5516 5520
f 6015 6010 6014
f 6015 6011 6010
f 6016 5519 6013
f 6016 5523 5519
f 6017 6014 5520
f 6017 5520 5524
f 5524 5523 6016
f 5524 6016 6017
f 6017 6016 6013
f 6017 6013 6014
f 6023 5535 5536
f 6023 6022 5535
f 6023 6018 6022
f 6023 6019 6018
f 5537 6023 5536
f 5537 6024 6023
f 6023 6020 6019
f 6023 6024 6020
f 5540 6026 5539
f 5540 6027 6026
f 6028 5540 5541
f 6028 6027 5540
f 5543 6029 5542
f 5543 6030 6029
f 6033 5535 6022
f 6033 5545 5535
f 6033 5544 5545
f 6033 6032 5544
f 6033 6021 6032
f 6033 6022 6021
f 6024 5537 5547
f 6024 5547 6035
f 5547 5546 6034
f 5547 6034 6035
f 6035 6025 6024
f 6035 6036 6025
f 6026 5550 5539
f 6026 6037 5550
f 6038 6037 6026
f 6038 6026 6027
f 6028 5541 5552
f 6028 5552 6039
f 6039 6038 6027
f 6039 6027 6028
f 6029 5553 5542
f 6029 6040 5553
f 6041 6030 5543
f 6041 5543 5554
f 6041 5554 5553
f 6041 5553 6040
f 6040 6029 6030
f 6040 6030 6041
f 6043 5544 6032
f 6043 5555 5544
f 6043 6031 6042
f 6043 6032 6031
f 6034 5546 5557
f 6034 5557 6044
f 6045 6034 6044
f 6045 6035 6034
f 6037 5560 5550
f 6037 6047 5560
f 6047 5559 5560
f 6047 6046 5559
f 6039 5552 5562
f 6039 5562 6049
f 6048 6038 6039
f 6048 6039 6049
f 6050 5562 5563
f 6050 6049 5562
f 6043 5565 5555
f 6043 6052 5565
f 6052 6042 6051
f 6052 6043 6042
f 6053 6044 5557
f 6053 5557 5567
f 5568 6053 5567
f 5568 6054 6053
f 6053 6045 6044
f 6053 6054 6045
f 6056 5559 6046
f 6056 5570 5559
f 5571 5570 6056
f 5571 6056 6057
f 6058 5572 5571
f 6058 5571 6057
f 5573 5572 6058
f 5573 6058 6059
f 6050 5563 5574
f 6050 5574 6060
f 6052 5575 5565
f 6052 6062 5575
f 6061 6052 6051
f 6061 6062 6052
f 6063 5576 5575
f 6063 5575 6062
f 5577 5576 6063
f 5577 6063 6064
f 6065 6054 5568
f 6065 5568 5578
f 5578 5577 6064
f 5578 6064 6065
f 6065 6055 6054
f 6065 6066 6055
f 6067 6058 6057
f 6067 6068 6058
f 6069 5573 6059
f 6069 5581 5573
f 6069 6058 6068
f 6069 6059 6058
f 6070 6060 5574
f 6070 5574 5582
f 6070 5582 5581
f 6070 5581 6069
f 6070 6069 6059
f 6070 6059 6060
f 6073 5583 5584
f 6073 6072 5583
f 6073 6061 6072
f 6073 6062 6061
f 5585 6073 5584
f 5585 6074 6073
f 6073 6063 6062
f 6073 6074 6063
f 6078 5586 5587
f 6078 6077 5586
f 6079 6068 6067
f 6079 6080 6068
f 6080 6069 6068
f 6080 6081 6069
f 6084 5583 6072
f 6084 5588 5583
f 6084 6071 6083
f 6084 6072 6071
f 6074 5585 5590
f 6074 5590 6086
f 5590 5589 6085
f 5590 6085 6086
f 6086 6075 6074
f 6086 6087 6075
f 6089 5586 6077
f 6089 5592 5586
f 6089 5591 5592
f 6089 6088 5591
f 6089 6076 6088
f 6089 6077 6076
f 6090 6078 5587
f 6090 5587 5593
f 6091 6082 6081
f 6091 6092 6082
f 6093 5596 5597
f 6093 6092 5596
f 6094 5588 6084
f 6094 5598 5588
f 5598 6093 5597
f 5598 6094 6093
f 6094 6083 6093
f 6094 6084 6083
f 6085 5589 5599
f 6085 5599 6095
f 6094 6084 6085
f 6094 6085 6095
f 6097 6086 6096
f 6097 6087 6086
f 5603 6098 5602
f 5603 6099 6098
f 6103 5591 6088
f 6103 5604 5591
f 6104 5605 5604
f 6104 5604 6103
f 6105 6090 5593
f 6105 5593 5606
f 6105 5606 5605
f 6105 5605 6104
f 6106 5606 5607
f 6106 6105 5606
f 6107 5596 6092
f 6107 5611 5596
f 6108 5612 5611
f 6108 5611 6107
f 6109 5613 5612
f 6109 5612 6108
f 6095 5599 5614
f 6095 5614 6110
f 6111 6095 6110
f 6111 6096 6095
f 6112 5615 5616
f 6112 6111 5615
f 6113 5602 6098
f 6113 5617 5602
f 6113 5616 5617
f 6113 6112 5616
f 6114 6099 5603
f 6114 5603 5618
f 6114 6113 6098
f 6114 6098 6099
f 5619 6114 5618
f 5619 6115 6114
f 6116 6100 6115
f 6116 6101 6100
f 6116 6102 6101
f 6116 6117 6102
f 6118 5606 6105
f 6118 5621 5606
f 6119 6106 5607
f 6119 5607 5622
f 5622 5621 6118
f 5622 6118 6119
f 6118 6105 6106
f 6118 6106 6119
f 6120 6108 6107
f 6120 6121 6108
f 6109 5626 5613
f 6109 6122 5626
f 6121 6109 6108
f 6121 6122 6109
f 6110 5614 5627
f 6110 5627 6123
f 6123 5627 5626
f 6123 5626 6122
f 6111 5628 5615
f 6111 6124 5628
f 6124 5627 5628
f 6124 6123 5627
f 6124 6110 6123
f 6124 6111 6110
f 6125 6115 5619
f 6125 5619 5632
f 5633 6125 5632
f 5633 6126 6125
f 6125 6116 6115
f 6125 6126 6116
f 6126 6117 6116
f 6126 6127 6117
f 6134 5627 6123
f 6134 5644 5627
f 6134 5643 5644
f 6134 6133 5643
f 6134 6122 6133
f 6134 6123 6122
f 6134 6123 6124
f 6134 6124 6135
f 6136 5646 5645
f 6136 5645 6135
f 5647 5646 6136
f 5647 6136 6137
f 6138 6126 5633
f 6138 5633 5650
f 6138 6127 6126
f 6138 6139 6127
f 6139 6128 6127
f 6139 6140 6128
f 6141 6128 6140
f 6141 6129 6128
f 6141 6130 6129
f 6141 6142 6130
f 6142 6131 6130
f 6142 6143 6131
f 5656 6143 5655
f 5656 6144 6143
f 5657 6144 5656
f 5657 6145 6144
f 6146 5657 5658
f 6146 6145 5657
f 6148 5643 6133
f 6148 5660 5643
f 6148 6132 6147
f 6148 6133 6132
f 6149 5661 5660
f 6149 5660 6148
f 6150 6135 5645
f 6150 5645 5662
f 6150 6136 6135
f 6150 6151 6136
f 6152 5647 6137
f 6152 5664 5647
f 6152 5663 5664
f 6152 6151 5663
f 6152 6136 6151
f 6152 6137 6136
f 6138 5650 5667
f 6138 5667 6154
f 5667 5666 6153
f 5667 6153 6154
f 6155 5667 5668
f 6155 6154 5667
f 6155 6138 6154
f 6155 6139 6138
f 6156 6139 6155
f 6156 6140 6139
f 5670 6156 5669
f 5670 6157 6156
f 6157 6140 6156
f 6157 6141 6140
f 6158 5670 5671
f 6158 6157 5670
f 6157 6142 6141
f 6157 6158 6142
f 6159 5655 6143
f 6159 5672 5655
f 6159 5671 5672
f 6159 6158 5671
f 6159 6142 6158
f 6159 6143 6142
f 6146 5658 5673
f 6146 5673 6161
f 6160 6145 6146
f 6160 6146 6161
f 6162 5673 5674
f 6162 6161 5673
f 5675 6162 5674
f 5675 6163 6162
f 5676 6163 5675
f 5676 6164 6163
f 6166 6148 6147
f 6166 6167 6148
f 6149 5678 5661
f 6149 6168 5678
f 6168 5677 5678
f 6168 6167 5677
f 6167 6149 6148
f 6167 6168 6149
f 6150 5662 5679
f 6150 5679 6169
f 6151 5680 5663
f 6151 6170 5680
f 5680 6169 5679
f 5680 6170 6169
f 6153 5666 5683
f 6153 5683 6172
f 6154 5684 5667
f 6154 6173 5684
f 6173 5683 5684
f 6173 6172 5683
f 6173 6153 6172
f 6173 6154 6153
f 6155 5668 5685
f 6155 5685 6174
f 6175 5669 6156
f 6175 5686 5669
f 6175 5685 5686
f 6175 6174 5685
f 6175 6155 6174
f 6175 6156 6155
f 6179 6178 6162
f 6179 6162 6163
f 6180 6164 5676
f 6180 5676 5689
f 5690 6180 5689
f 5690 6181 6180
f 6180 6165 6164
f 6180 6181 6165
f 6167 5691 5677
f 6167 6183 5691
f 6183 6166 6182
f 6183 6167 6166
f 6185 5694 5693
f 6185 5693 6184
f 6187 6186 6171
f 6187 6171 6172
f 6188 6173 6174
f 6188 6174 6189
f 6190 6176 6177
f 6190 6177 6191
f 6194 6181 5690
f 6194 5690 5703
f 5703 5702 6193
f 5703 6193 6194
f 6183 5705 5691
f 6183 6196 5705
f 6196 5704 5705
f 6196 6195 5704
f 6195 6183 6182
f 6195 6196 6183
f 6198 5707 5706
f 6198 5706 6197
f 6184 5693 5708
f 6184 5708 6199
f 6185 5709 5694
f 6185 6200 5709
f 6200 5708 5709
f 6200 6199 5708
f 6205 5716 5715
f 6205 5715 6204
f 6205 6204 6190
f 6205 6190 6191
f 6206 5717 5716
f 6206 5716 6205
f 6205 6191 6192
f 6205 6192 6206
f 6207 5718 5717
f 6207 5717 6206
f 6193 5702 5719
f 6193 5719 6208
f 6208 5719 5718
f 6208 5718 6207
f 6209 5704 6195
f 6209 5721 5704
f 6210 5722 5721
f 6210 5721 6209
f 6209 6195 6196
f 6209 6196 6210
f 6211 6197 5706
f 6211 5706 5723
f 5723 5722 6210
f 5723 6210 6211
f 6210 6196 6197
f 6210 6197 6211
f 6212 5707 6198
f 6212 5724 5707
f 6211 6198 6197
f 6211 6212 6198
f 6214 5727 5726
f 6214 5726 6213
f 6215 5728 5727
f 6215 5727 6214
f 6216 6201 6202
f 6216 6202 6217
f 5731 5730 6217
f 5731 6217 6218
f 5734 5733 6220
f 5734 6220 6221
f 6222 6204 5715
f 6222 5715 5735
f 6222 5735 5734
f 6222 5734 6221
f 6222 6221 6203
f 6222 6203 6204
f 6212 5741 5724
f 6212 6224 5741
f 6223 6212 6211
f 6223 6224 6212
f 6225 5742 5741
f 6225 5741 6224
f 6226 5743 5742
f 6226 5742 6225
f 6213 5726 5744
f 6213 5744 6227
f 6227 5744 5743
f 6227 5743 6226
f 5745 6227 5744
f 5745 6228 6227
f 6228 6213 6227
f 6228 6214 6213
f 6215 5746 5728
f 6215 6229 5746
f 6228 6215 6214
f 6228 6229 6215
f 5747 5746 6229
f 5747 6229 6230
f 6231 6217 5730
f 6231 5730 5748
f 6231 5748 5747
f 6231 5747 6230
f 6231 6230 6216
f 6231 6216 6217
f 6218 5749 5731
f 6218 6232 5749
f 6233 6232 6218
f 6233 6218 6219
f 6234 6220 5733
f 6234 5733 5751
f 5752 6234 5751
f 5752 6235 6234
f 6235 6220 6234
f 6235 6221 6220
f 6236 5752 5753
f 6236 6235 5752
f 6235 6222 6221
f 6235 6236 6222
f 6237 6226 6225
f 6237 6238 6226
f 6227 5757 5744
f 6227 6239 5757
f 6239 6226 6238
f 6239 6227 6226
f 6228 5745 5758
f 6228 5758 6240
f 6232 5759 5749
f 6232 6241 5759
f 6236 5753 5762
f 6236 5762 6242
f 6245 6237 6244
f 6245 6238 6237
f 6246 5757 6239
f 6246 5763 5757
f 6246 6238 6245
f 6246 6239 6238
f 6247 6240 5758
f 6247 5758 5764
f 6247 5764 5763
f 6247 5763 6246
f 6241 5765 5759
f 6241 6248 5765
f 6249 5766 5765
f 6249 5765 6248
f 5767 5766 6249
f 5767 6249 6250
f 6252 6242 5762
f 6252 5762 5769
f 6252 5769 5768
f 6252 5768 6251
f 6253 6242 6252
f 6253 6243 6242
f 6250 5772 5767
f 6250 6254 5772
f 6255 6251 5768
f 6255 5768 5773
f 5773 5772 6254
f 5773 6254 6255
f 6254 6250 6251
f 6254 6251 6255
f 6256 6251 6255
f 6256 6252 6251
f 5777 6257 5776
f 5777 6258 6257
f 6259 5776 6257
f 6259 5781 5776
f 6258 5777 5782
f 6258 5782 6260
f 6259 6257 6258
f 6259 6258 6260
f 5783 6260 5782
f 5783 6261 6260
f 6263 5787 5788
f 6263 6262 5787
f 6259 5789 5781
f 6259 6264 5789
f 5789 6263 5788
f 5789 6264 6263
f 6265 6264 6259
f 6265 6259 6260
f 6261 5783 5791
f 6261 5791 6266
f 5793 6267 5792
f 5793 6268 6267
f 6262 5796 5787
f 6262 6272 5796
f 6266 5791 5799
f 6266 5799 6276
f 6267 5801 5792
f 6267 6279 5801
f 5801 6278 5800
f 5801 6279 6278
f 6268 5793 5802
f 6268 5802 6280
f 6280 6269 6268
f 6280 6281 6269
f 6282 6269 6281
f 6282 6270 6269
f 6283 6270 6282
f 6283 6271 6270
f 6284 5796 6272
f 6284 5805 5796
f 6284 6271 6283
f 6284 6272 6271
f 6286 6285 6273
f 6286 6273 6274
f 6287 6286 6274
f 6287 6274 6275
f 6288 6276 5799
f 6288 5799 5808
f 6288 6277 6276
f 6288 6289 6277
f 6278 5809 5800
f 6278 6290 5809
f 6291 5810 5809
f 6291 5809 6290
f 6292 6280 5802
f 6292 5802 5811
f 6292 6281 6280
f 6292 6293 6281
f 6293 6282 6281
f 6293 6294 6282
f 6294 6283 6282
f 6294 6295 6283
f 6284 5814 5805
f 6284 6296 5814
f 6296 6283 6295
f 6296 6284 6283
f 6298 6297 6285
f 6298 6285 6286
f 6300 6288 5808
f 6300 5808 5817
f 5817 5816 6299
f 5817 6299 6300
f 6291 5818 5810
f 6291 6301 5818
f 6302 6292 5811
f 6302 5811 5819
f 6296 5823 5814
f 6296 6306 5823
f 6306 5822 5823
f 6306 6305 5822
f 6305 6296 6295
f 6305 6306 6296
f 6308 5825 5824
f 6308 5824 6307
f 6309 6299 5816
f 6309 5816 5826
f 6311 5827 5828
f 6311 6310 5827
f 5829 6311 5828
f 5829 6312 6311
f 6313 5818 6301
f 6313 5830 5818
f 6314 6302 5819
f 6314 5819 5831
f 6316 5832 5833
f 6316 6315 5832
f 6316 6303 6315
f 6316 6304 6303
f 6317 5822 6305
f 6317 5834 5822
f 6317 6304 6316
f 6317 6305 6304
f 6307 5824 5836
f 6307 5836 6319
f 5836 5835 6318
f 5836 6318 6319
f 6318 6306 6307
f 6318 6307 6319
f 6308 5837 5825
f 6308 6320 5837
f 6319 6308 6307
f 6319 6320 6308
f 6309 5826 5838
f 6309 5838 6321
f 6323 5827 6310
f 6323 5840 5827
f 6323 5839 5840
f 6323 6322 5839
f 6324 6323 6310
f 6324 6310 6311
f 6325 6312 5829
f 6325 5829 5842
f 6325 5842 5841
f 6325 5841 6324
f 6325 6324 6311
f 6325 6311 6312
f 6313 5843 5830
f 6313 6326 5843
f 6314 5831 5844
f 6314 5844 6327
f 5844 5843 6326
f 5844 6326 6327
f 6328 5832 6315
f 6328 5845 5832
f 6328 6314 6327
f 6328 6315 6314
f 6329 6316 5833
f 6329 5833 5846
f 6329 5846 5845
f 6329 5845 6328
f 6330 5834 6317
f 6330 5847 5834
f 6330 5846 5847
f 6330 6329 5846
f 6329 6317 6316
f 6329 6330 6317
f 6331 6318 5835
f 6331 5835 5848
f 5848 5847 6330
f 5848 6330 6331
f 5849 6331 5848
f 5849 6332 6331
f 6332 6318 6331
f 6332 6319 6318
f 6320 5850 5837
f 6320 6333 5850
f 6332 6320 6319
f 6332 6333 6320
f 6321 5838 5851
f 6321 5851 6334
f 5851 5850 6333
f 5851 6333 6334
f 5853 6337 5852
f 5853 6338 6337
f 6322 5854 5839
f 6322 6339 5854
f 6340 5855 5854
f 6340 5854 6339
f 6340 6339 6322
f 6340 6322 6323
f 6341 6324 5841
f 6341 5841 5856
f 6341 5856 5855
f 6341 5855 6340
f 6341 6340 6323
f 6341 6323 6324
f 6342 6328 6327
f 6342 6343 6328
f 6329 5859 5846
f 6329 6344 5859
f 6344 6328 6343
f 6344 6329 6328
f 6345 6330 5847
f 6345 5847 5860
f 6331 5861 5848
f 6331 6346 5861
f 5861 6345 5860
f 5861 6346 6345
f 6345 6331 6330
f 6345 6346 6331
f 6347 6332 5849
f 6347 5849 5862
f 5863 6347 5862
f 5863 6348 6347
f 6347 6333 6332
f 6347 6348 6333
f 5864 6348 5863
f 5864 6349 6348
f 6350 5864 5865
f 6350 6349 5864
f 6349 6335 6334
f 6349 6350 6335
f 6351 5865 5866
f 6351 6350 5865
f 6350 6336 6335
f 6350 6351 6336
f 6352 5852 6337
f 6352 5867 5852
f 6353 6338 5853
f 6353 5853 5868
f 5869 6353 5868
f 5869 6354 6353
f 6344 5872 5859
f 6344 6355 5872
f 6356 5873 5872
f 6356 5872 6355
f 6357 5874 5873
f 6357 5873 6356
f 6351 5866 5876
f 6351 5876 6358
f 6359 5867 6352
f 6359 5877 5867
f 6359 5876 5877
f 6359 6358 5876
f 6354 5869 5879
f 6354 5879 6361
f 6360 6353 6354
f 6360 6354 6361
f 6364 5880 5881
f 6364 6363 5880
f 6365 5881 5882
f 6365 6364 5881
f 6357 5883 5874
f 6357 6368 5883
f 6367 6357 6356
f 6367 6368 6357
f 6370 6361 5879
f 6370 5879 5889
f 6369 6360 6361
f 6369 6361 6370
f 6371 5889 5890
f 6371 6370 5889
f 6372 5880 6363
f 6372 5891 5880
f 6372 5890 5891
f 6372 6371 5890
f 6372 6362 6371
f 6372 6363 6362
f 6374 6365 5882
f 6374 5882 5893
f 6373 6364 6365
f 6373 6365 6374
f 6375 5893 5894
f 6375 6374 5893
f 6377 5897 5898
f 6377 6376 5897
f 6377 6366 6376
f 6377 6367 6366
f 6378 5883 6368
f 6378 5899 5883
f 6378 5898 5899
f 6378 6377 5898
f 6378 6367 6377
f 6378 6368 6367
f 5902 5901 6379
f 5902 6379 6380
f 6385 6384 6373
f 6385 6373 6374
f 6375 5894 5909
f 6375 5909 6386
f 6385 6374 6375
f 6385 6375 6386
f 6387 5909 5910
f 6387 6386 5909
f 5914 6388 5913
f 5914 6389 6388
f 6390 5897 6376
f 6390 5915 5897
f 6391 5916 5915
f 6391 5915 6390
f 6379 5901 5919
f 6379 5919 6392
f 6380 5920 5902
f 6380 6393 5920
f 5920 6392 5919
f 5920 6393 6392
f 6392 6380 6379
f 6392 6393 6380
f 6395 6394 6381
f 6395 6381 6382
f 6397 5922 5921
f 6397 5921 6396
f 5923 5922 6397
f 5923 6397 6398
f 6401 6400 6383
f 6401 6383 6384
f 6403 6402 6385
f 6403 6385 6386
f 6387 5910 5925
f 6387 5925 6404
f 6403 6386 6387
f 6403 6387 6404
f 6406 5926 5927
f 6406 6405 5926
f 6407 5913 6388
f 6407 5928 5913
f 6389 5914 5929
f 6389 5929 6408
f 6407 6388 6389
f 6407 6389 6408
f 6409 5929 5930
f 6409 6408 5929
f 6391 5931 5916
f 6391 6410 5931
f 6411 6394 6395
f 6411 6395 6412
f 6396 5921 5937
f 6396 5937 6413
f 5938 6413 5937
f 5938 6414 6413
f 6413 6397 6396
f 6413 6414 6397
f 6398 5939 5923
f 6398 6415 5939
f 5939 6414 5938
f 5939 6415 6414
f 6414 6398 6397
f 6414 6415 6398
f 6416 6415 6398
f 6416 6398 6399
f 6417 6416 6399
f 6417 6399 6400
f 6418 6417 6400
f 6418 6400 6401
f 6419 6418 6401
f 6419 6401 6402
f 6419 6402 6403
f 6419 6403 6420
f 6404 5925 5943
f 6404 5943 6421
f 6420 6403 6404
f 6420 6404 6421
f 6405 5944 5926
f 6405 6422 5944
f 6406 5927 5945
f 6406 5945 6423
f 6423 6422 6405
f 6423 6405 6406
f 6407 5946 5928
f 6407 6424 5946
f 6424 5945 5946
f 6424 6423 5945
f 6425 5947 5946
f 6425 5946 6424
f 6425 6424 6407
f 6425 6407 6408
f 6426 6409 5930
f 6426 5930 5948
f 5948 5947 6425
f 5948 6425 6426
f 6427 5931 6410
f 6427 5949 5931
f 5950 5949 6427
f 5950 6427 6428
f 5951 5950 6428
f 5951 6428 6429
f 6434 6414 6415
f 6434 6415 6435
f 6436 5956 5955
f 6436 5955 6435
f 5957 5956 6436
f 5957 6436 6437
f 6436 6416 6417
f 6436 6417 6437
f 6438 6437 6417
f 6438 6417 6418
f 5960 5959 6439
f 5960 6439 6440
f 6439 6419 6420
f 6439 6420 6440
f 6441 6421 5943
f 6441 5943 5961
f 6441 5961 5960
f 6441 5960 6440
f 6441 6440 6420
f 6441 6420 6421
f 6422 5962 5944
f 6422 6442 5962
f 6443 5963 5962
f 6443 5962 6442
f 6444 6424 5946
f 6444 5946 5964
f 6447 5951 6429
f 6447 5968 5951
f 6448 6430 6431
f 6448 6431 6449
f 6450 6432 6433
f 6450 6433 6451
f 6452 6435 5955
f 6452 5955 5970
f 6452 6436 6435
f 6452 6453 6436
f 6454 5957 6437
f 6454 5972 5957
f 6454 6436 6453
f 6454 6437 6436
f 6455 5973 5972
f 6455 5972 6454
f 6439 5959 5974
f 6439 5974 6456
f 6443 5977 5963
f 6443 6458 5977
f 6457 6443 6442
f 6457 6458 6443
f 6444 5964 5978
f 6444 5978 6459
f 6459 5978 5977
f 6459 5977 6458
f 6460 6446 6445
f 6460 6461 6446
f 6447 5980 5968
f 6447 6462 5980
f 6461 6447 6446
f 6461 6462 6447
f 5981 5980 6462
f 5981 6462 6463
f 6464 5982 5981
f 6464 5981 6463
f 6452 5970 5987
f 6452 5987 6466
f 5987 5986 6465
f 5987 6465 6466
f 6467 6452 6466
f 6467 6453 6452
f 6468 5973 6455
f 6468 5990 5973
f 6456 5974 5991
f 6456 5991 6469
f 6470 5991 5992
f 6470 6469 5991
f 5993 6470 5992
f 5993 6471 6470
f 6472 6462 6461
f 6472 6473 6462
f 6464 5994 5982
f 6464 6475 5994
f 6474 6464 6463
f 6474 6475 6464
f 5997 5996 6477
f 5997 6477 6478
f 6465 5986 5998
f 6465 5998 6479
f 5998 5997 6478
f 5998 6478 6479
f 6480 6465 6479
f 6480 6466 6465
f 6468 6000 5990
f 6468 6482 6000
f 6000 6481 5999
f 6000 6482 6481
f 6471 5993 6002
f 6471 6002 6484
f 6483 6470 6471
f 6483 6471 6484
f 6485 5994 6475
f 6485 6003 5994
f 6486 6004 6003
f 6486 6003 6485
f 6487 6477 5996
f 6487 5996 6005
f 6487 6005 6004
f 6487 6004 6486
f 6487 6486 6476
f 6487 6476 6477
f 6488 6480 6479
f 6488 6489 6480
f 6481 6007 5999
f 6481 6490 6007
f 6008 6007 6490
f 6008 6490 6491
f 6490 6481 6482
f 6490 6482 6491
f 6009 6008 6491
f 6009 6491 6492
f 6494 6484 6002
f 6494 6002 6011
f 6494 6493 6483
f 6494 6483 6484
f 6495 6009 6492
f 6495 6013 6009
f 6014 6013 6495
f 6014 6495 6496
f 6495 6492 6493
f 6495 6493 6496
f 6497 6494 6011
f 6497 6011 6015
f 6015 6014 6496
f 6015 6496 6497
f 6497 6496 6493
f 6497 6493 6494
f 6019 6498 6018
f 6019 6499 6498
f 6020 6499 6019
f 6020 6500 6499
f 6502 6018 6498
f 6502 6022 6018
f 6502 6021 6022
f 6502 6501 6021
f 6503 6502 6498
f 6503 6498 6499
f 6504 6500 6020
f 6504 6020 6024
f 6025 6504 6024
f 6025 6505 6504
f 6507 6021 6501
f 6507 6032 6021
f 6507 6031 6032
f 6507 6506 6031
f 6508 6507 6501
f 6508 6501 6502
f 6508 6502 6503
f 6508 6503 6509
f 6505 6025 6036
f 6505 6036 6511
f 6036 6035 6510
f 6036 6510 6511
f 6038 6512 6037
f 6038 6513 6512
f 6517 6031 6506
f 6517 6042 6031
f 6519 6508 6509
f 6519 6509 6520
f 6510 6035 6045
f 6510 6045 6521
f 6522 6510 6521
f 6522 6511 6510
f 6512 6047 6037
f 6512 6524 6047
f 6047 6523 6046
f 6047 6524 6523
f 6513 6038 6048
f 6513 6048 6525
f 6526 6048 6049
f 6526 6525 6048
f 6525 6514 6513
f 6525 6526 6514
f 6050 6526 6049
f 6050 6527 6526
f 6526 6515 6514
f 6526 6527 6515
f 6528 6515 6527
f 6528 6516 6515
f 6517 6051 6042
f 6517 6529 6051
f 6531 6530 6518
f 6531 6518 6519
f 6532 6531 6519
f 6532 6519 6520
f 6521 6045 6054
f 6521 6054 6533
f 6055 6533 6054
f 6055 6534 6533
f 6533 6522 6521
f 6533 6534 6522
f 6523 6056 6046
f 6523 6535 6056
f 6057 6056 6535
f 6057 6535 6536
f 6536 6535 6523
f 6536 6523 6524
f 6527 6050 6060
f 6527 6060 6539
f 6060 6059 6538
f 6060 6538 6539
f 6539 6528 6527
f 6539 6540 6528
f 6529 6061 6051
f 6529 6541 6061
f 6064 6063 6542
f 6064 6542 6543
f 6065 6064 6543
f 6065 6543 6544
f 6545 6534 6055
f 6545 6055 6066
f 6545 6066 6065
f 6545 6065 6544
f 6545 6544 6533
f 6545 6533 6534
f 6546 6057 6536
f 6546 6067 6057
f 6538 6059 6069
f 6538 6069 6548
f 6547 6537 6538
f 6547 6538 6548
f 6550 6539 6549
f 6550 6540 6539
f 6551 6061 6541
f 6551 6072 6061
f 6551 6071 6072
f 6551 6550 6071
f 6551 6540 6550
f 6551 6541 6540
f 6552 6542 6063
f 6552 6063 6074
f 6075 6552 6074
f 6075 6553 6552
f 6552 6543 6542
f 6552 6553 6543
f 6554 6543 6553
f 6554 6544 6543
f 6556 6076 6077
f 6556 6555 6076
f 6557 6077 6078
f 6557 6556 6077
f 6546 6079 6067
f 6546 6558 6079
f 6559 6080 6079
f 6559 6079 6558
f 6548 6069 6081
f 6548 6081 6560
f 6081 6080 6559
f 6081 6559 6560
f 6082 6560 6081
f 6082 6561 6560
f 6550 6083 6071
f 6550 6562 6083
f 6562 6549 6561
f 6562 6550 6549
f 6085 6084 6563
f 6085 6563 6564
f 6086 6085 6564
f 6086 6564 6565
f 6566 6553 6075
f 6566 6075 6087
f 6567 6076 6555
f 6567 6088 6076
f 6568 6567 6555
f 6568 6555 6556
f 6569 6557 6078
f 6569 6078 6090
f 6569 6568 6556
f 6569 6556 6557
f 6570 6559 6558
f 6570 6571 6559
f 6560 6091 6081
f 6560 6572 6091
f 6572 6559 6571
f 6572 6560 6559
f 6573 6561 6082
f 6573 6082 6092
f 6573 6092 6091
f 6573 6091 6572
f 6574 6083 6562
f 6574 6093 6083
f 6574 6092 6093
f 6574 6573 6092
f 6563 6084 6094
f 6563 6094 6575
f 6095 6575 6094
f 6095 6576 6575
f 6575 6564 6563
f 6575 6576 6564
f 6565 6096 6086
f 6565 6577 6096
f 6096 6576 6095
f 6096 6577 6576
f 6576 6565 6564
f 6576 6577 6565
f 6566 6087 6097
f 6566 6097 6578
f 6097 6096 6577
f 6097 6577 6578
f 6578 6577 6565
f 6578 6565 6566
f 6582 6100 6101
f 6582 6581 6100
f 6102 6582 6101
f 6102 6583 6582
f 6584 6088 6567
f 6584 6103 6088
f 6585 6104 6103
f 6585 6103 6584
f 6585 6584 6567
f 6585 6567 6568
f 6586 6569 6090
f 6586 6090 6105
f 6586 6105 6104
f 6586 6104 6585
f 6586 6585 6568
f 6586 6568 6569
f 6587 6572 6571
f 6587 6588 6572
f 6589 6092 6573
f 6589 6107 6092
f 6588 6573 6572
f 6588 6589 6573
f 6591 6577 6096
f 6591 6096 6111
f 6112 6591 6111
f 6112 6592 6591
f 6593 6112 6113
f 6593 6592 6112
f 6592 6579 6578
f 6592 6593 6579
f 6114 6593 6113
f 6114 6594 6593
f 6593 6580 6579
f 6593 6594 6580
f 6595 6100 6581
f 6595 6115 6100
f 6115 6594 6114
f 6115 6595 6594
f 6597 6583 6102
f 6597 6102 6117
f 6589 6120 6107
f 6589 6599 6120
f 6600 6121 6120
f 6600 6120 6599
f 6599 6589 6590
f 6599 6590 6600
f 6601 6122 6121
f 6601 6121 6600
f 6124 6123 6602
f 6124 6602 6603
f 6604 6594 6595
f 6604 6595 6605
f 6607 6597 6117
f 6607 6117 6127
f 6606 6596 6597
f 6606 6597 6607
f 6128 6607 6127
f 6128 6608 6607
f 6609 6128 6129
f 6609 6608 6128
f 6610 6129 6130
f 6610 6609 6129
f 6131 6610 6130
f 6131 6611 6610
f 6613 6598 6612
f 6613 6599 6598
f 6601 6133 6122
f 6601 6615 6133
f 6615 6132 6133
f 6615 6614 6132
f 6602 6123 6134
f 6602 6134 6616
f 6617 6124 6603
f 6617 6135 6124
f 6617 6134 6135
f 6617 6616 6134
f 6616 6603 6602
f 6616 6617 6603
f 6620 6607 6608
f 6620 6608 6621
f 6624 6611 6131
f 6624 6131 6143
f 6625 6143 6144
f 6625 6624 6143
f 6626 6144 6145
f 6626 6625 6144
f 6628 6132 6614
f 6628 6147 6132
f 6627 6614 6613
f 6627 6628 6614
f 6630 6151 6150
f 6630 6150 6629
f 6631 6618 6619
f 6631 6619 6632
f 6633 6622 6623
f 6633 6623 6634
f 6635 6634 6623
f 6635 6623 6624
f 6635 6624 6625
f 6635 6625 6636
f 6626 6145 6160
f 6626 6160 6637
f 6636 6625 6626
f 6636 6626 6637
f 6638 6160 6161
f 6638 6637 6160
f 6639 6161 6162
f 6639 6638 6161
f 6164 6640 6163
f 6164 6641 6640
f 6165 6641 6164
f 6165 6642 6641
f 6628 6166 6147
f 6628 6644 6166
f 6643 6628 6627
f 6643 6644 6628
f 6629 6150 6169
f 6629 6169 6646
f 6630 6170 6151
f 6630 6647 6170
f 6170 6646 6169
f 6170 6647 6646
f 6646 6630 6629
f 6646 6647 6630
f 6648 6631 6632
f 6648 6632 6649
f 6650 6172 6171
f 6650 6171 6649
f 6174 6173 6651
f 6174 6651 6652
f 6655 6634 6635
f 6655 6635 6656
f 6656 6635 6636
f 6656 6636 6657
f 6658 6657 6636
f 6658 6636 6637
f 6659 6177 6176
f 6659 6176 6658
f 6658 6637 6638
f 6658 6638 6659
f 6639 6162 6178
f 6639 6178 6660
f 6659 6638 6639
f 6659 6639 6660
f 6640 6179 6163
f 6640 6661 6179
f 6179 6660 6178
f 6179 6661 6660
f 6662 6661 6640
f 6662 6640 6641
f 6642 6165 6181
f 6642 6181 6663
f 6662 6641 6642
f 6662 6642 6663
f 6664 6166 6644
f 6664 6182 6166
f 6664 6644 6645
f 6664 6645 6665
f 6668 6185 6184
f 6668 6184 6667
f 6669 6649 6171
f 6669 6171 6186
f 6650 6187 6172
f 6650 6670 6187
f 6187 6669 6186
f 6187 6670 6669
f 6669 6650 6649
f 6669 6670 6650
f 6651 6173 6188
f 6651 6188 6671
f 6652 6189 6174
f 6652 6672 6189
f 6189 6671 6188
f 6189 6672 6671
f 6671 6652 6651
f 6671 6672 6652
f 6674 6673 6653
f 6674 6653 6654
f 6675 6674 6654
f 6675 6654 6655
f 6675 6655 6656
f 6675 6656 6676
f 6676 6656 6657
f 6676 6657 6677
f 6678 6658 6176
f 6678 6176 6190
f 6678 6677 6657
f 6678 6657 6658
f 6679 6177 6659
f 6679 6191 6177
f 6192 6191 6679
f 6192 6679 6680
f 6679 6659 6660
f 6679 6660 6680
f 6681 6680 6660
f 6681 6660 6661
f 6681 6661 6662
f 6681 6662 6682
f 6663 6181 6194
f 6663 6194 6683
f 6683 6194 6193
f 6683 6193 6682
f 6684 6182 6664
f 6684 6195 6182
f 6196 6195 6684
f 6196 6684 6685
f 6684 6664 6665
f 6684 6665 6685
f 6686 6197 6196
f 6686 6196 6685
f 6667 6184 6199
f 6667 6199 6688
f 6687 6666 6667
f 6687 6667 6688
f 6668 6200 6185
f 6668 6689 6200
f 6689 6199 6200
f 6689 6688 6199
f 6688 6668 6667
f 6688 6689 6668
f 6202 6201 6692
f 6202 6692 6693
f 6694 6693 6673
f 6694 6673 6674
f 6696 6676 6677
f 6696 6677 6697
f 6698 6678 6190
f 6698 6190 6204
f 6698 6204 6203
f 6698 6203 6697
f 6698 6697 6677
f 6698 6677 6678
f 6699 6192 6680
f 6699 6206 6192
f 6207 6206 6699
f 6207 6699 6700
f 6701 6682 6193
f 6701 6193 6208
f 6701 6208 6207
f 6701 6207 6700
f 6703 6197 6686
f 6703 6211 6197
f 6704 6690 6691
f 6704 6691 6705
f 6692 6201 6216
f 6692 6216 6706
f 6707 6202 6693
f 6707 6217 6202
f 6707 6692 6706
f 6707 6693 6692
f 6708 6218 6217
f 6708 6217 6707
f 6219 6218 6708
f 6219 6708 6709
f 6708 6694 6695
f 6708 6695 6709
f 6711 6697 6203
f 6711 6203 6221
f 6710 6696 6697
f 6710 6697 6711
f 6712 6221 6222
f 6712 6711 6221
f 6713 6700 6699
f 6713 6714 6700
f 6703 6223 6211
f 6703 6716 6223
f 6716 6702 6715
f 6716 6703 6702
f 6717 6224 6223
f 6717 6223 6716
f 6718 6225 6224
f 6718 6224 6717
f 6721 6229 6228
f 6721 6228 6720
f 6706 6216 6230
f 6706 6230 6722
f 6722 6230 6229
f 6722 6229 6721
f 6709 6233 6219
f 6709 6724 6233
f 6233 6723 6232
f 6233 6724 6723
f 6712 6222 6236
f 6712 6236 6726
f 6725 6711 6712
f 6725 6712 6726
f 6728 6715 6727
f 6728 6716 6715
f 6728 6717 6716
f 6728 6729 6717
f 6718 6237 6225
f 6718 6730 6237
f 6729 6718 6717
f 6729 6730 6718
f 6733 6720 6228
f 6733 6228 6240
f 6733 6732 6719
f 6733 6719 6720
f 6735 6721 6734
f 6735 6722 6721
f 6723 6241 6232
f 6723 6736 6241
f 6737 6736 6723
f 6737 6723 6724
f 6740 6726 6236
f 6740 6236 6242
f 6739 6725 6726
f 6739 6726 6740
f 6741 6242 6243
f 6741 6740 6242
f 6742 6237 6730
f 6742 6244 6237
f 6743 6245 6244
f 6743 6244 6742
f 6744 6246 6245
f 6744 6245 6743
f 6744 6743 6731
f 6744 6731 6732
f 6745 6733 6240
f 6745 6240 6247
f 6745 6247 6246
f 6745 6246 6744
f 6744 6732 6733
f 6744 6733 6745
f 6746 6735 6734
f 6746 6747 6735
f 6748 6241 6736
f 6748 6248 6241
f 6249 6248 6748
f 6249 6748 6749
f 6749 6748 6736
f 6749 6736 6737
f 6250 6249 6749
f 6250 6749 6750
f 6749 6737 6738
f 6749 6738 6750
f 6751 6251 6250
f 6751 6250 6750
f 6752 6751 6739
f 6752 6739 6740
f 6741 6243 6253
f 6741 6253 6753
f 6253 6252 6752
f 6253 6752 6753
f 6753 6752 6740
f 6753 6740 6741
f 6754 6251 6751
f 6754 6255 6251
f 6752 6252 6256
f 6752 6256 6755
f 6256 6255 6754
f 6256 6754 6755
f 6754 6751 6752
f 6754 6752 6755
f 6261 6756 6260
f 6261 6757 6756
f 6263 6758 6262
f 6263 6759 6758
f 6760 6263 6264
f 6760 6759 6263
f 6756 6265 6260
f 6756 6761 6265
f 6265 6760 6264
f 6265 6761 6760
f 6757 6261 6266
f 6757 6266 6762
f 6762 6761 6756
f 6762 6756 6757
f 6268 6763 6267
f 6268 6764 6763
f 6269 6764 6268
f 6269 6765 6764
f 6270 6765 6269
f 6270 6766 6765
f 6767 6270 6271
f 6767 6766 6270
f 6758 6272 6262
f 6758 6768 6272
f 6768 6271 6272
f 6768 6767 6271
f 6769 6768 6758
f 6769 6758 6759
f 6770 6274 6273
f 6770 6273 6769
f 6770 6769 6759
f 6770 6759 6760
f 6275 6274 6770
f 6275 6770 6771
f 6771 6770 6760
f 6771 6760 6761
f 6772 6762 6266
f 6772 6266 6276
f 6771 6761 6762
f 6771 6762 6772
f 6277 6772 6276
f 6277 6773 6772
f 6763 6279 6267
f 6763 6775 6279
f 6279 6774 6278
f 6279 6775 6774
f 6776 6775 6763
f 6776 6763 6764
f 6779 6778 6767
f 6779 6767 6768
f 6780 6769 6273
f 6780 6273 6285
f 6780 6779 6768
f 6780 6768 6769
f 6771 6287 6275
f 6771 6782 6287
f 6287 6781 6286
f 6287 6782 6781
f 6782 6771 6772
f 6782 6772 6783
f 6773 6277 6289
f 6773 6289 6784
f 6784 6289 6288
f 6784 6288 6783
f 6783 6772 6773
f 6783 6773 6784
f 6774 6290 6278
f 6774 6785 6290
f 6291 6290 6785
f 6291 6785 6786
f 6293 6292 6787
f 6293 6787 6788
f 6294 6293 6788
f 6294 6788 6789
f 6790 6295 6294
f 6790 6294 6789
f 6790 6789 6777
f 6790 6777 6778
f 6780 6285 6297
f 6780 6297 6792
f 6791 6779 6780
f 6791 6780 6792
f 6781 6298 6286
f 6781 6793 6298
f 6298 6792 6297
f 6298 6793 6792
f 6794 6793 6781
f 6794 6781 6782
f 6795 6783 6288
f 6795 6288 6300
f 6795 6300 6299
f 6795 6299 6794
f 6795 6794 6782
f 6795 6782 6783
f 6786 6301 6291
f 6786 6796 6301
f 6787 6292 6302
f 6787 6302 6797
f 6798 6787 6797
f 6798 6788 6787
f 6799 6303 6304
f 6799 6798 6303
f 6799 6788 6798
f 6799 6789 6788
f 6800 6295 6790
f 6800 6305 6295
f 6800 6304 6305
f 6800 6799 6304
f 6800 6789 6799
f 6800 6790 6789
f 6802 6307 6306
f 6802 6306 6801
f 6801 6791 6792
f 6801 6792 6802
f 6803 6802 6792
f 6803 6792 6793
f 6804 6794 6299
f 6804 6299 6309
f 6804 6803 6793
f 6804 6793 6794
f 6796 6313 6301
f 6796 6805 6313
f 6806 6797 6302
f 6806 6302 6314
f 6807 6303 6798
f 6807 6315 6303
f 6807 6314 6315
f 6807 6806 6314
f 6807 6797 6806
f 6807 6798 6797
f 6808 6801 6306
f 6808 6306 6318
f 6809 6307 6802
f 6809 6319 6307
f 6319 6808 6318
f 6319 6809 6808
f 6808 6802 6801
f 6808 6809 6802
f 6809 6802 6803
f 6809 6803 6810
f 6811 6804 6309
f 6811 6309 6321
f 6805 6326 6313
f 6805 6813 6326
f 6327 6326 6813
f 6327 6813 6814
f 6811 6321 6334
f 6811 6334 6817
f 6334 6333 6816
f 6334 6816 6817
f 6816 6810 6811
f 6816 6811 6817
f 6335 6817 6334
f 6335 6818 6817
f 6819 6335 6336
f 6819 6818 6335
f 6338 6820 6337
f 6338 6821 6820
f 6824 6812 6823
f 6824 6813 6812
f 6814 6342 6327
f 6814 6825 6342
f 6824 6814 6813
f 6824 6825 6814
f 6826 6343 6342
f 6826 6342 6825
f 6825 6814 6815
f 6825 6815 6826
f 6827 6344 6343
f 6827 6343 6826
f 6816 6333 6348
f 6816 6348 6828
f 6817 6349 6334
f 6817 6829 6349
f 6349 6828 6348
f 6349 6829 6828
f 6831 6819 6336
f 6831 6336 6351
f 6830 6818 6819
f 6830 6819 6831
f 6820 6352 6337
f 6820 6832 6352
f 6833 6821 6338
f 6833 6338 6353
f 6833 6822 6821
f 6833 6834 6822
f 6827 6355 6344
f 6827 6837 6355
f 6836 6827 6826
f 6836 6837 6827
f 6838 6356 6355
f 6838 6355 6837
f 6831 6351 6358
f 6831 6358 6840
f 6841 6352 6832
f 6841 6359 6352
f 6841 6358 6359
f 6841 6840 6358
f 6833 6353 6360
f 6833 6360 6842
f 6843 6833 6842
f 6843 6834 6833
f 6845 6362 6363
f 6845 6844 6362
f 6846 6363 6364
f 6846 6845 6363
f 6847 6836 6835
f 6847 6848 6836
f 6848 6837 6836
f 6848 6849 6837
f 6838 6367 6356
f 6838 6850 6367
f 6850 6366 6367
f 6850 6849 6366
f 6853 6852 6839
f 6853 6839 6840
f 6842 6360 6369
f 6842 6369 6854
f 6855 6369 6370
f 6855 6854 6369
f 6844 6371 6362
f 6844 6856 6371
f 6856 6370 6371
f 6856 6855 6370
f 6857 6856 6844
f 6857 6844 6845
f 6846 6364 6373
f 6846 6373 6858
f 6858 6857 6845
f 6858 6845 6846
f 6860 6366 6849
f 6860 6376 6366
f 6859 6849 6848
f 6859 6860 6849
f 6861 6850 6851
f 6861 6851 6862
f 6382 6381 6863
f 6382 6863 6864
f 6867 6866 6856
f 6867 6856 6857
f 6858 6373 6384
f 6858 6384 6868
f 6868 6384 6383
f 6868 6383 6867
f 6867 6857 6858
f 6867 6858 6868
f 6869 6384 6385
f 6869 6868 6384
f 6870 6376 6860
f 6870 6390 6376
f 6391 6390 6870
f 6391 6870 6871
f 6872 6863 6381
f 6872 6381 6394
f 6873 6382 6864
f 6873 6395 6382
f 6873 6863 6872
f 6873 6864 6863
f 6399 6398 6874
f 6399 6874 6875
f 6875 6874 6865
f 6875 6865 6866
f 6876 6867 6383
f 6876 6383 6400
f 6876 6400 6399
f 6876 6399 6875
f 6876 6875 6866
f 6876 6866 6867
f 6877 6384 6868
f 6877 6401 6384
f 6878 6869 6385
f 6878 6385 6402
f 6878 6402 6401
f 6878 6401 6877
f 6877 6868 6869
f 6877 6869 6878
f 6409 6879 6408
f 6409 6880 6879
f 6871 6410 6391
f 6871 6881 6410
f 6882 6872 6394
f 6882 6394 6411
f 6883 6395 6873
f 6883 6412 6395
f 6412 6882 6411
f 6412 6883 6882
f 6882 6873 6872
f 6882 6883 6873
f 6885 6874 6398
f 6885 6398 6415
f 6415 6414 6884
f 6415 6884 6885
f 6416 6885 6415
f 6416 6886 6885
f 6886 6874 6885
f 6886 6875 6874
f 6888 6418 6419
f 6888 6887 6418
f 6423 6889 6422
f 6423 6890 6889
f 6891 6423 6424
f 6891 6890 6423
f 6879 6425 6408
f 6879 6892 6425
f 6893 6880 6409
f 6893 6409 6426
f 6426 6425 6892
f 6426 6892 6893
f 6892 6879 6880
f 6892 6880 6893
f 6881 6427 6410
f 6881 6894 6427
f 6895 6428 6427
f 6895 6427 6894
f 6429 6428 6895
f 6429 6895 6896
f 6431 6430 6897
f 6431 6897 6898
f 6900 6433 6432
f 6900 6432 6899
f 6884 6414 6434
f 6884 6434 6901
f 6902 6415 6885
f 6902 6435 6415
f 6902 6434 6435
f 6902 6901 6434
f 6902 6884 6901
f 6902 6885 6884
f 6903 6886 6416
f 6903 6416 6436
f 6437 6903 6436
f 6437 6904 6903
f 6887 6438 6418
f 6887 6905 6438
f 6438 6904 6437
f 6438 6905 6904
f 6888 6419 6439
f 6888 6439 6906
f 6906 6905 6887
f 6906 6887 6888
f 6889 6442 6422
f 6889 6907 6442
f 6908 6907 6889
f 6908 6889 6890
f 6891 6424 6444
f 6891 6444 6909
f 6911 6445 6446
f 6911 6910 6445
f 6910 6895 6894
f 6910 6911 6895
f 6912 6429 6896
f 6912 6447 6429
f 6912 6446 6447
f 6912 6911 6446
f 6911 6896 6895
f 6911 6912 6896
f 6897 6430 6448
f 6897 6448 6913
f 6914 6431 6898
f 6914 6449 6431
f 6449 6913 6448
f 6449 6914 6913
f 6914 6897 6913
f 6914 6898 6897
f 6915 6899 6432
f 6915 6432 6450
f 6914 6898 6899
f 6914 6899 6915
f 6916 6433 6900
f 6916 6451 6433
f 6916 6450 6451
f 6916 6915 6450
f 6918 6454 6453
f 6918 6453 6917
f 6455 6454 6918
f 6455 6918 6919
f 6919 6918 6904
f 6919 6904 6905
f 6920 6906 6439
f 6920 6439 6456
f 6919 6905 6906
f 6919 6906 6920
f 6907 6457 6442
f 6907 6921 6457
f 6922 6458 6457
f 6922 6457 6921
f 6909 6444 6459
f 6909 6459 6923
f 6923 6459 6458
f 6923 6458 6922
f 6924 6445 6910
f 6924 6460 6445
f 6925 6461 6460
f 6925 6460 6924
f 6463 6462 6926
f 6463 6926 6927
f 6917 6453 6467
f 6917 6467 6931
f 6467 6466 6930
f 6467 6930 6931
f 6932 6455 6919
f 6932 6468 6455
f 6920 6456 6469
f 6920 6469 6933
f 6932 6919 6920
f 6932 6920 6933
f 6934 6469 6470
f 6934 6933 6469
f 6925 6472 6461
f 6925 6936 6472
f 6926 6462 6473
f 6926 6473 6937
f 6473 6472 6936
f 6473 6936 6937
f 6927 6474 6463
f 6927 6938 6474
f 6938 6926 6937
f 6938 6927 6926
f 6939 6475 6474
f 6939 6474 6938
f 6477 6476 6940
f 6477 6940 6941
f 6478 6477 6941
f 6478 6941 6942
f 6941 6928 6929
f 6941 6929 6942
f 6943 6479 6478
f 6943 6478 6942
f 6930 6466 6480
f 6930 6480 6944
f 6932 6482 6468
f 6932 6945 6482
f 6946 6945 6932
f 6946 6932 6933
f 6934 6470 6483
f 6934 6483 6947
f 6947 6935 6934
f 6947 6948 6935
f 6949 6938 6937
f 6949 6950 6938
f 6939 6485 6475
f 6939 6951 6485
f 6950 6939 6938
f 6950 6951 6939
f 6940 6476 6486
f 6940 6486 6952
f 6952 6486 6485
f 6952 6485 6951
f 6953 6940 6952
f 6953 6941 6940
f 6954 6941 6953
f 6954 6942 6941
f 6943 6488 6479
f 6943 6955 6488
f 6944 6480 6489
f 6944 6489 6956
f 6956 6489 6488
f 6956 6488 6955
f 6957 6482 6945
f 6957 6491 6482
f 6492 6491 6957
f 6492 6957 6958
f 6958 6957 6945
f 6958 6945 6946
f 6959 6947 6483
f 6959 6483 6493
f 6493 6492 6958
f 6493 6958 6959
f 6960 6947 6959
f 6960 6948 6947
f 6961 6950 6949
f 6961 6962 6950
f 6962 6951 6950
f 6962 6963 6951
f 6964 6951 6963
f 6964 6952 6951
f 6965 6954 6953
f 6965 6966 6954
f 6967 6954 6966
f 6967 6955 6954
f 6968 6963 6962
f 6968 6969 6963
f 6970 6963 6969
f 6970 6964 6963
f 6500 6971 6499
f 6500 6972 6971
f 6971 6503 6499
f 6971 6973 6503
f 6974 6972 6500
f 6974 6500 6504
f 6973 6971 6972
f 6973 6972 6974
f 6975 6504 6505
f 6975 6974 6504
f 6979 6506 6507
f 6979 6978 6506
f 6980 6507 6508
f 6980 6979 6507
f 6981 6503 6973
f 6981 6509 6503
f 6981 6973 6974
f 6981 6974 6982
f 6983 6975 6505
f 6983 6505 6511
f 6982 6974 6975
f 6982 6975 6983
f 6985 6512 6513
f 6985 6984 6512
f 6514 6985 6513
f 6514 6986 6985
f 6515 6986 6514
f 6515 6987 6986
f 6988 6515 6516
f 6988 6987 6515
f 6987 6977 6976
f 6987 6988 6977
f 6978 6517 6506
f 6978 6989 6517
f 6990 6989 6978
f 6990 6978 6979
f 6991 6980 6508
f 6991 6508 6519
f 6991 6519 6518
f 6991 6518 6990
f 6991 6990 6979
f 6991 6979 6980
f 6981 6520 6509
f 6981 6992 6520
f 6992 6981 6982
f 6992 6982 6993
f 6983 6511 6522
f 6983 6522 6994
f 6993 6982 6983
f 6993 6983 6994
f 6984 6524 6512
f 6984 6996 6524
f 6998 6988 6516
f 6998 6516 6528
f 6997 6987 6988
f 6997 6988 6998
f 6989 6529 6517
f 6989 6999 6529
f 6990 6518 6530
f 6990 6530 7000
f 7000 6999 6989
f 7000 6989 6990
f 7001 6530 6531
f 7001 7000 6530
f 6992 6532 6520
f 6992 7002 6532
f 6532 7001 6531
f 6532 7002 7001
f 7003 7002 6992
f 7003 6992 6993
f 7004 6994 6522
f 7004 6522 6534
f 7004 6534 6533
f 7004 6533 7003
f 7004 7003 6993
f 7004 6993 6994
f 6996 6536 6524
f 6996 7006 6536
f 7005 6996 6995
f 7005 7006 6996
f 7008 6538 6537
f 7008 6537 7007
f 6539 6538 7008
f 6539 7008 7009
f 7010 6998 6528
f 7010 6528 6540
f 7010 7009 6997
f 7010 6997 6998
f 7011 6529 6999
f 7011 6541 6529
f 7011 6540 6541
f 7011 7010 6540
f 7011 6998 7010
f 7011 6999 6998
f 7012 7000 7001
f 7012 7001 7013
f 7014 7013 7001
f 7014 7001 7002
f 7003 6533 6544
f 7003 6544 7015
f 7015 7014 7002
f 7015 7002 7003
f 7006 6546 6536
f 7006 7016 6546
f 7017 7007 6537
f 7017 6537 6547
f 7016 7006 7007
f 7016 7007 7017
f 7018 6547 6548
f 7018 7017 6547
f 7017 7008 7007
f 7017 7018 7008
f 7009 6549 6539
f 7009 7019 6549
f 7019 7008 7018
f 7019 7009 7008
f 7020 7012 7013
f 7020 7013 7021
f 7021 7013 7014
f 7021 7014 7022
f 7015 6544 6554
f 7015 6554 7023
f 7023 6554 6553
f 7023 6553 7022
f 7023 7022 7014
f 7023 7014 7015
f 7024 6546 7016
f 7024 6558 6546
f 7018 6548 6560
f 7018 6560 7026
f 7027 6549 7019
f 7027 6561 6549
f 7027 6560 6561
f 7027 7026 6560
f 7028 6562 6561
f 7028 6561 7027
f 7030 7022 6553
f 7030 6553 6566
f 6566 6565 7029
f 6566 7029 7030
f 7024 6570 6558
f 7024 7032 6570
f 7033 6571 6570
f 7033 6570 7032
f 7034 7033 7025
f 7034 7025 7026
f 7035 7027 6561
f 7035 6561 6573
f 7028 6574 6562
f 7028 7036 6574
f 6574 7035 6573
f 6574 7036 7035
f 7035 7028 7027
f 7035 7036 7028
f 7039 7029 6565
f 7039 6565 6577
f 6579 7040 6578
f 6579 7041 7040
f 6580 7041 6579
f 6580 7042 7041
f 6582 7043 6581
f 6582 7044 7043
f 6583 7044 6582
f 6583 7045 7044
f 7047 7031 7046
f 7047 7032 7031
f 7033 6587 6571
f 7033 7048 6587
f 7048 7032 7047
f 7048 7033 7032
f 7049 6588 6587
f 7049 6587 7048
f 7050 6589 6588
f 7050 6588 7049
f 6590 6589 7050
f 6590 7050 7051
f 7052 7037 7038
f 7052 7038 7053
f 7039 6577 6591
f 7039 6591 7054
f 7040 6592 6578
f 7040 7055 6592
f 7055 6591 6592
f 7055 7054 6591
f 7056 7042 6580
f 7056 6580 6594
f 7057 6581 7043
f 7057 6595 6581
f 7045 6583 6597
f 7045 6597 7059
f 6597 6596 7058
f 6597 7058 7059
f 7061 6598 6599
f 7061 7060 6598
f 7060 7050 7049
f 7060 7061 7050
f 7051 6600 6590
f 7051 7062 6600
f 7061 7051 7050
f 7061 7062 7051
f 6601 6600 7062
f 6601 7062 7063
f 7056 6594 6604
f 7056 6604 7064
f 7057 6605 6595
f 7057 7065 6605
f 7065 6604 6605
f 7065 7064 6604
f 7058 6596 6606
f 7058 6606 7066
f 7067 6606 6607
f 7067 7066 6606
f 7066 7059 7058
f 7066 7067 7059
f 7069 6608 6609
f 7069 7068 6608
f 7070 6609 6610
f 7070 7069 6609
f 7071 6610 6611
f 7071 7070 6610
f 7072 6598 7060
f 7072 6612 6598
f 7061 6599 6613
f 7061 6613 7073
f 7073 6613 6612
f 7073 6612 7072
f 7074 6613 6614
f 7074 7073 6613
f 7074 7061 7073
f 7074 7062 7061
f 7063 6615 6601
f 7063 7075 6615
f 6615 7074 6614
f 6615 7075 7074
f 7074 7063 7062
f 7074 7075 7063
f 6619 6618 7076
f 6619 7076 7077
f 7078 7067 6607
f 7078 6607 6620
f 7068 6621 6608
f 7068 7079 6621
f 6621 7078 6620
f 6621 7079 7078
f 7078 7068 7067
f 7078 7079 7068
f 7079 7068 7069
f 7079 7069 7080
f 7081 6623 6622
f 7081 6622 7080
f 7081 7080 7069
f 7081 7069 7070
f 7082 7071 6611
f 7082 6611 6624
f 7082 6624 6623
f 7082 6623 7081
f 7081 7070 7071
f 7081 7071 7082
f 7084 6613 7073
f 7084 6627 6613
f 7083 7073 7072
f 7083 7084 7073
f 7076 6618 6631
f 7076 6631 7086
f 7077 6632 6619
f 7077 7087 6632
f 7087 7076 7086
f 7087 7077 7076
f 7090 7080 6622
f 7090 6622 6633
f 7089 7079 7080
f 7089 7080 7090
f 7091 6633 6634
f 7091 7090 6633
f 7092 6627 7084
f 7092 6643 6627
f 7093 6644 6643
f 7093 6643 7092
f 6645 6644 7093
f 6645 7093 7094
f 7086 6631 6648
f 7086 6648 7096
f 7096 7095 7085
f 7096 7085 7086
f 7097 6632 7087
f 7097 6649 6632
f 7097 6648 6649
f 7097 7096 6648
f 7097 7086 7096
f 7097 7087 7086
f 7100 7088 7089
f 7100 7089 7101
f 7102 6654 6653
f 7102 6653 7101
f 7102 7101 7089
f 7102 7089 7090
f 7103 7091 6634
f 7103 6634 6655
f 7103 6655 6654
f 7103 6654 7102
f 7102 7090 7091
f 7102 7091 7103
f 6663 7104 6662
f 6663 7105 7104
f 7107 6645 7094
f 7107 6665 6645
f 7106 7094 7093
f 7106 7107 7094
f 6667 6666 7108
f 6667 7108 7109
f 7110 7109 7095
f 7110 7095 7096
f 7112 7098 7099
f 7112 7099 7113
f 7114 7101 6653
f 7114 6653 6673
f 7116 6674 6675
f 7116 7115 6674
f 7117 6675 6676
f 7117 7116 6675
f 6681 7118 6680
f 6681 7119 7118
f 7104 6682 6662
f 7104 7120 6682
f 7120 6681 6682
f 7120 7119 6681
f 7105 6663 6683
f 7105 6683 7121
f 7121 6683 6682
f 7121 6682 7120
f 7121 7120 7104
f 7121 7104 7105
f 7107 6685 6665
f 7107 7123 6685
f 7123 7106 7122
f 7123 7107 7106
f 6686 6685 7123
f 6686 7123 7124
f 7108 6666 6687
f 7108 6687 7125
f 7126 6667 7109
f 7126 6688 6667
f 7126 6687 6688
f 7126 7125 6687
f 7126 7108 7125
f 7126 7109 7108
f 7127 7110 7111
f 7127 7111 7128
f 6691 6690 7129
f 6691 7129 7130
f 7131 7114 6673
f 7131 6673 6693
f 7115 6694 6674
f 7115 7132 6694
f 6694 7131 6693
f 6694 7132 7131
f 7131 7115 7114
f 7131 7132 7115
f 6695 6694 7132
f 6695 7132 7133
f 7132 7115 7116
f 7132 7116 7133
f 7117 6676 6696
f 7117 6696 7134
f 7133 7116 7117
f 7133 7117 7134
f 7118 6699 6680
f 7118 7135 6699
f 7120 6682 6701
f 7120 6701 7137
f 6701 6700 7136
f 6701 7136 7137
f 7138 7123 7122
f 7138 7139 7123
f 7140 6686 7124
f 7140 6703 6686
f 7140 6702 6703
f 7140 7139 6702
f 7140 7123 7139
f 7140 7124 7123
f 7141 7127 7128
f 7141 7128 7142
f 7129 6690 6704
f 7129 6704 7143
f 7130 6705 6691
f 7130 7144 6705
f 6705 7143 6704
f 6705 7144 7143
f 7143 7130 7129
f 7143 7144 7130
f 7146 6707 6706
f 7146 6706 7145
f 7147 7132 6694
f 7147 6694 6708
f 7147 6708 6707
f 7147 6707 7146
f 7148 6695 7133
f 7148 6709 6695
f 7134 6696 6710
f 7134 6710 7149
f 7148 7133 7134
f 7148 7134 7149
f 7150 6710 6711
f 7150 7149 6710
f 7135 6713 6699
f 7135 7151 6713
f 7136 6700 6714
f 7136 6714 7152
f 7152 6714 6713
f 7152 6713 7151
f 7153 6702 7139
f 7153 6715 6702
f 7156 6720 6719
f 7156 6719 7155
f 7157 6721 6720
f 7157 6720 7156
f 7145 6706 6722
f 7145 6722 7158
f 7148 6724 6709
f 7148 7160 6724
f 7160 7148 7149
f 7160 7149 7161
f 7150 6711 6725
f 7150 6725 7162
f 7164 6715 7153
f 7164 6727 6715
f 6728 6727 7164
f 6728 7164 7165
f 7164 7153 7154
f 7164 7154 7165
f 6729 6728 7165
f 6729 7165 7166
f 7167 6730 6729
f 7167 6729 7166
f 7169 7155 6719
f 7169 6719 6732
f 7169 6732 6731
f 7169 6731 7168
f 7170 7155 7169
f 7170 7156 7155
f 7157 6734 6721
f 7157 7171 6734
f 7158 6722 6735
f 7158 6735 7172
f 7172 7159 7158
f 7172 7173 7159
f 7174 6724 7160
f 7174 6737 6724
f 6738 6737 7174
f 6738 7174 7175
f 7174 7160 7161
f 7174 7161 7175
f 7176 7162 6725
f 7176 6725 6739
f 7176 7163 7162
f 7176 7177 7163
f 7178 7166 7165
f 7178 7179 7166
f 7167 6742 6730
f 7167 7180 6742
f 7179 7167 7166
f 7179 7180 7167
f 7168 6731 6743
f 7168 6743 7181
f 7181 6743 6742
f 7181 6742 7180
f 7182 7168 7181
f 7182 7169 7168
f 7182 7170 7169
f 7182 7183 7170
f 7171 6746 6734
f 7171 7184 6746
f 7183 7171 7170
f 7183 7184 7171
f 7172 6735 6747
f 7172 6747 7185
f 7185 6747 6746
f 7185 6746 7184
f 7186 6738 7175
f 7186 6750 6738
f 7187 7176 6739
f 7187 6739 6751
f 6751 6750 7186
f 6751 7186 7187
f 7188 7176 7187
f 7188 7177 7176
f 7189 7180 7179
f 7189 7190 7180
f 7191 7180 7190
f 7191 7181 7180
f 7192 7183 7182
f 7192 7193 7183
f 7194 7183 7193
f 7194 7184 7183
f 6765 7200 6764
f 6765 7201 7200
f 7201 7195 7200
f 7201 7196 7195
f 7202 6765 6766
f 7202 7201 6765
f 7203 6766 6767
f 7203 7202 6766
f 7202 7198 7197
f 7202 7203 7198
f 6775 7205 6774
f 6775 7206 7205
f 7207 6764 7200
f 7207 6776 6764
f 6776 7206 6775
f 6776 7207 7206
f 7207 7199 7206
f 7207 7200 7199
f 7209 7203 6767
f 7209 6767 6778
f 7209 6778 6777
f 7209 6777 7208
f 7210 6778 6779
f 7210 7209 6778
f 7209 7204 7203
f 7209 7210 7204
f 7205 6785 6774
f 7205 7211 6785
f 7212 6786 6785
f 7212 6785 7211
f 7213 7208 6777
f 7213 6777 6789
f 7214 6778 7209
f 7214 6790 6778
f 6790 7213 6789
f 6790 7214 7213
f 7214 7208 7213
f 7214 7209 7208
f 7210 6779 6791
f 7210 6791 7215
f 7212 6796 6786
f 7212 7217 6796
f 7216 7212 7211
f 7216 7217 7212
f 7220 7215 6791
f 7220 6791 6801
f 7221 6801 6802
f 7221 7220 6801
f 7223 6803 6804
f 7223 7222 6803
f 7225 6796 7217
f 7225 6805 6796
f 7224 7217 7216
f 7224 7225 7217
f 7226 7218 7219
f 7226 7219 7227
f 7221 6802 6809
f 7221 6809 7229
f 7228 7220 7221
f 7228 7221 7229
f 7222 6810 6803
f 7222 7230 6810
f 6810 7229 6809
f 6810 7230 7229
f 7231 7223 6804
f 7231 6804 6811
f 7231 6811 6810
f 7231 6810 7230
f 7231 7230 7222
f 7231 7222 7223
f 7233 6805 7225
f 7233 6813 6805
f 7233 6812 6813
f 7233 7232 6812
f 7233 7224 7232
f 7233 7225 7224
f 6815 6814 7234
f 6815 7234 7235
f 7237 7230 6810
f 7237 6810 6816
f 6818 7238 6817
f 6818 7239 7238
f 6821 7240 6820
f 6821 7241 7240
f 6822 7241 6821
f 6822 7242 7241
f 7243 6812 7232
f 7243 6823 6812
f 7244 6824 6823
f 7244 6823 7243
f 7234 6814 6825
f 7234 6825 7245
f 7245 6825 6824
f 7245 6824 7244
f 7246 6815 7235
f 7246 6826 6815
f 7245 7235 7234
f 7245 7246 7235
f 7237 6816 6828
f 7237 6828 7249
f 7249 7248 7236
f 7249 7236 7237
f 7238 6829 6817
f 7238 7250 6829
f 7250 6828 6829
f 7250 7249 6828
f 7239 6818 6830
f 7239 6830 7251
f 7251 7250 7238
f 7251 7238 7239
f 7252 6830 6831
f 7252 7251 6830
f 7240 6832 6820
f 7240 7253 6832
f 7254 7253 7240
f 7254 7240 7241
f 7255 7242 6822
f 7255 6822 6834
f 7254 7241 7242
f 7254 7242 7255
f 7246 6836 6826
f 7246 7257 6836
f 7257 6835 6836
f 7257 7256 6835
f 6838 6837 7258
f 6838 7258 7259
f 7261 7260 7247
f 7261 7247 7248
f 7262 7261 7248
f 7262 7248 7249
f 7263 7262 7249
f 7263 7249 7250
f 7263 7250 7251
f 7263 7251 7264
f 7252 6831 6840
f 7252 6840 7265
f 7265 6840 6839
f 7265 6839 7264
f 7264 7251 7252
f 7264 7252 7265
f 7253 6841 6832
f 7253 7266 6841
f 6841 7265 6840
f 6841 7266 7265
f 7267 7266 7253
f 7267 7253 7254
f 7268 7255 6834
f 7268 6834 6843
f 7268 6843 6842
f 7268 6842 7267
f 7268 7267 7254
f 7268 7254 7255
f 7256 6847 6835
f 7256 7269 6847
f 6848 6847 7269
f 6848 7269 7270
f 7269 7256 7257
f 7269 7257 7270
f 7258 6837 6849
f 7258 6849 7271
f 7259 6850 6838
f 7259 7272 6850
f 7272 6849 6850
f 7272 7271 6849
f 7272 7258 7271
f 7272 7259 7258
f 6851 6850 7272
f 6851 7272 7273
f 7274 7261 7262
f 7274 7262 7275
f 7276 7275 7262
f 7276 7262 7263
f 7264 6839 6852
f 7264 6852 7277
f 7277 7276 7263
f 7277 7263 7264
f 7265 6853 6840
f 7265 7278 6853
f 7278 6852 6853
f 7278 7277 6852
f 7267 6842 6854
f 7267 6854 7279
f 7280 6854 6855
f 7280 7279 6854
f 7281 6855 6856
f 7281 7280 6855
f 7270 6859 6848
f 7270 7282 6859
f 7283 6860 6859
f 7283 6859 7282
f 7283 7282 7270
f 7283 7270 7271
f 7272 6850 6861
f 7272 6861 7284
f 7273 6862 6851
f 7273 7285 6862
f 6862 7284 6861
f 6862 7285 7284
f 7284 7273 7272
f 7284 7285 7273
f 7288 7279 7280
f 7288 7280 7289
f 7281 6856 6866
f 7281 6866 7290
f 7290 6866 6865
f 7290 6865 7289
f 7290 7289 7280
f 7290 7280 7281
f 7292 6860 7283
f 7292 6870 6860
f 7291 7283 7282
f 7291 7292 7283
f 7293 6871 6870
f 7293 6870 7292
f 7294 7286 7287
f 7294 7287 7295
f 7297 7289 6865
f 7297 6865 6874
f 7296 7288 7289
f 7296 7289 7297
f 7298 6874 6875
f 7298 7297 6874
f 7300 7291 7299
f 7300 7292 7291
f 7293 6881 6871
f 7293 7301 6881
f 7300 7293 7292
f 7300 7301 7293
f 7307 7306 7296
f 7307 7296 7297
f 7298 6875 6886
f 7298 6886 7308
f 7307 7297 7298
f 7307 7298 7308
f 6891 7309 6890
f 6891 7310 7309
f 7311 6881 7301
f 7311 6894 6881
f 7312 7302 7303
f 7312 7303 7313
f 7314 7304 7305
f 7314 7305 7315
f 7317 6899 6898
f 7317 6898 7316
f 7318 6900 6899
f 7318 6899 7317
f 7320 7308 6886
f 7320 6886 6903
f 7321 6903 6904
f 7321 7320 6903
f 7309 6908 6890
f 7309 7323 6908
f 6908 7322 6907
f 6908 7323 7322
f 7310 6891 6909
f 7310 6909 7324
f 7324 7323 7309
f 7324 7309 7310
f 7325 6894 7311
f 7325 6910 6894
f 7326 7314 7315
f 7326 7315 7327
f 7316 6898 6914
f 7316 6914 7328
f 7327 7315 7316
f 7327 7316 7328
f 7329 6914 6915
f 7329 7328 6914
f 7329 7316 7328
f 7329 7317 7316
f 7330 6900 7318
f 7330 6916 6900
f 7330 6915 6916
f 7330 7329 6915
f 7329 7318 7317
f 7329 7330 7318
f 7332 7331 7319
f 7332 7319 7320
f 7333 7321 6904
f 7333 6904 6918
f 7333 6918 6917
f 7333 6917 7332
f 7332 7320 7321
f 7332 7321 7333
f 7322 6921 6907
f 7322 7334 6921
f 6922 6921 7334
f 6922 7334 7335
f 7335 7334 7322
f 7335 7322 7323
f 7336 7324 6909
f 7336 6909 6923
f 7336 6923 6922
f 7336 6922 7335
f 7336 7335 7323
f 7336 7323 7324
f 7337 6910 7325
f 7337 6924 6910
f 6925 6924 7337
f 6925 7337 7338
f 6929 6928 7339
f 6929 7339 7340
f 7343 7332 6917
f 7343 6917 6931
f 7343 6931 6930
f 7343 6930 7342
f 7343 7342 7331
f 7343 7331 7332
f 6934 7344 6933
f 6934 7345 7344
f 6935 7345 6934
f 6935 7346 7345
f 7338 6936 6925
f 7338 7347 6936
f 7348 6937 6936
f 7348 6936 7347
f 7349 7339 6928
f 7349 6928 6941
f 7350 6929 7340
f 7350 6942 6929
f 6942 7349 6941
f 6942 7350 7349
f 6943 6942 7350
f 6943 7350 7351
f 7351 7350 7340
f 7351 7340 7341
f 7352 7342 6930
f 7352 6930 6944
f 7352 7351 7341
f 7352 7341 7342
f 7344 6946 6933
f 7344 7353 6946
f 7354 7353 7344
f 7354 7344 7345
f 7355 7346 6935
f 7355 6935 6948
f 7354 7345 7346
f 7354 7346 7355
f 7348 6949 6937
f 7348 7357 6949
f 7356 7348 7347
f 7356 7357 7348
f 6953 6952 7360
f 6953 7360 7361
f 7350 6942 6954
f 7350 6954 7362
f 7363 6943 7351
f 7363 6955 6943
f 6955 7362 6954
f 6955 7363 7362
f 7352 6944 6956
f 7352 6956 7364
f 7364 6956 6955
f 7364 6955 7363
f 7365 6946 7353
f 7365 6958 6946
f 6959 6958 7365
f 6959 7365 7366
f 7365 7353 7354
f 7365 7354 7366
f 7355 6948 6960
f 7355 6960 7367
f 6960 6959 7366
f 6960 7366 7367
f 7366 7354 7355
f 7366 7355 7367
f 7368 6949 7357
f 7368 6961 6949
f 7369 6962 6961
f 7369 6961 7368
f 7368 7357 7358
f 7368 7358 7369
f 7360 6952 6964
f 7360 6964 7371
f 7371 7370 7359
f 7371 7359 7360
f 7361 6965 6953
f 7361 7372 6965
f 7373 6966 6965
f 7373 6965 7372
f 7363 6955 6967
f 7363 6967 7374
f 6967 6966 7373
f 6967 7373 7374
f 7375 6962 7369
f 7375 6968 6962
f 6969 6968 7375
f 6969 7375 7376
f 7375 7369 7370
f 7375 7370 7376
f 7377 7371 6964
f 7377 6964 6970
f 6970 6969 7376
f 6970 7376 7377
f 7376 7370 7371
f 7376 7371 7377
f 6977 7380 6976
f 6977 7381 7380
f 6985 7383 6984
f 6985 7384 7383
f 7385 6985 6986
f 7385 7384 6985
f 7385 7378 7384
f 7385 7379 7378
f 7386 6976 7380
f 7386 6987 6976
f 7386 6986 6987
f 7386 7385 6986
f 7385 7380 7379
f 7385 7386 7380
f 7387 7381 6977
f 7387 6977 6988
f 6988 6987 7386
f 6988 7386 7387
f 7388 7381 7387
f 7388 7382 7381
f 7390 6984 7383
f 7390 6996 6984
f 7390 6995 6996
f 7390 7389 6995
f 7386 6987 6997
f 7386 6997 7391
f 7391 7387 7386
f 7391 7392 7387
f 6999 7392 6998
f 6999 7393 7392
f 7392 7388 7387
f 7392 7393 7388
f 7394 6999 7000
f 7394 7393 6999
f 7395 6995 7389
f 7395 7005 6995
f 7396 7006 7005
f 7396 7005 7395
f 7397 7007 7006
f 7397 7006 7396
f 7398 7391 6997
f 7398 6997 7009
f 7392 7010 6998
f 7392 7399 7010
f 7010 7398 7009
f 7010 7399 7398
f 7394 7000 7012
f 7394 7012 7401
f 7400 7393 7394
f 7400 7394 7401
f 7403 7007 7397
f 7403 7017 7007
f 7403 7016 7017
f 7403 7402 7016
f 7402 7397 7396
f 7402 7403 7397
f 7019 7018 7404
f 7019 7404 7405
f 7406 7399 7400
f 7406 7400 7407
f 7401 7012 7020
f 7401 7020 7408
f 7407 7400 7401
f 7407 7401 7408
f 7409 7020 7021
f 7409 7408 7020
f 7410 7021 7022
f 7410 7409 7021
f 7411 7016 7402
f 7411 7024 7016
f 7404 7018 7026
f 7404 7026 7413
f 7413 7026 7025
f 7413 7025 7412
f 7414 7019 7405
f 7414 7027 7019
f 7027 7413 7026
f 7027 7414 7413
f 7414 7404 7413
f 7414 7405 7404
f 7414 7405 7406
f 7414 7406 7415
f 7417 7416 7407
f 7417 7407 7408
f 7410 7022 7030
f 7410 7030 7419
f 7419 7030 7029
f 7419 7029 7418
f 7419 7418 7409
f 7419 7409 7410
f 7411 7032 7024
f 7411 7421 7032
f 7421 7031 7032
f 7421 7420 7031
f 7422 7412 7025
f 7422 7025 7033
f 7413 7034 7026
f 7413 7423 7034
f 7034 7422 7033
f 7034 7423 7422
f 7423 7412 7422
f 7423 7413 7412
f 7424 7415 7416
f 7424 7416 7425
f 7426 7038 7037
f 7426 7037 7425
f 7427 7418 7029
f 7427 7029 7039
f 7041 7428 7040
f 7041 7429 7428
f 7430 7041 7042
f 7430 7429 7041
f 7044 7431 7043
f 7044 7432 7431
f 7045 7432 7044
f 7045 7433 7432
f 7420 7046 7031
f 7420 7434 7046
f 7047 7046 7434
f 7047 7434 7435
f 7434 7420 7421
f 7434 7421 7435
f 7436 7048 7047
f 7436 7047 7435
f 7437 7049 7048
f 7437 7048 7436
f 7438 7425 7037
f 7438 7037 7052
f 7426 7053 7038
f 7426 7439 7053
f 7053 7438 7052
f 7053 7439 7438
f 7438 7426 7425
f 7438 7439 7426
f 7427 7039 7054
f 7427 7054 7440
f 7440 7439 7426
f 7440 7426 7427
f 7428 7055 7040
f 7428 7441 7055
f 7441 7054 7055
f 7441 7440 7054
f 7442 7441 7428
f 7442 7428 7429
f 7443 7430 7042
f 7443 7042 7056
f 7442 7429 7430
f 7442 7430 7443
f 7431 7057 7043
f 7431 7444 7057
f 7445 7444 7431
f 7445 7431 7432
f 7433 7045 7059
f 7433 7059 7446
f 7445 7432 7433
f 7445 7433 7446
f 7437 7060 7049
f 7437 7447 7060
f 7450 7449 7438
f 7450 7438 7439
f 7450 7439 7440
f 7450 7440 7451
f 7452 7451 7440
f 7452 7440 7441
f 7452 7441 7442
f 7452 7442 7453
f 7443 7056 7064
f 7443 7064 7454
f 7454 7453 7442
f 7454 7442 7443
f 7444 7065 7057
f 7444 7455 7065
f 7065 7454 7064
f 7065 7455 7454
f 7456 7455 7444
f 7456 7444 7445
f 7457 7446 7059
f 7457 7059 7067
f 7456 7445 7446
f 7456 7446 7457
f 7458 7067 7068
f 7458 7457 7067
f 7459 7060 7447
f 7459 7072 7060
f 7459 7447 7448
f 7459 7448 7460
f 7462 7449 7450
f 7462 7450 7463
f 7463 7450 7451
f 7463 7451 7464
f 7464 7451 7452
f 7464 7452 7465
f 7466 7465 7452
f 7466 7452 7453
f 7467 7456 7457
f 7467 7457 7468
f 7458 7068 7079
f 7458 7079 7469
f 7468 7457 7458
f 7468 7458 7469
f 7459 7083 7072
f 7459 7470 7083
f 7471 7084 7083
f 7471 7083 7470
f 7470 7459 7460
f 7470 7460 7471
f 7472 7471 7460
f 7472 7460 7461
f 7475 7086 7085
f 7475 7085 7474
f 7476 7467 7468
f 7476 7468 7477
f 7478 7469 7079
f 7478 7079 7089
f 7478 7089 7088
f 7478 7088 7477
f 7478 7477 7468
f 7478 7468 7469
f 7471 7092 7084
f 7471 7480 7092
f 7479 7471 7470
f 7479 7480 7471
f 7481 7093 7092
f 7481 7092 7480
f 7483 7474 7085
f 7483 7085 7095
f 7482 7473 7474
f 7482 7474 7483
f 7475 7096 7086
f 7475 7484 7096
f 7099 7098 7485
f 7099 7485 7486
f 7477 7088 7100
f 7477 7100 7487
f 7487 7486 7476
f 7487 7476 7477
f 7488 7100 7101
f 7488 7487 7100
f 7481 7106 7093
f 7481 7490 7106
f 7489 7481 7480
f 7489 7490 7481
f 7493 7483 7095
f 7493 7095 7109
f 7484 7110 7096
f 7484 7494 7110
f 7110 7493 7109
f 7110 7494 7493
f 7493 7484 7483
f 7493 7494 7484
f 7495 7111 7110
f 7495 7110 7494
f 7485 7098 7112
f 7485 7112 7496
f 7497 7099 7486
f 7497 7113 7099
f 7113 7496 7112
f 7113 7497 7496
f 7497 7485 7496
f 7497 7486 7485
f 7498 7497 7486
f 7498 7486 7487
f 7488 7101 7114
f 7488 7114 7499
f 7500 7114 7115
f 7500 7499 7114
f 7119 7501 7118
f 7119 7502 7501
f 7503 7119 7120
f 7503 7502 7119
f 7504 7106 7490
f 7504 7122 7106
f 7505 7491 7492
f 7505 7492 7506
f 7494 7110 7127
f 7494 7127 7509
f 7509 7508 7493
f 7509 7493 7494
f 7510 7111 7495
f 7510 7128 7111
f 7509 7495 7494
f 7509 7510 7495
f 7500 7115 7132
f 7500 7132 7513
f 7512 7499 7500
f 7512 7500 7513
f 7501 7135 7118
f 7501 7514 7135
f 7515 7514 7501
f 7515 7501 7502
f 7503 7120 7137
f 7503 7137 7516
f 7516 7137 7136
f 7516 7136 7515
f 7516 7515 7502
f 7516 7502 7503
f 7504 7138 7122
f 7504 7517 7138
f 7518 7139 7138
f 7518 7138 7517
f 7520 7519 7507
f 7520 7507 7508
f 7521 7509 7127
f 7521 7127 7141
f 7520 7508 7509
f 7520 7509 7521
f 7522 7128 7510
f 7522 7142 7128
f 7522 7141 7142
f 7522 7521 7141
f 7521 7510 7509
f 7521 7522 7510
f 7525 7146 7145
f 7525 7145 7524
f 7525 7524 7511
f 7525 7511 7512
f 7513 7132 7147
f 7513 7147 7526
f 7526 7147 7146
f 7526 7146 7525
f 7525 7512 7513
f 7525 7513 7526
f 7150 7527 7149
f 7150 7528 7527
f 7514 7151 7135
f 7514 7529 7151
f 7530 7515 7136
f 7530 7136 7152
f 7152 7151 7529
f 7152 7529 7530
f 7530 7529 7514
f 7530 7514 7515
f 7518 7153 7139
f 7518 7531 7153
f 7154 7153 7531
f 7154 7531 7532
f 7157 7156 7534
f 7157 7534 7535
f 7536 7524 7145
f 7536 7145 7158
f 7536 7535 7523
f 7536 7523 7524
f 7537 7158 7159
f 7537 7536 7158
f 7527 7161 7149
f 7527 7538 7161
f 7539 7528 7150
f 7539 7150 7162
f 7538 7527 7528
f 7538 7528 7539
f 7540 7162 7163
f 7540 7539 7162
f 7532 7165 7154
f 7532 7542 7165
f 7541 7532 7531
f 7541 7542 7532
f 7534 7156 7170
f 7534 7170 7544
f 7544 7543 7533
f 7544 7533 7534
f 7545 7157 7535
f 7545 7171 7157
f 7545 7170 7171
f 7545 7544 7170
f 7537 7159 7173
f 7537 7173 7547
f 7173 7172 7546
f 7173 7546 7547
f 7546 7536 7537
f 7546 7537 7547
f 7548 7161 7538
f 7548 7175 7161
f 7549 7548 7538
f 7549 7538 7539
f 7550 7540 7163
f 7550 7163 7177
f 7549 7539 7540
f 7549 7540 7550
f 7542 7178 7165
f 7542 7551 7178
f 7552 7179 7178
f 7552 7178 7551
f 7182 7181 7554
f 7182 7554 7555
f 7546 7172 7185
f 7546 7185 7558
f 7558 7185 7184
f 7558 7184 7557
f 7548 7186 7175
f 7548 7559 7186
f 7187 7186 7559
f 7187 7559 7560
f 7559 7548 7549
f 7559 7549 7560
f 7550 7177 7188
f 7550 7188 7561
f 7188 7187 7560
f 7188 7560 7561
f 7561 7560 7549
f 7561 7549 7550
f 7552 7189 7179
f 7552 7562 7189
f 7563 7190 7189
f 7563 7189 7562
f 7554 7181 7191
f 7554 7191 7564
f 7564 7191 7190
f 7564 7190 7563
f 7564 7563 7553
f 7564 7553 7554
f 7555 7192 7182
f 7555 7565 7192
f 7193 7192 7565
f 7193 7565 7566
f 7565 7555 7556
f 7565 7556 7566
f 7557 7184 7194
f 7557 7194 7567
f 7567 7194 7193
f 7567 7193 7566
f 7196 7570 7195
f 7196 7571 7570
f 7198 7572 7197
f 7198 7573 7572
f 7573 7568 7572
f 7573 7569 7568
f 7578 7195 7570
f 7578 7200 7195
f 7200 7577 7199
f 7200 7578 7577
f 7579 7571 7196
f 7579 7196 7201
f 7580 7197 7572
f 7580 7202 7197
f 7580 7201 7202
f 7580 7579 7201
f 7580 7571 7579
f 7580 7572 7571
f 7581 7573 7198
f 7581 7198 7203
f 7204 7581 7203
f 7204 7582 7581
f 7581 7574 7573
f 7581 7582 7574
f 7583 7574 7582
f 7583 7575 7574
f 7583 7576 7575
f 7583 7584 7576
f 7577 7206 7199
f 7577 7586 7206
f 7586 7205 7206
f 7586 7585 7205
f 7587 7586 7577
f 7587 7577 7578
f 7588 7582 7204
f 7588 7204 7210
f 7589 7205 7585
f 7589 7211 7205
f 7588 7210 7215
f 7588 7215 7592
f 7593 7211 7589
f 7593 7216 7211
f 7593 7589 7590
f 7593 7590 7594
f 7219 7218 7595
f 7219 7595 7596
f 7597 7592 7215
f 7597 7215 7220
f 7597 7596 7591
f 7597 7591 7592
f 7593 7224 7216
f 7593 7598 7224
f 7598 7593 7594
f 7598 7594 7599
f 7595 7218 7226
f 7595 7226 7600
f 7601 7219 7596
f 7601 7227 7219
f 7227 7600 7226
f 7227 7601 7600
f 7601 7595 7600
f 7601 7596 7595
f 7602 7597 7220
f 7602 7220 7228
f 7603 7228 7229
f 7603 7602 7228
f 7604 7229 7230
f 7604 7603 7229
f 7605 7224 7598
f 7605 7232 7224
f 7605 7598 7599
f 7605 7599 7606
f 7604 7230 7237
f 7604 7237 7613
f 7613 7237 7236
f 7613 7236 7612
f 7614 7232 7605
f 7614 7243 7232
f 7244 7243 7614
f 7244 7614 7615
f 7615 7614 7605
f 7615 7605 7606
f 7616 7245 7244
f 7616 7244 7615
f 7615 7606 7607
f 7615 7607 7616
f 7246 7245 7616
f 7246 7616 7617
f 7616 7607 7608
f 7616 7608 7617
f 7619 7618 7609
f 7619 7609 7610
f 7619 7610 7611
f 7619 7611 7620
f 7621 7612 7236
f 7621 7236 7248
f 7621 7248 7247
f 7621 7247 7620
f 7622 7246 7617
f 7622 7257 7246
f 7622 7617 7618
f 7622 7618 7623
f 7624 7623 7618
f 7624 7618 7619
f 7625 7620 7247
f 7625 7247 7260
f 7624 7619 7620
f 7624 7620 7625
f 7626 7260 7261
f 7626 7625 7260
f 7625 7621 7620
f 7625 7626 7621
f 7266 7629 7265
f 7266 7630 7629
f 7631 7266 7267
f 7631 7630 7266
f 7632 7257 7622
f 7632 7270 7257
f 7271 7270 7632
f 7271 7632 7633
f 7632 7622 7623
f 7632 7623 7633
f 7634 7626 7261
f 7634 7261 7274
f 7275 7634 7274
f 7275 7635 7634
f 7634 7627 7626
f 7634 7635 7627
f 7276 7635 7275
f 7276 7636 7635
f 7635 7628 7627
f 7635 7636 7628
f 7637 7276 7277
f 7637 7636 7276
f 7629 7278 7265
f 7629 7638 7278
f 7278 7637 7277
f 7278 7638 7637
f 7639 7638 7629
f 7639 7629 7630
f 7631 7267 7279
f 7631 7279 7640
f 7640 7639 7630
f 7640 7630 7631
f 7642 7271 7633
f 7642 7283 7271
f 7283 7641 7282
f 7283 7642 7641
f 7287 7286 7643
f 7287 7643 7644
f 7640 7279 7288
f 7640 7288 7646
f 7645 7639 7640
f 7645 7640 7646
f 7641 7291 7282
f 7641 7648 7291
f 7643 7286 7294
f 7643 7294 7649
f 7644 7295 7287
f 7644 7650 7295
f 7295 7649 7294
f 7295 7650 7649
f 7649 7644 7643
f 7649 7650 7644
f 7653 7646 7288
f 7653 7288 7296
f 7658 7291 7648
f 7658 7299 7291
f 7657 7648 7647
f 7657 7658 7648
f 7659 7300 7299
f 7659 7299 7658
f 7660 7301 7300
f 7660 7300 7659
f 7303 7302 7661
f 7303 7661 7662
f 7664 7305 7304
f 7664 7304 7663
f 7666 7665 7651
f 7666 7651 7652
f 7667 7653 7296
f 7667 7296 7306
f 7666 7652 7653
f 7666 7653 7667
f 7668 7306 7307
f 7668 7667 7306
f 7308 7668 7307
f 7308 7669 7668
f 7669 7654 7668
f 7669 7655 7654
f 7670 7655 7669
f 7670 7656 7655
f 7660 7311 7301
f 7660 7671 7311
f 7661 7302 7312
f 7661 7312 7672
f 7673 7303 7662
f 7673 7313 7303
f 7313 7672 7312
f 7313 7673 7672
f 7673 7661 7672
f 7673 7662 7661
f 7674 7663 7304
f 7674 7304 7314
f 7673 7662 7663
f 7673 7663 7674
f 7675 7305 7664
f 7675 7315 7305
f 7676 7316 7315
f 7676 7315 7675
f 7681 7669 7308
f 7681 7308 7320
f 7681 7320 7319
f 7681 7319 7680
f 7682 7311 7671
f 7682 7325 7311
f 7683 7682 7671
f 7683 7671 7672
f 7684 7674 7314
f 7684 7314 7326
f 7685 7326 7327
f 7685 7684 7326
f 7684 7675 7674
f 7684 7685 7675
f 7676 7328 7316
f 7676 7686 7328
f 7686 7327 7328
f 7686 7685 7327
f 7685 7676 7675
f 7685 7686 7676
f 7687 7677 7678
f 7687 7678 7688
f 7688 7678 7679
f 7688 7679 7689
f 7690 7680 7319
f 7690 7319 7331
f 7690 7689 7679
f 7690 7679 7680
f 7682 7337 7325
f 7682 7691 7337
f 7692 7338 7337
f 7692 7337 7691
f 7692 7691 7682
f 7692 7682 7683
f 7340 7339 7693
f 7340 7693 7694
f 7341 7340 7694
f 7341 7694 7695
f 7695 7694 7688
f 7695 7688 7689
f 7696 7690 7331
f 7696 7331 7342
f 7696 7342 7341
f 7696 7341 7695
f 7695 7689 7690
f 7695 7690 7696
f 7698 7338 7692
f 7698 7347 7338
f 7697 7692 7691
f 7697 7698 7692
f 7693 7339 7349
f 7693 7349 7703
f 7704 7349 7350
f 7704 7703 7349
f 7704 7693 7703
f 7704 7694 7693
f 7352 7705 7351
f 7352 7706 7705
f 7698 7356 7347
f 7698 7707 7356
f 7708 7357 7356
f 7708 7356 7707
f 7358 7357 7708
f 7358 7708 7709
f 7709 7708 7699
f 7709 7699 7700
f 7710 7709 7700
f 7710 7700 7701
f 7711 7360 7359
f 7711 7359 7710
f 7711 7710 7701
f 7711 7701 7702
f 7361 7360 7711
f 7361 7711 7712
f 7712 7711 7702
f 7712 7702 7703
f 7713 7704 7350
f 7713 7350 7362
f 7712 7703 7704
f 7712 7704 7713
f 7705 7363 7351
f 7705 7714 7363
f 7714 7362 7363
f 7714 7713 7362
f 7706 7352 7364
f 7706 7364 7715
f 7715 7364 7363
f 7715 7363 7714
f 7715 7714 7705
f 7715 7705 7706
f 7716 7358 7709
f 7716 7369 7358
f 7717 7710 7359
f 7717 7359 7370
f 7717 7370 7369
f 7717 7369 7716
f 7717 7716 7709
f 7717 7709 7710
f 7718 7361 7712
f 7718 7372 7361
f 7373 7372 7718
f 7373 7718 7719
f 7718 7712 7713
f 7718 7713 7719
f 7720 7714 7363
f 7720 7363 7374
f 7720 7374 7373
f 7720 7373 7719
f 7720 7719 7713
f 7720 7713 7714
f 7379 7725 7378
f 7379 7726 7725
f 7727 7379 7380
f 7727 7726 7379
f 7728 7380 7381
f 7728 7727 7380
f 7728 7721 7727
f 7728 7722 7721
f 7382 7728 7381
f 7382 7729 7728
f 7729 7722 7728
f 7729 7723 7722
f 7730 7723 7729
f 7730 7724 7723
f 7725 7384 7378
f 7725 7733 7384
f 7733 7383 7384
f 7733 7732 7383
f 7734 7733 7725
f 7734 7725 7726
f 7735 7729 7382
f 7735 7382 7388
f 7735 7730 7729
f 7735 7736 7730
f 7738 7383 7732
f 7738 7390 7383
f 7738 7389 7390
f 7738 7737 7389
f 7738 7731 7737
f 7738 7732 7731
f 7739 7733 7734
f 7739 7734 7740
f 7742 7392 7391
f 7742 7391 7741
f 7743 7735 7388
f 7743 7388 7393
f 7744 7735 7743
f 7744 7736 7735
f 7745 7389 7737
f 7745 7395 7389
f 7746 7396 7395
f 7746 7395 7745
f 7741 7391 7398
f 7741 7398 7747
f 7742 7399 7392
f 7742 7748 7399
f 7399 7747 7398
f 7399 7748 7747
f 7747 7742 7741
f 7747 7748 7742
f 7749 7743 7393
f 7749 7393 7400
f 7749 7400 7399
f 7749 7399 7748
f 7746 7402 7396
f 7746 7750 7402
f 7748 7399 7406
f 7748 7406 7753
f 7406 7405 7752
f 7406 7752 7753
f 7752 7747 7748
f 7752 7748 7753
f 7754 7406 7407
f 7754 7753 7406
f 7409 7755 7408
f 7409 7756 7755
f 7750 7411 7402
f 7750 7757 7411
f 7757 7750 7751
f 7757 7751 7758
f 7759 7752 7405
f 7759 7405 7414
f 7760 7406 7753
f 7760 7415 7406
f 7415 7759 7414
f 7415 7760 7759
f 7759 7753 7752
f 7759 7760 7753
f 7754 7407 7416
f 7754 7416 7761
f 7416 7415 7760
f 7416 7760 7761
f 7755 7417 7408
f 7755 7762 7417
f 7417 7761 7416
f 7417 7762 7761
f 7756 7409 7418
f 7756 7418 7763
f 7762 7755 7756
f 7762 7756 7763
f 7764 7411 7757
f 7764 7421 7411
f 7760 7415 7424
f 7760 7424 7768
f 7769 7416 7761
f 7769 7425 7416
f 7769 7424 7425
f 7769 7768 7424
f 7769 7760 7768
f 7769 7761 7760
f 7763 7418 7427
f 7763 7427 7771
f 7427 7426 7770
f 7427 7770 7771
f 7772 7421 7764
f 7772 7435 7421
f 7436 7435 7772
f 7436 7772 7773
f 7772 7764 7765
f 7772 7765 7773
f 7437 7436 7773
f 7437 7773 7774
f 7773 7765 7766
f 7773 7766 7774
f 7775 7774 7766
f 7775 7766 7767
f 7776 7775 7767
f 7776 7767 7768
f 7776 7768 7769
f 7776 7769 7777
f 7778 7770 7426
f 7778 7426 7439
f 7778 7439 7438
f 7778 7438 7777
f 7780 7437 7774
f 7780 7447 7437
f 7448 7447 7780
f 7448 7780 7781
f 7780 7774 7775
f 7780 7775 7781
f 7782 7781 7775
f 7782 7775 7776
f 7777 7438 7449
f 7777 7449 7783
f 7782 7776 7777
f 7782 7777 7783
f 7783 7778 7777
f 7783 7784 7778
f 7784 7779 7778
f 7784 7785 7779
f 7454 7787 7453
f 7454 7788 7787
f 7789 7454 7455
f 7789 7788 7454
f 7790 7455 7456
f 7790 7789 7455
f 7791 7448 7781
f 7791 7460 7448
f 7461 7460 7791
f 7461 7791 7792
f 7793 7783 7449
f 7793 7449 7462
f 7794 7462 7463
f 7794 7793 7462
f 7793 7784 7783
f 7793 7794 7784
f 7464 7794 7463
f 7464 7795 7794
f 7795 7784 7794
f 7795 7785 7784
f 7465 7795 7464
f 7465 7796 7795
f 7795 7786 7785
f 7795 7796 7786
f 7787 7466 7453
f 7787 7797 7466
f 7466 7796 7465
f 7466 7797 7796
f 7798 7797 7787
f 7798 7787 7788
f 7799 7798 7788
f 7799 7788 7789
f 7790 7456 7467
f 7790 7467 7800
f 7799 7789 7790
f 7799 7790 7800
f 7802 7470 7471
f 7802 7801 7470
f 7792 7472 7461
f 7792 7803 7472
f 7472 7802 7471
f 7472 7803 7802
f 7802 7792 7791
f 7802 7803 7792
f 7806 7474 7473
f 7806 7473 7805
f 7807 7475 7474
f 7807 7474 7806
f 7800 7467 7476
f 7800 7476 7808
f 7801 7479 7470
f 7801 7811 7479
f 7812 7480 7479
f 7812 7479 7811
f 7814 7805 7473
f 7814 7473 7482
f 7813 7804 7805
f 7813 7805 7814
f 7815 7482 7483
f 7815 7814 7482
f 7814 7806 7805
f 7814 7815 7806
f 7816 7475 7807
f 7816 7484 7475
f 7816 7483 7484
f 7816 7815 7483
f 7816 7806 7815
f 7816 7807 7806
f 7817 7808 7476
f 7817 7476 7486
f 7488 7818 7487
f 7488 7819 7818
f 7820 7809 7819
f 7820 7810 7809
f 7812 7489 7480
f 7812 7822 7489
f 7821 7812 7811
f 7821 7822 7812
f 7823 7490 7489
f 7823 7489 7822
f 7825 7492 7491
f 7825 7491 7824
f 7827 7494 7493
f 7827 7493 7826
f 7828 7817 7486
f 7828 7486 7497
f 7818 7498 7487
f 7818 7829 7498
f 7498 7828 7497
f 7498 7829 7828
f 7830 7819 7488
f 7830 7488 7499
f 7831 7819 7830
f 7831 7820 7819
f 7832 7490 7823
f 7832 7504 7490
f 7824 7491 7505
f 7824 7505 7833
f 7832 7823 7824
f 7832 7824 7833
f 7825 7506 7492
f 7825 7834 7506
f 7834 7505 7506
f 7834 7833 7505
f 7826 7493 7508
f 7826 7508 7836
f 7508 7507 7835
f 7508 7835 7836
f 7827 7509 7494
f 7827 7837 7509
f 7837 7826 7836
f 7837 7827 7826
f 7830 7499 7512
f 7830 7512 7842
f 7842 7512 7511
f 7842 7511 7841
f 7843 7504 7832
f 7843 7517 7504
f 7518 7517 7843
f 7518 7843 7844
f 7843 7832 7833
f 7843 7833 7844
f 7845 7844 7833
f 7845 7833 7834
f 7835 7507 7519
f 7835 7519 7846
f 7520 7846 7519
f 7520 7847 7846
f 7847 7835 7846
f 7847 7836 7835
f 7848 7509 7837
f 7848 7521 7509
f 7848 7520 7521
f 7848 7847 7520
f 7847 7837 7836
f 7847 7848 7837
f 7850 7849 7838
f 7850 7838 7839
f 7850 7839 7840
f 7850 7840 7851
f 7852 7841 7511
f 7852 7511 7524
f 7852 7524 7523
f 7852 7523 7851
f 7852 7851 7840
f 7852 7840 7841
f 7854 7518 7844
f 7854 7531 7518
f 7856 7534 7533
f 7856 7533 7855
f 7855 7849 7850
f 7855 7850 7856
f 7857 7851 7523
f 7857 7523 7535
f 7857 7535 7534
f 7857 7534 7856
f 7856 7850 7851
f 7856 7851 7857
f 7858 7535 7536
f 7858 7857 7535
f 7854 7541 7531
f 7854 7860 7541
f 7859 7854 7853
f 7859 7860 7854
f 7861 7542 7541
f 7861 7541 7860
f 7865 7855 7533
f 7865 7533 7543
f 7866 7543 7544
f 7866 7865 7543
f 7866 7855 7865
f 7866 7856 7855
f 7857 7545 7535
f 7857 7867 7545
f 7867 7544 7545
f 7867 7866 7544
f 7868 7858 7536
f 7868 7536 7546
f 7867 7857 7858
f 7867 7858 7868
f 7861 7551 7542
f 7861 7870 7551
f 7869 7861 7860
f 7869 7870 7861
f 7871 7552 7551
f 7871 7551 7870
f 7870 7861 7862
f 7870 7862 7871
f 7871 7862 7863
f 7871 7863 7872
f 7873 7554 7553
f 7873 7553 7872
f 7873 7872 7863
f 7873 7863 7864
f 7874 7555 7554
f 7874 7554 7873
f 7874 7873 7864
f 7874 7864 7865
f 7556 7555 7874
f 7556 7874 7875
f 7874 7865 7866
f 7874 7866 7875
f 7876 7875 7866
f 7876 7866 7867
f 7868 7546 7558
f 7868 7558 7877
f 7877 7558 7557
f 7877 7557 7876
f 7877 7876 7867
f 7877 7867 7868
f 7878 7552 7871
f 7878 7562 7552
f 7879 7872 7553
f 7879 7553 7563
f 7879 7563 7562
f 7879 7562 7878
f 7878 7871 7872
f 7878 7872 7879
f 7880 7556 7875
f 7880 7566 7556
f 7881 7876 7557
f 7881 7557 7567
f 7567 7566 7880
f 7567 7880 7881
f 7881 7880 7875
f 7881 7875 7876
f 7569 7882 7568
f 7569 7883 7882
f 7571 7886 7570
f 7571 7887 7886
f 7888 7568 7882
f 7888 7572 7568
f 7572 7887 7571
f 7572 7888 7887
f 7889 7883 7569
f 7889 7569 7573
f 7574 7889 7573
f 7574 7890 7889
f 7889 7884 7883
f 7889 7890 7884
f 7575 7890 7574
f 7575 7891 7890
f 7890 7885 7884
f 7890 7891 7885
f 7892 7575 7576
f 7892 7891 7575
f 7893 7570 7886
f 7893 7578 7570
f 7894 7893 7886
f 7894 7886 7887
f 7895 7894 7887
f 7895 7887 7888
f 7898 7583 7582
f 7898 7582 7897
f 7892 7576 7584
f 7892 7584 7899
f 7584 7583 7898
f 7584 7898 7899
f 7901 7585 7586
f 7901 7900 7585
f 7893 7587 7578
f 7893 7902 7587
f 7587 7901 7586
f 7587 7902 7901
f 7903 7902 7893
f 7903 7893 7894
f 7904 7903 7894
f 7904 7894 7895
f 7897 7582 7588
f 7897 7588 7906
f 7905 7896 7897
f 7905 7897 7906
f 7907 7897 7906
f 7907 7898 7897
f 7908 7898 7907
f 7908 7899 7898
f 7909 7585 7900
f 7909 7589 7585
f 7590 7589 7909
f 7590 7909 7910
f 7909 7900 7901
f 7909 7901 7910
f 7911 7910 7901
f 7911 7901 7902
f 7912 7903 7904
f 7912 7904 7913
f 7915 7906 7588
f 7915 7588 7592
f 7592 7591 7914
f 7592 7914 7915
f 7915 7907 7906
f 7915 7916 7907
f 7917 7907 7916
f 7917 7908 7907
f 7918 7590 7910
f 7918 7594 7590
f 7921 7920 7912
f 7921 7912 7913
f 7922 7914 7591
f 7922 7591 7596
f 7597 7922 7596
f 7597 7923 7922
f 7923 7914 7922
f 7923 7915 7914
f 7924 7915 7923
f 7924 7916 7915
f 7918 7599 7594
f 7918 7925 7599
f 7927 7926 7919
f 7927 7919 7920
f 7927 7920 7921
f 7927 7921 7928
f 7929 7928 7921
f 7929 7921 7922
f 7923 7597 7602
f 7923 7602 7930
f 7930 7929 7922
f 7930 7922 7923
f 7931 7602 7603
f 7931 7930 7602
f 7932 7603 7604
f 7932 7931 7603
f 7933 7599 7925
f 7933 7606 7599
f 7607 7606 7933
f 7607 7933 7934
f 7608 7607 7934
f 7608 7934 7935
f 7935 7927 7928
f 7935 7928 7936
f 7937 7610 7609
f 7937 7609 7936
f 7936 7928 7929
f 7936 7929 7937
f 7611 7610 7937
f 7611 7937 7938
f 7938 7930 7931
f 7938 7931 7939
f 7940 7932 7604
f 7940 7604 7613
f 7940 7613 7612
f 7940 7612 7939
f 7940 7939 7931
f 7940 7931 7932
f 7941 7608 7935
f 7941 7617 7608
f 7942 7936 7609
f 7942 7609 7618
f 7618 7617 7941
f 7618 7941 7942
f 7943 7936 7942
f 7943 7937 7936
f 7944 7611 7938
f 7944 7620 7611
f 7945 7939 7612
f 7945 7612 7621
f 7945 7944 7938
f 7945 7938 7939
f 7624 7946 7623
f 7624 7947 7946
f 7946 7943 7942
f 7946 7947 7943
f 7944 7625 7620
f 7944 7948 7625
f 7948 7624 7625
f 7948 7947 7624
f 7945 7621 7626
f 7945 7626 7949
f 7949 7948 7944
f 7949 7944 7945
f 7627 7949 7626
f 7627 7950 7949
f 7628 7950 7627
f 7628 7951 7950
f 7957 7623 7946
f 7957 7633 7623
f 7958 7947 7948
f 7958 7948 7959
f 7959 7948 7949
f 7959 7949 7960
f 7962 7951 7628
f 7962 7628 7636
f 7637 7962 7636
f 7637 7963 7962
f 7964 7637 7638
f 7964 7963 7637
f 7964 7952 7963
f 7964 7953 7952
f 7639 7964 7638
f 7639 7965 7964
f 7964 7954 7953
f 7964 7965 7954
f 7966 7956 7955
f 7966 7967 7956
f 7968 7633 7957
f 7968 7642 7633
f 7968 7641 7642
f 7968 7967 7641
f 7968 7956 7967
f 7968 7957 7956
f 7969 7959 7960
f 7969 7960 7970
f 7970 7960 7961
f 7970 7961 7971
f 7965 7639 7645
f 7965 7645 7972
f 7973 7645 7646
f 7973 7972 7645
f 7967 7648 7641
f 7967 7975 7648
f 7648 7974 7647
f 7648 7975 7974
f 7977 7969 7970
f 7977 7970 7978
f 7979 7978 7970
f 7979 7970 7971
f 7652 7651 7980
f 7652 7980 7981
f 7973 7646 7653
f 7973 7653 7982
f 7653 7652 7981
f 7653 7981 7982
f 7984 7654 7655
f 7984 7983 7654
f 7656 7984 7655
f 7656 7985 7984
f 7974 7657 7647
f 7974 7987 7657
f 7988 7658 7657
f 7988 7657 7987
f 7988 7987 7974
f 7988 7974 7975
f 7659 7658 7988
f 7659 7988 7989
f 7988 7975 7976
f 7988 7976 7989
f 7990 7660 7659
f 7990 7659 7989
f 7993 7663 7662
f 7993 7662 7992
f 7994 7664 7663
f 7994 7663 7993
f 7980 7651 7665
f 7980 7665 7996
f 7997 7665 7666
f 7997 7996 7665
f 7997 7980 7996
f 7997 7981 7980
f 7998 7666 7667
f 7998 7997 7666
f 7998 7981 7997
f 7998 7982 7981
f 7999 7654 7983
f 7999 7668 7654
f 7999 7667 7668
f 7999 7998 7667
f 7999 7982 7998
f 7999 7983 7982
f 7985 7656 7670
f 7985 7670 8001
f 7670 7669 8000
f 7670 8000 8001
f 8002 7985 8001
f 8002 7986 7985
f 8003 7660 7990
f 8003 7671 7660
f 7672 7671 8003
f 7672 8003 8004
f 8005 7992 7662
f 8005 7662 7673
f 8005 8004 7991
f 8005 7991 7992
f 8006 7673 7674
f 8006 8005 7673
f 8005 7993 7992
f 8005 8006 7993
f 8007 7664 7994
f 8007 7675 7664
f 8007 7674 7675
f 8007 8006 7674
f 8006 7994 7993
f 8006 8007 7994
f 8009 8008 7995
f 8009 7995 7996
f 8010 7678 7677
f 8010 7677 8009
f 8009 7996 7997
f 8009 7997 8010
f 8011 7679 7678
f 8011 7678 8010
f 8012 7680 7679
f 8012 7679 8011
f 8000 7669 7681
f 8000 7681 8013
f 7681 7680 8012
f 7681 8012 8013
f 8014 8000 8013
f 8014 8001 8000
f 8016 7672 8004
f 8016 7683 7672
f 8016 8003 8015
f 8016 8004 8003
f 8017 8009 7677
f 8017 7677 7687
f 7688 8017 7687
f 7688 8018 8017
f 8017 8010 8009
f 8017 8018 8010
f 8020 8011 8019
f 8020 8012 8011
f 8022 7683 8016
f 8022 7692 7683
f 8022 7691 7692
f 8022 8021 7691
f 8022 8015 8021
f 8022 8016 8015
f 8025 8018 7688
f 8025 7688 7694
f 8021 7697 7691
f 8021 8026 7697
f 8027 7698 7697
f 8027 7697 8026
f 8029 7700 7699
f 8029 7699 8028
f 8028 8023 8024
f 8028 8024 8029
f 8030 7701 7700
f 8030 7700 8029
f 7702 7701 8030
f 7702 8030 8031
f 8032 7703 7702
f 8032 7702 8031
f 8033 8025 7694
f 8033 7694 7704
f 8033 7704 7703
f 8033 7703 8032
f 8027 7707 7698
f 8027 8034 7707
f 8035 8028 7699
f 8035 7699 7708
f 8035 7708 7707
f 8035 7707 8034
f 8036 8030 8029
f 8036 8037 8030
f 8038 8030 8037
f 8038 8031 8030
f 7722 8039 7721
f 7722 8040 8039
f 7723 8040 7722
f 7723 8041 8040
f 7724 8041 7723
f 7724 8042 8041
f 8045 7721 8039
f 8045 7727 7721
f 7727 8044 7726
f 7727 8045 8044
f 8047 8042 7724
f 8047 7724 7730
f 8047 8043 8042
f 8047 8048 8043
f 8051 7731 7732
f 8051 8050 7731
f 8052 7732 7733
f 8052 8051 7732
f 8044 7734 7726
f 8044 8053 7734
f 8054 8053 8044
f 8054 8044 8045
f 8054 8045 8046
f 8054 8046 8055
f 8056 8047 7730
f 8056 7730 7736
f 8057 8047 8056
f 8057 8048 8047
f 8058 8048 8057
f 8058 8049 8048
f 8059 7731 8050
f 8059 7737 7731
f 8060 8059 8050
f 8060 8050 8051
f 8052 7733 7739
f 8052 7739 8061
f 8060 8051 8052
f 8060 8052 8061
f 8053 7740 7734
f 8053 8062 7740
f 7740 8061 7739
f 7740 8062 8061
f 8063 8062 8053
f 8063 8053 8054
f 8056 7736 7744
f 8056 7744 8065
f 7744 7743 8064
f 7744 8064 8065
f 8066 8056 8065
f 8066 8057 8056
f 8067 7737 8059
f 8067 7745 7737
f 7746 7745 8067
f 7746 8067 8068
f 8067 8059 8060
f 8067 8060 8068
f 8069 8068 8060
f 8069 8060 8061
f 8069 8061 8062
f 8069 8062 8070
f 8072 7748 7747
f 8072 7747 8071
f 8064 7743 7749
f 8064 7749 8073
f 7749 7748 8072
f 7749 8072 8073
f 8074 8064 8073
f 8074 8065 8064
f 8075 8065 8074
f 8075 8066 8065
f 8076 7746 8068
f 8076 7750 7746
f 7751 7750 8076
f 7751 8076 8077
f 8071 7747 7752
f 8071 7752 8079
f 8078 8070 8071
f 8078 8071 8079
f 8080 7752 7753
f 8080 8079 7752
f 7754 8080 7753
f 7754 8081 8080
f 8081 8072 8080
f 8081 8073 8072
f 8082 8073 8081
f 8082 8074 8073
f 8077 7758 7751
f 8077 8084 7758
f 7758 8083 7757
f 7758 8084 8083
f 8087 8086 8079
f 8087 8079 8080
f 8088 8081 7754
f 8088 7754 7761
f 8087 8080 8081
f 8087 8081 8088
f 8089 7761 7762
f 8089 8088 7761
f 7763 8089 7762
f 7763 8090 8089
f 8091 7757 8083
f 8091 7764 7757
f 7765 7764 8091
f 7765 8091 8092
f 8092 8091 8083
f 8092 8083 8084
f 7766 7765 8092
f 7766 8092 8093
f 8092 8084 8085
f 8092 8085 8093
f 8094 7767 7766
f 8094 7766 8093
f 8094 8093 8085
f 8094 8085 8086
f 8095 7768 7767
f 8095 7767 8094
f 7769 7768 8095
f 7769 8095 8096
f 8096 8088 8089
f 8096 8089 8097
f 8090 7763 7771
f 8090 7771 8098
f 8098 7771 7770
f 8098 7770 8097
f 8098 8097 8089
f 8098 8089 8090
f 8099 8095 8094
f 8099 8100 8095
f 8101 7769 8096
f 8101 7777 7769
f 8102 8097 7770
f 8102 7770 7778
f 8101 8096 8097
f 8101 8097 8102
f 7779 8102 7778
f 7779 8103 8102
f 7782 8107 7781
f 7782 8108 8107
f 8108 8099 8107
f 8108 8100 8099
f 8101 7783 7777
f 8101 8109 7783
f 8109 7782 7783
f 8109 8108 7782
f 8110 8109 8101
f 8110 8101 8102
f 8111 8103 7779
f 8111 7779 7785
f 7786 8111 7785
f 7786 8112 8111
f 8115 8104 8114
f 8115 8105 8104
f 8118 7781 8107
f 8118 7791 7781
f 8118 8106 8117
f 8118 8107 8106
f 8119 8109 8110
f 8119 8110 8120
f 8122 8112 7786
f 8122 7786 7796
f 7797 8122 7796
f 7797 8123 8122
f 8122 8113 8112
f 8122 8123 8113
f 7798 8123 7797
f 7798 8124 8123
f 8124 8113 8123
f 8124 8114 8113
f 7799 8124 7798
f 7799 8125 8124
f 8124 8115 8114
f 8124 8125 8115
f 8126 7799 7800
f 8126 8125 7799
f 8127 8117 8116
f 8127 8128 8117
f 8118 7802 7791
f 8118 8129 7802
f 8129 7801 7802
f 8129 8128 7801
f 8128 8118 8117
f 8128 8129 8118
f 8132 7805 7804
f 8132 7804 8131
f 8131 8120 8121
f 8131 8121 8132
f 8126 7800 7808
f 8126 7808 8134
f 8133 8125 8126
f 8133 8126 8134
f 7810 8135 7809
f 7810 8136 8135
f 8137 7801 8128
f 8137 7811 7801
f 8137 8128 8129
f 8137 8129 8138
f 8141 8131 7804
f 8141 7804 7813
f 8141 8140 8130
f 8141 8130 8131
f 8142 7805 8132
f 8142 7814 7805
f 8142 7813 7814
f 8142 8141 7813
f 8141 8132 8131
f 8141 8142 8132
f 8144 8134 7808
f 8144 7808 7817
f 8146 7809 8135
f 8146 7819 7809
f 7819 8145 7818
f 7819 8146 8145
f 8136 7810 7820
f 8136 7820 8147
f 8146 8135 8136
f 8146 8136 8147
f 8137 7821 7811
f 8137 8149 7821
f 8150 7822 7821
f 8150 7821 8149
f 8150 8149 8137
f 8150 8137 8138
f 7823 7822 8150
f 7823 8150 8151
f 8150 8138 8139
f 8150 8139 8151
f 8152 7824 7823
f 8152 7823 8151
f 7825 7824 8152
f 7825 8152 8153
f 8154 8142 8143
f 8154 8143 8155
f 8158 8144 7817
f 8158 7817 7828
f 8145 7829 7818
f 8145 8159 7829
f 7829 8158 7828
f 7829 8159 8158
f 8158 8145 8144
f 8158 8159 8145
f 8147 7820 7831
f 8147 7831 8161
f 7831 7830 8160
f 7831 8160 8161
f 8162 8147 8161
f 8162 8148 8147
f 8165 7825 8153
f 8165 7834 7825
f 8165 8152 8164
f 8165 8153 8152
f 8166 8165 8153
f 8166 8153 8154
f 8167 8156 8157
f 8167 8157 8168
f 8169 7839 7838
f 8169 7838 8168
f 7840 7839 8169
f 7840 8169 8170
f 8171 7841 7840
f 8171 7840 8170
f 8172 8160 7830
f 8172 7830 7842
f 7842 7841 8171
f 7842 8171 8172
f 8171 8159 8160
f 8171 8160 8172
f 8173 8160 8172
f 8173 8161 8160
f 8175 8163 8174
f 8175 8164 8163
f 8176 7834 8165
f 8176 7845 7834
f 8176 7844 7845
f 8176 8175 7844
f 8176 8164 8175
f 8176 8165 8164
f 8179 8168 7838
f 8179 7838 7849
f 8179 8169 8168
f 8179 8180 8169
f 8181 8169 8180
f 8181 8170 8169
f 8183 7844 8175
f 8183 7854 7844
f 8183 7853 7854
f 8183 8182 7853
f 8185 8184 8177
f 8185 8177 8178
f 8186 8179 7849
f 8186 7849 7855
f 7856 8186 7855
f 7856 8187 8186
f 8186 8180 8179
f 8186 8187 8180
f 8188 7853 8182
f 8188 7859 7853
f 8189 7860 7859
f 8189 7859 8188
f 7862 7861 8190
f 7862 8190 8191
f 8192 7863 7862
f 8192 7862 8191
f 8191 8184 8185
f 8191 8185 8192
f 8193 7864 7863
f 8193 7863 8192
f 8194 7865 7864
f 8194 7864 8193
f 8195 8187 7856
f 8195 7856 7866
f 8195 7866 7865
f 8195 7865 8194
f 8189 7869 7860
f 8189 8196 7869
f 8197 8190 7861
f 8197 7861 7870
f 8197 7870 7869
f 8197 7869 8196
f 8196 8189 8190
f 8196 8190 8197
f 8198 8193 8192
f 8198 8199 8193
f 7883 8200 7882
f 7883 8201 8200
f 7884 8201 7883
f 7884 8202 8201
f 7885 8202 7884
f 7885 8203 8202
f 8205 7882 8200
f 8205 7888 7882
f 8206 8203 7885
f 8206 7885 7891
f 8207 7891 7892
f 8207 8206 7891
f 8205 7895 7888
f 8205 8209 7895
f 8209 8204 8208
f 8209 8205 8204
f 8211 7897 7896
f 8211 7896 8210
f 8207 7892 7899
f 8207 7899 8213
f 8212 8206 8207
f 8212 8207 8213
f 7903 8214 7902
f 7903 8215 8214
f 8209 7904 7895
f 8209 8216 7904
f 8216 8208 8215
f 8216 8209 8208
f 8210 7896 7905
f 8210 7905 8217
f 8218 7897 8211
f 8218 7906 7897
f 8218 7905 7906
f 8218 8217 7905
f 8217 8211 8210
f 8217 8218 8211
f 8213 7899 7908
f 8213 7908 8220
f 8219 8212 8213
f 8219 8213 8220
f 8214 7911 7902
f 8214 8222 7911
f 7911 8221 7910
f 7911 8222 8221
f 8223 8215 7903
f 8223 7903 7912
f 8223 8222 8214
f 8223 8214 8215
f 8216 7913 7904
f 8216 8224 7913
f 8220 7908 7917
f 8220 7917 8226
f 7917 7916 8225
f 7917 8225 8226
f 8221 7918 7910
f 8221 8227 7918
f 8228 8227 8221
f 8228 8221 8222
f 8229 8223 7912
f 8229 7912 7920
f 8229 7920 7919
f 8229 7919 8228
f 8229 8228 8222
f 8229 8222 8223
f 8230 7913 8224
f 8230 7921 7913
f 8231 7922 7921
f 8231 7921 8230
f 7923 7922 8231
f 7923 8231 8232
f 8225 7916 7924
f 8225 7924 8233
f 7924 7923 8232
f 7924 8232 8233
f 8234 8225 8233
f 8234 8226 8225
f 8227 7925 7918
f 8227 8235 7925
f 8236 8228 7919
f 8236 7919 7926
f 8235 8227 8228
f 8235 8228 8236
f 8237 7926 7927
f 8237 8236 7926
f 8239 7929 7930
f 8239 8238 7929
f 8240 7925 8235
f 8240 7933 7925
f 7934 7933 8240
f 7934 8240 8241
f 8241 8240 8235
f 8241 8235 8236
f 8237 7927 7935
f 8237 7935 8242
f 7935 7934 8241
f 7935 8241 8242
f 8241 8236 8237
f 8241 8237 8242
f 8243 7935 7936
f 8243 8242 7935
f 8238 7937 7929
f 8238 8244 7937
f 8244 7936 7937
f 8244 8243 7936
f 8245 8239 7930
f 8245 7930 7938
f 8245 7938 7937
f 8245 7937 8244
f 8245 8244 8238
f 8245 8238 8239
f 8242 7941 7935
f 8242 8246 7941
f 7942 7941 8246
f 7942 8246 8247
f 8246 8242 8243
f 8246 8243 8247
f 8244 7937 7943
f 8244 7943 8248
f 8248 8247 8243
f 8248 8243 8244
f 8250 7942 8247
f 8250 7946 7942
f 8250 8246 8249
f 8250 8247 8246
f 8251 8248 7943
f 8251 7943 7947
f 7950 8252 7949
f 7950 8253 8252
f 8254 7950 7951
f 8254 8253 7950
f 8256 7952 7953
f 8256 8255 7952
f 8257 7953 7954
f 8257 8256 7953
f 7956 8258 7955
f 7956 8259 8258
f 8260 7946 8250
f 8260 7957 7946
f 8260 7956 7957
f 8260 8259 7956
f 8260 8249 8259
f 8260 8250 8249
f 8251 7947 7958
f 8251 7958 8261
f 7959 8261 7958
f 7959 8262 8261
f 8252 7960 7949
f 8252 8263 7960
f 7961 7960 8263
f 7961 8263 8264
f 8264 8263 8252
f 8264 8252 8253
f 8254 7951 7962
f 8254 7962 8265
f 8264 8253 8254
f 8264 8254 8265
f 8266 7952 8255
f 8266 7963 7952
f 8266 7962 7963
f 8266 8265 7962
f 8268 8257 7954
f 8268 7954 7965
f 8267 8256 8257
f 8267 8257 8268
f 8258 7966 7955
f 8258 8269 7966
f 8270 7967 7966
f 8270 7966 8269
f 8270 8269 8258
f 8270 8258 8259
f 8262 7959 7969
f 8262 7969 8271
f 8271 8263 8262
f 8271 8272 8263
f 8273 7961 8264
f 8273 7971 7961
f 8268 7965 7972
f 8268 7972 8274
f 8275 7972 7973
f 8275 8274 7972
f 8276 7967 8270
f 8276 7975 7967
f 7976 7975 8276
f 7976 8276 8277
f 8278 8271 7969
f 8278 7969 7977
f 8279 7977 7978
f 8279 8278 7977
f 8279 8271 8278
f 8279 8272 8271
f 8280 7971 8273
f 8280 7979 7971
f 7979 8279 7978
f 7979 8280 8279
f 8280 8272 8279
f 8280 8273 8272
f 8275 7973 7982
f 8275 7982 8284
f 8283 8274 8275
f 8283 8275 8284
f 7983 8284 7982
f 7983 8285 8284
f 8286 7983 7984
f 8286 8285 7983
f 8287 7984 7985
f 8287 8286 7984
f 7986 8287 7985
f 7986 8288 8287
f 8277 7989 7976
f 8277 8290 7989
f 8289 8277 8276
f 8289 8290 8277
f 7990 7989 8290
f 7990 8290 8291
f 8293 7992 7991
f 8293 7991 8292
f 8295 7996 7995
f 8295 7995 8294
f 8294 8281 8282
f 8294 8282 8295
f 8296 7997 7996
f 8296 7996 8295
f 8299 8298 8286
f 8299 8286 8287
f 8288 7986 8002
f 8288 8002 8300
f 8002 8001 8299
f 8002 8299 8300
f 8300 8299 8287
f 8300 8287 8288
f 8301 7990 8291
f 8301 8003 7990
f 8302 8292 7991
f 8302 7991 8004
f 8293 8005 7992
f 8293 8303 8005
f 8005 8302 8004
f 8005 8303 8302
f 8302 8293 8292
f 8302 8303 8293
f 8304 8294 7995
f 8304 7995 8008
f 8305 8008 8009
f 8305 8304 8008
f 8304 8295 8294
f 8304 8305 8295
f 8296 8010 7997
f 8296 8306 8010
f 8306 8009 8010
f 8306 8305 8009
f 8305 8296 8295
f 8305 8306 8296
f 8011 8010 8306
f 8011 8306 8307
f 8309 8013 8012
f 8309 8012 8308
f 8309 8308 8297
f 8309 8297 8298
f 8299 8001 8014
f 8299 8014 8310
f 8014 8013 8309
f 8014 8309 8310
f 8310 8309 8298
f 8310 8298 8299
f 8301 8015 8003
f 8301 8312 8015
f 8315 8306 8010
f 8315 8010 8018
f 8307 8019 8011
f 8307 8316 8019
f 8315 8307 8306
f 8315 8316 8307
f 8317 8308 8012
f 8317 8012 8020
f 8317 8020 8019
f 8317 8019 8316
f 8317 8316 8307
f 8317 8307 8308
f 8319 8015 8312
f 8319 8021 8015
f 8319 8311 8318
f 8319 8312 8311
f 8322 8024 8023
f 8322 8023 8321
f 8322 8321 8313
f 8322 8313 8314
f 8315 8018 8025
f 8315 8025 8323
f 8324 8315 8323
f 8324 8316 8315
f 8325 8021 8319
f 8325 8026 8021
f 8027 8026 8325
f 8027 8325 8326
f 8327 8321 8023
f 8327 8023 8028
f 8327 8326 8320
f 8327 8320 8321
f 8328 8024 8322
f 8328 8029 8024
f 8032 8031 8330
f 8032 8330 8331
f 8323 8025 8033
f 8323 8033 8332
f 8033 8032 8331
f 8033 8331 8332
f 8333 8323 8332
f 8333 8324 8323
f 8334 8027 8326
f 8334 8034 8027
f 8335 8327 8028
f 8335 8028 8035
f 8035 8034 8334
f 8035 8334 8335
f 8334 8326 8327
f 8334 8327 8335
f 8328 8036 8029
f 8328 8336 8036
f 8037 8036 8336
f 8037 8336 8337
f 8336 8328 8329
f 8336 8329 8337
f 8330 8031 8038
f 8330 8038 8338
f 8038 8037 8337
f 8038 8337 8338
f 8339 8330 8338
f 8339 8331 8330
f 8340 8339 8338
f 8340 8341 8339
f 8346 8039 8040
f 8346 8345 8039
f 8346 8342 8345
f 8346 8343 8342
f 8041 8346 8040
f 8041 8347 8346
f 8346 8344 8343
f 8346 8347 8344
f 8348 8041 8042
f 8348 8347 8041
f 8043 8348 8042
f 8043 8349 8348
f 8350 8039 8345
f 8350 8045 8039
f 8046 8045 8350
f 8046 8350 8351
f 8353 8349 8043
f 8353 8043 8048
f 8352 8348 8349
f 8352 8349 8353
f 8354 8048 8049
f 8354 8353 8048
f 8351 8055 8046
f 8351 8356 8055
f 8356 8054 8055
f 8356 8355 8054
f 8356 8350 8355
f 8356 8351 8350
f 8357 8352 8353
f 8357 8353 8358
f 8354 8049 8058
f 8354 8058 8359
f 8359 8058 8057
f 8359 8057 8358
f 8359 8358 8353
f 8359 8353 8354
f 8355 8063 8054
f 8355 8361 8063
f 8063 8360 8062
f 8063 8361 8360
f 8358 8057 8066
f 8358 8066 8362
f 8069 8363 8068
f 8069 8364 8363
f 8360 8070 8062
f 8360 8365 8070
f 8070 8364 8069
f 8070 8365 8364
f 8366 8071 8070
f 8366 8070 8365
f 8366 8365 8360
f 8366 8360 8361
f 8367 8072 8071
f 8367 8071 8366
f 8362 8066 8075
f 8362 8075 8370
f 8075 8074 8369
f 8075 8369 8370
f 8363 8076 8068
f 8363 8371 8076
f 8077 8076 8371
f 8077 8371 8372
f 8371 8363 8364
f 8371 8364 8372
f 8365 8070 8078
f 8365 8078 8373
f 8373 8372 8364
f 8373 8364 8365
f 8374 8078 8079
f 8374 8373 8078
f 8375 8072 8367
f 8375 8080 8072
f 8081 8080 8375
f 8081 8375 8376
f 8375 8367 8368
f 8375 8368 8376
f 8369 8074 8082
f 8369 8082 8377
f 8082 8081 8376
f 8082 8376 8377
f 8378 8369 8377
f 8378 8370 8369
f 8379 8077 8372
f 8379 8084 8077
f 8085 8084 8379
f 8085 8379 8380
f 8379 8372 8373
f 8379 8373 8380
f 8374 8079 8086
f 8374 8086 8381
f 8381 8086 8085
f 8381 8085 8380
f 8380 8373 8374
f 8380 8374 8381
f 8382 8086 8087
f 8382 8381 8086
f 8383 8087 8088
f 8383 8382 8087
f 8384 8086 8381
f 8384 8094 8086
f 8384 8381 8382
f 8384 8382 8385
f 8386 8383 8088
f 8386 8088 8096
f 8386 8096 8095
f 8386 8095 8385
f 8386 8385 8382
f 8386 8382 8383
f 8384 8099 8094
f 8384 8387 8099
f 8385 8095 8100
f 8385 8100 8388
f 8103 8389 8102
f 8103 8390 8389
f 8105 8391 8104
f 8105 8392 8391
f 8394 8099 8387
f 8394 8107 8099
f 8394 8106 8107
f 8394 8393 8106
f 8395 8388 8100
f 8395 8100 8108
f 8109 8395 8108
f 8109 8396 8395
f 8389 8110 8102
f 8389 8397 8110
f 8390 8103 8111
f 8390 8111 8398
f 8398 8397 8389
f 8398 8389 8390
f 8399 8111 8112
f 8399 8398 8111
f 8113 8399 8112
f 8113 8400 8399
f 8401 8104 8391
f 8401 8114 8104
f 8114 8400 8113
f 8114 8401 8400
f 8392 8105 8115
f 8392 8115 8402
f 8401 8391 8392
f 8401 8392 8402
f 8404 8106 8393
f 8404 8117 8106
f 8117 8403 8116
f 8117 8404 8403
f 8396 8109 8119
f 8396 8119 8405
f 8397 8120 8110
f 8397 8406 8120
f 8120 8405 8119
f 8120 8406 8405
f 8405 8397 8396
f 8405 8406 8397
f 8121 8120 8406
f 8121 8406 8407
f 8407 8406 8397
f 8407 8397 8398
f 8408 8407 8398
f 8408 8398 8399
f 8409 8408 8399
f 8409 8399 8400
f 8410 8402 8115
f 8410 8115 8125
f 8403 8127 8116
f 8403 8411 8127
f 8412 8128 8127
f 8412 8127 8411
f 8411 8403 8404
f 8411 8404 8412
f 8413 8129 8128
f 8413 8128 8412
f 8415 8406 8120
f 8415 8120 8131
f 8415 8131 8130
f 8415 8130 8414
f 8416 8121 8407
f 8416 8132 8121
f 8132 8415 8131
f 8132 8416 8415
f 8416 8406 8415
f 8416 8407 8406
f 8410 8125 8133
f 8410 8133 8417
f 8418 8133 8134
f 8418 8417 8133
f 8413 8138 8129
f 8413 8420 8138
f 8419 8413 8412
f 8419 8420 8413
f 8139 8138 8420
f 8139 8420 8421
f 8414 8130 8140
f 8414 8140 8422
f 8423 8131 8415
f 8423 8141 8131
f 8423 8140 8141
f 8423 8422 8140
f 8423 8414 8422
f 8423 8415 8414
f 8143 8142 8424
f 8143 8424 8425
f 8418 8134 8144
f 8418 8144 8426
f 8427 8144 8145
f 8427 8426 8144
f 8146 8427 8145
f 8146 8428 8427
f 8429 8146 8147
f 8429 8428 8146
f 8148 8429 8147
f 8148 8430 8429
f 8432 8419 8431
f 8432 8420 8419
f 8421 8151 8139
f 8421 8433 8151
f 8432 8421 8420
f 8432 8433 8421
f 8434 8152 8151
f 8434 8151 8433
f 8424 8142 8154
f 8424 8154 8436
f 8154 8153 8435
f 8154 8435 8436
f 8425 8155 8143
f 8425 8437 8155
f 8437 8154 8155
f 8437 8436 8154
f 8437 8424 8436
f 8437 8425 8424
f 8157 8156 8438
f 8157 8438 8439
f 8160 8159 8440
f 8160 8440 8441
f 8442 8441 8428
f 8442 8428 8429
f 8430 8148 8162
f 8430 8162 8443
f 8162 8161 8442
f 8162 8442 8443
f 8443 8442 8429
f 8443 8429 8430
f 8434 8164 8152
f 8434 8445 8164
f 8445 8163 8164
f 8445 8444 8163
f 8446 8435 8153
f 8446 8153 8165
f 8436 8166 8154
f 8436 8447 8166
f 8166 8446 8165
f 8166 8447 8446
f 8447 8435 8446
f 8447 8436 8435
f 8438 8156 8167
f 8438 8167 8448
f 8449 8157 8439
f 8449 8168 8157
f 8449 8167 8168
f 8449 8448 8167
f 8448 8439 8438
f 8448 8449 8439
f 8440 8159 8171
f 8440 8171 8451
f 8171 8170 8450
f 8171 8450 8451
f 8452 8160 8441
f 8452 8172 8160
f 8442 8161 8173
f 8442 8173 8453
f 8173 8172 8452
f 8173 8452 8453
f 8452 8441 8442
f 8452 8442 8453
f 8444 8174 8163
f 8444 8454 8174
f 8455 8175 8174
f 8455 8174 8454
f 8458 8178 8177
f 8458 8177 8457
f 8450 8170 8181
f 8450 8181 8460
f 8181 8180 8459
f 8181 8459 8460
f 8461 8450 8460
f 8461 8451 8450
f 8455 8183 8175
f 8455 8463 8183
f 8463 8182 8183
f 8463 8462 8182
f 8463 8454 8462
f 8463 8455 8454
f 8465 8457 8177
f 8465 8177 8184
f 8465 8464 8456
f 8465 8456 8457
f 8458 8185 8178
f 8458 8466 8185
f 8465 8458 8457
f 8465 8466 8458
f 8459 8180 8187
f 8459 8187 8467
f 8468 8459 8467
f 8468 8460 8459
f 8468 8461 8460
f 8468 8469 8461
f 8470 8182 8462
f 8470 8188 8182
f 8471 8189 8188
f 8471 8188 8470
f 8472 8190 8189
f 8472 8189 8471
f 8473 8465 8184
f 8473 8184 8191
f 8191 8190 8472
f 8191 8472 8473
f 8473 8472 8464
f 8473 8464 8465
f 8466 8192 8185
f 8466 8474 8192
f 8473 8466 8465
f 8473 8474 8466
f 8476 8194 8193
f 8476 8193 8475
f 8467 8187 8195
f 8467 8195 8477
f 8195 8194 8476
f 8195 8476 8477
f 8474 8198 8192
f 8474 8478 8198
f 8475 8193 8199
f 8475 8199 8479
f 8199 8198 8478
f 8199 8478 8479
f 8478 8474 8475
f 8478 8475 8479
f 8480 8475 8479
f 8480 8476 8475
f 8481 8476 8480
f 8481 8477 8476
f 8201 8482 8200
f 8201 8483 8482
f 8484 8201 8202
f 8484 8483 8201
f 8485 8202 8203
f 8485 8484 8202
f 8487 8200 8482
f 8487 8205 8200
f 8487 8204 8205
f 8487 8486 8204
f 8488 8485 8203
f 8488 8203 8206
f 8489 8204 8486
f 8489 8208 8204
f 8488 8206 8212
f 8488 8212 8491
f 8492 8208 8489
f 8492 8215 8208
f 8216 8215 8492
f 8216 8492 8493
f 8492 8489 8490
f 8492 8490 8493
f 8491 8212 8219
f 8491 8219 8494
f 8495 8219 8220
f 8495 8494 8219
f 8493 8224 8216
f 8493 8496 8224
f 8495 8220 8226
f 8495 8226 8500
f 8499 8494 8495
f 8499 8495 8500
f 8501 8224 8496
f 8501 8230 8224
f 8231 8230 8501
f 8231 8501 8502
f 8501 8496 8497
f 8501 8497 8502
f 8232 8231 8502
f 8232 8502 8503
f 8503 8502 8497
f 8503 8497 8498
f 8233 8232 8503
f 8233 8503 8504
f 8504 8503 8498
f 8504 8498 8499
f 8500 8226 8234
f 8500 8234 8505
f 8234 8233 8504
f 8234 8504 8505
f 8505 8504 8499
f 8505 8499 8500
f 8247 8506 8246
f 8247 8507 8506
f 8248 8507 8247
f 8248 8508 8507
f 8506 8249 8246
f 8506 8509 8249
f 8509 8506 8507
f 8509 8507 8510
f 8508 8248 8251
f 8508 8251 8511
f 8510 8507 8508
f 8510 8508 8511
f 8515 8255 8256
f 8515 8514 8255
f 8509 8259 8249
f 8509 8517 8259
f 8518 8517 8509
f 8518 8509 8510
f 8519 8511 8251
f 8519 8251 8261
f 8520 8261 8262
f 8520 8519 8261
f 8263 8520 8262
f 8263 8521 8520
f 8520 8513 8512
f 8520 8521 8513
f 8523 8264 8265
f 8523 8522 8264
f 8514 8266 8255
f 8514 8524 8266
f 8524 8265 8266
f 8524 8523 8265
f 8515 8256 8267
f 8515 8267 8525
f 8524 8514 8515
f 8524 8515 8525
f 8526 8267 8268
f 8526 8525 8267
f 8528 8259 8517
f 8528 8270 8259
f 8528 8516 8527
f 8528 8517 8516
f 8529 8521 8263
f 8529 8263 8272
f 8530 8264 8522
f 8530 8273 8264
f 8273 8529 8272
f 8273 8530 8529
f 8529 8522 8521
f 8529 8530 8522
f 8531 8530 8522
f 8531 8522 8523
f 8526 8268 8274
f 8526 8274 8533
f 8532 8525 8526
f 8532 8526 8533
f 8535 8270 8528
f 8535 8276 8270
f 8534 8528 8527
f 8534 8535 8528
f 8282 8281 8536
f 8282 8536 8537
f 8533 8274 8283
f 8533 8283 8538
f 8538 8537 8532
f 8538 8532 8533
f 8539 8283 8284
f 8539 8538 8283
f 8285 8539 8284
f 8285 8540 8539
f 8541 8285 8286
f 8541 8540 8285
f 8535 8289 8276
f 8535 8542 8289
f 8543 8290 8289
f 8543 8289 8542
f 8291 8290 8543
f 8291 8543 8544
f 8547 8536 8281
f 8547 8281 8294
f 8548 8282 8537
f 8548 8295 8282
f 8548 8294 8295
f 8548 8547 8294
f 8548 8536 8547
f 8548 8537 8536
f 8550 8541 8286
f 8550 8286 8298
f 8550 8298 8297
f 8550 8297 8549
f 8549 8540 8541
f 8549 8541 8550
f 8551 8543 8542
f 8551 8552 8543
f 8544 8301 8291
f 8544 8553 8301
f 8552 8544 8543
f 8552 8553 8544
f 8554 8545 8546
f 8554 8546 8555
f 8557 8549 8297
f 8557 8297 8308
f 8308 8307 8556
f 8308 8556 8557
f 8553 8312 8301
f 8553 8559 8312
f 8312 8558 8311
f 8312 8559 8558
f 8314 8313 8561
f 8314 8561 8562
f 8556 8307 8316
f 8556 8316 8565
f 8566 8556 8565
f 8566 8557 8556
f 8558 8318 8311
f 8558 8567 8318
f 8568 8319 8318
f 8568 8318 8567
f 8568 8567 8558
f 8568 8558 8559
f 8568 8559 8560
f 8568 8560 8569
f 8570 8561 8313
f 8570 8313 8321
f 8570 8321 8320
f 8570 8320 8569
f 8571 8314 8562
f 8571 8322 8314
f 8571 8561 8570
f 8571 8562 8561
f 8572 8563 8564
f 8572 8564 8573
f 8565 8316 8324
f 8565 8324 8576
f 8577 8565 8576
f 8577 8566 8565
f 8578 8319 8568
f 8578 8325 8319
f 8579 8569 8320
f 8579 8320 8326
f 8326 8325 8578
f 8326 8578 8579
f 8578 8568 8569
f 8578 8569 8579
f 8579 8570 8569
f 8579 8580 8570
f 8571 8328 8322
f 8571 8581 8328
f 8580 8571 8570
f 8580 8581 8571
f 8329 8328 8581
f 8329 8581 8582
f 8332 8331 8583
f 8332 8583 8584
f 8584 8583 8574
f 8584 8574 8575
f 8585 8576 8324
f 8585 8324 8333
f 8333 8332 8584
f 8333 8584 8585
f 8585 8584 8575
f 8585 8575 8576
f 8586 8581 8580
f 8586 8587 8581
f 8588 8329 8582
f 8588 8337 8329
f 8338 8337 8588
f 8338 8588 8589
f 8590 8583 8331
f 8590 8331 8339
f 8589 8340 8338
f 8589 8591 8340
f 8590 8339 8341
f 8590 8341 8592
f 8592 8341 8340
f 8592 8340 8591
f 8343 8593 8342
f 8343 8594 8593
f 8595 8343 8344
f 8595 8594 8343
f 8596 8342 8593
f 8596 8345 8342
f 8598 8595 8344
f 8598 8344 8347
f 8597 8594 8595
f 8597 8595 8598
f 8599 8347 8348
f 8599 8598 8347
f 8600 8345 8596
f 8600 8350 8345
f 8599 8348 8352
f 8599 8352 8601
f 8600 8355 8350
f 8600 8603 8355
f 8601 8352 8357
f 8601 8357 8604
f 8605 8357 8358
f 8605 8604 8357
f 8604 8602 8601
f 8604 8605 8602
f 8606 8355 8603
f 8606 8361 8355
f 8609 8605 8358
f 8609 8358 8362
f 8609 8608 8604
f 8609 8604 8605
f 8610 8361 8606
f 8610 8366 8361
f 8367 8366 8610
f 8367 8610 8611
f 8610 8606 8607
f 8610 8607 8611
f 8368 8367 8611
f 8368 8611 8612
f 8609 8362 8370
f 8609 8370 8614
f 8614 8613 8608
f 8614 8608 8609
f 8615 8368 8612
f 8615 8376 8368
f 8377 8376 8615
f 8377 8615 8616
f 8615 8612 8613
f 8615 8613 8616
f 8614 8370 8378
f 8614 8378 8617
f 8378 8377 8616
f 8378 8616 8617
f 8616 8613 8614
f 8616 8614 8617
f 8619 8384 8385
f 8619 8618 8384
f 8618 8387 8384
f 8618 8620 8387
f 8619 8385 8388
f 8619 8388 8621
f 8620 8618 8619
f 8620 8619 8621
f 8620 8394 8387
f 8620 8623 8394
f 8394 8622 8393
f 8394 8623 8622
f 8621 8388 8395
f 8621 8395 8624
f 8623 8620 8621
f 8623 8621 8624
f 8625 8395 8396
f 8625 8624 8395
f 8397 8625 8396
f 8397 8626 8625
f 8401 8628 8400
f 8401 8629 8628
f 8402 8629 8401
f 8402 8630 8629
f 8622 8404 8393
f 8622 8632 8404
f 8633 8632 8622
f 8633 8622 8623
f 8634 8624 8625
f 8634 8625 8635
f 8636 8626 8397
f 8636 8397 8406
f 8407 8636 8406
f 8407 8637 8636
f 8636 8627 8626
f 8636 8637 8627
f 8408 8637 8407
f 8408 8638 8637
f 8628 8409 8400
f 8628 8639 8409
f 8409 8638 8408
f 8409 8639 8638
f 8640 8639 8628
f 8640 8628 8629
f 8630 8402 8410
f 8630 8410 8641
f 8640 8629 8630
f 8640 8630 8641
f 8632 8412 8404
f 8632 8643 8412
f 8643 8631 8642
f 8643 8632 8631
f 8641 8410 8417
f 8641 8417 8645
f 8646 8417 8418
f 8646 8645 8417
f 8643 8419 8412
f 8643 8647 8419
f 8649 8648 8644
f 8649 8644 8645
f 8646 8418 8426
f 8646 8426 8650
f 8649 8645 8646
f 8649 8646 8650
f 8651 8426 8427
f 8651 8650 8426
f 8652 8427 8428
f 8652 8651 8427
f 8647 8431 8419
f 8647 8653 8431
f 8654 8432 8431
f 8654 8431 8653
f 8655 8433 8432
f 8655 8432 8654
f 8656 8434 8433
f 8656 8433 8655
f 8652 8428 8441
f 8652 8441 8660
f 8660 8441 8440
f 8660 8440 8659
f 8659 8651 8652
f 8659 8652 8660
f 8656 8445 8434
f 8656 8662 8445
f 8445 8661 8444
f 8445 8662 8661
f 8661 8656 8655
f 8661 8662 8656
f 8663 8657 8658
f 8663 8658 8664
f 8666 8659 8440
f 8666 8440 8451
f 8667 8659 8666
f 8667 8660 8659
f 8668 8444 8661
f 8668 8454 8444
f 8668 8661 8662
f 8668 8662 8669
f 8671 8457 8456
f 8671 8456 8670
f 8672 8664 8665
f 8672 8665 8673
f 8666 8451 8461
f 8666 8461 8675
f 8668 8462 8454
f 8668 8676 8462
f 8677 8676 8668
f 8677 8668 8669
f 8678 8670 8456
f 8678 8456 8464
f 8679 8457 8671
f 8679 8465 8457
f 8679 8670 8678
f 8679 8671 8670
f 8468 8467 8680
f 8468 8680 8681
f 8682 8675 8461
f 8682 8461 8469
f 8682 8469 8468
f 8682 8468 8681
f 8682 8681 8674
f 8682 8674 8675
f 8683 8462 8676
f 8683 8470 8462
f 8471 8470 8683
f 8471 8683 8684
f 8683 8676 8677
f 8683 8677 8684
f 8678 8464 8472
f 8678 8472 8685
f 8472 8471 8684
f 8472 8684 8685
f 8679 8473 8465
f 8679 8686 8473
f 8685 8679 8678
f 8685 8686 8679
f 8474 8473 8686
f 8474 8686 8687
f 8688 8475 8474
f 8688 8474 8687
f 8680 8467 8477
f 8680 8477 8690
f 8688 8479 8475
f 8688 8692 8479
f 8691 8688 8687
f 8691 8692 8688
f 8480 8479 8692
f 8480 8692 8693
f 8690 8477 8481
f 8690 8481 8694
f 8694 8481 8480
f 8694 8480 8693
f 8694 8693 8689
f 8694 8689 8690
f 8695 8693 8692
f 8695 8696 8693
f 8483 8697 8482
f 8483 8698 8697
f 8484 8698 8483
f 8484 8699 8698
f 8700 8484 8485
f 8700 8699 8484
f 8697 8487 8482
f 8697 8702 8487
f 8487 8701 8486
f 8487 8702 8701
f 8703 8702 8697
f 8703 8697 8698
f 8703 8698 8699
f 8703 8699 8704
f 8700 8485 8488
f 8700 8488 8705
f 8705 8704 8699
f 8705 8699 8700
f 8706 8486 8701
f 8706 8489 8486
f 8490 8489 8706
f 8490 8706 8707
f 8707 8706 8701
f 8707 8701 8702
f 8710 8705 8488
f 8710 8488 8491
f 8709 8704 8705
f 8709 8705 8710
f 8711 8490 8707
f 8711 8493 8490
f 8711 8707 8708
f 8711 8708 8712
f 8713 8712 8708
f 8713 8708 8709
f 8714 8710 8491
f 8714 8491 8494
f 8714 8713 8709
f 8714 8709 8710
f 8715 8493 8711
f 8715 8496 8493
f 8497 8496 8715
f 8497 8715 8716
f 8715 8711 8712
f 8715 8712 8716
f 8498 8497 8716
f 8498 8716 8717
f 8718 8714 8494
f 8718 8494 8499
f 8718 8499 8498
f 8718 8498 8717
f 8718 8717 8713
f 8718 8713 8714
f 8720 8510 8511
f 8720 8719 8510
f 8513 8721 8512
f 8513 8722 8721
f 8517 8723 8516
f 8517 8724 8723
f 8719 8518 8510
f 8719 8725 8518
f 8518 8724 8517
f 8518 8725 8724
f 8720 8511 8519
f 8720 8519 8726
f 8726 8725 8719
f 8726 8719 8720
f 8721 8520 8512
f 8721 8727 8520
f 8727 8519 8520
f 8727 8726 8519
f 8728 8722 8513
f 8728 8513 8521
f 8728 8727 8721
f 8728 8721 8722
f 8729 8521 8522
f 8729 8728 8521
f 8731 8523 8524
f 8731 8730 8523
f 8732 8524 8525
f 8732 8731 8524
f 8723 8527 8516
f 8723 8733 8527
f 8734 8733 8723
f 8734 8723 8724
f 8736 8735 8725
f 8736 8725 8726
f 8736 8726 8727
f 8736 8727 8737
f 8729 8522 8530
f 8729 8530 8739
f 8730 8531 8523
f 8730 8740 8531
f 8531 8739 8530
f 8531 8740 8739
f 8739 8730 8729
f 8739 8740 8730
f 8741 8740 8730
f 8741 8730 8731
f 8732 8525 8532
f 8732 8532 8742
f 8741 8731 8732
f 8741 8732 8742
f 8733 8534 8527
f 8733 8743 8534
f 8535 8534 8743
f 8535 8743 8744
f 8743 8733 8734
f 8743 8734 8744
f 8745 8744 8734
f 8745 8734 8735
f 8747 8737 8738
f 8747 8738 8748
f 8749 8739 8740
f 8749 8740 8750
f 8750 8740 8741
f 8750 8741 8751
f 8742 8532 8537
f 8742 8537 8752
f 8752 8751 8741
f 8752 8741 8742
f 8538 8752 8537
f 8538 8753 8752
f 8754 8538 8539
f 8754 8753 8538
f 8755 8539 8540
f 8755 8754 8539
f 8756 8535 8744
f 8756 8542 8535
f 8756 8744 8745
f 8756 8745 8757
f 8757 8745 8746
f 8757 8746 8758
f 8546 8545 8759
f 8546 8759 8760
f 8761 8760 8750
f 8761 8750 8751
f 8762 8753 8754
f 8762 8754 8763
f 8764 8755 8540
f 8764 8540 8549
f 8764 8763 8754
f 8764 8754 8755
f 8756 8551 8542
f 8756 8765 8551
f 8766 8552 8551
f 8766 8551 8765
f 8765 8756 8757
f 8765 8757 8766
f 8553 8552 8766
f 8553 8766 8767
f 8766 8757 8758
f 8766 8758 8767
f 8759 8545 8554
f 8759 8554 8770
f 8771 8546 8760
f 8771 8555 8546
f 8555 8770 8554
f 8555 8771 8770
f 8771 8759 8770
f 8771 8760 8759
f 8764 8549 8557
f 8764 8557 8775
f 8774 8763 8764
f 8774 8764 8775
f 8776 8553 8767
f 8776 8559 8553
f 8560 8559 8776
f 8560 8776 8777
f 8776 8767 8768
f 8776 8768 8777
f 8778 8777 8768
f 8778 8768 8769
f 8779 8770 8771
f 8779 8771 8780
f 8564 8563 8780
f 8564 8780 8781
f 8780 8771 8772
f 8780 8772 8781
f 8782 8781 8772
f 8782 8772 8773
f 8775 8557 8566
f 8775 8566 8784
f 8785 8560 8777
f 8785 8569 8560
f 8786 8785 8777
f 8786 8777 8778
f 8780 8563 8572
f 8780 8572 8788
f 8787 8779 8780
f 8787 8780 8788
f 8781 8573 8564
f 8781 8789 8573
f 8573 8788 8572
f 8573 8789 8788
f 8791 8575 8574
f 8791 8574 8790
f 8792 8576 8575
f 8792 8575 8791
f 8793 8784 8566
f 8793 8566 8577
f 8577 8576 8792
f 8577 8792 8793
f 8793 8792 8783
f 8793 8783 8784
f 8794 8569 8785
f 8794 8579 8569
f 8580 8579 8794
f 8580 8794 8795
f 8582 8581 8796
f 8582 8796 8797
f 8799 8790 8574
f 8799 8574 8583
f 8798 8789 8790
f 8798 8790 8799
f 8795 8586 8580
f 8795 8800 8586
f 8796 8581 8587
f 8796 8587 8801
f 8801 8587 8586
f 8801 8586 8800
f 8802 8582 8797
f 8802 8588 8582
f 8589 8588 8802
f 8589 8802 8803
f 8802 8797 8798
f 8802 8798 8803
f 8799 8583 8590
f 8799 8590 8804
f 8804 8803 8798
f 8804 8798 8799
f 8805 8589 8803
f 8805 8591 8589
f 8804 8590 8592
f 8804 8592 8806
f 8592 8591 8805
f 8592 8805 8806
f 8805 8803 8804
f 8805 8804 8806
f 8808 8593 8594
f 8808 8807 8593
f 8807 8596 8593
f 8807 8809 8596
f 8808 8594 8597
f 8808 8597 8810
f 8809 8807 8808
f 8809 8808 8810
f 8811 8597 8598
f 8811 8810 8597
f 8812 8598 8599
f 8812 8811 8598
f 8809 8600 8596
f 8809 8813 8600
f 8814 8813 8809
f 8814 8809 8810
f 8815 8812 8599
f 8815 8599 8601
f 8816 8601 8602
f 8816 8815 8601
f 8817 8600 8813
f 8817 8603 8600
f 8817 8813 8814
f 8817 8814 8818
f 8821 8816 8602
f 8821 8602 8605
f 8821 8605 8604
f 8821 8604 8820
f 8821 8820 8815
f 8821 8815 8816
f 8822 8603 8817
f 8822 8606 8603
f 8607 8606 8822
f 8607 8822 8823
f 8822 8817 8818
f 8822 8818 8823
f 8823 8818 8819
f 8823 8819 8824
f 8820 8604 8608
f 8820 8608 8825
f 8825 8824 8819
f 8825 8819 8820
f 8826 8607 8823
f 8826 8611 8607
f 8612 8611 8826
f 8612 8826 8827
f 8826 8823 8824
f 8826 8824 8827
f 8828 8825 8608
f 8828 8608 8613
f 8828 8613 8612
f 8828 8612 8827
f 8828 8827 8824
f 8828 8824 8825
f 8830 8623 8624
f 8830 8829 8623
f 8626 8831 8625
f 8626 8832 8831
f 8627 8832 8626
f 8627 8833 8832
f 8835 8631 8632
f 8835 8834 8631
f 8829 8633 8623
f 8829 8836 8633
f 8633 8835 8632
f 8633 8836 8835
f 8830 8624 8634
f 8830 8634 8837
f 8836 8829 8830
f 8836 8830 8837
f 8831 8635 8625
f 8831 8838 8635
f 8838 8634 8635
f 8838 8837 8634
f 8840 8833 8627
f 8840 8627 8637
f 8839 8832 8833
f 8839 8833 8840
f 8841 8637 8638
f 8841 8840 8637
f 8842 8638 8639
f 8842 8841 8638
f 8640 8842 8639
f 8640 8843 8842
f 8844 8640 8641
f 8844 8843 8640
f 8834 8642 8631
f 8834 8845 8642
f 8643 8642 8845
f 8643 8845 8846
f 8845 8834 8835
f 8845 8835 8846
f 8849 8841 8842
f 8849 8842 8850
f 8850 8842 8843
f 8850 8843 8851
f 8852 8844 8641
f 8852 8641 8645
f 8852 8645 8644
f 8852 8644 8851
f 8852 8851 8843
f 8852 8843 8844
f 8853 8643 8846
f 8853 8647 8643
f 8853 8846 8847
f 8853 8847 8854
f 8854 8847 8848
f 8854 8848 8855
f 8856 8849 8850
f 8856 8850 8857
f 8851 8644 8648
f 8851 8648 8858
f 8858 8857 8850
f 8858 8850 8851
f 8859 8648 8649
f 8859 8858 8648
f 8860 8649 8650
f 8860 8859 8649
f 8861 8650 8651
f 8861 8860 8650
f 8862 8647 8853
f 8862 8653 8647
f 8654 8653 8862
f 8654 8862 8863
f 8862 8853 8854
f 8862 8854 8863
f 8655 8654 8863
f 8655 8863 8864
f 8863 8854 8855
f 8863 8855 8864
f 8658 8657 8866
f 8658 8866 8867
f 8868 8859 8860
f 8868 8860 8869
f 8870 8861 8651
f 8870 8651 8659
f 8869 8860 8861
f 8869 8861 8870
f 8871 8659 8660
f 8871 8870 8659
f 8872 8655 8864
f 8872 8661 8655
f 8662 8661 8872
f 8662 8872 8873
f 8872 8864 8865
f 8872 8865 8873
f 8866 8657 8663
f 8866 8663 8875
f 8876 8658 8867
f 8876 8664 8658
f 8876 8663 8664
f 8876 8875 8663
f 8665 8664 8876
f 8665 8876 8877
f 8871 8660 8667
f 8871 8667 8880
f 8880 8667 8666
f 8880 8666 8879
f 8879 8870 8871
f 8879 8871 8880
f 8873 8669 8662
f 8873 8881 8669
f 8881 8873 8874
f 8881 8874 8882
f 8876 8664 8672
f 8876 8672 8884
f 8883 8875 8876
f 8883 8876 8884
f 8877 8673 8665
f 8877 8885 8673
f 8673 8884 8672
f 8673 8885 8884
f 8885 8877 8878
f 8885 8878 8886
f 8879 8666 8675
f 8879 8675 8888
f 8888 8675 8674
f 8888 8674 8887
f 8881 8677 8669
f 8881 8889 8677
f 8890 8889 8881
f 8890 8881 8882
f 8891 8885 8886
f 8891 8886 8892
f 8894 8887 8674
f 8894 8674 8681
f 8894 8681 8680
f 8894 8680 8893
f 8895 8677 8889
f 8895 8684 8677
f 8685 8684 8895
f 8685 8895 8896
f 8895 8889 8890
f 8895 8890 8896
f 8686 8685 8896
f 8686 8896 8897
f 8898 8687 8686
f 8898 8686 8897
f 8900 8899 8891
f 8900 8891 8892
f 8901 8893 8680
f 8901 8680 8690
f 8901 8690 8689
f 8901 8689 8900
f 8901 8900 8892
f 8901 8892 8893
f 8902 8687 8898
f 8902 8691 8687
f 8903 8692 8691
f 8903 8691 8902
f 8902 8898 8899
f 8902 8899 8903
f 8904 8900 8689
f 8904 8689 8693
f 8904 8903 8899
f 8904 8899 8900
f 8903 8695 8692
f 8903 8905 8695
f 8904 8693 8696
f 8904 8696 8906
f 8696 8695 8905
f 8696 8905 8906
f 8905 8903 8904
f 8905 8904 8906
f 8703 8907 8702
f 8703 8908 8907
f 8909 8703 8704
f 8909 8908 8703
f 8910 8702 8907
f 8910 8707 8702
f 8708 8707 8910
f 8708 8910 8911
f 8911 8910 8907
f 8911 8907 8908
f 8912 8909 8704
f 8912 8704 8709
f 8912 8709 8708
f 8912 8708 8911
f 8912 8911 8908
f 8912 8908 8909
f 8713 8913 8712
f 8713 8914 8913
f 8915 8712 8913
f 8915 8716 8712
f 8916 8914 8713
f 8916 8713 8717
f 8717 8716 8915
f 8717 8915 8916
f 8915 8913 8914
f 8915 8914 8916
f 8918 8724 8725
f 8918 8917 8724
f 8728 8919 8727
f 8728 8920 8919
f 8921 8728 8729
f 8921 8920 8728
f 8922 8729 8730
f 8922 8921 8729
f 8917 8734 8724
f 8917 8923 8734
f 8918 8725 8735
f 8918 8735 8924
f 8735 8734 8923
f 8735 8923 8924
f 8923 8917 8918
f 8923 8918 8924
f 8736 8924 8735
f 8736 8925 8924
f 8919 8737 8727
f 8919 8926 8737
f 8737 8925 8736
f 8737 8926 8925
f 8738 8737 8926
f 8738 8926 8927
f 8927 8926 8919
f 8927 8919 8920
f 8928 8927 8920
f 8928 8920 8921
f 8922 8730 8740
f 8922 8740 8929
f 8929 8740 8739
f 8929 8739 8928
f 8929 8928 8921
f 8929 8921 8922
f 8930 8735 8924
f 8930 8745 8735
f 8746 8745 8930
f 8746 8930 8931
f 8930 8924 8925
f 8930 8925 8931
f 8926 8737 8747
f 8926 8747 8932
f 8932 8931 8925
f 8932 8925 8926
f 8933 8738 8927
f 8933 8748 8738
f 8933 8747 8748
f 8933 8932 8747
f 8928 8739 8749
f 8928 8749 8934
f 8750 8934 8749
f 8750 8935 8934
f 8937 8751 8752
f 8937 8936 8751
f 8938 8752 8753
f 8938 8937 8752
f 8939 8746 8931
f 8939 8758 8746
f 8942 8935 8750
f 8942 8750 8760
f 8936 8761 8751
f 8936 8943 8761
f 8761 8942 8760
f 8761 8943 8942
f 8942 8936 8935
f 8942 8943 8936
f 8938 8753 8762
f 8938 8762 8945
f 8944 8937 8938
f 8944 8938 8945
f 8946 8762 8763
f 8946 8945 8762
f 8947 8758 8939
f 8947 8767 8758
f 8768 8767 8947
f 8768 8947 8948
f 8947 8939 8940
f 8947 8940 8948
f 8769 8768 8948
f 8769 8948 8949
f 8948 8940 8941
f 8948 8941 8949
f 8951 8771 8770
f 8951 8770 8950
f 8772 8771 8951
f 8772 8951 8952
f 8773 8772 8952
f 8773 8952 8953
f 8954 8953 8944
f 8954 8944 8945
f 8946 8763 8774
f 8946 8774 8955
f 8954 8945 8946
f 8954 8946 8955
f 8956 8774 8775
f 8956 8955 8774
f 8957 8769 8949
f 8957 8778 8769
f 8950 8770 8779
f 8950 8779 8958
f 8957 8949 8950
f 8957 8950 8958
f 8959 8952 8951
f 8959 8960 8952
f 8961 8773 8953
f 8961 8782 8773
f 8782 8960 8781
f 8782 8961 8960
f 8962 8954 8955
f 8962 8955 8963
f 8964 8956 8775
f 8964 8775 8784
f 8964 8784 8783
f 8964 8783 8963
f 8964 8963 8955
f 8964 8955 8956
f 8957 8786 8778
f 8957 8966 8786
f 8786 8965 8785
f 8786 8966 8965
f 8958 8779 8787
f 8958 8787 8967
f 8966 8957 8958
f 8966 8958 8967
f 8968 8787 8788
f 8968 8967 8787
f 8969 8781 8960
f 8969 8789 8781
f 8789 8968 8788
f 8789 8969 8968
f 8970 8790 8789
f 8970 8789 8969
f 8791 8790 8970
f 8791 8970 8971
f 8972 8963 8783
f 8972 8783 8792
f 8972 8792 8791
f 8972 8791 8971
f 8972 8971 8962
f 8972 8962 8963
f 8965 8794 8785
f 8965 8973 8794
f 8795 8794 8973
f 8795 8973 8974
f 8976 8797 8796
f 8976 8796 8975
f 8976 8975 8967
f 8976 8967 8968
f 8977 8969 8789
f 8977 8789 8798
f 8977 8798 8797
f 8977 8797 8976
f 8977 8976 8968
f 8977 8968 8969
f 8979 8795 8974
f 8979 8800 8795
f 8978 8974 8973
f 8978 8979 8974
f 8980 8975 8796
f 8980 8796 8801
f 8980 8801 8800
f 8980 8800 8979
f 8980 8979 8974
f 8980 8974 8975
f 8811 8981 8810
f 8811 8982 8981
f 8983 8811 8812
f 8983 8982 8811
f 8981 8814 8810
f 8981 8984 8814
f 8985 8984 8981
f 8985 8981 8982
f 8986 8983 8812
f 8986 8812 8815
f 8985 8982 8983
f 8985 8983 8986
f 8987 8814 8984
f 8987 8818 8814
f 8819 8818 8987
f 8819 8987 8988
f 8987 8984 8985
f 8987 8985 8988
f 8989 8986 8815
f 8989 8815 8820
f 8989 8820 8819
f 8989 8819 8988
f 8989 8988 8985
f 8989 8985 8986
f 8991 8831 8832
f 8991 8990 8831
f 8836 8992 8835
f 8836 8993 8992
f 8837 8993 8836
f 8837 8994 8993
f 8990 8838 8831
f 8990 8995 8838
f 8838 8994 8837
f 8838 8995 8994
f 8991 8832 8839
f 8991 8839 8996
f 8996 8995 8990
f 8996 8990 8991
f 8997 8839 8840
f 8997 8996 8839
f 8998 8840 8841
f 8998 8997 8840
f 8999 8835 8992
f 8999 8846 8835
f 8847 8846 8999
f 8847 8999 9000
f 8999 8992 8993
f 8999 8993 9000
f 8848 8847 9000
f 8848 9000 9001
f 9000 8993 8994
f 9000 8994 9001
f 9002 9001 8994
f 9002 8994 8995
f 9003 9002 8995
f 9003 8995 8996
f 9003 8996 8997
f 9003 8997 9004
f 8998 8841 8849
f 8998 8849 9005
f 9005 9004 8997
f 9005 8997 8998
f 9006 8848 9001
f 9006 8855 8848
f 9005 8849 8856
f 9005 8856 9008
f 9007 9004 9005
f 9007 9005 9008
f 9009 8856 8857
f 9009 9008 8856
f 9010 8857 8858
f 9010 9009 8857
f 9011 8858 8859
f 9011 9010 8858
f 9012 8855 9006
f 9012 8864 8855
f 8865 8864 9012
f 8865 9012 9013
f 8867 8866 9015
f 8867 9015 9016
f 9011 8859 8868
f 9011 8868 9017
f 9018 8868 8869
f 9018 9017 8868
f 9019 8869 8870
f 9019 9018 8869
f 9020 8865 9013
f 9020 8873 8865
f 8874 8873 9020
f 8874 9020 9021
f 9020 9013 9014
f 9020 9014 9021
f 9015 8866 8875
f 9015 8875 9022
f 9016 8876 8867
f 9016 9023 8876
f 9023 9015 9022
f 9023 9016 9015
f 8877 8876 9023
f 8877 9023 9024
f 8878 8877 9024
f 8878 9024 9025
f 9026 9017 9018
f 9026 9018 9027
f 9019 8870 8879
f 9019 8879 9028
f 9028 9027 9018
f 9028 9018 9019
f 9029 8874 9021
f 9029 8882 8874
f 9022 8875 8883
f 9022 8883 9030
f 9029 9021 9022
f 9029 9022 9030
f 9031 8883 8884
f 9031 9030 8883
f 9032 8884 8885
f 9032 9031 8884
f 9033 8878 9025
f 9033 8886 8878
f 9028 8879 8888
f 9028 8888 9036
f 9036 8888 8887
f 9036 8887 9035
f 9036 9035 9027
f 9036 9027 9028
f 9038 8882 9029
f 9038 8890 8882
f 9039 9038 9029
f 9039 9029 9030
f 9039 9030 9031
f 9039 9031 9040
f 9032 8885 8891
f 9032 8891 9041
f 9040 9031 9032
f 9040 9032 9041
f 9042 8886 9033
f 9042 8892 8886
f 8893 8892 9042
f 8893 9042 9043
f 9044 9035 8887
f 9044 8887 8894
f 9044 8894 8893
f 9044 8893 9043
f 9044 9043 9034
f 9044 9034 9035
f 9046 8890 9038
f 9046 8896 8890
f 9046 9037 9045
f 9046 9038 9037
f 8897 8896 9046
f 8897 9046 9047
f 9048 8898 8897
f 9048 8897 9047
f 9048 9047 9039
f 9048 9039 9040
f 9049 9041 8891
f 9049 8891 8899
f 8899 8898 9048
f 8899 9048 9049
f 9049 9048 9040
f 9049 9040 9041
f 9051 8927 8928
f 9051 9050 8927
f 8932 9052 8931
f 8932 9053 9052
f 9050 8933 8927
f 9050 9054 8933
f 8933 9053 8932
f 8933 9054 9053
f 9051 8928 8934
f 9051 8934 9055
f 9054 9050 9051
f 9054 9051 9055
f 9056 8934 8935
f 9056 9055 8934
f 9057 8935 8936
f 9057 9056 8935
f 9058 8936 8937
f 9058 9057 8936
f 9052 8939 8931
f 9052 9059 8939
f 8940 8939 9059
f 8940 9059 9060
f 8941 8940 9060
f 8941 9060 9061
f 9061 9054 9055
f 9061 9055 9062
f 9062 9055 9056
f 9062 9056 9063
f 9063 9056 9057
f 9063 9057 9064
f 9058 8937 8944
f 9058 8944 9065
f 9064 9057 9058
f 9064 9058 9065
f 9066 8941 9061
f 9066 8949 8941
f 8950 8949 9066
f 8950 9066 9067
f 9066 9061 9062
f 9066 9062 9067
f 8951 8950 9067
f 8951 9067 9068
f 9067 9062 9063
f 9067 9063 9068
f 9068 9063 9064
f 9068 9064 9069
f 9070 9065 8944
f 9070 8944 8953
f 8953 8952 9069
f 8953 9069 9070
f 9069 9064 9065
f 9069 9065 9070
f 9071 8953 8954
f 9071 9070 8953
f 9072 8951 9068
f 9072 8959 8951
f 9073 9069 8952
f 9073 8952 8960
f 9073 8960 8959
f 9073 8959 9072
f 9072 9068 9069
f 9072 9069 9073
f 9070 8961 8953
f 9070 9074 8961
f 8961 9073 8960
f 8961 9074 9073
f 9071 8954 8962
f 9071 8962 9075
f 9074 9070 9071
f 9074 9071 9075
f 9077 8965 8966
f 9077 9076 8965
f 8967 9077 8966
f 8967 9078 9077
f 9079 8960 9073
f 9079 8969 8960
f 8970 8969 9079
f 8970 9079 9080
f 9079 9073 9074
f 9079 9074 9080
f 9081 9075 8962
f 9081 8962 8971
f 9081 8971 8970
f 9081 8970 9080
f 9081 9080 9074
f 9081 9074 9075
f 9076 8973 8965
f 9076 9082 8973
f 9078 8967 8975
f 9078 8975 9084
f 9084 8975 8974
f 9084 8974 9083
f 9082 8978 8973
f 9082 9085 8978
f 9086 9083 8974
f 9086 8974 8979
f 9086 8979 8978
f 9086 8978 9085
f 9085 9082 9083
f 9085 9083 9086
f 9002 9087 9001
f 9002 9088 9087
f 9089 9002 9003
f 9089 9088 9002
f 9090 9003 9004
f 9090 9089 9003
f 9087 9006 9001
f 9087 9091 9006
f 9092 9091 9087
f 9092 9087 9088
f 9090 9004 9007
f 9090 9007 9094
f 9093 9089 9090
f 9093 9090 9094
f 9095 9007 9008
f 9095 9094 9007
f 9009 9095 9008
f 9009 9096 9095
f 9097 9009 9010
f 9097 9096 9009
f 9098 9010 9011
f 9098 9097 9010
f 9099 9006 9091
f 9099 9012 9006
f 9100 9013 9012
f 9100 9012 9099
f 9014 9013 9100
f 9014 9100 9101
f 9102 9101 9093
f 9102 9093 9094
f 9102 9094 9095
f 9102 9095 9103
f 9103 9095 9096
f 9103 9096 9104
f 9104 9096 9097
f 9104 9097 9105
f 9106 9098 9011
f 9106 9011 9017
f 9105 9097 9098
f 9105 9098 9106
f 9107 9014 9101
f 9107 9021 9014
f 9022 9021 9107
f 9022 9107 9108
f 9107 9101 9102
f 9107 9102 9108
f 9109 9023 9022
f 9109 9022 9108
f 9108 9102 9103
f 9108 9103 9109
f 9024 9023 9109
f 9024 9109 9110
f 9109 9103 9104
f 9109 9104 9110
f 9025 9024 9110
f 9025 9110 9111
f 9110 9104 9105
f 9110 9105 9111
f 9106 9017 9026
f 9106 9026 9112
f 9111 9105 9106
f 9111 9106 9112
f 9113 9026 9027
f 9113 9112 9026
f 9111 9033 9025
f 9111 9114 9033
f 9114 9111 9112
f 9114 9112 9115
f 9113 9027 9035
f 9113 9035 9116
f 9116 9035 9034
f 9116 9034 9115
f 9115 9112 9113
f 9115 9113 9116
f 9118 9037 9038
f 9118 9117 9037
f 9039 9118 9038
f 9039 9119 9118
f 9120 9033 9114
f 9120 9042 9033
f 9121 9115 9034
f 9121 9034 9043
f 9121 9043 9042
f 9121 9042 9120
f 9121 9120 9114
f 9121 9114 9115
f 9117 9045 9037
f 9117 9122 9045
f 9123 9046 9045
f 9123 9045 9122
f 9124 9119 9039
f 9124 9039 9047
f 9124 9047 9046
f 9124 9046 9123
f 9126 9052 9053
f 9126 9125 9052
f 9127 9053 9054
f 9127 9126 9053
f 9125 9059 9052
f 9125 9128 9059
f 9129 9060 9059
f 9129 9059 9128
f 9127 9054 9061
f 9127 9061 9130
f 9130 9061 9060
f 9130 9060 9129
f 9077 9131 9076
f 9077 9132 9131
f 9133 9077 9078
f 9133 9132 9077
f 9134 9076 9131
f 9134 9082 9076
f 9135 9083 9082
f 9135 9082 9134
f 9134 9131 9132
f 9134 9132 9135
f 9136 9133 9078
f 9136 9078 9084
f 9084 9083 9135
f 9084 9135 9136
f 9136 9135 9132
f 9136 9132 9133
f 9138 9088 9089
f 9138 9137 9088
f 9137 9092 9088
f 9137 9140 9092
f 9092 9139 9091
f 9092 9140 9139
f 9138 9089 9093
f 9138 9093 9141
f 9141 9140 9137
f 9141 9137 9138
f 9139 9099 9091
f 9139 9142 9099
f 9100 9099 9142
f 9100 9142 9143
f 9143 9142 9139
f 9143 9139 9140
f 9144 9141 9093
f 9144 9093 9101
f 9144 9101 9100
f 9144 9100 9143
f 9146 9117 9118
f 9146 9145 9117
f 9119 9146 9118
f 9119 9147 9146
f 9145 9122 9117
f 9145 9148 9122
f 9123 9122 9148
f 9123 9148 9149
f 9148 9145 9146
f 9148 9146 9149
f 9147 9119 9124
f 9147 9124 9150
f 9150 9124 9123
f 9150 9123 9149
f 9149 9146 9147
f 9149 9147 9150
f 9126 9151 9125
f 9126 9152 9151
f 9153 9126 9127
f 9153 9152 9126
f 9154 9125 9151
f 9154 9128 9125
f 9155 9129 9128
f 9155 9128 9154
f 9154 9151 9152
f 9154 9152 9155
f 9156 9153 9127
f 9156 9127 9130
f 9156 9130 9129
f 9156 9129 9155
f 9155 9152 9153
f 9155 9153 9156
f 9141 9157 9140
f 9141 9158 9157
f 9157 9143 9140
f 9157 9159 9143
f 9158 9141 9144
f 9158 9144 9160
f 9144 9143 9159
f 9144 9159 9160
f 9159 9157 9158
f 9159 9158 9160
