# parsimony mesh: cplx_CPLX0-7667 (source /Users/eranagmon/code/v2e-cplx/workspace/studies/ecoli-3d/viz/3d/structures/cplx_CPLX0-7667.pdb)
# atoms: 5936  voxel: 2.5 Å  verts: 8506  tris: 17692
v 59.5696 -51.9354 -26.2496
v 59.7427 -51.9354 -26.2496
v 57.2207 -49.6270 -26.2542
v 58.6348 -50.5464 -26.3858
v 59.9014 -50.6754 -26.4113
v 57.2207 -49.3684 -26.2542
v 58.4827 -48.7958 -26.4148
v 59.9476 -48.6430 -26.4586
v 34.0814 -42.2811 -26.4278
v 35.0780 -42.2811 -26.4278
v 34.0814 -41.5614 -26.4278
v 35.0780 -41.5614 -26.4278
v -15.4454 22.5021 -26.4031
v -14.0173 22.6207 -26.3711
v -12.7568 23.0418 -26.2514
v -15.4877 24.3246 -26.4560
v -14.0173 24.3246 -26.4725
v -12.7532 24.3246 -26.2560
v -15.3831 25.6884 -26.3646
v -14.0173 25.6668 -26.3410
v -12.7590 25.5838 -26.2497
v -38.3431 30.3631 -26.3890
v -37.5599 30.3631 -26.3890
v -38.3431 30.9477 -26.3890
v -37.5599 30.9477 -26.3890
v 59.5696 -51.9354 -26.0867
v 59.7427 -51.9354 -26.0867
v 57.1305 -49.9584 -24.9895
v 58.6348 -51.3154 -25.1478
v 60.1594 -50.8891 -25.1478
v 27.1498 -47.0726 -23.7997
v 28.4827 -47.4808 -24.0212
v 30.1401 -47.5187 -24.0549
v 57.1305 -49.1193 -24.9895
v 58.4299 -47.7111 -25.2167
v 60.4581 -47.9560 -25.2167
v 27.1501 -45.6754 -23.7979
v 28.2943 -45.5556 -23.9755
v 30.1401 -46.3091 -24.0549
v 59.2280 -46.6245 -24.5348
v 60.2405 -46.6245 -24.5348
v 26.7602 -43.1754 -24.0284
v 28.2943 -43.3169 -24.2136
v 30.9827 -42.9897 -24.6197
v 33.3419 -42.9250 -25.2007
v 35.3885 -42.6000 -24.9895
v 39.3991 -42.0688 -23.8975
v 39.9353 -42.0688 -23.8975
v 26.6300 -41.4461 -24.1070
v 28.4827 -41.0727 -24.3188
v 31.0784 -40.5308 -24.5094
v 33.3419 -40.7070 -25.3203
v 35.3202 -40.7070 -24.7934
v 39.2116 -40.6754 -23.9961
v 40.0740 -40.6754 -23.9961
v 62.1452 -39.6880 -23.8326
v 63.4827 -39.8885 -23.9049
v 64.8547 -39.7802 -23.8669
v 31.9756 -39.3762 -23.8492
v 33.4827 -39.3591 -23.8890
v 34.8375 -39.3861 -23.8292
v 39.3715 -38.9898 -23.9237
v 39.9852 -38.9898 -23.9237
v 47.2104 -36.9478 -23.7506
v 47.2921 -36.9478 -23.7506
v 62.1452 -39.3174 -23.8326
v 63.4827 -39.2336 -23.9049
v 64.8547 -39.2778 -23.8669
v 47.2104 -36.8607 -23.7506
v 47.2921 -36.8607 -23.7506
v -15.6121 22.2034 -24.9895
v -14.0173 21.8586 -24.9895
v -12.5487 22.7298 -24.9895
v -45.4592 25.3472 -23.8837
v -44.0173 25.1454 -24.0380
v -42.5001 25.2298 -23.9934
v -15.7488 24.3246 -24.9895
v -12.2259 24.3246 -24.9895
v -45.6052 26.8246 -23.9511
v -44.0715 26.8388 -24.0611
v -42.5001 26.0149 -23.9934
v -15.4040 25.7293 -24.9895
v -14.0173 26.0348 -24.9895
v -12.4445 25.8800 -24.9895
v -47.7888 30.5248 -23.7650
v -46.4225 29.5447 -24.0092
v -44.0715 29.2429 -24.2655
v -41.5173 29.7230 -24.6391
v -39.1128 29.8812 -25.1875
v -37.2444 30.1448 -24.9895
v -47.7888 30.6269 -23.7650
v -46.5173 31.0484 -23.9732
v -44.0511 31.9222 -24.3134
v -41.5173 31.8246 -25.1772
v -39.1128 31.7985 -25.5965
v -36.5854 31.9727 -24.6769
v -34.0173 32.5664 -23.9256
v -32.5345 32.4738 -23.9612
v -10.5510 32.6590 -23.9987
v -9.4455 32.6590 -23.9987
v -43.2402 33.2431 -23.9572
v -41.5173 33.3622 -24.2776
v -39.0173 33.2886 -24.2507
v -36.5173 33.2018 -23.8956
v -34.0173 33.5411 -23.9256
v -32.5345 33.5975 -23.9612
v -25.3536 35.5131 -23.7805
v -25.1656 35.5131 -23.7805
v -10.5510 33.4557 -23.9987
v -9.4455 33.4557 -23.9987
v -25.3536 35.7801 -23.7805
v -25.1656 35.7801 -23.7805
v 49.5691 -52.2089 -21.4788
v 50.9827 -52.5035 -21.7323
v 52.7689 -52.4127 -21.6573
v 56.7939 -52.1773 -21.8512
v 57.5466 -52.1773 -21.8512
v 26.9859 -49.7000 -21.5510
v 27.6838 -49.7000 -21.5510
v 33.9297 -49.8413 -21.4964
v 35.0952 -49.8413 -21.4964
v 49.5691 -51.4647 -21.4788
v 50.9892 -50.6490 -21.7173
v 53.2052 -50.6754 -21.6573
v 56.9511 -50.5561 -22.4486
v 58.0055 -50.6864 -22.1463
v 60.4328 -50.2512 -22.4895
v 26.7800 -48.0137 -22.4264
v 28.5033 -48.6754 -22.4264
v 30.9771 -48.0654 -22.4363
v 33.2509 -48.4037 -21.6419
v 35.0983 -48.1754 -21.4966
v 51.8269 -49.1717 -21.3787
v 52.9932 -49.1717 -21.3787
v 57.1083 -49.0743 -23.0460
v 57.5371 -48.2148 -22.3234
v 61.5975 -48.2641 -22.5982
v 62.7579 -47.4900 -21.8373
v 24.6598 -44.5515 -21.3165
v 25.9116 -45.5011 -22.2857
v 29.1500 -44.6522 -22.4895
v 30.8282 -45.4099 -22.5385
v 33.4423 -45.7935 -21.8499
v 34.8576 -46.7056 -21.3254
v 58.7759 -45.7449 -22.3942
v 61.0374 -45.7449 -23.1331
v 63.5478 -45.4767 -22.0065
v 64.7695 -44.5109 -21.2863
v 24.2707 -43.1754 -21.7356
v 25.5102 -43.1754 -22.9856
v 29.1500 -44.2497 -22.4895
v 30.8029 -44.2448 -22.6016
v 33.4423 -43.8803 -22.6016
v 36.0501 -42.5740 -22.4247
v 38.5325 -42.2307 -22.4247
v 40.1280 -42.1149 -22.4895
v 54.7009 -41.9995 -21.2576
v 54.7890 -41.9995 -21.2576
v 59.3776 -43.8601 -21.4974
v 60.9063 -43.0863 -22.0306
v 63.4827 -43.1754 -22.5014
v 65.0349 -43.1754 -21.7060
v 24.1895 -41.1853 -21.8241
v 25.7458 -40.4824 -22.5551
v 28.4827 -39.8227 -23.2208
v 31.1292 -39.6569 -22.6798
v 33.4827 -40.1283 -22.2812
v 36.0714 -40.4182 -22.4237
v 37.9616 -40.6754 -22.7343
v 40.9030 -40.6754 -22.4895
v 54.7009 -41.7092 -21.2576
v 54.7890 -41.7092 -21.2576
v 61.4126 -40.5830 -22.4957
v 63.4827 -41.1385 -23.2410
v 65.0964 -40.6383 -22.5846
v 26.5282 -38.9966 -21.6195
v 28.4827 -38.8029 -21.9708
v 31.1292 -39.2002 -22.6798
v 33.4827 -39.3591 -23.5312
v 35.9352 -38.6943 -22.4864
v 38.5159 -38.1641 -22.9114
v 41.0826 -38.2974 -22.4967
v 43.4827 -37.7648 -21.6407
v 46.2193 -37.5473 -22.4402
v 48.2683 -37.3930 -22.4371
v 50.9827 -37.1367 -21.5246
v 52.3251 -37.0247 -21.2904
v 61.6155 -38.9197 -22.4895
v 63.4827 -38.6992 -22.4895
v 64.9127 -39.2049 -22.4895
v 36.6971 -35.6754 -21.6274
v 38.4827 -35.6754 -22.3302
v 41.1685 -35.5119 -21.9220
v 43.4827 -35.8304 -21.6407
v 45.9892 -35.6744 -22.5699
v 48.4018 -35.9167 -22.5673
v 50.9827 -36.5772 -21.5246
v 52.3251 -36.7473 -21.2904
v 37.1405 -34.2658 -21.3017
v 38.5829 -33.3296 -21.5046
v 41.1685 -33.3485 -21.5793
v 43.4827 -33.0537 -21.7626
v 45.8823 -33.2794 -21.8247
v 47.8449 -33.8340 -21.8992
v 39.4830 -31.8471 -21.3291
v 40.9827 -31.6530 -21.4468
v 43.4827 -31.1535 -21.7626
v 45.3300 -31.1810 -21.7502
v -23.0707 20.2321 -21.6138
v -21.5173 20.1926 -21.6580
v -19.8453 20.4077 -21.4233
v -15.4328 20.5404 -21.4207
v -15.2244 20.5404 -21.4207
v -45.2905 23.0632 -21.2551
v -45.2534 23.0632 -21.2551
v -38.3820 22.9057 -21.3585
v -37.6130 22.9057 -21.3585
v -23.0707 21.3324 -21.6138
v -21.6892 22.0293 -21.6793
v -19.5862 21.8246 -21.5085
v -15.6648 21.7211 -22.3482
v -14.2416 21.4387 -22.3482
v -12.5181 22.7216 -22.4895
v -45.7592 24.4381 -22.2489
v -44.2590 24.1312 -22.2489
v -41.6070 24.8367 -22.3991
v -38.9179 24.3608 -21.4320
v -37.6130 23.8654 -21.3585
v -20.9705 23.6066 -21.4144
v -19.7812 23.6066 -21.4144
v -15.9979 24.3246 -22.4895
v -11.3146 24.4544 -22.4090
v -10.0732 25.3743 -21.5219
v -47.9165 27.7445 -21.4833
v -46.9004 26.8765 -22.3858
v -43.2782 27.4381 -22.4895
v -41.5409 26.8169 -22.3010
v -39.5237 26.8246 -21.5817
v -15.6252 26.1104 -22.4895
v -14.1831 27.2421 -22.4818
v -11.5140 26.8134 -23.0501
v -9.6023 26.8246 -21.9500
v -48.1791 29.5447 -22.3858
v -47.1926 28.8582 -23.1500
v -43.2782 28.5265 -22.4895
v -41.4560 28.5866 -22.3538
v -39.1606 28.7950 -22.3538
v -36.8537 30.0370 -22.4895
v -13.4603 28.6756 -21.6432
v -11.6171 29.4352 -22.1399
v -8.8518 29.3768 -21.9882
v -7.6541 30.2450 -21.3903
v -50.2789 33.0252 -21.2490
v -48.8692 31.8261 -22.1759
v -46.5173 32.2984 -23.0742
v -44.9069 32.8207 -23.4891
v -40.3864 32.9407 -21.3933
v -39.0173 32.7085 -21.8192
v -36.2982 31.9138 -22.2192
v -34.0173 31.5367 -22.4895
v -32.1170 32.0523 -22.4895
v -17.9161 32.6713 -21.3123
v -17.5774 32.6713 -21.3123
v -13.0644 32.6272 -21.4209
v -11.5340 31.8098 -22.3796
v -8.7743 31.8252 -23.0282
v -7.6623 31.8246 -21.9012
v -50.2789 33.0880 -21.2490
v -49.0173 33.1755 -21.3941
v -46.2748 34.1472 -21.7136
v -44.2371 34.2377 -22.3697
v -41.3387 33.5992 -22.3318
v -39.0173 33.2886 -23.0692
v -36.5700 33.9927 -22.6061
v -34.0173 34.7911 -23.3484
v -31.5005 34.4096 -22.4889
v -29.0173 34.9870 -21.6600
v -26.3191 35.0133 -22.4954
v -24.7006 35.1959 -22.4895
v -17.9161 33.1989 -21.3123
v -17.5774 33.1989 -21.3123
v -13.0644 33.3139 -21.4209
v -11.4375 33.8913 -22.3484
v -8.7743 33.7724 -22.6784
v -7.7406 33.1156 -21.9710
v -45.2797 35.5928 -21.2502
v -45.2340 35.5928 -21.2502
v -36.2194 36.8246 -21.7595
v -34.0173 36.8246 -22.5529
v -31.2701 37.0680 -21.9548
v -29.2608 37.0680 -21.6996
v -26.3191 36.6979 -23.0195
v -24.4822 36.6979 -22.6399
v -35.8703 39.3246 -21.4700
v -34.0173 39.3246 -21.8326
v -31.2701 39.0781 -21.6721
v -29.2608 39.0781 -21.7279
v -26.4596 39.4386 -21.9858
v -24.7144 38.6813 -21.9068
v -35.4502 40.6470 -21.3008
v -34.0173 40.7326 -21.3781
v -31.5173 41.0743 -21.5103
v -28.9558 41.8915 -21.6723
v -27.3010 41.8246 -21.6024
v -28.0814 43.1736 -21.3531
v -27.6586 43.1736 -21.3531
v 34.4988 -52.0990 -18.9683
v 35.9827 -52.4429 -19.2238
v 37.7913 -52.4419 -19.1565
v 49.4839 -52.3204 -19.9895
v 50.9827 -53.3109 -19.9895
v 53.5544 -52.8017 -19.9031
v 55.9694 -52.4251 -19.9031
v 57.9548 -52.4451 -19.9895
v 24.5000 -49.6625 -18.9410
v 26.0846 -50.1484 -19.8604
v 28.5033 -50.1317 -20.0130
v 30.9827 -49.8206 -19.6693
v 33.3809 -50.6255 -20.0792
v 35.9502 -50.6750 -20.3907
v 38.1049 -50.6754 -19.3819
v 49.3471 -50.6490 -20.0778
v 50.1602 -49.7980 -20.9700
v 54.4552 -50.6754 -20.7243
v 55.9694 -50.4768 -20.8078
v 58.3940 -50.6107 -20.5113
v 60.6125 -50.1854 -19.9895
v 21.8669 -47.1964 -18.8930
v 23.5931 -48.0880 -19.1777
v 25.4789 -48.1754 -20.4221
v 29.3505 -49.1016 -20.8620
v 30.9827 -49.1554 -20.9193
v 32.2630 -49.3893 -21.1901
v 36.3483 -48.1754 -20.5698
v 38.1849 -48.1754 -19.3198
v 49.1008 -48.1754 -19.6618
v 50.9892 -48.2732 -20.6349
v 53.6890 -48.2732 -20.7268
v 55.9827 -48.1754 -20.8215
v 57.3666 -48.1754 -21.0345
v 61.8625 -49.0546 -19.9895
v 63.5478 -47.6593 -19.8126
v 64.7766 -46.9764 -18.8613
v 16.9734 -44.7536 -19.2069
v 18.4827 -45.0293 -19.4170
v 21.0132 -45.7116 -19.2423
v 23.6889 -45.5011 -20.2059
v 25.1411 -46.2182 -20.7815
v 29.6864 -44.5107 -21.1867
v 29.8497 -44.5107 -21.1867
v 34.2488 -45.0389 -20.7542
v 35.8076 -45.7935 -20.2420
v 38.6319 -45.7724 -19.1311
v 40.9827 -45.1439 -18.9042
v 43.4827 -44.7935 -18.8387
v 45.9827 -44.8145 -18.9820
v 48.4138 -45.6701 -19.3170
v 50.9827 -45.6754 -19.9247
v 53.4827 -45.6754 -20.3276
v 55.9827 -45.6754 -20.3852
v 57.6652 -45.6754 -20.6961
v 64.4246 -46.1775 -20.5280
v 65.1109 -45.4767 -19.8126
v 16.8427 -43.1754 -19.3151
v 18.4827 -43.1754 -19.8723
v 20.9827 -43.1754 -19.4934
v 23.0207 -43.1754 -20.1862
v 29.6864 -44.3719 -21.1867
v 29.8497 -44.3719 -21.1867
v 34.2488 -43.8733 -20.7542
v 35.9827 -43.5784 -20.3671
v 38.9650 -42.9466 -19.7830
v 40.5860 -43.1021 -19.7406
v 43.4827 -43.7001 -18.8387
v 45.9827 -43.3518 -18.9820
v 48.3192 -43.0181 -19.1140
v 50.9827 -43.1754 -19.6006
v 53.7136 -42.9698 -20.5483
v 55.7665 -42.9698 -20.2991
v 58.5196 -43.0863 -20.3285
v 60.0221 -42.1935 -21.0316
v 66.3042 -43.0869 -19.8357
v 67.3316 -42.1946 -18.8998
v 16.9720 -41.5586 -19.0396
v 18.4827 -41.4177 -19.1949
v 21.2138 -40.7394 -18.9732
v 23.4068 -40.4813 -20.2193
v 24.8615 -39.5186 -21.1236
v 31.9494 -39.7127 -20.9863
v 33.6443 -40.0332 -20.0876
v 36.2265 -39.8886 -20.1866
v 38.6580 -40.4531 -19.5535
v 41.0639 -40.3341 -20.0168
v 43.0507 -39.8790 -19.4417
v 46.4129 -40.0838 -19.1437
v 48.3192 -40.8204 -19.4425
v 50.9827 -40.6754 -19.7773
v 53.7136 -40.7957 -20.5757
v 55.7665 -40.7957 -20.4251
v 58.4827 -40.6754 -20.0131
v 60.0232 -40.6754 -20.9891
v 66.1193 -40.8215 -19.8357
v 67.3316 -41.7522 -18.8998
v 22.2012 -39.4066 -18.8082
v 23.4827 -39.1826 -19.3291
v 25.8100 -38.9360 -20.1700
v 28.6390 -37.8782 -19.8128
v 31.0627 -38.1847 -20.4131
v 33.6443 -38.2609 -19.5891
v 36.0832 -38.4102 -20.1532
v 38.4827 -39.0705 -19.4199
v 41.1235 -39.1567 -20.0049
v 43.7235 -39.0927 -20.1608
v 45.7408 -39.0296 -19.9821
v 48.4827 -38.7431 -20.6226
v 50.9827 -38.3867 -20.6550
v 53.2881 -37.9850 -20.6367
v 55.9827 -38.1754 -20.0297
v 58.4827 -38.1754 -19.8764
v 60.7564 -38.0952 -19.9947
v 63.4827 -38.4799 -19.9895
v 64.9413 -39.2252 -19.9895
v 26.4001 -35.0170 -19.2808
v 28.6390 -35.7804 -19.2538
v 30.8972 -35.6791 -19.1813
v 33.5012 -35.6791 -19.4734
v 35.4471 -35.6754 -20.5916
v 42.1257 -34.5695 -21.1527
v 43.4827 -34.5804 -21.1239
v 44.7679 -34.4881 -21.1722
v 49.3453 -34.8937 -19.9895
v 50.9722 -35.1931 -19.8687
v 53.1740 -35.8597 -19.8158
v 55.9827 -36.2910 -19.1776
v 58.5527 -35.5899 -19.0674
v 60.1029 -35.6754 -18.9142
v 26.4001 -33.6551 -19.2808
v 28.4827 -33.5721 -19.2907
v 30.0068 -34.0581 -18.9332
v 34.2888 -33.1754 -19.3079
v 36.1774 -33.3296 -20.5478
v 37.8164 -32.5991 -20.9955
v 42.1257 -34.2972 -21.1527
v 43.4827 -34.3037 -21.1239
v 45.8823 -33.2794 -20.9967
v 48.6411 -33.1570 -19.8522
v 50.8387 -33.4093 -18.9190
v 52.3563 -34.3386 -18.9548
v 59.4328 -34.3338 -18.8363
v 59.9434 -34.3338 -18.8363
v 34.5267 -31.3057 -19.1100
v 35.9827 -30.9379 -19.4594
v 38.5829 -31.1982 -20.0931
v 40.9827 -30.7934 -19.9895
v 43.3239 -29.8822 -20.1615
v 46.2528 -30.3483 -20.1320
v 48.4827 -31.0791 -19.1585
v 49.8789 -31.5401 -18.8832
v 38.9362 -27.5517 -19.0550
v 40.4636 -27.5517 -19.0550
v 44.0514 -28.6228 -19.4428
v 45.9689 -28.1631 -19.2715
v 48.4827 -27.7927 -19.1127
v 49.8820 -27.3038 -18.8765
v 38.9362 -26.3526 -19.0550
v 41.0412 -25.7643 -19.2515
v 43.4827 -25.5600 -19.5410
v 45.8189 -25.7354 -19.0999
v 48.4827 -26.2517 -19.1127
v 49.8820 -26.6694 -18.8765
v 39.3551 -22.3952 -18.9169
v 40.8644 -23.2073 -19.4424
v 43.6180 -23.0924 -19.5521
v 45.9882 -23.0885 -18.9654
v 47.3677 -22.3066 -18.8311
v 39.3551 -21.6363 -18.9169
v 41.0517 -20.7519 -19.1325
v 43.6180 -20.6863 -19.0729
v 46.0520 -20.5794 -18.8244
v 47.3677 -21.2985 -18.8311
v 41.9311 -19.1592 -18.9315
v 43.4827 -19.1433 -18.9421
v 45.3362 -19.3156 -18.8177
v -38.1434 20.3091 -19.0182
v -36.5173 20.2120 -19.1163
v -34.9902 20.3567 -18.9633
v -23.1898 20.0826 -19.9895
v -21.5173 19.5603 -19.9895
v -19.0141 20.0513 -20.0166
v -16.3666 20.3190 -20.0166
v -14.9839 20.3869 -19.9895
v -48.1257 22.7350 -19.1599
v -46.2812 22.5797 -19.9918
v -44.2590 22.7634 -19.7737
v -41.5173 22.8367 -19.2680
v -39.0960 22.0150 -20.0360
v -36.6747 21.9733 -20.2600
v -34.7207 21.8246 -19.1811
v -23.4475 22.0293 -20.2138
v -22.6371 22.9991 -21.1967
v -18.3362 21.8246 -20.6082
v -16.8029 21.8246 -20.6082
v -13.7339 21.4092 -19.9895
v -12.3281 22.6592 -19.9895
v -50.5241 25.4207 -18.8187
v -48.9823 24.4823 -19.3919
v -46.9882 24.3246 -20.7456
v -43.5868 23.7412 -20.4632
v -41.5173 23.6608 -20.5180
v -38.9179 24.3608 -21.1373
v -36.6747 24.5491 -20.5701
v -34.6317 24.3246 -19.1668
v -23.6973 24.3246 -19.8761
v -21.6892 24.3938 -21.0513
v -18.9756 24.3938 -20.7219
v -16.9868 24.3246 -20.7144
v -12.7740 25.5732 -18.7407
v -11.8000 24.6577 -19.4543
v -9.8866 25.2210 -19.9895
v -55.5976 27.7854 -19.2354
v -54.0173 27.4247 -19.4163
v -51.4214 26.7282 -19.1514
v -48.8568 26.8765 -20.2601
v -47.5387 26.0778 -20.9939
v -42.9414 27.6189 -21.0089
v -42.2485 27.6189 -21.0089
v -38.2737 26.8246 -20.6193
v -36.5173 26.8246 -19.5922
v -34.0299 26.9315 -18.9670
v -31.5173 27.7145 -18.8685
v -29.0173 27.8853 -18.8140
v -26.5173 27.7998 -18.8345
v -24.1692 26.8611 -19.3329
v -21.5173 26.8246 -20.4557
v -19.0173 26.8246 -20.7826
v -16.5137 26.9477 -20.6842
v -13.9505 26.7202 -19.7070
v -12.7625 25.5772 -18.7407
v -8.5472 26.8537 -20.0299
v -7.5432 27.7065 -19.2235
v -55.8127 29.3246 -19.4561
v -54.0173 29.3246 -20.0370
v -51.5173 29.3246 -19.7561
v -49.5159 29.3246 -20.4252
v -42.9414 28.3967 -21.0089
v -42.2485 28.3967 -21.0089
v -38.4227 28.5527 -20.4313
v -36.3303 29.3614 -20.2842
v -33.9161 29.2000 -19.3183
v -31.5173 28.3593 -18.8685
v -28.9318 29.1770 -18.9070
v -26.2809 29.5531 -18.9235
v -24.2046 29.5531 -18.9273
v -21.5173 29.3246 -19.7553
v -19.0173 29.3246 -20.5461
v -16.5173 29.3246 -20.0109
v -14.1831 29.4352 -20.3003
v -12.5169 30.3423 -20.8955
v -7.9081 28.5783 -20.8902
v -7.1189 29.3768 -20.0299
v -55.6643 31.2316 -19.1991
v -54.0173 31.3659 -19.3602
v -51.2808 31.9990 -19.9470
v -49.9497 31.3586 -20.7863
v -40.3864 32.9407 -20.8591
v -39.0173 32.7085 -20.5861
v -36.0076 32.1851 -20.2936
v -34.3022 31.7561 -19.9002
v -31.4707 32.6272 -19.7235
v -28.9318 31.9951 -19.0406
v -26.2809 31.5817 -19.1387
v -24.2046 31.5817 -19.1904
v -21.5173 31.8246 -19.6627
v -18.8566 31.8326 -20.6003
v -16.6534 31.8326 -20.5051
v -13.9456 31.8061 -20.4712
v -12.5169 30.9605 -20.8955
v -6.8796 31.8246 -19.9895
v -50.5375 33.3217 -19.9895
v -49.0173 33.6758 -19.9895
v -46.2748 34.5611 -20.2138
v -44.2497 35.1561 -20.1902
v -41.3387 34.3692 -20.5902
v -39.0173 34.3246 -19.7948
v -36.4520 33.8241 -19.7237
v -34.0173 33.2181 -18.9282
v -31.4707 33.3694 -19.7235
v -29.0173 33.7370 -20.2309
v -26.5173 33.6691 -20.3535
v -23.8750 34.3085 -20.5742
v -21.5173 34.3246 -20.3297
v -18.8566 34.1491 -20.6151
v -16.6534 34.1491 -20.4466
v -13.7766 34.4304 -20.0017
v -11.5173 34.6517 -19.9895
v -9.0173 34.0823 -19.9895
v -7.5220 33.2889 -19.9895
v -47.9079 37.8749 -18.9224
v -45.9869 36.6851 -20.0346
v -44.3504 36.4533 -19.8340
v -41.5173 36.5628 -19.4632
v -39.1241 36.9580 -19.5347
v -37.4694 36.8246 -20.5930
v -30.2719 38.0635 -21.2228
v -30.2564 38.0635 -21.2228
v -23.1122 36.8246 -20.7703
v -21.5173 36.8246 -20.4148
v -19.0504 36.8319 -19.6477
v -16.3495 36.8319 -19.1510
v -13.8001 36.6173 -19.0963
v -12.4375 37.3125 -18.9691
v -47.8799 39.3246 -18.8843
v -46.5173 39.3246 -19.2557
v -44.5548 39.3246 -19.1109
v -38.5302 39.3246 -19.7111
v -37.1203 39.3246 -20.9611
v -30.2719 38.0805 -21.2228
v -30.2564 38.0805 -21.2228
v -25.5877 40.3480 -20.8207
v -23.8861 39.4832 -19.9563
v -21.5173 38.6274 -19.4015
v -19.9057 38.2678 -19.2697
v -15.4042 38.1324 -18.7989
v -14.0173 38.3113 -18.9562
v -12.4375 38.3325 -18.9691
v -47.7770 40.5832 -18.7498
v -46.5173 40.6388 -18.8321
v -45.0328 40.6515 -18.8528
v -38.1753 41.8246 -19.2792
v -36.2314 41.8448 -19.9326
v -34.0173 41.7852 -19.9895
v -31.5328 42.3357 -20.0230
v -29.7480 42.7694 -20.8786
v -26.0510 41.8246 -20.4256
v -24.5648 41.8246 -19.1756
v -37.8886 43.2055 -18.8774
v -36.2370 43.9983 -18.8937
v -34.0173 44.6212 -19.0375
v -31.4377 44.3621 -19.0892
v -28.9558 43.9454 -20.0230
v -26.8542 44.3522 -19.8720
v -24.3534 44.3246 -19.1883
v -35.4615 45.8946 -18.9099
v -34.0173 46.3255 -19.0375
v -31.5985 46.8047 -19.2384
v -29.5382 47.3537 -19.5104
v -26.0498 46.3386 -19.1708
v -24.4426 46.3386 -19.1708
v -33.2222 50.0078 -18.8458
v -31.7258 49.2345 -19.4749
v -29.1939 49.3246 -19.5790
v -33.2222 50.8397 -18.8458
v -31.5191 51.7336 -19.1365
v -28.8461 51.6557 -19.1787
v -27.2651 52.3765 -18.9161
v -30.6870 53.4614 -18.9464
v -29.0173 53.6063 -19.0271
v -27.2651 53.3967 -18.9161
v 24.6005 -54.6608 -16.4445
v 25.9827 -54.9798 -16.7277
v 27.6861 -54.9292 -16.6855
v 24.6005 -54.0430 -16.4445
v 25.9516 -53.1960 -16.9659
v 27.9294 -53.1754 -16.9938
v 34.4988 -52.0990 -18.4752
v 35.9242 -52.6280 -17.5810
v 38.5678 -52.6488 -17.4339
v 39.8793 -52.1336 -16.5635
v 49.5645 -52.1687 -18.5188
v 51.1874 -52.6104 -17.6071
v 53.5205 -52.5484 -17.3548
v 55.8269 -52.3799 -17.3548
v 57.8441 -52.3886 -17.4895
v 22.1600 -49.5507 -16.3373
v 23.5931 -49.9748 -17.2982
v 25.9516 -51.3156 -17.5754
v 28.5180 -51.2926 -17.5754
v 30.9827 -50.3921 -17.4895
v 33.5924 -51.0692 -17.5810
v 35.0519 -51.6283 -16.8086
v 39.3549 -50.6754 -18.0840
v 40.0545 -50.6754 -16.8340
v 44.6681 -49.5256 -16.2689
v 45.9827 -49.5408 -16.3068
v 48.6598 -50.3934 -17.4093
v 50.4905 -51.3077 -16.8521
v 54.3790 -51.7211 -16.4317
v 55.8938 -50.7084 -16.3721
v 58.4860 -50.5832 -16.9851
v 60.3952 -49.9989 -17.4895
v 21.5594 -48.0880 -17.2982
v 22.8334 -48.8631 -18.0040
v 32.2126 -47.0017 -16.2671
v 32.2507 -47.0017 -16.2671
v 39.4349 -48.1754 -18.3780
v 40.9022 -48.0870 -17.3103
v 43.6377 -48.2577 -16.5542
v 45.9229 -48.3626 -16.5757
v 47.8508 -48.1754 -17.8877
v 56.8979 -49.2591 -16.3125
v 57.6753 -49.2591 -16.3125
v 61.7304 -48.2900 -17.3118
v 63.4827 -47.4194 -18.1452
v 64.7766 -46.9764 -18.6600
v 16.9734 -44.7536 -18.3055
v 18.6223 -45.1189 -17.4791
v 20.1955 -46.2961 -17.4895
v 26.8196 -45.1262 -16.4553
v 27.5193 -45.1262 -16.4553
v 32.2126 -46.8970 -16.2671
v 32.2507 -46.8970 -16.2671
v 37.2112 -44.4479 -16.3663
v 38.4107 -45.5592 -17.4942
v 40.9827 -46.3939 -18.4765
v 43.4575 -45.9148 -17.5995
v 45.9229 -45.9316 -17.5219
v 47.5345 -46.4998 -18.3768
v 52.1927 -44.4819 -16.2969
v 52.5200 -44.4819 -16.2969
v 62.1788 -46.7210 -16.3599
v 63.4827 -46.3891 -16.8952
v 65.2667 -45.6191 -17.6918
v 16.8906 -42.9971 -17.4791
v 17.8821 -43.7115 -16.6388
v 26.8196 -44.1144 -16.4553
v 27.5193 -44.1144 -16.4553
v 37.2112 -44.3634 -16.3663
v 38.4325 -43.3197 -17.4742
v 40.9827 -42.6526 -18.3005
v 43.4827 -42.4501 -18.4091
v 45.9827 -42.1018 -18.6297
v 47.3769 -42.0799 -18.6057
v 52.1927 -44.3418 -16.2969
v 52.5200 -44.3418 -16.2969
v 66.3607 -43.0869 -17.5828
v 67.3316 -42.1946 -18.4783
v 16.9996 -41.5956 -17.4895
v 18.4827 -41.1961 -17.4895
v 20.7322 -40.2759 -17.4895
v 26.6640 -39.5520 -16.7165
v 28.4827 -39.5490 -16.6147
v 29.9066 -39.4636 -16.2628
v 34.5855 -39.5013 -18.4982
v 35.9827 -39.5170 -18.4980
v 38.6580 -40.4531 -18.3368
v 40.9332 -40.6976 -18.1285
v 43.7235 -40.6976 -18.4668
v 45.7408 -40.8204 -18.6433
v 47.3769 -41.7505 -18.6057
v 66.1763 -40.8215 -17.5828
v 67.3316 -41.7522 -18.4783
v 21.9822 -39.2445 -17.4895
v 23.4827 -38.9078 -17.4895
v 25.8915 -39.1068 -17.5257
v 28.5673 -38.5205 -17.3230
v 29.9066 -39.3643 -16.2628
v 34.5917 -38.1245 -17.4684
v 35.4734 -38.2720 -17.6154
v 38.4827 -39.0705 -18.3543
v 40.0668 -39.0416 -18.3066
v 44.7174 -39.4183 -18.7255
v 44.7463 -39.4183 -18.7255
v 61.7925 -37.2448 -17.4895
v 63.3054 -37.6086 -17.2972
v 65.1836 -38.3531 -17.2972
v 24.5458 -34.9780 -17.0698
v 25.7331 -35.4863 -17.7377
v 27.9847 -36.5870 -17.4895
v 31.7868 -34.7903 -17.4895
v 33.4648 -35.6490 -17.0392
v 34.7944 -36.7939 -16.4386
v 49.4373 -34.5025 -18.1112
v 50.8493 -34.5293 -17.4021
v 53.3068 -35.0837 -17.5117
v 56.1977 -35.1698 -17.3071
v 57.7661 -34.6996 -18.0188
v 60.9707 -35.6754 -17.4895
v 64.0207 -36.8488 -16.3357
v 64.9454 -36.8488 -16.3357
v 24.5458 -33.7659 -17.0698
v 25.8922 -32.8771 -17.5674
v 28.4827 -32.3221 -17.9636
v 30.6970 -33.2050 -17.5235
v 33.9148 -32.9958 -17.3158
v 34.7964 -32.0427 -16.3666
v 49.4373 -34.1467 -18.1112
v 50.7797 -33.6633 -17.7365
v 52.3563 -34.3386 -18.3597
v 57.1743 -34.3905 -16.3522
v 58.5527 -34.1916 -17.3071
v 60.1608 -34.1593 -17.4895
v 27.0509 -31.9083 -16.3984
v 28.4827 -31.3453 -16.7136
v 30.2677 -31.1690 -16.7128
v 34.5710 -30.6090 -17.3128
v 35.4743 -30.4984 -17.3911
v 38.4827 -29.8251 -18.4314
v 40.9827 -29.8158 -18.5338
v 42.3848 -29.5494 -18.5831
v 47.1755 -29.5157 -18.6745
v 48.4827 -29.8291 -18.5271
v 50.4414 -30.6942 -17.6086
v 34.6152 -29.3469 -16.5923
v 36.1872 -28.3783 -17.1665
v 38.2548 -28.3012 -18.3841
v 41.1712 -28.3012 -18.4518
v 43.3239 -27.9439 -18.4955
v 45.9689 -28.1631 -18.6845
v 48.4827 -29.0427 -18.5271
v 50.3841 -28.1525 -17.6086
v 37.1568 -26.7488 -16.8913
v 38.2548 -26.0591 -17.6306
v 40.9103 -25.6326 -17.9373
v 43.4827 -26.8100 -18.5518
v 45.8189 -25.7354 -18.6398
v 48.4827 -25.0017 -18.1840
v 50.1102 -25.7718 -17.3877
v 38.9833 -22.8195 -17.4895
v 39.9954 -24.0695 -17.4895
v 44.5416 -22.2037 -18.4735
v 45.9882 -23.0885 -18.5294
v 48.3137 -23.1541 -18.0234
v 50.2315 -23.1754 -16.7101
v 38.8786 -20.7519 -17.4622
v 40.2644 -19.9696 -18.2773
v 44.5416 -21.5269 -18.4735
v 46.0520 -20.5794 -18.5303
v 48.2786 -20.5236 -17.6036
v 50.2318 -21.4154 -16.6200
v 39.1589 -18.1754 -16.7777
v 41.0517 -18.2657 -17.7761
v 43.3550 -17.9009 -17.3456
v 46.0948 -18.9335 -17.6481
v 47.5229 -19.2135 -16.9205
v 39.3919 -16.5287 -16.5860
v 40.9827 -16.4361 -16.6319
v 42.4367 -16.6698 -16.4163
v -48.0417 17.7567 -16.5982
v -46.5173 17.6941 -16.6701
v -45.0957 17.8851 -16.4550
v -48.0417 18.8128 -16.5982
v -46.7115 19.5175 -16.8203
v -44.8321 19.3246 -16.6965
v -38.1434 20.3091 -18.2136
v -36.6496 20.0311 -17.4240
v -34.5520 20.0943 -17.4895
v -23.0273 20.2611 -18.4280
v -21.5173 19.9423 -18.0504
v -18.8262 20.1350 -17.3751
v -16.6371 20.3231 -17.3451
v -14.9323 20.3586 -18.0822
v -50.4464 22.8307 -16.4780
v -48.9823 22.3116 -17.3826
v -46.7115 21.1736 -17.4758
v -44.0221 21.6149 -17.4758
v -41.5173 22.4249 -17.4895
v -38.9930 21.4637 -17.4240
v -37.5711 20.9637 -16.5470
v -33.6713 21.8246 -17.4895
v -27.8695 23.0108 -16.2699
v -27.6356 23.0108 -16.2699
v -23.4580 21.9619 -17.5526
v -21.5173 21.2995 -16.8004
v -18.7174 21.6941 -16.4969
v -16.6371 21.7254 -16.5765
v -14.0663 21.7685 -17.5197
v -12.2331 22.5644 -18.1003
v -52.8479 25.4977 -16.4282
v -51.3186 24.6259 -17.2865
v -49.7923 23.7540 -18.1447
v -33.3253 24.1933 -17.4852
v -32.0637 24.9391 -16.6490
v -27.8695 23.6029 -16.2699
v -26.8489 24.3006 -16.5549
v -24.7039 24.2288 -17.5997
v -17.9026 23.1974 -16.5283
v -16.5173 23.3627 -16.5287
v -13.4845 24.3800 -17.4347
v -11.8658 24.7458 -17.8564
v -9.9538 25.3034 -18.3981
v -55.5976 27.7854 -18.3041
v -53.7892 26.8080 -17.3662
v -52.1907 25.8305 -18.0949
v -47.9281 27.9352 -16.4316
v -46.5173 27.7048 -16.7968
v -44.9501 27.7208 -16.7904
v -33.2049 26.1695 -18.3157
v -31.3452 26.3230 -17.4852
v -29.0173 26.8116 -17.4895
v -26.7443 26.4593 -17.5997
v -25.1037 26.0522 -18.5065
v -20.3232 27.9998 -16.2872
v -19.9507 27.9998 -16.2872
v -12.7740 25.5772 -18.7373
v -11.6821 25.8758 -17.7344
v -8.9354 26.9404 -17.3545
v -7.5432 27.7065 -17.9776
v -55.7892 29.4392 -17.4783
v -54.7305 28.6822 -16.6375
v -47.9281 28.3318 -16.4316
v -46.5173 28.5986 -16.7968
v -44.9501 28.5161 -16.7904
v -33.0153 29.9503 -18.3945
v -31.3871 29.7070 -17.5325
v -29.7723 29.9584 -17.4895
v -25.2900 30.5387 -18.7297
v -25.1628 30.5387 -18.7297
v -20.3232 28.2833 -16.2872
v -19.9507 28.2833 -16.2872
v -7.9170 28.2135 -16.3109
v -7.0906 29.1579 -17.2824
v -55.6720 31.2563 -17.4895
v -54.0173 31.9871 -17.4895
v -51.4765 32.6234 -17.2782
v -49.9213 33.0148 -16.3040
v -35.4263 33.0377 -18.5851
v -33.9161 32.0525 -18.3948
v -31.4709 31.8284 -17.6961
v -28.9175 32.0034 -17.0075
v -26.5195 31.8269 -17.5472
v -25.1628 30.5864 -18.7297
v -7.8745 32.7390 -16.4038
v -7.0449 31.8732 -17.3381
v -50.6160 33.3906 -17.9706
v -49.0597 33.5390 -17.2782
v -46.5173 34.0254 -17.4895
v -44.8197 34.9319 -17.4895
v -35.4263 33.1567 -18.5851
v -34.0173 33.2181 -18.5674
v -32.4750 33.1838 -18.6645
v -27.7777 33.0930 -16.3647
v -27.7490 33.0930 -16.3647
v -12.8220 35.5469 -18.6780
v -11.5173 35.1667 -18.3642
v -8.5275 34.1993 -17.2294
v -7.5382 34.2282 -17.1972
v -48.0788 37.6755 -17.4895
v -46.5173 36.7788 -17.4895
v -43.9906 36.7816 -17.9695
v -41.5173 37.8128 -18.2756
v -40.0285 37.8804 -18.2511
v -20.2947 38.0493 -16.2683
v -19.0504 37.6338 -17.2568
v -16.9887 37.5426 -17.4895
v -12.8220 35.6458 -18.6780
v -11.6412 36.6033 -17.6560
v -9.0173 35.8752 -16.5986
v -7.6094 35.6559 -16.3240
v -48.3235 39.3246 -17.4895
v -43.3048 39.3246 -18.3632
v -41.5389 39.2141 -17.1455
v -39.4190 39.2141 -17.4465
v -23.0578 40.2851 -18.3027
v -21.4466 39.2765 -17.2855
v -19.9057 38.2678 -17.9350
v -15.7387 38.3730 -17.4895
v -14.0173 38.7703 -17.4895
v -12.3281 38.4719 -17.4895
v -48.0120 40.8310 -17.4895
v -46.5173 41.0584 -17.4895
v -43.9488 41.5595 -17.3231
v -42.4289 41.8246 -16.6149
v -38.4648 41.8246 -17.4895
v -35.3458 43.0425 -18.7133
v -34.0173 42.8772 -18.5670
v -32.3764 42.8434 -18.5357
v -23.3148 41.8246 -18.2243
v -22.3102 41.8246 -16.9743
v -42.8649 43.1740 -16.2783
v -42.6967 43.1740 -16.2783
v -38.0962 43.4171 -17.4895
v -36.2512 44.0060 -18.0140
v -34.0173 43.3712 -18.5670
v -31.4377 44.3621 -18.5543
v -29.0173 45.3389 -18.5181
v -27.7164 45.5307 -18.6110
v -23.1034 44.3246 -18.5294
v -22.3238 44.3246 -17.2794
v -35.6802 46.2465 -17.4895
v -33.8752 47.5208 -17.4644
v -31.5985 46.8047 -18.4269
v -28.8298 46.6420 -18.4756
v -26.7368 47.0330 -18.5319
v -23.7725 47.0330 -18.3032
v -22.5442 46.8246 -16.9988
v -35.2721 50.5525 -16.2759
v -33.9180 49.4468 -17.2784
v -32.6981 48.3411 -18.2809
v -27.9439 49.3246 -18.2033
v -26.5173 49.3246 -17.8459
v -24.0173 49.3246 -17.5669
v -22.3673 49.3246 -16.6743
v -35.2721 50.5973 -16.2759
v -34.0865 51.5519 -17.3024
v -32.3536 52.5064 -18.3289
v -27.8986 50.7098 -18.1691
v -26.4660 51.6557 -17.8973
v -24.0682 51.9145 -16.9619
v -22.3808 51.1411 -16.6101
v -33.5522 54.3246 -16.8891
v -31.3476 54.4763 -17.5059
v -29.0173 54.6315 -17.4895
v -26.4660 53.7462 -17.4817
v -24.9355 53.2549 -16.6431
v -33.2970 56.2250 -16.6830
v -32.0083 56.2250 -16.6830
v 24.3695 -54.8492 -14.9895
v 25.9827 -55.4815 -14.9895
v 27.8786 -55.0578 -14.9895
v 54.7136 -54.4432 -13.7617
v 55.9827 -54.5505 -13.8995
v 57.3850 -54.5745 -13.9307
v 21.9424 -52.2647 -14.1562
v 23.6572 -53.1539 -14.9495
v 25.0976 -52.3764 -15.7428
v 29.0348 -53.0358 -14.9059
v 30.9827 -52.4859 -14.2882
v 32.7962 -52.4887 -14.1937
v 36.7186 -52.4064 -15.8489
v 38.4827 -52.4423 -15.8048
v 41.0086 -52.0637 -14.9306
v 43.4827 -52.3118 -14.1602
v 45.5557 -52.3722 -14.2293
v 48.9330 -52.0271 -13.9031
v 51.1874 -52.0321 -14.8377
v 53.7130 -52.7968 -14.9785
v 55.8269 -53.0314 -15.3409
v 57.7508 -53.0314 -14.8542
v 21.6712 -50.5006 -14.9895
v 23.4827 -51.1843 -15.5545
v 25.0976 -51.6454 -15.7428
v 29.3749 -51.6348 -15.6835
v 30.9827 -51.2469 -15.5382
v 33.5708 -51.0754 -15.0121
v 35.9242 -51.0080 -15.0052
v 38.4827 -51.0212 -14.5548
v 40.9474 -51.0057 -14.9372
v 43.6939 -50.4855 -15.3235
v 46.2265 -51.0004 -15.0334
v 48.2529 -51.0697 -14.8377
v 50.4905 -51.3077 -15.5698
v 54.3790 -51.7211 -16.1952
v 55.8938 -50.7084 -16.0103
v 58.4415 -50.4003 -15.3477
v 60.1462 -49.6788 -14.9895
v 19.2560 -47.5220 -14.3941
v 20.4351 -48.2834 -15.1323
v 32.2126 -47.0017 -16.0410
v 32.2507 -47.0017 -16.0410
v 41.6818 -48.8614 -15.8185
v 43.6377 -48.2577 -15.6367
v 45.0497 -47.6540 -15.4550
v 57.0408 -48.2071 -14.8190
v 57.4949 -48.2071 -14.8190
v 61.5312 -48.1141 -15.0589
v 63.4827 -47.2640 -14.2901
v 64.8763 -47.0625 -13.9413
v 18.9063 -45.6358 -15.1323
v 19.8823 -46.4427 -16.0608
v 26.8196 -45.1262 -16.0880
v 28.5867 -44.8155 -14.9959
v 31.0470 -45.7009 -14.9724
v 32.2507 -46.8970 -16.0410
v 37.2112 -44.4479 -16.2161
v 37.2567 -44.4479 -16.2161
v 44.2741 -46.4171 -15.4550
v 45.0497 -46.4171 -15.4550
v 52.1927 -44.4819 -16.1268
v 52.5200 -44.4819 -16.1268
v 57.1572 -45.6754 -13.9209
v 57.3490 -45.6754 -13.9209
v 62.1788 -46.7210 -15.9384
v 63.4827 -46.3891 -15.5401
v 65.2548 -45.6191 -14.8606
v 17.1826 -42.0449 -16.1639
v 17.9270 -42.9971 -15.1942
v 26.8196 -44.1144 -16.0880
v 28.5867 -44.1530 -14.9959
v 30.9055 -43.1592 -13.9154
v 32.4796 -42.1267 -13.9269
v 37.2112 -44.3634 -16.2161
v 37.2567 -44.3634 -16.2161
v 52.1927 -44.3418 -16.1268
v 52.5200 -44.3418 -16.1268
v 57.1809 -44.2320 -13.9084
v 57.3060 -44.2320 -13.9084
v 65.6856 -43.1754 -14.9895
v 17.1826 -40.6730 -14.9845
v 18.1146 -40.7566 -14.9734
v 20.2634 -40.0362 -15.7953
v 24.5629 -40.2333 -14.4793
v 25.8657 -39.8927 -15.2952
v 28.4827 -39.5490 -16.1227
v 31.1030 -40.1561 -14.9008
v 32.4452 -40.6754 -13.9172
v 44.4229 -40.2586 -14.1960
v 45.1675 -40.2586 -14.1960
v 66.0293 -40.6754 -14.9895
v 17.1653 -38.1754 -13.8127
v 18.4827 -38.1754 -14.3322
v 21.0511 -38.2920 -15.3835
v 23.9456 -38.4602 -15.2277
v 25.5824 -38.6642 -15.3813
v 28.4279 -38.3887 -15.9949
v 31.0663 -39.3901 -15.0007
v 33.4336 -38.2569 -14.9464
v 34.7944 -37.0978 -16.1036
v 39.4874 -37.0900 -13.9646
v 39.8265 -37.0900 -13.9646
v 44.4229 -38.8996 -14.1960
v 45.1675 -38.8996 -14.1960
v 57.1852 -36.9592 -13.7675
v 57.2830 -36.9592 -13.7675
v 62.1963 -36.9454 -16.1812
v 62.3540 -36.9454 -16.1812
v 66.5713 -38.2435 -14.7861
v 67.2559 -37.4555 -13.8171
v 17.1928 -36.8882 -13.7715
v 18.4827 -36.4023 -13.9912
v 21.0121 -35.5293 -14.2042
v 23.6205 -35.7570 -15.4332
v 25.9827 -36.5578 -15.9395
v 27.5580 -36.7160 -15.9876
v 32.1973 -34.4891 -16.1375
v 33.4464 -35.6415 -16.1206
v 34.7944 -36.7939 -16.1036
v 39.3869 -35.6754 -13.9521
v 39.8481 -35.6754 -13.9521
v 46.9153 -34.6548 -13.8994
v 48.4827 -35.0347 -14.3765
v 50.7068 -34.7823 -15.2856
v 53.4827 -34.8383 -15.7018
v 56.2500 -35.3196 -14.8730
v 57.4227 -35.6754 -14.3130
v 61.8505 -35.6754 -15.7368
v 63.1865 -35.9416 -15.0711
v 65.8603 -36.7299 -14.7861
v 67.2559 -36.9004 -13.8171
v 21.8651 -33.6939 -13.8298
v 23.3949 -32.8966 -15.0103
v 25.3842 -32.0992 -16.1908
v 31.9824 -33.1754 -15.8395
v 33.4351 -32.8601 -15.1395
v 34.8188 -32.0775 -14.9895
v 39.5168 -34.3390 -13.7979
v 40.9725 -33.1601 -13.8900
v 42.3871 -31.9811 -13.9820
v 46.9153 -34.0658 -13.8994
v 48.4827 -34.0232 -14.3765
v 50.8213 -33.4970 -14.8991
v 53.4827 -33.7230 -14.4518
v 56.3265 -33.6399 -14.6992
v 58.0340 -33.4330 -14.9159
v 60.7950 -33.3703 -14.7234
v 62.3523 -34.2451 -13.9610
v 23.9107 -31.2089 -14.5241
v 26.1236 -31.3906 -15.2103
v 28.4534 -30.3667 -15.2042
v 31.0537 -30.4716 -15.6794
v 33.7827 -30.3484 -15.0525
v 35.6234 -30.5583 -15.0173
v 37.7868 -29.5376 -14.0235
v 42.1523 -31.8314 -13.9820
v 42.3871 -31.8314 -13.9820
v 51.3523 -30.6754 -14.9895
v 56.7248 -30.6754 -14.0340
v 58.4536 -30.8099 -14.0229
v 59.8304 -31.7329 -13.8192
v 29.2022 -28.1754 -14.5375
v 30.9827 -28.1754 -14.9264
v 33.9603 -28.6748 -14.9054
v 35.7716 -28.4391 -14.9714
v 37.7868 -29.1258 -14.0235
v 49.2821 -27.3724 -14.1647
v 51.1627 -27.8640 -14.5773
v 52.4154 -27.3148 -13.8817
v 57.0287 -29.2287 -13.8703
v 57.6009 -29.2287 -13.8703
v 29.4907 -26.1270 -14.0290
v 30.7525 -25.4464 -14.1442
v 33.4331 -25.6787 -14.1618
v 36.1237 -25.7981 -15.0215
v 38.4827 -25.0221 -15.9688
v 39.8634 -24.5643 -16.1336
v 49.2821 -26.4218 -14.1647
v 50.9218 -25.9953 -14.8400
v 52.8465 -25.6754 -14.0965
v 31.4324 -24.1799 -13.9961
v 32.5667 -24.1799 -13.9961
v 36.8035 -23.1754 -14.3756
v 38.3597 -23.3588 -15.6848
v 39.8634 -24.3144 -16.1336
v 51.5964 -22.9837 -14.9398
v 52.8683 -23.6892 -14.0734
v 37.1176 -20.6754 -14.0530
v 37.6982 -20.6754 -15.3030
v 46.9221 -19.8167 -14.1370
v 48.3084 -19.7827 -15.0280
v 51.2028 -20.5996 -14.8539
v 52.2848 -19.7838 -13.7887
v 37.1762 -19.2510 -13.8878
v 38.0734 -18.3208 -14.8285
v 44.1033 -17.2606 -15.8895
v 46.3853 -18.2756 -14.9559
v 48.0395 -18.6062 -14.8751
v 50.9827 -18.1754 -14.6286
v 53.2639 -17.9775 -14.0871
v 54.7859 -17.0122 -13.8069
v 39.2268 -16.0213 -14.9895
v 40.7453 -15.0488 -14.9415
v 43.3550 -15.7721 -15.4375
v 45.9827 -15.6754 -15.0706
v 48.4827 -15.6754 -14.6685
v 50.9827 -15.6754 -14.6022
v 53.4895 -15.8344 -14.2957
v 54.7859 -16.7736 -13.8069
v 41.4203 -14.2469 -14.0761
v 43.6823 -13.3183 -14.2097
v 45.9827 -13.1754 -14.8455
v 48.4297 -13.3641 -14.4340
v 50.9827 -14.1517 -14.1346
v 52.6607 -14.1628 -14.1364
v 44.6487 -11.7881 -13.8432
v 45.9827 -11.4628 -14.0949
v 47.5611 -11.4459 -14.1097
v -48.2323 17.6027 -14.9895
v -46.5173 17.4083 -14.9895
v -45.0767 17.8802 -14.9895
v -17.7700 18.0724 -13.7424
v -17.7533 18.0724 -13.7424
v -50.4432 20.4191 -13.9381
v -48.9107 19.6160 -14.9806
v -47.6742 20.4795 -16.0230
v -44.1993 19.3246 -14.9895
v -41.0157 20.2143 -14.0752
v -39.9069 20.2143 -14.0752
v -35.9044 20.1521 -15.8038
v -34.5907 20.1521 -15.8038
v -28.3783 20.3148 -14.0384
v -27.0543 20.3148 -14.0384
v -18.1729 19.5582 -14.7413
v -16.8184 19.4557 -14.9065
v -14.9854 20.0308 -14.4039
v -57.9539 22.6196 -13.8919
v -57.2628 22.6196 -13.8919
v -50.8610 21.9282 -14.8587
v -49.0173 21.1255 -15.6010
v -47.6742 20.7197 -16.0230
v -43.1399 21.1294 -14.9895
v -41.7163 21.3443 -14.9409
v -38.8749 21.8740 -14.8343
v -36.6751 21.9563 -14.8652
v -33.7344 22.0244 -15.1136
v -31.5173 22.3203 -14.6514
v -28.9572 21.8605 -14.9883
v -26.5117 21.8458 -14.9700
v -23.9600 22.0896 -15.0367
v -21.5173 21.5206 -14.9895
v -18.8282 21.6147 -15.5035
v -16.6371 21.7254 -15.8523
v -14.8071 21.8246 -14.5436
v -57.9539 23.2663 -13.8919
v -57.2628 23.2663 -13.8919
v -53.2133 25.1171 -14.9895
v -52.1275 23.8671 -14.9895
v -37.8430 23.2451 -13.9267
v -37.4457 23.2451 -13.9267
v -32.8780 23.2725 -16.0900
v -31.3452 24.1933 -15.8796
v -28.7288 24.5627 -15.1810
v -26.9570 24.4603 -15.3804
v -24.7551 23.3317 -15.9015
v -17.9026 23.1974 -16.1887
v -16.5173 23.3627 -15.8822
v -14.0683 23.5263 -14.9842
v -11.4679 24.8351 -14.8002
v -10.1362 25.5171 -13.8406
v -55.3261 27.9043 -13.8714
v -54.3020 26.9724 -14.8187
v -47.9281 27.9352 -16.1152
v -46.5173 27.7048 -15.8691
v -44.0227 27.7884 -14.9438
v -42.4722 27.8559 -14.0176
v -30.3970 25.6354 -16.0904
v -28.8598 25.7720 -15.1501
v -27.6980 25.7758 -14.9895
v -20.3232 27.9998 -16.1734
v -19.9507 27.9998 -16.1734
v -15.4550 27.6961 -14.1038
v -15.0079 27.6961 -14.1038
v -10.6017 26.1743 -15.5072
v -9.0266 26.8596 -15.0142
v -7.4990 27.5448 -14.5212
v -55.3680 29.2975 -14.9144
v -54.8957 29.2975 -14.9144
v -47.9281 28.3318 -16.1152
v -46.5173 28.5986 -15.8691
v -44.0227 28.4434 -14.9438
v -41.5235 29.3194 -14.0171
v -39.9526 30.2680 -14.0167
v -30.4669 30.4156 -15.5890
v -30.1664 30.4156 -15.5890
v -20.3232 28.2833 -16.1734
v -18.8825 29.4151 -14.9853
v -16.3799 29.5580 -13.9968
v -15.0612 29.3246 -14.0179
v -7.9170 28.2135 -16.1879
v -7.3777 29.1579 -15.2085
v -55.4099 30.8265 -15.9573
v -54.2797 31.8220 -15.1801
v -51.5173 32.8370 -16.0665
v -49.9213 33.0148 -16.1789
v -40.5168 31.8246 -14.0168
v -39.9693 31.8246 -14.0168
v -30.4669 30.7148 -15.5890
v -28.9379 31.8302 -15.2464
v -27.4931 32.6667 -14.9895
v -17.8144 30.6567 -13.7973
v -16.5173 30.6405 -13.7879
v -15.2520 30.5803 -13.7464
v -7.8745 32.7390 -15.9992
v -7.3711 31.8732 -15.0953
v -55.5523 34.9184 -13.9223
v -54.2060 34.1808 -14.5526
v -51.5173 34.3246 -15.4525
v -49.0597 34.1388 -15.5623
v -46.5173 34.7581 -15.6778
v -45.0057 35.2122 -16.0643
v -40.2925 33.1343 -13.8320
v -39.0614 34.2423 -13.8888
v -37.6588 35.3503 -13.9456
v -28.0165 33.4952 -14.9895
v -27.4931 33.4952 -14.9895
v -7.8745 33.4705 -15.9992
v -7.0731 34.3121 -15.0953
v -55.5523 35.8426 -13.9223
v -53.8840 36.7354 -14.2292
v -51.5173 36.8246 -14.7216
v -48.9322 36.8751 -15.3010
v -46.5173 36.0991 -15.6778
v -45.0057 35.7731 -16.0643
v -37.9383 35.7691 -13.9456
v -37.6588 35.7691 -13.9456
v -25.8764 37.9255 -13.9622
v -24.0173 37.7630 -13.9817
v -21.5141 37.9288 -15.0354
v -19.0173 37.8270 -15.9596
v -16.4934 37.7267 -14.9437
v -15.0958 37.6837 -14.0124
v -10.7147 37.5440 -14.9895
v -9.0173 36.6352 -14.9895
v -7.1091 35.9158 -14.9895
v -52.9618 38.2461 -13.8637
v -51.3611 39.1775 -14.1340
v -49.4609 39.3246 -15.3895
v -40.7200 39.9738 -15.6377
v -39.5029 39.9738 -15.6377
v -30.6023 40.5350 -14.0258
v -29.0173 40.2622 -14.1719
v -26.7736 39.2617 -13.9960
v -24.0173 38.3116 -13.9817
v -21.6207 38.8167 -14.8519
v -19.2620 39.3778 -14.5179
v -16.2635 39.0001 -14.6588
v -14.4795 39.1644 -14.7945
v -12.0329 39.2377 -14.8429
v -50.4236 41.0016 -13.9356
v -48.9808 41.7881 -14.7817
v -46.4271 42.1877 -14.8725
v -44.6577 42.3411 -14.9895
v -41.1789 41.8246 -15.2845
v -38.9128 42.1402 -14.8126
v -37.2469 42.5611 -14.1835
v -30.6023 41.1603 -14.0258
v -29.0173 41.0960 -14.1719
v -27.6708 40.6840 -14.0298
v -21.1436 41.5776 -14.7419
v -20.2585 40.5797 -13.7435
v -15.9434 41.8246 -14.1284
v -14.0934 41.6842 -14.1540
v -12.6134 40.7572 -13.9119
v -48.2110 43.1828 -13.9612
v -47.2003 43.1828 -13.9612
v -43.5929 44.1342 -15.0431
v -41.5072 44.2826 -14.9068
v -38.8917 44.0839 -14.6247
v -37.2686 44.2635 -14.9864
v -23.1962 45.2584 -14.2303
v -22.1545 44.3849 -15.0340
v -15.6322 43.4133 -13.9084
v -14.9775 43.4133 -13.9084
v -43.3260 46.8246 -14.3084
v -41.2975 46.6506 -14.3139
v -39.1686 46.7763 -14.0305
v -36.6310 47.0009 -15.1126
v -34.6138 47.8170 -16.1026
v -23.1962 46.3382 -14.2303
v -21.7852 46.8790 -15.0111
v -19.7395 47.4199 -14.1252
v -42.9902 48.3734 -13.9920
v -41.5173 48.4759 -14.0780
v -39.8007 48.3109 -13.9383
v -35.9529 49.5614 -15.1574
v -34.6138 48.8859 -16.1026
v -21.0161 49.5161 -14.9710
v -19.7395 48.8105 -14.1252
v -35.6160 51.5882 -14.9901
v -34.9507 52.2640 -15.8238
v -23.2689 52.8078 -16.0538
v -21.6794 51.9145 -15.1281
v -35.4193 54.3246 -14.1581
v -34.8022 54.3246 -15.4081
v -30.3416 55.4913 -16.1717
v -29.0173 55.3498 -16.0163
v -26.5173 54.9225 -15.4680
v -24.0682 54.1828 -15.3210
v -21.3426 54.2296 -14.4737
v -19.7950 54.9997 -14.0283
v -35.3271 55.6464 -13.8800
v -33.9983 56.7690 -14.9231
v -31.3119 56.9648 -15.7100
v -29.0173 56.8246 -15.3646
v -26.5173 56.8246 -14.9029
v -24.0173 56.8246 -14.6493
v -21.5173 56.8246 -14.7664
v -19.6491 56.8246 -14.1880
v -33.0329 58.3757 -14.2996
v -31.5173 58.4398 -14.3785
v -28.9271 59.1861 -14.4351
v -26.5173 59.3246 -14.8531
v -24.1451 59.3115 -14.4004
v -21.5173 58.5568 -14.3344
v -19.9153 58.3226 -14.0487
v -28.0335 61.1556 -14.1010
v -26.5173 61.2811 -14.1682
v -25.0636 60.9356 -13.9496
v 24.3807 -54.7551 -12.9938
v 25.9827 -54.9272 -12.8822
v 27.6405 -54.7648 -13.3421
v 54.7136 -54.4432 -13.6797
v 55.9827 -54.5505 -13.3378
v 57.3850 -54.5745 -13.2637
v 14.6844 -51.9719 -11.5516
v 15.9827 -52.2291 -11.9908
v 17.8165 -52.2839 -11.9292
v 21.6327 -52.6622 -12.4895
v 23.5215 -53.9682 -12.2921
v 25.9827 -53.8459 -11.6322
v 28.5036 -52.9199 -12.4435
v 30.7714 -52.8220 -12.4228
v 33.1127 -52.9082 -12.4895
v 36.9312 -52.0455 -11.4248
v 37.7524 -52.0455 -11.4248
v 42.1380 -51.9938 -13.2387
v 43.2792 -52.5145 -12.4390
v 45.7308 -52.6106 -12.4895
v 48.8651 -52.1448 -12.4895
v 50.9827 -52.6218 -12.4895
v 53.8382 -53.0768 -12.5203
v 55.9205 -53.2177 -11.9909
v 57.8088 -53.2177 -12.4541
v 14.5658 -50.6754 -11.9716
v 15.9827 -50.6754 -13.0194
v 18.5829 -50.4711 -12.1259
v 20.4090 -50.4711 -12.2877
v 29.3667 -51.8296 -11.5449
v 29.7973 -51.8296 -11.5449
v 34.3627 -51.2802 -12.4895
v 36.0518 -50.9734 -12.3507
v 38.5445 -51.1322 -12.3507
v 41.1758 -51.5057 -12.4390
v 42.3103 -51.8216 -11.5720
v 46.8454 -50.9081 -12.4359
v 47.7058 -50.9081 -12.4359
v 54.6294 -51.4494 -11.3608
v 55.8308 -50.6717 -11.6151
v 58.4700 -50.6222 -12.7387
v 60.1267 -49.6837 -13.6079
v 14.5584 -49.2071 -11.9036
v 16.1095 -48.2945 -12.2489
v 18.4467 -48.2834 -12.8986
v 21.0302 -48.1232 -12.1990
v 22.9173 -47.0578 -11.4116
v 34.4000 -47.3227 -11.6416
v 35.1567 -47.3227 -11.6416
v 46.9231 -49.3134 -11.5668
v 47.5113 -49.3134 -11.5668
v 56.8998 -48.1772 -12.7862
v 57.9820 -48.1112 -12.8660
v 60.9691 -48.2771 -12.6606
v 63.2627 -47.2013 -12.4712
v 64.8763 -47.0625 -13.2923
v 16.8090 -45.6754 -11.9297
v 17.5876 -45.6754 -13.1797
v 22.0674 -46.5886 -11.4116
v 22.9173 -46.5886 -11.4116
v 29.6541 -44.5048 -13.2178
v 29.8814 -44.5048 -13.2178
v 34.3936 -45.6754 -11.7877
v 35.2128 -45.6754 -11.7877
v 44.2091 -44.6142 -11.3091
v 44.8941 -44.6142 -11.3091
v 57.1572 -45.6754 -13.6659
v 57.3490 -45.6754 -13.6659
v 63.9493 -46.7617 -11.6257
v 65.4253 -45.8272 -12.4712
v 16.8731 -44.0338 -11.8489
v 17.8447 -43.1904 -12.6052
v 29.4200 -43.4247 -12.4905
v 30.6487 -42.9920 -12.8402
v 33.5464 -43.1207 -12.5540
v 34.9487 -44.1146 -11.5683
v 39.3626 -42.0800 -11.4138
v 39.8397 -42.0800 -11.4138
v 44.2091 -44.3793 -11.3091
v 44.8941 -44.3793 -11.3091
v 57.0698 -43.0944 -12.5126
v 57.2985 -43.0944 -12.5126
v 61.9909 -42.0950 -11.4045
v 62.3807 -42.0950 -11.4045
v 66.5452 -42.9970 -12.3007
v 67.2647 -42.0448 -11.3414
v 17.0186 -39.6624 -12.4895
v 17.9102 -40.9124 -12.4895
v 24.5629 -40.2333 -13.4975
v 25.0674 -40.2333 -13.4975
v 28.9568 -40.6754 -11.7632
v 31.2124 -40.6754 -12.6613
v 32.4452 -40.6754 -13.5594
v 39.2882 -40.6754 -11.5597
v 40.0480 -40.6754 -11.5597
v 44.4229 -40.2586 -13.3897
v 45.1675 -40.2586 -13.3897
v 51.9831 -39.6345 -11.4729
v 52.8290 -39.6345 -11.4729
v 56.9586 -41.8576 -11.3473
v 57.2909 -41.8576 -11.3473
v 62.0213 -40.6754 -11.4127
v 62.3683 -40.6754 -11.4127
v 66.7285 -40.8735 -12.3007
v 67.2647 -41.8390 -11.3414
v 16.6866 -38.1754 -12.4895
v 24.5629 -39.2062 -13.4975
v 25.0674 -39.2062 -13.4975
v 29.2449 -39.1570 -11.4141
v 31.2394 -39.2865 -12.5567
v 32.2691 -39.4159 -13.6993
v 39.4987 -38.0908 -12.5015
v 39.9363 -38.0908 -12.5015
v 44.4229 -38.8996 -13.3897
v 45.1675 -38.8996 -13.3897
v 51.9831 -39.0734 -11.4729
v 52.8290 -39.0734 -11.4729
v 57.1852 -36.9592 -13.5436
v 58.3877 -36.9692 -12.4241
v 61.2086 -37.9577 -11.3930
v 63.2524 -38.0891 -11.5964
v 66.2242 -38.1602 -12.6766
v 67.2559 -37.4555 -13.7095
v 12.0430 -34.6964 -11.3678
v 12.5494 -34.6964 -11.3678
v 16.9006 -36.5255 -12.4895
v 18.4827 -35.4763 -12.4895
v 20.3485 -34.6262 -12.4895
v 39.3869 -35.6754 -13.5140
v 39.8481 -35.6754 -13.5140
v 46.8510 -34.8068 -12.4895
v 48.5263 -35.0803 -12.4703
v 50.7846 -34.9019 -12.3389
v 52.6413 -34.7954 -11.3871
v 56.7766 -35.6232 -12.6220
v 58.2054 -36.0920 -12.1280
v 60.9827 -36.8248 -11.3819
v 63.2681 -35.9388 -12.3373
v 65.9827 -36.7385 -13.3951
v 67.2559 -36.9004 -13.7095
v 12.0430 -34.1711 -11.3678
v 12.5494 -34.1711 -11.3678
v 21.5985 -33.5614 -12.4895
v 22.3992 -32.3114 -12.4895
v 34.5755 -32.0110 -13.6803
v 35.9128 -32.1776 -12.5443
v 38.9259 -33.1553 -12.3719
v 40.5675 -32.7610 -12.8824
v 42.3871 -31.9811 -13.6946
v 46.8510 -34.0344 -12.4895
v 48.5263 -34.0066 -12.4703
v 51.1702 -33.5443 -12.7307
v 53.1221 -33.2380 -12.4754
v 56.0102 -33.3939 -12.8659
v 58.3714 -33.2186 -12.1531
v 60.7913 -32.5999 -12.5185
v 62.5358 -33.9282 -12.4895
v 14.6066 -29.7956 -11.3070
v 14.8904 -29.7956 -11.3070
v 23.6492 -31.0575 -12.4895
v 25.9827 -30.5963 -12.4895
v 28.4534 -30.1939 -12.3148
v 30.2620 -29.6545 -11.3650
v 34.4083 -30.6754 -13.1798
v 36.2428 -30.9396 -12.5230
v 38.1844 -30.7632 -12.3314
v 40.9549 -31.8369 -12.4898
v 42.3871 -31.8314 -13.6946
v 51.8260 -30.6754 -13.4247
v 53.6236 -30.5762 -12.2645
v 55.4476 -30.5762 -12.5164
v 59.2991 -30.8099 -12.5185
v 59.8304 -31.7329 -13.3711
v 14.5881 -28.1754 -11.3233
v 15.0456 -28.1754 -11.3233
v 29.2659 -28.1743 -12.3148
v 30.2620 -29.0069 -11.3650
v 34.4573 -29.1689 -13.0525
v 35.9827 -29.0083 -13.0993
v 38.7040 -28.1165 -12.4530
v 39.8178 -27.1072 -11.3330
v 49.2821 -27.3724 -12.9957
v 51.1712 -28.1769 -13.2703
v 53.4831 -28.2413 -12.5574
v 55.9574 -28.3326 -12.0953
v 58.0358 -28.9561 -12.4895
v 14.6660 -26.8554 -11.2837
v 14.9923 -26.8554 -11.2837
v 29.4982 -26.1620 -12.4895
v 30.0327 -24.9120 -12.4895
v 34.2334 -24.8475 -12.9151
v 35.7709 -24.7028 -12.1227
v 38.6658 -25.5050 -11.3777
v 39.8338 -25.6754 -11.3442
v 49.2821 -26.4218 -12.9957
v 50.3607 -26.4218 -12.9957
v 54.0965 -25.6754 -13.2463
v 55.4098 -25.6754 -11.9963
v 31.2827 -24.0772 -12.4895
v 33.4331 -24.1250 -12.2449
v 35.8448 -23.7448 -11.9019
v 38.4827 -24.1212 -11.3421
v 40.6779 -23.1560 -11.4777
v 42.5583 -22.1803 -11.6698
v 52.1737 -22.0225 -13.6524
v 53.6141 -22.9837 -13.3706
v 55.3336 -23.1754 -12.0937
v 36.7323 -20.6692 -12.6646
v 37.9636 -19.8317 -11.9479
v 41.5735 -21.6419 -11.6698
v 42.5583 -21.6419 -11.6698
v 46.9221 -19.8167 -13.0774
v 47.4272 -19.8167 -13.0774
v 52.1737 -21.4504 -13.6524
v 53.4440 -20.5135 -12.6760
v 54.9907 -21.2433 -11.6997
v 37.1762 -19.2510 -13.6146
v 38.3504 -18.3208 -12.6646
v 46.9221 -19.1193 -13.0774
v 47.4272 -19.1193 -13.0774
v 53.9296 -17.9775 -12.5815
v 54.7859 -17.0122 -13.4762
v 39.3317 -16.1292 -12.4895
v 40.7453 -15.0949 -12.5782
v 42.8293 -14.9362 -11.8039
v 49.5621 -14.7048 -11.5418
v 50.9827 -15.0335 -11.7364
v 53.4829 -15.8652 -12.5380
v 54.7859 -16.7736 -13.4762
v 41.4203 -14.2469 -13.4706
v 43.7390 -13.0974 -12.3773
v 44.8397 -11.9480 -11.2841
v 48.8562 -13.3641 -12.4209
v 50.9827 -14.1517 -12.9864
v 52.6607 -14.1628 -13.2665
v 44.6487 -11.7881 -12.9507
v 45.7969 -11.5183 -12.2663
v 47.5150 -11.5195 -12.4895
v -48.1129 17.7632 -13.2949
v -46.5173 17.7888 -13.3308
v -45.1848 18.0049 -13.6392
v -17.7700 18.0724 -13.7310
v -17.7533 18.0724 -13.7310
v -56.0185 20.3978 -11.5424
v -54.9295 20.3978 -11.5424
v -50.7852 20.0003 -12.4895
v -48.9747 18.9475 -12.4728
v -46.4965 19.4069 -12.0279
v -44.0386 19.7577 -12.6392
v -41.7163 19.9523 -12.6439
v -39.6900 19.9763 -12.4895
v -35.2965 20.5623 -11.2663
v -35.2305 20.5623 -11.2663
v -28.7101 20.1725 -12.4895
v -26.9340 20.1725 -12.4895
v -23.0552 20.4024 -11.8081
v -21.5173 20.1263 -12.1097
v -18.7526 19.6779 -12.5864
v -16.7460 19.4218 -12.5151
v -15.0127 20.0954 -12.4895
v -58.2264 22.1350 -12.4895
v -56.6406 21.6148 -12.5359
v -54.0646 21.9393 -11.9709
v -52.0623 21.9393 -12.4153
v -45.6492 20.8850 -11.4318
v -43.8750 20.8124 -12.5060
v -42.6824 20.7398 -13.5802
v -38.3508 21.8046 -12.6926
v -36.3711 21.9534 -12.4638
v -34.2452 21.5677 -12.2556
v -31.5173 21.5183 -12.4895
v -29.9601 20.8076 -12.4895
v -25.7686 21.6383 -12.3283
v -24.1073 21.5144 -12.4311
v -21.5173 20.7956 -13.3597
v -18.8824 21.3694 -12.2685
v -16.5501 21.7808 -11.5405
v -14.8646 21.7808 -12.4549
v -58.2264 23.5861 -12.4895
v -56.4349 24.2489 -12.5997
v -54.0757 24.2548 -13.0475
v -51.5683 24.3781 -12.4075
v -49.0173 25.4187 -11.5355
v -47.7623 25.5601 -11.2578
v -37.8430 23.2451 -13.6612
v -37.4457 23.2451 -13.6612
v -27.9641 25.2853 -12.4895
v -26.7559 24.3665 -12.0172
v -23.9697 24.3472 -11.3326
v -22.7400 25.5530 -11.2778
v -18.0728 23.2666 -11.3226
v -16.5173 23.3382 -11.5710
v -13.8792 24.0904 -12.2719
v -11.5173 25.0606 -13.0810
v -10.1362 25.5171 -13.6558
v -55.8782 26.9724 -12.4978
v -54.9480 26.2376 -13.3367
v -50.5681 25.9417 -11.6159
v -49.0173 25.8594 -11.5355
v -47.7623 25.5872 -11.2578
v -43.0954 27.8559 -13.4153
v -42.4722 27.8559 -13.4153
v -37.9147 27.3719 -11.5972
v -37.6305 27.3719 -11.5972
v -27.9257 26.6310 -12.2399
v -27.6824 26.6310 -12.2399
v -22.7801 25.6070 -11.2778
v -22.7400 25.6070 -11.2778
v -15.4550 27.6961 -13.5682
v -13.9152 26.6461 -12.4234
v -11.5173 25.8947 -11.8310
v -9.1887 26.2230 -12.6893
v -7.2512 27.3310 -12.4895
v -55.7760 28.7125 -12.4895
v -54.9481 29.9625 -12.4895
v -45.3011 30.5147 -11.2940
v -44.0336 29.4427 -12.3546
v -41.5235 29.3194 -13.4464
v -38.8212 29.7289 -12.4203
v -37.4200 29.3246 -11.6273
v -27.7689 28.0750 -11.2401
v -27.7658 28.0750 -11.2401
v -17.8144 30.5470 -13.6809
v -16.2396 29.7080 -12.7912
v -14.9455 29.5512 -12.6367
v -10.7514 30.3528 -11.4294
v -10.0884 30.3528 -11.4294
v -6.6940 29.3246 -12.4895
v -55.3508 32.8318 -11.6488
v -54.9506 31.9289 -12.4851
v -45.3011 30.7712 -11.2940
v -44.2164 31.5485 -11.4211
v -41.2131 32.0394 -12.6390
v -39.0797 31.3250 -12.5750
v -37.4410 30.6590 -11.3989
v -28.0892 32.5379 -13.4634
v -27.4201 32.5379 -13.4634
v -20.6725 32.7632 -11.5537
v -18.5018 31.8742 -12.4632
v -16.8223 31.5696 -12.1925
v -15.0596 30.6818 -12.4895
v -10.7514 30.9598 -11.4294
v -10.0884 30.9598 -11.4294
v -6.6598 31.8246 -12.4895
v -55.7825 34.1808 -12.4851
v -55.1652 33.2517 -13.3154
v -45.3533 35.1199 -11.3145
v -44.2971 34.2817 -11.4314
v -41.2170 33.2889 -12.5866
v -39.0614 34.2423 -13.6036
v -37.6588 35.3503 -13.5822
v -32.7784 35.4245 -11.8260
v -32.7598 35.4245 -11.8260
v -28.0892 33.6169 -13.4634
v -27.4201 33.6169 -13.4634
v -20.6725 33.7201 -11.5537
v -19.0173 33.8975 -11.5500
v -17.6569 33.5263 -11.3393
v -13.0014 35.4534 -11.4594
v -11.5173 35.0754 -11.9266
v -9.0173 34.9657 -11.9692
v -6.8952 34.4141 -12.4056
v -60.5385 37.8478 -11.3738
v -59.9023 37.8478 -11.3738
v -55.8487 36.3252 -12.4895
v -54.6352 37.5752 -12.4895
v -45.3533 35.8587 -11.3145
v -45.1331 35.8587 -11.3145
v -37.9383 35.7691 -13.5822
v -37.6588 35.7691 -13.5822
v -32.7784 35.5861 -11.8260
v -32.7598 35.5861 -11.8260
v -25.9852 37.6436 -12.4895
v -24.0173 37.3138 -12.4895
v -21.7470 37.5005 -12.2827
v -20.1200 37.5575 -11.3114
v -15.6927 37.5655 -12.4895
v -14.1382 36.7789 -12.0481
v -10.9898 36.9453 -12.5923
v -9.5343 37.0387 -12.6167
v -7.0477 35.9482 -13.1829
v -60.5385 38.4090 -11.3738
v -59.9023 38.4090 -11.3738
v -53.3852 38.3527 -12.4895
v -51.8018 39.6027 -12.4895
v -35.5761 40.3859 -11.4006
v -34.8246 40.3859 -11.4006
v -30.6023 40.5350 -13.6666
v -29.0173 40.2622 -13.4966
v -26.7076 39.1953 -12.9177
v -24.0173 38.5531 -12.4895
v -21.7470 38.2130 -12.2827
v -19.3559 39.2029 -12.3769
v -16.4546 39.2528 -12.8979
v -14.9908 38.5074 -12.4895
v -10.9778 39.1448 -12.5837
v -10.2235 38.1917 -11.8132
v -57.9096 42.8787 -11.2900
v -57.6826 42.8787 -11.2900
v -50.5518 41.2075 -12.4895
v -49.0336 42.4180 -12.4912
v -46.4271 42.6343 -12.4912
v -44.7487 42.7278 -12.4895
v -38.3875 42.5611 -13.0998
v -36.4115 41.7807 -12.2502
v -33.8600 41.9689 -11.4141
v -31.6567 42.0489 -12.5471
v -29.0173 41.0960 -13.4966
v -27.6708 40.6840 -13.4885
v -20.6707 42.2464 -13.3345
v -19.2620 41.5776 -13.0325
v -17.1934 41.8246 -13.1595
v -13.4125 42.1722 -12.4895
v -12.3911 40.9222 -12.4895
v -58.0405 44.3246 -11.3619
v -57.4964 44.3246 -11.3619
v -48.2110 43.1828 -13.3256
v -47.2003 43.1828 -13.3256
v -44.1007 44.3246 -12.4895
v -40.3176 45.3912 -13.5564
v -39.2953 44.4256 -13.3281
v -37.2469 43.4600 -13.0998
v -32.8954 43.2373 -11.4275
v -32.7111 43.2373 -11.4275
v -23.1962 45.2584 -13.1446
v -21.5093 44.3849 -12.9180
v -18.7674 44.5745 -11.9893
v -16.4863 44.1339 -12.4539
v -14.6625 43.7737 -12.4895
v -57.9893 45.8212 -11.3522
v -57.4908 45.8212 -11.3522
v -43.6018 46.8246 -12.4895
v -40.3176 45.7013 -13.5564
v -39.1686 46.7763 -13.4901
v -36.5625 47.9012 -12.3721
v -34.6809 47.9511 -11.3203
v -23.1962 46.3382 -13.1446
v -21.5173 46.2812 -13.0164
v -18.7535 46.4972 -12.5885
v -17.2984 47.2413 -11.8067
v -42.9997 48.3805 -12.4895
v -41.5173 48.8243 -12.4895
v -38.8588 49.2038 -12.4401
v -36.5633 48.8658 -12.3032
v -33.7704 49.1978 -11.3159
v -31.5173 50.1410 -11.6366
v -30.0730 50.4295 -11.6969
v -20.3820 50.4772 -13.6553
v -18.9506 49.5161 -13.0769
v -17.3847 49.3246 -11.7245
v -37.9169 50.7873 -11.4563
v -36.3889 51.7564 -12.4296
v -33.7780 51.7644 -11.5238
v -31.5173 50.9688 -11.6366
v -30.0730 50.8716 -11.6969
v -20.4473 51.8246 -13.3813
v -18.8713 51.8535 -12.0007
v -17.7261 51.0394 -11.3190
v -35.4193 54.3246 -13.4083
v -34.5042 54.3246 -12.1583
v -20.3927 53.3330 -13.3462
v -19.4406 54.2296 -12.5035
v -35.3271 55.6464 -13.6346
v -33.9270 56.7144 -12.6021
v -31.5173 57.6984 -11.8077
v -29.7938 57.8652 -11.6670
v -22.9468 57.8498 -11.3905
v -21.5173 57.7025 -11.5125
v -19.6255 56.9118 -12.3673
v -33.0329 58.3757 -13.2363
v -31.5173 58.4398 -13.0577
v -29.3204 59.1861 -12.4960
v -25.2942 60.5481 -11.2967
v -24.0052 59.5088 -12.1770
v -21.5173 58.5568 -12.7625
v -19.9153 58.3226 -13.1192
v -28.1888 61.3120 -12.4895
v -26.2835 61.3811 -12.2739
v -25.0636 60.9356 -12.9634
v 51.5559 -57.1638 -8.9270
v 52.5361 -57.1638 -8.9270
v 49.3779 -55.1050 -8.9582
v 50.8266 -55.8332 -9.2012
v 53.4147 -55.5681 -9.2756
v 54.9743 -54.6632 -9.0823
v 14.6844 -51.9719 -11.1313
v 15.9685 -52.3699 -10.1746
v 18.5829 -52.5992 -10.1029
v 20.9268 -52.9626 -10.1029
v 23.4827 -53.5719 -9.9895
v 25.9827 -52.8173 -9.9895
v 27.8478 -52.1458 -9.9895
v 31.4639 -52.6725 -10.4761
v 32.8425 -52.6725 -10.4761
v 36.9312 -52.0455 -10.7780
v 38.5709 -52.0255 -9.9601
v 40.9827 -52.4355 -9.6318
v 43.2792 -52.7084 -10.2117
v 46.0373 -52.6172 -10.0319
v 48.5434 -53.0782 -9.9259
v 50.9827 -53.7873 -10.4260
v 53.6707 -53.3004 -10.4801
v 55.7738 -52.8484 -10.0977
v 57.4956 -52.4125 -11.0378
v 14.5658 -50.6754 -10.8758
v 15.2800 -50.6754 -9.6258
v 19.4831 -51.1682 -11.0119
v 20.0563 -51.1682 -11.0119
v 29.0978 -51.6794 -9.9895
v 30.7714 -51.6422 -9.7815
v 33.7160 -50.8427 -9.6726
v 36.1058 -50.5900 -9.8235
v 38.5709 -51.5425 -9.9601
v 40.9827 -51.7602 -10.8818
v 42.3103 -51.8216 -11.1931
v 46.7563 -50.6754 -10.8384
v 47.7988 -50.6754 -10.8384
v 52.0337 -49.4805 -8.9120
v 53.4704 -50.4649 -9.9232
v 55.8865 -50.9852 -10.4244
v 57.4956 -51.5608 -11.0378
v 14.5584 -49.2071 -10.8628
v 16.0484 -48.0995 -9.8612
v 17.3209 -46.9919 -8.8595
v 22.0674 -47.0578 -11.0260
v 22.9173 -47.0578 -11.0260
v 34.4947 -48.3039 -9.8457
v 35.2186 -48.3039 -9.8457
v 46.9231 -49.3134 -11.0507
v 47.5113 -49.3134 -11.0507
v 52.0337 -49.1904 -8.9120
v 52.3115 -49.1904 -8.9120
v 56.6495 -49.0955 -9.9895
v 58.6067 -47.8196 -9.8732
v 60.9827 -47.1292 -10.7615
v 62.2827 -46.9337 -11.2127
v 16.8090 -45.6754 -10.1079
v 17.3209 -45.6754 -8.8579
v 22.0674 -46.5886 -11.0260
v 22.9173 -46.5886 -11.0260
v 26.4159 -44.8759 -9.3003
v 27.6732 -44.8759 -9.3003
v 34.4611 -45.4259 -9.9892
v 35.1171 -45.4259 -9.9892
v 44.2091 -44.6142 -11.1791
v 44.8941 -44.6142 -11.1791
v 59.5227 -46.6710 -8.9623
v 60.9827 -46.1972 -9.5115
v 63.1503 -45.6520 -10.1075
v 65.3133 -45.0951 -10.6690
v 16.8731 -44.0338 -10.4440
v 17.7766 -43.1904 -9.7622
v 26.6109 -43.1754 -9.1992
v 28.2818 -42.9536 -9.8359
v 30.1350 -42.6578 -10.6849
v 34.1892 -43.2389 -10.0302
v 35.3254 -43.2389 -10.0302
v 39.3626 -42.0800 -10.9359
v 39.8397 -42.0800 -10.9359
v 44.2091 -44.3793 -11.1791
v 44.8941 -44.3793 -11.1791
v 49.5102 -42.1554 -8.8546
v 50.9827 -42.2954 -9.0363
v 52.5074 -42.1888 -9.0202
v 56.9586 -41.9569 -11.1944
v 57.2909 -41.9569 -11.1944
v 61.9909 -42.0950 -11.1293
v 63.1993 -43.1307 -10.0658
v 66.1151 -43.1055 -10.0773
v 67.2647 -42.0448 -11.1524
v 12.0823 -39.6011 -8.8948
v 13.4827 -39.7961 -9.1227
v 16.0875 -39.7087 -10.0099
v 18.1065 -40.5742 -10.0506
v 27.2204 -41.8800 -8.7917
v 28.2228 -41.1886 -9.4886
v 31.0272 -40.8229 -9.8031
v 33.1150 -40.8005 -9.0727
v 35.5040 -41.6277 -9.2240
v 39.2882 -40.6754 -10.7731
v 40.0480 -40.6754 -10.7731
v 47.1198 -39.5188 -9.1849
v 48.3938 -40.6636 -9.0197
v 51.4114 -40.5678 -9.6691
v 52.6682 -40.4001 -9.7665
v 56.9586 -41.8576 -11.1944
v 58.4957 -40.6712 -9.9859
v 61.2584 -40.2968 -9.9534
v 62.6374 -40.4355 -10.1734
v 66.3582 -40.8735 -10.1872
v 67.2647 -41.8390 -11.1524
v 11.9616 -38.1754 -9.0863
v 13.4827 -38.1754 -9.8551
v 16.0785 -38.5647 -10.1153
v 17.8120 -39.0837 -9.2580
v 21.5943 -37.2038 -8.9800
v 22.4103 -37.2038 -8.9800
v 29.0907 -38.2644 -9.7505
v 30.8347 -38.4287 -9.6729
v 32.2831 -39.3671 -8.9214
v 39.5100 -39.0915 -10.9212
v 40.0460 -39.0915 -10.9212
v 47.1198 -39.3713 -9.1849
v 47.2773 -39.3713 -9.1849
v 51.9831 -39.0734 -10.5129
v 53.7652 -38.0130 -9.6710
v 54.8683 -36.9526 -8.8291
v 59.5965 -38.1776 -9.9735
v 60.4724 -38.1776 -9.9735
v 63.6428 -38.0891 -10.0089
v 65.2260 -38.0891 -10.0089
v 11.7338 -35.5880 -9.9238
v 13.4227 -35.5880 -10.6355
v 15.9909 -35.6278 -10.7974
v 18.4827 -34.7494 -10.8588
v 20.7941 -35.1802 -10.0893
v 22.7852 -35.6754 -9.4149
v 29.6964 -36.7647 -8.7578
v 29.7499 -36.7647 -8.7578
v 44.1006 -35.0401 -8.9237
v 45.9700 -34.8723 -9.9951
v 47.7220 -34.7045 -11.0664
v 51.7223 -34.7954 -10.9916
v 53.6714 -35.8452 -9.9104
v 55.9544 -35.8250 -9.9957
v 58.4029 -35.8142 -11.1660
v 61.1443 -36.7072 -10.1976
v 63.2867 -35.9362 -9.8703
v 65.0959 -35.6754 -9.1857
v 11.7049 -33.2728 -9.9574
v 13.4227 -33.2728 -10.6997
v 16.1606 -33.0802 -9.8280
v 18.4296 -33.0802 -9.5336
v 20.8052 -33.5309 -10.0566
v 23.4509 -33.2695 -10.1678
v 25.2140 -32.5341 -9.2693
v 37.0418 -32.3442 -11.0239
v 38.4827 -32.2676 -11.0574
v 39.7576 -31.9630 -11.2124
v 44.1006 -34.2537 -8.9237
v 45.9700 -34.2587 -9.9951
v 47.7220 -34.2637 -11.0664
v 51.7223 -34.2581 -10.9916
v 52.6413 -34.2581 -10.9916
v 57.0406 -34.3400 -11.1623
v 58.4596 -33.1929 -11.1249
v 60.9442 -32.5658 -10.1483
v 63.4034 -33.8573 -9.8271
v 64.9197 -34.1983 -8.8854
v 11.9873 -30.6754 -9.1010
v 13.6570 -30.6475 -10.4609
v 15.7020 -30.6475 -10.1718
v 19.2276 -31.7267 -8.9040
v 19.9535 -31.7267 -8.9040
v 24.1101 -31.4847 -10.9360
v 26.2177 -30.6431 -9.8541
v 28.4827 -29.8793 -10.5510
v 30.2620 -29.6545 -11.1221
v 37.0418 -31.6842 -11.0239
v 38.4827 -31.6823 -11.0574
v 39.7576 -31.8425 -11.2124
v 54.5509 -29.6767 -11.0935
v 54.9347 -29.6767 -11.0935
v 59.3810 -30.5646 -10.1483
v 60.0853 -31.3240 -9.4208
v 12.1648 -29.2133 -8.8584
v 13.2983 -28.2982 -9.8109
v 16.4298 -28.1933 -9.9634
v 17.3114 -27.3719 -9.1126
v 27.2215 -29.4116 -8.7723
v 28.9881 -28.1961 -9.8955
v 30.0261 -27.9981 -10.0718
v 39.6212 -27.1072 -11.1228
v 39.8178 -27.1072 -11.1228
v 49.1684 -27.0594 -9.2726
v 49.9700 -27.0594 -9.2726
v 54.4324 -28.1517 -10.0895
v 55.5683 -28.1345 -10.3770
v 58.7926 -28.0049 -9.4614
v 59.7479 -27.0058 -8.7573
v 14.2843 -26.5714 -9.9895
v 15.8884 -26.5691 -9.9634
v 17.3114 -26.8036 -9.1126
v 29.6620 -26.7059 -10.6881
v 30.7783 -25.6900 -9.9021
v 32.6282 -24.6741 -9.1161
v 36.4511 -24.5581 -11.1519
v 38.6658 -25.5050 -11.0470
v 39.8338 -25.6754 -11.0646
v 46.6298 -25.0992 -9.1943
v 48.3911 -25.8894 -9.2335
v 49.9700 -26.6796 -9.2726
v 54.3138 -26.6878 -9.0855
v 55.6773 -25.7828 -9.9471
v 59.6652 -26.8909 -8.7573
v 59.7479 -26.8909 -8.7573
v 31.7663 -24.2067 -10.7828
v 33.4700 -23.8125 -9.9655
v 35.5478 -23.3191 -10.4877
v 38.4827 -24.1212 -11.0865
v 40.8102 -23.2569 -10.4753
v 42.5917 -22.6007 -9.9895
v 46.6298 -24.1532 -9.1943
v 47.6138 -24.1532 -9.1943
v 56.1385 -23.1754 -9.9895
v 34.6303 -20.1053 -8.8452
v 35.7252 -20.6475 -9.4991
v 38.3384 -19.8041 -9.9895
v 41.5811 -21.5691 -9.9895
v 43.4062 -20.7340 -9.7192
v 45.2925 -19.6206 -9.3588
v 54.6032 -19.5766 -11.1659
v 55.8959 -20.5809 -10.1290
v 57.6377 -19.9186 -9.0921
v 34.6303 -19.2639 -8.8452
v 35.1982 -19.2639 -8.8452
v 39.3176 -18.1754 -9.9895
v 44.2067 -18.1754 -9.4609
v 45.3957 -18.1754 -9.4609
v 51.7908 -17.4102 -9.1411
v 53.7685 -17.8475 -9.9614
v 55.7513 -18.0219 -9.4207
v 57.6377 -18.7530 -9.0921
v 39.4618 -16.6266 -9.9895
v 40.9827 -16.2719 -9.9895
v 43.5506 -15.8557 -9.9543
v 45.1379 -15.6754 -9.3117
v 49.5621 -14.7048 -11.1294
v 50.9097 -15.6641 -10.1353
v 53.6725 -16.7721 -9.7852
v 54.7637 -16.9207 -8.7625
v 44.4525 -13.0557 -10.1945
v 44.8943 -13.0557 -10.1945
v 49.1479 -12.9510 -10.1735
v 50.0286 -13.6347 -9.4627
v 44.4090 -11.5106 -9.5625
v 45.7969 -11.1949 -10.2333
v 47.8796 -11.3234 -9.9895
v -20.5605 15.5199 -8.7911
v -20.2017 15.5199 -8.7911
v -23.3515 17.4292 -9.0486
v -21.4432 16.6874 -8.9694
v -19.8099 16.8246 -8.7951
v -56.1036 20.2863 -9.9895
v -54.0646 20.2596 -9.9027
v -51.5761 19.7938 -9.9027
v -48.8551 19.7104 -9.9692
v -47.3159 20.2951 -10.7890
v -43.2440 20.3351 -10.8768
v -41.5173 20.0670 -10.4889
v -39.8580 20.1372 -10.6014
v -35.2965 20.5623 -11.1821
v -35.2305 20.5623 -11.1821
v -31.0529 20.1676 -9.4563
v -28.9819 20.2329 -10.0248
v -26.6158 20.2010 -9.8323
v -24.0367 19.4197 -9.8933
v -21.5173 18.8763 -10.2382
v -18.7725 19.1536 -9.8525
v -16.7143 20.1521 -10.2293
v -15.2097 20.4795 -11.1823
v -58.1928 22.2768 -10.5211
v -57.3758 21.5959 -9.8085
v -53.2628 21.1824 -10.6782
v -52.4485 21.1824 -10.6782
v -47.9136 20.9186 -9.1223
v -46.4965 21.0203 -9.9692
v -44.0533 21.0101 -10.0219
v -41.5173 21.1107 -9.2389
v -38.9881 21.7935 -9.7429
v -36.2739 21.9175 -10.0332
v -34.2452 21.2376 -10.2050
v -31.7387 20.9612 -10.1696
v -28.9819 20.7153 -10.0248
v -26.5432 21.3345 -9.9924
v -24.7772 21.8246 -10.7917
v -18.0373 21.8246 -10.8566
v -16.7217 21.4362 -10.2819
v -15.2097 20.9183 -11.1823
v -58.1928 23.5648 -10.5211
v -56.9183 24.3687 -9.8085
v -50.5681 25.3813 -10.9133
v -49.0173 25.4187 -10.9899
v -47.7623 25.5601 -11.2330
v -38.1183 23.2482 -8.8844
v -36.3186 24.2005 -8.8692
v -35.1978 25.1529 -8.8540
v -27.8756 25.2410 -10.6251
v -26.3280 24.6303 -10.1847
v -24.3416 24.7343 -10.3702
v -22.7400 25.5530 -11.1814
v -18.0728 23.2666 -11.0256
v -16.5672 23.7012 -10.1112
v -14.5531 24.9638 -9.9895
v -56.1137 26.8246 -9.9895
v -50.5681 25.9417 -10.9133
v -49.0173 25.8594 -10.9899
v -47.7623 25.5872 -11.2330
v -37.9147 27.3719 -10.7841
v -36.5082 26.5274 -9.8190
v -35.1978 25.6830 -8.8540
v -27.8497 26.8246 -10.7784
v -26.8675 26.3723 -9.9241
v -23.9327 25.6882 -9.9833
v -22.7400 25.6070 -11.1814
v -13.2056 26.5874 -9.7417
v -11.5173 27.1447 -10.0638
v -9.0173 27.4074 -10.3841
v -7.3475 27.6129 -10.8369
v -55.8494 28.7903 -9.9895
v -54.9163 30.0403 -9.9895
v -45.3432 30.2561 -9.9895
v -44.0900 30.3086 -9.8526
v -42.6790 30.5560 -8.9280
v -37.9725 29.3246 -10.5078
v -37.4200 29.3246 -10.5078
v -27.7689 28.0750 -11.2392
v -27.7658 28.0750 -11.2392
v -20.8549 30.4535 -8.8893
v -20.2063 30.4535 -8.8893
v -15.3576 30.5357 -11.0636
v -13.8945 29.3095 -9.9034
v -11.1891 29.0798 -9.7911
v -9.4763 29.2972 -9.9741
v -7.0275 29.3843 -9.9980
v -60.4658 32.8059 -8.9418
v -59.0173 32.8572 -8.9098
v -56.5463 32.9426 -9.9591
v -54.7034 31.9289 -10.1881
v -45.5548 31.6925 -9.9917
v -44.2164 31.5485 -10.7106
v -41.8447 31.6254 -9.8526
v -37.8936 30.6590 -10.7193
v -37.4410 30.6590 -10.7193
v -20.7637 31.7507 -9.8980
v -19.5269 31.9091 -10.0766
v -16.5072 31.8573 -11.1364
v -15.0057 30.7118 -11.0636
v -10.7514 30.9598 -11.0942
v -10.0884 30.9598 -11.0942
v -6.7949 31.8246 -9.9895
v -60.7599 34.3246 -9.2010
v -59.0173 34.3246 -9.6190
v -56.5737 34.0712 -10.0131
v -54.7955 33.7333 -9.4872
v -50.7628 35.4448 -8.8296
v -50.1752 35.4448 -8.8296
v -45.4993 34.2277 -10.0539
v -44.4804 34.5219 -10.2434
v -41.8116 34.2960 -9.8693
v -32.7784 35.4245 -11.2307
v -31.5508 35.4444 -10.0174
v -30.0190 35.4643 -8.8040
v -20.6725 33.7201 -10.9066
v -19.0173 33.8975 -10.9671
v -17.6569 33.5263 -11.2092
v -13.0014 35.4534 -10.9691
v -11.3290 35.1006 -10.0773
v -9.0173 34.8581 -9.9895
v -7.4048 34.1096 -9.9895
v -61.0659 36.9385 -9.9874
v -59.0483 36.9385 -10.6181
v -56.5614 37.0143 -10.8029
v -53.9987 37.7277 -10.0758
v -51.5646 36.7186 -9.0432
v -50.1385 36.8246 -8.9054
v -45.3533 35.8587 -10.9479
v -44.1567 35.8801 -9.9519
v -42.6238 35.9015 -8.9558
v -32.7784 35.5861 -11.2307
v -31.5508 35.6648 -10.0174
v -30.0190 35.7435 -8.8040
v -25.6154 37.6489 -10.9923
v -24.0173 37.6253 -10.6399
v -21.5173 37.5568 -10.7654
v -20.1200 37.5575 -11.1596
v -15.5406 37.7867 -10.8764
v -14.0358 36.7584 -10.9228
v -11.3290 36.2182 -10.0773
v -9.2411 37.1265 -9.8543
v -7.5971 37.2439 -8.9309
v -61.0983 39.2752 -10.0842
v -59.0483 39.2752 -10.7273
v -56.2966 39.5410 -9.8153
v -53.8397 39.0297 -9.7166
v -51.8251 39.4825 -9.8543
v -49.2195 39.3501 -9.4480
v -47.3934 40.2005 -9.1579
v -35.5761 40.3859 -11.0296
v -34.8246 40.3859 -11.0296
v -25.6154 38.3154 -10.9923
v -24.0173 38.3160 -10.6399
v -21.5173 38.1989 -10.7654
v -20.1200 38.1592 -11.1596
v -15.5406 38.3874 -10.8764
v -15.0702 38.3874 -10.8764
v -11.1127 39.5606 -9.9895
v -9.2411 38.4984 -9.8543
v -7.5971 38.4663 -8.9309
v -60.8938 41.8246 -9.5223
v -58.8527 41.9571 -10.6977
v -56.9156 41.9571 -10.0715
v -53.5219 40.8759 -8.9983
v -51.5110 40.9336 -10.0179
v -49.0173 41.3086 -10.7768
v -46.4743 42.0598 -10.1378
v -44.6528 42.9831 -11.1178
v -37.9643 42.8932 -9.0651
v -36.6348 41.9468 -10.0473
v -33.8600 41.9689 -11.0958
v -32.7111 42.9374 -11.1620
v -13.2846 42.2343 -9.9895
v -12.3627 40.9843 -9.9895
v -60.5541 44.3246 -9.1908
v -59.2905 44.3246 -10.4408
v -56.5633 44.3246 -9.9895
v -45.5552 43.4379 -9.4511
v -44.2161 44.2925 -10.1665
v -37.9643 43.3137 -9.0651
v -37.6935 43.3137 -9.0651
v -32.8954 43.2373 -11.1620
v -32.7111 43.2373 -11.1620
v -18.1157 45.3407 -9.9895
v -16.5173 45.1065 -9.9895
v -14.5346 44.0904 -9.9895
v -60.3268 45.6609 -8.8719
v -58.9005 46.1556 -9.8189
v -57.0396 46.2361 -9.9895
v -43.1371 46.7600 -10.1049
v -41.5173 47.5723 -9.3594
v -39.9442 47.9292 -8.9571
v -35.4867 47.9511 -11.0458
v -33.8261 47.9414 -10.1917
v -32.2911 47.9316 -9.3375
v -18.1157 45.8370 -9.9895
v -17.0863 47.0870 -9.9895
v -42.8544 48.1837 -11.0152
v -40.9956 49.2918 -9.8238
v -39.7639 49.4401 -9.7000
v -35.4867 48.2540 -11.0458
v -33.5040 48.8839 -10.5115
v -31.6965 49.3486 -9.8681
v -30.0508 50.1861 -9.9895
v -16.8478 49.3246 -9.9895
v -40.2998 50.6194 -8.7762
v -38.7679 51.5367 -9.7020
v -36.3428 52.4791 -9.8724
v -33.9549 51.9418 -10.4873
v -31.3398 50.9772 -10.1865
v -30.0508 50.9064 -9.9895
v -17.9405 52.7061 -11.1853
v -16.7750 51.8847 -10.0660
v -15.0635 52.7299 -8.9467
v -37.9523 53.4420 -8.9610
v -37.0599 53.4420 -8.9610
v -34.1446 54.3246 -9.9895
v -30.3901 55.4590 -8.8024
v -29.0173 54.9412 -9.1856
v -27.3420 54.8456 -9.2714
v -20.4231 55.4212 -9.0283
v -19.0743 54.7946 -10.0523
v -16.4339 54.3991 -9.5284
v -15.0635 53.6154 -8.9467
v -33.3858 56.2863 -9.9895
v -31.3410 56.5183 -9.7773
v -28.9832 56.9489 -10.2882
v -27.3693 56.8246 -9.3782
v -22.9468 57.8498 -11.0296
v -21.4867 56.9932 -10.0289
v -19.2055 56.0043 -9.8815
v -17.2117 55.8720 -9.0681
v -28.4513 59.1456 -9.9313
v -26.4781 59.3705 -10.1433
v -23.7681 59.5683 -10.2951
v -22.5502 58.5885 -9.3629
v -28.3524 61.3903 -9.9895
v -26.2777 61.9517 -10.0675
v -24.6972 61.8246 -9.4815
v -25.5946 63.1358 -8.9077
v -25.1851 63.1358 -8.9077
v 47.0751 -57.0255 -6.4366
v 48.4827 -57.3161 -6.9537
v 50.8266 -57.5087 -7.6926
v 52.7565 -57.3390 -7.4895
v 44.4684 -54.6694 -6.4600
v 46.1381 -55.5718 -6.6982
v 48.5198 -55.8332 -8.0191
v 49.8892 -56.7717 -8.6614
v 54.0065 -56.1417 -7.4895
v 55.2206 -54.8917 -7.4895
v 16.4743 -52.7297 -7.4895
v 18.4827 -53.4163 -7.4895
v 20.9827 -53.4686 -7.4895
v 23.4827 -52.9846 -7.4895
v 25.9827 -52.6805 -7.4895
v 27.9421 -52.4779 -7.4895
v 31.9271 -52.1358 -6.8285
v 32.7736 -52.1358 -6.8285
v 39.3894 -52.0056 -8.5958
v 41.2070 -52.3564 -7.6533
v 43.5741 -53.4513 -7.3718
v 45.9827 -53.6901 -7.9151
v 47.7112 -54.0401 -8.2532
v 55.4686 -53.1754 -7.4895
v 15.6404 -50.6754 -7.4895
v 29.1921 -51.2093 -7.4895
v 31.0493 -51.2661 -7.5929
v 33.6815 -50.8047 -7.5969
v 35.9231 -49.7187 -7.6791
v 38.5279 -50.5269 -7.7944
v 40.5232 -51.4445 -6.9291
v 52.0337 -49.4805 -8.6585
v 52.3115 -49.4805 -8.6585
v 56.0097 -50.6754 -7.4895
v 16.3616 -47.9653 -7.6784
v 17.3209 -46.9919 -8.6376
v 34.5894 -49.2851 -8.3652
v 35.9231 -49.0659 -7.6791
v 37.6664 -48.8467 -6.9930
v 46.9080 -47.3450 -6.8707
v 47.4277 -47.3450 -6.8707
v 52.0337 -49.1904 -8.6585
v 53.5053 -48.0612 -7.4552
v 56.0417 -48.1544 -6.9591
v 58.6067 -47.6871 -7.4482
v 59.9376 -47.0007 -6.5874
v 11.8997 -44.8492 -6.5238
v 13.4827 -44.7854 -6.4759
v 16.0287 -45.4591 -7.1815
v 17.3209 -45.6754 -8.6438
v 26.4159 -44.8759 -8.3623
v 27.6732 -44.8759 -8.3623
v 34.7322 -44.4262 -8.7390
v 35.9071 -44.6119 -7.5706
v 37.6137 -44.7976 -6.4022
v 46.9771 -45.6754 -6.7201
v 47.3827 -45.6754 -6.7201
v 51.9228 -45.0108 -6.5600
v 53.6401 -45.9628 -6.4059
v 54.7482 -46.9149 -6.2519
v 59.5227 -46.6710 -8.2540
v 61.0285 -45.6066 -7.5519
v 62.3513 -44.5422 -8.5163
v 11.7694 -43.1754 -6.6654
v 13.4827 -43.1754 -6.7851
v 15.9827 -43.1754 -7.2315
v 17.5284 -43.1754 -8.3618
v 26.6109 -43.1754 -8.4388
v 27.6037 -43.1754 -8.4388
v 34.1429 -43.1754 -8.3710
v 36.0699 -43.6602 -7.5272
v 37.6137 -44.3065 -6.4022
v 47.2167 -44.4187 -6.2491
v 48.3739 -43.2871 -7.4252
v 51.3856 -43.0500 -7.6139
v 53.2355 -42.7584 -7.1095
v 54.8127 -42.0303 -6.3376
v 62.1195 -44.2279 -6.8497
v 63.4891 -43.3637 -7.4144
v 65.2502 -42.4996 -7.9791
v 11.6017 -40.5308 -7.4097
v 13.4827 -41.0461 -7.7987
v 15.9998 -40.6166 -7.8562
v 18.6017 -40.2344 -7.5702
v 20.4358 -39.6463 -6.7788
v 27.2204 -41.8800 -8.7157
v 28.2368 -40.9430 -8.4900
v 30.9827 -40.2716 -8.3411
v 33.1150 -40.8005 -8.4661
v 35.5040 -41.6277 -8.2486
v 47.1198 -39.5188 -8.6915
v 48.3938 -40.6636 -8.6464
v 50.9827 -41.2678 -8.4042
v 53.6690 -40.8855 -7.2561
v 54.9227 -40.6754 -6.3750
v 59.7006 -39.4848 -8.6960
v 60.9827 -39.4825 -8.6625
v 63.6053 -40.1469 -7.6629
v 65.1320 -40.6754 -8.1498
v 9.5500 -36.9760 -6.2541
v 10.6459 -37.9557 -7.2483
v 16.8446 -39.0837 -8.4499
v 18.5834 -38.5647 -7.7424
v 21.0150 -38.1040 -7.7211
v 22.7014 -37.4432 -7.4895
v 29.2960 -38.1754 -8.3635
v 30.7430 -38.3904 -8.4051
v 32.2831 -39.3671 -8.6835
v 47.1198 -39.3713 -8.6915
v 47.2773 -39.3713 -8.6915
v 54.6460 -37.8720 -7.3249
v 55.5218 -37.5801 -7.0140
v 58.4898 -38.1862 -7.5441
v 61.1443 -38.3958 -8.6383
v 63.3607 -38.5132 -7.9605
v 65.0772 -38.1483 -7.7241
v 9.5500 -36.7711 -6.2541
v 10.3794 -35.8328 -7.2483
v 19.2215 -36.1165 -6.9968
v 20.0184 -35.4401 -7.6939
v 23.9431 -35.8857 -7.5924
v 25.2300 -35.1926 -6.8276
v 29.6964 -36.7647 -8.7133
v 30.7206 -35.8612 -7.7790
v 33.4827 -35.3478 -6.8534
v 35.1459 -35.1230 -6.4529
v 44.1006 -35.0401 -8.0915
v 44.8988 -35.0401 -8.0915
v 54.7015 -36.8949 -8.3278
v 55.8298 -36.8806 -7.3600
v 57.2791 -36.8663 -6.3923
v 62.0854 -36.6959 -8.6736
v 62.3896 -36.6959 -8.6736
v 65.7063 -35.6754 -7.4895
v 10.9515 -33.1754 -7.4895
v 17.1126 -32.1834 -8.6106
v 17.5609 -32.1834 -8.6106
v 20.5480 -33.1754 -7.4895
v 24.4584 -34.2007 -8.4943
v 26.0553 -33.3248 -7.6086
v 28.4827 -32.3945 -6.6297
v 30.9078 -32.9866 -6.9637
v 33.4827 -33.1754 -7.6686
v 35.2412 -33.1754 -6.7910
v 44.1006 -34.2537 -8.0915
v 44.8988 -34.2537 -8.0915
v 61.6293 -32.8940 -7.4895
v 63.4827 -33.4849 -7.4895
v 65.2867 -33.7663 -7.4895
v 11.8937 -30.7476 -7.6459
v 12.9921 -29.9623 -6.9168
v 17.0761 -30.6754 -8.4256
v 18.3985 -30.6817 -7.6969
v 20.3371 -31.3098 -7.4895
v 26.9602 -30.6754 -8.4628
v 28.4827 -30.6754 -7.5295
v 30.9827 -30.6754 -7.2718
v 33.4584 -30.7100 -7.1251
v 34.9974 -31.5663 -6.7615
v 44.7269 -29.4437 -6.2532
v 44.7376 -29.4437 -6.2532
v 54.6257 -29.4618 -6.2836
v 54.7675 -29.4618 -6.2836
v 59.4041 -29.6573 -8.2409
v 60.3225 -30.5646 -7.4403
v 12.1648 -29.2133 -8.5835
v 13.5968 -28.4434 -7.5858
v 16.3355 -28.3560 -7.5190
v 17.5013 -28.1933 -7.5657
v 27.2000 -28.1906 -7.4962
v 27.9816 -28.0372 -7.4818
v 30.9029 -27.9092 -7.4601
v 32.6089 -28.8290 -6.6287
v 44.7269 -29.4144 -6.2532
v 44.7376 -29.4144 -6.2532
v 49.1684 -27.0594 -8.3731
v 49.9700 -27.0594 -8.3731
v 54.4697 -28.2319 -7.3268
v 55.4619 -28.2028 -7.3473
v 58.7013 -27.9826 -8.2787
v 60.0876 -27.9737 -7.4403
v 14.2015 -26.5235 -8.2547
v 16.2093 -26.5975 -7.4487
v 17.3159 -26.8170 -7.4895
v 27.1786 -26.8766 -6.2719
v 27.3136 -26.8766 -6.2719
v 31.4880 -26.2512 -7.4895
v 32.6673 -25.0012 -7.4895
v 46.6298 -25.0992 -8.1614
v 48.3911 -25.8894 -8.2672
v 49.9700 -26.6796 -8.3731
v 54.3138 -26.6878 -8.3700
v 56.1356 -25.7828 -8.1839
v 58.6922 -25.9047 -8.2088
v 60.4777 -25.9047 -7.5427
v 31.9663 -22.4945 -6.9069
v 33.3558 -23.0767 -7.8114
v 34.7635 -21.9923 -8.7159
v 42.0230 -22.5710 -8.4616
v 42.3857 -22.5710 -8.4616
v 46.6298 -24.1532 -8.1614
v 47.6138 -24.1532 -8.1614
v 56.7875 -23.1754 -8.3346
v 58.4827 -23.1754 -7.7335
v 60.6986 -23.1754 -6.8884
v 31.9663 -21.4374 -6.9069
v 33.6062 -20.7713 -7.8114
v 35.8142 -20.6480 -8.6792
v 37.9761 -19.5241 -8.6425
v 42.0230 -21.7338 -8.4616
v 43.5867 -20.5286 -7.9061
v 46.0686 -19.7632 -7.5118
v 47.4212 -19.7228 -6.6933
v 52.2003 -19.4981 -6.3552
v 52.3379 -19.4981 -6.3552
v 56.8010 -21.5853 -8.3330
v 58.3645 -20.7644 -7.4662
v 60.2496 -21.6102 -6.5995
v 34.2929 -18.9870 -7.4895
v 36.0988 -18.2998 -7.5225
v 38.2952 -18.1754 -8.1640
v 44.2600 -18.3930 -7.6605
v 46.0080 -18.4379 -7.6505
v 47.4212 -19.1712 -6.6933
v 51.9955 -18.3165 -7.2412
v 52.6890 -18.3165 -7.2412
v 56.4303 -17.0863 -8.2963
v 57.6366 -18.0219 -7.4736
v 36.9993 -16.7913 -6.4025
v 38.6366 -16.4064 -7.3373
v 40.9827 -15.7755 -7.4895
v 43.3485 -15.6909 -7.7266
v 45.1379 -15.6754 -8.4701
v 51.2101 -15.8694 -7.3721
v 53.7171 -16.7270 -7.3721
v 55.7513 -16.7225 -7.4736
v 57.3088 -16.8245 -6.6296
v 44.2503 -13.2107 -7.5625
v 44.9938 -13.2107 -7.5625
v 49.6500 -12.3096 -7.4895
v 50.0359 -13.5596 -7.4895
v 44.4090 -11.5106 -8.2796
v 45.9163 -10.9655 -7.4636
v 48.4000 -11.0366 -7.4895
v -25.3570 15.5266 -6.3498
v -24.0173 15.3577 -6.7849
v -21.4432 15.3267 -7.6097
v -20.1130 15.4457 -7.4895
v -25.9222 16.8246 -6.7915
v -24.1178 16.6874 -8.0513
v -22.2271 15.7626 -8.5232
v -18.8173 17.0030 -7.7077
v -17.6433 17.9552 -7.0198
v -55.9944 19.9633 -7.4895
v -54.0173 19.6366 -7.4895
v -51.5173 19.5961 -7.4895
v -48.8551 19.9017 -7.5490
v -46.5173 20.1528 -7.1676
v -44.8717 20.2647 -6.9612
v -40.5253 20.3950 -6.7144
v -39.9676 20.3950 -6.7144
v -31.0529 20.1676 -7.9517
v -29.0541 19.9766 -7.4571
v -26.7900 19.1114 -7.7473
v -25.0182 18.4371 -8.5320
v -18.0564 18.1581 -8.6864
v -17.5248 19.1247 -7.7077
v -57.8457 22.8780 -6.6366
v -57.2885 21.9566 -7.4778
v -47.9136 20.9186 -8.4219
v -46.5173 20.8989 -8.4176
v -44.0300 21.1156 -7.6725
v -41.4221 21.2952 -7.5244
v -39.5000 21.8072 -7.5244
v -35.5847 22.8770 -8.5867
v -33.9618 22.3269 -7.6478
v -31.7387 20.9989 -7.2668
v -29.0541 20.6723 -7.4571
v -27.5291 20.6809 -8.6293
v -16.9030 21.8246 -7.4895
v -57.8457 23.1892 -6.6366
v -56.9719 24.1434 -7.4778
v -38.2830 23.3440 -7.4895
v -36.1807 24.1192 -7.9597
v -34.9023 24.3216 -7.6478
v -25.8285 25.2278 -7.4895
v -25.0169 25.2278 -7.4895
v -20.3266 25.4974 -6.4378
v -20.0165 25.4974 -6.4378
v -15.8631 23.9859 -7.4895
v -14.7221 25.2359 -7.4895
v -60.6007 27.7507 -6.4819
v -59.0173 27.8224 -6.4311
v -56.6263 27.0671 -7.2474
v -35.4296 26.6396 -7.3151
v -35.1094 26.6396 -7.3151
v -25.8285 25.9565 -7.4895
v -25.0169 25.9565 -7.4895
v -20.4364 26.8246 -6.5487
v -19.9743 26.8246 -6.5487
v -13.3407 26.6307 -7.7373
v -12.1638 27.3348 -7.0691
v -60.9507 29.3246 -6.8036
v -58.7860 29.1981 -6.6986
v -56.5803 29.1485 -7.3843
v -55.0187 30.0166 -8.5159
v -50.3671 30.4539 -6.3814
v -49.8371 30.4539 -6.3814
v -45.3347 30.2098 -8.5681
v -44.0173 30.2870 -8.6002
v -42.6790 30.5560 -8.7252
v -35.3907 28.2441 -6.3655
v -35.1032 28.2441 -6.3655
v -20.6442 29.4265 -7.4968
v -20.1668 29.4265 -7.4968
v -12.7834 28.0834 -8.7358
v -11.4053 28.4751 -7.7373
v -9.0951 29.7795 -7.4386
v -7.4763 30.2575 -8.2379
v -61.1139 31.9134 -7.5454
v -58.7860 31.4540 -7.5454
v -56.9060 31.8584 -7.5670
v -54.7270 31.8246 -8.2307
v -50.3671 31.0352 -6.3814
v -49.8371 31.0352 -6.3814
v -45.6013 31.8246 -8.5452
v -44.0173 31.8246 -8.3192
v -42.0835 31.8246 -8.5135
v -20.8549 30.7383 -8.5402
v -19.0123 31.8175 -7.4110
v -17.6971 32.8968 -6.2818
v -8.5909 31.8246 -7.0737
v -7.5274 31.8246 -8.3237
v -65.3362 35.4947 -6.2930
v -64.0173 35.1589 -6.4643
v -62.0422 34.2900 -7.3873
v -56.0752 33.7333 -8.2847
v -54.1193 34.2695 -7.6271
v -51.4184 35.1253 -7.6434
v -50.1752 35.4448 -8.3172
v -45.6453 33.3356 -8.6518
v -43.8531 34.4112 -7.7188
v -42.1080 34.5220 -7.5673
v -30.3417 35.4643 -8.6823
v -30.0190 35.4643 -8.6823
v -17.8183 33.6341 -6.2818
v -17.6971 33.6341 -6.2818
v -10.3701 35.4501 -8.6960
v -8.9106 34.6695 -7.8580
v -7.7384 33.8888 -8.6867
v -65.3362 35.7259 -6.2930
v -63.9175 36.6653 -6.5991
v -62.3121 36.8246 -7.8989
v -53.5579 36.7186 -7.6775
v -51.4184 35.7390 -7.6434
v -49.3481 36.6481 -7.4147
v -47.5469 37.6329 -6.5121
v -43.1460 35.9282 -7.4895
v -41.7473 36.6884 -7.1125
v -39.8143 37.7020 -6.6098
v -32.9514 37.7822 -6.4139
v -31.4891 36.7629 -7.5481
v -28.9035 36.8352 -7.4856
v -27.7540 37.9268 -6.2890
v -22.8045 38.0214 -6.5547
v -22.6925 38.0214 -6.5547
v -17.8793 37.4884 -6.3163
v -17.7026 37.4884 -6.3163
v -10.3701 35.7554 -8.6960
v -8.8081 35.7604 -7.7134
v -7.4016 36.9213 -7.4895
v -63.0177 38.4538 -6.5390
v -62.3170 39.3021 -7.4192
v -55.3162 40.5187 -8.7102
v -54.0801 39.3180 -8.0127
v -52.2774 39.6675 -7.4895
v -48.5210 38.5339 -8.1788
v -46.6368 39.3849 -7.4093
v -44.0173 40.1310 -6.6511
v -41.5045 39.4229 -6.8210
v -38.9955 39.4539 -6.8204
v -37.6560 40.3734 -6.3870
v -32.9514 38.2732 -6.4139
v -32.6364 38.2732 -6.4139
v -27.7880 38.1039 -6.2890
v -27.7540 38.1039 -6.2890
v -22.8045 38.2285 -6.5547
v -22.6925 38.2285 -6.5547
v -17.8793 38.1327 -6.3163
v -17.7026 38.1327 -6.3163
v -11.0921 39.8378 -7.4895
v -8.8290 39.7202 -7.3222
v -7.4470 39.3096 -7.3222
v -61.1499 41.9483 -7.3845
v -59.9693 42.8640 -6.4812
v -55.5161 41.8246 -8.4067
v -54.0898 41.8972 -7.6843
v -52.2774 41.3085 -7.4895
v -45.8278 41.8246 -8.1871
v -44.0173 41.8246 -7.3813
v -41.5173 41.8246 -7.3399
v -38.6071 42.1375 -7.4772
v -37.6747 41.8251 -7.4523
v -13.1403 42.5066 -8.2788
v -12.2988 41.7338 -7.4631
v -7.8701 40.6070 -6.3773
v -7.7210 40.6070 -6.3773
v -60.5541 44.3246 -8.2115
v -59.0885 44.3466 -6.9704
v -56.1665 44.6974 -7.2512
v -54.8070 44.3246 -6.5682
v -45.5552 43.4379 -8.4360
v -43.9165 44.2925 -8.0289
v -41.5415 44.4008 -6.9657
v -38.8871 43.4660 -7.5908
v -37.6935 43.3137 -8.5176
v -18.2318 45.2628 -8.2230
v -16.5173 45.2864 -8.3108
v -13.9911 44.5311 -8.2852
v -12.3836 44.3246 -6.9629
v -60.3268 45.6609 -8.6272
v -59.0173 46.1159 -8.2219
v -56.1750 45.8956 -7.2104
v -55.2631 45.5812 -6.2590
v -43.0159 45.8836 -8.2481
v -41.5415 46.4447 -7.4447
v -39.9340 47.6805 -7.4895
v -32.9713 47.9316 -8.6152
v -32.2911 47.9316 -8.6152
v -25.3452 47.9784 -6.5499
v -24.6356 47.9784 -6.5499
v -18.2318 45.9245 -8.2230
v -16.5038 46.7845 -8.1888
v -14.0173 46.8246 -7.9127
v -12.2294 46.8246 -6.9638
v -40.6362 49.9614 -7.4895
v -39.9340 48.7114 -7.4895
v -35.3620 50.0788 -6.3138
v -33.5690 49.3328 -7.3432
v -31.7788 49.6497 -7.8712
v -30.1729 50.2016 -8.6336
v -25.3452 48.1400 -6.5499
v -24.6356 48.1400 -6.5499
v -15.9804 49.3246 -8.2185
v -14.0173 49.3246 -7.5996
v -12.0739 49.3246 -6.8707
v -40.6058 51.6015 -7.3096
v -39.6190 52.2860 -8.0230
v -35.3776 51.8832 -7.5038
v -34.5172 51.7480 -7.3769
v -31.5227 50.7076 -7.4992
v -30.1729 50.7199 -8.6336
v -25.9406 52.8616 -6.5759
v -24.8593 52.8616 -6.5759
v -15.8240 51.0633 -8.3911
v -14.3087 51.8587 -7.5492
v -12.2622 50.9875 -6.7073
v -40.3396 53.1611 -6.3563
v -38.6973 54.1349 -7.1470
v -36.3428 54.2950 -8.0270
v -34.9077 54.3246 -8.4502
v -30.3901 55.4590 -8.6697
v -29.0173 54.9412 -8.4772
v -26.6413 54.1868 -7.5177
v -24.8593 53.5279 -6.5759
v -20.3936 55.3148 -7.4895
v -20.0949 55.3148 -7.4895
v -15.5706 54.8939 -7.4895
v -15.0794 53.6439 -7.4895
v -37.7757 55.5815 -6.2710
v -36.5173 55.8544 -6.6331
v -33.8672 56.7949 -7.3911
v -31.3410 56.8192 -7.9083
v -29.0173 56.8246 -7.9208
v -27.3693 56.8246 -8.4422
v -22.8088 58.0544 -6.2868
v -21.7381 57.0625 -7.2679
v -18.8449 56.1625 -7.4895
v -16.8206 56.1625 -7.4895
v -32.8627 58.1222 -6.3826
v -31.5173 58.2453 -6.5029
v -28.6892 59.2600 -7.3644
v -27.7032 59.3675 -7.4478
v -22.9717 59.3829 -7.2679
v -22.5502 58.5885 -7.9535
v -28.2516 61.2601 -7.9393
v -26.6696 62.0724 -7.4048
v -24.3975 61.9607 -7.6180
v -25.5946 63.1358 -8.5369
v -25.1851 63.1358 -8.5369
v 46.9988 -57.0671 -4.9895
v 48.5912 -57.2912 -4.7684
v 50.9827 -57.4758 -5.2604
v 52.6276 -57.2385 -5.7193
v 22.1043 -54.5185 -3.9427
v 22.5809 -54.5185 -3.9427
v 41.9788 -54.8366 -4.0098
v 43.5741 -54.9466 -4.9017
v 45.7488 -56.0185 -4.9895
v 49.4970 -56.8112 -3.7876
v 50.9342 -55.8569 -4.3533
v 53.4697 -55.6558 -5.6081
v 55.1417 -54.8094 -5.8788
v 16.2164 -52.7665 -4.9895
v 18.4827 -53.1637 -4.9895
v 21.1556 -53.5344 -4.8614
v 23.4416 -53.6115 -4.8614
v 25.9827 -53.2935 -4.9895
v 28.2186 -52.7999 -4.9895
v 31.4655 -52.6328 -4.9895
v 33.5572 -52.7264 -5.0781
v 35.0046 -52.3173 -4.3037
v 41.8788 -52.9483 -4.9017
v 42.8018 -53.6303 -5.6764
v 51.7353 -53.9559 -4.4014
v 53.5218 -53.1437 -4.7875
v 55.1314 -53.1754 -5.8030
v 14.6632 -50.0473 -3.9946
v 15.0504 -50.7986 -4.8926
v 29.4686 -51.0396 -4.9895
v 30.2155 -51.0396 -4.9895
v 34.4402 -51.4947 -5.9704
v 35.7851 -50.5918 -5.0000
v 38.4929 -49.9644 -4.9136
v 40.7308 -51.1516 -4.9895
v 54.3813 -51.1280 -4.3516
v 55.2361 -50.4470 -5.1068
v 14.5073 -48.1754 -4.0722
v 15.9095 -47.7474 -4.7687
v 17.4251 -47.1766 -4.0307
v 29.3692 -47.4575 -3.9430
v 30.1889 -47.4575 -3.9430
v 36.5657 -48.8467 -5.6963
v 37.6664 -48.8467 -5.6963
v 42.1838 -47.0182 -3.8730
v 42.2875 -47.0182 -3.8730
v 46.9080 -47.3450 -5.8897
v 47.4277 -47.3450 -5.8897
v 54.6990 -46.9321 -6.2326
v 55.9128 -47.7683 -5.3633
v 58.4232 -47.4092 -4.8418
v 60.1252 -47.0993 -4.9895
v 11.4389 -45.1293 -4.9895
v 13.5941 -46.0223 -4.8526
v 15.9966 -46.4789 -4.8127
v 17.4251 -46.8096 -4.0307
v 22.1422 -44.4768 -3.7962
v 22.6483 -44.4768 -3.7962
v 28.9096 -45.6754 -4.0495
v 30.3877 -45.6754 -4.0495
v 37.0809 -44.7976 -5.9595
v 37.6137 -44.7976 -5.9595
v 42.1838 -46.8541 -3.8730
v 42.2875 -46.8541 -3.8730
v 46.9771 -45.6754 -5.9727
v 47.3827 -45.6754 -5.9727
v 51.9228 -45.0108 -5.8688
v 53.6401 -45.9628 -6.0507
v 55.9479 -46.7954 -5.0712
v 57.5502 -46.6759 -3.9099
v 61.0897 -45.6754 -4.9895
v 10.7425 -43.1754 -4.9895
v 14.5757 -42.1555 -4.0850
v 15.1798 -42.1555 -4.0850
v 22.1422 -44.3428 -3.7962
v 22.6483 -44.3428 -3.7962
v 28.9987 -44.0797 -3.9494
v 30.1498 -44.0797 -3.9494
v 37.0809 -44.3065 -5.9595
v 37.6137 -44.3065 -5.9595
v 47.2167 -44.4187 -6.2336
v 47.2376 -44.4187 -6.2336
v 51.9228 -44.0561 -5.8688
v 53.7259 -42.9277 -5.3664
v 55.7807 -42.2312 -4.8118
v 58.4827 -42.4059 -4.0088
v 61.2090 -43.2462 -4.9354
v 62.9603 -42.5612 -5.8928
v 7.1885 -39.4883 -3.8186
v 8.4827 -39.9933 -4.2600
v 10.3056 -40.8420 -5.1084
v 14.5757 -41.8573 -4.0850
v 15.1798 -41.8573 -4.0850
v 19.4828 -39.6463 -5.8603
v 20.4358 -39.6463 -5.8603
v 54.5288 -40.7219 -5.0378
v 55.6927 -40.8531 -4.8816
v 58.4827 -41.6763 -4.0088
v 60.9827 -41.4059 -4.2834
v 63.1429 -40.6259 -5.0315
v 7.0476 -38.1754 -4.3454
v 8.6231 -37.9557 -5.5931
v 10.9815 -37.9069 -4.9979
v 12.5131 -37.1711 -3.9748
v 19.1619 -38.1754 -5.4201
v 21.1545 -38.1726 -5.5505
v 23.7016 -37.1396 -5.0278
v 24.7626 -36.9417 -3.8719
v 49.0559 -37.6406 -4.2953
v 50.5395 -37.6406 -4.2953
v 54.5906 -38.7914 -5.9033
v 55.8485 -37.8939 -6.0342
v 57.2791 -36.9963 -6.1651
v 64.0693 -38.1483 -4.9411
v 64.9948 -37.2969 -5.7421
v 7.0301 -36.5673 -4.4683
v 8.6231 -36.2821 -5.1768
v 10.8938 -35.7715 -4.5547
v 12.5131 -36.6135 -3.9748
v 19.2215 -36.1165 -5.5263
v 20.7597 -35.4102 -5.0217
v 23.7016 -36.6149 -5.0278
v 25.8296 -35.7845 -4.7437
v 27.5611 -34.7099 -3.9489
v 31.4053 -35.0683 -4.9895
v 33.5105 -35.3583 -5.0546
v 35.1459 -35.1230 -5.9312
v 49.0998 -35.6754 -4.4655
v 50.4405 -35.6754 -4.4655
v 54.6640 -34.4699 -3.9650
v 55.7887 -35.6681 -5.0650
v 57.2791 -36.8663 -6.1651
v 61.5200 -34.7533 -4.4274
v 63.5956 -35.6221 -4.5261
v 65.3430 -35.6754 -5.4569
v 10.7017 -33.1754 -4.9895
v 19.1465 -32.3765 -3.9828
v 20.3161 -33.1960 -4.8855
v 26.8967 -34.1155 -5.6155
v 28.4297 -33.6980 -4.8651
v 30.1553 -33.7486 -4.9895
v 34.3624 -33.9499 -4.2646
v 35.3874 -33.1401 -5.0546
v 49.5655 -34.2459 -4.1518
v 49.8696 -34.2459 -4.1518
v 54.6640 -34.2179 -3.9650
v 54.7863 -34.2179 -3.9650
v 59.6551 -32.3488 -3.8183
v 60.8812 -33.3180 -4.9562
v 63.4827 -33.8331 -5.7208
v 65.2843 -33.7738 -5.6934
v 11.6304 -31.1692 -4.9895
v 13.0754 -29.9192 -4.9895
v 19.1913 -30.3856 -4.7200
v 20.0451 -30.3856 -4.7200
v 34.2609 -30.1085 -4.9895
v 35.2411 -31.3585 -4.9895
v 42.1498 -29.4416 -3.7660
v 43.5047 -29.4427 -4.9972
v 44.7376 -29.4437 -6.2285
v 49.4673 -29.6090 -4.1891
v 50.0292 -29.6090 -4.1891
v 54.6257 -29.4618 -6.1516
v 54.7675 -29.4618 -6.1516
v 59.3150 -30.6754 -4.1801
v 60.2055 -30.6754 -5.4301
v 14.3254 -29.1818 -4.9895
v 15.5836 -27.9318 -4.9895
v 18.7594 -28.1754 -5.4001
v 20.1726 -28.1754 -4.1501
v 24.4042 -27.1354 -4.0031
v 26.2002 -27.4827 -4.8977
v 28.2812 -27.6343 -5.0364
v 31.2450 -27.2752 -4.9612
v 33.5848 -28.0563 -4.8116
v 35.0190 -27.2836 -3.9351
v 42.1498 -29.3979 -3.7660
v 43.5047 -29.4062 -4.9972
v 44.7376 -29.4144 -6.2285
v 49.4673 -29.2578 -4.1891
v 50.0292 -29.2578 -4.1891
v 54.6257 -29.3283 -6.1516
v 54.7675 -29.3283 -6.1516
v 59.2533 -29.1474 -4.2482
v 60.8541 -28.0816 -4.8996
v 62.2971 -27.0159 -3.8844
v 16.8336 -26.4832 -4.9895
v 18.2520 -26.2499 -5.0373
v 20.2794 -26.3892 -4.2359
v 24.4042 -26.3567 -4.0031
v 26.3407 -25.7833 -4.7112
v 28.1181 -25.8153 -4.8268
v 31.4345 -26.0530 -4.7271
v 33.0258 -25.7098 -4.8809
v 35.0190 -26.2013 -3.9351
v 49.5554 -24.6326 -4.3361
v 49.9292 -24.6326 -4.3361
v 61.9025 -25.6754 -5.6361
v 62.4314 -25.6754 -4.3861
v 27.1695 -24.4195 -3.7525
v 27.2560 -24.4195 -3.7525
v 31.8900 -23.2633 -5.0251
v 32.6194 -23.2633 -5.0251
v 44.7003 -22.1365 -3.7750
v 44.7891 -22.1365 -3.7750
v 49.5554 -24.3284 -4.3361
v 49.9292 -24.3284 -4.3361
v 59.6220 -21.9710 -3.8087
v 61.2100 -22.8889 -4.9661
v 62.4332 -23.8068 -4.4568
v 31.9663 -21.4374 -5.7913
v 33.2055 -20.6326 -4.9706
v 41.9322 -19.4868 -3.8218
v 43.8870 -20.2881 -4.5834
v 45.4711 -20.6357 -5.0583
v 48.5444 -19.5863 -4.9161
v 51.0912 -19.4740 -4.9415
v 52.3379 -19.4981 -6.0848
v 58.8652 -20.7363 -4.7810
v 60.2496 -21.6102 -5.4753
v 34.2566 -19.0000 -4.9895
v 35.3997 -17.7500 -4.9895
v 41.9322 -19.3454 -3.8218
v 43.8592 -18.5869 -4.5967
v 45.5199 -18.2726 -5.0755
v 48.5444 -19.2805 -4.9161
v 51.0912 -19.3063 -4.9415
v 52.3379 -19.2228 -6.0848
v 57.8189 -18.1754 -4.9895
v 36.6497 -16.3282 -4.9895
v 38.4827 -15.4806 -4.9895
v 41.1071 -14.8561 -4.8821
v 43.5209 -15.3646 -4.7295
v 44.9028 -16.1225 -3.8151
v 51.5077 -15.1653 -5.6485
v 53.3291 -15.5939 -4.8849
v 55.9827 -16.2386 -4.9895
v 57.5702 -16.5830 -4.9895
v 42.0234 -14.3778 -3.9772
v 43.3481 -14.0940 -4.8821
v 45.9163 -12.8394 -4.8812
v 48.6436 -12.3410 -5.0098
v 50.7977 -13.2072 -5.4433
v 52.4958 -13.1754 -4.1410
v 46.7053 -11.4815 -5.6424
v 48.6436 -11.6040 -5.0098
v 50.9827 -11.6282 -4.4376
v 52.4228 -11.7280 -4.0326
v -25.3570 15.5266 -5.4697
v -24.0173 15.3577 -5.3611
v -21.5173 15.3058 -5.7079
v -20.1273 15.4574 -5.9320
v -30.5862 17.8050 -4.0013
v -29.0173 17.6997 -4.4531
v -26.5372 16.7145 -4.9495
v -24.0173 16.0503 -4.1111
v -21.6224 16.9492 -4.6982
v -19.1833 17.0030 -5.8344
v -17.6433 17.9552 -6.0652
v -55.9994 20.0788 -4.9895
v -54.0672 20.0009 -4.8077
v -51.7129 19.7336 -4.8077
v -49.0173 19.2315 -4.9895
v -46.5173 19.6865 -4.9895
v -44.4511 20.1997 -4.9895
v -41.0575 19.9704 -4.9895
v -39.4403 19.9704 -4.9895
v -30.8213 19.3246 -4.5280
v -29.2417 19.1012 -5.7841
v -27.7175 18.1190 -6.0959
v -20.8592 18.7547 -4.3795
v -19.2031 19.4826 -4.8641
v -17.5223 19.3246 -5.9153
v -58.0524 22.3749 -4.9895
v -57.2494 21.1249 -4.9895
v -53.2671 20.6617 -3.8532
v -52.6766 20.6617 -3.8532
v -43.2011 21.0143 -4.9895
v -42.3075 21.0143 -4.9895
v -38.3076 21.6391 -4.9431
v -37.0350 22.3488 -4.0788
v -33.5392 22.7563 -4.9895
v -31.5192 21.3734 -5.2132
v -30.2245 20.6637 -6.1957
v -18.4936 21.2771 -4.3149
v -17.2581 21.9961 -5.0848
v -58.1107 24.1434 -4.8001
v -56.3525 25.2086 -4.6286
v -55.2533 25.5613 -3.7500
v -45.5593 25.4872 -4.0398
v -44.0173 25.4397 -3.9975
v -42.7056 25.4820 -3.7833
v -38.1039 23.2602 -5.7455
v -36.3707 24.1859 -4.9431
v -34.7559 24.3246 -4.9895
v -30.2902 25.5414 -3.7934
v -30.2443 25.5414 -3.7934
v -25.5277 25.1782 -5.7749
v -25.1154 25.1782 -5.7749
v -20.3266 25.4974 -6.1811
v -20.0165 25.4974 -6.1811
v -16.0702 24.3880 -5.0292
v -14.7145 25.2636 -5.8890
v -61.0975 27.4703 -4.9895
v -58.8827 26.5837 -4.8001
v -56.3525 25.9902 -4.6286
v -55.2533 25.5849 -3.7500
v -45.5593 25.7846 -4.0398
v -44.0173 25.8338 -3.9975
v -42.7056 25.7102 -3.7833
v -35.3841 26.6067 -5.0898
v -35.1422 26.6067 -5.0898
v -30.2902 25.6220 -3.7934
v -30.2443 25.6220 -3.7934
v -25.5277 25.8890 -5.7749
v -25.1154 25.8890 -5.7749
v -20.4364 26.8246 -6.0214
v -19.9743 26.8246 -6.0214
v -15.5371 26.8246 -4.1362
v -14.1205 26.4915 -4.8373
v -11.9177 26.9500 -4.9895
v -62.9583 29.8266 -4.1140
v -62.2781 29.1258 -4.9642
v -58.0062 29.9116 -4.9895
v -57.4904 29.9116 -4.9895
v -50.3671 30.4539 -6.0818
v -48.8972 30.3004 -5.1500
v -47.4295 30.1469 -4.2182
v -35.3907 28.2441 -5.9899
v -35.1032 28.2441 -5.9899
v -20.4336 28.3995 -6.0071
v -20.1274 28.3995 -6.0071
v -15.6213 29.3246 -3.9606
v -14.2228 29.3779 -4.1015
v -11.3676 29.4608 -5.0882
v -9.9802 30.3416 -6.1283
v -65.3817 32.9456 -3.8818
v -63.8819 31.9972 -4.3305
v -62.4267 31.8246 -5.6216
v -58.0062 30.7870 -4.9895
v -57.4904 30.7870 -4.9895
v -50.3671 31.0352 -6.0818
v -48.8972 30.9922 -5.1500
v -47.4295 30.9492 -4.2182
v -17.8183 32.8968 -5.8511
v -16.6971 31.8326 -4.9197
v -14.0173 31.0070 -4.1575
v -11.5173 31.3558 -4.5125
v -9.7974 31.9699 -5.1728
v -65.6119 34.5266 -4.8249
v -64.0173 33.9089 -5.4474
v -62.5687 33.4336 -5.8744
v -55.7529 35.4734 -4.1978
v -54.2754 35.1396 -5.0297
v -52.0740 34.8058 -5.8615
v -42.8417 35.5035 -4.9895
v -42.6651 35.5035 -4.9895
v -25.5013 35.5098 -4.1911
v -24.0173 34.9520 -4.3733
v -22.1486 34.8093 -4.1330
v -17.8183 33.6341 -5.8511
v -17.6971 33.6341 -5.8511
v -9.0331 34.3246 -4.9895
v -65.6123 36.2493 -4.9895
v -63.9175 37.4075 -5.0411
v -62.3438 37.7298 -4.2422
v -55.7529 35.6883 -4.1978
v -54.2637 36.3376 -5.0047
v -51.2641 36.8403 -4.9864
v -49.0173 37.0578 -4.9895
v -47.4136 37.6591 -4.9895
v -42.8417 35.6938 -4.9895
v -41.7172 36.7048 -4.9895
v -39.8549 37.7157 -4.9895
v -32.9514 37.7822 -5.9575
v -32.6364 37.7822 -5.9575
v -27.7880 37.9268 -6.0541
v -26.6277 36.8502 -5.1226
v -23.8429 36.8975 -4.9954
v -22.0964 37.0427 -4.9756
v -17.8793 37.4884 -5.9165
v -17.7026 37.4884 -5.9165
v -10.6752 37.8683 -3.9270
v -8.8592 36.7846 -4.8624
v -7.4499 37.3675 -5.7977
v -63.0177 38.4538 -5.9088
v -62.3167 39.3021 -5.0411
v -53.2754 39.1546 -4.9314
v -52.2353 39.1546 -4.9314
v -46.1636 38.5046 -4.9895
v -44.0173 39.0728 -4.9895
v -42.0193 38.6427 -4.9895
v -38.6049 38.9736 -4.9895
v -37.2719 40.2236 -4.9895
v -32.9514 38.2732 -5.9575
v -32.6364 38.2732 -5.9575
v -27.7880 38.1039 -6.0541
v -27.7540 38.1039 -6.0541
v -23.1307 38.4067 -4.9895
v -22.3927 38.4067 -4.9895
v -17.8793 38.1327 -5.9165
v -17.7026 38.1327 -5.9165
v -13.0904 40.0173 -4.1660
v -11.5337 39.2893 -4.8798
v -8.8290 39.3666 -5.5612
v -7.4945 39.3246 -5.8760
v -61.1869 41.9483 -4.9274
v -59.9693 42.8640 -5.7193
v -53.3708 41.9810 -4.9467
v -52.3499 41.2519 -5.7514
v -38.3216 42.1909 -4.9895
v -37.2719 40.9409 -4.9895
v -18.0267 42.9628 -3.9739
v -17.2318 42.9628 -3.9739
v -13.5622 41.8246 -4.3899
v -12.3255 41.8246 -5.6399
v -7.8701 40.6070 -6.1967
v -7.7210 40.6070 -6.1967
v -60.4608 43.1740 -4.0526
v -59.0885 43.8114 -4.9274
v -57.0820 45.1711 -4.9895
v -53.5437 44.2103 -4.9641
v -52.3317 44.9675 -4.1138
v -48.0561 45.3619 -4.1049
v -46.5173 45.0644 -4.5752
v -44.0173 45.1161 -4.5970
v -41.6231 45.3578 -5.0364
v -38.9702 44.5716 -4.8574
v -37.6747 45.5249 -3.7759
v -18.0267 43.2715 -3.9739
v -17.2318 43.2715 -3.9739
v -13.5040 43.4661 -4.1802
v -12.1964 44.3095 -5.0040
v -55.8320 46.1792 -4.9895
v -54.2648 46.4468 -4.9641
v -52.3317 46.2220 -4.1138
v -48.1478 46.8246 -4.2132
v -46.5173 46.8246 -4.9135
v -44.1093 46.7397 -4.5364
v -41.3529 46.4796 -4.8186
v -39.5011 46.6585 -4.9735
v -37.6747 45.6638 -3.7759
v -25.3452 47.9784 -6.1056
v -23.9190 47.8637 -5.3171
v -22.3048 47.7490 -4.5287
v -11.0730 47.0354 -4.7695
v -10.2509 48.0093 -3.7895
v -47.9859 48.2798 -4.0058
v -46.5173 48.2911 -4.0778
v -45.0039 48.1580 -3.9244
v -40.7696 49.2335 -5.0200
v -39.9979 49.2335 -5.0200
v -35.3620 50.0788 -6.0881
v -34.0173 50.1401 -6.0816
v -32.6572 50.4911 -6.1803
v -27.8626 50.1348 -3.8902
v -26.5164 49.1374 -4.9979
v -23.9190 48.2132 -5.3171
v -22.3048 48.2864 -4.5287
v -10.8621 49.1519 -4.7695
v -10.2509 48.2034 -3.7895
v -40.6660 51.8246 -5.5125
v -39.7879 51.8246 -4.2625
v -35.3620 50.7146 -6.0881
v -34.0173 50.7702 -6.0816
v -32.6572 50.6953 -6.1803
v -27.8626 50.6458 -3.8902
v -26.8141 51.7537 -4.7961
v -24.8593 52.8616 -5.7020
v -15.4206 52.7846 -4.4447
v -14.2392 52.2914 -5.1626
v -11.9504 51.0632 -4.9895
v -40.3396 53.1611 -5.8526
v -38.9107 54.1949 -5.1973
v -37.6029 55.2287 -4.5419
v -25.9406 53.5279 -5.7020
v -24.8593 53.5279 -5.7020
v -20.2798 55.3816 -6.1334
v -20.2489 55.3816 -6.1334
v -15.4073 54.1691 -5.2474
v -15.1091 54.1691 -5.2474
v -37.7757 55.5815 -6.2086
v -36.4933 56.5945 -5.0285
v -34.5294 57.6075 -5.5150
v -22.8088 58.0544 -6.2161
v -21.2143 56.9229 -5.3414
v -19.2563 56.3192 -5.1758
v -16.3433 56.3859 -5.1259
v -14.9977 55.9025 -4.3834
v -35.3836 58.1265 -3.8484
v -33.8246 58.1870 -4.8048
v -31.5173 58.4760 -4.9895
v -29.0173 59.2384 -4.9895
v -26.7537 60.0847 -4.8286
v -23.8335 59.7309 -5.1395
v -21.3962 59.3735 -4.7210
v -20.1653 60.2394 -3.9237
v -26.0779 61.2181 -5.5546
v -23.9905 61.1357 -4.9680
v -21.5173 61.0459 -4.3589
v -20.1653 60.7243 -3.9237
v 46.8126 -59.6798 -1.4863
v 47.6072 -59.6798 -1.4863
v 54.5582 -59.4995 -1.3812
v 55.9827 -59.7360 -1.7166
v 57.5894 -59.7654 -1.7340
v 41.6972 -57.2386 -1.7904
v 42.7582 -57.2386 -1.7904
v 46.6954 -57.9787 -2.3876
v 48.5521 -57.8487 -2.4351
v 50.9827 -57.4223 -2.0695
v 53.6280 -58.2683 -2.1486
v 55.9827 -58.1754 -2.6014
v 57.6962 -58.1754 -1.9368
v 22.1043 -54.5185 -3.1723
v 22.5809 -54.5185 -3.1723
v 32.1636 -54.4574 -1.5740
v 32.3006 -54.4574 -1.5740
v 41.3975 -55.6721 -2.5701
v 43.5480 -55.9912 -2.5701
v 45.6262 -56.0743 -2.4895
v 49.4970 -56.8112 -3.3839
v 50.9342 -55.8569 -3.2341
v 53.4827 -55.6754 -2.8066
v 55.9827 -55.6754 -2.3319
v 57.5448 -55.6754 -1.6498
v 12.0918 -52.1631 -1.3823
v 13.4827 -52.3204 -1.9121
v 15.7622 -52.4210 -2.6919
v 18.4827 -52.5354 -2.4895
v 21.1556 -53.4092 -2.3992
v 23.4416 -53.8955 -2.3992
v 25.9827 -53.4024 -2.4895
v 28.6656 -52.5854 -2.5843
v 31.0061 -53.2339 -2.5274
v 33.2734 -53.6880 -2.4402
v 35.2673 -52.3290 -2.4895
v 40.8946 -53.1754 -2.4895
v 51.9656 -52.9505 -2.3723
v 53.1535 -53.0860 -2.2812
v 55.9827 -54.1486 -1.4471
v 57.3875 -54.2317 -1.3513
v 12.0918 -51.6568 -1.3823
v 13.7026 -50.8521 -2.5212
v 14.7818 -51.7140 -3.6601
v 26.7864 -49.6134 -1.3182
v 28.4966 -50.5402 -2.3995
v 29.8487 -51.4670 -3.4808
v 36.5173 -51.3972 -2.4895
v 38.5635 -50.1724 -2.4558
v 40.3399 -50.5949 -2.4558
v 44.6360 -49.6043 -1.3091
v 44.8745 -49.6043 -1.3091
v 52.1960 -51.8845 -1.2873
v 53.4745 -50.6730 -2.5058
v 55.9079 -49.5270 -2.5717
v 58.4827 -49.5929 -1.4449
v 59.8045 -49.4816 -1.3336
v 6.8697 -47.1033 -1.4175
v 7.4651 -47.1033 -1.4175
v 13.7481 -48.1754 -2.4895
v 16.7671 -47.1766 -3.4897
v 17.4251 -47.1766 -3.4897
v 26.7864 -49.3437 -1.3182
v 28.3708 -48.4006 -2.3640
v 30.1889 -47.4575 -3.4097
v 39.4507 -49.0766 -1.6000
v 41.0948 -48.0474 -2.6400
v 43.4617 -48.0345 -2.4946
v 45.7093 -48.2150 -1.5239
v 48.4827 -47.7767 -1.8046
v 50.9827 -47.6696 -1.5820
v 53.4337 -48.1120 -1.8723
v 55.9122 -48.1754 -2.5213
v 58.4232 -48.0194 -2.8356
v 60.3564 -48.0194 -2.2960
v 6.3779 -45.6754 -1.4950
v 7.7795 -45.6754 -1.4950
v 11.4040 -45.0855 -2.4895
v 12.7933 -46.3355 -2.4895
v 16.7671 -46.8096 -3.4897
v 18.2301 -45.6856 -2.4344
v 21.0170 -44.5193 -2.5073
v 22.6483 -44.4768 -3.6355
v 28.9096 -45.6754 -3.1897
v 30.3877 -45.6754 -3.1897
v 42.1838 -46.8541 -3.6801
v 43.4859 -45.7388 -2.5111
v 45.6638 -45.5670 -1.5404
v 48.4827 -46.3296 -1.8046
v 50.9827 -46.3247 -1.5820
v 53.6061 -45.6725 -1.4279
v 55.8556 -46.1042 -2.3099
v 57.5502 -46.6759 -3.6258
v 61.0904 -45.6754 -2.4895
v 6.4559 -43.8729 -1.4022
v 8.4144 -43.1923 -1.6433
v 10.1834 -43.2772 -2.6264
v 14.5757 -42.1555 -3.0858
v 15.8537 -42.4089 -2.4278
v 18.2051 -43.4932 -1.5745
v 21.0170 -44.3334 -2.5073
v 22.6483 -44.3428 -3.6355
v 28.9987 -44.0797 -3.3363
v 30.9018 -43.1299 -2.6838
v 32.8512 -42.1802 -2.0313
v 36.6631 -42.1331 -1.8225
v 37.5717 -42.1331 -1.8225
v 44.6842 -44.3367 -1.3421
v 44.7836 -44.3367 -1.3421
v 54.5857 -43.1982 -2.4894
v 55.5149 -43.1456 -2.5669
v 58.5285 -42.4875 -2.5980
v 60.3646 -43.6519 -2.4895
v 7.1885 -39.4883 -3.5725
v 8.2733 -40.6373 -2.7284
v 9.9221 -41.7863 -3.5510
v 14.5757 -41.8573 -3.0858
v 15.8537 -41.7070 -2.4278
v 18.3412 -40.5798 -1.6425
v 20.0764 -39.6028 -1.5152
v 29.5508 -40.0590 -1.6032
v 30.9769 -40.7403 -1.8172
v 32.8512 -41.4216 -2.0313
v 36.6631 -41.6808 -1.8225
v 37.5717 -41.6808 -1.8225
v 49.6845 -40.0213 -1.5368
v 50.1238 -40.0213 -1.5368
v 54.6496 -41.5863 -3.6620
v 56.3752 -40.7654 -2.6038
v 58.1119 -40.8744 -2.1499
v 61.0677 -40.3648 -2.4225
v 62.7073 -39.7595 -3.2111
v 7.0843 -37.9269 -2.6393
v 7.4473 -38.5946 -1.9058
v 12.0136 -37.1711 -3.4716
v 12.5131 -37.1711 -3.4716
v 19.3897 -38.1754 -1.4687
v 19.9945 -38.1754 -1.4687
v 24.7230 -36.9417 -3.7301
v 24.7626 -36.9417 -3.7301
v 29.5508 -38.7845 -1.6032
v 30.3000 -38.7845 -1.6032
v 49.2564 -38.3545 -2.4179
v 50.5302 -38.3545 -2.4179
v 56.6844 -38.1754 -1.6950
v 57.5869 -38.1754 -1.6950
v 61.9578 -39.1340 -1.5444
v 63.0890 -38.2506 -2.4225
v 7.0803 -36.6556 -2.4895
v 8.4827 -35.9866 -2.4895
v 11.0814 -35.6952 -2.9104
v 12.5131 -36.6135 -3.4716
v 19.7005 -36.8519 -1.2695
v 20.7516 -35.7779 -2.2646
v 23.7269 -35.5925 -3.3139
v 25.7506 -35.5961 -3.5163
v 27.5611 -34.7099 -3.5970
v 31.6709 -34.7503 -3.1972
v 32.6958 -34.7503 -3.1972
v 36.7062 -34.7291 -1.5291
v 37.5693 -34.7291 -1.5291
v 48.8462 -35.6754 -2.4895
v 50.7336 -35.6754 -2.4895
v 54.4204 -34.7288 -2.4895
v 55.9535 -35.3652 -2.1440
v 57.5199 -36.2137 -1.6833
v 61.5200 -34.7533 -3.2913
v 62.9655 -35.6221 -2.4706
v 10.7887 -33.1754 -2.4895
v 19.1465 -32.3765 -3.0201
v 20.8561 -33.1361 -2.3066
v 23.4827 -33.5547 -1.9645
v 25.9827 -33.3415 -2.2175
v 28.2724 -33.0995 -2.4792
v 30.7601 -33.4174 -2.2793
v 33.5105 -33.8890 -2.4141
v 35.9458 -33.2465 -2.0779
v 37.5693 -34.0571 -1.5291
v 49.4053 -33.9952 -2.4895
v 50.0300 -33.9952 -2.4895
v 54.4204 -33.9894 -2.4895
v 55.2919 -33.9894 -2.4895
v 59.6551 -32.3488 -3.6776
v 60.9142 -33.1918 -2.6511
v 62.5015 -34.0348 -1.6247
v 11.2485 -30.4983 -2.6200
v 13.6052 -29.8285 -2.5115
v 15.2561 -30.1101 -1.4827
v 19.1465 -31.1346 -3.0201
v 20.6931 -30.5791 -2.3468
v 22.7541 -30.0237 -1.6734
v 26.9129 -30.1878 -1.5768
v 28.2833 -30.8828 -1.8077
v 30.1328 -30.6754 -1.6968
v 34.5607 -29.8620 -3.3934
v 35.5385 -30.6874 -2.5319
v 42.1498 -29.4416 -3.6716
v 42.2826 -29.4416 -3.6716
v 49.4815 -29.6771 -2.4895
v 50.9106 -29.9630 -2.5181
v 52.7749 -29.9857 -1.7039
v 59.0620 -30.5680 -2.7024
v 60.3084 -31.3297 -2.0109
v 11.7170 -29.1147 -1.8736
v 13.6052 -29.1503 -2.5115
v 15.9979 -28.3959 -2.2911
v 17.5814 -27.6058 -1.4328
v 21.5330 -27.9649 -2.4999
v 23.4232 -27.9571 -2.1398
v 26.0408 -28.7352 -2.4419
v 28.4827 -29.0285 -3.1083
v 31.1454 -28.1887 -2.6888
v 33.9447 -28.1536 -2.7244
v 35.1188 -28.1597 -2.5998
v 42.1498 -29.3979 -3.6716
v 42.2826 -29.3979 -3.6716
v 49.4815 -29.2559 -2.4895
v 51.0083 -28.4791 -2.5385
v 53.5580 -28.0121 -1.8348
v 54.7597 -27.0698 -1.3003
v 58.9525 -28.9771 -2.4895
v 61.0553 -27.6210 -2.6223
v 62.2971 -27.0159 -3.5442
v 16.7396 -26.3585 -3.0995
v 18.4419 -26.0652 -2.3555
v 20.7032 -26.2753 -2.4895
v 23.8333 -25.5842 -2.6595
v 25.5029 -24.6901 -3.6062
v 28.9226 -24.7540 -3.4402
v 31.1441 -25.7740 -3.5452
v 33.4827 -26.2838 -3.4726
v 35.0190 -26.2013 -3.4729
v 49.5554 -24.6326 -3.5203
v 50.9583 -25.6535 -2.6134
v 53.4827 -26.7187 -1.6353
v 54.7597 -26.9010 -1.3003
v 59.6472 -24.5388 -1.3350
v 61.0553 -25.4935 -1.8765
v 62.4314 -25.6754 -3.2141
v 24.3105 -23.7708 -1.9395
v 26.1948 -23.9207 -2.6595
v 28.2466 -24.0838 -2.5599
v 30.9813 -23.7447 -2.5599
v 33.5863 -22.8269 -2.5110
v 34.8964 -22.5129 -1.6920
v 44.7003 -22.1365 -3.6480
v 44.7891 -22.1365 -3.6480
v 49.5554 -24.3284 -3.5203
v 49.9292 -24.3284 -3.5203
v 59.6346 -23.1153 -2.4956
v 60.6080 -23.0373 -2.4568
v 62.4332 -23.8068 -3.2343
v 34.4670 -20.5807 -2.5110
v 34.8964 -21.3508 -1.6920
v 41.9322 -19.4868 -3.2292
v 43.5074 -20.6842 -3.4386
v 44.7891 -21.8816 -3.6480
v 49.6675 -19.4499 -3.4256
v 49.9820 -19.4499 -3.4256
v 59.2183 -20.4598 -2.6896
v 60.1085 -21.1494 -1.9896
v 34.5835 -19.2215 -2.4895
v 35.9063 -17.7868 -2.2648
v 37.3650 -16.9663 -1.2817
v 41.9322 -19.3454 -3.2292
v 43.4657 -18.1947 -3.3074
v 44.9028 -17.0439 -3.3855
v 49.6675 -19.3898 -3.4256
v 49.9820 -19.3898 -3.4256
v 58.7416 -18.1754 -2.4895
v 36.6887 -16.2632 -2.9484
v 38.3121 -15.9938 -2.2648
v 41.1071 -14.8934 -2.2627
v 43.4268 -15.2759 -2.3318
v 44.9028 -16.1225 -3.3855
v 53.6146 -15.3845 -2.4895
v 55.9827 -16.0111 -2.4895
v 58.0516 -16.3020 -2.4895
v 42.0234 -14.3778 -2.9448
v 43.4627 -13.5662 -2.1185
v 45.8054 -12.7658 -2.2711
v 47.8392 -12.3540 -2.4895
v 52.1994 -12.3382 -1.2762
v 52.4523 -13.1731 -2.2615
v 44.6887 -11.8957 -1.2921
v 44.8539 -11.8957 -1.2921
v 49.0892 -11.6142 -2.4895
v 51.2127 -11.5580 -2.2615
v 52.4228 -11.7280 -2.9429
v -25.4591 13.0200 -1.3017
v -25.1934 13.0200 -1.3017
v -17.9271 13.0091 -1.3588
v -16.5173 12.9785 -1.4145
v -15.2021 13.0120 -1.3536
v -30.6123 15.4790 -1.4462
v -29.7333 15.4790 -1.4462
v -25.9081 14.3246 -1.8997
v -24.6569 14.3246 -1.8997
v -21.0196 15.1651 -1.7226
v -18.8632 14.3289 -2.0283
v -16.5173 14.3246 -2.1315
v -15.1120 14.3246 -1.5078
v -32.8422 17.7842 -1.4433
v -31.4326 16.9613 -2.2781
v -28.9469 16.4016 -2.3635
v -26.6649 16.0693 -2.7304
v -23.8234 15.9750 -2.7304
v -21.7727 16.7366 -2.5566
v -19.0173 16.8246 -2.6257
v -16.5173 16.8246 -2.1584
v -15.0837 16.8246 -1.4979
v -60.5250 20.2996 -1.4591
v -59.0173 20.3085 -1.7846
v -56.4897 20.4404 -2.5439
v -54.0672 20.4480 -2.5006
v -51.7129 19.7836 -2.5006
v -49.0173 19.0087 -2.4895
v -46.3065 19.9585 -2.3407
v -44.0214 20.3543 -2.5191
v -41.7447 19.6714 -2.6738
v -39.1010 19.6336 -2.4895
v -32.8422 18.3236 -1.4433
v -32.0737 19.2240 -2.3618
v -20.6917 19.5758 -2.5756
v -19.5072 19.4499 -2.4569
v -16.5173 18.3395 -1.4414
v -15.1643 18.2212 -1.3403
v -60.5250 21.1890 -1.4591
v -59.0383 21.7637 -2.4363
v -57.3045 20.6716 -3.4134
v -53.2671 20.6617 -3.3412
v -52.6766 20.6617 -3.3412
v -45.4867 21.8246 -1.4270
v -44.1655 21.3317 -2.3711
v -42.7297 20.6746 -3.6300
v -37.8510 20.7176 -2.4895
v -36.3280 22.0100 -2.6890
v -34.1750 22.8443 -2.7173
v -32.1613 21.9773 -2.5634
v -20.5242 21.0228 -1.7606
v -19.3184 21.9833 -2.6944
v -17.6600 22.9438 -3.6282
v -60.3557 25.1484 -1.4945
v -59.4078 24.3189 -2.3925
v -55.3419 25.5613 -3.7186
v -55.2533 25.5613 -3.7186
v -45.5269 24.3162 -2.4922
v -44.5192 24.4563 -2.5564
v -42.7056 25.4820 -3.4736
v -35.3751 24.3246 -3.6621
v -34.3247 24.0636 -2.8552
v -31.3445 24.6285 -2.7397
v -29.0512 25.4878 -2.4969
v -26.5173 25.1665 -1.7594
v -24.0173 25.0130 -1.8536
v -21.5173 24.9269 -1.4686
v -19.1929 24.2635 -1.8048
v -16.7579 24.5061 -2.5571
v -14.0173 24.5503 -2.2610
v -12.3505 25.0353 -2.0106
v -67.8873 27.8285 -1.3181
v -66.5173 27.4224 -1.4062
v -64.8917 27.4511 -1.3832
v -60.6982 26.8023 -2.2943
v -59.8652 26.8023 -2.2943
v -55.3953 26.7105 -2.5468
v -54.9587 26.7105 -2.5468
v -45.5593 25.7846 -3.6636
v -44.0173 25.8338 -3.4831
v -42.7056 25.7102 -3.4736
v -35.3100 25.6281 -3.7205
v -35.2524 25.6281 -3.7205
v -30.2902 25.6220 -3.7000
v -28.9337 26.3092 -2.5839
v -26.5892 26.8864 -2.0286
v -24.0173 26.2243 -1.8536
v -21.2684 26.7826 -1.4235
v -19.2652 26.7507 -1.3723
v -16.4648 26.4146 -2.5767
v -14.2228 26.6188 -3.5173
v -12.0720 26.6188 -2.7022
v -67.8873 28.2431 -1.3181
v -66.3400 29.1757 -1.4127
v -63.9250 29.0702 -2.1779
v -61.7314 28.3752 -2.3523
v -59.0574 29.3120 -2.0344
v -56.3727 29.4054 -2.0119
v -54.6641 28.4689 -1.3749
v -47.9573 30.1469 -3.6023
v -47.4295 30.1469 -3.6023
v -40.5182 30.4767 -1.4707
v -40.0565 30.4767 -1.4707
v -27.9211 28.6249 -1.8615
v -27.4704 28.6249 -1.8615
v -22.7726 30.5651 -1.2420
v -21.5160 29.3203 -1.2414
v -20.2637 28.0754 -1.2407
v -15.6213 29.3246 -3.3266
v -14.2977 29.3114 -2.6309
v -12.2108 28.6798 -2.4895
v -65.4386 31.9972 -2.2794
v -64.6249 31.2789 -2.9726
v -58.2723 31.0210 -2.4895
v -57.0656 31.0210 -2.4895
v -53.1521 32.9075 -1.4571
v -52.4582 32.9075 -1.4571
v -47.9573 30.9492 -3.6023
v -47.4295 30.9492 -3.6023
v -42.9507 32.6611 -1.5487
v -41.4573 31.7261 -1.5097
v -40.0565 30.7910 -1.4707
v -22.7726 30.8991 -1.2420
v -22.7629 30.8991 -1.2420
v -15.6743 31.7310 -2.3116
v -14.4986 31.7480 -2.0436
v -11.5508 32.4596 -2.6006
v -10.0527 32.9001 -3.5080
v -65.7273 34.3246 -2.4895
v -55.7529 35.4734 -3.5668
v -53.9364 34.8169 -2.3311
v -52.5338 34.3246 -1.4044
v -45.2871 35.5601 -1.2698
v -43.6960 34.7305 -2.2426
v -42.3060 34.5704 -2.4251
v -30.3453 35.4119 -1.3603
v -30.1482 35.4119 -1.3603
v -25.5013 35.5098 -3.5707
v -24.0173 34.9520 -3.0203
v -22.1486 34.8093 -2.9493
v -15.9291 34.3246 -1.6856
v -14.9310 34.3246 -1.6856
v -10.7398 33.8409 -1.8413
v -9.8836 34.5344 -2.6006
v -65.6041 36.4634 -2.4895
v -64.0173 37.2057 -2.4895
v -62.2514 37.5670 -2.4895
v -55.7529 35.6883 -3.5668
v -53.9389 35.6338 -2.4043
v -51.6096 36.7983 -2.4529
v -49.0173 37.9474 -3.6508
v -46.4016 36.7769 -2.4833
v -43.7716 35.8471 -2.2577
v -41.6428 36.7881 -2.9774
v -40.1705 37.9687 -3.6280
v -35.5307 38.0190 -1.3003
v -35.2030 38.0190 -1.3003
v -30.3453 35.6666 -1.3603
v -30.1482 35.6666 -1.3603
v -25.5013 35.7735 -3.5707
v -24.0357 36.6940 -2.8134
v -21.9848 36.8246 -2.7085
v -17.9851 37.6624 -1.8040
v -16.5663 36.8273 -1.9644
v -14.9537 36.8246 -1.7223
v -10.6752 37.8683 -3.5019
v -9.8702 36.9508 -2.5969
v -62.0028 39.3246 -2.4895
v -57.8997 40.2173 -1.4204
v -57.4291 40.2173 -1.4204
v -53.3333 40.0027 -2.4895
v -51.3794 39.1157 -2.6942
v -49.0173 39.1343 -2.4008
v -46.4555 39.2382 -2.4935
v -44.0229 39.6550 -2.2700
v -41.4317 38.8665 -2.6726
v -39.2092 38.8114 -2.6726
v -36.4034 39.1798 -1.9799
v -35.2030 38.1898 -1.3003
v -23.2147 38.3634 -3.1551
v -22.3426 38.3634 -3.1551
v -17.9851 38.7557 -1.8040
v -16.5173 38.6472 -1.7964
v -14.1016 39.0871 -2.4375
v -11.5294 39.1885 -2.6463
v -10.0304 38.3596 -1.8352
v -62.8260 42.8132 -1.3794
v -62.1845 41.9177 -2.3235
v -57.8997 41.1431 -1.4204
v -57.4291 41.1431 -1.4204
v -53.3647 41.6185 -2.6083
v -51.5173 41.8856 -1.8138
v -50.0790 42.2495 -1.3908
v -45.6248 41.8246 -1.5438
v -44.0229 41.6249 -1.7082
v -42.4371 42.3252 -1.6149
v -38.1306 42.5473 -3.1143
v -37.0277 41.7582 -2.3644
v -22.8499 42.8314 -1.4489
v -22.4393 42.8314 -1.4489
v -18.0267 42.9628 -3.5743
v -16.2723 43.0101 -2.5302
v -14.1306 42.1633 -2.4718
v -12.3837 41.2691 -1.7908
v -62.8260 43.1578 -1.3794
v -61.3834 43.4538 -2.3235
v -59.0173 44.0384 -2.4895
v -57.1757 44.8768 -2.4895
v -53.0084 43.3008 -3.5207
v -51.5059 44.2103 -2.8557
v -49.0676 44.4763 -2.2791
v -46.4767 43.9761 -2.4525
v -44.0173 43.8661 -3.0372
v -41.6462 44.4942 -2.5290
v -38.6373 44.6268 -2.4607
v -37.0098 44.8906 -2.0855
v -34.9563 45.3840 -1.4650
v -22.8499 43.1898 -1.4489
v -21.3545 44.3776 -1.3453
v -19.1397 44.4185 -2.4080
v -16.2723 43.1825 -2.5302
v -14.2094 43.4942 -2.3875
v -12.2719 44.8349 -2.4895
v -55.9257 46.2857 -2.4895
v -54.0173 47.1426 -2.4895
v -51.5059 46.5317 -2.3963
v -49.4437 46.8461 -2.3963
v -43.3373 47.5164 -3.4032
v -41.6672 46.7055 -3.4232
v -39.0173 45.8816 -3.2205
v -36.7745 45.6983 -2.4044
v -34.9563 45.7329 -1.4650
v -23.2024 47.7490 -3.4245
v -21.2872 46.6627 -2.3331
v -20.2528 45.5764 -1.2417
v -12.8106 47.9314 -1.2786
v -11.6037 47.1370 -2.4853
v -10.2509 48.0093 -3.6919
v -48.3836 49.1977 -2.3172
v -46.6123 49.5283 -2.3172
v -44.1093 48.6223 -2.5377
v -41.5945 48.9177 -2.5377
v -39.0168 50.1847 -2.2594
v -37.7571 50.5481 -1.2727
v -27.8626 50.1348 -3.3820
v -27.6876 50.1348 -3.3820
v -23.2024 48.2864 -3.4245
v -22.3048 48.2864 -3.4245
v -12.8106 48.2984 -1.2786
v -11.5511 49.0843 -2.4853
v -10.2509 48.2034 -3.6919
v -47.9559 50.7419 -1.3689
v -47.5089 50.7419 -1.3689
v -38.4753 51.5998 -2.2594
v -37.7571 50.6166 -1.2727
v -27.8626 50.6458 -3.3820
v -27.6876 50.6458 -3.3820
v -15.4206 52.7846 -3.3330
v -13.8168 52.4692 -2.4956
v -12.1930 51.2854 -2.4895
v -38.3406 54.0443 -2.4895
v -37.6286 55.2943 -2.4895
v -15.4206 53.3787 -3.3330
v -14.2824 54.2571 -2.4956
v -36.2261 56.7412 -2.6795
v -34.0173 57.6091 -1.9366
v -32.6772 58.0095 -1.4357
v -20.6045 57.4488 -2.4895
v -19.0173 56.9423 -2.4895
v -16.5173 56.9843 -2.4895
v -14.5993 56.2408 -2.4895
v -35.3836 58.1265 -3.6395
v -34.0173 58.1795 -3.1866
v -31.7132 58.4771 -2.3572
v -29.0069 59.6351 -2.4930
v -26.5173 59.9867 -2.9165
v -25.0699 60.2727 -3.0532
v -20.6403 59.3735 -2.4858
v -20.1653 60.2394 -3.3166
v -28.1665 60.8224 -1.6619
v -26.5173 60.7860 -1.6665
v -24.1489 61.1460 -2.3277
v -21.3706 61.2154 -2.4858
v -20.1653 60.7243 -3.3166
v 46.6732 -59.7621 0.0105
v 47.7839 -59.7621 0.0105
v 54.5582 -59.4995 -1.1336
v 55.9827 -59.7360 -0.8044
v 57.5894 -59.7654 -0.7653
v 41.5900 -57.2980 0.0105
v 43.5480 -57.4853 -0.0403
v 45.5924 -58.1872 -0.0403
v 49.1722 -57.9800 0.2404
v 50.9827 -57.4223 -0.1489
v 53.6280 -58.2683 -0.4298
v 55.9964 -58.1407 0.4622
v 57.8538 -58.1407 0.0450
v 32.1636 -54.4574 -1.1599
v 32.3006 -54.4574 -1.1599
v 40.6406 -55.6754 0.0105
v 44.4249 -56.4105 -0.9075
v 45.2449 -56.4105 -0.9075
v 49.7303 -56.9172 1.2270
v 50.9827 -56.7526 1.1011
v 53.4827 -56.4960 0.9432
v 55.1723 -56.5750 1.0164
v 58.3655 -55.6754 0.0105
v 12.0147 -52.2929 0.0105
v 13.4827 -52.8101 0.0105
v 15.9827 -52.5807 0.0105
v 18.3038 -52.1760 0.0658
v 20.8896 -52.5963 0.0658
v 23.4827 -53.2113 0.0105
v 25.9827 -52.9108 0.0105
v 28.6774 -52.3463 0.2075
v 30.9876 -53.0000 0.0062
v 33.3768 -52.9644 -0.1504
v 36.1148 -52.0174 0.1350
v 38.4827 -52.4677 0.5830
v 40.0924 -53.3367 -0.1718
v 44.1696 -52.3393 0.8965
v 44.9655 -52.3393 0.8965
v 52.1960 -51.9451 -1.2178
v 53.4827 -52.4336 -0.8987
v 55.9827 -52.8986 -0.5804
v 57.9611 -53.3092 0.0281
v 12.0283 -50.7643 0.1869
v 12.7420 -49.9902 -0.5287
v 19.1897 -50.6754 1.0112
v 19.9409 -50.6754 1.0112
v 26.7864 -49.6134 -1.1669
v 28.5065 -50.6841 0.0027
v 30.7060 -50.8240 0.9778
v 33.5925 -50.7547 0.8212
v 36.1148 -51.7036 0.1350
v 38.5635 -50.8448 -0.5112
v 40.0866 -50.6754 -0.8170
v 44.4028 -50.5815 -0.0811
v 44.9200 -50.5815 -0.0811
v 49.6776 -49.5166 1.0235
v 51.5027 -50.5635 0.0189
v 53.2839 -50.3871 0.1104
v 56.1328 -50.5257 -0.2159
v 58.5033 -50.3704 -0.0924
v 59.8045 -49.4816 -1.0581
v 6.7860 -47.1194 0.0105
v 7.6041 -47.1194 0.0105
v 12.1116 -48.1754 1.0624
v 12.7235 -48.1754 -0.1876
v 19.7234 -49.4158 1.2525
v 19.7487 -49.4158 1.2525
v 26.7864 -49.3437 -1.1669
v 28.2371 -48.4174 -0.1592
v 30.7663 -48.3251 0.8159
v 32.7320 -49.1593 0.7833
v 39.4507 -49.0766 -0.7890
v 40.0057 -49.0766 -0.7890
v 44.6360 -49.0509 -1.0587
v 45.7093 -48.2150 -0.8205
v 48.7452 -48.3263 0.2207
v 50.9827 -48.9196 -0.3036
v 53.7283 -48.4873 0.1941
v 55.2678 -48.1754 -0.4694
v 59.3919 -48.9676 0.6086
v 60.2873 -48.1507 -0.1307
v 4.0212 -45.0097 0.4491
v 5.4093 -45.7760 -0.2264
v 8.8279 -45.7275 -0.0817
v 11.1539 -45.6932 0.0713
v 12.3778 -46.4575 -0.5477
v 19.0351 -44.5617 -0.8974
v 19.8918 -44.5617 -0.8974
v 24.3272 -44.9244 0.7960
v 25.9827 -44.8538 0.9052
v 28.1705 -45.6253 1.0498
v 31.0264 -45.6551 0.9530
v 32.5273 -44.5572 1.0575
v 44.6842 -44.6236 -1.1529
v 45.6638 -45.5670 -0.8675
v 48.5807 -46.2900 0.1549
v 50.9827 -45.6047 0.0105
v 53.7204 -45.5336 -0.2418
v 54.8866 -45.6754 -0.9929
v 59.4730 -44.8211 0.9594
v 60.4103 -45.6628 0.0798
v 4.0212 -43.9011 0.4491
v 5.8126 -43.0537 -0.2865
v 8.4144 -43.1923 -0.9992
v 10.1865 -44.1784 -0.9764
v 16.5275 -42.6623 -0.7402
v 18.2051 -43.4932 -0.8188
v 19.8918 -44.3240 -0.8974
v 24.3924 -43.1754 0.8781
v 25.8299 -43.4097 0.9490
v 27.2392 -44.3992 1.2513
v 31.8872 -43.2194 0.0153
v 32.6893 -43.2194 0.0153
v 36.6631 -42.1331 -1.1062
v 37.5717 -42.1331 -1.1062
v 44.6842 -44.3367 -1.1529
v 44.7836 -44.3367 -1.1529
v 49.6863 -42.0911 0.7899
v 49.7796 -42.0911 0.7899
v 54.5218 -44.3678 -1.1104
v 54.8912 -44.3678 -1.1104
v 59.3557 -43.1031 0.0798
v 60.0094 -43.8883 -0.7073
v 6.8360 -41.2113 0.6446
v 7.5515 -40.4969 -0.1090
v 16.5275 -41.5568 -0.7402
v 18.3412 -40.5798 -0.6106
v 20.0764 -39.6028 -0.4809
v 24.5930 -40.6754 1.0484
v 25.0194 -40.6754 1.0484
v 29.2883 -40.0935 0.0105
v 30.9120 -40.6627 -0.4341
v 32.8512 -41.4216 -1.0269
v 36.6631 -41.6808 -1.1062
v 37.5717 -41.6808 -1.1062
v 44.7108 -39.4380 1.1845
v 44.7924 -39.4380 1.1845
v 49.6854 -40.9448 -0.1729
v 49.9517 -40.9448 -0.1729
v 56.8602 -39.7156 0.0105
v 58.5826 -40.5591 -0.2344
v 60.2911 -40.0171 -0.5609
v 7.2242 -37.0660 0.0105
v 7.4812 -38.3160 0.0105
v 19.3897 -38.1754 -0.6675
v 19.9945 -38.1754 -0.6675
v 24.5947 -39.2613 1.0232
v 24.9529 -39.2613 1.0232
v 29.2883 -38.4658 0.0105
v 30.3557 -38.4658 0.0105
v 36.9977 -37.1033 1.1539
v 38.4827 -37.1958 1.1028
v 39.8335 -37.1080 1.1568
v 44.7108 -39.3988 1.1845
v 44.7924 -39.3988 1.1845
v 49.6449 -38.1754 -1.1270
v 50.1245 -38.1754 -1.1270
v 56.5317 -38.1754 0.0105
v 58.5640 -38.3142 0.1677
v 61.0796 -38.3537 0.1816
v 62.5804 -37.4673 -0.7426
v 7.2242 -36.8991 0.0105
v 8.4827 -36.0461 0.0105
v 10.1197 -34.8225 0.0105
v 19.7005 -36.8519 -1.2354
v 19.7380 -36.8519 -1.2354
v 32.0067 -34.7108 0.7769
v 33.4827 -34.9507 0.5692
v 36.0186 -35.6181 0.1548
v 38.6502 -35.4164 0.3220
v 39.8335 -36.1037 1.1568
v 44.3751 -34.5860 1.0839
v 44.8407 -34.5860 1.0839
v 49.4791 -35.6754 -0.9943
v 50.0258 -35.6754 -0.9943
v 54.3849 -34.7854 -0.4255
v 56.2701 -35.5728 -0.1764
v 57.5080 -36.1633 0.0105
v 61.7729 -35.6754 0.7881
v 62.6951 -35.6754 -0.4619
v 10.6057 -33.1754 0.0105
v 21.6137 -32.2290 -1.0019
v 23.4827 -32.3047 -0.9165
v 25.9827 -32.0915 -1.0826
v 27.3171 -31.9447 -1.2234
v 31.4155 -33.3184 -0.0297
v 33.4827 -34.1115 -0.6808
v 35.9414 -33.2878 -0.8135
v 38.6502 -33.4019 0.1791
v 39.8741 -32.7467 1.1409
v 44.3751 -34.0643 1.0839
v 44.8407 -34.0643 1.0839
v 49.4634 -34.0312 -0.9589
v 49.9922 -34.0312 -0.9589
v 54.3849 -34.0515 -0.4255
v 55.4246 -34.0515 -0.4255
v 61.7604 -33.1910 0.0844
v 62.5015 -34.0348 -0.6997
v 9.6398 -29.7318 0.9944
v 10.3120 -30.6092 0.1008
v 14.6136 -30.1101 -1.1308
v 15.2561 -30.1101 -1.1308
v 21.6137 -31.6904 -1.0019
v 23.5455 -30.7844 -0.4977
v 26.0408 -30.8828 -0.6306
v 27.3171 -31.8544 -1.2234
v 30.6341 -30.6754 0.0105
v 34.6020 -29.4932 1.1374
v 36.0475 -30.1688 0.2760
v 38.2617 -30.8682 0.8843
v 39.8741 -31.8300 1.1409
v 49.6142 -29.5549 0.0105
v 50.9827 -30.1876 0.0105
v 52.6617 -30.0582 0.0105
v 59.1717 -29.6631 -0.9040
v 60.6082 -30.5680 -0.0382
v 9.6398 -29.2997 0.9944
v 10.9232 -28.9589 0.1008
v 13.6612 -28.7904 -0.1743
v 16.1058 -28.3123 -0.1726
v 17.5814 -27.6058 -0.8810
v 22.1466 -26.9911 -1.1788
v 23.3692 -28.0240 -0.8063
v 25.2463 -29.0569 -0.4338
v 31.4861 -28.7767 0.0105
v 33.6543 -28.6726 0.1866
v 36.0447 -29.2029 0.3002
v 37.2810 -29.3702 1.1296
v 49.6142 -29.3249 0.0105
v 50.7117 -28.0749 0.0105
v 53.6254 -28.0121 -0.1846
v 54.7597 -27.0698 -1.1480
v 59.1717 -29.1056 -0.9040
v 60.3453 -28.2335 -0.0382
v 16.9554 -26.4576 0.7857
v 18.3929 -25.6929 -0.0015
v 21.1810 -25.7271 -0.6893
v 22.6048 -25.6754 -0.8899
v 51.9617 -26.7073 0.0105
v 53.2822 -26.7362 -0.1846
v 54.7597 -26.9010 -1.1480
v 59.6472 -24.5388 -1.0668
v 60.2905 -25.4935 -0.1359
v 19.2043 -24.1521 0.8781
v 20.9827 -23.8402 0.6527
v 23.3921 -23.0113 -0.1436
v 25.9827 -22.5490 -0.6490
v 28.3330 -22.7501 0.1610
v 30.9827 -23.2085 0.0105
v 33.4827 -23.6441 0.0105
v 35.1431 -22.9024 0.0105
v 52.1340 -22.0332 1.0297
v 52.3281 -22.0332 1.0297
v 59.6472 -24.2595 -1.0668
v 60.4963 -23.3259 -0.1359
v 24.1404 -21.1069 0.5470
v 25.7445 -20.4343 0.4609
v 28.3330 -20.6454 0.7438
v 30.0435 -19.7921 1.0184
v 34.6846 -19.6842 -1.1146
v 35.5094 -20.5807 -0.1646
v 39.1430 -19.6834 1.0788
v 40.9827 -19.8703 0.5823
v 43.4827 -19.7372 0.6287
v 44.7916 -19.5060 1.1406
v 52.1340 -21.7276 1.0297
v 53.3658 -20.6654 0.8669
v 55.2460 -19.6032 0.7041
v 59.6800 -19.4827 -1.2121
v 61.0825 -20.5258 -0.0731
v 62.3614 -19.9022 1.0659
v 26.4191 -18.8096 0.8073
v 28.4827 -18.5655 0.7391
v 30.0435 -18.8947 1.0184
v 34.6846 -19.2978 -1.1146
v 36.1810 -18.8225 -0.1646
v 38.2540 -18.1535 0.0300
v 40.9827 -18.1754 0.0862
v 43.3039 -18.3221 0.7257
v 44.7916 -19.2532 1.1406
v 54.2361 -18.1754 0.5307
v 55.3419 -18.1754 0.5307
v 59.4246 -18.0342 -0.2231
v 60.9827 -18.8173 0.5101
v 62.3614 -19.2666 1.0659
v 39.0317 -16.5797 -1.0189
v 40.9827 -16.0440 -0.4856
v 43.1274 -15.3553 0.3581
v 44.9211 -14.6146 1.1712
v 51.7882 -15.0052 0.4455
v 53.3238 -15.8847 -0.1887
v 55.9120 -16.3880 0.0105
v 58.1371 -16.3745 0.0105
v 44.0778 -13.1754 -0.6225
v 45.7208 -13.1280 0.0051
v 48.4699 -12.6401 -0.0703
v 51.1605 -13.1914 -0.2560
v 52.2478 -14.0048 -1.2212
v 44.6887 -11.8957 -1.1610
v 44.8539 -11.8957 -1.1610
v 49.2947 -11.7094 -0.9575
v 50.5327 -11.7094 -0.9575
v -25.4200 13.0312 0.0105
v -25.2081 13.0312 0.0105
v -17.9271 13.0091 -1.1258
v -16.5173 12.9785 -1.0727
v -15.2021 13.0120 -1.1308
v -30.6123 15.4790 -0.4958
v -29.1450 15.3174 0.0516
v -26.7870 14.3232 -0.1365
v -24.1494 14.3246 0.0105
v -21.0196 15.1651 -0.8128
v -18.8632 14.3289 -0.5176
v -16.3981 14.5147 0.2917
v -15.0888 14.5147 -0.1743
v -32.8422 17.7842 -0.7312
v -31.6560 16.6884 0.2198
v -29.1450 15.6892 0.0516
v -27.5966 15.7860 -1.0678
v -22.9587 15.9669 0.0105
v -21.7187 16.1578 0.0165
v -19.0173 16.2301 0.8276
v -17.1519 15.9997 1.0900
v -14.6103 16.8246 0.0105
v -60.6617 20.1538 0.0105
v -59.0173 20.0166 0.0105
v -56.5768 20.4107 -0.0291
v -54.0173 20.4566 -0.8115
v -51.5930 20.1060 -0.1075
v -49.0173 19.6061 0.0105
v -46.7514 20.1413 0.0105
v -43.6346 20.3404 0.0105
v -41.4387 20.0102 0.2391
v -39.5152 19.9461 -0.4418
v -35.7441 20.3805 0.9845
v -33.5137 19.2073 0.0396
v -32.6196 19.0765 -0.0260
v -27.8904 20.4947 1.0557
v -27.6780 20.4947 1.0557
v -20.5242 20.3970 -1.1060
v -19.0173 19.9714 -0.9193
v -16.5173 19.5895 -0.6305
v -14.7029 19.1626 0.0717
v -60.7742 21.9432 -0.1422
v -60.0076 22.8557 -1.0773
v -55.7831 20.7333 0.7778
v -54.0173 21.0500 0.4385
v -52.4768 21.0498 0.6472
v -45.5909 21.6062 -0.1978
v -44.9137 21.6062 -0.1978
v -40.8769 21.8246 1.1385
v -39.0070 21.6087 0.3458
v -36.5534 21.1365 0.0949
v -34.0335 21.8956 -0.5021
v -32.3200 21.8246 -0.7358
v -28.2403 21.8246 0.9141
v -27.6157 21.8246 0.9141
v -22.8109 22.9991 1.1278
v -21.0917 22.1555 0.1484
v -19.5697 22.2987 0.0724
v -16.5173 21.8246 0.0033
v -15.0241 21.8246 0.5329
v -60.4711 24.4345 -0.1310
v -60.0491 24.4345 -0.1310
v -45.4946 23.1451 -1.1700
v -45.1883 23.1451 -1.1700
v -40.7944 23.1440 1.1333
v -40.1653 23.1440 1.1333
v -33.1765 24.4767 -0.0675
v -32.4760 24.4767 -0.0675
v -28.0665 24.3388 -0.0749
v -26.8190 24.4762 0.2590
v -23.5973 24.4435 0.4800
v -21.9804 24.2558 0.3275
v -19.2477 23.9238 0.1632
v -16.7280 24.0787 -0.6116
v -14.0037 24.0584 0.0992
v -12.3505 25.0353 -0.4065
v -68.2978 27.4757 0.0105
v -66.5173 26.5989 0.0105
v -64.0419 27.1620 -0.0022
v -61.0195 26.9462 0.0571
v -60.0974 26.9341 0.0755
v -55.4488 27.8362 -1.0076
v -54.6641 27.8362 -1.0076
v -47.8563 27.7461 1.1975
v -47.2776 27.7461 1.1975
v -33.2906 26.8246 0.5623
v -32.3598 26.8246 0.5623
v -27.9507 26.8246 -0.8087
v -26.4109 26.7207 -0.1190
v -23.6608 26.6868 0.4170
v -22.2668 26.7448 0.1359
v -18.8724 26.7507 -0.1187
v -17.7017 25.8681 -1.0381
v -13.0636 26.8246 0.9383
v -12.2952 26.8246 -0.3117
v -68.2978 28.7813 0.0105
v -67.1845 30.0313 0.0105
v -63.2250 28.3139 -0.8441
v -61.5173 28.3863 -0.5115
v -59.1287 29.2298 -0.7435
v -56.3096 29.3388 -0.9151
v -54.6641 28.4689 -1.0076
v -48.0007 29.3246 1.1287
v -47.2637 29.3246 1.1287
v -40.5182 30.4767 -1.0804
v -40.0565 30.4767 -1.0804
v -33.0903 28.6600 0.9050
v -32.4381 28.6600 0.9050
v -27.9211 28.6249 -0.7514
v -27.4704 28.6249 -0.7514
v -22.8764 29.4858 -0.1343
v -21.8288 29.1874 -0.4106
v -20.1628 28.1834 0.0105
v -13.4804 29.2555 0.0029
v -12.5547 28.3760 -0.8355
v -65.9981 31.8246 0.0105
v -58.1533 30.9754 -0.8227
v -56.2333 32.0013 0.1631
v -54.1640 32.9673 0.1237
v -52.4582 32.9075 -0.9015
v -48.1744 31.8246 0.9115
v -47.2486 31.8246 0.9115
v -42.9507 32.6611 -0.6227
v -41.4573 31.7261 -0.8515
v -40.0565 30.7910 -1.0804
v -27.8831 33.0237 0.9526
v -27.6679 33.0237 0.9526
v -22.7726 30.8991 -1.2285
v -22.7629 30.8991 -1.2285
v -15.9110 32.6230 0.0105
v -14.0997 31.9308 -0.3491
v -12.4064 32.6745 -0.8285
v -65.4548 34.3246 0.0105
v -55.2962 33.1020 1.1488
v -53.9656 33.8006 -0.0707
v -52.5338 34.3246 -0.9853
v -48.0879 33.3019 0.9079
v -46.2722 34.4310 -0.1019
v -43.7808 34.6465 -0.0338
v -42.2889 34.4696 0.1306
v -32.9199 35.4409 1.2051
v -31.5325 35.4264 0.0164
v -29.0157 34.4175 -0.1098
v -27.6679 33.4231 0.9526
v -16.0813 34.3676 0.0342
v -14.2098 34.4196 0.0274
v -11.6179 34.5586 -0.1641
v -10.2266 35.5075 -1.1662
v -65.3697 36.8366 0.2098
v -64.0173 37.5281 -0.2515
v -62.5030 37.7426 -0.6711
v -55.3981 38.0301 1.1986
v -53.9929 36.8047 -0.0200
v -52.7651 35.5793 -1.2386
v -45.2871 35.5914 -1.1117
v -43.8735 35.8608 -0.1628
v -41.5540 36.8068 0.5139
v -39.0173 37.5899 0.7760
v -36.4254 37.3799 -0.0820
v -34.0615 36.9430 0.3854
v -31.6557 36.3283 0.1821
v -30.1482 35.6666 -1.1722
v -18.0618 37.7252 0.0105
v -16.5663 36.6442 0.0342
v -14.8272 36.9237 0.0342
v -11.1127 36.8246 0.3718
v -10.0591 36.8246 -0.8782
v -65.2729 38.0823 1.1761
v -64.0173 38.2788 0.9985
v -62.2244 39.2334 0.1015
v -57.8997 40.2173 -1.0406
v -56.4136 39.1643 0.0790
v -54.0984 39.2493 0.0140
v -51.5173 40.4325 -1.1865
v -49.0173 40.3843 -1.0033
v -47.0616 40.3231 -0.9264
v -43.1933 40.4530 -1.0865
v -41.4050 39.4793 0.0494
v -39.0173 38.5707 -0.4740
v -36.4507 39.0807 -0.9277
v -34.0307 39.0882 0.1769
v -32.6430 38.3200 1.2323
v -18.0618 38.9620 0.0105
v -16.5173 39.1128 0.0105
v -14.9149 38.2254 0.0105
v -11.0686 39.2456 0.0055
v -10.0304 38.3596 -0.8311
v -63.0422 42.4590 0.0105
v -62.2869 41.2090 0.0105
v -57.8997 41.1431 -1.0406
v -57.4291 41.1431 -1.0406
v -52.9810 40.6478 -1.1707
v -51.0311 41.6353 -0.2790
v -49.4723 41.8709 -0.1743
v -46.9295 41.9483 -0.0517
v -43.0295 41.7775 0.0373
v -42.4422 41.7775 0.0373
v -36.1040 41.9370 -0.0229
v -34.5250 41.1787 0.7882
v -22.8499 42.8314 -0.9709
v -22.4393 42.8314 -0.9709
v -15.3129 43.0574 -1.2070
v -14.0173 42.9576 -0.9686
v -12.1525 41.9913 -0.0423
v -63.0422 43.4725 0.0105
v -61.5173 44.1642 0.0105
v -59.0173 44.2972 0.0105
v -57.0314 44.8555 0.0105
v -50.3827 43.1861 0.9311
v -49.1543 43.6468 0.0628
v -47.2494 43.7062 0.0105
v -42.8658 43.1885 1.1612
v -41.3949 44.2064 0.3436
v -39.2432 44.8759 0.2199
v -36.6523 44.4297 -0.4553
v -34.9563 45.3840 -1.0762
v -25.3281 45.2001 1.1588
v -23.9576 44.1950 0.0939
v -21.3545 44.3776 -1.1031
v -20.2528 45.5655 -1.2353
v -15.3129 43.0936 -1.2070
v -13.5902 44.1968 -0.0822
v -12.5927 44.3744 0.0944
v -55.7618 46.6637 0.1370
v -54.0173 47.3073 -0.5224
v -51.5173 47.5354 -0.7848
v -50.0540 47.6939 -0.9618
v -40.3528 45.7076 1.1928
v -40.2271 45.7076 1.1928
v -35.8743 45.7329 -1.0762
v -34.9563 45.7329 -1.0762
v -25.3281 45.7770 1.1588
v -25.0653 45.7770 1.1588
v -20.2696 45.5764 -1.2353
v -20.2528 45.5764 -1.2353
v -12.9157 46.9132 0.0764
v -12.6276 46.9132 0.0764
v -55.4060 48.2232 1.0547
v -54.0173 48.5382 0.7276
v -51.5173 48.8814 0.4652
v -49.6797 49.4383 -0.0729
v -45.8422 50.2088 -0.6133
v -43.9605 50.0259 0.1362
v -41.5173 49.6266 0.0105
v -39.0173 49.5831 0.0105
v -37.4839 50.1196 0.0105
v -32.8079 50.5263 1.1999
v -32.7193 50.5263 1.1999
v -20.3224 50.5264 1.1412
v -20.2192 50.5264 1.1412
v -12.8106 48.2984 -0.9467
v -12.4589 49.2089 -0.0638
v -48.5007 51.6750 0.1176
v -46.6123 51.6750 -0.2852
v -44.2746 51.8246 0.7570
v -37.9199 52.2833 -0.9070
v -37.3215 51.5998 -0.0400
v -32.9585 51.8246 1.0267
v -31.7385 52.0706 1.0649
v -30.2022 53.0680 1.2462
v -20.3224 50.7409 1.1412
v -20.2192 50.7409 1.1412
v -12.8498 52.9505 -1.2185
v -11.9959 52.0001 -0.2269
v -48.0890 53.4375 1.0224
v -46.3374 54.2923 0.8094
v -44.4316 54.3246 0.8752
v -37.9199 53.8801 -0.9070
v -36.7411 54.5063 -0.0795
v -33.8960 54.3093 0.5115
v -31.5173 54.3246 0.6544
v -30.1366 54.3246 1.2062
v -13.1107 54.5294 -0.2269
v -11.9369 53.8326 0.4481
v -45.3841 55.6200 1.2110
v -44.9652 55.6200 1.2110
v -36.0801 55.8523 -0.9187
v -34.0173 56.3591 -0.7374
v -31.7132 57.0355 -0.2800
v -29.8776 56.8246 0.9483
v -20.8629 57.4075 0.0105
v -19.0173 56.5848 0.0105
v -16.5173 56.5831 0.0105
v -14.3848 56.1558 0.0105
v -31.0105 58.4378 -0.7643
v -29.0117 59.3117 0.0967
v -26.5173 59.8229 0.4816
v -24.0173 59.7962 0.4629
v -21.8471 59.3199 0.0638
v -28.1665 60.8224 -0.7090
v -26.5173 60.7860 -0.7684
v -24.0173 60.9298 -0.7871
v -22.1061 61.0141 -0.7340
v 46.9068 -59.6200 1.5146
v 47.5930 -59.6200 1.5146
v 41.9113 -57.1090 1.4527
v 43.4827 -57.3904 1.7326
v 46.0371 -58.1872 2.0324
v 48.1262 -58.1754 1.8975
v 56.8385 -57.2539 2.5105
v 57.6704 -57.2539 2.5105
v 41.4941 -55.6754 1.8883
v 43.4827 -55.6754 2.6022
v 46.0780 -55.5092 3.1886
v 48.6325 -55.7411 2.6703
v 50.9827 -55.5026 2.1419
v 53.4259 -55.2662 2.6309
v 55.5885 -56.2680 2.5105
v 58.3633 -55.6754 2.5105
v 11.9765 -52.2927 2.5105
v 13.4827 -52.8457 2.5105
v 15.9827 -52.8560 2.5105
v 18.3038 -52.4869 2.4725
v 20.8896 -52.8939 2.4725
v 23.4827 -53.5784 2.5105
v 25.9827 -53.0717 2.5105
v 28.2739 -52.3051 2.5105
v 31.4784 -52.1905 1.4203
v 32.7863 -52.1905 1.4203
v 37.0559 -51.9630 1.3001
v 38.4765 -52.8587 2.2842
v 40.8347 -54.0653 2.6474
v 43.7771 -53.1895 2.6613
v 45.1368 -53.2092 2.5723
v 49.2013 -53.8040 3.4850
v 50.9827 -53.7513 3.3919
v 52.5547 -54.1481 3.5445
v 58.3731 -53.1754 2.5105
v 11.9977 -50.6117 2.4081
v 12.5386 -49.7358 3.1731
v 19.1897 -50.6754 1.5313
v 19.9409 -50.6754 1.5313
v 29.5239 -51.7212 2.5105
v 30.7339 -50.9378 2.0432
v 33.7360 -50.5789 2.0432
v 36.1266 -50.8066 2.2842
v 37.6391 -51.1702 2.9668
v 44.1696 -51.5588 1.7030
v 44.9655 -51.5588 1.7030
v 49.6776 -49.5166 1.3202
v 50.9827 -49.5728 1.8119
v 53.0343 -49.5308 1.9360
v 58.3862 -50.6754 2.5105
v 7.0314 -46.9956 2.5105
v 8.3904 -47.1333 2.4463
v 11.3186 -48.1704 2.3717
v 12.5386 -49.1624 3.1731
v 19.7234 -49.4158 1.2681
v 19.7487 -49.4158 1.2681
v 29.1018 -47.4910 1.6404
v 30.7856 -48.2651 2.1376
v 33.1982 -48.8457 2.5105
v 49.5014 -48.1754 1.3385
v 50.9827 -48.1754 2.3915
v 53.3487 -48.1754 2.3134
v 59.1951 -48.1507 2.5907
v 59.9360 -47.3009 1.8109
v -0.4530 -44.7756 3.2646
v 0.9827 -45.1074 2.8528
v 3.3058 -45.2964 2.3319
v 5.7814 -46.3448 2.5105
v 9.1622 -46.5956 1.5702
v 10.4546 -46.5956 1.5702
v 19.3859 -44.6554 3.2780
v 19.9303 -44.6554 3.2780
v 24.3272 -44.9244 1.4916
v 25.9827 -44.8538 1.4441
v 28.1705 -45.6253 1.4573
v 31.0264 -45.6551 1.5319
v 32.5273 -44.5572 1.4234
v 47.1333 -44.5645 3.5823
v 48.4891 -45.6127 2.4435
v 50.9827 -46.2053 1.8400
v 52.9190 -46.2299 1.9888
v 59.1114 -45.6628 2.5907
v 59.9360 -46.4877 1.8109
v -0.4530 -44.0930 3.2646
v 0.9827 -43.6115 2.8528
v 3.3058 -43.4431 2.3319
v 5.3160 -42.5121 2.5105
v 16.9285 -42.2524 3.2249
v 18.5243 -43.1137 3.2514
v 19.9303 -43.9751 3.2780
v 24.3924 -43.1754 1.4663
v 25.8299 -43.4097 1.4334
v 27.2392 -44.3992 1.2742
v 32.1205 -44.2586 1.4234
v 32.5273 -44.2586 1.4234
v 41.9821 -42.3239 3.6298
v 42.6841 -42.3239 3.6298
v 47.1333 -44.3627 3.5823
v 48.5925 -43.2269 2.4421
v 49.7796 -42.0911 1.3020
v 59.1970 -43.1198 2.3034
v 59.8803 -42.2494 2.9987
v 6.5660 -40.8038 2.5105
v 7.3513 -39.5538 2.5105
v 12.1383 -39.5095 3.6031
v 12.3298 -39.5095 3.6031
v 16.9285 -41.5461 3.2249
v 17.6626 -41.5461 3.2249
v 24.5930 -40.6754 1.4391
v 25.0194 -40.6754 1.4391
v 29.3220 -39.6826 1.5400
v 29.9961 -39.6826 1.5400
v 41.9821 -41.7174 3.6298
v 43.6975 -40.5777 2.4583
v 44.7924 -39.4380 1.2869
v 49.6863 -41.8684 1.3020
v 49.7796 -41.8684 1.3020
v 57.0702 -39.5411 1.6624
v 58.7158 -40.4949 1.6850
v 60.0004 -40.6754 2.7397
v 7.2220 -37.1103 1.3142
v 7.4384 -38.0364 2.2927
v 12.1196 -38.1754 3.5354
v 12.4485 -38.1754 3.5354
v 24.5947 -39.2613 1.4554
v 24.9529 -39.2613 1.4554
v 29.3220 -38.7869 1.5400
v 29.9961 -38.7869 1.5400
v 34.4640 -37.2336 3.3067
v 36.0917 -37.7167 2.4882
v 38.4827 -38.2027 2.5105
v 40.7932 -37.4165 2.7218
v 43.5027 -38.2251 2.4915
v 44.7924 -39.3988 1.2869
v 57.0799 -38.1754 1.6307
v 58.2806 -38.3142 1.6971
v 60.3799 -38.3142 2.4009
v 7.2220 -36.8919 1.3142
v 8.4895 -35.6728 2.1720
v 11.0471 -35.1519 2.6428
v 12.9068 -35.6754 3.6026
v 16.7894 -34.4782 3.6832
v 17.2422 -34.4782 3.6832
v 32.0067 -34.7108 1.5196
v 33.7034 -35.6089 2.4131
v 35.3310 -36.5071 1.6400
v 39.7312 -34.4371 1.2616
v 40.7932 -35.4324 1.8416
v 43.3747 -35.2085 2.4696
v 44.8407 -34.5860 1.4477
v 49.5270 -34.9139 3.4958
v 50.0015 -34.9139 3.4958
v 57.1915 -36.6210 1.3522
v 57.3126 -36.6210 1.3522
v 60.9407 -35.6754 2.5105
v 9.2476 -33.1754 2.7644
v 10.8744 -33.6801 2.4480
v 12.9409 -34.3530 3.6928
v 16.7894 -34.3927 3.6832
v 17.2422 -34.3927 3.6832
v 31.7488 -33.1754 1.8319
v 33.6588 -33.2201 3.1260
v 35.9827 -32.7001 3.2459
v 38.8694 -33.4403 2.2443
v 40.6920 -33.3593 2.1936
v 43.5340 -34.0181 2.2867
v 45.9556 -33.0446 2.5534
v 48.6092 -32.9851 3.3365
v 50.1791 -33.1754 3.3065
v 61.2293 -33.1754 2.5105
v 9.4484 -30.6121 2.2947
v 10.6073 -30.4707 2.4662
v 12.6037 -29.4910 3.6722
v 31.4839 -30.6754 1.9245
v 33.6543 -30.4661 2.2001
v 36.0155 -30.4661 1.8808
v 38.4777 -31.0136 2.2703
v 39.9217 -31.8076 2.5105
v 47.0706 -31.8075 3.6592
v 48.9805 -30.6487 2.5104
v 50.5868 -30.4636 2.2140
v 52.2624 -29.7088 1.3009
v 61.0897 -30.6754 2.5105
v 9.6398 -29.2997 1.4263
v 10.9827 -29.0753 1.9436
v 13.4553 -28.8620 2.7075
v 15.3231 -27.7270 2.5105
v 31.7966 -28.1249 2.5154
v 33.2481 -28.1031 2.5892
v 35.9854 -28.3223 2.4158
v 37.2810 -29.3702 1.3138
v 41.5613 -27.4163 3.5509
v 42.8902 -27.4163 3.5509
v 46.8897 -26.9800 3.5229
v 48.4650 -28.1649 2.4042
v 51.2988 -28.1629 2.1265
v 52.3339 -27.9558 2.2847
v 60.5439 -28.1754 2.5105
v 16.5731 -25.9787 2.5105
v 18.4157 -24.9638 2.5694
v 20.1884 -24.9183 3.4420
v 31.9396 -26.6188 3.3877
v 33.4827 -26.4329 3.2989
v 35.1002 -26.5753 3.5178
v 41.6744 -25.6754 3.5743
v 42.8064 -25.6754 3.5743
v 46.8897 -26.8788 3.5229
v 48.4636 -25.7038 3.5802
v 51.2988 -25.7072 2.8511
v 52.3516 -25.9016 2.7430
v 60.5239 -25.6754 2.5105
v 19.2043 -24.1521 1.7753
v 21.0061 -23.6450 2.5694
v 22.5680 -22.4049 2.5105
v 29.0666 -22.1967 1.8569
v 30.9827 -22.5144 2.0624
v 33.4827 -22.8473 2.2157
v 35.1162 -22.6405 2.0613
v 39.5180 -22.2484 3.5034
v 41.0409 -23.3191 3.6126
v 42.3401 -24.3898 3.7218
v 49.6414 -24.3509 3.6375
v 51.4761 -23.3601 2.6552
v 52.3100 -23.2197 2.5325
v 57.2139 -21.9433 3.7499
v 58.4827 -22.3061 3.4545
v 60.4440 -23.2193 2.5220
v 23.8180 -21.0098 2.5105
v 25.1921 -19.7598 2.5105
v 29.0666 -21.4587 1.8569
v 30.9192 -20.6454 2.3521
v 33.3078 -20.8967 3.4747
v 35.5938 -20.8967 2.7409
v 39.3305 -20.7105 2.4762
v 40.5282 -20.6706 2.5272
v 43.4827 -19.7372 1.7051
v 44.7916 -19.5060 1.3291
v 52.1340 -21.7276 1.3337
v 53.3658 -20.6654 1.4246
v 56.2106 -20.2159 2.5251
v 58.4827 -20.6754 2.8291
v 61.1269 -20.7115 2.0805
v 62.3614 -19.9022 1.5648
v 26.4421 -18.3535 2.5105
v 28.2360 -17.2495 2.3701
v 30.9192 -18.1070 2.1083
v 32.9036 -18.1754 3.4332
v 36.3867 -18.3745 2.4331
v 38.3789 -18.3745 2.0043
v 40.9827 -18.1754 2.4220
v 43.3039 -18.3221 1.6597
v 44.7916 -19.2532 1.3291
v 51.8153 -17.5704 3.2028
v 53.5683 -18.3380 2.3592
v 55.9896 -18.5741 2.2553
v 58.5255 -18.0342 1.8760
v 60.9827 -18.8173 1.9586
v 62.3614 -19.2666 1.5648
v 28.9049 -16.4895 3.1099
v 31.1218 -15.6639 3.0883
v 33.2113 -15.6754 3.4082
v 36.4376 -16.3435 3.2149
v 38.4827 -16.4127 3.2988
v 40.9827 -16.3978 3.1373
v 43.3039 -15.9976 2.3039
v 45.1843 -14.9669 2.5105
v 51.3301 -15.7733 2.4259
v 52.7330 -16.6718 1.5361
v 56.6982 -16.6665 1.4536
v 57.7207 -16.6665 1.4536
v 32.0479 -14.3145 3.6438
v 32.7682 -14.3145 3.6438
v 46.3627 -13.2426 2.5404
v 48.5150 -12.7637 2.5404
v 50.1675 -13.8267 2.5105
v 46.8472 -11.6001 3.3937
v 47.7032 -11.6001 3.3937
v -25.2791 13.0713 1.2654
v -25.2624 13.0713 1.2654
v -28.5566 15.1557 1.6032
v -26.2744 14.3232 1.8688
v -24.7599 14.3246 1.7638
v -15.4853 15.4747 1.6956
v -15.1769 15.4747 1.6956
v -31.0331 17.2591 1.8025
v -29.2409 16.5853 2.1527
v -26.5173 16.8246 3.0015
v -23.8644 16.8685 2.2647
v -21.5173 17.5287 1.9390
v -19.0208 17.5179 2.6249
v -16.3981 16.4247 2.5215
v -14.8001 16.7507 2.5215
v -60.6498 20.2018 2.5105
v -59.0173 19.8717 2.5105
v -56.5768 20.2159 2.5075
v -54.0173 20.0990 3.0040
v -51.5930 19.8684 2.4083
v -49.0173 19.4879 2.5105
v -46.7238 20.0133 2.5105
v -43.2229 20.5130 1.3740
v -42.2196 20.5130 1.3740
v -35.7441 20.3805 1.6119
v -34.1459 19.6053 2.4713
v -31.5028 19.0305 2.7368
v -28.7278 19.6993 2.6259
v -27.0148 19.2548 2.5742
v -24.0173 18.6849 3.2661
v -21.5173 18.8339 3.1890
v -19.8565 18.3613 3.5345
v -14.4582 19.3246 2.5105
v -61.0230 21.8246 2.5105
v -55.7831 20.7333 1.6722
v -54.0173 21.0500 1.7540
v -52.4768 21.0498 1.5068
v -45.4738 20.6449 2.5105
v -44.0407 20.9123 2.3286
v -42.1067 21.8560 2.3286
v -38.3215 22.6840 2.5105
v -36.6969 21.9808 2.3886
v -35.0767 21.8246 2.9526
v -30.3058 20.6169 3.6711
v -28.9336 21.5055 2.8218
v -27.5907 22.0386 2.3122
v -22.8109 22.9991 1.4284
v -21.5173 23.0050 1.4915
v -20.1977 23.0572 1.4006
v -14.8026 21.8246 2.5105
v -63.1021 25.4280 3.4947
v -61.3495 24.5743 2.7439
v -60.0906 25.3872 1.9931
v -41.1023 23.7193 2.5105
v -39.5715 23.7193 2.5105
v -35.9830 23.1401 3.1652
v -34.1788 24.1889 2.3035
v -32.5531 25.2377 1.4419
v -28.1788 23.2684 2.5105
v -26.6440 24.2337 2.0261
v -23.8739 24.4408 1.4043
v -21.6656 24.2464 1.7064
v -19.8260 24.3246 1.6920
v -14.2487 24.3246 2.5105
v -73.1118 27.6724 3.0273
v -71.5173 27.4358 2.7864
v -69.1198 27.4244 2.4211
v -66.5173 26.6966 2.5105
v -63.9682 26.1416 2.6010
v -61.5173 26.3971 2.2357
v -60.0906 26.1898 1.9931
v -47.8563 27.7461 1.3092
v -47.2776 27.7461 1.3092
v -33.2906 26.8246 1.6982
v -32.3598 26.8246 1.6982
v -25.3514 25.6804 1.3802
v -23.9586 26.6244 1.4439
v -21.6656 26.7709 1.7391
v -19.7764 26.8246 1.6734
v -15.6178 27.6721 3.4996
v -14.3268 26.8331 2.6039
v -73.1118 28.8531 3.0273
v -71.6042 29.5417 2.9310
v -69.1670 29.4476 2.6025
v -67.5886 30.1340 2.5105
v -48.0007 29.3246 1.3724
v -47.2637 29.3246 1.3724
v -33.0903 28.6600 1.6627
v -32.4381 28.6600 1.6627
v -22.9801 28.4065 1.5076
v -21.5173 28.4317 1.5324
v -20.1315 28.2188 1.3759
v -15.6178 28.1932 3.4996
v -14.1334 29.1458 2.6039
v -70.8288 30.6267 3.6769
v -69.9794 30.6267 3.6769
v -66.5057 31.8246 2.5105
v -55.2962 33.0271 1.5613
v -55.1760 33.0271 1.5613
v -48.1744 31.8246 1.5861
v -47.2486 31.8246 1.5861
v -27.8831 33.0237 1.4868
v -27.6679 33.0237 1.4868
v -15.7415 32.8533 1.9057
v -14.1566 31.9418 2.6476
v -65.5281 34.3246 2.5105
v -55.2962 33.1020 1.5613
v -55.1760 33.1020 1.5613
v -48.0879 33.3019 1.5941
v -47.2574 33.3019 1.5941
v -42.9443 35.3996 1.2921
v -42.7345 35.3996 1.2921
v -38.1113 35.3312 3.1738
v -36.5173 35.1727 3.1141
v -33.8589 35.0801 2.5954
v -32.3163 35.1758 2.5105
v -27.8831 33.4231 1.4868
v -27.6679 33.4231 1.4868
v -15.7415 33.5629 1.9057
v -14.0275 33.7991 2.6476
v -12.3803 34.8640 2.5105
v -65.3456 36.6187 2.2751
v -64.0173 37.4420 2.8763
v -61.5173 37.5749 3.3174
v -59.9466 37.4919 3.5397
v -55.3981 38.0301 2.0763
v -55.2158 38.0301 2.0763
v -42.9443 35.6117 1.2921
v -41.5486 36.8006 1.3295
v -39.0062 36.9181 2.2704
v -36.5173 35.9979 1.8641
v -34.5866 35.8669 1.8186
v -31.3319 36.8823 2.5384
v -30.1243 37.7541 3.3903
v -23.2035 37.7351 3.4950
v -22.5082 37.7351 3.4950
v -17.9422 38.0210 1.3897
v -16.5173 37.8458 1.4935
v -14.9520 37.8231 1.4419
v -12.0866 36.8246 2.5105
v -65.2729 38.0823 1.2848
v -63.7955 38.9385 2.2604
v -61.8650 39.0848 2.5125
v -59.9466 38.4236 3.5397
v -55.3981 38.1113 2.0763
v -55.2158 38.1113 2.0763
v -40.7239 39.3246 1.5532
v -39.0476 39.4238 2.8644
v -36.5173 40.1776 3.3455
v -33.8412 40.1416 2.4134
v -31.6578 39.1525 2.3965
v -29.0473 39.3887 3.4975
v -26.5173 40.3066 3.5511
v -24.0290 39.4296 3.3663
v -22.4359 39.3246 3.3603
v -17.9422 38.5767 1.3897
v -16.5173 38.5402 1.4935
v -14.9520 38.1933 1.4419
v -11.7355 39.3246 2.5105
v -63.2875 41.8933 2.4916
v -62.3009 41.8933 2.4916
v -50.3827 42.9681 1.4466
v -49.0173 42.8369 1.5787
v -47.5610 42.8642 1.4987
v -42.8658 42.8965 1.4060
v -41.5754 41.9677 1.8323
v -39.0173 41.8246 2.4687
v -36.5142 41.9370 2.0408
v -33.8412 41.0064 2.4134
v -32.3391 40.8342 3.0693
v -27.9702 40.6707 3.6047
v -26.5173 40.8616 3.5511
v -24.0173 41.0275 3.4669
v -22.5845 40.8919 3.4924
v -11.7891 41.8246 2.5105
v -63.0752 43.5219 1.8774
v -61.4709 43.7329 2.6306
v -58.9071 44.8527 2.5640
v -57.4855 45.3882 1.7663
v -50.3827 43.1861 1.4466
v -49.0173 43.4028 1.5787
v -47.5610 43.4007 1.4987
v -42.8658 43.1885 1.4060
v -41.1836 44.3337 2.4284
v -39.2693 44.3587 2.4493
v -37.3454 43.2386 1.4478
v -30.5905 45.3348 3.2370
v -29.7814 45.3348 3.2370
v -25.4520 45.1884 2.5105
v -25.0746 45.1884 2.5105
v -20.3422 45.5092 3.6036
v -20.2078 45.5092 3.6036
v -13.0207 45.3853 1.5710
v -12.5330 44.4610 2.4468
v -58.0003 45.7566 3.4330
v -56.8673 46.6838 2.5640
v -52.7892 47.9450 3.7453
v -52.6748 47.9450 3.7453
v -47.9514 48.0348 3.7121
v -47.7329 48.0348 3.7121
v -40.3917 45.7750 2.5105
v -40.0203 45.7750 2.5105
v -30.6809 46.8246 3.1466
v -29.5181 46.8246 3.1466
v -25.4520 45.7928 2.5105
v -25.0746 45.7928 2.5105
v -20.7042 46.8246 3.5079
v -20.0100 46.8246 3.5079
v -13.0207 45.8951 1.5710
v -12.5382 46.7669 2.4468
v -55.6036 48.3523 2.5105
v -53.7804 48.5785 2.7513
v -51.5433 49.4458 2.7387
v -49.0487 49.2258 2.7221
v -47.7329 48.1043 3.7121
v -43.0598 50.4500 2.5105
v -41.7340 50.2266 2.3860
v -39.0173 49.8290 1.8801
v -37.3997 49.9944 1.8774
v -33.0614 50.2125 2.5105
v -31.6514 49.3504 2.9197
v -29.7544 48.2011 3.4654
v -20.5487 49.4112 2.4516
v -20.1015 49.4112 2.4516
v -15.4188 50.4788 3.6272
v -14.0173 50.1641 3.2783
v -12.4163 49.3037 2.4547
v -50.4118 50.7938 3.3988
v -49.1175 51.8245 2.5577
v -47.2612 52.8552 3.3833
v -43.0140 51.6311 2.2820
v -41.6519 51.7617 3.0497
v -39.0173 51.2487 3.1301
v -37.1072 51.7458 2.6306
v -33.1312 52.0727 2.7570
v -31.7679 52.2364 2.5203
v -30.2022 53.0680 1.2860
v -20.3224 50.7409 1.3227
v -20.2192 50.7409 1.3227
v -15.6442 51.8246 3.2724
v -14.0173 51.8246 2.8318
v -11.9392 51.8246 2.0699
v -48.0890 53.4375 1.7166
v -46.7168 54.2923 2.5342
v -43.1816 54.3246 1.3489
v -41.4621 54.2527 2.6400
v -39.0173 54.8617 3.3098
v -36.5678 54.3132 2.5499
v -33.8960 54.3093 2.3532
v -31.5173 54.3246 2.4113
v -30.1366 54.3246 1.3162
v -20.7032 55.1702 3.1826
v -19.0173 55.0129 2.8074
v -16.4780 54.3679 2.6167
v -13.9339 54.5294 1.9856
v -11.9369 53.8326 2.0159
v -45.5837 55.8107 2.5105
v -44.0861 56.1722 2.3097
v -41.6185 56.9833 2.9395
v -38.9291 56.8427 3.2209
v -36.5173 56.4215 3.1947
v -34.0173 56.5616 3.2558
v -31.5173 56.6207 3.0215
v -29.1742 57.0119 2.2907
v -27.5401 57.6881 3.2721
v -21.3434 56.6716 2.4137
v -19.0173 55.7830 1.5574
v -16.5173 55.8227 1.4689
v -14.7116 55.7891 1.3978
v -40.8525 58.4152 3.4621
v -39.7036 58.4152 3.4621
v -28.1902 58.5190 1.6055
v -26.7344 59.2401 2.4381
v -24.0197 59.4901 2.4667
v -22.5355 58.4291 2.5105
v -25.9288 60.9998 3.2708
v -24.8547 60.9998 3.2708
v 57.1009 -57.0046 3.8293
v 57.3992 -57.0046 3.8293
v 12.1616 -54.6601 6.1612
v 13.4827 -54.9761 5.9316
v 15.5383 -54.9250 5.9212
v 46.9749 -54.5650 3.9523
v 48.3311 -54.6872 4.7587
v 50.9827 -54.8633 5.3930
v 53.5001 -54.6790 5.0751
v 56.1536 -55.6098 4.2904
v 57.5426 -55.6754 3.9799
v 12.1012 -53.2280 5.1098
v 13.4827 -53.1301 5.1678
v 15.7745 -53.2552 5.4057
v 18.4827 -53.3559 5.0105
v 21.1200 -52.8030 5.2265
v 23.2727 -53.2601 5.2265
v 25.9827 -53.3850 5.0105
v 28.6209 -52.2556 5.2459
v 29.7362 -51.9270 6.2362
v 34.7239 -51.9308 6.2550
v 34.7634 -51.9308 6.2550
v 39.0290 -52.7428 5.0105
v 40.9827 -53.1496 5.0105
v 43.5294 -52.5431 5.0925
v 46.0369 -53.1595 4.9664
v 48.3311 -53.8553 4.7587
v 50.9827 -53.7513 4.1430
v 53.5001 -54.2195 5.0751
v 55.9827 -53.8523 5.6213
v 57.5782 -53.0476 4.8947
v 11.9126 -50.5893 4.8730
v 13.0781 -50.6721 4.9541
v 15.0386 -51.6731 5.9872
v 21.8512 -50.6754 5.9559
v 22.4532 -50.6754 5.9559
v 29.5464 -51.8238 4.5695
v 30.2231 -50.8645 5.2459
v 34.5692 -50.4453 5.2572
v 35.7511 -50.8598 5.2572
v 38.5908 -50.4782 5.5279
v 40.9827 -49.5918 6.2116
v 43.3254 -50.6926 6.1092
v 45.0989 -51.8368 5.9805
v 56.5003 -49.9920 5.9403
v 57.6995 -50.7653 5.0683
v 7.1968 -46.9382 3.7891
v 8.4891 -47.3975 4.7776
v 10.9637 -48.7320 4.9167
v 12.5386 -49.1624 4.0209
v 21.9118 -49.2228 5.9110
v 22.4599 -49.2228 5.9110
v 31.6340 -48.1213 5.1659
v 33.7675 -48.1085 5.2557
v 34.8765 -47.2984 6.0751
v 39.6730 -49.3714 6.2177
v 40.9827 -49.3615 6.2116
v 42.2570 -49.3942 6.2380
v 54.2256 -47.3854 6.1431
v 55.7932 -48.2014 5.9733
v 58.0662 -48.1754 4.7396
v -0.4530 -44.7756 4.2045
v 1.0230 -45.0974 5.0269
v 3.4827 -45.6170 5.0105
v 6.2112 -46.1817 4.7776
v 7.6600 -46.5337 5.4557
v 19.3859 -44.6554 3.9684
v 19.9303 -44.6554 3.9684
v 32.0877 -46.8359 6.1029
v 33.4827 -46.6629 6.0033
v 34.8765 -46.6650 6.0751
v 41.8390 -44.6611 5.7081
v 42.8414 -44.6611 5.7081
v 47.1333 -44.5645 3.9651
v 47.4988 -44.5645 3.9651
v 54.0561 -45.6754 5.9764
v 55.9827 -45.6754 5.5028
v 57.9009 -45.6754 4.5369
v -0.4530 -44.0930 4.2045
v 1.0230 -43.5325 5.0269
v 3.6426 -42.5159 5.2053
v 5.0737 -42.3986 4.5019
v 16.9285 -42.2524 3.9496
v 18.5243 -43.1137 3.9590
v 19.9303 -43.9751 3.9684
v 38.9908 -42.5536 5.6276
v 41.0772 -43.2721 4.8346
v 43.2252 -43.1645 4.9290
v 47.1333 -44.3627 3.9651
v 48.5460 -43.1749 5.0637
v 49.9300 -41.9871 6.1624
v 54.3092 -43.1754 5.9497
v 55.7920 -43.2080 5.6576
v 58.5221 -43.1563 5.0108
v 59.8803 -42.2494 4.3517
v 4.5825 -41.8950 6.1686
v 5.9373 -41.3308 5.2053
v 8.2575 -40.1096 5.0700
v 11.1761 -39.7955 5.0700
v 13.2910 -39.7105 5.1785
v 15.9110 -40.6320 5.0368
v 17.6626 -41.5461 3.9496
v 26.4004 -39.8079 6.0705
v 27.5973 -39.8079 6.0705
v 37.0231 -40.0194 5.4280
v 38.2876 -40.7818 5.0481
v 41.0823 -40.8006 4.2229
v 43.3076 -40.8006 4.9358
v 46.6797 -39.6729 6.0505
v 48.6490 -40.5739 5.9682
v 50.8510 -40.7443 5.6777
v 53.7614 -40.7337 5.8369
v 54.8315 -41.5105 6.1075
v 59.3409 -40.6754 5.8525
v 60.0004 -40.6754 4.6025
v 8.7830 -38.0418 5.0700
v 11.3240 -38.1945 4.9054
v 13.2099 -38.4689 4.9958
v 14.8935 -39.3347 6.1239
v 26.4004 -38.6554 6.0705
v 27.5973 -38.6554 6.0705
v 34.4640 -37.2336 4.1475
v 36.2577 -38.3292 4.7878
v 38.7117 -38.3169 4.8315
v 40.5470 -38.0140 4.9563
v 43.2019 -38.0010 4.9358
v 46.6797 -38.9870 6.0505
v 48.3550 -38.1624 5.6432
v 50.9827 -38.1754 4.6620
v 53.0869 -38.1754 5.2762
v 59.2346 -38.1754 5.8967
v 60.1901 -38.1754 4.6467
v 9.1556 -35.8180 4.8894
v 11.3220 -35.4201 4.7393
v 12.9068 -35.6754 4.0622
v 16.7894 -34.4782 3.7716
v 17.2422 -34.4782 3.7716
v 34.4388 -35.6754 4.1715
v 35.6388 -35.6754 5.4215
v 39.0170 -36.2936 5.9807
v 39.9661 -36.2936 5.9807
v 44.0303 -35.9084 4.9666
v 45.9827 -35.5161 5.6018
v 48.4817 -35.8276 4.9129
v 51.1061 -35.5386 4.7981
v 52.6447 -36.1633 5.6423
v 59.4415 -36.7194 6.0773
v 60.2673 -35.8018 5.1506
v 9.2476 -33.1754 4.3893
v 11.0628 -33.6801 4.9605
v 12.9409 -34.3530 4.0555
v 16.7894 -34.3927 3.7716
v 17.2422 -34.3927 3.7716
v 34.6095 -34.0832 3.9214
v 36.0019 -33.5685 4.8570
v 38.6976 -32.7175 4.8079
v 40.8902 -32.4851 4.8642
v 43.5087 -33.1533 4.6195
v 46.1354 -32.9851 4.6092
v 47.8603 -33.6915 4.2052
v 51.5766 -33.3181 5.1850
v 52.5267 -32.5799 6.1346
v 59.6208 -32.0824 6.1603
v 60.4482 -33.0196 5.2003
v 9.2570 -31.4924 4.3839
v 11.0212 -30.4917 5.0643
v 12.6037 -29.4910 4.0781
v 39.6743 -31.8638 3.8395
v 40.8643 -31.1847 4.8450
v 43.3818 -30.8311 5.6072
v 46.1610 -30.9545 5.1692
v 48.4088 -30.3932 5.0752
v 50.9285 -31.3171 5.1850
v 52.5267 -31.6805 6.1346
v 59.5831 -30.6754 6.0824
v 60.4270 -30.6754 4.8324
v 12.1376 -29.3286 5.7447
v 13.4553 -29.0024 4.9510
v 15.4419 -27.7193 5.0105
v 22.1883 -26.9829 6.1823
v 22.3215 -26.9829 6.1823
v 31.9396 -27.2531 3.9943
v 33.4827 -27.4329 4.1984
v 35.1002 -27.2744 4.1106
v 41.4896 -28.2199 4.9544
v 42.7894 -28.2199 4.9544
v 46.9039 -28.0802 4.8757
v 47.4060 -28.0802 4.8757
v 52.1476 -26.9761 4.0498
v 52.2891 -26.9761 4.0498
v 57.1756 -26.9964 6.1962
v 58.6801 -27.9680 6.0856
v 60.1813 -28.1754 4.8401
v 16.6919 -26.2204 5.0105
v 18.5001 -25.1572 5.0099
v 21.1883 -25.8916 5.1792
v 22.3215 -26.8649 6.1823
v 31.9396 -26.6188 3.9943
v 33.4827 -26.4329 4.1984
v 35.1002 -26.5753 4.1106
v 41.3765 -25.6754 5.0105
v 43.2961 -25.6754 5.0105
v 46.8897 -26.8788 3.7998
v 48.4636 -25.7038 3.8368
v 51.1816 -25.4874 4.0204
v 52.3195 -25.6754 4.0003
v 57.1756 -26.2998 6.1962
v 58.2692 -25.5501 6.0091
v 60.2299 -25.6754 4.7445
v 19.3450 -24.2073 5.8428
v 21.1338 -23.2228 4.9840
v 22.4387 -22.2383 4.1252
v 39.5584 -22.2010 5.0105
v 40.9044 -23.2502 5.0105
v 42.7867 -24.2995 5.0105
v 49.6414 -24.3509 3.8738
v 50.9827 -24.3552 3.8683
v 52.2919 -24.4063 3.7909
v 56.6183 -22.5547 5.0105
v 58.2692 -23.7227 5.1016
v 60.0214 -24.0818 4.3291
v 22.0791 -21.7733 5.7919
v 23.3563 -21.2859 4.9793
v 26.0884 -19.9550 5.1541
v 27.3052 -19.5551 6.0832
v 34.0246 -20.2109 4.0506
v 35.0372 -20.2109 4.0506
v 39.5584 -21.7602 5.0105
v 39.8844 -21.7602 5.0105
v 55.9881 -20.6754 5.0105
v 26.9922 -18.6121 4.4165
v 27.7670 -17.9374 5.1541
v 34.1536 -18.1754 4.1086
v 34.9897 -18.1754 4.1086
v 51.8153 -17.5704 4.2599
v 53.5816 -17.7314 5.0601
v 55.3525 -18.6992 5.0105
v 29.0962 -16.5680 5.0105
v 30.3682 -15.3180 5.0105
v 34.4613 -15.6754 3.9963
v 35.7556 -15.5763 4.2313
v 38.4827 -15.1627 4.7356
v 40.7365 -15.1834 5.2584
v 43.4203 -15.0641 5.0625
v 45.1464 -14.9582 4.2639
v 51.4378 -15.6754 4.7357
v 52.7054 -15.6754 5.9857
v 31.6182 -14.0298 5.0105
v 33.5540 -13.6174 4.8447
v 35.9827 -13.6380 5.4685
v 38.4827 -14.2514 5.9856
v 39.7391 -14.4241 6.2570
v 44.2608 -13.1754 5.8514
v 45.3789 -13.1754 4.6014
v 49.3560 -12.7626 5.0105
v 50.8472 -14.0786 5.2410
v 52.2815 -14.3979 6.2280
v 44.6241 -11.4259 6.0449
v 46.0307 -10.6797 5.2724
v 47.9725 -10.7302 5.2042
v 46.8808 -9.3745 6.1667
v 47.3013 -9.3745 6.1667
v -60.5374 17.6703 6.0269
v -59.0173 17.5204 5.8763
v -57.2716 17.7399 5.9818
v -23.2822 17.8014 5.7787
v -22.1524 17.8014 5.7787
v -18.1898 17.9394 3.9095
v -16.5173 17.5684 3.9488
v -15.1198 17.5348 3.8625
v -60.5233 19.4606 5.1210
v -59.0173 19.5127 5.2206
v -56.6893 19.6312 5.4502
v -54.0447 20.1415 5.2269
v -51.6058 19.9253 5.2269
v -49.0173 19.3778 5.0105
v -46.5975 19.8320 5.0105
v -33.4850 19.8854 5.0105
v -31.7500 19.8854 5.0105
v -28.5389 19.9870 4.3477
v -26.6017 19.4534 5.1128
v -24.0763 18.7414 4.9714
v -21.3984 18.7538 4.9714
v -19.0208 18.5393 4.8499
v -16.3603 19.2955 5.1031
v -15.0865 19.3246 4.0770
v -60.6965 21.9167 5.0332
v -59.0173 21.3031 5.8148
v -57.0549 20.9757 6.0450
v -53.2297 20.6883 6.2045
v -51.6363 21.5379 6.0108
v -49.9567 22.3875 5.8171
v -45.3475 20.6757 5.0105
v -44.0173 21.2922 5.0105
v -42.2451 22.4411 5.0105
v -38.0296 22.5182 5.0105
v -36.6968 22.4846 4.8584
v -34.0668 22.3444 5.3777
v -31.4398 21.8225 5.5388
v -28.6971 21.7433 4.6257
v -27.5832 21.9073 4.9141
v -15.8349 21.8246 5.4868
v -15.0459 21.8246 4.2368
v -63.3022 25.0738 5.0105
v -61.8725 23.8238 5.0105
v -50.7745 23.5202 5.8171
v -49.9567 23.5202 5.8171
v -41.0732 24.5487 4.8259
v -38.7755 24.5567 4.9628
v -36.7485 24.1943 4.9899
v -34.0215 23.1188 5.0834
v -32.6928 23.0975 6.2432
v -27.8083 23.1641 3.8139
v -27.6751 23.1641 3.8139
v -16.2400 24.3246 5.5089
v -14.8941 24.3246 4.2589
v -73.1118 27.6724 4.4266
v -71.6036 27.4296 5.1601
v -69.0173 27.2136 5.0105
v -66.5173 26.9245 5.0105
v -64.5522 26.0309 5.0105
v -40.6400 25.8250 5.5362
v -39.0173 26.1508 5.5640
v -37.5139 26.0925 6.0561
v -30.5926 27.7408 5.5479
v -29.7890 27.7408 5.5479
v -18.3638 27.3334 5.7333
v -16.6235 26.6694 4.9216
v -14.9714 26.0055 4.1099
v -73.1118 28.8531 4.4266
v -72.1425 29.5417 5.1601
v -68.3127 30.0468 3.9748
v -67.5940 30.0468 3.9748
v -57.7899 30.5287 6.1800
v -57.6820 30.5287 6.1800
v -35.4661 30.2260 6.0361
v -34.0173 29.9662 5.4961
v -31.4625 29.2970 4.9946
v -29.6469 29.3246 5.2742
v -22.8060 30.5658 6.2526
v -22.7441 30.5658 6.2526
v -18.4543 29.3246 5.4916
v -16.5586 29.2255 4.9146
v -14.4250 29.8009 5.0105
v -70.9409 30.7241 5.0105
v -69.0946 30.8686 4.8890
v -66.5246 31.7786 4.8524
v -64.0173 32.6303 5.7180
v -62.3921 32.8649 6.0676
v -57.7899 30.6531 6.1800
v -57.6820 30.6531 6.1800
v -47.8290 32.6162 6.1810
v -47.2206 32.6162 6.1810
v -35.6993 31.8246 5.6909
v -34.0173 31.8246 4.6981
v -31.5173 31.8246 4.4831
v -29.6431 31.8246 5.4759
v -23.3890 31.8246 6.1186
v -21.7534 31.7363 5.7014
v -18.9591 31.7363 5.3159
v -17.4763 31.8246 5.6368
v -13.7182 31.8246 5.0105
v -65.4216 34.3246 4.0272
v -63.8797 34.4129 5.3582
v -62.3921 33.6385 6.0676
v -47.8290 33.6258 6.1810
v -46.6227 34.2222 6.1405
v -44.9852 34.8187 6.0999
v -38.1113 35.3312 4.3879
v -36.5206 34.4733 5.0566
v -33.5691 34.5432 5.0520
v -31.9080 34.7818 5.0133
v -29.4138 34.3246 5.4796
v -25.5746 34.8220 5.9569
v -24.2415 34.1231 5.8147
v -21.5173 34.3246 5.1868
v -19.1667 34.1347 5.4649
v -17.6473 33.1748 5.9268
v -13.5879 34.1851 5.0028
v -12.5225 34.9254 4.1643
v -65.2852 35.6480 3.8132
v -63.8797 36.1751 4.7921
v -61.5173 36.9373 5.0105
v -59.8898 37.4917 5.0105
v -46.0248 35.7293 6.0999
v -44.9852 35.7293 6.0999
v -38.3757 36.8246 4.6466
v -37.2511 36.8246 5.8966
v -32.9893 36.8246 6.1626
v -31.7600 36.5086 5.2342
v -29.0352 36.8138 5.0072
v -26.4517 36.7539 5.6268
v -24.0290 36.8709 4.6175
v -21.4644 36.8415 5.1733
v -20.0996 35.9479 6.0108
v -13.4108 36.2104 5.8310
v -12.4951 36.9561 5.0028
v -63.4109 39.8618 5.0105
v -61.5173 39.0466 5.0105
v -59.8898 38.5095 5.0105
v -38.2345 38.6567 4.3145
v -36.5767 39.2260 5.0929
v -33.8417 39.5763 5.2330
v -31.6947 39.6077 5.1972
v -29.0473 39.3887 4.2597
v -26.5173 39.0566 4.4461
v -24.8701 38.6662 4.0836
v -21.0941 39.3097 5.1590
v -20.0176 40.1332 6.0913
v -12.8962 40.2239 6.1549
v -12.3590 39.3642 5.1971
v -63.4109 41.2844 5.0105
v -62.1391 42.5344 5.0105
v -52.9721 42.9477 5.8616
v -52.6012 42.9477 5.8616
v -47.8011 42.9894 6.2054
v -47.7320 42.9894 6.2054
v -33.1575 40.8342 4.2469
v -31.5453 41.0470 5.0408
v -28.8891 41.3077 5.0050
v -26.3606 42.0685 5.1201
v -24.1612 42.2877 5.1201
v -21.6577 41.2828 5.1590
v -20.0176 40.8531 6.0913
v -13.0011 41.8246 5.8635
v -12.2699 41.8246 4.6135
v -60.8891 43.5448 5.0105
v -59.2723 44.7948 5.0105
v -52.9721 43.2620 5.8616
v -52.6012 43.2620 5.8616
v -47.8011 43.1151 6.2054
v -47.7320 43.1151 6.2054
v -42.8046 45.5517 6.2484
v -41.5541 45.5153 5.0286
v -39.9782 45.4788 3.8088
v -30.5905 45.3348 4.2061
v -29.7814 45.3348 4.2061
v -25.4378 44.3444 4.9457
v -24.3746 44.7369 5.3748
v -21.5265 45.5156 5.0696
v -20.2078 45.5092 3.9061
v -15.4081 45.4520 5.9446
v -13.8770 44.5010 5.4278
v -12.5708 44.3246 4.2065
v -58.0223 45.7450 5.0105
v -56.4532 47.1047 5.1760
v -53.9509 47.9213 4.9523
v -52.6748 47.9450 3.7849
v -48.1119 47.8989 5.0105
v -47.4680 47.8989 5.0105
v -42.8046 45.5915 6.2484
v -41.5541 45.6501 5.0286
v -39.9782 45.7087 3.8088
v -30.7458 46.8791 5.0278
v -29.5583 46.8791 5.0278
v -25.4528 45.6631 3.8648
v -24.0167 45.6297 5.0489
v -21.5641 46.2982 4.9654
v -20.0100 46.8246 4.0147
v -15.4822 46.8246 5.9139
v -14.0173 46.8246 5.2693
v -12.5251 46.8246 4.3658
v -55.5771 48.2963 4.4531
v -53.9509 48.3808 4.9523
v -52.0856 49.3090 4.7751
v -48.1119 48.2805 5.0105
v -47.4680 48.2805 5.0105
v -42.8354 50.4858 3.8790
v -42.7117 50.4858 3.8790
v -33.1188 50.1400 4.5137
v -31.4203 49.0591 4.7976
v -29.7456 48.2485 5.0105
v -20.7750 48.2961 3.9538
v -19.1179 49.3747 5.0130
v -16.2493 49.6327 5.2598
v -14.0173 48.9141 4.7423
v -12.5147 48.4565 4.3826
v -50.7346 51.1161 5.0105
v -49.0173 52.1134 5.0105
v -47.1366 52.8219 5.0105
v -42.8354 50.6687 3.8790
v -41.6519 51.7617 3.9326
v -39.0173 52.4987 4.3159
v -37.4001 52.5266 4.2754
v -33.1188 51.4047 4.5137
v -32.4833 51.4047 4.5137
v -18.2520 50.8526 6.0721
v -16.9428 51.7414 5.1474
v -45.9457 54.2719 5.1178
v -44.8102 55.0702 6.0227
v -40.5920 53.3715 3.9862
v -39.0173 53.6117 4.3159
v -37.4001 53.4938 4.2754
v -20.7032 55.1702 4.2937
v -19.0476 54.8794 5.0804
v -17.2481 53.7589 5.0105
v -45.5723 55.8441 4.3560
v -43.9931 56.4087 5.1178
v -42.4798 57.6651 5.0105
v -38.0369 57.6881 4.1344
v -36.5173 57.6715 4.1672
v -34.0173 57.8116 4.0870
v -31.5173 57.8707 4.2538
v -29.0173 57.7306 4.3715
v -27.5401 57.6881 4.1845
v -23.0222 57.8000 5.5743
v -21.6915 57.2426 5.0614
v -19.8553 56.8246 5.9268
v -41.2298 58.7901 5.0105
v -38.8908 59.3849 5.1526
v -36.6970 59.2909 5.5320
v -34.0173 58.4212 5.3370
v -31.5173 58.2205 5.5038
v -28.8738 59.1304 5.4584
v -27.4680 59.3246 4.3399
v -23.3604 59.1128 4.8488
v -21.7109 58.1791 5.0116
v -20.0842 58.2198 6.1156
v -38.0779 60.6668 6.1708
v -37.6501 60.6668 6.1708
v -28.0681 61.8246 5.6485
v -26.6642 61.8297 4.6866
v -24.6584 61.8297 5.1762
v -27.9909 63.2907 5.9293
v -26.5173 63.2918 5.9067
v -25.1855 63.1481 6.1200
v 22.0566 -57.0432 8.5578
v 22.5366 -57.0432 8.5578
v 12.1619 -54.6602 7.5105
v 13.4827 -55.4697 7.5105
v 16.2160 -55.0775 7.6339
v 17.2419 -54.4328 8.5495
v 21.7260 -55.6754 8.2390
v 23.4150 -55.6745 8.0117
v 24.9702 -54.8405 8.2078
v 44.4925 -54.5989 8.4914
v 45.9827 -54.7346 8.1700
v 48.4103 -54.7368 7.5287
v 50.9827 -54.8633 6.9011
v 52.7788 -54.6254 6.5599
v 12.1619 -54.1174 7.5105
v 13.2743 -52.8415 7.3643
v 16.1218 -53.2943 6.6582
v 18.2382 -53.8358 7.6339
v 21.0557 -53.1173 7.3089
v 23.2727 -53.3129 6.6870
v 25.8752 -53.5257 7.4288
v 28.3876 -52.1391 7.2641
v 30.7914 -52.0175 7.3762
v 33.7274 -52.1614 7.5957
v 35.7511 -52.0823 7.6247
v 38.4259 -52.3502 7.6247
v 40.9827 -52.7642 7.5105
v 43.6099 -52.9893 7.4281
v 45.9524 -53.1141 6.8507
v 48.5921 -53.4888 7.6980
v 50.9528 -52.9433 8.2635
v 53.5603 -53.6610 7.4401
v 56.1043 -52.7653 7.4632
v 57.3474 -52.1291 6.5984
v 9.5478 -49.6422 8.3757
v 10.9637 -50.2026 7.5296
v 13.2743 -51.4211 7.3643
v 15.0386 -51.6731 6.4336
v 21.8979 -50.4731 7.3142
v 22.5482 -50.4731 7.3142
v 29.1576 -51.6076 7.9332
v 30.8221 -51.0749 7.4425
v 33.3124 -50.6754 7.0745
v 36.4300 -51.7048 6.8676
v 38.6139 -50.6146 6.5819
v 40.9827 -49.5918 6.3538
v 43.3254 -50.6926 6.3570
v 45.0989 -51.8368 6.3647
v 49.7160 -51.9049 8.7448
v 50.0995 -51.9049 8.7448
v 56.3245 -50.7653 7.4632
v 57.3474 -51.6586 6.5984
v 8.9565 -48.2381 7.5296
v 10.1177 -49.1132 6.7090
v 21.9551 -49.2328 7.5105
v 22.5770 -49.2328 7.5105
v 31.8815 -47.9574 7.5764
v 33.5291 -47.9719 7.6952
v 35.7038 -47.2306 7.7632
v 38.9928 -48.1542 7.5222
v 40.9827 -48.4265 7.3321
v 42.9574 -48.4524 7.4638
v 45.5111 -47.4486 8.4920
v 49.1303 -46.9935 8.7184
v 49.8203 -46.9935 8.7184
v 54.2256 -47.3854 6.3287
v 55.3597 -48.2014 7.3014
v 1.8832 -44.6362 6.4747
v 3.5095 -45.2169 7.3890
v 5.9827 -46.1147 7.5105
v 8.5348 -45.6383 8.0410
v 9.7560 -44.4448 8.7483
v 32.1004 -46.8138 7.5105
v 33.4194 -46.6798 7.6662
v 35.6375 -46.0995 7.5930
v 38.4827 -45.6754 7.4465
v 40.9965 -45.5668 7.0419
v 43.5979 -45.5668 6.9485
v 46.1997 -45.9116 7.7762
v 48.3712 -45.9116 8.1994
v 50.3292 -45.6754 8.5339
v 54.0561 -45.6754 6.8361
v 55.2763 -45.6754 8.0861
v 1.8832 -44.0223 6.4747
v 3.2111 -43.1836 7.3890
v 9.7132 -44.3912 8.7483
v 9.7560 -44.3912 8.7483
v 14.5277 -42.0630 8.6553
v 14.8892 -42.0630 8.6553
v 19.3200 -42.0859 8.6344
v 19.8669 -42.0859 8.6344
v 36.5480 -43.1754 7.7744
v 38.2876 -43.3024 6.6131
v 40.1724 -44.2203 6.4963
v 44.3847 -43.1754 6.5460
v 45.9827 -43.1754 6.9048
v 48.6490 -42.9624 6.8915
v 51.0185 -43.1776 7.4602
v 53.6170 -43.5442 7.5232
v 55.6388 -43.3918 7.6014
v 57.9166 -42.3964 6.5764
v 4.3597 -41.6871 7.5105
v 5.9827 -41.2362 7.5105
v 8.3777 -40.3252 7.4537
v 10.9827 -39.8250 6.7694
v 13.9305 -40.6221 7.5592
v 14.8913 -40.7723 7.5974
v 19.3200 -41.7637 8.6344
v 19.8669 -41.7637 8.6344
v 26.4004 -39.8079 6.6276
v 27.5973 -39.8079 6.6276
v 36.9021 -40.7818 7.4094
v 38.4593 -40.5597 7.6253
v 39.7440 -39.4335 8.7420
v 44.4878 -40.6754 6.5205
v 45.9009 -40.5739 6.6354
v 47.9266 -41.3396 6.5386
v 51.5966 -41.6236 6.4199
v 53.7614 -40.7337 6.3698
v 55.7920 -40.6765 6.5918
v 58.0909 -40.6754 6.6302
v 8.9857 -38.0418 7.4537
v 10.9827 -38.8290 6.7694
v 13.4827 -39.2406 6.7371
v 14.8935 -39.3347 6.5395
v 26.4004 -38.6554 6.6276
v 27.5973 -38.6554 6.6276
v 37.0070 -38.3509 7.3063
v 38.4724 -38.2320 7.5395
v 40.2424 -38.0679 7.7494
v 44.6477 -38.1754 6.3155
v 45.9009 -38.1624 6.3596
v 47.4365 -37.3203 6.3524
v 54.3369 -38.1754 6.9223
v 55.9827 -38.1754 7.3643
v 57.9846 -38.1754 6.7025
v 9.0687 -35.8180 7.5695
v 10.3995 -35.0797 6.7755
v 19.6667 -34.4963 8.6744
v 19.8347 -34.4963 8.6744
v 36.8888 -35.6754 6.6523
v 38.3032 -35.5463 6.6426
v 40.5571 -35.5463 7.3292
v 44.7065 -36.8971 6.2734
v 45.9827 -36.7661 6.3391
v 47.4365 -36.7413 6.3524
v 52.0307 -34.7532 7.5105
v 53.4799 -36.1840 7.7544
v 55.9827 -36.6173 8.4371
v 58.5405 -35.7867 7.5459
v 60.0667 -35.0527 6.7525
v 9.2793 -34.0059 8.4421
v 10.3605 -33.1737 7.5695
v 19.6667 -34.3671 8.6744
v 19.8347 -34.3671 8.6744
v 36.8480 -33.6309 6.7065
v 38.4827 -33.7592 6.6809
v 40.5274 -33.3691 7.3292
v 52.0307 -33.8282 7.5105
v 52.6131 -32.5782 7.5105
v 59.1552 -33.0196 7.5557
v 60.0667 -33.7490 6.7525
v 11.1129 -30.6754 7.5105
v 19.6603 -29.5134 8.5345
v 19.8465 -29.5134 8.5345
v 34.5859 -29.6481 8.6074
v 35.0224 -29.6481 8.6074
v 40.7750 -30.6754 7.5105
v 44.1480 -30.1015 6.5793
v 45.2514 -30.1015 6.5793
v 49.1929 -29.8713 6.5682
v 50.9827 -30.2011 6.9465
v 52.6474 -30.7785 7.6247
v 58.7651 -30.6754 7.5105
v 12.0782 -29.2169 7.5105
v 13.4827 -28.6042 7.5105
v 15.4653 -27.5627 7.5105
v 19.6603 -29.2228 8.5345
v 21.0661 -28.0094 7.9493
v 22.4449 -27.0994 7.5105
v 34.5749 -28.1754 8.5599
v 35.0933 -28.1754 8.5599
v 41.0708 -28.1754 7.5105
v 43.6854 -28.1754 7.1017
v 46.1202 -28.0596 7.6546
v 48.4088 -28.3160 7.4451
v 50.8415 -27.9550 7.9816
v 52.6496 -28.1754 8.1810
v 57.1756 -26.9964 6.3009
v 58.5224 -27.9673 7.1843
v 59.9296 -27.2716 8.0677
v 16.6925 -25.8381 7.5078
v 17.6783 -25.1133 6.6727
v 21.9808 -26.7934 7.5105
v 22.4449 -26.7934 7.5105
v 34.6691 -26.8175 8.6461
v 36.0449 -25.6832 8.6607
v 37.2613 -24.5490 8.6754
v 41.7398 -25.5786 7.4774
v 43.3925 -25.7661 7.6760
v 45.3223 -26.8516 8.7300
v 51.5808 -26.6116 8.2142
v 52.6047 -26.6116 8.2142
v 57.0300 -25.5075 7.1268
v 57.9731 -25.5870 7.0633
v 59.9296 -26.6383 8.0677
v 17.0222 -24.1283 8.3393
v 18.5675 -23.3345 7.6036
v 20.4125 -22.5407 6.8678
v 32.1939 -22.0383 8.7292
v 32.2983 -22.0383 8.7292
v 37.1660 -24.3097 8.6754
v 38.5384 -23.0054 8.0097
v 40.7186 -22.9983 7.1297
v 42.8639 -24.2932 6.6220
v 49.6660 -21.9574 8.7139
v 49.7678 -21.9574 8.7139
v 56.1287 -23.4181 7.2758
v 57.2936 -24.4133 6.2861
v 19.3759 -20.6754 8.4108
v 21.1405 -20.8341 7.4247
v 23.4827 -20.1777 7.0865
v 25.9827 -19.7641 6.5698
v 27.3052 -19.5551 6.3114
v 32.1939 -21.8817 8.7292
v 32.2983 -21.8817 8.7292
v 39.4962 -21.7856 7.5105
v 39.8365 -21.7856 7.5105
v 49.6660 -21.8936 8.7139
v 49.7678 -21.8936 8.7139
v 54.3979 -19.9349 8.4695
v 55.0612 -20.7311 7.5859
v 19.5330 -19.2459 8.5203
v 20.9827 -19.2412 8.5102
v 23.4827 -19.0030 8.3365
v 25.8992 -18.1271 7.6972
v 27.8964 -18.1754 6.5352
v 39.6354 -17.0641 8.5749
v 40.9827 -17.4233 8.5343
v 42.3363 -17.4506 8.6444
v 49.5926 -17.0075 8.2249
v 49.8181 -17.0075 8.2249
v 54.4394 -18.1233 7.4566
v 55.0843 -18.1233 7.4566
v 26.6769 -16.5185 8.2425
v 28.6429 -15.8683 7.3214
v 29.9315 -15.2181 6.4003
v 39.1808 -15.6754 7.9981
v 40.7365 -15.6055 7.0810
v 42.6968 -15.6055 7.6908
v 47.0633 -14.5856 8.6164
v 48.6486 -15.5215 7.8808
v 50.7839 -15.4734 7.6446
v 53.3812 -15.4963 7.3332
v 55.0635 -16.4871 8.1104
v 29.2406 -13.7615 8.0670
v 30.8520 -13.4157 7.3444
v 33.7145 -12.3225 7.4338
v 35.7420 -12.6896 7.4338
v 38.3495 -14.1803 7.2619
v 39.7391 -14.4241 6.2629
v 44.0695 -13.1886 7.3986
v 46.1310 -13.1886 8.2549
v 48.6490 -13.3456 7.1449
v 50.9827 -14.3050 6.5173
v 52.2815 -14.3979 6.5559
v 34.7023 -11.9161 8.2161
v 34.7481 -11.9161 8.2161
v 44.6241 -11.4259 6.4907
v 46.0216 -10.6257 6.9010
v 47.8046 -10.6754 6.8885
v 46.8808 -9.3745 6.3599
v 47.3013 -9.3745 6.3599
v -60.6295 17.5296 7.5105
v -59.0173 16.9985 7.5105
v -56.9901 17.5435 7.5105
v -50.9621 17.3114 8.1472
v -49.0173 17.4585 8.2374
v -47.7321 18.0163 8.6763
v -27.9528 17.9557 8.5443
v -26.5173 17.9659 8.5179
v -24.2307 17.9250 7.6920
v -22.1524 17.8014 6.7307
v -60.6860 19.3644 7.4791
v -59.0173 20.1117 6.6222
v -56.3036 19.5239 7.0253
v -54.0447 19.9130 7.2993
v -51.7301 19.3709 7.2362
v -49.0173 18.8968 6.9874
v -46.9380 19.3260 7.7100
v -40.3762 20.5178 8.6598
v -39.0173 20.4276 8.1562
v -37.4361 20.4354 8.0553
v -33.3490 20.1821 7.5105
v -31.4304 20.2583 7.7507
v -28.8786 19.5723 8.2329
v -26.6017 19.2531 7.1783
v -24.0775 18.9164 7.7739
v -21.3117 19.3527 7.6630
v -19.0173 19.4270 7.5105
v -16.9972 20.0098 7.5105
v -62.9832 22.8884 8.2950
v -61.3556 22.0166 7.4599
v -59.0173 21.3031 6.6222
v -57.0549 20.9757 6.3784
v -53.2297 20.6883 6.3252
v -51.5447 21.6798 7.0025
v -49.8403 22.4235 7.5105
v -45.5070 20.7616 7.5105
v -44.0173 21.4346 7.5105
v -41.3472 21.8565 7.6140
v -38.9726 21.6329 6.9616
v -36.5686 21.2803 7.3374
v -33.8398 22.0916 6.9814
v -31.6159 22.0093 6.6767
v -29.0173 21.0502 7.0131
v -27.4912 20.8000 6.4469
v -22.8977 20.9357 8.5954
v -22.1376 20.9357 8.5954
v -16.6349 21.8246 7.5105
v -63.4070 24.2619 7.4812
v -62.2290 23.3868 6.6283
v -50.8297 23.5668 7.5105
v -49.8403 23.5668 7.5105
v -40.8130 24.5033 7.4450
v -38.9694 24.5188 7.5125
v -36.5044 25.3490 7.7395
v -33.9535 24.2735 7.4823
v -31.8003 23.9693 7.3283
v -29.0173 24.9305 8.4495
v -27.6848 25.4492 8.7256
v -16.8963 24.3246 7.5105
v -70.8278 27.8513 6.5742
v -69.0545 27.3675 7.4487
v -66.5173 26.8803 7.5105
v -63.9650 27.0402 7.9856
v -62.5435 27.9649 8.6192
v -40.6613 25.8793 7.5105
v -39.0045 26.1291 7.5783
v -36.6440 26.5108 7.6476
v -34.1546 26.6647 8.1229
v -31.5835 26.7328 7.5191
v -28.9803 26.8743 7.1689
v -26.7178 26.7370 8.0344
v -24.0173 27.1256 8.0704
v -22.3707 27.3719 8.4441
v -18.3638 27.3334 7.0924
v -17.3600 26.6298 7.7596
v -70.9402 29.3246 6.7824
v -69.8498 29.3246 8.0324
v -63.0450 28.4008 8.6192
v -62.5435 28.4008 8.6192
v -57.7899 30.5287 6.3134
v -57.6820 30.5287 6.3134
v -53.2300 30.4436 8.4764
v -52.6417 30.4436 8.4764
v -36.1790 29.3654 7.4276
v -34.0173 28.7162 6.7672
v -32.2592 28.4452 6.6575
v -28.3969 29.3246 6.8293
v -26.5173 29.3246 7.1036
v -23.7905 29.5693 6.7901
v -21.7241 29.4821 7.4603
v -19.0587 29.0701 7.6178
v -16.7998 29.1664 7.6361
v -14.9210 30.2577 6.5131
v -70.6040 30.7218 6.6426
v -69.1461 31.1265 7.4898
v -66.5173 31.9239 7.5105
v -64.0950 32.5647 7.4032
v -61.3335 32.9594 7.6218
v -59.0181 31.8535 7.5293
v -57.6820 30.6531 6.3134
v -53.2300 30.9071 8.4764
v -52.6417 30.9071 8.4764
v -47.8290 32.6162 6.3466
v -47.2206 32.6162 6.3466
v -36.3786 31.8246 7.5105
v -28.3931 31.8246 6.8181
v -26.5173 31.8246 6.9252
v -24.6390 31.8246 6.3675
v -21.0774 30.8441 6.4765
v -19.7536 30.8441 6.4765
v -16.2263 31.8246 6.7353
v -14.6006 31.8246 6.7353
v -63.6381 34.4129 7.4032
v -61.3335 33.3646 7.6218
v -60.2462 33.0908 8.7452
v -50.3521 35.4206 8.6734
v -48.9992 34.5232 7.5100
v -46.6227 34.2222 6.4694
v -44.9852 34.8187 6.5922
v -35.9652 34.2582 7.3690
v -33.8899 34.9634 7.3690
v -32.4636 35.2062 7.5105
v -28.1638 34.3246 6.5191
v -26.4517 34.1231 6.4714
v -25.2242 33.1554 6.2671
v -18.4329 34.8414 6.8149
v -16.6953 34.1347 6.8930
v -14.7179 34.3246 6.6352
v -63.7952 36.6811 7.5478
v -61.5173 37.4369 6.8203
v -60.0847 37.8801 6.5279
v -53.0553 37.7958 8.4235
v -51.4427 36.7188 8.5485
v -50.1694 35.6419 8.6734
v -46.0248 35.7293 6.5922
v -44.9852 35.7293 6.5922
v -36.0011 36.8246 6.8818
v -34.2393 36.8246 6.8818
v -32.0313 36.8246 7.5105
v -27.9461 35.8735 6.3583
v -27.2412 35.8735 6.3583
v -20.6514 37.4315 7.5105
v -19.1667 36.2117 7.5931
v -16.5173 36.3533 8.0157
v -14.3083 37.1186 7.2316
v -12.6817 37.8771 6.4168
v -63.3770 39.4582 7.5478
v -61.5173 38.7273 6.8203
v -60.0847 38.3054 6.5279
v -53.0553 38.3032 8.4235
v -51.4899 39.3470 8.2463
v -50.0746 40.3909 8.0690
v -35.7830 38.8562 6.9080
v -34.5258 38.8562 6.9080
v -32.0551 39.3246 7.5105
v -20.6954 39.3097 7.4936
v -20.0176 40.1332 6.6490
v -13.6225 39.3642 7.3543
v -12.6817 38.5572 6.4168
v -62.9234 40.8221 7.5105
v -62.1154 42.0721 7.5105
v -53.0935 42.8496 7.5105
v -51.6220 41.9568 7.7498
v -48.9379 41.8779 7.2048
v -47.7320 42.9894 6.3407
v -38.0912 42.8666 8.6122
v -37.5912 42.8666 8.6122
v -31.5024 41.9857 7.2950
v -29.0173 42.6689 6.4851
v -27.0894 42.6818 6.5024
v -23.4238 42.8258 6.4763
v -21.2520 41.8395 7.3960
v -20.0176 40.8531 6.6490
v -15.6390 42.8222 8.6081
v -14.2691 41.9231 7.6690
v -60.8654 43.8467 7.5105
v -58.8316 44.9571 7.3528
v -57.5815 45.1826 8.0810
v -53.0935 43.5231 7.5105
v -51.7459 44.3043 7.7455
v -48.8817 44.2305 7.1998
v -47.7320 43.1151 6.3407
v -42.8046 45.5517 6.3008
v -42.7604 45.5517 6.3008
v -38.0912 43.5207 8.6122
v -37.5912 43.5207 8.6122
v -31.3573 44.3246 7.7612
v -29.0173 44.3246 7.1749
v -26.3606 44.1826 7.1096
v -23.9558 44.3882 6.6335
v -21.5397 44.5395 7.5193
v -20.1558 45.2236 8.5623
v -15.5236 44.3525 7.5066
v -14.2743 44.5132 7.6555
v -12.7480 45.5423 8.6899
v -57.8744 45.6197 6.4143
v -56.6812 46.7586 7.2101
v -55.1126 47.8976 6.3392
v -50.7357 45.8989 8.0589
v -49.0025 46.8895 7.2497
v -46.3772 47.9466 7.4998
v -43.9579 46.8023 7.4299
v -42.7604 45.5915 6.3008
v -30.7345 47.0740 7.6354
v -29.4748 47.0987 7.7145
v -26.5173 46.2434 8.3904
v -23.7996 45.8738 7.5787
v -21.7333 45.8025 7.6416
v -20.1558 45.7901 8.5623
v -15.7039 46.9485 7.3472
v -14.0173 46.0804 8.1910
v -12.7480 45.6258 8.6899
v -55.7809 48.6841 8.0059
v -54.1530 49.4080 7.3726
v -52.4125 50.1320 6.7392
v -48.0427 48.3194 6.4405
v -46.3772 48.2296 7.4998
v -45.1112 48.1399 8.5591
v -30.5133 48.1799 7.0669
v -30.0846 48.1799 7.0669
v -22.9970 50.4249 8.2778
v -22.6577 50.4249 8.2778
v -18.2520 50.4534 6.6551
v -17.0476 49.5019 7.4973
v -53.4526 51.8246 8.1336
v -51.5544 51.8762 7.0908
v -49.0173 52.7384 6.7295
v -47.4325 52.9569 6.3327
v -22.9970 50.7684 8.2778
v -22.6577 50.7684 8.2778
v -18.4133 51.6409 7.4343
v -17.6025 51.6409 7.4343
v -53.2549 53.5156 8.2792
v -51.5173 53.5023 8.1893
v -48.8415 54.1522 7.9785
v -46.5664 54.2719 6.7182
v -44.8102 55.0702 6.3798
v -30.7936 55.4506 8.6238
v -30.2131 55.4506 8.6238
v -18.4045 54.4217 7.4749
v -17.5910 54.4217 7.4749
v -47.8910 55.6915 8.4984
v -46.5173 56.1348 8.0284
v -44.1009 56.9427 7.2007
v -42.6321 57.6808 6.3550
v -33.3705 57.2905 8.0886
v -31.4035 56.6431 8.3562
v -30.2131 55.9958 8.6238
v -25.3863 57.8850 8.6240
v -23.9202 57.5561 7.6786
v -21.9490 57.5687 7.5105
v -18.8565 56.7740 7.5461
v -17.6247 55.9069 8.4031
v -43.3606 59.3246 8.0576
v -41.6498 59.5646 7.4585
v -39.5723 60.3096 7.5105
v -36.3315 59.7350 7.5105
v -34.1292 58.4639 7.3573
v -31.3149 58.2330 7.3573
v -28.8738 59.5627 7.5362
v -26.3387 59.4653 8.3697
v -24.4432 59.3246 7.3024
v -20.6990 58.2217 7.5105
v -20.0286 58.2217 7.5105
v -42.9341 60.6654 8.5621
v -42.3342 60.6654 8.5621
v -38.3223 60.7254 7.5105
v -37.5815 60.7254 7.5105
v -28.0681 61.8246 6.8676
v -26.5173 61.8246 7.4789
v -24.8157 61.8246 6.8717
v -27.9909 63.2907 6.6105
v -26.5173 63.2918 6.6150
v -25.1855 63.1481 6.3831
v 22.0566 -57.0432 9.1492
v 23.6043 -56.9898 10.1844
v 24.7470 -56.9365 11.2197
v 12.2094 -54.5038 8.7919
v 13.4827 -54.9191 9.1257
v 15.9827 -54.8658 9.1059
v 17.2419 -54.4328 8.7655
v 21.7763 -55.5950 9.9937
v 23.6043 -56.4410 10.1844
v 25.0633 -55.6745 10.2360
v 44.4925 -54.5989 9.1466
v 45.9827 -54.7346 9.3927
v 47.6931 -54.6642 9.2172
v 12.2094 -54.1471 8.7919
v 13.4169 -53.1336 9.8373
v 15.9827 -53.6023 10.3559
v 18.3612 -53.2029 9.8935
v 21.1071 -53.3447 10.0984
v 23.4827 -52.6516 10.7378
v 25.8343 -52.9767 9.9678
v 28.5963 -51.9942 10.0843
v 30.9352 -52.0226 10.3583
v 33.4827 -52.2163 9.6506
v 36.1407 -52.1095 10.0280
v 38.4827 -52.7176 10.0105
v 40.9827 -53.0314 10.0105
v 43.5886 -53.5307 9.9921
v 45.9827 -53.8786 10.6427
v 48.4296 -53.1947 10.0345
v 51.4052 -52.0933 10.0105
v 53.5206 -52.3581 10.1902
v 55.3520 -52.4227 9.4767
v 9.5478 -49.6422 9.3016
v 11.0933 -50.0451 10.0852
v 12.7590 -51.2874 10.0105
v 19.4806 -51.5078 11.0214
v 21.0672 -50.5063 10.0984
v 23.3718 -50.4731 9.6935
v 25.9827 -50.6754 10.2766
v 28.4721 -51.0749 10.1901
v 30.9352 -51.7501 10.3583
v 33.4827 -51.6034 10.9006
v 35.4128 -51.5289 10.8730
v 44.6545 -49.5063 11.0762
v 44.7680 -49.5063 11.0762
v 49.6335 -51.8371 10.0105
v 50.1552 -51.8371 10.0105
v 54.3792 -51.1733 11.1433
v 55.2714 -50.4742 10.1902
v 8.9487 -48.3259 10.0852
v 10.3337 -49.2596 10.9683
v 21.8013 -48.3929 10.2275
v 23.2222 -48.5218 10.2757
v 25.9827 -49.1828 10.9656
v 28.3634 -48.2100 11.0269
v 31.1442 -47.1052 9.8678
v 32.5438 -46.9787 8.7971
v 36.5312 -47.1628 9.0158
v 38.4477 -47.4400 9.9137
v 40.9827 -48.0314 10.0105
v 43.6858 -48.7519 10.1499
v 45.9729 -48.1164 9.9426
v 48.3712 -47.1799 9.7896
v 49.9997 -47.0994 10.0105
v 54.5636 -47.5870 11.2049
v 55.3066 -48.3224 10.2271
v 4.1566 -45.0730 10.0105
v 5.9827 -45.7075 10.0105
v 8.5293 -45.5106 9.4789
v 9.7560 -44.4448 8.7701
v 22.1779 -46.7695 11.2056
v 22.3131 -46.7695 11.2056
v 29.3294 -46.1280 10.9385
v 31.1442 -46.4970 9.8678
v 32.5438 -46.8661 8.7971
v 36.1719 -45.7266 9.9137
v 37.5911 -46.5941 10.6825
v 47.1778 -46.9024 8.8090
v 47.4636 -46.9024 8.8090
v 51.3709 -45.8046 9.8107
v 53.6312 -45.8046 10.3155
v 55.2763 -45.6754 9.3915
v 3.6426 -43.1754 10.0105
v 9.7132 -44.3912 8.7701
v 9.7560 -44.3912 8.7701
v 14.5277 -42.0630 8.8579
v 14.8892 -42.0630 8.8579
v 19.3200 -42.0859 8.8605
v 19.8669 -42.0859 8.8605
v 36.4437 -42.9943 10.1167
v 37.3025 -42.0402 11.0209
v 52.1070 -44.3681 8.8441
v 53.4827 -44.3536 8.8709
v 54.7795 -44.3871 8.8240
v 4.2187 -41.3630 10.0105
v 5.8483 -40.2223 9.8713
v 7.4744 -39.8368 8.9452
v 14.5277 -41.8266 8.8579
v 14.8892 -41.8266 8.8579
v 19.3200 -41.7637 8.8605
v 19.8669 -41.7637 8.8605
v 32.2066 -39.4627 11.1398
v 32.2940 -39.4627 11.1398
v 36.9766 -40.6754 9.5291
v 38.3361 -40.1432 9.9291
v 39.7440 -39.4335 8.7956
v 6.5921 -38.6586 10.6119
v 7.6144 -37.9654 9.8713
v 24.6758 -36.9696 11.0139
v 25.0516 -36.9696 11.0139
v 32.2066 -39.3829 11.1398
v 32.2940 -39.3829 11.1398
v 37.1398 -39.3011 9.1916
v 38.4851 -39.2449 9.8270
v 40.3830 -38.2833 9.7816
v 7.9453 -35.6754 10.0105
v 19.6667 -34.4963 8.8440
v 19.8347 -34.4963 8.8440
v 24.6758 -36.8414 11.0139
v 25.0516 -36.8414 11.0139
v 40.9527 -35.6754 10.0105
v 51.9854 -34.7913 9.3753
v 53.4714 -35.3388 10.1294
v 55.9641 -35.3765 10.0936
v 57.6396 -34.8541 9.3157
v 8.8258 -33.1737 9.9415
v 9.9401 -32.3392 9.0621
v 19.6667 -34.3671 8.8440
v 19.8347 -34.3671 8.8440
v 40.3700 -33.1754 10.0105
v 51.9854 -33.8080 9.3753
v 53.3716 -33.1831 10.0901
v 55.9641 -33.3050 10.5560
v 57.8447 -33.1754 9.4715
v 9.3322 -31.3308 10.7288
v 11.0310 -30.5154 9.8465
v 12.6395 -29.7000 10.6310
v 19.6603 -29.5134 9.3012
v 19.8465 -29.5134 9.3012
v 32.2200 -29.4385 11.2457
v 33.4318 -29.5433 10.1714
v 35.0224 -29.6481 9.0970
v 40.3714 -30.6754 10.0105
v 53.7805 -30.6754 9.3734
v 55.9615 -30.6169 10.4865
v 57.7983 -30.6169 9.9962
v 12.1219 -29.2443 8.9643
v 13.4097 -28.3015 9.8863
v 16.0462 -27.4457 10.1613
v 18.4832 -28.3777 10.2411
v 20.8939 -28.1613 9.1632
v 22.4268 -27.0999 9.0252
v 32.2200 -29.2792 11.2457
v 33.5904 -28.6484 9.9961
v 35.0933 -28.1754 9.0588
v 39.6812 -27.0064 11.2042
v 40.3117 -27.9740 10.2267
v 46.9889 -26.9387 8.7916
v 48.7176 -26.9682 9.7791
v 49.8908 -26.9689 10.0105
v 53.8996 -28.1754 9.3125
v 55.4223 -28.1754 10.5625
v 58.8829 -28.5468 10.0105
v 59.9422 -27.2968 10.0105
v 14.1799 -26.6094 10.8084
v 16.1255 -26.0757 10.2483
v 17.3361 -25.6754 11.0783
v 21.9412 -26.8099 9.0252
v 22.4268 -26.8099 9.0252
v 27.2324 -24.4261 11.2556
v 27.2334 -24.4261 11.2556
v 34.6691 -26.8175 8.8217
v 36.0449 -25.6832 9.0898
v 38.4712 -25.7172 10.2810
v 40.9781 -26.2947 10.2267
v 43.7082 -25.2744 10.2317
v 45.8834 -25.8496 10.0021
v 48.0409 -26.5143 10.4583
v 51.1909 -25.7372 10.0286
v 53.4559 -25.7372 9.6592
v 56.0776 -25.7147 10.1192
v 58.4827 -26.0522 10.0105
v 59.9422 -26.6183 10.0105
v 17.0222 -24.1283 9.4303
v 17.7725 -23.2472 10.1624
v 27.2324 -24.4247 11.2556
v 27.2334 -24.4247 11.2556
v 32.1939 -22.0383 9.0073
v 32.2983 -22.0383 9.0073
v 37.1660 -24.3097 9.3579
v 38.3482 -23.1631 9.4280
v 40.6494 -22.1447 10.2516
v 43.8470 -23.1554 11.1088
v 44.7779 -24.0380 11.2125
v 49.6660 -21.9574 8.9026
v 50.7779 -22.6534 9.9309
v 53.4827 -23.1754 10.1688
v 55.2031 -23.1754 9.4771
v 18.6180 -20.6754 10.0105
v 22.1243 -19.5756 10.8248
v 23.4827 -19.8120 10.7718
v 25.9827 -19.8562 11.0055
v 27.4366 -19.6345 11.1364
v 32.1939 -21.8817 9.0073
v 32.2983 -21.8817 9.0073
v 37.0396 -19.6603 10.9715
v 38.8908 -20.8661 10.2732
v 40.4202 -21.2229 10.1131
v 43.2393 -20.6754 10.4768
v 49.6660 -21.8936 8.9026
v 50.5937 -21.1975 9.8880
v 53.5318 -20.7311 9.3744
v 54.8749 -21.6016 8.9617
v 19.2416 -18.9821 10.0105
v 21.1677 -19.0311 9.9991
v 23.4827 -19.0030 9.5218
v 25.8992 -18.1271 9.8709
v 28.3550 -18.2181 10.7662
v 30.4003 -17.4133 10.8701
v 37.0396 -19.0485 10.9715
v 38.5451 -18.0563 10.1565
v 40.9827 -18.6733 9.2291
v 43.4042 -18.2416 9.8518
v 45.9827 -17.5680 10.7408
v 48.6486 -17.6715 10.0614
v 50.6702 -18.1723 9.9956
v 53.5318 -18.2520 9.4805
v 55.0635 -17.4698 9.1568
v 26.6769 -16.5185 9.2844
v 28.4374 -15.6813 9.7127
v 31.1333 -15.7186 10.8187
v 33.4827 -15.3224 11.0431
v 35.1274 -15.1327 11.1034
v 38.1661 -15.6754 10.0105
v 43.8283 -15.6754 9.3265
v 46.1310 -15.5215 9.5143
v 47.9259 -16.2523 9.2621
v 51.4847 -16.1721 9.2172
v 53.4827 -16.0317 9.4003
v 55.0635 -16.4871 9.1568
v 29.2406 -13.7615 9.3805
v 30.9827 -13.4757 9.7510
v 33.7145 -13.0639 9.5927
v 35.7711 -13.4651 9.9370
v 37.4474 -14.2349 10.0105
v 44.2566 -14.0308 9.0430
v 45.3966 -14.0308 9.0430
v 34.7023 -11.9161 8.7707
v 34.7481 -11.9161 8.7707
v -60.4802 17.7522 8.9713
v -59.0173 17.5527 9.1597
v -57.2268 17.7011 9.0819
v -51.0337 17.1227 10.0105
v -49.0173 16.8096 10.0105
v -47.6042 17.7615 10.0105
v -27.9528 17.9557 8.9984
v -26.5173 17.9659 8.9870
v -25.1792 18.0486 8.8246
v -60.5881 19.3246 9.1560
v -58.7874 19.5584 10.2698
v -56.4430 19.2244 9.9533
v -54.0664 19.8898 10.0628
v -51.6115 19.3565 10.2003
v -49.0173 20.1370 10.9139
v -47.2816 19.3354 10.0578
v -40.3762 20.5178 8.9118
v -39.0173 20.4276 9.0933
v -37.4361 20.4354 9.0529
v -33.7151 20.1118 10.0105
v -31.2850 20.2021 9.8395
v -29.0884 19.5796 9.7786
v -26.5173 18.8862 10.2370
v -24.4556 19.4155 9.7989
v -20.4710 20.5112 8.9533
v -19.0173 20.3111 9.3039
v -17.4189 20.2867 9.2922
v -62.9832 22.8884 9.3078
v -61.3963 21.9628 9.6331
v -59.4800 21.8246 10.6908
v -53.2448 21.8246 10.9365
v -51.4130 21.9659 9.9267
v -49.1121 21.9659 9.8569
v -46.4370 21.7997 10.1530
v -44.0173 21.7878 10.0105
v -41.3326 21.2803 9.8513
v -39.0173 21.0992 10.3433
v -36.5686 21.0886 9.9359
v -34.9651 20.9492 10.0105
v -30.2967 20.6090 10.5588
v -30.2240 20.6090 10.5588
v -23.0687 20.9798 10.0105
v -21.3895 21.0055 9.8762
v -18.9154 21.6813 10.4656
v -17.3174 21.8246 9.4972
v -63.5320 24.1550 10.0888
v -61.5173 23.2854 10.8638
v -60.0174 23.2217 11.0176
v -52.9054 23.1824 11.1578
v -51.3155 24.0671 10.2993
v -49.2056 24.1216 10.2453
v -46.3656 24.3239 11.0718
v -44.0173 25.3971 11.1184
v -41.5844 25.5059 10.0635
v -39.8293 25.4558 8.8890
v -35.4949 25.4495 8.8310
v -34.1274 25.3510 9.7329
v -31.6516 24.9216 9.8850
v -29.0173 24.5591 10.0105
v -26.7178 25.1821 10.1755
v -24.9495 25.5081 11.1188
v -18.0468 24.3246 10.9273
v -17.1736 24.3246 9.6773
v -68.2933 27.5826 10.0105
v -66.5067 27.5392 10.0777
v -64.1451 27.3198 9.6379
v -62.5435 27.9649 8.9049
v -50.4544 25.7442 11.1074
v -50.0693 25.7442 11.1074
v -45.3658 25.6772 11.0937
v -43.8233 26.6362 11.0933
v -41.7260 26.3557 10.1962
v -39.8293 25.7305 8.8890
v -36.1628 26.7700 9.8028
v -34.1274 25.8125 9.7329
v -32.5745 25.7247 8.9681
v -26.0182 25.8453 9.4521
v -24.0766 25.8590 10.1755
v -21.5294 26.9209 10.0214
v -18.8428 26.7990 10.4850
v -17.3618 26.8246 9.3400
v -69.3035 29.3246 10.0105
v -65.6662 28.1823 10.9559
v -64.0751 28.2916 9.9304
v -62.5435 28.4008 8.9049
v -53.2300 30.4436 8.9163
v -52.6417 30.4436 8.9163
v -42.8606 28.1325 11.1713
v -42.7033 28.1325 11.1713
v -37.0154 29.3246 10.0105
v -20.7040 28.3984 9.1954
v -19.0173 28.3178 9.0873
v -17.7668 28.0751 8.7613
v -68.5919 31.8637 10.2322
v -66.5173 32.6179 9.5173
v -64.9801 32.8171 8.9834
v -60.2748 33.0539 8.7752
v -60.2462 33.0539 8.7752
v -53.2300 30.9071 8.9163
v -52.6417 30.9071 8.9163
v -40.3603 32.9840 11.1418
v -40.1835 32.9840 11.1418
v -36.3543 31.8246 10.0105
v -67.7947 33.1245 11.2133
v -66.4088 34.1045 10.5735
v -64.9653 34.3246 9.1871
v -60.2748 33.0908 8.7752
v -60.2462 33.0908 8.7752
v -50.3521 35.4206 8.9046
v -50.1694 35.4206 8.9046
v -40.3603 33.2017 11.1418
v -40.1835 33.2017 11.1418
v -35.5549 33.3700 10.0105
v -34.0173 34.0724 10.0105
v -32.3388 35.0270 10.0105
v -65.4969 36.8246 10.3191
v -65.1617 36.8246 9.0691
v -53.0553 37.7958 9.0871
v -51.4427 36.7188 8.9958
v -50.1694 35.6419 8.9046
v -31.8653 36.8246 10.0105
v -20.6263 37.6772 9.4947
v -19.0950 37.3865 10.2010
v -16.6397 37.5964 9.8130
v -15.2058 38.0269 8.8481
v -65.3376 38.2844 10.4927
v -64.5759 39.2005 9.7998
v -52.9941 39.3247 10.0983
v -51.7368 39.6801 9.8444
v -50.0746 40.3909 9.3367
v -32.9274 39.9999 10.5096
v -32.3741 39.2298 9.8099
v -20.6875 39.3246 9.6058
v -19.0950 39.2177 10.7748
v -16.6397 39.2177 10.3378
v -14.9896 39.3246 9.0595
v -63.1556 41.6229 10.1988
v -61.5474 42.6315 10.2246
v -59.8774 42.9411 10.9582
v -53.1213 41.9707 10.1699
v -51.5609 41.5191 9.8574
v -50.0746 40.7664 9.3367
v -38.0912 42.8666 9.0583
v -37.5912 42.8666 9.0583
v -32.9274 40.9534 10.5096
v -32.5821 41.8019 9.8099
v -20.4943 41.8246 9.1157
v -19.0173 41.8246 9.8318
v -16.0914 42.3303 10.0950
v -15.0861 42.0821 10.0624
v -62.8748 43.1296 11.1577
v -61.5474 43.3918 10.2246
v -59.1963 44.4183 9.9491
v -56.4778 45.2863 10.0447
v -53.9762 44.2900 10.4986
v -51.7426 44.2711 9.6862
v -48.9955 45.4003 10.1930
v -47.6883 45.4547 11.1322
v -38.0912 43.5207 9.0583
v -37.5912 43.5207 9.0583
v -32.9171 45.4653 10.9533
v -32.5095 44.5090 10.0762
v -20.3687 43.5570 8.8413
v -19.2004 44.3640 9.5117
v -16.5301 43.8653 10.2450
v -14.0887 44.3976 9.9937
v -12.7480 45.5423 8.9342
v -58.5152 46.0742 10.6066
v -56.4270 46.5384 10.3486
v -55.1636 45.9785 11.1494
v -50.7357 45.8989 9.2539
v -48.9955 45.7923 10.1930
v -46.3486 47.0192 10.4912
v -45.0974 48.0194 10.0105
v -32.9171 45.6605 10.9533
v -31.6803 46.5387 10.0762
v -29.0173 47.6320 10.0105
v -26.5173 47.2574 10.0105
v -24.0173 46.6591 10.0105
v -21.4832 46.9586 10.0221
v -19.2004 46.7039 9.7031
v -16.6957 46.9302 10.1613
v -13.8852 46.2320 9.8647
v -12.7480 45.6258 8.9342
v -55.7710 49.0309 10.0105
v -54.9391 50.2809 10.0105
v -45.3438 48.1440 10.0105
v -45.0974 48.1440 10.0105
v -30.6531 50.1352 11.0686
v -29.8138 50.1352 11.0686
v -22.9970 50.4249 9.0611
v -21.6787 49.7962 10.0282
v -19.0173 49.3246 9.9402
v -17.3833 49.3246 9.1972
v -54.5765 51.8246 10.0105
v -50.3733 52.8859 10.8706
v -49.0173 52.7152 10.8843
v -47.2277 52.7841 11.1488
v -35.4793 52.8315 11.1090
v -34.0173 52.4580 10.7368
v -31.4988 51.7272 10.5174
v -29.6594 51.8246 10.7417
v -22.9970 50.7684 9.0611
v -21.8650 51.3719 9.8499
v -19.2517 51.6873 9.2415
v -17.6477 50.7625 8.9875
v -53.6548 53.8659 10.0105
v -51.3309 53.7853 10.0265
v -48.8415 54.1522 9.5515
v -46.4436 54.1914 10.6976
v -44.0173 54.8148 10.9393
v -42.3775 55.2002 10.9787
v -35.9774 54.3246 11.0171
v -34.0173 54.3246 10.0152
v -31.5831 54.5002 9.1590
v -29.2284 54.5765 10.0911
v -26.5173 54.9635 10.8948
v -24.0173 54.5289 10.6103
v -21.7440 54.1036 10.2129
v -19.2517 54.4369 9.1663
v -17.6247 55.3452 8.9645
v -47.8910 55.6915 8.9136
v -46.5173 56.1348 9.3906
v -44.1419 56.9526 9.8877
v -41.5334 56.9820 10.9070
v -40.0171 57.9203 11.1464
v -36.0022 56.0007 11.0875
v -34.2813 56.6456 9.9460
v -31.4035 56.6431 8.8062
v -29.2348 56.8273 9.4412
v -26.3387 56.9608 9.7236
v -24.0173 56.3824 9.3603
v -21.3593 56.8346 9.2344
v -19.1862 56.7740 9.1878
v -17.6247 55.9069 8.9645
v -43.3606 59.3246 9.3698
v -41.5075 59.4946 9.6795
v -39.1069 59.3603 10.0165
v -36.6891 59.3634 9.8362
v -35.0383 58.2819 10.0105
v -30.3467 58.1440 8.8079
v -29.0173 58.6150 9.1155
v -27.0530 58.7258 9.1865
v -20.4206 58.1254 8.8164
v -20.1321 58.1254 8.8164
v -42.9341 60.6654 8.9328
v -42.3342 60.6654 8.9328
v -38.1966 60.6835 8.8867
v -37.6369 60.6835 8.8867
v 24.6721 -56.9365 11.2771
v 24.7470 -56.9365 11.2771
v 22.1477 -54.7081 11.3638
v 23.6963 -55.5950 11.5370
v 24.9678 -55.6754 11.5287
v 52.0854 -54.5285 13.5753
v 52.5283 -54.5285 13.5753
v 9.4642 -52.1679 13.3216
v 10.9827 -52.3898 13.1070
v 13.5689 -52.2111 12.3747
v 15.9827 -52.3523 11.7846
v 17.8139 -52.3000 11.7985
v 22.1477 -54.2503 11.3638
v 23.4827 -53.9016 11.5936
v 25.0318 -53.9022 11.6014
v 29.7016 -51.9373 11.2801
v 30.0237 -51.9373 11.2801
v 33.9743 -52.3265 13.1472
v 36.2973 -52.1513 12.4349
v 38.3183 -52.4311 12.5378
v 40.9827 -52.7253 12.5105
v 43.4827 -52.6771 12.5105
v 45.9827 -53.1389 12.5105
v 48.6633 -52.5281 12.4138
v 51.0073 -52.9129 12.5457
v 53.1499 -53.0418 12.6494
v 9.1738 -50.6754 12.9143
v 11.0933 -50.4783 11.8241
v 13.6399 -50.8918 12.5151
v 15.9827 -50.6754 12.5557
v 18.5814 -50.6748 11.9596
v 19.9510 -49.8411 11.5585
v 29.3053 -50.4350 12.2722
v 30.9073 -51.3457 12.2722
v 33.2776 -51.5982 12.3925
v 36.2973 -51.7114 12.4349
v 38.5420 -50.7163 13.5509
v 39.7711 -49.5387 13.7124
v 44.6545 -49.5063 11.3024
v 44.7680 -49.5063 11.3024
v 49.6171 -51.8282 11.5160
v 49.9292 -51.8282 11.5160
v 54.1256 -50.4742 12.2712
v 54.7451 -49.5067 11.2783
v 8.9326 -48.3259 12.3469
v 10.3337 -49.2596 11.4045
v 14.5105 -49.3777 13.6263
v 15.9827 -49.0800 13.2816
v 18.6725 -48.1777 13.0919
v 20.4804 -48.1754 12.0530
v 23.8768 -47.6389 12.5105
v 26.1558 -47.8540 12.7017
v 28.5536 -48.3709 12.2899
v 30.3450 -47.7579 12.5105
v 34.4801 -47.1070 13.4256
v 35.9827 -47.1955 13.2579
v 38.6498 -48.0662 12.7355
v 40.9689 -48.1187 12.8066
v 43.4941 -48.0528 12.4349
v 45.7539 -48.4960 12.2856
v 48.4827 -47.5816 12.5105
v 50.8937 -47.4074 12.3867
v 53.5257 -48.3769 12.2080
v 54.7451 -49.2537 11.2783
v 4.4347 -44.6255 12.5105
v 5.7358 -44.6716 12.4379
v 8.4710 -45.4451 12.5699
v 9.9982 -44.6545 13.5836
v 19.6323 -46.8162 13.6857
v 21.1998 -46.2799 12.7156
v 22.6268 -46.2005 12.5105
v 27.1045 -46.7259 13.6625
v 28.4129 -45.5936 12.4798
v 30.9743 -45.4722 12.3875
v 33.5811 -45.6600 13.2527
v 35.9914 -45.7266 12.2211
v 37.5911 -46.5941 11.7585
v 42.1667 -46.8847 13.5674
v 42.3338 -46.8847 13.5674
v 51.6677 -46.7240 11.4709
v 52.8970 -46.7240 11.4709
v 4.1554 -43.1754 12.5105
v 6.4045 -43.7447 13.2229
v 8.3689 -43.0170 13.2711
v 10.2605 -43.1754 13.5520
v 26.8128 -42.4472 13.2000
v 28.3909 -43.2385 12.9203
v 30.7911 -43.2068 13.0870
v 33.4827 -43.9287 13.3769
v 36.0011 -43.0839 12.4778
v 37.3025 -42.0402 11.4238
v 4.4534 -41.5485 12.5105
v 5.3186 -40.2985 12.5105
v 9.1263 -41.6825 13.6593
v 10.1710 -41.6825 13.6593
v 26.4967 -40.6754 12.9886
v 28.4352 -40.8902 13.1171
v 31.0183 -40.6647 12.5269
v 32.2940 -39.4627 11.3366
v 36.9166 -40.6754 13.0621
v 37.3922 -40.6754 11.8121
v 6.6438 -37.9654 12.4456
v 7.3050 -36.9920 11.5691
v 24.6758 -36.9696 11.5488
v 25.8614 -37.9231 12.4203
v 27.5703 -38.8766 13.2918
v 32.2066 -39.3829 11.3366
v 32.2940 -39.3829 11.3366
v 37.2056 -39.4013 13.4992
v 38.5257 -38.4616 12.7612
v 40.2003 -37.5220 12.0232
v 7.1366 -36.2595 13.2357
v 8.1900 -35.3741 12.6405
v 10.9827 -34.7629 13.6136
v 13.4827 -34.7367 13.6347
v 14.7516 -34.4538 13.7399
v 24.6758 -36.8414 11.5488
v 25.0516 -36.8414 11.5488
v 39.6757 -36.8201 13.6899
v 40.2740 -35.8622 12.7181
v 54.2972 -34.7546 11.3572
v 55.1183 -34.7546 11.3572
v 8.8632 -33.3932 12.7313
v 10.9827 -34.3289 13.6136
v 13.4827 -34.1952 13.6347
v 15.6499 -33.1497 13.6885
v 17.3745 -32.1061 13.6371
v 29.6379 -32.0700 13.7028
v 30.9827 -32.0956 13.7019
v 32.2809 -32.0077 13.7401
v 41.0201 -32.9722 12.7280
v 42.2742 -32.0034 13.7063
v 54.2972 -34.2248 11.3572
v 55.1183 -34.2248 11.3572
v 9.1390 -31.0430 12.5105
v 10.9827 -30.0647 12.5105
v 12.7512 -29.6972 12.5105
v 16.5483 -31.3245 13.6371
v 17.3745 -31.3245 13.6371
v 29.6379 -31.6604 13.7028
v 31.2615 -30.5494 12.8881
v 32.3413 -30.4333 12.7483
v 41.3079 -30.7706 12.7280
v 42.2742 -31.6674 13.7063
v 56.7808 -29.7446 11.5516
v 57.5993 -29.7446 11.5516
v 11.9667 -27.5157 13.2810
v 12.8158 -28.2796 12.4728
v 17.0975 -27.5326 11.3618
v 17.3061 -27.5326 11.3618
v 32.0259 -29.2084 12.5105
v 32.3323 -29.2084 12.5105
v 39.6812 -27.0064 11.3037
v 40.7151 -27.9740 12.2864
v 49.7076 -26.9341 11.2692
v 49.7620 -26.9341 11.2692
v 56.6723 -28.1754 11.6193
v 58.4526 -28.0148 11.5921
v 59.8151 -27.0744 11.3348
v 11.9667 -26.6113 13.2810
v 13.4010 -26.2458 12.4728
v 16.3110 -25.6828 12.4641
v 17.3361 -25.6754 11.8159
v 27.2324 -24.4261 11.2609
v 27.2334 -24.4261 11.2609
v 39.6812 -26.8854 11.3037
v 41.0841 -25.8555 12.3401
v 43.0252 -24.8256 11.7099
v 46.4446 -24.8476 11.5244
v 48.7176 -25.6787 11.6593
v 50.1693 -25.6754 11.5610
v 56.9374 -26.7143 11.4478
v 58.4827 -26.6753 11.4567
v 59.8151 -26.8030 11.3348
v 17.1912 -24.3612 13.5664
v 18.2372 -23.2530 12.7683
v 19.9959 -22.1449 13.6369
v 27.2324 -24.4247 11.2609
v 27.2334 -24.4247 11.2609
v 39.7113 -21.9791 13.3544
v 40.7432 -22.9593 12.5321
v 43.8470 -23.1554 11.4989
v 45.7598 -23.1930 11.5403
v 48.4827 -23.1754 11.9799
v 50.2855 -23.1754 11.6506
v 18.9748 -20.6754 12.1869
v 21.0601 -20.6456 12.7114
v 23.4827 -20.4923 12.5105
v 25.9827 -20.2462 12.5105
v 27.6247 -19.7595 12.5105
v 37.0126 -19.7005 12.5105
v 38.7199 -21.1138 12.5168
v 39.7739 -21.8726 11.6877
v 44.4893 -20.6754 11.5155
v 45.9827 -20.6754 11.8414
v 48.4827 -20.6754 11.7313
v 49.9631 -20.6754 11.4055
v 19.2775 -19.0139 11.7860
v 20.4577 -19.0139 11.7860
v 28.8747 -18.9008 12.5105
v 30.5255 -17.6508 12.5105
v 36.5866 -18.1992 12.3761
v 37.4549 -17.3818 11.4533
v 44.4720 -19.0325 11.5732
v 45.9827 -18.8180 11.6894
v 48.4827 -19.0464 11.5038
v 49.8557 -19.3371 11.3257
v 31.7755 -16.4037 12.5105
v 33.4827 -16.2787 12.5105
v 35.7884 -16.0088 12.2341
v 37.4680 -15.6754 11.4709
v 36.7941 -14.3479 11.3483
v 37.3242 -14.3479 11.3483
v -50.5943 17.5687 11.6143
v -49.0173 17.4257 11.7103
v -47.5851 17.7153 11.5065
v -62.9663 20.4410 13.4959
v -61.5173 20.3956 13.4305
v -58.9605 20.5085 12.4363
v -56.5173 20.4597 11.4496
v -54.9325 20.4484 11.4856
v -50.5943 18.7230 11.6143
v -49.0173 18.8870 11.7103
v -47.5851 18.5093 11.5065
v -38.4590 20.3469 13.3518
v -37.2677 20.3469 13.3518
v -33.5416 20.2607 12.5105
v -31.9147 20.2607 12.5105
v -28.8316 20.1175 12.5105
v -26.5173 19.8222 12.5105
v -23.9302 20.2956 12.5738
v -21.5173 19.9530 13.0003
v -19.6336 19.8170 13.0580
v -63.3796 21.8246 13.0364
v -61.5173 21.8246 12.5730
v -59.1068 21.8246 12.4270
v -56.5173 21.8246 12.0118
v -54.4948 21.8246 11.7153
v -45.6988 22.8691 11.4044
v -43.8351 22.5651 12.3468
v -41.5173 21.7375 12.5105
v -39.1823 21.1055 12.5153
v -36.4675 20.9080 12.5153
v -34.7916 20.7234 12.5105
v -30.6647 20.6899 12.5105
v -30.0816 20.6899 12.5105
v -23.0388 20.7538 11.7828
v -21.5173 20.8424 11.7503
v -19.3830 21.6813 12.3390
v -63.8221 24.1550 12.3399
v -61.5173 23.2854 11.6530
v -59.1935 23.2808 12.4734
v -56.5173 23.7875 13.0727
v -53.9159 24.3045 12.6108
v -52.1210 24.8491 11.9133
v -48.3446 25.0730 12.5105
v -46.5176 24.4802 12.0364
v -43.8351 24.3171 12.3468
v -42.6979 25.4164 12.5105
v -35.3862 25.5552 13.7223
v -34.0121 24.8869 12.7376
v -31.5104 24.8789 12.2828
v -28.9224 25.2095 12.2828
v -26.5173 24.8413 12.5105
v -24.6322 25.2730 12.5105
v -20.9464 24.9811 13.2095
v -19.3388 24.2185 12.4299
v -67.9900 27.9805 11.6501
v -67.3329 27.9805 11.6501
v -63.8543 27.0054 12.6837
v -62.5162 27.9593 13.6326
v -53.2597 25.8786 13.5799
v -51.3796 26.2364 12.6521
v -49.5946 26.1737 12.5105
v -45.7750 26.6362 12.7265
v -44.5273 27.3439 12.0372
v -41.6734 26.8262 12.5736
v -39.0173 27.2908 13.2157
v -36.4235 26.6719 12.7005
v -34.8419 25.9003 12.0556
v -30.6724 25.7886 12.9643
v -29.6924 25.7886 12.9643
v -23.3822 25.7153 12.5105
v -21.6748 25.9115 12.4299
v -19.5598 25.9486 11.5428
v -68.4970 29.2286 12.4943
v -66.5067 28.7238 12.4943
v -64.1791 29.3206 12.7987
v -62.3846 29.3246 13.5678
v -48.3723 30.4733 13.6184
v -46.2834 29.5138 13.6182
v -43.8233 29.1093 12.6189
v -41.7698 29.1659 12.7010
v -39.0173 28.7887 13.2157
v -37.2231 29.3709 12.5114
v -68.3798 31.7648 12.2923
v -67.3996 32.5584 12.9803
v -63.2531 31.2133 13.6315
v -62.5082 31.2133 13.6315
v -48.3723 30.9037 13.6184
v -46.5379 31.7720 13.2667
v -44.0946 31.6989 13.2674
v -41.4316 31.8829 12.5176
v -40.1835 32.9840 11.4156
v -36.3615 31.8246 12.5105
v -67.7947 33.1245 11.3136
v -66.9053 34.1045 12.2923
v -50.5282 35.4341 13.4710
v -49.7673 35.4341 13.4710
v -46.0051 34.3246 12.7860
v -44.9169 34.3246 12.7860
v -40.3603 33.2017 11.4156
v -40.1835 33.2017 11.4156
v -35.5619 33.4072 12.5105
v -33.9299 34.6678 12.5430
v -32.5296 35.2863 11.7313
v -65.9640 36.8246 12.5105
v -62.9175 37.9583 13.6818
v -61.5173 37.8071 13.4700
v -59.0173 37.7430 13.4386
v -57.6020 37.8728 13.6399
v -50.5282 35.7283 13.4710
v -49.7673 35.7283 13.4710
v -45.8001 35.9158 13.1036
v -45.0881 35.9158 13.1036
v -37.9552 38.0424 13.0341
v -37.7121 38.0424 13.0341
v -33.0382 36.1874 13.3980
v -32.5053 36.9423 12.5430
v -18.3135 37.9060 11.3449
v -17.5545 37.9060 11.3449
v -65.5158 38.5589 12.5105
v -63.9326 39.1277 13.0125
v -61.5173 38.3289 13.4700
v -59.0173 38.4112 13.4386
v -56.4515 39.4422 13.6929
v -54.0839 40.4508 12.6529
v -52.2305 40.3463 11.5598
v -42.9564 40.4984 13.6457
v -42.6458 40.4984 13.6457
v -37.9552 38.1236 13.0341
v -37.7121 38.1236 13.0341
v -32.9274 39.9999 11.5192
v -32.3407 39.2298 12.4157
v -18.3135 38.3131 11.3449
v -17.5545 38.3131 11.3449
v -63.5946 41.8246 12.5105
v -60.8532 42.9411 11.7606
v -58.8482 42.9968 12.7450
v -56.4265 41.9599 13.7376
v -53.9791 41.4143 12.5488
v -52.2343 41.8246 11.6511
v -42.9219 41.8246 13.6614
v -42.6463 41.8246 13.6614
v -32.9274 40.9534 11.5192
v -31.9734 41.8019 12.4157
v -15.4265 43.0088 11.3128
v -15.2136 43.0088 11.3128
v -62.9180 43.1785 12.5105
v -61.6084 43.9772 12.3975
v -59.0143 43.7925 12.5789
v -56.4630 44.2365 12.6009
v -54.0626 44.2873 11.4772
v -52.5934 43.1845 11.4819
v -48.0289 45.4547 11.3591
v -47.6883 45.4547 11.3591
v -42.7844 43.0893 13.7432
v -41.5037 44.3147 13.7351
v -40.2482 45.5401 13.7270
v -32.9171 45.4653 11.3168
v -31.9218 44.5090 12.2943
v -15.9485 44.3246 11.5009
v -14.7494 44.3246 11.5009
v -60.6970 46.2556 13.0343
v -59.2161 46.7462 12.3248
v -56.3804 47.0070 12.0656
v -55.1636 45.9785 11.4725
v -48.0289 45.6856 11.3591
v -46.4866 46.8741 11.3271
v -45.1970 48.0626 11.2951
v -40.2799 45.6558 13.7270
v -40.2482 45.6558 13.7270
v -32.9171 45.6605 11.3168
v -31.4462 46.7991 12.2366
v -29.0173 47.8456 11.5341
v -26.5173 47.8386 11.4645
v -24.0173 47.5515 11.5419
v -22.2938 47.5232 11.4993
v -16.0163 45.9959 11.5287
v -14.6305 45.9959 11.5287
v -55.8851 48.8500 12.5105
v -54.7019 50.1000 12.5105
v -45.2848 48.1019 11.2951
v -45.1970 48.1019 11.2951
v -32.8433 50.5301 13.6880
v -31.5213 49.4993 12.5889
v -28.9952 49.3109 11.5544
v -26.5173 49.3246 11.7862
v -24.0173 49.3246 11.9192
v -22.1945 49.3246 11.5889
v -53.7323 51.6369 12.6391
v -51.3309 52.2628 12.6391
v -49.0173 52.2997 12.5105
v -47.0851 52.7673 12.5105
v -35.4818 52.7923 12.5105
v -33.8129 51.5013 12.7170
v -32.3198 50.8289 12.0214
v -28.4094 51.8246 11.7507
v -26.5173 51.8246 12.0329
v -24.0173 51.8246 11.7112
v -22.5205 51.8246 11.4290
v -53.4630 53.6887 11.8915
v -52.0399 53.6887 11.8915
v -45.8351 53.3233 12.5105
v -44.0173 54.1536 12.5105
v -42.3916 55.1548 12.5105
v -36.5916 54.3246 12.5105
v -28.2436 53.7025 11.7891
v -26.5173 53.7135 11.7112
v -24.0173 53.2789 11.3340
v -22.7284 53.1230 11.2861
v -41.1416 56.4816 12.5105
v -39.1172 57.3579 12.3779
v -36.8405 56.6691 12.2345
v -35.1921 57.6674 11.3461
v -38.3504 58.2795 11.4562
v -36.5173 58.2956 11.4715
v -35.1921 58.1644 11.3461
v 52.0854 -54.5285 13.9691
v 52.5283 -54.5285 13.9691
v 9.4642 -52.1679 14.2366
v 10.9858 -52.4080 15.0462
v 12.7012 -52.3469 15.0105
v 33.9743 -52.3265 14.4886
v 35.5152 -52.3265 14.4886
v 39.0421 -52.1625 14.3193
v 40.8490 -52.2389 15.0958
v 43.5606 -52.2402 15.0535
v 45.9827 -52.4358 14.4405
v 48.4827 -52.3422 14.2348
v 51.0892 -53.0177 14.8052
v 53.5904 -53.0724 14.8057
v 54.8752 -52.1491 15.6423
v 9.1461 -50.7013 15.0462
v 10.1546 -51.5518 15.9033
v 13.4949 -50.6754 15.0105
v 29.7200 -49.4414 13.7724
v 31.1960 -49.9719 14.7676
v 33.2776 -51.3725 15.1974
v 36.2336 -51.0015 15.3043
v 38.5420 -50.7163 14.3863
v 40.0207 -50.4934 15.0958
v 44.4460 -51.6860 15.9156
v 45.9257 -50.7818 15.5028
v 48.4827 -50.6754 14.8303
v 50.9488 -50.5745 15.4610
v 53.5702 -50.6500 14.9464
v 54.8752 -51.6261 15.6423
v 8.7380 -48.1754 15.0105
v 14.2763 -49.1677 15.0105
v 15.9827 -48.5278 15.0105
v 18.2997 -47.5355 15.0105
v 24.3444 -47.1299 14.0358
v 25.4379 -47.1299 14.0358
v 29.7200 -49.3957 13.7724
v 31.1830 -48.5268 14.7480
v 33.5811 -47.6608 14.9383
v 36.0643 -48.3284 15.1762
v 38.0418 -48.7706 14.4533
v 41.3648 -48.1597 14.8075
v 43.2933 -47.6238 14.8075
v 45.9257 -48.6620 14.9588
v 48.4827 -48.5646 14.3560
v 50.9827 -48.6550 14.4755
v 52.4878 -49.1668 14.2504
v 4.7314 -44.4265 13.7615
v 4.7378 -44.4265 13.7615
v 9.1086 -45.5629 14.8956
v 9.9982 -44.6545 13.9857
v 19.4582 -45.8599 15.1282
v 20.9827 -44.9855 14.2511
v 23.4997 -45.4391 14.2687
v 26.1558 -45.8057 14.3483
v 27.4963 -45.0593 13.9344
v 31.8613 -46.4831 14.0569
v 33.5994 -45.6351 14.9824
v 35.0903 -44.7870 15.9078
v 42.1667 -46.8847 13.8389
v 42.3338 -46.8847 13.8389
v 4.7061 -43.1754 13.7838
v 5.7358 -43.0170 13.8037
v 8.3847 -43.0037 14.7269
v 10.3995 -43.1278 14.8956
v 17.0628 -42.1817 15.9332
v 18.6045 -43.0792 15.8957
v 20.7707 -43.3429 15.6169
v 23.4827 -44.0414 15.4393
v 25.9472 -43.2490 14.9460
v 27.4963 -44.1138 13.9344
v 31.1419 -42.6915 15.0105
v 33.5243 -43.8596 15.0489
v 35.9643 -43.0513 15.2355
v 37.2430 -41.9751 16.2297
v 4.6985 -41.8855 13.7906
v 6.0857 -40.9015 14.2831
v 8.2575 -40.6100 15.0143
v 10.3671 -41.2023 15.0105
v 17.0628 -41.6673 15.9332
v 18.4827 -41.6439 15.9699
v 19.7961 -41.8081 16.2003
v 26.0753 -40.6754 15.0105
v 28.7923 -40.5581 15.0105
v 29.8919 -41.8081 15.0105
v 36.7547 -40.8886 15.2420
v 37.2430 -41.8641 16.2297
v 6.8783 -38.4079 15.2405
v 7.3887 -39.3963 16.2272
v 26.7534 -38.9464 15.0105
v 27.5423 -38.9464 15.0105
v 31.7618 -37.2088 15.9227
v 32.4491 -37.2088 15.9227
v 36.9657 -38.4110 15.2379
v 38.0090 -37.7347 14.5562
v 6.9734 -36.0497 15.0105
v 8.5055 -34.7628 14.8249
v 10.9827 -34.7629 13.9386
v 13.4827 -34.7367 13.8848
v 14.7516 -34.4538 13.7960
v 31.7618 -36.5128 15.9227
v 32.4491 -36.5128 15.9227
v 37.1900 -36.8499 16.2229
v 38.6985 -36.3972 15.2379
v 40.9824 -35.0301 15.1348
v 43.4827 -34.7949 15.8557
v 45.3103 -34.7722 15.9302
v 9.3479 -33.4067 14.8842
v 10.6921 -33.5202 14.7795
v 13.4827 -34.1952 13.8848
v 15.6499 -33.1497 13.9905
v 17.3745 -32.1061 14.1850
v 29.6379 -32.0700 13.8253
v 31.1596 -32.1838 14.7994
v 32.6148 -32.1400 15.0105
v 41.8155 -33.6700 14.3843
v 43.2576 -32.9722 14.8504
v 45.7552 -33.1754 15.9050
v 9.3130 -30.6531 14.9299
v 10.6921 -30.5153 14.8074
v 12.5173 -29.5132 13.8644
v 16.5483 -31.3245 14.1850
v 17.3745 -31.3245 14.1850
v 21.9688 -30.0268 15.6899
v 22.8193 -30.0268 15.6899
v 29.6379 -31.6604 13.8253
v 31.2070 -30.9151 14.6492
v 32.5911 -30.8720 14.7880
v 42.0331 -30.0007 13.9552
v 43.2032 -30.8906 15.0360
v 45.5184 -31.7805 16.1167
v 9.1891 -28.1754 15.5473
v 11.0731 -28.2796 14.2523
v 12.5173 -29.1823 13.8644
v 21.9688 -29.1385 15.6899
v 22.8193 -29.1385 15.6899
v 31.9697 -29.2824 13.8064
v 32.3206 -29.2824 13.8064
v 42.0004 -28.1754 13.9775
v 42.8105 -28.1754 15.2275
v 9.4562 -26.5760 15.9441
v 11.0731 -26.2752 15.0707
v 13.4303 -25.1833 15.0332
v 15.5245 -24.7561 14.2151
v 22.2087 -24.4733 16.2253
v 22.2860 -24.4733 16.2253
v 41.8142 -25.4804 14.8173
v 42.7703 -26.1837 15.5218
v 14.2287 -23.6626 15.8817
v 15.9797 -23.1786 14.9319
v 18.4827 -22.6668 14.0817
v 21.0593 -22.7338 15.0297
v 22.6588 -23.1754 15.8266
v 39.7113 -21.9791 13.7813
v 40.6131 -22.9576 14.7730
v 14.5386 -20.1830 15.9783
v 15.7539 -20.8800 15.4757
v 18.5732 -20.6267 15.2691
v 20.8758 -21.5716 14.8422
v 23.5416 -21.3541 14.9345
v 25.9827 -20.8661 15.0105
v 28.4239 -20.1716 15.0820
v 29.8982 -19.6725 15.9631
v 34.6758 -19.6502 16.2040
v 36.1724 -19.7367 15.2266
v 38.5816 -20.4058 14.8746
v 40.1756 -20.6754 15.4317
v 14.5386 -19.0751 15.9783
v 15.9827 -18.7894 15.7383
v 17.8002 -18.9277 15.8464
v 29.2181 -19.0714 14.2964
v 30.8435 -18.0875 15.1606
v 33.6985 -18.0323 15.6240
v 35.3199 -18.1754 14.3917
v 39.1186 -19.2580 15.9679
v 39.9354 -19.2580 15.9679
v 31.7888 -16.5744 14.3581
v 33.4827 -16.6318 14.2572
v 34.7827 -16.8849 13.8252
v -62.9663 20.4410 14.1215
v -61.5173 20.3956 14.4268
v -60.1203 20.4695 14.2879
v -38.4590 20.3469 14.2176
v -37.2677 20.3469 14.2176
v -32.9856 20.4924 14.2913
v -32.4345 20.4924 14.2913
v -28.3963 20.2845 14.1088
v -26.5173 20.2606 14.1375
v -24.0173 20.4247 13.9746
v -21.5671 19.8613 14.8391
v -19.2888 19.7364 15.0105
v -63.4726 21.7481 14.9771
v -61.5173 20.8898 15.6768
v -59.8280 21.6533 15.0769
v -42.8802 22.9744 13.8632
v -41.3869 22.3908 14.8221
v -39.1823 21.2598 15.0347
v -36.5111 21.7583 15.1408
v -33.8225 21.6412 15.1777
v -31.5676 20.8184 15.0790
v -29.1447 21.0233 14.9695
v -26.6618 21.9478 15.2474
v -24.0173 21.8246 14.6981
v -22.1445 21.8246 15.6007
v -18.9735 21.8246 15.0105
v -64.2393 24.3246 15.0105
v -58.5785 23.5709 15.0105
v -56.5173 24.5842 15.0105
v -54.8099 25.3379 15.0105
v -47.9017 25.5222 13.8446
v -47.6548 25.5222 13.8446
v -42.8802 23.7155 13.8632
v -41.5799 24.4610 14.9097
v -39.0173 25.2657 15.9837
v -36.4037 24.7097 15.2965
v -33.9026 23.6449 15.1426
v -31.5104 24.5518 15.0533
v -28.9224 25.0578 15.0533
v -26.6618 23.9611 14.9457
v -23.9500 24.3732 14.4089
v -21.6085 24.0624 14.9798
v -19.9520 23.3063 15.0105
v -63.7627 27.0054 14.8029
v -62.5162 27.9593 13.8311
v -53.5430 26.7570 14.9780
v -51.5173 27.5246 14.1908
v -48.8480 26.9521 14.3240
v -47.0781 26.8246 14.3066
v -41.0266 25.9940 14.2896
v -39.0173 26.0408 14.7337
v -37.0529 25.7768 14.5289
v -30.6724 25.7886 14.2485
v -29.6924 25.7886 14.2485
v -23.0717 25.6896 13.8766
v -22.6131 25.6896 13.8766
v -68.0452 29.9979 13.9592
v -66.5173 30.0553 13.9715
v -64.1800 29.5937 14.6704
v -62.3178 29.4670 14.8029
v -55.5356 30.3190 15.8740
v -53.7671 29.5601 15.8319
v -51.5173 28.8085 15.4408
v -48.7409 29.5064 15.0891
v -47.3255 29.6190 15.2049
v -41.1818 30.0069 15.0105
v -39.0173 29.1668 15.0105
v -37.0662 29.7345 15.0105
v -68.0452 30.8917 13.9592
v -66.5467 31.7648 14.3880
v -64.0588 31.9578 14.3990
v -62.4035 31.9578 14.8907
v -57.7915 33.0474 15.9783
v -56.6289 31.9971 15.9262
v -54.5308 30.9467 15.8740
v -48.3723 30.9037 14.3388
v -46.7043 31.8604 15.0842
v -44.0946 32.1178 15.0020
v -42.4318 30.8217 15.0105
v -36.3572 31.8246 15.0105
v -65.9736 34.1285 15.2191
v -64.0173 33.5741 15.7467
v -62.6590 33.6508 15.6442
v -57.7915 33.1093 15.9783
v -57.7222 33.1093 15.9783
v -50.5282 35.4341 13.9417
v -49.7673 35.4341 13.9417
v -46.0051 34.3246 14.2107
v -44.0315 34.8321 15.0573
v -42.3574 35.5089 16.1860
v -35.7814 34.2880 15.1628
v -34.7049 35.0969 14.4310
v -66.0835 36.8246 15.0105
v -62.9175 37.9583 13.9034
v -61.5173 37.8071 14.0222
v -59.0173 37.7430 14.0473
v -57.6020 37.8728 13.9369
v -50.5282 35.7283 13.9417
v -49.7673 35.7283 13.9417
v -45.8001 35.9158 13.9582
v -43.9695 35.8932 15.0721
v -42.3574 35.8707 16.1860
v -37.9552 38.0424 13.9030
v -36.5574 36.9432 15.0003
v -33.9218 36.8491 15.0532
v -32.6819 37.8541 14.0086
v -28.5161 37.9516 16.1215
v -27.5804 37.9516 16.1215
v -65.5499 38.5158 15.0105
v -63.6155 39.1317 14.5950
v -61.5173 39.2726 14.9625
v -59.5186 39.3110 14.9704
v -56.4515 39.4422 13.8704
v -55.2351 40.5552 13.8040
v -42.9564 40.4984 13.8056
v -42.6458 40.4984 13.8056
v -37.9552 38.1236 13.9030
v -37.7121 38.1236 13.9030
v -33.1387 38.5959 15.6753
v -31.9595 39.3874 14.9094
v -28.9336 39.3246 15.9337
v -27.1701 39.3246 15.9337
v -63.4244 41.7656 15.0099
v -61.5173 40.8523 15.9028
v -59.0030 41.8395 14.9907
v -56.4265 41.9599 13.7921
v -55.2351 40.8672 13.8040
v -50.4532 42.6489 16.0029
v -49.9677 42.6489 16.0029
v -42.9219 41.8246 13.8120
v -42.6463 41.8246 13.8120
v -30.6538 41.6407 15.1144
v -29.3557 41.6523 15.9904
v -27.1579 40.9532 15.9638
v -63.4330 44.1247 14.9889
v -62.3637 44.8248 14.1412
v -57.8190 43.0830 13.7802
v -57.5518 43.0830 13.7802
v -50.4532 43.2801 16.0029
v -49.9677 43.2801 16.0029
v -42.8105 44.2901 14.9955
v -41.8807 44.7067 14.5951
v -40.2482 45.5401 13.7943
v -30.6228 44.3246 14.4424
v -29.9574 44.3246 15.6924
v -63.2266 46.2006 15.8079
v -61.5252 46.7232 14.9889
v -58.8337 47.8109 15.1334
v -57.5998 48.0133 14.3820
v -42.8366 45.6391 16.2069
v -41.4573 45.6475 15.0006
v -40.2482 45.6558 13.7943
v -30.7856 46.8246 14.5093
v -29.9942 46.8246 15.7593
v -58.1524 49.3246 16.0505
v -56.6668 49.2956 14.7179
v -54.5438 50.1096 13.9695
v -50.6666 49.9088 15.8983
v -49.9753 49.9088 15.8983
v -45.3148 50.3695 16.1794
v -45.1248 50.3695 16.1794
v -32.8433 50.5301 13.8087
v -31.6231 49.3481 14.9574
v -30.1869 48.1662 16.1062
v -58.3175 51.8246 15.9063
v -56.5173 51.8246 15.0557
v -53.8124 51.6963 14.8601
v -51.5069 51.1597 15.0432
v -49.0921 51.5071 15.0432
v -46.3560 51.9857 15.1342
v -44.7897 51.8246 15.8210
v -38.0747 52.4775 15.8408
v -36.3252 52.7094 14.8444
v -33.8129 51.9946 14.1593
v -32.4510 51.8246 15.4433
v -58.0980 53.8622 15.8564
v -56.5173 54.0884 15.5751
v -54.7477 53.6388 15.7507
v -45.7306 53.2116 14.0889
v -43.9707 53.6659 14.9575
v -42.1453 54.9610 15.0105
v -38.5437 54.3246 15.4218
v -36.4933 53.8923 14.7473
v -34.0173 53.4103 15.4728
v -32.5896 53.2809 15.9560
v -40.8953 56.0270 15.0105
v -39.2040 55.9943 14.8413
v -37.6789 55.6708 13.8952
v 11.8212 -52.1106 16.4682
v 12.4840 -52.1106 16.4682
v 41.5933 -52.1558 16.7746
v 42.7793 -52.1558 16.7746
v 51.7597 -52.3290 16.6016
v 53.4827 -52.3958 16.6576
v 54.8752 -52.1491 16.4488
v 9.5002 -49.8852 16.6348
v 10.9858 -50.7013 16.8623
v 12.7565 -50.6754 16.7319
v 32.1715 -49.6029 16.3243
v 33.4827 -50.0713 16.5164
v 35.2854 -50.1091 16.5379
v 41.3146 -50.6988 17.5689
v 43.4630 -50.7835 17.5272
v 45.0544 -50.0194 16.6131
v 51.7597 -51.3405 16.6016
v 53.4827 -51.2623 16.6576
v 54.8752 -51.6261 16.4488
v 9.4237 -48.1754 16.7662
v 11.2113 -47.9443 17.9176
v 13.5009 -48.2770 17.5130
v 15.8795 -47.4939 17.7177
v 17.9224 -47.3184 17.0226
v 32.1715 -49.3246 16.3243
v 33.4827 -48.9584 16.5164
v 35.2854 -48.9036 16.5379
v 41.5646 -48.9405 17.5105
v 43.3811 -48.8188 17.4720
v 45.0544 -49.0610 16.6131
v 9.2698 -45.6384 17.4404
v 10.5303 -46.4471 18.2270
v 16.5421 -45.6754 18.5133
v 18.2148 -45.6754 17.2633
v 34.3854 -44.7870 16.4516
v 35.0903 -44.7870 16.4516
v 9.2886 -43.6737 17.5105
v 10.1317 -42.4237 17.5105
v 14.6629 -42.1248 18.6693
v 16.1483 -42.9866 17.7524
v 17.8524 -43.8484 16.8355
v 21.4669 -42.5695 17.5105
v 23.3910 -42.7160 17.5192
v 25.0817 -42.3842 16.6917
v 31.6612 -42.3490 17.5105
v 33.3249 -43.0411 17.4388
v 35.9473 -42.9552 16.6851
v 37.2430 -41.9751 16.2781
v 9.0553 -39.5375 16.3246
v 10.8320 -40.3915 17.4188
v 13.5736 -40.6900 18.5911
v 16.1308 -41.5274 17.7058
v 18.4827 -41.0692 17.5105
v 20.2169 -41.4735 17.5105
v 24.1632 -41.5097 18.3584
v 26.1184 -40.5541 17.4011
v 28.2778 -40.1114 17.3704
v 30.4112 -41.4031 17.5105
v 33.9310 -41.3806 18.4260
v 35.8790 -40.7890 17.3521
v 37.2430 -41.8641 16.2781
v 6.9831 -37.7296 16.7557
v 8.3263 -38.4079 16.9571
v 10.9830 -38.1169 18.0115
v 13.4689 -37.9680 18.5792
v 14.8472 -37.0248 18.6455
v 19.5199 -37.2361 18.4517
v 19.9686 -37.2361 18.4517
v 27.1551 -39.3355 16.4437
v 27.3080 -39.3355 16.4437
v 31.7618 -37.2088 16.6534
v 33.5297 -37.1450 17.6805
v 35.5826 -38.0188 17.7287
v 6.9693 -35.6854 17.4941
v 8.1419 -35.8175 17.5758
v 10.1499 -36.8205 18.5289
v 14.4534 -36.8436 18.6455
v 14.8472 -36.8436 18.6455
v 19.5199 -36.4940 18.4517
v 19.9686 -36.4940 18.4517
v 24.5090 -34.6232 18.4213
v 25.9827 -34.6196 18.4425
v 27.4742 -34.4865 18.6757
v 31.7618 -36.5128 16.6534
v 33.5297 -36.6885 17.6805
v 36.2071 -36.6173 17.7287
v 38.4827 -35.8704 17.5105
v 40.9827 -35.4434 17.5105
v 43.4827 -35.3139 17.5105
v 45.4349 -34.8302 17.5105
v 6.9555 -34.0329 18.2325
v 8.5367 -33.2374 17.4527
v 10.3047 -32.4418 16.6728
v 24.5090 -34.1860 18.4213
v 25.9827 -34.1562 18.4425
v 27.4742 -34.3059 18.6757
v 31.9842 -32.1725 17.5105
v 32.9807 -32.1725 17.5105
v 46.3913 -33.1754 17.5105
v 9.1925 -30.7478 17.5079
v 10.3047 -31.6294 16.6728
v 21.9322 -29.9670 17.5105
v 22.7488 -29.9670 17.5105
v 31.9842 -31.6284 17.5105
v 33.5983 -30.9156 17.9879
v 34.9618 -29.9653 18.6245
v 42.1540 -29.6970 18.5791
v 43.3723 -30.4219 17.6517
v 45.6891 -31.7174 17.5105
v 9.2347 -28.1140 17.6922
v 10.9827 -27.2249 18.5389
v 12.3088 -27.0104 18.5787
v 21.9322 -29.0715 17.5105
v 22.7488 -29.0715 17.5105
v 27.0023 -26.9845 18.6564
v 28.4827 -27.5290 18.5429
v 30.9827 -27.5978 18.5748
v 33.4647 -28.0132 18.6617
v 34.9618 -28.9503 18.6245
v 41.9892 -28.1754 18.4902
v 42.8105 -28.1754 17.2402
v 9.4562 -26.5760 16.9801
v 10.9827 -26.3482 17.2889
v 12.6065 -25.6733 17.6514
v 19.0916 -24.6296 18.6849
v 21.2183 -24.8761 17.7151
v 23.2647 -25.0006 17.6519
v 25.9843 -25.8261 18.6180
v 28.4827 -26.7613 18.5429
v 30.9827 -26.7825 18.5748
v 32.5076 -26.8435 18.6989
v 39.4433 -24.6108 18.6631
v 41.2429 -25.3972 17.7889
v 42.7703 -26.1837 16.9147
v 13.7420 -22.9677 17.2795
v 15.9918 -22.1188 17.5168
v 18.3480 -23.1152 18.4799
v 20.6069 -23.1754 17.1741
v 23.9088 -23.1754 16.9760
v 25.8729 -23.1517 17.9381
v 27.5737 -22.3025 18.1026
v 34.5654 -22.0986 18.3517
v 35.0433 -22.0986 18.3517
v 39.4433 -23.6524 18.6631
v 40.4305 -22.9616 17.7020
v 14.3700 -20.7520 17.3230
v 15.6770 -21.0453 17.6522
v 18.5732 -20.6267 17.4885
v 20.0890 -21.4276 16.7209
v 24.4142 -21.7328 16.5620
v 25.9827 -21.7261 16.6183
v 28.4373 -21.2663 17.3657
v 30.0523 -19.9063 17.5105
v 34.4675 -20.5603 17.5152
v 35.9191 -21.0167 17.5152
v 38.3642 -20.3705 17.4311
v 40.0923 -20.9141 17.4311
v 14.5386 -19.0751 16.6871
v 15.9827 -18.7894 17.1596
v 17.8002 -18.9277 17.0326
v 31.3023 -18.6247 17.5105
v 33.2767 -18.6247 17.5105
v 39.1186 -19.2580 16.5449
v 39.9354 -19.2580 16.5449
v -20.7670 20.2146 16.6313
v -19.5964 20.2146 16.6313
v -63.1265 22.5304 16.6882
v -61.5173 22.1398 16.8284
v -59.9134 22.3724 16.5899
v -40.4666 22.6830 16.4577
v -39.0173 22.5420 16.5121
v -37.4213 22.7561 16.3987
v -32.9929 22.5218 16.5991
v -31.5695 22.0936 17.4636
v -29.1613 22.2985 17.3557
v -27.5914 22.8633 16.4191
v -20.8945 21.8246 16.6022
v -19.6389 21.8246 16.6022
v -63.3609 24.3246 17.0363
v -61.5173 24.3246 17.7692
v -59.0550 24.3125 17.2385
v -56.5173 25.1212 17.0097
v -54.9983 25.4069 16.6066
v -40.4666 23.5398 16.4577
v -39.0173 24.0157 16.5121
v -37.4213 23.8642 16.3987
v -32.9929 23.1825 16.5991
v -31.5695 23.6807 17.4636
v -29.1613 23.7718 17.3557
v -27.5914 23.3343 16.4191
v -20.6039 23.1437 16.3453
v -20.1005 23.1437 16.3453
v -63.6026 26.7519 17.6244
v -61.5173 26.0253 18.4513
v -59.0173 26.1261 18.4860
v -56.4618 26.8326 18.2951
v -54.6177 26.8246 17.0641
v -63.3903 29.4670 17.6157
v -62.5284 30.3953 16.8525
v -58.0165 30.0656 18.5250
v -56.3968 29.3590 17.7554
v -53.7671 29.5601 16.6741
v -51.2941 30.1522 17.3216
v -49.2551 30.1304 17.2973
v -47.6903 30.4314 16.3218
v -40.9176 30.1928 16.7553
v -39.0173 29.7027 17.0833
v -37.0830 29.7939 16.8627
v -62.8458 30.7772 18.5192
v -62.0695 31.6961 17.6157
v -57.9040 31.9329 17.4070
v -56.9135 31.9332 17.1203
v -53.8254 31.4873 17.3216
v -51.9786 31.1895 18.0290
v -48.5803 31.1718 17.9885
v -46.6477 31.9945 17.3594
v -44.0491 32.2834 17.5424
v -41.6575 31.0998 17.5573
v -38.8378 31.7365 18.3191
v -36.9208 31.8246 17.2127
v -65.6170 34.8311 16.8239
v -64.0173 34.8241 16.7650
v -61.8591 34.4203 17.3260
v -57.7915 33.1093 16.2889
v -57.7222 33.1093 16.2889
v -52.9911 34.9925 18.4978
v -52.3614 34.9925 18.4978
v -45.6052 33.2543 18.3970
v -43.8772 34.3816 17.5669
v -42.3574 35.5089 16.7367
v -37.9771 34.3246 18.5993
v -36.9106 34.3246 17.3493
v -65.8152 36.6972 17.5985
v -64.0173 35.9450 18.0150
v -62.1777 35.8641 18.0364
v -52.9911 35.9387 18.4978
v -52.3614 35.9387 18.4978
v -47.8363 38.0163 18.6446
v -47.5739 38.0163 18.6446
v -42.8509 35.8707 16.7367
v -42.3574 35.8707 16.7367
v -37.9297 35.6650 18.7115
v -36.3486 36.1370 17.7311
v -33.9902 37.3698 17.4088
v -31.5173 37.5981 17.7246
v -28.9856 37.8729 17.5056
v -27.5804 37.9516 17.0459
v -65.6900 38.7240 17.5105
v -64.1921 39.8456 17.4372
v -61.5173 40.2162 16.5133
v -60.1870 40.5108 16.3031
v -52.7751 40.5705 18.7584
v -52.7647 40.5705 18.7584
v -47.8363 38.2850 18.6446
v -47.5739 38.2850 18.6446
v -42.7884 40.5186 18.7459
v -42.7167 40.5186 18.7459
v -33.1387 38.5959 16.5078
v -31.3179 39.3874 16.4444
v -29.1571 38.8022 17.3367
v -27.0376 39.0932 17.7317
v -63.5951 41.7656 17.4372
v -61.5173 40.8523 16.5133
v -60.1870 40.6264 16.3031
v -52.8130 41.8246 18.7169
v -51.7341 42.1779 17.7841
v -49.9677 42.6489 16.5403
v -42.7884 40.6931 18.7459
v -42.7167 40.6931 18.7459
v -38.2207 42.5729 18.4069
v -37.4609 42.5729 18.4069
v -30.4723 41.7103 17.1870
v -29.5836 41.6632 16.9553
v -26.9953 41.0483 17.5105
v -63.6588 44.3246 17.5105
v -52.8205 43.1699 18.7044
v -51.5633 43.2250 17.6224
v -49.9677 43.2801 16.5403
v -42.8366 45.4909 16.8781
v -42.6347 45.4909 16.8781
v -38.2207 43.6096 18.4069
v -37.4609 43.6096 18.4069
v -30.7411 44.3246 17.9445
v -29.9574 44.3246 16.6945
v -63.1551 46.1075 17.5105
v -61.3696 47.3654 17.5052
v -59.5445 47.8486 16.6683
v -53.1607 47.8036 18.6085
v -51.5173 47.6064 18.2899
v -49.0173 47.4957 18.1333
v -47.5449 47.6560 18.3997
v -42.8366 45.6391 16.8781
v -42.6347 45.6391 16.8781
v -33.1871 47.8323 18.5193
v -31.4510 46.9292 17.9231
v -29.9942 46.8246 16.6447
v -60.4378 48.6990 18.3350
v -59.5531 49.4492 17.5052
v -53.5779 49.3246 18.3215
v -51.5069 49.1751 17.1241
v -49.0921 49.1751 17.0958
v -46.3832 49.7724 17.4891
v -45.1248 50.3695 16.4263
v -37.9231 50.4571 18.3675
v -37.5589 50.4571 18.3675
v -33.2990 49.3246 18.3261
v -31.6209 49.1295 16.9724
v -30.1869 48.1662 16.3594
v -58.6851 52.0492 17.7134
v -56.5173 52.8918 18.6674
v -54.1012 51.9603 17.6876
v -52.3333 51.0475 16.6605
v -48.3086 51.0161 16.8223
v -46.2638 50.8644 17.4577
v -44.4266 51.6574 17.3600
v -38.2184 51.7164 17.5247
v -36.6007 51.7596 17.5208
v -33.9408 51.8548 17.9835
v -32.4510 51.8246 16.8540
v -58.0980 53.8622 17.0154
v -56.5173 54.0884 17.4174
v -54.7477 53.6388 17.0481
v -43.0733 53.2840 17.5105
v -41.3364 54.5750 17.3439
v -39.5616 54.4074 17.3439
v -35.6424 53.3158 16.6741
v -34.0173 53.4103 16.7927
v -32.5896 53.2809 16.5564
v -40.3824 55.6475 16.3996
v -40.1618 55.6475 16.3996
v 41.9275 -49.8810 18.9141
v 42.4801 -49.8810 18.9141
v 12.1970 -46.9569 18.8572
v 13.4827 -46.9618 18.8698
v 14.9774 -46.9425 18.8094
v 41.9275 -49.2218 18.9141
v 42.4801 -49.2218 18.9141
v 9.5635 -44.7804 19.4949
v 10.9936 -45.7688 20.0094
v 13.4827 -46.4891 20.1198
v 15.2990 -45.6773 19.7898
v 9.5635 -43.9191 19.4949
v 10.6571 -43.0760 20.2844
v 13.6908 -42.5487 20.1486
v 15.2570 -43.7239 20.0105
v 21.9815 -42.0883 18.8673
v 22.4966 -42.0883 18.8673
v 31.8496 -42.1387 20.0105
v 32.6406 -42.1387 20.0105
v 11.5238 -41.2455 19.4073
v 13.7324 -40.5191 19.7520
v 15.9827 -40.4967 20.0105
v 18.3188 -40.0523 19.8760
v 21.0820 -40.6343 19.0519
v 23.3910 -40.6760 19.1560
v 25.9827 -39.8684 19.3343
v 28.6021 -39.7706 19.9998
v 30.5996 -40.9772 20.0105
v 33.8906 -41.2454 20.0105
v 35.0283 -39.9954 20.0105
v 11.8166 -37.2445 18.8782
v 13.6427 -38.0695 19.5252
v 14.9691 -37.4382 20.0105
v 18.7512 -38.1118 19.8760
v 20.8742 -38.1118 19.1677
v 23.5593 -38.1558 20.2718
v 25.9827 -38.7057 20.5843
v 27.8484 -38.9151 20.8261
v 34.6103 -37.0811 18.8223
v 35.3251 -38.0188 19.7976
v 6.9555 -34.9470 19.1411
v 8.4827 -35.3629 19.5305
v 10.9830 -35.8625 19.5503
v 13.4592 -36.0157 19.9289
v 15.7850 -36.0460 20.3980
v 18.4263 -35.7602 19.9067
v 21.0359 -35.5267 19.8128
v 23.6430 -35.4246 19.8046
v 25.9827 -34.6196 18.9436
v 27.4742 -34.4865 18.8828
v 34.6103 -36.8643 18.8223
v 36.0886 -36.3903 19.7976
v 38.4827 -35.9160 20.0105
v 41.0987 -35.4158 20.1490
v 43.4827 -34.9444 19.4128
v 45.0914 -34.6183 18.9827
v 6.9555 -34.0329 19.1411
v 8.5246 -33.1899 19.6397
v 10.9827 -33.1754 20.5715
v 12.4619 -33.1754 21.0079
v 16.8553 -33.1754 20.8896
v 18.4827 -33.1754 19.7893
v 21.1550 -33.2376 20.2026
v 23.4967 -33.3159 19.9234
v 25.9827 -34.1562 18.9436
v 28.4327 -33.4026 19.8556
v 31.1069 -32.4939 20.0012
v 32.7656 -32.2056 20.0105
v 41.5829 -33.1754 20.7253
v 43.4827 -33.1754 19.7748
v 45.3688 -33.1754 19.0600
v 9.3936 -30.6754 19.1652
v 11.0913 -30.8563 20.5507
v 12.3059 -31.8103 21.2045
v 17.0893 -31.7993 21.1117
v 18.4827 -31.2695 20.5699
v 21.4597 -30.3231 19.8950
v 22.4093 -30.4303 20.0533
v 29.3913 -31.5762 20.8284
v 31.1069 -31.4472 20.0012
v 33.4754 -30.8934 19.5388
v 34.9618 -29.9653 18.9100
v 41.4535 -30.5884 19.9438
v 43.4827 -31.4047 19.1224
v 45.2222 -31.7929 18.9375
v 9.6274 -28.9063 18.8614
v 11.2349 -27.9584 19.7936
v 12.3088 -27.0104 19.0592
v 22.0959 -29.2404 19.1422
v 22.3342 -29.2404 19.1422
v 27.0023 -26.9845 19.1225
v 28.4827 -27.5290 19.1739
v 30.9827 -27.5978 18.9351
v 33.4647 -28.0132 18.8570
v 34.9618 -28.9503 18.9100
v 41.0440 -28.1754 20.0105
v 12.1394 -26.8119 20.7258
v 12.8334 -25.8573 19.9397
v 16.6292 -24.9721 20.4899
v 18.3480 -25.1571 19.7981
v 21.1754 -25.1285 20.1712
v 23.4827 -25.1084 19.3937
v 26.2533 -25.6101 19.5874
v 28.1508 -26.0827 19.8363
v 30.9827 -26.7825 18.9351
v 32.5076 -26.8435 18.8040
v 39.4433 -24.6108 19.0550
v 40.2867 -25.5366 19.9372
v 13.9689 -23.2669 20.1319
v 16.0891 -23.2015 19.9347
v 17.4249 -23.9084 18.8232
v 22.1373 -24.3593 21.1118
v 23.4827 -24.1310 20.6437
v 25.8788 -24.0341 19.8198
v 27.9971 -23.1517 19.9358
v 34.4893 -22.2672 20.0105
v 35.9191 -22.4142 19.9470
v 38.8944 -23.0745 19.7402
v 39.8302 -23.0865 19.7480
v 14.2013 -21.3209 19.3795
v 15.5488 -21.3209 19.3795
v 29.0815 -21.3425 20.0105
v 30.8891 -20.0334 20.1804
v 33.4074 -20.4998 20.1804
v 36.7100 -21.6905 19.0713
v 38.4827 -21.7351 19.0041
v 39.7415 -21.9066 18.7744
v 31.6601 -19.0131 19.4604
v 32.8482 -19.0131 19.4604
v -30.7710 22.8191 18.9004
v -30.0905 22.8191 18.9004
v -30.7710 23.3180 18.9004
v -30.0905 23.3180 18.9004
v -63.0680 27.5573 20.0105
v -61.5173 26.7362 20.0105
v -59.0173 26.9370 20.0105
v -57.3785 27.7581 20.0105
v -63.0550 29.2493 19.8874
v -61.5173 30.0790 20.6966
v -58.9169 29.7125 20.1825
v -57.3785 28.3360 20.0105
v -50.3120 30.5587 18.7731
v -50.2470 30.5587 18.7731
v -40.4863 30.4947 21.0272
v -40.1361 30.4947 21.0272
v -62.8458 30.7772 18.9720
v -61.2779 31.6961 19.3144
v -58.9169 31.7209 19.6763
v -56.5173 32.4081 19.7993
v -54.0173 32.6864 19.2450
v -51.2941 31.9436 18.9853
v -49.2551 31.9329 19.1312
v -47.2718 32.8384 19.0793
v -43.2441 32.6841 20.0105
v -41.3987 31.4241 20.1205
v -39.0104 31.9151 20.1352
v -37.7162 32.9857 20.9100
v -60.4633 34.3246 18.8615
v -58.9076 34.0978 20.3301
v -56.5173 33.5413 21.0493
v -54.0994 34.3254 19.9168
v -51.5238 34.2253 19.1358
v -48.8668 34.4524 20.2817
v -46.4700 33.8044 19.9517
v -44.4941 33.5144 20.0105
v -37.9771 34.3246 19.1901
v -37.4817 34.3246 20.4401
v -65.7151 37.4456 19.2697
v -64.0173 37.1950 19.5182
v -61.4136 36.7483 19.4307
v -59.5573 36.8246 20.4725
v -55.8365 37.3811 20.9848
v -54.0994 36.6599 19.9921
v -51.4175 36.8748 19.8450
v -48.7180 37.0802 19.7511
v -47.5739 38.0163 18.8115
v -37.9297 35.6650 18.8505
v -36.5695 36.2405 19.8144
v -34.0173 37.1443 20.0105
v -31.5930 37.5504 19.9890
v -29.4551 37.7942 19.1413
v -65.7151 38.7880 19.2697
v -64.1921 39.5026 19.7574
v -61.5760 39.2306 20.7456
v -59.9202 38.3347 20.9167
v -55.8920 39.3246 20.6449
v -53.7720 39.5722 19.4114
v -51.9076 39.5722 19.9038
v -47.8363 38.2850 18.8115
v -47.5739 38.2850 18.8115
v -43.2081 40.0758 20.0105
v -41.7370 40.0790 20.0613
v -40.1429 40.4136 20.9285
v -32.7912 40.5003 21.2178
v -31.5930 39.5300 20.7756
v -28.7800 39.0932 19.4403
v -27.3474 39.7723 18.9922
v -63.3845 41.8246 19.3227
v -62.0306 41.8246 20.5727
v -55.5311 41.0835 20.7154
v -53.8435 41.8799 19.9334
v -52.0685 41.8246 20.0105
v -43.2081 41.0052 20.0105
v -41.7370 41.0050 20.0613
v -39.1818 41.6453 20.0748
v -37.4609 42.5729 19.2212
v -32.7912 40.6810 21.2178
v -31.6062 41.7084 20.2493
v -29.0173 41.1353 19.3246
v -27.3474 40.8276 18.9922
v -62.8968 44.3246 18.9001
v -61.9402 44.3246 20.1501
v -52.8567 43.1706 20.0105
v -52.6729 43.1706 20.0105
v -38.2207 43.6096 19.2212
v -37.4609 43.6096 19.2212
v -31.7656 44.3246 20.0105
v -62.8252 45.6592 18.8481
v -61.3828 46.6635 19.7369
v -59.6356 47.6679 20.6257
v -55.9380 47.5206 20.6239
v -54.0033 47.4310 19.8785
v -51.6167 47.5514 19.8743
v -49.0173 47.4957 19.1400
v -46.6206 47.6064 20.0073
v -44.6786 47.5568 20.9379
v -33.1871 47.8323 19.3051
v -32.3014 46.9292 20.0873
v -60.4378 48.6990 18.9590
v -59.0995 49.3715 20.0265
v -56.6697 49.2562 20.3281
v -54.8279 49.3246 18.9699
v -50.8496 48.4642 20.6169
v -49.0173 48.5970 20.3900
v -46.5467 48.9204 19.9628
v -44.6448 49.3246 20.6274
v -38.0473 50.2642 20.0105
v -36.6423 50.2569 20.1546
v -33.9551 49.3478 20.1946
v -32.6708 48.2366 20.9718
v -58.5635 51.3656 19.4273
v -56.5173 51.6418 19.3224
v -55.1214 51.2065 18.8429
v -45.5461 50.7127 19.0723
v -43.9312 51.8446 19.9389
v -42.1569 52.9766 20.8055
v -38.8671 51.8246 20.0105
v -35.8923 51.0416 19.4173
v -34.7231 51.0416 19.4173
v -42.8363 53.1533 19.1389
v -41.4011 53.4722 19.9875
v -39.8372 53.5126 20.0105
v 11.4569 -45.0905 21.7983
v 13.4827 -45.2391 21.9633
v 14.9305 -44.8452 21.6598
v 11.4569 -43.8995 21.7983
v 13.4827 -43.8050 21.9633
v 14.9305 -44.1241 21.6598
v 31.7654 -42.1976 21.6574
v 32.7449 -42.1976 21.6574
v 14.7169 -39.4480 21.2734
v 15.9827 -39.5506 21.3713
v 17.3762 -39.5698 21.3953
v 29.5151 -39.5932 21.6351
v 30.8489 -40.5139 22.4796
v 33.4673 -40.6658 22.4433
v 34.9590 -39.8969 21.5626
v 14.7169 -39.1764 21.2734
v 15.8530 -38.2760 21.4039
v 17.4154 -38.1754 21.4301
v 24.4437 -37.3094 21.6762
v 25.9867 -37.6510 22.5099
v 28.6021 -38.7551 22.4853
v 29.9323 -39.1496 23.3018
v 34.1896 -38.7975 23.2292
v 35.5633 -38.0487 22.4417
v 14.1317 -35.1877 21.8511
v 15.9031 -35.9404 21.6014
v 17.3327 -36.6930 21.3518
v 22.1032 -34.5593 21.4276
v 23.5593 -35.5057 22.0768
v 25.9867 -35.5179 23.4004
v 28.4827 -34.9336 23.2390
v 30.2048 -34.9490 23.1920
v 36.8511 -36.4965 22.5105
v 38.4827 -35.7306 22.5105
v 40.2322 -34.9095 22.5105
v 11.8646 -32.6941 22.9948
v 13.2188 -33.4536 22.4230
v 15.6473 -33.2980 22.6148
v 22.1032 -34.1124 21.4276
v 23.3837 -33.2376 22.2211
v 25.8195 -33.3703 23.5447
v 28.6743 -33.4164 22.5795
v 31.0159 -33.7722 22.4194
v 32.8953 -32.5535 22.5105
v 41.2464 -32.9931 22.6394
v 42.3015 -32.0382 23.5587
v 11.9308 -30.6181 22.5438
v 12.9783 -30.5690 22.5064
v 16.0914 -30.7538 22.5154
v 18.4827 -30.0195 21.6932
v 20.9827 -29.6558 21.3734
v 23.3837 -30.5588 21.9283
v 25.2409 -30.6754 23.2880
v 29.3951 -31.5681 22.5105
v 30.9827 -30.8986 22.5105
v 33.3653 -30.7686 22.8615
v 35.9827 -30.0769 23.3016
v 37.6745 -29.6007 23.5796
v 41.0870 -30.8268 22.6394
v 42.3015 -31.7611 23.5587
v 11.9860 -28.1754 21.9572
v 13.4827 -28.1754 22.4145
v 15.9827 -28.1754 22.2064
v 18.4827 -28.1754 22.0684
v 20.9827 -28.1754 22.0950
v 23.4827 -28.1754 22.5246
v 25.3400 -28.1754 23.2593
v 32.0420 -27.4575 23.6450
v 33.2882 -28.2447 23.2942
v 36.1226 -28.0084 23.2550
v 38.3102 -28.1577 23.3509
v 40.0628 -28.3212 22.3775
v 12.1394 -26.8119 21.3571
v 13.6571 -25.8573 21.5273
v 15.8706 -25.7534 21.5585
v 18.4827 -26.4368 21.6357
v 21.3297 -25.5303 22.5748
v 23.4827 -26.0923 23.4319
v 25.9003 -25.8757 22.6142
v 27.7083 -25.1780 21.6831
v 32.0420 -26.8094 23.6450
v 33.4827 -26.6732 23.5008
v 36.0310 -25.9616 23.4728
v 38.2606 -25.9010 22.8645
v 39.9847 -25.6754 21.6490
v 14.6068 -24.1613 21.3393
v 14.9626 -24.1613 21.3393
v 22.1282 -24.3534 22.5105
v 23.4827 -23.7246 22.5105
v 25.8346 -23.1729 22.4390
v 27.9324 -23.1754 21.7783
v 34.4331 -22.4757 22.5105
v 35.9007 -23.5809 22.5536
v 38.4827 -23.8910 21.8692
v 39.9188 -24.1873 21.5835
v 26.5446 -21.2313 23.1949
v 28.5071 -20.9359 22.4211
v 30.9827 -20.1115 22.5105
v 33.1831 -20.8278 22.5105
v -62.8814 27.9226 21.3769
v -61.5173 27.5355 21.8495
v -59.0173 27.6355 21.7788
v -57.7581 28.0560 21.2827
v -62.8814 28.3658 21.3769
v -61.5173 28.8290 21.8495
v -59.0173 28.6287 21.7788
v -57.7581 28.0988 21.2827
v -40.4863 30.4947 21.3991
v -40.1361 30.4947 21.3991
v -42.9334 32.9040 21.7025
v -41.3987 31.9723 22.0741
v -39.1886 32.0212 21.8572
v -37.7162 32.9857 21.3410
v -58.0012 34.7799 21.4848
v -56.5173 34.7913 21.4781
v -55.2078 35.3250 21.3263
v -47.9331 35.3710 21.4531
v -46.4974 34.9294 22.3761
v -43.8670 33.6901 22.5257
v -41.5173 33.3204 23.4235
v -39.0173 33.7551 23.1524
v -37.5178 34.5610 22.3088
v -58.3073 36.8246 21.6131
v -56.6088 36.6585 21.5820
v -55.2078 35.7144 21.3263
v -50.4735 37.8109 21.5784
v -48.8668 36.9163 22.0185
v -47.2578 36.8246 23.2195
v -43.2259 37.5909 23.2522
v -42.4974 37.5909 23.2522
v -36.2438 36.1637 22.5105
v -33.8979 37.4029 22.5185
v -32.4769 37.8363 21.6906
v -61.0783 39.6471 22.5105
v -59.0590 38.6595 22.4079
v -57.1644 39.4015 22.4079
v -50.4446 39.3246 21.5396
v -49.0173 39.3246 22.6946
v -47.5437 39.3246 23.6655
v -43.6341 39.2091 22.4555
v -41.6054 38.9199 22.4555
v -39.7419 40.2131 22.5105
v -32.8881 39.4123 22.3267
v -32.3320 39.4123 22.3267
v -61.4415 41.8246 22.5105
v -58.0756 42.7069 23.4511
v -56.5637 41.8952 22.4658
v -54.4999 42.7502 21.4806
v -50.8909 41.8246 21.5641
v -49.0173 41.8246 22.4808
v -47.3977 41.8246 23.4271
v -43.5069 41.2664 22.5105
v -41.5049 42.2139 22.6064
v -39.0837 41.5962 22.5254
v -37.1683 42.4747 23.2138
v -32.7912 40.6810 21.2961
v -32.1591 41.6384 22.2818
v -60.7942 44.2314 22.4566
v -58.9523 44.2314 22.9529
v -56.5173 44.3246 22.2223
v -53.8069 44.0942 21.7352
v -51.7481 44.0942 21.9410
v -48.7888 44.5325 23.0004
v -47.3433 43.8377 23.3621
v -40.7345 44.3246 23.4535
v -39.0173 44.3246 22.7310
v -36.4079 44.4841 23.1524
v -34.0173 45.0067 23.2159
v -32.4155 44.2107 22.3548
v -60.6612 46.0012 21.5874
v -58.8883 46.8306 21.6901
v -56.6697 46.7422 21.6351
v -54.0173 46.2233 21.6888
v -51.5733 47.0403 22.4856
v -49.4697 46.2538 23.3749
v -45.6962 47.5568 21.5710
v -44.6786 47.5568 21.5710
v -40.4943 45.8187 23.6080
v -39.0173 46.3140 23.3336
v -36.6543 47.0196 23.3774
v -34.0173 46.8246 22.6108
v -32.5803 46.8246 21.5270
v -57.9689 48.3773 21.3464
v -57.6047 48.3773 21.3464
v -50.9763 48.5138 22.5105
v -48.8187 49.6102 22.7215
v -46.5247 49.2588 22.0739
v -44.6448 49.3246 21.7009
v -38.1131 49.8599 22.5105
v -36.6543 48.9335 22.6574
v -34.0173 48.7344 21.9053
v -32.6708 48.2366 21.4586
v -47.8530 50.6893 23.6956
v -46.3402 51.6434 23.3567
v -44.1226 52.0158 22.1314
v -41.4031 52.9614 22.4061
v -39.5267 51.9975 22.3995
v -45.3888 53.1055 23.7091
v -44.0173 53.1621 23.3916
v -41.4031 53.1321 22.4061
v -40.2385 53.1039 21.4921
v 31.5989 -39.7680 24.0325
v 32.5229 -39.7680 24.0325
v 26.8227 -37.4277 24.0066
v 28.4827 -37.7202 24.0642
v 30.8524 -38.2599 24.4756
v 33.4068 -38.0487 24.7166
v 35.2973 -37.1309 24.3209
v 26.8227 -36.2462 24.0066
v 28.4827 -36.1836 24.0642
v 31.0159 -35.7395 24.6516
v 33.3948 -35.7913 25.8926
v 36.0715 -36.4760 25.0968
v 38.5050 -35.1536 24.8324
v 39.7886 -34.4979 23.8803
v 11.4880 -32.9289 25.0105
v 13.6847 -33.1008 25.1782
v 15.0935 -32.5464 24.4568
v 26.5440 -32.6668 24.1985
v 27.9574 -32.6668 24.1985
v 31.8714 -34.1816 24.3258
v 33.5556 -33.3405 24.9441
v 35.9827 -32.5973 25.5092
v 38.5050 -33.1186 25.5278
v 40.7662 -32.9931 24.2738
v 42.3015 -32.0382 23.8669
v 11.4880 -30.7401 25.0105
v 13.6847 -30.6469 25.1782
v 15.0935 -31.3750 24.4568
v 26.4909 -30.6754 24.3252
v 28.7017 -30.7000 24.9703
v 30.9827 -30.2160 25.0105
v 33.3226 -30.5104 24.5327
v 35.9827 -31.3269 24.2592
v 38.4978 -30.5306 24.5134
v 40.8189 -30.8268 24.2594
v 42.3015 -31.7611 23.8669
v 22.1184 -26.9666 26.0871
v 22.5448 -26.9666 26.0871
v 26.4343 -28.0408 24.9494
v 27.7793 -28.7844 25.7421
v 32.0420 -27.4575 24.2518
v 32.7427 -28.2447 25.0553
v 37.0492 -27.0637 23.7775
v 38.3102 -28.1577 23.8169
v 39.8764 -29.2518 23.8563
v 21.7218 -25.4702 25.1564
v 23.4199 -26.1824 25.1564
v 25.2099 -26.5657 25.0105
v 32.0420 -26.8094 24.2518
v 33.6422 -26.6833 25.0553
v 35.9184 -26.0705 24.4820
v 37.2792 -26.8847 23.7775
v 21.7102 -23.4075 25.1694
v 23.4827 -22.7690 24.7089
v 24.8779 -22.2468 24.3435
v 34.0174 -22.6953 25.0105
v 35.0702 -23.9453 25.0105
v 22.0991 -21.8356 26.1087
v 23.4827 -21.8137 25.9589
v 25.8198 -21.2480 25.1103
v 28.4827 -20.0546 25.0105
v 30.8959 -19.6183 25.0328
v 32.6859 -20.4730 25.0328
v 31.6714 -19.3877 25.8810
v 32.2751 -19.3877 25.8810
v -45.6508 35.1293 24.0292
v -44.0173 34.7889 24.1006
v -41.5173 34.5704 24.3536
v -39.0173 35.0051 24.2650
v -37.7323 35.5519 23.8272
v -46.0078 36.8246 24.0960
v -44.0425 36.7844 24.1398
v -41.4443 36.8338 24.9892
v -39.0173 36.2869 25.5150
v -36.7463 36.4694 24.8005
v -34.6816 37.6074 25.0105
v -61.2402 39.8057 25.0105
v -58.9833 39.7864 24.9411
v -57.5962 40.2862 24.0616
v -46.2937 39.3246 24.1553
v -44.6759 39.3246 24.1553
v -40.7828 38.5703 25.0105
v -38.9217 39.7083 24.9723
v -36.5173 39.9179 25.7711
v -34.0435 39.2307 25.1582
v -32.1872 39.9910 24.2281
v -61.6859 41.8246 25.0105
v -58.5317 41.8540 24.9411
v -57.5962 41.0402 24.0616
v -46.1477 41.8246 24.2065
v -43.8840 42.0161 24.8912
v -42.2517 42.7369 25.0105
v -38.0245 40.8080 24.1135
v -36.4079 41.7146 24.5002
v -34.0173 41.8246 24.9411
v -32.1180 41.8246 24.2811
v -60.7131 43.3557 25.0105
v -59.7028 43.3557 25.0105
v -47.8030 45.5044 23.8016
v -46.4775 44.5593 24.7378
v -44.5812 43.6142 25.6741
v -41.1813 44.3246 25.0105
v -35.5016 43.7572 23.9792
v -34.0173 43.7567 24.0945
v -32.4817 43.3015 23.9870
v -52.8809 47.8292 25.8215
v -51.4852 47.4629 24.9971
v -48.7888 46.3767 24.7851
v -47.2783 46.0189 25.4682
v -40.4470 45.7773 25.0105
v -39.0173 46.8170 25.0105
v -37.5678 47.8643 25.0105
v -52.8809 48.3548 25.8215
v -51.5191 49.1460 24.9844
v -49.5196 49.9373 24.1473
v -38.5383 49.5690 25.0105
v -37.5678 48.3190 25.0105
v -50.7412 50.8618 25.8139
v -48.8187 50.9847 24.9925
v -46.6262 52.1219 25.0105
v -40.6492 52.9462 24.4120
v -39.8739 51.9975 25.1514
v -45.3762 53.1089 25.0105
v -44.0173 53.2908 25.0105
v -41.4965 53.2330 25.1514
v -40.2503 53.0961 26.0787
v 34.1695 -35.0353 26.4370
v 35.9827 -35.2021 26.5668
v 37.6865 -34.8511 26.4923
v 11.6079 -32.4947 26.8249
v 12.9861 -32.4947 26.8249
v 34.1695 -34.1660 26.4370
v 35.9827 -33.8473 26.5668
v 37.6865 -33.9141 26.4923
v 11.6079 -31.1778 26.8249
v 12.9861 -31.1778 26.8249
v 29.4460 -29.6018 26.4692
v 30.9827 -29.6252 26.4899
v 32.3076 -29.5153 26.3576
v 22.1184 -26.9666 26.3173
v 22.5448 -26.9666 26.3173
v 26.7589 -27.1177 26.3649
v 28.5606 -28.0408 26.8006
v 30.9827 -28.1754 26.9949
v 32.8008 -28.1754 26.3980
v 21.6270 -25.6754 26.8310
v 23.4199 -25.8489 26.9724
v 25.9484 -25.8489 26.7687
v 28.5404 -25.6724 27.8654
v 31.2205 -25.6724 28.1482
v 33.6422 -25.8851 26.8967
v 34.9027 -25.1915 26.4284
v 21.6125 -23.1754 26.9618
v 23.4827 -23.1754 27.3435
v 25.9827 -23.1754 27.2111
v 27.8720 -23.1754 28.0793
v 32.2125 -24.4126 28.7333
v 33.3301 -23.4567 27.5809
v 34.9027 -24.1675 26.4284
v 22.0991 -21.8356 26.4917
v 23.4827 -21.8137 26.4963
v 25.9827 -21.5993 26.6541
v 28.4364 -20.8673 27.5255
v 30.8959 -19.8448 27.3002
v 32.5751 -20.6775 27.3002
v 31.6714 -19.3877 26.3267
v 32.2751 -19.3877 26.3267
v -40.3913 37.7433 26.3371
v -39.0173 37.5369 26.4249
v -36.5173 37.6856 26.4385
v -35.1021 37.9416 26.3552
v -60.9975 40.2127 26.6995
v -59.7940 40.2127 26.6995
v -40.3913 38.2234 26.3371
v -39.0173 38.4826 26.4249
v -36.5173 38.6679 26.4385
v -35.1021 38.4705 26.3552
v -61.0250 41.8246 26.7072
v -59.7416 41.8246 26.7072
v -42.9146 42.9908 26.3767
v -42.5173 42.9908 26.3767
v -60.5474 43.1880 26.4171
v -60.0396 43.1880 26.4171
v -45.6117 45.2809 26.4968
v -43.8557 44.3983 26.8002
v -41.9642 44.3246 26.7578
v -52.8809 47.8292 26.4125
v -51.5173 47.4256 26.8495
v -49.0173 47.3179 26.9626
v -46.4739 46.8412 26.8268
v -43.9427 46.8966 27.9733
v -41.3705 46.6894 27.5696
v -39.0173 47.3277 26.6296
v -37.6897 47.8859 26.3480
v -52.8809 48.3548 26.4125
v -51.5517 49.2427 27.0856
v -49.0173 49.3246 27.6160
v -46.5173 49.3246 27.5293
v -44.7595 49.3246 28.3411
v -40.7945 48.4715 28.3318
v -39.2738 49.1809 27.3399
v -37.6897 48.2236 26.3480
v -50.7412 50.8618 26.8502
v -49.0173 51.0012 26.9138
v -46.2816 51.7436 26.8842
v -44.1857 52.0713 28.2048
v -41.5173 52.7642 28.1571
v -40.0649 51.8295 27.2883
v -45.2910 53.0895 26.3158
v -44.0173 53.2033 26.9139
v -41.5173 53.2083 26.9071
v -40.2503 53.0961 26.3068
v 29.4123 -24.8371 29.0025
v 30.5458 -24.8371 29.0025
v 29.1220 -23.1754 29.1610
v 31.2205 -23.4177 29.3430
v 32.6390 -22.7459 29.1973
v 29.2389 -21.3452 29.0525
v 30.9827 -21.1803 29.3072
v 32.6390 -21.5122 29.1973
v -43.0595 47.7779 28.9183
v -42.4612 47.7779 28.9183
v -43.5095 49.3246 29.1934
v -41.5837 49.3127 29.3165
v -39.9959 50.1381 29.1099
v -43.4646 51.4025 29.1799
v -41.5173 51.5142 29.3371
v -39.9959 50.9995 29.1099
f 5 1 4
f 5 2 1
f 7 3 6
f 7 4 3
f 8 4 7
f 8 5 4
f 11 10 9
f 11 12 10
f 16 14 13
f 16 17 14
f 17 15 14
f 17 18 15
f 19 17 16
f 19 20 17
f 21 17 20
f 21 18 17
f 24 23 22
f 24 25 23
f 2 26 1
f 2 27 26
f 29 1 26
f 29 4 1
f 4 28 3
f 4 29 28
f 27 2 5
f 27 5 30
f 30 29 26
f 30 26 27
f 34 3 28
f 34 6 3
f 7 6 34
f 7 34 35
f 30 5 8
f 30 8 36
f 8 7 35
f 8 35 36
f 38 31 37
f 38 32 31
f 39 32 38
f 39 33 32
f 40 36 35
f 40 41 36
f 43 37 42
f 43 38 37
f 46 9 10
f 46 45 9
f 49 43 42
f 49 50 43
f 50 44 43
f 50 51 44
f 45 11 9
f 45 52 11
f 52 44 51
f 52 45 44
f 46 10 12
f 46 12 53
f 53 12 11
f 53 11 52
f 55 47 54
f 55 48 47
f 59 52 51
f 59 60 52
f 60 53 52
f 60 61 53
f 62 55 54
f 62 63 55
f 67 56 66
f 67 57 56
f 67 58 57
f 67 68 58
f 69 65 64
f 69 70 65
f 72 13 14
f 72 71 13
f 73 14 15
f 73 72 14
f 77 13 71
f 77 16 13
f 78 73 15
f 78 15 18
f 80 74 79
f 80 75 74
f 81 75 80
f 81 76 75
f 77 19 16
f 77 82 19
f 20 19 82
f 20 82 83
f 78 18 21
f 78 21 84
f 21 20 83
f 21 83 84
f 87 79 86
f 87 80 79
f 90 22 23
f 90 89 22
f 92 85 91
f 92 86 85
f 92 87 86
f 92 93 87
f 93 88 87
f 93 94 88
f 89 24 22
f 89 95 24
f 94 89 88
f 94 95 89
f 90 23 25
f 90 25 96
f 25 24 95
f 25 95 96
f 101 94 93
f 101 102 94
f 103 94 102
f 103 95 94
f 103 96 95
f 103 104 96
f 104 97 96
f 104 105 97
f 106 97 105
f 106 98 97
f 109 100 99
f 109 110 100
f 111 108 107
f 111 112 108
f 122 114 113
f 122 123 114
f 123 115 114
f 123 124 115
f 126 28 29
f 126 125 28
f 125 117 116
f 125 126 117
f 127 29 30
f 127 126 29
f 32 128 31
f 32 129 128
f 129 118 128
f 129 119 118
f 33 129 32
f 33 130 129
f 132 120 131
f 132 121 120
f 133 124 123
f 133 134 124
f 135 28 125
f 135 34 28
f 136 35 34
f 136 34 135
f 135 125 126
f 135 126 136
f 127 30 36
f 127 36 137
f 140 31 128
f 140 37 31
f 130 33 39
f 130 39 142
f 39 38 141
f 39 141 142
f 143 130 142
f 143 131 130
f 144 131 143
f 144 132 131
f 136 40 35
f 136 145 40
f 137 36 41
f 137 41 146
f 146 41 40
f 146 40 145
f 146 138 137
f 146 147 138
f 140 42 37
f 140 150 42
f 150 139 149
f 150 140 139
f 151 141 38
f 151 38 43
f 44 151 43
f 44 152 151
f 153 44 45
f 153 152 44
f 153 142 152
f 153 143 142
f 46 153 45
f 46 154 153
f 156 47 48
f 156 155 47
f 159 146 145
f 159 160 146
f 160 147 146
f 160 161 147
f 161 148 147
f 161 162 148
f 150 49 42
f 150 164 49
f 163 150 149
f 163 164 150
f 165 50 49
f 165 49 164
f 51 50 165
f 51 165 166
f 154 46 53
f 154 53 168
f 155 54 47
f 155 169 54
f 169 154 168
f 169 155 154
f 156 48 55
f 156 55 170
f 171 158 157
f 171 172 158
f 174 56 57
f 174 173 56
f 173 161 160
f 173 174 161
f 58 174 57
f 58 175 174
f 174 162 161
f 174 175 162
f 176 165 164
f 176 177 165
f 166 59 51
f 166 178 59
f 178 165 177
f 178 166 165
f 179 60 59
f 179 59 178
f 179 178 166
f 179 166 167
f 168 53 61
f 168 61 180
f 61 60 179
f 61 179 180
f 180 179 167
f 180 167 168
f 169 62 54
f 169 181 62
f 180 169 168
f 180 181 169
f 170 55 63
f 170 63 182
f 63 62 181
f 63 181 182
f 185 64 65
f 185 184 64
f 188 56 173
f 188 66 56
f 189 67 66
f 189 66 188
f 190 175 58
f 190 58 68
f 190 68 67
f 190 67 189
f 191 181 180
f 191 192 181
f 192 182 181
f 192 193 182
f 193 183 182
f 193 194 183
f 184 69 64
f 184 195 69
f 194 184 183
f 194 195 184
f 185 65 70
f 185 70 196
f 196 70 69
f 196 69 195
f 197 185 196
f 197 186 185
f 198 186 197
f 198 187 186
f 199 192 191
f 199 200 192
f 200 193 192
f 200 201 193
f 204 195 203
f 204 196 195
f 205 201 200
f 205 206 201
f 206 202 201
f 206 207 202
f 208 202 207
f 208 203 202
f 218 210 209
f 218 219 210
f 219 211 210
f 219 220 211
f 222 71 72
f 222 221 71
f 221 213 212
f 221 222 213
f 223 72 73
f 223 222 72
f 225 74 75
f 225 224 74
f 224 215 214
f 224 225 215
f 76 225 75
f 76 226 225
f 228 216 227
f 228 217 216
f 229 220 219
f 229 230 220
f 231 71 221
f 231 77 71
f 223 73 78
f 223 78 232
f 235 74 224
f 235 79 74
f 226 76 81
f 226 81 237
f 81 80 236
f 81 236 237
f 238 226 237
f 238 227 226
f 231 82 77
f 231 239 82
f 83 82 239
f 83 239 240
f 232 78 84
f 232 84 241
f 241 84 83
f 241 83 240
f 241 233 232
f 241 242 233
f 244 79 235
f 244 86 79
f 244 85 86
f 244 243 85
f 244 234 243
f 244 235 234
f 245 236 80
f 245 80 87
f 88 245 87
f 88 246 245
f 247 88 89
f 247 246 88
f 246 238 237
f 246 247 238
f 248 89 90
f 248 247 89
f 249 241 240
f 249 250 241
f 250 242 241
f 250 251 242
f 243 91 85
f 243 254 91
f 255 92 91
f 255 91 254
f 256 93 92
f 256 92 255
f 248 90 96
f 248 96 259
f 97 259 96
f 97 260 259
f 98 260 97
f 98 261 260
f 266 99 100
f 266 265 99
f 265 251 250
f 265 266 251
f 266 252 251
f 266 267 252
f 269 253 268
f 269 254 253
f 269 255 254
f 269 270 255
f 256 101 93
f 256 271 101
f 270 256 255
f 270 271 256
f 272 102 101
f 272 101 271
f 273 103 102
f 273 102 272
f 273 272 257
f 273 257 258
f 104 103 273
f 104 273 274
f 274 273 258
f 274 258 259
f 105 104 274
f 105 274 275
f 261 98 106
f 261 106 276
f 106 105 275
f 106 275 276
f 279 107 108
f 279 278 107
f 280 263 262
f 280 281 263
f 283 99 265
f 283 109 99
f 283 264 282
f 283 265 264
f 284 266 100
f 284 100 110
f 284 110 109
f 284 109 283
f 285 266 284
f 285 267 266
f 287 270 286
f 287 271 270
f 288 275 274
f 288 289 275
f 289 276 275
f 289 290 276
f 290 277 276
f 290 291 277
f 292 107 278
f 292 111 107
f 292 277 291
f 292 278 277
f 279 108 112
f 279 112 293
f 112 111 292
f 112 292 293
f 294 289 288
f 294 295 289
f 295 290 289
f 295 296 290
f 298 291 297
f 298 292 291
f 299 292 298
f 299 293 292
f 300 295 294
f 300 301 295
f 302 295 301
f 302 296 295
f 302 297 296
f 302 303 297
f 304 297 303
f 304 298 297
f 305 304 303
f 305 306 304
f 114 310 113
f 114 311 310
f 115 311 114
f 115 312 311
f 314 116 117
f 314 313 116
f 317 118 119
f 317 316 118
f 121 319 120
f 121 320 319
f 320 307 319
f 320 308 307
f 321 308 320
f 321 309 308
f 310 122 113
f 310 322 122
f 323 123 122
f 323 122 322
f 324 312 115
f 324 115 124
f 325 116 313
f 325 125 116
f 324 313 312
f 324 325 313
f 326 314 117
f 326 117 126
f 326 126 125
f 326 125 325
f 127 326 126
f 127 327 326
f 330 118 316
f 330 128 118
f 330 315 329
f 330 316 315
f 331 317 119
f 331 119 129
f 130 331 129
f 130 332 331
f 331 318 317
f 331 332 318
f 333 120 319
f 333 131 120
f 333 130 131
f 333 332 130
f 333 318 332
f 333 319 318
f 334 320 121
f 334 121 132
f 334 321 320
f 334 335 321
f 323 133 123
f 323 337 133
f 336 323 322
f 336 337 323
f 324 124 134
f 324 134 338
f 338 134 133
f 338 133 337
f 339 324 338
f 339 325 324
f 340 126 326
f 340 136 126
f 340 325 339
f 340 326 325
f 341 327 127
f 341 127 137
f 138 341 137
f 138 342 341
f 347 328 346
f 347 329 328
f 348 128 330
f 348 140 128
f 348 139 140
f 348 347 139
f 348 329 347
f 348 330 329
f 350 142 141
f 350 141 349
f 334 132 144
f 334 144 352
f 144 143 351
f 144 351 352
f 352 335 334
f 352 353 335
f 358 336 357
f 358 337 336
f 359 337 358
f 359 338 337
f 360 338 359
f 360 339 338
f 361 136 340
f 361 145 136
f 360 340 339
f 360 361 340
f 362 342 138
f 362 138 147
f 148 362 147
f 148 363 362
f 362 343 342
f 362 363 343
f 365 344 364
f 365 345 344
f 366 345 365
f 366 346 345
f 367 139 347
f 367 149 139
f 367 346 366
f 367 347 346
f 349 141 151
f 349 151 368
f 350 152 142
f 350 369 152
f 369 151 152
f 369 368 151
f 368 350 349
f 368 369 350
f 351 143 153
f 351 153 370
f 154 370 153
f 154 371 370
f 371 351 370
f 371 352 351
f 155 371 154
f 155 372 371
f 371 353 352
f 371 372 353
f 156 372 155
f 156 373 372
f 372 354 353
f 372 373 354
f 374 354 373
f 374 355 354
f 374 356 355
f 374 375 356
f 376 356 375
f 376 357 356
f 377 357 376
f 377 358 357
f 377 359 358
f 377 378 359
f 158 378 157
f 158 379 378
f 378 360 359
f 378 379 360
f 361 159 145
f 361 380 159
f 379 361 360
f 379 380 361
f 381 160 159
f 381 159 380
f 382 363 148
f 382 148 162
f 384 365 364
f 384 385 365
f 385 366 365
f 385 386 366
f 367 163 149
f 367 387 163
f 386 367 366
f 386 387 367
f 388 164 163
f 388 163 387
f 167 166 389
f 167 389 390
f 168 167 390
f 168 390 391
f 393 373 156
f 393 156 170
f 392 372 373
f 392 373 393
f 396 377 376
f 396 397 377
f 398 157 378
f 398 171 157
f 397 378 377
f 397 398 378
f 399 379 158
f 399 158 172
f 172 171 398
f 172 398 399
f 400 379 399
f 400 380 379
f 381 173 160
f 381 401 173
f 400 381 380
f 400 401 381
f 402 382 162
f 402 162 175
f 403 382 402
f 403 383 382
f 404 387 386
f 404 405 387
f 388 176 164
f 388 406 176
f 405 388 387
f 405 406 388
f 407 177 176
f 407 176 406
f 389 166 178
f 389 178 408
f 408 178 177
f 408 177 407
f 409 389 408
f 409 390 389
f 391 180 168
f 391 410 180
f 411 410 391
f 411 391 392
f 412 393 170
f 412 170 182
f 412 411 392
f 412 392 393
f 183 412 182
f 183 413 412
f 412 394 393
f 412 413 394
f 414 183 184
f 414 413 183
f 415 184 185
f 415 414 184
f 415 395 414
f 415 396 395
f 186 415 185
f 186 416 415
f 415 397 396
f 415 416 397
f 187 416 186
f 187 417 416
f 416 398 397
f 416 417 398
f 418 398 417
f 418 399 398
f 418 400 399
f 418 419 400
f 401 188 173
f 401 420 188
f 419 401 400
f 419 420 401
f 421 189 188
f 421 188 420
f 422 402 175
f 422 175 190
f 422 190 189
f 422 189 421
f 425 407 424
f 425 408 407
f 426 408 425
f 426 409 408
f 410 191 180
f 410 427 191
f 427 409 426
f 427 410 409
f 194 193 428
f 194 428 429
f 430 195 194
f 430 194 429
f 197 196 431
f 197 431 432
f 417 187 198
f 417 198 433
f 198 197 432
f 198 432 433
f 434 417 433
f 434 418 417
f 434 419 418
f 434 435 419
f 436 419 435
f 436 420 419
f 438 423 437
f 438 424 423
f 439 424 438
f 439 425 424
f 427 199 191
f 427 441 199
f 440 427 426
f 440 441 427
f 442 200 199
f 442 199 441
f 428 193 201
f 428 201 443
f 202 443 201
f 202 444 443
f 444 428 443
f 444 429 428
f 430 203 195
f 430 445 203
f 445 202 203
f 445 444 202
f 444 430 429
f 444 445 430
f 431 196 204
f 431 204 446
f 204 203 445
f 204 445 446
f 448 432 447
f 448 433 432
f 449 436 435
f 449 450 436
f 452 440 451
f 452 441 440
f 442 205 200
f 442 453 205
f 452 442 441
f 452 453 442
f 454 206 205
f 454 205 453
f 207 206 454
f 207 454 455
f 445 203 208
f 445 208 456
f 208 207 455
f 208 455 456
f 456 446 445
f 456 457 446
f 458 446 457
f 458 447 446
f 461 456 455
f 461 462 456
f 465 460 459
f 465 466 460
f 469 462 468
f 469 463 462
f 469 464 463
f 469 470 464
f 472 467 466
f 472 473 467
f 473 468 467
f 473 474 468
f 476 472 471
f 476 477 472
f 477 473 472
f 477 478 473
f 479 475 474
f 479 480 475
f 481 478 477
f 481 482 478
f 483 478 482
f 483 479 478
f 488 209 210
f 488 487 209
f 211 488 210
f 211 489 488
f 491 212 213
f 491 490 212
f 215 493 214
f 215 494 493
f 217 496 216
f 217 497 496
f 497 484 496
f 497 485 484
f 498 485 497
f 498 486 485
f 487 218 209
f 487 499 218
f 500 219 218
f 500 218 499
f 501 489 211
f 501 211 220
f 502 212 490
f 502 221 212
f 501 490 489
f 501 502 490
f 503 491 213
f 503 213 222
f 223 503 222
f 223 504 503
f 507 214 493
f 507 224 214
f 507 492 506
f 507 493 492
f 508 494 215
f 508 215 225
f 226 508 225
f 226 509 508
f 508 495 494
f 508 509 495
f 510 216 496
f 510 227 216
f 227 509 226
f 227 510 509
f 509 496 495
f 509 510 496
f 511 497 217
f 511 217 228
f 228 227 510
f 228 510 511
f 512 497 511
f 512 498 497
f 500 229 219
f 500 514 229
f 513 500 499
f 513 514 500
f 501 220 230
f 501 230 515
f 230 229 514
f 230 514 515
f 502 231 221
f 502 516 231
f 516 501 515
f 516 502 501
f 504 223 232
f 504 232 518
f 233 518 232
f 233 519 518
f 523 505 522
f 523 506 505
f 524 224 507
f 524 235 224
f 524 234 235
f 524 523 234
f 524 506 523
f 524 507 506
f 526 237 236
f 526 236 525
f 510 227 238
f 510 238 527
f 527 511 510
f 527 528 511
f 528 512 511
f 528 529 512
f 534 513 533
f 534 514 513
f 534 515 514
f 534 535 515
f 516 239 231
f 516 536 239
f 535 516 515
f 535 536 516
f 240 239 536
f 240 536 537
f 538 537 517
f 538 517 518
f 519 233 242
f 519 242 539
f 542 520 541
f 542 521 520
f 543 521 542
f 543 522 521
f 544 234 523
f 544 243 234
f 544 522 543
f 544 523 522
f 525 236 245
f 525 245 545
f 526 246 237
f 526 546 246
f 546 245 246
f 546 545 245
f 545 526 525
f 545 546 526
f 547 527 238
f 547 238 247
f 248 547 247
f 248 548 547
f 547 528 527
f 547 548 528
f 549 528 548
f 549 529 528
f 549 530 529
f 549 550 530
f 550 531 530
f 550 551 531
f 551 532 531
f 551 552 532
f 553 532 552
f 553 533 532
f 554 533 553
f 554 534 533
f 555 534 554
f 555 535 534
f 555 536 535
f 555 556 536
f 537 249 240
f 537 557 249
f 557 536 556
f 557 537 536
f 558 250 249
f 558 249 557
f 559 539 242
f 559 242 251
f 252 559 251
f 252 560 559
f 559 540 539
f 559 560 540
f 561 542 541
f 561 562 542
f 562 543 542
f 562 563 543
f 564 243 544
f 564 254 243
f 564 253 254
f 564 563 253
f 564 543 563
f 564 544 543
f 566 258 257
f 566 257 565
f 567 548 248
f 567 248 259
f 259 258 566
f 259 566 567
f 260 567 259
f 260 568 567
f 568 548 567
f 568 549 548
f 261 568 260
f 261 569 568
f 571 551 570
f 571 552 551
f 572 554 553
f 572 573 554
f 573 555 554
f 573 574 555
f 263 574 262
f 263 575 574
f 575 555 574
f 575 556 555
f 575 557 556
f 575 576 557
f 577 250 558
f 577 265 250
f 577 264 265
f 577 576 264
f 576 558 557
f 576 577 558
f 578 560 252
f 578 252 267
f 579 253 563
f 579 268 253
f 580 269 268
f 580 268 579
f 270 269 580
f 270 580 581
f 565 257 272
f 565 272 583
f 583 272 271
f 583 271 582
f 584 565 583
f 584 566 565
f 567 274 259
f 567 585 274
f 585 566 584
f 585 567 566
f 586 585 567
f 586 567 568
f 587 569 261
f 587 261 276
f 586 568 569
f 586 569 587
f 588 276 277
f 588 587 276
f 588 569 587
f 588 570 569
f 589 277 278
f 589 588 277
f 589 570 588
f 589 571 570
f 590 278 279
f 590 589 278
f 589 572 571
f 589 590 572
f 590 573 572
f 590 591 573
f 574 280 262
f 574 592 280
f 591 574 573
f 591 592 574
f 575 263 281
f 575 281 593
f 281 280 592
f 281 592 593
f 576 282 264
f 576 594 282
f 593 576 575
f 593 594 576
f 595 283 282
f 595 282 594
f 596 284 283
f 596 283 595
f 597 578 267
f 597 267 285
f 285 284 596
f 285 596 597
f 581 286 270
f 581 599 286
f 582 271 287
f 582 287 600
f 287 286 599
f 287 599 600
f 599 581 582
f 599 582 600
f 601 582 600
f 601 583 582
f 601 584 583
f 601 602 584
f 603 274 585
f 603 288 274
f 603 584 602
f 603 585 584
f 291 290 604
f 291 604 605
f 606 590 279
f 606 279 293
f 606 591 590
f 606 607 591
f 608 591 607
f 608 592 591
f 608 593 592
f 608 609 593
f 609 594 593
f 609 610 594
f 613 598 612
f 613 599 598
f 614 599 613
f 614 600 599
f 616 288 603
f 616 294 288
f 615 603 602
f 615 616 603
f 604 290 296
f 604 296 617
f 618 291 605
f 618 297 291
f 618 296 297
f 618 617 296
f 617 605 604
f 617 618 605
f 606 293 299
f 606 299 620
f 299 298 619
f 299 619 620
f 621 606 620
f 621 607 606
f 622 607 621
f 622 608 607
f 623 610 609
f 623 624 610
f 624 611 610
f 624 625 611
f 626 613 612
f 626 627 613
f 628 613 627
f 628 614 613
f 616 300 294
f 616 630 300
f 629 616 615
f 629 630 616
f 631 301 300
f 631 300 630
f 302 301 631
f 302 631 632
f 633 303 302
f 633 302 632
f 619 298 304
f 619 304 634
f 635 619 634
f 635 620 619
f 636 630 629
f 636 637 630
f 633 305 303
f 633 640 305
f 639 633 632
f 639 640 633
f 634 304 306
f 634 306 641
f 306 305 640
f 306 640 641
f 642 634 641
f 642 635 634
f 643 638 637
f 643 644 638
f 644 639 638
f 644 645 639
f 647 642 641
f 647 648 642
f 650 646 645
f 650 651 646
f 652 650 649
f 652 653 650
f 653 651 650
f 653 654 651
f 656 654 653
f 656 657 654
f 657 655 654
f 657 658 655
f 662 660 659
f 662 663 660
f 663 661 660
f 663 664 661
f 308 665 307
f 308 666 665
f 309 666 308
f 309 667 666
f 311 669 310
f 311 670 669
f 312 670 311
f 312 671 670
f 672 312 313
f 672 671 312
f 673 313 314
f 673 672 313
f 676 315 316
f 676 675 315
f 677 316 317
f 677 676 316
f 676 664 663
f 676 677 664
f 678 317 318
f 678 677 317
f 679 307 665
f 679 319 307
f 319 678 318
f 319 679 678
f 680 679 665
f 680 665 666
f 681 667 309
f 681 309 321
f 681 668 667
f 681 682 668
f 669 322 310
f 669 685 322
f 686 685 669
f 686 669 670
f 687 671 672
f 687 672 688
f 673 314 326
f 673 326 689
f 690 326 327
f 690 689 326
f 692 315 675
f 692 329 315
f 692 328 329
f 692 691 328
f 692 674 691
f 692 675 674
f 695 681 321
f 695 321 335
f 695 682 681
f 695 696 682
f 698 683 697
f 698 684 683
f 685 336 322
f 685 699 336
f 699 684 698
f 699 685 684
f 700 688 689
f 700 689 701
f 690 327 341
f 690 341 702
f 703 341 342
f 703 702 341
f 343 703 342
f 343 704 703
f 345 705 344
f 345 706 705
f 707 328 691
f 707 346 328
f 707 345 346
f 707 706 345
f 710 693 694
f 710 694 711
f 695 335 353
f 695 353 713
f 714 353 354
f 714 713 353
f 714 695 713
f 714 696 695
f 715 354 355
f 715 714 354
f 715 696 714
f 715 697 696
f 716 355 356
f 716 715 355
f 717 336 699
f 717 357 336
f 717 356 357
f 717 716 356
f 716 699 698
f 716 717 699
f 720 702 703
f 720 703 721
f 722 704 343
f 722 343 363
f 721 703 704
f 721 704 722
f 705 364 344
f 705 723 364
f 724 723 705
f 724 705 706
f 725 708 709
f 725 709 726
f 728 727 712
f 728 712 713
f 729 373 372
f 729 372 728
f 374 373 729
f 374 729 730
f 375 374 730
f 375 730 731
f 732 376 375
f 732 375 731
f 733 718 719
f 733 719 734
f 722 363 382
f 722 382 735
f 383 735 382
f 383 736 735
f 723 384 364
f 723 737 384
f 738 385 384
f 738 384 737
f 739 386 385
f 739 385 738
f 391 390 743
f 391 743 744
f 745 728 372
f 745 372 392
f 392 391 744
f 392 744 745
f 745 729 728
f 745 746 729
f 394 746 393
f 394 747 746
f 746 730 729
f 746 747 730
f 747 731 730
f 747 748 731
f 749 376 732
f 749 396 376
f 749 395 396
f 749 748 395
f 749 731 748
f 749 732 731
f 736 383 403
f 736 403 751
f 403 402 750
f 403 750 751
f 751 750 735
f 751 735 736
f 739 404 386
f 739 752 404
f 753 405 404
f 753 404 752
f 754 406 405
f 754 405 753
f 407 406 754
f 407 754 755
f 755 754 740
f 755 740 741
f 756 755 741
f 756 741 742
f 743 390 409
f 743 409 757
f 758 409 410
f 758 757 409
f 758 743 757
f 758 744 743
f 759 410 411
f 759 758 410
f 759 744 758
f 759 745 744
f 760 393 746
f 760 412 393
f 760 411 412
f 760 759 411
f 760 745 759
f 760 746 745
f 761 747 394
f 761 394 413
f 762 395 748
f 762 414 395
f 414 761 413
f 414 762 761
f 762 747 761
f 762 748 747
f 421 420 763
f 421 763 764
f 750 402 422
f 750 422 765
f 765 422 421
f 765 421 764
f 768 407 755
f 768 424 407
f 768 423 424
f 768 767 423
f 426 425 769
f 426 769 770
f 771 770 757
f 771 757 758
f 432 431 772
f 432 772 773
f 434 433 774
f 434 774 775
f 776 435 434
f 776 434 775
f 763 420 436
f 763 436 777
f 779 764 778
f 779 765 764
f 767 437 423
f 767 781 437
f 780 767 766
f 780 781 767
f 782 438 437
f 782 437 781
f 769 425 439
f 769 439 783
f 439 438 782
f 439 782 783
f 770 440 426
f 770 784 440
f 786 772 431
f 786 431 446
f 773 447 432
f 773 787 447
f 447 786 446
f 447 787 786
f 786 773 772
f 786 787 773
f 774 433 448
f 774 448 788
f 788 448 447
f 788 447 787
f 788 787 773
f 788 773 774
f 776 449 435
f 776 790 449
f 789 776 775
f 789 790 776
f 791 777 436
f 791 436 450
f 791 450 449
f 791 449 790
f 792 782 781
f 792 793 782
f 794 782 793
f 794 783 782
f 784 451 440
f 784 795 451
f 796 452 451
f 796 451 795
f 795 784 785
f 795 785 796
f 797 453 452
f 797 452 796
f 454 453 797
f 454 797 798
f 799 455 454
f 799 454 798
f 457 456 800
f 457 800 801
f 787 447 458
f 787 458 802
f 458 457 801
f 458 801 802
f 803 796 795
f 803 804 796
f 804 797 796
f 804 805 797
f 460 805 459
f 460 806 805
f 806 797 805
f 806 798 797
f 799 461 455
f 799 807 461
f 806 799 798
f 806 807 799
f 800 456 462
f 800 462 808
f 808 462 461
f 808 461 807
f 463 808 462
f 463 809 808
f 809 800 808
f 809 801 800
f 464 809 463
f 464 810 809
f 810 801 809
f 810 802 801
f 805 465 459
f 805 812 465
f 811 805 804
f 811 812 805
f 813 806 460
f 813 460 466
f 813 466 465
f 813 465 812
f 814 466 467
f 814 813 466
f 814 806 813
f 814 807 806
f 808 468 462
f 808 815 468
f 815 467 468
f 815 814 467
f 814 808 807
f 814 815 808
f 469 468 815
f 469 815 816
f 810 464 470
f 810 470 817
f 470 469 816
f 470 816 817
f 819 466 813
f 819 472 466
f 819 471 472
f 819 818 471
f 815 468 474
f 815 474 821
f 474 473 820
f 474 820 821
f 475 821 474
f 475 822 821
f 821 816 815
f 821 822 816
f 823 816 822
f 823 817 816
f 818 476 471
f 818 824 476
f 825 477 476
f 825 476 824
f 820 473 478
f 820 478 826
f 821 479 474
f 821 827 479
f 479 826 478
f 479 827 826
f 826 821 820
f 826 827 821
f 822 475 480
f 822 480 828
f 480 479 827
f 480 827 828
f 829 822 828
f 829 823 822
f 825 481 477
f 825 831 481
f 830 825 824
f 830 831 825
f 832 482 481
f 832 481 831
f 827 479 483
f 827 483 833
f 483 482 832
f 483 832 833
f 834 827 833
f 834 828 827
f 836 830 835
f 836 831 830
f 837 831 836
f 837 832 831
f 841 839 838
f 841 842 839
f 842 840 839
f 842 843 840
f 485 844 484
f 485 845 844
f 486 845 485
f 486 846 845
f 488 847 487
f 488 848 847
f 489 848 488
f 489 849 848
f 850 489 490
f 850 849 489
f 851 490 491
f 851 850 490
f 854 492 493
f 854 853 492
f 855 493 494
f 855 854 493
f 854 843 842
f 854 855 843
f 495 855 494
f 495 856 855
f 857 484 844
f 857 496 484
f 857 495 496
f 857 856 495
f 858 857 844
f 858 844 845
f 846 486 498
f 846 498 859
f 847 499 487
f 847 862 499
f 863 862 847
f 863 847 848
f 863 848 849
f 863 849 864
f 851 491 503
f 851 503 866
f 865 850 851
f 865 851 866
f 867 503 504
f 867 866 503
f 870 492 853
f 870 506 492
f 870 505 506
f 870 869 505
f 870 852 869
f 870 853 852
f 859 498 512
f 859 512 871
f 873 861 860
f 873 874 861
f 862 513 499
f 862 875 513
f 876 864 865
f 876 865 877
f 877 865 866
f 877 866 878
f 867 504 518
f 867 518 879
f 879 518 517
f 879 517 878
f 878 866 867
f 878 867 879
f 880 518 519
f 880 879 518
f 521 881 520
f 521 882 881
f 883 505 869
f 883 522 505
f 883 521 522
f 883 882 521
f 883 868 882
f 883 869 868
f 887 871 512
f 887 512 529
f 530 887 529
f 530 888 887
f 887 872 871
f 887 888 872
f 889 530 531
f 889 888 530
f 890 531 532
f 890 889 531
f 891 513 875
f 891 533 513
f 891 532 533
f 891 890 532
f 890 875 874
f 890 891 875
f 894 878 517
f 894 517 537
f 879 538 518
f 879 895 538
f 538 894 537
f 538 895 894
f 894 879 878
f 894 895 879
f 880 519 539
f 880 539 896
f 895 879 880
f 895 880 896
f 897 539 540
f 897 896 539
f 881 541 520
f 881 898 541
f 899 898 881
f 899 881 882
f 900 884 885
f 900 885 901
f 902 901 885
f 902 885 886
f 550 549 903
f 550 903 904
f 905 551 550
f 905 550 904
f 553 552 906
f 553 906 907
f 908 892 893
f 908 893 909
f 911 897 540
f 911 540 560
f 910 896 897
f 910 897 911
f 898 561 541
f 898 912 561
f 913 562 561
f 913 561 912
f 914 563 562
f 914 562 913
f 903 549 568
f 903 568 917
f 568 567 916
f 568 916 917
f 918 903 917
f 918 904 903
f 905 570 551
f 905 919 570
f 570 918 569
f 570 919 918
f 906 552 571
f 906 571 920
f 921 553 907
f 921 572 553
f 921 571 572
f 921 920 571
f 921 906 920
f 921 907 906
f 923 911 560
f 923 560 578
f 924 563 914
f 924 579 563
f 580 579 924
f 580 924 925
f 924 914 915
f 924 915 925
f 926 581 580
f 926 580 925
f 927 582 581
f 927 581 926
f 916 567 585
f 916 585 928
f 586 928 585
f 586 929 928
f 929 916 928
f 929 917 916
f 930 569 918
f 930 587 569
f 930 586 587
f 930 929 586
f 930 917 929
f 930 918 917
f 932 931 919
f 932 919 920
f 595 594 933
f 595 933 934
f 596 595 934
f 596 934 935
f 923 578 597
f 923 597 936
f 597 596 935
f 597 935 936
f 936 935 922
f 936 922 923
f 938 598 599
f 938 937 598
f 939 582 927
f 939 600 582
f 939 599 600
f 939 938 599
f 601 600 939
f 601 939 940
f 941 602 601
f 941 601 940
f 944 609 608
f 944 608 943
f 933 594 610
f 933 610 945
f 611 945 610
f 611 946 945
f 945 934 933
f 945 946 934
f 947 934 946
f 947 935 934
f 948 935 947
f 948 936 935
f 949 598 937
f 949 612 598
f 939 600 614
f 939 614 950
f 950 940 939
f 950 951 940
f 941 615 602
f 941 952 615
f 951 941 940
f 951 952 941
f 621 620 953
f 621 953 954
f 943 608 622
f 943 622 955
f 955 622 621
f 955 621 954
f 955 954 942
f 955 942 943
f 944 623 609
f 944 956 623
f 957 624 623
f 957 623 956
f 958 946 611
f 958 611 625
f 625 624 957
f 625 957 958
f 949 626 612
f 949 959 626
f 960 627 626
f 960 626 959
f 950 614 628
f 950 628 961
f 628 627 960
f 628 960 961
f 962 950 961
f 962 951 950
f 963 615 952
f 963 629 615
f 631 630 964
f 631 964 965
f 966 632 631
f 966 631 965
f 953 620 635
f 953 635 967
f 968 953 967
f 968 954 953
f 969 962 961
f 969 970 962
f 963 636 629
f 963 971 636
f 964 630 637
f 964 637 972
f 972 637 636
f 972 636 971
f 973 637 638
f 973 972 637
f 973 964 972
f 973 965 964
f 966 639 632
f 966 974 639
f 974 638 639
f 974 973 638
f 973 966 965
f 973 974 966
f 975 640 639
f 975 639 974
f 976 641 640
f 976 640 975
f 967 635 642
f 967 642 977
f 978 967 977
f 978 968 967
f 972 643 637
f 972 979 643
f 644 643 979
f 644 979 980
f 981 974 639
f 981 639 645
f 981 645 644
f 981 644 980
f 646 981 645
f 646 982 981
f 981 975 974
f 981 982 975
f 976 647 641
f 976 983 647
f 982 976 975
f 982 983 976
f 977 642 648
f 977 648 984
f 648 647 983
f 648 983 984
f 985 977 984
f 985 978 977
f 988 645 981
f 988 650 645
f 988 649 650
f 988 987 649
f 988 980 987
f 988 981 980
f 989 982 646
f 989 646 651
f 989 983 982
f 989 990 983
f 990 984 983
f 990 991 984
f 991 985 984
f 991 992 985
f 987 652 649
f 987 994 652
f 994 986 993
f 994 987 986
f 995 653 652
f 995 652 994
f 996 989 651
f 996 651 654
f 655 996 654
f 655 997 996
f 996 990 989
f 996 997 990
f 997 991 990
f 997 998 991
f 999 991 998
f 999 992 991
f 995 656 653
f 995 1001 656
f 1000 995 994
f 1000 1001 995
f 1002 657 656
f 1002 656 1001
f 1003 997 655
f 1003 655 658
f 658 657 1002
f 658 1002 1003
f 1004 997 1003
f 1004 998 997
f 1006 1000 1005
f 1006 1001 1000
f 1008 659 660
f 1008 1007 659
f 661 1008 660
f 661 1009 1008
f 1007 662 659
f 1007 1014 662
f 1015 663 662
f 1015 662 1014
f 1009 661 664
f 1009 664 1016
f 667 1019 666
f 667 1020 1019
f 668 1020 667
f 668 1021 1020
f 671 1025 670
f 671 1026 1025
f 1027 1010 1026
f 1027 1011 1010
f 673 1027 672
f 673 1028 1027
f 1028 1011 1027
f 1028 1012 1011
f 1030 674 675
f 1030 1029 674
f 1030 1013 1029
f 1030 1014 1013
f 1031 663 1015
f 1031 676 663
f 1031 675 676
f 1031 1030 675
f 1030 1015 1014
f 1030 1031 1015
f 1032 1016 664
f 1032 664 677
f 678 1032 677
f 678 1033 1032
f 1032 1017 1016
f 1032 1033 1017
f 679 1033 678
f 679 1034 1033
f 1033 1018 1017
f 1033 1034 1018
f 1019 680 666
f 1019 1035 680
f 680 1034 679
f 680 1035 1034
f 1036 1035 1019
f 1036 1019 1020
f 1037 1021 668
f 1037 668 682
f 1036 1020 1021
f 1036 1021 1037
f 1037 1022 1021
f 1037 1038 1022
f 1039 683 684
f 1039 1038 683
f 1038 1023 1022
f 1038 1039 1023
f 1040 684 685
f 1040 1039 684
f 1025 686 670
f 1025 1041 686
f 1041 685 686
f 1041 1040 685
f 1041 1024 1040
f 1041 1025 1024
f 1042 1026 671
f 1042 671 687
f 1043 672 1027
f 1043 688 672
f 688 1042 687
f 688 1043 1042
f 1042 1027 1026
f 1042 1043 1027
f 1044 1028 673
f 1044 673 689
f 1044 689 688
f 1044 688 1043
f 1045 689 690
f 1045 1044 689
f 1047 674 1029
f 1047 691 674
f 694 693 1048
f 694 1048 1049
f 1050 1037 682
f 1050 682 696
f 1051 683 1038
f 1051 697 683
f 697 1050 696
f 697 1051 1050
f 1050 1038 1037
f 1050 1051 1038
f 1052 698 697
f 1052 697 1051
f 1043 688 700
f 1043 700 1053
f 1044 701 689
f 1044 1054 701
f 1054 700 701
f 1054 1053 700
f 1053 1044 1043
f 1053 1054 1044
f 1045 690 702
f 1045 702 1055
f 1059 691 1047
f 1059 707 691
f 1059 706 707
f 1059 1058 706
f 1059 1046 1058
f 1059 1047 1046
f 709 708 1060
f 709 1060 1061
f 1048 693 710
f 1048 710 1062
f 1049 711 694
f 1049 1063 711
f 1063 710 711
f 1063 1062 710
f 1063 1048 1062
f 1063 1049 1048
f 1065 713 712
f 1065 712 1064
f 1066 1051 697
f 1066 697 715
f 1067 698 1052
f 1067 716 698
f 716 1066 715
f 716 1067 1066
f 1066 1052 1051
f 1066 1067 1052
f 719 718 1068
f 719 1068 1069
f 1071 1070 1053
f 1071 1053 1054
f 1055 702 720
f 1055 720 1072
f 1073 720 721
f 1073 1072 720
f 1072 1056 1055
f 1072 1073 1056
f 1074 721 722
f 1074 1073 721
f 1073 1057 1056
f 1073 1074 1057
f 1058 724 706
f 1058 1076 724
f 724 1075 723
f 724 1076 1075
f 1060 708 725
f 1060 725 1077
f 1061 726 709
f 1061 1078 726
f 726 1077 725
f 726 1078 1077
f 1077 1061 1060
f 1077 1078 1061
f 1078 1061 1062
f 1078 1062 1079
f 1064 712 727
f 1064 727 1081
f 1065 728 713
f 1065 1082 728
f 1082 727 728
f 1082 1081 727
f 1081 1065 1064
f 1081 1082 1065
f 1068 718 733
f 1068 733 1083
f 1069 734 719
f 1069 1084 734
f 734 1083 733
f 734 1084 1083
f 1083 1069 1068
f 1083 1084 1069
f 1086 1085 1070
f 1086 1070 1071
f 1087 1074 722
f 1087 722 735
f 1075 737 723
f 1075 1088 737
f 738 737 1088
f 738 1088 1089
f 1089 1088 1075
f 1089 1075 1076
f 1090 739 738
f 1090 738 1089
f 1093 741 740
f 1093 740 1092
f 742 741 1093
f 742 1093 1094
f 1094 1079 1080
f 1094 1080 1095
f 1087 735 750
f 1087 750 1098
f 1100 1088 1099
f 1100 1089 1088
f 1090 752 739
f 1090 1101 752
f 1100 1090 1089
f 1100 1101 1090
f 1102 753 752
f 1102 752 1101
f 1103 1092 740
f 1103 740 754
f 1103 754 753
f 1103 753 1102
f 1103 1102 1091
f 1103 1091 1092
f 1104 1092 1103
f 1104 1093 1092
f 1105 742 1094
f 1105 756 742
f 756 1104 755
f 756 1105 1104
f 1105 1093 1104
f 1105 1094 1093
f 1105 1094 1095
f 1105 1095 1106
f 1107 758 757
f 1107 757 1106
f 1110 1096 1097
f 1110 1097 1111
f 1115 764 763
f 1115 763 1114
f 1098 750 765
f 1098 765 1116
f 1118 1100 1099
f 1118 1119 1100
f 1119 1101 1100
f 1119 1120 1101
f 1121 1101 1120
f 1121 1102 1101
f 1122 766 767
f 1122 1121 766
f 1122 1102 1121
f 1122 1103 1102
f 1104 768 755
f 1104 1123 768
f 768 1122 767
f 768 1123 1122
f 1123 1103 1122
f 1123 1104 1103
f 1125 1106 757
f 1125 757 770
f 770 769 1124
f 770 1124 1125
f 1107 771 758
f 1107 1126 771
f 771 1125 770
f 771 1126 1125
f 1125 1107 1106
f 1125 1126 1107
f 1128 1127 1108
f 1128 1108 1109
f 1132 774 773
f 1132 773 1131
f 775 774 1132
f 775 1132 1133
f 1134 1133 1112
f 1134 1112 1113
f 1114 763 777
f 1114 777 1135
f 1115 778 764
f 1115 1136 778
f 1135 1115 1114
f 1135 1136 1115
f 1116 765 779
f 1116 779 1137
f 779 778 1136
f 779 1136 1137
f 1138 1116 1137
f 1138 1117 1116
f 1121 780 766
f 1121 1140 780
f 1139 1121 1120
f 1139 1140 1121
f 1141 781 780
f 1141 780 1140
f 1142 1124 769
f 1142 769 783
f 1125 784 770
f 1125 1143 784
f 1143 1124 1142
f 1143 1125 1124
f 785 784 1143
f 785 1143 1144
f 1145 1127 1128
f 1145 1128 1146
f 1149 1148 1129
f 1149 1129 1130
f 1131 773 787
f 1131 787 1150
f 1149 1130 1131
f 1149 1131 1150
f 1151 1131 1150
f 1151 1132 1131
f 1133 789 775
f 1133 1152 789
f 1151 1133 1132
f 1151 1152 1133
f 1153 790 789
f 1153 789 1152
f 1152 1133 1134
f 1152 1134 1153
f 1135 777 791
f 1135 791 1154
f 791 790 1153
f 791 1153 1154
f 1155 1135 1154
f 1155 1136 1135
f 1141 792 781
f 1141 1157 792
f 1156 1141 1140
f 1156 1157 1141
f 1158 793 792
f 1158 792 1157
f 1142 783 794
f 1142 794 1159
f 794 793 1158
f 794 1158 1159
f 1159 1143 1142
f 1159 1160 1143
f 1161 785 1144
f 1161 796 785
f 1161 795 796
f 1161 1160 795
f 1163 1146 1147
f 1163 1147 1164
f 1150 787 802
f 1150 802 1165
f 1166 1153 1152
f 1166 1167 1153
f 1168 1153 1167
f 1168 1154 1153
f 1169 1159 1158
f 1169 1170 1159
f 1160 803 795
f 1160 1171 803
f 1171 1159 1170
f 1171 1160 1159
f 1172 804 803
f 1172 803 1171
f 1171 1160 1161
f 1171 1161 1172
f 1172 1161 1162
f 1172 1162 1173
f 1165 802 810
f 1165 810 1175
f 1178 1166 1177
f 1178 1167 1166
f 1179 1170 1169
f 1179 1180 1170
f 1181 1170 1180
f 1181 1171 1170
f 1172 811 804
f 1172 1182 811
f 1182 1171 1181
f 1182 1172 1171
f 1183 812 811
f 1183 811 1182
f 1184 813 812
f 1184 812 1183
f 1186 1175 810
f 1186 810 817
f 1186 1185 1174
f 1186 1174 1175
f 1186 1176 1175
f 1186 1187 1176
f 1189 1180 1188
f 1189 1181 1180
f 1190 1183 1182
f 1190 1191 1183
f 1184 819 813
f 1184 1192 819
f 1192 818 819
f 1192 1191 818
f 1192 1183 1191
f 1192 1184 1183
f 1186 817 823
f 1186 823 1193
f 1193 1187 1186
f 1193 1194 1187
f 1191 824 818
f 1191 1196 824
f 1196 1190 1195
f 1196 1191 1190
f 1193 823 829
f 1193 829 1199
f 829 828 1198
f 829 1198 1199
f 1196 830 824
f 1196 1202 830
f 1201 1196 1195
f 1201 1202 1196
f 833 832 1203
f 833 1203 1204
f 1198 828 834
f 1198 834 1205
f 834 833 1204
f 834 1204 1205
f 1205 1204 1197
f 1205 1197 1198
f 1206 1198 1205
f 1206 1199 1198
f 1206 1200 1199
f 1206 1207 1200
f 1209 830 1202
f 1209 835 830
f 836 835 1209
f 836 1209 1210
f 1203 832 837
f 1203 837 1211
f 1211 837 836
f 1211 836 1210
f 1212 1203 1211
f 1212 1204 1203
f 1213 1204 1212
f 1213 1205 1204
f 1213 1206 1205
f 1213 1214 1206
f 1214 1207 1206
f 1214 1215 1207
f 1215 1208 1207
f 1215 1216 1208
f 1217 1211 1210
f 1217 1218 1211
f 1218 1212 1211
f 1218 1219 1212
f 1220 1212 1219
f 1220 1213 1212
f 1221 1213 1220
f 1221 1214 1213
f 1222 1214 1221
f 1222 1215 1214
f 1223 1219 1218
f 1223 1224 1219
f 1225 1219 1224
f 1225 1220 1219
f 1227 838 839
f 1227 1226 838
f 840 1227 839
f 840 1228 1227
f 1226 841 838
f 1226 1232 841
f 1233 842 841
f 1233 841 1232
f 1234 1228 840
f 1234 840 843
f 846 1237 845
f 846 1238 1237
f 850 1241 849
f 850 1242 1241
f 1241 1230 1229
f 1241 1242 1230
f 1247 852 853
f 1247 1246 852
f 1247 1231 1246
f 1247 1232 1231
f 1248 842 1233
f 1248 854 842
f 1248 853 854
f 1248 1247 853
f 1247 1233 1232
f 1247 1248 1233
f 1249 1234 843
f 1249 843 855
f 856 1249 855
f 856 1250 1249
f 857 1250 856
f 857 1251 1250
f 1250 1236 1235
f 1250 1251 1236
f 1237 858 845
f 1237 1252 858
f 858 1251 857
f 858 1252 1251
f 1238 846 859
f 1238 859 1253
f 1252 1237 1238
f 1252 1238 1253
f 861 1255 860
f 861 1256 1255
f 1256 1239 1255
f 1256 1240 1239
f 863 1257 862
f 863 1258 1257
f 1259 849 1241
f 1259 864 849
f 1259 863 864
f 1259 1258 863
f 1260 1242 850
f 1260 850 865
f 1260 865 864
f 1260 864 1259
f 1260 1243 1242
f 1260 1261 1243
f 1262 1245 1244
f 1262 1263 1245
f 1265 852 1246
f 1265 869 852
f 1265 868 869
f 1265 1264 868
f 1266 1251 1252
f 1266 1252 1267
f 1268 1253 859
f 1268 859 871
f 872 1268 871
f 872 1269 1268
f 1268 1254 1253
f 1268 1269 1254
f 1270 860 1255
f 1270 873 860
f 1269 1255 1254
f 1269 1270 1255
f 1271 1256 861
f 1271 861 874
f 1271 874 873
f 1271 873 1270
f 1272 862 1257
f 1272 875 862
f 1272 874 875
f 1272 1271 874
f 1272 1256 1271
f 1272 1257 1256
f 1273 1259 864
f 1273 864 876
f 877 1273 876
f 877 1274 1273
f 1273 1260 1259
f 1273 1274 1260
f 1275 877 878
f 1275 1274 877
f 1274 1261 1260
f 1274 1275 1261
f 1276 878 879
f 1276 1275 878
f 1279 868 1264
f 1279 882 868
f 1281 885 884
f 1281 884 1280
f 886 885 1281
f 886 1281 1282
f 1284 1269 872
f 1284 872 888
f 889 1284 888
f 889 1285 1284
f 1284 1270 1269
f 1284 1285 1270
f 1286 874 1271
f 1286 890 874
f 1286 889 890
f 1286 1285 889
f 893 892 1287
f 893 1287 1288
f 1291 1276 879
f 1291 879 895
f 896 1291 895
f 896 1292 1291
f 1291 1277 1276
f 1291 1292 1277
f 1279 899 882
f 1279 1295 899
f 899 1294 898
f 899 1295 1294
f 1295 1278 1294
f 1295 1279 1278
f 1280 884 900
f 1280 900 1296
f 1297 900 901
f 1297 1296 900
f 1296 1281 1280
f 1296 1297 1281
f 1298 886 1282
f 1298 902 886
f 902 1297 901
f 902 1298 1297
f 1298 1281 1297
f 1298 1282 1281
f 1298 1282 1283
f 1298 1283 1299
f 905 904 1301
f 905 1301 1302
f 1287 892 908
f 1287 908 1303
f 1288 909 893
f 1288 1304 909
f 909 1303 908
f 909 1304 1303
f 1303 1288 1287
f 1303 1304 1288
f 1306 1305 1289
f 1306 1289 1290
f 1307 1292 896
f 1307 896 910
f 1308 910 911
f 1308 1307 910
f 1307 1293 1292
f 1307 1308 1293
f 1309 898 1294
f 1309 912 898
f 913 912 1309
f 913 1309 1310
f 1309 1294 1295
f 1309 1295 1310
f 1311 914 913
f 1311 913 1310
f 915 914 1311
f 915 1311 1312
f 1313 1299 1300
f 1313 1300 1314
f 1315 1301 904
f 1315 904 918
f 1302 919 905
f 1302 1316 919
f 919 1315 918
f 919 1316 1315
f 1315 1302 1301
f 1315 1316 1302
f 1317 920 919
f 1317 919 1316
f 1318 1304 1305
f 1318 1305 1319
f 1320 1319 1305
f 1320 1305 1306
f 1308 911 923
f 1308 923 1322
f 1322 923 922
f 1322 922 1321
f 1324 1311 1310
f 1324 1325 1311
f 1312 925 915
f 1312 1326 925
f 1325 1312 1311
f 1325 1326 1312
f 926 925 1326
f 926 1326 1327
f 1328 927 926
f 1328 926 1327
f 1329 1313 1314
f 1329 1314 1330
f 1316 919 931
f 1316 931 1332
f 1317 932 920
f 1317 1333 932
f 932 1332 931
f 932 1333 1332
f 1334 1321 922
f 1334 922 935
f 936 1334 935
f 936 1335 1334
f 1334 1322 1321
f 1334 1335 1322
f 1336 1324 1323
f 1336 1337 1324
f 1337 1325 1324
f 1337 1338 1325
f 1339 1325 1338
f 1339 1326 1325
f 1340 937 938
f 1340 1339 937
f 1340 1326 1339
f 1340 1327 1326
f 1341 927 1328
f 1341 939 927
f 1341 938 939
f 1341 1340 938
f 1340 1328 1327
f 1340 1341 1328
f 1342 1330 1331
f 1342 1331 1343
f 1347 943 942
f 1347 942 1346
f 944 943 1347
f 944 1347 1348
f 947 946 1350
f 947 1350 1351
f 1335 936 948
f 1335 948 1352
f 948 947 1351
f 948 1351 1352
f 1353 1338 1337
f 1353 1354 1338
f 1355 937 1339
f 1355 949 937
f 1355 1338 1354
f 1355 1339 1338
f 952 951 1356
f 952 1356 1357
f 1361 1360 1344
f 1361 1344 1345
f 1362 1346 942
f 1362 942 954
f 1361 1345 1346
f 1361 1346 1362
f 1363 1346 1362
f 1363 1347 1346
f 1348 956 944
f 1348 1364 956
f 1363 1348 1347
f 1363 1364 1348
f 1365 957 956
f 1365 956 1364
f 1364 1348 1349
f 1364 1349 1365
f 1350 946 958
f 1350 958 1366
f 1366 958 957
f 1366 957 1365
f 1355 959 949
f 1355 1368 959
f 1367 1355 1354
f 1367 1368 1355
f 1369 960 959
f 1369 959 1368
f 1370 961 960
f 1370 960 1369
f 1356 951 962
f 1356 962 1371
f 1357 963 952
f 1357 1372 963
f 1371 1357 1356
f 1371 1372 1357
f 1375 1374 1358
f 1375 1358 1359
f 1376 1375 1359
f 1376 1359 1360
f 1377 1362 954
f 1377 954 968
f 1378 1362 1377
f 1378 1363 1362
f 1379 1365 1364
f 1379 1380 1365
f 1381 1365 1380
f 1381 1366 1365
f 1382 1369 1368
f 1382 1383 1369
f 1370 969 961
f 1370 1384 969
f 1371 962 970
f 1371 970 1385
f 970 969 1384
f 970 1384 1385
f 1372 971 963
f 1372 1386 971
f 1386 1371 1385
f 1386 1372 1371
f 1387 972 971
f 1387 971 1386
f 1386 1372 1373
f 1386 1373 1387
f 1389 1377 968
f 1389 968 978
f 1391 1379 1390
f 1391 1380 1379
f 1392 1385 1384
f 1392 1393 1385
f 1387 979 972
f 1387 1395 979
f 1394 1387 1386
f 1394 1395 1387
f 1396 980 979
f 1396 979 1395
f 1389 978 985
f 1389 985 1398
f 1398 1397 1388
f 1398 1388 1389
f 1400 1393 1392
f 1400 1401 1393
f 1402 1393 1401
f 1402 1394 1393
f 1404 980 1396
f 1404 987 980
f 1404 986 987
f 1404 1403 986
f 1403 1396 1395
f 1403 1404 1396
f 1398 985 992
f 1398 992 1405
f 1405 1399 1398
f 1405 1406 1399
f 1403 993 986
f 1403 1407 993
f 1408 994 993
f 1408 993 1407
f 1405 992 999
f 1405 999 1410
f 999 998 1409
f 999 1409 1410
f 1408 1000 994
f 1408 1412 1000
f 1411 1408 1407
f 1411 1412 1408
f 1002 1001 1413
f 1002 1413 1414
f 1415 1003 1002
f 1415 1002 1414
f 1409 998 1004
f 1409 1004 1416
f 1004 1003 1415
f 1004 1415 1416
f 1417 1409 1416
f 1417 1410 1409
f 1412 1005 1000
f 1412 1420 1005
f 1419 1412 1411
f 1419 1420 1412
f 1413 1001 1006
f 1413 1006 1421
f 1421 1006 1005
f 1421 1005 1420
f 1422 1413 1421
f 1422 1414 1413
f 1423 1414 1422
f 1423 1415 1414
f 1424 1415 1423
f 1424 1416 1415
f 1425 1416 1424
f 1425 1417 1416
f 1425 1418 1417
f 1425 1426 1418
f 1427 1421 1420
f 1427 1428 1421
f 1428 1422 1421
f 1428 1429 1422
f 1429 1423 1422
f 1429 1430 1423
f 1431 1423 1430
f 1431 1424 1423
f 1432 1424 1431
f 1432 1425 1424
f 1433 1425 1432
f 1433 1426 1425
f 1434 1430 1429
f 1434 1435 1430
f 1436 1430 1435
f 1436 1431 1430
f 1438 1007 1008
f 1438 1437 1007
f 1439 1008 1009
f 1439 1438 1008
f 1011 1440 1010
f 1011 1441 1440
f 1012 1441 1011
f 1012 1442 1441
f 1437 1014 1007
f 1437 1447 1014
f 1447 1013 1014
f 1447 1446 1013
f 1448 1447 1437
f 1448 1437 1438
f 1439 1009 1016
f 1439 1016 1449
f 1448 1438 1439
f 1448 1439 1449
f 1450 1016 1017
f 1450 1449 1016
f 1018 1450 1017
f 1018 1451 1450
f 1022 1454 1021
f 1022 1455 1454
f 1456 1022 1023
f 1456 1455 1022
f 1458 1024 1025
f 1458 1457 1024
f 1459 1010 1440
f 1459 1026 1010
f 1459 1025 1026
f 1459 1458 1025
f 1460 1459 1440
f 1460 1440 1441
f 1461 1442 1012
f 1461 1012 1028
f 1460 1441 1442
f 1460 1442 1461
f 1462 1444 1443
f 1462 1463 1444
f 1463 1445 1444
f 1463 1464 1445
f 1465 1013 1446
f 1465 1029 1013
f 1467 1466 1449
f 1467 1449 1450
f 1468 1451 1018
f 1468 1018 1034
f 1035 1468 1034
f 1035 1469 1468
f 1036 1469 1035
f 1036 1470 1469
f 1470 1452 1469
f 1470 1453 1452
f 1454 1037 1021
f 1454 1471 1037
f 1471 1036 1037
f 1471 1470 1036
f 1472 1471 1454
f 1472 1454 1455
f 1473 1456 1023
f 1473 1023 1039
f 1474 1024 1457
f 1474 1040 1024
f 1040 1473 1039
f 1040 1474 1473
f 1475 1459 1460
f 1475 1460 1476
f 1477 1461 1028
f 1477 1028 1044
f 1478 1044 1045
f 1478 1477 1044
f 1479 1463 1462
f 1479 1480 1463
f 1480 1464 1463
f 1480 1481 1464
f 1465 1047 1029
f 1465 1482 1047
f 1482 1046 1047
f 1482 1481 1046
f 1481 1465 1464
f 1481 1482 1465
f 1487 1486 1473
f 1487 1473 1474
f 1054 1053 1488
f 1054 1488 1489
f 1488 1476 1477
f 1488 1477 1489
f 1478 1045 1055
f 1478 1055 1490
f 1489 1477 1478
f 1489 1478 1490
f 1056 1490 1055
f 1056 1491 1490
f 1492 1056 1057
f 1492 1491 1056
f 1494 1046 1481
f 1494 1058 1046
f 1494 1480 1493
f 1494 1481 1480
f 1495 1482 1483
f 1495 1483 1496
f 1498 1062 1061
f 1498 1061 1497
f 1499 1484 1485
f 1499 1485 1500
f 1488 1053 1070
f 1488 1070 1503
f 1489 1071 1054
f 1489 1504 1071
f 1504 1488 1503
f 1504 1489 1488
f 1506 1492 1057
f 1506 1057 1074
f 1505 1491 1492
f 1505 1492 1506
f 1494 1076 1058
f 1494 1508 1076
f 1507 1494 1493
f 1507 1508 1494
f 1497 1061 1078
f 1497 1078 1509
f 1498 1079 1062
f 1498 1510 1079
f 1079 1509 1078
f 1079 1510 1509
f 1509 1498 1497
f 1509 1510 1498
f 1080 1079 1510
f 1080 1510 1511
f 1512 1511 1499
f 1512 1499 1500
f 1515 1501 1502
f 1515 1502 1516
f 1503 1070 1085
f 1503 1085 1517
f 1504 1086 1071
f 1504 1518 1086
f 1518 1085 1086
f 1518 1517 1085
f 1518 1503 1517
f 1518 1504 1503
f 1506 1074 1087
f 1506 1087 1521
f 1508 1089 1076
f 1508 1524 1089
f 1524 1088 1089
f 1524 1523 1088
f 1526 1092 1091
f 1526 1091 1525
f 1528 1510 1079
f 1528 1079 1094
f 1527 1509 1510
f 1527 1510 1528
f 1529 1080 1511
f 1529 1095 1080
f 1529 1510 1528
f 1529 1511 1510
f 1530 1513 1514
f 1530 1514 1531
f 1097 1096 1532
f 1097 1532 1533
f 1537 1536 1517
f 1537 1517 1518
f 1538 1519 1520
f 1538 1520 1539
f 1521 1087 1098
f 1521 1098 1540
f 1540 1522 1521
f 1540 1541 1522
f 1523 1099 1088
f 1523 1542 1099
f 1543 1525 1091
f 1543 1091 1102
f 1544 1092 1526
f 1544 1103 1092
f 1544 1102 1103
f 1544 1543 1102
f 1543 1526 1525
f 1543 1544 1526
f 1546 1528 1094
f 1546 1094 1105
f 1545 1527 1528
f 1545 1528 1546
f 1547 1095 1529
f 1547 1106 1095
f 1547 1105 1106
f 1547 1546 1105
f 1547 1528 1546
f 1547 1529 1528
f 1109 1108 1548
f 1109 1548 1549
f 1548 1530 1531
f 1548 1531 1549
f 1532 1096 1110
f 1532 1110 1550
f 1533 1111 1097
f 1533 1551 1111
f 1111 1550 1110
f 1111 1551 1550
f 1550 1533 1532
f 1550 1551 1533
f 1552 1534 1535
f 1552 1535 1553
f 1113 1112 1554
f 1113 1554 1555
f 1557 1556 1538
f 1557 1538 1539
f 1558 1540 1098
f 1558 1098 1116
f 1559 1116 1117
f 1559 1558 1116
f 1542 1118 1099
f 1542 1562 1118
f 1119 1118 1562
f 1119 1562 1563
f 1564 1120 1119
f 1564 1119 1563
f 1565 1548 1108
f 1565 1108 1127
f 1566 1109 1549
f 1566 1128 1109
f 1566 1548 1565
f 1566 1549 1548
f 1568 1130 1129
f 1568 1129 1567
f 1569 1131 1130
f 1569 1130 1568
f 1571 1554 1112
f 1571 1112 1133
f 1572 1113 1555
f 1572 1134 1113
f 1572 1554 1571
f 1572 1555 1554
f 1573 1572 1555
f 1573 1555 1556
f 1573 1556 1557
f 1573 1557 1574
f 1575 1137 1136
f 1575 1136 1574
f 1575 1574 1557
f 1575 1557 1558
f 1559 1117 1138
f 1559 1138 1576
f 1138 1137 1575
f 1138 1575 1576
f 1575 1558 1559
f 1575 1559 1576
f 1577 1561 1560
f 1577 1578 1561
f 1564 1139 1120
f 1564 1579 1139
f 1580 1140 1139
f 1580 1139 1579
f 1144 1143 1581
f 1144 1581 1582
f 1565 1127 1145
f 1565 1145 1583
f 1566 1146 1128
f 1566 1584 1146
f 1584 1145 1146
f 1584 1583 1145
f 1583 1566 1565
f 1583 1584 1566
f 1585 1147 1146
f 1585 1146 1584
f 1586 1567 1129
f 1586 1129 1148
f 1587 1148 1149
f 1587 1586 1148
f 1588 1131 1569
f 1588 1150 1131
f 1588 1149 1150
f 1588 1587 1149
f 1587 1569 1568
f 1587 1588 1569
f 1151 1150 1588
f 1151 1588 1589
f 1588 1569 1570
f 1588 1570 1589
f 1590 1571 1133
f 1590 1133 1152
f 1590 1152 1151
f 1590 1151 1589
f 1591 1134 1572
f 1591 1153 1134
f 1153 1590 1152
f 1153 1591 1590
f 1574 1136 1155
f 1574 1155 1593
f 1155 1154 1592
f 1155 1592 1593
f 1580 1156 1140
f 1580 1596 1156
f 1597 1157 1156
f 1597 1156 1596
f 1158 1157 1597
f 1158 1597 1598
f 1581 1143 1160
f 1581 1160 1600
f 1582 1161 1144
f 1582 1601 1161
f 1600 1582 1581
f 1600 1601 1582
f 1162 1161 1601
f 1162 1601 1602
f 1602 1601 1582
f 1602 1582 1583
f 1603 1584 1146
f 1603 1146 1163
f 1603 1602 1583
f 1603 1583 1584
f 1585 1164 1147
f 1585 1604 1164
f 1604 1163 1164
f 1604 1603 1163
f 1603 1585 1584
f 1603 1604 1585
f 1605 1588 1150
f 1605 1150 1165
f 1605 1589 1588
f 1605 1606 1589
f 1590 1166 1152
f 1590 1607 1166
f 1607 1589 1606
f 1607 1590 1589
f 1592 1154 1168
f 1592 1168 1609
f 1168 1167 1608
f 1168 1608 1609
f 1608 1591 1592
f 1608 1592 1609
f 1610 1595 1594
f 1610 1611 1595
f 1598 1169 1158
f 1598 1612 1169
f 1612 1598 1599
f 1612 1599 1613
f 1614 1600 1160
f 1614 1160 1171
f 1172 1614 1171
f 1172 1615 1614
f 1615 1600 1614
f 1615 1601 1600
f 1616 1162 1602
f 1616 1173 1162
f 1173 1615 1172
f 1173 1616 1615
f 1615 1602 1601
f 1615 1616 1602
f 1619 1605 1165
f 1619 1165 1175
f 1619 1175 1174
f 1619 1174 1618
f 1176 1619 1175
f 1176 1620 1619
f 1620 1605 1619
f 1620 1606 1605
f 1607 1177 1166
f 1607 1621 1177
f 1622 1608 1167
f 1622 1167 1178
f 1622 1178 1177
f 1622 1177 1621
f 1623 1611 1610
f 1623 1624 1611
f 1612 1179 1169
f 1612 1625 1179
f 1626 1180 1179
f 1626 1179 1625
f 1182 1181 1627
f 1182 1627 1628
f 1629 1616 1617
f 1629 1617 1630
f 1618 1174 1185
f 1618 1185 1631
f 1632 1175 1619
f 1632 1186 1175
f 1632 1185 1186
f 1632 1631 1185
f 1632 1618 1631
f 1632 1619 1618
f 1633 1620 1176
f 1633 1176 1187
f 1634 1620 1633
f 1634 1621 1620
f 1626 1188 1180
f 1626 1635 1188
f 1627 1181 1189
f 1627 1189 1636
f 1189 1188 1635
f 1189 1635 1636
f 1628 1190 1182
f 1628 1637 1190
f 1637 1627 1636
f 1637 1628 1627
f 1638 1637 1628
f 1638 1628 1629
f 1638 1629 1630
f 1638 1630 1639
f 1633 1187 1194
f 1633 1194 1642
f 1194 1193 1641
f 1194 1641 1642
f 1643 1633 1642
f 1643 1634 1633
f 1644 1190 1637
f 1644 1195 1190
f 1646 1639 1640
f 1646 1640 1647
f 1649 1198 1197
f 1649 1197 1648
f 1650 1641 1193
f 1650 1193 1199
f 1200 1650 1199
f 1200 1651 1650
f 1650 1642 1641
f 1650 1651 1642
f 1652 1642 1651
f 1652 1643 1642
f 1653 1195 1644
f 1653 1201 1195
f 1202 1201 1653
f 1202 1653 1654
f 1653 1644 1645
f 1653 1645 1654
f 1655 1648 1197
f 1655 1197 1204
f 1656 1198 1649
f 1656 1205 1198
f 1205 1655 1204
f 1205 1656 1655
f 1655 1649 1648
f 1655 1656 1649
f 1657 1651 1200
f 1657 1200 1207
f 1208 1657 1207
f 1208 1658 1657
f 1654 1209 1202
f 1654 1659 1209
f 1660 1210 1209
f 1660 1209 1659
f 1658 1208 1216
f 1658 1216 1665
f 1665 1216 1215
f 1665 1215 1664
f 1665 1664 1657
f 1665 1657 1658
f 1666 1210 1660
f 1666 1217 1210
f 1218 1217 1666
f 1218 1666 1667
f 1666 1660 1661
f 1666 1661 1667
f 1221 1220 1669
f 1221 1669 1670
f 1670 1669 1662
f 1670 1662 1663
f 1671 1664 1215
f 1671 1215 1222
f 1671 1222 1221
f 1671 1221 1670
f 1671 1670 1663
f 1671 1663 1664
f 1667 1223 1218
f 1667 1672 1223
f 1224 1223 1672
f 1224 1672 1673
f 1672 1667 1668
f 1672 1668 1673
f 1674 1669 1220
f 1674 1220 1225
f 1674 1225 1224
f 1674 1224 1673
f 1227 1675 1226
f 1227 1676 1675
f 1677 1227 1228
f 1677 1676 1227
f 1230 1678 1229
f 1230 1679 1678
f 1675 1232 1226
f 1675 1683 1232
f 1683 1231 1232
f 1683 1682 1231
f 1684 1683 1675
f 1684 1675 1676
f 1677 1228 1234
f 1677 1234 1685
f 1684 1676 1677
f 1684 1677 1685
f 1687 1235 1236
f 1687 1686 1235
f 1691 1239 1240
f 1691 1690 1239
f 1678 1241 1229
f 1678 1694 1241
f 1679 1230 1242
f 1679 1242 1695
f 1695 1694 1678
f 1695 1678 1679
f 1243 1695 1242
f 1243 1696 1695
f 1245 1697 1244
f 1245 1698 1697
f 1698 1681 1680
f 1698 1699 1681
f 1700 1231 1682
f 1700 1246 1231
f 1685 1234 1249
f 1685 1249 1702
f 1701 1684 1685
f 1701 1685 1702
f 1703 1235 1686
f 1703 1250 1235
f 1703 1249 1250
f 1703 1702 1249
f 1703 1685 1702
f 1703 1686 1685
f 1704 1687 1236
f 1704 1236 1251
f 1706 1252 1253
f 1706 1705 1252
f 1706 1688 1705
f 1706 1689 1688
f 1707 1253 1254
f 1707 1706 1253
f 1708 1239 1690
f 1708 1255 1239
f 1708 1254 1255
f 1708 1707 1254
f 1709 1691 1240
f 1709 1240 1256
f 1257 1709 1256
f 1257 1710 1709
f 1711 1257 1258
f 1711 1710 1257
f 1711 1692 1710
f 1711 1693 1692
f 1712 1241 1694
f 1712 1259 1241
f 1259 1711 1258
f 1259 1712 1711
f 1712 1693 1711
f 1712 1694 1693
f 1712 1694 1695
f 1712 1695 1713
f 1714 1696 1243
f 1714 1243 1261
f 1715 1244 1697
f 1715 1262 1244
f 1698 1245 1263
f 1698 1263 1716
f 1263 1262 1715
f 1263 1715 1716
f 1716 1699 1698
f 1716 1717 1699
f 1700 1265 1246
f 1700 1718 1265
f 1265 1717 1264
f 1265 1718 1717
f 1717 1700 1699
f 1717 1718 1700
f 1704 1251 1266
f 1704 1266 1721
f 1722 1252 1705
f 1722 1267 1252
f 1267 1721 1266
f 1267 1722 1721
f 1722 1704 1721
f 1722 1705 1704
f 1271 1270 1723
f 1271 1723 1724
f 1725 1724 1709
f 1725 1709 1710
f 1727 1712 1713
f 1727 1713 1728
f 1714 1261 1275
f 1714 1275 1729
f 1728 1713 1714
f 1728 1714 1729
f 1730 1275 1276
f 1730 1729 1275
f 1277 1730 1276
f 1277 1731 1730
f 1733 1264 1717
f 1733 1279 1264
f 1733 1278 1279
f 1733 1732 1278
f 1733 1716 1732
f 1733 1717 1716
f 1734 1718 1719
f 1734 1719 1735
f 1736 1735 1719
f 1736 1719 1720
f 1283 1282 1737
f 1283 1737 1738
f 1723 1270 1285
f 1723 1285 1741
f 1724 1286 1271
f 1724 1742 1286
f 1286 1741 1285
f 1286 1742 1741
f 1743 1725 1726
f 1743 1726 1744
f 1290 1289 1745
f 1290 1745 1746
f 1746 1729 1730
f 1746 1730 1747
f 1748 1731 1277
f 1748 1277 1292
f 1747 1730 1731
f 1747 1731 1748
f 1293 1748 1292
f 1293 1749 1748
f 1750 1278 1732
f 1750 1294 1278
f 1751 1295 1294
f 1751 1294 1750
f 1737 1282 1298
f 1737 1298 1753
f 1754 1283 1738
f 1754 1299 1283
f 1299 1753 1298
f 1299 1754 1753
f 1754 1737 1753
f 1754 1738 1737
f 1300 1299 1754
f 1300 1754 1755
f 1756 1755 1739
f 1756 1739 1740
f 1757 1741 1742
f 1757 1742 1758
f 1745 1289 1305
f 1745 1305 1760
f 1305 1304 1759
f 1305 1759 1760
f 1761 1290 1746
f 1761 1306 1290
f 1761 1745 1760
f 1761 1746 1745
f 1764 1749 1293
f 1764 1293 1308
f 1751 1310 1295
f 1751 1766 1310
f 1768 1767 1752
f 1768 1752 1753
f 1754 1299 1313
f 1754 1313 1769
f 1770 1300 1755
f 1770 1314 1300
f 1770 1754 1769
f 1770 1755 1754
f 1771 1770 1755
f 1771 1755 1756
f 1317 1316 1772
f 1317 1772 1773
f 1759 1304 1318
f 1759 1318 1775
f 1776 1318 1319
f 1776 1775 1318
f 1776 1759 1775
f 1776 1760 1759
f 1761 1320 1306
f 1761 1777 1320
f 1777 1319 1320
f 1777 1776 1319
f 1778 1762 1763
f 1778 1763 1779
f 1764 1308 1322
f 1764 1322 1780
f 1782 1310 1766
f 1782 1324 1310
f 1782 1323 1324
f 1782 1781 1323
f 1782 1765 1781
f 1782 1766 1765
f 1769 1313 1329
f 1769 1329 1785
f 1785 1784 1768
f 1785 1768 1769
f 1786 1314 1770
f 1786 1330 1314
f 1786 1329 1330
f 1786 1785 1329
f 1785 1770 1769
f 1785 1786 1770
f 1787 1331 1330
f 1787 1330 1786
f 1772 1316 1332
f 1772 1332 1790
f 1791 1317 1773
f 1791 1333 1317
f 1333 1790 1332
f 1333 1791 1790
f 1790 1773 1772
f 1790 1791 1773
f 1793 1792 1774
f 1793 1774 1775
f 1794 1793 1775
f 1794 1775 1776
f 1780 1322 1335
f 1780 1335 1798
f 1801 1323 1781
f 1801 1336 1323
f 1802 1337 1336
f 1802 1336 1801
f 1804 1803 1783
f 1804 1783 1784
f 1805 1786 1330
f 1805 1330 1342
f 1787 1343 1331
f 1787 1806 1343
f 1343 1805 1342
f 1343 1806 1805
f 1805 1787 1786
f 1805 1806 1787
f 1807 1788 1789
f 1807 1789 1808
f 1810 1345 1344
f 1810 1344 1809
f 1811 1346 1345
f 1811 1345 1810
f 1349 1348 1813
f 1349 1813 1814
f 1815 1814 1795
f 1815 1795 1796
f 1816 1351 1350
f 1816 1350 1815
f 1815 1796 1797
f 1815 1797 1816
f 1817 1798 1335
f 1817 1335 1352
f 1817 1352 1351
f 1817 1351 1816
f 1817 1816 1797
f 1817 1797 1798
f 1818 1800 1799
f 1818 1819 1800
f 1802 1353 1337
f 1802 1820 1353
f 1821 1354 1353
f 1821 1353 1820
f 1359 1358 1824
f 1359 1824 1825
f 1826 1809 1344
f 1826 1344 1360
f 1360 1359 1825
f 1360 1825 1826
f 1361 1826 1360
f 1361 1827 1826
f 1828 1346 1811
f 1828 1362 1346
f 1828 1361 1362
f 1828 1827 1361
f 1828 1811 1812
f 1828 1812 1829
f 1830 1813 1348
f 1830 1348 1364
f 1830 1364 1363
f 1830 1363 1829
f 1831 1349 1814
f 1831 1365 1349
f 1831 1364 1365
f 1831 1830 1364
f 1832 1815 1350
f 1832 1350 1366
f 1833 1815 1832
f 1833 1816 1815
f 1821 1367 1354
f 1821 1836 1367
f 1837 1368 1367
f 1837 1367 1836
f 1839 1370 1369
f 1839 1369 1838
f 1373 1372 1840
f 1373 1840 1841
f 1841 1822 1823
f 1841 1823 1842
f 1824 1358 1374
f 1824 1374 1843
f 1844 1374 1375
f 1844 1843 1374
f 1844 1824 1843
f 1844 1825 1824
f 1845 1360 1826
f 1845 1376 1360
f 1376 1844 1375
f 1376 1845 1844
f 1845 1825 1844
f 1845 1826 1825
f 1829 1363 1378
f 1829 1378 1847
f 1378 1377 1846
f 1378 1846 1847
f 1830 1379 1364
f 1830 1848 1379
f 1848 1829 1847
f 1848 1830 1829
f 1832 1366 1381
f 1832 1381 1850
f 1381 1380 1849
f 1381 1849 1850
f 1851 1835 1834
f 1851 1852 1835
f 1837 1382 1368
f 1837 1853 1382
f 1838 1369 1383
f 1838 1383 1854
f 1383 1382 1853
f 1383 1853 1854
f 1853 1837 1838
f 1853 1838 1854
f 1839 1384 1370
f 1839 1855 1384
f 1840 1372 1386
f 1840 1386 1857
f 1386 1385 1856
f 1386 1856 1857
f 1858 1373 1841
f 1858 1387 1373
f 1858 1386 1387
f 1858 1857 1386
f 1858 1840 1857
f 1858 1841 1840
f 1860 1859 1842
f 1860 1842 1843
f 1846 1377 1389
f 1846 1389 1862
f 1862 1389 1388
f 1862 1388 1861
f 1863 1846 1862
f 1863 1847 1846
f 1848 1390 1379
f 1848 1864 1390
f 1863 1848 1847
f 1863 1864 1848
f 1849 1380 1391
f 1849 1391 1865
f 1865 1391 1390
f 1865 1390 1864
f 1866 1852 1851
f 1866 1867 1852
f 1855 1392 1384
f 1855 1868 1392
f 1856 1385 1393
f 1856 1393 1869
f 1857 1394 1386
f 1857 1870 1394
f 1394 1869 1393
f 1394 1870 1869
f 1869 1857 1856
f 1869 1870 1857
f 1395 1394 1870
f 1395 1870 1871
f 1861 1388 1397
f 1861 1397 1873
f 1874 1397 1398
f 1874 1873 1397
f 1874 1861 1873
f 1874 1862 1861
f 1399 1874 1398
f 1399 1875 1874
f 1874 1863 1862
f 1874 1875 1863
f 1868 1400 1392
f 1868 1877 1400
f 1878 1401 1400
f 1878 1400 1877
f 1870 1394 1402
f 1870 1402 1879
f 1402 1401 1878
f 1402 1878 1879
f 1871 1403 1395
f 1871 1880 1403
f 1879 1871 1870
f 1879 1880 1871
f 1880 1871 1872
f 1880 1872 1881
f 1885 1875 1399
f 1885 1399 1406
f 1406 1405 1884
f 1406 1884 1885
f 1885 1876 1875
f 1885 1886 1876
f 1888 1403 1880
f 1888 1407 1403
f 1887 1880 1879
f 1887 1888 1880
f 1889 1881 1882
f 1889 1882 1890
f 1890 1882 1883
f 1890 1883 1891
f 1884 1405 1410
f 1884 1410 1892
f 1893 1884 1892
f 1893 1885 1884
f 1894 1885 1893
f 1894 1886 1885
f 1895 1407 1888
f 1895 1411 1407
f 1896 1895 1888
f 1896 1888 1889
f 1897 1892 1410
f 1897 1410 1417
f 1418 1897 1417
f 1418 1898 1897
f 1897 1893 1892
f 1897 1898 1893
f 1895 1419 1411
f 1895 1899 1419
f 1420 1419 1899
f 1420 1899 1900
f 1899 1895 1896
f 1899 1896 1900
f 1905 1898 1418
f 1905 1418 1426
f 1906 1420 1900
f 1906 1427 1420
f 1428 1427 1906
f 1428 1906 1907
f 1906 1900 1901
f 1906 1901 1907
f 1908 1429 1428
f 1908 1428 1907
f 1907 1901 1902
f 1907 1902 1908
f 1911 1432 1431
f 1911 1431 1910
f 1911 1910 1903
f 1911 1903 1904
f 1912 1905 1426
f 1912 1426 1433
f 1912 1433 1432
f 1912 1432 1911
f 1912 1911 1904
f 1912 1904 1905
f 1908 1434 1429
f 1908 1913 1434
f 1435 1434 1913
f 1435 1913 1914
f 1915 1910 1431
f 1915 1431 1436
f 1915 1436 1435
f 1915 1435 1914
f 1915 1914 1909
f 1915 1909 1910
f 1919 1917 1916
f 1919 1920 1917
f 1444 1922 1443
f 1444 1923 1922
f 1445 1923 1444
f 1445 1924 1923
f 1926 1446 1447
f 1926 1925 1446
f 1448 1926 1447
f 1448 1927 1926
f 1928 1448 1449
f 1928 1927 1448
f 1451 1929 1450
f 1451 1930 1929
f 1453 1931 1452
f 1453 1932 1931
f 1456 1934 1455
f 1456 1935 1934
f 1937 1457 1458
f 1937 1936 1457
f 1937 1918 1936
f 1937 1919 1918
f 1938 1458 1459
f 1938 1937 1458
f 1937 1920 1919
f 1937 1938 1920
f 1938 1921 1920
f 1938 1939 1921
f 1940 1460 1461
f 1940 1939 1460
f 1941 1443 1922
f 1941 1462 1443
f 1942 1941 1922
f 1942 1922 1923
f 1943 1924 1445
f 1943 1445 1464
f 1944 1446 1925
f 1944 1465 1446
f 1465 1943 1464
f 1465 1944 1943
f 1944 1924 1943
f 1944 1925 1924
f 1928 1449 1466
f 1928 1466 1945
f 1929 1467 1450
f 1929 1946 1467
f 1467 1945 1466
f 1467 1946 1945
f 1930 1451 1468
f 1930 1468 1947
f 1946 1929 1930
f 1946 1930 1947
f 1931 1469 1452
f 1931 1948 1469
f 1948 1468 1469
f 1948 1947 1468
f 1949 1932 1453
f 1949 1453 1470
f 1949 1948 1931
f 1949 1931 1932
f 1950 1470 1471
f 1950 1949 1470
f 1949 1933 1932
f 1949 1950 1933
f 1951 1455 1934
f 1951 1472 1455
f 1472 1950 1471
f 1472 1951 1950
f 1951 1933 1950
f 1951 1934 1933
f 1952 1935 1456
f 1952 1456 1473
f 1953 1457 1936
f 1953 1474 1457
f 1953 1935 1952
f 1953 1936 1935
f 1938 1459 1475
f 1938 1475 1955
f 1939 1476 1460
f 1939 1956 1476
f 1956 1475 1476
f 1956 1955 1475
f 1956 1938 1955
f 1956 1939 1938
f 1957 1940 1461
f 1957 1461 1477
f 1957 1477 1476
f 1957 1476 1956
f 1956 1939 1940
f 1956 1940 1957
f 1941 1479 1462
f 1941 1958 1479
f 1480 1479 1958
f 1480 1958 1959
f 1958 1941 1942
f 1958 1942 1959
f 1483 1482 1961
f 1483 1961 1962
f 1485 1484 1963
f 1485 1963 1964
f 1963 1947 1948
f 1963 1948 1964
f 1952 1473 1486
f 1952 1486 1965
f 1953 1487 1474
f 1953 1966 1487
f 1487 1965 1486
f 1487 1966 1965
f 1966 1952 1965
f 1966 1953 1952
f 1968 1967 1954
f 1968 1954 1955
f 1969 1956 1476
f 1969 1476 1488
f 1489 1969 1488
f 1489 1970 1969
f 1490 1970 1489
f 1490 1971 1970
f 1972 1490 1491
f 1972 1971 1490
f 1959 1493 1480
f 1959 1973 1493
f 1973 1959 1960
f 1973 1960 1974
f 1961 1482 1495
f 1961 1495 1975
f 1962 1496 1483
f 1962 1976 1496
f 1496 1975 1495
f 1496 1976 1975
f 1975 1962 1961
f 1975 1976 1962
f 1979 1963 1484
f 1979 1484 1499
f 1980 1485 1964
f 1980 1500 1485
f 1980 1963 1979
f 1980 1964 1963
f 1502 1501 1981
f 1502 1981 1982
f 1983 1970 1971
f 1983 1971 1984
f 1972 1491 1505
f 1972 1505 1985
f 1984 1971 1972
f 1984 1972 1985
f 1986 1505 1506
f 1986 1985 1505
f 1987 1493 1973
f 1987 1507 1493
f 1988 1508 1507
f 1988 1507 1987
f 1987 1973 1974
f 1987 1974 1988
f 1989 1977 1978
f 1989 1978 1990
f 1991 1510 1509
f 1991 1509 1990
f 1992 1979 1499
f 1992 1499 1511
f 1980 1512 1500
f 1980 1993 1512
f 1512 1992 1511
f 1512 1993 1992
f 1514 1513 1994
f 1514 1994 1995
f 1981 1501 1515
f 1981 1515 1996
f 1982 1516 1502
f 1982 1997 1516
f 1516 1996 1515
f 1516 1997 1996
f 1996 1982 1981
f 1996 1997 1982
f 2002 1518 1517
f 2002 1517 2001
f 1520 1519 2003
f 1520 2003 2004
f 1986 1506 1521
f 1986 1521 2005
f 2004 1985 1986
f 2004 1986 2005
f 2006 1521 1522
f 2006 2005 1521
f 1988 1524 1508
f 1988 2010 1524
f 2010 1523 1524
f 2010 2009 1523
f 1990 1509 1527
f 1990 1527 2012
f 2011 1989 1990
f 2011 1990 2012
f 1991 1528 1510
f 1991 2013 1528
f 2012 1991 1990
f 2012 2013 1991
f 2015 2014 1992
f 2015 1992 1993
f 1994 1513 1530
f 1994 1530 2016
f 1995 1531 1514
f 1995 2017 1531
f 2016 1995 1994
f 2016 2017 1995
f 2020 2019 1998
f 2020 1998 1999
f 2021 1535 1534
f 2021 1534 2020
f 2020 1999 2000
f 2020 2000 2021
f 2001 1517 1536
f 2001 1536 2022
f 2002 1537 1518
f 2002 2023 1537
f 1537 2022 1536
f 1537 2023 2022
f 2022 2002 2001
f 2022 2023 2002
f 2003 1519 1538
f 2003 1538 2024
f 2025 1520 2004
f 2025 1539 1520
f 2025 2003 2024
f 2025 2004 2003
f 2006 1522 1541
f 2006 1541 2027
f 2027 1541 1540
f 2027 1540 2026
f 2026 2005 2006
f 2026 2006 2027
f 2029 2007 2028
f 2029 2008 2007
f 2030 1523 2009
f 2030 1542 1523
f 2029 2009 2008
f 2029 2030 2009
f 2031 2030 2009
f 2031 2009 2010
f 2012 1527 1545
f 2012 1545 2034
f 2013 1546 1528
f 2013 2035 1546
f 2035 1545 1546
f 2035 2034 1545
f 2036 2035 2013
f 2036 2013 2014
f 2037 2016 1530
f 2037 1530 1548
f 2038 1531 2017
f 2038 1549 1531
f 1549 2037 1548
f 1549 2038 2037
f 2037 2017 2016
f 2037 2038 2017
f 2040 2039 2018
f 2040 2018 2019
f 2041 2020 1534
f 2041 1534 1552
f 2021 1553 1535
f 2021 2042 1553
f 1553 2041 1552
f 1553 2042 2041
f 2041 2021 2020
f 2041 2042 2021
f 2024 1538 1556
f 2024 1556 2045
f 1556 1555 2044
f 1556 2044 2045
f 2044 2023 2024
f 2044 2024 2045
f 2025 1557 1539
f 2025 2046 1557
f 2026 1540 1558
f 2026 1558 2047
f 2047 1558 1557
f 2047 1557 2046
f 2049 1560 1561
f 2049 2048 1560
f 2048 2029 2028
f 2048 2049 2029
f 2050 1542 2030
f 2050 1562 1542
f 2050 2029 2049
f 2050 2030 2029
f 2051 1563 1562
f 2051 1562 2050
f 1564 1563 2051
f 1564 2051 2052
f 2053 2052 2032
f 2053 2032 2033
f 2055 2054 2034
f 2055 2034 2035
f 2058 1568 1567
f 2058 1567 2057
f 1570 1569 2059
f 1570 2059 2060
f 2060 2042 2043
f 2060 2043 2061
f 2062 2044 1555
f 2062 1555 1572
f 2062 1572 1571
f 2062 1571 2061
f 1573 2062 1572
f 1573 2063 2062
f 2063 2044 2062
f 2063 2045 2044
f 2064 1573 1574
f 2064 2063 1573
f 2064 2047 2046
f 2064 2065 2047
f 2066 1560 2048
f 2066 1577 1560
f 2067 2049 1561
f 2067 1561 1578
f 2067 1578 1577
f 2067 1577 2066
f 2067 2050 2049
f 2067 2068 2050
f 2068 2051 2050
f 2068 2069 2051
f 2070 1564 2052
f 2070 1579 1564
f 2070 2051 2069
f 2070 2052 2051
f 2071 1580 1579
f 2071 1579 2070
f 2070 2052 2053
f 2070 2053 2071
f 1583 1582 2073
f 1583 2073 2074
f 2075 1584 1583
f 2075 1583 2074
f 2077 2057 1567
f 2077 1567 1586
f 2076 2056 2057
f 2076 2057 2077
f 2058 1587 1568
f 2058 2078 1587
f 2078 1586 1587
f 2078 2077 1586
f 2077 2058 2057
f 2077 2078 2058
f 2079 2059 1569
f 2079 1569 1588
f 2080 1570 2060
f 2080 1589 1570
f 1589 2079 1588
f 1589 2080 2079
f 2080 2059 2079
f 2080 2060 2059
f 2081 2061 1571
f 2081 1571 1590
f 2062 1591 1572
f 2062 2082 1591
f 1591 2081 1590
f 1591 2082 2081
f 2081 2062 2061
f 2081 2082 2062
f 1592 1591 2082
f 1592 2082 2083
f 2084 2064 1574
f 2084 1574 1593
f 1593 1592 2083
f 1593 2083 2084
f 2084 2065 2064
f 2084 2085 2065
f 2087 2066 2086
f 2087 2067 2066
f 1595 2087 1594
f 1595 2088 2087
f 2088 2067 2087
f 2088 2068 2067
f 2090 2069 2089
f 2090 2070 2069
f 2091 1580 2071
f 2091 1596 1580
f 1597 1596 2091
f 1597 2091 2092
f 2091 2071 2072
f 2091 2072 2092
f 2093 1598 1597
f 2093 1597 2092
f 1599 1598 2093
f 1599 2093 2094
f 2095 2073 1582
f 2095 1582 1601
f 1602 2095 1601
f 1602 2096 2095
f 2095 2074 2073
f 2095 2096 2074
f 2075 1603 1584
f 2075 2097 1603
f 2097 1602 1603
f 2097 2096 1602
f 2096 2075 2074
f 2096 2097 2075
f 1607 1606 2098
f 1607 2098 2099
f 2082 1591 1608
f 2082 1608 2100
f 2100 2083 2082
f 2100 2101 2083
f 2103 1594 2087
f 2103 1610 1594
f 2102 2087 2086
f 2102 2103 2087
f 2104 2088 1595
f 2104 1595 1611
f 2106 2093 2092
f 2106 2107 2093
f 2094 1613 1599
f 2094 2108 1613
f 1613 2107 1612
f 1613 2108 2107
f 2107 2094 2093
f 2107 2108 2094
f 1617 1616 2109
f 1617 2109 2110
f 2098 1606 1620
f 2098 1620 2113
f 2099 1621 1607
f 2099 2114 1621
f 1621 2113 1620
f 1621 2114 2113
f 2113 2099 2098
f 2113 2114 2099
f 2100 1608 1622
f 2100 1622 2115
f 1622 1621 2114
f 1622 2114 2115
f 2117 1610 2103
f 2117 1623 1610
f 2118 2104 1611
f 2118 1611 1624
f 1624 1623 2117
f 1624 2117 2118
f 2118 2105 2104
f 2118 2119 2105
f 2120 1612 2107
f 2120 1625 1612
f 1626 1625 2120
f 1626 2120 2121
f 2120 2107 2108
f 2120 2108 2121
f 2109 1616 1629
f 2109 1629 2124
f 1629 1628 2123
f 1629 2123 2124
f 2110 1630 1617
f 2110 2125 1630
f 2125 2109 2124
f 2125 2110 2109
f 2128 2127 2111
f 2128 2111 2112
f 2114 1621 1634
f 2114 1634 2130
f 2129 2113 2114
f 2129 2114 2130
f 2131 2116 2115
f 2131 2132 2116
f 2133 1626 2121
f 2133 1635 1626
f 1636 1635 2133
f 1636 2133 2134
f 2133 2121 2122
f 2133 2122 2134
f 2123 1628 1637
f 2123 1637 2135
f 2135 1637 1636
f 2135 1636 2134
f 2136 1637 1638
f 2136 2135 1637
f 2136 2123 2135
f 2136 2124 2123
f 2125 1639 1630
f 2125 2137 1639
f 1639 2136 1638
f 1639 2137 2136
f 2136 2125 2124
f 2136 2137 2125
f 1640 1639 2137
f 1640 2137 2138
f 2140 2139 2126
f 2140 2126 2127
f 2141 2130 1634
f 2141 1634 1643
f 2135 1644 1637
f 2135 2143 1644
f 2144 1645 1644
f 2144 1644 2143
f 2137 1639 1646
f 2137 1646 2145
f 2138 1647 1640
f 2138 2146 1647
f 1647 2145 1646
f 1647 2146 2145
f 2141 1643 1652
f 2141 1652 2149
f 1652 1651 2148
f 1652 2148 2149
f 2152 2142 2151
f 2152 2143 2142
f 2153 1645 2144
f 2153 1654 1645
f 2154 2146 2147
f 2154 2147 2155
f 2148 1651 1657
f 2148 1657 2157
f 2158 2148 2157
f 2158 2149 2148
f 2158 2150 2149
f 2158 2159 2150
f 2153 1659 1654
f 2153 2160 1659
f 2161 1660 1659
f 2161 1659 2160
f 1661 1660 2161
f 1661 2161 2162
f 2163 2162 2154
f 2163 2154 2155
f 1663 1662 2164
f 1663 2164 2165
f 2166 2157 1657
f 2166 1657 1664
f 1664 1663 2165
f 1664 2165 2166
f 2166 2165 2156
f 2166 2156 2157
f 2167 2157 2166
f 2167 2158 2157
f 2168 1661 2162
f 2168 1667 1661
f 1668 1667 2168
f 1668 2168 2169
f 2168 2162 2163
f 2168 2163 2169
f 2164 1662 1669
f 2164 1669 2170
f 2171 2164 2170
f 2171 2165 2164
f 2173 1668 2169
f 2173 1673 1668
f 2172 2169 2168
f 2172 2173 2169
f 2170 1669 1674
f 2170 1674 2174
f 1674 1673 2173
f 1674 2173 2174
f 2179 2175 2178
f 2179 2176 2175
f 1681 2180 1680
f 1681 2181 2180
f 2183 1682 1683
f 2183 2182 1682
f 2184 1683 1684
f 2184 2183 1683
f 1686 2185 1685
f 1686 2186 2185
f 1687 2186 1686
f 1687 2187 2186
f 1689 2188 1688
f 1689 2189 2188
f 1691 2191 1690
f 1691 2192 2191
f 2194 1692 1693
f 2194 2193 1692
f 2194 2177 2193
f 2194 2178 2177
f 2195 1693 1694
f 2195 2194 1693
f 2194 2179 2178
f 2194 2195 2179
f 2197 1695 1696
f 2197 2196 1695
f 2199 1680 2180
f 2199 1698 1680
f 1698 2198 1697
f 1698 2199 2198
f 2200 2181 1681
f 2200 1681 1699
f 2201 1682 2182
f 2201 1700 1682
f 2201 1699 1700
f 2201 2200 1699
f 2201 2181 2200
f 2201 2182 2181
f 2184 1684 1701
f 2184 1701 2203
f 2202 2183 2184
f 2202 2184 2203
f 2185 1702 1685
f 2185 2204 1702
f 2204 1701 1702
f 2204 2203 1701
f 2205 2204 2185
f 2205 2185 2186
f 2187 1687 1704
f 2187 1704 2206
f 2205 2186 2187
f 2205 2187 2206
f 2207 1688 2188
f 2207 1705 1688
f 2207 1704 1705
f 2207 2206 1704
f 2208 2189 1689
f 2208 1689 1706
f 2208 2207 2188
f 2208 2188 2189
f 2209 1706 1707
f 2209 2208 1706
f 2210 1690 2191
f 2210 1708 1690
f 1708 2209 1707
f 1708 2210 2209
f 2210 2190 2209
f 2210 2191 2190
f 2211 2192 1691
f 2211 1691 1709
f 2210 2191 2192
f 2210 2192 2211
f 2212 1692 2193
f 2212 1710 1692
f 2212 2192 2211
f 2212 2193 2192
f 2213 2195 1694
f 2213 1694 1712
f 2196 1713 1695
f 2196 2214 1713
f 2213 2196 2195
f 2213 2214 2196
f 2215 2197 1696
f 2215 1696 1714
f 2215 1714 1713
f 2215 1713 2214
f 2215 2214 2196
f 2215 2196 2197
f 2198 1715 1697
f 2198 2216 1715
f 1716 1715 2216
f 1716 2216 2217
f 2216 2198 2199
f 2216 2199 2217
f 1719 1718 2218
f 1719 2218 2219
f 1720 1719 2219
f 1720 2219 2220
f 2221 2206 2207
f 2221 2207 2222
f 2211 1709 1724
f 2211 1724 2225
f 1724 1723 2224
f 1724 2224 2225
f 2212 1725 1710
f 2212 2226 1725
f 1725 2225 1724
f 1725 2226 2225
f 2225 2212 2211
f 2225 2226 2212
f 2227 1726 1725
f 2227 1725 2226
f 2213 1712 1727
f 2213 1727 2228
f 1728 2228 1727
f 1728 2229 2228
f 2228 2214 2213
f 2228 2229 2214
f 2230 1728 1729
f 2230 2229 1728
f 2231 1716 2217
f 2231 1732 1716
f 2218 1718 1734
f 2218 1734 2232
f 1735 2232 1734
f 1735 2233 2232
f 2233 2218 2232
f 2233 2219 2218
f 2220 1736 1720
f 2220 2234 1736
f 1736 2233 1735
f 1736 2234 2233
f 2234 2219 2233
f 2234 2220 2219
f 1740 1739 2235
f 1740 2235 2236
f 2237 2236 2222
f 2237 2222 2223
f 2224 1723 1741
f 2224 1741 2238
f 2239 1724 2225
f 2239 1742 1724
f 2239 2224 2238
f 2239 2225 2224
f 2240 2226 1725
f 2240 1725 1743
f 2240 2239 2225
f 2240 2225 2226
f 2227 1744 1726
f 2227 2241 1744
f 2241 1743 1744
f 2241 2240 1743
f 2240 2227 2226
f 2240 2241 2227
f 2230 1729 1746
f 2230 1746 2242
f 1747 2242 1746
f 1747 2243 2242
f 2244 1747 1748
f 2244 2243 1747
f 1749 2244 1748
f 1749 2245 2244
f 2246 1732 2231
f 2246 1750 1732
f 1751 1750 2246
f 1751 2246 2247
f 2249 1753 1752
f 2249 1752 2248
f 2251 2235 1739
f 2251 1739 1755
f 2252 1740 2236
f 2252 1756 1740
f 2252 2235 2251
f 2252 2236 2235
f 2238 1741 1757
f 2238 1757 2253
f 2254 1742 2239
f 2254 1758 1742
f 1758 2253 1757
f 1758 2254 2253
f 2254 2238 2253
f 2254 2239 2238
f 1761 1760 2257
f 1761 2257 2258
f 2259 2258 2242
f 2259 2242 2243
f 2260 1763 1762
f 2260 1762 2259
f 2259 2243 2244
f 2259 2244 2260
f 2245 1749 1764
f 2245 1764 2261
f 2261 2260 2244
f 2261 2244 2245
f 2265 1751 2247
f 2265 1766 1751
f 2265 1765 1766
f 2265 2264 1765
f 2248 1752 1767
f 2248 1767 2266
f 2249 1768 1753
f 2249 2267 1768
f 2267 1767 1768
f 2267 2266 1767
f 2268 1769 1768
f 2268 1768 2267
f 2267 2249 2250
f 2267 2250 2268
f 2269 2251 1755
f 2269 1755 1770
f 2252 1771 1756
f 2252 2270 1771
f 1771 2269 1770
f 1771 2270 2269
f 2269 2252 2251
f 2269 2270 2252
f 2272 1775 1774
f 2272 1774 2271
f 2271 2255 2256
f 2271 2256 2272
f 2257 1760 1776
f 2257 1776 2273
f 2273 1776 1775
f 2273 1775 2272
f 2274 1761 2258
f 2274 1777 1761
f 1777 2273 1776
f 1777 2274 2273
f 2274 2257 2273
f 2274 2258 2257
f 2275 2259 1762
f 2275 1762 1778
f 2276 1763 2260
f 2276 1779 1763
f 1779 2275 1778
f 1779 2276 2275
f 2275 2260 2259
f 2275 2276 2260
f 2261 1764 1780
f 2261 1780 2277
f 2279 2262 2278
f 2279 2263 2262
f 2280 1765 2264
f 2280 1781 1765
f 2279 2264 2263
f 2279 2280 2264
f 2281 2280 2264
f 2281 2264 2265
f 2267 1768 1784
f 2267 1784 2285
f 2285 1784 1783
f 2285 1783 2284
f 2285 2284 2266
f 2285 2266 2267
f 2268 1785 1769
f 2268 2286 1785
f 2286 1784 1785
f 2286 2285 1784
f 1789 1788 2287
f 1789 2287 2288
f 2290 2271 1774
f 2290 1774 1792
f 2291 1792 1793
f 2291 2290 1792
f 2290 2272 2271
f 2290 2291 2272
f 2273 1794 1776
f 2273 2292 1794
f 2292 1793 1794
f 2292 2291 1793
f 2292 2272 2291
f 2292 2273 2272
f 1796 1795 2293
f 1796 2293 2294
f 1797 1796 2294
f 1797 2294 2295
f 2296 2277 1780
f 2296 1780 1798
f 2296 1798 1797
f 2296 1797 2295
f 2298 1799 1800
f 2298 2297 1799
f 2297 2279 2278
f 2297 2298 2279
f 2299 1781 2280
f 2299 1801 1781
f 2299 2279 2298
f 2299 2280 2279
f 1802 1801 2299
f 1802 2299 2300
f 2302 2301 2282
f 2302 2282 2283
f 2303 2284 1783
f 2303 1783 1803
f 2285 1804 1784
f 2285 2304 1804
f 1804 2303 1803
f 1804 2304 2303
f 2303 2285 2284
f 2303 2304 2285
f 2305 2304 2285
f 2305 2285 2286
f 2287 1788 1807
f 2287 1807 2306
f 2288 1808 1789
f 2288 2307 1808
f 1808 2306 1807
f 1808 2307 2306
f 2306 2288 2287
f 2306 2307 2288
f 2307 2288 2289
f 2307 2289 2308
f 1810 1809 2309
f 1810 2309 2310
f 1811 1810 2310
f 1811 2310 2311
f 1812 1811 2311
f 1812 2311 2312
f 2314 2293 1795
f 2314 1795 1814
f 1814 1813 2313
f 1814 2313 2314
f 2315 1814 1815
f 2315 2314 1814
f 2315 2293 2314
f 2315 2294 2293
f 1816 2315 1815
f 1816 2316 2315
f 2318 1799 2297
f 2318 1818 1799
f 2319 2298 1800
f 2319 1800 1819
f 2319 1819 1818
f 2319 1818 2318
f 2319 2299 2298
f 2319 2320 2299
f 2300 1820 1802
f 2300 2321 1820
f 2320 2300 2299
f 2320 2321 2300
f 2322 1821 1820
f 2322 1820 2321
f 2322 2321 2300
f 2322 2300 2301
f 2322 2301 2302
f 2322 2302 2323
f 1823 1822 2325
f 1823 2325 2326
f 2327 2309 1809
f 2327 1809 1826
f 1827 2327 1826
f 1827 2328 2327
f 2328 2309 2327
f 2328 2310 2309
f 1828 2328 1827
f 1828 2329 2328
f 2329 2310 2328
f 2329 2311 2310
f 2330 1812 2312
f 2330 1829 1812
f 2330 1828 1829
f 2330 2329 1828
f 2330 2311 2329
f 2330 2312 2311
f 2331 2313 1813
f 2331 1813 1830
f 2332 1814 2314
f 2332 1831 1814
f 1831 2331 1830
f 1831 2332 2331
f 2332 2313 2331
f 2332 2314 2313
f 2316 1816 1833
f 2316 1833 2334
f 1833 1832 2333
f 1833 2333 2334
f 2334 2317 2316
f 2334 2335 2317
f 2336 2319 2318
f 2336 2337 2319
f 1835 2337 1834
f 1835 2338 2337
f 2338 2319 2337
f 2338 2320 2319
f 2340 1821 2322
f 2340 1836 1821
f 2339 2322 2321
f 2339 2340 2322
f 2341 1837 1836
f 2341 1836 2340
f 2340 2322 2323
f 2340 2323 2341
f 1838 1837 2341
f 1838 2341 2342
f 2341 2323 2324
f 2341 2324 2342
f 2343 1839 1838
f 2343 1838 2342
f 2325 1822 1841
f 2325 1841 2345
f 2346 1823 2326
f 2346 1842 1823
f 2346 1841 1842
f 2346 2345 1841
f 2346 2325 2345
f 2346 2326 2325
f 2347 1843 1842
f 2347 1842 2346
f 2333 1832 1850
f 2333 1850 2349
f 2349 1850 1849
f 2349 1849 2348
f 2351 1834 2337
f 2351 1851 1834
f 2351 2336 2350
f 2351 2337 2336
f 2352 2338 1835
f 2352 1835 1852
f 2343 1855 1839
f 2343 2354 1855
f 2353 2343 2342
f 2353 2354 2343
f 2356 2355 2344
f 2356 2344 2345
f 2357 2346 1842
f 2357 1842 1859
f 2347 1860 1843
f 2347 2358 1860
f 1860 2357 1859
f 1860 2358 2357
f 2357 2347 2346
f 2357 2358 2347
f 2360 1864 1863
f 2360 1863 2359
f 2348 1849 1865
f 2348 1865 2361
f 2361 1865 1864
f 2361 1864 2360
f 2351 1866 1851
f 2351 2363 1866
f 2362 2351 2350
f 2362 2363 2351
f 2352 1852 1867
f 2352 1867 2364
f 2364 1867 1866
f 2364 1866 2363
f 2354 1868 1855
f 2354 2365 1868
f 1872 1871 2368
f 1872 2368 2369
f 2371 2359 1863
f 2371 1863 1875
f 1876 2371 1875
f 1876 2372 2371
f 2373 1868 2365
f 2373 1877 1868
f 1878 1877 2373
f 1878 2373 2374
f 2373 2365 2366
f 2373 2366 2374
f 2375 1879 1878
f 2375 1878 2374
f 2374 2366 2367
f 2374 2367 2375
f 2376 2368 1871
f 2376 1871 1880
f 2369 1881 1872
f 2369 2377 1881
f 1881 2376 1880
f 1881 2377 2376
f 2376 2369 2368
f 2376 2377 2369
f 2378 1882 1881
f 2378 1881 2377
f 2377 2369 2370
f 2377 2370 2378
f 2379 1883 1882
f 2379 1882 2378
f 2380 2372 1876
f 2380 1876 1886
f 2375 1887 1879
f 2375 2382 1887
f 2381 2375 2374
f 2381 2382 2375
f 2383 1888 1887
f 2383 1887 2382
f 2384 2377 1881
f 2384 1881 1889
f 2384 1889 1888
f 2384 1888 2383
f 1890 2384 1889
f 1890 2385 2384
f 2385 2377 2384
f 2385 2378 2377
f 2386 1883 2379
f 2386 1891 1883
f 1891 2385 1890
f 1891 2386 2385
f 2380 1886 1894
f 2380 1894 2388
f 1894 1893 2387
f 1894 2387 2388
f 2390 2383 2382
f 2390 2391 2383
f 2384 1896 1889
f 2384 2392 1896
f 2387 1893 1898
f 2387 1898 2397
f 2398 2387 2397
f 2398 2388 2387
f 2398 2389 2388
f 2398 2399 2389
f 2400 1896 2392
f 2400 1900 1896
f 1901 1900 2400
f 1901 2400 2401
f 1902 1901 2401
f 1902 2401 2402
f 2402 2401 2393
f 2402 2393 2394
f 2403 2402 2394
f 2403 2394 2395
f 1904 1903 2404
f 1904 2404 2405
f 2406 2397 1898
f 2406 1898 1905
f 1905 1904 2405
f 1905 2405 2406
f 2406 2405 2396
f 2406 2396 2397
f 2407 2397 2406
f 2407 2398 2397
f 2408 1902 2402
f 2408 1908 1902
f 2408 2402 2403
f 2408 2403 2409
f 2410 2404 1903
f 2410 1903 1910
f 2410 1910 1909
f 2410 1909 2409
f 2411 2404 2410
f 2411 2405 2404
f 2408 1913 1908
f 2408 2412 1913
f 2413 2409 1909
f 2413 1909 1914
f 1914 1913 2412
f 1914 2412 2413
f 2414 2409 2413
f 2414 2410 2409
f 2415 2414 2413
f 2415 2416 2414
f 2420 1916 1917
f 2420 2419 1916
f 2423 2417 2422
f 2423 2418 2417
f 2424 1916 2419
f 2424 1919 1916
f 2424 1918 1919
f 2424 2423 1918
f 2424 2418 2423
f 2424 2419 2418
f 2425 2420 1917
f 2425 1917 1920
f 1921 2425 1920
f 1921 2426 2425
f 1924 2427 1923
f 1924 2428 2427
f 1925 2428 1924
f 1925 2429 2428
f 1926 2429 1925
f 1926 2430 2429
f 1927 2430 1926
f 1927 2431 2430
f 1928 2431 1927
f 1928 2432 2431
f 1933 2435 1932
f 1933 2436 2435
f 1934 2436 1933
f 1934 2437 2436
f 2438 1934 1935
f 2438 2437 1934
f 2438 2421 2437
f 2438 2422 2421
f 2439 1918 2423
f 2439 1936 1918
f 2439 1935 1936
f 2439 2438 1935
f 2439 2422 2438
f 2439 2423 2422
f 2440 2426 1921
f 2440 1921 1939
f 2441 1923 2427
f 2441 1942 1923
f 2432 1928 1945
f 2432 1945 2442
f 1946 2442 1945
f 1946 2443 2442
f 1947 2443 1946
f 1947 2444 2443
f 2443 2434 2433
f 2443 2444 2434
f 2435 1949 1932
f 2435 2446 1949
f 2446 1948 1949
f 2446 2445 1948
f 2447 2446 2435
f 2447 2435 2436
f 2449 1955 1954
f 2449 1954 2448
f 2450 2440 1939
f 2450 1939 1956
f 2451 1942 2441
f 2451 1959 1942
f 1960 1959 2451
f 1960 2451 2452
f 2453 2444 1947
f 2453 1947 1963
f 2454 1948 2445
f 2454 1964 1948
f 1964 2453 1963
f 1964 2454 2453
f 2453 2445 2444
f 2453 2454 2445
f 2455 2454 2445
f 2455 2445 2446
f 2448 1954 1967
f 2448 1967 2458
f 2449 1968 1955
f 2449 2459 1968
f 1968 2458 1967
f 1968 2459 2458
f 2458 2449 2448
f 2458 2459 2449
f 2450 1956 1969
f 2450 1969 2460
f 2461 1969 1970
f 2461 2460 1969
f 2466 1960 2452
f 2466 1974 1960
f 2465 2452 2451
f 2465 2466 2452
f 1978 1977 2467
f 1978 2467 2468
f 1980 1979 2469
f 1980 2469 2470
f 2472 2456 2457
f 2472 2457 2473
f 2476 2475 2459
f 2476 2459 2460
f 2461 1970 1983
f 2461 1983 2477
f 1984 2477 1983
f 1984 2478 2477
f 2477 2462 2461
f 2477 2478 2462
f 2479 1984 1985
f 2479 2478 1984
f 2481 2463 2480
f 2481 2464 2463
f 2482 2464 2481
f 2482 2465 2464
f 2483 1974 2466
f 2483 1988 1974
f 2483 2465 2482
f 2483 2466 2465
f 2467 1977 1989
f 2467 1989 2484
f 2485 1978 2468
f 2485 1990 1978
f 2484 2468 2467
f 2484 2485 2468
f 2469 1979 1992
f 2469 1992 2486
f 2470 1993 1980
f 2470 2487 1993
f 2487 2469 2486
f 2487 2470 2469
f 2488 2487 2470
f 2488 2470 2471
f 2489 2472 2473
f 2489 2473 2490
f 2491 1999 1998
f 2491 1998 2490
f 2000 1999 2491
f 2000 2491 2492
f 2492 2491 2474
f 2492 2474 2475
f 2479 1985 2004
f 2479 2004 2495
f 2494 2478 2479
f 2494 2479 2495
f 2496 2004 2005
f 2496 2495 2004
f 2498 2007 2008
f 2498 2497 2007
f 2498 2480 2497
f 2498 2481 2480
f 2499 2008 2009
f 2499 2498 2008
f 2498 2482 2481
f 2498 2499 2482
f 2483 2010 1988
f 2483 2500 2010
f 2499 2483 2482
f 2499 2500 2483
f 2484 1989 2011
f 2484 2011 2502
f 2485 2012 1990
f 2485 2503 2012
f 2503 2011 2012
f 2503 2502 2011
f 2502 2485 2484
f 2502 2503 2485
f 2013 2012 2503
f 2013 2503 2504
f 2486 1992 2014
f 2486 2014 2505
f 2014 2013 2504
f 2014 2504 2505
f 2506 1993 2487
f 2506 2015 1993
f 2015 2505 2014
f 2015 2506 2505
f 2506 2486 2505
f 2506 2487 2486
f 2508 2490 1998
f 2508 1998 2019
f 2019 2018 2507
f 2019 2507 2508
f 2509 2019 2020
f 2509 2508 2019
f 2509 2490 2508
f 2509 2491 2490
f 2510 2000 2492
f 2510 2021 2000
f 2021 2509 2020
f 2021 2510 2509
f 2509 2492 2491
f 2509 2510 2492
f 2510 2492 2493
f 2510 2493 2511
f 2024 2023 2512
f 2024 2512 2513
f 2025 2024 2513
f 2025 2513 2514
f 2496 2005 2026
f 2496 2026 2515
f 2514 2495 2496
f 2514 2496 2515
f 2517 2007 2497
f 2517 2028 2007
f 2518 2499 2009
f 2518 2009 2030
f 2500 2031 2010
f 2500 2519 2031
f 2031 2518 2030
f 2031 2519 2518
f 2518 2500 2499
f 2518 2519 2500
f 2519 2500 2501
f 2519 2501 2520
f 2521 2033 2032
f 2521 2032 2520
f 2503 2012 2034
f 2503 2034 2522
f 2522 2504 2503
f 2522 2523 2504
f 2524 2014 2505
f 2524 2036 2014
f 2036 2523 2035
f 2036 2524 2523
f 2524 2504 2523
f 2524 2505 2504
f 2507 2018 2039
f 2507 2039 2525
f 2526 2019 2508
f 2526 2040 2019
f 2040 2525 2039
f 2040 2526 2525
f 2526 2507 2525
f 2526 2508 2507
f 2043 2042 2527
f 2043 2527 2528
f 2527 2510 2511
f 2527 2511 2528
f 2512 2023 2044
f 2512 2044 2529
f 2530 2044 2045
f 2530 2529 2044
f 2530 2512 2529
f 2530 2513 2512
f 2531 2025 2514
f 2531 2046 2025
f 2531 2513 2530
f 2531 2514 2513
f 2515 2026 2047
f 2515 2047 2532
f 2532 2531 2514
f 2532 2514 2515
f 2534 2028 2517
f 2534 2048 2028
f 2534 2516 2533
f 2534 2517 2516
f 2536 2520 2032
f 2536 2032 2052
f 2535 2519 2520
f 2535 2520 2536
f 2537 2033 2521
f 2537 2053 2033
f 2522 2034 2054
f 2522 2054 2539
f 2523 2055 2035
f 2523 2540 2055
f 2055 2539 2054
f 2055 2540 2539
f 2539 2523 2522
f 2539 2540 2523
f 2544 2057 2056
f 2544 2056 2543
f 2545 2527 2042
f 2545 2042 2060
f 2546 2043 2528
f 2546 2061 2043
f 2061 2545 2060
f 2061 2546 2545
f 2546 2527 2545
f 2546 2528 2527
f 2547 2546 2528
f 2547 2528 2529
f 2530 2045 2063
f 2530 2063 2548
f 2549 2046 2531
f 2549 2064 2046
f 2064 2548 2063
f 2064 2549 2548
f 2549 2530 2548
f 2549 2531 2530
f 2532 2047 2065
f 2532 2065 2550
f 2551 2048 2534
f 2551 2066 2048
f 2069 2068 2552
f 2069 2552 2553
f 2536 2052 2070
f 2536 2070 2554
f 2555 2053 2537
f 2555 2071 2053
f 2072 2071 2555
f 2072 2555 2556
f 2555 2537 2538
f 2555 2538 2556
f 2558 2540 2541
f 2558 2541 2559
f 2560 2559 2541
f 2560 2541 2542
f 2543 2056 2076
f 2543 2076 2561
f 2562 2057 2544
f 2562 2077 2057
f 2562 2076 2077
f 2562 2561 2076
f 2561 2544 2543
f 2561 2562 2544
f 2084 2083 2563
f 2084 2563 2564
f 2550 2065 2085
f 2550 2085 2565
f 2085 2084 2564
f 2085 2564 2565
f 2551 2086 2066
f 2551 2566 2086
f 2552 2068 2088
f 2552 2088 2568
f 2553 2089 2069
f 2553 2569 2089
f 2568 2553 2552
f 2568 2569 2553
f 2554 2070 2090
f 2554 2090 2570
f 2570 2090 2089
f 2570 2089 2569
f 2571 2072 2556
f 2571 2092 2072
f 2571 2556 2557
f 2571 2557 2572
f 2573 2572 2557
f 2573 2557 2558
f 2574 2573 2558
f 2574 2558 2559
f 2575 2574 2559
f 2575 2559 2560
f 2563 2083 2101
f 2563 2101 2581
f 2101 2100 2580
f 2101 2580 2581
f 2582 2086 2566
f 2582 2102 2086
f 2103 2102 2582
f 2103 2582 2583
f 2582 2566 2567
f 2582 2567 2583
f 2568 2088 2104
f 2568 2104 2584
f 2105 2584 2104
f 2105 2585 2584
f 2585 2568 2584
f 2585 2569 2568
f 2571 2106 2092
f 2571 2586 2106
f 2587 2107 2106
f 2587 2106 2586
f 2586 2571 2572
f 2586 2572 2587
f 2588 2108 2107
f 2588 2107 2587
f 2588 2587 2572
f 2588 2572 2573
f 2589 2588 2573
f 2589 2573 2574
f 2590 2576 2577
f 2590 2577 2591
f 2112 2111 2592
f 2112 2592 2593
f 2595 2114 2113
f 2595 2113 2594
f 2594 2578 2579
f 2594 2579 2595
f 2580 2100 2115
f 2580 2115 2596
f 2596 2115 2114
f 2596 2114 2595
f 2116 2596 2115
f 2116 2597 2596
f 2597 2580 2596
f 2597 2581 2580
f 2598 2103 2583
f 2598 2117 2103
f 2118 2117 2598
f 2118 2598 2599
f 2598 2583 2584
f 2598 2584 2599
f 2600 2585 2105
f 2600 2105 2119
f 2119 2118 2599
f 2119 2599 2600
f 2602 2586 2601
f 2602 2587 2586
f 2588 2121 2108
f 2588 2603 2121
f 2122 2121 2603
f 2122 2603 2604
f 2592 2111 2127
f 2592 2127 2606
f 2606 2127 2126
f 2606 2126 2605
f 2593 2128 2112
f 2593 2607 2128
f 2607 2127 2128
f 2607 2606 2127
f 2607 2592 2606
f 2607 2593 2592
f 2608 2594 2113
f 2608 2113 2129
f 2609 2129 2130
f 2609 2608 2129
f 2608 2595 2594
f 2608 2609 2595
f 2596 2131 2115
f 2596 2610 2131
f 2609 2596 2595
f 2609 2610 2596
f 2597 2116 2132
f 2597 2132 2611
f 2132 2131 2610
f 2132 2610 2611
f 2613 2122 2604
f 2613 2134 2122
f 2614 2135 2134
f 2614 2134 2613
f 2138 2137 2615
f 2138 2615 2616
f 2605 2126 2139
f 2605 2139 2617
f 2606 2140 2127
f 2606 2618 2140
f 2140 2617 2139
f 2140 2618 2617
f 2618 2605 2617
f 2618 2606 2605
f 2609 2130 2141
f 2609 2141 2619
f 2619 2610 2609
f 2619 2620 2610
f 2620 2611 2610
f 2620 2621 2611
f 2622 2613 2612
f 2622 2623 2613
f 2614 2143 2135
f 2614 2624 2143
f 2624 2142 2143
f 2624 2623 2142
f 2623 2614 2613
f 2623 2624 2614
f 2625 2144 2143
f 2625 2143 2624
f 2615 2137 2145
f 2615 2145 2626
f 2616 2146 2138
f 2616 2627 2146
f 2146 2626 2145
f 2146 2627 2626
f 2626 2616 2615
f 2626 2627 2616
f 2147 2146 2627
f 2147 2627 2628
f 2632 2619 2141
f 2632 2141 2149
f 2150 2632 2149
f 2150 2633 2632
f 2632 2620 2619
f 2632 2633 2620
f 2634 2620 2633
f 2634 2621 2620
f 2635 2142 2623
f 2635 2151 2142
f 2624 2143 2152
f 2624 2152 2636
f 2152 2151 2635
f 2152 2635 2636
f 2625 2153 2144
f 2625 2637 2153
f 2636 2625 2624
f 2636 2637 2625
f 2627 2146 2154
f 2627 2154 2638
f 2639 2147 2628
f 2639 2155 2147
f 2640 2639 2628
f 2640 2628 2629
f 2642 2157 2156
f 2642 2156 2641
f 2641 2630 2631
f 2641 2631 2642
f 2644 2633 2150
f 2644 2150 2159
f 2159 2158 2643
f 2159 2643 2644
f 2637 2160 2153
f 2637 2646 2160
f 2645 2637 2636
f 2645 2646 2637
f 2647 2161 2160
f 2647 2160 2646
f 2648 2638 2154
f 2648 2154 2162
f 2648 2162 2161
f 2648 2161 2647
f 2649 2155 2639
f 2649 2163 2155
f 2649 2638 2648
f 2649 2639 2638
f 2650 2641 2156
f 2650 2156 2165
f 2651 2157 2642
f 2651 2166 2157
f 2651 2641 2650
f 2651 2642 2641
f 2643 2158 2167
f 2643 2167 2652
f 2167 2166 2651
f 2167 2651 2652
f 2653 2643 2652
f 2653 2644 2643
f 2655 2163 2649
f 2655 2169 2163
f 2655 2168 2169
f 2655 2654 2168
f 2654 2649 2648
f 2654 2655 2649
f 2650 2165 2171
f 2650 2171 2657
f 2171 2170 2656
f 2171 2656 2657
f 2658 2168 2654
f 2658 2172 2168
f 2173 2172 2658
f 2173 2658 2659
f 2658 2654 2655
f 2658 2655 2659
f 2656 2170 2174
f 2656 2174 2660
f 2174 2173 2659
f 2174 2659 2660
f 2664 2175 2176
f 2664 2663 2175
f 2666 2661 2665
f 2666 2662 2661
f 2667 2175 2663
f 2667 2178 2175
f 2667 2177 2178
f 2667 2666 2177
f 2667 2662 2666
f 2667 2663 2662
f 2664 2176 2179
f 2664 2179 2668
f 2181 2670 2180
f 2181 2671 2670
f 2182 2671 2181
f 2182 2672 2671
f 2673 2182 2183
f 2673 2672 2182
f 2679 2190 2191
f 2679 2678 2190
f 2681 2177 2666
f 2681 2193 2177
f 2681 2192 2193
f 2681 2680 2192
f 2681 2665 2680
f 2681 2666 2665
f 2682 2668 2179
f 2682 2179 2195
f 2683 2195 2196
f 2683 2682 2195
f 2682 2669 2668
f 2682 2683 2669
f 2670 2199 2180
f 2670 2685 2199
f 2673 2183 2202
f 2673 2202 2686
f 2687 2202 2203
f 2687 2686 2202
f 2686 2674 2673
f 2686 2687 2674
f 2204 2687 2203
f 2204 2688 2687
f 2687 2675 2674
f 2687 2688 2675
f 2205 2688 2204
f 2205 2689 2688
f 2690 2205 2206
f 2690 2689 2205
f 2689 2677 2676
f 2689 2690 2677
f 2208 2691 2207
f 2208 2692 2691
f 2693 2190 2678
f 2693 2209 2190
f 2209 2692 2208
f 2209 2693 2692
f 2694 2679 2191
f 2694 2191 2210
f 2694 2693 2678
f 2694 2678 2679
f 2695 2192 2680
f 2695 2211 2192
f 2695 2210 2211
f 2695 2694 2210
f 2695 2679 2694
f 2695 2680 2679
f 2696 2683 2196
f 2696 2196 2214
f 2685 2217 2199
f 2685 2698 2217
f 2697 2685 2684
f 2697 2698 2685
f 2690 2206 2221
f 2690 2221 2699
f 2691 2222 2207
f 2691 2700 2222
f 2700 2221 2222
f 2700 2699 2221
f 2223 2222 2700
f 2223 2700 2701
f 2701 2700 2691
f 2701 2691 2692
f 2703 2226 2225
f 2703 2225 2702
f 2696 2214 2229
f 2696 2229 2706
f 2230 2706 2229
f 2230 2707 2706
f 2710 2217 2698
f 2710 2231 2217
f 2711 2700 2222
f 2711 2222 2236
f 2701 2237 2223
f 2701 2712 2237
f 2237 2711 2236
f 2237 2712 2711
f 2702 2225 2239
f 2702 2239 2713
f 2703 2240 2226
f 2703 2714 2240
f 2714 2239 2240
f 2714 2713 2239
f 2716 2715 2704
f 2716 2704 2705
f 2707 2230 2242
f 2707 2242 2717
f 2720 2708 2719
f 2720 2709 2708
f 2710 2246 2231
f 2710 2721 2246
f 2721 2709 2720
f 2721 2710 2709
f 2722 2247 2246
f 2722 2246 2721
f 2249 2248 2725
f 2249 2725 2726
f 2250 2249 2726
f 2250 2726 2727
f 2728 2711 2712
f 2728 2712 2729
f 2256 2255 2730
f 2256 2730 2731
f 2731 2730 2715
f 2731 2715 2716
f 2732 2717 2242
f 2732 2242 2258
f 2259 2732 2258
f 2259 2733 2732
f 2732 2718 2717
f 2732 2733 2718
f 2260 2733 2259
f 2260 2734 2733
f 2735 2260 2261
f 2735 2734 2260
f 2737 2262 2263
f 2737 2736 2262
f 2737 2719 2736
f 2737 2720 2719
f 2738 2263 2264
f 2738 2737 2263
f 2739 2247 2722
f 2739 2265 2247
f 2738 2722 2721
f 2738 2739 2722
f 2740 2723 2724
f 2740 2724 2741
f 2725 2248 2266
f 2725 2266 2742
f 2743 2725 2742
f 2743 2726 2725
f 2744 2250 2727
f 2744 2268 2250
f 2743 2727 2726
f 2743 2744 2727
f 2745 2730 2255
f 2745 2255 2271
f 2746 2256 2731
f 2746 2272 2256
f 2272 2745 2271
f 2272 2746 2745
f 2745 2731 2730
f 2745 2746 2731
f 2735 2261 2277
f 2735 2277 2749
f 2748 2734 2735
f 2748 2735 2749
f 2752 2262 2736
f 2752 2278 2262
f 2753 2738 2264
f 2753 2264 2280
f 2739 2281 2265
f 2739 2754 2281
f 2281 2753 2280
f 2281 2754 2753
f 2753 2739 2738
f 2753 2754 2739
f 2756 2283 2282
f 2756 2282 2755
f 2757 2742 2266
f 2757 2266 2284
f 2285 2757 2284
f 2285 2758 2757
f 2757 2743 2742
f 2757 2758 2743
f 2744 2286 2268
f 2744 2759 2286
f 2758 2744 2743
f 2758 2759 2744
f 2289 2288 2760
f 2289 2760 2761
f 2762 2746 2747
f 2762 2747 2763
f 2295 2294 2764
f 2295 2764 2765
f 2766 2749 2277
f 2766 2277 2296
f 2766 2296 2295
f 2766 2295 2765
f 2766 2765 2748
f 2766 2748 2749
f 2767 2751 2750
f 2767 2768 2751
f 2769 2278 2752
f 2769 2297 2278
f 2769 2751 2768
f 2769 2752 2751
f 2771 2755 2282
f 2771 2282 2301
f 2301 2300 2770
f 2301 2770 2771
f 2770 2754 2755
f 2770 2755 2771
f 2756 2302 2283
f 2756 2772 2302
f 2771 2756 2755
f 2771 2772 2756
f 2758 2285 2304
f 2758 2304 2774
f 2759 2305 2286
f 2759 2775 2305
f 2305 2774 2304
f 2305 2775 2774
f 2760 2288 2307
f 2760 2307 2778
f 2761 2308 2289
f 2761 2779 2308
f 2308 2778 2307
f 2308 2779 2778
f 2778 2761 2760
f 2778 2779 2761
f 2785 2764 2294
f 2785 2294 2315
f 2316 2785 2315
f 2316 2786 2785
f 2786 2764 2785
f 2786 2765 2764
f 2317 2786 2316
f 2317 2787 2786
f 2769 2318 2297
f 2769 2789 2318
f 2788 2769 2768
f 2788 2789 2769
f 2791 2770 2300
f 2791 2300 2321
f 2321 2320 2790
f 2321 2790 2791
f 2792 2321 2322
f 2792 2791 2321
f 2793 2302 2772
f 2793 2323 2302
f 2324 2323 2793
f 2324 2793 2794
f 2793 2772 2773
f 2793 2773 2794
f 2796 2775 2776
f 2796 2776 2797
f 2800 2799 2777
f 2800 2777 2778
f 2801 2779 2780
f 2801 2780 2802
f 2803 2781 2782
f 2803 2782 2804
f 2805 2783 2784
f 2805 2784 2806
f 2334 2333 2807
f 2334 2807 2808
f 2787 2317 2335
f 2787 2335 2809
f 2335 2334 2808
f 2335 2808 2809
f 2789 2336 2318
f 2789 2810 2336
f 2790 2320 2338
f 2790 2338 2812
f 2791 2339 2321
f 2791 2813 2339
f 2813 2790 2812
f 2813 2791 2790
f 2792 2322 2340
f 2792 2340 2814
f 2814 2340 2339
f 2814 2339 2813
f 2815 2324 2794
f 2815 2342 2324
f 2815 2794 2795
f 2815 2795 2816
f 2817 2816 2795
f 2817 2795 2796
f 2817 2796 2797
f 2817 2797 2818
f 2819 2345 2344
f 2819 2344 2818
f 2818 2797 2798
f 2818 2798 2819
f 2807 2333 2349
f 2807 2349 2821
f 2349 2348 2820
f 2349 2820 2821
f 2822 2809 2808
f 2822 2823 2809
f 2824 2336 2810
f 2824 2350 2336
f 2824 2810 2811
f 2824 2811 2825
f 2812 2338 2352
f 2812 2352 2826
f 2827 2812 2826
f 2827 2813 2812
f 2815 2353 2342
f 2815 2828 2353
f 2829 2354 2353
f 2829 2353 2828
f 2828 2815 2816
f 2828 2816 2829
f 2829 2816 2817
f 2829 2817 2830
f 2831 2818 2344
f 2831 2344 2355
f 2831 2830 2817
f 2831 2817 2818
f 2819 2356 2345
f 2819 2832 2356
f 2832 2355 2356
f 2832 2831 2355
f 2832 2818 2831
f 2832 2819 2818
f 2834 2360 2359
f 2834 2359 2833
f 2820 2348 2361
f 2820 2361 2835
f 2361 2360 2834
f 2361 2834 2835
f 2836 2820 2835
f 2836 2821 2820
f 2837 2350 2824
f 2837 2362 2350
f 2838 2363 2362
f 2838 2362 2837
f 2838 2837 2824
f 2838 2824 2825
f 2839 2826 2352
f 2839 2352 2364
f 2364 2363 2838
f 2364 2838 2839
f 2839 2838 2825
f 2839 2825 2826
f 2840 2826 2839
f 2840 2827 2826
f 2841 2354 2829
f 2841 2365 2354
f 2366 2365 2841
f 2366 2841 2842
f 2841 2829 2830
f 2841 2830 2842
f 2843 2367 2366
f 2843 2366 2842
f 2370 2369 2844
f 2370 2844 2845
f 2833 2359 2371
f 2833 2371 2848
f 2372 2848 2371
f 2372 2849 2848
f 2848 2834 2833
f 2848 2849 2834
f 2850 2834 2849
f 2850 2835 2834
f 2850 2836 2835
f 2850 2851 2836
f 2853 2367 2843
f 2853 2375 2367
f 2375 2852 2374
f 2375 2853 2852
f 2844 2369 2377
f 2844 2377 2855
f 2845 2378 2370
f 2845 2856 2378
f 2378 2855 2377
f 2378 2856 2855
f 2856 2844 2855
f 2856 2845 2844
f 2857 2379 2378
f 2857 2378 2856
f 2858 2846 2847
f 2858 2847 2859
f 2860 2849 2372
f 2860 2372 2380
f 2860 2850 2849
f 2860 2861 2850
f 2861 2851 2850
f 2861 2862 2851
f 2852 2381 2374
f 2852 2863 2381
f 2864 2382 2381
f 2864 2381 2863
f 2866 2384 2383
f 2866 2383 2865
f 2866 2865 2854
f 2866 2854 2855
f 2856 2378 2385
f 2856 2385 2867
f 2867 2866 2855
f 2867 2855 2856
f 2868 2379 2857
f 2868 2386 2379
f 2868 2385 2386
f 2868 2867 2385
f 2867 2857 2856
f 2867 2868 2857
f 2871 2860 2380
f 2871 2380 2388
f 2389 2871 2388
f 2389 2872 2871
f 2871 2861 2860
f 2871 2872 2861
f 2873 2861 2872
f 2873 2862 2861
f 2864 2390 2382
f 2864 2875 2390
f 2874 2864 2863
f 2874 2875 2864
f 2876 2865 2383
f 2876 2383 2391
f 2876 2391 2390
f 2876 2390 2875
f 2877 2384 2866
f 2877 2392 2384
f 2877 2865 2876
f 2877 2866 2865
f 2879 2394 2393
f 2879 2393 2878
f 2395 2394 2879
f 2395 2879 2880
f 2881 2880 2869
f 2881 2869 2870
f 2883 2397 2396
f 2883 2396 2882
f 2885 2872 2389
f 2885 2389 2399
f 2399 2398 2884
f 2399 2884 2885
f 2886 2876 2875
f 2886 2887 2876
f 2877 2400 2392
f 2877 2888 2400
f 2887 2877 2876
f 2887 2888 2877
f 2878 2393 2401
f 2878 2401 2889
f 2889 2401 2400
f 2889 2400 2888
f 2890 2878 2889
f 2890 2879 2878
f 2891 2395 2880
f 2891 2403 2395
f 2891 2879 2890
f 2891 2880 2879
f 2893 2882 2396
f 2893 2396 2405
f 2883 2406 2397
f 2883 2894 2406
f 2884 2398 2407
f 2884 2407 2895
f 2407 2406 2894
f 2407 2894 2895
f 2896 2889 2888
f 2896 2897 2889
f 2897 2890 2889
f 2897 2898 2890
f 2891 2409 2403
f 2891 2899 2409
f 2899 2408 2409
f 2899 2898 2408
f 2899 2890 2898
f 2899 2891 2890
f 2893 2405 2411
f 2893 2411 2901
f 2411 2410 2900
f 2411 2900 2901
f 2901 2900 2892
f 2901 2892 2893
f 2902 2408 2898
f 2902 2412 2408
f 2413 2412 2902
f 2413 2902 2903
f 2902 2898 2899
f 2902 2899 2903
f 2904 2900 2410
f 2904 2410 2414
f 2905 2413 2903
f 2905 2415 2413
f 2906 2904 2414
f 2906 2414 2416
f 2416 2415 2905
f 2416 2905 2906
f 2905 2903 2904
f 2905 2904 2906
f 2908 2417 2418
f 2908 2907 2417
f 2909 2418 2419
f 2909 2908 2418
f 2910 2419 2420
f 2910 2909 2419
f 2915 2417 2907
f 2915 2422 2417
f 2915 2421 2422
f 2915 2914 2421
f 2916 2908 2909
f 2916 2909 2917
f 2910 2420 2425
f 2910 2425 2918
f 2917 2909 2910
f 2917 2910 2918
f 2919 2425 2426
f 2919 2918 2425
f 2921 2427 2428
f 2921 2920 2427
f 2429 2921 2428
f 2429 2922 2921
f 2430 2922 2429
f 2430 2923 2922
f 2923 2911 2922
f 2923 2912 2911
f 2924 2430 2431
f 2924 2923 2430
f 2432 2924 2431
f 2432 2925 2924
f 2434 2926 2433
f 2434 2927 2926
f 2930 2421 2914
f 2930 2437 2421
f 2930 2436 2437
f 2930 2929 2436
f 2930 2913 2929
f 2930 2914 2913
f 2931 2917 2918
f 2931 2918 2932
f 2919 2426 2440
f 2919 2440 2933
f 2932 2918 2919
f 2932 2919 2933
f 2920 2441 2427
f 2920 2935 2441
f 2925 2432 2442
f 2925 2442 2936
f 2937 2433 2926
f 2937 2443 2433
f 2937 2442 2443
f 2937 2936 2442
f 2938 2927 2434
f 2938 2434 2444
f 2445 2938 2444
f 2445 2939 2938
f 2938 2928 2927
f 2938 2939 2928
f 2929 2447 2436
f 2929 2941 2447
f 2447 2940 2446
f 2447 2941 2940
f 2933 2440 2450
f 2933 2450 2943
f 2942 2932 2933
f 2942 2933 2943
f 2945 2441 2935
f 2945 2451 2441
f 2945 2934 2944
f 2945 2935 2934
f 2949 2939 2445
f 2949 2445 2454
f 2940 2455 2446
f 2940 2950 2455
f 2455 2949 2454
f 2455 2950 2949
f 2949 2940 2939
f 2949 2950 2940
f 2457 2456 2953
f 2457 2953 2954
f 2943 2450 2460
f 2943 2460 2956
f 2460 2459 2955
f 2460 2955 2956
f 2957 2460 2461
f 2957 2956 2460
f 2462 2957 2461
f 2462 2958 2957
f 2464 2959 2463
f 2464 2960 2959
f 2961 2451 2945
f 2961 2465 2451
f 2465 2960 2464
f 2465 2961 2960
f 2961 2944 2960
f 2961 2945 2944
f 2961 2945 2946
f 2961 2946 2962
f 2966 2965 2947
f 2966 2947 2948
f 2471 2470 2967
f 2471 2967 2968
f 2969 2951 2952
f 2969 2952 2970
f 2953 2456 2472
f 2953 2472 2971
f 2954 2473 2457
f 2954 2972 2473
f 2971 2954 2953
f 2971 2972 2954
f 2955 2459 2475
f 2955 2475 2974
f 2974 2475 2474
f 2974 2474 2973
f 2956 2476 2460
f 2956 2975 2476
f 2476 2974 2475
f 2476 2975 2974
f 2975 2955 2974
f 2975 2956 2955
f 2976 2975 2956
f 2976 2956 2957
f 2977 2958 2462
f 2977 2462 2478
f 2978 2463 2959
f 2978 2480 2463
f 2981 2963 2964
f 2981 2964 2982
f 2984 2983 2965
f 2984 2965 2966
f 2985 2967 2470
f 2985 2470 2487
f 2968 2488 2471
f 2968 2986 2488
f 2488 2985 2487
f 2488 2986 2985
f 2985 2968 2967
f 2985 2986 2968
f 2971 2472 2489
f 2971 2489 2987
f 2988 2473 2972
f 2988 2490 2473
f 2988 2489 2490
f 2988 2987 2489
f 2987 2972 2971
f 2987 2988 2972
f 2989 2973 2474
f 2989 2474 2491
f 2990 2475 2974
f 2990 2492 2475
f 2492 2989 2491
f 2492 2990 2989
f 2989 2974 2973
f 2989 2990 2974
f 2493 2492 2990
f 2493 2990 2991
f 2977 2478 2494
f 2977 2494 2993
f 2994 2494 2495
f 2994 2993 2494
f 2997 2480 2978
f 2997 2497 2480
f 2998 2979 2980
f 2998 2980 2999
f 2501 2500 3000
f 2501 3000 3001
f 2990 2492 2510
f 2990 2510 3002
f 3003 2493 2991
f 3003 2511 2493
f 3004 3003 2991
f 3004 2991 2992
f 3005 3004 2992
f 3005 2992 2993
f 2994 2495 2514
f 2994 2514 3006
f 3005 2993 2994
f 3005 2994 3006
f 3007 2996 2995
f 3007 3008 2996
f 2997 2517 2497
f 2997 3009 2517
f 3009 2516 2517
f 3009 3008 2516
f 3009 2996 3008
f 3009 2997 2996
f 3000 2500 2519
f 3000 2519 3011
f 3012 2501 3001
f 3012 2520 2501
f 3011 3001 3000
f 3011 3012 3001
f 2521 2520 3012
f 2521 3012 3013
f 3017 3002 2510
f 3017 2510 2527
f 3018 2511 3003
f 3018 2528 2511
f 3018 2527 2528
f 3018 3017 2527
f 3017 3003 3002
f 3017 3018 3003
f 3019 2529 2528
f 3019 2528 3018
f 3020 3006 2514
f 3020 2514 2531
f 2532 3020 2531
f 2532 3021 3020
f 3023 2516 3008
f 3023 2533 2516
f 3022 3008 3007
f 3022 3023 3008
f 3024 2534 2533
f 3024 2533 3023
f 3024 3009 3010
f 3024 3010 3025
f 3011 2519 2535
f 3011 2535 3026
f 2536 3026 2535
f 2536 3027 3026
f 3026 3012 3011
f 3026 3027 3012
f 3028 2521 3013
f 3028 2537 2521
f 3028 3012 3027
f 3028 3013 3012
f 2538 2537 3028
f 2538 3028 3029
f 3028 3013 3014
f 3028 3014 3029
f 2541 2540 3031
f 2541 3031 3032
f 3033 2542 2541
f 3033 2541 3032
f 3035 3034 3015
f 3035 3015 3016
f 3018 2528 2546
f 3018 2546 3037
f 3019 2547 2529
f 3019 3038 2547
f 3038 2546 2547
f 3038 3037 2546
f 3038 3018 3037
f 3038 3019 3018
f 3021 2532 2550
f 3021 2550 3041
f 3040 3020 3021
f 3040 3021 3041
f 3042 2534 3024
f 3042 2551 2534
f 3027 2536 2554
f 3027 2554 3044
f 3045 2538 3029
f 3045 2556 2538
f 2557 2556 3045
f 2557 3045 3046
f 3045 3029 3030
f 3045 3030 3046
f 3031 2540 2558
f 3031 2558 3047
f 3047 2558 2557
f 3047 2557 3046
f 3033 2560 2542
f 3033 3049 2560
f 3048 3033 3032
f 3048 3049 3033
f 3051 3050 3034
f 3051 3034 3035
f 3053 3052 3036
f 3053 3036 3037
f 3056 2564 2563
f 3056 2563 3055
f 3056 3055 3039
f 3056 3039 3040
f 3057 3041 2550
f 3057 2550 2565
f 2565 2564 3056
f 2565 3056 3057
f 3056 3040 3041
f 3056 3041 3057
f 3058 2551 3042
f 3058 2566 2551
f 2567 2566 3058
f 2567 3058 3059
f 3044 2554 2570
f 3044 2570 3061
f 2570 2569 3060
f 2570 3060 3061
f 3061 3060 3043
f 3061 3043 3044
f 3049 2575 2560
f 3049 3063 2575
f 2575 3062 2574
f 2575 3063 3062
f 3066 2577 2576
f 3066 2576 3065
f 2579 2578 3069
f 2579 3069 3070
f 3072 3055 2563
f 3072 2563 2581
f 3072 3071 3054
f 3072 3054 3055
f 3073 2567 3059
f 3073 2583 2567
f 3074 2584 2583
f 3074 2583 3073
f 3075 3060 2569
f 3075 2569 2585
f 3076 3060 3075
f 3076 3061 3060
f 3079 2586 2587
f 3079 3078 2586
f 3062 2589 2574
f 3062 3081 2589
f 2589 3080 2588
f 2589 3081 3080
f 3065 2576 2590
f 3065 2590 3084
f 3084 3083 3064
f 3084 3064 3065
f 3066 2591 2577
f 3066 3085 2591
f 3085 2590 2591
f 3085 3084 2590
f 3085 3065 3084
f 3085 3066 3065
f 3086 3067 3068
f 3086 3068 3087
f 3088 3069 2578
f 3088 2578 2594
f 3089 2579 3070
f 3089 2595 2579
f 3089 2594 2595
f 3089 3088 2594
f 3088 3070 3069
f 3088 3089 3070
f 3072 2581 2597
f 3072 2597 3091
f 3090 3071 3072
f 3090 3072 3091
f 3074 2599 2584
f 3074 3093 2599
f 3075 2585 2600
f 3075 2600 3094
f 2600 2599 3093
f 2600 3093 3094
f 3095 3075 3094
f 3095 3076 3075
f 3078 2601 2586
f 3078 3097 2601
f 3096 3078 3077
f 3096 3097 3078
f 3079 2587 2602
f 3079 2602 3098
f 3098 2602 2601
f 3098 2601 3097
f 3080 2603 2588
f 3080 3099 2603
f 3098 3080 3079
f 3098 3099 3080
f 3100 2604 2603
f 3100 2603 3099
f 3100 3099 3080
f 3100 3080 3081
f 3101 3100 3081
f 3101 3081 3082
f 3104 3091 2597
f 3104 2597 2611
f 3104 3092 3091
f 3104 3105 3092
f 3107 3097 3106
f 3107 3098 3097
f 3109 2604 3100
f 3109 2613 2604
f 3109 2612 2613
f 3109 3108 2612
f 3108 3100 3099
f 3108 3109 3100
f 3112 3102 3103
f 3112 3103 3113
f 3104 2611 2621
f 3104 2621 3115
f 3116 3104 3115
f 3116 3105 3104
f 3117 2612 3108
f 3117 2622 2612
f 3118 2623 2622
f 3118 2622 3117
f 3117 3108 3109
f 3117 3109 3118
f 3121 2628 2627
f 3121 2627 3120
f 3121 3120 3110
f 3121 3110 3111
f 2629 2628 3121
f 2629 3121 3122
f 3124 2631 2630
f 3124 2630 3123
f 3126 3115 2621
f 3126 2621 2634
f 2634 2633 3125
f 2634 3125 3126
f 3126 3125 3114
f 3126 3114 3115
f 3118 2635 2623
f 3118 3127 2635
f 3128 2636 2635
f 3128 2635 3127
f 3120 2627 2638
f 3120 2638 3130
f 3130 3129 3119
f 3130 3119 3120
f 3131 2638 2639
f 3131 3130 2638
f 3131 3120 3130
f 3131 3121 3120
f 3122 2640 2629
f 3122 3132 2640
f 2640 3131 2639
f 2640 3132 3131
f 3131 3122 3121
f 3131 3132 3122
f 3133 3123 2630
f 3133 2630 2641
f 3132 3122 3123
f 3132 3123 3133
f 3134 2631 3124
f 3134 2642 2631
f 3134 2641 2642
f 3134 3133 2641
f 3133 3124 3123
f 3133 3134 3124
f 3135 3125 2633
f 3135 2633 2644
f 3128 2645 2636
f 3128 3136 2645
f 3137 2646 2645
f 3137 2645 3136
f 2647 2646 3137
f 2647 3137 3138
f 2648 2647 3138
f 2648 3138 3139
f 3140 3139 3130
f 3140 3130 3131
f 2651 2650 3141
f 2651 3141 3142
f 3143 2652 2651
f 3143 2651 3142
f 3135 2644 2653
f 3135 2653 3144
f 2653 2652 3143
f 2653 3143 3144
f 3146 2648 3139
f 3146 2654 2648
f 3145 3139 3138
f 3145 3146 3139
f 3147 2655 2654
f 3147 2654 3146
f 3141 2650 2657
f 3141 2657 3149
f 3149 2657 2656
f 3149 2656 3148
f 3150 3141 3149
f 3150 3142 3141
f 3151 2655 3147
f 3151 2659 2655
f 3152 3148 2656
f 3152 2656 2660
f 2660 2659 3151
f 2660 3151 3152
f 3151 3147 3148
f 3151 3148 3152
f 3153 3148 3152
f 3153 3149 3148
f 3153 3150 3149
f 3153 3154 3150
f 3156 2661 2662
f 3156 3155 2661
f 3157 2662 2663
f 3157 3156 2662
f 3158 2663 2664
f 3158 3157 2663
f 3155 2665 2661
f 3155 3161 2665
f 3162 3161 3155
f 3162 3155 3156
f 3163 3162 3156
f 3163 3156 3157
f 3164 3158 2664
f 3164 2664 2668
f 3163 3157 3158
f 3163 3158 3164
f 2669 3164 2668
f 2669 3165 3164
f 2671 3166 2670
f 2671 3167 3166
f 3168 2671 2672
f 3168 3167 2671
f 3169 2672 2673
f 3169 3168 2672
f 2674 3169 2673
f 2674 3170 3169
f 2675 3170 2674
f 2675 3171 3170
f 3173 2676 2677
f 3173 3172 2676
f 3174 3160 3159
f 3174 3175 3160
f 3176 2665 3161
f 3176 2680 2665
f 3176 2679 2680
f 3176 3175 2679
f 3176 3160 3175
f 3176 3161 3160
f 3177 3163 3164
f 3177 3164 3178
f 3179 3165 2669
f 3179 2669 2683
f 3178 3164 3165
f 3178 3165 3179
f 3181 2670 3166
f 3181 2685 2670
f 3181 2684 2685
f 3181 3180 2684
f 3183 3182 3167
f 3183 3167 3168
f 3184 3171 2675
f 3184 2675 2688
f 3185 2676 3172
f 3185 2689 2676
f 2689 3184 2688
f 2689 3185 3184
f 3186 3173 2677
f 3186 2677 2690
f 2693 3188 2692
f 2693 3189 3188
f 3190 2679 3175
f 3190 2694 2679
f 3190 2693 2694
f 3190 3189 2693
f 3190 3174 3189
f 3190 3175 3174
f 3179 2683 2696
f 3179 2696 3192
f 3191 3178 3179
f 3191 3179 3192
f 3180 2697 2684
f 3180 3193 2697
f 2698 2697 3193
f 2698 3193 3194
f 3199 3186 2690
f 3199 2690 2699
f 2700 3199 2699
f 2700 3200 3199
f 3199 3187 3186
f 3199 3200 3187
f 3188 2701 2692
f 3188 3201 2701
f 2703 2702 3204
f 2703 3204 3205
f 2705 2704 3206
f 2705 3206 3207
f 3192 2696 2706
f 3192 2706 3208
f 3209 2706 2707
f 3209 3208 2706
f 2709 3210 2708
f 2709 3211 3210
f 3194 2710 2698
f 3194 3212 2710
f 2710 3211 2709
f 2710 3212 3211
f 3212 3193 3211
f 3212 3194 3193
f 3213 3212 3194
f 3213 3194 3195
f 3214 3196 3197
f 3214 3197 3215
f 3216 3215 3197
f 3216 3197 3198
f 3200 2700 2711
f 3200 2711 3217
f 3201 2712 2701
f 3201 3218 2712
f 3219 3202 3203
f 3219 3203 3220
f 3221 3204 2702
f 3221 2702 2713
f 3222 2703 3205
f 3222 2714 2703
f 2714 3221 2713
f 2714 3222 3221
f 3221 3205 3204
f 3221 3222 3205
f 3206 2704 2715
f 3206 2715 3223
f 3207 2716 2705
f 3207 3224 2716
f 3224 3206 3223
f 3224 3207 3206
f 3209 2707 2717
f 3209 2717 3226
f 3225 3208 3209
f 3225 3209 3226
f 2718 3226 2717
f 2718 3227 3226
f 3210 2719 2708
f 3210 3229 2719
f 3231 2721 2720
f 3231 2720 3230
f 2724 2723 3232
f 2724 3232 3233
f 3217 2711 2728
f 3217 2728 3235
f 3218 2729 2712
f 3218 3236 2729
f 2729 3235 2728
f 2729 3236 3235
f 3235 3218 3217
f 3235 3236 3218
f 3237 3223 2715
f 3237 2715 2730
f 3238 2716 3224
f 3238 2731 2716
f 2731 3237 2730
f 2731 3238 3237
f 3238 3223 3237
f 3238 3224 3223
f 3240 3239 3225
f 3240 3225 3226
f 3241 3227 2718
f 3241 2718 2733
f 3242 2733 2734
f 3242 3241 2733
f 3245 2719 3229
f 3245 2736 2719
f 3245 3228 3244
f 3245 3229 3228
f 3246 3230 2720
f 3246 2720 2737
f 3247 2721 3231
f 3247 2738 2721
f 3247 2737 2738
f 3247 3246 2737
f 3232 2723 2740
f 3232 2740 3248
f 3249 2724 3233
f 3249 2741 2724
f 2741 3248 2740
f 2741 3249 3248
f 3249 3232 3248
f 3249 3233 3232
f 3250 3249 3233
f 3250 3233 3234
f 2747 2746 3251
f 2747 3251 3252
f 3253 3252 3239
f 3253 3239 3240
f 3253 3240 3241
f 3253 3241 3254
f 3242 2734 2748
f 3242 2748 3255
f 3254 3241 3242
f 3254 3242 3255
f 3257 2750 2751
f 3257 3256 2750
f 3257 3243 3256
f 3257 3244 3243
f 3258 2736 3245
f 3258 2752 2736
f 3258 2751 2752
f 3258 3257 2751
f 3258 3244 3257
f 3258 3245 3244
f 3261 2755 2754
f 3261 2754 3260
f 2759 2758 3262
f 2759 3262 3263
f 3251 2746 2762
f 3251 2762 3267
f 3268 2747 3252
f 3268 2763 2747
f 2763 3267 2762
f 2763 3268 3267
f 3268 3251 3267
f 3268 3252 3251
f 3269 3255 2748
f 3269 2748 2765
f 3270 2750 3256
f 3270 2767 2750
f 2768 2767 3270
f 2768 3270 3271
f 3260 2754 2770
f 3260 2770 3274
f 3273 3259 3260
f 3273 3260 3274
f 3261 2771 2755
f 3261 3275 2771
f 3274 3261 3260
f 3274 3275 3261
f 2772 2771 3275
f 2772 3275 3276
f 2773 2772 3276
f 2773 3276 3277
f 3262 2758 2774
f 3262 2774 3278
f 3263 2775 2759
f 3263 3279 2775
f 2775 3278 2774
f 2775 3279 3278
f 2776 2775 3279
f 2776 3279 3280
f 3282 2778 2777
f 3282 2777 3281
f 2780 2779 3283
f 2780 3283 3284
f 3285 3284 3264
f 3285 3264 3265
f 3286 2782 2781
f 3286 2781 3285
f 3285 3265 3266
f 3285 3266 3286
f 2784 2783 3287
f 2784 3287 3288
f 3269 2765 2786
f 3269 2786 3290
f 3291 2786 2787
f 3291 3290 2786
f 3271 2788 2768
f 3271 3292 2788
f 3293 2789 2788
f 3293 2788 3292
f 3292 3271 3272
f 3292 3272 3293
f 3294 3274 2770
f 3294 2770 2791
f 2792 3294 2791
f 2792 3295 3294
f 3294 3275 3274
f 3294 3295 3275
f 3296 2773 3277
f 3296 2794 2773
f 2795 2794 3296
f 2795 3296 3297
f 3298 3279 2775
f 3298 2775 2796
f 3298 2796 2795
f 3298 2795 3297
f 3299 2776 3280
f 3299 2797 2776
f 2798 2797 3299
f 2798 3299 3300
f 3281 2777 2799
f 3281 2799 3301
f 3282 2800 2778
f 3282 3302 2800
f 2800 3301 2799
f 2800 3302 3301
f 3301 3282 3281
f 3301 3302 3282
f 3283 2779 2801
f 3283 2801 3303
f 3304 2780 3284
f 3304 2802 2780
f 2802 3303 2801
f 2802 3304 3303
f 3304 3283 3303
f 3304 3284 3283
f 3305 3285 2781
f 3305 2781 2803
f 3306 2782 3286
f 3306 2804 2782
f 3306 2803 2804
f 3306 3305 2803
f 3287 2783 2805
f 3287 2805 3307
f 3288 2806 2784
f 3288 3308 2806
f 2806 3307 2805
f 2806 3308 3307
f 3307 3288 3287
f 3307 3308 3288
f 3311 2808 2807
f 3311 2807 3310
f 3311 3310 3289
f 3311 3289 3290
f 3291 2787 2809
f 3291 2809 3312
f 3311 3290 3291
f 3311 3291 3312
f 3293 2810 2789
f 3293 3313 2810
f 2811 2810 3313
f 2811 3313 3314
f 3316 3295 2792
f 3316 2792 2814
f 3316 2814 2813
f 3316 2813 3315
f 3316 3315 3294
f 3316 3294 3295
f 3318 2798 3300
f 3318 2819 2798
f 2819 3317 2818
f 2819 3318 3317
f 3322 3310 2807
f 3322 2807 2821
f 3322 3321 3309
f 3322 3309 3310
f 3323 2808 3311
f 3323 2822 2808
f 3312 2809 2823
f 3312 2823 3324
f 2823 2822 3323
f 2823 3323 3324
f 3323 3311 3312
f 3323 3312 3324
f 3326 2811 3314
f 3326 2825 2811
f 3325 3314 3313
f 3325 3326 3314
f 3327 2826 2825
f 3327 2825 3326
f 3315 2813 2827
f 3315 2827 3328
f 3317 2831 2818
f 3317 3334 2831
f 3334 2830 2831
f 3334 3333 2830
f 3336 3319 3320
f 3336 3320 3337
f 3322 2821 2836
f 3322 2836 3339
f 3338 3321 3322
f 3338 3322 3339
f 3327 2839 2826
f 3327 3340 2839
f 3328 2827 2840
f 3328 2840 3341
f 2840 2839 3340
f 2840 3340 3341
f 3342 3328 3341
f 3342 3329 3328
f 3344 3330 3343
f 3344 3331 3330
f 3345 3331 3344
f 3345 3332 3331
f 3333 2842 2830
f 3333 3346 2842
f 3345 3333 3332
f 3345 3346 3333
f 3347 2843 2842
f 3347 2842 3346
f 3347 3346 3333
f 3347 3333 3334
f 3348 3347 3334
f 3348 3334 3335
f 2847 2846 3349
f 2847 3349 3350
f 3339 2836 2851
f 3339 2851 3352
f 3355 3343 3354
f 3355 3344 3343
f 3356 3344 3355
f 3356 3345 3344
f 3358 2843 3347
f 3358 2853 2843
f 3358 2852 2853
f 3358 3357 2852
f 3357 3347 3346
f 3357 3358 3347
f 3360 2855 2854
f 3360 2854 3359
f 3361 2856 2855
f 3361 2855 3360
f 3349 2846 2858
f 3349 2858 3363
f 3364 2847 3350
f 3364 2859 2847
f 3364 2858 2859
f 3364 3363 2858
f 3364 3349 3363
f 3364 3350 3349
f 3365 3364 3350
f 3365 3350 3351
f 3352 2851 2862
f 3352 2862 3366
f 3366 3353 3352
f 3366 3367 3353
f 3368 2852 3357
f 3368 2863 2852
f 3368 3357 3358
f 3368 3358 3369
f 3370 3359 2854
f 3370 2854 2865
f 2866 3370 2865
f 2866 3371 3370
f 3370 3360 3359
f 3370 3371 3360
f 3361 2867 2856
f 3361 3372 2867
f 3372 2866 2867
f 3372 3371 2866
f 3371 3361 3360
f 3371 3372 3361
f 3374 3373 3362
f 3374 3362 3363
f 3375 2870 2869
f 3375 2869 3374
f 3378 3366 2862
f 3378 2862 2873
f 2873 2872 3377
f 2873 3377 3378
f 3368 2874 2863
f 3368 3379 2874
f 3380 2875 2874
f 3380 2874 3379
f 3379 3368 3369
f 3379 3369 3380
f 3382 3374 2869
f 3382 2869 2880
f 3375 2881 2870
f 3375 3383 2881
f 2881 3382 2880
f 2881 3383 3382
f 3382 3375 3374
f 3382 3383 3375
f 3385 2883 2882
f 3385 2882 3384
f 3377 2872 2885
f 3377 2885 3387
f 2885 2884 3386
f 2885 3386 3387
f 3387 3386 3376
f 3387 3376 3377
f 3388 2875 3380
f 3388 2886 2875
f 2887 2886 3388
f 2887 3388 3389
f 3388 3380 3381
f 3388 3381 3389
f 3390 2888 2887
f 3390 2887 3389
f 3384 2882 2893
f 3384 2893 3392
f 2893 2892 3391
f 2893 3391 3392
f 3385 2894 2883
f 3385 3393 2894
f 3393 3384 3392
f 3393 3385 3384
f 3394 3386 2884
f 3394 2884 2895
f 2895 2894 3393
f 2895 3393 3394
f 3395 3386 3394
f 3395 3387 3386
f 3390 2896 2888
f 3390 3397 2896
f 3396 3390 3389
f 3396 3397 3390
f 3398 2897 2896
f 3398 2896 3397
f 3399 2898 2897
f 3399 2897 3398
f 2899 2898 3399
f 2899 3399 3400
f 3391 2892 2900
f 3391 2900 3401
f 3402 3391 3401
f 3402 3392 3391
f 3404 2899 3400
f 3404 2903 2899
f 3405 3401 2900
f 3405 2900 2904
f 2904 2903 3404
f 2904 3404 3405
f 3404 3400 3401
f 3404 3401 3405
f 3406 3401 3405
f 3406 3402 3401
f 3406 3403 3402
f 3406 3407 3403
f 3416 2907 2908
f 3416 3415 2907
f 3415 3409 3408
f 3415 3416 3409
f 3419 3410 3418
f 3419 3411 3410
f 3420 3411 3419
f 3420 3412 3411
f 2912 3421 2911
f 2912 3422 3421
f 3426 2913 2914
f 3426 3425 2913
f 3425 3414 3413
f 3425 3426 3414
f 3427 2907 3415
f 3427 2915 2907
f 2915 3426 2914
f 2915 3427 3426
f 3428 3416 2908
f 3428 2908 2916
f 3429 2916 2917
f 3429 3428 2916
f 3428 3417 3416
f 3428 3429 3417
f 3430 3417 3429
f 3430 3418 3417
f 3431 3418 3430
f 3431 3419 3418
f 3431 3420 3419
f 3431 3432 3420
f 3436 2920 2921
f 3436 3435 2920
f 3437 2911 3421
f 3437 2922 2911
f 2922 3436 2921
f 2922 3437 3436
f 3438 3422 2912
f 3438 2912 2923
f 3438 3437 3421
f 3438 3421 3422
f 3439 2923 2924
f 3439 3438 2923
f 2925 3439 2924
f 2925 3440 3439
f 3442 2926 2927
f 3442 3441 2926
f 3442 3423 3441
f 3442 3424 3423
f 2928 3442 2927
f 2928 3443 3442
f 3444 2913 3425
f 3444 2929 2913
f 3429 2917 2931
f 3429 2931 3445
f 3446 2931 2932
f 3446 3445 2931
f 3445 3430 3429
f 3445 3446 3430
f 3447 3430 3446
f 3447 3431 3430
f 3447 3432 3431
f 3447 3448 3432
f 3449 3434 3433
f 3449 3450 3434
f 3451 2920 3435
f 3451 2935 2920
f 3451 2934 2935
f 3451 3450 2934
f 3451 3434 3450
f 3451 3435 3434
f 3440 2925 2936
f 3440 2936 3453
f 3454 2926 3441
f 3454 2937 2926
f 3454 2936 2937
f 3454 3453 2936
f 3454 3440 3453
f 3454 3441 3440
f 3455 3443 2928
f 3455 2928 2939
f 2940 3455 2939
f 2940 3456 3455
f 3444 2941 2929
f 3444 3457 2941
f 3457 2940 2941
f 3457 3456 2940
f 3446 2932 2942
f 3446 2942 3461
f 3460 3445 3446
f 3460 3446 3461
f 3462 2942 2943
f 3462 3461 2942
f 3467 2934 3450
f 3467 2944 2934
f 2946 2945 3468
f 2946 3468 3469
f 3471 3470 3452
f 3471 3452 3453
f 3472 2948 2947
f 3472 2947 3471
f 3473 3456 3457
f 3473 3457 3474
f 2952 2951 3474
f 2952 3474 3475
f 3476 3475 3458
f 3476 3458 3459
f 3462 2943 2956
f 3462 2956 3480
f 3479 3461 3462
f 3479 3462 3480
f 3481 3462 3480
f 3481 3463 3462
f 2958 3481 2957
f 2958 3482 3481
f 3481 3464 3463
f 3481 3482 3464
f 3484 3465 3483
f 3484 3466 3465
f 3486 2944 3467
f 3486 2960 2944
f 3486 2959 2960
f 3486 3485 2959
f 3468 2945 2961
f 3468 2961 3487
f 3469 2962 2946
f 3469 3488 2962
f 2962 3487 2961
f 2962 3488 3487
f 3487 3469 3468
f 3487 3488 3469
f 3490 2964 2963
f 3490 2963 3489
f 3491 3471 2947
f 3491 2947 2965
f 3472 2966 2948
f 3472 3492 2966
f 3491 3472 3471
f 3491 3492 3472
f 3493 3474 2951
f 3493 2951 2969
f 3475 2970 2952
f 3475 3494 2970
f 2970 3493 2969
f 2970 3494 3493
f 3493 3475 3474
f 3493 3494 3475
f 3496 3495 3476
f 3496 3476 3477
f 3496 3477 3478
f 3496 3478 3497
f 3497 3478 3479
f 3497 3479 3498
f 3480 2956 2975
f 3480 2975 3499
f 3499 3498 3479
f 3499 3479 3480
f 3500 2957 3481
f 3500 2976 2957
f 3500 2975 2976
f 3500 3499 2975
f 3500 3480 3499
f 3500 3481 3480
f 3501 3482 2958
f 3501 2958 2977
f 3502 3484 3483
f 3502 3503 3484
f 3485 2978 2959
f 3485 3504 2978
f 2980 2979 3505
f 2980 3505 3506
f 3508 3489 2963
f 3508 2963 2981
f 3508 3507 3488
f 3508 3488 3489
f 3490 2982 2964
f 3490 3509 2982
f 3509 2981 2982
f 3509 3508 2981
f 3508 3490 3489
f 3508 3509 3490
f 3510 3491 2965
f 3510 2965 2983
f 3492 2984 2966
f 3492 3511 2984
f 2984 3510 2983
f 2984 3511 3510
f 3510 3492 3491
f 3510 3511 3492
f 3515 3494 3495
f 3515 3495 3516
f 2991 2990 3517
f 2991 3517 3518
f 3517 3498 3499
f 3517 3499 3518
f 2992 2991 3518
f 2992 3518 3519
f 3520 3501 2977
f 3520 2977 2993
f 3520 2993 2992
f 3520 2992 3519
f 2996 3521 2995
f 2996 3522 3521
f 3523 2978 3504
f 3523 2997 2978
f 3523 2996 2997
f 3523 3522 2996
f 3523 3503 3522
f 3523 3504 3503
f 3505 2979 2998
f 3505 2998 3524
f 3525 2980 3506
f 3525 2999 2980
f 2999 3524 2998
f 2999 3525 3524
f 3525 3505 3524
f 3525 3506 3505
f 3525 3506 3507
f 3525 3507 3526
f 3529 3511 3512
f 3529 3512 3530
f 3531 3513 3514
f 3531 3514 3532
f 3535 3517 2990
f 3535 2990 3002
f 3003 3535 3002
f 3003 3536 3535
f 3535 3518 3517
f 3535 3536 3518
f 3004 3536 3003
f 3004 3537 3536
f 3536 3519 3518
f 3536 3537 3519
f 3538 3004 3005
f 3538 3537 3004
f 3539 3005 3006
f 3539 3538 3005
f 3521 3007 2995
f 3521 3540 3007
f 3541 3540 3521
f 3541 3521 3522
f 3010 3009 3542
f 3010 3542 3543
f 3544 3526 3527
f 3544 3527 3545
f 3014 3013 3546
f 3014 3546 3547
f 3549 3548 3528
f 3549 3528 3529
f 3016 3015 3550
f 3016 3550 3551
f 3551 3550 3533
f 3551 3533 3534
f 3553 3552 3536
f 3553 3536 3537
f 3539 3006 3020
f 3539 3020 3555
f 3554 3538 3539
f 3554 3539 3555
f 3540 3022 3007
f 3540 3556 3022
f 3557 3023 3022
f 3557 3022 3556
f 3542 3009 3024
f 3542 3024 3558
f 3024 3023 3557
f 3024 3557 3558
f 3543 3025 3010
f 3543 3559 3025
f 3025 3558 3024
f 3025 3559 3558
f 3559 3542 3558
f 3559 3543 3542
f 3560 3544 3545
f 3560 3545 3561
f 3546 3013 3028
f 3546 3028 3562
f 3562 3028 3027
f 3562 3027 3561
f 3563 3014 3547
f 3563 3029 3014
f 3563 3546 3562
f 3563 3547 3546
f 3030 3029 3563
f 3030 3563 3564
f 3566 3032 3031
f 3566 3031 3565
f 3569 3550 3015
f 3569 3015 3034
f 3570 3016 3551
f 3570 3035 3016
f 3572 3037 3036
f 3572 3036 3571
f 3573 3572 3552
f 3573 3552 3553
f 3555 3020 3040
f 3555 3040 3575
f 3040 3039 3574
f 3040 3574 3575
f 3558 3042 3024
f 3558 3576 3042
f 3578 3561 3027
f 3578 3027 3044
f 3044 3043 3577
f 3044 3577 3578
f 3579 3561 3578
f 3579 3562 3561
f 3580 3562 3579
f 3580 3563 3562
f 3564 3046 3030
f 3564 3581 3046
f 3580 3564 3563
f 3580 3581 3564
f 3565 3031 3047
f 3565 3047 3582
f 3047 3046 3581
f 3047 3581 3582
f 3566 3048 3032
f 3566 3583 3048
f 3583 3565 3582
f 3583 3566 3565
f 3584 3049 3048
f 3584 3048 3583
f 3585 3584 3567
f 3585 3567 3568
f 3569 3034 3050
f 3569 3050 3586
f 3570 3051 3035
f 3570 3587 3051
f 3051 3586 3050
f 3051 3587 3586
f 3588 3571 3036
f 3588 3036 3052
f 3572 3053 3037
f 3572 3589 3053
f 3053 3588 3052
f 3053 3589 3588
f 3574 3039 3055
f 3574 3055 3591
f 3591 3055 3054
f 3591 3054 3590
f 3592 3574 3591
f 3592 3575 3574
f 3576 3058 3042
f 3576 3593 3058
f 3059 3058 3593
f 3059 3593 3594
f 3596 3577 3043
f 3596 3043 3060
f 3061 3596 3060
f 3061 3597 3596
f 3597 3577 3596
f 3597 3578 3577
f 3601 3581 3600
f 3601 3582 3581
f 3603 3049 3584
f 3603 3063 3049
f 3063 3602 3062
f 3063 3603 3602
f 3605 3065 3064
f 3605 3064 3604
f 3068 3067 3606
f 3068 3606 3607
f 3590 3054 3071
f 3590 3071 3609
f 3610 3590 3609
f 3610 3591 3590
f 3612 3059 3594
f 3612 3073 3059
f 3611 3594 3593
f 3611 3612 3594
f 3613 3074 3073
f 3613 3073 3612
f 3612 3594 3595
f 3612 3595 3613
f 3597 3061 3076
f 3597 3076 3615
f 3615 3598 3597
f 3615 3616 3598
f 3617 3077 3078
f 3617 3616 3077
f 3618 3078 3079
f 3618 3617 3078
f 3618 3599 3617
f 3618 3600 3599
f 3619 3079 3080
f 3619 3618 3079
f 3618 3601 3600
f 3618 3619 3601
f 3602 3081 3062
f 3602 3620 3081
f 3082 3081 3620
f 3082 3620 3621
f 3621 3620 3602
f 3621 3602 3603
f 3604 3064 3083
f 3604 3083 3622
f 3605 3084 3065
f 3605 3623 3084
f 3623 3083 3084
f 3623 3622 3083
f 3622 3605 3604
f 3622 3623 3605
f 3624 3606 3067
f 3624 3067 3086
f 3607 3087 3068
f 3607 3625 3087
f 3087 3624 3086
f 3087 3625 3624
f 3625 3607 3608
f 3625 3608 3626
f 3609 3071 3090
f 3609 3090 3628
f 3629 3090 3091
f 3629 3628 3090
f 3092 3629 3091
f 3092 3630 3629
f 3631 3074 3613
f 3631 3093 3074
f 3094 3093 3631
f 3094 3631 3632
f 3631 3613 3614
f 3631 3614 3632
f 3633 3615 3076
f 3633 3076 3095
f 3095 3094 3632
f 3095 3632 3633
f 3634 3077 3616
f 3634 3096 3077
f 3635 3097 3096
f 3635 3096 3634
f 3637 3619 3080
f 3637 3080 3099
f 3099 3098 3636
f 3099 3636 3637
f 3100 3637 3099
f 3100 3638 3637
f 3638 3619 3637
f 3638 3620 3619
f 3639 3082 3621
f 3639 3101 3082
f 3101 3638 3100
f 3101 3639 3638
f 3639 3620 3638
f 3639 3621 3620
f 3103 3102 3640
f 3103 3640 3641
f 3642 3641 3625
f 3642 3625 3626
f 3642 3626 3627
f 3642 3627 3643
f 3646 3630 3092
f 3646 3092 3105
f 3646 3645 3629
f 3646 3629 3630
f 3635 3106 3097
f 3635 3648 3106
f 3647 3635 3634
f 3647 3648 3635
f 3636 3098 3107
f 3636 3107 3649
f 3107 3106 3648
f 3107 3648 3649
f 3637 3108 3099
f 3637 3650 3108
f 3650 3636 3649
f 3650 3637 3636
f 3109 3108 3650
f 3109 3650 3651
f 3111 3110 3653
f 3111 3653 3654
f 3640 3102 3112
f 3640 3112 3655
f 3656 3103 3641
f 3656 3113 3103
f 3113 3655 3112
f 3113 3656 3655
f 3656 3640 3655
f 3656 3641 3640
f 3658 3115 3114
f 3658 3114 3657
f 3658 3657 3644
f 3658 3644 3645
f 3659 3646 3105
f 3659 3105 3116
f 3659 3116 3115
f 3659 3115 3658
f 3659 3658 3645
f 3659 3645 3646
f 3651 3118 3109
f 3651 3660 3118
f 3661 3660 3651
f 3661 3651 3652
f 3663 3653 3110
f 3663 3110 3120
f 3663 3120 3119
f 3663 3119 3662
f 3664 3111 3654
f 3664 3121 3111
f 3664 3120 3121
f 3664 3663 3120
f 3664 3653 3663
f 3664 3654 3653
f 3666 3123 3122
f 3666 3122 3665
f 3667 3657 3114
f 3667 3114 3125
f 3668 3657 3667
f 3668 3658 3657
f 3660 3127 3118
f 3660 3669 3127
f 3128 3127 3669
f 3128 3669 3670
f 3662 3119 3129
f 3662 3129 3672
f 3663 3130 3120
f 3663 3673 3130
f 3673 3129 3130
f 3673 3672 3129
f 3673 3662 3672
f 3673 3663 3662
f 3674 3131 3130
f 3674 3130 3673
f 3665 3122 3132
f 3665 3132 3675
f 3676 3123 3666
f 3676 3133 3123
f 3676 3132 3133
f 3676 3675 3132
f 3675 3666 3665
f 3675 3676 3666
f 3677 3667 3125
f 3677 3125 3135
f 3678 3128 3670
f 3678 3136 3128
f 3137 3136 3678
f 3137 3678 3679
f 3678 3670 3671
f 3678 3671 3679
f 3680 3138 3137
f 3680 3137 3679
f 3673 3130 3139
f 3673 3139 3681
f 3674 3140 3131
f 3674 3682 3140
f 3682 3139 3140
f 3682 3681 3139
f 3682 3673 3681
f 3682 3674 3673
f 3143 3142 3683
f 3143 3683 3684
f 3685 3677 3135
f 3685 3135 3144
f 3144 3143 3684
f 3144 3684 3685
f 3680 3145 3138
f 3680 3686 3145
f 3146 3145 3686
f 3146 3686 3687
f 3686 3680 3681
f 3686 3681 3687
f 3147 3146 3687
f 3147 3687 3688
f 3689 3148 3147
f 3689 3147 3688
f 3683 3142 3150
f 3683 3150 3691
f 3692 3688 3687
f 3692 3693 3688
f 3694 3148 3689
f 3694 3152 3148
f 3153 3152 3694
f 3153 3694 3695
f 3696 3691 3150
f 3696 3150 3154
f 3696 3154 3153
f 3696 3153 3695
f 3696 3695 3690
f 3696 3690 3691
f 3704 3698 3697
f 3704 3705 3698
f 3708 3699 3707
f 3708 3700 3699
f 3709 3700 3708
f 3709 3701 3700
f 3712 3159 3160
f 3712 3711 3159
f 3712 3702 3711
f 3712 3703 3702
f 3713 3160 3161
f 3713 3712 3160
f 3162 3713 3161
f 3162 3714 3713
f 3714 3704 3713
f 3714 3705 3704
f 3715 3162 3163
f 3715 3714 3162
f 3716 3706 3715
f 3716 3707 3706
f 3717 3707 3716
f 3717 3708 3707
f 3717 3709 3708
f 3717 3718 3709
f 3722 3166 3167
f 3722 3721 3166
f 3724 3168 3169
f 3724 3723 3168
f 3170 3724 3169
f 3170 3725 3724
f 3171 3725 3170
f 3171 3726 3725
f 3728 3172 3173
f 3728 3727 3172
f 3730 3159 3711
f 3730 3174 3159
f 3730 3710 3729
f 3730 3711 3710
f 3715 3163 3177
f 3715 3177 3731
f 3732 3177 3178
f 3732 3731 3177
f 3731 3716 3715
f 3731 3732 3716
f 3733 3716 3732
f 3733 3717 3716
f 3733 3718 3717
f 3733 3734 3718
f 3735 3720 3719
f 3735 3736 3720
f 3737 3166 3721
f 3737 3181 3166
f 3737 3180 3181
f 3737 3736 3180
f 3737 3720 3736
f 3737 3721 3720
f 3722 3167 3182
f 3722 3182 3738
f 3723 3183 3168
f 3723 3739 3183
f 3183 3738 3182
f 3183 3739 3738
f 3739 3722 3738
f 3739 3723 3722
f 3726 3171 3184
f 3726 3184 3741
f 3740 3725 3726
f 3740 3726 3741
f 3742 3172 3727
f 3742 3185 3172
f 3742 3184 3185
f 3742 3741 3184
f 3742 3726 3741
f 3742 3727 3726
f 3743 3728 3173
f 3743 3173 3186
f 3187 3743 3186
f 3187 3744 3743
f 3746 3174 3730
f 3746 3189 3174
f 3746 3188 3189
f 3746 3745 3188
f 3732 3178 3191
f 3732 3191 3748
f 3747 3731 3732
f 3747 3732 3748
f 3749 3191 3192
f 3749 3748 3191
f 3736 3193 3180
f 3736 3751 3193
f 3195 3194 3752
f 3195 3752 3753
f 3755 3197 3196
f 3755 3196 3754
f 3755 3754 3740
f 3755 3740 3741
f 3756 3198 3197
f 3756 3197 3755
f 3757 3744 3187
f 3757 3187 3200
f 3758 3188 3745
f 3758 3201 3188
f 3757 3745 3744
f 3757 3758 3745
f 3758 3745 3746
f 3758 3746 3759
f 3203 3202 3759
f 3203 3759 3760
f 3749 3192 3208
f 3749 3208 3765
f 3764 3748 3749
f 3764 3749 3765
f 3751 3211 3193
f 3751 3772 3211
f 3772 3210 3211
f 3772 3771 3210
f 3772 3750 3771
f 3772 3751 3750
f 3752 3194 3212
f 3752 3212 3773
f 3753 3213 3195
f 3753 3774 3213
f 3213 3773 3212
f 3213 3774 3773
f 3773 3753 3752
f 3773 3774 3753
f 3775 3754 3196
f 3775 3196 3214
f 3215 3775 3214
f 3215 3776 3775
f 3775 3755 3754
f 3775 3776 3755
f 3756 3216 3198
f 3756 3777 3216
f 3216 3776 3215
f 3216 3777 3776
f 3776 3756 3755
f 3776 3777 3756
f 3778 3757 3200
f 3778 3200 3217
f 3779 3201 3758
f 3779 3218 3201
f 3779 3217 3218
f 3779 3778 3217
f 3779 3757 3778
f 3779 3758 3757
f 3780 3759 3202
f 3780 3202 3219
f 3760 3220 3203
f 3760 3781 3220
f 3220 3780 3219
f 3220 3781 3780
f 3780 3760 3759
f 3780 3781 3760
f 3781 3760 3761
f 3781 3761 3782
f 3783 3782 3761
f 3783 3761 3762
f 3783 3762 3763
f 3783 3763 3784
f 3785 3784 3763
f 3785 3763 3764
f 3765 3208 3225
f 3765 3225 3786
f 3786 3785 3764
f 3786 3764 3765
f 3786 3766 3765
f 3786 3787 3766
f 3227 3787 3226
f 3227 3788 3787
f 3788 3766 3787
f 3788 3767 3766
f 3789 3769 3768
f 3789 3790 3769
f 3790 3770 3769
f 3790 3791 3770
f 3792 3210 3771
f 3792 3229 3210
f 3792 3228 3229
f 3792 3791 3228
f 3792 3771 3772
f 3792 3772 3793
f 3231 3230 3793
f 3231 3793 3794
f 3795 3794 3773
f 3795 3773 3774
f 3234 3233 3796
f 3234 3796 3797
f 3800 3781 3782
f 3800 3782 3801
f 3804 3803 3784
f 3804 3784 3785
f 3805 3786 3225
f 3805 3225 3239
f 3787 3240 3226
f 3787 3806 3240
f 3805 3787 3786
f 3805 3806 3787
f 3807 3788 3227
f 3807 3227 3241
f 3807 3241 3240
f 3807 3240 3806
f 3809 3228 3791
f 3809 3244 3228
f 3809 3243 3244
f 3809 3808 3243
f 3809 3790 3808
f 3809 3791 3790
f 3810 3793 3230
f 3810 3230 3246
f 3811 3231 3794
f 3811 3247 3231
f 3247 3810 3246
f 3247 3811 3810
f 3814 3796 3233
f 3814 3233 3249
f 3797 3250 3234
f 3797 3815 3250
f 3250 3814 3249
f 3250 3815 3814
f 3814 3797 3796
f 3814 3815 3797
f 3818 3817 3798
f 3818 3798 3799
f 3820 3819 3802
f 3820 3802 3803
f 3821 3805 3239
f 3821 3239 3252
f 3253 3821 3252
f 3253 3822 3821
f 3821 3806 3805
f 3821 3822 3806
f 3823 3253 3254
f 3823 3822 3253
f 3824 3254 3255
f 3824 3823 3254
f 3825 3243 3808
f 3825 3256 3243
f 3260 3259 3826
f 3260 3826 3827
f 3828 3827 3812
f 3828 3812 3813
f 3831 3263 3262
f 3831 3262 3830
f 3831 3830 3816
f 3831 3816 3817
f 3265 3264 3834
f 3265 3834 3835
f 3266 3265 3835
f 3266 3835 3836
f 3838 3837 3821
f 3838 3821 3822
f 3824 3255 3269
f 3824 3269 3840
f 3839 3823 3824
f 3839 3824 3840
f 3841 3256 3825
f 3841 3270 3256
f 3842 3271 3270
f 3842 3270 3841
f 3272 3271 3842
f 3272 3842 3843
f 3826 3259 3273
f 3826 3273 3844
f 3845 3260 3827
f 3845 3274 3260
f 3274 3844 3273
f 3274 3845 3844
f 3845 3826 3844
f 3845 3827 3826
f 3845 3827 3828
f 3845 3828 3846
f 3847 3276 3275
f 3847 3275 3846
f 3277 3276 3847
f 3277 3847 3848
f 3849 3830 3262
f 3849 3262 3278
f 3849 3848 3829
f 3849 3829 3830
f 3850 3263 3831
f 3850 3279 3263
f 3850 3278 3279
f 3850 3849 3278
f 3851 3280 3279
f 3851 3279 3850
f 3854 3832 3833
f 3854 3833 3855
f 3856 3834 3264
f 3856 3264 3284
f 3285 3856 3284
f 3285 3857 3856
f 3856 3835 3834
f 3856 3857 3835
f 3858 3266 3836
f 3858 3286 3266
f 3857 3836 3835
f 3857 3858 3836
f 3861 3860 3837
f 3861 3837 3838
f 3840 3269 3290
f 3840 3290 3863
f 3863 3290 3289
f 3863 3289 3862
f 3864 3272 3843
f 3864 3293 3272
f 3868 3846 3275
f 3868 3275 3295
f 3295 3294 3867
f 3295 3867 3868
f 3868 3847 3846
f 3868 3869 3847
f 3848 3296 3277
f 3848 3870 3296
f 3870 3847 3869
f 3870 3848 3847
f 3297 3296 3870
f 3297 3870 3871
f 3850 3279 3298
f 3850 3298 3872
f 3872 3298 3297
f 3872 3297 3871
f 3851 3299 3280
f 3851 3873 3299
f 3872 3851 3850
f 3872 3873 3851
f 3300 3299 3873
f 3300 3873 3874
f 3875 3874 3852
f 3875 3852 3853
f 3876 3857 3285
f 3876 3285 3305
f 3877 3286 3858
f 3877 3306 3286
f 3877 3305 3306
f 3877 3876 3305
f 3876 3858 3857
f 3876 3877 3858
f 3879 3878 3859
f 3879 3859 3860
f 3879 3860 3861
f 3879 3861 3880
f 3881 3862 3289
f 3881 3289 3310
f 3881 3310 3309
f 3881 3309 3880
f 3882 3862 3881
f 3882 3863 3862
f 3864 3313 3293
f 3864 3884 3313
f 3885 3865 3866
f 3885 3866 3886
f 3867 3294 3315
f 3867 3315 3887
f 3890 3871 3870
f 3890 3891 3871
f 3894 3300 3874
f 3894 3318 3300
f 3318 3893 3317
f 3318 3894 3893
f 3320 3319 3897
f 3320 3897 3898
f 3899 3880 3309
f 3899 3309 3321
f 3900 3880 3899
f 3900 3881 3880
f 3884 3325 3313
f 3884 3902 3325
f 3901 3884 3883
f 3901 3902 3884
f 3903 3326 3325
f 3903 3325 3902
f 3904 3327 3326
f 3904 3326 3903
f 3905 3887 3315
f 3905 3315 3328
f 3329 3905 3328
f 3329 3906 3905
f 3905 3888 3887
f 3905 3906 3888
f 3906 3889 3888
f 3906 3907 3889
f 3908 3330 3331
f 3908 3907 3330
f 3909 3331 3332
f 3909 3908 3331
f 3909 3890 3908
f 3909 3891 3890
f 3910 3332 3333
f 3910 3909 3332
f 3909 3892 3891
f 3909 3910 3892
f 3893 3334 3317
f 3893 3911 3334
f 3335 3334 3911
f 3335 3911 3912
f 3912 3911 3893
f 3912 3893 3894
f 3914 3895 3896
f 3914 3896 3915
f 3897 3319 3336
f 3897 3336 3916
f 3917 3320 3898
f 3917 3337 3320
f 3917 3336 3337
f 3917 3916 3336
f 3917 3897 3916
f 3917 3898 3897
f 3899 3321 3338
f 3899 3338 3918
f 3918 3917 3898
f 3918 3898 3899
f 3919 3338 3339
f 3919 3918 3338
f 3920 3327 3904
f 3920 3340 3327
f 3341 3340 3920
f 3341 3920 3921
f 3922 3906 3329
f 3922 3329 3342
f 3342 3341 3921
f 3342 3921 3922
f 3923 3330 3907
f 3923 3343 3330
f 3922 3907 3906
f 3922 3923 3907
f 3925 3910 3333
f 3925 3333 3346
f 3346 3345 3924
f 3346 3924 3925
f 3347 3925 3346
f 3347 3926 3925
f 3926 3910 3925
f 3926 3911 3910
f 3927 3335 3912
f 3927 3348 3335
f 3348 3926 3347
f 3348 3927 3926
f 3927 3911 3926
f 3927 3912 3911
f 3927 3912 3913
f 3927 3913 3928
f 3351 3350 3929
f 3351 3929 3930
f 3931 3930 3915
f 3931 3915 3916
f 3919 3339 3352
f 3919 3352 3933
f 3934 3352 3353
f 3934 3933 3352
f 3923 3354 3343
f 3923 3935 3354
f 3936 3355 3354
f 3936 3354 3935
f 3924 3345 3356
f 3924 3356 3937
f 3356 3355 3936
f 3356 3936 3937
f 3925 3357 3346
f 3925 3938 3357
f 3938 3924 3937
f 3938 3925 3924
f 3358 3357 3938
f 3358 3938 3939
f 3942 3363 3362
f 3942 3362 3941
f 3943 3929 3350
f 3943 3350 3364
f 3944 3351 3930
f 3944 3365 3351
f 3365 3943 3364
f 3365 3944 3943
f 3944 3929 3943
f 3944 3930 3929
f 3945 3932 3933
f 3945 3933 3946
f 3934 3353 3367
f 3934 3367 3947
f 3947 3367 3366
f 3947 3366 3946
f 3946 3933 3934
f 3946 3934 3947
f 3949 3935 3948
f 3949 3936 3935
f 3939 3369 3358
f 3939 3950 3369
f 3950 3939 3940
f 3950 3940 3951
f 3941 3362 3373
f 3941 3373 3952
f 3942 3374 3363
f 3942 3953 3374
f 3953 3373 3374
f 3953 3952 3373
f 3952 3942 3941
f 3952 3953 3942
f 3377 3376 3954
f 3377 3954 3955
f 3946 3366 3378
f 3946 3378 3956
f 3378 3377 3955
f 3378 3955 3956
f 3957 3369 3950
f 3957 3380 3369
f 3381 3380 3957
f 3381 3957 3958
f 3959 3954 3376
f 3959 3376 3386
f 3387 3959 3386
f 3387 3960 3959
f 3959 3955 3954
f 3959 3960 3955
f 3961 3381 3958
f 3961 3389 3381
f 3393 3392 3964
f 3393 3964 3965
f 3394 3393 3965
f 3394 3965 3966
f 3960 3387 3395
f 3960 3395 3967
f 3395 3394 3966
f 3395 3966 3967
f 3961 3396 3389
f 3961 3968 3396
f 3969 3397 3396
f 3969 3396 3968
f 3968 3961 3962
f 3968 3962 3969
f 3398 3397 3969
f 3398 3969 3970
f 3969 3962 3963
f 3969 3963 3970
f 3971 3399 3398
f 3971 3398 3970
f 3400 3399 3971
f 3400 3971 3972
f 3973 3401 3400
f 3973 3400 3972
f 3964 3392 3402
f 3964 3402 3974
f 3403 3974 3402
f 3403 3975 3974
f 3976 3972 3971
f 3976 3977 3972
f 3973 3405 3401
f 3973 3978 3405
f 3977 3973 3972
f 3977 3978 3973
f 3406 3405 3978
f 3406 3978 3979
f 3975 3403 3407
f 3975 3407 3980
f 3980 3407 3406
f 3980 3406 3979
f 3980 3979 3974
f 3980 3974 3975
f 3409 3981 3408
f 3409 3982 3981
f 3984 3410 3411
f 3984 3983 3410
f 3412 3984 3411
f 3412 3985 3984
f 3414 3986 3413
f 3414 3987 3986
f 3988 3408 3981
f 3988 3415 3408
f 3989 3982 3409
f 3989 3409 3416
f 3417 3989 3416
f 3417 3990 3989
f 3991 3410 3983
f 3991 3418 3410
f 3991 3417 3418
f 3991 3990 3417
f 3992 3991 3983
f 3992 3983 3984
f 3985 3412 3420
f 3985 3420 3993
f 3992 3984 3985
f 3992 3985 3993
f 3424 3994 3423
f 3424 3995 3994
f 3996 3413 3986
f 3996 3425 3413
f 3997 3987 3414
f 3997 3414 3426
f 3998 3415 3988
f 3998 3427 3415
f 3427 3997 3426
f 3427 3998 3997
f 3998 3987 3997
f 3998 3988 3987
f 3999 3989 3990
f 3999 3990 4000
f 4001 4000 3990
f 4001 3990 3991
f 4002 4001 3991
f 4002 3991 3992
f 3993 3420 3432
f 3993 3432 4003
f 4005 3433 3434
f 4005 4004 3433
f 4006 3434 3435
f 4006 4005 3434
f 3436 4006 3435
f 3436 4007 4006
f 4008 3436 3437
f 4008 4007 3436
f 4009 3437 3438
f 4009 4008 3437
f 3439 4009 3438
f 3439 4010 4009
f 3440 4010 3439
f 3440 4011 4010
f 3994 3441 3423
f 3994 4012 3441
f 4012 3440 3441
f 4012 4011 3440
f 3995 3424 3442
f 3995 3442 4013
f 4013 4012 3994
f 4013 3994 3995
f 3443 4013 3442
f 3443 4014 4013
f 3996 3444 3425
f 3996 4016 3444
f 3446 3445 4019
f 3446 4019 4020
f 3447 3446 4020
f 3447 4020 4021
f 4003 3432 3448
f 4003 3448 4022
f 3448 3447 4021
f 3448 4021 4022
f 4004 3449 3433
f 4004 4023 3449
f 4024 3450 3449
f 4024 3449 4023
f 4026 4025 4007
f 4026 4007 4008
f 3453 3452 4027
f 3453 4027 4028
f 4029 4028 4011
f 4029 4011 4012
f 4014 3443 3455
f 4014 3455 4031
f 4030 4013 4014
f 4030 4014 4031
f 4032 3455 3456
f 4032 4031 3455
f 4031 4015 4014
f 4031 4032 4015
f 4033 3444 4016
f 4033 3457 3444
f 4033 4015 4032
f 4033 4016 4015
f 4035 3459 3458
f 4035 3458 4034
f 4034 4017 4018
f 4034 4018 4035
f 4019 3445 3460
f 4019 3460 4037
f 4038 3460 3461
f 4038 4037 3460
f 4038 4019 4037
f 4038 4020 4019
f 4039 4020 4038
f 4039 4021 4020
f 3463 4039 3462
f 3463 4040 4039
f 4039 4022 4021
f 4039 4040 4022
f 4041 3463 3464
f 4041 4040 3463
f 3466 4042 3465
f 3466 4043 4042
f 4024 3467 3450
f 4024 4045 3467
f 4044 4024 4023
f 4044 4045 4024
f 4046 4025 4026
f 4046 4026 4047
f 4027 3452 3470
f 4027 3470 4048
f 4049 3453 4028
f 4049 3471 3453
f 4049 3470 3471
f 4049 4048 3470
f 4049 4027 4048
f 4049 4028 4027
f 4051 4050 4029
f 4051 4029 4030
f 4052 4032 3456
f 4052 3456 3473
f 4053 3457 4033
f 4053 3474 3457
f 4053 3473 3474
f 4053 4052 3473
f 4052 4033 4032
f 4052 4053 4033
f 4054 4034 3458
f 4054 3458 3475
f 4055 3459 4035
f 4055 3476 3459
f 3476 4054 3475
f 3476 4055 4054
f 4054 4035 4034
f 4054 4055 4035
f 3477 3476 4055
f 3477 4055 4056
f 3478 3477 4056
f 3478 4056 4057
f 4057 4056 4036
f 4057 4036 4037
f 4038 3461 3479
f 4038 3479 4058
f 3479 3478 4057
f 3479 4057 4058
f 4057 4037 4038
f 4057 4038 4058
f 4059 3462 4039
f 4059 3480 3462
f 4059 4038 4058
f 4059 4039 4038
f 4061 4041 3464
f 4061 3464 3482
f 4060 4040 4041
f 4060 4041 4061
f 4042 3483 3465
f 4042 4063 3483
f 4043 3466 3484
f 4043 3484 4064
f 4066 3467 4045
f 4066 3486 3467
f 4066 3485 3486
f 4066 4065 3485
f 4066 4044 4065
f 4066 4045 4044
f 4068 3489 3488
f 4068 3488 4067
f 4071 4049 4050
f 4071 4050 4072
f 4075 4055 3476
f 4075 3476 3495
f 3495 3494 4074
f 3495 4074 4075
f 3496 4075 3495
f 3496 4076 4075
f 4076 4055 4075
f 4076 4056 4055
f 3497 4076 3496
f 3497 4077 4076
f 3498 4077 3497
f 3498 4078 4077
f 4059 3499 3480
f 4059 4079 3499
f 4078 4059 4058
f 4078 4079 4059
f 4081 4061 3482
f 4081 3482 3501
f 4063 3502 3483
f 4063 4083 3502
f 4082 4063 4062
f 4082 4083 4063
f 4084 4064 3484
f 4084 3484 3503
f 4084 3503 3502
f 4084 3502 4083
f 4085 3485 4065
f 4085 3504 3485
f 4085 3503 3504
f 4085 4084 3503
f 4085 4064 4084
f 4085 4065 4064
f 4067 3488 3507
f 4067 3507 4087
f 3507 3506 4086
f 3507 4086 4087
f 4088 3489 4068
f 4088 3508 3489
f 4088 3507 3508
f 4088 4087 3507
f 4088 4067 4087
f 4088 4068 4067
f 4090 4089 4069
f 4090 4069 4070
f 4091 4090 4070
f 4091 4070 4071
f 3512 3511 4092
f 3512 4092 4093
f 4092 4072 4073
f 4092 4073 4093
f 3514 3513 4094
f 3514 4094 4095
f 4074 3494 3515
f 4074 3515 4096
f 4097 3495 4075
f 4097 3516 3495
f 3516 4096 3515
f 3516 4097 4096
f 4097 4074 4096
f 4097 4075 4074
f 4100 4078 3498
f 4100 3498 3517
f 4101 3499 4079
f 4101 3518 3499
f 4101 3517 3518
f 4101 4100 3517
f 4100 4079 4078
f 4100 4101 4079
f 4103 4081 3501
f 4103 3501 3520
f 4103 3520 3519
f 4103 3519 4102
f 4103 4102 4080
f 4103 4080 4081
f 4084 3522 3503
f 4084 4105 3522
f 4104 4084 4083
f 4104 4105 4084
f 4106 4086 3506
f 4106 3506 3525
f 4087 3526 3507
f 4087 4107 3526
f 3526 4106 3525
f 3526 4107 4106
f 4106 4087 4086
f 4106 4107 4087
f 3527 3526 4107
f 3527 4107 4108
f 4110 4109 4089
f 4110 4089 4090
f 4092 3511 3529
f 4092 3529 4112
f 4112 3529 3528
f 4112 3528 4111
f 4113 3512 4093
f 4113 3530 3512
f 4113 3529 3530
f 4113 4112 3529
f 4113 4092 4112
f 4113 4093 4092
f 4094 3513 3531
f 4094 3531 4114
f 4095 3532 3514
f 4095 4115 3532
f 3532 4114 3531
f 3532 4115 4114
f 4114 4095 4094
f 4114 4115 4095
f 4119 3534 3533
f 4119 3533 4118
f 4118 4098 4099
f 4118 4099 4119
f 4121 4102 3519
f 4121 3519 3537
f 3537 3536 4120
f 3537 4120 4121
f 4122 3537 3538
f 4122 4121 3537
f 4105 3541 3522
f 4105 4124 3541
f 3541 4123 3540
f 3541 4124 4123
f 4107 3526 3544
f 4107 3544 4125
f 4126 3527 4108
f 4126 3545 3527
f 4125 4108 4107
f 4125 4126 4108
f 4128 4127 4109
f 4128 4109 4110
f 4111 3528 3548
f 4111 3548 4129
f 4112 3549 3529
f 4112 4130 3549
f 4130 3548 3549
f 4130 4129 3548
f 4134 4116 4117
f 4134 4117 4135
f 4136 4118 3533
f 4136 3533 3550
f 4137 3534 4119
f 4137 3551 3534
f 4136 4119 4118
f 4136 4137 4119
f 4120 3536 3552
f 4120 3552 4138
f 4121 3553 3537
f 4121 4139 3553
f 4122 3538 3554
f 4122 3554 4140
f 4139 4121 4122
f 4139 4122 4140
f 4141 3554 3555
f 4141 4140 3554
f 4123 3556 3540
f 4123 4142 3556
f 4143 3557 3556
f 4143 3556 4142
f 4144 3558 3557
f 4144 3557 4143
f 4145 4125 3544
f 4145 3544 3560
f 4146 3545 4126
f 4146 3561 3545
f 4146 3560 3561
f 4146 4145 3560
f 4145 4126 4125
f 4145 4146 4126
f 3568 3567 4149
f 3568 4149 4150
f 4150 4149 4131
f 4150 4131 4132
f 4151 4150 4132
f 4151 4132 4133
f 4136 3550 3569
f 4136 3569 4154
f 4137 3570 3551
f 4137 4155 3570
f 4155 4136 4154
f 4155 4137 4136
f 4157 4138 3552
f 4157 3552 3572
f 3572 3571 4156
f 3572 4156 4157
f 4158 3553 4139
f 4158 3573 3553
f 3573 4157 3572
f 3573 4158 4157
f 4141 3555 3575
f 4141 3575 4160
f 4159 4140 4141
f 4159 4141 4160
f 4144 3576 3558
f 4144 4161 3576
f 3579 3578 4162
f 3579 4162 4163
f 3580 3579 4163
f 3580 4163 4164
f 4165 3581 3580
f 4165 3580 4164
f 3583 3582 4166
f 3583 4166 4167
f 4167 4166 4147
f 4167 4147 4148
f 4168 4149 3567
f 4168 3567 3584
f 3584 3583 4167
f 3584 4167 4168
f 4167 4148 4149
f 4167 4149 4168
f 4169 3568 4150
f 4169 3585 3568
f 3585 4168 3584
f 3585 4169 4168
f 4171 4152 4153
f 4171 4153 4172
f 4154 3569 3586
f 4154 3586 4173
f 4155 3587 3570
f 4155 4174 3587
f 3587 4173 3586
f 3587 4174 4173
f 4174 4154 4173
f 4174 4155 4154
f 4175 4156 3571
f 4175 3571 3588
f 4176 3572 4157
f 4176 3589 3572
f 3589 4175 3588
f 3589 4176 4175
f 4176 4156 4175
f 4176 4157 4156
f 4160 3575 3592
f 4160 3592 4178
f 3592 3591 4177
f 3592 4177 4178
f 4178 4177 4159
f 4178 4159 4160
f 4180 3576 4161
f 4180 3593 3576
f 3595 3594 4181
f 3595 4181 4182
f 4183 4162 3578
f 4183 3578 3597
f 3598 4183 3597
f 3598 4184 4183
f 4183 4163 4162
f 4183 4184 4163
f 4184 4164 4163
f 4184 4185 4164
f 4165 3600 3581
f 4165 4186 3600
f 4186 3599 3600
f 4186 4185 3599
f 4186 4164 4185
f 4186 4165 4164
f 4166 3582 3601
f 4166 3601 4187
f 4168 3603 3584
f 4168 4189 3603
f 4190 4189 4168
f 4190 4168 4169
f 4191 4190 4169
f 4191 4169 4170
f 3607 3606 4192
f 3607 4192 4193
f 3608 3607 4193
f 3608 4193 4194
f 4177 3591 3610
f 4177 3610 4196
f 3610 3609 4195
f 3610 4195 4196
f 4180 3611 3593
f 4180 4198 3611
f 4197 4180 4179
f 4197 4198 4180
f 4181 3594 3612
f 4181 3612 4199
f 4199 3612 3611
f 4199 3611 4198
f 4182 3613 3595
f 4182 4200 3613
f 4199 4182 4181
f 4199 4200 4182
f 3614 3613 4200
f 3614 4200 4201
f 4203 4184 3598
f 4203 3598 3616
f 3616 3615 4202
f 3616 4202 4203
f 4204 3599 4185
f 4204 3617 3599
f 4204 3616 3617
f 4204 4203 3616
f 4204 4184 4203
f 4204 4185 4184
f 4205 4187 3601
f 4205 3601 3619
f 3620 4205 3619
f 3620 4206 4205
f 4207 3603 4189
f 4207 3621 3603
f 3621 4206 3620
f 3621 4207 4206
f 4207 4188 4206
f 4207 4189 4188
f 4208 4207 4189
f 4208 4189 4190
f 4192 3606 3624
f 4192 3624 4209
f 3625 4209 3624
f 3625 4210 4209
f 4211 3608 4194
f 4211 3626 3608
f 4212 3627 3626
f 4212 3626 4211
f 4195 3609 3628
f 4195 3628 4213
f 4214 3628 3629
f 4214 4213 3628
f 4214 4195 4213
f 4214 4196 4195
f 4201 3632 3614
f 4201 4216 3632
f 4215 4201 4200
f 4215 4216 4201
f 4202 3615 3633
f 4202 3633 4217
f 4217 3633 3632
f 4217 3632 4216
f 4218 3616 4203
f 4218 3634 3616
f 4218 4202 4217
f 4218 4203 4202
f 4219 4210 3625
f 4219 3625 3641
f 3642 4219 3641
f 3642 4220 4219
f 4212 3643 3627
f 4212 4221 3643
f 4221 3642 3643
f 4221 4220 3642
f 4220 4212 4211
f 4220 4221 4212
f 4223 4214 3629
f 4223 3629 3645
f 4223 3645 3644
f 4223 3644 4222
f 4224 4217 4216
f 4224 4225 4217
f 4218 3647 3634
f 4218 4226 3647
f 4225 4218 4217
f 4225 4226 4218
f 4227 3648 3647
f 4227 3647 4226
f 3649 3648 4227
f 3649 4227 4228
f 4229 3650 3649
f 4229 3649 4228
f 4230 3651 3650
f 4230 3650 4229
f 3652 3651 4230
f 3652 4230 4231
f 4234 4222 3644
f 4234 3644 3657
f 3658 4234 3657
f 3658 4235 4234
f 4234 4223 4222
f 4234 4235 4223
f 4236 4227 4226
f 4236 4237 4227
f 4238 4227 4237
f 4238 4228 4227
f 4231 3661 3652
f 4231 4241 3661
f 3661 4240 3660
f 3661 4241 4240
f 4246 4232 4233
f 4246 4233 4247
f 4235 3658 3668
f 4235 3668 4250
f 3668 3667 4249
f 3668 4249 4250
f 4252 4238 4237
f 4252 4253 4238
f 4253 4239 4238
f 4253 4254 4239
f 4240 3669 3660
f 4240 4255 3669
f 3670 3669 4255
f 3670 4255 4256
f 4255 4240 4241
f 4255 4241 4256
f 3671 3670 4256
f 3671 4256 4257
f 4258 4257 4242
f 4258 4242 4243
f 4259 4258 4243
f 4259 4243 4244
f 4260 4259 4244
f 4260 4244 4245
f 4261 4247 4248
f 4261 4248 4262
f 4249 3667 3677
f 4249 3677 4263
f 4264 4249 4263
f 4264 4250 4249
f 4264 4251 4250
f 4264 4265 4251
f 4266 3671 4257
f 4266 3679 3671
f 3680 3679 4266
f 3680 4266 4267
f 4266 4257 4258
f 4266 4258 4267
f 3681 3680 4267
f 3681 4267 4268
f 4267 4258 4259
f 4267 4259 4268
f 3684 3683 4271
f 3684 4271 4272
f 4272 4271 4261
f 4272 4261 4262
f 4273 4263 3677
f 4273 3677 3685
f 3685 3684 4272
f 3685 4272 4273
f 4274 3681 4268
f 4274 3687 3681
f 4274 4268 4269
f 4274 4269 4275
f 3689 3688 4275
f 3689 4275 4276
f 4278 4271 3683
f 4278 3683 3691
f 4278 3691 3690
f 4278 3690 4277
f 4278 4277 4270
f 4278 4270 4271
f 4274 3692 3687
f 4274 4279 3692
f 4280 4275 3688
f 4280 3688 3693
f 3693 3692 4279
f 3693 4279 4280
f 4280 4279 4274
f 4280 4274 4275
f 4281 3689 4276
f 4281 3694 3689
f 4282 4277 3690
f 4282 3690 3695
f 4282 3695 3694
f 4282 3694 4281
f 4282 4281 4276
f 4282 4276 4277
f 3698 4283 3697
f 3698 4284 4283
f 4286 3699 3700
f 4286 4285 3699
f 3701 4286 3700
f 3701 4287 4286
f 3703 4288 3702
f 3703 4289 4288
f 4290 3697 4283
f 4290 3704 3697
f 4291 4284 3698
f 4291 3698 3705
f 4293 3699 4285
f 4293 3707 3699
f 4293 3706 3707
f 4293 4292 3706
f 4294 4293 4285
f 4294 4285 4286
f 4287 3701 3709
f 4287 3709 4295
f 4295 4294 4286
f 4295 4286 4287
f 4297 3702 4288
f 4297 3711 3702
f 3711 4296 3710
f 3711 4297 4296
f 4298 4289 3703
f 4298 3703 3712
f 4298 4297 4288
f 4298 4288 4289
f 4299 3704 4290
f 4299 3713 3704
f 4299 3712 3713
f 4299 4298 3712
f 4299 4289 4298
f 4299 4290 4289
f 4300 4291 3705
f 4300 3705 3714
f 4301 3706 4292
f 4301 3715 3706
f 3715 4300 3714
f 3715 4301 4300
f 4302 4301 4292
f 4302 4292 4293
f 4303 4302 4293
f 4303 4293 4294
f 4295 3709 3718
f 4295 3718 4304
f 4306 3719 3720
f 4306 4305 3719
f 4307 3720 3721
f 4307 4306 3720
f 4308 3721 3722
f 4308 4307 3721
f 3723 4308 3722
f 3723 4309 4308
f 3724 4309 3723
f 3724 4310 4309
f 4311 3724 3725
f 4311 4310 3724
f 3727 4312 3726
f 3727 4313 4312
f 4314 3727 3728
f 4314 4313 3727
f 4296 3729 3710
f 4296 4316 3729
f 4317 3730 3729
f 4317 3729 4316
f 4317 4316 4296
f 4317 4296 4297
f 3732 3731 4320
f 3732 4320 4321
f 3733 3732 4321
f 3733 4321 4322
f 4304 3718 3734
f 4304 3734 4323
f 3734 3733 4322
f 3734 4322 4323
f 4305 3735 3719
f 4305 4324 3735
f 4325 3736 3735
f 4325 3735 4324
f 4326 4307 4308
f 4326 4308 4327
f 4328 4327 4308
f 4328 4308 4309
f 4311 3725 3740
f 4311 3740 4329
f 4312 3741 3726
f 4312 4330 3741
f 4314 3728 3743
f 4314 3743 4332
f 4331 4313 4314
f 4331 4314 4332
f 4333 3743 3744
f 4333 4332 3743
f 4334 3744 3745
f 4334 4333 3744
f 4334 4315 4333
f 4334 4316 4315
f 4335 3730 4317
f 4335 3746 3730
f 4335 4316 4334
f 4335 4317 4316
f 4337 4336 4318
f 4337 4318 4319
f 4320 3731 3747
f 4320 3747 4339
f 4340 3747 3748
f 4340 4339 3747
f 4340 4320 4339
f 4340 4321 4320
f 4341 4321 4340
f 4341 4322 4321
f 4342 4322 4341
f 4342 4323 4322
f 4325 3751 3736
f 4325 4344 3751
f 4344 3750 3751
f 4344 4343 3750
f 4343 4325 4324
f 4343 4344 4325
f 4345 4329 3740
f 4345 3740 3754
f 4346 3741 4330
f 4346 3755 3741
f 4346 3754 3755
f 4346 4345 3754
f 4346 4329 4345
f 4346 4330 4329
f 4348 4347 4331
f 4348 4331 4332
f 4334 3745 3758
f 4334 3758 4349
f 4350 3746 4335
f 4350 3759 3746
f 3759 4349 3758
f 3759 4350 4349
f 4349 4335 4334
f 4349 4350 4335
f 3761 3760 4351
f 3761 4351 4352
f 4351 4336 4337
f 4351 4337 4352
f 3762 3761 4352
f 3762 4352 4353
f 3763 3762 4353
f 3763 4353 4354
f 4354 4353 4338
f 4354 4338 4339
f 4340 3748 3764
f 4340 3764 4355
f 4355 3764 3763
f 4355 3763 4354
f 4355 4354 4339
f 4355 4339 4340
f 4356 4340 4355
f 4356 4341 4340
f 3766 4356 3765
f 3766 4357 4356
f 4356 4342 4341
f 4356 4357 4342
f 4358 3766 3767
f 4358 4357 3766
f 4360 3768 3769
f 4360 4359 3768
f 3770 4360 3769
f 3770 4361 4360
f 4362 3750 4343
f 4362 3771 3750
f 4363 3772 3771
f 4363 3771 4362
f 4363 4362 4343
f 4363 4343 4344
f 3774 3773 4364
f 3774 4364 4365
f 4368 4349 4350
f 4368 4350 4369
f 4370 4351 3760
f 4370 3760 3781
f 4370 4352 4351
f 4370 4371 4352
f 3783 4371 3782
f 3783 4372 4371
f 4373 3783 3784
f 4373 4372 3783
f 4373 4353 4372
f 4373 4354 4353
f 4375 3765 4356
f 4375 3786 3765
f 4375 3785 3786
f 4375 4374 3785
f 4375 4355 4374
f 4375 4356 4355
f 4377 4358 3767
f 4377 3767 3788
f 4376 4357 4358
f 4376 4358 4377
f 4359 3789 3768
f 4359 4378 3789
f 4379 3790 3789
f 4379 3789 4378
f 4380 4361 3770
f 4380 3770 3791
f 3792 4380 3791
f 3792 4381 4380
f 4380 4362 4361
f 4380 4381 4362
f 4382 3772 4363
f 4382 3793 3772
f 3793 4381 3792
f 3793 4382 4381
f 4381 4363 4362
f 4381 4382 4363
f 4364 3773 3794
f 4364 3794 4383
f 4383 3794 3793
f 4383 3793 4382
f 4365 3795 3774
f 4365 4384 3795
f 3795 4383 3794
f 3795 4384 4383
f 4384 4364 4383
f 4384 4365 4364
f 4386 4385 4366
f 4386 4366 4367
f 3799 3798 4387
f 3799 4387 4388
f 4389 4368 4369
f 4389 4369 4390
f 4370 3781 3800
f 4370 3800 4391
f 4392 3782 4371
f 4392 3801 3782
f 3801 4391 3800
f 3801 4392 4391
f 4392 4370 4391
f 4392 4371 4370
f 4394 4373 3784
f 4394 3784 3803
f 3803 3802 4393
f 3803 4393 4394
f 4393 4372 4373
f 4393 4373 4394
f 4395 3785 4374
f 4395 3804 3785
f 3804 4394 3803
f 3804 4395 4394
f 4397 4377 3788
f 4397 3788 3807
f 4397 3807 3806
f 4397 3806 4396
f 4397 4396 4376
f 4397 4376 4377
f 4398 3790 4379
f 4398 3808 3790
f 4399 4382 3793
f 4399 3793 3810
f 4383 3811 3794
f 4383 4400 3811
f 3811 4399 3810
f 3811 4400 4399
f 4399 4383 4382
f 4399 4400 4383
f 4402 3813 3812
f 4402 3812 4401
f 4404 4403 4385
f 4404 4385 4386
f 4387 3798 3817
f 4387 3817 4406
f 4406 3817 3816
f 4406 3816 4405
f 4388 3818 3799
f 4388 4407 3818
f 4407 3817 3818
f 4407 4406 3817
f 4407 4387 4406
f 4407 4388 4387
f 4410 4393 3802
f 4410 3802 3819
f 4411 3803 4394
f 4411 3820 3803
f 3820 4410 3819
f 3820 4411 4410
f 4411 4393 4410
f 4411 4394 4393
f 4396 3806 3822
f 4396 3822 4413
f 4413 3822 3821
f 4413 3821 4412
f 4414 3822 3823
f 4414 4413 3822
f 4415 3808 4398
f 4415 3825 3808
f 4417 4401 3812
f 4417 3812 3827
f 4416 4400 4401
f 4416 4401 4417
f 4418 3813 4402
f 4418 3828 3813
f 4417 4402 4401
f 4417 4418 4402
f 4419 4403 4404
f 4419 4404 4420
f 4421 4405 3816
f 4421 3816 3830
f 4421 3830 3829
f 4421 3829 4420
f 4422 3817 4406
f 4422 3831 3817
f 4422 4405 4421
f 4422 4406 4405
f 3833 3832 4424
f 3833 4424 4425
f 4426 4425 4408
f 4426 4408 4409
f 4412 3821 3837
f 4412 3837 4427
f 4413 3838 3822
f 4413 4428 3838
f 4414 3823 3839
f 4414 3839 4429
f 4428 4413 4414
f 4428 4414 4429
f 4430 3839 3840
f 4430 4429 3839
f 4415 3841 3825
f 4415 4431 3841
f 4432 3842 3841
f 4432 3841 4431
f 4433 3843 3842
f 4433 3842 4432
f 4417 3827 3845
f 4417 3845 4435
f 4436 3828 4418
f 4436 3846 3828
f 4436 3845 3846
f 4436 4435 3845
f 4436 4417 4435
f 4436 4418 4417
f 4437 4420 3829
f 4437 3829 3848
f 3849 4437 3848
f 3849 4438 4437
f 4437 4421 4420
f 4437 4438 4421
f 4439 3831 4422
f 4439 3850 3831
f 4439 3849 3850
f 4439 4438 3849
f 3853 3852 4441
f 3853 4441 4442
f 4424 3832 3854
f 4424 3854 4443
f 4443 4442 4423
f 4443 4423 4424
f 4444 3833 4425
f 4444 3855 3833
f 4444 3854 3855
f 4444 4443 3854
f 4444 4424 4443
f 4444 4425 4424
f 4446 4427 3837
f 4446 3837 3860
f 4446 3860 3859
f 4446 3859 4445
f 4428 3861 3838
f 4428 4447 3861
f 4447 4427 4446
f 4447 4428 4427
f 4430 3840 3863
f 4430 3863 4449
f 4448 4429 4430
f 4448 4430 4449
f 4450 4432 4431
f 4450 4451 4432
f 4433 3864 3843
f 4433 4452 3864
f 4451 4433 4432
f 4451 4452 4433
f 3866 3865 4453
f 3866 4453 4454
f 4455 4454 4434
f 4455 4434 4435
f 4456 3868 3867
f 4456 3867 4455
f 3869 3868 4456
f 3869 4456 4457
f 4458 3870 3869
f 4458 3869 4457
f 3872 3871 4459
f 3872 4459 4460
f 4461 3873 3872
f 4461 3872 4460
f 4460 4439 4440
f 4460 4440 4461
f 4462 4441 3852
f 4462 3852 3874
f 3874 3873 4461
f 3874 4461 4462
f 4461 4440 4441
f 4461 4441 4462
f 4463 3853 4442
f 4463 3875 3853
f 3875 4462 3874
f 3875 4463 4462
f 4464 4463 4442
f 4464 4442 4443
f 4445 3859 3878
f 4445 3878 4465
f 4466 3878 3879
f 4466 4465 3878
f 4467 3861 4447
f 4467 3880 3861
f 4467 3879 3880
f 4467 4466 3879
f 4449 3863 3882
f 4449 3882 4469
f 3882 3881 4468
f 3882 4468 4469
f 4469 4468 4448
f 4469 4448 4449
f 4471 3864 4452
f 4471 3884 3864
f 4471 3883 3884
f 4471 4470 3883
f 4453 3865 3885
f 4453 3885 4472
f 4473 3866 4454
f 4473 3886 3866
f 3886 4472 3885
f 3886 4473 4472
f 4473 4453 4472
f 4473 4454 4453
f 4474 4455 3867
f 4474 3867 3887
f 3888 4474 3887
f 3888 4475 4474
f 4474 4456 4455
f 4474 4475 4456
f 3889 4475 3888
f 3889 4476 4475
f 4475 4457 4456
f 4475 4476 4457
f 4458 3890 3870
f 4458 4477 3890
f 4477 4457 4476
f 4477 4458 4457
f 4459 3871 3891
f 4459 3891 4478
f 3892 4478 3891
f 3892 4479 4478
f 4479 4459 4478
f 4479 4460 4459
f 4462 3894 3874
f 4462 4480 3894
f 4481 4480 4462
f 4481 4462 4463
f 3896 3895 4482
f 3896 4482 4483
f 3899 3898 4484
f 3899 4484 4485
f 4468 3881 3900
f 4468 3900 4486
f 3900 3899 4485
f 3900 4485 4486
f 4487 3883 4470
f 4487 3901 3883
f 4488 3902 3901
f 4488 3901 4487
f 4489 3903 3902
f 4489 3902 4488
f 3904 3903 4489
f 3904 4489 4490
f 4492 4476 3889
f 4492 3889 3907
f 4491 4475 4476
f 4491 4476 4492
f 4493 3890 4477
f 4493 3908 3890
f 4493 3907 3908
f 4493 4492 3907
f 4495 4479 3892
f 4495 3892 3910
f 4494 4478 4479
f 4494 4479 4495
f 4496 3910 3911
f 4496 4495 3910
f 4497 3894 4480
f 4497 3912 3894
f 4497 3911 3912
f 4497 4496 3911
f 3913 3912 4497
f 3913 4497 4498
f 4482 3895 3914
f 4482 3914 4500
f 4501 3896 4483
f 4501 3915 3896
f 4501 3914 3915
f 4501 4500 3914
f 4501 4482 4500
f 4501 4483 4482
f 4502 3916 3915
f 4502 3915 4501
f 4503 4484 3898
f 4503 3898 3917
f 3918 4503 3917
f 3918 4504 4503
f 4503 4485 4484
f 4503 4504 4485
f 3919 4504 3918
f 3919 4505 4504
f 4505 4485 4504
f 4505 4486 4485
f 4490 3920 3904
f 4490 4506 3920
f 4507 3921 3920
f 4507 3920 4506
f 4508 3922 3921
f 4508 3921 4507
f 4509 3923 3922
f 4509 3922 4508
f 4510 4495 4496
f 4510 4496 4511
f 4512 4497 3912
f 4512 3912 3927
f 4498 3928 3913
f 4498 4513 3928
f 3928 4512 3927
f 3928 4513 4512
f 4512 4498 4497
f 4512 4513 4498
f 4515 4514 4499
f 4515 4499 4500
f 4516 4501 3915
f 4516 3915 3930
f 4502 3931 3916
f 4502 4517 3931
f 3931 4516 3930
f 3931 4517 4516
f 4516 4502 4501
f 4516 4517 4502
f 4519 4505 3919
f 4519 3919 3933
f 4519 3933 3932
f 4519 3932 4518
f 4518 4504 4505
f 4518 4505 4519
f 4520 4507 4506
f 4520 4521 4507
f 4521 4508 4507
f 4521 4522 4508
f 4509 3935 3923
f 4509 4523 3935
f 4522 4509 4508
f 4522 4523 4509
f 3937 3936 4524
f 3937 4524 4525
f 3938 3937 4525
f 3938 4525 4526
f 3939 3938 4526
f 3939 4526 4527
f 3940 3939 4527
f 3940 4527 4528
f 4533 4518 3932
f 4533 3932 3945
f 4534 3945 3946
f 4534 4533 3945
f 4533 4519 4518
f 4533 4534 4519
f 4523 3948 3935
f 4523 4535 3948
f 4524 3936 3949
f 4524 3949 4536
f 4536 3949 3948
f 4536 3948 4535
f 4537 4524 4536
f 4537 4525 4524
f 4528 3951 3940
f 4528 4539 3951
f 3951 4538 3950
f 3951 4539 4538
f 4540 4529 4530
f 4540 4530 4541
f 4543 4531 4532
f 4543 4532 4544
f 4534 3946 3956
f 4534 3956 4546
f 3956 3955 4545
f 3956 4545 4546
f 4547 4536 4535
f 4547 4548 4536
f 4548 4537 4536
f 4548 4549 4537
f 4538 3957 3950
f 4538 4550 3957
f 3958 3957 4550
f 3958 4550 4551
f 4550 4538 4539
f 4550 4539 4551
f 4553 4552 4540
f 4553 4540 4541
f 4553 4541 4542
f 4553 4542 4554
f 4545 3955 3960
f 4545 3960 4555
f 4556 4545 4555
f 4556 4546 4545
f 4557 4549 4548
f 4557 4558 4549
f 4559 3958 4551
f 4559 3961 3958
f 3962 3961 4559
f 3962 4559 4560
f 4559 4551 4552
f 4559 4552 4560
f 3963 3962 4560
f 3963 4560 4561
f 4560 4552 4553
f 4560 4553 4561
f 4562 4561 4553
f 4562 4553 4554
f 4564 3965 3964
f 4564 3964 4563
f 4565 3966 3965
f 4565 3965 4564
f 4566 4555 3960
f 4566 3960 3967
f 3967 3966 4565
f 3967 4565 4566
f 4567 3963 4561
f 4567 3970 3963
f 3971 3970 4567
f 3971 4567 4568
f 4567 4561 4562
f 4567 4562 4568
f 4563 3964 3974
f 4563 3974 4571
f 4572 3971 4568
f 4572 3976 3971
f 4573 3977 3976
f 4573 3976 4572
f 4572 4568 4569
f 4572 4569 4573
f 4574 3978 3977
f 4574 3977 4573
f 4573 4569 4570
f 4573 4570 4574
f 4575 4571 3974
f 4575 3974 3979
f 4575 3979 3978
f 4575 3978 4574
f 4575 4574 4570
f 4575 4570 4571
f 3982 4576 3981
f 3982 4577 4576
f 3987 4578 3986
f 3987 4579 4578
f 4576 3988 3981
f 4576 4580 3988
f 3988 4579 3987
f 3988 4580 4579
f 4581 4577 3982
f 4581 3982 3989
f 4581 4580 4576
f 4581 4576 4577
f 4583 3992 3993
f 4583 4582 3992
f 4578 3996 3986
f 4578 4584 3996
f 4585 4584 4578
f 4585 4578 4579
f 4586 4585 4579
f 4586 4579 4580
f 4581 3989 3999
f 4581 3999 4587
f 4586 4580 4581
f 4586 4581 4587
f 4588 3999 4000
f 4588 4587 3999
f 4001 4588 4000
f 4001 4589 4588
f 4582 4002 3992
f 4582 4590 4002
f 4590 4001 4002
f 4590 4589 4001
f 4583 3993 4003
f 4583 4003 4591
f 4593 4004 4005
f 4593 4592 4004
f 4594 4005 4006
f 4594 4593 4005
f 4595 4006 4007
f 4595 4594 4006
f 4009 4596 4008
f 4009 4597 4596
f 4598 4009 4010
f 4598 4597 4009
f 4599 4010 4011
f 4599 4598 4010
f 4601 4012 4013
f 4601 4600 4012
f 4015 4602 4014
f 4015 4603 4602
f 4604 3996 4584
f 4604 4016 3996
f 4016 4603 4015
f 4016 4604 4603
f 4604 4584 4585
f 4604 4585 4605
f 4606 4018 4017
f 4606 4017 4605
f 4606 4605 4585
f 4606 4585 4586
f 4607 4587 4588
f 4607 4588 4608
f 4609 4608 4588
f 4609 4588 4589
f 4591 4003 4022
f 4591 4022 4610
f 4592 4023 4004
f 4592 4611 4023
f 4613 4595 4007
f 4613 4007 4025
f 4614 4008 4596
f 4614 4026 4008
f 4614 4595 4613
f 4614 4596 4595
f 4615 4599 4011
f 4615 4011 4028
f 4600 4029 4012
f 4600 4616 4029
f 4029 4615 4028
f 4029 4616 4615
f 4601 4013 4030
f 4601 4030 4617
f 4030 4029 4616
f 4030 4616 4617
f 4616 4600 4601
f 4616 4601 4617
f 4602 4031 4014
f 4602 4618 4031
f 4618 4030 4031
f 4618 4617 4030
f 4619 4618 4602
f 4619 4602 4603
f 4620 4605 4017
f 4620 4017 4034
f 4621 4018 4606
f 4621 4035 4018
f 4621 4034 4035
f 4621 4620 4034
f 4620 4606 4605
f 4620 4621 4606
f 4623 4037 4036
f 4623 4036 4622
f 4624 4038 4037
f 4624 4037 4623
f 4625 4610 4022
f 4625 4022 4040
f 4043 4626 4042
f 4043 4627 4626
f 4611 4044 4023
f 4611 4628 4044
f 4629 4628 4611
f 4629 4611 4612
f 4630 4613 4025
f 4630 4025 4046
f 4631 4026 4614
f 4631 4047 4026
f 4047 4630 4046
f 4047 4631 4630
f 4630 4614 4613
f 4630 4631 4614
f 4633 4616 4029
f 4633 4029 4050
f 4050 4049 4632
f 4050 4632 4633
f 4617 4051 4030
f 4617 4634 4051
f 4051 4633 4050
f 4051 4634 4633
f 4635 4622 4036
f 4635 4036 4056
f 4635 4623 4622
f 4635 4636 4623
f 4624 4058 4038
f 4624 4637 4058
f 4636 4624 4623
f 4636 4637 4624
f 4625 4040 4060
f 4625 4060 4638
f 4639 4060 4061
f 4639 4638 4060
f 4643 4042 4626
f 4643 4063 4042
f 4643 4062 4063
f 4643 4642 4062
f 4644 4627 4043
f 4644 4043 4064
f 4645 4044 4628
f 4645 4065 4044
f 4645 4064 4065
f 4645 4644 4064
f 4645 4627 4644
f 4645 4628 4627
f 4070 4069 4648
f 4070 4648 4649
f 4632 4049 4071
f 4632 4071 4650
f 4071 4070 4649
f 4071 4649 4650
f 4651 4050 4633
f 4651 4072 4050
f 4651 4071 4072
f 4651 4650 4071
f 4651 4632 4650
f 4651 4633 4632
f 4652 4073 4072
f 4652 4072 4651
f 4635 4056 4076
f 4635 4076 4654
f 4655 4076 4077
f 4655 4654 4076
f 4655 4635 4654
f 4655 4636 4635
f 4656 4058 4637
f 4656 4078 4058
f 4656 4077 4078
f 4656 4655 4077
f 4656 4636 4655
f 4656 4637 4636
f 4639 4061 4081
f 4639 4081 4658
f 4658 4081 4080
f 4658 4080 4657
f 4658 4657 4638
f 4658 4638 4639
f 4659 4641 4640
f 4659 4660 4641
f 4642 4082 4062
f 4642 4661 4082
f 4661 4641 4660
f 4661 4642 4641
f 4662 4083 4082
f 4662 4082 4661
f 4665 4664 4646
f 4665 4646 4647
f 4648 4069 4089
f 4648 4089 4666
f 4667 4648 4666
f 4667 4649 4648
f 4650 4091 4071
f 4650 4668 4091
f 4091 4667 4090
f 4091 4668 4667
f 4668 4649 4667
f 4668 4650 4649
f 4669 4651 4072
f 4669 4072 4092
f 4670 4073 4652
f 4670 4093 4073
f 4093 4669 4092
f 4093 4670 4669
f 4669 4652 4651
f 4669 4670 4652
f 4673 4653 4654
f 4673 4654 4674
f 4675 4099 4098
f 4675 4098 4674
f 4676 4657 4080
f 4676 4080 4102
f 4662 4104 4083
f 4662 4678 4104
f 4679 4105 4104
f 4679 4104 4678
f 4683 4682 4663
f 4683 4663 4664
f 4666 4089 4109
f 4666 4109 4684
f 4667 4110 4090
f 4667 4685 4110
f 4685 4666 4684
f 4685 4667 4666
f 4687 4112 4111
f 4687 4111 4686
f 4688 4671 4672
f 4688 4672 4689
f 4690 4117 4116
f 4690 4116 4689
f 4691 4674 4098
f 4691 4098 4118
f 4692 4099 4675
f 4692 4119 4099
f 4692 4118 4119
f 4692 4691 4118
f 4691 4675 4674
f 4691 4692 4675
f 4694 4676 4102
f 4694 4102 4121
f 4694 4121 4120
f 4694 4120 4693
f 4694 4677 4676
f 4694 4695 4677
f 4679 4124 4105
f 4679 4697 4124
f 4124 4696 4123
f 4124 4697 4696
f 4698 4680 4681
f 4698 4681 4699
f 4700 4684 4109
f 4700 4109 4127
f 4701 4110 4685
f 4701 4128 4110
f 4128 4700 4127
f 4128 4701 4700
f 4701 4684 4700
f 4701 4685 4684
f 4686 4111 4129
f 4686 4129 4702
f 4687 4130 4112
f 4687 4703 4130
f 4703 4129 4130
f 4703 4702 4129
f 4702 4687 4686
f 4702 4703 4687
f 4706 4132 4131
f 4706 4131 4705
f 4133 4132 4706
f 4133 4706 4707
f 4689 4116 4134
f 4689 4134 4708
f 4690 4135 4117
f 4690 4709 4135
f 4709 4134 4135
f 4709 4708 4134
f 4709 4689 4708
f 4709 4690 4689
f 4693 4120 4138
f 4693 4138 4710
f 4711 4693 4710
f 4711 4694 4693
f 4712 4139 4140
f 4712 4711 4139
f 4712 4694 4711
f 4712 4695 4694
f 4713 4123 4696
f 4713 4142 4123
f 4143 4142 4713
f 4143 4713 4714
f 4713 4696 4697
f 4713 4697 4714
f 4144 4143 4714
f 4144 4714 4715
f 4716 4715 4698
f 4716 4698 4699
f 4148 4147 4719
f 4148 4719 4720
f 4721 4705 4131
f 4721 4131 4149
f 4721 4149 4148
f 4721 4148 4720
f 4721 4720 4704
f 4721 4704 4705
f 4723 4133 4707
f 4723 4151 4133
f 4151 4722 4150
f 4151 4723 4722
f 4724 4723 4707
f 4724 4707 4708
f 4725 4153 4152
f 4725 4152 4724
f 4728 4710 4138
f 4728 4138 4157
f 4729 4139 4711
f 4729 4158 4139
f 4158 4728 4157
f 4158 4729 4728
f 4729 4710 4728
f 4729 4711 4710
f 4712 4140 4159
f 4712 4159 4730
f 4732 4144 4715
f 4732 4161 4144
f 4731 4715 4714
f 4731 4732 4715
f 4733 4732 4715
f 4733 4715 4716
f 4734 4717 4718
f 4734 4718 4735
f 4736 4719 4147
f 4736 4147 4166
f 4737 4719 4736
f 4737 4720 4719
f 4722 4169 4150
f 4722 4739 4169
f 4170 4169 4739
f 4170 4739 4740
f 4740 4739 4722
f 4740 4722 4723
f 4741 4724 4152
f 4741 4152 4171
f 4741 4740 4723
f 4741 4723 4724
f 4725 4172 4153
f 4725 4742 4172
f 4172 4741 4171
f 4172 4742 4741
f 4741 4725 4724
f 4741 4742 4725
f 4744 4743 4726
f 4744 4726 4727
f 4745 4730 4159
f 4745 4159 4177
f 4747 4161 4732
f 4747 4180 4161
f 4747 4179 4180
f 4747 4746 4179
f 4747 4731 4746
f 4747 4732 4731
f 4749 4736 4166
f 4749 4166 4187
f 4750 4736 4749
f 4750 4737 4736
f 4751 4188 4189
f 4751 4750 4188
f 4750 4738 4737
f 4750 4751 4738
f 4752 4738 4751
f 4752 4739 4738
f 4753 4170 4740
f 4753 4191 4170
f 4191 4752 4190
f 4191 4753 4752
f 4754 4742 4743
f 4754 4743 4755
f 4756 4193 4192
f 4756 4192 4755
f 4755 4743 4744
f 4755 4744 4756
f 4757 4194 4193
f 4757 4193 4756
f 4758 4745 4177
f 4758 4177 4196
f 4759 4179 4746
f 4759 4197 4179
f 4760 4198 4197
f 4760 4197 4759
f 4759 4746 4747
f 4759 4747 4760
f 4199 4198 4760
f 4199 4760 4761
f 4760 4747 4748
f 4760 4748 4761
f 4762 4200 4199
f 4762 4199 4761
f 4749 4187 4205
f 4749 4205 4763
f 4764 4188 4750
f 4764 4206 4188
f 4206 4763 4205
f 4206 4764 4763
f 4763 4750 4749
f 4763 4764 4750
f 4751 4189 4207
f 4751 4207 4765
f 4766 4190 4752
f 4766 4208 4190
f 4766 4207 4208
f 4766 4765 4207
f 4766 4751 4765
f 4766 4752 4751
f 4755 4192 4209
f 4755 4209 4770
f 4771 4209 4210
f 4771 4770 4209
f 4770 4756 4755
f 4770 4771 4756
f 4757 4211 4194
f 4757 4772 4211
f 4771 4757 4756
f 4771 4772 4757
f 4773 4758 4196
f 4773 4196 4214
f 4762 4215 4200
f 4762 4774 4215
f 4775 4216 4215
f 4775 4215 4774
f 4777 4763 4764
f 4777 4764 4778
f 4779 4778 4764
f 4779 4764 4765
f 4780 4767 4768
f 4780 4768 4781
f 4783 4782 4769
f 4783 4769 4770
f 4771 4210 4219
f 4771 4219 4784
f 4772 4220 4211
f 4772 4785 4220
f 4785 4219 4220
f 4785 4784 4219
f 4786 4773 4214
f 4786 4214 4223
f 4775 4224 4216
f 4775 4787 4224
f 4225 4224 4787
f 4225 4787 4788
f 4787 4775 4776
f 4787 4776 4788
f 4789 4226 4225
f 4789 4225 4788
f 4229 4228 4790
f 4229 4790 4791
f 4792 4230 4229
f 4792 4229 4791
f 4231 4230 4792
f 4231 4792 4793
f 4796 4795 4780
f 4796 4780 4781
f 4797 4783 4784
f 4797 4784 4798
f 4799 4233 4232
f 4799 4232 4798
f 4798 4784 4785
f 4798 4785 4799
f 4802 4786 4223
f 4802 4223 4235
f 4789 4236 4226
f 4789 4803 4236
f 4804 4237 4236
f 4804 4236 4803
f 4790 4228 4238
f 4790 4238 4805
f 4239 4805 4238
f 4239 4806 4805
f 4805 4791 4790
f 4805 4806 4791
f 4807 4791 4806
f 4807 4792 4791
f 4793 4241 4231
f 4793 4808 4241
f 4807 4793 4792
f 4807 4808 4793
f 4810 4243 4242
f 4810 4242 4809
f 4810 4809 4794
f 4810 4794 4795
f 4811 4244 4243
f 4811 4243 4810
f 4245 4244 4811
f 4245 4811 4812
f 4813 4798 4232
f 4813 4232 4246
f 4814 4233 4799
f 4814 4247 4233
f 4814 4246 4247
f 4814 4813 4246
f 4813 4799 4798
f 4813 4814 4799
f 4248 4247 4814
f 4248 4814 4815
f 4816 4815 4800
f 4816 4800 4801
f 4817 4802 4235
f 4817 4235 4250
f 4816 4801 4802
f 4816 4802 4817
f 4251 4817 4250
f 4251 4818 4817
f 4804 4252 4237
f 4804 4819 4252
f 4253 4252 4819
f 4253 4819 4820
f 4821 4806 4239
f 4821 4239 4254
f 4254 4253 4820
f 4254 4820 4821
f 4822 4806 4821
f 4822 4807 4806
f 4823 4241 4808
f 4823 4256 4241
f 4824 4809 4242
f 4824 4242 4257
f 4257 4256 4823
f 4257 4823 4824
f 4825 4809 4824
f 4825 4810 4809
f 4825 4811 4810
f 4825 4826 4811
f 4812 4260 4245
f 4812 4827 4260
f 4260 4826 4259
f 4260 4827 4826
f 4827 4811 4826
f 4827 4812 4811
f 4829 4814 4247
f 4829 4247 4261
f 4830 4248 4815
f 4830 4262 4248
f 4829 4815 4814
f 4829 4830 4815
f 4831 4830 4815
f 4831 4815 4816
f 4832 4264 4263
f 4832 4263 4831
f 4832 4831 4816
f 4832 4816 4817
f 4818 4251 4265
f 4818 4265 4833
f 4265 4264 4832
f 4265 4832 4833
f 4832 4817 4818
f 4832 4818 4833
f 4834 4821 4820
f 4834 4835 4821
f 4835 4822 4821
f 4835 4836 4822
f 4838 4823 4837
f 4838 4824 4823
f 4838 4825 4824
f 4838 4839 4825
f 4840 4259 4826
f 4840 4268 4259
f 4840 4825 4839
f 4840 4826 4825
f 4269 4268 4840
f 4269 4840 4841
f 4843 4829 4261
f 4843 4261 4271
f 4843 4271 4270
f 4843 4270 4842
f 4843 4842 4828
f 4843 4828 4829
f 4844 4262 4830
f 4844 4272 4262
f 4831 4263 4273
f 4831 4273 4845
f 4273 4272 4844
f 4273 4844 4845
f 4844 4830 4831
f 4844 4831 4845
f 4846 4836 4835
f 4846 4847 4836
f 4848 4269 4841
f 4848 4275 4269
f 4276 4275 4848
f 4276 4848 4849
f 4850 4842 4270
f 4850 4270 4277
f 4850 4277 4276
f 4850 4276 4849
f 4851 4849 4848
f 4851 4852 4849
f 4284 4853 4283
f 4284 4854 4853
f 4853 4290 4283
f 4853 4856 4290
f 4290 4855 4289
f 4290 4856 4855
f 4854 4284 4291
f 4854 4291 4857
f 4857 4856 4853
f 4857 4853 4854
f 4859 4294 4295
f 4859 4858 4294
f 4855 4298 4289
f 4855 4861 4298
f 4298 4860 4297
f 4298 4861 4860
f 4862 4861 4855
f 4862 4855 4856
f 4857 4291 4300
f 4857 4300 4863
f 4862 4856 4857
f 4862 4857 4863
f 4864 4300 4301
f 4864 4863 4300
f 4302 4864 4301
f 4302 4865 4864
f 4858 4303 4294
f 4858 4866 4303
f 4303 4865 4302
f 4303 4866 4865
f 4859 4295 4304
f 4859 4304 4867
f 4867 4866 4858
f 4867 4858 4859
f 4306 4868 4305
f 4306 4869 4868
f 4870 4306 4307
f 4870 4869 4306
f 4310 4872 4309
f 4310 4873 4872
f 4874 4310 4311
f 4874 4873 4310
f 4876 4312 4313
f 4876 4875 4312
f 4878 4315 4316
f 4878 4877 4315
f 4860 4317 4297
f 4860 4879 4317
f 4317 4878 4316
f 4317 4879 4878
f 4879 4860 4861
f 4879 4861 4880
f 4319 4318 4880
f 4319 4880 4881
f 4881 4880 4861
f 4881 4861 4862
f 4882 4881 4862
f 4882 4862 4863
f 4882 4863 4864
f 4882 4864 4883
f 4884 4883 4864
f 4884 4864 4865
f 4867 4304 4323
f 4867 4323 4885
f 4886 4305 4868
f 4886 4324 4305
f 4887 4870 4307
f 4887 4307 4326
f 4888 4326 4327
f 4888 4887 4326
f 4887 4871 4870
f 4887 4888 4871
f 4889 4309 4872
f 4889 4328 4309
f 4889 4327 4328
f 4889 4888 4327
f 4889 4871 4888
f 4889 4872 4871
f 4890 4874 4311
f 4890 4311 4329
f 4891 4312 4875
f 4891 4330 4312
f 4330 4890 4329
f 4330 4891 4890
f 4876 4313 4331
f 4876 4331 4892
f 4892 4891 4875
f 4892 4875 4876
f 4877 4333 4315
f 4877 4894 4333
f 4894 4332 4333
f 4894 4893 4332
f 4895 4894 4877
f 4895 4877 4878
f 4897 4880 4318
f 4897 4318 4336
f 4896 4879 4880
f 4896 4880 4897
f 4898 4319 4881
f 4898 4337 4319
f 4898 4880 4897
f 4898 4881 4880
f 4900 4339 4338
f 4900 4338 4899
f 4901 4340 4339
f 4901 4339 4900
f 4885 4323 4342
f 4885 4342 4902
f 4886 4343 4324
f 4886 4904 4343
f 4905 4344 4343
f 4905 4343 4904
f 4892 4331 4347
f 4892 4347 4906
f 4893 4348 4332
f 4893 4907 4348
f 4348 4906 4347
f 4348 4907 4906
f 4908 4894 4895
f 4908 4895 4909
f 4910 4350 4349
f 4910 4349 4909
f 4911 4897 4336
f 4911 4336 4351
f 4912 4337 4898
f 4912 4352 4337
f 4912 4351 4352
f 4912 4911 4351
f 4913 4899 4338
f 4913 4338 4353
f 4913 4353 4352
f 4913 4352 4912
f 4354 4913 4353
f 4354 4914 4913
f 4914 4899 4913
f 4914 4900 4899
f 4901 4355 4340
f 4901 4915 4355
f 4914 4901 4900
f 4914 4915 4901
f 4916 4902 4342
f 4916 4342 4357
f 4920 4359 4360
f 4920 4919 4359
f 4361 4920 4360
f 4361 4921 4920
f 4922 4361 4362
f 4922 4921 4361
f 4922 4903 4921
f 4922 4904 4903
f 4905 4363 4344
f 4905 4923 4363
f 4923 4362 4363
f 4923 4922 4362
f 4922 4905 4904
f 4922 4923 4905
f 4367 4366 4924
f 4367 4924 4925
f 4926 4909 4349
f 4926 4349 4368
f 4910 4369 4350
f 4910 4927 4369
f 4926 4910 4909
f 4926 4927 4910
f 4928 4912 4352
f 4928 4352 4371
f 4929 4353 4913
f 4929 4372 4353
f 4372 4928 4371
f 4372 4929 4928
f 4928 4913 4912
f 4928 4929 4913
f 4930 4914 4354
f 4930 4354 4373
f 4373 4372 4929
f 4373 4929 4930
f 4915 4374 4355
f 4915 4931 4374
f 4930 4915 4914
f 4930 4931 4915
f 4916 4357 4376
f 4916 4376 4933
f 4934 4918 4917
f 4934 4935 4918
f 4919 4378 4359
f 4919 4936 4378
f 4936 4918 4935
f 4936 4919 4918
f 4937 4379 4378
f 4937 4378 4936
f 4938 4924 4366
f 4938 4366 4385
f 4939 4367 4925
f 4939 4386 4367
f 4939 4924 4938
f 4939 4925 4924
f 4926 4368 4389
f 4926 4389 4940
f 4927 4390 4369
f 4927 4941 4390
f 4390 4940 4389
f 4390 4941 4940
f 4940 4927 4926
f 4940 4941 4927
f 4942 4929 4372
f 4942 4372 4393
f 4394 4942 4393
f 4394 4943 4942
f 4942 4930 4929
f 4942 4943 4930
f 4931 4395 4374
f 4931 4944 4395
f 4395 4943 4394
f 4395 4944 4943
f 4944 4930 4943
f 4944 4931 4930
f 4946 4933 4376
f 4946 4376 4396
f 4945 4932 4933
f 4945 4933 4946
f 4948 4935 4947
f 4948 4936 4935
f 4949 4379 4937
f 4949 4398 4379
f 4401 4400 4950
f 4401 4950 4951
f 4952 4938 4385
f 4952 4385 4403
f 4953 4386 4939
f 4953 4404 4386
f 4953 4938 4952
f 4953 4939 4938
f 4409 4408 4954
f 4409 4954 4955
f 4957 4946 4396
f 4957 4396 4413
f 4413 4412 4956
f 4413 4956 4957
f 4958 4398 4949
f 4958 4415 4398
f 4950 4400 4416
f 4950 4416 4959
f 4960 4401 4951
f 4960 4417 4401
f 4960 4416 4417
f 4960 4959 4416
f 4959 4951 4950
f 4959 4960 4951
f 4952 4403 4419
f 4952 4419 4961
f 4962 4404 4953
f 4962 4420 4404
f 4962 4419 4420
f 4962 4961 4419
f 4961 4953 4952
f 4961 4962 4953
f 4422 4421 4963
f 4422 4963 4964
f 4968 4424 4423
f 4968 4423 4967
f 4969 4954 4408
f 4969 4408 4425
f 4955 4426 4409
f 4955 4970 4426
f 4426 4969 4425
f 4426 4970 4969
f 4969 4955 4954
f 4969 4970 4955
f 4971 4956 4412
f 4971 4412 4427
f 4428 4971 4427
f 4428 4972 4971
f 4972 4956 4971
f 4972 4957 4956
f 4973 4428 4429
f 4973 4972 4428
f 4974 4415 4958
f 4974 4431 4415
f 4979 4435 4434
f 4979 4434 4978
f 4963 4421 4438
f 4963 4438 4980
f 4964 4439 4422
f 4964 4981 4439
f 4439 4980 4438
f 4439 4981 4980
f 4980 4964 4963
f 4980 4981 4964
f 4440 4439 4981
f 4440 4981 4982
f 4983 4441 4440
f 4983 4440 4982
f 4983 4982 4965
f 4983 4965 4966
f 4984 4967 4423
f 4984 4423 4442
f 4442 4441 4983
f 4442 4983 4984
f 4984 4983 4966
f 4984 4966 4967
f 4968 4443 4424
f 4968 4985 4443
f 4990 4446 4445
f 4990 4445 4989
f 4447 4446 4990
f 4447 4990 4991
f 4973 4429 4448
f 4973 4448 4992
f 4993 4431 4974
f 4993 4450 4431
f 4451 4450 4993
f 4451 4993 4994
f 4993 4974 4975
f 4993 4975 4994
f 4452 4451 4994
f 4452 4994 4995
f 4995 4994 4975
f 4995 4975 4976
f 4996 4995 4976
f 4996 4976 4977
f 4997 4978 4434
f 4997 4434 4454
f 4979 4455 4435
f 4979 4998 4455
f 4998 4454 4455
f 4998 4997 4454
f 4997 4979 4978
f 4997 4998 4979
f 4999 4981 4439
f 4999 4439 4460
f 4999 4982 4981
f 4999 5000 4982
f 4985 4464 4443
f 4985 5003 4464
f 4464 5002 4463
f 4464 5003 5002
f 5003 4985 4986
f 5003 4986 5004
f 5007 5006 4987
f 5007 4987 4988
f 5008 4989 4445
f 5008 4445 4465
f 4466 5008 4465
f 4466 5009 5008
f 5009 4989 5008
f 5009 4990 4989
f 4991 4467 4447
f 4991 5010 4467
f 4467 5009 4466
f 4467 5010 5009
f 5010 4990 5009
f 5010 4991 4990
f 5011 4992 4448
f 5011 4448 4468
f 4995 4471 4452
f 4995 5013 4471
f 5013 4470 4471
f 5013 5012 4470
f 5012 4995 4994
f 5012 5013 4995
f 4476 4475 5014
f 4476 5014 5015
f 5016 4477 4476
f 5016 4476 5015
f 5018 4999 4460
f 5018 4460 4479
f 4479 4478 5017
f 4479 5017 5018
f 5019 4999 5018
f 5019 5000 4999
f 5019 5001 5000
f 5019 5020 5001
f 5002 4481 4463
f 5002 5021 4481
f 4481 5020 4480
f 4481 5021 5020
f 5021 5001 5020
f 5021 5002 5001
f 5022 5021 5002
f 5022 5002 5003
f 5023 5004 5005
f 5023 5005 5024
f 5025 5024 5005
f 5025 5005 5006
f 5026 5025 5006
f 5026 5006 5007
f 5027 5011 4468
f 5027 4468 4486
f 5028 4470 5012
f 5028 4487 4470
f 4488 4487 5028
f 4488 5028 5029
f 5028 5012 5013
f 5028 5013 5029
f 4489 4488 5029
f 4489 5029 5030
f 5031 4490 4489
f 5031 4489 5030
f 5014 4475 4491
f 5014 4491 5032
f 5033 4491 4492
f 5033 5032 4491
f 5032 5015 5014
f 5032 5033 5015
f 5016 4493 4477
f 5016 5034 4493
f 5034 4492 4493
f 5034 5033 4492
f 5033 5016 5015
f 5033 5034 5016
f 5017 4478 4494
f 5017 4494 5035
f 4495 5035 4494
f 4495 5036 5035
f 5035 5018 5017
f 5035 5036 5018
f 5036 5019 5018
f 5036 5037 5019
f 5038 4480 5020
f 5038 4497 4480
f 5038 4496 4497
f 5038 5037 4496
f 5038 5019 5037
f 5038 5020 5019
f 5042 4500 4499
f 5042 4499 5041
f 5046 5027 4486
f 5046 4486 4505
f 4505 4504 5045
f 4505 5045 5046
f 5031 4506 4490
f 5031 5048 4506
f 5047 5031 5030
f 5047 5048 5031
f 5036 4495 4510
f 5036 4510 5053
f 5037 4511 4496
f 5037 5054 4511
f 4511 5053 4510
f 4511 5054 5053
f 5055 5039 5040
f 5055 5040 5056
f 5041 4499 4514
f 5041 4514 5057
f 5042 4515 4500
f 5042 5058 4515
f 5058 4514 4515
f 5058 5057 4514
f 5060 5059 5043
f 5060 5043 5044
f 5045 4504 4518
f 5045 4518 5061
f 4519 5061 4518
f 4519 5062 5061
f 5062 5045 5061
f 5062 5046 5045
f 5048 4520 4506
f 5048 5063 4520
f 5064 4521 4520
f 5064 4520 5063
f 4522 4521 5064
f 4522 5064 5065
f 5064 5049 5050
f 5064 5050 5065
f 5066 4523 4522
f 5066 4522 5065
f 5067 5066 5051
f 5067 5051 5052
f 4526 4525 5068
f 4526 5068 5069
f 5070 4527 4526
f 5070 4526 5069
f 4528 4527 5070
f 4528 5070 5071
f 4530 4529 5072
f 4530 5072 5073
f 5074 5073 5055
f 5074 5055 5056
f 5076 4532 4531
f 5076 4531 5075
f 5075 5059 5060
f 5075 5060 5076
f 5079 5062 4519
f 5079 4519 4534
f 5081 4523 5066
f 5081 4535 4523
f 5080 5066 5065
f 5080 5081 5066
f 5068 4525 4537
f 5068 4537 5083
f 5085 5069 5084
f 5085 5070 5069
f 5071 4539 4528
f 5071 5086 4539
f 5085 5071 5070
f 5085 5086 5071
f 5072 4529 4540
f 5072 4540 5087
f 5088 4530 5073
f 5088 4541 4530
f 5089 4542 4541
f 5089 4541 5088
f 5090 5075 4531
f 5090 4531 4543
f 5091 4532 5076
f 5091 4544 4532
f 4544 5090 4543
f 4544 5091 5090
f 5090 5076 5075
f 5090 5091 5076
f 5093 5092 5077
f 5093 5077 5078
f 5094 5079 4534
f 5094 4534 4546
f 5094 5093 5078
f 5094 5078 5079
f 5095 4535 5081
f 5095 4547 4535
f 4548 4547 5095
f 4548 5095 5096
f 5095 5081 5082
f 5095 5082 5096
f 5097 5083 4537
f 5097 4537 4549
f 5098 5083 5097
f 5098 5084 5083
f 5100 4539 5086
f 5100 4551 4539
f 5101 5087 4540
f 5101 4540 4552
f 4552 4551 5100
f 4552 5100 5101
f 5102 5087 5101
f 5102 5088 5087
f 5103 4542 5089
f 5103 4554 4542
f 5102 5089 5088
f 5102 5103 5089
f 5107 5106 5092
f 5107 5092 5093
f 5094 4546 4556
f 5094 4556 5108
f 4556 4555 5107
f 4556 5107 5108
f 5108 5107 5093
f 5108 5093 5094
f 5096 4557 4548
f 5096 5109 4557
f 5097 4549 4558
f 5097 4558 5110
f 4558 4557 5109
f 4558 5109 5110
f 5110 5098 5097
f 5110 5111 5098
f 5111 5099 5098
f 5111 5112 5099
f 5113 5099 5112
f 5113 5100 5099
f 5113 5101 5100
f 5113 5114 5101
f 5115 5101 5114
f 5115 5102 5101
f 5103 4562 4554
f 5103 5116 4562
f 5115 5103 5102
f 5115 5116 5103
f 5119 4564 4563
f 5119 4563 5118
f 5119 5118 5104
f 5119 5104 5105
f 5120 4565 4564
f 5120 4564 5119
f 5120 5119 5105
f 5120 5105 5106
f 5107 4555 4566
f 5107 4566 5121
f 5121 4566 4565
f 5121 4565 5120
f 5121 5120 5106
f 5121 5106 5107
f 5123 5111 5122
f 5123 5112 5111
f 5124 4562 5116
f 5124 4568 4562
f 4569 4568 5124
f 4569 5124 5125
f 5124 5116 5117
f 5124 5117 5125
f 5126 4570 4569
f 5126 4569 5125
f 5127 5118 4563
f 5127 4563 4571
f 5127 4571 4570
f 5127 4570 5126
f 5128 5126 5125
f 5128 5129 5126
f 5131 4582 4583
f 5131 5130 4582
f 4587 5135 4586
f 4587 5136 5135
f 5130 4590 4582
f 5130 5139 4590
f 5139 4589 4590
f 5139 5138 4589
f 5131 4583 4591
f 5131 4591 5140
f 5140 5139 5130
f 5140 5130 5131
f 4593 5141 4592
f 4593 5142 5141
f 5142 5132 5141
f 5142 5133 5132
f 4594 5142 4593
f 4594 5143 5142
f 5142 5134 5133
f 5142 5143 5134
f 5144 4594 4595
f 5144 5143 4594
f 4596 5144 4595
f 4596 5145 5144
f 5146 4596 4597
f 5146 5145 4596
f 5147 4597 4598
f 5147 5146 4597
f 4599 5147 4598
f 4599 5148 5147
f 4604 5152 4603
f 4604 5153 5152
f 4605 5153 4604
f 4605 5154 5153
f 5135 4606 4586
f 5135 5155 4606
f 4606 5154 4605
f 4606 5155 5154
f 5136 4587 4607
f 5136 4607 5156
f 5156 5155 5135
f 5156 5135 5136
f 5157 4607 4608
f 5157 5156 4607
f 5157 5136 5156
f 5157 5137 5136
f 5138 4609 4589
f 5138 5158 4609
f 4609 5157 4608
f 4609 5158 5157
f 5158 5137 5157
f 5158 5138 5137
f 5159 5158 5138
f 5159 5138 5139
f 5140 4591 4610
f 5140 4610 5160
f 5159 5139 5140
f 5159 5140 5160
f 5161 4592 5141
f 5161 4611 4592
f 4612 4611 5161
f 4612 5161 5162
f 5162 5161 5141
f 5162 5141 5142
f 5163 5162 5142
f 5163 5142 5143
f 5165 5164 5145
f 5165 5145 5146
f 5166 5148 4599
f 5166 4599 4615
f 4616 5166 4615
f 4616 5167 5166
f 5166 5149 5148
f 5166 5167 5149
f 4618 5168 4617
f 4618 5169 5168
f 5169 5150 5168
f 5169 5151 5150
f 5152 4619 4603
f 5152 5170 4619
f 4619 5169 4618
f 4619 5170 5169
f 5173 5172 5154
f 5173 5154 5155
f 5160 4610 4625
f 5160 4625 5175
f 4627 5176 4626
f 4627 5177 5176
f 4628 5177 4627
f 4628 5178 5177
f 5179 4612 5162
f 5179 4629 4612
f 5179 4628 4629
f 5179 5178 4628
f 5179 5161 5178
f 5179 5162 5161
f 5180 5164 5165
f 5180 5165 5181
f 5167 4616 4633
f 5167 4633 5182
f 5168 4634 4617
f 5168 5183 4634
f 4634 5182 4633
f 4634 5183 5182
f 5185 5170 5171
f 5185 5171 5186
f 5187 5186 5171
f 5187 5171 5172
f 5190 5175 4625
f 5190 4625 4638
f 5190 5189 5174
f 5190 5174 5175
f 4641 5191 4640
f 4641 5192 5191
f 5193 4641 4642
f 5193 5192 4641
f 5176 4643 4626
f 5176 5194 4643
f 4643 5193 4642
f 4643 5194 5193
f 5195 5194 5176
f 5195 5176 5177
f 4647 4646 5196
f 4647 5196 5197
f 5198 5182 5183
f 5198 5183 5199
f 5199 5183 5184
f 5199 5184 5200
f 5204 4654 4653
f 5204 4653 5203
f 5206 5205 5188
f 5206 5188 5189
f 5207 5190 4638
f 5207 4638 4657
f 5206 5189 5190
f 5206 5190 5207
f 5191 4659 4640
f 5191 5208 4659
f 4660 4659 5208
f 4660 5208 5209
f 5208 5191 5192
f 5208 5192 5209
f 4661 4660 5209
f 4661 5209 5210
f 5211 4662 4661
f 5211 4661 5210
f 5213 5196 4646
f 5213 4646 4664
f 4664 4663 5212
f 4664 5212 5213
f 5197 4665 4647
f 5197 5214 4665
f 4665 5213 4664
f 4665 5214 5213
f 5214 5196 5213
f 5214 5197 5196
f 5217 4672 4671
f 5217 4671 5216
f 5217 5216 5201
f 5217 5201 5202
f 5203 4653 4673
f 5203 4673 5218
f 5204 4674 4654
f 5204 5219 4674
f 5219 4673 4674
f 5219 5218 4673
f 5218 5204 5203
f 5218 5219 5204
f 5222 5221 5205
f 5222 5205 5206
f 5223 5207 4657
f 5223 4657 4676
f 5222 5206 5207
f 5222 5207 5223
f 5224 4676 4677
f 5224 5223 4676
f 5211 4678 4662
f 5211 5226 4678
f 5225 5211 5210
f 5225 5226 5211
f 5227 4679 4678
f 5227 4678 5226
f 4681 4680 5228
f 4681 5228 5229
f 5212 4663 4682
f 5212 4682 5230
f 5231 4664 5213
f 5231 4683 4664
f 5231 4682 4683
f 5231 5230 4682
f 5231 5212 5230
f 5231 5213 5212
f 5236 5216 4671
f 5236 4671 4688
f 5236 5235 5215
f 5236 5215 5216
f 5237 4672 5217
f 5237 4689 4672
f 5237 4688 4689
f 5237 5236 4688
f 5239 5219 5220
f 5239 5220 5240
f 5242 5241 5221
f 5242 5221 5222
f 5244 5224 4677
f 5244 4677 4695
f 5243 5223 5224
f 5243 5224 5244
f 5245 4679 5227
f 5245 4697 4679
f 5246 5228 4680
f 5246 4680 4698
f 5245 5227 5228
f 5245 5228 5246
f 5247 4681 5229
f 5247 4699 4681
f 5248 5247 5229
f 5248 5229 5230
f 5249 5232 5233
f 5249 5233 5250
f 4705 4704 5251
f 4705 5251 5252
f 4706 4705 5252
f 4706 5252 5253
f 5253 5252 5234
f 5253 5234 5235
f 4707 4706 5253
f 4707 5253 5254
f 5253 5235 5236
f 5253 5236 5254
f 5255 4708 4707
f 5255 4707 5254
f 5255 5254 5236
f 5255 5236 5237
f 5257 5256 5238
f 5257 5238 5239
f 5257 5239 5240
f 5257 5240 5258
f 5259 5258 5240
f 5259 5240 5241
f 5261 5244 4695
f 5261 4695 4712
f 5261 5260 5243
f 5261 5243 5244
f 5245 4714 4697
f 5245 5262 4714
f 5263 5246 4698
f 5263 4698 4715
f 5264 4699 5247
f 5264 4716 4699
f 5264 5246 5263
f 5264 5247 5246
f 4718 4717 5265
f 4718 5265 5266
f 5267 5251 4704
f 5267 4704 4720
f 5268 5251 5267
f 5268 5252 5251
f 5269 5254 5253
f 5269 5270 5254
f 5271 4708 5255
f 5271 4724 4708
f 5274 4727 4726
f 5274 4726 5273
f 5273 5257 5258
f 5273 5258 5274
f 5275 5274 5258
f 5275 5258 5259
f 5261 4712 4730
f 5261 4730 5277
f 5276 5260 5261
f 5276 5261 5277
f 5262 4731 4714
f 5262 5278 4731
f 5279 5263 4715
f 5279 4715 4732
f 5279 5278 5262
f 5279 5262 5263
f 5264 4733 4716
f 5264 5280 4733
f 4733 5279 4732
f 4733 5280 5279
f 5280 5263 5279
f 5280 5264 5263
f 5265 4717 4734
f 5265 4734 5281
f 5266 4735 4718
f 5266 5282 4735
f 4735 5281 4734
f 4735 5282 5281
f 5281 5266 5265
f 5281 5282 5266
f 5283 5267 4720
f 5283 4720 4737
f 4738 5283 4737
f 4738 5284 5283
f 5283 5268 5267
f 5283 5284 5268
f 5285 4738 4739
f 5285 5284 4738
f 5287 4724 5271
f 5287 4741 4724
f 5287 4740 4741
f 5287 5286 4740
f 5287 5271 5272
f 5287 5272 5288
f 5289 5273 4726
f 5289 4726 4743
f 5289 4743 4742
f 5289 4742 5288
f 5289 5288 5272
f 5289 5272 5273
f 5290 4727 5274
f 5290 4744 4727
f 5293 5277 4730
f 5293 4730 4745
f 5294 4731 5278
f 5294 4746 4731
f 4747 4746 5294
f 4747 5294 5295
f 5294 5278 5279
f 5294 5279 5295
f 4748 4747 5295
f 4748 5295 5296
f 5297 5285 4739
f 5297 4739 4752
f 5286 4753 4740
f 5286 5298 4753
f 4753 5297 4752
f 4753 5298 5297
f 5297 5286 5285
f 5297 5298 5286
f 5299 5298 5286
f 5299 5286 5287
f 5288 4742 4754
f 5288 4754 5300
f 5300 5299 5287
f 5300 5287 5288
f 5301 4754 4755
f 5301 5300 4754
f 5302 4744 5290
f 5302 4756 4744
f 5302 4755 4756
f 5302 5301 4755
f 5303 5302 5290
f 5303 5290 5291
f 5305 5293 4745
f 5305 4745 4758
f 5305 5304 5292
f 5305 5292 5293
f 5307 4748 5296
f 5307 4761 4748
f 5306 5296 5295
f 5306 5307 5296
f 5308 4762 4761
f 5308 4761 5307
f 4764 4763 5311
f 4764 5311 5312
f 5313 4765 4764
f 5313 4764 5312
f 5315 4768 4767
f 5315 4767 5314
f 5314 5298 5299
f 5314 5299 5315
f 5317 4770 4769
f 5317 4769 5316
f 5316 5300 5301
f 5316 5301 5317
f 4772 4771 5318
f 4772 5318 5319
f 5305 4758 4773
f 5305 4773 5322
f 5322 5321 5304
f 5322 5304 5305
f 5323 4762 5308
f 5323 4774 4762
f 4775 4774 5323
f 4775 5323 5324
f 4776 4775 5324
f 4776 5324 5325
f 5326 5325 5309
f 5326 5309 5310
f 5311 4763 4777
f 5311 4777 5327
f 4778 5327 4777
f 4778 5328 5327
f 5327 5312 5311
f 5327 5328 5312
f 5313 4779 4765
f 5313 5329 4779
f 4779 5328 4778
f 4779 5329 5328
f 5328 5313 5312
f 5328 5329 5313
f 5330 5314 4767
f 5330 4767 4780
f 5331 4768 5315
f 5331 4781 4768
f 5332 5316 4769
f 5332 4769 4782
f 5333 4770 5317
f 5333 4783 4770
f 4783 5332 4782
f 4783 5333 5332
f 5332 5317 5316
f 5332 5333 5317
f 5318 4771 4784
f 5318 4784 5334
f 5334 4784 4783
f 5334 4783 5333
f 5319 4785 4772
f 5319 5335 4785
f 5335 5318 5334
f 5335 5319 5318
f 5337 5336 5320
f 5337 5320 5321
f 5338 5322 4773
f 5338 4773 4786
f 5338 5337 5321
f 5338 5321 5322
f 5340 4776 5325
f 5340 4788 4776
f 5339 5325 5324
f 5339 5340 5325
f 5341 4789 4788
f 5341 4788 5340
f 5330 4780 4795
f 5330 4795 5343
f 5343 4795 4794
f 5343 4794 5342
f 5344 4781 5331
f 5344 4796 4781
f 4796 5343 4795
f 4796 5344 5343
f 5333 4783 4797
f 5333 4797 5345
f 5346 4797 4798
f 5346 5345 4797
f 5345 5334 5333
f 5345 5346 5334
f 5347 4785 5335
f 5347 4799 4785
f 5347 4798 4799
f 5347 5346 4798
f 5347 5334 5346
f 5347 5335 5334
f 4801 4800 5348
f 4801 5348 5349
f 5350 5338 4786
f 5350 4786 4802
f 5350 4802 4801
f 5350 4801 5349
f 5349 5337 5338
f 5349 5338 5350
f 5341 4803 4789
f 5341 5352 4803
f 5351 5341 5340
f 5351 5352 5341
f 4804 4803 5352
f 4804 5352 5353
f 5356 4808 4807
f 5356 4807 5355
f 5357 5342 4794
f 5357 4794 4809
f 5358 4795 5343
f 5358 4810 4795
f 5358 4809 4810
f 5358 5357 4809
f 5359 5348 4800
f 5359 4800 4815
f 5360 4804 5353
f 5360 4819 4804
f 4820 4819 5360
f 4820 5360 5361
f 5360 5353 5354
f 5360 5354 5361
f 5355 4807 4822
f 5355 4822 5362
f 5356 4823 4808
f 5356 5363 4823
f 5362 5356 5355
f 5362 5363 5356
f 5365 4829 4828
f 5365 4828 5364
f 5366 5359 4815
f 5366 4815 4830
f 5366 4830 4829
f 5366 4829 5365
f 5361 4834 4820
f 5361 5367 4834
f 5368 4835 4834
f 5368 4834 5367
f 5362 4822 4836
f 5362 4836 5369
f 5363 4837 4823
f 5363 5370 4837
f 5369 5363 5362
f 5369 5370 5363
f 5371 4838 4837
f 5371 4837 5370
f 4839 4838 5371
f 4839 5371 5372
f 5373 4840 4839
f 5373 4839 5372
f 5374 4841 4840
f 5374 4840 5373
f 5375 5364 4828
f 5375 4828 4842
f 5376 5364 5375
f 5376 5365 5364
f 5368 4846 4835
f 5368 5377 4846
f 5369 4836 4847
f 5369 4847 5378
f 4847 4846 5377
f 4847 5377 5378
f 5379 5369 5378
f 5379 5370 5369
f 5379 5371 5370
f 5379 5380 5371
f 5381 5371 5380
f 5381 5372 5371
f 5374 4848 4841
f 5374 5383 4848
f 5382 5374 5373
f 5382 5383 5374
f 5375 4842 4850
f 5375 4850 5385
f 4850 4849 5384
f 4850 5384 5385
f 5386 5375 5385
f 5386 5376 5375
f 5383 4851 4848
f 5383 5388 4851
f 5387 5383 5382
f 5387 5388 5383
f 5384 4849 4852
f 5384 4852 5389
f 5389 4852 4851
f 5389 4851 5388
f 5390 5389 5388
f 5390 5391 5389
f 4866 5397 4865
f 4866 5398 5397
f 5399 4866 4867
f 5399 5398 4866
f 4869 5400 4868
f 4869 5401 5400
f 5401 5392 5400
f 5401 5393 5392
f 4870 5401 4869
f 4870 5402 5401
f 5401 5394 5393
f 5401 5402 5394
f 4871 5402 4870
f 4871 5403 5402
f 5404 4871 4872
f 5404 5403 4871
f 5405 4872 4873
f 5405 5404 4872
f 4874 5405 4873
f 4874 5406 5405
f 4879 5407 4878
f 4879 5408 5407
f 4881 5409 4880
f 4881 5410 5409
f 4882 5410 4881
f 4882 5411 5410
f 4883 5411 4882
f 4883 5412 5411
f 5412 5395 5411
f 5412 5396 5395
f 5397 4884 4865
f 5397 5413 4884
f 4884 5412 4883
f 4884 5413 5412
f 5414 5413 5397
f 5414 5397 5398
f 5399 4867 4885
f 5399 4885 5415
f 5415 5414 5398
f 5415 5398 5399
f 5416 4868 5400
f 5416 4886 4868
f 5417 5416 5400
f 5417 5400 5401
f 5418 5417 5401
f 5418 5401 5402
f 5419 5403 5404
f 5419 5404 5420
f 5406 4874 4890
f 5406 4890 5422
f 5423 4890 4891
f 5423 5422 4890
f 4892 5423 4891
f 4892 5424 5423
f 5426 4893 4894
f 5426 5425 4893
f 5407 4895 4878
f 5407 5427 4895
f 5408 4879 4896
f 5408 4896 5428
f 5409 4897 4880
f 5409 5429 4897
f 5429 4896 4897
f 5429 5428 4896
f 5430 4898 4897
f 5430 4897 5429
f 5430 5429 5409
f 5430 5409 5410
f 5415 4885 4902
f 5415 4902 5432
f 5431 5414 5415
f 5431 5415 5432
f 5434 4886 5416
f 5434 4904 4886
f 5434 4903 4904
f 5434 5433 4903
f 5435 5420 5421
f 5435 5421 5436
f 5424 4892 4906
f 5424 4906 5437
f 5438 4893 5425
f 5438 4907 4893
f 4907 5437 4906
f 4907 5438 5437
f 5426 4894 4908
f 5426 4908 5439
f 5440 4895 5427
f 5440 4909 4895
f 5440 4908 4909
f 5440 5439 4908
f 5440 5426 5439
f 5440 5427 5426
f 5441 5440 5427
f 5441 5427 5428
f 5442 5429 4897
f 5442 4897 4911
f 5443 4898 5430
f 5443 4912 4898
f 5443 4911 4912
f 5443 5442 4911
f 5442 5430 5429
f 5442 5443 5430
f 5445 5432 4902
f 5445 4902 4916
f 5445 5444 5431
f 5445 5431 5432
f 4918 5446 4917
f 4918 5447 5446
f 5448 4918 4919
f 5448 5447 4918
f 4920 5448 4919
f 4920 5449 5448
f 5450 4903 5433
f 5450 4921 4903
f 5450 4920 4921
f 5450 5449 4920
f 5451 5437 5438
f 5451 5438 5452
f 5453 5452 5438
f 5453 5438 5439
f 5458 5445 4916
f 5458 4916 4933
f 5458 4933 4932
f 5458 4932 5457
f 5458 5457 5444
f 5458 5444 5445
f 5446 4934 4917
f 5446 5459 4934
f 4935 4934 5459
f 4935 5459 5460
f 5459 5446 5447
f 5459 5447 5460
f 4937 4936 5461
f 4937 5461 5462
f 5468 5467 5454
f 5468 5454 5455
f 5472 5457 4932
f 5472 4932 4945
f 5472 5471 5456
f 5472 5456 5457
f 5473 4945 4946
f 5473 5472 4945
f 5460 4947 4935
f 5460 5474 4947
f 5461 4936 4948
f 5461 4948 5475
f 4948 4947 5474
f 4948 5474 5475
f 5462 4949 4937
f 5462 5476 4949
f 5475 5462 5461
f 5475 5476 5462
f 5479 5463 5464
f 5479 5464 5480
f 5483 5465 5466
f 5483 5466 5484
f 5485 5484 5466
f 5485 5466 5467
f 5486 5485 5467
f 5486 5467 5468
f 5487 5469 5470
f 5487 5470 5488
f 5490 5489 5471
f 5490 5471 5472
f 5473 4946 4957
f 5473 4957 5491
f 5492 4949 5476
f 5492 4958 4949
f 5492 5476 5477
f 5492 5477 5493
f 5494 5493 5477
f 5494 5477 5478
f 5495 5481 5482
f 5495 5482 5496
f 4966 4965 5498
f 4966 5498 5499
f 5500 4967 4966
f 5500 4966 5499
f 5500 5499 5483
f 5500 5483 5484
f 4968 4967 5500
f 4968 5500 5501
f 5500 5484 5485
f 5500 5485 5501
f 5502 5501 5485
f 5502 5485 5486
f 5505 5504 5487
f 5505 5487 5488
f 5506 5505 5488
f 5506 5488 5489
f 5507 5506 5489
f 5507 5489 5490
f 5491 4957 4972
f 5491 4972 5508
f 5509 4972 4973
f 5509 5508 4972
f 5510 4958 5492
f 5510 4974 4958
f 4975 4974 5510
f 4975 5510 5511
f 5510 5492 5493
f 5510 5493 5511
f 4976 4975 5511
f 4976 5511 5512
f 4977 4976 5512
f 4977 5512 5513
f 5514 5496 5497
f 5514 5497 5515
f 5516 5498 4965
f 5516 4965 4982
f 5517 5498 5516
f 5517 5499 5498
f 5519 4968 5501
f 5519 4985 4968
f 5518 5501 5500
f 5518 5519 5501
f 4986 4985 5519
f 4986 5519 5520
f 5519 5501 5502
f 5519 5502 5520
f 5522 5521 5503
f 5522 5503 5504
f 4988 4987 5522
f 4988 5522 5523
f 5522 5504 5505
f 5522 5505 5523
f 5524 5523 5505
f 5524 5505 5506
f 5509 4973 4992
f 5509 4992 5526
f 5525 5508 5509
f 5525 5509 5526
f 4995 5527 4994
f 4995 5528 5527
f 5513 4996 4977
f 5513 5529 4996
f 4996 5528 4995
f 4996 5529 5528
f 5530 5516 4982
f 5530 4982 5000
f 5001 5530 5000
f 5001 5531 5530
f 5530 5517 5516
f 5530 5531 5517
f 5532 5001 5002
f 5532 5531 5001
f 5533 5518 5532
f 5533 5519 5518
f 5534 4986 5520
f 5534 5004 4986
f 5004 5533 5003
f 5004 5534 5533
f 5535 5005 5004
f 5535 5004 5534
f 5535 5534 5520
f 5535 5520 5521
f 5536 5522 4987
f 5536 4987 5006
f 5536 5006 5005
f 5536 5005 5535
f 5536 5535 5521
f 5536 5521 5522
f 5537 4988 5523
f 5537 5007 4988
f 5526 4992 5011
f 5526 5011 5540
f 5527 5012 4994
f 5527 5541 5012
f 5013 5012 5541
f 5013 5541 5542
f 5547 5532 5002
f 5547 5002 5021
f 5533 5022 5003
f 5533 5548 5022
f 5022 5547 5021
f 5022 5548 5547
f 5547 5533 5532
f 5547 5548 5533
f 5534 5004 5023
f 5534 5023 5549
f 5548 5533 5534
f 5548 5534 5549
f 5550 5023 5024
f 5550 5549 5023
f 5025 5550 5024
f 5025 5551 5550
f 5537 5026 5007
f 5537 5552 5026
f 5026 5551 5025
f 5026 5552 5551
f 5553 5552 5537
f 5553 5537 5538
f 5555 5540 5011
f 5555 5011 5027
f 5555 5554 5539
f 5555 5539 5540
f 5542 5029 5013
f 5542 5556 5029
f 5030 5029 5556
f 5030 5556 5557
f 5558 5543 5544
f 5558 5544 5559
f 5560 5545 5546
f 5560 5546 5561
f 5564 5037 5036
f 5564 5036 5563
f 5040 5039 5565
f 5040 5565 5566
f 5042 5041 5567
f 5042 5567 5568
f 5567 5550 5551
f 5567 5551 5568
f 5570 5044 5043
f 5570 5043 5569
f 5573 5555 5027
f 5573 5027 5046
f 5573 5572 5554
f 5573 5554 5555
f 5557 5047 5030
f 5557 5574 5047
f 5575 5048 5047
f 5575 5047 5574
f 5577 5050 5049
f 5577 5049 5576
f 5052 5051 5578
f 5052 5578 5579
f 5563 5036 5053
f 5563 5053 5581
f 5580 5562 5563
f 5580 5563 5581
f 5564 5054 5037
f 5564 5582 5054
f 5582 5053 5054
f 5582 5581 5053
f 5581 5564 5563
f 5581 5582 5564
f 5565 5039 5055
f 5565 5055 5583
f 5566 5056 5040
f 5566 5584 5056
f 5583 5566 5565
f 5583 5584 5566
f 5585 5567 5041
f 5585 5041 5057
f 5586 5042 5568
f 5586 5058 5042
f 5058 5585 5057
f 5058 5586 5585
f 5586 5567 5585
f 5586 5568 5567
f 5587 5569 5043
f 5587 5043 5059
f 5586 5568 5569
f 5586 5569 5587
f 5570 5060 5044
f 5570 5588 5060
f 5587 5570 5569
f 5587 5588 5570
f 5590 5589 5571
f 5590 5571 5572
f 5573 5046 5062
f 5573 5062 5591
f 5591 5590 5572
f 5591 5572 5573
f 5592 5048 5575
f 5592 5063 5048
f 5593 5576 5049
f 5593 5049 5064
f 5064 5063 5592
f 5064 5592 5593
f 5592 5575 5576
f 5592 5576 5593
f 5594 5050 5577
f 5594 5065 5050
f 5593 5577 5576
f 5593 5594 5577
f 5595 5578 5051
f 5595 5051 5066
f 5579 5067 5052
f 5579 5596 5067
f 5067 5595 5066
f 5067 5596 5595
f 5598 5069 5068
f 5598 5068 5597
f 5600 5583 5055
f 5600 5055 5073
f 5073 5072 5599
f 5073 5599 5600
f 5584 5074 5056
f 5584 5601 5074
f 5074 5600 5073
f 5074 5601 5600
f 5602 5587 5059
f 5602 5059 5075
f 5588 5076 5060
f 5588 5603 5076
f 5076 5602 5075
f 5076 5603 5602
f 5602 5588 5587
f 5602 5603 5588
f 5605 5078 5077
f 5605 5077 5604
f 5605 5604 5589
f 5605 5589 5590
f 5606 5591 5062
f 5606 5062 5079
f 5606 5079 5078
f 5606 5078 5605
f 5606 5605 5590
f 5606 5590 5591
f 5594 5080 5065
f 5594 5607 5080
f 5608 5081 5080
f 5608 5080 5607
f 5082 5081 5608
f 5082 5608 5609
f 5610 5597 5068
f 5610 5068 5083
f 5598 5084 5069
f 5598 5611 5084
f 5084 5610 5083
f 5084 5611 5610
f 5610 5598 5597
f 5610 5611 5598
f 5085 5084 5611
f 5085 5611 5612
f 5613 5086 5085
f 5613 5085 5612
f 5614 5599 5072
f 5614 5072 5087
f 5615 5073 5600
f 5615 5088 5073
f 5615 5087 5088
f 5615 5614 5087
f 5615 5599 5614
f 5615 5600 5599
f 5617 5604 5077
f 5617 5077 5092
f 5616 5603 5604
f 5616 5604 5617
f 5618 5082 5609
f 5618 5096 5082
f 5620 5611 5084
f 5620 5084 5098
f 5099 5620 5098
f 5099 5621 5620
f 5620 5612 5611
f 5620 5621 5612
f 5622 5086 5613
f 5622 5100 5086
f 5622 5099 5100
f 5622 5621 5099
f 5622 5612 5621
f 5622 5613 5612
f 5105 5104 5623
f 5105 5623 5624
f 5625 5617 5092
f 5625 5092 5106
f 5625 5106 5105
f 5625 5105 5624
f 5626 5096 5618
f 5626 5109 5096
f 5110 5109 5626
f 5110 5626 5627
f 5626 5618 5619
f 5626 5619 5627
f 5111 5110 5627
f 5111 5627 5628
f 5113 5112 5629
f 5113 5629 5630
f 5114 5113 5630
f 5114 5630 5631
f 5115 5114 5631
f 5115 5631 5632
f 5633 5116 5115
f 5633 5115 5632
f 5117 5116 5633
f 5117 5633 5634
f 5623 5104 5118
f 5623 5118 5636
f 5637 5623 5636
f 5637 5624 5623
f 5628 5122 5111
f 5628 5638 5122
f 5629 5112 5123
f 5629 5123 5639
f 5123 5122 5638
f 5123 5638 5639
f 5640 5629 5639
f 5640 5630 5629
f 5641 5630 5640
f 5641 5631 5630
f 5641 5632 5631
f 5641 5642 5632
f 5642 5633 5632
f 5642 5643 5633
f 5644 5117 5634
f 5644 5125 5117
f 5644 5633 5643
f 5644 5634 5633
f 5636 5118 5127
f 5636 5127 5646
f 5127 5126 5645
f 5127 5645 5646
f 5646 5645 5635
f 5646 5635 5636
f 5647 5636 5646
f 5647 5637 5636
f 5648 5640 5639
f 5648 5649 5640
f 5644 5128 5125
f 5644 5651 5128
f 5650 5644 5643
f 5650 5651 5644
f 5645 5126 5129
f 5645 5129 5652
f 5652 5129 5128
f 5652 5128 5651
f 5654 5650 5653
f 5654 5651 5650
f 5655 5651 5654
f 5655 5652 5651
f 5659 5132 5133
f 5659 5658 5132
f 5134 5659 5133
f 5134 5660 5659
f 5662 5657 5656
f 5662 5663 5657
f 5137 5667 5136
f 5137 5668 5667
f 5669 5137 5138
f 5669 5668 5137
f 5670 5132 5658
f 5670 5141 5132
f 5671 5142 5141
f 5671 5141 5670
f 5672 5660 5134
f 5672 5134 5143
f 5672 5143 5142
f 5672 5142 5671
f 5144 5672 5143
f 5144 5673 5672
f 5673 5660 5672
f 5673 5661 5660
f 5674 5144 5145
f 5674 5673 5144
f 5675 5662 5674
f 5675 5663 5662
f 5147 5675 5146
f 5147 5676 5675
f 5675 5664 5663
f 5675 5676 5664
f 5677 5147 5148
f 5677 5676 5147
f 5149 5677 5148
f 5149 5678 5677
f 5151 5679 5150
f 5151 5680 5679
f 5682 5152 5153
f 5682 5681 5152
f 5154 5682 5153
f 5154 5683 5682
f 5684 5665 5683
f 5684 5666 5665
f 5667 5156 5136
f 5667 5685 5156
f 5156 5684 5155
f 5156 5685 5684
f 5685 5666 5684
f 5685 5667 5666
f 5685 5667 5668
f 5685 5668 5686
f 5669 5138 5158
f 5669 5158 5687
f 5687 5686 5668
f 5687 5668 5669
f 5159 5687 5158
f 5159 5688 5687
f 5689 5159 5160
f 5689 5688 5159
f 5692 5161 5162
f 5692 5691 5161
f 5693 5143 5672
f 5693 5163 5143
f 5163 5692 5162
f 5163 5693 5692
f 5693 5671 5692
f 5693 5672 5671
f 5674 5145 5164
f 5674 5164 5694
f 5675 5165 5146
f 5675 5695 5165
f 5695 5674 5694
f 5695 5675 5674
f 5697 5678 5149
f 5697 5149 5167
f 5696 5677 5678
f 5696 5678 5697
f 5698 5150 5679
f 5698 5168 5150
f 5698 5678 5697
f 5698 5679 5678
f 5699 5680 5151
f 5699 5151 5169
f 5700 5152 5681
f 5700 5170 5152
f 5170 5699 5169
f 5170 5700 5699
f 5699 5681 5680
f 5699 5700 5681
f 5171 5170 5700
f 5171 5700 5701
f 5702 5683 5154
f 5702 5154 5172
f 5702 5172 5171
f 5702 5171 5701
f 5684 5173 5155
f 5684 5703 5173
f 5703 5172 5173
f 5703 5702 5172
f 5703 5683 5702
f 5703 5684 5683
f 5704 5685 5686
f 5704 5686 5705
f 5689 5160 5175
f 5689 5175 5707
f 5707 5175 5174
f 5707 5174 5706
f 5707 5706 5688
f 5707 5688 5689
f 5709 5161 5691
f 5709 5178 5161
f 5709 5177 5178
f 5709 5708 5177
f 5709 5690 5708
f 5709 5691 5690
f 5694 5164 5180
f 5694 5180 5710
f 5695 5181 5165
f 5695 5711 5181
f 5181 5710 5180
f 5181 5711 5710
f 5697 5167 5182
f 5697 5182 5712
f 5698 5183 5168
f 5698 5713 5183
f 5712 5698 5697
f 5712 5713 5698
f 5184 5183 5713
f 5184 5713 5714
f 5700 5170 5185
f 5700 5185 5715
f 5716 5185 5186
f 5716 5715 5185
f 5715 5701 5700
f 5715 5716 5701
f 5702 5187 5172
f 5702 5717 5187
f 5187 5716 5186
f 5187 5717 5716
f 5717 5701 5716
f 5717 5702 5701
f 5722 5706 5174
f 5722 5174 5189
f 5189 5188 5721
f 5189 5721 5722
f 5193 5723 5192
f 5193 5724 5723
f 5725 5193 5194
f 5725 5724 5193
f 5708 5195 5177
f 5708 5726 5195
f 5195 5725 5194
f 5195 5726 5725
f 5712 5182 5198
f 5712 5198 5728
f 5199 5728 5198
f 5199 5729 5728
f 5714 5200 5184
f 5714 5730 5200
f 5200 5729 5199
f 5200 5730 5729
f 5729 5714 5713
f 5729 5730 5714
f 5731 5730 5714
f 5731 5714 5715
f 5732 5731 5715
f 5732 5715 5716
f 5733 5202 5201
f 5733 5201 5732
f 5732 5716 5717
f 5732 5717 5733
f 5733 5717 5718
f 5733 5718 5734
f 5736 5735 5719
f 5736 5719 5720
f 5721 5188 5205
f 5721 5205 5737
f 5738 5721 5737
f 5738 5722 5721
f 5739 5192 5723
f 5739 5209 5192
f 5210 5209 5739
f 5210 5739 5740
f 5740 5739 5723
f 5740 5723 5724
f 5741 5726 5727
f 5741 5727 5742
f 5747 5730 5731
f 5747 5731 5748
f 5749 5732 5201
f 5749 5201 5216
f 5749 5216 5215
f 5749 5215 5748
f 5749 5748 5731
f 5749 5731 5732
f 5750 5202 5733
f 5750 5217 5202
f 5751 5750 5733
f 5751 5733 5734
f 5751 5734 5735
f 5751 5735 5752
f 5220 5219 5752
f 5220 5752 5753
f 5752 5735 5736
f 5752 5736 5753
f 5737 5205 5221
f 5737 5221 5754
f 5754 5738 5737
f 5754 5755 5738
f 5756 5222 5223
f 5756 5755 5222
f 5740 5225 5210
f 5740 5757 5225
f 5758 5226 5225
f 5758 5225 5757
f 5759 5227 5226
f 5759 5226 5758
f 5760 5228 5227
f 5760 5227 5759
f 5229 5228 5760
f 5229 5760 5761
f 5762 5230 5229
f 5762 5229 5761
f 5762 5761 5743
f 5762 5743 5744
f 5763 5745 5746
f 5763 5746 5764
f 5233 5232 5765
f 5233 5765 5766
f 5768 5748 5215
f 5768 5215 5235
f 5768 5235 5234
f 5768 5234 5767
f 5767 5747 5748
f 5767 5748 5768
f 5750 5237 5217
f 5750 5770 5237
f 5770 5750 5751
f 5770 5751 5771
f 5772 5752 5219
f 5772 5219 5239
f 5772 5239 5238
f 5772 5238 5771
f 5772 5771 5751
f 5772 5751 5752
f 5773 5220 5753
f 5773 5240 5220
f 5774 5754 5221
f 5774 5221 5241
f 5241 5240 5773
f 5241 5773 5774
f 5773 5753 5754
f 5773 5754 5774
f 5755 5242 5222
f 5755 5775 5242
f 5242 5774 5241
f 5242 5775 5774
f 5756 5223 5243
f 5756 5243 5776
f 5775 5755 5756
f 5775 5756 5776
f 5778 5245 5246
f 5778 5777 5245
f 5777 5760 5759
f 5777 5778 5760
f 5247 5778 5246
f 5247 5779 5778
f 5779 5760 5778
f 5779 5761 5760
f 5762 5248 5230
f 5762 5780 5248
f 5248 5779 5247
f 5248 5780 5779
f 5780 5761 5779
f 5780 5762 5761
f 5765 5232 5249
f 5765 5249 5781
f 5766 5250 5233
f 5766 5782 5250
f 5250 5781 5249
f 5250 5782 5781
f 5781 5766 5765
f 5781 5782 5766
f 5783 5767 5234
f 5783 5234 5252
f 5785 5253 5254
f 5785 5784 5253
f 5784 5769 5768
f 5784 5785 5769
f 5786 5237 5770
f 5786 5255 5237
f 5787 5771 5238
f 5787 5238 5256
f 5786 5770 5771
f 5786 5771 5787
f 5788 5256 5257
f 5788 5787 5256
f 5789 5241 5774
f 5789 5259 5241
f 5789 5774 5775
f 5789 5775 5790
f 5776 5243 5260
f 5776 5260 5791
f 5791 5790 5775
f 5791 5775 5776
f 5792 5245 5777
f 5792 5262 5245
f 5793 5263 5262
f 5793 5262 5792
f 5796 5783 5252
f 5796 5252 5268
f 5784 5269 5253
f 5784 5797 5269
f 5796 5784 5783
f 5796 5797 5784
f 5785 5254 5270
f 5785 5270 5798
f 5270 5269 5797
f 5270 5797 5798
f 5799 5255 5786
f 5799 5271 5255
f 5272 5271 5799
f 5272 5799 5800
f 5799 5786 5787
f 5799 5787 5800
f 5801 5788 5257
f 5801 5257 5273
f 5801 5273 5272
f 5801 5272 5800
f 5800 5787 5788
f 5800 5788 5801
f 5789 5275 5259
f 5789 5803 5275
f 5275 5802 5274
f 5275 5803 5802
f 5804 5803 5789
f 5804 5789 5790
f 5791 5260 5276
f 5791 5276 5805
f 5804 5790 5791
f 5804 5791 5805
f 5806 5276 5277
f 5806 5805 5276
f 5793 5279 5263
f 5793 5808 5279
f 5807 5793 5792
f 5807 5808 5793
f 5809 5794 5795
f 5809 5795 5810
f 5811 5796 5268
f 5811 5268 5284
f 5285 5811 5284
f 5285 5812 5811
f 5811 5797 5796
f 5811 5812 5797
f 5813 5285 5286
f 5813 5812 5285
f 5812 5798 5797
f 5812 5813 5798
f 5802 5290 5274
f 5802 5814 5290
f 5291 5290 5814
f 5291 5814 5815
f 5806 5277 5293
f 5806 5293 5817
f 5817 5293 5292
f 5817 5292 5816
f 5816 5805 5806
f 5816 5806 5817
f 5808 5295 5279
f 5808 5818 5295
f 5823 5813 5286
f 5823 5286 5298
f 5825 5299 5300
f 5825 5824 5299
f 5302 5826 5301
f 5302 5827 5826
f 5815 5303 5291
f 5815 5828 5303
f 5303 5827 5302
f 5303 5828 5827
f 5829 5816 5292
f 5829 5292 5304
f 5818 5306 5295
f 5818 5830 5306
f 5831 5307 5306
f 5831 5306 5830
f 5308 5307 5831
f 5308 5831 5832
f 5833 5819 5820
f 5833 5820 5834
f 5835 5310 5309
f 5835 5309 5834
f 5836 5821 5822
f 5836 5822 5837
f 5823 5298 5314
f 5823 5314 5838
f 5824 5315 5299
f 5824 5839 5315
f 5825 5300 5316
f 5825 5316 5840
f 5839 5824 5825
f 5839 5825 5840
f 5826 5317 5301
f 5826 5841 5317
f 5841 5316 5317
f 5841 5840 5316
f 5842 5841 5826
f 5842 5826 5827
f 5843 5842 5827
f 5843 5827 5828
f 5829 5304 5321
f 5829 5321 5845
f 5321 5320 5844
f 5321 5844 5845
f 5832 5323 5308
f 5832 5847 5323
f 5848 5324 5323
f 5848 5323 5847
f 5849 5834 5309
f 5849 5309 5325
f 5850 5310 5835
f 5850 5326 5310
f 5326 5849 5325
f 5326 5850 5849
f 5851 5836 5837
f 5851 5837 5852
f 5838 5314 5330
f 5838 5330 5854
f 5839 5331 5315
f 5839 5855 5331
f 5856 5855 5839
f 5856 5839 5840
f 5857 5842 5843
f 5857 5843 5858
f 5844 5320 5336
f 5844 5336 5859
f 5860 5336 5337
f 5860 5859 5336
f 5860 5844 5859
f 5860 5845 5844
f 5861 5845 5860
f 5861 5846 5845
f 5848 5339 5324
f 5848 5863 5339
f 5862 5848 5847
f 5862 5863 5848
f 5864 5340 5339
f 5864 5339 5863
f 5867 5852 5853
f 5867 5853 5868
f 5869 5854 5330
f 5869 5330 5343
f 5869 5343 5342
f 5869 5342 5868
f 5870 5331 5855
f 5870 5344 5331
f 5870 5343 5344
f 5870 5869 5343
f 5870 5854 5869
f 5870 5855 5854
f 5874 5860 5337
f 5874 5337 5349
f 5874 5349 5348
f 5874 5348 5873
f 5874 5873 5859
f 5874 5859 5860
f 5864 5351 5340
f 5864 5876 5351
f 5875 5864 5863
f 5875 5876 5864
f 5877 5352 5351
f 5877 5351 5876
f 5353 5352 5877
f 5353 5877 5878
f 5354 5353 5878
f 5354 5878 5879
f 5880 5865 5866
f 5880 5866 5881
f 5882 5868 5342
f 5882 5342 5357
f 5869 5358 5343
f 5869 5883 5358
f 5883 5357 5358
f 5883 5882 5357
f 5884 5871 5872
f 5884 5872 5885
f 5887 5873 5348
f 5887 5348 5359
f 5889 5875 5888
f 5889 5876 5875
f 5889 5877 5876
f 5889 5890 5877
f 5890 5878 5877
f 5890 5891 5878
f 5892 5354 5879
f 5892 5361 5354
f 5891 5879 5878
f 5891 5892 5879
f 5887 5359 5366
f 5887 5366 5899
f 5366 5365 5898
f 5366 5898 5899
f 5899 5898 5886
f 5899 5886 5887
f 5892 5367 5361
f 5892 5901 5367
f 5900 5892 5891
f 5900 5901 5892
f 5902 5368 5367
f 5902 5367 5901
f 5904 5903 5893
f 5904 5893 5894
f 5905 5373 5372
f 5905 5372 5904
f 5905 5904 5894
f 5905 5894 5895
f 5907 5896 5897
f 5907 5897 5908
f 5909 5898 5365
f 5909 5365 5376
f 5910 5898 5909
f 5910 5899 5898
f 5902 5377 5368
f 5902 5912 5377
f 5911 5902 5901
f 5911 5912 5902
f 5913 5378 5377
f 5913 5377 5912
f 5379 5378 5913
f 5379 5913 5914
f 5915 5380 5379
f 5915 5379 5914
f 5916 5904 5372
f 5916 5372 5381
f 5916 5381 5380
f 5916 5380 5915
f 5916 5915 5903
f 5916 5903 5904
f 5917 5373 5905
f 5917 5382 5373
f 5919 5918 5906
f 5919 5906 5907
f 5920 5385 5384
f 5920 5384 5919
f 5920 5919 5907
f 5920 5907 5908
f 5921 5909 5376
f 5921 5376 5386
f 5386 5385 5920
f 5386 5920 5921
f 5921 5920 5908
f 5921 5908 5909
f 5923 5913 5922
f 5923 5914 5913
f 5924 5382 5917
f 5924 5387 5382
f 5925 5388 5387
f 5925 5387 5924
f 5924 5917 5918
f 5924 5918 5925
f 5926 5919 5384
f 5926 5384 5389
f 5926 5925 5918
f 5926 5918 5919
f 5925 5390 5388
f 5925 5927 5390
f 5926 5389 5391
f 5926 5391 5928
f 5391 5390 5927
f 5391 5927 5928
f 5927 5925 5926
f 5927 5926 5928
f 5930 5392 5393
f 5930 5929 5392
f 5394 5930 5393
f 5394 5931 5930
f 5938 5395 5396
f 5938 5937 5395
f 5939 5392 5929
f 5939 5400 5392
f 5940 5401 5400
f 5940 5400 5939
f 5941 5931 5394
f 5941 5394 5402
f 5402 5401 5940
f 5402 5940 5941
f 5403 5941 5402
f 5403 5942 5941
f 5944 5404 5405
f 5944 5943 5404
f 5944 5932 5943
f 5944 5933 5932
f 5406 5944 5405
f 5406 5945 5944
f 5944 5934 5933
f 5944 5945 5934
f 5408 5949 5407
f 5408 5950 5949
f 5952 5935 5951
f 5952 5936 5935
f 5953 5395 5937
f 5953 5411 5395
f 5411 5952 5410
f 5411 5953 5952
f 5953 5936 5952
f 5953 5937 5936
f 5938 5396 5412
f 5938 5412 5954
f 5953 5937 5938
f 5953 5938 5954
f 5955 5412 5413
f 5955 5954 5412
f 5414 5955 5413
f 5414 5956 5955
f 5959 5416 5417
f 5959 5958 5416
f 5959 5939 5958
f 5959 5940 5939
f 5960 5402 5941
f 5960 5418 5402
f 5960 5417 5418
f 5960 5959 5417
f 5960 5940 5959
f 5960 5941 5940
f 5961 5942 5403
f 5961 5403 5419
f 5943 5420 5404
f 5943 5962 5420
f 5420 5961 5419
f 5420 5962 5961
f 5961 5943 5942
f 5961 5962 5943
f 5421 5420 5962
f 5421 5962 5963
f 5964 5945 5406
f 5964 5406 5422
f 5965 5422 5423
f 5965 5964 5422
f 5424 5965 5423
f 5424 5966 5965
f 5967 5946 5966
f 5967 5947 5946
f 5968 5425 5426
f 5968 5967 5425
f 5967 5948 5947
f 5967 5968 5948
f 5969 5407 5949
f 5969 5427 5407
f 5427 5968 5426
f 5427 5969 5968
f 5970 5950 5408
f 5970 5408 5428
f 5970 5428 5427
f 5970 5427 5969
f 5971 5428 5429
f 5971 5970 5428
f 5971 5950 5970
f 5971 5951 5950
f 5972 5410 5952
f 5972 5430 5410
f 5972 5429 5430
f 5972 5971 5429
f 5972 5951 5971
f 5972 5952 5951
f 5973 5953 5954
f 5973 5954 5974
f 5956 5414 5431
f 5956 5431 5975
f 5977 5416 5958
f 5977 5434 5416
f 5977 5433 5434
f 5977 5976 5433
f 5977 5957 5976
f 5977 5958 5957
f 5962 5420 5435
f 5962 5435 5978
f 5963 5436 5421
f 5963 5979 5436
f 5436 5978 5435
f 5436 5979 5978
f 5980 5966 5424
f 5980 5424 5437
f 5981 5425 5967
f 5981 5438 5425
f 5980 5967 5966
f 5980 5981 5967
f 5439 5438 5981
f 5439 5981 5982
f 5969 5427 5440
f 5969 5440 5983
f 5970 5441 5428
f 5970 5984 5441
f 5441 5983 5440
f 5441 5984 5983
f 5984 5969 5983
f 5984 5970 5969
f 5975 5431 5444
f 5975 5444 5987
f 5448 5988 5447
f 5448 5989 5988
f 5449 5989 5448
f 5449 5990 5989
f 5976 5450 5433
f 5976 5991 5450
f 5450 5990 5449
f 5450 5991 5990
f 5980 5437 5451
f 5980 5451 5993
f 5452 5993 5451
f 5452 5994 5993
f 5982 5453 5439
f 5982 5995 5453
f 5453 5994 5452
f 5453 5995 5994
f 5994 5982 5981
f 5994 5995 5982
f 5996 5995 5982
f 5996 5982 5983
f 5998 5455 5454
f 5998 5454 5997
f 5997 5984 5985
f 5997 5985 5998
f 5998 5985 5986
f 5998 5986 5999
f 6003 5987 5444
f 6003 5444 5457
f 6003 5457 5456
f 6003 5456 6002
f 5988 5460 5447
f 5988 6004 5460
f 6005 6004 5988
f 6005 5988 5989
f 6006 5991 5992
f 6006 5992 6007
f 5464 5463 6008
f 5464 6008 6009
f 6013 5466 5465
f 6013 5465 6012
f 6012 5995 5996
f 6012 5996 6013
f 6014 5997 5454
f 6014 5454 5467
f 6014 5467 5466
f 6014 5466 6013
f 6014 6013 5996
f 6014 5996 5997
f 6015 5455 5998
f 6015 5468 5455
f 6015 5998 5999
f 6015 5999 6016
f 6016 5999 6000
f 6016 6000 6017
f 5470 5469 6017
f 5470 6017 6018
f 6017 6000 6001
f 6017 6001 6018
f 6002 5456 5471
f 6002 5471 6019
f 6020 6002 6019
f 6020 6003 6002
f 6021 5472 5473
f 6021 6020 5472
f 6004 5474 5460
f 6004 6022 5474
f 5475 5474 6022
f 5475 6022 6023
f 6022 6004 6005
f 6022 6005 6023
f 5476 5475 6023
f 5476 6023 6024
f 5477 5476 6024
f 5477 6024 6025
f 5478 5477 6025
f 5478 6025 6026
f 6008 5463 5479
f 6008 5479 6027
f 6009 5480 5464
f 6009 6028 5480
f 6028 5479 5480
f 6028 6027 5479
f 6028 6008 6027
f 6028 6009 6008
f 6029 6010 6011
f 6029 6011 6030
f 5482 5481 6031
f 5482 6031 6032
f 6033 6012 5465
f 6033 5465 5483
f 6015 5486 5468
f 6015 6034 5486
f 6035 6034 6015
f 6035 6015 6016
f 6036 6017 5469
f 6036 5469 5487
f 6036 6035 6016
f 6036 6016 6017
f 6037 5470 6018
f 6037 5488 5470
f 6038 6019 5471
f 6038 5471 5489
f 6038 5489 5488
f 6038 5488 6037
f 6038 6037 6018
f 6038 6018 6019
f 6039 5472 6020
f 6039 5490 5472
f 6021 5473 5491
f 6021 5491 6040
f 6039 6020 6021
f 6039 6021 6040
f 6042 5478 6026
f 6042 5494 5478
f 5494 6041 5493
f 5494 6042 6041
f 6041 6026 6025
f 6041 6042 6026
f 6043 6042 6026
f 6043 6026 6027
f 6031 5481 5495
f 6031 5495 6045
f 6032 5496 5482
f 6032 6046 5496
f 6046 5495 5496
f 6046 6045 5495
f 6046 6031 6045
f 6046 6032 6031
f 5497 5496 6046
f 5497 6046 6047
f 6048 6033 5483
f 6048 5483 5499
f 6050 5500 5501
f 6050 6049 5500
f 6034 5502 5486
f 6034 6051 5502
f 6051 6034 6035
f 6051 6035 6052
f 6053 6036 5487
f 6053 5487 5504
f 6053 5504 5503
f 6053 5503 6052
f 6053 6052 6035
f 6053 6035 6036
f 6039 5507 5490
f 6039 6055 5507
f 5507 6054 5506
f 5507 6055 6054
f 6040 5491 5508
f 6040 5508 6056
f 6056 6055 6039
f 6056 6039 6040
f 6057 5493 6041
f 6057 5511 5493
f 6058 5512 5511
f 6058 5511 6057
f 6059 5513 5512
f 6059 5512 6058
f 6062 6061 6044
f 6062 6044 6045
f 6046 5496 5514
f 6046 5514 6063
f 6047 5515 5497
f 6047 6064 5515
f 5515 6063 5514
f 5515 6064 6063
f 6063 6047 6046
f 6063 6064 6047
f 6065 6048 5499
f 6065 5499 5517
f 6049 5518 5500
f 6049 6066 5518
f 6065 6049 6048
f 6065 6066 6049
f 6050 5501 5519
f 6050 5519 6067
f 6068 5502 6051
f 6068 5520 5502
f 6069 6052 5503
f 6069 5503 5521
f 5521 5520 6068
f 5521 6068 6069
f 6069 6068 6051
f 6069 6051 6052
f 6054 5524 5506
f 6054 6071 5524
f 5524 6070 5523
f 5524 6071 6070
f 6072 6071 6054
f 6072 6054 6055
f 6056 5508 5525
f 6056 5525 6073
f 6072 6055 6056
f 6072 6056 6073
f 6074 5525 5526
f 6074 6073 5525
f 6076 5527 5528
f 6076 6075 5527
f 6075 6058 6057
f 6075 6076 6058
f 6059 5529 5513
f 6059 6077 5529
f 6077 5528 5529
f 6077 6076 5528
f 6076 6059 6058
f 6076 6077 6059
f 6079 6078 6060
f 6079 6060 6061
f 6081 6065 5517
f 6081 5517 5531
f 6082 5518 6066
f 6082 5532 5518
f 5532 6081 5531
f 5532 6082 6081
f 6082 6065 6081
f 6082 6066 6065
f 6083 6067 5519
f 6083 5519 5533
f 6070 5537 5523
f 6070 6084 5537
f 5538 5537 6084
f 5538 6084 6085
f 6074 5526 5540
f 6074 5540 6087
f 6087 5540 5539
f 6087 5539 6086
f 6086 6073 6074
f 6086 6074 6087
f 6088 5527 6075
f 6088 5541 5527
f 6089 5542 5541
f 6089 5541 6088
f 5544 5543 6090
f 5544 6090 6091
f 6091 6079 6080
f 6091 6080 6092
f 6093 5546 5545
f 6093 5545 6092
f 6083 5533 5548
f 6083 5548 6096
f 6097 5548 5549
f 6097 6096 5548
f 6098 5549 5550
f 6098 6097 5549
f 5552 6099 5551
f 5552 6100 6099
f 6085 5553 5538
f 6085 6101 5553
f 5553 6100 5552
f 5553 6101 6100
f 6101 6084 6100
f 6101 6085 6084
f 6103 6086 5539
f 6103 5539 5554
f 6104 5542 6089
f 6104 5556 5542
f 5557 5556 6104
f 5557 6104 6105
f 6090 5543 5558
f 6090 5558 6107
f 6108 5544 6091
f 6108 5559 5544
f 5559 6107 5558
f 5559 6108 6107
f 6109 6092 5545
f 6109 5545 5560
f 6093 5561 5546
f 6093 6110 5561
f 6110 5560 5561
f 6110 6109 5560
f 6109 6093 6092
f 6109 6110 6093
f 6112 5563 5562
f 6112 5562 6111
f 6113 6094 6095
f 6113 6095 6114
f 6115 6096 6097
f 6115 6097 6116
f 6098 5550 5567
f 6098 5567 6117
f 6116 6097 6098
f 6116 6098 6117
f 6099 5568 5551
f 6099 6118 5568
f 6118 5567 5568
f 6118 6117 5567
f 5569 5568 6118
f 5569 6118 6119
f 6119 6118 6099
f 6119 6099 6100
f 6103 5554 5572
f 6103 5572 6122
f 6122 5572 5571
f 6122 5571 6121
f 6122 6121 6102
f 6122 6102 6103
f 6124 5557 6105
f 6124 5574 5557
f 5575 5574 6124
f 5575 6124 6125
f 6124 6105 6106
f 6124 6106 6125
f 6126 5576 5575
f 6126 5575 6125
f 6127 6108 6109
f 6127 6109 6128
f 5579 5578 6128
f 5579 6128 6129
f 6111 5562 5580
f 6111 5580 6130
f 6131 5563 6112
f 6131 5581 5563
f 6131 5580 5581
f 6131 6130 5580
f 6131 6111 6130
f 6131 6112 6111
f 5584 5583 6132
f 5584 6132 6133
f 6132 6115 6116
f 6132 6116 6133
f 6134 6133 6116
f 6134 6116 6117
f 6118 5568 5586
f 6118 5586 6135
f 6135 6134 6117
f 6135 6117 6118
f 6136 5569 6119
f 6136 5587 5569
f 6136 5586 5587
f 6136 6135 5586
f 6136 6119 6120
f 6136 6120 6137
f 6138 6121 5571
f 6138 5571 5589
f 6139 6121 6138
f 6139 6122 6121
f 6139 6123 6122
f 6139 6140 6123
f 6126 5593 5576
f 6126 6142 5593
f 6141 6126 6125
f 6141 6142 6126
f 6143 5594 5593
f 6143 5593 6142
f 6144 6128 5578
f 6144 5578 5595
f 6145 5579 6129
f 6145 5596 5579
f 5596 6144 5595
f 5596 6145 6144
f 6144 6129 6128
f 6144 6145 6129
f 6146 6145 6129
f 6146 6129 6130
f 6147 6132 5583
f 6147 5583 5600
f 6148 5584 6133
f 6148 5601 5584
f 5601 6147 5600
f 5601 6148 6147
f 6148 6132 6147
f 6148 6133 6132
f 6138 5589 5604
f 6138 5604 6152
f 5604 5603 6151
f 5604 6151 6152
f 6143 5607 5594
f 6143 6154 5607
f 6153 6143 6142
f 6153 6154 6143
f 6155 5608 5607
f 6155 5607 6154
f 6156 5609 5608
f 6156 5608 6155
f 6157 6149 6150
f 6157 6150 6158
f 6151 5603 5616
f 6151 5616 6159
f 6160 5616 5617
f 6160 6159 5616
f 6160 6151 6159
f 6160 6152 6151
f 6162 6153 6161
f 6162 6154 6153
f 6162 6155 6154
f 6162 6163 6155
f 6164 5609 6156
f 6164 5618 5609
f 6163 6156 6155
f 6163 6164 6156
f 6165 5619 5618
f 6165 5618 6164
f 6160 5617 5625
f 6160 5625 6169
f 5625 5624 6168
f 5625 6168 6169
f 6168 6159 6160
f 6168 6160 6169
f 6170 6164 6163
f 6170 6171 6164
f 6165 5627 5619
f 6165 6172 5627
f 6171 6165 6164
f 6171 6172 6165
f 6173 5628 5627
f 6173 5627 6172
f 6176 6175 6166
f 6176 6166 6167
f 6179 5636 5635
f 6179 5635 6178
f 6180 6168 5624
f 6180 5624 5637
f 6181 6168 6180
f 6181 6169 6168
f 6173 5638 5628
f 6173 6183 5638
f 6182 6173 6172
f 6182 6183 6173
f 6184 5639 5638
f 6184 5638 6183
f 6186 5641 5640
f 6186 5640 6185
f 5642 5641 6186
f 5642 6186 6187
f 6187 6186 6174
f 6187 6174 6175
f 5643 5642 6187
f 5643 6187 6188
f 6190 6178 5635
f 6190 5635 5645
f 6190 6189 6177
f 6190 6177 6178
f 6179 5646 5636
f 6179 6191 5646
f 6192 6180 5637
f 6192 5637 5647
f 5647 5646 6191
f 5647 6191 6192
f 6194 6182 6193
f 6194 6183 6182
f 6184 5648 5639
f 6184 6195 5648
f 6185 5640 5649
f 6185 5649 6196
f 6196 5649 5648
f 6196 5648 6195
f 6188 5650 5643
f 6188 6197 5650
f 6198 6197 6188
f 6198 6188 6189
f 6190 5645 5652
f 6190 5652 6199
f 6199 6198 6189
f 6199 6189 6190
f 6197 5653 5650
f 6197 6200 5653
f 6201 5654 5653
f 6201 5653 6200
f 6201 6200 6197
f 6201 6197 6198
f 6199 5652 5655
f 6199 5655 6202
f 6202 5655 5654
f 6202 5654 6201
f 6202 6201 6198
f 6202 6198 6199
f 5657 6203 5656
f 5657 6204 6203
f 5659 6206 5658
f 5659 6207 6206
f 6208 5659 5660
f 6208 6207 5659
f 5661 6208 5660
f 5661 6209 6208
f 6203 5662 5656
f 6203 6210 5662
f 6211 6204 5657
f 6211 5657 5663
f 6211 6210 6203
f 6211 6203 6204
f 6212 5663 5664
f 6212 6211 5663
f 6211 6205 6204
f 6211 6212 6205
f 6214 5665 5666
f 6214 6213 5665
f 6215 5666 5667
f 6215 6214 5666
f 6206 5670 5658
f 6206 6216 5670
f 5671 5670 6216
f 5671 6216 6217
f 6216 6206 6207
f 6216 6207 6217
f 6218 6217 6207
f 6218 6207 6208
f 6209 5661 5673
f 6209 5673 6219
f 6218 6208 6209
f 6218 6209 6219
f 6220 5662 6210
f 6220 5674 5662
f 5674 6219 5673
f 5674 6220 6219
f 6222 6212 5664
f 6222 5664 5676
f 5677 6222 5676
f 5677 6223 6222
f 6225 5678 5679
f 6225 6224 5678
f 5680 6225 5679
f 5680 6226 6225
f 5681 6226 5680
f 5681 6227 6226
f 5682 6227 5681
f 5682 6228 6227
f 6229 5665 6213
f 6229 5683 5665
f 6229 5682 5683
f 6229 6228 5682
f 6230 6229 6213
f 6230 6213 6214
f 6215 5667 5685
f 6215 5685 6231
f 6230 6214 6215
f 6230 6215 6231
f 6233 5686 5687
f 6233 6232 5686
f 6234 5687 5688
f 6234 6233 5687
f 5691 6235 5690
f 5691 6236 6235
f 6217 5692 5671
f 6217 6237 5692
f 6237 5691 5692
f 6237 6236 5691
f 6238 6219 6220
f 6238 6220 6239
f 6240 5695 5694
f 6240 5694 6239
f 6239 6220 6221
f 6239 6221 6240
f 6241 6240 6221
f 6241 6221 6222
f 6223 5677 5696
f 6223 5696 6242
f 6241 6222 6223
f 6241 6223 6242
f 6243 5678 6224
f 6243 5697 5678
f 6243 5696 5697
f 6243 6242 5696
f 6243 6223 6242
f 6243 6224 6223
f 6244 6243 6224
f 6244 6224 6225
f 6245 6244 6225
f 6245 6225 6226
f 6231 5685 5704
f 6231 5704 6248
f 6232 5705 5686
f 6232 6249 5705
f 6249 5704 5705
f 6249 6248 5704
f 6234 5688 5706
f 6234 5706 6251
f 6250 6233 6234
f 6250 6234 6251
f 6252 5690 6235
f 6252 5708 5690
f 6253 6252 6235
f 6253 6235 6236
f 6239 5694 5710
f 6239 5710 6254
f 6240 5711 5695
f 6240 6255 5711
f 5711 6254 5710
f 5711 6255 6254
f 6256 6255 6240
f 6256 6240 6241
f 6256 6241 6242
f 6256 6242 6257
f 6259 5713 5712
f 6259 5712 6258
f 5715 5714 6260
f 5715 6260 6261
f 6262 5716 5715
f 6262 5715 6261
f 5717 5716 6262
f 5717 6262 6263
f 5718 5717 6263
f 5718 6263 6264
f 6263 6246 6247
f 6263 6247 6264
f 6266 5720 5719
f 6266 5719 6265
f 6251 5706 5722
f 6251 5722 6268
f 5725 6269 5724
f 5725 6270 6269
f 6271 5708 6252
f 6271 5726 5708
f 5726 6270 5725
f 5726 6271 6270
f 5727 5726 6271
f 5727 6271 6272
f 6274 6273 6254
f 6274 6254 6255
f 6258 5712 5728
f 6258 5728 6276
f 6275 6257 6258
f 6275 6258 6276
f 6259 5729 5713
f 6259 6277 5729
f 6277 5728 5729
f 6277 6276 5728
f 6277 6258 6276
f 6277 6259 6258
f 6260 5714 5730
f 6260 5730 6278
f 6279 6260 6278
f 6279 6261 6260
f 6280 5718 6264
f 6280 5734 5718
f 6281 6265 5719
f 6281 5719 5735
f 5735 5734 6280
f 5735 6280 6281
f 6280 6264 6265
f 6280 6265 6281
f 6266 5736 5720
f 6266 6282 5736
f 6284 6268 5722
f 6284 5722 5738
f 6284 6283 6267
f 6284 6267 6268
f 6285 5724 6269
f 6285 5740 5724
f 6271 5726 5741
f 6271 5741 6286
f 6272 5742 5727
f 6272 6287 5742
f 5742 6286 5741
f 5742 6287 6286
f 6286 6272 6271
f 6286 6287 6272
f 5744 5743 6288
f 5744 6288 6289
f 5746 5745 6290
f 5746 6290 6291
f 6278 5730 5747
f 6278 5747 6292
f 6294 5736 6282
f 6294 5753 5736
f 5754 5753 6294
f 5754 6294 6295
f 6294 6282 6283
f 6294 6283 6295
f 6296 6284 5738
f 6296 5738 5755
f 6296 5755 5754
f 6296 5754 6295
f 6295 6283 6284
f 6295 6284 6296
f 6285 5757 5740
f 6285 6297 5757
f 5758 5757 6297
f 5758 6297 6298
f 6299 5759 5758
f 6299 5758 6298
f 6300 6288 5743
f 6300 5743 5761
f 6301 5744 6289
f 6301 5762 5744
f 5762 6300 5761
f 5762 6301 6300
f 6300 6289 6288
f 6300 6301 6289
f 6290 5745 5763
f 6290 5763 6302
f 6291 5764 5746
f 6291 6303 5764
f 5764 6302 5763
f 5764 6303 6302
f 6302 6291 6290
f 6302 6303 6291
f 6306 6292 5747
f 6306 5747 5767
f 6306 6293 6292
f 6306 6307 6293
f 5769 6307 5768
f 5769 6308 6307
f 6299 5777 5759
f 6299 6310 5777
f 6309 6299 6298
f 6309 6310 6299
f 6313 6304 6305
f 6313 6305 6314
f 6315 6306 5767
f 6315 5767 5783
f 6316 5768 6307
f 6316 5784 5768
f 5784 6315 5783
f 5784 6316 6315
f 6315 6307 6306
f 6315 6316 6307
f 6317 6308 5769
f 6317 5769 5785
f 6316 6307 6308
f 6316 6308 6317
f 6310 5792 5777
f 6310 6318 5792
f 5795 5794 6319
f 5795 6319 6320
f 6321 6311 6312
f 6321 6312 6322
f 6323 6317 5785
f 6323 5785 5798
f 5803 6324 5802
f 5803 6325 6324
f 5804 6325 5803
f 5804 6326 6325
f 6327 5804 5805
f 6327 6326 5804
f 6318 5807 5792
f 6318 6328 5807
f 6329 5808 5807
f 6329 5807 6328
f 6319 5794 5809
f 6319 5809 6330
f 6320 5810 5795
f 6320 6331 5810
f 5810 6330 5809
f 5810 6331 6330
f 6330 6320 6319
f 6330 6331 6320
f 6323 5798 5813
f 6323 5813 6332
f 6333 5802 6324
f 6333 5814 5802
f 5815 5814 6333
f 5815 6333 6334
f 6334 6333 6324
f 6334 6324 6325
f 6327 5805 5816
f 6327 5816 6336
f 6335 6326 6327
f 6335 6327 6336
f 6329 5818 5808
f 6329 6338 5818
f 6337 6329 6328
f 6337 6338 6329
f 5820 5819 6340
f 5820 6340 6341
f 6344 5822 5821
f 6344 5821 6343
f 6332 5813 5823
f 6332 5823 6345
f 6346 5815 6334
f 6346 5828 5815
f 6346 6334 6335
f 6346 6335 6347
f 6336 5816 5829
f 6336 5829 6348
f 6348 6347 6335
f 6348 6335 6336
f 6349 5818 6338
f 6349 5830 5818
f 5831 5830 6349
f 5831 6349 6350
f 6349 6338 6339
f 6349 6339 6350
f 5832 5831 6350
f 5832 6350 6351
f 6340 5819 5833
f 6340 5833 6352
f 6353 5820 6341
f 6353 5834 5820
f 6353 5833 5834
f 6353 6352 5833
f 6353 6340 6352
f 6353 6341 6340
f 6354 5835 5834
f 6354 5834 6353
f 6356 6343 5821
f 6356 5821 5836
f 6355 6342 6343
f 6355 6343 6356
f 6357 5822 6344
f 6357 5837 5822
f 6356 6344 6343
f 6356 6357 6344
f 6345 5823 5838
f 6345 5838 6359
f 5841 6360 5840
f 5841 6361 6360
f 5842 6361 5841
f 5842 6362 6361
f 6346 5843 5828
f 6346 6363 5843
f 6364 6363 6346
f 6364 6346 6347
f 6365 6348 5829
f 6365 5829 5845
f 5846 6365 5845
f 5846 6366 6365
f 6351 5847 5832
f 6351 6368 5847
f 6367 6351 6350
f 6367 6368 6351
f 6369 6368 6351
f 6369 6351 6352
f 6370 6353 5834
f 6370 5834 5849
f 6371 5835 6354
f 6371 5850 5835
f 6371 5849 5850
f 6371 6370 5849
f 6370 6354 6353
f 6370 6371 6354
f 6374 6356 5836
f 6374 5836 5851
f 6357 5852 5837
f 6357 6375 5852
f 5852 6374 5851
f 5852 6375 6374
f 6374 6357 6356
f 6374 6375 6357
f 5853 5852 6375
f 5853 6375 6376
f 6377 6359 5838
f 6377 5838 5854
f 6377 6376 6358
f 6377 6358 6359
f 6378 5854 5855
f 6378 6377 5854
f 6360 5856 5840
f 6360 6379 5856
f 5856 6378 5855
f 5856 6379 6378
f 6380 6379 6360
f 6380 6360 6361
f 6362 5842 5857
f 6362 5857 6381
f 6363 5858 5843
f 6363 6382 5858
f 5858 6381 5857
f 5858 6382 6381
f 6382 6363 6364
f 6382 6364 6383
f 6384 5860 5859
f 6384 5859 6383
f 6385 6366 5846
f 6385 5846 5861
f 5861 5860 6384
f 5861 6384 6385
f 6386 5847 6368
f 6386 5862 5847
f 6387 5863 5862
f 6387 5862 6386
f 6386 6368 6369
f 6386 6369 6387
f 6388 6372 6373
f 6388 6373 6389
f 5866 5865 6390
f 5866 6390 6391
f 6375 5852 5867
f 6375 5867 6392
f 6393 5853 6376
f 6393 5868 5853
f 6393 5867 5868
f 6393 6392 5867
f 6392 6376 6375
f 6392 6393 6376
f 6394 5869 5868
f 6394 5868 6393
f 6396 6395 6378
f 6396 6378 6379
f 5872 5871 6397
f 5872 6397 6398
f 6399 6398 6381
f 6399 6381 6382
f 6383 5859 5873
f 6383 5873 6400
f 6400 6399 6382
f 6400 6382 6383
f 6387 5875 5863
f 6387 6401 5875
f 6390 5865 5880
f 6390 5880 6406
f 6391 5881 5866
f 6391 6407 5881
f 5881 6406 5880
f 5881 6407 6406
f 6406 6391 6390
f 6406 6407 6391
f 6393 5868 5882
f 6393 5882 6409
f 6394 5883 5869
f 6394 6410 5883
f 6410 5882 5883
f 6410 6409 5882
f 6409 6394 6393
f 6409 6410 6394
f 6411 6410 6394
f 6411 6394 6395
f 6397 5871 5884
f 6397 5884 6412
f 6413 5872 6398
f 6413 5885 5872
f 5885 6412 5884
f 5885 6413 6412
f 6413 6397 6412
f 6413 6398 6397
f 6414 6413 6398
f 6414 6398 6399
f 6415 6400 5873
f 6415 5873 5887
f 6415 5887 5886
f 6415 5886 6414
f 6415 6414 6399
f 6415 6399 6400
f 6401 5888 5875
f 6401 6416 5888
f 6417 5889 5888
f 6417 5888 6416
f 6418 5890 5889
f 6418 5889 6417
f 6418 6417 6402
f 6418 6402 6403
f 6419 5891 5890
f 6419 5890 6418
f 6418 6403 6404
f 6418 6404 6419
f 6419 6404 6405
f 6419 6405 6420
f 6423 6422 6408
f 6423 6408 6409
f 6424 5894 5893
f 6424 5893 6423
f 6424 6423 6409
f 6424 6409 6410
f 5895 5894 6424
f 5895 6424 6425
f 6424 6410 6411
f 6424 6411 6425
f 5897 5896 6427
f 5897 6427 6428
f 6429 6414 5886
f 6429 5886 5898
f 6428 6413 6414
f 6428 6414 6429
f 6430 5898 5899
f 6430 6429 5898
f 6431 5891 6419
f 6431 5900 5891
f 6432 5901 5900
f 6432 5900 6431
f 6431 6419 6420
f 6431 6420 6432
f 6432 6420 6421
f 6432 6421 6433
f 6436 6423 5893
f 6436 5893 5903
f 6437 5895 6425
f 6437 5905 5895
f 6437 6425 6426
f 6437 6426 6438
f 6439 6427 5896
f 6439 5896 5907
f 6439 5907 5906
f 6439 5906 6438
f 6439 6438 6426
f 6439 6426 6427
f 6440 5897 6428
f 6440 5908 5897
f 5909 5908 6440
f 5909 6440 6441
f 6440 6428 6429
f 6440 6429 6441
f 6430 5899 5910
f 6430 5910 6442
f 5910 5909 6441
f 5910 6441 6442
f 6441 6429 6430
f 6441 6430 6442
f 6432 5911 5901
f 6432 6443 5911
f 6444 5912 5911
f 6444 5911 6443
f 6443 6432 6433
f 6443 6433 6444
f 6445 5913 5912
f 6445 5912 6444
f 6444 6433 6434
f 6444 6434 6445
f 6445 6434 6435
f 6445 6435 6446
f 6447 6436 5903
f 6447 5903 5915
f 6447 5915 5914
f 6447 5914 6446
f 6448 5905 6437
f 6448 5917 5905
f 6449 6438 5906
f 6449 5906 5918
f 5918 5917 6448
f 5918 6448 6449
f 6449 6448 6437
f 6449 6437 6438
f 6450 5913 6445
f 6450 5922 5913
f 6451 6446 5914
f 6451 5914 5923
f 5923 5922 6450
f 5923 6450 6451
f 6451 6450 6445
f 6451 6445 6446
f 5930 6452 5929
f 5930 6453 6452
f 6454 5930 5931
f 6454 6453 5930
f 5933 6455 5932
f 5933 6456 6455
f 5934 6456 5933
f 5934 6457 6456
f 6459 5935 5936
f 6459 6458 5935
f 6460 5936 5937
f 6460 6459 5936
f 6452 5939 5929
f 6452 6461 5939
f 6461 6452 6453
f 6461 6453 6462
f 6454 5931 5941
f 6454 5941 6463
f 6462 6453 6454
f 6462 6454 6463
f 5942 6463 5941
f 5942 6464 6463
f 6465 5932 6455
f 6465 5943 5932
f 5943 6464 5942
f 5943 6465 6464
f 6467 6457 5934
f 6467 5934 5945
f 6469 5946 5947
f 6469 6468 5946
f 6470 5947 5948
f 6470 6469 5947
f 6472 5949 5950
f 6472 6471 5949
f 6458 5951 5935
f 6458 6473 5951
f 5951 6472 5950
f 5951 6473 6472
f 6474 6473 6458
f 6474 6458 6459
f 6460 5937 5953
f 6460 5953 6475
f 6474 6459 6460
f 6474 6460 6475
f 5955 6476 5954
f 5955 6477 6476
f 6478 5955 5956
f 6478 6477 5955
f 6461 5958 5939
f 6461 6480 5958
f 6480 5957 5958
f 6480 6479 5957
f 6481 6480 6461
f 6481 6461 6462
f 6482 6464 6465
f 6482 6465 6483
f 5963 5962 6483
f 5963 6483 6484
f 6483 6465 6466
f 6483 6466 6484
f 6467 5945 5964
f 6467 5964 6485
f 6485 6484 6466
f 6485 6466 6467
f 6486 5964 5965
f 6486 6485 5964
f 6487 5946 6468
f 6487 5966 5946
f 6487 5965 5966
f 6487 6486 5965
f 6488 6487 6468
f 6488 6468 6469
f 6470 5948 5968
f 6470 5968 6489
f 6488 6469 6470
f 6488 6470 6489
f 6490 5949 6471
f 6490 5969 5949
f 6490 5968 5969
f 6490 6489 5968
f 6492 6491 6472
f 6492 6472 6473
f 6475 5953 5973
f 6475 5973 6493
f 6476 5974 5954
f 6476 6494 5974
f 5974 6493 5973
f 5974 6494 6493
f 6495 6494 6476
f 6495 6476 6477
f 6478 5956 5975
f 6478 5975 6496
f 6496 6495 6477
f 6496 6477 6478
f 6497 5957 6479
f 6497 5976 5957
f 6498 6497 6479
f 6498 6479 6480
f 6499 6498 6480
f 6499 6480 6481
f 6483 5962 5978
f 6483 5978 6501
f 6500 6482 6483
f 6500 6483 6501
f 6484 5979 5963
f 6484 6502 5979
f 5979 6501 5978
f 5979 6502 6501
f 6502 6484 6485
f 6502 6485 6503
f 6506 5981 5980
f 6506 5980 6505
f 5983 5982 6507
f 5983 6507 6508
f 5985 5984 6509
f 5985 6509 6510
f 5986 5985 6510
f 5986 6510 6511
f 6496 5975 5987
f 6496 5987 6514
f 6513 6495 6496
f 6513 6496 6514
f 5990 6515 5989
f 5990 6516 6515
f 6497 5991 5976
f 6497 6517 5991
f 6517 5990 5991
f 6517 6516 5990
f 6518 5992 5991
f 6518 5991 6517
f 6519 6501 6502
f 6519 6502 6520
f 6521 6503 6504
f 6521 6504 6522
f 6505 5980 5993
f 6505 5993 6523
f 6523 6522 6504
f 6523 6504 6505
f 6506 5994 5981
f 6506 6524 5994
f 6524 5993 5994
f 6524 6523 5993
f 6524 6505 6523
f 6524 6506 6505
f 6507 5982 5995
f 6507 5995 6525
f 6508 5996 5983
f 6508 6526 5996
f 6526 6507 6525
f 6526 6508 6507
f 6527 6509 5984
f 6527 5984 5997
f 6527 5997 5996
f 6527 5996 6526
f 6527 6526 6508
f 6527 6508 6509
f 6528 5986 6511
f 6528 5999 5986
f 6000 5999 6528
f 6000 6528 6529
f 6528 6511 6512
f 6528 6512 6529
f 6001 6000 6529
f 6001 6529 6530
f 6514 5987 6003
f 6514 6003 6532
f 6532 6531 6513
f 6532 6513 6514
f 6515 6005 5989
f 6515 6533 6005
f 6517 5991 6006
f 6517 6006 6535
f 6534 6516 6517
f 6534 6517 6535
f 6518 6007 5992
f 6518 6536 6007
f 6536 6006 6007
f 6536 6535 6006
f 6535 6518 6517
f 6535 6536 6518
f 6011 6010 6537
f 6011 6537 6538
f 6540 6539 6522
f 6540 6522 6523
f 6525 5995 6012
f 6525 6012 6541
f 6542 6001 6530
f 6542 6018 6001
f 6019 6018 6542
f 6019 6542 6543
f 6542 6530 6531
f 6542 6531 6543
f 6544 6532 6003
f 6544 6003 6020
f 6544 6020 6019
f 6544 6019 6543
f 6543 6531 6532
f 6543 6532 6544
f 6533 6023 6005
f 6533 6545 6023
f 6024 6023 6545
f 6024 6545 6546
f 6547 6025 6024
f 6547 6024 6546
f 6549 6027 6026
f 6549 6026 6548
f 6537 6010 6029
f 6537 6029 6550
f 6538 6030 6011
f 6538 6551 6030
f 6030 6550 6029
f 6030 6551 6550
f 6550 6538 6537
f 6550 6551 6538
f 6554 6541 6012
f 6554 6012 6033
f 6555 6546 6545
f 6555 6556 6546
f 6547 6041 6025
f 6547 6557 6041
f 6557 6546 6556
f 6557 6547 6546
f 6558 6548 6026
f 6558 6026 6042
f 6549 6043 6027
f 6549 6559 6043
f 6043 6558 6042
f 6043 6559 6558
f 6558 6549 6548
f 6558 6559 6549
f 6561 6045 6044
f 6561 6044 6560
f 6562 6552 6553
f 6562 6553 6563
f 6564 6554 6033
f 6564 6033 6048
f 6565 6048 6049
f 6565 6564 6048
f 6566 6049 6050
f 6566 6565 6049
f 6557 6057 6041
f 6557 6568 6057
f 6567 6557 6556
f 6567 6568 6557
f 6570 6560 6044
f 6570 6044 6061
f 6061 6060 6569
f 6061 6569 6570
f 6561 6062 6045
f 6561 6571 6062
f 6062 6570 6061
f 6062 6571 6570
f 6571 6560 6570
f 6571 6561 6560
f 6572 6566 6050
f 6572 6050 6067
f 6071 6573 6070
f 6071 6574 6573
f 6072 6574 6071
f 6072 6575 6574
f 6576 6072 6073
f 6576 6575 6072
f 6578 6057 6568
f 6578 6075 6057
f 6577 6568 6567
f 6577 6578 6568
f 6569 6060 6078
f 6569 6078 6579
f 6570 6079 6061
f 6570 6580 6079
f 6580 6078 6079
f 6580 6579 6078
f 6580 6569 6579
f 6580 6570 6569
f 6581 6080 6079
f 6581 6079 6580
f 6583 6572 6067
f 6583 6067 6083
f 6573 6084 6070
f 6573 6584 6084
f 6585 6584 6573
f 6585 6573 6574
f 6576 6073 6086
f 6576 6086 6587
f 6586 6575 6576
f 6586 6576 6587
f 6578 6088 6075
f 6578 6588 6088
f 6089 6088 6588
f 6089 6588 6589
f 6592 6580 6079
f 6592 6079 6091
f 6091 6090 6591
f 6091 6591 6592
f 6592 6591 6579
f 6592 6579 6580
f 6593 6080 6581
f 6593 6092 6080
f 6593 6091 6092
f 6593 6592 6091
f 6592 6581 6580
f 6592 6593 6581
f 6095 6094 6594
f 6095 6594 6595
f 6597 6583 6083
f 6597 6083 6096
f 6596 6582 6583
f 6596 6583 6597
f 6598 6084 6584
f 6598 6100 6084
f 6599 6598 6584
f 6599 6584 6585
f 6599 6585 6586
f 6599 6586 6600
f 6587 6086 6103
f 6587 6103 6601
f 6601 6103 6102
f 6601 6102 6600
f 6601 6600 6586
f 6601 6586 6587
f 6589 6104 6089
f 6589 6603 6104
f 6602 6589 6588
f 6602 6603 6589
f 6604 6105 6104
f 6604 6104 6603
f 6603 6589 6590
f 6603 6590 6604
f 6106 6105 6604
f 6106 6604 6605
f 6591 6090 6107
f 6591 6107 6606
f 6607 6091 6592
f 6607 6108 6091
f 6607 6107 6108
f 6607 6606 6107
f 6109 6108 6607
f 6109 6607 6608
f 6594 6094 6113
f 6594 6113 6610
f 6595 6114 6095
f 6595 6611 6114
f 6114 6610 6113
f 6114 6611 6610
f 6610 6595 6594
f 6610 6611 6595
f 6597 6096 6115
f 6597 6115 6613
f 6614 6100 6598
f 6614 6119 6100
f 6120 6119 6614
f 6120 6614 6615
f 6614 6598 6599
f 6614 6599 6615
f 6616 6600 6102
f 6616 6102 6121
f 6616 6615 6599
f 6616 6599 6600
f 6617 6121 6122
f 6617 6616 6121
f 6616 6601 6600
f 6616 6617 6601
f 6123 6617 6122
f 6123 6618 6617
f 6620 6106 6605
f 6620 6125 6106
f 6619 6605 6604
f 6619 6620 6605
f 6621 6620 6605
f 6621 6605 6606
f 6622 6607 6108
f 6622 6108 6127
f 6608 6128 6109
f 6608 6623 6128
f 6623 6127 6128
f 6623 6622 6127
f 6622 6608 6607
f 6622 6623 6608
f 6623 6608 6609
f 6623 6609 6624
f 6625 6130 6129
f 6625 6129 6624
f 6627 6613 6115
f 6627 6115 6132
f 6626 6612 6613
f 6626 6613 6627
f 6628 6132 6133
f 6628 6627 6132
f 6134 6628 6133
f 6134 6629 6628
f 6630 6134 6135
f 6630 6629 6134
f 6136 6630 6135
f 6136 6631 6630
f 6615 6137 6120
f 6615 6632 6137
f 6137 6631 6136
f 6137 6632 6631
f 6633 6632 6615
f 6633 6615 6616
f 6634 6139 6138
f 6634 6138 6633
f 6618 6123 6140
f 6618 6140 6635
f 6635 6140 6139
f 6635 6139 6634
f 6634 6617 6618
f 6634 6618 6635
f 6620 6141 6125
f 6620 6636 6141
f 6637 6142 6141
f 6637 6141 6636
f 6638 6624 6129
f 6638 6129 6145
f 6625 6146 6130
f 6625 6639 6146
f 6146 6638 6145
f 6146 6639 6638
f 6150 6149 6642
f 6150 6642 6643
f 6644 6643 6631
f 6644 6631 6632
f 6645 6633 6138
f 6645 6138 6152
f 6645 6644 6632
f 6645 6632 6633
f 6637 6153 6142
f 6637 6646 6153
f 6653 6652 6640
f 6653 6640 6641
f 6642 6149 6157
f 6642 6157 6654
f 6655 6150 6643
f 6655 6158 6150
f 6158 6654 6157
f 6158 6655 6654
f 6655 6642 6654
f 6655 6643 6642
f 6656 6655 6643
f 6656 6643 6644
f 6657 6645 6152
f 6657 6152 6160
f 6657 6160 6159
f 6657 6159 6656
f 6657 6656 6644
f 6657 6644 6645
f 6646 6161 6153
f 6646 6658 6161
f 6659 6162 6161
f 6659 6161 6658
f 6660 6163 6162
f 6660 6162 6659
f 6660 6659 6647
f 6660 6647 6648
f 6660 6648 6649
f 6660 6649 6661
f 6665 6664 6650
f 6665 6650 6651
f 6666 6665 6651
f 6666 6651 6652
f 6167 6166 6666
f 6167 6666 6667
f 6666 6652 6653
f 6666 6653 6667
f 6656 6159 6168
f 6656 6168 6671
f 6670 6655 6656
f 6670 6656 6671
f 6672 6168 6169
f 6672 6671 6168
f 6673 6163 6660
f 6673 6170 6163
f 6171 6170 6673
f 6171 6673 6674
f 6673 6660 6661
f 6673 6661 6674
f 6675 6172 6171
f 6675 6171 6674
f 6674 6661 6662
f 6674 6662 6675
f 6675 6662 6663
f 6675 6663 6676
f 6678 6664 6665
f 6678 6665 6679
f 6680 6666 6166
f 6680 6166 6175
f 6680 6175 6174
f 6680 6174 6679
f 6679 6665 6666
f 6679 6666 6680
f 6681 6167 6667
f 6681 6176 6167
f 6176 6680 6175
f 6176 6681 6680
f 6681 6667 6668
f 6681 6668 6682
f 6683 6178 6177
f 6683 6177 6682
f 6683 6682 6668
f 6683 6668 6669
f 6179 6178 6683
f 6179 6683 6684
f 6683 6669 6670
f 6683 6670 6684
f 6684 6670 6671
f 6684 6671 6685
f 6672 6169 6181
f 6672 6181 6686
f 6181 6180 6685
f 6181 6685 6686
f 6685 6671 6672
f 6685 6672 6686
f 6675 6182 6172
f 6675 6687 6182
f 6687 6675 6676
f 6687 6676 6688
f 6184 6183 6688
f 6184 6688 6689
f 6688 6676 6677
f 6688 6677 6689
f 6691 6679 6174
f 6691 6174 6186
f 6691 6186 6185
f 6691 6185 6690
f 6692 6175 6680
f 6692 6187 6175
f 6188 6187 6692
f 6188 6692 6693
f 6692 6680 6681
f 6692 6681 6693
f 6694 6682 6177
f 6694 6177 6189
f 6694 6189 6188
f 6694 6188 6693
f 6694 6693 6681
f 6694 6681 6682
f 6695 6179 6684
f 6695 6191 6179
f 6696 6685 6180
f 6696 6180 6192
f 6192 6191 6695
f 6192 6695 6696
f 6696 6695 6684
f 6696 6684 6685
f 6687 6193 6182
f 6687 6697 6193
f 6688 6183 6194
f 6688 6194 6698
f 6194 6193 6697
f 6194 6697 6698
f 6698 6697 6687
f 6698 6687 6688
f 6699 6184 6689
f 6699 6195 6184
f 6700 6690 6185
f 6700 6185 6196
f 6196 6195 6699
f 6196 6699 6700
f 6699 6689 6690
f 6699 6690 6700
f 6205 6701 6204
f 6205 6702 6701
f 6701 6211 6204
f 6701 6704 6211
f 6704 6210 6211
f 6704 6703 6210
f 6705 6702 6205
f 6705 6205 6212
f 6705 6704 6701
f 6705 6701 6702
f 6711 6217 6218
f 6711 6710 6217
f 6712 6218 6219
f 6712 6711 6218
f 6713 6210 6703
f 6713 6220 6210
f 6221 6220 6713
f 6221 6713 6714
f 6714 6713 6703
f 6714 6703 6704
f 6715 6705 6212
f 6715 6212 6222
f 6715 6222 6221
f 6715 6221 6714
f 6715 6714 6704
f 6715 6704 6705
f 6224 6716 6223
f 6224 6717 6716
f 6227 6719 6226
f 6227 6720 6719
f 6721 6227 6228
f 6721 6720 6227
f 6722 6228 6229
f 6722 6721 6228
f 6230 6722 6229
f 6230 6723 6722
f 6231 6723 6230
f 6231 6724 6723
f 6726 6232 6233
f 6726 6725 6232
f 6726 6706 6725
f 6726 6707 6706
f 6727 6709 6708
f 6727 6728 6709
f 6710 6237 6217
f 6710 6729 6237
f 6237 6728 6236
f 6237 6729 6728
f 6728 6710 6709
f 6728 6729 6710
f 6729 6710 6711
f 6729 6711 6730
f 6712 6219 6238
f 6712 6238 6731
f 6730 6711 6712
f 6730 6712 6731
f 6732 6238 6239
f 6732 6731 6238
f 6716 6242 6223
f 6716 6733 6242
f 6717 6224 6243
f 6717 6243 6734
f 6734 6733 6716
f 6734 6716 6717
f 6244 6734 6243
f 6244 6735 6734
f 6719 6245 6226
f 6719 6736 6245
f 6245 6735 6244
f 6245 6736 6735
f 6736 6718 6735
f 6736 6719 6718
f 6736 6719 6720
f 6736 6720 6737
f 6247 6246 6739
f 6247 6739 6740
f 6741 6724 6231
f 6741 6231 6248
f 6742 6232 6725
f 6742 6249 6232
f 6742 6248 6249
f 6742 6741 6248
f 6742 6724 6741
f 6742 6725 6724
f 6726 6233 6250
f 6726 6250 6743
f 6744 6250 6251
f 6744 6743 6250
f 6728 6253 6236
f 6728 6746 6253
f 6746 6252 6253
f 6746 6745 6252
f 6746 6727 6745
f 6746 6728 6727
f 6747 6729 6730
f 6747 6730 6748
f 6748 6730 6731
f 6748 6731 6749
f 6732 6239 6254
f 6732 6254 6750
f 6749 6731 6732
f 6749 6732 6750
f 6256 6751 6255
f 6256 6752 6751
f 6733 6257 6242
f 6733 6753 6257
f 6257 6752 6256
f 6257 6753 6752
f 6754 6258 6257
f 6754 6257 6753
f 6262 6261 6757
f 6262 6757 6758
f 6757 6737 6738
f 6757 6738 6758
f 6739 6246 6263
f 6739 6263 6759
f 6759 6263 6262
f 6759 6262 6758
f 6760 6247 6740
f 6760 6264 6247
f 6760 6739 6759
f 6760 6740 6739
f 6761 6265 6264
f 6761 6264 6760
f 6266 6265 6761
f 6266 6761 6762
f 6744 6251 6268
f 6744 6268 6764
f 6764 6268 6267
f 6764 6267 6763
f 6764 6763 6743
f 6764 6743 6744
f 6766 6269 6270
f 6766 6765 6269
f 6767 6252 6745
f 6767 6271 6252
f 6767 6270 6271
f 6767 6766 6270
f 6750 6254 6273
f 6750 6273 6770
f 6769 6749 6750
f 6769 6750 6770
f 6751 6274 6255
f 6751 6771 6274
f 6771 6273 6274
f 6771 6770 6273
f 6753 6257 6275
f 6753 6275 6773
f 6772 6752 6753
f 6772 6753 6773
f 6774 6258 6754
f 6774 6276 6258
f 6774 6275 6276
f 6774 6773 6275
f 6776 6775 6755
f 6776 6755 6756
f 6777 6757 6261
f 6777 6261 6279
f 6279 6278 6776
f 6279 6776 6777
f 6777 6776 6756
f 6777 6756 6757
f 6779 6758 6778
f 6779 6759 6758
f 6780 6266 6762
f 6780 6282 6266
f 6781 6763 6267
f 6781 6267 6283
f 6781 6283 6282
f 6781 6282 6780
f 6781 6780 6762
f 6781 6762 6763
f 6765 6285 6269
f 6765 6782 6285
f 6783 6766 6767
f 6783 6767 6784
f 6784 6767 6768
f 6784 6768 6785
f 6788 6787 6773
f 6788 6773 6774
f 6789 6788 6774
f 6789 6774 6775
f 6776 6278 6292
f 6776 6292 6790
f 6789 6775 6776
f 6789 6776 6790
f 6791 6292 6293
f 6791 6790 6292
f 6782 6297 6285
f 6782 6792 6297
f 6793 6298 6297
f 6793 6297 6792
f 6794 6784 6785
f 6794 6785 6795
f 6797 6796 6786
f 6797 6786 6787
f 6797 6787 6788
f 6797 6788 6798
f 6799 6305 6304
f 6799 6304 6798
f 6801 6791 6293
f 6801 6293 6307
f 6800 6790 6791
f 6800 6791 6801
f 6793 6309 6298
f 6793 6802 6309
f 6803 6310 6309
f 6803 6309 6802
f 6312 6311 6804
f 6312 6804 6805
f 6806 6805 6796
f 6806 6796 6797
f 6807 6798 6304
f 6807 6304 6313
f 6799 6314 6305
f 6799 6808 6314
f 6314 6807 6313
f 6314 6808 6807
f 6807 6799 6798
f 6807 6808 6799
f 6801 6307 6316
f 6801 6316 6810
f 6809 6800 6801
f 6809 6801 6810
f 6811 6316 6317
f 6811 6810 6316
f 6803 6318 6310
f 6803 6813 6318
f 6812 6803 6802
f 6812 6813 6803
f 6804 6311 6321
f 6804 6321 6817
f 6818 6312 6805
f 6818 6322 6312
f 6322 6817 6321
f 6322 6818 6817
f 6818 6804 6817
f 6818 6805 6804
f 6811 6317 6323
f 6811 6323 6820
f 6819 6810 6811
f 6819 6811 6820
f 6822 6325 6326
f 6822 6821 6325
f 6813 6328 6318
f 6813 6823 6328
f 6823 6813 6814
f 6823 6814 6824
f 6824 6814 6815
f 6824 6815 6825
f 6825 6815 6816
f 6825 6816 6826
f 6820 6323 6332
f 6820 6332 6831
f 6833 6325 6821
f 6833 6334 6325
f 6822 6326 6335
f 6822 6335 6834
f 6335 6334 6833
f 6335 6833 6834
f 6833 6821 6822
f 6833 6822 6834
f 6823 6337 6328
f 6823 6835 6337
f 6836 6338 6337
f 6836 6337 6835
f 6339 6338 6836
f 6339 6836 6837
f 6838 6826 6827
f 6838 6827 6839
f 6840 6828 6829
f 6840 6829 6841
f 6842 6343 6342
f 6842 6342 6841
f 6841 6829 6830
f 6841 6830 6842
f 6831 6332 6345
f 6831 6345 6843
f 6843 6832 6831
f 6843 6844 6832
f 6348 6845 6347
f 6348 6846 6845
f 6848 6339 6837
f 6848 6350 6339
f 6850 6352 6351
f 6850 6351 6849
f 6851 6841 6342
f 6851 6342 6355
f 6852 6343 6842
f 6852 6356 6343
f 6852 6355 6356
f 6852 6851 6355
f 6854 6843 6345
f 6854 6345 6359
f 6359 6358 6853
f 6359 6853 6854
f 6362 6855 6361
f 6362 6856 6855
f 6845 6364 6347
f 6845 6857 6364
f 6846 6348 6365
f 6846 6365 6858
f 6857 6845 6846
f 6857 6846 6858
f 6859 6365 6366
f 6859 6858 6365
f 6848 6367 6350
f 6848 6861 6367
f 6860 6848 6847
f 6860 6861 6848
f 6849 6351 6368
f 6849 6368 6862
f 6862 6368 6367
f 6862 6367 6861
f 6850 6369 6352
f 6850 6863 6369
f 6863 6849 6862
f 6863 6850 6849
f 6373 6372 6864
f 6373 6864 6865
f 6866 6853 6358
f 6866 6358 6376
f 6377 6866 6376
f 6377 6867 6866
f 6866 6854 6853
f 6866 6867 6854
f 6868 6377 6378
f 6868 6867 6377
f 6855 6380 6361
f 6855 6870 6380
f 6380 6869 6379
f 6380 6870 6869
f 6871 6856 6362
f 6871 6362 6381
f 6871 6870 6855
f 6871 6855 6856
f 6872 6364 6857
f 6872 6383 6364
f 6384 6383 6872
f 6384 6872 6873
f 6872 6857 6858
f 6872 6858 6873
f 6859 6366 6385
f 6859 6385 6874
f 6874 6385 6384
f 6874 6384 6873
f 6873 6858 6859
f 6873 6859 6874
f 6863 6387 6369
f 6863 6876 6387
f 6875 6863 6862
f 6875 6876 6863
f 6864 6372 6388
f 6864 6388 6878
f 6865 6389 6373
f 6865 6879 6389
f 6389 6878 6388
f 6389 6879 6878
f 6878 6865 6864
f 6878 6879 6865
f 6868 6378 6395
f 6868 6395 6882
f 6395 6394 6881
f 6395 6881 6882
f 6881 6867 6868
f 6881 6868 6882
f 6869 6396 6379
f 6869 6883 6396
f 6396 6882 6395
f 6396 6883 6882
f 6884 6883 6869
f 6884 6869 6870
f 6885 6871 6381
f 6885 6381 6398
f 6885 6884 6870
f 6885 6870 6871
f 6886 6387 6876
f 6886 6401 6387
f 6886 6876 6877
f 6886 6877 6887
f 6888 6403 6402
f 6888 6402 6887
f 6404 6403 6888
f 6404 6888 6889
f 6405 6404 6889
f 6405 6889 6890
f 6892 6409 6408
f 6892 6408 6891
f 6893 6881 6394
f 6893 6394 6410
f 6893 6410 6409
f 6893 6409 6892
f 6893 6892 6880
f 6893 6880 6881
f 6894 6395 6882
f 6894 6411 6395
f 6894 6882 6883
f 6894 6883 6895
f 6895 6883 6884
f 6895 6884 6896
f 6897 6885 6398
f 6897 6398 6413
f 6897 6896 6884
f 6897 6884 6885
f 6898 6401 6886
f 6898 6416 6401
f 6899 6887 6402
f 6899 6402 6417
f 6899 6417 6416
f 6899 6416 6898
f 6899 6898 6886
f 6899 6886 6887
f 6900 6405 6890
f 6900 6420 6405
f 6421 6420 6900
f 6421 6900 6901
f 6891 6408 6422
f 6891 6422 6902
f 6903 6422 6423
f 6903 6902 6422
f 6904 6411 6894
f 6904 6425 6411
f 6426 6425 6904
f 6426 6904 6905
f 6904 6894 6895
f 6904 6895 6905
f 6906 6427 6426
f 6906 6426 6905
f 6906 6905 6895
f 6906 6895 6896
f 6907 6897 6413
f 6907 6413 6428
f 6907 6428 6427
f 6907 6427 6906
f 6907 6906 6896
f 6907 6896 6897
f 6908 6421 6901
f 6908 6433 6421
f 6434 6433 6908
f 6434 6908 6909
f 6435 6434 6909
f 6435 6909 6910
f 6903 6423 6436
f 6903 6436 6911
f 6910 6902 6903
f 6910 6903 6911
f 6912 6435 6910
f 6912 6446 6435
f 6911 6436 6447
f 6911 6447 6913
f 6447 6446 6912
f 6447 6912 6913
f 6912 6910 6911
f 6912 6911 6913
f 6456 6914 6455
f 6456 6915 6914
f 6457 6915 6456
f 6457 6916 6915
f 6920 6462 6463
f 6920 6919 6462
f 6921 6463 6464
f 6921 6920 6463
f 6922 6455 6914
f 6922 6465 6455
f 6466 6465 6922
f 6466 6922 6923
f 6922 6914 6915
f 6922 6915 6923
f 6924 6916 6457
f 6924 6457 6467
f 6924 6467 6466
f 6924 6466 6923
f 6924 6923 6915
f 6924 6915 6916
f 6928 6471 6472
f 6928 6927 6471
f 6474 6929 6473
f 6474 6930 6929
f 6475 6930 6474
f 6475 6931 6930
f 6935 6917 6934
f 6935 6918 6917
f 6919 6481 6462
f 6919 6936 6481
f 6935 6919 6918
f 6935 6936 6919
f 6937 6936 6919
f 6937 6919 6920
f 6921 6464 6482
f 6921 6482 6938
f 6937 6920 6921
f 6937 6921 6938
f 6486 6939 6485
f 6486 6940 6939
f 6941 6486 6487
f 6941 6940 6486
f 6488 6941 6487
f 6488 6942 6941
f 6943 6488 6489
f 6943 6942 6488
f 6942 6926 6925
f 6942 6943 6926
f 6944 6471 6927
f 6944 6490 6471
f 6490 6943 6489
f 6490 6944 6943
f 6928 6472 6491
f 6928 6491 6945
f 6929 6492 6473
f 6929 6946 6492
f 6946 6491 6492
f 6946 6945 6491
f 6947 6931 6475
f 6947 6475 6493
f 6948 6493 6494
f 6948 6947 6493
f 6947 6932 6931
f 6947 6948 6932
f 6495 6948 6494
f 6495 6949 6948
f 6948 6933 6932
f 6948 6949 6933
f 6951 6497 6498
f 6951 6950 6497
f 6951 6934 6950
f 6951 6935 6934
f 6936 6499 6481
f 6936 6952 6499
f 6499 6951 6498
f 6499 6952 6951
f 6952 6935 6951
f 6952 6936 6935
f 6952 6936 6937
f 6952 6937 6953
f 6938 6482 6500
f 6938 6500 6954
f 6953 6937 6938
f 6953 6938 6954
f 6955 6500 6501
f 6955 6954 6500
f 6939 6503 6485
f 6939 6957 6503
f 6503 6956 6502
f 6503 6957 6956
f 6504 6503 6957
f 6504 6957 6958
f 6958 6957 6939
f 6958 6939 6940
f 6959 6505 6504
f 6959 6504 6958
f 6962 6509 6508
f 6962 6508 6961
f 6510 6509 6962
f 6510 6962 6963
f 6511 6510 6963
f 6511 6963 6964
f 6512 6511 6964
f 6512 6964 6965
f 6967 6949 6495
f 6967 6495 6513
f 6969 6515 6516
f 6969 6968 6515
f 6970 6497 6950
f 6970 6517 6497
f 6955 6501 6519
f 6955 6519 6973
f 6972 6954 6955
f 6972 6955 6973
f 6956 6520 6502
f 6956 6974 6520
f 6974 6519 6520
f 6974 6973 6519
f 6957 6503 6521
f 6957 6521 6975
f 6976 6521 6522
f 6976 6975 6521
f 6959 6523 6505
f 6959 6977 6523
f 6980 6961 6508
f 6980 6508 6526
f 6980 6526 6525
f 6980 6525 6979
f 6980 6979 6960
f 6980 6960 6961
f 6981 6963 6962
f 6981 6982 6963
f 6983 6512 6965
f 6983 6529 6512
f 6984 6530 6529
f 6984 6529 6983
f 6985 6967 6513
f 6985 6513 6531
f 6985 6531 6530
f 6985 6530 6984
f 6985 6984 6966
f 6985 6966 6967
f 6968 6533 6515
f 6968 6986 6533
f 6969 6516 6534
f 6969 6534 6987
f 6987 6986 6968
f 6987 6968 6969
f 6970 6535 6517
f 6970 6988 6535
f 6988 6534 6535
f 6988 6987 6534
f 6988 6970 6971
f 6988 6971 6989
f 6976 6522 6539
f 6976 6539 6992
f 6992 6991 6975
f 6992 6975 6976
f 6977 6540 6523
f 6977 6993 6540
f 6540 6992 6539
f 6540 6993 6992
f 6994 6993 6977
f 6994 6977 6978
f 6979 6525 6541
f 6979 6541 6995
f 6995 6994 6978
f 6995 6978 6979
f 6996 6533 6986
f 6996 6545 6533
f 6998 6988 6989
f 6998 6989 6999
f 7001 7000 6990
f 7001 6990 6991
f 7002 7001 6991
f 7002 6991 6992
f 7002 6992 6993
f 7002 6993 7003
f 7004 6553 6552
f 7004 6552 7003
f 7005 6995 6541
f 7005 6541 6554
f 6996 6555 6545
f 6996 7006 6555
f 7007 6556 6555
f 7007 6555 7006
f 7006 6996 6997
f 7006 6997 7007
f 7011 7010 7001
f 7011 7001 7002
f 7012 7003 6552
f 7012 6552 6562
f 7004 6563 6553
f 7004 7013 6563
f 6563 7012 6562
f 6563 7013 7012
f 7012 7004 7003
f 7012 7013 7004
f 7005 6554 6564
f 7005 6564 7014
f 6565 7014 6564
f 6565 7015 7014
f 7016 6565 6566
f 7016 7015 6565
f 7017 6556 7007
f 7017 6567 6556
f 7022 7008 7009
f 7022 7009 7023
f 7024 7010 7011
f 7024 7011 7025
f 7016 6566 6572
f 7016 6572 7029
f 7028 7015 7016
f 7028 7016 7029
f 7031 6574 6575
f 7031 7030 6574
f 7017 6577 6567
f 7017 7032 6577
f 6578 6577 7032
f 6578 7032 7033
f 7034 7033 7018
f 7034 7018 7019
f 7034 7019 7020
f 7034 7020 7035
f 7035 7020 7021
f 7035 7021 7036
f 7038 6580 6579
f 7038 6579 7037
f 7041 7026 7027
f 7041 7027 7042
f 7044 7029 6572
f 7044 6572 6583
f 6583 6582 7043
f 6583 7043 7044
f 7030 6585 6574
f 7030 7045 6585
f 7031 6575 6586
f 7031 6586 7046
f 7046 6586 6585
f 7046 6585 7045
f 7045 7030 7031
f 7045 7031 7046
f 7033 6588 6578
f 7033 7047 6588
f 6590 6589 7048
f 6590 7048 7049
f 7037 6579 6591
f 7037 6591 7051
f 7050 7036 7037
f 7050 7037 7051
f 7038 6592 6580
f 7038 7052 6592
f 7051 7038 7037
f 7051 7052 7038
f 7053 7039 7040
f 7053 7040 7054
f 7043 6582 6596
f 7043 6596 7055
f 6597 7055 6596
f 6597 7056 7055
f 7055 7044 7043
f 7055 7056 7044
f 6601 7057 6600
f 6601 7058 7057
f 7047 6602 6588
f 7047 7059 6602
f 7048 6589 6603
f 7048 6603 7060
f 7060 6603 6602
f 7060 6602 7059
f 7061 6590 7049
f 7061 6604 6590
f 7061 7048 7060
f 7061 7049 7048
f 7062 7061 7049
f 7062 7049 7050
f 7063 7051 6591
f 7063 6591 6606
f 7063 6606 6605
f 7063 6605 7062
f 7064 6592 7052
f 7064 6607 6592
f 7064 6606 6607
f 7064 7063 6606
f 7064 7051 7063
f 7064 7052 7051
f 6609 6608 7065
f 6609 7065 7066
f 7067 7053 7054
f 7067 7054 7068
f 7056 6597 6613
f 7056 6613 7071
f 6613 6612 7070
f 6613 7070 7071
f 7057 6616 6600
f 7057 7072 6616
f 7058 6601 6617
f 7058 6617 7073
f 7073 7072 7057
f 7073 7057 7058
f 7061 6619 6604
f 7061 7075 6619
f 7074 7061 7060
f 7074 7075 7061
f 7076 7062 6605
f 7076 6605 6620
f 7076 6620 6619
f 7076 6619 7075
f 7063 6621 6606
f 7063 7077 6621
f 7077 6620 6621
f 7077 7076 6620
f 7077 7062 7076
f 7077 7063 7062
f 7078 7065 6608
f 7078 6608 6623
f 7079 6609 7066
f 7079 6624 6609
f 6624 7078 6623
f 6624 7079 7078
f 7078 7066 7065
f 7078 7079 7066
f 7080 6625 6624
f 7080 6624 7079
f 7081 7068 7069
f 7081 7069 7082
f 7070 6612 6626
f 7070 6626 7083
f 6627 7083 6626
f 6627 7084 7083
f 7083 7071 7070
f 7083 7084 7071
f 7085 6627 6628
f 7085 7084 6627
f 7086 6628 6629
f 7086 7085 6628
f 7087 6629 6630
f 7087 7086 6629
f 7088 6630 6631
f 7088 7087 6630
f 7089 6616 7072
f 7089 6633 6616
f 7090 7073 6617
f 7090 6617 6634
f 7090 6634 6633
f 7090 6633 7089
f 7089 7072 7073
f 7089 7073 7090
f 7076 6636 6620
f 7076 7091 6636
f 7092 6637 6636
f 7092 6636 7091
f 7093 7079 6624
f 7093 6624 6638
f 7080 6639 6625
f 7080 7094 6639
f 7094 6638 6639
f 7094 7093 6638
f 7093 7080 7079
f 7093 7094 7080
f 7097 6641 6640
f 7097 6640 7096
f 7096 7084 7085
f 7096 7085 7097
f 7097 7085 7086
f 7097 7086 7098
f 7099 7098 7086
f 7099 7086 7087
f 7088 6631 6643
f 7088 6643 7100
f 7099 7087 7088
f 7099 7088 7100
f 7092 6646 6637
f 7092 7101 6646
f 7103 6648 6647
f 7103 6647 7102
f 6649 6648 7103
f 6649 7103 7104
f 6651 6650 7105
f 6651 7105 7106
f 7107 7096 6640
f 7107 6640 6652
f 7107 6652 6651
f 7107 6651 7106
f 7107 7106 7095
f 7107 7095 7096
f 7108 6641 7097
f 7108 6653 6641
f 7108 7097 7098
f 7108 7098 7109
f 7110 7109 7098
f 7110 7098 7099
f 7111 7100 6643
f 7111 6643 6655
f 7111 7110 7099
f 7111 7099 7100
f 7112 6646 7101
f 7112 6658 6646
f 7113 7102 6647
f 7113 6647 6659
f 7113 6659 6658
f 7113 6658 7112
f 7112 7101 7102
f 7112 7102 7113
f 7114 6649 7104
f 7114 6661 6649
f 6662 6661 7114
f 6662 7114 7115
f 7116 6663 6662
f 7116 6662 7115
f 7105 6650 6664
f 7105 6664 7117
f 7118 6653 7108
f 7118 6667 6653
f 6668 6667 7118
f 6668 7118 7119
f 7118 7108 7109
f 7118 7109 7119
f 6669 6668 7119
f 6669 7119 7120
f 7120 7119 7109
f 7120 7109 7110
f 7121 7111 6655
f 7121 6655 6670
f 7121 6670 6669
f 7121 6669 7120
f 7121 7120 7110
f 7121 7110 7111
f 7122 6663 7116
f 7122 6676 6663
f 6677 6676 7122
f 6677 7122 7123
f 7117 6664 6678
f 7117 6678 7124
f 7125 6678 6679
f 7125 7124 6678
f 7126 6677 7123
f 7126 6689 6677
f 6690 6689 7126
f 6690 7126 7127
f 7126 7123 7124
f 7126 7124 7127
f 7125 6679 6691
f 7125 6691 7128
f 6691 6690 7127
f 6691 7127 7128
f 7127 7124 7125
f 7127 7125 7128
f 6707 7129 6706
f 6707 7130 7129
f 6709 7131 6708
f 6709 7132 7131
f 7133 6709 6710
f 7133 7132 6709
f 7135 6718 6719
f 7135 7134 6718
f 6721 7136 6720
f 6721 7137 7136
f 7138 6721 6722
f 7138 7137 6721
f 7139 6722 6723
f 7139 7138 6722
f 7140 6723 6724
f 7140 7139 6723
f 7141 6706 7129
f 7141 6725 6706
f 6725 7140 6724
f 6725 7141 7140
f 7130 6707 6726
f 7130 6726 7142
f 7141 7129 7130
f 7141 7130 7142
f 7131 6727 6708
f 7131 7144 6727
f 7145 7144 7131
f 7145 7131 7132
f 7133 6710 6729
f 7133 6729 7146
f 6734 7147 6733
f 6734 7148 7147
f 7134 6735 6718
f 7134 7149 6735
f 6735 7148 6734
f 6735 7149 7148
f 7135 6719 6736
f 7135 6736 7150
f 7149 7134 7135
f 7149 7135 7150
f 7136 6737 6720
f 7136 7151 6737
f 6737 7150 6736
f 6737 7151 7150
f 6738 6737 7151
f 6738 7151 7152
f 7152 7151 7136
f 7152 7136 7137
f 7153 7138 7139
f 7153 7139 7154
f 7155 7154 7139
f 7155 7139 7140
f 7156 7155 7140
f 7156 7140 7141
f 7157 7142 6726
f 7157 6726 6743
f 7157 7143 7142
f 7157 7158 7143
f 7159 6727 7144
f 7159 6745 6727
f 7146 6729 6747
f 7146 6747 7160
f 7161 6747 6748
f 7161 7160 6747
f 7162 6748 6749
f 7162 7161 6748
f 7164 6751 6752
f 7164 7163 6751
f 7165 6733 7147
f 7165 6753 6733
f 6754 6753 7165
f 6754 7165 7166
f 7165 7147 7148
f 7165 7148 7166
f 7168 6756 6755
f 7168 6755 7167
f 7169 7151 6737
f 7169 6737 6757
f 7169 6757 6756
f 7169 6756 7168
f 7169 7168 7150
f 7169 7150 7151
f 7170 6738 7152
f 7170 6758 6738
f 7172 6760 6759
f 7172 6759 7171
f 7173 6761 6760
f 7173 6760 7172
f 7172 7154 7155
f 7172 7155 7173
f 6762 6761 7173
f 6762 7173 7174
f 7174 7173 7155
f 7174 7155 7156
f 7175 7157 6743
f 7175 6743 6763
f 7175 6763 6762
f 7175 6762 7174
f 7175 7174 7156
f 7175 7156 7157
f 7177 6765 6766
f 7177 7176 6765
f 7159 6767 6745
f 7159 7178 6767
f 6768 6767 7178
f 6768 7178 7179
f 7162 6749 6769
f 7162 6769 7180
f 7181 6769 6770
f 7181 7180 6769
f 7163 6771 6751
f 7163 7182 6771
f 6771 7181 6770
f 6771 7182 7181
f 7164 6752 6772
f 7164 6772 7183
f 7183 7182 7163
f 7183 7163 7164
f 7184 6772 6773
f 7184 7183 6772
f 7185 6754 7166
f 7185 6774 6754
f 7186 7167 6755
f 7186 6755 6775
f 6775 6774 7185
f 6775 7185 7186
f 7185 7166 7167
f 7185 7167 7186
f 7170 6778 6758
f 7170 7188 6778
f 7171 6759 6779
f 7171 6779 7189
f 6779 6778 7188
f 6779 7188 7189
f 7188 7170 7171
f 7188 7171 7189
f 7176 6782 6765
f 7176 7190 6782
f 7177 6766 6783
f 7177 6783 7191
f 7190 7176 7177
f 7190 7177 7191
f 7192 6783 6784
f 7192 7191 6783
f 7179 6785 6768
f 7179 7193 6785
f 7192 7179 7178
f 7192 7193 7179
f 7196 7195 7180
f 7196 7180 7181
f 7197 7196 7181
f 7197 7181 7182
f 7198 7197 7182
f 7198 7182 7183
f 7184 6773 6787
f 7184 6787 7199
f 7199 6787 6786
f 7199 6786 7198
f 7199 7198 7183
f 7199 7183 7184
f 6789 7200 6788
f 6789 7201 7200
f 7202 6789 6790
f 7202 7201 6789
f 7201 7187 7186
f 7201 7202 7187
f 7204 6782 7190
f 7204 6792 6782
f 6793 6792 7204
f 6793 7204 7205
f 7204 7190 7191
f 7204 7191 7205
f 7192 6784 6794
f 7192 6794 7206
f 7205 7191 7192
f 7205 7192 7206
f 7193 6795 6785
f 7193 7207 6795
f 7207 6794 6795
f 7207 7206 6794
f 7209 7208 7194
f 7209 7194 7195
f 7210 7209 7195
f 7210 7195 7196
f 7211 7198 6786
f 7211 6786 6796
f 7213 6788 7200
f 7213 6798 6788
f 7213 6797 6798
f 7213 7212 6797
f 7202 6790 6800
f 7202 6800 7214
f 7214 7203 7202
f 7214 7215 7203
f 7205 6802 6793
f 7205 7216 6802
f 7216 7205 7206
f 7216 7206 7217
f 7218 7211 6796
f 7218 6796 6805
f 7212 6806 6797
f 7212 7219 6806
f 6806 7218 6805
f 6806 7219 7218
f 7214 6800 6809
f 7214 6809 7222
f 7223 6809 6810
f 7223 7222 6809
f 7216 6812 6802
f 7216 7224 6812
f 7225 6813 6812
f 7225 6812 7224
f 6814 6813 7225
f 6814 7225 7226
f 7227 6815 6814
f 7227 6814 7226
f 6816 6815 7227
f 6816 7227 7228
f 7229 7220 7221
f 7229 7221 7230
f 7223 6810 6819
f 7223 6819 7232
f 7231 7222 7223
f 7231 7223 7232
f 7233 6819 6820
f 7233 7232 6819
f 6824 7236 6823
f 6824 7237 7236
f 7236 7226 7225
f 7236 7237 7226
f 7238 6824 6825
f 7238 7237 6824
f 7238 7226 7237
f 7238 7227 7226
f 7228 6826 6816
f 7228 7239 6826
f 6826 7238 6825
f 6826 7239 7238
f 7238 7228 7227
f 7238 7239 7228
f 6827 6826 7239
f 6827 7239 7240
f 6829 6828 7241
f 6829 7241 7242
f 6830 6829 7242
f 6830 7242 7243
f 7244 7233 6820
f 7244 6820 6831
f 6832 7244 6831
f 6832 7245 7244
f 7244 7234 7233
f 7244 7245 7234
f 7246 7234 7245
f 7246 7235 7234
f 7236 6835 6823
f 7236 7247 6835
f 7248 6836 6835
f 7248 6835 7247
f 7247 7236 7237
f 7247 7237 7248
f 7249 6837 6836
f 7249 6836 7248
f 7239 6826 6838
f 7239 6838 7250
f 7240 6839 6827
f 7240 7251 6839
f 6839 7250 6838
f 6839 7251 7250
f 7250 7240 7239
f 7250 7251 7240
f 7241 6828 6840
f 7241 6840 7254
f 7255 6840 6841
f 7255 7254 6840
f 7254 7242 7241
f 7254 7255 7242
f 7256 6830 7243
f 7256 6842 6830
f 7258 7245 6832
f 7258 6832 6844
f 6844 6843 7257
f 6844 7257 7258
f 7259 7245 7258
f 7259 7246 7245
f 7260 7248 7247
f 7260 7261 7248
f 7262 6837 7249
f 7262 6848 6837
f 7262 6847 6848
f 7262 7261 6847
f 7261 7249 7248
f 7261 7262 7249
f 7263 7252 7253
f 7263 7253 7264
f 7265 7255 6841
f 7265 6841 6851
f 7266 6842 7256
f 7266 6852 6842
f 7266 6851 6852
f 7266 7265 6851
f 7265 7256 7255
f 7265 7266 7256
f 7257 6843 6854
f 7257 6854 7267
f 7268 7257 7267
f 7268 7258 7257
f 7261 6860 6847
f 7261 7270 6860
f 7270 7260 7269
f 7270 7261 7260
f 7271 6861 6860
f 7271 6860 7270
f 7272 6862 6861
f 7272 6861 7271
f 7267 6854 6867
f 7267 6867 7275
f 7276 7267 7275
f 7276 7268 7267
f 7272 6875 6862
f 7272 7278 6875
f 7277 7272 7271
f 7277 7278 7272
f 7279 6876 6875
f 7279 6875 7278
f 6877 6876 7279
f 6877 7279 7280
f 7281 7280 7273
f 7281 7273 7274
f 7275 6867 6881
f 7275 6881 7283
f 6881 6880 7282
f 6881 7282 7283
f 7285 7279 7278
f 7285 7286 7279
f 7287 6877 7280
f 7287 6887 6877
f 7287 7279 7286
f 7287 7280 7279
f 7288 6888 6887
f 7288 6887 7287
f 7287 7280 7281
f 7287 7281 7288
f 7289 6889 6888
f 7289 6888 7288
f 6890 6889 7289
f 6890 7289 7290
f 7282 6880 6892
f 7282 6892 7294
f 7294 6892 6891
f 7294 6891 7293
f 7295 7282 7294
f 7295 7283 7282
f 7297 7284 7296
f 7297 7285 7284
f 7298 7285 7297
f 7298 7286 7285
f 7299 6890 7290
f 7299 6900 6890
f 6901 6900 7299
f 6901 7299 7300
f 7299 7290 7291
f 7299 7291 7300
f 7302 7293 6891
f 7302 6891 6902
f 7302 7301 7292
f 7302 7292 7293
f 7303 7295 7294
f 7303 7304 7295
f 7305 6901 7300
f 7305 6908 6901
f 7306 6909 6908
f 7306 6908 7305
f 7305 7300 7301
f 7305 7301 7306
f 7307 7302 6902
f 7307 6902 6910
f 7307 6910 6909
f 7307 6909 7306
f 7307 7306 7301
f 7307 7301 7302
f 6918 7308 6917
f 6918 7309 7308
f 7310 6918 6919
f 7310 7309 6918
f 6926 7311 6925
f 6926 7312 7311
f 6928 7313 6927
f 6928 7314 7313
f 6930 7315 6929
f 6930 7316 7315
f 7317 6930 6931
f 7317 7316 6930
f 6932 7317 6931
f 6932 7318 7317
f 6933 7318 6932
f 6933 7319 7318
f 7308 6934 6917
f 7308 7320 6934
f 7321 7320 7308
f 7321 7308 7309
f 7310 6919 6936
f 7310 6936 7322
f 7321 7309 7310
f 7321 7310 7322
f 6941 7323 6940
f 6941 7324 7323
f 7311 6942 6925
f 7311 7325 6942
f 6942 7324 6941
f 6942 7325 7324
f 7312 6926 6943
f 7312 6943 7326
f 7325 7311 7312
f 7325 7312 7326
f 7313 6944 6927
f 7313 7327 6944
f 6944 7326 6943
f 6944 7327 7326
f 7314 6928 6945
f 7314 6945 7328
f 7328 7327 7313
f 7328 7313 7314
f 7315 6946 6929
f 7315 7329 6946
f 7329 6945 6946
f 7329 7328 6945
f 7330 7329 7315
f 7330 7315 7316
f 7331 7330 7316
f 7331 7316 7317
f 7332 7331 7317
f 7332 7317 7318
f 7333 7319 6933
f 7333 6933 6949
f 7334 6934 7320
f 7334 6950 6934
f 7322 6936 6952
f 7322 6952 7335
f 6953 7335 6952
f 6953 7336 7335
f 7337 6953 6954
f 7337 7336 6953
f 7339 6956 6957
f 7339 7338 6956
f 7340 6940 7323
f 7340 6958 6940
f 6959 6958 7340
f 6959 7340 7341
f 7340 7323 7324
f 7340 7324 7341
f 7344 6961 6960
f 7344 6960 7343
f 7344 7343 7326
f 7344 7326 7327
f 7345 6962 6961
f 7345 6961 7344
f 6964 6963 7346
f 6964 7346 7347
f 7348 6965 6964
f 7348 6964 7347
f 7347 7330 7331
f 7347 7331 7348
f 7349 7348 7331
f 7349 7331 7332
f 7350 7333 6949
f 7350 6949 6967
f 7350 6967 6966
f 7350 6966 7349
f 7334 6970 6950
f 7334 7351 6970
f 6971 6970 7351
f 6971 7351 7352
f 7337 6954 6972
f 7337 6972 7353
f 7354 6972 6973
f 7354 7353 6972
f 7338 6974 6956
f 7338 7355 6974
f 6974 7354 6973
f 6974 7355 7354
f 7339 6957 6975
f 7339 6975 7356
f 7356 7355 7338
f 7356 7338 7339
f 7357 6959 7341
f 7357 6977 6959
f 6978 6977 7357
f 6978 7357 7358
f 7357 7341 7342
f 7357 7342 7358
f 7359 7343 6960
f 7359 6960 6979
f 7359 6979 6978
f 7359 6978 7358
f 7359 7358 7342
f 7359 7342 7343
f 7360 6962 7345
f 7360 6981 6962
f 7361 7346 6963
f 7361 6963 6982
f 6982 6981 7360
f 6982 7360 7361
f 7360 7345 7346
f 7360 7346 7361
f 7362 6965 7348
f 7362 6983 6965
f 7363 7349 6966
f 7363 6966 6984
f 7363 6984 6983
f 7363 6983 7362
f 7363 7362 7348
f 7363 7348 7349
f 6987 7364 6986
f 6987 7365 7364
f 6988 7365 6987
f 6988 7366 7365
f 7352 6989 6971
f 7352 7367 6989
f 7366 7352 7351
f 7366 7367 7352
f 7370 7369 7353
f 7370 7353 7354
f 7370 7354 7355
f 7370 7355 7371
f 7356 6975 6991
f 7356 6991 7372
f 7372 6991 6990
f 7372 6990 7371
f 7372 7371 7355
f 7372 7355 7356
f 6994 7373 6993
f 6994 7374 7373
f 7375 6994 6995
f 7375 7374 6994
f 7376 6986 7364
f 7376 6996 6986
f 6997 6996 7376
f 6997 7376 7377
f 7376 7364 7365
f 7376 7365 7377
f 7366 6988 6998
f 7366 6998 7378
f 7378 7377 7365
f 7378 7365 7366
f 7367 6999 6989
f 7367 7379 6999
f 7379 6998 6999
f 7379 7378 6998
f 7382 7381 7368
f 7382 7368 7369
f 7383 7371 6990
f 7383 6990 7000
f 7001 7383 7000
f 7001 7384 7383
f 7383 7372 7371
f 7383 7384 7372
f 7386 6993 7373
f 7386 7003 6993
f 7386 7002 7003
f 7386 7385 7002
f 7375 6995 7005
f 7375 7005 7387
f 7388 6997 7377
f 7388 7007 6997
f 7388 7377 7378
f 7388 7378 7389
f 7389 7378 7379
f 7389 7379 7390
f 7392 7391 7380
f 7392 7380 7381
f 7009 7008 7393
f 7009 7393 7394
f 7395 7384 7001
f 7395 7001 7010
f 7385 7011 7002
f 7385 7396 7011
f 7395 7385 7384
f 7395 7396 7385
f 7387 7005 7014
f 7387 7014 7398
f 7399 7014 7015
f 7399 7398 7014
f 7388 7017 7007
f 7388 7400 7017
f 7402 7019 7018
f 7402 7018 7401
f 7403 7020 7019
f 7403 7019 7402
f 7021 7020 7403
f 7021 7403 7404
f 7393 7008 7022
f 7393 7022 7405
f 7394 7023 7009
f 7394 7406 7023
f 7023 7405 7022
f 7023 7406 7405
f 7405 7394 7393
f 7405 7406 7394
f 7395 7010 7024
f 7395 7024 7407
f 7396 7025 7011
f 7396 7408 7025
f 7025 7407 7024
f 7025 7408 7407
f 7407 7396 7395
f 7407 7408 7396
f 7408 7396 7397
f 7408 7397 7409
f 7027 7026 7410
f 7027 7410 7411
f 7399 7015 7028
f 7399 7028 7412
f 7411 7398 7399
f 7411 7399 7412
f 7413 7028 7029
f 7413 7412 7028
f 7416 7017 7400
f 7416 7032 7017
f 7417 7401 7018
f 7417 7018 7033
f 7033 7032 7416
f 7033 7416 7417
f 7034 7417 7033
f 7034 7418 7417
f 7418 7401 7417
f 7418 7402 7401
f 7419 7034 7035
f 7419 7418 7034
f 7419 7402 7418
f 7419 7403 7402
f 7420 7021 7404
f 7420 7036 7021
f 7420 7035 7036
f 7420 7419 7035
f 7419 7404 7403
f 7419 7420 7404
f 7421 7037 7036
f 7421 7036 7420
f 7040 7039 7422
f 7040 7422 7423
f 7410 7026 7041
f 7410 7041 7424
f 7425 7027 7411
f 7425 7042 7027
f 7042 7424 7041
f 7042 7425 7424
f 7425 7410 7424
f 7425 7411 7410
f 7413 7029 7044
f 7413 7044 7427
f 7426 7412 7413
f 7426 7413 7427
f 7429 7414 7428
f 7429 7415 7414
f 7430 7033 7417
f 7430 7047 7033
f 7431 7430 7417
f 7431 7417 7418
f 7431 7418 7419
f 7431 7419 7432
f 7433 7420 7036
f 7433 7036 7050
f 7433 7050 7049
f 7433 7049 7432
f 7434 7037 7421
f 7434 7051 7037
f 7434 7050 7051
f 7434 7433 7050
f 7433 7421 7420
f 7433 7434 7421
f 7422 7039 7053
f 7422 7053 7437
f 7423 7054 7040
f 7423 7438 7054
f 7437 7423 7422
f 7437 7438 7423
f 7427 7044 7056
f 7427 7056 7439
f 7441 7428 7440
f 7441 7429 7428
f 7430 7059 7047
f 7430 7442 7059
f 7443 7060 7059
f 7443 7059 7442
f 7444 7432 7049
f 7444 7049 7061
f 7445 7050 7433
f 7445 7062 7050
f 7445 7061 7062
f 7445 7444 7061
f 7444 7433 7432
f 7444 7445 7433
f 7446 7435 7436
f 7446 7436 7447
f 7437 7053 7067
f 7437 7067 7448
f 7438 7068 7054
f 7438 7449 7068
f 7068 7448 7067
f 7068 7449 7448
f 7448 7438 7437
f 7448 7449 7438
f 7450 7069 7068
f 7450 7068 7449
f 7451 7439 7056
f 7451 7056 7071
f 7452 7439 7451
f 7452 7440 7439
f 7443 7074 7060
f 7443 7454 7074
f 7453 7443 7442
f 7453 7454 7443
f 7455 7075 7074
f 7455 7074 7454
f 7456 7076 7075
f 7456 7075 7455
f 7458 7449 7068
f 7458 7068 7081
f 7458 7457 7448
f 7458 7448 7449
f 7450 7082 7069
f 7450 7459 7082
f 7459 7081 7082
f 7459 7458 7081
f 7458 7450 7449
f 7458 7459 7450
f 7460 7451 7071
f 7460 7071 7084
f 7460 7452 7451
f 7460 7461 7452
f 7456 7091 7076
f 7456 7463 7091
f 7462 7456 7455
f 7462 7463 7456
f 7464 7092 7091
f 7464 7091 7463
f 7460 7084 7096
f 7460 7096 7470
f 7096 7095 7469
f 7096 7469 7470
f 7471 7460 7470
f 7471 7461 7460
f 7473 7462 7472
f 7473 7463 7462
f 7464 7101 7092
f 7464 7474 7101
f 7473 7464 7463
f 7473 7474 7464
f 7475 7102 7101
f 7475 7101 7474
f 7476 7103 7102
f 7476 7102 7475
f 7475 7465 7466
f 7475 7466 7476
f 7104 7103 7476
f 7104 7476 7477
f 7478 7477 7467
f 7478 7467 7468
f 7469 7095 7106
f 7469 7106 7481
f 7481 7106 7105
f 7481 7105 7480
f 7482 7469 7481
f 7482 7470 7469
f 7483 7473 7472
f 7483 7484 7473
f 7485 7473 7484
f 7485 7474 7473
f 7486 7104 7477
f 7486 7114 7104
f 7115 7114 7486
f 7115 7486 7487
f 7486 7477 7478
f 7486 7478 7487
f 7488 7116 7115
f 7488 7115 7487
f 7490 7480 7105
f 7490 7105 7117
f 7490 7489 7479
f 7490 7479 7480
f 7491 7480 7490
f 7491 7481 7480
f 7491 7482 7481
f 7491 7492 7482
f 7493 7116 7488
f 7493 7122 7116
f 7494 7123 7122
f 7494 7122 7493
f 7495 7490 7117
f 7495 7117 7124
f 7495 7124 7123
f 7495 7123 7494
f 7495 7494 7489
f 7495 7489 7490
f 7133 7496 7132
f 7133 7497 7496
f 7499 7137 7138
f 7499 7498 7137
f 7142 7500 7141
f 7142 7501 7500
f 7143 7501 7142
f 7143 7502 7501
f 7496 7145 7132
f 7496 7504 7145
f 7145 7503 7144
f 7145 7504 7503
f 7497 7133 7146
f 7497 7146 7505
f 7505 7504 7496
f 7505 7496 7497
f 7149 7506 7148
f 7149 7507 7506
f 7508 7149 7150
f 7508 7507 7149
f 7498 7152 7137
f 7498 7509 7152
f 7499 7138 7153
f 7499 7153 7510
f 7509 7498 7499
f 7509 7499 7510
f 7511 7153 7154
f 7511 7510 7153
f 7500 7156 7141
f 7500 7512 7156
f 7157 7156 7512
f 7157 7512 7513
f 7512 7500 7501
f 7512 7501 7513
f 7502 7143 7158
f 7502 7158 7514
f 7158 7157 7513
f 7158 7513 7514
f 7514 7513 7501
f 7514 7501 7502
f 7503 7159 7144
f 7503 7515 7159
f 7516 7515 7503
f 7516 7503 7504
f 7505 7146 7160
f 7505 7160 7517
f 7516 7504 7505
f 7516 7505 7517
f 7161 7517 7160
f 7161 7518 7517
f 7519 7161 7162
f 7519 7518 7161
f 7520 7148 7506
f 7520 7166 7148
f 7167 7166 7520
f 7167 7520 7521
f 7521 7520 7506
f 7521 7506 7507
f 7508 7150 7168
f 7508 7168 7522
f 7522 7168 7167
f 7522 7167 7521
f 7521 7507 7508
f 7521 7508 7522
f 7523 7152 7509
f 7523 7170 7152
f 7524 7171 7170
f 7524 7170 7523
f 7525 7511 7154
f 7525 7154 7172
f 7525 7172 7171
f 7525 7171 7524
f 7524 7510 7511
f 7524 7511 7525
f 7515 7178 7159
f 7515 7526 7178
f 7527 7526 7515
f 7527 7515 7516
f 7519 7162 7180
f 7519 7180 7529
f 7528 7518 7519
f 7528 7519 7529
f 7187 7530 7186
f 7187 7531 7530
f 7532 7178 7526
f 7532 7192 7178
f 7193 7192 7532
f 7193 7532 7533
f 7529 7180 7195
f 7529 7195 7536
f 7536 7195 7194
f 7536 7194 7535
f 7536 7535 7528
f 7536 7528 7529
f 7197 7537 7196
f 7197 7538 7537
f 7539 7197 7198
f 7539 7538 7197
f 7530 7201 7186
f 7530 7541 7201
f 7541 7200 7201
f 7541 7540 7200
f 7542 7531 7187
f 7542 7187 7202
f 7542 7541 7530
f 7542 7530 7531
f 7203 7542 7202
f 7203 7543 7542
f 7533 7207 7193
f 7533 7545 7207
f 7207 7544 7206
f 7207 7545 7544
f 7547 7535 7194
f 7547 7194 7208
f 7547 7546 7534
f 7547 7534 7535
f 7548 7208 7209
f 7548 7547 7208
f 7537 7210 7196
f 7537 7549 7210
f 7210 7548 7209
f 7210 7549 7548
f 7539 7198 7211
f 7539 7211 7551
f 7550 7538 7539
f 7550 7539 7551
f 7553 7200 7540
f 7553 7213 7200
f 7553 7212 7213
f 7553 7552 7212
f 7554 7541 7542
f 7554 7542 7555
f 7543 7203 7215
f 7543 7215 7556
f 7556 7215 7214
f 7556 7214 7555
f 7556 7555 7542
f 7556 7542 7543
f 7544 7217 7206
f 7544 7558 7217
f 7217 7557 7216
f 7217 7558 7557
f 7559 7558 7544
f 7559 7544 7545
f 7559 7545 7546
f 7559 7546 7560
f 7564 7551 7211
f 7564 7211 7218
f 7565 7212 7552
f 7565 7219 7212
f 7219 7564 7218
f 7219 7565 7564
f 7564 7552 7551
f 7564 7565 7552
f 7221 7220 7566
f 7221 7566 7567
f 7555 7214 7222
f 7555 7222 7568
f 7557 7224 7216
f 7557 7569 7224
f 7570 7225 7224
f 7570 7224 7569
f 7570 7569 7557
f 7570 7557 7558
f 7571 7570 7558
f 7571 7558 7559
f 7572 7560 7561
f 7572 7561 7573
f 7574 7562 7563
f 7574 7563 7575
f 7566 7220 7229
f 7566 7229 7579
f 7580 7221 7567
f 7580 7230 7221
f 7230 7579 7229
f 7230 7580 7579
f 7580 7566 7579
f 7580 7567 7566
f 7568 7222 7231
f 7568 7231 7581
f 7580 7567 7568
f 7580 7568 7581
f 7582 7231 7232
f 7582 7581 7231
f 7583 7232 7233
f 7583 7582 7232
f 7234 7583 7233
f 7234 7584 7583
f 7235 7584 7234
f 7235 7585 7584
f 7587 7225 7570
f 7587 7236 7225
f 7586 7570 7569
f 7586 7587 7570
f 7588 7237 7236
f 7588 7236 7587
f 7589 7576 7577
f 7589 7577 7590
f 7591 7590 7577
f 7591 7577 7578
f 7243 7242 7592
f 7243 7592 7593
f 7585 7235 7246
f 7585 7246 7594
f 7596 7237 7588
f 7596 7248 7237
f 7596 7247 7248
f 7596 7595 7247
f 7595 7588 7587
f 7595 7596 7588
f 7598 7253 7252
f 7598 7252 7597
f 7599 7592 7242
f 7599 7242 7255
f 7593 7256 7243
f 7593 7600 7256
f 7256 7599 7255
f 7256 7600 7599
f 7594 7246 7259
f 7594 7259 7604
f 7259 7258 7603
f 7259 7603 7604
f 7595 7260 7247
f 7595 7605 7260
f 7597 7252 7263
f 7597 7263 7608
f 7598 7264 7253
f 7598 7609 7264
f 7609 7263 7264
f 7609 7608 7263
f 7613 7600 7601
f 7613 7601 7614
f 7603 7258 7268
f 7603 7268 7616
f 7616 7615 7602
f 7616 7602 7603
f 7617 7260 7605
f 7617 7269 7260
f 7618 7270 7269
f 7618 7269 7617
f 7617 7605 7606
f 7617 7606 7618
f 7619 7271 7270
f 7619 7270 7618
f 7618 7606 7607
f 7618 7607 7619
f 7622 7274 7273
f 7622 7273 7621
f 7624 7623 7610
f 7624 7610 7611
f 7625 7624 7611
f 7625 7611 7612
f 7626 7625 7612
f 7626 7612 7613
f 7629 7616 7268
f 7629 7268 7276
f 7629 7276 7275
f 7629 7275 7628
f 7629 7628 7615
f 7629 7615 7616
f 7619 7277 7271
f 7619 7630 7277
f 7631 7278 7277
f 7631 7277 7630
f 7633 7621 7273
f 7633 7273 7280
f 7633 7632 7620
f 7633 7620 7621
f 7634 7274 7622
f 7634 7281 7274
f 7635 7634 7622
f 7635 7622 7623
f 7628 7275 7283
f 7628 7283 7640
f 7640 7639 7627
f 7640 7627 7628
f 7631 7285 7278
f 7631 7642 7285
f 7642 7284 7285
f 7642 7641 7284
f 7641 7631 7630
f 7641 7642 7631
f 7643 7642 7631
f 7643 7631 7632
f 7644 7633 7280
f 7644 7280 7287
f 7644 7287 7286
f 7644 7286 7643
f 7644 7643 7632
f 7644 7632 7633
f 7645 7281 7634
f 7645 7288 7281
f 7289 7288 7645
f 7289 7645 7646
f 7645 7634 7635
f 7645 7635 7646
f 7290 7289 7646
f 7290 7646 7647
f 7646 7635 7636
f 7646 7636 7647
f 7291 7290 7647
f 7291 7647 7648
f 7650 7293 7292
f 7650 7292 7649
f 7649 7637 7638
f 7649 7638 7650
f 7651 7294 7293
f 7651 7293 7650
f 7640 7283 7295
f 7640 7295 7652
f 7653 7284 7641
f 7653 7296 7284
f 7297 7296 7653
f 7297 7653 7654
f 7653 7641 7642
f 7653 7642 7654
f 7643 7286 7298
f 7643 7298 7655
f 7655 7298 7297
f 7655 7297 7654
f 7655 7654 7642
f 7655 7642 7643
f 7656 7291 7648
f 7656 7300 7291
f 7657 7649 7292
f 7657 7292 7301
f 7301 7300 7656
f 7301 7656 7657
f 7651 7303 7294
f 7651 7658 7303
f 7659 7652 7295
f 7659 7295 7304
f 7304 7303 7658
f 7304 7658 7659
f 7658 7651 7652
f 7658 7652 7659
f 7319 7660 7318
f 7319 7661 7660
f 7321 7662 7320
f 7321 7663 7662
f 7664 7321 7322
f 7664 7663 7321
f 7325 7665 7324
f 7325 7666 7665
f 7667 7325 7326
f 7667 7666 7325
f 7328 7668 7327
f 7328 7669 7668
f 7670 7328 7329
f 7670 7669 7328
f 7671 7329 7330
f 7671 7670 7329
f 7660 7332 7318
f 7660 7672 7332
f 7661 7319 7333
f 7661 7333 7673
f 7673 7672 7660
f 7673 7660 7661
f 7662 7334 7320
f 7662 7674 7334
f 7675 7674 7662
f 7675 7662 7663
f 7664 7322 7335
f 7664 7335 7676
f 7675 7663 7664
f 7675 7664 7676
f 7677 7335 7336
f 7677 7676 7335
f 7678 7336 7337
f 7678 7677 7336
f 7679 7324 7665
f 7679 7341 7324
f 7342 7341 7679
f 7342 7679 7680
f 7679 7665 7666
f 7679 7666 7680
f 7667 7326 7343
f 7667 7343 7681
f 7681 7343 7342
f 7681 7342 7680
f 7680 7666 7667
f 7680 7667 7681
f 7668 7344 7327
f 7668 7682 7344
f 7345 7344 7682
f 7345 7682 7683
f 7682 7668 7669
f 7682 7669 7683
f 7684 7346 7345
f 7684 7345 7683
f 7685 7671 7330
f 7685 7330 7347
f 7685 7347 7346
f 7685 7346 7684
f 7684 7670 7671
f 7684 7671 7685
f 7686 7332 7672
f 7686 7349 7332
f 7687 7673 7333
f 7687 7333 7350
f 7350 7349 7686
f 7350 7686 7687
f 7687 7686 7672
f 7687 7672 7673
f 7674 7351 7334
f 7674 7688 7351
f 7689 7688 7674
f 7689 7674 7675
f 7690 7689 7675
f 7690 7675 7676
f 7690 7676 7677
f 7690 7677 7691
f 7692 7678 7337
f 7692 7337 7353
f 7692 7691 7677
f 7692 7677 7678
f 7693 7351 7688
f 7693 7366 7351
f 7694 7367 7366
f 7694 7366 7693
f 7692 7353 7369
f 7692 7369 7697
f 7697 7369 7368
f 7697 7368 7696
f 7696 7691 7692
f 7696 7692 7697
f 7370 7697 7369
f 7370 7698 7697
f 7699 7370 7371
f 7699 7698 7370
f 7700 7371 7372
f 7700 7699 7371
f 7374 7701 7373
f 7374 7702 7701
f 7703 7374 7375
f 7703 7702 7374
f 7694 7379 7367
f 7694 7705 7379
f 7704 7694 7693
f 7704 7705 7694
f 7707 7696 7368
f 7707 7368 7381
f 7707 7381 7380
f 7707 7380 7706
f 7707 7706 7695
f 7707 7695 7696
f 7697 7382 7369
f 7697 7708 7382
f 7382 7707 7381
f 7382 7708 7707
f 7709 7708 7697
f 7709 7697 7698
f 7700 7372 7384
f 7700 7384 7711
f 7710 7699 7700
f 7710 7700 7711
f 7385 7711 7384
f 7385 7712 7711
f 7701 7386 7373
f 7701 7713 7386
f 7386 7712 7385
f 7386 7713 7712
f 7713 7701 7702
f 7713 7702 7714
f 7703 7375 7387
f 7703 7387 7715
f 7715 7714 7702
f 7715 7702 7703
f 7389 7716 7388
f 7389 7717 7716
f 7705 7390 7379
f 7705 7718 7390
f 7390 7717 7389
f 7390 7718 7717
f 7719 7706 7380
f 7719 7380 7391
f 7720 7381 7707
f 7720 7392 7381
f 7392 7719 7391
f 7392 7720 7719
f 7720 7706 7719
f 7720 7707 7706
f 7723 7711 7712
f 7723 7712 7724
f 7397 7396 7724
f 7397 7724 7725
f 7715 7387 7398
f 7715 7398 7727
f 7726 7714 7715
f 7726 7715 7727
f 7716 7400 7388
f 7716 7728 7400
f 7729 7728 7716
f 7729 7716 7717
f 7730 7729 7717
f 7730 7717 7718
f 7731 7721 7722
f 7731 7722 7732
f 7735 7724 7396
f 7735 7396 7408
f 7725 7409 7397
f 7725 7736 7409
f 7409 7735 7408
f 7409 7736 7735
f 7735 7725 7724
f 7735 7736 7725
f 7738 7727 7398
f 7738 7398 7411
f 7737 7726 7727
f 7737 7727 7738
f 7739 7411 7412
f 7739 7738 7411
f 7742 7414 7415
f 7742 7741 7414
f 7743 7400 7728
f 7743 7416 7400
f 7744 7417 7416
f 7744 7416 7743
f 7745 7418 7417
f 7745 7417 7744
f 7746 7419 7418
f 7746 7418 7745
f 7749 7733 7734
f 7749 7734 7750
f 7739 7412 7426
f 7739 7426 7753
f 7754 7426 7427
f 7754 7753 7426
f 7753 7740 7739
f 7753 7754 7740
f 7755 7414 7741
f 7755 7428 7414
f 7755 7740 7754
f 7755 7741 7740
f 7742 7415 7429
f 7742 7429 7756
f 7755 7741 7742
f 7755 7742 7756
f 7758 7430 7431
f 7758 7757 7430
f 7757 7745 7744
f 7757 7758 7745
f 7759 7419 7746
f 7759 7432 7419
f 7759 7431 7432
f 7759 7758 7431
f 7758 7746 7745
f 7758 7759 7746
f 7760 7747 7748
f 7760 7748 7761
f 7762 7436 7435
f 7762 7435 7761
f 7763 7751 7752
f 7763 7752 7764
f 7754 7427 7439
f 7754 7439 7767
f 7768 7428 7755
f 7768 7440 7428
f 7440 7767 7439
f 7440 7768 7767
f 7768 7754 7767
f 7768 7755 7754
f 7769 7756 7429
f 7769 7429 7441
f 7441 7440 7768
f 7441 7768 7769
f 7757 7442 7430
f 7757 7770 7442
f 7772 7761 7435
f 7772 7435 7446
f 7771 7760 7761
f 7771 7761 7772
f 7762 7447 7436
f 7762 7773 7447
f 7773 7446 7447
f 7773 7772 7446
f 7772 7762 7761
f 7772 7773 7762
f 7775 7449 7448
f 7775 7448 7774
f 7776 7765 7766
f 7776 7766 7777
f 7779 7768 7440
f 7779 7440 7452
f 7779 7778 7767
f 7779 7767 7768
f 7770 7453 7442
f 7770 7780 7453
f 7781 7454 7453
f 7781 7453 7780
f 7782 7455 7454
f 7782 7454 7781
f 7774 7448 7457
f 7774 7457 7787
f 7775 7458 7449
f 7775 7788 7458
f 7788 7457 7458
f 7788 7787 7457
f 7787 7775 7774
f 7787 7788 7775
f 7779 7452 7461
f 7779 7461 7791
f 7791 7790 7778
f 7791 7778 7779
f 7782 7462 7455
f 7782 7793 7462
f 7792 7782 7781
f 7792 7793 7782
f 7795 7794 7783
f 7795 7783 7784
f 7466 7465 7795
f 7466 7795 7796
f 7796 7795 7784
f 7796 7784 7785
f 7796 7785 7786
f 7796 7786 7797
f 7798 7468 7467
f 7798 7467 7797
f 7802 7801 7789
f 7802 7789 7790
f 7791 7461 7471
f 7791 7471 7803
f 7471 7470 7802
f 7471 7802 7803
f 7803 7802 7790
f 7803 7790 7791
f 7793 7472 7462
f 7793 7804 7472
f 7807 7795 7465
f 7807 7465 7475
f 7807 7475 7474
f 7807 7474 7806
f 7807 7806 7794
f 7807 7794 7795
f 7808 7466 7796
f 7808 7476 7466
f 7809 7797 7467
f 7809 7467 7477
f 7477 7476 7808
f 7477 7808 7809
f 7808 7796 7797
f 7808 7797 7809
f 7798 7478 7468
f 7798 7810 7478
f 7809 7798 7797
f 7809 7810 7798
f 7812 7480 7479
f 7812 7479 7811
f 7811 7799 7800
f 7811 7800 7812
f 7802 7470 7482
f 7802 7482 7814
f 7814 7813 7801
f 7814 7801 7802
f 7815 7472 7804
f 7815 7483 7472
f 7484 7483 7815
f 7484 7815 7816
f 7815 7804 7805
f 7815 7805 7816
f 7806 7474 7485
f 7806 7485 7817
f 7817 7485 7484
f 7817 7484 7816
f 7817 7816 7805
f 7817 7805 7806
f 7818 7478 7810
f 7818 7487 7478
f 7488 7487 7818
f 7488 7818 7819
f 7820 7811 7479
f 7820 7479 7489
f 7821 7480 7812
f 7821 7490 7480
f 7491 7490 7821
f 7491 7821 7822
f 7821 7812 7813
f 7821 7813 7822
f 7814 7482 7492
f 7814 7492 7823
f 7492 7491 7822
f 7492 7822 7823
f 7822 7813 7814
f 7822 7814 7823
f 7824 7488 7819
f 7824 7493 7488
f 7825 7820 7489
f 7825 7489 7494
f 7825 7494 7493
f 7825 7493 7824
f 7824 7819 7820
f 7824 7820 7825
f 7827 7509 7510
f 7827 7826 7509
f 7517 7828 7516
f 7517 7829 7828
f 7830 7517 7518
f 7830 7829 7517
f 7826 7523 7509
f 7826 7831 7523
f 7827 7510 7524
f 7827 7524 7832
f 7832 7524 7523
f 7832 7523 7831
f 7831 7826 7827
f 7831 7827 7832
f 7828 7527 7516
f 7828 7834 7527
f 7527 7833 7526
f 7527 7834 7833
f 7835 7834 7828
f 7835 7828 7829
f 7830 7518 7528
f 7830 7528 7836
f 7835 7829 7830
f 7835 7830 7836
f 7833 7532 7526
f 7833 7837 7532
f 7533 7532 7837
f 7533 7837 7838
f 7838 7837 7833
f 7838 7833 7834
f 7840 7836 7528
f 7840 7528 7535
f 7840 7535 7534
f 7840 7534 7839
f 7842 7537 7538
f 7842 7841 7537
f 7844 7540 7541
f 7844 7843 7540
f 7845 7533 7838
f 7845 7545 7533
f 7846 7839 7534
f 7846 7534 7546
f 7546 7545 7845
f 7546 7845 7846
f 7845 7838 7839
f 7845 7839 7846
f 7847 7546 7547
f 7847 7846 7546
f 7848 7547 7548
f 7848 7847 7547
f 7841 7549 7537
f 7841 7849 7549
f 7849 7548 7549
f 7849 7848 7548
f 7842 7538 7550
f 7842 7550 7850
f 7850 7849 7841
f 7850 7841 7842
f 7851 7550 7551
f 7851 7850 7550
f 7552 7851 7551
f 7552 7852 7851
f 7843 7553 7540
f 7843 7853 7553
f 7553 7852 7552
f 7553 7853 7852
f 7844 7541 7554
f 7844 7554 7854
f 7855 7554 7555
f 7855 7854 7554
f 7857 7546 7846
f 7857 7560 7546
f 7560 7856 7559
f 7560 7857 7856
f 7561 7560 7857
f 7561 7857 7858
f 7860 7563 7562
f 7860 7562 7859
f 7860 7859 7848
f 7860 7848 7849
f 7860 7849 7850
f 7860 7850 7861
f 7861 7850 7851
f 7861 7851 7862
f 7863 7862 7851
f 7863 7851 7852
f 7855 7555 7568
f 7855 7568 7865
f 7568 7567 7864
f 7568 7864 7865
f 7570 7866 7569
f 7570 7867 7866
f 7856 7571 7559
f 7856 7868 7571
f 7571 7867 7570
f 7571 7868 7867
f 7857 7560 7572
f 7857 7572 7869
f 7869 7868 7856
f 7869 7856 7857
f 7858 7573 7561
f 7858 7870 7573
f 7573 7869 7572
f 7573 7870 7869
f 7859 7562 7574
f 7859 7574 7871
f 7860 7575 7563
f 7860 7872 7575
f 7575 7871 7574
f 7575 7872 7871
f 7872 7860 7861
f 7872 7861 7873
f 7874 7577 7576
f 7874 7576 7873
f 7578 7577 7874
f 7578 7874 7875
f 7876 7864 7567
f 7876 7567 7580
f 7581 7876 7580
f 7581 7877 7876
f 7876 7865 7864
f 7876 7877 7865
f 7878 7581 7582
f 7878 7877 7581
f 7583 7878 7582
f 7583 7879 7878
f 7880 7583 7584
f 7880 7879 7583
f 7881 7584 7585
f 7881 7880 7584
f 7866 7586 7569
f 7866 7882 7586
f 7883 7587 7586
f 7883 7586 7882
f 7882 7866 7867
f 7882 7867 7883
f 7884 7883 7867
f 7884 7867 7868
f 7885 7884 7868
f 7885 7868 7869
f 7886 7870 7871
f 7886 7871 7887
f 7887 7871 7872
f 7887 7872 7888
f 7873 7576 7589
f 7873 7589 7889
f 7890 7589 7590
f 7890 7889 7589
f 7890 7873 7889
f 7890 7874 7873
f 7875 7591 7578
f 7875 7891 7591
f 7591 7890 7590
f 7591 7891 7890
f 7890 7875 7874
f 7890 7891 7875
f 7893 7593 7592
f 7893 7592 7892
f 7894 7879 7880
f 7894 7880 7895
f 7896 7881 7585
f 7896 7585 7594
f 7895 7880 7881
f 7895 7881 7896
f 7897 7587 7883
f 7897 7595 7587
f 7897 7883 7884
f 7897 7884 7898
f 7899 7898 7884
f 7899 7884 7885
f 7900 7886 7887
f 7900 7887 7901
f 7901 7887 7888
f 7901 7888 7902
f 7903 7598 7597
f 7903 7597 7902
f 7903 7902 7888
f 7903 7888 7889
f 7905 7892 7592
f 7905 7592 7599
f 7904 7891 7892
f 7904 7892 7905
f 7906 7593 7893
f 7906 7600 7593
f 7906 7599 7600
f 7906 7905 7599
f 7907 7601 7600
f 7907 7600 7906
f 7909 7603 7602
f 7909 7602 7908
f 7909 7908 7894
f 7909 7894 7895
f 7896 7594 7604
f 7896 7604 7910
f 7910 7604 7603
f 7910 7603 7909
f 7910 7909 7895
f 7910 7895 7896
f 7911 7595 7897
f 7911 7605 7595
f 7606 7605 7911
f 7606 7911 7912
f 7911 7897 7898
f 7911 7898 7912
f 7913 7607 7606
f 7913 7606 7912
f 7914 7902 7597
f 7914 7597 7608
f 7915 7598 7903
f 7915 7609 7598
f 7915 7608 7609
f 7915 7914 7608
f 7914 7903 7902
f 7914 7915 7903
f 7917 7611 7610
f 7917 7610 7916
f 7918 7612 7611
f 7918 7611 7917
f 7906 7600 7613
f 7906 7613 7919
f 7613 7612 7918
f 7613 7918 7919
f 7907 7614 7601
f 7907 7920 7614
f 7614 7919 7613
f 7614 7920 7919
f 7919 7907 7906
f 7919 7920 7907
f 7921 7908 7602
f 7921 7602 7615
f 7923 7607 7913
f 7923 7619 7607
f 7922 7913 7912
f 7922 7923 7913
f 7926 7621 7620
f 7926 7620 7925
f 7927 7622 7621
f 7927 7621 7926
f 7916 7610 7623
f 7916 7623 7928
f 7623 7622 7927
f 7623 7927 7928
f 7929 7623 7624
f 7929 7928 7623
f 7929 7916 7928
f 7929 7917 7916
f 7930 7624 7625
f 7930 7929 7624
f 7930 7917 7929
f 7930 7918 7917
f 7931 7613 7919
f 7931 7626 7613
f 7931 7625 7626
f 7931 7930 7625
f 7931 7918 7930
f 7931 7919 7918
f 7933 7921 7615
f 7933 7615 7628
f 7933 7628 7627
f 7933 7627 7932
f 7934 7619 7923
f 7934 7630 7619
f 7936 7925 7620
f 7936 7620 7632
f 7936 7632 7631
f 7936 7631 7935
f 7936 7935 7924
f 7936 7924 7925
f 7937 7927 7926
f 7937 7938 7927
f 7939 7623 7928
f 7939 7635 7623
f 7939 7927 7938
f 7939 7928 7927
f 7940 7636 7635
f 7940 7635 7939
f 7940 7939 7928
f 7940 7928 7929
f 7638 7637 7941
f 7638 7941 7942
f 7932 7627 7639
f 7932 7639 7943
f 7944 7639 7640
f 7944 7943 7639
f 7944 7932 7943
f 7944 7933 7932
f 7945 7630 7934
f 7945 7641 7630
f 7946 7935 7631
f 7946 7631 7642
f 7642 7641 7945
f 7642 7945 7946
f 7946 7945 7934
f 7946 7934 7935
f 7947 7636 7940
f 7947 7647 7636
f 7648 7647 7947
f 7648 7947 7948
f 7949 7941 7637
f 7949 7637 7649
f 7950 7638 7942
f 7950 7650 7638
f 7651 7650 7950
f 7651 7950 7951
f 7950 7942 7943
f 7950 7943 7951
f 7952 7944 7640
f 7952 7640 7652
f 7652 7651 7951
f 7652 7951 7952
f 7952 7951 7943
f 7952 7943 7944
f 7953 7648 7948
f 7953 7656 7648
f 7954 7949 7649
f 7954 7649 7657
f 7954 7657 7656
f 7954 7656 7953
f 7954 7953 7948
f 7954 7948 7949
f 7956 7669 7670
f 7956 7955 7669
f 7955 7683 7669
f 7955 7957 7683
f 7956 7670 7684
f 7956 7684 7958
f 7958 7684 7683
f 7958 7683 7957
f 7957 7955 7956
f 7957 7956 7958
f 7689 7959 7688
f 7689 7960 7959
f 7690 7960 7689
f 7690 7961 7960
f 7962 7690 7691
f 7962 7961 7690
f 7959 7693 7688
f 7959 7963 7693
f 7966 7962 7691
f 7966 7691 7696
f 7966 7696 7695
f 7966 7695 7965
f 7968 7698 7699
f 7968 7967 7698
f 7971 7693 7963
f 7971 7704 7693
f 7705 7704 7971
f 7705 7971 7972
f 7971 7963 7964
f 7971 7964 7972
f 7973 7965 7695
f 7973 7695 7706
f 7972 7964 7965
f 7972 7965 7973
f 7974 7706 7707
f 7974 7973 7706
f 7975 7707 7708
f 7975 7974 7707
f 7967 7709 7698
f 7967 7976 7709
f 7709 7975 7708
f 7709 7976 7975
f 7968 7699 7710
f 7968 7710 7977
f 7976 7967 7968
f 7976 7968 7977
f 7978 7710 7711
f 7978 7977 7710
f 7713 7979 7712
f 7713 7980 7979
f 7714 7980 7713
f 7714 7981 7980
f 7980 7970 7969
f 7980 7981 7970
f 7983 7705 7972
f 7983 7718 7705
f 7983 7972 7973
f 7983 7973 7984
f 7984 7973 7974
f 7984 7974 7985
f 7986 7985 7974
f 7986 7974 7975
f 7987 7722 7721
f 7987 7721 7986
f 7987 7986 7975
f 7987 7975 7976
f 7987 7976 7977
f 7987 7977 7988
f 7978 7711 7723
f 7978 7723 7989
f 7988 7977 7978
f 7988 7978 7989
f 7990 7712 7979
f 7990 7724 7712
f 7990 7723 7724
f 7990 7989 7723
f 7991 7981 7714
f 7991 7714 7726
f 7991 7982 7981
f 7991 7992 7982
f 7729 7993 7728
f 7729 7994 7993
f 7983 7730 7718
f 7983 7995 7730
f 7730 7994 7729
f 7730 7995 7994
f 7996 7995 7983
f 7996 7983 7984
f 7986 7721 7731
f 7986 7731 7998
f 7987 7732 7722
f 7987 7999 7732
f 7999 7731 7732
f 7999 7998 7731
f 7999 7987 7988
f 7999 7988 8000
f 8001 7734 7733
f 8001 7733 8000
f 8002 7991 7726
f 8002 7726 7737
f 8003 7737 7738
f 8003 8002 7737
f 8002 7992 7991
f 8002 8003 7992
f 8004 7738 7739
f 8004 8003 7738
f 7740 8004 7739
f 7740 8005 8004
f 8006 7740 7741
f 8006 8005 7740
f 7993 7743 7728
f 7993 8007 7743
f 7744 7743 8007
f 7744 8007 8008
f 8007 7993 7994
f 8007 7994 8008
f 8009 8008 7994
f 8009 7994 7995
f 8010 8009 7995
f 8010 7995 7996
f 8011 7997 7998
f 8011 7998 8012
f 7748 7747 8012
f 7748 8012 8013
f 8012 7998 7999
f 8012 7999 8013
f 8014 8000 7733
f 8014 7733 7749
f 8001 7750 7734
f 8001 8015 7750
f 7750 8014 7749
f 7750 8015 8014
f 8014 8001 8000
f 8014 8015 8001
f 7752 7751 8016
f 7752 8016 8017
f 8006 7741 7755
f 8006 7755 8021
f 8020 8005 8006
f 8020 8006 8021
f 7756 8021 7755
f 7756 8022 8021
f 8023 7744 8008
f 8023 7757 7744
f 8024 8023 8008
f 8024 8008 8009
f 8026 8012 7747
f 8026 7747 7760
f 8025 8011 8012
f 8025 8012 8026
f 8027 7748 8013
f 8027 7761 7748
f 8028 8016 7751
f 8028 7751 7763
f 8029 7752 8017
f 8029 7764 7752
f 7764 8028 7763
f 7764 8029 8028
f 8029 8017 8018
f 8029 8018 8030
f 8031 7766 7765
f 8031 7765 8030
f 8032 8019 8020
f 8032 8020 8033
f 8034 7768 7767
f 8034 7767 8033
f 8034 8033 8020
f 8034 8020 8021
f 8022 7756 7769
f 8022 7769 8035
f 7769 7768 8034
f 7769 8034 8035
f 8034 8021 8022
f 8034 8022 8035
f 8036 7757 8023
f 8036 7770 7757
f 8037 8036 8023
f 8037 8023 8024
f 8038 8026 7760
f 8038 7760 7771
f 8039 7761 8027
f 8039 7772 7761
f 8039 7771 7772
f 8039 8038 7771
f 8040 8030 7765
f 8040 7765 7776
f 8031 7777 7766
f 8031 8041 7777
f 7777 8040 7776
f 7777 8041 8040
f 8040 8031 8030
f 8040 8041 8031
f 8033 7767 7778
f 8033 7778 8042
f 8043 7770 8036
f 8043 7780 7770
f 7781 7780 8043
f 7781 8043 8044
f 8043 8036 8037
f 8043 8037 8044
f 8048 7784 7783
f 8048 7783 8047
f 8049 7785 7784
f 8049 7784 8048
f 7786 7785 8049
f 7786 8049 8050
f 8042 7778 7790
f 8042 7790 8053
f 8053 7790 7789
f 8053 7789 8052
f 8054 7781 8044
f 8054 7792 7781
f 7793 7792 8054
f 7793 8054 8055
f 8054 8044 8045
f 8054 8045 8055
f 8057 8047 7783
f 8057 7783 7794
f 8057 8056 8046
f 8057 8046 8047
f 8058 8049 8048
f 8058 8059 8049
f 8060 7786 8050
f 8060 7797 7786
f 8059 8050 8049
f 8059 8060 8050
f 8060 8050 8051
f 8060 8051 8061
f 7800 7799 8062
f 7800 8062 8063
f 8052 7789 7801
f 8052 7801 8064
f 8065 8052 8064
f 8065 8053 8052
f 8066 7793 8055
f 8066 7804 7793
f 7805 7804 8066
f 7805 8066 8067
f 8066 8055 8056
f 8066 8056 8067
f 8068 8057 7794
f 8068 7794 7806
f 8068 7806 7805
f 8068 7805 8067
f 8067 8056 8057
f 8067 8057 8068
f 8069 7797 8060
f 8069 7809 7797
f 7810 7809 8069
f 7810 8069 8070
f 8069 8060 8061
f 8069 8061 8070
f 8072 8062 7799
f 8072 7799 7811
f 8073 7800 8063
f 8073 7812 7800
f 8074 8064 7801
f 8074 7801 7813
f 7813 7812 8073
f 7813 8073 8074
f 8074 8073 8063
f 8074 8063 8064
f 8075 7810 8070
f 8075 7818 7810
f 7819 7818 8075
f 7819 8075 8076
f 8075 8070 8071
f 8075 8071 8076
f 8077 8072 7811
f 8077 7811 7820
f 8077 7820 7819
f 8077 7819 8076
f 7835 8078 7834
f 7835 8079 8078
f 8080 7835 7836
f 8080 8079 7835
f 8081 7834 8078
f 8081 7838 7834
f 7839 7838 8081
f 7839 8081 8082
f 8082 8081 8078
f 8082 8078 8079
f 8080 7836 7840
f 8080 7840 8083
f 8083 7840 7839
f 8083 7839 8082
f 8082 8079 8080
f 8082 8080 8083
f 7844 8084 7843
f 7844 8085 8084
f 7847 8086 7846
f 7847 8087 8086
f 8088 7847 7848
f 8088 8087 7847
f 8084 7853 7843
f 8084 8090 7853
f 7853 8089 7852
f 7853 8090 8089
f 8085 7844 7854
f 8085 7854 8091
f 8091 8090 8084
f 8091 8084 8085
f 8092 7854 7855
f 8092 8091 7854
f 8093 7846 8086
f 8093 7857 7846
f 7858 7857 8093
f 7858 8093 8094
f 8093 8086 8087
f 8093 8087 8094
f 8088 7848 7859
f 8088 7859 8095
f 8095 8094 8087
f 8095 8087 8088
f 7862 8096 7861
f 7862 8097 8096
f 8089 7863 7852
f 8089 8098 7863
f 7863 8097 7862
f 7863 8098 8097
f 8099 8098 8089
f 8099 8089 8090
f 8092 7855 7865
f 8092 7865 8101
f 8100 8091 8092
f 8100 8092 8101
f 8103 7858 8094
f 8103 7870 7858
f 7870 8102 7869
f 7870 8103 8102
f 8104 8095 7859
f 8104 7859 7871
f 8104 7871 7870
f 8104 7870 8103
f 8104 8103 8094
f 8104 8094 8095
f 8096 7873 7861
f 8096 8106 7873
f 7873 8105 7872
f 7873 8106 8105
f 8107 8106 8096
f 8107 8096 8097
f 8101 7865 7877
f 8101 7877 8110
f 7878 8110 7877
f 7878 8111 8110
f 8112 7878 7879
f 8112 8111 7878
f 8102 7885 7869
f 8102 8114 7885
f 8103 7870 7886
f 8103 7886 8115
f 8115 8114 8102
f 8115 8102 8103
f 8105 7888 7872
f 8105 8116 7888
f 7889 7888 8116
f 7889 8116 8117
f 8117 8116 8105
f 8117 8105 8106
f 8118 8117 8106
f 8118 8106 8107
f 8118 8107 8108
f 8118 8108 8119
f 8120 7892 7891
f 8120 7891 8119
f 8119 8108 8109
f 8119 8109 8120
f 8121 7893 7892
f 8121 7892 8120
f 8112 7879 7894
f 8112 7894 8122
f 8114 7899 7885
f 8114 8125 7899
f 7899 8124 7898
f 7899 8125 8124
f 8125 8113 8124
f 8125 8114 8113
f 8115 7886 7900
f 8115 7900 8126
f 8127 7900 7901
f 8127 8126 7900
f 8128 7901 7902
f 8128 8127 7901
f 8129 7889 8117
f 8129 7903 7889
f 7903 8128 7902
f 7903 8129 8128
f 8130 8129 8117
f 8130 8117 8118
f 8119 7891 7904
f 8119 7904 8131
f 8132 7904 7905
f 8132 8131 7904
f 8133 7893 8121
f 8133 7906 7893
f 8133 7905 7906
f 8133 8132 7905
f 8136 8122 7894
f 8136 7894 7908
f 8137 8122 8136
f 8137 8123 8122
f 8138 7898 8124
f 8138 7912 7898
f 8138 8124 8125
f 8138 8125 8139
f 8139 8125 8126
f 8139 8126 8140
f 8140 8126 8127
f 8140 8127 8141
f 8141 8127 8128
f 8141 8128 8142
f 8143 8142 8128
f 8143 8128 8129
f 8143 8129 8130
f 8143 8130 8144
f 8146 8133 8134
f 8146 8134 8147
f 8147 8134 8135
f 8147 8135 8148
f 8149 8136 7908
f 8149 7908 7921
f 8138 7922 7912
f 8138 8150 7922
f 7923 7922 8150
f 7923 8150 8151
f 8150 8138 8139
f 8150 8139 8151
f 8151 8139 8140
f 8151 8140 8152
f 8153 7925 7924
f 8153 7924 8152
f 8153 8152 8140
f 8153 8140 8141
f 7926 7925 8153
f 7926 8153 8154
f 8153 8141 8142
f 8153 8142 8154
f 8154 8142 8143
f 8154 8143 8155
f 8155 8143 8144
f 8155 8144 8156
f 8157 7929 7928
f 8157 7928 8156
f 8159 8158 8145
f 8159 8145 8146
f 8159 8146 8147
f 8159 8147 8160
f 8162 8149 7921
f 8162 7921 7933
f 8161 8148 8149
f 8161 8149 8162
f 8163 7923 8151
f 8163 7934 7923
f 8164 8152 7924
f 8164 7924 7935
f 8164 7935 7934
f 8164 7934 8163
f 8163 8151 8152
f 8163 8152 8164
f 8154 7937 7926
f 8154 8165 7937
f 8166 7938 7937
f 8166 7937 8165
f 8156 7928 7939
f 8156 7939 8167
f 8167 7939 7938
f 8167 7938 8166
f 8157 7940 7929
f 8157 8168 7940
f 8167 8157 8156
f 8167 8168 8157
f 7942 7941 8169
f 7942 8169 8170
f 8171 7943 7942
f 8171 7942 8170
f 8170 8160 8161
f 8170 8161 8171
f 8172 8162 7933
f 8172 7933 7944
f 8172 7944 7943
f 8172 7943 8171
f 8171 8161 8162
f 8171 8162 8172
f 8168 7947 7940
f 8168 8174 7947
f 8173 8168 8167
f 8173 8174 8168
f 8175 7948 7947
f 8175 7947 8174
f 8176 8169 7941
f 8176 7941 7949
f 8176 7949 7948
f 8176 7948 8175
f 7960 8177 7959
f 7960 8178 8177
f 7961 8178 7960
f 7961 8179 8178
f 8180 7961 7962
f 8180 8179 7961
f 8181 7959 8177
f 8181 7963 7959
f 7964 7963 8181
f 7964 8181 8182
f 8181 8177 8178
f 8181 8178 8182
f 8183 7965 7964
f 8183 7964 8182
f 8183 8182 8178
f 8183 8178 8179
f 8180 7962 7966
f 8180 7966 8184
f 8184 7966 7965
f 8184 7965 8183
f 8184 8183 8179
f 8184 8179 8180
f 7970 8185 7969
f 7970 8186 8185
f 8185 7980 7969
f 8185 8188 7980
f 7980 8187 7979
f 7980 8188 8187
f 8189 8186 7970
f 8189 7970 7981
f 8189 8188 8185
f 8189 8185 8186
f 7982 8189 7981
f 7982 8190 8189
f 7985 8191 7984
f 7985 8192 8191
f 8193 7985 7986
f 8193 8192 7985
f 7989 8194 7988
f 7989 8195 8194
f 8187 7990 7979
f 8187 8196 7990
f 7990 8195 7989
f 7990 8196 8195
f 8197 8196 8187
f 8197 8187 8188
f 8197 8188 8189
f 8197 8189 8198
f 8190 7982 7992
f 8190 7992 8199
f 8198 8189 8190
f 8198 8190 8199
f 8191 7996 7984
f 8191 8200 7996
f 8201 8200 8191
f 8201 8191 8192
f 8193 7986 7998
f 8193 7998 8202
f 8202 7998 7997
f 8202 7997 8201
f 8202 8201 8192
f 8202 8192 8193
f 8194 8000 7988
f 8194 8204 8000
f 8000 8203 7999
f 8000 8204 8203
f 8205 8204 8194
f 8205 8194 8195
f 8208 8199 7992
f 8208 7992 8003
f 8004 8208 8003
f 8004 8209 8208
f 8210 8004 8005
f 8210 8209 8004
f 8200 8010 7996
f 8200 8212 8010
f 8010 8211 8009
f 8010 8212 8211
f 8213 8201 7997
f 8213 7997 8011
f 8213 8212 8200
f 8213 8200 8201
f 8203 8013 7999
f 8203 8214 8013
f 8215 8214 8203
f 8215 8203 8204
f 8215 8204 8205
f 8215 8205 8216
f 8218 8017 8016
f 8218 8016 8217
f 8217 8206 8207
f 8217 8207 8218
f 8018 8017 8218
f 8018 8218 8219
f 8210 8005 8020
f 8210 8020 8221
f 8221 8020 8019
f 8221 8019 8220
f 8220 8209 8210
f 8220 8210 8221
f 8211 8024 8009
f 8211 8222 8024
f 8213 8011 8025
f 8213 8025 8224
f 8225 8025 8026
f 8225 8224 8025
f 8226 8013 8214
f 8226 8027 8013
f 8227 8226 8214
f 8227 8214 8215
f 8228 8227 8215
f 8228 8215 8216
f 8229 8217 8016
f 8229 8016 8028
f 8029 8229 8028
f 8029 8230 8229
f 8231 8018 8219
f 8231 8030 8018
f 8030 8230 8029
f 8030 8231 8230
f 8233 8220 8019
f 8233 8019 8032
f 8234 8032 8033
f 8234 8233 8032
f 8233 8221 8220
f 8233 8234 8221
f 8235 8024 8222
f 8235 8037 8024
f 8237 8236 8223
f 8237 8223 8224
f 8225 8026 8038
f 8225 8038 8238
f 8237 8224 8225
f 8237 8225 8238
f 8226 8039 8027
f 8226 8239 8039
f 8039 8238 8038
f 8039 8239 8238
f 8239 8226 8227
f 8239 8227 8240
f 8241 8240 8227
f 8241 8227 8228
f 8243 8242 8230
f 8243 8230 8231
f 8243 8231 8232
f 8243 8232 8244
f 8246 8234 8033
f 8246 8033 8042
f 8247 8037 8235
f 8247 8044 8037
f 8045 8044 8247
f 8045 8247 8248
f 8247 8235 8236
f 8247 8236 8248
f 8248 8236 8237
f 8248 8237 8249
f 8250 8047 8046
f 8250 8046 8249
f 8250 8249 8237
f 8250 8237 8238
f 8048 8047 8250
f 8048 8250 8251
f 8250 8238 8239
f 8250 8239 8251
f 8252 8251 8239
f 8252 8239 8240
f 8051 8050 8253
f 8051 8253 8254
f 8255 8242 8243
f 8255 8243 8256
f 8256 8243 8244
f 8256 8244 8257
f 8257 8244 8245
f 8257 8245 8258
f 8259 8246 8042
f 8259 8042 8053
f 8259 8258 8245
f 8259 8245 8246
f 8260 8045 8248
f 8260 8055 8045
f 8261 8249 8046
f 8261 8046 8056
f 8056 8055 8260
f 8056 8260 8261
f 8261 8260 8248
f 8261 8248 8249
f 8251 8058 8048
f 8251 8262 8058
f 8059 8058 8262
f 8059 8262 8263
f 8253 8050 8060
f 8253 8060 8264
f 8264 8060 8059
f 8264 8059 8263
f 8265 8051 8254
f 8265 8061 8051
f 8265 8253 8264
f 8265 8254 8253
f 8063 8062 8266
f 8063 8266 8267
f 8268 8064 8063
f 8268 8063 8267
f 8267 8257 8258
f 8267 8258 8268
f 8259 8053 8065
f 8259 8065 8269
f 8065 8064 8268
f 8065 8268 8269
f 8269 8268 8258
f 8269 8258 8259
f 8270 8264 8263
f 8270 8271 8264
f 8272 8061 8265
f 8272 8070 8061
f 8271 8265 8264
f 8271 8272 8265
f 8071 8070 8272
f 8071 8272 8273
f 8266 8062 8072
f 8266 8072 8274
f 8275 8272 8271
f 8275 8276 8272
f 8277 8071 8273
f 8277 8076 8071
f 8276 8273 8272
f 8276 8277 8273
f 8278 8274 8072
f 8278 8072 8077
f 8278 8077 8076
f 8278 8076 8277
f 8278 8277 8273
f 8278 8273 8274
f 8280 8090 8091
f 8280 8279 8090
f 8098 8281 8097
f 8098 8282 8281
f 8279 8099 8090
f 8279 8283 8099
f 8099 8282 8098
f 8099 8283 8282
f 8280 8091 8100
f 8280 8100 8284
f 8283 8279 8280
f 8283 8280 8284
f 8285 8100 8101
f 8285 8284 8100
f 8281 8107 8097
f 8281 8286 8107
f 8108 8107 8286
f 8108 8286 8287
f 8287 8286 8281
f 8287 8281 8282
f 8109 8108 8287
f 8109 8287 8288
f 8287 8282 8283
f 8287 8283 8288
f 8288 8283 8284
f 8288 8284 8289
f 8285 8101 8110
f 8285 8110 8290
f 8289 8284 8285
f 8289 8285 8290
f 8291 8110 8111
f 8291 8290 8110
f 8292 8111 8112
f 8292 8291 8111
f 8294 8113 8114
f 8294 8293 8113
f 8295 8114 8115
f 8295 8294 8114
f 8297 8118 8119
f 8297 8296 8118
f 8298 8109 8288
f 8298 8120 8109
f 8121 8120 8298
f 8121 8298 8299
f 8298 8288 8289
f 8298 8289 8299
f 8292 8112 8122
f 8292 8122 8302
f 8301 8291 8292
f 8301 8292 8302
f 8303 8122 8123
f 8303 8302 8122
f 8304 8113 8293
f 8304 8124 8113
f 8125 8124 8304
f 8125 8304 8305
f 8306 8295 8115
f 8306 8115 8126
f 8306 8126 8125
f 8306 8125 8305
f 8306 8305 8294
f 8306 8294 8295
f 8296 8130 8118
f 8296 8307 8130
f 8297 8119 8131
f 8297 8131 8308
f 8307 8296 8297
f 8307 8297 8308
f 8309 8131 8132
f 8309 8308 8131
f 8310 8121 8299
f 8310 8133 8121
f 8310 8132 8133
f 8310 8309 8132
f 8134 8133 8310
f 8134 8310 8311
f 8311 8310 8299
f 8311 8299 8300
f 8135 8134 8311
f 8135 8311 8312
f 8311 8300 8301
f 8311 8301 8312
f 8312 8301 8302
f 8312 8302 8313
f 8303 8123 8137
f 8303 8137 8314
f 8137 8136 8313
f 8137 8313 8314
f 8313 8302 8303
f 8313 8303 8314
f 8307 8144 8130
f 8307 8317 8144
f 8318 8317 8307
f 8318 8307 8308
f 8310 8133 8146
f 8310 8146 8320
f 8146 8145 8319
f 8146 8319 8320
f 8322 8135 8312
f 8322 8148 8135
f 8148 8321 8147
f 8148 8322 8321
f 8323 8313 8136
f 8323 8136 8149
f 8323 8149 8148
f 8323 8148 8322
f 8323 8322 8312
f 8323 8312 8313
f 8155 8324 8154
f 8155 8325 8324
f 8325 8315 8324
f 8325 8316 8315
f 8326 8144 8317
f 8326 8156 8144
f 8326 8155 8156
f 8326 8325 8155
f 8319 8145 8158
f 8319 8158 8327
f 8159 8327 8158
f 8159 8328 8327
f 8327 8320 8319
f 8327 8328 8320
f 8321 8160 8147
f 8321 8329 8160
f 8329 8159 8160
f 8329 8328 8159
f 8330 8322 8148
f 8330 8148 8161
f 8330 8161 8160
f 8330 8160 8329
f 8330 8329 8321
f 8330 8321 8322
f 8324 8165 8154
f 8324 8331 8165
f 8332 8166 8165
f 8332 8165 8331
f 8333 8167 8166
f 8333 8166 8332
f 8335 8329 8160
f 8335 8160 8170
f 8335 8170 8169
f 8335 8169 8334
f 8336 8332 8331
f 8336 8337 8332
f 8333 8173 8167
f 8333 8338 8173
f 8337 8333 8332
f 8337 8338 8333
f 8339 8174 8173
f 8339 8173 8338
f 8175 8174 8339
f 8175 8339 8340
f 8334 8169 8176
f 8334 8176 8341
f 8341 8176 8175
f 8341 8175 8340
f 8343 8340 8342
f 8343 8341 8340
f 8196 8344 8195
f 8196 8345 8344
f 8197 8345 8196
f 8197 8346 8345
f 8198 8346 8197
f 8198 8347 8346
f 8348 8198 8199
f 8348 8347 8198
f 8344 8205 8195
f 8344 8349 8205
f 8350 8349 8344
f 8350 8344 8345
f 8207 8206 8350
f 8207 8350 8351
f 8350 8345 8346
f 8350 8346 8351
f 8351 8346 8347
f 8351 8347 8352
f 8348 8199 8208
f 8348 8208 8353
f 8352 8347 8348
f 8352 8348 8353
f 8354 8208 8209
f 8354 8353 8208
f 8356 8211 8212
f 8356 8355 8211
f 8357 8212 8213
f 8357 8356 8212
f 8358 8205 8349
f 8358 8216 8205
f 8359 8350 8206
f 8359 8206 8217
f 8359 8358 8349
f 8359 8349 8350
f 8360 8207 8351
f 8360 8218 8207
f 8219 8218 8360
f 8219 8360 8361
f 8363 8354 8209
f 8363 8209 8220
f 8364 8220 8221
f 8364 8363 8220
f 8355 8222 8211
f 8355 8365 8222
f 8367 8357 8213
f 8367 8213 8224
f 8367 8224 8223
f 8367 8223 8366
f 8366 8356 8357
f 8366 8357 8367
f 8358 8228 8216
f 8358 8368 8228
f 8359 8217 8229
f 8359 8229 8369
f 8368 8358 8359
f 8368 8359 8369
f 8370 8229 8230
f 8370 8369 8229
f 8371 8219 8361
f 8371 8231 8219
f 8232 8231 8371
f 8232 8371 8372
f 8371 8361 8362
f 8371 8362 8372
f 8373 8372 8362
f 8373 8362 8363
f 8364 8221 8234
f 8364 8234 8374
f 8373 8363 8364
f 8373 8364 8374
f 8375 8222 8365
f 8375 8235 8222
f 8376 8366 8223
f 8376 8223 8236
f 8236 8235 8375
f 8236 8375 8376
f 8368 8241 8228
f 8368 8378 8241
f 8241 8377 8240
f 8241 8378 8377
f 8379 8378 8368
f 8379 8368 8369
f 8370 8230 8242
f 8370 8242 8380
f 8381 8232 8372
f 8381 8244 8232
f 8245 8244 8381
f 8245 8381 8382
f 8381 8372 8373
f 8381 8373 8382
f 8383 8374 8234
f 8383 8234 8246
f 8246 8245 8382
f 8246 8382 8383
f 8383 8382 8373
f 8383 8373 8374
f 8377 8252 8240
f 8377 8386 8252
f 8252 8385 8251
f 8252 8386 8385
f 8387 8386 8377
f 8387 8377 8378
f 8388 8380 8242
f 8388 8242 8255
f 8256 8388 8255
f 8256 8389 8388
f 8390 8256 8257
f 8390 8389 8256
f 8385 8262 8251
f 8385 8392 8262
f 8391 8385 8384
f 8391 8392 8385
f 8393 8263 8262
f 8393 8262 8392
f 8395 8390 8257
f 8395 8257 8267
f 8395 8267 8266
f 8395 8266 8394
f 8393 8270 8263
f 8393 8397 8270
f 8396 8393 8392
f 8396 8397 8393
f 8398 8271 8270
f 8398 8270 8397
f 8394 8266 8274
f 8394 8274 8400
f 8274 8273 8399
f 8274 8399 8400
f 8398 8275 8271
f 8398 8401 8275
f 8402 8276 8275
f 8402 8275 8401
f 8399 8273 8277
f 8399 8277 8403
f 8403 8277 8276
f 8403 8276 8402
f 8404 8399 8403
f 8404 8400 8399
f 8290 8405 8289
f 8290 8406 8405
f 8407 8290 8291
f 8407 8406 8290
f 8409 8293 8294
f 8409 8408 8293
f 8410 8289 8405
f 8410 8299 8289
f 8300 8299 8410
f 8300 8410 8411
f 8410 8405 8406
f 8410 8406 8411
f 8407 8291 8301
f 8407 8301 8412
f 8412 8301 8300
f 8412 8300 8411
f 8411 8406 8407
f 8411 8407 8412
f 8413 8293 8408
f 8413 8304 8293
f 8409 8294 8305
f 8409 8305 8414
f 8414 8305 8304
f 8414 8304 8413
f 8413 8408 8409
f 8413 8409 8414
f 8309 8415 8308
f 8309 8416 8415
f 8417 8309 8310
f 8417 8416 8309
f 8316 8418 8315
f 8316 8419 8418
f 8415 8318 8308
f 8415 8421 8318
f 8318 8420 8317
f 8318 8421 8420
f 8422 8421 8415
f 8422 8415 8416
f 8417 8310 8320
f 8417 8320 8423
f 8422 8416 8417
f 8422 8417 8423
f 8424 8315 8418
f 8424 8324 8315
f 8419 8316 8325
f 8419 8325 8425
f 8424 8418 8419
f 8424 8419 8425
f 8420 8326 8317
f 8420 8426 8326
f 8326 8425 8325
f 8326 8426 8425
f 8427 8426 8420
f 8427 8420 8421
f 8427 8421 8422
f 8427 8422 8428
f 8423 8320 8328
f 8423 8328 8429
f 8428 8422 8423
f 8428 8423 8429
f 8430 8328 8329
f 8430 8429 8328
f 8424 8331 8324
f 8424 8431 8331
f 8432 8431 8424
f 8432 8424 8425
f 8432 8425 8426
f 8432 8426 8433
f 8434 8433 8426
f 8434 8426 8427
f 8435 8428 8429
f 8435 8429 8436
f 8430 8329 8335
f 8430 8335 8437
f 8437 8335 8334
f 8437 8334 8436
f 8437 8436 8429
f 8437 8429 8430
f 8431 8336 8331
f 8431 8438 8336
f 8439 8337 8336
f 8439 8336 8438
f 8438 8431 8432
f 8438 8432 8439
f 8440 8338 8337
f 8440 8337 8439
f 8439 8432 8433
f 8439 8433 8440
f 8339 8338 8440
f 8339 8440 8441
f 8440 8433 8434
f 8440 8434 8441
f 8442 8340 8339
f 8442 8339 8441
f 8443 8436 8334
f 8443 8334 8341
f 8444 8340 8442
f 8444 8342 8340
f 8445 8443 8341
f 8445 8341 8343
f 8343 8342 8444
f 8343 8444 8445
f 8445 8444 8442
f 8445 8442 8443
f 8352 8446 8351
f 8352 8447 8446
f 8353 8447 8352
f 8353 8448 8447
f 8354 8448 8353
f 8354 8449 8448
f 8451 8355 8356
f 8451 8450 8355
f 8446 8360 8351
f 8446 8452 8360
f 8453 8361 8360
f 8453 8360 8452
f 8452 8446 8447
f 8452 8447 8453
f 8362 8361 8453
f 8362 8453 8454
f 8453 8447 8448
f 8453 8448 8454
f 8455 8449 8354
f 8455 8354 8363
f 8455 8363 8362
f 8455 8362 8454
f 8454 8448 8449
f 8454 8449 8455
f 8450 8365 8355
f 8450 8456 8365
f 8451 8356 8366
f 8451 8366 8457
f 8456 8450 8451
f 8456 8451 8457
f 8370 8458 8369
f 8370 8459 8458
f 8460 8365 8456
f 8460 8375 8365
f 8457 8366 8376
f 8457 8376 8461
f 8461 8376 8375
f 8461 8375 8460
f 8460 8456 8457
f 8460 8457 8461
f 8458 8379 8369
f 8458 8463 8379
f 8379 8462 8378
f 8379 8463 8462
f 8459 8370 8380
f 8459 8380 8464
f 8464 8463 8458
f 8464 8458 8459
f 8466 8384 8385
f 8466 8465 8384
f 8467 8385 8386
f 8467 8466 8385
f 8462 8387 8378
f 8462 8468 8387
f 8387 8467 8386
f 8387 8468 8467
f 8469 8468 8462
f 8469 8462 8463
f 8464 8380 8388
f 8464 8388 8470
f 8469 8463 8464
f 8469 8464 8470
f 8471 8388 8389
f 8471 8470 8388
f 8472 8389 8390
f 8472 8471 8389
f 8465 8391 8384
f 8465 8473 8391
f 8474 8392 8391
f 8474 8391 8473
f 8473 8465 8466
f 8473 8466 8474
f 8474 8466 8467
f 8474 8467 8475
f 8476 8475 8467
f 8476 8467 8468
f 8477 8476 8468
f 8477 8468 8469
f 8478 8470 8471
f 8478 8471 8479
f 8480 8472 8390
f 8480 8390 8395
f 8480 8395 8394
f 8480 8394 8479
f 8480 8479 8471
f 8480 8471 8472
f 8474 8396 8392
f 8474 8481 8396
f 8482 8397 8396
f 8482 8396 8481
f 8481 8474 8475
f 8481 8475 8482
f 8483 8398 8397
f 8483 8397 8482
f 8482 8475 8476
f 8482 8476 8483
f 8483 8476 8477
f 8483 8477 8484
f 8486 8479 8394
f 8486 8394 8400
f 8487 8398 8483
f 8487 8401 8398
f 8402 8401 8487
f 8402 8487 8488
f 8487 8483 8484
f 8487 8484 8488
f 8403 8402 8488
f 8403 8488 8489
f 8488 8484 8485
f 8488 8485 8489
f 8490 8486 8400
f 8490 8400 8404
f 8404 8403 8489
f 8404 8489 8490
f 8489 8485 8486
f 8489 8486 8490
f 8428 8491 8427
f 8428 8492 8491
f 8491 8434 8427
f 8491 8493 8434
f 8492 8428 8435
f 8492 8435 8494
f 8493 8491 8492
f 8493 8492 8494
f 8495 8435 8436
f 8495 8494 8435
f 8496 8434 8493
f 8496 8441 8434
f 8442 8441 8496
f 8442 8496 8497
f 8497 8496 8493
f 8497 8493 8494
f 8498 8495 8436
f 8498 8436 8443
f 8443 8442 8497
f 8443 8497 8498
f 8497 8494 8495
f 8497 8495 8498
f 8500 8469 8470
f 8500 8499 8469
f 8499 8477 8469
f 8499 8501 8477
f 8500 8470 8478
f 8500 8478 8502
f 8501 8499 8500
f 8501 8500 8502
f 8503 8478 8479
f 8503 8502 8478
f 8504 8477 8501
f 8504 8484 8477
f 8485 8484 8504
f 8485 8504 8505
f 8504 8501 8502
f 8504 8502 8505
f 8503 8479 8486
f 8503 8486 8506
f 8506 8486 8485
f 8506 8485 8505
f 8505 8502 8503
f 8505 8503 8506
