# parsimony mesh: cplx_CPLX0-3934 (source /Users/eranagmon/code/v2e-cplx/workspace/studies/ecoli-3d/viz/3d/structures/cplx_CPLX0-3934.pdb)
# atoms: 66206  voxel: 8 Å  verts: 7033  tris: 14192
v 45.6159 -168.4740 -203.1430
v 50.5144 -169.7760 -203.5198
v 55.2803 -169.2082 -203.2435
v 45.6159 -166.3325 -203.1430
v 50.5144 -164.9137 -203.5198
v 55.2803 -164.8666 -203.2435
v -122.5002 -0.3121 -203.2294
v -117.4856 -1.3119 -203.3928
v -113.1273 -0.7512 -202.9878
v 45.5516 -0.0560 -203.2509
v 50.5144 -1.1936 -203.6113
v 55.2496 -0.8497 -203.2575
v -122.5002 2.0721 -203.2294
v -117.2607 4.8547 -203.5379
v -112.7927 5.0287 -203.2704
v 45.5516 1.9453 -203.2509
v 51.0208 4.7786 -203.5684
v 55.4218 5.0287 -203.2923
v -114.4440 9.6123 -203.0662
v -112.9201 9.6123 -203.0662
v 54.0250 9.3595 -202.8257
v 54.9891 9.3595 -202.8257
v 45.8800 168.2405 -203.0226
v 50.5144 167.4872 -203.2756
v 55.0751 167.7615 -203.0384
v 45.8800 170.1056 -203.0226
v 50.6291 172.8749 -203.4128
v 55.4937 173.0287 -203.2691
v 53.3722 177.7071 -203.0139
v 55.2594 177.7071 -203.0139
v 52.9681 -184.5143 -195.5000
v 58.5144 -185.2206 -196.0158
v 63.2142 -184.4273 -195.5479
v 21.6489 -175.6000 -194.7137
v 26.5144 -176.6657 -195.3195
v 34.5144 -176.8549 -195.6860
v 42.5144 -176.8013 -196.3055
v 50.3866 -179.1067 -197.5282
v 58.5144 -178.9713 -198.4306
v 63.6238 -178.9713 -195.9643
v 21.5118 -170.9713 -194.8402
v 26.5144 -170.9713 -196.3083
v 34.5144 -170.9713 -197.3375
v 42.7753 -171.0729 -199.8185
v 50.5144 -173.7760 -201.5553
v 58.3728 -171.2375 -198.8167
v 63.2938 -173.2669 -195.4313
v 21.3229 -162.9713 -195.5919
v 26.5144 -162.9713 -197.1650
v 34.5144 -162.9713 -197.4280
v 42.7753 -163.3880 -199.0912
v 50.5144 -160.9137 -200.2955
v 56.8932 -162.5085 -198.8453
v 21.3609 -154.9713 -195.6578
v 26.5144 -154.9713 -196.7497
v 34.1557 -155.2111 -195.7995
v 42.5144 -157.2022 -195.3964
v 50.5144 -156.5558 -196.2955
v 58.2735 -155.0165 -195.8279
v 63.1980 -152.8572 -195.2738
v 22.0938 -150.7347 -194.8545
v 26.5144 -150.5214 -195.1138
v 31.2499 -150.6080 -194.9906
v 60.4514 -150.2056 -195.2738
v 63.1980 -150.2056 -195.2738
v -114.6698 -16.1511 -195.5926
v -109.4856 -16.5708 -196.1675
v -104.7777 -15.9242 -195.6575
v 53.9568 -15.5156 -195.1209
v 58.5144 -16.2350 -195.7924
v 63.4278 -16.1119 -195.6291
v -139.9330 -8.1128 -195.4914
v -135.3091 -8.1128 -195.4914
v -123.2526 -7.8413 -195.5798
v -117.3961 -10.6933 -197.1125
v -109.4856 -10.9713 -197.8549
v -104.9306 -10.9713 -195.4192
v 28.6279 -8.2380 -195.4095
v 34.5144 -8.1336 -195.3950
v 42.5144 -7.7146 -195.3389
v 50.9798 -10.5961 -196.5688
v 58.5144 -10.9713 -197.8720
v 63.6293 -10.9713 -195.9322
v -147.6237 -0.8131 -194.8254
v -142.1540 -3.2764 -196.0056
v -132.9797 -3.4047 -196.4734
v -125.5431 -3.3363 -198.2590
v -117.4856 -5.3119 -200.9663
v -110.0751 -3.8154 -198.3318
v -105.4534 -6.8795 -194.5948
v 21.8667 0.2158 -194.7564
v 26.1825 -2.6590 -195.9168
v 34.5144 -2.9713 -197.0849
v 42.7367 -2.8221 -199.0058
v 50.5144 -5.1936 -200.6405
v 58.2019 -3.2421 -198.5933
v 63.0875 -5.6346 -195.3073
v -148.3613 5.0287 -195.6065
v -141.4856 5.0287 -197.3502
v -133.4856 5.0287 -197.5910
v -125.2944 4.8547 -199.4893
v -119.7774 7.4054 -201.0460
v -111.0029 5.0287 -198.5402
v 21.3671 5.0287 -195.3876
v 26.5144 5.0287 -197.1194
v 34.5144 5.0287 -197.5080
v 42.7367 4.7786 -199.2048
v 48.6917 7.2786 -200.6664
v 57.6510 5.0287 -198.5402
v -147.7602 13.0287 -195.7785
v -141.4856 13.0287 -197.1167
v -133.3315 13.1614 -196.0175
v -124.6937 13.1614 -195.6521
v -117.9558 12.8303 -197.7945
v -109.8207 13.0635 -196.9711
v -105.2082 16.1734 -194.8789
v 21.0678 13.0287 -195.8731
v 26.5144 13.0287 -197.3313
v 34.6972 13.0145 -196.0691
v 42.5144 11.1754 -195.5877
v 51.1188 12.6371 -197.7345
v 58.2513 12.3623 -197.6737
v 63.1831 15.3650 -195.2116
v -146.8223 17.5282 -195.0547
v -141.4856 17.8972 -195.4250
v -135.8954 17.6872 -195.2055
v -121.4992 17.0343 -194.5429
v -121.4676 17.0343 -194.5429
v -106.7566 17.5441 -194.8789
v -105.2082 17.5441 -194.8789
v 21.4677 17.8468 -195.4037
v 26.5144 18.2569 -195.8209
v 32.1524 17.8482 -195.3844
v 53.5460 17.4756 -194.8025
v 58.5144 18.1433 -195.2405
v 63.1831 18.0680 -195.2116
v 53.9661 152.5945 -195.2426
v 58.5144 152.2428 -195.5813
v 63.1213 152.4151 -195.2260
v 28.9038 160.1509 -195.1435
v 32.4876 160.1509 -195.1435
v 45.2962 160.7226 -194.9328
v 50.9854 157.6451 -196.1626
v 58.5144 157.0287 -197.1495
v 63.1792 157.0287 -195.4159
v 20.3712 167.8273 -195.0049
v 26.3480 165.1078 -195.9368
v 34.8983 164.6600 -196.1264
v 42.9214 164.9940 -197.7934
v 50.5144 163.4872 -200.0414
v 58.3201 164.9881 -198.2523
v 62.7939 162.2148 -195.0221
v 20.5035 173.0287 -195.2392
v 26.5144 173.0287 -196.9206
v 34.5144 173.0287 -197.3778
v 42.9338 172.8749 -199.4115
v 48.0389 175.4389 -201.1174
v 57.8348 173.0287 -198.5402
v 21.2944 181.0287 -195.6377
v 26.5144 181.0287 -196.9839
v 34.5144 181.0287 -196.6004
v 42.4267 181.4057 -195.8576
v 50.6381 181.0154 -197.9837
v 58.2556 181.2292 -197.4067
v 62.6144 184.7513 -194.6300
v 21.4258 186.2214 -195.5362
v 26.5144 186.6660 -195.8969
v 34.5144 185.9250 -195.2930
v 39.7016 185.2334 -194.7310
v 53.2373 185.5087 -194.8500
v 58.5144 185.8664 -194.8399
v 62.6144 185.6657 -194.6300
v 53.5236 -191.7936 -188.0954
v 58.5144 -192.1999 -188.9944
v 63.4658 -191.7872 -188.2573
v 12.5400 -185.5209 -187.6281
v 18.5144 -185.6048 -188.5311
v 26.5144 -184.6782 -188.6759
v 34.5144 -184.0484 -187.6345
v 39.3488 -183.0932 -186.7184
v 51.7452 -187.0971 -190.6733
v 59.7830 -186.9455 -190.7431
v 63.3400 -186.8363 -190.6660
v 205.2320 -183.4056 -187.0294
v 206.9942 -183.4056 -187.0294
v -137.7627 -176.1922 -186.5863
v -133.4856 -176.3371 -186.8427
v -129.1054 -175.5714 -186.8975
v 6.2441 -176.0557 -186.7208
v 10.0089 -178.5777 -187.1744
v 18.4248 -178.3499 -190.5341
v 26.5144 -180.6657 -192.6759
v 34.5144 -180.8549 -191.6345
v 42.2150 -180.8257 -189.8471
v 47.7961 -181.6285 -190.5402
v 61.4744 -180.6063 -187.7413
v 63.4534 -178.3523 -190.4608
v 204.5707 -178.9713 -187.1534
v 207.9490 -178.9713 -187.1534
v -137.7627 -174.7955 -186.5863
v -133.4764 -171.6658 -187.2517
v -127.3644 -170.9713 -187.3950
v 6.2441 -174.7634 -186.7208
v 10.9099 -171.2890 -186.8099
v 17.3242 -170.6773 -189.9555
v 61.4652 -167.9335 -192.7600
v 65.6137 -170.4274 -189.9351
v 71.2537 -167.5880 -187.1102
v 204.2357 -170.9713 -187.2691
v 210.5742 -171.0150 -187.3512
v 215.2832 -168.3775 -186.9200
v -130.6786 -162.9713 -187.1792
v -124.8167 -163.6476 -187.4414
v -117.4856 -161.0321 -187.2191
v -113.2169 -159.2585 -186.7955
v 14.3420 -166.4840 -186.8990
v 17.5916 -163.4789 -189.9555
v 60.9135 -162.9713 -192.6114
v 66.5144 -162.9713 -189.6519
v 71.7397 -162.9713 -187.5806
v 204.7853 -165.5488 -187.1838
v 210.5972 -162.9178 -187.3857
v 218.1756 -163.0234 -187.5025
v 223.9229 -160.3914 -187.3785
v -129.7583 -158.9093 -186.6097
v -124.7305 -155.7341 -187.0145
v -118.1402 -155.3696 -187.1260
v -113.2169 -158.3017 -186.7955
v 19.2780 -154.9713 -190.5402
v 30.2157 -151.3258 -187.0846
v 33.9505 -152.0151 -189.7255
v 42.5144 -153.2022 -192.2176
v 50.5144 -152.5558 -193.4379
v 58.2735 -155.0165 -193.8710
v 66.1245 -155.3028 -191.5952
v 71.6097 -154.9713 -187.4525
v 213.3191 -158.2985 -186.9259
v 219.0570 -155.3676 -187.4077
v 223.7874 -154.9713 -187.3353
v -121.5604 -150.8744 -186.6112
v -121.2432 -150.8744 -186.6112
v 21.0781 -150.0602 -190.5402
v 27.1352 -150.0244 -190.0669
v 33.9505 -150.6102 -189.7255
v 43.0870 -147.5560 -188.1131
v 50.5144 -146.9713 -190.4823
v 58.1630 -147.3460 -190.7706
v 66.1245 -149.6152 -189.9798
v 71.0803 -150.6282 -186.9395
v 222.0854 -150.7129 -186.7619
v 222.8032 -150.7129 -186.7619
v 46.1354 -142.7077 -186.9251
v 50.5144 -141.8055 -187.5846
v 55.8745 -141.6804 -187.5479
v -114.1350 -23.3639 -187.4010
v -109.4856 -23.4400 -187.4979
v -105.2139 -23.2037 -186.9564
v 53.9835 -23.4140 -187.2805
v 58.5144 -23.5398 -187.6155
v 62.9963 -23.2866 -187.2336
v -154.2458 -15.4840 -187.2095
v -149.4856 -15.9928 -187.9174
v -141.4856 -16.3317 -188.1897
v -135.6866 -15.9358 -187.5726
v -123.1843 -15.8889 -187.7104
v -117.0691 -18.6867 -190.2223
v -108.3981 -18.9828 -189.8866
v -104.9958 -19.0615 -190.0140
v 13.2614 -16.2112 -187.5545
v 18.5144 -16.0937 -187.6501
v 26.5144 -15.9894 -187.7739
v 32.4144 -16.0721 -187.7195
v 52.3558 -18.4979 -190.1844
v 60.0465 -18.3266 -189.6351
v 63.2120 -18.6136 -189.7808
v -154.4167 -10.9713 -187.1584
v -149.4856 -10.9713 -189.8465
v -142.1540 -10.8562 -192.5101
v -132.8311 -11.1128 -190.7791
v -125.8851 -10.9771 -190.8479
v -120.0032 -13.1746 -193.0437
v -107.5676 -10.9713 -189.3384
v -104.9306 -10.9713 -193.3384
v 6.2917 -7.2801 -186.6272
v 10.6511 -9.9249 -187.0909
v 17.8113 -10.3303 -188.6050
v 26.1825 -10.9313 -191.9040
v 34.8544 -12.2562 -190.4478
v 42.5144 -11.0069 -190.5402
v 48.2144 -13.3508 -190.5402
v 61.7221 -10.9713 -187.4888
v 63.6293 -10.9713 -191.4888
v 204.4403 -8.7442 -186.9308
v 207.3409 -8.7442 -186.9308
v -154.5350 -2.9713 -188.5334
v -149.9685 -3.2764 -192.7850
v -145.2663 -6.1465 -194.2907
v -129.9757 -6.3604 -193.9855
v -128.5860 -6.3604 -193.9855
v -107.6905 -3.7162 -191.2600
v -105.4534 -6.8795 -194.4065
v 6.2917 -6.8216 -186.6272
v 10.9484 -4.0708 -187.2400
v 18.2713 -3.2187 -190.8438
v 23.2946 -5.1175 -193.8350
v 61.5187 -2.7553 -189.8572
v 63.4470 -2.7553 -189.8572
v 204.0342 -2.9713 -187.2586
v 210.2103 -2.7637 -187.5269
v 215.3070 0.0413 -187.2268
v -154.4035 2.8798 -189.0428
v -152.0332 5.3394 -191.2418
v -107.7482 4.7067 -190.5830
v -101.4856 6.3410 -188.0955
v -96.8568 7.3150 -187.2093
v 13.8558 1.9964 -187.8527
v 17.6866 4.8093 -190.5277
v 60.7436 5.0287 -192.2883
v 66.4897 4.4503 -188.5089
v 71.6121 6.7313 -187.4906
v 205.2816 2.8453 -187.1074
v 210.1266 5.3187 -187.6895
v 218.1900 5.3006 -187.7328
v 223.6723 8.1486 -187.1797
v -153.5652 16.4534 -187.0087
v -151.5524 13.4835 -190.0213
v -130.5621 15.9165 -193.7762
v -126.8325 15.9165 -193.7762
v -116.1343 16.0483 -193.9613
v -109.4926 13.4442 -193.6197
v -102.1191 13.3155 -191.1275
v -96.7856 13.0287 -187.2209
v 19.1907 13.0287 -190.5402
v 37.4858 15.6717 -193.4662
v 42.5144 15.1754 -192.9852
v 48.2127 15.9146 -193.5410
v 61.5135 10.0317 -193.7140
v 66.1156 12.8305 -191.7179
v 71.8884 13.0287 -187.6319
v 212.5346 10.0521 -187.2018
v 218.6748 12.8427 -187.7243
v 224.0990 13.0287 -187.5241
v -153.5652 17.2901 -187.0087
v -149.4876 18.2397 -190.0213
v -141.4856 19.1234 -190.5402
v -133.3315 18.5397 -190.8818
v -124.8683 20.4393 -190.7997
v -118.2748 20.2321 -192.4936
v -109.4962 20.5736 -190.8599
v -102.1191 18.2981 -189.8833
v -97.1811 17.3879 -186.7786
v 20.7397 18.5520 -190.5402
v 26.5144 19.8605 -190.5402
v 34.6972 18.6648 -190.6958
v 42.6947 20.8181 -189.1583
v 50.7333 20.4968 -192.0192
v 58.7823 22.1600 -190.3566
v 66.1156 19.0476 -190.0433
v 71.2487 17.6216 -187.0454
v 221.4485 18.0246 -187.2126
v 223.4693 18.0246 -187.2126
v -122.9041 26.1755 -187.8231
v -116.6856 28.9168 -188.0410
v -112.5482 29.0287 -187.4540
v 45.4815 25.8683 -187.6437
v 50.5144 27.2011 -188.1384
v 56.2942 27.0857 -187.5676
v -113.4856 33.0287 -186.5402
v -113.4856 33.0287 -186.5402
v 13.6100 152.2579 -187.3805
v 16.5010 152.2579 -187.3805
v 28.3799 152.1874 -187.5686
v 31.8419 152.1874 -187.5686
v 52.4231 151.1418 -190.5402
v 58.5144 149.8425 -190.5402
v 63.2328 151.7294 -190.5402
v -138.0561 160.7788 -186.6774
v -137.0489 160.7788 -186.6774
v 6.2595 160.8736 -186.6050
v 10.7717 157.7356 -187.3661
v 18.9063 156.5267 -188.4153
v 25.9752 156.8381 -190.6278
v 34.8314 157.2740 -190.7570
v 42.5835 158.8845 -190.9834
v 48.4231 155.3223 -190.5402
v 61.7544 159.5379 -188.1442
v 63.2568 156.9342 -190.7026
v 198.3091 160.9350 -186.6039
v 202.5144 160.2322 -186.9903
v 207.2131 160.0605 -187.0767
v -138.0561 162.2901 -186.6774
v -134.3698 164.9789 -187.1119
v -127.9099 167.6677 -187.5465
v 6.2595 161.2206 -186.6050
v 10.8500 164.3439 -188.1713
v 18.0285 165.1078 -192.4204
v 23.5705 162.4939 -193.6870
v 37.8209 161.7475 -193.9455
v 39.9629 161.7475 -193.9455
v 61.6598 165.2593 -190.4236
v 62.8431 165.2593 -190.4236
v 198.3091 161.3452 -186.6039
v 202.6652 164.4186 -187.1743
v 210.1336 165.5000 -187.4962
v 215.0357 168.4808 -187.1405
v -132.2758 173.0287 -187.9148
v -125.3402 173.2398 -187.8238
v -120.5322 176.0472 -186.8467
v 13.7405 169.9010 -188.7224
v 17.0467 172.7521 -191.0495
v 60.8555 173.0287 -192.4045
v 65.9412 172.9453 -188.6188
v 71.6841 175.5564 -187.5187
v 198.4727 176.9277 -186.5604
v 202.6652 173.7681 -186.8486
v 210.5144 173.0287 -187.7519
v 218.0272 173.6758 -187.3357
v 222.8887 176.7738 -186.7443
v -131.0007 177.9336 -187.3667
v -124.9221 180.7717 -187.3852
v -117.7136 181.1984 -187.1161
v -113.1669 183.9781 -186.9181
v 19.0872 181.0287 -190.5402
v 45.0349 184.3238 -194.1136
v 47.9039 184.3238 -194.1136
v 61.2517 179.4180 -193.5297
v 66.3406 182.1156 -190.5242
v 71.6841 179.4798 -187.5187
v 198.4727 177.0554 -186.5604
v 202.5144 177.0826 -186.5832
v 210.5144 177.8638 -186.9592
v 218.4555 180.8696 -187.4386
v 223.6912 181.0287 -187.2720
v -121.8797 185.9659 -186.8156
v -117.4856 186.0730 -187.0302
v -113.1669 185.4839 -186.9181
v 20.3144 187.8110 -190.5402
v 26.5144 189.6610 -190.5402
v 34.5144 188.0083 -190.5402
v 42.6197 188.4485 -190.9670
v 50.5481 188.5166 -192.4932
v 59.0608 190.1679 -190.3810
v 64.2537 187.0928 -190.5402
v 221.0830 186.5768 -187.3119
v 223.7091 186.5768 -187.3119
v 45.5378 194.0012 -187.8205
v 50.8285 196.8122 -188.3530
v 56.8939 197.0287 -187.8460
v 53.7046 201.4533 -187.2133
v 55.4430 201.4533 -187.2133
v 6.4998 -190.9858 -178.5562
v 10.5144 -191.3016 -180.3843
v 18.5144 -191.6315 -180.9919
v 24.6144 -191.4257 -179.3664
v 53.5236 -191.7936 -184.4042
v 58.5144 -192.1999 -183.8326
v 63.4658 -191.7872 -185.0660
v 5.5372 -186.9713 -180.0181
v 10.1298 -187.7010 -184.3882
v 18.5144 -189.6048 -184.9919
v 26.9744 -188.8872 -182.2359
v 34.5987 -185.1834 -183.1114
v 39.3488 -183.0932 -186.1589
v 51.6962 -187.4518 -182.0586
v 58.7839 -187.1754 -182.0684
v 63.4658 -189.2454 -185.0660
v 205.2320 -183.4056 -185.4068
v 206.9942 -183.4056 -185.4068
v -153.4983 -175.0064 -178.5637
v -149.4856 -176.6501 -179.8522
v -140.8518 -178.3577 -182.7757
v -133.4856 -178.0996 -182.5402
v -129.1030 -175.5190 -182.5402
v -1.7201 -175.6889 -178.9429
v 3.0685 -178.5389 -182.3855
v 10.0089 -178.5777 -185.0496
v 15.2007 -175.7664 -184.2711
v 36.9229 -178.9713 -180.9334
v 42.0693 -179.4152 -182.8023
v 47.7347 -181.6371 -182.5402
v 60.9187 -180.4123 -182.5402
v 63.6307 -176.4123 -182.5402
v 189.8158 -176.8767 -179.4668
v 194.5144 -177.7431 -180.6161
v 202.5519 -179.1081 -182.8941
v 208.4155 -178.8613 -182.6602
v -153.4983 -174.9469 -178.5637
v -149.2352 -171.7567 -181.1534
v -140.8518 -171.6658 -185.1950
v -136.1370 -169.4621 -185.2997
v -124.5106 -170.4901 -183.1455
v -120.8433 -167.5027 -180.8824
v -1.7201 -174.5317 -178.9429
v 3.5090 -171.9809 -181.5530
v 10.9099 -171.2890 -184.2171
v 15.2007 -173.1480 -184.2711
v 37.5852 -173.4809 -179.4457
v 39.4564 -173.4809 -179.4457
v 67.6307 -171.9836 -182.5402
v 71.3012 -167.9836 -182.5402
v 189.8158 -173.2253 -179.4668
v 194.2220 -170.7237 -181.3194
v 200.2357 -170.9713 -185.3192
v 212.5309 -173.1626 -182.5402
v 216.9034 -169.1626 -182.5402
v -146.4016 -164.6935 -181.1461
v -141.8128 -162.4046 -181.6224
v -134.6786 -162.9713 -184.4386
v -121.7042 -166.7652 -186.2157
v -117.9002 -163.8562 -183.1455
v -113.2555 -159.2320 -182.5402
v 6.1072 -166.6186 -178.8297
v 11.4641 -163.8847 -181.9196
v 15.8984 -161.1507 -185.0095
v 72.3704 -162.9713 -182.5402
v 196.5855 -162.9713 -180.5467
v 202.2769 -162.9178 -184.1750
v 207.9857 -160.2154 -185.2562
v 220.9034 -165.7282 -182.5402
v 224.2862 -161.7282 -182.5402
v -139.3643 -158.4977 -179.6451
v -132.8492 -157.9160 -182.4032
v -124.7305 -154.0933 -183.1761
v -118.1402 -154.4325 -183.1761
v -113.2555 -158.4313 -182.5402
v 14.0562 -154.9713 -179.4383
v 16.4315 -154.9713 -183.4383
v 30.2157 -151.3258 -185.8305
v 31.3177 -151.3258 -185.8305
v 72.4618 -154.9713 -182.5402
v 197.7631 -157.8025 -179.3514
v 202.5144 -157.6821 -180.1857
v 210.5972 -157.2976 -182.5698
v 219.0570 -153.8725 -183.0351
v 224.1051 -155.2160 -183.0351
v -121.5604 -150.8744 -186.2667
v -121.2432 -150.8744 -186.2667
v 14.4983 -150.9478 -178.6017
v 18.4176 -149.3208 -181.7771
v 27.1352 -149.0440 -182.9144
v 34.1964 -150.2226 -182.9144
v 41.7209 -146.3991 -182.5402
v 61.2078 -144.4865 -184.8914
v 66.0909 -146.5247 -182.3509
v 71.3926 -150.2767 -182.5402
v 222.0854 -150.7129 -186.0317
v 222.8032 -150.7129 -186.0317
v 45.7209 -142.4077 -182.5402
v 50.5144 -141.2696 -182.5402
v 58.5305 -141.6984 -182.3509
v 63.1419 -142.3673 -179.5580
v -114.1350 -23.3639 -185.3652
v -109.4856 -23.4400 -185.3504
v -105.2139 -23.2037 -186.1288
v 53.9835 -23.4140 -184.9955
v 58.5144 -23.5398 -184.8817
v 62.9963 -23.2866 -185.8736
v -163.5493 -16.5040 -180.1710
v -157.1418 -17.4655 -182.7187
v -149.4856 -19.3061 -182.5402
v -141.4856 -18.6966 -182.5402
v -135.6065 -16.3301 -182.5402
v -123.1843 -15.8889 -184.1395
v -117.7118 -18.9511 -182.0857
v -109.5680 -19.4394 -183.0804
v -105.2139 -22.1989 -186.1288
v 5.1140 -16.5420 -180.0780
v 10.5626 -17.8449 -182.6629
v 18.5144 -19.1205 -182.5402
v 26.5144 -18.5981 -182.5402
v 32.8117 -16.8628 -182.5402
v 51.9273 -19.2307 -182.4134
v 59.1158 -18.9262 -182.7679
v 62.9963 -21.1153 -185.8736
v -169.8346 -8.5262 -179.6431
v -165.9239 -11.1042 -181.5217
v -158.4167 -10.9713 -185.4399
v -131.9119 -11.2562 -182.4577
v -125.7048 -11.2562 -182.6213
v -121.3325 -10.9713 -178.7447
v -107.9726 -10.5296 -182.2262
v -105.0322 -7.5686 -179.3502
v 4.2900 -10.3566 -182.6629
v 10.6511 -9.9249 -185.8255
v 14.6759 -7.2364 -186.2396
v 37.0762 -11.3264 -181.8196
v 42.5144 -10.2635 -182.8966
v 47.6379 -11.6500 -181.9459
v 61.2573 -10.7698 -182.5527
v 63.2530 -7.9688 -179.8943
v 189.8008 -8.0733 -179.5212
v 194.5144 -8.5197 -180.9371
v 202.0699 -8.7213 -183.0691
v 207.2914 -8.4370 -182.5402
v -169.8346 -5.5071 -179.6431
v -165.6779 -2.8928 -180.9379
v -158.5350 -2.9713 -184.7102
v -130.7016 -5.3067 -179.7360
v -125.4856 -5.7174 -179.4420
v -121.4785 -6.9640 -178.5468
v -107.0887 -2.9713 -184.4058
v -103.4557 -2.9713 -180.4058
v 4.4113 -3.6815 -182.2174
v 10.9484 -4.0708 -185.4543
v 14.6759 -6.6533 -186.2396
v 38.3876 -5.4986 -178.6726
v 42.5144 -5.6732 -178.8966
v 46.8345 -6.7132 -178.8830
v 61.8832 -5.2094 -185.2277
v 66.1964 -2.5778 -182.8701
v 70.9079 0.0538 -180.5125
v 189.8008 -5.0672 -179.5212
v 194.1020 -2.6289 -181.3585
v 200.0342 -2.9713 -185.3273
v 211.2914 -4.4718 -182.5402
v 216.1039 -0.4718 -182.5402
v -163.1393 1.9398 -179.1981
v -156.9343 5.0765 -182.1571
v -152.5640 8.2131 -185.1161
v -106.3096 1.8254 -185.5510
v -100.9337 2.6840 -182.7467
v -96.9043 6.5003 -182.5402
v 5.3161 1.8701 -179.3356
v 11.1631 4.5999 -182.0950
v 15.9978 7.3298 -184.8545
v 69.1398 1.3980 -185.8459
v 71.8416 4.4503 -182.9236
v 196.4019 5.0287 -180.7115
v 202.5747 5.3187 -184.6394
v 207.2013 8.1786 -185.8104
v 220.1039 3.5952 -182.5402
v 223.9934 7.5952 -182.5402
v -154.3197 13.4835 -182.4857
v -152.5640 11.1201 -185.1161
v -96.6097 13.0287 -182.5402
v 13.7214 13.0287 -179.9828
v 16.6372 13.0287 -183.9828
v 72.7984 13.0287 -182.5402
v 197.7184 11.2996 -179.9340
v 202.5144 11.4267 -181.0381
v 210.6787 12.6703 -182.3662
v 218.2892 15.4132 -182.0051
v 224.2705 12.8761 -182.4690
v -154.0436 18.0571 -182.5402
v -149.4856 20.7121 -182.5402
v -141.4856 20.2583 -182.5402
v -133.4856 20.1282 -182.5402
v -127.8155 23.5535 -182.5402
v -106.9024 23.6032 -184.2248
v -102.1329 21.2712 -181.9510
v -97.1910 17.4010 -182.5402
v 14.1678 17.5664 -179.4827
v 18.9649 20.5707 -182.0385
v 26.1160 21.8785 -182.1726
v 34.5144 19.6790 -182.5402
v 41.3418 22.5264 -182.5402
v 61.6275 24.0947 -185.4303
v 66.2453 21.9820 -182.6742
v 71.4345 17.9209 -182.5402
v 214.1562 17.2500 -178.9220
v 218.2892 17.6373 -182.0051
v 223.4693 18.0246 -185.0882
v -123.8155 26.5378 -182.5402
v -116.6856 29.7552 -183.3402
v -110.1940 28.0831 -182.7158
v -105.2311 25.2721 -178.8914
v 22.0683 25.3259 -179.2609
v 23.1838 25.3259 -179.2609
v 45.3418 25.9964 -182.5402
v 50.5144 27.9905 -182.5402
v 58.7823 27.1655 -182.6742
v 63.3992 25.9311 -180.0969
v -113.4856 33.0287 -186.5402
v -113.4856 33.0287 -186.5402
v 5.6130 152.1717 -179.4769
v 10.7717 151.2945 -182.3022
v 18.9063 151.2529 -182.8526
v 26.0337 151.8210 -182.8526
v 31.6992 152.2138 -182.5402
v 51.8589 150.3524 -182.5402
v 58.5305 150.2164 -182.7818
v 62.8654 151.9100 -185.6096
v -147.1804 160.2375 -180.1018
v -141.0279 160.0096 -182.6772
v -136.4122 160.3482 -182.5402
v 4.7312 157.7356 -182.3022
v 8.2766 155.5402 -184.8102
v 21.8343 153.5253 -185.7275
v 23.0465 153.5253 -185.7275
v 36.1905 157.0497 -181.8174
v 42.5144 158.5780 -183.4170
v 48.1175 156.6472 -182.3645
v 60.7871 156.9342 -182.7818
v 62.8654 154.2046 -185.6096
v 189.9213 160.3655 -179.4897
v 195.1912 160.2959 -182.3099
v 203.1054 160.1129 -181.8769
v 207.2131 160.0605 -184.1013
v -147.6293 165.0287 -181.2536
v -141.0279 164.9855 -185.2023
v -134.3887 164.9830 -184.0340
v -127.2400 167.0027 -182.5402
v 4.0386 164.3439 -182.4373
v 8.4071 166.5539 -185.0353
v 37.9947 165.0287 -179.0029
v 41.9961 164.6307 -179.5346
v 47.3936 161.6987 -179.5807
v 61.3352 163.1199 -182.5402
v 65.9412 167.2864 -181.9857
v 70.6618 168.6699 -178.9495
v 190.0587 165.0287 -179.2752
v 195.1912 164.4186 -183.2720
v 203.1326 163.9550 -182.1072
v 210.1336 163.7573 -181.8769
v 215.2884 168.2874 -182.5402
v -146.6239 173.0287 -181.7986
v -141.4856 173.0287 -184.4302
v -136.2758 173.0287 -185.1718
v -123.2400 171.2390 -182.5402
v -119.6509 175.2390 -182.5402
v 4.4586 170.1332 -179.7020
v 10.9542 172.6838 -182.3785
v 16.0829 175.2344 -185.0550
v 37.9411 170.0327 -179.0285
v 38.9840 170.0327 -179.0285
v 68.2257 170.2230 -184.2828
v 71.7018 172.9453 -181.9857
v 190.4999 169.0676 -178.5708
v 195.1958 172.9976 -182.0086
v 200.0991 171.5943 -185.4465
v 219.2884 172.3018 -182.5402
v 223.3418 176.3018 -182.5402
v -146.1010 181.0287 -180.5092
v -141.4492 181.2613 -180.9293
v -133.5280 181.0083 -182.0999
v -127.2131 183.2670 -184.3030
v -116.0734 181.1984 -182.6562
v -113.1669 183.9781 -185.4001
v 13.6125 181.0287 -180.1634
v 16.3072 181.0287 -184.1634
v 70.0668 184.8131 -185.6766
v 71.8309 181.6993 -182.8221
v 197.1184 180.2447 -181.9164
v 202.2915 181.1198 -181.9164
v 210.3831 181.7447 -182.5227
v 215.7496 183.4302 -185.1777
v 224.4480 181.0287 -182.5402
v -145.9517 185.5597 -178.8773
v -144.0916 185.5597 -178.8773
v -130.7219 185.3412 -178.9697
v -124.9221 186.2766 -181.9979
v -117.5412 186.3622 -182.6562
v -113.1669 185.4839 -185.4001
v 14.3250 185.3666 -179.5230
v 18.6531 189.1229 -182.8790
v 26.3618 190.8330 -183.1571
v 34.5144 188.2820 -182.5402
v 40.8699 190.9145 -182.5402
v 62.0917 192.4771 -186.2318
v 67.3231 189.3132 -183.2876
v 70.8770 186.1492 -180.3433
v 197.4917 185.3724 -178.8339
v 199.4762 185.3724 -178.8339
v 212.9623 185.8746 -179.8443
v 218.4555 186.6626 -182.5227
v 223.6205 186.4367 -182.5402
v 21.9699 193.4416 -180.9016
v 23.5934 193.4416 -180.9016
v 44.8699 194.9217 -182.5402
v 50.8285 198.3486 -182.7407
v 58.7674 197.2463 -183.2198
v 64.5794 195.1216 -180.8985
v 53.7046 201.4533 -185.5411
v 55.4430 201.4533 -185.5411
v 5.8074 -191.9924 -174.5402
v 10.5144 -192.9667 -174.5402
v 18.5144 -193.2686 -174.5402
v 26.9744 -192.1167 -174.4911
v 30.6670 -191.1162 -171.7916
v -1.6354 -183.2129 -171.0006
v 1.9758 -186.3163 -174.0164
v 29.9478 -190.5553 -177.1250
v 32.1583 -187.5217 -174.4911
v 52.8864 -185.1055 -177.6272
v 56.0934 -185.1055 -177.6272
v -153.4983 -175.0064 -178.5149
v -149.4856 -176.6501 -177.0236
v -141.8306 -178.1632 -174.1421
v -133.4856 -178.1074 -174.5402
v -127.6467 -175.7699 -174.5402
v -1.9368 -178.6018 -174.0164
v -0.1073 -181.0222 -176.3339
v 34.7634 -178.9713 -174.5402
v 44.7897 -176.5418 -177.6534
v 50.3376 -179.1136 -176.9808
v 58.6618 -179.1431 -176.6756
v 63.9169 -176.5909 -177.1447
v 189.8158 -176.8767 -177.3746
v 194.4657 -177.9680 -174.6408
v 202.5144 -178.9425 -174.5402
v 210.4678 -176.4480 -174.1699
v 215.0365 -175.2267 -171.2564
v -153.4983 -174.9469 -178.5149
v -149.3193 -171.9428 -174.8625
v -144.7273 -174.2720 -171.2100
v -123.6467 -172.6741 -174.5402
v -120.7764 -168.6741 -174.5402
v -1.9373 -173.7576 -174.5402
v 1.1093 -169.7576 -174.5402
v 36.8230 -172.3761 -174.5402
v 42.2796 -171.3326 -174.8081
v 50.5144 -172.0071 -173.2757
v 58.5144 -172.8977 -172.8941
v 66.2094 -170.6295 -175.0139
v 70.8241 -167.7043 -178.2164
v 189.9086 -170.4691 -174.6037
v 191.5635 -170.4691 -174.6037
v 213.1034 -173.8202 -176.5897
v 217.0425 -171.0806 -174.1699
v -147.2377 -162.4046 -174.8896
v -144.6976 -159.3602 -177.7893
v -117.5931 -162.2075 -175.3168
v -113.4475 -159.0317 -178.5012
v 5.3824 -163.5597 -173.7499
v 8.5862 -161.2853 -175.8897
v 67.7496 -162.9713 -173.7436
v 71.1451 -162.9713 -177.7436
v 190.0014 -166.1650 -171.8327
v 192.8633 -163.2875 -174.5157
v 213.7285 -159.7639 -171.3718
v 219.0268 -163.1621 -174.4072
v 223.4682 -161.2270 -177.4427
v -146.0717 -157.7298 -172.4559
v -141.8128 -157.2524 -174.8896
v -133.4856 -156.4858 -174.5402
v -125.4856 -156.4215 -174.5402
v -118.1605 -157.9156 -175.3168
v -113.4475 -158.9209 -178.5012
v 6.5012 -158.9595 -170.5564
v 10.7709 -155.7642 -173.7499
v 29.8103 -152.0196 -171.8094
v 34.5144 -152.3172 -172.3918
v 39.2579 -151.7175 -171.7398
v 68.5149 -154.9713 -172.9410
v 71.3665 -154.9713 -176.9410
v 196.8160 -157.0419 -174.5402
v 202.5144 -155.9551 -174.5402
v 210.8429 -157.1620 -174.2392
v 218.5144 -157.1024 -176.3407
v 223.4682 -158.0459 -177.4427
v 14.2812 -150.6012 -174.5402
v 19.1963 -146.4258 -174.1619
v 27.9269 -147.3356 -173.9892
v 33.1612 -147.9120 -174.2021
v 41.0480 -147.5288 -174.4600
v 60.4503 -144.0444 -171.8349
v 66.3321 -147.2163 -174.4906
v 71.1194 -150.3882 -177.1463
v 22.3176 -142.8567 -171.2431
v 26.5144 -142.2618 -171.6241
v 31.3570 -142.1399 -171.2825
v 45.1238 -141.9411 -174.5402
v 50.5144 -141.6275 -174.5402
v 58.0759 -142.3580 -174.5170
v 63.1419 -142.3673 -177.1682
v -162.3911 -23.8621 -171.8684
v -159.6509 -23.8621 -171.8684
v -147.2704 -23.6428 -172.7608
v -144.5043 -23.6428 -172.7608
v 5.8951 -23.7545 -171.8117
v 10.5144 -23.6005 -171.7605
v 18.5144 -23.4849 -172.3012
v 23.9052 -23.6004 -172.5327
v -169.9012 -15.6295 -172.1820
v -165.6369 -18.7334 -174.6919
v -157.1848 -21.5465 -174.5371
v -149.7565 -22.0105 -175.0725
v -141.6968 -20.5408 -175.0725
v -136.6065 -16.2037 -174.5402
v -115.9553 -16.6799 -177.4576
v -112.1879 -16.6799 -177.4576
v 4.1025 -19.1137 -174.5031
v 10.5144 -21.6333 -175.7605
v 18.5144 -21.9981 -176.3012
v 26.5489 -21.1019 -174.9357
v 31.9641 -17.0917 -174.5402
v 53.2425 -16.7370 -177.6763
v 56.1423 -16.7370 -177.6763
v -170.2320 -11.1042 -174.7253
v -168.8827 -13.8595 -177.5154
v -134.9604 -10.9713 -174.5402
v -117.3325 -10.9713 -176.3835
v -109.5070 -10.5296 -176.4987
v -105.0322 -7.5686 -178.0134
v -1.5796 -7.7094 -171.3383
v 0.0236 -10.6142 -174.2191
v 34.7811 -10.9713 -174.5402
v 51.8005 -10.9713 -176.9478
v 58.6911 -10.7698 -176.8255
v 63.2530 -7.9688 -177.8056
v 189.8008 -8.0733 -177.4697
v 194.6275 -8.6741 -174.6979
v 202.5144 -8.8299 -174.5402
v 208.3365 -7.5280 -174.5402
v -170.2556 -2.8928 -174.7224
v -168.4727 -0.1738 -177.5105
v -131.8395 -4.2375 -174.5402
v -125.2538 -1.5799 -174.1630
v -118.2814 -3.7669 -174.9215
v -109.4856 -2.9713 -173.6057
v -103.4557 -2.9713 -176.6576
v -1.5644 -2.9713 -171.1693
v 0.0526 -2.9713 -175.1693
v 37.3314 -4.3242 -174.5402
v 42.5648 -1.4987 -174.0539
v 50.0406 -3.1103 -174.1720
v 58.5144 -3.7617 -173.0447
v 65.6453 -2.3843 -175.3009
v 70.9079 0.0538 -178.1295
v 189.8008 -5.0672 -177.4697
v 192.0573 -2.6289 -174.6979
v 212.3365 -5.4888 -174.5402
v 216.5956 -1.4888 -174.5402
v -169.9406 1.8949 -172.1772
v -165.4426 4.5840 -174.5038
v -159.4651 7.2732 -176.8304
v -122.4326 1.7443 -171.2449
v -117.4856 1.8427 -171.3616
v -109.4856 1.9787 -171.3456
v -101.4539 4.6485 -174.7644
v -97.3393 7.3712 -178.3053
v -1.4966 1.0480 -170.5808
v 2.8927 4.1257 -173.6321
v 8.4703 7.2034 -176.6834
v 45.2651 1.7066 -171.0630
v 47.9134 1.7066 -171.0630
v 67.3047 5.0287 -173.5173
v 71.3501 5.0287 -177.5173
v 190.5116 8.9966 -170.5435
v 192.2665 5.8095 -173.7422
v 219.7812 5.2100 -174.6987
v 223.3285 7.9975 -177.4710
v -162.4125 9.7618 -171.4971
v -158.1121 12.6686 -174.3143
v -100.4020 13.0287 -174.2594
v -97.3097 13.0287 -178.2594
v 5.8026 9.6550 -171.3501
v 10.3308 12.6045 -174.2261
v 30.4052 16.9034 -170.7874
v 30.8226 16.9034 -170.7874
v 68.3942 13.0287 -173.0551
v 71.4244 13.0287 -177.0551
v 190.5116 9.0351 -170.5435
v 194.8368 11.5689 -173.7422
v 202.5144 13.9943 -174.5402
v 211.0995 13.8307 -175.1923
v 217.8236 12.3731 -175.2157
v 223.3285 10.1077 -177.4710
v -154.7841 19.5705 -174.5402
v -149.9991 23.6317 -175.2195
v -141.1652 22.5246 -175.2195
v -133.4856 20.9334 -174.5402
v -128.3945 23.7755 -174.5402
v -100.9262 20.3111 -175.2566
v -97.3973 17.1659 -178.4008
v 13.8179 18.2439 -174.5402
v 17.4826 22.2439 -174.5402
v 29.4611 20.1059 -173.6812
v 32.8738 19.8908 -172.8959
v 41.2055 22.1373 -174.5402
v 69.1114 21.0676 -174.1602
v 70.8102 21.0676 -174.1602
v 214.1562 17.2500 -178.2937
v 215.1298 17.2500 -178.2937
v -147.6747 25.9972 -173.0057
v -143.6183 25.9972 -173.0057
v -124.3945 26.6701 -174.5402
v -117.4856 27.2992 -174.5402
v -109.4856 26.1161 -174.5402
v -104.5123 25.4869 -174.5402
v 21.4826 25.6684 -174.5402
v 26.1160 26.2388 -174.1610
v 31.1647 26.1926 -171.2415
v 45.2055 26.2686 -174.5402
v 50.5144 27.3470 -174.5402
v 58.5144 26.7910 -174.5402
v 66.2453 25.6445 -173.9003
v 70.6133 25.1431 -170.8071
v 6.5115 145.0258 -170.5450
v 6.5410 145.0258 -170.5450
v 21.6048 144.8890 -170.8670
v 22.8425 144.8890 -170.8670
v 5.1115 149.3146 -173.7431
v 9.7304 147.3830 -173.7431
v 18.7686 147.3414 -173.9363
v 25.9112 148.4314 -173.9363
v 31.4172 151.9769 -174.5402
v 53.2137 151.5420 -177.8859
v 55.8745 151.5420 -177.8859
v -147.1804 160.2375 -176.7799
v -140.7092 160.1562 -174.2840
v -136.6859 160.5315 -174.5402
v -1.6663 160.3988 -171.4082
v 0.8239 157.4508 -174.2610
v 34.2151 157.0287 -174.5402
v 52.1983 157.0287 -177.2420
v 56.9253 157.0287 -177.2420
v 189.9213 160.3655 -177.7030
v 194.9595 160.1576 -174.8379
v 203.1054 160.4825 -174.8722
v 206.9616 160.9070 -172.4269
v -147.3706 165.3643 -174.2840
v -142.8583 162.9214 -171.4466
v -132.6859 162.4454 -174.5402
v -125.4345 166.5320 -174.4653
v -120.8760 168.3120 -171.7487
v -1.7288 165.0287 -172.0549
v -0.3892 165.0287 -176.0549
v 37.2087 165.8086 -173.8299
v 41.4452 168.0135 -173.7622
v 50.2419 164.6307 -175.4785
v 58.8271 164.7367 -175.5370
v 66.5144 167.3946 -177.2162
v 70.6618 168.6699 -178.3829
v 190.0587 165.0287 -177.8474
v 192.7345 165.0287 -173.8474
v 206.1661 161.2314 -177.7602
v 209.9827 163.2125 -174.8722
v 216.1649 167.6064 -174.5402
v -148.1394 173.0287 -174.5402
v -122.7338 170.2906 -177.0821
v -119.8455 172.9858 -174.4653
v -1.6292 169.3030 -171.6918
v 2.3404 172.3848 -174.3677
v 8.1680 175.4665 -177.0436
v 37.9411 170.0327 -176.0231
v 41.4452 170.1658 -173.7622
v 50.5144 170.3136 -171.5205
v 58.5144 170.0807 -171.5937
v 66.2731 172.8044 -173.7957
v 71.1213 173.0287 -177.8156
v 190.0497 172.2219 -175.0533
v 191.6591 172.2219 -175.0533
v 219.8148 173.4001 -174.6114
v 223.2434 176.3143 -177.3255
v -147.0202 181.4646 -174.3210
v -141.6405 184.2524 -174.3907
v -133.4044 184.0359 -174.6224
v -125.4856 183.2235 -172.8336
v -119.4668 181.0085 -174.7162
v 5.5556 177.9529 -171.7103
v 10.2262 180.7832 -174.4422
v 68.1883 181.0287 -173.5128
v 71.2828 181.0287 -177.5128
v 189.5995 178.0627 -171.6531
v 193.5424 180.8492 -174.4079
v 204.8095 183.7753 -176.4240
v 209.8647 183.4687 -174.3367
v 218.4944 180.7088 -173.8502
v 223.2711 181.0287 -177.3958
v -145.9517 185.5597 -176.8416
v -141.6405 185.4740 -174.3907
v -133.4044 185.3648 -174.6224
v -125.4856 185.8857 -176.8336
v -120.2449 185.8589 -177.5002
v 13.9139 186.1615 -174.5402
v 17.0586 190.1615 -174.5402
v 28.6573 189.7133 -174.5402
v 34.5144 187.2618 -174.5402
v 40.5934 190.5773 -174.5402
v 69.5306 189.5561 -174.3454
v 70.7035 189.5561 -174.3454
v 197.2460 185.5799 -174.5402
v 202.2915 185.5353 -174.0705
v 209.8647 185.5063 -174.3367
v 218.5144 185.9101 -177.5887
v 222.7944 185.3580 -178.2291
v 21.0586 194.1148 -174.5402
v 26.9609 196.6089 -172.9325
v 30.7968 199.9342 -170.7888
v 44.5934 195.8685 -174.5402
v 50.5144 197.6275 -174.5402
v 58.5144 196.8376 -174.5402
v 66.9533 194.6844 -173.8431
v 70.5300 193.0552 -170.7118
v 30.0322 201.2296 -170.7888
v 30.7968 201.2296 -170.7888
v 5.5864 -192.3182 -168.7170
v 10.2549 -193.1357 -166.2463
v 18.5144 -194.4581 -166.5402
v 26.5144 -193.4193 -166.5402
v 31.1343 -191.6277 -166.5402
v -1.6354 -183.2129 -169.8911
v 2.7981 -186.4194 -166.6374
v 7.4153 -189.6260 -163.3837
v 32.4060 -186.9713 -166.5402
v -147.0385 -175.6656 -164.3994
v -141.8306 -176.3704 -166.8557
v -133.1082 -176.5146 -166.1149
v -127.1637 -175.9060 -168.4980
v -1.8783 -178.5496 -166.9507
v 0.0099 -180.9352 -164.5578
v 33.7506 -178.9713 -166.5402
v 190.2229 -175.2461 -163.0925
v 194.4657 -176.0808 -166.0716
v 202.5144 -177.2174 -166.5402
v 210.2503 -175.9768 -166.9571
v 215.0365 -175.2267 -169.9017
v -161.6055 -167.1434 -162.8101
v -157.4856 -168.3636 -163.8093
v -149.6378 -171.4638 -166.8476
v -144.7273 -174.2720 -169.7328
v -130.1899 -174.3071 -163.1646
v -124.5342 -171.5087 -166.0281
v -121.1822 -168.7103 -168.8915
v -1.8641 -173.9366 -166.5402
v 2.4346 -170.3125 -166.0454
v 6.9784 -168.5862 -163.0490
v 36.7972 -170.5894 -165.9639
v 42.5144 -167.5408 -168.7803
v 50.5144 -168.0071 -169.8741
v 58.5144 -168.8977 -169.2067
v 63.1686 -168.2213 -169.5977
v 181.5575 -167.8160 -163.5509
v 187.4455 -170.4311 -165.9884
v 191.7666 -173.0461 -168.4258
v 212.7410 -173.2690 -164.5684
v 215.9142 -170.7499 -166.9571
v -161.6055 -166.7523 -162.8101
v -157.4856 -165.6318 -163.8093
v -149.1544 -162.9027 -166.7979
v -141.4856 -160.0787 -163.8990
v -133.4856 -159.0644 -162.7088
v -124.9370 -162.2177 -164.7346
v -121.1017 -162.9713 -169.1536
v 5.4049 -162.9713 -168.9104
v 8.7502 -162.9713 -164.9104
v 36.8844 -162.9713 -164.2635
v 42.5144 -162.9713 -167.1305
v 50.5144 -162.9713 -167.8671
v 58.5144 -162.9713 -167.3491
v 63.7496 -162.9713 -168.8892
v 181.5575 -165.5695 -163.5509
v 187.0066 -164.8234 -166.3466
v 194.4064 -161.6012 -166.2568
v 200.7664 -160.1991 -163.4012
v 212.0447 -161.0470 -166.5402
v 215.8726 -165.0470 -166.5402
v -146.0717 -157.7298 -169.6333
v -141.4856 -157.1779 -167.8990
v -133.4856 -157.7584 -166.7088
v -125.4856 -158.4725 -168.5197
v -121.2771 -158.7736 -170.3400
v 6.5012 -158.9595 -170.5250
v 11.6255 -156.2197 -167.6717
v 18.5144 -153.4923 -164.8668
v 26.8919 -153.1027 -166.2346
v 34.0992 -156.2387 -166.8952
v 42.1605 -154.6190 -167.8409
v 50.5144 -154.9713 -164.8247
v 58.5144 -154.9713 -165.1855
v 64.5149 -154.9713 -168.0831
v 197.0011 -157.5674 -168.7346
v 203.0656 -157.5332 -166.2568
v 208.0447 -158.2265 -166.5402
v 14.2195 -150.5013 -170.1516
v 19.1963 -147.4893 -169.0521
v 26.8919 -147.2216 -168.7230
v 31.3570 -144.7218 -169.6031
v 44.1907 -146.9713 -167.7109
v 50.5144 -146.9713 -165.4719
v 58.0759 -146.8151 -167.5386
v 64.1890 -149.3777 -168.5229
v 22.3176 -142.8567 -170.2913
v 26.5144 -142.2618 -169.6507
v 31.3570 -142.1399 -169.6031
v 45.3393 -142.0855 -169.0669
v 50.5144 -142.1633 -169.1804
v 55.1170 -142.7797 -170.2003
v -162.3911 -23.8621 -169.2909
v -157.2646 -23.9237 -166.8919
v -149.7565 -24.2071 -166.9118
v -141.6968 -23.6802 -165.9485
v -137.3520 -23.1072 -162.8873
v 5.8951 -23.7545 -169.5174
v 10.6808 -24.0357 -166.7265
v 18.5144 -24.6543 -166.5402
v 26.5489 -23.9862 -166.6004
v 31.0551 -23.4097 -163.9739
v -169.9288 -15.6151 -166.5402
v -165.2289 -19.3107 -166.5906
v -157.2646 -21.8154 -166.8919
v -152.6037 -22.2856 -169.8262
v -138.6387 -18.8356 -165.8406
v -137.1859 -18.8356 -165.8406
v 4.3364 -18.5636 -166.7265
v 8.1250 -20.9584 -164.1841
v 29.2385 -21.7106 -169.3072
v 31.4997 -19.0149 -166.6004
v -170.6358 -10.9713 -166.5402
v -138.1064 -13.4459 -163.4606
v -136.6330 -10.8561 -166.2924
v -1.5796 -7.7094 -168.5132
v 0.0592 -10.6142 -166.1240
v 32.8424 -10.9713 -166.5402
v 190.3264 -7.1248 -162.9381
v 194.5206 -7.4348 -165.7168
v 202.5144 -7.9720 -167.8020
v 208.7345 -7.5321 -168.9340
v -170.3242 -3.2473 -166.8005
v -167.2628 -0.7646 -164.3074
v -132.7060 -2.5830 -166.4796
v -127.7659 0.3425 -169.1059
v -1.5644 -2.9713 -169.0004
v 0.4006 -2.9713 -165.0004
v 36.0162 -3.5002 -166.5402
v 39.6249 0.4998 -166.5402
v 53.2467 0.4925 -170.2731
v 58.5144 0.2383 -170.1434
v 62.7043 0.5110 -170.2783
v 182.4016 0.9351 -162.6587
v 187.2016 -2.2275 -164.0879
v 194.1212 -4.2559 -166.1472
v 202.5144 -5.6313 -163.8020
v 211.0464 -5.2304 -166.3765
v 216.1320 -1.3833 -166.5402
v -169.9406 1.8949 -169.6407
v -164.8376 4.3740 -166.9048
v -160.1532 6.8532 -164.1688
v -138.0685 8.3923 -163.4225
v -133.2792 5.4469 -164.8520
v -125.2538 4.6581 -168.4924
v -117.4856 5.8427 -168.6614
v -109.4856 5.9787 -168.9939
v -105.0086 7.2591 -169.9333
v -1.4966 1.0480 -170.5142
v 3.2900 3.8876 -167.4554
v 8.4235 6.7272 -164.3966
v 36.4468 6.4445 -164.6872
v 41.9214 4.0755 -167.0767
v 50.5538 4.6354 -169.1339
v 58.5144 5.0287 -168.5090
v 63.3047 5.0287 -169.4614
v 182.4016 2.5838 -162.6587
v 186.8922 5.7902 -166.2977
v 190.9179 3.6633 -169.9367
v 212.4866 7.3323 -164.7506
v 216.2104 4.8109 -167.0664
v -162.4125 9.7618 -169.5021
v -157.3529 12.6080 -166.7716
v -151.4321 15.4543 -164.0410
v -139.3673 13.0287 -164.7955
v -133.4856 13.0287 -166.6723
v -125.4856 13.0287 -166.2408
v -117.4856 13.0287 -165.5056
v -109.4856 13.0287 -166.2993
v -104.4020 13.0287 -169.1577
v 5.8026 9.6550 -169.7299
v 11.1779 12.3962 -167.0805
v 16.8085 15.1375 -164.4310
v 29.2443 16.0297 -166.5402
v 33.6347 13.6961 -167.3780
v 42.9386 13.4557 -166.1012
v 50.5144 12.5426 -164.9826
v 57.7549 13.8128 -165.0227
v 64.3942 13.0287 -168.3953
v 189.0811 9.1167 -166.5402
v 194.5144 10.8189 -166.5402
v 202.5144 12.2065 -166.5402
v 210.0977 10.3751 -167.0664
v 215.1842 9.3051 -170.0839
v -154.5526 19.3080 -169.3743
v -149.5534 21.3732 -166.5194
v -141.5150 20.8111 -166.8313
v -133.4856 19.2287 -168.7069
v -125.9999 21.2956 -167.4095
v -117.4856 21.0287 -166.0192
v -109.4856 21.0287 -167.0912
v -103.9773 21.0287 -169.1257
v 13.9323 18.1113 -169.7643
v 19.1966 20.5918 -166.9281
v 27.0010 20.1552 -166.9653
v 33.6603 20.0317 -169.9537
v 42.9273 20.2180 -167.0549
v 50.5144 21.4862 -164.9904
v 57.7549 20.2456 -165.7768
v 66.6999 21.5173 -169.4005
v 70.6133 24.5098 -170.3458
v -147.6747 25.9972 -168.9977
v -143.6183 25.9972 -168.9977
v -123.6760 26.3518 -169.0762
v -117.4856 26.2513 -169.1750
v -109.4856 25.5346 -169.7859
v -104.4424 25.3963 -169.8906
v 21.5847 25.5845 -169.4252
v 26.5144 26.3184 -169.1779
v 31.1647 26.1926 -169.8387
v 45.2998 26.2312 -169.3744
v 50.5144 26.5576 -168.9904
v 58.5144 25.6628 -169.8484
v 66.5144 25.1216 -170.3781
v 70.6133 25.1431 -170.3458
v 6.5115 145.0258 -170.5362
v 10.4408 144.9488 -166.9625
v 18.7686 144.8169 -166.2494
v 23.1875 144.8816 -166.5402
v 5.3532 149.6443 -167.3378
v 10.4408 146.5633 -166.9625
v 16.2714 145.7388 -168.7222
v 27.1875 146.8169 -166.5402
v 31.5674 150.8169 -166.5402
v -137.5250 161.0232 -170.5108
v -137.4137 161.0232 -170.5108
v -1.6663 160.3988 -169.1165
v 0.9345 157.4508 -166.4860
v 32.9363 157.0287 -166.5402
v 197.9229 160.7045 -169.7811
v 202.5144 160.6942 -169.7336
v 206.9616 160.9070 -170.2239
v -153.7354 168.8375 -162.7474
v -148.8557 167.2344 -165.8645
v -140.7092 163.3168 -167.3226
v -134.2425 163.2155 -167.3226
v -125.4231 166.8177 -166.4372
v -120.8760 168.3120 -169.0351
v -1.7288 165.0287 -169.0472
v 0.6346 165.0287 -165.0472
v 35.9986 165.8086 -167.2665
v 38.5732 168.9951 -170.4173
v 189.5518 167.5322 -163.8336
v 194.6611 165.1935 -166.8074
v 202.5144 163.5671 -165.7336
v 209.9827 164.0966 -167.1504
v 216.0320 167.6947 -166.5402
v -155.5069 173.0287 -163.9741
v -151.0011 173.0287 -167.9741
v -123.7485 173.0287 -164.7350
v -120.5551 173.0287 -168.7350
v -1.6292 169.3030 -169.9733
v 3.1322 171.9697 -167.0390
v 8.0446 174.6364 -164.1046
v 36.4517 173.0287 -166.2164
v 41.7496 172.9908 -169.7843
v 50.5144 174.3136 -169.3026
v 58.5144 174.0807 -168.9480
v 63.4456 175.3216 -169.2393
v 181.8702 175.9411 -163.2579
v 186.9090 172.9921 -166.2124
v 191.3993 170.0430 -169.1670
v 212.9538 175.0254 -164.0436
v 216.5085 172.6267 -166.6423
v -155.9309 177.7195 -164.2449
v -149.7279 178.8722 -166.7630
v -141.7079 182.3892 -166.7691
v -133.4463 182.4737 -166.7691
v -125.7585 179.3219 -166.7991
v -120.8545 178.3284 -169.6384
v 5.5556 177.9529 -169.4380
v 10.9739 180.7887 -166.8911
v 16.1487 183.6245 -164.3442
v 30.1489 184.4394 -163.9449
v 34.0752 181.4751 -165.9055
v 42.9089 181.4889 -166.1658
v 50.4735 181.4889 -165.3683
v 58.5144 181.0287 -166.7294
v 64.1883 181.0287 -168.5732
v 181.8702 177.4873 -163.2579
v 186.7654 178.3061 -166.1708
v 194.9132 181.7391 -167.0249
v 202.5144 182.5062 -165.8211
v 209.8604 180.6570 -167.0753
v 215.8144 177.8288 -169.3770
v -139.1895 185.3885 -169.5883
v -136.0868 185.3885 -169.5883
v 13.9032 186.2012 -169.6776
v 18.6333 188.9422 -166.7620
v 27.2208 188.6388 -166.5624
v 34.5144 186.0919 -168.9785
v 42.8371 188.5665 -166.6805
v 50.4735 188.7629 -164.6878
v 58.5144 189.0287 -166.4178
v 66.4948 189.7893 -168.9377
v 70.5300 192.9629 -170.5110
v 197.8459 185.4200 -170.0146
v 202.5144 185.4042 -169.8211
v 206.7671 185.1380 -170.1070
v 21.1179 194.0639 -169.1798
v 27.1624 196.9991 -169.6631
v 30.7968 199.9342 -170.1464
v 45.1690 195.2635 -168.9744
v 50.5144 195.7071 -168.4519
v 58.5144 194.5112 -168.6364
v 66.5144 193.5286 -169.5284
v 70.5300 193.0552 -170.5110
v 30.0322 201.2296 -170.1464
v 30.7968 201.2296 -170.1464
v 13.0064 -193.1423 -158.5402
v 18.5144 -194.8388 -158.5402
v 26.6811 -192.7667 -158.4261
v 31.1883 -191.7016 -161.0167
v 5.3432 -184.2926 -161.5182
v 9.3182 -186.9641 -158.7270
v 29.4589 -189.5903 -155.6834
v 31.5087 -186.9427 -158.4261
v -154.7368 -175.8332 -156.1164
v -149.6174 -176.2400 -158.6859
v -141.8958 -176.1673 -158.7816
v -132.7846 -175.5220 -158.8484
v -128.8431 -175.3320 -156.0875
v -1.6225 -175.6019 -162.3963
v 2.6117 -178.5496 -161.6042
v 8.5628 -178.9713 -157.4781
v 32.7461 -178.9713 -158.5402
v 182.2094 -175.2219 -154.9063
v 187.1395 -175.9377 -157.9598
v 195.0456 -175.9527 -158.2897
v 202.5144 -175.4514 -160.6783
v 210.9608 -175.1536 -158.1747
v 214.5146 -174.9715 -154.5409
v -161.6274 -167.3066 -158.5402
v -157.4363 -171.4501 -158.6859
v -149.3844 -171.1609 -158.5713
v -141.8958 -170.9882 -156.6697
v -131.9598 -172.4007 -158.5108
v -128.0405 -171.5438 -158.6361
v -1.6225 -174.7705 -162.3963
v 2.5144 -174.0319 -162.1367
v 8.7325 -171.1402 -159.1037
v 34.4832 -170.9713 -158.5402
v 181.4485 -170.6781 -157.9598
v 184.8896 -173.1494 -160.2396
v 196.9552 -170.9713 -156.3355
v 202.5144 -170.9713 -158.8578
v 211.8492 -172.3327 -158.4871
v 214.7825 -171.4532 -158.1212
v -161.6274 -166.7461 -158.5402
v -157.4856 -164.8740 -158.5402
v -149.2324 -164.7315 -158.4318
v -141.4856 -164.0787 -159.9003
v -133.4856 -163.0644 -160.0192
v -127.2380 -164.3820 -161.1848
v 11.8933 -162.9713 -158.5402
v 30.1217 -159.4567 -155.1824
v 32.8789 -162.4625 -158.1255
v 181.4107 -165.6614 -158.5402
v 186.5144 -164.3225 -158.5402
v 194.3357 -165.0369 -158.6269
v 203.0656 -162.9080 -161.0330
v 209.8102 -163.3562 -161.2431
v 215.0504 -166.2796 -161.7015
v 14.1563 -158.3885 -158.5402
v 18.7870 -154.2167 -158.6726
v 26.7412 -154.8899 -158.3049
v 31.1556 -157.9558 -160.5157
v 206.0998 -158.8772 -162.4555
v 206.6740 -158.8772 -162.4555
v 21.6354 -150.2252 -156.0941
v 23.3607 -150.2252 -156.0941
v -155.2845 -24.7102 -158.5402
v -149.4856 -25.4348 -158.5402
v -141.8250 -23.6325 -159.1893
v -137.3520 -23.1072 -162.2886
v 13.3347 -24.4350 -158.5402
v 18.5144 -25.4938 -158.5402
v 26.5102 -24.0814 -158.6669
v 31.0551 -23.4097 -161.4180
v -169.6609 -15.1714 -162.3503
v -165.4856 -15.9018 -161.7442
v -158.9633 -18.7956 -158.8173
v -139.4939 -19.1308 -159.1893
v -137.3520 -21.9039 -162.2886
v 5.5037 -15.6250 -161.9454
v 9.7432 -18.5636 -158.9833
v 29.1741 -21.0453 -156.0847
v 31.1805 -18.6157 -158.6669
v -169.9646 -10.9713 -162.0527
v -165.4856 -10.9713 -159.7195
v -160.1306 -10.9713 -156.2070
v -138.6434 -10.8561 -158.3278
v -137.2744 -8.1126 -160.8529
v 3.9454 -10.9713 -161.4291
v 8.6793 -10.9713 -157.4291
v 31.7588 -10.9713 -158.5402
v 189.1143 -7.5447 -158.5402
v 192.3687 -7.5447 -158.5402
v -169.9490 -6.0980 -162.0801
v -164.9519 -3.2473 -160.6482
v -159.8387 -2.9713 -156.5202
v -137.9672 -6.0848 -155.5195
v -136.2232 -3.2394 -158.3278
v 4.4006 -2.9713 -161.6202
v 8.8670 -2.9713 -157.6202
v 34.7902 -2.2284 -159.2939
v 38.5777 0.9335 -162.4630
v 181.7503 -0.3717 -158.5402
v 185.1143 -4.3717 -158.5402
v 196.1336 -3.1698 -158.6808
v 202.5144 -1.6313 -160.7177
v 210.5144 -1.0376 -160.3832
v 215.2229 0.1561 -160.9952
v -161.9294 1.5199 -162.0864
v -158.7016 4.5234 -159.0679
v -138.8440 6.9674 -158.5402
v -136.0661 2.9674 -158.5402
v 6.1107 1.3938 -162.2002
v 10.0894 4.4478 -159.1362
v 30.3205 8.7655 -154.8778
v 33.8323 4.9383 -158.6704
v 38.5777 1.1112 -162.4630
v 181.7503 2.8142 -158.5402
v 186.1694 6.2064 -159.1898
v 194.6502 4.7781 -158.3514
v 202.5144 5.0287 -160.2030
v 210.0977 4.8109 -160.5819
v 215.2229 1.9990 -160.9952
v -155.2493 11.0651 -158.5402
v -150.9749 15.0651 -158.5402
v -141.7262 13.0287 -158.5402
v 13.5798 10.1785 -158.5402
v 17.3462 14.1785 -158.5402
v 28.7042 13.1048 -157.9428
v 31.1135 10.4888 -160.2112
v 45.8881 16.4071 -162.2368
v 50.5144 16.5426 -162.3055
v 54.5819 17.0022 -162.5306
v 188.6060 9.1397 -162.2896
v 194.5144 9.3468 -162.1284
v 202.5144 9.6390 -162.0254
v 207.1533 9.5292 -162.1523
v -146.9749 18.4013 -158.5402
v -144.3678 18.4013 -158.5402
v 21.3462 18.5037 -158.5402
v 24.3970 18.5037 -158.5402
v 45.8881 17.6106 -162.2368
v 50.5144 17.4862 -162.3055
v 54.5819 17.0569 -162.5306
v 13.8146 144.2189 -158.5402
v 18.5144 143.9094 -158.5402
v 23.4647 144.7193 -158.5402
v 6.0159 152.7213 -162.2352
v 10.3310 149.6443 -159.1572
v 27.8299 148.7536 -158.1599
v 30.9668 151.2369 -160.5730
v 4.6148 157.0287 -161.1240
v 8.7227 157.0287 -157.1240
v 30.1065 153.8972 -155.2396
v 31.3622 156.7498 -158.1599
v 190.0092 160.8114 -155.7641
v 190.9604 160.8114 -155.7641
v -161.6587 168.7865 -154.9721
v -156.8355 167.4815 -157.9993
v -149.4856 165.0582 -158.5402
v -141.8096 166.4219 -158.7386
v -133.0587 167.3338 -158.7386
v -128.0019 167.9504 -158.5402
v 4.6346 165.0287 -161.1456
v 8.4610 165.0287 -157.1456
v 33.2427 165.0287 -158.5402
v 181.5882 167.9305 -155.9505
v 187.1138 165.0647 -158.5240
v 194.3409 165.1935 -158.4591
v 202.5144 167.5671 -160.5392
v 211.1237 168.0462 -158.5711
v 214.8486 168.6318 -158.5402
v -161.6587 169.4748 -154.9721
v -157.4998 173.1943 -157.4838
v -149.4856 175.3530 -156.3218
v -141.8096 172.5572 -157.8159
v -133.0587 172.4253 -157.6970
v -127.7715 172.4253 -158.9734
v 6.0422 169.3031 -162.2640
v 9.6333 172.3934 -159.1745
v 32.9885 173.0287 -158.5402
v 181.7292 173.1638 -158.7267
v 185.5304 173.2703 -158.6181
v 194.8386 173.2049 -157.0649
v 202.5144 173.0287 -159.3633
v 210.9085 172.1037 -158.8894
v 214.8486 169.6413 -158.5402
v -155.9309 177.7195 -159.9956
v -149.4856 177.7882 -160.3218
v -141.4856 178.1845 -161.3868
v -133.4856 178.6149 -161.2383
v -128.6071 177.9244 -161.9289
v 13.2042 178.9161 -158.5402
v 16.5608 182.9161 -158.5402
v 29.5519 182.6591 -158.5402
v 30.9806 178.6591 -158.5402
v 45.8385 184.4624 -162.1808
v 47.7795 184.4624 -162.1808
v 181.8702 177.4873 -161.5029
v 186.5144 177.8499 -160.6187
v 194.5144 178.1411 -160.7357
v 202.5144 178.5062 -161.3643
v 207.6205 178.1519 -161.8537
v 20.5608 187.3217 -158.5402
v 25.5519 187.3217 -158.5402
v 45.8385 185.9190 -162.1808
v 47.7795 185.9190 -162.1808
v 13.8892 -192.5960 -150.5402
v 18.5144 -194.2264 -150.5402
v 26.6811 -192.6298 -150.5459
v 30.9498 -191.5617 -147.8831
v 12.4585 -186.9713 -150.5402
v 29.4589 -189.5903 -153.2164
v 31.2857 -186.9427 -150.5459
v -154.7368 -175.8332 -152.4313
v -149.4856 -176.0365 -152.1023
v -144.8359 -175.5297 -153.3986
v -130.0460 -175.3320 -154.1641
v -128.8431 -175.3320 -154.1641
v 11.1124 -178.9713 -150.5402
v 31.9165 -178.9713 -150.5402
v 182.2094 -175.2219 -154.0962
v 186.5144 -175.9731 -152.2596
v 192.7331 -176.0565 -151.9434
v 214.5139 -174.9715 -154.5400
v 214.5146 -174.9715 -154.5400
v -161.5549 -167.2463 -154.4282
v -157.1482 -170.8578 -150.7631
v -148.1619 -171.1406 -150.1554
v -145.0006 -170.7531 -150.4791
v -130.0460 -174.1139 -154.1641
v -128.8431 -174.1139 -154.1641
v 11.6337 -170.9713 -150.5402
v 29.8490 -168.0835 -147.2014
v 31.5944 -170.8386 -150.1369
v 181.8996 -170.9713 -153.0029
v 186.8166 -171.5164 -148.5523
v 192.6910 -171.5164 -149.7821
v 214.5139 -174.9707 -154.5400
v 214.5146 -174.9707 -154.5400
v -161.5549 -166.8901 -154.4282
v -157.1300 -166.0253 -151.2730
v -149.2324 -165.9122 -150.3518
v -145.1652 -166.7016 -147.5595
v 12.8976 -162.9713 -150.5402
v 29.9853 -162.8850 -150.6294
v 31.3407 -162.8850 -150.6294
v 181.9997 -166.6266 -152.9345
v 186.8166 -166.4640 -150.3768
v 191.5711 -166.5956 -150.5402
v 13.8070 -158.1054 -150.5402
v 18.7870 -153.6810 -150.0312
v 26.3475 -153.4016 -150.3293
v 31.8000 -154.9713 -148.8073
v 21.6354 -150.2252 -152.3586
v 25.4114 -148.3658 -149.5766
v 31.6665 -146.9713 -147.4902
v 28.2679 -138.9713 -146.9142
v 31.1166 -138.9713 -146.9142
v 30.0959 -134.8239 -146.6113
v 30.6235 -134.8239 -146.6113
v -154.5595 -24.2104 -150.5402
v -149.4856 -25.2612 -150.5402
v -143.1691 -24.0220 -150.5402
v 14.1255 -23.7348 -150.5402
v 18.5144 -24.7459 -150.5402
v 26.5102 -24.0278 -150.3898
v 30.9347 -23.3840 -147.6228
v -156.3898 -18.9713 -150.5402
v -139.3287 -19.2435 -150.3883
v -137.2521 -16.7584 -147.6204
v 12.8774 -18.9713 -150.5402
v 29.1741 -21.0453 -152.9561
v 31.3982 -18.6157 -150.3898
v -158.0278 -10.9713 -150.5402
v -138.4672 -10.9713 -151.7329
v -137.2948 -10.9713 -147.7329
v 11.3829 -10.9713 -150.5402
v 31.8820 -10.9713 -150.5402
v 188.8355 -7.5823 -153.3741
v 191.8297 -7.5823 -153.3741
v -157.2529 -2.9713 -150.5402
v -138.5355 -3.8267 -150.5490
v -137.3675 -3.8267 -150.5490
v 12.5304 -2.2781 -149.8828
v 14.8085 0.8506 -146.7779
v 30.0917 0.5379 -146.9591
v 31.3989 -2.4657 -149.9915
v 181.6084 -0.7448 -152.3925
v 185.9174 -3.1870 -150.2166
v 193.1017 -2.9660 -150.6405
v -156.3028 5.0287 -150.5402
v -139.1989 4.5615 -151.0446
v -137.2702 1.5834 -154.0476
v 13.3280 4.4281 -149.8828
v 14.8085 1.3610 -146.7779
v 30.2061 5.1491 -150.5890
v 31.1187 5.1491 -150.5890
v 181.6084 1.8543 -152.3925
v 186.0053 2.4773 -150.0515
v 192.7621 2.2203 -150.5402
v -155.2475 11.3605 -150.5402
v -150.8631 15.3605 -150.5402
v -139.3781 12.2348 -150.2768
v -136.5331 14.3721 -147.4346
v 13.6279 10.2914 -150.5402
v 18.6033 14.8265 -149.7504
v 26.4810 14.7342 -150.3819
v 31.8001 13.0287 -149.2504
v -146.9868 20.6810 -150.1147
v -141.8357 20.6810 -151.2204
v -136.0231 21.0287 -147.9224
v 21.3293 18.2852 -151.8905
v 25.6224 19.8529 -149.7618
v 32.4736 21.0287 -148.1653
v -146.3182 29.0287 -147.4084
v -141.5934 29.2489 -147.8039
v -136.4882 26.7289 -147.4887
v 22.5047 32.8923 -146.5556
v 25.5171 30.1299 -146.9972
v 31.9177 27.3676 -147.4388
v -145.9303 33.6014 -147.0736
v -144.3320 33.6014 -147.0736
v 22.5047 33.0421 -146.5556
v 22.7169 33.0421 -146.5556
v 13.7550 144.1058 -153.0447
v 19.0386 144.1849 -150.4429
v 23.8806 144.6661 -150.5402
v 13.2519 149.0685 -150.4429
v 16.7215 146.4283 -147.7114
v 28.1626 148.8210 -150.8552
v 30.8473 151.3491 -148.3985
v 11.6664 157.0287 -150.5402
v 30.1065 153.8972 -153.7318
v 31.2399 156.7498 -150.8552
v 190.0092 160.8114 -154.1360
v 190.9604 160.8114 -154.1360
v -161.6587 168.7865 -154.2715
v -157.0312 167.1761 -151.1790
v -149.4856 165.7653 -150.5402
v -144.5156 167.8995 -150.5402
v -130.1074 168.4552 -154.2651
v -128.9449 168.4552 -154.2651
v 12.4100 165.7748 -149.7871
v 14.6233 168.9389 -146.6185
v 30.2799 168.7909 -146.7676
v 31.4573 165.6860 -149.8766
v 181.5882 167.9305 -152.8085
v 186.6793 165.2957 -150.8056
v 192.7249 165.2080 -151.0977
v 214.1967 168.8223 -154.4337
v 214.6265 168.8223 -154.4337
v -161.6587 169.4748 -154.2715
v -157.0312 171.4476 -151.1790
v -149.4856 172.8456 -150.5402
v -144.5156 170.1567 -150.5402
v -130.1074 169.3564 -154.2651
v -128.9449 169.3564 -154.2651
v 13.0230 172.2777 -149.7871
v 14.6233 169.1103 -146.6185
v 30.2027 173.0287 -148.2022
v 31.0512 173.0287 -152.2022
v 181.5882 170.3866 -152.8085
v 186.2154 171.4619 -150.3012
v 192.9430 171.0518 -150.5402
v 214.1967 169.1821 -154.4337
v 214.6265 169.1821 -154.4337
v 13.4412 179.6236 -150.5402
v 15.8751 183.6236 -150.5402
v 29.9649 179.8368 -150.9937
v 31.1925 179.8368 -150.9937
v 19.8751 187.6260 -150.5402
v 26.4859 189.4269 -150.2787
v 32.1108 189.0287 -148.1479
v 22.2387 199.4151 -147.0269
v 26.2759 196.9902 -147.0629
v 31.3071 194.5653 -147.0988
v 22.2387 201.4681 -147.0269
v 23.8431 201.4681 -147.0269
v 13.9258 -191.6301 -145.7258
v 18.5144 -192.2086 -144.9391
v 26.5144 -192.1572 -145.1293
v 30.9498 -191.5617 -145.9795
v 13.6295 -186.9713 -144.4170
v 18.8199 -186.3379 -140.8494
v 25.8607 -186.3379 -141.6935
v 31.1778 -186.9713 -145.4721
v 13.1181 -179.1777 -142.1303
v 18.9739 -179.3668 -139.1533
v 25.8607 -179.2394 -141.2375
v 31.0805 -178.9713 -145.4798
v -154.2262 -169.1360 -145.9667
v -149.4856 -169.2464 -145.9072
v -145.1652 -167.8401 -146.2697
v 12.7179 -170.9713 -142.5402
v 21.5908 -174.4673 -139.1163
v 27.9435 -170.8412 -142.5537
v 30.7620 -170.4048 -142.9346
v 189.6848 -169.2132 -146.4365
v 190.8877 -169.2132 -146.4365
v -154.2262 -166.4050 -145.9667
v -149.4856 -166.3443 -145.9072
v -145.1652 -166.7016 -146.2697
v 13.7495 -163.4018 -142.8705
v 16.2784 -161.0221 -140.4240
v 29.8490 -166.3133 -145.2128
v 31.7735 -163.3765 -142.5438
v 189.6848 -166.8840 -146.4365
v 190.8877 -166.8840 -146.4365
v 13.8990 -158.4358 -145.7574
v 18.7728 -156.5162 -142.8705
v 23.7113 -152.3041 -142.5402
v 35.3651 -154.8680 -142.3865
v 39.6188 -152.1324 -139.6174
v 22.2005 -144.0307 -141.1091
v 25.5159 -145.8121 -142.1137
v 33.9491 -147.0093 -142.5590
v 39.6188 -149.8645 -139.6174
v 22.2005 -142.1261 -141.1091
v 26.3394 -140.1330 -142.1137
v 33.5826 -138.8530 -142.3976
v 39.5219 -136.1251 -139.2945
v 29.3583 -133.9947 -142.5402
v 33.7799 -132.8926 -142.1928
v 41.9498 -130.3747 -139.2169
v 47.2540 -127.9404 -139.1393
v 44.8519 -122.9713 -139.0160
v 47.1167 -122.9713 -139.0160
v 46.4345 -118.8902 -138.5755
v 46.5779 -118.8902 -138.5755
v -153.9117 -23.3189 -146.0342
v -149.4856 -23.8387 -145.2408
v -143.1645 -23.7803 -145.3137
v 14.5128 -22.9729 -146.5379
v 18.5144 -23.3927 -145.8379
v 26.5144 -23.7010 -145.4581
v 30.9347 -23.3840 -146.0315
v -154.5872 -18.9713 -144.9402
v -149.4856 -18.9713 -142.6556
v -140.8929 -19.2435 -144.4237
v -137.2521 -16.7584 -146.0589
v 14.0493 -18.9713 -145.7098
v 18.5144 -18.9713 -143.4297
v 26.5144 -18.9713 -142.9481
v 31.4408 -18.9713 -145.2282
v -155.5039 -10.9108 -142.3638
v -149.1985 -10.9108 -140.0920
v -141.4856 -10.9713 -143.3089
v -137.2948 -10.9713 -146.1487
v 13.2072 -10.6320 -142.6772
v 18.6840 -10.6320 -140.3464
v 26.5144 -10.9713 -142.0946
v 31.4761 -10.9713 -145.0081
v -155.9184 -2.9713 -142.5402
v -146.3404 -6.1505 -139.2402
v -141.7938 -3.8596 -142.8699
v -137.4648 -6.9019 -146.4996
v 13.5251 -2.2781 -142.6431
v 18.1361 -2.6598 -142.4033
v 27.2272 -2.8161 -142.5831
v 30.9818 -4.7954 -145.7380
v 188.3327 -0.2959 -145.9006
v 191.9516 -0.2959 -145.9006
v -155.3997 5.0287 -142.5402
v -139.4608 5.7042 -143.2866
v -137.3735 8.8211 -141.1175
v 14.1234 4.2222 -142.4021
v 15.1301 4.2222 -142.4021
v 29.5837 2.0531 -142.5402
v 31.4045 6.0531 -142.5402
v 188.3327 1.7019 -145.9006
v 191.9516 1.7019 -145.9006
v -154.7077 10.4290 -142.5402
v -150.1030 14.4290 -142.5402
v -137.4946 9.0388 -146.4509
v -134.2866 12.6415 -142.9835
v -128.6439 16.2442 -139.5161
v 13.8210 9.9547 -144.7592
v 18.2768 12.1776 -142.2716
v 22.9899 16.2703 -142.5402
v 35.1519 13.4191 -142.3743
v 39.6671 16.3460 -139.5970
v -146.9738 21.0287 -142.5402
v -139.3692 23.6333 -139.8076
v -133.8440 21.0492 -142.3285
v -128.6439 18.4652 -139.5161
v 22.2219 23.5388 -140.1444
v 25.1875 21.9511 -141.6214
v 34.4872 21.0337 -142.3748
v 39.6671 18.4224 -139.5970
v -146.7416 29.0287 -142.5402
v -139.1840 29.3482 -142.5246
v -135.8385 29.3482 -142.5246
v 22.3633 29.6122 -143.2983
v 25.8315 29.7072 -143.0625
v 33.4015 29.6684 -142.4683
v 39.0631 31.6409 -139.1326
v -145.8708 33.5679 -142.5402
v -141.5934 35.0179 -142.5610
v -133.3501 37.8647 -139.2542
v -125.4856 40.0224 -138.8570
v -121.1321 40.6115 -138.9026
v 22.5047 33.0421 -146.4521
v 25.9014 34.1666 -143.4766
v 34.0375 37.5862 -140.2614
v 42.0436 37.4356 -139.4299
v 47.2573 40.3735 -139.1152
v -131.5114 41.1845 -138.6001
v -125.4856 41.9420 -138.8570
v -121.1321 42.0906 -138.9026
v 36.3862 41.5051 -138.8556
v 42.5144 42.6318 -139.2080
v 47.2573 42.6898 -139.1152
v 22.0548 144.9015 -146.2985
v 23.6382 144.9015 -146.2985
v 13.8755 151.7616 -145.5973
v 19.0386 149.0685 -144.8557
v 26.3887 148.8210 -145.1058
v 30.8473 151.3491 -146.0142
v 13.3108 157.3025 -142.7745
v 19.1747 157.3025 -140.3128
v 26.5144 157.0287 -142.3304
v 31.1821 157.0287 -145.4075
v -154.0616 168.3284 -146.0486
v -149.4856 168.0735 -145.7995
v -144.9856 168.4554 -146.0442
v 13.4890 164.5464 -142.5402
v 18.1783 165.4501 -140.9060
v 26.9504 165.0563 -142.1414
v 31.0718 163.4576 -145.5559
v 188.6828 167.9942 -145.7834
v 191.8788 167.9942 -145.7834
v -154.0616 170.0624 -146.0486
v -149.4856 170.5213 -145.7995
v -144.9856 169.9852 -146.0442
v 13.7836 173.9922 -142.5402
v 15.1008 169.9922 -142.5402
v 29.3289 173.1285 -143.1895
v 31.0066 175.8617 -140.9557
v 188.6828 170.0993 -145.7834
v 191.8788 170.0993 -145.7834
v 13.7836 178.8562 -142.5402
v 16.9027 182.8562 -142.5402
v 30.3333 177.2150 -146.2891
v 34.0950 180.9546 -142.8346
v 39.2743 184.6941 -139.3800
v 20.9027 186.9930 -142.5402
v 26.2309 191.2308 -142.0391
v 34.0043 190.6221 -141.6516
v 39.3661 189.0287 -139.6115
v 22.2387 199.4151 -145.0706
v 27.3078 197.7497 -142.9964
v 33.0671 195.9449 -141.3331
v 38.8066 197.0287 -138.9973
v 22.2387 201.4681 -145.0706
v 26.9248 203.5027 -142.2471
v 34.5144 205.0287 -140.5889
v 41.7228 205.7059 -139.0329
v 46.7951 208.8240 -138.7489
v 29.9523 209.4662 -139.6527
v 34.5144 210.1824 -139.8182
v 42.5144 210.4752 -139.1404
v 46.7951 209.8567 -138.7489
v 46.3333 224.5974 -138.6201
v 46.6565 224.5974 -138.6201
v 46.3333 225.1643 -138.6201
v 46.6565 225.1643 -138.6201
v 21.6902 -183.2490 -138.4585
v 22.7583 -183.2490 -138.4585
v 14.1210 -176.6487 -138.2622
v 18.9739 -179.3668 -138.3604
v 22.7583 -182.0849 -138.4585
v 14.0233 -170.9713 -138.1513
v 18.7602 -171.4689 -137.7299
v 26.5144 -168.9095 -137.6855
v 30.7041 -167.3929 -138.2325
v 14.2529 -166.3555 -138.2996
v 18.7728 -163.4018 -137.6033
v 26.5144 -162.9713 -136.8407
v 31.4344 -162.9713 -137.8314
v 21.6117 -157.7443 -138.0513
v 26.3778 -155.0351 -137.3764
v 34.3366 -154.8680 -137.2984
v 39.6188 -152.1324 -137.9214
v 22.2005 -144.0307 -138.2278
v 26.2264 -146.7591 -137.9773
v 34.5144 -149.0284 -137.4660
v 39.6188 -149.8645 -137.9214
v 22.2005 -142.1261 -138.2278
v 26.4454 -139.1869 -138.0191
v 34.5144 -136.7939 -136.6992
v 39.5219 -136.1251 -136.8153
v 29.3915 -133.8166 -137.8104
v 34.5144 -132.4835 -136.6992
v 41.9498 -130.3747 -137.0005
v 47.2540 -127.9404 -137.1857
v 45.0888 -122.2525 -134.5275
v 47.0226 -122.2525 -134.5275
v 38.4954 -111.0672 -130.5753
v 43.8390 -114.5942 -132.8410
v 46.5949 -117.2395 -134.5402
v 38.1737 -106.9713 -131.0409
v 41.1281 -106.9713 -131.0409
v 37.5179 -98.9713 -131.8384
v 40.6921 -98.9713 -131.8384
v 37.6210 -94.3340 -131.6387
v 39.9298 -94.3340 -131.6387
v -154.3199 -8.2039 -138.0899
v -151.6737 -8.2039 -138.0899
v 14.0643 -7.7392 -138.1989
v 16.1304 -7.7392 -138.1989
v -154.5041 -2.9713 -137.9388
v -149.1985 -3.2788 -137.6967
v -144.4837 -0.8172 -137.9362
v 14.1104 -2.9713 -138.2271
v 18.6840 -3.2907 -137.9275
v 24.3629 -0.8369 -137.9366
v -154.1017 5.0287 -138.0146
v -149.4856 5.0287 -136.8182
v -141.6844 5.7042 -137.5234
v -137.3735 8.8211 -138.4408
v 14.4258 1.7500 -138.4640
v 18.2768 4.6615 -137.8076
v 26.8235 4.7459 -137.4363
v 31.1959 7.2240 -137.8452
v -153.7833 9.4097 -138.1910
v -148.9011 12.4573 -137.5635
v -141.4856 13.0287 -136.8625
v -134.2184 13.3580 -137.5670
v -128.6439 16.2442 -137.8764
v 20.7851 10.7048 -137.9990
v 26.0819 13.2344 -137.2879
v 34.1233 13.4191 -137.3094
v 39.6671 16.3460 -138.0348
v -146.1267 21.0287 -138.0566
v -141.8158 20.9914 -137.6381
v -133.4856 19.0595 -137.3982
v -128.6439 18.4652 -137.8764
v 22.2219 23.5388 -138.2526
v 25.8330 20.9252 -137.9709
v 34.5144 19.0361 -137.5229
v 39.6671 18.4224 -138.0348
v -145.9090 29.0287 -138.2294
v -141.8158 29.1919 -137.7586
v -135.1888 31.9674 -137.6519
v 22.2219 26.3320 -138.2526
v 26.1459 29.2844 -138.1360
v 34.5144 31.3939 -137.4635
v 39.0631 31.6409 -137.6254
v -145.5545 33.1749 -138.4832
v -141.4856 35.0857 -137.8312
v -133.3501 37.8647 -137.9244
v -125.4856 40.0224 -137.8632
v -121.1321 40.6115 -137.9809
v 29.0859 35.2912 -138.0193
v 34.0375 37.5862 -137.1095
v 42.0436 37.4356 -136.7718
v 47.2573 40.3735 -137.4564
v -130.5005 45.0907 -134.3753
v -127.1916 44.9655 -134.7306
v -121.1321 42.0906 -137.9809
v 36.3862 41.5051 -137.5914
v 44.1561 45.3220 -134.3569
v 46.9104 45.7994 -134.1341
v -129.8819 53.0287 -131.1444
v -128.6934 53.0287 -131.1444
v 38.4941 56.9353 -130.5785
v 42.5408 53.1756 -130.6952
v 46.5635 49.4160 -130.8119
v -130.4134 61.0287 -131.7396
v -125.6635 61.7693 -131.5264
v -121.4535 64.9297 -130.5847
v 38.2526 61.0287 -130.9453
v 41.8477 60.8249 -131.1812
v 47.0024 63.3556 -131.0684
v -131.0558 69.0287 -131.8398
v -125.6420 68.2830 -131.6066
v -121.4535 65.1191 -130.5847
v 37.5774 69.0287 -131.7282
v 42.9343 69.2921 -131.8075
v 47.0024 66.8009 -131.0684
v -130.8666 73.8277 -131.4659
v -128.4129 73.8277 -131.4659
v 37.5938 73.9873 -131.6224
v 40.5476 73.9873 -131.6224
v 13.9168 160.1518 -138.0702
v 16.9482 160.1518 -138.0702
v 13.9168 163.1421 -138.0702
v 18.7345 164.8985 -138.1048
v 23.6208 166.6550 -138.1393
v 14.3605 175.5651 -138.3429
v 18.1182 172.9505 -137.7495
v 26.3782 173.1285 -137.4453
v 31.0066 175.8617 -137.8359
v 14.3605 177.2596 -138.3429
v 19.1930 180.3672 -137.9054
v 26.5144 181.0287 -136.7409
v 34.0097 181.6280 -137.4406
v 39.2743 184.6941 -138.2458
v 22.3121 185.9208 -138.3991
v 26.5144 187.4861 -137.8089
v 34.1231 189.6593 -137.6832
v 39.3661 189.0287 -138.0945
v 29.3719 199.2687 -138.2774
v 34.1231 196.7727 -138.1894
v 38.8066 197.0287 -138.2988
v 29.2359 205.0287 -137.9627
v 34.5144 205.0287 -136.3178
v 41.7228 205.7059 -136.9785
v 46.7951 208.8240 -138.1306
v 29.9523 209.4662 -138.0331
v 34.5144 210.1824 -136.5314
v 42.5144 210.4752 -136.6046
v 46.7951 209.8567 -138.1306
v 46.3333 224.5974 -137.2567
v 46.6565 224.5974 -137.2567
v 38.0595 231.3910 -131.2891
v 44.1511 227.9237 -134.1409
v 47.0236 227.8918 -134.3665
v 37.6200 237.0287 -131.8250
v 42.8408 237.4715 -132.1297
v 47.3906 235.1000 -131.4763
v 37.7767 242.4940 -131.5043
v 40.3917 242.4940 -131.5043
v 46.3550 -119.1066 -130.5061
v 46.5582 -119.1066 -130.5061
v 38.4954 -111.0672 -130.5132
v 43.4331 -113.9052 -130.5097
v 46.5582 -116.7433 -130.5061
v 38.1737 -106.9713 -130.0815
v 41.1281 -106.9713 -130.0815
v 37.5179 -98.9713 -129.1310
v 40.6921 -98.9713 -129.1310
v 37.6210 -94.3340 -129.2458
v 39.9298 -94.3340 -129.2458
v -129.4896 48.9968 -130.5361
v -129.4662 48.9968 -130.5361
v 46.3450 48.9090 -130.4994
v 46.5635 48.9090 -130.4994
v -129.8819 53.0287 -130.0960
v -128.6934 53.0287 -130.0960
v 38.4941 56.9353 -130.5111
v 42.5408 53.1756 -130.5052
v 46.5635 49.4160 -130.4994
v -130.4134 61.0287 -129.5073
v -125.6635 61.7693 -129.6844
v -121.4535 64.9297 -130.4910
v 38.2526 61.0287 -130.1558
v 41.8477 60.8249 -129.9021
v 47.0024 63.3556 -129.9893
v -131.0558 69.0287 -129.0961
v -125.6420 68.2830 -129.3553
v -121.4535 65.1191 -130.4910
v 37.5774 69.0287 -129.2417
v 42.9343 69.2921 -129.1709
v 47.0024 66.8009 -129.9893
v -130.8666 73.8277 -129.4037
v -128.4129 73.8277 -129.4037
v 37.5938 73.9873 -129.2924
v 40.5476 73.9873 -129.2924
v 38.0595 231.3910 -129.8917
v 42.5144 229.9933 -129.3211
v 47.3906 230.6192 -129.5633
v 37.6200 237.0287 -129.3594
v 42.8408 237.4715 -129.0094
v 47.3906 235.1000 -129.5633
v 37.7767 242.4940 -129.6143
v 40.3917 242.4940 -129.6143
v -121.9308 -168.3142 -34.8108
v -117.4856 -168.2545 -34.8546
v -113.3286 -167.3392 -34.6888
v 46.0308 -168.0216 -34.8960
v 50.5144 -168.5799 -35.0733
v 54.9936 -168.0658 -34.8952
v -121.9308 -166.6103 -34.8108
v -117.4856 -166.0427 -34.8546
v -113.3286 -166.0941 -34.6888
v 46.0308 -166.5460 -34.8960
v 50.5144 -165.7921 -35.0733
v 54.9936 -165.8242 -34.8952
v -121.8689 0.4792 -34.7647
v -117.4856 0.4539 -34.7720
v -113.4024 0.8119 -34.6248
v 221.2514 0.6018 -34.6838
v 222.8031 0.6018 -34.6838
v -121.8689 1.4261 -34.7647
v -117.4856 2.8683 -34.7720
v -113.4024 3.0841 -34.6248
v 221.2514 1.5157 -34.6838
v 222.8031 1.5157 -34.6838
v -121.7308 168.7375 -34.6887
v -120.4653 168.7375 -34.6887
v 46.3415 168.8069 -34.6708
v 50.5144 168.8074 -34.6623
v 54.5572 168.9555 -34.5724
v -121.7308 169.5005 -34.6887
v -120.4653 169.5005 -34.6887
v 46.3415 169.4795 -34.6708
v 50.5144 169.7226 -34.6623
v 54.5572 169.5030 -34.5724
v -121.5919 -183.0639 -26.6532
v -117.4856 -184.3276 -27.0614
v -109.4856 -184.9023 -27.4422
v -105.0045 -183.8302 -27.1609
v 52.7475 -184.3601 -27.1732
v 58.5144 -184.9802 -27.6906
v 63.4152 -184.2610 -27.4411
v -145.7980 -175.0805 -26.5885
v -141.4856 -175.5762 -26.8879
v -135.7133 -175.6686 -26.9554
v -122.3109 -178.9713 -27.1583
v -117.4856 -178.9713 -28.4781
v -109.0863 -178.6862 -27.9685
v -105.0045 -181.1628 -27.1609
v 29.3577 -175.3658 -26.7356
v 34.5144 -175.5878 -26.8990
v 42.5144 -175.9475 -27.1210
v 50.2542 -178.6958 -28.0770
v 58.5144 -178.9713 -28.8309
v 63.2510 -178.9713 -27.2785
v -145.7980 -174.6717 -26.5885
v -141.7303 -171.5915 -27.2404
v -133.2223 -171.4210 -27.6935
v -124.8720 -171.3508 -29.9641
v -117.4856 -172.2545 -31.9568
v -111.7399 -170.3920 -30.4468
v 28.5028 -170.9713 -27.1519
v 34.5144 -170.9713 -28.0202
v 43.0242 -170.8015 -30.7297
v 50.5144 -172.5799 -31.9864
v 57.8664 -171.4420 -29.9671
v 62.5957 -174.8181 -26.6237
v -147.7859 -160.7745 -27.2879
v -141.7303 -163.2532 -27.8358
v -133.4856 -162.9713 -28.4441
v -124.9528 -163.5547 -30.7463
v -117.0477 -161.7373 -30.0701
v -112.8026 -164.6995 -30.5402
v 21.2391 -160.7405 -27.3872
v 26.3992 -163.2328 -27.9174
v 34.5144 -162.9713 -28.4700
v 43.4961 -162.7915 -29.7692
v 49.9357 -161.2673 -30.0869
v 55.5459 -163.0831 -30.0869
v -147.7859 -156.9462 -27.2879
v -141.4856 -155.8092 -27.6321
v -133.4856 -156.9196 -27.3140
v -125.4856 -157.7249 -27.1953
v -119.4225 -157.8541 -27.0901
v -105.9939 -151.3156 -26.7107
v -105.3211 -151.3156 -26.7107
v 21.4453 -154.9713 -27.2348
v 26.5144 -154.9713 -27.8784
v 33.7492 -155.5208 -27.2051
v 40.9614 -158.5538 -26.7902
v 52.2166 -158.4851 -27.1180
v 58.0809 -155.2093 -27.0713
v 63.1099 -151.9335 -27.0246
v -105.9939 -150.7411 -26.7107
v -105.3211 -150.7411 -26.7107
v 22.3642 -150.9021 -26.6193
v 26.5144 -150.8966 -26.6220
v 30.5725 -150.9409 -26.5702
v 61.2990 -150.3233 -27.0246
v 63.1099 -150.3233 -27.0246
v -114.6188 -15.8425 -27.1367
v -109.4856 -16.0399 -27.3847
v -105.0490 -15.5249 -27.0697
v 228.4053 -15.6560 -27.0171
v 231.4327 -15.6560 -27.0171
v -138.5274 -7.4105 -26.8683
v -136.3476 -7.4105 -26.8683
v -122.4410 -7.6571 -27.0925
v -117.3655 -10.5827 -28.0022
v -109.1736 -10.9132 -27.9886
v -105.0490 -13.5411 -27.0697
v 198.2895 -7.1101 -26.6151
v 202.5144 -7.2422 -26.7266
v 207.5056 -7.1937 -26.7139
v 220.5667 -9.3238 -27.8822
v 226.0489 -11.5828 -27.9906
v 231.6801 -10.9713 -27.3467
v -145.7421 0.7571 -26.6058
v -141.3107 -2.3342 -27.2368
v -133.6028 -3.0205 -27.6054
v -124.8216 -2.6204 -29.8230
v -117.4856 -3.5461 -31.9204
v -111.7281 -2.3013 -30.5129
v 197.3131 -2.9713 -26.9378
v 202.5144 -2.9713 -27.6882
v 210.3091 -3.0081 -28.1955
v 218.2424 -2.5488 -30.7571
v 226.1908 -2.5306 -30.1771
v 231.1504 -5.6629 -27.1386
v -147.0704 5.0287 -27.1201
v -141.4856 5.0287 -28.2963
v -133.4856 5.0287 -28.5441
v -124.9156 4.4671 -30.8033
v -116.8807 7.1799 -30.1411
v -112.6787 4.4196 -30.5402
v 189.8155 7.3342 -27.2143
v 194.4883 4.8120 -27.7595
v 202.5144 5.0287 -28.5485
v 210.5144 5.0287 -29.2951
v 218.5566 4.5209 -32.0060
v 224.5039 4.5209 -30.5939
v -147.7111 13.0287 -27.2243
v -141.4856 13.0287 -27.9639
v -133.9969 12.7625 -27.3861
v -125.4856 10.6178 -27.3591
v -119.1442 10.2580 -27.2084
v -105.9534 16.7392 -26.6867
v -105.3383 16.7392 -26.6867
v 189.4535 13.0287 -27.5275
v 194.5144 13.0287 -28.4060
v 202.1108 12.7930 -27.5387
v 210.5144 10.4333 -27.3562
v 218.5144 11.2375 -28.0537
v 226.7112 13.8538 -27.3191
v 230.7911 16.6662 -26.6750
v -146.5963 17.2639 -26.7448
v -141.4856 17.3761 -26.8325
v -137.0044 17.2567 -26.7252
v -105.9534 17.3523 -26.6867
v -105.3383 17.3523 -26.6867
v 189.7987 17.7345 -27.1825
v 194.5144 17.8109 -27.2234
v 199.1751 17.3658 -26.8088
v 229.6117 17.3486 -26.6750
v 230.7911 17.3486 -26.6750
v -114.6057 152.1186 -27.4865
v -110.8213 152.1186 -27.4865
v 53.8695 152.4547 -27.1642
v 58.5144 152.5796 -27.0258
v 62.5425 153.0039 -26.5636
v -137.7081 160.9579 -26.5968
v -137.3245 160.9579 -26.5968
v -122.5944 160.1499 -27.4339
v -117.3577 157.3015 -28.3898
v -109.7942 157.0287 -28.1819
v 30.4258 160.9824 -26.5718
v 30.6869 160.9824 -26.5718
v 45.5818 160.6749 -26.9216
v 50.9274 157.6164 -27.7483
v 58.5144 157.0287 -28.0520
v 62.7713 157.0287 -26.8280
v -147.5515 167.8386 -27.0719
v -140.8191 165.1147 -27.4084
v -134.1889 165.5362 -27.2744
v -124.8293 165.9726 -29.8080
v -117.6735 165.6540 -32.2870
v -110.7916 165.0287 -29.0534
v 22.2068 168.8303 -26.6289
v 27.2612 165.7097 -27.0431
v 33.8179 164.9463 -27.3511
v 43.2950 165.5158 -29.6986
v 50.5144 164.8074 -31.5823
v 57.9873 165.3898 -29.8910
v 62.8289 161.8241 -26.9005
v -147.6668 173.0287 -27.1876
v -141.4856 173.0287 -28.3941
v -133.4856 173.0287 -28.3371
v -124.8327 172.5118 -30.7966
v -117.0617 173.2253 -30.7477
v -112.1512 171.6169 -28.6485
v 22.0011 173.0287 -26.7936
v 26.5144 173.0287 -27.8085
v 34.5144 173.0287 -28.4096
v 43.2106 172.4992 -30.9603
v 50.5144 173.7226 -32.6841
v 55.8923 172.5133 -30.9188
v -147.2619 181.0287 -27.2171
v -141.4856 181.0287 -27.9527
v -133.5949 181.2045 -27.4159
v -125.4856 180.1332 -27.6292
v -118.9914 179.5419 -27.5135
v 21.5411 181.0287 -27.1800
v 26.5144 181.0287 -27.9729
v 34.6732 181.3204 -27.4969
v 42.5144 179.3230 -27.6137
v 50.5144 178.9906 -28.6841
v 55.1982 178.4048 -28.5045
v -147.0116 185.8199 -27.1112
v -141.4856 185.8998 -27.1416
v -136.3345 185.3989 -26.7710
v 21.5934 185.9191 -27.1441
v 26.5144 186.1737 -27.3096
v 32.1123 185.6650 -26.9621
v 38.4754 -343.0512 -18.5580
v 38.5659 -343.0512 -18.5580
v 37.6683 -338.9713 -19.0012
v 39.6568 -338.9713 -19.0012
v 37.4253 -333.9543 -19.1370
v 39.9862 -333.9543 -19.1370
v 52.6362 -327.6580 -18.8385
v 54.9197 -327.6580 -18.8385
v 52.6362 -326.3029 -18.8385
v 54.9197 -326.3029 -18.8385
v -114.6404 -191.5516 -20.3143
v -109.4856 -191.6127 -20.2249
v -105.2347 -191.2462 -19.0123
v 53.6520 -191.5474 -19.8975
v 58.5144 -191.6755 -20.0872
v 62.9721 -191.3342 -19.2456
v -154.4971 -184.1031 -19.2609
v -149.4856 -184.6901 -19.9517
v -141.4856 -184.4722 -20.0053
v -136.0818 -183.8125 -19.3324
v -122.5506 -183.7310 -22.5402
v -117.3785 -187.8085 -22.8047
v -108.3017 -187.1319 -22.3425
v -105.1196 -186.9674 -22.0891
v 13.9192 -183.7499 -18.8908
v 18.5144 -184.1996 -19.5157
v 26.5144 -184.4774 -19.8997
v 32.2980 -184.1203 -19.4028
v 51.8272 -187.0046 -22.5546
v 60.1972 -186.4680 -21.7350
v 63.1937 -186.3564 -21.5888
v -154.5372 -178.9713 -19.6628
v -148.8730 -178.2368 -23.3350
v -141.4856 -179.5762 -24.0053
v -133.2309 -178.7914 -22.6218
v -126.1341 -179.1370 -22.9628
v -107.3232 -178.6862 -22.5156
v -105.0045 -181.1628 -25.1659
v 13.6319 -178.9713 -19.1850
v 18.5144 -178.9713 -21.3800
v 26.6203 -178.4080 -24.0138
v 34.7846 -179.9085 -22.2578
v 42.5144 -178.9985 -22.5402
v 47.8021 -181.1229 -22.5402
v 62.0787 -178.9713 -19.9056
v 63.2510 -178.9713 -23.9056
v -154.0049 -170.9713 -19.5401
v -148.8730 -171.5915 -23.5884
v -144.5602 -169.3384 -25.6207
v -130.3800 -174.3874 -25.9113
v -127.8131 -174.3874 -25.9113
v -107.7285 -170.5065 -21.8804
v -104.2068 -167.5300 -18.7738
v 13.9329 -173.9191 -19.0493
v 18.1187 -171.1399 -21.0783
v 24.5028 -170.9713 -25.3309
v 61.3731 -171.9849 -22.5509
v 64.8349 -171.3564 -22.0494
v 70.7603 -167.1759 -18.7068
v 205.6765 -168.6085 -18.9207
v 208.3865 -168.6085 -18.9207
v -153.7874 -165.5171 -19.0973
v -150.3190 -163.1458 -22.3590
v -144.5602 -166.1078 -25.6207
v -114.0891 -159.4861 -26.0991
v -109.8334 -162.4801 -23.8275
v -102.7802 -162.9713 -19.4801
v 19.8101 -163.2328 -22.7868
v 23.6557 -166.0739 -25.6179
v 46.2948 -159.0370 -26.4664
v 46.8832 -159.0370 -26.4664
v 59.4444 -162.9713 -24.1199
v 66.5144 -162.9713 -20.3790
v 70.8724 -162.9713 -18.7993
v 205.6765 -166.1791 -18.9207
v 211.4452 -162.6043 -18.7322
v 218.5144 -159.4385 -18.7653
v 223.0777 -159.5361 -18.8369
v -153.5475 -151.6521 -18.8741
v -150.3190 -154.2991 -22.1906
v -141.6365 -152.3200 -22.7204
v -133.0669 -153.2083 -21.9076
v -125.4856 -153.7249 -23.8131
v -117.0477 -155.1010 -24.6882
v -108.9906 -154.3779 -24.4490
v -103.0547 -154.3779 -22.3519
v 19.4741 -154.9713 -22.5402
v 29.7964 -151.6575 -20.9295
v 33.7492 -152.9775 -23.1738
v 42.6247 -154.9667 -22.9968
v 49.9357 -155.4796 -24.7947
v 58.0809 -155.2093 -25.2191
v 66.3857 -155.0547 -21.8864
v 70.7459 -158.1760 -18.7191
v 214.5038 -158.9651 -18.5437
v 218.5144 -157.6522 -18.7653
v 223.0777 -157.2187 -18.8369
v -153.5475 -150.8650 -18.8741
v -149.4856 -150.5436 -20.0159
v -144.4038 -150.5073 -20.1739
v -130.1211 -150.7377 -18.8193
v -124.9291 -147.6311 -19.7636
v -117.4856 -146.9713 -21.1474
v -109.4332 -147.7007 -22.0650
v -104.1933 -150.0654 -22.5402
v 21.3599 -150.2796 -22.5402
v 26.8836 -150.3997 -23.1738
v 30.5725 -150.9409 -26.2629
v 44.2879 -148.9598 -19.5273
v 50.1671 -146.5644 -20.3224
v 58.3773 -147.3508 -22.1984
v 64.3213 -149.5406 -22.5402
v -121.8914 -142.6135 -18.8819
v -117.4856 -141.8331 -19.1316
v -112.8725 -141.8114 -18.9870
v 52.6021 -141.9751 -19.0124
v 55.4556 -141.9751 -19.0124
v -113.8718 -23.1782 -19.0000
v -111.2816 -23.1782 -19.0000
v -154.4150 -15.7660 -19.2703
v -149.4856 -16.2625 -19.8468
v -141.4856 -16.1893 -19.7930
v -136.4098 -15.6685 -19.1985
v -122.5071 -15.7001 -19.6426
v -116.9120 -18.4379 -21.9879
v -108.7419 -18.3504 -21.9181
v -105.0490 -15.5249 -24.8362
v 188.4003 -15.2350 -18.9062
v 194.5144 -16.0107 -19.5894
v 201.1531 -16.0934 -19.5731
v 221.2466 -16.8559 -20.8560
v 226.0489 -17.7488 -23.1297
v 231.7746 -17.0297 -22.5402
v -154.4150 -13.0985 -19.2703
v -149.8815 -10.6476 -20.4880
v -141.3107 -10.4348 -23.6450
v -133.7120 -10.2531 -22.1169
v -125.1407 -10.3764 -22.3389
v -119.9522 -12.9904 -24.9759
v -106.7867 -10.9132 -22.3178
v -105.0490 -13.5411 -24.8362
v 187.9738 -10.9713 -19.5663
v 195.1795 -10.2546 -23.1809
v 203.2976 -11.9721 -22.3600
v 210.3091 -9.1946 -22.6188
v 218.2400 -11.2357 -23.0970
v 223.0719 -14.6571 -26.1894
v 232.7454 -10.9713 -22.5402
v -298.7191 0.1819 -19.0099
v -296.7587 0.1819 -19.0099
v -154.1802 -0.8409 -19.8480
v -149.2771 -2.7085 -22.6129
v -143.8607 -4.5762 -25.3778
v -131.0143 -5.7200 -25.0353
v -127.7743 -5.7200 -25.0353
v -108.1318 -2.9713 -22.5402
v 188.1724 -2.9713 -20.6550
v 193.3131 -2.9713 -24.6550
v 212.8390 -5.6994 -25.3379
v 215.2334 -5.6994 -25.3379
v 229.5785 -0.3296 -25.4733
v 232.3670 -2.9863 -22.7001
v -299.0504 5.0287 -19.1159
v -293.8495 5.7071 -19.0543
v -289.2512 8.8260 -18.6294
v -154.1802 2.4658 -19.8480
v -150.8325 5.0910 -22.5249
v -113.8108 8.8279 -26.2978
v -109.1904 5.1412 -22.9051
v -101.4856 6.9281 -19.3938
v -97.2999 8.4688 -18.7062
v 188.6339 4.8120 -22.8307
v 191.8042 2.0009 -25.6911
v 228.7847 5.0287 -24.7155
v 234.7903 4.8466 -20.6499
v 239.6717 7.3919 -19.1560
v -298.3385 9.4142 -18.8382
v -292.7883 12.4600 -18.8452
v -289.0762 13.0287 -18.6980
v -153.6419 16.2785 -19.5699
v -151.3450 13.3786 -22.3580
v -131.6711 15.2516 -24.8891
v -125.4856 14.6178 -24.3864
v -116.8807 12.9663 -24.8242
v -108.9663 13.6550 -24.5398
v -102.0267 13.2146 -21.7759
v -97.2999 9.6900 -18.7062
v 188.2858 13.0287 -22.5402
v 204.4013 15.3028 -22.5402
v 210.0832 14.6075 -22.4570
v 218.5144 15.2375 -24.9163
v 226.7112 13.8538 -25.5106
v 234.4812 13.9699 -22.1651
v 239.6717 11.2736 -19.1560
v -289.6567 17.2372 -18.6614
v -289.1741 17.2372 -18.6614
v -153.6419 17.4317 -19.5699
v -149.3521 18.0455 -22.3580
v -141.4856 18.1857 -22.5402
v -133.9969 17.6202 -22.3495
v -125.2612 20.6696 -20.5548
v -117.4856 21.0287 -21.6535
v -109.2638 20.4217 -22.1114
v -104.2972 18.1182 -22.5402
v 189.2494 18.6094 -22.5402
v 194.5144 19.4226 -22.5402
v 200.4013 17.8419 -22.5402
v 212.4624 18.8974 -19.7350
v 218.2055 21.3499 -20.9065
v 227.0929 20.8806 -22.5814
v 232.4645 18.8065 -22.5402
v -122.4449 26.0528 -19.4362
v -116.9636 28.8432 -19.5905
v -112.5021 29.0287 -19.1811
v 220.6662 26.5535 -19.3158
v 224.5741 26.5535 -19.3158
v -113.9490 33.2529 -18.8553
v -113.0856 33.2529 -18.8553
v -153.5283 153.0047 -18.5679
v -149.4856 152.7751 -18.8732
v -141.4856 152.6534 -18.9931
v -137.1938 152.8425 -18.7278
v -122.1251 152.5166 -19.1808
v -117.3577 151.2101 -22.1245
v -108.6870 151.2146 -23.3318
v -105.3275 152.5241 -21.1929
v 28.3241 152.5779 -19.0005
v 31.2849 152.5779 -19.0005
v 52.5732 151.4460 -22.5402
v 58.5144 150.5020 -22.5402
v 63.0341 152.0847 -22.5402
v -153.5216 157.0287 -18.5637
v -149.4856 157.0287 -19.9213
v -140.8191 157.7862 -22.9389
v -134.5925 158.1537 -21.5378
v -125.0264 157.7497 -21.7643
v -119.9390 154.8166 -24.5141
v -106.1425 156.9446 -23.3318
v -105.3275 154.2218 -21.1929
v 20.6776 158.6445 -19.6785
v 26.7083 157.1468 -22.0062
v 33.6525 157.8909 -22.1093
v 42.7548 159.1424 -22.5469
v 48.5732 155.3430 -22.5402
v 63.5035 157.0287 -22.5402
v -154.3233 165.0287 -20.2124
v -149.9252 165.1147 -23.9143
v -143.0415 162.5052 -25.2674
v -131.9911 163.2078 -24.3478
v -127.9277 163.2078 -24.3478
v -107.9573 165.0287 -22.5402
v 13.8716 167.4889 -19.6793
v 18.7755 165.4929 -22.3456
v 25.0925 163.4970 -25.0118
v 36.0202 162.2247 -25.2180
v 40.2485 162.2247 -25.2180
v 61.4175 167.1575 -24.5850
v 63.1921 164.7060 -22.1671
v 213.7864 168.8490 -18.6957
v 214.6811 168.8490 -18.6957
v -154.5971 171.0302 -20.7661
v -151.4325 173.4296 -23.0758
v -113.6581 176.9502 -26.4404
v -109.2538 173.6130 -22.8267
v -101.4856 175.5981 -19.2372
v -97.1917 176.5409 -18.7968
v 13.8716 169.9147 -19.6793
v 18.3043 172.7603 -22.4237
v 60.2046 173.0287 -23.7246
v 66.0165 173.3340 -19.7446
v 71.1433 176.2043 -18.9684
v 206.3005 176.6886 -18.5976
v 210.8776 173.6246 -18.7473
v 215.4450 173.0287 -18.7561
v -153.7072 183.7525 -19.4804
v -151.1085 181.0630 -22.3043
v -131.0011 183.9883 -25.7171
v -125.4856 184.1332 -25.8565
v -116.7891 181.7366 -25.6210
v -109.4856 181.0287 -23.2826
v -101.5247 180.6575 -20.1542
v -97.1917 177.7434 -18.7968
v 19.4667 181.0287 -22.5402
v 37.4457 184.1814 -25.7403
v 42.5144 183.3230 -25.1748
v 50.5144 182.9906 -24.9870
v 58.1247 181.0544 -24.4409
v 66.6639 180.9234 -20.5280
v 71.1433 178.1865 -18.9684
v 206.3005 177.1025 -18.5976
v 210.5144 177.3243 -18.6824
v 218.7870 180.4555 -18.7183
v 222.9635 183.5619 -18.7641
v -153.7072 185.9574 -19.4804
v -149.6012 187.0723 -22.3043
v -141.4856 187.7695 -22.5402
v -133.5949 186.3542 -22.8463
v -125.3872 188.8479 -21.8396
v -117.4856 189.0287 -23.1058
v -108.7827 189.7081 -21.0557
v -104.2173 187.4942 -20.3009
v 20.4986 187.5887 -22.5402
v 26.5144 188.7994 -22.5402
v 34.6732 186.5000 -22.8603
v 42.9654 188.7314 -20.9914
v 50.5144 189.0287 -21.9353
v 59.1436 189.7160 -21.1354
v 64.0969 187.5076 -20.5574
v 221.9854 185.4817 -18.7641
v 222.9635 185.4817 -18.7641
v -122.6549 194.4349 -19.6175
v -117.5401 197.0724 -20.3245
v -110.8772 197.0287 -19.9626
v 45.9328 193.6250 -19.1127
v 50.9436 196.5865 -19.5401
v 57.0663 197.0287 -19.3607
v -114.9098 201.7601 -19.3277
v -112.5127 201.7601 -19.3277
v 53.8964 201.4039 -18.9423
v 55.5348 201.4039 -18.9423
v 21.5761 -351.6535 -11.3758
v 26.5144 -351.8154 -11.9327
v 31.9497 -351.4146 -11.5613
v 20.9962 -346.9713 -11.8958
v 26.5144 -346.9713 -13.4716
v 35.2126 -346.4832 -14.2574
v 39.6109 -344.2391 -14.5402
v 21.6605 -338.9713 -11.3673
v 26.5144 -338.9713 -12.9432
v 33.6683 -338.9713 -16.1161
v 43.4747 -339.1122 -14.6611
v 48.6114 -336.5396 -12.0750
v 22.4618 -334.8190 -10.6712
v 26.5144 -333.3724 -11.4043
v 34.6610 -331.8779 -14.3529
v 42.2411 -330.7166 -15.0499
v 50.6238 -330.9116 -15.0499
v 55.3655 -328.8817 -14.5402
v 44.4960 -324.9069 -12.6915
v 50.1875 -324.7311 -15.0310
v 55.3655 -325.7194 -14.5402
v -154.6211 -191.2147 -11.2328
v -149.4856 -191.5478 -11.8027
v -143.7474 -191.4965 -11.5309
v -115.9574 -191.8271 -14.5402
v -109.6872 -191.8209 -14.8613
v -105.2347 -191.2462 -17.7421
v 13.3443 -191.3393 -11.5360
v 18.5144 -191.5130 -11.7373
v 26.5144 -191.4280 -11.6166
v 30.7899 -191.2260 -11.3751
v 52.9959 -191.9638 -14.5402
v 58.9387 -191.9830 -14.2149
v 62.9721 -191.3342 -16.6647
v -163.4260 -184.8265 -11.8007
v -157.2258 -187.1315 -14.1834
v -149.4856 -188.6901 -15.8027
v -141.2427 -188.4418 -14.3346
v -135.2944 -184.9395 -14.5402
v -123.1845 -185.1778 -14.5402
v -119.9574 -189.1778 -14.5402
v -108.1015 -187.2513 -14.8613
v -105.2347 -190.1046 -17.7421
v 5.3910 -184.5311 -11.6817
v 10.9651 -186.8072 -14.2755
v 18.5144 -188.1996 -15.7373
v 26.5144 -188.4774 -15.6166
v 32.6527 -186.8607 -14.2411
v 50.2018 -186.9713 -14.5402
v 61.8457 -186.2596 -14.2149
v 62.9721 -188.4519 -16.6647
v 190.3145 -183.1429 -10.7964
v 191.6559 -183.1429 -10.7964
v -169.8441 -176.3921 -11.0154
v -165.8499 -179.0238 -12.3628
v -158.5372 -178.9713 -16.4620
v -131.5113 -179.1370 -14.4416
v -126.9977 -179.1370 -14.4416
v -107.7943 -179.0542 -14.7351
v -104.3622 -176.4428 -12.1984
v 3.9106 -178.9713 -12.5409
v 9.6319 -178.9713 -16.5409
v 36.7970 -179.4153 -14.2608
v 42.2747 -178.5134 -14.2608
v 47.7203 -181.8439 -14.5402
v 61.9168 -179.5643 -15.1379
v 64.1946 -177.2931 -12.8697
v 189.7474 -178.9713 -11.2881
v 194.3993 -179.4143 -11.8434
v 202.5144 -177.9281 -12.9111
v 207.7611 -176.8419 -12.5266
v -169.8441 -174.3524 -11.0154
v -165.4856 -172.9653 -11.8730
v -158.3377 -170.5378 -14.5214
v -130.4500 -173.6692 -11.7092
v -128.4073 -173.6692 -11.7092
v -106.6430 -172.8633 -17.5317
v -101.6178 -170.2012 -14.9426
v -97.1366 -167.5392 -12.3535
v 4.1661 -172.9813 -12.0663
v 10.7448 -170.7835 -14.8014
v 15.1882 -168.5857 -17.5366
v 37.6972 -173.1013 -11.4079
v 39.4483 -173.1013 -11.4079
v 62.0068 -174.4850 -18.2031
v 66.7225 -172.4763 -15.1379
v 71.2868 -168.2173 -14.5402
v 189.6916 -173.4468 -11.2811
v 194.4220 -170.8566 -12.3686
v 202.8116 -171.1536 -16.3159
v 210.7405 -171.1816 -15.3394
v 216.5553 -168.4214 -12.8188
v -154.9343 -162.8988 -13.9183
v -152.8522 -160.1838 -16.1703
v -98.7802 -162.9713 -16.9896
v -97.1060 -162.9713 -12.9896
v 12.8901 -164.7417 -12.2033
v 15.9484 -162.4335 -14.7380
v 71.9732 -162.9713 -14.5402
v 197.0271 -164.3781 -11.6718
v 202.2076 -162.6119 -14.0039
v 211.4452 -162.6043 -17.2441
v 218.9389 -163.6370 -15.1074
v 224.3397 -160.7598 -14.5402
v -153.5423 -155.2162 -14.4563
v -152.6269 -155.2162 -14.4563
v -139.0705 -152.1019 -16.1789
v -135.4544 -152.1019 -16.1789
v -98.5704 -154.9713 -16.2508
v -97.1375 -154.9713 -12.2508
v 17.5772 -154.9713 -14.5402
v 29.7964 -151.6575 -17.1217
v 35.0243 -151.7547 -14.4891
v 39.0089 -151.4359 -14.5402
v 69.6615 -152.8426 -17.3338
v 71.4836 -155.2941 -14.6163
v 204.0720 -158.7462 -11.0026
v 211.3080 -157.9246 -14.0176
v 218.5144 -155.0051 -14.5402
v 224.3397 -156.1447 -14.5402
v -153.5475 -150.8650 -18.0756
v -149.6352 -150.0105 -15.0614
v -141.6365 -150.0139 -13.9234
v -133.0669 -150.4572 -13.9234
v -126.0389 -146.4042 -14.5402
v -107.2858 -144.4155 -14.5402
v -101.3505 -148.7552 -14.2371
v -97.1786 -150.6855 -11.3683
v 20.2900 -149.3759 -14.5402
v 26.8836 -149.4311 -14.4891
v 32.6976 -150.5315 -11.7884
v 43.0089 -147.9162 -14.5402
v 47.5836 -143.9162 -14.5402
v 60.7889 -144.3784 -16.9485
v 66.4217 -147.4065 -14.4745
v 71.2145 -150.4347 -12.0005
v -122.0389 -142.6370 -14.5402
v -117.4856 -141.4216 -14.5402
v -111.2858 -141.7559 -14.5402
v 51.5836 -141.8207 -14.5402
v 58.2791 -141.6520 -14.3852
v 63.1820 -142.3066 -11.6152
v -113.8808 -23.1650 -14.5402
v -111.7492 -23.1650 -14.5402
v 222.4514 -23.0238 -10.8653
v 222.8492 -23.0238 -10.8653
v -162.8854 -16.0478 -11.5744
v -157.2432 -17.2142 -14.3607
v -149.4856 -19.3216 -14.5402
v -141.4856 -18.4274 -14.5402
v -136.1694 -16.0733 -14.5402
v -122.4607 -15.7546 -14.5402
v -117.8808 -19.7546 -14.5402
v -109.0131 -18.9713 -14.5402
v 173.8867 -15.8112 -11.3668
v 178.5144 -16.8500 -13.0254
v 186.0459 -16.8865 -15.2324
v 194.5144 -18.7171 -14.5402
v 201.9530 -17.5718 -14.5402
v 220.9604 -19.3020 -13.9353
v 225.9153 -21.5920 -13.9353
v 231.5290 -17.8337 -14.5402
v -321.9333 -8.0001 -11.0506
v -317.4856 -8.7571 -11.9192
v -309.4856 -8.9560 -13.2593
v -304.5667 -8.2653 -12.8374
v -169.7084 -7.6965 -11.0133
v -165.5255 -10.6064 -12.2740
v -157.2432 -10.6476 -16.3380
v -152.8121 -7.7651 -17.7868
v -132.3296 -10.6459 -14.6987
v -125.9592 -10.6459 -14.6987
v -106.8799 -10.9733 -14.9085
v -104.7134 -8.3079 -12.4874
v 173.1646 -10.9713 -12.2122
v 178.5144 -10.9713 -15.0925
v 183.9738 -10.9713 -17.4205
v 205.9530 -13.5982 -14.5402
v 210.1258 -9.5787 -14.5897
v 216.9033 -10.6771 -14.5897
v 234.9211 -10.2875 -13.8906
v 238.6530 -7.1649 -10.7909
v -321.9333 -6.0607 -11.0506
v -317.5005 -3.2249 -12.4474
v -309.4856 -2.9713 -15.3851
v -301.6429 -2.6283 -15.1027
v -295.7328 -0.4567 -14.5402
v -169.7084 -6.2863 -11.0133
v -164.8075 -3.3603 -11.7058
v -157.1024 -3.2930 -15.7698
v -152.8121 -6.1742 -17.7868
v -130.6473 -5.7016 -12.1376
v -127.6415 -5.7016 -12.1376
v -106.2663 -2.9713 -17.6919
v -101.8223 -2.2954 -13.3015
v -97.3714 0.8219 -10.9401
v 173.5722 -2.9713 -11.6376
v 178.5144 -2.9713 -13.7524
v 184.1724 -2.9713 -16.6550
v 212.5335 -6.0303 -11.9560
v 215.6896 -6.0303 -11.9560
v 236.3531 -2.9713 -16.0815
v 239.4027 -2.9713 -12.0815
v -314.7841 5.0287 -12.1015
v -309.4856 5.0287 -14.0789
v -303.0504 5.0287 -16.5175
v -291.7328 3.7012 -14.5402
v -286.1450 7.8853 -13.9190
v -281.3560 8.8930 -10.8382
v -161.6888 1.1327 -10.6275
v -156.7148 4.4659 -13.7138
v -152.2840 7.7991 -16.8001
v -105.8879 1.4545 -18.1286
v -101.4856 2.9281 -16.5315
v -97.1137 5.4928 -13.9801
v 174.4303 1.0872 -10.6006
v 178.5144 2.2741 -11.6853
v 184.7487 5.1899 -14.6200
v 237.6409 2.0585 -17.6779
v 240.6581 4.8466 -14.8228
v -313.8588 9.9777 -11.2821
v -309.4856 10.2462 -11.9532
v -301.1973 10.8909 -14.4254
v -293.9988 14.8508 -14.5402
v -285.8542 12.4469 -13.9190
v -281.3560 9.3923 -10.8382
v -153.7790 13.4691 -14.2882
v -152.5898 13.4691 -14.2882
v -98.7151 15.0233 -17.2583
v -96.7962 12.6255 -14.5710
v 186.9879 13.0287 -14.5402
v 205.7029 16.4538 -17.8580
v 207.1291 16.4538 -17.8580
v 238.1712 16.6069 -18.0749
v 241.0860 13.5757 -15.0610
v -289.9988 17.3059 -14.5402
v -289.1222 17.3059 -14.5402
v -153.6419 17.4317 -17.1096
v -149.9316 19.0077 -14.4818
v -141.4856 19.5408 -14.5402
v -132.7255 20.9420 -13.7724
v -127.7782 23.0968 -15.9271
v -107.2409 23.4912 -16.3157
v -101.9602 20.6416 -14.1203
v -96.8422 17.7919 -11.9249
v 188.8081 19.3732 -14.5402
v 194.5144 21.4050 -14.5402
v 202.8275 19.1608 -14.9309
v 210.4760 21.0519 -15.0079
v 215.3329 24.2307 -17.4911
v 229.9074 24.4126 -17.8259
v 234.9684 21.2930 -15.2837
v 240.2735 18.1734 -12.7415
v -129.5521 25.0605 -10.5938
v -125.2612 25.7519 -13.7724
v -116.9636 29.4546 -15.0779
v -110.1632 28.2828 -14.5427
v -105.2053 25.3338 -10.9824
v 213.8228 25.6344 -12.1578
v 218.2055 26.8192 -14.7108
v 226.9502 27.0937 -14.9116
v 231.7657 26.0919 -12.4926
v -113.9490 33.2529 -18.1030
v -113.0856 33.2529 -18.1030
v 54.2731 144.8656 -11.1915
v 54.9132 144.8656 -11.1915
v -162.5887 152.2914 -11.4854
v -156.7112 151.9659 -14.3073
v -149.4856 151.1803 -14.5402
v -140.8545 152.0586 -14.2579
v -137.1938 152.8425 -16.7363
v -122.3644 152.2096 -14.5402
v -117.4856 149.2062 -14.5402
v -109.3212 150.3233 -14.9921
v -105.3275 152.5241 -17.9601
v 5.9428 152.5143 -11.0731
v 10.5144 151.7693 -12.7561
v 18.5144 151.5881 -13.9904
v 26.0002 151.8568 -15.0474
v 31.5542 152.1307 -14.5402
v 52.1132 148.9070 -14.1309
v 58.6624 148.9770 -13.5917
v 63.1793 151.7948 -15.9920
v -169.6818 160.4934 -11.1668
v -165.3475 157.5076 -12.1799
v -157.5216 157.0287 -16.1198
v -137.7671 153.3092 -11.4030
v -133.8648 156.9960 -14.5522
v -126.1786 157.6212 -14.8369
v -106.7669 156.9446 -14.9921
v -105.3275 154.2218 -17.9601
v 4.9227 157.0287 -11.9785
v 10.5144 157.0287 -15.1686
v 18.2123 156.3982 -17.5994
v 22.9908 153.3111 -18.0522
v 35.8443 157.2911 -14.1693
v 42.5144 158.9363 -15.2444
v 47.5878 156.6924 -13.8745
v 61.9592 157.0287 -11.5020
v 63.2466 157.0287 -15.5020
v 189.7558 160.1015 -11.2973
v 194.5144 159.8609 -11.9755
v 202.5144 160.1916 -13.1399
v 206.9456 160.5424 -12.8498
v -169.6818 162.4144 -11.1668
v -165.7906 165.0601 -12.0660
v -158.3233 165.0287 -15.9774
v -130.5358 162.3837 -12.3680
v -128.1354 162.3837 -12.3680
v -106.6537 164.4073 -14.7363
v -103.5635 166.6597 -12.2003
v 4.3648 165.0287 -12.1066
v 10.9287 164.9048 -16.0924
v 15.3442 162.1556 -17.7053
v 38.0111 162.5320 -11.2554
v 42.5144 162.3013 -11.2444
v 46.7308 161.2222 -10.7640
v 61.8768 161.6449 -11.7041
v 65.5885 165.0097 -14.0688
v 70.8077 168.3744 -11.1002
v 189.8921 165.0287 -11.1786
v 194.5144 165.0287 -12.7483
v 202.5144 165.0287 -15.0868
v 210.3660 166.1752 -15.1914
v 214.8145 168.7484 -14.5402
v -163.3273 169.8216 -11.2956
v -157.0753 173.0926 -14.3834
v -152.4887 176.3635 -17.4713
v -106.3563 170.2758 -17.5337
v -101.1323 171.6065 -14.7363
v -96.8514 175.3157 -14.5402
v 5.1989 169.7402 -11.2438
v 11.4149 172.4941 -13.7231
v 16.1820 175.2480 -16.2025
v 68.3513 170.8710 -16.4336
v 71.6581 173.3340 -14.0762
v 190.4432 169.1836 -10.6342
v 194.6775 172.3216 -11.9793
v 203.1861 173.6246 -16.1186
v 208.4530 171.3553 -17.5330
v 218.5990 173.4207 -14.8704
v 223.5993 176.3487 -12.4238
v -153.9637 181.1358 -14.7556
v -152.5203 181.1358 -14.7556
v -98.8840 183.0767 -17.2143
v -96.4636 180.6575 -14.5447
v 14.2915 177.6922 -10.8691
v 16.7384 180.6268 -13.9376
v 69.4303 183.5198 -17.3734
v 72.2488 180.9234 -14.6401
v 197.4530 178.8768 -11.9083
v 203.1861 178.9203 -14.5611
v 210.9755 181.2037 -14.0422
v 218.7870 180.4555 -17.0670
v 223.9498 180.9487 -14.8704
v -153.7072 185.9574 -17.3733
v -149.0349 189.0028 -13.9937
v -142.2554 189.9679 -13.7846
v -132.7260 189.5755 -13.7662
v -127.9883 191.3940 -15.9169
v -105.6474 192.8276 -18.3539
v -101.4800 189.6416 -15.1174
v -96.6280 186.4557 -11.8810
v 20.4254 189.7425 -14.8629
v 26.6158 190.9995 -14.8629
v 34.5144 188.3492 -14.5402
v 41.1439 190.7779 -14.5402
v 62.2298 192.8410 -18.3583
v 66.8899 189.8050 -15.1992
v 71.7920 186.7690 -12.0401
v 213.9496 185.5504 -11.0435
v 218.9970 186.3825 -14.0422
v 223.4950 186.3297 -14.5402
v -145.5181 193.0452 -10.6142
v -145.4353 193.0452 -10.6142
v -129.5530 193.0533 -10.5836
v -125.3872 194.4734 -13.7662
v -117.5401 198.5503 -14.4823
v -109.0800 197.1625 -15.0654
v -104.0760 194.4770 -13.0205
v 22.3269 193.1664 -12.4113
v 24.0167 193.1664 -12.4113
v 45.1439 194.1956 -14.5402
v 50.9436 197.8327 -14.7737
v 58.8823 197.3569 -15.3105
v 64.3495 195.2343 -13.0249
v -114.9098 201.7601 -17.1103
v -112.5127 201.7601 -17.1103
v 53.8964 201.4039 -17.5960
v 55.5348 201.4039 -17.5960
v 21.5761 -351.6535 -9.4260
v 26.5144 -351.8154 -8.3218
v 31.9497 -351.4146 -8.6965
v 21.2222 -346.3118 -6.6717
v 26.5144 -348.7403 -4.3218
v 34.5756 -349.2390 -6.2339
v 42.5607 -345.0224 -6.3878
v 46.9976 -343.4015 -3.6195
v 20.9373 -338.9713 -6.5402
v 45.2583 -341.8729 -8.9528
v 49.0271 -339.1122 -6.3878
v 21.8488 -333.5740 -6.5402
v 26.4226 -329.4657 -6.7679
v 34.5144 -327.8673 -9.4099
v 42.8355 -327.2274 -6.2673
v 51.0334 -330.5705 -6.1659
v 55.2439 -328.8318 -9.7842
v 29.0282 -326.4129 -4.2530
v 34.5144 -326.0327 -5.4099
v 42.8355 -325.5925 -6.2673
v 50.5144 -324.6724 -7.9788
v 55.2439 -325.9705 -9.7842
v -162.6296 -192.8635 -4.3220
v -157.3669 -192.4833 -6.8093
v -149.4856 -192.6521 -6.5402
v -142.9995 -192.1812 -6.5402
v -115.6265 -191.5321 -10.1068
v -112.4883 -191.5321 -10.1068
v 5.7913 -192.2376 -3.9768
v 10.6123 -192.5988 -6.6021
v 18.5144 -193.1167 -6.5402
v 27.2543 -191.9728 -5.9100
v 30.7899 -191.2260 -8.1566
v 53.3521 -191.7185 -10.0052
v 56.5549 -191.7185 -10.0052
v -169.9079 -183.7650 -4.0610
v -165.6945 -186.9625 -6.8581
v -159.9544 -190.1599 -9.6553
v -138.9995 -189.4327 -6.5402
v -135.7226 -185.4327 -6.5402
v -122.4370 -184.9930 -10.1248
v -117.9701 -187.3843 -9.1005
v -111.8274 -186.9713 -9.0521
v 4.1643 -187.1072 -6.6021
v 8.0110 -189.8645 -9.3101
v 30.4143 -190.8512 -2.8232
v 32.2521 -187.6992 -5.9100
v 52.2356 -186.9713 -9.0316
v 57.7336 -186.9713 -9.0316
v 190.3145 -183.1429 -10.2857
v 191.6559 -183.1429 -10.2857
v -170.4258 -179.0238 -6.6527
v -168.7593 -181.7254 -9.3943
v -133.6248 -178.9713 -6.5402
v -123.3905 -178.9713 -9.1854
v -117.1521 -178.7496 -5.3259
v -109.7983 -178.8557 -6.2721
v -104.3622 -176.4428 -8.8882
v -1.9010 -176.9967 -4.6905
v -0.0109 -179.3865 -7.0304
v 34.8952 -178.9713 -6.5402
v 44.7816 -176.8068 -9.2377
v 50.1887 -179.2726 -7.7578
v 59.0654 -179.5643 -7.0653
v 64.1946 -177.2931 -8.0836
v 189.7474 -178.9713 -9.3535
v 194.3671 -179.5454 -7.0824
v 202.5144 -179.9863 -6.5402
v 210.4624 -176.8033 -5.9854
v 214.7975 -175.1528 -2.9490
v -170.3442 -172.7816 -6.5402
v -166.0522 -168.7860 -6.9556
v -160.8801 -167.5821 -9.8993
v -131.3878 -172.7027 -6.5402
v -125.6387 -171.9540 -6.5056
v -119.5965 -172.9672 -3.8158
v -107.3247 -173.3482 -3.5548
v -102.0266 -170.4437 -6.8282
v -97.1366 -167.5392 -10.1015
v -1.9010 -173.8287 -4.6905
v 1.9912 -170.7384 -7.2139
v 7.5567 -167.6480 -9.7373
v 36.9298 -171.9472 -6.5402
v 42.2747 -171.5509 -6.5587
v 50.5144 -173.1908 -4.1695
v 58.5144 -174.2540 -3.3039
v 66.4802 -171.5741 -6.2308
v 71.2984 -168.4280 -9.7113
v 189.9353 -170.5789 -6.3305
v 191.7193 -170.5789 -6.3305
v 213.0945 -173.7547 -8.2823
v 216.9554 -171.0413 -5.9854
v -163.7632 -164.5630 -4.5659
v -159.3922 -162.3263 -6.9556
v -100.4999 -162.9713 -5.9698
v -97.1060 -162.9713 -9.9698
v 5.1497 -164.9656 -4.4040
v 9.9927 -162.1870 -7.3386
v 14.8029 -159.4084 -10.2733
v 68.3327 -162.9713 -5.0088
v 71.6152 -162.9713 -9.0088
v 190.1791 -166.1750 -3.4486
v 194.3982 -162.6099 -6.9604
v 198.7387 -159.0448 -10.4722
v 214.2754 -159.2156 -2.8157
v 219.0737 -162.6701 -5.6716
v 224.3848 -160.7911 -8.5274
v -155.4381 -155.6568 -6.7579
v -152.4016 -153.4471 -9.5698
v -99.9618 -154.9713 -5.8649
v -97.1375 -154.9713 -9.8649
v 12.6361 -154.9713 -5.2458
v 15.5483 -154.9713 -9.2458
v 38.0309 -151.1824 -9.9083
v 38.7335 -151.1824 -9.9083
v 69.1924 -154.9713 -4.3447
v 71.5523 -154.9713 -8.3447
v 197.1025 -157.3275 -5.1389
v 201.8490 -157.2834 -7.2994
v 211.1710 -157.3617 -5.9055
v 218.5144 -156.3242 -7.2373
v 224.3848 -156.9551 -8.5274
v -154.2898 -149.7160 -4.2364
v -149.4712 -147.1615 -6.5312
v -141.5269 -146.5827 -6.3117
v -133.4856 -149.4056 -6.5402
v -126.8715 -146.1181 -6.5402
v -114.4521 -144.0762 -3.8606
v -108.8937 -143.9494 -6.5324
v -101.5784 -147.9150 -6.9931
v -97.1786 -150.6855 -9.9617
v 14.0957 -150.2862 -3.7479
v 18.8159 -147.3250 -6.1479
v 26.5144 -145.6859 -7.2396
v 34.3995 -147.9229 -6.3533
v 42.1009 -147.1118 -7.3192
v 47.1856 -143.5760 -10.0635
v 61.7630 -143.2247 -2.8897
v 66.5470 -146.8297 -5.8578
v 71.2145 -150.4347 -8.8260
v -146.5408 -142.4853 -3.4927
v -144.2211 -142.4853 -3.4927
v -122.8715 -142.2349 -6.5402
v -117.2655 -142.1057 -6.5324
v -111.1657 -142.5106 -9.1939
v 22.0273 -142.7139 -3.2146
v 26.5144 -142.6075 -3.2396
v 30.7681 -142.7436 -2.7984
v 45.4683 -142.1093 -4.7302
v 50.1171 -141.9601 -7.0542
v 58.8636 -142.0785 -5.9499
v 63.1820 -142.3066 -8.2231
v -162.4078 -24.0283 -3.6640
v -159.0121 -24.0283 -3.6640
v -147.9523 -23.6439 -4.7366
v -144.4669 -23.6439 -4.7366
v -113.6263 -23.0227 -10.4945
v -113.3744 -23.0227 -10.4945
v 180.1568 -23.9032 -4.1673
v 186.5144 -23.9491 -4.6062
v 194.5144 -23.3588 -4.4743
v 198.6737 -23.1160 -3.9914
v 222.4514 -23.0238 -10.4966
v 222.8492 -23.0238 -10.4966
v -169.7104 -15.3476 -3.2597
v -165.3133 -18.3644 -6.1286
v -156.8015 -21.4343 -6.4145
v -150.1656 -22.1156 -7.0581
v -141.6744 -20.3000 -7.0581
v -136.7145 -15.9733 -6.5402
v -121.7642 -15.2869 -10.3960
v -116.7700 -18.3607 -9.4400
v -112.1287 -18.9713 -9.2731
v 173.2259 -17.3817 -6.5402
v 177.8998 -21.0986 -6.7164
v 186.5144 -21.1674 -8.6062
v 194.5144 -21.6777 -8.4743
v 200.5680 -19.5784 -6.6109
v 221.5227 -18.9713 -9.6034
v 225.9153 -19.2253 -9.3166
v 231.1053 -16.7280 -9.7499
v -321.9333 -8.0001 -9.8184
v -317.2081 -8.9521 -6.9071
v -309.4856 -10.0401 -6.5402
v -301.7343 -8.2362 -6.1154
v -297.0192 -7.2602 -3.1656
v -169.9612 -10.6064 -6.1719
v -168.2188 -13.0298 -8.5931
v -134.7902 -10.9713 -6.5402
v -122.3114 -10.9713 -10.1266
v -117.0352 -10.7760 -6.0231
v -109.5173 -10.8102 -6.4677
v -104.7134 -8.3079 -9.3724
v 171.1413 -10.9713 -6.5402
v 204.9619 -12.2390 -6.5402
v 207.2990 -8.2390 -6.5402
v 220.4514 -10.9713 -8.8571
v 226.8684 -10.4823 -5.5195
v 233.6776 -9.9939 -7.3735
v 238.6530 -7.1649 -10.3305
v -321.9333 -6.0607 -9.8184
v -319.1864 -3.2249 -6.9071
v -299.2334 -5.4385 -8.4990
v -294.9300 -2.8516 -6.1154
v -170.0600 -3.3603 -6.3326
v -167.0221 -0.9530 -8.8608
v -131.5613 -4.6553 -6.5402
v -125.1791 -3.7703 -7.0959
v -119.4016 -4.7244 -4.7997
v -107.2470 -4.5003 -4.0390
v -102.3949 -1.8392 -7.2148
v -97.3714 0.8219 -10.3905
v 171.3087 -2.9713 -6.5402
v 206.1214 0.0839 -3.1661
v 209.4554 -2.7207 -5.0942
v 218.4195 -4.3277 -6.7170
v 224.4377 -5.4280 -4.1682
v 235.4054 -2.9713 -5.6068
v 239.4027 -2.9713 -9.6068
v -317.8121 5.0287 -6.5402
v -290.6410 2.6066 -6.5402
v -286.1004 7.0096 -7.2540
v -281.3560 8.8930 -10.3966
v -169.8750 1.7393 -3.5275
v -164.7147 4.1027 -6.0953
v -159.2494 6.4661 -8.6631
v -100.5968 5.0287 -5.8804
v -97.1601 5.0287 -9.8804
v 173.5732 4.2638 -5.7893
v 178.5144 6.2741 -8.0296
v 183.3401 7.9640 -9.7776
v 206.1214 1.5077 -3.1661
v 206.9974 1.5077 -3.1661
v 236.4063 5.0287 -4.4269
v 240.3260 5.0287 -8.4269
v -315.6080 12.7981 -6.3859
v -309.6266 14.1379 -6.3859
v -301.4856 12.9478 -6.5402
v -292.9935 14.3250 -7.2724
v -286.5781 12.1278 -7.7452
v -281.3560 9.3923 -10.3966
v -162.4073 9.8704 -3.3298
v -156.8735 12.9316 -6.6953
v -152.8957 15.9929 -10.0609
v -99.8325 13.0287 -5.2791
v -96.7632 13.0287 -9.2791
v 174.4404 9.1044 -2.6220
v 179.1804 12.2741 -4.1353
v 184.1556 13.0287 -8.4727
v 237.5845 10.4813 -3.4239
v 240.5890 13.1003 -6.2704
v -314.5515 17.4835 -3.6163
v -312.3872 17.4835 -3.6163
v -289.9988 17.1898 -10.4272
v -289.3126 17.1898 -10.4272
v -154.2514 21.0287 -4.1963
v -149.9316 21.3321 -8.2460
v -141.4154 22.4033 -6.9211
v -132.7255 22.3598 -7.2039
v -128.7118 24.1284 -4.9797
v -100.9323 20.6866 -6.7694
v -96.8422 17.7919 -9.5889
v 182.2911 17.4137 -3.2127
v 186.9008 20.7500 -6.2369
v 194.5144 23.7933 -8.9766
v 202.0813 22.3568 -6.8568
v 209.3777 22.2173 -6.5402
v 237.0990 23.5067 -8.0231
v 239.7951 20.9155 -5.8300
v -153.4946 25.0378 -2.5610
v -149.4856 25.7241 -4.0319
v -144.0352 25.9467 -4.5084
v -129.5521 25.0605 -10.3131
v -125.8213 26.0014 -7.2039
v -117.4856 26.9246 -6.5402
v -109.4856 26.3177 -6.5402
v -104.6153 25.6139 -6.5402
v 189.9248 25.4513 -3.9277
v 194.5144 26.2194 -4.9766
v 199.1260 26.1937 -4.4013
v 213.3777 26.3984 -6.5402
v 218.5144 27.9956 -6.5402
v 226.5144 27.5903 -6.5402
v 234.4651 25.8257 -5.8300
v 238.5610 25.0712 -2.6898
v -162.2024 144.3996 -3.2527
v -160.0566 144.3996 -3.2527
v -146.0618 144.8999 -2.8735
v -145.2764 144.8999 -2.8735
v 54.2731 144.8656 -10.3743
v 54.9132 144.8656 -10.3743
v -164.1401 149.3863 -6.1677
v -157.4282 147.9886 -6.1677
v -149.0313 147.7612 -5.9402
v -142.3569 149.1589 -5.9402
v -122.0179 152.4486 -10.1263
v -117.4856 150.7969 -9.2435
v -111.8783 150.6330 -9.2252
v 4.9697 150.6807 -6.5402
v 10.5144 148.0836 -6.5402
v 18.5144 148.3189 -6.5402
v 26.5144 149.8603 -6.5402
v 31.3458 151.9731 -6.5402
v 52.9704 149.0287 -9.5385
v 56.7365 149.0287 -9.5385
v -169.7829 158.8287 -6.5402
v -168.2661 154.8287 -6.5402
v -137.7316 153.2770 -6.5402
v -135.6055 157.2770 -6.5402
v -122.8722 157.0287 -9.7698
v -116.7709 157.6971 -5.9348
v -111.0191 157.6971 -6.5512
v 2.0775 157.0287 -6.5402
v 34.0674 157.0287 -6.5402
v 51.3137 157.0287 -8.3822
v 57.9592 157.0287 -8.3822
v 189.7558 160.1015 -9.5171
v 194.7580 159.7106 -6.7263
v 202.8942 159.9751 -6.3376
v 206.9456 160.5424 -8.8691
v -170.1121 165.0601 -6.9565
v -168.6606 167.7477 -9.9006
v -131.6055 163.7591 -6.5402
v -125.4755 164.6396 -6.9722
v -116.3182 166.0285 -3.5975
v -109.5672 164.9884 -5.6694
v -103.5635 166.6597 -8.7374
v -1.6538 167.5666 -3.2220
v 0.2113 164.9514 -6.1493
v 37.3706 165.1307 -6.2488
v 42.5144 166.3013 -7.4294
v 49.6064 164.4812 -5.8553
v 58.9319 163.5274 -6.3156
v 65.7674 167.1079 -7.1194
v 70.8077 168.3744 -10.1722
v 189.8954 165.5936 -6.7263
v 192.2538 163.3034 -4.1838
v 205.8141 161.5864 -3.5358
v 209.9731 163.6615 -6.3376
v 215.6329 167.9015 -6.5402
v -170.1334 170.2392 -4.5673
v -165.7495 172.6971 -6.7893
v -159.5535 175.1550 -9.0113
v -113.6752 169.0853 -2.6015
v -109.4856 169.8671 -3.2341
v -101.3642 172.6612 -6.4477
v -96.9339 175.2325 -9.4914
v -1.6538 169.3289 -3.2220
v 2.7950 172.2012 -5.9461
v 8.9581 175.0735 -8.6702
v 38.3127 169.6236 -3.3879
v 42.5144 169.7035 -3.4294
v 47.1487 169.3336 -2.8780
v 67.6643 173.0287 -5.1266
v 71.4724 173.0287 -9.1266
v 190.0146 172.3216 -6.2496
v 192.1197 174.5169 -8.7225
v 219.7319 173.4207 -6.3439
v 223.5993 176.3487 -8.8797
v -162.8384 178.1126 -3.6779
v -157.0416 180.9825 -6.7087
v -152.5518 183.8525 -9.7395
v -100.1265 181.0287 -4.9625
v -96.4286 181.0287 -8.9625
v 5.7245 177.7663 -3.3368
v 11.4126 180.3959 -6.3580
v 15.6536 183.0255 -9.3792
v 68.7393 181.0287 -4.0968
v 72.2106 181.0287 -8.0968
v 189.9544 178.3517 -3.3892
v 194.7104 181.2809 -6.3978
v 202.5144 183.3380 -8.1027
v 210.5577 183.6430 -6.4815
v 218.8371 181.0273 -5.4317
v 223.9718 181.0287 -8.6554
v -154.5465 189.0287 -4.4739
v -150.8096 189.0287 -8.4739
v -140.4778 190.2806 -6.5402
v -132.7260 190.2509 -7.2828
v -128.5433 192.0631 -5.1112
v -100.1595 189.0849 -6.7073
v -96.6280 186.4557 -9.4854
v 13.8671 186.5779 -4.0459
v 17.2792 189.1582 -6.6436
v 28.8653 190.9192 -6.5402
v 34.5144 188.9438 -6.5402
v 40.5603 191.0533 -6.5402
v 68.8496 189.2729 -6.2955
v 71.7920 186.7690 -8.7991
v 197.3012 185.5801 -4.0731
v 202.5144 185.5901 -4.1027
v 210.5577 185.3882 -6.4815
v 218.5144 186.3812 -9.3999
v 223.3727 186.3104 -9.6876
v -153.8561 193.4245 -3.2525
v -148.7051 194.0799 -6.1676
v -144.4778 194.0459 -6.5402
v -129.5530 193.0533 -10.4445
v -125.1242 196.1962 -6.6595
v -118.1562 198.1144 -5.9407
v -109.4856 196.4787 -6.5402
v -103.4466 194.8544 -6.5402
v 21.1160 193.9299 -6.5402
v 24.8653 193.9299 -6.5402
v 44.5603 195.5389 -6.5402
v 50.5144 197.2287 -6.5402
v 58.5144 197.0500 -6.5402
v 65.2921 195.3602 -6.5402
v -121.7051 201.1225 -2.8744
v -121.2699 201.1225 -2.8744
v 21.8070 -344.0861 1.4598
v 26.5144 -346.5610 1.4598
v 34.5144 -347.1035 1.4598
v 42.4549 -344.5554 1.1910
v 46.9976 -343.4015 -1.6549
v 12.3215 -336.0740 4.3726
v 18.2476 -338.8329 1.6075
v 44.8221 -338.9713 3.5341
v 48.0826 -338.9713 -0.4659
v 12.3215 -333.8406 4.3726
v 18.8134 -332.5430 1.6075
v 26.4226 -328.5753 1.9734
v 32.2827 -327.2277 4.9824
v 44.4527 -330.1741 1.7880
v 48.1220 -332.3093 -0.6598
v 29.0282 -326.4129 -0.3509
v 34.7754 -326.1952 1.9734
v 40.5551 -326.4199 1.4598
v -162.5591 -192.5361 1.4598
v -157.4856 -193.7396 1.4598
v -149.4856 -193.8841 1.4598
v -141.3396 -192.4584 1.9251
v -137.3295 -191.1707 4.9019
v 5.7913 -192.2376 -0.3561
v 9.9283 -193.0192 1.9702
v 18.5144 -194.3242 1.4598
v 27.2543 -192.7822 0.7398
v 31.1806 -191.6658 2.9264
v -170.0612 -183.9057 1.4598
v -166.5591 -187.9057 1.4598
v -138.5756 -189.8035 -0.4314
v -136.6416 -187.0706 1.9251
v 3.6909 -187.4688 1.9702
v 6.8710 -190.4672 4.9772
v 30.4143 -190.8512 -2.4069
v 32.0721 -187.6992 0.7398
v -171.2751 -178.9713 1.4598
v -135.0168 -178.9713 1.4598
v -114.2632 -175.9352 -2.3150
v -112.6581 -175.9352 -2.3150
v -2.1673 -177.9629 1.4598
v -0.4727 -181.9629 1.4598
v 34.0396 -178.9713 1.4598
v 190.2086 -175.3745 4.7085
v 194.4527 -176.5110 1.8090
v 202.5144 -177.8770 1.4598
v 210.5992 -176.1069 1.0236
v 214.7975 -175.1528 -1.9338
v -170.6995 -172.3088 1.4598
v -167.5114 -168.3088 1.4598
v -131.9547 -171.9176 1.4598
v -126.1009 -168.1259 0.8476
v -117.1521 -170.5688 -1.7289
v -109.7891 -170.7974 -1.3366
v -105.0243 -168.0149 -1.5733
v -2.1673 -173.5505 1.4598
v 1.2482 -169.5505 1.4598
v 36.5922 -171.7582 1.4598
v 41.9457 -168.1997 1.1226
v 50.5144 -169.1908 -0.9422
v 58.5144 -170.2540 -0.2058
v 63.4325 -169.3869 -0.7869
v 181.7140 -167.4861 4.8905
v 187.5272 -170.2652 2.1329
v 191.7449 -173.0443 -0.6248
v 213.3224 -173.3719 3.3995
v 216.0146 -170.8117 1.0236
v -163.5114 -164.8675 1.4598
v -160.1401 -160.8675 1.4598
v -138.2184 -159.9488 4.5824
v -133.4856 -160.8614 4.2310
v -126.1009 -163.0969 3.2136
v -117.3062 -162.4467 2.5585
v -109.9140 -162.4467 2.4972
v -104.4999 -162.9713 -0.8540
v 5.2482 -165.1761 1.4598
v 8.5861 -161.1761 1.4598
v 36.4112 -161.1807 3.9872
v 42.7058 -162.7438 3.7759
v 49.7258 -162.1727 3.2860
v 58.5144 -162.9713 3.2350
v 64.3327 -162.9713 0.5308
v 181.7140 -165.7169 4.8905
v 187.1132 -164.9628 1.9182
v 193.3604 -161.4015 1.4598
v 213.2335 -160.5954 1.4598
v 216.1773 -164.5954 1.4598
v -156.0917 -154.8934 1.4508
v -149.4856 -151.9437 4.3708
v -141.1253 -154.2271 3.4942
v -133.4856 -154.9713 1.6100
v -125.3181 -154.6187 3.9059
v -119.8533 -157.0503 4.8308
v -107.5329 -156.3849 4.0746
v -104.2545 -154.2194 1.4287
v 12.7205 -155.4560 1.0831
v 18.5144 -152.7411 3.8443
v 26.5144 -152.7327 3.3359
v 34.0525 -155.4493 1.6614
v 41.9189 -154.9713 2.6910
v 51.8667 -158.4894 5.0395
v 58.5144 -158.1938 4.9006
v 64.9725 -155.4384 2.0646
v 197.3604 -157.6938 1.4598
v 202.5144 -156.3665 1.4598
v 209.2335 -157.6439 1.4598
v -154.2898 -149.7160 -1.2219
v -149.3187 -147.0181 0.7338
v -141.5269 -147.2617 0.1659
v -133.4856 -149.8730 -1.1612
v -126.5632 -147.4022 1.5400
v -115.7303 -145.4280 1.4598
v -109.4856 -147.6028 1.4598
v -104.5865 -149.1461 1.4598
v 14.0957 -150.2862 -1.8347
v 19.0221 -147.3602 -0.0655
v 26.5144 -146.9713 0.7896
v 33.8666 -147.5771 -1.6592
v 42.9291 -147.3508 1.3713
v 50.5144 -144.7539 3.5733
v 58.8636 -145.0410 1.1254
v 64.4573 -148.5877 1.4598
v -146.5408 -142.4853 -0.9648
v -144.2211 -142.4853 -0.9648
v -123.0420 -141.9266 1.4598
v -119.7303 -141.9266 1.4598
v 22.0273 -142.7139 -1.5950
v 26.5144 -142.6075 -1.0865
v 30.7681 -142.7436 -1.5471
v 45.4683 -142.1093 -0.4981
v 50.5144 -142.1107 -0.4267
v 56.4297 -142.6858 -1.7643
v -162.4078 -24.0283 -1.0019
v -157.0800 -23.9554 0.9762
v -150.1656 -24.3426 0.7565
v -142.8601 -24.0020 1.4598
v 180.4231 -23.8254 1.4598
v 186.5144 -24.7221 1.4598
v 194.5144 -24.2863 1.4598
v 199.1454 -23.3896 1.4598
v -169.8517 -15.4967 1.4598
v -165.2389 -19.2830 1.5828
v -157.0800 -22.1282 0.9762
v -153.2856 -22.7995 -2.3790
v -138.8601 -20.6791 1.4598
v -137.1583 -16.6791 1.4598
v 172.8055 -17.8374 1.4598
v 176.4231 -21.8374 1.4598
v 201.1431 -18.9713 1.4598
v -314.3564 -7.8916 -0.6723
v -309.1158 -7.8983 1.7806
v -302.1081 -7.5195 1.1276
v -297.0192 -7.2602 -1.7605
v -170.6686 -10.9713 1.4598
v -136.0677 -10.9713 1.4598
v -114.0682 -7.9792 -2.2337
v -112.5804 -7.9792 -2.2337
v 170.1101 -10.9713 1.4598
v 204.5548 -10.6680 1.5286
v 206.8747 -7.7991 -1.0922
v 229.7710 -7.4896 -2.2611
v 230.9167 -7.4896 -2.2611
v -323.2627 -0.2937 3.8880
v -317.5572 -3.2752 1.6078
v -311.5360 -6.2566 4.6610
v -299.8564 -5.5554 3.5728
v -295.1875 -2.9217 1.1276
v -170.3727 -2.8700 1.3277
v -168.0936 -0.1358 3.9062
v -131.8729 -2.6803 2.1728
v -125.4856 0.0776 -0.4164
v -117.0352 -2.4231 -2.0785
v -109.7425 -2.2887 -2.1840
v -105.4097 0.8331 -2.4060
v 170.2430 -2.9713 1.4598
v 206.0197 -3.0844 1.1090
v 208.9539 -1.9617 0.2916
v 218.5144 -0.3725 -0.9853
v 226.8684 -2.8453 -1.2879
v 231.4054 -2.9713 -1.6319
v -323.2627 3.1085 3.8880
v -320.4698 5.4766 1.3167
v -297.7523 8.7319 5.0830
v -293.1371 5.3826 1.4947
v -289.1770 7.3666 -2.0935
v -169.8750 1.7393 -1.4271
v -165.2504 4.6805 1.3557
v -160.5397 7.6217 4.1386
v -137.7517 8.7250 4.9315
v -132.7453 5.6465 4.4009
v -125.4856 5.0287 2.1052
v -117.4856 5.0287 0.9347
v -109.4856 5.0287 0.5295
v -104.5968 5.0287 -1.3726
v 173.2092 4.7157 0.7560
v 176.6352 7.1737 2.9534
v 205.3942 4.3231 0.7995
v 209.1237 3.4995 1.3938
v 218.5144 5.0287 2.1495
v 226.8894 5.5422 2.6839
v 232.2045 5.5422 1.2190
v -316.7458 12.6529 1.0342
v -309.6266 14.3382 1.0342
v -300.8456 11.2832 2.0337
v -293.4856 10.1161 -0.4879
v -289.1770 9.5299 -2.0935
v -162.4073 9.8704 -1.1947
v -157.5186 12.9291 1.5151
v -151.9668 15.9878 4.2250
v -139.1115 13.0287 3.7501
v -132.7255 13.7280 3.4372
v -125.4856 12.4905 3.9814
v -117.4856 10.9898 4.5874
v -109.4055 12.5274 4.0203
v -103.8325 13.0287 -0.1269
v 174.4404 9.1044 -2.3799
v 179.4632 11.9566 0.3871
v 186.5144 15.0161 3.4414
v 194.5144 16.1194 4.1619
v 202.2060 13.3795 2.4676
v 210.6967 12.2567 3.2433
v 218.5144 10.4623 4.5947
v 224.4727 10.8935 4.3585
v 235.3485 13.1003 0.9720
v 238.8433 15.8147 -2.0199
v -314.5515 17.4835 -1.9162
v -312.3872 17.4835 -1.9162
v -154.2514 21.0287 -1.4320
v -150.6860 21.0287 2.5680
v -140.7559 21.0415 1.2090
v -132.7255 18.9547 1.2090
v -125.8213 22.3486 2.1453
v -117.4856 22.9503 3.4221
v -109.4055 20.7593 2.6075
v -104.0042 21.0287 -0.2109
v 182.2911 17.4137 -2.1793
v 187.5030 20.7012 1.4475
v 194.5144 19.2572 4.1619
v 201.6273 20.7380 1.2185
v 210.9210 20.9876 1.4439
v 218.5144 24.0274 4.6421
v 226.5144 23.6524 3.8747
v 234.1299 21.0351 1.6185
v 238.7960 21.0287 -1.9038
v -153.4946 25.0378 -2.4944
v -148.9572 25.6831 0.6873
v -144.1472 25.8398 1.4598
v -123.3785 26.4688 -0.0643
v -117.4856 26.1603 -0.5779
v -109.4856 25.4366 -1.4518
v -104.6054 25.5039 -1.2295
v 189.9973 25.4094 1.4598
v 194.5144 26.6249 1.4598
v 199.1839 26.2442 1.4598
v 213.6903 26.2492 -0.7677
v 218.5144 26.9011 0.6421
v 226.5144 26.1526 -0.1253
v 234.5144 25.2276 -1.7320
v 238.5610 25.0712 -2.2119
v -162.2024 144.3996 -1.6336
v -157.0902 144.5328 1.3616
v -149.0313 144.5049 1.5981
v -144.5473 144.6460 1.4598
v 20.0563 144.5268 3.4690
v 24.1469 144.5268 3.4690
v -164.7349 149.1283 1.2038
v -157.0902 146.4520 1.3616
v -151.3952 146.3759 -0.9765
v -140.7690 149.0287 1.4598
v 4.7366 150.5255 1.4598
v 10.5144 146.9245 1.4598
v 17.8395 145.7112 1.0653
v 26.6939 147.4045 1.0653
v 31.2156 151.5442 1.4598
v -170.1905 157.7883 1.4598
v -169.0096 153.7883 1.4598
v -137.7073 153.5655 1.4598
v -136.5751 157.5655 1.4598
v -113.6277 160.8094 -2.4652
v -113.2561 160.8094 -2.4652
v -1.8002 160.3085 3.6622
v 0.5087 157.3966 1.1813
v 32.9388 157.0287 1.4598
v 197.5871 160.3890 -1.3569
v 200.4807 160.3890 -1.3569
v -170.4382 165.6136 2.0492
v -169.0039 168.6703 5.1089
v -132.6235 165.6000 1.1131
v -125.4856 168.5261 -1.8148
v -116.3182 166.0285 -2.3968
v -113.2561 163.3172 -2.4652
v -1.7270 164.9281 1.0209
v -0.8525 164.9281 1.0209
v 35.5845 165.0287 1.4598
v 52.4820 167.7402 -2.0197
v 58.5144 167.6899 -2.0725
v 62.6028 168.5322 -2.4371
v 190.3125 168.6367 -0.3235
v 194.1206 165.5175 1.8265
v 202.8942 162.8591 1.3698
v 210.5144 165.2106 1.4598
v 215.5995 167.9498 1.4598
v -170.1334 170.2392 -0.2245
v -165.9211 173.1250 2.2774
v -160.8246 176.0108 4.7793
v -131.8360 173.0287 3.0822
v -125.4856 173.0287 0.1602
v -116.7994 172.2627 -0.5847
v -109.4856 173.8671 -0.1318
v -104.4982 175.4233 -1.1508
v -1.6538 169.3289 -1.6204
v 2.5721 172.4579 1.1633
v 7.8209 175.5869 3.9470
v 37.0219 172.5856 1.0578
v 42.5144 173.7035 -0.9420
v 50.0949 172.4117 -0.6364
v 58.5144 173.0287 0.6924
v 63.6643 173.0287 -0.5866
v 181.7320 176.0315 4.8513
v 187.4668 172.6122 2.2639
v 190.6540 169.1929 5.0098
v 213.2377 174.7674 4.3953
v 216.5052 172.4719 1.6211
v -162.8384 178.1126 -0.5540
v -157.6771 181.0087 1.8579
v -152.4299 183.9048 4.2698
v -138.8485 182.7626 3.9014
v -133.8996 180.4690 3.3851
v -125.0718 181.6741 3.4554
v -117.4856 179.5334 3.7453
v -109.5433 180.7872 3.3217
v -104.1265 181.0287 -0.5792
v 5.7245 177.7663 -1.3863
v 10.8440 180.7314 1.2114
v 16.0299 183.6966 3.8091
v 29.4830 183.7886 4.1936
v 34.3443 181.0846 2.6438
v 42.5789 181.0309 2.6841
v 50.5144 179.7690 3.4491
v 58.3844 181.6188 4.1075
v 64.7393 181.0287 0.8809
v 181.7320 177.5790 4.8513
v 186.9784 178.5029 1.8947
v 194.5865 182.3749 1.3482
v 202.5144 184.0291 3.8331
v 210.2018 181.5260 1.9361
v 216.3856 178.3597 -0.9381
v -154.5465 189.0287 -0.5961
v -150.9266 189.0287 3.4039
v -140.6368 188.9868 1.3247
v -133.4856 187.2521 -0.1894
v -126.6797 189.2494 1.8755
v -115.1498 191.9312 4.2050
v -109.5433 189.1702 3.5584
v -103.8852 189.0287 0.0241
v 13.8671 186.5779 -1.5243
v 17.5832 189.1582 1.2694
v 27.7668 189.0710 1.5001
v 34.5144 186.9852 -0.5576
v 42.5549 189.4947 1.9734
v 50.5144 191.4744 4.6121
v 58.6942 188.9660 4.6991
v 64.7049 189.2333 1.8956
v 197.3012 185.5801 -1.3929
v 202.5144 185.5901 -0.1669
v 207.1659 185.2259 -0.5230
v -153.8561 193.4245 -1.4247
v -148.8718 194.1573 1.3291
v -144.4024 194.1427 1.4598
v -123.2251 197.1781 1.3193
v -118.2098 196.8264 1.3820
v -109.4856 194.2779 0.1640
v -104.1765 194.0146 -0.3464
v 21.2137 193.8616 1.4598
v 23.8535 193.8616 1.4598
v 45.1546 195.4161 -0.0893
v 50.5144 195.6709 0.6121
v 58.8601 194.3212 1.7111
v 64.1113 193.7925 1.4598
v -121.7051 201.1225 -1.4410
v -121.2699 201.1225 -1.4410
v 13.1089 -343.8143 12.4640
v 18.8261 -344.8920 9.6623
v 26.7541 -345.0912 9.7902
v 34.8429 -344.3268 9.7902
v 40.6880 -343.7843 9.4598
v 12.7152 -338.3250 10.1788
v 17.5942 -338.2388 10.3436
v 26.8849 -338.5838 12.7140
v 34.3740 -339.2654 12.3874
v 41.3590 -339.5394 9.4425
v 12.3215 -333.8406 7.8935
v 18.5144 -333.2189 8.7534
v 26.7192 -332.6673 9.8344
v 34.3178 -330.9875 8.8037
v 39.9418 -330.9713 6.4756
v 37.6160 -326.9293 5.5097
v 38.5748 -326.9293 5.5097
v -153.8414 -199.1590 12.9726
v -153.1154 -199.1590 12.9726
v 14.2319 -199.1982 12.9929
v 15.0989 -199.1982 12.9929
v -161.7728 -191.1654 5.8011
v -156.8086 -194.3452 9.3868
v -150.0635 -196.1806 9.9675
v -141.4659 -192.3680 8.9597
v -137.3295 -191.1707 5.9596
v 12.6365 -194.8125 9.9797
v 18.0651 -196.3578 9.9797
v 26.8398 -192.9332 9.6464
v 31.1806 -191.6658 7.1041
v -169.8307 -183.4234 5.8423
v -164.4487 -186.0788 8.4883
v -159.7757 -188.7341 11.1344
v -139.3135 -186.9713 10.7742
v -137.0552 -186.9713 6.7742
v 4.6020 -185.1339 8.0408
v 8.0435 -187.4688 10.2084
v 29.7234 -188.7471 12.4374
v 31.4469 -186.4368 9.6464
v -170.3687 -178.9713 6.4216
v -164.8690 -179.4024 10.2787
v -160.5156 -177.0231 12.2089
v -138.6224 -181.7491 12.0459
v -136.3578 -179.0380 9.4114
v -1.9791 -176.9346 6.0922
v 2.1670 -179.3493 8.0217
v 7.9034 -178.9713 12.1879
v 32.9676 -178.9713 9.4598
v 182.3300 -175.1025 13.3019
v 187.1310 -175.5650 10.1651
v 194.5144 -176.1946 9.4598
v 202.2380 -175.8609 9.3884
v 211.0002 -175.4182 9.7257
v 214.6801 -175.1552 12.7772
v -170.3178 -173.7221 6.3597
v -164.9397 -171.0218 7.1079
v -159.5537 -170.9713 10.8450
v -132.9692 -170.3619 8.8222
v -129.1778 -167.2890 5.7305
v -1.9791 -174.2194 6.0922
v 3.1202 -171.3202 6.6706
v 9.1784 -170.9713 10.4989
v 35.7845 -170.4980 8.9016
v 38.9000 -167.5159 5.8628
v 181.3494 -170.4802 10.1651
v 184.8753 -172.8194 7.9686
v 203.2650 -170.9713 11.7835
v 211.8787 -171.7542 10.1235
v 214.8336 -170.6818 10.1289
v -161.9091 -166.5745 5.8909
v -158.6535 -163.5332 8.9185
v -138.9549 -160.6697 9.4598
v -133.8463 -164.4557 8.8222
v -129.1778 -165.8473 5.7305
v -114.5200 -159.4304 5.6077
v -112.8662 -159.4304 5.6077
v 6.1908 -166.5834 5.7889
v 10.1122 -163.5385 8.8572
v 34.7690 -163.4969 8.9016
v 42.7058 -162.7438 5.6618
v 46.5334 -158.9736 5.4609
v 181.1964 -165.4815 9.4598
v 186.5144 -164.1529 9.4598
v 195.2384 -162.6977 8.6883
v 201.7913 -163.7605 10.3188
v 210.4330 -163.3239 8.3028
v 214.9873 -166.2257 7.4807
v -155.1499 -156.7862 9.4598
v -149.4856 -153.1554 9.4598
v -142.9549 -155.3405 9.4598
v -122.5397 -151.7170 5.5734
v -117.3062 -154.6187 5.7862
v -109.9140 -154.2194 5.7271
v -105.4656 -151.0516 5.4749
v 13.6896 -157.9585 9.4598
v 18.5144 -154.2554 9.4598
v 26.5144 -154.4316 9.4598
v 31.0322 -158.1347 9.4598
v 45.9189 -154.9713 5.8276
v 49.7258 -155.4821 6.0781
v 58.5144 -154.1938 6.1297
v 63.0406 -153.0831 5.8130
v 198.3877 -158.9118 5.5073
v 202.5144 -158.3076 6.1206
v 207.7121 -158.1458 6.2933
v -122.6956 -146.9713 5.8168
v -117.9015 -147.4736 5.9149
v -109.4856 -150.5577 5.6830
v -105.4656 -150.9159 5.4749
v 45.7232 -149.3872 5.9491
v 50.5144 -148.7539 6.2318
v 58.5144 -149.3683 6.1297
v 63.0406 -150.2064 5.8130
v -122.0448 -142.4723 5.8222
v -120.8453 -142.4723 5.8222
v -155.6269 -24.9042 9.4598
v -149.4856 -25.9330 9.4598
v -142.8967 -24.0000 9.4598
v 182.0504 -23.5444 9.4598
v 186.5144 -25.0199 9.4598
v 194.8503 -24.3995 9.5248
v 199.1964 -23.3843 6.9015
v -169.7490 -15.2955 5.8035
v -165.4856 -16.0787 6.7182
v -159.3173 -18.8626 9.4603
v -138.9436 -19.1992 9.1610
v -137.3982 -16.6846 6.2951
v 173.3261 -16.4188 6.7176
v 179.5384 -18.5718 9.9814
v 182.6255 -15.3915 13.2452
v 197.7409 -22.1315 12.2348
v 200.2553 -19.2674 9.5248
v -321.7310 -7.0835 12.8448
v -317.4856 -7.1839 12.0889
v -309.6610 -7.1067 8.9408
v -301.4374 -7.0668 9.3798
v -297.3650 -7.0627 13.1249
v -170.2412 -10.9713 6.3765
v -165.4856 -10.9713 9.0273
v -160.0906 -10.9713 12.1106
v -138.0342 -13.9991 11.6284
v -137.0371 -11.1879 9.1610
v 172.1334 -10.9713 7.4512
v 178.5144 -10.9713 11.1692
v 182.7237 -10.9713 13.1778
v 202.6688 -10.9713 9.4598
v -330.2930 -0.2680 11.1921
v -325.1635 -2.9475 9.3517
v -317.4856 -5.4271 8.0889
v -310.1588 -4.3793 9.4063
v -301.6004 -4.0788 9.7826
v -296.4156 -2.9217 10.0589
v -170.2297 -5.4691 6.3384
v -165.4504 -2.8700 7.8036
v -159.6199 -2.9713 11.7307
v -134.7028 -2.9713 9.4598
v 172.5065 -2.9713 6.8746
v 179.2789 -2.9700 11.2948
v 182.6823 -5.6358 13.2984
v 204.8020 -3.3401 9.6891
v 207.6564 -0.9194 7.1753
v -330.2930 2.1563 11.1921
v -325.7519 3.5984 8.8992
v -318.0474 6.1276 8.9929
v -310.2176 4.2344 11.0368
v -301.1344 5.0518 9.8297
v -296.2386 3.0633 9.4598
v -162.7603 2.2883 6.2873
v -159.1411 4.9845 9.1563
v -138.4486 7.6479 9.4598
v -135.1978 3.6479 9.4598
v 173.8236 1.8404 5.9488
v 178.8716 4.7157 8.9532
v 203.7871 4.6946 9.6891
v 207.6564 1.8051 7.1753
v 229.8061 8.5511 5.6464
v 230.8087 8.5511 5.6464
v -315.7552 9.7358 6.0150
v -309.4856 10.4966 6.7461
v -303.0856 10.2789 6.6196
v -155.8773 11.5950 9.4598
v -151.2321 15.5950 9.4598
v -141.2395 13.0287 9.4598
v -129.5520 16.8608 5.5084
v -125.4856 16.4905 5.5992
v -117.4856 14.9898 5.8677
v -112.0187 14.8599 5.8665
v 182.0052 9.5010 9.4598
v 187.0205 13.9283 9.0741
v 194.5144 16.1194 6.9485
v 199.6438 13.3795 9.4365
v 213.4850 14.4086 6.5818
v 218.5144 14.4623 6.4844
v 226.8894 13.3476 5.9743
v 231.2544 13.0287 5.9198
v -147.1544 20.5287 8.7541
v -144.3178 20.5287 8.7541
v -129.5520 17.1179 5.5084
v -125.4856 18.3539 5.5992
v -117.4856 18.9503 5.8677
v -112.0187 17.9131 5.8665
v 190.2195 20.8062 8.5521
v 194.5144 20.4706 8.3621
v 198.7819 20.5071 8.9040
v 213.4850 18.8727 6.5818
v 218.5144 20.0274 6.4844
v 226.5144 19.6524 5.9630
v 231.2068 18.3727 5.8866
v -145.9383 25.1922 5.6170
v -145.1515 25.1922 5.6170
v 190.4145 25.1137 5.6205
v 194.5144 25.4342 5.7757
v 198.7954 25.4844 5.7203
v -154.9885 143.7984 9.4598
v -149.4856 143.3962 9.4598
v -144.5222 144.6266 9.4598
v 13.6998 143.9216 10.9125
v 17.8395 143.8620 8.7314
v 24.1601 144.4006 9.4598
v -163.5801 151.8614 6.9396
v -158.7132 149.1283 9.5477
v -141.0602 149.0287 9.4598
v 5.6319 152.3074 6.2682
v 11.2204 148.7497 8.5903
v 14.7230 145.1919 5.5791
v 28.1601 147.7245 9.4598
v 31.0334 151.7245 9.4598
v -170.2252 159.1061 6.2857
v -165.4958 156.9219 9.2793
v -160.1944 154.7377 12.2729
v -138.3702 156.6279 9.4817
v -137.1619 159.0272 6.8296
v -1.8002 160.3085 5.8698
v 3.1943 157.6643 8.7357
v 8.7409 155.0202 11.6015
v 31.8110 157.0287 9.4598
v -170.2252 163.3369 6.2857
v -165.5410 165.2258 8.9436
v -159.9594 167.1146 11.6014
v -138.2426 163.6362 12.1629
v -136.3528 165.7932 9.4817
v -1.8002 162.2897 5.8698
v 2.7549 164.5611 8.7427
v 8.6446 166.8325 11.6156
v 33.1943 165.0287 9.4598
v 181.3985 167.9142 12.1145
v 186.5144 166.7980 10.5388
v 193.7982 166.9127 8.7301
v 202.5688 167.1026 10.0638
v 210.0997 167.5539 10.0638
v 214.9760 168.3428 9.4598
v -163.6705 170.6775 6.2681
v -159.6192 173.2180 9.1448
v -138.1650 174.4090 11.6830
v -136.1610 172.2569 9.1937
v 4.7530 170.2536 6.2822
v 9.6369 172.9636 9.1533
v 33.4077 173.0287 9.4598
v 181.5652 173.4407 9.5315
v 186.5144 173.0285 9.1008
v 192.8600 172.2697 9.0044
v 202.5688 172.4609 11.5968
v 210.1972 172.2217 9.8883
v 214.9760 169.8182 9.4598
v -155.7531 181.1544 10.1981
v -152.4299 183.9048 8.0236
v -139.5818 180.4690 9.1937
v -136.8423 177.4292 6.3496
v -122.1293 184.7709 5.5660
v -117.4856 183.5334 5.9236
v -112.2485 183.2927 5.9719
v 12.8199 179.1932 9.4598
v 16.3730 183.1932 9.4598
v 29.2221 182.9266 9.4598
v 31.5054 178.9266 9.4598
v 45.2886 183.6990 6.3687
v 50.5144 183.7690 6.2333
v 55.6311 184.6789 5.5822
v 181.7320 177.5790 6.9485
v 186.5144 177.8792 7.6629
v 194.5144 178.7192 7.5749
v 202.5144 180.0291 7.3761
v 207.9044 179.3589 6.6435
v -153.5159 185.0957 13.3570
v -149.1129 188.1967 9.4750
v -143.8837 188.7901 8.7397
v -122.6849 189.0287 5.7049
v -117.6841 189.1702 5.9632
v -112.2485 186.5978 5.9719
v 20.7669 188.9289 8.7004
v 24.7725 188.9289 8.7004
v 45.2886 187.4225 6.3687
v 50.5144 187.4744 6.2333
v 58.6942 188.9660 5.5669
v 62.7751 192.0363 5.5516
v -145.7960 193.1742 5.5930
v -145.3348 193.1742 5.5930
v -122.4409 194.6110 5.6804
v -120.4831 194.6110 5.6804
v 22.4572 193.0753 5.5275
v 22.6676 193.0753 5.5275
v 61.7573 193.1440 5.5516
v 62.7751 193.1440 5.5516
v 13.3397 -343.7565 17.4598
v 18.5144 -344.9712 17.4598
v 24.0980 -344.1859 17.4598
v 37.7286 -343.2233 13.7028
v 40.1784 -343.2233 13.7028
v 13.3397 -340.3983 17.4598
v 18.5144 -337.9120 17.4598
v 26.4228 -338.5397 15.8937
v 34.3740 -339.2654 13.7542
v 40.1784 -342.5848 13.7028
v 29.5224 -334.7473 13.8056
v 31.0195 -334.7473 13.8056
v -153.8414 -199.1590 13.9756
v -153.1154 -199.1590 13.9756
v 14.2319 -199.1982 13.9665
v 15.0989 -199.1982 13.9665
v -154.8876 -194.8012 16.9693
v -150.0635 -195.9892 16.9693
v -142.8681 -192.4562 17.4598
v 13.7092 -194.6059 16.9638
v 18.0651 -196.0549 16.9638
v 26.8398 -192.6560 17.5571
v 30.8018 -191.3639 20.2886
v -161.7913 -183.4008 13.8813
v -158.5881 -186.4290 16.9127
v -140.2123 -186.9713 17.4598
v 11.2979 -186.9713 17.4598
v 29.7234 -188.7471 14.9553
v 30.8819 -186.4368 17.5571
v -161.6674 -178.7392 17.5542
v -160.2622 -178.7392 17.5542
v -138.8298 -180.4249 17.4598
v -137.0469 -176.4249 17.4598
v 10.3737 -178.9713 17.4598
v 31.8807 -178.9713 17.4598
v 182.3300 -175.1025 13.8299
v 186.9324 -175.5494 16.8819
v 193.9297 -175.6824 16.9549
v 199.3872 -175.3242 13.9516
v 214.0113 -175.1552 13.7111
v 214.6801 -175.1552 13.7111
v -161.5435 -174.8499 21.2271
v -158.8800 -171.6984 18.1202
v -138.9290 -169.4621 19.8989
v -136.6954 -171.6658 17.3232
v 11.7255 -170.9713 17.4598
v 29.5994 -168.3103 20.4375
v 32.0528 -170.9747 17.6464
v 181.6584 -170.9713 15.5098
v 184.4435 -170.9713 19.5098
v 195.6773 -170.9713 17.8908
v 199.2650 -170.9713 13.8908
v 214.0113 -173.3250 13.7111
v 214.6801 -173.3250 13.7111
v -157.0575 -162.9713 17.4598
v -139.4846 -162.9435 17.3232
v -136.7535 -165.5917 14.5655
v 12.1751 -162.9713 17.4598
v 29.5994 -165.4352 20.4375
v 31.4725 -162.8496 17.6464
v 181.5575 -166.2393 15.8229
v 186.0396 -166.0535 18.0777
v 194.4294 -166.4820 16.7096
v 198.6425 -166.9534 13.5428
v -155.5869 -156.7703 17.4598
v -149.2419 -152.6501 17.2097
v -141.0964 -154.1243 17.8303
v -137.3824 -151.5446 21.2843
v 13.2451 -157.4995 17.4598
v 19.0157 -153.1002 16.9711
v 26.5144 -152.6702 15.0334
v 31.1510 -155.4240 17.6074
v -146.7801 -146.9713 19.6882
v -141.4856 -146.9713 19.5398
v -137.3841 -146.9713 21.3114
v 21.9656 -146.9713 19.6730
v 27.2991 -146.1802 19.3779
v 31.0458 -148.3195 20.3724
v -146.2844 -141.7076 20.8479
v -141.4856 -141.9813 20.9841
v -137.4534 -142.9150 21.4374
v 22.2806 -142.5189 21.2252
v 25.1555 -142.5189 21.2252
v -154.7540 -24.5492 17.4598
v -149.4856 -25.6540 17.4598
v -143.1219 -24.0761 17.4598
v 182.3266 -23.5285 14.2807
v 186.3930 -24.4335 17.1523
v 194.8503 -24.3754 17.3339
v 199.1294 -23.4316 19.9166
v -156.8143 -18.9713 17.4598
v -139.7959 -18.9713 17.4598
v 182.3266 -20.7249 14.2807
v 183.4066 -18.4234 17.1523
v 197.7409 -22.1315 14.5833
v 200.0229 -19.2674 17.3339
v -321.7310 -7.0835 14.1621
v -317.4856 -7.1839 14.2023
v -313.1194 -7.1425 13.7476
v -297.6850 -7.0627 13.6066
v -297.3650 -7.0627 13.6066
v -158.4538 -10.9713 17.4598
v -138.0677 -11.1879 18.1784
v -137.2189 -8.6658 15.9908
v 181.9218 -9.3285 19.0429
v 182.8288 -11.5856 16.8097
v 201.6023 -10.9713 17.4598
v -330.2930 -0.2680 15.0731
v -325.0048 -3.2529 17.2843
v -317.4856 -4.6728 18.2023
v -313.0569 -2.3726 16.8325
v -298.9084 -2.9713 13.8017
v -297.0338 -2.9713 13.8017
v -157.7443 -2.9713 17.4598
v -138.5284 -2.9713 20.0788
v -136.9231 -2.9713 16.0788
v 182.1885 -2.4942 16.7601
v 182.7495 -2.4942 16.7601
v 201.9049 -2.9713 17.4598
v -330.2930 2.1563 15.0731
v -325.5614 2.8003 17.6278
v -317.4856 2.6530 17.4598
v -313.2244 1.2843 17.4598
v -299.1833 1.3717 13.7689
v -297.0038 1.3717 13.7689
v -156.9249 5.0287 17.4598
v -139.4254 4.9063 17.2364
v -137.0023 2.1580 14.4207
v 182.1037 4.4688 17.2703
v 182.8167 1.4288 19.8106
v 201.4155 5.0287 17.4598
v -155.5742 11.5295 17.4598
v -151.6183 15.5295 17.4598
v -139.7258 13.3375 18.0007
v -137.2581 16.2100 21.0279
v 182.0453 9.8011 17.4598
v 185.5227 13.8011 17.4598
v 201.1624 13.0287 17.4598
v -147.6183 19.1421 17.4598
v -142.1687 21.1043 18.3917
v -136.9482 21.0287 20.8576
v 189.5227 18.7682 17.4598
v 194.5144 20.9515 17.4598
v 199.9881 19.2120 17.4598
v -139.6992 25.6810 21.0888
v -136.9967 25.6810 21.0888
v -154.6516 143.9515 17.4598
v -149.4856 143.6249 17.4598
v -144.6328 144.7021 17.4598
v 13.6998 143.9216 15.5293
v 18.4147 143.9730 17.9015
v 24.0328 144.5394 17.4598
v -156.5809 149.0287 17.4598
v -141.7170 149.0287 17.4598
v 13.3454 148.7123 17.9015
v 15.6816 145.8347 20.8626
v 28.0328 148.2431 17.4598
v 30.7662 152.2431 17.4598
v -162.0782 160.0710 14.5879
v -159.0955 157.2541 17.3367
v -139.2646 157.0287 17.4598
v 6.0900 160.3535 14.0490
v 10.2372 157.4236 17.0134
v 31.2478 157.0287 17.4598
v -162.0782 161.7813 14.5879
v -159.1021 164.6803 17.3367
v -138.4689 165.7932 16.6938
v -137.4775 168.9695 13.5164
v 6.0900 161.4991 14.0490
v 10.1981 164.5110 17.0134
v 31.5283 165.0287 17.4598
v 181.3985 167.9142 15.9141
v 185.8671 166.4214 18.1324
v 194.5147 166.8683 16.9201
v 199.9384 168.6590 13.8937
v 212.4900 168.2438 13.9426
v 214.9410 168.2438 13.9426
v -157.5884 173.0287 17.4598
v -139.1450 172.2569 16.6938
v -137.4775 169.0757 13.5164
v 12.5685 173.0287 17.4598
v 30.0183 175.5474 20.2562
v 31.1032 172.9399 17.5376
v 181.3985 170.8500 15.9141
v 185.8671 171.8259 18.1324
v 194.5147 170.9654 16.9201
v 199.9384 169.4157 13.8937
v 212.4900 169.6761 13.9426
v 214.9410 169.6761 13.9426
v -155.9460 181.0287 17.4598
v -140.4159 181.0287 17.4598
v 13.6490 181.1596 18.1639
v 15.4770 183.9135 15.9667
v 29.9206 181.0343 17.8080
v 30.7643 181.0343 17.8080
v -153.7807 185.5906 17.4598
v -149.4856 187.7600 17.4598
v -140.5954 189.6382 19.1688
v -137.4731 192.8915 21.4475
v 14.4675 185.0954 21.3000
v 18.2919 187.2645 18.1639
v 26.8994 188.0251 17.7997
v 30.7427 186.3631 20.6930
v -145.9399 199.5320 21.0087
v -141.1309 196.2917 21.2281
v -137.4731 193.0514 21.4475
v 22.4648 199.7925 21.3974
v 22.7133 199.7925 21.3974
v -145.9399 201.5940 21.0087
v -144.7070 201.5940 21.0087
v 22.4648 201.0979 21.3974
v 22.7133 201.0979 21.3974
v 14.3536 -343.1752 21.6559
v 18.5144 -343.5095 21.9449
v 22.8930 -343.4850 21.9105
v 14.3536 -341.9360 21.6559
v 18.5144 -341.0208 21.9449
v 22.8930 -341.4059 21.9105
v -154.5097 -192.0212 23.4302
v -149.4856 -192.5405 24.7235
v -143.3619 -192.0137 23.8410
v 13.9922 -191.6956 22.6039
v 18.5144 -192.3420 24.3107
v 26.5144 -192.0933 23.8911
v 30.8018 -191.3639 22.0444
v -155.1611 -187.1703 25.8420
v -149.4856 -189.9886 28.7235
v -142.0771 -187.5861 26.0885
v 13.7988 -186.2637 25.3463
v 18.5144 -189.0791 28.3107
v 26.8668 -187.7651 27.4192
v 30.9181 -186.9713 22.9162
v -161.5435 -175.1220 21.6359
v -158.2727 -178.2617 24.7654
v -139.7639 -178.4675 24.7499
v -137.4161 -175.4649 21.6099
v 12.3245 -178.9713 25.4598
v 28.5552 -178.9713 27.2472
v 31.0874 -178.9713 23.2472
v 189.8778 -175.3485 21.8193
v 190.8733 -175.3485 21.8193
v -161.5435 -174.8499 21.6359
v -158.3213 -171.6984 24.7654
v -140.1357 -171.6658 24.7499
v -137.4161 -174.7954 21.6099
v 11.9925 -170.9713 25.4598
v 29.1237 -170.6985 25.4436
v 30.9069 -170.6985 25.4436
v 188.4435 -170.9713 22.1002
v 191.6773 -170.9713 22.1002
v -155.6294 -162.6219 25.7225
v -152.6988 -159.7223 28.5643
v -139.3203 -163.1318 25.1882
v -136.4398 -160.5721 27.6738
v 13.1997 -163.0496 25.4558
v 15.8163 -160.4352 28.1197
v 29.5994 -165.4352 23.0681
v 31.7026 -162.8496 25.6248
v 188.3897 -166.6484 21.9543
v 191.7061 -166.6484 21.9543
v -155.2093 -157.4871 23.2310
v -150.6511 -154.8808 25.7225
v -138.1476 -156.8779 22.3405
v -134.2444 -154.4341 25.6039
v -128.8749 -151.9903 28.8672
v 13.4364 -157.8338 22.7864
v 18.9164 -154.5710 25.6809
v 22.9009 -151.3082 28.5755
v 35.0583 -154.9685 25.6568
v 39.6001 -152.3000 28.4548
v -147.8064 -146.9713 25.4598
v -137.9131 -143.4374 27.1456
v -134.7513 -146.8140 25.3398
v -128.8749 -150.1905 28.8672
v 21.7767 -147.4948 25.7292
v 26.8877 -146.5128 26.7951
v 34.0332 -147.4846 25.6568
v 39.6001 -149.7690 28.4548
v -146.7594 -140.2355 25.4598
v -140.5345 -139.4143 26.1799
v -136.3658 -140.0524 25.0866
v 21.9657 -141.5661 25.4598
v 27.1651 -139.6037 26.5542
v 34.5144 -136.8725 28.2143
v 38.8643 -135.4902 29.2455
v -139.8551 -133.2412 28.3608
v -135.2782 -133.2412 28.3608
v 28.8817 -133.2023 28.0135
v 34.5144 -133.0621 28.2143
v 42.6040 -130.6157 29.3374
v 46.5628 -127.0367 29.4292
v 46.3437 -126.8283 29.4292
v 46.5628 -126.8283 29.4292
v -153.9840 -23.4091 22.2729
v -149.4856 -23.9020 23.4704
v -143.3040 -23.7744 23.3275
v 188.9787 -23.7074 22.8884
v 194.5144 -23.8686 23.2052
v 199.1294 -23.4316 22.3585
v -154.7714 -18.9713 23.9376
v -149.9417 -18.8663 27.7627
v -142.1964 -18.8663 25.7804
v 187.4682 -18.9860 25.5169
v 195.1131 -18.9860 27.5413
v 199.7450 -18.9713 23.9903
v -156.1076 -11.6100 26.1542
v -152.9124 -14.7024 29.2838
v -140.4107 -10.9713 25.4598
v 181.7199 -9.5758 25.4598
v 183.8584 -13.5758 25.4598
v 197.6761 -10.9713 29.0304
v 200.0104 -10.9713 25.0304
v -322.9452 -0.9045 22.3420
v -317.4856 -0.6728 22.3622
v -313.2507 0.6932 21.7809
v -157.1853 -2.9713 25.4598
v -140.9497 -2.9713 25.4598
v 181.7199 -3.4448 25.4598
v 182.8812 0.5552 25.4598
v 197.7321 -6.4392 29.0786
v 199.6729 -3.4520 26.0311
v -322.9452 1.7783 22.3420
v -317.4856 1.8393 22.3622
v -313.2507 1.3599 21.7809
v -155.9032 5.0287 25.4598
v -139.6743 5.1807 25.3388
v -136.8391 7.9487 27.9248
v 182.0221 6.7622 22.3788
v 183.7851 4.4688 25.2112
v 200.7690 5.0287 25.4598
v -154.5690 10.3320 25.4598
v -151.2918 14.3320 25.4598
v -138.3820 10.8766 22.5915
v -134.3819 13.5755 25.6785
v -128.7349 16.2745 28.7656
v 182.0221 9.8757 22.3788
v 186.9126 12.8645 25.2596
v 191.4639 15.8534 28.1404
v 203.9676 13.3339 25.5492
v 208.3042 16.2040 28.2755
v -147.4441 21.6195 24.8254
v -141.8309 24.3301 24.8364
v -134.4607 21.1717 25.6846
v -128.7349 18.3632 28.7656
v 190.0783 21.7584 25.9132
v 193.6496 22.5461 26.7998
v 202.7410 20.7635 25.5492
v 208.3042 17.9998 28.2755
v -146.4896 29.0287 26.0777
v -140.7446 27.6778 24.8095
v -136.3028 28.5609 25.5141
v 190.4746 25.1943 29.0192
v 194.9940 27.8119 28.5359
v 202.5144 30.2410 28.0514
v 207.0741 31.9109 28.9891
v -145.9683 34.0271 27.3409
v -141.0593 36.8277 27.3679
v -135.3536 37.0287 28.4341
v 197.5432 37.0287 28.2178
v 202.5144 37.0287 27.6741
v 207.8947 37.0287 28.9162
v -138.1084 41.2581 29.1275
v -136.5196 41.2581 29.1275
v 198.3380 41.1758 29.2110
v 202.5144 41.3475 29.0826
v 207.7951 41.3067 29.2056
v -153.6747 144.8702 21.7121
v -149.4856 144.6992 22.3643
v -144.5912 144.7480 22.4135
v 21.0149 144.7118 22.3485
v 23.9771 144.7118 22.3485
v -154.5251 149.0287 23.3162
v -149.6122 149.4128 26.7172
v -143.6464 149.4128 25.2321
v 13.8207 151.1680 23.0467
v 18.8822 149.2910 25.3643
v 26.0534 149.9080 24.7208
v 30.6006 152.4020 21.7597
v -155.8918 156.4761 25.9936
v -152.3632 153.4411 29.0161
v -141.1570 157.0287 25.4598
v 13.1582 156.7653 25.6120
v 16.7495 153.9230 28.3801
v 28.1163 157.0287 26.9955
v 30.9072 157.0287 22.9955
v -157.1222 165.0287 25.4598
v -140.5143 165.0287 25.4598
v 12.5886 165.0287 25.4598
v 29.1467 165.0287 27.2665
v 30.9709 165.0287 23.2665
v 188.1023 167.6576 22.4550
v 191.8483 167.6576 22.4550
v -156.3466 173.0287 25.4598
v -139.6932 173.4686 25.7790
v -137.1646 176.4285 28.6585
v 13.3384 173.0287 25.4598
v 29.7610 172.7930 24.7246
v 30.9578 172.7930 24.7246
v 188.1023 170.1916 22.4550
v 191.8483 170.1916 22.4550
v -154.7711 180.9050 24.9431
v -152.2744 183.4892 27.2653
v -138.8179 181.0287 23.1988
v -134.0930 181.5500 27.3130
v -128.8821 184.5643 28.8965
v 14.1461 180.3090 24.6951
v 16.4196 182.4958 26.8519
v 30.0183 178.6025 21.9950
v 33.6531 181.5683 25.3942
v 39.3565 184.5342 28.7933
v -153.8488 185.7109 21.9320
v -149.0570 189.0149 25.1155
v -140.3881 189.9386 22.4394
v -134.2781 189.7464 24.5908
v -129.0302 189.0287 29.0336
v 14.4675 185.0954 21.5185
v 19.4589 188.9751 25.2259
v 26.5144 191.8990 24.7698
v 33.8514 189.0294 25.3729
v 39.3570 189.0287 28.6462
v -146.2638 196.9307 25.5634
v -141.1309 196.2917 23.0144
v -134.1393 195.7137 26.2589
v -129.4819 193.0426 29.4548
v 22.4738 197.0870 25.9439
v 25.8337 197.0870 24.9924
v 34.9613 197.1789 28.2573
v 38.7958 194.6124 29.0414
v -146.1929 202.2933 25.4598
v -141.7239 204.5384 25.8930
v -135.2485 205.0287 28.1096
v 22.4758 201.0836 25.4598
v 26.1336 203.7320 25.6834
v 34.9613 205.0316 28.0414
v 39.4114 207.7002 29.3152
v -138.7409 209.6374 28.7230
v -135.8495 209.6374 28.7230
v 29.5540 209.7796 28.4328
v 34.5144 209.7976 28.5811
v 39.4114 209.3030 29.3152
v -154.0641 -184.6364 29.9009
v -149.4856 -185.9886 30.3247
v -143.9396 -185.3293 30.1719
v 14.4691 -183.1253 29.5036
v 18.5144 -185.0791 29.9671
v 24.4351 -185.6276 30.0924
v -154.5770 -178.9713 30.1796
v -149.4856 -178.9713 31.0101
v -143.8419 -178.9713 30.2903
v 13.8543 -178.9713 30.0702
v 18.5144 -178.9713 30.7792
v 24.5552 -178.9713 30.1689
v -154.8552 -170.9713 30.4956
v -149.4856 -170.9713 31.8128
v -143.7157 -170.9713 30.7770
v 13.4454 -170.9713 30.5390
v 18.5144 -170.9713 31.7337
v 26.1946 -170.6406 30.8082
v 30.7863 -167.7534 30.1142
v -154.4350 -165.0556 30.3222
v -149.8135 -162.6219 31.4721
v -141.2570 -163.1318 31.4164
v -136.4398 -160.5721 30.2293
v 13.9240 -165.7685 30.1288
v 18.4955 -163.0496 31.2423
v 26.5144 -162.9713 32.4863
v 31.6976 -162.9713 30.7600
v -147.2470 -154.9713 30.7339
v -141.4856 -154.9713 32.2358
v -133.6581 -154.7827 31.0996
v -128.8749 -151.9903 30.1902
v 21.1496 -156.6415 30.4815
v 25.9463 -154.3734 31.4423
v 34.4978 -154.9685 31.3777
v 39.6001 -152.3000 30.3739
v -146.5119 -146.9713 30.5371
v -140.9421 -146.4510 31.0614
v -133.4856 -148.7353 30.9324
v -128.8749 -150.1905 30.1902
v 22.0167 -145.1771 30.1158
v 26.2960 -147.0956 30.3894
v 34.5144 -148.6017 31.0478
v 39.6001 -149.7690 30.3739
v -146.3852 -140.5872 30.3277
v -141.5508 -138.8886 30.8856
v -135.2782 -137.1899 31.4434
v 22.0167 -141.5501 30.1158
v 26.6197 -139.2687 30.5047
v 35.2118 -136.5250 33.5201
v 38.8406 -135.4014 33.4598
v -139.8551 -133.2412 31.4434
v -132.4453 -130.7356 34.2932
v -129.2478 -128.2300 37.1430
v 28.8817 -133.2023 30.8936
v 35.2118 -133.2583 33.5201
v 42.0562 -131.1053 31.9081
v 46.5628 -127.0367 29.8391
v -129.8198 -122.9713 36.8675
v -127.5044 -122.9713 36.8675
v 45.6615 -123.7841 33.1133
v 46.8154 -123.7841 33.1133
v -130.0900 -114.9713 36.7338
v -126.7674 -114.9713 36.7338
v 44.9793 -117.0118 36.3875
v 47.0680 -117.0118 36.3875
v -130.3292 -106.9713 36.6933
v -127.7701 -106.9713 36.6933
v 38.3475 -105.1943 37.2761
v 39.1739 -105.1943 37.2761
v -130.6974 -98.9713 36.7255
v -128.2756 -98.9713 36.7255
v 37.7497 -98.9713 36.7542
v 39.8402 -98.9713 36.7542
v -130.4637 -94.5863 37.0076
v -128.9393 -94.5863 37.0076
v 37.6617 -94.3334 36.7027
v 39.6226 -94.3334 36.7027
v -147.5791 -16.1297 29.7672
v -144.5018 -16.1297 29.7672
v 189.3949 -16.3292 29.9636
v 192.8456 -16.3292 29.9636
v -154.7048 -9.3691 30.2398
v -149.9417 -11.6100 30.3506
v -144.0945 -10.9713 29.9883
v 182.0478 -8.0867 29.9986
v 186.6427 -10.8405 30.2900
v 193.6761 -10.9713 30.0935
v -155.0609 -2.9713 30.6078
v -149.4856 -2.9713 31.6608
v -143.9069 -2.9713 30.5128
v 182.0478 -4.5545 29.9986
v 185.8264 -2.3212 30.4912
v 194.8450 -3.4520 30.6671
v 199.0000 -1.1059 30.2917
v -154.2426 5.0287 30.1859
v -149.4856 5.0287 32.0749
v -141.5453 5.1807 31.4341
v -136.8391 7.9487 30.2316
v 187.8761 5.0287 30.7377
v 194.5144 5.0287 32.5247
v 199.8443 5.0287 31.2468
v -153.6136 9.2280 29.6773
v -149.1329 12.3483 30.8969
v -141.4856 13.0287 32.5822
v -133.8977 13.3762 31.1816
v -128.7349 16.2745 30.3438
v 189.4765 10.5201 30.3246
v 194.2841 13.1235 31.5901
v 202.4870 13.3339 31.3460
v 208.3042 16.2040 29.9177
v -146.6867 21.0287 30.5603
v -141.3719 21.1996 31.0684
v -133.4856 19.2432 31.0331
v -128.7349 18.3632 30.3438
v 190.4746 24.7635 29.5244
v 194.6947 22.2068 30.0596
v 202.5144 19.7230 30.6544
v 208.3042 17.9998 29.9177
v -146.4896 29.0287 30.4360
v -141.3719 28.8760 31.2259
v -135.6089 31.4408 31.1017
v 190.4746 25.1943 29.5244
v 194.9940 27.8119 29.8708
v 202.5144 30.2410 31.1410
v 207.0741 31.9109 30.9440
v -145.9683 34.0271 29.9600
v -141.0593 36.8277 31.0631
v -133.1101 38.4147 33.3436
v -128.7063 40.2626 36.3499
v 197.5432 37.0287 30.1935
v 202.5144 37.0287 33.1877
v 209.7617 38.6811 34.3171
v 214.6509 40.8843 36.8012
v -138.1084 41.2581 29.9900
v -132.8591 43.4127 33.6360
v -128.0454 45.0287 36.3705
v 198.3380 41.1758 29.6806
v 202.5144 41.3475 31.5065
v 210.2275 43.4336 34.3463
v 215.3226 45.0287 36.1300
v -129.9342 53.0287 36.8582
v -127.8980 53.0287 36.8582
v 213.1350 53.0287 36.1640
v 215.6369 53.0287 36.1640
v -129.9743 61.0287 36.9481
v -127.8042 61.0287 36.9481
v 213.6978 61.0287 36.9558
v 215.0074 61.0287 36.9558
v -130.5000 69.0287 36.8719
v -127.9583 69.0287 36.8719
v 205.9822 71.6020 36.8082
v 211.3289 68.5749 37.1047
v 214.6162 65.5477 37.4011
v -130.5804 73.7121 36.8986
v -128.7150 73.7121 36.8986
v 205.9822 73.8364 36.8082
v 208.4131 73.8364 36.8082
v -147.0299 152.3356 29.6538
v -145.0039 152.3356 29.6538
v 22.0829 152.7473 29.5353
v 22.7964 152.7473 29.5353
v -154.8548 158.7744 30.3681
v -149.6122 156.4761 30.4261
v -144.2969 157.0287 29.9865
v 13.6093 159.2563 30.3135
v 19.0555 156.7653 30.3418
v 24.1163 157.0287 29.9220
v -154.9569 165.0287 30.4634
v -149.4856 165.0287 31.4931
v -143.8530 165.0287 30.4895
v 13.5817 165.0287 30.3540
v 18.5144 165.0287 31.3350
v 25.1467 165.0287 30.4408
v -154.4066 173.0287 30.4934
v -149.4856 173.0287 32.5617
v -141.6414 173.4686 31.4578
v -137.1646 176.4285 30.0321
v 14.2076 173.0287 29.8069
v 18.5144 173.0287 31.2995
v 26.7079 172.8346 31.5038
v 31.2303 175.3718 30.8762
v -154.1210 178.1559 30.4081
v -149.5589 180.9050 31.7404
v -141.4856 181.0287 32.7845
v -134.0930 181.5500 30.8384
v -128.8821 184.5643 30.1774
v 14.4438 177.1625 29.5840
v 18.8575 180.3090 30.6101
v 26.5144 181.0287 32.6973
v 34.1439 181.5320 31.3044
v 39.3565 184.5342 30.0103
v -146.8427 189.0287 30.4652
v -141.4856 189.0287 31.2617
v -133.4856 189.0287 30.7985
v -129.0302 189.0287 30.0020
v 21.9311 189.0287 29.9034
v 26.5144 189.0287 30.7644
v 34.5144 189.0287 30.9748
v 39.3570 189.0287 30.1137
v -146.1177 197.0287 30.1145
v -141.4856 197.0287 30.9890
v -133.4776 196.2370 30.1626
v -129.4819 193.0426 29.4652
v 22.5008 197.0287 29.4778
v 26.5144 197.0287 30.1169
v 34.9613 197.1789 30.1639
v 38.7958 194.6124 29.7812
v -145.9743 202.1495 29.9519
v -141.4388 204.9012 31.1359
v -133.2553 206.4488 33.2059
v -128.5505 208.3422 35.8993
v 22.5125 201.0328 29.4623
v 26.7381 204.2312 30.5920
v 35.1404 205.3009 33.0687
v 40.1115 207.4369 33.4598
v -138.7409 209.6374 30.6493
v -132.7872 211.5753 33.6717
v -128.2051 213.0287 35.9386
v 29.5540 209.7796 30.5329
v 34.8187 210.4520 33.3037
v 42.7655 213.0753 35.1219
v 46.5609 216.8496 37.3380
v -129.8956 221.0287 36.7674
v -127.5991 221.0287 36.7674
v 45.8508 221.0287 37.1080
v 46.6520 221.0287 37.1080
v -130.2329 229.0287 36.6533
v -125.2397 229.7724 36.8108
v -121.4797 232.9348 37.4535
v 38.1831 231.4662 37.0609
v 42.9096 228.8912 36.7154
v 47.0518 229.0287 36.8285
v -130.6918 237.0287 36.5537
v -125.8055 236.2364 36.7311
v -121.4797 233.0414 37.4535
v 37.7308 237.0287 36.6491
v 42.4820 236.9429 36.5145
v 47.0940 234.2191 36.9653
v -130.4163 242.1548 36.8715
v -128.6854 242.1548 36.8715
v 37.8008 242.4218 36.7777
v 39.7938 242.4218 36.7777
v 38.3435 -135.0258 37.5067
v 38.5994 -135.0258 37.5067
v -129.6124 -128.2300 37.5357
v -129.2478 -128.2300 37.5357
v 38.3435 -134.6618 37.5067
v 38.5994 -134.6618 37.5067
v -129.8198 -122.9713 37.8314
v -127.5044 -122.9713 37.8314
v 44.9793 -120.7398 37.9486
v 47.0680 -120.7398 37.9486
v -130.0900 -114.9713 38.3736
v -126.7674 -114.9713 38.3736
v 44.9793 -117.0118 37.9486
v 47.0680 -117.0118 37.9486
v -130.3292 -106.9713 38.8967
v -127.7701 -106.9713 38.8967
v 38.3475 -105.1943 37.8728
v 39.1739 -105.1943 37.8728
v -130.6974 -98.9713 39.2358
v -128.2756 -98.9713 39.2358
v 37.7497 -98.9713 39.6255
v 39.8402 -98.9713 39.6255
v -130.4637 -94.5863 38.7108
v -128.9393 -94.5863 38.7108
v 37.6617 -94.3334 39.9344
v 39.6226 -94.3334 39.9344
v -130.1189 40.2626 37.7539
v -128.7063 40.2626 37.7539
v 212.2509 40.8843 37.5449
v 214.6509 40.8843 37.5449
v -130.1137 45.0287 37.8825
v -128.0454 45.0287 37.8825
v 212.0518 45.0287 38.0985
v 215.3226 45.0287 38.0985
v -129.9342 53.0287 38.1779
v -127.8980 53.0287 38.1779
v 213.1350 53.0287 38.5352
v 215.6369 53.0287 38.5352
v -129.9743 61.0287 38.4262
v -127.8042 61.0287 38.4262
v 213.6978 61.0287 38.0823
v 215.0074 61.0287 38.0823
v -130.5000 69.0287 39.2395
v -127.9583 69.0287 39.2395
v 205.9355 71.6879 41.4598
v 211.6991 69.0564 39.8152
v 214.6162 65.5477 37.6224
v -130.5804 73.7121 39.2322
v -128.7150 73.7121 39.2322
v 205.9355 73.8857 41.4598
v 209.7898 73.8857 41.4598
v -130.5978 208.3422 37.9133
v -128.5505 208.3422 37.9133
v 37.6882 208.2348 37.9151
v 39.7468 208.2348 37.9151
v -130.4905 213.0287 38.0108
v -128.2051 213.0287 38.0108
v 37.6882 210.3757 37.9151
v 43.0255 213.6127 37.7130
v 46.5609 216.8496 37.5108
v -129.8956 221.0287 38.0752
v -127.5991 221.0287 38.0752
v 45.8508 221.0287 37.6003
v 46.6520 221.0287 37.6003
v -130.2329 229.0287 38.7505
v -125.2397 229.7724 38.5036
v -121.4797 232.9348 37.4785
v 38.1831 231.4662 38.2800
v 42.9096 228.8912 38.7245
v 47.0518 229.0287 38.4256
v -130.6918 237.0287 39.5481
v -125.8055 236.2364 39.1417
v -121.4797 233.0414 37.4785
v 37.7308 237.0287 39.0837
v 42.4820 236.9429 39.4497
v 47.0940 234.2191 38.6111
v -130.4163 242.1548 39.0627
v -128.6854 242.1548 39.0627
v 37.8008 242.4218 38.8048
v 39.7938 242.4218 38.8048
v 206.2746 72.6677 45.6261
v 208.9829 72.6677 45.6261
v 206.2746 73.3637 45.6261
v 208.9829 73.3637 45.6261
v 60.0917 -183.7017 141.0386
v 63.0611 -183.7017 141.0386
v 52.9113 -177.4978 140.2624
v 58.0920 -179.6427 140.6505
v 63.0611 -181.7876 141.0386
v 30.4634 -167.1367 141.4399
v 34.5144 -168.0465 141.1879
v 42.5144 -169.1210 139.7087
v 50.3525 -171.1301 138.4160
v 56.4244 -170.9713 139.1491
v 21.8637 -159.6691 141.1360
v 27.2838 -162.5900 141.0250
v 34.4785 -163.0302 141.0136
v 42.5144 -164.8362 139.7087
v 50.5144 -163.9462 138.5531
v 55.4832 -164.5495 139.5763
v 21.8637 -157.7289 141.1360
v 26.5144 -157.2691 140.9312
v 31.7879 -157.9440 141.0788
v -114.0599 -15.3635 141.2583
v -109.4856 -15.3210 141.2617
v -105.4222 -15.0453 141.3972
v 54.2845 -15.1559 141.3589
v 58.5144 -15.2427 141.2905
v 62.6886 -15.1485 141.3350
v -115.8736 -10.9713 140.6066
v -109.3848 -11.6440 140.7397
v -105.4222 -14.7591 141.3972
v 53.0087 -10.9713 140.7267
v 58.7338 -11.3879 140.7984
v 62.6886 -14.3323 141.3350
v -138.8710 -0.2524 141.1013
v -135.0901 -0.2524 141.1013
v -123.9130 -1.5162 140.1317
v -118.2514 -3.6982 139.1221
v -111.7971 -2.9713 139.5337
v 29.8530 0.2024 141.2287
v 34.5144 -0.1238 141.1219
v 42.5144 -0.6969 140.0827
v 50.2478 -3.1256 138.8512
v 56.4882 -2.9713 139.4115
v -145.9226 8.3622 141.3474
v -141.5169 5.4288 141.0251
v -134.7398 5.0287 141.0008
v -123.9130 3.5745 140.1317
v -118.0978 5.7562 139.4225
v -112.7763 5.0287 139.9092
v 22.1519 8.4513 141.2744
v 26.9176 5.4823 141.0097
v 34.5401 4.8776 140.9893
v 42.5144 3.0065 140.0827
v 50.5436 5.1620 138.9401
v 55.6172 5.0287 139.5226
v -145.9226 9.6010 141.3474
v -141.4856 10.2008 141.1854
v -136.2201 10.0192 141.2063
v -115.8393 9.3179 141.0244
v -113.2898 9.3179 141.0244
v 22.1519 10.6202 141.2744
v 26.5144 11.2494 141.0705
v 31.8906 10.3981 141.1261
v 53.2298 9.7040 140.7312
v 55.0521 9.7040 140.7312
v 54.1911 152.7528 141.2273
v 55.6108 152.7528 141.2273
v 52.7665 157.0287 140.9276
v 58.3722 157.6033 140.9974
v 62.5840 160.6529 141.3988
v 29.3006 168.1899 141.1474
v 32.7129 168.1899 141.1474
v 45.8955 168.6626 141.3660
v 50.1101 165.6091 140.1715
v 58.3743 164.3122 140.1912
v 62.5840 161.1680 141.3988
v 29.0512 173.0287 141.1428
v 33.3729 173.0287 141.1428
v 45.8955 169.5588 141.3660
v 49.9035 172.5467 139.7774
v 55.9743 173.0287 139.4271
v 29.7772 177.8475 141.3495
v 32.1272 177.8475 141.3495
v 52.1628 178.2165 140.3259
v 55.3610 178.2165 140.3259
v 54.4824 -190.9889 149.4005
v 58.5144 -191.0037 149.3779
v 62.5468 -190.9969 149.4099
v 20.2030 -183.7448 148.7965
v 26.5144 -183.8880 148.7160
v 31.2388 -183.4200 149.1314
v 53.3386 -186.9713 147.5320
v 57.8608 -186.6095 144.6876
v 63.1551 -186.6095 146.2299
v 14.0599 -176.9898 148.9723
v 17.9275 -179.3824 148.1310
v 26.5144 -178.9713 146.4635
v 34.1490 -179.0992 147.0557
v 42.5144 -177.3109 146.9789
v 50.2783 -179.6877 144.7530
v 58.0920 -179.6427 142.5439
v 63.2705 -179.0611 145.8674
v 14.0599 -173.9408 148.9723
v 18.3599 -171.1530 147.8767
v 27.2838 -170.2706 143.8055
v 34.5144 -172.0465 142.7010
v 42.5144 -173.1210 142.9789
v 47.5779 -173.9027 142.5573
v 60.4244 -170.9713 144.3860
v 63.7559 -170.9713 148.3860
v 20.6336 -162.5900 145.6075
v 25.1301 -165.0024 143.0393
v 37.1213 -160.4029 142.9984
v 42.5144 -160.8362 143.4191
v 50.5144 -159.9462 142.4398
v 58.2957 -162.3182 143.8240
v 64.9325 -162.9713 148.2405
v 20.9564 -155.0259 145.4164
v 27.2777 -152.8305 145.4164
v 34.4785 -156.1971 145.5829
v 42.5709 -155.1925 147.4545
v 50.5144 -154.9713 145.2875
v 58.5144 -154.9713 144.8115
v 64.5608 -154.9713 147.3232
v 21.4617 -150.3988 148.0541
v 25.1200 -150.3988 148.0541
v 45.2752 -149.7127 148.8386
v 50.5144 -148.3000 148.3076
v 58.5144 -148.5450 147.2730
v 63.4493 -150.0392 147.4592
v -154.1652 -15.5680 148.9555
v -149.4856 -15.8543 148.6610
v -141.4856 -15.4316 149.0172
v -137.4401 -15.0045 149.4305
v -121.5309 -15.0115 149.3820
v -117.0302 -16.4031 146.2131
v -109.4856 -17.3875 145.4598
v -105.2304 -15.6279 145.4598
v 20.2153 -15.2990 149.1170
v 26.5144 -15.5090 148.9648
v 31.0833 -15.3605 149.1425
v 53.1605 -16.4045 145.4598
v 58.5144 -17.5491 145.4598
v 63.1201 -16.1159 145.4598
v -154.1652 -13.5636 148.9555
v -149.4813 -10.9267 148.3053
v -141.4856 -10.9713 147.0961
v -134.2583 -10.4573 148.0460
v -124.7128 -10.4573 147.4800
v -119.8736 -10.9713 143.4535
v -106.6509 -9.4257 144.0685
v -105.2723 -11.6440 146.2250
v 19.8113 -10.9713 148.7011
v 26.5144 -10.9713 147.3551
v 34.0558 -10.8060 147.5489
v 42.5144 -8.8564 147.1233
v 49.1647 -11.0447 145.2246
v 61.5468 -8.9990 142.7693
v 63.2664 -11.3879 145.4455
v -154.0858 -0.2893 148.7340
v -149.4813 -2.9621 147.4097
v -141.5169 -2.9400 143.6237
v -132.8483 -2.9400 143.3440
v -126.1421 -3.6982 142.8070
v -121.4286 -6.8495 141.5292
v -107.8165 -3.6841 146.2250
v -105.4704 -6.8260 149.4018
v 19.5873 -2.9713 147.9769
v 26.9176 -2.6671 144.1870
v 34.5144 -4.1238 143.3091
v 42.5144 -4.6969 143.1233
v 47.4034 -5.8951 142.4012
v 60.4882 -2.9713 144.0008
v 63.4392 -2.9713 148.0008
v -154.0858 2.0363 148.7340
v -148.9952 5.1992 145.5143
v -144.2044 3.0289 142.2945
v -130.7398 5.0287 142.3643
v -126.1421 5.7562 142.2303
v -121.1727 8.9079 141.5380
v -108.5998 4.8493 145.9610
v -104.1796 7.3963 148.9618
v 20.2229 5.4823 145.4747
v 24.5197 3.1180 142.8180
v 37.2239 7.4436 142.6875
v 42.5144 7.0065 143.0268
v 47.8965 7.9176 142.3214
v 59.6172 5.0287 144.3985
v 64.5584 5.0287 148.3985
v -153.5755 16.7088 149.0894
v -148.9952 13.1549 145.8596
v -141.4856 14.2008 143.6404
v -133.5263 12.8230 144.5703
v -125.4856 13.0287 145.4005
v -118.0978 12.4022 143.6299
v -110.1681 12.4022 144.7362
v -104.0200 13.0287 148.1985
v 20.9905 13.1836 144.9439
v 26.5144 15.2494 142.6638
v 34.9207 13.3954 145.3063
v 41.9729 13.4471 147.0163
v 50.5436 12.6339 144.0453
v 58.0370 12.6339 144.1362
v 64.7626 13.0287 147.5983
v -153.5755 17.2134 149.0894
v -149.4856 17.7927 148.0595
v -141.4856 17.8714 147.6404
v -133.4856 17.4151 148.5439
v -124.8670 20.3640 148.5666
v -117.4856 21.0287 147.7594
v -110.0397 20.7103 148.1073
v -104.8375 17.8314 148.2761
v 21.1959 18.1109 147.2666
v 26.5144 18.2332 146.6638
v 32.6175 17.5525 147.9251
v 44.2786 18.8034 148.6313
v 50.8289 21.2935 148.2439
v 57.9379 20.9194 147.7480
v 63.5738 18.1798 147.8047
v -121.7880 25.3925 149.2003
v -117.4856 27.1240 149.1055
v -113.0758 27.4587 149.2469
v 53.7052 25.7613 149.3191
v 54.8869 25.7613 149.3191
v 53.2040 152.0424 145.4598
v 58.3722 151.5525 145.1509
v 63.3665 151.8834 147.6116
v 21.2938 159.2047 148.8155
v 26.5144 158.0488 148.1111
v 34.5144 158.9637 148.0175
v 42.5144 159.8584 147.4863
v 49.0618 157.2550 145.1425
v 60.9441 155.3196 142.2783
v 63.3838 157.6033 145.1509
v -129.7603 168.7557 149.3011
v -129.1967 168.7557 149.3011
v 13.9718 167.8801 148.7275
v 18.5820 165.1395 147.5908
v 26.5861 165.3254 144.1378
v 35.0335 165.3254 143.6540
v 42.9430 165.6091 143.2290
v 47.1739 163.3293 142.2643
v 60.9477 166.5013 143.6612
v 63.1000 164.3122 145.9807
v -129.7603 170.1328 149.3011
v -129.1967 170.1328 149.3011
v 13.9718 169.8739 148.7275
v 18.6895 172.7359 146.8799
v 25.0512 173.0287 142.7841
v 37.3729 173.0287 141.8749
v 42.9430 172.5467 141.9612
v 46.8295 174.8921 141.7420
v 59.9743 173.0287 144.7633
v 63.8684 173.0287 148.7633
v 20.8491 181.0287 146.4986
v 26.8721 180.7200 142.7041
v 34.6821 180.7200 143.3774
v 42.5144 181.0287 144.8403
v 49.9035 180.9414 143.6223
v 58.2224 180.9414 144.5623
v 64.4581 181.0287 148.1348
v 21.3354 186.9550 147.3407
v 26.5144 187.2247 146.3870
v 34.5144 185.9877 147.6267
v 43.1957 188.3949 148.5154
v 50.5144 189.0287 147.6176
v 58.5057 189.4275 147.8687
v 63.6797 187.0266 148.1566
v 46.3167 193.2359 149.3008
v 50.5144 194.8404 149.1260
v 55.8333 195.2371 149.1738
v 13.7953 -191.2934 156.8775
v 18.5144 -191.2709 156.9236
v 26.5144 -191.1942 157.0010
v 30.7625 -191.1912 156.9806
v 53.4296 -191.8102 153.4598
v 58.5144 -192.1313 153.4598
v 62.8414 -191.2923 153.4598
v -138.3370 -183.0728 157.2007
v -137.1810 -183.0728 157.2007
v 5.5839 -183.8649 156.8361
v 10.8829 -186.7074 155.3074
v 17.9275 -186.6354 152.4021
v 26.5144 -187.8880 153.0010
v 32.1744 -186.4405 153.9723
v 50.8412 -186.9713 153.4598
v 62.2907 -183.4241 157.0397
v 63.0692 -186.4430 154.0078
v 190.3645 -183.1010 157.3207
v 191.7908 -183.1010 157.3207
v 205.4063 -183.0719 157.1081
v 206.6388 -183.0719 157.1081
v -147.2751 -176.9069 156.8127
v -141.1964 -179.3327 156.3622
v -134.1028 -178.2410 156.6551
v -129.4140 -175.0876 157.3009
v 4.6037 -178.9713 156.1833
v 11.0417 -179.3824 151.8098
v 14.8696 -182.3231 149.7453
v 36.6324 -179.0992 154.0409
v 41.9645 -177.9521 154.0409
v 47.9259 -181.5373 153.4598
v 62.2907 -182.7357 157.0397
v 63.7372 -179.6299 154.0078
v 190.1342 -178.9713 157.1625
v 194.4803 -179.5229 156.7236
v 202.6495 -179.5229 155.9879
v 207.7479 -178.9713 156.2428
v -147.2688 -170.9713 156.4110
v -141.4856 -170.9713 155.2333
v -133.4856 -170.9713 154.5618
v -126.2427 -170.5117 155.7097
v -120.9158 -167.5387 156.8369
v 4.8974 -173.5918 156.3815
v 11.2214 -171.0996 153.6494
v 15.5903 -168.6075 150.9174
v 38.1926 -174.1869 157.0949
v 38.9313 -174.1869 157.0949
v 67.5022 -170.9391 153.2948
v 71.4382 -168.2509 155.8514
v 190.1574 -174.2026 157.2025
v 194.5843 -171.3101 156.3904
v 202.5144 -170.9713 153.6652
v 210.6266 -171.0798 154.4486
v 216.3235 -168.4854 155.9755
v -146.0737 -165.7412 156.7085
v -140.8878 -163.0332 156.5406
v -133.4856 -162.9713 154.9947
v -125.4856 -162.9713 153.9993
v -117.9437 -162.7515 155.3329
v -112.5807 -159.9384 156.0229
v 13.7162 -165.8275 156.2507
v 16.8928 -163.0850 153.5343
v 68.9325 -162.9713 150.9284
v 71.9206 -162.9713 154.9284
v 197.2976 -165.5459 156.7653
v 202.9535 -162.9160 155.5401
v 210.5144 -162.9713 153.6626
v 218.7998 -163.2130 154.8308
v 224.9571 -160.7075 155.6360
v -137.8226 -158.8597 157.3261
v -133.4856 -158.7494 157.0812
v -125.1268 -155.6608 155.8235
v -117.5618 -154.9029 155.1840
v -112.5807 -157.5240 156.0229
v 18.9503 -154.9713 153.4598
v 30.4533 -151.0062 149.6380
v 34.5326 -152.2809 152.7668
v 39.9297 -152.5821 153.4598
v 68.5608 -154.9713 151.4140
v 71.9539 -154.9713 155.4140
v 205.9129 -158.8277 157.2183
v 210.5144 -158.0154 156.4734
v 218.7600 -155.0927 155.2737
v 224.6561 -154.9713 155.5325
v -122.2209 -150.2148 156.5888
v -120.2792 -150.2148 156.5888
v 20.7842 -149.7587 153.4598
v 27.2777 -149.8064 152.7668
v 31.8781 -150.6466 154.9714
v 43.9297 -148.6049 153.4598
v 50.1379 -144.4963 152.8544
v 58.5144 -144.5450 151.2527
v 65.8327 -147.5236 154.0124
v 71.4826 -150.3414 156.4988
v 221.5904 -150.5518 156.7137
v 222.9273 -150.5518 156.7137
v 52.5536 -142.1365 155.1175
v 58.5144 -142.0636 155.2527
v 62.8828 -142.5958 156.8593
v -114.3139 -23.3727 156.0239
v -112.1991 -23.3727 156.0239
v 53.5324 -23.6898 155.8167
v 57.0799 -23.6898 155.8167
v -162.2663 -15.5874 156.9742
v -157.0934 -16.7271 153.9685
v -149.4856 -18.4064 153.4598
v -141.4856 -17.2296 153.4598
v -136.7227 -15.5271 153.4598
v -121.8679 -15.2245 153.4598
v -117.1826 -19.5462 153.3983
v -109.2026 -19.0156 153.3013
v -105.2088 -15.7727 150.5786
v 5.9747 -15.4852 157.0452
v 10.5144 -16.7493 155.2635
v 17.9349 -16.8665 152.7515
v 26.5144 -17.4623 153.4598
v 31.8180 -16.4858 153.4598
v 51.9597 -19.2070 153.2740
v 59.2537 -21.4807 153.2740
v 63.2096 -17.8134 153.4598
v -164.0443 -10.9713 156.3593
v -157.0934 -10.9267 152.5057
v -152.1450 -8.2303 150.6703
v -132.1689 -10.4573 154.1112
v -126.4757 -10.4573 154.1112
v -106.2061 -13.5152 155.9120
v -105.0319 -10.8977 153.3311
v 4.9685 -10.9713 156.4048
v 10.5144 -10.9713 153.4516
v 15.8113 -10.9713 150.5067
v 35.8180 -11.9094 153.4598
v 42.5144 -9.2601 153.4598
v 48.0576 -12.3219 153.4598
v 63.9863 -10.9713 153.4598
v 190.1353 -7.9023 157.1947
v 194.5144 -8.4418 156.7222
v 202.5144 -8.7331 156.1533
v 207.3539 -8.2907 156.4361
v -164.1166 -5.2241 156.4780
v -157.3705 -2.7567 153.5742
v -152.1450 -5.6226 150.6703
v -129.6416 -6.8508 157.2121
v -129.2927 -6.8508 157.2121
v -106.2884 -1.4927 150.3045
v -102.5793 -2.9689 153.7884
v -97.3918 0.8883 157.2722
v 4.9929 -5.1304 156.4677
v 10.2810 -2.6668 154.4503
v 15.5873 -2.9713 150.4421
v 66.8081 -2.7650 153.6956
v 71.1187 0.0391 156.5195
v 190.1353 -5.9574 157.1947
v 194.5778 -3.1629 156.5946
v 202.5144 -2.9713 154.7228
v 210.2181 -2.7388 154.9693
v 215.5669 0.0828 155.7813
v -155.1283 4.8333 153.8936
v -152.0678 7.3696 151.5162
v -106.2884 2.0629 150.3045
v -101.5020 4.8493 152.1814
v -96.9721 5.0287 156.2282
v 12.7920 2.7088 154.8599
v 16.2712 5.2367 152.6999
v 68.5584 5.0287 151.2357
v 71.7333 5.0287 155.2357
v 197.5378 5.0287 157.0683
v 202.5144 5.0287 155.2015
v 210.5144 5.0287 153.1591
v 218.3459 5.1745 154.5865
v 224.8358 7.9384 155.9162
v -153.6812 13.3304 153.4155
v -152.2732 13.3304 153.4155
v -100.0200 13.0287 151.5773
v -96.3747 13.0287 155.5773
v 18.6413 13.0287 153.4598
v 37.9508 16.3927 150.2673
v 38.9453 16.3927 150.2673
v 68.7626 13.0287 151.0377
v 72.2573 13.0287 155.0377
v 198.4400 9.1036 157.3963
v 202.5144 9.5699 156.6319
v 210.5144 10.5675 155.5045
v 218.6577 13.0718 154.8833
v 224.7308 13.0287 155.4142
v -153.5755 17.2134 149.9815
v -149.6814 18.8064 152.9728
v -141.4856 19.8009 153.4598
v -132.8170 20.9148 154.1809
v -127.1213 22.5875 151.9950
v -107.7425 23.1647 151.9152
v -102.4232 20.5862 154.1597
v -96.5952 18.0077 156.4043
v 20.4970 18.9916 153.4598
v 26.5144 20.1173 153.4598
v 34.9762 18.4395 153.1443
v 42.3682 21.0079 153.3138
v 48.3719 24.1367 151.0269
v 60.2202 23.5132 151.3966
v 65.9933 20.8094 153.8260
v 71.8173 18.1055 156.2554
v 221.4200 17.8449 156.2761
v 223.1482 17.8449 156.2761
v -129.7047 25.1267 157.3283
v -124.8670 25.4137 154.1809
v -117.4856 28.0927 153.4598
v -110.0397 27.2428 154.1330
v -105.3422 25.1773 157.2485
v 45.7911 25.3191 156.3602
v 50.8289 26.3075 153.6001
v 57.9379 26.4982 153.8219
v 63.0795 25.6369 156.7299
v 54.1030 144.7316 156.7787
v 55.5339 144.7316 156.7787
v 6.4635 152.9855 157.4185
v 10.5144 152.1266 156.1245
v 18.5144 151.8653 155.2392
v 26.5144 152.1069 154.9789
v 31.2549 152.1912 155.3735
v 52.3309 149.2052 153.8512
v 58.3261 148.0671 153.8512
v 63.3422 151.6060 153.4598
v -146.9813 160.2959 156.8067
v -141.4856 159.8075 156.1911
v -136.1975 160.1332 156.4214
v 5.4576 157.0287 156.8338
v 10.5144 157.0287 154.4510
v 18.5820 156.7343 151.6206
v 26.5144 154.0488 150.9789
v 34.1587 156.1051 153.0081
v 42.5144 159.6524 153.4598
v 48.0935 156.1950 153.4598
v 61.6839 159.4163 156.4165
v 63.4930 156.8613 153.6338
v 190.0233 160.3705 157.0736
v 194.5144 159.9747 156.5486
v 202.5144 159.8077 155.9275
v 207.2248 160.1478 156.2455
v -147.3777 165.0287 156.4142
v -141.4856 165.0287 155.0977
v -132.9789 165.6506 153.9154
v -128.1437 167.9615 153.4598
v 5.2706 165.0287 156.7235
v 10.9889 165.1395 152.8080
v 15.9605 162.5467 150.6886
v 61.6839 161.8043 156.4165
v 65.6342 165.3240 154.2001
v 70.6130 168.8437 157.3170
v 190.0233 163.1264 157.0736
v 194.0311 165.4874 156.4325
v 202.5144 165.0287 154.6625
v 210.1406 165.6326 155.2865
v 214.8766 168.7019 156.2414
v -146.4930 173.0287 156.5163
v -141.4856 173.0287 155.5734
v -132.8504 172.8912 152.2974
v -125.9243 172.7240 153.1748
v -119.0452 175.3151 156.2365
v 6.2142 169.2086 157.2715
v 10.9889 170.8429 154.1468
v 16.3187 175.1615 153.4598
v 67.8684 173.0287 151.7737
v 71.4511 173.0287 155.7737
v 196.2522 173.0287 156.5342
v 202.5144 173.0287 154.2381
v 210.5144 173.0287 153.0895
v 217.9317 173.4404 155.1779
v 223.7952 176.3815 156.4221
v -145.8018 177.6056 156.9427
v -141.4856 177.9694 156.6669
v -133.4856 178.5085 155.5446
v -125.3819 181.0062 154.8581
v -116.8213 180.3874 155.2462
v -112.8776 182.6266 156.0930
v 18.3678 181.0287 153.4598
v 68.4581 181.0287 151.0170
v 72.3305 181.0287 155.0170
v 197.6370 177.9524 156.7228
v 202.5144 178.5953 155.5031
v 210.5144 179.6308 154.8954
v 217.9256 181.6114 154.9638
v 224.3887 181.0287 155.5002
v -122.4600 189.0287 156.5179
v -118.1584 188.7328 155.8863
v -112.8776 185.8688 156.0930
v 20.9063 189.3845 154.0177
v 26.6242 191.4501 154.0177
v 34.5144 188.8992 153.4598
v 41.5417 190.3172 153.4598
v 61.1666 192.3600 150.1497
v 66.5652 189.5026 153.2289
v 71.7855 186.6452 156.3080
v 220.1997 187.2821 155.8847
v 223.7327 187.2821 155.8847
v -121.6243 193.1302 157.3033
v -121.2736 193.1302 157.3033
v 22.4354 193.0753 157.0564
v 24.0306 193.0753 157.0564
v 45.5417 193.6802 153.4598
v 50.5144 196.6283 153.4598
v 58.5057 196.4216 153.0738
v 64.1174 194.7526 155.4831
v 6.0758 -191.7345 164.8311
v 10.8829 -192.2992 161.8826
v 18.5144 -192.6602 161.4598
v 26.8047 -191.5844 161.3779
v 30.7625 -191.1912 158.6566
v 53.1000 -192.0722 158.4736
v 58.5144 -192.0988 158.5189
v 62.9180 -191.3738 157.8581
v -138.3370 -183.0728 157.7437
v -137.1810 -183.0728 157.7437
v 4.7600 -186.7074 161.8826
v 8.4620 -189.1982 159.4978
v 29.6649 -190.2227 163.9899
v 32.4792 -187.3221 161.3779
v 52.3847 -186.3073 161.2681
v 58.5472 -185.9777 160.8325
v 62.9180 -188.7574 157.8581
v 190.3645 -183.1010 157.7317
v 191.7908 -183.1010 157.7317
v 205.4063 -183.0719 157.6371
v 206.6388 -183.0719 157.6371
v -147.3999 -177.3093 161.4598
v -141.1964 -180.8344 160.8302
v -134.1028 -179.6077 160.8302
v -128.5003 -175.7759 161.4598
v -1.7919 -176.3253 164.5296
v 0.8529 -178.9837 161.7017
v 35.5501 -178.9713 161.4598
v 44.2646 -176.8198 159.8985
v 49.6562 -179.2804 162.1230
v 60.5636 -181.3704 161.4598
v 63.8870 -177.3704 161.4598
v 190.1342 -178.9713 158.5749
v 194.4187 -179.9369 160.8699
v 202.6495 -181.5454 160.7662
v 209.0210 -178.7866 160.7662
v -148.4995 -170.9713 161.4598
v -124.5003 -172.0923 161.4598
v -120.4327 -168.0923 161.4598
v -1.7919 -174.2740 164.5296
v 2.6120 -171.2663 161.8858
v 8.3829 -168.2585 159.2420
v 22.3087 -167.7656 165.3214
v 22.8695 -167.7656 165.3214
v 37.2803 -172.9194 161.4598
v 41.9645 -173.2048 162.1230
v 48.5525 -174.7631 165.2318
v 67.5158 -170.9391 161.3445
v 71.4382 -168.2509 158.6010
v 190.2229 -171.1311 161.7336
v 191.8388 -171.1311 161.7336
v 213.5543 -173.9546 161.4598
v 218.7998 -169.4628 161.8929
v 222.6325 -167.1461 164.8483
v -146.4456 -163.0332 162.1051
v -143.1559 -160.4079 159.8686
v -116.8754 -162.7515 161.2552
v -112.5807 -159.9384 158.4522
v 5.6599 -165.8395 164.5753
v 10.6677 -163.1668 161.5164
v 18.9689 -163.6464 161.8894
v 22.8695 -166.7987 165.3214
v 69.0199 -164.3646 163.9343
v 71.6530 -162.2073 161.3445
v 190.2883 -166.3400 164.7925
v 194.5590 -163.2763 161.6523
v 200.5796 -160.2126 158.5122
v 221.6568 -166.0409 159.5150
v 224.0663 -163.2130 161.8929
v -146.1922 -154.9713 164.7772
v -141.2648 -155.8168 162.3380
v -133.4856 -157.3627 161.4598
v -125.1268 -154.5626 161.0729
v -117.7425 -155.1583 160.9669
v -112.5807 -157.5240 158.4522
v 13.1609 -154.9713 163.7874
v 16.4098 -154.9713 159.7874
v 37.2114 -151.4170 158.2299
v 38.9740 -151.4170 158.2299
v 72.0364 -154.9713 161.4598
v 190.3589 -151.5159 165.2348
v 194.5469 -154.1457 164.5402
v 202.9535 -157.0387 161.2912
v 210.5144 -157.0502 161.4598
v 218.7600 -154.8335 160.8677
v 224.2432 -155.7552 160.8677
v -146.2939 -150.5119 164.8075
v -144.7069 -150.5119 164.8075
v -122.2209 -150.2148 158.1483
v -120.2792 -150.2148 158.1483
v 14.2717 -150.5479 164.8990
v 18.8951 -147.5707 162.1816
v 26.5011 -146.3511 161.8625
v 34.5326 -149.8649 161.1218
v 42.2973 -147.0957 160.8797
v 47.2203 -143.7413 158.1963
v 67.1498 -146.3798 161.4598
v 71.3060 -150.3798 161.4598
v 190.3589 -150.7987 165.2348
v 191.9400 -150.7987 165.2348
v 221.5904 -150.5518 157.8063
v 222.9273 -150.5518 157.8063
v 21.8633 -142.6218 164.7976
v 23.8255 -142.6218 164.7976
v 45.6207 -142.1636 163.5296
v 50.1379 -141.9413 161.1017
v 58.5144 -141.7772 161.4598
v 63.1498 -142.4590 161.4598
v -162.0266 -23.6261 164.7947
v -157.4856 -23.6588 164.3831
v -149.4856 -23.5428 163.6229
v -144.7045 -23.4714 163.7810
v -114.3139 -23.3727 157.9205
v -112.1991 -23.3727 157.9205
v 11.9776 -23.6545 163.7596
v 18.5144 -23.6782 163.4974
v 23.2532 -23.2306 164.5435
v 53.5324 -23.6898 158.2292
v 57.0799 -23.6898 158.2292
v -169.5100 -15.0143 165.3834
v -164.8131 -17.9675 162.4224
v -157.4856 -20.7185 160.3831
v -149.4856 -21.5235 159.6229
v -141.8169 -20.0436 161.2525
v -136.3413 -16.0445 161.4598
v -121.9501 -15.2687 157.6829
v -116.7080 -17.8805 160.4684
v -111.4465 -18.2839 160.9362
v 5.2214 -17.2224 161.4598
v 9.7923 -21.0863 161.2397
v 18.5144 -21.0946 159.4974
v 26.1577 -20.4840 161.7100
v 32.0905 -17.1315 161.4598
v 52.7772 -18.2860 161.1215
v 58.5885 -18.9538 160.7610
v 62.8079 -17.4118 157.9594
v -169.7284 -10.9713 163.4811
v -168.0443 -10.9713 159.4811
v -133.5551 -10.9713 161.4598
v -123.6893 -10.9713 158.2677
v -118.6567 -10.9713 162.2677
v -107.9393 -10.8977 161.3926
v -105.0216 -8.1819 158.6812
v 2.2925 -10.9713 161.4598
v 36.1011 -10.2871 160.9265
v 42.5144 -7.3749 157.9828
v 49.9609 -10.3784 160.8114
v 60.0971 -12.7573 163.2928
v 63.2667 -10.4429 160.9596
v 190.1353 -7.9023 158.7713
v 194.2301 -8.8400 161.4467
v 202.5144 -9.8352 161.4598
v 208.0568 -8.1976 161.4598
v -169.7113 -2.9713 163.5361
v -166.2642 -2.7230 159.7356
v -160.6552 0.1092 158.4844
v -130.6994 -5.4778 161.4598
v -126.1699 -4.9026 161.1723
v -120.0972 -5.5148 163.6473
v -106.3537 -5.0077 164.0145
v -102.4532 -2.0597 160.8238
v -97.3918 0.8883 157.6330
v 3.2066 -2.6668 161.2053
v 7.4587 0.2029 158.3689
v 37.7764 -2.9713 163.5770
v 41.8489 -2.8964 162.5052
v 48.8385 -5.5132 163.0459
v 66.8923 -2.7650 161.1944
v 71.1187 0.0391 158.3508
v 190.1148 -3.2810 161.4483
v 191.6637 -3.2810 161.4483
v 212.0568 -4.8820 161.4598
v 216.3795 -0.8820 161.4598
v -169.4872 1.0314 165.4567
v -164.8346 4.2303 164.3555
v -159.0889 5.0287 160.0817
v -99.7577 5.0287 163.0064
v -96.9721 5.0287 159.0064
v 4.9066 3.2011 163.7022
v 9.8686 5.6216 161.0069
v 15.5656 8.0421 158.3115
v 38.3208 1.2413 165.1715
v 38.7386 1.2413 165.1715
v 68.8507 3.3185 163.6841
v 71.5861 5.6026 161.1944
v 190.0942 2.5329 164.1252
v 193.4273 5.1312 161.4590
v 220.3795 3.9134 161.4598
v 224.3253 7.9134 161.4598
v -161.7339 9.2949 165.2644
v -156.6865 12.2901 161.9693
v -152.4786 15.2853 158.6741
v -98.9674 13.0287 163.9729
v -96.3747 13.0287 159.9729
v 12.4102 13.0287 163.2515
v 16.2742 13.0287 159.2515
v 70.0625 15.8486 165.1164
v 72.0053 13.1207 162.0537
v 190.2715 15.8319 165.0816
v 194.8890 12.4678 162.3876
v 202.2318 13.5833 162.0001
v 210.5144 12.8143 161.4598
v 218.6577 14.0318 160.9831
v 224.3434 12.3129 160.9831
v -154.2525 19.5283 164.0074
v -150.2674 21.9173 161.0306
v -141.5130 22.4717 161.0162
v -132.8170 22.1473 160.8732
v -128.3285 23.7657 163.1487
v -113.8619 24.4299 165.0590
v -112.9541 24.4299 165.0590
v -100.9328 20.8161 161.5369
v -96.5952 18.0077 158.9215
v 13.9446 18.2414 164.3304
v 18.4309 21.0693 161.4576
v 26.7714 22.6893 161.3348
v 34.5144 20.3183 161.4598
v 41.2629 22.3939 161.4598
v 68.1343 20.8748 162.0537
v 71.8173 18.1055 159.7830
v 190.2715 17.4038 165.0816
v 194.5144 17.5368 164.8515
v 199.3767 17.3310 165.0270
v 221.4200 17.8449 157.9986
v 223.1482 17.8449 157.9986
v -148.0562 26.0159 163.3871
v -144.1980 26.0159 163.3871
v -129.7047 25.1267 157.8154
v -125.5913 26.0741 160.8732
v -116.9114 26.6823 162.0193
v -109.9667 26.1648 162.0193
v -104.7856 25.6152 161.4598
v 21.0520 25.8672 163.9182
v 24.2760 25.8672 163.9182
v 45.2629 26.1224 161.4598
v 50.5144 27.3076 161.4598
v 58.5144 27.3414 161.4598
v 63.8782 26.1561 161.4598
v 54.1030 144.7316 157.8643
v 55.5339 144.7316 157.8643
v 5.3883 151.3289 161.4598
v 10.5144 148.5887 161.4598
v 18.5144 148.6914 161.4598
v 26.5144 150.6246 161.4598
v 31.2241 152.2217 161.4598
v 52.8529 149.0287 159.3104
v 58.3261 149.3777 159.1374
v 62.7660 152.2770 157.7883
v -146.7741 160.3531 161.4598
v -140.9084 159.9509 162.2118
v -136.1975 160.1332 160.0464
v 2.9709 157.0287 161.4598
v 35.4489 157.7572 160.9554
v 42.5144 160.8228 157.8696
v 50.2320 157.7355 160.2998
v 58.8161 156.8613 160.4647
v 62.7660 154.0829 157.7883
v 190.0233 160.3705 158.7662
v 194.3976 159.7524 161.4436
v 202.6886 159.6188 161.6757
v 207.2248 160.1478 159.1529
v -148.4495 165.0287 161.4598
v -137.8568 161.1044 165.3798
v -133.5128 162.0749 162.2118
v -127.0273 166.2797 161.4598
v -1.5255 168.7817 165.3630
v 1.2003 165.6805 162.2018
v 37.3868 165.0287 162.8835
v 42.3966 165.3473 161.8310
v 50.5144 162.4693 163.4626
v 58.8161 161.5301 162.2298
v 66.1803 166.1851 160.7729
v 70.6130 168.8437 157.6482
v 190.0542 165.3916 161.0427
v 191.3476 165.3916 161.0427
v 205.4714 161.9767 164.4863
v 210.1406 164.1155 161.6757
v 215.3366 168.1763 161.4598
v -147.5887 173.0287 161.4598
v -123.0273 170.5209 161.4598
v -118.9557 174.5209 161.4598
v -1.5255 169.0909 165.3630
v 3.6611 171.8164 162.7118
v 10.5144 174.6625 159.9133
v 15.2950 176.3606 158.1305
v 30.2012 176.7718 165.1805
v 34.3977 173.5686 164.6896
v 39.6514 170.3655 164.1988
v 69.0643 173.0287 163.5746
v 71.4511 173.0287 159.5746
v 190.1383 173.0287 163.7454
v 192.2522 173.0287 159.7454
v 219.3366 172.3708 161.4598
v 223.5516 176.3708 161.4598
v -146.2753 180.5749 161.7536
v -141.4856 181.9694 160.7122
v -133.4856 182.5085 160.8676
v -125.3773 183.9641 162.1070
v -117.1323 180.7818 161.4653
v -112.8776 182.6266 158.2065
v 6.4413 177.0985 165.3939
v 11.0274 180.2706 163.6479
v 16.0331 181.0287 159.2444
v 30.2012 177.3291 165.1805
v 31.0624 177.3291 165.1805
v 69.7582 181.0287 164.7918
v 72.3305 181.0287 160.7918
v 190.4421 177.8646 165.3145
v 194.3421 180.5752 162.2494
v 202.5144 182.5953 160.4709
v 210.5202 183.6490 162.0340
v 217.9256 183.1229 161.3976
v 224.0752 180.4017 161.3976
v -146.2314 186.0438 164.6161
v -141.4856 185.8399 164.7122
v -133.4856 185.2690 164.8676
v -124.8808 187.4233 161.4987
v -118.1584 188.7328 159.1442
v -112.8776 185.8688 158.2065
v 14.0361 186.2890 164.5020
v 17.3665 188.9849 161.6851
v 28.8793 192.0198 161.4598
v 34.5144 189.9759 161.4598
v 40.7941 190.9848 161.4598
v 68.6552 189.1987 161.7467
v 71.7855 186.6452 159.2713
v 196.3806 185.7750 164.5177
v 202.5144 185.7007 164.4709
v 207.8575 185.1784 165.0834
v 220.1997 187.2821 158.6895
v 223.7327 187.2821 158.6895
v -121.6243 193.1302 157.5896
v -121.2736 193.1302 157.5896
v 21.1462 194.0016 161.4598
v 24.8793 194.0016 161.4598
v 44.7941 195.2320 161.4598
v 50.5144 197.0318 161.4598
v 58.5144 197.0022 161.4598
v 64.9142 195.2025 161.4598
v 5.8027 -191.9357 169.4598
v 10.5144 -193.2862 169.4598
v 18.5144 -194.2303 169.4598
v 26.8047 -192.6848 169.4901
v 30.8688 -191.2826 172.1769
v -1.5707 -183.0852 172.9514
v 1.8121 -186.2396 169.9548
v 29.6649 -190.2227 166.8435
v 31.8398 -187.3221 169.4901
v 54.2948 -183.1980 165.5692
v 54.8037 -183.1980 165.5692
v -146.7371 -176.3991 169.4598
v -141.4856 -177.7820 169.4598
v -133.4856 -177.5674 169.4598
v -127.3357 -176.1845 169.4598
v -2.0115 -178.9837 169.9548
v -0.3738 -181.6586 167.6181
v 33.8693 -178.9713 169.4598
v 53.8783 -178.9713 165.5619
v 57.8880 -178.6319 165.7932
v 63.0201 -175.7391 165.8793
v 190.3244 -175.2812 172.4575
v 194.4337 -176.7478 169.6584
v 202.5144 -178.2681 169.4598
v 210.0986 -176.2800 169.4598
v -161.6254 -167.1120 173.3206
v -159.5544 -167.1120 173.3206
v -149.2527 -170.9713 169.4598
v -123.5448 -170.7276 169.5099
v -120.6515 -167.8985 166.8767
v -2.0792 -173.7917 169.4598
v 1.5865 -169.7917 169.4598
v 22.3087 -167.7656 165.7076
v 22.8695 -167.7656 165.7076
v 36.4784 -172.3751 169.4598
v 42.3969 -169.5694 169.4568
v 51.4035 -170.9212 168.8040
v 58.5144 -171.2643 169.7945
v 63.6777 -170.3409 168.9115
v 182.1776 -167.1472 173.2750
v 187.6397 -170.2701 170.1996
v 191.7133 -173.3931 167.1241
v 214.0986 -174.6090 169.4598
v 218.3278 -169.9863 168.8111
v 222.6325 -167.1461 165.7120
v -161.6254 -166.7351 173.3206
v -159.5544 -166.7351 173.3206
v -147.5784 -162.4934 169.1158
v -144.8474 -159.5082 171.5531
v -123.9592 -162.9713 171.5249
v -120.1502 -162.9713 167.5249
v 5.5865 -165.5713 169.4598
v 8.9928 -161.5713 169.4598
v 22.3087 -166.7987 165.7076
v 22.8695 -166.7987 165.7076
v 37.2272 -160.1687 172.4560
v 42.3721 -162.7824 172.2887
v 48.9211 -165.3961 172.1214
v 66.8953 -162.2073 168.6794
v 70.5372 -159.0312 165.4926
v 182.1776 -166.5136 173.2750
v 187.1787 -165.8718 170.1489
v 192.9677 -161.9402 169.4598
v 213.3068 -160.3567 171.2850
v 218.3278 -163.0025 169.1255
v 222.6223 -162.9713 165.6730
v -146.1922 -154.9713 166.4876
v -142.1105 -155.3637 168.8117
v -133.4856 -156.7210 169.4598
v -126.0854 -157.7929 169.4617
v -120.5392 -158.1259 166.7963
v 13.1515 -155.5151 169.1090
v 16.0682 -153.2110 171.5418
v 28.7201 -152.6625 171.3770
v 34.5421 -155.1860 170.5234
v 40.4472 -154.9713 171.3514
v 67.7154 -154.9713 169.6379
v 70.5969 -154.9713 165.6379
v 190.3589 -151.5159 165.6670
v 194.8130 -154.5719 167.8343
v 202.5144 -155.3918 169.4598
v 210.5898 -157.5503 168.9549
v 218.5144 -158.6472 165.8528
v 222.5401 -158.9445 165.4919
v -146.2939 -150.5119 166.0703
v -144.7069 -150.5119 166.0703
v 14.2717 -150.5479 166.2084
v 18.9658 -146.9614 169.6200
v 26.9157 -145.7616 170.3583
v 33.0827 -147.3052 168.8811
v 41.7931 -147.4585 169.1754
v 53.1014 -143.4854 171.3347
v 58.5144 -144.3452 170.4786
v 65.9536 -147.5508 168.6373
v 70.6016 -150.8125 165.6645
v 190.3589 -150.7987 165.6670
v 191.9400 -150.7987 165.6670
v 21.8633 -142.6218 167.6982
v 26.0135 -142.4336 169.8490
v 31.1739 -142.2454 171.9997
v 45.6132 -142.1769 169.4598
v 50.4666 -142.2912 168.9847
v 58.5144 -142.6849 166.4786
v 62.9932 -142.6637 166.2767
v -161.9445 -23.4986 169.4598
v -157.4856 -24.0907 169.4598
v -149.4856 -24.6259 169.4598
v -143.7522 -24.0337 169.4598
v 6.4629 -23.0193 171.9691
v 9.7923 -23.4736 169.3654
v 18.5144 -24.5643 169.4598
v 24.7899 -23.9724 169.4598
v -169.5347 -15.0497 169.4598
v -165.9445 -19.0497 169.4598
v -139.7522 -20.3175 169.4598
v -136.7498 -16.3175 169.4598
v -113.7689 -15.1590 165.5721
v -113.3199 -15.1590 165.5721
v 4.8509 -19.6638 169.3654
v 6.6443 -22.7922 166.6358
v 28.7899 -21.5853 169.4598
v 31.9320 -17.5853 169.4598
v 54.3015 -15.1625 165.5763
v 54.7637 -15.1625 165.5763
v -170.3846 -10.9713 169.4598
v -135.5231 -10.9713 169.4598
v -114.6567 -10.9713 166.1153
v -112.0124 -10.9713 166.1153
v -1.9815 -8.2277 171.2131
v 0.2516 -10.9251 168.9118
v 34.1506 -10.9713 169.4598
v 54.0978 -10.9713 165.6425
v 57.8640 -10.4429 165.7877
v 62.8849 -7.4240 165.7626
v 190.1633 -7.3748 171.9110
v 194.2578 -7.7499 169.4701
v 202.7053 -8.0362 169.6015
v 207.9589 -7.4371 169.4598
v -170.1665 -2.7468 168.6652
v -168.2977 0.0695 170.8021
v -132.2589 -3.8686 169.4598
v -125.9863 -0.4153 169.2283
v -117.4526 -2.8974 167.1374
v -109.2065 -2.5931 166.8562
v -105.2181 0.3256 165.9386
v -1.9815 -5.8887 171.2131
v 0.1087 -3.1217 168.9118
v 36.9731 -2.5344 168.9289
v 41.5966 0.1218 168.8755
v 51.1089 -2.8964 167.1248
v 58.5144 -2.9713 168.2015
v 63.5445 -2.9713 166.9075
v 190.1288 -2.9264 169.5863
v 193.2228 -3.9380 170.5117
v 200.1659 -5.9612 172.3626
v 211.9589 -4.9863 169.4598
v 216.3432 -0.9863 169.4598
v -169.4872 1.0314 165.4688
v -165.0158 4.8172 168.9263
v -161.1637 8.6029 172.3839
v -129.9536 8.6036 173.2545
v -126.3716 5.8825 172.4976
v -117.4856 3.7752 170.9856
v -108.9047 5.1463 171.0852
v -103.7577 5.0287 167.6764
v 4.2950 4.2854 169.4598
v 7.4795 8.2854 169.4598
v 37.8166 4.2629 169.0872
v 41.2172 3.9212 170.0057
v 50.5144 4.4350 171.4456
v 58.5144 3.6440 171.8790
v 65.9392 5.4174 169.0364
v 70.6754 8.6518 165.6523
v 190.0942 2.5329 167.2616
v 192.1610 5.1312 169.7409
v 213.5313 7.6996 172.2219
v 218.4002 5.4991 168.9144
v 222.6075 8.6319 165.6069
v -161.7339 9.2949 167.0505
v -158.6695 12.3884 169.6142
v -138.9391 14.9531 171.9998
v -132.9664 12.5834 172.3482
v -129.0396 13.0287 173.1653
v -106.0398 13.0287 173.0656
v -102.9674 13.0287 169.0656
v 11.7446 13.1451 169.7037
v 15.6908 15.8893 172.5330
v 28.8017 15.6501 172.0637
v 34.5932 13.0015 171.1433
v 40.9928 13.0287 171.6113
v 67.7271 13.1207 168.7753
v 70.6754 10.5153 165.6523
v 190.2715 15.8319 165.7942
v 194.2340 13.0269 168.7678
v 202.2318 14.8336 169.2288
v 210.7245 11.7935 169.5171
v 218.5144 10.2287 166.6417
v 222.6075 9.1691 165.6069
v -154.2068 19.6548 169.4598
v -152.8214 23.6548 169.4598
v -139.6488 20.9282 169.3838
v -133.4856 18.9558 168.2243
v -127.7545 21.0709 170.1473
v -114.5582 23.8588 169.4598
v -109.1625 21.4243 171.0303
v -103.9853 20.9184 170.0585
v 13.9446 18.2414 167.1996
v 17.0425 20.9564 169.7037
v 29.2055 21.4940 169.6327
v 32.9752 21.2717 169.6346
v 42.7220 21.3842 170.0388
v 50.5144 24.5866 172.6194
v 58.5144 24.6535 172.7359
v 64.9710 21.7269 170.2104
v 190.2715 17.4038 165.7942
v 194.5144 17.5368 166.4218
v 199.3767 17.3310 166.4081
v -148.8214 26.4447 169.4598
v -143.0995 26.4447 169.4598
v -123.4708 26.9334 169.4598
v -118.5582 26.9334 169.4598
v -107.6397 25.6134 169.4598
v -104.6011 25.6134 169.4598
v 20.7923 26.1071 169.4598
v 26.7714 26.3549 169.7049
v 30.9230 25.8012 172.5350
v 45.5689 26.1965 167.8889
v 50.5144 26.2586 168.6194
v 58.5144 26.0541 168.7359
v 63.7677 25.9238 168.0440
v 20.7439 144.2172 171.4933
v 23.9473 144.2172 171.4933
v 4.6238 150.3447 169.4598
v 10.5144 147.1037 169.4598
v 18.2521 146.1933 169.0799
v 26.5741 148.0041 169.0799
v 31.2799 152.0514 169.4598
v -145.7079 160.8607 166.3783
v -143.1902 160.8607 166.3783
v -2.2125 159.7673 171.6697
v 0.6829 157.0718 169.1858
v 33.3985 157.0287 169.4598
v 196.9864 160.3068 166.5280
v 200.1381 160.3068 166.5280
v -146.8481 164.9245 169.2109
v -140.9084 161.7861 169.2109
v -133.4856 162.0950 169.4598
v -125.2191 166.5171 169.8622
v -121.3274 168.8570 172.7971
v -1.8690 165.7920 168.6852
v -0.6591 165.7920 168.6852
v 35.5132 165.0287 169.4598
v 44.9848 168.2262 166.2369
v 50.5144 166.4693 166.8051
v 58.5144 165.0737 166.7756
v 63.2909 166.3655 166.1975
v 190.0852 167.6568 166.7862
v 194.2536 165.0520 169.3238
v 202.6886 162.5823 169.3007
v 210.5144 164.8277 169.4598
v 215.8907 167.9497 169.4598
v -149.1933 173.0287 169.4598
v -122.5792 172.6561 170.0652
v -120.9401 172.6561 170.0652
v -1.5255 169.0909 165.7006
v 2.9035 172.8097 168.5032
v 7.1299 176.5284 171.3059
v 30.2012 176.7718 165.8962
v 34.7350 174.4337 168.1292
v 42.3966 173.0308 167.8782
v 50.5144 173.0287 169.7811
v 58.1414 173.3155 170.9503
v 64.8606 173.3155 169.1024
v 182.2569 176.7336 173.2956
v 187.5970 173.7171 170.0409
v 191.5207 170.7007 172.1195
v 214.0004 176.1727 173.0011
v 218.0985 173.8191 169.3340
v 222.6165 176.7988 165.6671
v -147.6701 180.8406 169.3360
v -143.4046 183.3818 171.9202
v -131.6049 183.0193 171.4257
v -125.4461 180.9781 169.3795
v -120.5529 178.9370 167.3334
v 6.4413 177.0985 165.9725
v 10.5830 180.6142 169.0941
v 15.3764 184.1300 172.2156
v 29.7810 180.4597 169.1023
v 33.2949 179.6020 169.2082
v 42.4891 180.8224 171.4292
v 50.5144 178.2995 172.4357
v 55.2261 177.7336 172.8563
v 66.4856 181.0287 169.4598
v 182.2569 177.1971 173.2956
v 187.2710 177.8516 170.1613
v 192.7643 181.9310 169.4598
v 212.0412 181.5673 169.9846
v 218.5144 178.9182 167.2712
v 222.6165 177.3170 165.6671
v -146.2314 186.0438 166.5868
v -141.0370 185.8084 169.3360
v -133.9572 185.3517 169.0393
v -128.1086 185.2826 166.0923
v 14.0361 186.2890 166.8822
v 16.6435 188.9849 169.5133
v 28.6442 189.1570 169.5689
v 34.5144 187.0644 167.6178
v 41.3003 188.9290 169.4771
v 66.6911 189.0287 169.4598
v 196.7643 185.6977 169.4598
v 202.5144 185.9878 169.4598
v 207.8084 185.3188 169.4598
v 20.5292 194.5758 169.4598
v 27.2891 197.0159 171.0513
v 30.6346 200.2695 173.1732
v 45.0283 195.6980 169.4598
v 50.5144 196.7303 169.4598
v 58.5144 195.4054 169.4598
v 65.0704 194.3731 169.4598
v 30.2855 201.1243 173.1732
v 30.6346 201.1243 173.1732
v 14.1913 -199.2352 180.9968
v 15.0559 -199.2352 180.9968
v 6.0039 -191.4939 174.2426
v 11.1529 -194.2357 177.6197
v 18.0393 -196.1528 177.9820
v 26.5144 -193.2200 177.4598
v 30.8207 -191.2477 177.4598
v -1.5707 -183.0852 173.6104
v 3.3893 -185.9488 176.5931
v 8.1145 -188.8125 179.5759
v 30.5131 -182.9897 181.4579
v 31.1327 -186.1823 178.2587
v -153.8567 -175.1246 181.1842
v -149.2291 -175.6886 178.0944
v -141.5688 -175.9101 177.4492
v -133.6587 -175.9953 177.4492
v -127.7043 -175.8593 177.4598
v -1.9133 -178.9713 174.2159
v 3.0706 -179.3539 178.1073
v 7.8745 -176.9423 180.1975
v 30.5131 -182.9699 181.4579
v 32.0806 -179.7704 178.2587
v 189.5495 -175.4561 177.4598
v 194.5144 -175.7348 177.4598
v 201.8365 -175.6259 177.2652
v 208.7604 -175.6906 174.4688
v -161.6973 -167.4211 177.4598
v -156.7056 -169.9378 177.6147
v -152.0220 -170.9713 175.6922
v -138.9577 -174.0845 180.1087
v -136.4407 -174.0845 180.1087
v -125.3082 -170.9713 177.4598
v -1.9708 -174.0958 174.3173
v 3.0848 -171.2460 175.0630
v 8.6512 -170.9713 178.8206
v 35.7766 -170.8652 177.3539
v 39.6520 -168.1279 174.6166
v 54.2544 -167.0793 173.5316
v 58.5144 -167.2643 173.6884
v 62.7755 -167.2540 173.6929
v 181.5379 -168.4327 177.4598
v 185.5495 -172.4327 177.4598
v 204.0512 -173.0347 179.8022
v 211.0620 -173.5965 177.2652
v 215.6161 -170.7052 177.4598
v -161.6973 -166.6375 177.4598
v -157.1269 -166.4772 177.0111
v -150.1713 -165.2697 177.0111
v -141.9027 -161.6823 177.2253
v -133.4856 -161.9103 178.3444
v -127.3686 -163.5369 176.8021
v 6.1317 -166.2364 173.8699
v 10.0679 -163.3304 176.9059
v 35.5490 -162.8897 177.3539
v 42.3721 -162.7824 174.3515
v 51.1584 -162.8262 174.1719
v 58.5144 -162.9713 174.3918
v 63.1115 -162.9713 173.9715
v 181.5379 -165.9265 177.4598
v 186.5144 -165.0595 177.4598
v 194.8933 -162.9108 176.9766
v 202.5144 -162.3355 178.8111
v 210.5898 -162.4232 177.4240
v 215.6161 -165.7132 177.4598
v -139.5141 -157.9535 174.4022
v -133.4856 -158.1077 174.3444
v -129.1519 -158.8376 173.6969
v 13.8396 -158.3053 177.4598
v 17.6746 -154.3053 177.4598
v 27.2069 -153.2855 177.4598
v 31.7211 -157.2855 177.4598
v 44.4472 -154.9713 174.8153
v 50.5144 -154.9713 175.9420
v 58.5144 -154.9713 175.4766
v 63.7154 -154.9713 174.3499
v 197.8127 -158.3574 173.9878
v 202.5144 -157.6998 174.8111
v 207.9735 -157.8899 174.7335
v 21.6746 -149.2699 177.4598
v 25.3474 -146.9841 175.9456
v 31.1739 -143.9364 173.9266
v 45.2830 -146.9713 174.5269
v 50.4666 -146.4797 174.9218
v 58.5144 -148.3452 174.7733
v 63.5807 -149.6223 174.1974
v 28.2015 -142.2454 173.9266
v 31.1739 -142.2454 173.9266
v 46.2066 -142.7198 173.7019
v 47.7680 -142.7198 173.7019
v -161.5565 -23.0195 173.5603
v -157.4564 -24.3227 176.7201
v -149.4856 -25.5116 177.4598
v -143.7775 -23.8584 177.4598
v 6.4629 -23.0193 173.5317
v 10.6997 -24.1956 176.7030
v 18.5144 -25.5953 177.4598
v 25.1477 -24.1009 177.4598
v -169.5266 -15.0328 173.5552
v -164.7282 -18.2082 174.9248
v -160.2406 -18.9713 179.2195
v -139.3778 -18.8143 178.1288
v -137.0584 -16.0430 175.9081
v 5.3233 -18.9713 174.9946
v 8.4630 -18.9713 178.9946
v 29.1477 -21.7160 177.4598
v 31.5796 -17.7160 177.4598
v -170.1418 -10.9713 174.5928
v -165.0315 -11.1529 178.9136
v -161.2076 -13.9407 181.0388
v -137.5835 -14.3714 181.2414
v -136.9007 -11.4114 178.1288
v -1.9815 -8.2277 174.3393
v 2.3924 -10.9251 176.6154
v 7.5128 -10.9713 180.7448
v 32.8474 -10.9713 177.4598
v 190.1633 -7.3748 175.0375
v 191.8084 -7.3748 175.0375
v 205.4993 -7.2768 174.0028
v 207.2234 -7.2768 174.0028
v -170.3195 -5.2639 174.8751
v -165.1799 -3.1313 177.4672
v -160.4184 -0.9988 180.0593
v -133.4788 -2.4117 176.9598
v -128.9868 0.6280 173.9598
v -1.9815 -5.8887 174.3393
v 2.5036 -3.1217 176.1089
v 7.9985 -2.9713 180.1115
v 35.4964 -2.5344 177.1300
v 39.1213 0.4234 174.2435
v 181.6062 -0.0943 179.8633
v 188.0782 -2.8562 177.2496
v 193.2390 -2.9302 176.3745
v 202.7053 -4.3392 176.9856
v 210.1397 -4.4378 176.9856
v 215.8441 -1.0559 177.4598
v -162.9644 3.2696 174.7260
v -159.9500 5.5733 177.4195
v -138.7643 7.7564 179.7155
v -133.3211 5.5133 176.8376
v -126.3716 5.8825 173.8629
v -117.4856 7.7752 174.0016
v -111.1840 7.8913 173.8760
v 5.1631 3.1987 174.5901
v 9.1568 5.5307 177.3380
v 35.4890 4.7822 177.1300
v 42.4565 5.2611 173.9583
v 50.5144 8.4350 173.6687
v 58.5144 7.6440 173.8621
v 63.0277 7.5163 173.9309
v 181.6062 2.2958 179.8633
v 186.5144 2.8880 178.9086
v 194.1414 4.5524 176.9672
v 202.5144 6.5701 179.3903
v 210.7245 6.4564 177.7123
v 215.8441 2.6484 177.4598
v -155.9072 13.1211 176.9685
v -152.1191 15.8494 179.3076
v -139.8586 12.5834 177.2132
v -135.2869 9.6198 174.3821
v -125.0396 13.0287 174.3863
v -117.4856 13.0287 175.2648
v -110.0398 13.0287 174.3383
v 12.6146 10.7881 177.4598
v 16.7182 14.7881 177.4598
v 28.8017 15.6501 175.6606
v 31.6600 13.0015 177.9803
v 44.9928 13.0287 174.5848
v 50.5144 13.0287 175.3984
v 58.5144 13.0287 174.9595
v 63.3691 13.0287 174.1460
v 197.1300 10.2219 174.2797
v 202.5144 11.1328 175.3903
v 208.1980 10.6409 175.2140
v -153.6804 18.0306 173.9743
v -149.7410 20.5679 176.7534
v -142.7550 20.6747 177.1035
v -124.1896 21.0287 174.5902
v -117.3179 21.2521 174.8172
v -108.7077 21.1229 173.9061
v -105.0963 23.5116 173.5971
v 20.5772 20.6254 177.0081
v 27.4947 20.5349 177.0516
v 30.8344 20.7887 177.3600
v 45.2084 19.4365 174.7466
v 50.5144 20.5866 175.1895
v 58.5144 20.6535 174.5572
v 63.1407 19.5257 173.9036
v -147.3628 25.9294 174.1992
v -143.5917 25.9294 174.1992
v -122.6231 26.1039 174.0379
v -119.8728 26.1039 174.0379
v -106.2226 25.1748 173.5971
v -105.0963 25.1748 173.5971
v 21.6806 25.6280 174.0404
v 26.5144 26.0576 174.0949
v 30.9230 25.8012 173.7261
v 14.0409 144.3216 180.1328
v 18.7324 144.2694 178.0034
v 23.9473 144.2172 175.8740
v 5.4442 151.6732 175.0205
v 11.1329 148.7707 177.5767
v 18.7324 145.6401 178.0034
v 26.5741 147.0647 178.1083
v 31.6520 151.2862 177.4598
v -2.2125 159.7673 174.6006
v 2.9508 157.0848 177.4772
v 8.2250 154.4022 180.3539
v 32.3783 157.0287 177.4598
v -156.0766 168.3726 180.5963
v -149.1906 167.0140 177.7417
v -140.8487 165.8239 178.1181
v -134.1341 165.6891 178.1181
v -125.3233 167.1698 176.9868
v -121.3274 168.8570 174.0048
v -2.2125 162.8022 174.6006
v 2.5783 164.9283 177.2709
v 8.4041 167.0544 179.9412
v 33.2324 165.0287 177.4598
v 181.9317 168.4942 180.7791
v 186.5144 167.7021 179.7705
v 194.3182 167.4599 177.3168
v 202.5144 165.6745 177.4598
v 210.5144 165.4926 177.4598
v 215.8135 167.8115 177.4598
v -156.0766 170.8714 180.5963
v -149.8936 173.3504 177.6340
v -140.8487 173.1092 180.3589
v -134.1341 173.2148 180.2194
v -125.3327 172.9596 176.8887
v -121.3274 169.9136 174.0048
v 4.6991 171.1951 174.6078
v 9.0406 173.5285 177.3486
v 33.8136 173.0287 177.4598
v 60.5595 176.1734 173.9784
v 63.0249 176.1734 173.9784
v 182.0943 174.0743 178.1270
v 186.5144 174.2229 177.9700
v 193.2314 173.0329 177.5039
v 200.9916 174.6121 180.2032
v 212.2072 175.1396 177.4598
v 215.8135 171.1396 177.4598
v -148.1265 178.0484 174.6718
v -141.0370 180.8406 175.8698
v -133.9572 180.6231 175.7302
v -128.1169 177.6860 174.4392
v 12.2549 179.5025 177.4598
v 15.9373 183.5025 177.4598
v 29.3608 183.5903 175.3158
v 31.7835 180.9657 177.7734
v 45.1390 183.3516 174.7575
v 50.5144 182.2995 174.9202
v 58.1414 180.6517 174.3876
v 63.2418 181.0287 174.1324
v 182.2569 177.1971 175.4749
v 186.5144 177.4304 176.1695
v 195.1945 180.4490 175.3539
v 203.2007 180.2610 177.8082
v 208.0980 180.2610 176.8727
v -138.0713 185.2466 173.7418
v -136.9382 185.2466 173.7418
v 19.9118 188.7964 177.0863
v 26.8041 188.3730 177.4099
v 30.8860 185.4377 180.6491
v 44.8926 189.0287 174.7802
v 50.5144 189.0287 175.4356
v 58.5144 189.0287 174.8509
v 64.2174 189.0287 174.1955
v 198.3147 185.1744 173.6088
v 202.5144 185.3159 173.8377
v 206.8966 185.2659 173.8147
v 21.6128 193.8408 174.1706
v 27.2664 197.0552 173.8655
v 30.6346 200.2695 173.5603
v 45.7274 194.3115 173.9226
v 50.5144 194.5152 173.9752
v 58.5144 194.0166 174.0801
v 64.3256 193.6468 174.0626
v 30.2855 201.1243 173.5603
v 30.6346 201.1243 173.5603
v 14.1913 -199.2352 182.2958
v 15.0559 -199.2352 182.2958
v 13.3608 -194.7961 185.1614
v 18.0393 -196.0737 185.1614
v 27.0276 -192.2832 185.0136
v 30.5684 -191.0285 182.0494
v 6.1080 -183.4791 181.8303
v 10.0797 -186.4760 184.8821
v 30.2748 -186.5312 184.4226
v 30.6976 -186.5312 184.4226
v -154.2277 -175.6020 185.4598
v -149.5950 -175.6679 185.1640
v -144.2910 -175.2913 182.3002
v -131.1073 -175.4942 182.6266
v -128.7348 -175.4942 182.6266
v 6.1080 -182.2756 181.8303
v 9.2618 -179.3539 184.8821
v 30.5131 -182.9699 181.4625
v 31.5899 -179.7704 184.6614
v 188.4895 -175.8134 185.4598
v 194.1212 -175.6846 184.7323
v 198.7179 -175.0374 181.5806
v -161.6281 -167.4303 181.8498
v -157.6989 -170.4467 184.8938
v -147.0012 -173.1696 187.6335
v -142.0162 -170.9604 184.9487
v -133.6587 -171.2392 182.7916
v -127.8026 -170.9713 182.5215
v 10.9499 -170.9713 185.4598
v 30.3755 -167.1211 189.3478
v 32.2716 -170.2612 186.1926
v 181.5492 -168.7439 183.8763
v 184.2916 -171.2349 186.1097
v 195.9391 -170.9713 185.9491
v 201.8365 -170.6093 182.0337
v 210.5144 -169.4628 181.9747
v 214.9610 -169.5632 181.8423
v -161.6281 -166.7625 181.8498
v -157.1052 -166.3867 184.8938
v -149.4856 -165.9519 185.4598
v -142.0391 -166.0006 185.1423
v -133.4856 -165.9103 182.2495
v -127.9924 -166.5807 181.7086
v 12.1054 -162.9713 185.4598
v 30.1966 -162.9713 188.7324
v 31.7731 -162.9713 184.7324
v 181.5492 -166.0359 183.8763
v 185.9115 -165.8500 186.1097
v 194.4473 -166.2443 184.9788
v 202.5144 -166.3355 182.0865
v 210.5144 -166.2471 181.9747
v 214.9610 -166.5751 181.8423
v 13.4480 -157.6412 185.4598
v 17.6285 -153.6412 185.4598
v 28.4503 -155.0079 185.7450
v 30.7438 -157.6990 183.2685
v 21.6285 -149.1357 185.4598
v 24.1479 -149.1357 185.4598
v -154.9861 -24.7576 185.4598
v -149.4856 -25.5460 185.4598
v -143.8199 -23.7597 185.4598
v 13.6485 -24.5216 185.4598
v 18.5144 -25.5707 185.4598
v 25.1044 -24.0204 185.4598
v -157.6292 -18.9713 185.4598
v -140.5420 -18.9713 185.4598
v 11.9044 -18.9713 185.4598
v 29.1044 -21.0049 185.4598
v 30.9734 -17.0049 185.4598
v -162.0620 -8.6074 183.7079
v -160.3340 -11.1529 186.0087
v -138.2077 -13.0515 185.4598
v -137.2830 -9.0515 185.4598
v 10.0527 -10.9713 185.4598
v 31.9265 -10.9713 185.4598
v 189.9571 -7.2096 188.4128
v 190.7732 -7.2096 188.4128
v -162.0620 -6.3322 183.7079
v -159.9232 -3.3878 186.0087
v -138.1967 -0.7145 188.5027
v -136.8453 -3.2172 185.6856
v 10.4452 -2.9713 185.4598
v 32.5035 -2.9713 185.4598
v 181.6596 -0.2302 185.4598
v 186.9800 -4.1774 185.6316
v 194.0183 -2.9498 185.2602
v 202.5144 -0.4388 182.4299
v 210.5144 -0.9907 182.5753
v 215.2834 -0.6658 182.3015
v -157.7053 5.0287 185.4598
v -139.4307 5.0654 185.6856
v -136.6886 2.4231 183.1694
v 11.9623 5.0287 185.4598
v 30.3454 7.9841 188.8784
v 31.4711 5.2020 185.9110
v 181.6596 2.1621 185.4598
v 186.5144 3.7268 185.4598
v 194.5639 2.5817 185.0486
v 202.5144 2.5701 182.4299
v 210.5144 2.8102 182.5753
v 215.2834 1.8508 182.3015
v -155.5756 11.5088 185.4598
v -151.7681 15.5088 185.4598
v -141.1499 13.0287 185.4598
v 13.3140 10.5679 185.4598
v 16.8460 14.5679 185.4598
v 30.1152 13.0287 188.0914
v 30.8478 13.0287 184.0914
v -147.7681 18.7322 185.4598
v -143.2519 18.7322 185.4598
v 20.8460 19.0729 185.4598
v 27.0964 18.7710 185.5139
v 30.7458 17.2070 182.8832
v 13.9156 144.2403 185.4598
v 19.0382 144.0784 184.8799
v 23.8556 144.4960 187.1600
v 12.5209 149.0287 185.4598
v 22.0541 145.4122 181.8267
v 26.8555 148.5910 185.3151
v 31.2162 151.7700 183.4702
v 5.7908 159.7356 182.3006
v 9.5963 157.0528 185.1643
v 29.8554 153.7995 188.8036
v 31.3528 156.6912 185.8661
v -156.4102 167.1376 185.4598
v -149.4856 165.8987 185.4598
v -143.4853 167.7898 185.4598
v -131.8997 167.6011 182.7679
v -127.8818 167.6011 182.7679
v 5.7908 161.7211 182.3006
v 9.6509 164.6441 185.1643
v 31.9490 165.0287 185.4598
v 181.9704 168.4629 185.4598
v 186.5144 165.6415 185.4598
v 194.4255 166.6923 184.7521
v 202.5144 168.4436 182.0286
v 210.5144 167.7972 182.6295
v 215.1455 168.0348 182.4148
v -156.4102 171.6770 185.4598
v -149.4856 173.1295 185.4598
v -143.4853 170.4812 185.4598
v -131.8997 170.6722 182.7679
v -127.8818 170.6722 182.7679
v 12.0416 173.0287 185.4598
v 29.8660 176.1335 187.8671
v 31.3708 173.2916 185.3042
v 181.9704 170.9979 185.4598
v 186.5144 173.5360 185.4598
v 194.4255 171.2092 184.7521
v 203.2007 172.3788 181.9392
v 209.7770 172.8311 182.4200
v 215.1455 170.0327 182.4148
v 13.3680 179.7503 185.4598
v 15.5785 183.7503 185.4598
v 29.3194 181.0287 187.0258
v 30.9508 181.0287 183.0258
v 206.3250 177.0826 181.5005
v 206.6188 177.0826 181.5005
v 20.0060 188.7964 186.1583
v 26.1956 188.3730 185.8822
v 30.8860 185.4377 182.4738
v 22.2482 193.5870 189.2907
v 22.8219 193.5870 189.2907
v 14.1020 -191.7655 193.4598
v 18.5144 -193.3182 193.4598
v 25.3630 -192.5240 193.4598
v 13.3857 -186.9713 193.4598
v 29.3630 -189.2503 193.4598
v 31.0364 -185.2503 193.4598
v -154.1039 -175.6589 190.2859
v -152.3345 -175.6589 190.2859
v 11.8867 -178.9713 193.4598
v 29.5574 -176.2076 196.6413
v 31.3925 -178.9131 193.7687
v 188.9110 -175.7576 190.3071
v 191.1924 -175.7576 190.3071
v -154.4738 -170.9713 190.7039
v -149.5950 -170.6902 190.7859
v -145.0748 -167.8362 190.0112
v 11.6617 -170.9713 193.4598
v 29.9664 -170.3143 193.2380
v 31.0137 -170.3143 193.2380
v 187.5583 -170.9713 190.9089
v 191.9391 -170.9713 190.9089
v -154.1850 -166.5843 190.2925
v -149.4856 -166.4816 190.4979
v -145.0748 -166.7054 190.0112
v 13.1679 -162.8743 193.6035
v 15.5527 -160.1430 196.3659
v 30.1966 -162.9713 189.9597
v 31.6677 -162.9713 193.9597
v 188.1762 -166.4503 190.5446
v 191.7359 -166.4503 190.5446
v 13.5254 -157.6588 191.0326
v 17.4745 -154.9838 193.6035
v 29.8961 -154.9713 190.0607
v 34.4983 -154.6217 194.4846
v 38.9945 -151.7220 197.0332
v 21.4146 -146.3061 192.8528
v 26.9906 -146.3061 191.4368
v 33.7793 -147.4102 195.7878
v 38.9945 -150.3694 197.0332
v 22.1196 -141.6009 195.1148
v 26.2680 -138.9490 195.3755
v 31.8360 -138.9713 196.6131
v 28.7705 -133.2727 196.5338
v 32.1683 -133.2727 196.5338
v -154.2016 -23.6765 191.2950
v -149.6361 -24.0715 193.7609
v -143.8890 -23.8177 193.4598
v 14.3845 -23.1519 189.9220
v 18.7231 -23.8456 192.9371
v 24.9015 -23.9287 193.4598
v -154.8046 -18.9772 193.7609
v -152.4032 -21.6478 196.6283
v -139.9273 -18.3547 193.9099
v -137.3695 -15.2769 196.8766
v 13.9961 -18.4538 192.9371
v 16.1956 -20.7754 195.2553
v 28.9015 -20.8970 193.4598
v 31.0233 -16.8970 193.4598
v -157.5856 -10.9713 193.4598
v -138.2693 -10.9050 193.6640
v -137.3507 -10.9050 193.6640
v 12.2173 -10.9713 193.4598
v 31.6769 -10.9713 193.4598
v 189.9571 -7.2096 189.7331
v 190.7732 -7.2096 189.7331
v -158.0269 -2.9713 193.4598
v -139.1993 -3.2172 193.2548
v -137.3319 -6.0478 190.4514
v 11.8263 -2.9713 193.4598
v 30.1496 0.0443 195.9229
v 31.0983 -2.7619 193.3377
v 182.2829 0.4732 189.8027
v 186.9800 -2.5046 190.8045
v 191.7704 -2.9713 190.8835
v -156.1318 5.0287 193.4598
v -139.5291 5.1587 193.5445
v -136.8253 7.9120 196.2675
v 13.2344 5.2696 193.7980
v 15.2478 8.0969 196.6902
v 30.2475 4.6685 192.7733
v 31.0575 4.6685 192.7733
v 182.2829 1.2728 189.8027
v 186.5144 1.8675 190.9357
v 191.9302 1.9031 191.0848
v -154.5788 10.6137 193.4598
v -151.6035 14.6137 193.4598
v -139.2739 13.0287 191.2704
v -133.8894 13.7021 195.6098
v -129.2960 16.8177 197.2957
v 13.6361 10.2624 191.3569
v 17.1827 12.9689 193.7980
v 30.1152 13.0287 189.8271
v 34.3051 13.6210 194.3737
v 38.8823 16.6824 197.1598
v -147.7125 21.1456 193.2525
v -141.3651 21.1456 192.0663
v -134.2308 20.4417 196.1752
v -129.2960 17.3836 197.2957
v 21.2598 21.4674 193.1652
v 27.0964 21.4674 191.1742
v 34.1576 20.5498 195.2888
v 38.8823 17.5638 197.1598
v -146.5994 29.0287 195.2192
v -141.4856 29.0287 194.5293
v -136.5845 29.0287 196.7699
v 22.1037 29.0287 195.9028
v 26.5144 29.0287 194.4311
v 32.3930 29.0287 195.9881
v -146.0831 34.1606 196.1512
v -140.9104 36.9079 196.1869
v -136.4052 37.0287 196.8502
v 22.4381 33.1698 197.2083
v 27.0657 36.3134 196.5371
v 32.5116 37.0287 196.4951
v -137.8603 41.1578 197.3168
v -137.1552 41.1578 197.3168
v 30.1000 41.2854 197.1584
v 31.4114 41.2854 197.1584
v 14.1896 144.6847 190.0707
v 18.5144 144.3711 191.6255
v 23.8556 144.4960 191.7365
v 13.6889 149.6435 193.0264
v 18.5144 147.0923 195.6255
v 25.8154 148.4648 194.0258
v 12.2815 157.0287 193.4598
v 29.6347 154.1247 193.4598
v 31.2764 158.1247 193.4598
v -154.7941 167.1633 191.0218
v -149.4856 167.2867 191.1060
v -145.2134 168.5715 190.0928
v 11.9611 165.0287 193.4598
v 29.7390 167.8628 196.3538
v 31.4340 165.1292 193.5962
v 182.3717 168.8088 189.6585
v 186.5144 166.9681 190.8751
v 191.6996 166.5012 191.1482
v -154.7941 170.7171 191.0218
v -149.4856 170.6469 191.1060
v -145.2134 169.4979 190.0928
v 12.8372 173.0287 193.4598
v 29.8025 173.0074 193.2414
v 31.1219 173.0074 193.2414
v 182.3717 169.2679 189.6585
v 186.5144 170.1803 190.8751
v 191.6996 170.3250 191.1482
v 13.9457 178.9212 193.4598
v 16.0988 182.9212 193.4598
v 29.3194 181.0287 190.6837
v 34.1334 181.7000 195.1082
v 38.8008 184.8142 197.2421
v 19.7608 189.0287 193.4598
v 28.0363 189.0287 191.6324
v 34.6193 188.9283 195.8672
v 38.8008 186.1946 197.2421
v 22.1781 196.5637 193.8288
v 25.8989 196.5637 192.8763
v 32.5309 197.0287 196.2692
v 22.4046 201.2566 196.7415
v 26.8101 204.3655 196.1221
v 32.5723 205.0287 196.3263
v 29.6739 209.6649 196.8036
v 32.0778 209.6649 196.8036
v 14.4975 -190.9888 197.4760
v 18.5144 -191.5475 197.8617
v 24.1238 -191.7220 197.9795
v 14.1292 -186.9713 197.9586
v 18.5144 -186.9713 199.1166
v 26.6800 -186.9337 198.6225
v 30.8979 -184.2419 197.8537
v 13.4725 -178.9713 198.8004
v 18.5144 -178.9713 200.0930
v 26.7402 -178.9131 198.7301
v 30.8979 -181.5409 197.8537
v 13.3630 -170.9713 199.0612
v 18.5144 -170.9713 201.1263
v 26.7402 -170.8930 199.7771
v 30.7456 -168.1741 198.5687
v 13.8717 -165.4763 198.4565
v 18.3373 -162.8743 200.1769
v 26.5144 -162.9713 202.2901
v 31.6677 -162.9713 199.6413
v 21.0953 -154.9713 198.8582
v 26.5144 -154.9713 202.0020
v 34.4983 -154.6217 200.4823
v 38.9945 -151.7220 198.3056
v 22.0204 -146.9713 198.3915
v 26.5144 -146.9713 200.2521
v 33.7793 -147.4102 199.4557
v 38.9945 -150.3694 198.3056
v 22.1196 -141.6009 198.3152
v 26.2680 -138.9490 199.5444
v 33.6845 -137.4447 201.5439
v 39.1061 -135.4092 204.3703
v 28.7705 -133.2727 199.9901
v 34.1588 -132.8082 202.1802
v 41.5053 -129.8744 204.6225
v 46.7801 -127.4052 204.8746
v 43.2813 -122.9713 204.4290
v 47.3070 -122.9713 204.4290
v 44.8134 -117.4855 204.6706
v 47.3054 -117.4855 204.6706
v 37.8675 -96.5601 205.0237
v 39.1745 -96.5601 205.0237
v 37.8675 -94.4845 205.0237
v 39.1745 -94.4845 205.0237
v -147.0698 -23.3150 197.7599
v -144.8304 -23.3150 197.7599
v 21.5289 -23.2798 197.7397
v 23.4597 -23.2798 197.7397
v -153.8325 -16.3144 197.8071
v -149.6361 -18.9772 198.4284
v -141.8925 -18.3547 198.2946
v -137.3695 -15.2769 197.5840
v 14.3954 -15.4421 197.6070
v 18.7231 -18.4538 198.2959
v 26.2816 -18.9395 198.5046
v 31.0433 -16.2517 197.9548
v -154.8166 -10.9713 198.7068
v -149.4856 -10.9713 200.0992
v -141.1070 -11.2676 198.6483
v -137.3695 -14.1318 197.5840
v 13.6774 -10.9713 198.5237
v 18.5144 -10.9713 199.8877
v 26.5144 -10.9713 199.3519
v 31.0681 -10.9713 197.9879
v -155.1794 -2.9713 199.2023
v -149.4856 -2.9713 201.0740
v -143.0944 -2.9713 199.3315
v 13.3797 -2.9713 198.9913
v 18.5144 -2.9713 200.7144
v 27.0955 -2.7619 198.9637
v 30.7237 -5.2890 197.6689
v -154.2341 5.0287 198.6145
v -148.7727 5.7504 202.5471
v -142.1652 5.7384 201.5257
v -136.8253 7.9120 198.6523
v 13.9985 2.7635 198.2306
v 18.1544 5.2696 199.8005
v 27.0955 4.4232 200.5967
v 31.4990 6.6862 199.5575
v -153.6530 9.3226 197.9914
v -148.7652 11.8851 200.9807
v -142.2354 12.2801 203.2891
v -133.8894 13.7021 199.7502
v -129.2960 16.8177 198.0718
v 20.8396 13.0287 198.9778
v 26.5144 13.0287 202.1784
v 34.3051 13.6210 200.3563
v 38.8823 16.6824 198.0198
v -146.9618 21.0287 199.2739
v -141.4856 21.0287 200.8325
v -134.2308 20.4417 199.0739
v -129.2960 17.3836 198.0718
v 21.9361 21.0287 198.4217
v 26.5144 21.0287 200.4410
v 34.1576 20.5498 199.4113
v 38.8823 17.5638 198.0198
v -146.5994 29.0287 199.0193
v -140.7863 29.7269 201.9465
v -136.5472 29.7269 200.6989
v 22.1037 29.0287 198.2733
v 26.5144 29.0287 200.1424
v 32.3930 29.0287 199.3289
v -146.0831 34.1606 198.2972
v -140.4236 36.4360 200.7924
v -134.3448 37.6137 202.2281
v -127.1056 39.5726 204.3474
v 22.4381 33.1698 197.6006
v 27.0657 36.3134 199.1076
v 34.7016 37.9698 201.4920
v 42.5144 39.5434 204.2756
v 46.6885 40.8523 205.0779
v -137.8603 41.1578 197.9543
v -133.4250 43.3698 201.7190
v -127.0889 45.0287 204.5425
v 30.1000 41.2854 198.0958
v 34.5164 41.7766 201.1793
v 42.9165 44.9722 204.3459
v 46.8314 45.0287 204.9653
v -129.5803 50.7370 205.3492
v -128.6700 50.7370 205.3492
v 45.8512 50.0482 205.1823
v 46.7629 50.0482 205.1823
v -129.7183 72.3757 205.3785
v -129.3639 72.3757 205.3785
v 38.0415 71.8175 205.1386
v 39.0876 71.8175 205.1386
v -129.7183 73.1662 205.3785
v -129.3639 73.1662 205.3785
v 38.0415 73.5648 205.1386
v 39.0876 73.5648 205.1386
v 14.3670 152.7201 197.6133
v 18.5144 151.0923 198.0235
v 24.6672 150.7555 198.0579
v 13.7121 157.0287 198.4795
v 18.5144 157.0287 199.6827
v 27.0061 156.6431 198.6734
v 30.9231 159.0526 197.8782
v 13.4578 165.0287 198.8620
v 18.5144 165.0287 200.4987
v 26.8492 165.1292 199.0203
v 30.9231 162.5295 197.8782
v 14.0061 173.0287 198.3322
v 18.5144 173.0287 200.8062
v 26.8492 172.7402 200.9012
v 31.2127 175.2145 199.8969
v 14.3232 177.4537 197.9596
v 18.7517 180.4837 199.5029
v 26.5144 181.0287 202.8232
v 34.1334 181.7000 200.2507
v 38.8008 184.8142 197.8655
v 21.6726 189.0287 198.3065
v 26.5144 189.0287 200.2403
v 34.6193 188.9283 199.2502
v 38.8008 186.1946 197.8655
v 22.2937 197.0287 197.8813
v 26.5144 197.0287 199.3226
v 32.5309 197.0287 198.9011
v 22.4046 201.2566 197.6759
v 26.8101 204.3655 199.1698
v 34.4095 206.1552 201.2747
v 40.8421 207.6572 203.7274
v 29.6739 209.6649 198.9417
v 34.4685 210.2116 201.3345
v 40.8421 210.7583 203.7274
v 45.1411 222.6189 204.9785
v 46.9899 222.6189 204.9785
v 45.1411 226.8637 204.9785
v 46.9899 226.8637 204.9785
v 38.1561 238.4469 205.1910
v 39.0178 238.4469 205.1910
v 38.1561 241.8594 205.1910
v 39.0178 241.8594 205.1910
v 36.1492 -135.4092 205.8786
v 39.1061 -135.4092 205.8786
v 36.1492 -132.3436 205.8786
v 41.5053 -129.8744 205.8114
v 46.7801 -127.4052 205.7442
v 43.2813 -122.9713 206.3438
v 47.3070 -122.9713 206.3438
v 44.8134 -117.4855 206.3541
v 47.3054 -117.4855 206.3541
v 37.2882 -97.7219 209.4598
v 40.0203 -97.7219 209.4598
v 37.2882 -94.1929 209.4598
v 40.0203 -94.1929 209.4598
v -145.6308 8.8981 205.4823
v -145.4019 8.8981 205.4823
v -145.6308 9.1144 205.4823
v -145.4019 9.1144 205.4823
v -137.6535 32.8591 205.5499
v -137.1231 32.8591 205.5499
v -137.6535 33.3780 205.5499
v -134.0182 36.4753 205.8849
v -127.1056 39.5726 206.2200
v 37.6215 39.2246 206.0007
v 42.5144 39.5434 205.9785
v 46.6885 40.8523 205.6106
v -130.6273 45.0287 206.1779
v -127.0889 45.0287 206.1779
v 37.6215 42.2678 206.0007
v 42.9165 44.9722 206.0692
v 46.8314 45.0287 205.8159
v -129.5803 50.7370 205.6570
v -128.6700 50.7370 205.6570
v 45.8512 50.0482 205.7838
v 46.7629 50.0482 205.7838
v -129.6340 64.4066 212.6698
v -128.8510 64.4066 212.6698
v -130.3858 69.4369 209.7858
v -128.7905 69.4369 209.7858
v 38.0257 71.3261 209.4598
v 40.5842 71.3261 209.4598
v -130.4995 73.3085 209.4598
v -129.0926 73.3085 209.4598
v 38.0257 73.5481 209.4598
v 40.5842 73.5481 209.4598
v 36.8591 207.6572 206.3387
v 40.8421 207.6572 206.3387
v 36.8591 210.7583 206.3387
v 40.8421 210.7583 206.3387
v 45.1411 222.6189 206.1124
v 46.9899 222.6189 206.1124
v 45.3130 229.8663 209.3824
v 46.7902 229.8663 209.3824
v 38.1561 238.4469 207.0006
v 42.8141 237.6365 210.3374
v 46.5775 237.0287 212.8400
v 38.1561 241.8594 207.0006
v 42.7121 241.4508 210.2207
v 46.5224 241.0422 213.4408
v 37.5264 -97.0500 213.9666
v 39.8622 -97.0500 213.9666
v 37.5264 -94.4202 213.9666
v 39.8622 -94.4202 213.9666
v -129.6340 64.4066 213.5545
v -128.8510 64.4066 213.5545
v -130.4363 69.0287 213.6479
v -128.7080 69.0287 213.6479
v 38.3357 71.9698 213.5414
v 40.7008 71.9698 213.5414
v -130.6048 73.2644 213.6159
v -129.0833 73.2644 213.6159
v 38.3357 73.1852 213.5414
v 40.7008 73.1852 213.5414
v 45.4848 232.8689 213.5094
v 46.5905 232.8689 213.5094
v 45.6612 237.0287 213.5048
v 46.5775 237.0287 213.5048
v 46.4064 241.0422 213.4702
v 46.5224 241.0422 213.4702
f 4 2 1
f 4 5 2
f 5 3 2
f 5 6 3
f 13 8 7
f 13 14 8
f 14 9 8
f 14 15 9
f 16 11 10
f 16 17 11
f 17 12 11
f 17 18 12
f 19 15 14
f 19 20 15
f 21 18 17
f 21 22 18
f 26 24 23
f 26 27 24
f 27 25 24
f 27 28 25
f 29 28 27
f 29 30 28
f 39 31 38
f 39 32 31
f 39 33 32
f 39 40 33
f 42 34 41
f 42 35 34
f 42 36 35
f 42 43 36
f 43 37 36
f 43 44 37
f 45 1 2
f 45 44 1
f 45 37 44
f 45 38 37
f 3 45 2
f 3 46 45
f 45 39 38
f 45 46 39
f 47 39 46
f 47 40 39
f 48 42 41
f 48 49 42
f 49 43 42
f 49 50 43
f 44 4 1
f 44 51 4
f 51 43 50
f 51 44 43
f 52 5 4
f 52 4 51
f 53 46 3
f 53 3 6
f 6 5 52
f 6 52 53
f 55 48 54
f 55 49 48
f 56 49 55
f 56 50 49
f 57 50 56
f 57 51 50
f 57 52 51
f 57 58 52
f 58 53 52
f 58 59 53
f 61 55 54
f 61 62 55
f 63 55 62
f 63 56 55
f 64 60 59
f 64 65 60
f 76 66 75
f 76 67 66
f 76 68 67
f 76 77 68
f 82 69 81
f 82 70 69
f 83 70 82
f 83 71 70
f 85 73 72
f 85 86 73
f 88 7 8
f 88 87 7
f 88 74 87
f 88 75 74
f 9 88 8
f 9 89 88
f 89 75 88
f 89 76 75
f 90 76 89
f 90 77 76
f 93 78 92
f 93 79 78
f 93 80 79
f 93 94 80
f 95 10 11
f 95 94 10
f 95 80 94
f 95 81 80
f 12 95 11
f 12 96 95
f 95 82 81
f 95 96 82
f 97 82 96
f 97 83 82
f 99 84 98
f 99 85 84
f 99 86 85
f 99 100 86
f 101 7 87
f 101 13 7
f 100 87 86
f 100 101 87
f 102 14 13
f 102 13 101
f 103 89 9
f 103 9 15
f 105 91 104
f 105 92 91
f 105 93 92
f 105 106 93
f 107 10 94
f 107 16 10
f 106 94 93
f 106 107 94
f 108 17 16
f 108 16 107
f 109 96 12
f 109 12 18
f 110 99 98
f 110 111 99
f 111 100 99
f 111 112 100
f 112 101 100
f 112 113 101
f 102 19 14
f 102 114 19
f 113 102 101
f 113 114 102
f 103 15 20
f 103 20 115
f 20 19 114
f 20 114 115
f 118 104 117
f 118 105 104
f 118 106 105
f 118 119 106
f 120 106 119
f 120 107 106
f 108 21 17
f 108 121 21
f 120 108 107
f 120 121 108
f 109 18 22
f 109 22 122
f 22 21 121
f 22 121 122
f 124 111 110
f 124 125 111
f 126 111 125
f 126 112 111
f 128 113 127
f 128 114 113
f 129 116 115
f 129 130 116
f 131 118 117
f 131 132 118
f 133 118 132
f 133 119 118
f 134 122 121
f 134 135 122
f 135 123 122
f 135 136 123
f 144 137 143
f 144 138 137
f 145 138 144
f 145 139 138
f 148 140 147
f 148 141 140
f 150 23 24
f 150 149 23
f 150 142 149
f 150 143 142
f 25 150 24
f 25 151 150
f 151 143 150
f 151 144 143
f 152 144 151
f 152 145 144
f 154 146 153
f 154 147 146
f 155 147 154
f 155 148 147
f 156 23 149
f 156 26 23
f 155 149 148
f 155 156 149
f 157 27 26
f 157 26 156
f 158 151 25
f 158 25 28
f 159 154 153
f 159 160 154
f 161 154 160
f 161 155 154
f 162 155 161
f 162 156 155
f 157 29 27
f 157 163 29
f 162 157 156
f 162 163 157
f 158 28 30
f 158 30 164
f 30 29 163
f 30 163 164
f 166 160 159
f 166 167 160
f 168 160 167
f 168 161 160
f 169 161 168
f 169 162 161
f 170 164 163
f 170 171 164
f 171 165 164
f 171 172 165
f 182 31 32
f 182 181 31
f 182 173 181
f 182 174 173
f 33 182 32
f 33 183 182
f 182 175 174
f 182 183 175
f 191 176 190
f 191 177 176
f 192 34 35
f 192 191 34
f 192 177 191
f 192 178 177
f 36 192 35
f 36 193 192
f 193 178 192
f 193 179 178
f 37 193 36
f 37 194 193
f 193 180 179
f 193 194 180
f 195 31 181
f 195 38 31
f 195 37 38
f 195 194 37
f 197 183 33
f 197 33 40
f 196 182 183
f 196 183 197
f 198 185 184
f 198 199 185
f 200 187 186
f 200 201 187
f 201 188 187
f 201 202 188
f 203 190 189
f 203 204 190
f 205 34 191
f 205 41 34
f 197 40 47
f 197 47 207
f 47 46 206
f 47 206 207
f 209 199 198
f 209 210 199
f 212 202 201
f 212 213 202
f 217 41 205
f 217 48 41
f 216 205 204
f 216 217 205
f 206 46 53
f 206 53 218
f 219 206 218
f 219 207 206
f 219 208 207
f 219 220 208
f 221 210 209
f 221 222 210
f 222 211 210
f 222 223 211
f 225 213 212
f 225 226 213
f 226 214 213
f 226 227 214
f 228 214 227
f 228 215 214
f 229 48 217
f 229 54 48
f 232 57 56
f 232 56 231
f 233 58 57
f 233 57 232
f 218 53 59
f 218 59 234
f 234 59 58
f 234 58 233
f 60 234 59
f 60 235 234
f 235 218 234
f 235 219 218
f 236 219 235
f 236 220 219
f 237 223 222
f 237 238 223
f 238 224 223
f 238 239 224
f 240 227 226
f 240 241 227
f 229 61 54
f 229 242 61
f 243 62 61
f 243 61 242
f 231 56 63
f 231 63 244
f 63 62 243
f 63 243 244
f 244 243 230
f 244 230 231
f 244 232 231
f 244 245 232
f 246 232 245
f 246 233 232
f 234 64 59
f 234 247 64
f 247 233 246
f 247 234 233
f 248 235 60
f 248 60 65
f 65 64 247
f 65 247 248
f 248 236 235
f 248 249 236
f 250 239 238
f 250 251 239
f 252 246 245
f 252 253 246
f 254 246 253
f 254 247 246
f 267 66 67
f 267 266 66
f 267 255 266
f 267 256 255
f 68 267 67
f 68 268 267
f 267 257 256
f 267 268 257
f 70 273 69
f 70 274 273
f 274 258 273
f 274 259 258
f 71 274 70
f 71 275 274
f 274 260 259
f 274 275 260
f 277 261 276
f 277 262 261
f 277 263 262
f 277 278 263
f 73 278 72
f 73 279 278
f 278 264 263
f 278 279 264
f 281 66 266
f 281 75 66
f 281 74 75
f 281 280 74
f 281 265 280
f 281 266 265
f 283 268 68
f 283 68 77
f 282 267 268
f 282 268 283
f 286 269 285
f 286 270 269
f 287 270 286
f 287 271 270
f 288 78 79
f 288 287 78
f 287 272 271
f 287 288 272
f 289 79 80
f 289 288 79
f 290 69 273
f 290 81 69
f 290 80 81
f 290 289 80
f 292 275 71
f 292 71 83
f 291 274 275
f 291 275 292
f 295 277 276
f 295 296 277
f 297 72 278
f 297 85 72
f 297 84 85
f 297 296 84
f 297 277 296
f 297 278 277
f 298 279 73
f 298 73 86
f 299 74 280
f 299 87 74
f 299 86 87
f 299 298 86
f 298 280 279
f 298 299 280
f 301 283 77
f 301 77 90
f 90 89 300
f 90 300 301
f 301 300 282
f 301 282 283
f 302 285 284
f 302 303 285
f 305 78 287
f 305 92 78
f 305 91 92
f 305 304 91
f 305 286 304
f 305 287 286
f 292 83 97
f 292 97 307
f 97 96 306
f 97 306 307
f 306 291 292
f 306 292 307
f 308 294 293
f 308 309 294
f 312 84 296
f 312 98 84
f 311 296 295
f 311 312 296
f 313 300 89
f 313 89 103
f 317 91 304
f 317 104 91
f 316 304 303
f 316 317 304
f 318 306 96
f 318 96 109
f 318 307 306
f 318 319 307
f 321 309 308
f 321 322 309
f 322 310 309
f 322 323 310
f 312 110 98
f 312 326 110
f 113 112 327
f 113 327 328
f 330 313 103
f 330 103 115
f 115 114 329
f 115 329 330
f 116 330 115
f 116 331 330
f 331 313 330
f 331 314 313
f 332 314 331
f 332 315 314
f 333 104 317
f 333 117 104
f 120 119 334
f 120 334 335
f 336 121 120
f 336 120 335
f 337 318 109
f 337 109 122
f 123 337 122
f 123 338 337
f 337 319 318
f 337 338 319
f 338 320 319
f 338 339 320
f 340 323 322
f 340 341 323
f 341 324 323
f 341 342 324
f 344 110 326
f 344 124 110
f 343 326 325
f 343 344 326
f 345 125 124
f 345 124 344
f 327 112 126
f 327 126 346
f 126 125 345
f 126 345 346
f 328 127 113
f 328 347 127
f 346 328 327
f 346 347 328
f 329 114 128
f 329 128 348
f 348 128 127
f 348 127 347
f 330 129 115
f 330 349 129
f 349 329 348
f 349 330 329
f 350 331 116
f 350 116 130
f 130 129 349
f 130 349 350
f 351 331 350
f 351 332 331
f 333 131 117
f 333 352 131
f 353 132 131
f 353 131 352
f 334 119 133
f 334 133 354
f 133 132 353
f 133 353 354
f 355 334 354
f 355 335 334
f 336 134 121
f 336 356 134
f 355 336 335
f 355 356 336
f 357 135 134
f 357 134 356
f 338 123 136
f 338 136 358
f 136 135 357
f 136 357 358
f 359 338 358
f 359 339 338
f 360 342 341
f 360 361 342
f 362 348 347
f 362 363 348
f 363 349 348
f 363 364 349
f 365 356 355
f 365 366 356
f 367 356 366
f 367 357 356
f 368 364 363
f 368 369 364
f 375 137 138
f 375 374 137
f 376 138 139
f 376 375 138
f 381 370 380
f 381 371 370
f 383 140 141
f 383 382 140
f 382 373 372
f 382 383 373
f 385 137 374
f 385 143 137
f 385 142 143
f 385 384 142
f 387 376 139
f 387 139 145
f 391 378 377
f 391 392 378
f 394 380 379
f 394 395 380
f 395 381 380
f 395 396 381
f 397 140 382
f 397 147 140
f 397 146 147
f 397 396 146
f 397 381 396
f 397 382 381
f 398 383 141
f 398 141 148
f 399 142 384
f 399 149 142
f 399 148 149
f 399 398 148
f 398 384 383
f 398 399 384
f 387 145 152
f 387 152 401
f 152 151 400
f 152 400 401
f 401 400 386
f 401 386 387
f 402 389 388
f 402 403 389
f 403 390 389
f 403 404 390
f 406 393 392
f 406 407 393
f 410 146 396
f 410 153 146
f 409 396 395
f 409 410 396
f 411 400 151
f 411 151 158
f 411 401 400
f 411 412 401
f 415 404 403
f 415 416 404
f 416 405 404
f 416 417 405
f 419 407 406
f 419 420 407
f 420 408 407
f 420 421 408
f 423 153 410
f 423 159 153
f 425 163 162
f 425 162 424
f 426 411 158
f 426 158 164
f 165 426 164
f 165 427 426
f 426 412 411
f 426 427 412
f 428 412 427
f 428 413 412
f 430 414 429
f 430 415 414
f 431 415 430
f 431 416 415
f 431 417 416
f 431 432 417
f 432 418 417
f 432 433 418
f 434 421 420
f 434 435 421
f 435 422 421
f 435 436 422
f 423 166 159
f 423 437 166
f 438 167 166
f 438 166 437
f 439 168 167
f 439 167 438
f 424 162 169
f 424 169 440
f 169 168 439
f 169 439 440
f 425 170 163
f 425 441 170
f 441 424 440
f 441 425 424
f 442 171 170
f 442 170 441
f 443 427 165
f 443 165 172
f 172 171 442
f 172 442 443
f 444 433 432
f 444 445 433
f 446 441 440
f 446 447 441
f 447 442 441
f 447 448 442
f 449 448 447
f 449 450 448
f 456 173 174
f 456 455 173
f 457 174 175
f 457 456 174
f 458 452 451
f 458 459 452
f 460 176 177
f 460 459 176
f 460 452 459
f 460 453 452
f 178 460 177
f 178 461 460
f 460 454 453
f 460 461 454
f 462 178 179
f 462 461 178
f 463 179 180
f 463 462 179
f 464 173 455
f 464 181 173
f 465 464 455
f 465 455 456
f 466 457 175
f 466 175 183
f 466 183 182
f 466 182 465
f 466 465 456
f 466 456 457
f 185 467 184
f 185 468 467
f 472 186 187
f 472 471 186
f 473 187 188
f 473 472 187
f 476 176 459
f 476 190 176
f 476 189 190
f 476 475 189
f 476 458 475
f 476 459 458
f 477 191 190
f 477 190 476
f 463 180 194
f 463 194 479
f 478 462 463
f 478 463 479
f 480 181 464
f 480 195 181
f 480 194 195
f 480 479 194
f 465 182 196
f 465 196 481
f 482 196 197
f 482 481 196
f 467 198 184
f 467 485 198
f 468 185 199
f 468 199 486
f 486 485 467
f 486 467 468
f 487 470 469
f 487 488 470
f 489 186 471
f 489 200 186
f 488 471 470
f 488 489 471
f 490 201 200
f 490 200 489
f 473 188 202
f 473 202 491
f 475 203 189
f 475 494 203
f 494 474 493
f 494 475 474
f 476 190 204
f 476 204 495
f 495 204 203
f 495 203 494
f 477 205 191
f 477 496 205
f 496 204 205
f 496 495 204
f 495 477 476
f 495 496 477
f 498 497 478
f 498 478 479
f 482 197 207
f 482 207 499
f 208 499 207
f 208 500 499
f 501 484 483
f 501 502 484
f 503 198 485
f 503 209 198
f 503 484 502
f 503 485 484
f 504 486 199
f 504 199 210
f 211 504 210
f 211 505 504
f 506 489 488
f 506 507 489
f 490 212 201
f 490 508 212
f 507 490 489
f 507 508 490
f 509 491 202
f 509 202 213
f 214 509 213
f 214 510 509
f 509 492 491
f 509 510 492
f 511 214 215
f 511 510 214
f 495 216 204
f 495 513 216
f 512 495 494
f 512 513 495
f 514 217 216
f 514 216 513
f 515 500 208
f 515 208 220
f 503 221 209
f 503 517 221
f 516 503 502
f 516 517 503
f 518 222 221
f 518 221 517
f 519 505 211
f 519 211 223
f 224 519 223
f 224 520 519
f 508 225 212
f 508 522 225
f 521 508 507
f 521 522 508
f 523 226 225
f 523 225 522
f 525 511 215
f 525 215 228
f 228 227 524
f 228 524 525
f 514 229 217
f 514 527 229
f 526 514 513
f 526 527 514
f 529 231 230
f 529 230 528
f 515 220 236
f 515 236 530
f 532 516 531
f 532 517 516
f 518 237 222
f 518 533 237
f 532 518 517
f 532 533 518
f 534 238 237
f 534 237 533
f 535 520 224
f 535 224 239
f 523 240 226
f 523 536 240
f 537 524 227
f 537 227 241
f 241 240 536
f 241 536 537
f 537 536 523
f 537 523 524
f 527 242 229
f 527 539 242
f 538 527 526
f 538 539 527
f 528 230 243
f 528 243 540
f 540 243 242
f 540 242 539
f 529 244 231
f 529 541 244
f 541 528 540
f 541 529 528
f 245 244 541
f 245 541 542
f 248 247 543
f 248 543 544
f 530 236 249
f 530 249 545
f 249 248 544
f 249 544 545
f 546 238 534
f 546 250 238
f 547 535 239
f 547 239 251
f 251 250 546
f 251 546 547
f 547 546 534
f 547 534 535
f 542 252 245
f 542 548 252
f 549 253 252
f 549 252 548
f 543 247 254
f 543 254 550
f 254 253 549
f 254 549 550
f 551 543 550
f 551 544 543
f 553 255 256
f 553 552 255
f 554 256 257
f 554 553 256
f 556 258 259
f 556 555 258
f 557 259 260
f 557 556 259
f 560 261 262
f 560 559 261
f 561 262 263
f 561 560 262
f 562 263 264
f 562 561 263
f 552 266 255
f 552 564 266
f 564 265 266
f 564 563 265
f 565 564 552
f 565 552 553
f 566 554 257
f 566 257 268
f 566 268 267
f 566 267 565
f 566 565 553
f 566 553 554
f 569 269 270
f 569 568 269
f 570 270 271
f 570 569 270
f 571 271 272
f 571 570 271
f 572 258 555
f 572 273 258
f 573 572 555
f 573 555 556
f 574 557 260
f 574 260 275
f 574 275 274
f 574 274 573
f 574 573 556
f 574 556 557
f 577 261 559
f 577 276 261
f 577 558 576
f 577 559 558
f 578 562 264
f 578 264 279
f 579 265 563
f 579 280 265
f 280 578 279
f 280 579 578
f 580 579 563
f 580 563 564
f 565 267 282
f 565 282 581
f 584 269 568
f 584 285 269
f 584 284 285
f 584 583 284
f 583 568 567
f 583 584 568
f 585 286 285
f 585 285 584
f 586 571 272
f 586 272 288
f 289 586 288
f 289 587 586
f 572 290 273
f 572 588 290
f 290 587 289
f 290 588 587
f 573 274 291
f 573 291 589
f 594 293 294
f 594 593 293
f 595 576 575
f 595 596 576
f 597 276 577
f 597 295 276
f 597 576 596
f 597 577 576
f 598 578 579
f 598 579 599
f 599 579 580
f 599 580 600
f 601 581 282
f 601 282 300
f 601 582 581
f 601 602 582
f 583 302 284
f 583 603 302
f 584 285 303
f 584 303 604
f 604 303 302
f 604 302 603
f 605 286 585
f 605 304 286
f 605 303 304
f 605 604 303
f 604 585 584
f 604 605 585
f 606 586 587
f 606 587 607
f 608 607 587
f 608 587 588
f 609 589 291
f 609 291 306
f 307 609 306
f 307 610 609
f 609 590 589
f 609 610 590
f 612 592 591
f 612 613 592
f 593 308 293
f 593 614 308
f 614 592 613
f 614 593 592
f 615 594 294
f 615 294 309
f 310 615 309
f 310 616 615
f 597 311 295
f 597 618 311
f 617 597 596
f 617 618 597
f 619 312 311
f 619 311 618
f 620 601 300
f 620 300 313
f 314 620 313
f 314 621 620
f 620 602 601
f 620 621 602
f 622 314 315
f 622 621 314
f 604 316 303
f 604 624 316
f 623 604 603
f 623 624 604
f 625 317 316
f 625 316 624
f 626 610 307
f 626 307 319
f 320 626 319
f 320 627 626
f 626 611 610
f 626 627 611
f 614 321 308
f 614 629 321
f 628 614 613
f 628 629 614
f 630 322 321
f 630 321 629
f 631 616 310
f 631 310 323
f 324 631 323
f 324 632 631
f 619 326 312
f 619 634 326
f 634 325 326
f 634 633 325
f 633 619 618
f 633 634 619
f 635 622 315
f 635 315 332
f 625 333 317
f 625 637 333
f 636 625 624
f 636 637 625
f 638 627 320
f 638 320 339
f 640 628 639
f 640 629 628
f 630 340 322
f 630 641 340
f 640 630 629
f 640 641 630
f 642 341 340
f 642 340 641
f 643 632 324
f 643 324 342
f 644 325 633
f 644 343 325
f 645 344 343
f 645 343 644
f 646 345 344
f 646 344 645
f 647 346 345
f 647 345 646
f 648 347 346
f 648 346 647
f 350 349 649
f 350 649 650
f 635 332 351
f 635 351 651
f 351 350 650
f 351 650 651
f 637 352 333
f 637 653 352
f 652 637 636
f 652 653 637
f 654 353 352
f 654 352 653
f 655 354 353
f 655 353 654
f 355 354 655
f 355 655 656
f 358 357 657
f 358 657 658
f 638 339 359
f 638 359 659
f 359 358 658
f 359 658 659
f 642 360 341
f 642 661 360
f 660 642 641
f 660 661 642
f 662 643 342
f 662 342 361
f 662 361 360
f 662 360 661
f 662 661 642
f 662 642 643
f 648 362 347
f 648 663 362
f 664 363 362
f 664 362 663
f 649 349 364
f 649 364 665
f 666 649 665
f 666 650 649
f 667 654 653
f 667 668 654
f 656 365 355
f 656 669 365
f 670 366 365
f 670 365 669
f 657 357 367
f 657 367 671
f 367 366 670
f 367 670 671
f 672 657 671
f 672 658 657
f 673 363 664
f 673 368 363
f 674 665 364
f 674 364 369
f 369 368 673
f 369 673 674
f 674 673 664
f 674 664 665
f 677 370 371
f 677 676 370
f 679 372 373
f 679 678 372
f 681 374 375
f 681 680 374
f 682 375 376
f 682 681 375
f 685 377 378
f 685 684 377
f 687 370 676
f 687 380 370
f 687 379 380
f 687 686 379
f 687 675 686
f 687 676 675
f 688 677 371
f 688 371 381
f 689 372 678
f 689 382 372
f 689 381 382
f 689 688 381
f 688 678 677
f 688 689 678
f 690 679 373
f 690 373 383
f 691 383 384
f 691 690 383
f 680 385 374
f 680 692 385
f 385 691 384
f 385 692 691
f 694 682 376
f 694 376 387
f 694 387 386
f 694 386 693
f 693 681 682
f 693 682 694
f 697 388 389
f 697 696 388
f 698 389 390
f 698 697 389
f 700 377 684
f 700 391 377
f 699 684 683
f 699 700 684
f 701 685 378
f 701 378 392
f 701 392 391
f 701 391 700
f 393 701 392
f 393 702 701
f 686 394 379
f 686 703 394
f 704 395 394
f 704 394 703
f 705 690 691
f 705 691 706
f 707 706 691
f 707 691 692
f 708 693 386
f 708 386 400
f 401 708 400
f 401 709 708
f 696 402 388
f 696 712 402
f 711 696 695
f 711 712 696
f 713 403 402
f 713 402 712
f 714 698 390
f 714 390 404
f 713 697 698
f 713 698 714
f 715 404 405
f 715 714 404
f 716 700 699
f 716 717 700
f 718 392 701
f 718 406 392
f 718 700 717
f 718 701 700
f 719 702 393
f 719 393 407
f 408 719 407
f 408 720 719
f 704 409 395
f 704 722 409
f 721 704 703
f 721 722 704
f 723 410 409
f 723 409 722
f 725 724 705
f 725 705 706
f 709 401 412
f 709 412 726
f 413 726 412
f 413 727 726
f 726 710 709
f 726 727 710
f 728 712 711
f 728 729 712
f 730 403 713
f 730 415 403
f 730 414 415
f 730 729 414
f 730 712 729
f 730 713 712
f 731 715 405
f 731 405 417
f 418 731 417
f 418 732 731
f 734 716 733
f 734 717 716
f 718 419 406
f 718 735 419
f 734 718 717
f 734 735 718
f 736 420 419
f 736 419 735
f 720 408 421
f 720 421 737
f 738 421 422
f 738 737 421
f 723 423 410
f 723 740 423
f 739 723 722
f 739 740 723
f 742 727 413
f 742 413 428
f 428 427 741
f 428 741 742
f 743 414 729
f 743 429 414
f 744 430 429
f 744 429 743
f 745 431 430
f 745 430 744
f 746 432 431
f 746 431 745
f 747 732 418
f 747 418 433
f 749 733 748
f 749 734 733
f 736 434 420
f 736 751 434
f 750 736 735
f 750 751 736
f 752 435 434
f 752 434 751
f 738 422 436
f 738 436 753
f 753 436 435
f 753 435 752
f 752 737 738
f 752 738 753
f 740 437 423
f 740 755 437
f 754 740 739
f 754 755 740
f 756 438 437
f 756 437 755
f 439 438 756
f 439 756 757
f 758 440 439
f 758 439 757
f 741 427 443
f 741 443 760
f 443 442 759
f 443 759 760
f 761 741 760
f 761 742 741
f 763 743 762
f 763 744 743
f 746 444 432
f 746 765 444
f 764 746 745
f 764 765 746
f 766 747 433
f 766 433 445
f 766 445 444
f 766 444 765
f 767 756 755
f 767 768 756
f 758 446 440
f 758 769 446
f 770 447 446
f 770 446 769
f 759 442 448
f 759 448 771
f 772 759 771
f 772 760 759
f 773 447 770
f 773 449 447
f 774 771 448
f 774 448 450
f 450 449 773
f 450 773 774
f 774 773 770
f 774 770 771
f 776 451 452
f 776 775 451
f 777 452 453
f 777 776 452
f 454 777 453
f 454 778 777
f 775 458 451
f 775 781 458
f 782 778 454
f 782 454 461
f 462 782 461
f 462 783 782
f 782 779 778
f 782 783 779
f 785 464 465
f 785 784 464
f 470 786 469
f 470 787 786
f 788 470 471
f 788 787 470
f 789 471 472
f 789 788 471
f 473 789 472
f 473 790 789
f 792 458 781
f 792 475 458
f 792 474 475
f 792 791 474
f 792 780 791
f 792 781 780
f 793 783 462
f 793 462 478
f 784 480 464
f 784 795 480
f 480 794 479
f 480 795 794
f 785 465 481
f 785 481 796
f 795 784 785
f 795 785 796
f 797 481 482
f 797 796 481
f 484 798 483
f 484 799 798
f 800 484 485
f 800 799 484
f 486 800 485
f 486 801 800
f 786 487 469
f 786 803 487
f 488 487 803
f 488 803 804
f 803 786 787
f 803 787 804
f 805 804 787
f 805 787 788
f 806 790 473
f 806 473 491
f 492 806 491
f 492 807 806
f 808 474 791
f 808 493 474
f 809 494 493
f 809 493 808
f 793 478 497
f 793 497 810
f 794 498 479
f 794 811 498
f 498 810 497
f 498 811 810
f 812 811 794
f 812 794 795
f 813 812 795
f 813 795 796
f 797 482 499
f 797 499 814
f 813 796 797
f 813 797 814
f 815 499 500
f 815 814 499
f 798 501 483
f 798 816 501
f 817 502 501
f 817 501 816
f 817 816 798
f 817 798 799
f 818 801 486
f 818 486 504
f 505 818 504
f 505 819 818
f 818 802 801
f 818 819 802
f 804 506 488
f 804 820 506
f 821 507 506
f 821 506 820
f 822 807 492
f 822 492 510
f 823 510 511
f 823 822 510
f 809 512 494
f 809 824 512
f 825 513 512
f 825 512 824
f 815 500 515
f 815 515 827
f 826 814 815
f 826 815 827
f 829 502 817
f 829 516 502
f 828 817 816
f 828 829 817
f 831 819 505
f 831 505 519
f 832 519 520
f 832 831 519
f 821 521 507
f 821 834 521
f 833 821 820
f 833 834 821
f 835 522 521
f 835 521 834
f 836 523 522
f 836 522 835
f 837 524 523
f 837 523 836
f 838 823 511
f 838 511 525
f 838 525 524
f 838 524 837
f 837 822 823
f 837 823 838
f 825 526 513
f 825 840 526
f 839 825 824
f 839 840 825
f 827 515 530
f 827 530 845
f 845 844 826
f 845 826 827
f 846 516 829
f 846 531 516
f 847 532 531
f 847 531 846
f 848 533 532
f 848 532 847
f 849 534 533
f 849 533 848
f 849 848 830
f 849 830 831
f 850 832 520
f 850 520 535
f 850 535 534
f 850 534 849
f 849 831 832
f 849 832 850
f 851 526 840
f 851 538 526
f 852 539 538
f 852 538 851
f 540 539 852
f 540 852 853
f 854 541 540
f 854 540 853
f 854 853 841
f 854 841 842
f 855 542 541
f 855 541 854
f 854 842 843
f 854 843 855
f 858 845 530
f 858 530 545
f 858 545 544
f 858 544 857
f 858 857 844
f 858 844 845
f 859 853 852
f 859 860 853
f 861 853 860
f 861 854 853
f 862 542 855
f 862 548 542
f 863 549 548
f 863 548 862
f 864 550 549
f 864 549 863
f 865 857 544
f 865 544 551
f 865 551 550
f 865 550 864
f 865 864 856
f 865 856 857
f 876 558 559
f 876 875 558
f 876 866 875
f 876 867 866
f 560 876 559
f 560 877 876
f 878 560 561
f 878 877 560
f 877 869 868
f 877 878 869
f 879 561 562
f 879 878 561
f 881 564 565
f 881 880 564
f 883 567 568
f 883 882 567
f 883 870 882
f 883 871 870
f 569 883 568
f 569 884 883
f 883 872 871
f 883 884 872
f 570 884 569
f 570 885 884
f 884 873 872
f 884 885 873
f 886 570 571
f 886 885 570
f 888 572 573
f 888 887 572
f 890 558 875
f 890 576 558
f 890 575 576
f 890 889 575
f 890 874 889
f 890 875 874
f 891 879 562
f 891 562 578
f 880 580 564
f 880 892 580
f 881 565 581
f 881 581 893
f 892 880 881
f 892 881 893
f 894 581 582
f 894 893 581
f 896 567 882
f 896 583 567
f 897 886 571
f 897 571 586
f 887 588 572
f 887 898 588
f 888 573 589
f 888 589 899
f 898 887 888
f 898 888 899
f 900 589 590
f 900 899 589
f 592 901 591
f 592 902 901
f 903 592 593
f 903 902 592
f 594 903 593
f 594 904 903
f 889 595 575
f 889 905 595
f 906 596 595
f 906 595 905
f 891 578 598
f 891 598 907
f 599 907 598
f 599 908 907
f 892 600 580
f 892 909 600
f 600 908 599
f 600 909 908
f 909 892 893
f 909 893 910
f 894 582 602
f 894 602 911
f 910 893 894
f 910 894 911
f 913 583 896
f 913 603 583
f 913 895 912
f 913 896 895
f 897 586 606
f 897 606 914
f 607 914 606
f 607 915 914
f 898 608 588
f 898 916 608
f 608 915 607
f 608 916 915
f 917 916 898
f 917 898 899
f 918 900 590
f 918 590 610
f 917 899 900
f 917 900 918
f 919 610 611
f 919 918 610
f 901 612 591
f 901 920 612
f 921 613 612
f 921 612 920
f 921 920 901
f 921 901 902
f 904 594 615
f 904 615 922
f 923 615 616
f 923 922 615
f 906 617 596
f 906 925 617
f 924 906 905
f 924 925 906
f 926 618 617
f 926 617 925
f 927 908 909
f 927 909 928
f 928 909 910
f 928 910 929
f 911 602 621
f 911 621 930
f 929 910 911
f 929 911 930
f 931 621 622
f 931 930 621
f 913 623 603
f 913 933 623
f 932 913 912
f 932 933 913
f 934 624 623
f 934 623 933
f 936 935 915
f 936 915 916
f 938 919 611
f 938 611 627
f 937 918 919
f 937 919 938
f 921 628 613
f 921 940 628
f 923 616 631
f 923 631 941
f 942 631 632
f 942 941 631
f 926 633 618
f 926 944 633
f 943 926 925
f 943 944 926
f 931 622 635
f 931 635 946
f 945 930 931
f 945 931 946
f 934 636 624
f 934 948 636
f 947 934 933
f 947 948 934
f 938 627 638
f 938 638 952
f 951 937 938
f 951 938 952
f 954 628 940
f 954 639 628
f 953 940 939
f 953 954 940
f 955 640 639
f 955 639 954
f 956 641 640
f 956 640 955
f 958 942 632
f 958 632 643
f 958 643 642
f 958 642 957
f 958 957 941
f 958 941 942
f 959 633 944
f 959 644 633
f 645 644 959
f 645 959 960
f 961 646 645
f 961 645 960
f 647 646 961
f 647 961 962
f 648 647 962
f 648 962 963
f 965 946 635
f 965 635 651
f 965 651 650
f 965 650 964
f 965 964 945
f 965 945 946
f 966 636 948
f 966 652 636
f 967 653 652
f 967 652 966
f 655 654 968
f 655 968 969
f 969 968 949
f 969 949 950
f 970 656 655
f 970 655 969
f 952 638 659
f 952 659 972
f 659 658 971
f 659 971 972
f 972 971 951
f 972 951 952
f 956 660 641
f 956 973 660
f 974 957 642
f 974 642 661
f 974 661 660
f 974 660 973
f 974 973 956
f 974 956 957
f 976 960 975
f 976 961 960
f 977 648 963
f 977 663 648
f 978 664 663
f 978 663 977
f 665 664 978
f 665 978 979
f 964 650 666
f 964 666 980
f 666 665 979
f 666 979 980
f 967 667 653
f 967 981 667
f 982 968 654
f 982 654 668
f 668 667 981
f 668 981 982
f 983 968 982
f 983 969 968
f 984 656 970
f 984 669 656
f 985 670 669
f 985 669 984
f 986 671 670
f 986 670 985
f 987 971 658
f 987 658 672
f 672 671 986
f 672 986 987
f 988 971 987
f 988 972 971
f 994 675 676
f 994 993 675
f 994 989 993
f 994 990 989
f 995 676 677
f 995 994 676
f 996 677 678
f 996 995 677
f 995 992 991
f 995 996 992
f 997 678 679
f 997 996 678
f 999 680 681
f 999 998 680
f 684 1000 683
f 684 1001 1000
f 1002 684 685
f 1002 1001 684
f 1004 675 993
f 1004 686 675
f 1005 997 679
f 1005 679 690
f 998 692 680
f 998 1006 692
f 999 681 693
f 999 693 1007
f 1006 998 999
f 1006 999 1007
f 1009 695 696
f 1009 1008 695
f 697 1009 696
f 697 1010 1009
f 1000 699 683
f 1000 1012 699
f 1013 1012 1000
f 1013 1000 1001
f 1014 1002 685
f 1014 685 701
f 702 1014 701
f 702 1015 1014
f 1018 686 1004
f 1018 703 686
f 1018 1003 1017
f 1018 1004 1003
f 1005 690 705
f 1005 705 1019
f 1006 707 692
f 1006 1021 707
f 1021 706 707
f 1021 1020 706
f 1007 693 708
f 1007 708 1022
f 1021 1006 1007
f 1021 1007 1022
f 1023 708 709
f 1023 1022 708
f 710 1023 709
f 710 1024 1023
f 1008 711 695
f 1008 1025 711
f 1026 1025 1008
f 1026 1008 1009
f 1027 1010 697
f 1027 697 713
f 714 1027 713
f 714 1028 1027
f 1027 1011 1010
f 1027 1028 1011
f 1029 714 715
f 1029 1028 714
f 1030 699 1012
f 1030 716 699
f 1031 1015 702
f 1031 702 719
f 720 1031 719
f 720 1032 1031
f 1031 1016 1015
f 1031 1032 1016
f 1018 721 703
f 1018 1034 721
f 1033 1018 1017
f 1033 1034 1018
f 1035 722 721
f 1035 721 1034
f 1036 1019 705
f 1036 705 724
f 1020 725 706
f 1020 1037 725
f 725 1036 724
f 725 1037 1036
f 1036 1020 1019
f 1036 1037 1020
f 1038 1037 1020
f 1038 1020 1021
f 1039 1038 1021
f 1039 1021 1022
f 1039 1022 1023
f 1039 1023 1040
f 1041 1024 710
f 1041 710 727
f 1041 1040 1023
f 1041 1023 1024
f 1025 728 711
f 1025 1042 728
f 1043 729 728
f 1043 728 1042
f 1042 1025 1026
f 1042 1026 1043
f 1029 715 731
f 1029 731 1044
f 1045 731 732
f 1045 1044 731
f 1030 733 716
f 1030 1046 733
f 1048 735 734
f 1048 734 1047
f 1050 1032 720
f 1050 720 737
f 1035 739 722
f 1035 1052 739
f 1051 1035 1034
f 1051 1052 1035
f 1054 1041 727
f 1054 727 742
f 1053 1040 1041
f 1053 1041 1054
f 1056 729 1043
f 1056 743 729
f 1055 1043 1042
f 1055 1056 1043
f 745 744 1057
f 745 1057 1058
f 1060 1045 732
f 1060 732 747
f 1059 1044 1045
f 1059 1045 1060
f 1061 733 1046
f 1061 748 733
f 1047 734 749
f 1047 749 1062
f 749 748 1061
f 749 1061 1062
f 1061 1046 1047
f 1061 1047 1062
f 1048 750 735
f 1048 1063 750
f 1063 1047 1062
f 1063 1048 1047
f 1064 751 750
f 1064 750 1063
f 1063 1048 1049
f 1063 1049 1064
f 1065 1050 737
f 1065 737 752
f 1065 752 751
f 1065 751 1064
f 1065 1064 1049
f 1065 1049 1050
f 1066 739 1052
f 1066 754 739
f 1067 755 754
f 1067 754 1066
f 757 756 1068
f 757 1068 1069
f 1070 758 757
f 1070 757 1069
f 1054 742 761
f 1054 761 1072
f 761 760 1071
f 761 1071 1072
f 1072 1071 1053
f 1072 1053 1054
f 1056 762 743
f 1056 1073 762
f 1057 744 763
f 1057 763 1074
f 763 762 1073
f 763 1073 1074
f 1058 764 745
f 1058 1075 764
f 1075 1057 1074
f 1075 1058 1057
f 1076 765 764
f 1076 764 1075
f 1076 1075 1058
f 1076 1058 1059
f 1077 1060 747
f 1077 747 766
f 1077 766 765
f 1077 765 1076
f 1076 1059 1060
f 1076 1060 1077
f 1067 767 755
f 1067 1078 767
f 1068 756 768
f 1068 768 1079
f 768 767 1078
f 768 1078 1079
f 1070 769 758
f 1070 1081 769
f 1082 770 769
f 1082 769 1081
f 1083 771 770
f 1083 770 1082
f 1071 760 772
f 1071 772 1084
f 772 771 1083
f 772 1083 1084
f 1085 1071 1084
f 1085 1072 1071
f 1086 1080 1079
f 1086 1087 1080
f 776 1088 775
f 776 1089 1088
f 1090 776 777
f 1090 1089 776
f 1091 777 778
f 1091 1090 777
f 779 1091 778
f 779 1092 1091
f 1088 781 775
f 1088 1094 781
f 781 1093 780
f 781 1094 1093
f 1095 1094 1088
f 1095 1088 1089
f 1096 1092 779
f 1096 779 783
f 789 1098 788
f 789 1099 1098
f 1100 789 790
f 1100 1099 789
f 1101 780 1093
f 1101 791 780
f 1102 1101 1093
f 1102 1093 1094
f 1096 783 793
f 1096 793 1103
f 1106 799 800
f 1106 1105 799
f 801 1106 800
f 801 1107 1106
f 1108 801 802
f 1108 1107 801
f 1098 805 788
f 1098 1112 805
f 805 1111 804
f 805 1112 1111
f 1112 1097 1111
f 1112 1098 1097
f 1100 790 806
f 1100 806 1114
f 1113 1099 1100
f 1113 1100 1114
f 1115 806 807
f 1115 1114 806
f 1116 791 1101
f 1116 808 791
f 809 808 1116
f 809 1116 1117
f 1103 793 810
f 1103 810 1119
f 1120 810 811
f 1120 1119 810
f 1121 811 812
f 1121 1120 811
f 1122 812 813
f 1122 1121 812
f 1123 813 814
f 1123 1122 813
f 1126 799 1105
f 1126 817 799
f 1126 816 817
f 1126 1125 816
f 1126 1104 1125
f 1126 1105 1104
f 1128 1108 802
f 1128 802 819
f 1127 1107 1108
f 1127 1108 1128
f 1130 1109 1129
f 1130 1110 1109
f 1131 804 1111
f 1131 820 804
f 1130 1111 1110
f 1130 1131 1111
f 1135 1115 807
f 1135 807 822
f 1134 1114 1115
f 1134 1115 1135
f 1136 809 1117
f 1136 824 809
f 1136 1117 1118
f 1136 1118 1137
f 1138 1119 1120
f 1138 1120 1139
f 1140 1139 1120
f 1140 1120 1121
f 1141 1140 1121
f 1141 1121 1122
f 1123 814 826
f 1123 826 1142
f 1141 1122 1123
f 1141 1123 1142
f 1125 828 816
f 1125 1144 828
f 1144 1124 1143
f 1144 1125 1124
f 1145 829 828
f 1145 828 1144
f 1148 1128 819
f 1148 819 831
f 1148 831 830
f 1148 830 1147
f 1149 820 1131
f 1149 833 820
f 1150 834 833
f 1150 833 1149
f 1149 1131 1132
f 1149 1132 1150
f 835 834 1150
f 835 1150 1151
f 1151 1150 1132
f 1151 1132 1133
f 1152 836 835
f 1152 835 1151
f 1151 1133 1134
f 1151 1134 1152
f 1153 1135 822
f 1153 822 837
f 1153 837 836
f 1153 836 1152
f 1152 1134 1135
f 1152 1135 1153
f 1136 839 824
f 1136 1154 839
f 840 839 1154
f 840 1154 1155
f 1154 1136 1137
f 1154 1137 1155
f 1158 842 841
f 1158 841 1157
f 843 842 1158
f 843 1158 1159
f 1159 1158 1138
f 1159 1138 1139
f 1160 1159 1139
f 1160 1139 1140
f 1160 1140 1141
f 1160 1141 1161
f 1142 826 844
f 1142 844 1162
f 1162 1161 1141
f 1162 1141 1142
f 1163 829 1145
f 1163 846 829
f 847 846 1163
f 847 1163 1164
f 1163 1145 1146
f 1163 1146 1164
f 1165 1147 830
f 1165 830 848
f 1165 848 847
f 1165 847 1164
f 1166 840 1155
f 1166 851 840
f 852 851 1166
f 852 1166 1167
f 1166 1155 1156
f 1166 1156 1167
f 1168 1157 841
f 1168 841 853
f 1167 1156 1157
f 1167 1157 1168
f 1169 853 854
f 1169 1168 853
f 1170 843 1159
f 1170 855 843
f 1170 1159 1160
f 1170 1160 1171
f 1171 1160 1161
f 1171 1161 1172
f 1173 1162 844
f 1173 844 857
f 1173 857 856
f 1173 856 1172
f 1173 1172 1161
f 1173 1161 1162
f 1167 859 852
f 1167 1174 859
f 860 859 1174
f 860 1174 1175
f 1174 1167 1168
f 1174 1168 1175
f 1169 854 861
f 1169 861 1176
f 861 860 1175
f 861 1175 1176
f 1175 1168 1169
f 1175 1169 1176
f 1170 862 855
f 1170 1177 862
f 863 862 1177
f 863 1177 1178
f 1177 1170 1171
f 1177 1171 1178
f 1179 1172 856
f 1179 856 864
f 1179 864 863
f 1179 863 1178
f 1179 1178 1171
f 1179 1171 1172
f 867 1180 866
f 867 1181 1180
f 869 1182 868
f 869 1183 1182
f 871 1185 870
f 871 1186 1185
f 1187 871 872
f 1187 1186 871
f 873 1187 872
f 873 1188 1187
f 1191 866 1180
f 1191 875 866
f 1191 874 875
f 1191 1190 874
f 1192 1181 867
f 1192 867 876
f 1192 1191 1180
f 1192 1180 1181
f 1193 868 1182
f 1193 877 868
f 1193 876 877
f 1193 1192 876
f 1193 1181 1192
f 1193 1182 1181
f 1183 869 878
f 1183 878 1194
f 879 1194 878
f 879 1195 1194
f 1194 1184 1183
f 1194 1195 1184
f 1185 882 870
f 1185 1196 882
f 1197 1196 1185
f 1197 1185 1186
f 1198 1188 873
f 1198 873 885
f 886 1198 885
f 886 1199 1198
f 1198 1189 1188
f 1198 1199 1189
f 1200 874 1190
f 1200 889 874
f 1202 1195 879
f 1202 879 891
f 1201 1194 1195
f 1201 1195 1202
f 1196 896 882
f 1196 1204 896
f 1204 895 896
f 1204 1203 895
f 1205 1199 886
f 1205 886 897
f 1208 902 903
f 1208 1207 902
f 1209 903 904
f 1209 1208 903
f 1210 889 1200
f 1210 905 889
f 1202 891 907
f 1202 907 1212
f 1213 907 908
f 1213 1212 907
f 1214 895 1203
f 1214 912 895
f 1215 1214 1203
f 1215 1203 1204
f 1216 1205 897
f 1216 897 914
f 1217 914 915
f 1217 1216 914
f 917 1218 916
f 917 1219 1218
f 1220 917 918
f 1220 1219 917
f 1223 902 1207
f 1223 921 902
f 1223 1206 1222
f 1223 1207 1206
f 1224 1223 1207
f 1224 1207 1208
f 1209 904 922
f 1209 922 1225
f 1224 1208 1209
f 1224 1209 1225
f 1226 922 923
f 1226 1225 922
f 1227 905 1210
f 1227 924 905
f 925 924 1227
f 925 1227 1228
f 1227 1210 1211
f 1227 1211 1228
f 1213 908 927
f 1213 927 1232
f 1231 1212 1213
f 1231 1213 1232
f 1233 927 928
f 1233 1232 927
f 929 1233 928
f 929 1234 1233
f 1235 929 930
f 1235 1234 929
f 1236 912 1214
f 1236 932 912
f 933 932 1236
f 933 1236 1237
f 1236 1214 1215
f 1236 1215 1237
f 1217 915 935
f 1217 935 1240
f 1218 936 916
f 1218 1241 936
f 1241 935 936
f 1241 1240 935
f 1242 1241 1218
f 1242 1218 1219
f 1220 918 937
f 1220 937 1243
f 1242 1219 1220
f 1242 1220 1243
f 1244 1222 1221
f 1244 1245 1222
f 1246 921 1223
f 1246 940 921
f 1246 939 940
f 1246 1245 939
f 1246 1222 1245
f 1246 1223 1222
f 1248 1226 923
f 1248 923 941
f 1228 943 925
f 1228 1249 943
f 944 943 1249
f 944 1249 1250
f 1249 1228 1229
f 1249 1229 1250
f 1253 1252 1230
f 1253 1230 1231
f 1254 1253 1231
f 1254 1231 1232
f 1254 1232 1233
f 1254 1233 1255
f 1256 1255 1233
f 1256 1233 1234
f 1235 930 945
f 1235 945 1257
f 1256 1234 1235
f 1256 1235 1257
f 1258 933 1237
f 1258 947 933
f 948 947 1258
f 948 1258 1259
f 1258 1237 1238
f 1258 1238 1259
f 950 949 1261
f 950 1261 1262
f 1263 1262 1239
f 1263 1239 1240
f 1263 1240 1241
f 1263 1241 1264
f 1264 1241 1242
f 1264 1242 1265
f 1266 1243 937
f 1266 937 951
f 1266 1265 1242
f 1266 1242 1243
f 1267 939 1245
f 1267 953 939
f 1268 954 953
f 1268 953 1267
f 1269 955 954
f 1269 954 1268
f 1270 956 955
f 1270 955 1269
f 1271 1248 941
f 1271 941 957
f 1271 957 956
f 1271 956 1270
f 1271 1270 1247
f 1271 1247 1248
f 1272 944 1250
f 1272 959 944
f 960 959 1272
f 960 1272 1273
f 1272 1250 1251
f 1272 1251 1273
f 1275 962 961
f 1275 961 1274
f 1275 1274 1252
f 1275 1252 1253
f 963 962 1275
f 963 1275 1276
f 1275 1253 1254
f 1275 1254 1276
f 1277 1276 1254
f 1277 1254 1255
f 1277 1255 1256
f 1277 1256 1278
f 1257 945 964
f 1257 964 1279
f 1278 1256 1257
f 1278 1257 1279
f 1280 948 1259
f 1280 966 948
f 967 966 1280
f 967 1280 1281
f 1280 1259 1260
f 1280 1260 1281
f 1282 1261 949
f 1282 949 968
f 1283 950 1262
f 1283 969 950
f 1283 968 969
f 1283 1282 968
f 970 969 1283
f 970 1283 1284
f 1284 1283 1262
f 1284 1262 1263
f 1287 1266 951
f 1287 951 971
f 1286 1265 1266
f 1286 1266 1287
f 1288 971 972
f 1288 1287 971
f 1289 960 1273
f 1289 975 960
f 1290 1274 961
f 1290 961 976
f 976 975 1289
f 976 1289 1290
f 1290 1289 1273
f 1290 1273 1274
f 1291 963 1276
f 1291 977 963
f 978 977 1291
f 978 1291 1292
f 1291 1276 1277
f 1291 1277 1292
f 1293 979 978
f 1293 978 1292
f 1292 1277 1278
f 1292 1278 1293
f 1279 964 980
f 1279 980 1294
f 980 979 1293
f 980 1293 1294
f 1293 1278 1279
f 1293 1279 1294
f 1295 967 1281
f 1295 981 967
f 982 981 1295
f 982 1295 1296
f 1295 1281 1282
f 1295 1282 1296
f 1283 969 983
f 1283 983 1297
f 983 982 1296
f 983 1296 1297
f 1297 1296 1282
f 1297 1282 1283
f 1298 970 1284
f 1298 984 970
f 985 984 1298
f 985 1298 1299
f 1298 1284 1285
f 1298 1285 1299
f 1300 986 985
f 1300 985 1299
f 1299 1285 1286
f 1299 1286 1300
f 987 986 1300
f 987 1300 1301
f 1300 1286 1287
f 1300 1287 1301
f 1288 972 988
f 1288 988 1302
f 988 987 1301
f 988 1301 1302
f 1301 1287 1288
f 1301 1288 1302
f 990 1303 989
f 990 1304 1303
f 1306 991 992
f 1306 1305 991
f 1303 993 989
f 1303 1307 993
f 1308 1304 990
f 1308 990 994
f 1308 1307 1303
f 1308 1303 1304
f 1309 991 1305
f 1309 995 991
f 1309 994 995
f 1309 1308 994
f 1309 1304 1308
f 1309 1305 1304
f 1310 1306 992
f 1310 992 996
f 1311 996 997
f 1311 1310 996
f 1002 1312 1001
f 1002 1313 1312
f 1307 1004 993
f 1307 1315 1004
f 1315 1003 1004
f 1315 1314 1003
f 1316 1311 997
f 1316 997 1005
f 1010 1317 1009
f 1010 1318 1317
f 1011 1318 1010
f 1011 1319 1318
f 1312 1013 1001
f 1312 1322 1013
f 1013 1321 1012
f 1013 1322 1321
f 1313 1002 1014
f 1313 1014 1323
f 1323 1322 1312
f 1323 1312 1313
f 1324 1014 1015
f 1324 1323 1014
f 1016 1324 1015
f 1016 1325 1324
f 1326 1003 1314
f 1326 1017 1003
f 1327 1326 1314
f 1327 1314 1315
f 1328 1316 1005
f 1328 1005 1019
f 1329 1019 1020
f 1329 1328 1019
f 1317 1026 1009
f 1317 1331 1026
f 1332 1331 1317
f 1332 1317 1318
f 1319 1011 1028
f 1319 1028 1333
f 1332 1318 1319
f 1332 1319 1333
f 1029 1333 1028
f 1029 1334 1333
f 1321 1030 1012
f 1321 1336 1030
f 1336 1320 1335
f 1336 1321 1320
f 1338 1325 1016
f 1338 1016 1032
f 1337 1324 1325
f 1337 1325 1338
f 1339 1017 1326
f 1339 1033 1017
f 1034 1033 1339
f 1034 1339 1340
f 1339 1326 1327
f 1339 1327 1340
f 1329 1020 1037
f 1329 1037 1343
f 1342 1328 1329
f 1342 1329 1343
f 1038 1343 1037
f 1038 1344 1343
f 1345 1038 1039
f 1345 1344 1038
f 1346 1039 1040
f 1346 1345 1039
f 1349 1026 1331
f 1349 1043 1026
f 1349 1042 1043
f 1349 1348 1042
f 1349 1330 1348
f 1349 1331 1330
f 1351 1334 1029
f 1351 1029 1044
f 1353 1030 1336
f 1353 1046 1030
f 1352 1336 1335
f 1352 1353 1336
f 1354 1047 1046
f 1354 1046 1353
f 1049 1048 1355
f 1049 1355 1356
f 1357 1338 1032
f 1357 1032 1050
f 1357 1050 1049
f 1357 1049 1356
f 1357 1356 1337
f 1357 1337 1338
f 1340 1051 1034
f 1340 1358 1051
f 1052 1051 1358
f 1052 1358 1359
f 1358 1340 1341
f 1358 1341 1359
f 1363 1362 1342
f 1363 1342 1343
f 1363 1343 1344
f 1363 1344 1364
f 1365 1364 1344
f 1365 1344 1345
f 1346 1040 1053
f 1346 1053 1366
f 1365 1345 1346
f 1365 1346 1366
f 1348 1055 1042
f 1348 1368 1055
f 1368 1347 1367
f 1368 1348 1347
f 1369 1056 1055
f 1369 1055 1368
f 1372 1351 1044
f 1372 1044 1059
f 1372 1059 1058
f 1372 1058 1371
f 1372 1371 1350
f 1372 1350 1351
f 1373 1047 1354
f 1373 1062 1047
f 1374 1355 1048
f 1374 1048 1063
f 1374 1063 1062
f 1374 1062 1373
f 1374 1373 1354
f 1374 1354 1355
f 1375 1052 1359
f 1375 1066 1052
f 1067 1066 1375
f 1067 1375 1376
f 1375 1359 1360
f 1375 1360 1376
f 1378 1069 1068
f 1378 1068 1377
f 1378 1377 1361
f 1378 1361 1362
f 1070 1069 1378
f 1070 1378 1379
f 1378 1362 1363
f 1378 1363 1379
f 1381 1380 1364
f 1381 1364 1365
f 1382 1366 1053
f 1382 1053 1071
f 1381 1365 1366
f 1381 1366 1382
f 1383 1071 1072
f 1383 1382 1071
f 1384 1056 1369
f 1384 1073 1056
f 1074 1073 1384
f 1074 1384 1385
f 1384 1369 1370
f 1384 1370 1385
f 1386 1371 1058
f 1386 1058 1075
f 1386 1075 1074
f 1386 1074 1385
f 1386 1385 1370
f 1386 1370 1371
f 1387 1067 1376
f 1387 1078 1067
f 1388 1377 1068
f 1388 1068 1079
f 1079 1078 1387
f 1079 1387 1388
f 1387 1376 1377
f 1387 1377 1388
f 1080 1388 1079
f 1080 1389 1388
f 1390 1070 1379
f 1390 1081 1070
f 1082 1081 1390
f 1082 1390 1391
f 1390 1379 1380
f 1390 1380 1391
f 1083 1082 1391
f 1083 1391 1392
f 1391 1380 1381
f 1391 1381 1392
f 1084 1083 1392
f 1084 1392 1393
f 1392 1381 1382
f 1392 1382 1393
f 1383 1072 1085
f 1383 1085 1394
f 1085 1084 1393
f 1085 1393 1394
f 1393 1382 1383
f 1393 1383 1394
f 1388 1086 1079
f 1388 1395 1086
f 1389 1080 1087
f 1389 1087 1396
f 1087 1086 1395
f 1087 1395 1396
f 1395 1388 1389
f 1395 1389 1396
f 1090 1397 1089
f 1090 1398 1397
f 1091 1398 1090
f 1091 1399 1398
f 1400 1091 1092
f 1400 1399 1091
f 1397 1095 1089
f 1397 1402 1095
f 1095 1401 1094
f 1095 1402 1401
f 1400 1092 1096
f 1400 1096 1404
f 1403 1399 1400
f 1403 1400 1404
f 1407 1097 1098
f 1407 1406 1097
f 1099 1407 1098
f 1099 1408 1407
f 1401 1102 1094
f 1401 1411 1102
f 1102 1410 1101
f 1102 1411 1410
f 1412 1411 1401
f 1412 1401 1402
f 1413 1404 1096
f 1413 1096 1103
f 1416 1104 1105
f 1416 1415 1104
f 1417 1105 1106
f 1417 1416 1105
f 1107 1417 1106
f 1107 1418 1417
f 1110 1420 1109
f 1110 1421 1420
f 1422 1097 1406
f 1422 1111 1097
f 1422 1110 1111
f 1422 1421 1110
f 1422 1405 1421
f 1422 1406 1405
f 1408 1099 1113
f 1408 1113 1424
f 1423 1407 1408
f 1423 1408 1424
f 1425 1113 1114
f 1425 1424 1113
f 1424 1409 1408
f 1424 1425 1409
f 1410 1116 1101
f 1410 1426 1116
f 1427 1117 1116
f 1427 1116 1426
f 1427 1426 1410
f 1427 1410 1411
f 1118 1117 1427
f 1118 1427 1428
f 1427 1411 1412
f 1427 1412 1428
f 1429 1413 1103
f 1429 1103 1119
f 1431 1104 1415
f 1431 1125 1104
f 1431 1124 1125
f 1431 1430 1124
f 1431 1414 1430
f 1431 1415 1414
f 1432 1416 1417
f 1432 1417 1433
f 1418 1107 1127
f 1418 1127 1434
f 1433 1417 1418
f 1433 1418 1434
f 1435 1127 1128
f 1435 1434 1127
f 1435 1418 1434
f 1435 1419 1418
f 1436 1109 1420
f 1436 1129 1109
f 1437 1130 1129
f 1437 1129 1436
f 1438 1131 1130
f 1438 1130 1437
f 1439 1132 1131
f 1439 1131 1438
f 1438 1422 1423
f 1438 1423 1439
f 1440 1133 1132
f 1440 1132 1439
f 1440 1439 1423
f 1440 1423 1424
f 1441 1425 1114
f 1441 1114 1134
f 1441 1134 1133
f 1441 1133 1440
f 1441 1440 1424
f 1441 1424 1425
f 1442 1118 1428
f 1442 1137 1118
f 1429 1119 1138
f 1429 1138 1444
f 1445 1124 1430
f 1445 1143 1124
f 1446 1144 1143
f 1446 1143 1445
f 1447 1145 1144
f 1447 1144 1446
f 1146 1145 1447
f 1146 1447 1448
f 1447 1432 1433
f 1447 1433 1448
f 1449 1448 1433
f 1449 1433 1434
f 1450 1435 1128
f 1450 1128 1148
f 1450 1148 1147
f 1450 1147 1449
f 1450 1449 1434
f 1450 1434 1435
f 1451 1137 1442
f 1451 1155 1137
f 1156 1155 1451
f 1156 1451 1452
f 1453 1157 1156
f 1453 1156 1452
f 1454 1444 1138
f 1454 1138 1158
f 1454 1158 1157
f 1454 1157 1453
f 1454 1453 1443
f 1454 1443 1444
f 1455 1146 1448
f 1455 1164 1146
f 1456 1449 1147
f 1456 1147 1165
f 1165 1164 1455
f 1165 1455 1456
f 1456 1455 1448
f 1456 1448 1449
f 1458 1452 1457
f 1458 1453 1452
f 1182 1459 1181
f 1182 1460 1459
f 1183 1460 1182
f 1183 1461 1460
f 1462 1183 1184
f 1462 1461 1183
f 1187 1463 1186
f 1187 1464 1463
f 1465 1187 1188
f 1465 1464 1187
f 1466 1188 1189
f 1466 1465 1188
f 1468 1190 1191
f 1468 1467 1190
f 1459 1192 1181
f 1459 1469 1192
f 1469 1191 1192
f 1469 1468 1191
f 1471 1462 1184
f 1471 1184 1195
f 1471 1195 1194
f 1471 1194 1470
f 1470 1461 1462
f 1470 1462 1471
f 1463 1197 1186
f 1463 1473 1197
f 1197 1472 1196
f 1197 1473 1472
f 1466 1189 1199
f 1466 1199 1475
f 1474 1465 1466
f 1474 1466 1475
f 1467 1200 1190
f 1467 1476 1200
f 1477 1476 1467
f 1477 1467 1468
f 1478 1477 1468
f 1478 1468 1469
f 1470 1194 1201
f 1470 1201 1479
f 1480 1201 1202
f 1480 1479 1201
f 1472 1204 1196
f 1472 1481 1204
f 1482 1481 1472
f 1482 1472 1473
f 1475 1199 1205
f 1475 1205 1483
f 1485 1206 1207
f 1485 1484 1206
f 1486 1200 1476
f 1486 1210 1200
f 1211 1210 1486
f 1211 1486 1487
f 1486 1476 1477
f 1486 1477 1487
f 1487 1477 1478
f 1487 1478 1488
f 1480 1202 1212
f 1480 1212 1490
f 1489 1479 1480
f 1489 1480 1490
f 1481 1215 1204
f 1481 1491 1215
f 1491 1481 1482
f 1491 1482 1492
f 1493 1483 1205
f 1493 1205 1216
f 1494 1216 1217
f 1494 1493 1216
f 1496 1206 1484
f 1496 1222 1206
f 1496 1221 1222
f 1496 1495 1221
f 1497 1485 1207
f 1497 1207 1223
f 1224 1497 1223
f 1224 1498 1497
f 1499 1224 1225
f 1499 1498 1224
f 1226 1499 1225
f 1226 1500 1499
f 1501 1211 1487
f 1501 1228 1211
f 1229 1228 1501
f 1229 1501 1502
f 1501 1487 1488
f 1501 1488 1502
f 1504 1490 1212
f 1504 1212 1231
f 1504 1231 1230
f 1504 1230 1503
f 1505 1215 1491
f 1505 1237 1215
f 1238 1237 1505
f 1238 1505 1506
f 1505 1491 1492
f 1505 1492 1506
f 1509 1494 1217
f 1509 1217 1240
f 1509 1240 1239
f 1509 1239 1508
f 1509 1508 1493
f 1509 1493 1494
f 1510 1221 1495
f 1510 1244 1221
f 1511 1245 1244
f 1511 1244 1510
f 1512 1497 1498
f 1512 1498 1513
f 1514 1513 1498
f 1514 1498 1499
f 1515 1500 1226
f 1515 1226 1248
f 1515 1248 1247
f 1515 1247 1514
f 1515 1514 1499
f 1515 1499 1500
f 1516 1229 1502
f 1516 1250 1229
f 1251 1250 1516
f 1251 1516 1517
f 1518 1503 1230
f 1518 1230 1252
f 1519 1238 1506
f 1519 1259 1238
f 1260 1259 1519
f 1260 1519 1520
f 1522 1508 1239
f 1522 1239 1262
f 1522 1262 1261
f 1522 1261 1521
f 1522 1521 1507
f 1522 1507 1508
f 1264 1523 1263
f 1264 1524 1523
f 1525 1264 1265
f 1525 1524 1264
f 1526 1245 1511
f 1526 1267 1245
f 1527 1268 1267
f 1527 1267 1526
f 1526 1511 1512
f 1526 1512 1527
f 1528 1269 1268
f 1528 1268 1527
f 1527 1512 1513
f 1527 1513 1528
f 1529 1514 1247
f 1529 1247 1270
f 1529 1270 1269
f 1529 1269 1528
f 1529 1528 1513
f 1529 1513 1514
f 1530 1251 1517
f 1530 1273 1251
f 1531 1518 1252
f 1531 1252 1274
f 1531 1274 1273
f 1531 1273 1530
f 1532 1260 1520
f 1532 1281 1260
f 1533 1521 1261
f 1533 1261 1282
f 1533 1282 1281
f 1533 1281 1532
f 1534 1263 1523
f 1534 1284 1263
f 1285 1284 1534
f 1285 1534 1535
f 1534 1523 1524
f 1534 1524 1535
f 1536 1525 1265
f 1536 1265 1286
f 1536 1286 1285
f 1536 1285 1535
f 1535 1524 1525
f 1535 1525 1536
f 1305 1537 1304
f 1305 1538 1537
f 1539 1305 1306
f 1539 1538 1305
f 1541 1304 1537
f 1541 1308 1304
f 1308 1540 1307
f 1308 1541 1540
f 1539 1306 1310
f 1539 1310 1542
f 1543 1310 1311
f 1543 1542 1310
f 1540 1315 1307
f 1540 1544 1315
f 1545 1544 1540
f 1545 1540 1541
f 1543 1311 1316
f 1543 1316 1547
f 1546 1542 1543
f 1546 1543 1547
f 1552 1320 1321
f 1552 1551 1320
f 1553 1321 1322
f 1553 1552 1321
f 1323 1553 1322
f 1323 1554 1553
f 1324 1554 1323
f 1324 1555 1554
f 1544 1327 1315
f 1544 1556 1327
f 1557 1556 1544
f 1557 1544 1545
f 1558 1547 1316
f 1558 1316 1328
f 1561 1330 1331
f 1561 1560 1330
f 1560 1549 1548
f 1560 1561 1549
f 1562 1331 1332
f 1562 1561 1331
f 1333 1562 1332
f 1333 1563 1562
f 1334 1563 1333
f 1334 1564 1563
f 1566 1320 1551
f 1566 1335 1320
f 1565 1551 1550
f 1565 1566 1551
f 1568 1553 1554
f 1568 1554 1569
f 1555 1324 1337
f 1555 1337 1570
f 1571 1327 1556
f 1571 1340 1327
f 1341 1340 1571
f 1341 1571 1572
f 1571 1556 1557
f 1571 1557 1572
f 1558 1328 1342
f 1558 1342 1573
f 1575 1330 1560
f 1575 1348 1330
f 1575 1347 1348
f 1575 1574 1347
f 1575 1559 1574
f 1575 1560 1559
f 1576 1561 1562
f 1576 1562 1577
f 1578 1577 1562
f 1578 1562 1563
f 1579 1564 1334
f 1579 1334 1351
f 1579 1351 1350
f 1579 1350 1578
f 1580 1335 1566
f 1580 1352 1335
f 1581 1353 1352
f 1581 1352 1580
f 1580 1566 1567
f 1580 1567 1581
f 1582 1354 1353
f 1582 1353 1581
f 1581 1567 1568
f 1581 1568 1582
f 1355 1354 1582
f 1355 1582 1583
f 1583 1582 1568
f 1583 1568 1569
f 1584 1570 1337
f 1584 1337 1356
f 1584 1356 1355
f 1584 1355 1583
f 1584 1583 1569
f 1584 1569 1570
f 1585 1341 1572
f 1585 1359 1341
f 1360 1359 1585
f 1360 1585 1586
f 1588 1573 1342
f 1588 1342 1362
f 1588 1362 1361
f 1588 1361 1587
f 1364 1589 1363
f 1364 1590 1589
f 1591 1347 1574
f 1591 1367 1347
f 1592 1368 1367
f 1592 1367 1591
f 1591 1574 1575
f 1591 1575 1592
f 1593 1369 1368
f 1593 1368 1592
f 1592 1575 1576
f 1592 1576 1593
f 1594 1370 1369
f 1594 1369 1593
f 1593 1576 1577
f 1593 1577 1594
f 1595 1578 1350
f 1595 1350 1371
f 1595 1371 1370
f 1595 1370 1594
f 1595 1594 1577
f 1595 1577 1578
f 1596 1360 1586
f 1596 1376 1360
f 1597 1587 1361
f 1597 1361 1377
f 1377 1376 1596
f 1377 1596 1597
f 1598 1363 1589
f 1598 1379 1363
f 1590 1364 1380
f 1590 1380 1599
f 1380 1379 1598
f 1380 1598 1599
f 1598 1589 1590
f 1598 1590 1599
f 1398 1600 1397
f 1398 1601 1600
f 1399 1601 1398
f 1399 1602 1601
f 1604 1397 1600
f 1604 1402 1397
f 1602 1399 1403
f 1602 1403 1605
f 1606 1403 1404
f 1606 1605 1403
f 1605 1603 1602
f 1605 1606 1603
f 1608 1405 1406
f 1608 1607 1405
f 1609 1406 1407
f 1609 1608 1406
f 1409 1610 1408
f 1409 1611 1610
f 1604 1412 1402
f 1604 1612 1412
f 1613 1606 1404
f 1613 1404 1413
f 1615 1414 1415
f 1615 1614 1414
f 1616 1415 1416
f 1616 1615 1415
f 1419 1617 1418
f 1419 1618 1617
f 1620 1405 1607
f 1620 1421 1405
f 1421 1619 1420
f 1421 1620 1619
f 1621 1620 1607
f 1621 1607 1608
f 1609 1407 1423
f 1609 1423 1622
f 1423 1422 1621
f 1423 1621 1622
f 1621 1608 1609
f 1621 1609 1622
f 1610 1424 1408
f 1610 1623 1424
f 1624 1611 1409
f 1624 1409 1425
f 1425 1424 1623
f 1425 1623 1624
f 1623 1610 1611
f 1623 1611 1624
f 1625 1412 1612
f 1625 1428 1412
f 1613 1413 1429
f 1613 1429 1627
f 1628 1414 1614
f 1628 1430 1414
f 1628 1614 1615
f 1628 1615 1629
f 1616 1416 1432
f 1616 1432 1630
f 1630 1629 1615
f 1630 1615 1616
f 1631 1418 1617
f 1631 1434 1418
f 1632 1618 1419
f 1632 1419 1435
f 1435 1434 1631
f 1435 1631 1632
f 1631 1617 1618
f 1631 1618 1632
f 1633 1420 1619
f 1633 1436 1420
f 1437 1436 1633
f 1437 1633 1634
f 1634 1633 1619
f 1634 1619 1620
f 1635 1621 1422
f 1635 1422 1438
f 1438 1437 1634
f 1438 1634 1635
f 1636 1621 1635
f 1636 1622 1621
f 1625 1442 1428
f 1625 1637 1442
f 1627 1429 1444
f 1627 1444 1639
f 1639 1444 1443
f 1639 1443 1638
f 1639 1638 1626
f 1639 1626 1627
f 1640 1430 1628
f 1640 1445 1430
f 1446 1445 1640
f 1446 1640 1641
f 1641 1640 1628
f 1641 1628 1629
f 1642 1630 1432
f 1642 1432 1447
f 1642 1447 1446
f 1642 1446 1641
f 1637 1451 1442
f 1637 1643 1451
f 1452 1451 1643
f 1452 1643 1644
f 1645 1638 1443
f 1645 1443 1453
f 1646 1638 1645
f 1646 1639 1638
f 1644 1457 1452
f 1644 1647 1457
f 1645 1453 1458
f 1645 1458 1648
f 1458 1457 1647
f 1458 1647 1648
f 1647 1644 1645
f 1647 1645 1648
f 1649 1645 1648
f 1649 1646 1645
f 1650 1649 1648
f 1650 1651 1649
f 1652 1651 1650
f 1652 1653 1651
f 1460 1654 1459
f 1460 1655 1654
f 1656 1460 1461
f 1656 1655 1460
f 1464 1657 1463
f 1464 1658 1657
f 1465 1658 1464
f 1465 1659 1658
f 1661 1459 1654
f 1661 1469 1459
f 1662 1656 1461
f 1662 1461 1470
f 1664 1463 1657
f 1664 1473 1463
f 1659 1465 1474
f 1659 1474 1665
f 1475 1665 1474
f 1475 1666 1665
f 1665 1660 1659
f 1665 1666 1660
f 1661 1478 1469
f 1661 1667 1478
f 1668 1662 1470
f 1668 1470 1479
f 1668 1663 1662
f 1668 1669 1663
f 1664 1482 1473
f 1664 1670 1482
f 1671 1666 1475
f 1671 1475 1483
f 1673 1484 1485
f 1673 1672 1484
f 1667 1488 1478
f 1667 1674 1488
f 1668 1479 1489
f 1668 1489 1675
f 1676 1489 1490
f 1676 1675 1489
f 1676 1668 1675
f 1676 1669 1668
f 1670 1492 1482
f 1670 1677 1492
f 1680 1671 1483
f 1680 1483 1493
f 1672 1496 1484
f 1672 1682 1496
f 1496 1681 1495
f 1496 1682 1681
f 1673 1485 1497
f 1673 1497 1683
f 1683 1682 1672
f 1683 1672 1673
f 1684 1488 1674
f 1684 1502 1488
f 1686 1676 1490
f 1686 1490 1504
f 1686 1504 1503
f 1686 1503 1685
f 1686 1685 1675
f 1686 1675 1676
f 1687 1492 1677
f 1687 1506 1492
f 1687 1677 1678
f 1687 1678 1688
f 1680 1493 1508
f 1680 1508 1690
f 1690 1508 1507
f 1690 1507 1689
f 1690 1689 1679
f 1690 1679 1680
f 1691 1495 1681
f 1691 1510 1495
f 1511 1510 1691
f 1511 1691 1692
f 1692 1691 1681
f 1692 1681 1682
f 1693 1683 1497
f 1693 1497 1512
f 1693 1512 1511
f 1693 1511 1692
f 1684 1516 1502
f 1684 1694 1516
f 1517 1516 1694
f 1517 1694 1695
f 1696 1685 1503
f 1696 1503 1518
f 1687 1519 1506
f 1687 1698 1519
f 1520 1519 1698
f 1520 1698 1699
f 1700 1689 1507
f 1700 1507 1521
f 1701 1689 1700
f 1701 1690 1689
f 1695 1530 1517
f 1695 1702 1530
f 1703 1696 1518
f 1703 1518 1531
f 1531 1530 1702
f 1531 1702 1703
f 1703 1697 1696
f 1703 1704 1697
f 1705 1520 1699
f 1705 1532 1520
f 1700 1521 1533
f 1700 1533 1706
f 1533 1532 1705
f 1533 1705 1706
f 1705 1699 1700
f 1705 1700 1706
f 1707 1700 1706
f 1707 1701 1700
f 1708 1703 1702
f 1708 1709 1703
f 1710 1703 1709
f 1710 1704 1703
f 1713 1706 1712
f 1713 1707 1706
f 1715 1708 1714
f 1715 1709 1708
f 1717 1711 1716
f 1717 1712 1711
f 1538 1718 1537
f 1538 1719 1718
f 1539 1719 1538
f 1539 1720 1719
f 1718 1541 1537
f 1718 1721 1541
f 1722 1721 1718
f 1722 1718 1719
f 1720 1539 1542
f 1720 1542 1723
f 1721 1545 1541
f 1721 1725 1545
f 1723 1542 1546
f 1723 1546 1726
f 1727 1546 1547
f 1727 1726 1546
f 1726 1724 1723
f 1726 1727 1724
f 1549 1728 1548
f 1549 1729 1728
f 1731 1550 1551
f 1731 1730 1550
f 1732 1551 1552
f 1732 1731 1551
f 1733 1552 1553
f 1733 1732 1552
f 1555 1734 1554
f 1555 1735 1734
f 1725 1557 1545
f 1725 1736 1557
f 1727 1547 1558
f 1727 1558 1739
f 1728 1560 1548
f 1728 1741 1560
f 1741 1559 1560
f 1741 1740 1559
f 1742 1729 1549
f 1742 1549 1561
f 1742 1741 1728
f 1742 1728 1729
f 1564 1743 1563
f 1564 1744 1743
f 1730 1565 1550
f 1730 1745 1565
f 1746 1566 1565
f 1746 1565 1745
f 1745 1730 1731
f 1745 1731 1746
f 1567 1566 1746
f 1567 1746 1747
f 1733 1553 1568
f 1733 1568 1748
f 1748 1568 1567
f 1748 1567 1747
f 1749 1554 1734
f 1749 1569 1554
f 1750 1735 1555
f 1750 1555 1570
f 1570 1569 1749
f 1570 1749 1750
f 1749 1734 1735
f 1749 1735 1750
f 1751 1557 1736
f 1751 1572 1557
f 1751 1736 1737
f 1751 1737 1752
f 1754 1739 1558
f 1754 1558 1573
f 1754 1753 1738
f 1754 1738 1739
f 1755 1559 1740
f 1755 1574 1559
f 1575 1574 1755
f 1575 1755 1756
f 1756 1755 1740
f 1756 1740 1741
f 1757 1742 1561
f 1757 1561 1576
f 1576 1575 1756
f 1576 1756 1757
f 1758 1563 1743
f 1758 1578 1563
f 1759 1744 1564
f 1759 1564 1579
f 1579 1578 1758
f 1579 1758 1759
f 1758 1743 1744
f 1758 1744 1759
f 1751 1585 1572
f 1751 1760 1585
f 1586 1585 1760
f 1586 1760 1761
f 1754 1573 1588
f 1754 1588 1763
f 1588 1587 1762
f 1588 1762 1763
f 1762 1753 1754
f 1762 1754 1763
f 1764 1586 1761
f 1764 1596 1586
f 1765 1762 1587
f 1765 1587 1597
f 1597 1596 1764
f 1597 1764 1765
f 1766 1762 1765
f 1766 1763 1762
f 1769 1765 1768
f 1769 1766 1765
f 1771 1767 1770
f 1771 1768 1767
f 1601 1772 1600
f 1601 1773 1772
f 1774 1601 1602
f 1774 1773 1601
f 1603 1774 1602
f 1603 1775 1774
f 1772 1604 1600
f 1772 1776 1604
f 1776 1772 1773
f 1776 1773 1777
f 1778 1777 1773
f 1778 1773 1774
f 1779 1775 1603
f 1779 1603 1606
f 1779 1778 1774
f 1779 1774 1775
f 1776 1612 1604
f 1776 1780 1612
f 1780 1776 1777
f 1780 1777 1781
f 1783 1779 1606
f 1783 1606 1613
f 1783 1782 1778
f 1783 1778 1779
f 1621 1784 1620
f 1621 1785 1784
f 1786 1621 1622
f 1786 1785 1621
f 1787 1612 1780
f 1787 1625 1612
f 1788 1781 1782
f 1788 1782 1789
f 1783 1613 1627
f 1783 1627 1790
f 1790 1627 1626
f 1790 1626 1789
f 1789 1782 1783
f 1789 1783 1790
f 1630 1791 1629
f 1630 1792 1791
f 1784 1634 1620
f 1784 1793 1634
f 1635 1634 1793
f 1635 1793 1794
f 1794 1793 1784
f 1794 1784 1785
f 1786 1622 1636
f 1786 1636 1795
f 1636 1635 1794
f 1636 1794 1795
f 1794 1785 1786
f 1794 1786 1795
f 1796 1625 1787
f 1796 1637 1625
f 1798 1789 1626
f 1798 1626 1638
f 1639 1798 1638
f 1639 1799 1798
f 1798 1790 1789
f 1798 1799 1790
f 1791 1641 1629
f 1791 1800 1641
f 1792 1630 1642
f 1792 1642 1801
f 1642 1641 1800
f 1642 1800 1801
f 1800 1791 1792
f 1800 1792 1801
f 1802 1637 1796
f 1802 1643 1637
f 1644 1643 1802
f 1644 1802 1803
f 1802 1796 1797
f 1802 1797 1803
f 1804 1645 1644
f 1804 1644 1803
f 1799 1639 1646
f 1799 1646 1805
f 1804 1648 1645
f 1804 1808 1648
f 1805 1646 1649
f 1805 1649 1809
f 1810 1805 1809
f 1810 1806 1805
f 1808 1650 1648
f 1808 1812 1650
f 1811 1808 1807
f 1811 1812 1808
f 1809 1649 1651
f 1809 1651 1813
f 1812 1808 1809
f 1812 1809 1813
f 1815 1650 1812
f 1815 1652 1650
f 1813 1651 1653
f 1813 1653 1816
f 1653 1652 1815
f 1653 1815 1816
f 1816 1814 1813
f 1816 1817 1814
f 1819 1818 1817
f 1819 1820 1818
f 1821 1820 1819
f 1821 1822 1820
f 1655 1823 1654
f 1655 1824 1823
f 1656 1824 1655
f 1656 1825 1824
f 1658 1826 1657
f 1658 1827 1826
f 1659 1827 1658
f 1659 1828 1827
f 1660 1828 1659
f 1660 1829 1828
f 1823 1661 1654
f 1823 1830 1661
f 1830 1823 1824
f 1830 1824 1831
f 1825 1656 1662
f 1825 1662 1832
f 1831 1824 1825
f 1831 1825 1832
f 1833 1662 1663
f 1833 1832 1662
f 1826 1664 1657
f 1826 1834 1664
f 1834 1826 1827
f 1834 1827 1835
f 1835 1827 1828
f 1835 1828 1836
f 1837 1829 1660
f 1837 1660 1666
f 1837 1836 1828
f 1837 1828 1829
f 1830 1667 1661
f 1830 1838 1667
f 1838 1830 1831
f 1838 1831 1839
f 1840 1839 1831
f 1840 1831 1832
f 1841 1833 1663
f 1841 1663 1669
f 1840 1832 1833
f 1840 1833 1841
f 1834 1670 1664
f 1834 1842 1670
f 1842 1834 1835
f 1842 1835 1843
f 1844 1843 1835
f 1844 1835 1836
f 1845 1837 1666
f 1845 1666 1671
f 1845 1844 1836
f 1845 1836 1837
f 1846 1667 1838
f 1846 1674 1667
f 1847 1839 1840
f 1847 1840 1848
f 1849 1841 1669
f 1849 1669 1676
f 1849 1676 1675
f 1849 1675 1848
f 1849 1848 1840
f 1849 1840 1841
f 1842 1677 1670
f 1842 1850 1677
f 1678 1677 1850
f 1678 1850 1851
f 1852 1851 1843
f 1852 1843 1844
f 1853 1845 1671
f 1853 1671 1680
f 1853 1680 1679
f 1853 1679 1852
f 1853 1852 1844
f 1853 1844 1845
f 1683 1854 1682
f 1683 1855 1854
f 1846 1684 1674
f 1846 1856 1684
f 1857 1848 1675
f 1857 1675 1685
f 1860 1678 1851
f 1860 1688 1678
f 1688 1859 1687
f 1688 1860 1859
f 1860 1850 1859
f 1860 1851 1850
f 1861 1852 1679
f 1861 1679 1689
f 1862 1689 1690
f 1862 1861 1689
f 1854 1692 1682
f 1854 1863 1692
f 1855 1683 1693
f 1855 1693 1864
f 1693 1692 1863
f 1693 1863 1864
f 1863 1854 1855
f 1863 1855 1864
f 1865 1684 1856
f 1865 1694 1684
f 1866 1695 1694
f 1866 1694 1865
f 1867 1857 1685
f 1867 1685 1696
f 1697 1867 1696
f 1697 1868 1867
f 1867 1858 1857
f 1867 1868 1858
f 1870 1687 1859
f 1870 1698 1687
f 1699 1698 1870
f 1699 1870 1871
f 1870 1859 1860
f 1870 1860 1871
f 1872 1700 1699
f 1872 1699 1871
f 1862 1690 1701
f 1862 1701 1873
f 1866 1702 1695
f 1866 1875 1702
f 1877 1868 1697
f 1877 1697 1704
f 1877 1869 1868
f 1877 1878 1869
f 1872 1706 1700
f 1872 1880 1706
f 1873 1701 1707
f 1873 1707 1881
f 1882 1873 1881
f 1882 1874 1873
f 1875 1708 1702
f 1875 1883 1708
f 1877 1704 1710
f 1877 1710 1885
f 1710 1709 1884
f 1710 1884 1885
f 1885 1884 1876
f 1885 1876 1877
f 1880 1712 1706
f 1880 1887 1712
f 1712 1886 1711
f 1712 1887 1886
f 1887 1879 1886
f 1887 1880 1879
f 1881 1707 1713
f 1881 1713 1888
f 1713 1712 1887
f 1713 1887 1888
f 1888 1887 1880
f 1888 1880 1881
f 1883 1714 1708
f 1883 1890 1714
f 1891 1884 1709
f 1891 1709 1715
f 1715 1714 1890
f 1715 1890 1891
f 1891 1885 1884
f 1891 1892 1885
f 1895 1711 1886
f 1895 1716 1711
f 1896 1887 1712
f 1896 1712 1717
f 1717 1716 1895
f 1717 1895 1896
f 1896 1895 1886
f 1896 1886 1887
f 1896 1888 1887
f 1896 1897 1888
f 1897 1889 1888
f 1897 1898 1889
f 1900 1893 1892
f 1900 1901 1893
f 1901 1894 1893
f 1901 1902 1894
f 1903 1898 1897
f 1903 1904 1898
f 1904 1899 1898
f 1904 1905 1899
f 1720 1906 1719
f 1720 1907 1906
f 1906 1722 1719
f 1906 1909 1722
f 1722 1908 1721
f 1722 1909 1908
f 1910 1907 1720
f 1910 1720 1723
f 1910 1909 1906
f 1910 1906 1907
f 1911 1723 1724
f 1911 1910 1723
f 1908 1725 1721
f 1908 1912 1725
f 1913 1912 1908
f 1913 1908 1909
f 1914 1913 1909
f 1914 1909 1910
f 1915 1911 1724
f 1915 1724 1727
f 1914 1910 1911
f 1914 1911 1915
f 1732 1916 1731
f 1732 1917 1916
f 1733 1917 1732
f 1733 1918 1917
f 1912 1736 1725
f 1912 1919 1736
f 1737 1736 1919
f 1737 1919 1920
f 1921 1920 1913
f 1921 1913 1914
f 1922 1915 1727
f 1922 1727 1739
f 1922 1739 1738
f 1922 1738 1921
f 1922 1921 1914
f 1922 1914 1915
f 1742 1923 1741
f 1742 1924 1923
f 1925 1731 1916
f 1925 1746 1731
f 1747 1746 1925
f 1747 1925 1926
f 1925 1916 1917
f 1925 1917 1926
f 1918 1733 1748
f 1918 1748 1927
f 1748 1747 1926
f 1748 1926 1927
f 1927 1926 1917
f 1927 1917 1918
f 1929 1737 1920
f 1929 1752 1737
f 1752 1928 1751
f 1752 1929 1928
f 1930 1921 1738
f 1930 1738 1753
f 1923 1756 1741
f 1923 1932 1756
f 1924 1742 1757
f 1924 1757 1933
f 1757 1756 1932
f 1757 1932 1933
f 1932 1923 1924
f 1932 1924 1933
f 1928 1760 1751
f 1928 1934 1760
f 1935 1761 1760
f 1935 1760 1934
f 1936 1930 1753
f 1936 1753 1762
f 1763 1936 1762
f 1763 1937 1936
f 1936 1931 1930
f 1936 1937 1931
f 1935 1764 1761
f 1935 1939 1764
f 1765 1764 1939
f 1765 1939 1940
f 1937 1763 1766
f 1937 1766 1941
f 1941 1938 1937
f 1941 1942 1938
f 1940 1768 1765
f 1940 1944 1768
f 1768 1943 1767
f 1768 1944 1943
f 1941 1766 1769
f 1941 1769 1945
f 1769 1768 1944
f 1769 1944 1945
f 1945 1944 1940
f 1945 1940 1941
f 1946 1941 1945
f 1946 1942 1941
f 1943 1770 1767
f 1943 1947 1770
f 1944 1768 1771
f 1944 1771 1948
f 1771 1770 1947
f 1771 1947 1948
f 1947 1943 1944
f 1947 1944 1948
f 1948 1945 1944
f 1948 1949 1945
f 1949 1946 1945
f 1949 1950 1946
f 1952 1949 1948
f 1952 1953 1949
f 1953 1950 1949
f 1953 1954 1950
f 1954 1951 1950
f 1954 1955 1951
f 1958 1957 1956
f 1958 1959 1957
f 1961 1777 1778
f 1961 1960 1777
f 1960 1781 1777
f 1960 1963 1781
f 1781 1962 1780
f 1781 1963 1962
f 1961 1778 1782
f 1961 1782 1964
f 1964 1782 1781
f 1964 1781 1963
f 1964 1963 1960
f 1964 1960 1961
f 1962 1787 1780
f 1962 1965 1787
f 1963 1781 1788
f 1963 1788 1966
f 1966 1965 1962
f 1966 1962 1963
f 1967 1788 1789
f 1967 1966 1788
f 1968 1789 1790
f 1968 1967 1789
f 1969 1787 1965
f 1969 1796 1787
f 1797 1796 1969
f 1797 1969 1970
f 1969 1965 1966
f 1969 1966 1970
f 1970 1966 1967
f 1970 1967 1971
f 1968 1790 1799
f 1968 1799 1972
f 1971 1967 1968
f 1971 1968 1972
f 1973 1797 1970
f 1973 1803 1797
f 1804 1803 1973
f 1804 1973 1974
f 1973 1970 1971
f 1973 1971 1974
f 1972 1799 1805
f 1972 1805 1975
f 1974 1971 1972
f 1974 1972 1975
f 1806 1975 1805
f 1806 1976 1975
f 1978 1804 1974
f 1978 1808 1804
f 1808 1977 1807
f 1808 1978 1977
f 1809 1808 1978
f 1809 1978 1979
f 1979 1978 1974
f 1979 1974 1975
f 1976 1806 1810
f 1976 1810 1980
f 1810 1809 1979
f 1810 1979 1980
f 1979 1975 1976
f 1979 1976 1980
f 1977 1811 1807
f 1977 1981 1811
f 1978 1808 1812
f 1978 1812 1982
f 1812 1811 1981
f 1812 1981 1982
f 1981 1977 1978
f 1981 1978 1982
f 1813 1982 1812
f 1813 1983 1982
f 1814 1983 1813
f 1814 1984 1983
f 1982 1815 1812
f 1982 1985 1815
f 1816 1815 1985
f 1816 1985 1986
f 1985 1982 1983
f 1985 1983 1986
f 1987 1984 1814
f 1987 1814 1817
f 1817 1816 1986
f 1817 1986 1987
f 1986 1983 1984
f 1986 1984 1987
f 1988 1817 1818
f 1988 1987 1817
f 1987 1819 1817
f 1987 1989 1819
f 1988 1818 1820
f 1988 1820 1990
f 1989 1987 1988
f 1989 1988 1990
f 1989 1821 1819
f 1989 1992 1821
f 1990 1820 1822
f 1990 1822 1993
f 1993 1822 1821
f 1993 1821 1992
f 1995 1991 1994
f 1995 1992 1991
f 1997 1994 1996
f 1997 1995 1994
f 1999 1996 1998
f 1999 1997 1996
f 1839 2000 1838
f 1839 2001 2000
f 1843 2002 1842
f 1843 2003 2002
f 2000 1846 1838
f 2000 2004 1846
f 2001 1839 1847
f 2001 1847 2005
f 2004 2000 2001
f 2004 2001 2005
f 2006 1847 1848
f 2006 2005 1847
f 2002 1850 1842
f 2002 2007 1850
f 2003 1843 1851
f 2003 1851 2008
f 2007 2002 2003
f 2007 2003 2008
f 2009 1851 1852
f 2009 2008 1851
f 2004 1856 1846
f 2004 2010 1856
f 2011 2010 2004
f 2011 2004 2005
f 2006 1848 1857
f 2006 1857 2012
f 2011 2005 2006
f 2011 2006 2012
f 2013 1857 1858
f 2013 2012 1857
f 2014 1850 2007
f 2014 1859 1850
f 1860 1859 2014
f 1860 2014 2015
f 2014 2007 2008
f 2014 2008 2015
f 2009 1852 1861
f 2009 1861 2016
f 2015 2008 2009
f 2015 2009 2016
f 1862 2016 1861
f 1862 2017 2016
f 2018 1856 2010
f 2018 1865 1856
f 1866 1865 2018
f 1866 2018 2019
f 2018 2010 2011
f 2018 2011 2019
f 2019 2011 2012
f 2019 2012 2020
f 2021 2013 1858
f 2021 1858 1868
f 2020 2012 2013
f 2020 2013 2021
f 1869 2021 1868
f 1869 2022 2021
f 2015 1871 1860
f 2015 2023 1871
f 1872 1871 2023
f 1872 2023 2024
f 2023 2015 2016
f 2023 2016 2024
f 2017 1862 1873
f 2017 1873 2025
f 2024 2016 2017
f 2024 2017 2025
f 1874 2025 1873
f 1874 2026 2025
f 2027 1866 2019
f 2027 1875 1866
f 2027 2019 2020
f 2027 2020 2028
f 2029 1877 1876
f 2029 1876 2028
f 2029 2028 2020
f 2029 2020 2021
f 2022 1869 1878
f 2022 1878 2030
f 1878 1877 2029
f 1878 2029 2030
f 2029 2021 2022
f 2029 2022 2030
f 2032 1872 2024
f 2032 1880 1872
f 1880 2031 1879
f 1880 2032 2031
f 1881 1880 2032
f 1881 2032 2033
f 2033 2032 2024
f 2033 2024 2025
f 2026 1874 1882
f 2026 1882 2034
f 1882 1881 2033
f 1882 2033 2034
f 2033 2025 2026
f 2033 2026 2034
f 2035 1875 2027
f 2035 1883 1875
f 2036 2028 1876
f 2036 1876 1884
f 2035 2027 2028
f 2035 2028 2036
f 2037 1884 1885
f 2037 2036 1884
f 2038 1879 2031
f 2038 1886 1879
f 2039 2032 1880
f 2039 1880 1887
f 2039 1887 1886
f 2039 1886 2038
f 2038 2031 2032
f 2038 2032 2039
f 1888 2039 1887
f 1888 2040 2039
f 1889 2040 1888
f 1889 2041 2040
f 2042 1883 2035
f 2042 1890 1883
f 1891 1890 2042
f 1891 2042 2043
f 2042 2035 2036
f 2042 2036 2043
f 2037 1885 1892
f 2037 1892 2044
f 1892 1891 2043
f 1892 2043 2044
f 2043 2036 2037
f 2043 2037 2044
f 1893 2044 1892
f 1893 2045 2044
f 2046 1893 1894
f 2046 2045 1893
f 2039 1896 1887
f 2039 2047 1896
f 1897 1896 2047
f 1897 2047 2048
f 2047 2039 2040
f 2047 2040 2048
f 2041 1889 1898
f 2041 1898 2049
f 2048 2040 2041
f 2048 2041 2049
f 2050 1898 1899
f 2050 2049 1898
f 2044 1900 1892
f 2044 2051 1900
f 2052 1901 1900
f 2052 1900 2051
f 2051 2044 2045
f 2051 2045 2052
f 2046 1894 1902
f 2046 1902 2053
f 2053 1902 1901
f 2053 1901 2052
f 2053 2052 2045
f 2053 2045 2046
f 2048 1903 1897
f 2048 2054 1903
f 1904 1903 2054
f 1904 2054 2055
f 2054 2048 2049
f 2054 2049 2055
f 2050 1899 1905
f 2050 1905 2056
f 1905 1904 2055
f 1905 2055 2056
f 2055 2049 2050
f 2055 2050 2056
f 2058 2051 2057
f 2058 2052 2051
f 2061 2055 2060
f 2061 2056 2055
f 2062 2058 2057
f 2062 2063 2058
f 2066 2059 2065
f 2066 2060 2059
f 2069 2062 2068
f 2069 2063 2062
f 2069 2064 2063
f 2069 2070 2064
f 2071 2066 2065
f 2071 2072 2066
f 2072 2067 2066
f 2072 2073 2067
f 2075 2068 2074
f 2075 2069 2068
f 2077 2071 2076
f 2077 2072 2071
f 1913 2078 1912
f 1913 2079 2078
f 2078 1919 1912
f 2078 2080 1919
f 2079 1913 1920
f 2079 1920 2081
f 1920 1919 2080
f 1920 2080 2081
f 2080 2078 2079
f 2080 2079 2081
f 2082 1920 1921
f 2082 2081 1920
f 2081 1929 1920
f 2081 2084 1929
f 2084 1928 1929
f 2084 2083 1928
f 2085 2082 1921
f 2085 1921 1930
f 2084 2081 2082
f 2084 2082 2085
f 2086 1930 1931
f 2086 2085 1930
f 2087 1928 2083
f 2087 1934 1928
f 2088 1935 1934
f 2088 1934 2087
f 2087 2083 2084
f 2087 2084 2088
f 2088 2084 2085
f 2088 2085 2089
f 2090 2086 1931
f 2090 1931 1937
f 2089 2085 2086
f 2089 2086 2090
f 1938 2090 1937
f 1938 2091 2090
f 2092 1935 2088
f 2092 1939 1935
f 2093 1940 1939
f 2093 1939 2092
f 2092 2088 2089
f 2092 2089 2093
f 1941 1940 2093
f 1941 2093 2094
f 2093 2089 2090
f 2093 2090 2094
f 2095 2091 1938
f 2095 1938 1942
f 2094 2090 2091
f 2094 2091 2095
f 2097 1941 2094
f 2097 1945 1941
f 1945 2096 1944
f 1945 2097 2096
f 2095 1942 1946
f 2095 1946 2098
f 2098 2097 2094
f 2098 2094 2095
f 2096 1948 1944
f 2096 2099 1948
f 2100 2099 2096
f 2100 2096 2097
f 2098 1946 1950
f 2098 1950 2101
f 2100 2097 2098
f 2100 2098 2101
f 2102 1950 1951
f 2102 2101 1950
f 2099 1952 1948
f 2099 2103 1952
f 1953 1952 2103
f 1953 2103 2104
f 2103 2099 2100
f 2103 2100 2104
f 1954 1953 2104
f 1954 2104 2105
f 2104 2100 2101
f 2104 2101 2105
f 2102 1951 1955
f 2102 1955 2106
f 2106 1955 1954
f 2106 1954 2105
f 2105 2101 2102
f 2105 2102 2106
f 1957 2107 1956
f 1957 2108 2107
f 2107 1958 1956
f 2107 2110 1958
f 2108 1957 1959
f 2108 1959 2111
f 2111 1959 1958
f 2111 1958 2110
f 2111 2110 2107
f 2111 2107 2108
f 2113 2109 2112
f 2113 2110 2109
f 2114 2110 2113
f 2114 2111 2110
f 2116 2112 2115
f 2116 2113 2112
f 1990 2117 1989
f 1990 2118 2117
f 2117 1992 1989
f 2117 2120 1992
f 2120 1991 1992
f 2120 2119 1991
f 2118 1990 1993
f 2118 1993 2121
f 2121 1993 1992
f 2121 1992 2120
f 2121 2120 2117
f 2121 2117 2118
f 2122 1991 2119
f 2122 1994 1991
f 2120 1992 1995
f 2120 1995 2123
f 2123 2122 2119
f 2123 2119 2120
f 2122 1996 1994
f 2122 2124 1996
f 2123 1995 1997
f 2123 1997 2125
f 2125 2124 2122
f 2125 2122 2123
f 2124 1998 1996
f 2124 2126 1998
f 2125 1997 1999
f 2125 1999 2127
f 1999 1998 2126
f 1999 2126 2127
f 2127 2126 2124
f 2127 2124 2125
f 2129 2051 2052
f 2129 2128 2051
f 2056 2130 2055
f 2056 2131 2130
f 2128 2057 2051
f 2128 2132 2057
f 2129 2052 2058
f 2129 2058 2133
f 2132 2128 2129
f 2132 2129 2133
f 2130 2060 2055
f 2130 2135 2060
f 2135 2059 2060
f 2135 2134 2059
f 2131 2056 2061
f 2131 2061 2136
f 2136 2061 2060
f 2136 2060 2135
f 2136 2135 2130
f 2136 2130 2131
f 2137 2057 2132
f 2137 2062 2057
f 2133 2058 2063
f 2133 2063 2138
f 2137 2132 2133
f 2137 2133 2138
f 2064 2138 2063
f 2064 2139 2138
f 2140 2059 2134
f 2140 2065 2059
f 2135 2060 2066
f 2135 2066 2141
f 2141 2140 2134
f 2141 2134 2135
f 2067 2141 2066
f 2067 2142 2141
f 2137 2068 2062
f 2137 2143 2068
f 2144 2143 2137
f 2144 2137 2138
f 2139 2064 2070
f 2139 2070 2145
f 2145 2070 2069
f 2145 2069 2144
f 2145 2144 2138
f 2145 2138 2139
f 2140 2071 2065
f 2140 2146 2071
f 2146 2140 2141
f 2146 2141 2147
f 2142 2067 2073
f 2142 2073 2148
f 2148 2073 2072
f 2148 2072 2147
f 2147 2141 2142
f 2147 2142 2148
f 2143 2074 2068
f 2143 2149 2074
f 2144 2069 2075
f 2144 2075 2150
f 2075 2074 2149
f 2075 2149 2150
f 2150 2149 2143
f 2150 2143 2144
f 2146 2076 2071
f 2146 2151 2076
f 2147 2072 2077
f 2147 2077 2152
f 2077 2076 2151
f 2077 2151 2152
f 2152 2151 2146
f 2152 2146 2147
f 2154 2109 2110
f 2154 2153 2109
f 2155 2110 2111
f 2155 2154 2110
f 2156 2109 2153
f 2156 2112 2109
f 2157 2156 2153
f 2157 2153 2154
f 2155 2111 2114
f 2155 2114 2158
f 2114 2113 2157
f 2114 2157 2158
f 2158 2157 2154
f 2158 2154 2155
f 2156 2115 2112
f 2156 2159 2115
f 2157 2113 2116
f 2157 2116 2160
f 2116 2115 2159
f 2116 2159 2160
f 2160 2159 2156
f 2160 2156 2157
f 2167 2162 2161
f 2167 2168 2162
f 2168 2163 2162
f 2168 2169 2163
f 2170 2165 2164
f 2170 2171 2165
f 2171 2166 2165
f 2171 2172 2166
f 2178 2174 2173
f 2178 2179 2174
f 2179 2175 2174
f 2179 2180 2175
f 2181 2177 2176
f 2181 2182 2177
f 2188 2184 2183
f 2188 2189 2184
f 2190 2186 2185
f 2190 2191 2186
f 2192 2186 2191
f 2192 2187 2186
f 2204 2193 2203
f 2204 2194 2193
f 2204 2195 2194
f 2204 2205 2195
f 2206 2195 2205
f 2206 2196 2195
f 2211 2197 2210
f 2211 2198 2197
f 2211 2199 2198
f 2211 2212 2199
f 2213 2201 2200
f 2213 2214 2201
f 2214 2202 2201
f 2214 2215 2202
f 2217 2161 2162
f 2217 2216 2161
f 2217 2203 2216
f 2217 2204 2203
f 2163 2217 2162
f 2163 2218 2217
f 2218 2204 2217
f 2218 2205 2204
f 2220 2207 2219
f 2220 2208 2207
f 2220 2209 2208
f 2220 2221 2209
f 2222 2164 2165
f 2222 2221 2164
f 2222 2209 2221
f 2222 2210 2209
f 2166 2222 2165
f 2166 2223 2222
f 2223 2210 2222
f 2223 2211 2210
f 2224 2211 2223
f 2224 2212 2211
f 2226 2215 2214
f 2226 2227 2215
f 2228 2161 2216
f 2228 2167 2161
f 2228 2215 2227
f 2228 2216 2215
f 2229 2168 2167
f 2229 2167 2228
f 2230 2218 2163
f 2230 2163 2169
f 2230 2169 2168
f 2230 2168 2229
f 2233 2219 2232
f 2233 2220 2219
f 2221 2170 2164
f 2221 2234 2170
f 2233 2221 2220
f 2233 2234 2221
f 2235 2171 2170
f 2235 2170 2234
f 2236 2223 2166
f 2236 2166 2172
f 2236 2172 2171
f 2236 2171 2235
f 2238 2225 2237
f 2238 2226 2225
f 2239 2226 2238
f 2239 2227 2226
f 2240 2227 2239
f 2240 2228 2227
f 2241 2228 2240
f 2241 2229 2228
f 2245 2231 2244
f 2245 2232 2231
f 2246 2232 2245
f 2246 2233 2232
f 2247 2233 2246
f 2247 2234 2233
f 2248 2236 2235
f 2248 2249 2236
f 2251 2243 2242
f 2251 2252 2243
f 2253 2245 2244
f 2253 2254 2245
f 2255 2245 2254
f 2255 2246 2245
f 2256 2250 2249
f 2256 2257 2250
f 2267 2258 2266
f 2267 2259 2258
f 2268 2259 2267
f 2268 2260 2259
f 2274 2261 2273
f 2274 2262 2261
f 2277 2263 2276
f 2277 2264 2263
f 2279 2173 2174
f 2279 2278 2173
f 2279 2265 2278
f 2279 2266 2265
f 2175 2279 2174
f 2175 2280 2279
f 2280 2266 2279
f 2280 2267 2266
f 2282 2269 2281
f 2282 2270 2269
f 2282 2271 2270
f 2282 2283 2271
f 2177 2284 2176
f 2177 2285 2284
f 2285 2272 2284
f 2285 2273 2272
f 2286 2273 2285
f 2286 2274 2273
f 2288 2275 2287
f 2288 2276 2275
f 2289 2276 2288
f 2289 2277 2276
f 2290 2173 2278
f 2290 2178 2173
f 2289 2278 2277
f 2289 2290 2278
f 2179 2178 2290
f 2179 2290 2291
f 2292 2280 2175
f 2292 2175 2180
f 2292 2180 2179
f 2292 2179 2291
f 2295 2281 2294
f 2295 2282 2281
f 2295 2283 2282
f 2295 2296 2283
f 2297 2176 2284
f 2297 2181 2176
f 2296 2284 2283
f 2296 2297 2284
f 2298 2285 2177
f 2298 2177 2182
f 2182 2181 2297
f 2182 2297 2298
f 2300 2287 2299
f 2300 2288 2287
f 2301 2288 2300
f 2301 2289 2288
f 2302 2289 2301
f 2302 2290 2289
f 2303 2290 2302
f 2303 2291 2290
f 2307 2293 2306
f 2307 2294 2293
f 2308 2294 2307
f 2308 2295 2294
f 2309 2295 2308
f 2309 2296 2295
f 2310 2296 2309
f 2310 2297 2296
f 2310 2298 2297
f 2310 2311 2298
f 2313 2300 2299
f 2313 2314 2300
f 2315 2300 2314
f 2315 2301 2300
f 2316 2305 2304
f 2316 2317 2305
f 2318 2307 2306
f 2318 2319 2307
f 2320 2307 2319
f 2320 2308 2307
f 2321 2312 2311
f 2321 2322 2312
f 2332 2323 2331
f 2332 2324 2323
f 2337 2325 2336
f 2337 2326 2325
f 2337 2327 2326
f 2337 2338 2327
f 2340 2329 2328
f 2340 2341 2329
f 2343 2183 2184
f 2343 2342 2183
f 2343 2330 2342
f 2343 2331 2330
f 2344 2331 2343
f 2344 2332 2331
f 2347 2333 2346
f 2347 2334 2333
f 2349 2185 2186
f 2349 2348 2185
f 2349 2335 2348
f 2349 2336 2335
f 2187 2349 2186
f 2187 2350 2349
f 2350 2336 2349
f 2350 2337 2336
f 2351 2337 2350
f 2351 2338 2337
f 2353 2339 2352
f 2353 2340 2339
f 2353 2341 2340
f 2353 2354 2341
f 2355 2183 2342
f 2355 2188 2183
f 2354 2342 2341
f 2354 2355 2342
f 2343 2184 2189
f 2343 2189 2356
f 2189 2188 2355
f 2189 2355 2356
f 2357 2343 2356
f 2357 2344 2343
f 2359 2345 2358
f 2359 2346 2345
f 2360 2346 2359
f 2360 2347 2346
f 2361 2185 2348
f 2361 2190 2185
f 2360 2348 2347
f 2360 2361 2348
f 2362 2191 2190
f 2362 2190 2361
f 2363 2350 2187
f 2363 2187 2192
f 2192 2191 2362
f 2192 2362 2363
f 2364 2353 2352
f 2364 2365 2353
f 2365 2354 2353
f 2365 2366 2354
f 2367 2354 2366
f 2367 2355 2354
f 2368 2355 2367
f 2368 2356 2355
f 2370 2358 2369
f 2370 2359 2358
f 2370 2360 2359
f 2370 2371 2360
f 2372 2360 2371
f 2372 2361 2360
f 2373 2361 2372
f 2373 2362 2361
f 2374 2362 2373
f 2374 2363 2362
f 2375 2365 2364
f 2375 2376 2365
f 2377 2365 2376
f 2377 2366 2365
f 2378 2370 2369
f 2378 2379 2370
f 2380 2370 2379
f 2380 2371 2370
f 2383 2382 2381
f 2383 2384 2382
f 2385 2384 2383
f 2385 2386 2384
f 2389 2388 2387
f 2389 2390 2388
f 2194 2401 2193
f 2194 2402 2401
f 2195 2402 2194
f 2195 2403 2402
f 2403 2391 2402
f 2403 2392 2391
f 2196 2403 2195
f 2196 2404 2403
f 2403 2393 2392
f 2403 2404 2393
f 2198 2409 2197
f 2198 2410 2409
f 2410 2394 2409
f 2410 2395 2394
f 2199 2410 2198
f 2199 2411 2410
f 2410 2396 2395
f 2410 2411 2396
f 2412 2398 2397
f 2412 2413 2398
f 2414 2200 2201
f 2414 2413 2200
f 2413 2399 2398
f 2413 2414 2399
f 2202 2414 2201
f 2202 2415 2414
f 2414 2400 2399
f 2414 2415 2400
f 2401 2203 2193
f 2401 2416 2203
f 2418 2404 2196
f 2418 2196 2206
f 2418 2206 2205
f 2418 2205 2417
f 2418 2417 2403
f 2418 2403 2404
f 2420 2405 2419
f 2420 2406 2405
f 2420 2407 2406
f 2420 2421 2407
f 2422 2207 2208
f 2422 2421 2207
f 2421 2408 2407
f 2421 2422 2408
f 2423 2208 2209
f 2423 2422 2208
f 2424 2197 2409
f 2424 2210 2197
f 2424 2209 2210
f 2424 2423 2209
f 2426 2411 2199
f 2426 2199 2212
f 2425 2410 2411
f 2425 2411 2426
f 2428 2200 2413
f 2428 2213 2200
f 2427 2413 2412
f 2427 2428 2413
f 2429 2214 2213
f 2429 2213 2428
f 2430 2415 2202
f 2430 2202 2215
f 2431 2203 2416
f 2431 2216 2203
f 2431 2215 2216
f 2431 2430 2215
f 2430 2416 2415
f 2430 2431 2416
f 2432 2417 2205
f 2432 2205 2218
f 2434 2420 2419
f 2434 2435 2420
f 2436 2207 2421
f 2436 2219 2207
f 2436 2420 2435
f 2436 2421 2420
f 2426 2212 2224
f 2426 2224 2438
f 2224 2223 2437
f 2224 2437 2438
f 2437 2425 2426
f 2437 2426 2438
f 2442 2428 2427
f 2442 2443 2428
f 2444 2214 2429
f 2444 2226 2214
f 2444 2225 2226
f 2444 2443 2225
f 2444 2428 2443
f 2444 2429 2428
f 2446 2432 2218
f 2446 2218 2230
f 2230 2229 2445
f 2230 2445 2446
f 2446 2433 2432
f 2446 2447 2433
f 2449 2219 2436
f 2449 2232 2219
f 2449 2231 2232
f 2449 2448 2231
f 2449 2435 2448
f 2449 2436 2435
f 2235 2234 2450
f 2235 2450 2451
f 2452 2437 2223
f 2452 2223 2236
f 2452 2438 2437
f 2452 2453 2438
f 2453 2439 2438
f 2453 2454 2439
f 2455 2441 2440
f 2455 2456 2441
f 2443 2237 2225
f 2443 2460 2237
f 2461 2238 2237
f 2461 2237 2460
f 2239 2238 2461
f 2239 2461 2462
f 2463 2240 2239
f 2463 2239 2462
f 2445 2229 2241
f 2445 2241 2464
f 2241 2240 2463
f 2241 2463 2464
f 2465 2445 2464
f 2465 2446 2445
f 2243 2465 2242
f 2243 2466 2465
f 2466 2446 2465
f 2466 2447 2446
f 2467 2231 2448
f 2467 2244 2231
f 2450 2234 2247
f 2450 2247 2470
f 2247 2246 2469
f 2247 2469 2470
f 2451 2248 2235
f 2451 2471 2248
f 2471 2450 2470
f 2471 2451 2450
f 2452 2236 2249
f 2452 2249 2472
f 2472 2249 2248
f 2472 2248 2471
f 2250 2472 2249
f 2250 2473 2472
f 2473 2452 2472
f 2473 2453 2452
f 2474 2453 2473
f 2474 2454 2453
f 2475 2457 2456
f 2475 2476 2457
f 2476 2458 2457
f 2476 2477 2458
f 2479 2459 2478
f 2479 2460 2459
f 2480 2460 2479
f 2480 2461 2460
f 2481 2463 2462
f 2481 2482 2463
f 2483 2463 2482
f 2483 2464 2463
f 2465 2251 2242
f 2465 2484 2251
f 2484 2464 2483
f 2484 2465 2464
f 2485 2466 2243
f 2485 2243 2252
f 2485 2252 2251
f 2485 2251 2484
f 2467 2253 2244
f 2467 2486 2253
f 2487 2254 2253
f 2487 2253 2486
f 2469 2246 2255
f 2469 2255 2488
f 2488 2255 2254
f 2488 2254 2487
f 2488 2487 2468
f 2488 2468 2469
f 2489 2471 2470
f 2489 2490 2471
f 2472 2256 2249
f 2472 2491 2256
f 2491 2471 2490
f 2491 2472 2471
f 2492 2473 2250
f 2492 2250 2257
f 2492 2257 2256
f 2492 2256 2491
f 2493 2483 2482
f 2493 2494 2483
f 2495 2483 2494
f 2495 2484 2483
f 2497 2490 2496
f 2497 2491 2490
f 2506 2258 2259
f 2506 2505 2258
f 2506 2498 2505
f 2506 2499 2498
f 2507 2259 2260
f 2507 2506 2259
f 2513 2261 2262
f 2513 2512 2261
f 2514 2501 2500
f 2514 2515 2501
f 2515 2502 2501
f 2515 2516 2502
f 2264 2516 2263
f 2264 2517 2516
f 2516 2503 2502
f 2516 2517 2503
f 2519 2258 2505
f 2519 2266 2258
f 2519 2265 2266
f 2519 2518 2265
f 2519 2504 2518
f 2519 2505 2504
f 2507 2260 2268
f 2507 2268 2521
f 2268 2267 2520
f 2268 2520 2521
f 2520 2506 2507
f 2520 2507 2521
f 2522 2509 2508
f 2522 2523 2509
f 2524 2269 2270
f 2524 2523 2269
f 2523 2510 2509
f 2523 2524 2510
f 2271 2524 2270
f 2271 2525 2524
f 2527 2261 2512
f 2527 2273 2261
f 2527 2272 2273
f 2527 2526 2272
f 2527 2511 2526
f 2527 2512 2511
f 2528 2513 2262
f 2528 2262 2274
f 2533 2263 2516
f 2533 2276 2263
f 2533 2275 2276
f 2533 2532 2275
f 2533 2515 2532
f 2533 2516 2515
f 2534 2517 2264
f 2534 2264 2277
f 2535 2265 2518
f 2535 2278 2265
f 2535 2277 2278
f 2535 2534 2277
f 2534 2518 2517
f 2534 2535 2518
f 2536 2520 2267
f 2536 2267 2280
f 2538 2269 2523
f 2538 2281 2269
f 2537 2523 2522
f 2537 2538 2523
f 2539 2525 2271
f 2539 2271 2283
f 2540 2272 2526
f 2540 2284 2272
f 2540 2283 2284
f 2540 2539 2283
f 2540 2525 2539
f 2540 2526 2525
f 2528 2274 2286
f 2528 2286 2542
f 2286 2285 2541
f 2286 2541 2542
f 2543 2530 2529
f 2543 2544 2530
f 2547 2275 2532
f 2547 2287 2275
f 2547 2531 2546
f 2547 2532 2531
f 2549 2536 2280
f 2549 2280 2292
f 2292 2291 2548
f 2292 2548 2549
f 2553 2281 2538
f 2553 2294 2281
f 2553 2293 2294
f 2553 2552 2293
f 2553 2537 2552
f 2553 2538 2537
f 2541 2285 2298
f 2541 2298 2554
f 2555 2541 2554
f 2555 2542 2541
f 2557 2544 2543
f 2557 2558 2544
f 2558 2545 2544
f 2558 2559 2545
f 2547 2299 2287
f 2547 2561 2299
f 2302 2301 2562
f 2302 2562 2563
f 2548 2291 2303
f 2548 2303 2564
f 2303 2302 2563
f 2303 2563 2564
f 2565 2548 2564
f 2565 2549 2548
f 2305 2565 2304
f 2305 2566 2565
f 2566 2549 2565
f 2566 2550 2549
f 2567 2550 2566
f 2567 2551 2550
f 2568 2293 2552
f 2568 2306 2293
f 2309 2308 2569
f 2309 2569 2570
f 2571 2310 2309
f 2571 2309 2570
f 2554 2298 2311
f 2554 2311 2572
f 2311 2310 2571
f 2311 2571 2572
f 2312 2572 2311
f 2312 2573 2572
f 2573 2554 2572
f 2573 2555 2554
f 2574 2555 2573
f 2574 2556 2555
f 2575 2559 2558
f 2575 2576 2559
f 2578 2299 2561
f 2578 2313 2299
f 2578 2560 2577
f 2578 2561 2560
f 2579 2314 2313
f 2579 2313 2578
f 2562 2301 2315
f 2562 2315 2580
f 2315 2314 2579
f 2315 2579 2580
f 2580 2563 2562
f 2580 2581 2563
f 2582 2563 2581
f 2582 2564 2563
f 2565 2316 2304
f 2565 2583 2316
f 2583 2564 2582
f 2583 2565 2564
f 2584 2566 2305
f 2584 2305 2317
f 2584 2317 2316
f 2584 2316 2583
f 2568 2318 2306
f 2568 2585 2318
f 2586 2319 2318
f 2586 2318 2585
f 2569 2308 2320
f 2569 2320 2587
f 2320 2319 2586
f 2320 2586 2587
f 2588 2571 2570
f 2588 2589 2571
f 2572 2321 2311
f 2572 2590 2321
f 2590 2571 2589
f 2590 2572 2571
f 2591 2573 2312
f 2591 2312 2322
f 2591 2322 2321
f 2591 2321 2590
f 2592 2582 2581
f 2592 2593 2582
f 2594 2582 2593
f 2594 2583 2582
f 2596 2589 2595
f 2596 2590 2589
f 2597 2594 2593
f 2597 2598 2594
f 2605 2323 2324
f 2605 2604 2323
f 2610 2325 2326
f 2610 2609 2325
f 2327 2610 2326
f 2327 2611 2610
f 2613 2599 2612
f 2613 2600 2599
f 2613 2601 2600
f 2613 2614 2601
f 2329 2614 2328
f 2329 2615 2614
f 2614 2602 2601
f 2614 2615 2602
f 2617 2323 2604
f 2617 2331 2323
f 2617 2330 2331
f 2617 2616 2330
f 2617 2603 2616
f 2617 2604 2603
f 2605 2324 2332
f 2605 2332 2618
f 2618 2606 2605
f 2618 2619 2606
f 2622 2333 2334
f 2622 2621 2333
f 2621 2608 2607
f 2621 2622 2608
f 2624 2325 2609
f 2624 2336 2325
f 2624 2335 2336
f 2624 2623 2335
f 2625 2611 2327
f 2625 2327 2338
f 2626 2613 2612
f 2626 2627 2613
f 2628 2328 2614
f 2628 2340 2328
f 2628 2339 2340
f 2628 2627 2339
f 2628 2613 2627
f 2628 2614 2613
f 2629 2615 2329
f 2629 2329 2341
f 2630 2330 2616
f 2630 2342 2330
f 2630 2341 2342
f 2630 2629 2341
f 2630 2615 2629
f 2630 2616 2615
f 2631 2618 2332
f 2631 2332 2344
f 2634 2333 2621
f 2634 2346 2333
f 2634 2345 2346
f 2634 2633 2345
f 2634 2620 2633
f 2634 2621 2620
f 2635 2622 2334
f 2635 2334 2347
f 2636 2335 2623
f 2636 2348 2335
f 2636 2347 2348
f 2636 2635 2347
f 2635 2623 2622
f 2635 2636 2623
f 2625 2338 2351
f 2625 2351 2638
f 2351 2350 2637
f 2351 2637 2638
f 2642 2339 2627
f 2642 2352 2339
f 2641 2627 2626
f 2641 2642 2627
f 2631 2344 2357
f 2631 2357 2644
f 2357 2356 2643
f 2357 2643 2644
f 2648 2345 2633
f 2648 2358 2345
f 2647 2633 2632
f 2647 2648 2633
f 2637 2350 2363
f 2637 2363 2649
f 2649 2638 2637
f 2649 2650 2638
f 2654 2639 2653
f 2654 2640 2639
f 2642 2364 2352
f 2642 2656 2364
f 2367 2366 2657
f 2367 2657 2658
f 2643 2356 2368
f 2643 2368 2659
f 2368 2367 2658
f 2368 2658 2659
f 2660 2643 2659
f 2660 2644 2643
f 2660 2645 2644
f 2660 2661 2645
f 2662 2645 2661
f 2662 2646 2645
f 2663 2358 2648
f 2663 2369 2358
f 2372 2371 2664
f 2372 2664 2665
f 2666 2373 2372
f 2666 2372 2665
f 2649 2363 2374
f 2649 2374 2667
f 2374 2373 2666
f 2374 2666 2667
f 2668 2649 2667
f 2668 2650 2649
f 2668 2651 2650
f 2668 2669 2651
f 2671 2652 2670
f 2671 2653 2652
f 2671 2654 2653
f 2671 2672 2654
f 2656 2375 2364
f 2656 2675 2375
f 2675 2655 2674
f 2675 2656 2655
f 2676 2376 2375
f 2676 2375 2675
f 2657 2366 2377
f 2657 2377 2677
f 2377 2376 2676
f 2377 2676 2677
f 2678 2657 2677
f 2678 2658 2657
f 2679 2658 2678
f 2679 2659 2658
f 2679 2660 2659
f 2679 2680 2660
f 2681 2660 2680
f 2681 2661 2660
f 2663 2378 2369
f 2663 2682 2378
f 2683 2379 2378
f 2683 2378 2682
f 2664 2371 2380
f 2664 2380 2684
f 2380 2379 2683
f 2380 2683 2684
f 2685 2664 2684
f 2685 2665 2664
f 2685 2666 2665
f 2685 2686 2666
f 2686 2667 2666
f 2686 2687 2667
f 2688 2667 2687
f 2688 2668 2667
f 2689 2673 2672
f 2689 2690 2673
f 2691 2679 2678
f 2691 2692 2679
f 2693 2679 2692
f 2693 2680 2679
f 2694 2686 2685
f 2694 2695 2686
f 2696 2686 2695
f 2696 2687 2686
f 2697 2693 2692
f 2697 2698 2693
f 2699 2696 2695
f 2699 2700 2696
f 2705 2701 2704
f 2705 2702 2701
f 2705 2703 2702
f 2705 2706 2703
f 2707 2381 2382
f 2707 2706 2381
f 2708 2705 2704
f 2708 2709 2705
f 2710 2381 2706
f 2710 2383 2381
f 2710 2705 2709
f 2710 2706 2705
f 2707 2382 2384
f 2707 2384 2711
f 2713 2709 2708
f 2713 2714 2709
f 2710 2385 2383
f 2710 2715 2385
f 2714 2710 2709
f 2714 2715 2710
f 2711 2384 2386
f 2711 2386 2716
f 2716 2386 2385
f 2716 2385 2715
f 2716 2712 2711
f 2716 2717 2712
f 2718 2387 2388
f 2718 2717 2387
f 2720 2387 2717
f 2720 2389 2387
f 2719 2717 2716
f 2719 2720 2717
f 2721 2718 2388
f 2721 2388 2390
f 2721 2390 2389
f 2721 2389 2720
f 2726 2391 2392
f 2726 2725 2391
f 2727 2392 2393
f 2727 2726 2392
f 2733 2394 2395
f 2733 2732 2394
f 2734 2395 2396
f 2734 2733 2395
f 2737 2397 2398
f 2737 2736 2397
f 2737 2722 2736
f 2737 2723 2722
f 2399 2737 2398
f 2399 2738 2737
f 2737 2724 2723
f 2737 2738 2724
f 2739 2399 2400
f 2739 2738 2399
f 2741 2391 2725
f 2741 2402 2391
f 2741 2401 2402
f 2741 2740 2401
f 2743 2727 2393
f 2743 2393 2404
f 2743 2404 2403
f 2743 2403 2742
f 2743 2742 2726
f 2743 2726 2727
f 2746 2405 2406
f 2746 2745 2405
f 2746 2728 2745
f 2746 2729 2728
f 2407 2746 2406
f 2407 2747 2746
f 2747 2729 2746
f 2747 2730 2729
f 2408 2747 2407
f 2408 2748 2747
f 2747 2731 2730
f 2747 2748 2731
f 2749 2394 2732
f 2749 2409 2394
f 2751 2734 2396
f 2751 2396 2411
f 2751 2411 2410
f 2751 2410 2750
f 2750 2733 2734
f 2750 2734 2751
f 2756 2397 2736
f 2756 2412 2397
f 2756 2735 2755
f 2756 2736 2735
f 2757 2739 2400
f 2757 2400 2415
f 2758 2401 2740
f 2758 2416 2401
f 2416 2757 2415
f 2416 2758 2757
f 2759 2742 2403
f 2759 2403 2417
f 2762 2405 2745
f 2762 2419 2405
f 2762 2744 2761
f 2762 2745 2744
f 2763 2748 2408
f 2763 2408 2422
f 2423 2763 2422
f 2423 2764 2763
f 2749 2424 2409
f 2749 2765 2424
f 2765 2423 2424
f 2765 2764 2423
f 2750 2410 2425
f 2750 2425 2766
f 2768 2753 2752
f 2768 2769 2753
f 2773 2754 2772
f 2773 2755 2754
f 2756 2427 2412
f 2756 2774 2427
f 2773 2756 2755
f 2773 2774 2756
f 2776 2775 2757
f 2776 2757 2758
f 2777 2759 2417
f 2777 2417 2432
f 2433 2777 2432
f 2433 2778 2777
f 2777 2760 2759
f 2777 2778 2760
f 2762 2434 2419
f 2762 2781 2434
f 2780 2762 2761
f 2780 2781 2762
f 2782 2435 2434
f 2782 2434 2781
f 2784 2783 2763
f 2784 2763 2764
f 2785 2766 2425
f 2785 2425 2437
f 2438 2785 2437
f 2438 2786 2785
f 2785 2767 2766
f 2785 2786 2767
f 2439 2786 2438
f 2439 2787 2786
f 2788 2769 2768
f 2788 2789 2769
f 2789 2770 2769
f 2789 2790 2770
f 2441 2790 2440
f 2441 2791 2790
f 2790 2771 2770
f 2790 2791 2771
f 2774 2442 2427
f 2774 2793 2442
f 2794 2443 2442
f 2794 2442 2793
f 2795 2778 2433
f 2795 2433 2447
f 2795 2779 2778
f 2795 2796 2779
f 2782 2448 2435
f 2782 2798 2448
f 2797 2782 2781
f 2797 2798 2782
f 2799 2787 2439
f 2799 2439 2454
f 2790 2455 2440
f 2790 2801 2455
f 2800 2790 2789
f 2800 2801 2790
f 2802 2791 2441
f 2802 2441 2456
f 2802 2456 2455
f 2802 2455 2801
f 2457 2802 2456
f 2457 2803 2802
f 2802 2792 2791
f 2802 2803 2792
f 2458 2803 2457
f 2458 2804 2803
f 2794 2460 2443
f 2794 2806 2460
f 2806 2459 2460
f 2806 2805 2459
f 2805 2794 2793
f 2805 2806 2794
f 2462 2461 2807
f 2462 2807 2808
f 2809 2795 2447
f 2809 2447 2466
f 2809 2796 2795
f 2809 2810 2796
f 2798 2467 2448
f 2798 2811 2467
f 2469 2468 2812
f 2469 2812 2813
f 2814 2470 2469
f 2814 2469 2813
f 2799 2454 2474
f 2799 2474 2816
f 2474 2473 2815
f 2474 2815 2816
f 2802 2475 2456
f 2802 2818 2475
f 2818 2801 2817
f 2818 2802 2801
f 2819 2476 2475
f 2819 2475 2818
f 2820 2804 2458
f 2820 2458 2477
f 2477 2476 2819
f 2477 2819 2820
f 2821 2459 2805
f 2821 2478 2459
f 2479 2478 2821
f 2479 2821 2822
f 2821 2805 2806
f 2821 2806 2822
f 2807 2461 2480
f 2807 2480 2823
f 2480 2479 2822
f 2480 2822 2823
f 2808 2481 2462
f 2808 2824 2481
f 2824 2807 2823
f 2824 2808 2807
f 2825 2482 2481
f 2825 2481 2824
f 2809 2466 2485
f 2809 2485 2827
f 2485 2484 2826
f 2485 2826 2827
f 2828 2809 2827
f 2828 2810 2809
f 2829 2467 2811
f 2829 2486 2467
f 2812 2468 2487
f 2812 2487 2830
f 2830 2487 2486
f 2830 2486 2829
f 2831 2812 2830
f 2831 2813 2812
f 2814 2489 2470
f 2814 2832 2489
f 2833 2490 2489
f 2833 2489 2832
f 2815 2473 2492
f 2815 2492 2835
f 2492 2491 2834
f 2492 2834 2835
f 2836 2815 2835
f 2836 2816 2815
f 2825 2493 2482
f 2825 2837 2493
f 2838 2494 2493
f 2838 2493 2837
f 2826 2484 2495
f 2826 2495 2839
f 2495 2494 2838
f 2495 2838 2839
f 2833 2496 2490
f 2833 2840 2496
f 2834 2491 2497
f 2834 2497 2841
f 2497 2496 2840
f 2497 2840 2841
f 2842 2834 2841
f 2842 2835 2834
f 2844 2498 2499
f 2844 2843 2498
f 2849 2500 2501
f 2849 2848 2500
f 2850 2501 2502
f 2850 2849 2501
f 2503 2850 2502
f 2503 2851 2850
f 2853 2498 2843
f 2853 2505 2498
f 2853 2504 2505
f 2853 2852 2504
f 2854 2844 2499
f 2854 2499 2506
f 2858 2508 2509
f 2858 2857 2508
f 2510 2858 2509
f 2510 2859 2858
f 2861 2511 2512
f 2861 2860 2511
f 2861 2845 2860
f 2861 2846 2845
f 2862 2512 2513
f 2862 2861 2512
f 2869 2500 2848
f 2869 2514 2500
f 2869 2847 2868
f 2869 2848 2847
f 2870 2515 2514
f 2870 2514 2869
f 2871 2851 2503
f 2871 2503 2517
f 2872 2504 2852
f 2872 2518 2504
f 2518 2871 2517
f 2518 2872 2871
f 2873 2854 2506
f 2873 2506 2520
f 2876 2855 2875
f 2876 2856 2855
f 2877 2508 2857
f 2877 2522 2508
f 2877 2856 2876
f 2877 2857 2856
f 2878 2859 2510
f 2878 2510 2524
f 2525 2878 2524
f 2525 2879 2878
f 2880 2511 2860
f 2880 2526 2511
f 2880 2525 2526
f 2880 2879 2525
f 2862 2513 2528
f 2862 2528 2881
f 2883 2864 2863
f 2883 2884 2864
f 2884 2865 2864
f 2884 2885 2865
f 2885 2866 2865
f 2885 2886 2866
f 2887 2529 2530
f 2887 2886 2529
f 2888 2868 2867
f 2888 2889 2868
f 2889 2869 2868
f 2889 2890 2869
f 2891 2515 2870
f 2891 2532 2515
f 2891 2531 2532
f 2891 2890 2531
f 2891 2869 2890
f 2891 2870 2869
f 2892 2871 2872
f 2892 2872 2893
f 2894 2873 2520
f 2894 2520 2536
f 2894 2874 2873
f 2894 2895 2874
f 2898 2875 2897
f 2898 2876 2875
f 2899 2522 2877
f 2899 2537 2522
f 2899 2876 2898
f 2899 2877 2876
f 2900 2879 2880
f 2900 2880 2901
f 2902 2881 2528
f 2902 2528 2542
f 2902 2882 2881
f 2902 2903 2882
f 2904 2885 2884
f 2904 2905 2885
f 2906 2529 2886
f 2906 2543 2529
f 2906 2885 2905
f 2906 2886 2885
f 2907 2887 2530
f 2907 2530 2544
f 2545 2907 2544
f 2545 2908 2907
f 2890 2546 2531
f 2890 2911 2546
f 2910 2890 2889
f 2910 2911 2890
f 2912 2547 2546
f 2912 2546 2911
f 2913 2894 2536
f 2913 2536 2549
f 2550 2913 2549
f 2550 2914 2913
f 2913 2895 2894
f 2913 2914 2895
f 2915 2550 2551
f 2915 2914 2550
f 2914 2896 2895
f 2914 2915 2896
f 2916 2898 2897
f 2916 2917 2898
f 2918 2537 2899
f 2918 2552 2537
f 2917 2899 2898
f 2917 2918 2899
f 2919 2902 2542
f 2919 2542 2555
f 2556 2919 2555
f 2556 2920 2919
f 2919 2903 2902
f 2919 2920 2903
f 2921 2905 2904
f 2921 2922 2905
f 2906 2557 2543
f 2906 2923 2557
f 2922 2906 2905
f 2922 2923 2906
f 2924 2558 2557
f 2924 2557 2923
f 2925 2908 2545
f 2925 2545 2559
f 2926 2908 2925
f 2926 2909 2908
f 2912 2561 2547
f 2912 2928 2561
f 2928 2560 2561
f 2928 2927 2560
f 2927 2912 2911
f 2927 2928 2912
f 2930 2915 2551
f 2930 2551 2567
f 2567 2566 2929
f 2567 2929 2930
f 2918 2568 2552
f 2918 2931 2568
f 2933 2570 2569
f 2933 2569 2932
f 2935 2920 2556
f 2935 2556 2574
f 2574 2573 2934
f 2574 2934 2935
f 2924 2575 2558
f 2924 2936 2575
f 2937 2925 2559
f 2937 2559 2576
f 2937 2576 2575
f 2937 2575 2936
f 2938 2560 2927
f 2938 2577 2560
f 2939 2578 2577
f 2939 2577 2938
f 2938 2927 2928
f 2938 2928 2939
f 2940 2579 2578
f 2940 2578 2939
f 2580 2579 2940
f 2580 2940 2941
f 2581 2580 2941
f 2581 2941 2942
f 2929 2566 2584
f 2929 2584 2944
f 2584 2583 2943
f 2584 2943 2944
f 2945 2929 2944
f 2945 2930 2929
f 2931 2585 2568
f 2931 2946 2585
f 2586 2585 2946
f 2586 2946 2947
f 2932 2569 2587
f 2932 2587 2948
f 2587 2586 2947
f 2587 2947 2948
f 2933 2588 2570
f 2933 2949 2588
f 2948 2933 2932
f 2948 2949 2933
f 2950 2589 2588
f 2950 2588 2949
f 2934 2573 2591
f 2934 2591 2952
f 2591 2590 2951
f 2591 2951 2952
f 2953 2934 2952
f 2953 2935 2934
f 2942 2592 2581
f 2942 2955 2592
f 2954 2942 2941
f 2954 2955 2942
f 2956 2593 2592
f 2956 2592 2955
f 2943 2583 2594
f 2943 2594 2957
f 2958 2943 2957
f 2958 2944 2943
f 2950 2595 2589
f 2950 2960 2595
f 2959 2950 2949
f 2959 2960 2950
f 2951 2590 2596
f 2951 2596 2961
f 2961 2596 2595
f 2961 2595 2960
f 2962 2951 2961
f 2962 2952 2951
f 2963 2593 2956
f 2963 2597 2593
f 2964 2957 2594
f 2964 2594 2598
f 2598 2597 2963
f 2598 2963 2964
f 2964 2963 2956
f 2964 2956 2957
f 2969 2599 2600
f 2969 2968 2599
f 2601 2969 2600
f 2601 2970 2969
f 2971 2601 2602
f 2971 2970 2601
f 2973 2603 2604
f 2973 2972 2603
f 2974 2604 2605
f 2974 2973 2604
f 2975 2605 2606
f 2975 2974 2605
f 2980 2607 2608
f 2980 2979 2607
f 2610 2981 2609
f 2610 2982 2981
f 2981 2966 2965
f 2981 2982 2966
f 2983 2610 2611
f 2983 2982 2610
f 2986 2599 2968
f 2986 2612 2599
f 2986 2967 2985
f 2986 2968 2967
f 2988 2971 2602
f 2988 2602 2615
f 2987 2970 2971
f 2987 2971 2988
f 2989 2603 2972
f 2989 2616 2603
f 2989 2615 2616
f 2989 2988 2615
f 2975 2606 2619
f 2975 2619 2991
f 2991 2619 2618
f 2991 2618 2990
f 2990 2974 2975
f 2990 2975 2991
f 2993 2976 2992
f 2993 2977 2976
f 2993 2978 2977
f 2993 2994 2978
f 2995 2607 2979
f 2995 2621 2607
f 2995 2620 2621
f 2995 2994 2620
f 2995 2978 2994
f 2995 2979 2978
f 2996 2980 2608
f 2996 2608 2622
f 2623 2996 2622
f 2623 2997 2996
f 2981 2624 2609
f 2981 2998 2624
f 2624 2997 2623
f 2624 2998 2997
f 2983 2611 2625
f 2983 2625 3000
f 2999 2982 2983
f 2999 2983 3000
f 3006 2984 3005
f 3006 2985 2984
f 2986 2626 2612
f 2986 3007 2626
f 3007 2985 3006
f 3007 2986 2985
f 3008 2988 2989
f 3008 2989 3009
f 2990 2618 2631
f 2990 2631 3010
f 3012 2993 2992
f 3012 3013 2993
f 3014 2620 2994
f 3014 2633 2620
f 3014 2632 2633
f 3014 3013 2632
f 3014 2993 3013
f 3014 2994 2993
f 3015 2996 2997
f 3015 2997 3016
f 3017 3016 2997
f 3017 2997 2998
f 3000 2625 2638
f 3000 2638 3019
f 3018 2999 3000
f 3018 3000 3019
f 3021 3002 3001
f 3021 3022 3002
f 3022 3003 3002
f 3022 3023 3003
f 3023 3004 3003
f 3023 3024 3004
f 3025 2639 2640
f 3025 3024 2639
f 3007 2641 2626
f 3007 3027 2641
f 3026 3007 3006
f 3026 3027 3007
f 3028 2642 2641
f 3028 2641 3027
f 3029 3010 2631
f 3029 2631 2644
f 2645 3029 2644
f 2645 3030 3029
f 3029 3011 3010
f 3029 3030 3011
f 3031 2645 2646
f 3031 3030 2645
f 3013 2647 2632
f 3013 3033 2647
f 3032 3013 3012
f 3032 3033 3013
f 3034 2648 2647
f 3034 2647 3033
f 3035 3019 2638
f 3035 2638 2650
f 2651 3035 2650
f 2651 3036 3035
f 3035 3020 3019
f 3035 3036 3020
f 3037 3022 3021
f 3037 3038 3022
f 3038 3023 3022
f 3038 3039 3023
f 3040 2639 3024
f 3040 2653 2639
f 3040 2652 2653
f 3040 3039 2652
f 3040 3023 3039
f 3040 3024 3023
f 3025 2640 2654
f 3025 2654 3041
f 3028 2656 2642
f 3028 3044 2656
f 3044 2655 2656
f 3044 3043 2655
f 3043 3028 3027
f 3043 3044 3028
f 3031 2646 2662
f 3031 2662 3046
f 2662 2661 3045
f 2662 3045 3046
f 3034 2663 2648
f 3034 3048 2663
f 3047 3034 3033
f 3047 3048 3034
f 3050 3036 2651
f 3050 2651 2669
f 2669 2668 3049
f 2669 3049 3050
f 3039 2670 2652
f 3039 3052 2670
f 3051 3039 3038
f 3051 3052 3039
f 3053 2671 2670
f 3053 2670 3052
f 3041 2654 2672
f 3041 2672 3054
f 3054 2672 2671
f 3054 2671 3053
f 2673 3054 2672
f 2673 3055 3054
f 3054 3042 3041
f 3054 3055 3042
f 3056 2655 3043
f 3056 2674 2655
f 2675 2674 3056
f 2675 3056 3057
f 3056 3043 3044
f 3056 3044 3057
f 2676 2675 3057
f 2676 3057 3058
f 3059 2677 2676
f 3059 2676 3058
f 3060 2678 2677
f 3060 2677 3059
f 3045 2661 2681
f 3045 2681 3062
f 2681 2680 3061
f 2681 3061 3062
f 3063 3045 3062
f 3063 3046 3045
f 3064 2663 3048
f 3064 2682 2663
f 2683 2682 3064
f 2683 3064 3065
f 3066 2684 2683
f 3066 2683 3065
f 2685 2684 3066
f 2685 3066 3067
f 3049 2668 2688
f 3049 2688 3069
f 2688 2687 3068
f 2688 3068 3069
f 3070 3049 3069
f 3070 3050 3049
f 3054 2689 2672
f 3054 3072 2689
f 3071 3054 3053
f 3071 3072 3054
f 3073 3055 2673
f 3073 2673 2690
f 3073 2690 2689
f 3073 2689 3072
f 3074 3058 3057
f 3074 3075 3058
f 3060 2691 2678
f 3060 3077 2691
f 3076 3060 3059
f 3076 3077 3060
f 3078 2692 2691
f 3078 2691 3077
f 3061 2680 2693
f 3061 2693 3079
f 3080 3061 3079
f 3080 3062 3061
f 3081 3065 3064
f 3081 3082 3065
f 3067 2694 2685
f 3067 3083 2694
f 3084 2695 2694
f 3084 2694 3083
f 3068 2687 2696
f 3068 2696 3085
f 3086 3068 3085
f 3086 3069 3068
f 3087 2692 3078
f 3087 2697 2692
f 3088 3079 2693
f 3088 2693 2698
f 2698 2697 3087
f 2698 3087 3088
f 3088 3087 3078
f 3088 3078 3079
f 3089 2695 3084
f 3089 2699 2695
f 3090 3085 2696
f 3090 2696 2700
f 2700 2699 3089
f 2700 3089 3090
f 3090 3089 3084
f 3090 3084 3085
f 2702 3091 2701
f 2702 3092 3091
f 3093 2702 2703
f 3093 3092 2702
f 3091 2704 2701
f 3091 3094 2704
f 3095 3094 3091
f 3095 3091 3092
f 3096 3093 2703
f 3096 2703 2706
f 3095 3092 3093
f 3095 3093 3096
f 3097 2706 2707
f 3097 3096 2706
f 3094 2708 2704
f 3094 3099 2708
f 3100 3097 2707
f 3100 2707 2711
f 2712 3100 2711
f 2712 3101 3100
f 3100 3098 3097
f 3100 3101 3098
f 3099 2713 2708
f 3099 3102 2713
f 2714 2713 3102
f 2714 3102 3103
f 3104 2715 2714
f 3104 2714 3103
f 2716 2715 3104
f 2716 3104 3105
f 3106 3101 2712
f 3106 2712 2717
f 3107 2717 2718
f 3107 3106 2717
f 3108 3104 3103
f 3108 3109 3104
f 3105 2719 2716
f 3105 3110 2719
f 3109 3105 3104
f 3109 3110 3105
f 3111 2720 2719
f 3111 2719 3110
f 3111 3110 3105
f 3111 3105 3106
f 3112 3107 2718
f 3112 2718 2721
f 3112 2721 2720
f 3112 2720 3111
f 3111 3106 3107
f 3111 3107 3112
f 3115 2722 2723
f 3115 3114 2722
f 2724 3115 2723
f 2724 3116 3115
f 3118 2725 2726
f 3118 3117 2725
f 3121 2728 2729
f 3121 3120 2728
f 2730 3121 2729
f 2730 3122 3121
f 3123 2730 2731
f 3123 3122 2730
f 3125 2732 2733
f 3125 3124 2732
f 3128 2722 3114
f 3128 2736 2722
f 3128 2735 2736
f 3128 3127 2735
f 3128 3113 3127
f 3128 3114 3113
f 3129 3116 2724
f 3129 2724 2738
f 2739 3129 2738
f 2739 3130 3129
f 3117 2741 2725
f 3117 3132 2741
f 2741 3131 2740
f 2741 3132 3131
f 3118 2726 2742
f 3118 2742 3133
f 3133 3132 3117
f 3133 3117 3118
f 3135 2728 3120
f 3135 2745 2728
f 3135 2744 2745
f 3135 3134 2744
f 3135 3119 3134
f 3135 3120 3119
f 3137 3123 2731
f 3137 2731 2748
f 3136 3122 3123
f 3136 3123 3137
f 3124 2749 2732
f 3124 3138 2749
f 3139 3125 2733
f 3139 2733 2750
f 3138 3124 3125
f 3138 3125 3139
f 2753 3140 2752
f 2753 3141 3140
f 3143 2735 3127
f 3143 2755 2735
f 3143 2754 2755
f 3143 3142 2754
f 3143 3126 3142
f 3143 3127 3126
f 3144 3130 2739
f 3144 2739 2757
f 3145 2740 3131
f 3145 2758 2740
f 3146 3145 3131
f 3146 3131 3132
f 3133 2742 2759
f 3133 2759 3147
f 3146 3132 3133
f 3146 3133 3147
f 3148 2759 2760
f 3148 3147 2759
f 3150 2744 3134
f 3150 2761 2744
f 3151 3137 2748
f 3151 2748 2763
f 3138 2765 2749
f 3138 3153 2765
f 2765 3152 2764
f 2765 3153 3152
f 3154 3139 2750
f 3154 2750 2766
f 3154 3153 3138
f 3154 3138 3139
f 3155 2766 2767
f 3155 3154 2766
f 3140 2768 2752
f 3140 3156 2768
f 3141 2753 2769
f 3141 2769 3157
f 3156 3140 3141
f 3156 3141 3157
f 3158 2769 2770
f 3158 3157 2769
f 2771 3158 2770
f 2771 3159 3158
f 3161 2754 3142
f 3161 2772 2754
f 2773 2772 3161
f 2773 3161 3162
f 3163 2774 2773
f 3163 2773 3162
f 3144 2757 2775
f 3144 2775 3164
f 3145 2776 2758
f 3145 3165 2776
f 2776 3164 2775
f 2776 3165 3164
f 3166 3165 3145
f 3166 3145 3146
f 3168 3148 2760
f 3168 2760 2778
f 3167 3147 3148
f 3167 3148 3168
f 3169 2778 2779
f 3169 3168 2778
f 3150 2780 2761
f 3150 3171 2780
f 3170 3150 3149
f 3170 3171 3150
f 3172 2781 2780
f 3172 2780 3171
f 3151 2763 2783
f 3151 2783 3173
f 3152 2784 2764
f 3152 3174 2784
f 2784 3173 2783
f 2784 3174 3173
f 3175 3174 3152
f 3175 3152 3153
f 3176 3175 3153
f 3176 3153 3154
f 3155 2767 2786
f 3155 2786 3177
f 3176 3154 3155
f 3176 3155 3177
f 3178 2786 2787
f 3178 3177 2786
f 3156 2788 2768
f 3156 3179 2788
f 3180 2789 2788
f 3180 2788 3179
f 3180 3179 3156
f 3180 3156 3157
f 3181 3159 2771
f 3181 2771 2791
f 2792 3181 2791
f 2792 3182 3181
f 3181 3160 3159
f 3181 3182 3160
f 3163 2793 2774
f 3163 3184 2793
f 3183 3163 3162
f 3183 3184 3163
f 3186 3169 2779
f 3186 2779 2796
f 3185 3168 3169
f 3185 3169 3186
f 3172 2797 2781
f 3172 3188 2797
f 3187 3172 3171
f 3187 3188 3172
f 3189 2798 2797
f 3189 2797 3188
f 3178 2787 2799
f 3178 2799 3191
f 3190 3177 3178
f 3190 3178 3191
f 3180 2800 2789
f 3180 3193 2800
f 3192 3180 3179
f 3192 3193 3180
f 3194 2801 2800
f 3194 2800 3193
f 3196 3182 2792
f 3196 2792 2803
f 3197 2803 2804
f 3197 3196 2803
f 3198 2793 3184
f 3198 2805 2793
f 3199 2806 2805
f 3199 2805 3198
f 3186 2796 2810
f 3186 2810 3201
f 3200 3185 3186
f 3200 3186 3201
f 3189 2811 2798
f 3189 3203 2811
f 3202 3189 3188
f 3202 3203 3189
f 2814 2813 3204
f 2814 3204 3205
f 3191 2799 2816
f 3191 2816 3207
f 3207 3206 3190
f 3207 3190 3191
f 3194 2817 2801
f 3194 3209 2817
f 3208 3194 3193
f 3208 3209 3194
f 3210 2818 2817
f 3210 2817 3209
f 3211 2819 2818
f 3211 2818 3210
f 3211 3210 3195
f 3211 3195 3196
f 3212 3197 2804
f 3212 2804 2820
f 3212 2820 2819
f 3212 2819 3211
f 3211 3196 3197
f 3211 3197 3212
f 3199 2822 2806
f 3199 3214 2822
f 3213 3199 3198
f 3213 3214 3199
f 2823 2822 3214
f 2823 3214 3215
f 3216 2824 2823
f 3216 2823 3215
f 3217 2825 2824
f 3217 2824 3216
f 3220 2827 2826
f 3220 2826 3219
f 3201 2810 2828
f 3201 2828 3221
f 3221 2828 2827
f 3221 2827 3220
f 3221 3220 3200
f 3221 3200 3201
f 3203 2829 2811
f 3203 3223 2829
f 3222 3203 3202
f 3222 3223 3203
f 3224 2830 2829
f 3224 2829 3223
f 3204 2813 2831
f 3204 2831 3225
f 2831 2830 3224
f 2831 3224 3225
f 3205 2832 2814
f 3205 3226 2832
f 3226 3204 3225
f 3226 3205 3204
f 3227 2833 2832
f 3227 2832 3226
f 3207 2816 2836
f 3207 2836 3230
f 3230 2836 2835
f 3230 2835 3229
f 3230 3229 3206
f 3230 3206 3207
f 3231 3215 3214
f 3231 3232 3215
f 3233 2825 3217
f 3233 2837 2825
f 3234 2838 2837
f 3234 2837 3233
f 3235 3219 2826
f 3235 2826 2839
f 3235 2839 2838
f 3235 2838 3234
f 3235 3234 3218
f 3235 3218 3219
f 3236 3224 3223
f 3236 3237 3224
f 3238 3224 3237
f 3238 3225 3224
f 3227 2840 2833
f 3227 3240 2840
f 3239 3227 3226
f 3239 3240 3227
f 2841 2840 3240
f 2841 3240 3241
f 3229 2835 2842
f 3229 2842 3242
f 2842 2841 3241
f 2842 3241 3242
f 3242 3241 3228
f 3242 3228 3229
f 3248 2843 2844
f 3248 3247 2843
f 2846 3253 2845
f 2846 3254 3253
f 3257 2847 2848
f 3257 3256 2847
f 3257 3243 3256
f 3257 3244 3243
f 2849 3257 2848
f 2849 3258 3257
f 3259 2849 2850
f 3259 3258 2849
f 3258 3246 3245
f 3258 3259 3246
f 3260 2850 2851
f 3260 3259 2850
f 3247 2853 2843
f 3247 3262 2853
f 2853 3261 2852
f 2853 3262 3261
f 3263 3248 2844
f 3263 2844 2854
f 3263 3262 3247
f 3263 3247 3248
f 3265 2855 2856
f 3265 3264 2855
f 3266 2856 2857
f 3266 3265 2856
f 3266 3249 3265
f 3266 3250 3249
f 2858 3266 2857
f 2858 3267 3266
f 3267 3250 3266
f 3267 3251 3250
f 3268 2858 2859
f 3268 3267 2858
f 3267 3252 3251
f 3267 3268 3252
f 3269 2845 3253
f 3269 2860 2845
f 3254 2846 2861
f 3254 2861 3270
f 3269 3253 3254
f 3269 3254 3270
f 2862 3270 2861
f 2862 3271 3270
f 2864 3272 2863
f 2864 3273 3272
f 3274 2864 2865
f 3274 3273 2864
f 2866 3274 2865
f 2866 3275 3274
f 3278 2847 3256
f 3278 2868 2847
f 3278 2867 2868
f 3278 3277 2867
f 3278 3255 3277
f 3278 3256 3255
f 3279 3260 2851
f 3279 2851 2871
f 3280 2852 3261
f 3280 2872 2852
f 3281 3280 3261
f 3281 3261 3262
f 3263 2854 2873
f 3263 2873 3282
f 3281 3262 3263
f 3281 3263 3282
f 3283 2873 2874
f 3283 3282 2873
f 3284 2855 3264
f 3284 2875 2855
f 3285 3268 2859
f 3285 2859 2878
f 3286 2878 2879
f 3286 3285 2878
f 3287 2860 3269
f 3287 2880 2860
f 3287 3269 3270
f 3287 3270 3288
f 3271 2862 2881
f 3271 2881 3289
f 3288 3270 3271
f 3288 3271 3289
f 3290 2881 2882
f 3290 3289 2881
f 3272 2883 2863
f 3272 3291 2883
f 3292 2884 2883
f 3292 2883 3291
f 3292 3291 3272
f 3292 3272 3273
f 3293 3275 2866
f 3293 2866 2886
f 2887 3293 2886
f 2887 3294 3293
f 3293 3276 3275
f 3293 3294 3276
f 3295 2867 3277
f 3295 2888 2867
f 3296 2889 2888
f 3296 2888 3295
f 3279 2871 2892
f 3279 2892 3297
f 3280 2893 2872
f 3280 3298 2893
f 2893 3297 2892
f 2893 3298 3297
f 3299 3298 3280
f 3299 3280 3281
f 3283 2874 2895
f 3283 2895 3301
f 3300 3282 3283
f 3300 3283 3301
f 3302 2895 2896
f 3302 3301 2895
f 3284 2897 2875
f 3284 3303 2897
f 3286 2879 2900
f 3286 2900 3305
f 3287 2901 2880
f 3287 3306 2901
f 3306 2900 2901
f 3306 3305 2900
f 3307 3306 3287
f 3307 3287 3288
f 3309 3290 2882
f 3309 2882 2903
f 3308 3289 3290
f 3308 3290 3309
f 3310 2884 3292
f 3310 2904 2884
f 3311 3294 2887
f 3311 2887 2907
f 3312 2907 2908
f 3312 3311 2907
f 3313 2908 2909
f 3313 3312 2908
f 3296 2910 2889
f 3296 3315 2910
f 3314 3296 3295
f 3314 3315 3296
f 3316 2911 2910
f 3316 2910 3315
f 3318 3302 2896
f 3318 2896 2915
f 3317 3301 3302
f 3317 3302 3318
f 3303 2916 2897
f 3303 3319 2916
f 3320 2917 2916
f 3320 2916 3319
f 3321 2918 2917
f 3321 2917 3320
f 3323 3322 3304
f 3323 3304 3305
f 3325 3309 2903
f 3325 2903 2920
f 3325 3324 3308
f 3325 3308 3309
f 3310 2921 2904
f 3310 3326 2921
f 3327 2922 2921
f 3327 2921 3326
f 3328 2923 2922
f 3328 2922 3327
f 2924 2923 3328
f 2924 3328 3329
f 3313 2909 2926
f 3313 2926 3331
f 3331 2926 2925
f 3331 2925 3330
f 3331 3330 3312
f 3331 3312 3313
f 3316 2927 2911
f 3316 3333 2927
f 3332 3316 3315
f 3332 3333 3316
f 3334 2928 2927
f 3334 2927 3333
f 3336 3318 2915
f 3336 2915 2930
f 3336 3335 3317
f 3336 3317 3318
f 3337 3320 3319
f 3337 3338 3320
f 3321 2931 2918
f 3321 3339 2931
f 3338 3321 3320
f 3338 3339 3321
f 3325 2920 2935
f 3325 2935 3341
f 3340 3324 3325
f 3340 3325 3341
f 3343 3326 3342
f 3343 3327 3326
f 3344 2924 3329
f 3344 2936 2924
f 3345 3330 2925
f 3345 2925 2937
f 3345 2937 2936
f 3345 2936 3344
f 3345 3344 3329
f 3345 3329 3330
f 3334 2939 2928
f 3334 3347 2939
f 3346 3334 3333
f 3346 3347 3334
f 2940 2939 3347
f 2940 3347 3348
f 2941 2940 3348
f 2941 3348 3349
f 3336 2930 2945
f 3336 2945 3352
f 2945 2944 3351
f 2945 3351 3352
f 3352 3351 3335
f 3352 3335 3336
f 3339 2946 2931
f 3339 3354 2946
f 3353 3339 3338
f 3353 3354 3339
f 3355 2947 2946
f 3355 2946 3354
f 3356 2948 2947
f 3356 2947 3355
f 3357 2949 2948
f 3357 2948 3356
f 3341 2935 2953
f 3341 2953 3359
f 2953 2952 3358
f 2953 3358 3359
f 3361 3346 3360
f 3361 3347 3346
f 3362 3347 3361
f 3362 3348 3347
f 3349 2954 2941
f 3349 3363 2954
f 3364 2955 2954
f 3364 2954 3363
f 3363 3349 3350
f 3363 3350 3364
f 3365 2956 2955
f 3365 2955 3364
f 2957 2956 3365
f 2957 3365 3366
f 3351 2944 2958
f 3351 2958 3367
f 2958 2957 3366
f 2958 3366 3367
f 3368 3355 3354
f 3368 3369 3355
f 3370 3355 3369
f 3370 3356 3355
f 3357 2959 2949
f 3357 3371 2959
f 3372 2960 2959
f 3372 2959 3371
f 3373 2961 2960
f 3373 2960 3372
f 3358 2952 2962
f 3358 2962 3374
f 2962 2961 3373
f 2962 3373 3374
f 3375 3358 3374
f 3375 3359 3358
f 2966 3380 2965
f 2966 3381 3380
f 3383 2967 2968
f 3383 3382 2967
f 3383 3376 3382
f 3383 3377 3376
f 2969 3383 2968
f 2969 3384 3383
f 3385 2969 2970
f 3385 3384 2969
f 3384 3379 3378
f 3384 3385 3379
f 2973 3386 2972
f 2973 3387 3386
f 3388 2973 2974
f 3388 3387 2973
f 3390 2976 2977
f 3390 3389 2976
f 3391 2977 2978
f 3391 3390 2977
f 3392 2978 2979
f 3392 3391 2978
f 2980 3392 2979
f 2980 3393 3392
f 3394 2965 3380
f 3394 2981 2965
f 3395 3381 2966
f 3395 2966 2982
f 3394 3380 3381
f 3394 3381 3395
f 3397 2967 3382
f 3397 2985 2967
f 2985 3396 2984
f 2985 3397 3396
f 3385 2970 2987
f 3385 2987 3398
f 3399 2987 2988
f 3399 3398 2987
f 3400 2972 3386
f 3400 2989 2972
f 3400 3386 3387
f 3400 3387 3401
f 3388 2974 2990
f 3388 2990 3402
f 3401 3387 3388
f 3401 3388 3402
f 3403 2976 3389
f 3403 2992 2976
f 3404 3393 2980
f 3404 2980 2996
f 3405 2981 3394
f 3405 2998 2981
f 3406 3395 2982
f 3406 2982 2999
f 3406 3405 3394
f 3406 3394 3395
f 3002 3407 3001
f 3002 3408 3407
f 3003 3408 3002
f 3003 3409 3408
f 3410 3003 3004
f 3410 3409 3003
f 3396 3005 2984
f 3396 3411 3005
f 3412 3006 3005
f 3412 3005 3411
f 3399 2988 3008
f 3399 3008 3413
f 3400 3009 2989
f 3400 3414 3009
f 3009 3413 3008
f 3009 3414 3413
f 3414 3400 3401
f 3414 3401 3415
f 3402 2990 3010
f 3402 3010 3416
f 3417 3010 3011
f 3417 3416 3010
f 3403 3012 2992
f 3403 3419 3012
f 3404 2996 3015
f 3404 3015 3420
f 3421 3015 3016
f 3421 3420 3015
f 3405 3017 2998
f 3405 3422 3017
f 3017 3421 3016
f 3017 3422 3421
f 3406 2999 3018
f 3406 3018 3423
f 3423 3422 3405
f 3423 3405 3406
f 3424 3018 3019
f 3424 3423 3018
f 3020 3424 3019
f 3020 3425 3424
f 3407 3021 3001
f 3407 3426 3021
f 3427 3426 3407
f 3427 3407 3408
f 3429 3410 3004
f 3429 3004 3024
f 3428 3409 3410
f 3428 3410 3429
f 3430 3024 3025
f 3430 3429 3024
f 3412 3026 3006
f 3412 3432 3026
f 3431 3412 3411
f 3431 3432 3412
f 3433 3027 3026
f 3433 3026 3432
f 3434 3415 3416
f 3434 3416 3435
f 3417 3011 3030
f 3417 3030 3436
f 3435 3416 3417
f 3435 3417 3436
f 3437 3030 3031
f 3437 3436 3030
f 3419 3032 3012
f 3419 3439 3032
f 3438 3419 3418
f 3438 3439 3419
f 3440 3033 3032
f 3440 3032 3439
f 3441 3420 3421
f 3441 3421 3442
f 3443 3442 3421
f 3443 3421 3422
f 3445 3425 3020
f 3445 3020 3036
f 3444 3424 3425
f 3444 3425 3445
f 3426 3037 3021
f 3426 3446 3037
f 3447 3038 3037
f 3447 3037 3446
f 3430 3025 3041
f 3430 3041 3448
f 3042 3448 3041
f 3042 3449 3448
f 3433 3043 3027
f 3433 3451 3043
f 3450 3433 3432
f 3450 3451 3433
f 3452 3044 3043
f 3452 3043 3451
f 3437 3031 3046
f 3437 3046 3454
f 3453 3436 3437
f 3453 3437 3454
f 3440 3047 3033
f 3440 3456 3047
f 3455 3440 3439
f 3455 3456 3440
f 3457 3048 3047
f 3457 3047 3456
f 3445 3036 3050
f 3445 3050 3459
f 3459 3458 3444
f 3459 3444 3445
f 3447 3051 3038
f 3447 3461 3051
f 3460 3447 3446
f 3460 3461 3447
f 3462 3052 3051
f 3462 3051 3461
f 3053 3052 3462
f 3053 3462 3463
f 3465 3449 3042
f 3465 3042 3055
f 3464 3448 3449
f 3464 3449 3465
f 3452 3057 3044
f 3452 3467 3057
f 3466 3452 3451
f 3466 3467 3452
f 3059 3058 3468
f 3059 3468 3469
f 3454 3046 3063
f 3454 3063 3472
f 3063 3062 3471
f 3063 3471 3472
f 3472 3471 3453
f 3472 3453 3454
f 3457 3064 3048
f 3457 3474 3064
f 3473 3457 3456
f 3473 3474 3457
f 3066 3065 3475
f 3066 3475 3476
f 3477 3067 3066
f 3477 3066 3476
f 3459 3050 3070
f 3459 3070 3479
f 3070 3069 3478
f 3070 3478 3479
f 3479 3478 3458
f 3479 3458 3459
f 3480 3462 3461
f 3480 3481 3462
f 3463 3071 3053
f 3463 3482 3071
f 3482 3462 3481
f 3482 3463 3462
f 3483 3072 3071
f 3483 3071 3482
f 3483 3482 3463
f 3483 3463 3464
f 3484 3465 3055
f 3484 3055 3073
f 3484 3073 3072
f 3484 3072 3483
f 3483 3464 3465
f 3483 3465 3484
f 3467 3074 3057
f 3467 3486 3074
f 3485 3467 3466
f 3485 3486 3467
f 3468 3058 3075
f 3468 3075 3487
f 3487 3075 3074
f 3487 3074 3486
f 3469 3076 3059
f 3469 3488 3076
f 3077 3076 3488
f 3077 3488 3489
f 3488 3469 3470
f 3488 3470 3489
f 3078 3077 3489
f 3078 3489 3490
f 3491 3079 3078
f 3491 3078 3490
f 3471 3062 3080
f 3471 3080 3492
f 3080 3079 3491
f 3080 3491 3492
f 3474 3081 3064
f 3474 3493 3081
f 3475 3065 3082
f 3475 3082 3494
f 3494 3082 3081
f 3494 3081 3493
f 3477 3083 3067
f 3477 3495 3083
f 3496 3084 3083
f 3496 3083 3495
f 3497 3085 3084
f 3497 3084 3496
f 3478 3069 3086
f 3478 3086 3498
f 3086 3085 3497
f 3086 3497 3498
f 3499 3490 3489
f 3499 3500 3490
f 3095 3501 3094
f 3095 3502 3501
f 3503 3095 3096
f 3503 3502 3095
f 3097 3503 3096
f 3097 3504 3503
f 3505 3097 3098
f 3505 3504 3097
f 3501 3099 3094
f 3501 3507 3099
f 3509 3505 3098
f 3509 3098 3101
f 3508 3504 3505
f 3508 3505 3509
f 3507 3102 3099
f 3507 3511 3102
f 3511 3506 3510
f 3511 3507 3506
f 3512 3103 3102
f 3512 3102 3511
f 3515 3509 3101
f 3515 3101 3106
f 3515 3106 3105
f 3515 3105 3514
f 3515 3514 3508
f 3515 3508 3509
f 3512 3108 3103
f 3512 3516 3108
f 3109 3108 3516
f 3109 3516 3517
f 3516 3512 3513
f 3516 3513 3517
f 3518 3514 3105
f 3518 3105 3110
f 3518 3110 3109
f 3518 3109 3517
f 3520 3113 3114
f 3520 3519 3113
f 3115 3520 3114
f 3115 3521 3520
f 3116 3521 3115
f 3116 3522 3521
f 3525 3119 3120
f 3525 3524 3119
f 3526 3120 3121
f 3526 3525 3120
f 3527 3121 3122
f 3527 3526 3121
f 3530 3113 3519
f 3530 3127 3113
f 3530 3126 3127
f 3530 3529 3126
f 3531 3522 3116
f 3531 3116 3129
f 3130 3531 3129
f 3130 3532 3531
f 3531 3523 3522
f 3531 3532 3523
f 3533 3119 3524
f 3533 3134 3119
f 3534 3533 3524
f 3534 3524 3525
f 3535 3527 3122
f 3535 3122 3136
f 3536 3136 3137
f 3536 3535 3136
f 3535 3528 3527
f 3535 3536 3528
f 3537 3126 3529
f 3537 3142 3126
f 3538 3532 3130
f 3538 3130 3144
f 3540 3146 3147
f 3540 3539 3146
f 3542 3134 3533
f 3542 3150 3134
f 3542 3149 3150
f 3542 3541 3149
f 3543 3536 3137
f 3543 3137 3151
f 3546 3157 3158
f 3546 3545 3157
f 3159 3546 3158
f 3159 3547 3546
f 3160 3547 3159
f 3160 3548 3547
f 3537 3161 3142
f 3537 3549 3161
f 3550 3162 3161
f 3550 3161 3549
f 3538 3144 3164
f 3538 3164 3551
f 3165 3551 3164
f 3165 3552 3551
f 3539 3166 3146
f 3539 3553 3166
f 3166 3552 3165
f 3166 3553 3552
f 3540 3147 3167
f 3540 3167 3554
f 3554 3553 3539
f 3554 3539 3540
f 3555 3167 3168
f 3555 3554 3167
f 3556 3149 3541
f 3556 3170 3149
f 3557 3171 3170
f 3557 3170 3556
f 3558 3543 3151
f 3558 3151 3173
f 3174 3558 3173
f 3174 3559 3558
f 3560 3174 3175
f 3560 3559 3174
f 3561 3175 3176
f 3561 3560 3175
f 3562 3176 3177
f 3562 3561 3176
f 3565 3157 3545
f 3565 3180 3157
f 3565 3179 3180
f 3565 3564 3179
f 3565 3544 3564
f 3565 3545 3544
f 3567 3548 3160
f 3567 3160 3182
f 3566 3547 3548
f 3566 3548 3567
f 3550 3183 3162
f 3550 3568 3183
f 3569 3184 3183
f 3569 3183 3568
f 3573 3572 3552
f 3573 3552 3553
f 3574 3573 3553
f 3574 3553 3554
f 3555 3168 3185
f 3555 3185 3575
f 3574 3554 3555
f 3574 3555 3575
f 3557 3187 3171
f 3557 3576 3187
f 3577 3188 3187
f 3577 3187 3576
f 3580 3579 3559
f 3580 3559 3560
f 3581 3580 3560
f 3581 3560 3561
f 3562 3177 3190
f 3562 3190 3582
f 3581 3561 3562
f 3581 3562 3582
f 3564 3192 3179
f 3564 3584 3192
f 3584 3563 3583
f 3584 3564 3563
f 3585 3193 3192
f 3585 3192 3584
f 3587 3567 3182
f 3587 3182 3196
f 3587 3196 3195
f 3587 3195 3586
f 3569 3198 3184
f 3569 3588 3198
f 3591 3590 3570
f 3591 3570 3571
f 3592 3591 3571
f 3592 3571 3572
f 3593 3592 3572
f 3593 3572 3573
f 3575 3185 3200
f 3575 3200 3595
f 3594 3574 3575
f 3594 3575 3595
f 3577 3202 3188
f 3577 3596 3202
f 3600 3599 3578
f 3600 3578 3579
f 3601 3580 3581
f 3601 3581 3602
f 3582 3190 3206
f 3582 3206 3603
f 3602 3581 3582
f 3602 3582 3603
f 3585 3208 3193
f 3585 3604 3208
f 3605 3209 3208
f 3605 3208 3604
f 3606 3586 3195
f 3606 3195 3210
f 3210 3209 3605
f 3210 3605 3606
f 3588 3213 3198
f 3588 3607 3213
f 3608 3214 3213
f 3608 3213 3607
f 3607 3588 3589
f 3607 3589 3608
f 3609 3608 3589
f 3609 3589 3590
f 3610 3216 3215
f 3610 3215 3609
f 3610 3609 3590
f 3610 3590 3591
f 3217 3216 3610
f 3217 3610 3611
f 3611 3610 3591
f 3611 3591 3592
f 3613 3219 3218
f 3613 3218 3612
f 3614 3595 3200
f 3614 3200 3220
f 3614 3220 3219
f 3614 3219 3613
f 3615 3202 3596
f 3615 3222 3202
f 3616 3223 3222
f 3616 3222 3615
f 3615 3596 3597
f 3615 3597 3616
f 3616 3597 3598
f 3616 3598 3617
f 3618 3617 3598
f 3618 3598 3599
f 3226 3225 3618
f 3226 3618 3619
f 3618 3599 3600
f 3618 3600 3619
f 3622 3603 3206
f 3622 3206 3229
f 3622 3229 3228
f 3622 3228 3621
f 3608 3231 3214
f 3608 3623 3231
f 3609 3215 3232
f 3609 3232 3624
f 3232 3231 3623
f 3232 3623 3624
f 3623 3608 3609
f 3623 3609 3624
f 3625 3217 3611
f 3625 3233 3217
f 3626 3612 3218
f 3626 3218 3234
f 3626 3234 3233
f 3626 3233 3625
f 3616 3236 3223
f 3616 3627 3236
f 3237 3236 3627
f 3237 3627 3628
f 3627 3616 3617
f 3627 3617 3628
f 3618 3225 3238
f 3618 3238 3629
f 3629 3238 3237
f 3629 3237 3628
f 3629 3628 3617
f 3629 3617 3618
f 3619 3239 3226
f 3619 3630 3239
f 3631 3240 3239
f 3631 3239 3630
f 3630 3619 3620
f 3630 3620 3631
f 3632 3621 3228
f 3632 3228 3241
f 3632 3241 3240
f 3632 3240 3631
f 3632 3631 3620
f 3632 3620 3621
f 3244 3633 3243
f 3244 3634 3633
f 3246 3635 3245
f 3246 3636 3635
f 3638 3249 3250
f 3638 3637 3249
f 3639 3250 3251
f 3639 3638 3250
f 3252 3639 3251
f 3252 3640 3639
f 3642 3243 3633
f 3642 3256 3243
f 3642 3255 3256
f 3642 3641 3255
f 3643 3634 3244
f 3643 3244 3257
f 3643 3642 3633
f 3643 3633 3634
f 3644 3245 3635
f 3644 3258 3245
f 3644 3257 3258
f 3644 3643 3257
f 3644 3634 3643
f 3644 3635 3634
f 3645 3636 3246
f 3645 3246 3259
f 3260 3645 3259
f 3260 3646 3645
f 3648 3249 3637
f 3648 3265 3249
f 3648 3264 3265
f 3648 3647 3264
f 3649 3640 3252
f 3649 3252 3268
f 3274 3650 3273
f 3274 3651 3650
f 3275 3651 3274
f 3275 3652 3651
f 3653 3275 3276
f 3653 3652 3275
f 3654 3255 3641
f 3654 3277 3255
f 3655 3646 3260
f 3655 3260 3279
f 3657 3281 3282
f 3657 3656 3281
f 3647 3284 3264
f 3647 3658 3284
f 3649 3268 3285
f 3649 3285 3659
f 3660 3285 3286
f 3660 3659 3285
f 3662 3288 3289
f 3662 3661 3288
f 3650 3292 3273
f 3650 3664 3292
f 3665 3664 3650
f 3665 3650 3651
f 3667 3653 3276
f 3667 3276 3294
f 3666 3652 3653
f 3666 3653 3667
f 3668 3277 3654
f 3668 3295 3277
f 3655 3279 3297
f 3655 3297 3670
f 3671 3297 3298
f 3671 3670 3297
f 3656 3299 3281
f 3656 3672 3299
f 3299 3671 3298
f 3299 3672 3671
f 3657 3282 3300
f 3657 3300 3673
f 3672 3656 3657
f 3672 3657 3673
f 3674 3300 3301
f 3674 3673 3300
f 3675 3284 3658
f 3675 3303 3284
f 3660 3286 3305
f 3660 3305 3677
f 3677 3305 3304
f 3677 3304 3676
f 3676 3659 3660
f 3676 3660 3677
f 3678 3305 3306
f 3678 3677 3305
f 3661 3307 3288
f 3661 3679 3307
f 3307 3678 3306
f 3307 3679 3678
f 3662 3289 3308
f 3662 3308 3680
f 3680 3679 3661
f 3680 3661 3662
f 3664 3310 3292
f 3664 3682 3310
f 3682 3663 3681
f 3682 3664 3663
f 3667 3294 3311
f 3667 3311 3684
f 3685 3311 3312
f 3685 3684 3311
f 3668 3314 3295
f 3668 3686 3314
f 3687 3315 3314
f 3687 3314 3686
f 3686 3668 3669
f 3686 3669 3687
f 3691 3690 3670
f 3691 3670 3671
f 3692 3691 3671
f 3692 3671 3672
f 3693 3692 3672
f 3693 3672 3673
f 3674 3301 3317
f 3674 3317 3694
f 3693 3673 3674
f 3693 3674 3694
f 3695 3303 3675
f 3695 3319 3303
f 3697 3676 3304
f 3697 3304 3322
f 3677 3323 3305
f 3677 3698 3323
f 3323 3697 3322
f 3323 3698 3697
f 3697 3677 3676
f 3697 3698 3677
f 3698 3677 3678
f 3698 3678 3699
f 3700 3699 3678
f 3700 3678 3679
f 3680 3308 3324
f 3680 3324 3701
f 3701 3700 3679
f 3701 3679 3680
f 3702 3310 3682
f 3702 3326 3310
f 3328 3327 3703
f 3328 3703 3704
f 3705 3329 3328
f 3705 3328 3704
f 3705 3704 3683
f 3705 3683 3684
f 3706 3685 3312
f 3706 3312 3330
f 3706 3330 3329
f 3706 3329 3705
f 3705 3684 3685
f 3705 3685 3706
f 3687 3332 3315
f 3687 3707 3332
f 3708 3333 3332
f 3708 3332 3707
f 3707 3687 3688
f 3707 3688 3708
f 3711 3710 3689
f 3711 3689 3690
f 3712 3711 3690
f 3712 3690 3691
f 3713 3712 3691
f 3713 3691 3692
f 3713 3692 3693
f 3713 3693 3714
f 3694 3317 3335
f 3694 3335 3715
f 3715 3714 3693
f 3715 3693 3694
f 3695 3337 3319
f 3695 3716 3337
f 3338 3337 3716
f 3338 3716 3717
f 3716 3695 3696
f 3716 3696 3717
f 3721 3720 3697
f 3721 3697 3698
f 3721 3698 3699
f 3721 3699 3722
f 3723 3722 3699
f 3723 3699 3700
f 3701 3324 3340
f 3701 3340 3724
f 3725 3340 3341
f 3725 3724 3340
f 3726 3326 3702
f 3726 3342 3326
f 3727 3703 3327
f 3727 3327 3343
f 3343 3342 3726
f 3343 3726 3727
f 3726 3702 3703
f 3726 3703 3727
f 3728 3333 3708
f 3728 3346 3333
f 3728 3708 3709
f 3728 3709 3729
f 3349 3348 3730
f 3349 3730 3731
f 3731 3730 3710
f 3731 3710 3711
f 3350 3349 3731
f 3350 3731 3732
f 3735 3715 3335
f 3735 3335 3351
f 3734 3714 3715
f 3734 3715 3735
f 3736 3338 3717
f 3736 3353 3338
f 3354 3353 3736
f 3354 3736 3737
f 3736 3717 3718
f 3736 3718 3737
f 3737 3718 3719
f 3737 3719 3738
f 3739 3738 3719
f 3739 3719 3720
f 3357 3356 3739
f 3357 3739 3740
f 3740 3739 3720
f 3740 3720 3721
f 3725 3341 3359
f 3725 3359 3744
f 3743 3724 3725
f 3743 3725 3744
f 3728 3360 3346
f 3728 3745 3360
f 3361 3360 3745
f 3361 3745 3746
f 3745 3728 3729
f 3745 3729 3746
f 3730 3348 3362
f 3730 3362 3747
f 3362 3361 3746
f 3362 3746 3747
f 3748 3350 3732
f 3748 3364 3350
f 3365 3364 3748
f 3365 3748 3749
f 3748 3732 3733
f 3748 3733 3749
f 3750 3366 3365
f 3750 3365 3749
f 3750 3749 3733
f 3750 3733 3734
f 3735 3351 3367
f 3735 3367 3751
f 3367 3366 3750
f 3367 3750 3751
f 3750 3734 3735
f 3750 3735 3751
f 3737 3368 3354
f 3737 3752 3368
f 3753 3369 3368
f 3753 3368 3752
f 3739 3356 3370
f 3739 3370 3754
f 3370 3369 3753
f 3370 3753 3754
f 3755 3357 3740
f 3755 3371 3357
f 3372 3371 3755
f 3372 3755 3756
f 3755 3740 3741
f 3755 3741 3756
f 3757 3373 3372
f 3757 3372 3756
f 3756 3741 3742
f 3756 3742 3757
f 3758 3374 3373
f 3758 3373 3757
f 3757 3742 3743
f 3757 3743 3758
f 3744 3359 3375
f 3744 3375 3759
f 3375 3374 3758
f 3375 3758 3759
f 3758 3743 3744
f 3758 3744 3759
f 3377 3760 3376
f 3377 3761 3760
f 3763 3378 3379
f 3763 3762 3378
f 3766 3376 3760
f 3766 3382 3376
f 3767 3761 3377
f 3767 3377 3383
f 3767 3766 3760
f 3767 3760 3761
f 3768 3378 3762
f 3768 3384 3378
f 3768 3383 3384
f 3768 3767 3383
f 3768 3761 3767
f 3768 3762 3761
f 3769 3763 3379
f 3769 3379 3385
f 3390 3770 3389
f 3390 3771 3770
f 3772 3390 3391
f 3772 3771 3390
f 3773 3391 3392
f 3773 3772 3391
f 3772 3765 3764
f 3772 3773 3765
f 3774 3392 3393
f 3774 3773 3392
f 3776 3382 3766
f 3776 3397 3382
f 3397 3775 3396
f 3397 3776 3775
f 3769 3385 3398
f 3769 3398 3777
f 3399 3777 3398
f 3399 3778 3777
f 3402 3779 3401
f 3402 3780 3779
f 3770 3403 3389
f 3770 3782 3403
f 3783 3774 3393
f 3783 3393 3404
f 3409 3784 3408
f 3409 3785 3784
f 3786 3396 3775
f 3786 3411 3396
f 3778 3399 3413
f 3778 3413 3788
f 3789 3413 3414
f 3789 3788 3413
f 3779 3415 3401
f 3779 3790 3415
f 3415 3789 3414
f 3415 3790 3789
f 3780 3402 3416
f 3780 3416 3791
f 3791 3416 3415
f 3791 3415 3790
f 3791 3790 3779
f 3791 3779 3780
f 3782 3419 3403
f 3782 3793 3419
f 3793 3418 3419
f 3793 3792 3418
f 3793 3781 3792
f 3793 3782 3781
f 3794 3783 3404
f 3794 3404 3420
f 3423 3795 3422
f 3423 3796 3795
f 3797 3423 3424
f 3797 3796 3423
f 3784 3427 3408
f 3784 3799 3427
f 3427 3798 3426
f 3427 3799 3798
f 3785 3409 3428
f 3785 3428 3800
f 3800 3799 3784
f 3800 3784 3785
f 3801 3428 3429
f 3801 3800 3428
f 3430 3801 3429
f 3430 3802 3801
f 3786 3431 3411
f 3786 3803 3431
f 3432 3431 3803
f 3432 3803 3804
f 3803 3786 3787
f 3803 3787 3804
f 3806 3788 3789
f 3806 3789 3807
f 3790 3415 3434
f 3790 3434 3808
f 3808 3807 3789
f 3808 3789 3790
f 3809 3434 3435
f 3809 3808 3434
f 3810 3435 3436
f 3810 3809 3435
f 3811 3418 3792
f 3811 3438 3418
f 3439 3438 3811
f 3439 3811 3812
f 3811 3792 3793
f 3811 3793 3812
f 3794 3420 3441
f 3794 3441 3814
f 3815 3441 3442
f 3815 3814 3441
f 3795 3443 3422
f 3795 3816 3443
f 3443 3815 3442
f 3443 3816 3815
f 3817 3816 3795
f 3817 3795 3796
f 3797 3424 3444
f 3797 3444 3818
f 3817 3796 3797
f 3817 3797 3818
f 3798 3446 3426
f 3798 3820 3446
f 3821 3820 3798
f 3821 3798 3799
f 3823 3802 3430
f 3823 3430 3448
f 3804 3450 3432
f 3804 3824 3450
f 3825 3451 3450
f 3825 3450 3824
f 3824 3804 3805
f 3824 3805 3825
f 3829 3828 3806
f 3829 3806 3807
f 3830 3829 3807
f 3830 3807 3808
f 3830 3808 3809
f 3830 3809 3831
f 3810 3436 3453
f 3810 3453 3832
f 3831 3809 3810
f 3831 3810 3832
f 3812 3455 3439
f 3812 3833 3455
f 3834 3456 3455
f 3834 3455 3833
f 3833 3812 3813
f 3833 3813 3834
f 3838 3837 3814
f 3838 3814 3815
f 3839 3838 3815
f 3839 3815 3816
f 3839 3816 3817
f 3839 3817 3840
f 3818 3444 3458
f 3818 3458 3841
f 3841 3840 3817
f 3841 3817 3818
f 3820 3460 3446
f 3820 3843 3460
f 3843 3819 3842
f 3843 3820 3819
f 3844 3461 3460
f 3844 3460 3843
f 3847 3823 3448
f 3847 3448 3464
f 3847 3464 3463
f 3847 3463 3846
f 3847 3846 3822
f 3847 3822 3823
f 3848 3451 3825
f 3848 3466 3451
f 3848 3825 3826
f 3848 3826 3849
f 3851 3469 3468
f 3851 3468 3850
f 3851 3850 3827
f 3851 3827 3828
f 3470 3469 3851
f 3470 3851 3852
f 3851 3828 3829
f 3851 3829 3852
f 3855 3832 3453
f 3855 3453 3471
f 3855 3854 3831
f 3855 3831 3832
f 3856 3456 3834
f 3856 3473 3456
f 3474 3473 3856
f 3474 3856 3857
f 3856 3834 3835
f 3856 3835 3857
f 3859 3476 3475
f 3859 3475 3858
f 3859 3858 3836
f 3859 3836 3837
f 3477 3476 3859
f 3477 3859 3860
f 3859 3837 3838
f 3859 3838 3860
f 3863 3841 3458
f 3863 3458 3478
f 3863 3862 3840
f 3863 3840 3841
f 3844 3480 3461
f 3844 3864 3480
f 3481 3480 3864
f 3481 3864 3865
f 3864 3844 3845
f 3864 3845 3865
f 3866 3846 3463
f 3866 3463 3482
f 3866 3482 3481
f 3866 3481 3865
f 3866 3865 3845
f 3866 3845 3846
f 3848 3485 3466
f 3848 3867 3485
f 3868 3486 3485
f 3868 3485 3867
f 3867 3848 3849
f 3867 3849 3868
f 3869 3850 3468
f 3869 3468 3487
f 3869 3487 3486
f 3869 3486 3868
f 3870 3470 3852
f 3870 3489 3470
f 3872 3491 3490
f 3872 3490 3871
f 3872 3871 3853
f 3872 3853 3854
f 3855 3471 3492
f 3855 3492 3873
f 3873 3492 3491
f 3873 3491 3872
f 3872 3854 3855
f 3872 3855 3873
f 3857 3493 3474
f 3857 3874 3493
f 3858 3475 3494
f 3858 3494 3875
f 3875 3494 3493
f 3875 3493 3874
f 3876 3477 3860
f 3876 3495 3477
f 3496 3495 3876
f 3496 3876 3877
f 3876 3860 3861
f 3876 3861 3877
f 3497 3496 3877
f 3497 3877 3878
f 3878 3877 3861
f 3878 3861 3862
f 3879 3863 3478
f 3879 3478 3498
f 3879 3498 3497
f 3879 3497 3878
f 3870 3499 3489
f 3870 3880 3499
f 3881 3871 3490
f 3881 3490 3500
f 3500 3499 3880
f 3500 3880 3881
f 3881 3880 3870
f 3881 3870 3871
f 3884 3501 3502
f 3884 3883 3501
f 3503 3884 3502
f 3503 3885 3884
f 3886 3503 3504
f 3886 3885 3503
f 3883 3507 3501
f 3883 3888 3507
f 3888 3506 3507
f 3888 3887 3506
f 3888 3882 3887
f 3888 3883 3882
f 3890 3889 3884
f 3890 3884 3885
f 3886 3504 3508
f 3886 3508 3891
f 3892 3506 3887
f 3892 3510 3506
f 3893 3511 3510
f 3893 3510 3892
f 3892 3887 3888
f 3892 3888 3893
f 3512 3511 3893
f 3512 3893 3894
f 3893 3888 3889
f 3893 3889 3894
f 3513 3512 3894
f 3513 3894 3895
f 3896 3891 3508
f 3896 3508 3514
f 3895 3890 3891
f 3895 3891 3896
f 3897 3513 3895
f 3897 3517 3513
f 3896 3514 3518
f 3896 3518 3898
f 3518 3517 3897
f 3518 3897 3898
f 3897 3895 3896
f 3897 3896 3898
f 3520 3903 3519
f 3520 3904 3903
f 3521 3904 3520
f 3521 3905 3904
f 3905 3899 3904
f 3905 3900 3899
f 3906 3521 3522
f 3906 3905 3521
f 3907 3522 3523
f 3907 3906 3522
f 3526 3908 3525
f 3526 3909 3908
f 3909 3901 3908
f 3909 3902 3901
f 3910 3526 3527
f 3910 3909 3526
f 3911 3527 3528
f 3911 3910 3527
f 3903 3530 3519
f 3903 3913 3530
f 3530 3912 3529
f 3530 3913 3912
f 3914 3913 3903
f 3914 3903 3904
f 3916 3907 3523
f 3916 3523 3532
f 3915 3906 3907
f 3915 3907 3916
f 3908 3534 3525
f 3908 3918 3534
f 3534 3917 3533
f 3534 3918 3917
f 3911 3528 3536
f 3911 3536 3920
f 3919 3910 3911
f 3919 3911 3920
f 3912 3537 3529
f 3912 3921 3537
f 3922 3921 3912
f 3922 3912 3913
f 3916 3532 3538
f 3916 3538 3925
f 3924 3915 3916
f 3924 3916 3925
f 3917 3542 3533
f 3917 3927 3542
f 3542 3926 3541
f 3542 3927 3926
f 3928 3927 3917
f 3928 3917 3918
f 3920 3536 3543
f 3920 3543 3929
f 3932 3544 3545
f 3932 3931 3544
f 3933 3545 3546
f 3933 3932 3545
f 3547 3933 3546
f 3547 3934 3933
f 3936 3537 3921
f 3936 3549 3537
f 3550 3549 3936
f 3550 3936 3937
f 3936 3921 3922
f 3936 3922 3937
f 3937 3922 3923
f 3937 3923 3938
f 3939 3925 3538
f 3939 3538 3551
f 3940 3551 3552
f 3940 3939 3551
f 3926 3556 3541
f 3926 3941 3556
f 3557 3556 3941
f 3557 3941 3942
f 3941 3926 3927
f 3941 3927 3942
f 3942 3927 3928
f 3942 3928 3943
f 3929 3543 3558
f 3929 3558 3944
f 3945 3558 3559
f 3945 3944 3558
f 3947 3544 3931
f 3947 3564 3544
f 3947 3563 3564
f 3947 3946 3563
f 3947 3930 3946
f 3947 3931 3930
f 3934 3547 3566
f 3934 3566 3949
f 3948 3933 3934
f 3948 3934 3949
f 3950 3566 3567
f 3950 3949 3566
f 3949 3935 3934
f 3949 3950 3935
f 3951 3550 3937
f 3951 3568 3550
f 3569 3568 3951
f 3569 3951 3952
f 3951 3937 3938
f 3951 3938 3952
f 3571 3570 3953
f 3571 3953 3954
f 3940 3552 3572
f 3940 3572 3955
f 3955 3572 3571
f 3955 3571 3954
f 3954 3939 3940
f 3954 3940 3955
f 3957 3573 3574
f 3957 3956 3573
f 3958 3557 3942
f 3958 3576 3557
f 3577 3576 3958
f 3577 3958 3959
f 3958 3942 3943
f 3958 3943 3959
f 3945 3559 3579
f 3945 3579 3961
f 3961 3579 3578
f 3961 3578 3960
f 3960 3944 3945
f 3960 3945 3961
f 3962 3579 3580
f 3962 3961 3579
f 3963 3563 3946
f 3963 3583 3563
f 3964 3584 3583
f 3964 3583 3963
f 3965 3585 3584
f 3965 3584 3964
f 3967 3966 3948
f 3967 3948 3949
f 3968 3950 3567
f 3968 3567 3587
f 3968 3587 3586
f 3968 3586 3967
f 3968 3967 3949
f 3968 3949 3950
f 3969 3569 3952
f 3969 3588 3569
f 3589 3588 3969
f 3589 3969 3970
f 3971 3953 3570
f 3971 3570 3590
f 3971 3590 3589
f 3971 3589 3970
f 3956 3593 3573
f 3956 3973 3593
f 3593 3972 3592
f 3593 3973 3972
f 3957 3574 3594
f 3957 3594 3974
f 3973 3956 3957
f 3973 3957 3974
f 3975 3594 3595
f 3975 3974 3594
f 3976 3577 3959
f 3976 3596 3577
f 3597 3596 3976
f 3597 3976 3977
f 3978 3598 3597
f 3978 3597 3977
f 3979 3960 3578
f 3979 3578 3599
f 3979 3599 3598
f 3979 3598 3978
f 3961 3600 3579
f 3961 3980 3600
f 3962 3580 3601
f 3962 3601 3981
f 3980 3961 3962
f 3980 3962 3981
f 3982 3601 3602
f 3982 3981 3601
f 3983 3602 3603
f 3983 3982 3602
f 3984 3585 3965
f 3984 3604 3585
f 3605 3604 3984
f 3605 3984 3985
f 3984 3965 3966
f 3984 3966 3985
f 3986 3967 3586
f 3986 3586 3606
f 3986 3606 3605
f 3986 3605 3985
f 3986 3985 3966
f 3986 3966 3967
f 3972 3611 3592
f 3972 3987 3611
f 3988 3987 3972
f 3988 3972 3973
f 3989 3613 3612
f 3989 3612 3988
f 3989 3988 3973
f 3989 3973 3974
f 3975 3595 3614
f 3975 3614 3990
f 3990 3614 3613
f 3990 3613 3989
f 3989 3974 3975
f 3989 3975 3990
f 3991 3600 3980
f 3991 3619 3600
f 3620 3619 3991
f 3620 3991 3992
f 3991 3980 3981
f 3991 3981 3992
f 3993 3621 3620
f 3993 3620 3992
f 3992 3981 3982
f 3992 3982 3993
f 3983 3603 3622
f 3983 3622 3994
f 3622 3621 3993
f 3622 3993 3994
f 3993 3982 3983
f 3993 3983 3994
f 3987 3625 3611
f 3987 3995 3625
f 3996 3988 3612
f 3996 3612 3626
f 3996 3626 3625
f 3996 3625 3995
f 3996 3995 3987
f 3996 3987 3988
f 3635 3997 3634
f 3635 3998 3997
f 3636 3998 3635
f 3636 3999 3998
f 3638 4000 3637
f 3638 4001 4000
f 3639 4001 3638
f 3639 4002 4001
f 4003 3639 3640
f 4003 4002 3639
f 4005 3641 3642
f 4005 4004 3641
f 3997 3643 3634
f 3997 4006 3643
f 4006 3642 3643
f 4006 4005 3642
f 3999 3636 3645
f 3999 3645 4007
f 4008 3645 3646
f 4008 4007 3645
f 4000 3648 3637
f 4000 4010 3648
f 3648 4009 3647
f 3648 4010 4009
f 4003 3640 3649
f 4003 3649 4013
f 4012 4002 4003
f 4012 4003 4013
f 4017 3651 3652
f 4017 4016 3651
f 4004 3654 3641
f 4004 4019 3654
f 4020 4019 4004
f 4020 4004 4005
f 4021 4020 4005
f 4021 4005 4006
f 4008 3646 3655
f 4008 3655 4023
f 4022 4007 4008
f 4022 4008 4023
f 4009 3658 3647
f 4009 4024 3658
f 4025 4024 4009
f 4025 4009 4010
f 4025 4010 4011
f 4025 4011 4026
f 4027 4013 3649
f 4027 3649 3659
f 4030 3663 3664
f 4030 4029 3663
f 4030 4014 4029
f 4030 4015 4014
f 4016 3665 3651
f 4016 4031 3665
f 3665 4030 3664
f 3665 4031 4030
f 4030 4016 4015
f 4030 4031 4016
f 4017 3652 3666
f 4017 3666 4032
f 4032 4031 4016
f 4032 4016 4017
f 4033 3666 3667
f 4033 4032 3666
f 4032 4018 4017
f 4032 4033 4018
f 4034 3654 4019
f 4034 3668 3654
f 3669 3668 4034
f 3669 4034 4035
f 4034 4019 4020
f 4034 4020 4035
f 4036 4035 4020
f 4036 4020 4021
f 4037 4023 3655
f 4037 3655 3670
f 4038 3658 4024
f 4038 3675 3658
f 4038 4024 4025
f 4038 4025 4039
f 4040 4039 4025
f 4040 4025 4026
f 4041 4027 3659
f 4041 3659 3676
f 4042 3676 3677
f 4042 4041 3676
f 4044 3663 4029
f 4044 3681 3663
f 4044 4028 4043
f 4044 4029 4028
f 4045 3682 3681
f 4045 3681 4044
f 4046 4031 4032
f 4046 4032 4047
f 4048 4033 3667
f 4048 3667 3684
f 4048 3684 3683
f 4048 3683 4047
f 4049 3669 4035
f 4049 3687 3669
f 3688 3687 4049
f 3688 4049 4050
f 4049 4035 4036
f 4049 4036 4050
f 4037 3670 3690
f 4037 3690 4052
f 4052 3690 3689
f 4052 3689 4051
f 4053 3675 4038
f 4053 3695 3675
f 3696 3695 4053
f 3696 4053 4054
f 4053 4038 4039
f 4053 4039 4054
f 4042 3677 3698
f 4042 3698 4056
f 4056 3698 3697
f 4056 3697 4055
f 4056 4055 4041
f 4056 4041 4042
f 4058 3700 3701
f 4058 4057 3700
f 4059 3682 4045
f 4059 3702 3682
f 3703 3702 4059
f 3703 4059 4060
f 4059 4045 4046
f 4059 4046 4060
f 4061 4047 3683
f 4061 3683 3704
f 4061 3704 3703
f 4061 3703 4060
f 4061 4060 4046
f 4061 4046 4047
f 4062 3688 4050
f 4062 3708 3688
f 3709 3708 4062
f 3709 4062 4063
f 4064 4051 3689
f 4064 3689 3710
f 3712 4065 3711
f 3712 4066 4065
f 4067 3712 3713
f 4067 4066 3712
f 4068 3713 3714
f 4068 4067 3713
f 4069 3696 4054
f 4069 3717 3696
f 3718 3717 4069
f 3718 4069 4070
f 4071 3719 3718
f 4071 3718 4070
f 4055 3697 3720
f 4055 3720 4072
f 4072 3720 3719
f 4072 3719 4071
f 3722 4073 3721
f 3722 4074 4073
f 4057 3723 3700
f 4057 4075 3723
f 3723 4074 3722
f 3723 4075 4074
f 4058 3701 3724
f 4058 3724 4076
f 4076 4075 4057
f 4076 4057 4058
f 4077 3709 4063
f 4077 3729 3709
f 4078 4064 3710
f 4078 3710 3730
f 4079 3711 4065
f 4079 3731 3711
f 3732 3731 4079
f 3732 4079 4080
f 4079 4065 4066
f 4079 4066 4080
f 3733 3732 4080
f 3733 4080 4081
f 4081 4080 4066
f 4081 4066 4067
f 4082 4068 3714
f 4082 3714 3734
f 4082 3734 3733
f 4082 3733 4081
f 4082 4081 4067
f 4082 4067 4068
f 3738 4083 3737
f 3738 4084 4083
f 4083 4071 4070
f 4083 4084 4071
f 4085 3738 3739
f 4085 4084 3738
f 4085 4071 4084
f 4085 4072 4071
f 4086 3721 4073
f 4086 3740 3721
f 3741 3740 4086
f 3741 4086 4087
f 4086 4073 4074
f 4086 4074 4087
f 3742 3741 4087
f 3742 4087 4088
f 4088 4087 4074
f 4088 4074 4075
f 4089 4076 3724
f 4089 3724 3743
f 4089 3743 3742
f 4089 3742 4088
f 4089 4088 4075
f 4089 4075 4076
f 4090 3729 4077
f 4090 3746 3729
f 4091 4078 3730
f 4091 3730 3747
f 3747 3746 4090
f 3747 4090 4091
f 4090 4077 4078
f 4090 4078 4091
f 4092 3737 4083
f 4092 3752 3737
f 3753 3752 4092
f 3753 4092 4093
f 4092 4083 4084
f 4092 4084 4093
f 4094 4085 3739
f 4094 3739 3754
f 4094 3754 3753
f 4094 3753 4093
f 4094 4093 4084
f 4094 4084 4085
f 3762 4095 3761
f 3762 4096 4095
f 4097 3762 3763
f 4097 4096 3762
f 4100 3764 3765
f 4100 4099 3764
f 4095 3767 3761
f 4095 4102 3767
f 3767 4101 3766
f 3767 4102 4101
f 4103 4097 3763
f 4103 3763 3769
f 3771 4104 3770
f 3771 4105 4104
f 4106 3764 4099
f 4106 3772 3764
f 4106 3771 3772
f 4106 4105 3771
f 4106 4098 4105
f 4106 4099 4098
f 4107 4100 3765
f 4107 3765 3773
f 3774 4107 3773
f 3774 4108 4107
f 4101 3776 3766
f 4101 4110 3776
f 3776 4109 3775
f 3776 4110 4109
f 4111 4110 4101
f 4111 4101 4102
f 4103 3769 3777
f 4103 3777 4112
f 4113 3777 3778
f 4113 4112 3777
f 4104 3782 3770
f 4104 4115 3782
f 3782 4114 3781
f 3782 4115 4114
f 4116 4115 4104
f 4116 4104 4105
f 4117 4108 3774
f 4117 3774 3783
f 4118 3775 4109
f 4118 3786 3775
f 3787 3786 4118
f 3787 4118 4119
f 4119 4118 4109
f 4119 4109 4110
f 4113 3778 3788
f 4113 3788 4122
f 4121 4112 4113
f 4121 4113 4122
f 4123 3781 4114
f 4123 3792 3781
f 3793 3792 4123
f 3793 4123 4124
f 4124 4123 4114
f 4124 4114 4115
f 4126 4117 3783
f 4126 3783 3794
f 4130 3799 3800
f 4130 4129 3799
f 3801 4130 3800
f 3801 4131 4130
f 4132 3801 3802
f 4132 4131 3801
f 4133 3787 4119
f 4133 3804 3787
f 3805 3804 4133
f 3805 4133 4134
f 4133 4119 4120
f 4133 4120 4134
f 4122 3788 3806
f 4122 3806 4136
f 4137 3793 4124
f 4137 3812 3793
f 3813 3812 4137
f 3813 4137 4138
f 4137 4124 4125
f 4137 4125 4138
f 4139 4126 3794
f 4139 3794 3814
f 4141 3819 3820
f 4141 4140 3819
f 4141 4127 4140
f 4141 4128 4127
f 4129 3821 3799
f 4129 4142 3821
f 3821 4141 3820
f 3821 4142 4141
f 4142 4128 4141
f 4142 4129 4128
f 4143 4130 4131
f 4143 4131 4144
f 4145 4132 3802
f 4145 3802 3823
f 4145 3823 3822
f 4145 3822 4144
f 4146 3805 4134
f 4146 3825 3805
f 3826 3825 4146
f 3826 4146 4147
f 4149 4136 3806
f 4149 3806 3828
f 4149 3828 3827
f 4149 3827 4148
f 4149 4148 4135
f 4149 4135 4136
f 3830 4150 3829
f 3830 4151 4150
f 4152 3830 3831
f 4152 4151 3830
f 4153 3813 4138
f 4153 3834 3813
f 3835 3834 4153
f 3835 4153 4154
f 4139 3814 3837
f 4139 3837 4156
f 4156 3837 3836
f 4156 3836 4155
f 3839 4157 3838
f 3839 4158 4157
f 4159 3839 3840
f 4159 4158 3839
f 4160 3819 4140
f 4160 3842 3819
f 4161 3843 3842
f 4161 3842 4160
f 4161 4160 4140
f 4161 4140 4141
f 4162 3844 3843
f 4162 3843 4161
f 4161 4141 4142
f 4161 4142 4162
f 4163 3845 3844
f 4163 3844 4162
f 4162 4142 4143
f 4162 4143 4163
f 4164 4144 3822
f 4164 3822 3846
f 4164 3846 3845
f 4164 3845 4163
f 4164 4163 4143
f 4164 4143 4144
f 4147 3849 3826
f 4147 4166 3849
f 4165 4147 4146
f 4165 4166 4147
f 4167 4148 3827
f 4167 3827 3850
f 4150 3852 3829
f 4150 4168 3852
f 4169 4168 4150
f 4169 4150 4151
f 4152 3831 3854
f 4152 3854 4170
f 4170 3854 3853
f 4170 3853 4169
f 4170 4169 4151
f 4170 4151 4152
f 4171 3835 4154
f 4171 3857 3835
f 4172 4155 3836
f 4172 3836 3858
f 4157 3860 3838
f 4157 4173 3860
f 3861 3860 4173
f 3861 4173 4174
f 4173 4157 4158
f 4173 4158 4174
f 4159 3840 3862
f 4159 3862 4175
f 3862 3861 4174
f 3862 4174 4175
f 4174 4158 4159
f 4174 4159 4175
f 4176 3862 3863
f 4176 4175 3862
f 4177 3849 4166
f 4177 3868 3849
f 4178 4167 3850
f 4178 3850 3869
f 3869 3868 4177
f 3869 4177 4178
f 4177 4166 4167
f 4177 4167 4178
f 4179 3852 4168
f 4179 3870 3852
f 4180 4169 3853
f 4180 3853 3871
f 4180 3871 3870
f 4180 3870 4179
f 4180 4179 4168
f 4180 4168 4169
f 4181 3857 4171
f 4181 3874 3857
f 4182 4172 3858
f 4182 3858 3875
f 3875 3874 4181
f 3875 4181 4182
f 4182 4181 4171
f 4182 4171 4172
f 4183 3862 4175
f 4183 3878 3862
f 4176 3863 3879
f 4176 3879 4184
f 3879 3878 4183
f 3879 4183 4184
f 4183 4175 4176
f 4183 4176 4184
f 4186 3882 3883
f 4186 4185 3882
f 4187 3883 3884
f 4187 4186 3883
f 3886 4188 3885
f 3886 4189 4188
f 4190 3882 4185
f 4190 3887 3882
f 3888 3887 4190
f 3888 4190 4191
f 4187 3884 3889
f 4187 3889 4192
f 3889 3888 4191
f 3889 4191 4192
f 4188 3890 3885
f 4188 4193 3890
f 4193 3889 3890
f 4193 4192 3889
f 4194 4189 3886
f 4194 3886 3891
f 4194 3891 3890
f 4194 3890 4193
f 4194 4193 4188
f 4194 4188 4189
f 4195 3889 4192
f 4195 3894 3889
f 4196 4193 3890
f 4196 3890 3895
f 4196 3895 3894
f 4196 3894 4195
f 4196 4195 4192
f 4196 4192 4193
f 3900 4197 3899
f 3900 4198 4197
f 3902 4199 3901
f 3902 4200 4199
f 4201 3899 4197
f 4201 3904 3899
f 4198 3900 3905
f 4198 3905 4202
f 4201 4197 4198
f 4201 4198 4202
f 4203 3905 3906
f 4203 4202 3905
f 4204 3901 4199
f 4204 3908 3901
f 4200 3902 3909
f 4200 3909 4205
f 4204 4199 4200
f 4204 4200 4205
f 3910 4205 3909
f 3910 4206 4205
f 4201 3914 3904
f 4201 4209 3914
f 3914 4208 3913
f 3914 4209 4208
f 4203 3906 3915
f 4203 3915 4210
f 4211 3908 4204
f 4211 3918 3908
f 4206 3910 3919
f 4206 3919 4212
f 4213 3919 3920
f 4213 4212 3919
f 4212 4207 4206
f 4212 4213 4207
f 4208 3922 3913
f 4208 4214 3922
f 3923 3922 4214
f 3923 4214 4215
f 4215 4214 4208
f 4215 4208 4209
f 4210 3915 3924
f 4210 3924 4216
f 4217 3924 3925
f 4217 4216 3924
f 4211 3928 3918
f 4211 4218 3928
f 4219 4213 3920
f 4219 3920 3929
f 4221 3930 3931
f 4221 4220 3930
f 4222 3931 3932
f 4222 4221 3931
f 4223 3932 3933
f 4223 4222 3932
f 3935 4224 3934
f 3935 4225 4224
f 4227 3923 4215
f 4227 3938 3923
f 4226 4215 4214
f 4226 4227 4215
f 4229 4217 3925
f 4229 3925 3939
f 4230 3928 4218
f 4230 3943 3928
f 4232 4219 3929
f 4232 3929 3944
f 4233 3930 4220
f 4233 3946 3930
f 4233 4220 4221
f 4233 4221 4234
f 4223 3933 3948
f 4223 3948 4236
f 4235 4222 4223
f 4235 4223 4236
f 4224 3949 3934
f 4224 4237 3949
f 4238 4225 3935
f 4238 3935 3950
f 3950 3949 4237
f 3950 4237 4238
f 4237 4224 4225
f 4237 4225 4238
f 4239 3938 4227
f 4239 3952 3938
f 4241 4229 3939
f 4241 3939 3954
f 4241 3954 3953
f 4241 3953 4240
f 4241 4240 4228
f 4241 4228 4229
f 4242 3943 4230
f 4242 3959 3943
f 4232 3944 3960
f 4232 3960 4244
f 4244 4243 4231
f 4244 4231 4232
f 4245 3946 4233
f 4245 3963 3946
f 3964 3963 4245
f 3964 4245 4246
f 4245 4233 4234
f 4245 4234 4246
f 4247 3965 3964
f 4247 3964 4246
f 4248 4236 3948
f 4248 3948 3966
f 4248 3966 3965
f 4248 3965 4247
f 4248 4247 4235
f 4248 4235 4236
f 4239 3969 3952
f 4239 4249 3969
f 4250 3970 3969
f 4250 3969 4249
f 4251 4240 3953
f 4251 3953 3971
f 3971 3970 4250
f 3971 4250 4251
f 4242 3976 3959
f 4242 4253 3976
f 3977 3976 4253
f 3977 4253 4254
f 4255 3978 3977
f 4255 3977 4254
f 4244 3960 3979
f 4244 3979 4256
f 3979 3978 4255
f 3979 4255 4256
f 4257 4251 4250
f 4257 4258 4251
f 4258 4252 4251
f 4258 4259 4252
f 4260 4255 4254
f 4260 4261 4255
f 4262 4255 4261
f 4262 4256 4255
f 4263 4258 4257
f 4263 4264 4258
f 4265 4258 4264
f 4265 4259 4258
f 4267 4260 4266
f 4267 4261 4260
f 3998 4268 3997
f 3998 4269 4268
f 4270 3998 3999
f 4270 4269 3998
f 4001 4271 4000
f 4001 4272 4271
f 4002 4272 4001
f 4002 4273 4272
f 4275 3997 4268
f 4275 4006 3997
f 4276 4270 3999
f 4276 3999 4007
f 4277 4000 4271
f 4277 4010 4000
f 4011 4010 4277
f 4011 4277 4278
f 4278 4277 4271
f 4278 4271 4272
f 4279 4273 4002
f 4279 4002 4012
f 4280 4012 4013
f 4280 4279 4012
f 4279 4274 4273
f 4279 4280 4274
f 4282 4014 4015
f 4282 4281 4014
f 4283 4015 4016
f 4283 4282 4015
f 4018 4284 4017
f 4018 4285 4284
f 4275 4021 4006
f 4275 4286 4021
f 4276 4007 4022
f 4276 4022 4287
f 4288 4022 4023
f 4288 4287 4022
f 4290 4011 4278
f 4290 4026 4011
f 4291 4280 4013
f 4291 4013 4027
f 4293 4014 4281
f 4293 4029 4014
f 4029 4292 4028
f 4029 4293 4292
f 4294 4293 4281
f 4294 4281 4282
f 4283 4016 4031
f 4283 4031 4295
f 4294 4282 4283
f 4294 4283 4295
f 4284 4032 4017
f 4284 4296 4032
f 4297 4285 4018
f 4297 4018 4033
f 4297 4296 4284
f 4297 4284 4285
f 4298 4021 4286
f 4298 4036 4021
f 4288 4023 4037
f 4288 4037 4300
f 4299 4287 4288
f 4299 4288 4300
f 4290 4040 4026
f 4290 4302 4040
f 4040 4301 4039
f 4040 4302 4301
f 4302 4289 4301
f 4302 4290 4289
f 4303 4291 4027
f 4303 4027 4041
f 4292 4043 4028
f 4292 4304 4043
f 4044 4043 4304
f 4044 4304 4305
f 4305 4304 4292
f 4305 4292 4293
f 4045 4044 4305
f 4045 4305 4306
f 4295 4031 4046
f 4295 4046 4307
f 4046 4045 4306
f 4046 4306 4307
f 4308 4032 4296
f 4308 4047 4032
f 4309 4297 4033
f 4309 4033 4048
f 4048 4047 4308
f 4048 4308 4309
f 4309 4308 4296
f 4309 4296 4297
f 4310 4036 4298
f 4310 4050 4036
f 4312 4300 4037
f 4312 4037 4052
f 4312 4052 4051
f 4312 4051 4311
f 4312 4311 4299
f 4312 4299 4300
f 4313 4039 4301
f 4313 4054 4039
f 4314 4313 4301
f 4314 4301 4302
f 4303 4041 4055
f 4303 4055 4315
f 4310 4062 4050
f 4310 4316 4062
f 4317 4063 4062
f 4317 4062 4316
f 4318 4311 4051
f 4318 4051 4064
f 4313 4069 4054
f 4313 4320 4069
f 4321 4070 4069
f 4321 4069 4320
f 4322 4315 4055
f 4322 4055 4072
f 4323 4063 4317
f 4323 4077 4063
f 4324 4318 4064
f 4324 4064 4078
f 4078 4077 4323
f 4078 4323 4324
f 4324 4319 4318
f 4324 4325 4319
f 4326 4070 4321
f 4326 4083 4070
f 4327 4084 4083
f 4327 4083 4326
f 4328 4322 4072
f 4328 4072 4085
f 4085 4084 4327
f 4085 4327 4328
f 4329 4325 4324
f 4329 4330 4325
f 4096 4331 4095
f 4096 4332 4331
f 4333 4096 4097
f 4333 4332 4096
f 4099 4334 4098
f 4099 4335 4334
f 4100 4335 4099
f 4100 4336 4335
f 4337 4095 4331
f 4337 4102 4095
f 4338 4333 4097
f 4338 4097 4103
f 4339 4098 4334
f 4339 4105 4098
f 4340 4339 4334
f 4340 4334 4335
f 4336 4100 4107
f 4336 4107 4341
f 4108 4341 4107
f 4108 4342 4341
f 4337 4111 4102
f 4337 4344 4111
f 4111 4343 4110
f 4111 4344 4343
f 4345 4338 4103
f 4345 4103 4112
f 4339 4116 4105
f 4339 4347 4116
f 4116 4346 4115
f 4116 4347 4346
f 4342 4108 4117
f 4342 4117 4348
f 4349 4110 4343
f 4349 4119 4110
f 4120 4119 4349
f 4120 4349 4350
f 4349 4343 4344
f 4349 4344 4350
f 4345 4112 4121
f 4345 4121 4351
f 4352 4121 4122
f 4352 4351 4121
f 4353 4115 4346
f 4353 4124 4115
f 4125 4124 4353
f 4125 4353 4354
f 4353 4346 4347
f 4353 4347 4354
f 4355 4348 4117
f 4355 4117 4126
f 4128 4356 4127
f 4128 4357 4356
f 4358 4128 4129
f 4358 4357 4128
f 4359 4129 4130
f 4359 4358 4129
f 4132 4360 4131
f 4132 4361 4360
f 4362 4120 4350
f 4362 4134 4120
f 4364 4352 4122
f 4364 4122 4136
f 4364 4136 4135
f 4364 4135 4363
f 4364 4363 4351
f 4364 4351 4352
f 4365 4125 4354
f 4365 4138 4125
f 4355 4126 4139
f 4355 4139 4367
f 4368 4127 4356
f 4368 4140 4127
f 4141 4140 4368
f 4141 4368 4369
f 4369 4368 4356
f 4369 4356 4357
f 4370 4142 4141
f 4370 4141 4369
f 4359 4130 4143
f 4359 4143 4371
f 4371 4143 4142
f 4371 4142 4370
f 4370 4358 4359
f 4370 4359 4371
f 4372 4131 4360
f 4372 4144 4131
f 4373 4361 4132
f 4373 4132 4145
f 4145 4144 4372
f 4145 4372 4373
f 4372 4360 4361
f 4372 4361 4373
f 4362 4146 4134
f 4362 4374 4146
f 4375 4363 4135
f 4375 4135 4148
f 4365 4153 4138
f 4365 4376 4153
f 4377 4154 4153
f 4377 4153 4376
f 4367 4139 4156
f 4367 4156 4379
f 4379 4156 4155
f 4379 4155 4378
f 4379 4378 4366
f 4379 4366 4367
f 4374 4165 4146
f 4374 4380 4165
f 4381 4166 4165
f 4381 4165 4380
f 4375 4148 4167
f 4375 4167 4382
f 4167 4166 4381
f 4167 4381 4382
f 4385 4154 4377
f 4385 4171 4154
f 4384 4377 4376
f 4384 4385 4377
f 4386 4378 4155
f 4386 4155 4172
f 4386 4172 4171
f 4386 4171 4385
f 4387 4378 4386
f 4387 4379 4378
f 4389 4383 4382
f 4389 4390 4383
f 4394 4388 4393
f 4394 4389 4388
f 4395 4392 4391
f 4395 4396 4392
f 4186 4397 4185
f 4186 4398 4397
f 4399 4186 4187
f 4399 4398 4186
f 4400 4185 4397
f 4400 4190 4185
f 4401 4191 4190
f 4401 4190 4400
f 4400 4397 4398
f 4400 4398 4401
f 4402 4399 4187
f 4402 4187 4192
f 4402 4192 4191
f 4402 4191 4401
f 4402 4401 4398
f 4402 4398 4399
f 4202 4403 4201
f 4202 4404 4403
f 4203 4404 4202
f 4203 4405 4404
f 4205 4406 4204
f 4205 4407 4406
f 4206 4407 4205
f 4206 4408 4407
f 4207 4408 4206
f 4207 4409 4408
f 4403 4209 4201
f 4403 4410 4209
f 4411 4410 4403
f 4411 4403 4404
f 4405 4203 4210
f 4405 4210 4412
f 4411 4404 4405
f 4411 4405 4412
f 4406 4211 4204
f 4406 4413 4211
f 4414 4413 4406
f 4414 4406 4407
f 4414 4407 4408
f 4414 4408 4415
f 4416 4409 4207
f 4416 4207 4213
f 4416 4415 4408
f 4416 4408 4409
f 4418 4209 4410
f 4418 4215 4209
f 4215 4417 4214
f 4215 4418 4417
f 4419 4412 4210
f 4419 4210 4216
f 4420 4216 4217
f 4420 4419 4216
f 4413 4218 4211
f 4413 4421 4218
f 4423 4416 4213
f 4423 4213 4219
f 4422 4415 4416
f 4422 4416 4423
f 4425 4221 4222
f 4425 4424 4221
f 4417 4226 4214
f 4417 4426 4226
f 4227 4226 4426
f 4227 4426 4427
f 4427 4426 4417
f 4427 4417 4418
f 4429 4420 4217
f 4429 4217 4229
f 4429 4229 4228
f 4429 4228 4428
f 4429 4428 4419
f 4429 4419 4420
f 4421 4230 4218
f 4421 4430 4230
f 4423 4219 4232
f 4423 4232 4432
f 4432 4232 4231
f 4432 4231 4431
f 4431 4422 4423
f 4431 4423 4432
f 4433 4221 4424
f 4433 4234 4221
f 4434 4425 4222
f 4434 4222 4235
f 4434 4433 4424
f 4434 4424 4425
f 4427 4239 4227
f 4427 4435 4239
f 4437 4428 4228
f 4437 4228 4240
f 4430 4242 4230
f 4430 4439 4242
f 4441 4431 4231
f 4441 4231 4243
f 4442 4243 4244
f 4442 4441 4243
f 4441 4432 4431
f 4441 4442 4432
f 4443 4234 4433
f 4443 4246 4234
f 4444 4434 4235
f 4444 4235 4247
f 4444 4247 4246
f 4444 4246 4443
f 4444 4443 4433
f 4444 4433 4434
f 4445 4239 4435
f 4445 4249 4239
f 4250 4249 4445
f 4250 4445 4446
f 4445 4435 4436
f 4445 4436 4446
f 4447 4437 4240
f 4447 4240 4251
f 4252 4447 4251
f 4252 4448 4447
f 4447 4438 4437
f 4447 4448 4438
f 4450 4242 4439
f 4450 4253 4242
f 4254 4253 4450
f 4254 4450 4451
f 4450 4439 4440
f 4450 4440 4451
f 4442 4244 4256
f 4442 4256 4453
f 4455 4250 4446
f 4455 4257 4250
f 4457 4448 4252
f 4457 4252 4259
f 4458 4448 4457
f 4458 4449 4448
f 4451 4260 4254
f 4451 4459 4260
f 4459 4451 4452
f 4459 4452 4460
f 4453 4256 4262
f 4453 4262 4461
f 4262 4261 4460
f 4262 4460 4461
f 4462 4453 4461
f 4462 4454 4453
f 4455 4263 4257
f 4455 4463 4263
f 4264 4263 4463
f 4264 4463 4464
f 4457 4259 4265
f 4457 4265 4465
f 4265 4264 4464
f 4265 4464 4465
f 4465 4464 4456
f 4465 4456 4457
f 4459 4266 4260
f 4459 4466 4266
f 4460 4261 4267
f 4460 4267 4467
f 4267 4266 4466
f 4267 4466 4467
f 4470 4465 4464
f 4470 4471 4465
f 4472 4468 4467
f 4472 4473 4468
f 4473 4469 4468
f 4473 4474 4469
f 4476 4475 4474
f 4476 4477 4475
f 4269 4478 4268
f 4269 4479 4478
f 4480 4269 4270
f 4480 4479 4269
f 4273 4481 4272
f 4273 4482 4481
f 4274 4482 4273
f 4274 4483 4482
f 4478 4275 4268
f 4478 4484 4275
f 4484 4478 4479
f 4484 4479 4485
f 4480 4270 4276
f 4480 4276 4486
f 4486 4485 4479
f 4486 4479 4480
f 4481 4278 4272
f 4481 4487 4278
f 4487 4481 4482
f 4487 4482 4488
f 4489 4483 4274
f 4489 4274 4280
f 4489 4488 4482
f 4489 4482 4483
f 4484 4286 4275
f 4484 4490 4286
f 4491 4490 4484
f 4491 4484 4485
f 4492 4486 4276
f 4492 4276 4287
f 4494 4278 4487
f 4494 4290 4278
f 4494 4289 4290
f 4494 4493 4289
f 4489 4280 4291
f 4489 4291 4496
f 4495 4488 4489
f 4495 4489 4496
f 4294 4497 4293
f 4294 4498 4497
f 4295 4498 4294
f 4295 4499 4498
f 4500 4286 4490
f 4500 4298 4286
f 4492 4287 4299
f 4492 4299 4501
f 4502 4289 4493
f 4502 4301 4289
f 4302 4301 4502
f 4302 4502 4503
f 4496 4291 4303
f 4496 4303 4505
f 4504 4495 4496
f 4504 4496 4505
f 4497 4305 4293
f 4497 4506 4305
f 4306 4305 4506
f 4306 4506 4507
f 4506 4497 4498
f 4506 4498 4507
f 4499 4295 4307
f 4499 4307 4508
f 4508 4307 4306
f 4508 4306 4507
f 4507 4498 4499
f 4507 4499 4508
f 4500 4310 4298
f 4500 4509 4310
f 4510 4501 4299
f 4510 4299 4311
f 4503 4314 4302
f 4503 4513 4314
f 4314 4512 4313
f 4314 4513 4512
f 4514 4505 4303
f 4514 4303 4315
f 4515 4310 4509
f 4515 4316 4310
f 4516 4317 4316
f 4516 4316 4515
f 4517 4510 4311
f 4517 4311 4318
f 4319 4517 4318
f 4319 4518 4517
f 4517 4511 4510
f 4517 4518 4511
f 4512 4320 4313
f 4512 4520 4320
f 4321 4320 4520
f 4321 4520 4521
f 4520 4512 4513
f 4520 4513 4521
f 4514 4315 4322
f 4514 4322 4523
f 4516 4323 4317
f 4516 4525 4323
f 4324 4323 4525
f 4324 4525 4526
f 4527 4518 4319
f 4527 4319 4325
f 4528 4518 4527
f 4528 4519 4518
f 4521 4326 4321
f 4521 4529 4326
f 4327 4326 4529
f 4327 4529 4530
f 4529 4521 4522
f 4529 4522 4530
f 4523 4322 4328
f 4523 4328 4531
f 4531 4328 4327
f 4531 4327 4530
f 4532 4523 4531
f 4532 4524 4523
f 4526 4329 4324
f 4526 4534 4329
f 4533 4526 4525
f 4533 4534 4526
f 4527 4325 4330
f 4527 4330 4535
f 4330 4329 4534
f 4330 4534 4535
f 4535 4534 4526
f 4535 4526 4527
f 4536 4530 4529
f 4536 4537 4530
f 4540 4534 4533
f 4540 4541 4534
f 4541 4535 4534
f 4541 4542 4535
f 4543 4538 4537
f 4543 4544 4538
f 4544 4539 4538
f 4544 4545 4539
f 4546 4542 4541
f 4546 4547 4542
f 4548 4544 4543
f 4548 4549 4544
f 4549 4545 4544
f 4549 4550 4545
f 4332 4551 4331
f 4332 4552 4551
f 4333 4552 4332
f 4333 4553 4552
f 4336 4554 4335
f 4336 4555 4554
f 4551 4337 4331
f 4551 4556 4337
f 4556 4551 4552
f 4556 4552 4557
f 4553 4333 4338
f 4553 4338 4558
f 4558 4557 4552
f 4558 4552 4553
f 4554 4340 4335
f 4554 4560 4340
f 4340 4559 4339
f 4340 4560 4559
f 4555 4336 4341
f 4555 4341 4561
f 4560 4554 4555
f 4560 4555 4561
f 4562 4341 4342
f 4562 4561 4341
f 4556 4344 4337
f 4556 4563 4344
f 4564 4563 4556
f 4564 4556 4557
f 4565 4558 4338
f 4565 4338 4345
f 4559 4347 4339
f 4559 4566 4347
f 4567 4566 4559
f 4567 4559 4560
f 4562 4342 4348
f 4562 4348 4569
f 4568 4561 4562
f 4568 4562 4569
f 4570 4344 4563
f 4570 4350 4344
f 4571 4565 4345
f 4571 4345 4351
f 4572 4347 4566
f 4572 4354 4347
f 4569 4348 4355
f 4569 4355 4574
f 4573 4568 4569
f 4573 4569 4574
f 4576 4357 4358
f 4576 4575 4357
f 4570 4362 4350
f 4570 4577 4362
f 4571 4351 4363
f 4571 4363 4578
f 4572 4365 4354
f 4572 4580 4365
f 4574 4355 4367
f 4574 4367 4582
f 4582 4367 4366
f 4582 4366 4581
f 4581 4573 4574
f 4581 4574 4582
f 4583 4357 4575
f 4583 4369 4357
f 4576 4358 4370
f 4576 4370 4584
f 4584 4370 4369
f 4584 4369 4583
f 4583 4575 4576
f 4583 4576 4584
f 4585 4362 4577
f 4585 4374 4362
f 4587 4578 4363
f 4587 4363 4375
f 4587 4579 4578
f 4587 4588 4579
f 4590 4365 4580
f 4590 4376 4365
f 4592 4581 4366
f 4592 4366 4378
f 4379 4592 4378
f 4379 4593 4592
f 4592 4582 4581
f 4592 4593 4582
f 4595 4374 4585
f 4595 4380 4374
f 4381 4380 4595
f 4381 4595 4596
f 4595 4585 4586
f 4595 4586 4596
f 4587 4375 4382
f 4587 4382 4597
f 4382 4381 4596
f 4382 4596 4597
f 4383 4597 4382
f 4383 4598 4597
f 4598 4587 4597
f 4598 4588 4587
f 4598 4589 4588
f 4598 4599 4589
f 4600 4376 4590
f 4600 4384 4376
f 4385 4384 4600
f 4385 4600 4601
f 4600 4590 4591
f 4600 4591 4601
f 4386 4385 4601
f 4386 4601 4602
f 4593 4379 4387
f 4593 4387 4603
f 4387 4386 4602
f 4387 4602 4603
f 4603 4594 4593
f 4603 4604 4594
f 4597 4389 4382
f 4597 4606 4389
f 4606 4388 4389
f 4606 4605 4388
f 4605 4597 4596
f 4605 4606 4597
f 4598 4383 4390
f 4598 4390 4607
f 4390 4389 4606
f 4390 4606 4607
f 4608 4598 4607
f 4608 4599 4598
f 4392 4609 4391
f 4392 4610 4609
f 4609 4602 4601
f 4609 4610 4602
f 4611 4602 4610
f 4611 4603 4602
f 4612 4603 4611
f 4612 4604 4603
f 4613 4388 4605
f 4613 4393 4388
f 4606 4389 4394
f 4606 4394 4614
f 4394 4393 4613
f 4394 4613 4614
f 4614 4607 4606
f 4614 4615 4607
f 4616 4391 4609
f 4616 4395 4391
f 4610 4392 4396
f 4610 4396 4617
f 4396 4395 4616
f 4396 4616 4617
f 4617 4611 4610
f 4617 4618 4611
f 4620 4615 4614
f 4620 4621 4615
f 4622 4618 4617
f 4622 4623 4618
f 4623 4619 4618
f 4623 4624 4619
f 4411 4625 4410
f 4411 4626 4625
f 4627 4411 4412
f 4627 4626 4411
f 4629 4413 4414
f 4629 4628 4413
f 4630 4414 4415
f 4630 4629 4414
f 4625 4418 4410
f 4625 4631 4418
f 4632 4631 4625
f 4632 4625 4626
f 4627 4412 4419
f 4627 4419 4633
f 4632 4626 4627
f 4632 4627 4633
f 4628 4421 4413
f 4628 4634 4421
f 4635 4634 4628
f 4635 4628 4629
f 4630 4415 4422
f 4630 4422 4636
f 4636 4635 4629
f 4636 4629 4630
f 4631 4427 4418
f 4631 4637 4427
f 4638 4637 4631
f 4638 4631 4632
f 4633 4419 4428
f 4633 4428 4639
f 4639 4638 4632
f 4639 4632 4633
f 4634 4430 4421
f 4634 4640 4430
f 4641 4640 4634
f 4641 4634 4635
f 4642 4636 4422
f 4642 4422 4431
f 4641 4635 4636
f 4641 4636 4642
f 4643 4431 4432
f 4643 4642 4431
f 4644 4427 4637
f 4644 4435 4427
f 4436 4435 4644
f 4436 4644 4645
f 4644 4637 4638
f 4644 4638 4645
f 4639 4428 4437
f 4639 4437 4646
f 4645 4638 4639
f 4645 4639 4646
f 4647 4437 4438
f 4647 4646 4437
f 4648 4430 4640
f 4648 4439 4430
f 4440 4439 4648
f 4440 4648 4649
f 4648 4640 4641
f 4648 4641 4649
f 4649 4641 4642
f 4649 4642 4650
f 4643 4432 4442
f 4643 4442 4651
f 4650 4642 4643
f 4650 4643 4651
f 4652 4436 4645
f 4652 4446 4436
f 4652 4645 4646
f 4652 4646 4653
f 4654 4647 4438
f 4654 4438 4448
f 4653 4646 4647
f 4653 4647 4654
f 4449 4654 4448
f 4449 4655 4654
f 4656 4440 4649
f 4656 4451 4440
f 4452 4451 4656
f 4452 4656 4657
f 4656 4649 4650
f 4656 4650 4657
f 4651 4442 4453
f 4651 4453 4658
f 4657 4650 4651
f 4657 4651 4658
f 4454 4658 4453
f 4454 4659 4658
f 4652 4455 4446
f 4652 4660 4455
f 4660 4652 4653
f 4660 4653 4661
f 4662 4457 4456
f 4662 4456 4661
f 4662 4661 4653
f 4662 4653 4654
f 4655 4449 4458
f 4655 4458 4663
f 4458 4457 4662
f 4458 4662 4663
f 4662 4654 4655
f 4662 4655 4663
f 4665 4452 4657
f 4665 4460 4452
f 4460 4664 4459
f 4460 4665 4664
f 4666 4461 4460
f 4666 4460 4665
f 4666 4665 4657
f 4666 4657 4658
f 4659 4454 4462
f 4659 4462 4667
f 4462 4461 4666
f 4462 4666 4667
f 4666 4658 4659
f 4666 4659 4667
f 4668 4455 4660
f 4668 4463 4455
f 4669 4661 4456
f 4669 4456 4464
f 4464 4463 4668
f 4464 4668 4669
f 4668 4660 4661
f 4668 4661 4669
f 4670 4464 4465
f 4670 4669 4464
f 4664 4466 4459
f 4664 4671 4466
f 4672 4665 4460
f 4672 4460 4467
f 4467 4466 4671
f 4467 4671 4672
f 4671 4664 4665
f 4671 4665 4672
f 4468 4672 4467
f 4468 4673 4672
f 4469 4673 4468
f 4469 4674 4673
f 4669 4470 4464
f 4669 4675 4470
f 4670 4465 4471
f 4670 4471 4676
f 4471 4470 4675
f 4471 4675 4676
f 4675 4669 4670
f 4675 4670 4676
f 4672 4472 4467
f 4672 4678 4472
f 4473 4472 4678
f 4473 4678 4679
f 4678 4672 4673
f 4678 4673 4679
f 4680 4674 4469
f 4680 4469 4474
f 4680 4474 4473
f 4680 4473 4679
f 4681 4474 4475
f 4681 4680 4474
f 4682 4677 4676
f 4682 4683 4677
f 4680 4476 4474
f 4680 4684 4476
f 4681 4475 4477
f 4681 4477 4685
f 4685 4477 4476
f 4685 4476 4684
f 4684 4680 4681
f 4684 4681 4685
f 4686 4683 4682
f 4686 4687 4683
f 4689 4684 4688
f 4689 4685 4684
f 4691 4686 4690
f 4691 4687 4686
f 4695 4690 4694
f 4695 4691 4690
f 4696 4693 4692
f 4696 4697 4693
f 4699 4694 4698
f 4699 4695 4694
f 4701 4696 4700
f 4701 4697 4696
f 4703 4485 4486
f 4703 4702 4485
f 4488 4704 4487
f 4488 4705 4704
f 4702 4491 4485
f 4702 4707 4491
f 4491 4706 4490
f 4491 4707 4706
f 4703 4486 4492
f 4703 4492 4708
f 4708 4707 4702
f 4708 4702 4703
f 4704 4494 4487
f 4704 4710 4494
f 4710 4493 4494
f 4710 4709 4493
f 4705 4488 4495
f 4705 4495 4711
f 4711 4710 4704
f 4711 4704 4705
f 4706 4500 4490
f 4706 4712 4500
f 4713 4712 4706
f 4713 4706 4707
f 4708 4492 4501
f 4708 4501 4714
f 4713 4707 4708
f 4713 4708 4714
f 4709 4502 4493
f 4709 4715 4502
f 4716 4503 4502
f 4716 4502 4715
f 4716 4715 4709
f 4716 4709 4710
f 4711 4495 4504
f 4711 4504 4717
f 4717 4716 4710
f 4717 4710 4711
f 4718 4504 4505
f 4718 4717 4504
f 4712 4509 4500
f 4712 4719 4509
f 4719 4712 4713
f 4719 4713 4720
f 4721 4714 4501
f 4721 4501 4510
f 4720 4713 4714
f 4720 4714 4721
f 4722 4510 4511
f 4722 4721 4510
f 4723 4503 4716
f 4723 4513 4503
f 4723 4716 4717
f 4723 4717 4724
f 4718 4505 4514
f 4718 4514 4725
f 4724 4717 4718
f 4724 4718 4725
f 4726 4509 4719
f 4726 4515 4509
f 4516 4515 4726
f 4516 4726 4727
f 4726 4719 4720
f 4726 4720 4727
f 4727 4720 4721
f 4727 4721 4728
f 4729 4722 4511
f 4729 4511 4518
f 4728 4721 4722
f 4728 4722 4729
f 4519 4729 4518
f 4519 4730 4729
f 4723 4521 4513
f 4723 4731 4521
f 4522 4521 4731
f 4522 4731 4732
f 4731 4723 4724
f 4731 4724 4732
f 4733 4725 4514
f 4733 4514 4523
f 4732 4724 4725
f 4732 4725 4733
f 4734 4523 4524
f 4734 4733 4523
f 4735 4516 4727
f 4735 4525 4516
f 4735 4727 4728
f 4735 4728 4736
f 4527 4526 4736
f 4527 4736 4737
f 4737 4736 4728
f 4737 4728 4729
f 4730 4519 4528
f 4730 4528 4738
f 4528 4527 4737
f 4528 4737 4738
f 4737 4729 4730
f 4737 4730 4738
f 4740 4522 4732
f 4740 4530 4522
f 4530 4739 4529
f 4530 4740 4739
f 4531 4530 4740
f 4531 4740 4741
f 4741 4740 4732
f 4741 4732 4733
f 4734 4524 4532
f 4734 4532 4742
f 4532 4531 4741
f 4532 4741 4742
f 4741 4733 4734
f 4741 4734 4742
f 4735 4533 4525
f 4735 4743 4533
f 4744 4736 4526
f 4744 4526 4534
f 4743 4735 4736
f 4743 4736 4744
f 4535 4744 4534
f 4535 4745 4744
f 4739 4536 4529
f 4739 4746 4536
f 4740 4530 4537
f 4740 4537 4747
f 4747 4537 4536
f 4747 4536 4746
f 4746 4739 4740
f 4746 4740 4747
f 4538 4747 4537
f 4538 4748 4747
f 4539 4748 4538
f 4539 4749 4748
f 4743 4540 4533
f 4743 4750 4540
f 4541 4540 4750
f 4541 4750 4751
f 4750 4743 4744
f 4750 4744 4751
f 4745 4535 4542
f 4745 4542 4752
f 4751 4744 4745
f 4751 4745 4752
f 4747 4543 4537
f 4747 4754 4543
f 4754 4747 4748
f 4754 4748 4755
f 4749 4539 4545
f 4749 4545 4756
f 4755 4748 4749
f 4755 4749 4756
f 4751 4546 4541
f 4751 4758 4546
f 4752 4542 4547
f 4752 4547 4759
f 4547 4546 4758
f 4547 4758 4759
f 4758 4751 4752
f 4758 4752 4759
f 4759 4753 4752
f 4759 4760 4753
f 4754 4548 4543
f 4754 4761 4548
f 4549 4548 4761
f 4549 4761 4762
f 4762 4761 4754
f 4762 4754 4755
f 4756 4545 4550
f 4756 4550 4763
f 4550 4549 4762
f 4550 4762 4763
f 4762 4755 4756
f 4762 4756 4763
f 4763 4757 4756
f 4763 4764 4757
f 4765 4760 4759
f 4765 4766 4760
f 4767 4764 4763
f 4767 4768 4764
f 4769 4766 4765
f 4769 4770 4766
f 4772 4767 4771
f 4772 4768 4767
f 4774 4769 4773
f 4774 4770 4769
f 4777 4771 4776
f 4777 4772 4771
f 4779 4773 4778
f 4779 4774 4773
f 4781 4775 4780
f 4781 4776 4775
f 4783 4557 4558
f 4783 4782 4557
f 4785 4560 4561
f 4785 4784 4560
f 4782 4564 4557
f 4782 4787 4564
f 4564 4786 4563
f 4564 4787 4786
f 4783 4558 4565
f 4783 4565 4788
f 4788 4787 4782
f 4788 4782 4783
f 4784 4567 4560
f 4784 4790 4567
f 4567 4789 4566
f 4567 4790 4789
f 4785 4561 4568
f 4785 4568 4791
f 4791 4790 4784
f 4791 4784 4785
f 4786 4570 4563
f 4786 4792 4570
f 4793 4792 4786
f 4793 4786 4787
f 4794 4788 4565
f 4794 4565 4571
f 4793 4787 4788
f 4793 4788 4794
f 4789 4572 4566
f 4789 4795 4572
f 4796 4795 4789
f 4796 4789 4790
f 4797 4791 4568
f 4797 4568 4573
f 4796 4790 4791
f 4796 4791 4797
f 4792 4577 4570
f 4792 4798 4577
f 4798 4792 4793
f 4798 4793 4799
f 4800 4794 4571
f 4800 4571 4578
f 4799 4793 4794
f 4799 4794 4800
f 4801 4578 4579
f 4801 4800 4578
f 4802 4572 4795
f 4802 4580 4572
f 4802 4795 4796
f 4802 4796 4803
f 4804 4797 4573
f 4804 4573 4581
f 4803 4796 4797
f 4803 4797 4804
f 4805 4581 4582
f 4805 4804 4581
f 4806 4577 4798
f 4806 4585 4577
f 4586 4585 4806
f 4586 4806 4807
f 4806 4798 4799
f 4806 4799 4807
f 4807 4799 4800
f 4807 4800 4808
f 4809 4801 4579
f 4809 4579 4588
f 4808 4800 4801
f 4808 4801 4809
f 4589 4809 4588
f 4589 4810 4809
f 4811 4580 4802
f 4811 4590 4580
f 4591 4590 4811
f 4591 4811 4812
f 4811 4802 4803
f 4811 4803 4812
f 4812 4803 4804
f 4812 4804 4813
f 4805 4582 4593
f 4805 4593 4814
f 4813 4804 4805
f 4813 4805 4814
f 4594 4814 4593
f 4594 4815 4814
f 4816 4586 4807
f 4816 4596 4586
f 4816 4807 4808
f 4816 4808 4817
f 4817 4808 4809
f 4817 4809 4818
f 4819 4810 4589
f 4819 4589 4599
f 4818 4809 4810
f 4818 4810 4819
f 4820 4591 4812
f 4820 4601 4591
f 4820 4812 4813
f 4820 4813 4821
f 4821 4813 4814
f 4821 4814 4822
f 4823 4815 4594
f 4823 4594 4604
f 4822 4814 4815
f 4822 4815 4823
f 4816 4605 4596
f 4816 4824 4605
f 4824 4816 4817
f 4824 4817 4825
f 4826 4825 4817
f 4826 4817 4818
f 4827 4819 4599
f 4827 4599 4608
f 4608 4607 4826
f 4608 4826 4827
f 4827 4826 4818
f 4827 4818 4819
f 4820 4609 4601
f 4820 4828 4609
f 4828 4820 4821
f 4828 4821 4829
f 4829 4821 4822
f 4829 4822 4830
f 4823 4604 4612
f 4823 4612 4831
f 4612 4611 4830
f 4612 4830 4831
f 4831 4830 4822
f 4831 4822 4823
f 4832 4605 4824
f 4832 4613 4605
f 4614 4613 4832
f 4614 4832 4833
f 4832 4824 4825
f 4832 4825 4833
f 4826 4607 4615
f 4826 4615 4834
f 4833 4825 4826
f 4833 4826 4834
f 4836 4609 4828
f 4836 4616 4609
f 4617 4616 4836
f 4617 4836 4837
f 4836 4828 4829
f 4836 4829 4837
f 4830 4611 4618
f 4830 4618 4838
f 4837 4829 4830
f 4837 4830 4838
f 4619 4838 4618
f 4619 4839 4838
f 4833 4620 4614
f 4833 4840 4620
f 4834 4615 4621
f 4834 4621 4841
f 4621 4620 4840
f 4621 4840 4841
f 4840 4833 4834
f 4840 4834 4841
f 4841 4835 4834
f 4841 4842 4835
f 4837 4622 4617
f 4837 4843 4622
f 4623 4622 4843
f 4623 4843 4844
f 4843 4837 4838
f 4843 4838 4844
f 4839 4619 4624
f 4839 4624 4845
f 4624 4623 4844
f 4624 4844 4845
f 4847 4842 4841
f 4847 4848 4842
f 4849 4846 4845
f 4849 4850 4846
f 4851 4848 4847
f 4851 4852 4848
f 4856 4849 4855
f 4856 4850 4849
f 4858 4851 4857
f 4858 4852 4851
f 4859 4852 4858
f 4859 4853 4852
f 4861 4854 4860
f 4861 4855 4854
f 4862 4855 4861
f 4862 4856 4855
f 4864 4857 4863
f 4864 4858 4857
f 4866 4860 4865
f 4866 4861 4860
f 4674 4867 4673
f 4674 4868 4867
f 4677 4869 4676
f 4677 4870 4869
f 4867 4679 4673
f 4867 4871 4679
f 4872 4868 4674
f 4872 4674 4680
f 4872 4680 4679
f 4872 4679 4871
f 4871 4867 4868
f 4871 4868 4872
f 4869 4682 4676
f 4869 4873 4682
f 4870 4677 4683
f 4870 4683 4874
f 4873 4869 4870
f 4873 4870 4874
f 4876 4684 4685
f 4876 4875 4684
f 4873 4686 4682
f 4873 4877 4686
f 4874 4683 4687
f 4874 4687 4878
f 4877 4873 4874
f 4877 4874 4878
f 4875 4688 4684
f 4875 4879 4688
f 4876 4685 4689
f 4876 4689 4880
f 4689 4688 4879
f 4689 4879 4880
f 4879 4875 4876
f 4879 4876 4880
f 4877 4690 4686
f 4877 4881 4690
f 4878 4687 4691
f 4878 4691 4882
f 4882 4881 4877
f 4882 4877 4878
f 4693 4883 4692
f 4693 4884 4883
f 4881 4694 4690
f 4881 4885 4694
f 4882 4691 4695
f 4882 4695 4886
f 4886 4885 4881
f 4886 4881 4882
f 4883 4696 4692
f 4883 4887 4696
f 4884 4693 4697
f 4884 4697 4888
f 4887 4883 4884
f 4887 4884 4888
f 4889 4694 4885
f 4889 4698 4694
f 4890 4886 4695
f 4890 4695 4699
f 4699 4698 4889
f 4699 4889 4890
f 4890 4889 4885
f 4890 4885 4886
f 4887 4700 4696
f 4887 4891 4700
f 4888 4697 4701
f 4888 4701 4892
f 4701 4700 4891
f 4701 4891 4892
f 4892 4891 4887
f 4892 4887 4888
f 4753 4893 4752
f 4753 4894 4893
f 4757 4895 4756
f 4757 4896 4895
f 4893 4759 4752
f 4893 4897 4759
f 4894 4753 4760
f 4894 4760 4898
f 4897 4893 4894
f 4897 4894 4898
f 4895 4763 4756
f 4895 4899 4763
f 4900 4896 4757
f 4900 4757 4764
f 4899 4895 4896
f 4899 4896 4900
f 4897 4765 4759
f 4897 4901 4765
f 4898 4760 4766
f 4898 4766 4902
f 4901 4897 4898
f 4901 4898 4902
f 4899 4767 4763
f 4899 4903 4767
f 4900 4764 4768
f 4900 4768 4904
f 4903 4899 4900
f 4903 4900 4904
f 4901 4769 4765
f 4901 4905 4769
f 4902 4766 4770
f 4902 4770 4906
f 4905 4901 4902
f 4905 4902 4906
f 4903 4771 4767
f 4903 4907 4771
f 4904 4768 4772
f 4904 4772 4908
f 4908 4907 4903
f 4908 4903 4904
f 4905 4773 4769
f 4905 4909 4773
f 4906 4770 4774
f 4906 4774 4910
f 4910 4909 4905
f 4910 4905 4906
f 4907 4776 4771
f 4907 4912 4776
f 4912 4775 4776
f 4912 4911 4775
f 4913 4908 4772
f 4913 4772 4777
f 4913 4777 4776
f 4913 4776 4912
f 4913 4912 4907
f 4913 4907 4908
f 4909 4778 4773
f 4909 4914 4778
f 4910 4774 4779
f 4910 4779 4915
f 4779 4778 4914
f 4779 4914 4915
f 4915 4914 4909
f 4915 4909 4910
f 4911 4780 4775
f 4911 4916 4780
f 4912 4776 4781
f 4912 4781 4917
f 4781 4780 4916
f 4781 4916 4917
f 4835 4918 4834
f 4835 4919 4918
f 4839 4920 4838
f 4839 4921 4920
f 4918 4841 4834
f 4918 4922 4841
f 4919 4835 4842
f 4919 4842 4923
f 4922 4918 4919
f 4922 4919 4923
f 4920 4844 4838
f 4920 4924 4844
f 4921 4839 4845
f 4921 4845 4925
f 4845 4844 4924
f 4845 4924 4925
f 4924 4920 4921
f 4924 4921 4925
f 4846 4925 4845
f 4846 4926 4925
f 4922 4847 4841
f 4922 4927 4847
f 4923 4842 4848
f 4923 4848 4928
f 4927 4922 4923
f 4927 4923 4928
f 4925 4849 4845
f 4925 4929 4849
f 4930 4926 4846
f 4930 4846 4850
f 4929 4925 4926
f 4929 4926 4930
f 4927 4851 4847
f 4927 4931 4851
f 4928 4848 4852
f 4928 4852 4932
f 4931 4927 4928
f 4931 4928 4932
f 4933 4852 4853
f 4933 4932 4852
f 4929 4855 4849
f 4929 4935 4855
f 4855 4934 4854
f 4855 4935 4934
f 4930 4850 4856
f 4930 4856 4936
f 4936 4935 4929
f 4936 4929 4930
f 4931 4857 4851
f 4931 4937 4857
f 4938 4937 4931
f 4938 4931 4932
f 4933 4853 4859
f 4933 4859 4939
f 4939 4859 4858
f 4939 4858 4938
f 4939 4938 4932
f 4939 4932 4933
f 4934 4860 4854
f 4934 4940 4860
f 4941 4940 4934
f 4941 4934 4935
f 4936 4856 4862
f 4936 4862 4942
f 4942 4862 4861
f 4942 4861 4941
f 4942 4941 4935
f 4942 4935 4936
f 4943 4857 4937
f 4943 4863 4857
f 4938 4858 4864
f 4938 4864 4944
f 4864 4863 4943
f 4864 4943 4944
f 4944 4943 4937
f 4944 4937 4938
f 4945 4860 4940
f 4945 4865 4860
f 4946 4941 4861
f 4946 4861 4866
f 4866 4865 4945
f 4866 4945 4946
f 4946 4945 4940
f 4946 4940 4941
f 4948 4911 4912
f 4948 4947 4911
f 4947 4916 4911
f 4947 4949 4916
f 4948 4912 4917
f 4948 4917 4950
f 4950 4917 4916
f 4950 4916 4949
f 4949 4947 4948
f 4949 4948 4950
f 4955 4951 4954
f 4955 4952 4951
f 4960 4953 4959
f 4960 4954 4953
f 4963 4956 4962
f 4963 4957 4956
f 4964 4957 4963
f 4964 4958 4957
f 4965 4958 4964
f 4965 4959 4958
f 4966 4959 4965
f 4966 4960 4959
f 4968 4961 4967
f 4968 4962 4961
f 4969 4962 4968
f 4969 4963 4962
f 4977 4970 4976
f 4977 4971 4970
f 4978 4971 4977
f 4978 4972 4971
f 4980 4973 4979
f 4980 4974 4973
f 4981 4974 4980
f 4981 4975 4974
f 4986 4976 4985
f 4986 4977 4976
f 4991 4979 4990
f 4991 4980 4979
f 4994 4982 4993
f 4994 4983 4982
f 4995 4985 4984
f 4995 4996 4985
f 4997 4985 4996
f 4997 4986 4985
f 5000 4987 4999
f 5000 4988 4987
f 5001 4988 5000
f 5001 4989 4988
f 5001 4990 4989
f 5001 5002 4990
f 5003 4990 5002
f 5003 4991 4990
f 5005 4992 5004
f 5005 4993 4992
f 5006 4993 5005
f 5006 4994 4993
f 5007 4997 4996
f 5007 5008 4997
f 5010 4998 5009
f 5010 4999 4998
f 5011 4999 5010
f 5011 5000 4999
f 5012 5003 5002
f 5012 5013 5003
f 5016 5015 5014
f 5016 5017 5015
f 5023 5016 5022
f 5023 5017 5016
f 5024 5017 5023
f 5024 5018 5017
f 5025 5020 5019
f 5025 5026 5020
f 5028 5021 5027
f 5028 5022 5021
f 5029 5022 5028
f 5029 5023 5022
f 5031 5025 5030
f 5031 5026 5025
f 5032 5029 5028
f 5032 5033 5029
f 5040 5035 5034
f 5040 5041 5035
f 5042 4951 4952
f 5042 5041 4951
f 5042 5035 5041
f 5042 5036 5035
f 5045 5037 5044
f 5045 5038 5037
f 5045 5039 5038
f 5045 5046 5039
f 5049 4951 5041
f 5049 4954 4951
f 5049 4953 4954
f 5049 5048 4953
f 5049 5040 5048
f 5049 5041 5040
f 5050 5042 4952
f 5050 4952 4955
f 4955 4954 5049
f 4955 5049 5050
f 5051 5044 5043
f 5051 5052 5044
f 5052 5045 5044
f 5052 5053 5045
f 5054 4956 4957
f 5054 5053 4956
f 5054 5045 5053
f 5054 5046 5045
f 4958 5054 4957
f 4958 5055 5054
f 5054 5047 5046
f 5054 5055 5047
f 5056 4953 5048
f 5056 4959 4953
f 5056 4958 4959
f 5056 5055 4958
f 5056 5047 5055
f 5056 5048 5047
f 5049 4954 4960
f 5049 4960 5057
f 5057 5050 5049
f 5057 5058 5050
f 5060 4956 5053
f 5060 4962 4956
f 5060 4961 4962
f 5060 5059 4961
f 5059 5053 5052
f 5059 5060 5053
f 4964 4963 5061
f 4964 5061 5062
f 5063 4965 4964
f 5063 4964 5062
f 5057 4960 4966
f 5057 4966 5064
f 4966 4965 5063
f 4966 5063 5064
f 5065 5057 5064
f 5065 5058 5057
f 5066 4961 5059
f 5066 4967 4961
f 4968 4967 5066
f 4968 5066 5067
f 5061 4963 4969
f 5061 4969 5068
f 4969 4968 5067
f 4969 5067 5068
f 5069 5061 5068
f 5069 5062 5061
f 5070 5062 5069
f 5070 5063 5062
f 5071 5063 5070
f 5071 5064 5063
f 5072 5064 5071
f 5072 5065 5064
f 5074 5066 5073
f 5074 5067 5066
f 5075 5070 5069
f 5075 5076 5070
f 5077 5070 5076
f 5077 5071 5070
f 5078 5071 5077
f 5078 5072 5071
f 5085 4970 4971
f 5085 5084 4970
f 5086 4971 4972
f 5086 5085 4971
f 5091 4973 4974
f 5091 5090 4973
f 5092 4974 4975
f 5092 5091 4974
f 5093 5080 5079
f 5093 5094 5080
f 5094 5081 5080
f 5094 5095 5081
f 5095 5082 5081
f 5095 5096 5082
f 5098 4970 5084
f 5098 4976 4970
f 5098 5083 5097
f 5098 5084 5083
f 5086 4972 4978
f 5086 4978 5100
f 4978 4977 5099
f 4978 5099 5100
f 5102 5087 5101
f 5102 5088 5087
f 5102 5089 5088
f 5102 5103 5089
f 5090 4979 4973
f 5090 5105 4979
f 5092 4975 4981
f 5092 4981 5107
f 4981 4980 5106
f 4981 5106 5107
f 5109 5095 5094
f 5109 5110 5095
f 5111 4982 4983
f 5111 5110 4982
f 5110 5096 5095
f 5110 5111 5096
f 5112 5096 5111
f 5112 5097 5096
f 5113 4976 5098
f 5113 4985 4976
f 5113 4984 4985
f 5113 5112 4984
f 5113 5097 5112
f 5113 5098 5097
f 5099 4977 4986
f 5099 4986 5114
f 5115 5099 5114
f 5115 5100 5099
f 5116 5102 5101
f 5116 5117 5102
f 5118 4987 4988
f 5118 5117 4987
f 5118 5102 5117
f 5118 5103 5102
f 4989 5118 4988
f 4989 5119 5118
f 5118 5104 5103
f 5118 5119 5104
f 5120 4979 5105
f 5120 4990 4979
f 5120 4989 4990
f 5120 5119 4989
f 5120 5104 5119
f 5120 5105 5104
f 5106 4980 4991
f 5106 4991 5121
f 5122 5106 5121
f 5122 5107 5106
f 5123 5109 5108
f 5123 5124 5109
f 5125 4982 5110
f 5125 4993 4982
f 5125 4992 4993
f 5125 5124 4992
f 5125 5109 5124
f 5125 5110 5109
f 5126 5111 4983
f 5126 4983 4994
f 5127 4984 5112
f 5127 4995 4984
f 5126 5112 5111
f 5126 5127 5112
f 5128 4996 4995
f 5128 4995 5127
f 5129 5114 4986
f 5129 4986 4997
f 5132 4987 5117
f 5132 4999 4987
f 5132 4998 4999
f 5132 5131 4998
f 5132 5116 5131
f 5132 5117 5116
f 5001 5000 5133
f 5001 5133 5134
f 5135 5002 5001
f 5135 5001 5134
f 5136 5121 4991
f 5136 4991 5003
f 5136 5122 5121
f 5136 5137 5122
f 5124 5004 4992
f 5124 5139 5004
f 5140 5005 5004
f 5140 5004 5139
f 5126 4994 5006
f 5126 5006 5141
f 5006 5005 5140
f 5006 5140 5141
f 5142 5126 5141
f 5142 5127 5126
f 5128 5007 4996
f 5128 5143 5007
f 5142 5128 5127
f 5142 5143 5128
f 5129 4997 5008
f 5129 5008 5144
f 5008 5007 5143
f 5008 5143 5144
f 5144 5130 5129
f 5144 5145 5130
f 5146 4998 5131
f 5146 5009 4998
f 5147 5010 5009
f 5147 5009 5146
f 5133 5000 5011
f 5133 5011 5148
f 5011 5010 5147
f 5011 5147 5148
f 5149 5133 5148
f 5149 5134 5133
f 5135 5012 5002
f 5135 5150 5012
f 5149 5135 5134
f 5149 5150 5135
f 5136 5003 5013
f 5136 5013 5151
f 5013 5012 5150
f 5013 5150 5151
f 5152 5136 5151
f 5152 5137 5136
f 5154 5138 5153
f 5154 5139 5138
f 5155 5139 5154
f 5155 5140 5139
f 5155 5141 5140
f 5155 5156 5141
f 5156 5142 5141
f 5156 5157 5142
f 5158 5142 5157
f 5158 5143 5142
f 5158 5144 5143
f 5158 5159 5144
f 5160 5144 5159
f 5160 5145 5144
f 5161 5147 5146
f 5161 5162 5147
f 5163 5147 5162
f 5163 5148 5147
f 5164 5150 5149
f 5164 5165 5150
f 5166 5150 5165
f 5166 5151 5150
f 5167 5151 5166
f 5167 5152 5151
f 5168 5158 5157
f 5168 5169 5158
f 5170 5158 5169
f 5170 5159 5158
f 5172 5165 5171
f 5172 5166 5165
f 5015 5173 5014
f 5015 5174 5173
f 5173 5016 5014
f 5173 5180 5016
f 5181 5174 5015
f 5181 5015 5017
f 5018 5181 5017
f 5018 5182 5181
f 5181 5175 5174
f 5181 5182 5175
f 5187 5176 5186
f 5187 5177 5176
f 5188 5019 5020
f 5188 5187 5019
f 5187 5178 5177
f 5187 5188 5178
f 5188 5179 5178
f 5188 5189 5179
f 5190 5016 5180
f 5190 5022 5016
f 5190 5021 5022
f 5190 5189 5021
f 5190 5179 5189
f 5190 5180 5179
f 5182 5018 5024
f 5182 5024 5192
f 5024 5023 5191
f 5024 5191 5192
f 5193 5184 5183
f 5193 5194 5184
f 5195 5186 5185
f 5195 5196 5186
f 5197 5019 5187
f 5197 5025 5019
f 5196 5187 5186
f 5196 5197 5187
f 5198 5188 5020
f 5198 5020 5026
f 5199 5021 5189
f 5199 5027 5021
f 5198 5189 5188
f 5198 5199 5189
f 5200 5028 5027
f 5200 5027 5199
f 5191 5023 5029
f 5191 5029 5201
f 5202 5191 5201
f 5202 5192 5191
f 5197 5030 5025
f 5197 5204 5030
f 5203 5197 5196
f 5203 5204 5197
f 5198 5026 5031
f 5198 5031 5205
f 5205 5031 5030
f 5205 5030 5204
f 5206 5198 5205
f 5206 5199 5198
f 5200 5032 5028
f 5200 5207 5032
f 5206 5200 5199
f 5206 5207 5200
f 5201 5029 5033
f 5201 5033 5208
f 5033 5032 5207
f 5033 5207 5208
f 5209 5201 5208
f 5209 5202 5201
f 5211 5203 5210
f 5211 5204 5203
f 5212 5204 5211
f 5212 5205 5204
f 5212 5206 5205
f 5212 5213 5206
f 5213 5207 5206
f 5213 5214 5207
f 5214 5208 5207
f 5214 5215 5208
f 5216 5208 5215
f 5216 5209 5208
f 5217 5214 5213
f 5217 5218 5214
f 5219 5214 5218
f 5219 5215 5214
f 5225 5034 5035
f 5225 5224 5034
f 5036 5225 5035
f 5036 5226 5225
f 5231 5220 5230
f 5231 5221 5220
f 5232 5037 5038
f 5232 5231 5037
f 5232 5221 5231
f 5232 5222 5221
f 5039 5232 5038
f 5039 5233 5232
f 5232 5223 5222
f 5232 5233 5223
f 5234 5034 5224
f 5234 5040 5034
f 5236 5226 5036
f 5236 5036 5042
f 5242 5228 5227
f 5242 5243 5228
f 5246 5229 5245
f 5246 5230 5229
f 5247 5037 5231
f 5247 5044 5037
f 5247 5043 5044
f 5247 5246 5043
f 5247 5230 5246
f 5247 5231 5230
f 5248 5233 5039
f 5248 5039 5046
f 5047 5248 5046
f 5047 5249 5248
f 5250 5040 5234
f 5250 5048 5040
f 5250 5047 5048
f 5250 5249 5047
f 5252 5236 5042
f 5252 5042 5050
f 5251 5235 5236
f 5251 5236 5252
f 5253 5238 5237
f 5253 5254 5238
f 5256 5239 5255
f 5256 5240 5239
f 5258 5241 5257
f 5258 5242 5241
f 5258 5243 5242
f 5258 5259 5243
f 5259 5244 5243
f 5259 5260 5244
f 5246 5051 5043
f 5246 5263 5051
f 5262 5246 5245
f 5262 5263 5246
f 5264 5052 5051
f 5264 5051 5263
f 5265 5248 5249
f 5265 5249 5266
f 5252 5050 5058
f 5252 5058 5267
f 5269 5254 5253
f 5269 5270 5254
f 5270 5255 5254
f 5270 5271 5255
f 5271 5256 5255
f 5271 5272 5256
f 5274 5258 5257
f 5274 5275 5258
f 5275 5259 5258
f 5275 5276 5259
f 5276 5260 5259
f 5276 5277 5260
f 5277 5261 5260
f 5277 5278 5261
f 5264 5059 5052
f 5264 5281 5059
f 5280 5264 5263
f 5280 5281 5264
f 5267 5058 5065
f 5267 5065 5282
f 5282 5268 5267
f 5282 5283 5268
f 5284 5271 5270
f 5284 5285 5271
f 5285 5272 5271
f 5285 5286 5272
f 5286 5273 5272
f 5286 5287 5273
f 5289 5276 5275
f 5289 5290 5276
f 5290 5277 5276
f 5290 5291 5277
f 5291 5278 5277
f 5291 5292 5278
f 5292 5279 5278
f 5292 5293 5279
f 5294 5059 5281
f 5294 5066 5059
f 5068 5067 5295
f 5068 5295 5296
f 5069 5068 5296
f 5069 5296 5297
f 5298 5282 5065
f 5298 5065 5072
f 5298 5283 5282
f 5298 5299 5283
f 5300 5286 5285
f 5300 5301 5286
f 5301 5287 5286
f 5301 5302 5287
f 5302 5288 5287
f 5302 5303 5288
f 5304 5292 5291
f 5304 5305 5292
f 5294 5073 5066
f 5294 5306 5073
f 5295 5067 5074
f 5295 5074 5307
f 5074 5073 5306
f 5074 5306 5307
f 5308 5295 5307
f 5308 5296 5295
f 5297 5075 5069
f 5297 5309 5075
f 5310 5076 5075
f 5310 5075 5309
f 5311 5077 5076
f 5311 5076 5310
f 5298 5072 5078
f 5298 5078 5312
f 5078 5077 5311
f 5078 5311 5312
f 5313 5298 5312
f 5313 5299 5298
f 5314 5303 5302
f 5314 5315 5303
f 5316 5311 5310
f 5316 5317 5311
f 5318 5311 5317
f 5318 5312 5311
f 5325 5079 5080
f 5325 5324 5079
f 5326 5080 5081
f 5326 5325 5080
f 5082 5326 5081
f 5082 5327 5326
f 5329 5083 5084
f 5329 5328 5083
f 5330 5084 5085
f 5330 5329 5084
f 5329 5320 5319
f 5329 5330 5320
f 5331 5085 5086
f 5331 5330 5085
f 5335 5087 5088
f 5335 5334 5087
f 5089 5335 5088
f 5089 5336 5335
f 5091 5337 5090
f 5091 5338 5337
f 5338 5321 5337
f 5338 5322 5321
f 5339 5091 5092
f 5339 5338 5091
f 5341 5079 5324
f 5341 5093 5079
f 5341 5323 5340
f 5341 5324 5323
f 5342 5094 5093
f 5342 5093 5341
f 5327 5082 5096
f 5327 5096 5343
f 5328 5097 5083
f 5328 5344 5097
f 5344 5096 5097
f 5344 5343 5096
f 5331 5086 5100
f 5331 5100 5346
f 5345 5330 5331
f 5345 5331 5346
f 5348 5332 5347
f 5348 5333 5332
f 5349 5087 5334
f 5349 5101 5087
f 5349 5333 5348
f 5349 5334 5333
f 5350 5336 5089
f 5350 5089 5103
f 5104 5350 5103
f 5104 5351 5350
f 5352 5090 5337
f 5352 5105 5090
f 5352 5104 5105
f 5352 5351 5104
f 5353 5339 5092
f 5353 5092 5107
f 5358 5341 5340
f 5358 5359 5341
f 5360 5094 5342
f 5360 5109 5094
f 5360 5108 5109
f 5360 5359 5108
f 5360 5341 5359
f 5360 5342 5341
f 5362 5361 5343
f 5362 5343 5344
f 5346 5100 5115
f 5346 5115 5364
f 5115 5114 5363
f 5115 5363 5364
f 5366 5348 5347
f 5366 5367 5348
f 5349 5116 5101
f 5349 5368 5116
f 5368 5348 5367
f 5368 5349 5348
f 5353 5107 5122
f 5353 5122 5369
f 5371 5355 5354
f 5371 5372 5355
f 5372 5356 5355
f 5372 5373 5356
f 5373 5357 5356
f 5373 5374 5357
f 5376 5108 5359
f 5376 5123 5108
f 5377 5124 5123
f 5377 5123 5376
f 5378 5363 5114
f 5378 5114 5129
f 5130 5378 5129
f 5130 5379 5378
f 5378 5364 5363
f 5378 5379 5364
f 5379 5365 5364
f 5379 5380 5365
f 5382 5116 5368
f 5382 5131 5116
f 5381 5368 5367
f 5381 5382 5368
f 5369 5122 5137
f 5369 5137 5383
f 5383 5370 5369
f 5383 5384 5370
f 5385 5373 5372
f 5385 5386 5373
f 5386 5374 5373
f 5386 5387 5374
f 5387 5375 5374
f 5387 5388 5375
f 5377 5139 5124
f 5377 5391 5139
f 5391 5138 5139
f 5391 5390 5138
f 5390 5377 5376
f 5390 5391 5377
f 5392 5379 5130
f 5392 5130 5145
f 5392 5380 5379
f 5392 5393 5380
f 5394 5131 5382
f 5394 5146 5131
f 5149 5148 5395
f 5149 5395 5396
f 5397 5383 5137
f 5397 5137 5152
f 5397 5384 5383
f 5397 5398 5384
f 5399 5386 5385
f 5399 5400 5386
f 5401 5386 5400
f 5401 5387 5386
f 5401 5388 5387
f 5401 5402 5388
f 5402 5389 5388
f 5402 5403 5389
f 5404 5138 5390
f 5404 5153 5138
f 5154 5153 5404
f 5154 5404 5405
f 5404 5390 5391
f 5404 5391 5405
f 5155 5154 5405
f 5155 5405 5406
f 5156 5155 5406
f 5156 5406 5407
f 5408 5157 5156
f 5408 5156 5407
f 5392 5145 5160
f 5392 5160 5410
f 5160 5159 5409
f 5160 5409 5410
f 5411 5392 5410
f 5411 5393 5392
f 5394 5161 5146
f 5394 5412 5161
f 5413 5162 5161
f 5413 5161 5412
f 5395 5148 5163
f 5395 5163 5414
f 5163 5162 5413
f 5163 5413 5414
f 5396 5164 5149
f 5396 5415 5164
f 5414 5396 5395
f 5414 5415 5396
f 5416 5165 5164
f 5416 5164 5415
f 5397 5152 5167
f 5397 5167 5418
f 5167 5166 5417
f 5167 5417 5418
f 5419 5397 5418
f 5419 5398 5397
f 5420 5403 5402
f 5420 5421 5403
f 5408 5168 5157
f 5408 5423 5168
f 5422 5408 5407
f 5422 5423 5408
f 5424 5169 5168
f 5424 5168 5423
f 5409 5159 5170
f 5409 5170 5425
f 5170 5169 5424
f 5170 5424 5425
f 5426 5409 5425
f 5426 5410 5409
f 5416 5171 5165
f 5416 5428 5171
f 5427 5416 5415
f 5427 5428 5416
f 5417 5166 5172
f 5417 5172 5429
f 5172 5171 5428
f 5172 5428 5429
f 5430 5417 5429
f 5430 5418 5417
f 5439 5173 5174
f 5439 5438 5173
f 5439 5431 5438
f 5439 5432 5431
f 5175 5439 5174
f 5175 5440 5439
f 5445 5433 5444
f 5445 5434 5433
f 5445 5435 5434
f 5445 5446 5435
f 5447 5176 5177
f 5447 5446 5176
f 5447 5435 5446
f 5447 5436 5435
f 5448 5177 5178
f 5448 5447 5177
f 5447 5437 5436
f 5447 5448 5437
f 5449 5178 5179
f 5449 5448 5178
f 5450 5173 5438
f 5450 5180 5173
f 5450 5179 5180
f 5450 5449 5179
f 5452 5440 5175
f 5452 5175 5182
f 5458 5441 5457
f 5458 5442 5441
f 5458 5443 5442
f 5458 5459 5443
f 5460 5183 5184
f 5460 5459 5183
f 5461 5445 5444
f 5461 5462 5445
f 5463 5176 5446
f 5463 5186 5176
f 5463 5185 5186
f 5463 5462 5185
f 5463 5445 5462
f 5463 5446 5445
f 5452 5182 5192
f 5452 5192 5465
f 5464 5451 5452
f 5464 5452 5465
f 5467 5454 5453
f 5467 5468 5454
f 5469 5454 5468
f 5469 5455 5454
f 5469 5456 5455
f 5469 5470 5456
f 5472 5458 5457
f 5472 5473 5458
f 5474 5183 5459
f 5474 5193 5183
f 5473 5459 5458
f 5473 5474 5459
f 5460 5184 5194
f 5460 5194 5475
f 5194 5193 5474
f 5194 5474 5475
f 5478 5185 5462
f 5478 5195 5185
f 5477 5462 5461
f 5477 5478 5462
f 5479 5196 5195
f 5479 5195 5478
f 5465 5192 5202
f 5465 5202 5480
f 5480 5466 5465
f 5480 5481 5466
f 5482 5469 5468
f 5482 5483 5469
f 5483 5470 5469
f 5483 5484 5470
f 5484 5471 5470
f 5484 5485 5471
f 5487 5473 5472
f 5487 5488 5473
f 5489 5473 5488
f 5489 5474 5473
f 5489 5475 5474
f 5489 5490 5475
f 5490 5476 5475
f 5490 5491 5476
f 5479 5203 5196
f 5479 5493 5203
f 5480 5202 5209
f 5480 5209 5494
f 5495 5480 5494
f 5495 5481 5480
f 5496 5483 5482
f 5496 5497 5483
f 5497 5484 5483
f 5497 5498 5484
f 5498 5485 5484
f 5498 5499 5485
f 5499 5486 5485
f 5499 5500 5486
f 5501 5491 5490
f 5501 5502 5491
f 5503 5491 5502
f 5503 5492 5491
f 5493 5210 5203
f 5493 5504 5210
f 5505 5211 5210
f 5505 5210 5504
f 5506 5212 5211
f 5506 5211 5505
f 5213 5212 5506
f 5213 5506 5507
f 5494 5209 5216
f 5494 5216 5509
f 5216 5215 5508
f 5216 5508 5509
f 5510 5494 5509
f 5510 5495 5494
f 5511 5500 5499
f 5511 5512 5500
f 5514 5501 5513
f 5514 5502 5501
f 5515 5505 5504
f 5515 5516 5505
f 5507 5217 5213
f 5507 5517 5217
f 5218 5217 5517
f 5218 5517 5518
f 5508 5215 5219
f 5508 5219 5519
f 5219 5218 5518
f 5219 5518 5519
f 5520 5508 5519
f 5520 5509 5508
f 5523 5220 5221
f 5523 5522 5220
f 5222 5523 5221
f 5222 5524 5523
f 5525 5222 5223
f 5525 5524 5222
f 5527 5224 5225
f 5527 5526 5224
f 5528 5225 5226
f 5528 5527 5225
f 5228 5529 5227
f 5228 5530 5529
f 5532 5220 5522
f 5532 5230 5220
f 5532 5229 5230
f 5532 5531 5229
f 5532 5521 5531
f 5532 5522 5521
f 5534 5525 5223
f 5534 5223 5233
f 5533 5524 5525
f 5533 5525 5534
f 5526 5234 5224
f 5526 5535 5234
f 5536 5535 5526
f 5536 5526 5527
f 5537 5528 5226
f 5537 5226 5236
f 5537 5236 5235
f 5537 5235 5536
f 5537 5536 5527
f 5537 5527 5528
f 5238 5538 5237
f 5238 5539 5538
f 5240 5540 5239
f 5240 5541 5540
f 5529 5242 5227
f 5529 5543 5242
f 5543 5241 5242
f 5543 5542 5241
f 5530 5228 5243
f 5530 5243 5544
f 5543 5529 5530
f 5543 5530 5544
f 5244 5544 5243
f 5244 5545 5544
f 5547 5229 5531
f 5547 5245 5229
f 5548 5534 5233
f 5548 5233 5248
f 5535 5250 5234
f 5535 5550 5250
f 5250 5549 5249
f 5250 5550 5549
f 5551 5536 5235
f 5551 5235 5251
f 5552 5251 5252
f 5552 5551 5251
f 5538 5253 5237
f 5538 5553 5253
f 5539 5238 5254
f 5539 5254 5554
f 5553 5538 5539
f 5553 5539 5554
f 5540 5255 5239
f 5540 5555 5255
f 5555 5254 5255
f 5555 5554 5254
f 5541 5240 5256
f 5541 5256 5556
f 5555 5540 5541
f 5555 5541 5556
f 5557 5241 5542
f 5557 5257 5241
f 5558 5545 5244
f 5558 5244 5260
f 5261 5558 5260
f 5261 5559 5558
f 5547 5262 5245
f 5547 5561 5262
f 5560 5547 5546
f 5560 5561 5547
f 5562 5263 5262
f 5562 5262 5561
f 5548 5248 5265
f 5548 5265 5565
f 5549 5266 5249
f 5549 5566 5266
f 5266 5565 5265
f 5266 5566 5565
f 5567 5566 5549
f 5567 5549 5550
f 5552 5252 5267
f 5552 5267 5568
f 5569 5267 5268
f 5569 5568 5267
f 5553 5269 5253
f 5553 5570 5269
f 5571 5270 5269
f 5571 5269 5570
f 5571 5570 5553
f 5571 5553 5554
f 5572 5556 5256
f 5572 5256 5272
f 5273 5572 5272
f 5273 5573 5572
f 5557 5274 5257
f 5557 5575 5274
f 5576 5275 5274
f 5576 5274 5575
f 5577 5559 5261
f 5577 5261 5278
f 5578 5278 5279
f 5578 5577 5278
f 5562 5280 5263
f 5562 5580 5280
f 5579 5562 5561
f 5579 5580 5562
f 5581 5281 5280
f 5581 5280 5580
f 5582 5581 5563
f 5582 5563 5564
f 5569 5268 5283
f 5569 5283 5584
f 5583 5568 5569
f 5583 5569 5584
f 5571 5284 5270
f 5571 5586 5284
f 5585 5571 5570
f 5585 5586 5571
f 5587 5285 5284
f 5587 5284 5586
f 5588 5573 5273
f 5588 5273 5287
f 5288 5588 5287
f 5288 5589 5588
f 5588 5574 5573
f 5588 5589 5574
f 5576 5289 5275
f 5576 5591 5289
f 5590 5576 5575
f 5590 5591 5576
f 5592 5290 5289
f 5592 5289 5591
f 5593 5291 5290
f 5593 5290 5592
f 5578 5279 5293
f 5578 5293 5595
f 5595 5293 5292
f 5595 5292 5594
f 5595 5594 5577
f 5595 5577 5578
f 5597 5281 5581
f 5597 5294 5281
f 5597 5580 5596
f 5597 5581 5580
f 5297 5296 5598
f 5297 5598 5599
f 5584 5283 5299
f 5584 5299 5600
f 5587 5300 5285
f 5587 5603 5300
f 5603 5586 5602
f 5603 5587 5586
f 5604 5301 5300
f 5604 5300 5603
f 5605 5302 5301
f 5605 5301 5604
f 5606 5589 5288
f 5606 5288 5303
f 5608 5590 5607
f 5608 5591 5590
f 5609 5291 5593
f 5609 5304 5291
f 5610 5594 5292
f 5610 5292 5305
f 5305 5304 5609
f 5305 5609 5610
f 5610 5609 5593
f 5610 5593 5594
f 5597 5306 5294
f 5597 5612 5306
f 5611 5597 5596
f 5611 5612 5597
f 5613 5307 5306
f 5613 5306 5612
f 5598 5296 5308
f 5598 5308 5614
f 5308 5307 5613
f 5308 5613 5614
f 5599 5309 5297
f 5599 5615 5309
f 5614 5599 5598
f 5614 5615 5599
f 5616 5310 5309
f 5616 5309 5615
f 5600 5299 5313
f 5600 5313 5618
f 5313 5312 5617
f 5313 5617 5618
f 5620 5601 5619
f 5620 5602 5601
f 5621 5302 5605
f 5621 5314 5302
f 5622 5606 5303
f 5622 5303 5315
f 5315 5314 5621
f 5315 5621 5622
f 5621 5605 5606
f 5621 5606 5622
f 5623 5613 5612
f 5623 5624 5613
f 5616 5316 5310
f 5616 5626 5316
f 5625 5616 5615
f 5625 5626 5616
f 5627 5317 5316
f 5627 5316 5626
f 5617 5312 5318
f 5617 5318 5628
f 5318 5317 5627
f 5318 5627 5628
f 5320 5633 5319
f 5320 5634 5633
f 5322 5638 5321
f 5322 5639 5638
f 5642 5323 5324
f 5642 5641 5323
f 5642 5629 5641
f 5642 5630 5629
f 5643 5324 5325
f 5643 5642 5324
f 5642 5631 5630
f 5642 5643 5631
f 5326 5643 5325
f 5326 5644 5643
f 5643 5632 5631
f 5643 5644 5632
f 5645 5326 5327
f 5645 5644 5326
f 5633 5329 5319
f 5633 5647 5329
f 5329 5646 5328
f 5329 5647 5646
f 5634 5320 5330
f 5634 5330 5648
f 5648 5647 5633
f 5648 5633 5634
f 5650 5332 5333
f 5650 5649 5332
f 5651 5333 5334
f 5651 5650 5333
f 5651 5635 5650
f 5651 5636 5635
f 5335 5651 5334
f 5335 5652 5651
f 5651 5637 5636
f 5651 5652 5637
f 5653 5335 5336
f 5653 5652 5335
f 5638 5337 5321
f 5638 5654 5337
f 5639 5322 5338
f 5639 5338 5655
f 5655 5654 5638
f 5655 5638 5639
f 5656 5338 5339
f 5656 5655 5338
f 5658 5323 5641
f 5658 5340 5323
f 5658 5640 5657
f 5658 5641 5640
f 5659 5645 5327
f 5659 5327 5343
f 5660 5328 5646
f 5660 5344 5328
f 5661 5660 5646
f 5661 5646 5647
f 5648 5330 5345
f 5648 5345 5662
f 5663 5345 5346
f 5663 5662 5345
f 5664 5332 5649
f 5664 5347 5332
f 5653 5336 5350
f 5653 5350 5665
f 5666 5350 5351
f 5666 5665 5350
f 5654 5352 5337
f 5654 5667 5352
f 5352 5666 5351
f 5352 5667 5666
f 5656 5339 5353
f 5656 5353 5669
f 5668 5655 5656
f 5668 5656 5669
f 5355 5670 5354
f 5355 5671 5670
f 5672 5355 5356
f 5672 5671 5355
f 5357 5672 5356
f 5357 5673 5672
f 5658 5358 5340
f 5658 5675 5358
f 5674 5658 5657
f 5674 5675 5658
f 5676 5359 5358
f 5676 5358 5675
f 5659 5343 5361
f 5659 5361 5677
f 5660 5362 5344
f 5660 5678 5362
f 5362 5677 5361
f 5362 5678 5677
f 5679 5678 5660
f 5679 5660 5661
f 5663 5346 5364
f 5663 5364 5681
f 5680 5662 5663
f 5680 5663 5681
f 5365 5681 5364
f 5365 5682 5681
f 5664 5366 5347
f 5664 5683 5366
f 5684 5367 5366
f 5684 5366 5683
f 5685 5665 5666
f 5685 5666 5686
f 5687 5686 5666
f 5687 5666 5667
f 5669 5353 5369
f 5669 5369 5688
f 5370 5688 5369
f 5370 5689 5688
f 5670 5371 5354
f 5670 5690 5371
f 5691 5372 5371
f 5691 5371 5690
f 5691 5690 5670
f 5691 5670 5671
f 5692 5673 5357
f 5692 5357 5374
f 5375 5692 5374
f 5375 5693 5692
f 5694 5675 5674
f 5694 5695 5675
f 5676 5376 5359
f 5676 5696 5376
f 5695 5676 5675
f 5695 5696 5676
f 5682 5365 5380
f 5682 5380 5698
f 5697 5681 5682
f 5697 5682 5698
f 5684 5381 5367
f 5684 5700 5381
f 5699 5684 5683
f 5699 5700 5684
f 5701 5382 5381
f 5701 5381 5700
f 5703 5702 5685
f 5703 5685 5686
f 5689 5370 5384
f 5689 5384 5705
f 5704 5688 5689
f 5704 5689 5705
f 5707 5372 5691
f 5707 5385 5372
f 5706 5691 5690
f 5706 5707 5691
f 5708 5693 5375
f 5708 5375 5388
f 5389 5708 5388
f 5389 5709 5708
f 5711 5376 5696
f 5711 5390 5376
f 5710 5696 5695
f 5710 5711 5696
f 5712 5391 5390
f 5712 5390 5711
f 5698 5380 5393
f 5698 5393 5714
f 5714 5713 5697
f 5714 5697 5698
f 5701 5394 5382
f 5701 5716 5394
f 5715 5701 5700
f 5715 5716 5701
f 5705 5384 5398
f 5705 5398 5718
f 5707 5399 5385
f 5707 5720 5399
f 5721 5400 5399
f 5721 5399 5720
f 5722 5401 5400
f 5722 5400 5721
f 5723 5402 5401
f 5723 5401 5722
f 5724 5709 5389
f 5724 5389 5403
f 5712 5405 5391
f 5712 5726 5405
f 5725 5712 5711
f 5725 5726 5712
f 5406 5405 5726
f 5406 5726 5727
f 5407 5406 5727
f 5407 5727 5728
f 5733 5714 5393
f 5733 5393 5411
f 5411 5410 5732
f 5411 5732 5733
f 5733 5732 5713
f 5733 5713 5714
f 5716 5412 5394
f 5716 5735 5412
f 5734 5716 5715
f 5734 5735 5716
f 5736 5413 5412
f 5736 5412 5735
f 5737 5414 5413
f 5737 5413 5736
f 5738 5415 5414
f 5738 5414 5737
f 5740 5718 5398
f 5740 5398 5419
f 5419 5418 5739
f 5419 5739 5740
f 5740 5739 5717
f 5740 5717 5718
f 5742 5719 5741
f 5742 5720 5719
f 5743 5720 5742
f 5743 5721 5720
f 5744 5402 5723
f 5744 5420 5402
f 5745 5724 5403
f 5745 5403 5421
f 5421 5420 5744
f 5421 5744 5745
f 5745 5744 5723
f 5745 5723 5724
f 5747 5726 5746
f 5747 5727 5726
f 5728 5422 5407
f 5728 5748 5422
f 5749 5423 5422
f 5749 5422 5748
f 5748 5728 5729
f 5748 5729 5749
f 5424 5423 5749
f 5424 5749 5750
f 5425 5424 5750
f 5425 5750 5751
f 5751 5750 5730
f 5751 5730 5731
f 5732 5410 5426
f 5732 5426 5752
f 5426 5425 5751
f 5426 5751 5752
f 5753 5736 5735
f 5753 5754 5736
f 5738 5427 5415
f 5738 5755 5427
f 5756 5428 5427
f 5756 5427 5755
f 5429 5428 5756
f 5429 5756 5757
f 5739 5418 5430
f 5739 5430 5758
f 5430 5429 5757
f 5430 5757 5758
f 5432 5759 5431
f 5432 5760 5759
f 5762 5433 5434
f 5762 5761 5433
f 5763 5434 5435
f 5763 5762 5434
f 5764 5435 5436
f 5764 5763 5435
f 5437 5764 5436
f 5437 5765 5764
f 5766 5431 5759
f 5766 5438 5431
f 5767 5760 5432
f 5767 5432 5439
f 5766 5759 5760
f 5766 5760 5767
f 5768 5439 5440
f 5768 5767 5439
f 5442 5769 5441
f 5442 5770 5769
f 5771 5442 5443
f 5771 5770 5442
f 5772 5433 5761
f 5772 5444 5433
f 5773 5765 5437
f 5773 5437 5448
f 5449 5773 5448
f 5449 5774 5773
f 5766 5450 5438
f 5766 5775 5450
f 5450 5774 5449
f 5450 5775 5774
f 5776 5775 5766
f 5776 5766 5767
f 5777 5768 5440
f 5777 5440 5452
f 5777 5452 5451
f 5777 5451 5776
f 5777 5776 5767
f 5777 5767 5768
f 5454 5778 5453
f 5454 5779 5778
f 5780 5454 5455
f 5780 5779 5454
f 5781 5455 5456
f 5781 5780 5455
f 5782 5441 5769
f 5782 5457 5441
f 5784 5771 5443
f 5784 5443 5459
f 5783 5770 5771
f 5783 5771 5784
f 5785 5459 5460
f 5785 5784 5459
f 5772 5461 5444
f 5772 5787 5461
f 5788 5773 5774
f 5788 5774 5789
f 5790 5789 5774
f 5790 5774 5775
f 5791 5776 5451
f 5791 5451 5464
f 5791 5790 5775
f 5791 5775 5776
f 5792 5464 5465
f 5792 5791 5464
f 5466 5792 5465
f 5466 5793 5792
f 5778 5467 5453
f 5778 5794 5467
f 5795 5468 5467
f 5795 5467 5794
f 5795 5794 5778
f 5795 5778 5779
f 5781 5456 5470
f 5781 5470 5797
f 5796 5780 5781
f 5796 5781 5797
f 5798 5470 5471
f 5798 5797 5470
f 5799 5457 5782
f 5799 5472 5457
f 5800 5785 5460
f 5800 5460 5475
f 5476 5800 5475
f 5476 5801 5800
f 5787 5477 5461
f 5787 5803 5477
f 5802 5787 5786
f 5802 5803 5787
f 5804 5478 5477
f 5804 5477 5803
f 5805 5479 5478
f 5805 5478 5804
f 5808 5807 5788
f 5808 5788 5789
f 5793 5466 5481
f 5793 5481 5810
f 5809 5792 5793
f 5809 5793 5810
f 5812 5468 5795
f 5812 5482 5468
f 5812 5794 5811
f 5812 5795 5794
f 5813 5798 5471
f 5813 5471 5485
f 5486 5813 5485
f 5486 5814 5813
f 5799 5487 5472
f 5799 5815 5487
f 5816 5488 5487
f 5816 5487 5815
f 5817 5489 5488
f 5817 5488 5816
f 5490 5489 5817
f 5490 5817 5818
f 5819 5801 5476
f 5819 5476 5491
f 5820 5491 5492
f 5820 5819 5491
f 5821 5804 5803
f 5821 5822 5804
f 5805 5493 5479
f 5805 5823 5493
f 5822 5805 5804
f 5822 5823 5805
f 5825 5824 5806
f 5825 5806 5807
f 5810 5481 5495
f 5810 5495 5827
f 5827 5826 5809
f 5827 5809 5810
f 5812 5496 5482
f 5812 5829 5496
f 5828 5812 5811
f 5828 5829 5812
f 5830 5497 5496
f 5830 5496 5829
f 5498 5497 5830
f 5498 5830 5831
f 5499 5498 5831
f 5499 5831 5832
f 5833 5814 5486
f 5833 5486 5500
f 5834 5816 5815
f 5834 5835 5816
f 5835 5817 5816
f 5835 5836 5817
f 5818 5501 5490
f 5818 5837 5501
f 5836 5818 5817
f 5836 5837 5818
f 5838 5837 5818
f 5838 5818 5819
f 5820 5492 5503
f 5820 5503 5839
f 5839 5503 5502
f 5839 5502 5838
f 5839 5838 5819
f 5839 5819 5820
f 5823 5504 5493
f 5823 5841 5504
f 5840 5823 5822
f 5840 5841 5823
f 5506 5505 5842
f 5506 5842 5843
f 5844 5507 5506
f 5844 5506 5843
f 5846 5827 5495
f 5846 5495 5510
f 5510 5509 5845
f 5510 5845 5846
f 5846 5845 5826
f 5846 5826 5827
f 5847 5830 5829
f 5847 5848 5830
f 5849 5830 5848
f 5849 5831 5830
f 5850 5499 5832
f 5850 5511 5499
f 5851 5833 5500
f 5851 5500 5512
f 5512 5511 5850
f 5512 5850 5851
f 5851 5850 5832
f 5851 5832 5833
f 5852 5501 5837
f 5852 5513 5501
f 5853 5838 5502
f 5853 5502 5514
f 5514 5513 5852
f 5514 5852 5853
f 5852 5837 5838
f 5852 5838 5853
f 5841 5515 5504
f 5841 5854 5515
f 5842 5505 5516
f 5842 5516 5855
f 5855 5516 5515
f 5855 5515 5854
f 5844 5517 5507
f 5844 5856 5517
f 5518 5517 5856
f 5518 5856 5857
f 5858 5519 5518
f 5858 5518 5857
f 5845 5509 5520
f 5845 5520 5859
f 5520 5519 5858
f 5520 5858 5859
f 5861 5521 5522
f 5861 5860 5521
f 5862 5522 5523
f 5862 5861 5522
f 5863 5523 5524
f 5863 5862 5523
f 5866 5521 5860
f 5866 5531 5521
f 5867 5863 5524
f 5867 5524 5533
f 5868 5533 5534
f 5868 5867 5533
f 5867 5864 5863
f 5867 5868 5864
f 5870 5535 5536
f 5870 5869 5535
f 5872 5542 5543
f 5872 5871 5542
f 5544 5872 5543
f 5544 5873 5872
f 5545 5873 5544
f 5545 5874 5873
f 5876 5531 5866
f 5876 5547 5531
f 5876 5546 5547
f 5876 5875 5546
f 5876 5865 5875
f 5876 5866 5865
f 5877 5868 5534
f 5877 5534 5548
f 5869 5550 5535
f 5869 5878 5550
f 5870 5536 5551
f 5870 5551 5879
f 5878 5869 5870
f 5878 5870 5879
f 5552 5879 5551
f 5552 5880 5879
f 5883 5554 5555
f 5883 5882 5554
f 5556 5883 5555
f 5556 5884 5883
f 5871 5557 5542
f 5871 5887 5557
f 5874 5545 5558
f 5874 5558 5888
f 5889 5558 5559
f 5889 5888 5558
f 5890 5546 5875
f 5890 5560 5546
f 5891 5561 5560
f 5891 5560 5890
f 5564 5563 5892
f 5564 5892 5893
f 5894 5877 5548
f 5894 5548 5565
f 5566 5894 5565
f 5566 5895 5894
f 5878 5567 5550
f 5878 5896 5567
f 5567 5895 5566
f 5567 5896 5895
f 5897 5896 5878
f 5897 5878 5879
f 5880 5552 5568
f 5880 5568 5898
f 5897 5879 5880
f 5897 5880 5898
f 5901 5554 5882
f 5901 5571 5554
f 5901 5570 5571
f 5901 5900 5570
f 5901 5881 5900
f 5901 5882 5881
f 5884 5556 5572
f 5884 5572 5902
f 5903 5572 5573
f 5903 5902 5572
f 5904 5573 5574
f 5904 5903 5573
f 5905 5886 5885
f 5905 5906 5886
f 5887 5575 5557
f 5887 5907 5575
f 5910 5889 5559
f 5910 5559 5577
f 5909 5888 5889
f 5909 5889 5910
f 5891 5579 5561
f 5891 5911 5579
f 5912 5580 5579
f 5912 5579 5911
f 5913 5892 5563
f 5913 5563 5581
f 5893 5582 5564
f 5893 5914 5582
f 5582 5913 5581
f 5582 5914 5913
f 5913 5893 5892
f 5913 5914 5893
f 5917 5916 5895
f 5917 5895 5896
f 5898 5568 5583
f 5898 5583 5918
f 5919 5583 5584
f 5919 5918 5583
f 5900 5585 5570
f 5900 5921 5585
f 5921 5899 5920
f 5921 5900 5899
f 5922 5586 5585
f 5922 5585 5921
f 5925 5904 5574
f 5925 5574 5589
f 5924 5903 5904
f 5924 5904 5925
f 5907 5590 5575
f 5907 5926 5590
f 5926 5907 5908
f 5926 5908 5927
f 5928 5592 5591
f 5928 5591 5927
f 5929 5593 5592
f 5929 5592 5928
f 5930 5910 5577
f 5930 5577 5594
f 5930 5594 5593
f 5930 5593 5929
f 5930 5929 5909
f 5930 5909 5910
f 5912 5596 5580
f 5912 5931 5596
f 5935 5934 5915
f 5935 5915 5916
f 5919 5584 5600
f 5919 5600 5937
f 5936 5918 5919
f 5936 5919 5937
f 5922 5602 5586
f 5922 5939 5602
f 5602 5938 5601
f 5602 5939 5938
f 5940 5603 5602
f 5940 5602 5939
f 5941 5604 5603
f 5941 5603 5940
f 5942 5605 5604
f 5942 5604 5941
f 5942 5941 5923
f 5942 5923 5924
f 5943 5925 5589
f 5943 5589 5606
f 5943 5606 5605
f 5943 5605 5942
f 5942 5924 5925
f 5942 5925 5943
f 5944 5590 5926
f 5944 5607 5590
f 5927 5591 5608
f 5927 5608 5945
f 5608 5607 5944
f 5608 5944 5945
f 5945 5944 5926
f 5945 5926 5927
f 5946 5596 5931
f 5946 5611 5596
f 5612 5611 5946
f 5612 5946 5947
f 5946 5931 5932
f 5946 5932 5947
f 5949 5614 5613
f 5949 5613 5948
f 5949 5948 5933
f 5949 5933 5934
f 5950 5615 5614
f 5950 5614 5949
f 5950 5949 5934
f 5950 5934 5935
f 5954 5937 5600
f 5954 5600 5618
f 5954 5618 5617
f 5954 5617 5953
f 5954 5953 5936
f 5954 5936 5937
f 5938 5619 5601
f 5938 5955 5619
f 5956 5939 5602
f 5956 5602 5620
f 5620 5619 5955
f 5620 5955 5956
f 5956 5955 5938
f 5956 5938 5939
f 5947 5623 5612
f 5947 5957 5623
f 5948 5613 5624
f 5948 5624 5958
f 5624 5623 5957
f 5624 5957 5958
f 5957 5947 5948
f 5957 5948 5958
f 5959 5948 5958
f 5959 5949 5948
f 5950 5625 5615
f 5950 5960 5625
f 5961 5626 5625
f 5961 5625 5960
f 5962 5627 5626
f 5962 5626 5961
f 5962 5961 5951
f 5962 5951 5952
f 5963 5953 5617
f 5963 5617 5628
f 5963 5628 5627
f 5963 5627 5962
f 5963 5962 5952
f 5963 5952 5953
f 5965 5629 5630
f 5965 5964 5629
f 5966 5630 5631
f 5966 5965 5630
f 5632 5966 5631
f 5632 5967 5966
f 5970 5635 5636
f 5970 5969 5635
f 5637 5970 5636
f 5637 5971 5970
f 5973 5629 5964
f 5973 5641 5629
f 5973 5640 5641
f 5973 5972 5640
f 5974 5967 5632
f 5974 5632 5644
f 5645 5974 5644
f 5645 5975 5974
f 5648 5976 5647
f 5648 5977 5976
f 5979 5635 5969
f 5979 5650 5635
f 5979 5649 5650
f 5979 5978 5649
f 5979 5968 5978
f 5979 5969 5968
f 5980 5971 5637
f 5980 5637 5652
f 5653 5980 5652
f 5653 5981 5980
f 5983 5654 5655
f 5983 5982 5654
f 5984 5640 5972
f 5984 5657 5640
f 5985 5975 5645
f 5985 5645 5659
f 5976 5661 5647
f 5976 5986 5661
f 5977 5648 5662
f 5977 5662 5987
f 5986 5976 5977
f 5986 5977 5987
f 5989 5649 5978
f 5989 5664 5649
f 5990 5981 5653
f 5990 5653 5665
f 5982 5667 5654
f 5982 5991 5667
f 5983 5655 5668
f 5983 5668 5992
f 5991 5982 5983
f 5991 5983 5992
f 5993 5668 5669
f 5993 5992 5668
f 5672 5995 5671
f 5672 5996 5995
f 5673 5996 5672
f 5673 5997 5996
f 5998 5657 5984
f 5998 5674 5657
f 6000 5985 5659
f 6000 5659 5677
f 5678 6000 5677
f 5678 6001 6000
f 5986 5679 5661
f 5986 6002 5679
f 5679 6001 5678
f 5679 6002 6001
f 5987 5662 5680
f 5987 5680 6003
f 6002 5986 5987
f 6002 5987 6003
f 6004 5680 5681
f 6004 6003 5680
f 6006 5664 5989
f 6006 5683 5664
f 6005 5989 5988
f 6005 6006 5989
f 5990 5665 5685
f 5990 5685 6007
f 5991 5687 5667
f 5991 6009 5687
f 6009 5686 5687
f 6009 6008 5686
f 6010 6009 5991
f 6010 5991 5992
f 5993 5669 5688
f 5993 5688 6011
f 6010 5992 5993
f 6010 5993 6011
f 5995 5691 5671
f 5995 6013 5691
f 5691 6012 5690
f 5691 6013 6012
f 6013 5994 6012
f 6013 5995 5994
f 6014 6013 5995
f 6014 5995 5996
f 5997 5673 5692
f 5997 5692 6015
f 6016 5692 5693
f 6016 6015 5692
f 6017 5674 5998
f 6017 5694 5674
f 5695 5694 6017
f 5695 6017 6018
f 6017 5998 5999
f 6017 5999 6018
f 6022 6021 6001
f 6022 6001 6002
f 6022 6002 6003
f 6022 6003 6023
f 6004 5681 5697
f 6004 5697 6024
f 6023 6003 6004
f 6023 6004 6024
f 6006 5699 5683
f 6006 6025 5699
f 6026 5700 5699
f 6026 5699 6025
f 6007 5685 5702
f 6007 5702 6027
f 6008 5703 5686
f 6008 6028 5703
f 5703 6027 5702
f 5703 6028 6027
f 6027 6008 6007
f 6027 6028 6008
f 6029 6028 6008
f 6029 6008 6009
f 6030 6029 6009
f 6030 6009 6010
f 6011 5688 5704
f 6011 5704 6031
f 6030 6010 6011
f 6030 6011 6031
f 6032 5704 5705
f 6032 6031 5704
f 6012 5706 5690
f 6012 6033 5706
f 6034 5707 5706
f 6034 5706 6033
f 6033 6012 6013
f 6033 6013 6034
f 6036 6016 5693
f 6036 5693 5708
f 6037 5708 5709
f 6037 6036 5708
f 6038 5695 6018
f 6038 5710 5695
f 6039 5711 5710
f 6039 5710 6038
f 6038 6018 6019
f 6038 6019 6039
f 6042 6041 6020
f 6042 6020 6021
f 6024 5697 5713
f 6024 5713 6044
f 6043 6023 6024
f 6043 6024 6044
f 6026 5715 5700
f 6026 6045 5715
f 6049 6048 6027
f 6049 6027 6028
f 6032 5705 5718
f 6032 5718 6051
f 6051 5718 5717
f 6051 5717 6050
f 6050 6031 6032
f 6050 6032 6051
f 6034 5720 5707
f 6034 6053 5720
f 6053 5719 5720
f 6053 6052 5719
f 6055 5722 5721
f 6055 5721 6054
f 6056 5723 5722
f 6056 5722 6055
f 6056 6055 6035
f 6056 6035 6036
f 6057 6037 5709
f 6057 5709 5724
f 6057 5724 5723
f 6057 5723 6056
f 6056 6036 6037
f 6056 6037 6057
f 6039 5725 5711
f 6039 6058 5725
f 6059 5726 5725
f 6059 5725 6058
f 5728 5727 6060
f 5728 6060 6061
f 6061 6060 6040
f 6061 6040 6041
f 5729 5728 6061
f 5729 6061 6062
f 6061 6041 6042
f 6061 6042 6062
f 5731 5730 6063
f 5731 6063 6064
f 6044 5713 5732
f 6044 5732 6065
f 6065 6064 6043
f 6065 6043 6044
f 6066 5715 6045
f 6066 5734 5715
f 6067 5735 5734
f 6067 5734 6066
f 6066 6045 6046
f 6066 6046 6067
f 5737 5736 6068
f 5737 6068 6069
f 6069 6068 6047
f 6069 6047 6048
f 5738 5737 6069
f 5738 6069 6070
f 6069 6048 6049
f 6069 6049 6070
f 6073 6050 5717
f 6073 5717 5739
f 6052 5741 5719
f 6052 6074 5741
f 5742 5741 6074
f 5742 6074 6075
f 6075 6074 6052
f 6075 6052 6053
f 6054 5721 5743
f 6054 5743 6076
f 5743 5742 6075
f 5743 6075 6076
f 6076 6075 6053
f 6076 6053 6054
f 6059 5746 5726
f 6059 6077 5746
f 6060 5727 5747
f 6060 5747 6078
f 5747 5746 6077
f 5747 6077 6078
f 6079 5729 6062
f 6079 5749 5729
f 6080 6063 5730
f 6080 5730 5750
f 5750 5749 6079
f 5750 6079 6080
f 6081 5731 6064
f 6081 5751 5731
f 6065 5732 5752
f 6065 5752 6082
f 5752 5751 6081
f 5752 6081 6082
f 6067 5753 5735
f 6067 6083 5753
f 6068 5736 5754
f 6068 5754 6084
f 5754 5753 6083
f 5754 6083 6084
f 6085 6068 6084
f 6085 6069 6068
f 6086 5738 6070
f 6086 5755 5738
f 5756 5755 6086
f 5756 6086 6087
f 6086 6070 6071
f 6086 6071 6087
f 5757 5756 6087
f 5757 6087 6088
f 6088 6087 6071
f 6088 6071 6072
f 6089 6073 5739
f 6089 5739 5758
f 6089 5758 5757
f 6089 5757 6088
f 6089 6088 6072
f 6089 6072 6073
f 5762 6092 5761
f 5762 6093 6092
f 6094 5762 5763
f 6094 6093 5762
f 6095 5763 5764
f 6095 6094 5763
f 6094 6091 6090
f 6094 6095 6091
f 6096 5764 5765
f 6096 6095 5764
f 6098 5769 5770
f 6098 6097 5769
f 6092 5772 5761
f 6092 6100 5772
f 6101 6096 5765
f 6101 5765 5773
f 5780 6102 5779
f 5780 6103 6102
f 6097 5782 5769
f 6097 6104 5782
f 6098 5770 5783
f 6098 5783 6105
f 6105 6104 6097
f 6105 6097 6098
f 6106 5783 5784
f 6106 6105 5783
f 5785 6106 5784
f 5785 6107 6106
f 6100 5787 5772
f 6100 6110 5787
f 6110 5786 5787
f 6110 6109 5786
f 6110 6099 6109
f 6110 6100 6099
f 6101 5773 5788
f 6101 5788 6111
f 5790 6112 5789
f 5790 6113 6112
f 6114 5790 5791
f 6114 6113 5790
f 6115 5791 5792
f 6115 6114 5791
f 6102 5795 5779
f 6102 6117 5795
f 5795 6116 5794
f 5795 6117 6116
f 6103 5780 5796
f 6103 5796 6118
f 6118 6117 6102
f 6118 6102 6103
f 6119 5796 5797
f 6119 6118 5796
f 5798 6119 5797
f 5798 6120 6119
f 6104 5799 5782
f 6104 6121 5799
f 6107 5785 5800
f 6107 5800 6122
f 6123 5800 5801
f 6123 6122 5800
f 6122 6108 6107
f 6122 6123 6108
f 6124 5786 6109
f 6124 5802 5786
f 5803 5802 6124
f 5803 6124 6125
f 6124 6109 6110
f 6124 6110 6125
f 6111 5788 5807
f 6111 5807 6128
f 5807 5806 6127
f 5807 6127 6128
f 6112 5808 5789
f 6112 6129 5808
f 5808 6128 5807
f 5808 6129 6128
f 6130 6129 6112
f 6130 6112 6113
f 6131 6130 6113
f 6131 6113 6114
f 6115 5792 5809
f 6115 5809 6132
f 6131 6114 6115
f 6131 6115 6132
f 6116 5811 5794
f 6116 6134 5811
f 6135 6134 6116
f 6135 6116 6117
f 6120 5798 5813
f 6120 5813 6137
f 6138 5813 5814
f 6138 6137 5813
f 6139 5799 6121
f 6139 5815 5799
f 6143 6123 5801
f 6143 5801 5819
f 6143 5819 5818
f 6143 5818 6142
f 6143 6142 6122
f 6143 6122 6123
f 6125 5821 5803
f 6125 6144 5821
f 5822 5821 6144
f 5822 6144 6145
f 6144 6125 6126
f 6144 6126 6145
f 6127 5806 5824
f 6127 5824 6147
f 6128 5825 5807
f 6128 6148 5825
f 5825 6147 5824
f 5825 6148 6147
f 6148 6127 6147
f 6148 6128 6127
f 6149 6148 6128
f 6149 6128 6129
f 6150 6149 6129
f 6150 6129 6130
f 6151 6150 6130
f 6151 6130 6131
f 6132 5809 5826
f 6132 5826 6152
f 6134 5828 5811
f 6134 6154 5828
f 6154 6133 6153
f 6154 6134 6133
f 6155 5829 5828
f 6155 5828 6154
f 5832 5831 6156
f 5832 6156 6157
f 6157 6156 6136
f 6157 6136 6137
f 6158 6138 5814
f 6158 5814 5833
f 5833 5832 6157
f 5833 6157 6158
f 6157 6137 6138
f 6157 6138 6158
f 6139 5834 5815
f 6139 6159 5834
f 5835 5834 6159
f 5835 6159 6160
f 6159 6139 6140
f 6159 6140 6160
f 6161 5836 5835
f 6161 5835 6160
f 6162 6142 5818
f 6162 5818 5837
f 6162 5837 5836
f 6162 5836 6161
f 6162 6161 6141
f 6162 6141 6142
f 6163 5822 6145
f 6163 5840 5822
f 6164 5841 5840
f 6164 5840 6163
f 6163 6145 6146
f 6163 6146 6164
f 6166 5843 5842
f 6166 5842 6165
f 6166 6165 6147
f 6166 6147 6148
f 5844 5843 6166
f 5844 6166 6167
f 6166 6148 6149
f 6166 6149 6167
f 6168 6152 5826
f 6168 5826 5845
f 6155 5847 5829
f 6155 6169 5847
f 5848 5847 6169
f 5848 6169 6170
f 6156 5831 5849
f 6156 5849 6171
f 5849 5848 6170
f 5849 6170 6171
f 6172 5841 6164
f 6172 5854 5841
f 6165 5842 5855
f 6165 5855 6173
f 5855 5854 6172
f 5855 6172 6173
f 6175 5844 6167
f 6175 5856 5844
f 5857 5856 6175
f 5857 6175 6176
f 5858 5857 6176
f 5858 6176 6177
f 6178 6168 5845
f 6178 5845 5859
f 5859 5858 6177
f 5859 6177 6178
f 6179 6174 6173
f 6179 6180 6174
f 5861 6183 5860
f 5861 6184 6183
f 5862 6184 5861
f 5862 6185 6184
f 6185 6181 6184
f 6185 6182 6181
f 6186 5862 5863
f 6186 6185 5862
f 5864 6186 5863
f 5864 6187 6186
f 6183 5866 5860
f 6183 6189 5866
f 5866 6188 5865
f 5866 6189 6188
f 6190 6189 6183
f 6190 6183 6184
f 6192 6187 5864
f 6192 5864 5868
f 6195 5871 5872
f 6195 6194 5871
f 6196 5872 5873
f 6196 6195 5872
f 6197 5873 5874
f 6197 6196 5873
f 6198 5865 6188
f 6198 5875 5865
f 6199 6198 6188
f 6199 6188 6189
f 6202 6192 5868
f 6202 5868 5877
f 6201 6191 6192
f 6201 6192 6202
f 6204 5881 5882
f 6204 6203 5881
f 6205 5882 5883
f 6205 6204 5882
f 6206 5883 5884
f 6206 6205 5883
f 5886 6207 5885
f 5886 6208 6207
f 6209 5871 6194
f 6209 5887 5871
f 6209 6193 6208
f 6209 6194 6193
f 6211 6210 6195
f 6211 6195 6196
f 6212 6197 5874
f 6212 5874 5888
f 6213 5875 6198
f 6213 5890 5875
f 5891 5890 6213
f 5891 6213 6214
f 6213 6198 6199
f 6213 6199 6214
f 6214 6199 6200
f 6214 6200 6215
f 6216 6202 5877
f 6216 5877 5894
f 6217 5894 5895
f 6217 6216 5894
f 5897 6218 5896
f 5897 6219 6218
f 6220 5897 5898
f 6220 6219 5897
f 6222 5881 6203
f 6222 5900 5881
f 6222 5899 5900
f 6222 6221 5899
f 6206 5884 5902
f 6206 5902 6224
f 6223 6205 6206
f 6223 6206 6224
f 6225 5902 5903
f 6225 6224 5902
f 6226 5885 6207
f 6226 5905 5885
f 6227 6208 5886
f 6227 5886 5906
f 5906 5905 6226
f 5906 6226 6227
f 6228 5887 6209
f 6228 5907 5887
f 6227 6209 6208
f 6227 6228 6209
f 5908 5907 6228
f 5908 6228 6229
f 6212 5888 5909
f 6212 5909 6231
f 6232 5891 6214
f 6232 5911 5891
f 5912 5911 6232
f 5912 6232 6233
f 6232 6214 6215
f 6232 6215 6233
f 6217 5895 5916
f 6217 5916 6235
f 6235 5916 5915
f 6235 5915 6234
f 6234 6216 6217
f 6234 6217 6235
f 6218 5917 5896
f 6218 6236 5917
f 5917 6235 5916
f 5917 6236 6235
f 6237 6236 6218
f 6237 6218 6219
f 6220 5898 5918
f 6220 5918 6238
f 6237 6219 6220
f 6237 6220 6238
f 6239 5899 6221
f 6239 5920 5899
f 6240 5921 5920
f 6240 5920 6239
f 6241 5922 5921
f 6241 5921 6240
f 6244 6225 5903
f 6244 5903 5924
f 6244 5924 5923
f 6244 5923 6243
f 6245 5908 6229
f 6245 5927 5908
f 5928 5927 6245
f 5928 6245 6246
f 6245 6229 6230
f 6245 6230 6246
f 6247 6231 5909
f 6247 5909 5929
f 6247 5929 5928
f 6247 5928 6246
f 6247 6246 6230
f 6247 6230 6231
f 6248 5912 6233
f 6248 5931 5912
f 5932 5931 6248
f 5932 6248 6249
f 6251 6234 5915
f 6251 5915 5934
f 6251 5934 5933
f 6251 5933 6250
f 6252 5916 6235
f 6252 5935 5916
f 6252 6235 6236
f 6252 6236 6253
f 6254 6253 6236
f 6254 6236 6237
f 6255 6238 5918
f 6255 5918 5936
f 6254 6237 6238
f 6254 6238 6255
f 6256 5922 6241
f 6256 5939 5922
f 5940 5939 6256
f 5940 6256 6257
f 6256 6241 6242
f 6256 6242 6257
f 6258 6243 5923
f 6258 5923 5941
f 6258 5941 5940
f 6258 5940 6257
f 6258 6257 6242
f 6258 6242 6243
f 6259 5932 6249
f 6259 5947 5932
f 6260 6250 5933
f 6260 5933 5948
f 6260 5948 5947
f 6260 5947 6259
f 6261 5948 5949
f 6261 6260 5948
f 6252 5950 5935
f 6252 6262 5950
f 6262 6252 6253
f 6262 6253 6263
f 6264 5952 5951
f 6264 5951 6263
f 6264 6263 6253
f 6264 6253 6254
f 6265 6255 5936
f 6265 5936 5953
f 6265 5953 5952
f 6265 5952 6264
f 6265 6264 6254
f 6265 6254 6255
f 6266 5948 6260
f 6266 5958 5948
f 6261 5949 5959
f 6261 5959 6267
f 5959 5958 6266
f 5959 6266 6267
f 6266 6260 6261
f 6266 6261 6267
f 6262 5960 5950
f 6262 6268 5960
f 6269 6263 5951
f 6269 5951 5961
f 6269 5961 5960
f 6269 5960 6268
f 6269 6268 6262
f 6269 6262 6263
f 5965 6270 5964
f 5965 6271 6270
f 5966 6271 5965
f 5966 6272 6271
f 6273 5966 5967
f 6273 6272 5966
f 5969 6274 5968
f 5969 6275 6274
f 5970 6275 5969
f 5970 6276 6275
f 5971 6276 5970
f 5971 6277 6276
f 6270 5973 5964
f 6270 6279 5973
f 5973 6278 5972
f 5973 6279 6278
f 6280 6279 6270
f 6280 6270 6271
f 6273 5967 5974
f 6273 5974 6281
f 6282 5974 5975
f 6282 6281 5974
f 6283 5968 6274
f 6283 5978 5968
f 6284 6283 6274
f 6284 6274 6275
f 6277 5971 5980
f 6277 5980 6285
f 6286 5980 5981
f 6286 6285 5980
f 6278 5984 5972
f 6278 6287 5984
f 6288 6287 6278
f 6288 6278 6279
f 6289 6288 6279
f 6289 6279 6280
f 6282 5975 5985
f 6282 5985 6291
f 6290 6281 6282
f 6290 6282 6291
f 6283 5989 5978
f 6283 6293 5989
f 5989 6292 5988
f 5989 6293 6292
f 6294 6293 6283
f 6294 6283 6284
f 6295 6286 5981
f 6295 5981 5990
f 6297 5994 5995
f 6297 6296 5994
f 5997 6298 5996
f 5997 6299 6298
f 6300 5984 6287
f 6300 5998 5984
f 5999 5998 6300
f 5999 6300 6301
f 6300 6287 6288
f 6300 6288 6301
f 6303 6291 5985
f 6303 5985 6000
f 6304 6000 6001
f 6304 6303 6000
f 6292 6005 5988
f 6292 6305 6005
f 6006 6005 6305
f 6006 6305 6306
f 6306 6305 6292
f 6306 6292 6293
f 6307 6306 6293
f 6307 6293 6294
f 6308 6295 5990
f 6308 5990 6007
f 6309 6007 6008
f 6309 6308 6007
f 6296 6012 5994
f 6296 6311 6012
f 6297 5995 6013
f 6297 6013 6312
f 6312 6013 6012
f 6312 6012 6311
f 6312 6311 6296
f 6312 6296 6297
f 6298 6014 5996
f 6298 6313 6014
f 6014 6312 6013
f 6014 6313 6312
f 6299 5997 6015
f 6299 6015 6314
f 6313 6298 6299
f 6313 6299 6314
f 6315 6015 6016
f 6315 6314 6015
f 6316 5999 6301
f 6316 6018 5999
f 6019 6018 6316
f 6019 6316 6317
f 6316 6301 6302
f 6316 6302 6317
f 6304 6001 6021
f 6304 6021 6320
f 6320 6021 6020
f 6320 6020 6319
f 6319 6303 6304
f 6319 6304 6320
f 6321 6021 6022
f 6321 6320 6021
f 6322 6022 6023
f 6322 6321 6022
f 6323 6006 6306
f 6323 6025 6006
f 6026 6025 6323
f 6026 6323 6324
f 6323 6306 6307
f 6323 6307 6324
f 6309 6008 6028
f 6309 6028 6326
f 6326 6028 6027
f 6326 6027 6325
f 6325 6308 6309
f 6325 6309 6326
f 6029 6326 6028
f 6029 6327 6326
f 6328 6029 6030
f 6328 6327 6029
f 6329 6030 6031
f 6329 6328 6030
f 6331 6310 6330
f 6331 6311 6310
f 6312 6034 6013
f 6312 6332 6034
f 6331 6312 6311
f 6331 6332 6312
f 6335 6315 6016
f 6335 6016 6036
f 6335 6036 6035
f 6335 6035 6334
f 6336 6019 6317
f 6336 6039 6019
f 6339 6319 6020
f 6339 6020 6041
f 6339 6041 6040
f 6339 6040 6338
f 6339 6338 6318
f 6339 6318 6319
f 6340 6021 6320
f 6340 6042 6021
f 6340 6320 6321
f 6340 6321 6341
f 6322 6023 6043
f 6322 6043 6342
f 6341 6321 6322
f 6341 6322 6342
f 6343 6026 6324
f 6343 6045 6026
f 6046 6045 6343
f 6046 6343 6344
f 6325 6027 6048
f 6325 6048 6346
f 6346 6048 6047
f 6346 6047 6345
f 6326 6049 6028
f 6326 6347 6049
f 6347 6326 6327
f 6347 6327 6348
f 6349 6348 6327
f 6349 6327 6328
f 6329 6031 6050
f 6329 6050 6350
f 6349 6328 6329
f 6349 6329 6350
f 6351 6034 6332
f 6351 6053 6034
f 6054 6053 6351
f 6054 6351 6352
f 6351 6332 6333
f 6351 6333 6352
f 6353 6334 6035
f 6353 6035 6055
f 6353 6055 6054
f 6353 6054 6352
f 6353 6352 6333
f 6353 6333 6334
f 6354 6039 6336
f 6354 6058 6039
f 6059 6058 6354
f 6059 6354 6355
f 6354 6336 6337
f 6354 6337 6355
f 6356 6338 6040
f 6356 6040 6060
f 6357 6042 6340
f 6357 6062 6042
f 6357 6340 6341
f 6357 6341 6358
f 6359 6342 6043
f 6359 6043 6064
f 6359 6064 6063
f 6359 6063 6358
f 6358 6341 6342
f 6358 6342 6359
f 6360 6064 6065
f 6360 6359 6064
f 6361 6046 6344
f 6361 6067 6046
f 6362 6345 6047
f 6362 6047 6068
f 6363 6068 6069
f 6363 6362 6068
f 6363 6345 6362
f 6363 6346 6345
f 6364 6049 6347
f 6364 6070 6049
f 6071 6070 6364
f 6071 6364 6365
f 6364 6347 6348
f 6364 6348 6365
f 6366 6072 6071
f 6366 6071 6365
f 6365 6348 6349
f 6365 6349 6366
f 6367 6350 6050
f 6367 6050 6073
f 6367 6073 6072
f 6367 6072 6366
f 6367 6366 6349
f 6367 6349 6350
f 6368 6059 6355
f 6368 6077 6059
f 6369 6356 6060
f 6369 6060 6078
f 6078 6077 6368
f 6078 6368 6369
f 6368 6355 6356
f 6368 6356 6369
f 6357 6079 6062
f 6357 6370 6079
f 6371 6358 6063
f 6371 6063 6080
f 6371 6080 6079
f 6371 6079 6370
f 6371 6370 6357
f 6371 6357 6358
f 6372 6064 6359
f 6372 6081 6064
f 6360 6065 6082
f 6360 6082 6373
f 6082 6081 6372
f 6082 6372 6373
f 6372 6359 6360
f 6372 6360 6373
f 6374 6067 6361
f 6374 6083 6067
f 6084 6083 6374
f 6084 6374 6375
f 6374 6361 6362
f 6374 6362 6375
f 6376 6363 6069
f 6376 6069 6085
f 6085 6084 6375
f 6085 6375 6376
f 6376 6375 6362
f 6376 6362 6363
f 6379 6090 6091
f 6379 6378 6090
f 6093 6380 6092
f 6093 6381 6380
f 6382 6090 6378
f 6382 6094 6090
f 6094 6381 6093
f 6094 6382 6381
f 6382 6377 6381
f 6382 6378 6377
f 6383 6379 6091
f 6383 6091 6095
f 6382 6378 6379
f 6382 6379 6383
f 6384 6095 6096
f 6384 6383 6095
f 6380 6100 6092
f 6380 6386 6100
f 6100 6385 6099
f 6100 6386 6385
f 6387 6386 6380
f 6387 6380 6381
f 6388 6384 6096
f 6388 6096 6101
f 6391 6104 6105
f 6391 6390 6104
f 6392 6105 6106
f 6392 6391 6105
f 6107 6392 6106
f 6107 6393 6392
f 6108 6393 6107
f 6108 6394 6393
f 6395 6099 6385
f 6395 6109 6099
f 6110 6109 6395
f 6110 6395 6396
f 6396 6395 6385
f 6396 6385 6386
f 6398 6388 6101
f 6398 6101 6111
f 6402 6117 6118
f 6402 6401 6117
f 6119 6402 6118
f 6119 6403 6402
f 6120 6403 6119
f 6120 6404 6403
f 6390 6121 6104
f 6390 6406 6121
f 6405 6390 6389
f 6405 6406 6390
f 6408 6407 6391
f 6408 6391 6392
f 6410 6394 6108
f 6410 6108 6123
f 6410 6123 6122
f 6410 6122 6409
f 6410 6409 6393
f 6410 6393 6394
f 6411 6110 6396
f 6411 6125 6110
f 6126 6125 6411
f 6126 6411 6412
f 6411 6396 6397
f 6411 6397 6412
f 6413 6398 6111
f 6413 6111 6128
f 6415 6131 6132
f 6415 6414 6131
f 6417 6133 6134
f 6417 6416 6133
f 6417 6399 6416
f 6417 6400 6399
f 6401 6135 6117
f 6401 6418 6135
f 6135 6417 6134
f 6135 6418 6417
f 6418 6400 6417
f 6418 6401 6400
f 6421 6404 6120
f 6421 6120 6137
f 6421 6137 6136
f 6421 6136 6420
f 6422 6121 6406
f 6422 6139 6121
f 6140 6139 6422
f 6140 6422 6423
f 6422 6406 6407
f 6422 6407 6423
f 6423 6407 6408
f 6423 6408 6424
f 6425 6409 6122
f 6425 6122 6142
f 6425 6142 6141
f 6425 6141 6424
f 6425 6424 6408
f 6425 6408 6409
f 6426 6126 6412
f 6426 6145 6126
f 6146 6145 6426
f 6146 6426 6427
f 6413 6128 6148
f 6413 6148 6429
f 6148 6147 6428
f 6148 6428 6429
f 6150 6430 6149
f 6150 6431 6430
f 6414 6151 6131
f 6414 6432 6151
f 6151 6431 6150
f 6151 6432 6431
f 6415 6132 6152
f 6415 6152 6433
f 6433 6432 6414
f 6433 6414 6415
f 6434 6133 6416
f 6434 6153 6133
f 6435 6154 6153
f 6435 6153 6434
f 6434 6416 6417
f 6434 6417 6435
f 6436 6155 6154
f 6436 6154 6435
f 6435 6417 6418
f 6435 6418 6436
f 6436 6418 6419
f 6436 6419 6437
f 6438 6420 6136
f 6438 6136 6156
f 6439 6140 6423
f 6439 6160 6140
f 6440 6424 6141
f 6440 6141 6161
f 6440 6161 6160
f 6440 6160 6439
f 6440 6439 6423
f 6440 6423 6424
f 6441 6146 6427
f 6441 6164 6146
f 6428 6147 6165
f 6428 6165 6442
f 6443 6428 6442
f 6443 6429 6428
f 6430 6167 6149
f 6430 6444 6167
f 6445 6444 6430
f 6445 6430 6431
f 6446 6445 6431
f 6446 6431 6432
f 6447 6433 6152
f 6447 6152 6168
f 6446 6432 6433
f 6446 6433 6447
f 6448 6155 6436
f 6448 6169 6155
f 6170 6169 6448
f 6170 6448 6449
f 6448 6436 6437
f 6448 6437 6449
f 6450 6438 6156
f 6450 6156 6171
f 6450 6171 6170
f 6450 6170 6449
f 6450 6449 6437
f 6450 6437 6438
f 6451 6164 6441
f 6451 6172 6164
f 6452 6442 6165
f 6452 6165 6173
f 6173 6172 6451
f 6173 6451 6452
f 6451 6441 6442
f 6451 6442 6452
f 6174 6452 6173
f 6174 6453 6452
f 6454 6167 6444
f 6454 6175 6167
f 6176 6175 6454
f 6176 6454 6455
f 6454 6444 6445
f 6454 6445 6455
f 6177 6176 6455
f 6177 6455 6456
f 6456 6455 6445
f 6456 6445 6446
f 6457 6447 6168
f 6457 6168 6178
f 6457 6178 6177
f 6457 6177 6456
f 6457 6456 6446
f 6457 6446 6447
f 6452 6179 6173
f 6452 6458 6179
f 6453 6174 6180
f 6453 6180 6459
f 6180 6179 6458
f 6180 6458 6459
f 6458 6452 6453
f 6458 6453 6459
f 6182 6460 6181
f 6182 6461 6460
f 6462 6181 6460
f 6462 6184 6181
f 6463 6461 6182
f 6463 6182 6185
f 6462 6460 6461
f 6462 6461 6463
f 6186 6463 6185
f 6186 6464 6463
f 6465 6186 6187
f 6465 6464 6186
f 6462 6190 6184
f 6462 6467 6190
f 6190 6466 6189
f 6190 6467 6466
f 6465 6187 6192
f 6465 6192 6469
f 6469 6192 6191
f 6469 6191 6468
f 6468 6464 6465
f 6468 6465 6469
f 6471 6193 6194
f 6471 6470 6193
f 6472 6194 6195
f 6472 6471 6194
f 6197 6473 6196
f 6197 6474 6473
f 6466 6199 6189
f 6466 6475 6199
f 6200 6199 6475
f 6200 6475 6476
f 6476 6475 6466
f 6476 6466 6467
f 6477 6468 6191
f 6477 6191 6201
f 6478 6201 6202
f 6478 6477 6201
f 6477 6469 6468
f 6477 6478 6469
f 6480 6203 6204
f 6480 6479 6203
f 6481 6204 6205
f 6481 6480 6204
f 6483 6193 6470
f 6483 6208 6193
f 6208 6482 6207
f 6208 6483 6482
f 6472 6195 6210
f 6472 6210 6485
f 6484 6471 6472
f 6484 6472 6485
f 6473 6211 6196
f 6473 6486 6211
f 6486 6210 6211
f 6486 6485 6210
f 6487 6474 6197
f 6487 6197 6212
f 6487 6486 6473
f 6487 6473 6474
f 6488 6200 6476
f 6488 6215 6200
f 6478 6202 6216
f 6478 6216 6490
f 6479 6222 6203
f 6479 6492 6222
f 6222 6491 6221
f 6222 6492 6491
f 6481 6205 6223
f 6481 6223 6494
f 6493 6480 6481
f 6493 6481 6494
f 6495 6223 6224
f 6495 6494 6223
f 6225 6495 6224
f 6225 6496 6495
f 6497 6207 6482
f 6497 6226 6207
f 6227 6226 6497
f 6227 6497 6498
f 6498 6497 6482
f 6498 6482 6483
f 6228 6227 6498
f 6228 6498 6499
f 6500 6229 6228
f 6500 6228 6499
f 6501 6230 6229
f 6501 6229 6500
f 6500 6485 6486
f 6500 6486 6501
f 6502 6487 6212
f 6502 6212 6231
f 6502 6231 6230
f 6502 6230 6501
f 6502 6501 6486
f 6502 6486 6487
f 6503 6215 6488
f 6503 6233 6215
f 6505 6490 6216
f 6505 6216 6234
f 6505 6504 6489
f 6505 6489 6490
f 6506 6221 6491
f 6506 6239 6221
f 6240 6239 6506
f 6240 6506 6507
f 6507 6506 6491
f 6507 6491 6492
f 6508 6241 6240
f 6508 6240 6507
f 6509 6242 6241
f 6509 6241 6508
f 6509 6508 6493
f 6509 6493 6494
f 6510 6243 6242
f 6510 6242 6509
f 6509 6494 6495
f 6509 6495 6510
f 6496 6225 6244
f 6496 6244 6511
f 6244 6243 6510
f 6244 6510 6511
f 6511 6510 6495
f 6511 6495 6496
f 6503 6248 6233
f 6503 6512 6248
f 6249 6248 6512
f 6249 6512 6513
f 6515 6505 6234
f 6515 6234 6251
f 6515 6251 6250
f 6515 6250 6514
f 6515 6514 6504
f 6515 6504 6505
f 6513 6259 6249
f 6513 6516 6259
f 6517 6514 6250
f 6517 6250 6260
f 6517 6260 6259
f 6517 6259 6516
f 6272 6518 6271
f 6272 6519 6518
f 6520 6272 6273
f 6520 6519 6272
f 6276 6521 6275
f 6276 6522 6521
f 6523 6276 6277
f 6523 6522 6276
f 6518 6280 6271
f 6518 6524 6280
f 6520 6273 6281
f 6520 6281 6525
f 6521 6284 6275
f 6521 6526 6284
f 6523 6277 6285
f 6523 6285 6527
f 6286 6527 6285
f 6286 6528 6527
f 6524 6289 6280
f 6524 6530 6289
f 6289 6529 6288
f 6289 6530 6529
f 6525 6281 6290
f 6525 6290 6531
f 6532 6290 6291
f 6532 6531 6290
f 6526 6294 6284
f 6526 6533 6294
f 6528 6286 6295
f 6528 6295 6534
f 6537 6288 6529
f 6537 6301 6288
f 6302 6301 6537
f 6302 6537 6538
f 6537 6529 6530
f 6537 6530 6538
f 6540 6532 6291
f 6540 6291 6303
f 6541 6294 6533
f 6541 6307 6294
f 6542 6534 6295
f 6542 6295 6308
f 6544 6310 6311
f 6544 6543 6310
f 6545 6311 6312
f 6545 6544 6311
f 6544 6536 6535
f 6544 6545 6536
f 6546 6312 6313
f 6546 6545 6312
f 6547 6313 6314
f 6547 6546 6313
f 6315 6547 6314
f 6315 6548 6547
f 6549 6302 6538
f 6549 6317 6302
f 6551 6540 6303
f 6551 6303 6319
f 6551 6319 6318
f 6551 6318 6550
f 6551 6550 6539
f 6551 6539 6540
f 6552 6307 6541
f 6552 6324 6307
f 6542 6308 6325
f 6542 6325 6554
f 6555 6310 6543
f 6555 6330 6310
f 6556 6331 6330
f 6556 6330 6555
f 6557 6332 6331
f 6557 6331 6556
f 6558 6333 6332
f 6558 6332 6557
f 6557 6545 6546
f 6557 6546 6558
f 6559 6334 6333
f 6559 6333 6558
f 6559 6558 6546
f 6559 6546 6547
f 6560 6548 6315
f 6560 6315 6335
f 6335 6334 6559
f 6335 6559 6560
f 6560 6559 6547
f 6560 6547 6548
f 6561 6317 6549
f 6561 6336 6317
f 6337 6336 6561
f 6337 6561 6562
f 6563 6550 6318
f 6563 6318 6338
f 6552 6343 6324
f 6552 6564 6343
f 6344 6343 6564
f 6344 6564 6565
f 6554 6325 6346
f 6554 6346 6567
f 6567 6566 6553
f 6567 6553 6554
f 6568 6337 6562
f 6568 6355 6337
f 6569 6563 6338
f 6569 6338 6356
f 6356 6355 6568
f 6356 6568 6569
f 6570 6344 6565
f 6570 6361 6344
f 6362 6361 6570
f 6362 6570 6571
f 6572 6567 6346
f 6572 6346 6363
f 6572 6363 6362
f 6572 6362 6571
f 6572 6571 6566
f 6572 6566 6567
f 6574 6377 6378
f 6574 6573 6377
f 6576 6377 6573
f 6576 6381 6377
f 6577 6574 6378
f 6577 6378 6382
f 6383 6577 6382
f 6383 6578 6577
f 6577 6575 6574
f 6577 6578 6575
f 6579 6383 6384
f 6579 6578 6383
f 6576 6387 6381
f 6576 6581 6387
f 6387 6580 6386
f 6387 6581 6580
f 6579 6384 6388
f 6579 6388 6583
f 6582 6578 6579
f 6582 6579 6583
f 6585 6389 6390
f 6585 6584 6389
f 6586 6390 6391
f 6586 6585 6390
f 6588 6392 6393
f 6588 6587 6392
f 6589 6386 6580
f 6589 6396 6386
f 6397 6396 6589
f 6397 6589 6590
f 6589 6580 6581
f 6589 6581 6590
f 6591 6583 6388
f 6591 6388 6398
f 6593 6399 6400
f 6593 6592 6399
f 6594 6400 6401
f 6594 6593 6400
f 6595 6401 6402
f 6595 6594 6401
f 6403 6595 6402
f 6403 6596 6595
f 6597 6403 6404
f 6597 6596 6403
f 6598 6389 6584
f 6598 6405 6389
f 6599 6406 6405
f 6599 6405 6598
f 6586 6391 6407
f 6586 6407 6600
f 6407 6406 6599
f 6407 6599 6600
f 6587 6408 6392
f 6587 6601 6408
f 6602 6588 6393
f 6602 6393 6409
f 6602 6409 6408
f 6602 6408 6601
f 6601 6587 6588
f 6601 6588 6602
f 6603 6397 6590
f 6603 6412 6397
f 6591 6398 6413
f 6591 6413 6605
f 6606 6399 6592
f 6606 6416 6399
f 6607 6417 6416
f 6607 6416 6606
f 6418 6417 6607
f 6418 6607 6608
f 6419 6418 6608
f 6419 6608 6609
f 6608 6594 6595
f 6608 6595 6609
f 6610 6609 6595
f 6610 6595 6596
f 6611 6597 6404
f 6611 6404 6421
f 6611 6421 6420
f 6611 6420 6610
f 6611 6610 6596
f 6611 6596 6597
f 6603 6426 6412
f 6603 6612 6426
f 6427 6426 6612
f 6427 6612 6613
f 6615 6605 6413
f 6615 6413 6429
f 6615 6614 6604
f 6615 6604 6605
f 6616 6419 6609
f 6616 6437 6419
f 6617 6610 6420
f 6617 6420 6438
f 6438 6437 6616
f 6438 6616 6617
f 6616 6609 6610
f 6616 6610 6617
f 6613 6441 6427
f 6613 6618 6441
f 6619 6442 6441
f 6619 6441 6618
f 6615 6429 6443
f 6615 6443 6620
f 6620 6443 6442
f 6620 6442 6619
f 6620 6619 6614
f 6620 6614 6615
f 6622 6618 6621
f 6622 6619 6618
f 6624 6462 6463
f 6624 6623 6462
f 6625 6463 6464
f 6625 6624 6463
f 6623 6467 6462
f 6623 6626 6467
f 6627 6625 6464
f 6627 6464 6468
f 6628 6468 6469
f 6628 6627 6468
f 6630 6470 6471
f 6630 6629 6470
f 6631 6467 6626
f 6631 6476 6467
f 6628 6469 6478
f 6628 6478 6633
f 6635 6479 6480
f 6635 6634 6479
f 6636 6470 6629
f 6636 6483 6470
f 6630 6471 6484
f 6630 6484 6637
f 6636 6629 6630
f 6636 6630 6637
f 6638 6484 6485
f 6638 6637 6484
f 6631 6488 6476
f 6631 6639 6488
f 6633 6478 6490
f 6633 6490 6641
f 6641 6490 6489
f 6641 6489 6640
f 6641 6640 6632
f 6641 6632 6633
f 6642 6479 6634
f 6642 6492 6479
f 6635 6480 6493
f 6635 6493 6643
f 6643 6642 6634
f 6643 6634 6635
f 6644 6483 6636
f 6644 6498 6483
f 6499 6498 6644
f 6499 6644 6645
f 6644 6636 6637
f 6644 6637 6645
f 6638 6485 6500
f 6638 6500 6646
f 6646 6500 6499
f 6646 6499 6645
f 6645 6637 6638
f 6645 6638 6646
f 6639 6503 6488
f 6639 6647 6503
f 6649 6640 6489
f 6649 6489 6504
f 6650 6640 6649
f 6650 6641 6640
f 6642 6507 6492
f 6642 6651 6507
f 6652 6643 6493
f 6652 6493 6508
f 6652 6508 6507
f 6652 6507 6651
f 6651 6642 6643
f 6651 6643 6652
f 6653 6503 6647
f 6653 6512 6503
f 6513 6512 6653
f 6513 6653 6654
f 6653 6647 6648
f 6653 6648 6654
f 6655 6649 6504
f 6655 6504 6514
f 6655 6650 6649
f 6655 6656 6650
f 6654 6516 6513
f 6654 6658 6516
f 6655 6514 6517
f 6655 6517 6659
f 6517 6516 6658
f 6517 6658 6659
f 6660 6655 6659
f 6660 6656 6655
f 6661 6656 6660
f 6661 6657 6656
f 6662 6659 6658
f 6662 6663 6659
f 6664 6659 6663
f 6664 6660 6659
f 6665 6664 6663
f 6665 6666 6664
f 6519 6667 6518
f 6519 6668 6667
f 6669 6519 6520
f 6669 6668 6519
f 6522 6670 6521
f 6522 6671 6670
f 6523 6671 6522
f 6523 6672 6671
f 6667 6524 6518
f 6667 6673 6524
f 6674 6673 6667
f 6674 6667 6668
f 6669 6520 6525
f 6669 6525 6675
f 6670 6526 6521
f 6670 6677 6526
f 6678 6677 6670
f 6678 6670 6671
f 6679 6672 6523
f 6679 6523 6527
f 6528 6679 6527
f 6528 6680 6679
f 6681 6524 6673
f 6681 6530 6524
f 6675 6525 6531
f 6675 6531 6682
f 6532 6682 6531
f 6532 6683 6682
f 6682 6676 6675
f 6682 6683 6676
f 6677 6533 6526
f 6677 6684 6533
f 6680 6528 6534
f 6680 6534 6685
f 6536 6686 6535
f 6536 6687 6686
f 6681 6538 6530
f 6681 6688 6538
f 6690 6683 6532
f 6690 6532 6540
f 6690 6540 6539
f 6690 6539 6689
f 6690 6689 6682
f 6690 6682 6683
f 6684 6541 6533
f 6684 6691 6541
f 6685 6534 6542
f 6685 6542 6693
f 6686 6544 6535
f 6686 6695 6544
f 6544 6694 6543
f 6544 6695 6694
f 6696 6687 6536
f 6696 6536 6545
f 6696 6695 6686
f 6696 6686 6687
f 6688 6549 6538
f 6688 6697 6549
f 6698 6689 6539
f 6698 6539 6550
f 6691 6552 6541
f 6691 6700 6552
f 6703 6693 6542
f 6703 6542 6554
f 6703 6554 6553
f 6703 6553 6702
f 6703 6702 6692
f 6703 6692 6693
f 6704 6543 6694
f 6704 6555 6543
f 6556 6555 6704
f 6556 6704 6705
f 6705 6704 6694
f 6705 6694 6695
f 6706 6696 6545
f 6706 6545 6557
f 6706 6557 6556
f 6706 6556 6705
f 6706 6705 6695
f 6706 6695 6696
f 6707 6549 6697
f 6707 6561 6549
f 6708 6562 6561
f 6708 6561 6707
f 6709 6698 6550
f 6709 6550 6563
f 6709 6699 6698
f 6709 6710 6699
f 6712 6552 6700
f 6712 6564 6552
f 6565 6564 6712
f 6565 6712 6713
f 6712 6700 6701
f 6712 6701 6713
f 6714 6702 6553
f 6714 6553 6566
f 6714 6703 6702
f 6714 6715 6703
f 6708 6568 6562
f 6708 6717 6568
f 6709 6563 6569
f 6709 6569 6718
f 6569 6568 6717
f 6569 6717 6718
f 6719 6709 6718
f 6719 6710 6709
f 6720 6710 6719
f 6720 6711 6710
f 6713 6570 6565
f 6713 6721 6570
f 6714 6566 6571
f 6714 6571 6722
f 6722 6571 6570
f 6722 6570 6721
f 6723 6714 6722
f 6723 6715 6714
f 6723 6716 6715
f 6723 6724 6716
f 6725 6718 6717
f 6725 6726 6718
f 6727 6718 6726
f 6727 6719 6718
f 6729 6721 6728
f 6729 6722 6721
f 6730 6722 6729
f 6730 6723 6722
f 6731 6726 6725
f 6731 6732 6726
f 6732 6727 6726
f 6732 6733 6727
f 6734 6729 6728
f 6734 6735 6729
f 6735 6730 6729
f 6735 6736 6730
f 6737 6733 6732
f 6737 6738 6733
f 6739 6736 6735
f 6739 6740 6736
f 6574 6741 6573
f 6574 6742 6741
f 6575 6742 6574
f 6575 6743 6742
f 6741 6576 6573
f 6741 6744 6576
f 6744 6741 6742
f 6744 6742 6745
f 6746 6743 6575
f 6746 6575 6578
f 6745 6742 6743
f 6745 6743 6746
f 6747 6576 6744
f 6747 6581 6576
f 6746 6578 6582
f 6746 6582 6748
f 6749 6582 6583
f 6749 6748 6582
f 6585 6750 6584
f 6585 6751 6750
f 6752 6585 6586
f 6752 6751 6585
f 6747 6590 6581
f 6747 6753 6590
f 6749 6583 6591
f 6749 6591 6755
f 6593 6756 6592
f 6593 6757 6756
f 6758 6593 6594
f 6758 6757 6593
f 6759 6584 6750
f 6759 6598 6584
f 6599 6598 6759
f 6599 6759 6760
f 6759 6750 6751
f 6759 6751 6760
f 6761 6752 6586
f 6761 6586 6600
f 6761 6600 6599
f 6761 6599 6760
f 6760 6751 6752
f 6760 6752 6761
f 6753 6603 6590
f 6753 6762 6603
f 6764 6755 6591
f 6764 6591 6605
f 6764 6605 6604
f 6764 6604 6763
f 6764 6763 6754
f 6764 6754 6755
f 6765 6592 6756
f 6765 6606 6592
f 6766 6607 6606
f 6766 6606 6765
f 6766 6765 6756
f 6766 6756 6757
f 6767 6758 6594
f 6767 6594 6608
f 6767 6608 6607
f 6767 6607 6766
f 6767 6766 6757
f 6767 6757 6758
f 6768 6603 6762
f 6768 6612 6603
f 6769 6613 6612
f 6769 6612 6768
f 6770 6763 6604
f 6770 6604 6614
f 6770 6764 6763
f 6770 6771 6764
f 6769 6618 6613
f 6769 6773 6618
f 6770 6614 6619
f 6770 6619 6774
f 6774 6771 6770
f 6774 6775 6771
f 6775 6772 6771
f 6775 6776 6772
f 6773 6621 6618
f 6773 6777 6621
f 6774 6619 6622
f 6774 6622 6778
f 6622 6621 6777
f 6622 6777 6778
f 6779 6774 6778
f 6779 6775 6774
f 6780 6778 6777
f 6780 6781 6778
f 6781 6779 6778
f 6781 6782 6779
f 6783 6782 6781
f 6783 6784 6782
f 6624 6785 6623
f 6624 6786 6785
f 6787 6624 6625
f 6787 6786 6624
f 6785 6626 6623
f 6785 6788 6626
f 6789 6788 6785
f 6789 6785 6786
f 6787 6625 6627
f 6787 6627 6790
f 6789 6786 6787
f 6789 6787 6790
f 6791 6627 6628
f 6791 6790 6627
f 6788 6631 6626
f 6788 6792 6631
f 6793 6792 6788
f 6793 6788 6789
f 6793 6789 6790
f 6793 6790 6794
f 6795 6791 6628
f 6795 6628 6633
f 6795 6633 6632
f 6795 6632 6794
f 6794 6790 6791
f 6794 6791 6795
f 6792 6639 6631
f 6792 6796 6639
f 6796 6792 6793
f 6796 6793 6797
f 6798 6794 6632
f 6798 6632 6640
f 6798 6797 6793
f 6798 6793 6794
f 6799 6640 6641
f 6799 6798 6640
f 6800 6639 6796
f 6800 6647 6639
f 6648 6647 6800
f 6648 6800 6801
f 6800 6796 6797
f 6800 6797 6801
f 6802 6801 6797
f 6802 6797 6798
f 6799 6641 6650
f 6799 6650 6803
f 6802 6798 6799
f 6802 6799 6803
f 6804 6648 6801
f 6804 6654 6648
f 6804 6801 6802
f 6804 6802 6805
f 6803 6650 6656
f 6803 6656 6806
f 6805 6802 6803
f 6805 6803 6806
f 6657 6806 6656
f 6657 6807 6806
f 6808 6654 6804
f 6808 6658 6654
f 6809 6808 6804
f 6809 6804 6805
f 6810 6809 6805
f 6810 6805 6806
f 6807 6657 6661
f 6807 6661 6811
f 6661 6660 6810
f 6661 6810 6811
f 6811 6810 6806
f 6811 6806 6807
f 6808 6662 6658
f 6808 6812 6662
f 6663 6662 6812
f 6663 6812 6813
f 6812 6808 6809
f 6812 6809 6813
f 6810 6660 6664
f 6810 6664 6814
f 6813 6809 6810
f 6813 6810 6814
f 6813 6665 6663
f 6813 6816 6665
f 6814 6664 6666
f 6814 6666 6817
f 6666 6665 6816
f 6666 6816 6817
f 6816 6813 6814
f 6816 6814 6817
f 6817 6815 6814
f 6817 6818 6815
f 6820 6819 6818
f 6820 6821 6819
f 6822 6821 6820
f 6822 6823 6821
f 6826 6825 6824
f 6826 6827 6825
f 6669 6828 6668
f 6669 6829 6828
f 6672 6830 6671
f 6672 6831 6830
f 6828 6674 6668
f 6828 6833 6674
f 6674 6832 6673
f 6674 6833 6832
f 6834 6829 6669
f 6834 6669 6675
f 6833 6828 6829
f 6833 6829 6834
f 6835 6675 6676
f 6835 6834 6675
f 6830 6678 6671
f 6830 6837 6678
f 6678 6836 6677
f 6678 6837 6836
f 6838 6831 6672
f 6838 6672 6679
f 6838 6837 6830
f 6838 6830 6831
f 6839 6679 6680
f 6839 6838 6679
f 6832 6681 6673
f 6832 6840 6681
f 6841 6840 6832
f 6841 6832 6833
f 6841 6833 6834
f 6841 6834 6842
f 6843 6835 6676
f 6843 6676 6683
f 6843 6683 6682
f 6843 6682 6842
f 6842 6834 6835
f 6842 6835 6843
f 6836 6684 6677
f 6836 6844 6684
f 6845 6844 6836
f 6845 6836 6837
f 6846 6845 6837
f 6846 6837 6838
f 6839 6680 6685
f 6839 6685 6847
f 6846 6838 6839
f 6846 6839 6847
f 6840 6688 6681
f 6840 6848 6688
f 6848 6840 6841
f 6848 6841 6849
f 6842 6682 6689
f 6842 6689 6850
f 6850 6849 6841
f 6850 6841 6842
f 6844 6691 6684
f 6844 6851 6691
f 6851 6844 6845
f 6851 6845 6852
f 6852 6845 6846
f 6852 6846 6853
f 6854 6847 6685
f 6854 6685 6693
f 6854 6693 6692
f 6854 6692 6853
f 6854 6853 6846
f 6854 6846 6847
f 6848 6697 6688
f 6848 6855 6697
f 6855 6848 6849
f 6855 6849 6856
f 6850 6689 6698
f 6850 6698 6857
f 6856 6849 6850
f 6856 6850 6857
f 6858 6698 6699
f 6858 6857 6698
f 6859 6691 6851
f 6859 6700 6691
f 6701 6700 6859
f 6701 6859 6860
f 6859 6851 6852
f 6859 6852 6860
f 6861 6853 6692
f 6861 6692 6702
f 6861 6860 6852
f 6861 6852 6853
f 6862 6702 6703
f 6862 6861 6702
f 6863 6697 6855
f 6863 6707 6697
f 6708 6707 6863
f 6708 6863 6864
f 6863 6855 6856
f 6863 6856 6864
f 6858 6699 6710
f 6858 6710 6866
f 6865 6857 6858
f 6865 6858 6866
f 6711 6866 6710
f 6711 6867 6866
f 6868 6701 6860
f 6868 6713 6701
f 6868 6860 6861
f 6868 6861 6869
f 6862 6703 6715
f 6862 6715 6870
f 6869 6861 6862
f 6869 6862 6870
f 6716 6870 6715
f 6716 6871 6870
f 6872 6708 6864
f 6872 6717 6708
f 6872 6864 6865
f 6872 6865 6873
f 6873 6865 6866
f 6873 6866 6874
f 6867 6711 6720
f 6867 6720 6875
f 6720 6719 6874
f 6720 6874 6875
f 6875 6874 6866
f 6875 6866 6867
f 6868 6721 6713
f 6868 6876 6721
f 6877 6876 6868
f 6877 6868 6869
f 6877 6869 6870
f 6877 6870 6878
f 6871 6716 6724
f 6871 6724 6879
f 6724 6723 6878
f 6724 6878 6879
f 6878 6870 6871
f 6878 6871 6879
f 6872 6725 6717
f 6872 6880 6725
f 6880 6872 6873
f 6880 6873 6881
f 6874 6719 6727
f 6874 6727 6882
f 6882 6881 6873
f 6882 6873 6874
f 6876 6728 6721
f 6876 6883 6728
f 6884 6883 6876
f 6884 6876 6877
f 6878 6723 6730
f 6878 6730 6885
f 6885 6884 6877
f 6885 6877 6878
f 6880 6731 6725
f 6880 6886 6731
f 6732 6731 6886
f 6732 6886 6887
f 6886 6880 6881
f 6886 6881 6887
f 6882 6727 6733
f 6882 6733 6888
f 6883 6734 6728
f 6883 6890 6734
f 6735 6734 6890
f 6735 6890 6891
f 6890 6883 6884
f 6890 6884 6891
f 6885 6730 6736
f 6885 6736 6892
f 6891 6884 6885
f 6891 6885 6892
f 6895 6732 6887
f 6895 6737 6732
f 6888 6733 6738
f 6888 6738 6896
f 6738 6737 6895
f 6738 6895 6896
f 6895 6887 6888
f 6895 6888 6896
f 6896 6889 6888
f 6896 6897 6889
f 6898 6735 6891
f 6898 6739 6735
f 6892 6736 6740
f 6892 6740 6899
f 6740 6739 6898
f 6740 6898 6899
f 6898 6891 6892
f 6898 6892 6899
f 6899 6893 6892
f 6899 6900 6893
f 6900 6894 6893
f 6900 6901 6894
f 6902 6897 6896
f 6902 6903 6897
f 6904 6901 6900
f 6904 6905 6901
f 6910 6907 6906
f 6910 6911 6907
f 6912 6909 6908
f 6912 6913 6909
f 6915 6744 6745
f 6915 6914 6744
f 6916 6745 6746
f 6916 6915 6745
f 6914 6747 6744
f 6914 6917 6747
f 6918 6917 6914
f 6918 6914 6915
f 6916 6746 6748
f 6916 6748 6919
f 6918 6915 6916
f 6918 6916 6919
f 6920 6748 6749
f 6920 6919 6748
f 6917 6753 6747
f 6917 6921 6753
f 6921 6917 6918
f 6921 6918 6922
f 6923 6922 6918
f 6923 6918 6919
f 6924 6920 6749
f 6924 6749 6755
f 6924 6755 6754
f 6924 6754 6923
f 6924 6923 6919
f 6924 6919 6920
f 6925 6753 6921
f 6925 6762 6753
f 6925 6921 6922
f 6925 6922 6926
f 6927 6923 6754
f 6927 6754 6763
f 6927 6926 6922
f 6927 6922 6923
f 6928 6763 6764
f 6928 6927 6763
f 6929 6762 6925
f 6929 6768 6762
f 6769 6768 6929
f 6769 6929 6930
f 6929 6925 6926
f 6929 6926 6930
f 6930 6926 6927
f 6930 6927 6931
f 6928 6764 6771
f 6928 6771 6932
f 6931 6927 6928
f 6931 6928 6932
f 6933 6771 6772
f 6933 6932 6771
f 6934 6769 6930
f 6934 6773 6769
f 6934 6930 6931
f 6934 6931 6935
f 6935 6931 6932
f 6935 6932 6936
f 6933 6772 6776
f 6933 6776 6937
f 6937 6776 6775
f 6937 6775 6936
f 6936 6932 6933
f 6936 6933 6937
f 6934 6777 6773
f 6934 6938 6777
f 6938 6934 6935
f 6938 6935 6939
f 6936 6775 6779
f 6936 6779 6940
f 6940 6939 6935
f 6940 6935 6936
f 6938 6780 6777
f 6938 6941 6780
f 6781 6780 6941
f 6781 6941 6942
f 6941 6938 6939
f 6941 6939 6942
f 6940 6779 6782
f 6940 6782 6943
f 6942 6939 6940
f 6942 6940 6943
f 6942 6783 6781
f 6942 6945 6783
f 6943 6782 6784
f 6943 6784 6946
f 6784 6783 6945
f 6784 6945 6946
f 6945 6942 6943
f 6945 6943 6946
f 6946 6944 6943
f 6946 6947 6944
f 6950 6949 6948
f 6950 6951 6949
f 6954 6953 6952
f 6954 6955 6953
f 6815 6956 6814
f 6815 6957 6956
f 6956 6817 6814
f 6956 6958 6817
f 6957 6815 6818
f 6957 6818 6959
f 6818 6817 6958
f 6818 6958 6959
f 6958 6956 6957
f 6958 6957 6959
f 6819 6959 6818
f 6819 6960 6959
f 6959 6820 6818
f 6959 6961 6820
f 6960 6819 6821
f 6960 6821 6962
f 6961 6959 6960
f 6961 6960 6962
f 6961 6822 6820
f 6961 6963 6822
f 6962 6821 6823
f 6962 6823 6964
f 6823 6822 6963
f 6823 6963 6964
f 6963 6961 6962
f 6963 6962 6964
f 6825 6965 6824
f 6825 6966 6965
f 6967 6824 6965
f 6967 6826 6824
f 6968 6966 6825
f 6968 6825 6827
f 6827 6826 6967
f 6827 6967 6968
f 6970 6856 6857
f 6970 6969 6856
f 6971 6856 6969
f 6971 6864 6856
f 6970 6857 6865
f 6970 6865 6972
f 6865 6864 6971
f 6865 6971 6972
f 6971 6969 6970
f 6971 6970 6972
f 6882 6973 6881
f 6882 6974 6973
f 6975 6881 6973
f 6975 6887 6881
f 6974 6882 6888
f 6974 6888 6976
f 6888 6887 6975
f 6888 6975 6976
f 6975 6973 6974
f 6975 6974 6976
f 6889 6976 6888
f 6889 6977 6976
f 6893 6978 6892
f 6893 6979 6978
f 6894 6979 6893
f 6894 6980 6979
f 6976 6896 6888
f 6976 6981 6896
f 6977 6889 6897
f 6977 6897 6982
f 6981 6976 6977
f 6981 6977 6982
f 6978 6899 6892
f 6978 6983 6899
f 6900 6899 6983
f 6900 6983 6984
f 6983 6978 6979
f 6983 6979 6984
f 6980 6894 6901
f 6980 6901 6985
f 6984 6979 6980
f 6984 6980 6985
f 6981 6902 6896
f 6981 6986 6902
f 6982 6897 6903
f 6982 6903 6987
f 6903 6902 6986
f 6903 6986 6987
f 6987 6986 6981
f 6987 6981 6982
f 6984 6904 6900
f 6984 6988 6904
f 6985 6901 6905
f 6985 6905 6989
f 6905 6904 6988
f 6905 6988 6989
f 6988 6984 6985
f 6988 6985 6989
f 6993 6906 6907
f 6993 6992 6906
f 6993 6990 6992
f 6993 6991 6990
f 6909 6994 6908
f 6909 6995 6994
f 6996 6906 6992
f 6996 6910 6906
f 6997 6993 6907
f 6997 6907 6911
f 6997 6911 6910
f 6997 6910 6996
f 6998 6908 6994
f 6998 6912 6908
f 6999 6995 6909
f 6999 6909 6913
f 6913 6912 6998
f 6913 6998 6999
f 6944 7000 6943
f 6944 7001 7000
f 7000 6946 6943
f 7000 7002 6946
f 7001 6944 6947
f 7001 6947 7003
f 6947 6946 7002
f 6947 7002 7003
f 7002 7000 7001
f 7002 7001 7003
f 6949 7004 6948
f 6949 7005 7004
f 7004 6950 6948
f 7004 7006 6950
f 7005 6949 6951
f 7005 6951 7007
f 7007 6951 6950
f 7007 6950 7006
f 7007 7006 7004
f 7007 7004 7005
f 6953 7008 6952
f 6953 7009 7008
f 7010 7006 7009
f 7010 7007 7006
f 7008 6954 6952
f 7008 7011 6954
f 7012 7009 6953
f 7012 6953 6955
f 6955 6954 7011
f 6955 7011 7012
f 7012 7011 7008
f 7012 7008 7009
f 7013 7009 7012
f 7013 7010 7009
f 6966 7014 6965
f 6966 7015 7014
f 7014 6967 6965
f 7014 7016 6967
f 7015 6966 6968
f 7015 6968 7017
f 6968 6967 7016
f 6968 7016 7017
f 7016 7014 7015
f 7016 7015 7017
f 6991 7018 6990
f 6991 7019 7018
f 7020 6990 7018
f 7020 6992 6990
f 7021 7019 6991
f 7021 6991 6993
f 7021 7020 7018
f 7021 7018 7019
f 6995 7022 6994
f 6995 7023 7022
f 7024 6992 7020
f 7024 6996 6992
f 7025 7021 6993
f 7025 6993 6997
f 7025 6997 6996
f 7025 6996 7024
f 7025 7024 7020
f 7025 7020 7021
f 7022 6998 6994
f 7022 7026 6998
f 7023 6995 6999
f 7023 6999 7027
f 6999 6998 7026
f 6999 7026 7027
f 7026 7022 7023
f 7026 7023 7027
f 7029 7006 7007
f 7029 7028 7006
f 7028 7009 7006
f 7028 7030 7009
f 7029 7007 7010
f 7029 7010 7031
f 7030 7028 7029
f 7030 7029 7031
f 7032 7009 7030
f 7032 7012 7009
f 7031 7010 7013
f 7031 7013 7033
f 7013 7012 7032
f 7013 7032 7033
f 7032 7030 7031
f 7032 7031 7033
