# parsimony mesh: cplx_CPLX0-7726 (source /Users/eranagmon/code/v2e-cplx/workspace/studies/ecoli-3d/viz/3d/structures/cplx_CPLX0-7726.pdb)
# atoms: 6240  voxel: 4 Å  verts: 2273  tris: 4616
v 54.7053 -30.4001 -36.0345
v 55.8977 -30.4001 -36.0345
v 54.7053 -28.8476 -36.0345
v 55.8977 -28.8476 -36.0345
v 59.0014 -45.1813 -31.5693
v 59.3260 -45.1813 -31.5693
v 58.4766 -43.1574 -31.7285
v 60.8169 -43.4273 -32.0682
v 64.3660 -42.2739 -32.1690
v 54.7697 -37.6940 -31.6926
v 57.0229 -39.0794 -31.7850
v 61.0532 -39.1574 -32.4330
v 64.5822 -39.1574 -32.2413
v 54.0991 -35.1574 -32.5965
v 57.0532 -35.1574 -33.2653
v 61.0532 -35.1574 -32.7923
v 64.2460 -35.1574 -32.1236
v 54.3850 -31.3119 -33.7257
v 56.5158 -30.7732 -33.8412
v 61.0532 -31.1574 -33.6269
v 64.1844 -31.1574 -32.3030
v 54.7053 -28.8476 -34.6554
v 57.0033 -28.7392 -33.5512
v 61.0532 -28.1986 -32.6293
v 63.6971 -28.4055 -32.0853
v -29.2766 42.6132 -31.7606
v -26.9468 42.4798 -31.8968
v -24.2411 42.5882 -31.7951
v -29.7681 44.8426 -31.8815
v -26.9468 44.8426 -32.4218
v -22.9234 44.7542 -32.2109
v -20.4339 46.0286 -31.9378
v -33.0866 50.4990 -31.6332
v -31.0059 49.0364 -31.8657
v -26.9468 48.8426 -32.2564
v -23.2500 48.9317 -32.0821
v -20.4339 47.6578 -31.9378
v -33.4199 52.8426 -32.4860
v -30.9468 52.8426 -33.6014
v -26.9468 52.8426 -33.0818
v -23.2500 52.9777 -31.9440
v -20.8109 54.4012 -31.6448
v -33.4378 55.3330 -32.7081
v -30.9468 56.1022 -33.3703
v -27.2296 57.1560 -32.9994
v -22.9608 56.6061 -32.2989
v -20.8109 55.1151 -31.6448
v -26.0848 59.3200 -32.1718
v -24.3035 59.3200 -32.1718
v 70.4941 -53.4584 -27.6883
v 71.1828 -53.4584 -27.6883
v 70.4941 -52.8998 -27.6883
v 71.1828 -52.8998 -27.6883
v 59.0014 -45.1813 -30.8870
v 60.5621 -45.4521 -29.7542
v 65.0532 -46.1615 -28.7217
v 67.8692 -45.9308 -28.0342
v 50.5048 -42.1306 -27.9989
v 53.0532 -42.7132 -28.6056
v 57.3354 -43.6547 -29.6945
v 60.5621 -44.9957 -29.7542
v 65.4408 -43.4273 -30.8710
v 68.3105 -43.1574 -28.8927
v 74.5406 -41.3235 -27.7370
v 75.3386 -41.3235 -27.7370
v 46.8737 -37.4741 -27.7429
v 49.1242 -38.9474 -28.3243
v 53.2831 -39.0794 -30.3797
v 55.6694 -40.3607 -31.1686
v 66.5822 -39.1574 -30.7998
v 69.1694 -39.1120 -28.7263
v 73.3060 -38.9747 -27.7873
v 75.3386 -40.2012 -27.7370
v 46.8737 -36.7527 -27.7429
v 49.0941 -35.3146 -28.6249
v 52.0991 -35.1574 -30.7439
v 66.2460 -35.1574 -30.4540
v 69.0060 -35.3199 -28.4497
v 72.0715 -36.7616 -27.8375
v 46.9309 -29.4781 -27.7255
v 49.0941 -30.9498 -28.4533
v 52.8601 -30.9971 -30.4340
v 55.4422 -29.5569 -31.0265
v 66.1317 -31.0191 -29.6490
v 67.6411 -32.2603 -28.3883
v 46.9309 -28.9223 -27.7255
v 49.0532 -28.6967 -27.9617
v 53.0532 -28.6577 -28.4375
v 56.8866 -28.6014 -29.6319
v 61.0532 -27.5652 -29.5400
v 64.2530 -28.0448 -29.5400
v -17.2217 33.6998 -27.6853
v -16.7774 33.6998 -27.6853
v -17.2217 35.3473 -27.6853
v -16.7774 35.3473 -27.6853
v -37.0012 42.7768 -27.5909
v -34.9468 42.6510 -27.7481
v -30.7447 42.3252 -29.2759
v -26.9468 41.5621 -29.5400
v -22.9234 41.5112 -29.7394
v -18.9468 41.8025 -28.3294
v -16.8745 42.6401 -27.5935
v -37.3023 44.8426 -27.8256
v -34.9468 44.8426 -28.6236
v -31.7681 44.8426 -30.3380
v -21.5744 43.3619 -31.2057
v -19.0391 44.7542 -29.8707
v -15.3034 45.0254 -27.8504
v -11.9354 46.4806 -27.8386
v -38.1412 48.8426 -28.3027
v -34.6307 49.0364 -30.2527
v -32.3787 47.8323 -31.0442
v -22.1188 50.3245 -30.4106
v -19.0391 48.9317 -29.6053
v -15.0389 48.7087 -28.0620
v -11.9354 47.2861 -27.8386
v -37.9415 52.8426 -28.1855
v -35.4199 52.8426 -30.1855
v -22.1188 51.7345 -30.4106
v -19.1558 52.9178 -29.1784
v -16.4336 51.4344 -27.9462
v -37.6655 56.8426 -27.9792
v -34.7618 56.9002 -29.1661
v -30.9468 57.2756 -29.5400
v -28.2588 58.1893 -29.5400
v -21.8772 57.8333 -29.5400
v -20.2603 55.8333 -29.5400
v -37.7518 59.2110 -27.9520
v -36.0858 59.2110 -27.9520
v -26.2588 59.4677 -29.5400
v -23.8772 59.4677 -29.5400
v 70.4941 -53.4584 -26.9503
v 71.1828 -53.4584 -26.9503
v 54.0994 -49.7638 -23.9359
v 57.0532 -49.8518 -23.9755
v 59.8430 -49.4768 -23.7248
v 65.9863 -49.9613 -24.3456
v 69.6707 -51.1241 -25.3524
v 71.1205 -51.0499 -25.2517
v 50.3707 -46.1720 -24.5526
v 52.8809 -47.3661 -24.9573
v 57.0532 -47.1574 -25.4819
v 60.8206 -47.3079 -25.4932
v 64.8131 -48.2021 -25.6234
v 69.1428 -47.2214 -25.7823
v 71.1490 -47.1574 -23.7386
v 49.9279 -43.3413 -25.7476
v 53.0532 -44.7132 -27.0147
v 57.0532 -44.9033 -27.0464
v 59.1315 -45.0507 -27.2615
v 70.3105 -43.1574 -26.2195
v 72.8583 -42.9054 -25.3264
v 75.8245 -41.7794 -25.5400
v 46.8737 -37.4741 -27.0624
v 49.1233 -38.7226 -25.3651
v 51.3297 -37.3045 -23.6678
v 70.5861 -39.0234 -25.4677
v 72.7428 -38.9072 -25.9858
v 75.8245 -39.8581 -25.5400
v 46.8737 -36.7527 -27.0624
v 49.3157 -35.4451 -25.3651
v 51.3297 -36.8042 -23.6678
v 69.7023 -35.3199 -25.4606
v 72.0715 -36.7616 -26.7410
v 46.9309 -29.4781 -27.0833
v 48.4167 -30.9498 -25.6660
v 66.6939 -29.6160 -25.5400
v 67.7105 -31.6160 -25.5400
v 46.9309 -28.9223 -27.0833
v 48.9016 -28.4176 -25.6660
v 53.0532 -27.7433 -25.5400
v 57.0532 -28.3392 -25.5400
v 61.1274 -26.9965 -25.4546
v 64.5764 -27.1185 -25.4546
v 62.5102 -24.8525 -24.0643
v 63.4043 -24.8525 -24.0643
v -17.5115 33.7826 -25.5400
v -16.6869 33.7826 -25.5400
v -37.2349 38.5074 -23.6927
v -34.9468 38.2675 -23.8153
v -30.9468 37.9747 -23.9368
v -26.9468 37.9599 -24.2017
v -22.9468 38.0500 -24.7186
v -18.6566 36.7922 -25.7950
v -16.5113 36.7454 -25.6437
v -37.3543 41.2031 -25.2316
v -34.9468 40.6510 -25.8153
v -30.9468 40.3679 -25.9368
v -26.9468 39.9249 -26.2017
v -22.9468 39.3692 -26.7186
v -18.9468 39.8025 -26.9225
v -16.0685 41.1211 -25.6437
v -37.7787 44.8426 -25.5400
v -14.1334 43.7660 -25.5400
v -11.4606 45.7660 -25.5400
v -38.0815 48.8732 -25.3071
v -36.3816 50.2269 -23.8185
v -17.2079 50.5074 -23.8619
v -15.0389 49.5795 -25.3331
v -11.4606 47.5150 -25.5400
v -37.7786 53.0548 -25.3071
v -36.3816 51.8629 -23.8185
v -17.8634 52.7977 -25.3331
v -16.4336 51.4344 -26.5285
v -37.9591 56.8426 -25.5400
v -33.4191 58.4673 -26.5096
v -30.9468 58.0161 -26.0120
v -28.2248 58.1158 -26.5331
v -21.4972 58.5578 -26.6143
v -20.0607 57.0717 -25.3846
v -37.7991 59.2930 -25.5400
v -34.8302 59.2620 -25.3218
v -30.9468 59.0419 -24.0120
v -26.6603 60.4377 -25.1092
v -23.1372 60.4330 -25.1498
v -20.8700 59.0006 -23.9476
v -25.0958 62.9192 -23.6853
v -24.7772 62.9192 -23.6853
v 34.9084 -53.2207 -19.6008
v 35.1417 -53.2207 -19.6008
v 51.0523 -53.1580 -19.5410
v 53.0532 -53.5757 -20.0257
v 57.0532 -53.7779 -20.4083
v 59.9703 -53.4276 -20.0511
v 26.4293 -49.6919 -20.0700
v 28.0702 -49.6919 -20.0700
v 34.8872 -51.1574 -19.5934
v 35.1375 -51.1574 -19.5934
v 46.7463 -49.4984 -20.4518
v 49.4526 -50.9620 -20.7192
v 52.8809 -51.1212 -22.1600
v 57.0532 -51.8518 -22.4083
v 61.2400 -51.1403 -21.6509
v 64.8131 -50.8440 -21.7664
v 69.3025 -50.2818 -21.9119
v 71.0582 -49.2001 -23.4931
v 26.4293 -47.9803 -20.0700
v 28.0702 -47.9803 -20.0700
v 34.9767 -49.0836 -19.5503
v 36.7235 -47.2846 -19.6441
v 39.3278 -45.4857 -19.7378
v 46.7982 -47.1574 -20.2631
v 49.0437 -47.3661 -22.3499
v 51.4328 -48.8386 -23.2591
v 62.5097 -48.8930 -23.2506
v 63.3197 -48.8930 -23.2506
v 70.8215 -47.1574 -20.8024
v 71.1490 -47.1574 -22.8024
v 38.2209 -43.1574 -19.9601
v 39.6449 -43.1574 -19.9601
v 46.7535 -43.1574 -19.9360
v 48.0578 -43.1574 -21.9360
v 70.9954 -45.0997 -19.9367
v 73.0062 -43.4601 -21.1764
v 75.7962 -41.8206 -22.4162
v 38.6267 -40.8578 -19.9023
v 39.5675 -40.8578 -19.9023
v 46.6866 -40.7020 -20.0158
v 49.0663 -39.3953 -21.4255
v 51.2979 -37.2963 -21.5400
v 70.5919 -37.6318 -23.0446
v 73.1070 -39.0065 -21.3970
v 75.7962 -40.3812 -22.4162
v 50.4008 -34.8703 -21.5400
v 51.2979 -36.8703 -21.5400
v 69.7461 -35.3414 -21.6427
v 71.3777 -36.7975 -20.3779
v 47.0437 -29.1690 -19.5680
v 48.3797 -30.7644 -21.1568
v 58.7984 -29.5216 -20.5981
v 59.5501 -29.5216 -20.5981
v 66.4715 -29.5108 -21.5400
v 67.7652 -31.5108 -21.5400
v 46.6023 -27.1574 -20.1208
v 49.2046 -26.9109 -21.2605
v 53.0532 -26.6892 -21.5400
v 57.3003 -28.2245 -21.7749
v 61.0301 -27.6522 -21.8988
v 64.3985 -27.4054 -21.7358
v 46.4615 -24.6099 -20.2864
v 48.2753 -24.6099 -20.2864
v 62.5102 -24.8525 -23.1996
v 63.4043 -24.8525 -23.1996
v -53.4531 34.5382 -19.7740
v -52.4780 34.5382 -19.7740
v -34.0153 34.0146 -20.3264
v -30.9468 33.7562 -20.8706
v -26.9468 34.2051 -20.5458
v -22.9468 34.4791 -20.2805
v -18.9167 34.5798 -21.6606
v -16.7697 34.5722 -23.1473
v -61.3607 38.2045 -19.9611
v -60.0045 38.2045 -19.9611
v -53.4531 35.7755 -19.7740
v -52.4780 35.7755 -19.7740
v -38.0495 37.7366 -21.5400
v -35.1879 36.0988 -21.6118
v -30.9468 35.9747 -22.8706
v -26.9468 35.9599 -22.5458
v -22.9468 36.0500 -22.2805
v -18.9167 35.7069 -21.6606
v -16.5239 37.0431 -21.7044
v -61.3607 39.5389 -19.9611
v -60.0045 39.5389 -19.9611
v -49.4093 41.8802 -19.8796
v -48.3269 41.8802 -19.8796
v -38.9643 40.8426 -21.5400
v -15.3205 40.8426 -21.5400
v -49.4093 43.6219 -19.8796
v -48.3269 43.6219 -19.8796
v -38.7254 44.8426 -21.5400
v -13.7163 43.6803 -21.5400
v -12.0687 45.6803 -21.5400
v -37.8106 48.2587 -21.5400
v -36.3899 50.2587 -21.5400
v -17.2079 50.5074 -23.0945
v -15.1743 49.4261 -21.6727
v -12.0687 47.3233 -21.5400
v -37.2790 53.7187 -21.5400
v -36.3899 51.7187 -21.5400
v -17.8566 52.7543 -21.6727
v -16.6592 51.3621 -20.4279
v -41.2264 58.5287 -20.0035
v -39.0114 57.0543 -21.4181
v -25.6283 58.3427 -20.2212
v -22.9468 58.0281 -20.8943
v -20.0539 56.8909 -21.8147
v -41.2741 60.8426 -20.1139
v -38.7398 60.7620 -21.2559
v -34.9468 60.1081 -21.5400
v -30.9468 59.6230 -21.5400
v -26.6954 60.4387 -21.8262
v -23.2450 60.5374 -22.9582
v -20.8700 59.0006 -23.3312
v -41.1036 63.0019 -19.8417
v -40.2014 63.0019 -19.8417
v -25.0958 62.9192 -23.4312
v -24.7772 62.9192 -23.4312
v 54.1406 -57.2193 -15.6333
v 55.2402 -57.2193 -15.6333
v 34.0009 -53.5173 -17.5400
v 36.7063 -53.6245 -17.3169
v 39.5673 -53.4560 -15.8349
v 47.0423 -53.1624 -15.5448
v 49.4526 -53.9067 -17.1429
v 52.9056 -55.8379 -17.1960
v 56.7654 -55.6908 -17.1960
v 61.2034 -53.9525 -17.6765
v 65.0532 -53.4832 -16.5602
v 67.2543 -53.2651 -16.0061
v 22.9877 -49.5009 -15.6354
v 25.0788 -50.2050 -17.1972
v 29.2634 -50.7636 -17.6956
v 32.5654 -51.5221 -17.6956
v 37.1375 -51.1574 -18.1090
v 39.8417 -51.1574 -16.1090
v 46.8943 -51.3196 -17.1812
v 48.1413 -51.3196 -17.1812
v 62.6369 -52.8038 -19.1008
v 65.0532 -52.6627 -18.5602
v 68.3947 -51.3738 -17.4196
v 22.9877 -49.0794 -15.6354
v 25.0788 -47.6332 -17.1972
v 28.9222 -46.5929 -17.5302
v 33.4073 -47.5131 -18.3847
v 36.7235 -47.2846 -18.8189
v 39.8076 -46.9544 -17.4183
v 46.7982 -47.1574 -18.9373
v 48.1360 -47.1574 -16.9373
v 70.1740 -47.1574 -17.5400
v 29.7741 -44.4034 -15.9276
v 33.0532 -44.1570 -16.4013
v 37.1650 -42.8911 -17.2796
v 39.7938 -42.7858 -17.1710
v 46.5252 -43.1650 -17.8913
v 47.6532 -44.5034 -16.7922
v 70.3261 -43.5228 -17.5185
v 72.1697 -42.4330 -18.8376
v 38.6267 -40.8578 -18.2584
v 39.5675 -40.8578 -18.2584
v 46.2881 -39.2842 -17.3105
v 49.0532 -37.8445 -18.7183
v 51.1030 -37.1955 -19.4936
v 70.3817 -40.0978 -16.1709
v 71.9888 -38.9216 -17.5185
v 46.6251 -36.7751 -15.8242
v 48.9927 -35.6181 -17.6589
v 51.1030 -37.1278 -19.4936
v 70.3808 -34.1308 -18.2340
v 71.3271 -35.3414 -17.1564
v 47.0437 -29.1690 -19.5274
v 48.1974 -30.7644 -17.9324
v 58.7630 -29.5478 -17.5400
v 59.5671 -29.5478 -17.5400
v 66.3791 -29.4535 -19.2029
v 69.2539 -31.2425 -17.3851
v 71.0668 -33.0315 -15.5673
v 46.6023 -27.1574 -19.1005
v 49.3449 -26.8281 -17.9137
v 53.0532 -26.3359 -17.5400
v 56.7630 -27.8299 -17.5400
v 61.5671 -28.7201 -17.5400
v 65.0487 -28.4409 -17.7378
v 68.1270 -28.5462 -16.5363
v 46.4615 -24.6099 -18.9666
v 48.2753 -24.6099 -18.9666
v -33.9134 30.6516 -15.9687
v -30.9468 30.6758 -15.8908
v -28.8593 30.8113 -15.5789
v -61.3421 34.6939 -15.7562
v -58.9468 34.6966 -15.7855
v -54.8506 34.2024 -17.2067
v -51.0655 33.7652 -17.5460
v -48.0653 34.0680 -16.2166
v -38.0593 33.7916 -16.3698
v -35.2977 32.5698 -17.5026
v -30.9468 31.7562 -17.8908
v -27.2943 32.2304 -17.1634
v -22.9468 33.5935 -17.5400
v -19.9712 34.3934 -17.5400
v -61.7093 36.8597 -17.2697
v -58.7815 36.8597 -17.8519
v -54.8506 37.0023 -18.3817
v -51.0655 37.0023 -18.8179
v -47.8435 36.8426 -16.8129
v -38.3398 36.5589 -17.6379
v -36.6819 35.0364 -19.0365
v -17.9712 36.1119 -17.5400
v -16.6620 38.1119 -17.5400
v -61.6035 39.7133 -17.5400
v -58.5347 40.7564 -17.3336
v -54.9468 40.8426 -17.3462
v -50.8243 40.6652 -18.6449
v -47.8051 40.6652 -17.7523
v -39.0570 40.8426 -17.5400
v -17.0545 42.5610 -15.8202
v -16.3420 41.0736 -17.3081
v -57.0648 42.9439 -15.6016
v -54.9468 43.2522 -15.8774
v -50.8243 44.0069 -17.3730
v -47.9619 43.9644 -17.5400
v -41.1000 46.6077 -15.9255
v -40.0214 45.1017 -17.3713
v -17.2487 44.8426 -15.9905
v -14.9698 44.9569 -18.2131
v -12.7462 46.3664 -19.3945
v -41.2493 48.8426 -15.9575
v -39.0588 49.1449 -18.2027
v -36.7695 50.6797 -19.4212
v -17.2416 47.1595 -15.8604
v -15.2230 48.4283 -17.6275
v -12.7462 47.0305 -19.3945
v -41.1969 51.0788 -15.7112
v -38.5491 52.3680 -17.5662
v -36.7695 50.9904 -19.4212
v -17.4894 54.0288 -18.8145
v -16.2768 52.7543 -17.5047
v -41.2264 58.5287 -19.1528
v -39.0636 57.0543 -17.7077
v -29.2118 58.5372 -15.9730
v -26.9557 58.2609 -17.3998
v -23.1388 58.0925 -17.3899
v -18.6000 57.1853 -17.3855
v -16.6111 56.1141 -16.1478
v -41.2741 60.8426 -19.1047
v -38.7357 60.7915 -17.9165
v -34.9468 60.4994 -17.5400
v -30.7058 59.6443 -17.3998
v -28.2950 59.2008 -18.6397
v -21.9335 59.0181 -15.9566
v -19.7105 59.0181 -15.9566
v -41.1036 63.0019 -19.3469
v -40.2014 63.0019 -19.3469
v 54.4357 -61.5065 -11.7692
v 55.6268 -61.5065 -11.7692
v 49.9921 -58.1254 -12.8280
v 52.9548 -59.0057 -13.6319
v 56.1759 -58.7946 -13.2775
v 33.2636 -54.1140 -13.5400
v 37.0532 -54.8597 -13.5400
v 40.2666 -53.9030 -13.5400
v 46.2797 -53.7314 -13.5400
v 48.8165 -55.9625 -13.9128
v 51.4739 -57.0672 -15.4947
v 58.0263 -56.4861 -13.5400
v 61.2842 -54.4164 -13.2928
v 65.0532 -53.4832 -14.5281
v 67.2543 -53.2651 -15.2695
v 22.5237 -50.2238 -13.5400
v 25.0532 -51.7804 -13.5400
v 29.0532 -52.5385 -13.5400
v 31.2636 -52.9819 -13.5400
v 41.6202 -51.1574 -13.5400
v 46.2797 -52.4472 -13.5400
v 48.3234 -50.4472 -13.5400
v 62.7715 -52.9847 -11.7946
v 65.0532 -52.6051 -12.5281
v 68.9633 -50.9427 -13.7128
v 71.1555 -49.2916 -12.1562
v 22.5237 -48.4124 -13.5400
v 24.9385 -46.1902 -13.9155
v 27.1074 -45.2054 -15.4992
v 41.0224 -47.1574 -13.5400
v 49.6004 -47.1574 -13.5400
v 70.0144 -47.4219 -13.5097
v 71.1555 -48.9315 -12.1562
v 18.9517 -41.3391 -11.5962
v 19.3659 -41.3391 -11.5962
v 25.8524 -43.1574 -12.7689
v 28.6857 -43.1050 -14.6171
v 33.0532 -42.1570 -14.7540
v 37.0532 -41.7580 -15.0272
v 39.7579 -42.7858 -13.8525
v 46.1557 -42.1373 -13.5400
v 48.3301 -44.1373 -13.5400
v 68.9194 -43.1574 -13.5400
v 18.9517 -40.8788 -11.5962
v 21.0284 -39.2195 -11.6234
v 25.0072 -38.9990 -12.0872
v 29.0532 -39.1574 -12.9852
v 33.0532 -39.1574 -13.3161
v 36.9680 -39.4221 -12.9980
v 41.0341 -39.3279 -12.4684
v 44.4783 -39.0973 -13.5416
v 69.9322 -39.4651 -13.5400
v 71.2681 -37.4651 -13.5400
v 22.6909 -36.6651 -11.6505
v 25.0315 -35.2620 -12.1669
v 29.0532 -35.1574 -12.5589
v 32.8154 -35.1882 -12.0628
v 35.5778 -36.5421 -11.9871
v 42.5658 -35.1574 -12.2970
v 45.1963 -35.3280 -14.2011
v 47.5921 -34.1084 -14.9660
v 71.5347 -35.1574 -13.5400
v 26.3504 -32.9784 -12.0189
v 29.0532 -32.7115 -11.9906
v 31.3236 -32.7419 -11.6619
v 42.7954 -32.7936 -11.8800
v 45.2735 -31.3391 -12.3949
v 47.9784 -31.1574 -14.3537
v 58.9210 -29.3137 -15.3911
v 59.2415 -29.3137 -15.3911
v 70.7937 -30.3648 -15.3175
v 71.6745 -31.4818 -13.8065
v 46.7537 -28.9205 -11.8656
v 49.0700 -28.2006 -13.3353
v 53.0532 -26.8376 -13.5400
v 57.3739 -27.5334 -13.8506
v 60.7662 -28.1785 -13.8506
v 65.0532 -27.7523 -13.5400
v 69.2975 -28.0464 -13.8065
v 71.7331 -28.5188 -12.6508
v -37.3097 26.6013 -11.7491
v -35.9151 26.6013 -11.7491
v -29.5621 26.6864 -11.6140
v -28.8972 26.6864 -11.6140
v -52.9482 30.8416 -11.5430
v -50.9468 30.8001 -11.6867
v -48.7717 30.7869 -11.7326
v -37.7839 28.8426 -12.6076
v -34.9142 28.8244 -13.5851
v -30.9160 28.4020 -13.1844
v -28.4839 29.2238 -13.1844
v -65.0212 34.7744 -11.8471
v -62.7840 34.6104 -13.3243
v -58.9468 34.4038 -13.5400
v -54.5476 32.6529 -13.1418
v -50.9468 31.7242 -13.6867
v -47.0852 33.0467 -13.0807
v -42.9468 34.3769 -12.5596
v -39.2130 32.7486 -14.0492
v -36.5800 31.1250 -15.4210
v -26.4054 31.9298 -13.5400
v -22.9468 33.6396 -13.5400
v -20.2680 34.5524 -13.5400
v -65.1789 36.8426 -12.0422
v -63.5896 36.8426 -14.0422
v -45.9523 36.6030 -13.2733
v -42.9468 35.3718 -12.5596
v -38.8499 36.8848 -14.0399
v -36.7101 38.4888 -12.7359
v -18.2680 35.8831 -13.5400
v -16.5055 37.8831 -13.5400
v -65.1818 39.2473 -11.9025
v -62.7501 40.6106 -13.2719
v -59.7315 41.9739 -14.6413
v -46.8667 40.8426 -13.5400
v -37.4695 41.0230 -13.8576
v -36.7101 39.8099 -12.7359
v -17.3917 42.1935 -13.5400
v -16.5055 40.1935 -13.5400
v -65.2276 46.7034 -11.5858
v -62.8337 45.1591 -11.8964
v -58.6176 44.5034 -13.8787
v -54.9468 45.2522 -14.4302
v -50.9468 45.7135 -14.0991
v -47.8579 44.8725 -13.2849
v -41.6072 46.3082 -13.5400
v -39.5800 44.3082 -13.5400
v -17.8860 44.8426 -13.5400
v -65.2276 47.0383 -11.5858
v -63.1109 48.5600 -12.2209
v -58.9468 48.8426 -12.9494
v -54.9468 48.8426 -12.8057
v -50.9679 48.6109 -12.2235
v -48.4627 47.1232 -11.7815
v -42.6006 48.8426 -13.5400
v -17.4411 47.4051 -13.5400
v -15.7430 49.4051 -13.5400
v -61.8870 52.1139 -12.5155
v -59.1651 53.2054 -12.2636
v -55.1724 52.8302 -11.9145
v -52.3152 51.4887 -11.9336
v -42.3477 52.5844 -13.4061
v -39.7686 53.7455 -14.6502
v -14.8857 52.8426 -13.5400
v -57.9772 54.9953 -11.6635
v -56.6560 54.9953 -11.6635
v -41.9570 55.7091 -11.9835
v -39.2016 56.9625 -13.4061
v -29.2118 58.5372 -15.2961
v -26.9468 58.4904 -14.5521
v -24.6001 58.6784 -14.4667
v -17.0439 58.7807 -15.4998
v -15.7844 57.2055 -13.9159
v -37.6490 59.1834 -13.5400
v -34.9468 59.7844 -13.5400
v -30.7058 59.6963 -13.7937
v -26.9468 59.3224 -12.5521
v -23.1388 59.1267 -13.2960
v -18.6051 59.3460 -13.9159
v -16.1525 59.2263 -12.8331
v 50.4505 -61.2021 -7.7285
v 53.0827 -61.6825 -9.2531
v 56.9973 -61.6711 -9.1910
v 59.0693 -61.1829 -7.6251
v 46.1867 -58.3751 -8.5476
v 48.8880 -59.5836 -9.4714
v 51.7691 -60.7921 -10.3952
v 58.3163 -59.1574 -9.8410
v 59.0887 -59.1574 -7.8410
v 33.9254 -54.0164 -10.2863
v 36.7007 -54.8319 -9.1877
v 40.3595 -54.6063 -9.5400
v 45.6833 -55.2136 -9.7445
v 47.3254 -56.5844 -11.2142
v 58.8304 -56.8674 -10.5229
v 60.9280 -55.1093 -9.4951
v 63.2860 -53.3512 -8.4673
v 22.0635 -50.5212 -9.5400
v 25.0532 -51.9740 -9.5400
v 29.0532 -52.2269 -9.5400
v 32.7765 -52.8088 -9.1877
v 37.0708 -51.1474 -7.5994
v 40.8588 -50.7873 -9.1635
v 45.9907 -51.7437 -9.5400
v 47.8619 -49.7437 -9.5400
v 62.7715 -52.9847 -11.1340
v 64.7929 -52.2977 -9.6964
v 68.9939 -50.0819 -9.8421
v 71.1555 -49.2916 -11.3769
v 14.6168 -45.5970 -8.0341
v 17.0532 -45.9104 -8.4068
v 21.0600 -46.9819 -9.6091
v 23.5287 -45.5753 -11.0165
v 39.0093 -49.0570 -7.5792
v 40.2125 -47.4972 -9.1635
v 49.9617 -47.0336 -9.6747
v 51.4595 -45.6178 -8.4312
v 69.6183 -47.4219 -9.8421
v 71.1555 -48.9315 -11.3769
v 14.2394 -43.1574 -8.1739
v 17.3923 -42.8664 -10.0440
v 20.8408 -42.8664 -10.6025
v 23.8524 -43.1574 -10.8720
v 40.7704 -43.1574 -9.5400
v 46.1629 -41.6444 -9.5400
v 49.3147 -43.7457 -9.6747
v 51.4595 -44.8219 -8.4312
v 69.5837 -42.8436 -9.2212
v 71.1547 -41.3011 -7.6754
v 14.1486 -39.1574 -8.1628
v 17.3923 -39.3902 -10.0861
v 21.0284 -39.2195 -11.0629
v 23.6433 -40.2268 -11.1728
v 38.4455 -37.9892 -9.5400
v 41.0163 -39.2501 -9.5400
v 44.1629 -40.5109 -9.5400
v 70.2300 -39.9606 -10.3421
v 71.6460 -38.8393 -9.2212
v 14.4958 -36.7678 -8.0193
v 17.0532 -36.5527 -8.4593
v 21.2358 -36.1156 -9.5879
v 24.1397 -34.1676 -9.5400
v 33.8867 -34.0741 -9.5400
v 36.4455 -36.0741 -9.5400
v 41.3578 -35.1574 -9.5400
v 57.8873 -33.8022 -8.1601
v 59.7262 -33.8022 -8.1601
v 71.0310 -33.1787 -7.5813
v 71.7902 -34.7702 -9.1648
v 26.1397 -32.7858 -9.5400
v 29.0532 -31.9067 -9.5400
v 31.8867 -32.2783 -9.5400
v 42.6503 -32.8103 -9.5400
v 44.4687 -30.8103 -9.5400
v 54.6491 -30.1668 -7.9456
v 56.7536 -31.3631 -8.3008
v 61.0570 -31.2568 -8.5922
v 65.0532 -29.8364 -8.2558
v 69.4399 -30.8011 -7.8831
v 71.8196 -31.1574 -9.9216
v 46.4687 -28.3549 -9.5400
v 49.0532 -27.5251 -9.5400
v 53.2107 -27.9959 -9.3834
v 57.0532 -27.8069 -10.0259
v 61.0532 -28.1810 -10.3902
v 65.0532 -28.4580 -10.2558
v 69.0532 -28.2270 -9.9379
v 71.7331 -28.5188 -10.6741
v -37.7968 26.4029 -9.5400
v -34.7278 26.0889 -9.8132
v -30.9160 25.9717 -9.8132
v -28.6796 26.2565 -9.5400
v -52.9482 30.8416 -11.5385
v -50.6976 30.6980 -9.9391
v -48.1166 30.6626 -9.5400
v -42.1236 29.7720 -8.3599
v -39.6787 28.6002 -9.6319
v -33.2484 26.9973 -11.3286
v -32.2288 26.9973 -11.3286
v -27.6800 28.8426 -9.5400
v -65.0212 34.7744 -11.1986
v -62.9602 34.5957 -9.7352
v -58.9468 34.4071 -9.5400
v -54.5476 32.8826 -9.9391
v -51.8647 31.8133 -8.8719
v -46.4990 33.1523 -9.8715
v -42.5940 33.3345 -9.7742
v -40.4977 33.1584 -9.5370
v -25.9472 31.9501 -9.5400
v -22.7079 34.1026 -9.7362
v -20.8043 34.7993 -11.2004
v -65.4794 36.7517 -9.7352
v -64.3024 35.3578 -8.5319
v -46.4673 36.6030 -9.8715
v -42.9468 35.3718 -10.8350
v -39.1559 36.4879 -9.4445
v -36.7632 38.5705 -9.5400
v -21.2153 35.0885 -8.5337
v -19.1419 36.6468 -9.7231
v -16.5897 38.2051 -10.9124
v -73.1994 42.4214 -7.8624
v -70.9468 41.9915 -8.4509
v -66.6868 40.6882 -9.6304
v -64.0916 41.9140 -10.8287
v -46.9451 40.8426 -9.5400
v -37.0695 42.4766 -11.3908
v -36.4638 41.0230 -9.8505
v -17.7087 40.8923 -9.5634
v -16.5897 39.5921 -10.9124
v -73.5277 44.8426 -8.1007
v -70.9468 44.8426 -9.5127
v -66.7153 45.1591 -10.6428
v -64.0916 44.0367 -10.8287
v -46.1508 44.9074 -9.5650
v -42.9832 46.1210 -9.5650
v -38.6204 44.3648 -9.8505
v -36.3866 43.3569 -8.7241
v -17.6076 44.6354 -9.6594
v -16.3236 45.8307 -8.4056
v -73.3670 48.8426 -7.8984
v -70.9468 48.8426 -8.6665
v -66.7153 48.5600 -10.2137
v -64.5536 49.7049 -10.9721
v -49.7879 49.5763 -9.5400
v -47.0109 48.6650 -9.6014
v -44.2981 48.8426 -10.6322
v -17.3110 47.2757 -11.0723
v -14.7460 48.9877 -9.5590
v -12.9084 50.6997 -8.0458
v -72.9852 50.8758 -7.5926
v -70.9468 50.8808 -7.6048
v -66.9468 51.1827 -8.1393
v -63.1109 52.5451 -9.5992
v -60.4542 54.6440 -9.5400
v -54.1298 54.1135 -9.5400
v -51.7879 52.1135 -9.5400
v -45.5591 51.4869 -8.2879
v -44.1004 52.8292 -9.5887
v -29.7384 54.0249 -8.1829
v -27.8606 54.0249 -8.1829
v -16.9798 54.8074 -7.5727
v -14.6540 52.8670 -9.1426
v -12.9084 50.9266 -8.0458
v -58.4542 55.2024 -9.5400
v -56.1298 55.2024 -9.5400
v -41.8761 56.9625 -9.2671
v -40.2264 58.3758 -10.4185
v -33.7338 58.0562 -8.4421
v -31.0218 56.7707 -8.7176
v -26.6951 56.5283 -8.9592
v -22.9468 57.6982 -8.8484
v -18.5666 57.0414 -8.1175
v -15.7456 56.8426 -9.9319
v -40.9807 58.8957 -7.7518
v -38.9146 59.1861 -9.2671
v -35.0190 59.2982 -9.6813
v -30.9468 59.4887 -10.5299
v -26.9468 59.3224 -10.8318
v -22.9468 59.0660 -10.8484
v -18.9468 59.3402 -10.2373
v -16.1525 59.2263 -10.6965
v 50.4505 -61.2021 -7.1374
v 53.0004 -61.5417 -5.6984
v 56.8204 -61.5302 -5.9082
v 59.0693 -61.1829 -7.4870
v 46.1867 -58.3751 -6.2834
v 48.7905 -59.6634 -5.3770
v 51.6318 -60.9517 -4.4707
v 57.9985 -60.1961 -4.8203
v 59.2669 -58.9806 -5.9082
v 18.3483 -54.1365 -4.0366
v 21.0532 -54.2029 -4.2845
v 25.0532 -53.6633 -4.2972
v 29.0532 -53.5375 -4.5429
v 33.0532 -53.4202 -4.9465
v 36.5270 -53.8271 -5.7791
v 39.6912 -54.3937 -6.9664
v 46.1556 -55.4450 -5.1860
v 47.1304 -56.9700 -3.6167
v 61.3082 -55.7219 -5.5400
v 63.7285 -53.7219 -5.5400
v 14.8336 -49.5404 -3.7923
v 17.0302 -50.9872 -4.2560
v 21.0457 -51.2014 -6.0022
v 25.0532 -52.2597 -6.2972
v 29.0532 -52.4526 -6.5429
v 33.0532 -52.8529 -6.9465
v 37.3544 -51.5818 -6.3518
v 39.7512 -50.8289 -5.8985
v 46.5810 -52.0875 -5.5400
v 47.5932 -50.0875 -5.5400
v 65.7285 -52.1218 -5.5400
v 68.2887 -50.1218 -5.5400
v 13.9002 -47.0211 -5.2914
v 17.0532 -47.9104 -6.0626
v 19.7073 -48.3885 -6.6511
v 39.0093 -49.0570 -7.4973
v 40.3719 -47.4972 -5.9144
v 49.8618 -47.0336 -5.2175
v 51.4595 -45.6178 -6.3358
v 69.4094 -47.1574 -5.5400
v 10.6658 -42.4087 -4.3125
v 12.0427 -43.5081 -5.6035
v 42.2797 -43.4723 -5.9090
v 45.2683 -41.7642 -6.1516
v 49.4658 -43.0007 -5.5753
v 51.4595 -44.8219 -6.3358
v 70.1739 -43.9958 -5.5400
v 71.5165 -41.9958 -5.5400
v 10.6658 -40.5953 -4.3125
v 12.5104 -39.2202 -5.6035
v 39.0516 -37.1587 -7.5380
v 41.0231 -39.1105 -7.5131
v 45.2683 -40.6974 -6.1516
v 47.9174 -40.3326 -4.8149
v 72.6355 -39.1574 -5.5400
v 14.3613 -36.5218 -5.5400
v 17.0532 -35.6226 -5.5400
v 21.0629 -34.3417 -5.5247
v 23.8714 -33.6634 -6.8478
v 34.5608 -33.6616 -6.3025
v 37.4522 -35.0599 -6.4804
v 39.8452 -35.1574 -7.1436
v 57.8873 -33.8022 -6.3550
v 59.7262 -33.8022 -6.3550
v 70.7937 -33.3396 -5.5400
v 72.1722 -35.3396 -5.5400
v 22.4028 -32.6936 -4.1811
v 25.1441 -32.2298 -5.5247
v 29.0532 -31.2049 -5.5400
v 33.1578 -32.2204 -5.1975
v 37.0532 -32.7816 -4.2170
v 41.2856 -32.6263 -5.6241
v 45.1653 -30.5568 -5.1951
v 49.0532 -29.6462 -4.0108
v 53.2107 -30.7236 -5.4616
v 56.7536 -32.6702 -5.2290
v 61.0570 -32.4890 -5.2290
v 65.0532 -31.1486 -5.5400
v 68.7937 -31.8383 -5.5400
v 46.5734 -28.3244 -6.2985
v 49.0532 -28.1328 -6.0108
v 51.9824 -28.6242 -6.7426
v -37.6003 26.5266 -5.5400
v -34.9468 25.7799 -5.5400
v -30.9468 25.5603 -5.5400
v -28.6473 26.3069 -5.5400
v -69.0707 30.7520 -3.6257
v -68.3381 30.7520 -3.6257
v -49.1981 30.6583 -7.2623
v -48.0151 30.6583 -7.2623
v -42.1236 29.7720 -6.5472
v -39.5844 28.6002 -5.3443
v -27.2898 28.8426 -5.5400
v -69.3320 32.8426 -3.7918
v -66.9816 32.6184 -4.2623
v -62.9602 33.7346 -5.6608
v -58.9468 33.8320 -5.5400
v -54.9468 33.8537 -5.5400
v -50.5545 33.1206 -5.6537
v -48.0184 32.8426 -6.7105
v -42.1236 31.9447 -6.5472
v -40.3441 33.1038 -5.3443
v -25.5893 31.3453 -5.5400
v -23.2113 33.3453 -5.5400
v -73.1000 38.5848 -3.7851
v -70.7807 37.0879 -4.1451
v -66.8937 36.7517 -6.1188
v -64.3024 35.3578 -7.0747
v -49.2442 35.0645 -4.0450
v -47.3071 36.8745 -5.2302
v -44.8006 38.6844 -3.7486
v -38.4344 37.2372 -5.9315
v -36.9387 38.8335 -7.5259
v -21.2113 35.0788 -5.5400
v -18.8664 37.3349 -5.2029
v -16.9054 38.6815 -3.6448
v -73.7147 40.9899 -5.2871
v -70.9468 39.9915 -6.1088
v -68.1917 39.4624 -6.7199
v -46.0631 40.8426 -6.1057
v -44.5684 40.8426 -4.1057
v -37.2886 39.5206 -4.8592
v -36.2327 40.8494 -5.9315
v -17.5350 40.8426 -6.1989
v -16.7291 40.8426 -4.1989
v -75.0650 44.8426 -5.5400
v -45.4084 43.6173 -6.7523
v -43.1318 44.7348 -5.4674
v -38.6375 46.1786 -5.1508
v -36.2279 44.7512 -5.1508
v -17.1984 43.1640 -6.9804
v -15.7517 44.6354 -5.6042
v -73.9885 49.0933 -5.7623
v -72.2196 50.5938 -4.5772
v -49.3665 50.2069 -6.7726
v -48.2258 50.2069 -6.7726
v -37.0979 46.8580 -3.5581
v -36.9308 46.8580 -3.5581
v -13.5481 49.1568 -5.4287
v -12.9084 50.6997 -6.6878
v -72.9852 50.8758 -7.2438
v -70.9105 50.9845 -5.7623
v -66.9468 52.1575 -5.5400
v -63.2345 54.0509 -5.8121
v -60.5929 54.6398 -7.3268
v -53.4816 54.5577 -6.8518
v -50.7778 53.1245 -5.4788
v -46.9142 52.4507 -5.4795
v -44.1846 54.2162 -5.5400
v -30.1187 53.9628 -5.5400
v -27.7050 53.9628 -5.5400
v -16.9798 54.8074 -7.2635
v -14.9614 52.8670 -5.6423
v -12.9084 50.9266 -6.6878
v -62.0929 55.4265 -4.6601
v -59.1344 55.4921 -5.8121
v -54.8677 55.3097 -5.5270
v -52.1891 55.1225 -4.1851
v -41.9574 56.7992 -5.8855
v -38.9468 57.5948 -5.1441
v -35.0190 57.1383 -5.6777
v -32.1187 55.4059 -5.5400
v -25.7050 55.1714 -5.5400
v -22.9468 56.1151 -5.5400
v -18.5666 55.6265 -5.7741
v -16.8976 54.8907 -4.5969
v -40.9807 58.8957 -7.4492
v -38.9468 59.1494 -7.1441
v -36.4004 59.1986 -7.1028
v 54.2985 -61.2718 -2.9969
v 55.3318 -61.2718 -2.9969
v 14.7649 -57.2459 0.3329
v 17.0532 -57.5343 -0.2514
v 21.0532 -57.9663 -0.5690
v 25.0532 -57.9578 -0.1259
v 27.3271 -57.5601 0.2294
v 49.3520 -58.5384 -1.5400
v 53.0004 -60.4020 -1.6141
v 56.8204 -59.5703 -1.6141
v 59.3133 -57.4987 -1.5400
v 13.9027 -55.1574 -0.2135
v 17.0302 -55.3449 -2.1717
v 21.0532 -56.2029 -2.5690
v 25.0532 -55.6633 -2.1259
v 28.8175 -55.3355 -1.2784
v 33.0532 -54.0005 -1.5400
v 35.5025 -53.4727 -1.5400
v 46.8198 -54.3034 -2.9380
v 47.5903 -55.4450 -1.5788
v 61.3133 -55.7375 -1.5400
v 63.7727 -53.7375 -1.5400
v 13.6824 -50.9872 -1.6026
v 15.6816 -52.2070 -2.9776
v 37.4057 -51.1333 -1.4516
v 41.3255 -49.5345 -1.2252
v 45.5012 -50.9853 -1.3311
v 47.6578 -51.2742 -1.5788
v 65.7727 -51.9272 -1.5400
v 68.5150 -49.9272 -1.5400
v 10.9066 -45.6580 -0.7007
v 12.0704 -47.0578 -1.8364
v 38.3749 -48.5037 -0.0594
v 41.4938 -47.7344 -1.3914
v 45.3309 -47.4603 -0.3013
v 48.1364 -47.4603 -1.2210
v 70.3740 -47.3930 -1.7477
v 71.8287 -46.2168 -0.5528
v 10.4557 -43.5081 -1.8364
v 11.1208 -45.0753 -3.3674
v 42.8702 -45.0155 -3.1563
v 45.1937 -43.4723 -2.1671
v 48.6720 -43.1574 -2.1116
v 58.9202 -41.7174 0.2488
v 59.2864 -41.7174 0.2488
v 70.6388 -44.7982 -3.2195
v 72.2277 -43.3419 -1.7477
v 10.4608 -39.2202 -1.2684
v 12.0213 -37.9287 -2.4207
v 46.6208 -40.3326 -2.8338
v 47.9174 -40.3326 -2.8338
v 58.9202 -40.8370 0.2488
v 59.2864 -40.8370 0.2488
v 72.8455 -39.1574 -1.5400
v 10.7335 -35.1574 -0.1475
v 13.2341 -35.2827 -2.0834
v 17.0532 -34.2273 -2.7772
v 19.7361 -33.7085 -3.0939
v 42.7773 -33.5492 -0.1208
v 43.4982 -33.5492 -0.1208
v 70.4481 -33.7235 -1.5400
v 71.9590 -35.7235 -1.5400
v 10.7650 -32.7896 -0.1359
v 13.0532 -32.2870 -0.5587
v 17.0532 -31.7380 -0.7772
v 21.3808 -31.0422 -1.3203
v 24.6619 -30.3524 -1.1440
v 29.0532 -30.6213 -1.5400
v 33.0532 -31.4498 -1.5400
v 37.1237 -31.0172 -1.3743
v 41.4809 -31.4310 -1.3590
v 44.9202 -31.9950 -1.4885
v 49.0532 -31.1581 -1.5400
v 53.0532 -32.0232 -1.5400
v 57.0788 -31.1659 -1.6753
v 61.0339 -30.8306 -1.6753
v 65.0532 -31.4632 -1.5400
v 68.4481 -32.2258 -1.5400
v 23.0256 -29.1546 0.4534
v 23.0677 -29.1546 0.4534
v 38.5040 -28.8612 0.0694
v 40.1846 -28.8612 0.0694
v 58.4292 -28.6298 -0.4321
v 59.6878 -28.6298 -0.4321
v -61.3257 26.7664 0.3915
v -60.8033 26.7664 0.3915
v -37.0478 26.7661 -3.1426
v -34.7967 26.5597 -1.7016
v -30.9468 26.4212 -1.5400
v -28.8064 26.7174 -1.5400
v -73.5796 30.4114 0.0359
v -70.6212 30.0944 -1.3945
v -66.9816 29.7573 -1.8100
v -62.7742 28.6468 -0.5736
v -60.4603 28.8426 0.0056
v -37.8951 28.6225 -1.7016
v -36.0299 27.1425 -0.4759
v -27.5395 28.8426 -1.5400
v -73.8694 32.8426 -0.3585
v -71.3320 32.8426 -2.3585
v -65.6714 31.1356 -3.3234
v -62.9468 31.5874 -2.7806
v -59.0437 32.2556 -1.4624
v -54.9468 33.0931 -1.5400
v -51.4827 33.8519 -1.5400
v -39.6437 32.8426 -1.5400
v -25.6800 31.6245 -1.5400
v -23.3696 33.6245 -1.5400
v -73.7806 37.0879 -1.5403
v -72.0032 35.9182 -2.8739
v -49.5667 36.5757 -1.3516
v -46.9468 37.8904 -2.0604
v -44.8006 38.6844 -2.5480
v -39.5283 36.8426 -1.5400
v -21.3696 35.0847 -1.5400
v -18.9468 36.6550 -1.5400
v -16.6074 38.4129 -1.5400
v -75.0903 40.8426 -1.5400
v -49.2654 39.2548 0.1074
v -46.9468 39.2800 -0.0604
v -43.3612 40.6176 -1.1560
v -38.9430 40.8711 -1.3917
v -36.3249 42.1873 -3.0194
v -14.9260 40.9725 -1.4041
v -12.7072 42.3924 0.0198
v -77.2559 45.6910 -0.6149
v -76.4917 44.5517 -1.7849
v -41.9218 44.0546 -2.4306
v -38.6375 45.1698 -2.5474
v -36.4683 44.8426 -3.1313
v -14.0645 44.8121 -1.4041
v -12.7072 43.4584 0.0198
v -77.2559 47.3859 -0.6149
v -75.3011 48.9898 -1.9891
v -72.2196 50.5938 -3.3633
v -37.0979 46.8580 -3.5157
v -36.9308 46.8580 -3.5157
v -13.9391 48.8426 -1.5400
v -74.3601 52.8426 -0.8113
v -70.9105 52.5539 -2.4390
v -66.9468 53.8175 -2.6688
v -64.7596 54.6236 -3.2418
v -49.5224 54.3580 -3.1244
v -46.9468 54.3696 -2.7498
v -43.3246 54.6697 -1.4220
v -40.3517 54.6429 0.0580
v -33.6817 54.5089 -0.4104
v -30.9840 54.4980 -1.6794
v -28.3773 54.4872 -2.9484
v -17.2771 54.5375 -0.5446
v -15.6441 53.0595 -1.7428
v -73.9652 55.1908 -0.0785
v -70.9468 55.5780 -0.2963
v -66.9468 55.6982 -0.6688
v -63.2345 56.0419 -1.7611
v -58.9468 56.3653 -1.5400
v -54.9468 55.7552 -1.5400
v -50.8922 55.5897 -1.6907
v -46.5901 56.7836 -0.5260
v -43.5470 56.2402 -1.1661
v -38.9897 55.5627 -1.3812
v -34.9877 55.3286 -1.6622
v -30.7593 56.0730 -1.5181
v -27.1816 56.5444 -1.4126
v -22.9468 55.9060 -1.5400
v -18.7450 55.2801 -1.7428
v -16.8976 54.8907 -3.2113
v -45.0190 58.8615 0.4299
v -44.9249 58.8615 0.4299
v -29.1016 58.9811 0.1232
v -28.6525 58.9811 0.1232
v 18.8616 -61.4094 4.2429
v 21.0532 -61.8922 3.7963
v 25.0532 -61.8300 3.6435
v 29.0532 -61.3958 4.0431
v 31.3290 -61.3062 4.3249
v 50.9941 -61.1828 4.4004
v 51.2537 -61.1828 4.4004
v 10.6354 -57.5632 3.6861
v 13.2802 -57.7287 2.3957
v 17.3382 -59.3336 2.7298
v 21.0532 -59.9663 1.7963
v 25.0532 -59.9578 1.6435
v 29.1255 -58.8734 2.8488
v 31.3290 -60.1866 4.3249
v 38.7510 -57.2322 4.3812
v 39.8032 -57.2322 4.3812
v 46.0362 -57.5177 3.7861
v 49.1843 -59.0277 2.7599
v 52.7735 -60.3252 2.8243
v 57.0532 -59.4172 2.4600
v 59.9535 -57.9927 2.4600
v 10.4777 -55.1574 2.9776
v 11.9027 -55.1574 0.9776
v 30.1617 -56.4014 2.4600
v 33.1829 -54.3429 2.5187
v 36.9721 -54.4362 2.7881
v 41.1032 -55.4792 3.6874
v 44.8430 -55.4792 3.1433
v 47.6666 -55.1574 1.2807
v 61.9535 -56.1838 2.4600
v 64.0235 -54.1838 2.4600
v 10.7037 -52.4364 3.2574
v 12.0011 -51.1248 2.1385
v 34.3969 -51.1574 3.7492
v 36.6898 -51.1574 2.5797
v 41.3250 -50.8341 1.6470
v 45.3309 -50.8341 1.1736
v 47.4402 -51.1574 0.8186
v 66.0235 -52.2342 2.4600
v 68.6642 -50.2342 2.4600
v 10.9066 -45.6580 0.9033
v 12.2879 -47.0578 2.3260
v 34.6286 -48.7834 4.0811
v 36.8454 -48.6435 2.5308
v 40.1729 -48.5037 0.9805
v 46.8493 -48.9956 0.5033
v 47.0725 -48.9956 0.5033
v 70.6642 -48.8382 2.4600
v 71.7670 -46.8382 2.4600
v 10.5459 -43.0759 2.3260
v 11.6187 -44.3549 3.5700
v 58.9202 -41.7174 0.6661
v 59.2864 -41.7174 0.6661
v 72.4481 -43.1574 2.4600
v 10.1604 -39.1574 2.4600
v 58.9202 -40.8370 0.6661
v 59.2864 -40.8370 0.6661
v 70.2031 -38.0769 3.6985
v 71.8584 -39.3091 2.4031
v 10.5854 -35.0779 2.5037
v 11.5286 -33.6916 3.8661
v 38.8144 -33.3008 4.3656
v 41.0708 -33.4250 2.7532
v 43.4982 -33.5492 1.1407
v 69.5837 -35.0772 2.4031
v 71.4872 -36.3571 1.0318
v 10.7650 -32.7896 1.1995
v 13.1691 -31.2438 2.6011
v 17.0532 -29.7380 1.2718
v 20.3589 -29.3909 0.6663
v 25.7343 -29.7119 0.9841
v 29.4513 -29.6484 2.3745
v 33.0532 -30.7785 2.4600
v 37.3259 -31.4395 2.7516
v 41.2675 -31.7185 2.7160
v 45.2192 -31.2943 2.7900
v 49.0532 -30.6693 2.2010
v 53.2655 -30.6229 2.6653
v 55.9013 -30.2008 2.4600
v 62.2166 -29.8857 2.4600
v 65.0532 -31.1564 2.4600
v 67.8539 -32.4281 2.4600
v 14.8097 -28.9219 4.0027
v 17.0532 -28.4597 3.2718
v 21.4366 -28.5514 2.1838
v 24.6619 -28.7399 2.3745
v 28.3833 -28.7769 3.6508
v 38.5040 -28.8612 1.1377
v 40.1846 -28.8612 1.1377
v 46.9403 -29.1317 4.4393
v 49.0532 -28.7827 4.2010
v 52.0738 -28.6836 4.1354
v 57.9013 -28.5774 2.4600
v 60.2166 -28.5774 2.4600
v -65.2575 22.6876 4.2343
v -64.6605 22.6876 4.2343
v -69.0419 26.7710 4.3802
v -66.7332 25.1996 3.7068
v -62.9931 25.1818 2.5390
v -59.2607 26.2858 2.6515
v -55.6493 26.5697 4.1126
v -37.3020 26.6604 3.9050
v -34.7967 26.5701 2.5270
v -30.9468 26.3939 2.4600
v -28.4804 26.5979 2.4600
v -77.1577 30.5397 4.0058
v -74.9265 30.0127 2.5875
v -70.6039 28.1593 2.8121
v -66.9468 27.5539 1.6878
v -63.9924 27.1828 0.8436
v -58.3640 28.8924 2.6515
v -55.6493 27.5923 4.1126
v -49.2799 30.6899 4.3244
v -46.9468 30.4903 4.1501
v -42.9468 30.1238 3.9362
v -38.7686 28.6719 2.6387
v -36.0299 27.1425 1.2383
v -26.6272 28.9403 2.5488
v -24.0871 30.3388 3.9413
v -77.1577 31.6736 4.0058
v -75.9127 32.9412 2.5875
v -57.8259 31.7047 2.4600
v -54.6643 33.3886 2.7625
v -50.7534 33.3114 3.0107
v -46.9468 32.8426 3.3141
v -42.9468 32.8426 2.5961
v -40.1585 32.8426 1.3276
v -25.7027 31.7382 1.2746
v -22.7568 32.9152 2.4528
v -20.6524 34.0923 3.6310
v -74.8111 36.8426 2.4600
v -53.1426 35.1645 4.2975
v -50.7472 36.1234 2.9050
v -46.9468 36.8426 2.3998
v -42.9468 36.8426 1.4813
v -40.4301 36.8426 0.9421
v -21.4265 35.0964 0.9643
v -19.1702 36.0935 2.3626
v -16.4051 38.2159 2.4600
v -74.6628 40.8426 2.4600
v -49.2654 39.2548 1.4112
v -46.9468 39.2800 1.2359
v -42.9468 39.5051 0.8214
v -40.5973 39.5549 0.8585
v -14.5826 40.9725 2.3406
v -12.7072 42.3924 0.9277
v -77.2599 45.8264 2.4600
v -76.0313 43.8264 2.4600
v -14.4097 44.8121 2.3406
v -12.7072 43.4584 0.9277
v -77.2599 47.7380 2.4600
v -76.4401 49.7380 2.4600
v -17.6477 49.8603 3.8029
v -15.8204 48.6532 2.4657
v -75.5986 52.8426 2.4600
v -49.6124 54.3461 3.8632
v -46.9468 54.4185 3.7443
v -43.3438 54.7083 2.5843
v -40.3517 54.6429 1.0660
v -33.6817 54.5089 0.9699
v -32.2502 54.5089 0.9699
v -18.2833 53.0595 2.4657
v -16.0798 51.8708 1.1362
v -74.1053 55.6991 2.4600
v -70.9875 57.5071 2.4593
v -66.7106 57.7703 2.4593
v -62.9750 57.9347 2.5901
v -59.1066 57.7230 2.5901
v -54.9468 56.2782 2.4600
v -50.9462 55.5955 2.5019
v -46.5901 56.7836 1.5551
v -43.5634 56.1642 2.3291
v -38.8446 56.4832 2.6746
v -35.0841 56.6364 2.6266
v -30.6759 56.9733 2.3167
v -26.9315 58.1655 2.6659
v -23.2894 57.0452 2.7849
v -20.0918 55.2648 2.4600
v -69.6814 59.2184 3.7922
v -67.8865 59.2184 3.7922
v -61.6604 58.9422 4.0102
v -60.5464 58.9422 4.0102
v -45.0190 58.8615 0.5728
v -44.9249 58.8615 0.5728
v -37.3374 59.0702 4.2832
v -36.4865 59.0702 4.2832
v -29.1016 58.9811 0.9969
v -26.9315 58.9517 2.6659
v -24.8510 58.9223 4.3349
v 30.7281 -65.4697 8.1884
v 32.2311 -65.4697 8.1884
v 18.8616 -61.4094 4.7314
v 21.0927 -62.0566 6.2229
v 25.0532 -62.5995 6.4600
v 29.2581 -63.2523 6.6971
v 33.1134 -63.1863 6.6651
v 36.1076 -62.3997 7.8083
v 46.4665 -61.6247 7.8293
v 49.4177 -61.8055 6.4816
v 51.9577 -61.6170 6.4600
v 58.4632 -61.2396 7.8520
v 59.2824 -61.2396 7.8520
v 10.4747 -57.6187 6.4600
v 13.0532 -58.7240 6.4600
v 17.3382 -59.9036 6.2229
v 19.7857 -60.2607 7.3981
v 30.9241 -57.5199 4.5615
v 32.8186 -58.9749 5.1947
v 37.5713 -58.3323 6.3339
v 39.8032 -57.2322 5.0427
v 45.3173 -58.9736 6.4816
v 48.3274 -60.1844 5.1626
v 53.9577 -60.7175 6.4600
v 57.0992 -60.6239 6.4952
v 61.0822 -59.1323 6.3873
v 63.2736 -57.4100 7.5892
v 9.7310 -55.1574 6.4600
v 30.9241 -57.0262 4.5615
v 33.1829 -55.4787 5.0130
v 37.2833 -55.9431 6.2041
v 41.1032 -56.9252 6.4096
v 43.3233 -56.9921 6.4600
v 62.8821 -56.9781 4.9225
v 64.9977 -55.2649 6.2564
v 67.3481 -53.5517 7.5903
v 10.3094 -51.8532 6.4600
v 12.0535 -49.8532 6.4600
v 34.3969 -51.1574 5.4690
v 35.5370 -51.1574 5.4690
v 66.7218 -52.8824 4.9237
v 68.5424 -51.3924 6.3382
v 10.8170 -45.9965 7.8872
v 12.1927 -47.2608 6.5164
v 34.6286 -48.7834 5.4264
v 35.3160 -48.7834 5.4264
v 70.6011 -47.4664 6.5241
v 71.2294 -46.3391 5.2335
v 10.8166 -42.9622 6.6153
v 11.4535 -42.9622 6.6153
v 70.7793 -44.8129 7.9002
v 71.5063 -43.3507 6.5241
v 10.3034 -39.3590 6.5901
v 11.2883 -40.8267 8.0101
v 69.9178 -38.3865 6.4600
v 71.4874 -40.3865 6.4600
v 10.2937 -35.6025 6.4600
v 11.6255 -33.6025 6.4600
v 38.3523 -33.3494 6.4600
v 39.4774 -33.3494 6.4600
v 62.7315 -34.1226 8.0850
v 64.1192 -34.1226 8.0850
v 68.1172 -35.1574 6.4600
v 13.7649 -30.8657 6.8212
v 15.2252 -29.3379 8.3954
v 22.1333 -29.5737 8.0872
v 25.0532 -29.8247 7.8558
v 29.6354 -29.3956 6.2661
v 32.7115 -30.4437 6.0871
v 36.3523 -32.7631 6.4600
v 41.4774 -32.3726 6.4600
v 44.8731 -30.3726 6.4600
v 54.7404 -29.3797 4.7580
v 55.4747 -29.3797 4.7580
v 62.6840 -30.8267 6.6263
v 64.4863 -31.3059 7.0847
v 67.2525 -32.9504 6.4600
v 14.8097 -28.9219 5.7287
v 16.7564 -28.5557 6.8212
v 20.9012 -28.5095 6.6364
v 25.0532 -28.6376 5.8558
v 29.6354 -28.9563 6.2661
v 31.1504 -29.1356 7.1718
v 46.8731 -28.9175 6.4600
v 49.0532 -27.9721 6.4600
v 53.2655 -28.1997 6.2388
v 56.9061 -28.5025 6.2388
v 61.2031 -28.6099 6.4846
v 63.1421 -29.0007 7.8343
v -65.2575 22.6876 4.9718
v -64.6605 22.6876 4.9718
v -57.1782 22.6734 8.3308
v -54.9468 22.4722 8.2471
v -50.9468 22.5784 8.3324
v -48.9174 22.8149 8.4446
v -37.0096 22.8172 8.4050
v -36.8955 22.8172 8.4050
v -69.2665 26.7290 6.4600
v -66.7332 24.7513 6.3671
v -63.1751 24.0594 6.3671
v -58.6857 24.2962 6.7825
v -54.5683 25.0789 5.8986
v -50.9468 24.8426 7.1807
v -48.7205 24.8426 8.2857
v -41.5175 26.3027 7.6919
v -38.4891 25.1482 6.7151
v -35.3160 24.8657 6.8270
v -30.9468 26.1241 6.4600
v -27.0305 26.4899 6.7308
v -24.8679 26.7668 8.2447
v -77.4985 30.2706 6.4600
v -74.9468 29.0029 6.4600
v -71.2665 27.5749 6.4600
v -57.2909 30.2589 4.8083
v -54.5683 28.8924 4.9142
v -50.7467 29.1510 5.3750
v -47.1834 28.8296 6.7298
v -42.8892 28.5365 6.3991
v -39.9687 27.5346 5.0252
v -25.7529 27.6722 5.5780
v -23.1441 29.2031 6.7204
v -20.8460 30.7340 7.8628
v -77.5073 32.9412 6.3989
v -76.6598 34.3402 5.0249
v -57.2909 31.1465 4.8083
v -54.6643 32.6249 5.0266
v -51.7954 32.8426 4.9070
v -21.4204 31.4256 5.1961
v -20.1500 32.7924 6.5017
v -77.1454 35.3839 7.6916
v -75.6299 36.7674 6.3989
v -53.1107 36.9465 6.4658
v -51.5747 37.0630 6.3373
v -48.5616 38.4824 7.4954
v -18.0264 36.1157 6.4600
v -16.6255 38.1157 6.4600
v -74.2901 40.8426 6.4600
v -53.0787 38.9724 8.2695
v -50.9468 39.2885 7.5937
v -48.5616 39.3074 7.4954
v -15.9062 40.8426 6.4600
v -77.0552 46.6392 4.9094
v -75.6302 45.1206 6.3296
v -15.5966 44.8426 6.4600
v -77.2349 48.7762 6.1998
v -76.5626 48.7762 6.1998
v -18.1585 49.5370 6.4600
v -16.3159 47.5370 6.4600
v -77.4145 51.6283 7.4901
v -75.1058 52.9602 6.4517
v -72.6241 54.2921 8.0800
v -50.0416 53.9203 6.4600
v -46.9468 53.6765 6.4600
v -44.4664 54.5988 6.4600
v -25.0220 54.2957 8.3485
v -22.9468 54.0452 7.7301
v -20.2340 52.9328 6.3430
v -73.4731 55.6364 5.4133
v -71.6292 56.9189 6.6320
v -66.1033 57.9523 6.4600
v -62.9750 57.6120 6.2154
v -59.1066 57.6272 6.2154
v -54.9468 56.6270 6.4600
v -52.0416 55.4983 6.4600
v -42.4664 55.7690 6.4600
v -39.9947 57.7690 6.4600
v -33.6193 58.3764 6.4600
v -31.2920 58.1922 6.6432
v -26.4495 56.7539 6.8902
v -23.4707 56.3896 6.6401
v -20.8098 54.9851 4.9317
v -69.5419 59.1431 6.4600
v -68.1033 59.1431 6.4600
v -61.6604 58.9422 4.7191
v -60.5464 58.9422 4.7191
v -37.9947 59.4131 6.4600
v -35.6193 59.4131 6.4600
v -30.1887 58.9210 8.0986
v -26.7050 59.0342 6.6432
v -24.7326 59.0233 6.4600
v 30.6796 -65.5133 10.4600
v 33.3600 -65.4994 10.2794
v 37.0532 -65.3313 11.3372
v 39.2113 -65.2938 11.9307
v 14.7857 -61.3832 11.7149
v 15.3804 -61.3832 11.7149
v 22.4524 -61.6764 9.0647
v 25.1366 -61.9952 10.4228
v 28.6796 -63.8154 10.4600
v 34.8978 -65.0664 8.8256
v 37.2858 -63.5028 9.2859
v 39.7179 -63.1574 11.2182
v 46.4665 -61.6247 9.2131
v 49.0532 -61.9485 9.8146
v 53.0412 -61.6184 10.4969
v 57.0992 -61.4989 10.2724
v 59.3463 -61.3334 10.4600
v 10.6997 -57.3666 9.2479
v 13.1504 -59.1033 10.4814
v 16.8495 -59.7514 10.4129
v 21.0927 -59.4779 10.4228
v 23.8589 -60.3840 11.7314
v 38.6866 -59.1574 8.8516
v 41.0901 -58.8529 10.5917
v 44.7817 -58.9234 10.3519
v 49.0532 -60.3721 11.8146
v 53.0412 -60.8211 10.4969
v 55.7966 -60.9046 8.8140
v 61.3463 -59.5273 10.4600
v 63.4471 -57.5273 10.4600
v 10.2488 -55.2766 10.5327
v 11.5151 -56.6893 11.9146
v 38.8433 -56.9908 8.7751
v 41.0532 -56.9649 8.9694
v 43.0970 -57.0674 8.8240
v 65.5271 -54.9940 10.4554
v 67.3481 -53.5517 9.1190
v 10.2587 -50.9466 10.3102
v 11.4085 -49.4728 8.8769
v 66.3624 -51.1574 11.4676
v 67.9557 -51.1574 9.4676
v 10.7666 -46.9480 10.6204
v 11.2560 -46.9480 10.6204
v 66.5341 -48.6768 11.8112
v 68.6784 -47.2690 10.4707
v 10.8170 -44.2362 9.6972
v 11.4771 -43.0047 10.8023
v 70.1520 -43.3507 10.3840
v 71.3898 -42.1463 9.0000
v 10.3940 -38.1600 9.3492
v 11.7180 -39.3590 10.5935
v 61.7842 -38.0361 11.2961
v 65.0532 -38.3242 11.0024
v 69.0701 -39.1889 10.3402
v 71.3898 -40.5434 9.0000
v 10.3940 -35.8834 9.3492
v 12.7562 -34.7668 10.3902
v 17.0532 -34.2361 11.4194
v 21.0532 -34.3163 11.8153
v 23.4924 -33.7572 11.9591
v 38.3575 -33.2699 8.8658
v 39.3076 -33.2699 8.8658
v 61.4734 -35.3365 10.1616
v 65.2928 -35.3365 8.9157
v 67.5918 -35.1574 8.9026
v 14.0075 -32.0045 8.7646
v 16.7564 -30.8657 9.2988
v 20.9012 -31.0072 9.6155
v 24.9167 -31.8143 10.5595
v 29.3538 -30.0117 10.4148
v 32.5150 -29.7855 10.4754
v 36.8328 -31.6814 10.3826
v 41.0229 -31.5815 10.4225
v 44.2593 -30.1351 9.3125
v 58.0271 -30.0170 11.7675
v 61.0378 -31.1385 10.1536
v 64.9639 -31.3517 8.5181
v 67.1018 -33.1100 8.4964
v 17.8919 -29.0848 8.5788
v 19.4666 -29.0848 8.5788
v 30.8876 -29.1356 9.0514
v 32.5150 -29.0452 10.4754
v 35.3081 -28.9547 11.8995
v 42.7382 -28.6566 11.9791
v 45.5882 -27.4267 10.7378
v 49.0532 -26.3468 9.6814
v 52.9198 -26.7219 10.4152
v 56.8375 -28.4879 10.4445
v 61.0532 -28.6573 9.0004
v 63.1421 -29.0007 8.5397
v 46.9170 -25.0985 12.1631
v 49.0532 -24.8942 11.6814
v 51.4975 -24.8654 11.7187
v -57.3724 22.5136 10.4600
v -54.9468 21.8415 10.4600
v -50.9468 21.8241 10.4600
v -48.4058 22.4962 10.4600
v -37.0096 22.8172 8.5156
v -36.8955 22.8172 8.5156
v -73.1748 26.5433 11.7329
v -70.6754 26.6531 10.3258
v -66.9468 26.2822 9.2292
v -62.8616 25.7492 10.4002
v -59.3724 23.9764 10.4600
v -47.3302 24.8426 10.4600
v -41.5175 26.3027 9.4498
v -38.5845 24.9187 9.8218
v -35.5204 25.1313 10.4332
v -30.9468 25.5608 10.4600
v -26.8936 26.2253 10.1841
v -24.8679 26.7668 8.6668
v -77.4715 30.3829 9.4115
v -74.6896 28.7588 10.5722
v -70.6754 27.1607 10.3258
v -66.9468 27.5907 11.2292
v -64.1381 27.4960 11.6937
v -45.8712 28.0446 10.4600
v -42.8892 27.9855 10.6539
v -38.9468 27.2591 12.1205
v -36.8119 27.0958 12.3508
v -25.5248 27.3710 11.3335
v -23.0044 29.0525 10.2296
v -20.8460 30.7340 9.1257
v -77.4611 32.9109 10.6309
v -76.2043 31.6230 12.0782
v -21.1409 31.8727 11.7923
v -20.3061 33.0607 10.4594
v -77.1962 35.8476 10.4600
v -76.2041 37.8476 10.4600
v -53.0787 38.7285 8.6956
v -50.9468 38.4869 9.2366
v -48.5616 38.4824 9.2598
v -18.7294 36.9154 10.1956
v -16.8295 38.2972 8.6861
v -75.3341 40.8426 10.4600
v -53.0787 38.9724 8.6956
v -50.9468 39.2885 9.2366
v -48.5616 39.3074 9.2598
v -18.2181 39.9936 11.3527
v -16.5804 41.1332 10.1956
v -75.0269 44.8426 10.4600
v -17.5866 45.8311 11.8889
v -16.2912 44.6357 10.5174
v -77.4145 50.0593 9.2420
v -75.7417 48.7726 10.5292
v -25.9603 49.5881 11.2337
v -22.9468 49.2208 10.7987
v -19.0574 48.6760 10.3467
v -16.3474 47.4174 9.2223
v -77.4145 51.6283 9.2420
v -74.9817 52.1109 10.5292
v -71.1532 53.6218 10.6160
v -66.9468 53.4126 11.4361
v -63.8902 53.6322 11.5015
v -49.7315 54.1422 10.4600
v -46.9468 53.8259 10.4600
v -44.4145 54.5264 10.4600
v -26.1398 52.9145 10.1242
v -22.9468 52.0452 8.7987
v -20.5282 51.6595 8.8045
v -69.7489 56.8426 9.1958
v -67.3082 56.6872 9.2735
v -62.7129 55.4589 10.2849
v -58.9468 56.1147 10.4600
v -54.9468 56.9112 10.4600
v -51.7315 56.1036 10.4600
v -42.8288 56.9334 10.1735
v -40.6201 58.3273 8.6491
v -32.9704 58.8306 8.4971
v -31.4171 58.3676 9.8798
v -26.7676 56.5160 9.9266
v -24.7570 57.7942 8.5906
v -69.0056 58.8675 8.5145
v -68.8824 58.8675 8.5145
v -42.1265 59.6645 11.3158
v -38.7903 60.8535 10.5490
v -34.9529 60.6427 10.4730
v -31.4171 59.0820 9.8798
v -26.9468 59.0223 8.6599
v -24.7570 59.0038 8.5906
v -36.9605 62.8463 12.4489
v -36.9354 62.8463 12.4489
v 30.8802 -65.3196 12.6929
v 33.0532 -65.3507 12.8765
v 37.0532 -65.3313 12.8574
v 39.2113 -65.2938 12.6674
v 14.7857 -61.3832 12.6876
v 15.3804 -61.3832 12.6876
v 26.5256 -61.5278 12.9707
v 29.5385 -62.7607 14.1651
v 33.0532 -63.9265 14.8765
v 37.4129 -63.2709 15.1470
v 39.7179 -63.1574 13.5770
v 54.0237 -61.4919 12.9690
v 57.0532 -61.5226 13.0183
v 59.2148 -61.3098 12.6954
v 14.1990 -59.1574 12.8917
v 16.8495 -58.8799 12.9267
v 21.2201 -57.7811 14.1813
v 25.1366 -59.6150 14.3664
v 28.1969 -60.4181 15.6374
v 38.9860 -61.0907 16.4085
v 41.0901 -59.9287 14.8291
v 45.0532 -58.8173 14.4600
v 49.0532 -59.8245 14.4600
v 52.8355 -60.2996 14.3654
v 57.4258 -59.0825 15.2874
v 60.7501 -58.9018 13.8405
v 63.3580 -57.3980 13.2241
v 10.7081 -54.0227 12.7690
v 13.2615 -54.9493 14.1219
v 16.7759 -54.7885 14.9606
v 20.0431 -55.1574 15.3248
v 59.0075 -57.0452 16.4280
v 61.0532 -56.5031 16.0090
v 63.8880 -55.1013 14.5185
v 10.5417 -51.1574 12.9328
v 12.9902 -51.1574 14.9328
v 17.9244 -52.8224 16.0775
v 19.4282 -52.8224 16.0775
v 61.9647 -50.0082 16.0393
v 64.1936 -51.2679 14.6076
v 10.7162 -47.8996 12.7814
v 13.0591 -47.1213 14.4008
v 15.6568 -46.3430 16.0202
v 61.9647 -48.6369 16.0393
v 65.1417 -48.0914 14.6076
v 67.9601 -46.2153 14.4600
v 13.4067 -43.1574 14.0734
v 15.5586 -43.1574 16.0734
v 55.0089 -41.2313 16.3995
v 55.3061 -41.2313 16.3995
v 61.9814 -41.8825 15.6059
v 65.0532 -41.8969 15.6757
v 68.1973 -42.9139 14.7451
v 13.7078 -39.1574 13.8137
v 15.6555 -39.1574 15.8137
v 54.3461 -39.1574 15.7155
v 56.8049 -39.4726 15.0852
v 60.5495 -39.5260 14.0503
v 65.0532 -40.3242 13.6757
v 67.7509 -40.5011 13.6017
v 14.1716 -36.3169 13.0074
v 17.0929 -36.1146 14.3884
v 21.0532 -35.5231 14.4600
v 24.0629 -34.1962 14.4600
v 34.6438 -33.4226 16.0995
v 35.7708 -33.4226 16.0995
v 53.9782 -35.1574 15.4186
v 57.0532 -35.1574 13.6906
v 59.3197 -35.1574 12.7320
v 26.0629 -32.5894 14.4600
v 29.0532 -31.3769 14.4600
v 32.9284 -31.0157 14.4246
v 36.8728 -31.7144 14.4246
v 41.2642 -31.1383 14.4684
v 43.5838 -30.0116 15.8074
v 54.5184 -32.1150 16.0035
v 56.5845 -31.0660 14.3958
v 59.3441 -32.6837 12.7880
v 33.8796 -28.9547 12.7497
v 35.3081 -28.9547 12.7497
v 42.7382 -28.6566 13.1407
v 45.2504 -27.3265 14.1813
v 49.0532 -26.4200 14.8780
v 52.9198 -27.0138 14.3373
v 55.3502 -28.8446 14.4600
v 46.9170 -25.0985 12.5552
v 49.0532 -24.8942 12.8780
v 51.4975 -24.8654 12.9222
v -57.2829 22.5731 12.8348
v -54.6604 22.2936 14.2849
v -51.0731 22.1948 14.6327
v -48.2549 22.4084 13.4144
v -73.1748 26.5433 12.6740
v -72.0728 26.5433 12.6740
v -61.4714 26.4133 13.0889
v -58.7484 24.9850 13.8117
v -56.0181 24.8426 15.6780
v -49.8239 23.2253 16.0811
v -47.3887 24.6722 14.6327
v -37.6008 26.5548 15.3535
v -35.2258 26.4423 14.3249
v -30.9468 25.9412 13.6674
v -28.1914 26.1534 13.2335
v -73.5609 28.8426 12.8592
v -70.8224 28.6490 13.0303
v -66.7601 29.6537 14.3109
v -62.8616 28.1940 14.4374
v -58.9468 27.3297 15.8685
v -56.8526 26.9142 16.3758
v -45.5181 27.5904 14.4600
v -42.9468 28.0882 14.4600
v -38.9392 27.3928 14.1961
v -35.2258 27.1719 14.3249
v -30.9468 27.8284 15.6674
v -26.8936 28.2790 14.5241
v -23.7341 29.9563 14.4600
v -77.0807 34.2897 12.6031
v -74.9013 32.9109 13.3413
v -71.0157 33.0537 15.1063
v -67.9689 31.8611 15.5448
v -22.2981 33.0607 14.0918
v -20.9126 34.5394 12.5129
v -77.0807 35.6414 12.6031
v -75.2191 36.9219 13.5757
v -72.0124 36.8426 15.7473
v -22.2145 36.8426 15.0045
v -20.8747 36.8426 13.0045
v -74.3338 40.8426 13.6294
v -71.6648 40.8426 15.6294
v -21.4347 38.9262 15.7997
v -19.1179 40.7932 14.3545
v -16.8611 42.6603 12.9093
v -73.8633 44.8426 13.5171
v -71.6151 44.8426 15.5171
v -32.9760 46.7820 16.4171
v -31.9337 46.7820 16.4171
v -26.2730 45.7633 15.1994
v -22.9468 45.5169 14.9284
v -18.8022 44.6593 14.2939
v -16.8611 43.1644 12.9093
v -73.8604 48.8426 13.1256
v -71.5860 48.8426 15.1256
v -33.4380 48.8426 15.8520
v -30.7389 48.4457 15.3128
v -27.4500 48.2180 13.9457
v -22.9468 47.2208 12.9284
v -20.2533 47.2680 13.0118
v -73.6717 51.3880 12.7882
v -70.7144 51.6846 14.2569
v -66.9468 51.7765 14.4600
v -62.7129 53.4009 14.6627
v -60.3826 54.7193 16.1312
v -54.0137 54.3300 15.9389
v -50.6980 54.0970 14.5474
v -46.9468 53.8772 14.4600
v -44.5073 54.4248 14.4600
v -33.5725 52.0624 15.6922
v -31.3242 53.1745 14.7720
v -28.3817 52.8426 12.9258
v -61.2235 54.9927 13.4645
v -59.0083 55.2388 14.6627
v -55.1869 55.8067 14.5474
v -51.8655 55.9392 13.2723
v -43.6496 56.8426 14.4600
v -30.9579 56.6798 14.2934
v -28.5131 55.2379 12.8491
v -42.0891 59.6423 14.4600
v -38.5550 61.0998 14.0637
v -35.3400 60.8910 14.0637
v -32.4889 59.3813 14.4600
v -36.9605 62.8463 12.4661
v -36.9354 62.8463 12.4661
v 30.8636 -61.3271 16.5596
v 33.0532 -61.9265 17.0955
v 36.3193 -62.0132 17.2077
v 22.6647 -57.4328 17.0772
v 25.0532 -57.8095 17.4721
v 29.4855 -58.8400 18.2093
v 33.0532 -59.7847 19.0955
v 37.4129 -60.3311 18.5086
v 41.0532 -59.2901 18.4600
v 45.0420 -58.2219 18.4936
v 49.0532 -58.6097 17.6918
v 53.0532 -58.4000 17.5465
v 56.3408 -57.6993 16.9890
v 15.0078 -53.2092 16.4874
v 15.2577 -53.2092 16.4874
v 22.0113 -55.0257 18.4303
v 25.0532 -56.0883 19.4721
v 28.1073 -56.6181 19.8590
v 46.3678 -56.3313 19.8493
v 49.2338 -55.0618 19.6992
v 53.0532 -55.1574 18.7551
v 57.4258 -55.4901 17.4551
v 61.0532 -54.5031 17.6709
v 63.2084 -53.7305 17.4667
v 14.9902 -51.1574 16.5073
v 17.0229 -51.2710 17.8249
v 20.0422 -52.3278 18.4600
v 50.6875 -52.0542 20.2163
v 52.6753 -50.8955 19.1592
v 57.0532 -51.1574 17.5736
v 60.8001 -51.2679 17.5095
v 63.2084 -52.6749 17.4667
v 15.0146 -49.0097 16.4956
v 17.2225 -47.2718 18.2990
v 19.2901 -45.5339 20.1024
v 49.9352 -46.2871 20.0454
v 52.6753 -47.4352 19.0252
v 57.3666 -46.8920 18.5548
v 60.6804 -47.0093 18.2420
v 65.0532 -46.1853 17.9517
v 67.5215 -45.7152 17.6864
v 17.7579 -43.2462 18.6454
v 19.2901 -44.6387 20.1024
v 49.9504 -43.1574 19.9312
v 53.4266 -42.8017 17.9186
v 57.1075 -43.1392 18.0894
v 60.6888 -43.4648 18.2359
v 65.0532 -43.8969 17.9517
v 67.5215 -44.0850 17.6864
v 17.8355 -39.2504 18.5306
v 19.5026 -37.9791 19.9110
v 47.0233 -37.1753 20.4412
v 49.2417 -38.7681 19.6763
v 52.3461 -39.1574 17.4945
v 57.9728 -41.0160 16.5826
v 59.3148 -41.0160 16.5826
v 18.4527 -36.6478 17.2443
v 20.9229 -35.9521 18.5306
v 25.1974 -34.0066 18.6660
v 29.0532 -34.0357 19.4372
v 33.2076 -34.5529 18.2357
v 37.0838 -34.6806 18.1274
v 41.0532 -34.7062 18.7298
v 45.4353 -35.3148 19.6157
v 49.0532 -35.1574 18.9762
v 51.9782 -35.1574 17.2172
v 26.6269 -32.8616 17.4700
v 29.0532 -32.6641 17.4372
v 31.9772 -32.7954 16.7528
v 38.4375 -33.0675 16.5723
v 41.0532 -32.7306 16.7298
v 44.9716 -31.2699 17.5959
v 49.0532 -31.1574 19.0891
v 53.1323 -30.9320 18.2286
v 55.1420 -29.4483 17.5479
v 46.2505 -28.6631 17.0750
v 49.0532 -28.4200 17.8112
v 53.0532 -28.6806 18.1659
v 55.1420 -29.0105 17.5479
v -53.1361 22.7686 16.5543
v -52.4906 22.7686 16.5543
v -54.0181 24.8426 17.1604
v -51.0731 24.6722 17.4653
v -48.2036 25.8920 17.2016
v -37.6008 26.5548 16.7723
v -36.3064 26.5548 16.7723
v -65.3022 30.5303 17.1095
v -62.9468 30.0418 17.8920
v -59.2914 29.4132 18.8159
v -55.2903 27.7201 18.5638
v -50.9468 27.5699 19.6460
v -46.9009 27.6015 18.5050
v -42.8387 29.0901 18.6590
v -38.9392 28.6596 17.8139
v -34.9626 28.6858 17.8493
v -30.9468 29.8284 17.5152
v -26.5521 30.3602 18.2697
v -24.5841 30.5578 18.4600
v -69.7283 34.5278 16.8414
v -66.7166 32.9777 18.3088
v -62.9468 31.3667 19.8920
v -60.8545 30.9564 20.3865
v -41.4334 31.3747 20.1251
v -38.9468 31.6947 19.9181
v -35.0339 32.8050 19.6933
v -30.9468 32.8426 18.2372
v -26.5521 32.4513 18.5840
v -24.5781 32.4513 18.2280
v -70.0124 36.8426 17.3452
v -67.9576 36.8426 19.3452
v -34.3554 36.8426 19.2328
v -30.9468 36.8426 17.9942
v -26.9468 36.8426 17.5262
v -24.2145 36.8426 16.7648
v -69.6648 40.8426 17.2697
v -68.1398 40.8426 19.2697
v -34.6668 40.8426 18.9444
v -30.9468 40.8426 18.0440
v -26.9468 40.8426 17.9283
v -22.6201 40.7675 18.0392
v -20.1573 41.7300 18.4600
v -69.6151 44.8426 17.3566
v -68.2557 44.8426 19.3566
v -37.3128 45.7821 20.0322
v -34.9083 44.9487 18.4133
v -30.7389 45.2062 17.0796
v -27.3425 44.5950 17.0982
v -22.6621 43.4324 18.2792
v -20.1573 43.3893 18.4600
v -69.5860 48.8426 17.4424
v -67.9729 48.8426 19.4424
v -53.7384 50.4010 20.0968
v -52.1026 50.4010 20.0968
v -38.1993 48.8426 19.5196
v -35.4380 48.8426 17.5196
v -29.2670 46.8478 16.4636
v -28.9396 46.8478 16.4636
v -69.2261 51.0635 16.8551
v -66.7768 51.3042 18.2970
v -62.9468 53.0674 18.4600
v -59.0083 53.9800 18.1151
v -55.2094 52.6586 18.3244
v -50.8403 51.8739 18.6421
v -46.9468 52.3600 18.4600
v -43.1264 53.1404 18.5760
v -39.3292 52.4653 19.4182
v -34.9222 53.1745 17.3335
v -32.9091 54.7291 16.5122
v -57.7159 54.9219 16.5519
v -56.6804 54.9219 16.5519
v -41.9288 56.8426 17.3461
v -38.9468 56.8426 18.0650
v -34.8409 56.9898 18.6664
v -32.5799 56.9898 18.0913
v -41.2902 59.0870 16.7814
v -38.9468 59.0477 16.7476
v -34.8409 59.2259 18.0972
v -32.5164 59.3000 18.4600
v 30.5737 -57.5967 22.4600
v 33.0532 -58.4376 22.4600
v 37.0532 -58.5691 22.4600
v 40.7912 -57.8698 22.3181
v 43.7012 -57.5836 20.8901
v 22.6636 -53.6046 20.9942
v 24.9915 -54.1371 22.3805
v 28.5737 -56.0466 22.4600
v 41.8383 -55.1574 23.3143
v 45.0420 -55.0618 21.3115
v 48.0208 -53.6647 20.7401
v 18.7882 -49.7196 20.7236
v 21.2194 -51.0947 21.5370
v 23.7176 -51.1574 23.6085
v 42.5366 -52.6855 23.8356
v 45.2573 -51.2743 23.2778
v 49.2338 -50.8955 21.2703
v 51.0900 -49.3875 20.4898
v 18.7882 -48.2006 20.7236
v 20.9830 -47.0508 22.4237
v 23.3752 -48.5676 24.1238
v 46.7268 -48.5502 24.1673
v 48.6072 -47.4187 22.3286
v 51.0900 -48.9538 20.4898
v 58.9089 -45.3817 20.5346
v 59.3962 -45.3817 20.5346
v 18.8872 -41.9720 20.8193
v 20.5478 -43.2462 22.2756
v 37.8211 -41.6517 23.7751
v 41.0532 -41.8473 23.7247
v 43.9989 -41.5829 24.1646
v 48.1669 -43.1574 22.4600
v 58.9089 -45.0471 20.5346
v 59.3962 -45.0471 20.5346
v 18.8872 -40.6458 20.8193
v 20.4615 -39.2504 22.2756
v 26.7653 -37.8515 24.1980
v 29.0532 -38.3704 23.8661
v 33.0532 -38.8084 23.3060
v 36.7139 -39.5242 22.7903
v 41.0532 -39.1574 22.2850
v 45.5111 -39.1157 22.5637
v 47.8359 -40.0949 22.4600
v 21.8401 -35.6635 22.4600
v 25.9291 -34.5199 23.3441
v 28.1974 -34.8210 22.9576
v 33.0532 -36.7029 21.3060
v 37.0532 -36.8625 20.8866
v 41.0532 -36.7062 21.0203
v 44.3566 -36.7531 20.9628
v 27.0100 -33.1540 24.4129
v 27.0563 -33.1540 24.4129
v -58.1879 30.4775 21.4311
v -55.1872 29.4679 22.6427
v -50.9468 28.4094 22.4600
v -46.8990 29.3767 22.4791
v -44.1000 29.7177 21.1585
v -24.9556 30.8398 20.4631
v -24.9409 30.8398 20.4631
v -65.4643 34.0943 21.0689
v -63.0096 33.2978 22.4253
v -59.2914 31.4872 22.6427
v -56.6808 31.0766 24.0978
v -45.5338 31.8269 23.8252
v -42.9876 32.9341 22.5022
v -38.9468 33.6947 21.2209
v -36.4253 34.1133 20.7554
v -24.9556 30.8570 20.4631
v -24.9409 30.8570 20.4631
v -65.9576 36.8426 21.5311
v -64.2093 36.8426 23.5311
v -41.8751 36.0886 23.8459
v -39.3212 37.1902 22.8234
v -36.3554 36.8426 20.8749
v -66.0441 40.9266 22.5516
v -64.5254 39.6493 23.9459
v -56.9813 42.7767 24.4252
v -56.8970 42.7767 24.4252
v -38.5123 40.8426 22.7380
v -36.6668 40.8426 20.7380
v -21.1389 42.6089 20.5175
v -20.8231 42.6089 20.5175
v -66.6097 44.8426 22.4600
v -56.9813 43.0757 24.4252
v -56.8970 43.0757 24.4252
v -50.2215 46.3475 24.0781
v -46.9468 45.8124 23.9697
v -43.7580 45.9641 24.1882
v -38.4273 44.6063 22.1278
v -36.8406 43.1154 20.5729
v -21.1389 42.9266 20.5175
v -20.8231 42.9266 20.5175
v -66.3925 48.8426 22.4600
v -57.8497 49.6763 23.3647
v -55.0218 49.0874 22.2028
v -51.1621 48.6298 22.3268
v -46.9468 48.8426 22.2363
v -42.6335 48.4577 22.8501
v -40.3317 48.4577 22.0693
v -65.4784 51.3261 22.4600
v -62.5956 53.5541 22.5575
v -59.3741 52.8521 22.3269
v -56.4051 50.9871 20.6980
v -49.4360 50.9368 20.5755
v -46.9468 51.0508 20.7266
v -42.9468 51.0085 20.6516
v -40.9175 50.8804 20.4754
v -61.0281 54.8813 23.9559
v -60.8985 54.8813 23.9559
v -33.4369 58.4212 20.6717
v -32.6821 58.4212 20.6717
v -33.4369 59.1346 20.6717
v -32.6821 59.1346 20.6717
v 30.6931 -57.6386 24.9259
v 33.0532 -57.8102 25.2279
v 37.0532 -57.5519 25.0335
v 39.2832 -57.2942 24.6667
v 26.2470 -53.5597 26.4600
v 29.2817 -54.7589 26.5722
v 33.0532 -55.1574 26.7940
v 37.0532 -55.1574 26.4106
v 39.8383 -55.1574 25.2448
v 25.0778 -51.1574 26.4600
v 30.5370 -52.8766 28.2184
v 33.0532 -52.5055 28.0262
v 37.0532 -52.2008 27.8371
v 41.0605 -51.2446 26.6002
v 44.0601 -50.0189 25.2340
v 22.6760 -45.9010 24.9270
v 24.2830 -47.2035 26.3402
v 30.2907 -45.7063 27.6315
v 31.8973 -45.7063 27.6315
v 41.8617 -47.1574 27.5032
v 45.2573 -47.1931 25.5711
v 47.2792 -45.8835 24.9209
v 22.7438 -43.1574 24.8286
v 25.2184 -43.3615 26.4598
v 28.9957 -43.3615 26.5367
v 33.1596 -43.4573 26.4503
v 36.7139 -42.8085 26.0786
v 40.9812 -43.9640 26.4302
v 45.2206 -43.0127 25.1440
v 47.2697 -43.1574 24.8523
v 22.4765 -39.1574 24.7681
v 25.2805 -39.1739 24.8114
v 29.0532 -40.3704 24.6772
v 33.0532 -40.8084 24.5692
v 35.1545 -41.1022 24.4910
v 46.6656 -41.0562 24.5222
v 47.1159 -41.0562 24.5222
v 22.3196 -36.1167 24.8463
v 25.5543 -34.6591 24.6550
v 27.0563 -33.2015 24.4637
v 27.0100 -33.1540 24.4637
v 27.0563 -33.1540 24.4637
v -54.0141 29.8274 25.4599
v -50.9468 29.6821 25.7389
v -48.2005 30.3104 25.1653
v -61.8969 34.0047 26.4600
v -58.9468 33.0320 26.4600
v -55.1092 32.8608 26.8477
v -50.9468 32.8426 27.4231
v -46.8990 33.0332 25.6974
v -44.5418 34.4935 24.6801
v -62.7932 36.8426 26.4600
v -53.5376 35.1517 28.2354
v -50.9468 35.2967 28.1443
v -46.7072 36.6204 27.5539
v -43.1038 37.1902 25.2939
v -40.9040 38.7552 24.4970
v -65.1850 42.3160 24.6866
v -63.4537 40.9266 26.1959
v -57.6317 42.2979 26.4600
v -55.3169 42.0416 26.5602
v -51.6556 42.2340 27.9604
v -46.1284 40.8426 27.4496
v -42.9468 40.8426 26.0936
v -40.5123 40.8426 25.1040
v -65.3008 44.8426 24.8003
v -62.7366 44.6561 26.3693
v -58.7367 44.4704 25.8616
v -55.3169 44.5825 25.0098
v -50.9386 44.5992 26.2142
v -47.3318 43.6234 26.1720
v -42.6335 44.7155 25.0752
v -40.5229 44.8426 25.0890
v -65.3664 48.8426 24.8656
v -62.9468 48.8426 25.1120
v -59.0886 48.5428 24.7020
v -54.9468 46.9799 24.5220
v -52.8882 46.8586 24.4679
v -41.0913 46.8677 24.4769
v -40.9182 46.8677 24.4769
v -65.2723 51.2030 24.7736
v -62.5956 52.6588 24.8402
v -60.5878 52.8426 24.7000
v -61.0281 54.8813 24.5132
v -60.8985 54.8813 24.5132
v 26.7478 -53.3022 28.6053
v 27.8704 -53.3022 28.6053
v 26.4134 -51.1574 28.8423
v 29.1435 -51.3889 28.9498
v 33.0532 -50.5055 28.8647
v 37.0532 -50.2008 28.9897
v 39.5845 -49.8036 28.9332
v 26.3489 -47.1574 28.8732
v 28.9957 -47.0867 28.9745
v 33.1596 -47.0867 28.9029
v 37.0532 -47.1574 29.7732
v 41.1611 -46.3172 30.7102
v 43.0706 -45.1969 32.3912
v 26.6618 -44.8310 28.6465
v 27.6240 -44.8310 28.6465
v 34.5640 -44.9905 28.6586
v 37.0532 -44.8506 29.2435
v 41.2468 -45.0270 30.8486
v 43.0706 -45.1388 32.3912
v -61.4423 34.3323 28.8994
v -58.9468 34.3117 28.8723
v -56.2043 34.6451 28.5704
v -61.5308 36.8426 29.0312
v -58.9468 36.8426 29.4712
v -54.9013 36.6281 29.0004
v -50.9468 37.2967 29.1734
v -47.8807 37.8056 29.0973
v -61.3964 40.8426 28.8683
v -59.0740 40.8463 29.0724
v -54.9468 39.8908 29.0527
v -50.5721 40.8774 29.0422
v -48.1284 40.8426 28.9523
v -61.2631 43.1983 28.6822
v -60.4922 43.1983 28.6822
v -48.9890 42.8508 28.4791
v -48.9217 42.8508 28.4791
v 42.8937 -45.1969 32.4781
v 43.0706 -45.1969 32.4781
v 42.8937 -45.1388 32.4781
v 43.0706 -45.1388 32.4781
f 3 2 1
f 3 4 2
f 7 6 5
f 7 8 6
f 12 7 11
f 12 8 7
f 12 9 8
f 12 13 9
f 15 10 14
f 15 11 10
f 16 11 15
f 16 12 11
f 17 12 16
f 17 13 12
f 19 1 2
f 19 18 1
f 18 15 14
f 18 19 15
f 20 15 19
f 20 16 15
f 21 16 20
f 21 17 16
f 22 1 18
f 22 3 1
f 19 2 4
f 19 4 23
f 4 3 22
f 4 22 23
f 22 18 19
f 22 19 23
f 23 20 19
f 23 24 20
f 25 20 24
f 25 21 20
f 30 26 29
f 30 27 26
f 30 28 27
f 30 31 28
f 35 29 34
f 35 30 29
f 36 30 35
f 36 31 30
f 37 31 36
f 37 32 31
f 39 33 38
f 39 34 33
f 40 34 39
f 40 35 34
f 40 36 35
f 40 41 36
f 43 39 38
f 43 44 39
f 44 40 39
f 44 45 40
f 46 40 45
f 46 41 40
f 46 42 41
f 46 47 42
f 49 45 48
f 49 46 45
f 52 51 50
f 52 53 51
f 6 54 5
f 6 55 54
f 54 7 5
f 54 60 7
f 61 55 6
f 61 6 8
f 61 60 54
f 61 54 55
f 62 8 9
f 62 61 8
f 61 56 55
f 61 62 56
f 63 56 62
f 63 57 56
f 68 58 67
f 68 59 58
f 69 7 60
f 69 11 7
f 69 10 11
f 69 68 10
f 69 59 68
f 69 60 59
f 70 62 9
f 70 9 13
f 70 63 62
f 70 71 63
f 73 64 72
f 73 65 64
f 74 67 66
f 74 75 67
f 76 10 68
f 76 14 10
f 76 67 75
f 76 68 67
f 77 70 13
f 77 13 17
f 78 70 77
f 78 71 70
f 79 71 78
f 79 72 71
f 82 14 76
f 82 18 14
f 81 76 75
f 81 82 76
f 83 19 18
f 83 18 82
f 77 17 21
f 77 21 84
f 85 77 84
f 85 78 77
f 87 80 86
f 87 81 80
f 88 81 87
f 88 82 81
f 83 23 19
f 83 89 23
f 88 83 82
f 88 89 83
f 24 23 89
f 24 89 90
f 91 84 21
f 91 21 25
f 25 24 90
f 25 90 91
f 94 93 92
f 94 95 93
f 99 26 27
f 99 98 26
f 28 99 27
f 28 100 99
f 104 96 103
f 104 97 96
f 105 26 98
f 105 29 26
f 105 97 104
f 105 98 97
f 106 100 28
f 106 28 31
f 32 106 31
f 32 107 106
f 106 101 100
f 106 107 101
f 107 102 101
f 107 108 102
f 110 104 103
f 110 111 104
f 112 29 105
f 112 34 29
f 112 33 34
f 112 111 33
f 112 104 111
f 112 105 104
f 107 32 37
f 107 37 114
f 37 36 113
f 37 113 114
f 114 108 107
f 114 115 108
f 115 109 108
f 115 116 109
f 118 33 111
f 118 38 33
f 118 110 117
f 118 111 110
f 113 36 41
f 113 41 119
f 42 119 41
f 42 120 119
f 120 113 119
f 120 114 113
f 121 114 120
f 121 115 114
f 118 43 38
f 118 123 43
f 122 118 117
f 122 123 118
f 124 44 43
f 124 43 123
f 45 44 124
f 45 124 125
f 127 120 42
f 127 42 47
f 47 46 126
f 47 126 127
f 129 122 128
f 129 123 122
f 125 48 45
f 125 130 48
f 126 46 49
f 126 49 131
f 49 48 130
f 49 130 131
f 51 132 50
f 51 133 132
f 132 52 50
f 132 138 52
f 133 51 53
f 133 53 139
f 139 53 52
f 139 52 138
f 139 138 132
f 139 132 133
f 142 134 141
f 142 135 134
f 142 136 135
f 142 143 136
f 56 143 55
f 56 144 143
f 57 144 56
f 57 145 144
f 145 137 144
f 145 138 137
f 145 139 138
f 145 146 139
f 148 58 59
f 148 147 58
f 148 140 147
f 148 141 140
f 149 59 60
f 149 148 59
f 148 142 141
f 148 149 142
f 150 55 143
f 150 61 55
f 150 60 61
f 150 149 60
f 150 142 149
f 150 143 142
f 151 145 57
f 151 57 63
f 151 146 145
f 151 152 146
f 153 64 65
f 153 152 64
f 155 58 147
f 155 67 58
f 67 154 66
f 67 155 154
f 151 63 71
f 151 71 157
f 158 64 152
f 158 72 64
f 72 157 71
f 72 158 157
f 157 152 151
f 157 158 152
f 159 153 65
f 159 65 73
f 73 72 158
f 73 158 159
f 154 74 66
f 154 160 74
f 75 74 160
f 75 160 161
f 160 154 155
f 160 155 161
f 161 155 156
f 161 156 162
f 164 158 72
f 164 72 79
f 79 78 163
f 79 163 164
f 164 163 157
f 164 157 158
f 166 75 161
f 166 81 75
f 166 80 81
f 166 165 80
f 163 78 85
f 163 85 168
f 85 84 167
f 85 167 168
f 165 86 80
f 165 169 86
f 87 86 169
f 87 169 170
f 170 169 165
f 170 165 166
f 171 88 87
f 171 87 170
f 172 89 88
f 172 88 171
f 90 89 172
f 90 172 173
f 167 84 91
f 167 91 174
f 91 90 173
f 91 173 174
f 175 174 173
f 175 176 174
f 178 92 93
f 178 177 92
f 177 94 92
f 177 184 94
f 178 93 95
f 178 95 185
f 185 95 94
f 185 94 184
f 187 96 97
f 187 186 96
f 187 179 186
f 187 180 179
f 188 97 98
f 188 187 97
f 188 180 187
f 188 181 180
f 189 98 99
f 189 188 98
f 188 182 181
f 188 189 182
f 190 99 100
f 190 189 99
f 189 183 182
f 189 190 183
f 101 190 100
f 101 191 190
f 191 183 190
f 191 184 183
f 102 191 101
f 102 192 191
f 191 185 184
f 191 192 185
f 193 96 186
f 193 103 96
f 194 192 102
f 194 102 108
f 109 194 108
f 109 195 194
f 196 103 193
f 196 110 103
f 200 195 109
f 200 109 116
f 200 116 115
f 200 115 199
f 196 117 110
f 196 201 117
f 201 196 197
f 201 197 202
f 204 199 115
f 204 115 121
f 121 120 203
f 121 203 204
f 204 203 198
f 204 198 199
f 201 122 117
f 201 205 122
f 124 123 206
f 124 206 207
f 208 125 124
f 208 124 207
f 210 203 120
f 210 120 127
f 127 126 209
f 127 209 210
f 205 128 122
f 205 211 128
f 206 123 129
f 206 129 212
f 129 128 211
f 129 211 212
f 213 206 212
f 213 207 206
f 208 130 125
f 208 214 130
f 213 208 207
f 213 214 208
f 209 126 131
f 209 131 215
f 131 130 214
f 131 214 215
f 216 209 215
f 216 210 209
f 218 214 217
f 218 215 214
f 228 219 227
f 228 220 219
f 231 221 230
f 231 222 221
f 232 134 135
f 232 231 134
f 232 222 231
f 232 223 222
f 136 232 135
f 136 233 232
f 232 224 223
f 232 233 224
f 235 137 138
f 235 234 137
f 236 138 139
f 236 235 138
f 237 226 225
f 237 238 226
f 239 228 227
f 239 240 228
f 243 229 242
f 243 230 229
f 244 134 231
f 244 141 134
f 244 140 141
f 244 243 140
f 244 230 243
f 244 231 230
f 245 233 136
f 245 136 143
f 246 137 234
f 246 144 137
f 144 245 143
f 144 246 245
f 245 234 233
f 245 246 234
f 236 139 146
f 236 146 248
f 247 235 236
f 247 236 248
f 249 241 240
f 249 250 241
f 252 140 243
f 252 147 140
f 252 242 251
f 252 243 242
f 254 248 146
f 254 146 152
f 253 247 248
f 253 248 254
f 255 152 153
f 255 254 152
f 256 250 249
f 256 257 250
f 252 155 147
f 252 259 155
f 258 252 251
f 258 259 252
f 156 155 259
f 156 259 260
f 158 157 261
f 158 261 262
f 263 255 153
f 263 153 159
f 263 159 158
f 263 158 262
f 262 254 255
f 262 255 263
f 265 156 260
f 265 162 156
f 162 264 161
f 162 265 264
f 261 157 163
f 261 163 266
f 267 261 266
f 267 262 261
f 264 166 161
f 264 269 166
f 266 163 168
f 266 168 273
f 273 168 167
f 273 167 272
f 269 170 166
f 269 275 170
f 275 268 274
f 275 269 268
f 171 170 275
f 171 275 276
f 277 172 171
f 277 171 276
f 278 173 172
f 278 172 277
f 277 270 271
f 277 271 278
f 279 272 167
f 279 167 174
f 281 274 280
f 281 275 274
f 282 173 278
f 282 175 173
f 283 279 174
f 283 174 176
f 176 175 282
f 176 282 283
f 282 278 279
f 282 279 283
f 291 177 178
f 291 290 177
f 294 285 284
f 294 295 285
f 297 179 180
f 297 296 179
f 298 180 181
f 298 297 180
f 298 286 297
f 298 287 286
f 182 298 181
f 182 299 298
f 299 287 298
f 299 288 287
f 300 182 183
f 300 299 182
f 300 288 299
f 300 289 288
f 301 177 290
f 301 184 177
f 301 183 184
f 301 300 183
f 300 290 289
f 300 301 290
f 291 178 185
f 291 185 302
f 301 290 291
f 301 291 302
f 303 293 292
f 303 304 293
f 307 179 296
f 307 186 179
f 302 185 192
f 302 192 308
f 309 306 305
f 309 310 306
f 311 186 307
f 311 193 186
f 308 192 194
f 308 194 312
f 313 194 195
f 313 312 194
f 314 193 311
f 314 196 193
f 197 196 314
f 197 314 315
f 317 199 198
f 317 198 316
f 318 313 195
f 318 195 200
f 318 200 199
f 318 199 317
f 320 197 315
f 320 202 197
f 202 319 201
f 202 320 319
f 321 316 198
f 321 198 203
f 322 316 321
f 322 317 316
f 319 205 201
f 319 324 205
f 327 321 203
f 327 203 210
f 324 211 205
f 324 329 211
f 329 323 328
f 329 324 323
f 330 212 211
f 330 211 329
f 213 212 330
f 213 330 331
f 332 214 213
f 332 213 331
f 333 332 325
f 333 325 326
f 334 327 210
f 334 210 216
f 216 215 333
f 216 333 334
f 334 333 326
f 334 326 327
f 336 328 335
f 336 329 328
f 337 214 332
f 337 217 214
f 333 215 218
f 333 218 338
f 218 217 337
f 218 337 338
f 337 332 333
f 337 333 338
f 220 341 219
f 220 342 341
f 346 221 222
f 346 345 221
f 347 222 223
f 347 346 222
f 346 340 339
f 346 347 340
f 224 347 223
f 224 348 347
f 353 225 226
f 353 352 225
f 341 227 219
f 341 354 227
f 355 342 220
f 355 220 228
f 355 343 342
f 355 356 343
f 358 221 345
f 358 230 221
f 358 229 230
f 358 357 229
f 358 344 357
f 358 345 344
f 359 348 224
f 359 224 233
f 234 359 233
f 234 360 359
f 359 349 348
f 359 360 349
f 361 234 235
f 361 360 234
f 360 350 349
f 360 361 350
f 363 225 352
f 363 237 225
f 362 352 351
f 362 363 352
f 353 226 238
f 353 238 364
f 364 238 237
f 364 237 363
f 354 239 227
f 354 365 239
f 365 353 364
f 365 354 353
f 355 228 240
f 355 240 366
f 366 240 239
f 366 239 365
f 241 366 240
f 241 367 366
f 367 355 366
f 367 356 355
f 368 229 357
f 368 242 229
f 369 368 357
f 369 357 358
f 370 361 235
f 370 235 247
f 372 364 371
f 372 365 364
f 366 249 240
f 366 373 249
f 372 366 365
f 372 373 366
f 374 367 241
f 374 241 250
f 368 251 242
f 368 375 251
f 376 375 368
f 376 368 369
f 370 247 253
f 370 253 377
f 378 253 254
f 378 377 253
f 379 249 373
f 379 256 249
f 380 374 250
f 380 250 257
f 257 256 379
f 257 379 380
f 379 373 374
f 379 374 380
f 375 258 251
f 375 381 258
f 382 259 258
f 382 258 381
f 383 260 259
f 383 259 382
f 378 254 262
f 378 262 385
f 384 377 378
f 384 378 385
f 386 382 381
f 386 387 382
f 388 260 383
f 388 265 260
f 388 264 265
f 388 387 264
f 388 382 387
f 388 383 382
f 385 262 267
f 385 267 390
f 267 266 389
f 267 389 390
f 392 264 387
f 392 269 264
f 392 268 269
f 392 391 268
f 394 271 270
f 394 270 393
f 389 266 273
f 389 273 396
f 273 272 395
f 273 395 396
f 397 389 396
f 397 390 389
f 398 268 391
f 398 274 268
f 399 398 391
f 399 391 392
f 276 275 399
f 276 399 400
f 401 393 270
f 401 270 277
f 401 277 276
f 401 276 400
f 402 271 394
f 402 278 271
f 395 272 279
f 395 279 403
f 279 278 402
f 279 402 403
f 404 395 403
f 404 396 395
f 405 274 398
f 405 280 274
f 406 399 275
f 406 275 281
f 281 280 405
f 281 405 406
f 406 405 398
f 406 398 399
f 413 284 285
f 413 412 284
f 417 286 287
f 417 416 286
f 417 407 416
f 417 408 407
f 288 417 287
f 288 418 417
f 417 409 408
f 417 418 409
f 419 288 289
f 419 418 288
f 420 289 290
f 420 419 289
f 293 421 292
f 293 422 421
f 421 411 410
f 421 422 411
f 423 284 412
f 423 294 284
f 422 412 411
f 422 423 412
f 424 413 285
f 424 285 295
f 424 295 294
f 424 294 423
f 425 413 424
f 425 414 413
f 427 286 416
f 427 297 286
f 427 296 297
f 427 426 296
f 427 415 426
f 427 416 415
f 420 290 301
f 420 301 428
f 302 428 301
f 302 429 428
f 430 292 421
f 430 303 292
f 422 293 304
f 422 304 431
f 304 303 430
f 304 430 431
f 431 423 422
f 431 432 423
f 433 423 432
f 433 424 423
f 434 305 306
f 434 433 305
f 434 424 433
f 434 425 424
f 435 296 426
f 435 307 296
f 429 302 308
f 429 308 437
f 438 432 431
f 438 439 432
f 433 309 305
f 433 440 309
f 440 432 439
f 440 433 432
f 441 434 306
f 441 306 310
f 441 310 309
f 441 309 440
f 435 311 307
f 435 443 311
f 445 437 308
f 445 308 312
f 445 444 436
f 445 436 437
f 446 312 313
f 446 445 312
f 448 311 443
f 448 314 311
f 448 442 447
f 448 443 442
f 449 315 314
f 449 314 448
f 450 444 445
f 450 445 451
f 446 313 318
f 446 318 452
f 452 318 317
f 452 317 451
f 452 451 445
f 452 445 446
f 453 448 447
f 453 454 448
f 455 315 449
f 455 320 315
f 455 319 320
f 455 454 319
f 454 449 448
f 454 455 449
f 451 317 322
f 451 322 457
f 322 321 456
f 322 456 457
f 459 319 454
f 459 324 319
f 459 323 324
f 459 458 323
f 462 326 325
f 462 325 461
f 456 321 327
f 456 327 463
f 327 326 462
f 327 462 463
f 464 456 463
f 464 457 456
f 465 323 458
f 465 328 323
f 466 465 458
f 466 458 459
f 330 329 466
f 330 466 467
f 331 330 467
f 331 467 468
f 469 461 325
f 469 325 332
f 469 332 331
f 469 331 468
f 469 468 460
f 469 460 461
f 471 462 470
f 471 463 462
f 465 335 328
f 465 472 335
f 466 329 336
f 466 336 473
f 336 335 472
f 336 472 473
f 473 472 465
f 473 465 466
f 478 339 340
f 478 477 339
f 478 474 477
f 478 475 474
f 342 479 341
f 342 480 479
f 343 480 342
f 343 481 480
f 483 344 345
f 483 482 344
f 484 339 477
f 484 346 339
f 484 345 346
f 484 483 345
f 484 476 483
f 484 477 476
f 485 478 340
f 485 340 347
f 348 485 347
f 348 486 485
f 487 348 349
f 487 486 348
f 488 349 350
f 488 487 349
f 490 351 352
f 490 489 351
f 491 352 353
f 491 490 352
f 492 341 479
f 492 354 341
f 492 353 354
f 492 491 353
f 481 343 356
f 481 356 493
f 494 344 482
f 494 357 344
f 495 358 357
f 495 357 494
f 496 486 487
f 496 487 497
f 488 350 361
f 488 361 498
f 497 487 488
f 497 488 498
f 500 351 489
f 500 362 351
f 501 363 362
f 501 362 500
f 502 364 363
f 502 363 501
f 503 493 356
f 503 356 367
f 495 369 358
f 495 504 369
f 498 361 370
f 498 370 505
f 505 499 498
f 505 506 499
f 502 371 364
f 502 510 371
f 509 502 501
f 509 510 502
f 511 372 371
f 511 371 510
f 512 373 372
f 512 372 511
f 513 503 367
f 513 367 374
f 374 373 512
f 374 512 513
f 515 369 504
f 515 376 369
f 376 514 375
f 376 515 514
f 505 370 377
f 505 377 516
f 517 508 507
f 517 518 508
f 520 509 519
f 520 510 509
f 520 511 510
f 520 521 511
f 521 512 511
f 521 522 512
f 522 513 512
f 522 523 513
f 514 381 375
f 514 524 381
f 516 377 384
f 516 384 525
f 526 384 385
f 526 525 384
f 527 519 518
f 527 528 519
f 529 519 528
f 529 520 519
f 530 520 529
f 530 521 520
f 531 521 530
f 531 522 521
f 524 386 381
f 524 533 386
f 532 524 523
f 532 533 524
f 534 387 386
f 534 386 533
f 526 385 390
f 526 390 535
f 536 529 528
f 536 537 529
f 538 529 537
f 538 530 529
f 539 533 532
f 539 540 533
f 534 392 387
f 534 541 392
f 540 534 533
f 540 541 534
f 543 394 393
f 543 393 542
f 535 390 397
f 535 397 545
f 397 396 544
f 397 544 545
f 547 392 541
f 547 399 392
f 546 541 540
f 546 547 541
f 548 400 399
f 548 399 547
f 542 393 401
f 542 401 549
f 401 400 548
f 401 548 549
f 543 402 394
f 543 550 402
f 550 542 549
f 550 543 542
f 551 403 402
f 551 402 550
f 544 396 404
f 544 404 552
f 404 403 551
f 404 551 552
f 553 544 552
f 553 545 544
f 561 555 554
f 561 562 555
f 563 407 408
f 563 562 407
f 564 408 409
f 564 563 408
f 563 557 556
f 563 564 557
f 567 410 411
f 567 566 410
f 412 567 411
f 412 568 567
f 413 568 412
f 413 569 568
f 569 558 568
f 569 559 558
f 414 569 413
f 414 570 569
f 569 560 559
f 569 570 560
f 573 407 562
f 573 416 407
f 573 415 416
f 573 572 415
f 573 561 572
f 573 562 561
f 574 564 409
f 574 409 418
f 419 574 418
f 419 575 574
f 576 419 420
f 576 575 419
f 578 410 566
f 578 421 410
f 578 565 577
f 578 566 565
f 579 570 414
f 579 414 425
f 579 571 570
f 579 580 571
f 581 415 572
f 581 426 415
f 580 572 571
f 580 581 572
f 583 576 420
f 583 420 428
f 584 428 429
f 584 583 428
f 578 430 421
f 578 586 430
f 585 578 577
f 585 586 578
f 587 431 430
f 587 430 586
f 588 579 425
f 588 425 434
f 581 435 426
f 581 589 435
f 589 581 582
f 589 582 590
f 592 584 429
f 592 429 437
f 592 437 436
f 592 436 591
f 587 438 431
f 587 595 438
f 594 587 586
f 594 595 587
f 596 439 438
f 596 438 595
f 597 440 439
f 597 439 596
f 588 434 441
f 588 441 598
f 441 440 597
f 441 597 598
f 600 435 589
f 600 443 435
f 600 442 443
f 600 599 442
f 601 591 436
f 601 436 444
f 603 593 602
f 603 594 593
f 604 594 603
f 604 595 594
f 604 596 595
f 604 605 596
f 605 597 596
f 605 606 597
f 607 597 606
f 607 598 597
f 599 447 442
f 599 608 447
f 601 444 450
f 601 450 609
f 610 450 451
f 610 609 450
f 611 604 603
f 611 612 604
f 613 604 612
f 613 605 604
f 614 605 613
f 614 606 605
f 608 453 447
f 608 615 453
f 616 454 453
f 616 453 615
f 610 451 457
f 610 457 617
f 619 612 618
f 619 613 612
f 616 459 454
f 616 621 459
f 620 616 615
f 620 621 616
f 623 461 460
f 623 460 622
f 624 462 461
f 624 461 623
f 617 457 464
f 617 464 626
f 464 463 625
f 464 625 626
f 627 459 621
f 627 466 459
f 467 466 627
f 467 627 628
f 622 460 468
f 622 468 629
f 629 468 467
f 629 467 628
f 630 622 629
f 630 623 622
f 624 470 462
f 624 631 470
f 630 624 623
f 630 631 624
f 625 463 471
f 625 471 632
f 632 471 470
f 632 470 631
f 633 625 632
f 633 626 625
f 475 635 474
f 475 636 635
f 640 474 635
f 640 477 474
f 640 476 477
f 640 639 476
f 640 634 639
f 640 635 634
f 641 636 475
f 641 475 478
f 641 637 636
f 641 642 637
f 480 643 479
f 480 644 643
f 645 480 481
f 645 644 480
f 647 476 639
f 647 483 476
f 647 482 483
f 647 646 482
f 647 638 646
f 647 639 638
f 648 641 478
f 648 478 485
f 486 648 485
f 486 649 648
f 648 642 641
f 648 649 642
f 652 489 490
f 652 651 489
f 653 490 491
f 653 652 490
f 643 492 479
f 643 654 492
f 492 653 491
f 492 654 653
f 654 643 644
f 654 644 655
f 656 645 481
f 656 481 493
f 657 482 646
f 657 494 482
f 495 494 657
f 495 657 658
f 659 649 486
f 659 486 496
f 497 659 496
f 497 660 659
f 659 650 649
f 659 660 650
f 661 497 498
f 661 660 497
f 499 661 498
f 499 662 661
f 651 500 489
f 651 665 500
f 666 501 500
f 666 500 665
f 656 493 503
f 656 503 668
f 667 655 656
f 667 656 668
f 658 504 495
f 658 669 504
f 662 499 506
f 662 506 672
f 672 506 505
f 672 505 671
f 671 661 662
f 671 662 672
f 673 664 663
f 673 674 664
f 675 507 508
f 675 674 507
f 675 664 674
f 675 665 664
f 666 509 501
f 666 676 509
f 675 666 665
f 675 676 666
f 677 668 503
f 677 503 513
f 669 515 504
f 669 679 515
f 515 678 514
f 515 679 678
f 680 679 669
f 680 669 670
f 671 505 516
f 671 516 681
f 684 507 674
f 684 517 507
f 684 673 683
f 684 674 673
f 685 675 508
f 685 508 518
f 685 518 517
f 685 517 684
f 686 509 676
f 686 519 509
f 686 518 519
f 686 685 518
f 686 675 685
f 686 676 675
f 677 513 523
f 677 523 688
f 523 522 687
f 523 687 688
f 689 514 678
f 689 524 514
f 689 523 524
f 689 688 523
f 690 681 516
f 690 516 525
f 526 690 525
f 526 691 690
f 690 682 681
f 690 691 682
f 693 683 692
f 693 684 683
f 685 527 518
f 685 694 527
f 694 684 693
f 694 685 684
f 695 528 527
f 695 527 694
f 687 522 531
f 687 531 697
f 531 530 696
f 531 696 697
f 698 523 688
f 698 532 523
f 702 691 526
f 702 526 535
f 695 536 528
f 695 703 536
f 537 536 703
f 537 703 704
f 696 530 538
f 696 538 705
f 538 537 704
f 538 704 705
f 706 532 698
f 706 539 532
f 707 540 539
f 707 539 706
f 709 699 700
f 709 700 710
f 713 702 535
f 713 535 545
f 713 712 701
f 713 701 702
f 707 546 540
f 707 714 546
f 715 547 546
f 715 546 714
f 548 547 715
f 548 715 716
f 717 549 548
f 717 548 716
f 717 716 708
f 717 708 709
f 718 550 549
f 718 549 717
f 717 709 710
f 717 710 718
f 551 550 718
f 551 718 719
f 718 710 711
f 718 711 719
f 720 552 551
f 720 551 719
f 720 719 711
f 720 711 712
f 713 545 553
f 713 553 721
f 553 552 720
f 553 720 721
f 720 712 713
f 720 713 721
f 555 722 554
f 555 723 722
f 725 556 557
f 725 724 556
f 559 726 558
f 559 727 726
f 560 727 559
f 560 728 727
f 730 554 722
f 730 561 554
f 731 723 555
f 731 555 562
f 732 556 724
f 732 563 556
f 563 731 562
f 563 732 731
f 731 724 723
f 731 732 724
f 733 725 557
f 733 557 564
f 735 565 566
f 735 734 565
f 736 566 567
f 736 735 566
f 726 568 558
f 726 737 568
f 737 567 568
f 737 736 567
f 738 737 726
f 738 726 727
f 739 728 560
f 739 560 570
f 571 739 570
f 571 740 739
f 741 561 730
f 741 572 561
f 741 571 572
f 741 740 571
f 741 729 740
f 741 730 729
f 742 733 564
f 742 564 574
f 575 742 574
f 575 743 742
f 744 575 576
f 744 743 575
f 734 577 565
f 734 745 577
f 746 745 734
f 746 734 735
f 748 580 579
f 748 579 747
f 748 747 739
f 748 739 740
f 749 581 580
f 749 580 748
f 748 740 741
f 748 741 749
f 582 581 749
f 582 749 750
f 744 576 583
f 744 583 752
f 751 743 744
f 751 744 752
f 753 583 584
f 753 752 583
f 745 585 577
f 745 756 585
f 757 586 585
f 757 585 756
f 747 579 588
f 747 588 758
f 750 590 582
f 750 760 590
f 590 759 589
f 590 760 759
f 762 753 584
f 762 584 592
f 762 592 591
f 762 591 761
f 761 752 753
f 761 753 762
f 764 754 763
f 764 755 754
f 765 755 764
f 765 756 755
f 757 594 586
f 757 766 594
f 766 593 594
f 766 765 593
f 765 757 756
f 765 766 757
f 758 588 598
f 758 598 767
f 759 600 589
f 759 769 600
f 769 599 600
f 769 768 599
f 770 769 759
f 770 759 760
f 771 761 591
f 771 591 601
f 774 763 773
f 774 764 763
f 765 602 593
f 765 775 602
f 775 764 774
f 775 765 764
f 776 603 602
f 776 602 775
f 767 598 607
f 767 607 778
f 607 606 777
f 607 777 778
f 779 599 768
f 779 608 599
f 779 767 778
f 779 768 767
f 780 771 601
f 780 601 609
f 610 780 609
f 610 781 780
f 780 772 771
f 780 781 772
f 783 774 773
f 783 784 774
f 785 774 784
f 785 775 774
f 776 611 603
f 776 786 611
f 785 776 775
f 785 786 776
f 787 612 611
f 787 611 786
f 777 606 614
f 777 614 789
f 614 613 788
f 614 788 789
f 779 615 608
f 779 791 615
f 790 779 778
f 790 791 779
f 781 610 617
f 781 617 795
f 795 782 781
f 795 796 782
f 787 618 612
f 787 797 618
f 788 613 619
f 788 619 798
f 619 618 797
f 619 797 798
f 791 620 615
f 791 799 620
f 800 621 620
f 800 620 799
f 803 802 792
f 803 792 793
f 806 795 617
f 806 617 626
f 806 805 794
f 806 794 795
f 800 627 621
f 800 808 627
f 807 800 799
f 807 808 800
f 809 628 627
f 809 627 808
f 810 629 628
f 810 628 809
f 810 809 801
f 810 801 802
f 630 629 810
f 630 810 811
f 811 810 802
f 811 802 803
f 812 631 630
f 812 630 811
f 811 803 804
f 811 804 812
f 813 632 631
f 813 631 812
f 813 812 804
f 813 804 805
f 806 626 633
f 806 633 814
f 633 632 813
f 633 813 814
f 813 805 806
f 813 806 814
f 816 634 635
f 816 815 634
f 817 635 636
f 817 816 635
f 818 636 637
f 818 817 636
f 815 639 634
f 815 820 639
f 820 638 639
f 820 819 638
f 821 820 815
f 821 815 816
f 818 637 642
f 818 642 823
f 822 817 818
f 822 818 823
f 830 644 645
f 830 829 644
f 831 638 819
f 831 646 638
f 832 831 819
f 832 819 820
f 833 823 642
f 833 642 649
f 650 833 649
f 650 834 833
f 837 824 836
f 837 825 824
f 838 651 652
f 838 837 651
f 838 825 837
f 838 826 825
f 839 652 653
f 839 838 652
f 838 827 826
f 838 839 827
f 654 839 653
f 654 840 839
f 839 828 827
f 839 840 828
f 829 655 644
f 829 841 655
f 655 840 654
f 655 841 840
f 840 829 828
f 840 841 829
f 830 645 656
f 830 656 842
f 842 656 655
f 842 655 841
f 841 829 830
f 841 830 842
f 843 646 831
f 843 657 646
f 844 658 657
f 844 657 843
f 845 834 650
f 845 650 660
f 661 845 660
f 661 846 845
f 848 663 664
f 848 847 663
f 848 835 847
f 848 836 835
f 849 651 837
f 849 665 651
f 849 664 665
f 849 848 664
f 849 836 848
f 849 837 836
f 850 841 655
f 850 655 667
f 668 850 667
f 668 851 850
f 850 842 841
f 850 851 842
f 852 658 844
f 852 669 658
f 670 669 852
f 670 852 853
f 854 846 661
f 854 661 671
f 856 663 847
f 856 673 663
f 857 851 668
f 857 668 677
f 859 678 679
f 859 858 678
f 853 680 670
f 853 860 680
f 680 859 679
f 680 860 859
f 860 852 859
f 860 853 852
f 861 854 671
f 861 671 681
f 682 861 681
f 682 862 861
f 864 673 856
f 864 683 673
f 863 856 855
f 863 864 856
f 866 857 677
f 866 677 688
f 866 688 687
f 866 687 865
f 867 678 858
f 867 689 678
f 689 866 688
f 689 867 866
f 867 857 866
f 867 858 857
f 868 867 858
f 868 858 859
f 869 862 682
f 869 682 691
f 870 683 864
f 870 692 683
f 871 693 692
f 871 692 870
f 872 694 693
f 872 693 871
f 873 695 694
f 873 694 872
f 865 687 697
f 865 697 875
f 697 696 874
f 697 874 875
f 866 698 688
f 866 876 698
f 876 865 875
f 876 866 865
f 700 699 877
f 700 877 878
f 880 869 691
f 880 691 702
f 880 702 701
f 880 701 879
f 873 703 695
f 873 882 703
f 881 873 872
f 881 882 873
f 883 704 703
f 883 703 882
f 874 696 705
f 874 705 884
f 705 704 883
f 705 883 884
f 885 874 884
f 885 875 874
f 876 706 698
f 876 886 706
f 886 875 885
f 886 876 875
f 707 706 886
f 707 886 887
f 877 699 709
f 877 709 890
f 890 709 708
f 890 708 889
f 891 700 878
f 891 710 700
f 890 878 877
f 890 891 878
f 892 711 710
f 892 710 891
f 893 879 701
f 893 701 712
f 712 711 892
f 712 892 893
f 894 707 887
f 894 714 707
f 715 714 894
f 715 894 895
f 894 887 888
f 894 888 895
f 896 889 708
f 896 708 716
f 896 716 715
f 896 715 895
f 896 895 888
f 896 888 889
f 898 722 723
f 898 897 722
f 899 723 724
f 899 898 723
f 725 899 724
f 725 900 899
f 728 903 727
f 728 904 903
f 897 730 722
f 897 906 730
f 730 905 729
f 730 906 905
f 900 725 733
f 900 733 907
f 908 902 901
f 908 909 902
f 736 910 735
f 736 911 910
f 912 736 737
f 912 911 736
f 903 738 727
f 903 913 738
f 738 912 737
f 738 913 912
f 914 904 728
f 914 728 739
f 914 913 903
f 914 903 904
f 915 729 905
f 915 740 729
f 741 740 915
f 741 915 916
f 916 915 905
f 916 905 906
f 917 907 733
f 917 733 742
f 918 742 743
f 918 917 742
f 921 908 920
f 921 909 908
f 922 735 910
f 922 746 735
f 922 745 746
f 922 921 745
f 922 909 921
f 922 910 909
f 914 739 747
f 914 747 924
f 923 913 914
f 923 914 924
f 916 749 741
f 916 926 749
f 927 750 749
f 927 749 926
f 918 743 751
f 918 751 928
f 929 751 752
f 929 928 751
f 932 754 755
f 932 931 754
f 932 919 931
f 932 920 919
f 933 745 921
f 933 756 745
f 933 755 756
f 933 932 755
f 933 920 932
f 933 921 920
f 934 924 747
f 934 747 758
f 934 925 924
f 934 935 925
f 927 760 750
f 927 937 760
f 936 927 926
f 936 937 927
f 938 929 752
f 938 752 761
f 938 930 929
f 938 939 930
f 940 754 931
f 940 763 754
f 941 934 758
f 941 758 767
f 768 941 767
f 768 942 941
f 941 935 934
f 941 942 935
f 943 768 769
f 943 942 768
f 937 770 760
f 937 944 770
f 770 943 769
f 770 944 943
f 945 938 761
f 945 761 771
f 772 945 771
f 772 946 945
f 945 939 938
f 945 946 939
f 947 763 940
f 947 773 763
f 950 778 777
f 950 777 949
f 952 951 943
f 952 943 944
f 953 946 772
f 953 772 781
f 782 953 781
f 782 954 953
f 955 773 947
f 955 783 773
f 784 783 955
f 784 955 956
f 955 947 948
f 955 948 956
f 785 784 956
f 785 956 957
f 958 786 785
f 958 785 957
f 959 787 786
f 959 786 958
f 949 777 789
f 949 789 961
f 789 788 960
f 789 960 961
f 950 790 778
f 950 962 790
f 962 949 961
f 962 950 949
f 963 791 790
f 963 790 962
f 965 793 792
f 965 792 964
f 967 795 794
f 967 794 966
f 954 782 796
f 954 796 968
f 968 796 795
f 968 795 967
f 968 967 953
f 968 953 954
f 959 797 787
f 959 970 797
f 969 959 958
f 969 970 959
f 960 788 798
f 960 798 971
f 798 797 970
f 798 970 971
f 972 960 971
f 972 961 960
f 963 799 791
f 963 973 799
f 976 964 792
f 976 792 802
f 976 802 801
f 976 801 975
f 977 793 965
f 977 803 793
f 804 803 977
f 804 977 978
f 979 966 794
f 979 794 805
f 805 804 978
f 805 978 979
f 980 966 979
f 980 967 966
f 981 799 973
f 981 807 799
f 982 808 807
f 982 807 981
f 981 973 974
f 981 974 982
f 983 975 801
f 983 801 809
f 983 809 808
f 983 808 982
f 983 982 974
f 983 974 975
f 985 816 817
f 985 984 816
f 984 821 816
f 984 992 821
f 821 991 820
f 821 992 991
f 985 817 822
f 985 822 993
f 992 984 985
f 992 985 993
f 994 822 823
f 994 993 822
f 996 986 995
f 996 987 986
f 997 824 825
f 997 996 824
f 997 987 996
f 997 988 987
f 998 825 826
f 998 997 825
f 998 988 997
f 998 989 988
f 999 826 827
f 999 998 826
f 998 990 989
f 998 999 990
f 1000 827 828
f 1000 999 827
f 1001 828 829
f 1001 1000 828
f 991 832 820
f 991 1003 832
f 832 1002 831
f 832 1003 1002
f 994 823 833
f 994 833 1004
f 834 1004 833
f 834 1005 1004
f 1007 824 996
f 1007 836 824
f 1007 835 836
f 1007 1006 835
f 1007 995 1006
f 1007 996 995
f 1008 1001 829
f 1008 829 841
f 842 1008 841
f 842 1009 1008
f 1002 843 831
f 1002 1010 843
f 1011 844 843
f 1011 843 1010
f 1011 1010 1002
f 1011 1002 1003
f 1005 834 845
f 1005 845 1012
f 846 1012 845
f 846 1013 1012
f 1015 835 1006
f 1015 847 835
f 1009 842 851
f 1009 851 1017
f 1016 1008 1009
f 1016 1009 1017
f 1018 1009 1017
f 1018 1010 1009
f 1019 844 1011
f 1019 852 844
f 1013 846 854
f 1013 854 1020
f 1023 847 1015
f 1023 856 847
f 1023 855 856
f 1023 1022 855
f 1023 1014 1022
f 1023 1015 1014
f 1024 1017 851
f 1024 851 857
f 1025 857 858
f 1025 1024 857
f 1024 1018 1017
f 1024 1025 1018
f 1026 852 1019
f 1026 859 852
f 1025 1019 1018
f 1025 1026 1019
f 1029 1020 854
f 1029 854 861
f 862 1029 861
f 862 1030 1029
f 1029 1021 1020
f 1029 1030 1021
f 1022 863 855
f 1022 1031 863
f 1032 864 863
f 1032 863 1031
f 1033 1025 858
f 1033 858 867
f 1026 868 859
f 1026 1034 868
f 868 1033 867
f 868 1034 1033
f 1033 1026 1025
f 1033 1034 1026
f 1035 1027 1028
f 1035 1028 1036
f 1037 1030 862
f 1037 862 869
f 1032 870 864
f 1032 1039 870
f 1038 1032 1031
f 1038 1039 1032
f 1040 871 870
f 1040 870 1039
f 1041 872 871
f 1041 871 1040
f 1045 1037 869
f 1045 869 880
f 880 879 1044
f 880 1044 1045
f 1047 1038 1046
f 1047 1039 1038
f 1047 1040 1039
f 1047 1048 1040
f 1041 881 872
f 1041 1049 881
f 1048 1041 1040
f 1048 1049 1041
f 1050 882 881
f 1050 881 1049
f 1051 883 882
f 1051 882 1050
f 1052 884 883
f 1052 883 1051
f 885 884 1052
f 885 1052 1053
f 1054 886 885
f 1054 885 1053
f 887 886 1054
f 887 1054 1055
f 1055 1054 1042
f 1055 1042 1043
f 1056 888 887
f 1056 887 1055
f 1057 889 888
f 1057 888 1056
f 890 889 1057
f 890 1057 1058
f 891 890 1058
f 891 1058 1059
f 1060 892 891
f 1060 891 1059
f 1044 879 893
f 1044 893 1061
f 1061 893 892
f 1061 892 1060
f 1062 1050 1049
f 1062 1063 1050
f 1065 1053 1064
f 1065 1054 1053
f 1066 1059 1058
f 1066 1067 1059
f 898 1070 897
f 898 1071 1070
f 899 1071 898
f 899 1072 1071
f 900 1072 899
f 900 1073 1072
f 1076 901 902
f 1076 1075 901
f 1078 1068 1077
f 1078 1069 1068
f 1070 906 897
f 1070 1079 906
f 1080 1079 1070
f 1080 1070 1071
f 1073 900 907
f 1073 907 1081
f 1083 901 1075
f 1083 908 901
f 1083 1074 1082
f 1083 1075 1074
f 1084 1076 902
f 1084 902 909
f 1085 909 910
f 1085 1084 909
f 1085 1076 1084
f 1085 1077 1076
f 911 1085 910
f 911 1086 1085
f 1085 1078 1077
f 1085 1086 1078
f 1087 911 912
f 1087 1086 911
f 1088 912 913
f 1088 1087 912
f 1089 906 1079
f 1089 916 906
f 1081 907 917
f 1081 917 1090
f 918 1090 917
f 918 1091 1090
f 1093 908 1083
f 1093 920 908
f 1093 919 920
f 1093 1092 919
f 1093 1082 1092
f 1093 1083 1082
f 1088 913 923
f 1088 923 1094
f 1095 923 924
f 1095 1094 923
f 925 1095 924
f 925 1096 1095
f 1097 916 1089
f 1097 926 916
f 1098 1091 918
f 1098 918 928
f 1099 928 929
f 1099 1098 928
f 930 1099 929
f 930 1100 1099
f 1101 919 1092
f 1101 931 919
f 1102 1094 1095
f 1102 1095 1103
f 1096 925 935
f 1096 935 1104
f 1103 1095 1096
f 1103 1096 1104
f 1097 936 926
f 1097 1105 936
f 1106 937 936
f 1106 936 1105
f 1100 930 939
f 1100 939 1107
f 1101 940 931
f 1101 1110 940
f 1111 1104 935
f 1111 935 942
f 943 1111 942
f 943 1112 1111
f 1111 1105 1104
f 1111 1112 1105
f 1106 944 937
f 1106 1113 944
f 1112 1106 1105
f 1112 1113 1106
f 1114 1107 939
f 1114 939 946
f 1114 1108 1107
f 1114 1115 1108
f 1117 940 1110
f 1117 947 940
f 1116 1110 1109
f 1116 1117 1110
f 1118 948 947
f 1118 947 1117
f 1119 1112 943
f 1119 943 951
f 1113 952 944
f 1113 1120 952
f 952 1119 951
f 952 1120 1119
f 1119 1113 1112
f 1119 1120 1113
f 1114 946 953
f 1114 953 1121
f 1118 956 948
f 1118 1123 956
f 1122 1118 1117
f 1122 1123 1118
f 957 956 1123
f 957 1123 1124
f 1125 958 957
f 1125 957 1124
f 962 961 1126
f 962 1126 1127
f 963 962 1127
f 963 1127 1128
f 1132 965 964
f 1132 964 1131
f 1134 1121 953
f 1134 953 967
f 1136 1122 1135
f 1136 1123 1122
f 1136 1124 1123
f 1136 1137 1124
f 1125 969 958
f 1125 1138 969
f 1137 1125 1124
f 1137 1138 1125
f 1139 970 969
f 1139 969 1138
f 971 970 1139
f 971 1139 1140
f 1126 961 972
f 1126 972 1141
f 972 971 1140
f 972 1140 1141
f 1141 1127 1126
f 1141 1142 1127
f 1143 963 1128
f 1143 973 963
f 1142 1128 1127
f 1142 1143 1128
f 1144 974 973
f 1144 973 1143
f 1143 1128 1129
f 1143 1129 1144
f 1145 975 974
f 1145 974 1144
f 1131 964 976
f 1131 976 1146
f 976 975 1145
f 976 1145 1146
f 1146 1145 1130
f 1146 1130 1131
f 1132 977 965
f 1132 1147 977
f 1146 1132 1131
f 1146 1147 1132
f 1148 978 977
f 1148 977 1147
f 1149 979 978
f 1149 978 1148
f 1134 967 980
f 1134 980 1150
f 1150 980 979
f 1150 979 1149
f 1150 1149 1133
f 1150 1133 1134
f 1152 1142 1151
f 1152 1143 1142
f 1153 1147 1146
f 1153 1154 1147
f 1164 986 987
f 1164 1163 986
f 1165 987 988
f 1165 1164 987
f 1165 1155 1164
f 1165 1156 1155
f 989 1165 988
f 989 1166 1165
f 1165 1157 1156
f 1165 1166 1157
f 990 1166 989
f 990 1167 1166
f 1166 1158 1157
f 1166 1167 1158
f 1168 1158 1167
f 1168 1159 1158
f 1173 991 992
f 1173 1172 991
f 1173 1160 1172
f 1173 1161 1160
f 1174 992 993
f 1174 1173 992
f 994 1174 993
f 994 1175 1174
f 1177 986 1163
f 1177 995 986
f 1177 1162 1176
f 1177 1163 1162
f 1178 1167 990
f 1178 990 999
f 1000 1178 999
f 1000 1179 1178
f 1001 1179 1000
f 1001 1180 1179
f 1181 1169 1180
f 1181 1170 1169
f 1183 991 1172
f 1183 1003 991
f 1183 1171 1182
f 1183 1172 1171
f 1175 994 1004
f 1175 1004 1184
f 1005 1184 1004
f 1005 1185 1184
f 1187 995 1177
f 1187 1006 995
f 1186 1177 1176
f 1186 1187 1177
f 1189 1180 1001
f 1189 1001 1008
f 1188 1179 1180
f 1188 1180 1189
f 1190 1180 1189
f 1190 1181 1180
f 1191 1009 1010
f 1191 1190 1009
f 1190 1182 1181
f 1190 1191 1182
f 1183 1011 1003
f 1183 1192 1011
f 1191 1183 1182
f 1191 1192 1183
f 1193 1185 1005
f 1193 1005 1012
f 1194 1012 1013
f 1194 1193 1012
f 1187 1015 1006
f 1187 1196 1015
f 1015 1195 1014
f 1015 1196 1195
f 1189 1008 1016
f 1189 1016 1198
f 1197 1188 1189
f 1197 1189 1198
f 1199 1009 1190
f 1199 1017 1009
f 1199 1016 1017
f 1199 1198 1016
f 1199 1189 1198
f 1199 1190 1189
f 1200 1191 1010
f 1200 1010 1018
f 1201 1011 1192
f 1201 1019 1011
f 1201 1018 1019
f 1201 1200 1018
f 1200 1192 1191
f 1200 1201 1192
f 1202 1194 1013
f 1202 1013 1020
f 1021 1202 1020
f 1021 1203 1202
f 1195 1022 1014
f 1195 1204 1022
f 1205 1204 1195
f 1205 1195 1196
f 1028 1027 1206
f 1028 1206 1207
f 1208 1203 1021
f 1208 1021 1030
f 1204 1031 1022
f 1204 1209 1031
f 1206 1027 1035
f 1206 1035 1210
f 1207 1036 1028
f 1207 1211 1036
f 1036 1210 1035
f 1036 1211 1210
f 1210 1207 1206
f 1210 1211 1207
f 1208 1030 1037
f 1208 1037 1213
f 1209 1038 1031
f 1209 1214 1038
f 1218 1043 1042
f 1218 1042 1217
f 1220 1213 1037
f 1220 1037 1045
f 1220 1045 1044
f 1220 1044 1219
f 1220 1219 1212
f 1220 1212 1213
f 1221 1038 1214
f 1221 1046 1038
f 1047 1046 1221
f 1047 1221 1222
f 1221 1214 1215
f 1221 1215 1222
f 1223 1048 1047
f 1223 1047 1222
f 1224 1049 1048
f 1224 1048 1223
f 1051 1050 1225
f 1051 1225 1226
f 1052 1051 1226
f 1052 1226 1227
f 1053 1052 1227
f 1053 1227 1228
f 1229 1217 1042
f 1229 1042 1054
f 1229 1228 1216
f 1229 1216 1217
f 1218 1055 1043
f 1218 1230 1055
f 1229 1218 1217
f 1229 1230 1218
f 1231 1056 1055
f 1231 1055 1230
f 1057 1056 1231
f 1057 1231 1232
f 1233 1058 1057
f 1233 1057 1232
f 1060 1059 1234
f 1060 1234 1235
f 1236 1219 1044
f 1236 1044 1061
f 1236 1061 1060
f 1236 1060 1235
f 1237 1223 1222
f 1237 1238 1223
f 1224 1062 1049
f 1224 1239 1062
f 1238 1224 1223
f 1238 1239 1224
f 1225 1050 1063
f 1225 1063 1240
f 1063 1062 1239
f 1063 1239 1240
f 1241 1225 1240
f 1241 1226 1225
f 1242 1053 1228
f 1242 1064 1053
f 1243 1229 1054
f 1243 1054 1065
f 1065 1064 1242
f 1065 1242 1243
f 1243 1242 1228
f 1243 1228 1229
f 1244 1231 1230
f 1244 1245 1231
f 1246 1231 1245
f 1246 1232 1231
f 1233 1066 1058
f 1233 1247 1066
f 1234 1059 1067
f 1234 1067 1248
f 1067 1066 1247
f 1067 1247 1248
f 1252 1250 1249
f 1252 1253 1250
f 1254 1068 1069
f 1254 1253 1068
f 1072 1257 1071
f 1072 1258 1257
f 1073 1258 1072
f 1073 1259 1258
f 1262 1074 1075
f 1262 1261 1074
f 1263 1075 1076
f 1263 1262 1075
f 1263 1251 1262
f 1263 1252 1251
f 1264 1068 1253
f 1264 1077 1068
f 1264 1076 1077
f 1264 1263 1076
f 1264 1252 1263
f 1264 1253 1252
f 1254 1069 1078
f 1254 1078 1265
f 1265 1255 1254
f 1265 1266 1255
f 1271 1071 1257
f 1271 1080 1071
f 1271 1079 1080
f 1271 1270 1079
f 1271 1256 1270
f 1271 1257 1256
f 1259 1073 1081
f 1259 1081 1272
f 1261 1082 1074
f 1261 1275 1082
f 1275 1260 1274
f 1275 1261 1260
f 1276 1265 1078
f 1276 1078 1086
f 1087 1276 1086
f 1087 1277 1276
f 1088 1277 1087
f 1088 1278 1277
f 1279 1267 1278
f 1279 1268 1267
f 1279 1269 1268
f 1279 1280 1269
f 1281 1079 1270
f 1281 1089 1079
f 1281 1269 1280
f 1281 1270 1269
f 1282 1272 1081
f 1282 1081 1090
f 1091 1282 1090
f 1091 1283 1282
f 1282 1273 1272
f 1282 1283 1273
f 1285 1082 1275
f 1285 1092 1082
f 1287 1278 1088
f 1287 1088 1094
f 1286 1277 1278
f 1286 1278 1287
f 1287 1279 1278
f 1287 1288 1279
f 1288 1280 1279
f 1288 1289 1280
f 1290 1089 1281
f 1290 1097 1089
f 1289 1281 1280
f 1289 1290 1281
f 1291 1283 1091
f 1291 1091 1098
f 1099 1291 1098
f 1099 1292 1291
f 1291 1284 1283
f 1291 1292 1284
f 1293 1099 1100
f 1293 1292 1099
f 1294 1092 1285
f 1294 1101 1092
f 1295 1287 1094
f 1295 1094 1102
f 1296 1102 1103
f 1296 1295 1102
f 1295 1288 1287
f 1295 1296 1288
f 1297 1103 1104
f 1297 1296 1103
f 1296 1289 1288
f 1296 1297 1289
f 1298 1097 1290
f 1298 1105 1097
f 1298 1104 1105
f 1298 1297 1104
f 1298 1289 1297
f 1298 1290 1289
f 1293 1100 1107
f 1293 1107 1299
f 1108 1299 1107
f 1108 1300 1299
f 1302 1101 1294
f 1302 1110 1101
f 1302 1109 1110
f 1302 1301 1109
f 1300 1108 1115
f 1300 1115 1304
f 1304 1115 1114
f 1304 1114 1303
f 1303 1299 1300
f 1303 1300 1304
f 1301 1116 1109
f 1301 1305 1116
f 1306 1117 1116
f 1306 1116 1305
f 1303 1114 1121
f 1303 1121 1308
f 1306 1122 1117
f 1306 1309 1122
f 1313 1129 1128
f 1313 1128 1312
f 1315 1131 1130
f 1315 1130 1314
f 1317 1308 1121
f 1317 1121 1134
f 1317 1134 1133
f 1317 1133 1316
f 1317 1316 1307
f 1317 1307 1308
f 1309 1135 1122
f 1309 1318 1135
f 1136 1135 1318
f 1136 1318 1319
f 1137 1136 1319
f 1137 1319 1320
f 1321 1138 1137
f 1321 1137 1320
f 1139 1138 1321
f 1139 1321 1322
f 1323 1140 1139
f 1323 1139 1322
f 1324 1141 1140
f 1324 1140 1323
f 1142 1141 1324
f 1142 1324 1325
f 1324 1310 1311
f 1324 1311 1325
f 1326 1312 1128
f 1326 1128 1143
f 1325 1311 1312
f 1325 1312 1326
f 1313 1144 1129
f 1313 1327 1144
f 1326 1313 1312
f 1326 1327 1313
f 1314 1130 1145
f 1314 1145 1328
f 1328 1145 1144
f 1328 1144 1327
f 1315 1146 1131
f 1315 1329 1146
f 1328 1315 1314
f 1328 1329 1315
f 1331 1148 1147
f 1331 1147 1330
f 1332 1316 1133
f 1332 1133 1149
f 1332 1149 1148
f 1332 1148 1331
f 1333 1320 1319
f 1333 1334 1320
f 1336 1321 1335
f 1336 1322 1321
f 1337 1142 1325
f 1337 1151 1142
f 1338 1326 1143
f 1338 1143 1152
f 1152 1151 1337
f 1152 1337 1338
f 1338 1337 1325
f 1338 1325 1326
f 1339 1328 1327
f 1339 1340 1328
f 1329 1153 1146
f 1329 1341 1153
f 1330 1147 1154
f 1330 1154 1342
f 1154 1153 1341
f 1154 1341 1342
f 1341 1329 1330
f 1341 1330 1342
f 1343 1330 1342
f 1343 1331 1330
f 1156 1346 1155
f 1156 1347 1346
f 1157 1347 1156
f 1157 1348 1347
f 1158 1348 1157
f 1158 1349 1348
f 1159 1349 1158
f 1159 1350 1349
f 1350 1344 1349
f 1350 1345 1344
f 1354 1160 1161
f 1354 1353 1160
f 1358 1162 1163
f 1358 1357 1162
f 1359 1155 1346
f 1359 1164 1155
f 1164 1358 1163
f 1164 1359 1358
f 1360 1359 1346
f 1360 1346 1347
f 1362 1350 1159
f 1362 1159 1168
f 1168 1167 1361
f 1168 1361 1362
f 1362 1351 1350
f 1362 1363 1351
f 1364 1169 1170
f 1364 1363 1169
f 1366 1160 1353
f 1366 1172 1160
f 1366 1171 1172
f 1366 1365 1171
f 1366 1352 1365
f 1366 1353 1352
f 1367 1354 1161
f 1367 1161 1173
f 1174 1367 1173
f 1174 1368 1367
f 1175 1368 1174
f 1175 1369 1368
f 1368 1356 1355
f 1368 1369 1356
f 1371 1162 1357
f 1371 1176 1162
f 1361 1167 1178
f 1361 1178 1372
f 1179 1372 1178
f 1179 1373 1372
f 1372 1362 1361
f 1372 1373 1362
f 1374 1169 1363
f 1374 1180 1169
f 1373 1363 1362
f 1373 1374 1363
f 1375 1364 1170
f 1375 1170 1181
f 1374 1363 1364
f 1374 1364 1375
f 1376 1171 1365
f 1376 1182 1171
f 1376 1181 1182
f 1376 1375 1181
f 1377 1369 1175
f 1377 1175 1184
f 1185 1377 1184
f 1185 1378 1377
f 1377 1370 1369
f 1377 1378 1370
f 1371 1186 1176
f 1371 1380 1186
f 1381 1187 1186
f 1381 1186 1380
f 1382 1373 1179
f 1382 1179 1188
f 1383 1180 1374
f 1383 1189 1180
f 1383 1373 1382
f 1383 1374 1373
f 1384 1378 1185
f 1384 1185 1193
f 1194 1384 1193
f 1194 1385 1384
f 1384 1379 1378
f 1384 1385 1379
f 1381 1196 1187
f 1381 1387 1196
f 1382 1188 1197
f 1382 1197 1388
f 1389 1189 1383
f 1389 1198 1189
f 1389 1197 1198
f 1389 1388 1197
f 1388 1383 1382
f 1388 1389 1383
f 1385 1194 1202
f 1385 1202 1390
f 1391 1202 1203
f 1391 1390 1202
f 1387 1205 1196
f 1387 1393 1205
f 1205 1392 1204
f 1205 1393 1392
f 1393 1386 1392
f 1393 1387 1386
f 1391 1203 1208
f 1391 1208 1395
f 1394 1390 1391
f 1394 1391 1395
f 1396 1204 1392
f 1396 1209 1204
f 1397 1396 1392
f 1397 1392 1393
f 1399 1395 1208
f 1399 1208 1213
f 1399 1213 1212
f 1399 1212 1398
f 1400 1209 1396
f 1400 1214 1209
f 1215 1214 1400
f 1215 1400 1401
f 1403 1217 1216
f 1403 1216 1402
f 1406 1398 1212
f 1406 1212 1219
f 1407 1215 1401
f 1407 1222 1215
f 1412 1227 1226
f 1412 1226 1411
f 1413 1402 1216
f 1413 1216 1228
f 1413 1228 1227
f 1413 1227 1412
f 1414 1217 1403
f 1414 1229 1217
f 1230 1229 1414
f 1230 1414 1415
f 1233 1232 1416
f 1233 1416 1417
f 1235 1234 1418
f 1235 1418 1419
f 1419 1418 1404
f 1419 1404 1405
f 1406 1219 1236
f 1406 1236 1420
f 1420 1236 1235
f 1420 1235 1419
f 1407 1237 1222
f 1407 1421 1237
f 1238 1237 1421
f 1238 1421 1422
f 1421 1407 1408
f 1421 1408 1422
f 1423 1239 1238
f 1423 1238 1422
f 1424 1240 1239
f 1424 1239 1423
f 1424 1423 1409
f 1424 1409 1410
f 1411 1226 1241
f 1411 1241 1425
f 1241 1240 1424
f 1241 1424 1425
f 1424 1410 1411
f 1424 1411 1425
f 1426 1411 1425
f 1426 1412 1411
f 1415 1244 1230
f 1415 1427 1244
f 1245 1244 1427
f 1245 1427 1428
f 1416 1232 1246
f 1416 1246 1429
f 1246 1245 1428
f 1246 1428 1429
f 1417 1247 1233
f 1417 1430 1247
f 1430 1416 1429
f 1430 1417 1416
f 1431 1418 1234
f 1431 1234 1248
f 1248 1247 1430
f 1248 1430 1431
f 1432 1418 1431
f 1432 1419 1418
f 1250 1433 1249
f 1250 1434 1433
f 1433 1252 1249
f 1433 1442 1252
f 1442 1251 1252
f 1442 1441 1251
f 1443 1434 1250
f 1443 1250 1253
f 1443 1442 1433
f 1443 1433 1434
f 1254 1443 1253
f 1254 1444 1443
f 1255 1444 1254
f 1255 1445 1444
f 1445 1435 1444
f 1445 1436 1435
f 1446 1436 1445
f 1446 1437 1436
f 1446 1438 1437
f 1446 1447 1438
f 1450 1256 1257
f 1450 1449 1256
f 1450 1439 1449
f 1450 1440 1439
f 1451 1257 1258
f 1451 1450 1257
f 1259 1451 1258
f 1259 1452 1451
f 1455 1260 1261
f 1455 1454 1260
f 1456 1251 1441
f 1456 1262 1251
f 1262 1455 1261
f 1262 1456 1455
f 1458 1445 1255
f 1458 1255 1266
f 1266 1265 1457
f 1266 1457 1458
f 1459 1445 1458
f 1459 1446 1445
f 1460 1267 1268
f 1460 1459 1267
f 1460 1446 1459
f 1460 1447 1446
f 1461 1268 1269
f 1461 1460 1268
f 1462 1256 1449
f 1462 1270 1256
f 1462 1269 1270
f 1462 1461 1269
f 1462 1448 1461
f 1462 1449 1448
f 1463 1452 1259
f 1463 1259 1272
f 1273 1463 1272
f 1273 1464 1463
f 1463 1453 1452
f 1463 1464 1453
f 1454 1274 1260
f 1454 1466 1274
f 1467 1275 1274
f 1467 1274 1466
f 1457 1265 1276
f 1457 1276 1468
f 1277 1468 1276
f 1277 1469 1468
f 1468 1458 1457
f 1468 1469 1458
f 1470 1267 1459
f 1470 1278 1267
f 1470 1458 1469
f 1470 1459 1458
f 1471 1464 1273
f 1471 1273 1283
f 1284 1471 1283
f 1284 1472 1471
f 1471 1465 1464
f 1471 1472 1465
f 1467 1285 1275
f 1467 1474 1285
f 1473 1467 1466
f 1473 1474 1467
f 1469 1277 1286
f 1469 1286 1475
f 1470 1287 1278
f 1470 1476 1287
f 1476 1286 1287
f 1476 1475 1286
f 1475 1470 1469
f 1475 1476 1470
f 1478 1472 1284
f 1478 1284 1292
f 1293 1478 1292
f 1293 1479 1478
f 1480 1285 1474
f 1480 1294 1285
f 1481 1475 1476
f 1481 1476 1482
f 1482 1476 1477
f 1482 1477 1483
f 1484 1479 1293
f 1484 1293 1299
f 1480 1302 1294
f 1480 1486 1302
f 1302 1485 1301
f 1302 1486 1485
f 1487 1484 1299
f 1487 1299 1303
f 1485 1305 1301
f 1485 1488 1305
f 1306 1305 1488
f 1306 1488 1489
f 1489 1488 1485
f 1489 1485 1486
f 1491 1487 1303
f 1491 1303 1308
f 1491 1308 1307
f 1491 1307 1490
f 1493 1306 1489
f 1493 1309 1306
f 1492 1489 1488
f 1492 1493 1489
f 1496 1311 1310
f 1496 1310 1495
f 1497 1312 1311
f 1497 1311 1496
f 1500 1490 1307
f 1500 1307 1316
f 1501 1309 1493
f 1501 1318 1309
f 1319 1318 1501
f 1319 1501 1502
f 1501 1493 1494
f 1501 1494 1502
f 1321 1320 1503
f 1321 1503 1504
f 1323 1322 1505
f 1323 1505 1506
f 1507 1495 1310
f 1507 1310 1324
f 1507 1324 1323
f 1507 1323 1506
f 1508 1312 1497
f 1508 1326 1312
f 1327 1326 1508
f 1327 1508 1509
f 1329 1328 1510
f 1329 1510 1511
f 1330 1329 1511
f 1330 1511 1512
f 1513 1512 1498
f 1513 1498 1499
f 1514 1500 1316
f 1514 1316 1332
f 1514 1332 1331
f 1514 1331 1513
f 1514 1513 1499
f 1514 1499 1500
f 1502 1333 1319
f 1502 1515 1333
f 1503 1320 1334
f 1503 1334 1516
f 1516 1334 1333
f 1516 1333 1515
f 1517 1321 1504
f 1517 1335 1321
f 1518 1505 1322
f 1518 1322 1336
f 1336 1335 1517
f 1336 1517 1518
f 1518 1517 1504
f 1518 1504 1505
f 1509 1339 1327
f 1509 1519 1339
f 1510 1328 1340
f 1510 1340 1520
f 1340 1339 1519
f 1340 1519 1520
f 1522 1330 1512
f 1522 1342 1330
f 1521 1512 1511
f 1521 1522 1512
f 1513 1331 1343
f 1513 1343 1523
f 1343 1342 1522
f 1343 1522 1523
f 1345 1524 1344
f 1345 1525 1524
f 1348 1530 1347
f 1348 1531 1530
f 1532 1344 1524
f 1532 1349 1344
f 1532 1348 1349
f 1532 1531 1348
f 1533 1525 1345
f 1533 1345 1350
f 1351 1533 1350
f 1351 1534 1533
f 1533 1526 1525
f 1533 1534 1526
f 1535 1526 1534
f 1535 1527 1526
f 1537 1352 1353
f 1537 1536 1352
f 1354 1537 1353
f 1354 1538 1537
f 1540 1355 1356
f 1540 1539 1355
f 1358 1541 1357
f 1358 1542 1541
f 1543 1358 1359
f 1543 1542 1358
f 1543 1528 1542
f 1543 1529 1528
f 1530 1360 1347
f 1530 1544 1360
f 1360 1543 1359
f 1360 1544 1543
f 1545 1544 1530
f 1545 1530 1531
f 1546 1534 1351
f 1546 1351 1363
f 1546 1535 1534
f 1546 1547 1535
f 1536 1365 1352
f 1536 1548 1365
f 1549 1548 1536
f 1549 1536 1537
f 1538 1354 1367
f 1538 1367 1550
f 1550 1549 1537
f 1550 1537 1538
f 1551 1355 1539
f 1551 1368 1355
f 1551 1367 1368
f 1551 1550 1367
f 1551 1538 1550
f 1551 1539 1538
f 1552 1540 1356
f 1552 1356 1369
f 1370 1552 1369
f 1370 1553 1552
f 1541 1371 1357
f 1541 1554 1371
f 1555 1554 1541
f 1555 1541 1542
f 1556 1546 1363
f 1556 1363 1374
f 1375 1556 1374
f 1375 1557 1556
f 1557 1546 1556
f 1557 1547 1546
f 1558 1365 1548
f 1558 1376 1365
f 1558 1375 1376
f 1558 1557 1375
f 1558 1547 1557
f 1558 1548 1547
f 1559 1553 1370
f 1559 1370 1378
f 1379 1559 1378
f 1379 1560 1559
f 1554 1380 1371
f 1554 1561 1380
f 1562 1381 1380
f 1562 1380 1561
f 1564 1560 1379
f 1564 1379 1385
f 1563 1559 1560
f 1563 1560 1564
f 1562 1387 1381
f 1562 1566 1387
f 1566 1386 1387
f 1566 1565 1386
f 1565 1562 1561
f 1565 1566 1562
f 1564 1385 1390
f 1564 1390 1568
f 1567 1563 1564
f 1567 1564 1568
f 1569 1386 1565
f 1569 1392 1386
f 1393 1392 1569
f 1393 1569 1570
f 1569 1565 1566
f 1569 1566 1570
f 1568 1390 1394
f 1568 1394 1571
f 1572 1394 1395
f 1572 1571 1394
f 1570 1397 1393
f 1570 1574 1397
f 1397 1573 1396
f 1397 1574 1573
f 1572 1395 1399
f 1572 1399 1578
f 1578 1399 1398
f 1578 1398 1577
f 1578 1577 1571
f 1578 1571 1572
f 1573 1400 1396
f 1573 1579 1400
f 1401 1400 1579
f 1401 1579 1580
f 1579 1573 1574
f 1579 1574 1580
f 1585 1403 1402
f 1585 1402 1584
f 1587 1405 1404
f 1587 1404 1586
f 1586 1575 1576
f 1586 1576 1587
f 1588 1577 1398
f 1588 1398 1406
f 1588 1587 1576
f 1588 1576 1577
f 1589 1401 1580
f 1589 1407 1401
f 1408 1407 1589
f 1408 1589 1590
f 1589 1580 1581
f 1589 1581 1590
f 1591 1590 1581
f 1591 1581 1582
f 1592 1410 1409
f 1592 1409 1591
f 1591 1582 1583
f 1591 1583 1592
f 1593 1411 1410
f 1593 1410 1592
f 1584 1402 1413
f 1584 1413 1595
f 1595 1413 1412
f 1595 1412 1594
f 1585 1414 1403
f 1585 1596 1414
f 1595 1585 1584
f 1595 1596 1585
f 1597 1415 1414
f 1597 1414 1596
f 1599 1586 1404
f 1599 1404 1418
f 1600 1405 1587
f 1600 1419 1405
f 1600 1418 1419
f 1600 1599 1418
f 1601 1588 1406
f 1601 1406 1420
f 1420 1419 1600
f 1420 1600 1601
f 1601 1600 1587
f 1601 1587 1588
f 1602 1408 1590
f 1602 1422 1408
f 1603 1591 1409
f 1603 1409 1423
f 1603 1423 1422
f 1603 1422 1602
f 1603 1602 1590
f 1603 1590 1591
f 1604 1411 1593
f 1604 1425 1411
f 1594 1412 1426
f 1594 1426 1605
f 1426 1425 1604
f 1426 1604 1605
f 1604 1593 1594
f 1604 1594 1605
f 1606 1594 1605
f 1606 1595 1594
f 1597 1427 1415
f 1597 1608 1427
f 1607 1597 1596
f 1607 1608 1597
f 1609 1428 1427
f 1609 1427 1608
f 1610 1429 1428
f 1610 1428 1609
f 1611 1430 1429
f 1611 1429 1610
f 1612 1431 1430
f 1612 1430 1611
f 1612 1611 1598
f 1612 1598 1599
f 1613 1600 1419
f 1613 1419 1432
f 1432 1431 1612
f 1432 1612 1613
f 1613 1612 1599
f 1613 1599 1600
f 1614 1609 1608
f 1614 1615 1609
f 1616 1609 1615
f 1616 1610 1609
f 1618 1435 1436
f 1618 1617 1435
f 1437 1618 1436
f 1437 1619 1618
f 1438 1619 1437
f 1438 1620 1619
f 1440 1621 1439
f 1440 1622 1621
f 1625 1441 1442
f 1625 1624 1441
f 1443 1625 1442
f 1443 1626 1625
f 1627 1435 1617
f 1627 1444 1435
f 1627 1443 1444
f 1627 1626 1443
f 1620 1438 1447
f 1620 1447 1628
f 1630 1439 1621
f 1630 1449 1439
f 1630 1448 1449
f 1630 1629 1448
f 1622 1440 1450
f 1622 1450 1631
f 1630 1621 1622
f 1630 1622 1631
f 1632 1450 1451
f 1632 1631 1450
f 1452 1632 1451
f 1452 1633 1632
f 1453 1633 1452
f 1453 1634 1633
f 1455 1635 1454
f 1455 1636 1635
f 1624 1456 1441
f 1624 1637 1456
f 1456 1636 1455
f 1456 1637 1636
f 1637 1623 1636
f 1637 1624 1623
f 1638 1637 1624
f 1638 1624 1625
f 1639 1638 1625
f 1639 1625 1626
f 1640 1628 1447
f 1640 1447 1460
f 1641 1448 1629
f 1641 1461 1448
f 1461 1640 1460
f 1461 1641 1640
f 1642 1641 1629
f 1642 1629 1630
f 1643 1642 1630
f 1643 1630 1631
f 1645 1634 1453
f 1645 1453 1464
f 1644 1633 1634
f 1644 1634 1645
f 1465 1645 1464
f 1465 1646 1645
f 1635 1466 1454
f 1635 1647 1466
f 1648 1647 1635
f 1648 1635 1636
f 1646 1465 1472
f 1646 1472 1650
f 1649 1645 1646
f 1649 1646 1650
f 1647 1473 1466
f 1647 1651 1473
f 1652 1474 1473
f 1652 1473 1651
f 1476 1475 1653
f 1476 1653 1654
f 1477 1476 1654
f 1477 1654 1655
f 1650 1472 1478
f 1650 1478 1656
f 1657 1478 1479
f 1657 1656 1478
f 1652 1480 1474
f 1652 1658 1480
f 1653 1475 1481
f 1653 1481 1659
f 1660 1481 1482
f 1660 1659 1481
f 1659 1654 1653
f 1659 1660 1654
f 1655 1483 1477
f 1655 1661 1483
f 1661 1482 1483
f 1661 1660 1482
f 1660 1655 1654
f 1660 1661 1655
f 1657 1479 1484
f 1657 1484 1663
f 1662 1656 1657
f 1662 1657 1663
f 1664 1480 1658
f 1664 1486 1480
f 1663 1484 1487
f 1663 1487 1666
f 1668 1486 1664
f 1668 1489 1486
f 1489 1667 1488
f 1489 1668 1667
f 1672 1666 1487
f 1672 1487 1491
f 1672 1491 1490
f 1672 1490 1671
f 1672 1671 1665
f 1672 1665 1666
f 1667 1492 1488
f 1667 1673 1492
f 1493 1492 1673
f 1493 1673 1674
f 1674 1673 1667
f 1674 1667 1668
f 1494 1493 1674
f 1494 1674 1675
f 1496 1495 1678
f 1496 1678 1679
f 1497 1496 1679
f 1497 1679 1680
f 1682 1499 1498
f 1682 1498 1681
f 1682 1681 1669
f 1682 1669 1670
f 1683 1671 1490
f 1683 1490 1500
f 1683 1500 1499
f 1683 1499 1682
f 1683 1682 1670
f 1683 1670 1671
f 1684 1494 1675
f 1684 1502 1494
f 1684 1675 1676
f 1684 1676 1685
f 1504 1503 1685
f 1504 1685 1686
f 1686 1685 1676
f 1686 1676 1677
f 1505 1504 1686
f 1505 1686 1687
f 1506 1505 1687
f 1506 1687 1688
f 1678 1495 1507
f 1678 1507 1689
f 1507 1506 1688
f 1507 1688 1689
f 1680 1508 1497
f 1680 1690 1508
f 1691 1509 1508
f 1691 1508 1690
f 1511 1510 1692
f 1511 1692 1693
f 1694 1681 1498
f 1694 1498 1512
f 1695 1512 1513
f 1695 1694 1512
f 1684 1515 1502
f 1684 1696 1515
f 1697 1685 1503
f 1697 1503 1516
f 1697 1516 1515
f 1697 1515 1696
f 1697 1696 1684
f 1697 1684 1685
f 1691 1519 1509
f 1691 1699 1519
f 1698 1691 1690
f 1698 1699 1691
f 1692 1510 1520
f 1692 1520 1700
f 1700 1520 1519
f 1700 1519 1699
f 1693 1521 1511
f 1693 1701 1521
f 1701 1692 1700
f 1701 1693 1692
f 1702 1522 1521
f 1702 1521 1701
f 1702 1701 1693
f 1702 1693 1694
f 1695 1513 1523
f 1695 1523 1703
f 1703 1523 1522
f 1703 1522 1702
f 1702 1694 1695
f 1702 1695 1703
f 1705 1699 1704
f 1705 1700 1699
f 1707 1524 1525
f 1707 1706 1524
f 1526 1707 1525
f 1526 1708 1707
f 1527 1708 1526
f 1527 1709 1708
f 1529 1710 1528
f 1529 1711 1710
f 1706 1532 1524
f 1706 1713 1532
f 1532 1712 1531
f 1532 1713 1712
f 1714 1713 1706
f 1714 1706 1707
f 1714 1707 1708
f 1714 1708 1715
f 1709 1527 1535
f 1709 1535 1716
f 1716 1715 1708
f 1716 1708 1709
f 1539 1717 1538
f 1539 1718 1717
f 1719 1539 1540
f 1719 1718 1539
f 1720 1528 1710
f 1720 1542 1528
f 1721 1711 1529
f 1721 1529 1543
f 1720 1710 1711
f 1720 1711 1721
f 1544 1721 1543
f 1544 1722 1721
f 1712 1545 1531
f 1712 1723 1545
f 1545 1722 1544
f 1545 1723 1722
f 1724 1723 1712
f 1724 1712 1713
f 1726 1716 1535
f 1726 1535 1547
f 1725 1715 1716
f 1725 1716 1726
f 1727 1547 1548
f 1727 1726 1547
f 1549 1727 1548
f 1549 1728 1727
f 1717 1550 1538
f 1717 1729 1550
f 1729 1549 1550
f 1729 1728 1549
f 1729 1717 1718
f 1729 1718 1730
f 1719 1540 1552
f 1719 1552 1731
f 1730 1718 1719
f 1730 1719 1731
f 1732 1552 1553
f 1732 1731 1552
f 1720 1555 1542
f 1720 1734 1555
f 1555 1733 1554
f 1555 1734 1733
f 1734 1720 1721
f 1734 1721 1735
f 1735 1721 1722
f 1735 1722 1736
f 1737 1730 1731
f 1737 1731 1738
f 1732 1553 1559
f 1732 1559 1739
f 1738 1731 1732
f 1738 1732 1739
f 1733 1561 1554
f 1733 1740 1561
f 1741 1740 1733
f 1741 1733 1734
f 1742 1735 1736
f 1742 1736 1743
f 1739 1559 1563
f 1739 1563 1745
f 1746 1561 1740
f 1746 1565 1561
f 1566 1565 1746
f 1566 1746 1747
f 1746 1740 1741
f 1746 1741 1747
f 1745 1563 1567
f 1745 1567 1750
f 1749 1744 1745
f 1749 1745 1750
f 1751 1567 1568
f 1751 1750 1567
f 1752 1566 1747
f 1752 1570 1566
f 1752 1747 1748
f 1752 1748 1753
f 1751 1568 1571
f 1751 1571 1758
f 1759 1570 1752
f 1759 1574 1570
f 1760 1759 1752
f 1760 1752 1753
f 1761 1754 1755
f 1761 1755 1762
f 1764 1576 1575
f 1764 1575 1763
f 1764 1763 1756
f 1764 1756 1757
f 1765 1758 1571
f 1765 1571 1577
f 1765 1577 1576
f 1765 1576 1764
f 1765 1764 1757
f 1765 1757 1758
f 1766 1574 1759
f 1766 1580 1574
f 1581 1580 1766
f 1581 1766 1767
f 1766 1759 1760
f 1766 1760 1767
f 1582 1581 1767
f 1582 1767 1768
f 1583 1582 1768
f 1583 1768 1769
f 1772 1761 1762
f 1772 1762 1773
f 1774 1763 1575
f 1774 1575 1586
f 1774 1773 1762
f 1774 1762 1763
f 1775 1583 1769
f 1775 1592 1583
f 1776 1593 1592
f 1776 1592 1775
f 1777 1594 1593
f 1777 1593 1776
f 1778 1777 1770
f 1778 1770 1771
f 1596 1595 1778
f 1596 1778 1779
f 1781 1772 1773
f 1781 1773 1782
f 1783 1774 1586
f 1783 1586 1599
f 1783 1599 1598
f 1783 1598 1782
f 1783 1782 1773
f 1783 1773 1774
f 1784 1594 1777
f 1784 1605 1594
f 1785 1778 1595
f 1785 1595 1606
f 1606 1605 1784
f 1606 1784 1785
f 1785 1784 1777
f 1785 1777 1778
f 1779 1607 1596
f 1779 1786 1607
f 1787 1608 1607
f 1787 1607 1786
f 1786 1779 1780
f 1786 1780 1787
f 1790 1782 1598
f 1790 1598 1611
f 1790 1611 1610
f 1790 1610 1789
f 1791 1608 1787
f 1791 1614 1608
f 1792 1615 1614
f 1792 1614 1791
f 1791 1787 1788
f 1791 1788 1792
f 1793 1789 1610
f 1793 1610 1616
f 1616 1615 1792
f 1616 1792 1793
f 1793 1792 1788
f 1793 1788 1789
f 1618 1794 1617
f 1618 1795 1794
f 1619 1795 1618
f 1619 1796 1795
f 1797 1619 1620
f 1797 1796 1619
f 1799 1623 1624
f 1799 1798 1623
f 1794 1627 1617
f 1794 1801 1627
f 1627 1800 1626
f 1627 1801 1800
f 1802 1801 1794
f 1802 1794 1795
f 1797 1620 1628
f 1797 1628 1804
f 1803 1796 1797
f 1803 1797 1804
f 1807 1631 1632
f 1807 1806 1631
f 1808 1632 1633
f 1808 1807 1632
f 1809 1623 1798
f 1809 1636 1623
f 1799 1624 1637
f 1799 1637 1810
f 1809 1798 1799
f 1809 1799 1810
f 1638 1810 1637
f 1638 1811 1810
f 1800 1639 1626
f 1800 1812 1639
f 1639 1811 1638
f 1639 1812 1811
f 1813 1812 1800
f 1813 1800 1801
f 1814 1813 1801
f 1814 1801 1802
f 1815 1804 1628
f 1815 1628 1640
f 1641 1815 1640
f 1641 1816 1815
f 1642 1816 1641
f 1642 1817 1816
f 1806 1643 1631
f 1806 1818 1643
f 1643 1817 1642
f 1643 1818 1817
f 1818 1805 1817
f 1818 1806 1805
f 1818 1806 1807
f 1818 1807 1819
f 1808 1633 1644
f 1808 1644 1820
f 1819 1807 1808
f 1819 1808 1820
f 1821 1644 1645
f 1821 1820 1644
f 1809 1648 1636
f 1809 1823 1648
f 1648 1822 1647
f 1648 1823 1822
f 1824 1823 1809
f 1824 1809 1810
f 1825 1824 1810
f 1825 1810 1811
f 1821 1645 1649
f 1821 1649 1826
f 1827 1649 1650
f 1827 1826 1649
f 1822 1651 1647
f 1822 1828 1651
f 1652 1651 1828
f 1652 1828 1829
f 1829 1828 1822
f 1829 1822 1823
f 1830 1829 1823
f 1830 1823 1824
f 1827 1650 1656
f 1827 1656 1832
f 1831 1826 1827
f 1831 1827 1832
f 1833 1652 1829
f 1833 1658 1652
f 1833 1829 1830
f 1833 1830 1834
f 1832 1656 1662
f 1832 1662 1836
f 1835 1831 1832
f 1835 1832 1836
f 1837 1662 1663
f 1837 1836 1662
f 1833 1664 1658
f 1833 1838 1664
f 1838 1833 1834
f 1838 1834 1839
f 1837 1663 1666
f 1837 1666 1845
f 1845 1666 1665
f 1845 1665 1844
f 1844 1836 1837
f 1844 1837 1845
f 1846 1664 1838
f 1846 1668 1664
f 1847 1846 1838
f 1847 1838 1839
f 1848 1840 1841
f 1848 1841 1849
f 1851 1670 1669
f 1851 1669 1850
f 1851 1850 1842
f 1851 1842 1843
f 1852 1844 1665
f 1852 1665 1671
f 1852 1671 1670
f 1852 1670 1851
f 1852 1851 1843
f 1852 1843 1844
f 1853 1668 1846
f 1853 1674 1668
f 1675 1674 1853
f 1675 1853 1854
f 1853 1846 1847
f 1853 1847 1854
f 1676 1675 1854
f 1676 1854 1855
f 1677 1676 1855
f 1677 1855 1856
f 1860 1679 1678
f 1860 1678 1859
f 1861 1680 1679
f 1861 1679 1860
f 1862 1848 1849
f 1862 1849 1863
f 1864 1850 1669
f 1864 1669 1681
f 1864 1863 1849
f 1864 1849 1850
f 1865 1677 1856
f 1865 1686 1677
f 1687 1686 1865
f 1687 1865 1866
f 1865 1856 1857
f 1865 1857 1866
f 1867 1688 1687
f 1867 1687 1866
f 1868 1859 1678
f 1868 1678 1689
f 1868 1689 1688
f 1868 1688 1867
f 1868 1867 1858
f 1868 1858 1859
f 1869 1680 1861
f 1869 1690 1680
f 1871 1864 1681
f 1871 1681 1694
f 1871 1694 1693
f 1871 1693 1870
f 1871 1870 1863
f 1871 1863 1864
f 1869 1698 1690
f 1869 1872 1698
f 1873 1699 1698
f 1873 1698 1872
f 1875 1870 1693
f 1875 1693 1701
f 1875 1701 1700
f 1875 1700 1874
f 1873 1704 1699
f 1873 1876 1704
f 1874 1700 1705
f 1874 1705 1877
f 1705 1704 1876
f 1705 1876 1877
f 1877 1876 1873
f 1877 1873 1874
f 1714 1878 1713
f 1714 1879 1878
f 1880 1714 1715
f 1880 1879 1714
f 1723 1881 1722
f 1723 1882 1881
f 1878 1724 1713
f 1878 1883 1724
f 1724 1882 1723
f 1724 1883 1882
f 1884 1883 1878
f 1884 1878 1879
f 1880 1715 1725
f 1880 1725 1885
f 1884 1879 1880
f 1884 1880 1885
f 1886 1725 1726
f 1886 1885 1725
f 1887 1726 1727
f 1887 1886 1726
f 1888 1727 1728
f 1888 1887 1727
f 1889 1728 1729
f 1889 1888 1728
f 1730 1889 1729
f 1730 1890 1889
f 1735 1891 1734
f 1735 1892 1891
f 1881 1736 1722
f 1881 1893 1736
f 1894 1893 1881
f 1894 1881 1882
f 1895 1894 1882
f 1895 1882 1883
f 1896 1887 1888
f 1896 1888 1897
f 1898 1897 1888
f 1898 1888 1889
f 1890 1730 1737
f 1890 1737 1899
f 1898 1889 1890
f 1898 1890 1899
f 1900 1737 1738
f 1900 1899 1737
f 1901 1738 1739
f 1901 1900 1738
f 1891 1741 1734
f 1891 1902 1741
f 1892 1735 1742
f 1892 1742 1903
f 1902 1891 1892
f 1902 1892 1903
f 1893 1743 1736
f 1893 1904 1743
f 1904 1742 1743
f 1904 1903 1742
f 1905 1897 1898
f 1905 1898 1906
f 1907 1906 1898
f 1907 1898 1899
f 1907 1899 1900
f 1907 1900 1908
f 1909 1901 1739
f 1909 1739 1745
f 1909 1745 1744
f 1909 1744 1908
f 1909 1908 1900
f 1909 1900 1901
f 1910 1741 1902
f 1910 1747 1741
f 1748 1747 1910
f 1748 1910 1911
f 1910 1902 1903
f 1910 1903 1911
f 1914 1906 1907
f 1914 1907 1915
f 1908 1744 1749
f 1908 1749 1916
f 1916 1915 1907
f 1916 1907 1908
f 1917 1749 1750
f 1917 1916 1749
f 1751 1917 1750
f 1751 1918 1917
f 1919 1748 1911
f 1919 1753 1748
f 1919 1911 1912
f 1919 1912 1920
f 1921 1913 1914
f 1921 1914 1922
f 1755 1754 1922
f 1755 1922 1923
f 1922 1914 1915
f 1922 1915 1923
f 1925 1757 1756
f 1925 1756 1924
f 1924 1916 1917
f 1924 1917 1925
f 1926 1918 1751
f 1926 1751 1758
f 1926 1758 1757
f 1926 1757 1925
f 1925 1917 1918
f 1925 1918 1926
f 1927 1753 1919
f 1927 1760 1753
f 1931 1922 1754
f 1931 1754 1761
f 1931 1930 1921
f 1931 1921 1922
f 1932 1755 1923
f 1932 1762 1755
f 1933 1924 1756
f 1933 1756 1763
f 1933 1763 1762
f 1933 1762 1932
f 1933 1932 1923
f 1933 1923 1924
f 1934 1760 1927
f 1934 1767 1760
f 1768 1767 1934
f 1768 1934 1935
f 1934 1927 1928
f 1934 1928 1935
f 1769 1768 1935
f 1769 1935 1936
f 1939 1771 1770
f 1939 1770 1938
f 1942 1941 1929
f 1942 1929 1930
f 1931 1761 1772
f 1931 1772 1943
f 1943 1942 1930
f 1943 1930 1931
f 1944 1769 1936
f 1944 1775 1769
f 1776 1775 1944
f 1776 1944 1945
f 1944 1936 1937
f 1944 1937 1945
f 1946 1938 1770
f 1946 1770 1777
f 1946 1777 1776
f 1946 1776 1945
f 1946 1945 1937
f 1946 1937 1938
f 1947 1771 1939
f 1947 1778 1771
f 1779 1778 1947
f 1779 1947 1948
f 1947 1939 1940
f 1947 1940 1948
f 1780 1779 1948
f 1780 1948 1949
f 1949 1948 1940
f 1949 1940 1941
f 1950 1949 1941
f 1950 1941 1942
f 1943 1772 1781
f 1943 1781 1951
f 1950 1942 1943
f 1950 1943 1951
f 1952 1781 1782
f 1952 1951 1781
f 1953 1780 1949
f 1953 1787 1780
f 1788 1787 1953
f 1788 1953 1954
f 1953 1949 1950
f 1953 1950 1954
f 1789 1788 1954
f 1789 1954 1955
f 1955 1954 1950
f 1955 1950 1951
f 1952 1782 1790
f 1952 1790 1956
f 1790 1789 1955
f 1790 1955 1956
f 1955 1951 1952
f 1955 1952 1956
f 1796 1957 1795
f 1796 1958 1957
f 1957 1802 1795
f 1957 1959 1802
f 1958 1796 1803
f 1958 1803 1960
f 1959 1957 1958
f 1959 1958 1960
f 1961 1803 1804
f 1961 1960 1803
f 1963 1805 1806
f 1963 1962 1805
f 1812 1964 1811
f 1812 1965 1964
f 1813 1965 1812
f 1813 1966 1965
f 1959 1814 1802
f 1959 1967 1814
f 1814 1966 1813
f 1814 1967 1966
f 1968 1967 1959
f 1968 1959 1960
f 1961 1804 1815
f 1961 1815 1969
f 1968 1960 1961
f 1968 1961 1969
f 1970 1815 1816
f 1970 1969 1815
f 1962 1817 1805
f 1962 1971 1817
f 1971 1816 1817
f 1971 1970 1816
f 1963 1806 1818
f 1963 1818 1972
f 1971 1962 1963
f 1971 1963 1972
f 1819 1972 1818
f 1819 1973 1972
f 1820 1973 1819
f 1820 1974 1973
f 1821 1974 1820
f 1821 1975 1974
f 1964 1825 1811
f 1964 1977 1825
f 1825 1976 1824
f 1825 1977 1976
f 1978 1977 1964
f 1978 1964 1965
f 1979 1978 1965
f 1979 1965 1966
f 1980 1970 1971
f 1980 1971 1981
f 1981 1971 1972
f 1981 1972 1982
f 1982 1972 1973
f 1982 1973 1983
f 1983 1973 1974
f 1983 1974 1984
f 1985 1975 1821
f 1985 1821 1826
f 1976 1830 1824
f 1976 1986 1830
f 1987 1986 1976
f 1987 1976 1977
f 1988 1982 1983
f 1988 1983 1989
f 1990 1989 1983
f 1990 1983 1984
f 1991 1985 1826
f 1991 1826 1831
f 1990 1984 1985
f 1990 1985 1991
f 1986 1834 1830
f 1986 1992 1834
f 1993 1992 1986
f 1993 1986 1987
f 1995 1994 1988
f 1995 1988 1989
f 1996 1995 1989
f 1996 1989 1990
f 1991 1831 1835
f 1991 1835 1997
f 1996 1990 1991
f 1996 1991 1997
f 1998 1835 1836
f 1998 1997 1835
f 1992 1839 1834
f 1992 1999 1839
f 1999 1992 1993
f 1999 1993 2000
f 2003 1841 1840
f 2003 1840 2002
f 2002 1994 1995
f 2002 1995 2003
f 2004 2003 1995
f 2004 1995 1996
f 1843 1842 2004
f 1843 2004 2005
f 2005 2004 1996
f 2005 1996 1997
f 2006 1998 1836
f 2006 1836 1844
f 2006 1844 1843
f 2006 1843 2005
f 2007 1839 1999
f 2007 1847 1839
f 2007 1999 2000
f 2007 2000 2008
f 2012 2002 1840
f 2012 1840 1848
f 2012 2011 2001
f 2012 2001 2002
f 2013 1841 2003
f 2013 1849 1841
f 2014 2004 1842
f 2014 1842 1850
f 2014 1850 1849
f 2014 1849 2013
f 2014 2013 2003
f 2014 2003 2004
f 2015 1847 2007
f 2015 1854 1847
f 1855 1854 2015
f 1855 2015 2016
f 2015 2007 2008
f 2015 2008 2016
f 2017 1856 1855
f 2017 1855 2016
f 1857 1856 2017
f 1857 2017 2018
f 2020 1859 1858
f 2020 1858 2019
f 2020 2019 2009
f 2020 2009 2010
f 2021 1860 1859
f 2021 1859 2020
f 1861 1860 2021
f 1861 2021 2022
f 2012 1848 1862
f 2012 1862 2024
f 2023 2011 2012
f 2023 2012 2024
f 2025 1862 1863
f 2025 2024 1862
f 2026 1857 2018
f 2026 1866 1857
f 2027 2019 1858
f 2027 1858 1867
f 2027 1867 1866
f 2027 1866 2026
f 2027 2026 2018
f 2027 2018 2019
f 2028 1861 2022
f 2028 1869 1861
f 2028 2022 2023
f 2028 2023 2029
f 2029 2023 2024
f 2029 2024 2030
f 2025 1863 1870
f 2025 1870 2031
f 2030 2024 2025
f 2030 2025 2031
f 2032 1869 2028
f 2032 1872 1869
f 2033 1873 1872
f 2033 1872 2032
f 2032 2028 2029
f 2032 2029 2033
f 1874 1873 2033
f 1874 2033 2034
f 2034 2033 2029
f 2034 2029 2030
f 2031 1870 1875
f 2031 1875 2035
f 1875 1874 2034
f 1875 2034 2035
f 1884 2036 1883
f 1884 2037 2036
f 2038 1884 1885
f 2038 2037 1884
f 2039 1885 1886
f 2039 2038 1885
f 2040 1886 1887
f 2040 2039 1886
f 1894 2041 1893
f 1894 2042 2041
f 2036 1895 1883
f 2036 2043 1895
f 2043 1894 1895
f 2043 2042 1894
f 2040 1887 1896
f 2040 1896 2045
f 2044 2039 2040
f 2044 2040 2045
f 2046 1896 1897
f 2046 2045 1896
f 2041 1904 1893
f 2041 2048 1904
f 1904 2047 1903
f 1904 2048 2047
f 2049 2048 2041
f 2049 2041 2042
f 2050 2044 2045
f 2050 2045 2051
f 2046 1897 1905
f 2046 1905 2052
f 2051 2045 2046
f 2051 2046 2052
f 2053 1905 1906
f 2053 2052 1905
f 2047 1911 1903
f 2047 2054 1911
f 1912 1911 2054
f 1912 2054 2055
f 2055 2054 2047
f 2055 2047 2048
f 2056 2055 2048
f 2056 2048 2049
f 2057 2051 2052
f 2057 2052 2058
f 2059 2053 1906
f 2059 1906 1914
f 2059 1914 1913
f 2059 1913 2058
f 2059 2058 2052
f 2059 2052 2053
f 2061 1915 1916
f 2061 2060 1915
f 2063 1912 2055
f 2063 1920 1912
f 1920 2062 1919
f 1920 2063 2062
f 2067 2058 1913
f 2067 1913 1921
f 2068 1915 2060
f 2068 1923 1915
f 2061 1916 1924
f 2061 1924 2069
f 1924 1923 2068
f 1924 2068 2069
f 2068 2060 2061
f 2068 2061 2069
f 2070 1919 2062
f 2070 1927 1919
f 1928 1927 2070
f 1928 2070 2071
f 2070 2062 2063
f 2070 2063 2071
f 2076 2075 2064
f 2076 2064 2065
f 2076 2065 2066
f 2076 2066 2077
f 2078 2067 1921
f 2078 1921 1930
f 2078 1930 1929
f 2078 1929 2077
f 2079 1928 2071
f 2079 1935 1928
f 1936 1935 2079
f 1936 2079 2080
f 1937 1936 2080
f 1937 2080 2081
f 2081 2080 2072
f 2081 2072 2073
f 2082 1938 1937
f 2082 1937 2081
f 2082 2081 2073
f 2082 2073 2074
f 2083 1939 1938
f 2083 1938 2082
f 2082 2074 2075
f 2082 2075 2083
f 1940 1939 2083
f 1940 2083 2084
f 2083 2075 2076
f 2083 2076 2084
f 2085 2077 1929
f 2085 1929 1941
f 2085 1941 1940
f 2085 1940 2084
f 2085 2084 2076
f 2085 2076 2077
f 2087 2080 2086
f 2087 2081 2080
f 1967 2088 1966
f 1967 2089 2088
f 1968 2089 1967
f 1968 2090 2089
f 2091 1968 1969
f 2091 2090 1968
f 2092 1969 1970
f 2092 2091 1969
f 1975 2093 1974
f 1975 2094 2093
f 1978 2095 1977
f 1978 2096 2095
f 2088 1979 1966
f 2088 2097 1979
f 1979 2096 1978
f 1979 2097 2096
f 2098 2097 2088
f 2098 2088 2089
f 2092 1970 1980
f 2092 1980 2100
f 2099 2091 2092
f 2099 2092 2100
f 2101 1980 1981
f 2101 2100 1980
f 2102 1981 1982
f 2102 2101 1981
f 2103 1974 2093
f 2103 1984 1974
f 2104 2094 1975
f 2104 1975 1985
f 1985 1984 2103
f 1985 2103 2104
f 2103 2093 2094
f 2103 2094 2104
f 2095 1987 1977
f 2095 2105 1987
f 2106 2105 2095
f 2106 2095 2096
f 2107 2100 2101
f 2107 2101 2108
f 2102 1982 1988
f 2102 1988 2109
f 2109 2108 2101
f 2109 2101 2102
f 2105 1993 1987
f 2105 2110 1993
f 2111 2110 2105
f 2111 2105 2106
f 2109 1988 1994
f 2109 1994 2115
f 2114 2108 2109
f 2114 2109 2115
f 1998 2116 1997
f 1998 2117 2116
f 2118 1993 2110
f 2118 2000 1993
f 2119 2112 2113
f 2119 2113 2120
f 2125 2115 1994
f 2125 1994 2002
f 2125 2002 2001
f 2125 2001 2124
f 2125 2124 2114
f 2125 2114 2115
f 2116 2005 1997
f 2116 2126 2005
f 2117 1998 2006
f 2117 2006 2127
f 2006 2005 2126
f 2006 2126 2127
f 2126 2116 2117
f 2126 2117 2127
f 2118 2008 2000
f 2118 2128 2008
f 2010 2009 2130
f 2010 2130 2131
f 2132 2131 2121
f 2132 2121 2122
f 2132 2122 2123
f 2132 2123 2133
f 2134 2124 2001
f 2134 2001 2011
f 2135 2008 2128
f 2135 2016 2008
f 2017 2016 2135
f 2017 2135 2136
f 2137 2018 2017
f 2137 2017 2136
f 2138 2130 2009
f 2138 2009 2019
f 2138 2019 2018
f 2138 2018 2137
f 2138 2137 2129
f 2138 2129 2130
f 2139 2010 2131
f 2139 2020 2010
f 2021 2020 2139
f 2021 2139 2140
f 2139 2131 2132
f 2139 2132 2140
f 2141 2022 2021
f 2141 2021 2140
f 2141 2140 2132
f 2141 2132 2133
f 2142 2134 2011
f 2142 2011 2023
f 2142 2023 2022
f 2142 2022 2141
f 2142 2141 2133
f 2142 2133 2134
f 2144 2136 2143
f 2144 2137 2136
f 2031 2145 2030
f 2031 2146 2145
f 2145 2034 2030
f 2145 2147 2034
f 2146 2031 2035
f 2146 2035 2148
f 2035 2034 2147
f 2035 2147 2148
f 2147 2145 2146
f 2147 2146 2148
f 2037 2149 2036
f 2037 2150 2149
f 2151 2037 2038
f 2151 2150 2037
f 2152 2038 2039
f 2152 2151 2038
f 2149 2043 2036
f 2149 2154 2043
f 2043 2153 2042
f 2043 2154 2153
f 2155 2154 2149
f 2155 2149 2150
f 2156 2155 2150
f 2156 2150 2151
f 2152 2039 2044
f 2152 2044 2157
f 2156 2151 2152
f 2156 2152 2157
f 2153 2049 2042
f 2153 2158 2049
f 2159 2154 2155
f 2159 2155 2160
f 2160 2155 2156
f 2160 2156 2161
f 2157 2044 2050
f 2157 2050 2162
f 2161 2156 2157
f 2161 2157 2162
f 2163 2050 2051
f 2163 2162 2050
f 2158 2056 2049
f 2158 2165 2056
f 2056 2164 2055
f 2056 2165 2164
f 2163 2051 2057
f 2163 2057 2169
f 2168 2162 2163
f 2168 2163 2169
f 2170 2057 2058
f 2170 2169 2057
f 2164 2063 2055
f 2164 2171 2063
f 2172 2171 2164
f 2172 2164 2165
f 2174 2173 2166
f 2174 2166 2167
f 2176 2065 2064
f 2176 2064 2175
f 2066 2065 2176
f 2066 2176 2177
f 2176 2168 2169
f 2176 2169 2177
f 2170 2058 2067
f 2170 2067 2178
f 2177 2169 2170
f 2177 2170 2178
f 2179 2063 2171
f 2179 2071 2063
f 2180 2179 2171
f 2180 2171 2172
f 2181 2073 2072
f 2181 2072 2180
f 2181 2180 2172
f 2181 2172 2173
f 2074 2073 2181
f 2074 2181 2182
f 2182 2181 2173
f 2182 2173 2174
f 2183 2175 2064
f 2183 2064 2075
f 2183 2075 2074
f 2183 2074 2182
f 2183 2182 2174
f 2183 2174 2175
f 2184 2066 2177
f 2184 2077 2066
f 2185 2178 2067
f 2185 2067 2078
f 2078 2077 2184
f 2078 2184 2185
f 2184 2177 2178
f 2184 2178 2185
f 2179 2079 2071
f 2179 2186 2079
f 2187 2180 2072
f 2187 2072 2080
f 2080 2079 2186
f 2080 2186 2187
f 2186 2179 2180
f 2186 2180 2187
f 2188 2080 2081
f 2188 2187 2080
f 2189 2080 2187
f 2189 2086 2080
f 2188 2081 2087
f 2188 2087 2190
f 2087 2086 2189
f 2087 2189 2190
f 2189 2187 2188
f 2189 2188 2190
f 2090 2191 2089
f 2090 2192 2191
f 2193 2090 2091
f 2193 2192 2090
f 2097 2194 2096
f 2097 2195 2194
f 2191 2098 2089
f 2191 2196 2098
f 2098 2195 2097
f 2098 2196 2195
f 2197 2196 2191
f 2197 2191 2192
f 2193 2091 2099
f 2193 2099 2198
f 2197 2192 2193
f 2197 2193 2198
f 2199 2099 2100
f 2199 2198 2099
f 2194 2106 2096
f 2194 2200 2106
f 2201 2196 2197
f 2201 2197 2202
f 2202 2197 2198
f 2202 2198 2203
f 2199 2100 2107
f 2199 2107 2204
f 2203 2198 2199
f 2203 2199 2204
f 2205 2107 2108
f 2205 2204 2107
f 2200 2111 2106
f 2200 2207 2111
f 2111 2206 2110
f 2111 2207 2206
f 2113 2112 2208
f 2113 2208 2209
f 2211 2203 2204
f 2211 2204 2212
f 2205 2108 2114
f 2205 2114 2213
f 2212 2204 2205
f 2212 2205 2213
f 2206 2118 2110
f 2206 2214 2118
f 2215 2214 2206
f 2215 2206 2207
f 2208 2112 2119
f 2208 2119 2216
f 2217 2113 2209
f 2217 2120 2113
f 2217 2119 2120
f 2217 2216 2119
f 2218 2217 2209
f 2218 2209 2210
f 2219 2122 2121
f 2219 2121 2218
f 2220 2123 2122
f 2220 2122 2219
f 2219 2211 2212
f 2219 2212 2220
f 2221 2213 2114
f 2221 2114 2124
f 2220 2212 2213
f 2220 2213 2221
f 2214 2128 2118
f 2214 2222 2128
f 2223 2222 2214
f 2223 2214 2215
f 2224 2223 2215
f 2224 2215 2216
f 2225 2130 2129
f 2225 2129 2224
f 2225 2224 2216
f 2225 2216 2217
f 2226 2218 2121
f 2226 2121 2131
f 2226 2131 2130
f 2226 2130 2225
f 2226 2225 2217
f 2226 2217 2218
f 2227 2123 2220
f 2227 2133 2123
f 2228 2221 2124
f 2228 2124 2134
f 2228 2134 2133
f 2228 2133 2227
f 2227 2220 2221
f 2227 2221 2228
f 2222 2135 2128
f 2222 2229 2135
f 2230 2136 2135
f 2230 2135 2229
f 2229 2222 2223
f 2229 2223 2230
f 2231 2224 2129
f 2231 2129 2137
f 2231 2230 2223
f 2231 2223 2224
f 2232 2136 2230
f 2232 2143 2136
f 2231 2137 2144
f 2231 2144 2233
f 2144 2143 2232
f 2144 2232 2233
f 2232 2230 2231
f 2232 2231 2233
f 2235 2153 2154
f 2235 2234 2153
f 2236 2153 2234
f 2236 2158 2153
f 2235 2154 2159
f 2235 2159 2237
f 2236 2234 2235
f 2236 2235 2237
f 2238 2159 2160
f 2238 2237 2159
f 2161 2238 2160
f 2161 2239 2238
f 2240 2161 2162
f 2240 2239 2161
f 2241 2158 2236
f 2241 2165 2158
f 2242 2241 2236
f 2242 2236 2237
f 2243 2167 2166
f 2243 2166 2242
f 2242 2237 2238
f 2242 2238 2243
f 2243 2238 2239
f 2243 2239 2244
f 2240 2162 2168
f 2240 2168 2245
f 2244 2239 2240
f 2244 2240 2245
f 2247 2165 2241
f 2247 2172 2165
f 2248 2242 2166
f 2248 2166 2173
f 2173 2172 2247
f 2173 2247 2248
f 2248 2247 2241
f 2248 2241 2242
f 2249 2167 2243
f 2249 2174 2167
f 2175 2174 2249
f 2175 2249 2250
f 2249 2243 2244
f 2249 2244 2250
f 2251 2245 2168
f 2251 2168 2176
f 2176 2175 2250
f 2176 2250 2251
f 2250 2244 2245
f 2250 2245 2251
f 2251 2246 2245
f 2251 2252 2246
f 2195 2253 2194
f 2195 2254 2253
f 2255 2195 2196
f 2255 2254 2195
f 2253 2200 2194
f 2253 2256 2200
f 2257 2256 2253
f 2257 2253 2254
f 2255 2196 2201
f 2255 2201 2258
f 2257 2254 2255
f 2257 2255 2258
f 2259 2201 2202
f 2259 2258 2201
f 2260 2202 2203
f 2260 2259 2202
f 2261 2200 2256
f 2261 2207 2200
f 2262 2261 2256
f 2262 2256 2257
f 2263 2209 2208
f 2263 2208 2262
f 2263 2262 2257
f 2263 2257 2258
f 2210 2209 2263
f 2210 2263 2264
f 2263 2258 2259
f 2263 2259 2264
f 2260 2203 2211
f 2260 2211 2265
f 2264 2259 2260
f 2264 2260 2265
f 2266 2207 2261
f 2266 2215 2207
f 2267 2262 2208
f 2267 2208 2216
f 2267 2216 2215
f 2267 2215 2266
f 2267 2266 2261
f 2267 2261 2262
f 2268 2210 2264
f 2268 2218 2210
f 2269 2265 2211
f 2269 2211 2219
f 2219 2218 2268
f 2219 2268 2269
f 2268 2264 2265
f 2268 2265 2269
f 2246 2270 2245
f 2246 2271 2270
f 2270 2251 2245
f 2270 2272 2251
f 2271 2246 2252
f 2271 2252 2273
f 2252 2251 2272
f 2252 2272 2273
f 2272 2270 2271
f 2272 2271 2273
