# parsimony mesh: cplx_CPLX0-7727 (source /Users/eranagmon/code/v2e-cplx/workspace/studies/ecoli-3d/viz/3d/structures/cplx_CPLX0-7727.pdb)
# atoms: 3782  voxel: 2.5 Å  verts: 6135  tris: 12788
v 34.4983 -30.7426 -29.2488
v 35.8013 -31.2621 -29.5412
v 37.6945 -31.3676 -29.6243
v 34.4983 -30.6124 -29.2488
v 35.8013 -30.1152 -29.5412
v 37.6945 -29.9687 -29.6243
v -33.3329 36.4502 -29.4918
v -31.6987 36.3742 -29.5853
v -30.2238 36.6213 -29.4401
v -33.3329 37.5034 -29.4918
v -31.7076 38.2455 -29.5770
v -30.1963 38.1087 -29.4660
v -30.8801 39.5937 -29.3326
v -30.3370 39.5937 -29.3326
v 46.9531 -38.1930 -26.7653
v 47.1199 -38.1930 -26.7653
v 46.7312 -36.8913 -26.8554
v 48.0925 -36.8964 -27.0659
v 50.0608 -36.0665 -27.1206
v 31.8521 -33.2417 -26.8871
v 33.3013 -33.2368 -26.9282
v 35.8013 -33.4627 -27.3508
v 37.5792 -33.5429 -27.4505
v 41.6180 -33.4668 -26.9764
v 42.5968 -33.4668 -26.9764
v 46.7227 -34.9474 -26.8601
v 48.2493 -34.2250 -27.0731
v 49.9802 -34.3913 -27.0599
v 31.4397 -31.8913 -27.2326
v 33.5195 -31.7021 -28.1964
v 35.8013 -32.5121 -28.6008
v 38.4702 -31.9828 -28.1319
v 40.8451 -31.7147 -27.0615
v 42.5968 -32.4981 -26.9764
v 49.0480 -33.0303 -26.7774
v 49.6136 -33.0303 -26.7774
v 31.2296 -29.3913 -27.3226
v 33.5195 -29.6240 -28.3591
v 35.8013 -28.8652 -28.6974
v 38.5803 -29.1906 -28.1207
v 40.0723 -30.0791 -27.1466
v 31.5720 -27.7662 -27.0071
v 33.3013 -27.5876 -27.1316
v 35.8013 -27.3230 -27.4474
v 37.7993 -27.4134 -27.4281
v 47.0492 -23.1548 -26.7283
v 47.0590 -23.1548 -26.7283
v 47.0088 -21.8913 -26.7513
v 47.1290 -21.8913 -26.7513
v 46.9967 -20.5935 -26.7582
v 47.1473 -20.5935 -26.7582
v -23.1299 31.5651 -26.8987
v -21.6987 31.5801 -26.8939
v -19.9044 31.7808 -26.7779
v -33.0213 34.3279 -26.8089
v -32.7216 34.3279 -26.8089
v -25.5578 34.3196 -26.7607
v -24.2363 33.2771 -26.8297
v -21.7118 33.0842 -27.0116
v -19.1221 32.9249 -27.0094
v -17.7918 33.6357 -26.8950
v -38.1633 36.5387 -27.0495
v -36.6987 36.3136 -27.2762
v -34.0105 35.6177 -27.8062
v -31.8125 35.0605 -27.7762
v -29.7903 36.1673 -27.9771
v -25.8969 35.6087 -26.8702
v -25.0192 35.6087 -26.8702
v -20.8872 34.7280 -26.9790
v -19.1987 34.7598 -27.0419
v -17.7918 34.5241 -26.8950
v -38.1784 38.1087 -27.0440
v -36.6987 38.1087 -27.5924
v -34.1792 38.2455 -28.5117
v -32.5468 39.1700 -28.9702
v -29.3262 38.1087 -27.9771
v -25.9372 37.1532 -26.8844
v -24.9820 37.1532 -26.8844
v -38.0403 39.5936 -26.8272
v -36.5808 40.4997 -27.0374
v -34.0338 40.8184 -27.3231
v -31.8867 40.6926 -28.0583
v -29.9193 40.4997 -27.9787
v -35.6688 41.9367 -26.8226
v -34.7573 41.9367 -26.8226
v -31.2267 42.1480 -27.1464
v -30.1852 42.1480 -27.1464
v -20.5265 46.4778 -26.7467
v -20.3768 46.4778 -26.7467
v -20.5265 46.9140 -26.7467
v -20.3768 46.9140 -26.7467
v 36.8800 -43.3151 -24.3983
v 38.3013 -43.5533 -24.5541
v 40.2926 -43.5169 -24.4919
v 43.7739 -43.6799 -24.9398
v 45.8013 -43.6383 -24.8740
v 47.1415 -43.2653 -24.3770
v 36.8304 -41.8913 -24.4479
v 38.3175 -41.7633 -24.5626
v 40.9580 -41.8816 -24.4160
v 43.0848 -42.0077 -24.9382
v 45.8951 -41.8784 -24.9604
v 47.1415 -42.7032 -24.3770
v 36.9280 -40.5364 -24.3503
v 37.4949 -40.5364 -24.3503
v 41.2038 -39.3913 -24.5504
v 43.3013 -39.3913 -24.9907
v 46.0387 -39.3160 -25.3540
v 48.0925 -38.8764 -25.3697
v 49.7897 -38.6838 -24.4648
v 41.3491 -37.6288 -24.5454
v 43.3013 -37.2679 -24.6364
v 45.3181 -36.7501 -25.3636
v 48.7866 -37.7332 -26.1315
v 50.4879 -36.8964 -25.3697
v 31.4314 -33.4911 -25.4771
v 33.3256 -33.4373 -25.6969
v 35.7420 -33.8147 -25.6969
v 38.3680 -33.9527 -25.4194
v 40.7913 -33.8576 -25.4194
v 43.3786 -34.1254 -25.4829
v 45.6560 -34.3960 -25.6743
v 47.3814 -33.2808 -26.6951
v 50.7700 -34.3913 -25.4771
v 30.4849 -31.8913 -25.4771
v 34.1004 -31.8913 -25.2770
v 35.0363 -31.8913 -25.2770
v 39.2458 -32.5980 -26.2142
v 40.8451 -31.7147 -26.4152
v 43.4765 -31.7847 -25.6349
v 45.6840 -31.8993 -25.3010
v 48.2493 -32.0747 -26.2357
v 49.8225 -32.0747 -25.4176
v 30.3523 -29.3913 -25.4771
v 34.3262 -30.4722 -24.8441
v 34.8800 -30.4722 -24.8441
v 39.1986 -28.5731 -25.4771
v 40.8959 -29.2625 -25.5592
v 43.4342 -29.4989 -25.1283
v 45.6840 -29.4989 -25.2483
v 48.5038 -29.2756 -25.1361
v 49.7011 -30.0319 -24.5446
v 31.2988 -27.5697 -25.4771
v 33.3013 -26.6974 -25.4771
v 35.5845 -26.0067 -25.6401
v 38.2574 -26.7045 -25.6401
v 41.7196 -27.6739 -24.5021
v 43.5396 -26.8608 -24.6991
v 45.8013 -26.8913 -25.6493
v 48.5038 -26.9384 -25.1800
v 49.6320 -26.1365 -24.4307
v 36.3289 -24.3913 -24.8533
v 38.5396 -24.6259 -24.9142
v 39.8486 -23.9490 -24.5374
v 44.5318 -25.6308 -24.2342
v 45.9341 -24.3928 -25.4386
v 48.0559 -24.1494 -26.1704
v 49.9386 -24.3913 -24.8443
v 36.8661 -22.9856 -24.3738
v 38.3013 -22.7786 -24.5698
v 39.8486 -22.8133 -24.5374
v 46.2080 -21.8913 -25.4771
v 48.3790 -21.8913 -26.1623
v 50.0263 -21.8913 -24.9123
v 46.6337 -20.2676 -25.4771
v 48.1089 -20.2532 -25.4037
v 49.7490 -20.4927 -24.5214
v -28.6304 24.1697 -24.3482
v -27.3633 24.1697 -24.3482
v -23.5279 24.2256 -24.4553
v -22.7485 24.2256 -24.4553
v -31.0491 26.0731 -24.6180
v -29.3577 25.3874 -24.6195
v -26.5975 25.5076 -24.5325
v -24.2962 25.5076 -24.9099
v -22.4101 25.6087 -24.8960
v -31.0491 27.3217 -24.6180
v -29.1486 28.1365 -24.6776
v -26.6987 28.1087 -24.9415
v -23.9803 28.3317 -24.9809
v -21.5606 28.4875 -24.5692
v -19.1987 29.2444 -24.3015
v -17.8629 29.2371 -24.3059
v -28.2818 29.7087 -24.4451
v -26.6987 30.0453 -24.6505
v -23.9209 30.6012 -25.0900
v -21.5938 30.2121 -25.2394
v -19.1221 30.8120 -25.7347
v -17.7039 30.6087 -24.8463
v -33.0213 34.3279 -26.5565
v -31.8935 34.1300 -25.7274
v -29.6326 33.9321 -24.8984
v -26.1396 33.9353 -25.4771
v -24.2100 33.2065 -25.8011
v -22.5538 33.9013 -26.2331
v -18.2377 31.9691 -26.6406
v -17.5368 32.9249 -25.6752
v -38.2838 36.1476 -25.4771
v -36.6987 35.3942 -25.4771
v -33.9773 35.5231 -25.5028
v -31.9749 35.1368 -25.6082
v -28.8808 35.2846 -25.6473
v -27.2945 35.3804 -25.5286
v -23.7692 35.6087 -26.1770
v -21.7118 35.5803 -26.0174
v -19.2383 35.8811 -25.4575
v -17.6142 34.7347 -25.4771
v -38.4717 38.1087 -25.4771
v -33.2666 37.1572 -24.4491
v -32.7869 37.1572 -24.4491
v -28.5482 38.1474 -25.5286
v -26.8280 38.0799 -25.5324
v -24.1687 38.0354 -26.1405
v -21.6987 38.1087 -25.8161
v -19.7438 38.1087 -25.0054
v -38.1366 39.8108 -25.4771
v -37.1148 41.0608 -25.4771
v -33.0906 41.7914 -26.6911
v -32.8933 41.7914 -26.6911
v -29.4702 40.6087 -25.4771
v -26.0940 40.6087 -24.7474
v -24.1987 40.6087 -25.4673
v -21.6987 40.6087 -25.9126
v -19.6505 40.6087 -25.1926
v -35.8648 42.0631 -25.4771
v -34.0338 42.4755 -25.7055
v -32.0539 43.2144 -25.6650
v -29.3870 43.2259 -25.2826
v -26.8039 43.1946 -24.3696
v -24.0067 42.9948 -24.7524
v -21.6987 43.1087 -25.7666
v -19.5700 43.1087 -25.2992
v -31.2144 45.0754 -24.6388
v -29.1987 44.9434 -24.5603
v -27.9021 44.4217 -24.2597
v -23.0569 45.6087 -24.4633
v -21.4954 45.6302 -25.8936
v -19.2311 45.5608 -25.6559
v -17.7587 46.3105 -24.6221
v -22.9962 46.9972 -24.3918
v -21.4954 47.4141 -25.3259
v -19.4056 47.4750 -25.4641
v -17.7587 47.0988 -24.6221
v 39.1343 -46.0975 -22.0753
v 40.8013 -46.4339 -22.6131
v 43.3013 -46.1004 -22.3672
v 45.8013 -45.7678 -21.8945
v 47.2743 -45.7984 -21.9300
v 36.6877 -43.6365 -22.9771
v 38.3011 -44.7628 -22.9360
v 40.9961 -44.3666 -23.9065
v 43.0848 -44.4645 -23.7097
v 45.8013 -44.8883 -23.1445
v 47.4239 -44.2157 -22.8489
v 36.6865 -41.7449 -22.9599
v 38.4834 -40.8293 -22.7938
v 40.9580 -41.8816 -23.8253
v 42.1072 -42.9187 -24.1781
v 46.7910 -41.0365 -23.8939
v 47.7332 -41.8784 -23.0272
v 36.9280 -40.5364 -23.7817
v 38.4834 -40.4400 -22.7938
v 39.8960 -39.4626 -22.7744
v 46.7910 -40.4389 -23.8939
v 48.4944 -40.3331 -23.0272
v 50.2905 -39.1578 -22.9771
v 36.5893 -35.9978 -22.3794
v 38.3013 -36.4745 -22.4179
v 40.4691 -37.0123 -22.9632
v 43.3013 -36.0179 -23.9678
v 44.5894 -35.8226 -24.1780
v 50.9677 -36.8913 -22.9771
v 31.4240 -33.5073 -23.7554
v 32.5086 -33.5073 -23.7554
v 36.2538 -34.5576 -23.1185
v 38.3013 -35.1044 -23.6679
v 40.8013 -35.0426 -23.5813
v 43.3013 -35.3773 -23.9678
v 44.5894 -35.5112 -24.1780
v 49.3023 -33.8609 -22.2349
v 50.2370 -34.5731 -23.0318
v 31.0965 -31.8913 -23.4982
v 32.8504 -31.8913 -23.4982
v 36.2282 -31.8882 -22.9981
v 38.3013 -31.2341 -22.2855
v 40.0889 -31.0201 -22.0200
v 44.3562 -31.0713 -23.9611
v 44.7725 -31.0713 -23.9611
v 49.1019 -31.8913 -22.4659
v 49.8436 -31.8913 -23.7159
v 31.2916 -29.2537 -22.9270
v 33.4162 -29.7143 -22.9270
v 35.7485 -29.8828 -22.9981
v 38.3234 -29.3610 -22.9327
v 40.4296 -29.3241 -22.9029
v 44.3562 -30.4040 -23.9611
v 44.7725 -30.4040 -23.9611
v 49.3366 -29.1573 -22.9770
v 49.6505 -29.1573 -22.9770
v 31.5860 -27.7069 -22.9771
v 33.2655 -26.3139 -23.1941
v 34.6066 -25.6747 -24.1722
v 38.8029 -26.8913 -22.9771
v 41.2442 -26.8608 -23.1116
v 42.8651 -26.0072 -24.0346
v 49.4722 -27.8032 -23.7497
v 49.7138 -26.9384 -22.9407
v 34.0091 -24.3913 -22.4845
v 35.0789 -24.3913 -23.7345
v 39.3947 -25.3039 -22.9771
v 40.6234 -24.5136 -22.7161
v 43.5396 -25.0108 -23.1116
v 45.7120 -24.1933 -22.9239
v 48.3013 -24.0545 -22.2627
v 49.9461 -24.4982 -22.9588
v 34.3046 -22.9935 -21.9586
v 35.9402 -22.6119 -22.8660
v 38.3013 -22.1299 -22.9771
v 40.0060 -22.6808 -22.9771
v 46.2505 -21.8913 -23.5236
v 48.3013 -21.8913 -23.0355
v 50.0263 -21.8913 -23.7391
v 46.5491 -20.1908 -23.7944
v 48.3013 -20.1920 -23.7499
v 49.7490 -20.4927 -24.0236
v -28.4055 21.6135 -22.0236
v -26.6987 21.6022 -22.0780
v -25.2878 21.7619 -21.8985
v -30.9396 23.7878 -22.5090
v -29.3513 23.1454 -23.0996
v -26.5975 23.2453 -23.4611
v -24.4079 23.1815 -23.0239
v -21.8286 23.7513 -22.8998
v -20.2741 24.0342 -22.0149
v -31.3361 25.3874 -23.1962
v -30.2971 24.4065 -24.1756
v -25.6966 24.6068 -24.1493
v -25.1946 24.6068 -24.1493
v -21.1608 25.6227 -22.8998
v -20.2741 24.7987 -22.0149
v -31.1898 27.4534 -22.9771
v -29.7085 28.7034 -22.9771
v -23.0013 29.3137 -24.1516
v -21.5039 28.3751 -23.4805
v -19.1987 28.6529 -22.9771
v -17.7393 29.0904 -22.9771
v -28.8115 30.5687 -22.9251
v -26.6987 31.2953 -23.4674
v -23.9923 30.5384 -23.9346
v -22.3571 29.4859 -24.1516
v -17.2882 30.6087 -22.9771
v -33.0347 34.1566 -22.0069
v -31.8187 33.4954 -22.8950
v -29.1698 32.9070 -23.1360
v -26.9360 33.0435 -23.6120
v -24.9833 32.1667 -23.7176
v -18.7649 33.8617 -22.2936
v -17.4143 33.0605 -23.0670
v -38.1809 36.2306 -23.8910
v -36.6987 35.9393 -23.7363
v -33.9840 35.3591 -22.9578
v -32.2903 35.4179 -22.8950
v -27.9660 34.3949 -24.2150
v -27.9275 34.3949 -24.2150
v -19.0039 35.5602 -23.0670
v -17.6596 34.6946 -23.9603
v -38.2421 38.1087 -23.7830
v -36.6013 38.2082 -22.6808
v -34.1394 37.8317 -23.0361
v -32.2883 37.6382 -22.9771
v -28.9199 38.4852 -22.9771
v -27.4724 38.4852 -22.9771
v -19.2895 38.1087 -22.9771
v -38.1077 39.7266 -23.9710
v -36.5765 40.6881 -22.9661
v -35.3055 41.6496 -21.9612
v -29.1097 40.7919 -22.7854
v -27.2218 40.7919 -22.7854
v -18.9289 40.6087 -22.9771
v -35.6630 42.9339 -22.7537
v -34.6730 43.1041 -22.9297
v -32.8810 44.2809 -24.1467
v -28.3696 43.1833 -22.9639
v -27.0627 43.3729 -23.1907
v -24.0142 43.7606 -22.9861
v -21.6987 43.7331 -22.3448
v -19.3078 43.2119 -22.8608
v -35.5426 44.4902 -21.8796
v -34.1987 44.8238 -22.4062
v -31.8544 45.7947 -23.2493
v -29.1391 45.5819 -23.2277
v -26.9079 44.4772 -23.0406
v -23.8823 45.1475 -23.1345
v -21.6987 45.6087 -23.1541
v -19.0308 45.5298 -23.3833
v -17.7587 46.3105 -23.9514
v -30.8278 47.0521 -22.3518
v -30.1278 47.0521 -22.3518
v -22.9962 46.9972 -24.1598
v -21.6987 47.5115 -23.7865
v -19.1987 47.5877 -23.6302
v -17.7587 47.0988 -23.9514
v 41.5639 -51.2146 -19.5829
v 42.6881 -51.2146 -19.5829
v 41.5601 -49.3913 -19.6455
v 43.0058 -49.3913 -19.6455
v 46.3113 -48.3311 -19.3422
v 47.4648 -48.3311 -19.3422
v 38.9276 -46.3259 -20.4771
v 40.9507 -47.5494 -20.3484
v 43.4328 -47.4929 -20.3484
v 45.6073 -47.2268 -20.2962
v 47.7239 -46.7356 -20.2962
v 36.7378 -43.6277 -21.2119
v 38.3022 -44.2364 -20.2329
v 39.5669 -43.1785 -19.2540
v 47.9953 -44.3913 -20.4771
v 36.7378 -42.4806 -21.2119
v 38.4742 -41.9652 -20.2329
v 39.5669 -43.1164 -19.2540
v 46.9123 -40.7680 -19.3816
v 47.8251 -41.7173 -20.3198
v 39.0851 -39.4626 -20.6715
v 39.5891 -38.6768 -21.6345
v 46.9123 -40.5593 -19.3816
v 48.4944 -40.2593 -20.3198
v 50.4176 -38.9753 -20.4771
v 36.5893 -35.9978 -21.0067
v 38.7130 -36.8460 -20.3193
v 39.5788 -36.8686 -20.4449
v 50.5810 -36.8913 -20.4771
v 34.1452 -33.6856 -19.4062
v 35.8111 -34.6073 -20.2064
v 38.3013 -35.5441 -19.3329
v 39.5684 -35.6241 -19.2553
v 49.3023 -33.8609 -21.4672
v 50.0022 -34.5731 -20.5712
v 33.7842 -31.8913 -19.7579
v 35.9540 -31.7893 -20.4143
v 38.3013 -31.6808 -20.4771
v 40.8739 -31.4360 -20.5576
v 42.5104 -31.2092 -19.7779
v 49.1019 -31.8913 -21.3143
v 50.8715 -31.7633 -19.9699
v 52.1512 -30.8447 -19.3488
v 31.7372 -28.6533 -20.4771
v 33.1813 -29.6130 -20.5443
v 36.0936 -29.2604 -20.3808
v 37.4805 -28.6094 -21.0058
v 41.5229 -29.3913 -21.0508
v 42.5503 -29.3913 -19.8008
v 49.3700 -29.0559 -20.4119
v 50.2864 -29.1239 -20.2948
v 52.1512 -30.2716 -19.3488
v 31.7372 -27.6862 -20.4771
v 32.5114 -26.4362 -20.4771
v 36.9789 -27.9714 -19.3391
v 37.8557 -27.0393 -20.2943
v 41.2912 -26.8913 -20.6682
v 42.2467 -26.8913 -19.4182
v 49.5389 -28.0928 -19.3873
v 49.9626 -27.1122 -20.3232
v 33.7714 -24.2000 -20.3914
v 35.0794 -23.2391 -19.5009
v 38.7425 -24.3867 -20.4298
v 40.6534 -24.3384 -21.0830
v 43.0838 -24.7767 -20.2516
v 45.8013 -24.4734 -20.4771
v 48.3013 -24.5579 -20.4771
v 50.0291 -25.0310 -20.4771
v 34.3046 -22.9935 -21.1676
v 35.8681 -22.6527 -20.3914
v 38.1957 -22.5698 -20.4298
v 39.8602 -22.8553 -21.2315
v 52.0231 -20.6980 -19.2551
v 53.3013 -20.8993 -19.3705
v 54.7409 -20.9285 -19.3903
v 52.0231 -20.5890 -19.2551
v 53.3013 -20.3803 -19.3705
v 54.7409 -20.3456 -19.3903
v -26.1998 16.6265 -19.4454
v -25.1274 16.6265 -19.4454
v -26.1571 18.1087 -19.4461
v -25.1036 18.1087 -19.4461
v -28.8162 21.2029 -20.4771
v -26.5647 20.2760 -20.2713
v -24.4655 20.7123 -20.3497
v -21.6987 21.2471 -19.7436
v -20.2640 21.5725 -19.4111
v -30.9396 23.7878 -20.9859
v -30.0292 23.0161 -20.2824
v -23.6212 22.1374 -21.3985
v -21.1761 23.1973 -20.2716
v -20.2691 23.2810 -20.1934
v -31.1077 25.6087 -20.7108
v -30.1917 25.6087 -19.4608
v -21.0065 25.6227 -20.2762
v -20.2741 24.7987 -20.9756
v -30.8365 27.1887 -21.1133
v -29.9825 28.0567 -20.3588
v -21.1777 28.0272 -20.4011
v -18.9608 28.8826 -20.4011
v -17.7994 29.1780 -20.4771
v -29.0295 30.7493 -20.4006
v -27.8131 31.6763 -19.5162
v -20.7646 29.7813 -19.5171
v -19.6355 29.7813 -19.5171
v -17.5056 30.6087 -20.4771
v -35.6421 34.0978 -19.4175
v -33.8910 34.1272 -20.2917
v -31.9115 33.3951 -20.3904
v -29.4036 32.2502 -20.4006
v -27.8131 32.2484 -19.5162
v -18.7649 33.8617 -20.9030
v -17.7099 33.0605 -20.2326
v -35.6421 34.9831 -19.4175
v -33.7408 35.2333 -19.9765
v -32.5583 35.3585 -20.2560
v -28.1890 36.4640 -20.0062
v -27.6839 36.4640 -20.0062
v -23.1437 36.7550 -19.3935
v -22.7652 36.7550 -19.3935
v -18.9057 35.6087 -20.7369
v -17.6731 35.6087 -19.4869
v -36.0008 38.6273 -20.4771
v -34.2437 37.7181 -20.2985
v -31.5723 38.2119 -20.5269
v -29.3033 37.8519 -20.8569
v -27.1499 37.8712 -20.6946
v -23.1437 36.9534 -19.3935
v -22.7652 36.9534 -19.3935
v -18.7445 38.1087 -20.9746
v -17.4170 38.1087 -19.7246
v -35.9785 40.7333 -20.5365
v -35.3055 41.6496 -21.4094
v -30.9257 40.6087 -20.1451
v -29.4301 40.7919 -21.4118
v -27.0459 40.7919 -20.6774
v -18.4465 40.7195 -20.4228
v -17.6009 39.9600 -19.5532
v -35.5691 42.9883 -20.5686
v -35.1978 42.9883 -20.5686
v -30.6188 42.5597 -19.6372
v -29.2785 43.1446 -20.6407
v -26.7121 43.1625 -20.5254
v -24.1692 43.6424 -20.3349
v -21.5461 43.5535 -20.3587
v -19.1205 43.2119 -20.3587
v -35.5426 44.4902 -21.3945
v -34.2336 44.8884 -20.5275
v -31.6762 45.9187 -20.3705
v -29.8520 45.4679 -20.3705
v -25.9137 44.5326 -21.0734
v -24.9829 44.5326 -21.0734
v -20.6110 44.4455 -19.4465
v -19.6732 44.4455 -19.4465
v -15.6189 46.7048 -19.3510
v -15.0848 46.7048 -19.3510
v -30.8278 47.0521 -21.1327
v -30.1278 47.0521 -21.1327
v -15.5937 48.1087 -19.3328
v -15.1370 48.1087 -19.3328
v -15.4719 49.3756 -19.2441
v -15.3970 49.3756 -19.2441
v 46.9147 -53.1507 -16.7380
v 47.0709 -53.1507 -16.7380
v 41.2852 -51.4617 -17.9771
v 43.4334 -51.7629 -18.1494
v 45.9693 -52.1065 -17.3329
v 47.3354 -51.8913 -16.9566
v 34.4363 -48.1858 -16.7742
v 35.8013 -48.2662 -16.8397
v 37.4263 -48.2633 -16.8302
v 40.8201 -49.3913 -17.9771
v 44.2558 -49.3913 -19.0853
v 45.6073 -49.2552 -18.7907
v 48.2709 -49.3028 -18.0224
v 49.9067 -48.6078 -17.3559
v 31.5764 -46.1403 -17.4379
v 33.4823 -46.9407 -17.3695
v 35.8013 -46.8913 -17.4883
v 38.2815 -47.0567 -17.8880
v 40.3362 -47.7645 -17.9771
v 44.3539 -48.1152 -19.1677
v 44.6447 -48.1152 -19.1677
v 48.9748 -46.8913 -18.9102
v 50.1570 -46.8913 -17.6602
v 31.1232 -44.3913 -17.6737
v 33.3013 -44.3913 -17.9282
v 35.8013 -44.3913 -17.6130
v 38.3026 -44.1636 -18.6436
v 40.5891 -43.2221 -17.9410
v 42.1254 -43.2658 -16.8025
v 48.5334 -44.2381 -18.0963
v 50.0035 -44.9694 -17.3424
v 31.2887 -42.6808 -17.2785
v 33.2639 -41.8650 -17.3205
v 35.8013 -41.8913 -17.4378
v 38.3063 -42.1263 -18.4445
v 40.5891 -42.9693 -17.9410
v 42.1254 -42.8221 -16.8025
v 46.9123 -40.7680 -19.1721
v 47.5346 -41.7173 -18.1941
v 33.8862 -39.3913 -17.3573
v 35.8013 -39.3913 -17.8240
v 37.7781 -39.3913 -18.4439
v 46.9530 -39.3644 -17.9710
v 47.8676 -39.3668 -17.6600
v 50.7960 -38.8926 -17.9829
v 52.2865 -38.5716 -17.1535
v 33.8848 -36.8913 -17.5320
v 35.8013 -36.8913 -18.2134
v 38.3777 -36.6613 -18.7551
v 40.7442 -35.7625 -18.0041
v 42.1199 -35.8504 -16.8099
v 46.9937 -38.0781 -16.7699
v 47.0749 -38.0781 -16.7699
v 51.2032 -36.8913 -18.4056
v 52.3496 -36.8913 -17.1556
v 31.6942 -33.7194 -17.3441
v 33.2745 -34.5358 -18.1909
v 35.8013 -35.3403 -18.8399
v 38.3013 -35.5441 -18.9604
v 40.7442 -35.6027 -18.0041
v 42.1199 -35.5813 -16.8099
v 51.2943 -34.4075 -17.8141
v 52.2138 -35.2516 -16.8721
v 31.5373 -31.8913 -17.3940
v 33.3815 -31.3587 -17.8255
v 35.7258 -30.7538 -17.7741
v 38.3140 -31.2069 -17.9792
v 40.6939 -31.4170 -17.9982
v 42.5104 -31.2092 -18.8456
v 46.9264 -30.8695 -16.9703
v 47.1625 -30.8695 -16.9703
v 51.6056 -31.7633 -18.0522
v 53.1431 -30.9496 -17.9155
v 55.8013 -31.1746 -16.9426
v 57.1669 -30.9391 -16.8463
v 29.4003 -28.5987 -16.9615
v 30.8926 -29.4510 -17.8137
v 33.3897 -30.4563 -17.7001
v 35.8841 -29.9133 -17.9365
v 37.9267 -29.3913 -17.5882
v 41.4556 -29.9209 -17.1789
v 42.5083 -29.2090 -17.9982
v 46.9338 -29.3913 -16.9230
v 48.3507 -29.0604 -17.6910
v 51.1313 -29.2116 -17.7880
v 52.9772 -29.7140 -17.7262
v 55.8013 -29.9914 -16.9426
v 57.1669 -30.2393 -16.8463
v 29.4003 -27.6288 -16.9615
v 30.8578 -27.1493 -17.8677
v 32.3390 -26.0356 -17.9771
v 36.9789 -27.9714 -19.1217
v 37.7749 -27.0393 -18.1639
v 43.2654 -26.9085 -18.0093
v 46.0323 -26.9085 -17.1064
v 48.3563 -27.1906 -17.6414
v 50.7490 -27.1906 -18.2139
v 53.4077 -26.8691 -17.5906
v 55.8013 -26.3829 -17.0476
v 57.5070 -26.2505 -17.0222
v 31.4007 -23.8723 -17.2155
v 33.0764 -24.3890 -18.1508
v 35.0794 -23.2391 -19.0861
v 37.6443 -24.3913 -17.9771
v 43.7722 -25.2406 -18.8641
v 45.8013 -25.0255 -18.4378
v 48.0650 -24.3102 -17.9696
v 50.8486 -24.2961 -18.6635
v 53.3013 -24.3913 -17.8499
v 55.9057 -24.3176 -17.2706
v 57.5070 -25.1018 -17.0222
v 29.0708 -21.2735 -17.1778
v 30.6609 -22.0206 -17.4975
v 33.3431 -21.7994 -17.6424
v 35.8681 -22.6964 -18.1425
v 37.2869 -23.0125 -17.9771
v 46.6748 -20.8867 -16.7814
v 48.1824 -21.6733 -17.0914
v 50.8420 -21.5790 -17.9976
v 53.3013 -22.1493 -18.4859
v 55.4726 -21.8136 -18.0143
v 28.6890 -19.3913 -17.5764
v 30.8990 -19.3734 -17.6134
v 32.5376 -20.1948 -17.0719
v 44.1039 -18.7285 -16.8757
v 45.8254 -19.4936 -17.1254
v 48.2656 -19.5038 -17.1705
v 50.8232 -19.5620 -17.5373
v 53.3013 -19.6096 -17.9771
v 55.2599 -20.0765 -17.9771
v 28.8821 -17.6803 -17.4088
v 30.1307 -17.6803 -17.4088
v 44.1039 -17.9408 -16.8757
v 46.0378 -17.0210 -17.1027
v 48.3013 -16.8913 -17.4414
v 50.0317 -16.8913 -17.0833
v 47.0289 -15.6273 -16.7436
v 48.3013 -15.4757 -16.9279
v 49.8055 -15.4345 -16.9784
v -26.5016 16.4565 -17.9771
v -24.2559 16.3664 -17.9373
v -21.6987 16.4114 -17.1466
v -20.2208 16.5465 -16.9361
v -30.4624 19.3516 -16.7348
v -29.1987 18.9712 -17.0128
v -27.4071 18.0529 -17.9511
v -23.8536 18.1087 -18.6815
v -21.6987 18.1087 -17.8332
v -20.0300 18.1087 -17.1288
v -35.8132 21.5872 -17.0128
v -34.1987 21.4480 -17.0927
v -31.4569 20.6930 -17.2572
v -29.3687 20.4812 -18.3601
v -27.3088 19.5629 -18.7671
v -23.6432 19.6627 -18.9827
v -21.6987 19.9971 -18.6638
v -19.3578 20.7042 -17.8425
v -17.8406 21.5026 -16.9646
v -38.0978 24.0354 -17.0030
v -36.6674 23.1647 -17.5269
v -34.1987 23.1087 -17.7329
v -31.6987 23.1087 -18.0085
v -30.2067 23.1087 -19.0456
v -20.4793 24.1946 -19.1902
v -19.2063 23.2166 -18.0774
v -17.8406 22.2386 -16.9646
v -38.0630 25.6087 -16.9362
v -36.9325 25.7904 -17.3573
v -34.3367 25.7904 -17.4078
v -31.6987 25.6087 -17.8948
v -30.1917 25.6087 -18.8726
v -20.9672 25.6087 -18.7316
v -19.8931 25.6087 -17.4816
v -37.9520 26.8831 -16.7301
v -37.9218 26.8831 -16.7301
v -34.0080 28.1087 -17.4885
v -31.6987 28.1087 -18.2921
v -30.2311 28.1087 -18.7807
v -25.5449 29.2690 -16.8805
v -24.7272 29.2690 -16.8805
v -21.4659 28.1551 -17.8528
v -19.2818 28.3742 -17.5312
v -17.4949 29.1403 -17.9771
v -34.1185 30.6087 -17.4102
v -31.6987 30.6087 -18.1998
v -29.3666 30.7493 -18.5675
v -26.6790 30.6476 -17.8110
v -24.7272 29.6188 -16.8805
v -21.2246 29.8813 -17.9771
v -19.7372 29.8813 -17.9771
v -17.0604 30.6087 -17.9771
v -35.9345 33.5481 -17.9771
v -34.2450 32.9850 -17.9655
v -31.9115 33.0025 -18.4680
v -29.1987 32.3306 -18.5565
v -27.8131 32.2484 -18.7416
v -16.9278 33.1087 -17.9771
v -36.2554 35.7334 -18.1741
v -33.7220 35.9927 -18.3469
v -32.9027 35.6642 -17.9510
v -28.1333 36.5506 -17.9771
v -27.7449 36.5506 -17.9771
v -23.1437 36.7550 -19.0618
v -22.7652 36.7550 -19.0618
v -16.7456 35.6087 -17.9771
v -13.3794 36.4944 -17.0147
v -12.4295 36.4944 -17.0147
v -38.4296 38.6532 -17.2710
v -36.8713 37.8105 -18.2049
v -34.0427 37.0219 -18.0067
v -31.9166 37.9501 -17.7195
v -29.4039 38.0380 -17.8294
v -27.0069 38.1087 -17.9771
v -23.1437 36.9534 -19.0618
v -22.7652 36.9534 -19.0618
v -18.4050 39.2429 -16.8796
v -17.2468 38.2892 -17.8186
v -13.3794 37.5721 -17.0147
v -12.4295 37.5721 -17.0147
v -38.4748 40.6087 -17.3136
v -37.1702 40.6087 -18.5636
v -30.9257 40.6087 -18.4134
v -30.1005 40.6087 -17.1634
v -26.0954 40.6997 -17.8677
v -24.1987 41.3352 -17.2579
v -22.1513 41.4258 -17.2007
v -18.2394 40.5529 -17.9595
v -17.0854 40.5015 -18.0392
v -14.1987 40.9617 -17.2932
v -11.6987 41.3096 -16.8870
v -10.3903 41.7675 -16.7822
v -38.1692 42.2535 -16.9651
v -36.6058 43.0411 -17.9466
v -35.0902 43.8288 -18.9281
v -30.6188 42.5597 -18.8050
v -30.3282 43.2793 -17.9739
v -25.8438 42.5955 -18.6280
v -24.1987 42.6555 -18.5079
v -21.6961 43.0541 -18.0112
v -18.0859 43.1087 -19.0792
v -16.6987 43.1087 -18.3617
v -14.1987 43.1087 -17.4859
v -11.6987 43.1087 -17.0012
v -10.3981 43.1087 -16.7749
v -38.4929 46.3132 -17.1587
v -36.7490 45.5314 -17.6102
v -34.1336 45.5764 -18.0806
v -31.6987 45.0927 -17.9771
v -30.4057 44.5162 -17.9771
v -20.9781 45.4108 -17.8693
v -18.9834 45.4108 -18.4548
v -16.5508 45.7663 -18.3806
v -14.2304 45.7663 -18.0884
v -11.8015 45.3724 -17.0256
v -10.4396 44.3815 -16.7358
v -40.6806 48.8750 -17.1788
v -39.2752 48.0685 -17.5943
v -36.6399 48.1814 -17.6268
v -34.8437 47.3966 -17.2331
v -26.2285 48.5629 -16.8471
v -24.1987 48.7030 -16.8334
v -21.7522 48.3116 -16.9625
v -19.1478 48.1628 -17.0406
v -16.8731 48.1628 -17.8183
v -14.0001 48.0595 -17.9343
v -12.7034 47.1933 -17.0724
v -40.6806 49.8587 -17.1788
v -39.1987 50.1896 -17.4874
v -37.4341 49.9666 -17.2891
v -26.2285 49.5979 -16.8471
v -23.9768 50.5022 -16.8267
v -21.6987 50.6087 -17.1323
v -19.1478 50.5345 -17.1205
v -16.6965 50.2537 -17.5106
v -15.1609 49.4552 -17.9771
v -22.9955 51.8799 -16.7514
v -21.6987 52.1935 -17.0158
v -19.1987 52.3229 -17.1187
v -17.8231 52.0524 -16.8886
v 46.4679 -53.3828 -15.4771
v 47.3295 -53.3828 -15.4771
v 26.7644 -50.7637 -14.7374
v 27.3027 -50.7637 -14.7374
v 41.4552 -51.1633 -15.4771
v 43.3013 -52.2285 -15.4771
v 45.2179 -52.9565 -15.4771
v 47.9397 -51.8913 -15.4771
v 26.3090 -49.3913 -15.2265
v 28.2021 -49.4227 -15.3406
v 30.0872 -48.6103 -14.7503
v 34.4025 -48.1929 -15.4771
v 35.8013 -48.5942 -15.4771
v 38.2763 -48.5640 -15.4633
v 40.3029 -49.2430 -15.4633
v 44.4701 -48.2154 -14.3336
v 45.8013 -48.3401 -14.4228
v 48.2914 -49.3034 -15.3317
v 49.9067 -48.6078 -16.2818
v 26.3485 -47.4699 -15.0494
v 28.2127 -46.7384 -15.2897
v 30.8318 -46.9251 -15.5348
v 33.1525 -47.5670 -15.4771
v 39.0930 -48.0155 -16.2874
v 39.9320 -48.0155 -16.2874
v 44.4701 -48.0597 -14.3336
v 45.9315 -47.0924 -14.4717
v 48.3013 -46.8913 -14.7582
v 50.1570 -46.8913 -15.7824
v 29.1272 -44.3913 -14.5646
v 29.8732 -44.3913 -15.8146
v 41.6113 -43.2658 -16.5967
v 42.1254 -43.2658 -16.5967
v 46.8517 -45.4742 -14.3738
v 48.5123 -44.5421 -15.2121
v 49.8632 -44.4424 -15.3029
v 29.4764 -41.8913 -14.3720
v 30.5937 -41.8650 -15.5953
v 32.4057 -41.0141 -16.3143
v 41.6113 -42.8221 -16.5967
v 42.1254 -42.8221 -16.5967
v 48.7230 -41.8913 -16.0749
v 49.9092 -41.8913 -14.8249
v 29.2520 -39.3913 -14.7208
v 30.8013 -39.3913 -15.4531
v 32.6362 -39.3913 -16.2094
v 42.0318 -38.1446 -14.2353
v 42.0531 -38.1446 -14.2353
v 46.9937 -38.1695 -16.7057
v 48.1397 -39.2501 -16.4653
v 50.7347 -39.7939 -15.4258
v 52.3666 -38.5649 -15.4771
v 29.2510 -37.6605 -14.7168
v 30.9810 -36.8528 -14.9517
v 32.6348 -36.8913 -16.0156
v 41.7132 -36.7667 -15.2321
v 42.3401 -36.7667 -15.2321
v 46.9937 -38.0781 -16.7057
v 47.0749 -38.0781 -16.7057
v 53.0471 -36.8913 -15.4771
v 31.5733 -34.4881 -15.3243
v 32.4038 -35.3860 -16.0558
v 41.6433 -35.4524 -15.4771
v 42.4109 -35.4524 -15.4771
v 49.4696 -33.2515 -14.3517
v 50.7453 -33.4182 -15.3945
v 53.3383 -34.5170 -15.5655
v 55.8013 -34.1210 -15.0072
v 57.5725 -33.8064 -14.8006
v 31.0492 -31.8913 -15.4771
v 34.5114 -30.6486 -16.7127
v 34.5767 -30.6486 -16.7127
v 39.1557 -30.9884 -16.4132
v 39.7890 -30.9884 -16.4132
v 46.9264 -30.8695 -16.5972
v 48.3161 -31.8923 -15.4744
v 50.8520 -32.3300 -15.3779
v 53.3016 -31.8893 -16.0434
v 55.8013 -32.4246 -16.2572
v 57.7570 -31.8200 -15.5712
v 29.4003 -28.5987 -16.1430
v 30.2034 -29.4157 -15.3767
v 34.5114 -30.6093 -16.7127
v 34.5767 -30.6093 -16.7127
v 39.1767 -29.3913 -16.3478
v 40.6688 -29.2275 -15.6409
v 43.1091 -28.4729 -15.2581
v 45.9511 -28.8757 -15.5981
v 48.1180 -29.2315 -16.3418
v 50.8247 -29.3260 -16.2576
v 53.3902 -29.4352 -16.3802
v 55.8013 -28.7414 -16.4537
v 57.8415 -29.4001 -15.6349
v 29.4637 -26.7389 -15.2619
v 30.2985 -26.6280 -15.3068
v 32.1785 -25.7484 -16.3434
v 38.7652 -26.9918 -15.6121
v 39.8819 -27.8922 -14.8687
v 43.8142 -27.7534 -15.9454
v 46.0023 -27.2607 -15.3098
v 48.1247 -27.0295 -15.9382
v 49.7845 -27.9550 -16.2710
v 54.3120 -27.6876 -16.5163
v 55.8013 -27.6329 -16.4537
v 58.0169 -27.0068 -15.6349
v 29.5271 -25.4297 -14.3808
v 30.5649 -24.6510 -15.3621
v 32.1785 -25.5389 -16.3434
v 37.6957 -24.3913 -15.4771
v 43.9513 -23.3994 -14.6993
v 46.0480 -24.2962 -14.9038
v 47.3219 -24.3913 -15.9688
v 56.8433 -23.3812 -15.4771
v 57.7619 -24.6312 -15.4771
v 28.7993 -21.6287 -15.4771
v 29.8217 -22.8787 -15.4771
v 33.7995 -21.2880 -15.4771
v 35.8013 -22.1901 -15.4771
v 38.0470 -22.0964 -15.2501
v 40.8013 -21.5662 -15.2281
v 43.1913 -22.0659 -15.3085
v 45.8254 -21.7885 -16.3148
v 48.1824 -21.6733 -16.5723
v 49.6608 -20.7933 -16.6259
v 56.8380 -22.1275 -15.6932
v 57.6159 -21.4517 -15.0039
v 28.1086 -19.3913 -15.4771
v 31.3784 -18.9297 -15.4771
v 32.5495 -20.1797 -15.4771
v 38.5993 -19.3913 -15.2297
v 40.8013 -19.3913 -16.2210
v 43.2828 -19.4936 -16.4495
v 45.0081 -20.3952 -16.6094
v 49.0751 -20.4121 -16.6259
v 50.6326 -19.4083 -16.4359
v 53.3376 -18.6301 -15.4384
v 55.8670 -19.2504 -15.6971
v 57.7766 -19.3913 -15.1821
v 28.8606 -17.7081 -15.4771
v 30.1284 -17.7081 -15.4771
v 38.8575 -17.8679 -14.8437
v 40.8013 -17.4281 -15.2201
v 43.2828 -17.3740 -15.6515
v 45.4501 -16.4404 -15.4771
v 49.4365 -15.9456 -14.3563
v 50.7049 -16.9282 -15.3011
v 52.5285 -17.9107 -14.5792
v 56.4276 -17.7174 -14.7236
v 57.4538 -17.7174 -14.7236
v 46.7001 -15.4562 -15.4771
v 48.4824 -15.3691 -15.3047
v 49.8055 -15.4345 -16.0230
v -26.1015 16.5547 -16.0704
v -24.3842 16.0569 -15.3331
v -21.6987 15.4890 -15.4771
v -20.1513 16.2631 -15.4771
v -43.1734 18.9819 -15.0416
v -41.6987 18.7289 -15.3834
v -39.7857 18.8958 -14.9543
v -30.7482 19.1962 -15.4771
v -28.9946 18.9229 -15.3029
v -26.9234 18.0738 -15.2119
v -25.3412 17.2985 -14.4037
v -20.9117 18.8846 -14.7791
v -20.0126 18.0742 -15.5583
v -43.1734 19.9211 -15.0416
v -41.8237 20.6961 -15.4416
v -39.0509 20.4452 -15.3102
v -36.6674 21.1415 -15.5844
v -34.1987 21.0340 -15.4771
v -31.9982 20.1635 -15.4771
v -28.0251 19.3898 -14.3534
v -27.7453 19.3898 -14.3534
v -20.8770 20.6087 -14.6912
v -19.2505 20.6451 -15.9222
v -17.8406 21.5026 -16.4335
v -41.0736 22.2815 -14.7096
v -38.9956 23.1585 -15.5994
v -37.4799 22.3687 -16.4893
v -20.9970 23.1087 -14.4270
v -19.0687 23.0866 -15.7109
v -17.8406 22.2386 -16.4335
v -38.3086 25.6087 -15.4771
v -36.2551 26.7448 -16.6074
v -35.2620 26.7448 -16.6074
v -21.0717 24.5741 -14.4269
v -19.2450 25.6562 -15.2014
v -17.8920 26.7382 -14.3093
v -38.4004 27.8733 -15.6766
v -36.9325 27.8733 -16.5508
v -35.2580 28.1087 -16.5699
v -25.5449 29.2690 -16.6071
v -24.7272 29.2690 -16.6071
v -21.1674 29.0193 -16.5221
v -19.4939 28.2125 -16.2491
v -17.4129 28.1869 -15.2764
v -38.5980 30.6087 -14.9226
v -36.6987 30.6087 -16.0249
v -35.3685 30.6087 -16.5794
v -28.4659 31.3051 -14.9176
v -26.2042 30.5894 -15.6879
v -25.0041 30.6546 -15.5861
v -21.1674 29.6330 -16.5221
v -20.3132 29.6330 -16.5221
v -16.1178 30.8105 -15.2729
v -15.2422 31.7783 -14.3035
v -38.1144 32.1239 -14.4053
v -36.7712 32.8314 -15.5127
v -35.4093 31.8722 -16.6201
v -28.4659 32.5675 -14.9176
v -26.6987 32.6952 -14.9985
v -25.2810 32.2652 -14.5651
v -15.7055 33.1087 -16.1233
v -14.3248 33.0553 -14.8512
v -11.6987 33.7791 -14.5224
v -10.2551 34.0915 -14.4423
v -37.0305 35.6087 -15.4771
v -32.9782 36.7355 -16.6954
v -32.9186 36.7355 -16.6954
v -27.9546 36.8426 -16.7227
v -27.9418 36.8426 -16.7227
v -18.1153 36.5549 -14.4884
v -16.3611 36.0142 -15.3979
v -14.2071 35.6401 -15.8165
v -11.6372 35.6401 -15.7012
v -10.0863 35.6087 -14.6859
v -38.3912 38.6715 -15.4771
v -37.5467 37.4215 -15.4771
v -32.9782 37.0760 -16.6954
v -32.9186 37.0760 -16.6954
v -28.3375 38.1087 -16.1220
v -27.0543 38.5674 -15.3692
v -25.2501 39.1789 -14.3656
v -18.2602 38.3002 -15.4639
v -16.8504 37.9398 -15.3612
v -14.2071 38.2867 -15.9095
v -11.6372 38.2867 -15.9827
v -9.7104 38.1087 -14.7315
v -38.8683 40.6087 -15.4771
v -29.1674 40.3674 -15.2457
v -26.9087 39.6501 -15.1451
v -24.3296 40.1365 -15.3102
v -21.7606 41.1547 -15.4771
v -18.4050 39.4791 -16.4394
v -16.6987 39.6576 -16.2854
v -14.1987 39.7117 -16.3163
v -11.6987 40.0596 -16.1242
v -9.8914 40.8040 -15.3927
v -38.4258 42.7057 -15.4771
v -37.6085 43.9557 -15.4771
v -30.4864 43.5906 -14.7602
v -30.3507 42.8978 -15.5470
v -23.3272 44.1019 -14.4195
v -21.6267 43.2046 -15.3425
v -10.2395 43.1087 -15.4771
v -38.7350 45.9419 -15.4771
v -37.6085 44.6919 -15.4771
v -33.5965 46.4503 -15.4771
v -31.4713 45.0488 -15.5470
v -29.4437 45.4937 -15.4398
v -26.6987 46.2090 -15.0135
v -24.1758 45.4938 -15.2352
v -22.2387 45.6087 -16.1200
v -11.0367 46.0482 -15.9212
v -10.4149 45.3724 -15.2436
v -40.7570 48.6397 -15.4771
v -39.9850 47.3897 -15.4771
v -36.1189 48.5937 -15.4771
v -34.8465 47.3437 -15.4771
v -30.6297 48.9412 -14.4939
v -29.2519 48.1082 -15.0144
v -26.9166 47.8812 -16.3482
v -24.1987 47.4530 -16.5930
v -21.6489 48.4640 -15.5101
v -19.3290 49.1733 -15.5376
v -16.5551 49.1630 -15.4772
v -14.4287 49.0769 -15.3957
v -11.8015 48.0595 -15.9365
v -10.2372 48.1087 -14.6962
v -40.7570 49.9041 -15.4771
v -39.1987 50.5384 -15.4771
v -37.3689 49.9930 -15.4771
v -30.6297 49.5281 -14.4939
v -29.1987 50.0666 -15.0421
v -26.9804 50.6988 -15.5820
v -24.6622 51.2645 -16.1170
v -20.6767 49.4101 -14.4617
v -18.9236 50.2350 -15.2523
v -16.9777 50.2551 -15.7675
v -14.4287 49.7358 -15.3957
v -11.6987 50.2385 -15.0932
v -10.1781 49.8895 -14.8252
v -26.0656 51.9635 -14.4503
v -23.9768 52.1110 -15.3610
v -21.6987 52.8628 -15.4771
v -19.0472 52.5889 -15.4998
v -17.8231 52.0524 -16.3482
v 44.0411 -53.5163 -12.4118
v 45.6665 -53.7996 -13.1379
v 47.6254 -53.6829 -12.9771
v 26.7644 -50.7637 -13.9019
v 27.3027 -50.7637 -13.9019
v 41.7906 -50.8167 -13.9305
v 43.2180 -51.8848 -13.1711
v 44.7433 -52.9528 -14.0785
v 48.0968 -51.8913 -12.9771
v 26.1135 -49.4115 -13.0320
v 28.2021 -49.7586 -13.0320
v 30.2506 -48.5752 -12.9771
v 34.0722 -48.5355 -12.9771
v 35.8013 -49.1503 -12.9771
v 38.3013 -49.0470 -12.9771
v 40.8949 -49.4595 -13.0492
v 43.4324 -49.0829 -13.2234
v 45.8013 -48.3401 -14.0119
v 47.6072 -49.2559 -13.0815
v 26.0943 -47.2957 -12.9771
v 27.3985 -46.0457 -12.9771
v 31.5006 -47.6081 -12.9771
v 32.8222 -47.6081 -12.9771
v 44.4701 -48.0597 -14.1830
v 46.0826 -46.9149 -13.2503
v 47.3493 -47.4367 -12.3177
v 28.1185 -44.3913 -12.9771
v 39.4215 -43.2496 -12.0195
v 40.8013 -43.7709 -12.0972
v 42.5961 -43.8724 -11.9282
v 46.8482 -45.4499 -12.9771
v 48.5325 -44.4527 -12.7784
v 49.7229 -43.9154 -13.4793
v 28.6814 -41.8913 -12.9771
v 32.0272 -40.7355 -11.7553
v 32.0792 -40.7355 -11.7553
v 39.4215 -42.9899 -12.0195
v 40.8013 -42.4823 -12.0972
v 43.1911 -41.8426 -12.2205
v 44.8327 -41.2712 -12.5128
v 49.5199 -42.7296 -11.8126
v 49.8520 -41.8943 -12.7784
v 58.8344 -40.8200 -11.9239
v 59.7477 -40.8200 -11.9239
v 28.9178 -39.3913 -12.9771
v 32.0272 -40.6088 -11.7553
v 32.0792 -40.6088 -11.7553
v 42.0318 -38.1446 -14.1707
v 42.9196 -39.2171 -13.3417
v 44.8327 -40.2895 -12.5128
v 51.0485 -39.6527 -12.9771
v 53.1624 -38.5533 -13.0155
v 55.8013 -38.9875 -12.4654
v 58.1212 -39.6153 -12.2123
v 59.7796 -39.3913 -11.9558
v 29.2576 -37.5994 -12.9771
v 30.3041 -36.3494 -12.9771
v 41.7272 -36.8913 -14.0531
v 42.3609 -36.8913 -14.0531
v 53.9988 -36.8913 -13.8900
v 55.8013 -36.8913 -13.4139
v 58.3210 -36.9656 -12.4112
v 59.6593 -37.8485 -11.8353
v 29.4928 -33.3531 -11.8009
v 30.4601 -34.2684 -12.7714
v 41.6387 -35.4495 -14.0515
v 42.4622 -35.4495 -14.0515
v 49.4696 -33.2515 -14.0892
v 49.6961 -33.2515 -14.0892
v 54.4628 -35.4491 -14.1302
v 55.8013 -35.3710 -13.9256
v 58.3700 -34.5305 -12.9991
v 59.7674 -33.5879 -12.0762
v 29.2097 -31.8913 -12.0356
v 30.3132 -31.8913 -13.2856
v 46.9437 -30.8004 -11.8147
v 48.8020 -31.8152 -12.9633
v 49.7151 -31.9312 -13.1256
v 59.0968 -31.8913 -13.7954
v 60.2190 -31.8913 -12.5454
v 29.1543 -30.1921 -12.0647
v 30.0854 -29.3717 -12.9297
v 41.5486 -28.5341 -13.7558
v 43.3647 -28.5387 -12.9443
v 45.8797 -29.1360 -12.4790
v 48.3013 -29.9139 -12.1189
v 49.7340 -30.1199 -12.1620
v 59.2023 -29.3913 -14.0105
v 60.9558 -29.4387 -12.7160
v 62.2300 -28.6369 -11.9974
v 29.4390 -25.9599 -12.9771
v 29.8403 -27.2099 -12.9771
v 38.9692 -26.2255 -13.4723
v 40.7497 -26.9918 -13.1812
v 43.3647 -26.9534 -12.3064
v 45.4723 -26.9534 -12.8994
v 58.9694 -26.7748 -13.1087
v 60.8013 -27.3409 -12.4068
v 62.2300 -27.6849 -11.9974
v 29.4046 -24.5143 -13.0228
v 29.7291 -23.7630 -13.8865
v 38.7337 -24.3913 -13.2176
v 40.8013 -24.3913 -12.6980
v 43.1913 -24.2962 -13.4837
v 45.3791 -25.0661 -13.6809
v 57.0166 -23.1673 -13.8832
v 57.5843 -24.1569 -13.0208
v 29.2429 -22.1216 -12.9991
v 30.3418 -21.9310 -12.9138
v 33.1581 -21.2235 -12.8620
v 35.6656 -21.4664 -13.0938
v 38.1762 -21.9642 -13.8204
v 40.8013 -22.8162 -13.6520
v 42.2846 -23.0156 -14.0514
v 46.8307 -20.8205 -11.9128
v 47.2296 -20.8205 -11.9128
v 57.0166 -23.1183 -13.8832
v 57.5341 -22.1275 -13.0208
v 28.9709 -19.3913 -13.7430
v 31.1061 -19.2576 -12.8958
v 32.8418 -19.6293 -12.7044
v 35.6656 -19.4384 -12.6289
v 37.3493 -19.3913 -13.9654
v 46.8307 -20.4956 -11.9128
v 48.3109 -19.4154 -12.0435
v 49.6909 -18.3351 -12.1741
v 54.0588 -18.6180 -12.9771
v 55.0732 -18.6180 -12.9771
v 58.1000 -19.3913 -12.9771
v 29.2995 -18.0247 -14.0303
v 30.7910 -17.9970 -12.9805
v 33.3013 -17.8595 -12.0187
v 35.8013 -17.7463 -12.3961
v 38.1350 -17.6828 -13.1512
v 40.8013 -17.2587 -12.9771
v 43.3013 -16.6869 -12.9771
v 44.8567 -15.9886 -12.9771
v 49.2508 -16.8239 -12.9953
v 50.5435 -16.9282 -13.0100
v 52.9721 -17.0029 -12.9984
v 56.3232 -17.6534 -12.9771
v 57.5116 -17.6534 -12.9771
v 46.1067 -15.2254 -12.9771
v 48.0451 -15.2254 -12.9771
v 51.3962 -14.9696 -12.1793
v 52.5760 -14.9696 -12.1793
v -23.3764 14.1817 -12.3686
v -22.4362 14.1817 -12.3686
v -25.6366 16.4161 -12.3391
v -24.3588 15.4300 -13.1872
v -21.6412 14.9686 -13.1120
v -20.2802 16.3071 -12.9771
v -43.2226 18.9599 -12.9771
v -41.5350 18.7619 -12.7581
v -39.7857 18.8958 -13.4454
v -35.5720 19.3062 -11.8105
v -34.1987 19.2573 -11.9091
v -31.6800 19.1206 -12.8226
v -29.7177 19.1230 -12.9771
v -26.2010 18.1226 -13.0943
v -25.3412 17.2985 -14.0057
v -20.9117 18.8846 -13.7121
v -20.2466 18.0742 -12.9181
v -43.2226 20.0781 -12.9771
v -41.7026 20.5259 -12.4635
v -39.0509 19.6966 -12.7581
v -36.5227 19.9973 -12.7772
v -34.1987 20.1947 -13.1591
v -32.5009 19.8746 -13.5530
v -28.4677 19.6361 -12.9771
v -27.4981 19.6361 -12.9771
v -21.0635 20.4825 -12.9181
v -20.3366 19.5650 -12.0454
v -41.1460 23.1124 -12.7735
v -39.8934 23.9482 -13.4711
v -21.1595 23.2991 -12.8618
v -20.3607 24.2593 -11.9516
v -40.4957 24.8852 -11.8044
v -39.6270 25.6746 -12.7735
v -21.0717 24.5741 -13.6182
v -19.2284 25.6562 -12.9300
v -17.8920 26.7382 -13.9085
v -38.8802 28.3271 -12.7494
v -37.8711 29.3060 -11.7642
v -18.0715 28.1087 -12.1298
v -17.0637 28.6380 -12.6966
v -14.1987 29.1863 -11.9712
v -11.6987 28.7253 -12.1839
v -9.1987 28.8585 -11.9973
v -7.9353 29.3214 -11.7452
v -38.7254 30.4128 -12.7494
v -37.8711 29.4488 -11.7642
v -28.4450 31.4269 -12.9771
v -26.5143 31.4123 -12.7415
v -25.2810 31.6905 -13.4177
v -17.9651 29.3770 -11.7493
v -16.9446 29.7443 -12.6008
v -14.3248 30.8105 -13.3706
v -11.6987 30.6087 -13.0171
v -9.2464 30.3736 -12.1616
v -7.9353 29.3836 -11.7452
v -38.3536 33.0178 -12.8295
v -37.6394 33.7906 -13.5643
v -28.4450 32.4265 -12.9771
v -26.5143 32.5568 -12.7415
v -25.2810 32.2652 -13.4177
v -13.5755 32.1864 -14.1408
v -11.6987 32.5291 -13.8103
v -9.7515 33.1984 -12.9455
v -38.5794 35.6087 -12.2192
v -37.4171 35.6087 -13.4692
v -23.0041 36.8234 -11.7669
v -22.6012 36.8234 -11.7669
v -18.1153 36.5549 -13.6308
v -17.1475 36.5549 -13.6308
v -8.7799 35.5001 -12.8965
v -7.7765 36.2610 -12.0095
v -38.3835 38.3461 -12.9993
v -37.6951 38.3461 -12.9993
v -26.1915 39.1789 -13.9566
v -24.0493 38.5674 -12.7643
v -22.5379 38.1087 -11.8700
v -18.1153 37.3575 -13.6308
v -17.1475 37.3575 -13.6308
v -8.4604 38.1087 -13.7681
v -7.3655 38.1087 -12.5181
v -38.4021 40.6083 -12.9623
v -37.8409 39.7747 -12.1191
v -28.7775 41.0399 -13.5118
v -26.8944 40.3674 -13.4204
v -24.0400 40.2134 -12.9507
v -22.3388 40.5553 -12.8176
v -18.0516 41.7163 -12.0034
v -17.8377 41.7163 -12.0034
v -8.5459 40.6087 -13.7083
v -7.3195 40.6087 -12.4583
v -38.5792 43.2995 -13.1731
v -37.8279 44.2600 -14.1371
v -30.4864 43.5906 -14.1839
v -29.4460 42.8978 -13.5575
v -26.6987 43.1087 -12.9443
v -23.9881 43.0283 -13.0750
v -22.3365 42.3631 -12.9771
v -18.0516 42.0176 -12.0034
v -17.8377 42.0176 -12.0034
v -10.7738 43.6922 -12.4788
v -9.5096 42.9019 -13.0376
v -7.7152 42.1115 -11.9297
v -38.6318 45.4526 -13.1731
v -37.8279 44.5152 -14.1371
v -33.5842 46.6416 -13.6874
v -31.4713 45.7285 -13.5546
v -29.2519 45.7039 -13.6640
v -26.6987 44.9590 -13.7499
v -24.9938 44.5838 -13.9482
v -10.9689 45.6087 -12.8859
v -10.4133 45.6087 -14.1359
v -40.6278 48.8837 -14.0126
v -39.1491 48.1794 -12.9730
v -36.9255 48.8880 -12.8570
v -34.3300 47.9240 -13.4007
v -31.5573 48.1082 -13.3457
v -30.1208 47.2745 -13.6892
v -25.4755 49.3417 -11.7335
v -25.4139 49.3417 -11.7335
v -20.9556 49.0770 -12.9771
v -20.1511 49.0770 -12.9771
v -15.4809 49.2939 -14.1536
v -15.4075 49.2939 -14.1536
v -10.9363 48.1087 -12.4417
v -10.2372 48.1087 -13.6917
v -40.6278 49.5860 -14.0126
v -39.1987 49.7076 -13.5959
v -36.9255 49.8137 -12.8570
v -34.1987 50.1667 -12.3489
v -31.5573 50.1507 -12.9924
v -29.1987 50.8434 -12.9771
v -26.6038 50.7245 -12.8461
v -25.2030 50.6087 -12.1555
v -20.9556 49.5532 -12.9771
v -19.2776 50.4489 -13.3498
v -16.4680 50.7294 -13.5892
v -14.4074 50.6691 -13.0524
v -11.6177 50.2496 -12.8228
v -10.1781 49.8895 -13.5532
v -26.0656 51.9635 -13.9586
v -24.2730 52.3853 -13.0660
v -21.6987 53.2464 -12.9771
v -18.9195 53.2308 -12.8156
v -16.6987 53.1087 -12.3410
v -15.1163 53.1087 -11.9583
v -18.0595 54.4047 -11.7845
v -16.6987 54.4439 -11.8333
v -15.3801 54.4263 -11.8113
v 44.0411 -53.5163 -11.2041
v 45.8013 -53.7298 -10.8987
v 47.4654 -53.5509 -11.1455
v 43.8013 -51.8913 -10.8201
v 45.8013 -51.8913 -10.2107
v 47.4925 -51.8913 -11.1177
v 26.4780 -48.5916 -11.3305
v 28.2317 -48.7388 -10.4891
v 30.7892 -48.8148 -10.6572
v 33.2180 -49.2048 -10.6572
v 35.8013 -49.6264 -10.4771
v 38.3013 -49.0009 -10.4771
v 40.8013 -48.9593 -10.4771
v 43.2574 -49.9910 -10.3154
v 45.8031 -49.5535 -9.9663
v 47.4054 -49.3913 -11.2908
v 26.4780 -47.6852 -11.3305
v 27.7516 -46.8676 -10.4891
v 31.6144 -47.8617 -11.6106
v 32.3292 -47.8617 -11.6106
v 46.4181 -46.7185 -10.5167
v 47.3493 -47.4367 -11.3764
v 26.8954 -43.4403 -9.8036
v 27.6478 -44.3207 -10.5730
v 32.0252 -43.2026 -9.3493
v 32.0780 -43.2026 -9.3493
v 39.4215 -43.2496 -11.6149
v 40.8013 -43.7709 -11.4009
v 42.5961 -43.8724 -11.4044
v 46.5702 -45.1950 -10.4771
v 48.5325 -43.9192 -10.6757
v 49.7829 -43.3662 -9.9747
v 26.8954 -42.8623 -9.8036
v 27.8724 -41.9739 -10.5730
v 31.7864 -41.6978 -10.3004
v 32.1185 -41.6978 -10.3004
v 39.4215 -42.9899 -11.6149
v 40.8013 -42.4823 -11.4009
v 43.1911 -41.8426 -11.4323
v 44.8327 -41.2712 -11.4602
v 49.5199 -42.7296 -11.6414
v 49.9890 -41.8943 -10.6757
v 56.7134 -40.8542 -9.9710
v 58.2905 -40.8371 -10.5205
v 59.7477 -40.8200 -11.0701
v 28.6215 -39.3913 -10.4771
v 31.7397 -40.5212 -10.4771
v 32.1153 -40.5212 -10.4771
v 36.9638 -38.3146 -9.4547
v 38.3013 -38.8184 -9.5584
v 40.0372 -38.8707 -9.4412
v 43.7860 -40.2895 -11.4602
v 44.8327 -40.2895 -11.4602
v 51.1747 -39.9283 -10.4771
v 53.4071 -38.7738 -10.3580
v 55.7354 -39.5387 -10.5415
v 58.4242 -39.9084 -10.4587
v 59.7796 -39.3913 -10.8244
v 28.8486 -36.9962 -10.5808
v 29.8390 -36.2329 -11.4833
v 36.9638 -38.0421 -9.4547
v 38.3013 -37.8681 -9.5584
v 40.0372 -37.8762 -9.4412
v 54.3109 -38.0256 -9.4453
v 54.7574 -38.0256 -9.4453
v 59.0079 -36.9656 -10.3992
v 59.6593 -37.8485 -11.1806
v 29.3433 -34.1194 -10.5310
v 29.7280 -34.1194 -10.5310
v 36.7187 -33.2279 -9.4168
v 37.6438 -33.2279 -9.4168
v 58.9531 -35.1183 -10.4771
v 59.8953 -33.8683 -10.4771
v 28.8720 -32.1028 -10.4381
v 29.6170 -33.0772 -9.5788
v 36.7187 -33.0233 -9.4168
v 37.6438 -33.0233 -9.4168
v 46.9437 -30.8004 -11.6265
v 48.5242 -30.9438 -10.6668
v 50.6609 -30.8856 -10.2701
v 53.3013 -30.7559 -9.3218
v 54.8193 -30.7319 -9.2818
v 60.5076 -31.8913 -10.4771
v 24.4758 -28.3195 -9.3410
v 25.8013 -28.8347 -9.8370
v 28.1812 -29.5398 -10.6443
v 30.8216 -28.4887 -10.4044
v 33.3013 -28.6568 -9.6900
v 35.2848 -28.5179 -9.6249
v 44.2404 -28.3638 -11.2244
v 46.0564 -29.2783 -11.4254
v 48.5242 -29.7551 -10.6668
v 50.6609 -29.8606 -10.2701
v 53.3013 -30.3871 -9.3218
v 54.8193 -30.5751 -9.2818
v 61.4170 -29.4387 -10.4190
v 62.2300 -28.6369 -11.2135
v 24.4758 -27.9475 -9.3410
v 25.8013 -27.4389 -9.8370
v 28.4199 -26.6285 -10.6443
v 30.8216 -27.7142 -10.4044
v 33.5454 -26.9985 -9.6007
v 35.9914 -26.9741 -9.5346
v 37.3527 -26.1959 -9.3364
v 44.2404 -27.8282 -11.2244
v 45.1690 -27.8282 -11.2244
v 59.0944 -25.8638 -11.4540
v 61.2483 -26.8596 -10.5431
v 62.2682 -26.9514 -10.4823
v 29.1368 -24.5267 -10.6286
v 30.8013 -23.7762 -9.8288
v 33.5454 -24.2638 -9.5046
v 35.7985 -24.5006 -9.4902
v 38.2631 -24.5014 -9.5171
v 39.7681 -23.5960 -9.6977
v 54.0756 -23.6521 -9.6135
v 55.8013 -23.9625 -10.1192
v 58.0829 -24.5053 -10.7421
v 60.8013 -25.1291 -10.0403
v 62.3063 -25.3145 -9.7511
v 29.4566 -22.9175 -11.5628
v 31.0050 -21.9285 -10.6176
v 33.3013 -21.8016 -10.4562
v 34.8525 -21.8247 -10.4116
v 39.1734 -22.5680 -9.6977
v 39.7681 -22.5680 -9.6977
v 46.8307 -20.8205 -11.4984
v 47.2296 -20.8205 -11.4984
v 53.6723 -21.8913 -9.9839
v 55.8013 -21.8913 -11.0574
v 57.2314 -21.8913 -11.5507
v 31.1739 -19.5287 -10.6924
v 33.3013 -20.2470 -11.3425
v 34.7418 -20.3032 -11.2722
v 39.3281 -18.7029 -9.5526
v 40.0814 -18.7029 -9.5526
v 46.8307 -20.4956 -11.4984
v 48.3109 -19.4154 -11.5541
v 49.6909 -18.3351 -11.6097
v 53.5751 -19.4173 -10.6007
v 55.8430 -19.4173 -11.3911
v 57.3747 -19.3913 -11.4651
v 31.5356 -17.7543 -10.4771
v 33.3013 -17.4685 -10.4771
v 35.8013 -17.4375 -10.4771
v 38.4174 -17.7062 -10.4224
v 40.8694 -17.5599 -10.4224
v 43.0670 -16.1790 -10.7058
v 44.5710 -15.6718 -11.6916
v 49.2618 -16.8913 -11.4132
v 49.7897 -16.8913 -11.4132
v 53.2755 -16.8913 -10.4771
v 56.7042 -17.9146 -11.5827
v 57.2625 -17.9146 -11.5827
v 43.7441 -15.4583 -10.0249
v 45.5631 -15.1820 -10.7058
v 48.4152 -15.1316 -10.5465
v 50.6582 -14.8421 -10.5465
v 52.7234 -14.8426 -10.4771
v -23.3764 14.1817 -11.3735
v -22.4362 14.1817 -11.3735
v -25.6366 16.4161 -11.2588
v -24.2053 15.5931 -10.8539
v -21.6412 15.7066 -11.0740
v -20.3927 16.6052 -11.6256
v -43.0892 19.2037 -11.5985
v -42.2592 19.2037 -11.5985
v -38.2458 19.2949 -9.4144
v -36.5227 19.1805 -10.3395
v -34.1987 18.9923 -10.4771
v -31.6987 18.9293 -10.4771
v -29.9024 19.1208 -10.4771
v -26.1287 18.0781 -10.4462
v -24.0860 18.0781 -9.6273
v -21.6987 18.1087 -10.4982
v -20.3226 18.1087 -11.5217
v -43.0892 19.7556 -11.5985
v -41.4511 20.5485 -10.9577
v -39.1269 19.9791 -10.3395
v -37.2387 19.6801 -11.0811
v -28.6524 19.9565 -10.4771
v -27.4078 19.9565 -10.4771
v -23.1775 20.0142 -9.3292
v -21.9135 20.6229 -10.4420
v -20.3366 19.5650 -11.5548
v -41.1547 23.1087 -10.4771
v -35.5282 24.3368 -9.2665
v -35.4083 24.3368 -9.2665
v -25.4731 24.3246 -9.3004
v -25.3938 24.3246 -9.3004
v -21.3959 22.9982 -10.4771
v -20.2917 24.2482 -10.4771
v -40.8060 25.6746 -10.6663
v -40.4184 26.5519 -11.6258
v -35.5282 24.3883 -9.2665
v -35.4083 24.3883 -9.2665
v -28.4078 26.6952 -9.7355
v -26.6302 25.5390 -9.5179
v -25.3938 24.3827 -9.3004
v -18.9115 25.6161 -10.5919
v -17.6680 26.4544 -9.8350
v -40.6529 28.1087 -9.9235
v -39.4306 28.3271 -11.2072
v -36.7130 29.3073 -10.4446
v -35.3115 29.3086 -9.2906
v -28.5665 28.1087 -9.7551
v -27.6805 28.1087 -9.7551
v -18.0715 28.1087 -11.5513
v -16.8176 28.6380 -10.8572
v -14.2538 29.0654 -10.6500
v -11.6987 28.1028 -10.4771
v -9.0959 28.6159 -10.6884
v -7.9353 29.3214 -11.6626
v -40.5983 30.6087 -9.5538
v -39.2059 30.4128 -10.9114
v -36.7130 29.5007 -10.4446
v -35.3115 29.5526 -9.2906
v -28.2033 30.8788 -10.5102
v -27.4885 30.8788 -10.5102
v -17.9651 29.3770 -11.7181
v -16.7695 29.4775 -10.8250
v -15.1240 29.5779 -9.9319
v -10.5650 31.7874 -9.3171
v -9.1528 30.5855 -10.4899
v -7.9353 29.3836 -11.6626
v -40.5584 32.0320 -9.4661
v -39.4048 32.9627 -10.3705
v -35.8047 33.8657 -9.4269
v -35.2435 33.8657 -9.4269
v -30.4775 33.9851 -9.4510
v -29.2536 32.9461 -10.5243
v -27.2247 31.9070 -11.5976
v -10.5650 31.9925 -9.3171
v -9.4139 32.9390 -10.2811
v -40.5006 36.8257 -9.4953
v -39.6039 35.8389 -10.3880
v -35.8047 34.6614 -9.4269
v -35.2435 34.6614 -9.4269
v -30.6407 35.6087 -9.7228
v -30.2654 35.6087 -9.7228
v -23.0041 36.8234 -11.6852
v -22.6012 36.8234 -11.6852
v -16.1045 36.6772 -9.3500
v -15.2749 36.6772 -9.3500
v -8.3838 35.5001 -10.4427
v -7.7765 36.2610 -11.2531
v -43.1785 39.0020 -9.5373
v -41.4798 38.1447 -9.8529
v -39.2005 38.4216 -10.4269
v -36.8840 39.0996 -10.2952
v -35.2490 39.1344 -9.3406
v -30.6759 37.3400 -9.6641
v -30.2390 37.3400 -9.6641
v -23.1487 38.1087 -11.6387
v -22.5379 38.1087 -11.6387
v -16.1045 37.3605 -9.3500
v -15.2749 37.3605 -9.3500
v -10.6870 39.0242 -9.5040
v -9.2128 38.2054 -9.5452
v -7.4144 38.1754 -10.4427
v -43.2926 40.6087 -9.6520
v -41.6987 40.6087 -10.4030
v -38.9357 40.5505 -10.5612
v -36.8840 39.9642 -10.2952
v -34.3326 40.5770 -9.3975
v -32.3736 41.5029 -9.4545
v -23.1845 40.7674 -10.6815
v -22.0005 40.8967 -10.4893
v -19.0104 41.6778 -10.2874
v -17.8522 41.7114 -10.4771
v -10.6870 39.5347 -9.5040
v -10.0309 39.5347 -9.5040
v -6.6914 40.6087 -10.4771
v -43.1774 42.0522 -9.4835
v -41.6987 42.3271 -9.8219
v -39.0996 43.0774 -10.3968
v -37.4940 43.8649 -9.3631
v -33.4162 42.6224 -9.4545
v -32.3736 42.6224 -9.4545
v -23.0850 42.4592 -10.4771
v -21.9310 42.5190 -10.2874
v -19.0104 42.1623 -10.2874
v -16.9653 42.9493 -9.9973
v -14.1987 44.2263 -9.3409
v -11.6438 43.6817 -10.2399
v -8.9684 43.3424 -10.2462
v -7.3553 43.0104 -10.2462
v -38.4348 45.5244 -10.3087
v -37.4940 44.6348 -9.3631
v -32.9832 46.5446 -9.3020
v -32.7794 46.5446 -9.3020
v -15.7827 44.8434 -9.3576
v -14.3864 45.6495 -9.6774
v -12.2189 45.6087 -10.9421
v -7.9815 44.3704 -9.2589
v -7.9178 44.3704 -9.2589
v -38.2783 48.2285 -10.5707
v -37.8273 49.1417 -11.4665
v -32.9832 46.8732 -9.3020
v -32.7794 46.8732 -9.3020
v -28.0146 49.2532 -9.4267
v -26.6066 49.2974 -10.5626
v -25.4139 49.3417 -11.6984
v -20.8966 49.0273 -11.1947
v -20.1231 49.0273 -11.1947
v -15.7779 48.7889 -9.6424
v -14.3864 48.0168 -10.2546
v -12.1863 48.1087 -11.4500
v -38.0922 49.6124 -9.7998
v -36.8759 50.2475 -10.5707
v -34.1987 51.0674 -10.4771
v -31.6987 51.0783 -10.4771
v -28.9883 50.2782 -10.3469
v -26.6466 50.1975 -10.6174
v -25.2030 50.6087 -11.5105
v -20.8966 49.5668 -11.1947
v -20.1231 49.5668 -11.1947
v -15.7779 49.8440 -9.6424
v -14.3611 50.5905 -10.6173
v -12.3970 49.6704 -11.5922
v -25.9280 52.3612 -9.8003
v -24.2730 52.8024 -10.5710
v -21.6987 53.5992 -10.4771
v -19.0152 54.0789 -10.4732
v -16.6987 53.9414 -10.0085
v -15.1025 53.0549 -10.6062
v -18.0595 54.4047 -11.3038
v -16.6987 54.4439 -11.2585
v -15.3801 54.4263 -11.5256
v 43.7836 -53.5735 -7.2856
v 45.0083 -53.5735 -7.2856
v 34.3222 -50.7856 -7.2013
v 35.8013 -51.0373 -7.4389
v 37.5794 -51.0250 -7.2020
v 41.6189 -51.3501 -7.1949
v 43.0907 -52.0666 -7.7696
v 45.3023 -51.8913 -7.6794
v 29.0187 -48.5772 -8.4831
v 30.6081 -49.0252 -7.7807
v 33.4139 -50.1801 -8.0117
v 35.8013 -50.1953 -8.6889
v 38.3682 -49.6305 -8.0121
v 40.7919 -49.7558 -8.0078
v 43.3013 -50.3465 -8.8613
v 45.3677 -49.5535 -8.1538
v 29.1200 -46.7969 -7.7807
v 29.6460 -47.5674 -6.8164
v 45.9031 -46.8913 -7.9771
v 49.0057 -45.8302 -6.9957
v 50.8013 -45.8509 -7.0266
v 52.1386 -45.7319 -6.8579
v 26.8954 -43.4403 -9.0225
v 28.6249 -44.5176 -8.0910
v 31.0356 -43.7365 -7.9866
v 32.2248 -43.2950 -7.9771
v 37.0273 -43.1935 -6.7703
v 37.1168 -43.1935 -6.7703
v 41.9518 -43.1841 -6.8076
v 42.0720 -43.1841 -6.8076
v 46.5410 -45.0722 -7.9771
v 48.2239 -44.8210 -7.8883
v 50.6903 -44.2763 -8.0869
v 52.2412 -44.3913 -6.9755
v 26.8954 -42.8623 -9.0225
v 28.5084 -41.9739 -8.7245
v 30.8661 -41.6302 -8.2163
v 32.2246 -42.0258 -8.1917
v 37.0273 -43.1094 -6.7703
v 37.1168 -43.1094 -6.7703
v 41.9210 -41.8913 -6.8601
v 42.1365 -41.8913 -6.8601
v 46.8558 -40.9396 -6.9622
v 47.3873 -40.9396 -6.9622
v 51.3304 -41.8913 -8.2011
v 52.2349 -41.8913 -6.9511
v 56.7134 -40.8542 -8.9093
v 57.7465 -40.8542 -8.9093
v 28.7438 -39.5447 -8.0879
v 30.6816 -40.4970 -8.2482
v 32.1087 -40.5137 -9.1681
v 36.6696 -38.3474 -7.9771
v 38.0739 -38.7439 -8.1285
v 41.1401 -39.1682 -7.8457
v 42.1816 -39.3913 -6.9329
v 46.8558 -40.4755 -6.9622
v 47.3873 -40.4755 -6.9622
v 51.6919 -40.3100 -8.4921
v 53.2206 -39.4486 -7.9036
v 55.7155 -39.0467 -8.1011
v 58.1166 -39.3913 -8.6907
v 24.3739 -35.7964 -6.8664
v 25.2334 -35.7964 -6.8664
v 27.7622 -36.8913 -7.9771
v 32.0482 -35.6441 -6.7295
v 32.0684 -35.6441 -6.7295
v 36.6696 -37.8527 -7.9771
v 38.4746 -36.9853 -7.6475
v 40.6810 -37.1367 -7.6044
v 42.1322 -37.8255 -6.9046
v 49.4230 -36.3160 -6.9864
v 49.9398 -36.3160 -6.9864
v 54.3109 -38.0256 -8.9818
v 55.6210 -37.3774 -8.1473
v 57.9099 -36.8913 -8.7715
v 24.1023 -34.3913 -7.0195
v 25.9605 -34.5940 -7.1934
v 28.1623 -34.3907 -8.1372
v 30.8326 -34.4279 -7.9447
v 32.0684 -35.6368 -6.7295
v 36.7187 -33.2279 -9.0016
v 38.3931 -34.3873 -7.9238
v 39.9923 -35.5468 -6.8459
v 49.4230 -35.5223 -6.9864
v 49.9398 -35.5223 -6.9864
v 56.4930 -35.2897 -7.3504
v 58.4306 -34.4768 -8.0262
v 59.7938 -33.6640 -8.7019
v 23.8342 -31.8913 -7.3142
v 25.8013 -31.8913 -8.1418
v 28.1453 -32.1028 -8.8489
v 29.6170 -33.0772 -9.1599
v 36.7187 -33.0233 -9.0016
v 37.6438 -33.0233 -9.0016
v 49.5062 -30.6801 -9.1197
v 50.8013 -30.7171 -9.0914
v 53.3013 -30.7559 -9.0633
v 54.8193 -30.7319 -9.0823
v 59.3903 -32.4022 -7.0353
v 59.7917 -31.6978 -7.9120
v 24.1578 -29.2482 -8.0464
v 25.8013 -30.0847 -8.9134
v 27.2080 -30.5543 -9.1100
v 31.7833 -28.4520 -9.0290
v 33.3013 -28.6568 -8.9403
v 35.2848 -28.5179 -9.0429
v 44.4394 -28.4595 -6.9303
v 44.7346 -28.4595 -6.9303
v 49.5062 -30.1342 -9.1197
v 50.8013 -30.0564 -9.0914
v 53.3013 -30.3871 -9.0633
v 54.8193 -30.5751 -9.0823
v 59.3518 -28.8333 -6.8731
v 60.0220 -29.5565 -7.8147
v 24.4606 -27.8315 -7.9771
v 25.7024 -26.4478 -8.1069
v 27.4140 -25.7318 -9.0267
v 31.7833 -27.9032 -9.0290
v 33.5454 -26.9985 -8.9784
v 35.9914 -26.9741 -8.6045
v 37.3527 -26.1959 -8.4058
v 44.4394 -28.0830 -6.9303
v 44.7346 -28.0830 -6.9303
v 59.3518 -27.8591 -6.8731
v 60.8134 -27.0385 -7.8804
v 62.3063 -26.2179 -8.8877
v 26.4697 -25.2785 -7.3600
v 28.4233 -24.5311 -7.9330
v 30.8013 -23.7762 -8.5423
v 33.6550 -24.2305 -8.2817
v 35.7015 -24.4279 -7.9671
v 38.2631 -24.5014 -8.7228
v 39.7681 -23.5960 -9.0398
v 49.5342 -23.1466 -6.7486
v 50.8013 -23.6988 -7.1256
v 53.2659 -24.3742 -8.0330
v 55.8013 -24.6806 -7.9771
v 58.3013 -24.4963 -7.9771
v 60.6900 -25.0879 -8.0235
v 62.3063 -25.3145 -8.8877
v 29.4390 -21.8913 -6.9351
v 30.5865 -22.0483 -8.2783
v 33.4817 -22.6236 -8.1119
v 35.0266 -22.6103 -7.9771
v 39.1734 -22.5680 -9.0398
v 40.8607 -21.6282 -7.8959
v 42.5625 -20.6883 -6.7520
v 49.5342 -23.1036 -6.7486
v 50.6511 -22.1187 -7.4374
v 52.4223 -21.8913 -8.8488
v 29.5201 -20.6253 -6.8922
v 30.2556 -19.6317 -7.8262
v 38.8425 -18.9725 -7.9771
v 41.0299 -19.6509 -7.4521
v 42.5625 -20.5554 -6.7520
v 51.3272 -19.3913 -7.6127
v 52.3065 -19.3913 -8.8627
v 31.6377 -17.8259 -7.9771
v 33.4483 -16.7826 -7.8148
v 35.8013 -16.5825 -8.1998
v 38.2454 -16.8056 -7.6514
v 40.9087 -16.5514 -7.9878
v 42.0774 -15.7316 -9.2176
v 49.4757 -15.6921 -6.8080
v 50.8722 -16.6718 -7.3071
v 52.4824 -16.8913 -8.6415
v 34.3796 -15.1384 -6.8732
v 35.6927 -14.3396 -7.0419
v 38.3013 -14.3913 -7.0924
v 40.8013 -14.3913 -7.5078
v 42.9748 -14.5727 -8.0267
v 45.8013 -14.8182 -7.9771
v 48.5059 -15.1049 -7.7757
v 50.8013 -15.1461 -8.3059
v 52.4228 -15.2481 -8.7513
v 36.2002 -11.8913 -7.1923
v 38.3013 -11.8913 -7.3623
v 40.6679 -12.0672 -6.9283
v 42.2054 -13.0179 -6.8358
v 36.5142 -10.2663 -7.1197
v 38.3013 -10.2462 -7.1334
v 39.7457 -10.4896 -6.8762
v -25.4888 14.3248 -6.7909
v -25.1418 14.3248 -6.7909
v -32.9797 16.8393 -6.7672
v -31.6987 16.8374 -6.7663
v -30.4315 16.8496 -6.7393
v -25.7569 15.6087 -7.1990
v -24.2646 15.4476 -7.4332
v -22.6770 16.1735 -7.2747
v -38.2192 19.2697 -7.9771
v -36.6987 19.1274 -7.9771
v -33.9673 18.1413 -7.7512
v -31.6987 17.8198 -8.0163
v -29.7766 18.2312 -7.7344
v -26.4069 18.0781 -8.0664
v -24.0860 18.0781 -8.7063
v -22.6524 18.1087 -7.5270
v -40.4868 21.6404 -9.1671
v -39.3822 20.7277 -8.1911
v -28.3715 19.9534 -7.9771
v -27.6183 19.9534 -7.9771
v -23.1775 20.0142 -8.9127
v -22.7488 20.7520 -8.0385
v -40.7517 23.1087 -8.9177
v -39.4846 23.1087 -7.6677
v -35.5282 24.3368 -9.0417
v -35.4083 24.3368 -9.0417
v -25.4731 24.3246 -9.1731
v -25.3938 24.3246 -9.1731
v -21.5414 22.8627 -7.9771
v -19.3759 23.6770 -8.0717
v -17.2875 23.5506 -7.3014
v -40.8601 25.6087 -8.7737
v -38.9603 25.3883 -7.6352
v -36.5269 25.2315 -8.1101
v -35.4083 24.3883 -9.0417
v -28.4078 26.6952 -8.6432
v -26.6302 25.5390 -8.9081
v -25.3938 24.3827 -9.1731
v -18.6607 24.7877 -8.9681
v -16.6444 25.7359 -7.8793
v -15.3892 26.6841 -6.7906
v -40.6868 28.2470 -8.0759
v -39.1987 27.4836 -7.5016
v -36.5403 28.1767 -8.1784
v -34.2445 29.1997 -8.1800
v -32.6345 29.0909 -7.1816
v -28.5665 28.1087 -8.5415
v -27.6805 28.1087 -8.5415
v -17.9856 29.3453 -6.7399
v -16.8581 28.6387 -7.7423
v -14.3828 28.5335 -7.9643
v -11.6987 28.7362 -8.6481
v -9.8606 28.7876 -8.7577
v -40.6431 30.7357 -7.8361
v -40.3539 31.6537 -6.9088
v -35.5169 30.6976 -7.9893
v -34.6361 30.3657 -7.7200
v -32.6345 29.7017 -7.1816
v -28.3134 29.9209 -8.8969
v -27.7524 29.9209 -8.8969
v -17.9856 29.4084 -6.7399
v -16.8167 29.4932 -7.8798
v -14.2349 29.7431 -8.1387
v -11.6924 30.8478 -8.0078
v -9.8606 30.1207 -8.7577
v -43.4045 33.8164 -6.9514
v -41.2100 33.0329 -7.6248
v -40.1102 33.0831 -7.6622
v -35.6417 32.8769 -7.8662
v -35.3315 32.8769 -7.8662
v -30.5866 33.7227 -7.9771
v -30.1472 33.7227 -7.9771
v -20.4711 34.3516 -6.7327
v -20.4396 34.3516 -6.7327
v -15.5005 34.3224 -6.7920
v -15.3012 34.3224 -6.7920
v -11.0642 32.5126 -7.9771
v -9.8002 33.7626 -7.9771
v -45.6150 36.4508 -6.9315
v -44.2222 35.6139 -7.3271
v -41.4798 35.8389 -8.2176
v -39.8664 35.1590 -8.4157
v -35.8047 34.6614 -8.9323
v -35.2435 34.6614 -8.9323
v -30.6953 35.4444 -8.1006
v -30.0817 35.4444 -8.1006
v -20.4711 34.3642 -6.7327
v -20.4396 34.3642 -6.7327
v -15.8025 35.5388 -7.9480
v -15.2880 35.5388 -7.9480
v -9.1325 35.6087 -7.9771
v -45.6150 37.1647 -6.9315
v -43.9847 38.0834 -7.9483
v -42.1673 37.3353 -8.9651
v -38.0251 39.2989 -9.0424
v -36.6987 39.1456 -8.9595
v -35.2490 39.1344 -9.0550
v -30.6759 37.3400 -9.0162
v -30.2390 37.3400 -9.0162
v -20.4959 39.3370 -6.7456
v -20.4254 39.3370 -6.7456
v -16.1045 37.3605 -9.1041
v -15.2749 37.3605 -9.1041
v -10.6870 39.0242 -9.0738
v -9.1681 38.4937 -8.4819
v -7.8358 39.0532 -9.0600
v -43.6892 40.6087 -7.9771
v -38.0251 39.6596 -9.0424
v -36.6987 39.8037 -8.9595
v -34.3326 40.5770 -8.7354
v -32.3736 41.5029 -8.4158
v -23.1798 41.6045 -7.9771
v -21.3717 40.7620 -7.6303
v -19.7244 40.7275 -8.1073
v -17.9310 41.8048 -9.2057
v -10.6870 39.5347 -9.0738
v -9.0698 40.1484 -8.0583
v -7.3205 40.6087 -8.5467
v -43.3853 42.3307 -7.9771
v -41.5593 43.4950 -7.8301
v -39.1987 43.6867 -8.4201
v -37.4940 43.8649 -8.8128
v -33.3828 43.0840 -7.9559
v -31.9880 43.2515 -7.8824
v -30.4109 44.3246 -6.9651
v -23.1798 42.4868 -7.9771
v -21.8972 42.5411 -8.1612
v -19.1987 42.1191 -9.1286
v -16.8654 43.0449 -8.5037
v -14.1987 43.4711 -7.9771
v -11.6769 43.7483 -7.8562
v -9.0122 43.4529 -7.9185
v -7.3820 43.1087 -8.6508
v -40.6330 44.5731 -6.8988
v -39.1072 45.4373 -7.8558
v -37.4940 44.6348 -8.8128
v -33.1663 45.5689 -8.3535
v -32.1618 45.4296 -8.2232
v -29.2445 45.6155 -6.8918
v -27.8875 46.7939 -6.8184
v -18.0065 46.7311 -6.7751
v -16.6937 45.7873 -7.9508
v -15.3449 46.5100 -9.1266
v -10.8290 44.5155 -6.9422
v -9.1192 44.4429 -8.0705
v -7.9178 44.3704 -9.1988
v -38.4249 48.2879 -7.8743
v -37.6884 49.2406 -6.9723
v -32.9832 46.8732 -9.2109
v -32.7794 46.8732 -9.2109
v -28.2691 48.2954 -7.7819
v -27.7197 48.2954 -7.7819
v -18.0065 47.0677 -6.7751
v -16.8044 47.9283 -7.9508
v -15.3449 47.1223 -9.1266
v -38.0922 49.6124 -8.6390
v -36.7925 50.0599 -7.8743
v -34.1997 51.2949 -7.9676
v -31.6622 51.2033 -7.9676
v -29.0380 50.4703 -7.5506
v -27.5440 50.4577 -7.8799
v -16.4794 50.6499 -8.1024
v -15.3149 51.5107 -9.0192
v -33.5057 53.1087 -7.2371
v -31.6622 53.0449 -7.2584
v -29.2309 53.0449 -7.2103
v -26.7363 53.1602 -8.2070
v -24.2921 53.7558 -7.8472
v -21.5014 53.9168 -7.9478
v -19.4191 53.8796 -7.9478
v -16.8526 52.6133 -8.1024
v -15.3149 52.1857 -9.0192
v -33.3115 55.6087 -7.0906
v -31.6987 55.6087 -7.5228
v -29.1987 55.6087 -7.4817
v -26.8865 55.4391 -7.1050
v -25.1876 54.4927 -6.9272
v -20.5365 54.3857 -7.0950
v -20.3993 54.3857 -7.0950
v -33.1080 57.1836 -6.9327
v -31.6987 57.5094 -7.1593
v -29.1987 57.3639 -7.0687
v -27.8450 56.9895 -6.8118
v 43.7836 -53.5735 -6.0582
v 45.0083 -53.5735 -6.0582
v 34.3222 -50.7856 -6.3481
v 35.7586 -51.1174 -5.4997
v 37.7486 -51.1282 -5.4771
v 41.6189 -51.3501 -6.3796
v 43.1193 -52.1402 -5.3856
v 45.4889 -52.0146 -5.3258
v 31.3127 -48.6016 -6.0029
v 33.2738 -49.4581 -5.3421
v 34.8967 -50.3145 -4.6814
v 38.9986 -50.0226 -5.4771
v 40.8796 -49.3955 -5.4602
v 43.2935 -49.2442 -4.7947
v 45.4527 -49.2442 -5.3150
v 29.5261 -45.9007 -6.5915
v 30.6939 -46.8290 -5.4638
v 32.2253 -47.7572 -4.3362
v 41.8070 -47.7104 -4.5408
v 43.3013 -47.7232 -4.5722
v 45.9446 -47.0234 -5.4465
v 48.4295 -45.9311 -5.3977
v 50.5635 -46.1361 -5.2564
v 52.6440 -46.1182 -5.4771
v 29.5261 -45.5949 -6.5915
v 30.8656 -45.0208 -5.6457
v 32.7404 -43.6505 -5.4771
v 37.0273 -43.1935 -6.6706
v 37.1168 -43.1935 -6.6706
v 41.9518 -43.1841 -6.6851
v 42.0720 -43.1841 -6.6851
v 46.9413 -45.3895 -6.5194
v 48.4295 -45.4941 -5.3977
v 49.5716 -45.5986 -4.2760
v 53.1794 -44.3913 -5.4771
v 29.0654 -40.7229 -4.6038
v 30.6425 -41.4727 -5.4531
v 32.7404 -42.8693 -5.4771
v 37.0273 -43.1094 -6.6706
v 37.1168 -43.1094 -6.6706
v 41.9210 -41.8913 -6.5281
v 42.9728 -41.5708 -5.6492
v 46.0350 -41.0416 -5.2960
v 47.3873 -40.9396 -6.1146
v 53.5269 -41.6458 -5.2330
v 55.8013 -40.6551 -4.2492
v 57.0828 -40.6521 -4.2467
v 26.6758 -38.8167 -4.6788
v 28.1991 -39.6485 -5.4746
v 29.7032 -40.4804 -6.2705
v 36.6299 -38.2428 -6.6395
v 37.0890 -38.2428 -6.6395
v 41.9673 -39.3913 -6.5281
v 42.9985 -39.7469 -5.6492
v 46.3351 -39.7186 -4.9542
v 47.2892 -39.4673 -5.1926
v 53.9435 -39.6073 -5.2227
v 55.4148 -39.7240 -5.0889
v 57.0828 -40.5690 -4.2467
v 23.9247 -36.0990 -5.4771
v 25.9546 -36.7798 -5.6788
v 27.3221 -36.8913 -6.4046
v 32.0482 -35.6441 -6.7257
v 32.0684 -35.6441 -6.7257
v 36.6299 -37.8557 -6.6395
v 38.1157 -36.7821 -6.4724
v 41.0029 -36.7669 -6.4952
v 42.1322 -37.8255 -6.6851
v 46.9355 -38.0711 -4.2707
v 48.3070 -37.1935 -5.4437
v 50.8931 -36.1830 -5.6931
v 53.3176 -36.8241 -4.6556
v 55.0188 -36.8154 -5.4159
v 23.2402 -34.3913 -5.4771
v 26.9000 -35.5625 -6.6788
v 27.1308 -35.5625 -6.6788
v 32.0482 -35.6368 -6.7257
v 32.0684 -35.6368 -6.7257
v 39.1424 -35.5468 -6.3053
v 39.9923 -35.5468 -6.3053
v 49.4379 -34.3951 -5.4899
v 50.5435 -34.6724 -5.2498
v 52.5451 -35.2270 -4.7695
v 56.1245 -34.8244 -5.4771
v 57.6821 -33.5744 -5.4771
v 23.3718 -31.8913 -5.4771
v 26.9880 -30.8185 -4.2350
v 27.0643 -30.8185 -4.2350
v 34.4815 -30.6926 -4.4487
v 34.7958 -30.6926 -4.4487
v 49.4528 -32.9295 -4.3632
v 49.8445 -32.9295 -4.3632
v 58.9321 -32.0756 -5.4771
v 59.5961 -30.8256 -5.4771
v 23.9073 -29.3913 -5.4771
v 26.7048 -29.3913 -4.3890
v 27.2086 -29.3913 -4.3890
v 34.4662 -29.3913 -4.4099
v 35.0454 -29.3913 -4.4099
v 44.4394 -28.4595 -6.6556
v 44.7346 -28.4595 -6.6556
v 59.3518 -28.8333 -6.3351
v 59.6434 -29.5565 -5.4919
v 24.4024 -27.8632 -5.4771
v 25.7278 -27.1225 -5.2333
v 27.2564 -26.8913 -4.4864
v 34.5077 -28.0465 -4.2493
v 34.9656 -28.0465 -4.2493
v 39.5376 -25.6511 -4.2467
v 39.5647 -25.6511 -4.2467
v 44.4394 -28.0830 -6.6556
v 44.7346 -28.0830 -6.6556
v 59.3572 -26.9922 -5.4661
v 59.7137 -26.9922 -5.4661
v 26.4697 -25.2785 -6.0316
v 27.6206 -24.4236 -5.3098
v 34.4353 -23.4490 -6.5935
v 34.7730 -23.4490 -6.5935
v 39.5376 -25.6299 -4.2467
v 39.5647 -25.6299 -4.2467
v 49.5342 -23.1466 -6.7070
v 50.7385 -23.7564 -5.7151
v 53.3013 -24.6038 -5.4771
v 55.6852 -23.7903 -5.6426
v 58.4548 -24.3473 -5.5917
v 59.7825 -25.4018 -6.2638
v 24.3480 -20.8176 -4.6169
v 25.8013 -21.2480 -4.9367
v 28.0558 -22.0209 -5.5609
v 34.4353 -22.8892 -6.5935
v 34.7730 -22.8892 -6.5935
v 41.9533 -20.6883 -6.6558
v 43.5431 -20.6748 -5.5945
v 44.5631 -20.6613 -4.5331
v 49.4412 -22.0680 -5.7289
v 49.7905 -22.0680 -5.7289
v 56.4411 -22.8425 -4.9195
v 57.5470 -22.8425 -4.9195
v 24.2285 -19.3913 -4.8110
v 25.8013 -19.3913 -5.3572
v 28.5326 -19.6317 -5.7448
v 30.3101 -18.9587 -6.0281
v 38.8294 -18.6879 -6.3141
v 41.0112 -19.6217 -6.4849
v 43.5431 -20.5891 -5.5945
v 44.5631 -20.6228 -4.5331
v 48.9513 -19.3913 -4.8891
v 50.0772 -19.3913 -6.1391
v 24.3242 -17.9294 -4.6158
v 25.8013 -17.9026 -4.6477
v 28.3013 -17.9699 -4.4569
v 31.0066 -17.7992 -5.3077
v 32.8248 -16.5552 -5.4771
v 38.8294 -17.3711 -6.3141
v 40.0692 -17.3711 -6.3141
v 46.5247 -16.3097 -4.7695
v 48.3816 -16.8343 -5.5111
v 50.0861 -17.3588 -6.2527
v 34.0748 -14.8017 -5.4771
v 34.9521 -13.5517 -5.4771
v 43.5767 -13.8252 -5.4771
v 45.7354 -14.9687 -5.5525
v 47.8090 -15.2751 -6.4361
v 35.7829 -11.8913 -5.4771
v 41.0491 -11.7183 -5.4771
v 42.3267 -12.9683 -5.4771
v 46.6030 -11.1542 -4.3712
v 47.3151 -11.1542 -4.3712
v 36.6321 -10.3493 -5.4771
v 38.3013 -10.1563 -5.4771
v 39.7991 -10.4482 -5.4771
v 46.6030 -10.3525 -4.3712
v 47.3151 -10.3525 -4.3712
v -25.4888 14.3248 -6.6628
v -25.1418 14.3248 -6.6628
v -32.9797 16.8393 -6.6418
v -31.6987 16.8374 -6.5963
v -30.4315 16.8496 -6.6380
v -25.7569 15.6087 -6.1276
v -24.3981 15.5382 -5.4941
v -22.5379 16.1279 -5.4771
v -38.0122 19.3038 -6.6515
v -36.6987 19.3107 -6.6065
v -34.1520 18.2623 -5.8086
v -31.6987 17.1894 -5.3463
v -29.3106 18.0975 -5.6929
v -26.7122 18.5814 -5.2337
v -24.3721 18.2192 -4.5393
v -22.5460 18.2192 -5.4424
v -38.2746 20.7888 -5.6817
v -36.6987 19.9819 -5.3565
v -35.3243 19.4729 -4.9753
v -28.1898 19.6934 -6.4144
v -26.7373 19.6198 -5.3524
v -24.1987 19.6368 -4.5436
v -22.3377 20.4687 -5.4424
v -18.3470 21.7780 -4.8580
v -17.2575 21.7780 -4.8580
v -38.2481 22.9961 -5.7051
v -37.3200 23.7544 -5.0238
v -20.9634 23.1907 -5.3174
v -19.3430 22.9813 -5.4511
v -16.4391 22.7221 -5.6415
v -15.1231 23.5602 -4.7583
v -37.9680 24.4080 -6.6904
v -37.2286 25.3883 -5.7051
v -30.5074 26.7873 -4.3404
v -30.3985 26.7873 -4.3404
v -23.3355 26.5641 -4.6933
v -21.5212 25.5412 -4.5354
v -20.3389 24.5183 -4.3776
v -15.6208 25.0175 -6.4250
v -14.9491 25.7540 -5.5458
v -40.9581 28.7892 -5.4771
v -39.1987 27.9070 -5.4771
v -37.5201 27.2265 -5.4771
v -33.1774 29.0909 -6.4871
v -31.5709 28.3271 -5.4137
v -30.3985 27.5634 -4.3404
v -23.5100 28.1087 -4.7789
v -22.2744 28.1087 -4.7789
v -17.9856 29.3453 -6.7215
v -17.9386 29.3453 -6.7215
v -14.5278 28.1087 -5.4771
v -10.7015 29.0638 -4.4487
v -10.2741 29.0638 -4.4487
v -47.9908 31.8302 -4.2404
v -47.8555 31.8302 -4.2404
v -43.5363 31.3682 -4.8221
v -41.6217 30.6776 -5.7519
v -40.3539 31.6537 -6.6816
v -35.4787 31.8426 -6.7154
v -34.2984 30.7722 -6.6013
v -32.6345 29.7017 -6.4871
v -23.2205 30.6087 -4.4298
v -22.6047 30.6087 -4.4298
v -17.9856 29.4084 -6.7215
v -17.9386 29.4084 -6.7215
v -13.7952 30.6884 -5.4865
v -11.7606 30.7068 -5.3873
v -10.2741 29.8387 -4.4487
v -47.9908 31.8856 -4.2404
v -47.8555 31.8856 -4.2404
v -44.0155 33.0334 -5.5841
v -41.6987 32.5336 -6.5142
v -40.3539 32.4675 -6.6816
v -35.4787 31.8879 -6.7154
v -35.4194 31.8879 -6.7154
v -30.6037 33.8843 -6.5255
v -30.0814 33.8843 -6.5255
v -22.9494 31.8596 -4.2278
v -21.7096 33.1056 -5.4718
v -19.2959 34.1287 -5.5570
v -16.6152 34.1141 -5.5277
v -14.3574 33.4612 -5.6583
v -12.0256 33.4318 -5.5877
v -10.3403 34.2635 -6.5161
v -45.6053 36.3598 -5.4771
v -44.1971 35.8578 -4.9432
v -42.9403 36.8551 -4.2312
v -33.1434 36.6066 -4.5497
v -31.7056 35.5541 -5.5376
v -30.0814 34.5015 -6.5255
v -20.4711 34.3642 -6.7158
v -19.2959 34.4558 -5.5570
v -16.6152 34.4739 -5.5277
v -15.3012 34.4003 -6.6573
v -11.2316 34.7479 -4.8495
v -9.8287 35.5922 -5.6005
v -45.6053 37.2097 -5.4771
v -44.0091 37.7763 -4.9432
v -42.9403 36.8651 -4.2312
v -33.2229 38.1087 -4.6042
v -32.5175 38.1087 -4.6042
v -20.4959 39.3370 -6.1503
v -20.4254 39.3370 -6.1503
v -8.9064 38.1087 -5.4771
v -43.6118 40.6297 -5.4551
v -42.5774 41.4771 -4.6070
v -33.1196 40.0728 -4.4073
v -32.5150 40.0728 -4.4073
v -23.1087 41.6720 -6.6325
v -21.6794 40.5251 -6.3914
v -20.4254 39.3781 -6.1503
v -8.9354 40.6087 -5.4771
v -43.3021 42.2946 -6.2737
v -41.8868 43.1202 -5.4551
v -33.3495 43.5457 -6.2058
v -31.6987 43.7233 -6.2465
v -30.4109 44.3246 -6.6076
v -23.1087 41.9917 -6.6325
v -22.8629 41.9917 -6.6325
v -15.9380 43.9073 -5.9704
v -14.1987 43.6036 -5.8983
v -12.4957 43.8033 -6.3787
v -9.3711 43.1087 -5.4771
v -41.0040 45.4873 -5.5140
v -40.0897 46.2398 -6.3719
v -33.3495 44.5932 -6.2058
v -31.6987 44.5933 -6.2465
v -29.2445 45.6155 -6.6324
v -27.8875 46.7939 -6.6573
v -18.1963 46.4486 -5.4771
v -16.7423 45.0468 -5.2731
v -14.1987 44.5763 -4.6483
v -11.6769 44.9099 -5.5181
v -10.0358 44.8503 -5.4771
v -43.6337 48.6483 -5.0001
v -41.8431 47.9325 -5.2166
v -39.2333 48.2879 -6.1771
v -37.6884 49.2406 -6.6010
v -28.2997 48.1087 -6.5144
v -27.8207 48.1087 -6.5144
v -18.6208 47.9841 -5.6414
v -17.8309 48.7344 -6.5843
v -43.6337 49.9831 -5.0001
v -41.6987 50.0819 -5.1054
v -39.1987 50.0641 -5.0561
v -36.8208 50.6721 -5.6368
v -35.0336 51.3848 -6.3393
v -30.8046 51.2908 -6.3242
v -29.1865 50.4072 -6.4188
v -27.8393 49.5237 -6.5134
v -23.1526 51.6712 -4.3656
v -21.6987 51.1570 -4.6168
v -19.4227 50.4099 -5.3046
v -17.7402 50.6087 -6.5382
v -35.9533 52.1654 -4.6726
v -34.5880 53.0427 -5.4944
v -30.8046 52.1690 -6.3242
v -30.0858 52.1690 -6.3242
v -23.8991 53.0991 -5.3102
v -21.5014 53.0991 -6.0134
v -19.4191 52.9471 -6.3649
v -17.7885 52.0060 -6.6180
v -33.4326 55.6805 -5.4314
v -32.6604 56.5616 -4.5675
v -26.5793 55.7165 -5.4771
v -24.3283 55.3456 -4.9929
v -21.4527 55.4517 -5.5159
v -20.3993 54.3857 -6.6848
v -33.1080 57.1836 -6.2342
v -31.7757 57.5583 -5.4314
v -29.1987 57.6338 -5.4771
v -27.8293 57.0029 -5.4771
v -23.1211 57.1841 -4.3471
v -22.3689 57.1841 -4.3471
v 36.5634 -50.9068 -3.9767
v 37.4529 -50.9068 -3.9767
v 44.1216 -51.2635 -3.9182
v 45.1127 -51.2635 -3.9182
v 21.9510 -48.2341 -1.9140
v 23.3013 -48.2779 -1.9847
v 24.9087 -48.2306 -1.8837
v 29.0145 -48.9482 -2.0212
v 30.8013 -48.9995 -2.4401
v 33.1557 -48.8259 -3.1211
v 35.8772 -49.3764 -2.8974
v 38.2922 -49.4697 -3.3846
v 40.1404 -48.6887 -3.8158
v 44.1216 -49.9795 -3.9182
v 45.1127 -49.9795 -3.9182
v 51.4998 -48.4170 -2.1873
v 53.3013 -48.4243 -2.1890
v 54.6806 -48.2430 -1.8828
v 21.8188 -46.8913 -2.1518
v 23.3013 -46.8913 -2.5652
v 25.7658 -46.7655 -2.0828
v 28.2292 -46.7655 -2.3340
v 30.8656 -46.9108 -3.7030
v 32.2253 -47.7572 -4.0504
v 36.8577 -47.7054 -1.8181
v 38.1448 -46.8797 -2.2784
v 40.9926 -46.7150 -2.9744
v 43.3013 -46.6759 -2.9771
v 45.8013 -46.9069 -2.9771
v 48.0347 -46.2329 -2.9771
v 50.8835 -46.9684 -3.0032
v 53.4731 -46.9684 -3.4743
v 54.8609 -46.8913 -2.3160
v 21.8417 -45.1296 -2.1065
v 23.2567 -44.3343 -2.3215
v 25.7269 -44.5909 -2.1188
v 28.3013 -45.0435 -2.2651
v 30.8656 -44.7548 -3.1326
v 33.4797 -43.9662 -3.1827
v 35.2213 -43.6139 -2.4864
v 38.8738 -45.0157 -2.1329
v 40.1782 -45.0157 -2.1329
v 49.1019 -44.6157 -3.0166
v 50.5206 -44.3831 -2.8125
v 53.5101 -44.1743 -2.8861
v 54.8348 -45.1810 -2.3566
v 16.5359 -41.0933 -1.8890
v 17.3345 -41.0933 -1.8890
v 23.6046 -41.8913 -2.1309
v 25.7269 -41.7875 -2.4243
v 28.2598 -41.2046 -3.1013
v 30.8013 -41.9190 -2.9771
v 33.6299 -41.9788 -2.9499
v 35.0905 -41.8913 -2.3112
v 44.0878 -41.1436 -3.7142
v 45.9977 -40.9501 -2.9447
v 48.2174 -41.6681 -2.1923
v 50.8013 -42.6953 -2.1052
v 53.3800 -42.2448 -2.7402
v 55.8013 -40.9539 -2.9771
v 57.4840 -40.7997 -2.9771
v 16.5359 -40.2705 -1.8890
v 18.2660 -39.3398 -2.0167
v 20.8013 -38.8021 -2.1305
v 23.0885 -39.5092 -2.3084
v 25.8260 -39.5465 -3.6103
v 27.3988 -40.4834 -4.0174
v 34.4945 -40.6098 -1.7467
v 34.6003 -40.6098 -1.7467
v 44.0878 -40.2211 -3.7142
v 46.2110 -39.6654 -3.2653
v 47.2887 -39.3320 -2.9960
v 54.0902 -38.9606 -4.0658
v 55.8013 -39.3265 -3.9986
v 58.1731 -39.6624 -3.2209
v 59.8267 -38.7558 -2.3580
v 19.0387 -36.8913 -2.5273
v 20.8013 -36.8913 -3.1516
v 23.6013 -36.5207 -2.9689
v 25.0552 -36.8139 -2.9666
v 34.3912 -35.8635 -2.2613
v 34.8641 -35.8635 -2.2613
v 46.9511 -38.0713 -2.9771
v 47.1787 -38.0713 -2.9771
v 51.8463 -36.0500 -3.8480
v 53.3176 -36.8241 -3.9569
v 55.6448 -36.8154 -3.6784
v 58.3286 -36.7732 -2.6537
v 59.8267 -37.5278 -2.3580
v 19.2217 -35.2478 -2.3767
v 20.8013 -34.9753 -2.7483
v 23.2550 -34.7151 -2.8841
v 25.8812 -34.3265 -2.2774
v 27.1887 -33.4499 -2.3234
v 34.3912 -35.3295 -2.2613
v 34.8641 -35.3295 -2.2613
v 49.4528 -33.2679 -4.0705
v 50.8454 -34.2474 -3.9593
v 52.5451 -35.2270 -3.8480
v 56.3738 -34.9037 -3.6173
v 57.6195 -34.1987 -2.8612
v 23.8090 -32.1237 -2.7482
v 26.3099 -32.1073 -3.0662
v 27.1265 -31.9496 -3.2718
v 34.4815 -30.6926 -3.9785
v 34.7958 -30.6926 -3.9785
v 49.4528 -32.9295 -4.0705
v 49.8445 -32.9295 -4.0705
v 58.6099 -31.7322 -3.1803
v 59.5952 -30.7928 -4.1491
v 23.8200 -29.3913 -2.9771
v 26.6342 -29.1534 -3.2230
v 27.1958 -29.1534 -3.2230
v 34.4662 -29.3913 -4.0231
v 35.8776 -28.9210 -3.3036
v 38.3013 -28.4824 -2.3634
v 39.8827 -28.4433 -1.9584
v 56.6445 -28.4915 -2.4697
v 58.3190 -29.3514 -3.0608
v 59.6544 -29.3913 -4.0872
v 24.3793 -27.9959 -2.9771
v 25.3273 -27.9959 -2.9771
v 27.5684 -26.8913 -2.9771
v 34.5077 -28.0465 -4.2037
v 35.9763 -28.0580 -3.2740
v 38.8311 -26.8449 -3.1488
v 39.7237 -26.6647 -3.0772
v 56.2046 -26.8913 -2.5846
v 58.4381 -26.9317 -3.8480
v 59.6449 -27.7919 -4.1186
v 27.8189 -24.3913 -2.9771
v 39.5376 -25.6299 -4.1961
v 39.5647 -25.6299 -4.1961
v 51.5300 -23.4231 -3.8597
v 53.3018 -23.8171 -3.0067
v 55.5518 -24.3969 -3.0041
v 57.9066 -24.3913 -3.6425
v 24.3480 -20.8176 -3.6019
v 25.6578 -21.3353 -2.8520
v 27.4727 -22.6267 -2.9771
v 34.2866 -20.9155 -2.3665
v 35.8013 -20.9640 -2.2691
v 37.1652 -20.7973 -1.8103
v 44.5237 -20.6613 -4.1775
v 44.5631 -20.6613 -4.1775
v 49.3483 -21.0324 -3.5579
v 50.6736 -21.7449 -2.8755
v 52.4689 -22.4574 -2.1931
v 56.4411 -22.8425 -3.8803
v 57.5470 -22.8425 -3.8803
v 24.0445 -19.5695 -2.8520
v 24.7288 -20.5216 -1.9352
v 29.2680 -18.3670 -2.0414
v 29.6433 -18.3670 -2.0414
v 34.2866 -20.0387 -2.3665
v 35.8234 -19.2797 -2.3131
v 37.2205 -19.3913 -1.9800
v 44.5237 -20.6228 -4.1775
v 45.4572 -19.4596 -3.1892
v 48.3179 -19.4425 -2.8794
v 49.8171 -20.5886 -1.8912
v 24.0703 -17.6928 -2.9771
v 25.8013 -17.5208 -2.9771
v 28.3813 -17.9304 -2.9157
v 30.6065 -17.4783 -2.9157
v 33.2731 -16.4617 -2.9709
v 35.8234 -17.0514 -2.3262
v 37.4594 -16.8913 -2.1712
v 45.8517 -17.0424 -3.0114
v 47.2876 -17.9764 -3.8676
v 34.0876 -15.0246 -3.8001
v 35.7305 -14.2713 -3.5422
v 38.3107 -14.3688 -2.5000
v 40.0815 -13.5204 -2.0631
v 43.9310 -13.5074 -3.9926
v 45.5683 -14.2201 -3.0814
v 47.1849 -13.2661 -2.1701
v 36.6340 -11.8913 -4.0541
v 38.3013 -11.8913 -3.6072
v 40.7178 -12.1321 -3.0958
v 43.1858 -12.1321 -3.1663
v 45.7823 -11.9491 -3.7199
v 47.6168 -11.9491 -2.9929
v 37.0295 -10.6270 -4.2158
v 38.3013 -10.5513 -4.1447
v 39.6873 -10.5356 -4.1285
v 44.1073 -10.2673 -2.3400
v 45.7823 -9.8899 -3.0949
v 47.6579 -9.9825 -2.9771
v -23.6544 16.5696 -3.9778
v -22.6726 16.5696 -3.9778
v -35.9678 19.1132 -2.4205
v -34.3327 18.9774 -3.0889
v -31.6987 18.4394 -3.5379
v -29.1987 18.7169 -3.7702
v -27.3092 19.2116 -4.0671
v -23.6544 17.4595 -3.9778
v -22.6726 17.4595 -3.9778
v -46.0980 21.1780 -2.4673
v -44.1987 21.1157 -2.4841
v -41.6987 21.2126 -2.0920
v -39.0193 21.0788 -2.8576
v -36.7602 19.9783 -3.1432
v -34.3327 19.6852 -3.0889
v -31.6124 20.6820 -2.2844
v -29.1987 20.6087 -3.2288
v -26.5650 20.4712 -3.9446
v -24.0298 21.0364 -3.0824
v -22.0730 21.3152 -2.9771
v -18.7735 21.3851 -2.9771
v -16.5340 21.0922 -3.2185
v -14.1987 21.2559 -2.4368
v -12.8662 21.7009 -1.8544
v -46.0980 22.5187 -2.4673
v -44.1987 22.7373 -2.4841
v -41.6987 22.5404 -2.0920
v -39.0160 23.0053 -2.8330
v -36.4758 24.0307 -2.8737
v -34.1987 23.8791 -2.3269
v -31.6124 23.0061 -2.2657
v -29.2852 23.1344 -2.4234
v -26.6987 22.5776 -2.7440
v -24.7506 22.3577 -2.3192
v -20.7998 22.9751 -3.1158
v -19.3526 23.4272 -2.6540
v -16.6841 23.0372 -3.0485
v -14.2488 22.7998 -3.0336
v -12.8662 22.0393 -1.8544
v -45.7871 26.3243 -2.0592
v -44.1987 26.1935 -2.0742
v -42.1516 26.5062 -1.8578
v -38.8210 25.6087 -2.3825
v -36.6226 25.2243 -2.9440
v -34.1603 25.5706 -2.2503
v -31.3885 25.9465 -2.9444
v -30.2873 25.6424 -3.0637
v -23.3355 26.5641 -3.8462
v -21.2426 25.8720 -3.3011
v -19.5652 25.2342 -2.7642
v -16.8459 25.8568 -1.8263
v -14.7404 25.8568 -2.7286
v -52.9786 28.9751 -1.7522
v -52.8304 28.9751 -1.7522
v -48.1909 29.2635 -1.8326
v -46.6517 28.3016 -2.2185
v -44.1987 28.1087 -2.8372
v -41.5775 27.8364 -2.9438
v -39.4364 27.2145 -3.0549
v -37.8004 27.1630 -3.9401
v -33.3013 26.9192 -1.7993
v -31.7018 27.2413 -2.9920
v -30.3985 27.5634 -4.1847
v -23.8501 28.1757 -2.9986
v -21.6727 27.7498 -2.6299
v -19.1987 26.9997 -1.9477
v -16.6987 26.8650 -1.7333
v -14.2493 27.8287 -2.8123
v -11.6004 28.3973 -3.0279
v -9.8414 28.5782 -2.9771
v -52.9786 29.3858 -1.7522
v -52.8304 29.3858 -1.7522
v -48.6114 30.8416 -2.7904
v -46.8928 30.8416 -3.4012
v -43.8175 31.0353 -3.0032
v -42.4263 30.7608 -2.9196
v -23.6185 30.4755 -3.2268
v -22.5295 30.4755 -3.2268
v -13.7090 30.6087 -3.7650
v -11.6004 30.6467 -3.7492
v -9.5947 30.6467 -3.1189
v -48.5278 32.8748 -2.7900
v -46.9311 33.0163 -2.9311
v -44.2564 32.8394 -2.7578
v -42.3066 33.1087 -1.8033
v -22.9494 31.8596 -4.2266
v -22.9481 31.8596 -4.2266
v -18.1522 33.9059 -4.0399
v -17.7298 33.9059 -4.0399
v -13.4137 32.6000 -3.9430
v -11.9184 33.3035 -3.6053
v -9.9026 33.1087 -2.4130
v -48.0516 34.4251 -1.8319
v -46.5823 35.5133 -2.8272
v -44.0131 35.9515 -3.2629
v -42.8995 35.6265 -2.9831
v -33.1434 36.6066 -4.0978
v -32.8075 36.6066 -4.0978
v -18.1522 34.5474 -4.0399
v -17.7298 34.5474 -4.0399
v -11.2316 34.7479 -3.6553
v -10.0517 35.5922 -2.8840
v -45.5283 37.8786 -2.9538
v -44.5159 37.5408 -3.3758
v -42.9403 36.8651 -4.2197
v -33.2229 38.1087 -3.9390
v -32.5175 38.1087 -3.9390
v -12.9563 39.3483 -1.7471
v -11.6987 39.0133 -1.9043
v -9.7056 38.0886 -2.8569
v -45.5655 39.4944 -2.0852
v -44.2945 39.9805 -2.9420
v -41.7259 41.3948 -2.7316
v -40.4422 41.8516 -1.7346
v -33.1196 40.0728 -3.9724
v -32.5150 40.0728 -3.9724
v -12.9907 40.6087 -1.7769
v -11.6987 40.6087 -2.4380
v -9.7851 40.6087 -3.6382
v -40.8322 42.8752 -2.7316
v -40.4422 41.8862 -1.7346
v -13.4998 43.1087 -2.1962
v -11.6987 43.1087 -3.0255
v -10.0346 43.1087 -3.8064
v -40.9494 45.8042 -2.7435
v -40.1824 46.7679 -1.7543
v -30.9980 46.5884 -1.8292
v -30.3578 46.5884 -1.8292
v -18.2210 46.4394 -3.7561
v -16.6415 45.8420 -2.9445
v -14.3605 44.7515 -3.0746
v -11.6987 44.9301 -3.7418
v -10.0900 44.8574 -3.8343
v -44.0421 48.4597 -2.9771
v -41.8431 47.1670 -2.7435
v -40.1824 46.9046 -1.7543
v -33.2173 48.7966 -1.8537
v -31.5779 48.2216 -1.8415
v -30.3578 47.6467 -1.8292
v -25.8104 49.1050 -1.8222
v -25.2344 49.1050 -1.8222
v -19.0078 48.0759 -2.9445
v -17.4366 47.2206 -2.0895
v -44.0421 50.3026 -2.9771
v -41.6987 50.7631 -2.9771
v -38.9681 51.0875 -2.7866
v -37.6200 51.6260 -3.4929
v -33.6523 50.6087 -2.0663
v -31.9196 50.6087 -2.0663
v -25.8104 49.4835 -1.8222
v -24.1290 50.5898 -2.4822
v -21.6987 50.2679 -2.9771
v -20.3183 49.4570 -2.9771
v -37.9810 51.8768 -1.8262
v -36.7515 52.0956 -2.7866
v -34.2782 52.8804 -3.0251
v -31.5999 52.9705 -2.6068
v -29.8225 53.7116 -2.2639
v -23.7144 53.1939 -2.9277
v -22.7387 54.0841 -2.0614
v -33.2715 54.8950 -3.9975
v -31.7757 55.6805 -3.7876
v -29.0730 55.4763 -2.8889
v -26.7551 56.1283 -3.0248
v -24.2722 55.4431 -3.6390
v -21.7205 55.7581 -3.0047
v -20.3234 56.6651 -2.2814
v -30.9937 57.1571 -4.0208
v -29.1987 57.1286 -4.0268
v -26.7551 56.9857 -3.0248
v -24.0521 57.6209 -2.8208
v -21.5913 58.2310 -2.9695
v -20.3113 58.1087 -2.3406
v -20.8137 59.4102 -1.9909
v -20.3909 59.4102 -1.9909
v 24.4047 -50.7753 0.6726
v 25.8013 -50.7603 0.6565
v 28.3013 -51.0285 0.1178
v 30.8013 -51.4127 -0.1557
v 33.3013 -51.1301 0.3803
v 34.6081 -50.7560 0.6690
v 21.7887 -48.4253 -0.4771
v 23.4633 -49.4221 -0.2873
v 25.7658 -49.1949 -0.7163
v 28.2292 -49.6254 -1.1472
v 30.8013 -50.2495 -1.4057
v 33.3013 -49.8671 -0.8697
v 35.0020 -49.3195 -0.2895
v 51.4998 -48.4170 -1.3189
v 53.3013 -48.4243 -1.2276
v 54.6806 -48.2430 -1.4694
v 21.6003 -46.8913 -0.4771
v 26.5754 -47.5149 -1.5539
v 27.3478 -47.5149 -1.5539
v 36.1983 -46.8797 -0.6718
v 37.2072 -46.0387 -1.6350
v 41.8449 -45.7196 -1.5498
v 43.3013 -45.8440 -1.0878
v 45.8013 -46.0838 -0.9402
v 47.5606 -46.0392 -1.3529
v 51.2014 -46.8913 -1.0136
v 53.3013 -46.8913 -0.4157
v 54.8609 -46.8913 -1.1292
v 16.2189 -43.3834 0.2411
v 17.6706 -43.3834 0.2411
v 21.8629 -44.8663 -0.4771
v 22.3452 -43.6163 -0.4771
v 26.5106 -43.8906 -1.1731
v 28.3013 -43.7935 -1.1369
v 30.8013 -43.5067 -1.2739
v 33.3013 -43.7710 -1.2369
v 35.9218 -44.0581 -0.8012
v 38.1448 -44.2659 -1.3870
v 40.7977 -44.3030 -0.6274
v 43.3013 -44.9010 0.1622
v 45.8249 -44.2797 0.3854
v 47.7631 -44.3913 -0.8428
v 51.4696 -44.8342 -1.1840
v 53.3013 -44.6908 -0.9152
v 54.8348 -45.1810 -1.1877
v 13.9176 -41.4740 0.1006
v 15.5441 -42.1170 -0.6625
v 17.9929 -41.9125 -0.5462
v 21.8939 -41.1262 0.2595
v 22.3237 -41.9322 -0.5352
v 26.5106 -42.5517 -1.1731
v 28.3013 -42.5342 -1.1369
v 30.8013 -42.6104 -1.2739
v 33.5172 -41.8485 -1.3163
v 35.7783 -42.2027 -0.8274
v 38.3013 -42.5341 -0.1210
v 39.7505 -42.8549 0.2949
v 44.3867 -41.3288 0.4600
v 45.8944 -41.8761 -0.2311
v 48.2174 -41.6681 -1.2413
v 50.8013 -41.4453 -1.0554
v 53.3013 -41.3900 -0.6134
v 55.8013 -40.9401 -0.6443
v 57.5967 -40.8417 -1.0395
v 13.9176 -40.0988 0.1006
v 15.7421 -39.7157 -0.6305
v 18.4782 -39.1748 -0.4771
v 20.9569 -39.7629 -0.5352
v 22.1134 -40.4211 -1.4072
v 29.5065 -38.1665 0.7434
v 29.8947 -38.1665 0.7434
v 34.4945 -40.6098 -1.6960
v 34.6003 -40.6098 -1.6960
v 44.3867 -40.4546 0.4600
v 45.5451 -39.5293 -0.4148
v 48.4933 -39.3913 -1.4163
v 50.9011 -39.5163 -0.0411
v 53.3013 -40.4255 0.6366
v 55.8013 -40.5081 0.6057
v 58.4075 -39.6495 -0.3067
v 59.8267 -38.7558 -1.2407
v 18.7849 -36.8913 -0.4771
v 24.3426 -35.8647 -1.3945
v 25.1012 -35.8647 -1.3945
v 29.5065 -38.1153 0.7434
v 29.8947 -38.1153 0.7434
v 34.3912 -35.8635 -1.4656
v 35.8191 -35.9085 -0.5113
v 37.2818 -35.9535 0.4430
v 46.6209 -37.5537 -0.4771
v 48.0694 -37.3414 -0.5785
v 50.1344 -37.5917 0.1873
v 56.4016 -36.1014 0.1500
v 58.3659 -36.8146 -0.5453
v 59.8267 -37.5278 -1.2407
v 19.1437 -35.0575 -0.4771
v 20.8013 -34.1702 -0.4771
v 23.4261 -34.4468 -0.5276
v 25.6668 -34.1417 -0.6851
v 28.3336 -33.3387 -0.4944
v 29.6600 -33.2275 0.6537
v 34.3912 -35.3295 -1.4656
v 35.8191 -35.2355 -0.5113
v 37.2818 -35.1415 0.4430
v 54.4949 -33.3981 0.7045
v 55.6615 -34.2954 0.1102
v 57.6351 -34.3913 -1.2542
v 23.9307 -31.4453 -0.9769
v 25.9861 -32.1203 -0.3646
v 28.0374 -32.3000 -0.1238
v 29.6600 -32.9703 0.6537
v 36.7169 -31.0480 0.5150
v 37.5325 -31.0480 0.5150
v 54.4949 -32.5859 0.7045
v 55.5814 -31.8081 0.2552
v 57.6231 -31.8913 -1.0729
v 24.0287 -29.3913 -1.0918
v 26.3185 -28.8142 -0.3982
v 27.2636 -29.0385 -0.3788
v 32.0417 -28.1523 0.7559
v 32.0600 -28.1523 0.7559
v 36.7086 -29.2330 -0.3819
v 38.2582 -29.2020 -0.4181
v 39.8827 -28.4433 -1.3513
v 55.9648 -29.3514 -0.4558
v 57.4974 -30.1582 -1.2750
v 24.4751 -28.0991 -1.6303
v 26.0742 -28.0806 -0.6692
v 27.5031 -27.0938 -0.5157
v 32.0417 -28.0616 0.7559
v 32.0600 -28.0616 0.7559
v 36.8737 -27.7467 -0.4771
v 38.2108 -27.5478 -0.5016
v 39.8827 -27.6784 -1.3513
v 55.1517 -26.8913 -0.4771
v 26.9191 -23.4869 0.5165
v 27.7271 -24.3487 -0.3810
v 44.3106 -23.3255 0.6188
v 44.9136 -23.3255 0.6188
v 53.9828 -24.2001 -0.4771
v 54.6723 -25.4501 -0.4771
v 26.6573 -21.7793 -0.2807
v 27.3215 -21.7793 -0.2807
v 33.8163 -21.1240 -0.4771
v 35.8013 -21.3389 -0.4771
v 37.4590 -20.8562 -0.4771
v 44.3106 -22.9425 0.6188
v 44.9136 -22.9425 0.6188
v 51.4838 -20.7907 -1.4974
v 52.8183 -21.7309 -0.5893
v 24.1371 -18.8549 -1.3822
v 25.6578 -19.5695 -1.0569
v 28.2277 -19.3317 -0.5077
v 30.6065 -18.8674 -0.2862
v 33.2279 -19.3380 -0.3787
v 35.0047 -18.3720 -1.4318
v 37.8548 -19.3913 -0.4771
v 41.6580 -18.4961 0.1047
v 42.3304 -18.4961 0.1047
v 46.3909 -18.3884 -0.4771
v 48.3013 -19.4463 -0.4771
v 50.7108 -20.3555 -0.5893
v 52.4210 -20.4212 0.1693
v 24.1371 -17.7552 -1.3822
v 25.8013 -17.7595 -1.3762
v 27.6013 -18.0184 -1.6041
v 31.3100 -17.5300 -0.9923
v 33.3013 -17.5705 -0.9545
v 35.0047 -17.9915 -1.4318
v 38.6274 -16.7002 -0.2752
v 40.6690 -16.7111 0.3987
v 43.3077 -16.7295 0.1835
v 45.0593 -16.7223 -0.5335
v 39.3063 -14.4397 -0.1836
v 39.8808 -14.4397 -0.1836
v 44.2850 -15.4693 0.2622
v 45.6020 -14.3677 -0.6361
v 47.1849 -13.2661 -1.5344
v 39.4622 -13.0369 0.6069
v 40.8694 -12.5809 -0.3267
v 43.2849 -11.2063 -0.2789
v 45.7758 -11.7041 0.1456
v 47.5603 -11.8913 -1.1965
v 44.1073 -10.2673 -0.9801
v 45.8013 -9.9187 -0.7807
v 47.5963 -10.0517 -1.2123
v -40.8412 16.7595 0.4674
v -39.1987 16.5789 0.2869
v -36.6987 16.5321 0.4032
v -35.1556 16.6971 0.6224
v -45.5222 19.2664 0.6036
v -44.9177 19.2664 0.6036
v -41.3254 18.1087 0.0694
v -39.1987 18.1087 -0.6176
v -36.7602 18.2114 -0.8670
v -34.7992 18.2114 -0.3174
v -46.2288 20.4503 -0.3287
v -44.1301 19.7807 -0.3287
v -41.9146 19.8581 -0.6067
v -39.1987 19.7213 -1.3816
v -37.6344 19.5605 -1.4673
v -33.6068 20.2601 -0.4771
v -32.4541 21.5101 -0.4771
v -23.0839 21.7840 -1.5875
v -22.4903 21.7840 -1.5875
v -18.6501 21.3079 -1.3220
v -16.6987 20.9611 -0.8599
v -14.1987 21.2559 -0.9974
v -12.8662 21.7009 -1.5054
v -46.1953 23.2547 -0.2612
v -44.1987 23.9873 -0.8203
v -41.5062 23.8877 -0.4676
v -40.0076 24.0113 -0.4771
v -35.6316 24.3070 -1.6730
v -34.1987 23.8791 -1.1557
v -32.5050 23.0061 -0.3024
v -28.4189 24.0420 -0.4771
v -26.6987 23.7727 -0.4771
v -24.0298 23.0416 -0.6433
v -21.8023 23.1210 -0.6786
v -19.2597 23.1167 -1.3792
v -16.8459 23.2519 -0.8332
v -14.2042 22.9671 -0.9432
v -12.8662 22.0393 -1.5054
v -55.6157 26.7161 0.6484
v -54.1987 26.3203 0.0874
v -51.6987 25.8759 -0.4056
v -49.9349 26.1235 -0.0089
v -45.9303 25.5381 -0.2612
v -44.1987 24.9435 -0.8203
v -41.3480 25.4503 -0.6724
v -40.0834 25.3801 -0.7210
v -35.6316 24.7118 -1.6730
v -33.9696 25.7262 -0.5128
v -32.1611 25.7014 0.0048
v -29.6689 24.9220 -0.4771
v -21.3752 25.6637 -0.5527
v -19.8692 24.8670 -1.4364
v -16.1107 25.1888 -1.3936
v -15.0412 25.1888 -1.3936
v -55.6157 27.3606 0.6484
v -54.0344 28.1678 -0.5174
v -51.8425 28.2706 -0.8461
v -49.1930 28.3534 -0.2765
v -47.2874 27.6938 -0.4771
v -40.4849 26.8873 -1.7170
v -40.4281 26.8873 -1.7170
v -33.2300 26.9868 -0.4771
v -32.8804 26.9868 -0.4771
v -25.7406 29.2827 0.2002
v -24.4011 28.7452 -0.5707
v -21.7938 27.9593 -0.8366
v -19.1987 28.2497 -1.0620
v -16.7625 28.1542 -0.4417
v -14.1987 27.6491 -0.4771
v -11.6987 27.7550 -0.4771
v -9.7863 28.5789 -0.4771
v -53.3272 29.4548 -0.4771
v -52.5395 29.4548 -0.4771
v -49.5142 30.6087 -0.4771
v -43.0111 31.8201 -1.6905
v -42.1826 31.8201 -1.6905
v -25.7406 29.4289 0.2002
v -24.4011 29.9247 -0.5707
v -21.9116 30.6286 -0.4202
v -19.1987 30.6087 -0.3680
v -16.7625 30.8007 0.2509
v -15.1595 31.7620 0.7045
v -11.0183 31.5468 0.5167
v -9.5506 30.6716 -0.3808
v -49.0909 33.1087 -0.4771
v -46.0067 34.1469 -1.2028
v -43.9861 33.2317 -1.3748
v -42.3066 33.1087 -1.6800
v -33.0259 34.2344 0.6176
v -32.6864 34.2344 0.6176
v -25.5172 34.2929 0.6959
v -25.2891 34.2929 0.6959
v -21.1146 32.3414 0.4755
v -19.1987 32.4035 0.2168
v -16.6987 32.0858 0.3886
v -14.1062 32.9300 0.6931
v -11.7905 33.1089 0.1843
v -9.9026 33.1087 -1.1445
v -48.2133 34.5315 -0.4771
v -46.7835 34.5852 -0.4126
v -43.9785 35.3750 -0.5910
v -42.5393 35.4708 -0.6638
v -38.6580 36.3142 0.3897
v -37.4909 36.3142 0.3897
v -33.0981 35.6087 0.6054
v -32.6887 35.6087 0.6054
v -25.5172 34.4503 0.6959
v -25.2891 34.4503 0.6959
v -20.4495 36.8574 0.7725
v -20.4464 36.8574 0.7725
v -13.5733 35.6087 0.3989
v -11.6987 35.6087 -0.5714
v -10.2689 35.6087 -1.4475
v -45.5655 38.7365 -1.4503
v -44.3904 37.9854 -0.9480
v -42.2171 38.1087 0.2892
v -38.6580 37.2831 0.3897
v -37.4909 37.2831 0.3897
v -33.0707 37.0591 0.7048
v -31.9198 38.0509 0.4583
v -30.1434 39.0426 0.2117
v -20.4495 36.8592 0.7725
v -20.4464 36.8592 0.7725
v -13.6701 38.3525 -0.4716
v -11.6987 37.7633 -1.2778
v -10.3235 37.2418 -1.5539
v -45.5655 39.4944 -1.4503
v -44.1987 39.7972 -1.0786
v -41.6192 40.8296 -0.5789
v -40.4422 41.8516 -1.6852
v -30.9671 40.6087 0.2839
v -30.1528 40.6087 0.2839
v -18.1446 41.6525 0.6548
v -17.8150 41.6525 0.6548
v -13.4154 40.6087 -0.4771
v -40.6042 42.8752 -0.7020
v -40.4422 41.8862 -1.6852
v -30.6132 41.9883 0.6821
v -30.3594 41.9883 0.6821
v -18.1446 42.0562 0.6548
v -16.6599 43.1897 0.6231
v -14.4496 43.3375 -0.3360
v -40.8278 45.8042 -0.7140
v -40.1824 46.7679 -1.7052
v -35.6868 46.5308 0.2022
v -35.0442 46.5308 0.2022
v -30.9980 46.5884 -1.4850
v -30.3578 46.5884 -1.4850
v -15.6374 45.3993 -0.4729
v -15.1963 45.3993 -0.4729
v -43.7216 48.8704 -1.4146
v -41.3603 47.9235 -0.7523
v -39.6203 48.0884 -0.5953
v -36.4488 48.4553 0.4104
v -34.3087 48.1765 -0.1860
v -31.2956 48.1612 -1.0044
v -29.6955 48.4134 -0.6436
v -26.8092 49.1979 -0.4735
v -25.2344 49.1050 -1.4877
v -20.6546 48.9857 0.1260
v -19.3704 48.7122 -0.6153
v -16.6415 47.6875 -0.6132
v -15.0908 47.2778 0.1294
v -43.7216 49.9928 -1.4146
v -41.6987 50.0399 -1.2877
v -38.9681 50.5232 -1.1414
v -36.5059 50.3703 -0.2291
v -34.9971 50.3703 -0.6508
v -30.6696 50.6087 -1.2806
v -29.2986 50.4986 -0.0093
v -26.3981 50.2874 -0.0690
v -24.5300 50.6942 -0.7122
v -21.5722 49.9912 -0.6153
v -20.3181 49.4045 -1.5407
v -37.9810 51.8768 -1.7032
v -36.6987 51.9248 -1.6138
v -35.2849 51.9287 -1.5999
v -30.7007 52.0450 -1.1502
v -29.6817 52.9705 -0.3810
v -25.5759 51.8878 0.7399
v -23.9900 52.9860 -0.2958
v -22.7387 54.0841 -1.3315
v -28.3490 55.4763 -0.2487
v -27.2838 56.2214 -0.9297
v -23.1002 54.9995 0.3352
v -21.9776 55.8323 -0.6178
v -20.3234 56.6651 -1.5708
v -27.9773 56.8790 0.7369
v -26.5498 57.1659 -0.2487
v -24.1987 57.8571 -0.4771
v -21.8484 58.1119 -0.7856
v -20.3113 58.1087 -1.5649
v -20.8137 59.4102 -1.6671
v -20.3909 59.4102 -1.6671
v 24.0875 -51.0435 2.0229
v 25.8013 -51.4829 2.0229
v 28.3013 -51.8820 2.0229
v 30.8013 -52.2744 2.0229
v 33.3013 -51.7924 2.0229
v 34.7125 -50.9606 2.0229
v 21.8016 -48.4272 1.4990
v 22.7102 -49.3128 2.2085
v 34.1960 -48.5289 2.6375
v 34.7130 -49.3738 1.8916
v 21.8328 -46.8913 1.3936
v 22.6855 -46.8913 2.6436
v 28.7761 -46.2468 2.6807
v 30.2066 -46.2468 2.6807
v 34.1960 -47.7046 2.6375
v 34.9884 -46.8793 1.8916
v 14.1121 -43.2211 2.4425
v 15.4830 -43.3022 1.8077
v 18.5428 -43.2975 2.0646
v 21.3192 -44.1406 1.8016
v 22.4739 -44.2720 1.7147
v 28.7761 -45.2559 2.6807
v 30.2066 -45.2559 2.6807
v 35.4659 -44.3913 2.0229
v 41.4172 -43.5902 1.1076
v 43.3013 -43.6510 1.0353
v 45.0074 -43.3720 0.7880
v 7.0097 -40.6847 3.2545
v 8.3013 -40.8946 3.1120
v 10.8013 -41.4226 2.6094
v 13.1815 -42.2647 1.6800
v 15.6049 -42.4268 1.9315
v 18.6156 -42.3285 2.1517
v 21.0681 -42.0188 1.9224
v 22.1008 -42.7929 0.8885
v 34.2528 -41.3574 2.9388
v 35.6574 -41.9877 2.0279
v 38.3013 -41.2841 1.3016
v 40.6708 -41.9695 1.3693
v 43.4525 -42.0538 1.1618
v 45.0074 -42.9955 0.7880
v 7.0097 -40.5830 3.2545
v 8.3013 -40.3177 3.1120
v 10.8013 -39.8125 2.6094
v 13.1711 -39.6002 1.8597
v 15.9083 -39.6617 2.1531
v 18.5725 -39.1541 1.2011
v 20.4313 -39.2342 1.9065
v 29.5065 -38.1665 0.7850
v 29.8947 -38.1665 0.7850
v 34.2528 -40.3357 2.9388
v 35.8013 -40.0637 2.6554
v 38.4830 -39.3626 2.6494
v 40.7242 -39.2026 2.6220
v 43.6056 -39.3491 2.1627
v 44.8286 -38.7879 1.5876
v 51.8011 -38.7664 0.9221
v 53.3013 -39.1755 0.9381
v 55.8013 -39.2581 1.0412
v 57.5517 -38.8765 1.0596
v 19.2975 -36.8913 1.1617
v 20.1097 -36.8913 2.4117
v 29.5065 -38.1153 0.7850
v 30.8681 -36.9981 1.8845
v 32.6305 -35.8808 2.9841
v 36.7740 -35.9535 1.1127
v 38.3597 -36.9915 2.1541
v 39.8395 -38.0295 3.1955
v 44.4912 -38.0964 3.2543
v 45.7177 -37.1793 2.2617
v 48.0969 -35.8765 1.9687
v 50.9011 -36.8115 1.2825
v 53.3013 -36.8913 1.3043
v 55.6615 -36.9174 1.0563
v 57.5517 -37.7681 1.0596
v 19.3375 -35.2563 1.0686
v 20.9382 -34.7481 1.9503
v 23.1422 -33.4944 1.7799
v 24.5658 -33.1668 0.7846
v 29.4786 -33.2275 0.8427
v 30.7508 -34.3680 1.9134
v 33.5460 -34.5714 2.7695
v 35.8029 -34.3880 1.8338
v 37.2818 -35.1415 1.1127
v 48.7939 -35.1486 2.7659
v 50.8013 -34.7797 2.5479
v 53.3438 -34.1916 1.8503
v 54.7350 -35.0647 0.8874
v 23.8019 -31.8913 2.1551
v 25.5600 -31.7659 1.1053
v 28.4618 -31.9096 0.9966
v 29.6600 -32.9703 0.8427
v 34.4616 -33.0374 2.5550
v 35.7743 -32.0427 1.7387
v 37.5325 -31.0480 0.9224
v 46.9223 -30.6786 2.9776
v 47.3027 -30.6786 2.9776
v 51.6000 -31.0590 2.7647
v 53.3438 -31.8225 1.7811
v 54.6014 -30.9193 0.7976
v 24.2339 -30.3982 2.6040
v 26.1213 -29.3235 1.8773
v 27.4449 -29.9155 1.1506
v 32.0417 -28.1523 0.7904
v 32.0600 -28.1523 0.7904
v 36.6711 -29.3913 1.1466
v 37.6116 -29.3913 1.1466
v 46.9159 -29.3913 3.0049
v 47.3524 -29.3913 3.0049
v 51.5389 -29.3913 2.7800
v 53.3013 -29.3913 1.7556
v 54.7483 -29.3913 0.9985
v 26.9330 -27.0938 2.2637
v 27.3883 -26.3954 1.5909
v 32.0417 -28.0616 0.7904
v 32.0600 -28.0616 0.7904
v 36.8787 -27.6870 1.1216
v 37.3172 -27.6870 1.1216
v 46.9997 -28.0709 3.2108
v 47.2013 -28.0709 3.2108
v 51.3705 -26.8913 2.6199
v 53.3013 -26.8913 1.6303
v 54.7484 -26.8913 1.0333
v 26.9833 -24.5546 2.2104
v 27.4086 -24.5546 2.2104
v 31.6778 -23.6634 2.9121
v 32.6088 -23.6634 2.9121
v 44.3106 -23.3255 0.9908
v 45.9709 -23.2433 2.1075
v 48.3013 -23.6322 2.8532
v 50.6459 -24.5222 2.3615
v 53.3459 -24.5562 1.2108
v 54.6015 -25.4994 0.8440
v 26.9191 -22.5695 1.1632
v 27.5141 -21.7982 2.0071
v 31.6778 -22.8106 2.9121
v 33.2224 -21.9106 1.9769
v 35.8013 -21.0162 1.2038
v 37.4809 -20.7718 1.0785
v 44.3106 -22.9425 0.9908
v 45.9709 -23.0065 2.1075
v 48.1105 -22.0988 2.5465
v 50.8013 -21.8913 1.8725
v 52.6969 -21.8913 1.4940
v 28.5966 -20.0872 2.0229
v 30.8273 -18.9957 1.8794
v 33.1221 -19.4389 1.2123
v 35.8013 -19.3913 1.8131
v 37.6856 -19.3913 1.3970
v 41.7237 -18.4580 2.0229
v 43.2187 -18.4356 2.2458
v 45.9430 -18.6974 2.2458
v 48.1105 -20.0344 1.8822
v 50.8013 -20.3236 1.2204
v 52.4210 -20.4212 1.1873
v 31.6781 -17.8895 2.6171
v 33.3013 -17.7383 2.3704
v 35.8708 -16.9699 2.4636
v 38.3010 -16.7002 1.3235
v 40.8478 -16.8956 1.5096
v 43.6186 -17.0075 1.8286
v 44.9371 -16.8820 2.1806
v 36.7504 -15.1292 2.7783
v 38.7988 -14.2513 1.8928
v 39.6976 -14.2757 1.9101
v 44.1047 -14.6312 1.9738
v 44.7977 -14.6312 1.9738
v 39.4622 -13.0369 1.3282
v 40.6497 -12.6092 2.1061
v 43.1752 -12.2347 1.9977
v 44.9254 -12.4127 1.1476
v -43.2429 16.6934 2.9043
v -41.6842 16.4762 2.0517
v -39.1987 15.9997 2.0229
v -36.6987 16.0236 2.0229
v -34.8617 16.5285 2.0229
v -45.6797 18.9174 2.0229
v -44.0803 18.2312 1.8561
v -42.5754 18.1087 1.1477
v -34.3345 18.1087 2.0229
v -45.9799 20.8308 2.2573
v -43.7926 20.7645 2.1940
v -42.2100 20.7606 2.1815
v -40.2438 21.8032 3.2178
v -33.6542 20.7565 2.1786
v -32.8498 21.6883 1.4491
v -45.9062 23.1402 2.2573
v -44.1987 22.2344 3.2336
v -41.2040 22.9746 2.1882
v -39.5345 23.5005 2.3923
v -37.7889 24.2123 3.1356
v -33.1608 22.2834 3.1158
v -32.8212 23.1135 2.1786
v -28.0148 24.3102 0.8218
v -26.6987 24.3038 0.8224
v -24.1987 24.2131 0.8468
v -22.7810 24.1893 0.8544
v -58.4326 26.6159 3.0201
v -56.5489 26.2848 2.1212
v -54.1987 25.7461 2.0229
v -51.8149 25.9556 2.0693
v -49.0884 26.1541 2.1136
v -46.8277 25.4544 2.0854
v -40.5445 24.3943 0.8235
v -39.1799 24.5374 1.9796
v -37.7889 24.6805 3.1356
v -33.4077 26.1873 2.0229
v -32.1692 25.6660 1.5858
v -28.9884 25.7261 0.9845
v -26.6987 25.6087 1.1749
v -24.1987 25.6087 1.1978
v -22.6795 25.6087 0.8877
v -58.8378 28.1087 2.9764
v -56.5489 28.1598 1.6481
v -54.1494 28.9977 1.8908
v -51.7902 28.2671 2.0442
v -49.1595 27.8897 1.7784
v -47.5620 27.2340 1.2937
v -33.4077 27.3151 2.0229
v -31.9255 27.6194 1.9109
v -29.2916 28.2543 2.0614
v -26.6239 28.3131 1.1611
v -24.1987 27.5705 1.1238
v -22.7574 27.0505 0.8445
v -15.9717 29.0094 1.0052
v -14.1987 28.6942 1.1817
v -11.6987 28.7356 1.1739
v -10.2006 29.0647 0.9948
v -58.6503 29.4611 3.1303
v -56.6987 29.6059 2.6814
v -54.1494 29.5228 1.8908
v -52.5214 29.4597 1.1548
v -48.7283 30.8209 2.2292
v -47.9043 31.7956 3.2002
v -28.5202 29.7757 2.6166
v -26.6239 29.8481 1.8791
v -24.0943 31.0051 1.9220
v -22.7813 31.7039 1.0214
v -15.9717 30.0953 1.0052
v -14.2752 30.8007 1.1359
v -11.7905 30.6716 1.1297
v -10.2006 29.8801 0.9948
v -48.3986 33.1087 1.5305
v -47.5919 33.1087 2.7805
v -33.0979 34.2109 2.0229
v -32.6953 34.2109 2.0229
v -25.5172 34.2929 0.9138
v -24.2402 33.1662 1.8009
v -21.8483 32.4926 1.9220
v -19.1987 33.2210 2.0229
v -16.7688 33.4584 2.1228
v -14.1062 32.9300 1.0945
v -12.6850 32.2757 0.8329
v -48.1987 34.5227 1.0224
v -46.4856 35.3476 2.1415
v -44.1987 36.1078 1.7126
v -42.2199 36.5437 1.2046
v -38.6580 36.3142 1.0123
v -37.4909 36.3142 1.0123
v -33.1413 35.3977 1.8031
v -32.6954 35.3977 1.8031
v -25.5172 34.4503 0.9138
v -25.2891 34.4503 0.9138
v -20.4495 36.8574 0.7734
v -20.4464 36.8574 0.7734
v -16.1951 35.6087 2.5560
v -14.8233 35.6087 1.3060
v -45.4539 36.8696 3.2607
v -44.1987 37.1959 2.9626
v -42.2069 38.1220 2.0319
v -38.6580 37.2831 1.0123
v -37.4909 37.2831 1.0123
v -33.0707 37.0591 0.8233
v -31.9198 38.0509 0.8898
v -30.1434 39.0426 0.9563
v -20.4495 36.8592 0.7734
v -20.4464 36.8592 0.7734
v -16.0550 38.1087 2.3521
v -15.0947 38.1087 1.1021
v -41.7511 40.6087 2.0229
v -30.9671 40.6087 1.0968
v -30.1528 40.6087 1.0968
v -18.1701 41.6296 2.0229
v -16.8053 40.8726 2.0396
v -14.6233 40.6087 1.4230
v -40.8421 43.2535 1.9214
v -39.1987 44.0682 2.7577
v -37.7952 44.1467 3.1717
v -30.6132 41.9883 1.0213
v -29.2777 42.8842 1.8835
v -27.7464 43.7801 2.7457
v -18.5229 42.9772 2.0029
v -16.6599 43.1897 1.2423
v -14.7154 42.6566 1.3282
v -40.9594 45.4987 1.9214
v -39.1987 44.6378 2.7577
v -36.7410 45.5142 2.2154
v -35.0442 46.5308 1.2590
v -30.6398 46.7465 3.0209
v -29.2512 45.7019 2.8833
v -27.7464 44.6573 2.7457
v -20.8063 46.2883 2.8186
v -19.3457 45.5165 2.5121
v -16.4824 45.3888 1.6495
v -15.0908 46.0754 1.3809
v -41.0284 47.5036 2.0229
v -39.1172 48.8125 1.9267
v -36.4488 48.4553 1.1442
v -34.4010 48.2605 1.2023
v -31.2449 47.9678 2.0347
v -29.6734 48.1502 2.1209
v -26.8933 49.1847 2.2521
v -25.2899 49.0786 3.1575
v -21.1489 48.1349 2.0003
v -19.1987 47.6541 1.4093
v -16.6987 47.6232 1.5810
v -15.0908 47.2778 1.3809
v -38.2296 49.5845 2.6960
v -36.5059 49.9417 1.9267
v -34.4342 50.0647 1.9964
v -31.6965 50.6171 2.2586
v -29.2986 50.4986 1.3792
v -26.4542 50.3393 1.8228
v -24.6781 50.7301 2.3639
v -22.3058 50.0698 2.0229
v -31.0432 53.1087 2.3471
v -29.9596 53.1087 1.0971
v -25.5759 51.8878 0.9642
v -24.7033 52.8762 1.8877
v -30.8283 54.9874 2.7586
v -29.0120 55.8367 1.8646
v -26.6987 56.3537 2.4764
v -24.1088 55.6788 1.8345
v -22.8831 56.6662 0.8227
v -27.9773 56.8790 0.9707
v -26.6987 57.0983 1.2264
v -24.1987 57.1484 1.1154
v -22.8831 56.9458 0.8227
v 21.9791 -53.2169 5.7567
v 22.3585 -53.2169 5.7567
v 26.2548 -53.7943 5.1496
v 28.3013 -54.0813 4.8511
v 30.8013 -53.7482 5.0466
v 32.1464 -53.3501 5.4103
v 21.9791 -53.0849 5.7567
v 23.2176 -52.1836 5.0516
v 25.5734 -52.6710 4.3989
v 28.8191 -51.8625 4.5093
v 30.8013 -51.8354 4.7079
v 32.8063 -51.8728 4.6442
v 34.7095 -50.9522 3.6540
v 23.0401 -49.3913 4.5229
v 29.5095 -50.4672 5.7202
v 30.8013 -50.4500 5.6192
v 33.6847 -49.5466 4.5706
v 35.3334 -49.4275 4.4980
v 37.3236 -48.6157 5.4512
v 19.0225 -46.2326 5.4813
v 20.8013 -46.4611 5.1734
v 22.8712 -46.9423 4.4682
v 28.7761 -46.2468 3.5369
v 30.2066 -46.2468 3.5369
v 34.1960 -47.7046 3.5719
v 35.7253 -46.8793 4.0048
v 37.4903 -46.8913 5.2135
v 8.9919 -43.3629 5.4284
v 10.8013 -43.6223 5.0450
v 13.2878 -43.4530 4.3973
v 14.7646 -43.2161 4.5229
v 18.7307 -44.1835 4.5980
v 20.8013 -44.6563 3.9234
v 22.8469 -45.0910 3.5985
v 28.7761 -45.2559 3.5369
v 30.2066 -45.2559 3.5369
v 36.0304 -44.4221 4.5183
v 37.3644 -45.2760 5.3487
v 6.5234 -41.1871 4.5229
v 8.2156 -42.2546 4.5662
v 10.8013 -42.6726 3.7950
v 12.4454 -43.0554 3.4802
v 16.0790 -41.9589 4.5739
v 18.2985 -42.0410 4.5065
v 20.2422 -41.2447 3.5718
v 24.4153 -40.7106 5.6462
v 24.7738 -40.7106 5.6462
v 29.0345 -40.8811 5.2206
v 29.7702 -40.8811 5.2206
v 34.2764 -41.2602 4.5229
v 34.9327 -42.5102 4.5229
v 6.4837 -39.6063 4.5491
v 8.3013 -39.0677 3.8701
v 10.8013 -38.5625 3.9649
v 13.1076 -38.7310 4.6249
v 15.9083 -39.9257 4.5739
v 18.3013 -39.9849 5.1233
v 20.3005 -39.3607 4.4522
v 24.4153 -40.5222 5.6462
v 24.7738 -40.5222 5.6462
v 29.0345 -39.8921 5.2206
v 29.7702 -39.8921 5.2206
v 34.2764 -40.3589 4.5229
v 35.8013 -39.3998 4.5229
v 38.4830 -38.4133 4.4375
v 40.7242 -38.3507 4.4375
v 42.9089 -38.3540 4.5229
v 6.8091 -37.4220 5.3999
v 8.3013 -37.1620 5.1201
v 10.8013 -37.6669 5.2149
v 12.1451 -38.0953 5.5263
v 20.8502 -36.8913 4.5229
v 31.8415 -35.8808 3.4564
v 32.6305 -35.8808 3.4564
v 39.4375 -38.0295 3.5473
v 39.8395 -38.0295 3.5473
v 44.1412 -37.1143 4.4936
v 45.8013 -36.2591 3.5834
v 47.1273 -35.6766 3.3190
v 21.6819 -34.8223 4.5229
v 22.2680 -33.5723 4.5229
v 31.8415 -35.5084 3.4564
v 33.5460 -34.5714 3.6445
v 34.8318 -33.6344 3.8327
v 44.3910 -35.3694 5.3075
v 46.0050 -34.4781 5.0052
v 48.0969 -34.3457 4.0112
v 50.8013 -33.5297 3.6362
v 52.1927 -33.3185 3.3795
v 23.0218 -31.8913 4.5229
v 34.4616 -33.0374 3.8327
v 34.8318 -33.0374 3.8327
v 46.5894 -31.6637 4.7568
v 48.2021 -31.6637 4.0673
v 50.7805 -31.8919 3.6474
v 52.1927 -32.7257 3.3795
v 24.0551 -30.2608 4.5229
v 25.9679 -28.8703 4.6517
v 27.1548 -28.1969 5.5709
v 36.7394 -28.4825 5.4025
v 37.5755 -28.4825 5.4025
v 46.2963 -29.3913 4.5229
v 48.6024 -29.3913 3.4850
v 50.2889 -29.3913 3.4850
v 26.9441 -26.8913 3.7505
v 27.5710 -26.8913 5.0005
v 36.7394 -27.9592 5.4025
v 37.5755 -27.9592 5.4025
v 46.8158 -27.5435 4.5229
v 47.9783 -26.9094 4.2419
v 50.1205 -26.8913 3.4764
v 27.0474 -25.6223 3.2784
v 27.8205 -24.6299 4.2762
v 31.6778 -23.6634 3.4618
v 32.6088 -23.6634 3.4618
v 44.2327 -23.3236 5.6544
v 46.0374 -23.6901 4.7018
v 48.0736 -24.9616 4.3499
v 49.7089 -25.4427 3.4012
v 28.2227 -21.8913 4.5229
v 31.6778 -22.8106 3.4618
v 32.6088 -22.8106 3.4618
v 44.2327 -23.0516 5.6544
v 45.9622 -22.2277 4.5205
v 47.1500 -21.4038 3.3866
v 28.9534 -20.2219 4.5229
v 30.8273 -19.1802 4.4567
v 33.3013 -18.8284 5.1668
v 34.8748 -18.4335 5.4917
v 42.0077 -18.2087 3.4570
v 43.1851 -18.4331 4.3833
v 45.7583 -19.8032 4.3411
v 47.1500 -20.4921 3.3866
v 31.6781 -17.8895 3.5793
v 33.3013 -17.7383 3.9168
v 35.4780 -16.9699 4.6041
v 42.0077 -18.0950 3.4570
v 43.1851 -17.7551 4.3833
v 44.8236 -16.4433 4.5229
v 36.5900 -14.3340 4.4547
v 38.3013 -13.4206 3.6213
v 39.7153 -13.1925 3.4345
v 43.8878 -13.8404 4.5229
v 44.8236 -15.0904 4.5229
v 36.4070 -11.8913 4.7845
v 38.5409 -11.6819 4.5791
v 40.6497 -12.3892 4.3698
v 42.6378 -12.7754 4.5229
v 36.5153 -9.8813 4.9854
v 37.8673 -9.8813 4.9854
v -43.4686 14.1297 5.4595
v -41.6987 14.0786 5.3905
v -39.1987 14.0137 5.3358
v -37.5543 14.0432 5.3867
v -47.9575 16.8259 5.7665
v -47.9236 16.8259 5.7665
v -43.5920 15.7595 4.5849
v -41.6987 15.2050 4.1405
v -39.1987 15.0296 4.0858
v -36.7210 15.6864 4.5075
v -34.9592 16.5800 3.6284
v -47.9575 16.8703 5.7665
v -46.8034 17.8665 4.7503
v -44.5945 18.0611 4.5497
v -35.8876 17.3366 5.2950
v -34.1933 18.1374 4.4719
v -32.3010 18.9381 5.3154
v -50.4501 21.8558 5.7718
v -50.1602 21.8558 5.7718
v -45.9705 20.9042 4.4171
v -44.6019 21.0260 4.2845
v -41.6987 21.7916 3.3955
v -40.2438 21.8032 3.3644
v -33.4668 20.6087 3.5820
v -31.5601 20.5961 4.9178
v -30.3116 21.4210 5.6023
v -50.4501 21.8718 5.7718
v -49.3090 22.7064 5.4890
v -46.7703 22.9344 4.3198
v -44.1987 22.2344 3.4473
v -41.6987 21.9569 3.3955
v -39.1301 23.0851 3.3398
v -37.7889 24.2123 3.3151
v -33.1608 22.2834 3.3092
v -31.8996 23.0300 4.4558
v -30.3116 22.1100 5.6023
v -63.0826 26.6987 5.4150
v -61.6987 26.4035 5.0878
v -59.2390 26.1668 4.4395
v -56.6987 25.2968 4.5229
v -54.1987 25.1973 4.5229
v -51.8149 26.2371 4.7473
v -49.1833 25.5899 4.6350
v -47.2827 24.5181 3.5396
v -43.1165 26.7607 5.6034
v -42.7920 26.7607 5.6034
v -38.0163 24.6805 3.3151
v -37.7889 24.6805 3.3151
v -33.5548 26.0609 4.5229
v -32.6251 24.8109 4.5229
v -63.0826 27.4035 5.4150
v -61.8848 28.1856 4.7427
v -60.0878 28.1087 3.5035
v -53.1762 29.0483 4.5229
v -51.8149 27.8885 4.7473
v -49.7341 28.1369 4.7473
v -43.1165 27.0895 5.6034
v -42.7920 27.0895 5.6034
v -33.5548 27.3991 4.5229
v -31.6549 28.6865 4.4214
v -30.1869 29.1846 3.5204
v -61.0836 30.6087 5.1031
v -59.3173 30.5191 4.4930
v -56.6987 30.2427 4.5229
v -54.4262 29.7521 4.5229
v -48.7105 30.2505 4.5229
v -47.8340 31.5005 4.5229
v -30.7924 29.7388 5.1871
v -29.2916 30.0522 4.4214
v -26.6987 30.3861 4.5229
v -24.7204 31.0544 4.5229
v -60.5685 32.1917 5.6834
v -59.9843 32.1917 5.6834
v -47.0605 33.1087 4.5229
v -35.5585 34.2845 5.6624
v -34.1659 34.2852 4.5697
v -32.8732 34.2859 3.4771
v -23.4228 32.9671 4.7487
v -21.6987 33.5391 4.2373
v -19.1987 33.9262 3.7371
v -17.6489 34.2222 3.3991
v -50.5503 36.7374 5.7301
v -50.3599 36.7374 5.7301
v -45.9623 35.6087 4.5229
v -35.5585 34.5341 5.6624
v -34.1659 34.4789 4.5697
v -32.8732 34.4236 3.4771
v -23.1877 35.6087 5.4446
v -21.6987 35.6087 5.0601
v -19.1987 35.6087 4.4417
v -17.4451 35.6087 3.5761
v -50.5503 36.9526 5.7301
v -50.3599 36.9526 5.7301
v -45.4858 36.9014 4.5229
v -44.1987 37.5873 4.5229
v -42.5568 38.7946 4.5229
v -33.0605 39.1153 5.5587
v -31.6987 39.0617 5.5715
v -30.1104 39.2060 5.7186
v -23.1727 37.6334 5.3754
v -21.9403 38.3235 5.0495
v -19.1987 38.1087 4.3768
v -17.3050 38.1087 3.7329
v -41.4290 40.7120 4.6287
v -40.2552 41.6142 5.5326
v -33.0605 39.5674 5.5587
v -31.6987 39.6784 5.5715
v -30.1104 39.5762 5.7186
v -21.5057 40.6087 4.9960
v -19.0083 40.7992 3.8525
v -17.4621 40.0928 3.6081
v -40.9384 42.5166 3.8659
v -39.4800 43.3317 4.4529
v -37.7952 44.1467 3.3732
v -28.1960 43.7801 3.6300
v -26.7508 43.9512 4.6185
v -24.7024 44.1223 5.6069
v -21.4592 43.1087 5.0908
v -19.7695 43.1087 3.8408
v -40.7612 46.2586 3.9684
v -39.5071 45.3781 4.5041
v -36.6930 45.5481 4.4374
v -35.3755 46.5985 5.5016
v -30.6398 46.7465 3.4552
v -29.2512 45.7019 3.5426
v -26.7508 44.5916 4.6185
v -24.7024 44.5259 5.6069
v -21.6065 45.5165 4.4670
v -20.2771 44.6217 3.5965
v -40.7612 47.2916 3.9684
v -39.2695 48.2215 4.6998
v -36.5340 48.2343 5.3020
v -35.0778 48.1087 5.4406
v -30.6398 47.0324 3.4552
v -30.3064 47.0324 3.4552
v -25.9786 49.0786 3.4654
v -24.3935 48.8282 4.3686
v -22.5143 47.8902 4.4722
v -38.2296 49.5845 3.7645
v -36.6987 50.0730 4.1377
v -34.1959 50.2033 4.6697
v -32.2152 51.1195 4.5229
v -25.9786 49.6393 3.4654
v -24.3725 50.2296 4.0947
v -22.7190 49.7339 3.6052
v -31.6278 53.1087 4.5229
v -24.2267 53.1087 4.5229
v -31.4724 55.7360 4.3843
v -29.1587 56.2560 4.3843
v -26.6987 55.6343 4.5229
v -24.7962 54.9842 4.5229
v -31.4608 58.1087 5.0862
v -29.9761 58.1087 5.0862
v -30.9754 59.4958 5.5050
v -30.3020 59.4958 5.5050
v 21.5842 -55.9176 7.7250
v 22.8173 -55.9176 7.7250
v 29.5443 -55.6434 8.2654
v 30.8013 -55.8740 7.9481
v 32.4132 -55.9495 7.8473
v 19.5230 -53.2221 8.1618
v 20.9483 -54.0528 7.1101
v 23.4212 -54.3973 6.7812
v 25.5734 -54.3586 6.8115
v 28.5471 -55.2570 7.2684
v 30.8013 -54.9982 6.6981
v 32.5019 -54.2666 7.0175
v 19.5230 -53.0509 8.1618
v 21.0079 -52.5792 7.2062
v 23.2183 -52.0296 6.5148
v 24.5881 -53.0606 5.8373
v 29.5095 -50.6862 6.0776
v 30.6297 -51.1257 6.9557
v 32.3431 -52.4631 7.0229
v 16.7635 -48.3151 8.0391
v 18.3013 -48.6393 7.6605
v 20.8013 -49.0768 7.4644
v 22.8134 -49.5956 6.9756
v 29.5095 -50.4672 6.0776
v 30.6297 -50.2484 6.9557
v 33.4724 -49.1364 7.1792
v 35.8013 -48.8514 6.7888
v 37.3236 -48.6157 6.4501
v 11.6578 -46.3209 7.7302
v 13.3013 -46.5088 7.5793
v 15.8786 -46.9275 7.7086
v 18.2340 -46.9961 6.5882
v 20.8013 -47.7111 6.2144
v 22.5722 -47.8097 6.1108
v 29.1061 -45.7434 8.1195
v 29.7214 -45.7434 8.1195
v 34.4198 -47.8058 8.1168
v 35.8013 -47.6871 8.0388
v 37.5044 -46.9792 7.1792
v 8.9919 -43.3629 6.1816
v 10.8092 -44.2953 6.9559
v 13.3013 -44.7210 6.3293
v 15.8275 -44.0570 7.0862
v 17.3644 -44.2282 7.0781
v 21.5736 -43.5748 7.9524
v 22.6987 -43.5748 7.9524
v 29.1061 -45.4684 8.1195
v 29.7214 -45.4684 8.1195
v 36.2776 -44.0049 7.0229
v 37.4134 -45.2549 7.0229
v 6.3890 -41.3257 6.5227
v 8.2156 -42.0519 6.8503
v 10.4792 -41.8913 7.8073
v 16.4656 -42.8848 7.0229
v 17.2142 -42.8848 7.0229
v 21.5736 -42.4984 7.9524
v 23.5570 -41.6045 6.8980
v 24.7738 -40.7106 5.8437
v 29.0345 -40.8811 6.4963
v 30.6197 -40.8804 7.3381
v 33.5105 -41.1921 7.2172
v 35.0276 -42.4011 7.0229
v 6.4281 -39.4703 7.2228
v 8.3013 -40.2056 8.0631
v 11.0578 -39.6575 7.8217
v 13.1395 -38.8099 6.9140
v 15.8013 -38.8424 6.2614
v 18.3013 -38.7349 6.1796
v 20.0093 -38.5069 6.1522
v 24.4153 -40.5222 5.8437
v 24.7738 -40.5222 5.8437
v 29.0345 -39.8921 6.4963
v 30.6197 -40.1840 7.3381
v 33.5955 -39.6898 7.3411
v 35.8013 -38.7274 6.3334
v 38.3013 -38.2047 5.8851
v 40.8013 -38.3264 6.2612
v 42.4215 -38.3227 6.2924
v 6.5895 -36.7097 6.8106
v 8.3013 -35.9120 6.0614
v 10.8144 -36.9917 6.8307
v 13.1897 -37.4073 6.9997
v 15.8511 -36.7756 7.5119
v 18.3013 -37.1878 7.4296
v 20.2283 -36.7441 7.0005
v 34.3744 -37.4770 8.1688
v 35.5750 -36.7427 7.4305
v 38.3013 -36.8913 6.7436
v 40.6112 -36.9651 7.6411
v 43.0393 -36.9651 7.0846
v 6.6581 -35.0253 7.5024
v 8.3013 -34.8783 7.3114
v 10.7893 -34.3439 7.8176
v 13.3392 -34.3252 7.4615
v 15.8511 -34.5146 7.3438
v 18.3013 -34.0101 7.6593
v 20.7198 -34.3210 7.0602
v 23.2282 -33.2847 7.1072
v 24.6765 -33.2716 8.1437
v 31.9300 -33.4635 7.6037
v 32.1678 -33.4635 7.6037
v 36.4029 -34.3913 7.7839
v 38.3013 -34.3913 7.3821
v 40.6112 -34.2380 7.6363
v 43.5229 -34.3360 6.9736
v 45.3075 -33.7027 6.1996
v 11.6862 -32.6415 7.8739
v 13.3013 -32.1892 7.4484
v 15.6067 -31.6795 7.1221
v 18.3013 -31.8913 6.8110
v 20.7327 -32.0491 7.5125
v 23.2697 -32.3612 7.0199
v 25.6264 -31.7681 7.7368
v 27.3292 -30.8526 8.1007
v 31.9300 -32.9392 7.6037
v 32.1678 -32.9392 7.6037
v 36.8362 -31.8913 7.8639
v 38.3013 -31.8913 7.4398
v 40.8013 -31.8913 7.3700
v 43.1658 -31.9027 7.6459
v 45.3696 -31.9027 7.0289
v 12.0193 -28.2272 8.2550
v 13.3013 -28.7954 7.8077
v 15.6067 -29.6130 7.5150
v 18.0830 -29.4003 7.5713
v 19.8536 -30.2397 7.7643
v 24.2071 -30.3770 6.0141
v 26.2608 -29.3410 6.9274
v 27.2420 -29.2564 6.9992
v 36.3619 -29.3460 7.0461
v 38.3658 -29.3460 6.6065
v 40.8013 -29.3913 7.4199
v 42.3025 -29.3913 7.9694
v 45.9363 -29.3913 7.0229
v 12.0193 -28.1232 8.2550
v 13.3013 -27.6695 7.8077
v 15.8013 -27.6288 7.7924
v 17.1041 -28.0689 8.2346
v 26.8735 -27.6001 7.5643
v 28.2311 -26.6942 6.9550
v 29.7087 -25.7883 8.0124
v 36.3517 -27.7784 7.0229
v 38.3658 -27.5694 6.8736
v 40.8013 -27.5512 7.5551
v 43.3667 -26.7348 8.1187
v 46.0042 -26.5302 7.0456
v 47.0885 -25.7479 5.8351
v 28.9796 -24.3913 6.6424
v 30.1821 -24.3913 7.8924
v 41.7098 -23.3813 7.8323
v 43.5520 -24.1858 7.2109
v 45.8013 -25.0625 6.4320
v 47.0885 -25.5206 5.8351
v 28.9963 -21.8913 6.3216
v 30.9615 -22.0242 7.4353
v 32.2726 -21.2794 7.8120
v 41.7098 -22.5411 7.8323
v 43.1860 -21.9630 7.0449
v 44.8962 -21.3850 6.2576
v 29.3297 -20.4761 5.9179
v 30.8013 -20.3603 6.1610
v 33.3332 -19.4327 7.0237
v 34.8748 -18.4335 6.2353
v 43.8735 -19.3531 7.0631
v 45.4134 -19.1892 7.2293
v 47.0690 -18.1628 8.2573
v 34.3938 -17.9806 7.9020
v 35.4855 -17.0449 7.0503
v 43.9410 -17.6976 6.2020
v 45.7276 -17.0619 7.2296
v 47.0690 -18.0928 8.2573
v 36.2527 -14.3913 7.0229
v 44.2934 -13.4217 6.1447
v 45.0441 -14.3095 6.9960
v 35.8848 -11.8913 7.0229
v 39.5340 -10.7089 6.3701
v 40.5957 -11.0476 7.1312
v 43.3966 -12.3751 6.9960
v 44.6868 -12.9214 7.8114
v 36.4237 -9.1853 6.9843
v 38.3549 -9.4233 7.0810
v 39.6253 -10.6320 8.0367
v 36.9289 -8.0749 7.7919
v 37.1759 -8.0749 7.7919
v -48.1577 13.9426 7.8075
v -46.6987 13.6147 7.4720
v -44.2606 13.7539 6.9114
v -41.6987 13.7229 7.0229
v -39.1987 13.2298 7.0229
v -36.7121 13.4487 7.0964
v -35.2757 13.9317 7.9788
v -48.2619 15.8390 6.9937
v -46.9337 15.8390 6.3105
v -44.7822 15.6087 6.1689
v -36.3776 15.5159 7.0964
v -35.2757 14.6208 7.9788
v -50.5488 19.2483 8.1018
v -49.0643 18.0875 7.4853
v -46.9203 17.9308 6.9327
v -44.7853 18.1087 6.2626
v -36.2807 17.6603 7.0229
v -34.0088 18.7476 7.2477
v -32.3010 18.9381 6.5643
v -56.0928 21.3725 7.6886
v -54.7959 21.3725 7.6886
v -50.8804 20.8569 7.1702
v -49.3661 20.8411 6.9420
v -46.9207 20.7447 6.7887
v -45.1395 19.9963 6.1287
v -33.0489 19.5891 8.2309
v -31.5601 20.1945 7.2477
v -30.3199 21.4806 7.0229
v -56.5302 23.1087 7.2249
v -54.0570 22.9926 7.0771
v -51.5917 22.8102 6.8342
v -49.3090 22.7064 5.8867
v -46.8832 22.9867 6.9091
v -44.9738 24.0991 8.0361
v -40.4699 24.3229 8.2661
v -40.4381 24.3229 8.2661
v -31.3310 23.3461 7.0229
v -30.3199 22.0961 7.0229
v -63.0826 26.6987 5.9515
v -61.6987 26.4035 6.2371
v -59.1987 26.1760 6.4454
v -56.9439 25.3911 6.8445
v -54.1987 24.5215 5.9663
v -51.6987 24.9777 6.1149
v -50.1245 24.9949 5.9913
v -45.8418 25.0979 8.0361
v -44.0451 25.9293 6.9353
v -41.6309 25.5628 7.0503
v -40.4381 24.3648 8.2661
v -33.6461 26.0796 7.0229
v -32.5810 24.8296 7.0229
v -63.0826 27.4035 5.9515
v -61.8479 28.1766 6.9157
v -59.0589 28.1133 7.6313
v -57.5400 28.1087 7.7657
v -52.9919 29.3354 5.8009
v -51.6987 29.0639 5.8144
v -50.3567 28.9890 5.8002
v -43.1165 27.0895 5.8345
v -42.7920 27.0895 5.8345
v -33.8977 27.9920 7.1739
v -32.4590 28.7476 6.4412
v -61.8450 30.6087 7.0229
v -58.2250 30.5924 6.9897
v -57.1182 30.5168 7.3105
v -53.9932 30.5025 6.8897
v -51.5913 30.7759 7.1295
v -49.4488 30.7491 6.7688
v -47.8402 31.4442 6.0707
v -41.1015 31.6850 7.4694
v -40.2104 31.6850 7.4694
v -33.8817 30.6087 7.7864
v -31.6549 30.5868 6.6449
v -29.1987 31.1628 6.6274
v -26.5183 31.2172 7.1953
v -25.1484 31.4127 7.0229
v -61.1505 33.0585 6.9185
v -59.1718 33.0109 6.8441
v -56.7437 33.0578 7.7315
v -54.1762 33.1148 7.5832
v -51.5913 32.9821 7.6293
v -49.2474 33.0199 7.8023
v -47.3747 33.1288 6.9516
v -41.1015 31.9915 7.4694
v -40.2104 31.9915 7.4694
v -35.5585 34.2845 5.8749
v -34.4011 33.3279 6.8321
v -31.7833 33.1663 7.4297
v -28.9640 33.2875 7.6423
v -27.2314 32.5734 8.1436
v -24.3416 33.1087 7.0229
v -60.8885 34.6160 7.6823
v -60.0260 34.6160 7.6823
v -56.1042 35.6087 7.4688
v -53.9548 35.8522 7.4060
v -51.7469 35.9593 7.0504
v -49.6409 35.7860 7.0295
v -45.9663 35.6534 6.8078
v -44.1987 36.1708 7.3422
v -42.1309 36.2837 7.8070
v -35.5585 34.5341 5.8749
v -35.2614 34.5341 5.8749
v -31.1704 35.6087 7.5035
v -28.9640 35.4029 7.5352
v -26.6987 36.1682 8.0358
v -24.4377 35.7622 7.2053
v -56.0885 38.1087 7.7700
v -53.9548 37.8632 7.5613
v -51.7469 37.7427 7.1310
v -49.8511 37.9150 7.2119
v -45.4930 36.9048 5.8311
v -44.1987 37.2501 6.0922
v -42.0365 38.1442 6.9934
v -33.0605 39.1153 6.1951
v -31.8326 38.3274 6.9829
v -29.2457 38.2671 6.4363
v -26.6715 37.9568 7.6701
v -24.0831 37.5718 7.2053
v -22.6621 38.8775 7.0229
v -55.8281 39.5640 8.1920
v -54.1653 40.4819 7.8075
v -51.7926 40.4425 7.7951
v -50.3044 39.4983 8.1713
v -41.1859 40.7120 7.0268
v -40.2552 41.6142 6.1962
v -33.0605 39.5674 6.1951
v -31.8666 39.9363 7.0262
v -29.2457 40.1607 6.8597
v -26.5255 40.8670 7.9051
v -25.3743 41.7926 8.2258
v -22.2924 40.6087 7.0229
v -53.3097 41.9880 8.0936
v -52.6884 41.9880 8.0936
v -40.7131 42.1373 7.8628
v -39.9081 43.0259 7.0268
v -25.8787 43.2169 7.2446
v -24.2050 43.1091 7.0115
v -22.6073 43.0010 6.7875
v -38.9407 45.5217 7.0555
v -36.5929 46.4478 6.9104
v -35.3755 46.5985 5.9102
v -26.0104 45.4590 7.1374
v -24.0009 45.4590 6.1696
v -22.8778 45.6087 5.8131
v -38.6427 47.4847 6.2439
v -36.5929 47.5196 6.9104
v -35.0473 48.2762 6.8552
v -25.7837 47.3609 8.0471
v -24.2088 47.9693 6.9246
v -22.9302 46.9111 5.8022
v -33.7518 49.9415 7.0229
v -32.4234 51.1915 7.0229
v -23.6429 50.6349 7.0953
v -22.7916 51.4857 7.9769
v -32.1552 53.1087 7.0229
v -23.4344 52.9864 7.0953
v -22.7916 52.0715 7.9769
v -32.5440 55.6087 7.0229
v -28.2986 56.2314 6.0537
v -26.6987 56.1393 6.4217
v -24.6314 55.6595 7.1234
v -33.0003 59.0579 7.9009
v -32.6555 58.1782 7.0497
v -28.9103 58.1279 6.9414
v -26.6987 57.2926 7.6717
v -25.2470 56.9885 8.0238
v -33.0003 59.4289 7.9009
v -31.7647 59.6269 7.0497
v -30.1383 59.6413 7.0229
v 21.5842 -55.9176 8.6489
v 22.8173 -55.9176 8.6489
v 29.5443 -55.6434 8.2774
v 30.8013 -55.8740 8.7063
v 32.4132 -55.9495 8.8463
v 19.5230 -53.2221 8.3127
v 20.7710 -54.1898 8.9530
v 23.3526 -54.7226 9.6530
v 25.8013 -54.9216 9.5229
v 28.6469 -54.4135 9.5002
v 30.8013 -54.3913 9.6493
v 32.5432 -54.3913 9.0583
v 16.5430 -51.2115 10.2853
v 18.6760 -52.1312 9.2990
v 20.8013 -52.4809 8.8409
v 22.3916 -51.6672 9.7034
v 29.4161 -53.1049 10.7230
v 30.7951 -52.0924 9.7348
v 32.3453 -52.7466 8.7467
v 16.3549 -49.2456 9.4803
v 18.5180 -49.9321 9.4803
v 20.8013 -50.1499 9.5229
v 22.3492 -50.5418 9.5229
v 31.4170 -50.1149 9.5229
v 33.1755 -48.8649 9.5229
v 11.7228 -46.1913 9.5229
v 13.1291 -46.3675 9.5768
v 15.8918 -46.7238 9.7431
v 17.1016 -45.6626 10.7067
v 21.7711 -45.9468 10.5797
v 22.2333 -45.9468 10.5797
v 29.0916 -45.8670 9.5229
v 29.7556 -45.8670 9.5229
v 34.4255 -47.8479 9.5229
v 35.6481 -46.7445 9.3485
v 37.2211 -46.2045 8.3990
v 11.5341 -44.3881 9.7239
v 13.0155 -44.3837 10.5687
v 16.3215 -44.4395 9.5558
v 17.1197 -44.4524 9.5163
v 21.6724 -44.5100 9.6451
v 22.4660 -44.5100 9.6451
v 29.0916 -45.3701 9.5229
v 29.7556 -45.3701 9.5229
v 35.8183 -44.5514 9.3485
v 37.2211 -45.4914 8.3990
v 11.7292 -41.8913 8.8658
v 12.2560 -41.8913 10.1158
v 17.0150 -43.1033 8.3259
v 17.1378 -43.1033 8.3259
v 21.5736 -42.4984 8.7105
v 22.6987 -42.4984 8.7105
v 29.4719 -40.7430 10.3647
v 30.6909 -40.8113 9.5891
v 33.1045 -41.5355 9.5973
v 34.7641 -42.8303 9.5229
v 6.9171 -38.6897 8.7200
v 8.3013 -38.9556 9.0513
v 11.2527 -39.3857 9.2066
v 12.3297 -39.7392 9.3780
v 29.4719 -40.5989 10.3647
v 30.6909 -40.5373 9.5891
v 32.7132 -39.5420 9.5973
v 6.6557 -36.8913 8.9630
v 8.3013 -36.8913 9.7336
v 10.8811 -36.8913 9.7221
v 12.7231 -36.8913 9.1508
v 16.7177 -35.8652 8.6541
v 18.3013 -35.9378 8.6169
v 20.8606 -35.7364 9.5400
v 22.2199 -35.6601 10.7296
v 31.9953 -35.7421 10.6265
v 33.3919 -36.6096 9.4678
v 34.5907 -35.8103 8.3091
v 41.3178 -36.1810 8.4738
v 42.6548 -36.1810 8.4738
v 6.6581 -35.0253 8.7459
v 8.6637 -34.3663 9.5158
v 10.5751 -34.6794 9.3038
v 12.5311 -35.1144 8.9387
v 16.7177 -35.4302 8.6541
v 18.3013 -35.2601 8.6169
v 20.7548 -34.7997 9.4392
v 23.2438 -34.3911 9.5949
v 25.6264 -33.8320 9.6368
v 27.2828 -33.4595 10.5462
v 31.8870 -34.3346 9.6851
v 33.1212 -34.3346 9.0571
v 35.1529 -34.3913 8.7379
v 41.3178 -34.9692 8.4738
v 42.6548 -34.9692 8.4738
v 9.2188 -31.8913 10.3644
v 10.8322 -31.8414 9.0737
v 13.3013 -30.9392 8.5116
v 14.6436 -30.7050 8.3784
v 21.1544 -32.0491 9.3852
v 22.6009 -32.9877 8.4601
v 26.3431 -32.5193 8.8795
v 28.1393 -31.7336 9.6369
v 31.1090 -31.9436 9.5421
v 33.1212 -32.0200 9.3131
v 35.5862 -31.8913 9.2603
v 43.9087 -31.0770 8.5901
v 44.8894 -31.0770 8.5901
v 9.5123 -30.3807 10.7378
v 10.8396 -29.3040 9.6117
v 13.3013 -30.0454 8.5116
v 14.6436 -30.5942 8.3784
v 18.6733 -28.7231 9.5229
v 20.1629 -29.9731 9.5229
v 26.7805 -28.6324 9.5229
v 28.2180 -29.8254 9.5457
v 30.8429 -29.4325 10.0772
v 33.3013 -29.3913 9.6175
v 35.1735 -29.3913 8.9530
v 43.5525 -29.3913 8.9778
v 45.3060 -29.3913 8.9778
v 6.3482 -26.4109 10.4188
v 8.3013 -26.6637 10.3965
v 10.7792 -27.1066 9.9953
v 13.3013 -26.7540 9.5229
v 15.7716 -26.2928 9.6253
v 17.4787 -27.0978 9.6253
v 26.7252 -26.8166 9.4939
v 28.3013 -25.9707 8.7069
v 30.7063 -26.5772 9.4458
v 33.3013 -27.3874 10.0050
v 35.6788 -27.3592 9.3773
v 38.0865 -26.2157 9.4268
v 40.8013 -26.3012 8.7132
v 43.3667 -26.7348 8.7495
v 45.2195 -27.3125 8.8955
v 6.3482 -24.8173 10.4188
v 8.3013 -24.6720 10.3965
v 9.8398 -25.1728 10.6251
v 16.5851 -25.5444 10.5270
v 17.2676 -25.5444 10.5270
v 26.8688 -25.4654 10.3079
v 28.3013 -25.2744 9.9569
v 30.8052 -24.6221 9.2941
v 32.6013 -23.9161 10.1049
v 38.7767 -25.0782 10.1961
v 41.1906 -24.3036 9.2849
v 42.7281 -24.3622 9.3253
v 31.9016 -22.9461 8.4383
v 32.8359 -22.0242 9.3721
v 41.7098 -22.5411 8.3805
v 42.6611 -21.7812 9.3374
v 33.3132 -19.3913 9.5229
v 43.6633 -20.1751 9.5229
v 45.8013 -19.0950 9.5229
v 47.1926 -18.3111 9.5229
v 33.9709 -17.0449 9.6569
v 35.8159 -16.1766 9.6423
v 37.4323 -16.0392 10.3717
v 44.3916 -15.7050 10.6415
v 45.8161 -16.3849 9.6941
v 47.1926 -17.7730 9.5229
v 34.3258 -15.4495 10.5796
v 35.8601 -14.8448 9.5877
v 38.2799 -14.3385 10.0093
v 40.8013 -13.4940 10.4466
v 43.4555 -14.2262 10.3055
v 44.9840 -14.3913 8.9895
v 36.5291 -11.8913 8.7132
v 38.3013 -11.8913 9.0695
v 40.5957 -11.6813 9.0172
v 43.3013 -12.4015 9.0371
v 44.6868 -12.9214 8.5263
v 36.6687 -9.3913 8.5255
v 38.1261 -9.6357 8.4804
v 39.6253 -10.6320 8.2818
v 36.9289 -8.0749 8.3517
v 37.1759 -8.0749 8.3517
v -48.1577 13.9426 8.5509
v -46.5746 13.6474 9.4397
v -44.1987 13.3551 9.5229
v -41.5941 13.8548 9.5839
v -39.1987 13.5749 9.2661
v -36.6987 13.4579 9.1643
v -35.2757 13.9317 8.6555
v -51.0883 16.6159 10.4747
v -49.1187 16.0404 9.4597
v -46.8791 15.6087 9.9484
v -40.6911 14.8300 10.4580
v -39.1987 14.7589 10.5161
v -36.9115 15.3542 9.7005
v -35.2757 14.6208 8.6555
v -51.3447 18.2924 9.5940
v -49.1917 17.9295 9.2070
v -47.1315 18.1383 9.4464
v -36.3929 17.7371 9.5229
v -34.6557 18.9871 9.5229
v -56.0928 21.3725 9.0088
v -54.7959 21.3725 9.0088
v -51.6392 20.6087 9.5229
v -48.5438 20.3083 9.5229
v -47.5293 20.3083 9.5229
v -33.4142 20.4970 9.4044
v -31.6987 21.3567 8.4622
v -30.4140 21.7923 8.3061
v -56.3401 23.2785 9.7145
v -54.0570 22.7745 9.7145
v -52.2488 22.4787 9.5229
v -45.8418 24.0991 8.6420
v -44.9738 24.0991 8.6420
v -40.4699 24.3229 8.3113
v -40.4381 24.3229 8.3113
v -33.1791 23.1087 9.8889
v -31.8933 22.8978 8.5857
v -30.4140 21.9239 8.3061
v -56.7622 25.6087 9.5229
v -45.8418 25.0979 8.6420
v -44.9738 25.0979 8.6420
v -40.4699 24.3648 8.3113
v -40.4381 24.3648 8.3113
v -33.7842 25.4074 9.4341
v -32.8563 24.4398 8.5417
v -60.8538 28.9496 8.8156
v -59.7990 28.9496 8.8156
v -56.8417 28.1087 9.5229
v -50.6274 29.1074 10.6108
v -50.1904 29.1074 10.6108
v -35.5710 29.1380 10.1381
v -35.0909 28.2263 9.3920
v -61.2101 30.6087 9.2394
v -59.0589 30.5081 9.4715
v -56.9160 30.8234 9.2937
v -54.9945 31.3489 8.6195
v -50.6569 30.6970 9.5805
v -50.1989 30.6970 9.5805
v -41.1015 31.6850 8.3940
v -40.2104 31.6850 8.3940
v -35.5710 29.7488 10.1381
v -35.1211 30.5928 9.3920
v -25.5647 31.8317 8.2869
v -25.4287 31.8317 8.2869
v -61.2362 33.1087 9.1658
v -58.8140 33.2941 9.8429
v -57.1262 32.7214 9.3871
v -54.9945 32.2856 8.6195
v -50.6864 32.0643 8.5503
v -49.0737 33.2063 9.1060
v -46.7998 33.9937 9.7290
v -44.1987 33.9129 10.3414
v -41.4428 33.1647 9.5199
v -40.2829 33.1560 9.5622
v -36.0002 33.6902 10.2651
v -34.4331 33.0308 9.4020
v -32.6730 34.0380 8.5390
v -27.9742 34.2400 8.2858
v -26.5183 33.2875 8.4304
v -25.1809 33.1087 8.4601
v -60.8885 34.6160 8.7175
v -59.2351 35.1833 9.5727
v -57.3542 35.6087 8.9642
v -52.9588 36.8479 8.2858
v -52.9436 36.8479 8.2858
v -48.2107 35.3703 9.3662
v -46.8425 35.4473 9.5641
v -44.1987 34.9208 9.0914
v -41.4580 35.5137 8.9635
v -39.9603 35.6087 10.1377
v -36.0068 35.6087 10.3562
v -34.1987 35.6087 9.6963
v -32.4204 35.6087 8.8629
v -27.9742 34.4323 8.2858
v -26.6987 34.9182 8.4593
v -25.1116 35.0311 8.5085
v -60.4612 39.2977 10.7657
v -59.3652 38.3221 10.0698
v -57.3385 38.1087 8.6494
v -52.9588 36.8662 8.2858
v -52.9436 36.8662 8.2858
v -48.7184 38.1665 9.3662
v -47.6511 37.3716 10.0951
v -40.7968 38.2555 9.2902
v -39.0862 38.3313 10.3364
v -36.5643 38.2291 10.4717
v -34.1987 38.1087 9.6939
v -32.5246 38.1087 8.7689
v -25.8200 38.6888 8.6288
v -24.1987 38.4191 8.9181
v -22.5806 38.7758 8.7772
v -63.1655 41.6066 10.5754
v -61.4562 40.7074 10.4576
v -59.1096 40.6312 10.1965
v -56.6347 40.5218 9.4575
v -54.9763 41.2306 8.7747
v -51.0218 41.1649 8.9062
v -50.0807 40.4425 9.6529
v -41.5002 40.6087 9.5229
v -38.2816 39.5351 10.7042
v -36.6987 39.9793 10.4322
v -34.1987 40.2892 9.9642
v -31.9197 40.7551 9.3343
v -29.1987 41.4481 8.6202
v -26.5255 40.8670 8.5247
v -24.4041 40.8191 8.9396
v -22.4854 40.6087 8.8394
v -63.1655 42.3333 10.5754
v -61.8197 43.1435 10.2010
v -59.5981 43.1087 10.2061
v -55.7746 41.9746 10.4414
v -54.1653 42.2608 9.5740
v -51.7926 42.2550 9.6529
v -50.2896 41.9649 10.5729
v -41.0767 42.5434 9.5229
v -39.0706 43.5474 9.4122
v -37.5249 43.7603 10.1717
v -31.0275 42.5539 10.2549
v -29.1987 42.9284 9.8702
v -26.4872 43.4366 9.4860
v -24.5496 43.1897 9.5376
v -22.6991 42.0958 8.5239
v -61.0671 44.7710 10.3380
v -59.8798 44.7710 10.3380
v -38.1518 44.6303 8.5051
v -36.7266 45.5647 9.4707
v -35.0637 46.4991 10.4362
v -25.9209 45.6087 9.1709
v -25.3254 45.6087 10.4209
v -35.7270 48.3452 9.5398
v -35.1689 48.3452 9.5398
v -25.7837 47.3609 8.8584
v -24.2978 48.2333 9.4962
v -22.5506 49.1056 10.1341
v -35.5934 50.6087 10.2960
v -34.3440 50.6748 9.0390
v -32.8060 51.5521 8.5189
v -23.2539 49.8190 8.4674
v -22.3301 50.6349 9.3896
v -35.5645 52.0609 10.5999
v -34.1987 52.3627 10.2027
v -32.0300 53.1308 9.5066
v -29.7839 53.9330 10.4943
v -26.0288 53.9810 10.5764
v -24.0756 53.4035 9.6550
v -22.4740 52.1980 9.5229
v -31.5490 55.6087 8.9388
v -29.0498 55.5095 10.1773
v -26.7968 55.5095 10.1622
v -24.8311 55.6087 8.9199
v -33.0003 59.0579 8.3333
v -31.8458 58.1782 8.6340
v -29.2884 58.1279 8.9695
v -26.6987 57.2926 8.9069
v -25.2470 56.9885 8.4987
v -33.0003 59.4289 8.3333
v -31.6987 59.5911 8.4744
v -30.1815 59.5985 8.4812
v 21.4948 -58.3419 13.0993
v 22.3310 -58.3419 13.0993
v 19.3861 -56.1188 13.1483
v 20.7174 -56.9278 12.9403
v 23.2191 -56.6594 12.9292
v 24.5876 -55.6714 13.1297
v 19.3861 -55.2296 13.1483
v 20.8396 -54.3943 12.8210
v 23.1532 -54.5770 11.8098
v 25.7754 -54.4736 12.2623
v 28.3026 -53.4040 11.9596
v 29.9041 -53.3951 12.5241
v 16.5700 -51.1821 12.0229
v 18.0075 -51.1821 12.0229
v 21.2549 -51.8913 12.3834
v 22.2042 -51.8913 11.1334
v 26.8299 -51.8913 12.7282
v 28.2094 -52.4114 11.9265
v 30.9062 -52.0166 11.8225
v 32.2323 -50.9282 12.7875
v 16.0150 -49.3913 12.0229
v 19.2575 -50.4325 12.0229
v 20.6259 -50.4403 11.7847
v 22.0852 -50.5847 10.7927
v 26.8442 -50.4356 12.7579
v 28.3748 -49.3139 12.9591
v 30.7898 -49.2657 12.1405
v 32.9069 -49.4601 11.9817
v 11.6600 -46.0042 12.0229
v 12.7459 -46.0042 12.0229
v 16.1577 -46.6541 11.7990
v 17.1016 -45.6626 10.8164
v 21.7711 -45.9468 10.9681
v 22.2333 -45.9468 10.9681
v 29.4411 -46.9481 12.0441
v 29.6624 -46.9481 12.0441
v 34.0328 -47.1078 12.0056
v 34.7126 -46.4188 11.1608
v 11.2763 -44.3881 11.8022
v 13.2191 -44.5497 11.5081
v 15.6017 -45.3528 11.7990
v 18.3041 -44.4281 12.0318
v 20.6800 -44.3413 12.1077
v 22.2333 -45.4451 10.9681
v 29.3836 -45.4526 10.9280
v 29.6536 -45.4526 10.9280
v 33.7843 -44.3913 12.4221
v 34.7388 -44.3913 11.1721
v 8.8085 -41.3598 13.0405
v 10.5894 -42.0724 12.4331
v 12.2560 -41.8913 11.1475
v 19.5066 -43.0928 13.2472
v 19.5890 -43.0928 13.2472
v 24.4223 -40.8506 13.1005
v 24.7280 -40.8506 13.1005
v 29.4719 -40.7430 10.8766
v 29.9126 -40.7430 10.8766
v 33.4770 -42.0501 11.8595
v 34.6401 -42.9892 10.9173
v 6.5524 -38.9308 12.5762
v 8.1056 -39.6150 12.4117
v 10.8060 -39.5617 11.6001
v 13.3691 -39.3475 12.2447
v 15.8013 -38.2253 12.9347
v 17.4005 -38.2083 12.8287
v 24.4223 -40.4705 13.1005
v 24.7280 -40.4705 13.1005
v 29.4719 -40.5989 10.8766
v 29.9126 -40.5989 10.8766
v 32.9537 -39.3913 12.0229
v 6.5524 -37.5982 12.5762
v 8.3875 -36.8154 12.3555
v 10.3162 -36.8913 11.3987
v 14.5460 -38.0812 13.2661
v 15.8013 -38.0515 12.9347
v 18.4708 -36.9047 13.0457
v 20.7999 -35.6940 12.0392
v 22.2199 -35.6601 10.8156
v 31.8732 -35.8510 12.0229
v 32.6115 -37.1010 12.0229
v 7.0326 -33.1943 13.2367
v 8.3793 -34.2723 12.2585
v 10.1468 -35.3503 11.2802
v 19.5411 -35.6176 13.2627
v 20.7028 -34.9169 12.0427
v 23.2852 -34.4872 11.8427
v 25.8013 -34.6806 12.0229
v 28.1902 -34.0915 11.9953
v 30.8509 -34.4751 11.9953
v 6.9934 -31.8913 13.1653
v 7.9688 -31.8913 11.9153
v 21.3284 -31.8913 11.3136
v 23.4308 -32.0247 12.3935
v 25.8013 -31.1683 12.8582
v 28.0175 -31.6598 12.1917
v 30.2881 -32.6146 11.1436
v 6.7055 -29.3913 12.6156
v 8.5279 -29.4849 11.2892
v 9.6600 -28.7140 10.8430
v 19.1612 -28.4853 11.3952
v 20.9244 -29.1833 12.0627
v 23.1282 -29.1853 12.3918
v 25.9413 -29.2294 11.6976
v 28.2509 -29.2907 12.3135
v 30.0373 -28.6266 11.3872
v 6.0515 -27.1030 11.8114
v 8.3013 -27.9137 10.8737
v 10.5832 -26.9432 11.0363
v 13.3013 -25.9758 11.2609
v 14.9184 -25.7438 10.9669
v 18.7960 -26.8913 11.4579
v 20.8911 -26.7314 12.8100
v 23.1282 -26.7314 13.0077
v 25.5269 -26.8913 11.7051
v 29.4161 -27.4968 13.0539
v 30.6550 -26.5980 11.9279
v 33.3851 -26.1953 11.7902
v 35.8013 -26.4010 12.0229
v 37.1519 -25.7521 12.0229
v 6.1034 -24.7467 12.0229
v 8.3013 -24.3101 12.0229
v 10.7244 -25.1503 12.0469
v 13.3885 -24.4996 12.5429
v 15.8533 -24.7254 12.0195
v 18.1811 -25.1835 11.9475
v 20.8013 -25.1773 12.8525
v 23.3013 -25.6182 13.2458
v 25.9418 -25.3055 12.2621
v 28.3013 -24.9604 12.0229
v 30.5841 -25.3912 11.7902
v 32.8003 -24.6062 11.7902
v 38.2823 -24.3035 12.0887
v 40.9306 -23.6559 12.0887
v 42.5110 -23.5819 12.0229
v 14.1966 -21.8913 12.9903
v 15.5499 -21.8913 12.9903
v 33.7883 -21.7909 12.0311
v 35.8013 -21.3762 12.6084
v 38.2019 -22.0796 12.7146
v 40.1825 -21.8913 12.9372
v 43.0579 -21.8913 12.0229
v 14.3497 -20.3305 13.0968
v 15.3125 -20.3305 13.0968
v 33.7072 -19.4485 12.0311
v 35.8812 -19.4485 12.5264
v 38.4763 -19.2843 12.6838
v 40.5430 -19.2922 13.0809
v 43.2492 -19.4924 12.1975
v 45.8013 -18.7741 11.3598
v 47.2220 -18.3462 10.9627
v 33.0733 -16.8913 12.0229
v 36.6516 -16.9538 11.9985
v 37.5960 -16.9538 11.9985
v 41.4482 -16.8913 12.9738
v 43.4555 -16.6795 11.8892
v 45.8013 -17.2321 11.3598
v 47.2220 -17.6987 10.9627
v 33.9057 -14.9959 12.0229
v 35.8378 -14.3777 12.1204
v 38.2799 -14.3385 11.5583
v 40.9443 -14.2098 12.0855
v 42.7249 -14.9495 11.4508
v 36.8069 -13.0660 13.1585
v 38.3013 -12.8259 12.7725
v 39.9156 -12.7960 12.7201
v -48.4606 11.4487 13.0599
v -46.6987 11.3474 13.0198
v -45.2941 11.5870 13.1483
v -48.3844 13.1087 13.0537
v -46.5746 13.2426 12.0228
v -44.3560 12.7369 12.1981
v -42.0626 13.7266 12.0229
v -51.0883 16.6159 11.3237
v -49.1505 16.0404 12.2953
v -46.8791 15.6087 11.7740
v -40.8126 14.9772 12.0229
v -39.1987 15.2554 12.0229
v -37.4296 15.8868 12.0229
v -51.7435 17.9402 12.1033
v -49.1938 17.6312 12.0626
v -47.2010 18.1087 11.3669
v -36.1570 18.2069 12.1051
v -35.1245 19.1057 11.3266
v -55.7836 21.7515 12.7578
v -55.1998 21.7515 12.7578
v -51.9971 20.6087 12.0229
v -48.1189 20.1571 10.9840
v -47.7545 20.1571 10.9840
v -35.6547 19.5740 12.9932
v -34.6246 20.4879 12.1051
v -58.1222 23.9830 12.9696
v -56.4713 23.2707 12.0304
v -54.2994 22.9052 11.9638
v -52.1083 22.6421 12.0229
v -35.7059 24.0054 12.9944
v -34.4035 23.1468 12.1058
v -58.3494 25.6087 12.9425
v -57.0194 25.6087 11.6925
v -43.0624 26.5780 13.1540
v -42.7591 26.5780 13.1540
v -35.7059 24.7556 12.9944
v -34.6976 25.5969 12.1058
v -61.2721 28.6667 12.6211
v -59.1652 27.9435 12.6407
v -57.2504 28.1087 11.7215
v -50.6274 29.1074 11.5976
v -50.1904 29.1074 11.5976
v -45.5394 29.3400 13.2641
v -44.2470 28.1518 13.2090
v -42.7591 26.9637 13.1540
v -35.7643 29.0539 12.0229
v -35.0293 27.8039 12.0229
v -61.2987 30.6087 12.3431
v -59.1987 30.6087 11.5704
v -57.5443 30.6087 11.2501
v -50.6274 29.6734 11.5976
v -50.1904 29.6734 11.5976
v -45.5394 29.3744 13.2641
v -45.4316 29.3744 13.2641
v -35.7643 29.8929 12.0229
v -35.2487 31.1429 12.0229
v -60.7729 33.1087 12.6560
v -59.0867 32.9725 11.3199
v -57.8912 32.0484 10.8405
v -47.9763 34.3473 10.9422
v -46.6987 34.1898 10.9951
v -44.1265 33.9254 11.8491
v -41.6987 33.4794 12.0229
v -39.3927 33.8099 12.1001
v -36.7796 33.4030 12.1001
v -35.2487 32.1022 12.0229
v -60.7150 35.6087 12.6514
v -59.8918 35.6087 11.4014
v -47.9763 34.3781 10.9422
v -46.7702 35.3703 11.2476
v -44.1265 35.6368 12.5484
v -42.7783 36.4888 13.1102
v -38.7103 35.6087 11.2617
v -37.2568 35.6087 11.2617
v -60.9076 38.3221 11.9165
v -60.3096 37.6311 11.0122
v -48.4722 39.0383 11.2319
v -46.7702 38.1665 11.6631
v -44.1987 38.1087 12.2110
v -41.6996 38.2294 12.0526
v -39.1218 38.2981 11.5328
v -37.3080 37.4759 10.8793
v -63.2302 41.4455 12.0229
v -62.0977 40.1955 12.0229
v -58.2169 41.4795 11.4545
v -57.4413 41.4795 11.4545
v -48.8470 40.6087 11.4248
v -46.6354 40.6352 12.6123
v -44.2928 40.6352 12.3950
v -42.2575 40.6087 11.1531
v -38.5323 40.4645 12.0539
v -36.6987 41.2293 11.2520
v -34.1987 41.5392 11.4617
v -32.6942 41.6150 11.5208
v -63.2302 42.4801 12.0229
v -61.8197 43.8384 12.2600
v -59.0483 43.1258 12.3530
v -56.6443 42.4645 12.1819
v -54.4456 43.6816 12.0988
v -51.6037 43.4742 12.0988
v -49.3645 42.9925 12.1272
v -47.4190 43.1087 12.8044
v -43.5222 42.3218 12.7243
v -41.7924 42.9934 11.9437
v -39.0553 42.8566 12.0539
v -36.5843 43.1011 11.9256
v -34.1987 42.3187 12.7117
v -31.6395 43.0547 12.1601
v -29.1987 44.1784 11.1847
v -26.6987 44.2256 10.9970
v -25.3915 44.2835 10.8824
v -61.0671 44.7710 11.5847
v -59.8798 44.7710 11.5847
v -53.8377 45.6087 12.9222
v -52.2235 45.6087 12.9222
v -48.4394 44.4883 13.0714
v -47.7646 44.4883 13.0714
v -35.9021 45.2287 12.0229
v -34.2177 46.5311 12.2271
v -31.5304 45.8351 12.7647
v -29.1514 45.6985 12.4240
v -26.6987 45.2068 12.2470
v -25.2461 45.6975 11.8386
v -53.2788 48.1087 13.1072
v -52.6026 48.1087 13.1072
v -35.5259 49.1360 11.0671
v -34.2177 48.2251 11.8855
v -31.6987 48.1087 12.6968
v -29.1514 48.0516 12.6309
v -26.6987 48.5744 12.6142
v -24.4752 48.1319 11.9556
v -22.5506 49.1056 11.1082
v -53.0316 49.4007 13.2293
v -52.8792 49.4007 13.2293
v -35.6791 50.5752 11.9494
v -34.1987 49.6643 12.8458
v -31.6987 49.6529 12.9769
v -29.1987 49.8897 12.6933
v -26.7298 50.5761 12.4257
v -24.1987 50.6087 11.7486
v -22.2933 50.6087 11.2513
v -35.6788 52.5178 12.0229
v -34.2971 53.6679 12.1317
v -31.6987 53.7668 11.4538
v -29.7839 53.9330 11.0827
v -26.4876 53.1321 11.9526
v -24.1987 52.3802 11.2245
v -22.4729 52.0984 11.0754
v -33.5293 54.4882 13.0376
v -31.6987 54.9162 12.7038
v -29.0498 55.0274 11.9588
v -27.6459 54.7341 12.0229
v 21.0384 -58.4600 14.5229
v 22.4948 -58.4600 14.5229
v 19.2102 -56.5981 14.5229
v 19.7884 -57.8481 14.5229
v 23.7035 -56.6594 14.2968
v 24.5876 -55.6714 13.3127
v 19.1088 -54.3943 14.4439
v 20.0317 -53.5629 13.5579
v 24.2137 -54.9378 14.9794
v 25.0919 -54.2192 14.2968
v 28.8558 -53.3951 13.6172
v 29.9041 -53.3951 13.6172
v 14.4552 -50.7417 15.6553
v 15.9712 -50.9089 14.7023
v 18.4085 -51.6474 14.3730
v 20.0049 -51.8913 13.6730
v 26.4459 -51.8525 14.4815
v 28.0670 -51.5065 14.5123
v 30.7630 -51.8135 13.9832
v 32.2323 -50.9282 13.5790
v 14.4238 -49.3913 15.6244
v 15.4197 -49.3913 14.3744
v 19.2150 -50.5423 13.5214
v 19.6757 -50.5423 13.5214
v 26.8442 -50.4356 13.6206
v 28.4474 -49.6457 14.2283
v 30.6233 -49.1718 13.9010
v 32.5230 -49.3913 13.6580
v 11.5741 -46.0713 13.8042
v 13.6495 -46.5399 14.5776
v 14.9578 -46.8913 13.9077
v 21.7355 -46.3777 15.4793
v 23.3013 -46.3068 15.2068
v 24.7315 -45.7922 15.3116
v 29.4193 -47.9389 14.5229
v 30.8092 -47.1731 14.5501
v 32.6803 -46.8913 13.9387
v 8.7934 -43.8616 15.0423
v 10.5944 -44.5773 14.4232
v 13.5362 -45.4512 14.4186
v 14.6353 -45.6094 13.3664
v 19.5066 -43.2375 13.3257
v 20.6623 -44.3563 14.4025
v 23.3013 -45.2300 15.2068
v 24.7315 -45.2591 15.3116
v 31.9472 -45.3767 15.6199
v 32.7703 -44.4826 14.6811
v 6.9227 -41.3305 15.0928
v 7.9676 -42.1785 14.2343
v 9.6148 -43.0265 13.3757
v 19.5066 -43.0928 13.3257
v 19.5890 -43.0928 13.3257
v 24.3934 -40.9458 14.5229
v 24.7475 -40.9458 14.5229
v 31.9813 -40.7237 15.7448
v 32.7565 -41.6907 14.7560
v 6.6472 -39.6150 14.3648
v 7.1418 -40.5975 13.4262
v 14.5460 -38.1863 13.2801
v 15.8013 -38.2253 13.4346
v 17.4005 -38.2083 13.4813
v 24.2871 -39.5388 14.6584
v 24.7774 -39.5388 14.6584
v 31.9813 -40.6289 15.7448
v 33.2629 -39.4788 14.8227
v 34.6289 -38.3287 15.5672
v 6.6426 -37.6415 14.5229
v 7.6935 -36.3915 14.5229
v 14.5460 -38.0812 13.2801
v 15.8013 -38.0515 13.4346
v 18.4708 -36.9047 13.3895
v 19.5709 -35.7278 13.2976
v 24.2018 -36.8913 15.4868
v 24.8500 -36.8913 15.4868
v 31.8699 -35.8200 13.3723
v 33.2871 -36.9154 14.4698
v 34.6289 -38.0108 15.5672
v 7.0326 -33.1943 13.7223
v 7.6003 -34.1731 14.5425
v 19.5411 -35.6176 13.2976
v 19.5709 -35.6176 13.2976
v 24.3328 -34.4866 14.5464
v 25.3869 -34.5983 14.4838
v 28.4124 -34.0310 14.4400
v 30.9425 -34.7860 14.3326
v 32.4675 -35.1087 15.0390
v 6.9934 -31.8913 13.7117
v 7.6993 -31.8913 14.9617
v 24.3506 -32.9469 13.5106
v 26.1804 -31.8147 14.2262
v 27.3694 -31.6908 14.2662
v 6.7055 -29.3913 13.6682
v 8.5345 -29.6179 14.9318
v 10.0133 -28.9357 15.5107
v 21.7843 -28.2146 13.4290
v 22.1795 -28.2146 13.4290
v 26.4743 -29.3913 15.0348
v 27.6007 -29.3913 13.7848
v 6.3289 -26.8913 13.7198
v 8.3013 -26.8913 14.1935
v 10.8285 -26.8650 14.9231
v 12.2888 -26.0142 15.3917
v 21.7095 -26.7800 14.2007
v 22.8205 -26.8609 14.0780
v 25.8090 -26.9823 14.8715
v 28.4702 -26.7546 13.8799
v 29.6060 -25.8301 13.3100
v 34.2744 -25.9032 13.6961
v 35.8013 -25.9022 13.7471
v 37.1267 -25.7273 13.4819
v 6.4906 -25.2725 13.4773
v 8.3013 -25.2795 13.4715
v 10.8013 -25.3789 13.6573
v 12.8339 -24.4996 14.5442
v 16.7882 -23.9063 13.4954
v 18.2754 -24.0139 14.4064
v 20.8013 -25.0424 14.2926
v 23.3013 -25.6182 13.3148
v 25.8013 -25.3535 13.5404
v 28.3013 -25.3273 13.5509
v 29.6060 -25.5963 13.3100
v 33.8251 -24.3913 14.0351
v 35.8013 -24.3913 14.3366
v 37.2961 -24.3913 13.5744
v 41.8501 -23.1936 13.3284
v 42.1306 -23.1936 13.3284
v 13.7787 -21.8913 14.5229
v 16.7999 -21.8913 13.4730
v 17.6392 -21.8913 14.7230
v 33.8600 -22.5573 13.8659
v 35.8013 -22.6262 13.8624
v 37.3023 -23.0385 13.4658
v 41.4325 -21.8913 13.4951
v 42.3616 -21.8913 13.4951
v 14.2286 -20.1451 14.5229
v 16.0080 -20.0307 14.2994
v 17.4617 -20.2851 14.9838
v 34.0258 -18.6533 13.6699
v 35.1012 -18.6533 13.6699
v 39.4263 -18.3796 13.3315
v 40.5430 -19.2922 13.4225
v 42.3858 -20.2047 13.5136
v 33.6807 -16.8913 14.0058
v 35.8812 -16.9775 14.3586
v 38.4763 -16.9775 14.2023
v 40.1982 -16.8913 13.8105
v 33.9160 -14.9726 13.8531
v 35.9046 -14.2401 14.2460
v 38.3013 -14.3913 15.1222
v 40.3909 -14.3913 14.3409
v 36.8069 -13.0660 13.4823
v 38.3013 -12.8259 14.0043
v 39.9156 -12.7960 14.0387
v -48.8518 11.1754 14.5229
v -46.6987 10.7190 14.5229
v -45.2508 11.4024 14.5229
v -49.3508 13.1087 14.5229
v -44.0928 13.0725 14.5841
v -42.3582 13.8816 13.7915
v -50.9642 16.6370 15.4393
v -49.6589 15.7257 14.5727
v -43.4528 15.1627 15.4582
v -41.8055 15.7708 14.5645
v -39.1987 16.1052 13.8885
v -37.5012 16.3339 13.6958
v -53.4566 18.6140 15.0377
v -51.9221 17.8042 14.4052
v -50.1337 16.9945 13.7727
v -41.2529 17.2363 15.3374
v -39.1675 18.0853 15.0516
v -37.1425 18.1087 13.9479
v -55.7836 21.7515 13.5085
v -54.2294 21.0985 14.3835
v -52.5951 20.6087 13.7898
v -38.3134 20.0775 15.4166
v -36.7522 20.6591 14.5597
v -35.0661 21.2407 13.7029
v -60.7550 23.9902 15.4715
v -59.0528 23.8792 14.5920
v -56.6787 23.3100 14.6135
v -54.3386 22.7620 14.6753
v -52.5460 22.2998 13.8639
v -36.0979 23.1468 14.5309
v -35.0661 22.3388 13.7029
v -60.7379 25.6087 15.3193
v -59.5994 25.6087 14.0693
v -55.9071 24.4263 15.7185
v -54.1943 25.6101 15.7015
v -52.7891 26.7939 15.6844
v -43.1231 26.5899 14.5229
v -41.8349 26.4929 14.5300
v -40.1260 26.6075 15.3680
v -35.8750 25.5969 14.5861
v -35.1821 26.4223 13.7949
v -61.2485 27.9435 14.5909
v -59.9761 27.0001 13.8029
v -53.0107 26.9678 15.6844
v -52.7891 26.9678 15.6844
v -45.9955 29.2319 14.5229
v -44.2391 28.1161 14.5229
v -41.8349 27.1179 14.5300
v -40.1260 27.1019 15.3680
v -35.7795 28.1252 14.4281
v -35.0633 28.1252 14.4281
v -61.7195 30.6087 14.5229
v -46.0548 30.3682 14.6127
v -44.5531 30.5075 14.7316
v -42.7515 31.6405 15.6238
v -35.7472 29.6809 13.3945
v -35.0031 30.5520 14.3459
v -60.9265 33.1087 14.5229
v -55.6514 34.0537 15.2254
v -55.2090 34.0537 15.2254
v -45.7298 32.0788 15.5060
v -43.7900 33.0409 14.5845
v -42.1499 33.0356 14.6524
v -39.1987 33.7014 14.0872
v -36.6969 33.4489 14.4894
v -35.2698 32.1595 14.5229
v -60.7954 35.6087 14.5229
v -55.6514 34.6059 15.2254
v -55.2090 34.6059 15.2254
v -43.2450 34.8221 13.4159
v -41.8849 35.4782 14.5401
v -39.1987 34.5526 15.3372
v -37.5291 34.5084 15.3005
v -60.9199 37.9061 14.5934
v -59.7892 38.6044 15.4738
v -41.4353 38.1067 14.5650
v -40.0774 38.9387 13.7597
v -63.1072 41.5599 13.4086
v -61.7604 40.6794 13.8812
v -59.0530 40.4111 14.8314
v -57.3348 41.1126 14.9923
v -45.9745 41.3020 14.5229
v -44.2928 41.2155 14.6417
v -41.7119 40.6609 15.1404
v -39.6785 40.6087 13.8962
v -63.1072 42.2126 13.4086
v -61.6987 42.7274 13.6326
v -59.1987 42.5094 13.5703
v -56.4272 43.1389 14.1410
v -55.4435 44.3560 13.2898
v -50.7071 44.0200 13.8469
v -49.3725 44.0261 14.5585
v -47.2589 43.1629 14.4712
v -43.5222 42.3218 13.8876
v -41.6987 42.8014 13.9921
v -39.7931 42.6526 13.6171
v -35.6437 44.1086 13.4600
v -33.9742 43.6907 14.3851
v -32.3818 43.7113 14.5229
v -55.5197 44.5456 14.9564
v -54.9999 45.4708 14.2830
v -50.9735 45.6087 13.9502
v -49.3989 45.1285 14.5159
v -47.7646 44.4883 13.6034
v -35.6437 45.0451 13.4600
v -33.9742 45.2720 14.3851
v -32.3818 44.9856 14.5229
v -28.2865 46.5916 13.4189
v -26.6987 46.4568 13.5179
v -25.2754 46.5899 13.4536
v -53.7993 48.1087 14.5229
v -51.5901 48.1078 14.4703
v -50.1516 47.2739 15.2686
v -28.2865 47.1801 13.4189
v -26.6987 47.3244 13.5179
v -25.2754 47.1582 13.4536
v -53.1064 49.4387 14.5229
v -52.7945 49.4387 14.5229
v -35.6397 51.3863 13.5285
v -34.1987 50.9143 13.7807
v -31.6987 50.9029 14.0267
v -29.1987 51.1397 13.9890
v -27.5839 51.3876 13.6440
v -35.6397 52.5353 13.5285
v -34.2971 53.2646 13.8709
v -31.4535 53.3545 15.0678
v -29.4436 53.3545 15.0572
v -27.5622 53.1087 13.8155
v -33.5293 54.4882 13.5925
v -31.4535 54.8069 14.4647
v -29.4436 54.8788 14.4843
v -27.7981 54.6080 13.6252
v 21.2573 -58.3656 15.9717
v 22.3629 -58.3656 15.9717
v 19.2617 -56.4395 16.3361
v 20.5749 -57.1202 16.6369
v 22.6568 -56.8913 16.4305
v 19.1221 -54.3913 16.7136
v 20.8013 -54.3913 17.7132
v 23.2491 -54.2149 17.2726
v 25.1906 -53.5017 17.0229
v 14.4552 -50.7417 16.2947
v 15.6156 -51.0425 17.0860
v 18.3817 -52.4419 17.1875
v 20.8013 -52.9656 18.0322
v 22.2844 -52.9742 18.0943
v 26.4406 -52.5562 17.0229
v 27.4436 -51.3062 17.0229
v 11.4620 -48.3847 17.9963
v 13.6589 -48.9599 17.0636
v 14.7892 -49.3913 17.6140
v 28.7912 -49.4156 16.8391
v 30.0248 -48.5984 17.5498
v 9.4926 -45.8232 17.9346
v 10.6977 -46.7505 17.5697
v 13.5601 -47.3618 16.9582
v 14.7613 -47.9892 17.7058
v 21.7355 -46.3777 16.0166
v 23.3013 -46.3068 16.4194
v 24.7315 -45.7922 16.3912
v 29.4280 -47.9568 15.8832
v 30.9860 -46.9907 16.7054
v 33.3013 -46.0218 17.5437
v 34.6959 -45.7652 18.0459
v 6.9815 -43.2805 17.6562
v 8.3097 -44.4044 16.9621
v 10.8013 -45.2952 16.3513
v 12.5579 -45.2929 16.0490
v 17.0357 -43.1816 18.1674
v 18.3013 -43.2664 18.1346
v 20.8462 -44.3714 17.1052
v 23.3013 -45.2300 16.4194
v 24.7315 -45.2591 16.3912
v 31.9472 -45.3767 15.8610
v 33.3839 -44.4826 16.2228
v 35.0648 -44.3913 17.5191
v 6.7307 -42.0548 16.9029
v 7.1268 -42.9972 15.9895
v 17.0357 -43.1131 18.1674
v 18.3013 -43.0748 18.1346
v 20.9747 -42.0609 18.2032
v 23.2989 -40.9395 17.0443
v 24.6362 -40.8380 15.8760
v 31.9813 -40.7237 15.7867
v 33.3839 -41.6907 16.2160
v 35.0177 -41.8913 17.5664
v 6.7450 -39.2778 16.8990
v 7.1815 -38.3689 17.6497
v 21.9925 -40.5927 18.2125
v 23.3794 -39.9062 16.9815
v 24.7014 -39.3913 16.0583
v 31.9813 -40.6289 15.7867
v 33.5946 -39.5749 16.8599
v 34.6311 -39.4034 17.0342
v 7.0053 -38.0179 15.9831
v 7.3351 -37.0673 16.8990
v 24.2018 -36.8913 16.0780
v 25.7378 -36.3973 16.8972
v 27.2341 -35.7386 17.9895
v 31.7110 -36.0732 18.0669
v 33.2266 -37.0420 17.0132
v 34.6289 -38.0108 15.9594
v 8.2922 -34.1965 17.1557
v 10.8013 -33.7086 17.6988
v 12.3178 -33.8058 17.7026
v 24.3151 -35.5095 15.9023
v 25.8779 -35.5256 16.9459
v 28.3300 -34.4557 17.4371
v 30.8471 -34.7217 17.1493
v 32.4675 -35.1087 16.4002
v 8.9493 -31.8913 16.2624
v 10.8013 -31.8913 16.8792
v 12.6761 -31.8913 17.6396
v 22.0445 -30.6612 18.2541
v 22.0556 -30.6612 18.2541
v 26.7252 -30.9856 17.0229
v 27.9020 -32.2356 17.0229
v 9.5233 -30.6024 15.7875
v 10.8285 -29.6179 16.3268
v 13.3912 -29.3664 17.7404
v 15.8013 -28.4733 18.1317
v 18.3013 -28.4355 18.0121
v 21.1555 -29.5233 18.1191
v 22.0556 -30.5806 18.2541
v 26.5481 -29.2549 17.2273
v 27.0683 -28.3306 18.1970
v 11.8229 -26.6835 17.1606
v 12.7925 -26.4229 17.2997
v 15.8808 -27.0913 18.0151
v 18.1131 -27.0913 17.7317
v 20.9506 -27.0278 17.0180
v 23.1607 -26.6461 16.9853
v 25.8090 -26.9823 16.7698
v 27.2542 -26.8913 18.0035
v 11.9659 -25.5786 18.1990
v 13.1147 -24.9001 17.1813
v 15.8808 -24.5460 17.5137
v 18.1229 -24.5388 16.9331
v 19.9680 -25.2618 16.0520
v 23.9380 -24.3913 17.8371
v 25.6347 -24.4561 17.7544
v 27.3048 -25.3326 17.9896
v 14.1334 -21.8913 16.1438
v 15.8013 -21.8913 16.7335
v 17.6392 -21.8913 16.3626
v 24.3846 -23.0634 18.1712
v 24.6903 -23.0634 18.1712
v 14.3226 -20.2905 15.9993
v 15.8013 -20.1111 16.2514
v 17.4617 -20.2851 16.1845
v -48.6410 11.3577 16.1982
v -46.6987 11.2303 16.2186
v -45.3394 11.5219 15.9418
v -48.8596 13.2254 17.0281
v -46.7358 13.2254 17.4011
v -45.1198 13.1087 16.2391
v -51.3567 16.5259 17.0229
v -49.8181 15.2759 17.0229
v -45.9273 14.7699 17.8923
v -44.2511 15.1243 17.0445
v -42.5641 16.2573 17.0229
v -53.6742 18.2203 17.0229
v -52.6067 16.9703 17.0229
v -41.3141 17.6570 17.0229
v -39.6531 18.9070 17.0229
v -58.2539 21.2668 17.9630
v -56.6987 21.0800 17.7429
v -54.0460 21.0441 17.4481
v -52.8894 21.7995 18.1368
v -43.1035 21.4228 17.7965
v -42.7946 21.4228 17.7965
v -38.4031 20.0367 17.0229
v -36.8894 21.3638 17.1876
v -35.3325 21.7967 18.1308
v -60.8473 23.9012 17.0229
v -59.1318 22.9597 17.0869
v -56.7237 23.3257 16.3966
v -54.1150 22.5918 17.0072
v -52.8894 21.9025 18.1368
v -48.5167 24.1820 17.8609
v -47.6777 24.1820 17.8609
v -43.1035 22.1246 17.7965
v -42.7946 22.1246 17.7965
v -36.0673 23.1087 16.3227
v -34.3790 23.1734 17.4296
v -32.7292 24.0499 17.8010
v -61.1976 25.6087 17.0229
v -55.9071 24.4263 15.8524
v -54.1943 25.6101 15.8763
v -52.7891 26.7939 15.9002
v -48.5167 24.5770 17.8609
v -47.6777 24.5770 17.8609
v -43.0675 26.7810 15.9598
v -41.6987 26.6120 16.2814
v -40.1260 26.6075 16.2640
v -35.7888 25.6087 15.9527
v -33.9540 25.8471 17.1336
v -32.7292 25.1726 17.8010
v -61.3971 28.1087 17.0229
v -53.0107 26.9678 15.9002
v -52.7891 26.9678 15.9002
v -46.0871 29.2083 16.1047
v -44.2043 28.0754 16.0322
v -41.6987 27.1039 16.2814
v -40.1260 27.1019 16.2640
v -35.8117 27.0773 15.9708
v -34.5298 27.9899 16.8916
v -61.3900 30.6087 17.0229
v -46.1383 30.6087 16.2042
v -44.3842 30.7278 16.3555
v -42.7515 31.6405 16.1687
v -36.0660 31.4002 17.6161
v -34.9674 30.5836 16.8788
v -60.7677 33.2404 16.9398
v -60.1915 34.1615 17.7177
v -55.6514 34.0537 16.3209
v -55.2090 34.0537 16.3209
v -45.7298 32.0788 16.0162
v -44.1987 32.1484 16.2523
v -42.7515 32.0249 16.1687
v -36.5590 33.0035 16.8788
v -35.3536 32.1000 15.9494
v -60.5291 35.6087 16.0006
v -59.2944 35.5638 17.0430
v -56.2499 35.6440 17.1327
v -55.2190 35.6873 17.2861
v -41.0064 36.0138 17.0229
v -39.1987 34.8832 17.0229
v -37.6236 34.4781 17.0229
v -60.4817 36.9378 15.7983
v -59.0530 37.9061 15.9543
v -56.6987 38.1087 17.0779
v -54.3169 37.9137 17.9317
v -51.6987 38.5283 17.8969
v -49.1987 38.9773 17.9843
v -47.7472 39.2157 18.0243
v -41.6197 38.1087 17.0229
v -58.1225 39.4459 15.9033
v -56.5803 40.4111 16.6051
v -54.2833 40.6446 17.8079
v -51.4978 40.6446 17.9453
v -49.1987 40.6087 17.5988
v -46.7625 40.9860 17.0551
v -44.1987 41.3341 16.2487
v -42.0154 40.6609 16.9276
v -58.0882 44.1917 18.2040
v -56.5469 43.5729 17.1743
v -54.2833 42.9935 17.5551
v -51.4978 42.9935 17.5678
v -49.3628 43.1629 16.5072
v -46.5511 42.7902 17.0905
v -44.1987 43.1087 17.2209
v -42.1810 43.1087 17.6879
v -32.9913 44.2987 15.7968
v -32.8901 44.2987 15.7968
v -58.0882 44.5225 18.2040
v -56.6202 44.5340 17.1052
v -54.2887 45.4708 16.4848
v -51.6987 45.6087 16.8628
v -50.1185 45.6087 16.1481
v -45.5872 44.5319 18.1069
v -44.1987 44.6484 17.9950
v -42.6316 44.5719 18.0684
v -32.9913 44.4007 15.7968
v -32.8901 44.4007 15.7968
v -53.4692 48.1087 16.1908
v -51.8670 48.1078 16.3647
v -50.1516 47.2739 16.2020
v -53.0760 49.4234 15.8420
v -52.8126 49.4234 15.8420
v -30.4567 54.3516 15.7744
v -30.4403 54.3516 15.7744
v -30.4567 54.3623 15.7744
v -30.4403 54.3623 15.7744
v 19.3613 -55.8047 20.2785
v 20.8013 -56.0462 19.8943
v 22.5768 -56.0178 20.0958
v 19.0870 -54.3913 19.8358
v 20.8013 -54.3913 18.8722
v 23.2639 -54.2138 19.2971
v 25.1628 -53.5000 19.5229
v 16.3732 -51.0015 19.5229
v 18.6309 -51.7633 19.8393
v 20.2955 -52.0033 19.4455
v 22.2844 -52.9742 18.4984
v 26.4128 -52.4437 19.5229
v 28.1457 -51.1237 19.7151
v 29.6130 -50.7087 20.6766
v 11.4620 -48.3847 18.9371
v 12.6391 -48.3847 18.9371
v 15.6065 -49.3913 19.5229
v 19.1926 -50.5303 20.7051
v 19.6212 -50.5303 20.7051
v 28.8752 -50.2651 19.0099
v 30.1947 -49.4156 19.7151
v 9.3109 -46.0721 19.5229
v 10.6977 -47.3685 19.6714
v 13.4234 -47.1340 19.7561
v 15.0773 -47.0500 19.6542
v 29.1526 -45.6729 20.7333
v 30.8899 -46.6821 19.7465
v 33.3013 -46.0218 18.7691
v 34.6959 -45.7652 18.4477
v 6.9815 -43.2805 18.5020
v 8.2592 -44.2248 19.4104
v 14.2076 -45.2803 20.5751
v 15.9097 -44.2310 19.4366
v 18.3013 -43.2664 18.3440
v 20.9770 -43.2447 19.3827
v 22.1359 -43.2216 20.4228
v 26.6100 -43.9065 20.4454
v 28.3960 -44.7057 20.5893
v 30.7536 -44.5595 20.4287
v 33.3013 -44.3913 19.7064
v 35.0648 -44.3913 18.8570
v 6.7349 -41.8047 19.4104
v 7.7183 -42.5803 20.1687
v 17.0357 -43.1131 18.2980
v 18.3013 -43.0748 18.3440
v 21.3155 -42.4045 19.0334
v 22.1320 -42.0663 19.3789
v 26.6220 -41.8913 20.4634
v 28.4041 -41.7115 20.4839
v 30.5884 -41.7605 20.6446
v 33.2121 -41.9141 20.1103
v 35.0177 -41.8913 18.8354
v 6.7537 -39.2778 19.6516
v 7.1815 -38.3689 18.9042
v 19.4300 -38.2880 20.6364
v 20.8570 -39.4403 19.4857
v 22.1282 -40.5927 18.3349
v 26.9202 -40.4498 20.6877
v 28.3013 -40.4265 20.6573
v 29.6218 -40.5464 20.7039
v 33.6952 -39.5434 19.3605
v 34.6332 -40.4781 18.4189
v 7.0128 -37.8495 20.5708
v 7.2876 -36.9662 19.6516
v 19.4300 -38.0810 20.6364
v 19.7216 -38.0810 20.6364
v 26.5825 -36.1046 19.5229
v 28.1610 -36.3300 19.5326
v 30.8976 -36.1223 19.5600
v 32.6236 -36.9004 19.5577
v 8.4991 -34.7641 19.5229
v 10.7474 -33.8382 19.3093
v 12.3178 -33.8058 18.3335
v 26.3672 -34.5815 19.5936
v 28.2422 -34.5661 18.7566
v 30.8976 -35.3906 19.5600
v 32.1999 -35.5240 20.4142
v 11.6245 -31.8913 20.0866
v 12.6761 -31.8913 18.8366
v 21.4851 -31.0281 19.5229
v 23.0539 -31.1688 19.6899
v 25.9258 -31.7015 19.7210
v 27.5837 -32.3984 18.8074
v 11.9388 -29.3913 20.5437
v 13.3912 -29.3664 19.1475
v 15.8013 -28.4733 18.3590
v 18.3013 -28.4355 18.6334
v 20.9428 -29.1778 19.1246
v 23.2973 -29.3709 19.5248
v 25.7710 -29.0792 19.4767
v 27.0683 -28.3306 18.3188
v 9.3078 -25.8807 20.2504
v 11.1315 -26.6167 19.5967
v 13.0947 -26.6682 18.8460
v 15.8808 -27.0913 18.4550
v 18.1172 -27.0399 19.3465
v 20.9508 -27.8212 19.4085
v 23.0238 -27.0287 19.3582
v 26.2267 -27.5126 19.9855
v 27.2765 -26.7640 19.3004
v 8.9287 -24.3913 19.8376
v 11.0000 -24.6036 18.6967
v 13.1556 -24.4997 19.3438
v 15.8808 -25.0833 19.3860
v 17.4002 -25.3591 19.5229
v 23.9312 -24.4004 19.4586
v 25.6347 -24.1375 19.4586
v 27.3201 -25.3127 19.5229
v 8.9646 -22.4284 20.0484
v 10.8013 -22.3354 19.8195
v 12.5209 -22.7796 20.2262
v 24.3846 -23.0634 18.5825
v 24.6903 -23.0634 18.5825
v -48.6626 13.5731 19.5229
v -46.7358 13.3282 19.4040
v -44.9157 13.6887 20.1582
v -51.1439 16.6367 18.5244
v -49.7254 15.7255 19.4238
v -45.9273 14.7699 18.4915
v -44.1289 14.9533 19.4040
v -41.6585 16.2031 19.7641
v -40.4364 16.8529 20.7583
v -53.3101 18.7468 19.5229
v -51.9818 18.1174 19.5866
v -50.0092 18.1087 20.2435
v -40.7984 17.5455 19.0916
v -39.3131 18.3541 19.5958
v -37.8238 19.1627 20.1000
v -58.4664 21.1230 19.5229
v -56.5217 21.0023 19.6945
v -53.9627 21.0441 19.2340
v -52.0212 20.6520 19.5578
v -50.3535 19.5045 20.6489
v -43.1035 21.4228 18.6797
v -42.7946 21.4228 18.6797
v -38.1898 19.5439 18.4334
v -37.0287 20.6703 19.2410
v -35.3325 21.7967 18.3819
v -60.6738 24.1173 18.8093
v -59.6817 23.2138 19.5947
v -55.7643 23.1087 20.5389
v -54.1039 22.5918 19.6508
v -52.8894 21.9025 18.4666
v -48.5167 24.1820 18.9281
v -47.6777 24.1820 18.9281
v -43.1348 23.1106 19.6497
v -42.1684 23.1325 19.6757
v -40.0951 23.9936 20.4592
v -36.3000 23.1087 20.0752
v -34.3790 23.1734 18.9117
v -32.7292 24.0499 18.6012
v -60.9671 25.5685 19.5947
v -60.1468 24.7083 20.4759
v -55.7478 24.4947 20.5916
v -55.0887 24.4947 20.5916
v -48.5167 24.5770 18.9281
v -47.6777 24.5770 18.9281
v -43.1661 24.6431 20.6197
v -41.8121 25.5293 20.0953
v -39.2366 25.7673 20.1293
v -36.6588 25.7673 20.5021
v -33.9540 25.8471 19.2570
v -32.7292 25.1726 18.6012
v -61.4586 28.1087 19.5229
v -43.2071 29.2413 20.7084
v -41.9519 28.3363 20.4094
v -39.1987 27.4080 20.2037
v -36.6987 27.2231 20.5889
v -34.7270 28.0543 19.6836
v -61.5359 30.6087 19.5229
v -43.2071 29.4426 20.7084
v -41.8336 30.4464 20.3405
v -40.0733 31.4503 19.9727
v -36.0660 31.4002 18.9580
v -35.1917 30.5836 19.6839
v -61.0052 32.6842 19.5229
v -59.7602 33.9342 19.5229
v -48.0343 34.1928 20.4753
v -47.8666 34.1928 20.4753
v -43.0639 34.1080 20.6459
v -41.6701 33.2083 19.8128
v -39.2234 33.0227 19.3998
v -37.0004 32.8679 19.4578
v -35.3988 31.9370 20.6246
v -58.5102 35.0855 19.5229
v -56.8906 36.3861 19.2905
v -55.2290 36.7688 18.3022
v -48.0343 35.1203 20.4753
v -47.0540 35.9199 20.5380
v -44.0178 35.7752 20.4261
v -41.5692 35.6175 19.1256
v -39.1987 34.6893 18.4066
v -37.9349 34.3682 18.2909
v -56.2696 38.1087 19.7153
v -54.3169 37.9137 18.6433
v -51.6987 38.5283 18.6815
v -49.1987 38.9773 18.5982
v -46.9217 38.5831 19.6111
v -44.1987 38.1087 20.1558
v -42.1336 38.1087 19.2511
v -58.0868 41.7395 20.5711
v -56.6635 40.7872 19.8574
v -54.2833 40.6446 18.6950
v -51.4978 40.6446 18.6269
v -49.1971 40.6204 19.5602
v -46.7437 40.2599 19.6003
v -44.1812 40.5293 20.4314
v -42.0723 40.5293 19.7228
v -58.5944 43.2585 19.6518
v -56.8119 43.2585 18.8838
v -54.1636 43.1453 19.2995
v -51.4978 42.7855 19.2999
v -50.0294 42.4970 19.9846
v -45.8355 43.1087 19.1200
v -44.1812 43.1462 20.3094
v -42.1546 43.1462 19.6317
v -58.8967 45.4570 19.5612
v -56.8409 45.4966 19.4820
v -54.8209 44.8041 20.2107
v -45.5872 44.5319 18.7665
v -44.1987 44.6484 19.0916
v -42.6316 44.5719 18.8709
v -58.5905 47.0412 20.4200
v -57.6278 47.0412 20.4200
v 19.3613 -55.8047 20.9846
v 20.8013 -56.0462 21.4564
v 22.5768 -56.0178 21.4725
v 19.0870 -54.3913 21.4656
v 20.6410 -54.5573 22.7468
v 23.4223 -54.3851 22.0304
v 24.6337 -53.2689 20.9216
v 14.1953 -51.0659 22.7631
v 15.9445 -51.1703 21.9670
v 18.4118 -51.5853 21.7922
v 19.7867 -51.6886 22.2000
v 24.2678 -52.7660 22.5882
v 25.6008 -52.1586 21.8621
v 28.3013 -51.0910 22.0229
v 29.6749 -50.7879 22.0229
v 14.1544 -49.3913 22.5447
v 15.3686 -49.3913 21.2947
v 19.1108 -49.5747 22.1409
v 19.8073 -49.5747 22.1409
v 30.2206 -49.3913 22.0229
v 9.2895 -46.0337 21.0927
v 10.8013 -46.4138 21.1993
v 13.4595 -46.9615 21.9167
v 15.0955 -46.8430 21.9962
v 19.3801 -47.5744 23.0528
v 19.7352 -47.5744 23.0528
v 26.7491 -46.3243 22.5098
v 28.3121 -46.4444 21.8150
v 30.0969 -47.3829 22.0229
v 9.2302 -44.3913 21.0541
v 10.8013 -44.3913 21.5373
v 13.1922 -44.5628 21.9283
v 15.8135 -44.3847 22.5388
v 17.1198 -43.1995 23.2267
v 21.9970 -43.2216 20.8216
v 22.1359 -43.2216 20.8216
v 26.4647 -44.6004 21.8150
v 28.3960 -44.7057 20.8549
v 29.8884 -43.8383 20.8666
v 6.9295 -40.9137 21.0052
v 8.5369 -41.6519 21.7499
v 10.8013 -42.4054 22.3608
v 12.1768 -42.9113 22.8351
v 17.0238 -43.0411 23.2267
v 17.1198 -43.0411 23.2267
v 21.9970 -43.0917 20.8216
v 22.1359 -43.0917 20.8216
v 26.1166 -41.8913 22.0229
v 29.3060 -42.4250 20.8666
v 30.5884 -41.7605 21.0391
v 32.3193 -41.0961 21.2115
v 6.9311 -39.3913 21.0923
v 7.6865 -39.3913 22.3423
v 19.4300 -38.2880 20.9080
v 19.7216 -38.2880 20.9080
v 26.2905 -39.5264 21.8829
v 28.4883 -39.1642 21.8829
v 30.5936 -39.9799 22.0361
v 32.6082 -39.3422 22.0361
v 7.0128 -37.8495 20.9663
v 8.0977 -36.8318 21.9830
v 9.7468 -35.8140 22.9996
v 19.4159 -36.9119 22.0684
v 19.6650 -36.9119 22.0684
v 25.8958 -36.9535 21.8829
v 28.4883 -37.6432 21.8829
v 30.4852 -36.5033 22.0229
v 32.7019 -36.8913 22.0229
v 8.9347 -35.2131 21.3330
v 9.9361 -34.3844 22.1089
v 19.4019 -35.5711 23.2288
v 20.6196 -34.5431 22.9900
v 23.3013 -33.9542 22.4066
v 25.0051 -34.5673 21.8928
v 31.7352 -35.5188 22.0229
v 32.2068 -35.5188 22.0229
v 10.8247 -31.8913 22.0229
v 21.0710 -31.9388 21.9599
v 23.3013 -32.5357 21.1566
v 24.8696 -32.6714 20.9728
v 11.7500 -29.3522 21.9042
v 12.7601 -28.4929 22.6584
v 20.4395 -29.3913 22.0229
v 24.5390 -28.1611 20.7755
v 24.5601 -28.1611 20.7755
v 9.3078 -25.8807 21.0465
v 10.9988 -26.7849 21.4251
v 13.4766 -27.0631 22.6405
v 14.7798 -26.3443 23.0723
v 19.0801 -26.0220 21.1549
v 20.1159 -26.8697 22.0021
v 24.3802 -26.8913 20.8642
v 25.5566 -26.7640 20.8978
v 27.1562 -25.8459 20.8593
v 8.9287 -24.3913 21.4256
v 10.8013 -24.3913 22.2158
v 13.3330 -24.3090 21.7846
v 15.7694 -24.4224 22.1463
v 18.2686 -24.5109 21.5783
v 19.9093 -24.3913 22.6941
v 24.3355 -25.2398 20.8920
v 25.8013 -25.2431 20.9271
v 27.1562 -25.5118 20.8593
v 8.9646 -22.4284 21.3696
v 10.8013 -22.3354 21.5646
v 12.5209 -22.7796 21.2318
v 16.7591 -22.6498 22.8870
v 18.3013 -22.3726 22.7431
v 19.8185 -22.6078 22.9524
v -48.5628 13.6682 22.0229
v -46.6987 13.0913 22.0229
v -44.9976 13.7819 22.0229
v -53.3334 16.6468 22.8394
v -52.4470 16.6468 22.8394
v -49.2317 15.6087 22.0229
v -43.7476 15.2815 22.0229
v -41.6987 16.4891 22.0229
v -40.3582 16.8163 22.0229
v -53.5117 18.3331 22.0128
v -51.8001 18.2380 21.8850
v -49.9267 18.0396 21.8675
v -43.1102 18.9127 23.1114
v -42.7220 18.9127 23.1114
v -38.9963 18.2411 22.0495
v -37.8238 19.1627 21.2340
v -58.3338 21.4696 21.0975
v -57.2371 21.4696 21.0975
v -53.9332 20.6087 22.0229
v -51.1531 19.5045 20.9306
v -50.3535 19.5045 20.9306
v -43.1102 19.5268 23.1114
v -41.6801 20.5664 23.0550
v -39.0688 20.7071 22.4552
v -37.8187 20.6087 21.2065
v -58.6361 23.1087 21.1967
v -56.3827 23.6037 21.9605
v -54.6880 23.3017 22.0965
v -43.1661 24.0967 21.3666
v -41.7744 23.2118 22.1826
v -39.2366 23.1397 21.3303
v -37.5500 23.1087 21.0503
v -60.6997 26.3750 21.0720
v -59.2675 25.5685 21.3056
v -56.5850 25.1313 21.9706
v -55.0887 24.4947 21.3123
v -43.1661 24.6431 21.3666
v -42.6074 25.5293 22.1291
v -38.4285 25.0398 21.0258
v -37.4655 25.0398 21.0258
v -60.8927 28.1936 21.9524
v -59.1987 27.7400 22.5084
v -57.7093 27.4756 22.7878
v -43.3425 28.9785 22.0229
v -41.9644 28.3154 21.6029
v -39.1964 28.5510 21.9349
v -36.6240 28.4030 22.0199
v -35.2731 28.8513 21.1846
v -61.1654 30.6087 22.0229
v -43.3773 30.4090 22.0631
v -41.8336 30.4464 21.1498
v -39.5477 30.6136 21.9349
v -35.7469 30.6087 22.8003
v -35.2796 30.6087 21.5503
v -60.7987 32.2489 22.0229
v -59.3471 33.4989 22.0229
v -53.1830 34.0784 22.8647
v -52.3484 34.0784 22.8647
v -48.2488 34.1165 22.0229
v -47.6593 34.1165 22.0229
v -43.5966 33.2083 22.0631
v -42.4844 32.4414 21.2567
v -38.3877 32.1920 22.0229
v -36.5120 32.1723 22.1477
v -35.3988 31.9370 21.3977
v -58.1650 35.7350 21.8575
v -57.8519 36.6525 20.9139
v -53.1830 34.6119 22.8647
v -52.3484 34.6119 22.8647
v -48.2488 35.0728 22.0229
v -47.1334 35.6175 22.0229
v -44.8666 34.9122 22.0229
v -58.1113 37.0872 22.5806
v -57.2988 37.9958 21.8575
v -47.3327 38.1087 22.0229
v -58.0868 41.7395 20.8965
v -56.6222 40.7830 21.9568
v -54.1987 41.4482 22.9883
v -52.8478 41.6769 23.1493
v -48.2714 41.5179 22.0229
v -47.4238 40.2679 22.0229
v -43.3362 41.3096 20.8643
v -42.6488 41.3096 20.8643
v -58.6512 43.1087 21.2932
v -56.6987 43.1087 22.0808
v -54.0720 43.2678 21.8288
v -51.9364 43.3521 22.0265
v -49.2086 43.2417 21.8514
v -43.3362 42.3378 20.8643
v -42.6488 42.3378 20.8643
v -59.0290 45.6087 21.4074
v -56.7561 45.6259 21.5640
v -54.8209 44.8041 21.2455
v -51.1285 45.6087 22.5416
v -49.4429 45.6087 22.5416
v -58.5905 47.0412 21.0487
v -57.6278 47.0412 21.0487
v -50.7789 47.0813 23.0004
v -49.9381 47.0813 23.0004
v 21.3675 -53.8346 23.6914
v 22.6011 -53.8346 23.6914
v 14.1953 -51.0659 23.9102
v 15.8013 -51.2224 24.1163
v 17.6803 -50.9915 23.7601
v 21.0727 -51.7939 24.5240
v 23.2813 -51.8308 24.4712
v 25.8013 -51.1363 23.6376
v 28.3013 -50.8889 23.4869
v 29.6544 -50.7694 23.3834
v 14.1544 -49.3913 23.9493
v 15.9758 -49.2561 25.1063
v 18.5302 -49.1263 24.6451
v 20.7040 -48.8589 25.0347
v 23.1974 -49.2223 25.2658
v 25.8013 -49.3913 24.1130
v 28.3013 -49.3913 23.6175
v 29.7715 -49.3913 23.4377
v 14.3781 -47.6442 23.5374
v 15.2229 -46.8430 24.4316
v 19.3801 -47.5744 23.8634
v 20.7285 -47.8195 24.7887
v 23.3741 -47.0953 25.4223
v 25.8700 -47.0511 23.9966
v 28.3013 -47.8715 23.4035
v 29.7418 -47.9319 23.3821
v 13.8435 -43.8452 24.0597
v 15.6933 -44.0521 24.2309
v 17.1198 -43.1995 23.3741
v 24.2559 -45.2973 25.5118
v 25.3640 -44.4349 24.6162
v 9.3555 -40.7235 23.4226
v 10.9410 -41.1459 24.3627
v 13.1266 -42.2970 24.7450
v 16.0434 -42.2120 24.8546
v 17.7949 -42.0045 24.2769
v 20.8013 -41.2122 25.0173
v 23.3013 -41.1442 25.3414
v 25.2816 -41.8684 24.5627
v 8.9365 -39.3913 23.6719
v 10.9410 -39.1756 25.0777
v 12.0756 -38.1985 25.7489
v 16.3940 -40.4737 25.4634
v 18.3013 -40.0937 24.9540
v 20.8050 -39.3037 25.0106
v 23.3013 -39.3913 24.6756
v 24.9486 -39.3913 23.7916
v 29.4463 -38.4658 23.3678
v 30.8013 -38.6358 23.4221
v 32.1739 -38.4761 23.3769
v 8.9274 -37.4807 23.6552
v 10.6686 -36.7449 24.4347
v 12.1530 -36.8913 25.6884
v 19.4019 -35.7428 23.5496
v 20.6246 -36.6228 24.5298
v 23.1930 -36.7581 24.9176
v 24.7284 -36.8913 23.6510
v 29.4463 -37.9272 23.3678
v 30.9787 -37.0128 23.4184
v 32.1873 -36.8913 23.3836
v 11.0372 -34.3913 24.0578
v 13.1181 -34.4746 24.9289
v 15.8013 -34.0856 24.8951
v 18.4534 -34.7080 24.4693
v 20.5782 -34.6542 24.1058
v 23.1930 -35.2275 24.4503
v 24.6513 -35.5179 23.5685
v 31.9304 -35.5952 23.3164
v 32.1100 -35.5952 23.3164
v 11.2515 -31.8913 23.8332
v 13.4705 -31.6783 24.7492
v 15.6736 -31.6783 24.8919
v 17.8571 -31.8913 25.2616
v 20.3720 -31.8913 24.5229
v 11.6992 -30.1595 23.7181
v 13.5884 -29.5145 24.3701
v 15.6736 -29.5782 24.7702
v 18.4237 -29.5936 24.8606
v 19.9929 -29.5936 24.4129
v 14.4268 -28.0109 23.3555
v 15.6884 -27.0631 23.8441
v 18.3013 -26.8913 24.6441
v 19.9444 -26.8913 23.9921
v 16.3785 -24.3913 24.3809
v 18.0609 -24.5946 25.5946
v 20.0265 -24.5946 24.7082
v 16.7591 -22.6498 24.0917
v 18.2498 -21.7955 24.8520
v 19.9306 -21.8212 24.6765
v 19.4323 -20.6056 25.6123
v 19.6016 -20.6056 25.6123
v -48.0453 14.2633 23.3523
v -46.6987 14.2128 23.3802
v -45.3802 14.2597 23.3365
v -53.3334 16.6468 23.7319
v -52.4470 16.6468 23.7319
v -48.4331 15.6087 23.6795
v -46.6987 15.6087 24.0986
v -44.4076 15.7855 23.6660
v -41.6987 16.7292 23.3898
v -40.3403 16.8080 23.3323
v -53.6356 18.1087 24.0782
v -51.6477 18.0396 24.1917
v -49.0620 18.2545 24.5664
v -46.6987 17.9473 25.2412
v -44.2291 18.1997 24.4020
v -41.8127 18.0911 23.5384
v -39.8925 18.1087 23.5324
v -53.4497 20.7540 24.6417
v -51.6987 20.0131 25.3271
v -49.6259 19.5724 25.3972
v -43.8959 20.4596 24.6531
v -41.6801 20.5664 23.7330
v -39.8155 19.9393 23.5594
v -55.5404 24.2638 23.4047
v -54.1872 23.3017 24.3519
v -43.7822 23.1087 25.0679
v -42.4373 23.1087 23.8179
v -55.9629 25.6087 23.9420
v -54.4974 25.6087 25.1920
v -51.1937 26.6264 24.9948
v -49.1987 26.6519 25.0520
v -47.8339 26.8152 25.5897
v -43.5474 25.6087 24.9483
v -42.6927 25.6087 23.6983
v -60.5971 29.0835 23.4116
v -59.1987 28.9900 23.7922
v -56.7825 28.2440 24.7632
v -54.0886 28.1770 25.5747
v -52.0017 28.2248 25.2222
v -49.3087 28.2083 24.9873
v -46.8798 28.1496 25.3209
v -44.1012 28.1564 24.6490
v -42.6455 27.3025 23.7471
v -38.3616 28.9468 23.5801
v -37.4075 28.9468 23.5801
v -60.5987 30.6087 23.4176
v -59.1987 30.6087 23.9076
v -57.3126 30.6087 25.0128
v -53.2573 29.3962 25.4496
v -52.8098 29.3962 25.4496
v -48.4307 30.6087 25.3749
v -46.8463 30.6871 25.3213
v -44.6330 30.6871 24.6397
v -38.3540 30.6087 23.5858
v -36.9969 30.6087 23.5858
v -60.5003 31.9144 23.3272
v -58.9639 32.8921 23.3801
v -56.6956 33.1492 24.5594
v -54.0893 33.8207 24.4847
v -51.5886 33.9420 24.4008
v -48.9606 33.3734 24.5383
v -46.8782 33.1675 24.4961
v -44.9381 33.0235 24.3502
v -38.0762 32.0298 23.3829
v -37.2208 32.0298 23.3829
v -58.0896 35.6087 23.4141
v -56.6987 35.6087 24.1032
v -54.0893 35.5106 24.0805
v -51.5849 35.4813 24.4265
v -49.1037 35.4500 24.3832
v -46.9231 35.3092 23.5077
v -45.3906 34.4026 23.4017
v -58.1113 37.0872 23.4362
v -56.6420 37.9958 24.0795
v -54.1987 38.1087 24.9470
v -51.6724 38.0231 25.1350
v -49.1459 38.0231 24.8439
v -47.7288 38.1087 23.6973
v -55.7709 39.8265 23.8881
v -54.1987 40.1982 24.2022
v -51.8882 40.7496 24.2628
v -48.9584 40.8244 24.0235
v -47.7363 40.1349 23.4980
v -51.3437 43.1599 24.6570
v -49.2508 43.1599 24.6570
v -51.4683 45.6087 24.5229
v -48.4347 45.7449 24.6370
v -47.8969 46.6690 25.5465
v -50.8989 47.2313 24.5229
v -49.1423 47.1982 24.6370
v -47.8969 46.9276 25.5465
v 21.7644 -50.8956 25.9277
v 22.2948 -50.8956 25.9277
v 16.9255 -48.3326 25.9236
v 18.3013 -48.3688 25.9749
v 20.9098 -49.0981 25.9096
v 22.2948 -49.9429 25.9277
v 16.4606 -46.8913 26.3893
v 18.3013 -46.8913 27.0886
v 20.8536 -47.0953 26.5460
v 22.5892 -46.3980 26.1290
v 16.0507 -44.3913 26.4604
v 18.3013 -44.3913 27.4624
v 20.8013 -44.3913 27.3693
v 23.3741 -44.4349 26.4177
v 24.7756 -43.6307 26.0550
v 11.8675 -40.7968 25.8689
v 13.3013 -41.0084 25.8679
v 15.5532 -41.7975 25.9110
v 18.3013 -42.4770 26.3486
v 20.8013 -42.4622 26.4919
v 23.3013 -42.3942 26.3118
v 24.7756 -42.6864 26.0550
v 11.8675 -39.8652 25.8689
v 13.0659 -39.1756 26.0580
v 15.7602 -39.4221 26.7958
v 18.3013 -39.0537 27.0229
v 19.9097 -38.3825 27.0229
v 13.4030 -36.8913 26.2463
v 15.8964 -36.8115 27.3246
v 17.3672 -35.9250 27.7279
v 20.9276 -36.7581 26.8200
v 22.2875 -35.8361 25.8515
v 13.8293 -35.3634 26.0556
v 15.8013 -35.3356 26.2012
v 18.2694 -34.6749 26.8433
v 20.5891 -34.6864 26.7384
v 22.2875 -35.5344 25.8515
v 14.4166 -30.7029 25.8098
v 14.7552 -30.7029 25.8098
v 19.1071 -31.8913 25.9437
v 19.7863 -31.8913 25.9437
v 14.4166 -30.5362 25.8098
v 14.7552 -30.5362 25.8098
v 19.3387 -30.5619 25.8148
v 19.6052 -30.5619 25.8148
v 18.7340 -23.8968 26.0673
v 19.8660 -23.8968 26.0673
v 18.8491 -21.8913 26.0288
v 19.8251 -21.8913 26.0288
v 19.4323 -20.6056 25.8196
v 19.6016 -20.6056 25.8196
v -47.9592 19.3489 25.7766
v -46.6987 19.1973 25.8245
v -45.3479 19.1534 25.8380
v -52.9864 21.6842 25.8403
v -51.6987 21.2631 26.3714
v -48.9550 20.4869 26.5446
v -46.6987 20.6087 26.2634
v -45.2615 20.6087 25.8468
v -53.0472 23.1087 25.8774
v -51.6987 23.1087 26.8833
v -49.1987 23.1087 27.7540
v -46.6987 23.1087 26.9692
v -45.0322 23.1087 25.9940
v -53.2474 25.6087 25.8483
v -51.8957 25.7193 26.1995
v -49.1987 25.4019 26.7921
v -46.8798 25.8326 26.5562
v -44.7974 25.6087 26.1907
v -55.8558 29.0124 25.8179
v -54.0886 28.1770 25.8096
v -52.0017 28.2248 26.0303
v -50.2154 29.1080 26.2593
v -46.1673 27.3435 26.0685
v -44.9869 27.3435 26.0685
v -56.0626 30.6087 26.1262
v -54.1338 30.3812 26.4034
v -51.8812 30.2945 27.1393
v -49.3529 30.4591 27.0647
v -46.1114 31.5727 25.8606
v -45.2999 31.5727 25.8606
v -55.8602 32.3429 26.1990
v -54.1987 32.6464 26.5273
v -51.7510 32.8566 27.1207
v -49.2539 32.6815 27.0229
v -46.1114 32.1334 25.8606
v -45.2999 32.1334 25.8606
v -50.8215 36.3507 25.9145
v -49.9441 36.3507 25.9145
v -50.8215 37.1327 25.9145
v -49.9441 37.1327 25.9145
v -50.6316 44.0273 25.9084
v -50.0997 44.0273 25.9084
v -50.7885 45.6087 26.0730
v -49.2393 45.7449 26.0527
v -47.8969 46.6690 25.8391
v -50.7189 47.1330 26.0375
v -49.1987 47.1161 26.0210
v -47.8969 46.9276 25.8391
v 16.7931 -38.3705 28.4108
v 18.3013 -38.3513 28.4153
v 19.6063 -38.1921 28.3248
v 16.7931 -37.5916 28.4108
v 18.2408 -36.8115 28.4715
v 19.7046 -36.8913 28.4177
v 19.0339 -35.5049 28.4141
v 19.7006 -35.5049 28.4141
v -50.9526 31.1927 28.5632
v -49.6464 31.1927 28.5632
v -50.9526 32.2694 28.5632
v -49.6464 32.2694 28.5632
f 5 1 4
f 5 2 1
f 5 3 2
f 5 6 3
f 10 8 7
f 10 11 8
f 11 9 8
f 11 12 9
f 13 12 11
f 13 14 12
f 17 16 15
f 17 18 16
f 26 18 17
f 26 27 18
f 27 19 18
f 27 28 19
f 29 21 20
f 29 30 21
f 31 1 2
f 31 30 1
f 30 22 21
f 30 31 22
f 3 31 2
f 3 32 31
f 31 23 22
f 31 32 23
f 34 24 33
f 34 25 24
f 35 28 27
f 35 36 28
f 38 1 30
f 38 4 1
f 38 29 37
f 38 30 29
f 39 5 4
f 39 4 38
f 32 3 6
f 32 6 40
f 6 5 39
f 6 39 40
f 41 32 40
f 41 33 32
f 43 37 42
f 43 38 37
f 43 39 38
f 43 44 39
f 45 39 44
f 45 40 39
f 48 47 46
f 48 49 47
f 50 49 48
f 50 51 49
f 59 52 58
f 59 53 52
f 59 54 53
f 59 60 54
f 65 7 8
f 65 64 7
f 65 55 64
f 65 56 55
f 66 8 9
f 66 65 8
f 68 57 67
f 68 58 57
f 69 60 59
f 69 70 60
f 70 61 60
f 70 71 61
f 73 62 72
f 73 63 62
f 74 7 64
f 74 10 7
f 74 63 73
f 74 64 63
f 75 11 10
f 75 10 74
f 76 66 9
f 76 9 12
f 78 67 77
f 78 68 67
f 79 73 72
f 79 80 73
f 80 74 73
f 80 81 74
f 75 13 11
f 75 82 13
f 81 75 74
f 81 82 75
f 76 12 14
f 76 14 83
f 83 14 13
f 83 13 82
f 84 81 80
f 84 85 81
f 86 83 82
f 86 87 83
f 90 89 88
f 90 91 89
f 99 92 98
f 99 93 92
f 99 94 93
f 99 100 94
f 102 95 101
f 102 96 95
f 103 96 102
f 103 97 96
f 105 98 104
f 105 99 98
f 106 101 100
f 106 107 101
f 107 102 101
f 107 108 102
f 109 15 16
f 109 108 15
f 111 107 106
f 111 112 107
f 113 15 108
f 113 17 15
f 113 107 112
f 113 108 107
f 114 109 16
f 114 16 18
f 19 114 18
f 19 115 114
f 114 110 109
f 114 115 110
f 117 20 21
f 117 116 20
f 118 21 22
f 118 117 21
f 23 118 22
f 23 119 118
f 121 24 25
f 121 120 24
f 113 26 17
f 113 122 26
f 123 27 26
f 123 26 122
f 124 115 19
f 124 19 28
f 116 29 20
f 116 125 29
f 127 126 117
f 127 117 118
f 128 119 23
f 128 23 32
f 129 24 120
f 129 33 24
f 33 128 32
f 33 129 128
f 128 120 119
f 128 129 120
f 130 121 25
f 130 25 34
f 34 33 129
f 34 129 130
f 131 121 130
f 131 122 121
f 123 35 27
f 123 132 35
f 131 123 122
f 131 132 123
f 124 28 36
f 124 36 133
f 36 35 132
f 36 132 133
f 125 37 29
f 125 134 37
f 135 126 127
f 135 127 136
f 129 33 41
f 129 41 138
f 41 40 137
f 41 137 138
f 138 130 129
f 138 139 130
f 140 132 131
f 140 141 132
f 142 132 141
f 142 133 132
f 134 42 37
f 134 143 42
f 144 43 42
f 144 42 143
f 145 44 43
f 145 43 144
f 137 40 45
f 137 45 146
f 146 45 44
f 146 44 145
f 147 139 138
f 147 148 139
f 148 140 139
f 148 149 140
f 149 141 140
f 149 150 141
f 152 146 145
f 152 153 146
f 155 149 148
f 155 156 149
f 157 46 47
f 157 156 46
f 157 149 156
f 157 150 149
f 158 150 157
f 158 151 150
f 159 153 152
f 159 160 153
f 160 154 153
f 160 161 154
f 162 46 156
f 162 48 46
f 163 157 47
f 163 47 49
f 163 158 157
f 163 164 158
f 162 50 48
f 162 165 50
f 163 49 51
f 163 51 166
f 51 50 165
f 51 165 166
f 167 163 166
f 167 164 163
f 173 169 168
f 173 174 169
f 176 170 175
f 176 171 170
f 177 173 172
f 177 178 173
f 178 174 173
f 178 179 174
f 179 175 174
f 179 180 175
f 180 176 175
f 180 181 176
f 184 179 178
f 184 185 179
f 185 180 179
f 185 186 180
f 187 52 53
f 187 186 52
f 54 187 53
f 54 188 187
f 187 182 181
f 187 188 182
f 189 182 188
f 189 183 182
f 56 190 55
f 56 191 190
f 194 52 186
f 194 58 52
f 194 57 58
f 194 193 57
f 195 59 58
f 195 58 194
f 196 188 54
f 196 54 60
f 61 196 60
f 61 197 196
f 196 189 188
f 196 197 189
f 63 198 62
f 63 199 198
f 200 55 190
f 200 64 55
f 200 63 64
f 200 199 63
f 201 191 56
f 201 56 65
f 201 200 190
f 201 190 191
f 66 201 65
f 66 202 201
f 201 192 191
f 201 202 192
f 193 67 57
f 193 203 67
f 204 194 58
f 204 58 68
f 195 69 59
f 195 205 69
f 204 195 194
f 204 205 195
f 206 70 69
f 206 69 205
f 207 197 61
f 207 61 71
f 207 71 70
f 207 70 206
f 208 62 198
f 208 72 62
f 210 209 200
f 210 200 201
f 211 202 66
f 211 66 76
f 203 77 67
f 203 212 77
f 211 203 202
f 211 212 203
f 204 68 78
f 204 78 213
f 213 78 77
f 213 77 212
f 214 204 213
f 214 205 204
f 214 206 205
f 214 215 206
f 208 79 72
f 208 216 79
f 217 80 79
f 217 79 216
f 219 82 81
f 219 81 218
f 220 211 76
f 220 76 83
f 221 213 212
f 221 222 213
f 222 214 213
f 222 223 214
f 224 214 223
f 224 215 214
f 217 84 80
f 217 225 84
f 218 81 85
f 218 85 226
f 85 84 225
f 85 225 226
f 219 86 82
f 219 227 86
f 226 219 218
f 226 227 219
f 220 83 87
f 220 87 228
f 87 86 227
f 87 227 228
f 230 221 229
f 230 222 221
f 230 223 222
f 230 231 223
f 231 224 223
f 231 232 224
f 233 228 227
f 233 234 228
f 235 228 234
f 235 229 228
f 236 231 230
f 236 237 231
f 89 237 88
f 89 238 237
f 237 232 231
f 237 238 232
f 237 90 88
f 237 241 90
f 240 237 236
f 240 241 237
f 242 238 89
f 242 89 91
f 242 91 90
f 242 90 241
f 242 239 238
f 242 243 239
f 93 249 92
f 93 250 249
f 94 250 93
f 94 251 250
f 250 245 244
f 250 251 245
f 252 245 251
f 252 246 245
f 253 95 96
f 253 252 95
f 253 246 252
f 253 247 246
f 97 253 96
f 97 254 253
f 253 248 247
f 253 254 248
f 255 92 249
f 255 98 92
f 257 251 94
f 257 94 100
f 257 100 99
f 257 99 256
f 258 95 252
f 258 101 95
f 258 100 101
f 258 257 100
f 258 251 257
f 258 252 251
f 260 254 97
f 260 97 103
f 103 102 259
f 103 259 260
f 261 98 255
f 261 104 98
f 256 99 105
f 256 105 262
f 105 104 261
f 105 261 262
f 261 255 256
f 261 256 262
f 257 106 100
f 257 263 106
f 263 256 262
f 263 257 256
f 264 259 102
f 264 102 108
f 109 264 108
f 109 265 264
f 264 260 259
f 264 265 260
f 110 265 109
f 110 266 265
f 263 111 106
f 263 269 111
f 270 112 111
f 270 111 269
f 271 113 112
f 271 112 270
f 272 266 110
f 272 110 115
f 274 116 117
f 274 273 116
f 119 275 118
f 119 276 275
f 276 267 275
f 276 268 267
f 277 119 120
f 277 276 119
f 276 269 268
f 276 277 269
f 278 120 121
f 278 277 120
f 277 270 269
f 277 278 270
f 279 113 271
f 279 122 113
f 279 121 122
f 279 278 121
f 278 271 270
f 278 279 271
f 281 272 115
f 281 115 124
f 273 125 116
f 273 282 125
f 283 274 117
f 283 117 126
f 282 273 274
f 282 274 283
f 284 118 275
f 284 127 118
f 131 130 287
f 131 287 288
f 290 281 124
f 290 124 133
f 290 289 280
f 290 280 281
f 282 134 125
f 282 291 134
f 283 126 135
f 283 135 292
f 291 282 283
f 291 283 292
f 284 136 127
f 284 293 136
f 293 135 136
f 293 292 135
f 293 284 285
f 293 285 294
f 295 138 137
f 295 137 294
f 294 285 286
f 294 286 295
f 287 130 139
f 287 139 296
f 297 131 288
f 297 140 131
f 297 139 140
f 297 296 139
f 296 288 287
f 296 297 288
f 290 133 142
f 290 142 299
f 142 141 298
f 142 298 299
f 299 298 289
f 299 289 290
f 291 143 134
f 291 300 143
f 144 143 300
f 144 300 301
f 302 145 144
f 302 144 301
f 303 294 137
f 303 137 146
f 295 147 138
f 295 304 147
f 305 148 147
f 305 147 304
f 306 298 141
f 306 141 150
f 151 306 150
f 151 307 306
f 306 299 298
f 306 307 299
f 302 152 145
f 302 309 152
f 308 302 301
f 308 309 302
f 303 146 153
f 303 153 310
f 154 310 153
f 154 311 310
f 305 155 148
f 305 312 155
f 312 304 311
f 312 305 304
f 313 156 155
f 313 155 312
f 315 307 151
f 315 151 158
f 309 159 152
f 309 317 159
f 316 309 308
f 316 317 309
f 318 160 159
f 318 159 317
f 319 311 154
f 319 154 161
f 161 160 318
f 161 318 319
f 320 156 313
f 320 162 156
f 320 313 314
f 320 314 321
f 322 315 158
f 322 158 164
f 321 314 315
f 321 315 322
f 323 162 320
f 323 165 162
f 166 165 323
f 166 323 324
f 323 320 321
f 323 321 324
f 322 164 167
f 322 167 325
f 167 166 324
f 167 324 325
f 325 324 321
f 325 321 322
f 331 168 169
f 331 330 168
f 331 326 330
f 331 327 326
f 331 328 327
f 331 332 328
f 333 170 171
f 333 332 170
f 336 168 330
f 336 173 168
f 336 172 173
f 336 335 172
f 336 329 335
f 336 330 329
f 337 331 169
f 337 169 174
f 338 170 332
f 338 175 170
f 338 174 175
f 338 337 174
f 338 331 337
f 338 332 331
f 339 333 171
f 339 171 176
f 339 334 333
f 339 340 334
f 341 172 335
f 341 177 172
f 342 178 177
f 342 177 341
f 344 339 176
f 344 176 181
f 181 180 343
f 181 343 344
f 182 344 181
f 182 345 344
f 183 345 182
f 183 346 345
f 342 184 178
f 342 347 184
f 348 185 184
f 348 184 347
f 343 180 186
f 343 186 349
f 349 186 185
f 349 185 348
f 350 181 344
f 350 187 181
f 350 186 187
f 350 349 186
f 350 343 349
f 350 344 343
f 351 346 183
f 351 183 189
f 192 353 191
f 192 354 353
f 354 348 347
f 354 355 348
f 356 186 349
f 356 194 186
f 356 193 194
f 356 355 193
f 356 348 355
f 356 349 348
f 358 351 189
f 358 189 197
f 199 359 198
f 199 360 359
f 200 360 199
f 200 361 360
f 362 191 353
f 362 201 191
f 362 352 361
f 362 353 352
f 363 354 192
f 363 192 202
f 364 193 355
f 364 203 193
f 203 363 202
f 203 364 363
f 363 355 354
f 363 364 355
f 366 358 197
f 366 197 207
f 366 207 206
f 366 206 365
f 366 365 357
f 366 357 358
f 359 208 198
f 359 367 208
f 367 359 360
f 367 360 368
f 361 200 209
f 361 209 369
f 369 368 360
f 369 360 361
f 362 210 201
f 362 370 210
f 370 209 210
f 370 369 209
f 372 212 211
f 372 211 371
f 365 206 215
f 365 215 373
f 374 208 367
f 374 216 208
f 217 216 374
f 217 374 375
f 374 367 368
f 374 368 375
f 371 211 220
f 371 220 377
f 372 221 212
f 372 378 221
f 379 373 215
f 379 215 224
f 375 225 217
f 375 380 225
f 381 226 225
f 381 225 380
f 380 375 376
f 380 376 381
f 382 227 226
f 382 226 381
f 377 220 228
f 377 228 383
f 378 229 221
f 378 384 229
f 229 383 228
f 229 384 383
f 383 378 377
f 383 384 378
f 385 230 229
f 385 229 384
f 379 224 232
f 379 232 387
f 388 381 380
f 388 389 381
f 382 233 227
f 382 390 233
f 389 382 381
f 389 390 382
f 391 234 233
f 391 233 390
f 384 229 235
f 384 235 392
f 235 234 391
f 235 391 392
f 392 391 383
f 392 383 384
f 385 236 230
f 385 393 236
f 392 385 384
f 392 393 385
f 393 385 386
f 393 386 394
f 395 387 232
f 395 232 238
f 395 394 386
f 395 386 387
f 239 395 238
f 239 396 395
f 398 390 397
f 398 391 390
f 399 236 393
f 399 240 236
f 400 241 240
f 400 240 399
f 399 393 394
f 399 394 400
f 242 241 400
f 242 400 401
f 401 400 394
f 401 394 395
f 396 239 243
f 396 243 402
f 243 242 401
f 243 401 402
f 401 395 396
f 401 396 402
f 405 404 403
f 405 406 404
f 245 409 244
f 245 410 409
f 246 410 245
f 246 411 410
f 411 405 410
f 411 406 405
f 412 246 247
f 412 411 246
f 413 247 248
f 413 412 247
f 413 407 412
f 413 408 407
f 415 244 409
f 415 250 244
f 250 414 249
f 250 415 414
f 417 413 248
f 417 248 254
f 418 249 414
f 418 255 249
f 256 255 418
f 256 418 419
f 418 414 415
f 418 415 419
f 419 415 416
f 419 416 420
f 422 417 254
f 422 254 260
f 423 256 419
f 423 262 256
f 263 262 423
f 263 423 424
f 422 260 265
f 422 265 426
f 425 421 422
f 425 422 426
f 266 426 265
f 266 427 426
f 268 428 267
f 268 429 428
f 424 269 263
f 424 430 269
f 430 268 269
f 430 429 268
f 429 424 423
f 429 430 424
f 427 266 272
f 427 272 431
f 428 275 267
f 428 433 275
f 434 433 428
f 434 428 429
f 435 434 429
f 435 429 430
f 431 272 281
f 431 281 437
f 437 281 280
f 437 280 436
f 439 275 433
f 439 284 275
f 439 432 438
f 439 433 432
f 285 284 439
f 285 439 440
f 286 285 440
f 286 440 441
f 443 436 280
f 443 280 289
f 443 437 436
f 443 444 437
f 447 291 292
f 447 446 291
f 293 447 292
f 293 448 447
f 447 439 438
f 447 448 439
f 449 293 294
f 449 448 293
f 450 286 441
f 450 295 286
f 450 441 442
f 450 442 451
f 443 289 298
f 443 298 452
f 299 452 298
f 299 453 452
f 452 444 443
f 452 453 444
f 454 444 453
f 454 445 444
f 446 300 291
f 446 455 300
f 456 301 300
f 456 300 455
f 449 294 303
f 449 303 458
f 457 448 449
f 457 449 458
f 450 304 295
f 450 459 304
f 459 450 451
f 459 451 460
f 462 453 299
f 462 299 307
f 461 452 453
f 461 453 462
f 456 308 301
f 456 463 308
f 458 303 310
f 458 310 465
f 459 311 304
f 459 466 311
f 466 310 311
f 466 465 310
f 467 312 311
f 467 311 466
f 467 466 459
f 467 459 460
f 468 313 312
f 468 312 467
f 314 313 468
f 314 468 469
f 470 462 307
f 470 307 315
f 470 315 314
f 470 314 469
f 471 308 463
f 471 316 308
f 472 317 316
f 472 316 471
f 471 463 464
f 471 464 472
f 473 318 317
f 473 317 472
f 474 466 311
f 474 311 319
f 474 319 318
f 474 318 473
f 474 473 465
f 474 465 466
f 478 476 475
f 478 479 476
f 479 477 476
f 479 480 477
f 483 482 481
f 483 484 482
f 327 485 326
f 327 486 485
f 328 486 327
f 328 487 486
f 486 484 483
f 486 487 484
f 491 326 485
f 491 330 326
f 491 329 330
f 491 490 329
f 492 487 328
f 492 328 332
f 333 492 332
f 333 493 492
f 492 488 487
f 492 493 488
f 334 493 333
f 334 494 493
f 493 489 488
f 493 494 489
f 495 329 490
f 495 335 329
f 496 495 490
f 496 490 491
f 498 494 334
f 498 334 340
f 340 339 497
f 340 497 498
f 498 497 493
f 498 493 494
f 499 335 495
f 499 341 335
f 342 341 499
f 342 499 500
f 499 495 496
f 499 496 500
f 501 497 339
f 501 339 344
f 345 501 344
f 345 502 501
f 346 502 345
f 346 503 502
f 504 342 500
f 504 347 342
f 506 501 502
f 506 502 507
f 503 346 351
f 503 351 508
f 511 352 353
f 511 510 352
f 512 347 504
f 512 354 347
f 512 353 354
f 512 511 353
f 512 504 505
f 512 505 513
f 508 351 358
f 508 358 515
f 515 358 357
f 515 357 514
f 517 352 510
f 517 361 352
f 516 510 509
f 516 517 510
f 518 362 361
f 518 361 517
f 518 517 510
f 518 510 511
f 523 514 357
f 523 357 365
f 524 514 523
f 524 515 514
f 369 525 368
f 369 526 525
f 518 370 362
f 518 527 370
f 370 526 369
f 370 527 526
f 526 518 517
f 526 527 518
f 372 371 528
f 372 528 529
f 529 528 519
f 529 519 520
f 530 521 522
f 530 522 531
f 532 523 365
f 532 365 373
f 533 523 532
f 533 524 523
f 525 375 368
f 525 534 375
f 376 375 534
f 376 534 535
f 537 528 371
f 537 371 377
f 536 527 528
f 536 528 537
f 538 372 529
f 538 378 372
f 378 537 377
f 378 538 537
f 532 373 379
f 532 379 539
f 540 532 539
f 540 533 532
f 542 376 535
f 542 381 376
f 542 380 381
f 542 541 380
f 541 535 534
f 541 542 535
f 543 536 537
f 543 537 544
f 545 384 383
f 545 383 544
f 544 537 538
f 544 538 545
f 386 385 546
f 386 546 547
f 539 379 387
f 539 387 548
f 548 387 386
f 548 386 547
f 541 388 380
f 541 549 388
f 389 388 549
f 389 549 550
f 549 541 542
f 549 542 550
f 551 390 389
f 551 389 550
f 544 383 391
f 544 391 552
f 553 384 545
f 553 392 384
f 554 546 385
f 554 385 393
f 554 393 392
f 554 392 553
f 553 545 546
f 553 546 554
f 555 548 547
f 555 556 548
f 551 397 390
f 551 559 397
f 552 391 398
f 552 398 560
f 398 397 559
f 398 559 560
f 559 551 552
f 559 552 560
f 562 557 561
f 562 558 557
f 564 561 563
f 564 562 561
f 404 567 403
f 404 568 567
f 570 565 569
f 570 566 565
f 574 403 567
f 574 405 403
f 575 568 404
f 575 404 406
f 576 568 575
f 576 569 568
f 408 576 407
f 408 577 576
f 576 570 569
f 576 577 570
f 581 571 580
f 581 572 571
f 581 573 572
f 581 582 573
f 583 405 574
f 583 410 405
f 583 409 410
f 583 582 409
f 584 575 406
f 584 406 411
f 585 407 576
f 585 412 407
f 585 411 412
f 585 584 411
f 585 575 584
f 585 576 575
f 586 577 408
f 586 408 413
f 586 578 577
f 586 587 578
f 589 579 588
f 589 580 579
f 590 580 589
f 590 581 580
f 591 409 582
f 591 415 409
f 590 582 581
f 590 591 582
f 416 415 591
f 416 591 592
f 586 413 417
f 586 417 594
f 595 586 594
f 595 587 586
f 596 589 588
f 596 597 589
f 598 589 597
f 598 590 589
f 599 590 598
f 599 591 590
f 592 420 416
f 592 600 420
f 420 599 419
f 420 600 599
f 599 592 591
f 599 600 592
f 600 592 593
f 600 593 601
f 594 417 422
f 594 422 603
f 603 422 421
f 603 421 602
f 604 598 597
f 604 605 598
f 606 419 599
f 606 423 419
f 606 598 605
f 606 599 598
f 602 421 425
f 602 425 607
f 608 425 426
f 608 607 425
f 608 602 607
f 608 603 602
f 609 426 427
f 609 608 426
f 611 605 604
f 611 612 605
f 606 429 423
f 606 613 429
f 612 606 605
f 612 613 606
f 430 429 613
f 430 613 614
f 617 616 607
f 617 607 608
f 618 609 427
f 618 427 431
f 618 610 609
f 618 619 610
f 622 432 433
f 622 621 432
f 622 611 621
f 622 612 611
f 434 622 433
f 434 623 622
f 622 613 612
f 622 623 613
f 614 435 430
f 614 624 435
f 435 623 434
f 435 624 623
f 623 614 613
f 623 624 614
f 625 624 614
f 625 614 615
f 618 431 437
f 618 437 626
f 627 618 626
f 627 619 618
f 629 432 621
f 629 438 432
f 629 620 628
f 629 621 620
f 631 440 439
f 631 439 630
f 632 441 440
f 632 440 631
f 633 442 441
f 633 441 632
f 626 437 444
f 626 444 636
f 445 636 444
f 445 637 636
f 642 438 629
f 642 447 438
f 447 641 446
f 447 642 641
f 642 628 641
f 642 629 628
f 630 439 448
f 630 448 643
f 642 629 630
f 642 630 643
f 644 630 643
f 644 631 630
f 633 451 442
f 633 646 451
f 645 633 632
f 645 646 633
f 647 634 635
f 647 635 648
f 649 453 452
f 649 452 648
f 637 445 454
f 637 454 650
f 454 453 649
f 454 649 650
f 650 649 636
f 650 636 637
f 651 637 650
f 651 638 637
f 652 638 651
f 652 639 638
f 654 446 641
f 654 455 446
f 654 640 653
f 654 641 640
f 655 456 455
f 655 455 654
f 656 643 448
f 656 448 457
f 657 457 458
f 657 656 457
f 656 644 643
f 656 657 644
f 646 460 451
f 646 658 460
f 648 452 461
f 648 461 660
f 660 659 647
f 660 647 648
f 661 461 462
f 661 660 461
f 662 649 661
f 662 650 649
f 666 456 655
f 666 463 456
f 667 464 463
f 667 463 666
f 668 657 458
f 668 458 465
f 669 460 658
f 669 467 460
f 468 467 669
f 468 669 670
f 670 669 658
f 670 658 659
f 469 468 670
f 469 670 671
f 671 670 659
f 671 659 660
f 661 462 470
f 661 470 672
f 672 470 469
f 672 469 671
f 672 662 661
f 672 673 662
f 673 663 662
f 673 674 663
f 675 663 674
f 675 664 663
f 678 665 677
f 678 666 665
f 667 472 464
f 667 679 472
f 678 667 666
f 678 679 667
f 668 465 473
f 668 473 680
f 680 473 472
f 680 472 679
f 683 671 682
f 683 672 671
f 684 475 476
f 684 683 475
f 684 672 683
f 684 673 672
f 477 684 476
f 477 685 684
f 685 673 684
f 685 674 673
f 687 676 686
f 687 677 676
f 688 677 687
f 688 678 677
f 691 681 690
f 691 682 681
f 683 478 475
f 683 692 478
f 693 479 478
f 693 478 692
f 694 685 477
f 694 477 480
f 480 479 693
f 480 693 694
f 696 686 695
f 696 687 686
f 697 690 689
f 697 698 690
f 698 691 690
f 698 699 691
f 700 691 699
f 700 692 691
f 701 699 698
f 701 702 699
f 703 699 702
f 703 700 699
f 482 704 481
f 482 705 704
f 704 483 481
f 704 710 483
f 711 705 482
f 711 482 484
f 712 705 711
f 712 706 705
f 712 707 706
f 712 713 707
f 717 708 716
f 717 709 708
f 718 483 710
f 718 486 483
f 718 485 486
f 718 717 485
f 718 709 717
f 718 710 709
f 719 711 484
f 719 484 487
f 488 719 487
f 488 720 719
f 719 712 711
f 719 720 712
f 489 720 488
f 489 721 720
f 720 713 712
f 720 721 713
f 725 714 724
f 725 715 714
f 726 715 725
f 726 716 715
f 727 485 717
f 727 491 485
f 727 716 726
f 727 717 716
f 729 721 489
f 729 489 494
f 494 493 728
f 494 728 729
f 730 721 729
f 730 722 721
f 732 723 731
f 732 724 723
f 733 724 732
f 733 725 724
f 734 725 733
f 734 726 725
f 727 496 491
f 727 735 496
f 735 726 734
f 735 727 726
f 728 493 497
f 728 497 736
f 737 728 736
f 737 729 728
f 739 731 738
f 739 732 731
f 740 734 733
f 740 741 734
f 742 496 735
f 742 500 496
f 741 735 734
f 741 742 735
f 736 497 501
f 736 501 745
f 745 737 736
f 745 746 737
f 747 502 503
f 747 746 502
f 749 740 748
f 749 741 740
f 750 500 742
f 750 504 500
f 749 742 741
f 749 750 742
f 505 504 750
f 505 750 751
f 752 751 743
f 752 743 744
f 745 501 506
f 745 506 753
f 746 507 502
f 746 754 507
f 754 506 507
f 754 753 506
f 747 503 508
f 747 508 755
f 757 509 510
f 757 756 509
f 758 748 757
f 758 749 748
f 512 758 511
f 512 759 758
f 759 749 758
f 759 750 749
f 760 505 751
f 760 513 505
f 513 759 512
f 513 760 759
f 760 750 759
f 760 751 750
f 755 508 515
f 755 515 761
f 756 516 509
f 756 762 516
f 763 757 510
f 763 510 517
f 763 517 516
f 763 516 762
f 758 518 511
f 758 764 518
f 764 517 518
f 764 763 517
f 764 757 763
f 764 758 757
f 766 520 519
f 766 519 765
f 522 521 767
f 522 767 768
f 761 515 524
f 761 524 769
f 763 526 517
f 763 774 526
f 526 773 525
f 526 774 773
f 774 762 773
f 774 763 762
f 774 763 764
f 774 764 775
f 776 765 519
f 776 519 528
f 776 528 527
f 776 527 775
f 777 520 766
f 777 529 520
f 767 521 530
f 767 530 778
f 768 531 522
f 768 779 531
f 531 778 530
f 531 779 778
f 778 768 767
f 778 779 768
f 769 524 533
f 769 533 781
f 782 771 770
f 782 783 771
f 785 525 773
f 785 534 525
f 785 772 784
f 785 773 772
f 786 775 527
f 786 527 536
f 786 776 775
f 786 787 776
f 777 538 529
f 777 788 538
f 781 533 540
f 781 540 792
f 540 539 791
f 540 791 792
f 792 791 780
f 792 780 781
f 785 541 534
f 785 797 541
f 796 785 784
f 796 797 785
f 798 542 541
f 798 541 797
f 786 536 543
f 786 543 799
f 800 543 544
f 800 799 543
f 799 787 786
f 799 800 787
f 801 538 788
f 801 545 538
f 546 545 801
f 546 801 802
f 801 788 789
f 801 789 802
f 547 546 802
f 547 802 803
f 802 789 790
f 802 790 803
f 804 791 539
f 804 539 548
f 804 792 791
f 804 805 792
f 805 793 792
f 805 806 793
f 806 794 793
f 806 807 794
f 807 795 794
f 807 808 795
f 798 550 542
f 798 811 550
f 810 798 797
f 810 811 798
f 551 550 811
f 551 811 812
f 813 800 544
f 813 544 552
f 552 551 812
f 552 812 813
f 803 555 547
f 803 814 555
f 804 548 556
f 804 556 815
f 815 556 555
f 815 555 814
f 816 804 815
f 816 805 804
f 558 816 557
f 558 817 816
f 817 805 816
f 817 806 805
f 818 806 817
f 818 807 806
f 819 807 818
f 819 808 807
f 822 809 821
f 822 810 809
f 823 810 822
f 823 811 810
f 827 814 826
f 827 815 814
f 828 557 816
f 828 561 557
f 828 815 827
f 828 816 815
f 829 817 558
f 829 558 562
f 830 817 829
f 830 818 817
f 832 820 831
f 832 821 820
f 833 821 832
f 833 822 821
f 834 825 824
f 834 835 825
f 835 826 825
f 835 836 826
f 837 826 836
f 837 827 826
f 828 563 561
f 828 838 563
f 839 829 562
f 839 562 564
f 839 564 563
f 839 563 838
f 840 836 835
f 840 841 836
f 842 836 841
f 842 837 836
f 843 837 842
f 843 838 837
f 845 565 566
f 845 844 565
f 849 567 568
f 849 848 567
f 850 565 844
f 850 569 565
f 569 849 568
f 569 850 849
f 851 845 566
f 851 566 570
f 852 847 846
f 852 853 847
f 856 571 572
f 856 855 571
f 573 856 572
f 573 857 856
f 848 574 567
f 848 858 574
f 861 851 570
f 861 570 577
f 862 577 578
f 862 861 577
f 863 853 852
f 863 864 853
f 864 854 853
f 864 865 854
f 866 571 855
f 866 580 571
f 866 579 580
f 866 865 579
f 867 857 573
f 867 573 582
f 868 574 858
f 868 583 574
f 583 867 582
f 583 868 867
f 867 858 857
f 867 868 858
f 869 859 860
f 869 860 870
f 871 870 860
f 871 860 861
f 862 578 587
f 862 587 872
f 871 861 862
f 871 862 872
f 874 579 865
f 874 588 579
f 874 864 873
f 874 865 864
f 593 592 875
f 593 875 876
f 877 870 871
f 877 871 878
f 872 587 595
f 872 595 879
f 595 594 878
f 595 878 879
f 878 871 872
f 878 872 879
f 874 596 588
f 874 881 596
f 880 874 873
f 880 881 874
f 882 597 596
f 882 596 881
f 875 592 600
f 875 600 883
f 876 601 593
f 876 884 601
f 601 883 600
f 601 884 883
f 883 876 875
f 883 884 876
f 885 878 594
f 885 594 603
f 885 879 878
f 885 886 879
f 887 881 880
f 887 888 881
f 882 604 597
f 882 889 604
f 888 882 881
f 888 889 882
f 893 885 603
f 893 603 608
f 608 607 892
f 608 892 893
f 609 893 608
f 609 894 893
f 894 885 893
f 894 886 885
f 610 894 609
f 610 895 894
f 896 888 887
f 896 897 888
f 889 611 604
f 889 898 611
f 898 888 897
f 898 889 888
f 615 614 899
f 615 899 900
f 900 899 890
f 900 890 891
f 892 607 616
f 892 616 901
f 893 617 608
f 893 902 617
f 617 901 616
f 617 902 901
f 902 892 901
f 902 893 892
f 895 610 619
f 895 619 903
f 905 611 898
f 905 621 611
f 905 620 621
f 905 904 620
f 905 897 904
f 905 898 897
f 906 899 614
f 906 614 624
f 907 615 900
f 907 625 615
f 625 906 624
f 625 907 906
f 903 619 627
f 903 627 910
f 627 626 909
f 627 909 910
f 913 620 904
f 913 628 620
f 630 629 914
f 630 914 915
f 917 632 631
f 917 631 916
f 635 634 918
f 635 918 919
f 920 909 626
f 920 626 636
f 920 919 908
f 920 908 909
f 921 909 920
f 921 910 909
f 638 921 637
f 638 922 921
f 922 910 921
f 922 911 910
f 639 922 638
f 639 923 922
f 922 912 911
f 922 923 912
f 913 641 628
f 913 925 641
f 925 640 641
f 925 924 640
f 914 629 642
f 914 642 926
f 927 630 915
f 927 643 630
f 927 642 643
f 927 926 642
f 926 915 914
f 926 927 915
f 916 631 644
f 916 644 928
f 917 645 632
f 917 929 645
f 928 917 916
f 928 929 917
f 930 646 645
f 930 645 929
f 918 634 647
f 918 647 931
f 932 635 919
f 932 648 635
f 932 918 931
f 932 919 918
f 933 920 636
f 933 636 649
f 933 649 648
f 933 648 932
f 934 637 921
f 934 650 637
f 650 933 649
f 650 934 933
f 933 921 920
f 933 934 921
f 651 650 934
f 651 934 935
f 936 923 639
f 936 639 652
f 652 651 935
f 652 935 936
f 924 653 640
f 924 937 653
f 938 654 653
f 938 653 937
f 938 937 924
f 938 924 925
f 939 655 654
f 939 654 938
f 940 928 644
f 940 644 657
f 941 928 940
f 941 929 928
f 942 646 930
f 942 658 646
f 931 647 659
f 931 659 943
f 659 658 942
f 659 942 943
f 942 930 931
f 942 931 943
f 944 931 943
f 944 932 931
f 945 649 933
f 945 661 649
f 945 660 661
f 945 944 660
f 945 932 944
f 945 933 932
f 946 934 650
f 946 650 662
f 663 946 662
f 663 947 946
f 946 935 934
f 946 947 935
f 664 947 663
f 664 948 947
f 947 936 935
f 947 948 936
f 949 938 937
f 949 950 938
f 951 655 939
f 951 666 655
f 951 665 666
f 951 950 665
f 950 939 938
f 950 951 939
f 940 657 668
f 940 668 952
f 944 671 660
f 944 955 671
f 955 943 954
f 955 944 943
f 957 948 664
f 957 664 675
f 675 674 956
f 675 956 957
f 959 665 950
f 959 677 665
f 959 676 677
f 959 958 676
f 961 679 678
f 961 678 960
f 952 668 680
f 952 680 962
f 680 679 961
f 680 961 962
f 965 953 964
f 965 954 953
f 966 671 955
f 966 682 671
f 966 681 682
f 966 965 681
f 965 955 954
f 965 966 955
f 967 683 682
f 967 682 966
f 968 956 674
f 968 674 685
f 970 676 958
f 970 686 676
f 960 678 688
f 960 688 972
f 688 687 971
f 688 971 972
f 973 963 962
f 973 974 963
f 975 963 974
f 975 964 963
f 976 681 965
f 976 690 681
f 976 689 690
f 976 975 689
f 976 964 975
f 976 965 964
f 977 966 682
f 977 682 691
f 967 692 683
f 967 978 692
f 692 977 691
f 692 978 977
f 977 967 966
f 977 978 967
f 693 692 978
f 693 978 979
f 968 685 694
f 968 694 980
f 980 694 693
f 980 693 979
f 980 969 968
f 980 981 969
f 970 695 686
f 970 982 695
f 971 687 696
f 971 696 983
f 983 696 695
f 983 695 982
f 984 974 973
f 984 985 974
f 975 697 689
f 975 986 697
f 986 974 985
f 986 975 974
f 987 698 697
f 987 697 986
f 978 692 700
f 978 700 989
f 990 978 989
f 990 979 978
f 991 981 980
f 991 992 981
f 987 701 698
f 987 993 701
f 994 702 701
f 994 701 993
f 995 989 700
f 995 700 703
f 995 703 702
f 995 702 994
f 995 994 988
f 995 988 989
f 705 996 704
f 705 997 996
f 706 997 705
f 706 998 997
f 999 706 707
f 999 998 706
f 1004 708 709
f 1004 1003 708
f 996 710 704
f 996 1005 710
f 1005 709 710
f 1005 1004 709
f 1006 1005 996
f 1006 996 997
f 1008 999 707
f 1008 707 713
f 1009 1001 1000
f 1009 1010 1001
f 1010 1002 1001
f 1010 1011 1002
f 1013 714 715
f 1013 1012 714
f 1014 708 1003
f 1014 716 708
f 1014 715 716
f 1014 1013 715
f 1016 1015 1004
f 1016 1004 1005
f 1018 1008 713
f 1018 713 721
f 1018 1017 1007
f 1018 1007 1008
f 722 1018 721
f 722 1019 1018
f 1020 1011 1010
f 1020 1021 1011
f 1022 714 1012
f 1022 724 714
f 1022 723 724
f 1022 1021 723
f 1022 1011 1021
f 1022 1012 1011
f 1024 1023 1017
f 1024 1017 1018
f 1019 722 730
f 1019 730 1025
f 730 729 1024
f 730 1024 1025
f 1024 1018 1019
f 1024 1019 1025
f 1026 723 1021
f 1026 731 723
f 1028 733 732
f 1028 732 1027
f 1024 729 737
f 1024 737 1030
f 1029 1023 1024
f 1029 1024 1030
f 1026 738 731
f 1026 1032 738
f 1027 732 739
f 1027 739 1033
f 1033 739 738
f 1033 738 1032
f 1028 740 733
f 1028 1034 740
f 1034 1027 1033
f 1034 1028 1027
f 744 743 1035
f 744 1035 1036
f 1038 1030 737
f 1038 737 746
f 746 745 1037
f 746 1037 1038
f 747 1038 746
f 747 1039 1038
f 1038 1031 1030
f 1038 1039 1031
f 1041 1032 1040
f 1041 1033 1032
f 1034 748 740
f 1034 1042 748
f 1041 1034 1033
f 1041 1042 1034
f 1044 1035 743
f 1044 743 751
f 1036 752 744
f 1036 1045 752
f 752 1044 751
f 752 1045 1044
f 1045 1035 1044
f 1045 1036 1035
f 1037 745 753
f 1037 753 1046
f 1047 746 1038
f 1047 754 746
f 1047 753 754
f 1047 1046 753
f 1047 1037 1046
f 1047 1038 1037
f 1048 1039 747
f 1048 747 755
f 1050 1041 1040
f 1050 1051 1041
f 1052 748 1042
f 1052 757 748
f 1052 756 757
f 1052 1051 756
f 1052 1041 1051
f 1052 1042 1041
f 1054 1053 1043
f 1054 1043 1044
f 1055 1054 1044
f 1055 1044 1045
f 1056 1048 755
f 1056 755 761
f 1056 1049 1048
f 1056 1057 1049
f 1060 756 1051
f 1060 762 756
f 764 763 1061
f 764 1061 1062
f 1064 766 765
f 1064 765 1063
f 1056 761 769
f 1056 769 1066
f 1067 1056 1066
f 1067 1057 1056
f 771 1067 770
f 771 1068 1067
f 1067 1058 1057
f 1067 1068 1058
f 1068 1059 1058
f 1068 1069 1059
f 1071 762 1060
f 1071 773 762
f 1071 772 773
f 1071 1070 772
f 1061 763 774
f 1061 774 1072
f 1062 775 764
f 1062 1073 775
f 775 1072 774
f 775 1073 1072
f 1072 1062 1061
f 1072 1073 1062
f 1063 765 776
f 1063 776 1074
f 1064 777 766
f 1064 1075 777
f 1074 1064 1063
f 1074 1075 1064
f 1066 769 781
f 1066 781 1078
f 1078 781 780
f 1078 780 1077
f 1078 1077 1065
f 1078 1065 1066
f 1079 770 1067
f 1079 782 770
f 1079 1066 1078
f 1079 1067 1066
f 1080 1068 771
f 1080 771 783
f 1080 783 782
f 1080 782 1079
f 1081 1068 1080
f 1081 1069 1068
f 1070 784 772
f 1070 1082 784
f 1074 776 787
f 1074 787 1083
f 1084 777 1075
f 1084 788 777
f 1084 1074 1083
f 1084 1075 1074
f 1085 789 788
f 1085 788 1084
f 1084 1075 1076
f 1084 1076 1085
f 1086 790 789
f 1086 789 1085
f 1087 1077 780
f 1087 780 791
f 792 1087 791
f 792 1088 1087
f 1088 1077 1087
f 1088 1078 1077
f 793 1088 792
f 793 1089 1088
f 1088 1079 1078
f 1088 1089 1079
f 1090 793 794
f 1090 1089 793
f 1089 1080 1079
f 1089 1090 1080
f 795 1090 794
f 795 1091 1090
f 1090 1081 1080
f 1090 1091 1081
f 1082 796 784
f 1082 1092 796
f 1093 797 796
f 1093 796 1092
f 1095 1083 787
f 1095 787 800
f 1097 790 1086
f 1097 803 790
f 1098 1091 795
f 1098 795 808
f 1093 810 797
f 1093 1100 810
f 1100 809 810
f 1100 1099 809
f 812 811 1101
f 812 1101 1102
f 1095 800 813
f 1095 813 1103
f 813 812 1102
f 813 1102 1103
f 1103 1102 1094
f 1103 1094 1095
f 1106 803 1097
f 1106 814 803
f 1106 1096 1105
f 1106 1097 1096
f 1098 808 819
f 1098 819 1108
f 819 818 1107
f 819 1107 1108
f 1110 809 1099
f 1110 821 809
f 1110 820 821
f 1110 1109 820
f 1101 811 823
f 1101 823 1112
f 823 822 1111
f 823 1111 1112
f 1114 1104 1103
f 1114 1115 1104
f 1116 824 825
f 1116 1115 824
f 1116 1104 1115
f 1116 1105 1104
f 1106 826 814
f 1106 1117 826
f 826 1116 825
f 826 1117 1116
f 1116 1106 1105
f 1116 1117 1106
f 1119 828 827
f 1119 827 1118
f 1107 818 830
f 1107 830 1121
f 1121 830 829
f 1121 829 1120
f 1122 1107 1121
f 1122 1108 1107
f 1123 820 1109
f 1123 831 820
f 1124 832 831
f 1124 831 1123
f 1111 822 833
f 1111 833 1125
f 833 832 1124
f 833 1124 1125
f 1127 1113 1126
f 1127 1114 1113
f 1115 834 824
f 1115 1128 834
f 1127 1115 1114
f 1127 1128 1115
f 1129 835 834
f 1129 834 1128
f 1118 827 837
f 1118 837 1131
f 1130 1117 1118
f 1130 1118 1131
f 1119 838 828
f 1119 1132 838
f 1132 837 838
f 1132 1131 837
f 1132 1118 1131
f 1132 1119 1118
f 1120 829 839
f 1120 839 1133
f 839 838 1132
f 839 1132 1133
f 1133 1132 1119
f 1133 1119 1120
f 1134 1120 1133
f 1134 1121 1120
f 1134 1122 1121
f 1134 1135 1122
f 1129 840 835
f 1129 1137 840
f 1136 1129 1128
f 1136 1137 1129
f 1138 841 840
f 1138 840 1137
f 842 841 1138
f 842 1138 1139
f 1132 838 843
f 1132 843 1140
f 1140 843 842
f 1140 842 1139
f 1140 1139 1131
f 1140 1131 1132
f 1143 844 845
f 1143 1142 844
f 847 1144 846
f 847 1145 1144
f 849 1146 848
f 849 1147 1146
f 1148 844 1142
f 1148 850 844
f 1148 849 850
f 1148 1147 849
f 1148 1141 1147
f 1148 1142 1141
f 1149 1143 845
f 1149 845 851
f 1144 852 846
f 1144 1150 852
f 1145 847 853
f 1145 853 1151
f 1151 1150 1144
f 1151 1144 1145
f 854 1151 853
f 854 1152 1151
f 1154 855 856
f 1154 1153 855
f 857 1154 856
f 857 1155 1154
f 1146 858 848
f 1146 1156 858
f 858 1155 857
f 858 1156 1155
f 1157 1156 1146
f 1157 1146 1147
f 1158 860 859
f 1158 859 1157
f 1149 851 861
f 1149 861 1159
f 1159 861 860
f 1159 860 1158
f 1150 863 852
f 1150 1160 863
f 1161 864 863
f 1161 863 1160
f 1162 1152 854
f 1162 854 865
f 1153 866 855
f 1153 1163 866
f 866 1162 865
f 866 1163 1162
f 1164 1157 859
f 1164 859 869
f 870 1164 869
f 870 1165 1164
f 1164 1158 1157
f 1164 1165 1158
f 1166 1158 1165
f 1166 1159 1158
f 1161 873 864
f 1161 1167 873
f 1165 870 877
f 1165 877 1171
f 1172 877 878
f 1172 1171 877
f 1173 878 879
f 1173 1172 878
f 1174 873 1167
f 1174 880 873
f 1178 1177 1168
f 1178 1168 1169
f 1178 1169 1170
f 1178 1170 1179
f 1173 879 886
f 1173 886 1182
f 1181 1172 1173
f 1181 1173 1182
f 1185 880 1174
f 1185 887 880
f 1186 1175 1176
f 1186 1176 1187
f 891 890 1188
f 891 1188 1189
f 1190 1189 1179
f 1190 1179 1180
f 1191 1182 886
f 1191 886 894
f 895 1191 894
f 895 1192 1191
f 1195 1183 1194
f 1195 1184 1183
f 1185 896 887
f 1185 1196 896
f 1197 897 896
f 1197 896 1196
f 1198 1188 890
f 1198 890 899
f 1199 891 1189
f 1199 900 891
f 1199 1188 1198
f 1199 1189 1188
f 1200 1192 895
f 1200 895 903
f 1200 1193 1192
f 1200 1201 1193
f 1202 1193 1201
f 1202 1194 1193
f 1203 1194 1202
f 1203 1195 1194
f 1197 904 897
f 1197 1205 904
f 1206 1198 899
f 1206 899 906
f 1207 900 1199
f 1207 907 900
f 907 1206 906
f 907 1207 1206
f 1206 1199 1198
f 1206 1207 1199
f 1209 909 908
f 1209 908 1208
f 1210 1200 903
f 1210 903 910
f 911 1210 910
f 911 1211 1210
f 1210 1201 1200
f 1210 1211 1201
f 912 1211 911
f 912 1212 1211
f 1211 1202 1201
f 1211 1212 1202
f 1215 904 1205
f 1215 913 904
f 1215 1204 1214
f 1215 1205 1204
f 1217 1208 908
f 1217 908 919
f 1209 920 909
f 1209 1218 920
f 1218 919 920
f 1218 1217 919
f 1218 1208 1217
f 1218 1209 1208
f 1219 1212 912
f 1219 912 923
f 1219 1213 1212
f 1219 1220 1213
f 1215 925 913
f 1215 1222 925
f 1221 1215 1214
f 1221 1222 1215
f 930 929 1223
f 930 1223 1224
f 931 930 1224
f 931 1224 1225
f 1226 1225 1216
f 1226 1216 1217
f 1227 1226 1217
f 1227 1217 1218
f 1228 1219 923
f 1228 923 936
f 1228 1220 1219
f 1228 1229 1220
f 1232 925 1222
f 1232 938 925
f 1232 937 938
f 1232 1231 937
f 1223 929 941
f 1223 941 1234
f 941 940 1233
f 941 1233 1234
f 1235 1223 1234
f 1235 1224 1223
f 1236 931 1225
f 1236 943 931
f 1228 936 948
f 1228 948 1237
f 1238 1228 1237
f 1238 1229 1228
f 1238 1230 1229
f 1238 1239 1230
f 1231 949 937
f 1231 1240 949
f 1241 950 949
f 1241 949 1240
f 1233 940 952
f 1233 952 1242
f 1243 1233 1242
f 1243 1234 1233
f 1243 1235 1234
f 1243 1244 1235
f 1245 943 1236
f 1245 954 943
f 1245 953 954
f 1245 1244 953
f 1245 1235 1244
f 1245 1236 1235
f 1237 948 957
f 1237 957 1247
f 957 956 1246
f 957 1246 1247
f 1241 959 950
f 1241 1249 959
f 959 1248 958
f 959 1249 1248
f 1248 1241 1240
f 1248 1249 1241
f 1251 961 960
f 1251 960 1250
f 1252 1242 952
f 1252 952 962
f 1252 962 961
f 1252 961 1251
f 963 1252 962
f 963 1253 1252
f 1253 1242 1252
f 1253 1243 1242
f 1254 953 1244
f 1254 964 953
f 1254 963 964
f 1254 1253 963
f 1254 1243 1253
f 1254 1244 1243
f 1257 1246 956
f 1257 956 968
f 969 1257 968
f 969 1258 1257
f 1258 1246 1257
f 1258 1247 1246
f 1259 958 1248
f 1259 970 958
f 1259 1248 1249
f 1259 1249 1260
f 1250 960 972
f 1250 972 1261
f 972 971 1260
f 972 1260 1261
f 1260 1249 1250
f 1260 1250 1261
f 1252 973 962
f 1252 1263 973
f 1263 1251 1262
f 1263 1252 1251
f 1264 1255 1256
f 1264 1256 1265
f 1268 980 979
f 1268 979 1267
f 1269 1258 969
f 1269 969 981
f 1270 970 1259
f 1270 982 970
f 1271 1260 971
f 1271 971 983
f 983 982 1270
f 983 1270 1271
f 1271 1270 1259
f 1271 1259 1260
f 1271 1261 1260
f 1271 1272 1261
f 1272 1262 1261
f 1272 1273 1262
f 1263 984 973
f 1263 1274 984
f 1273 1263 1262
f 1273 1274 1263
f 1275 985 984
f 1275 984 1274
f 1276 986 985
f 1276 985 1275
f 987 986 1276
f 987 1276 1277
f 1279 989 988
f 1279 988 1278
f 1278 1265 1266
f 1278 1266 1279
f 1267 979 990
f 1267 990 1280
f 990 989 1279
f 990 1279 1280
f 1268 991 980
f 1268 1281 991
f 1269 981 992
f 1269 992 1282
f 1282 992 991
f 1282 991 1281
f 1283 987 1277
f 1283 993 987
f 1284 1278 988
f 1284 988 994
f 1284 994 993
f 1284 993 1283
f 1285 1280 1279
f 1285 1286 1280
f 998 1290 997
f 998 1291 1290
f 1291 1287 1290
f 1291 1288 1287
f 1292 998 999
f 1292 1291 998
f 1294 1000 1001
f 1294 1293 1000
f 1295 1001 1002
f 1295 1294 1001
f 1299 1003 1004
f 1299 1298 1003
f 1301 997 1290
f 1301 1006 997
f 1006 1300 1005
f 1006 1301 1300
f 1301 1289 1300
f 1301 1290 1289
f 1303 1292 999
f 1303 999 1008
f 1303 1008 1007
f 1303 1007 1302
f 1293 1009 1000
f 1293 1304 1009
f 1010 1009 1304
f 1010 1304 1305
f 1306 1295 1002
f 1306 1002 1011
f 1306 1305 1294
f 1306 1294 1295
f 1307 1011 1012
f 1307 1306 1011
f 1308 1012 1013
f 1308 1307 1012
f 1308 1296 1307
f 1308 1297 1296
f 1309 1003 1298
f 1309 1014 1003
f 1309 1013 1014
f 1309 1308 1013
f 1309 1297 1308
f 1309 1298 1297
f 1299 1004 1015
f 1299 1015 1310
f 1300 1016 1005
f 1300 1311 1016
f 1311 1015 1016
f 1311 1310 1015
f 1302 1007 1017
f 1302 1017 1312
f 1313 1302 1312
f 1313 1303 1302
f 1305 1020 1010
f 1305 1314 1020
f 1315 1021 1020
f 1315 1020 1314
f 1312 1017 1023
f 1312 1023 1316
f 1315 1026 1021
f 1315 1319 1026
f 1318 1315 1314
f 1318 1319 1315
f 1320 1316 1023
f 1320 1023 1029
f 1321 1029 1030
f 1321 1320 1029
f 1320 1317 1316
f 1320 1321 1317
f 1322 1030 1031
f 1322 1321 1030
f 1319 1032 1026
f 1319 1323 1032
f 1322 1031 1039
f 1322 1039 1326
f 1325 1321 1322
f 1325 1322 1326
f 1323 1040 1032
f 1323 1331 1040
f 1331 1323 1324
f 1331 1324 1332
f 1334 1044 1043
f 1334 1043 1333
f 1335 1045 1044
f 1335 1044 1334
f 1337 1326 1039
f 1337 1039 1048
f 1336 1325 1326
f 1336 1326 1337
f 1338 1048 1049
f 1338 1337 1048
f 1337 1327 1326
f 1337 1338 1327
f 1339 1327 1338
f 1339 1328 1327
f 1340 1328 1339
f 1340 1329 1328
f 1341 1329 1340
f 1341 1330 1329
f 1331 1050 1040
f 1331 1342 1050
f 1343 1051 1050
f 1343 1050 1342
f 1344 1333 1043
f 1344 1043 1053
f 1054 1344 1053
f 1054 1345 1344
f 1335 1055 1045
f 1335 1346 1055
f 1346 1054 1055
f 1346 1345 1054
f 1346 1334 1345
f 1346 1335 1334
f 1347 1338 1049
f 1347 1049 1057
f 1058 1347 1057
f 1058 1348 1347
f 1347 1339 1338
f 1347 1348 1339
f 1059 1348 1058
f 1059 1349 1348
f 1349 1339 1348
f 1349 1340 1339
f 1343 1060 1051
f 1343 1351 1060
f 1350 1343 1342
f 1350 1351 1343
f 1355 1066 1065
f 1355 1065 1354
f 1356 1349 1059
f 1356 1059 1069
f 1351 1071 1060
f 1351 1359 1071
f 1359 1070 1071
f 1359 1358 1070
f 1358 1351 1350
f 1358 1359 1351
f 1076 1075 1360
f 1076 1360 1361
f 1362 1361 1352
f 1362 1352 1353
f 1363 1354 1065
f 1363 1065 1077
f 1355 1078 1066
f 1355 1364 1078
f 1078 1363 1077
f 1078 1364 1363
f 1363 1355 1354
f 1363 1364 1355
f 1365 1356 1069
f 1365 1069 1081
f 1365 1357 1356
f 1365 1366 1357
f 1367 1070 1358
f 1367 1082 1070
f 1368 1367 1358
f 1368 1358 1359
f 1360 1075 1084
f 1360 1084 1370
f 1084 1083 1369
f 1084 1369 1370
f 1371 1076 1361
f 1371 1085 1076
f 1371 1360 1370
f 1371 1361 1360
f 1372 1086 1085
f 1372 1085 1371
f 1372 1371 1361
f 1372 1361 1362
f 1375 1365 1081
f 1375 1081 1091
f 1375 1366 1365
f 1375 1376 1366
f 1367 1092 1082
f 1367 1377 1092
f 1378 1093 1092
f 1378 1092 1377
f 1380 1369 1083
f 1380 1083 1095
f 1095 1094 1379
f 1095 1379 1380
f 1381 1369 1380
f 1381 1370 1369
f 1381 1371 1370
f 1381 1382 1371
f 1383 1086 1372
f 1383 1097 1086
f 1383 1096 1097
f 1383 1382 1096
f 1384 1373 1374
f 1384 1374 1385
f 1387 1375 1091
f 1387 1091 1098
f 1388 1375 1387
f 1388 1376 1375
f 1378 1100 1093
f 1378 1390 1100
f 1390 1099 1100
f 1390 1389 1099
f 1390 1377 1389
f 1390 1378 1377
f 1379 1094 1102
f 1379 1102 1392
f 1392 1102 1101
f 1392 1101 1391
f 1393 1379 1392
f 1393 1380 1379
f 1104 1393 1103
f 1104 1394 1393
f 1394 1380 1393
f 1394 1381 1380
f 1395 1096 1382
f 1395 1105 1096
f 1395 1104 1105
f 1395 1394 1104
f 1395 1381 1394
f 1395 1382 1381
f 1397 1387 1098
f 1397 1098 1108
f 1397 1396 1386
f 1397 1386 1387
f 1389 1110 1099
f 1389 1399 1110
f 1110 1398 1109
f 1110 1399 1398
f 1391 1101 1112
f 1391 1112 1401
f 1401 1112 1111
f 1401 1111 1400
f 1402 1391 1401
f 1402 1392 1391
f 1403 1103 1393
f 1403 1114 1103
f 1403 1113 1114
f 1403 1402 1113
f 1403 1392 1402
f 1403 1393 1392
f 1407 1118 1117
f 1407 1117 1406
f 1120 1119 1408
f 1120 1408 1409
f 1397 1108 1122
f 1397 1122 1411
f 1411 1410 1396
f 1411 1396 1397
f 1412 1109 1398
f 1412 1123 1109
f 1124 1123 1412
f 1124 1412 1413
f 1413 1412 1398
f 1413 1398 1399
f 1400 1111 1125
f 1400 1125 1414
f 1125 1124 1413
f 1125 1413 1414
f 1413 1399 1400
f 1413 1400 1414
f 1415 1400 1414
f 1415 1401 1400
f 1402 1126 1113
f 1402 1416 1126
f 1415 1402 1401
f 1415 1416 1402
f 1417 1127 1126
f 1417 1126 1416
f 1128 1127 1417
f 1128 1417 1418
f 1419 1418 1404
f 1419 1404 1405
f 1406 1117 1130
f 1406 1130 1420
f 1421 1118 1407
f 1421 1131 1118
f 1421 1130 1131
f 1421 1420 1130
f 1408 1119 1132
f 1408 1132 1422
f 1422 1132 1131
f 1422 1131 1421
f 1409 1133 1120
f 1409 1423 1133
f 1422 1409 1408
f 1422 1423 1409
f 1134 1133 1423
f 1134 1423 1424
f 1411 1122 1135
f 1411 1135 1425
f 1425 1135 1134
f 1425 1134 1424
f 1425 1424 1410
f 1425 1410 1411
f 1418 1136 1128
f 1418 1426 1136
f 1427 1137 1136
f 1427 1136 1426
f 1426 1418 1419
f 1426 1419 1427
f 1428 1138 1137
f 1428 1137 1427
f 1421 1131 1139
f 1421 1139 1429
f 1139 1138 1428
f 1139 1428 1429
f 1429 1422 1421
f 1429 1430 1422
f 1431 1422 1430
f 1431 1423 1422
f 1432 1430 1429
f 1432 1433 1430
f 1434 1430 1433
f 1434 1431 1430
f 1436 1141 1142
f 1436 1435 1141
f 1437 1142 1143
f 1437 1436 1142
f 1438 1141 1435
f 1438 1147 1141
f 1439 1438 1435
f 1439 1435 1436
f 1437 1143 1149
f 1437 1149 1440
f 1440 1439 1436
f 1440 1436 1437
f 1151 1441 1150
f 1151 1442 1441
f 1152 1442 1151
f 1152 1443 1442
f 1445 1153 1154
f 1445 1444 1153
f 1446 1154 1155
f 1446 1445 1154
f 1447 1155 1156
f 1447 1446 1155
f 1448 1147 1438
f 1448 1157 1147
f 1448 1156 1157
f 1448 1447 1156
f 1448 1438 1439
f 1448 1439 1449
f 1450 1440 1149
f 1450 1149 1159
f 1449 1439 1440
f 1449 1440 1450
f 1441 1160 1150
f 1441 1451 1160
f 1161 1160 1451
f 1161 1451 1452
f 1451 1441 1442
f 1451 1442 1452
f 1453 1443 1152
f 1453 1152 1162
f 1454 1153 1444
f 1454 1163 1153
f 1454 1162 1163
f 1454 1453 1162
f 1454 1443 1453
f 1454 1444 1443
f 1450 1159 1166
f 1450 1166 1456
f 1166 1165 1455
f 1166 1455 1456
f 1455 1449 1450
f 1455 1450 1456
f 1458 1161 1452
f 1458 1167 1161
f 1169 1168 1461
f 1169 1461 1462
f 1170 1169 1462
f 1170 1462 1463
f 1455 1165 1171
f 1455 1171 1464
f 1172 1464 1171
f 1172 1465 1464
f 1468 1167 1458
f 1468 1174 1167
f 1467 1458 1457
f 1467 1468 1458
f 1470 1176 1175
f 1470 1175 1469
f 1470 1469 1459
f 1470 1459 1460
f 1461 1168 1177
f 1461 1177 1471
f 1178 1471 1177
f 1178 1472 1471
f 1472 1461 1471
f 1472 1462 1461
f 1473 1170 1463
f 1473 1179 1170
f 1473 1178 1179
f 1473 1472 1178
f 1472 1463 1462
f 1472 1473 1463
f 1474 1180 1179
f 1474 1179 1473
f 1465 1172 1181
f 1465 1181 1475
f 1182 1475 1181
f 1182 1476 1475
f 1475 1466 1465
f 1475 1476 1466
f 1479 1183 1184
f 1479 1478 1183
f 1480 1174 1468
f 1480 1185 1174
f 1481 1469 1175
f 1481 1175 1186
f 1482 1176 1470
f 1482 1187 1176
f 1482 1186 1187
f 1482 1481 1186
f 1486 1473 1179
f 1486 1179 1189
f 1474 1190 1180
f 1474 1487 1190
f 1190 1486 1189
f 1190 1487 1486
f 1486 1474 1473
f 1486 1487 1474
f 1488 1476 1182
f 1488 1182 1191
f 1192 1488 1191
f 1192 1489 1488
f 1193 1489 1192
f 1193 1490 1489
f 1491 1183 1478
f 1491 1194 1183
f 1194 1490 1193
f 1194 1491 1490
f 1491 1477 1490
f 1491 1478 1477
f 1479 1184 1195
f 1479 1195 1492
f 1491 1478 1479
f 1491 1479 1492
f 1480 1196 1185
f 1480 1493 1196
f 1494 1197 1196
f 1494 1196 1493
f 1496 1495 1483
f 1496 1483 1484
f 1497 1496 1484
f 1497 1484 1485
f 1499 1498 1489
f 1499 1489 1490
f 1501 1492 1195
f 1501 1195 1203
f 1203 1202 1500
f 1203 1500 1501
f 1501 1500 1491
f 1501 1491 1492
f 1494 1205 1197
f 1494 1503 1205
f 1503 1204 1205
f 1503 1502 1204
f 1502 1494 1493
f 1502 1503 1494
f 1506 1500 1202
f 1506 1202 1212
f 1213 1506 1212
f 1213 1507 1506
f 1508 1204 1502
f 1508 1214 1204
f 1509 1508 1502
f 1509 1502 1503
f 1510 1504 1505
f 1510 1505 1511
f 1513 1217 1216
f 1513 1216 1512
f 1218 1217 1513
f 1218 1513 1514
f 1517 1507 1213
f 1517 1213 1220
f 1508 1221 1214
f 1508 1520 1221
f 1521 1222 1221
f 1521 1221 1520
f 1525 1512 1216
f 1525 1216 1225
f 1225 1224 1524
f 1225 1524 1525
f 1226 1525 1225
f 1226 1526 1525
f 1526 1512 1525
f 1526 1513 1512
f 1514 1227 1218
f 1514 1527 1227
f 1227 1526 1226
f 1227 1527 1526
f 1528 1527 1514
f 1528 1514 1515
f 1529 1528 1515
f 1529 1515 1516
f 1517 1220 1229
f 1517 1229 1530
f 1230 1530 1229
f 1230 1531 1530
f 1533 1518 1532
f 1533 1519 1518
f 1533 1520 1519
f 1533 1534 1520
f 1521 1232 1222
f 1521 1535 1232
f 1232 1534 1231
f 1232 1535 1534
f 1534 1521 1520
f 1534 1535 1521
f 1535 1521 1522
f 1535 1522 1536
f 1536 1522 1523
f 1536 1523 1537
f 1524 1224 1235
f 1524 1235 1539
f 1540 1225 1525
f 1540 1236 1225
f 1236 1539 1235
f 1236 1540 1539
f 1540 1524 1539
f 1540 1525 1524
f 1238 1237 1541
f 1238 1541 1542
f 1531 1230 1239
f 1531 1239 1543
f 1239 1238 1542
f 1239 1542 1543
f 1542 1530 1531
f 1542 1531 1543
f 1544 1231 1534
f 1544 1240 1231
f 1547 1546 1536
f 1547 1536 1537
f 1547 1537 1538
f 1547 1538 1548
f 1541 1237 1247
f 1541 1247 1552
f 1553 1541 1552
f 1553 1542 1541
f 1554 1542 1553
f 1554 1543 1542
f 1555 1240 1544
f 1555 1248 1240
f 1249 1248 1555
f 1249 1555 1556
f 1555 1544 1545
f 1555 1545 1556
f 1250 1249 1556
f 1250 1556 1557
f 1557 1556 1545
f 1557 1545 1546
f 1558 1251 1250
f 1558 1250 1557
f 1558 1557 1546
f 1558 1546 1547
f 1559 1548 1549
f 1559 1549 1560
f 1256 1255 1561
f 1256 1561 1562
f 1564 1563 1550
f 1564 1550 1551
f 1565 1552 1247
f 1565 1247 1258
f 1565 1564 1551
f 1565 1551 1552
f 1261 1566 1260
f 1261 1567 1566
f 1567 1556 1566
f 1567 1557 1556
f 1568 1251 1558
f 1568 1262 1251
f 1568 1261 1262
f 1568 1567 1261
f 1568 1557 1567
f 1568 1558 1557
f 1561 1255 1264
f 1561 1264 1571
f 1572 1256 1562
f 1572 1265 1256
f 1572 1264 1265
f 1572 1571 1264
f 1571 1562 1561
f 1571 1572 1562
f 1573 1266 1265
f 1573 1265 1572
f 1575 1268 1267
f 1575 1267 1574
f 1574 1563 1564
f 1574 1564 1575
f 1565 1258 1269
f 1565 1269 1576
f 1575 1564 1565
f 1575 1565 1576
f 1566 1271 1260
f 1566 1577 1271
f 1272 1271 1577
f 1272 1577 1578
f 1579 1273 1272
f 1579 1272 1578
f 1580 1274 1273
f 1580 1273 1579
f 1275 1274 1580
f 1275 1580 1581
f 1581 1580 1569
f 1581 1569 1570
f 1582 1276 1275
f 1582 1275 1581
f 1583 1277 1276
f 1583 1276 1582
f 1584 1572 1265
f 1584 1265 1278
f 1585 1266 1573
f 1585 1279 1266
f 1584 1573 1572
f 1584 1585 1573
f 1586 1574 1267
f 1586 1267 1280
f 1587 1268 1575
f 1587 1281 1268
f 1588 1576 1269
f 1588 1269 1282
f 1282 1281 1587
f 1282 1587 1588
f 1587 1575 1576
f 1587 1576 1588
f 1583 1283 1277
f 1583 1590 1283
f 1589 1583 1582
f 1589 1590 1583
f 1584 1278 1284
f 1584 1284 1591
f 1591 1284 1283
f 1591 1283 1590
f 1585 1285 1279
f 1585 1592 1285
f 1591 1585 1584
f 1591 1592 1585
f 1586 1280 1286
f 1586 1286 1593
f 1593 1286 1285
f 1593 1285 1592
f 1288 1594 1287
f 1288 1595 1594
f 1597 1287 1594
f 1597 1290 1287
f 1597 1289 1290
f 1597 1596 1289
f 1595 1288 1291
f 1595 1291 1598
f 1597 1594 1595
f 1597 1595 1598
f 1292 1598 1291
f 1292 1599 1598
f 1601 1293 1294
f 1601 1600 1293
f 1604 1296 1297
f 1604 1603 1296
f 1605 1297 1298
f 1605 1604 1297
f 1606 1298 1299
f 1606 1605 1298
f 1607 1289 1596
f 1607 1300 1289
f 1608 1607 1596
f 1608 1596 1597
f 1609 1608 1597
f 1609 1597 1598
f 1599 1292 1303
f 1599 1303 1610
f 1609 1598 1599
f 1609 1599 1610
f 1611 1293 1600
f 1611 1304 1293
f 1601 1294 1305
f 1601 1305 1612
f 1305 1304 1611
f 1305 1611 1612
f 1611 1600 1601
f 1611 1601 1612
f 1306 1612 1305
f 1306 1613 1612
f 1614 1296 1603
f 1614 1307 1296
f 1614 1306 1307
f 1614 1613 1306
f 1614 1602 1613
f 1614 1603 1602
f 1615 1606 1299
f 1615 1299 1310
f 1607 1311 1300
f 1607 1616 1311
f 1616 1310 1311
f 1616 1615 1310
f 1617 1608 1609
f 1617 1609 1618
f 1610 1303 1313
f 1610 1313 1619
f 1619 1313 1312
f 1619 1312 1618
f 1619 1618 1609
f 1619 1609 1610
f 1612 1314 1305
f 1612 1620 1314
f 1625 1618 1312
f 1625 1312 1316
f 1317 1625 1316
f 1317 1626 1625
f 1620 1318 1314
f 1620 1627 1318
f 1628 1319 1318
f 1628 1318 1627
f 1629 1621 1622
f 1629 1622 1630
f 1633 1632 1623
f 1633 1623 1624
f 1634 1626 1317
f 1634 1317 1321
f 1628 1323 1319
f 1628 1637 1323
f 1636 1628 1627
f 1636 1637 1628
f 1324 1323 1637
f 1324 1637 1638
f 1641 1640 1631
f 1641 1631 1632
f 1642 1634 1321
f 1642 1321 1325
f 1642 1635 1634
f 1642 1643 1635
f 1327 1643 1326
f 1327 1644 1643
f 1328 1644 1327
f 1328 1645 1644
f 1646 1328 1329
f 1646 1645 1328
f 1647 1329 1330
f 1647 1646 1329
f 1649 1636 1648
f 1649 1637 1636
f 1638 1332 1324
f 1638 1650 1332
f 1332 1649 1331
f 1332 1650 1649
f 1649 1638 1637
f 1649 1650 1638
f 1650 1638 1639
f 1650 1639 1651
f 1653 1334 1333
f 1653 1333 1652
f 1652 1640 1641
f 1652 1641 1653
f 1642 1325 1336
f 1642 1336 1654
f 1643 1337 1326
f 1643 1655 1337
f 1337 1654 1336
f 1337 1655 1654
f 1654 1643 1642
f 1654 1655 1643
f 1656 1655 1643
f 1656 1643 1644
f 1647 1330 1341
f 1647 1341 1659
f 1659 1341 1340
f 1659 1340 1658
f 1659 1658 1646
f 1659 1646 1647
f 1649 1342 1331
f 1649 1661 1342
f 1660 1649 1648
f 1660 1661 1649
f 1652 1333 1344
f 1652 1344 1665
f 1666 1334 1653
f 1666 1345 1334
f 1666 1344 1345
f 1666 1665 1344
f 1666 1652 1665
f 1666 1653 1652
f 1668 1658 1340
f 1668 1340 1349
f 1668 1667 1657
f 1668 1657 1658
f 1661 1350 1342
f 1661 1670 1350
f 1671 1662 1663
f 1671 1663 1672
f 1674 1673 1664
f 1674 1664 1665
f 1353 1352 1675
f 1353 1675 1676
f 1679 1668 1349
f 1679 1349 1356
f 1357 1679 1356
f 1357 1680 1679
f 1683 1350 1670
f 1683 1358 1350
f 1683 1669 1682
f 1683 1670 1669
f 1359 1358 1683
f 1359 1683 1684
f 1687 1686 1673
f 1687 1673 1674
f 1688 1675 1352
f 1688 1352 1361
f 1689 1353 1676
f 1689 1362 1353
f 1689 1675 1688
f 1689 1676 1675
f 1690 1677 1678
f 1690 1678 1691
f 1680 1357 1366
f 1680 1366 1694
f 1694 1693 1679
f 1694 1679 1680
f 1696 1681 1695
f 1696 1682 1681
f 1696 1683 1682
f 1696 1697 1683
f 1684 1368 1359
f 1684 1698 1368
f 1368 1697 1367
f 1368 1698 1697
f 1698 1684 1685
f 1698 1685 1699
f 1688 1361 1371
f 1688 1371 1701
f 1689 1372 1362
f 1689 1702 1372
f 1701 1689 1688
f 1701 1702 1689
f 1704 1374 1373
f 1704 1373 1703
f 1706 1705 1692
f 1706 1692 1693
f 1694 1366 1376
f 1694 1376 1707
f 1708 1696 1695
f 1708 1709 1696
f 1710 1367 1697
f 1710 1377 1367
f 1709 1697 1696
f 1709 1710 1697
f 1712 1699 1700
f 1712 1700 1713
f 1701 1371 1382
f 1701 1382 1714
f 1702 1383 1372
f 1702 1715 1383
f 1383 1714 1382
f 1383 1715 1714
f 1703 1373 1384
f 1703 1384 1716
f 1715 1702 1703
f 1715 1703 1716
f 1704 1385 1374
f 1704 1717 1385
f 1385 1716 1384
f 1385 1717 1716
f 1720 1387 1386
f 1720 1386 1719
f 1707 1376 1388
f 1707 1388 1721
f 1388 1387 1720
f 1388 1720 1721
f 1722 1377 1710
f 1722 1389 1377
f 1722 1710 1711
f 1722 1711 1723
f 1726 1717 1718
f 1726 1718 1727
f 1728 1719 1386
f 1728 1386 1396
f 1728 1727 1718
f 1728 1718 1719
f 1730 1720 1729
f 1730 1721 1720
f 1731 1389 1722
f 1731 1399 1389
f 1732 1400 1399
f 1732 1399 1731
f 1733 1724 1725
f 1733 1725 1734
f 1737 1405 1404
f 1737 1404 1736
f 1407 1406 1738
f 1407 1738 1739
f 1742 1728 1396
f 1742 1396 1410
f 1741 1727 1728
f 1741 1728 1742
f 1732 1414 1400
f 1732 1744 1414
f 1743 1732 1731
f 1743 1744 1732
f 1415 1414 1744
f 1415 1744 1745
f 1746 1416 1415
f 1746 1415 1745
f 1417 1416 1746
f 1417 1746 1747
f 1748 1736 1404
f 1748 1404 1418
f 1418 1417 1747
f 1418 1747 1748
f 1748 1747 1735
f 1748 1735 1736
f 1749 1405 1737
f 1749 1419 1405
f 1748 1737 1736
f 1748 1749 1737
f 1750 1738 1406
f 1750 1406 1420
f 1751 1407 1739
f 1751 1421 1407
f 1751 1420 1421
f 1751 1750 1420
f 1750 1739 1738
f 1750 1751 1739
f 1752 1740 1741
f 1752 1741 1753
f 1754 1742 1410
f 1754 1410 1424
f 1754 1424 1423
f 1754 1423 1753
f 1754 1753 1741
f 1754 1741 1742
f 1749 1427 1419
f 1749 1756 1427
f 1755 1749 1748
f 1755 1756 1749
f 1428 1427 1756
f 1428 1756 1757
f 1429 1428 1757
f 1429 1757 1758
f 1753 1423 1431
f 1753 1431 1760
f 1758 1432 1429
f 1758 1761 1432
f 1762 1433 1432
f 1762 1432 1761
f 1761 1758 1759
f 1761 1759 1762
f 1763 1760 1431
f 1763 1431 1434
f 1763 1434 1433
f 1763 1433 1762
f 1763 1762 1759
f 1763 1759 1760
f 1771 1764 1770
f 1771 1765 1764
f 1443 1772 1442
f 1443 1773 1772
f 1444 1773 1443
f 1444 1774 1773
f 1775 1444 1445
f 1775 1774 1444
f 1775 1766 1774
f 1775 1767 1766
f 1446 1775 1445
f 1446 1776 1775
f 1775 1768 1767
f 1775 1776 1768
f 1447 1776 1446
f 1447 1777 1776
f 1778 1447 1448
f 1778 1777 1447
f 1778 1769 1777
f 1778 1770 1769
f 1449 1778 1448
f 1449 1779 1778
f 1778 1771 1770
f 1778 1779 1771
f 1772 1452 1442
f 1772 1780 1452
f 1781 1780 1772
f 1781 1772 1773
f 1782 1779 1449
f 1782 1449 1455
f 1787 1452 1780
f 1787 1458 1452
f 1458 1786 1457
f 1458 1787 1786
f 1789 1460 1459
f 1789 1459 1788
f 1794 1782 1455
f 1794 1455 1464
f 1795 1464 1465
f 1795 1794 1464
f 1466 1795 1465
f 1466 1796 1795
f 1796 1783 1795
f 1796 1784 1783
f 1797 1784 1796
f 1797 1785 1784
f 1786 1467 1457
f 1786 1798 1467
f 1468 1467 1798
f 1468 1798 1799
f 1799 1798 1786
f 1799 1786 1787
f 1800 1788 1459
f 1800 1459 1469
f 1799 1787 1788
f 1799 1788 1800
f 1801 1460 1789
f 1801 1470 1460
f 1802 1790 1791
f 1802 1791 1803
f 1804 1792 1793
f 1804 1793 1805
f 1808 1796 1466
f 1808 1466 1476
f 1808 1797 1796
f 1808 1809 1797
f 1811 1477 1478
f 1811 1810 1477
f 1799 1480 1468
f 1799 1812 1480
f 1813 1800 1469
f 1813 1469 1481
f 1813 1812 1799
f 1813 1799 1800
f 1814 1470 1801
f 1814 1482 1470
f 1814 1481 1482
f 1814 1813 1481
f 1814 1800 1813
f 1814 1801 1800
f 1816 1484 1483
f 1816 1483 1815
f 1485 1484 1816
f 1485 1816 1817
f 1818 1817 1804
f 1818 1804 1805
f 1819 1806 1807
f 1819 1807 1820
f 1808 1476 1488
f 1808 1488 1821
f 1489 1821 1488
f 1489 1822 1821
f 1821 1809 1808
f 1821 1822 1809
f 1810 1490 1477
f 1810 1823 1490
f 1811 1478 1491
f 1811 1491 1824
f 1824 1823 1810
f 1824 1810 1811
f 1812 1493 1480
f 1812 1827 1493
f 1815 1483 1495
f 1815 1495 1830
f 1496 1830 1495
f 1496 1831 1830
f 1817 1497 1485
f 1817 1832 1497
f 1497 1831 1496
f 1497 1832 1831
f 1832 1816 1831
f 1832 1817 1816
f 1833 1832 1817
f 1833 1817 1818
f 1836 1822 1489
f 1836 1489 1498
f 1823 1499 1490
f 1823 1837 1499
f 1499 1836 1498
f 1499 1837 1836
f 1836 1823 1822
f 1836 1837 1823
f 1824 1491 1500
f 1824 1500 1838
f 1838 1837 1823
f 1838 1823 1824
f 1839 1826 1825
f 1839 1840 1826
f 1841 1493 1827
f 1841 1502 1493
f 1503 1502 1841
f 1503 1841 1842
f 1843 1842 1828
f 1843 1828 1829
f 1505 1504 1844
f 1505 1844 1845
f 1846 1845 1831
f 1846 1831 1832
f 1847 1834 1835
f 1847 1835 1848
f 1838 1500 1506
f 1838 1506 1850
f 1849 1837 1838
f 1849 1838 1850
f 1851 1506 1507
f 1851 1850 1506
f 1853 1839 1852
f 1853 1840 1839
f 1853 1841 1840
f 1853 1854 1841
f 1855 1503 1842
f 1855 1509 1503
f 1855 1508 1509
f 1855 1854 1508
f 1855 1841 1854
f 1855 1842 1841
f 1844 1504 1510
f 1844 1510 1856
f 1857 1505 1845
f 1857 1511 1505
f 1511 1856 1510
f 1511 1857 1856
f 1857 1844 1856
f 1857 1845 1844
f 1514 1513 1858
f 1514 1858 1859
f 1515 1514 1859
f 1515 1859 1860
f 1516 1515 1860
f 1516 1860 1861
f 1851 1507 1517
f 1851 1517 1863
f 1862 1850 1851
f 1862 1851 1863
f 1865 1518 1519
f 1865 1864 1518
f 1865 1852 1864
f 1865 1853 1852
f 1866 1508 1854
f 1866 1520 1508
f 1866 1519 1520
f 1866 1865 1519
f 1866 1853 1865
f 1866 1854 1853
f 1522 1521 1867
f 1522 1867 1868
f 1869 1523 1522
f 1869 1522 1868
f 1872 1858 1513
f 1872 1513 1526
f 1527 1872 1526
f 1527 1873 1872
f 1872 1859 1858
f 1872 1873 1859
f 1528 1873 1527
f 1528 1874 1873
f 1874 1859 1873
f 1874 1860 1859
f 1861 1529 1516
f 1861 1875 1529
f 1529 1874 1528
f 1529 1875 1874
f 1875 1860 1874
f 1875 1861 1860
f 1877 1863 1517
f 1877 1517 1530
f 1878 1518 1864
f 1878 1532 1518
f 1879 1533 1532
f 1879 1532 1878
f 1880 1534 1533
f 1880 1533 1879
f 1881 1867 1521
f 1881 1521 1535
f 1536 1881 1535
f 1536 1882 1881
f 1881 1868 1867
f 1881 1882 1868
f 1869 1537 1523
f 1869 1883 1537
f 1882 1869 1868
f 1882 1883 1869
f 1538 1537 1883
f 1538 1883 1884
f 1885 1870 1871
f 1885 1871 1886
f 1888 1877 1530
f 1888 1530 1542
f 1887 1876 1877
f 1887 1877 1888
f 1889 1542 1543
f 1889 1888 1542
f 1880 1544 1534
f 1880 1891 1544
f 1890 1880 1879
f 1890 1891 1880
f 1892 1545 1544
f 1892 1544 1891
f 1882 1536 1546
f 1882 1546 1893
f 1546 1545 1892
f 1546 1892 1893
f 1894 1882 1893
f 1894 1883 1882
f 1895 1538 1884
f 1895 1548 1538
f 1895 1547 1548
f 1895 1894 1547
f 1894 1884 1883
f 1894 1895 1884
f 1896 1549 1548
f 1896 1548 1895
f 1900 1551 1550
f 1900 1550 1899
f 1901 1552 1551
f 1901 1551 1900
f 1553 1552 1901
f 1553 1901 1902
f 1889 1543 1554
f 1889 1554 1903
f 1903 1554 1553
f 1903 1553 1902
f 1902 1888 1889
f 1902 1889 1903
f 1904 1892 1891
f 1904 1905 1892
f 1557 1905 1556
f 1557 1906 1905
f 1906 1892 1905
f 1906 1893 1892
f 1907 1547 1894
f 1907 1558 1547
f 1558 1906 1557
f 1558 1907 1906
f 1908 1895 1548
f 1908 1548 1559
f 1896 1560 1549
f 1896 1909 1560
f 1560 1908 1559
f 1560 1909 1908
f 1908 1896 1895
f 1908 1909 1896
f 1911 1897 1898
f 1911 1898 1912
f 1913 1899 1550
f 1913 1550 1563
f 1913 1912 1898
f 1913 1898 1899
f 1905 1566 1556
f 1905 1915 1566
f 1914 1905 1904
f 1914 1915 1905
f 1570 1569 1916
f 1570 1916 1917
f 1917 1909 1910
f 1917 1910 1918
f 1920 1913 1563
f 1920 1563 1574
f 1919 1912 1913
f 1919 1913 1920
f 1921 1566 1915
f 1921 1577 1566
f 1578 1577 1921
f 1578 1921 1922
f 1923 1579 1578
f 1923 1578 1922
f 1916 1569 1580
f 1916 1580 1924
f 1580 1579 1923
f 1580 1923 1924
f 1925 1570 1917
f 1925 1581 1570
f 1926 1582 1581
f 1926 1581 1925
f 1920 1574 1586
f 1920 1586 1929
f 1929 1928 1919
f 1929 1919 1920
f 1930 1923 1922
f 1930 1931 1923
f 1932 1923 1931
f 1932 1924 1923
f 1932 1925 1924
f 1932 1933 1925
f 1926 1589 1582
f 1926 1934 1589
f 1933 1926 1925
f 1933 1934 1926
f 1935 1590 1589
f 1935 1589 1934
f 1591 1590 1935
f 1591 1935 1936
f 1937 1592 1591
f 1937 1591 1936
f 1937 1936 1927
f 1937 1927 1928
f 1938 1929 1586
f 1938 1586 1593
f 1938 1593 1592
f 1938 1592 1937
f 1937 1928 1929
f 1937 1929 1938
f 1939 1932 1931
f 1939 1940 1932
f 1941 1932 1940
f 1941 1933 1932
f 1942 1933 1941
f 1942 1934 1933
f 1943 1940 1939
f 1943 1944 1940
f 1945 1940 1944
f 1945 1941 1940
f 1951 1947 1946
f 1951 1952 1947
f 1955 1602 1603
f 1955 1954 1602
f 1604 1955 1603
f 1604 1956 1955
f 1605 1956 1604
f 1605 1957 1956
f 1957 1948 1956
f 1957 1949 1948
f 1606 1957 1605
f 1606 1958 1957
f 1957 1950 1949
f 1957 1958 1950
f 1960 1607 1608
f 1960 1959 1607
f 1960 1951 1959
f 1960 1952 1951
f 1960 1953 1952
f 1960 1961 1953
f 1963 1602 1954
f 1963 1613 1602
f 1613 1962 1612
f 1613 1963 1962
f 1964 1958 1606
f 1964 1606 1615
f 1959 1616 1607
f 1959 1965 1616
f 1616 1964 1615
f 1616 1965 1964
f 1960 1608 1617
f 1960 1617 1966
f 1967 1617 1618
f 1967 1966 1617
f 1966 1961 1960
f 1966 1967 1961
f 1962 1620 1612
f 1962 1968 1620
f 1969 1968 1962
f 1969 1962 1963
f 1622 1621 1970
f 1622 1970 1971
f 1624 1623 1972
f 1624 1972 1973
f 1974 1967 1618
f 1974 1618 1625
f 1626 1974 1625
f 1626 1975 1974
f 1977 1620 1968
f 1977 1627 1620
f 1977 1968 1969
f 1977 1969 1978
f 1970 1621 1629
f 1970 1629 1979
f 1971 1630 1622
f 1971 1980 1630
f 1980 1629 1630
f 1980 1979 1629
f 1980 1970 1979
f 1980 1971 1970
f 1972 1623 1632
f 1972 1632 1982
f 1982 1632 1631
f 1982 1631 1981
f 1973 1633 1624
f 1973 1983 1633
f 1983 1632 1633
f 1983 1982 1632
f 1983 1972 1982
f 1983 1973 1972
f 1984 1975 1626
f 1984 1626 1634
f 1635 1984 1634
f 1635 1985 1984
f 1984 1976 1975
f 1984 1985 1976
f 1977 1636 1627
f 1977 1987 1636
f 1988 1987 1977
f 1988 1977 1978
f 1988 1978 1979
f 1988 1979 1989
f 1639 1638 1989
f 1639 1989 1990
f 1981 1631 1640
f 1981 1640 1992
f 1982 1641 1632
f 1982 1993 1641
f 1993 1981 1992
f 1993 1982 1981
f 1995 1985 1635
f 1995 1635 1643
f 1995 1986 1985
f 1995 1996 1986
f 1997 1644 1645
f 1997 1996 1644
f 1998 1645 1646
f 1998 1997 1645
f 1987 1648 1636
f 1987 1999 1648
f 1989 1638 1650
f 1989 1650 2001
f 1990 1651 1639
f 1990 2002 1651
f 1651 2001 1650
f 1651 2002 2001
f 2001 1990 1989
f 2001 2002 1990
f 2003 2002 1990
f 2003 1990 1991
f 2004 1992 1640
f 2004 1640 1652
f 2005 1641 1993
f 2005 1653 1641
f 2005 1652 1653
f 2005 2004 1652
f 2004 1993 1992
f 2004 2005 1993
f 2007 1995 1643
f 2007 1643 1655
f 2007 2006 1994
f 2007 1994 1995
f 1996 1656 1644
f 1996 2008 1656
f 1656 2007 1655
f 1656 2008 2007
f 2007 1996 1995
f 2007 2008 1996
f 2008 1996 1997
f 2008 1997 2009
f 2010 1998 1646
f 2010 1646 1658
f 2010 1658 1657
f 2010 1657 2009
f 2010 2009 1997
f 2010 1997 1998
f 1999 1660 1648
f 1999 2012 1660
f 2013 1661 1660
f 2013 1660 2012
f 2012 1999 2000
f 2012 2000 2013
f 1663 1662 2014
f 1663 2014 2015
f 2015 2014 2001
f 2015 2001 2002
f 2017 1665 1664
f 2017 1664 2016
f 2022 2009 1657
f 2022 1657 1667
f 2023 1667 1668
f 2023 2022 1667
f 2026 2011 2025
f 2026 2012 2011
f 2027 1661 2013
f 2027 1670 1661
f 2027 1669 1670
f 2027 2026 1669
f 2027 2012 2026
f 2027 2013 2012
f 2028 2014 1662
f 2028 1662 1671
f 2029 1663 2015
f 2029 1672 1663
f 1672 2028 1671
f 1672 2029 2028
f 2029 2014 2028
f 2029 2015 2014
f 2030 2016 1664
f 2030 1664 1673
f 2017 1674 1665
f 2017 2031 1674
f 2032 2018 2019
f 2032 2019 2033
f 1678 1677 2034
f 1678 2034 2035
f 2035 2034 2020
f 2035 2020 2021
f 2023 1668 1679
f 2023 1679 2036
f 2037 2025 2024
f 2037 2038 2025
f 2039 1669 2026
f 2039 1682 1669
f 2039 1681 1682
f 2039 2038 1681
f 2039 2025 2038
f 2039 2026 2025
f 1684 1683 2040
f 1684 2040 2041
f 1685 1684 2041
f 1685 2041 2042
f 2043 2030 1673
f 2043 1673 1686
f 2044 1674 2031
f 2044 1687 1674
f 1687 2043 1686
f 1687 2044 2043
f 2044 2030 2043
f 2044 2031 2030
f 2047 2034 1677
f 2047 1677 1690
f 2048 1678 2035
f 2048 1691 1678
f 1691 2047 1690
f 1691 2048 2047
f 2048 2034 2047
f 2048 2035 2034
f 2036 1679 1693
f 2036 1693 2050
f 1693 1692 2049
f 1693 2049 2050
f 2051 1693 1694
f 2051 2050 1693
f 2052 1681 2038
f 2052 1695 1681
f 2040 1683 1697
f 2040 1697 2053
f 1698 2053 1697
f 1698 2054 2053
f 2054 2040 2053
f 2054 2041 2040
f 2042 1699 1685
f 2042 2055 1699
f 1699 2054 1698
f 1699 2055 2054
f 2054 2042 2041
f 2054 2055 2042
f 1700 1699 2055
f 1700 2055 2056
f 1702 1701 2057
f 1702 2057 2058
f 2059 1703 1702
f 2059 1702 2058
f 2058 2045 2046
f 2058 2046 2059
f 2060 1704 1703
f 2060 1703 2059
f 2049 1692 1705
f 2049 1705 2061
f 2050 1706 1693
f 2050 2062 1706
f 1706 2061 1705
f 1706 2062 2061
f 2061 2050 2049
f 2061 2062 2050
f 2051 1694 1707
f 2051 1707 2063
f 2062 2050 2051
f 2062 2051 2063
f 2052 1708 1695
f 2052 2064 1708
f 1709 1708 2064
f 1709 2064 2065
f 2066 1710 1709
f 2066 1709 2065
f 1711 1710 2066
f 1711 2066 2067
f 2055 1699 1712
f 2055 1712 2068
f 2056 1713 1700
f 2056 2069 1713
f 1713 2068 1712
f 1713 2069 2068
f 2068 2056 2055
f 2068 2069 2056
f 2057 1701 1714
f 2057 1714 2071
f 2072 1714 1715
f 2072 2071 1714
f 2073 1715 1716
f 2073 2072 1715
f 2072 2059 2058
f 2072 2073 2059
f 2060 1717 1704
f 2060 2074 1717
f 1717 2073 1716
f 1717 2074 2073
f 2073 2060 2059
f 2073 2074 2060
f 1718 1717 2074
f 1718 2074 2075
f 2076 1719 1718
f 2076 1718 2075
f 2077 1720 1719
f 2077 1719 2076
f 2063 1707 1721
f 2063 1721 2078
f 2077 2062 2063
f 2077 2063 2078
f 2079 2066 2065
f 2079 2080 2066
f 2067 1723 1711
f 2067 2081 1723
f 2081 1722 1723
f 2081 2080 1722
f 2081 2066 2080
f 2081 2067 2066
f 1725 1724 2082
f 1725 2082 2083
f 2082 2068 2069
f 2082 2069 2083
f 2083 2069 2070
f 2083 2070 2084
f 2074 1717 1726
f 2074 1726 2087
f 2088 1726 1727
f 2088 2087 1726
f 2077 1729 1720
f 2077 2090 1729
f 2089 2077 2076
f 2089 2090 2077
f 2078 1721 1730
f 2078 1730 2091
f 2091 1730 1729
f 2091 1729 2090
f 2091 2090 2077
f 2091 2077 2078
f 2092 1722 2080
f 2092 1731 1722
f 2094 2082 1724
f 2094 1724 1733
f 2095 1725 2083
f 2095 1734 1725
f 1734 2094 1733
f 1734 2095 2094
f 2095 2082 2094
f 2095 2083 2082
f 2097 1736 1735
f 2097 1735 2096
f 2096 2084 2085
f 2096 2085 2097
f 2099 2098 2086
f 2099 2086 2087
f 2100 2088 1727
f 2100 1727 1741
f 2100 1741 1740
f 2100 1740 2099
f 2100 2099 2087
f 2100 2087 2088
f 2092 1743 1731
f 2092 2101 1743
f 2102 1744 1743
f 2102 1743 2101
f 2101 2092 2093
f 2101 2093 2102
f 1745 1744 2102
f 1745 2102 2103
f 1746 1745 2103
f 1746 2103 2104
f 2105 2096 1735
f 2105 1735 1747
f 1747 1746 2104
f 1747 2104 2105
f 2106 1736 2097
f 2106 1748 1736
f 2107 2099 1740
f 2107 1740 1752
f 2108 1752 1753
f 2108 2107 1752
f 2109 2104 2103
f 2109 2110 2104
f 2106 1755 1748
f 2106 2112 1755
f 2111 2106 2105
f 2111 2112 2106
f 2113 1756 1755
f 2113 1755 2112
f 1757 1756 2113
f 1757 2113 2114
f 2115 1758 1757
f 2115 1757 2114
f 1759 1758 2115
f 1759 2115 2116
f 2108 1753 1760
f 2108 1760 2117
f 2117 1760 1759
f 2117 1759 2116
f 2116 2107 2108
f 2116 2108 2117
f 2118 2110 2109
f 2118 2119 2110
f 2120 2110 2119
f 2120 2111 2110
f 2121 2111 2120
f 2121 2112 2111
f 2122 2112 2121
f 2122 2113 2112
f 2124 2114 2123
f 2124 2115 2114
f 2125 2119 2118
f 2125 2126 2119
f 2127 2119 2126
f 2127 2120 2119
f 2128 2120 2127
f 2128 2121 2120
f 1765 2129 1764
f 1765 2130 2129
f 1767 2131 1766
f 1767 2132 2131
f 1768 2132 1767
f 1768 2133 2132
f 2129 1770 1764
f 2129 2135 1770
f 1770 2134 1769
f 1770 2135 2134
f 2130 1765 1771
f 2130 1771 2136
f 2136 2135 2129
f 2136 2129 2130
f 2131 1774 1766
f 2131 2138 1774
f 1774 2137 1773
f 1774 2138 2137
f 2139 2138 2131
f 2139 2131 2132
f 2140 2133 1768
f 2140 1768 1776
f 2134 1777 1769
f 2134 2141 1777
f 1777 2140 1776
f 1777 2141 2140
f 2142 2141 2134
f 2142 2134 2135
f 2143 2136 1771
f 2143 1771 1779
f 2137 1781 1773
f 2137 2145 1781
f 1781 2144 1780
f 1781 2145 2144
f 2146 2145 2137
f 2146 2137 2138
f 2147 2141 2142
f 2147 2142 2148
f 2143 1779 1782
f 2143 1782 2149
f 2148 2142 2143
f 2148 2143 2149
f 2151 1783 1784
f 2151 2150 1783
f 1785 2151 1784
f 1785 2152 2151
f 2153 1780 2144
f 2153 1787 1780
f 1788 1787 2153
f 1788 2153 2154
f 2154 2153 2144
f 2154 2144 2145
f 2155 1789 1788
f 2155 1788 2154
f 1791 1790 2156
f 1791 2156 2157
f 1793 1792 2158
f 1793 2158 2159
f 2160 2149 1782
f 2160 1782 1794
f 2161 1783 2150
f 2161 1795 1783
f 1795 2160 1794
f 1795 2161 2160
f 2160 2150 2149
f 2160 2161 2150
f 2162 2161 2150
f 2162 2150 2151
f 2163 2152 1785
f 2163 1785 1797
f 2166 1789 2155
f 2166 1801 1789
f 1801 2165 1800
f 1801 2166 2165
f 2156 1790 1802
f 2156 1802 2167
f 2157 1803 1791
f 2157 2168 1803
f 1803 2167 1802
f 1803 2168 2167
f 2167 2157 2156
f 2167 2168 2157
f 2158 1792 1804
f 2158 1804 2169
f 2159 1805 1793
f 2159 2170 1805
f 2169 2159 2158
f 2169 2170 2159
f 2172 1807 1806
f 2172 1806 2171
f 2163 1797 1809
f 2163 1809 2173
f 2178 1800 2165
f 2178 1813 1800
f 2178 1812 1813
f 2178 2177 1812
f 2178 2164 2177
f 2178 2165 2164
f 2180 1816 1815
f 2180 1815 2179
f 2181 2169 1804
f 2181 1804 1817
f 2182 1805 2170
f 2182 1818 1805
f 2182 2169 2181
f 2182 2170 2169
f 2171 1806 1819
f 2171 1819 2183
f 2182 2170 2171
f 2182 2171 2183
f 2172 1820 1807
f 2172 2184 1820
f 2184 1819 1820
f 2184 2183 1819
f 2183 2172 2171
f 2183 2184 2172
f 2185 2173 1809
f 2185 1809 1822
f 1823 2185 1822
f 1823 2186 2185
f 2185 2174 2173
f 2185 2186 2174
f 2187 2174 2186
f 2187 2175 2174
f 1826 2188 1825
f 1826 2189 2188
f 2190 1812 2177
f 2190 1827 1812
f 2190 2176 2189
f 2190 2177 2176
f 1829 1828 2191
f 1829 2191 2192
f 2179 1815 1830
f 2179 1830 2193
f 2180 1831 1816
f 2180 2194 1831
f 1831 2193 1830
f 1831 2194 2193
f 2193 2180 2179
f 2193 2194 2180
f 2195 2181 1817
f 2195 1817 1832
f 2195 1832 1831
f 2195 1831 2194
f 2196 1818 2182
f 2196 1833 1818
f 1833 2195 1832
f 1833 2196 2195
f 2196 2181 2195
f 2196 2182 2181
f 2197 2183 2184
f 2197 2184 2198
f 2199 1835 1834
f 2199 1834 2198
f 2201 2186 1823
f 2201 1823 1837
f 2201 2200 2185
f 2201 2185 2186
f 2202 1825 2188
f 2202 1839 1825
f 2203 2189 1826
f 2203 1826 1840
f 2204 1827 2190
f 2204 1841 1827
f 2204 1840 1841
f 2204 2203 1840
f 2203 2190 2189
f 2203 2204 2190
f 2205 2191 1828
f 2205 1828 1842
f 2192 1843 1829
f 2192 2206 1843
f 1843 2205 1842
f 1843 2206 2205
f 2205 2192 2191
f 2205 2206 2192
f 2207 2194 1831
f 2207 1831 1845
f 2195 1846 1832
f 2195 2208 1846
f 1846 2207 1845
f 1846 2208 2207
f 2207 2195 2194
f 2207 2208 2195
f 2209 2198 1834
f 2209 1834 1847
f 2199 1848 1835
f 2199 2210 1848
f 1848 2209 1847
f 1848 2210 2209
f 2209 2199 2198
f 2209 2210 2199
f 2211 2210 2199
f 2211 2199 2200
f 2201 1837 1849
f 2201 1849 2212
f 2213 1849 1850
f 2213 2212 1849
f 2214 1839 2202
f 2214 1852 1839
f 2220 2219 2209
f 2220 2209 2210
f 2213 1850 1862
f 2213 1862 2221
f 2222 1862 1863
f 2222 2221 1862
f 2223 1852 2214
f 2223 1864 1852
f 2225 2224 2215
f 2225 2215 2216
f 2226 2217 2218
f 2226 2218 2227
f 1871 1870 2228
f 1871 2228 2229
f 2222 1863 1877
f 2222 1877 2231
f 2231 1877 1876
f 2231 1876 2230
f 2232 1864 2223
f 2232 1878 1864
f 2233 1879 1878
f 2233 1878 2232
f 2234 2233 2224
f 2234 2224 2225
f 2236 2235 2226
f 2236 2226 2227
f 2228 1870 1885
f 2228 1885 2239
f 2229 1886 1871
f 2229 2240 1886
f 1886 2239 1885
f 1886 2240 2239
f 2239 2229 2228
f 2239 2240 2229
f 2230 1876 1887
f 2230 1887 2241
f 2242 1887 1888
f 2242 2241 1887
f 2242 2230 2241
f 2242 2231 2230
f 2243 1879 2233
f 2243 1890 1879
f 2244 1891 1890
f 2244 1890 2243
f 2243 2233 2234
f 2243 2234 2244
f 1894 1893 2245
f 1894 2245 2246
f 2247 2237 2238
f 2247 2238 2248
f 1898 1897 2249
f 1898 2249 2250
f 2251 1899 1898
f 2251 1898 2250
f 2252 1900 1899
f 2252 1899 2251
f 1901 1900 2252
f 1901 2252 2253
f 2254 2242 1888
f 2254 1888 1902
f 2254 1902 1901
f 2254 1901 2253
f 2254 2253 2241
f 2254 2241 2242
f 2257 1891 2244
f 2257 1904 1891
f 2245 1893 1906
f 2245 1906 2258
f 2246 1907 1894
f 2246 2259 1907
f 1907 2258 1906
f 1907 2259 2258
f 2258 2246 2245
f 2258 2259 2246
f 1910 1909 2260
f 1910 2260 2261
f 2249 1897 1911
f 2249 1911 2263
f 2264 1911 1912
f 2264 2263 1911
f 2264 2249 2263
f 2264 2250 2249
f 2266 2252 2265
f 2266 2253 2252
f 2268 2255 2267
f 2268 2256 2255
f 2257 1914 1904
f 2257 2269 1914
f 2269 2256 2268
f 2269 2257 2256
f 2270 1915 1914
f 2270 1914 2269
f 2260 1909 1917
f 2260 1917 2272
f 1917 1916 2271
f 1917 2271 2272
f 2273 1910 2261
f 2273 1918 1910
f 1918 2272 1917
f 1918 2273 2272
f 2273 2260 2272
f 2273 2261 2260
f 2274 2273 2261
f 2274 2261 2262
f 2276 2264 1912
f 2276 1912 1919
f 2276 2275 2263
f 2276 2263 2264
f 2278 2267 2277
f 2278 2268 2267
f 2279 2268 2278
f 2279 2269 2268
f 2270 1921 1915
f 2270 2280 1921
f 2279 2270 2269
f 2279 2280 2270
f 2281 1922 1921
f 2281 1921 2280
f 2282 2271 1916
f 2282 1916 1924
f 2283 1917 2272
f 2283 1925 1917
f 2283 1924 1925
f 2283 2282 1924
f 2283 2271 2282
f 2283 2272 2271
f 2286 2276 1919
f 2286 1919 1928
f 2286 1928 1927
f 2286 1927 2285
f 2286 2285 2275
f 2286 2275 2276
f 2281 1930 1922
f 2281 2287 1930
f 2288 1931 1930
f 2288 1930 2287
f 1935 1934 2289
f 1935 2289 2290
f 2291 2285 1927
f 2291 1927 1936
f 2291 1936 1935
f 2291 1935 2290
f 2291 2290 2284
f 2291 2284 2285
f 2288 1939 1931
f 2288 2292 1939
f 2289 1934 1942
f 2289 1942 2294
f 1942 1941 2293
f 1942 2293 2294
f 2297 1939 2292
f 2297 1943 1939
f 1944 1943 2297
f 1944 2297 2298
f 2293 1941 1945
f 2293 1945 2299
f 1945 1944 2298
f 1945 2298 2299
f 2300 2296 2295
f 2300 2301 2296
f 1947 2302 1946
f 1947 2303 2302
f 1949 2304 1948
f 1949 2305 2304
f 2306 1949 1950
f 2306 2305 1949
f 2302 1951 1946
f 2302 2307 1951
f 2303 1947 1952
f 2303 1952 2308
f 2307 2302 2303
f 2307 2303 2308
f 1953 2308 1952
f 1953 2309 2308
f 1955 2310 1954
f 1955 2311 2310
f 2304 1956 1948
f 2304 2312 1956
f 1956 2311 1955
f 1956 2312 2311
f 2313 2312 2304
f 2313 2304 2305
f 2306 1950 1958
f 2306 1958 2314
f 2313 2305 2306
f 2313 2306 2314
f 2307 1959 1951
f 2307 2315 1959
f 2316 2315 2307
f 2316 2307 2308
f 2317 2309 1953
f 2317 1953 1961
f 2310 1963 1954
f 2310 2318 1963
f 2319 2318 2310
f 2319 2310 2311
f 2320 2319 2311
f 2320 2311 2312
f 2321 2314 1958
f 2321 1958 1964
f 2322 1959 2315
f 2322 1965 1959
f 1965 2321 1964
f 1965 2322 2321
f 2321 2315 2314
f 2321 2322 2315
f 2323 2322 2315
f 2323 2315 2316
f 2324 2317 1961
f 2324 1961 1967
f 2323 2316 2317
f 2323 2317 2324
f 2318 1969 1963
f 2318 2327 1969
f 2324 1967 1974
f 2324 1974 2329
f 1975 2329 1974
f 1975 2330 2329
f 1976 2330 1975
f 1976 2331 2330
f 2331 2325 2330
f 2331 2326 2325
f 2333 1969 2327
f 2333 1978 1969
f 1979 1978 2333
f 1979 2333 2334
f 2333 2327 2328
f 2333 2328 2334
f 2339 2338 2329
f 2339 2329 2330
f 2340 2331 1976
f 2340 1976 1985
f 1986 2340 1985
f 1986 2341 2340
f 2340 2332 2331
f 2340 2341 2332
f 1988 2342 1987
f 1988 2343 2342
f 2344 1979 2334
f 2344 1989 1979
f 2344 1988 1989
f 2344 2343 1988
f 1991 1990 2345
f 1991 2345 2346
f 2347 2346 2335
f 2347 2335 2336
f 2349 2348 2337
f 2349 2337 2338
f 2351 1995 1994
f 2351 1994 2350
f 2352 2341 1986
f 2352 1986 1996
f 2342 1999 1987
f 2342 2358 1999
f 2359 2000 1999
f 2359 1999 2358
f 2361 2345 1990
f 2361 1990 2002
f 2361 2002 2001
f 2361 2001 2360
f 2362 1991 2346
f 2362 2003 1991
f 2003 2361 2002
f 2003 2362 2361
f 2362 2345 2361
f 2362 2346 2345
f 2364 2363 2348
f 2364 2348 2349
f 2350 1994 2006
f 2350 2006 2365
f 2351 2007 1995
f 2351 2366 2007
f 2366 2006 2007
f 2366 2365 2006
f 2365 2351 2350
f 2365 2366 2351
f 2352 1996 2008
f 2352 2008 2367
f 2009 2367 2008
f 2009 2368 2367
f 2369 2353 2368
f 2369 2354 2353
f 2370 2356 2355
f 2370 2371 2356
f 2373 2011 2012
f 2373 2372 2011
f 2373 2357 2372
f 2373 2358 2357
f 2374 2000 2359
f 2374 2013 2000
f 2374 2012 2013
f 2374 2373 2012
f 2373 2359 2358
f 2373 2374 2359
f 2360 2001 2014
f 2360 2014 2375
f 2376 2002 2361
f 2376 2015 2002
f 2015 2375 2014
f 2015 2376 2375
f 2376 2360 2375
f 2376 2361 2360
f 2017 2016 2377
f 2017 2377 2378
f 2379 2363 2364
f 2379 2364 2380
f 2381 2019 2018
f 2381 2018 2380
f 2383 2021 2020
f 2383 2020 2382
f 2368 2009 2022
f 2368 2022 2384
f 2384 2383 2367
f 2384 2367 2368
f 2385 2022 2023
f 2385 2384 2022
f 2387 2011 2372
f 2387 2025 2011
f 2025 2386 2024
f 2025 2387 2386
f 2377 2016 2030
f 2377 2030 2390
f 2391 2017 2378
f 2391 2031 2017
f 2391 2030 2031
f 2391 2390 2030
f 2391 2377 2390
f 2391 2378 2377
f 2392 2380 2018
f 2392 2018 2032
f 2393 2019 2381
f 2393 2033 2019
f 2033 2392 2032
f 2033 2393 2392
f 2392 2381 2380
f 2392 2393 2381
f 2394 2382 2020
f 2394 2020 2034
f 2393 2381 2382
f 2393 2382 2394
f 2395 2021 2383
f 2395 2035 2021
f 2395 2034 2035
f 2395 2394 2034
f 2395 2382 2394
f 2395 2383 2382
f 2385 2023 2036
f 2385 2036 2397
f 2396 2384 2385
f 2396 2385 2397
f 2398 2024 2386
f 2398 2037 2024
f 2399 2038 2037
f 2399 2037 2398
f 2399 2387 2388
f 2399 2388 2400
f 2402 2401 2389
f 2402 2389 2390
f 2046 2045 2403
f 2046 2403 2404
f 2405 2397 2036
f 2405 2036 2050
f 2406 2038 2399
f 2406 2052 2038
f 2408 2401 2402
f 2408 2402 2409
f 2411 2403 2045
f 2411 2045 2058
f 2058 2057 2410
f 2058 2410 2411
f 2412 2046 2404
f 2412 2059 2046
f 2412 2058 2059
f 2412 2411 2058
f 2412 2403 2411
f 2412 2404 2403
f 2405 2050 2062
f 2405 2062 2413
f 2414 2052 2406
f 2414 2064 2052
f 2065 2064 2414
f 2065 2414 2415
f 2414 2406 2407
f 2414 2407 2415
f 2069 2068 2416
f 2069 2416 2417
f 2070 2069 2417
f 2070 2417 2418
f 2419 2410 2057
f 2419 2057 2071
f 2420 2058 2411
f 2420 2072 2058
f 2420 2071 2072
f 2420 2419 2071
f 2420 2410 2419
f 2420 2411 2410
f 2075 2074 2421
f 2075 2421 2422
f 2423 2076 2075
f 2423 2075 2422
f 2413 2062 2077
f 2413 2077 2424
f 2415 2079 2065
f 2415 2425 2079
f 2426 2080 2079
f 2426 2079 2425
f 2427 2416 2068
f 2427 2068 2082
f 2083 2427 2082
f 2083 2428 2427
f 2427 2417 2416
f 2427 2428 2417
f 2418 2084 2070
f 2418 2429 2084
f 2084 2428 2083
f 2084 2429 2428
f 2428 2418 2417
f 2428 2429 2418
f 2085 2084 2429
f 2085 2429 2430
f 2421 2074 2087
f 2421 2087 2432
f 2432 2087 2086
f 2432 2086 2431
f 2433 2421 2432
f 2433 2422 2421
f 2423 2089 2076
f 2423 2434 2089
f 2433 2423 2422
f 2433 2434 2423
f 2424 2077 2090
f 2424 2090 2435
f 2435 2090 2089
f 2435 2089 2434
f 2426 2092 2080
f 2426 2438 2092
f 2437 2426 2425
f 2437 2438 2426
f 2439 2093 2092
f 2439 2092 2438
f 2440 2429 2084
f 2440 2084 2096
f 2441 2085 2430
f 2441 2097 2085
f 2440 2430 2429
f 2440 2441 2430
f 2431 2086 2098
f 2431 2098 2442
f 2443 2098 2099
f 2443 2442 2098
f 2445 2436 2444
f 2445 2437 2436
f 2445 2438 2437
f 2445 2446 2438
f 2439 2102 2093
f 2439 2447 2102
f 2446 2439 2438
f 2446 2447 2439
f 2448 2103 2102
f 2448 2102 2447
f 2450 2440 2096
f 2450 2096 2105
f 2105 2104 2449
f 2105 2449 2450
f 2451 2097 2441
f 2451 2106 2097
f 2451 2105 2106
f 2451 2450 2105
f 2451 2440 2450
f 2451 2441 2440
f 2443 2099 2107
f 2443 2107 2455
f 2454 2442 2443
f 2454 2443 2455
f 2448 2109 2103
f 2448 2457 2109
f 2456 2448 2447
f 2456 2457 2448
f 2458 2449 2104
f 2458 2104 2110
f 2459 2105 2450
f 2459 2111 2105
f 2111 2458 2110
f 2111 2459 2458
f 2459 2449 2458
f 2459 2450 2449
f 2461 2114 2113
f 2461 2113 2460
f 2461 2460 2452
f 2461 2452 2453
f 2462 2461 2453
f 2462 2453 2454
f 2463 2455 2107
f 2463 2107 2116
f 2463 2116 2115
f 2463 2115 2462
f 2463 2462 2454
f 2463 2454 2455
f 2464 2109 2457
f 2464 2118 2109
f 2460 2113 2122
f 2460 2122 2467
f 2122 2121 2466
f 2122 2466 2467
f 2461 2123 2114
f 2461 2468 2123
f 2469 2462 2115
f 2469 2115 2124
f 2469 2124 2123
f 2469 2123 2468
f 2469 2468 2461
f 2469 2461 2462
f 2470 2118 2464
f 2470 2125 2118
f 2126 2125 2470
f 2126 2470 2471
f 2470 2464 2465
f 2470 2465 2471
f 2472 2127 2126
f 2472 2126 2471
f 2466 2121 2128
f 2466 2128 2473
f 2128 2127 2472
f 2128 2472 2473
f 2474 2468 2467
f 2474 2475 2468
f 2133 2476 2132
f 2133 2477 2476
f 2136 2478 2135
f 2136 2479 2478
f 2476 2139 2132
f 2476 2486 2139
f 2139 2485 2138
f 2139 2486 2485
f 2477 2133 2140
f 2477 2140 2487
f 2487 2486 2476
f 2487 2476 2477
f 2488 2140 2141
f 2488 2487 2140
f 2478 2142 2135
f 2478 2489 2142
f 2479 2136 2143
f 2479 2143 2490
f 2143 2142 2489
f 2143 2489 2490
f 2489 2478 2479
f 2489 2479 2490
f 2495 2480 2494
f 2495 2481 2480
f 2495 2482 2481
f 2495 2496 2482
f 2498 2483 2497
f 2498 2484 2483
f 2485 2146 2138
f 2485 2499 2146
f 2146 2498 2145
f 2146 2499 2498
f 2499 2484 2498
f 2499 2485 2484
f 2500 2486 2487
f 2500 2487 2501
f 2488 2141 2147
f 2488 2147 2502
f 2501 2487 2488
f 2501 2488 2502
f 2503 2147 2148
f 2503 2502 2147
f 2504 2148 2149
f 2504 2503 2148
f 2505 2149 2150
f 2505 2504 2149
f 2152 2506 2151
f 2152 2507 2506
f 2507 2491 2506
f 2507 2492 2491
f 2508 2492 2507
f 2508 2493 2492
f 2509 2495 2494
f 2509 2510 2495
f 2511 2495 2510
f 2511 2496 2495
f 2512 2496 2511
f 2512 2497 2496
f 2498 2154 2145
f 2498 2513 2154
f 2513 2497 2512
f 2513 2498 2497
f 2155 2154 2513
f 2155 2513 2514
f 2517 2516 2501
f 2517 2501 2502
f 2505 2150 2161
f 2505 2161 2518
f 2506 2162 2151
f 2506 2519 2162
f 2162 2518 2161
f 2162 2519 2518
f 2507 2152 2163
f 2507 2163 2520
f 2521 2507 2520
f 2521 2508 2507
f 2524 2511 2510
f 2524 2525 2511
f 2527 2164 2165
f 2527 2526 2164
f 2514 2166 2155
f 2514 2528 2166
f 2166 2527 2165
f 2166 2528 2527
f 2528 2514 2515
f 2528 2515 2529
f 2171 2170 2530
f 2171 2530 2531
f 2533 2532 2518
f 2533 2518 2519
f 2520 2163 2173
f 2520 2173 2534
f 2533 2519 2520
f 2533 2520 2534
f 2174 2534 2173
f 2174 2535 2534
f 2175 2535 2174
f 2175 2536 2535
f 2537 2523 2522
f 2537 2538 2523
f 2540 2525 2524
f 2540 2541 2525
f 2542 2164 2526
f 2542 2177 2164
f 2542 2176 2177
f 2542 2541 2176
f 2542 2525 2541
f 2542 2526 2525
f 2543 2528 2529
f 2543 2529 2544
f 2545 2530 2170
f 2545 2170 2182
f 2531 2183 2171
f 2531 2546 2183
f 2183 2545 2182
f 2183 2546 2545
f 2545 2531 2530
f 2545 2546 2531
f 2547 2184 2183
f 2547 2183 2546
f 2547 2546 2531
f 2547 2531 2532
f 2186 2185 2548
f 2186 2548 2549
f 2536 2175 2187
f 2536 2187 2550
f 2187 2186 2549
f 2187 2549 2550
f 2552 2539 2538
f 2552 2553 2539
f 2553 2540 2539
f 2553 2554 2540
f 2555 2176 2541
f 2555 2189 2176
f 2555 2188 2189
f 2555 2554 2188
f 2555 2540 2554
f 2555 2541 2540
f 2546 2183 2197
f 2546 2197 2558
f 2559 2184 2547
f 2559 2198 2184
f 2559 2197 2198
f 2559 2558 2197
f 2548 2185 2200
f 2548 2200 2561
f 2200 2199 2560
f 2200 2560 2561
f 2201 2561 2200
f 2201 2562 2561
f 2562 2548 2561
f 2562 2549 2548
f 2562 2550 2549
f 2562 2563 2550
f 2563 2551 2550
f 2563 2564 2551
f 2565 2553 2552
f 2565 2566 2553
f 2567 2188 2554
f 2567 2202 2188
f 2566 2554 2553
f 2566 2567 2554
f 2567 2554 2555
f 2567 2555 2568
f 2570 2556 2557
f 2570 2557 2571
f 2560 2199 2210
f 2560 2210 2573
f 2573 2210 2209
f 2573 2209 2572
f 2574 2200 2561
f 2574 2211 2200
f 2211 2573 2210
f 2211 2574 2573
f 2574 2560 2573
f 2574 2561 2560
f 2562 2201 2212
f 2562 2212 2575
f 2213 2575 2212
f 2213 2576 2575
f 2575 2563 2562
f 2575 2576 2563
f 2577 2202 2567
f 2577 2214 2202
f 2577 2567 2568
f 2577 2568 2578
f 2579 2216 2215
f 2579 2215 2578
f 2578 2568 2569
f 2578 2569 2579
f 2218 2217 2580
f 2218 2580 2581
f 2572 2209 2219
f 2572 2219 2582
f 2573 2220 2210
f 2573 2583 2220
f 2220 2582 2219
f 2220 2583 2582
f 2583 2572 2582
f 2583 2573 2572
f 2584 2576 2213
f 2584 2213 2221
f 2585 2221 2222
f 2585 2584 2221
f 2586 2214 2577
f 2586 2223 2214
f 2587 2578 2215
f 2587 2215 2224
f 2588 2216 2579
f 2588 2225 2216
f 2587 2579 2578
f 2587 2588 2579
f 2589 2580 2217
f 2589 2217 2226
f 2581 2227 2218
f 2581 2590 2227
f 2589 2581 2580
f 2589 2590 2581
f 2585 2222 2231
f 2585 2231 2595
f 2594 2584 2585
f 2594 2585 2595
f 2596 2223 2586
f 2596 2232 2223
f 2597 2587 2224
f 2597 2224 2233
f 2597 2233 2232
f 2597 2232 2596
f 2588 2234 2225
f 2588 2598 2234
f 2599 2589 2226
f 2599 2226 2235
f 2590 2236 2227
f 2590 2600 2236
f 2236 2599 2235
f 2236 2600 2599
f 2599 2590 2589
f 2599 2600 2590
f 2600 2590 2591
f 2600 2591 2601
f 2602 2238 2237
f 2602 2237 2601
f 2601 2591 2592
f 2601 2592 2602
f 2604 2603 2593
f 2604 2593 2594
f 2605 2595 2231
f 2605 2231 2242
f 2605 2242 2241
f 2605 2241 2604
f 2605 2604 2594
f 2605 2594 2595
f 2606 2234 2598
f 2606 2244 2234
f 2607 2601 2237
f 2607 2237 2247
f 2608 2238 2602
f 2608 2248 2238
f 2248 2607 2247
f 2248 2608 2607
f 2607 2602 2601
f 2607 2608 2602
f 2251 2250 2609
f 2251 2609 2610
f 2611 2252 2251
f 2611 2251 2610
f 2604 2241 2253
f 2604 2253 2612
f 2612 2611 2603
f 2612 2603 2604
f 2256 2613 2255
f 2256 2614 2613
f 2615 2244 2606
f 2615 2257 2244
f 2615 2256 2257
f 2615 2614 2256
f 2262 2261 2619
f 2262 2619 2620
f 2609 2250 2264
f 2609 2264 2622
f 2264 2263 2621
f 2264 2621 2622
f 2623 2609 2622
f 2623 2610 2609
f 2624 2252 2611
f 2624 2265 2252
f 2612 2253 2266
f 2612 2266 2625
f 2266 2265 2624
f 2266 2624 2625
f 2624 2611 2612
f 2624 2612 2625
f 2613 2267 2255
f 2613 2626 2267
f 2627 2626 2613
f 2627 2613 2614
f 2630 2616 2617
f 2630 2617 2631
f 2631 2617 2618
f 2631 2618 2632
f 2633 2619 2261
f 2633 2261 2273
f 2620 2274 2262
f 2620 2634 2274
f 2274 2633 2273
f 2274 2634 2633
f 2633 2620 2619
f 2633 2634 2620
f 2621 2263 2275
f 2621 2275 2635
f 2636 2621 2635
f 2636 2622 2621
f 2626 2277 2267
f 2626 2637 2277
f 2638 2278 2277
f 2638 2277 2637
f 2279 2278 2638
f 2279 2638 2639
f 2640 2280 2279
f 2640 2279 2639
f 2639 2628 2629
f 2639 2629 2640
f 2281 2280 2640
f 2281 2640 2641
f 2642 2631 2632
f 2642 2632 2643
f 2645 2635 2275
f 2645 2275 2285
f 2645 2285 2284
f 2645 2284 2644
f 2645 2644 2634
f 2645 2634 2635
f 2646 2281 2641
f 2646 2287 2281
f 2288 2287 2646
f 2288 2646 2647
f 2646 2641 2642
f 2646 2642 2647
f 2647 2642 2643
f 2647 2643 2648
f 2651 2644 2284
f 2651 2284 2290
f 2290 2289 2650
f 2290 2650 2651
f 2653 2288 2647
f 2653 2292 2288
f 2653 2647 2648
f 2653 2648 2654
f 2654 2648 2649
f 2654 2649 2655
f 2650 2289 2294
f 2650 2294 2656
f 2294 2293 2655
f 2294 2655 2656
f 2657 2650 2656
f 2657 2651 2650
f 2296 2657 2295
f 2296 2658 2657
f 2657 2652 2651
f 2657 2658 2652
f 2653 2297 2292
f 2653 2659 2297
f 2298 2297 2659
f 2298 2659 2660
f 2659 2653 2654
f 2659 2654 2660
f 2661 2655 2293
f 2661 2293 2299
f 2661 2299 2298
f 2661 2298 2660
f 2661 2660 2654
f 2661 2654 2655
f 2657 2300 2295
f 2657 2663 2300
f 2662 2657 2656
f 2662 2663 2657
f 2664 2658 2296
f 2664 2296 2301
f 2664 2301 2300
f 2664 2300 2663
f 2309 2665 2308
f 2309 2666 2665
f 2669 2312 2313
f 2669 2668 2312
f 2314 2669 2313
f 2314 2670 2669
f 2671 2314 2315
f 2671 2670 2314
f 2665 2316 2308
f 2665 2672 2316
f 2673 2666 2309
f 2673 2309 2317
f 2673 2317 2316
f 2673 2316 2672
f 2672 2665 2666
f 2672 2666 2673
f 2678 2318 2319
f 2678 2677 2318
f 2668 2320 2312
f 2668 2679 2320
f 2320 2678 2319
f 2320 2679 2678
f 2679 2667 2678
f 2679 2668 2667
f 2679 2668 2669
f 2679 2669 2680
f 2681 2680 2669
f 2681 2669 2670
f 2671 2315 2322
f 2671 2322 2682
f 2681 2670 2671
f 2681 2671 2682
f 2323 2682 2322
f 2323 2683 2682
f 2324 2683 2323
f 2324 2684 2683
f 2326 2685 2325
f 2326 2686 2685
f 2689 2675 2674
f 2689 2690 2675
f 2691 2675 2690
f 2691 2676 2675
f 2677 2327 2318
f 2677 2692 2327
f 2691 2677 2676
f 2691 2692 2677
f 2328 2327 2692
f 2328 2692 2693
f 2696 2695 2680
f 2696 2680 2681
f 2697 2696 2681
f 2697 2681 2682
f 2698 2697 2682
f 2698 2682 2683
f 2684 2324 2329
f 2684 2329 2699
f 2700 2325 2685
f 2700 2330 2325
f 2701 2686 2326
f 2701 2326 2331
f 2332 2701 2331
f 2332 2702 2701
f 2702 2686 2701
f 2702 2687 2686
f 2703 2687 2702
f 2703 2688 2687
f 2708 2328 2693
f 2708 2334 2328
f 2707 2693 2692
f 2707 2708 2693
f 2708 2693 2694
f 2708 2694 2709
f 2710 2709 2694
f 2710 2694 2695
f 2711 2336 2335
f 2711 2335 2710
f 2711 2710 2695
f 2711 2695 2696
f 2699 2329 2338
f 2699 2338 2713
f 2338 2337 2712
f 2338 2712 2713
f 2700 2339 2330
f 2700 2714 2339
f 2339 2713 2338
f 2339 2714 2713
f 2714 2699 2713
f 2714 2700 2699
f 2715 2714 2700
f 2715 2700 2701
f 2716 2702 2332
f 2716 2332 2341
f 2721 2704 2720
f 2721 2705 2704
f 2721 2706 2705
f 2721 2722 2706
f 2723 2342 2343
f 2723 2722 2342
f 2724 2334 2708
f 2724 2344 2334
f 2724 2343 2344
f 2724 2723 2343
f 2724 2707 2723
f 2724 2708 2707
f 2726 2710 2335
f 2726 2335 2346
f 2725 2709 2710
f 2725 2710 2726
f 2727 2336 2711
f 2727 2347 2336
f 2727 2346 2347
f 2727 2726 2346
f 2726 2711 2710
f 2726 2727 2711
f 2712 2337 2348
f 2712 2348 2728
f 2713 2349 2338
f 2713 2729 2349
f 2729 2712 2728
f 2729 2713 2712
f 2730 2729 2713
f 2730 2713 2714
f 2730 2714 2715
f 2730 2715 2731
f 2732 2716 2341
f 2732 2341 2352
f 2731 2715 2716
f 2731 2716 2732
f 2734 2353 2354
f 2734 2733 2353
f 2735 2718 2717
f 2735 2736 2718
f 2738 2355 2356
f 2738 2737 2355
f 2738 2719 2737
f 2738 2720 2719
f 2738 2721 2720
f 2738 2739 2721
f 2740 2342 2722
f 2740 2358 2342
f 2740 2357 2358
f 2740 2739 2357
f 2740 2721 2739
f 2740 2722 2721
f 2741 2728 2348
f 2741 2348 2363
f 2742 2349 2729
f 2742 2364 2349
f 2743 2732 2352
f 2743 2352 2367
f 2744 2353 2733
f 2744 2368 2353
f 2743 2733 2732
f 2743 2744 2733
f 2734 2354 2369
f 2734 2369 2745
f 2369 2368 2744
f 2369 2744 2745
f 2746 2355 2737
f 2746 2370 2355
f 2738 2356 2371
f 2738 2371 2747
f 2371 2370 2746
f 2371 2746 2747
f 2748 2357 2739
f 2748 2372 2357
f 2748 2738 2747
f 2748 2739 2738
f 2748 2739 2740
f 2748 2740 2749
f 2750 2741 2363
f 2750 2363 2379
f 2751 2364 2742
f 2751 2380 2364
f 2751 2379 2380
f 2751 2750 2379
f 2750 2742 2741
f 2750 2751 2742
f 2382 2381 2752
f 2382 2752 2753
f 2754 2743 2367
f 2754 2367 2383
f 2384 2754 2383
f 2384 2755 2754
f 2754 2744 2743
f 2754 2755 2744
f 2756 2744 2755
f 2756 2745 2744
f 2757 2747 2746
f 2757 2758 2747
f 2748 2387 2372
f 2748 2759 2387
f 2759 2386 2387
f 2759 2758 2386
f 2388 2387 2759
f 2388 2759 2760
f 2760 2759 2748
f 2760 2748 2749
f 2762 2390 2389
f 2762 2389 2761
f 2763 2752 2381
f 2763 2381 2393
f 2764 2382 2753
f 2764 2394 2382
f 2394 2763 2393
f 2394 2764 2763
f 2763 2753 2752
f 2763 2764 2753
f 2755 2384 2396
f 2755 2396 2765
f 2766 2396 2397
f 2766 2765 2396
f 2765 2756 2755
f 2765 2766 2756
f 2767 2386 2758
f 2767 2398 2386
f 2768 2759 2387
f 2768 2387 2399
f 2768 2399 2398
f 2768 2398 2767
f 2767 2758 2759
f 2767 2759 2768
f 2769 2388 2760
f 2769 2400 2388
f 2769 2399 2400
f 2769 2768 2399
f 2769 2759 2768
f 2769 2760 2759
f 2761 2389 2401
f 2761 2401 2770
f 2762 2402 2390
f 2762 2771 2402
f 2770 2762 2761
f 2770 2771 2762
f 2774 2766 2397
f 2774 2397 2405
f 2776 2399 2768
f 2776 2406 2399
f 2776 2767 2775
f 2776 2768 2767
f 2407 2406 2776
f 2407 2776 2777
f 2770 2401 2408
f 2770 2408 2779
f 2771 2409 2402
f 2771 2780 2409
f 2409 2779 2408
f 2409 2780 2779
f 2779 2771 2770
f 2779 2780 2771
f 2782 2781 2772
f 2782 2772 2773
f 2783 2774 2405
f 2783 2405 2413
f 2783 2782 2773
f 2783 2773 2774
f 2784 2407 2777
f 2784 2415 2407
f 2784 2777 2778
f 2784 2778 2785
f 2787 2786 2781
f 2787 2781 2782
f 2783 2413 2424
f 2783 2424 2788
f 2787 2782 2783
f 2787 2783 2788
f 2784 2425 2415
f 2784 2789 2425
f 2432 2431 2793
f 2432 2793 2794
f 2433 2432 2794
f 2433 2794 2795
f 2796 2434 2433
f 2796 2433 2795
f 2796 2795 2786
f 2796 2786 2787
f 2788 2424 2435
f 2788 2435 2797
f 2797 2435 2434
f 2797 2434 2796
f 2796 2787 2788
f 2796 2788 2797
f 2799 2425 2789
f 2799 2437 2425
f 2437 2798 2436
f 2437 2799 2798
f 2800 2799 2789
f 2800 2789 2790
f 2803 2802 2791
f 2803 2791 2792
f 2793 2431 2442
f 2793 2442 2806
f 2807 2793 2806
f 2807 2794 2793
f 2798 2444 2436
f 2798 2808 2444
f 2809 2445 2444
f 2809 2444 2808
f 2446 2445 2809
f 2446 2809 2810
f 2811 2447 2446
f 2811 2446 2810
f 2813 2812 2801
f 2813 2801 2802
f 2814 2804 2805
f 2814 2805 2815
f 2816 2453 2452
f 2816 2452 2815
f 2806 2442 2454
f 2806 2454 2817
f 2817 2454 2453
f 2817 2453 2816
f 2811 2456 2447
f 2811 2819 2456
f 2818 2811 2810
f 2818 2819 2811
f 2820 2457 2456
f 2820 2456 2819
f 2821 2820 2812
f 2821 2812 2813
f 2823 2815 2452
f 2823 2452 2460
f 2825 2457 2820
f 2825 2464 2457
f 2465 2464 2825
f 2465 2825 2826
f 2825 2820 2821
f 2825 2821 2826
f 2826 2821 2822
f 2826 2822 2827
f 2829 2823 2460
f 2829 2460 2467
f 2829 2467 2466
f 2829 2466 2828
f 2830 2467 2468
f 2830 2829 2467
f 2829 2824 2823
f 2829 2830 2824
f 2832 2465 2826
f 2832 2471 2465
f 2472 2471 2832
f 2472 2832 2833
f 2832 2826 2827
f 2832 2827 2833
f 2834 2828 2466
f 2834 2466 2473
f 2473 2472 2833
f 2473 2833 2834
f 2834 2833 2827
f 2834 2827 2828
f 2829 2474 2467
f 2829 2835 2474
f 2834 2829 2828
f 2834 2835 2829
f 2830 2468 2475
f 2830 2475 2836
f 2836 2475 2474
f 2836 2474 2835
f 2836 2831 2830
f 2836 2837 2831
f 2838 2837 2836
f 2838 2839 2837
f 2481 2846 2480
f 2481 2847 2846
f 2482 2847 2481
f 2482 2848 2847
f 2848 2840 2847
f 2848 2841 2840
f 2849 2841 2848
f 2849 2842 2841
f 2850 2483 2484
f 2850 2849 2483
f 2850 2842 2849
f 2850 2843 2842
f 2851 2484 2485
f 2851 2850 2484
f 2851 2843 2850
f 2851 2844 2843
f 2486 2851 2485
f 2486 2852 2851
f 2851 2845 2844
f 2851 2852 2845
f 2492 2853 2491
f 2492 2854 2853
f 2493 2854 2492
f 2493 2855 2854
f 2856 2480 2846
f 2856 2494 2480
f 2857 2848 2482
f 2857 2482 2496
f 2858 2483 2849
f 2858 2497 2483
f 2858 2496 2497
f 2858 2857 2496
f 2858 2848 2857
f 2858 2849 2848
f 2852 2486 2500
f 2852 2500 2859
f 2860 2500 2501
f 2860 2859 2500
f 2503 2861 2502
f 2503 2862 2861
f 2863 2503 2504
f 2863 2862 2503
f 2864 2504 2505
f 2864 2863 2504
f 2865 2491 2853
f 2865 2506 2491
f 2866 2865 2853
f 2866 2853 2854
f 2867 2855 2493
f 2867 2493 2508
f 2867 2866 2854
f 2867 2854 2855
f 2856 2509 2494
f 2856 2870 2509
f 2871 2510 2509
f 2871 2509 2870
f 2512 2511 2872
f 2512 2872 2873
f 2874 2513 2512
f 2874 2512 2873
f 2875 2514 2513
f 2875 2513 2874
f 2515 2514 2875
f 2515 2875 2876
f 2860 2501 2516
f 2860 2516 2877
f 2876 2859 2860
f 2876 2860 2877
f 2861 2517 2502
f 2861 2878 2517
f 2517 2877 2516
f 2517 2878 2877
f 2879 2878 2861
f 2879 2861 2862
f 2879 2862 2863
f 2879 2863 2880
f 2864 2505 2518
f 2864 2518 2881
f 2881 2880 2863
f 2881 2863 2864
f 2882 2506 2865
f 2882 2519 2506
f 2520 2519 2882
f 2520 2882 2883
f 2882 2865 2866
f 2882 2866 2883
f 2884 2867 2508
f 2884 2508 2521
f 2521 2520 2883
f 2521 2883 2884
f 2884 2883 2866
f 2884 2866 2867
f 2887 2522 2523
f 2887 2886 2522
f 2887 2868 2886
f 2887 2869 2868
f 2871 2524 2510
f 2871 2889 2524
f 2890 2872 2511
f 2890 2511 2525
f 2526 2890 2525
f 2526 2891 2890
f 2890 2873 2872
f 2890 2891 2873
f 2527 2891 2526
f 2527 2892 2891
f 2891 2874 2873
f 2891 2892 2874
f 2893 2527 2528
f 2893 2892 2527
f 2892 2875 2874
f 2892 2893 2875
f 2894 2515 2876
f 2894 2529 2515
f 2894 2875 2893
f 2894 2876 2875
f 2895 2894 2876
f 2895 2876 2877
f 2896 2895 2877
f 2896 2877 2878
f 2881 2518 2532
f 2881 2532 2899
f 2899 2532 2531
f 2899 2531 2898
f 2898 2880 2881
f 2898 2881 2899
f 2900 2532 2533
f 2900 2899 2532
f 2534 2900 2533
f 2534 2901 2900
f 2902 2534 2535
f 2902 2901 2534
f 2903 2535 2536
f 2903 2902 2535
f 2905 2522 2886
f 2905 2537 2522
f 2905 2885 2904
f 2905 2886 2885
f 2906 2887 2523
f 2906 2523 2538
f 2906 2538 2537
f 2906 2537 2905
f 2539 2906 2538
f 2539 2907 2906
f 2908 2524 2889
f 2908 2540 2524
f 2908 2539 2540
f 2908 2907 2539
f 2908 2888 2907
f 2908 2889 2888
f 2893 2528 2543
f 2893 2543 2911
f 2912 2529 2894
f 2912 2544 2529
f 2544 2911 2543
f 2544 2912 2911
f 2912 2893 2911
f 2912 2894 2893
f 2914 2898 2531
f 2914 2531 2546
f 2913 2897 2898
f 2913 2898 2914
f 2915 2532 2899
f 2915 2547 2532
f 2915 2899 2900
f 2915 2900 2916
f 2916 2900 2901
f 2916 2901 2917
f 2917 2901 2902
f 2917 2902 2918
f 2903 2536 2550
f 2903 2550 2919
f 2918 2902 2903
f 2918 2903 2919
f 2551 2919 2550
f 2551 2920 2919
f 2921 2538 2906
f 2921 2552 2538
f 2555 2554 2922
f 2555 2922 2923
f 2924 2909 2910
f 2924 2910 2925
f 2557 2556 2926
f 2557 2926 2927
f 2914 2546 2558
f 2914 2558 2929
f 2915 2559 2547
f 2915 2930 2559
f 2559 2929 2558
f 2559 2930 2929
f 2931 2930 2915
f 2931 2915 2916
f 2920 2551 2564
f 2920 2564 2934
f 2934 2564 2563
f 2934 2563 2933
f 2933 2919 2920
f 2933 2920 2934
f 2921 2565 2552
f 2921 2935 2565
f 2936 2566 2565
f 2936 2565 2935
f 2922 2554 2567
f 2922 2567 2937
f 2937 2567 2566
f 2937 2566 2936
f 2923 2568 2555
f 2923 2938 2568
f 2938 2922 2937
f 2938 2923 2922
f 2569 2568 2938
f 2569 2938 2939
f 2926 2556 2570
f 2926 2570 2941
f 2927 2571 2557
f 2927 2942 2571
f 2571 2941 2570
f 2571 2942 2941
f 2941 2927 2926
f 2941 2942 2927
f 2942 2927 2928
f 2942 2928 2943
f 2946 2933 2563
f 2946 2563 2576
f 2946 2945 2932
f 2946 2932 2933
f 2948 2577 2578
f 2948 2947 2577
f 2949 2569 2939
f 2949 2579 2569
f 2579 2948 2578
f 2579 2949 2948
f 2948 2939 2938
f 2948 2949 2939
f 2950 2949 2939
f 2950 2939 2940
f 2954 2953 2944
f 2954 2944 2945
f 2955 2946 2576
f 2955 2576 2584
f 2955 2954 2945
f 2955 2945 2946
f 2947 2586 2577
f 2947 2956 2586
f 2956 2947 2948
f 2956 2948 2957
f 2958 2588 2587
f 2958 2587 2957
f 2958 2957 2948
f 2958 2948 2949
f 2591 2590 2961
f 2591 2961 2962
f 2961 2951 2952
f 2961 2952 2962
f 2963 2592 2591
f 2963 2591 2962
f 2965 2955 2584
f 2965 2584 2594
f 2965 2594 2593
f 2965 2593 2964
f 2965 2964 2954
f 2965 2954 2955
f 2966 2586 2956
f 2966 2596 2586
f 2967 2957 2587
f 2967 2587 2597
f 2597 2596 2966
f 2597 2966 2967
f 2966 2956 2957
f 2966 2957 2967
f 2958 2598 2588
f 2958 2968 2598
f 2967 2958 2957
f 2967 2968 2958
f 2969 2959 2960
f 2969 2960 2970
f 2961 2590 2600
f 2961 2600 2971
f 2601 2971 2600
f 2601 2972 2971
f 2973 2592 2963
f 2973 2602 2592
f 2973 2601 2602
f 2973 2972 2601
f 2972 2963 2962
f 2972 2973 2963
f 2974 2964 2593
f 2974 2593 2603
f 2976 2598 2968
f 2976 2606 2598
f 2980 2974 2603
f 2980 2603 2611
f 2611 2610 2979
f 2611 2979 2980
f 2976 2615 2606
f 2976 2982 2615
f 2615 2981 2614
f 2615 2982 2981
f 2982 2975 2981
f 2982 2976 2975
f 2984 2617 2616
f 2984 2616 2983
f 2618 2617 2984
f 2618 2984 2985
f 2986 2977 2978
f 2986 2978 2987
f 2979 2610 2623
f 2979 2623 2989
f 2623 2622 2988
f 2623 2988 2989
f 2991 2614 2981
f 2991 2627 2614
f 2627 2990 2626
f 2627 2991 2990
f 2991 2981 2982
f 2991 2982 2992
f 2993 2629 2628
f 2993 2628 2992
f 2983 2616 2630
f 2983 2630 2994
f 2995 2630 2631
f 2995 2994 2630
f 2996 2618 2985
f 2996 2632 2618
f 2635 2634 2999
f 2635 2999 3000
f 2988 2622 2636
f 2988 2636 3001
f 2636 2635 3000
f 2636 3000 3001
f 3002 2988 3001
f 3002 2989 2988
f 2990 2637 2626
f 2990 3003 2637
f 2638 2637 3003
f 2638 3003 3004
f 3004 3003 2990
f 3004 2990 2991
f 3005 2992 2628
f 3005 2628 2639
f 3005 2639 2638
f 3005 2638 3004
f 3005 3004 2991
f 3005 2991 2992
f 3006 2629 2993
f 3006 2640 2629
f 2641 2640 3006
f 2641 3006 3007
f 3006 2993 2994
f 3006 2994 3007
f 3008 2995 2631
f 3008 2631 2642
f 3008 2642 2641
f 3008 2641 3007
f 3007 2994 2995
f 3007 2995 3008
f 2996 2643 2632
f 2996 3009 2643
f 3011 3010 2997
f 3011 2997 2998
f 2999 2634 2644
f 2999 2644 3012
f 3009 2648 2643
f 3009 3013 2648
f 2649 2648 3013
f 2649 3013 3014
f 3014 3013 3009
f 3014 3009 3010
f 3016 3012 2644
f 3016 2644 2651
f 3015 3011 3012
f 3015 3012 3016
f 3017 2651 2652
f 3017 3016 2651
f 3019 2649 3014
f 3019 2655 2649
f 3018 3014 3013
f 3018 3019 3014
f 2656 2655 3019
f 2656 3019 3020
f 3022 3017 2652
f 3022 2652 2658
f 3021 3016 3017
f 3021 3017 3022
f 3020 2662 2656
f 3020 3023 2662
f 3024 2663 2662
f 3024 2662 3023
f 3023 3020 3021
f 3023 3021 3024
f 3025 3022 2658
f 3025 2658 2664
f 3025 2664 2663
f 3025 2663 3024
f 3024 3021 3022
f 3024 3022 3025
f 3033 3026 3032
f 3033 3027 3026
f 3033 3028 3027
f 3033 3034 3028
f 3035 2667 2668
f 3035 3034 2667
f 3035 3028 3034
f 3035 3029 3028
f 2675 3036 2674
f 2675 3037 3036
f 3037 3030 3036
f 3037 3031 3030
f 3038 2675 2676
f 3038 3037 2675
f 3039 2676 2677
f 3039 3038 2676
f 3039 3032 3038
f 3039 3033 3032
f 3040 2667 3034
f 3040 2678 2667
f 3040 2677 2678
f 3040 3039 2677
f 3040 3033 3039
f 3040 3034 3033
f 3041 3035 2668
f 3041 2668 2679
f 2680 3041 2679
f 2680 3042 3041
f 2684 3043 2683
f 2684 3044 3043
f 2686 3045 2685
f 2686 3046 3045
f 2687 3046 2686
f 2687 3047 3046
f 2688 3047 2687
f 2688 3048 3047
f 3036 2689 2674
f 3036 3049 2689
f 3050 2690 2689
f 3050 2689 3049
f 2691 2690 3050
f 2691 3050 3051
f 3052 2692 2691
f 3052 2691 3051
f 2694 2693 3053
f 2694 3053 3054
f 3042 2680 2695
f 3042 2695 3055
f 3055 2695 2694
f 3055 2694 3054
f 2697 3056 2696
f 2697 3057 3056
f 3043 2698 2683
f 3043 3058 2698
f 2698 3057 2697
f 2698 3058 3057
f 3044 2684 2699
f 3044 2699 3059
f 3059 3058 3043
f 3059 3043 3044
f 3060 2685 3045
f 3060 2700 2685
f 3060 2699 2700
f 3060 3059 2699
f 2701 2700 3060
f 2701 3060 3061
f 3061 3060 3045
f 3061 3045 3046
f 3062 3061 3046
f 3062 3046 3047
f 3048 2688 2703
f 3048 2703 3063
f 2703 2702 3062
f 2703 3062 3063
f 3063 3062 3047
f 3063 3047 3048
f 3069 2704 2705
f 3069 3068 2704
f 3068 3050 3049
f 3068 3069 3050
f 2706 3069 2705
f 2706 3070 3069
f 3069 3051 3050
f 3069 3070 3051
f 3052 2707 2692
f 3052 3071 2707
f 3072 3053 2693
f 3072 2693 2708
f 2709 3072 2708
f 2709 3073 3072
f 3072 3054 3053
f 3072 3073 3054
f 3074 3054 3073
f 3074 3055 3054
f 3075 2696 3056
f 3075 2711 2696
f 3075 2710 2711
f 3075 3074 2710
f 3077 3060 2700
f 3077 2700 2714
f 3077 2714 2713
f 3077 2713 3076
f 3077 3076 3059
f 3077 3059 3060
f 3078 2701 3061
f 3078 2715 2701
f 3079 3062 2702
f 3079 2702 2716
f 3079 2716 2715
f 3079 2715 3078
f 3079 3078 3061
f 3079 3061 3062
f 3080 3065 3064
f 3080 3081 3065
f 3082 2717 2718
f 3082 3081 2717
f 3082 3065 3081
f 3082 3066 3065
f 3082 3067 3066
f 3082 3083 3067
f 3084 2704 3068
f 3084 2720 2704
f 3084 2719 2720
f 3084 3083 2719
f 3085 3070 2706
f 3085 2706 2722
f 3086 2707 3071
f 3086 2723 2707
f 2723 3085 2722
f 2723 3086 3085
f 3085 3071 3070
f 3085 3086 3071
f 3073 2709 2725
f 3073 2725 3087
f 3088 2710 3074
f 3088 2726 2710
f 3088 2725 2726
f 3088 3087 2725
f 3076 2713 2729
f 3076 2729 3091
f 3091 2729 2728
f 3091 2728 3090
f 3092 2729 2730
f 3092 3091 2729
f 2731 3092 2730
f 2731 3093 3092
f 3094 2731 2732
f 3094 3093 2731
f 3095 2732 2733
f 3095 3094 2732
f 3096 2733 2734
f 3096 3095 2733
f 3097 2717 3081
f 3097 2735 2717
f 3098 3082 2718
f 3098 2718 2736
f 3098 2736 2735
f 3098 2735 3097
f 3099 2719 3083
f 3099 2737 2719
f 2740 2739 3100
f 2740 3100 3101
f 3103 3090 2728
f 3103 2728 2741
f 3103 3102 3089
f 3103 3089 3090
f 3091 2742 2729
f 3091 3104 2742
f 3104 2741 2742
f 3104 3103 2741
f 3104 3091 3092
f 3104 3092 3105
f 3105 3092 3093
f 3105 3093 3106
f 3109 3096 2734
f 3109 2734 2745
f 3110 2737 3099
f 3110 2746 2737
f 3100 2739 2748
f 3100 2748 3112
f 2748 2747 3111
f 2748 3111 3112
f 3101 2749 2740
f 3101 3113 2749
f 3113 3100 3112
f 3113 3101 3100
f 3118 3104 3105
f 3118 3105 3119
f 3119 3105 3106
f 3119 3106 3120
f 3120 3106 3107
f 3120 3107 3121
f 3123 3109 2745
f 3123 2745 2756
f 3123 3122 3108
f 3123 3108 3109
f 3110 2757 2746
f 3110 3124 2757
f 3111 2747 2758
f 3111 2758 3125
f 3125 2758 2757
f 3125 2757 3124
f 3126 3111 3125
f 3126 3112 3111
f 3127 2749 3113
f 3127 2760 2749
f 2760 3126 2759
f 2760 3127 3126
f 3127 3112 3126
f 3127 3113 3112
f 3131 3130 3114
f 3131 3114 3115
f 3132 3116 3117
f 3132 3117 3133
f 3136 3121 3122
f 3136 3122 3137
f 3138 3123 2756
f 3138 2756 2766
f 3137 3122 3123
f 3137 3123 3138
f 3140 2759 3126
f 3140 2768 2759
f 3140 2767 2768
f 3140 3139 2767
f 3140 3126 3127
f 3140 3127 3141
f 3142 3128 3129
f 3142 3129 3143
f 3144 3130 3131
f 3144 3131 3145
f 3147 3134 3135
f 3147 3135 3148
f 3150 2773 2772
f 3150 2772 3149
f 3150 3149 3136
f 3150 3136 3137
f 3151 3138 2766
f 3151 2766 2774
f 3151 2774 2773
f 3151 2773 3150
f 3151 3150 3137
f 3151 3137 3138
f 3139 2775 2767
f 3139 3152 2775
f 3153 2776 2775
f 3153 2775 3152
f 3153 3152 3139
f 3153 3139 3140
f 2777 2776 3153
f 2777 3153 3154
f 3153 3140 3141
f 3153 3141 3154
f 3155 2778 2777
f 3155 2777 3154
f 3156 3145 3146
f 3156 3146 3157
f 3160 3149 2772
f 3160 2772 2781
f 3155 2785 2778
f 3155 3162 2785
f 2785 3161 2784
f 2785 3162 3161
f 3161 3155 3154
f 3161 3162 3155
f 3163 3156 3157
f 3163 3157 3164
f 3165 3158 3159
f 3165 3159 3166
f 3160 2781 2786
f 3160 2786 3167
f 3168 2784 3161
f 3168 2789 2784
f 2790 2789 3168
f 2790 3168 3169
f 2792 2791 3172
f 2792 3172 3173
f 3167 2786 2795
f 3167 2795 3175
f 3175 2795 2794
f 3175 2794 3174
f 3174 3166 3167
f 3174 3167 3175
f 2799 3176 2798
f 2799 3177 3176
f 3169 2800 2790
f 3169 3178 2800
f 2800 3177 2799
f 2800 3178 3177
f 3177 3169 3168
f 3177 3178 3169
f 3180 3179 3170
f 3180 3170 3171
f 3172 2791 2802
f 3172 2802 3181
f 3181 2802 2801
f 3181 2801 3180
f 3173 2803 2792
f 3173 3182 2803
f 2803 3181 2802
f 2803 3182 3181
f 3181 3173 3172
f 3181 3182 3173
f 3184 2805 2804
f 3184 2804 3183
f 3187 3174 2794
f 3187 2794 2807
f 2807 2806 3186
f 2807 3186 3187
f 3188 3174 3187
f 3188 3175 3174
f 3176 2808 2798
f 3176 3189 2808
f 2809 2808 3189
f 2809 3189 3190
f 3190 3189 3176
f 3190 3176 3177
f 2810 2809 3190
f 2810 3190 3191
f 3190 3177 3178
f 3190 3178 3191
f 3191 3178 3179
f 3191 3179 3192
f 3193 3180 2801
f 3193 2801 2812
f 3194 2802 3181
f 3194 2813 2802
f 3194 3181 3182
f 3194 3182 3195
f 3183 2804 2814
f 3183 2814 3196
f 3195 3182 3183
f 3195 3183 3196
f 3197 2805 3184
f 3197 2815 2805
f 3197 2814 2815
f 3197 3196 2814
f 3196 3184 3183
f 3196 3197 3184
f 3198 2816 2815
f 3198 2815 3197
f 3199 3186 2806
f 3199 2806 2817
f 3199 2817 2816
f 3199 2816 3198
f 3199 3198 3185
f 3199 3185 3186
f 3200 2810 3191
f 3200 2818 2810
f 3201 2819 2818
f 3201 2818 3200
f 3200 3191 3192
f 3200 3192 3201
f 3202 3193 2812
f 3202 2812 2820
f 3202 2820 2819
f 3202 2819 3201
f 3202 3201 3192
f 3202 3192 3193
f 3203 2813 3194
f 3203 2821 2813
f 2822 2821 3203
f 2822 3203 3204
f 3203 3194 3195
f 3203 3195 3204
f 3206 3197 2815
f 3206 2815 2823
f 3205 3196 3197
f 3205 3197 3206
f 3207 2823 2824
f 3207 3206 2823
f 3208 2822 3204
f 3208 2827 2822
f 3209 2828 2827
f 3209 2827 3208
f 3211 3207 2824
f 3211 2824 2830
f 3210 3206 3207
f 3210 3207 3211
f 3212 2830 2831
f 3212 3211 2830
f 3209 2834 2828
f 3209 3214 2834
f 3213 3209 3208
f 3213 3214 3209
f 2835 2834 3214
f 2835 3214 3215
f 3216 2836 2835
f 3216 2835 3215
f 3217 3212 2831
f 3217 2831 2837
f 3216 3211 3212
f 3216 3212 3217
f 3218 2836 3216
f 3218 2838 2836
f 3217 2837 2839
f 3217 2839 3219
f 2839 2838 3218
f 2839 3218 3219
f 3218 3216 3217
f 3218 3217 3219
f 3221 2840 2841
f 3221 3220 2840
f 3222 2841 2842
f 3222 3221 2841
f 2843 3222 2842
f 2843 3223 3222
f 2844 3223 2843
f 2844 3224 3223
f 2845 3224 2844
f 2845 3225 3224
f 3227 2840 3220
f 3227 2847 2840
f 2847 3226 2846
f 2847 3227 3226
f 3229 3225 2845
f 3229 2845 2852
f 3230 2846 3226
f 3230 2856 2846
f 3231 3230 3226
f 3231 3226 3227
f 3235 3229 2852
f 3235 2852 2859
f 3234 3228 3229
f 3234 3229 3235
f 2869 3237 2868
f 2869 3238 3237
f 3230 2870 2856
f 3230 3239 2870
f 3240 2871 2870
f 3240 2870 3239
f 3240 3239 3230
f 3240 3230 3231
f 3241 3232 3233
f 3241 3233 3242
f 3243 3235 2859
f 3243 2859 2876
f 2879 3244 2878
f 2879 3245 3244
f 3246 2879 2880
f 3246 3245 2879
f 3251 2868 3237
f 3251 2886 2868
f 3251 2885 2886
f 3251 3250 2885
f 3251 3236 3250
f 3251 3237 3236
f 3252 3238 2869
f 3252 2869 2887
f 3251 3237 3238
f 3251 3238 3252
f 3253 3238 3252
f 3253 3239 3238
f 3254 2871 3240
f 3254 2889 2871
f 3254 2888 2889
f 3254 3253 2888
f 3254 3239 3253
f 3254 3240 3239
f 3256 3243 2876
f 3256 2876 2894
f 3257 2894 2895
f 3257 3256 2894
f 3244 2896 2878
f 3244 3258 2896
f 2896 3257 2895
f 2896 3258 3257
f 3259 3258 3244
f 3259 3244 3245
f 3260 3246 2880
f 3260 2880 2898
f 3260 2898 2897
f 3260 2897 3259
f 3260 3259 3245
f 3260 3245 3246
f 3261 3248 3247
f 3261 3262 3248
f 3263 3248 3262
f 3263 3249 3248
f 3264 2885 3250
f 3264 2904 2885
f 3264 3249 3263
f 3264 3250 3249
f 3265 2905 2904
f 3265 2904 3264
f 3266 3252 2887
f 3266 2887 2906
f 3266 2906 2905
f 3266 2905 3265
f 3265 3251 3252
f 3265 3252 3266
f 3267 2888 3253
f 3267 2907 2888
f 2907 3266 2906
f 2907 3267 3266
f 2910 2909 3268
f 2910 3268 3269
f 3271 3270 3255
f 3271 3255 3256
f 3271 3256 3257
f 3271 3257 3272
f 3273 3272 3257
f 3273 3257 3258
f 3259 2897 2913
f 3259 2913 3274
f 3274 3273 3258
f 3274 3258 3259
f 3275 2913 2914
f 3275 3274 2913
f 2917 3276 2916
f 2917 3277 3276
f 3278 2917 2918
f 3278 3277 2917
f 3279 2918 2919
f 3279 3278 2918
f 3266 2921 2906
f 3266 3280 2921
f 3280 3266 3267
f 3280 3267 3281
f 3268 2909 2924
f 3268 2924 3282
f 3269 2925 2910
f 3269 3283 2925
f 2925 3282 2924
f 2925 3283 3282
f 3282 3269 3268
f 3282 3283 3269
f 2928 2927 3285
f 2928 3285 3286
f 3287 3286 3272
f 3287 3272 3273
f 3275 2914 2929
f 3275 2929 3289
f 3288 3274 3275
f 3288 3275 3289
f 3290 2929 2930
f 3290 3289 2929
f 3276 2931 2916
f 3276 3291 2931
f 2931 3290 2930
f 2931 3291 3290
f 3292 3291 3276
f 3292 3276 3277
f 3293 3292 3277
f 3293 3277 3278
f 3294 3279 2919
f 3294 2919 2933
f 3294 2933 2932
f 3294 2932 3293
f 3294 3293 3278
f 3294 3278 3279
f 3295 2921 3280
f 3295 2935 2921
f 2936 2935 3295
f 2936 3295 3296
f 3295 3280 3281
f 3295 3281 3296
f 3297 2937 2936
f 3297 2936 3296
f 3298 2938 2937
f 3298 2937 3297
f 2940 2939 3299
f 2940 3299 3300
f 3300 3283 3284
f 3300 3284 3301
f 3285 2927 2942
f 3285 2942 3302
f 3303 2928 3286
f 3303 2943 2928
f 2943 3302 2942
f 2943 3303 3302
f 3303 3285 3302
f 3303 3286 3285
f 3305 3304 3290
f 3305 3290 3291
f 3305 3291 3292
f 3305 3292 3306
f 3307 3293 2932
f 3307 2932 2945
f 3307 2945 2944
f 3307 2944 3306
f 3307 3306 3292
f 3307 3292 3293
f 3298 2948 2938
f 3298 3309 2948
f 3308 3298 3297
f 3308 3309 3298
f 3299 2939 2949
f 3299 2949 3310
f 2949 2948 3309
f 2949 3309 3310
f 3311 2940 3300
f 3311 2950 2940
f 2950 3310 2949
f 2950 3311 3310
f 3311 3299 3310
f 3311 3300 3299
f 3312 3301 3302
f 3312 3302 3313
f 3314 2952 2951
f 3314 2951 3313
f 3318 3306 2944
f 3318 2944 2953
f 3319 2953 2954
f 3319 3318 2953
f 3320 3309 3308
f 3320 3321 3309
f 3322 2949 3310
f 3322 2958 2949
f 3322 2957 2958
f 3322 3321 2957
f 3322 3309 3321
f 3322 3310 3309
f 2960 2959 3323
f 2960 3323 3324
f 3325 3313 2951
f 3325 2951 2961
f 3326 2952 3314
f 3326 2962 2952
f 3325 3314 3313
f 3325 3326 3314
f 3327 3315 3316
f 3327 3316 3328
f 3330 3329 3317
f 3330 3317 3318
f 3319 2954 2964
f 3319 2964 3331
f 3330 3318 3319
f 3330 3319 3331
f 3321 2967 2957
f 3321 3332 2967
f 2968 2967 3332
f 2968 3332 3333
f 3323 2959 2969
f 3323 2969 3334
f 3324 2970 2960
f 3324 3335 2970
f 2970 3334 2969
f 2970 3335 3334
f 3334 3324 3323
f 3334 3335 3324
f 3336 3325 2961
f 3336 2961 2971
f 3337 2962 3326
f 3337 2972 2962
f 3337 2971 2972
f 3337 3336 2971
f 3337 3325 3336
f 3337 3326 3325
f 3339 3338 3327
f 3339 3327 3328
f 3341 3340 3329
f 3341 3329 3330
f 3331 2964 2974
f 3331 2974 3342
f 3341 3330 3331
f 3341 3331 3342
f 3333 2976 2968
f 3333 3344 2976
f 3344 2975 2976
f 3344 3343 2975
f 3343 3333 3332
f 3343 3344 3333
f 2978 2977 3347
f 2978 3347 3348
f 3351 3350 3340
f 3351 3340 3341
f 3352 3342 2974
f 3352 2974 2980
f 3352 2980 2979
f 3352 2979 3351
f 3352 3351 3341
f 3352 3341 3342
f 3353 2975 3343
f 3353 2981 2975
f 2982 2981 3353
f 2982 3353 3354
f 3353 3343 3344
f 3353 3344 3354
f 3355 3345 3346
f 3355 3346 3356
f 3357 2984 2983
f 3357 2983 3356
f 3358 2985 2984
f 3358 2984 3357
f 3347 2977 2986
f 3347 2986 3359
f 3348 2987 2978
f 3348 3360 2987
f 2987 3359 2986
f 2987 3360 3359
f 3359 3348 3347
f 3359 3360 3348
f 3361 3360 3348
f 3361 3348 3349
f 3362 3361 3349
f 3362 3349 3350
f 3363 3351 2979
f 3363 2979 2989
f 3363 3362 3350
f 3363 3350 3351
f 3364 2982 3354
f 3364 2992 2982
f 2993 2992 3364
f 2993 3364 3365
f 3366 3356 2983
f 3366 2983 2994
f 3366 2994 2993
f 3366 2993 3365
f 3366 3357 3356
f 3366 3367 3357
f 3358 2996 2985
f 3358 3368 2996
f 3367 3358 3357
f 3367 3368 3358
f 2998 2997 3369
f 2998 3369 3370
f 3372 3000 2999
f 3372 2999 3371
f 3373 3001 3000
f 3373 3000 3372
f 3372 3361 3362
f 3372 3362 3373
f 3363 2989 3002
f 3363 3002 3374
f 3002 3001 3373
f 3002 3373 3374
f 3374 3373 3362
f 3374 3362 3363
f 3375 3366 3365
f 3375 3376 3366
f 3376 3367 3366
f 3376 3377 3367
f 3378 2996 3368
f 3378 3009 2996
f 3377 3368 3367
f 3377 3378 3368
f 3379 3369 2997
f 3379 2997 3010
f 3010 3009 3378
f 3010 3378 3379
f 3380 2998 3370
f 3380 3011 2998
f 3011 3379 3010
f 3011 3380 3379
f 3381 3371 2999
f 3381 2999 3012
f 3381 3012 3011
f 3381 3011 3380
f 3381 3380 3370
f 3381 3370 3371
f 3382 3378 3377
f 3382 3383 3378
f 3384 3010 3379
f 3384 3014 3010
f 3384 3013 3014
f 3384 3383 3013
f 3384 3378 3383
f 3384 3379 3378
f 3380 3011 3015
f 3380 3015 3385
f 3386 3015 3016
f 3386 3385 3015
f 3385 3381 3380
f 3385 3386 3381
f 3383 3018 3013
f 3383 3387 3018
f 3388 3019 3018
f 3388 3018 3387
f 3387 3383 3384
f 3387 3384 3388
f 3389 3020 3019
f 3389 3019 3388
f 3390 3386 3016
f 3390 3016 3021
f 3390 3021 3020
f 3390 3020 3389
f 3390 3389 3385
f 3390 3385 3386
f 3393 3026 3027
f 3393 3392 3026
f 3028 3393 3027
f 3028 3394 3393
f 3029 3394 3028
f 3029 3395 3394
f 3031 3396 3030
f 3031 3397 3396
f 3398 3026 3392
f 3398 3032 3026
f 3398 3391 3397
f 3398 3392 3391
f 3399 3395 3029
f 3399 3029 3035
f 3400 3030 3396
f 3400 3036 3030
f 3401 3397 3031
f 3401 3031 3037
f 3398 3038 3032
f 3398 3402 3038
f 3402 3037 3038
f 3402 3401 3037
f 3401 3398 3397
f 3401 3402 3398
f 3399 3035 3041
f 3399 3041 3404
f 3405 3041 3042
f 3405 3404 3041
f 3400 3049 3036
f 3400 3406 3049
f 3407 3406 3400
f 3407 3400 3401
f 3407 3401 3402
f 3407 3402 3408
f 3052 3051 3408
f 3052 3408 3409
f 3408 3402 3403
f 3408 3403 3409
f 3405 3042 3055
f 3405 3055 3412
f 3411 3404 3405
f 3411 3405 3412
f 3057 3413 3056
f 3057 3414 3413
f 3415 3057 3058
f 3415 3414 3057
f 3416 3058 3059
f 3416 3415 3058
f 3419 3064 3065
f 3419 3418 3064
f 3420 3065 3066
f 3420 3419 3065
f 3067 3420 3066
f 3067 3421 3420
f 3422 3049 3406
f 3422 3068 3049
f 3423 3408 3051
f 3423 3051 3070
f 3424 3052 3409
f 3424 3071 3052
f 3071 3423 3070
f 3071 3424 3423
f 3423 3409 3408
f 3423 3424 3409
f 3424 3409 3410
f 3424 3410 3425
f 3427 3412 3055
f 3427 3055 3074
f 3074 3073 3426
f 3074 3426 3427
f 3413 3075 3056
f 3413 3428 3075
f 3428 3074 3075
f 3428 3427 3074
f 3429 3428 3413
f 3429 3413 3414
f 3430 3429 3414
f 3430 3414 3415
f 3416 3059 3076
f 3416 3076 3431
f 3430 3415 3416
f 3430 3416 3431
f 3433 3064 3418
f 3433 3080 3064
f 3433 3417 3432
f 3433 3418 3417
f 3434 3081 3080
f 3434 3080 3433
f 3436 3421 3067
f 3436 3067 3083
f 3083 3082 3435
f 3083 3435 3436
f 3436 3435 3420
f 3436 3420 3421
f 3437 3068 3422
f 3437 3084 3068
f 3437 3083 3084
f 3437 3436 3083
f 3437 3421 3436
f 3437 3422 3421
f 3426 3073 3087
f 3426 3087 3438
f 3427 3088 3074
f 3427 3439 3088
f 3088 3438 3087
f 3088 3439 3438
f 3439 3427 3428
f 3439 3428 3440
f 3441 3440 3428
f 3441 3428 3429
f 3442 3090 3089
f 3442 3089 3441
f 3442 3441 3429
f 3442 3429 3430
f 3443 3431 3076
f 3443 3076 3091
f 3443 3091 3090
f 3443 3090 3442
f 3443 3442 3430
f 3443 3430 3431
f 3094 3444 3093
f 3094 3445 3444
f 3095 3445 3094
f 3095 3446 3445
f 3447 3095 3096
f 3447 3446 3095
f 3449 3432 3448
f 3449 3433 3432
f 3434 3097 3081
f 3434 3450 3097
f 3449 3434 3433
f 3449 3450 3434
f 3451 3435 3082
f 3451 3082 3098
f 3451 3098 3097
f 3451 3097 3450
f 3451 3450 3434
f 3451 3434 3435
f 3452 3083 3436
f 3452 3099 3083
f 3441 3089 3102
f 3441 3102 3455
f 3454 3440 3441
f 3454 3441 3455
f 3456 3102 3103
f 3456 3455 3102
f 3457 3103 3104
f 3457 3456 3103
f 3444 3106 3093
f 3444 3458 3106
f 3107 3106 3458
f 3107 3458 3459
f 3458 3444 3445
f 3458 3445 3459
f 3460 3459 3445
f 3460 3445 3446
f 3461 3447 3096
f 3461 3096 3109
f 3461 3109 3108
f 3461 3108 3460
f 3461 3460 3446
f 3461 3446 3447
f 3462 3099 3452
f 3462 3110 3099
f 3462 3452 3453
f 3462 3453 3463
f 3465 3115 3114
f 3465 3114 3464
f 3117 3116 3466
f 3117 3466 3467
f 3457 3104 3118
f 3457 3118 3468
f 3467 3456 3457
f 3467 3457 3468
f 3469 3118 3119
f 3469 3468 3118
f 3120 3469 3119
f 3120 3470 3469
f 3471 3107 3459
f 3471 3121 3107
f 3471 3120 3121
f 3471 3470 3120
f 3472 3460 3108
f 3472 3108 3122
f 3472 3122 3121
f 3472 3121 3471
f 3472 3471 3459
f 3472 3459 3460
f 3473 3110 3462
f 3473 3124 3110
f 3125 3124 3473
f 3125 3473 3474
f 3473 3462 3463
f 3473 3463 3474
f 3475 3126 3125
f 3475 3125 3474
f 3476 3127 3126
f 3476 3126 3475
f 3129 3128 3477
f 3129 3477 3478
f 3479 3464 3114
f 3479 3114 3130
f 3480 3115 3465
f 3480 3131 3115
f 3466 3116 3132
f 3466 3132 3481
f 3482 3117 3467
f 3482 3133 3117
f 3133 3481 3132
f 3133 3482 3481
f 3482 3466 3481
f 3482 3467 3466
f 3135 3134 3483
f 3135 3483 3484
f 3471 3121 3136
f 3471 3136 3486
f 3486 3485 3470
f 3486 3470 3471
f 3487 3475 3474
f 3487 3488 3475
f 3476 3141 3127
f 3476 3489 3141
f 3488 3476 3475
f 3488 3489 3476
f 3477 3128 3142
f 3477 3142 3490
f 3478 3143 3129
f 3478 3491 3143
f 3143 3490 3142
f 3143 3491 3490
f 3490 3478 3477
f 3490 3491 3478
f 3492 3479 3130
f 3492 3130 3144
f 3493 3131 3480
f 3493 3145 3131
f 3493 3144 3145
f 3493 3492 3144
f 3492 3480 3479
f 3492 3493 3480
f 3494 3146 3145
f 3494 3145 3493
f 3483 3134 3147
f 3483 3147 3495
f 3484 3148 3135
f 3484 3496 3148
f 3148 3495 3147
f 3148 3496 3495
f 3495 3484 3483
f 3495 3496 3484
f 3498 3486 3136
f 3498 3136 3149
f 3497 3485 3486
f 3497 3486 3498
f 3499 3141 3489
f 3499 3154 3141
f 3493 3145 3156
f 3493 3156 3500
f 3494 3157 3146
f 3494 3501 3157
f 3500 3494 3493
f 3500 3501 3494
f 3159 3158 3502
f 3159 3502 3503
f 3504 3498 3149
f 3504 3149 3160
f 3504 3503 3497
f 3504 3497 3498
f 3505 3154 3499
f 3505 3161 3154
f 3500 3156 3163
f 3500 3163 3508
f 3501 3164 3157
f 3501 3509 3164
f 3164 3508 3163
f 3164 3509 3508
f 3508 3501 3500
f 3508 3509 3501
f 3502 3158 3165
f 3502 3165 3511
f 3512 3159 3503
f 3512 3166 3159
f 3512 3165 3166
f 3512 3511 3165
f 3513 3504 3160
f 3513 3160 3167
f 3513 3167 3166
f 3513 3166 3512
f 3513 3512 3503
f 3513 3503 3504
f 3505 3168 3161
f 3505 3514 3168
f 3515 3514 3505
f 3515 3505 3506
f 3515 3506 3507
f 3515 3507 3516
f 3517 3171 3170
f 3517 3170 3516
f 3519 3509 3510
f 3519 3510 3520
f 3523 3512 3166
f 3523 3166 3174
f 3523 3522 3511
f 3523 3511 3512
f 3524 3174 3175
f 3524 3523 3174
f 3525 3168 3514
f 3525 3177 3168
f 3178 3177 3525
f 3178 3525 3526
f 3527 3516 3170
f 3527 3170 3179
f 3179 3178 3526
f 3179 3526 3527
f 3528 3171 3517
f 3528 3180 3171
f 3528 3179 3180
f 3528 3527 3179
f 3527 3517 3516
f 3527 3528 3517
f 3529 3181 3180
f 3529 3180 3528
f 3182 3181 3529
f 3182 3529 3530
f 3530 3529 3518
f 3530 3518 3519
f 3183 3182 3530
f 3183 3530 3531
f 3534 3186 3185
f 3534 3185 3533
f 3534 3533 3521
f 3534 3521 3522
f 3187 3186 3534
f 3187 3534 3535
f 3535 3534 3522
f 3535 3522 3523
f 3524 3175 3188
f 3524 3188 3536
f 3188 3187 3535
f 3188 3535 3536
f 3535 3523 3524
f 3535 3524 3536
f 3538 3179 3527
f 3538 3192 3179
f 3537 3527 3526
f 3537 3538 3527
f 3528 3180 3193
f 3528 3193 3539
f 3193 3192 3538
f 3193 3538 3539
f 3540 3528 3539
f 3540 3529 3528
f 3540 3530 3529
f 3540 3541 3530
f 3542 3183 3531
f 3542 3196 3183
f 3196 3541 3195
f 3196 3542 3541
f 3541 3531 3530
f 3541 3542 3531
f 3543 3197 3196
f 3543 3196 3542
f 3542 3531 3532
f 3542 3532 3543
f 3544 3533 3185
f 3544 3185 3198
f 3544 3198 3197
f 3544 3197 3543
f 3546 3195 3541
f 3546 3204 3195
f 3546 3540 3545
f 3546 3541 3540
f 3547 3542 3196
f 3547 3196 3205
f 3548 3205 3206
f 3548 3547 3205
f 3547 3543 3542
f 3547 3548 3543
f 3546 3208 3204
f 3546 3550 3208
f 3549 3546 3545
f 3549 3550 3546
f 3548 3206 3210
f 3548 3210 3552
f 3553 3210 3211
f 3553 3552 3210
f 3550 3213 3208
f 3550 3554 3213
f 3555 3214 3213
f 3555 3213 3554
f 3554 3550 3551
f 3554 3551 3555
f 3556 3215 3214
f 3556 3214 3555
f 3556 3555 3551
f 3556 3551 3552
f 3557 3553 3211
f 3557 3211 3216
f 3557 3216 3215
f 3557 3215 3556
f 3556 3552 3553
f 3556 3553 3557
f 3564 3559 3558
f 3564 3565 3559
f 3566 3220 3221
f 3566 3565 3220
f 3222 3566 3221
f 3222 3567 3566
f 3566 3561 3560
f 3566 3567 3561
f 3223 3567 3222
f 3223 3568 3567
f 3567 3562 3561
f 3567 3568 3562
f 3569 3223 3224
f 3569 3568 3223
f 3568 3563 3562
f 3568 3569 3563
f 3570 3224 3225
f 3570 3569 3224
f 3571 3220 3565
f 3571 3227 3220
f 3572 3567 3568
f 3572 3568 3573
f 3573 3568 3569
f 3573 3569 3574
f 3570 3225 3229
f 3570 3229 3575
f 3575 3229 3228
f 3575 3228 3574
f 3574 3569 3570
f 3574 3570 3575
f 3571 3231 3227
f 3571 3579 3231
f 3233 3232 3580
f 3233 3580 3581
f 3582 3574 3228
f 3582 3228 3234
f 3235 3582 3234
f 3235 3583 3582
f 3582 3575 3574
f 3582 3583 3575
f 3583 3576 3575
f 3583 3584 3576
f 3588 3236 3237
f 3588 3587 3236
f 3590 3238 3239
f 3590 3589 3238
f 3590 3577 3589
f 3590 3578 3577
f 3591 3231 3579
f 3591 3240 3231
f 3591 3239 3240
f 3591 3590 3239
f 3591 3578 3590
f 3591 3579 3578
f 3580 3232 3241
f 3580 3241 3592
f 3581 3242 3233
f 3581 3593 3242
f 3242 3592 3241
f 3242 3593 3592
f 3592 3581 3580
f 3592 3593 3581
f 3583 3235 3243
f 3583 3243 3594
f 3595 3583 3594
f 3595 3584 3583
f 3248 3596 3247
f 3248 3597 3596
f 3598 3248 3249
f 3598 3597 3248
f 3598 3585 3597
f 3598 3586 3585
f 3599 3236 3587
f 3599 3250 3236
f 3599 3249 3250
f 3599 3598 3249
f 3599 3586 3598
f 3599 3587 3586
f 3588 3237 3251
f 3588 3251 3600
f 3601 3238 3589
f 3601 3252 3238
f 3602 3253 3252
f 3602 3252 3601
f 3608 3594 3243
f 3608 3243 3256
f 3608 3256 3255
f 3608 3255 3607
f 3596 3261 3247
f 3596 3609 3261
f 3610 3262 3261
f 3610 3261 3609
f 3263 3262 3610
f 3263 3610 3611
f 3612 3264 3263
f 3612 3263 3611
f 3600 3251 3265
f 3600 3265 3613
f 3265 3264 3612
f 3265 3612 3613
f 3614 3600 3613
f 3614 3601 3600
f 3602 3267 3253
f 3602 3615 3267
f 3614 3602 3601
f 3614 3615 3602
f 3616 3603 3604
f 3616 3604 3617
f 3618 3605 3606
f 3618 3606 3619
f 3607 3255 3270
f 3607 3270 3620
f 3621 3270 3271
f 3621 3620 3270
f 3272 3621 3271
f 3272 3622 3621
f 3624 3273 3274
f 3624 3623 3273
f 3625 3610 3609
f 3625 3626 3610
f 3626 3611 3610
f 3626 3627 3611
f 3628 3611 3627
f 3628 3612 3611
f 3615 3281 3267
f 3615 3629 3281
f 3284 3283 3630
f 3284 3630 3631
f 3632 3622 3272
f 3632 3272 3286
f 3623 3287 3273
f 3623 3633 3287
f 3287 3632 3286
f 3287 3633 3632
f 3632 3623 3622
f 3632 3633 3623
f 3624 3274 3288
f 3624 3288 3634
f 3635 3288 3289
f 3635 3634 3288
f 3636 3289 3290
f 3636 3635 3289
f 3637 3281 3629
f 3637 3296 3281
f 3638 3297 3296
f 3638 3296 3637
f 3639 3630 3283
f 3639 3283 3300
f 3640 3284 3631
f 3640 3301 3284
f 3301 3639 3300
f 3301 3640 3639
f 3639 3631 3630
f 3639 3640 3631
f 3641 3302 3301
f 3641 3301 3640
f 3642 3634 3635
f 3642 3635 3643
f 3636 3290 3304
f 3636 3304 3644
f 3643 3635 3636
f 3643 3636 3644
f 3645 3304 3305
f 3645 3644 3304
f 3646 3305 3306
f 3646 3645 3305
f 3647 3297 3638
f 3647 3308 3297
f 3648 3640 3301
f 3648 3301 3312
f 3649 3302 3641
f 3649 3313 3302
f 3649 3312 3313
f 3649 3648 3312
f 3648 3641 3640
f 3648 3649 3641
f 3651 3316 3315
f 3651 3315 3650
f 3650 3643 3644
f 3650 3644 3651
f 3651 3644 3645
f 3651 3645 3652
f 3653 3646 3306
f 3653 3306 3318
f 3653 3318 3317
f 3653 3317 3652
f 3653 3652 3645
f 3653 3645 3646
f 3647 3320 3308
f 3647 3654 3320
f 3655 3321 3320
f 3655 3320 3654
f 3659 3650 3315
f 3659 3315 3327
f 3660 3316 3651
f 3660 3328 3316
f 3661 3652 3317
f 3661 3317 3329
f 3661 3660 3651
f 3661 3651 3652
f 3655 3332 3321
f 3655 3662 3332
f 3662 3655 3656
f 3662 3656 3663
f 3664 3657 3658
f 3664 3658 3665
f 3659 3327 3338
f 3659 3338 3666
f 3660 3339 3328
f 3660 3667 3339
f 3339 3666 3338
f 3339 3667 3666
f 3661 3329 3340
f 3661 3340 3668
f 3668 3667 3660
f 3668 3660 3661
f 3669 3332 3662
f 3669 3343 3332
f 3344 3343 3669
f 3344 3669 3670
f 3669 3662 3663
f 3669 3663 3670
f 3346 3345 3671
f 3346 3671 3672
f 3349 3348 3674
f 3349 3674 3675
f 3676 3668 3340
f 3676 3340 3350
f 3676 3350 3349
f 3676 3349 3675
f 3676 3675 3667
f 3676 3667 3668
f 3677 3344 3670
f 3677 3354 3344
f 3671 3345 3355
f 3671 3355 3678
f 3679 3346 3672
f 3679 3356 3346
f 3679 3355 3356
f 3679 3678 3355
f 3678 3672 3671
f 3678 3679 3672
f 3681 3674 3348
f 3681 3348 3360
f 3680 3673 3674
f 3680 3674 3681
f 3682 3360 3361
f 3682 3681 3360
f 3677 3364 3354
f 3677 3683 3364
f 3684 3365 3364
f 3684 3364 3683
f 3370 3369 3687
f 3370 3687 3688
f 3371 3370 3688
f 3371 3688 3689
f 3690 3682 3361
f 3690 3361 3372
f 3690 3372 3371
f 3690 3371 3689
f 3689 3681 3682
f 3689 3682 3690
f 3691 3365 3684
f 3691 3375 3365
f 3376 3375 3691
f 3376 3691 3692
f 3691 3684 3685
f 3691 3685 3692
f 3377 3376 3692
f 3377 3692 3693
f 3692 3685 3686
f 3692 3686 3693
f 3694 3687 3369
f 3694 3369 3379
f 3380 3694 3379
f 3380 3695 3694
f 3694 3688 3687
f 3694 3695 3688
f 3381 3695 3380
f 3381 3696 3695
f 3693 3382 3377
f 3693 3697 3382
f 3698 3383 3382
f 3698 3382 3697
f 3699 3384 3383
f 3699 3383 3698
f 3701 3696 3381
f 3701 3381 3386
f 3701 3386 3385
f 3701 3385 3700
f 3702 3698 3697
f 3702 3703 3698
f 3699 3388 3384
f 3699 3704 3388
f 3703 3699 3698
f 3703 3704 3699
f 3700 3385 3389
f 3700 3389 3705
f 3705 3389 3388
f 3705 3388 3704
f 3707 3702 3706
f 3707 3703 3702
f 3715 3391 3392
f 3715 3714 3391
f 3715 3708 3714
f 3715 3709 3708
f 3393 3715 3392
f 3393 3716 3715
f 3716 3709 3715
f 3716 3710 3709
f 3394 3716 3393
f 3394 3717 3716
f 3716 3711 3710
f 3716 3717 3711
f 3718 3394 3395
f 3718 3717 3394
f 3719 3713 3712
f 3719 3720 3713
f 3721 3391 3714
f 3721 3397 3391
f 3721 3396 3397
f 3721 3720 3396
f 3718 3395 3399
f 3718 3399 3723
f 3722 3717 3718
f 3722 3718 3723
f 3727 3396 3720
f 3727 3400 3396
f 3728 3401 3400
f 3728 3400 3727
f 3727 3720 3721
f 3727 3721 3728
f 3729 3402 3401
f 3729 3401 3728
f 3403 3402 3729
f 3403 3729 3730
f 3731 3723 3399
f 3731 3399 3404
f 3731 3724 3723
f 3731 3732 3724
f 3734 3726 3725
f 3734 3735 3726
f 3737 3406 3407
f 3737 3736 3406
f 3737 3727 3736
f 3737 3728 3727
f 3738 3407 3408
f 3738 3737 3407
f 3737 3729 3728
f 3737 3738 3729
f 3739 3403 3730
f 3739 3409 3403
f 3739 3408 3409
f 3739 3738 3408
f 3738 3730 3729
f 3738 3739 3730
f 3410 3409 3739
f 3410 3739 3740
f 3731 3404 3411
f 3731 3411 3741
f 3412 3741 3411
f 3412 3742 3741
f 3741 3732 3731
f 3741 3742 3732
f 3743 3732 3742
f 3743 3733 3732
f 3747 3417 3418
f 3747 3746 3417
f 3748 3418 3419
f 3748 3747 3418
f 3420 3748 3419
f 3420 3749 3748
f 3751 3406 3736
f 3751 3422 3406
f 3751 3421 3422
f 3751 3750 3421
f 3751 3735 3750
f 3751 3736 3735
f 3739 3409 3424
f 3739 3424 3754
f 3740 3425 3410
f 3740 3755 3425
f 3425 3754 3424
f 3425 3755 3754
f 3754 3740 3739
f 3754 3755 3740
f 3757 3742 3412
f 3757 3412 3427
f 3757 3427 3426
f 3757 3426 3756
f 3758 3745 3744
f 3758 3759 3745
f 3760 3417 3746
f 3760 3432 3417
f 3760 3745 3759
f 3760 3746 3745
f 3762 3749 3420
f 3762 3420 3435
f 3435 3434 3761
f 3435 3761 3762
f 3763 3421 3750
f 3763 3436 3421
f 3763 3749 3762
f 3763 3750 3749
f 3764 3752 3753
f 3764 3753 3765
f 3766 3756 3426
f 3766 3426 3438
f 3439 3766 3438
f 3439 3767 3766
f 3768 3439 3440
f 3768 3767 3439
f 3760 3448 3432
f 3760 3770 3448
f 3769 3760 3759
f 3769 3770 3760
f 3771 3449 3448
f 3771 3448 3770
f 3772 3761 3434
f 3772 3434 3450
f 3772 3450 3449
f 3772 3449 3771
f 3773 3436 3763
f 3773 3452 3436
f 3453 3452 3773
f 3453 3773 3774
f 3768 3440 3454
f 3768 3454 3776
f 3775 3767 3768
f 3775 3768 3776
f 3777 3454 3455
f 3777 3776 3454
f 3778 3455 3456
f 3778 3777 3455
f 3780 3769 3779
f 3780 3770 3769
f 3781 3453 3774
f 3781 3463 3453
f 3784 3465 3464
f 3784 3464 3783
f 3778 3456 3467
f 3778 3467 3785
f 3468 3785 3467
f 3468 3786 3785
f 3469 3786 3468
f 3469 3787 3786
f 3788 3469 3470
f 3788 3787 3469
f 3781 3474 3463
f 3781 3791 3474
f 3793 3783 3464
f 3793 3464 3479
f 3793 3792 3782
f 3793 3782 3783
f 3794 3465 3784
f 3794 3480 3465
f 3794 3479 3480
f 3794 3793 3479
f 3794 3783 3793
f 3794 3784 3783
f 3795 3785 3786
f 3795 3786 3796
f 3797 3796 3786
f 3797 3786 3787
f 3788 3470 3485
f 3788 3485 3798
f 3797 3787 3788
f 3797 3788 3798
f 3799 3790 3789
f 3799 3800 3790
f 3791 3487 3474
f 3791 3801 3487
f 3802 3488 3487
f 3802 3487 3801
f 3803 3489 3488
f 3803 3488 3802
f 3807 3795 3796
f 3807 3796 3808
f 3809 3808 3796
f 3809 3796 3797
f 3810 3798 3485
f 3810 3485 3497
f 3809 3797 3798
f 3809 3798 3810
f 3803 3499 3489
f 3803 3811 3499
f 3813 3804 3805
f 3813 3805 3814
f 3814 3805 3806
f 3814 3806 3815
f 3816 3808 3809
f 3816 3809 3817
f 3818 3810 3497
f 3818 3497 3503
f 3818 3503 3502
f 3818 3502 3817
f 3818 3817 3809
f 3818 3809 3810
f 3819 3499 3811
f 3819 3505 3499
f 3506 3505 3819
f 3506 3819 3820
f 3819 3811 3812
f 3819 3812 3820
f 3821 3507 3506
f 3821 3506 3820
f 3510 3509 3822
f 3510 3822 3823
f 3826 3817 3502
f 3826 3502 3511
f 3826 3825 3816
f 3826 3816 3817
f 3515 3827 3514
f 3515 3828 3827
f 3821 3516 3507
f 3821 3829 3516
f 3829 3515 3516
f 3829 3828 3515
f 3828 3821 3820
f 3828 3829 3821
f 3822 3509 3519
f 3822 3519 3832
f 3832 3519 3518
f 3832 3518 3831
f 3823 3520 3510
f 3823 3833 3520
f 3520 3832 3519
f 3520 3833 3832
f 3833 3822 3832
f 3833 3823 3822
f 3833 3823 3824
f 3833 3824 3834
f 3826 3511 3522
f 3826 3522 3836
f 3836 3522 3521
f 3836 3521 3835
f 3836 3835 3825
f 3836 3825 3826
f 3827 3525 3514
f 3827 3837 3525
f 3526 3525 3837
f 3526 3837 3838
f 3837 3827 3828
f 3837 3828 3838
f 3839 3829 3830
f 3839 3830 3840
f 3841 3831 3518
f 3841 3518 3529
f 3842 3519 3832
f 3842 3530 3519
f 3842 3529 3530
f 3842 3841 3529
f 3842 3831 3841
f 3842 3832 3831
f 3532 3531 3843
f 3532 3843 3844
f 3845 3835 3521
f 3845 3521 3533
f 3846 3526 3838
f 3846 3537 3526
f 3847 3538 3537
f 3847 3537 3846
f 3846 3838 3839
f 3846 3839 3847
f 3539 3538 3847
f 3539 3847 3848
f 3847 3839 3840
f 3847 3840 3848
f 3540 3539 3848
f 3540 3848 3849
f 3850 3843 3531
f 3850 3531 3542
f 3851 3532 3844
f 3851 3543 3532
f 3543 3850 3542
f 3543 3851 3850
f 3850 3844 3843
f 3850 3851 3844
f 3852 3845 3533
f 3852 3533 3544
f 3852 3544 3543
f 3852 3543 3851
f 3852 3851 3844
f 3852 3844 3845
f 3849 3545 3540
f 3849 3853 3545
f 3854 3851 3543
f 3854 3543 3548
f 3853 3549 3545
f 3853 3855 3549
f 3856 3550 3549
f 3856 3549 3855
f 3551 3550 3856
f 3551 3856 3857
f 3858 3854 3548
f 3858 3548 3552
f 3858 3552 3551
f 3858 3551 3857
f 3860 3855 3859
f 3860 3856 3855
f 3861 3860 3859
f 3861 3862 3860
f 3559 3869 3558
f 3559 3870 3869
f 3870 3863 3869
f 3870 3864 3863
f 3561 3871 3560
f 3561 3872 3871
f 3873 3561 3562
f 3873 3872 3561
f 3873 3865 3872
f 3873 3866 3865
f 3563 3873 3562
f 3563 3874 3873
f 3873 3867 3866
f 3873 3874 3867
f 3876 3558 3869
f 3876 3564 3558
f 3876 3868 3875
f 3876 3869 3868
f 3877 3870 3559
f 3877 3559 3565
f 3877 3565 3564
f 3877 3564 3876
f 3878 3560 3871
f 3878 3566 3560
f 3878 3565 3566
f 3878 3877 3565
f 3878 3870 3877
f 3878 3871 3870
f 3568 3567 3879
f 3568 3879 3880
f 3881 3874 3563
f 3881 3563 3569
f 3881 3569 3568
f 3881 3568 3880
f 3885 3565 3877
f 3885 3571 3565
f 3879 3567 3572
f 3879 3572 3886
f 3573 3886 3572
f 3573 3887 3886
f 3887 3879 3886
f 3887 3880 3879
f 3888 3573 3574
f 3888 3887 3573
f 3889 3574 3575
f 3889 3888 3574
f 3576 3889 3575
f 3576 3890 3889
f 3894 3882 3893
f 3894 3883 3882
f 3895 3577 3578
f 3895 3894 3577
f 3895 3883 3894
f 3895 3884 3883
f 3896 3571 3885
f 3896 3579 3571
f 3896 3578 3579
f 3896 3895 3578
f 3896 3884 3895
f 3896 3885 3884
f 3899 3888 3889
f 3899 3889 3900
f 3890 3576 3584
f 3890 3584 3901
f 3900 3889 3890
f 3900 3890 3901
f 3586 3902 3585
f 3586 3903 3902
f 3904 3586 3587
f 3904 3903 3586
f 3904 3891 3903
f 3904 3892 3891
f 3588 3904 3587
f 3588 3905 3904
f 3905 3892 3904
f 3905 3893 3892
f 3906 3577 3894
f 3906 3589 3577
f 3906 3893 3905
f 3906 3894 3893
f 3909 3897 3898
f 3909 3898 3910
f 3912 3901 3584
f 3912 3584 3595
f 3595 3594 3911
f 3595 3911 3912
f 3914 3585 3902
f 3914 3597 3585
f 3597 3913 3596
f 3597 3914 3913
f 3915 3914 3902
f 3915 3902 3903
f 3916 3905 3588
f 3916 3588 3600
f 3917 3589 3906
f 3917 3601 3589
f 3917 3600 3601
f 3917 3916 3600
f 3918 3907 3908
f 3918 3908 3919
f 3920 3604 3603
f 3920 3603 3919
f 3606 3605 3921
f 3606 3921 3922
f 3911 3594 3608
f 3911 3608 3924
f 3924 3608 3607
f 3924 3607 3923
f 3913 3609 3596
f 3913 3925 3609
f 3926 3925 3913
f 3926 3913 3914
f 3926 3914 3915
f 3926 3915 3927
f 3929 3613 3612
f 3929 3612 3928
f 3614 3613 3929
f 3614 3929 3930
f 3931 3615 3614
f 3931 3614 3930
f 3932 3919 3603
f 3932 3603 3616
f 3920 3617 3604
f 3920 3933 3617
f 3617 3932 3616
f 3617 3933 3932
f 3932 3920 3919
f 3932 3933 3920
f 3921 3605 3618
f 3921 3618 3934
f 3935 3606 3922
f 3935 3619 3606
f 3619 3934 3618
f 3619 3935 3934
f 3935 3921 3934
f 3935 3922 3921
f 3923 3607 3620
f 3923 3620 3936
f 3935 3922 3923
f 3935 3923 3936
f 3937 3620 3621
f 3937 3936 3620
f 3938 3621 3622
f 3938 3937 3621
f 3623 3938 3622
f 3623 3939 3938
f 3940 3623 3624
f 3940 3939 3623
f 3925 3625 3609
f 3925 3941 3625
f 3942 3626 3625
f 3942 3625 3941
f 3943 3627 3626
f 3943 3626 3942
f 3928 3612 3628
f 3928 3628 3944
f 3628 3627 3943
f 3628 3943 3944
f 3943 3927 3928
f 3943 3928 3944
f 3944 3929 3928
f 3944 3945 3929
f 3946 3929 3945
f 3946 3930 3929
f 3931 3629 3615
f 3931 3947 3629
f 3946 3931 3930
f 3946 3947 3931
f 3948 3936 3937
f 3948 3937 3949
f 3950 3949 3937
f 3950 3937 3938
f 3950 3938 3939
f 3950 3939 3951
f 3940 3624 3634
f 3940 3634 3952
f 3951 3939 3940
f 3951 3940 3952
f 3953 3942 3941
f 3953 3954 3942
f 3954 3943 3942
f 3954 3955 3943
f 3956 3945 3944
f 3956 3957 3945
f 3947 3637 3629
f 3947 3959 3637
f 3638 3637 3959
f 3638 3959 3960
f 3964 3949 3950
f 3964 3950 3965
f 3965 3950 3951
f 3965 3951 3966
f 3952 3634 3642
f 3952 3642 3967
f 3968 3642 3643
f 3968 3967 3642
f 3969 3956 3955
f 3969 3970 3956
f 3970 3957 3956
f 3970 3971 3957
f 3971 3958 3957
f 3971 3972 3958
f 3973 3958 3972
f 3973 3959 3958
f 3960 3647 3638
f 3960 3974 3647
f 3973 3960 3959
f 3973 3974 3960
f 3974 3960 3961
f 3974 3961 3975
f 3977 3962 3963
f 3977 3963 3978
f 3979 3964 3965
f 3979 3965 3980
f 3980 3965 3966
f 3980 3966 3981
f 3982 3981 3966
f 3982 3966 3967
f 3968 3643 3650
f 3968 3650 3983
f 3983 3982 3967
f 3983 3967 3968
f 3987 3971 3986
f 3987 3972 3971
f 3988 3972 3987
f 3988 3973 3972
f 3989 3647 3974
f 3989 3654 3647
f 3655 3654 3989
f 3655 3989 3990
f 3989 3974 3975
f 3989 3975 3990
f 3656 3655 3990
f 3656 3990 3991
f 3990 3975 3976
f 3990 3976 3991
f 3993 3658 3657
f 3993 3657 3992
f 3992 3979 3980
f 3992 3980 3993
f 3994 3993 3980
f 3994 3980 3981
f 3995 3994 3981
f 3995 3981 3982
f 3996 3983 3650
f 3996 3650 3659
f 3998 3984 3997
f 3998 3985 3984
f 3999 3985 3998
f 3999 3986 3985
f 4000 3986 3999
f 4000 3987 3986
f 4002 3656 3991
f 4002 3663 3656
f 4001 3991 3990
f 4001 4002 3991
f 4004 3992 3657
f 4004 3657 3664
f 4005 3658 3993
f 4005 3665 3658
f 3665 4004 3664
f 3665 4005 4004
f 4005 3993 3994
f 4005 3994 4006
f 4006 3994 3995
f 4006 3995 4007
f 3996 3659 3666
f 3996 3666 4008
f 4009 3666 3667
f 4009 4008 3666
f 4010 3663 4002
f 4010 3670 3663
f 4010 4002 4003
f 4010 4003 4011
f 4014 3674 3673
f 4014 3673 4013
f 4013 4007 4008
f 4013 4008 4014
f 4009 3667 3675
f 4009 3675 4015
f 4015 3675 3674
f 4015 3674 4014
f 4014 4008 4009
f 4014 4009 4015
f 4010 3677 3670
f 4010 4016 3677
f 4016 4010 4011
f 4016 4011 4017
f 4013 3673 3680
f 4013 3680 4020
f 4020 4019 4012
f 4020 4012 4013
f 4021 3680 3681
f 4021 4020 3680
f 4022 3677 4016
f 4022 3683 3677
f 3684 3683 4022
f 3684 4022 4023
f 4023 4022 4016
f 4023 4016 4017
f 3685 3684 4023
f 3685 4023 4024
f 4023 4017 4018
f 4023 4018 4024
f 4025 3686 3685
f 4025 3685 4024
f 4021 3681 3689
f 4021 3689 4027
f 3689 3688 4026
f 3689 4026 4027
f 4026 4020 4021
f 4026 4021 4027
f 4030 3686 4025
f 4030 3693 3686
f 4029 4025 4024
f 4029 4030 4025
f 4031 4026 3688
f 4031 3688 3695
f 3696 4031 3695
f 3696 4032 4031
f 4031 4027 4026
f 4031 4032 4027
f 4032 4028 4027
f 4032 4033 4028
f 4034 3693 4030
f 4034 3697 3693
f 4036 4032 3696
f 4036 3696 3701
f 3701 3700 4035
f 3701 4035 4036
f 4034 3702 3697
f 4034 4037 3702
f 3704 3703 4038
f 3704 4038 4039
f 4035 3700 3705
f 4035 3705 4040
f 3705 3704 4039
f 3705 4039 4040
f 4041 4035 4040
f 4041 4036 4035
f 4037 3706 3702
f 4037 4042 3706
f 4038 3703 3707
f 4038 3707 4043
f 3707 3706 4042
f 3707 4042 4043
f 4044 4038 4043
f 4044 4039 4038
f 4046 4042 4045
f 4046 4043 4042
f 4050 3708 3709
f 4050 4049 3708
f 3710 4050 3709
f 3710 4051 4050
f 3711 4051 3710
f 3711 4052 4051
f 4055 3712 3713
f 4055 4054 3712
f 4055 4047 4054
f 4055 4048 4047
f 4056 3708 4049
f 4056 3714 3708
f 4056 4048 4055
f 4056 4049 4048
f 4057 4052 3711
f 4057 3711 3717
f 4058 4052 4057
f 4058 4053 4052
f 4054 3719 3712
f 4054 4060 3719
f 4061 4055 3713
f 4061 3713 3720
f 4061 3720 3719
f 4061 3719 4060
f 4056 3721 3714
f 4056 4062 3721
f 4062 4055 4061
f 4062 4056 4055
f 4057 3717 3722
f 4057 3722 4063
f 4064 3722 3723
f 4064 4063 3722
f 3724 4064 3723
f 3724 4065 4064
f 3726 4068 3725
f 3726 4069 4068
f 4069 4059 4068
f 4069 4060 4059
f 4071 3721 4062
f 4071 3728 3721
f 4071 3727 3728
f 4071 4070 3727
f 4071 4061 4070
f 4071 4062 4061
f 4073 4065 3724
f 4073 3724 3732
f 4072 4064 4065
f 4072 4065 4073
f 3733 4073 3732
f 3733 4074 4073
f 4075 4067 4066
f 4075 4076 4067
f 4068 3734 3725
f 4068 4077 3734
f 4078 4069 3726
f 4078 3726 3735
f 4078 3735 3734
f 4078 3734 4077
f 4070 3736 3727
f 4070 4079 3736
f 4079 3735 3736
f 4079 4078 3735
f 4078 4070 4069
f 4078 4079 4070
f 4074 3733 3743
f 4074 3743 4084
f 3743 3742 4083
f 3743 4083 4084
f 4086 3744 3745
f 4086 4085 3744
f 4087 3745 3746
f 4087 4086 3745
f 3747 4087 3746
f 3747 4088 4087
f 4089 3747 3748
f 4089 4088 3747
f 4089 4075 4088
f 4089 4076 4075
f 4090 3748 3749
f 4090 4089 3748
f 4090 4076 4089
f 4090 4077 4076
f 4091 3735 4078
f 4091 3750 3735
f 4091 3749 3750
f 4091 4090 3749
f 4091 4077 4090
f 4091 4078 4077
f 4092 4079 4080
f 4092 4080 4093
f 3753 3752 4093
f 3753 4093 4094
f 4095 4094 4081
f 4095 4081 4082
f 4083 3742 3757
f 4083 3757 4097
f 4097 3757 3756
f 4097 3756 4096
f 4085 3758 3744
f 4085 4098 3758
f 3759 3758 4098
f 3759 4098 4099
f 4098 4085 4086
f 4098 4086 4099
f 4099 4086 4087
f 4099 4087 4100
f 4101 4100 4087
f 4101 4087 4088
f 4103 3762 3761
f 4103 3761 4102
f 4104 3763 3762
f 4104 3762 4103
f 4105 4093 3752
f 4105 3752 3764
f 4106 3753 4094
f 4106 3765 3753
f 3765 4105 3764
f 3765 4106 4105
f 4106 4093 4105
f 4106 4094 4093
f 4096 3756 3766
f 4096 3766 4107
f 4108 3766 3767
f 4108 4107 3766
f 4099 3769 3759
f 4099 4109 3769
f 3771 3770 4110
f 3771 4110 4111
f 4110 4100 4101
f 4110 4101 4111
f 4102 3761 3772
f 4102 3772 4112
f 4112 3772 3771
f 4112 3771 4111
f 4113 4102 4112
f 4113 4103 4102
f 4104 3773 3763
f 4104 4114 3773
f 4113 4104 4103
f 4113 4114 4104
f 4115 3774 3773
f 4115 3773 4114
f 4108 3767 3775
f 4108 3775 4119
f 4118 4107 4108
f 4118 4108 4119
f 4120 3775 3776
f 4120 4119 3775
f 3777 4120 3776
f 3777 4121 4120
f 4122 3777 3778
f 4122 4121 3777
f 4109 3779 3769
f 4109 4123 3779
f 4110 3770 3780
f 4110 3780 4124
f 3780 3779 4123
f 3780 4123 4124
f 4125 4110 4124
f 4125 4111 4110
f 4126 4113 4112
f 4126 4127 4113
f 4115 3781 3774
f 4115 4129 3781
f 4128 4115 4114
f 4128 4129 4115
f 4130 4116 4117
f 4130 4117 4131
f 4133 3783 3782
f 4133 3782 4132
f 4134 4133 4118
f 4134 4118 4119
f 4134 4119 4120
f 4134 4120 4135
f 4136 4135 4120
f 4136 4120 4121
f 4122 3778 3785
f 4122 3785 4137
f 4139 4123 4138
f 4139 4124 4123
f 4140 4126 4125
f 4140 4141 4126
f 4141 4127 4126
f 4141 4142 4127
f 4143 3789 3790
f 4143 4142 3789
f 4143 4127 4142
f 4143 4128 4127
f 4144 3781 4129
f 4144 3791 3781
f 4132 3782 3792
f 4132 3792 4147
f 4148 3783 4133
f 4148 3793 3783
f 4148 3792 3793
f 4148 4147 3792
f 4148 4132 4147
f 4148 4133 4132
f 4149 4134 4135
f 4149 4135 4150
f 4137 3785 3795
f 4137 3795 4152
f 4154 4140 4153
f 4154 4141 4140
f 4142 3799 3789
f 4142 4155 3799
f 4143 3790 3800
f 4143 3800 4156
f 4156 3800 3799
f 4156 3799 4155
f 4157 3791 4144
f 4157 3801 3791
f 3802 3801 4157
f 3802 4157 4158
f 4157 4144 4145
f 4157 4145 4158
f 3803 3802 4158
f 3803 4158 4159
f 4158 4145 4146
f 4158 4146 4159
f 3805 3804 4160
f 3805 4160 4161
f 3806 3805 4161
f 3806 4161 4162
f 4162 4161 4149
f 4162 4149 4150
f 4163 4162 4150
f 4163 4150 4151
f 4164 4152 3795
f 4164 3795 3807
f 4164 4163 4151
f 4164 4151 4152
f 4165 3807 3808
f 4165 4164 3807
f 4166 4154 4153
f 4166 4167 4154
f 4168 4154 4167
f 4168 4155 4154
f 4169 4155 4168
f 4169 4156 4155
f 4170 3803 4159
f 4170 3811 3803
f 3812 3811 4170
f 3812 4170 4171
f 4160 3804 3813
f 4160 3813 4172
f 3814 4172 3813
f 3814 4173 4172
f 4173 4160 4172
f 4173 4161 4160
f 4174 3806 4162
f 4174 3815 3806
f 3815 4173 3814
f 3815 4174 4173
f 4174 4162 4163
f 4174 4163 4175
f 4165 3808 3816
f 4165 3816 4177
f 4179 4167 4178
f 4179 4168 4167
f 4181 3812 4171
f 4181 3820 3812
f 4180 4171 4170
f 4180 4181 4171
f 3824 3823 4182
f 3824 4182 4183
f 4182 4175 4176
f 4182 4176 4183
f 4184 4177 3816
f 4184 3816 3825
f 4185 3820 4181
f 4185 3828 3820
f 3830 3829 4186
f 3830 4186 4187
f 4188 4182 3823
f 4188 3823 3833
f 4189 3824 4183
f 4189 3834 3824
f 3834 4188 3833
f 3834 4189 4188
f 4190 4184 3825
f 4190 3825 3835
f 4189 4183 4184
f 4189 4184 4190
f 4191 3828 4185
f 4191 3838 3828
f 4186 3829 3839
f 4186 3839 4192
f 3839 3838 4191
f 3839 4191 4192
f 4191 4185 4186
f 4191 4186 4192
f 4187 3840 3830
f 4187 4193 3840
f 4192 4187 4186
f 4192 4193 4187
f 4195 4194 4188
f 4195 4188 4189
f 4196 4190 3835
f 4196 3835 3845
f 4196 3845 3844
f 4196 3844 4195
f 4196 4195 4189
f 4196 4189 4190
f 4197 3840 4193
f 4197 3848 3840
f 4198 3849 3848
f 4198 3848 4197
f 4199 4195 3844
f 4199 3844 3851
f 4201 3849 4198
f 4201 3853 3849
f 4199 3851 3854
f 4199 3854 4202
f 4202 4200 4199
f 4202 4203 4200
f 4204 3853 4201
f 4204 3855 3853
f 3857 3856 4205
f 3857 4205 4206
f 4202 3854 3858
f 4202 3858 4207
f 3858 3857 4206
f 3858 4206 4207
f 4204 3859 3855
f 4204 4209 3859
f 4205 3856 3860
f 4205 3860 4210
f 4211 4205 4210
f 4211 4206 4205
f 4212 4206 4211
f 4212 4207 4206
f 4214 3859 4209
f 4214 3861 3859
f 4213 4209 4208
f 4213 4214 4209
f 4210 3860 3862
f 4210 3862 4215
f 4215 3862 3861
f 4215 3861 4214
f 3864 4216 3863
f 3864 4217 4216
f 3866 4218 3865
f 3866 4219 4218
f 3867 4219 3866
f 3867 4220 4219
f 4222 3863 4216
f 4222 3869 3863
f 4222 3868 3869
f 4222 4221 3868
f 4223 4217 3864
f 4223 3864 3870
f 4223 4222 4216
f 4223 4216 4217
f 3871 4223 3870
f 3871 4224 4223
f 4218 3872 3865
f 4218 4225 3872
f 3872 4224 3871
f 3872 4225 4224
f 4226 4225 4218
f 4226 4218 4219
f 4227 4220 3867
f 4227 3867 3874
f 4227 4226 4219
f 4227 4219 4220
f 4221 3875 3868
f 4221 4229 3875
f 4230 3876 3875
f 4230 3875 4229
f 4230 4229 4221
f 4230 4221 4222
f 4231 3877 3876
f 4231 3876 4230
f 4231 4230 4222
f 4231 4222 4223
f 4232 4225 4226
f 4232 4226 4233
f 4234 4227 3874
f 4234 3874 3881
f 4234 3881 3880
f 4234 3880 4233
f 4234 4233 4226
f 4234 4226 4227
f 3883 4235 3882
f 3883 4236 4235
f 4236 4228 4235
f 4236 4229 4228
f 3884 4236 3883
f 3884 4237 4236
f 4231 3885 3877
f 4231 4238 3885
f 4238 3884 3885
f 4238 4237 3884
f 4239 4233 3880
f 4239 3880 3887
f 3888 4239 3887
f 3888 4240 4239
f 4242 3891 3892
f 4242 4241 3891
f 4243 3882 4235
f 4243 3893 3882
f 3893 4242 3892
f 3893 4243 4242
f 3898 3897 4247
f 3898 4247 4248
f 4240 3888 3899
f 4240 3899 4249
f 3900 4249 3899
f 3900 4250 4249
f 4251 3900 3901
f 4251 4250 3900
f 4252 3891 4241
f 4252 3903 3891
f 4254 4253 4242
f 4254 4242 4243
f 3906 3905 4254
f 3906 4254 4255
f 4254 4243 4244
f 4254 4244 4255
f 4257 3908 3907
f 4257 3907 4256
f 4256 4245 4246
f 4256 4246 4257
f 4258 4247 3897
f 4258 3897 3909
f 4259 3898 4248
f 4259 3910 3898
f 3910 4258 3909
f 3910 4259 4258
f 4251 3901 3912
f 4251 3912 4261
f 4261 3912 3911
f 4261 3911 4260
f 4261 4260 4250
f 4261 4250 4251
f 4262 3903 4252
f 4262 3915 3903
f 4263 4262 4252
f 4263 4252 4253
f 4264 4254 3905
f 4264 3905 3916
f 4265 3906 4255
f 4265 3917 3906
f 3917 4264 3916
f 3917 4265 4264
f 4264 4255 4254
f 4264 4265 4255
f 4266 4256 3907
f 4266 3907 3918
f 4267 3908 4257
f 4267 3919 3908
f 4267 3918 3919
f 4267 4266 3918
f 4266 4257 4256
f 4266 4267 4257
f 4270 3923 3922
f 4270 3922 4269
f 4271 4260 3911
f 4271 3911 3924
f 4271 3924 3923
f 4271 3923 4270
f 3926 4272 3925
f 3926 4273 4272
f 4262 3927 3915
f 4262 4274 3927
f 3927 4273 3926
f 3927 4274 4273
f 4275 3928 3927
f 4275 3927 4274
f 4275 4274 4262
f 4275 4262 4263
f 4277 4269 3922
f 4277 3922 3935
f 4277 4276 4268
f 4277 4268 4269
f 4278 3935 3936
f 4278 4277 3935
f 4278 4269 4277
f 4278 4270 4269
f 4272 3941 3925
f 4272 4279 3941
f 4280 4279 4272
f 4280 4272 4273
f 4281 4274 3927
f 4281 3927 3943
f 4281 4280 4273
f 4281 4273 4274
f 4282 3928 4275
f 4282 3944 3928
f 4282 4274 4281
f 4282 4275 4274
f 3946 3945 4283
f 3946 4283 4284
f 3947 3946 4284
f 3947 4284 4285
f 4278 3936 3948
f 4278 3948 4288
f 4289 3948 3949
f 4289 4288 3948
f 4291 3951 3952
f 4291 4290 3951
f 4279 3953 3941
f 4279 4292 3953
f 3954 3953 4292
f 3954 4292 4293
f 4292 4279 4280
f 4292 4280 4293
f 4281 3943 3955
f 4281 3955 4294
f 3955 3954 4293
f 3955 4293 4294
f 4294 4293 4280
f 4294 4280 4281
f 4295 3944 4282
f 4295 3956 3944
f 4295 3955 3956
f 4295 4294 3955
f 4295 4281 4294
f 4295 4282 4281
f 4296 4283 3945
f 4296 3945 3957
f 3958 4296 3957
f 3958 4297 4296
f 4296 4284 4283
f 4296 4297 4284
f 4285 3959 3947
f 4285 4298 3959
f 3959 4297 3958
f 3959 4298 4297
f 4297 4285 4284
f 4297 4298 4285
f 4298 4285 4286
f 4298 4286 4299
f 3961 3960 4299
f 3961 4299 4300
f 4303 3963 3962
f 4303 3962 4302
f 4303 4302 4287
f 4303 4287 4288
f 4289 3949 3964
f 4289 3964 4304
f 4303 4288 4289
f 4303 4289 4304
f 4290 3966 3951
f 4290 4305 3966
f 4306 4291 3952
f 4306 3952 3967
f 4306 3967 3966
f 4306 3966 4305
f 4305 4290 4291
f 4305 4291 4306
f 4294 3969 3955
f 4294 4308 3969
f 4307 4294 4293
f 4307 4308 4294
f 4309 3970 3969
f 4309 3969 4308
f 4310 3971 3970
f 4310 3970 4309
f 4312 4299 3960
f 4312 3960 3974
f 4312 3974 3973
f 4312 3973 4311
f 4312 4311 4298
f 4312 4298 4299
f 4313 3961 4300
f 4313 3975 3961
f 3976 3975 4313
f 3976 4313 4314
f 4313 4300 4301
f 4313 4301 4314
f 4302 3962 3977
f 4302 3977 4315
f 4303 3978 3963
f 4303 4316 3978
f 4316 3977 3978
f 4316 4315 3977
f 4317 4304 3964
f 4317 3964 3979
f 4316 4303 4304
f 4316 4304 4317
f 4319 3982 3983
f 4319 4318 3982
f 4320 4308 4307
f 4320 4321 4308
f 4322 3984 3985
f 4322 4321 3984
f 4322 4308 4321
f 4322 4309 4308
f 4310 3986 3971
f 4310 4323 3986
f 4323 3985 3986
f 4323 4322 3985
f 4323 4309 4322
f 4323 4310 4309
f 4311 3973 3988
f 4311 3988 4325
f 3988 3987 4324
f 3988 4324 4325
f 4327 3976 4314
f 4327 3991 3976
f 3991 4326 3990
f 3991 4327 4326
f 4328 4327 4314
f 4328 4314 4315
f 4329 4328 4315
f 4329 4315 4316
f 4330 4317 3979
f 4330 3979 3992
f 4330 4329 4316
f 4330 4316 4317
f 4318 3995 3982
f 4318 4331 3995
f 4319 3983 3996
f 4319 3996 4332
f 4331 4318 4319
f 4331 4319 4332
f 4321 3997 3984
f 4321 4335 3997
f 4336 3998 3997
f 4336 3997 4335
f 3999 3998 4336
f 3999 4336 4337
f 4324 3987 4000
f 4324 4000 4338
f 4338 4000 3999
f 4338 3999 4337
f 4326 4001 3990
f 4326 4339 4001
f 4340 4002 4001
f 4340 4001 4339
f 4003 4002 4340
f 4003 4340 4341
f 4342 4341 4328
f 4342 4328 4329
f 4330 3992 4004
f 4330 4004 4343
f 4342 4329 4330
f 4342 4330 4343
f 4344 4004 4005
f 4344 4343 4004
f 4345 4005 4006
f 4345 4344 4005
f 4331 4007 3995
f 4331 4346 4007
f 4007 4345 4006
f 4007 4346 4345
f 4347 4332 3996
f 4347 3996 4008
f 4347 4008 4007
f 4347 4007 4346
f 4347 4346 4331
f 4347 4331 4332
f 4349 4333 4348
f 4349 4334 4333
f 4350 4334 4349
f 4350 4335 4334
f 4352 4337 4351
f 4352 4338 4337
f 4353 4340 4339
f 4353 4354 4340
f 4355 4003 4341
f 4355 4011 4003
f 4354 4341 4340
f 4354 4355 4341
f 4357 4344 4345
f 4357 4345 4358
f 4359 4346 4007
f 4359 4007 4013
f 4359 4013 4012
f 4359 4012 4358
f 4359 4358 4345
f 4359 4345 4346
f 4360 4011 4355
f 4360 4017 4011
f 4018 4017 4360
f 4018 4360 4361
f 4360 4355 4356
f 4360 4356 4361
f 4362 4358 4012
f 4362 4012 4019
f 4363 4019 4020
f 4363 4362 4019
f 4362 4359 4358
f 4362 4363 4359
f 4364 4018 4361
f 4364 4024 4018
f 4365 4363 4020
f 4365 4020 4026
f 4027 4365 4026
f 4027 4366 4365
f 4028 4366 4027
f 4028 4367 4366
f 4364 4029 4024
f 4364 4368 4029
f 4369 4030 4029
f 4369 4029 4368
f 4367 4028 4033
f 4367 4033 4373
f 4033 4032 4372
f 4033 4372 4373
f 4369 4034 4030
f 4369 4375 4034
f 4374 4369 4368
f 4374 4375 4369
f 4375 4369 4370
f 4375 4370 4376
f 4379 4372 4032
f 4379 4032 4036
f 4379 4378 4371
f 4379 4371 4372
f 4380 4034 4375
f 4380 4037 4034
f 4380 4375 4376
f 4380 4376 4381
f 4381 4376 4377
f 4381 4377 4382
f 4040 4039 4382
f 4040 4382 4383
f 4383 4382 4377
f 4383 4377 4378
f 4379 4036 4041
f 4379 4041 4384
f 4041 4040 4383
f 4041 4383 4384
f 4384 4383 4378
f 4384 4378 4379
f 4385 4037 4380
f 4385 4042 4037
f 4386 4385 4380
f 4386 4380 4381
f 4387 4382 4039
f 4387 4039 4044
f 4044 4043 4386
f 4044 4386 4387
f 4387 4386 4381
f 4387 4381 4382
f 4385 4045 4042
f 4385 4388 4045
f 4386 4043 4046
f 4386 4046 4389
f 4046 4045 4388
f 4046 4388 4389
f 4389 4388 4385
f 4389 4385 4386
f 4048 4390 4047
f 4048 4391 4390
f 4392 4048 4049
f 4392 4391 4048
f 4050 4392 4049
f 4050 4393 4392
f 4394 4050 4051
f 4394 4393 4050
f 4395 4051 4052
f 4395 4394 4051
f 4053 4395 4052
f 4053 4396 4395
f 4390 4054 4047
f 4390 4398 4054
f 4399 4398 4390
f 4399 4390 4391
f 4400 4393 4394
f 4400 4394 4401
f 4402 4401 4394
f 4402 4394 4395
f 4396 4053 4058
f 4396 4058 4403
f 4403 4058 4057
f 4403 4057 4402
f 4403 4402 4395
f 4403 4395 4396
f 4398 4060 4054
f 4398 4405 4060
f 4405 4059 4060
f 4405 4404 4059
f 4405 4397 4404
f 4405 4398 4397
f 4406 4061 4060
f 4406 4060 4405
f 4406 4405 4398
f 4406 4398 4399
f 4407 4402 4057
f 4407 4057 4063
f 4408 4063 4064
f 4408 4407 4063
f 4067 4409 4066
f 4067 4410 4409
f 4411 4059 4404
f 4411 4068 4059
f 4412 4405 4060
f 4412 4060 4069
f 4413 4061 4406
f 4413 4070 4061
f 4070 4412 4069
f 4070 4413 4412
f 4408 4064 4072
f 4408 4072 4414
f 4415 4072 4073
f 4415 4414 4072
f 4074 4415 4073
f 4074 4416 4415
f 4409 4075 4066
f 4409 4417 4075
f 4418 4410 4067
f 4418 4067 4076
f 4417 4409 4410
f 4417 4410 4418
f 4419 4068 4411
f 4419 4077 4068
f 4419 4076 4077
f 4419 4418 4076
f 4080 4079 4420
f 4080 4420 4421
f 4082 4081 4422
f 4082 4422 4423
f 4424 4414 4415
f 4424 4415 4425
f 4416 4074 4084
f 4416 4084 4426
f 4426 4084 4083
f 4426 4083 4425
f 4426 4425 4415
f 4426 4415 4416
f 4427 4075 4417
f 4427 4088 4075
f 4420 4079 4092
f 4420 4092 4428
f 4429 4080 4421
f 4429 4093 4080
f 4429 4092 4093
f 4429 4428 4092
f 4428 4421 4420
f 4428 4429 4421
f 4430 4422 4081
f 4430 4081 4094
f 4423 4095 4082
f 4423 4431 4095
f 4095 4430 4094
f 4095 4431 4430
f 4430 4423 4422
f 4430 4431 4423
f 4433 4425 4083
f 4433 4083 4097
f 4433 4097 4096
f 4433 4096 4432
f 4433 4432 4424
f 4433 4424 4425
f 4100 4434 4099
f 4100 4435 4434
f 4427 4101 4088
f 4427 4436 4101
f 4432 4096 4107
f 4432 4107 4440
f 4434 4109 4099
f 4434 4441 4109
f 4435 4100 4110
f 4435 4110 4442
f 4441 4434 4435
f 4441 4435 4442
f 4443 4101 4436
f 4443 4111 4101
f 4443 4110 4111
f 4443 4442 4110
f 4444 4112 4111
f 4444 4111 4443
f 4446 4114 4113
f 4446 4113 4445
f 4446 4445 4437
f 4446 4437 4438
f 4117 4116 4447
f 4117 4447 4448
f 4440 4107 4118
f 4440 4118 4450
f 4450 4449 4439
f 4450 4439 4440
f 4122 4451 4121
f 4122 4452 4451
f 4453 4109 4441
f 4453 4123 4109
f 4453 4441 4442
f 4453 4442 4454
f 4443 4111 4125
f 4443 4125 4455
f 4125 4124 4454
f 4125 4454 4455
f 4455 4454 4442
f 4455 4442 4443
f 4444 4126 4112
f 4444 4456 4126
f 4456 4125 4126
f 4456 4455 4125
f 4456 4443 4455
f 4456 4444 4443
f 4457 4445 4113
f 4457 4113 4127
f 4446 4128 4114
f 4446 4458 4128
f 4128 4457 4127
f 4128 4458 4457
f 4457 4446 4445
f 4457 4458 4446
f 4129 4128 4458
f 4129 4458 4459
f 4447 4116 4130
f 4447 4130 4461
f 4448 4131 4117
f 4448 4462 4131
f 4462 4130 4131
f 4462 4461 4130
f 4462 4447 4461
f 4462 4448 4447
f 4464 4450 4118
f 4464 4118 4133
f 4465 4133 4134
f 4465 4464 4133
f 4451 4136 4121
f 4451 4467 4136
f 4136 4466 4135
f 4136 4467 4466
f 4452 4122 4137
f 4452 4137 4468
f 4468 4467 4451
f 4468 4451 4452
f 4453 4138 4123
f 4453 4469 4138
f 4454 4124 4139
f 4454 4139 4470
f 4139 4138 4469
f 4139 4469 4470
f 4469 4453 4454
f 4469 4454 4470
f 4471 4125 4455
f 4471 4140 4125
f 4471 4454 4470
f 4471 4455 4454
f 4473 4142 4141
f 4473 4141 4472
f 4474 4458 4128
f 4474 4128 4143
f 4459 4144 4129
f 4459 4475 4144
f 4476 4145 4144
f 4476 4144 4475
f 4476 4475 4459
f 4476 4459 4460
f 4146 4145 4476
f 4146 4476 4477
f 4476 4460 4461
f 4476 4461 4477
f 4477 4461 4462
f 4477 4462 4478
f 4480 4479 4463
f 4480 4463 4464
f 4465 4134 4149
f 4465 4149 4481
f 4480 4464 4465
f 4480 4465 4481
f 4482 4135 4466
f 4482 4150 4135
f 4151 4150 4482
f 4151 4482 4483
f 4483 4482 4466
f 4483 4466 4467
f 4484 4468 4137
f 4484 4137 4152
f 4484 4152 4151
f 4484 4151 4483
f 4484 4483 4467
f 4484 4467 4468
f 4487 4140 4471
f 4487 4153 4140
f 4486 4471 4470
f 4486 4487 4471
f 4472 4141 4154
f 4472 4154 4488
f 4473 4155 4142
f 4473 4489 4155
f 4489 4154 4155
f 4489 4488 4154
f 4488 4473 4472
f 4488 4489 4473
f 4490 4474 4143
f 4490 4143 4156
f 4491 4474 4490
f 4491 4475 4474
f 4492 4146 4477
f 4492 4159 4146
f 4492 4477 4478
f 4492 4478 4493
f 4495 4494 4479
f 4495 4479 4480
f 4496 4481 4149
f 4496 4149 4161
f 4496 4495 4480
f 4496 4480 4481
f 4164 4497 4163
f 4164 4498 4497
f 4165 4498 4164
f 4165 4499 4498
f 4502 4485 4501
f 4502 4486 4485
f 4487 4166 4153
f 4487 4503 4166
f 4502 4487 4486
f 4502 4503 4487
f 4504 4167 4166
f 4504 4166 4503
f 4490 4156 4169
f 4490 4169 4506
f 4169 4168 4505
f 4169 4505 4506
f 4492 4170 4159
f 4492 4507 4170
f 4508 4493 4494
f 4508 4494 4509
f 4510 4509 4494
f 4510 4494 4495
f 4496 4161 4173
f 4496 4173 4511
f 4510 4495 4496
f 4510 4496 4511
f 4512 4173 4174
f 4512 4511 4173
f 4497 4175 4163
f 4497 4513 4175
f 4175 4512 4174
f 4175 4513 4512
f 4176 4175 4513
f 4176 4513 4514
f 4514 4513 4497
f 4514 4497 4498
f 4515 4499 4165
f 4515 4165 4177
f 4514 4498 4499
f 4514 4499 4515
f 4517 4500 4516
f 4517 4501 4500
f 4518 4501 4517
f 4518 4502 4501
f 4504 4178 4167
f 4504 4520 4178
f 4519 4504 4503
f 4519 4520 4504
f 4505 4168 4179
f 4505 4179 4521
f 4179 4178 4520
f 4179 4520 4521
f 4522 4505 4521
f 4522 4506 4505
f 4507 4180 4170
f 4507 4523 4180
f 4524 4181 4180
f 4524 4180 4523
f 4526 4511 4512
f 4526 4512 4527
f 4513 4175 4182
f 4513 4182 4528
f 4528 4527 4512
f 4528 4512 4513
f 4529 4176 4514
f 4529 4183 4176
f 4530 4515 4177
f 4530 4177 4184
f 4530 4184 4183
f 4530 4183 4529
f 4530 4529 4514
f 4530 4514 4515
f 4531 4518 4517
f 4531 4532 4518
f 4533 4181 4524
f 4533 4185 4181
f 4186 4185 4533
f 4186 4533 4534
f 4533 4524 4525
f 4533 4525 4534
f 4536 4528 4182
f 4536 4182 4188
f 4537 4528 4536
f 4537 4529 4528
f 4534 4192 4186
f 4534 4538 4192
f 4193 4192 4538
f 4193 4538 4539
f 4538 4534 4535
f 4538 4535 4539
f 4536 4188 4194
f 4536 4194 4540
f 4541 4194 4195
f 4541 4540 4194
f 4540 4537 4536
f 4540 4541 4537
f 4539 4197 4193
f 4539 4544 4197
f 4543 4539 4538
f 4543 4544 4539
f 4545 4198 4197
f 4545 4197 4544
f 4546 4541 4195
f 4546 4195 4199
f 4200 4546 4199
f 4200 4547 4546
f 4546 4542 4541
f 4546 4547 4542
f 4549 4543 4548
f 4549 4544 4543
f 4545 4201 4198
f 4545 4550 4201
f 4549 4545 4544
f 4549 4550 4545
f 4554 4547 4200
f 4554 4200 4203
f 4203 4202 4553
f 4203 4553 4554
f 4555 4201 4550
f 4555 4204 4201
f 4555 4550 4551
f 4555 4551 4556
f 4553 4202 4207
f 4553 4207 4558
f 4558 4557 4552
f 4558 4552 4553
f 4560 4204 4555
f 4560 4209 4204
f 4209 4559 4208
f 4209 4560 4559
f 4561 4560 4555
f 4561 4555 4556
f 4211 4210 4561
f 4211 4561 4562
f 4562 4561 4556
f 4562 4556 4557
f 4558 4207 4212
f 4558 4212 4563
f 4563 4212 4211
f 4563 4211 4562
f 4562 4557 4558
f 4562 4558 4563
f 4559 4213 4208
f 4559 4564 4213
f 4565 4214 4213
f 4565 4213 4564
f 4565 4564 4559
f 4565 4559 4560
f 4566 4561 4210
f 4566 4210 4215
f 4215 4214 4565
f 4215 4565 4566
f 4566 4565 4560
f 4566 4560 4561
f 4570 4568 4567
f 4570 4571 4568
f 4573 4570 4569
f 4573 4574 4570
f 4574 4571 4570
f 4574 4575 4571
f 4224 4575 4223
f 4224 4576 4575
f 4575 4572 4571
f 4575 4576 4572
f 4577 4224 4225
f 4577 4576 4224
f 4580 4228 4229
f 4580 4579 4228
f 4582 4223 4575
f 4582 4231 4223
f 4582 4574 4581
f 4582 4575 4574
f 4577 4225 4232
f 4577 4232 4584
f 4583 4576 4577
f 4583 4577 4584
f 4585 4232 4233
f 4585 4584 4232
f 4584 4578 4577
f 4584 4585 4578
f 4587 4228 4579
f 4587 4235 4228
f 4580 4229 4236
f 4580 4236 4588
f 4237 4588 4236
f 4237 4589 4588
f 4590 4231 4582
f 4590 4238 4231
f 4590 4237 4238
f 4590 4589 4237
f 4590 4581 4589
f 4590 4582 4581
f 4591 4583 4584
f 4591 4584 4592
f 4585 4233 4239
f 4585 4239 4593
f 4594 4239 4240
f 4594 4593 4239
f 4593 4586 4585
f 4593 4594 4586
f 4596 4241 4242
f 4596 4595 4241
f 4597 4235 4587
f 4597 4243 4235
f 4244 4243 4597
f 4244 4597 4598
f 4246 4245 4599
f 4246 4599 4600
f 4248 4247 4601
f 4248 4601 4602
f 4601 4592 4593
f 4601 4593 4602
f 4603 4594 4240
f 4603 4240 4249
f 4604 4249 4250
f 4604 4603 4249
f 4595 4252 4241
f 4595 4605 4252
f 4596 4242 4253
f 4596 4253 4606
f 4253 4252 4605
f 4253 4605 4606
f 4607 4253 4254
f 4607 4606 4253
f 4598 4255 4244
f 4598 4608 4255
f 4255 4607 4254
f 4255 4608 4607
f 4607 4598 4597
f 4607 4608 4598
f 4599 4245 4256
f 4599 4256 4609
f 4610 4246 4600
f 4610 4257 4246
f 4610 4256 4257
f 4610 4609 4256
f 4610 4599 4609
f 4610 4600 4599
f 4611 4601 4247
f 4611 4247 4258
f 4612 4248 4602
f 4612 4259 4248
f 4259 4611 4258
f 4259 4612 4611
f 4612 4601 4611
f 4612 4602 4601
f 4604 4250 4260
f 4604 4260 4614
f 4613 4603 4604
f 4613 4604 4614
f 4617 4253 4606
f 4617 4263 4253
f 4617 4605 4616
f 4617 4606 4605
f 4618 4608 4609
f 4618 4609 4619
f 4623 4269 4268
f 4623 4268 4622
f 4614 4260 4271
f 4614 4271 4625
f 4625 4271 4270
f 4625 4270 4624
f 4625 4624 4613
f 4625 4613 4614
f 4628 4615 4627
f 4628 4616 4615
f 4617 4275 4263
f 4617 4629 4275
f 4275 4628 4274
f 4275 4629 4628
f 4628 4617 4616
f 4628 4629 4617
f 4632 4620 4621
f 4632 4621 4633
f 4622 4268 4276
f 4622 4276 4634
f 4623 4277 4269
f 4623 4635 4277
f 4635 4276 4277
f 4635 4634 4276
f 4634 4623 4622
f 4634 4635 4623
f 4636 4624 4270
f 4636 4270 4278
f 4637 4627 4626
f 4637 4638 4627
f 4628 4281 4274
f 4628 4639 4281
f 4639 4627 4638
f 4639 4628 4627
f 4640 4629 4630
f 4640 4630 4641
f 4641 4630 4631
f 4641 4631 4642
f 4644 4286 4285
f 4644 4285 4643
f 4646 4636 4278
f 4646 4278 4288
f 4646 4288 4287
f 4646 4287 4645
f 4649 4281 4639
f 4649 4294 4281
f 4649 4293 4294
f 4649 4648 4293
f 4649 4638 4648
f 4649 4639 4638
f 4651 4643 4285
f 4651 4285 4298
f 4650 4642 4643
f 4650 4643 4651
f 4652 4286 4644
f 4652 4299 4286
f 4651 4644 4643
f 4651 4652 4644
f 4300 4299 4652
f 4300 4652 4653
f 4301 4300 4653
f 4301 4653 4654
f 4655 4645 4287
f 4655 4287 4302
f 4648 4307 4293
f 4648 4657 4307
f 4657 4647 4656
f 4657 4648 4647
f 4658 4651 4298
f 4658 4298 4311
f 4658 4652 4651
f 4658 4659 4652
f 4661 4301 4654
f 4661 4314 4301
f 4662 4655 4302
f 4662 4302 4315
f 4662 4315 4314
f 4662 4314 4661
f 4662 4661 4654
f 4662 4654 4655
f 4657 4320 4307
f 4657 4664 4320
f 4663 4657 4656
f 4663 4664 4657
f 4665 4321 4320
f 4665 4320 4664
f 4658 4311 4325
f 4658 4325 4667
f 4325 4324 4666
f 4325 4666 4667
f 4668 4658 4667
f 4668 4659 4658
f 4668 4660 4659
f 4668 4669 4660
f 4327 4669 4326
f 4327 4670 4669
f 4670 4660 4669
f 4670 4661 4660
f 4671 4327 4328
f 4671 4670 4327
f 4673 4333 4334
f 4673 4672 4333
f 4673 4663 4672
f 4673 4664 4663
f 4665 4335 4321
f 4665 4674 4335
f 4674 4334 4335
f 4674 4673 4334
f 4673 4665 4664
f 4673 4674 4665
f 4675 4336 4335
f 4675 4335 4674
f 4676 4337 4336
f 4676 4336 4675
f 4677 4666 4324
f 4677 4324 4338
f 4678 4666 4677
f 4678 4667 4666
f 4680 4326 4669
f 4680 4339 4326
f 4680 4668 4679
f 4680 4669 4668
f 4671 4328 4341
f 4671 4341 4682
f 4681 4670 4671
f 4681 4671 4682
f 4342 4682 4341
f 4342 4683 4682
f 4684 4342 4343
f 4684 4683 4342
f 4685 4343 4344
f 4685 4684 4343
f 4686 4333 4672
f 4686 4348 4333
f 4687 4349 4348
f 4687 4348 4686
f 4674 4335 4350
f 4674 4350 4688
f 4350 4349 4687
f 4350 4687 4688
f 4688 4675 4674
f 4688 4689 4675
f 4676 4351 4337
f 4676 4690 4351
f 4689 4676 4675
f 4689 4690 4676
f 4677 4338 4352
f 4677 4352 4691
f 4691 4352 4351
f 4691 4351 4690
f 4692 4677 4691
f 4692 4678 4677
f 4693 4678 4692
f 4693 4679 4678
f 4680 4353 4339
f 4680 4694 4353
f 4693 4680 4679
f 4693 4694 4680
f 4695 4354 4353
f 4695 4353 4694
f 4696 4355 4354
f 4696 4354 4695
f 4356 4355 4696
f 4356 4696 4697
f 4696 4682 4683
f 4696 4683 4697
f 4685 4344 4357
f 4685 4357 4698
f 4699 4357 4358
f 4699 4698 4357
f 4700 4358 4359
f 4700 4699 4358
f 4702 4689 4701
f 4702 4690 4689
f 4703 4356 4697
f 4703 4361 4356
f 4706 4705 4698
f 4706 4698 4699
f 4700 4359 4363
f 4700 4363 4707
f 4709 4701 4708
f 4709 4702 4701
f 4703 4364 4361
f 4703 4710 4364
f 4710 4703 4704
f 4710 4704 4711
f 4712 4711 4704
f 4712 4704 4705
f 4712 4705 4706
f 4712 4706 4713
f 4707 4363 4365
f 4707 4365 4714
f 4715 4365 4366
f 4715 4714 4365
f 4716 4366 4367
f 4716 4715 4366
f 4710 4368 4364
f 4710 4717 4368
f 4370 4369 4718
f 4370 4718 4719
f 4718 4711 4712
f 4718 4712 4719
f 4720 4713 4714
f 4720 4714 4721
f 4722 4372 4371
f 4722 4371 4721
f 4721 4714 4715
f 4721 4715 4722
f 4716 4367 4373
f 4716 4373 4723
f 4723 4373 4372
f 4723 4372 4722
f 4723 4722 4715
f 4723 4715 4716
f 4717 4374 4368
f 4717 4724 4374
f 4725 4718 4369
f 4725 4369 4375
f 4725 4375 4374
f 4725 4374 4724
f 4726 4370 4719
f 4726 4376 4370
f 4726 4718 4725
f 4726 4719 4718
f 4377 4376 4726
f 4377 4726 4727
f 4728 4721 4371
f 4728 4371 4378
f 4728 4378 4377
f 4728 4377 4727
f 4728 4727 4720
f 4728 4720 4721
f 4729 4726 4725
f 4729 4730 4726
f 4731 4726 4730
f 4731 4727 4726
f 4735 4733 4732
f 4735 4736 4733
f 4392 4736 4391
f 4392 4737 4736
f 4736 4734 4733
f 4736 4737 4734
f 4738 4392 4393
f 4738 4737 4392
f 4740 4397 4398
f 4740 4739 4397
f 4741 4391 4736
f 4741 4399 4391
f 4741 4735 4740
f 4741 4736 4735
f 4738 4393 4400
f 4738 4400 4742
f 4743 4400 4401
f 4743 4742 4400
f 4744 4401 4402
f 4744 4743 4401
f 4745 4397 4739
f 4745 4404 4397
f 4746 4740 4398
f 4746 4398 4405
f 4746 4745 4739
f 4746 4739 4740
f 4747 4399 4741
f 4747 4406 4399
f 4747 4740 4746
f 4747 4741 4740
f 4744 4402 4407
f 4744 4407 4748
f 4749 4407 4408
f 4749 4748 4407
f 4752 4404 4745
f 4752 4411 4404
f 4753 4746 4405
f 4753 4405 4412
f 4754 4406 4747
f 4754 4413 4406
f 4413 4753 4412
f 4413 4754 4753
f 4753 4747 4746
f 4753 4754 4747
f 4749 4408 4414
f 4749 4414 4756
f 4755 4748 4749
f 4755 4749 4756
f 4759 4417 4418
f 4759 4758 4417
f 4759 4750 4758
f 4759 4751 4750
f 4752 4419 4411
f 4752 4760 4419
f 4760 4418 4419
f 4760 4759 4418
f 4756 4414 4424
f 4756 4424 4762
f 4764 4417 4758
f 4764 4427 4417
f 4764 4757 4763
f 4764 4758 4757
f 4762 4424 4432
f 4762 4432 4768
f 4768 4767 4761
f 4768 4761 4762
f 4764 4436 4427
f 4764 4771 4436
f 4771 4763 4770
f 4771 4764 4763
f 4438 4437 4772
f 4438 4772 4773
f 4776 4775 4765
f 4776 4765 4766
f 4778 4768 4432
f 4778 4432 4440
f 4778 4440 4439
f 4778 4439 4777
f 4780 4769 4779
f 4780 4770 4769
f 4781 4436 4771
f 4781 4443 4436
f 4780 4771 4770
f 4780 4781 4771
f 4782 4772 4437
f 4782 4437 4445
f 4783 4438 4773
f 4783 4446 4438
f 4446 4782 4445
f 4446 4783 4782
f 4782 4773 4772
f 4782 4783 4773
f 4785 4784 4774
f 4785 4774 4775
f 4777 4439 4449
f 4777 4449 4786
f 4787 4449 4450
f 4787 4786 4449
f 4788 4780 4779
f 4788 4789 4780
f 4790 4443 4781
f 4790 4455 4443
f 4790 4454 4455
f 4790 4789 4454
f 4790 4780 4789
f 4790 4781 4780
f 4459 4458 4791
f 4459 4791 4792
f 4460 4459 4792
f 4460 4792 4793
f 4794 4461 4460
f 4794 4460 4793
f 4462 4461 4794
f 4462 4794 4795
f 4797 4787 4450
f 4797 4450 4464
f 4797 4464 4463
f 4797 4463 4796
f 4789 4470 4454
f 4789 4799 4470
f 4799 4788 4798
f 4799 4789 4788
f 4791 4458 4474
f 4791 4474 4800
f 4475 4800 4474
f 4475 4801 4800
f 4800 4792 4791
f 4800 4801 4792
f 4801 4793 4792
f 4801 4802 4793
f 4795 4478 4462
f 4795 4804 4478
f 4805 4796 4463
f 4805 4463 4479
f 4805 4804 4795
f 4805 4795 4796
f 4807 4470 4799
f 4807 4486 4470
f 4807 4485 4486
f 4807 4806 4485
f 4807 4798 4806
f 4807 4799 4798
f 4801 4475 4491
f 4801 4491 4809
f 4491 4490 4808
f 4491 4808 4809
f 4809 4802 4801
f 4809 4810 4802
f 4810 4803 4802
f 4810 4811 4803
f 4804 4493 4478
f 4804 4812 4493
f 4812 4492 4493
f 4812 4811 4492
f 4813 4805 4479
f 4813 4479 4494
f 4813 4494 4493
f 4813 4493 4812
f 4813 4812 4804
f 4813 4804 4805
f 4815 4485 4806
f 4815 4501 4485
f 4815 4500 4501
f 4815 4814 4500
f 4817 4503 4502
f 4817 4502 4816
f 4808 4490 4506
f 4808 4506 4818
f 4819 4808 4818
f 4819 4809 4808
f 4819 4810 4809
f 4819 4820 4810
f 4821 4492 4811
f 4821 4507 4492
f 4821 4810 4820
f 4821 4811 4810
f 4812 4493 4508
f 4812 4508 4822
f 4823 4508 4509
f 4823 4822 4508
f 4510 4823 4509
f 4510 4824 4823
f 4825 4510 4511
f 4825 4824 4510
f 4826 4500 4814
f 4826 4516 4500
f 4517 4516 4826
f 4517 4826 4827
f 4816 4502 4518
f 4816 4518 4828
f 4817 4519 4503
f 4817 4829 4519
f 4829 4816 4828
f 4829 4817 4816
f 4830 4520 4519
f 4830 4519 4829
f 4831 4521 4520
f 4831 4520 4830
f 4818 4506 4522
f 4818 4522 4832
f 4522 4521 4831
f 4522 4831 4832
f 4833 4818 4832
f 4833 4819 4818
f 4821 4523 4507
f 4821 4835 4523
f 4834 4821 4820
f 4834 4835 4821
f 4836 4524 4523
f 4836 4523 4835
f 4525 4524 4836
f 4525 4836 4837
f 4836 4822 4823
f 4836 4823 4837
f 4837 4823 4824
f 4837 4824 4838
f 4825 4511 4526
f 4825 4526 4839
f 4838 4824 4825
f 4838 4825 4839
f 4840 4526 4527
f 4840 4839 4526
f 4841 4527 4528
f 4841 4840 4527
f 4842 4528 4529
f 4842 4841 4528
f 4843 4517 4827
f 4843 4531 4517
f 4844 4828 4518
f 4844 4518 4532
f 4532 4531 4843
f 4532 4843 4844
f 4844 4843 4827
f 4844 4827 4828
f 4846 4830 4845
f 4846 4831 4830
f 4847 4833 4832
f 4847 4848 4833
f 4849 4525 4837
f 4849 4534 4525
f 4535 4534 4849
f 4535 4849 4850
f 4851 4839 4840
f 4851 4840 4852
f 4853 4852 4840
f 4853 4840 4841
f 4842 4529 4537
f 4842 4537 4854
f 4853 4841 4842
f 4853 4842 4854
f 4855 4846 4845
f 4855 4856 4846
f 4858 4535 4850
f 4858 4539 4535
f 4539 4857 4538
f 4539 4858 4857
f 4859 4858 4850
f 4859 4850 4851
f 4860 4859 4851
f 4860 4851 4852
f 4862 4854 4537
f 4862 4537 4541
f 4863 4541 4542
f 4863 4862 4541
f 4865 4855 4864
f 4865 4856 4855
f 4857 4543 4538
f 4857 4866 4543
f 4867 4866 4857
f 4867 4857 4858
f 4867 4858 4859
f 4867 4859 4868
f 4868 4859 4860
f 4868 4860 4869
f 4869 4860 4861
f 4869 4861 4870
f 4871 4870 4861
f 4871 4861 4862
f 4872 4863 4542
f 4872 4542 4547
f 4871 4862 4863
f 4871 4863 4872
f 4866 4548 4543
f 4866 4873 4548
f 4549 4548 4873
f 4549 4873 4874
f 4875 4550 4549
f 4875 4549 4874
f 4551 4550 4875
f 4551 4875 4876
f 4878 4553 4552
f 4878 4552 4877
f 4878 4877 4870
f 4878 4870 4871
f 4879 4872 4547
f 4879 4547 4554
f 4554 4553 4878
f 4554 4878 4879
f 4879 4878 4871
f 4879 4871 4872
f 4880 4875 4874
f 4880 4881 4875
f 4876 4556 4551
f 4876 4882 4556
f 4881 4876 4875
f 4881 4882 4876
f 4883 4877 4552
f 4883 4552 4557
f 4883 4557 4556
f 4883 4556 4882
f 4885 4567 4568
f 4885 4884 4567
f 4884 4570 4567
f 4884 4887 4570
f 4570 4886 4569
f 4570 4887 4886
f 4888 4885 4568
f 4888 4568 4571
f 4889 4571 4572
f 4889 4888 4571
f 4886 4573 4569
f 4886 4890 4573
f 4891 4574 4573
f 4891 4573 4890
f 4893 4889 4572
f 4893 4572 4576
f 4892 4888 4889
f 4892 4889 4893
f 4578 4894 4577
f 4578 4895 4894
f 4898 4579 4580
f 4898 4897 4579
f 4891 4581 4574
f 4891 4899 4581
f 4898 4891 4890
f 4898 4899 4891
f 4893 4576 4583
f 4893 4583 4900
f 4894 4584 4577
f 4894 4901 4584
f 4902 4895 4578
f 4902 4578 4585
f 4902 4901 4894
f 4902 4894 4895
f 4586 4902 4585
f 4586 4903 4902
f 4897 4587 4579
f 4897 4905 4587
f 4905 4896 4904
f 4905 4897 4896
f 4906 4898 4580
f 4906 4580 4588
f 4907 4581 4899
f 4907 4589 4581
f 4907 4588 4589
f 4907 4906 4588
f 4906 4899 4898
f 4906 4907 4899
f 4908 4900 4583
f 4908 4583 4591
f 4901 4592 4584
f 4901 4909 4592
f 4592 4908 4591
f 4592 4909 4908
f 4908 4901 4900
f 4908 4909 4901
f 4910 4593 4592
f 4910 4592 4909
f 4909 4901 4902
f 4909 4902 4910
f 4911 4903 4586
f 4911 4586 4594
f 4910 4902 4903
f 4910 4903 4911
f 4596 4912 4595
f 4596 4913 4912
f 4914 4587 4905
f 4914 4597 4587
f 4914 4904 4913
f 4914 4905 4904
f 4918 4909 4592
f 4918 4592 4601
f 4910 4602 4593
f 4910 4919 4602
f 4602 4918 4601
f 4602 4919 4918
f 4911 4594 4603
f 4911 4603 4920
f 4919 4910 4911
f 4919 4911 4920
f 4912 4605 4595
f 4912 4922 4605
f 4923 4913 4596
f 4923 4596 4606
f 4923 4922 4912
f 4923 4912 4913
f 4924 4597 4914
f 4924 4607 4597
f 4924 4606 4607
f 4924 4923 4606
f 4924 4913 4923
f 4924 4914 4913
f 4609 4608 4925
f 4609 4925 4926
f 4927 4926 4915
f 4927 4915 4916
f 4927 4916 4917
f 4927 4917 4928
f 4920 4603 4613
f 4920 4613 4930
f 4929 4919 4920
f 4929 4920 4930
f 4933 4605 4922
f 4933 4616 4605
f 4933 4615 4616
f 4933 4932 4615
f 4933 4921 4932
f 4933 4922 4921
f 4925 4608 4618
f 4925 4618 4934
f 4926 4619 4609
f 4926 4935 4619
f 4619 4934 4618
f 4619 4935 4934
f 4935 4925 4934
f 4935 4926 4925
f 4937 4621 4620
f 4937 4620 4936
f 4939 4930 4613
f 4939 4613 4624
f 4941 4615 4932
f 4941 4627 4615
f 4941 4626 4627
f 4941 4940 4626
f 4941 4931 4940
f 4941 4932 4931
f 4630 4629 4942
f 4630 4942 4943
f 4944 4631 4630
f 4944 4630 4943
f 4936 4620 4632
f 4936 4632 4945
f 4937 4633 4621
f 4937 4946 4633
f 4946 4632 4633
f 4946 4945 4632
f 4939 4624 4636
f 4939 4636 4948
f 4947 4938 4939
f 4947 4939 4948
f 4950 4626 4940
f 4950 4637 4626
f 4951 4638 4637
f 4951 4637 4950
f 4942 4629 4640
f 4942 4640 4952
f 4953 4640 4641
f 4953 4952 4640
f 4953 4942 4952
f 4953 4943 4942
f 4944 4642 4631
f 4944 4954 4642
f 4642 4953 4641
f 4642 4954 4953
f 4953 4944 4943
f 4953 4954 4944
f 4955 4643 4642
f 4955 4642 4954
f 4957 4956 4945
f 4957 4945 4946
f 4959 4948 4636
f 4959 4636 4646
f 4646 4645 4958
f 4646 4958 4959
f 4960 4948 4959
f 4960 4949 4948
f 4951 4648 4638
f 4951 4962 4648
f 4962 4647 4648
f 4962 4961 4647
f 4954 4642 4650
f 4954 4650 4963
f 4964 4643 4955
f 4964 4651 4643
f 4964 4650 4651
f 4964 4963 4650
f 4963 4955 4954
f 4963 4964 4955
f 4653 4652 4965
f 4653 4965 4966
f 4965 4956 4957
f 4965 4957 4966
f 4967 4654 4653
f 4967 4653 4966
f 4958 4645 4655
f 4958 4655 4968
f 4655 4654 4967
f 4655 4967 4968
f 4969 4958 4968
f 4969 4959 4958
f 4970 4647 4961
f 4970 4656 4647
f 4971 4970 4961
f 4971 4961 4962
f 4972 4965 4652
f 4972 4652 4659
f 4660 4972 4659
f 4660 4973 4972
f 4972 4966 4965
f 4972 4973 4966
f 4974 4660 4661
f 4974 4973 4660
f 4973 4967 4966
f 4973 4974 4967
f 4975 4656 4970
f 4975 4663 4656
f 4975 4970 4971
f 4975 4971 4976
f 4668 4667 4978
f 4668 4978 4979
f 4981 4974 4661
f 4981 4661 4670
f 4980 4973 4974
f 4980 4974 4981
f 4982 4663 4975
f 4982 4672 4663
f 4983 4982 4975
f 4983 4975 4976
f 4983 4976 4977
f 4983 4977 4984
f 4978 4667 4678
f 4978 4678 4986
f 4979 4679 4668
f 4979 4987 4679
f 4679 4986 4678
f 4679 4987 4986
f 4986 4979 4978
f 4986 4987 4979
f 4981 4670 4681
f 4981 4681 4989
f 4988 4980 4981
f 4988 4981 4989
f 4990 4681 4682
f 4990 4989 4681
f 4684 4991 4683
f 4684 4992 4991
f 4993 4684 4685
f 4993 4992 4684
f 4994 4672 4982
f 4994 4686 4672
f 4687 4686 4994
f 4687 4994 4995
f 4994 4982 4983
f 4994 4983 4995
f 4688 4687 4995
f 4688 4995 4996
f 4996 4995 4983
f 4996 4983 4984
f 4689 4688 4996
f 4689 4996 4997
f 4996 4984 4985
f 4996 4985 4997
f 4691 4690 4998
f 4691 4998 4999
f 4692 4691 4999
f 4692 4999 5000
f 5001 4693 4692
f 5001 4692 5000
f 5001 5000 4986
f 5001 4986 4987
f 5002 4694 4693
f 5002 4693 5001
f 5001 4987 4988
f 5001 4988 5002
f 5003 4695 4694
f 5003 4694 5002
f 5002 4988 4989
f 5002 4989 5003
f 4990 4682 4696
f 4990 4696 5004
f 5004 4696 4695
f 5004 4695 5003
f 5003 4989 4990
f 5003 4990 5004
f 4991 4697 4683
f 4991 5005 4697
f 5006 5005 4991
f 5006 4991 4992
f 5007 4993 4685
f 5007 4685 4698
f 5006 4992 4993
f 5006 4993 5007
f 4700 5008 4699
f 4700 5009 5008
f 5010 4689 4997
f 5010 4701 4689
f 4998 4690 4702
f 4998 4702 5011
f 5012 4998 5011
f 5012 4999 4998
f 5013 4697 5005
f 5013 4703 4697
f 4704 4703 5013
f 4704 5013 5014
f 5014 5013 5005
f 5014 5005 5006
f 5015 5007 4698
f 5015 4698 4705
f 5015 4705 4704
f 5015 4704 5014
f 5015 5014 5006
f 5015 5006 5007
f 5008 4706 4699
f 5008 5016 4706
f 5009 4700 4707
f 5009 4707 5017
f 5017 5016 5008
f 5017 5008 5009
f 5010 4708 4701
f 5010 5018 4708
f 5011 4702 4709
f 5011 4709 5019
f 4709 4708 5018
f 4709 5018 5019
f 5020 5011 5019
f 5020 5012 5011
f 5022 4710 4711
f 5022 5021 4710
f 5024 4706 5016
f 5024 4713 4706
f 4713 5023 4712
f 4713 5024 5023
f 5025 5017 4707
f 5025 4707 4714
f 5025 4714 4713
f 5025 4713 5024
f 5025 5024 5016
f 5025 5016 5017
f 5021 4717 4710
f 5021 5026 4717
f 5022 4711 4718
f 5022 4718 5027
f 5026 5021 5022
f 5026 5022 5027
f 5023 4719 4712
f 5023 5028 4719
f 5028 4718 4719
f 5028 5027 4718
f 5029 5024 4713
f 5029 4713 4720
f 5029 5028 5023
f 5029 5023 5024
f 5026 4724 4717
f 5026 5030 4724
f 4725 4724 5030
f 4725 5030 5031
f 5030 5026 5027
f 5030 5027 5031
f 5032 5031 5027
f 5032 5027 5028
f 5033 5029 4720
f 5033 4720 4727
f 5033 5032 5028
f 5033 5028 5029
f 5031 4729 4725
f 5031 5034 4729
f 4730 4729 5034
f 4730 5034 5035
f 5034 5031 5032
f 5034 5032 5035
f 5033 4727 4731
f 5033 4731 5036
f 5036 4731 4730
f 5036 4730 5035
f 5036 5035 5032
f 5036 5032 5033
f 5038 4732 4733
f 5038 5037 4732
f 5039 4733 4734
f 5039 5038 4733
f 5040 4732 5037
f 5040 4735 4732
f 5041 5039 4734
f 5041 4734 4737
f 5042 4737 4738
f 5042 5041 4737
f 5044 4735 5040
f 5044 4740 4735
f 5042 4738 4742
f 5042 4742 5046
f 5045 5041 5042
f 5045 5042 5046
f 5047 4742 4743
f 5047 5046 4742
f 4744 5047 4743
f 4744 5048 5047
f 5051 4740 5044
f 5051 4746 4740
f 5051 4745 4746
f 5051 5050 4745
f 5051 5043 5050
f 5051 5044 5043
f 5052 5046 5047
f 5052 5047 5053
f 5048 4744 4748
f 5048 4748 5054
f 5053 5047 5048
f 5053 5048 5054
f 4751 5055 4750
f 4751 5056 5055
f 5057 4745 5050
f 5057 4752 4745
f 5057 5049 5056
f 5057 5050 5049
f 5054 4748 4755
f 5054 4755 5059
f 5058 5053 5054
f 5058 5054 5059
f 5060 4755 4756
f 5060 5059 4755
f 5055 4758 4750
f 5055 5063 4758
f 5063 4757 4758
f 5063 5062 4757
f 5064 5056 4751
f 5064 4751 4759
f 5064 5063 5055
f 5064 5055 5056
f 5065 4752 5057
f 5065 4760 4752
f 5065 4759 4760
f 5065 5064 4759
f 5065 5056 5064
f 5065 5057 5056
f 5067 5060 4756
f 5067 4756 4762
f 5067 4762 4761
f 5067 4761 5066
f 5066 5059 5060
f 5066 5060 5067
f 5069 4757 5062
f 5069 4763 4757
f 5069 5061 5068
f 5069 5062 5061
f 5070 5063 5064
f 5070 5064 5071
f 4766 4765 5073
f 4766 5073 5074
f 5076 5066 4761
f 5076 4761 4767
f 5077 4767 4768
f 5077 5076 4767
f 5079 4763 5069
f 5079 4770 4763
f 5079 4769 4770
f 5079 5078 4769
f 5079 5068 5078
f 5079 5069 5068
f 5080 5071 5072
f 5080 5072 5081
f 5073 4765 4775
f 5073 4775 5083
f 5083 4775 4774
f 5083 4774 5082
f 5074 4776 4766
f 5074 5084 4776
f 4776 5083 4775
f 4776 5084 5083
f 5084 5074 5075
f 5084 5075 5085
f 5077 4768 4778
f 5077 4778 5087
f 4778 4777 5086
f 4778 5086 5087
f 5086 5076 5077
f 5086 5077 5087
f 5088 4769 5078
f 5088 4779 4769
f 5082 4774 4784
f 5082 4784 5089
f 5083 4785 4775
f 5083 5090 4785
f 4785 5089 4784
f 4785 5090 5089
f 5092 5086 4777
f 5092 4777 4786
f 4787 5092 4786
f 4787 5093 5092
f 5092 5087 5086
f 5092 5093 5087
f 5088 4788 4779
f 5088 5094 4788
f 5097 5089 5090
f 5097 5090 5098
f 4794 4793 5098
f 4794 5098 5099
f 5098 5090 5091
f 5098 5091 5099
f 5100 4795 4794
f 5100 4794 5099
f 4796 4795 5100
f 4796 5100 5101
f 5102 5093 4787
f 5102 4787 4797
f 5102 4797 4796
f 5102 4796 5101
f 5103 4788 5094
f 5103 4798 4788
f 5104 5095 5096
f 5104 5096 5105
f 5106 5098 4793
f 5106 4793 4802
f 4803 5106 4802
f 4803 5107 5106
f 5106 5099 5098
f 5106 5107 5099
f 5107 5100 5099
f 5107 5108 5100
f 5109 5100 5108
f 5109 5101 5100
f 5110 4798 5103
f 5110 4806 4798
f 5112 5107 4803
f 5112 4803 4811
f 5113 4811 4812
f 5113 5112 4811
f 5115 4806 5110
f 5115 4815 4806
f 4815 5114 4814
f 4815 5115 5114
f 5116 5115 5110
f 5116 5110 5111
f 4820 4819 5118
f 4820 5118 5119
f 5113 4812 4822
f 5113 4822 5121
f 5120 5112 5113
f 5120 5113 5121
f 5122 4814 5114
f 5122 4826 4814
f 5123 4827 4826
f 5123 4826 5122
f 5123 5122 5114
f 5123 5114 5115
f 4828 4827 5123
f 4828 5123 5124
f 5124 5123 5115
f 5124 5115 5116
f 4829 4828 5124
f 4829 5124 5125
f 5124 5116 5117
f 5124 5117 5125
f 5126 4830 4829
f 5126 4829 5125
f 4832 4831 5127
f 4832 5127 5128
f 5118 4819 4833
f 5118 4833 5129
f 5119 4834 4820
f 5119 5130 4834
f 5131 4835 4834
f 5131 4834 5130
f 5130 5119 5120
f 5130 5120 5131
f 5132 5121 4822
f 5132 4822 4836
f 5132 4836 4835
f 5132 4835 5131
f 5131 5120 5121
f 5131 5121 5132
f 4838 5133 4837
f 4838 5134 5133
f 5135 4838 4839
f 5135 5134 4838
f 5126 4845 4830
f 5126 5137 4845
f 5136 5126 5125
f 5136 5137 5126
f 5127 4831 4846
f 5127 4846 5138
f 5128 4847 4832
f 5128 5139 4847
f 5139 5127 5138
f 5139 5128 5127
f 5140 5129 4833
f 5140 4833 4848
f 5140 4848 4847
f 5140 4847 5139
f 5140 5139 5128
f 5140 5128 5129
f 5133 4849 4837
f 5133 5141 4849
f 4850 4849 5141
f 4850 5141 5142
f 5142 5141 5133
f 5142 5133 5134
f 5135 4839 4851
f 5135 4851 5143
f 4851 4850 5142
f 4851 5142 5143
f 4853 5144 4852
f 4853 5145 5144
f 5146 4853 4854
f 5146 5145 4853
f 5147 4845 5137
f 5147 4855 4845
f 5148 5138 4846
f 5148 4846 4856
f 5149 5138 5148
f 5149 5139 5138
f 5144 4860 4852
f 5144 5150 4860
f 4861 4860 5150
f 4861 5150 5151
f 5150 5144 5145
f 5150 5145 5151
f 5152 5146 4854
f 5152 4854 4862
f 5152 4862 4861
f 5152 4861 5151
f 5152 5151 5145
f 5152 5145 5146
f 5153 4855 5147
f 5153 4864 4855
f 5154 5148 4856
f 5154 4856 4865
f 4865 4864 5153
f 4865 5153 5154
f 4867 5155 4866
f 4867 5156 5155
f 4868 5156 4867
f 4868 5157 5156
f 4869 5157 4868
f 4869 5158 5157
f 5159 4869 4870
f 5159 5158 4869
f 5155 4873 4866
f 5155 5160 4873
f 4874 4873 5160
f 4874 5160 5161
f 5160 5155 5156
f 5160 5156 5161
f 5161 5156 5157
f 5161 5157 5162
f 5162 5157 5158
f 5162 5158 5163
f 5159 4870 4877
f 5159 4877 5164
f 5164 5163 5158
f 5164 5158 5159
f 5161 4880 4874
f 5161 5165 4880
f 4881 4880 5165
f 4881 5165 5166
f 5165 5161 5162
f 5165 5162 5166
f 5167 4882 4881
f 5167 4881 5166
f 5164 4877 4883
f 5164 4883 5168
f 5168 4883 4882
f 5168 4882 5167
f 5168 5167 5163
f 5168 5163 5164
f 4885 5169 4884
f 4885 5170 5169
f 5169 4887 4884
f 5169 5172 4887
f 4887 5171 4886
f 4887 5172 5171
f 5173 5170 4885
f 5173 4885 4888
f 5173 5172 5169
f 5173 5169 5170
f 5171 4890 4886
f 5171 5174 4890
f 5175 5174 5171
f 5175 5171 5172
f 5173 4888 4892
f 5173 4892 5176
f 5175 5172 5173
f 5175 5173 5176
f 5177 4892 4893
f 5177 5176 4892
f 5179 4896 4897
f 5179 5178 4896
f 5180 4890 5174
f 5180 4898 4890
f 5180 4897 4898
f 5180 5179 4897
f 5181 5180 5174
f 5181 5174 5175
f 5182 5181 5175
f 5182 5175 5176
f 5177 4893 4900
f 5177 4900 5183
f 5184 4900 4901
f 5184 5183 4900
f 5178 4904 4896
f 5178 5186 4904
f 5187 5186 5178
f 5187 5178 5179
f 5188 5184 4901
f 5188 4901 4909
f 5192 4904 5186
f 5192 4913 4904
f 5192 5185 5191
f 5192 5186 5185
f 5193 5192 5186
f 5193 5186 5187
f 4916 4915 5194
f 4916 5194 5195
f 4917 4916 5195
f 4917 5195 5196
f 5197 5188 4909
f 5197 4909 4918
f 4919 5197 4918
f 4919 5198 5197
f 5197 5189 5188
f 5197 5198 5189
f 5203 4921 4922
f 5203 5202 4921
f 5203 5190 5202
f 5203 5191 5190
f 5204 4913 5192
f 5204 4923 4913
f 5204 4922 4923
f 5204 5203 4922
f 5204 5191 5203
f 5204 5192 5191
f 5207 5194 4915
f 5207 4915 4926
f 4927 5207 4926
f 4927 5208 5207
f 5208 5194 5207
f 5208 5195 5194
f 5196 4928 4917
f 5196 5209 4928
f 4928 5208 4927
f 4928 5209 5208
f 5208 5196 5195
f 5208 5209 5196
f 5198 4919 4929
f 5198 4929 5210
f 4930 5210 4929
f 4930 5211 5210
f 5210 5199 5198
f 5210 5211 5199
f 5212 5199 5211
f 5212 5200 5199
f 5214 4921 5202
f 5214 4932 4921
f 5214 4931 4932
f 5214 5213 4931
f 5214 5201 5213
f 5214 5202 5201
f 5216 5215 5205
f 5216 5205 5206
f 5217 5216 5206
f 5217 5206 5207
f 5219 4937 4936
f 5219 4936 5218
f 5211 4930 4939
f 5211 4939 5221
f 4939 4938 5220
f 4939 5220 5221
f 5222 5211 5221
f 5222 5212 5211
f 5223 4931 5213
f 5223 4940 4931
f 5226 5218 4936
f 5226 4936 4945
f 5225 5217 5218
f 5225 5218 5226
f 5219 4946 4937
f 5219 5227 4946
f 5226 5219 5218
f 5226 5227 5219
f 5220 4938 4947
f 5220 4947 5228
f 4948 5228 4947
f 4948 5229 5228
f 5228 5221 5220
f 5228 5229 5221
f 4949 5229 4948
f 4949 5230 5229
f 5230 5221 5229
f 5230 5222 5221
f 5231 4940 5223
f 5231 4950 4940
f 4951 4950 5231
f 4951 5231 5232
f 5231 5223 5224
f 5231 5224 5232
f 5233 5226 4945
f 5233 4945 4956
f 5227 4957 4946
f 5227 5234 4957
f 5233 5227 5226
f 5233 5234 5227
f 5238 5230 4949
f 5238 4949 4960
f 4960 4959 5237
f 4960 5237 5238
f 5238 5237 5229
f 5238 5229 5230
f 5239 4951 5232
f 5239 4962 4951
f 5242 5233 4956
f 5242 4956 4965
f 5243 4957 5234
f 5243 4966 4957
f 4966 5242 4965
f 4966 5243 5242
f 5242 5234 5233
f 5242 5243 5234
f 5243 5234 5235
f 5243 5235 5244
f 5245 4968 4967
f 5245 4967 5244
f 5246 5237 4959
f 5246 4959 4969
f 5246 4969 4968
f 5246 4968 5245
f 5246 5245 5236
f 5246 5236 5237
f 5247 4962 5239
f 5247 4971 4962
f 5247 5239 5240
f 5247 5240 5248
f 5248 5240 5241
f 5248 5241 5249
f 5253 5244 4967
f 5253 4967 4974
f 4974 4973 5252
f 4974 5252 5253
f 5254 4971 5247
f 5254 4976 4971
f 4977 4976 5254
f 4977 5254 5255
f 5254 5247 5248
f 5254 5248 5255
f 5255 5248 5249
f 5255 5249 5256
f 5260 5259 5250
f 5260 5250 5251
f 5252 4973 4980
f 5252 4980 5261
f 5255 4984 4977
f 5255 5263 4984
f 4985 4984 5263
f 4985 5263 5264
f 5263 5255 5256
f 5263 5256 5264
f 5265 5264 5256
f 5265 5256 5257
f 5266 5265 5257
f 5266 5257 5258
f 5267 5266 5258
f 5267 5258 5259
f 5268 4987 4986
f 5268 4986 5267
f 5269 5261 4980
f 5269 4980 4988
f 4988 4987 5268
f 4988 5268 5269
f 5269 5262 5261
f 5269 5270 5262
f 5272 4985 5264
f 5272 4997 4985
f 5271 5264 5263
f 5271 5272 5264
f 5273 5272 5264
f 5273 5264 5265
f 5275 5267 4986
f 5275 4986 5000
f 5275 5000 4999
f 5275 4999 5274
f 5275 5274 5266
f 5275 5266 5267
f 5276 5269 5268
f 5276 5277 5269
f 5278 5269 5277
f 5278 5270 5269
f 5279 4997 5272
f 5279 5010 4997
f 5279 5272 5273
f 5279 5273 5280
f 5281 5274 4999
f 5281 4999 5012
f 5281 5280 5273
f 5281 5273 5274
f 5283 5276 5282
f 5283 5277 5276
f 5284 5010 5279
f 5284 5018 5010
f 5285 5019 5018
f 5285 5018 5284
f 5284 5279 5280
f 5284 5280 5285
f 5281 5012 5020
f 5281 5020 5286
f 5020 5019 5285
f 5020 5285 5286
f 5286 5285 5280
f 5286 5280 5281
f 5038 5287 5037
f 5038 5288 5287
f 5289 5038 5039
f 5289 5288 5038
f 5287 5040 5037
f 5287 5290 5040
f 5291 5290 5287
f 5291 5287 5288
f 5289 5039 5041
f 5289 5041 5292
f 5292 5291 5288
f 5292 5288 5289
f 5294 5040 5290
f 5294 5044 5040
f 5294 5043 5044
f 5294 5293 5043
f 5292 5041 5045
f 5292 5045 5296
f 5295 5291 5292
f 5295 5292 5296
f 5297 5045 5046
f 5297 5296 5045
f 5299 5043 5293
f 5299 5050 5043
f 5299 5049 5050
f 5299 5298 5049
f 5297 5046 5052
f 5297 5052 5300
f 5301 5052 5053
f 5301 5300 5052
f 5304 5049 5298
f 5304 5056 5049
f 5301 5053 5058
f 5301 5058 5308
f 5309 5058 5059
f 5309 5308 5058
f 5312 5061 5062
f 5312 5311 5061
f 5313 5062 5063
f 5313 5312 5062
f 5313 5302 5312
f 5313 5303 5302
f 5314 5056 5304
f 5314 5064 5056
f 5314 5303 5313
f 5314 5304 5303
f 5315 5314 5304
f 5315 5304 5305
f 5318 5306 5307
f 5318 5307 5319
f 5320 5309 5059
f 5320 5059 5066
f 5320 5310 5309
f 5320 5321 5310
f 5323 5061 5311
f 5323 5068 5061
f 5313 5063 5070
f 5313 5070 5324
f 5325 5064 5314
f 5325 5071 5064
f 5071 5324 5070
f 5071 5325 5324
f 5324 5314 5313
f 5324 5325 5314
f 5072 5071 5325
f 5072 5325 5326
f 5327 5316 5317
f 5327 5317 5328
f 5074 5073 5329
f 5074 5329 5330
f 5075 5074 5330
f 5075 5330 5331
f 5332 5320 5066
f 5332 5066 5076
f 5332 5321 5320
f 5332 5333 5321
f 5333 5322 5321
f 5333 5334 5322
f 5335 5068 5323
f 5335 5078 5068
f 5325 5071 5080
f 5325 5080 5336
f 5326 5081 5072
f 5326 5337 5081
f 5081 5336 5080
f 5081 5337 5336
f 5336 5326 5325
f 5336 5337 5326
f 5329 5073 5083
f 5329 5083 5339
f 5339 5083 5082
f 5339 5082 5338
f 5084 5339 5083
f 5084 5340 5339
f 5340 5329 5339
f 5340 5330 5329
f 5331 5085 5075
f 5331 5341 5085
f 5085 5340 5084
f 5085 5341 5340
f 5341 5330 5340
f 5341 5331 5330
f 5342 5332 5076
f 5342 5076 5086
f 5087 5342 5086
f 5087 5343 5342
f 5342 5333 5332
f 5342 5343 5333
f 5335 5088 5078
f 5335 5344 5088
f 5338 5082 5089
f 5338 5089 5345
f 5339 5090 5083
f 5339 5346 5090
f 5346 5338 5345
f 5346 5339 5338
f 5091 5090 5346
f 5091 5346 5347
f 5349 5343 5087
f 5349 5087 5093
f 5344 5094 5088
f 5344 5350 5094
f 5096 5095 5352
f 5096 5352 5353
f 5345 5089 5097
f 5345 5097 5354
f 5355 5097 5098
f 5355 5354 5097
f 5354 5346 5345
f 5354 5355 5346
f 5356 5091 5347
f 5356 5099 5091
f 5356 5098 5099
f 5356 5355 5098
f 5355 5347 5346
f 5355 5356 5347
f 5358 5349 5093
f 5358 5093 5102
f 5358 5102 5101
f 5358 5101 5357
f 5358 5357 5348
f 5358 5348 5349
f 5359 5094 5350
f 5359 5103 5094
f 5359 5350 5351
f 5359 5351 5360
f 5352 5095 5104
f 5352 5104 5361
f 5353 5105 5096
f 5353 5362 5105
f 5362 5104 5105
f 5362 5361 5104
f 5362 5352 5361
f 5362 5353 5352
f 5108 5107 5363
f 5108 5363 5364
f 5357 5101 5109
f 5357 5109 5365
f 5365 5109 5108
f 5365 5108 5364
f 5366 5103 5359
f 5366 5110 5103
f 5111 5110 5366
f 5111 5366 5367
f 5366 5359 5360
f 5366 5360 5367
f 5368 5367 5360
f 5368 5360 5361
f 5368 5361 5362
f 5368 5362 5369
f 5363 5107 5112
f 5363 5112 5373
f 5374 5111 5367
f 5374 5116 5111
f 5117 5116 5374
f 5117 5374 5375
f 5374 5367 5368
f 5374 5368 5375
f 5376 5375 5368
f 5376 5368 5369
f 5376 5369 5370
f 5376 5370 5377
f 5377 5370 5371
f 5377 5371 5378
f 5378 5371 5372
f 5378 5372 5379
f 5380 5119 5118
f 5380 5118 5379
f 5373 5112 5120
f 5373 5120 5381
f 5120 5119 5380
f 5120 5380 5381
f 5383 5117 5375
f 5383 5125 5117
f 5384 5383 5375
f 5384 5375 5376
f 5385 5377 5378
f 5385 5378 5386
f 5387 5379 5118
f 5387 5118 5129
f 5129 5128 5386
f 5129 5386 5387
f 5386 5378 5379
f 5386 5379 5387
f 5387 5380 5379
f 5387 5388 5380
f 5389 5380 5388
f 5389 5381 5380
f 5135 5390 5134
f 5135 5391 5390
f 5383 5136 5125
f 5383 5393 5136
f 5393 5382 5392
f 5393 5383 5382
f 5394 5137 5136
f 5394 5136 5393
f 5393 5383 5384
f 5393 5384 5394
f 5395 5394 5384
f 5395 5384 5385
f 5396 5386 5128
f 5396 5128 5139
f 5396 5395 5385
f 5396 5385 5386
f 5397 5388 5387
f 5397 5398 5388
f 5399 5388 5398
f 5399 5389 5388
f 5400 5134 5390
f 5400 5142 5134
f 5391 5135 5143
f 5391 5143 5401
f 5143 5142 5400
f 5143 5400 5401
f 5400 5390 5391
f 5400 5391 5401
f 5394 5147 5137
f 5394 5402 5147
f 5402 5394 5395
f 5402 5395 5403
f 5396 5139 5149
f 5396 5149 5404
f 5149 5148 5403
f 5149 5403 5404
f 5404 5403 5395
f 5404 5395 5396
f 5405 5147 5402
f 5405 5153 5147
f 5406 5403 5148
f 5406 5148 5154
f 5154 5153 5405
f 5154 5405 5406
f 5406 5405 5402
f 5406 5402 5403
f 5408 5162 5163
f 5408 5407 5162
f 5409 5162 5407
f 5409 5166 5162
f 5410 5408 5163
f 5410 5163 5167
f 5410 5167 5166
f 5410 5166 5409
f 5409 5407 5408
f 5409 5408 5410
f 5414 5412 5411
f 5414 5415 5412
f 5415 5413 5412
f 5415 5416 5413
f 5417 5176 5177
f 5417 5416 5176
f 5180 5418 5179
f 5180 5419 5418
f 5420 5180 5181
f 5420 5419 5180
f 5420 5414 5419
f 5420 5415 5414
f 5416 5182 5176
f 5416 5421 5182
f 5421 5181 5182
f 5421 5420 5181
f 5421 5415 5420
f 5421 5416 5415
f 5417 5177 5183
f 5417 5183 5422
f 5184 5422 5183
f 5184 5423 5422
f 5426 5185 5186
f 5426 5425 5185
f 5427 5179 5418
f 5427 5187 5179
f 5429 5428 5419
f 5429 5419 5420
f 5430 5423 5184
f 5430 5184 5188
f 5189 5430 5188
f 5189 5431 5430
f 5430 5424 5423
f 5430 5431 5424
f 5433 5185 5425
f 5433 5191 5185
f 5191 5432 5190
f 5191 5433 5432
f 5426 5186 5192
f 5426 5192 5434
f 5433 5425 5426
f 5433 5426 5434
f 5427 5193 5187
f 5427 5435 5193
f 5193 5434 5192
f 5193 5435 5434
f 5437 5431 5189
f 5437 5189 5198
f 5438 5198 5199
f 5438 5437 5198
f 5200 5438 5199
f 5200 5439 5438
f 5441 5190 5432
f 5441 5202 5190
f 5202 5440 5201
f 5202 5441 5440
f 5442 5434 5435
f 5442 5435 5443
f 5444 5206 5205
f 5444 5205 5443
f 5445 5207 5206
f 5445 5206 5444
f 5449 5448 5436
f 5449 5436 5437
f 5450 5449 5437
f 5450 5437 5438
f 5451 5439 5200
f 5451 5200 5212
f 5450 5438 5439
f 5450 5439 5451
f 5440 5213 5201
f 5440 5452 5213
f 5453 5452 5440
f 5453 5440 5441
f 5454 5443 5205
f 5454 5205 5215
f 5216 5454 5215
f 5216 5455 5454
f 5454 5444 5443
f 5454 5455 5444
f 5445 5217 5207
f 5445 5456 5217
f 5217 5455 5216
f 5217 5456 5455
f 5455 5445 5444
f 5455 5456 5445
f 5457 5218 5217
f 5457 5217 5456
f 5457 5456 5445
f 5457 5445 5446
f 5459 5458 5447
f 5459 5447 5448
f 5461 5460 5449
f 5461 5449 5450
f 5451 5212 5222
f 5451 5222 5462
f 5462 5461 5450
f 5462 5450 5451
f 5452 5223 5213
f 5452 5463 5223
f 5224 5223 5463
f 5224 5463 5464
f 5456 5217 5225
f 5456 5225 5466
f 5467 5218 5457
f 5467 5226 5218
f 5467 5225 5226
f 5467 5466 5225
f 5467 5456 5466
f 5467 5457 5456
f 5468 5458 5459
f 5468 5459 5469
f 5470 5469 5459
f 5470 5459 5460
f 5472 5462 5222
f 5472 5222 5230
f 5472 5230 5229
f 5472 5229 5471
f 5472 5471 5461
f 5472 5461 5462
f 5464 5232 5224
f 5464 5474 5232
f 5473 5464 5463
f 5473 5474 5464
f 5476 5475 5465
f 5476 5465 5466
f 5235 5234 5477
f 5235 5477 5478
f 5471 5229 5237
f 5471 5237 5480
f 5480 5237 5236
f 5480 5236 5479
f 5481 5232 5474
f 5481 5239 5232
f 5240 5239 5481
f 5240 5481 5482
f 5483 5241 5240
f 5483 5240 5482
f 5477 5234 5243
f 5477 5243 5484
f 5485 5235 5478
f 5485 5244 5235
f 5244 5484 5243
f 5244 5485 5484
f 5486 5479 5236
f 5486 5236 5245
f 5245 5244 5485
f 5245 5485 5486
f 5486 5485 5478
f 5486 5478 5479
f 5487 5479 5486
f 5487 5480 5479
f 5483 5249 5241
f 5483 5489 5249
f 5488 5483 5482
f 5488 5489 5483
f 5251 5250 5490
f 5251 5490 5491
f 5493 5485 5244
f 5493 5244 5253
f 5493 5253 5252
f 5493 5252 5492
f 5493 5492 5484
f 5493 5484 5485
f 5489 5256 5249
f 5489 5495 5256
f 5494 5489 5488
f 5494 5495 5489
f 5496 5257 5256
f 5496 5256 5495
f 5258 5257 5496
f 5258 5496 5497
f 5498 5490 5250
f 5498 5250 5259
f 5498 5259 5258
f 5498 5258 5497
f 5491 5260 5251
f 5491 5499 5260
f 5260 5498 5259
f 5260 5499 5498
f 5500 5492 5252
f 5500 5252 5261
f 5500 5499 5491
f 5500 5491 5492
f 5501 5261 5262
f 5501 5500 5261
f 5504 5263 5264
f 5504 5503 5263
f 5504 5494 5503
f 5504 5495 5494
f 5504 5496 5495
f 5504 5505 5496
f 5266 5505 5265
f 5266 5506 5505
f 5505 5497 5496
f 5505 5506 5497
f 5507 5259 5498
f 5507 5267 5259
f 5507 5497 5506
f 5507 5498 5497
f 5508 5268 5267
f 5508 5267 5507
f 5507 5498 5499
f 5507 5499 5508
f 5501 5262 5270
f 5501 5270 5510
f 5509 5500 5501
f 5509 5501 5510
f 5503 5271 5263
f 5503 5512 5271
f 5512 5502 5511
f 5512 5503 5502
f 5504 5264 5272
f 5504 5272 5513
f 5513 5272 5271
f 5513 5271 5512
f 5514 5265 5505
f 5514 5273 5265
f 5514 5504 5513
f 5514 5505 5504
f 5515 5506 5266
f 5515 5266 5274
f 5515 5274 5273
f 5515 5273 5514
f 5508 5276 5268
f 5508 5516 5276
f 5510 5270 5278
f 5510 5278 5518
f 5278 5277 5517
f 5278 5517 5518
f 5520 5511 5519
f 5520 5512 5511
f 5521 5512 5520
f 5521 5513 5512
f 5522 5276 5516
f 5522 5282 5276
f 5523 5517 5277
f 5523 5277 5283
f 5283 5282 5522
f 5283 5522 5523
f 5523 5522 5516
f 5523 5516 5517
f 5291 5524 5290
f 5291 5525 5524
f 5524 5294 5290
f 5524 5528 5294
f 5294 5527 5293
f 5294 5528 5527
f 5529 5525 5291
f 5529 5291 5295
f 5296 5529 5295
f 5296 5530 5529
f 5529 5526 5525
f 5529 5530 5526
f 5297 5530 5296
f 5297 5531 5530
f 5527 5299 5293
f 5527 5534 5299
f 5534 5298 5299
f 5534 5533 5298
f 5535 5534 5527
f 5535 5527 5528
f 5536 5531 5297
f 5536 5297 5300
f 5301 5536 5300
f 5301 5537 5536
f 5536 5532 5531
f 5536 5537 5532
f 5540 5302 5303
f 5540 5539 5302
f 5533 5304 5298
f 5533 5541 5304
f 5541 5303 5304
f 5541 5540 5303
f 5305 5304 5541
f 5305 5541 5542
f 5543 5542 5534
f 5543 5534 5535
f 5307 5306 5544
f 5307 5544 5545
f 5546 5537 5301
f 5546 5301 5308
f 5309 5546 5308
f 5309 5547 5546
f 5546 5538 5537
f 5546 5547 5538
f 5548 5309 5310
f 5548 5547 5309
f 5550 5302 5539
f 5550 5312 5302
f 5312 5549 5311
f 5312 5550 5549
f 5552 5541 5304
f 5552 5304 5314
f 5552 5551 5540
f 5552 5540 5541
f 5553 5305 5542
f 5553 5315 5305
f 5553 5314 5315
f 5553 5552 5314
f 5553 5541 5552
f 5553 5542 5541
f 5317 5316 5554
f 5317 5554 5555
f 5544 5306 5318
f 5544 5318 5556
f 5545 5319 5307
f 5545 5557 5319
f 5319 5556 5318
f 5319 5557 5556
f 5556 5545 5544
f 5556 5557 5545
f 5560 5548 5310
f 5560 5310 5321
f 5559 5547 5548
f 5559 5548 5560
f 5322 5560 5321
f 5322 5561 5560
f 5549 5323 5311
f 5549 5562 5323
f 5563 5562 5549
f 5563 5549 5550
f 5565 5564 5551
f 5565 5551 5552
f 5554 5316 5327
f 5554 5327 5566
f 5555 5328 5317
f 5555 5567 5328
f 5328 5566 5327
f 5328 5567 5566
f 5566 5555 5554
f 5566 5567 5555
f 5568 5556 5557
f 5568 5557 5569
f 5569 5557 5558
f 5569 5558 5570
f 5572 5571 5559
f 5572 5559 5560
f 5561 5322 5334
f 5561 5334 5573
f 5334 5333 5572
f 5334 5572 5573
f 5572 5560 5561
f 5572 5561 5573
f 5574 5323 5562
f 5574 5335 5323
f 5577 5576 5569
f 5577 5569 5570
f 5578 5577 5570
f 5578 5570 5571
f 5572 5333 5343
f 5572 5343 5579
f 5579 5578 5571
f 5579 5571 5572
f 5574 5344 5335
f 5574 5580 5344
f 5581 5575 5576
f 5581 5576 5582
f 5579 5343 5349
f 5579 5349 5585
f 5585 5349 5348
f 5585 5348 5584
f 5586 5344 5580
f 5586 5350 5344
f 5351 5350 5586
f 5351 5586 5587
f 5591 5582 5583
f 5591 5583 5592
f 5593 5584 5348
f 5593 5348 5357
f 5594 5584 5593
f 5594 5585 5584
f 5595 5351 5587
f 5595 5360 5351
f 5361 5360 5595
f 5361 5595 5596
f 5597 5362 5361
f 5597 5361 5596
f 5598 5588 5589
f 5598 5589 5599
f 5601 5600 5590
f 5601 5590 5591
f 5602 5364 5363
f 5602 5363 5601
f 5602 5601 5591
f 5602 5591 5592
f 5603 5593 5357
f 5603 5357 5365
f 5603 5365 5364
f 5603 5364 5602
f 5603 5602 5592
f 5603 5592 5593
f 5597 5369 5362
f 5597 5605 5369
f 5604 5597 5596
f 5604 5605 5597
f 5370 5369 5605
f 5370 5605 5606
f 5371 5370 5606
f 5371 5606 5607
f 5372 5371 5607
f 5372 5607 5608
f 5609 5608 5599
f 5609 5599 5600
f 5610 5601 5363
f 5610 5363 5373
f 5610 5609 5600
f 5610 5600 5601
f 5613 5604 5612
f 5613 5605 5604
f 5377 5613 5376
f 5377 5614 5613
f 5613 5606 5605
f 5613 5614 5606
f 5614 5607 5606
f 5614 5615 5607
f 5616 5372 5608
f 5616 5379 5372
f 5616 5607 5615
f 5616 5608 5607
f 5616 5608 5609
f 5616 5609 5617
f 5610 5373 5381
f 5610 5381 5618
f 5618 5617 5609
f 5618 5609 5610
f 5620 5382 5383
f 5620 5619 5382
f 5620 5611 5619
f 5620 5612 5611
f 5613 5384 5376
f 5613 5621 5384
f 5621 5612 5620
f 5621 5613 5612
f 5622 5614 5377
f 5622 5377 5385
f 5385 5384 5621
f 5385 5621 5622
f 5623 5614 5622
f 5623 5615 5614
f 5624 5379 5616
f 5624 5387 5379
f 5624 5616 5617
f 5624 5617 5625
f 5618 5381 5389
f 5618 5389 5626
f 5619 5392 5382
f 5619 5627 5392
f 5620 5383 5393
f 5620 5393 5628
f 5628 5393 5392
f 5628 5392 5627
f 5629 5620 5628
f 5629 5621 5620
f 5624 5397 5387
f 5624 5630 5397
f 5398 5397 5630
f 5398 5630 5631
f 5631 5630 5624
f 5631 5624 5625
f 5632 5626 5389
f 5632 5389 5399
f 5632 5399 5398
f 5632 5398 5631
f 5632 5631 5625
f 5632 5625 5626
f 5634 5627 5633
f 5634 5628 5627
f 5412 5635 5411
f 5412 5636 5635
f 5413 5636 5412
f 5413 5637 5636
f 5635 5414 5411
f 5635 5638 5414
f 5638 5635 5636
f 5638 5636 5639
f 5640 5637 5413
f 5640 5413 5416
f 5639 5636 5637
f 5639 5637 5640
f 5641 5416 5417
f 5641 5640 5416
f 5638 5419 5414
f 5638 5644 5419
f 5644 5418 5419
f 5644 5643 5418
f 5645 5420 5419
f 5645 5419 5644
f 5645 5644 5638
f 5645 5638 5639
f 5641 5417 5422
f 5641 5422 5647
f 5646 5640 5641
f 5646 5641 5647
f 5648 5422 5423
f 5648 5647 5422
f 5424 5648 5423
f 5424 5649 5648
f 5651 5418 5643
f 5651 5427 5418
f 5651 5642 5650
f 5651 5643 5642
f 5644 5419 5428
f 5644 5428 5652
f 5645 5429 5420
f 5645 5653 5429
f 5429 5652 5428
f 5429 5653 5652
f 5654 5649 5424
f 5654 5424 5431
f 5656 5432 5433
f 5656 5655 5432
f 5434 5656 5433
f 5434 5657 5656
f 5651 5435 5427
f 5651 5658 5435
f 5658 5650 5657
f 5658 5651 5650
f 5659 5652 5653
f 5659 5653 5660
f 5663 5654 5431
f 5663 5431 5437
f 5663 5437 5436
f 5663 5436 5662
f 5664 5432 5655
f 5664 5441 5432
f 5665 5664 5655
f 5665 5655 5656
f 5657 5434 5442
f 5657 5442 5666
f 5666 5665 5656
f 5666 5656 5657
f 5658 5443 5435
f 5658 5667 5443
f 5667 5442 5443
f 5667 5666 5442
f 5446 5445 5669
f 5446 5669 5670
f 5672 5662 5436
f 5672 5436 5448
f 5672 5448 5447
f 5672 5447 5671
f 5671 5661 5662
f 5671 5662 5672
f 5673 5448 5449
f 5673 5672 5448
f 5664 5453 5441
f 5664 5675 5453
f 5453 5674 5452
f 5453 5675 5674
f 5676 5675 5664
f 5676 5664 5665
f 5677 5676 5665
f 5677 5665 5666
f 5678 5667 5668
f 5678 5668 5679
f 5680 5669 5445
f 5680 5445 5456
f 5681 5446 5670
f 5681 5457 5446
f 5457 5680 5456
f 5457 5681 5680
f 5680 5670 5669
f 5680 5681 5670
f 5682 5671 5447
f 5682 5447 5458
f 5683 5448 5672
f 5683 5459 5448
f 5673 5449 5460
f 5673 5460 5684
f 5460 5459 5683
f 5460 5683 5684
f 5683 5672 5673
f 5683 5673 5684
f 5685 5460 5461
f 5685 5684 5460
f 5674 5463 5452
f 5674 5686 5463
f 5687 5686 5674
f 5687 5674 5675
f 5689 5466 5465
f 5689 5465 5688
f 5682 5458 5468
f 5682 5468 5690
f 5691 5468 5469
f 5691 5690 5468
f 5684 5470 5460
f 5684 5692 5470
f 5470 5691 5469
f 5470 5692 5691
f 5685 5461 5471
f 5685 5471 5693
f 5692 5684 5685
f 5692 5685 5693
f 5686 5473 5463
f 5686 5694 5473
f 5474 5473 5694
f 5474 5694 5695
f 5694 5686 5687
f 5694 5687 5695
f 5688 5465 5475
f 5688 5475 5697
f 5689 5476 5466
f 5689 5698 5476
f 5698 5475 5476
f 5698 5697 5475
f 5698 5688 5697
f 5698 5689 5688
f 5478 5477 5699
f 5478 5699 5700
f 5700 5699 5690
f 5700 5690 5691
f 5701 5479 5478
f 5701 5478 5700
f 5693 5471 5480
f 5693 5480 5702
f 5703 5474 5695
f 5703 5481 5474
f 5704 5482 5481
f 5704 5481 5703
f 5703 5695 5696
f 5703 5696 5704
f 5705 5697 5698
f 5705 5698 5706
f 5708 5699 5477
f 5708 5477 5484
f 5709 5479 5701
f 5709 5486 5479
f 5702 5480 5487
f 5702 5487 5710
f 5487 5486 5709
f 5487 5709 5710
f 5711 5482 5704
f 5711 5488 5482
f 5713 5491 5490
f 5713 5490 5712
f 5712 5706 5707
f 5712 5707 5713
f 5714 5708 5484
f 5714 5484 5492
f 5714 5492 5491
f 5714 5491 5713
f 5714 5713 5707
f 5714 5707 5708
f 5711 5494 5488
f 5711 5715 5494
f 5717 5712 5490
f 5717 5490 5498
f 5500 5718 5499
f 5500 5719 5718
f 5721 5494 5715
f 5721 5503 5494
f 5721 5502 5503
f 5721 5720 5502
f 5721 5715 5716
f 5721 5716 5722
f 5717 5498 5507
f 5717 5507 5725
f 5507 5506 5724
f 5507 5724 5725
f 5718 5508 5499
f 5718 5726 5508
f 5719 5500 5509
f 5719 5509 5727
f 5726 5718 5719
f 5726 5719 5727
f 5728 5509 5510
f 5728 5727 5509
f 5729 5502 5720
f 5729 5511 5502
f 5730 5729 5720
f 5730 5720 5721
f 5731 5730 5721
f 5731 5721 5722
f 5514 5513 5731
f 5514 5731 5732
f 5731 5722 5723
f 5731 5723 5732
f 5724 5506 5515
f 5724 5515 5733
f 5515 5514 5732
f 5515 5732 5733
f 5734 5724 5733
f 5734 5725 5724
f 5735 5508 5726
f 5735 5516 5508
f 5517 5516 5735
f 5517 5735 5736
f 5735 5726 5727
f 5735 5727 5736
f 5728 5510 5518
f 5728 5518 5737
f 5518 5517 5736
f 5518 5736 5737
f 5736 5727 5728
f 5736 5728 5737
f 5729 5519 5511
f 5729 5738 5519
f 5739 5520 5519
f 5739 5519 5738
f 5739 5738 5729
f 5739 5729 5730
f 5731 5513 5521
f 5731 5521 5740
f 5521 5520 5739
f 5521 5739 5740
f 5740 5739 5730
f 5740 5730 5731
f 5741 5733 5732
f 5741 5742 5733
f 5742 5734 5733
f 5742 5743 5734
f 5525 5744 5524
f 5525 5745 5744
f 5526 5745 5525
f 5526 5746 5745
f 5749 5524 5744
f 5749 5528 5524
f 5750 5746 5526
f 5750 5526 5530
f 5531 5750 5530
f 5531 5751 5750
f 5532 5751 5531
f 5532 5752 5751
f 5754 5533 5534
f 5754 5753 5533
f 5753 5748 5747
f 5753 5754 5748
f 5749 5535 5528
f 5749 5755 5535
f 5758 5752 5532
f 5758 5532 5537
f 5759 5537 5538
f 5759 5758 5537
f 5761 5539 5540
f 5761 5760 5539
f 5762 5533 5753
f 5762 5541 5533
f 5763 5754 5534
f 5763 5534 5542
f 5764 5535 5755
f 5764 5543 5535
f 5543 5763 5542
f 5543 5764 5763
f 5763 5755 5754
f 5763 5764 5755
f 5765 5756 5757
f 5765 5757 5766
f 5768 5759 5538
f 5768 5538 5547
f 5767 5758 5759
f 5767 5759 5768
f 5769 5539 5760
f 5769 5550 5539
f 5761 5540 5551
f 5761 5551 5770
f 5769 5760 5761
f 5769 5761 5770
f 5762 5552 5541
f 5762 5771 5552
f 5557 5556 5772
f 5557 5772 5773
f 5558 5557 5773
f 5558 5773 5774
f 5773 5766 5767
f 5773 5767 5774
f 5775 5768 5547
f 5775 5547 5559
f 5774 5767 5768
f 5774 5768 5775
f 5769 5563 5550
f 5769 5777 5563
f 5563 5776 5562
f 5563 5777 5776
f 5770 5551 5564
f 5770 5564 5778
f 5778 5777 5769
f 5778 5769 5770
f 5771 5565 5552
f 5771 5779 5565
f 5779 5564 5565
f 5779 5778 5564
f 5779 5770 5778
f 5779 5771 5770
f 5772 5556 5568
f 5772 5568 5780
f 5781 5568 5569
f 5781 5780 5568
f 5781 5772 5780
f 5781 5773 5772
f 5782 5558 5774
f 5782 5570 5558
f 5783 5775 5559
f 5783 5559 5571
f 5571 5570 5782
f 5571 5782 5783
f 5782 5774 5775
f 5782 5775 5783
f 5776 5574 5562
f 5776 5784 5574
f 5785 5784 5776
f 5785 5776 5777
f 5786 5785 5777
f 5786 5777 5778
f 5788 5781 5569
f 5788 5569 5576
f 5788 5576 5575
f 5788 5575 5787
f 5789 5576 5577
f 5789 5788 5576
f 5578 5789 5577
f 5578 5790 5789
f 5791 5578 5579
f 5791 5790 5578
f 5784 5580 5574
f 5784 5792 5580
f 5787 5575 5581
f 5787 5581 5793
f 5794 5576 5788
f 5794 5582 5576
f 5794 5581 5582
f 5794 5793 5581
f 5583 5582 5794
f 5583 5794 5795
f 5794 5788 5789
f 5794 5789 5795
f 5791 5579 5585
f 5791 5585 5797
f 5796 5790 5791
f 5796 5791 5797
f 5798 5580 5792
f 5798 5586 5580
f 5799 5587 5586
f 5799 5586 5798
f 5803 5589 5588
f 5803 5588 5802
f 5805 5794 5582
f 5805 5582 5591
f 5805 5591 5590
f 5805 5590 5804
f 5805 5804 5793
f 5805 5793 5794
f 5806 5583 5795
f 5806 5592 5583
f 5593 5592 5806
f 5593 5806 5807
f 5797 5585 5594
f 5797 5594 5808
f 5594 5593 5807
f 5594 5807 5808
f 5808 5807 5796
f 5808 5796 5797
f 5799 5595 5587
f 5799 5809 5595
f 5810 5596 5595
f 5810 5595 5809
f 5811 5800 5801
f 5811 5801 5812
f 5813 5802 5588
f 5813 5588 5598
f 5814 5589 5803
f 5814 5599 5589
f 5814 5598 5599
f 5814 5813 5598
f 5815 5804 5590
f 5815 5590 5600
f 5815 5600 5599
f 5815 5599 5814
f 5810 5604 5596
f 5810 5817 5604
f 5816 5810 5809
f 5816 5817 5810
f 5818 5814 5599
f 5818 5599 5608
f 5817 5612 5604
f 5817 5820 5612
f 5612 5819 5611
f 5612 5820 5819
f 5824 5818 5608
f 5824 5608 5616
f 5824 5616 5615
f 5824 5615 5823
f 5826 5617 5618
f 5826 5825 5617
f 5827 5611 5819
f 5827 5619 5611
f 5828 5827 5819
f 5828 5819 5820
f 5828 5820 5821
f 5828 5821 5829
f 5830 5622 5621
f 5830 5621 5829
f 5829 5821 5822
f 5829 5822 5830
f 5823 5615 5623
f 5823 5623 5831
f 5623 5622 5830
f 5623 5830 5831
f 5832 5617 5825
f 5832 5625 5617
f 5833 5826 5618
f 5833 5618 5626
f 5833 5626 5625
f 5833 5625 5832
f 5832 5825 5826
f 5832 5826 5833
f 5827 5627 5619
f 5827 5834 5627
f 5835 5834 5827
f 5835 5827 5828
f 5829 5621 5629
f 5829 5629 5836
f 5629 5628 5835
f 5629 5835 5836
f 5836 5835 5828
f 5836 5828 5829
f 5837 5831 5830
f 5837 5838 5831
f 5834 5633 5627
f 5834 5839 5633
f 5835 5628 5634
f 5835 5634 5840
f 5634 5633 5839
f 5634 5839 5840
f 5840 5839 5834
f 5840 5834 5835
f 5842 5837 5841
f 5842 5838 5837
f 5844 5639 5640
f 5844 5843 5639
f 5846 5642 5643
f 5846 5845 5642
f 5847 5643 5644
f 5847 5846 5643
f 5843 5645 5639
f 5843 5848 5645
f 5844 5640 5646
f 5844 5646 5849
f 5848 5843 5844
f 5848 5844 5849
f 5850 5646 5647
f 5850 5849 5646
f 5648 5850 5647
f 5648 5851 5850
f 5852 5648 5649
f 5852 5851 5648
f 5853 5642 5845
f 5853 5650 5642
f 5853 5845 5846
f 5853 5846 5854
f 5847 5644 5652
f 5847 5652 5855
f 5854 5846 5847
f 5854 5847 5855
f 5848 5653 5645
f 5848 5856 5653
f 5858 5857 5849
f 5858 5849 5850
f 5858 5850 5851
f 5858 5851 5859
f 5860 5852 5649
f 5860 5649 5654
f 5859 5851 5852
f 5859 5852 5860
f 5861 5650 5853
f 5861 5657 5650
f 5658 5657 5861
f 5658 5861 5862
f 5861 5853 5854
f 5861 5854 5862
f 5855 5652 5659
f 5855 5659 5863
f 5856 5660 5653
f 5856 5864 5660
f 5660 5863 5659
f 5660 5864 5863
f 5863 5856 5855
f 5863 5864 5856
f 5864 5856 5857
f 5864 5857 5865
f 5865 5857 5858
f 5865 5858 5866
f 5867 5662 5661
f 5867 5661 5866
f 5867 5866 5858
f 5867 5858 5859
f 5868 5860 5654
f 5868 5654 5663
f 5663 5662 5867
f 5663 5867 5868
f 5868 5867 5859
f 5868 5859 5860
f 5862 5667 5658
f 5862 5870 5667
f 5667 5869 5666
f 5667 5870 5869
f 5668 5667 5870
f 5668 5870 5871
f 5873 5866 5661
f 5873 5661 5671
f 5872 5865 5866
f 5872 5866 5873
f 5676 5874 5675
f 5676 5875 5874
f 5869 5677 5666
f 5869 5876 5677
f 5677 5875 5676
f 5677 5876 5875
f 5870 5667 5678
f 5870 5678 5877
f 5877 5876 5869
f 5877 5869 5870
f 5871 5679 5668
f 5871 5878 5679
f 5878 5678 5679
f 5878 5877 5678
f 5877 5871 5870
f 5877 5878 5871
f 5873 5671 5682
f 5873 5682 5881
f 5874 5687 5675
f 5874 5882 5687
f 5882 5874 5875
f 5882 5875 5883
f 5885 5877 5878
f 5885 5878 5886
f 5886 5878 5879
f 5886 5879 5887
f 5888 5887 5879
f 5888 5879 5880
f 5889 5881 5682
f 5889 5682 5690
f 5889 5888 5880
f 5889 5880 5881
f 5692 5890 5691
f 5692 5891 5890
f 5693 5891 5692
f 5693 5892 5891
f 5893 5687 5882
f 5893 5695 5687
f 5696 5695 5893
f 5696 5893 5894
f 5893 5882 5883
f 5893 5883 5894
f 5894 5883 5884
f 5894 5884 5895
f 5698 5697 5896
f 5698 5896 5897
f 5898 5897 5887
f 5898 5887 5888
f 5889 5690 5699
f 5889 5699 5899
f 5899 5898 5888
f 5899 5888 5889
f 5890 5700 5691
f 5890 5900 5700
f 5701 5700 5900
f 5701 5900 5901
f 5900 5890 5891
f 5900 5891 5901
f 5892 5693 5702
f 5892 5702 5902
f 5901 5891 5892
f 5901 5892 5902
f 5903 5696 5894
f 5903 5704 5696
f 5903 5894 5895
f 5903 5895 5904
f 5896 5697 5705
f 5896 5705 5906
f 5897 5706 5698
f 5897 5907 5706
f 5907 5705 5706
f 5907 5906 5705
f 5907 5896 5906
f 5907 5897 5896
f 5908 5707 5706
f 5908 5706 5907
f 5909 5899 5699
f 5909 5699 5708
f 5909 5708 5707
f 5909 5707 5908
f 5909 5908 5898
f 5909 5898 5899
f 5910 5701 5901
f 5910 5709 5701
f 5911 5902 5702
f 5911 5702 5710
f 5710 5709 5910
f 5710 5910 5911
f 5910 5901 5902
f 5910 5902 5911
f 5903 5711 5704
f 5903 5912 5711
f 5912 5903 5904
f 5912 5904 5913
f 5913 5904 5905
f 5913 5905 5914
f 5915 5914 5905
f 5915 5905 5906
f 5916 5907 5706
f 5916 5706 5712
f 5917 5711 5912
f 5917 5715 5711
f 5716 5715 5917
f 5716 5917 5918
f 5917 5912 5913
f 5917 5913 5918
f 5919 5914 5915
f 5919 5915 5920
f 5916 5712 5717
f 5916 5717 5921
f 5922 5716 5918
f 5922 5722 5716
f 5723 5722 5922
f 5723 5922 5923
f 5922 5918 5919
f 5922 5919 5923
f 5924 5923 5919
f 5924 5919 5920
f 5925 5921 5717
f 5925 5717 5725
f 5924 5920 5921
f 5924 5921 5925
f 5926 5723 5923
f 5926 5732 5723
f 5926 5923 5924
f 5926 5924 5927
f 5925 5725 5734
f 5925 5734 5928
f 5928 5927 5924
f 5928 5924 5925
f 5926 5741 5732
f 5926 5929 5741
f 5742 5741 5929
f 5742 5929 5930
f 5929 5926 5927
f 5929 5927 5930
f 5928 5734 5743
f 5928 5743 5931
f 5931 5743 5742
f 5931 5742 5930
f 5932 5931 5930
f 5932 5933 5931
f 5745 5934 5744
f 5745 5935 5934
f 5936 5745 5746
f 5936 5935 5745
f 5748 5937 5747
f 5748 5938 5937
f 5934 5749 5744
f 5934 5939 5749
f 5940 5939 5934
f 5940 5934 5935
f 5936 5746 5750
f 5936 5750 5941
f 5940 5935 5936
f 5940 5936 5941
f 5942 5750 5751
f 5942 5941 5750
f 5943 5751 5752
f 5943 5942 5751
f 5944 5747 5937
f 5944 5753 5747
f 5945 5938 5748
f 5945 5748 5754
f 5944 5937 5938
f 5944 5938 5945
f 5939 5755 5749
f 5939 5946 5755
f 5755 5945 5754
f 5755 5946 5945
f 5947 5946 5939
f 5947 5939 5940
f 5947 5940 5941
f 5947 5941 5948
f 5949 5757 5756
f 5949 5756 5948
f 5948 5941 5942
f 5948 5942 5949
f 5950 5943 5752
f 5950 5752 5758
f 5949 5942 5943
f 5949 5943 5950
f 5944 5762 5753
f 5944 5951 5762
f 5952 5951 5944
f 5952 5944 5945
f 5953 5952 5945
f 5953 5945 5946
f 5948 5756 5765
f 5948 5765 5954
f 5955 5757 5949
f 5955 5766 5757
f 5955 5765 5766
f 5955 5954 5765
f 5956 5950 5758
f 5956 5758 5767
f 5956 5767 5766
f 5956 5766 5955
f 5956 5955 5949
f 5956 5949 5950
f 5958 5762 5951
f 5958 5771 5762
f 5771 5957 5770
f 5771 5958 5957
f 5960 5955 5766
f 5960 5766 5773
f 5960 5959 5954
f 5960 5954 5955
f 5957 5778 5770
f 5957 5961 5778
f 5962 5961 5957
f 5962 5957 5958
f 5960 5773 5781
f 5960 5781 5967
f 5966 5959 5960
f 5966 5960 5967
f 5785 5968 5784
f 5785 5969 5968
f 5961 5786 5778
f 5961 5970 5786
f 5786 5969 5785
f 5786 5970 5969
f 5970 5961 5962
f 5970 5962 5971
f 5973 5972 5963
f 5973 5963 5964
f 5973 5964 5965
f 5973 5965 5974
f 5976 5967 5781
f 5976 5781 5788
f 5976 5788 5787
f 5976 5787 5975
f 5976 5975 5966
f 5976 5966 5967
f 5790 5977 5789
f 5790 5978 5977
f 5968 5792 5784
f 5968 5979 5792
f 5980 5979 5968
f 5980 5968 5969
f 5981 5980 5969
f 5981 5969 5970
f 5982 5971 5972
f 5982 5972 5983
f 5984 5973 5974
f 5984 5974 5985
f 5986 5975 5787
f 5986 5787 5793
f 5986 5985 5974
f 5986 5974 5975
f 5977 5795 5789
f 5977 5987 5795
f 5978 5790 5796
f 5978 5796 5988
f 5987 5977 5978
f 5987 5978 5988
f 5989 5792 5979
f 5989 5798 5792
f 5799 5798 5989
f 5799 5989 5990
f 5989 5979 5980
f 5989 5980 5990
f 5990 5980 5981
f 5990 5981 5991
f 5993 5801 5800
f 5993 5800 5992
f 5803 5802 5994
f 5803 5994 5995
f 5995 5994 5984
f 5995 5984 5985
f 5986 5793 5804
f 5986 5804 5996
f 5987 5806 5795
f 5987 5997 5806
f 5998 5988 5796
f 5998 5796 5807
f 5998 5807 5806
f 5998 5806 5997
f 5997 5987 5988
f 5997 5988 5998
f 5999 5799 5990
f 5999 5809 5799
f 5999 5990 5991
f 5999 5991 6000
f 5992 5800 5811
f 5992 5811 6001
f 6000 5991 5992
f 6000 5992 6001
f 5993 5812 5801
f 5993 6002 5812
f 5812 6001 5811
f 5812 6002 6001
f 6003 5994 5802
f 6003 5802 5813
f 6003 6002 5993
f 6003 5993 5994
f 6004 5803 5995
f 6004 5814 5803
f 6004 5813 5814
f 6004 6003 5813
f 6005 5996 5804
f 6005 5804 5815
f 6005 5815 5814
f 6005 5814 6004
f 6005 6004 5995
f 6005 5995 5996
f 5999 5816 5809
f 5999 6006 5816
f 5817 5816 6006
f 5817 6006 6007
f 6006 5999 6000
f 6006 6000 6007
f 6007 6000 6001
f 6007 6001 6008
f 6009 6008 6001
f 6009 6001 6002
f 6011 6004 5814
f 6011 5814 5818
f 6011 6010 6003
f 6011 6003 6004
f 6012 5817 6007
f 6012 5820 5817
f 5821 5820 6012
f 5821 6012 6013
f 6012 6007 6008
f 6012 6008 6013
f 5822 5821 6013
f 5822 6013 6014
f 6013 6008 6009
f 6013 6009 6014
f 6014 6009 6010
f 6014 6010 6015
f 6016 6011 5818
f 6016 5818 5824
f 6016 5824 5823
f 6016 5823 6015
f 6016 6015 6010
f 6016 6010 6011
f 6017 5822 6014
f 6017 5830 5822
f 6018 6015 5823
f 6018 5823 5831
f 6017 6014 6015
f 6017 6015 6018
f 6017 5837 5830
f 6017 6019 5837
f 6018 5831 5838
f 6018 5838 6020
f 6019 5841 5837
f 6019 6022 5841
f 6020 5838 5842
f 6020 5842 6023
f 5842 5841 6022
f 5842 6022 6023
f 6024 6020 6023
f 6024 6021 6020
f 6026 5848 5849
f 6026 6025 5848
f 5855 6027 5854
f 5855 6028 6027
f 6025 5856 5848
f 6025 6029 5856
f 5856 6028 5855
f 5856 6029 6028
f 6026 5849 5857
f 6026 5857 6030
f 6030 5857 5856
f 6030 5856 6029
f 6030 6029 6025
f 6030 6025 6026
f 6027 5862 5854
f 6027 6031 5862
f 6032 6031 6027
f 6032 6027 6028
f 6029 5856 5864
f 6029 5864 6033
f 6033 6032 6028
f 6033 6028 6029
f 6034 5864 5865
f 6034 6033 5864
f 6035 5862 6031
f 6035 5870 5862
f 6036 6035 6031
f 6036 6031 6032
f 6037 6036 6032
f 6037 6032 6033
f 6034 5865 5872
f 6034 5872 6038
f 6037 6033 6034
f 6037 6034 6038
f 6039 5872 5873
f 6039 6038 5872
f 5876 6040 5875
f 5876 6041 6040
f 6035 5877 5870
f 6035 6042 5877
f 6042 5876 5877
f 6042 6041 5876
f 6043 5878 5877
f 6043 5877 6042
f 6043 6042 6035
f 6043 6035 6036
f 5879 5878 6043
f 5879 6043 6044
f 6044 6043 6036
f 6044 6036 6037
f 5880 5879 6044
f 5880 6044 6045
f 6044 6037 6038
f 6044 6038 6045
f 6046 6039 5873
f 6046 5873 5881
f 6046 5881 5880
f 6046 5880 6045
f 6045 6038 6039
f 6045 6039 6046
f 6040 5883 5875
f 6040 6047 5883
f 5884 5883 6047
f 5884 6047 6048
f 6047 6040 6041
f 6047 6041 6048
f 6042 5877 5885
f 6042 5885 6049
f 6049 6048 6041
f 6049 6041 6042
f 6050 5885 5886
f 6050 6049 5885
f 6051 5886 5887
f 6051 6050 5886
f 6052 5884 6048
f 6052 5895 5884
f 6052 6048 6049
f 6052 6049 6053
f 6055 6051 5887
f 6055 5887 5897
f 6056 5897 5898
f 6056 6055 5897
f 6057 5895 6052
f 6057 5904 5895
f 5905 5904 6057
f 5905 6057 6058
f 6057 6052 6053
f 6057 6053 6058
f 6059 5906 5905
f 6059 5905 6058
f 6058 6053 6054
f 6058 6054 6059
f 6056 5898 5908
f 6056 5908 6061
f 6061 5908 5907
f 6061 5907 6060
f 6061 6060 6055
f 6061 6055 6056
f 5914 6062 5913
f 5914 6063 6062
f 6059 5915 5906
f 6059 6064 5915
f 6065 6060 5907
f 6065 5907 5916
f 6064 6059 6060
f 6064 6060 6065
f 6066 5913 6062
f 6066 5918 5913
f 6067 6063 5914
f 6067 5914 5919
f 5919 5918 6066
f 5919 6066 6067
f 6066 6062 6063
f 6066 6063 6067
f 6068 5915 6064
f 6068 5920 5915
f 6069 6065 5916
f 6069 5916 5921
f 6069 5921 5920
f 6069 5920 6068
f 6068 6064 6065
f 6068 6065 6069
f 6071 5927 5928
f 6071 6070 5927
f 6070 5930 5927
f 6070 6072 5930
f 6071 5928 5931
f 6071 5931 6073
f 6072 6070 6071
f 6072 6071 6073
f 6072 5932 5930
f 6072 6074 5932
f 6073 5931 5933
f 6073 5933 6075
f 5933 5932 6074
f 5933 6074 6075
f 6074 6072 6073
f 6074 6073 6075
f 5947 6076 5946
f 5947 6077 6076
f 6078 5947 5948
f 6078 6077 5947
f 5952 6079 5951
f 5952 6080 6079
f 6076 5953 5946
f 6076 6081 5953
f 5953 6080 5952
f 5953 6081 6080
f 6082 6081 6076
f 6082 6076 6077
f 6078 5948 5954
f 6078 5954 6083
f 6083 6082 6077
f 6083 6077 6078
f 6079 5958 5951
f 6079 6084 5958
f 6085 6084 6079
f 6085 6079 6080
f 6086 6085 6080
f 6086 6080 6081
f 6087 6086 6081
f 6087 6081 6082
f 6083 5954 5959
f 6083 5959 6088
f 6088 6087 6082
f 6088 6082 6083
f 6089 5958 6084
f 6089 5962 5958
f 6090 6089 6084
f 6090 6084 6085
f 6091 5964 5963
f 6091 5963 6090
f 6091 6090 6085
f 6091 6085 6086
f 5965 5964 6091
f 5965 6091 6092
f 6091 6086 6087
f 6091 6087 6092
f 6093 6088 5959
f 6093 5959 5966
f 6093 6092 6087
f 6093 6087 6088
f 6095 5962 6089
f 6095 5971 5962
f 5971 6094 5970
f 5971 6095 6094
f 6096 6090 5963
f 6096 5963 5972
f 6096 5972 5971
f 6096 5971 6095
f 6096 6095 6089
f 6096 6089 6090
f 6097 5972 5973
f 6097 6096 5972
f 6098 5965 6092
f 6098 5974 5965
f 6099 6093 5966
f 6099 5966 5975
f 6099 5975 5974
f 6099 5974 6098
f 6098 6092 6093
f 6098 6093 6099
f 6094 5981 5970
f 6094 6100 5981
f 6095 5971 5982
f 6095 5982 6101
f 6101 6100 6094
f 6101 6094 6095
f 6096 5983 5972
f 6096 6102 5983
f 5983 6101 5982
f 5983 6102 6101
f 6097 5973 5984
f 6097 5984 6103
f 6102 6096 6097
f 6102 6097 6103
f 6105 5985 5986
f 6105 6104 5985
f 6106 5981 6100
f 6106 5991 5981
f 5992 5991 6106
f 5992 6106 6107
f 6106 6100 6101
f 6106 6101 6107
f 5993 5992 6107
f 5993 6107 6108
f 6107 6101 6102
f 6107 6102 6108
f 6109 6103 5984
f 6109 5984 5994
f 6109 5994 5993
f 6109 5993 6108
f 6110 5985 6104
f 6110 5995 5985
f 6111 6105 5986
f 6111 5986 5996
f 5996 5995 6110
f 5996 6110 6111
f 6110 6104 6105
f 6110 6105 6111
f 6113 6002 6003
f 6113 6112 6002
f 6112 6009 6002
f 6112 6114 6009
f 6113 6003 6010
f 6113 6010 6115
f 6115 6010 6009
f 6115 6009 6114
f 6114 6112 6113
f 6114 6113 6115
f 6117 6017 6018
f 6117 6116 6017
f 6116 6019 6017
f 6116 6118 6019
f 6117 6018 6020
f 6117 6020 6119
f 6118 6116 6117
f 6118 6117 6119
f 6120 6020 6021
f 6120 6119 6020
f 6118 6022 6019
f 6118 6121 6022
f 6023 6022 6121
f 6023 6121 6122
f 6121 6118 6119
f 6121 6119 6122
f 6120 6021 6024
f 6120 6024 6123
f 6024 6023 6122
f 6024 6122 6123
f 6122 6119 6120
f 6122 6120 6123
f 6050 6124 6049
f 6050 6125 6124
f 6126 6050 6051
f 6126 6125 6050
f 6124 6053 6049
f 6124 6127 6053
f 6054 6053 6127
f 6054 6127 6128
f 6127 6124 6125
f 6127 6125 6128
f 6129 6126 6051
f 6129 6051 6055
f 6128 6125 6126
f 6128 6126 6129
f 6130 6054 6128
f 6130 6059 6054
f 6131 6129 6055
f 6131 6055 6060
f 6131 6060 6059
f 6131 6059 6130
f 6130 6128 6129
f 6130 6129 6131
f 6103 6132 6102
f 6103 6133 6132
f 6132 6108 6102
f 6132 6134 6108
f 6133 6103 6109
f 6133 6109 6135
f 6109 6108 6134
f 6109 6134 6135
f 6134 6132 6133
f 6134 6133 6135
