# parsimony mesh: cplx_CPLX0-8182 (source /Users/eranagmon/code/v2e-cplx/workspace/studies/ecoli-3d/viz/3d/structures/cplx_CPLX0-8182.pdb)
# atoms: 5483  voxel: 4 Å  verts: 2194  tris: 4452
v 27.6548 21.5725 -74.3079
v 29.7177 20.8937 -74.5401
v 32.7769 20.7291 -74.5602
v 27.6370 23.6649 -74.3245
v 29.7177 23.6649 -74.7614
v 33.9532 23.4975 -74.6786
v 35.9403 24.7192 -74.4005
v 27.6731 25.7347 -74.2729
v 30.0123 27.3068 -74.4732
v 33.7177 27.6649 -74.7500
v 36.1341 27.6649 -74.4742
v 31.1606 31.6649 -74.5738
v 33.7177 31.6649 -74.7468
v 36.0436 31.6649 -74.3950
v 31.1505 34.6333 -74.5676
v 33.7177 34.5087 -74.5359
v 35.8196 33.8216 -74.2949
v 27.4874 13.4622 -70.4825
v 28.2105 13.4622 -70.4825
v 27.2979 15.6649 -70.6310
v 29.6134 15.6535 -71.1651
v 33.7177 16.8781 -71.3755
v 36.0381 17.3015 -70.7336
v 23.5250 21.4806 -70.3302
v 26.1882 20.1933 -71.7518
v 29.7177 18.8937 -73.2055
v 33.9532 19.5034 -73.4464
v 37.5099 20.0617 -71.2328
v 39.7212 21.6595 -70.2259
v 23.5250 22.0375 -70.3302
v 26.3306 23.8412 -71.6828
v 27.9003 25.6448 -70.3688
v 35.4435 22.0526 -74.0579
v 37.4513 23.4975 -72.5329
v 39.7262 23.6649 -70.2337
v 27.6291 27.0869 -71.6768
v 28.3879 27.0869 -71.6768
v 38.0918 27.2858 -71.8291
v 39.7255 25.6996 -70.2338
v 27.5852 29.9389 -70.3182
v 29.1504 31.4293 -71.8797
v 37.0006 31.6649 -72.2220
v 30.5921 35.8460 -72.3779
v 33.8677 36.5695 -72.3779
v 36.1998 34.5694 -72.2220
v 31.2783 37.9735 -71.1484
v 32.6344 37.9735 -71.1484
v 27.4874 13.4622 -69.8881
v 28.2105 13.4622 -69.8881
v 35.1413 13.4059 -66.6324
v 36.0925 13.4059 -66.6324
v 27.2979 15.6649 -69.4530
v 29.5368 15.6949 -68.3760
v 33.7719 15.0828 -68.0682
v 36.7134 15.8469 -68.0682
v 7.0878 21.3508 -66.5454
v 8.5573 21.3508 -66.5454
v 14.7889 20.5945 -66.6023
v 17.7177 20.6029 -66.7892
v 22.0021 21.1086 -68.0476
v 25.9201 19.1908 -68.2071
v 28.1963 18.1230 -66.8639
v 38.6813 18.9796 -68.2220
v 40.1495 20.9796 -68.2220
v 6.5436 23.6649 -66.7115
v 9.1495 23.6649 -66.7115
v 14.7889 22.1712 -66.6023
v 18.0266 23.5687 -66.7719
v 22.0021 23.4885 -68.6291
v 25.7177 24.9292 -69.8171
v 27.9003 25.6448 -70.2066
v 40.5276 23.6649 -68.2220
v 3.6954 29.5345 -66.2355
v 5.3711 28.1518 -66.3934
v 8.7872 26.7691 -66.5513
v 15.0175 29.3593 -66.4390
v 18.0266 27.8816 -66.5713
v 21.7177 27.6649 -67.6033
v 26.0382 27.3295 -69.4988
v 27.9003 25.7726 -70.2066
v 38.9795 28.2383 -68.2220
v 40.0958 26.2383 -68.2220
v 3.6954 29.6837 -66.2355
v 3.9600 29.6837 -66.2355
v 15.0175 30.2739 -66.4390
v 17.7177 30.3693 -66.5385
v 21.9512 31.4631 -66.8761
v 26.0382 31.4293 -68.8853
v 28.1817 32.6055 -69.7755
v 35.4829 33.4771 -66.4245
v 37.0517 31.9522 -67.9435
v 23.4402 33.9254 -66.4395
v 25.7177 34.6198 -67.0503
v 28.7464 35.8726 -68.3541
v 34.9383 35.8945 -67.9435
v 36.2587 34.7142 -69.0912
v 30.6556 38.3220 -68.2220
v 32.9195 38.3220 -68.2220
v 31.1921 13.0055 -62.8058
v 33.9761 13.2057 -63.9696
v 36.0925 13.4059 -65.1334
v 26.6835 17.1085 -63.1022
v 29.6942 15.7595 -64.2873
v 33.9761 14.1132 -63.9696
v 37.7206 15.5336 -64.0900
v 40.4536 17.2514 -63.0467
v 6.9764 21.1642 -64.2220
v 9.8214 21.0663 -64.2380
v 13.5604 20.1965 -64.2380
v 17.7177 19.0089 -64.2220
v 21.7177 19.4660 -64.2220
v 25.4972 18.6351 -64.3501
v 28.1963 18.1230 -65.7688
v 39.3488 18.0898 -65.7133
v 41.0606 19.5199 -64.3168
v 3.3478 25.2728 -62.9365
v 4.9633 23.8297 -64.2507
v 11.1495 23.6649 -65.5738
v 13.5604 23.5687 -65.0554
v 16.8991 24.8379 -65.1419
v 42.5169 23.6591 -64.0240
v 43.8630 24.9885 -62.5587
v 3.0070 27.9867 -64.2507
v 5.3711 28.1518 -65.8145
v 9.9594 27.9275 -65.7513
v 13.6976 27.8816 -65.2210
v 16.8991 26.6927 -65.1419
v 39.3318 29.0614 -65.4230
v 41.4550 27.5225 -63.9908
v 43.8630 25.9835 -62.5587
v 3.1067 30.1834 -64.2220
v 5.4631 30.3731 -64.5043
v 9.7177 30.5033 -63.8019
v 13.6976 30.4574 -64.4036
v 17.7177 31.1818 -64.2220
v 20.8353 32.6629 -64.2220
v 35.4829 33.4771 -65.9691
v 38.1786 32.2056 -64.3627
v 40.0292 30.9342 -62.7563
v 22.7017 35.4212 -63.9822
v 25.7177 36.6198 -65.1601
v 28.0742 37.3443 -65.8725
v 34.9853 35.8913 -64.4703
v 37.0254 34.7088 -63.3024
v 23.2008 37.8276 -62.4890
v 25.7177 38.3163 -63.1601
v 29.5316 38.7296 -64.4123
v 32.9782 38.4664 -64.2220
v 7.1164 13.0971 -58.8935
v 8.4920 13.0971 -58.8935
v 22.9052 13.5166 -58.3823
v 25.7177 13.5036 -58.4225
v 29.8023 12.7733 -59.8863
v 33.3488 12.6005 -60.2220
v 6.7495 15.6649 -59.3236
v 9.0289 15.6649 -59.3236
v 19.3974 16.7231 -59.1906
v 21.6302 15.4998 -59.5650
v 25.4972 15.7311 -60.6481
v 28.5254 14.4418 -60.9958
v 35.3488 13.9480 -60.2220
v 37.7177 15.4949 -60.2220
v 40.4864 17.2119 -60.2220
v 3.1474 21.2265 -58.7680
v 5.8603 19.9357 -60.2270
v 9.9021 19.2149 -60.3004
v 13.7177 19.9564 -60.2220
v 17.9255 18.6889 -60.4032
v 21.7177 18.0231 -61.7806
v 24.0168 17.8877 -61.9982
v 42.4907 19.8371 -60.3064
v 43.9139 21.2851 -59.0293
v -4.5009 25.2245 -58.3805
v -3.4892 25.2245 -58.3805
v 2.5348 23.8297 -60.1496
v 4.6925 22.6062 -61.4347
v 43.1917 23.7920 -60.2204
v 43.8885 23.7920 -60.2204
v -5.0306 27.6649 -58.8640
v -2.2065 27.4659 -59.1728
v 0.8015 27.4659 -60.2593
v 42.8824 27.4013 -59.9901
v 43.8640 27.4013 -59.9901
v -5.1465 31.6649 -58.9256
v -2.2823 31.6649 -59.8564
v 1.6423 31.6685 -60.7492
v 5.7177 32.5361 -60.7087
v 9.5916 32.3159 -60.0288
v 13.7177 30.8227 -60.2220
v 17.9198 32.0338 -60.3989
v 20.1520 33.3321 -61.8502
v 39.6856 33.6001 -60.2220
v 41.5046 31.3812 -60.0300
v 43.8650 29.9452 -58.5687
v -4.6555 33.8561 -58.4627
v -2.2823 34.1983 -58.7868
v 1.7177 34.1752 -58.8345
v 5.7177 33.9933 -58.7087
v 8.1743 33.9424 -58.5667
v 19.2652 35.6649 -59.3950
v 20.6558 35.6649 -61.3950
v 35.3794 37.3755 -61.8514
v 37.5782 35.8913 -60.3997
v 19.4442 37.8720 -58.8245
v 21.8076 38.0727 -60.1835
v 25.7177 39.3965 -60.2220
v 29.7177 39.8420 -60.2220
v 33.9147 38.4480 -60.3997
v 36.1947 37.9036 -59.1848
v 7.1164 13.0971 -57.6555
v 8.4920 13.0971 -57.6555
v 23.0463 13.5468 -56.2220
v 25.3407 13.5304 -56.5022
v 29.7177 13.0450 -57.4662
v 32.7994 12.9051 -57.4140
v -0.4097 17.6041 -54.2834
v 1.7177 17.3879 -54.5983
v 5.8307 16.3898 -55.9894
v 9.0289 15.6649 -56.9847
v 19.3974 16.7231 -56.9516
v 20.8270 15.4998 -55.8598
v 26.4227 14.3583 -55.3556
v 30.1099 15.6810 -55.2204
v 33.9667 15.4008 -56.5956
v 37.7177 16.6919 -56.9074
v 40.0067 17.4743 -57.0435
v -4.8507 21.0452 -55.0058
v -1.9587 19.6931 -55.1186
v 1.7755 19.8019 -56.5126
v 5.8168 18.2849 -55.9006
v 9.9021 18.6739 -55.9721
v 13.7177 20.5069 -56.2220
v 17.9255 19.1633 -55.8598
v 19.7951 17.7094 -54.2850
v 31.7048 17.6719 -54.2270
v 33.7177 18.2175 -54.7950
v 37.8826 19.7029 -54.9454
v 41.4911 19.8371 -56.6960
v 43.9139 21.2851 -57.8987
v -5.0539 23.8007 -56.2923
v -2.2065 23.8007 -57.3084
v 0.5164 23.6649 -57.4922
v 39.0616 23.6649 -55.1744
v 41.7285 23.8233 -57.1899
v 43.9139 22.5955 -57.8987
v -5.6394 27.6649 -56.2220
v -0.8226 25.9998 -57.9330
v 0.0196 25.9998 -57.9330
v 14.9009 28.3634 -55.0687
v 16.2784 28.3634 -55.0687
v 39.2348 26.4983 -55.2001
v 41.5068 27.6587 -56.5981
v 43.8650 28.8191 -57.9961
v -5.1613 32.0411 -55.8603
v -4.2438 33.6252 -54.2858
v 10.2572 32.3334 -56.2220
v 13.6276 30.3186 -56.3301
v 17.0613 31.3838 -56.3301
v 39.5969 33.3875 -56.2220
v 41.4538 31.2111 -56.4865
v 43.8650 29.9452 -57.9961
v -4.6555 33.8561 -56.9524
v -2.6592 34.3145 -55.8603
v 1.7177 34.9496 -56.2220
v 5.7177 34.7937 -56.2220
v 8.2572 34.1775 -56.2220
v 18.5544 35.6649 -56.2220
v 38.3929 35.6649 -56.2220
v 19.2954 37.9916 -56.2220
v 21.8719 39.7122 -56.1585
v 25.7177 40.7452 -57.4152
v 29.8076 40.8008 -56.4401
v 33.7177 39.2647 -56.2220
v 36.5138 38.1928 -56.2220
v 23.3080 42.0758 -54.7827
v 25.7177 42.2496 -55.4152
v 28.5342 42.0336 -55.2522
v 23.6350 13.6558 -54.0320
v 25.1408 13.2572 -52.5274
v 28.1577 12.8586 -51.0229
v -0.8789 17.4868 -52.2220
v 1.7177 16.7811 -52.2220
v 5.8504 17.0271 -52.1613
v 7.9585 17.5428 -50.7875
v 22.7138 15.6649 -53.7567
v 25.3516 15.1050 -52.5851
v 29.9312 15.9698 -52.5942
v 31.8023 17.5813 -51.4989
v -5.2168 20.4016 -52.2220
v -2.8789 18.4016 -52.2220
v 7.2722 18.0099 -53.4542
v 9.4622 18.9867 -52.1613
v 13.5207 21.1521 -52.5119
v 17.7177 20.6638 -53.4575
v 21.3642 19.2916 -53.0347
v 24.8287 19.6649 -51.3648
v 31.7048 17.6719 -54.1656
v 33.3685 18.8297 -52.5882
v 36.7585 21.1158 -52.2220
v -6.5838 23.6649 -52.2220
v 14.0990 23.6649 -52.0762
v 17.7177 23.6649 -53.4323
v 21.8174 23.7375 -51.6794
v 24.2327 22.4525 -50.8428
v 38.0935 23.6649 -52.2220
v -6.0125 27.6649 -52.2220
v 14.0752 27.2840 -52.6154
v 17.4721 27.3130 -52.8719
v 20.5505 26.2626 -51.5327
v 39.0528 26.8032 -52.2220
v 39.9296 28.8032 -52.2220
v -4.6456 30.7338 -52.2220
v -3.5270 32.7338 -52.2220
v 10.4333 31.9821 -52.2220
v 13.7713 31.2119 -51.5079
v 16.6280 31.5770 -52.0223
v 39.5738 33.3175 -53.1273
v 39.8946 31.8565 -51.9652
v -1.5270 34.7647 -52.2220
v 1.5343 36.5414 -52.0759
v 5.8150 36.5814 -52.0759
v 8.4333 34.8147 -52.2220
v 15.4171 33.9449 -50.5558
v 17.9105 35.7738 -51.8163
v 19.7959 37.6027 -50.4101
v 39.0481 35.6649 -52.5974
v 39.8213 35.6649 -50.5974
v 2.7453 38.0291 -50.6452
v 4.5465 38.0291 -50.6452
v 19.4281 37.8934 -53.0768
v 20.6805 39.4020 -51.9349
v 31.2009 41.1955 -53.7881
v 33.7177 40.6617 -53.2789
v 37.6684 39.5440 -52.7345
v 40.4580 39.6649 -50.9804
v 22.8626 42.9196 -52.2220
v 25.4131 44.4899 -52.0174
v 29.9138 43.6951 -52.1679
v 33.4256 43.8800 -51.5627
v 38.0353 43.9718 -51.4726
v 40.5789 42.8431 -50.9713
v 26.5434 45.8693 -50.5476
v 28.6268 45.8693 -50.5476
v 34.5642 46.4683 -51.0473
v 36.9137 46.4683 -51.0473
v 26.5255 12.8586 -49.6133
v 28.1577 12.8586 -49.6133
v -5.1409 16.9068 -47.2681
v -2.2832 16.6539 -48.4497
v 1.7177 15.8501 -48.2220
v 5.7177 15.9302 -48.2220
v 9.4622 17.0573 -48.0107
v 12.6010 17.4723 -46.5365
v 18.7486 17.0834 -46.5060
v 21.7177 17.0117 -46.5929
v 25.6047 16.0669 -48.0229
v 29.5817 15.6522 -48.2568
v 32.7191 17.3290 -48.2220
v -5.5105 19.4262 -48.4497
v -3.6171 17.9336 -49.9348
v 10.6252 18.7865 -49.2031
v 13.6618 19.6351 -48.1708
v 17.5362 19.3562 -47.3040
v 21.7177 19.6649 -47.7234
v 24.8287 19.6649 -49.0582
v 34.7191 18.6341 -48.2220
v 37.5854 20.7486 -48.0960
v 39.8545 21.5121 -46.6787
v -6.3540 23.6649 -48.2220
v 14.2526 23.9167 -48.3719
v 17.4992 23.9167 -47.6024
v 21.8174 23.7375 -49.1952
v 24.2327 22.4525 -49.7932
v 38.7496 23.6649 -49.1547
v 39.8941 23.6649 -47.1547
v -5.7959 27.6649 -48.2220
v 13.7786 27.6649 -48.2220
v 17.7204 27.6235 -48.2908
v 20.5505 26.2626 -49.6700
v 39.3140 26.3493 -49.6756
v 39.8875 27.6756 -48.2942
v -4.6155 30.2443 -48.2220
v -3.2523 32.2443 -48.2220
v 11.0568 32.2711 -48.2220
v 13.7634 31.1987 -48.2220
v 15.9942 30.1263 -48.2220
v 40.0392 31.6649 -48.2220
v -1.7170 35.9219 -48.5207
v 0.0786 37.4265 -50.0531
v 7.2132 37.4587 -49.9108
v 9.3985 35.9412 -48.4353
v 14.7672 35.4329 -47.8442
v 17.4016 36.8509 -47.8442
v 20.0743 37.4375 -48.2220
v 40.2036 35.6649 -48.2220
v -1.3801 38.3256 -47.3865
v 1.5343 38.9686 -48.5207
v 6.0072 39.7543 -48.0756
v 9.9272 39.4700 -47.3475
v 13.7907 39.1804 -46.6582
v 15.8576 37.6873 -46.2589
v 21.1396 39.6649 -48.2220
v 41.1372 39.6649 -48.2220
v 7.4678 41.6858 -46.2403
v 10.0398 43.2775 -47.5025
v 12.0839 43.6649 -47.8089
v 22.7830 42.9711 -48.2220
v 25.4131 44.9480 -48.0538
v 29.8632 44.9469 -48.0538
v 32.7917 44.9697 -48.2220
v 39.5804 45.5098 -49.5203
v 40.6755 43.9718 -48.2010
v 11.5879 45.7516 -47.5025
v 11.8819 45.7516 -47.5025
v 26.5434 45.8693 -49.2749
v 28.6268 45.8693 -49.2749
v 34.7917 46.2823 -48.2220
v 38.0353 46.2044 -48.2010
v 39.8251 45.7408 -46.8537
v -4.6710 5.3448 -42.5609
v -3.8898 5.3448 -42.5609
v -4.6710 6.7281 -42.5609
v -3.8898 6.7281 -42.5609
v -5.4059 12.7094 -42.6813
v -2.2823 12.4174 -43.1066
v 1.7177 12.4788 -43.4822
v 5.7177 12.9012 -43.0988
v 8.2485 13.5203 -42.4310
v 14.6774 13.0927 -42.8812
v 17.7177 13.0809 -43.1919
v 20.2957 13.4585 -42.8561
v -8.6486 16.5190 -42.8242
v -6.6067 15.3795 -44.0861
v -2.2823 14.5336 -45.1066
v 1.7177 14.4568 -45.4822
v 5.7177 14.4961 -45.0988
v 9.6362 15.0720 -43.9474
v 13.6392 15.8531 -44.4851
v 17.5362 15.7160 -45.3181
v 21.6645 15.0765 -44.2025
v 25.7177 16.4297 -44.2220
v 29.7177 16.8672 -44.2220
v 33.5572 17.3030 -44.2220
v -8.7426 19.6649 -43.0842
v -7.3092 19.6649 -45.0842
v 15.2676 17.8171 -46.0889
v 16.0819 17.8171 -46.0889
v 35.5572 17.7562 -44.2220
v 37.7177 18.9451 -44.2220
v 41.3998 20.7532 -44.0493
v 44.0047 21.2269 -42.6008
v -8.5298 22.2769 -42.7695
v -6.8350 23.6321 -44.1505
v 15.4341 25.4178 -45.9892
v 16.0202 25.4178 -45.9892
v 41.4857 23.5365 -44.0493
v 44.0047 22.1176 -42.6008
v -5.9038 27.6649 -44.2220
v 15.2191 27.6649 -45.9590
v 16.0100 27.6649 -45.9590
v 39.9313 27.6649 -44.2220
v -5.3535 31.6495 -44.3141
v -3.8775 32.9725 -45.7088
v 11.4784 32.9744 -45.7777
v 13.6410 31.3672 -45.9410
v 15.8049 29.7600 -46.1042
v 39.7072 33.0476 -42.2509
v 39.9417 31.6945 -43.8394
v -4.8231 35.6649 -42.9936
v -3.8021 35.6649 -44.9936
v 11.3001 35.6649 -45.6629
v 12.7550 35.6649 -45.6629
v 18.5242 37.4239 -45.7957
v 20.1149 37.4239 -45.7957
v 39.7072 33.6960 -42.2509
v 40.1556 35.2836 -43.8394
v -4.3029 37.6890 -42.4307
v -2.5410 38.4333 -43.9473
v 1.9123 40.7076 -44.4412
v 4.8011 41.4796 -45.9207
v 11.4002 38.0068 -45.9208
v 13.7644 39.0189 -44.9501
v 17.6314 39.0736 -44.1681
v 20.6288 39.6649 -45.1412
v 39.4136 41.2354 -42.5268
v 40.3933 39.8072 -44.0049
v 3.3754 41.8292 -43.2540
v 5.9678 42.0179 -44.4412
v 10.0398 43.8793 -44.5059
v 12.3884 43.6250 -44.5059
v 19.4051 41.9312 -42.5405
v 21.8082 42.5165 -44.0131
v 25.7177 43.9720 -44.2220
v 29.7177 44.2418 -44.2220
v 34.0690 44.8875 -44.3749
v 37.6505 43.7713 -42.8352
v 40.3329 43.4777 -44.0049
v 11.5879 45.7516 -46.0285
v 11.8819 45.7516 -46.0285
v 35.6366 45.6848 -45.8102
v 37.4195 45.9212 -44.3749
v 40.0158 45.9704 -44.2220
v -4.5984 5.4037 -40.2220
v -3.9334 5.4037 -40.2220
v -4.7824 7.9029 -40.4979
v -2.7164 7.9016 -40.4568
v 1.7177 8.8581 -39.3430
v 4.8384 9.1791 -39.0403
v -5.5820 11.4916 -40.4979
v -2.2823 10.4174 -41.5741
v 1.7177 10.4788 -41.3430
v 5.9901 10.7893 -40.3130
v 8.9160 12.7257 -40.2220
v 14.1470 12.7236 -40.2220
v 17.7177 12.4106 -40.2220
v 20.3472 13.3520 -40.2220
v -8.6486 16.5190 -41.7232
v -7.3535 15.3774 -40.3227
v 10.9160 14.2875 -40.2220
v 12.1470 14.2875 -40.2220
v 22.3472 14.8897 -40.2220
v 25.7177 16.1102 -40.2220
v 29.7177 16.7263 -40.2220
v 33.1020 17.5057 -40.2220
v -8.7426 19.6649 -41.5051
v -7.1232 19.6649 -39.5051
v 35.1020 17.7998 -40.2220
v 37.7177 18.2877 -40.2220
v 41.7177 19.4866 -40.2220
v 44.1716 20.9987 -40.2220
v -8.5298 22.2769 -41.7650
v -7.1996 23.6321 -40.3478
v 42.0939 24.5498 -40.2220
v 44.1716 22.5498 -40.2220
v -8.7977 28.6715 -38.9395
v -7.4329 27.4689 -40.2525
v 40.7981 27.6649 -40.2220
v -8.7977 30.3465 -38.9395
v -7.1473 31.6739 -40.2525
v 39.7072 33.0476 -42.1894
v 40.6874 31.6945 -40.6025
v -5.7596 35.6649 -40.2220
v 39.4183 35.3098 -40.5685
v 40.1665 35.3098 -40.5685
v -4.7874 38.2976 -40.2220
v -1.8912 40.1286 -39.8285
v 0.7087 40.9275 -40.8994
v 15.0138 40.4599 -41.6513
v 18.1850 40.8214 -40.0911
v 19.7993 41.1828 -38.5308
v 34.5931 40.9184 -38.9479
v 37.9382 39.7436 -40.2810
v 39.9380 38.5687 -41.6142
v -0.2971 41.6693 -38.2328
v 1.9123 41.8050 -39.8285
v 5.7177 42.8726 -40.2220
v 9.8304 44.4536 -39.9501
v 13.6299 43.8370 -40.0434
v 18.1850 42.3368 -40.0911
v 21.3666 42.6309 -40.0073
v 25.7177 43.7097 -40.2220
v 29.7177 43.3736 -40.2220
v 33.4429 42.9173 -40.2576
v 37.6505 43.7713 -41.7197
v 40.0079 44.6862 -41.8248
v 11.2388 45.7667 -38.4354
v 12.2460 45.7667 -38.4354
v 38.5541 45.9964 -41.8248
v 40.0079 45.9964 -41.8248
v -4.3150 5.6367 -38.1742
v -4.2096 5.6367 -38.1742
v -4.5743 8.0309 -36.5933
v -2.6387 7.1939 -36.5933
v 1.7177 7.9753 -36.2220
v 4.9484 9.0215 -36.2220
v -5.4791 11.6649 -36.2220
v 6.9484 10.2802 -36.2220
v 9.9579 12.3822 -36.3615
v 13.4853 13.0197 -36.3615
v 17.7177 12.7737 -36.2220
v 20.0265 13.3616 -36.2220
v -6.4506 15.6649 -36.2220
v 11.4513 13.9260 -37.7879
v 11.9970 13.9260 -37.7879
v 22.2184 15.9106 -36.0732
v 25.7177 16.9484 -36.8917
v 29.7177 17.0709 -37.4653
v 32.3613 17.5710 -38.0721
v 39.2873 16.7896 -35.1988
v 40.1018 16.7896 -35.1988
v -8.7878 20.6223 -34.7936
v -7.1858 19.4394 -36.1649
v 23.4738 18.0703 -34.6407
v 25.7177 18.4055 -34.8917
v 29.7177 18.6757 -35.4653
v 33.7039 18.7251 -36.5321
v 37.8595 18.4133 -36.4081
v 41.8496 19.5628 -36.1448
v 44.0359 21.2147 -37.0908
v -12.4108 25.4202 -34.3659
v -10.1856 23.9181 -35.2455
v -7.3088 23.6649 -37.3935
v 43.0155 23.7012 -35.9433
v 44.0359 22.3921 -37.0908
v -12.4108 26.4223 -34.3659
v -10.3978 27.5469 -36.1225
v -7.8943 26.0048 -37.8792
v 41.9426 27.6649 -36.2220
v -9.4556 30.7529 -36.2220
v -7.4363 32.7529 -36.2220
v 41.6376 31.6649 -36.2220
v -8.3710 37.3840 -34.3612
v -7.1973 35.8963 -35.9055
v -0.5351 37.3692 -34.3984
v 1.7177 37.1496 -34.9065
v 4.1650 37.2736 -34.9583
v 39.1255 36.9161 -36.2220
v 40.6250 34.9161 -36.2220
v -8.3710 37.7799 -34.3612
v -6.2740 38.7345 -35.9055
v -1.7494 39.8321 -36.2963
v 1.7177 39.6649 -36.8160
v 5.5861 39.8918 -35.5498
v 8.0592 41.3764 -34.4583
v 19.6316 41.1828 -38.0086
v 19.7993 41.1828 -38.0086
v 34.5931 40.9184 -37.1460
v 36.9058 39.6170 -35.9764
v -0.2971 41.6693 -38.1942
v 1.7177 41.7168 -38.1315
v 5.7177 42.4471 -37.3296
v 9.6490 44.0146 -35.9721
v 13.6347 45.0826 -36.1804
v 18.0660 43.0094 -36.4939
v 21.3666 42.4755 -36.4939
v 25.7177 43.1643 -36.2220
v 29.7177 42.6292 -36.2220
v 33.4429 41.9478 -35.9764
v 35.8208 41.7650 -34.4793
v 11.2388 45.7667 -37.4859
v 12.2460 45.7667 -37.4859
v -5.0200 9.2882 -32.2220
v -2.2823 8.2875 -32.2220
v 1.9456 8.6411 -32.0940
v 4.2379 9.2929 -33.3420
v 19.6732 9.6345 -30.2981
v 19.8247 9.6345 -30.2981
v -8.6147 12.7221 -30.6772
v -6.7792 11.4992 -32.0951
v 3.4308 9.9999 -30.6753
v 5.6298 10.5677 -32.0940
v 9.7177 11.9889 -32.2220
v 13.6346 13.1617 -32.5396
v 18.0969 12.1843 -32.1914
v 21.1797 12.0905 -31.6770
v 23.9259 13.3763 -30.3893
v -8.9063 15.6649 -31.3651
v -7.4542 15.6649 -33.3651
v 14.9126 14.6429 -31.4179
v 16.5206 14.6429 -31.4179
v 22.6476 15.6649 -33.1790
v 25.4426 15.9082 -31.2322
v 28.1862 17.4038 -30.6296
v 39.2873 16.7896 -33.9249
v 40.1018 16.7896 -33.9249
v -9.3968 19.4394 -32.4634
v -8.0003 17.9556 -33.9577
v 23.4738 18.0703 -33.9973
v 25.7177 18.4055 -33.3592
v 29.5988 18.7518 -32.0666
v 33.7177 19.9381 -32.2220
v 37.8595 19.3657 -32.4437
v 41.8496 20.0716 -32.5766
v 44.2799 21.4452 -31.2284
v -12.5721 24.9590 -32.2220
v -11.3008 22.9590 -32.2220
v 43.1356 23.5121 -32.4259
v 44.2799 22.0768 -31.2284
v -12.7551 27.7194 -32.3912
v -11.9980 29.0890 -33.8373
v 39.3276 29.3374 -30.5870
v 41.0620 27.8684 -32.0410
v -12.8776 31.6649 -31.1872
v -10.5117 31.7264 -33.0611
v -7.8920 33.1007 -33.6670
v 7.6362 33.5398 -30.3607
v 7.8075 33.5398 -30.3607
v 38.9691 31.6649 -30.9966
v 40.4350 31.6649 -32.9966
v -12.6744 34.5919 -30.5603
v -10.1894 35.9879 -32.1136
v -7.8920 34.7173 -33.6670
v -0.5351 37.3692 -33.5828
v 1.5080 36.9463 -32.2385
v 5.9006 35.8807 -31.9740
v 8.2775 35.6649 -30.8500
v 38.9266 35.9108 -32.2227
v 40.2502 34.7413 -33.5565
v -9.1429 38.1060 -32.2220
v -6.1502 40.1268 -32.3190
v -2.1170 39.5385 -32.3165
v 0.0348 37.8971 -30.9162
v 6.8317 38.7097 -33.5873
v 8.9865 39.8918 -32.2412
v 18.7524 41.2460 -30.8357
v 20.4976 41.2460 -30.8357
v 30.8657 40.7783 -31.1740
v 33.7177 40.6441 -31.6501
v 36.9533 39.7802 -32.3933
v -4.7288 42.0268 -31.0502
v -3.6988 42.0268 -31.0502
v 10.8113 42.6053 -32.2220
v 13.7177 43.3550 -32.2220
v 17.5385 42.4244 -32.1902
v 21.7856 42.1676 -32.1902
v 25.7177 42.7825 -32.2220
v 29.6065 42.3803 -32.3932
v 33.7177 41.9453 -33.6501
v 35.8208 41.7650 -33.8409
v -5.2240 9.2195 -29.6673
v -2.2823 8.9339 -29.3410
v 0.7641 9.1357 -29.6020
v 6.4400 9.4616 -26.7679
v 8.1685 9.4616 -26.7679
v 19.6732 9.6345 -30.1776
v 19.8247 9.6345 -30.1776
v -12.3899 13.5990 -26.3150
v -10.0817 12.9802 -27.8778
v -6.4473 10.9341 -28.2892
v -2.2823 10.6110 -27.3410
v 1.9456 10.3234 -28.2500
v 5.3511 10.2260 -28.1495
v 9.5882 11.1145 -28.1495
v 12.2393 13.0456 -28.2220
v 19.2865 11.6649 -29.6532
v 21.3819 11.8918 -29.2568
v 23.9259 13.3763 -29.3718
v -12.4211 15.6649 -26.3775
v -10.9063 15.6649 -28.3775
v 13.9408 15.8517 -28.4372
v 17.7994 15.8517 -28.8881
v 21.4300 15.4401 -26.9628
v 25.7985 15.6803 -27.8321
v 28.1862 17.4038 -28.9591
v -12.3597 17.7647 -26.3364
v -10.2917 19.5054 -27.7863
v -7.8848 21.2461 -26.5695
v 11.5550 21.3714 -26.3731
v 13.5236 19.8888 -26.9655
v 17.9056 19.9847 -26.9542
v 19.9049 18.8646 -26.3543
v 27.2254 19.6649 -26.5474
v 29.7465 19.7773 -27.7723
v 33.4091 20.7674 -28.3676
v 37.7177 21.1493 -29.4962
v 41.8533 21.2320 -28.2958
v 44.7740 21.3488 -28.2220
v -12.5402 24.9684 -29.1567
v -10.6444 23.4464 -27.8631
v -7.8848 21.9245 -26.5695
v 11.5550 21.8447 -26.3731
v 13.8352 23.3728 -26.6824
v 17.9056 23.2935 -26.7782
v 20.0677 24.3793 -26.5327
v 27.1079 22.0506 -26.5854
v 28.6401 22.0506 -26.5854
v 34.5368 22.9068 -27.1313
v 37.4743 24.0101 -27.5289
v 41.8259 23.3623 -28.1898
v 44.7740 22.2110 -28.2220
v -12.7769 27.6649 -28.9551
v -10.6053 28.0299 -26.8535
v -8.0806 29.6065 -26.2971
v 15.2468 26.0403 -26.7755
v 17.7177 26.1368 -26.8702
v 20.0677 25.9188 -26.5327
v 31.6265 29.4782 -26.3362
v 31.8470 29.4782 -26.3362
v 38.6198 27.8684 -28.1096
v 40.3746 26.6707 -29.3679
v -12.8776 31.6649 -29.4791
v -10.2823 31.6649 -28.1843
v -6.5613 31.4889 -27.2193
v -3.6687 32.7048 -26.9440
v 7.6362 33.5398 -30.0140
v 7.8075 33.5398 -30.0140
v 31.6265 29.8118 -26.3362
v 31.8470 29.8118 -26.3362
v 37.8173 31.6649 -28.2220
v -12.6744 34.5919 -29.8554
v -10.5175 35.8211 -29.4078
v -6.2823 35.6649 -28.3664
v -2.3141 35.9106 -27.3749
v 1.5080 36.9728 -28.2651
v 6.0688 35.0458 -28.4972
v 8.5082 35.5836 -28.4972
v 27.3575 37.4155 -26.6117
v 29.7177 36.9122 -27.0530
v 33.7177 36.3265 -27.2595
v 36.7463 35.4468 -28.2210
v -9.3410 38.1381 -29.6998
v -6.1502 39.5488 -29.0860
v -2.3322 39.4042 -29.0424
v 0.0348 37.8971 -29.6272
v 10.7243 40.0416 -27.8752
v 13.7177 41.2558 -27.0914
v 17.5385 40.5509 -28.4644
v 21.7856 40.2223 -28.5282
v 25.9016 39.4325 -27.7567
v 29.6065 39.5330 -29.0816
v 33.7177 38.6441 -29.2595
v 36.5417 38.5238 -29.5536
v -4.7288 42.0268 -29.7232
v -3.6988 42.0268 -29.7232
v 11.5010 41.8640 -28.9773
v 13.7177 41.8910 -29.0914
v 16.0857 41.7674 -29.9593
v 23.1642 41.8220 -30.0656
v 25.7177 42.1781 -29.8482
v 28.1990 42.1922 -29.8799
v 6.4400 9.4616 -25.2993
v 8.1685 9.4616 -25.2993
v -12.3899 13.5990 -26.0203
v -10.2823 13.5161 -25.9605
v -6.2823 12.9586 -25.4854
v -2.2823 12.6110 -24.7989
v 1.6854 12.0808 -23.9847
v 5.3511 10.1982 -24.0684
v 9.5882 10.9831 -24.0684
v 12.0328 13.1127 -24.2220
v -12.4211 15.6649 -25.9857
v -10.2823 15.6649 -25.5121
v -6.2823 15.6649 -24.6576
v -2.2823 15.6649 -23.4822
v 0.4122 15.6649 -22.5731
v 12.3223 15.6649 -24.2220
v 22.5716 16.6236 -25.9907
v 25.0044 16.6236 -25.9907
v -12.3597 17.7647 -26.1086
v -10.2823 18.4257 -25.7735
v -6.4438 19.8136 -25.2606
v -2.0348 19.4562 -23.2696
v 0.0309 17.9836 -22.4190
v 11.3650 20.7209 -24.2220
v 12.0072 18.7209 -24.2220
v 19.3642 21.5313 -26.2176
v 21.4300 19.9847 -25.6479
v 26.1155 20.4669 -24.2784
v 29.5832 21.4811 -24.3611
v 31.8701 21.4260 -26.0828
v 43.2771 21.4632 -26.0132
v 44.5639 21.4632 -26.0132
v -9.4873 24.5912 -25.0155
v -6.4438 23.4207 -24.7858
v -2.4870 23.6649 -23.3316
v 11.1823 23.3728 -24.0952
v 12.5801 24.5114 -25.3440
v 19.3642 21.7126 -26.2176
v 21.5277 23.2935 -25.3884
v 25.9710 22.9731 -24.0931
v 29.4426 22.9731 -24.4504
v 33.4091 24.0101 -25.8577
v 35.9787 25.5735 -26.1660
v 43.2771 21.9811 -26.0132
v 44.5639 21.9811 -26.0132
v -9.4873 26.9399 -25.0155
v -6.5613 28.0299 -24.9097
v -1.8935 27.4946 -23.2764
v -0.1047 28.7143 -22.2934
v 11.2753 27.6649 -22.6998
v 13.8352 27.4901 -24.5774
v 17.7177 28.1368 -25.1190
v 21.5277 27.4172 -24.7917
v 25.2412 27.6649 -23.0037
v 30.2808 27.9529 -24.3749
v 33.3953 27.9529 -25.7847
v 36.6378 27.6649 -25.9844
v -5.4140 30.0381 -25.9300
v -2.3141 31.4889 -24.7439
v 0.3306 31.6649 -22.5934
v 11.5498 29.8920 -22.4038
v 13.7177 30.2725 -22.8248
v 18.0160 31.6148 -23.0429
v 21.9849 32.0015 -22.8933
v 25.6152 31.6712 -22.7521
v 29.7068 31.1308 -24.4203
v 33.3953 31.3531 -25.8219
v 36.5659 31.6649 -25.9400
v -1.0020 34.7410 -25.3126
v 1.7015 35.1438 -24.0763
v 5.7177 35.5557 -24.2220
v 9.6604 36.4597 -24.0918
v 12.4111 37.1906 -22.6716
v 19.5482 34.6514 -22.3942
v 21.6573 35.5209 -22.6898
v 25.5608 35.5696 -24.2808
v 29.7177 34.9122 -25.5195
v 33.7177 34.3265 -25.9175
v 35.8828 33.9680 -26.1069
v 10.9556 38.9593 -25.3383
v 13.7337 39.1232 -24.0918
v 17.7177 38.8455 -24.2220
v 21.3780 38.0952 -24.2801
v 24.6908 37.9442 -25.6521
v 2.9971 12.9289 -22.0143
v 5.8803 12.4004 -20.4974
v 9.5142 12.6281 -20.4268
v 11.9707 13.3083 -21.8966
v 2.4122 15.6649 -21.8857
v 5.8803 15.7438 -19.7707
v 9.5142 15.7438 -19.8140
v 11.9396 15.6649 -21.9399
v -0.5365 20.6503 -22.0502
v 1.5056 19.4562 -21.5285
v 5.7177 19.6649 -20.3947
v 9.9331 19.4858 -21.3201
v 11.7606 18.0330 -22.1713
v 27.3024 21.5362 -22.0562
v 27.8597 21.5362 -22.0562
v -0.4870 23.6649 -22.0867
v 1.7177 23.6649 -21.2525
v 5.7177 23.6649 -20.6448
v 9.1705 23.6649 -21.4790
v 27.1184 23.6649 -21.9869
v 28.0445 23.6649 -21.9869
v -0.3010 26.0477 -22.2135
v 1.4243 27.4946 -21.9090
v 5.7177 27.6649 -20.7800
v 9.2753 27.6649 -21.1649
v 27.2412 27.6649 -22.0829
v 27.9900 27.6649 -22.0829
v 2.3306 31.6649 -21.8750
v 5.7177 31.6649 -20.7524
v 10.0170 31.4012 -21.0754
v 13.7177 32.2725 -21.3615
v 16.8816 32.9147 -21.4889
v 23.4963 33.5592 -22.2086
v 25.6152 31.6712 -22.1964
v 27.7870 29.7832 -22.1841
v 3.0240 34.1060 -21.9035
v 5.7177 34.4467 -21.5361
v 9.7177 34.7601 -21.4643
v 13.7337 35.7803 -21.4387
v 18.0160 35.8568 -21.6701
v 21.6573 35.5209 -22.2010
v 23.7641 33.7237 -22.2086
v 15.0777 37.9742 -22.0639
v 17.7177 37.9239 -22.0820
v 19.8181 37.7009 -22.1934
v 7.3220 13.3604 -17.9716
v 8.0452 13.3604 -17.9716
v 7.3220 14.4630 -17.9716
v 8.0452 14.4630 -17.9716
v 7.2955 -74.9732 9.1150
v 9.7177 -75.1310 9.0640
v 11.8700 -74.7581 9.4889
v 7.2955 -73.9306 9.1150
v 9.7177 -73.8694 9.0640
v 11.8700 -74.1186 9.4889
v 23.5112 -54.5909 9.5778
v 24.9260 -54.5909 9.5778
v 23.3737 -52.3351 9.4853
v 26.0427 -52.6170 9.4623
v 28.0341 -51.4717 9.6421
v 19.5225 -46.6363 9.5403
v 21.9664 -48.1158 9.4014
v 25.7177 -48.3351 8.8772
v 29.5076 -48.2652 9.1383
v 33.7177 -47.0233 9.4583
v 36.2818 -46.7024 9.6069
v 19.5225 -45.8877 9.5403
v 21.9168 -44.4667 9.4387
v 25.7177 -44.3351 8.9947
v 29.3822 -44.4668 9.1950
v 33.7177 -45.7918 9.4583
v 36.2818 -46.0578 9.6069
v 23.3828 -42.0924 9.6501
v 25.7177 -42.1029 9.6510
v 27.8253 -42.2682 9.7366
v 10.4646 -82.6996 12.9759
v 13.7177 -83.0005 12.4813
v 16.2810 -82.8578 12.8511
v 6.9967 -79.6288 12.9952
v 9.3659 -80.7113 12.5172
v 14.0020 -79.9923 12.4308
v 16.2810 -81.0972 12.8511
v 6.4517 -76.3180 11.7083
v 10.4181 -76.1667 11.8010
v 12.3641 -76.1529 11.8629
v 19.6967 -74.3738 13.7653
v 19.9544 -74.3738 13.7653
v 6.6760 -73.6438 11.7780
v 9.8982 -73.6522 11.7897
v 11.8700 -74.1186 10.4643
v 19.6967 -74.3200 13.7653
v 19.9544 -74.3200 13.7653
v 26.6620 -58.9948 13.4721
v 29.7177 -58.9388 13.4361
v 31.8348 -58.4804 13.6281
v 22.7801 -55.4374 11.7780
v 25.7940 -56.4033 11.6443
v 29.8964 -56.4526 12.7277
v 31.8348 -57.8643 13.6281
v 21.7797 -52.3351 11.7780
v 27.5927 -54.1383 9.8166
v 29.6915 -52.6105 11.4849
v 32.1389 -51.0827 13.1533
v 19.5225 -46.6363 10.5215
v 20.6933 -48.1158 11.8241
v 30.7008 -49.5520 10.4866
v 33.5704 -48.7884 11.8032
v 37.6562 -47.3126 11.8713
v 39.9242 -47.0924 13.2669
v 19.5225 -45.8877 10.5215
v 20.7870 -44.4667 11.8241
v 30.4919 -43.2213 10.3614
v 34.1012 -43.5255 11.7281
v 37.6562 -45.2803 11.8713
v 39.9242 -46.1459 13.2669
v 22.7247 -40.5894 11.9046
v 25.7177 -40.1029 11.4261
v 29.3822 -40.6949 11.5558
v 33.0181 -40.3351 13.0105
v 23.2553 -36.3351 13.3511
v 25.5116 -36.7180 13.4283
v 29.7177 -38.0414 13.5627
v 32.1457 -37.9719 13.5046
v 23.5784 -34.2242 13.6644
v 24.0409 -34.2242 13.6644
v 7.2247 -82.6742 16.5187
v 9.3659 -82.8664 15.4224
v 13.7177 -83.4560 15.7780
v 16.3514 -83.0461 15.7780
v 6.8643 -80.7113 15.4224
v 7.7980 -82.2955 13.8521
v 15.5249 -78.4305 13.8944
v 16.8109 -79.9923 15.4478
v 6.1653 -76.3351 15.7780
v 11.3519 -74.8809 14.1945
v 14.0020 -76.2626 14.6782
v 18.1957 -76.0850 15.6532
v 20.1696 -74.9600 15.7780
v 6.8622 -73.7168 15.7780
v 9.8982 -73.4914 15.6279
v 13.7177 -73.4882 16.8159
v 18.1051 -73.8152 15.9584
v 20.1696 -74.0958 15.7780
v 14.7884 -67.0270 17.2849
v 16.2288 -67.0270 17.2849
v 14.7884 -65.4841 17.2849
v 16.2288 -65.4841 17.2849
v 23.3065 -62.5615 16.5201
v 24.4341 -62.5615 16.5201
v 22.8241 -60.3351 16.0227
v 25.5480 -60.4564 15.2745
v 29.7177 -59.7409 15.7780
v 31.9395 -58.5589 15.7780
v 19.0001 -55.2575 16.8331
v 21.4725 -56.7366 15.4310
v 23.9953 -58.2157 14.0289
v 31.3474 -55.3566 15.7780
v 31.9395 -57.3566 15.7780
v 15.5604 -50.5332 17.6419
v 17.6871 -52.0539 16.4563
v 20.1238 -52.3351 14.2279
v 31.3474 -53.6196 15.7780
v 33.5704 -51.6274 15.9537
v 37.7177 -50.9637 16.8576
v 40.0142 -50.7319 16.9245
v 15.5604 -49.6741 17.6419
v 17.5348 -48.3385 16.5992
v 20.1264 -48.3351 14.4065
v 34.8056 -49.5064 14.7375
v 38.5732 -48.0236 16.1027
v 39.9692 -48.0527 16.0103
v 18.8545 -44.3351 17.0230
v 20.3054 -44.3351 15.0230
v 35.1270 -42.7477 15.7780
v 38.1154 -44.9517 16.1689
v 39.9242 -46.1459 15.0961
v 19.5383 -41.8334 17.4781
v 20.8008 -40.4341 15.9980
v 33.9798 -40.3351 15.7780
v 22.4324 -36.3351 15.7780
v 26.7076 -35.6400 14.4540
v 29.9506 -35.8358 15.7836
v 32.5705 -37.2323 15.7780
v 23.4463 -34.1611 15.7780
v 25.5116 -33.9678 15.7836
v 28.7725 -33.9549 17.1206
v -72.4189 17.5429 17.5735
v -71.1580 17.5429 17.5735
v -72.6353 19.6649 17.3310
v -70.0077 19.3332 17.2774
v -67.6409 20.4454 17.5397
v -72.6164 21.9079 17.3864
v -70.2823 22.2321 17.3056
v -66.2463 23.5717 17.5061
v -62.2823 24.3654 17.1276
v -58.2823 24.1356 16.8924
v -54.2823 24.2484 16.4566
v -50.2823 24.9211 16.8812
v -48.1831 25.5559 17.7252
v -65.4777 27.6649 17.2465
v -62.2823 27.6649 16.5051
v -58.2823 27.6649 16.0831
v -54.2823 27.6649 15.7856
v -50.2823 27.6649 16.5630
v -47.9228 27.6649 17.6020
v -65.3068 30.0240 17.3748
v -62.2823 30.1660 17.1555
v -58.2823 30.3000 16.9687
v -54.2823 30.2048 17.1070
v -49.9110 31.3743 17.4948
v -46.4542 31.7767 17.4859
v -44.1006 33.1845 17.5207
v -48.3301 33.7003 17.7304
v -46.2823 33.8509 17.5493
v -44.1006 33.8776 17.5207
v 7.2247 -82.6742 18.5003
v 9.7177 -82.7259 18.7380
v 13.7177 -82.7905 18.6021
v 15.9994 -82.7604 18.3191
v 7.1918 -80.3351 18.4761
v 9.7177 -80.3351 19.0275
v 13.7177 -80.3351 19.6251
v 16.6618 -80.3351 19.0737
v 7.4311 -76.3351 18.0542
v 9.7177 -76.3351 18.5527
v 13.7875 -76.6510 20.4886
v 17.9040 -77.4784 20.0899
v 20.3620 -75.3693 19.7780
v 7.5438 -74.0278 17.9378
v 9.7177 -73.6684 18.2632
v 13.8431 -72.4372 19.6824
v 17.7177 -71.6965 19.0031
v 20.7925 -72.5527 19.9651
v 11.6098 -66.5287 21.2967
v 13.6537 -68.1112 19.8649
v 17.6244 -68.3502 19.4990
v 21.8770 -68.5528 21.2426
v 24.5911 -67.3647 21.3390
v 11.3130 -64.3351 21.1397
v 13.5601 -64.2245 19.3344
v 17.6244 -64.2245 19.5487
v 21.8710 -64.0709 19.6183
v 25.8459 -64.2879 19.6768
v 28.6903 -63.3476 20.6814
v 11.2859 -61.4438 21.4082
v 13.6075 -60.2003 21.0382
v 17.7177 -60.3351 20.0469
v 20.8241 -60.3351 18.6943
v 27.1008 -61.9180 18.0147
v 29.9013 -61.1567 19.5200
v 32.4793 -59.1749 19.7780
v 14.7671 -56.3351 21.1382
v 17.6871 -56.4885 19.0364
v 20.2708 -57.9242 18.0618
v 31.5929 -54.8345 17.9574
v 32.8876 -56.2347 19.4857
v 14.6477 -52.0539 19.8511
v 16.3334 -53.1999 18.5665
v 31.5929 -53.9668 17.9574
v 33.8784 -53.4148 19.4857
v 38.0115 -51.4739 19.9177
v 40.0142 -50.7319 18.6775
v 11.0605 -47.4639 20.5799
v 13.7013 -48.5690 19.2613
v 16.0795 -47.0074 17.9426
v 35.4753 -46.4509 21.6560
v 38.2939 -47.7319 20.1668
v 40.0142 -49.0130 18.6775
v 11.0688 -44.3351 20.5567
v 13.7177 -44.3351 19.6196
v 16.8545 -44.3351 18.8409
v 34.7386 -44.2401 20.1048
v 37.0472 -45.5102 18.9893
v 11.5097 -41.7395 21.3476
v 13.7177 -41.7165 21.3947
v 17.8287 -40.6363 19.9133
v 20.1764 -39.1667 18.1293
v 33.8321 -40.3351 19.7780
v 18.9872 -36.3351 21.0012
v 20.8948 -36.3351 19.0012
v 31.4392 -34.5611 18.0968
v 33.1593 -36.0707 19.5693
v 19.6756 -34.3095 21.7243
v 21.9842 -34.0268 20.1458
v 25.7177 -33.2778 19.7780
v 29.9506 -33.5245 19.5693
v 32.5784 -33.9057 20.7635
v -64.6088 13.5664 21.5404
v -64.0177 13.5664 21.5404
v -72.9211 16.7403 19.7780
v -70.0077 16.5361 19.4206
v -66.0782 15.6758 20.3517
v -62.5236 15.7804 20.8329
v -59.2371 17.1906 21.3177
v -72.9938 19.7325 19.6788
v -70.0743 19.4448 19.3975
v -66.2975 19.3332 18.3249
v -62.2823 19.6649 19.2187
v -58.0552 19.3666 20.1572
v -54.2823 19.9413 20.2242
v -50.2823 20.4532 20.4886
v -46.2823 20.9903 20.7014
v -42.2823 21.3475 21.2667
v -40.2721 21.6599 21.7693
v -72.6164 21.9079 18.2793
v -70.0459 23.3764 19.8396
v -66.2463 23.5717 18.4479
v -62.2823 22.3654 18.2218
v -58.2823 22.1356 18.0973
v -54.2823 22.2484 18.2242
v -50.2823 22.9211 18.4886
v -46.6228 23.9995 18.7355
v -42.2823 23.6649 20.1314
v -38.6762 23.8757 21.2804
v -36.1049 25.3495 21.5024
v -69.3588 27.6649 20.7117
v -67.4777 27.6649 18.7117
v -45.9228 27.6649 18.4210
v -42.0743 27.8134 20.3653
v -38.2823 26.6352 21.1625
v -36.1049 26.0446 21.5024
v -72.6104 32.4859 21.6722
v -70.6662 31.5278 21.2033
v -66.4970 31.0835 19.5518
v -62.2823 31.1034 19.7780
v -58.2823 30.9629 19.7780
v -54.2823 31.0139 19.7780
v -49.9110 31.8823 19.4578
v -46.3127 31.6760 19.4242
v -43.4403 31.7767 19.6736
v -72.6104 33.8931 21.6722
v -71.7669 33.8931 21.6722
v -48.3301 33.7003 17.9109
v -46.1468 33.9162 19.4578
v -43.9899 33.9526 19.7780
v 15.4183 -78.8159 24.6098
v 16.9900 -78.8159 24.6098
v 15.0164 -76.6510 23.4770
v 18.2180 -76.5573 23.7484
v 20.2110 -74.9195 22.8871
v 14.1142 -72.3351 23.7780
v 19.4275 -72.3351 25.4713
v 20.7868 -72.3351 23.4713
v 11.6098 -66.5287 22.0846
v 13.7501 -67.9839 23.7815
v 18.0486 -68.1975 24.8217
v 21.8054 -68.4884 23.7976
v 25.0408 -67.5651 23.7780
v 11.2724 -64.1526 23.5620
v 13.7177 -65.2023 24.7832
v 17.7177 -65.3983 24.7212
v 20.2943 -65.6256 24.6687
v 27.0408 -65.7151 23.7780
v 28.7420 -63.7151 23.7780
v 11.2419 -60.7012 23.7780
v 12.0870 -58.7012 23.7780
v 30.7420 -61.1431 23.7780
v 32.5046 -59.1431 23.7780
v 11.6651 -55.5090 25.6984
v 12.5629 -56.6395 24.1302
v 34.5079 -56.3768 23.6002
v 36.3235 -55.0713 24.8150
v 11.5135 -52.3351 25.1262
v 12.4981 -52.3351 23.1262
v 35.3188 -54.0616 22.1484
v 37.0817 -52.5710 23.6002
v 10.6549 -48.6124 23.7043
v 11.8421 -50.1306 22.3219
v 34.6860 -47.1929 23.7780
v 36.9684 -49.1929 23.7780
v 10.2218 -44.3351 23.7780
v 33.5769 -44.3351 23.7780
v 10.9834 -40.3777 23.6169
v 13.7177 -39.7165 22.4892
v 16.1191 -39.4392 22.3282
v 34.1320 -40.3351 23.7780
v 10.6355 -36.3351 24.7575
v 13.7177 -36.3351 23.9826
v 16.9872 -36.3351 23.0030
v 34.5144 -36.3351 23.7780
v 11.0558 -33.1966 25.3525
v 13.7177 -33.0885 25.2713
v 18.0924 -33.7172 24.0279
v 21.7177 -33.4440 23.7780
v 25.7177 -33.2979 23.7780
v 29.7177 -32.5691 23.7780
v 32.9911 -33.0949 23.7780
v 11.1154 -27.4626 25.4462
v 12.3173 -27.4626 25.4462
v 11.1154 -26.0021 25.4462
v 12.3173 -26.0021 25.4462
v -64.6088 13.5664 22.2127
v -64.0177 13.5664 22.2127
v -72.9823 16.5046 23.7780
v -70.2823 15.3954 23.7780
v -66.0782 14.7075 23.6388
v -62.5236 14.7927 23.6388
v -58.0552 16.1028 23.4913
v -54.2823 16.6087 24.4979
v -52.0514 17.5231 25.2157
v -72.9823 18.5543 23.7780
v -71.1317 20.5543 23.7780
v -56.5704 17.8344 21.9668
v -54.2823 17.9413 22.4979
v -50.5438 18.6757 23.8406
v -46.0237 20.7054 24.0331
v -42.2823 21.3475 22.6170
v -40.2721 21.6599 21.8048
v -69.5431 23.6649 23.7780
v -44.5180 21.8334 25.5364
v -42.2823 22.1908 24.6170
v -38.6122 23.7736 23.3597
v -36.1049 25.3495 22.2479
v -72.7813 29.1320 24.4935
v -70.9813 27.7452 23.4073
v -40.6023 29.2456 22.1973
v -37.7123 27.8197 23.7852
v -36.1460 27.7218 23.9101
v -73.4416 31.3575 23.4073
v -70.4486 31.6972 22.9418
v -66.4453 33.0778 23.5793
v -62.2823 32.6023 22.6746
v -58.2823 32.3279 23.2422
v -54.2823 32.4740 23.0584
v -50.2823 32.3000 22.6194
v -47.3899 32.8342 22.2850
v -41.6645 31.7951 23.6296
v -38.2823 30.9398 24.9383
v -36.1871 30.4813 25.5724
v -73.4847 35.4019 23.8246
v -70.1681 35.3600 24.0040
v -66.4453 35.5621 24.8127
v -62.0644 35.9113 24.7040
v -58.4904 35.9113 25.2129
v -54.2823 35.6649 24.8810
v -50.6675 35.7328 24.8456
v -46.1468 34.5410 23.6822
v -43.7700 34.1751 23.7780
v -72.9857 39.6649 25.0533
v -70.2823 39.6649 24.5366
v -66.2823 39.6649 24.7141
v -62.9798 39.6649 25.2308
v -57.2959 38.2467 25.5506
v -54.2823 38.1387 25.6006
v -52.2577 37.7149 25.7688
v -72.6494 41.9282 25.4008
v -70.2823 42.2726 25.1976
v -66.2823 42.8827 25.1724
v -63.5754 42.7416 25.3671
v 15.4183 -78.8159 26.3061
v 16.9900 -78.8159 26.3061
v 15.2539 -76.3351 26.5198
v 17.4681 -76.3351 26.5198
v 14.9261 -72.3351 26.6490
v 17.4275 -72.3351 26.6490
v 14.8736 -68.0750 27.8477
v 16.4596 -68.0750 27.8477
v 22.9609 -66.9455 26.1880
v 24.6085 -66.9455 26.1880
v 11.1442 -63.4652 27.7780
v 13.5467 -65.3154 27.8413
v 17.6598 -64.3772 27.9866
v 21.6636 -64.3094 27.2726
v 25.6299 -64.3610 27.8677
v 28.7172 -63.3740 27.7780
v 2.9001 -58.8488 29.2877
v 5.7177 -59.0002 29.1783
v 10.0021 -59.8780 27.6308
v 11.7272 -58.3812 25.7929
v 19.3363 -62.1026 29.4230
v 21.7177 -61.6894 29.3388
v 23.9846 -61.7066 29.5474
v 30.8294 -60.0015 27.8035
v 31.9300 -58.4457 26.4873
v 2.9001 -57.7347 29.2877
v 5.7177 -57.2275 29.1783
v 9.8102 -56.4838 27.6308
v 11.7272 -58.1757 25.7929
v 31.5712 -58.1847 29.1539
v 33.4451 -57.1936 27.8035
v 36.2837 -55.0210 27.7780
v 7.6388 -50.8307 29.6408
v 9.2969 -52.2324 28.0957
v 35.2376 -50.9049 29.3246
v 36.4773 -52.2770 27.9060
v 7.6261 -48.3351 29.6143
v 8.8821 -48.3351 27.6143
v 31.0458 -47.2202 28.7744
v 33.5777 -48.6250 27.7162
v 36.2290 -50.0297 26.6580
v 3.0388 -42.9629 29.3215
v 6.0720 -44.6181 29.5092
v 9.1366 -44.6980 28.1293
v 31.0458 -45.6584 28.7744
v 32.8292 -44.3291 27.5758
v 3.0388 -41.2126 29.3215
v 5.6559 -39.9852 29.3432
v 9.2047 -40.1887 27.9302
v 34.0444 -40.3351 27.7780
v 6.9161 -36.3351 29.2009
v 8.6355 -36.3351 27.2009
v 27.2994 -34.7376 28.8881
v 29.7177 -35.0635 28.9673
v 33.0898 -36.2763 28.0634
v 7.3845 -32.3351 29.1734
v 9.7206 -32.0520 27.0080
v 13.7177 -31.0885 26.3948
v 17.8010 -31.5881 27.7578
v 21.7177 -32.5820 27.7780
v 25.8667 -33.6697 27.6440
v 29.7177 -33.2971 26.9673
v 32.5548 -33.1108 26.9203
v 7.4669 -29.9131 29.3283
v 10.3167 -28.4628 27.8321
v 13.1175 -28.3731 27.7247
v 16.5232 -29.7039 29.0777
v 11.1154 -26.0021 26.8312
v 12.3173 -26.0021 26.8312
v -72.3829 9.5777 29.6688
v -70.2823 9.4455 29.5426
v -67.6848 9.4597 29.5733
v -72.6538 11.6649 29.1517
v -70.2823 11.6649 28.3993
v -66.3238 11.4785 28.6037
v -62.2823 12.8548 28.8184
v -58.2823 13.1678 28.5770
v -54.2823 13.0175 28.5410
v -50.2823 13.3319 29.3883
v -48.1078 13.5240 29.6318
v -72.9462 15.8032 27.7424
v -70.2823 14.7150 26.6347
v -66.2823 14.4546 26.4636
v -62.2823 14.4303 26.8184
v -58.2823 14.0680 26.5770
v -54.2823 14.6087 26.5410
v -50.5438 15.9799 27.4725
v -47.6843 15.6649 29.1761
v -73.1151 19.5088 27.7082
v -71.3732 20.7381 26.3283
v -49.3848 18.2986 26.4551
v -46.0887 19.8378 27.7418
v -42.2823 21.3035 28.7917
v -40.0440 21.4709 29.2123
v -73.3590 23.6649 28.7947
v -70.8977 23.6649 26.7947
v -44.5180 21.8334 26.3619
v -42.2823 22.1908 26.7917
v -39.2875 23.5846 27.8386
v -73.7860 27.7452 27.8612
v -71.3453 26.4654 26.5833
v -37.2175 27.2691 27.7780
v -36.1622 29.2691 27.7780
v -76.4203 32.5850 28.9573
v -75.5935 31.4170 27.6856
v -68.5693 33.3479 26.1516
v -67.8874 33.3479 26.1516
v -41.5046 32.7652 27.7780
v -38.2823 31.4508 27.7780
v -36.1622 30.3506 27.7780
v -76.4203 34.5959 28.9573
v -75.5932 35.8235 27.6856
v -68.5693 34.1602 26.1516
v -67.8874 34.1602 26.1516
v -60.5858 37.4089 25.9194
v -59.9625 37.4089 25.9194
v -52.3732 37.5598 28.7114
v -50.6675 36.8120 27.5380
v -46.2823 36.0100 27.7780
v -43.5046 34.9973 27.7780
v -73.5504 40.0648 28.1777
v -72.2820 41.6647 29.7776
v -60.9798 39.6649 26.3189
v -58.2822 39.7899 27.4719
v -53.9369 38.6448 27.5380
v -52.2577 37.7149 26.0447
v -72.6494 41.9282 27.1109
v -70.3991 43.4034 28.2191
v -66.2238 44.8582 27.9076
v -62.2582 43.2919 27.7259
v -59.2686 42.2681 29.0245
v -68.5162 45.8769 29.3273
v -67.5182 45.8769 29.3273
v 11.1889 -67.1706 32.6032
v 13.5467 -67.4518 31.4731
v 16.7109 -67.1044 31.7780
v 10.6421 -64.6216 31.4731
v 12.0994 -66.1460 29.9366
v 18.6834 -64.5732 31.5080
v 20.7183 -63.3986 32.6614
v 26.6956 -62.7930 31.7780
v 28.5468 -62.7930 31.7780
v -4.6770 -58.7170 33.3262
v -2.2823 -58.9747 32.9163
v 1.6272 -59.1762 31.7597
v 5.7177 -59.9768 31.7780
v 8.7698 -61.2785 31.7780
v 19.3363 -62.1026 29.9947
v 22.0719 -60.5713 31.5689
v 24.8907 -60.3580 31.7971
v 29.6174 -60.3351 31.7780
v -4.7045 -56.3351 33.3235
v -2.2823 -56.3351 32.6894
v 1.6272 -56.3748 31.5600
v 5.7177 -55.2275 31.0550
v 7.9553 -54.7920 30.3318
v 23.4254 -57.9373 33.1432
v 24.3688 -57.9373 33.1432
v 30.7883 -57.3418 31.7780
v 33.4739 -55.2474 31.6329
v 35.8666 -54.5134 30.2029
v -4.4506 -54.1424 33.6237
v -2.0153 -52.6195 33.4893
v 1.8857 -52.3106 33.4711
v 5.8105 -52.2292 31.9626
v 7.9553 -53.4973 30.3318
v 34.9412 -52.0682 31.7415
v 35.8201 -52.0682 31.7415
v -0.6536 -48.3351 33.4737
v 1.8857 -48.6262 33.1253
v 5.4031 -48.6262 31.7687
v 30.9331 -47.3825 31.7780
v 33.8297 -49.4690 31.8792
v 35.7736 -50.1617 33.2800
v -0.9079 -44.3351 33.0596
v 1.7104 -44.3118 31.1940
v 6.0720 -44.6181 30.5333
v 8.5452 -43.6066 30.6374
v 30.9331 -45.4597 31.7780
v 33.3617 -43.4597 31.7780
v -0.8061 -40.3351 33.1116
v 1.7104 -40.0616 30.9710
v 5.6559 -39.9852 30.3128
v 8.5452 -41.4245 30.6374
v 33.5519 -40.3351 31.7780
v -0.4200 -38.2035 33.6203
v 1.7177 -37.9047 32.8173
v 5.8499 -36.4551 31.4068
v 8.3530 -35.0174 32.8254
v 27.2994 -34.7376 30.1442
v 29.7184 -35.7171 31.5977
v 31.9079 -37.7607 31.7780
v 7.3845 -32.3351 30.4538
v 9.0815 -32.3351 32.4538
v 14.7494 -30.6102 33.3479
v 17.8010 -31.1062 31.9199
v 21.7177 -32.0295 31.7780
v 25.8667 -33.0692 31.5977
v 28.3855 -33.6428 32.8109
v 7.4669 -29.9131 30.2983
v 10.0276 -29.3871 31.6902
v 13.5367 -29.2615 31.9199
v 16.5232 -29.7039 30.6812
v -72.3829 9.5777 30.3211
v -70.0363 9.4691 31.7038
v -66.3238 9.3526 31.7757
v -63.6972 9.3836 33.1075
v -72.6538 11.6649 30.8054
v -70.9276 11.6649 32.8054
v -65.0182 10.0208 30.4408
v -62.3313 11.0761 31.7757
v -57.9070 12.9265 32.1675
v -54.2823 13.0175 31.1847
v -50.2540 13.2065 31.7138
v -47.4265 13.3191 31.7780
v -72.9118 15.7555 31.8740
v -71.5527 14.4825 33.2714
v -56.3234 13.6879 33.7606
v -54.2823 14.1115 33.1847
v -51.5685 14.2373 33.0044
v -46.3017 15.6649 31.7780
v -76.3333 21.6311 33.7059
v -74.6806 20.0447 32.1347
v -45.1575 18.9582 31.7780
v -42.2823 20.7611 31.7780
v -40.0228 21.4679 31.7780
v -76.7316 23.6649 33.0950
v -75.3590 23.6649 31.0950
v -38.9398 23.6649 31.7780
v -76.8303 26.5126 32.9395
v -75.5693 27.7735 31.6749
v -37.7366 27.9079 31.4478
v -36.2174 29.4032 29.8943
v -77.1910 32.2436 31.7780
v -75.8216 30.2436 31.7780
v -44.4590 33.4083 33.6454
v -42.3450 32.3338 32.0984
v -38.6031 30.1465 31.4478
v -36.2174 29.7627 29.8943
v -77.4746 35.8235 31.4920
v -76.1245 37.2626 29.9679
v -52.8925 36.8053 31.7780
v -50.2823 35.8447 31.7780
v -45.9883 35.2567 32.0984
v -43.7201 34.9320 30.9787
v -77.0578 38.3201 32.6346
v -74.4887 39.9924 31.2065
v -72.2820 41.6647 29.7784
v -57.0018 40.9185 31.7780
v -54.8925 38.9185 31.7780
v -72.8529 42.0946 32.4450
v -70.3991 43.7714 31.5962
v -66.4555 45.4058 31.7859
v -62.2823 44.8911 30.6980
v -58.9938 43.6268 31.8862
v -68.5162 45.8769 30.7473
v -66.4555 46.1603 31.7859
v -62.2823 46.5454 32.6980
v -59.8420 46.0601 33.2917
v 11.1889 -67.1706 34.7429
v 13.7177 -67.4491 35.2209
v 17.7896 -66.8739 35.7463
v 20.1636 -66.7628 36.7555
v 10.4988 -64.4599 35.9569
v 13.7177 -65.6192 37.2209
v 17.7896 -65.9522 35.7463
v 21.0195 -64.5732 35.5645
v 27.4213 -62.3878 33.8947
v 27.8837 -62.3878 33.8947
v -4.9434 -59.0535 35.7780
v -2.2823 -60.0215 35.7780
v 1.7177 -60.1574 35.7780
v 5.7177 -60.5481 35.7780
v 8.5906 -61.6937 35.7780
v 22.9766 -60.3882 35.5823
v 25.8951 -60.3691 35.3400
v 28.2740 -60.3228 35.4480
v -5.1990 -56.3351 35.7780
v 23.4254 -57.9373 34.1185
v 24.3688 -57.9373 34.1185
v 30.1884 -56.0307 35.5101
v 31.9780 -54.4944 33.9982
v -4.5379 -53.9712 35.7780
v -2.9062 -51.9712 35.7780
v 3.3310 -50.9610 34.0044
v 3.9821 -50.9610 34.0044
v 31.0744 -53.1159 36.6649
v 33.2077 -51.8403 35.2679
v 35.7736 -50.5647 33.8709
v -1.4756 -48.3351 35.7780
v 3.3310 -50.1536 34.0044
v 3.9821 -50.1536 34.0044
v 30.4891 -47.6593 35.7780
v 33.3495 -49.6905 35.4338
v 35.7736 -50.1617 33.8709
v -1.5285 -44.3351 35.7780
v 30.4891 -45.2338 35.7780
v 32.7215 -43.2338 35.7780
v -1.2087 -40.3351 35.7780
v 33.0311 -40.3351 35.7780
v -0.5319 -38.0322 35.7780
v 1.7177 -37.2061 35.7780
v 5.7177 -36.6318 35.7780
v 9.6989 -35.7725 35.6815
v 13.7177 -35.2094 37.0294
v 16.0102 -34.6023 37.6073
v 30.4324 -36.2172 35.7780
v 32.0272 -38.2172 35.7780
v 11.0815 -32.3351 34.2008
v 13.5367 -32.1002 34.8138
v 17.4932 -32.9513 36.0756
v 21.7177 -32.6623 35.7780
v 25.7177 -32.9429 35.7780
v 28.4324 -33.6795 35.7780
v 11.5676 -30.2512 33.8358
v 12.0827 -30.2512 33.8358
v -68.5390 9.6310 33.8299
v -66.0933 9.1951 35.4091
v -62.3313 8.9425 35.8233
v -58.2823 8.8499 36.8773
v -55.9199 9.0331 37.1682
v -68.8988 11.9598 35.4091
v -67.3006 10.8231 36.4966
v -61.0306 10.4304 34.5202
v -57.9070 11.7242 34.6799
v -55.6602 11.6649 36.3487
v -49.2648 13.0381 35.7780
v -46.1023 12.9242 35.5793
v -43.9534 13.2662 36.7801
v -72.4431 17.1492 34.0837
v -70.6625 15.7555 35.5614
v -56.3234 13.6879 33.8154
v -54.4020 14.5136 35.4004
v -51.2648 14.7085 35.7780
v -44.8997 15.6649 34.5578
v -43.8183 15.6649 36.5578
v -76.4618 21.5094 35.7780
v -73.9788 19.8005 35.5614
v -71.4785 18.7649 36.7503
v -44.7388 18.3438 34.4823
v -42.5406 19.9700 35.5368
v -40.1746 21.5962 33.9246
v -76.7547 23.6072 35.9163
v -75.9315 24.9021 37.3419
v -41.5980 23.6649 36.4786
v -39.6858 23.6649 34.4786
v -76.8303 26.5126 34.6753
v -75.5301 27.7735 35.9163
v -41.6555 27.6649 36.4793
v -39.6675 27.6649 34.4793
v -80.6318 33.4216 36.8471
v -78.5265 32.7617 35.6194
v -75.6051 30.7184 35.7780
v -45.0493 32.8398 35.7780
v -42.4121 30.6776 35.4664
v -40.1503 29.7863 33.9254
v -80.6318 34.9366 36.8471
v -79.7738 36.0279 35.6194
v -53.4019 36.3294 35.7780
v -50.2823 35.1987 35.7780
v -47.0493 34.5343 35.7780
v -77.8414 38.7923 35.7780
v -74.2246 40.9046 36.0890
v -72.1903 41.5611 37.6297
v -60.5061 41.4404 37.5623
v -58.2662 40.6481 36.0485
v -55.4019 38.5624 35.7780
v -72.8529 42.0946 34.9630
v -70.6271 43.2343 36.0890
v -67.8245 45.3044 35.7780
v -60.5061 42.1009 37.5623
v -59.4333 43.5265 36.0485
v -65.8245 46.5712 35.7780
v -62.2823 47.0417 35.7780
v -59.7412 46.1355 35.7780
v 18.8028 -66.7628 38.5051
v 20.1636 -66.7628 38.5051
v 26.6762 -67.1072 41.1471
v 29.7177 -67.3490 41.1140
v 32.0251 -66.9148 41.5235
v 7.1270 -62.5768 41.0899
v 9.6371 -63.1993 39.7651
v 13.7177 -64.6299 39.7780
v 17.5687 -65.3684 39.8142
v 21.6355 -64.2858 39.8248
v 25.4928 -64.3592 40.6492
v 29.8841 -64.2278 40.8766
v 32.0251 -65.4896 41.5235
v -4.7691 -58.9111 38.6500
v -2.4058 -59.4642 39.9012
v 1.7177 -60.4116 39.7780
v 5.7633 -61.3688 39.7651
v 8.2501 -61.9285 38.4232
v 23.1075 -61.7570 38.4778
v 25.7177 -61.3862 38.8401
v 28.7657 -60.3228 39.8078
v -4.7768 -56.3351 38.7554
v -3.0007 -56.3351 40.7554
v 30.2133 -56.2553 39.8857
v 31.9446 -54.8688 41.2908
v -4.4549 -54.0425 38.2093
v -2.5606 -52.5595 39.6368
v 30.8876 -52.1910 39.5782
v 31.8576 -52.1910 39.5782
v -1.5003 -48.3351 39.7780
v 26.8077 -47.4180 40.5028
v 29.2439 -48.8370 39.1842
v 31.7707 -50.2560 37.8655
v -1.0956 -44.3351 39.7780
v 26.8077 -45.0202 40.5028
v 29.0960 -43.8554 39.3067
v 32.0326 -42.6906 38.1107
v -0.7028 -40.5240 39.5980
v 1.7177 -39.0772 41.0438
v 3.7317 -38.3431 41.7657
v 26.9782 -39.6340 41.1859
v 29.3299 -40.7144 40.0890
v 32.2619 -40.3351 38.1108
v -0.4774 -38.0627 38.1446
v 1.7177 -37.6364 39.0438
v 5.3261 -37.3754 40.1706
v 9.7177 -37.0097 39.7780
v 13.7177 -36.9043 39.7780
v 17.4932 -36.0786 39.6071
v 21.7177 -35.8934 40.3911
v 25.6740 -36.3898 40.2374
v 29.4889 -36.6415 38.4426
v 32.1283 -38.1792 37.8890
v 18.6769 -33.8360 38.1598
v 21.7177 -33.8114 38.3911
v 25.7177 -34.0493 38.2963
v 28.0029 -34.1532 38.0334
v -64.6339 9.1972 38.1512
v -62.2823 8.9729 38.2649
v -58.2823 8.8499 38.2526
v -55.9199 9.0331 38.1348
v -68.4495 13.4898 37.9986
v -66.0220 12.0411 39.4082
v -62.4534 11.8214 39.9507
v -58.2823 11.6649 38.6558
v -55.6602 11.6649 38.2198
v -48.9728 13.1492 38.5447
v -46.2823 12.9791 39.0587
v -43.9534 13.2662 38.7189
v -69.2035 15.7479 39.5104
v -67.4101 14.4698 40.6653
v -61.3641 15.6649 40.6294
v -58.2823 15.6649 39.2659
v -54.4020 15.7564 38.5215
v -50.2966 15.7564 38.9585
v -46.0895 15.8125 40.8887
v -43.8493 15.8125 39.9425
v -76.4706 21.4914 38.1999
v -74.1646 21.0586 39.6311
v -71.3084 19.0372 39.7780
v -60.7729 18.0527 41.2746
v -58.0045 19.4976 40.9243
v -54.2823 19.6649 40.0539
v -50.4477 19.4886 40.6365
v -46.0194 19.3204 41.2187
v -43.7304 19.4279 39.8207
v -76.4706 22.2354 38.1999
v -75.1330 23.6072 39.6311
v -56.4860 21.8193 41.5755
v -54.2823 22.0450 41.2987
v -51.8913 22.0174 41.3414
v -45.3521 23.6649 40.5383
v -43.5980 23.6649 38.5383
v -74.6315 27.6649 39.7780
v -45.8053 27.6649 40.4001
v -43.6555 27.6649 38.4001
v -80.6318 33.4216 37.9863
v -78.2823 33.1472 38.1325
v -75.0963 31.7968 39.5366
v -53.0263 32.7992 41.2214
v -50.2823 32.1951 40.7415
v -46.5719 31.3628 39.6421
v -43.8319 30.1547 38.3315
v -80.6318 34.9366 37.9863
v -78.6643 36.0279 38.4270
v -74.1853 35.8418 40.5880
v -72.1084 37.2931 41.5880
v -53.8579 35.6211 39.8440
v -50.2823 34.3680 38.7415
v -47.7950 34.0086 38.2860
v -77.5856 38.5130 38.3871
v -74.2823 39.2231 39.0923
v -71.6008 40.0026 40.0640
v -60.9915 40.7919 39.7780
v -58.2823 39.3157 39.7780
v -55.6938 38.1888 39.7780
v -69.5608 42.8817 39.7780
v -67.0546 44.8817 39.7780
v -61.6264 43.5265 39.4798
v -60.0011 44.7676 37.9477
v -65.0546 46.0058 39.7780
v -62.6590 46.0770 39.4798
v -60.0011 45.8972 37.9477
v 19.2155 -66.3800 45.6143
v 21.7177 -66.4859 45.2167
v 25.4992 -66.7992 44.0132
v 29.7177 -67.3490 43.1396
v 32.0251 -66.9148 42.5384
v -0.5617 -62.5184 45.5192
v 0.2563 -62.5184 45.5192
v 7.1270 -62.5768 42.8586
v 9.5468 -62.7664 44.0264
v 13.7177 -64.1941 43.7780
v 17.8164 -65.4527 44.0798
v 21.7177 -65.2611 43.2167
v 25.4992 -65.6806 44.0132
v 29.7264 -64.2378 44.0191
v 32.0251 -65.4896 42.5384
v -1.4187 -60.2267 44.0227
v 1.6409 -61.1647 44.0227
v 5.7633 -61.5914 44.0264
v 8.0995 -62.1990 45.5253
v 29.4221 -60.3351 43.7780
v -2.1216 -56.3351 43.7780
v 30.3832 -56.2553 43.7439
v 31.9446 -54.8688 42.3878
v -1.8556 -52.3351 43.7780
v 30.0933 -52.4937 43.7439
v 31.9446 -53.9328 42.3878
v -1.3215 -48.3351 43.7780
v 23.0079 -46.6078 45.4711
v 25.5717 -47.8442 43.9939
v 28.0467 -50.0169 43.7780
v -0.4561 -44.0465 44.1571
v -0.2614 -42.5209 45.7432
v 22.9305 -44.3351 45.3114
v 25.5717 -43.9462 43.0110
v 27.7381 -42.3536 41.7885
v -0.4463 -41.9832 43.0765
v 1.5185 -40.1631 43.7675
v 3.7317 -38.3431 41.7919
v 19.4710 -38.5822 44.5344
v 21.9138 -40.0834 44.3378
v 25.6740 -40.7144 42.6903
v 27.7381 -42.3007 41.7885
v 3.2983 -37.8928 44.4585
v 5.3261 -37.3532 43.3863
v 9.7440 -35.7832 43.8428
v 13.6929 -35.9964 43.8428
v 17.9697 -37.8236 43.4318
v 21.7177 -37.8934 42.2142
v 24.3116 -37.7596 42.2699
v 11.0948 -34.0939 45.2194
v 12.3431 -34.0939 45.2194
v -64.7434 13.2590 42.3916
v -63.9007 13.2590 42.3916
v -72.4752 17.5237 45.2842
v -70.3855 17.2148 43.8817
v -66.1590 15.3358 43.7461
v -63.3087 15.7012 43.7461
v -44.6277 17.2443 41.8624
v -44.1792 17.2443 41.8624
v -73.0860 19.7028 43.8817
v -71.7876 18.3947 42.6175
v -61.1840 19.4976 44.1534
v -58.3499 21.0600 43.9148
v -54.2823 20.9610 44.2800
v -50.4477 20.4531 43.5908
v -46.1333 19.4904 42.9570
v -44.1792 17.9365 41.8624
v -73.8663 23.6649 43.7780
v -60.3596 21.7202 45.7371
v -58.3499 21.7697 43.9148
v -54.2823 22.0450 42.2800
v -50.3336 23.4954 43.5897
v -47.2450 23.6501 43.7393
v -73.1970 27.6302 43.7031
v -71.7873 28.9403 44.9866
v -49.3297 27.6649 44.4152
v -47.8053 27.6649 42.4152
v -72.9319 32.0087 43.7031
v -71.7873 30.9045 44.9866
v -53.5750 32.2489 43.7780
v -50.4240 30.2758 43.5265
v -48.0154 29.9043 42.0255
v -72.6750 34.4268 43.7780
v -71.6479 36.4268 43.7780
v -56.6079 37.2425 45.1646
v -55.5835 35.8115 43.8100
v -69.6528 39.7214 43.7823
v -66.2823 40.6839 44.9095
v -62.3154 40.2462 43.8788
v -58.0777 38.3907 43.8100
v -56.0608 37.8369 42.4980
v -68.7456 42.2180 42.4519
v -65.9326 43.5968 42.7064
v -63.7946 43.6649 42.4330
v -64.3662 45.6900 41.8166
v -64.2436 45.6900 41.8166
v 19.2434 -66.4178 47.7780
v 21.7177 -66.9154 47.7780
v 24.7541 -66.8326 47.7780
v -0.5617 -62.5184 46.0767
v 0.2563 -62.5184 46.0767
v 10.7662 -62.4883 46.5631
v 13.9056 -63.0620 47.8491
v 17.2434 -65.1289 47.7780
v 26.7541 -65.3464 47.7780
v 28.3549 -63.3464 47.7780
v -1.1819 -60.1945 47.5572
v 1.6409 -60.9445 47.5572
v 5.7177 -60.3138 47.7780
v 9.5468 -61.3655 47.8491
v 12.6975 -61.9975 49.2298
v 27.2940 -58.8715 49.2697
v 28.6114 -60.2569 47.8730
v -5.2719 -55.0109 48.8627
v -3.0657 -56.3406 47.6288
v 27.2278 -56.3351 49.2244
v 28.8381 -56.3351 47.2244
v -5.2719 -53.5458 48.8627
v -3.0870 -52.2615 47.6288
v 27.0378 -52.3351 48.7990
v 28.4499 -52.3351 46.7990
v -1.2528 -48.3351 47.7780
v 22.9517 -46.8369 47.7780
v 25.7115 -49.0323 47.5327
v 27.8401 -50.1613 46.0358
v -0.3113 -45.1128 47.7780
v -0.2371 -43.1128 47.7780
v 21.8130 -44.3351 47.7780
v 1.1947 -40.3351 47.7780
v 19.3064 -39.1410 47.7780
v 20.5790 -41.1410 47.7780
v 3.1495 -37.3631 47.7780
v 5.5894 -35.4940 47.7520
v 8.4281 -34.8958 46.4013
v 15.0098 -34.8440 47.0963
v 16.9907 -36.2404 48.1690
v 6.8372 -33.9841 49.0680
v 9.7440 -33.7155 47.7520
v 13.6929 -33.9240 48.1690
v 15.7210 -34.3315 49.7630
v -72.4752 17.5237 45.9770
v -70.2823 17.4986 46.0421
v -66.2823 17.1498 46.5612
v -63.8839 17.0587 46.6692
v -72.8635 19.9819 47.4974
v -70.2823 19.1078 48.0421
v -66.2824 19.7023 48.2940
v -63.0414 19.6649 46.8081
v -57.5470 21.4006 46.9853
v -54.2823 20.9610 47.3720
v -50.2823 20.8705 46.7891
v -47.7937 21.2800 46.2082
v -73.1962 23.6649 47.7780
v -64.9491 22.7770 48.9270
v -61.9286 22.5976 47.6674
v -58.6411 21.9680 48.1024
v -54.0535 23.3025 49.2621
v -50.1785 23.6501 47.1958
v -47.7937 22.3068 46.2082
v -72.5632 27.6302 48.0962
v -71.7873 28.9403 46.9750
v -52.5677 26.2093 49.4595
v -51.3683 27.5916 47.9869
v -72.4463 32.0087 48.0962
v -71.7873 30.9045 46.9750
v -56.6005 33.2423 49.4090
v -54.4701 32.1614 47.9566
v -51.7695 30.1025 47.7780
v -72.4683 33.9182 47.7780
v -70.2791 35.7963 47.8768
v -67.6463 36.8795 49.2760
v -60.9984 37.0241 49.1908
v -57.9375 35.8000 47.9666
v -55.9286 34.5759 46.7424
v -68.9436 38.4258 46.6093
v -66.3007 38.6565 47.8768
v -62.3119 38.5863 47.8256
v -59.2746 38.3087 46.5241
v 19.5875 -66.4005 49.8998
v 21.7177 -66.7646 50.7348
v 24.4950 -66.8423 50.9319
v 15.3641 -62.4156 49.8689
v 18.0396 -63.9834 50.6432
v 21.7177 -64.3351 51.9967
v 25.7841 -64.3536 50.9896
v 28.1607 -63.0326 50.1902
v -0.7601 -58.7675 50.3812
v 1.7177 -58.9802 50.5242
v 5.7177 -58.7991 50.2308
v 9.7177 -59.2251 50.5702
v 13.7617 -60.4407 51.5789
v 17.7177 -61.6573 52.7681
v 21.7177 -61.7663 53.0399
v 25.6908 -60.2837 51.5441
v 28.1607 -61.5381 50.1902
v -5.2719 -55.0109 50.4618
v -2.1690 -56.3406 51.3109
v 1.7177 -56.3351 52.1741
v 5.7177 -56.3351 51.5110
v 9.7823 -56.2718 52.4768
v 12.1593 -57.5630 53.2890
v 25.5564 -56.3351 51.7780
v -5.2719 -53.5458 50.4618
v -1.9974 -52.5617 52.0872
v 1.7177 -54.0628 53.4279
v 5.7177 -53.8099 53.0582
v 8.4920 -53.9070 53.2197
v 25.1915 -52.3351 51.7780
v -0.9055 -48.3351 51.7780
v 18.9641 -47.6102 53.1341
v 21.9308 -48.0428 51.7917
v 24.3125 -49.5133 51.7780
v -0.3329 -45.8900 51.7780
v 0.3526 -43.8900 51.7780
v 18.8681 -44.3351 52.6302
v 20.6003 -44.3351 50.6302
v 2.4227 -40.1506 51.9040
v 4.2855 -38.6942 53.3214
v 18.6229 -40.4315 51.6461
v 19.8726 -41.8292 50.2248
v 3.3795 -37.4814 50.6547
v 5.5613 -36.3550 51.8388
v 9.7177 -35.6935 52.8313
v 13.7177 -35.7938 52.4090
v 16.4525 -36.5515 51.3871
v 6.8372 -33.9841 50.3562
v 9.7177 -33.7415 50.8313
v 13.7177 -34.0021 50.4090
v 15.7210 -34.3315 49.7931
v -72.3820 21.5265 50.0011
v -70.2823 21.1078 50.5171
v -67.6158 21.0606 50.5403
v -72.4386 23.6649 50.3559
v -70.2826 23.7717 52.2977
v -66.2824 23.3960 51.8354
v -62.2823 24.4725 51.7780
v -58.3688 24.3243 52.1545
v -55.2344 24.3942 51.0722
v -72.3828 27.6649 50.2318
v -70.2826 27.7613 52.3691
v -68.0170 29.1589 53.4914
v -57.1328 27.6649 53.3995
v -54.0535 27.5916 51.2133
v -52.0291 28.8760 50.0082
v -72.4734 31.6649 50.0357
v -70.2823 31.6649 51.0236
v -67.2420 31.6649 52.7659
v -57.2468 31.8113 51.8986
v -54.2823 30.5522 50.6015
v -52.0291 29.9373 50.0082
v -72.5118 33.9484 50.0639
v -70.2823 34.2884 50.1953
v -66.0701 35.3961 51.4640
v -62.3119 36.0546 51.6389
v -59.2455 34.4662 51.7780
v -64.9797 37.9590 50.2129
v -63.6650 37.9590 50.2129
v 14.8260 -58.8840 54.6634
v 17.7177 -59.6573 54.8432
v 21.7177 -59.7663 54.4804
v 24.0876 -59.0293 54.1796
v 11.2750 -54.8239 55.7780
v 13.5827 -56.5874 55.9092
v 17.7177 -56.8817 56.8432
v 21.4431 -56.1111 55.9820
v 24.0463 -56.3351 54.1318
v -0.6154 -51.5775 54.5483
v 1.9333 -51.7684 55.8402
v 5.5768 -51.5661 55.9468
v 9.2099 -52.4782 55.9468
v 19.6296 -50.5648 56.9825
v 21.4431 -52.0729 55.8217
v 23.8714 -52.3351 53.9292
v -0.5782 -48.3351 54.4452
v 1.1964 -48.3351 56.4452
v 6.8162 -50.0044 57.3927
v 8.1283 -50.0044 57.3927
v 19.0746 -48.7001 55.7007
v 21.7177 -50.1724 54.2800
v 23.8544 -50.1763 53.9095
v -0.3438 -46.2238 53.8973
v 1.9274 -44.4907 55.6957
v 4.3746 -42.7577 57.4940
v 17.8857 -44.3351 55.7780
v 3.1915 -41.3609 54.8274
v 5.6634 -40.4139 55.7966
v 9.7177 -39.8844 56.1525
v 13.7177 -39.9374 55.9955
v 16.5561 -40.6566 55.4451
v 6.9522 -37.8953 54.0992
v 9.7177 -37.6935 54.1525
v 13.7177 -37.7938 53.9955
v 15.9074 -38.0291 53.8898
v -68.9494 25.1762 54.5911
v -66.2309 25.0873 55.8658
v -62.5822 25.3700 55.3919
v -59.7598 25.6473 53.8012
v -68.9494 26.4922 54.5911
v -67.3840 27.7613 55.8658
v -61.4488 26.9431 56.4678
v -59.3476 28.0319 55.3919
v -65.5623 31.7095 55.6001
v -62.2823 32.2737 56.4138
v -59.4407 31.3074 55.6645
v -64.4939 33.9128 54.1482
v -62.2823 34.1326 54.4138
v -59.9151 34.0407 54.2555
v 11.6865 -54.4256 57.8600
v 13.7177 -54.7295 57.9848
v 17.7177 -54.8817 58.0607
v 19.9268 -54.6285 57.9612
v 3.4104 -50.4204 57.8665
v 4.1496 -50.4204 57.8665
v 11.0023 -52.3351 58.5672
v 13.7661 -52.0661 60.1256
v 17.7356 -51.8925 59.2998
v 19.9268 -53.2315 57.9612
v 3.1964 -48.3351 58.0305
v 5.5768 -48.5366 58.3517
v 9.5641 -48.5366 59.5218
v 13.7661 -48.4972 61.2814
v 17.2012 -48.4972 59.9094
v 3.3299 -45.4244 58.0261
v 5.7118 -44.1886 58.4690
v 9.7177 -44.3351 59.9312
v 13.7177 -44.3351 60.1089
v 16.7353 -44.3351 58.6333
v 7.0413 -42.1337 58.0619
v 9.7177 -41.8844 58.4791
v 13.7177 -41.9374 58.4573
v 15.9712 -42.2043 58.0328
v -64.8633 25.5959 58.0067
v -64.1155 25.5959 58.0067
v -65.3584 27.6649 58.5422
v -62.5822 28.0319 58.4149
v -60.2570 29.6098 57.8206
v -65.1361 30.4059 58.5683
v -62.2823 30.2737 58.4027
v -60.2570 29.7357 57.8206
v 15.1317 -50.5535 61.8888
v 15.8417 -50.5535 61.8888
v 15.1317 -49.9386 61.8888
v 15.8417 -49.9386 61.8888
f 5 1 4
f 5 2 1
f 5 3 2
f 5 6 3
f 8 5 4
f 8 9 5
f 9 6 5
f 9 10 6
f 10 7 6
f 10 11 7
f 12 10 9
f 12 13 10
f 14 10 13
f 14 11 10
f 16 12 15
f 16 13 12
f 17 13 16
f 17 14 13
f 20 19 18
f 20 21 19
f 26 1 2
f 26 25 1
f 26 20 25
f 26 21 20
f 3 26 2
f 3 27 26
f 26 22 21
f 26 27 22
f 27 23 22
f 27 28 23
f 31 1 25
f 31 4 1
f 30 25 24
f 30 31 25
f 33 27 3
f 33 3 6
f 7 33 6
f 7 34 33
f 33 28 27
f 33 34 28
f 34 29 28
f 34 35 29
f 31 8 4
f 31 36 8
f 37 9 8
f 37 8 36
f 36 31 32
f 36 32 37
f 38 34 7
f 38 7 11
f 39 34 38
f 39 35 34
f 41 9 37
f 41 12 9
f 40 37 36
f 40 41 37
f 42 38 11
f 42 11 14
f 41 15 12
f 41 43 15
f 44 16 15
f 44 15 43
f 42 14 17
f 42 17 45
f 45 17 16
f 45 16 44
f 46 44 43
f 46 47 44
f 19 48 18
f 19 49 48
f 48 20 18
f 48 52 20
f 49 19 21
f 49 21 53
f 52 48 49
f 52 49 53
f 54 21 22
f 54 53 21
f 23 54 22
f 23 55 54
f 54 51 50
f 54 55 51
f 61 20 52
f 61 25 20
f 61 24 25
f 61 60 24
f 62 61 52
f 62 52 53
f 63 55 23
f 63 23 28
f 29 63 28
f 29 64 63
f 65 57 56
f 65 66 57
f 67 59 58
f 67 68 59
f 60 30 24
f 60 69 30
f 68 60 59
f 68 69 60
f 70 31 30
f 70 30 69
f 32 31 70
f 32 70 71
f 72 64 29
f 72 29 35
f 75 65 74
f 75 66 65
f 78 68 77
f 78 69 68
f 78 70 69
f 78 79 70
f 80 32 71
f 80 37 32
f 80 36 37
f 80 79 36
f 80 70 79
f 80 71 70
f 72 35 39
f 72 39 82
f 39 38 81
f 39 81 82
f 84 73 83
f 84 74 73
f 86 76 85
f 86 77 76
f 86 78 77
f 86 87 78
f 79 40 36
f 79 88 40
f 88 78 87
f 88 79 78
f 89 41 40
f 89 40 88
f 81 38 42
f 81 42 91
f 92 88 87
f 92 93 88
f 89 43 41
f 89 94 43
f 93 89 88
f 93 94 89
f 96 91 42
f 96 42 45
f 96 45 44
f 96 44 95
f 96 95 90
f 96 90 91
f 94 46 43
f 94 97 46
f 95 44 47
f 95 47 98
f 98 47 46
f 98 46 97
f 101 50 51
f 101 100 50
f 104 50 100
f 104 54 50
f 54 103 53
f 54 104 103
f 104 99 103
f 104 100 99
f 105 101 51
f 105 51 55
f 104 100 101
f 104 101 105
f 57 107 56
f 57 108 107
f 110 58 59
f 110 109 58
f 111 59 60
f 111 110 59
f 112 60 61
f 112 111 60
f 103 62 53
f 103 113 62
f 113 61 62
f 113 112 61
f 113 102 112
f 113 103 102
f 114 105 55
f 114 55 63
f 64 114 63
f 64 115 114
f 114 106 105
f 114 115 106
f 107 65 56
f 107 117 65
f 118 108 57
f 118 57 66
f 109 67 58
f 109 119 67
f 118 109 108
f 118 119 109
f 120 68 67
f 120 67 119
f 121 115 64
f 121 64 72
f 124 65 117
f 124 74 65
f 124 73 74
f 124 123 73
f 124 116 123
f 124 117 116
f 118 66 75
f 118 75 125
f 75 74 124
f 75 124 125
f 126 118 125
f 126 119 118
f 120 77 68
f 120 127 77
f 127 76 77
f 127 126 76
f 126 120 119
f 126 127 120
f 121 72 82
f 121 82 129
f 82 81 128
f 82 128 129
f 130 121 129
f 130 122 121
f 131 73 123
f 131 83 73
f 124 74 84
f 124 84 132
f 84 83 131
f 84 131 132
f 132 125 124
f 132 133 125
f 134 76 126
f 134 85 76
f 134 125 133
f 134 126 125
f 135 86 85
f 135 85 134
f 136 87 86
f 136 86 135
f 128 81 91
f 128 91 138
f 91 90 137
f 91 137 138
f 139 128 138
f 139 129 128
f 136 92 87
f 136 140 92
f 141 93 92
f 141 92 140
f 142 94 93
f 142 93 141
f 143 137 90
f 143 90 95
f 144 137 143
f 144 138 137
f 145 141 140
f 145 146 141
f 142 97 94
f 142 147 97
f 146 142 141
f 146 147 142
f 143 95 98
f 143 98 148
f 148 98 97
f 148 97 147
f 154 99 100
f 154 153 99
f 155 150 149
f 155 156 150
f 159 151 158
f 159 152 151
f 160 99 153
f 160 103 99
f 160 102 103
f 160 159 102
f 160 152 159
f 160 153 152
f 161 154 100
f 161 100 104
f 105 161 104
f 105 162 161
f 106 162 105
f 106 163 162
f 166 107 108
f 166 165 107
f 166 155 165
f 166 156 155
f 109 166 108
f 109 167 166
f 110 167 109
f 110 168 167
f 169 110 111
f 169 168 110
f 169 157 168
f 169 158 157
f 170 102 159
f 170 112 102
f 170 111 112
f 170 169 111
f 170 158 169
f 170 159 158
f 171 163 106
f 171 106 115
f 176 107 165
f 176 117 107
f 176 116 117
f 176 175 116
f 176 164 175
f 176 165 164
f 171 115 121
f 171 121 177
f 122 177 121
f 122 178 177
f 177 172 171
f 177 178 172
f 179 174 173
f 179 180 174
f 181 116 175
f 181 123 116
f 178 122 130
f 178 130 183
f 130 129 182
f 130 182 183
f 183 182 177
f 183 177 178
f 185 179 184
f 185 180 179
f 186 123 181
f 186 131 123
f 185 181 180
f 185 186 181
f 187 132 131
f 187 131 186
f 133 132 187
f 133 187 188
f 189 134 133
f 189 133 188
f 135 134 189
f 135 189 190
f 191 136 135
f 191 135 190
f 182 129 139
f 182 139 193
f 139 138 192
f 139 192 193
f 194 182 193
f 194 183 182
f 195 185 184
f 195 196 185
f 197 185 196
f 197 186 185
f 197 187 186
f 197 198 187
f 199 187 198
f 199 188 187
f 191 140 136
f 191 201 140
f 200 191 190
f 200 201 191
f 192 138 144
f 192 144 203
f 144 143 202
f 144 202 203
f 201 145 140
f 201 205 145
f 205 200 204
f 205 201 200
f 206 146 145
f 206 145 205
f 207 147 146
f 207 146 206
f 202 143 148
f 202 148 208
f 148 147 207
f 148 207 208
f 209 202 208
f 209 203 202
f 150 210 149
f 150 211 210
f 213 151 152
f 213 212 151
f 214 152 153
f 214 213 152
f 215 153 154
f 215 214 153
f 210 155 149
f 210 218 155
f 211 150 156
f 211 156 219
f 219 218 210
f 219 210 211
f 221 151 212
f 221 158 151
f 158 220 157
f 158 221 220
f 222 213 214
f 222 214 223
f 215 154 161
f 215 161 224
f 223 214 215
f 223 215 224
f 225 161 162
f 225 224 161
f 163 225 162
f 163 226 225
f 229 216 228
f 229 217 216
f 230 155 218
f 230 165 155
f 230 164 165
f 230 229 164
f 230 217 229
f 230 218 217
f 231 219 156
f 231 156 166
f 230 218 219
f 230 219 231
f 232 166 167
f 232 231 166
f 220 168 157
f 220 233 168
f 233 167 168
f 233 232 167
f 234 233 220
f 234 220 221
f 235 223 224
f 235 224 236
f 236 224 225
f 236 225 237
f 238 226 163
f 238 163 171
f 237 225 226
f 237 226 238
f 239 171 172
f 239 238 171
f 241 173 174
f 241 240 173
f 241 227 240
f 241 228 227
f 242 164 229
f 242 175 164
f 242 228 241
f 242 229 228
f 243 237 238
f 243 238 244
f 245 239 172
f 245 172 178
f 245 178 177
f 245 177 244
f 244 238 239
f 244 239 245
f 246 173 240
f 246 179 173
f 247 241 174
f 247 174 180
f 248 175 242
f 248 181 175
f 248 180 181
f 248 247 180
f 247 242 241
f 247 248 242
f 244 177 182
f 244 182 252
f 251 243 244
f 251 244 252
f 253 182 183
f 253 252 182
f 246 184 179
f 246 254 184
f 189 188 256
f 189 256 257
f 258 190 189
f 258 189 257
f 257 249 250
f 257 250 258
f 193 192 259
f 193 259 260
f 253 183 194
f 253 194 261
f 194 193 260
f 194 260 261
f 261 260 252
f 261 252 253
f 262 184 254
f 262 195 184
f 196 195 262
f 196 262 263
f 262 254 255
f 262 255 263
f 264 197 196
f 264 196 263
f 198 197 264
f 198 264 265
f 256 188 199
f 256 199 266
f 199 198 265
f 199 265 266
f 267 190 258
f 267 200 190
f 268 259 192
f 268 192 203
f 267 204 200
f 267 269 204
f 270 205 204
f 270 204 269
f 271 206 205
f 271 205 270
f 207 206 271
f 207 271 272
f 273 208 207
f 273 207 272
f 268 203 209
f 268 209 274
f 209 208 273
f 209 273 274
f 275 271 270
f 275 276 271
f 277 271 276
f 277 272 271
f 213 278 212
f 213 279 278
f 282 216 217
f 282 281 216
f 283 217 218
f 283 282 217
f 285 212 278
f 285 221 212
f 279 213 222
f 279 222 286
f 286 285 278
f 286 278 279
f 287 222 223
f 287 286 222
f 286 280 279
f 286 287 280
f 290 216 281
f 290 228 216
f 290 227 228
f 290 289 227
f 291 283 218
f 291 218 230
f 231 291 230
f 231 292 291
f 291 284 283
f 291 292 284
f 293 231 232
f 293 292 231
f 294 232 233
f 294 293 232
f 285 234 221
f 285 295 234
f 234 294 233
f 234 295 294
f 296 295 285
f 296 285 286
f 297 287 223
f 297 223 235
f 236 297 235
f 236 298 297
f 297 288 287
f 297 298 288
f 299 236 237
f 299 298 236
f 300 227 289
f 300 240 227
f 301 293 294
f 301 294 302
f 303 302 294
f 303 294 295
f 304 303 295
f 304 295 296
f 299 237 243
f 299 243 305
f 306 240 300
f 306 246 240
f 250 249 307
f 250 307 308
f 308 307 301
f 308 301 302
f 309 308 302
f 309 302 303
f 305 243 251
f 305 251 310
f 311 251 252
f 311 310 251
f 312 246 306
f 312 254 246
f 255 254 312
f 255 312 313
f 315 307 249
f 315 249 257
f 257 256 314
f 257 314 315
f 316 250 308
f 316 258 250
f 311 252 260
f 311 260 318
f 260 259 317
f 260 317 318
f 319 255 313
f 319 263 255
f 264 263 319
f 264 319 320
f 321 265 264
f 321 264 320
f 322 314 256
f 322 256 266
f 322 266 265
f 322 265 321
f 316 267 258
f 316 324 267
f 323 316 315
f 323 324 316
f 317 259 268
f 317 268 326
f 327 317 326
f 327 318 317
f 329 320 328
f 329 321 320
f 330 267 324
f 330 269 267
f 270 269 330
f 270 330 331
f 330 324 325
f 330 325 331
f 273 272 332
f 273 332 333
f 326 268 274
f 326 274 334
f 274 273 333
f 274 333 334
f 335 326 334
f 335 327 326
f 331 275 270
f 331 336 275
f 337 276 275
f 337 275 336
f 332 272 277
f 332 277 338
f 277 276 337
f 277 337 338
f 339 332 338
f 339 333 332
f 340 333 339
f 340 334 333
f 341 334 340
f 341 335 334
f 343 337 342
f 343 338 337
f 344 340 339
f 344 345 340
f 280 346 279
f 280 347 346
f 350 281 282
f 350 349 281
f 351 282 283
f 351 350 282
f 284 351 283
f 284 352 351
f 346 286 279
f 346 356 286
f 357 347 280
f 357 280 287
f 357 356 346
f 357 346 347
f 288 357 287
f 288 358 357
f 360 281 349
f 360 290 281
f 360 289 290
f 360 359 289
f 360 348 359
f 360 349 348
f 361 352 284
f 361 284 292
f 293 361 292
f 293 362 361
f 361 353 352
f 361 362 353
f 364 354 363
f 364 355 354
f 356 296 286
f 356 365 296
f 365 355 364
f 365 356 355
f 366 358 288
f 366 288 298
f 299 366 298
f 299 367 366
f 369 289 359
f 369 300 289
f 370 362 293
f 370 293 301
f 370 363 362
f 370 371 363
f 371 364 363
f 371 372 364
f 373 296 365
f 373 304 296
f 304 372 303
f 304 373 372
f 373 364 372
f 373 365 364
f 374 367 299
f 374 299 305
f 374 368 367
f 374 375 368
f 369 306 300
f 369 376 306
f 370 301 307
f 370 307 377
f 379 303 372
f 379 309 303
f 309 378 308
f 309 379 378
f 379 371 378
f 379 372 371
f 380 374 305
f 380 305 310
f 311 380 310
f 311 381 380
f 380 375 374
f 380 381 375
f 382 306 376
f 382 312 306
f 383 313 312
f 383 312 382
f 377 307 315
f 377 315 385
f 315 314 384
f 315 384 385
f 378 316 308
f 378 386 316
f 386 315 316
f 386 385 315
f 387 381 311
f 387 311 318
f 383 319 313
f 383 388 319
f 389 320 319
f 389 319 388
f 384 314 322
f 384 322 391
f 322 321 390
f 322 390 391
f 385 323 315
f 385 392 323
f 393 324 323
f 393 323 392
f 325 324 393
f 325 393 394
f 387 318 327
f 387 327 395
f 389 328 320
f 389 397 328
f 396 389 388
f 396 397 389
f 390 321 329
f 390 329 398
f 329 328 397
f 329 397 398
f 399 390 398
f 399 391 390
f 401 392 400
f 401 393 392
f 402 325 394
f 402 331 325
f 403 395 327
f 403 327 335
f 404 399 398
f 404 405 399
f 406 399 405
f 406 400 399
f 402 336 331
f 402 407 336
f 337 336 407
f 337 407 408
f 410 339 338
f 410 338 409
f 403 335 341
f 403 341 412
f 341 340 411
f 341 411 412
f 413 406 405
f 413 414 406
f 408 342 337
f 408 415 342
f 409 338 343
f 409 343 416
f 343 342 415
f 343 415 416
f 416 415 408
f 416 408 409
f 410 344 339
f 410 417 344
f 411 340 345
f 411 345 418
f 345 344 417
f 345 417 418
f 419 411 418
f 419 412 411
f 422 421 420
f 422 423 421
f 434 348 349
f 434 433 348
f 434 424 433
f 434 425 424
f 350 434 349
f 350 435 434
f 434 426 425
f 434 435 426
f 351 435 350
f 351 436 435
f 436 426 435
f 436 427 426
f 352 436 351
f 352 437 436
f 436 428 427
f 436 437 428
f 353 437 352
f 353 438 437
f 439 429 438
f 439 430 429
f 440 354 355
f 440 439 354
f 439 431 430
f 439 440 431
f 441 355 356
f 441 440 355
f 357 441 356
f 357 442 441
f 358 442 357
f 358 443 442
f 445 348 433
f 445 359 348
f 445 432 444
f 445 433 432
f 446 438 353
f 446 353 362
f 447 354 439
f 447 363 354
f 363 446 362
f 363 447 446
f 446 439 438
f 446 447 439
f 443 358 366
f 443 366 448
f 449 366 367
f 449 448 366
f 368 449 367
f 368 450 449
f 445 369 359
f 445 453 369
f 452 445 444
f 452 453 445
f 371 370 454
f 371 454 455
f 456 450 368
f 456 368 375
f 457 450 456
f 457 451 450
f 458 369 453
f 458 376 369
f 454 370 377
f 454 377 459
f 455 378 371
f 455 460 378
f 460 454 459
f 460 455 454
f 461 456 375
f 461 375 381
f 458 382 376
f 458 462 382
f 463 383 382
f 463 382 462
f 465 459 377
f 465 377 385
f 465 385 384
f 465 384 464
f 460 386 378
f 460 466 386
f 466 385 386
f 466 465 385
f 466 459 465
f 466 460 459
f 461 381 387
f 461 387 468
f 463 388 383
f 463 470 388
f 469 463 462
f 469 470 463
f 471 464 384
f 471 384 391
f 465 392 385
f 465 472 392
f 472 464 471
f 472 465 464
f 394 393 473
f 394 473 474
f 476 468 387
f 476 387 395
f 475 467 468
f 475 468 476
f 470 396 388
f 470 478 396
f 477 470 469
f 477 478 470
f 479 397 396
f 479 396 478
f 480 398 397
f 480 397 479
f 481 471 391
f 481 391 399
f 472 400 392
f 472 482 400
f 400 481 399
f 400 482 481
f 481 472 471
f 481 482 472
f 473 393 401
f 473 401 483
f 401 400 482
f 401 482 483
f 474 402 394
f 474 484 402
f 484 473 483
f 484 474 473
f 486 476 395
f 486 395 403
f 480 404 398
f 480 488 404
f 487 480 479
f 487 488 480
f 489 405 404
f 489 404 488
f 490 482 400
f 490 400 406
f 484 407 402
f 484 492 407
f 491 484 483
f 491 492 484
f 493 408 407
f 493 407 492
f 409 408 493
f 409 493 494
f 410 409 494
f 410 494 495
f 497 486 403
f 497 403 412
f 497 496 485
f 497 485 486
f 498 405 489
f 498 413 405
f 499 490 406
f 499 406 414
f 414 413 498
f 414 498 499
f 498 489 490
f 498 490 499
f 500 410 495
f 500 417 410
f 418 417 500
f 418 500 501
f 501 500 495
f 501 495 496
f 497 412 419
f 497 419 502
f 419 418 501
f 419 501 502
f 421 503 420
f 421 504 503
f 503 422 420
f 503 505 422
f 504 421 423
f 504 423 506
f 423 422 505
f 423 505 506
f 510 424 425
f 510 509 424
f 510 505 509
f 510 506 505
f 511 425 426
f 511 510 425
f 510 507 506
f 510 511 507
f 427 511 426
f 427 512 511
f 511 508 507
f 511 512 508
f 428 512 427
f 428 513 512
f 515 429 430
f 515 514 429
f 431 515 430
f 431 516 515
f 518 424 509
f 518 433 424
f 518 432 433
f 518 517 432
f 519 513 428
f 519 428 437
f 520 429 514
f 520 438 429
f 520 437 438
f 520 519 437
f 521 516 431
f 521 431 440
f 441 521 440
f 441 522 521
f 523 441 442
f 523 522 441
f 524 442 443
f 524 523 442
f 525 432 517
f 525 444 432
f 526 525 517
f 526 517 518
f 527 524 443
f 527 443 448
f 528 448 449
f 528 527 448
f 529 449 450
f 529 528 449
f 451 529 450
f 451 530 529
f 525 452 444
f 525 531 452
f 532 453 452
f 532 452 531
f 531 525 526
f 531 526 532
f 530 451 457
f 530 457 534
f 457 456 533
f 457 533 534
f 536 453 532
f 536 458 453
f 533 456 461
f 533 461 537
f 539 458 536
f 539 462 458
f 538 536 535
f 538 539 536
f 541 537 461
f 541 461 468
f 468 467 540
f 468 540 541
f 539 469 462
f 539 542 469
f 540 467 475
f 540 475 543
f 544 475 476
f 544 543 475
f 544 540 543
f 544 541 540
f 542 477 469
f 542 545 477
f 546 478 477
f 546 477 545
f 547 479 478
f 547 478 546
f 483 482 548
f 483 548 549
f 553 544 476
f 553 476 486
f 553 486 485
f 553 485 552
f 553 552 543
f 553 543 544
f 547 487 479
f 547 555 487
f 554 547 546
f 554 555 547
f 556 488 487
f 556 487 555
f 489 488 556
f 489 556 557
f 548 482 490
f 548 490 558
f 490 489 557
f 490 557 558
f 549 491 483
f 549 559 491
f 559 548 558
f 559 549 548
f 560 492 491
f 560 491 559
f 559 549 550
f 559 550 560
f 561 493 492
f 561 492 560
f 494 493 561
f 494 561 562
f 563 495 494
f 563 494 562
f 564 552 485
f 564 485 496
f 564 496 495
f 564 495 563
f 564 563 551
f 564 551 552
f 565 496 497
f 565 564 496
f 567 557 566
f 567 558 557
f 568 496 564
f 568 501 496
f 565 497 502
f 565 502 569
f 502 501 568
f 502 568 569
f 568 564 565
f 568 565 569
f 504 570 503
f 504 571 570
f 570 505 503
f 570 572 505
f 571 504 506
f 571 506 573
f 573 572 570
f 573 570 571
f 507 573 506
f 507 574 573
f 508 574 507
f 508 575 574
f 572 509 505
f 572 576 509
f 577 575 508
f 577 508 512
f 513 577 512
f 513 578 577
f 580 514 515
f 580 579 514
f 581 515 516
f 581 580 515
f 576 518 509
f 576 582 518
f 583 578 513
f 583 513 519
f 584 514 579
f 584 520 514
f 520 583 519
f 520 584 583
f 583 579 578
f 583 584 579
f 581 516 521
f 581 521 585
f 586 521 522
f 586 585 521
f 587 522 523
f 587 586 522
f 588 523 524
f 588 587 523
f 582 526 518
f 582 592 526
f 593 585 586
f 593 586 594
f 595 594 586
f 595 586 587
f 588 524 527
f 588 527 596
f 595 587 588
f 595 588 596
f 597 527 528
f 597 596 527
f 529 597 528
f 529 598 597
f 597 590 589
f 597 598 590
f 599 529 530
f 599 598 529
f 602 526 592
f 602 532 526
f 602 591 601
f 602 592 591
f 599 530 534
f 599 534 604
f 604 534 533
f 604 533 603
f 603 598 599
f 603 599 604
f 606 600 605
f 606 601 600
f 607 532 602
f 607 536 532
f 607 535 536
f 607 606 535
f 607 601 606
f 607 602 601
f 608 603 533
f 608 533 537
f 609 535 606
f 609 538 535
f 610 539 538
f 610 538 609
f 611 608 537
f 611 537 541
f 610 542 539
f 610 613 542
f 618 611 541
f 618 541 544
f 618 544 543
f 618 543 617
f 620 542 613
f 620 545 542
f 619 613 612
f 619 620 613
f 621 546 545
f 621 545 620
f 622 621 614
f 622 614 615
f 622 615 616
f 622 616 623
f 550 549 625
f 550 625 626
f 617 543 552
f 617 552 628
f 628 552 551
f 628 551 627
f 629 546 621
f 629 554 546
f 630 555 554
f 630 554 629
f 629 621 622
f 629 622 630
f 631 556 555
f 631 555 630
f 631 630 622
f 631 622 623
f 557 556 631
f 557 631 632
f 631 623 624
f 631 624 632
f 625 549 559
f 625 559 634
f 634 559 558
f 634 558 633
f 635 550 626
f 635 560 550
f 635 625 634
f 635 626 625
f 636 561 560
f 636 560 635
f 562 561 636
f 562 636 637
f 638 627 551
f 638 551 563
f 563 562 637
f 563 637 638
f 639 627 638
f 639 628 627
f 640 557 632
f 640 566 557
f 633 558 567
f 633 567 641
f 567 566 640
f 567 640 641
f 640 632 633
f 640 633 641
f 643 572 573
f 643 642 572
f 574 643 573
f 574 644 643
f 645 574 575
f 645 644 574
f 642 576 572
f 642 649 576
f 645 575 577
f 645 577 651
f 650 644 645
f 650 645 651
f 652 577 578
f 652 651 577
f 653 578 579
f 653 652 578
f 580 653 579
f 580 654 653
f 581 654 580
f 581 655 654
f 655 646 654
f 655 647 646
f 658 576 649
f 658 582 576
f 658 648 657
f 658 649 648
f 660 659 653
f 660 653 654
f 661 655 581
f 661 581 585
f 661 656 655
f 661 662 656
f 590 664 589
f 590 665 664
f 667 582 658
f 667 592 582
f 667 591 592
f 667 666 591
f 667 657 666
f 667 658 657
f 661 585 593
f 661 593 668
f 594 668 593
f 594 669 668
f 668 662 661
f 668 669 662
f 595 669 594
f 595 670 669
f 669 663 662
f 669 670 663
f 671 595 596
f 671 670 595
f 664 597 589
f 664 672 597
f 672 596 597
f 672 671 596
f 665 590 598
f 665 598 673
f 672 664 665
f 672 665 673
f 676 591 666
f 676 601 591
f 676 600 601
f 676 675 600
f 673 598 603
f 673 603 677
f 677 674 673
f 677 678 674
f 675 605 600
f 675 679 605
f 680 606 605
f 680 605 679
f 677 603 608
f 677 608 682
f 680 609 606
f 680 684 609
f 683 680 679
f 683 684 680
f 685 610 609
f 685 609 684
f 689 682 608
f 689 608 611
f 689 688 681
f 689 681 682
f 690 684 683
f 690 691 684
f 692 610 685
f 692 613 610
f 692 612 613
f 692 691 612
f 691 685 684
f 691 692 685
f 615 614 693
f 615 693 694
f 616 615 694
f 616 694 695
f 696 695 686
f 696 686 687
f 698 689 611
f 698 611 618
f 698 618 617
f 698 617 697
f 698 697 688
f 698 688 689
f 699 612 691
f 699 619 612
f 700 620 619
f 700 619 699
f 701 693 614
f 701 614 621
f 701 621 620
f 701 620 700
f 702 693 701
f 702 694 693
f 703 616 695
f 703 623 616
f 624 623 703
f 624 703 704
f 703 695 696
f 703 696 704
f 709 697 617
f 709 617 628
f 711 700 710
f 711 701 700
f 712 624 704
f 712 632 624
f 633 632 712
f 633 712 713
f 634 633 713
f 634 713 714
f 715 635 634
f 715 634 714
f 715 714 705
f 715 705 706
f 636 635 715
f 636 715 716
f 717 637 636
f 717 636 716
f 718 638 637
f 718 637 717
f 718 717 707
f 718 707 708
f 709 628 639
f 709 639 719
f 639 638 718
f 639 718 719
f 719 718 708
f 719 708 709
f 721 642 643
f 721 720 642
f 722 643 644
f 722 721 643
f 647 725 646
f 647 726 725
f 720 649 642
f 720 729 649
f 729 648 649
f 729 728 648
f 730 729 720
f 730 720 721
f 722 644 650
f 722 650 731
f 730 721 722
f 730 722 731
f 732 650 651
f 732 731 650
f 733 651 652
f 733 732 651
f 732 724 723
f 732 733 724
f 734 652 653
f 734 733 652
f 735 646 725
f 735 654 646
f 736 726 647
f 736 647 655
f 735 725 726
f 735 726 736
f 656 736 655
f 656 737 736
f 739 648 728
f 739 657 648
f 739 727 738
f 739 728 727
f 734 653 659
f 734 659 740
f 735 660 654
f 735 741 660
f 741 659 660
f 741 740 659
f 742 741 735
f 742 735 736
f 737 656 662
f 737 662 743
f 742 736 737
f 742 737 743
f 744 662 663
f 744 743 662
f 746 657 739
f 746 666 657
f 745 739 738
f 745 746 739
f 750 749 740
f 750 740 741
f 751 750 741
f 751 741 742
f 744 663 670
f 744 670 753
f 752 743 744
f 752 744 753
f 754 670 671
f 754 753 670
f 755 671 672
f 755 754 671
f 673 755 672
f 673 756 755
f 674 756 673
f 674 757 756
f 746 676 666
f 746 759 676
f 676 758 675
f 676 759 758
f 760 759 746
f 760 746 747
f 761 748 749
f 761 749 762
f 762 749 750
f 762 750 763
f 766 765 752
f 766 752 753
f 767 754 755
f 767 755 768
f 769 768 755
f 769 755 756
f 757 674 678
f 757 678 770
f 678 677 769
f 678 769 770
f 771 675 758
f 771 679 675
f 772 771 758
f 772 758 759
f 774 762 763
f 774 763 775
f 775 763 764
f 775 764 776
f 780 769 677
f 780 677 682
f 780 682 681
f 780 681 779
f 780 779 768
f 780 768 769
f 771 683 679
f 771 781 683
f 782 781 771
f 782 771 772
f 782 772 773
f 782 773 783
f 687 686 785
f 687 785 786
f 787 777 778
f 787 778 788
f 789 779 681
f 789 681 688
f 781 690 683
f 781 790 690
f 791 691 690
f 791 690 790
f 790 781 782
f 790 782 791
f 792 791 782
f 792 782 783
f 792 783 784
f 792 784 793
f 795 785 686
f 795 686 695
f 695 694 794
f 695 794 795
f 786 696 687
f 786 796 696
f 796 785 795
f 796 786 785
f 800 789 688
f 800 688 697
f 801 691 791
f 801 699 691
f 802 700 699
f 802 699 801
f 801 791 792
f 801 792 802
f 803 802 792
f 803 792 793
f 804 794 694
f 804 694 702
f 702 701 803
f 702 803 804
f 804 803 793
f 804 793 794
f 796 704 696
f 796 805 704
f 706 705 807
f 706 807 808
f 810 809 797
f 810 797 798
f 811 708 707
f 811 707 810
f 811 810 798
f 811 798 799
f 812 800 697
f 812 697 709
f 812 709 708
f 812 708 811
f 812 811 799
f 812 799 800
f 802 710 700
f 802 813 710
f 803 701 711
f 803 711 814
f 711 710 813
f 711 813 814
f 814 813 802
f 814 802 803
f 815 704 805
f 815 712 704
f 713 712 815
f 713 815 816
f 815 805 806
f 815 806 816
f 817 807 705
f 817 705 714
f 817 714 713
f 817 713 816
f 817 816 806
f 817 806 807
f 818 706 808
f 818 715 706
f 716 715 818
f 716 818 819
f 818 808 809
f 818 809 819
f 820 810 707
f 820 707 717
f 820 717 716
f 820 716 819
f 820 819 809
f 820 809 810
f 724 821 723
f 724 822 821
f 824 727 728
f 824 823 727
f 825 728 729
f 825 824 728
f 730 825 729
f 730 826 825
f 827 730 731
f 827 826 730
f 828 723 821
f 828 732 723
f 828 731 732
f 828 827 731
f 829 822 724
f 829 724 733
f 828 821 822
f 828 822 829
f 830 733 734
f 830 829 733
f 831 727 823
f 831 738 727
f 832 831 823
f 832 823 824
f 833 832 824
f 833 824 825
f 833 825 826
f 833 826 834
f 835 834 826
f 835 826 827
f 836 830 734
f 836 734 740
f 743 837 742
f 743 838 837
f 839 738 831
f 839 745 738
f 840 746 745
f 840 745 839
f 839 831 832
f 839 832 840
f 747 746 840
f 747 840 841
f 840 832 833
f 840 833 841
f 842 841 833
f 842 833 834
f 843 842 834
f 843 834 835
f 836 740 749
f 836 749 845
f 845 749 748
f 845 748 844
f 837 751 742
f 837 847 751
f 751 846 750
f 751 847 846
f 838 743 752
f 838 752 848
f 847 837 838
f 847 838 848
f 850 753 754
f 850 849 753
f 757 851 756
f 757 852 851
f 841 760 747
f 841 854 760
f 760 853 759
f 760 854 853
f 855 854 841
f 855 841 842
f 844 748 761
f 844 761 856
f 857 761 762
f 857 856 761
f 846 763 750
f 846 858 763
f 764 763 858
f 764 858 859
f 858 846 847
f 858 847 859
f 848 752 765
f 848 765 860
f 859 847 848
f 859 848 860
f 849 766 753
f 849 861 766
f 861 765 766
f 861 860 765
f 860 849 848
f 860 861 849
f 850 754 767
f 850 767 862
f 861 849 850
f 861 850 862
f 863 767 768
f 863 862 767
f 864 756 851
f 864 769 756
f 865 852 757
f 865 757 770
f 770 769 864
f 770 864 865
f 864 851 852
f 864 852 865
f 853 772 759
f 853 866 772
f 773 772 866
f 773 866 867
f 867 866 853
f 867 853 854
f 867 854 855
f 867 855 868
f 857 762 774
f 857 774 871
f 870 856 857
f 870 857 871
f 872 774 775
f 872 871 774
f 859 776 764
f 859 873 776
f 776 872 775
f 776 873 872
f 874 873 859
f 874 859 860
f 876 778 777
f 876 777 875
f 875 861 862
f 875 862 876
f 863 768 779
f 863 779 877
f 876 862 863
f 876 863 877
f 878 773 867
f 878 783 773
f 784 783 878
f 784 878 879
f 878 867 868
f 878 868 879
f 879 868 869
f 879 869 880
f 882 881 870
f 882 870 871
f 882 871 872
f 882 872 883
f 883 872 873
f 883 873 884
f 884 873 874
f 884 874 885
f 875 777 787
f 875 787 886
f 876 788 778
f 876 887 788
f 887 787 788
f 887 886 787
f 877 779 789
f 877 789 888
f 888 887 876
f 888 876 877
f 889 784 879
f 889 793 784
f 794 793 889
f 794 889 890
f 889 879 880
f 889 880 890
f 891 795 794
f 891 794 890
f 796 795 891
f 796 891 892
f 894 883 884
f 894 884 895
f 897 798 797
f 897 797 896
f 897 896 885
f 897 885 886
f 799 798 897
f 799 897 898
f 897 886 887
f 897 887 898
f 899 888 789
f 899 789 800
f 899 800 799
f 899 799 898
f 899 898 887
f 899 887 888
f 900 796 892
f 900 805 796
f 806 805 900
f 806 900 901
f 900 892 893
f 900 893 901
f 902 807 806
f 902 806 901
f 808 807 902
f 808 902 903
f 904 896 797
f 904 797 809
f 904 809 808
f 904 808 903
f 904 903 895
f 904 895 896
f 828 905 827
f 828 906 905
f 829 906 828
f 829 907 906
f 908 829 830
f 908 907 829
f 905 835 827
f 905 909 835
f 910 909 905
f 910 905 906
f 908 830 836
f 908 836 912
f 911 907 908
f 911 908 912
f 909 843 835
f 909 914 843
f 843 913 842
f 843 914 913
f 915 914 909
f 915 909 910
f 915 910 911
f 915 911 916
f 917 912 836
f 917 836 845
f 917 845 844
f 917 844 916
f 917 916 911
f 917 911 912
f 919 848 849
f 919 918 848
f 913 855 842
f 913 920 855
f 921 920 913
f 921 913 914
f 921 914 915
f 921 915 922
f 923 916 844
f 923 844 856
f 923 922 915
f 923 915 916
f 918 860 848
f 918 924 860
f 919 849 861
f 919 861 925
f 924 918 919
f 924 919 925
f 926 855 920
f 926 868 855
f 869 868 926
f 869 926 927
f 926 920 921
f 926 921 927
f 928 927 921
f 928 921 922
f 923 856 870
f 923 870 929
f 928 922 923
f 928 923 929
f 924 874 860
f 924 930 874
f 925 861 875
f 925 875 931
f 930 924 925
f 930 925 931
f 932 869 927
f 932 880 869
f 932 927 928
f 932 928 933
f 929 870 881
f 929 881 934
f 933 928 929
f 933 929 934
f 935 881 882
f 935 934 881
f 936 882 883
f 936 935 882
f 938 874 930
f 938 885 874
f 885 937 884
f 885 938 937
f 939 931 875
f 939 875 886
f 939 886 885
f 939 885 938
f 939 938 930
f 939 930 931
f 940 880 932
f 940 890 880
f 891 890 940
f 891 940 941
f 940 932 933
f 940 933 941
f 942 892 891
f 942 891 941
f 942 941 933
f 942 933 934
f 893 892 942
f 893 942 943
f 942 934 935
f 942 935 943
f 936 883 894
f 936 894 944
f 943 935 936
f 943 936 944
f 937 895 884
f 937 945 895
f 945 894 895
f 945 944 894
f 946 938 885
f 946 885 896
f 946 896 895
f 946 895 945
f 946 945 937
f 946 937 938
f 947 893 943
f 947 901 893
f 902 901 947
f 902 947 948
f 947 943 944
f 947 944 948
f 949 945 895
f 949 895 903
f 949 903 902
f 949 902 948
f 949 948 944
f 949 944 945
f 907 950 906
f 907 951 950
f 950 910 906
f 950 952 910
f 951 907 911
f 951 911 953
f 953 911 910
f 953 910 952
f 952 950 951
f 952 951 953
f 958 954 957
f 958 955 954
f 958 956 955
f 958 959 956
f 962 961 960
f 962 963 961
f 967 962 966
f 967 963 962
f 967 964 963
f 967 968 964
f 972 965 971
f 972 966 965
f 973 966 972
f 973 967 966
f 974 967 973
f 974 968 967
f 975 968 974
f 975 969 968
f 975 970 969
f 975 976 970
f 977 973 972
f 977 978 973
f 979 973 978
f 979 974 973
f 985 980 984
f 985 981 980
f 986 981 985
f 986 982 981
f 988 954 955
f 988 987 954
f 988 983 987
f 988 984 983
f 956 988 955
f 956 989 988
f 988 985 984
f 988 989 985
f 992 954 987
f 992 957 954
f 993 958 957
f 993 957 992
f 994 989 956
f 994 956 959
f 994 959 958
f 994 958 993
f 994 993 988
f 994 988 989
f 995 991 990
f 995 996 991
f 961 1000 960
f 961 1001 1000
f 1002 997 1001
f 1002 998 997
f 1003 998 1002
f 1003 999 998
f 1004 960 1000
f 1004 962 960
f 1005 1001 961
f 1005 961 963
f 964 1005 963
f 964 1006 1005
f 1005 1002 1001
f 1005 1006 1002
f 1004 966 962
f 1004 1009 966
f 1009 965 966
f 1009 1008 965
f 1010 1006 964
f 1010 964 968
f 969 1010 968
f 969 1011 1010
f 1010 1007 1006
f 1010 1011 1007
f 970 1011 969
f 970 1012 1011
f 1008 971 965
f 1008 1014 971
f 1015 972 971
f 1015 971 1014
f 1015 1014 1008
f 1015 1008 1009
f 975 974 1016
f 975 1016 1017
f 1012 970 976
f 1012 976 1018
f 976 975 1017
f 976 1017 1018
f 1019 1012 1018
f 1019 1013 1012
f 1015 977 972
f 1015 1020 977
f 1021 978 977
f 1021 977 1020
f 1016 974 979
f 1016 979 1022
f 979 978 1021
f 979 1021 1022
f 1023 1016 1022
f 1023 1017 1016
f 1024 1021 1020
f 1024 1025 1021
f 1026 1021 1025
f 1026 1022 1021
f 1026 1023 1022
f 1026 1027 1023
f 1029 1024 1028
f 1029 1025 1024
f 1032 980 981
f 1032 1031 980
f 982 1032 981
f 982 1033 1032
f 1035 980 1031
f 1035 984 980
f 1035 983 984
f 1035 1034 983
f 1035 1030 1034
f 1035 1031 1030
f 1033 982 986
f 1033 986 1037
f 986 985 1036
f 986 1036 1037
f 1038 983 1034
f 1038 987 983
f 1040 1036 985
f 1040 985 989
f 989 988 1039
f 989 1039 1040
f 1041 1036 1040
f 1041 1037 1036
f 1042 990 991
f 1042 1041 990
f 1043 987 1038
f 1043 992 987
f 1039 988 993
f 1039 993 1044
f 993 992 1043
f 993 1043 1044
f 1045 1039 1044
f 1045 1040 1039
f 1046 990 1041
f 1046 995 990
f 1046 1040 1045
f 1046 1041 1040
f 1047 1042 991
f 1047 991 996
f 1047 996 995
f 1047 995 1046
f 1050 1049 1048
f 1050 1051 1049
f 1054 1053 1052
f 1054 1055 1053
f 1056 997 998
f 1056 1055 997
f 1057 998 999
f 1057 1056 998
f 1060 997 1055
f 1060 1001 997
f 1060 1000 1001
f 1060 1059 1000
f 1060 1054 1059
f 1060 1055 1054
f 1057 999 1003
f 1057 1003 1062
f 1003 1002 1061
f 1003 1061 1062
f 1065 1000 1059
f 1065 1004 1000
f 1065 1058 1064
f 1065 1059 1058
f 1066 1061 1002
f 1066 1002 1006
f 1007 1066 1006
f 1007 1067 1066
f 1071 1063 1070
f 1071 1064 1063
f 1065 1009 1004
f 1065 1072 1009
f 1072 1064 1071
f 1072 1065 1064
f 1073 1067 1007
f 1073 1007 1011
f 1012 1073 1011
f 1012 1074 1073
f 1073 1068 1067
f 1073 1074 1068
f 1013 1074 1012
f 1013 1075 1074
f 1074 1069 1068
f 1074 1075 1069
f 1072 1015 1009
f 1072 1077 1015
f 1076 1072 1071
f 1076 1077 1072
f 1018 1017 1078
f 1018 1078 1079
f 1080 1075 1013
f 1080 1013 1019
f 1019 1018 1079
f 1019 1079 1080
f 1080 1079 1074
f 1080 1074 1075
f 1077 1020 1015
f 1077 1082 1020
f 1081 1077 1076
f 1081 1082 1077
f 1078 1017 1023
f 1078 1023 1083
f 1082 1024 1020
f 1082 1084 1024
f 1026 1025 1085
f 1026 1085 1086
f 1083 1023 1027
f 1083 1027 1087
f 1087 1027 1026
f 1087 1026 1086
f 1084 1028 1024
f 1084 1088 1028
f 1085 1025 1029
f 1085 1029 1089
f 1029 1028 1088
f 1029 1088 1089
f 1090 1085 1089
f 1090 1086 1085
f 1093 1092 1091
f 1093 1094 1092
f 1097 1093 1096
f 1097 1094 1093
f 1097 1095 1094
f 1097 1098 1095
f 1104 1099 1098
f 1104 1105 1099
f 1106 1099 1105
f 1106 1100 1099
f 1106 1101 1100
f 1106 1107 1101
f 1107 1102 1101
f 1107 1108 1102
f 1108 1103 1102
f 1108 1109 1103
f 1110 1105 1104
f 1110 1111 1105
f 1112 1105 1111
f 1112 1106 1105
f 1113 1106 1112
f 1113 1107 1106
f 1113 1108 1107
f 1113 1114 1108
f 1114 1109 1108
f 1114 1115 1109
f 1117 1115 1114
f 1117 1118 1115
f 1118 1116 1115
f 1118 1119 1116
f 1121 1030 1031
f 1121 1120 1030
f 1032 1121 1031
f 1032 1122 1121
f 1123 1032 1033
f 1123 1122 1032
f 1124 1030 1120
f 1124 1034 1030
f 1125 1124 1120
f 1125 1120 1121
f 1125 1121 1122
f 1125 1122 1126
f 1123 1033 1037
f 1123 1037 1127
f 1126 1122 1123
f 1126 1123 1127
f 1124 1038 1034
f 1124 1128 1038
f 1128 1124 1125
f 1128 1125 1129
f 1130 1129 1125
f 1130 1125 1126
f 1131 1127 1037
f 1131 1037 1041
f 1130 1126 1127
f 1130 1127 1131
f 1132 1041 1042
f 1132 1131 1041
f 1133 1038 1128
f 1133 1043 1038
f 1044 1043 1133
f 1044 1133 1134
f 1133 1128 1129
f 1133 1129 1134
f 1045 1044 1134
f 1045 1134 1135
f 1134 1129 1130
f 1134 1130 1135
f 1136 1046 1045
f 1136 1045 1135
f 1132 1042 1047
f 1132 1047 1137
f 1047 1046 1136
f 1047 1136 1137
f 1049 1139 1048
f 1049 1140 1139
f 1139 1136 1135
f 1139 1140 1136
f 1140 1137 1136
f 1140 1141 1137
f 1144 1048 1139
f 1144 1050 1048
f 1144 1138 1143
f 1144 1139 1138
f 1145 1140 1049
f 1145 1049 1051
f 1051 1050 1144
f 1051 1144 1145
f 1146 1140 1145
f 1146 1141 1140
f 1053 1146 1052
f 1053 1147 1146
f 1146 1142 1141
f 1146 1147 1142
f 1149 1144 1143
f 1149 1150 1144
f 1151 1144 1150
f 1151 1145 1144
f 1152 1052 1146
f 1152 1054 1052
f 1152 1145 1151
f 1152 1146 1145
f 1153 1147 1053
f 1153 1053 1055
f 1056 1153 1055
f 1056 1154 1153
f 1153 1148 1147
f 1153 1154 1148
f 1155 1056 1057
f 1155 1154 1056
f 1156 1151 1150
f 1156 1157 1151
f 1158 1054 1152
f 1158 1059 1054
f 1158 1058 1059
f 1158 1157 1058
f 1158 1151 1157
f 1158 1152 1151
f 1155 1057 1062
f 1155 1062 1160
f 1062 1061 1159
f 1062 1159 1160
f 1162 1058 1157
f 1162 1064 1058
f 1162 1063 1064
f 1162 1161 1063
f 1162 1156 1161
f 1162 1157 1156
f 1159 1061 1066
f 1159 1066 1163
f 1067 1163 1066
f 1067 1164 1163
f 1163 1160 1159
f 1163 1164 1160
f 1068 1164 1067
f 1068 1165 1164
f 1166 1068 1069
f 1166 1165 1068
f 1168 1063 1161
f 1168 1070 1063
f 1169 1071 1070
f 1169 1070 1168
f 1172 1166 1069
f 1172 1069 1075
f 1172 1075 1074
f 1172 1074 1171
f 1172 1171 1165
f 1172 1165 1166
f 1174 1167 1173
f 1174 1168 1167
f 1169 1076 1071
f 1169 1175 1076
f 1174 1169 1168
f 1174 1175 1169
f 1177 1171 1074
f 1177 1074 1079
f 1177 1079 1078
f 1177 1078 1176
f 1177 1176 1170
f 1177 1170 1171
f 1179 1173 1178
f 1179 1174 1173
f 1175 1081 1076
f 1175 1180 1081
f 1179 1175 1174
f 1179 1180 1175
f 1181 1082 1081
f 1181 1081 1180
f 1182 1176 1078
f 1182 1078 1083
f 1181 1084 1082
f 1181 1184 1084
f 1183 1181 1180
f 1183 1184 1181
f 1182 1083 1087
f 1182 1087 1186
f 1087 1086 1185
f 1087 1185 1186
f 1184 1088 1084
f 1184 1188 1088
f 1187 1184 1183
f 1187 1188 1184
f 1189 1089 1088
f 1189 1088 1188
f 1185 1086 1090
f 1185 1090 1190
f 1090 1089 1189
f 1090 1189 1190
f 1191 1185 1190
f 1191 1186 1185
f 1092 1194 1091
f 1092 1195 1194
f 1197 1192 1196
f 1197 1193 1192
f 1199 1091 1194
f 1199 1093 1091
f 1200 1195 1092
f 1200 1092 1094
f 1095 1200 1094
f 1095 1201 1200
f 1201 1195 1200
f 1201 1196 1195
f 1202 1196 1201
f 1202 1197 1196
f 1202 1198 1197
f 1202 1203 1198
f 1209 1093 1199
f 1209 1096 1093
f 1097 1096 1209
f 1097 1209 1210
f 1209 1199 1200
f 1209 1200 1210
f 1211 1201 1095
f 1211 1095 1098
f 1211 1098 1097
f 1211 1097 1210
f 1212 1098 1099
f 1212 1211 1098
f 1212 1201 1211
f 1212 1202 1201
f 1100 1212 1099
f 1100 1213 1212
f 1213 1202 1212
f 1213 1203 1202
f 1214 1100 1101
f 1214 1213 1100
f 1213 1204 1203
f 1213 1214 1204
f 1215 1101 1102
f 1215 1214 1101
f 1214 1205 1204
f 1214 1215 1205
f 1103 1215 1102
f 1103 1216 1215
f 1215 1206 1205
f 1215 1216 1206
f 1217 1206 1216
f 1217 1207 1206
f 1217 1208 1207
f 1217 1218 1208
f 1211 1104 1098
f 1211 1221 1104
f 1221 1210 1220
f 1221 1211 1210
f 1222 1216 1103
f 1222 1103 1109
f 1222 1217 1216
f 1222 1223 1217
f 1224 1217 1223
f 1224 1218 1217
f 1224 1219 1218
f 1224 1225 1219
f 1221 1110 1104
f 1221 1228 1110
f 1228 1220 1227
f 1228 1221 1220
f 1229 1111 1110
f 1229 1110 1228
f 1230 1112 1111
f 1230 1111 1229
f 1113 1112 1230
f 1113 1230 1231
f 1114 1113 1231
f 1114 1231 1232
f 1222 1109 1115
f 1222 1115 1233
f 1116 1233 1115
f 1116 1234 1233
f 1234 1222 1233
f 1234 1223 1222
f 1236 1226 1235
f 1236 1227 1226
f 1237 1114 1232
f 1237 1117 1114
f 1118 1117 1237
f 1118 1237 1238
f 1237 1232 1233
f 1237 1233 1238
f 1239 1234 1116
f 1239 1116 1119
f 1119 1118 1238
f 1119 1238 1239
f 1131 1242 1130
f 1131 1243 1242
f 1242 1241 1240
f 1242 1243 1241
f 1244 1131 1132
f 1244 1243 1131
f 1245 1130 1242
f 1245 1135 1130
f 1244 1132 1137
f 1244 1137 1247
f 1246 1243 1244
f 1246 1244 1247
f 1245 1139 1135
f 1245 1249 1139
f 1139 1248 1138
f 1139 1249 1248
f 1247 1137 1141
f 1247 1141 1251
f 1251 1250 1246
f 1251 1246 1247
f 1142 1251 1141
f 1142 1252 1251
f 1248 1143 1138
f 1248 1253 1143
f 1254 1253 1248
f 1254 1248 1249
f 1255 1254 1249
f 1255 1249 1250
f 1256 1255 1250
f 1256 1250 1251
f 1257 1252 1142
f 1257 1142 1147
f 1148 1257 1147
f 1148 1258 1257
f 1253 1149 1143
f 1253 1259 1149
f 1150 1149 1259
f 1150 1259 1260
f 1261 1258 1148
f 1261 1148 1154
f 1155 1261 1154
f 1155 1262 1261
f 1260 1156 1150
f 1260 1264 1156
f 1265 1262 1155
f 1265 1155 1160
f 1268 1156 1264
f 1268 1161 1156
f 1268 1263 1267
f 1268 1264 1263
f 1269 1265 1160
f 1269 1160 1164
f 1165 1269 1164
f 1165 1270 1269
f 1269 1266 1265
f 1269 1270 1266
f 1272 1161 1268
f 1272 1168 1161
f 1272 1167 1168
f 1272 1271 1167
f 1272 1267 1271
f 1272 1268 1267
f 1274 1270 1165
f 1274 1165 1171
f 1274 1171 1170
f 1274 1170 1273
f 1275 1167 1271
f 1275 1173 1167
f 1276 1273 1170
f 1276 1170 1176
f 1275 1178 1173
f 1275 1277 1178
f 1278 1179 1178
f 1278 1178 1277
f 1279 1180 1179
f 1279 1179 1278
f 1280 1276 1176
f 1280 1176 1182
f 1282 1277 1281
f 1282 1278 1277
f 1279 1183 1180
f 1279 1283 1183
f 1282 1279 1278
f 1282 1283 1279
f 1284 1280 1182
f 1284 1182 1186
f 1285 1282 1281
f 1285 1286 1282
f 1283 1187 1183
f 1283 1287 1187
f 1287 1282 1286
f 1287 1283 1282
f 1288 1188 1187
f 1288 1187 1287
f 1289 1189 1188
f 1289 1188 1288
f 1290 1190 1189
f 1290 1189 1289
f 1284 1186 1191
f 1284 1191 1291
f 1191 1190 1290
f 1191 1290 1291
f 1294 1293 1292
f 1294 1295 1293
f 1193 1296 1192
f 1193 1297 1296
f 1299 1194 1195
f 1299 1298 1194
f 1300 1192 1296
f 1300 1196 1192
f 1196 1299 1195
f 1196 1300 1299
f 1301 1297 1193
f 1301 1193 1197
f 1300 1296 1297
f 1300 1297 1301
f 1198 1301 1197
f 1198 1302 1301
f 1305 1194 1298
f 1305 1199 1194
f 1306 1200 1199
f 1306 1199 1305
f 1307 1302 1198
f 1307 1198 1203
f 1204 1307 1203
f 1204 1308 1307
f 1307 1303 1302
f 1307 1308 1303
f 1205 1308 1204
f 1205 1309 1308
f 1308 1304 1303
f 1308 1309 1304
f 1310 1205 1206
f 1310 1309 1205
f 1311 1206 1207
f 1311 1310 1206
f 1312 1207 1208
f 1312 1311 1207
f 1306 1210 1200
f 1306 1313 1210
f 1314 1310 1311
f 1314 1311 1315
f 1312 1208 1218
f 1312 1218 1316
f 1315 1311 1312
f 1315 1312 1316
f 1317 1218 1219
f 1317 1316 1218
f 1313 1220 1210
f 1313 1319 1220
f 1224 1223 1320
f 1224 1320 1321
f 1317 1219 1225
f 1317 1225 1322
f 1225 1224 1321
f 1225 1321 1322
f 1321 1316 1317
f 1321 1317 1322
f 1319 1227 1220
f 1319 1324 1227
f 1324 1226 1227
f 1324 1323 1226
f 1324 1318 1323
f 1324 1319 1318
f 1325 1228 1227
f 1325 1227 1324
f 1326 1229 1228
f 1326 1228 1325
f 1230 1229 1326
f 1230 1326 1327
f 1328 1231 1230
f 1328 1230 1327
f 1329 1232 1231
f 1329 1231 1328
f 1330 1233 1232
f 1330 1232 1329
f 1320 1223 1234
f 1320 1234 1331
f 1332 1320 1331
f 1332 1321 1320
f 1333 1321 1332
f 1333 1322 1321
f 1323 1235 1226
f 1323 1334 1235
f 1324 1227 1236
f 1324 1236 1335
f 1236 1235 1334
f 1236 1334 1335
f 1337 1325 1336
f 1337 1326 1325
f 1337 1327 1326
f 1337 1338 1327
f 1339 1327 1338
f 1339 1328 1327
f 1340 1328 1339
f 1340 1329 1328
f 1330 1238 1233
f 1330 1341 1238
f 1341 1329 1340
f 1341 1330 1329
f 1342 1331 1234
f 1342 1234 1239
f 1239 1238 1341
f 1239 1341 1342
f 1343 1335 1334
f 1343 1344 1335
f 1344 1336 1335
f 1344 1345 1336
f 1346 1336 1345
f 1346 1337 1336
f 1347 1339 1338
f 1347 1348 1339
f 1349 1339 1348
f 1349 1340 1339
f 1350 1344 1343
f 1350 1351 1344
f 1351 1345 1344
f 1351 1352 1345
f 1353 1345 1352
f 1353 1346 1345
f 1241 1354 1240
f 1241 1355 1354
f 1356 1240 1354
f 1356 1242 1240
f 1357 1355 1241
f 1357 1241 1243
f 1356 1354 1355
f 1356 1355 1357
f 1356 1245 1242
f 1356 1358 1245
f 1357 1243 1246
f 1357 1246 1359
f 1359 1358 1356
f 1359 1356 1357
f 1358 1249 1245
f 1358 1360 1249
f 1359 1246 1250
f 1359 1250 1361
f 1250 1249 1360
f 1250 1360 1361
f 1361 1360 1358
f 1361 1358 1359
f 1252 1362 1251
f 1252 1363 1362
f 1254 1364 1253
f 1254 1365 1364
f 1366 1254 1255
f 1366 1365 1254
f 1365 1361 1360
f 1365 1366 1361
f 1362 1256 1251
f 1362 1367 1256
f 1256 1366 1255
f 1256 1367 1366
f 1363 1252 1257
f 1363 1257 1368
f 1368 1367 1362
f 1368 1362 1363
f 1369 1257 1258
f 1369 1368 1257
f 1364 1259 1253
f 1364 1372 1259
f 1373 1260 1259
f 1373 1259 1372
f 1374 1366 1367
f 1374 1367 1375
f 1376 1375 1367
f 1376 1367 1368
f 1369 1258 1261
f 1369 1261 1377
f 1378 1261 1262
f 1378 1377 1261
f 1379 1371 1370
f 1379 1380 1371
f 1381 1371 1380
f 1381 1372 1371
f 1382 1260 1373
f 1382 1264 1260
f 1382 1263 1264
f 1382 1381 1263
f 1382 1372 1381
f 1382 1373 1372
f 1378 1262 1265
f 1378 1265 1384
f 1383 1377 1378
f 1383 1378 1384
f 1266 1384 1265
f 1266 1385 1384
f 1387 1263 1381
f 1387 1267 1263
f 1389 1385 1266
f 1389 1266 1270
f 1391 1267 1387
f 1391 1271 1267
f 1391 1386 1390
f 1391 1387 1386
f 1394 1389 1270
f 1394 1270 1274
f 1394 1274 1273
f 1394 1273 1393
f 1394 1393 1388
f 1394 1388 1389
f 1391 1275 1271
f 1391 1397 1275
f 1397 1390 1396
f 1397 1391 1390
f 1399 1393 1273
f 1399 1273 1276
f 1399 1398 1392
f 1399 1392 1393
f 1401 1395 1400
f 1401 1396 1395
f 1402 1275 1397
f 1402 1277 1275
f 1399 1276 1280
f 1399 1280 1403
f 1402 1281 1277
f 1402 1405 1281
f 1404 1402 1401
f 1404 1405 1402
f 1403 1280 1284
f 1403 1284 1408
f 1405 1285 1281
f 1405 1410 1285
f 1409 1405 1404
f 1409 1410 1405
f 1411 1286 1285
f 1411 1285 1410
f 1412 1287 1286
f 1412 1286 1411
f 1413 1288 1287
f 1413 1287 1412
f 1414 1289 1288
f 1414 1288 1413
f 1415 1290 1289
f 1415 1289 1414
f 1415 1414 1406
f 1415 1406 1407
f 1416 1408 1284
f 1416 1284 1291
f 1416 1291 1290
f 1416 1290 1415
f 1416 1415 1407
f 1416 1407 1408
f 1417 1410 1409
f 1417 1418 1410
f 1419 1292 1293
f 1419 1418 1292
f 1418 1411 1410
f 1418 1419 1411
f 1420 1411 1419
f 1420 1412 1411
f 1421 1292 1418
f 1421 1294 1292
f 1422 1419 1293
f 1422 1293 1295
f 1295 1294 1421
f 1295 1421 1422
f 1421 1418 1419
f 1421 1419 1422
f 1427 1423 1426
f 1427 1424 1423
f 1427 1425 1424
f 1427 1428 1425
f 1435 1298 1299
f 1435 1434 1298
f 1435 1426 1434
f 1435 1427 1426
f 1436 1299 1300
f 1436 1435 1299
f 1436 1427 1435
f 1436 1428 1427
f 1301 1436 1300
f 1301 1437 1436
f 1436 1429 1428
f 1436 1437 1429
f 1438 1301 1302
f 1438 1437 1301
f 1437 1430 1429
f 1437 1438 1430
f 1439 1302 1303
f 1439 1438 1302
f 1438 1431 1430
f 1438 1439 1431
f 1304 1439 1303
f 1304 1440 1439
f 1440 1431 1439
f 1440 1432 1431
f 1441 1432 1440
f 1441 1433 1432
f 1434 1305 1298
f 1434 1442 1305
f 1443 1306 1305
f 1443 1305 1442
f 1444 1440 1304
f 1444 1304 1309
f 1310 1444 1309
f 1310 1445 1444
f 1444 1441 1440
f 1444 1445 1441
f 1443 1313 1306
f 1443 1449 1313
f 1448 1443 1442
f 1448 1449 1443
f 1450 1445 1310
f 1450 1310 1314
f 1451 1314 1315
f 1451 1450 1314
f 1450 1446 1445
f 1450 1451 1446
f 1452 1315 1316
f 1452 1451 1315
f 1451 1447 1446
f 1451 1452 1447
f 1454 1313 1449
f 1454 1319 1313
f 1454 1318 1319
f 1454 1453 1318
f 1454 1448 1453
f 1454 1449 1448
f 1455 1452 1316
f 1455 1316 1321
f 1322 1455 1321
f 1322 1456 1455
f 1458 1318 1453
f 1458 1323 1318
f 1325 1324 1459
f 1325 1459 1460
f 1332 1331 1461
f 1332 1461 1462
f 1456 1322 1333
f 1456 1333 1463
f 1333 1332 1462
f 1333 1462 1463
f 1458 1334 1323
f 1458 1465 1334
f 1464 1458 1457
f 1464 1465 1458
f 1459 1324 1335
f 1459 1335 1466
f 1460 1336 1325
f 1460 1467 1336
f 1336 1466 1335
f 1336 1467 1466
f 1466 1460 1459
f 1466 1467 1460
f 1338 1337 1468
f 1338 1468 1469
f 1472 1341 1340
f 1472 1340 1471
f 1461 1331 1342
f 1461 1342 1473
f 1473 1342 1341
f 1473 1341 1472
f 1465 1343 1334
f 1465 1474 1343
f 1468 1337 1346
f 1468 1346 1476
f 1469 1347 1338
f 1469 1477 1347
f 1476 1469 1468
f 1476 1477 1469
f 1478 1348 1347
f 1478 1347 1477
f 1471 1340 1349
f 1471 1349 1479
f 1479 1349 1348
f 1479 1348 1478
f 1479 1478 1470
f 1479 1470 1471
f 1480 1343 1474
f 1480 1350 1343
f 1351 1350 1480
f 1351 1480 1481
f 1480 1474 1475
f 1480 1475 1481
f 1352 1351 1481
f 1352 1481 1482
f 1476 1346 1353
f 1476 1353 1483
f 1353 1352 1482
f 1353 1482 1483
f 1484 1476 1483
f 1484 1477 1476
f 1485 1482 1481
f 1485 1486 1482
f 1489 1360 1361
f 1489 1488 1360
f 1491 1360 1488
f 1491 1365 1360
f 1491 1364 1365
f 1491 1490 1364
f 1491 1487 1490
f 1491 1488 1487
f 1489 1361 1366
f 1489 1366 1492
f 1369 1494 1368
f 1369 1495 1494
f 1499 1370 1371
f 1499 1498 1370
f 1500 1364 1490
f 1500 1372 1364
f 1500 1371 1372
f 1500 1499 1371
f 1492 1366 1374
f 1492 1374 1501
f 1375 1501 1374
f 1375 1502 1501
f 1501 1493 1492
f 1501 1502 1493
f 1494 1376 1368
f 1494 1503 1376
f 1376 1502 1375
f 1376 1503 1502
f 1504 1495 1369
f 1504 1369 1377
f 1506 1496 1505
f 1506 1497 1496
f 1498 1379 1370
f 1498 1507 1379
f 1507 1497 1506
f 1507 1498 1497
f 1508 1380 1379
f 1508 1379 1507
f 1509 1381 1380
f 1509 1380 1508
f 1510 1502 1503
f 1510 1503 1511
f 1504 1377 1383
f 1504 1383 1512
f 1513 1383 1384
f 1513 1512 1383
f 1514 1384 1385
f 1514 1513 1384
f 1515 1506 1505
f 1515 1516 1506
f 1516 1507 1506
f 1516 1517 1507
f 1517 1508 1507
f 1517 1518 1508
f 1509 1387 1381
f 1509 1519 1387
f 1519 1386 1387
f 1519 1518 1386
f 1519 1508 1518
f 1519 1509 1508
f 1514 1385 1389
f 1514 1389 1521
f 1521 1389 1388
f 1521 1388 1520
f 1520 1513 1514
f 1520 1514 1521
f 1522 1517 1516
f 1522 1523 1517
f 1524 1386 1518
f 1524 1390 1386
f 1526 1520 1388
f 1526 1388 1393
f 1526 1393 1392
f 1526 1392 1525
f 1527 1520 1526
f 1527 1521 1520
f 1528 1523 1522
f 1528 1529 1523
f 1530 1390 1524
f 1530 1396 1390
f 1530 1395 1396
f 1530 1529 1395
f 1529 1524 1523
f 1529 1530 1524
f 1531 1397 1396
f 1531 1396 1530
f 1525 1392 1398
f 1525 1398 1532
f 1533 1398 1399
f 1533 1532 1398
f 1535 1395 1529
f 1535 1400 1395
f 1534 1529 1528
f 1534 1535 1529
f 1536 1530 1396
f 1536 1396 1401
f 1536 1401 1400
f 1536 1400 1535
f 1537 1397 1531
f 1537 1402 1397
f 1537 1401 1402
f 1537 1536 1401
f 1537 1530 1536
f 1537 1531 1530
f 1533 1399 1403
f 1533 1403 1538
f 1540 1534 1539
f 1540 1535 1534
f 1536 1404 1401
f 1536 1541 1404
f 1540 1536 1535
f 1540 1541 1536
f 1407 1406 1543
f 1407 1543 1544
f 1545 1538 1403
f 1545 1403 1408
f 1545 1408 1407
f 1545 1407 1544
f 1546 1404 1541
f 1546 1409 1404
f 1546 1541 1542
f 1546 1542 1547
f 1550 1413 1412
f 1550 1412 1549
f 1543 1406 1414
f 1543 1414 1551
f 1551 1414 1413
f 1551 1413 1550
f 1552 1543 1551
f 1552 1544 1543
f 1553 1409 1546
f 1553 1417 1409
f 1554 1418 1417
f 1554 1417 1553
f 1553 1546 1547
f 1553 1547 1554
f 1419 1418 1554
f 1419 1554 1555
f 1549 1412 1420
f 1549 1420 1556
f 1420 1419 1555
f 1420 1555 1556
f 1556 1555 1548
f 1556 1548 1549
f 1424 1557 1423
f 1424 1558 1557
f 1425 1558 1424
f 1425 1559 1558
f 1561 1423 1557
f 1561 1426 1423
f 1561 1557 1558
f 1561 1558 1562
f 1563 1559 1425
f 1563 1425 1428
f 1429 1563 1428
f 1429 1564 1563
f 1563 1560 1559
f 1563 1564 1560
f 1565 1429 1430
f 1565 1564 1429
f 1566 1430 1431
f 1566 1565 1430
f 1432 1566 1431
f 1432 1567 1566
f 1433 1567 1432
f 1433 1568 1567
f 1569 1426 1561
f 1569 1434 1426
f 1570 1569 1561
f 1570 1561 1562
f 1571 1565 1566
f 1571 1566 1572
f 1573 1572 1566
f 1573 1566 1567
f 1568 1433 1441
f 1568 1441 1574
f 1569 1442 1434
f 1569 1576 1442
f 1577 1574 1441
f 1577 1441 1445
f 1446 1577 1445
f 1446 1578 1577
f 1447 1578 1446
f 1447 1579 1578
f 1576 1448 1442
f 1576 1581 1448
f 1581 1575 1580
f 1581 1576 1575
f 1582 1579 1447
f 1582 1447 1452
f 1581 1453 1448
f 1581 1584 1453
f 1583 1581 1580
f 1583 1584 1581
f 1582 1452 1455
f 1582 1455 1585
f 1586 1455 1456
f 1586 1585 1455
f 1588 1453 1584
f 1588 1458 1453
f 1588 1457 1458
f 1588 1587 1457
f 1591 1462 1461
f 1591 1461 1590
f 1592 1586 1456
f 1592 1456 1463
f 1592 1463 1462
f 1592 1462 1591
f 1592 1591 1585
f 1592 1585 1586
f 1587 1464 1457
f 1587 1593 1464
f 1594 1465 1464
f 1594 1464 1593
f 1596 1471 1470
f 1596 1470 1595
f 1472 1471 1596
f 1472 1596 1597
f 1598 1590 1461
f 1598 1461 1473
f 1598 1473 1472
f 1598 1472 1597
f 1598 1597 1589
f 1598 1589 1590
f 1594 1474 1465
f 1594 1600 1474
f 1599 1594 1593
f 1599 1600 1594
f 1601 1475 1474
f 1601 1474 1600
f 1603 1595 1470
f 1603 1470 1478
f 1603 1478 1477
f 1603 1477 1602
f 1601 1481 1475
f 1601 1605 1481
f 1604 1601 1600
f 1604 1605 1601
f 1607 1483 1482
f 1607 1482 1606
f 1602 1477 1484
f 1602 1484 1608
f 1484 1483 1607
f 1484 1607 1608
f 1605 1485 1481
f 1605 1609 1485
f 1606 1482 1486
f 1606 1486 1610
f 1486 1485 1609
f 1486 1609 1610
f 1609 1605 1606
f 1609 1606 1610
f 1611 1606 1610
f 1611 1607 1606
f 1612 1607 1611
f 1612 1608 1607
f 1614 1487 1488
f 1614 1613 1487
f 1489 1614 1488
f 1489 1615 1614
f 1613 1490 1487
f 1613 1617 1490
f 1618 1617 1613
f 1618 1613 1614
f 1619 1615 1489
f 1619 1489 1492
f 1619 1618 1614
f 1619 1614 1615
f 1620 1492 1493
f 1620 1619 1492
f 1619 1616 1615
f 1619 1620 1616
f 1495 1621 1494
f 1495 1622 1621
f 1624 1496 1497
f 1624 1623 1496
f 1625 1497 1498
f 1625 1624 1497
f 1499 1625 1498
f 1499 1626 1625
f 1617 1500 1490
f 1617 1627 1500
f 1500 1626 1499
f 1500 1627 1626
f 1628 1620 1493
f 1628 1493 1502
f 1621 1503 1494
f 1621 1629 1503
f 1622 1495 1504
f 1622 1504 1630
f 1630 1629 1621
f 1630 1621 1622
f 1631 1496 1623
f 1631 1505 1496
f 1628 1502 1510
f 1628 1510 1632
f 1633 1503 1629
f 1633 1511 1503
f 1511 1632 1510
f 1511 1633 1632
f 1633 1628 1632
f 1633 1629 1628
f 1630 1504 1512
f 1630 1512 1634
f 1635 1512 1513
f 1635 1634 1512
f 1631 1515 1505
f 1631 1636 1515
f 1637 1516 1515
f 1637 1515 1636
f 1639 1518 1517
f 1639 1517 1638
f 1635 1513 1520
f 1635 1520 1641
f 1640 1634 1635
f 1640 1635 1641
f 1642 1520 1521
f 1642 1641 1520
f 1637 1522 1516
f 1637 1643 1522
f 1644 1638 1517
f 1644 1517 1523
f 1645 1518 1639
f 1645 1524 1518
f 1645 1523 1524
f 1645 1644 1523
f 1644 1639 1638
f 1644 1645 1639
f 1647 1526 1525
f 1647 1525 1646
f 1642 1521 1527
f 1642 1527 1648
f 1648 1527 1526
f 1648 1526 1647
f 1647 1641 1642
f 1647 1642 1648
f 1649 1522 1643
f 1649 1528 1522
f 1650 1646 1525
f 1650 1525 1532
f 1651 1532 1533
f 1651 1650 1532
f 1652 1528 1649
f 1652 1534 1528
f 1651 1533 1538
f 1651 1538 1653
f 1652 1539 1534
f 1652 1654 1539
f 1655 1540 1539
f 1655 1539 1654
f 1656 1541 1540
f 1656 1540 1655
f 1542 1541 1656
f 1542 1656 1657
f 1661 1653 1538
f 1661 1538 1545
f 1545 1544 1660
f 1545 1660 1661
f 1662 1542 1657
f 1662 1547 1542
f 1662 1657 1658
f 1662 1658 1663
f 1664 1549 1548
f 1664 1548 1663
f 1663 1658 1659
f 1663 1659 1664
f 1665 1550 1549
f 1665 1549 1664
f 1666 1551 1550
f 1666 1550 1665
f 1660 1544 1552
f 1660 1552 1667
f 1552 1551 1666
f 1552 1666 1667
f 1668 1547 1662
f 1668 1554 1547
f 1669 1663 1548
f 1669 1548 1555
f 1555 1554 1668
f 1555 1668 1669
f 1669 1668 1662
f 1669 1662 1663
f 1559 1670 1558
f 1559 1671 1670
f 1560 1671 1559
f 1560 1672 1671
f 1670 1562 1558
f 1670 1675 1562
f 1676 1675 1670
f 1676 1670 1671
f 1677 1672 1560
f 1677 1560 1564
f 1565 1677 1564
f 1565 1678 1677
f 1677 1673 1672
f 1677 1678 1673
f 1679 1673 1678
f 1679 1674 1673
f 1568 1680 1567
f 1568 1681 1680
f 1675 1570 1562
f 1675 1684 1570
f 1570 1683 1569
f 1570 1684 1683
f 1685 1678 1565
f 1685 1565 1571
f 1572 1685 1571
f 1572 1686 1685
f 1685 1679 1678
f 1685 1686 1679
f 1680 1573 1567
f 1680 1687 1573
f 1573 1686 1572
f 1573 1687 1686
f 1688 1681 1568
f 1688 1568 1574
f 1688 1682 1681
f 1688 1689 1682
f 1683 1576 1569
f 1683 1691 1576
f 1691 1575 1576
f 1691 1690 1575
f 1692 1691 1683
f 1692 1683 1684
f 1693 1688 1574
f 1693 1574 1577
f 1578 1693 1577
f 1578 1694 1693
f 1693 1689 1688
f 1693 1694 1689
f 1695 1578 1579
f 1695 1694 1578
f 1696 1575 1690
f 1696 1580 1575
f 1695 1579 1582
f 1695 1582 1699
f 1698 1694 1695
f 1698 1695 1699
f 1700 1580 1696
f 1700 1583 1580
f 1701 1584 1583
f 1701 1583 1700
f 1700 1696 1697
f 1700 1697 1701
f 1703 1699 1582
f 1703 1582 1585
f 1703 1702 1698
f 1703 1698 1699
f 1701 1588 1584
f 1701 1706 1588
f 1706 1587 1588
f 1706 1705 1587
f 1708 1590 1589
f 1708 1589 1707
f 1709 1703 1585
f 1709 1585 1591
f 1709 1591 1590
f 1709 1590 1708
f 1709 1708 1702
f 1709 1702 1703
f 1705 1593 1587
f 1705 1711 1593
f 1711 1704 1710
f 1711 1705 1704
f 1713 1596 1595
f 1713 1595 1712
f 1714 1707 1589
f 1714 1589 1597
f 1714 1597 1596
f 1714 1596 1713
f 1711 1599 1593
f 1711 1715 1599
f 1716 1600 1599
f 1716 1599 1715
f 1712 1595 1603
f 1712 1603 1720
f 1720 1603 1602
f 1720 1602 1719
f 1716 1604 1600
f 1716 1721 1604
f 1722 1605 1604
f 1722 1604 1721
f 1721 1716 1717
f 1721 1717 1722
f 1723 1606 1605
f 1723 1605 1722
f 1719 1602 1608
f 1719 1608 1725
f 1725 1724 1718
f 1725 1718 1719
f 1726 1606 1723
f 1726 1610 1606
f 1611 1610 1726
f 1611 1726 1727
f 1725 1608 1612
f 1725 1612 1728
f 1612 1611 1727
f 1612 1727 1728
f 1616 1729 1615
f 1616 1730 1729
f 1736 1617 1618
f 1736 1735 1617
f 1729 1619 1615
f 1729 1737 1619
f 1737 1618 1619
f 1737 1736 1618
f 1730 1616 1620
f 1730 1620 1738
f 1737 1729 1730
f 1737 1730 1738
f 1740 1731 1739
f 1740 1732 1731
f 1741 1732 1740
f 1741 1733 1732
f 1624 1742 1623
f 1624 1743 1742
f 1744 1624 1625
f 1744 1743 1624
f 1626 1744 1625
f 1626 1745 1744
f 1746 1617 1735
f 1746 1627 1617
f 1746 1626 1627
f 1746 1745 1626
f 1746 1734 1745
f 1746 1735 1734
f 1747 1738 1620
f 1747 1620 1628
f 1748 1628 1629
f 1748 1747 1628
f 1747 1739 1738
f 1747 1748 1739
f 1630 1748 1629
f 1630 1749 1748
f 1749 1739 1748
f 1749 1740 1739
f 1742 1631 1623
f 1742 1750 1631
f 1751 1750 1742
f 1751 1742 1743
f 1749 1630 1634
f 1749 1634 1752
f 1754 1631 1750
f 1754 1636 1631
f 1637 1636 1754
f 1637 1754 1755
f 1754 1750 1751
f 1754 1751 1755
f 1752 1634 1640
f 1752 1640 1756
f 1757 1640 1641
f 1757 1756 1640
f 1756 1753 1752
f 1756 1757 1753
f 1758 1637 1755
f 1758 1643 1637
f 1761 1757 1641
f 1761 1641 1647
f 1761 1647 1646
f 1761 1646 1760
f 1761 1760 1756
f 1761 1756 1757
f 1758 1649 1643
f 1758 1762 1649
f 1760 1646 1650
f 1760 1650 1764
f 1764 1763 1759
f 1764 1759 1760
f 1765 1650 1651
f 1765 1764 1650
f 1766 1649 1762
f 1766 1652 1649
f 1765 1651 1653
f 1765 1653 1771
f 1770 1764 1765
f 1770 1765 1771
f 1772 1652 1766
f 1772 1654 1652
f 1655 1654 1772
f 1655 1772 1773
f 1772 1766 1767
f 1772 1767 1773
f 1656 1655 1773
f 1656 1773 1774
f 1773 1767 1768
f 1773 1768 1774
f 1775 1657 1656
f 1775 1656 1774
f 1658 1657 1775
f 1658 1775 1776
f 1659 1658 1776
f 1659 1776 1777
f 1780 1779 1769
f 1780 1769 1770
f 1781 1771 1653
f 1781 1653 1661
f 1781 1661 1660
f 1781 1660 1780
f 1781 1780 1770
f 1781 1770 1771
f 1782 1659 1777
f 1782 1664 1659
f 1665 1664 1782
f 1665 1782 1783
f 1782 1777 1778
f 1782 1778 1783
f 1666 1665 1783
f 1666 1783 1784
f 1784 1783 1778
f 1784 1778 1779
f 1785 1780 1660
f 1785 1660 1667
f 1785 1667 1666
f 1785 1666 1784
f 1785 1784 1779
f 1785 1779 1780
f 1672 1786 1671
f 1672 1787 1786
f 1673 1787 1672
f 1673 1788 1787
f 1674 1788 1673
f 1674 1789 1788
f 1786 1676 1671
f 1786 1791 1676
f 1676 1790 1675
f 1676 1791 1790
f 1792 1791 1786
f 1792 1786 1787
f 1793 1792 1787
f 1793 1787 1788
f 1794 1789 1674
f 1794 1674 1679
f 1793 1788 1789
f 1793 1789 1794
f 1681 1795 1680
f 1681 1796 1795
f 1682 1796 1681
f 1682 1797 1796
f 1790 1684 1675
f 1790 1798 1684
f 1799 1798 1790
f 1799 1790 1791
f 1800 1792 1793
f 1800 1793 1801
f 1794 1679 1686
f 1794 1686 1802
f 1801 1793 1794
f 1801 1794 1802
f 1795 1687 1680
f 1795 1803 1687
f 1687 1802 1686
f 1687 1803 1802
f 1804 1803 1795
f 1804 1795 1796
f 1797 1682 1689
f 1797 1689 1805
f 1805 1804 1796
f 1805 1796 1797
f 1691 1806 1690
f 1691 1807 1806
f 1798 1692 1684
f 1798 1808 1692
f 1692 1807 1691
f 1692 1808 1807
f 1809 1800 1801
f 1809 1801 1810
f 1811 1810 1801
f 1811 1801 1802
f 1811 1802 1803
f 1811 1803 1812
f 1812 1803 1804
f 1812 1804 1813
f 1814 1805 1689
f 1814 1689 1694
f 1815 1690 1806
f 1815 1696 1690
f 1697 1696 1815
f 1697 1815 1816
f 1816 1815 1806
f 1816 1806 1807
f 1817 1810 1811
f 1817 1811 1818
f 1819 1818 1811
f 1819 1811 1812
f 1821 1814 1694
f 1821 1694 1698
f 1820 1813 1814
f 1820 1814 1821
f 1822 1697 1816
f 1822 1701 1697
f 1824 1821 1698
f 1824 1698 1702
f 1824 1823 1820
f 1824 1820 1821
f 1826 1704 1705
f 1826 1825 1704
f 1822 1706 1701
f 1822 1827 1706
f 1706 1826 1705
f 1706 1827 1826
f 1831 1824 1702
f 1831 1702 1708
f 1831 1708 1707
f 1831 1707 1830
f 1831 1830 1823
f 1831 1823 1824
f 1825 1710 1704
f 1825 1832 1710
f 1711 1710 1832
f 1711 1832 1833
f 1832 1825 1826
f 1832 1826 1833
f 1834 1833 1826
f 1834 1826 1827
f 1837 1713 1712
f 1837 1712 1836
f 1837 1836 1828
f 1837 1828 1829
f 1838 1830 1707
f 1838 1707 1714
f 1838 1714 1713
f 1838 1713 1837
f 1838 1837 1829
f 1838 1829 1830
f 1833 1715 1711
f 1833 1839 1715
f 1716 1715 1839
f 1716 1839 1840
f 1839 1833 1834
f 1839 1834 1840
f 1717 1716 1840
f 1717 1840 1841
f 1840 1834 1835
f 1840 1835 1841
f 1843 1719 1718
f 1843 1718 1842
f 1844 1836 1712
f 1844 1712 1720
f 1720 1719 1843
f 1720 1843 1844
f 1845 1717 1841
f 1845 1722 1717
f 1723 1722 1845
f 1723 1845 1846
f 1842 1718 1724
f 1842 1724 1847
f 1848 1724 1725
f 1848 1847 1724
f 1846 1726 1723
f 1846 1849 1726
f 1850 1727 1726
f 1850 1726 1849
f 1848 1725 1728
f 1848 1728 1851
f 1851 1728 1727
f 1851 1727 1850
f 1851 1850 1847
f 1851 1847 1848
f 1855 1731 1732
f 1855 1854 1731
f 1856 1732 1733
f 1856 1855 1732
f 1860 1734 1735
f 1860 1859 1734
f 1861 1735 1736
f 1861 1860 1735
f 1737 1861 1736
f 1737 1862 1861
f 1863 1737 1738
f 1863 1862 1737
f 1863 1852 1862
f 1863 1853 1852
f 1864 1731 1854
f 1864 1739 1731
f 1739 1863 1738
f 1739 1864 1863
f 1864 1853 1863
f 1864 1854 1853
f 1864 1854 1855
f 1864 1855 1865
f 1856 1733 1741
f 1856 1741 1866
f 1866 1741 1740
f 1866 1740 1865
f 1866 1865 1855
f 1866 1855 1856
f 1744 1867 1743
f 1744 1868 1867
f 1868 1857 1867
f 1868 1858 1857
f 1869 1734 1859
f 1869 1745 1734
f 1745 1868 1744
f 1745 1869 1868
f 1870 1869 1859
f 1870 1859 1860
f 1871 1865 1740
f 1871 1740 1749
f 1872 1743 1867
f 1872 1751 1743
f 1871 1749 1752
f 1871 1752 1873
f 1753 1873 1752
f 1753 1874 1873
f 1875 1751 1872
f 1875 1755 1751
f 1877 1874 1753
f 1877 1753 1757
f 1877 1757 1756
f 1877 1756 1876
f 1877 1876 1873
f 1877 1873 1874
f 1875 1758 1755
f 1875 1878 1758
f 1881 1876 1756
f 1881 1756 1760
f 1881 1760 1759
f 1881 1759 1880
f 1878 1762 1758
f 1878 1882 1762
f 1885 1880 1759
f 1885 1759 1763
f 1885 1884 1879
f 1885 1879 1880
f 1886 1763 1764
f 1886 1885 1763
f 1887 1762 1882
f 1887 1766 1762
f 1767 1766 1887
f 1767 1887 1888
f 1887 1882 1883
f 1887 1883 1888
f 1889 1768 1767
f 1889 1767 1888
f 1892 1891 1884
f 1892 1884 1885
f 1886 1764 1770
f 1886 1770 1893
f 1893 1770 1769
f 1893 1769 1892
f 1892 1885 1886
f 1892 1886 1893
f 1889 1774 1768
f 1889 1895 1774
f 1894 1889 1888
f 1894 1895 1889
f 1775 1774 1895
f 1775 1895 1896
f 1897 1776 1775
f 1897 1775 1896
f 1898 1777 1776
f 1898 1776 1897
f 1778 1777 1898
f 1778 1898 1899
f 1899 1898 1890
f 1899 1890 1891
f 1900 1892 1769
f 1900 1769 1779
f 1900 1779 1778
f 1900 1778 1899
f 1900 1899 1891
f 1900 1891 1892
f 1902 1896 1901
f 1902 1897 1896
f 1792 1903 1791
f 1792 1904 1903
f 1903 1799 1791
f 1903 1907 1799
f 1799 1906 1798
f 1799 1907 1906
f 1904 1792 1800
f 1904 1800 1908
f 1908 1907 1903
f 1908 1903 1904
f 1805 1909 1804
f 1805 1910 1909
f 1906 1808 1798
f 1906 1912 1808
f 1808 1911 1807
f 1808 1912 1911
f 1912 1905 1911
f 1912 1906 1905
f 1908 1800 1809
f 1908 1809 1913
f 1810 1913 1809
f 1810 1914 1913
f 1909 1813 1804
f 1909 1917 1813
f 1917 1812 1813
f 1917 1916 1812
f 1918 1910 1805
f 1918 1805 1814
f 1918 1814 1813
f 1918 1813 1917
f 1918 1917 1909
f 1918 1909 1910
f 1919 1807 1911
f 1919 1816 1807
f 1914 1810 1817
f 1914 1817 1921
f 1920 1913 1914
f 1920 1914 1921
f 1922 1817 1818
f 1922 1921 1817
f 1921 1915 1914
f 1921 1922 1915
f 1916 1819 1812
f 1916 1923 1819
f 1819 1922 1818
f 1819 1923 1922
f 1922 1916 1915
f 1922 1923 1916
f 1917 1813 1820
f 1917 1820 1924
f 1919 1822 1816
f 1919 1925 1822
f 1928 1924 1820
f 1928 1820 1823
f 1927 1923 1924
f 1927 1924 1928
f 1929 1822 1925
f 1929 1827 1822
f 1929 1925 1926
f 1929 1926 1930
f 1932 1829 1828
f 1932 1828 1931
f 1933 1928 1823
f 1933 1823 1830
f 1933 1830 1829
f 1933 1829 1932
f 1933 1932 1927
f 1933 1927 1928
f 1929 1834 1827
f 1929 1934 1834
f 1835 1834 1934
f 1835 1934 1935
f 1937 1931 1828
f 1937 1828 1836
f 1938 1835 1935
f 1938 1841 1835
f 1941 1843 1842
f 1941 1842 1940
f 1942 1937 1836
f 1942 1836 1844
f 1942 1844 1843
f 1942 1843 1941
f 1942 1941 1936
f 1942 1936 1937
f 1943 1841 1938
f 1943 1845 1841
f 1846 1845 1943
f 1846 1943 1944
f 1943 1938 1939
f 1943 1939 1944
f 1945 1940 1842
f 1945 1842 1847
f 1945 1944 1939
f 1945 1939 1940
f 1946 1846 1944
f 1946 1849 1846
f 1945 1847 1850
f 1945 1850 1947
f 1947 1850 1849
f 1947 1849 1946
f 1946 1944 1945
f 1946 1945 1947
f 1949 1852 1853
f 1949 1948 1852
f 1950 1853 1854
f 1950 1949 1853
f 1858 1951 1857
f 1858 1952 1951
f 1861 1953 1860
f 1861 1954 1953
f 1955 1852 1948
f 1955 1862 1852
f 1955 1861 1862
f 1955 1954 1861
f 1950 1854 1864
f 1950 1864 1956
f 1865 1956 1864
f 1865 1957 1956
f 1958 1857 1951
f 1958 1867 1857
f 1952 1858 1868
f 1952 1868 1959
f 1959 1958 1951
f 1959 1951 1952
f 1869 1959 1868
f 1869 1960 1959
f 1953 1870 1860
f 1953 1961 1870
f 1870 1960 1869
f 1870 1961 1960
f 1962 1961 1953
f 1962 1953 1954
f 1957 1865 1871
f 1957 1871 1964
f 1958 1872 1867
f 1958 1966 1872
f 1968 1964 1871
f 1968 1871 1873
f 1968 1967 1963
f 1968 1963 1964
f 1966 1875 1872
f 1966 1970 1875
f 1970 1965 1969
f 1970 1966 1965
f 1972 1968 1873
f 1972 1873 1876
f 1971 1967 1968
f 1971 1968 1972
f 1973 1875 1970
f 1973 1878 1875
f 1975 1880 1879
f 1975 1879 1974
f 1972 1876 1881
f 1972 1881 1976
f 1976 1881 1880
f 1976 1880 1975
f 1976 1975 1971
f 1976 1971 1972
f 1977 1878 1973
f 1977 1882 1878
f 1883 1882 1977
f 1883 1977 1978
f 1979 1974 1879
f 1979 1879 1884
f 1980 1883 1978
f 1980 1888 1883
f 1982 1979 1884
f 1982 1884 1891
f 1982 1891 1890
f 1982 1890 1981
f 1980 1894 1888
f 1980 1983 1894
f 1984 1895 1894
f 1984 1894 1983
f 1985 1896 1895
f 1985 1895 1984
f 1981 1890 1898
f 1981 1898 1987
f 1987 1898 1897
f 1987 1897 1986
f 1985 1901 1896
f 1985 1989 1901
f 1988 1985 1984
f 1988 1989 1985
f 1986 1897 1902
f 1986 1902 1990
f 1902 1901 1989
f 1902 1989 1990
f 1991 1986 1990
f 1991 1987 1986
f 1993 1905 1906
f 1993 1992 1905
f 1994 1906 1907
f 1994 1993 1906
f 1995 1907 1908
f 1995 1994 1907
f 1992 1911 1905
f 1992 1996 1911
f 1997 1996 1992
f 1997 1992 1993
f 1997 1993 1994
f 1997 1994 1998
f 1995 1908 1913
f 1995 1913 1999
f 1998 1994 1995
f 1998 1995 1999
f 1915 2000 1914
f 1915 2001 2000
f 2002 1915 1916
f 2002 2001 1915
f 2003 1916 1917
f 2003 2002 1916
f 1996 1919 1911
f 1996 2004 1919
f 1999 1913 1920
f 1999 1920 2006
f 2005 1998 1999
f 2005 1999 2006
f 2000 1921 1914
f 2000 2007 1921
f 2007 1920 1921
f 2007 2006 1920
f 2007 2000 2001
f 2007 2001 2008
f 2009 2008 2001
f 2009 2001 2002
f 2003 1917 1924
f 2003 1924 2010
f 2010 1924 1923
f 2010 1923 2009
f 2010 2009 2002
f 2010 2002 2003
f 2004 1925 1919
f 2004 2011 1925
f 1926 1925 2011
f 1926 2011 2012
f 2009 1923 1927
f 2009 1927 2014
f 2013 2008 2009
f 2013 2009 2014
f 2012 1930 1926
f 2012 2016 1930
f 1930 2015 1929
f 1930 2016 2015
f 2015 2012 2011
f 2015 2016 2012
f 2019 2014 1927
f 2019 1927 1932
f 2019 1932 1931
f 2019 1931 2018
f 2020 1929 2015
f 2020 1934 1929
f 1935 1934 2020
f 1935 2020 2021
f 2025 2018 1931
f 2025 1931 1937
f 2025 1937 1936
f 2025 1936 2024
f 2025 2024 2017
f 2025 2017 2018
f 2026 1935 2021
f 2026 1938 1935
f 1939 1938 2026
f 1939 2026 2027
f 2026 2021 2022
f 2026 2022 2027
f 2028 1940 1939
f 2028 1939 2027
f 2029 2024 1936
f 2029 1936 1941
f 2029 1941 1940
f 2029 1940 2028
f 2029 2028 2023
f 2029 2023 2024
f 1949 2030 1948
f 1949 2031 2030
f 2032 1949 1950
f 2032 2031 1949
f 2030 1955 1948
f 2030 2034 1955
f 1955 2033 1954
f 1955 2034 2033
f 2035 2034 2030
f 2035 2030 2031
f 2032 1950 1956
f 2032 1956 2036
f 2035 2031 2032
f 2035 2032 2036
f 2037 1956 1957
f 2037 2036 1956
f 1959 2038 1958
f 1959 2039 2038
f 1960 2039 1959
f 1960 2040 2039
f 2041 1960 1961
f 2041 2040 1960
f 2033 1962 1954
f 2033 2042 1962
f 1962 2041 1961
f 1962 2042 2041
f 2043 2042 2033
f 2043 2033 2034
f 2043 2034 2035
f 2043 2035 2044
f 2044 2035 2036
f 2044 2036 2045
f 2046 2037 1957
f 2046 1957 1964
f 2046 1964 1963
f 2046 1963 2045
f 2046 2045 2036
f 2046 2036 2037
f 2038 1966 1958
f 2038 2048 1966
f 1966 2047 1965
f 1966 2048 2047
f 2049 2048 2038
f 2049 2038 2039
f 2050 2049 2039
f 2050 2039 2040
f 2050 2040 2041
f 2050 2041 2051
f 2052 2051 2041
f 2052 2041 2042
f 2053 2045 1963
f 2053 1963 1967
f 2047 1969 1965
f 2047 2054 1969
f 1970 1969 2054
f 1970 2054 2055
f 2054 2047 2048
f 2054 2048 2055
f 2056 2055 2048
f 2056 2048 2049
f 2057 2056 2049
f 2057 2049 2050
f 2058 2057 2050
f 2058 2050 2051
f 2059 2053 1967
f 2059 1967 1971
f 2055 1973 1970
f 2055 2060 1973
f 2063 2059 1971
f 2063 1971 1975
f 2063 1975 1974
f 2063 1974 2062
f 2064 1973 2060
f 2064 1977 1973
f 2065 1978 1977
f 2065 1977 2064
f 2067 2062 1974
f 2067 1974 1979
f 2067 2066 2061
f 2067 2061 2062
f 2065 1980 1978
f 2065 2068 1980
f 2071 2067 1979
f 2071 1979 1982
f 2071 1982 1981
f 2071 1981 2070
f 2071 2070 2066
f 2071 2066 2067
f 2072 1980 2068
f 2072 1983 1980
f 1984 1983 2072
f 1984 2072 2073
f 2072 2068 2069
f 2072 2069 2073
f 2076 2070 1981
f 2076 1981 1987
f 2077 1984 2073
f 2077 1988 1984
f 2078 1989 1988
f 2078 1988 2077
f 2077 2073 2074
f 2077 2074 2078
f 1990 1989 2078
f 1990 2078 2079
f 2078 2074 2075
f 2078 2075 2079
f 2080 2076 1987
f 2080 1987 1991
f 1991 1990 2079
f 1991 2079 2080
f 2080 2079 2075
f 2080 2075 2076
f 1997 2081 1996
f 1997 2082 2081
f 2083 1997 1998
f 2083 2082 1997
f 2081 2004 1996
f 2081 2084 2004
f 2084 2081 2082
f 2084 2082 2085
f 2083 1998 2005
f 2083 2005 2086
f 2085 2082 2083
f 2085 2083 2086
f 2087 2005 2006
f 2087 2086 2005
f 2007 2087 2006
f 2007 2088 2087
f 2089 2007 2008
f 2089 2088 2007
f 2084 2011 2004
f 2084 2090 2011
f 2090 2084 2085
f 2090 2085 2091
f 2089 2008 2013
f 2089 2013 2094
f 2093 2088 2089
f 2093 2089 2094
f 2095 2013 2014
f 2095 2094 2013
f 2096 2011 2090
f 2096 2015 2011
f 2097 2096 2090
f 2097 2090 2091
f 2097 2091 2092
f 2097 2092 2098
f 2100 2018 2017
f 2100 2017 2099
f 2100 2099 2093
f 2100 2093 2094
f 2095 2014 2019
f 2095 2019 2101
f 2019 2018 2100
f 2019 2100 2101
f 2100 2094 2095
f 2100 2095 2101
f 2102 2015 2096
f 2102 2020 2015
f 2103 2021 2020
f 2103 2020 2102
f 2102 2096 2097
f 2102 2097 2103
f 2022 2021 2103
f 2022 2103 2104
f 2103 2097 2098
f 2103 2098 2104
f 2106 2099 2017
f 2106 2017 2024
f 2106 2024 2023
f 2106 2023 2105
f 2107 2022 2104
f 2107 2027 2022
f 2108 2105 2023
f 2108 2023 2028
f 2108 2028 2027
f 2108 2027 2107
f 2107 2104 2105
f 2107 2105 2108
f 2043 2109 2042
f 2043 2110 2109
f 2111 2043 2044
f 2111 2110 2043
f 2112 2044 2045
f 2112 2111 2044
f 2109 2052 2042
f 2109 2114 2052
f 2052 2113 2051
f 2052 2114 2113
f 2115 2114 2109
f 2115 2109 2110
f 2116 2115 2110
f 2116 2110 2111
f 2112 2045 2053
f 2112 2053 2117
f 2117 2116 2111
f 2117 2111 2112
f 2056 2118 2055
f 2056 2119 2118
f 2057 2119 2056
f 2057 2120 2119
f 2113 2058 2051
f 2113 2121 2058
f 2058 2120 2057
f 2058 2121 2120
f 2117 2053 2059
f 2117 2059 2124
f 2124 2123 2116
f 2124 2116 2117
f 2118 2060 2055
f 2118 2125 2060
f 2126 2125 2118
f 2126 2118 2119
f 2128 2127 2120
f 2128 2120 2121
f 2130 2062 2061
f 2130 2061 2129
f 2130 2129 2122
f 2130 2122 2123
f 2131 2124 2059
f 2131 2059 2063
f 2131 2063 2062
f 2131 2062 2130
f 2130 2123 2124
f 2130 2124 2131
f 2132 2060 2125
f 2132 2064 2060
f 2065 2064 2132
f 2065 2132 2133
f 2132 2125 2126
f 2132 2126 2133
f 2135 2129 2061
f 2135 2061 2066
f 2136 2065 2133
f 2136 2068 2065
f 2069 2068 2136
f 2069 2136 2137
f 2136 2133 2134
f 2136 2134 2137
f 2140 2135 2066
f 2140 2066 2070
f 2141 2069 2137
f 2141 2073 2069
f 2074 2073 2141
f 2074 2141 2142
f 2141 2137 2138
f 2141 2138 2142
f 2143 2075 2074
f 2143 2074 2142
f 2142 2138 2139
f 2142 2139 2143
f 2144 2140 2070
f 2144 2070 2076
f 2144 2076 2075
f 2144 2075 2143
f 2144 2143 2139
f 2144 2139 2140
f 2086 2145 2085
f 2086 2146 2145
f 2147 2086 2087
f 2147 2146 2086
f 2148 2087 2088
f 2148 2147 2087
f 2145 2091 2085
f 2145 2149 2091
f 2092 2091 2149
f 2092 2149 2150
f 2150 2149 2145
f 2150 2145 2146
f 2148 2088 2093
f 2148 2093 2152
f 2151 2147 2148
f 2151 2148 2152
f 2153 2092 2150
f 2153 2098 2092
f 2155 2152 2093
f 2155 2093 2099
f 2156 2098 2153
f 2156 2104 2098
f 2105 2104 2156
f 2105 2156 2157
f 2156 2153 2154
f 2156 2154 2157
f 2158 2155 2099
f 2158 2099 2106
f 2106 2105 2157
f 2106 2157 2158
f 2158 2157 2154
f 2158 2154 2155
f 2160 2113 2114
f 2160 2159 2113
f 2115 2160 2114
f 2115 2161 2160
f 2162 2115 2116
f 2162 2161 2115
f 2120 2163 2119
f 2120 2164 2163
f 2159 2121 2113
f 2159 2165 2121
f 2165 2159 2160
f 2165 2160 2166
f 2167 2166 2160
f 2167 2160 2161
f 2162 2116 2123
f 2162 2123 2168
f 2168 2123 2122
f 2168 2122 2167
f 2168 2167 2161
f 2168 2161 2162
f 2163 2126 2119
f 2163 2169 2126
f 2164 2120 2127
f 2164 2127 2170
f 2169 2163 2164
f 2169 2164 2170
f 2165 2128 2121
f 2165 2171 2128
f 2128 2170 2127
f 2128 2171 2170
f 2172 2171 2165
f 2172 2165 2166
f 2173 2167 2122
f 2173 2122 2129
f 2174 2126 2169
f 2174 2133 2126
f 2134 2133 2174
f 2134 2174 2175
f 2174 2169 2170
f 2174 2170 2175
f 2175 2170 2171
f 2175 2171 2176
f 2177 2176 2171
f 2177 2171 2172
f 2178 2173 2129
f 2178 2129 2135
f 2177 2172 2173
f 2177 2173 2178
f 2179 2134 2175
f 2179 2137 2134
f 2138 2137 2179
f 2138 2179 2180
f 2179 2175 2176
f 2179 2176 2180
f 2181 2139 2138
f 2181 2138 2180
f 2181 2180 2176
f 2181 2176 2177
f 2182 2178 2135
f 2182 2135 2140
f 2182 2140 2139
f 2182 2139 2181
f 2182 2181 2177
f 2182 2177 2178
f 2184 2146 2147
f 2184 2183 2146
f 2185 2146 2183
f 2185 2150 2146
f 2184 2147 2151
f 2184 2151 2186
f 2185 2183 2184
f 2185 2184 2186
f 2187 2151 2152
f 2187 2186 2151
f 2188 2150 2185
f 2188 2153 2150
f 2154 2153 2188
f 2154 2188 2189
f 2188 2185 2186
f 2188 2186 2189
f 2187 2152 2155
f 2187 2155 2190
f 2190 2155 2154
f 2190 2154 2189
f 2189 2186 2187
f 2189 2187 2190
f 2192 2166 2167
f 2192 2191 2166
f 2191 2172 2166
f 2191 2193 2172
f 2192 2167 2173
f 2192 2173 2194
f 2194 2173 2172
f 2194 2172 2193
f 2193 2191 2192
f 2193 2192 2194
