# parsimony mesh: eg10241_monomer (source /Users/eranagmon/code/v2e-flagella/workspace/studies/ecoli-3d/viz/3d/structures/eg10241_monomer.pdb)
# atoms: 4848  voxel: 4 Å  verts: 2021  tris: 4116
v 4.1286 -6.1635 -40.5483
v 6.2998 -6.2827 -40.7049
v 8.5288 -6.2361 -40.6452
v 4.1286 -5.1790 -40.5483
v 6.4416 -3.9210 -40.6646
v 8.5013 -4.0340 -40.6098
v 7.8694 -1.9580 -40.4215
v 8.3395 -1.9580 -40.4215
v 0.2388 -6.1164 -36.4735
v 2.5971 -6.4223 -38.0363
v 6.3557 -6.4941 -38.4168
v 8.5288 -6.2361 -39.7743
v -0.0291 -4.0340 -36.6405
v 2.5971 -3.9210 -38.8970
v 6.4646 -3.9048 -38.6678
v 8.6087 -3.9919 -38.4168
v -0.0082 -0.0340 -36.5855
v 2.2998 -0.0340 -37.8722
v 6.4416 -0.3884 -39.3425
v 8.7009 -0.3884 -38.3132
v 0.1729 3.9660 -36.4807
v 2.2998 3.9660 -37.1852
v 6.3427 4.0510 -37.2769
v 8.6824 2.7743 -36.9350
v 0.1637 6.1749 -36.4943
v 2.2998 6.5768 -36.7694
v 5.0380 6.5715 -36.7852
v 0.1366 -10.3764 -32.5531
v 2.2998 -10.3169 -32.5450
v 4.3527 -10.0688 -32.4273
v 0.0752 -7.6834 -34.0841
v 2.2998 -8.4222 -34.5450
v 6.0395 -7.8662 -34.1620
v 8.8800 -6.5966 -33.2302
v -8.2769 -3.0569 -32.8258
v -7.0420 -3.0569 -32.8258
v -0.4065 -4.0340 -34.3805
v 7.7263 -5.2972 -35.8968
v 9.0234 -3.9919 -34.4903
v -8.3725 -0.0340 -32.9378
v -5.7053 0.0889 -33.0309
v -1.7585 0.0889 -34.1851
v 9.3130 -0.0340 -34.3805
v -8.0199 2.7494 -32.6783
v -5.8790 4.0361 -33.1283
v -1.8271 3.9660 -35.0920
v 7.7047 5.4410 -35.8921
v 9.4857 4.0510 -34.4874
v -4.5983 7.9660 -32.9881
v -1.3818 7.6913 -34.8612
v 2.2998 8.5768 -35.4285
v 6.3427 7.9293 -35.1261
v 9.8024 7.9660 -33.2578
v -3.9330 10.2270 -32.5830
v -1.4387 11.7226 -33.0514
v 2.2998 11.9660 -33.8755
v 6.4001 11.9998 -33.2220
v 9.0518 10.6889 -32.7053
v 0.0690 14.5052 -32.6385
v 2.3384 15.8895 -32.8973
v 6.4001 15.7499 -33.2582
v 10.2998 16.4977 -33.0762
v 12.7620 17.0351 -32.4487
v 3.5914 19.9660 -32.8284
v 6.2998 19.9660 -33.7872
v 10.4328 19.7596 -33.1885
v 12.7620 18.2886 -32.4487
v 3.9576 22.3309 -32.7123
v 6.2998 22.5917 -32.9436
v 9.1882 22.4354 -32.7995
v -0.2683 -14.8944 -29.1226
v 0.9723 -14.8944 -29.1226
v -0.4747 -11.8394 -30.4258
v 2.5654 -11.5559 -30.5228
v 4.3527 -10.0688 -31.9231
v -0.4032 -8.0340 -30.3805
v 4.1585 -9.9189 -29.2564
v 5.9316 -8.8744 -30.5061
v 10.2479 -6.5579 -30.0085
v 12.3230 -6.0580 -28.4272
v -8.2769 -3.0569 -31.4426
v -7.0420 -3.0569 -31.4426
v -1.0853 -4.0340 -30.3805
v 11.0197 -4.0340 -30.8281
v 12.8865 -4.0340 -28.8281
v -8.4646 -0.1964 -30.2178
v -5.7053 -1.2651 -30.2178
v -2.9243 -1.3699 -30.3805
v 10.8415 -0.0340 -31.1554
v 13.4414 -0.0340 -29.1554
v -8.2231 3.1628 -30.3805
v -6.9929 5.1628 -30.3805
v 11.4952 3.9660 -31.6726
v 13.8711 3.9660 -29.6726
v -5.8560 7.9660 -30.3805
v 11.8024 7.9660 -32.0258
v 13.8623 7.9660 -30.0258
v -4.6893 11.7226 -30.0944
v -2.5977 12.8937 -31.2370
v 7.8002 13.3556 -31.7732
v 10.3510 11.9998 -31.7484
v 14.3507 11.9447 -29.9883
v 16.7528 13.2638 -28.8398
v -4.1979 14.3378 -28.5703
v -1.4766 15.7548 -30.1911
v 1.0308 17.1719 -31.8119
v 7.8002 14.2725 -31.7732
v 10.2998 14.4977 -31.8748
v 14.1771 15.8075 -31.6425
v 17.0141 15.9660 -29.5083
v -0.5864 19.9660 -29.0828
v 1.5914 19.9660 -31.0828
v 11.8548 20.9553 -31.4903
v 13.9402 19.7005 -30.4577
v 16.7992 18.4458 -29.4250
v -0.2266 22.8989 -28.5522
v 2.4945 23.1859 -30.0835
v 6.2998 23.7750 -30.3805
v 10.4328 22.8129 -30.2464
v 12.4518 22.0656 -28.8237
v -0.5170 -14.9202 -26.3805
v 2.3033 -14.8897 -26.1895
v 4.5104 -14.2786 -24.7289
v -8.2997 -10.6141 -25.0068
v -5.7002 -10.7352 -25.0591
v -2.2893 -11.8469 -26.1476
v 3.6981 -12.0340 -27.4702
v 4.8454 -12.0340 -25.4702
v -8.4549 -8.0340 -25.0280
v -5.6795 -7.9832 -25.0656
v -2.2953 -7.9832 -26.1476
v 4.1585 -9.9189 -28.1517
v 6.2430 -8.1197 -26.5670
v 10.2998 -6.2669 -27.7923
v 12.3230 -6.0580 -28.3278
v -8.1070 -5.5611 -24.6175
v -5.8257 -4.3538 -25.1588
v -2.7270 -4.3015 -26.7722
v 7.6693 -5.6533 -24.9823
v 10.2998 -5.1803 -25.7923
v 13.2824 -3.9794 -26.7489
v -8.3652 0.6349 -26.3805
v -5.8714 -1.4905 -26.7722
v -3.6458 -2.0200 -28.3667
v 15.3263 -0.1928 -26.6020
v 18.2999 0.5066 -25.3686
v 20.8889 0.9515 -24.6622
v -8.3652 3.3194 -26.3805
v -7.0658 5.3194 -26.3805
v 15.8711 3.9660 -28.1544
v 18.2999 3.9660 -26.4816
v 21.0816 3.9660 -24.7077
v -8.6233 9.0296 -25.3010
v -6.9435 7.8042 -26.5328
v 15.8623 7.9660 -27.9408
v 18.3636 7.8018 -25.7215
v 20.7531 6.3590 -24.5352
v -8.4182 11.9660 -25.1401
v -6.7619 11.9660 -27.1401
v 15.7179 10.5971 -27.7981
v 17.5289 11.9447 -26.4311
v -7.7343 14.0957 -24.4728
v -5.7321 15.5501 -26.0809
v -3.0221 17.0045 -27.6890
v 18.2928 15.9660 -26.3805
v -8.1169 20.9961 -24.7810
v -5.8398 19.7841 -25.6472
v -2.5864 19.9660 -27.6635
v 12.2445 21.9354 -24.5341
v 13.7224 21.5239 -26.0920
v 17.5976 19.8539 -26.3421
v -8.1169 22.6735 -24.7810
v -5.7002 23.1380 -25.4824
v -1.5126 24.1934 -26.7778
v 2.2998 25.2172 -27.6435
v 6.2185 24.8397 -26.3554
v 10.6666 22.8583 -26.0727
v 13.7224 22.4414 -26.0920
v 17.0810 22.8172 -24.9831
v -0.1319 26.2900 -25.4397
v 2.2998 26.4880 -25.6435
v 4.8310 26.3381 -25.0053
v -0.7420 -14.7183 -22.3805
v 2.2998 -15.4291 -22.3805
v 5.3963 -14.7448 -22.3805
v -8.7290 -11.2606 -22.3805
v -5.7002 -12.0678 -22.3805
v -2.7420 -12.8412 -22.3805
v 7.0871 -12.2968 -22.2025
v 8.5675 -11.1386 -20.7506
v 39.9283 -10.2911 -20.5234
v 42.2999 -10.7338 -20.5995
v 45.0322 -10.7100 -20.5296
v -11.8029 -6.3265 -20.6989
v -10.3673 -7.8095 -22.1715
v -4.3324 -6.6161 -23.9407
v -3.4013 -6.6161 -23.9407
v 7.2146 -8.0340 -23.1696
v 9.1651 -8.0340 -21.1696
v 15.8026 -6.0925 -20.4808
v 18.2999 -6.1329 -20.5449
v 22.2999 -6.3435 -20.6006
v 26.2999 -6.3229 -20.5346
v 30.2999 -6.0796 -20.4140
v 34.2999 -6.6477 -20.7385
v 38.4769 -8.1160 -21.3956
v 42.2999 -8.0340 -21.4522
v 44.9821 -8.0340 -20.5311
v -11.8029 -5.8057 -20.6989
v -9.2454 -4.3500 -21.8890
v -5.8257 -4.3538 -23.5099
v -3.4013 -5.8132 -23.9407
v 7.6693 -5.6533 -23.7292
v 10.7130 -4.1315 -22.0914
v 14.2098 -3.4236 -21.9210
v 18.2999 -4.0340 -21.9723
v 22.2999 -4.0340 -21.9638
v 26.2999 -4.0340 -21.6493
v 30.2999 -4.0340 -21.3580
v 34.2999 -4.0340 -21.2366
v 38.2999 -4.0340 -21.9685
v 42.6022 -4.0561 -21.2699
v 44.4771 -5.4042 -20.4322
v -7.9632 -0.4452 -22.1022
v -7.1255 -0.4452 -22.1022
v 12.2400 -1.9767 -20.4537
v 14.1101 -1.8043 -22.1277
v 18.2999 -1.4934 -23.8078
v 22.2533 -0.2427 -23.5323
v 26.2999 -0.0340 -22.1995
v 30.2999 -0.0340 -21.9937
v 34.2999 -0.0340 -21.4714
v 37.9972 -0.0852 -20.7625
v 41.4704 -1.4528 -20.7260
v -8.2094 2.9582 -23.7920
v -6.6481 4.1614 -22.4274
v 23.0816 3.9660 -23.6301
v 26.2999 3.9660 -21.8395
v 30.2999 3.9660 -21.1766
v 33.9667 3.6530 -20.8909
v 36.4621 2.1110 -20.4489
v -9.2520 8.5313 -22.3805
v -6.9611 6.5313 -22.3805
v 19.7394 9.0257 -23.9391
v 22.1718 7.8018 -23.3995
v 26.2999 7.9660 -21.6193
v 30.0365 7.6828 -20.5239
v 32.4113 6.1606 -20.4408
v -11.8113 13.1351 -20.6031
v -10.5622 11.8675 -22.1141
v 19.4965 11.9660 -23.6376
v 22.3502 12.0265 -21.7317
v 26.2999 10.6023 -20.8646
v 28.5275 10.0469 -20.4502
v -12.0210 15.9660 -20.8816
v -9.3207 15.6439 -22.8304
v -7.2662 16.7624 -23.7954
v 19.5786 15.9660 -23.1492
v 20.9215 15.9660 -21.1492
v -12.0168 19.1585 -20.8261
v -9.7513 20.0773 -22.3108
v -7.2662 18.3294 -23.7954
v 12.2445 21.9354 -24.3468
v 12.3264 21.9354 -24.3468
v 19.2456 19.7161 -22.1250
v 20.3782 18.2161 -20.6213
v -8.7769 22.7276 -22.3805
v -5.7002 24.0333 -22.3805
v -2.9294 25.2717 -22.3805
v 7.4976 25.1777 -23.4848
v 10.6666 23.8931 -23.1820
v 13.9293 23.9886 -22.4963
v 17.3201 22.9999 -22.3805
v -1.0014 27.7604 -22.1710
v 2.0959 28.2327 -22.1710
v 6.2185 26.5567 -22.2431
v 10.2998 26.3774 -20.9077
v 12.8655 26.3171 -20.6457
v -0.2300 30.1876 -20.6980
v 0.6265 30.1876 -20.6980
v -0.5683 -14.6252 -19.0976
v 1.9450 -15.2323 -18.0108
v 5.7094 -15.0885 -18.3805
v 35.8876 -14.3521 -17.6638
v 38.2999 -15.0218 -17.9010
v 42.2999 -15.5077 -17.7034
v 45.1740 -14.9999 -17.4004
v -12.2771 -10.8011 -17.1216
v -9.7635 -11.7846 -18.4251
v -5.7002 -12.9244 -18.3805
v -1.8211 -13.3721 -18.0108
v 0.3751 -13.8942 -16.4310
v 7.7094 -13.3961 -18.3805
v 9.0044 -11.3961 -18.3805
v 35.6123 -12.0340 -17.8921
v 38.4769 -11.7882 -19.6362
v 42.2999 -12.7338 -19.7034
v 46.4364 -12.0723 -18.6989
v 48.8466 -10.7679 -17.3307
v -12.2323 -7.8095 -18.4251
v -11.1391 -8.9931 -19.7882
v 10.9951 -8.0282 -18.5946
v 14.4015 -6.6179 -18.5946
v 18.2999 -6.4065 -18.3805
v 22.2999 -6.5850 -18.3805
v 26.2999 -6.8465 -18.3805
v 30.2999 -6.9493 -18.3805
v 34.3972 -8.5307 -18.4198
v 37.2616 -9.5039 -19.7793
v 46.9821 -8.0340 -19.7384
v 50.2279 -8.0338 -17.7588
v 53.4968 -6.7003 -16.8672
v -11.9326 -5.8019 -18.3805
v -9.9877 -3.8019 -18.3805
v 11.9195 -4.0340 -20.0429
v 13.0007 -4.0340 -20.0429
v 44.1371 -2.7375 -20.1990
v 46.0062 -4.0561 -19.5294
v 50.2999 -4.0340 -17.9314
v 53.3848 -4.0340 -16.8592
v -8.0798 -0.4249 -18.2112
v -6.9321 0.6478 -19.4316
v 12.2400 -1.9767 -20.2402
v 12.3983 -1.9767 -20.2402
v 39.1288 1.2139 -19.7042
v 42.6583 -0.0258 -18.6182
v 46.2999 -1.0989 -17.6714
v 50.2999 -1.4357 -16.9212
v 52.5495 -1.7146 -16.5321
v -8.0378 3.9660 -17.0851
v -6.5886 3.9660 -19.0851
v 35.0779 4.7777 -19.4195
v 37.9772 3.7651 -18.2285
v 41.1794 2.7524 -17.0375
v -8.7898 7.7801 -18.3136
v -6.9861 6.3228 -19.6023
v 31.1942 8.8273 -19.9100
v 33.9667 7.6828 -19.0296
v 37.0877 7.9660 -17.0448
v -11.8113 13.1351 -20.1243
v -9.8411 11.9072 -18.5045
v -6.9583 13.3460 -16.8846
v 23.7171 13.4002 -19.7766
v 26.4768 12.6664 -18.4182
v 30.0365 11.2877 -18.4982
v 34.2999 11.3567 -17.4127
v 36.8245 10.6838 -16.8940
v -12.0210 15.9660 -19.8407
v -9.7002 15.9660 -18.6667
v -6.8170 15.9660 -17.2066
v 19.7910 17.4932 -17.3812
v 22.0476 16.1302 -18.5789
v 25.2615 14.7673 -17.1099
v -12.0168 19.1585 -19.9169
v -9.9115 20.2815 -19.0449
v -7.2934 19.9660 -17.0587
v 18.8759 19.7161 -18.5809
v 20.3782 18.2161 -20.0479
v 31.3291 21.2696 -16.8571
v 32.6489 21.2696 -16.8571
v -8.7190 22.2740 -19.3541
v -5.9319 23.8962 -18.4706
v -3.5741 25.5185 -20.2537
v 15.2686 24.7057 -18.3805
v 16.9016 22.7057 -18.3805
v 31.3291 22.4174 -16.8571
v 32.6489 22.4174 -16.8571
v -4.5780 27.9660 -17.8999
v -3.0030 27.9660 -19.8999
v 2.9554 28.5175 -18.3805
v 6.2998 26.9712 -18.3805
v 10.2998 27.2585 -18.3805
v 13.2686 26.8048 -18.3805
v -4.3005 30.9033 -17.1999
v -1.6180 30.8738 -18.4722
v 0.9554 30.3978 -18.3805
v 3.2881 -22.2154 -12.7434
v 4.9677 -22.2154 -12.7434
v -3.9741 -18.2772 -12.5415
v -1.7002 -19.0826 -12.8629
v 2.0928 -20.3269 -13.3318
v 5.7023 -20.0340 -13.2080
v 40.0882 -18.1693 -12.9942
v 42.2999 -18.3552 -13.4256
v 44.5597 -18.3270 -13.1603
v -7.9449 -14.3007 -13.1492
v -5.4645 -15.7940 -13.5547
v -1.7002 -16.0340 -14.6076
v 1.9450 -16.0557 -15.4935
v 6.5483 -16.3460 -14.5070
v 9.3464 -15.2886 -13.2264
v 32.0535 -14.4704 -12.8171
v 34.4525 -14.7878 -14.2425
v 38.5728 -16.7254 -14.3487
v 42.2999 -17.5077 -15.4256
v 45.2073 -16.2135 -14.4484
v -12.5925 -11.0432 -14.3805
v -9.4470 -13.0985 -14.4417
v -5.7002 -13.5917 -15.7275
v -1.7002 -13.6655 -16.1253
v 0.3751 -13.8942 -16.3462
v 7.5946 -13.4122 -15.8930
v 10.4923 -11.7705 -14.1576
v 12.3205 -10.1288 -12.4222
v 32.0588 -12.0340 -12.7566
v 33.6123 -12.0340 -14.7566
v 46.9396 -12.0743 -14.4447
v 48.8466 -10.7679 -15.8209
v -13.2414 -8.0340 -14.3805
v 11.6383 -9.3576 -15.0889
v 13.9122 -8.4313 -14.0056
v 18.2999 -7.0273 -14.3805
v 22.2999 -7.0982 -14.3805
v 26.2999 -7.2871 -14.3805
v 30.6548 -8.5824 -14.0194
v 33.1288 -9.3769 -15.1120
v 47.4468 -9.4625 -13.1542
v 50.2279 -8.8025 -14.4447
v 54.6180 -6.9998 -14.6886
v 56.7129 -6.4579 -13.5606
v -12.3581 -4.3853 -14.1541
v -10.7332 -3.2861 -15.3364
v 55.3848 -4.0340 -15.5798
v 56.8319 -4.0340 -13.5798
v -12.0549 -0.0340 -12.7806
v -10.1620 -0.0340 -14.7806
v 43.8461 1.4011 -15.6580
v 46.2999 0.9011 -15.3556
v 50.2999 0.5643 -15.4133
v 54.4012 0.0867 -14.2671
v 56.5962 -0.7787 -12.7995
v -11.9417 2.7626 -12.6247
v -10.1710 4.0440 -14.1271
v 39.2000 5.0377 -14.3805
v 42.4276 2.9441 -14.3470
v 46.2999 2.5626 -13.3556
v 50.2999 3.1359 -13.4133
v 54.4900 3.8111 -13.0212
v 56.6860 4.6905 -12.9743
v -9.2270 7.9660 -14.3805
v 38.9348 8.1361 -14.0997
v 40.6374 9.5828 -12.5791
v 55.3939 6.3713 -12.9743
v 56.6860 6.3713 -12.9743
v -8.5564 11.9940 -14.2729
v -6.9583 13.3460 -15.5345
v 27.9281 13.6182 -15.6919
v 30.2999 13.5574 -15.7342
v 34.2999 13.3567 -15.7177
v 38.2146 11.9967 -14.5566
v 42.1024 12.1535 -12.6699
v 44.7628 13.6119 -12.5253
v -8.2501 15.9660 -13.1219
v -6.8170 15.9660 -15.1219
v 15.6471 17.4946 -12.9862
v 18.3945 16.7362 -14.3439
v 22.5023 16.6999 -14.3191
v 26.4768 16.0468 -15.1803
v 30.2999 15.9660 -14.9041
v 34.2999 15.9660 -14.3770
v 38.0105 15.7601 -12.9033
v 42.2999 14.3329 -12.5933
v 44.7628 14.1317 -12.5253
v -8.0545 19.9660 -13.5439
v -7.2934 19.9660 -15.5439
v 15.0716 19.9660 -13.6580
v 17.0855 19.9660 -15.6580
v 23.9705 18.3249 -12.9448
v 26.2999 18.7312 -13.3967
v 30.7410 20.0637 -14.3926
v 33.5923 19.8232 -14.1008
v 36.4843 18.0660 -12.4902
v -8.3037 23.9660 -13.3728
v -7.0477 23.9660 -15.3728
v 14.6936 23.8414 -14.6391
v 16.5229 22.4250 -16.1448
v 31.3291 22.4174 -15.5155
v 32.6489 22.4174 -15.5155
v -8.1721 26.2861 -12.6535
v -5.6187 27.9336 -14.0481
v -2.9785 29.5812 -12.7760
v 3.5139 28.9530 -15.6956
v 6.6181 28.7303 -14.3695
v 10.2998 27.9198 -14.3805
v 13.0308 26.7046 -14.3805
v -4.3005 30.9033 -15.4426
v -1.6671 30.9232 -14.2178
v 2.2283 30.7384 -14.3695
v 5.4970 30.5953 -13.0289
v 3.2881 -22.2154 -12.1180
v 4.9677 -22.2154 -12.1180
v -8.3042 -18.4688 -8.8492
v -5.4645 -18.9546 -10.2617
v -1.7002 -19.9651 -10.3805
v 2.0928 -20.5836 -10.6230
v 5.5815 -19.6984 -10.6230
v 40.0882 -18.1693 -12.0949
v 42.5505 -18.3795 -10.6092
v 44.5945 -18.3644 -10.3805
v -11.8050 -14.3407 -8.5799
v -9.4579 -15.6540 -10.0479
v -6.6407 -16.9673 -11.5159
v 7.4010 -17.4801 -10.3805
v 10.5278 -15.2181 -10.0760
v 12.3188 -14.0794 -8.5396
v 32.0535 -14.4704 -11.9312
v 34.6788 -14.6054 -10.5109
v 38.3125 -15.6253 -10.3106
v 42.5505 -16.1414 -9.5122
v 45.7380 -15.5070 -9.8916
v 48.8118 -14.4497 -9.0507
v -12.4427 -11.9811 -10.1002
v -10.6116 -13.2791 -11.2466
v 12.0130 -12.7954 -11.2063
v 12.4527 -11.6908 -10.0760
v 32.0588 -12.0340 -11.9650
v 33.6525 -12.0340 -9.9650
v 39.2034 -13.9234 -8.5263
v 42.2999 -13.3277 -9.0093
v 45.9809 -12.5349 -10.4091
v 50.2070 -11.8417 -9.4929
v 52.7314 -10.3801 -8.8605
v -12.7746 -7.6393 -9.9876
v -11.6915 -6.0428 -8.3923
v 14.4767 -8.7908 -10.3805
v 18.2999 -7.3186 -10.3805
v 22.2647 -6.7872 -10.1351
v 26.2999 -6.7635 -10.8128
v 30.3393 -7.9869 -10.4875
v 32.8051 -9.5188 -9.6091
v 47.4468 -9.4625 -11.7511
v 50.2999 -8.9949 -11.2684
v 54.1588 -8.2193 -10.2685
v 56.6207 -6.3761 -10.3805
v -15.7015 -2.0362 -8.3824
v -13.4782 -4.0290 -9.7207
v -11.6915 -6.0218 -8.3923
v 23.5745 -5.5561 -8.6381
v 26.2999 -5.5573 -8.8128
v 28.4538 -5.8763 -8.6993
v 57.1042 -4.0340 -10.3805
v -15.7015 -2.0303 -8.3824
v -14.0627 -0.4318 -9.9817
v 44.1413 1.8448 -8.5839
v 44.3619 1.8448 -8.5839
v 56.2528 1.8880 -12.0619
v 56.7551 0.3192 -10.5893
v -12.4798 3.0442 -10.3805
v -10.6473 5.0442 -10.3805
v -0.0271 5.8521 -8.5367
v 0.5883 5.8521 -8.5367
v 39.0688 4.7881 -10.3805
v 42.6047 2.7444 -10.1025
v 46.2424 3.6971 -9.9190
v 50.1978 5.0491 -10.1047
v 54.9425 3.7331 -11.0688
v 56.5499 3.3833 -10.6315
v -9.2421 7.9660 -10.3805
v -0.2774 7.9660 -8.6972
v 1.1404 7.9660 -8.6972
v 39.0688 7.5466 -10.3805
v 40.7931 9.5466 -10.3805
v 48.1230 6.1439 -8.5876
v 48.7964 6.1439 -8.5876
v 55.3939 6.3713 -11.8679
v 56.6860 6.3713 -11.8679
v -9.1143 11.9660 -10.3805
v -0.1429 10.1652 -8.6466
v 1.1322 10.1652 -8.6466
v 16.1274 13.7881 -8.5301
v 18.2999 12.9948 -9.3355
v 21.3494 12.8490 -9.5042
v 42.7931 11.2527 -10.3805
v 44.9701 13.2527 -10.3805
v -8.9857 15.9660 -10.3805
v 15.2249 16.0832 -10.0703
v 18.2999 14.7834 -11.3355
v 22.1766 15.7028 -10.6547
v 39.1510 16.9561 -11.2324
v 41.9675 16.0127 -10.0917
v 44.9701 14.2817 -10.3805
v -13.0305 21.2780 -9.1622
v -9.8727 19.9532 -10.4495
v 13.5128 19.9660 -10.3805
v 23.8970 19.7814 -10.0840
v 26.2999 20.7312 -10.8005
v 30.4731 21.1898 -10.2130
v 34.2999 20.2483 -10.3805
v 38.0105 18.6198 -10.0917
v 40.4127 18.0575 -8.5657
v -13.4661 23.9660 -9.5101
v -10.3037 23.9660 -11.5101
v 11.7112 25.1768 -9.2911
v 12.7908 23.8925 -10.5269
v 24.2166 22.0473 -8.5530
v 26.2999 22.1946 -8.8005
v 29.2552 22.1896 -8.7679
v -13.3064 27.9660 -9.4546
v -9.5833 27.7580 -11.0685
v -5.7002 28.9174 -11.4019
v -2.9785 29.5812 -12.0279
v 8.1636 29.8454 -11.9294
v 10.0502 28.0144 -10.6102
v 12.5484 26.1835 -11.9578
v -12.8176 30.4774 -9.0882
v -9.7002 30.7063 -9.1972
v -5.7002 30.8856 -9.4019
v -1.6671 31.0237 -10.5690
v 2.2998 32.0219 -10.3805
v 6.6181 31.0619 -10.5098
v 8.3893 30.0636 -9.2627
v -20.0010 -34.2408 -4.7786
v -19.2070 -34.2408 -4.7786
v -63.8479 -30.2845 -4.4831
v -61.7001 -30.2401 -4.4638
v -57.7001 -30.0800 -4.4562
v -54.7791 -30.0709 -4.4730
v -40.0488 -30.3494 -4.5083
v -37.7001 -30.5424 -4.6530
v -33.7001 -30.7435 -4.9684
v -30.5406 -30.6175 -4.9288
v -20.3183 -32.0340 -5.0569
v -17.8043 -31.8700 -5.0271
v -14.7985 -30.4273 -4.5565
v -63.8479 -29.8639 -4.4831
v -61.5758 -28.3320 -4.6728
v -57.7001 -28.0340 -4.9149
v -54.1474 -28.0340 -4.6265
v -48.9962 -27.0939 -5.2789
v -45.7001 -27.1845 -5.2744
v -41.5094 -27.9185 -4.6938
v -37.7001 -28.0340 -4.8120
v -33.7001 -28.0340 -5.0649
v -29.4044 -28.3093 -4.9273
v -25.7001 -27.2466 -4.9154
v -21.4861 -27.7903 -4.8162
v -17.6663 -27.8468 -4.8728
v -13.5592 -28.2016 -4.6720
v -11.5134 -26.9799 -4.5496
v -60.1596 -25.3263 -4.7566
v -57.7001 -25.4081 -4.8392
v -54.5509 -25.9071 -4.6160
v -48.9962 -25.3718 -5.2789
v -45.7001 -25.2317 -5.2744
v -41.7001 -25.3045 -4.6763
v -37.7001 -25.4107 -4.5396
v -33.7001 -25.8122 -4.4770
v -29.7001 -25.5782 -4.6528
v -25.7001 -25.1101 -4.9154
v -22.7487 -25.3800 -4.7482
v -16.3104 -25.8542 -4.5213
v -13.7002 -25.6666 -4.6129
v -11.5134 -25.7239 -4.5496
v -8.8904 -18.9194 -6.3805
v -5.7002 -20.4472 -6.3805
v -1.7002 -20.2347 -6.3805
v 2.2998 -19.0552 -6.3805
v 4.8118 -18.3823 -6.3805
v 44.0509 -18.1816 -8.2844
v 44.4328 -18.1816 -8.2844
v -11.9832 -14.9158 -6.3805
v -10.8904 -16.9158 -6.3805
v 6.8118 -16.5454 -6.3805
v 9.9075 -14.4704 -6.7542
v 12.3188 -14.0794 -8.3367
v 36.2648 -14.0481 -8.3059
v 36.5368 -14.0481 -8.3059
v 44.0509 -17.5463 -8.2844
v 45.8982 -15.9980 -7.8997
v 48.8118 -14.4497 -7.5150
v -12.2386 -11.8146 -6.1248
v -11.4728 -10.3350 -4.6210
v 11.3087 -12.0340 -5.3531
v 12.4754 -12.0340 -7.3531
v 35.0478 -12.2254 -6.7357
v 38.0420 -13.1244 -6.7357
v 42.2999 -11.9550 -6.3805
v 46.4540 -11.8988 -5.9937
v 49.9381 -11.7799 -5.9937
v 53.0707 -10.6528 -6.3805
v -12.1998 -7.8616 -6.4936
v -11.5822 -7.8616 -6.4936
v 12.2990 -10.0328 -4.3878
v 14.0289 -9.0460 -5.9849
v 18.5045 -6.7417 -6.2205
v 20.9079 -6.1923 -7.4471
v 28.0884 -6.1895 -5.3644
v 29.9922 -7.2961 -6.5708
v 32.7611 -9.4950 -6.3805
v 48.2112 -9.9260 -4.4724
v 48.3977 -9.9260 -4.4724
v 55.0707 -8.3604 -6.3805
v 56.5034 -6.3604 -6.3805
v -15.8568 -2.3399 -6.3805
v -13.5878 -4.6714 -6.7719
v -11.6915 -6.0218 -8.3661
v 19.9743 -5.8090 -4.7804
v 22.1460 -4.3492 -6.3699
v 26.5360 -4.3829 -6.6619
v 28.4538 -5.8763 -8.0311
v 56.8662 -4.0340 -6.3805
v -15.8568 -1.5117 -6.3805
v -15.0218 0.4883 -6.3805
v 8.1225 1.3961 -4.5599
v 8.4667 1.3961 -4.5599
v 23.5631 -0.0340 -5.1420
v 24.9132 -0.0340 -5.1420
v 44.0713 1.8016 -6.3805
v 45.9371 1.7024 -6.1118
v 48.8228 1.7458 -4.5993
v 55.2753 0.8277 -5.6143
v 56.6586 -0.3170 -6.7208
v -13.0218 2.8047 -6.3805
v -10.0884 4.8047 -6.3805
v -0.0271 5.8521 -8.0809
v 0.5883 5.8521 -8.0809
v 8.1225 2.2989 -4.5599
v 8.4667 2.2989 -4.5599
v 24.2332 2.0398 -4.4836
v 24.4338 2.0398 -4.4836
v 38.6946 4.6692 -6.3805
v 42.0713 2.6692 -6.3805
v 47.2137 3.9660 -7.0914
v 50.1429 4.3041 -6.1878
v 54.0851 3.2378 -6.7208
v 56.4139 2.0762 -8.2809
v -8.2678 7.7408 -6.5281
v -6.3689 8.9240 -5.2932
v -0.9565 8.0032 -6.6007
v 1.3722 8.0032 -6.6007
v 38.5134 8.2604 -6.7225
v 40.6199 9.7900 -8.2838
v 48.1230 6.1439 -7.7762
v 48.7964 6.1439 -7.7762
v -8.3957 11.9660 -7.6522
v -5.3014 11.5679 -5.8360
v -1.7187 11.5177 -5.8363
v 1.4240 10.6791 -6.3805
v 15.7277 13.2018 -6.3805
v 18.2999 11.4894 -6.3805
v 22.5296 12.4493 -6.3494
v 24.8266 13.7215 -4.9953
v 38.8518 11.9660 -5.7948
v 42.0919 12.0078 -7.7921
v 44.7305 13.3690 -8.1807
v -11.9392 17.6503 -4.6630
v -9.5238 16.2579 -6.2465
v -5.5226 16.1056 -5.4148
v -2.7223 15.9660 -5.0863
v 14.3608 15.9660 -6.3805
v 23.8928 15.9660 -7.3808
v 25.0151 15.9660 -5.3808
v 35.5186 17.4005 -4.6245
v 38.0437 16.0267 -5.6201
v 41.9675 15.7192 -7.7539
v 44.7305 14.2213 -8.1807
v -13.3029 19.9532 -6.1500
v -10.8486 18.6114 -7.3296
v -3.9919 19.9660 -4.5495
v -3.5078 19.9660 -4.5495
v 13.3203 19.9660 -6.3805
v 24.0432 19.9660 -7.7855
v 26.1560 20.3313 -5.6043
v 30.4731 21.0671 -6.0803
v 34.2311 19.2407 -6.1269
v 38.2999 18.7082 -7.4432
v 40.4127 18.0575 -8.2201
v -15.9128 25.1427 -5.2687
v -15.3740 23.8720 -6.5134
v -3.7183 21.9958 -4.3950
v -3.6906 21.9958 -4.3950
v 11.3868 24.7659 -6.3805
v 12.6872 22.7659 -6.3805
v 24.2166 22.0473 -8.2016
v 26.2999 22.1946 -7.3710
v 29.2552 22.1896 -7.2134
v -15.9128 26.6758 -5.2687
v -15.1781 27.9919 -6.5134
v 9.6547 27.9660 -6.3805
v -13.2794 30.9180 -6.3805
v -9.6356 32.6130 -6.3332
v -5.7002 32.8856 -7.2034
v -1.7002 33.0603 -7.2837
v 2.1882 32.8328 -6.3974
v 6.2998 31.2579 -6.3805
v 8.5678 30.2057 -6.3805
v -8.2591 34.2960 -4.9682
v -5.7002 34.4098 -5.2034
v -1.7002 34.3880 -5.2837
v 0.7805 34.2669 -5.0753
v -67.9390 -34.1800 -0.6044
v -66.8206 -34.1800 -0.6044
v -20.0010 -34.2408 -4.0847
v -19.2070 -34.2408 -4.0847
v -12.1134 -34.3080 -1.0675
v -11.4701 -34.3080 -1.0675
v -67.9390 -32.7112 -0.6044
v -65.6708 -31.7780 -1.6193
v -61.7001 -31.5763 -2.3805
v -57.5526 -30.4546 -2.6718
v -53.5990 -30.1485 -2.9188
v -49.7001 -30.2154 -1.5844
v -45.7001 -30.2043 -0.9852
v -41.2724 -30.2804 -2.0346
v -37.7001 -30.5424 -3.0414
v -33.7001 -30.7435 -3.1259
v -30.5406 -30.6175 -3.3426
v -20.2624 -31.6544 -2.6031
v -17.8043 -31.9786 -2.6031
v -13.4559 -31.6374 -2.5136
v -11.4016 -32.0340 -1.5802
v -64.8084 -29.4487 -2.3805
v -62.3046 -27.4487 -2.3805
v -56.1208 -29.1846 -1.5327
v -53.4067 -28.5271 -3.0872
v -50.0778 -28.2699 -3.6871
v -45.7001 -29.1845 -2.9852
v -41.2724 -29.5663 -2.0346
v -37.7001 -29.6334 -1.0414
v -33.7001 -29.4010 -1.1259
v -29.4044 -29.4217 -2.1577
v -25.7001 -28.5907 -2.3805
v -21.2794 -27.9189 -3.0891
v -18.9770 -26.3887 -4.0339
v -12.1318 -29.6466 -3.9598
v -11.3165 -28.2016 -2.5281
v -60.3046 -25.2979 -2.3805
v -57.7001 -25.1009 -2.3805
v -53.4106 -25.7339 -2.7240
v -50.0778 -25.3509 -2.7240
v -45.7001 -24.7397 -2.3805
v -41.7001 -24.5583 -2.3805
v -37.6087 -23.5887 -2.2577
v -33.7001 -23.8122 -3.0979
v -29.7013 -23.5886 -2.2773
v -25.7001 -23.8155 -2.3805
v -21.6491 -23.9113 -2.5383
v -17.7407 -24.5415 -2.5383
v -13.7002 -25.3706 -2.3805
v -11.3466 -25.6092 -2.3805
v -36.2144 -21.5331 -0.8425
v -33.7001 -20.9745 -1.0979
v -31.0355 -21.1222 -0.8751
v -20.5495 -21.6663 -1.0428
v -19.1711 -21.6663 -1.0428
v -8.6830 -18.7797 -3.9730
v -5.7002 -19.4788 -3.5758
v -1.7002 -19.3521 -3.5113
v 2.2998 -18.7343 -3.6967
v 4.7164 -18.3910 -3.9622
v -11.9727 -14.9030 -3.8076
v -9.6626 -15.8632 -2.5570
v -5.7002 -16.3482 -1.5758
v -1.7002 -16.5867 -1.5113
v 2.2998 -16.4428 -1.6967
v 6.2477 -15.4236 -2.7684
v 8.3126 -14.0423 -4.2412
v 15.7274 -14.3124 -0.7631
v 18.2999 -14.4315 -0.8162
v 20.5761 -14.2856 -0.5789
v -11.9727 -13.0016 -3.8076
v -10.6826 -11.8146 -2.4367
v 7.7790 -13.8789 -1.5745
v 10.3058 -12.3514 -2.9770
v 14.3564 -12.1080 -1.8571
v 18.2999 -12.0340 -1.4962
v 20.6836 -12.0340 -0.6496
v 34.8274 -11.3365 -2.3805
v 38.0991 -11.2413 -2.4579
v 42.2999 -10.6612 -3.5272
v 45.5445 -10.5947 -3.7805
v 51.0643 -10.5129 -3.9334
v 52.8962 -10.5129 -3.9334
v -12.5113 -7.4559 -2.3805
v -11.2217 -9.4559 -2.3805
v 12.2990 -10.0328 -4.3794
v 14.2998 -9.3528 -3.9393
v 18.5045 -7.8897 -3.1246
v 20.6795 -8.0340 -1.2510
v 28.0884 -6.1895 -4.0795
v 30.4014 -7.4114 -2.5999
v 32.8274 -9.6391 -2.3805
v 39.2985 -9.3084 -1.1762
v 42.4705 -7.9986 -1.4804
v 46.5945 -8.0545 -2.2326
v 49.7827 -8.0545 -2.5626
v 54.2576 -7.8758 -3.6594
v 56.5565 -6.4369 -4.1478
v -15.9401 -2.5231 -2.3805
v -14.5113 -4.5231 -2.3805
v 19.9743 -5.8090 -4.0474
v 21.2797 -4.2990 -2.5806
v 27.1548 -3.8529 -2.5999
v 29.1358 -5.0655 -1.4128
v 39.8851 -2.3866 -0.8109
v 42.4705 -3.8456 -1.0660
v 46.3067 -4.2228 -1.0903
v 50.0206 -4.2228 -1.6662
v 54.2999 -4.0340 -3.3727
v 56.5940 -4.0340 -4.1188
v -15.9401 -1.1756 -2.3805
v -15.1452 0.8244 -2.3805
v 8.1225 1.3961 -3.9633
v 8.4667 1.3961 -3.9633
v 23.4772 -0.3532 -2.7461
v 24.9621 -0.3532 -2.7461
v 39.4642 -0.0340 -1.0027
v 42.6122 0.3072 -2.7230
v 46.2999 -0.2726 -3.0396
v 50.2136 0.2339 -3.3629
v 54.0851 -0.3170 -3.8107
v 56.4353 -1.8389 -4.2643
v -13.1452 3.1336 -2.3805
v -10.2068 5.1336 -2.3805
v 8.1225 2.2989 -3.9633
v 8.4667 2.2989 -3.9633
v 24.2332 2.0398 -4.3231
v 24.4338 2.0398 -4.3231
v 38.5378 3.8564 -2.2200
v 41.4870 2.4501 -3.4463
v 51.4894 3.0635 -4.0197
v 52.6086 3.0635 -4.0197
v -8.2068 6.3279 -2.3805
v -6.0299 8.3279 -2.3805
v -1.0243 9.3613 -3.9567
v 0.9663 9.3613 -3.9567
v 27.3630 9.5306 -0.8163
v 30.2999 8.8165 -1.3025
v 34.2999 8.4256 -1.5082
v 36.8553 7.7920 -2.4066
v -7.7487 13.8810 -0.4632
v -5.2533 11.9251 -1.8784
v -1.8338 11.6768 -3.6251
v 0.9663 10.7177 -3.9567
v 15.7095 13.1250 -3.8100
v 18.5963 12.6056 -2.4382
v 22.2999 11.8064 -2.3805
v 26.0948 11.9061 -2.3625
v 30.2999 11.9660 -2.6218
v 34.2999 11.9660 -3.0927
v 36.8518 11.9660 -3.8244
v -12.0876 17.5802 -2.3805
v -9.3293 15.7970 -2.0301
v -5.5226 16.1056 -2.8416
v -2.7223 15.9660 -3.3948
v 15.2149 15.9660 -3.0279
v 18.5963 16.2553 -0.9084
v 20.3168 17.7815 -0.3971
v 27.0151 15.9660 -3.4455
v 30.2999 15.9660 -3.0113
v 34.2311 16.0267 -3.9622
v 36.5395 14.7338 -4.2622
v -13.7804 19.9660 -2.3805
v -3.9919 19.9660 -4.1935
v -3.5078 19.9660 -4.1935
v 11.0007 21.0172 -1.0394
v 14.0194 19.5631 -2.0935
v 18.5271 19.6518 -0.5112
v 20.4154 19.9660 -0.4686
v 27.3935 19.2414 -3.6057
v 30.2999 19.0060 -3.6919
v 32.8519 18.0772 -4.2373
v -15.9128 25.1427 -3.0722
v -15.4464 23.8720 -1.9956
v -3.7183 21.9958 -4.3585
v -3.6906 21.9958 -4.3585
v 10.5079 23.8794 -2.3759
v 12.5951 22.4884 -3.7061
v 20.0119 22.0738 -0.4814
v 20.4369 22.0738 -0.4814
v -15.8668 27.6762 -1.9864
v -15.5210 27.6762 -1.9864
v 4.2630 29.9181 -0.5060
v 6.2998 29.2618 -1.1409
v 9.0481 27.8314 -2.5136
v -15.8209 30.8945 -0.9006
v -14.0005 32.1426 -2.1329
v -10.9258 33.3907 -3.3652
v 3.0691 31.7480 -2.0558
v 6.2998 30.3600 -3.1409
v 8.5676 30.1880 -3.9356
v -12.6461 34.1067 -0.6986
v -9.6356 34.3163 -2.1714
v -5.7002 34.7764 -2.3805
v -1.7002 34.7782 -2.3805
v 0.7891 34.3002 -2.3805
v -67.9390 -34.1800 -0.0913
v -65.5214 -34.3397 1.2186
v -63.1000 -34.4994 2.5285
v -12.1134 -34.3080 -0.1617
v -11.4701 -34.3080 -0.1617
v -67.9390 -32.7112 -0.0913
v -65.7310 -32.4661 0.8188
v -61.7005 -32.2581 1.5335
v -58.7875 -30.6738 0.5385
v -52.4190 -30.2262 0.1460
v -49.7001 -30.2154 0.1199
v -45.7001 -30.2043 0.1142
v -42.4959 -30.2114 0.1384
v -24.3929 -30.5686 2.7216
v -21.4315 -30.3183 1.1978
v -17.7001 -30.1697 -0.2867
v -13.5481 -31.7221 -0.1035
v -11.4016 -32.0340 -0.0872
v -65.0300 -29.3237 1.6195
v -61.5071 -28.2271 1.5468
v -57.5526 -27.9243 0.4070
v -53.7315 -27.9243 0.2108
v -49.7001 -28.0340 0.5958
v -45.7001 -28.0340 0.8829
v -41.3776 -28.3883 0.5583
v -37.7001 -27.6334 0.2922
v -33.7001 -27.4010 0.5126
v -29.7008 -27.4998 1.5884
v -25.0939 -28.0326 2.1735
v -21.9987 -28.4717 1.4246
v -17.7001 -28.0340 0.2321
v -13.7002 -28.0340 0.0368
v -11.3606 -28.0340 -0.0736
v -60.0466 -25.7602 -0.1116
v -57.7001 -25.7268 -0.0854
v -53.7001 -25.7541 -0.0362
v -49.7001 -25.6767 0.0954
v -45.7001 -25.5420 0.3882
v -41.7001 -25.2878 0.4039
v -37.6087 -24.0873 0.3928
v -33.7001 -24.0340 1.3428
v -29.7016 -23.9020 1.6177
v -25.5145 -24.5208 1.8447
v -21.8098 -23.8791 0.9300
v -17.7827 -24.3509 0.3508
v -13.7002 -25.7379 -0.1453
v -11.4155 -25.7778 -0.1436
v -36.2144 -21.5331 0.0114
v -33.7001 -20.9745 0.4496
v -31.0355 -21.1222 0.3344
v -20.5495 -21.6663 0.1467
v -19.1711 -21.6663 0.1467
v 8.1660 -18.1198 3.5060
v 8.4561 -18.1198 3.5060
v -7.9755 -14.1568 0.6078
v -5.7002 -14.3482 0.7562
v -1.7002 -14.5867 0.3007
v 2.2998 -14.4428 0.0237
v 6.7849 -15.2215 1.5308
v 9.9936 -15.8352 2.6498
v 14.3564 -14.7385 1.6687
v 18.2999 -15.5011 1.6195
v 20.9937 -14.8719 1.6195
v -8.5987 -12.0340 1.2231
v -5.7002 -12.0340 2.5692
v -1.7002 -12.0340 2.0558
v 2.1074 -11.8792 2.1865
v 6.5993 -13.4941 1.2394
v 10.2998 -13.5101 0.4925
v 13.0607 -13.4906 0.3682
v 22.0729 -12.0340 1.6195
v 35.5602 -10.7849 -0.1880
v 36.6319 -10.7849 -0.1880
v -12.4889 -6.9562 1.6195
v -9.5706 -7.9821 2.1361
v -5.8788 -8.2206 3.3999
v -1.7002 -9.5643 3.3746
v 0.6458 -9.7634 3.3588
v 22.9257 -8.1822 1.8405
v 24.4822 -6.9476 3.3212
v 31.8025 -7.0443 0.4056
v 34.2561 -8.2401 0.6420
v 38.0991 -7.9986 0.3617
v 41.2509 -6.6418 -0.0616
v 47.6446 -6.1831 -0.2579
v 48.5011 -6.1831 -0.2579
v -15.8125 -2.2804 -0.0342
v -14.3726 -3.7818 1.4273
v -7.8516 -5.9586 3.5028
v -7.3313 -5.9586 3.5028
v 23.2638 -3.9579 1.8405
v 25.8673 -3.8196 1.6480
v 30.4986 -3.9170 1.5235
v 34.2999 -4.7127 2.7533
v 38.1163 -3.6288 1.4751
v 41.2509 -5.0533 -0.0616
v 47.6446 -5.6821 -0.2579
v 48.5011 -5.6821 -0.2579
v -15.8125 -1.5822 -0.0342
v -14.4091 -0.1629 1.4273
v 15.8036 1.4061 2.8372
v 16.7833 1.4061 2.8372
v 23.8017 -1.7269 1.6195
v 26.0714 -1.1241 1.4327
v 29.1946 -0.9270 2.6415
v 35.0633 0.7163 2.5243
v 37.2599 -0.3838 1.3624
v -12.5345 3.3476 1.6195
v -10.9099 5.3476 1.6195
v 15.8036 2.5725 2.8372
v 16.7833 2.5725 2.8372
v 27.6303 4.9930 2.9838
v 30.2999 4.3629 2.3711
v 33.9579 3.6673 1.7382
v 36.9657 3.9660 0.0395
v -8.8364 7.6808 1.6938
v -5.3939 9.2898 1.8313
v -1.7002 9.5897 3.0924
v 0.5841 9.6746 3.2835
v 26.5689 8.1048 1.6381
v 30.2999 6.8165 0.3711
v 34.2999 6.4256 0.0892
v 36.5538 6.3427 -0.0587
v -7.8648 12.4450 1.5232
v -6.0686 11.7105 2.0997
v -1.7002 10.4201 3.0924
v 0.5841 10.2961 3.2835
v 20.1273 13.7059 -0.2288
v 22.4673 12.4053 1.3105
v 24.6383 10.2102 1.6195
v -15.8015 17.7867 3.3746
v -13.4667 17.3602 1.8725
v -9.3293 15.1891 1.4297
v -7.4179 14.1682 2.6364
v 20.1273 15.1149 -0.2288
v 21.0530 16.2553 1.3105
v -15.8015 18.3341 3.3746
v -13.7499 19.9691 1.9611
v -11.2529 21.6042 3.2143
v 11.0007 21.0172 0.3503
v 14.2485 20.3013 1.6580
v 18.5271 20.5728 1.5577
v 20.5677 20.0682 1.5577
v -15.8638 25.5991 2.3362
v -14.2711 23.9747 1.4419
v -11.2529 22.3504 3.2143
v 7.4715 25.3226 2.7572
v 9.7875 23.7541 1.5537
v 12.8810 22.1855 3.0170
v 20.0119 22.0738 0.1831
v 20.4369 22.0738 0.1831
v -16.1053 27.5924 1.2495
v -15.6869 26.0100 -0.3305
v 3.6831 29.3158 1.6195
v 6.2029 27.3112 1.5021
v 8.5744 26.4084 0.0905
v -16.1187 32.1231 1.5418
v -13.8329 33.6480 1.6426
v -9.7002 33.4449 2.6261
v -7.1345 33.5023 2.7859
v 1.8602 31.9660 1.6195
v -15.8862 34.0459 2.8233
v -13.8329 34.0763 1.6426
v -9.7002 34.1564 0.6261
v -5.7608 34.4421 1.5193
v -1.7002 34.6408 1.6195
v 0.4770 34.1306 1.6195
v -64.2222 -34.4994 4.6906
v -63.1000 -34.4994 4.6906
v -65.0723 -32.3223 5.8622
v -62.3468 -32.3223 5.8622
v -24.3929 -30.5686 4.6483
v -23.0500 -30.5686 4.6483
v -65.0237 -28.9640 5.6195
v -62.4585 -28.9640 5.6195
v -28.3678 -26.6231 4.2757
v -25.5585 -27.8027 4.4620
v -23.0500 -28.9824 4.6483
v -28.3678 -25.2381 4.2757
v -26.7241 -25.2381 4.2757
v 7.8712 -18.2782 5.6195
v 9.4024 -18.2782 5.6195
v 14.9937 -18.2192 7.1919
v 16.6430 -18.2192 7.1919
v -0.0555 -14.2457 7.3882
v 2.2998 -14.5230 7.1058
v 6.2289 -15.8982 5.7473
v 11.4024 -17.2755 5.6195
v 13.9161 -16.9635 5.7630
v 18.1057 -16.4900 5.7630
v 22.2892 -14.6041 5.8684
v 24.4018 -14.1181 7.3677
v -7.8140 -10.5561 6.8542
v -7.4294 -10.5561 6.8542
v -0.0969 -12.0340 7.0449
v 2.1074 -11.8792 5.2877
v 5.4197 -13.1094 4.4992
v 23.6892 -12.0340 4.8918
v 24.4524 -12.0340 6.8918
v -12.1496 -6.3474 3.8485
v -9.1662 -8.1191 5.3514
v -6.0470 -8.4513 5.3294
v -1.1760 -8.3875 5.4447
v 0.6458 -9.7634 4.4180
v 8.0405 -6.2623 7.3533
v 8.6376 -6.2623 7.3533
v 24.2001 -8.0071 5.8145
v 24.4417 -8.0071 5.8145
v -12.5891 -4.0340 4.3353
v -9.3139 -4.1056 5.4300
v -5.8788 -4.8726 5.3306
v -2.4781 -5.2883 6.4713
v 8.0405 -5.7255 7.3533
v 8.6376 -5.7255 7.3533
v 23.6878 -3.9579 5.8845
v 24.4822 -5.2405 4.7278
v 31.8613 -2.7686 3.9627
v 34.2999 -2.7127 3.9227
v 36.3474 -2.2043 3.6806
v -15.7803 1.8556 7.3861
v -13.4763 0.4741 5.8655
v -10.7762 -0.9073 7.0116
v 15.8036 1.4061 4.0619
v 16.7833 1.4061 4.0619
v 23.5871 -1.5434 5.6195
v 26.3311 0.6227 5.3940
v 30.4367 0.2302 4.0291
v 33.9579 -0.3838 3.8913
v 36.3474 -1.9503 3.6806
v -15.7803 2.1942 7.3861
v -13.3575 3.7947 5.5921
v -11.5603 5.3952 3.7980
v 15.8036 2.5725 4.0619
v 16.7833 2.5725 4.0619
v 26.9583 3.7822 5.3940
v 30.2999 2.3629 3.8741
v 32.3967 2.1349 3.6682
v -12.1984 6.3487 6.4647
v -9.7706 8.1360 5.6759
v -5.4702 9.5335 5.9800
v -1.8280 9.3843 5.3940
v 0.5841 9.6746 3.9104
v 24.1612 9.7405 6.8025
v 24.9599 8.2307 5.5293
v -8.4104 11.8406 5.6804
v -5.9274 12.1964 5.4304
v -2.1328 11.6021 5.7536
v 0.5841 10.2961 3.9104
v 24.0367 11.5155 5.4966
v 24.4697 11.5155 5.4966
v -15.8015 17.7867 3.8680
v -13.7002 17.3579 4.4087
v -9.9605 15.7513 5.4485
v -5.5660 14.0723 5.7020
v -3.6856 13.9765 7.5969
v 4.0576 17.6556 6.8420
v 4.4322 17.6556 6.8420
v 20.2790 17.9326 7.5779
v 22.2523 16.1351 5.8843
v 24.5848 14.3375 6.8573
v -15.8015 18.3341 3.8680
v -13.7002 18.9707 4.4087
v -10.6111 20.1489 5.7017
v 4.0493 19.9660 6.9569
v 5.9793 20.2496 6.9486
v 10.2998 21.3670 6.8845
v 14.2485 20.7282 5.5724
v 18.6873 19.1933 5.9946
v 20.5923 18.8030 4.9113
v -15.8638 25.5991 4.8649
v -14.0858 24.6624 5.9667
v -10.8031 22.6117 5.6195
v 4.2080 22.0850 7.5135
v 6.1990 23.7038 6.1158
v 10.2998 22.6481 4.8845
v 12.8810 22.1855 4.2076
v -16.0822 27.6665 5.9667
v -15.6763 26.1335 7.5315
v 3.5144 29.1469 4.6104
v 5.1251 27.8746 5.8140
v -16.0956 31.7767 5.4993
v -13.6920 32.8339 5.4993
v -9.7002 32.5756 5.6195
v -7.0167 33.2541 5.6195
v 3.0047 32.2784 5.8140
v 4.5436 31.1533 7.2770
v -15.8862 34.0459 4.0858
v -15.0198 34.0459 4.0858
v -5.0167 34.8417 5.6195
v -1.7002 35.4792 5.6195
v 1.2700 34.6035 5.6195
v -64.9767 -34.4672 10.5690
v -61.7001 -34.5533 10.5112
v -59.3386 -34.2932 11.1923
v -65.8559 -32.3223 9.3892
v -61.5463 -32.3223 8.7169
v -57.8832 -31.7431 10.8768
v -55.5940 -30.2158 11.5023
v -65.4374 -28.9030 9.6195
v -61.5463 -28.9103 9.6035
v -57.7001 -29.6394 11.0115
v -55.5940 -29.8728 11.5023
v -15.8913 -18.2014 11.4400
v -13.7002 -18.2095 11.4306
v -11.1770 -18.1006 11.5472
v -4.8112 -18.9156 10.6306
v -1.7002 -19.0599 10.5159
v 0.9947 -18.5202 11.1370
v 7.8622 -18.2737 7.9645
v 9.6137 -18.2737 7.9645
v 14.9937 -18.2192 8.1906
v 16.6430 -18.2192 8.1906
v -15.8913 -17.5125 11.4400
v -13.7002 -17.2667 11.4306
v -9.8827 -16.2373 11.1785
v -5.9668 -16.1789 10.1028
v -1.5133 -15.7610 8.6991
v 2.3168 -16.4377 9.7300
v 6.4372 -16.5337 9.4265
v 10.6881 -16.6985 9.4265
v 13.8430 -16.0685 9.8351
v 18.1057 -15.6343 8.6785
v 22.2999 -14.0975 7.6812
v 24.4018 -14.1181 7.7013
v -8.6433 -11.9473 9.5337
v -5.9377 -11.9473 8.7229
v -2.0969 -12.0340 8.6060
v 15.3590 -13.9190 11.4796
v 18.3216 -12.3650 10.2897
v 22.2999 -12.0340 8.1900
v 24.4524 -12.0340 7.7473
v -8.2129 -9.2615 9.6195
v -5.9683 -8.1856 9.7441
v -1.9139 -8.0340 8.8064
v 7.3497 -6.5953 9.6195
v 10.1025 -6.5500 9.9505
v 14.2998 -6.3662 11.2630
v 18.3216 -7.8328 10.5978
v 22.6580 -7.8535 8.4671
v 24.4012 -9.0666 7.7080
v -8.0866 -2.5556 9.6195
v -5.7844 -4.4038 9.7423
v -2.4781 -5.2883 8.4908
v 7.3497 -5.5373 9.6195
v 10.1025 -5.5832 9.9505
v 14.2998 -5.5776 11.2630
v 18.5140 -4.1223 10.7892
v 21.7414 -4.0340 8.8518
v -15.7803 1.8556 7.7920
v -13.7002 1.7282 7.8744
v -9.8705 0.2420 9.3199
v 19.9901 -1.7620 11.1950
v 22.2949 -1.5739 9.7648
v 25.5309 0.3372 9.6195
v -15.7803 2.1942 7.7920
v -13.5991 3.7029 8.6099
v -11.0168 3.9660 10.7281
v 24.0601 5.7104 11.2565
v 25.5136 4.2127 9.8017
v -12.1984 6.3487 8.9303
v -9.8434 8.1360 9.6609
v -5.7002 9.5831 7.9711
v -3.2465 9.4982 7.9829
v 23.6318 8.2307 9.8017
v 24.6814 7.0738 8.5899
v -8.7135 11.5897 9.2827
v -5.3085 11.5897 7.9116
v -3.3490 11.9660 7.9056
v 23.3253 11.7050 9.8442
v 24.5848 12.8643 8.6608
v -9.7896 15.9660 9.6195
v -3.7140 13.9765 7.6376
v -3.6856 13.9765 7.6376
v 3.8465 17.6333 9.6195
v 4.5038 17.6333 9.6195
v 15.9399 17.6326 11.3504
v 18.6873 17.0884 9.8580
v 22.2495 15.1113 9.8442
v 24.5848 14.3375 8.6608
v -15.9157 21.7969 11.3217
v -13.7002 21.2032 10.7151
v -10.4888 19.8572 9.4746
v 3.5691 19.9660 9.6195
v 6.5038 19.2742 9.6195
v 10.2998 20.4795 9.6195
v 14.4839 19.2366 9.8580
v 17.6123 18.4764 8.6837
v -16.1217 23.9660 10.4319
v -14.0858 23.8520 8.5246
v -10.9513 22.4426 8.0447
v 4.0225 22.4570 9.6195
v 5.0881 24.4570 9.6195
v -16.2012 27.6665 9.2481
v -15.6763 26.1335 7.6672
v 5.5619 27.9660 9.6195
v -16.0667 30.5104 9.6195
v -13.7002 31.6129 9.6195
v -9.5032 32.9566 9.7023
v -7.3545 33.4804 8.4241
v 3.6312 33.1240 9.6195
v 4.7736 31.1240 9.6195
v -8.0386 34.3051 11.0908
v -5.8928 35.1041 9.7023
v -1.6638 36.9657 9.5384
v 1.5433 36.0312 9.5384
v -0.3063 38.1591 10.8177
v 0.5971 38.1591 10.8177
v -64.9767 -34.4672 12.3258
v -61.7001 -34.5533 12.9335
v -58.0693 -34.2893 13.9256
v -54.5345 -34.2855 15.1859
v -65.4036 -32.0340 12.5697
v -61.6710 -32.3125 14.6071
v -58.0693 -33.3570 13.9256
v -53.7309 -31.6800 14.0570
v -49.7001 -30.7415 15.3204
v -45.7001 -30.6899 15.1148
v -43.5405 -30.4087 15.3206
v -64.6948 -29.6159 12.1801
v -61.4197 -28.3091 13.7953
v -57.4836 -27.4111 13.8941
v -54.0364 -29.1712 14.0046
v -49.7001 -29.5637 15.3204
v -45.7001 -28.6768 15.1148
v -43.5405 -28.7535 15.3206
v -59.8545 -25.9163 15.4105
v -58.6725 -25.9163 15.4105
v -20.0271 -18.2504 15.3800
v -17.4148 -18.5694 13.8758
v -13.7013 -18.4794 13.3348
v -9.8302 -18.3772 13.1521
v -5.6331 -18.7847 13.6748
v -1.9473 -19.0032 13.9621
v 1.0361 -18.5843 13.6195
v -35.9300 -14.1784 15.5077
v -35.4857 -14.1784 15.5077
v -24.6852 -14.6612 14.7232
v -21.4963 -16.0103 14.6584
v -17.4148 -16.1211 13.0768
v -13.1295 -16.1275 13.1991
v -10.3052 -16.5833 12.7610
v -5.6331 -17.7699 13.6748
v -3.4454 -17.9309 15.5238
v 2.8804 -16.0465 13.6928
v 6.2998 -14.8284 12.6280
v 10.2998 -14.3746 12.0572
v 12.6923 -14.1165 11.6473
v -35.9300 -13.8275 15.5077
v -35.4857 -13.8275 15.5077
v -24.6852 -13.0295 14.7232
v -21.7627 -11.8313 14.5395
v -17.7001 -12.0340 13.6243
v -13.7002 -12.0340 12.9624
v -10.7936 -12.0340 12.2799
v 3.4497 -12.0340 14.8613
v 6.2998 -12.0340 13.5596
v 10.2998 -12.0340 12.7329
v 14.1353 -12.3650 12.6238
v 17.0027 -11.2524 12.7399
v -20.4711 -9.6453 15.1819
v -17.7001 -9.2170 14.6230
v -13.7002 -8.5919 14.3422
v -9.9015 -7.6461 13.3970
v -7.1739 -6.4804 11.9865
v 3.3222 -8.0340 14.3774
v 6.8734 -7.2627 13.5273
v 9.4908 -7.4860 13.5920
v 14.2998 -8.3662 12.8540
v 17.0027 -9.0320 12.7399
v -8.5091 -3.9201 13.4397
v -7.1739 -5.1775 11.9865
v 3.4491 -4.9283 14.4299
v 6.3979 -5.3043 13.5422
v 9.9671 -5.2561 13.8406
v 14.5072 -3.5567 13.8025
v 17.3234 -2.8479 12.5912
v -8.0705 -0.2983 13.5013
v -6.3676 0.8588 14.7559
v 15.9788 -1.8326 15.2579
v 18.5140 -1.4860 13.8025
v 22.5369 0.0625 13.8429
v 25.2224 0.7483 12.6584
v -8.8207 4.2160 13.5013
v -6.3676 3.0493 14.7559
v 19.8142 5.4733 15.1194
v 22.7108 4.2585 13.8889
v 25.2224 3.0438 12.6584
v -9.3039 7.9660 13.6195
v 15.9359 9.7133 15.2481
v 18.4085 8.2144 14.5494
v 21.5687 7.9660 12.5604
v -8.7038 11.9660 13.6195
v 7.1044 13.3441 15.1967
v 10.2998 12.9790 14.8570
v 14.4815 11.9496 14.5885
v 18.2999 11.9660 13.1564
v 21.1856 11.9660 11.9997
v -12.1370 17.5397 14.9026
v -10.0890 16.1102 13.5893
v 3.5493 16.9473 13.6195
v 5.7719 15.9535 13.6429
v 10.2998 15.9660 13.5487
v 14.4839 16.1659 12.6829
v 18.2999 14.8940 12.1189
v 20.8826 14.2035 11.7052
v -16.2557 21.4104 13.6195
v -13.5623 19.4127 13.5893
v -11.0492 18.4513 12.2359
v 3.5326 19.9227 13.4043
v 5.9467 19.8990 13.3416
v 10.2998 19.0785 12.3112
v 13.2733 18.8445 12.0721
v -16.3525 24.1397 13.6239
v -15.3444 25.5888 14.9602
v 4.0219 22.5016 11.9275
v 5.2287 23.8874 13.4043
v -16.2647 27.9660 12.4635
v -14.5454 27.9660 14.4635
v 5.6711 27.9660 13.6195
v -16.1064 30.3408 12.0707
v -13.3897 30.7782 13.4902
v -10.2780 32.7001 13.6195
v 3.5065 32.8842 13.6195
v 4.8755 30.8842 13.6195
v -8.2780 34.6099 13.6195
v -5.5006 36.4980 13.7362
v -1.7822 37.3578 13.6700
v 1.4435 36.0193 13.5633
v -4.0343 38.1123 15.1473
v -1.7822 38.1357 13.6700
v 0.5971 38.1591 12.1926
v -59.7921 -34.1433 18.8481
v -57.9600 -34.3217 17.5566
v -53.4007 -34.3014 17.5215
v -51.4409 -34.1095 18.7895
v -60.2610 -32.3125 17.5566
v -59.4666 -33.8315 16.1814
v -51.8678 -33.1442 16.1228
v -49.9446 -32.7165 17.5215
v -45.7001 -31.7218 17.6195
v -43.0046 -30.7014 17.6195
v -36.0201 -30.1325 19.5562
v -35.5206 -30.1325 19.5562
v -60.2984 -28.2518 17.3521
v -57.4836 -26.7883 17.3521
v -54.0024 -26.9117 17.6882
v -49.7001 -27.5637 16.7780
v -45.7001 -26.6769 16.2074
v -41.9031 -27.6664 17.4550
v -37.5713 -28.1341 19.4132
v -34.0800 -28.2050 19.3033
v -31.0984 -26.7208 19.0504
v -59.8545 -25.9163 15.8405
v -58.6725 -25.9163 15.8405
v -52.8705 -25.7542 19.0674
v -49.5610 -24.2661 18.6975
v -45.6287 -23.9084 18.2410
v -41.7001 -24.9383 18.3728
v -39.1225 -25.4490 19.2701
v -32.5172 -24.0340 19.1437
v -31.1766 -24.0340 19.1437
v -48.1349 -21.5916 19.2049
v -46.9144 -21.5916 19.2049
v -36.2530 -18.1580 19.5645
v -33.3903 -19.7084 19.4846
v -30.0424 -19.6738 19.4861
v -25.7001 -18.0931 19.5693
v -21.4963 -18.4879 18.0108
v -17.7001 -19.2913 17.6195
v -13.7013 -19.0270 17.8342
v -9.7702 -19.0884 17.8342
v -6.4360 -18.8100 17.6195
v -0.7787 -18.2815 16.7844
v 0.5866 -18.2815 16.7844
v -36.9222 -15.7206 17.9865
v -33.9715 -15.7206 17.7284
v -29.7001 -16.0340 18.5661
v -25.8912 -16.0103 17.4262
v -22.6938 -17.3278 16.9384
v -12.3687 -17.2752 16.6440
v -11.1502 -17.2752 16.6440
v -4.8106 -16.3721 17.6749
v -1.9473 -16.3721 17.0648
v 1.0044 -16.0340 16.8568
v -36.8130 -13.2795 17.6195
v -33.9040 -12.1976 17.5424
v -29.7001 -12.0340 17.3617
v -25.8912 -11.8313 16.6263
v -23.1378 -10.3628 16.1537
v -4.9134 -12.0340 18.6836
v -1.7002 -12.0340 17.4223
v 1.4497 -12.0340 16.3581
v -32.3224 -9.5774 18.4577
v -29.7001 -9.4575 18.2974
v -25.7001 -9.5353 18.5694
v -21.7627 -9.1173 17.5400
v -17.7001 -8.1833 17.6195
v -13.7002 -7.5695 17.6195
v -11.0254 -6.5389 17.6195
v -4.4482 -9.2099 18.9459
v -1.7002 -8.6353 18.4893
v 1.3167 -7.8094 17.5195
v 8.0650 -6.1768 17.6195
v 8.5222 -6.1768 17.6195
v -8.8060 -4.0411 17.5147
v -7.3796 -2.7125 18.7782
v 3.0238 -3.7706 17.7082
v 5.9144 -3.7706 17.7082
v 10.5222 -4.5830 17.6195
v 13.2504 -2.5830 17.6195
v -7.7762 -1.8079 16.1116
v -5.5402 -0.0269 17.2007
v -3.3610 1.7541 18.2898
v 4.0256 -1.7749 19.1007
v 4.6372 -1.7749 19.1007
v 15.0631 -0.3131 17.7581
v 18.2999 0.4471 16.8388
v 21.3616 1.0727 16.3476
v -7.8122 5.7160 15.8950
v -5.3006 4.2160 16.5849
v -3.4239 3.9660 18.6195
v 7.2565 5.4665 18.7143
v 9.1151 5.4665 18.7143
v 15.5544 3.9660 19.1495
v 18.4085 4.0704 17.2803
v 21.3616 2.8066 16.3476
v -8.1251 8.1431 17.3848
v -5.7002 6.6912 18.8234
v -1.9350 7.4520 19.4577
v 0.7447 8.9328 19.2996
v 6.9768 7.9660 18.3141
v 10.3890 8.1711 18.4097
v 14.6186 8.3439 18.0527
v 17.1475 7.0466 16.7618
v -8.2875 11.7488 17.5182
v -7.0380 12.9372 18.7840
v -0.1992 10.7066 19.2996
v 0.7447 10.7066 19.2996
v 6.3750 11.9929 17.5183
v 10.2998 10.9790 16.7861
v 13.2693 10.6053 16.6770
v -12.1370 17.5397 16.4738
v -9.5298 16.1102 17.0642
v -6.9231 15.9660 18.7847
v 3.6613 16.7409 16.6306
v 4.4699 15.6309 17.8262
v -16.6034 21.0477 17.6195
v -13.5623 19.0019 17.7321
v -9.7002 18.3878 19.0520
v -7.3262 18.2440 19.3419
v 3.6613 18.5605 16.6306
v 5.1876 19.9227 17.8262
v -16.5845 24.1397 17.5684
v -15.3444 25.5888 16.2010
v 6.2279 23.9660 17.6195
v -15.9697 26.4323 18.8676
v -13.5969 28.0046 17.4803
v -11.1879 29.5768 18.7595
v 5.5129 27.9660 17.6195
v -11.8495 30.1347 16.0929
v -10.2785 31.6672 17.5035
v 3.4401 32.6808 17.6195
v 4.6164 30.6808 17.6195
v -8.3073 34.6217 17.6195
v -5.5006 36.4756 17.3985
v -1.8350 36.5649 17.3985
v 1.4401 34.7333 17.6195
v -4.0343 38.1123 15.9179
v -3.2582 38.1123 15.9179
v -59.7921 -34.1433 19.8280
v -57.7001 -34.2050 20.0122
v -53.7001 -34.1797 20.2927
v -51.4409 -34.1095 20.2020
v -59.9376 -32.0340 19.9690
v -57.7001 -32.0340 20.7201
v -53.3167 -31.7066 22.1699
v -49.9446 -32.6393 21.5690
v -45.7001 -32.0995 21.6195
v -41.6395 -30.9878 21.5282
v -37.4921 -30.6460 21.5282
v -35.1050 -30.5064 21.6195
v -59.9249 -29.7303 19.8769
v -57.7001 -28.8609 20.3274
v -53.6324 -28.0379 21.6412
v -51.1690 -27.3022 22.9765
v -40.2658 -29.2459 20.1340
v -37.5713 -28.1341 20.0895
v -34.0483 -28.1809 20.9447
v -30.4114 -27.0497 21.6195
v -52.8705 -25.7542 20.3098
v -49.6519 -24.2372 21.6645
v -45.6623 -22.6058 21.6044
v -41.7001 -22.9383 20.7586
v -37.7535 -24.0830 21.0627
v -34.5172 -24.0340 20.7120
v -29.5449 -24.0340 21.6195
v -24.8814 -22.8714 23.1866
v -21.7001 -22.9256 23.1701
v -18.8248 -22.3854 23.4531
v -12.4752 -22.1217 23.0471
v -11.5391 -22.1217 23.0471
v -48.1349 -21.5916 20.3525
v -45.6623 -21.5192 21.6044
v -41.6820 -20.0817 22.2426
v -37.6319 -19.7084 20.9192
v -34.5171 -20.8246 20.6506
v -28.8337 -20.9547 21.6195
v -26.0089 -20.3781 21.7598
v -21.7001 -20.4391 21.1701
v -17.5750 -20.8994 21.9197
v -13.7652 -21.0163 21.6760
v -9.7396 -19.9361 21.8751
v -7.2599 -18.4489 20.7031
v -40.3635 -16.0340 21.8956
v -39.0553 -16.0340 19.8956
v -7.9402 -17.7044 23.3697
v -7.0166 -16.2362 21.8696
v -40.0245 -12.0340 22.5544
v -38.0526 -11.9543 20.8454
v -34.9891 -10.5678 20.4161
v -6.4178 -12.0340 21.6195
v -39.8846 -9.6124 23.3509
v -37.7001 -9.5065 23.0155
v -33.6735 -9.5729 21.6975
v -29.7001 -8.9523 21.6195
v -25.7001 -8.7272 21.6195
v -21.7001 -8.4497 21.6195
v -17.3999 -7.2834 21.9098
v -13.7002 -7.0116 20.8544
v -10.9676 -6.5961 20.1155
v -4.9018 -7.9395 21.7454
v -1.7002 -6.6353 20.5516
v 0.6314 -6.3264 19.9857
v 8.1163 -6.1347 19.7171
v 8.4842 -6.1347 19.7171
v -15.8665 -5.9464 23.4367
v -13.7002 -5.7041 22.8544
v -9.6606 -5.1043 21.5171
v -5.7134 -4.1021 22.0572
v -2.0907 -3.6762 22.7645
v 1.1679 -3.6762 21.4392
v 7.4152 -4.0340 19.9655
v 10.0105 -3.7854 20.0145
v 12.5550 -2.2863 19.8166
v -4.7129 -0.9126 20.9517
v -3.4839 0.2389 22.0188
v 3.0556 -0.2785 21.5464
v 6.1023 -0.2785 20.6888
v 10.2998 -0.0340 21.0700
v 12.9947 -0.0340 20.1420
v -1.8758 4.0497 21.3212
v 2.3865 4.0497 21.7662
v 6.0738 4.0663 20.5887
v 10.3890 4.0663 20.6292
v 13.5544 3.9660 20.2264
v -7.8900 9.5945 19.7678
v -5.7002 8.6912 20.0177
v -1.9350 7.4520 19.8955
v 2.1667 7.7461 20.2439
v 4.9768 7.9660 20.2729
v 11.7817 6.9745 19.9291
v 13.3012 6.9745 19.9291
v -7.8900 10.2706 19.7678
v -5.7029 11.7488 20.6379
v -1.5995 12.0104 20.6750
v 2.1667 12.0104 20.1783
v 4.7903 11.9660 20.1603
v -4.9231 15.9660 20.9569
v -1.7002 15.9660 21.6551
v 2.2998 15.9660 20.5010
v 4.4090 15.9660 19.8028
v -16.9188 21.1422 21.6195
v -13.7002 20.3349 21.6195
v -9.7002 20.2513 21.6195
v -5.5919 20.0277 21.8885
v -1.7002 19.9660 21.9219
v 2.2998 19.9660 21.2620
v 5.0441 19.9660 20.3632
v -16.8368 24.1961 21.7738
v -15.4986 25.6829 23.2100
v -3.8575 22.0882 23.5408
v -1.9416 23.6394 22.5311
v 2.2998 23.9660 21.2692
v 5.3851 23.9660 20.5707
v -15.9697 26.4323 20.5433
v -13.6166 28.0046 21.9983
v -11.1879 29.5768 20.7867
v -0.9807 27.9660 22.5095
v 2.2998 27.9660 20.8886
v 4.7509 27.9660 19.9986
v -11.7345 30.0089 23.4534
v -9.6327 31.8266 21.9302
v -5.7002 33.3636 22.9001
v -1.6831 32.0771 22.5030
v 2.1744 31.6174 20.3696
v 4.3423 30.0516 19.6505
v -8.0776 34.3208 20.4070
v -5.7002 34.7134 20.9001
v -1.7002 34.6480 20.6741
v 0.7574 34.2336 20.1055
v -51.7277 -30.1550 23.6316
v -49.3666 -30.5732 25.2268
v -45.7796 -30.9113 25.8363
v -41.8849 -30.9281 25.8363
v -37.7001 -31.2995 25.6195
v -33.7318 -30.9242 25.6536
v -29.7001 -30.5423 26.8676
v -27.4516 -30.1097 27.2267
v -51.7277 -29.9689 23.6316
v -50.0024 -28.3949 25.2268
v -44.7551 -28.0340 27.1431
v -43.1417 -28.0340 27.1431
v -32.4195 -29.3681 24.3430
v -29.4302 -28.0345 24.7416
v -25.9510 -28.1576 26.1207
v -21.7001 -27.0966 26.3967
v -17.7001 -26.6230 26.7528
v -15.5105 -26.2753 27.1163
v -48.4949 -24.8581 25.6195
v -45.8665 -24.0396 26.3353
v -43.3144 -25.6150 27.2896
v -28.0684 -24.0340 23.8679
v -26.0089 -24.1364 24.0314
v -21.7001 -24.9256 24.3967
v -17.5750 -23.8448 24.6449
v -13.9225 -23.2144 25.3333
v -11.5391 -22.1217 23.9237
v -45.0357 -20.7378 25.6195
v -43.0796 -18.7378 25.6195
v -27.9744 -21.8620 23.7445
v -27.5481 -21.8620 23.7445
v -16.1582 -21.8580 23.8174
v -13.7211 -21.6924 25.2039
v -9.7396 -19.9291 25.2931
v -7.5124 -18.3312 26.6625
v -41.6218 -16.0340 25.6195
v -7.9402 -17.7044 23.9958
v -7.2019 -16.2362 25.4453
v -40.2446 -12.0471 25.5500
v -37.7001 -11.0314 26.3669
v -33.7001 -10.9910 26.0563
v -30.9438 -10.6687 26.4228
v -8.0198 -10.1557 27.4672
v -7.0592 -11.7070 25.9281
v -39.8846 -9.6124 24.1703
v -37.7001 -9.5065 24.3669
v -33.7001 -9.8000 24.0563
v -29.6464 -9.3783 25.3015
v -25.3165 -7.5359 26.0081
v -21.7001 -7.3041 25.2735
v -18.5331 -6.8281 24.5104
v -8.3675 -8.0340 27.0717
v -6.6413 -8.0340 25.0717
v -23.7275 -6.0250 27.6006
v -21.7001 -5.5127 27.2735
v -17.3999 -5.1298 25.7540
v -13.7002 -4.7546 25.6195
v -9.6422 -5.1775 25.6726
v -6.7139 -5.4916 24.3747
v -1.0177 -2.1043 23.6513
v 0.3560 -2.1043 23.6513
v -1.6841 -0.0340 24.0274
v 0.9503 -0.0340 24.0274
v -1.0279 2.7722 24.1316
v 1.1110 2.7722 24.1316
v -16.6458 21.5203 24.0218
v -13.7002 21.6112 23.9448
v -9.7002 21.8296 23.9951
v -6.5242 21.8114 24.0890
v -16.6458 23.0162 24.0218
v -13.8643 24.2774 25.1697
v -9.7002 23.0184 25.9951
v -5.1948 23.6092 25.6889
v -3.4359 24.7549 24.6222
v -13.3012 27.9660 25.6195
v -3.8653 26.5493 27.2888
v -3.0879 27.9160 25.8211
v -12.0550 30.5639 25.6195
v -9.6265 32.6513 25.5305
v -5.9133 32.7480 25.5305
v -3.1330 30.6847 25.6195
v -8.2440 34.1923 26.8045
v -7.3887 34.1923 26.8045
v -47.8109 -30.1180 27.7545
v -47.1658 -30.1180 27.7545
v -40.6747 -30.4495 28.5703
v -37.7001 -30.6083 28.8028
v -33.7001 -30.7482 28.7357
v -29.7001 -30.5423 28.3508
v -27.4516 -30.1097 27.7331
v -47.9763 -28.0340 27.9164
v -46.7551 -28.0340 27.9164
v -41.1417 -28.0340 29.1453
v -37.4045 -27.6700 30.8163
v -33.7001 -28.8612 30.7357
v -29.7001 -28.8327 30.3508
v -25.9043 -27.8147 29.6625
v -21.7001 -27.0966 29.5201
v -17.7001 -26.6230 28.6818
v -15.5105 -26.2753 27.8074
v -47.9577 -25.1131 27.8803
v -45.6134 -23.7967 28.8741
v -41.8687 -24.8527 29.8696
v -38.5408 -25.6980 31.3697
v -24.3571 -25.9585 31.5918
v -21.7001 -25.9058 31.5201
v -17.3346 -24.3767 30.8354
v -15.0080 -24.0340 28.7179
v -44.6011 -19.7493 29.4037
v -43.5698 -18.2261 27.9266
v -15.7576 -21.9819 31.5628
v -13.7027 -20.4211 29.9221
v -9.7002 -18.8766 28.2903
v -7.5124 -18.3312 27.8520
v -44.1943 -16.0340 30.6043
v -42.9585 -16.0340 28.6043
v -12.9823 -16.0340 30.7249
v -9.7002 -16.0340 29.4648
v -7.2537 -16.0340 28.3593
v -44.0474 -13.8572 31.2921
v -41.5851 -13.4974 29.8231
v -37.7001 -12.6876 29.6195
v -33.7001 -12.4383 29.6195
v -29.6464 -11.2123 29.6007
v -27.2858 -10.3809 30.9215
v -13.1541 -12.0340 30.3650
v -9.4920 -11.7070 28.6683
v -7.2927 -12.8224 28.3734
v -28.2772 -9.6147 28.2549
v -25.5066 -8.0318 29.2970
v -22.6607 -6.4490 30.3392
v -16.1762 -6.1521 31.5496
v -13.8806 -7.7048 30.3335
v -10.3675 -8.0340 28.0645
v -23.7275 -6.0250 27.6725
v -21.4765 -5.4876 29.2513
v -17.5858 -5.0531 29.9776
v -13.7002 -5.0845 28.8755
v -10.9369 -5.5012 28.0307
v -12.2299 25.5385 27.9966
v -9.7002 25.0184 28.2908
v -6.5320 25.1301 28.1374
v -12.4266 27.9660 28.4119
v -9.5998 28.1208 30.1642
v -5.3993 27.6008 29.5302
v -3.5979 29.3161 29.6195
v -12.1390 30.7203 28.2989
v -9.5551 31.8920 29.4957
v -5.9133 31.9654 29.4633
v -3.5979 30.1420 29.6195
v -8.2440 34.1923 28.0259
v -7.3887 34.1923 28.0259
v -35.8741 -26.0940 32.6551
v -34.0861 -26.9123 33.8408
v -29.7194 -26.8895 33.2523
v -27.0237 -26.0560 31.6743
v -43.8194 -22.1535 31.7688
v -41.5040 -23.0660 33.3091
v -37.4045 -25.3878 33.8408
v -35.6767 -26.0231 35.3218
v -28.3988 -25.0688 34.3409
v -25.9296 -24.1803 33.1408
v -21.7001 -23.9058 32.2138
v -18.4242 -23.2718 32.0908
v -44.0233 -20.0340 32.6244
v -42.8567 -20.0340 34.6244
v -24.8401 -20.0340 34.5461
v -21.7001 -20.0340 33.1155
v -17.3346 -20.4027 32.7659
v -15.1050 -19.3152 32.7710
v -44.1943 -16.0340 33.3603
v -42.0215 -16.0212 34.7484
v -39.0818 -14.6794 34.5133
v -24.0848 -17.4181 35.2005
v -21.7226 -16.0644 34.4837
v -17.7001 -16.0340 33.4600
v -14.9823 -16.0340 32.5655
v -44.0474 -13.8572 32.7500
v -41.7001 -13.8469 32.6377
v -37.7291 -13.4267 33.3558
v -33.3393 -11.6596 33.9883
v -30.0501 -11.2106 33.9883
v -26.7120 -10.7681 33.6195
v -20.8922 -12.0340 34.8821
v -17.7001 -12.0340 33.4106
v -15.1541 -12.0340 32.1479
v -31.7654 -10.0184 35.5675
v -31.6167 -10.0184 35.5675
v -24.7120 -9.1706 33.6195
v -21.6231 -8.1250 33.3860
v -17.5858 -7.7048 32.4962
v -15.3342 -8.8187 32.2143
v -19.9940 -5.8184 31.7071
v -18.8429 -5.8184 31.7071
v -8.1996 29.5573 31.8724
v -5.7002 29.5721 31.8726
v -3.6248 29.8495 31.7041
v -8.1996 30.3971 31.8724
v -5.7002 30.3855 31.8726
v -3.6248 30.0942 31.7041
v -33.0100 -26.3948 36.0359
v -31.0655 -26.3948 36.0359
v -40.0400 -22.6371 36.0062
v -37.5114 -23.3893 37.4515
v -34.0861 -24.8628 37.4693
v -29.8904 -23.7475 37.2446
v -27.5022 -22.4021 35.7866
v -40.8567 -20.0340 36.4933
v -38.7173 -20.0340 38.4933
v -28.8751 -20.0340 38.5031
v -26.8401 -20.0340 36.5031
v -40.9024 -17.3461 36.3978
v -37.8930 -16.0378 37.5512
v -33.7001 -14.9469 38.7387
v -29.6310 -15.9470 38.9596
v -25.5309 -16.0644 36.9189
v -23.0709 -14.7514 35.9589
v -36.4151 -13.4803 36.0379
v -33.3393 -12.1018 36.5296
v -30.0501 -12.0131 36.7678
v -25.5582 -12.0131 36.3909
v -22.8922 -12.0340 35.9723
v -31.7654 -10.0184 35.6440
v -31.6167 -10.0184 35.6440
v -24.1302 -9.8011 35.7505
v -23.2521 -9.8011 35.7505
v -36.0522 -22.3672 40.2376
v -33.7001 -22.5782 40.5546
v -31.3820 -22.4263 40.2482
v -36.7173 -20.0340 40.5676
v -33.7001 -20.0340 41.2511
v -30.8751 -20.0340 40.3030
v -36.7043 -17.3962 40.2656
v -33.7001 -16.9469 40.3160
v -30.9183 -17.2223 39.9020
f 4 2 1
f 4 5 2
f 5 3 2
f 5 6 3
f 7 6 5
f 7 8 6
f 11 1 2
f 11 10 1
f 12 2 3
f 12 11 2
f 14 1 10
f 14 4 1
f 13 10 9
f 13 14 10
f 15 5 4
f 15 4 14
f 12 3 6
f 12 6 16
f 15 11 12
f 15 12 16
f 18 13 17
f 18 14 13
f 15 7 5
f 15 19 7
f 19 14 18
f 19 15 14
f 16 6 8
f 16 8 20
f 8 7 19
f 8 19 20
f 22 17 21
f 22 18 17
f 23 18 22
f 23 19 18
f 24 19 23
f 24 20 19
f 25 22 21
f 25 26 22
f 27 22 26
f 27 23 22
f 32 9 10
f 32 31 9
f 32 28 31
f 32 29 28
f 33 10 11
f 33 32 10
f 32 30 29
f 32 33 30
f 37 9 31
f 37 13 9
f 38 33 11
f 38 11 15
f 16 38 15
f 16 39 38
f 38 34 33
f 38 39 34
f 40 36 35
f 40 41 36
f 37 17 13
f 37 42 17
f 39 16 20
f 39 20 43
f 44 41 40
f 44 45 41
f 46 17 42
f 46 21 17
f 45 42 41
f 45 46 42
f 43 20 24
f 43 24 48
f 24 23 47
f 24 47 48
f 46 25 21
f 46 50 25
f 49 46 45
f 49 50 46
f 51 26 25
f 51 25 50
f 47 23 27
f 47 27 52
f 27 26 51
f 27 51 52
f 53 47 52
f 53 48 47
f 54 50 49
f 54 55 50
f 55 51 50
f 55 56 51
f 57 51 56
f 57 52 51
f 58 52 57
f 58 53 52
f 59 56 55
f 59 60 56
f 61 56 60
f 61 57 56
f 64 61 60
f 64 65 61
f 65 62 61
f 65 66 62
f 67 62 66
f 67 63 62
f 68 65 64
f 68 69 65
f 70 65 69
f 70 66 65
f 74 28 29
f 74 73 28
f 73 72 71
f 73 74 72
f 75 29 30
f 75 74 29
f 76 28 73
f 76 31 28
f 78 75 30
f 78 30 33
f 77 74 75
f 77 75 78
f 34 78 33
f 34 79 78
f 36 81 35
f 36 82 81
f 83 31 76
f 83 37 31
f 84 79 34
f 84 34 39
f 84 80 79
f 84 85 80
f 81 40 35
f 81 86 40
f 87 82 36
f 87 36 41
f 87 86 81
f 87 81 82
f 88 37 83
f 88 42 37
f 88 41 42
f 88 87 41
f 89 84 39
f 89 39 43
f 90 84 89
f 90 85 84
f 86 44 40
f 86 91 44
f 92 45 44
f 92 44 91
f 93 89 43
f 93 43 48
f 93 90 89
f 93 94 90
f 92 49 45
f 92 95 49
f 93 48 53
f 93 53 96
f 97 93 96
f 97 94 93
f 95 54 49
f 95 98 54
f 99 55 54
f 99 54 98
f 96 53 58
f 96 58 101
f 58 57 100
f 58 100 101
f 102 96 101
f 102 97 96
f 99 59 55
f 99 105 59
f 104 99 98
f 104 105 99
f 106 60 59
f 106 59 105
f 107 100 57
f 107 57 61
f 62 107 61
f 62 108 107
f 108 100 107
f 108 101 100
f 63 108 62
f 63 109 108
f 108 102 101
f 108 109 102
f 109 103 102
f 109 110 103
f 106 64 60
f 106 112 64
f 111 106 105
f 111 112 106
f 109 63 67
f 109 67 114
f 67 66 113
f 67 113 114
f 115 109 114
f 115 110 109
f 112 68 64
f 112 117 68
f 116 112 111
f 116 117 112
f 118 69 68
f 118 68 117
f 113 66 70
f 113 70 119
f 70 69 118
f 70 118 119
f 120 113 119
f 120 114 113
f 72 121 71
f 72 122 121
f 126 71 121
f 126 73 71
f 127 122 72
f 127 72 74
f 127 123 122
f 127 128 123
f 130 124 129
f 130 125 124
f 126 76 73
f 126 131 76
f 131 125 130
f 131 126 125
f 127 74 77
f 127 77 132
f 78 132 77
f 78 133 132
f 132 128 127
f 132 133 128
f 79 133 78
f 79 134 133
f 80 134 79
f 80 135 134
f 136 130 129
f 136 137 130
f 138 76 131
f 138 83 76
f 139 133 134
f 139 134 140
f 135 80 85
f 135 85 141
f 140 134 135
f 140 135 141
f 143 86 87
f 143 142 86
f 144 83 138
f 144 88 83
f 144 87 88
f 144 143 87
f 143 138 137
f 143 144 138
f 141 85 90
f 141 90 145
f 142 91 86
f 142 148 91
f 92 91 148
f 92 148 149
f 150 145 90
f 150 90 94
f 150 146 145
f 150 151 146
f 151 147 146
f 151 152 147
f 154 92 149
f 154 95 92
f 155 150 94
f 155 94 97
f 155 151 150
f 155 156 151
f 157 151 156
f 157 152 151
f 159 95 154
f 159 98 95
f 159 153 158
f 159 154 153
f 160 155 97
f 160 97 102
f 103 160 102
f 103 161 160
f 160 156 155
f 160 161 156
f 159 104 98
f 159 163 104
f 162 159 158
f 162 163 159
f 164 105 104
f 164 104 163
f 165 161 103
f 165 103 110
f 164 111 105
f 164 168 111
f 167 164 163
f 167 168 164
f 165 110 115
f 165 115 171
f 115 114 170
f 115 170 171
f 173 166 172
f 173 167 166
f 168 116 111
f 168 174 116
f 173 168 167
f 173 174 168
f 175 117 116
f 175 116 174
f 118 117 175
f 118 175 176
f 119 118 176
f 119 176 177
f 170 114 120
f 170 120 178
f 120 119 177
f 120 177 178
f 178 177 169
f 178 169 170
f 179 170 178
f 179 171 170
f 180 175 174
f 180 181 175
f 182 175 181
f 182 176 175
f 122 183 121
f 122 184 183
f 123 184 122
f 123 185 184
f 187 124 125
f 187 186 124
f 183 126 121
f 183 188 126
f 188 125 126
f 188 187 125
f 189 185 123
f 189 123 128
f 186 129 124
f 186 195 129
f 197 131 130
f 197 130 196
f 198 189 128
f 198 128 133
f 198 190 189
f 198 199 190
f 207 191 206
f 207 192 191
f 208 192 207
f 208 193 192
f 195 136 129
f 195 210 136
f 209 195 194
f 209 210 195
f 196 130 137
f 196 137 211
f 211 137 136
f 211 136 210
f 212 131 197
f 212 138 131
f 212 137 138
f 212 211 137
f 212 196 211
f 212 197 196
f 198 133 139
f 198 139 213
f 140 213 139
f 140 214 213
f 213 199 198
f 213 214 199
f 141 214 140
f 141 215 214
f 216 200 215
f 216 201 200
f 217 201 216
f 217 202 201
f 218 202 217
f 218 203 202
f 218 204 203
f 218 219 204
f 220 204 219
f 220 205 204
f 221 205 220
f 221 206 205
f 221 207 206
f 221 222 207
f 223 207 222
f 223 208 207
f 211 143 137
f 211 225 143
f 225 142 143
f 225 224 142
f 225 210 224
f 225 211 210
f 227 215 141
f 227 141 145
f 226 214 215
f 226 215 227
f 228 145 146
f 228 227 145
f 227 216 215
f 227 228 216
f 147 228 146
f 147 229 228
f 228 217 216
f 228 229 217
f 230 217 229
f 230 218 217
f 231 218 230
f 231 219 218
f 232 219 231
f 232 220 219
f 233 220 232
f 233 221 220
f 234 221 233
f 234 222 221
f 235 142 224
f 235 148 142
f 149 148 235
f 149 235 236
f 235 224 225
f 235 225 236
f 237 229 147
f 237 147 152
f 237 230 229
f 237 238 230
f 238 231 230
f 238 239 231
f 240 231 239
f 240 232 231
f 241 232 240
f 241 233 232
f 243 149 236
f 243 154 149
f 243 153 154
f 243 242 153
f 237 152 157
f 237 157 245
f 157 156 244
f 157 244 245
f 246 237 245
f 246 238 237
f 247 238 246
f 247 239 238
f 248 239 247
f 248 240 239
f 242 158 153
f 242 250 158
f 244 156 161
f 244 161 251
f 252 244 251
f 252 245 244
f 253 245 252
f 253 246 245
f 254 246 253
f 254 247 246
f 250 162 158
f 250 256 162
f 256 249 255
f 256 250 249
f 257 163 162
f 257 162 256
f 251 161 165
f 251 165 258
f 259 251 258
f 259 252 251
f 260 256 255
f 260 261 256
f 257 167 163
f 257 262 167
f 262 166 167
f 262 261 166
f 262 256 261
f 262 257 256
f 264 170 169
f 264 169 263
f 258 165 171
f 258 171 265
f 266 258 265
f 266 259 258
f 267 166 261
f 267 172 166
f 268 173 172
f 268 172 267
f 269 174 173
f 269 173 268
f 263 169 177
f 263 177 271
f 177 176 270
f 177 270 271
f 264 178 170
f 264 272 178
f 271 264 263
f 271 272 264
f 265 171 179
f 265 179 273
f 179 178 272
f 179 272 273
f 269 180 174
f 269 274 180
f 275 181 180
f 275 180 274
f 270 176 182
f 270 182 276
f 182 181 275
f 182 275 276
f 277 270 276
f 277 271 270
f 278 271 277
f 278 272 271
f 280 274 279
f 280 275 274
f 184 281 183
f 184 282 281
f 283 184 185
f 283 282 184
f 290 186 187
f 290 289 186
f 281 188 183
f 281 291 188
f 188 290 187
f 188 291 290
f 292 291 281
f 292 281 282
f 293 283 185
f 293 185 189
f 190 293 189
f 190 294 293
f 295 285 284
f 295 296 285
f 297 191 192
f 297 296 191
f 297 285 296
f 297 286 285
f 193 297 192
f 193 298 297
f 297 287 286
f 297 298 287
f 301 186 289
f 301 195 186
f 301 194 195
f 301 300 194
f 301 288 300
f 301 289 288
f 294 190 199
f 294 199 302
f 304 200 201
f 304 303 200
f 305 201 202
f 305 304 201
f 203 305 202
f 203 306 305
f 204 306 203
f 204 307 306
f 205 307 204
f 205 308 307
f 309 191 296
f 309 206 191
f 309 205 206
f 309 308 205
f 309 295 308
f 309 296 295
f 310 298 193
f 310 193 208
f 310 299 298
f 310 311 299
f 313 194 300
f 313 209 194
f 314 210 209
f 314 209 313
f 315 302 199
f 315 199 214
f 316 200 303
f 316 215 200
f 315 303 302
f 315 316 303
f 310 208 223
f 310 223 318
f 223 222 317
f 223 317 318
f 319 310 318
f 319 311 310
f 319 312 311
f 319 320 312
f 314 224 210
f 314 321 224
f 322 225 224
f 322 224 321
f 315 214 226
f 315 226 323
f 324 215 316
f 324 227 215
f 324 226 227
f 324 323 226
f 324 315 323
f 324 316 315
f 317 222 234
f 317 234 326
f 234 233 325
f 234 325 326
f 327 317 326
f 327 318 317
f 327 319 318
f 327 328 319
f 329 319 328
f 329 320 319
f 322 236 225
f 322 331 236
f 330 322 321
f 330 331 322
f 325 233 241
f 325 241 333
f 241 240 332
f 241 332 333
f 334 325 333
f 334 326 325
f 336 236 331
f 336 243 236
f 336 242 243
f 336 335 242
f 336 330 335
f 336 331 330
f 332 240 248
f 332 248 338
f 248 247 337
f 248 337 338
f 339 332 338
f 339 333 332
f 341 242 335
f 341 250 242
f 250 340 249
f 250 341 340
f 253 252 343
f 253 343 344
f 337 247 254
f 337 254 345
f 254 253 344
f 254 344 345
f 346 337 345
f 346 338 337
f 346 339 338
f 346 347 339
f 340 255 249
f 340 348 255
f 349 348 340
f 349 340 341
f 349 341 342
f 349 342 350
f 343 252 259
f 343 259 352
f 353 343 352
f 353 344 343
f 354 255 348
f 354 260 255
f 355 261 260
f 355 260 354
f 354 348 349
f 354 349 355
f 356 355 349
f 356 349 350
f 358 352 259
f 358 259 266
f 358 266 265
f 358 265 357
f 358 357 351
f 358 351 352
f 361 261 355
f 361 267 261
f 268 267 361
f 268 361 362
f 361 355 356
f 361 356 362
f 363 269 268
f 363 268 362
f 357 265 273
f 357 273 365
f 273 272 364
f 273 364 365
f 366 360 359
f 366 367 360
f 369 269 363
f 369 274 269
f 368 363 362
f 368 369 363
f 276 275 370
f 276 370 371
f 277 276 371
f 277 371 372
f 364 272 278
f 364 278 373
f 278 277 372
f 278 372 373
f 369 279 274
f 369 375 279
f 375 368 374
f 375 369 368
f 370 275 280
f 370 280 376
f 376 280 279
f 376 279 375
f 382 377 381
f 382 378 377
f 388 379 387
f 388 380 379
f 389 380 388
f 389 381 380
f 283 389 282
f 283 390 389
f 389 382 381
f 389 390 382
f 394 284 285
f 394 393 284
f 286 394 285
f 286 395 394
f 395 383 394
f 395 384 383
f 287 395 286
f 287 396 395
f 395 385 384
f 395 396 385
f 398 288 289
f 398 397 288
f 399 289 290
f 399 398 289
f 399 386 398
f 399 387 386
f 291 399 290
f 291 400 399
f 399 388 387
f 399 400 388
f 401 282 389
f 401 292 282
f 292 400 291
f 292 401 400
f 401 388 400
f 401 389 388
f 402 390 283
f 402 283 293
f 294 402 293
f 294 403 402
f 402 391 390
f 402 403 391
f 406 284 393
f 406 295 284
f 406 392 405
f 406 393 392
f 407 396 287
f 407 287 298
f 299 407 298
f 299 408 407
f 409 288 397
f 409 300 288
f 410 403 294
f 410 294 302
f 303 410 302
f 303 411 410
f 410 404 403
f 410 411 404
f 412 303 304
f 412 411 303
f 305 412 304
f 305 413 412
f 306 413 305
f 306 414 413
f 307 414 306
f 307 415 414
f 416 295 406
f 416 308 295
f 416 307 308
f 416 415 307
f 416 405 415
f 416 406 405
f 408 299 311
f 408 311 418
f 417 407 408
f 417 408 418
f 312 418 311
f 312 419 418
f 409 313 300
f 409 421 313
f 422 314 313
f 422 313 421
f 423 419 312
f 423 312 320
f 423 420 419
f 423 424 420
f 422 321 314
f 422 426 321
f 425 422 421
f 425 426 422
f 327 326 427
f 327 427 428
f 429 328 327
f 429 327 428
f 423 320 329
f 423 329 430
f 329 328 429
f 329 429 430
f 431 423 430
f 431 424 423
f 426 330 321
f 426 433 330
f 432 426 425
f 432 433 426
f 427 326 334
f 427 334 435
f 334 333 434
f 334 434 435
f 436 427 435
f 436 428 427
f 436 429 428
f 436 437 429
f 437 430 429
f 437 438 430
f 440 330 433
f 440 335 330
f 434 333 339
f 434 339 441
f 443 439 438
f 443 444 439
f 440 341 335
f 440 445 341
f 342 341 445
f 342 445 446
f 345 344 447
f 345 447 448
f 346 345 448
f 346 448 449
f 441 339 347
f 441 347 450
f 347 346 449
f 347 449 450
f 450 442 441
f 450 451 442
f 446 350 342
f 446 454 350
f 453 446 445
f 453 454 446
f 457 352 351
f 457 351 456
f 447 344 353
f 447 353 458
f 353 352 457
f 353 457 458
f 459 447 458
f 459 448 447
f 459 449 448
f 459 460 449
f 461 449 460
f 461 450 449
f 462 450 461
f 462 451 450
f 462 452 451
f 462 463 452
f 465 350 454
f 465 356 350
f 464 454 453
f 464 465 454
f 467 456 351
f 467 351 357
f 467 466 455
f 467 455 456
f 468 458 457
f 468 469 458
f 469 459 458
f 469 470 459
f 360 470 359
f 360 471 470
f 471 459 470
f 471 460 459
f 472 460 471
f 472 461 460
f 474 356 465
f 474 362 356
f 474 464 473
f 474 465 464
f 467 357 365
f 467 365 476
f 476 365 364
f 476 364 475
f 476 475 466
f 476 466 467
f 477 359 470
f 477 366 359
f 478 471 360
f 478 360 367
f 367 366 477
f 367 477 478
f 478 477 470
f 478 470 471
f 474 368 362
f 474 480 368
f 479 474 473
f 479 480 474
f 371 370 482
f 371 482 483
f 372 371 483
f 372 483 484
f 475 364 373
f 475 373 485
f 485 373 372
f 485 372 484
f 486 368 480
f 486 374 368
f 487 375 374
f 487 374 486
f 486 480 481
f 486 481 487
f 482 370 376
f 482 376 488
f 376 375 487
f 376 487 488
f 489 482 488
f 489 483 482
f 378 490 377
f 378 491 490
f 494 379 380
f 494 493 379
f 490 381 377
f 490 495 381
f 495 380 381
f 495 494 380
f 491 378 382
f 491 382 496
f 495 490 491
f 495 491 496
f 384 497 383
f 384 498 497
f 385 498 384
f 385 499 498
f 502 379 493
f 502 387 379
f 502 386 387
f 502 501 386
f 502 492 501
f 502 493 492
f 503 496 382
f 503 382 390
f 391 503 390
f 391 504 503
f 393 506 392
f 393 507 506
f 497 394 383
f 497 508 394
f 508 393 394
f 508 507 393
f 509 508 497
f 509 497 498
f 510 499 385
f 510 385 396
f 513 386 501
f 513 398 386
f 513 397 398
f 513 512 397
f 513 500 512
f 513 501 500
f 514 504 391
f 514 391 403
f 404 514 403
f 404 515 514
f 514 505 504
f 514 515 505
f 506 405 392
f 506 516 405
f 517 516 506
f 517 506 507
f 518 508 509
f 518 509 519
f 520 510 396
f 520 396 407
f 519 509 510
f 519 510 520
f 520 511 510
f 520 521 511
f 523 397 512
f 523 409 397
f 525 515 404
f 525 404 411
f 526 411 412
f 526 525 411
f 413 526 412
f 413 527 526
f 528 413 414
f 528 527 413
f 516 415 405
f 516 529 415
f 529 414 415
f 529 528 414
f 530 529 516
f 530 516 517
f 531 520 407
f 531 407 417
f 532 417 418
f 532 531 417
f 531 521 520
f 531 532 521
f 533 418 419
f 533 532 418
f 532 522 521
f 532 533 522
f 420 533 419
f 420 534 533
f 523 421 409
f 523 536 421
f 537 536 523
f 537 523 524
f 538 527 528
f 538 528 539
f 540 539 528
f 540 528 529
f 534 420 424
f 534 424 541
f 536 425 421
f 536 543 425
f 543 535 542
f 543 536 535
f 541 424 431
f 541 431 547
f 431 430 546
f 431 546 547
f 548 425 543
f 548 432 425
f 549 433 432
f 549 432 548
f 435 434 552
f 435 552 553
f 436 435 553
f 436 553 554
f 553 544 545
f 553 545 554
f 437 436 554
f 437 554 555
f 546 430 438
f 546 438 556
f 556 438 437
f 556 437 555
f 439 556 438
f 439 557 556
f 557 546 556
f 557 547 546
f 549 440 433
f 549 558 440
f 559 550 551
f 559 551 560
f 561 552 434
f 561 434 441
f 442 561 441
f 442 562 561
f 563 555 554
f 563 564 555
f 565 438 556
f 565 443 438
f 566 557 439
f 566 439 444
f 444 443 565
f 444 565 566
f 566 565 556
f 566 556 557
f 558 445 440
f 558 567 445
f 568 559 560
f 568 560 569
f 573 562 442
f 573 442 451
f 452 573 451
f 452 574 573
f 567 453 445
f 567 575 453
f 577 456 455
f 577 455 576
f 577 576 570
f 577 570 571
f 578 457 456
f 578 456 577
f 577 571 572
f 577 572 578
f 462 461 579
f 462 579 580
f 581 574 452
f 581 452 463
f 581 463 462
f 581 462 580
f 583 453 575
f 583 464 453
f 584 576 455
f 584 455 466
f 578 468 457
f 578 585 468
f 586 469 468
f 586 468 585
f 470 469 586
f 470 586 587
f 471 470 587
f 471 587 588
f 579 461 472
f 579 472 589
f 472 471 588
f 472 588 589
f 590 579 589
f 590 580 579
f 592 464 583
f 592 473 464
f 592 582 591
f 592 583 582
f 594 584 466
f 594 466 475
f 595 586 585
f 595 596 586
f 597 586 596
f 597 587 586
f 592 479 473
f 592 599 479
f 598 592 591
f 598 599 592
f 600 480 479
f 600 479 599
f 481 480 600
f 481 600 601
f 484 483 602
f 484 602 603
f 604 594 475
f 604 475 485
f 604 485 484
f 604 484 603
f 604 603 593
f 604 593 594
f 606 598 605
f 606 599 598
f 606 600 599
f 606 607 600
f 601 487 481
f 601 608 487
f 607 601 600
f 607 608 601
f 488 487 608
f 488 608 609
f 602 483 489
f 602 489 610
f 489 488 609
f 489 609 610
f 611 602 610
f 611 603 602
f 622 613 612
f 622 623 613
f 625 615 614
f 625 626 615
f 626 616 615
f 626 627 616
f 627 617 616
f 627 628 617
f 632 618 631
f 632 619 618
f 633 619 632
f 633 620 619
f 633 621 620
f 633 634 621
f 637 622 636
f 637 623 622
f 637 624 623
f 637 638 624
f 640 627 626
f 640 641 627
f 642 627 641
f 642 628 627
f 643 630 629
f 643 644 630
f 645 630 644
f 645 631 630
f 646 631 645
f 646 632 631
f 647 632 646
f 647 633 632
f 648 633 647
f 648 634 633
f 648 635 634
f 648 649 635
f 650 635 649
f 650 636 635
f 651 638 637
f 651 652 638
f 652 639 638
f 652 653 639
f 655 492 493
f 655 654 492
f 656 493 494
f 656 655 493
f 495 656 494
f 495 657 656
f 496 657 495
f 496 658 657
f 499 659 498
f 499 660 659
f 662 492 654
f 662 501 492
f 662 500 501
f 662 661 500
f 658 496 503
f 658 503 663
f 664 503 504
f 664 663 503
f 665 504 505
f 665 664 504
f 667 507 508
f 667 666 507
f 659 509 498
f 659 668 509
f 660 499 510
f 660 510 669
f 510 509 668
f 510 668 669
f 668 659 660
f 668 660 669
f 511 669 510
f 511 670 669
f 671 500 661
f 671 512 500
f 674 665 505
f 674 505 515
f 674 673 664
f 674 664 665
f 666 517 507
f 666 675 517
f 667 508 518
f 667 518 676
f 676 675 666
f 676 666 667
f 677 518 519
f 677 676 518
f 669 520 510
f 669 678 520
f 678 519 520
f 678 677 519
f 670 511 521
f 670 521 679
f 678 669 670
f 678 670 679
f 522 679 521
f 522 680 679
f 681 512 671
f 681 523 512
f 524 523 681
f 524 681 682
f 681 671 672
f 681 672 682
f 674 515 525
f 674 525 684
f 683 673 674
f 683 674 684
f 685 525 526
f 685 684 525
f 686 526 527
f 686 685 526
f 689 517 675
f 689 530 517
f 530 688 529
f 530 689 688
f 690 678 679
f 690 679 691
f 692 680 522
f 692 522 533
f 534 692 533
f 534 693 692
f 695 535 536
f 695 694 535
f 696 524 682
f 696 537 524
f 537 695 536
f 537 696 695
f 696 681 695
f 696 682 681
f 686 527 538
f 686 538 698
f 697 685 686
f 697 686 698
f 699 538 539
f 699 698 538
f 688 540 529
f 688 700 540
f 700 539 540
f 700 699 539
f 700 687 699
f 700 688 687
f 701 693 534
f 701 534 541
f 694 542 535
f 694 702 542
f 703 543 542
f 703 542 702
f 707 706 698
f 707 698 699
f 545 544 708
f 545 708 709
f 712 701 541
f 712 541 547
f 713 543 703
f 713 548 543
f 714 549 548
f 714 548 713
f 551 550 715
f 551 715 716
f 717 704 705
f 717 705 718
f 719 706 707
f 719 707 720
f 722 708 544
f 722 544 553
f 722 553 552
f 722 552 721
f 723 545 709
f 723 554 545
f 723 709 710
f 723 710 724
f 725 556 555
f 725 555 724
f 726 712 547
f 726 547 557
f 726 557 556
f 726 556 725
f 726 725 711
f 726 711 712
f 714 558 549
f 714 727 558
f 715 550 559
f 715 559 729
f 716 560 551
f 716 730 560
f 730 715 729
f 730 716 715
f 721 552 561
f 721 561 731
f 732 561 562
f 732 731 561
f 723 563 554
f 723 733 563
f 734 724 555
f 734 555 564
f 564 563 733
f 564 733 734
f 734 733 723
f 734 723 724
f 735 558 727
f 735 567 558
f 735 727 728
f 735 728 736
f 729 559 568
f 729 568 737
f 730 569 560
f 730 738 569
f 738 568 569
f 738 737 568
f 740 571 570
f 740 570 739
f 572 571 740
f 572 740 741
f 732 562 573
f 732 573 744
f 743 731 732
f 743 732 744
f 745 573 574
f 745 744 573
f 735 575 567
f 735 747 575
f 748 747 735
f 748 735 736
f 749 748 736
f 749 736 737
f 750 739 570
f 750 570 576
f 751 572 741
f 751 578 572
f 751 741 742
f 751 742 752
f 755 754 743
f 755 743 744
f 745 574 581
f 745 581 756
f 756 581 580
f 756 580 755
f 756 755 744
f 756 744 745
f 758 575 747
f 758 583 575
f 758 582 583
f 758 757 582
f 758 746 757
f 758 747 746
f 759 748 749
f 759 749 760
f 761 750 576
f 761 576 584
f 751 585 578
f 751 762 585
f 762 751 752
f 762 752 763
f 588 587 764
f 588 764 765
f 766 589 588
f 766 588 765
f 766 765 753
f 766 753 754
f 755 580 590
f 755 590 767
f 590 589 766
f 590 766 767
f 767 766 754
f 767 754 755
f 769 582 757
f 769 591 582
f 770 759 760
f 770 760 771
f 773 761 584
f 773 584 594
f 773 594 593
f 773 593 772
f 762 595 585
f 762 774 595
f 596 595 774
f 596 774 775
f 775 774 762
f 775 762 763
f 764 587 597
f 764 597 776
f 597 596 775
f 597 775 776
f 776 775 763
f 776 763 764
f 778 591 769
f 778 598 591
f 777 769 768
f 777 778 769
f 779 772 593
f 779 593 603
f 780 598 778
f 780 605 598
f 606 605 780
f 606 780 781
f 782 607 606
f 782 606 781
f 783 608 607
f 783 607 782
f 609 608 783
f 609 783 784
f 785 610 609
f 785 609 784
f 779 603 611
f 779 611 786
f 611 610 785
f 611 785 786
f 787 782 781
f 787 788 782
f 789 782 788
f 789 783 782
f 790 783 789
f 790 784 783
f 613 793 612
f 613 794 793
f 797 792 791
f 797 798 792
f 799 614 615
f 799 798 614
f 800 615 616
f 800 799 615
f 617 800 616
f 617 801 800
f 805 618 619
f 805 804 618
f 806 619 620
f 806 805 619
f 807 620 621
f 807 806 620
f 793 622 612
f 793 808 622
f 794 613 623
f 794 623 809
f 808 793 794
f 808 794 809
f 624 809 623
f 624 810 809
f 811 795 810
f 811 796 795
f 812 614 798
f 812 625 614
f 813 626 625
f 813 625 812
f 815 801 617
f 815 617 628
f 814 800 801
f 814 801 815
f 816 801 815
f 816 802 801
f 817 629 630
f 817 816 629
f 817 802 816
f 817 803 802
f 818 618 804
f 818 631 618
f 631 817 630
f 631 818 817
f 818 803 817
f 818 804 803
f 819 818 804
f 819 804 805
f 820 819 805
f 820 805 806
f 807 621 634
f 807 634 821
f 820 806 807
f 820 807 821
f 822 634 635
f 822 821 634
f 808 636 622
f 808 823 636
f 823 635 636
f 823 822 635
f 824 637 636
f 824 636 823
f 825 810 624
f 825 624 638
f 639 825 638
f 639 826 825
f 825 811 810
f 825 826 811
f 813 640 626
f 813 827 640
f 828 641 640
f 828 640 827
f 829 815 628
f 829 628 642
f 642 641 828
f 642 828 829
f 830 629 816
f 830 643 629
f 829 816 815
f 829 830 816
f 831 644 643
f 831 643 830
f 645 644 831
f 645 831 832
f 646 645 832
f 646 832 833
f 834 647 646
f 834 646 833
f 648 647 834
f 648 834 835
f 836 649 648
f 836 648 835
f 823 636 650
f 823 650 837
f 650 649 836
f 650 836 837
f 824 651 637
f 824 838 651
f 837 824 823
f 837 838 824
f 839 652 651
f 839 651 838
f 840 826 639
f 840 639 653
f 653 652 839
f 653 839 840
f 841 834 833
f 841 842 834
f 843 834 842
f 843 835 834
f 845 837 844
f 845 838 837
f 655 846 654
f 655 847 846
f 656 847 655
f 656 848 847
f 657 848 656
f 657 849 848
f 850 657 658
f 850 849 657
f 846 662 654
f 846 852 662
f 662 851 661
f 662 852 851
f 853 852 846
f 853 846 847
f 854 853 847
f 854 847 848
f 854 848 849
f 854 849 855
f 850 658 663
f 850 663 856
f 855 849 850
f 855 850 856
f 857 663 664
f 857 856 663
f 861 661 851
f 861 671 661
f 672 671 861
f 672 861 862
f 862 861 851
f 862 851 852
f 857 664 673
f 857 673 864
f 863 856 857
f 863 857 864
f 866 858 865
f 866 859 858
f 866 860 859
f 866 867 860
f 869 675 676
f 869 868 675
f 677 869 676
f 677 870 869
f 871 677 678
f 871 870 677
f 680 872 679
f 680 873 872
f 875 672 862
f 875 682 672
f 682 874 681
f 682 875 874
f 876 864 673
f 876 673 683
f 877 683 684
f 877 876 683
f 876 865 864
f 876 877 865
f 878 684 685
f 878 877 684
f 877 866 865
f 877 878 866
f 879 866 878
f 879 867 866
f 688 880 687
f 688 881 880
f 868 689 675
f 868 882 689
f 689 881 688
f 689 882 881
f 883 869 870
f 883 870 884
f 871 678 690
f 871 690 885
f 884 870 871
f 884 871 885
f 872 691 679
f 872 886 691
f 886 690 691
f 886 885 690
f 873 680 692
f 873 692 887
f 887 886 872
f 887 872 873
f 888 692 693
f 888 887 692
f 874 695 681
f 874 890 695
f 890 694 695
f 890 889 694
f 891 878 685
f 891 685 697
f 892 697 698
f 892 891 697
f 891 879 878
f 891 892 879
f 880 699 687
f 880 893 699
f 894 893 880
f 894 880 881
f 897 896 884
f 897 884 885
f 898 886 887
f 898 887 899
f 900 888 693
f 900 693 701
f 899 887 888
f 899 888 900
f 889 702 694
f 889 901 702
f 703 702 901
f 703 901 902
f 705 704 903
f 705 903 904
f 892 698 706
f 892 706 905
f 893 707 699
f 893 906 707
f 908 907 895
f 908 895 896
f 909 709 708
f 909 708 908
f 909 908 896
f 909 896 897
f 710 709 909
f 710 909 910
f 909 897 898
f 909 898 910
f 910 898 899
f 910 899 911
f 912 900 701
f 912 701 712
f 912 712 711
f 912 711 911
f 912 911 899
f 912 899 900
f 902 713 703
f 902 913 713
f 714 713 913
f 714 913 914
f 903 704 717
f 903 717 915
f 904 718 705
f 904 916 718
f 718 915 717
f 718 916 915
f 915 904 903
f 915 916 904
f 917 905 706
f 917 706 719
f 918 707 906
f 918 720 707
f 720 917 719
f 720 918 917
f 917 906 905
f 917 918 906
f 920 908 708
f 920 708 722
f 920 722 721
f 920 721 919
f 920 919 907
f 920 907 908
f 921 710 910
f 921 724 710
f 922 911 711
f 922 711 725
f 922 725 724
f 922 724 921
f 922 921 910
f 922 910 911
f 923 714 914
f 923 727 714
f 728 727 923
f 728 923 924
f 926 730 729
f 926 729 925
f 930 919 721
f 930 721 731
f 932 728 924
f 932 736 728
f 925 729 737
f 925 737 933
f 933 737 736
f 933 736 932
f 926 738 730
f 926 934 738
f 934 737 738
f 934 933 737
f 934 925 933
f 934 926 925
f 740 739 935
f 740 935 936
f 741 740 936
f 741 936 937
f 742 741 937
f 742 937 938
f 939 938 927
f 939 927 928
f 940 939 928
f 940 928 929
f 941 930 731
f 941 731 743
f 941 940 929
f 941 929 930
f 943 746 747
f 943 942 746
f 748 943 747
f 748 944 943
f 944 931 943
f 944 932 931
f 933 749 737
f 933 945 749
f 945 932 944
f 945 933 932
f 935 739 750
f 935 750 946
f 946 936 935
f 946 947 936
f 949 742 938
f 949 752 742
f 949 938 939
f 949 939 950
f 950 939 940
f 950 940 951
f 952 941 743
f 952 743 754
f 952 754 753
f 952 753 951
f 952 951 940
f 952 940 941
f 953 746 942
f 953 757 746
f 954 944 748
f 954 748 759
f 955 749 945
f 955 760 749
f 954 945 944
f 954 955 945
f 946 750 761
f 946 761 957
f 958 946 957
f 958 947 946
f 958 948 947
f 958 959 948
f 960 752 949
f 960 763 752
f 764 763 960
f 764 960 961
f 960 949 950
f 960 950 961
f 962 951 753
f 962 753 765
f 962 765 764
f 962 764 961
f 962 961 950
f 962 950 951
f 953 769 757
f 953 964 769
f 964 768 769
f 964 963 768
f 965 954 759
f 965 759 770
f 966 760 955
f 966 771 760
f 771 965 770
f 771 966 965
f 965 955 954
f 965 966 955
f 968 957 761
f 968 761 773
f 968 773 772
f 968 772 967
f 968 967 956
f 968 956 957
f 969 959 958
f 969 970 959
f 963 777 768
f 963 971 777
f 972 778 777
f 972 777 971
f 972 971 963
f 972 963 964
f 975 967 772
f 975 772 779
f 972 780 778
f 972 977 780
f 976 972 971
f 976 977 972
f 978 781 780
f 978 780 977
f 785 784 979
f 785 979 980
f 980 979 973
f 980 973 974
f 981 975 779
f 981 779 786
f 981 786 785
f 981 785 980
f 981 980 974
f 981 974 975
f 978 787 781
f 978 983 787
f 982 978 977
f 982 983 978
f 984 788 787
f 984 787 983
f 985 789 788
f 985 788 984
f 986 979 784
f 986 784 790
f 790 789 985
f 790 985 986
f 792 987 791
f 792 988 987
f 796 990 795
f 796 991 990
f 987 797 791
f 987 992 797
f 993 988 792
f 993 792 798
f 993 798 797
f 993 797 992
f 993 992 987
f 993 987 988
f 994 798 799
f 994 993 798
f 993 989 988
f 993 994 989
f 995 799 800
f 995 994 799
f 802 996 801
f 802 997 996
f 803 997 802
f 803 998 997
f 999 803 804
f 999 998 803
f 1002 808 809
f 1002 1001 808
f 1003 795 990
f 1003 810 795
f 1003 809 810
f 1003 1002 809
f 1004 991 796
f 1004 796 811
f 1004 1003 990
f 1004 990 991
f 1005 798 993
f 1005 812 798
f 813 812 1005
f 813 1005 1006
f 995 800 814
f 995 814 1007
f 1006 994 995
f 1006 995 1007
f 996 815 801
f 996 1008 815
f 1008 814 815
f 1008 1007 814
f 1009 1008 996
f 1009 996 997
f 1009 997 998
f 1009 998 1010
f 999 804 818
f 999 818 1011
f 1010 998 999
f 1010 999 1011
f 819 1011 818
f 819 1012 1011
f 820 1012 819
f 820 1013 1012
f 1014 820 821
f 1014 1013 820
f 822 1014 821
f 822 1015 1014
f 1001 823 808
f 1001 1016 823
f 1016 822 823
f 1016 1015 822
f 1016 1000 1015
f 1016 1001 1000
f 1017 1016 1001
f 1017 1001 1002
f 1018 1017 1002
f 1018 1002 1003
f 1019 1004 811
f 1019 811 826
f 1019 1018 1003
f 1019 1003 1004
f 1020 813 1006
f 1020 827 813
f 828 827 1020
f 828 1020 1021
f 1020 1006 1007
f 1020 1007 1021
f 1022 829 828
f 1022 828 1021
f 1022 1021 1007
f 1022 1007 1008
f 830 829 1022
f 830 1022 1023
f 1023 1022 1008
f 1023 1008 1009
f 831 830 1023
f 831 1023 1024
f 1023 1009 1010
f 1023 1010 1024
f 1025 832 831
f 1025 831 1024
f 1025 1024 1010
f 1025 1010 1011
f 1026 833 832
f 1026 832 1025
f 1025 1011 1012
f 1025 1012 1026
f 1026 1012 1013
f 1026 1013 1027
f 1027 1013 1014
f 1027 1014 1028
f 836 835 1028
f 836 1028 1029
f 1030 837 836
f 1030 836 1029
f 1029 1015 1016
f 1029 1016 1030
f 1030 1016 1017
f 1030 1017 1031
f 1032 839 838
f 1032 838 1031
f 1032 1031 1017
f 1032 1017 1018
f 1019 826 840
f 1019 840 1033
f 1033 840 839
f 1033 839 1032
f 1033 1032 1018
f 1033 1018 1019
f 1026 841 833
f 1026 1034 841
f 842 841 1034
f 842 1034 1035
f 1034 1026 1027
f 1034 1027 1035
f 1036 1028 835
f 1036 835 843
f 843 842 1035
f 843 1035 1036
f 1036 1035 1027
f 1036 1027 1028
f 1030 844 837
f 1030 1037 844
f 1031 838 845
f 1031 845 1038
f 845 844 1037
f 845 1037 1038
f 1038 1037 1030
f 1038 1030 1031
f 853 1041 852
f 853 1042 1041
f 1043 853 854
f 1043 1042 853
f 1044 854 855
f 1044 1043 854
f 856 1044 855
f 856 1045 1044
f 1046 1039 1045
f 1046 1040 1039
f 1048 858 859
f 1048 1047 858
f 860 1048 859
f 860 1049 1048
f 1041 862 852
f 1041 1050 862
f 1051 1050 1041
f 1051 1041 1042
f 1052 1051 1042
f 1052 1042 1043
f 1053 1052 1043
f 1053 1043 1044
f 1045 856 863
f 1045 863 1054
f 1054 1053 1044
f 1054 1044 1045
f 1055 863 864
f 1055 1054 863
f 1055 1045 1054
f 1055 1046 1045
f 1056 858 1047
f 1056 865 858
f 1056 864 865
f 1056 1055 864
f 1055 1047 1046
f 1055 1056 1047
f 1057 1049 860
f 1057 860 867
f 1059 868 869
f 1059 1058 868
f 1050 875 862
f 1050 1061 875
f 875 1060 874
f 875 1061 1060
f 1062 1061 1050
f 1062 1050 1051
f 1063 1062 1051
f 1063 1051 1052
f 1064 1063 1052
f 1064 1052 1053
f 1065 1057 867
f 1065 867 879
f 1058 882 868
f 1058 1068 882
f 882 1067 881
f 882 1068 1067
f 1059 869 883
f 1059 883 1069
f 1068 1058 1059
f 1068 1059 1069
f 1070 883 884
f 1070 1069 883
f 1072 885 886
f 1072 1071 885
f 1060 890 874
f 1060 1074 890
f 890 1073 889
f 890 1074 1073
f 1075 1061 1062
f 1075 1062 1076
f 1077 1065 879
f 1077 879 892
f 1077 1066 1065
f 1077 1078 1066
f 1067 894 881
f 1067 1079 894
f 894 1078 893
f 894 1079 1078
f 1080 1079 1067
f 1080 1067 1068
f 1080 1068 1069
f 1080 1069 1081
f 1070 884 896
f 1070 896 1082
f 1082 896 895
f 1082 895 1081
f 1082 1081 1069
f 1082 1069 1070
f 1071 897 885
f 1071 1083 897
f 1072 886 898
f 1072 898 1084
f 1084 898 897
f 1084 897 1083
f 1083 1071 1072
f 1083 1072 1084
f 1085 889 1073
f 1085 901 889
f 902 901 1085
f 902 1085 1086
f 1086 1085 1073
f 1086 1073 1074
f 1089 1077 892
f 1089 892 905
f 1090 893 1078
f 1090 906 893
f 906 1089 905
f 906 1090 1089
f 1091 1090 1078
f 1091 1078 1079
f 1093 1081 895
f 1093 895 907
f 1086 913 902
f 1086 1094 913
f 914 913 1094
f 914 1094 1095
f 1096 1087 1088
f 1096 1088 1097
f 1101 1093 907
f 1101 907 919
f 1101 1100 1092
f 1101 1092 1093
f 1095 923 914
f 1095 1102 923
f 924 923 1102
f 924 1102 1103
f 1107 928 927
f 1107 927 1106
f 1107 1106 1098
f 1107 1098 1099
f 929 928 1107
f 929 1107 1108
f 1107 1099 1100
f 1107 1100 1108
f 1109 1101 919
f 1109 919 930
f 1109 930 929
f 1109 929 1108
f 1108 1100 1101
f 1108 1101 1109
f 1103 932 924
f 1103 1111 932
f 1111 931 932
f 1111 1110 931
f 1110 1103 1102
f 1110 1111 1103
f 1112 1111 1103
f 1112 1103 1104
f 1113 1112 1104
f 1113 1104 1105
f 937 936 1114
f 937 1114 1115
f 1116 1106 927
f 1116 927 938
f 1116 938 937
f 1116 937 1115
f 1119 931 1110
f 1119 943 931
f 1119 942 943
f 1119 1118 942
f 1120 1119 1110
f 1120 1110 1111
f 1114 936 947
f 1114 947 1121
f 948 1121 947
f 948 1122 1121
f 1122 1114 1121
f 1122 1115 1114
f 1118 953 942
f 1118 1124 953
f 1123 1118 1117
f 1123 1124 1118
f 957 956 1126
f 957 1126 1127
f 958 957 1127
f 958 1127 1128
f 1129 1122 948
f 1129 948 959
f 1131 953 1124
f 1131 964 953
f 1132 1131 1124
f 1132 1124 1125
f 1134 1126 956
f 1134 956 967
f 1135 1126 1134
f 1135 1127 1126
f 1136 958 1128
f 1136 969 958
f 1137 1129 959
f 1137 959 970
f 970 969 1136
f 970 1136 1137
f 1136 1128 1129
f 1136 1129 1137
f 1139 964 1131
f 1139 972 964
f 1139 971 972
f 1139 1138 971
f 1139 1130 1138
f 1139 1131 1130
f 974 973 1140
f 974 1140 1141
f 1142 1134 967
f 1142 967 975
f 1142 975 974
f 1142 974 1141
f 1142 1141 1133
f 1142 1133 1134
f 1138 976 971
f 1138 1143 976
f 977 976 1143
f 977 1143 1144
f 1147 1140 973
f 1147 973 979
f 1144 982 977
f 1144 1149 982
f 1148 1144 1143
f 1148 1149 1144
f 1150 983 982
f 1150 982 1149
f 1150 1149 1144
f 1150 1144 1145
f 984 983 1150
f 984 1150 1151
f 1150 1145 1146
f 1150 1146 1151
f 985 984 1151
f 985 1151 1152
f 1147 979 986
f 1147 986 1153
f 1153 986 985
f 1153 985 1152
f 989 1154 988
f 989 1155 1154
f 1154 993 988
f 1154 1156 993
f 1157 1155 989
f 1157 989 994
f 1157 1156 1154
f 1157 1154 1155
f 1159 1000 1001
f 1159 1158 1000
f 1156 1005 993
f 1156 1160 1005
f 1161 1157 994
f 1161 994 1006
f 1161 1006 1005
f 1161 1005 1160
f 1163 1000 1158
f 1163 1015 1000
f 1015 1162 1014
f 1015 1163 1162
f 1159 1001 1016
f 1159 1016 1164
f 1164 1016 1015
f 1164 1015 1163
f 1164 1163 1158
f 1164 1158 1159
f 1165 1014 1162
f 1165 1028 1014
f 1166 1163 1015
f 1166 1015 1029
f 1029 1028 1165
f 1029 1165 1166
f 1166 1165 1162
f 1166 1162 1163
f 1040 1167 1039
f 1040 1168 1167
f 1173 1039 1167
f 1173 1045 1039
f 1174 1168 1040
f 1174 1040 1046
f 1175 1046 1047
f 1175 1174 1046
f 1176 1047 1048
f 1176 1175 1047
f 1175 1170 1169
f 1175 1176 1170
f 1049 1176 1048
f 1049 1177 1176
f 1181 1172 1171
f 1181 1182 1172
f 1183 1045 1173
f 1183 1054 1045
f 1183 1053 1054
f 1183 1182 1053
f 1183 1172 1182
f 1183 1173 1172
f 1177 1049 1057
f 1177 1057 1184
f 1184 1178 1177
f 1184 1185 1178
f 1061 1186 1060
f 1061 1187 1186
f 1188 1179 1187
f 1188 1180 1179
f 1063 1188 1062
f 1063 1189 1188
f 1182 1064 1053
f 1182 1190 1064
f 1190 1063 1064
f 1190 1189 1063
f 1190 1181 1189
f 1190 1182 1181
f 1184 1057 1065
f 1184 1065 1193
f 1066 1193 1065
f 1066 1194 1193
f 1193 1185 1184
f 1193 1194 1185
f 1195 1060 1186
f 1195 1074 1060
f 1187 1061 1075
f 1187 1075 1196
f 1196 1195 1186
f 1196 1186 1187
f 1188 1076 1062
f 1188 1197 1076
f 1197 1075 1076
f 1197 1196 1075
f 1198 1197 1188
f 1198 1188 1189
f 1199 1191 1192
f 1199 1192 1200
f 1202 1194 1066
f 1202 1066 1078
f 1202 1078 1077
f 1202 1077 1201
f 1202 1201 1193
f 1202 1193 1194
f 1080 1203 1079
f 1080 1204 1203
f 1205 1080 1081
f 1205 1204 1080
f 1195 1086 1074
f 1195 1207 1086
f 1208 1207 1195
f 1208 1195 1196
f 1088 1087 1209
f 1088 1209 1210
f 1211 1201 1077
f 1211 1077 1089
f 1090 1211 1089
f 1090 1212 1211
f 1203 1091 1079
f 1203 1213 1091
f 1091 1212 1090
f 1091 1213 1212
f 1214 1213 1203
f 1214 1203 1204
f 1205 1081 1093
f 1205 1093 1215
f 1215 1093 1092
f 1215 1092 1214
f 1215 1214 1204
f 1215 1204 1205
f 1207 1094 1086
f 1207 1217 1094
f 1216 1207 1206
f 1216 1217 1207
f 1218 1095 1094
f 1218 1094 1217
f 1209 1087 1096
f 1209 1096 1219
f 1210 1097 1088
f 1210 1220 1097
f 1097 1219 1096
f 1097 1220 1219
f 1219 1210 1209
f 1219 1220 1210
f 1222 1099 1098
f 1222 1098 1221
f 1222 1221 1212
f 1222 1212 1213
f 1223 1214 1092
f 1223 1092 1100
f 1223 1100 1099
f 1223 1099 1222
f 1223 1222 1213
f 1223 1213 1214
f 1218 1102 1095
f 1218 1225 1102
f 1224 1218 1217
f 1224 1225 1218
f 1104 1103 1226
f 1104 1226 1227
f 1228 1105 1104
f 1228 1104 1227
f 1230 1221 1098
f 1230 1098 1106
f 1231 1102 1225
f 1231 1110 1102
f 1226 1103 1111
f 1226 1111 1232
f 1111 1110 1231
f 1111 1231 1232
f 1231 1225 1226
f 1231 1226 1232
f 1112 1232 1111
f 1112 1233 1232
f 1228 1113 1105
f 1228 1234 1113
f 1234 1112 1113
f 1234 1233 1112
f 1234 1227 1233
f 1234 1228 1227
f 1230 1106 1116
f 1230 1116 1236
f 1116 1115 1235
f 1116 1235 1236
f 1236 1235 1229
f 1236 1229 1230
f 1238 1117 1118
f 1238 1237 1117
f 1239 1118 1119
f 1239 1238 1118
f 1232 1120 1111
f 1232 1240 1120
f 1120 1239 1119
f 1120 1240 1239
f 1240 1231 1239
f 1240 1232 1231
f 1241 1240 1232
f 1241 1232 1233
f 1245 1235 1115
f 1245 1115 1122
f 1246 1235 1245
f 1246 1236 1235
f 1237 1123 1117
f 1237 1247 1123
f 1248 1124 1123
f 1248 1123 1247
f 1247 1237 1238
f 1247 1238 1248
f 1125 1124 1248
f 1125 1248 1249
f 1249 1248 1238
f 1249 1238 1239
f 1250 1242 1243
f 1250 1243 1251
f 1128 1127 1253
f 1128 1253 1254
f 1255 1245 1122
f 1255 1122 1129
f 1255 1129 1128
f 1255 1128 1254
f 1255 1254 1244
f 1255 1244 1245
f 1131 1256 1130
f 1131 1257 1256
f 1258 1125 1249
f 1258 1132 1125
f 1132 1257 1131
f 1132 1258 1257
f 1259 1250 1251
f 1259 1251 1260
f 1261 1134 1133
f 1261 1133 1260
f 1260 1251 1252
f 1260 1252 1261
f 1253 1127 1135
f 1253 1135 1262
f 1135 1134 1261
f 1135 1261 1262
f 1262 1261 1252
f 1262 1252 1253
f 1256 1138 1130
f 1256 1263 1138
f 1264 1263 1256
f 1264 1256 1257
f 1266 1260 1133
f 1266 1133 1141
f 1141 1140 1265
f 1141 1265 1266
f 1267 1138 1263
f 1267 1143 1138
f 1145 1144 1268
f 1145 1268 1269
f 1146 1145 1269
f 1146 1269 1270
f 1265 1140 1147
f 1265 1147 1271
f 1272 1265 1271
f 1272 1266 1265
f 1273 1143 1267
f 1273 1148 1143
f 1274 1268 1144
f 1274 1144 1149
f 1274 1149 1148
f 1274 1148 1273
f 1273 1267 1268
f 1273 1268 1274
f 1275 1146 1270
f 1275 1151 1146
f 1152 1151 1275
f 1152 1275 1276
f 1277 1271 1147
f 1277 1147 1153
f 1153 1152 1276
f 1153 1276 1277
f 1282 1156 1157
f 1282 1281 1156
f 1282 1278 1281
f 1282 1279 1278
f 1282 1280 1279
f 1282 1283 1280
f 1285 1156 1281
f 1285 1160 1156
f 1282 1157 1161
f 1282 1161 1286
f 1161 1160 1285
f 1161 1285 1286
f 1286 1283 1282
f 1286 1287 1283
f 1287 1284 1283
f 1287 1288 1284
f 1168 1295 1167
f 1168 1296 1295
f 1170 1297 1169
f 1170 1298 1297
f 1299 1290 1289
f 1299 1300 1290
f 1300 1291 1290
f 1300 1301 1291
f 1303 1292 1302
f 1303 1293 1292
f 1304 1171 1172
f 1304 1303 1171
f 1303 1294 1293
f 1303 1304 1294
f 1295 1173 1167
f 1295 1305 1173
f 1305 1172 1173
f 1305 1304 1172
f 1296 1168 1174
f 1296 1174 1306
f 1306 1305 1295
f 1306 1295 1296
f 1297 1175 1169
f 1297 1307 1175
f 1175 1306 1174
f 1175 1307 1306
f 1298 1170 1176
f 1298 1176 1308
f 1307 1297 1298
f 1307 1298 1308
f 1177 1308 1176
f 1177 1309 1308
f 1178 1309 1177
f 1178 1310 1309
f 1312 1179 1180
f 1312 1311 1179
f 1311 1302 1301
f 1311 1312 1302
f 1313 1171 1303
f 1313 1181 1171
f 1312 1303 1302
f 1312 1313 1303
f 1314 1307 1308
f 1314 1308 1315
f 1315 1308 1309
f 1315 1309 1316
f 1317 1310 1178
f 1317 1178 1185
f 1317 1316 1309
f 1317 1309 1310
f 1318 1179 1311
f 1318 1187 1179
f 1319 1312 1180
f 1319 1180 1188
f 1188 1187 1318
f 1188 1318 1319
f 1320 1181 1313
f 1320 1189 1181
f 1319 1313 1312
f 1319 1320 1313
f 1192 1191 1321
f 1192 1321 1322
f 1324 1315 1316
f 1324 1316 1325
f 1326 1317 1185
f 1326 1185 1194
f 1326 1194 1193
f 1326 1193 1325
f 1326 1325 1316
f 1326 1316 1317
f 1197 1327 1196
f 1197 1328 1327
f 1320 1198 1189
f 1320 1329 1198
f 1329 1197 1198
f 1329 1328 1197
f 1329 1319 1328
f 1329 1320 1319
f 1330 1321 1191
f 1330 1191 1199
f 1331 1192 1322
f 1331 1200 1192
f 1200 1330 1199
f 1200 1331 1330
f 1331 1322 1323
f 1331 1323 1332
f 1332 1323 1324
f 1332 1324 1333
f 1325 1193 1201
f 1325 1201 1334
f 1334 1333 1324
f 1334 1324 1325
f 1336 1206 1207
f 1336 1335 1206
f 1327 1208 1196
f 1327 1337 1208
f 1208 1336 1207
f 1208 1337 1336
f 1334 1201 1211
f 1334 1211 1339
f 1338 1333 1334
f 1338 1334 1339
f 1340 1211 1212
f 1340 1339 1211
f 1335 1216 1206
f 1335 1341 1216
f 1342 1217 1216
f 1342 1216 1341
f 1341 1335 1336
f 1341 1336 1342
f 1343 1342 1336
f 1343 1336 1337
f 1340 1212 1221
f 1340 1221 1345
f 1342 1224 1217
f 1342 1346 1224
f 1347 1225 1224
f 1347 1224 1346
f 1346 1342 1343
f 1346 1343 1347
f 1348 1226 1225
f 1348 1225 1347
f 1349 1227 1226
f 1349 1226 1348
f 1351 1345 1221
f 1351 1221 1230
f 1351 1230 1229
f 1351 1229 1350
f 1351 1350 1344
f 1351 1344 1345
f 1353 1231 1232
f 1353 1352 1231
f 1352 1348 1347
f 1352 1353 1348
f 1349 1233 1227
f 1349 1354 1233
f 1353 1349 1348
f 1353 1354 1349
f 1355 1350 1229
f 1355 1229 1235
f 1356 1235 1236
f 1356 1355 1235
f 1352 1239 1231
f 1352 1357 1239
f 1353 1232 1240
f 1353 1240 1358
f 1354 1241 1233
f 1354 1359 1241
f 1241 1358 1240
f 1241 1359 1358
f 1358 1354 1353
f 1358 1359 1354
f 1361 1243 1242
f 1361 1242 1360
f 1364 1245 1244
f 1364 1244 1363
f 1356 1236 1246
f 1356 1246 1365
f 1246 1245 1364
f 1246 1364 1365
f 1365 1364 1355
f 1365 1355 1356
f 1368 1239 1357
f 1368 1249 1239
f 1360 1242 1250
f 1360 1250 1369
f 1370 1243 1361
f 1370 1251 1243
f 1371 1252 1251
f 1371 1251 1370
f 1372 1253 1252
f 1372 1252 1371
f 1373 1363 1244
f 1373 1244 1254
f 1373 1254 1253
f 1373 1253 1372
f 1373 1372 1362
f 1373 1362 1363
f 1374 1367 1366
f 1374 1375 1367
f 1376 1249 1368
f 1376 1258 1249
f 1376 1257 1258
f 1376 1375 1257
f 1376 1367 1375
f 1376 1368 1367
f 1369 1250 1259
f 1369 1259 1377
f 1378 1259 1260
f 1378 1377 1259
f 1380 1257 1375
f 1380 1264 1257
f 1380 1263 1264
f 1380 1379 1263
f 1380 1374 1379
f 1380 1375 1374
f 1378 1260 1266
f 1378 1266 1381
f 1382 1263 1379
f 1382 1267 1263
f 1383 1268 1267
f 1383 1267 1382
f 1269 1268 1383
f 1269 1383 1384
f 1385 1270 1269
f 1385 1269 1384
f 1381 1266 1272
f 1381 1272 1387
f 1272 1271 1386
f 1272 1386 1387
f 1385 1275 1270
f 1385 1389 1275
f 1388 1385 1384
f 1388 1389 1385
f 1390 1276 1275
f 1390 1275 1389
f 1386 1271 1277
f 1386 1277 1391
f 1391 1277 1276
f 1391 1276 1390
f 1393 1390 1392
f 1393 1391 1390
f 1279 1394 1278
f 1279 1395 1394
f 1280 1395 1279
f 1280 1396 1395
f 1398 1278 1394
f 1398 1281 1278
f 1398 1394 1395
f 1398 1395 1399
f 1400 1396 1280
f 1400 1280 1283
f 1400 1399 1395
f 1400 1395 1396
f 1284 1400 1283
f 1284 1401 1400
f 1400 1397 1396
f 1400 1401 1397
f 1405 1281 1398
f 1405 1285 1281
f 1286 1285 1405
f 1286 1405 1406
f 1405 1398 1399
f 1405 1399 1406
f 1287 1286 1406
f 1287 1406 1407
f 1408 1401 1284
f 1408 1284 1288
f 1288 1287 1407
f 1288 1407 1408
f 1409 1401 1408
f 1409 1402 1401
f 1409 1403 1402
f 1409 1410 1403
f 1410 1404 1403
f 1410 1411 1404
f 1412 1407 1406
f 1412 1413 1407
f 1416 1289 1290
f 1416 1415 1289
f 1291 1416 1290
f 1291 1417 1416
f 1419 1292 1293
f 1419 1418 1292
f 1294 1419 1293
f 1294 1420 1419
f 1425 1289 1415
f 1425 1299 1289
f 1425 1414 1424
f 1425 1415 1414
f 1426 1300 1299
f 1426 1299 1425
f 1427 1417 1291
f 1427 1291 1301
f 1427 1301 1300
f 1427 1300 1426
f 1427 1426 1416
f 1427 1416 1417
f 1428 1292 1418
f 1428 1302 1292
f 1302 1427 1301
f 1302 1428 1427
f 1428 1417 1427
f 1428 1418 1417
f 1429 1428 1418
f 1429 1418 1419
f 1430 1420 1294
f 1430 1294 1304
f 1431 1304 1305
f 1431 1430 1304
f 1432 1305 1306
f 1432 1431 1305
f 1433 1306 1307
f 1433 1432 1306
f 1434 1422 1421
f 1434 1435 1422
f 1437 1423 1436
f 1437 1424 1423
f 1438 1424 1437
f 1438 1425 1424
f 1439 1425 1438
f 1439 1426 1425
f 1440 1301 1427
f 1440 1311 1301
f 1440 1426 1439
f 1440 1427 1426
f 1441 1430 1431
f 1441 1431 1442
f 1442 1431 1432
f 1442 1432 1443
f 1433 1307 1314
f 1433 1314 1444
f 1443 1432 1433
f 1443 1433 1444
f 1445 1314 1315
f 1445 1444 1314
f 1446 1438 1437
f 1446 1447 1438
f 1447 1439 1438
f 1447 1448 1439
f 1440 1318 1311
f 1440 1449 1318
f 1448 1440 1439
f 1448 1449 1440
f 1450 1319 1318
f 1450 1318 1449
f 1451 1441 1442
f 1451 1442 1452
f 1453 1322 1321
f 1453 1321 1452
f 1453 1452 1442
f 1453 1442 1443
f 1454 1323 1322
f 1454 1322 1453
f 1454 1453 1443
f 1454 1443 1444
f 1445 1315 1324
f 1445 1324 1455
f 1455 1324 1323
f 1455 1323 1454
f 1454 1444 1445
f 1454 1445 1455
f 1450 1328 1319
f 1450 1457 1328
f 1457 1327 1328
f 1457 1456 1327
f 1456 1450 1449
f 1456 1457 1450
f 1459 1452 1321
f 1459 1321 1330
f 1459 1458 1451
f 1459 1451 1452
f 1460 1330 1331
f 1460 1459 1330
f 1460 1452 1459
f 1460 1453 1452
f 1332 1460 1331
f 1332 1461 1460
f 1462 1332 1333
f 1462 1461 1332
f 1463 1327 1456
f 1463 1337 1327
f 1462 1333 1338
f 1462 1338 1466
f 1465 1461 1462
f 1465 1462 1466
f 1467 1338 1339
f 1467 1466 1338
f 1468 1339 1340
f 1468 1467 1339
f 1469 1337 1463
f 1469 1343 1337
f 1470 1469 1463
f 1470 1463 1464
f 1473 1468 1340
f 1473 1340 1345
f 1473 1345 1344
f 1473 1344 1472
f 1473 1472 1467
f 1473 1467 1468
f 1474 1343 1469
f 1474 1347 1343
f 1477 1472 1344
f 1477 1344 1350
f 1477 1476 1471
f 1477 1471 1472
f 1478 1347 1474
f 1478 1352 1347
f 1482 1481 1475
f 1482 1475 1476
f 1477 1350 1355
f 1477 1355 1483
f 1482 1476 1477
f 1482 1477 1483
f 1478 1357 1352
f 1478 1485 1357
f 1361 1360 1486
f 1361 1486 1487
f 1488 1487 1479
f 1488 1479 1480
f 1489 1488 1480
f 1489 1480 1481
f 1490 1363 1362
f 1490 1362 1489
f 1490 1489 1481
f 1490 1481 1482
f 1483 1355 1364
f 1483 1364 1491
f 1491 1364 1363
f 1491 1363 1490
f 1491 1490 1482
f 1491 1482 1483
f 1367 1492 1366
f 1367 1493 1492
f 1494 1357 1485
f 1494 1368 1357
f 1494 1367 1368
f 1494 1493 1367
f 1494 1484 1493
f 1494 1485 1484
f 1495 1486 1360
f 1495 1360 1369
f 1496 1361 1487
f 1496 1370 1361
f 1497 1371 1370
f 1497 1370 1496
f 1497 1496 1487
f 1497 1487 1488
f 1498 1489 1362
f 1498 1362 1372
f 1498 1372 1371
f 1498 1371 1497
f 1498 1497 1488
f 1498 1488 1489
f 1499 1366 1492
f 1499 1374 1366
f 1501 1495 1369
f 1501 1369 1377
f 1378 1501 1377
f 1378 1502 1501
f 1501 1496 1495
f 1501 1502 1496
f 1503 1374 1499
f 1503 1379 1374
f 1503 1499 1500
f 1503 1500 1504
f 1505 1502 1378
f 1505 1378 1381
f 1503 1382 1379
f 1503 1506 1382
f 1383 1382 1506
f 1383 1506 1507
f 1506 1503 1504
f 1506 1504 1507
f 1508 1384 1383
f 1508 1383 1507
f 1510 1505 1381
f 1510 1381 1387
f 1387 1386 1509
f 1387 1509 1510
f 1508 1388 1384
f 1508 1511 1388
f 1512 1389 1388
f 1512 1388 1511
f 1390 1389 1512
f 1390 1512 1513
f 1514 1509 1386
f 1514 1386 1391
f 1513 1392 1390
f 1513 1516 1392
f 1515 1513 1512
f 1515 1516 1513
f 1517 1514 1391
f 1517 1391 1393
f 1517 1393 1392
f 1517 1392 1516
f 1517 1516 1513
f 1517 1513 1514
f 1397 1519 1396
f 1397 1520 1519
f 1523 1396 1519
f 1523 1400 1396
f 1523 1399 1400
f 1523 1522 1399
f 1523 1518 1522
f 1523 1519 1518
f 1524 1520 1397
f 1524 1397 1401
f 1402 1524 1401
f 1402 1525 1524
f 1524 1521 1520
f 1524 1525 1521
f 1526 1402 1403
f 1526 1525 1402
f 1404 1526 1403
f 1404 1527 1526
f 1530 1399 1522
f 1530 1406 1399
f 1532 1408 1407
f 1532 1407 1531
f 1533 1409 1408
f 1533 1408 1532
f 1410 1409 1533
f 1410 1533 1534
f 1527 1404 1411
f 1527 1411 1535
f 1411 1410 1534
f 1411 1534 1535
f 1537 1528 1536
f 1537 1529 1528
f 1530 1412 1406
f 1530 1539 1412
f 1531 1407 1413
f 1531 1413 1540
f 1413 1412 1539
f 1413 1539 1540
f 1539 1530 1531
f 1539 1531 1540
f 1541 1533 1532
f 1541 1542 1533
f 1542 1534 1533
f 1542 1543 1534
f 1544 1534 1543
f 1544 1535 1534
f 1545 1535 1544
f 1545 1536 1535
f 1546 1538 1537
f 1546 1547 1538
f 1548 1543 1542
f 1548 1549 1543
f 1551 1547 1546
f 1551 1552 1547
f 1555 1414 1415
f 1555 1554 1414
f 1556 1415 1416
f 1556 1555 1415
f 1558 1417 1418
f 1558 1557 1417
f 1420 1559 1419
f 1420 1560 1559
f 1422 1561 1421
f 1422 1562 1561
f 1562 1550 1561
f 1562 1551 1550
f 1563 1551 1562
f 1563 1552 1551
f 1563 1553 1552
f 1563 1564 1553
f 1565 1414 1554
f 1565 1424 1414
f 1565 1423 1424
f 1565 1564 1423
f 1565 1553 1564
f 1565 1554 1553
f 1566 1556 1416
f 1566 1416 1426
f 1567 1417 1557
f 1567 1427 1417
f 1567 1426 1427
f 1567 1566 1426
f 1567 1556 1566
f 1567 1557 1556
f 1558 1418 1428
f 1558 1428 1568
f 1559 1429 1419
f 1559 1569 1429
f 1429 1568 1428
f 1429 1569 1568
f 1570 1560 1420
f 1570 1420 1430
f 1570 1569 1559
f 1570 1559 1560
f 1571 1421 1561
f 1571 1434 1421
f 1572 1562 1422
f 1572 1422 1435
f 1435 1434 1571
f 1435 1571 1572
f 1573 1562 1572
f 1573 1563 1562
f 1574 1423 1564
f 1574 1436 1423
f 1573 1564 1563
f 1573 1574 1564
f 1575 1437 1436
f 1575 1436 1574
f 1577 1576 1568
f 1577 1568 1569
f 1578 1570 1430
f 1578 1430 1441
f 1577 1569 1570
f 1577 1570 1578
f 1579 1573 1572
f 1579 1580 1573
f 1580 1574 1573
f 1580 1581 1574
f 1575 1446 1437
f 1575 1582 1446
f 1581 1575 1574
f 1581 1582 1575
f 1583 1447 1446
f 1583 1446 1582
f 1448 1447 1583
f 1448 1583 1584
f 1585 1449 1448
f 1585 1448 1584
f 1586 1576 1577
f 1586 1577 1587
f 1578 1441 1451
f 1578 1451 1588
f 1587 1577 1578
f 1587 1578 1588
f 1453 1589 1452
f 1453 1590 1589
f 1585 1456 1449
f 1585 1591 1456
f 1588 1451 1458
f 1588 1458 1593
f 1589 1459 1452
f 1589 1594 1459
f 1594 1458 1459
f 1594 1593 1458
f 1590 1453 1460
f 1590 1460 1595
f 1461 1595 1460
f 1461 1596 1595
f 1597 1456 1591
f 1597 1463 1456
f 1464 1463 1597
f 1464 1597 1598
f 1597 1591 1592
f 1597 1592 1598
f 1601 1600 1593
f 1601 1593 1594
f 1596 1461 1465
f 1596 1465 1602
f 1603 1465 1466
f 1603 1602 1465
f 1604 1466 1467
f 1604 1603 1466
f 1606 1464 1598
f 1606 1470 1464
f 1470 1605 1469
f 1470 1606 1605
f 1606 1598 1599
f 1606 1599 1607
f 1610 1602 1603
f 1610 1603 1611
f 1612 1604 1467
f 1612 1467 1472
f 1612 1472 1471
f 1612 1471 1611
f 1612 1611 1603
f 1612 1603 1604
f 1605 1474 1469
f 1605 1613 1474
f 1614 1613 1605
f 1614 1605 1606
f 1614 1606 1607
f 1614 1607 1615
f 1617 1608 1609
f 1617 1609 1618
f 1620 1611 1471
f 1620 1471 1476
f 1620 1476 1475
f 1620 1475 1619
f 1620 1619 1610
f 1620 1610 1611
f 1613 1478 1474
f 1613 1621 1478
f 1623 1615 1616
f 1623 1616 1624
f 1626 1480 1479
f 1626 1479 1625
f 1626 1625 1617
f 1626 1617 1618
f 1627 1619 1475
f 1627 1475 1481
f 1627 1481 1480
f 1627 1480 1626
f 1627 1626 1618
f 1627 1618 1619
f 1629 1478 1621
f 1629 1485 1478
f 1629 1484 1485
f 1629 1628 1484
f 1629 1621 1622
f 1629 1622 1630
f 1632 1625 1479
f 1632 1479 1487
f 1487 1486 1631
f 1487 1631 1632
f 1634 1484 1628
f 1634 1493 1484
f 1493 1633 1492
f 1493 1634 1633
f 1635 1634 1628
f 1635 1628 1629
f 1635 1629 1630
f 1635 1630 1636
f 1637 1631 1486
f 1637 1486 1495
f 1496 1637 1495
f 1496 1638 1637
f 1637 1632 1631
f 1637 1638 1632
f 1639 1492 1633
f 1639 1499 1492
f 1640 1500 1499
f 1640 1499 1639
f 1641 1638 1496
f 1641 1496 1502
f 1640 1504 1500
f 1640 1643 1504
f 1642 1640 1639
f 1642 1643 1640
f 1641 1502 1505
f 1641 1505 1645
f 1646 1504 1643
f 1646 1507 1504
f 1508 1507 1646
f 1508 1646 1647
f 1646 1643 1644
f 1646 1644 1647
f 1649 1645 1505
f 1649 1505 1510
f 1510 1509 1648
f 1510 1648 1649
f 1650 1508 1647
f 1650 1511 1508
f 1651 1512 1511
f 1651 1511 1650
f 1653 1648 1509
f 1653 1509 1514
f 1514 1513 1652
f 1514 1652 1653
f 1654 1512 1651
f 1654 1515 1512
f 1655 1652 1513
f 1655 1513 1516
f 1655 1516 1515
f 1655 1515 1654
f 1654 1651 1652
f 1654 1652 1655
f 1657 1518 1519
f 1657 1656 1518
f 1520 1657 1519
f 1520 1658 1657
f 1521 1658 1520
f 1521 1659 1658
f 1660 1518 1656
f 1660 1522 1518
f 1661 1660 1656
f 1661 1656 1657
f 1661 1657 1658
f 1661 1658 1662
f 1659 1521 1525
f 1659 1525 1663
f 1662 1658 1659
f 1662 1659 1663
f 1526 1663 1525
f 1526 1664 1663
f 1527 1664 1526
f 1527 1665 1664
f 1667 1528 1529
f 1667 1666 1528
f 1668 1522 1660
f 1668 1530 1522
f 1669 1531 1530
f 1669 1530 1668
f 1668 1660 1661
f 1668 1661 1669
f 1532 1531 1669
f 1532 1669 1670
f 1669 1661 1662
f 1669 1662 1670
f 1672 1665 1527
f 1672 1527 1535
f 1673 1528 1666
f 1673 1536 1528
f 1536 1672 1535
f 1536 1673 1672
f 1672 1666 1665
f 1672 1673 1666
f 1674 1667 1529
f 1674 1529 1537
f 1537 1536 1673
f 1537 1673 1674
f 1538 1674 1537
f 1538 1675 1674
f 1676 1532 1670
f 1676 1541 1532
f 1542 1541 1676
f 1542 1676 1677
f 1676 1670 1671
f 1676 1671 1677
f 1679 1544 1543
f 1679 1543 1678
f 1673 1536 1545
f 1673 1545 1680
f 1545 1544 1679
f 1545 1679 1680
f 1681 1537 1674
f 1681 1546 1537
f 1681 1673 1680
f 1681 1674 1673
f 1675 1538 1547
f 1675 1547 1682
f 1688 1542 1677
f 1688 1548 1542
f 1678 1543 1549
f 1678 1549 1689
f 1549 1548 1688
f 1549 1688 1689
f 1688 1677 1678
f 1688 1678 1689
f 1689 1679 1678
f 1689 1690 1679
f 1691 1679 1690
f 1691 1680 1679
f 1692 1546 1681
f 1692 1551 1546
f 1692 1550 1551
f 1692 1691 1550
f 1692 1680 1691
f 1692 1681 1680
f 1693 1682 1547
f 1693 1547 1552
f 1694 1552 1553
f 1694 1693 1552
f 1695 1553 1554
f 1695 1694 1553
f 1695 1683 1694
f 1695 1684 1683
f 1555 1695 1554
f 1555 1696 1695
f 1695 1685 1684
f 1695 1696 1685
f 1697 1555 1556
f 1697 1696 1555
f 1698 1556 1557
f 1698 1697 1556
f 1697 1687 1686
f 1697 1698 1687
f 1699 1557 1558
f 1699 1698 1557
f 1701 1550 1691
f 1701 1561 1550
f 1700 1691 1690
f 1700 1701 1691
f 1699 1558 1568
f 1699 1568 1703
f 1702 1698 1699
f 1702 1699 1703
f 1701 1571 1561
f 1701 1705 1571
f 1705 1700 1704
f 1705 1701 1700
f 1706 1572 1571
f 1706 1571 1705
f 1703 1568 1576
f 1703 1576 1707
f 1709 1704 1708
f 1709 1705 1704
f 1706 1579 1572
f 1706 1710 1579
f 1709 1706 1705
f 1709 1710 1706
f 1711 1580 1579
f 1711 1579 1710
f 1581 1580 1711
f 1581 1711 1712
f 1713 1582 1581
f 1713 1581 1712
f 1583 1582 1713
f 1583 1713 1714
f 1715 1584 1583
f 1715 1583 1714
f 1716 1585 1584
f 1716 1584 1715
f 1707 1576 1586
f 1707 1586 1717
f 1718 1586 1587
f 1718 1717 1586
f 1719 1587 1588
f 1719 1718 1587
f 1590 1720 1589
f 1590 1721 1720
f 1722 1715 1714
f 1722 1723 1715
f 1716 1591 1585
f 1716 1724 1591
f 1723 1716 1715
f 1723 1724 1716
f 1592 1591 1724
f 1592 1724 1725
f 1725 1717 1718
f 1725 1718 1726
f 1719 1588 1593
f 1719 1593 1727
f 1727 1726 1718
f 1727 1718 1719
f 1728 1589 1720
f 1728 1594 1589
f 1721 1590 1595
f 1721 1595 1729
f 1728 1720 1721
f 1728 1721 1729
f 1730 1595 1596
f 1730 1729 1595
f 1731 1592 1725
f 1731 1598 1592
f 1599 1598 1731
f 1599 1731 1732
f 1731 1725 1726
f 1731 1726 1732
f 1727 1593 1600
f 1727 1600 1733
f 1728 1601 1594
f 1728 1734 1601
f 1734 1600 1601
f 1734 1733 1600
f 1735 1734 1728
f 1735 1728 1729
f 1736 1730 1596
f 1736 1596 1602
f 1735 1729 1730
f 1735 1730 1736
f 1737 1599 1732
f 1737 1607 1599
f 1739 1738 1733
f 1739 1733 1734
f 1609 1608 1739
f 1609 1739 1740
f 1739 1734 1735
f 1739 1735 1740
f 1736 1602 1610
f 1736 1610 1741
f 1740 1735 1736
f 1740 1736 1741
f 1743 1613 1614
f 1743 1742 1613
f 1737 1615 1607
f 1737 1744 1615
f 1744 1614 1615
f 1744 1743 1614
f 1616 1615 1744
f 1616 1744 1745
f 1745 1744 1737
f 1745 1737 1738
f 1746 1739 1608
f 1746 1608 1617
f 1746 1745 1738
f 1746 1738 1739
f 1747 1609 1740
f 1747 1618 1609
f 1748 1741 1610
f 1748 1610 1619
f 1748 1619 1618
f 1748 1618 1747
f 1747 1740 1741
f 1747 1741 1748
f 1742 1621 1613
f 1742 1749 1621
f 1622 1621 1749
f 1622 1749 1750
f 1749 1742 1743
f 1749 1743 1750
f 1744 1615 1623
f 1744 1623 1751
f 1751 1750 1743
f 1751 1743 1744
f 1745 1624 1616
f 1745 1752 1624
f 1752 1623 1624
f 1752 1751 1623
f 1753 1746 1617
f 1753 1617 1625
f 1752 1745 1746
f 1752 1746 1753
f 1754 1622 1750
f 1754 1630 1622
f 1754 1750 1751
f 1754 1751 1755
f 1756 1755 1751
f 1756 1751 1752
f 1753 1625 1632
f 1753 1632 1757
f 1757 1756 1752
f 1757 1752 1753
f 1759 1633 1634
f 1759 1758 1633
f 1635 1759 1634
f 1635 1760 1759
f 1754 1636 1630
f 1754 1761 1636
f 1636 1760 1635
f 1636 1761 1760
f 1762 1761 1754
f 1762 1754 1755
f 1763 1762 1755
f 1763 1755 1756
f 1757 1632 1638
f 1757 1638 1764
f 1763 1756 1757
f 1763 1757 1764
f 1758 1639 1633
f 1758 1765 1639
f 1767 1761 1762
f 1767 1762 1768
f 1769 1768 1762
f 1769 1762 1763
f 1770 1764 1638
f 1770 1638 1641
f 1769 1763 1764
f 1769 1764 1770
f 1765 1642 1639
f 1765 1771 1642
f 1643 1642 1771
f 1643 1771 1772
f 1771 1765 1766
f 1771 1766 1772
f 1644 1643 1772
f 1644 1772 1773
f 1774 1768 1769
f 1774 1769 1775
f 1776 1770 1641
f 1776 1641 1645
f 1776 1775 1769
f 1776 1769 1770
f 1773 1647 1644
f 1773 1778 1647
f 1777 1773 1772
f 1777 1778 1773
f 1781 1780 1774
f 1781 1774 1775
f 1782 1776 1645
f 1782 1645 1649
f 1782 1649 1648
f 1782 1648 1781
f 1782 1781 1775
f 1782 1775 1776
f 1783 1647 1778
f 1783 1650 1647
f 1784 1651 1650
f 1784 1650 1783
f 1783 1778 1779
f 1783 1779 1784
f 1785 1652 1651
f 1785 1651 1784
f 1785 1784 1779
f 1785 1779 1780
f 1786 1781 1648
f 1786 1648 1653
f 1653 1652 1785
f 1653 1785 1786
f 1786 1785 1780
f 1786 1780 1781
f 1663 1787 1662
f 1663 1788 1787
f 1664 1788 1663
f 1664 1789 1788
f 1790 1664 1665
f 1790 1789 1664
f 1791 1665 1666
f 1791 1790 1665
f 1667 1791 1666
f 1667 1792 1791
f 1795 1662 1787
f 1795 1670 1662
f 1671 1670 1795
f 1671 1795 1796
f 1795 1787 1788
f 1795 1788 1796
f 1798 1797 1789
f 1798 1789 1790
f 1799 1792 1667
f 1799 1667 1674
f 1675 1799 1674
f 1675 1800 1799
f 1799 1793 1792
f 1799 1800 1793
f 1800 1794 1793
f 1800 1801 1794
f 1805 1671 1796
f 1805 1677 1671
f 1678 1677 1805
f 1678 1805 1806
f 1807 1806 1797
f 1807 1797 1798
f 1808 1800 1675
f 1808 1675 1682
f 1808 1801 1800
f 1808 1809 1801
f 1810 1683 1684
f 1810 1809 1683
f 1810 1801 1809
f 1810 1802 1801
f 1685 1810 1684
f 1685 1811 1810
f 1810 1803 1802
f 1810 1811 1803
f 1811 1804 1803
f 1811 1812 1804
f 1813 1686 1687
f 1813 1812 1686
f 1814 1678 1806
f 1814 1689 1678
f 1690 1689 1814
f 1690 1814 1815
f 1816 1808 1682
f 1816 1682 1693
f 1817 1683 1809
f 1817 1694 1683
f 1817 1693 1694
f 1817 1816 1693
f 1817 1808 1816
f 1817 1809 1808
f 1818 1811 1685
f 1818 1685 1696
f 1819 1686 1812
f 1819 1697 1686
f 1697 1818 1696
f 1697 1819 1818
f 1818 1812 1811
f 1818 1819 1812
f 1813 1687 1698
f 1813 1698 1820
f 1819 1812 1813
f 1819 1813 1820
f 1822 1690 1815
f 1822 1700 1690
f 1820 1698 1702
f 1820 1702 1823
f 1824 1702 1703
f 1824 1823 1702
f 1823 1821 1820
f 1823 1824 1821
f 1822 1704 1700
f 1822 1825 1704
f 1824 1703 1707
f 1824 1707 1830
f 1831 1704 1825
f 1831 1708 1704
f 1832 1709 1708
f 1832 1708 1831
f 1831 1825 1826
f 1831 1826 1832
f 1833 1710 1709
f 1833 1709 1832
f 1832 1826 1827
f 1832 1827 1833
f 1711 1710 1833
f 1711 1833 1834
f 1833 1827 1828
f 1833 1828 1834
f 1712 1711 1834
f 1712 1834 1835
f 1836 1713 1712
f 1836 1712 1835
f 1837 1714 1713
f 1837 1713 1836
f 1839 1830 1707
f 1839 1707 1717
f 1839 1838 1829
f 1839 1829 1830
f 1840 1836 1835
f 1840 1841 1836
f 1837 1722 1714
f 1837 1842 1722
f 1841 1837 1836
f 1841 1842 1837
f 1843 1723 1722
f 1843 1722 1842
f 1844 1724 1723
f 1844 1723 1843
f 1845 1839 1717
f 1845 1717 1725
f 1845 1725 1724
f 1845 1724 1844
f 1845 1844 1838
f 1845 1838 1839
f 1847 1726 1727
f 1847 1846 1726
f 1846 1732 1726
f 1846 1848 1732
f 1847 1727 1733
f 1847 1733 1849
f 1849 1848 1846
f 1849 1846 1847
f 1850 1732 1848
f 1850 1737 1732
f 1851 1849 1733
f 1851 1733 1738
f 1851 1738 1737
f 1851 1737 1850
f 1850 1848 1849
f 1850 1849 1851
f 1759 1852 1758
f 1759 1853 1852
f 1760 1853 1759
f 1760 1854 1853
f 1855 1760 1761
f 1855 1854 1760
f 1856 1758 1852
f 1856 1765 1758
f 1766 1765 1856
f 1766 1856 1857
f 1856 1852 1853
f 1856 1853 1857
f 1858 1857 1853
f 1858 1853 1854
f 1855 1761 1767
f 1855 1767 1859
f 1858 1854 1855
f 1858 1855 1859
f 1860 1767 1768
f 1860 1859 1767
f 1861 1766 1857
f 1861 1772 1766
f 1860 1768 1774
f 1860 1774 1863
f 1862 1859 1860
f 1862 1860 1863
f 1861 1777 1772
f 1861 1864 1777
f 1865 1778 1777
f 1865 1777 1864
f 1779 1778 1865
f 1779 1865 1866
f 1867 1863 1774
f 1867 1774 1780
f 1867 1780 1779
f 1867 1779 1866
f 1869 1865 1868
f 1869 1866 1865
f 1789 1870 1788
f 1789 1871 1870
f 1791 1872 1790
f 1791 1873 1872
f 1792 1873 1791
f 1792 1874 1873
f 1793 1874 1792
f 1793 1875 1874
f 1876 1793 1794
f 1876 1875 1793
f 1870 1796 1788
f 1870 1877 1796
f 1871 1789 1797
f 1871 1797 1878
f 1877 1870 1871
f 1877 1871 1878
f 1872 1798 1790
f 1872 1879 1798
f 1879 1872 1873
f 1879 1873 1880
f 1881 1880 1873
f 1881 1873 1874
f 1882 1881 1874
f 1882 1874 1875
f 1876 1794 1801
f 1876 1801 1883
f 1882 1875 1876
f 1882 1876 1883
f 1802 1883 1801
f 1802 1884 1883
f 1885 1802 1803
f 1885 1884 1802
f 1886 1803 1804
f 1886 1885 1803
f 1877 1805 1796
f 1877 1887 1805
f 1878 1797 1806
f 1878 1806 1888
f 1806 1805 1887
f 1806 1887 1888
f 1887 1877 1878
f 1887 1878 1888
f 1879 1807 1798
f 1879 1889 1807
f 1807 1888 1806
f 1807 1889 1888
f 1890 1889 1879
f 1890 1879 1880
f 1891 1883 1884
f 1891 1884 1892
f 1892 1884 1885
f 1892 1885 1893
f 1894 1886 1804
f 1894 1804 1812
f 1894 1893 1885
f 1894 1885 1886
f 1888 1814 1806
f 1888 1895 1814
f 1896 1815 1814
f 1896 1814 1895
f 1894 1812 1819
f 1894 1819 1898
f 1897 1893 1894
f 1897 1894 1898
f 1899 1819 1820
f 1899 1898 1819
f 1821 1899 1820
f 1821 1900 1899
f 1896 1822 1815
f 1896 1902 1822
f 1901 1896 1895
f 1901 1902 1896
f 1903 1898 1899
f 1903 1899 1904
f 1905 1900 1821
f 1905 1821 1824
f 1904 1899 1900
f 1904 1900 1905
f 1907 1822 1902
f 1907 1825 1822
f 1906 1902 1901
f 1906 1907 1902
f 1908 1826 1825
f 1908 1825 1907
f 1909 1827 1826
f 1909 1826 1908
f 1828 1827 1909
f 1828 1909 1910
f 1912 1903 1904
f 1912 1904 1913
f 1914 1905 1824
f 1914 1824 1830
f 1914 1830 1829
f 1914 1829 1913
f 1914 1913 1904
f 1914 1904 1905
f 1915 1828 1910
f 1915 1834 1828
f 1835 1834 1915
f 1835 1915 1916
f 1915 1910 1911
f 1915 1911 1916
f 1920 1913 1829
f 1920 1829 1838
f 1920 1919 1912
f 1920 1912 1913
f 1921 1835 1916
f 1921 1840 1835
f 1841 1840 1921
f 1841 1921 1922
f 1921 1916 1917
f 1921 1917 1922
f 1923 1842 1841
f 1923 1841 1922
f 1924 1843 1842
f 1924 1842 1923
f 1924 1923 1918
f 1924 1918 1919
f 1925 1920 1838
f 1925 1838 1844
f 1925 1844 1843
f 1925 1843 1924
f 1925 1924 1919
f 1925 1919 1920
f 1858 1926 1857
f 1858 1927 1926
f 1928 1858 1859
f 1928 1927 1858
f 1926 1861 1857
f 1926 1929 1861
f 1929 1926 1927
f 1929 1927 1930
f 1928 1859 1862
f 1928 1862 1931
f 1930 1927 1928
f 1930 1928 1931
f 1932 1862 1863
f 1932 1931 1862
f 1929 1864 1861
f 1929 1933 1864
f 1865 1864 1933
f 1865 1933 1934
f 1933 1929 1930
f 1933 1930 1934
f 1932 1863 1867
f 1932 1867 1936
f 1867 1866 1935
f 1867 1935 1936
f 1937 1865 1934
f 1937 1868 1865
f 1938 1935 1866
f 1938 1866 1869
f 1869 1868 1937
f 1869 1937 1938
f 1938 1937 1934
f 1938 1934 1935
f 1881 1939 1880
f 1881 1940 1939
f 1941 1881 1882
f 1941 1940 1881
f 1942 1882 1883
f 1942 1941 1882
f 1889 1943 1888
f 1889 1944 1943
f 1939 1890 1880
f 1939 1945 1890
f 1890 1944 1889
f 1890 1945 1944
f 1946 1945 1939
f 1946 1939 1940
f 1942 1883 1891
f 1942 1891 1948
f 1947 1941 1942
f 1947 1942 1948
f 1949 1891 1892
f 1949 1948 1891
f 1950 1892 1893
f 1950 1949 1892
f 1943 1895 1888
f 1943 1951 1895
f 1952 1951 1943
f 1952 1943 1944
f 1953 1948 1949
f 1953 1949 1954
f 1950 1893 1897
f 1950 1897 1955
f 1954 1949 1950
f 1954 1950 1955
f 1956 1897 1898
f 1956 1955 1897
f 1951 1901 1895
f 1951 1957 1901
f 1957 1951 1952
f 1957 1952 1958
f 1960 1953 1954
f 1960 1954 1961
f 1962 1961 1954
f 1962 1954 1955
f 1956 1898 1903
f 1956 1903 1963
f 1962 1955 1956
f 1962 1956 1963
f 1957 1906 1901
f 1957 1964 1906
f 1965 1907 1906
f 1965 1906 1964
f 1965 1964 1957
f 1965 1957 1958
f 1908 1907 1965
f 1908 1965 1966
f 1965 1958 1959
f 1965 1959 1966
f 1909 1908 1966
f 1909 1966 1967
f 1910 1909 1967
f 1910 1967 1968
f 1911 1910 1968
f 1911 1968 1969
f 1970 1961 1962
f 1970 1962 1971
f 1972 1963 1903
f 1972 1903 1912
f 1971 1962 1963
f 1971 1963 1972
f 1973 1968 1967
f 1973 1974 1968
f 1975 1911 1969
f 1975 1916 1911
f 1917 1916 1975
f 1917 1975 1976
f 1976 1970 1971
f 1976 1971 1977
f 1978 1972 1912
f 1978 1912 1919
f 1978 1919 1918
f 1978 1918 1977
f 1978 1977 1971
f 1978 1971 1972
f 1979 1917 1976
f 1979 1922 1917
f 1980 1977 1918
f 1980 1918 1923
f 1923 1922 1979
f 1923 1979 1980
f 1979 1976 1977
f 1979 1977 1980
f 1931 1981 1930
f 1931 1982 1981
f 1932 1982 1931
f 1932 1983 1982
f 1984 1930 1981
f 1984 1934 1930
f 1935 1934 1984
f 1935 1984 1985
f 1984 1981 1982
f 1984 1982 1985
f 1983 1932 1936
f 1983 1936 1986
f 1936 1935 1985
f 1936 1985 1986
f 1986 1985 1982
f 1986 1982 1983
f 1988 1940 1941
f 1988 1987 1940
f 1945 1989 1944
f 1945 1990 1989
f 1987 1946 1940
f 1987 1991 1946
f 1946 1990 1945
f 1946 1991 1990
f 1988 1941 1947
f 1988 1947 1992
f 1991 1987 1988
f 1991 1988 1992
f 1993 1947 1948
f 1993 1992 1947
f 1989 1952 1944
f 1989 1994 1952
f 1995 1994 1989
f 1995 1989 1990
f 1993 1948 1953
f 1993 1953 1997
f 1996 1992 1993
f 1996 1993 1997
f 1998 1952 1994
f 1998 1958 1952
f 1959 1958 1998
f 1959 1998 1999
f 1998 1994 1995
f 1998 1995 1999
f 1997 1953 1960
f 1997 1960 2002
f 2002 2001 1996
f 2002 1996 1997
f 2003 1960 1961
f 2003 2002 1960
f 2004 1959 1999
f 2004 1966 1959
f 1967 1966 2004
f 1967 2004 2005
f 2004 1999 2000
f 2004 2000 2005
f 2006 2005 2000
f 2006 2000 2001
f 1969 1968 2006
f 1969 2006 2007
f 2006 2001 2002
f 2006 2002 2007
f 2003 1961 1970
f 2003 1970 2008
f 2007 2002 2003
f 2007 2003 2008
f 2005 1973 1967
f 2005 2009 1973
f 2010 2006 1968
f 2010 1968 1974
f 1974 1973 2009
f 1974 2009 2010
f 2010 2009 2005
f 2010 2005 2006
f 2011 1969 2007
f 2011 1975 1969
f 2012 2008 1970
f 2012 1970 1976
f 2012 1976 1975
f 2012 1975 2011
f 2011 2007 2008
f 2011 2008 2012
f 1991 2013 1990
f 1991 2014 2013
f 2015 1991 1992
f 2015 2014 1991
f 2013 1995 1990
f 2013 2016 1995
f 2017 2016 2013
f 2017 2013 2014
f 2015 1992 1996
f 2015 1996 2018
f 2017 2014 2015
f 2017 2015 2018
f 2019 1995 2016
f 2019 1999 1995
f 2000 1999 2019
f 2000 2019 2020
f 2019 2016 2017
f 2019 2017 2020
f 2021 2018 1996
f 2021 1996 2001
f 2021 2001 2000
f 2021 2000 2020
f 2021 2020 2017
f 2021 2017 2018
