# parsimony mesh: eg11389_monomer (source /Users/eranagmon/code/v2e-cplx/workspace/studies/ecoli-3d/viz/3d/structures/eg11389_monomer.pdb)
# atoms: 970  voxel: 2.5 Å  verts: 1909  tris: 3948
v 16.0906 3.0627 -33.5622
v 17.3624 2.6716 -33.7315
v 18.9542 2.5852 -33.7703
v 16.0906 3.2180 -33.5622
v 17.3385 4.1823 -33.8358
v 19.1280 4.3787 -33.8910
v 17.9608 6.8787 -33.8758
v 19.3891 6.8787 -33.8758
v 18.2001 8.9007 -33.7500
v 19.3024 8.9007 -33.7500
v 18.1565 0.4690 -31.5101
v 19.3616 0.4690 -31.5101
v 10.4975 2.5920 -31.2531
v 11.5872 2.5920 -31.2531
v 15.7971 2.7382 -32.2857
v 17.3389 1.4902 -32.3203
v 19.7404 1.8026 -32.3203
v 22.8686 2.8136 -31.3424
v 24.0389 2.8136 -31.3424
v 10.4975 3.4090 -31.2531
v 11.5872 3.4090 -31.2531
v 15.7971 3.4299 -32.2857
v 16.8057 4.6799 -32.2857
v 20.4983 4.1623 -32.2979
v 22.1661 4.1623 -31.8446
v 24.3404 4.3787 -31.7191
v 17.3851 6.8787 -32.2857
v 20.6391 6.8787 -33.1448
v 22.3459 6.9496 -32.0857
v 24.1565 6.1635 -31.6402
v 17.9419 9.2110 -32.2857
v 20.0264 9.3680 -32.4608
v 21.5015 8.7511 -31.7442
v 11.0548 0.5867 -28.6578
v 11.4961 0.5867 -28.6578
v 17.7700 0.3037 -29.7857
v 19.4462 0.3037 -29.7857
v 8.2771 2.6731 -29.2127
v 9.9428 1.7992 -29.7686
v 12.0763 1.8067 -29.6089
v 15.3948 2.3703 -29.7857
v 16.5200 1.1203 -29.7857
v 20.7529 1.8777 -30.0029
v 22.1661 2.3594 -30.0029
v 24.4693 2.4809 -29.7857
v 8.2771 3.7189 -29.2127
v 9.7435 4.0031 -29.9419
v 12.0294 3.7790 -29.7857
v 15.4806 4.3161 -29.6428
v 16.6600 5.1077 -30.3809
v 21.0682 3.1848 -30.9811
v 21.2019 3.1848 -30.9811
v 25.1040 4.3787 -29.7857
v 13.5407 8.0276 -28.6585
v 15.0547 7.0680 -28.9965
v 16.7868 6.8787 -30.2696
v 23.1682 7.8302 -30.7324
v 24.4373 6.9496 -29.8537
v 13.5407 8.3736 -28.6585
v 14.7675 9.2756 -29.1226
v 17.3233 9.5313 -30.3657
v 19.8624 10.3488 -30.7201
v 22.3459 9.5021 -30.6231
v 24.3479 9.3787 -29.3565
v 15.5376 11.1154 -28.9245
v 17.3624 11.2429 -29.2232
v 19.8624 11.2436 -29.4701
v 22.3624 11.2730 -29.4974
v 24.0646 11.0002 -29.1000
v 18.4958 17.9082 -28.5904
v 18.7128 17.9082 -28.5904
v 18.4958 18.2161 -28.5904
v 18.7128 18.2161 -28.5904
v 8.2176 -4.9113 -26.4356
v 9.8624 -4.8808 -26.4092
v 11.1989 -4.5106 -26.1338
v 7.9530 -3.1213 -26.8023
v 9.8624 -3.1213 -26.8767
v 11.1782 -3.1213 -26.1101
v 8.1280 -1.3778 -26.6578
v 10.0986 -0.3955 -27.1806
v 12.1382 -0.4311 -27.2578
v 14.8624 -0.1656 -27.1301
v 17.2121 -0.2283 -27.4454
v 19.8299 -0.1333 -27.3022
v 22.3624 -0.1475 -26.7719
v 24.8624 0.0868 -26.5464
v 26.2062 0.4512 -26.1792
v 8.2771 2.6731 -28.0911
v 9.7472 1.8554 -27.2689
v 13.2112 1.8787 -28.2978
v 14.7775 1.7948 -28.2551
v 16.2785 0.9056 -28.3852
v 20.6416 1.0437 -28.1465
v 22.3624 1.1534 -28.0219
v 24.9318 1.7020 -27.2095
v 26.2062 0.8241 -26.1792
v 8.2771 3.7189 -28.0911
v 9.9638 3.9288 -27.2689
v 12.5612 3.6950 -27.3796
v 14.5392 4.2490 -27.3796
v 23.5957 5.5585 -26.0844
v 24.3770 4.5865 -27.0649
v 13.5407 8.0276 -28.3813
v 14.6056 7.0680 -27.4430
v 23.5957 5.7700 -26.0844
v 24.1768 6.7135 -27.0649
v 13.5407 8.3736 -28.3813
v 14.4089 9.2756 -27.4430
v 23.4897 10.1685 -26.1781
v 24.2667 9.3526 -27.1211
v 15.5687 11.1428 -27.2857
v 17.5135 12.2393 -27.1560
v 19.8624 12.4936 -27.8080
v 22.6602 11.8916 -27.1881
v 24.0646 11.0002 -27.8448
v 15.8878 15.2718 -26.3288
v 17.5135 14.4146 -26.6975
v 19.8624 14.3787 -27.3163
v 21.8887 14.3787 -26.7088
v 15.8878 16.2344 -26.3288
v 17.3721 17.0713 -27.3203
v 19.7693 16.9795 -27.3746
v 21.4293 16.0508 -26.4374
v 18.0020 18.5472 -27.2857
v 19.0977 18.5472 -27.2857
v 7.9799 -5.0728 -24.7857
v 10.0227 -5.0161 -24.7970
v 11.1989 -4.5106 -25.6379
v 15.4329 -4.5154 -23.7130
v 16.3530 -4.5154 -23.7130
v 7.2940 -3.1213 -24.7857
v 10.8540 -3.1213 -24.4844
v 11.9645 -2.9076 -24.9527
v 14.7047 -3.3221 -24.3040
v 16.9019 -3.1213 -24.2149
v 7.9264 -1.2363 -24.7857
v 10.1486 -0.5558 -24.6054
v 12.0633 -1.3820 -24.9711
v 14.8624 -1.4156 -25.6131
v 17.5997 -1.5505 -24.9727
v 19.8624 -1.0146 -24.7857
v 22.3624 -0.5773 -24.7857
v 24.7977 0.0817 -24.8863
v 26.2062 0.4512 -25.7867
v 10.7314 1.7280 -24.8542
v 11.5281 2.4609 -24.0666
v 25.2057 1.7459 -24.8863
v 26.2062 0.8241 -25.7867
v 10.8647 3.2851 -25.7332
v 12.3618 3.4708 -24.8542
v 14.9318 4.7757 -24.6439
v 16.4995 5.4601 -23.7160
v 23.5957 5.5585 -25.8456
v 24.0507 4.5865 -24.9216
v 15.5510 6.8787 -25.2403
v 17.3447 7.1036 -23.9127
v 18.6286 8.0869 -23.5578
v 23.5957 5.7700 -25.8456
v 24.5259 6.9477 -24.6933
v 26.1213 8.1254 -23.5410
v 15.7121 9.5514 -24.7912
v 17.3624 8.6627 -23.8717
v 18.6286 8.1362 -23.5578
v 23.1984 10.0848 -24.7857
v 24.7572 9.4327 -24.4351
v 26.3705 9.3787 -23.6349
v 31.1009 10.6259 -23.5392
v 32.3624 10.4703 -23.7404
v 33.8538 10.4202 -23.8052
v 15.9477 11.0526 -24.7857
v 16.7308 12.3026 -24.7857
v 23.2121 11.9068 -24.8613
v 24.8081 11.7815 -23.8705
v 26.4476 10.8041 -23.6626
v 30.6367 11.8787 -24.0075
v 32.3624 11.8787 -24.3835
v 33.9488 11.8787 -23.9116
v 15.8878 15.2718 -25.5500
v 16.8711 14.4146 -24.7443
v 23.1335 14.4067 -24.8613
v 23.8242 13.5921 -24.0784
v 30.4897 13.8144 -24.1613
v 32.3624 13.8075 -24.1787
v 33.8196 13.3480 -23.7674
v 15.8878 16.2344 -25.5500
v 17.2338 16.9090 -24.7036
v 19.9404 17.3980 -24.7286
v 21.8501 16.3742 -24.7857
v 17.9151 18.5993 -25.5239
v 19.1591 18.5993 -25.5239
v 8.0400 -4.8453 -22.2857
v 9.4453 -4.8453 -22.2857
v 15.4329 -4.5154 -22.9053
v 16.3530 -4.5154 -22.9053
v 7.3237 -3.1213 -22.2857
v 10.6617 -3.2036 -22.4244
v 12.2527 -3.0874 -22.4244
v 14.7047 -4.1434 -22.1575
v 16.9544 -3.2596 -22.1575
v 7.8961 -1.0566 -22.2857
v 9.9901 -0.4531 -22.7419
v 11.3463 -1.3151 -23.3502
v 18.2344 -1.4680 -22.2857
v 20.0252 -0.2790 -22.0705
v 22.1611 -0.1434 -22.0705
v 24.0969 -0.0484 -22.2857
v 10.3112 1.7280 -22.2995
v 11.5281 2.4609 -23.1421
v 20.7972 1.8787 -21.3768
v 21.3554 1.8787 -21.3768
v 24.6791 1.8787 -22.2857
v 8.5965 5.5540 -21.0550
v 9.7654 4.5839 -21.6260
v 12.3874 4.1413 -22.3513
v 15.0092 4.7426 -22.3103
v 16.4995 5.4601 -23.1601
v 20.8551 4.3787 -21.4103
v 21.5441 4.3787 -21.4103
v 24.3296 4.3787 -22.2857
v 8.5965 5.6434 -21.0550
v 9.8624 5.9538 -21.4437
v 11.5801 6.0474 -21.5604
v 15.9404 5.8403 -21.4934
v 17.3845 6.9636 -22.5047
v 19.8365 6.9390 -22.3271
v 21.4452 5.7911 -21.1384
v 24.9973 6.6231 -22.2857
v 27.1177 7.8075 -22.2099
v 28.9064 7.9342 -21.3260
v 16.0513 10.5192 -22.2857
v 17.5799 9.5771 -21.9924
v 18.6680 9.2995 -22.3113
v 23.0984 10.2386 -22.2857
v 24.1450 10.2386 -22.2857
v 27.8021 9.5730 -22.2099
v 29.8376 9.7292 -21.8744
v 32.3740 10.3001 -22.2489
v 33.8538 10.4202 -23.0578
v 15.6479 11.8486 -22.4582
v 17.0686 11.8769 -22.2566
v 18.7074 11.0920 -21.1067
v 23.0984 11.1583 -22.2857
v 24.8577 11.8673 -22.2857
v 27.3912 11.7709 -21.9159
v 29.2777 11.6698 -22.2680
v 33.2600 11.8787 -21.4379
v 33.9488 11.8787 -22.6879
v 15.4230 14.3787 -21.9194
v 16.5594 14.3787 -23.1694
v 23.4458 15.2587 -23.2963
v 24.4752 14.4067 -22.3921
v 27.7611 14.3787 -21.5399
v 29.7388 14.5401 -22.7850
v 32.5524 14.4145 -22.2477
v 33.8196 13.3480 -22.8832
v 15.9417 16.8787 -21.3924
v 17.3764 16.8016 -22.5698
v 19.8624 17.5238 -23.0233
v 22.5124 16.9719 -22.9343
v 24.2672 16.8787 -21.7322
v 28.1341 16.1220 -21.3208
v 29.9285 16.9247 -21.6148
v 31.5971 16.8787 -21.5458
v 16.1112 18.1309 -21.0373
v 17.4546 19.1300 -21.3751
v 19.7915 19.4712 -21.7156
v 22.3624 18.8642 -21.7134
v 23.9914 18.5386 -21.3704
v 30.8059 18.3185 -21.1393
v 31.3061 18.3185 -21.1393
v 18.3494 20.7453 -21.1853
v 18.9109 20.7453 -21.1853
v 8.2977 -4.6080 -20.4012
v 9.8267 -4.5688 -19.6053
v 12.3624 -4.5396 -18.9460
v 13.6828 -4.4375 -18.8091
v 7.7595 -3.3178 -19.6550
v 9.8267 -4.1870 -19.6053
v 12.3624 -4.0780 -20.1960
v 14.6546 -3.8508 -19.6998
v 17.3227 -2.5116 -19.7476
v 18.9953 -2.0276 -18.8888
v 23.0589 -2.2280 -19.2808
v 24.0726 -2.2280 -19.2808
v 5.7915 0.1909 -18.9395
v 7.2257 -0.4736 -19.8638
v 8.7726 0.5286 -20.7881
v 18.1296 -1.3561 -20.5555
v 19.9812 -0.5322 -19.8865
v 22.1263 -0.7299 -20.0825
v 24.8444 -0.7120 -19.8692
v 26.2720 0.3277 -18.7909
v 5.5494 1.8787 -19.4206
v 7.3624 1.8787 -20.1811
v 8.9238 1.8787 -20.5462
v 16.0957 3.1263 -18.5413
v 16.1717 3.1263 -18.5413
v 20.4784 1.9408 -19.9448
v 21.3601 1.9408 -19.9448
v 25.3796 1.8787 -20.1513
v 26.3317 1.8787 -18.9013
v 5.6826 3.6179 -19.3117
v 7.8913 4.6868 -19.9896
v 8.7658 4.7019 -19.8439
v 13.2468 4.9408 -20.6913
v 15.1847 4.0368 -19.6163
v 16.1717 3.1328 -18.5413
v 20.3658 4.3787 -19.7857
v 21.6205 4.3787 -19.7857
v 25.3999 4.6239 -19.6750
v 27.0168 4.7328 -18.7345
v 28.9981 5.5116 -18.7010
v 8.5965 5.6434 -20.7238
v 9.6435 6.0685 -19.8485
v 12.5112 6.8212 -19.7117
v 15.0092 6.7557 -20.1775
v 16.6027 7.5070 -20.5867
v 21.0493 5.7630 -19.7857
v 21.3717 5.7630 -19.7857
v 25.5825 6.0029 -19.7857
v 27.1180 6.3114 -19.6349
v 29.7856 6.9204 -19.6629
v 31.3603 7.5732 -18.9581
v 13.4423 8.3090 -18.7321
v 15.1191 9.4603 -19.6594
v 17.2358 9.7039 -20.7377
v 18.7074 10.4628 -20.8888
v 23.3564 10.3736 -20.6672
v 23.8095 10.3736 -20.6672
v 28.5845 10.5358 -20.9309
v 29.6309 9.5806 -20.7779
v 31.5578 9.4268 -19.7892
v 14.9054 11.8787 -19.7857
v 17.8688 11.0920 -20.8888
v 18.7074 11.0920 -20.8888
v 23.3583 11.9162 -19.6495
v 24.5084 12.2941 -20.0794
v 27.4367 11.8736 -20.9350
v 28.6888 10.6971 -20.9309
v 32.1975 11.8787 -19.7857
v 14.6234 14.3787 -19.7857
v 23.3602 13.2566 -18.6318
v 24.8916 13.8978 -19.8513
v 26.5111 14.3787 -20.7658
v 32.6350 14.3787 -19.7857
v 13.2394 17.6928 -18.8444
v 14.6941 16.8671 -19.7209
v 25.5172 16.8787 -20.4026
v 27.3254 16.9247 -20.3421
v 29.1392 17.7887 -20.7238
v 32.8753 16.8794 -19.6442
v 33.7292 17.7132 -18.7165
v 13.2394 18.6079 -18.8444
v 15.1117 18.9031 -19.7209
v 17.4546 20.0164 -19.7780
v 19.7915 20.3385 -19.7780
v 22.3624 19.4660 -19.7857
v 24.8398 18.4782 -19.6871
v 27.3624 18.5004 -19.1160
v 29.9285 18.7566 -19.8486
v 32.2286 18.6365 -19.6442
v 33.7292 18.2765 -18.7165
v 18.3494 20.7453 -20.6062
v 18.9109 20.7453 -20.6062
v 6.0423 -9.4033 -16.0682
v 6.1683 -9.4033 -16.0682
v 3.4851 -7.1498 -16.3087
v 5.0703 -8.0384 -16.6222
v 7.1459 -8.0338 -16.6176
v 9.8624 -7.2514 -16.4552
v 12.3624 -7.1285 -16.3572
v 13.8747 -6.9782 -16.1704
v 3.4851 -6.3398 -16.3087
v 4.6793 -5.5524 -17.0839
v 7.3624 -5.6213 -17.7769
v 9.8135 -5.4663 -17.7206
v 12.3624 -5.7896 -17.6072
v 14.6121 -5.4020 -17.0306
v 16.2728 -4.6999 -16.2241
v 5.0139 -3.1213 -17.0583
v 7.2632 -3.3178 -18.2031
v 8.9476 -4.2822 -18.2845
v 13.6043 -1.8798 -16.0632
v 14.4981 -2.8407 -16.9770
v 17.2102 -2.9146 -17.1641
v 18.9953 -2.0276 -18.1041
v 23.0589 -2.2280 -17.9857
v 24.0726 -2.2280 -17.9857
v 5.1207 -0.6340 -17.3725
v 6.3638 -1.4758 -18.2638
v 13.6043 -1.8401 -16.0632
v 13.6468 -1.8401 -16.0632
v 18.1477 -1.6613 -16.4374
v 19.8422 -1.0532 -17.2767
v 22.2803 -0.7461 -17.2057
v 24.7594 -0.4108 -17.1809
v 26.2720 0.3277 -18.0429
v 4.6705 1.8787 -17.2857
v 8.5961 3.1111 -16.1072
v 9.8624 2.9025 -16.2768
v 11.4295 2.8448 -16.2857
v 16.0957 3.1263 -18.5264
v 16.1717 3.1263 -18.5264
v 20.4760 2.8155 -18.3362
v 21.2013 2.8155 -18.3362
v 25.4279 1.8787 -16.5669
v 26.3317 1.8787 -17.8169
v 5.3530 4.0438 -17.2857
v 7.6026 4.2934 -17.0786
v 9.6435 4.5613 -17.4319
v 11.6342 4.3787 -16.4773
v 16.0957 3.1328 -18.5264
v 16.1717 3.1328 -18.5264
v 20.6231 4.3787 -18.3695
v 21.1888 4.3787 -18.3695
v 25.9879 4.4704 -17.4680
v 26.9229 4.8175 -17.6878
v 28.9981 5.5116 -18.1274
v 10.3309 5.9283 -18.0413
v 12.4667 6.8609 -17.2668
v 13.8605 7.7935 -16.4924
v 18.6017 8.1186 -16.0534
v 19.8613 6.8819 -17.2835
v 21.1254 5.6453 -18.5136
v 26.1097 5.6319 -18.5326
v 27.2617 5.8504 -17.4967
v 29.7910 6.8210 -17.2523
v 31.3603 7.5732 -18.0439
v 13.4423 8.3090 -18.1591
v 14.3032 9.2369 -17.3097
v 18.6017 8.2558 -16.0534
v 18.6263 8.2558 -16.0534
v 30.6194 9.3787 -16.6584
v 31.3421 9.3787 -17.9084
v 13.2590 12.6979 -16.4395
v 14.2963 11.8702 -17.2780
v 23.3602 12.9611 -17.8876
v 24.5228 12.8998 -17.0886
v 26.6529 12.8386 -16.2897
v 30.5751 11.8787 -16.8095
v 31.2999 11.8787 -18.0595
v 13.3391 14.3787 -16.3526
v 14.0628 14.3787 -17.6026
v 23.2520 14.0520 -17.1439
v 24.3440 13.8559 -16.8592
v 26.6529 13.4636 -16.2897
v 30.5247 13.7095 -16.5788
v 31.8371 14.4772 -17.3615
v 11.0698 18.0505 -16.1320
v 12.5870 17.0383 -16.9266
v 13.9763 16.0261 -17.7211
v 23.1439 15.8863 -16.4003
v 23.9863 15.8863 -16.4003
v 33.1246 16.1130 -17.2857
v 34.1361 17.3630 -17.2857
v 11.0698 18.2533 -16.1320
v 12.4387 19.2639 -17.0925
v 14.8624 20.3450 -18.1094
v 17.2702 20.2375 -17.4843
v 19.9051 20.2184 -17.4587
v 22.5687 20.0896 -17.4587
v 24.8624 18.8736 -17.2857
v 27.3624 18.7036 -17.2857
v 29.8624 19.2433 -17.2857
v 32.3624 19.4621 -17.2857
v 34.1361 18.7956 -17.2857
v 13.3047 20.7937 -16.3863
v 14.8624 20.8651 -16.8594
v 16.3754 20.7790 -16.7834
v 20.7669 20.8353 -16.7407
v 21.8729 20.8353 -16.7407
v 3.4690 -9.5163 -13.8172
v 5.0703 -9.7099 -14.7046
v 6.6015 -9.6858 -14.7857
v -4.0093 -7.0115 -13.6775
v -2.6376 -7.1000 -13.7614
v -0.9096 -7.0360 -13.6948
v 3.0882 -8.0384 -14.7046
v 4.3756 -8.8165 -15.4838
v 7.9869 -8.0338 -14.5531
v 9.8624 -7.2514 -14.9948
v 12.3624 -7.1285 -15.2959
v 14.6926 -7.0889 -14.8178
v 16.4213 -7.1996 -14.0028
v -4.0093 -6.3544 -13.6775
v -2.4866 -5.5612 -13.7334
v -0.1008 -5.4076 -13.6637
v 2.4140 -5.3858 -14.6521
v 3.7238 -4.6731 -15.7428
v 8.5844 -6.8458 -13.5647
v 9.8624 -6.6317 -13.7448
v 12.3624 -6.0457 -14.0459
v 14.6926 -6.2156 -14.8178
v 16.6399 -5.5685 -14.8160
v -1.5525 -4.2384 -13.5644
v -0.2899 -3.2916 -14.0566
v 2.3624 -3.1213 -15.0795
v 3.7639 -3.1213 -15.6998
v 13.1990 -2.4924 -14.7857
v 13.8236 -2.4924 -14.7857
v 17.6757 -3.0123 -14.6978
v 19.8624 -2.1917 -13.9621
v 22.3624 -2.3397 -14.1969
v 24.8624 -2.2109 -14.0044
v 26.1277 -1.8917 -13.5772
v 0.4419 -1.3881 -14.3495
v 2.3624 -1.0788 -14.6549
v 4.0820 -0.5273 -14.9428
v 13.1990 -1.6412 -14.7857
v 13.8236 -1.6412 -14.7857
v 18.1477 -1.6613 -15.4726
v 19.8624 -1.2210 -15.2121
v 22.3624 -0.8371 -15.4469
v 24.9096 -0.5054 -14.6815
v 26.1277 -1.5281 -13.5772
v 4.7042 1.8787 -14.7857
v 8.4960 3.0783 -14.7857
v 9.6411 2.9181 -14.9114
v 11.4295 2.8448 -15.8286
v 25.5212 1.6843 -14.8470
v 26.4223 2.3881 -14.0545
v 5.4351 3.8754 -14.7857
v 7.2460 3.8754 -14.7857
v 10.3270 3.6607 -14.1619
v 11.6840 4.4479 -14.9114
v 25.8660 3.3201 -15.7212
v 26.9629 4.2435 -14.8470
v 12.8390 6.3815 -14.7857
v 14.0861 7.6315 -14.7857
v 18.6017 8.1186 -16.0233
v 18.6263 8.1186 -16.0233
v 28.0101 6.8928 -14.7993
v 28.9172 7.7356 -15.6416
v 12.9200 10.3461 -13.8959
v 14.2180 9.4591 -14.7518
v 18.6017 8.2558 -16.0233
v 18.6263 8.2558 -16.0233
v 23.5986 10.6128 -13.5651
v 23.6285 10.6128 -13.5651
v 28.1677 8.2716 -13.9750
v 29.9504 9.2766 -14.9173
v 31.3328 10.2817 -14.1929
v 12.5182 11.8702 -14.7518
v 13.9902 11.0312 -15.5626
v 23.5986 10.6473 -13.5651
v 24.5613 11.7977 -14.2626
v 27.4367 12.7221 -14.6807
v 29.9208 12.1820 -14.8185
v 31.3328 11.2886 -14.1929
v 12.5115 14.3787 -14.7857
v 20.8679 15.5024 -13.8612
v 22.3313 15.0694 -14.7310
v 24.7146 14.3554 -15.1944
v 27.4367 14.3296 -15.3463
v 29.7598 14.4772 -15.3934
v 31.5033 15.3761 -15.8180
v 11.0698 18.0505 -15.9602
v 12.6107 17.0016 -14.8822
v 14.0496 17.6194 -13.8041
v 20.7212 16.8787 -13.8113
v 22.3313 16.7833 -14.7663
v 24.8368 16.7833 -15.3529
v 27.3624 16.8787 -15.3719
v 30.0520 17.0404 -14.5670
v 32.3470 16.4219 -14.9051
v 34.4665 17.3555 -14.7857
v 11.0698 18.2533 -15.9602
v 12.4278 19.2035 -15.4670
v 14.8747 19.3346 -14.3437
v 17.2702 19.5908 -14.8671
v 20.0405 19.0603 -14.2680
v 22.6891 19.4016 -14.3985
v 24.8624 18.7440 -15.4043
v 27.3624 18.3319 -15.7899
v 30.0520 18.5666 -14.8544
v 32.3624 19.5806 -14.7857
v 34.4665 19.2204 -14.7857
v 13.3047 20.7937 -15.7283
v 14.8624 20.8651 -15.5944
v 16.3754 20.7790 -15.7546
v 20.6944 20.9415 -14.7857
v 22.2274 20.9415 -14.7857
v 3.4690 -9.5163 -13.1166
v 4.8624 -9.7706 -12.6818
v 6.7086 -9.7587 -12.8163
v -4.0093 -7.0115 -13.0513
v -2.7698 -7.2352 -12.2451
v -0.4219 -7.2210 -12.2857
v 2.6728 -8.2653 -12.2842
v 4.8624 -9.0332 -11.4318
v 7.6465 -8.3477 -12.3359
v 9.1645 -7.5981 -11.8555
v 13.1981 -7.0581 -11.5683
v 14.7513 -7.4236 -12.3553
v 16.8675 -7.4216 -12.2857
v -3.9768 -5.5369 -12.2343
v -3.4552 -5.5369 -12.2343
v 0.8281 -6.2725 -12.2857
v 1.2955 -6.2725 -12.2857
v 8.5844 -6.8458 -13.5222
v 9.9436 -6.5160 -12.5276
v 12.3638 -6.0473 -12.3553
v 13.8439 -6.0645 -13.2350
v 17.5192 -5.6213 -12.2857
v -3.9443 -4.2763 -11.4172
v -2.4866 -3.8781 -12.2646
v -0.9979 -2.5761 -12.2857
v 13.0692 -2.6910 -13.2302
v 13.8596 -2.6910 -13.2302
v 18.0141 -3.5745 -12.2857
v 19.8624 -2.6656 -12.2857
v 22.3624 -2.8792 -12.2857
v 25.0369 -2.4170 -12.4315
v 26.1277 -1.8917 -13.3621
v 0.2030 -0.5814 -12.2283
v 2.3624 0.1712 -12.9274
v 4.0603 0.3688 -13.2369
v 8.6052 0.6132 -11.0451
v 8.6296 0.6132 -11.0451
v 13.0692 -1.5957 -13.2302
v 13.8596 -1.5957 -13.2302
v 23.2838 0.3442 -11.3903
v 25.1798 -0.5919 -12.3762
v 26.1277 -1.5281 -13.3621
v 0.5342 1.8787 -11.5497
v 2.3624 1.8787 -12.3370
v 4.3331 1.8787 -13.0729
v 8.5393 1.8600 -12.2590
v 8.6449 1.8600 -12.2590
v 23.2838 1.4481 -11.3903
v 25.0688 1.1838 -12.2484
v 26.9243 1.9580 -12.2857
v 0.7102 3.6993 -11.4001
v 2.3624 4.1227 -11.6953
v 4.9202 4.1805 -12.3447
v 7.5290 4.1470 -12.4979
v 9.5912 4.5775 -12.4130
v 11.3693 5.3274 -13.0200
v 27.6857 4.3787 -12.2857
v 10.2373 6.8787 -11.8298
v 12.2665 6.9320 -12.9503
v 13.9959 7.8010 -13.1679
v 18.2665 7.6643 -11.4094
v 19.2073 7.6643 -11.4094
v 22.9475 7.4583 -11.4787
v 24.8624 7.4593 -11.7865
v 26.9548 6.9954 -12.3705
v 10.2736 9.3787 -12.1577
v 12.1969 9.4591 -13.2126
v 13.9959 8.6794 -13.1679
v 18.2665 8.6074 -11.4094
v 19.2073 8.6074 -11.4094
v 22.9779 9.6192 -12.3015
v 24.6221 9.6192 -12.8952
v 27.3456 9.2144 -12.6600
v 29.8624 9.8506 -12.5693
v 31.3328 10.2817 -13.0294
v 10.5704 11.0765 -11.7905
v 11.4425 11.8974 -12.4886
v 21.0559 13.0051 -11.0646
v 22.5828 11.8262 -12.1307
v 24.6883 11.7209 -13.1653
v 27.3624 11.5880 -12.6475
v 29.8624 11.7086 -12.5693
v 31.3328 11.2886 -13.0294
v 12.6626 14.4708 -12.3154
v 13.9111 15.3656 -11.5018
v 20.4675 14.5529 -12.0531
v 22.3624 14.2655 -12.6782
v 24.0814 13.9375 -13.1968
v 13.3199 16.7809 -12.3405
v 13.9804 16.7809 -12.3405
v 18.5087 17.7006 -11.5025
v 19.3351 16.8718 -12.3158
v 31.0118 17.9815 -13.4748
v 32.3624 17.6992 -13.2918
v 34.1698 17.7032 -13.2715
v 13.3529 18.7318 -11.5125
v 14.8747 19.1244 -12.3218
v 17.5502 18.7963 -12.3158
v 20.0346 19.0302 -13.2505
v 21.8386 19.8753 -13.3318
v 31.0118 18.2290 -13.4748
v 32.3624 18.7396 -13.2918
v 34.1698 18.8428 -13.2715
v 20.9006 20.8391 -13.3318
v 21.8386 20.8391 -13.3318
v -2.0662 -7.2360 -9.7857
v 0.0982 -7.2323 -9.9666
v 2.1674 -7.2573 -9.7651
v 4.6488 -8.0134 -9.5801
v 7.3624 -8.9250 -9.7857
v 9.5551 -7.9898 -9.7857
v 12.9637 -7.1099 -9.7857
v 14.9094 -7.3055 -9.6273
v 16.8103 -7.2768 -10.3550
v -3.9443 -4.7194 -10.4474
v -3.4122 -5.5802 -9.6827
v 1.0887 -6.8458 -10.9206
v 2.1674 -6.8247 -9.7651
v 3.6731 -6.8036 -8.6097
v 10.8051 -6.4413 -9.7857
v 11.7137 -6.4413 -9.7857
v 15.7740 -6.3259 -8.6883
v 16.9426 -5.5441 -9.6273
v -3.9443 -4.2763 -10.4474
v -2.8623 -3.1934 -9.7504
v -1.0308 -2.1106 -10.7200
v 8.0830 -2.2661 -8.9169
v 8.8667 -2.2661 -8.9169
v 17.8767 -3.9243 -9.7857
v 19.8624 -3.4267 -9.7857
v 22.3624 -3.0738 -9.7857
v 24.1908 -2.3214 -9.7857
v -1.8543 -0.6213 -9.1628
v -0.7715 -0.6213 -10.4128
v 3.5374 0.3410 -8.7175
v 4.8624 0.0064 -8.8553
v 7.5108 -0.4834 -9.6818
v 9.1810 -0.3806 -9.7644
v 20.9015 0.5227 -8.7442
v 22.4152 -0.0315 -9.6608
v 24.1908 -1.3671 -9.7857
v -1.5300 0.8738 -8.8542
v -0.5484 1.7758 -9.7268
v 3.5374 0.9930 -8.7175
v 4.7106 1.8473 -8.9824
v 7.6228 1.7682 -9.6503
v 9.1324 1.0880 -9.7857
v 16.0144 3.1205 -8.5390
v 16.1210 3.1205 -8.5390
v 20.9015 0.7676 -8.7442
v 22.4152 1.5215 -9.6608
v 24.8624 1.8852 -9.7857
v 27.1509 2.1233 -9.7857
v 0.5629 3.8363 -9.7857
v 2.3624 4.5141 -9.7857
v 4.7106 4.1111 -9.7267
v 7.4676 4.6783 -9.8801
v 8.8554 5.4943 -10.9062
v 16.0144 3.1350 -8.5390
v 17.2238 4.2087 -8.7328
v 19.0027 5.2823 -8.9266
v 27.8540 4.3787 -9.7857
v 8.2948 5.9473 -9.2395
v 9.3715 6.8198 -9.9580
v 18.1569 6.8501 -9.7702
v 19.5079 6.8501 -9.7702
v 22.7005 7.4753 -9.7857
v 24.8624 6.9513 -9.7857
v 26.8155 6.3547 -9.7857
v 10.1204 9.3787 -9.7857
v 18.2573 8.6539 -9.7857
v 19.4390 8.6539 -9.7857
v 22.6556 9.4199 -9.7875
v 23.7116 10.2808 -8.9554
v 10.4794 11.8974 -9.8256
v 11.4662 12.7432 -10.6855
v 20.7827 12.9698 -9.7857
v 22.3851 11.6079 -9.7875
v 23.7116 10.8060 -8.9554
v 10.7356 13.8921 -9.0189
v 12.3655 14.6289 -9.6632
v 14.8384 15.4584 -9.4443
v 17.3624 15.0509 -9.1249
v 19.3844 14.2129 -9.9798
v 13.3088 16.7426 -9.4931
v 14.5228 16.4079 -9.1891
v 17.4039 16.7195 -9.7618
v 18.6720 16.0339 -10.9426
v 13.3529 18.7318 -10.3452
v 14.7800 19.0210 -9.6214
v 16.7997 18.7917 -9.7857
v 5.6429 -12.3895 -6.3492
v 6.6685 -12.3895 -6.3492
v -4.5691 -9.8505 -6.7054
v -3.2054 -9.8505 -6.7054
v 0.4259 -9.9082 -6.5622
v 2.3624 -10.0260 -6.6340
v 4.8307 -10.5729 -6.7849
v 7.0778 -10.6213 -6.7688
v 15.2942 -9.8942 -6.5301
v 16.7522 -9.8942 -6.5301
v -6.5530 -7.2628 -6.1749
v -5.2965 -8.1062 -6.7915
v -2.4304 -8.0563 -7.4293
v -0.2995 -8.3625 -7.3516
v 2.3702 -7.9405 -7.9659
v 4.6488 -8.2838 -8.0484
v 7.5511 -9.1900 -7.4341
v 10.0353 -8.1635 -7.3688
v 12.3421 -7.8003 -7.3688
v 14.7885 -8.0094 -6.9619
v 16.7522 -8.6220 -6.5301
v -8.9800 -4.4472 -6.0780
v -7.5304 -5.3784 -6.1264
v -5.2868 -5.5343 -6.8325
v -3.4406 -5.6213 -8.1773
v 3.2087 -6.8036 -8.4549
v 3.6731 -6.8036 -8.4549
v 10.9839 -6.5706 -8.2576
v 11.4952 -6.5706 -8.2576
v 15.7152 -5.5441 -7.2878
v 16.3391 -4.6593 -8.1226
v -8.9800 -4.1604 -6.0780
v -7.8038 -3.4056 -6.3999
v -5.2868 -3.3391 -7.1960
v -3.5996 -3.1213 -8.2215
v 8.0830 -2.2661 -8.1801
v 8.8667 -2.2661 -8.1801
v 16.0547 -4.2161 -6.4559
v 17.3332 -3.3944 -7.1374
v 20.0489 -2.7511 -7.1056
v 22.1408 -2.4162 -7.4445
v 23.6761 -2.0146 -8.3838
v -7.3895 -0.6213 -6.9112
v -5.0032 -0.5049 -7.0419
v -2.5321 -0.4578 -7.3875
v -0.1376 0.2579 -6.5237
v 2.5674 0.2326 -7.1098
v 4.8624 -0.3346 -7.2857
v 7.2473 -0.6221 -7.2551
v 9.3103 -0.6213 -7.8648
v 18.1942 -0.6213 -6.3572
v 20.1207 -0.6535 -7.0834
v 22.1408 -1.3358 -7.4445
v 23.6761 -1.7479 -8.3838
v -7.0114 1.1505 -6.5170
v -5.7469 1.1505 -6.5170
v -1.5300 0.8738 -8.2295
v -0.0858 1.7758 -7.7550
v 2.5674 1.8473 -7.8884
v 3.7761 2.6597 -8.4518
v 8.0657 1.9888 -7.2123
v 9.2886 1.2289 -7.9966
v 13.5272 3.0184 -6.5683
v 14.8367 3.0694 -7.5501
v 17.2304 2.0148 -7.4399
v 20.0820 1.6716 -7.0936
v 22.3624 2.3802 -7.6160
v 24.8624 2.5109 -7.8249
v 26.7245 2.6085 -8.1179
v 0.7820 3.5015 -8.2506
v 2.3624 3.5201 -8.2590
v 3.7761 3.2778 -8.4518
v 8.0608 4.3787 -7.2857
v 13.5272 3.1980 -6.5683
v 14.8367 3.1665 -7.5501
v 17.2238 4.2087 -8.3293
v 19.9659 4.3898 -7.1497
v 22.3624 3.7914 -6.3660
v 24.6704 4.4377 -6.7772
v 26.8769 4.3787 -7.9850
v 8.0842 6.8198 -7.2590
v 9.3777 7.6139 -8.0746
v 18.0627 6.7885 -7.2903
v 19.8945 6.6959 -7.4217
v 22.2818 7.1804 -7.4443
v 24.6704 6.2737 -7.3458
v 26.5196 5.9856 -8.2192
v 7.9525 9.3787 -6.5885
v 9.7092 9.3787 -7.8385
v 17.9898 9.2616 -7.2987
v 19.9168 9.2616 -7.8439
v 22.2818 9.4199 -8.0063
v 23.7116 10.2808 -8.4113
v 8.2544 11.2295 -6.4005
v 9.4622 11.9892 -7.2546
v 15.7084 12.8249 -6.4983
v 17.3681 11.9464 -7.0206
v 19.8826 12.0757 -7.8796
v 22.3624 11.3204 -7.9882
v 23.7116 10.8060 -8.4113
v 10.2020 14.5868 -7.4812
v 11.5980 15.5588 -8.4448
v 15.2708 14.5822 -7.3132
v 17.3624 13.8009 -8.1881
v 19.0627 13.2690 -8.4429
v 10.5427 15.8913 -6.7781
v 12.4038 16.0265 -7.4812
v 14.7326 16.5616 -7.7730
v 16.2992 17.4051 -8.4229
v 15.5584 18.2996 -8.4229
v 16.2992 18.2996 -8.4229
v 5.2894 -12.6502 -4.7857
v 6.9591 -12.6502 -4.7857
v -6.5288 -9.5551 -4.0002
v -5.2965 -9.9931 -4.8144
v -3.0627 -10.0107 -4.7857
v 0.5029 -9.8432 -4.7857
v 2.3624 -10.2055 -4.7857
v 4.0394 -10.9837 -4.7857
v 8.2285 -10.6791 -4.9259
v 9.8624 -10.1985 -4.5574
v 12.3624 -10.3819 -4.6841
v 14.6215 -10.4477 -5.0272
v 17.0690 -10.1487 -4.7857
v -6.8593 -8.1062 -4.8144
v -6.2357 -8.9294 -5.6669
v -1.8127 -8.7571 -4.7857
v -0.7471 -8.7571 -4.7857
v 8.5102 -9.2836 -5.8527
v 9.8624 -9.1631 -5.8074
v 12.8478 -8.2145 -4.9866
v 14.4214 -7.7296 -5.1757
v 17.0386 -7.9217 -4.8836
v -9.5373 -4.8739 -4.7857
v -7.5727 -5.4892 -5.2726
v -6.2196 -4.6429 -5.9218
v 13.4949 -6.7958 -3.7234
v 14.9785 -6.1247 -4.8128
v 16.3901 -5.6213 -4.3798
v -9.8065 -3.2448 -4.8999
v -7.8038 -3.4056 -5.8656
v -6.2196 -4.3176 -5.9218
v 3.4433 -2.2125 -3.7057
v 3.9549 -2.2125 -3.7057
v 16.0547 -4.2161 -5.7479
v 16.6482 -3.2782 -4.8630
v 21.0066 -1.8956 -6.0206
v 21.1598 -1.8956 -6.0206
v -9.3999 -0.6213 -4.0405
v -8.6395 -0.6213 -5.2905
v -4.5188 0.4287 -4.7857
v -2.7975 0.2985 -4.6850
v -0.1376 0.2579 -5.4668
v 2.4897 -0.3909 -4.7837
v 4.8179 -0.7115 -4.6377
v 6.3721 0.3249 -4.7857
v 13.1039 0.0016 -4.0820
v 14.8624 -0.1871 -4.2167
v 16.9235 -0.6477 -4.7527
v 21.0066 -1.8296 -6.0206
v 21.1598 -1.8296 -6.0206
v -8.9055 0.6443 -3.6018
v -7.7619 0.9597 -4.5753
v -5.7688 1.0308 -4.7857
v -2.0708 0.8557 -3.7846
v -0.1376 1.2933 -4.2168
v 1.5361 1.2878 -4.1949
v 7.2730 1.8787 -4.7857
v 12.7671 2.0625 -4.8635
v 14.6403 2.0625 -5.1551
v 17.3159 1.8202 -4.6121
v 19.4394 2.4159 -4.7857
v 3.4251 5.3970 -3.7462
v 4.8624 5.0853 -3.8675
v 7.3086 4.3329 -4.6748
v 12.9371 3.3219 -4.7857
v 14.6403 3.5399 -4.6103
v 17.3760 4.5696 -3.6418
v 19.9970 4.5400 -4.7584
v 22.3624 5.0414 -5.8683
v 23.7091 5.3104 -5.9550
v 3.4251 6.1000 -3.7462
v 4.8624 6.3306 -3.8675
v 7.0026 6.9074 -4.6748
v 15.8967 7.7316 -3.7486
v 17.4514 6.8134 -4.5194
v 19.8624 5.9796 -5.3698
v 22.3624 5.8440 -5.8683
v 23.7091 5.7144 -5.9550
v 7.6093 9.3787 -4.7857
v 15.8967 8.2768 -3.7486
v 16.8076 9.2176 -4.6634
v 8.3409 11.0839 -4.7857
v 9.7700 12.0022 -4.8153
v 11.5842 12.3109 -4.0017
v 15.6007 12.7488 -4.7857
v 16.7336 11.4988 -4.7857
v 10.2571 14.3787 -5.4951
v 12.3955 14.3605 -4.4327
v 14.3118 14.3605 -4.8652
v 10.5427 15.8913 -5.6822
v 12.3624 15.9405 -5.5574
v 13.7938 15.7818 -5.7515
v 3.3105 -12.0183 -1.4171
v 4.7357 -12.4933 -2.2646
v 7.4561 -12.6921 -2.3971
v 9.8624 -12.6499 -1.9601
v 12.3624 -12.3636 -1.8223
v 13.6854 -11.9679 -1.4543
v -6.5288 -9.5551 -2.8120
v -5.1376 -9.7892 -2.4687
v -3.4699 -9.7446 -2.8368
v 0.9862 -9.4636 -3.3762
v 2.5026 -10.3243 -2.3967
v 3.8179 -11.1851 -3.0838
v 8.3519 -11.5509 -3.3048
v 9.8624 -11.4485 -3.2101
v 12.3624 -11.6319 -3.0723
v 14.6562 -10.8402 -2.1857
v 16.7481 -9.8850 -2.9172
v -7.2362 -8.3490 -2.1015
v -5.1376 -9.2216 -1.2187
v -2.5010 -8.2046 -2.0213
v -0.1437 -8.1122 -2.2910
v 1.6947 -9.0241 -1.7095
v 13.0906 -7.3134 -2.2857
v 14.7085 -7.9994 -2.2146
v 16.7904 -8.1213 -2.8040
v -10.0293 -5.4164 -2.2857
v -8.5925 -6.6664 -2.2857
v -1.5320 -6.6477 -1.2059
v -1.2735 -6.6477 -1.2059
v 6.0424 -4.4299 -1.0853
v 6.1538 -4.4299 -1.0853
v 13.0906 -6.5039 -2.2857
v 14.7191 -6.3697 -2.3214
v 16.4851 -5.6637 -2.3214
v -10.5431 -3.1213 -2.2857
v 3.4433 -2.2125 -3.3176
v 4.9987 -3.2791 -2.2015
v 6.1538 -4.3456 -1.0853
v 16.8578 -3.1213 -2.2857
v -9.3094 -0.8653 -2.5230
v -8.1852 -0.1946 -1.8479
v -4.5366 0.5848 -3.5055
v -3.7375 0.5848 -3.5055
v 2.9648 -0.6521 -2.4049
v 4.9807 -0.4948 -2.4694
v 6.1596 0.5164 -3.2878
v 13.1039 0.0016 -2.9162
v 14.7732 -0.2573 -2.1640
v 16.5932 -1.2585 -2.2857
v -8.9055 0.6443 -3.5145
v -7.4406 1.4770 -2.4664
v -5.2770 1.6373 -2.9509
v -2.8473 1.6393 -2.4403
v -0.1376 1.6758 -2.2857
v 1.6797 1.4098 -2.2857
v 6.0064 0.8747 -1.6211
v 6.5970 1.7763 -2.3870
v 12.6197 1.8787 -2.5728
v 14.1322 1.8787 -1.3228
v 17.9586 2.7313 -3.1697
v 19.0650 2.7313 -3.1697
v -6.6959 3.4556 -1.4184
v -5.1376 3.5200 -1.5774
v -3.6239 3.3234 -1.3752
v 3.4510 5.4261 -2.2857
v 4.8624 4.5669 -2.2857
v 6.6827 3.5195 -2.2857
v 12.7973 3.3169 -2.8713
v 14.8674 3.5463 -2.1371
v 17.3424 4.3981 -2.6646
v 19.0650 3.9161 -3.1697
v 3.4510 6.0463 -2.2857
v 4.8624 7.0027 -2.2857
v 7.3402 7.7767 -2.2244
v 8.7406 7.9335 -1.3502
v 15.6989 7.5976 -2.2857
v 16.8802 6.3476 -2.2857
v 8.2692 9.3787 -3.1430
v 9.6893 9.5272 -2.2038
v 11.5916 10.4595 -1.8395
v 15.6989 8.4944 -2.2857
v 16.6337 9.7444 -2.2857
v 8.6084 10.6348 -3.5309
v 9.8624 10.6449 -3.5099
v 12.4212 11.6939 -2.3960
v 14.9454 12.5719 -2.1859
v 16.6337 11.4715 -2.2857
v 13.2509 13.5151 -2.9526
v 14.1674 13.5151 -2.9526
v 1.1034 -14.3754 1.4555
v 1.1203 -14.3754 1.4555
v -14.3445 -12.2708 1.1110
v -13.3181 -12.2708 1.1110
v 0.6193 -13.1213 0.9786
v 2.2154 -12.8561 0.3072
v 4.8624 -12.5212 0.2143
v 7.3624 -12.8465 0.2143
v 9.8624 -13.0466 0.2143
v 12.3720 -12.4275 0.0690
v 13.6854 -11.9679 -0.8613
v -14.4717 -10.6213 1.0593
v -12.8796 -10.6213 1.0593
v -7.1992 -10.1882 0.6671
v -5.1376 -10.4780 0.3310
v -3.4821 -10.0300 0.7505
v 0.4246 -10.6213 0.7137
v 1.9477 -10.6213 -0.5363
v 12.9486 -10.6213 0.5410
v 13.9280 -10.6213 -0.7090
v -14.2095 -8.8740 1.2776
v -13.1131 -8.8740 1.2776
v -9.6753 -7.6788 0.6768
v -8.0235 -8.5064 -0.1614
v -5.1376 -9.2216 -0.9190
v -2.5071 -8.1986 -0.0664
v -0.2148 -8.1061 0.1096
v 1.6947 -9.0241 -0.5643
v 12.7779 -8.1946 0.1210
v 13.9602 -9.0768 -0.7745
v -11.6757 -5.1269 0.8112
v -10.4889 -5.9821 -0.0893
v -8.8478 -6.8373 -0.9899
v -1.5320 -6.6477 -0.8832
v -1.2735 -6.6477 -0.8832
v 6.0424 -4.4299 -0.9325
v 6.1538 -4.4299 -0.9325
v 12.9857 -5.6227 0.3415
v 14.8624 -5.0509 -0.3609
v 16.3632 -4.8586 -0.7646
v -11.9020 -3.1213 0.6316
v -10.7137 -3.1213 -0.6184
v -2.1175 -2.2273 0.7168
v -0.1376 -2.3444 0.7031
v 2.3624 -2.2813 1.0494
v 4.9613 -3.2444 0.1230
v 6.1538 -4.3456 -0.9325
v 13.0179 -3.1213 0.7179
v 14.8624 -3.1213 -0.0642
v 16.5992 -3.1213 -0.5678
v -11.7854 -1.2791 1.0071
v -9.8995 -1.2875 0.1900
v -7.4662 -0.3025 0.1640
v -5.8899 0.3626 0.9638
v -2.4388 -0.6213 0.3569
v -0.1376 -0.6213 -0.1800
v 2.7256 -0.2878 0.4031
v 4.1099 -0.5932 0.4073
v 12.8614 -0.6213 0.5632
v 14.7732 -0.6047 -0.5450
v 16.5107 -1.4269 -0.6830
v -6.7171 1.8787 -0.3106
v -5.0890 1.8139 0.7807
v -2.8416 1.6802 0.0467
v -0.1376 1.0112 -0.6688
v 2.5932 1.5069 0.4820
v 5.0488 1.7763 0.0009
v 6.4334 2.5414 -0.7978
v 13.3040 1.8787 0.8310
v 14.1322 1.8787 -0.4190
v -6.6959 3.4556 -0.4018
v -5.1376 3.5200 -0.2648
v -3.6239 3.3234 -0.6418
v 3.5918 4.3733 0.2405
v 4.8624 4.3657 0.2657
v 6.4618 4.3668 0.2567
v 13.2019 4.3787 0.9727
v 14.8674 4.1767 -0.1989
v 16.4552 4.8754 -0.6523
v 3.5846 5.7142 -0.9680
v 4.8624 6.3008 -0.4747
v 7.4323 7.1864 0.3459
v 8.7406 7.9335 -0.6194
v 13.1846 6.8787 1.2152
v 14.9110 6.9420 -0.0050
v 16.4552 6.1509 -0.6523
v 8.3743 8.6101 1.0473
v 9.5854 9.5348 0.1298
v 12.5904 9.8419 0.2332
v 14.9110 9.3324 -0.2166
v 16.4054 10.1349 -0.7164
v 10.4407 11.8787 0.9185
v 12.3544 11.5350 0.2192
v 14.8624 11.3347 -0.5544
v 16.4054 11.1218 -0.7164
v 10.8990 13.2333 1.3217
v 11.3075 13.2333 1.3217
v 1.1034 -14.3754 1.4723
v 1.1203 -14.3754 1.4723
v -14.4164 -12.2944 2.7143
v -13.2763 -12.2944 2.7143
v 0.4159 -13.0701 2.4691
v 2.2091 -12.9483 2.4555
v 4.8624 -12.1340 2.2416
v 7.3624 -12.2108 2.2467
v 9.8624 -12.2680 2.1347
v 11.5450 -12.1419 2.0435
v -15.1085 -10.6213 2.7143
v -11.9338 -10.4555 2.5619
v -11.2713 -9.5117 3.2935
v -7.1992 -10.1882 2.1374
v -5.1797 -10.3732 2.8682
v -2.6443 -10.0331 2.8815
v -0.7398 -10.5214 2.8815
v 3.2979 -11.4886 3.4386
v 4.8624 -11.2663 3.4916
v 7.3624 -11.2074 3.4967
v 9.8624 -11.4129 3.3847
v 11.8795 -10.7814 2.8119
v -14.7047 -8.0729 2.5873
v -12.4229 -8.0729 1.7123
v -10.4733 -8.3401 2.4018
v -7.8746 -8.8691 2.8682
v -6.0410 -8.9302 3.8041
v -1.8155 -8.8549 2.1596
v -0.8228 -8.8549 2.1596
v 12.4986 -8.1213 2.7143
v -14.3358 -5.6213 3.3294
v -12.5604 -5.8247 1.9838
v -11.3420 -6.7936 1.5101
v 12.7971 -5.6213 2.7143
v -14.0463 -3.6735 3.7461
v -13.2697 -2.9526 2.8334
v -2.0987 -2.6475 2.7143
v -0.1376 -3.1408 2.7143
v 2.3614 -2.4290 2.6697
v 3.8801 -2.1431 1.8066
v 12.5174 -3.1213 2.7143
v -12.2742 -0.9770 2.7143
v -10.1376 -0.3997 2.7143
v -7.6376 -0.6863 2.7143
v -5.0890 -0.1570 2.5604
v -3.3595 -0.6432 2.5604
v 2.8378 -0.5568 2.6697
v 3.8801 -1.3471 1.8066
v 12.1608 -0.6213 2.7143
v -4.2232 0.9374 1.6245
v -3.7260 0.9374 1.6245
v 2.6997 1.8787 2.7143
v 12.6867 1.8787 2.7143
v 3.3542 3.4362 2.7143
v 4.9583 4.7521 2.7171
v 7.2504 5.3577 2.6423
v 9.8624 5.2268 3.1429
v 12.1211 4.5098 2.6463
v 5.8555 5.7155 3.5523
v 7.3429 6.3801 2.6125
v 9.9410 6.9200 3.0010
v 11.8653 6.9200 2.6463
v 8.3743 8.6101 1.7874
v 9.1561 9.4176 2.6582
v 12.4784 9.3787 2.7143
v 10.1994 11.9878 2.7182
v 11.7796 11.9878 2.7182
v 10.8990 13.2333 1.8874
v 11.3075 13.2333 1.8874
v -14.1358 -12.0360 4.5789
v -13.6419 -12.0360 4.5789
v 0.6092 -12.2027 4.2706
v 1.6312 -12.2027 4.2706
v -16.6213 -10.1815 5.9575
v -15.1455 -10.9799 5.2682
v -12.6305 -10.6450 5.2332
v -10.2955 -9.5481 5.2252
v -7.6376 -9.5673 6.1128
v -5.2952 -9.4925 5.2987
v -2.6376 -9.7045 4.6797
v -0.1895 -10.5214 4.5319
v 2.4237 -10.6417 4.3665
v 4.8624 -10.0163 4.2004
v 7.3624 -9.9574 4.2975
v 9.8624 -10.1629 4.5978
v 11.6093 -10.0547 4.4038
v -16.6284 -8.1213 5.9822
v -15.9175 -8.1213 4.7322
v -11.6190 -9.1627 5.8875
v -10.2955 -9.0821 5.2252
v -7.6376 -8.7630 4.8628
v -5.2490 -8.4680 5.2322
v -2.7936 -8.3327 5.7104
v -0.0474 -8.3327 5.6455
v 2.3624 -8.1213 4.9612
v 4.8624 -8.1213 4.8762
v 7.3624 -8.1213 5.1202
v 9.8624 -8.1213 5.5519
v 11.8580 -8.1213 4.7490
v -16.4569 -5.6213 6.3599
v -15.5858 -5.6213 5.1099
v -4.2490 -6.7237 5.9206
v -2.7129 -5.7083 5.8117
v -0.0474 -5.5643 5.5227
v 2.3624 -5.6213 5.4087
v 4.8624 -5.6213 5.6289
v 7.1903 -5.7486 6.0550
v 9.8624 -6.5986 6.1684
v 12.1150 -5.7759 5.3284
v -16.4635 -3.1213 6.3939
v -14.9828 -2.9526 5.0042
v -13.8386 -2.0069 4.1247
v -2.0718 -3.2787 5.0074
v -0.1376 -3.9177 4.2906
v 2.3614 -3.1010 4.9119
v 4.6755 -3.3071 6.1265
v 6.2422 -4.2643 6.3519
v 11.0600 -1.8985 6.4310
v 12.0871 -2.8877 5.4443
v -16.4838 -1.7700 6.3738
v -15.1376 -1.6726 5.8917
v -12.8582 -1.3328 5.0606
v -10.1376 -0.8076 5.2143
v -7.6376 -1.1413 5.2143
v -5.1376 -1.2741 5.2143
v -3.2623 -1.4910 5.2143
v 2.7921 -0.6213 4.9371
v 4.1965 -0.6213 6.1871
v 10.8926 -0.6213 6.2358
v 11.6619 -0.6213 4.9858
v 2.8578 1.8787 4.7226
v 5.0166 1.6832 5.9181
v 7.3624 2.1763 5.9641
v 10.0992 1.8590 6.1226
v 11.6822 1.9214 5.3015
v 3.2816 3.5111 4.2969
v 4.9583 4.3581 4.6038
v 7.2513 4.4261 4.6570
v 10.0409 3.8509 5.2171
v 11.6133 3.6597 5.2143
v 5.8555 5.7155 4.1190
v 6.3439 5.7155 4.1190
v 10.8267 7.7809 4.0842
v 11.2709 7.7809 4.0842
v 10.4286 9.3787 4.2620
v 11.5013 9.3787 4.2620
v 10.4864 11.2273 4.2413
v 11.4724 11.2273 4.2413
v -16.6511 -10.0956 7.7143
v -15.1376 -11.0320 7.7143
v -12.5264 -10.1645 7.8384
v -10.1468 -9.8385 7.8384
v -7.4355 -9.8234 7.7175
v -6.2160 -9.4195 6.8863
v -17.0927 -8.1213 7.7143
v -11.6190 -9.1627 7.0878
v -10.9863 -9.1627 7.0878
v -6.4674 -8.9881 8.5529
v -5.9572 -8.1414 7.7175
v -2.0642 -7.6403 6.9588
v -0.8206 -7.6403 6.9588
v -21.7112 -5.1023 8.6017
v -20.1376 -5.2006 8.4749
v -17.7438 -5.5961 7.7903
v -8.9938 -4.5115 8.8060
v -7.6376 -5.0201 8.3974
v -5.2814 -5.9099 7.7344
v -2.7129 -5.7083 7.0304
v -0.8206 -6.3596 6.9588
v 5.7962 -4.4811 8.4427
v 7.1471 -4.7406 7.7085
v 9.9591 -5.3002 7.7703
v 11.6929 -5.0608 7.7143
v -21.7112 -3.7055 8.6017
v -20.1376 -3.4635 8.4749
v -17.6870 -3.0445 7.7903
v -8.9938 -4.2660 8.8060
v -7.5805 -3.3081 8.0658
v -5.1376 -3.1213 7.2902
v -3.3291 -3.1213 7.0446
v 3.4775 -2.2066 8.4202
v 4.7569 -3.2355 7.5981
v 7.1471 -3.9016 7.7085
v 9.9092 -2.8896 8.1115
v 11.6929 -3.6527 7.7143
v -16.7582 -1.4448 7.7143
v -15.1376 -0.8121 7.7143
v -12.8097 -0.2850 7.6039
v -10.1376 -0.3070 7.1976
v -7.7691 -0.8723 7.7160
v -5.1376 -1.7415 6.6351
v -3.6689 -1.7444 6.6004
v 3.4775 -1.2945 8.4202
v 4.8351 -0.3959 7.5371
v 7.3624 -0.0904 8.0720
v 9.4368 -0.8710 7.6367
v -12.0911 1.1094 8.3635
v -10.1376 1.0220 8.4476
v -8.8291 0.6724 8.8761
v 5.9527 0.7195 6.6540
v 7.3624 0.9263 6.8221
v 10.0992 1.8590 6.6359
v 11.2184 2.7832 6.5202
v 10.9933 3.2016 6.5202
v 11.2184 3.2016 6.5202
v -16.5053 -9.5269 9.6093
v -15.1376 -9.8692 9.7591
v -12.6376 -9.8075 9.3203
v -10.1376 -9.7954 9.3202
v -8.1341 -9.8634 9.3789
v -21.8520 -7.1834 10.7281
v -20.7396 -7.1834 10.7281
v -17.1693 -8.3411 10.3513
v -15.1376 -8.8706 11.0091
v -12.6738 -8.0010 10.5814
v -10.1376 -8.1213 10.0079
v -7.4355 -8.1414 9.4640
v -6.3138 -7.3215 9.0194
v -22.1106 -5.8099 10.0226
v -19.9988 -6.4369 10.0226
v -18.5264 -6.4051 10.2143
v -11.8646 -6.1560 11.1848
v -10.1742 -5.3338 10.2561
v -7.6376 -6.2701 9.2779
v -6.3138 -6.7628 9.0194
v 5.7962 -4.4811 9.2019
v 6.3853 -4.4811 9.2019
v 10.8569 -4.6164 9.0637
v 11.2614 -4.6164 9.0637
v -21.9430 -3.4830 10.2143
v -20.1640 -2.3338 10.1481
v -18.4522 -2.1600 9.2706
v -11.7059 -2.5705 11.2994
v -10.1742 -3.4182 10.4312
v -8.3757 -2.5993 9.5630
v 3.4775 -2.2066 9.1647
v 4.9227 -3.0725 9.6016
v 7.2762 -2.8719 9.4816
v 9.7349 -3.0457 9.0142
v 11.2614 -4.2193 9.0637
v -19.3483 -1.3715 10.9373
v -17.7139 -0.5544 10.0368
v -15.1171 0.0233 10.0675
v -12.7318 -0.5261 10.4819
v -10.1376 -0.6213 10.4932
v -8.4598 -0.6213 9.4668
v 3.4775 -1.2945 9.1647
v 4.8624 -0.9082 9.5828
v 7.3624 -1.3404 9.4327
v 8.6129 -1.8708 8.9646
v -16.9757 0.9434 10.8029
v -15.9368 0.9434 10.8029
v -12.0911 1.1094 9.6645
v -10.1376 1.0220 9.5429
v -8.8291 0.6724 9.0356
v -16.4818 -11.9340 13.7622
v -16.2110 -11.9340 13.7622
v -19.0180 -9.5254 13.7594
v -17.4441 -10.4638 13.2420
v -15.2816 -10.5885 13.1766
v -13.6960 -9.7333 13.6504
v -24.4388 -7.3380 13.4327
v -22.5240 -7.2607 12.7723
v -20.0243 -7.7194 12.7953
v -17.7979 -8.3411 11.9611
v -14.6380 -8.0689 12.6884
v -13.6137 -7.8770 12.8742
v -24.3995 -5.6213 13.4308
v -22.5404 -6.0991 12.8656
v -20.1486 -6.7222 12.7030
v -18.7381 -6.7083 11.6273
v -13.9719 -6.7853 13.7646
v -12.6738 -6.0998 12.8445
v -11.1937 -4.7214 12.7143
v -23.9959 -3.1213 13.8163
v -22.6378 -3.0601 12.5064
v -21.0150 -2.1860 11.7318
v -14.1065 -2.0921 13.6758
v -12.5786 -2.6586 12.7912
v -11.1937 -3.9399 12.7143
v -23.9007 -1.8267 13.9467
v -22.6950 -0.8445 13.3659
v -20.0840 -0.4633 12.6412
v -17.7404 0.1326 12.7926
v -15.0216 -0.6043 12.8436
v -13.3726 -1.5276 12.0091
v -21.9000 0.9904 13.5505
v -20.8197 0.9904 13.5505
v -16.9757 0.9434 12.0115
v -15.9368 0.9434 12.0115
v -16.4818 -11.9340 14.0540
v -16.2110 -11.9340 14.0540
v -29.4328 -9.6029 16.2890
v -28.4010 -9.6029 16.2890
v -24.3496 -9.5177 16.2102
v -23.6069 -9.5177 16.2102
v -19.0180 -9.5254 14.1914
v -17.4441 -10.4638 14.5775
v -15.2816 -10.5885 14.7457
v -13.6960 -9.7333 14.4716
v -29.4328 -8.9476 16.2890
v -28.4010 -8.9476 16.2890
v -24.9167 -8.1513 15.3119
v -22.5681 -8.0525 15.2722
v -20.1211 -7.9944 15.0961
v -17.6376 -8.7361 15.9136
v -15.0388 -8.0035 15.4040
v -13.6960 -8.6666 14.4716
v -25.3231 -5.6213 15.2143
v -21.5293 -6.7360 14.3341
v -21.2242 -6.7360 14.3341
v -14.5530 -5.8197 15.2861
v -12.6376 -5.1934 14.7271
v -11.1619 -4.7202 14.4451
v -24.8261 -3.1213 15.2143
v -14.2337 -3.1073 15.1561
v -12.6376 -3.1086 15.2028
v -11.1680 -3.1184 15.2572
v -24.3303 -1.5644 15.2143
v -22.6950 -0.1740 15.3835
v -20.0469 0.1883 15.3835
v -17.6376 -0.2827 15.2143
v -15.0189 -0.7495 15.0727
v -12.7308 -0.4126 15.7763
v -11.1583 -0.6213 16.0939
v -21.9000 0.9904 14.6629
v -20.8197 0.9904 14.6629
v -11.9596 0.7056 16.3655
v -11.2954 0.7056 16.3655
v -29.8274 -9.8617 17.7143
v -27.5957 -9.8572 17.6931
v -25.2145 -9.5225 17.6472
v -23.6069 -9.5177 16.7821
v -29.8541 -8.1171 17.6911
v -27.5957 -8.1171 17.0031
v -25.3258 -8.4500 17.5376
v -22.7192 -8.4831 17.6550
v -20.1376 -8.1509 17.7143
v -17.6376 -8.2464 17.7143
v -16.0745 -7.4688 17.7143
v -29.2453 -6.4862 18.5090
v -27.6147 -5.6402 18.0502
v -26.0612 -5.6213 16.9132
v -18.9042 -4.3854 18.9518
v -17.6376 -4.6589 18.6617
v -15.9211 -5.5930 17.7297
v -27.1755 -3.1213 18.1860
v -25.9678 -3.1213 16.9360
v -18.9042 -4.3468 18.9518
v -17.6376 -4.0619 18.6617
v -15.1715 -3.6886 17.7297
v -12.5330 -2.6826 17.8211
v -11.1741 -2.3066 17.0590
v -27.0596 -1.4298 18.3000
v -25.2339 -0.9320 17.5657
v -22.8496 0.2548 17.5979
v -20.2471 -0.0554 17.5979
v -17.6376 -0.8206 17.7143
v -15.1376 -0.4252 17.7143
v -12.6281 -0.4710 17.7297
v -11.1583 -0.6213 17.1124
v -22.1577 0.8291 18.3536
v -21.1535 0.8291 18.3536
v -11.9596 0.7056 16.7337
v -11.2954 0.7056 16.7337
v -29.7387 -9.8744 20.2143
v -27.6376 -10.0383 20.2143
v -26.0618 -9.5353 20.2143
v -21.5749 -9.4885 21.1593
v -20.1376 -9.6412 20.7715
v -18.5532 -9.6139 20.8456
v -30.3360 -8.1213 20.2143
v -24.8118 -8.3954 20.2143
v -22.5000 -8.3548 20.2813
v -20.1376 -8.9662 19.5215
v -17.5551 -8.2115 20.2191
v -16.2520 -7.1988 19.5925
v -31.8978 -4.8403 21.1360
v -30.1192 -5.6632 20.3879
v -28.4327 -4.8195 19.6399
v -18.9042 -4.3854 19.1578
v -17.7063 -5.3964 20.2085
v -16.2520 -6.4074 19.5925
v -33.9566 -2.0660 21.3841
v -32.6937 -2.9881 21.0873
v -30.1376 -3.1213 20.8065
v -28.4255 -3.1213 19.9675
v -19.0930 -3.5043 20.0411
v -18.1596 -3.4618 19.9409
v -15.1376 -2.4545 19.1922
v -13.2966 -2.2036 19.1431
v -33.9566 -1.7720 21.3841
v -32.6376 -1.5952 21.2393
v -30.1376 -1.6458 21.1710
v -27.7908 -1.3749 20.3616
v -25.1376 -0.1738 20.2143
v -23.6064 0.4796 20.2143
v -19.8122 -0.7254 20.1403
v -17.6376 -1.5292 19.2782
v -15.1376 -1.4346 19.1922
v -13.2966 -1.5018 19.1431
v -22.3564 0.9380 20.2143
v -20.9977 0.9380 20.2143
v -29.3145 -9.6198 21.7764
v -27.6376 -9.6047 21.7936
v -26.2614 -9.4340 21.5912
v -21.5749 -9.4885 21.6066
v -20.1376 -9.6412 21.7898
v -18.5532 -9.6139 21.7560
v -29.5368 -8.1213 22.0213
v -27.6084 -8.0693 22.9861
v -25.1544 -7.8772 22.4057
v -22.5000 -7.8804 21.7466
v -20.1376 -8.1213 22.1394
v -18.1388 -8.1213 21.8535
v -32.0552 -4.9618 22.7143
v -30.1508 -6.0672 22.7226
v -28.4222 -6.4105 23.5615
v -24.0474 -6.7789 23.2202
v -22.4169 -5.8159 23.1377
v -20.1376 -5.6213 22.4285
v -18.3656 -5.6213 21.6537
v -33.9566 -2.0660 21.9650
v -33.3674 -2.9881 22.7647
v -21.8316 -3.1213 23.7135
v -20.1241 -3.3455 22.2788
v -18.8556 -4.3283 21.4896
v -33.9566 -1.7720 21.9650
v -32.8333 -1.4162 22.7647
v -30.1376 -1.1000 22.7143
v -27.7080 -0.4375 22.7179
v -24.9037 0.2192 22.7179
v -22.7533 -0.3062 22.6935
v -20.8439 -0.6213 22.0581
v -27.2126 1.8787 23.4392
v -25.5184 1.8787 23.4392
v -21.9092 0.8407 21.7179
v -21.1018 0.8407 21.7179
v -26.9535 3.3927 23.6748
v -26.0351 3.3927 23.6748
v -26.7556 -7.2013 24.7384
v -25.7141 -7.2013 24.7384
v -31.7676 -4.6896 24.7831
v -30.3839 -5.1347 25.4556
v -27.6084 -6.3713 25.4288
v -24.9835 -6.5396 25.4288
v -22.9631 -5.2973 25.2143
v -32.2298 -3.1213 25.0367
v -31.1894 -3.1213 26.2867
v -22.5931 -3.1213 25.2143
v -32.1305 -1.4808 24.5754
v -30.2327 -1.0103 25.3310
v -28.5682 0.1621 25.2143
v -23.9144 0.5504 24.2810
v -23.5790 -0.4183 25.1543
v -27.9057 1.8787 25.2143
v -24.4169 1.7246 25.1543
v -23.8666 0.7886 25.9477
v -26.9751 3.4122 25.2143
v -25.7791 3.4122 25.2143
v -36.7811 -7.0144 28.8517
v -36.2137 -7.0144 28.8517
v -29.0895 -6.9709 28.7167
v -27.6376 -7.0636 28.2179
v -26.2212 -7.0282 28.2167
v -36.7811 -6.3774 28.8517
v -36.2137 -6.3774 28.8517
v -31.7153 -4.5915 28.1603
v -30.2355 -5.6055 27.6052
v -27.6376 -6.5919 26.9679
v -25.1918 -5.8078 27.6510
v -23.4395 -4.8651 27.0852
v -31.7153 -4.0674 28.1603
v -30.4221 -3.0830 27.6504
v -27.6376 -2.2716 28.7125
v -25.0525 -3.0552 28.4544
v -23.3992 -3.1213 27.2110
v -29.4628 -1.1640 27.1405
v -27.8116 -0.4469 27.5218
v -25.1376 -0.6213 27.5892
v -23.7195 -0.6213 26.7746
v -27.0807 1.8787 26.9277
v -25.1123 1.7246 26.8584
v -23.8666 0.7886 26.5033
v -26.6051 3.2427 26.6505
v -25.9288 3.2427 26.6505
v -37.3047 -7.4879 30.2143
v -35.2833 -7.3896 30.4476
v -32.6376 -7.1103 31.1369
v -30.0088 -7.0994 30.2191
v -27.6376 -7.1366 30.2143
v -26.1869 -7.0592 30.2143
v -38.9021 -5.1010 31.4244
v -37.8323 -5.7392 30.2966
v -35.2833 -5.5750 29.8332
v -32.5842 -5.5034 29.9652
v -30.7562 -6.2582 29.3890
v -25.6601 -5.6213 30.2143
v -38.9021 -4.3510 31.4244
v -37.4580 -3.3591 30.9983
v -35.1376 -3.1213 30.0998
v -32.5842 -3.1890 29.5765
v -30.1376 -2.4389 29.3889
v -27.6376 -2.2716 29.3262
v -25.8687 -3.0552 30.1759
v -36.5075 -0.6213 31.3506
v -35.1376 -0.6213 30.4434
v -32.4368 -0.4903 30.5003
v -30.1376 -1.1182 30.6389
v -27.6376 -1.4492 30.5762
v -26.2252 -1.6776 30.9836
v -36.4300 0.6800 31.4207
v -35.1376 1.0599 31.0400
v -33.1363 1.1523 30.9421
v -39.0660 -12.2220 33.8580
v -37.6376 -12.5660 33.7580
v -36.0869 -12.4469 33.7956
v -39.0660 -11.6427 33.8580
v -37.6468 -10.7342 33.4092
v -35.2072 -10.6180 33.2424
v -33.4006 -9.7824 33.5799
v -37.4547 -8.2788 32.5743
v -35.1376 -8.6619 31.9384
v -32.5954 -8.4585 32.7337
v -30.1376 -8.0446 32.7143
v -27.5730 -7.3039 32.5968
v -26.2864 -6.9649 31.6851
v -38.9204 -4.9926 32.7143
v -38.6475 -6.2426 32.7143
v -33.9583 -4.3991 33.8642
v -33.8383 -4.3991 33.8642
v -28.9186 -4.3943 33.9180
v -27.5730 -5.3851 33.1812
v -26.2038 -5.6213 31.7702
v -38.9204 -4.3206 32.7143
v -37.9905 -3.0706 32.7143
v -33.9583 -4.2786 33.8642
v -32.7730 -3.1744 33.7584
v -30.0493 -3.2044 33.7853
v -27.6630 -3.3517 33.2051
v -26.1579 -3.1213 31.8000
v -36.9221 -0.6213 32.7143
v -31.9821 -0.4903 32.7773
v -30.2631 -1.0775 32.7773
v -27.6630 -1.3423 32.6207
v -26.2252 -1.6776 31.7249
v -36.5691 0.8372 32.7143
v -35.1376 1.4042 32.7143
v -33.1405 1.1957 32.7143
v -38.9685 -14.4271 36.2658
v -37.6376 -14.5776 35.8338
v -36.1083 -14.5905 35.8221
v -48.9056 -12.3018 36.4448
v -47.6376 -12.6572 36.4286
v -46.3499 -12.4887 36.4362
v -39.3598 -13.0817 35.3452
v -37.6376 -13.8160 34.5838
v -35.6103 -13.2167 35.0790
v -48.9056 -11.8528 36.4448
v -47.6376 -11.8375 36.4286
v -46.3499 -11.8447 36.4362
v -39.5640 -10.7342 35.3034
v -38.4862 -9.9760 34.5295
v -34.3754 -11.4536 35.2143
v -32.5954 -10.1832 35.1643
v -30.8248 -9.6147 35.9643
v -39.3089 -9.0697 36.1961
v -37.6956 -7.9720 35.4941
v -36.3786 -6.8743 36.4588
v -31.7340 -9.1980 34.2976
v -30.0499 -8.9718 35.1643
v -28.2301 -7.7519 35.2143
v -38.9168 -4.4700 33.9972
v -37.6980 -5.4305 34.6191
v -35.0169 -5.0975 35.2281
v -32.9399 -4.5306 35.1661
v -29.9062 -4.8354 35.2722
v -28.2301 -5.9833 35.2143
v -38.9168 -4.3240 33.9972
v -37.5995 -3.3429 34.3402
v -34.5666 -3.6833 34.9665
v -33.0847 -3.5482 34.8283
v -30.0493 -3.2044 34.3723
v -28.5133 -2.6719 34.2672
v -36.8022 -0.6213 34.3976
v -35.1376 -0.6213 34.6756
v -33.3192 -0.6213 34.2424
v -29.5134 -1.5525 34.2672
v -28.5133 -1.5525 34.2672
v -36.5872 0.8553 34.1790
v -35.1376 0.9729 34.2621
v -33.6428 0.8610 34.1467
v -47.1892 -15.0120 38.1411
v -45.1376 -15.1154 38.1576
v -43.5680 -14.7227 38.7119
v -38.9685 -14.4271 36.6474
v -37.6376 -14.5776 36.8137
v -36.1083 -14.5905 36.7471
v -49.0299 -12.7401 37.7143
v -47.8685 -13.9368 37.4704
v -45.3650 -13.2417 37.1103
v -42.6958 -13.0676 38.3725
v -40.0252 -13.1802 37.6128
v -37.3914 -13.2457 38.2400
v -35.6415 -13.1213 37.2967
v -49.0299 -11.6519 37.7143
v -47.6376 -11.3064 37.7143
v -45.3650 -11.1091 37.7556
v -42.8753 -10.3855 38.1494
v -40.8493 -10.6213 36.9566
v -36.4601 -10.6213 38.9121
v -35.1510 -10.8466 38.0962
v -32.5862 -10.2876 37.7023
v -30.8248 -9.6147 36.8610
v -42.2005 -8.6150 38.3401
v -40.2709 -8.0090 37.6417
v -37.4640 -7.9720 37.9222
v -35.5042 -7.8257 37.9099
v -32.5862 -8.0148 38.2551
v -30.0499 -8.2015 37.1414
v -28.5352 -7.4217 36.7292
v -39.5662 -6.4689 38.6100
v -38.4500 -6.4689 38.6100
v -34.5609 -5.6213 36.8538
v -32.7799 -5.5458 37.0561
v -30.1376 -6.1842 37.0132
v -28.5352 -6.4976 36.7292
v -33.9610 -4.2959 36.5293
v -33.7081 -4.2959 36.5293
v -49.0270 -19.4149 41.4235
v -48.8303 -19.4149 41.4235
v -49.0270 -18.6877 41.4235
v -48.0125 -17.9177 41.2093
v -45.1376 -17.1716 40.9512
v -43.7872 -16.9953 41.2495
v -47.6708 -15.7557 40.1827
v -45.1376 -16.3654 39.7012
v -43.3537 -15.5822 40.3354
v -49.0594 -12.5993 39.3757
v -47.8867 -13.1372 40.3422
v -46.2254 -12.0084 41.3087
v -42.0454 -13.7818 40.2143
v -40.0661 -12.7741 40.3175
v -38.0607 -12.4953 39.5530
v -49.0594 -11.5972 39.3757
v -47.6376 -11.3403 39.7811
v -45.0889 -10.4162 40.2290
v -43.8671 -9.3950 39.1492
v -39.1852 -11.2055 41.2197
v -37.8586 -10.4718 40.3175
v -34.6299 -9.9565 39.3695
v -33.3853 -9.9565 39.3695
v -43.9525 -9.3334 40.8159
v -42.8753 -8.8478 40.0753
v -41.1709 -7.4953 40.2143
v -37.0922 -8.0943 40.1885
v -35.4048 -8.0101 40.1871
v -33.3853 -8.7771 39.3695
v -40.0705 -5.6299 40.1972
v -37.6251 -5.6299 39.9198
v -36.2301 -5.6213 41.1176
v -39.4813 -4.1528 41.0191
v -37.6376 -4.2061 41.1284
v -36.3856 -4.3696 41.4616
v -49.4893 -19.5648 42.7143
v -48.6597 -19.5648 42.7143
v -51.5597 -17.4989 43.6290
v -50.1221 -18.0933 42.5529
v -48.0318 -17.8397 42.1839
v -45.1610 -17.2116 42.6757
v -43.7872 -16.9953 41.8167
v -51.7661 -15.6213 43.3496
v -50.1376 -15.6213 42.4029
v -48.6404 -15.6213 41.7676
v -44.3433 -16.5132 43.4834
v -43.2917 -15.6564 42.6757
v -51.8384 -13.1213 43.2782
v -50.1376 -13.1213 42.5649
v -47.6024 -12.8577 42.6555
v -45.2903 -12.1594 42.8939
v -42.7550 -13.1509 43.1998
v -40.3997 -12.7302 42.7143
v -51.6561 -11.3806 43.5338
v -50.1376 -11.1116 43.2593
v -48.2873 -11.3490 43.4548
v -44.4396 -10.6213 42.1131
v -43.6765 -10.6213 43.3631
v -39.2000 -10.4718 42.6038
v -38.7426 -9.5388 41.6968
v -43.9525 -9.3334 41.6133
v -42.7688 -8.9958 42.5537
v -40.1560 -8.2440 42.7186
v -37.8006 -8.0943 42.2523
v -36.1797 -7.2430 41.9357
v -39.8572 -5.6213 42.1753
v -37.6376 -5.6213 42.5325
v -36.2301 -5.6213 41.8215
v -39.4813 -4.1528 41.8029
v -37.6376 -4.2061 41.7219
v -36.3856 -4.3696 41.4692
v -49.6040 -19.5932 45.2143
v -48.6415 -19.5932 45.2143
v -51.5597 -17.4989 44.2640
v -50.1986 -18.0781 45.3561
v -47.8902 -17.8477 45.3343
v -45.1747 -17.0985 45.0555
v -43.3766 -17.1588 45.8904
v -51.9137 -15.6653 45.1441
v -50.1376 -16.5844 46.0519
v -47.6376 -16.4470 46.0193
v -45.1747 -16.4290 45.0555
v -42.8761 -15.6564 45.1200
v -52.3324 -13.1213 45.2143
v -46.8254 -12.3753 45.2143
v -45.1740 -12.3789 45.0325
v -42.5185 -12.7834 44.9149
v -40.6062 -12.4628 44.7191
v -51.8038 -11.1029 45.2143
v -50.1376 -10.2883 45.2143
v -48.0754 -11.0567 45.2143
v -44.3649 -11.5754 45.7446
v -42.7416 -11.0302 45.2841
v -40.3049 -10.6213 44.9386
v -42.0229 -8.8617 44.5087
v -40.7254 -8.8617 44.5087
v -49.1800 -19.4527 46.5316
v -48.8061 -19.4527 46.5316
v -49.1800 -18.6573 46.5316
v -48.8061 -18.6573 46.5316
v -44.3395 -17.1588 46.9763
v -43.3766 -17.1588 46.9763
v -51.7598 -14.8613 46.9627
v -50.1376 -15.3344 47.1041
v -47.6376 -15.1970 46.8661
v -45.1587 -15.5554 47.2539
v -42.9403 -15.6213 47.3155
v -51.8816 -13.1213 47.2322
v -50.1376 -13.1213 47.8719
v -47.5980 -13.1730 47.0847
v -45.1740 -13.1730 47.2316
v -42.7791 -13.1213 47.2876
v -51.6740 -11.3375 46.9898
v -50.1376 -11.0481 47.2321
v -48.4050 -11.3075 46.9626
v -44.3649 -11.5754 46.9390
v -43.1616 -11.5754 46.9390
f 4 2 1
f 4 5 2
f 5 3 2
f 5 6 3
f 7 6 5
f 7 8 6
f 9 8 7
f 9 10 8
f 2 15 1
f 2 16 15
f 3 16 2
f 3 17 16
f 17 11 16
f 17 12 11
f 20 14 13
f 20 21 14
f 22 1 15
f 22 4 1
f 23 5 4
f 23 4 22
f 24 17 3
f 24 3 6
f 26 18 25
f 26 19 18
f 23 7 5
f 23 27 7
f 28 24 6
f 28 6 8
f 29 24 28
f 29 25 24
f 30 25 29
f 30 26 25
f 27 9 7
f 27 31 9
f 28 8 10
f 28 10 32
f 10 9 31
f 10 31 32
f 33 28 32
f 33 29 28
f 37 11 12
f 37 36 11
f 14 39 13
f 14 40 39
f 40 34 39
f 40 35 34
f 42 11 36
f 42 16 11
f 42 15 16
f 42 41 15
f 43 37 12
f 43 12 17
f 45 18 19
f 45 44 18
f 47 13 39
f 47 20 13
f 47 38 46
f 47 39 38
f 48 40 14
f 48 14 21
f 48 21 20
f 48 20 47
f 41 22 15
f 41 49 22
f 50 23 22
f 50 22 49
f 51 43 17
f 51 17 24
f 52 18 44
f 52 25 18
f 25 51 24
f 25 52 51
f 51 44 43
f 51 52 44
f 53 45 19
f 53 19 26
f 50 27 23
f 50 56 27
f 55 50 49
f 55 56 50
f 53 26 30
f 53 30 58
f 30 29 57
f 30 57 58
f 60 54 59
f 60 55 54
f 61 27 56
f 61 31 27
f 60 56 55
f 60 61 56
f 62 32 31
f 62 31 61
f 57 29 33
f 57 33 63
f 33 32 62
f 33 62 63
f 64 57 63
f 64 58 57
f 65 61 60
f 65 66 61
f 66 62 61
f 66 67 62
f 68 62 67
f 68 63 62
f 69 63 68
f 69 64 63
f 72 71 70
f 72 73 71
f 78 74 77
f 78 75 74
f 78 76 75
f 78 79 76
f 80 78 77
f 80 81 78
f 82 34 35
f 82 81 34
f 81 79 78
f 81 82 79
f 85 36 37
f 85 84 36
f 90 34 81
f 90 39 34
f 39 89 38
f 39 90 89
f 91 82 35
f 91 35 40
f 91 83 82
f 91 92 83
f 93 36 84
f 93 42 36
f 93 41 42
f 93 92 41
f 93 83 92
f 93 84 83
f 94 85 37
f 94 37 43
f 95 43 44
f 95 94 43
f 94 86 85
f 94 95 86
f 45 95 44
f 45 96 95
f 95 87 86
f 95 96 87
f 97 87 96
f 97 88 87
f 89 46 38
f 89 98 46
f 47 46 98
f 47 98 99
f 99 98 89
f 99 89 90
f 91 40 48
f 91 48 100
f 48 47 99
f 48 99 100
f 92 49 41
f 92 101 49
f 101 91 100
f 101 92 91
f 103 96 45
f 103 45 53
f 101 55 49
f 101 105 55
f 105 54 55
f 105 104 54
f 103 53 58
f 103 58 107
f 107 106 102
f 107 102 103
f 104 59 54
f 104 108 59
f 60 59 108
f 60 108 109
f 109 108 104
f 109 104 105
f 107 58 64
f 107 64 111
f 109 65 60
f 109 112 65
f 66 65 112
f 66 112 113
f 114 67 66
f 114 66 113
f 68 67 114
f 68 114 115
f 116 111 64
f 116 64 69
f 116 69 68
f 116 68 115
f 116 115 110
f 116 110 111
f 119 113 118
f 119 114 113
f 120 114 119
f 120 115 114
f 121 118 117
f 121 122 118
f 123 70 71
f 123 122 70
f 123 118 122
f 123 119 118
f 124 119 123
f 124 120 119
f 125 70 122
f 125 72 70
f 126 123 71
f 126 71 73
f 126 73 72
f 126 72 125
f 128 74 75
f 128 127 74
f 129 75 76
f 129 128 75
f 132 74 127
f 132 77 74
f 129 76 79
f 129 79 134
f 133 128 129
f 133 129 134
f 136 130 135
f 136 131 130
f 132 80 77
f 132 137 80
f 138 81 80
f 138 80 137
f 139 134 79
f 139 79 82
f 139 138 133
f 139 133 134
f 140 82 83
f 140 139 82
f 140 134 139
f 140 135 134
f 84 140 83
f 84 141 140
f 140 136 135
f 140 141 136
f 85 141 84
f 85 142 141
f 86 142 85
f 86 143 142
f 144 86 87
f 144 143 86
f 145 87 88
f 145 144 87
f 146 81 138
f 146 90 81
f 145 88 97
f 145 97 149
f 97 96 148
f 97 148 149
f 149 148 144
f 149 144 145
f 150 90 146
f 150 99 90
f 100 99 150
f 100 150 151
f 150 146 147
f 150 147 151
f 101 100 151
f 101 151 152
f 148 96 103
f 148 103 155
f 155 103 102
f 155 102 154
f 156 101 152
f 156 105 101
f 156 152 153
f 156 153 157
f 154 102 106
f 154 106 159
f 107 159 106
f 107 160 159
f 159 155 154
f 159 160 155
f 156 109 105
f 156 162 109
f 163 162 156
f 163 156 157
f 163 157 158
f 163 158 164
f 160 107 111
f 160 111 166
f 166 111 110
f 166 110 165
f 166 161 160
f 166 167 161
f 162 112 109
f 162 171 112
f 172 113 112
f 172 112 171
f 173 165 110
f 173 110 115
f 175 166 174
f 175 167 166
f 177 168 176
f 177 169 168
f 178 169 177
f 178 170 169
f 172 118 113
f 172 180 118
f 180 117 118
f 180 179 117
f 173 115 120
f 173 120 181
f 182 173 181
f 182 174 173
f 184 176 183
f 184 177 176
f 185 177 184
f 185 178 177
f 179 121 117
f 179 186 121
f 187 122 121
f 187 121 186
f 186 179 180
f 186 180 187
f 189 181 120
f 189 120 124
f 124 123 188
f 124 188 189
f 190 122 187
f 190 125 122
f 191 188 123
f 191 123 126
f 191 126 125
f 191 125 190
f 190 187 188
f 190 188 191
f 193 127 128
f 193 192 127
f 131 194 130
f 131 195 194
f 192 132 127
f 192 196 132
f 197 193 128
f 197 128 133
f 199 130 194
f 199 135 130
f 135 198 134
f 135 199 198
f 195 131 136
f 195 136 200
f 199 194 195
f 199 195 200
f 196 137 132
f 196 201 137
f 202 197 133
f 202 133 138
f 202 138 137
f 202 137 201
f 203 134 198
f 203 139 134
f 203 138 139
f 203 202 138
f 203 197 202
f 203 198 197
f 204 200 136
f 204 136 141
f 142 204 141
f 142 205 204
f 143 205 142
f 143 206 205
f 207 143 144
f 207 206 143
f 202 146 138
f 202 208 146
f 209 147 146
f 209 146 208
f 210 205 206
f 210 206 211
f 212 207 144
f 212 144 148
f 209 151 147
f 209 215 151
f 214 209 208
f 214 215 209
f 152 151 215
f 152 215 216
f 153 152 216
f 153 216 217
f 218 210 211
f 218 211 219
f 220 212 148
f 220 148 155
f 222 213 221
f 222 214 213
f 223 214 222
f 223 215 214
f 217 157 153
f 217 225 157
f 224 217 216
f 224 225 217
f 158 157 225
f 158 225 226
f 227 226 218
f 227 218 219
f 228 220 155
f 228 155 160
f 161 228 160
f 161 229 228
f 163 231 162
f 163 232 231
f 233 158 226
f 233 164 158
f 233 163 164
f 233 232 163
f 233 225 232
f 233 226 225
f 235 166 165
f 235 165 234
f 229 161 167
f 229 167 236
f 236 230 229
f 236 237 230
f 238 168 169
f 238 237 168
f 239 169 170
f 239 238 169
f 231 171 162
f 231 240 171
f 172 171 240
f 172 240 241
f 242 241 232
f 242 232 233
f 243 234 165
f 243 165 173
f 235 174 166
f 235 244 174
f 174 243 173
f 174 244 243
f 236 167 175
f 236 175 245
f 175 174 244
f 175 244 245
f 246 168 237
f 246 176 168
f 239 170 178
f 239 178 248
f 247 238 239
f 247 239 248
f 250 172 241
f 250 180 172
f 250 240 249
f 250 241 240
f 244 174 182
f 244 182 252
f 182 181 251
f 182 251 252
f 254 176 246
f 254 183 176
f 253 246 245
f 253 254 246
f 255 184 183
f 255 183 254
f 256 248 178
f 256 178 185
f 256 185 184
f 256 184 255
f 256 255 247
f 256 247 248
f 250 187 180
f 250 258 187
f 257 250 249
f 257 258 250
f 259 188 187
f 259 187 258
f 251 181 189
f 251 189 260
f 189 188 259
f 189 259 260
f 261 251 260
f 261 252 251
f 262 254 253
f 262 263 254
f 264 254 263
f 264 255 254
f 265 258 257
f 265 266 258
f 266 259 258
f 266 267 259
f 268 259 267
f 268 260 259
f 269 260 268
f 269 261 260
f 270 264 263
f 270 271 264
f 272 267 266
f 272 273 267
f 193 274 192
f 193 275 274
f 274 196 192
f 274 278 196
f 279 275 193
f 279 193 197
f 279 278 274
f 279 274 275
f 280 197 198
f 280 279 197
f 279 276 275
f 279 280 276
f 199 280 198
f 199 281 280
f 280 277 276
f 280 281 277
f 200 281 199
f 200 282 281
f 278 201 196
f 278 287 201
f 288 202 201
f 288 201 287
f 289 282 200
f 289 200 204
f 205 289 204
f 205 290 289
f 289 283 282
f 289 290 283
f 207 291 206
f 207 292 291
f 292 284 291
f 292 285 284
f 295 286 294
f 295 287 286
f 288 208 202
f 288 296 208
f 295 288 287
f 295 296 288
f 290 205 210
f 290 210 299
f 291 211 206
f 291 300 211
f 300 290 299
f 300 291 290
f 301 292 207
f 301 207 212
f 301 293 292
f 301 302 293
f 303 295 294
f 303 304 295
f 296 214 208
f 296 305 214
f 305 213 214
f 305 304 213
f 304 296 295
f 304 305 296
f 216 215 306
f 216 306 307
f 308 307 297
f 308 297 298
f 299 210 218
f 299 218 309
f 300 219 211
f 300 310 219
f 301 212 220
f 301 220 311
f 311 302 301
f 311 312 302
f 314 213 304
f 314 221 213
f 222 221 314
f 222 314 315
f 314 304 305
f 314 305 315
f 306 215 223
f 306 223 316
f 223 222 315
f 223 315 316
f 307 224 216
f 307 317 224
f 317 306 316
f 317 307 306
f 318 225 224
f 318 224 317
f 319 309 218
f 319 218 226
f 310 227 219
f 310 320 227
f 227 319 226
f 227 320 319
f 321 311 220
f 321 220 228
f 229 321 228
f 229 322 321
f 230 322 229
f 230 323 322
f 322 313 312
f 322 323 313
f 325 317 316
f 325 326 317
f 318 232 225
f 318 327 232
f 327 231 232
f 327 326 231
f 326 318 317
f 326 327 318
f 328 233 232
f 328 232 327
f 330 235 234
f 330 234 329
f 332 323 230
f 332 230 237
f 237 236 331
f 237 331 332
f 333 237 238
f 333 332 237
f 333 323 332
f 333 324 323
f 334 231 326
f 334 240 231
f 335 327 232
f 335 232 241
f 328 242 233
f 328 336 242
f 242 335 241
f 242 336 335
f 335 328 327
f 335 336 328
f 329 234 243
f 329 243 337
f 330 244 235
f 330 338 244
f 338 243 244
f 338 337 243
f 337 330 329
f 337 338 330
f 331 236 245
f 331 245 339
f 339 245 244
f 339 244 338
f 340 237 332
f 340 246 237
f 340 245 246
f 340 339 245
f 340 331 339
f 340 332 331
f 341 333 238
f 341 238 247
f 334 249 240
f 334 342 249
f 338 244 252
f 338 252 344
f 343 337 338
f 343 338 344
f 339 253 245
f 339 345 253
f 345 338 344
f 345 339 338
f 346 341 247
f 346 247 255
f 342 257 249
f 342 348 257
f 349 344 252
f 349 252 261
f 345 262 253
f 345 350 262
f 349 345 344
f 349 350 345
f 351 263 262
f 351 262 350
f 346 255 264
f 346 264 352
f 348 265 257
f 348 355 265
f 355 347 354
f 355 348 347
f 356 266 265
f 356 265 355
f 358 268 267
f 358 267 357
f 349 261 269
f 349 269 359
f 269 268 358
f 269 358 359
f 360 349 359
f 360 350 349
f 351 270 263
f 351 361 270
f 360 351 350
f 360 361 351
f 352 264 271
f 352 271 362
f 271 270 361
f 271 361 362
f 363 352 362
f 363 353 352
f 356 272 266
f 356 364 272
f 357 267 273
f 357 273 365
f 273 272 364
f 273 364 365
f 364 356 357
f 364 357 365
f 369 367 366
f 369 370 367
f 375 368 374
f 375 369 368
f 376 369 375
f 376 370 369
f 376 371 370
f 376 377 371
f 276 377 275
f 276 378 377
f 378 371 377
f 378 372 371
f 277 378 276
f 277 379 378
f 378 373 372
f 378 379 373
f 381 376 375
f 381 382 376
f 383 275 377
f 383 279 275
f 383 278 279
f 383 382 278
f 383 376 382
f 383 377 376
f 385 379 277
f 385 277 281
f 386 281 282
f 386 385 281
f 385 380 379
f 385 386 380
f 387 282 283
f 387 386 282
f 285 388 284
f 285 389 388
f 391 278 382
f 391 287 278
f 391 286 287
f 391 390 286
f 391 381 390
f 391 382 381
f 393 392 384
f 393 384 385
f 395 387 283
f 395 283 290
f 394 386 387
f 394 387 395
f 396 284 388
f 396 291 284
f 396 290 291
f 396 395 290
f 389 285 292
f 389 292 397
f 396 388 389
f 396 389 397
f 293 397 292
f 293 398 397
f 399 286 390
f 399 294 286
f 298 297 403
f 298 403 404
f 406 300 299
f 406 299 405
f 398 293 302
f 398 302 408
f 407 397 398
f 407 398 408
f 399 303 294
f 399 409 303
f 410 304 303
f 410 303 409
f 305 304 410
f 305 410 411
f 411 410 400
f 411 400 401
f 412 411 401
f 412 401 402
f 413 403 297
f 413 297 307
f 404 308 298
f 404 414 308
f 308 413 307
f 308 414 413
f 413 404 403
f 413 414 404
f 405 299 309
f 405 309 415
f 406 310 300
f 406 416 310
f 415 406 405
f 415 416 406
f 408 302 312
f 408 312 418
f 312 311 417
f 312 417 418
f 417 407 408
f 417 408 418
f 419 312 313
f 419 418 312
f 420 305 411
f 420 315 305
f 316 315 420
f 316 420 421
f 420 411 412
f 420 412 421
f 415 309 319
f 415 319 424
f 425 310 416
f 425 320 310
f 425 319 320
f 425 424 319
f 425 415 424
f 425 416 415
f 426 417 311
f 426 311 321
f 427 312 418
f 427 322 312
f 322 426 321
f 322 427 426
f 426 418 417
f 426 427 418
f 428 419 313
f 428 313 323
f 427 418 419
f 427 419 428
f 429 323 324
f 429 428 323
f 421 325 316
f 421 430 325
f 431 326 325
f 431 325 430
f 430 421 422
f 430 422 431
f 433 432 423
f 433 423 424
f 435 429 324
f 435 324 333
f 434 428 429
f 434 429 435
f 437 326 431
f 437 334 326
f 338 337 438
f 338 438 439
f 442 435 333
f 442 333 341
f 441 434 435
f 441 435 442
f 444 334 437
f 444 342 334
f 444 436 443
f 444 437 436
f 438 337 343
f 438 343 445
f 439 344 338
f 439 446 344
f 446 343 344
f 446 445 343
f 446 438 445
f 446 439 438
f 447 446 439
f 447 439 440
f 442 341 346
f 442 346 449
f 448 441 442
f 448 442 449
f 452 342 444
f 452 348 342
f 452 347 348
f 452 451 347
f 452 443 451
f 452 444 443
f 454 453 445
f 454 445 446
f 455 449 346
f 455 346 352
f 353 455 352
f 353 456 455
f 458 347 451
f 458 354 347
f 458 450 457
f 458 451 450
f 459 355 354
f 459 354 458
f 356 355 459
f 356 459 460
f 461 357 356
f 461 356 460
f 358 357 461
f 358 461 462
f 359 358 462
f 359 462 463
f 360 359 463
f 360 463 464
f 465 361 360
f 465 360 464
f 362 361 465
f 362 465 466
f 456 353 363
f 456 363 467
f 363 362 466
f 363 466 467
f 468 459 458
f 468 469 459
f 470 459 469
f 470 460 459
f 471 462 461
f 471 472 462
f 475 366 367
f 475 474 366
f 480 366 474
f 480 369 366
f 480 368 369
f 480 479 368
f 480 473 479
f 480 474 473
f 475 367 370
f 475 370 481
f 371 481 370
f 371 482 481
f 483 371 372
f 483 482 371
f 373 483 372
f 373 484 483
f 486 477 476
f 486 487 477
f 487 478 477
f 487 488 478
f 479 374 368
f 479 489 374
f 490 375 374
f 490 374 489
f 491 481 482
f 491 482 492
f 493 492 482
f 493 482 483
f 494 484 373
f 494 373 379
f 494 493 483
f 494 483 484
f 380 494 379
f 380 495 494
f 494 485 484
f 494 495 485
f 496 488 487
f 496 497 488
f 497 489 488
f 497 498 489
f 490 381 375
f 490 499 381
f 498 490 489
f 498 499 490
f 501 385 384
f 501 384 500
f 502 495 380
f 502 380 386
f 507 498 497
f 507 508 498
f 499 390 381
f 499 509 390
f 508 499 498
f 508 509 499
f 510 500 384
f 510 384 392
f 501 393 385
f 501 511 393
f 511 392 393
f 511 510 392
f 502 386 394
f 502 394 512
f 513 394 395
f 513 512 394
f 512 503 502
f 512 513 503
f 514 395 396
f 514 513 395
f 513 504 503
f 513 514 504
f 397 514 396
f 397 515 514
f 515 504 514
f 515 505 504
f 516 505 515
f 516 506 505
f 509 399 390
f 509 517 399
f 519 401 400
f 519 400 518
f 520 402 401
f 520 401 519
f 515 397 407
f 515 407 521
f 523 399 517
f 523 409 399
f 524 518 400
f 524 400 410
f 524 410 409
f 524 409 523
f 520 412 402
f 520 526 412
f 525 520 519
f 525 526 520
f 527 521 407
f 527 407 417
f 418 527 417
f 418 528 527
f 527 522 521
f 527 528 522
f 529 412 526
f 529 421 412
f 422 421 529
f 422 529 530
f 532 424 423
f 532 423 531
f 528 418 427
f 528 427 533
f 428 533 427
f 428 534 533
f 536 422 530
f 536 431 422
f 531 423 432
f 531 432 537
f 532 433 424
f 532 538 433
f 433 537 432
f 433 538 537
f 537 532 531
f 537 538 532
f 534 428 434
f 534 434 542
f 541 533 534
f 541 534 542
f 545 431 536
f 545 437 431
f 545 436 437
f 545 544 436
f 545 535 544
f 545 536 535
f 546 539 540
f 546 540 547
f 440 439 547
f 440 547 548
f 542 434 441
f 542 441 549
f 549 543 542
f 549 550 543
f 551 436 544
f 551 443 436
f 554 547 439
f 554 439 446
f 554 446 445
f 554 445 553
f 555 440 548
f 555 447 440
f 447 554 446
f 447 555 554
f 549 441 448
f 549 448 556
f 556 555 548
f 556 548 549
f 557 448 449
f 557 556 448
f 559 443 551
f 559 451 443
f 451 558 450
f 451 559 558
f 553 445 453
f 553 453 562
f 562 561 552
f 562 552 553
f 554 454 446
f 554 563 454
f 563 453 454
f 563 562 453
f 563 554 555
f 563 555 564
f 564 555 556
f 564 556 565
f 557 449 455
f 557 455 566
f 565 556 557
f 565 557 566
f 567 455 456
f 567 566 455
f 558 457 450
f 558 568 457
f 569 458 457
f 569 457 568
f 569 568 558
f 569 558 559
f 569 559 560
f 569 560 570
f 461 460 571
f 461 571 572
f 573 572 561
f 573 561 562
f 574 463 462
f 574 462 573
f 574 573 562
f 574 562 563
f 575 464 463
f 575 463 574
f 575 574 563
f 575 563 564
f 465 464 575
f 465 575 576
f 576 575 564
f 576 564 565
f 466 465 576
f 466 576 577
f 567 456 467
f 567 467 578
f 467 466 577
f 467 577 578
f 569 468 458
f 569 579 468
f 580 469 468
f 580 468 579
f 579 569 570
f 579 570 580
f 581 571 460
f 581 460 470
f 581 470 469
f 581 469 580
f 581 580 570
f 581 570 571
f 582 461 572
f 582 471 461
f 583 573 462
f 583 462 472
f 472 471 582
f 472 582 583
f 585 473 474
f 585 584 473
f 586 474 475
f 586 585 474
f 477 587 476
f 477 588 587
f 478 588 477
f 478 589 588
f 590 473 584
f 590 479 473
f 591 590 584
f 591 584 585
f 586 475 481
f 586 481 592
f 591 585 586
f 591 586 592
f 485 595 484
f 485 596 595
f 587 486 476
f 587 597 486
f 598 487 486
f 598 486 597
f 598 597 587
f 598 587 588
f 589 478 488
f 589 488 599
f 600 479 590
f 600 489 479
f 600 488 489
f 600 599 488
f 601 592 481
f 601 481 491
f 492 601 491
f 492 602 601
f 601 593 592
f 601 602 593
f 493 602 492
f 493 603 602
f 604 484 595
f 604 494 484
f 604 493 494
f 604 603 493
f 604 594 603
f 604 595 594
f 605 596 485
f 605 485 495
f 607 487 598
f 607 496 487
f 606 598 597
f 606 607 598
f 608 497 496
f 608 496 607
f 610 501 500
f 610 500 609
f 611 605 495
f 611 495 502
f 503 611 502
f 503 612 611
f 613 503 504
f 613 612 503
f 505 613 504
f 505 614 613
f 615 505 506
f 615 614 505
f 608 507 497
f 608 616 507
f 617 508 507
f 617 507 616
f 618 509 508
f 618 508 617
f 621 609 500
f 621 500 510
f 622 501 610
f 622 511 501
f 622 510 511
f 622 621 510
f 621 610 609
f 621 622 610
f 615 506 516
f 615 516 625
f 516 515 624
f 516 624 625
f 625 624 614
f 625 614 615
f 626 617 616
f 626 627 617
f 618 517 509
f 618 628 517
f 627 618 617
f 627 628 618
f 630 519 518
f 630 518 629
f 630 629 619
f 630 619 620
f 632 624 515
f 632 515 521
f 632 631 623
f 632 623 624
f 522 632 521
f 522 633 632
f 634 627 626
f 634 635 627
f 628 523 517
f 628 636 523
f 635 628 627
f 635 636 628
f 637 629 518
f 637 518 524
f 637 524 523
f 637 523 636
f 638 519 630
f 638 525 519
f 637 630 629
f 637 638 630
f 639 526 525
f 639 525 638
f 640 633 522
f 640 522 528
f 639 529 526
f 639 642 529
f 641 639 638
f 641 642 639
f 643 530 529
f 643 529 642
f 640 528 533
f 640 533 648
f 649 642 641
f 649 650 642
f 651 530 643
f 651 536 530
f 651 535 536
f 651 650 535
f 650 643 642
f 650 651 643
f 652 644 645
f 652 645 653
f 655 540 539
f 655 539 654
f 654 646 647
f 654 647 655
f 648 533 541
f 648 541 656
f 656 655 647
f 656 647 648
f 657 541 542
f 657 656 541
f 543 657 542
f 543 658 657
f 660 535 650
f 660 544 535
f 659 650 649
f 659 660 650
f 654 539 546
f 654 546 662
f 663 540 655
f 663 547 540
f 663 546 547
f 663 662 546
f 664 548 547
f 664 547 663
f 664 663 655
f 664 655 656
f 665 549 548
f 665 548 664
f 664 656 657
f 664 657 665
f 658 543 550
f 658 550 666
f 550 549 665
f 550 665 666
f 665 657 658
f 665 658 666
f 660 551 544
f 660 667 551
f 670 553 552
f 670 552 669
f 670 669 661
f 670 661 662
f 671 663 547
f 671 547 554
f 671 554 553
f 671 553 670
f 671 670 662
f 671 662 663
f 672 551 667
f 672 559 551
f 560 559 672
f 560 672 673
f 672 667 668
f 672 668 673
f 675 669 552
f 675 552 561
f 566 676 565
f 566 677 676
f 567 677 566
f 567 678 677
f 680 560 673
f 680 570 560
f 679 673 672
f 679 680 673
f 681 571 570
f 681 570 680
f 682 675 561
f 682 561 572
f 572 571 681
f 572 681 682
f 681 674 675
f 681 675 682
f 683 572 573
f 683 682 572
f 676 576 565
f 676 684 576
f 577 576 684
f 577 684 685
f 684 676 677
f 684 677 685
f 686 678 567
f 686 567 578
f 686 578 577
f 686 577 685
f 685 677 678
f 685 678 686
f 687 572 682
f 687 582 572
f 683 573 583
f 683 583 688
f 688 583 582
f 688 582 687
f 687 682 683
f 687 683 688
f 589 689 588
f 589 690 689
f 692 590 591
f 692 691 590
f 693 591 592
f 693 692 591
f 593 693 592
f 593 694 693
f 696 594 595
f 696 695 594
f 697 595 596
f 697 696 595
f 699 588 689
f 699 598 588
f 598 698 597
f 598 699 698
f 700 690 589
f 700 589 599
f 691 600 590
f 691 701 600
f 600 700 599
f 600 701 700
f 700 691 690
f 700 701 691
f 702 701 691
f 702 691 692
f 703 694 593
f 703 593 602
f 704 594 695
f 704 603 594
f 603 703 602
f 603 704 703
f 697 596 605
f 697 605 706
f 705 696 697
f 705 697 706
f 698 606 597
f 698 707 606
f 708 607 606
f 708 606 707
f 707 698 699
f 707 699 708
f 709 608 607
f 709 607 708
f 712 706 605
f 712 605 611
f 713 611 612
f 713 712 611
f 714 612 613
f 714 713 612
f 715 613 614
f 715 714 613
f 709 616 608
f 709 717 616
f 716 709 708
f 716 717 709
f 721 620 619
f 721 619 720
f 721 720 710
f 721 710 711
f 724 715 614
f 724 614 624
f 724 624 623
f 724 623 723
f 717 626 616
f 717 726 626
f 725 717 716
f 725 726 717
f 727 718 719
f 727 719 728
f 729 720 619
f 729 619 629
f 729 728 719
f 729 719 720
f 730 620 721
f 730 630 620
f 730 629 630
f 730 729 629
f 734 723 623
f 734 623 631
f 733 722 723
f 733 723 734
f 735 631 632
f 735 734 631
f 633 735 632
f 633 736 735
f 737 626 726
f 737 634 626
f 738 635 634
f 738 634 737
f 739 636 635
f 739 635 738
f 740 637 636
f 740 636 739
f 739 728 729
f 739 729 740
f 741 638 637
f 741 637 740
f 742 731 732
f 742 732 743
f 736 633 640
f 736 640 745
f 741 641 638
f 741 747 641
f 746 741 740
f 746 747 741
f 645 644 748
f 645 748 749
f 748 743 744
f 748 744 749
f 751 647 646
f 751 646 750
f 752 745 640
f 752 640 648
f 752 648 647
f 752 647 751
f 753 641 747
f 753 649 641
f 754 748 644
f 754 644 652
f 755 645 749
f 755 653 645
f 653 754 652
f 653 755 754
f 756 750 646
f 756 646 654
f 753 659 649
f 753 758 659
f 759 660 659
f 759 659 758
f 761 756 654
f 761 654 662
f 761 662 661
f 761 661 760
f 762 756 761
f 762 757 756
f 759 667 660
f 759 764 667
f 763 759 758
f 763 764 759
f 668 667 764
f 668 764 765
f 767 760 661
f 767 661 669
f 769 668 765
f 769 673 668
f 673 768 672
f 673 769 768
f 768 765 764
f 768 769 765
f 770 769 765
f 770 765 766
f 771 767 669
f 771 669 675
f 771 675 674
f 771 674 770
f 771 770 766
f 771 766 767
f 772 672 768
f 772 679 672
f 773 680 679
f 773 679 772
f 773 772 768
f 773 768 769
f 774 770 674
f 774 674 681
f 774 681 680
f 774 680 773
f 782 775 781
f 782 776 775
f 786 778 777
f 786 787 778
f 788 689 690
f 788 787 689
f 789 690 691
f 789 788 690
f 789 779 788
f 789 780 779
f 790 780 789
f 790 781 780
f 693 790 692
f 693 791 790
f 791 781 790
f 791 782 781
f 694 791 693
f 694 792 791
f 696 793 695
f 696 794 793
f 795 783 794
f 795 784 783
f 798 785 797
f 798 786 785
f 799 689 787
f 799 699 689
f 799 786 798
f 799 787 786
f 800 789 691
f 800 691 701
f 790 702 692
f 790 801 702
f 702 800 701
f 702 801 800
f 801 789 800
f 801 790 789
f 802 792 694
f 802 694 703
f 803 695 793
f 803 704 695
f 803 703 704
f 803 802 703
f 802 793 792
f 802 803 793
f 794 696 705
f 794 705 804
f 805 705 706
f 805 804 705
f 807 796 806
f 807 797 796
f 809 699 799
f 809 708 699
f 808 799 798
f 808 809 799
f 711 710 810
f 711 810 811
f 805 706 712
f 805 712 813
f 812 804 805
f 812 805 813
f 814 712 713
f 814 813 712
f 815 713 714
f 815 814 713
f 816 714 715
f 816 815 714
f 817 808 807
f 817 818 808
f 809 716 708
f 809 819 716
f 818 809 808
f 818 819 809
f 822 719 718
f 822 718 821
f 810 710 720
f 810 720 823
f 823 720 719
f 823 719 822
f 824 711 811
f 824 721 711
f 824 810 823
f 824 811 810
f 825 813 814
f 825 814 826
f 827 723 722
f 827 722 826
f 828 816 715
f 828 715 724
f 828 724 723
f 828 723 827
f 828 827 815
f 828 815 816
f 830 817 829
f 830 818 817
f 831 716 819
f 831 725 716
f 726 725 831
f 726 831 832
f 831 819 820
f 831 820 832
f 833 821 718
f 833 718 727
f 832 820 821
f 832 821 833
f 834 727 728
f 834 833 727
f 836 721 824
f 836 730 721
f 836 729 730
f 836 835 729
f 836 823 835
f 836 824 823
f 732 731 838
f 732 838 839
f 840 826 722
f 840 722 733
f 840 839 825
f 840 825 826
f 841 733 734
f 841 840 733
f 842 734 735
f 842 841 734
f 843 735 736
f 843 842 735
f 844 726 832
f 844 737 726
f 845 738 737
f 845 737 844
f 844 832 833
f 844 833 845
f 846 834 728
f 846 728 739
f 846 739 738
f 846 738 845
f 845 833 834
f 845 834 846
f 847 729 835
f 847 740 729
f 849 838 731
f 849 731 742
f 848 837 838
f 848 838 849
f 850 732 839
f 850 743 732
f 850 742 743
f 850 849 742
f 849 839 838
f 849 850 839
f 744 743 850
f 744 850 851
f 851 840 841
f 851 841 852
f 852 841 842
f 852 842 853
f 843 736 745
f 843 745 854
f 854 853 842
f 854 842 843
f 847 746 740
f 847 855 746
f 856 747 746
f 856 746 855
f 857 850 743
f 857 743 748
f 858 744 851
f 858 749 744
f 857 851 850
f 857 858 851
f 860 751 750
f 860 750 859
f 861 854 745
f 861 745 752
f 861 752 751
f 861 751 860
f 861 860 853
f 861 853 854
f 856 753 747
f 856 863 753
f 862 856 855
f 862 863 856
f 857 748 754
f 857 754 864
f 858 755 749
f 858 865 755
f 865 754 755
f 865 864 754
f 866 859 750
f 866 750 756
f 865 858 859
f 865 859 866
f 757 866 756
f 757 867 866
f 863 758 753
f 863 869 758
f 868 863 862
f 868 869 863
f 872 871 864
f 872 864 865
f 873 761 760
f 873 760 872
f 873 872 865
f 873 865 866
f 867 757 762
f 867 762 874
f 762 761 873
f 762 873 874
f 873 866 867
f 873 867 874
f 869 763 758
f 869 875 763
f 876 764 763
f 876 763 875
f 766 765 877
f 766 877 878
f 878 877 870
f 878 870 871
f 879 872 760
f 879 760 767
f 879 767 766
f 879 766 878
f 879 878 871
f 879 871 872
f 876 768 764
f 876 881 768
f 880 876 875
f 880 881 876
f 882 877 765
f 882 765 769
f 882 769 768
f 882 768 881
f 883 769 770
f 883 882 769
f 884 769 882
f 884 773 769
f 883 770 774
f 883 774 885
f 774 773 884
f 774 884 885
f 884 882 883
f 884 883 885
f 887 775 776
f 887 886 775
f 890 777 778
f 890 889 777
f 780 891 779
f 780 892 891
f 893 775 886
f 893 781 775
f 893 780 781
f 893 892 780
f 894 887 776
f 894 776 782
f 898 783 784
f 898 897 783
f 900 777 889
f 900 786 777
f 900 785 786
f 900 899 785
f 900 888 899
f 900 889 888
f 901 890 778
f 901 778 787
f 902 779 891
f 902 788 779
f 788 901 787
f 788 902 901
f 903 894 782
f 903 782 791
f 792 903 791
f 792 904 903
f 903 895 894
f 903 904 895
f 793 904 792
f 793 905 904
f 904 896 895
f 904 905 896
f 906 783 897
f 906 794 783
f 794 905 793
f 794 906 905
f 905 897 896
f 905 906 897
f 898 784 795
f 898 795 907
f 795 794 906
f 795 906 907
f 909 785 899
f 909 797 785
f 909 796 797
f 909 908 796
f 910 798 797
f 910 797 909
f 912 906 794
f 912 794 804
f 911 905 906
f 911 906 912
f 912 907 906
f 912 913 907
f 908 806 796
f 908 914 806
f 915 909 797
f 915 797 807
f 915 807 806
f 915 806 914
f 916 798 910
f 916 808 798
f 916 807 808
f 916 915 807
f 916 909 915
f 916 910 909
f 919 912 804
f 919 804 812
f 920 812 813
f 920 919 812
f 919 913 912
f 919 920 913
f 922 814 815
f 922 921 814
f 915 817 807
f 915 924 817
f 924 914 923
f 924 915 914
f 926 819 818
f 926 818 925
f 927 820 819
f 927 819 926
f 821 820 927
f 821 927 928
f 822 821 928
f 822 928 929
f 929 928 917
f 929 917 918
f 930 823 822
f 930 822 929
f 920 813 825
f 920 825 933
f 934 814 921
f 934 826 814
f 922 815 827
f 922 827 935
f 827 826 934
f 827 934 935
f 934 921 922
f 934 922 935
f 924 829 817
f 924 937 829
f 936 924 923
f 936 937 924
f 925 818 830
f 925 830 938
f 938 830 829
f 938 829 937
f 939 927 926
f 939 940 927
f 941 927 940
f 941 928 927
f 930 835 823
f 930 942 835
f 944 838 837
f 944 837 943
f 944 943 931
f 944 931 932
f 945 933 825
f 945 825 839
f 945 944 932
f 945 932 933
f 946 839 840
f 946 945 839
f 949 835 942
f 949 847 835
f 950 943 837
f 950 837 848
f 944 849 838
f 944 951 849
f 951 848 849
f 951 950 848
f 951 944 945
f 951 945 952
f 946 840 851
f 946 851 953
f 954 851 852
f 954 953 851
f 955 852 853
f 955 954 852
f 957 947 956
f 957 948 947
f 949 855 847
f 949 958 855
f 958 948 957
f 958 949 948
f 961 858 857
f 961 857 960
f 961 960 952
f 961 952 953
f 962 859 858
f 962 858 961
f 961 953 954
f 961 954 962
f 963 955 853
f 963 853 860
f 963 860 859
f 963 859 962
f 962 954 955
f 962 955 963
f 958 862 855
f 958 964 862
f 960 857 864
f 960 864 966
f 966 965 959
f 966 959 960
f 967 862 964
f 967 868 862
f 968 869 868
f 968 868 967
f 971 966 864
f 971 864 871
f 971 871 870
f 971 870 970
f 972 869 968
f 972 875 869
f 972 968 969
f 972 969 973
f 974 970 870
f 974 870 877
f 972 880 875
f 972 975 880
f 976 881 880
f 976 880 975
f 976 975 972
f 976 972 973
f 977 974 877
f 977 877 882
f 977 882 881
f 977 881 976
f 977 976 973
f 977 973 974
f 980 886 887
f 980 979 886
f 985 888 889
f 985 984 888
f 986 889 890
f 986 985 889
f 892 987 891
f 892 988 987
f 989 886 979
f 989 893 886
f 989 892 893
f 989 988 892
f 989 978 988
f 989 979 978
f 990 980 887
f 990 887 894
f 895 990 894
f 895 991 990
f 990 981 980
f 990 991 981
f 896 991 895
f 896 992 991
f 992 981 991
f 992 982 981
f 897 992 896
f 897 993 992
f 992 983 982
f 992 993 983
f 994 897 898
f 994 993 897
f 995 888 984
f 995 899 888
f 996 995 984
f 996 984 985
f 986 890 901
f 986 901 997
f 996 985 986
f 996 986 997
f 987 902 891
f 987 998 902
f 998 901 902
f 998 997 901
f 999 998 987
f 999 987 988
f 906 905 1000
f 906 1000 1001
f 994 898 907
f 994 907 1002
f 1001 993 994
f 1001 994 1002
f 1004 899 995
f 1004 909 899
f 1004 908 909
f 1004 1003 908
f 1006 1005 997
f 1006 997 998
f 1000 905 911
f 1000 911 1009
f 1010 906 1001
f 1010 912 906
f 1010 911 912
f 1010 1009 911
f 1002 907 913
f 1002 913 1011
f 1010 1001 1002
f 1010 1002 1011
f 1012 908 1003
f 1012 914 908
f 918 917 1013
f 918 1013 1014
f 1015 1014 1007
f 1015 1007 1008
f 1016 1011 913
f 1016 913 920
f 1012 923 914
f 1012 1017 923
f 1020 926 925
f 1020 925 1019
f 1021 1013 917
f 1021 917 928
f 1022 918 1014
f 1022 929 918
f 1022 1013 1021
f 1022 1014 1013
f 1023 930 929
f 1023 929 1022
f 932 931 1024
f 932 1024 1025
f 1026 1016 920
f 1026 920 933
f 1026 933 932
f 1026 932 1025
f 1027 923 1017
f 1027 936 923
f 937 936 1027
f 937 1027 1028
f 1027 1017 1018
f 1027 1018 1028
f 1019 925 938
f 1019 938 1029
f 938 937 1028
f 938 1028 1029
f 1020 939 926
f 1020 1030 939
f 1029 1020 1019
f 1029 1030 1020
f 1031 940 939
f 1031 939 1030
f 1021 928 941
f 1021 941 1032
f 941 940 1031
f 941 1031 1032
f 1023 942 930
f 1023 1034 942
f 1033 1023 1022
f 1033 1034 1023
f 1035 1024 931
f 1035 931 943
f 1036 1024 1035
f 1036 1025 1024
f 946 1037 945
f 946 1038 1037
f 1039 1029 1028
f 1039 1040 1029
f 1041 1029 1040
f 1041 1030 1029
f 948 1042 947
f 948 1043 1042
f 1044 942 1034
f 1044 949 942
f 1044 948 949
f 1044 1043 948
f 1045 1035 943
f 1045 943 950
f 951 1045 950
f 951 1046 1045
f 1045 1036 1035
f 1045 1046 1036
f 1037 952 945
f 1037 1047 952
f 952 1046 951
f 952 1047 1046
f 1048 1038 946
f 1048 946 953
f 1048 953 952
f 1048 952 1047
f 1048 1047 1037
f 1048 1037 1038
f 1049 947 1042
f 1049 956 947
f 957 956 1049
f 957 1049 1050
f 958 957 1050
f 958 1050 1051
f 1054 1047 952
f 1054 952 960
f 1054 960 959
f 1054 959 1053
f 1051 964 958
f 1051 1055 964
f 1055 1051 1052
f 1055 1052 1056
f 1053 959 965
f 1053 965 1058
f 1059 965 966
f 1059 1058 965
f 1060 964 1055
f 1060 967 964
f 1061 968 967
f 1061 967 1060
f 1060 1055 1056
f 1060 1056 1061
f 969 968 1061
f 969 1061 1062
f 1061 1056 1057
f 1061 1057 1062
f 1059 966 971
f 1059 971 1064
f 1064 971 970
f 1064 970 1063
f 1065 969 1062
f 1065 973 969
f 1066 1063 970
f 1066 970 974
f 974 973 1065
f 974 1065 1066
f 1065 1062 1063
f 1065 1063 1066
f 1071 1068 1067
f 1071 1072 1068
f 1073 978 979
f 1073 1072 978
f 1074 979 980
f 1074 1073 979
f 981 1074 980
f 981 1075 1074
f 1076 981 982
f 1076 1075 981
f 1077 982 983
f 1077 1076 982
f 1078 1070 1069
f 1078 1079 1070
f 1084 978 1072
f 1084 988 978
f 1083 1072 1071
f 1083 1084 1072
f 1086 1077 983
f 1086 983 993
f 1085 1076 1077
f 1085 1077 1086
f 1087 1079 1078
f 1087 1088 1079
f 1091 995 996
f 1091 1090 995
f 1091 1080 1090
f 1091 1081 1080
f 997 1091 996
f 997 1092 1091
f 1091 1082 1081
f 1091 1092 1082
f 1084 999 988
f 1084 1094 999
f 1094 998 999
f 1094 1093 998
f 1094 1083 1093
f 1094 1084 1083
f 1096 1086 993
f 1096 993 1001
f 1096 1001 1000
f 1096 1000 1095
f 1096 1095 1085
f 1096 1085 1086
f 1099 995 1090
f 1099 1004 995
f 1099 1003 1004
f 1099 1098 1003
f 1099 1089 1098
f 1099 1090 1089
f 1092 997 1005
f 1092 1005 1100
f 1093 1006 998
f 1093 1101 1006
f 1006 1100 1005
f 1006 1101 1100
f 1101 1092 1100
f 1101 1093 1092
f 1008 1007 1102
f 1008 1102 1103
f 1095 1000 1009
f 1095 1009 1104
f 1105 1009 1010
f 1105 1104 1009
f 1011 1105 1010
f 1011 1106 1105
f 1108 1003 1098
f 1108 1012 1003
f 1108 1097 1107
f 1108 1098 1097
f 1102 1007 1014
f 1102 1014 1112
f 1103 1015 1008
f 1103 1113 1015
f 1113 1014 1015
f 1113 1112 1014
f 1113 1102 1112
f 1113 1103 1102
f 1114 1104 1105
f 1114 1105 1115
f 1106 1011 1016
f 1106 1016 1116
f 1115 1105 1106
f 1115 1106 1116
f 1118 1012 1108
f 1118 1017 1012
f 1117 1108 1107
f 1117 1118 1108
f 1018 1017 1118
f 1018 1118 1119
f 1122 1121 1109
f 1122 1109 1110
f 1122 1110 1111
f 1122 1111 1123
f 1124 1022 1021
f 1124 1021 1123
f 1124 1123 1111
f 1124 1111 1112
f 1125 1114 1115
f 1125 1115 1126
f 1127 1116 1016
f 1127 1016 1026
f 1127 1026 1025
f 1127 1025 1126
f 1127 1126 1115
f 1127 1115 1116
f 1128 1018 1119
f 1128 1028 1018
f 1128 1119 1120
f 1128 1120 1129
f 1131 1031 1030
f 1131 1030 1130
f 1131 1130 1121
f 1131 1121 1122
f 1123 1021 1032
f 1123 1032 1132
f 1032 1031 1131
f 1032 1131 1132
f 1131 1122 1123
f 1131 1123 1132
f 1124 1033 1022
f 1124 1133 1033
f 1132 1124 1123
f 1132 1133 1124
f 1134 1034 1033
f 1134 1033 1133
f 1126 1025 1036
f 1126 1036 1136
f 1136 1135 1125
f 1136 1125 1126
f 1128 1039 1028
f 1128 1137 1039
f 1138 1040 1039
f 1138 1039 1137
f 1138 1137 1128
f 1138 1128 1129
f 1130 1030 1041
f 1130 1041 1139
f 1139 1041 1040
f 1139 1040 1138
f 1139 1138 1129
f 1139 1129 1130
f 1043 1140 1042
f 1043 1141 1140
f 1140 1133 1132
f 1140 1141 1133
f 1134 1044 1034
f 1134 1142 1044
f 1142 1043 1044
f 1142 1141 1043
f 1141 1134 1133
f 1141 1142 1134
f 1136 1036 1046
f 1136 1046 1144
f 1144 1143 1135
f 1144 1135 1136
f 1145 1046 1047
f 1145 1144 1046
f 1146 1042 1140
f 1146 1049 1042
f 1050 1049 1146
f 1050 1146 1147
f 1146 1140 1141
f 1146 1141 1147
f 1051 1050 1147
f 1051 1147 1148
f 1147 1141 1142
f 1147 1142 1148
f 1149 1052 1051
f 1149 1051 1148
f 1151 1150 1143
f 1151 1143 1144
f 1145 1047 1054
f 1145 1054 1152
f 1152 1054 1053
f 1152 1053 1151
f 1152 1151 1144
f 1152 1144 1145
f 1154 1052 1149
f 1154 1056 1052
f 1153 1149 1148
f 1153 1154 1149
f 1057 1056 1154
f 1057 1154 1155
f 1156 1151 1053
f 1156 1053 1058
f 1156 1155 1150
f 1156 1150 1151
f 1157 1058 1059
f 1157 1156 1058
f 1159 1057 1155
f 1159 1062 1057
f 1158 1155 1154
f 1158 1159 1155
f 1160 1063 1062
f 1160 1062 1159
f 1160 1159 1155
f 1160 1155 1156
f 1157 1059 1064
f 1157 1064 1161
f 1064 1063 1160
f 1064 1160 1161
f 1160 1156 1157
f 1160 1157 1161
f 1163 1158 1162
f 1163 1159 1158
f 1068 1164 1067
f 1068 1165 1164
f 1167 1069 1070
f 1167 1166 1069
f 1164 1071 1067
f 1164 1168 1071
f 1169 1165 1068
f 1169 1068 1072
f 1168 1164 1165
f 1168 1165 1169
f 1170 1072 1073
f 1170 1169 1072
f 1171 1073 1074
f 1171 1170 1073
f 1172 1074 1075
f 1172 1171 1074
f 1173 1075 1076
f 1173 1172 1075
f 1166 1078 1069
f 1166 1174 1078
f 1167 1070 1079
f 1167 1079 1175
f 1081 1177 1080
f 1081 1178 1177
f 1082 1178 1081
f 1082 1179 1178
f 1168 1083 1071
f 1168 1180 1083
f 1181 1169 1170
f 1181 1170 1182
f 1183 1182 1170
f 1183 1170 1171
f 1184 1183 1171
f 1184 1171 1172
f 1173 1076 1085
f 1173 1085 1185
f 1184 1172 1173
f 1184 1173 1185
f 1174 1087 1078
f 1174 1186 1087
f 1175 1079 1088
f 1175 1088 1187
f 1187 1088 1087
f 1187 1087 1186
f 1187 1176 1175
f 1187 1188 1176
f 1189 1080 1177
f 1189 1090 1080
f 1189 1089 1090
f 1189 1188 1089
f 1190 1189 1177
f 1190 1177 1178
f 1191 1179 1082
f 1191 1082 1092
f 1192 1083 1180
f 1192 1093 1083
f 1093 1191 1092
f 1093 1192 1191
f 1191 1180 1179
f 1191 1192 1180
f 1193 1185 1085
f 1193 1085 1095
f 1195 1186 1194
f 1195 1187 1186
f 1196 1089 1188
f 1196 1098 1089
f 1196 1097 1098
f 1196 1195 1097
f 1196 1187 1195
f 1196 1188 1187
f 1193 1095 1104
f 1193 1104 1197
f 1195 1107 1097
f 1195 1199 1107
f 1199 1194 1198
f 1199 1195 1194
f 1110 1109 1200
f 1110 1200 1201
f 1111 1110 1201
f 1111 1201 1202
f 1203 1112 1111
f 1203 1111 1202
f 1197 1104 1114
f 1197 1114 1204
f 1199 1117 1107
f 1199 1205 1117
f 1206 1118 1117
f 1206 1117 1205
f 1207 1119 1118
f 1207 1118 1206
f 1120 1119 1207
f 1120 1207 1208
f 1209 1200 1109
f 1209 1109 1121
f 1203 1124 1112
f 1203 1211 1124
f 1211 1123 1124
f 1211 1210 1123
f 1211 1202 1210
f 1211 1203 1202
f 1212 1204 1114
f 1212 1114 1125
f 1213 1120 1208
f 1213 1129 1120
f 1214 1209 1121
f 1214 1121 1130
f 1214 1130 1129
f 1214 1129 1213
f 1214 1213 1208
f 1214 1208 1209
f 1210 1132 1123
f 1210 1215 1132
f 1216 1212 1125
f 1216 1125 1135
f 1217 1132 1215
f 1217 1140 1132
f 1218 1141 1140
f 1218 1140 1217
f 1142 1141 1218
f 1142 1218 1219
f 1216 1135 1143
f 1216 1143 1221
f 1219 1148 1142
f 1219 1223 1148
f 1222 1219 1218
f 1222 1223 1219
f 1223 1219 1220
f 1223 1220 1224
f 1221 1143 1150
f 1221 1150 1225
f 1225 1224 1220
f 1225 1220 1221
f 1226 1148 1223
f 1226 1153 1148
f 1227 1154 1153
f 1227 1153 1226
f 1226 1223 1224
f 1226 1224 1227
f 1228 1225 1150
f 1228 1150 1155
f 1227 1158 1154
f 1227 1229 1158
f 1228 1155 1159
f 1228 1159 1230
f 1231 1158 1229
f 1231 1162 1158
f 1230 1159 1163
f 1230 1163 1232
f 1163 1162 1231
f 1163 1231 1232
f 1231 1229 1230
f 1231 1230 1232
f 1234 1166 1167
f 1234 1233 1166
f 1236 1168 1169
f 1236 1235 1168
f 1233 1174 1166
f 1233 1238 1174
f 1239 1234 1167
f 1239 1167 1175
f 1238 1233 1234
f 1238 1234 1239
f 1176 1239 1175
f 1176 1240 1239
f 1243 1178 1179
f 1243 1242 1178
f 1235 1180 1168
f 1235 1244 1180
f 1180 1243 1179
f 1180 1244 1243
f 1236 1169 1181
f 1236 1181 1245
f 1245 1244 1235
f 1245 1235 1236
f 1246 1181 1182
f 1246 1245 1181
f 1183 1246 1182
f 1183 1247 1246
f 1248 1183 1184
f 1248 1247 1183
f 1249 1184 1185
f 1249 1248 1184
f 1251 1174 1238
f 1251 1186 1174
f 1251 1237 1250
f 1251 1238 1237
f 1253 1240 1176
f 1253 1176 1188
f 1252 1239 1240
f 1252 1240 1253
f 1189 1253 1188
f 1189 1254 1253
f 1254 1240 1253
f 1254 1241 1240
f 1242 1190 1178
f 1242 1255 1190
f 1190 1254 1189
f 1190 1255 1254
f 1254 1242 1241
f 1254 1255 1242
f 1256 1255 1242
f 1256 1242 1243
f 1257 1256 1243
f 1257 1243 1244
f 1258 1257 1244
f 1258 1244 1245
f 1258 1245 1246
f 1258 1246 1259
f 1259 1246 1247
f 1259 1247 1260
f 1260 1247 1248
f 1260 1248 1261
f 1249 1185 1193
f 1249 1193 1262
f 1261 1248 1249
f 1261 1249 1262
f 1251 1194 1186
f 1251 1264 1194
f 1264 1250 1263
f 1264 1251 1250
f 1265 1255 1256
f 1265 1256 1266
f 1267 1257 1258
f 1267 1258 1268
f 1268 1258 1259
f 1268 1259 1269
f 1270 1269 1259
f 1270 1259 1260
f 1271 1270 1260
f 1271 1260 1261
f 1262 1193 1197
f 1262 1197 1272
f 1271 1261 1262
f 1271 1262 1272
f 1264 1198 1194
f 1264 1274 1198
f 1273 1264 1263
f 1273 1274 1264
f 1275 1199 1198
f 1275 1198 1274
f 1277 1201 1200
f 1277 1200 1276
f 1276 1266 1267
f 1276 1267 1277
f 1278 1202 1201
f 1278 1201 1277
f 1277 1267 1268
f 1277 1268 1278
f 1279 1278 1268
f 1279 1268 1269
f 1280 1279 1269
f 1280 1269 1270
f 1272 1197 1204
f 1272 1204 1282
f 1284 1273 1283
f 1284 1274 1273
f 1275 1205 1199
f 1275 1285 1205
f 1284 1275 1274
f 1284 1285 1275
f 1286 1206 1205
f 1286 1205 1285
f 1207 1206 1286
f 1207 1286 1287
f 1288 1208 1207
f 1288 1207 1287
f 1289 1276 1200
f 1289 1200 1209
f 1209 1208 1288
f 1209 1288 1289
f 1290 1202 1278
f 1290 1210 1202
f 1291 1290 1278
f 1291 1278 1279
f 1293 1282 1204
f 1293 1204 1212
f 1293 1292 1281
f 1293 1281 1282
f 1294 1210 1290
f 1294 1215 1210
f 1294 1290 1291
f 1294 1291 1295
f 1293 1212 1216
f 1293 1216 1298
f 1298 1297 1292
f 1298 1292 1293
f 1299 1215 1294
f 1299 1217 1215
f 1218 1217 1299
f 1218 1299 1300
f 1299 1294 1295
f 1299 1295 1300
f 1300 1295 1296
f 1300 1296 1301
f 1220 1219 1301
f 1220 1301 1302
f 1302 1301 1296
f 1302 1296 1297
f 1303 1298 1216
f 1303 1216 1221
f 1303 1221 1220
f 1303 1220 1302
f 1304 1218 1300
f 1304 1222 1218
f 1305 1301 1219
f 1305 1219 1223
f 1305 1223 1222
f 1305 1222 1304
f 1304 1300 1301
f 1304 1301 1305
f 1307 1224 1225
f 1307 1306 1224
f 1306 1227 1224
f 1306 1308 1227
f 1307 1225 1228
f 1307 1228 1309
f 1309 1308 1306
f 1309 1306 1307
f 1310 1227 1308
f 1310 1229 1227
f 1311 1309 1228
f 1311 1228 1230
f 1311 1230 1229
f 1311 1229 1310
f 1310 1308 1309
f 1310 1309 1311
f 1313 1237 1238
f 1313 1312 1237
f 1239 1313 1238
f 1239 1314 1313
f 1241 1315 1240
f 1241 1316 1315
f 1317 1241 1242
f 1317 1316 1241
f 1312 1250 1237
f 1312 1318 1250
f 1314 1239 1252
f 1314 1252 1319
f 1320 1240 1315
f 1320 1253 1240
f 1320 1252 1253
f 1320 1319 1252
f 1319 1315 1314
f 1319 1320 1315
f 1317 1242 1255
f 1317 1255 1322
f 1321 1316 1317
f 1321 1317 1322
f 1324 1256 1257
f 1324 1323 1256
f 1318 1263 1250
f 1318 1327 1263
f 1322 1255 1265
f 1322 1265 1330
f 1323 1266 1256
f 1323 1331 1266
f 1331 1265 1266
f 1331 1330 1265
f 1332 1324 1257
f 1332 1257 1267
f 1332 1267 1266
f 1332 1266 1331
f 1332 1331 1323
f 1332 1323 1324
f 1335 1270 1271
f 1335 1334 1270
f 1336 1271 1272
f 1336 1335 1271
f 1337 1326 1325
f 1337 1338 1326
f 1327 1273 1263
f 1327 1339 1273
f 1338 1327 1326
f 1338 1339 1327
f 1340 1328 1329
f 1340 1329 1341
f 1342 1341 1329
f 1342 1329 1330
f 1343 1331 1266
f 1343 1266 1276
f 1343 1342 1330
f 1343 1330 1331
f 1334 1280 1270
f 1334 1346 1280
f 1280 1345 1279
f 1280 1346 1345
f 1346 1333 1345
f 1346 1334 1333
f 1346 1334 1335
f 1346 1335 1347
f 1336 1272 1282
f 1336 1282 1348
f 1348 1282 1281
f 1348 1281 1347
f 1349 1273 1339
f 1349 1283 1273
f 1350 1284 1283
f 1350 1283 1349
f 1351 1285 1284
f 1351 1284 1350
f 1352 1286 1285
f 1352 1285 1351
f 1287 1286 1352
f 1287 1352 1353
f 1354 1288 1287
f 1354 1287 1353
f 1354 1353 1341
f 1354 1341 1342
f 1343 1276 1289
f 1343 1289 1355
f 1355 1289 1288
f 1355 1288 1354
f 1355 1354 1342
f 1355 1342 1343
f 1345 1291 1279
f 1345 1357 1291
f 1357 1344 1356
f 1357 1345 1344
f 1359 1347 1281
f 1359 1281 1292
f 1360 1352 1351
f 1360 1361 1352
f 1362 1352 1361
f 1362 1353 1352
f 1363 1291 1357
f 1363 1295 1291
f 1296 1295 1363
f 1296 1363 1364
f 1363 1357 1358
f 1363 1358 1364
f 1365 1359 1292
f 1365 1292 1297
f 1365 1297 1296
f 1365 1296 1364
f 1364 1358 1359
f 1364 1359 1365
f 1366 1297 1298
f 1366 1365 1297
f 1367 1297 1365
f 1367 1302 1297
f 1366 1298 1303
f 1366 1303 1368
f 1303 1302 1367
f 1303 1367 1368
f 1367 1365 1366
f 1367 1366 1368
f 1370 1312 1313
f 1370 1369 1312
f 1371 1313 1314
f 1371 1370 1313
f 1372 1314 1315
f 1372 1371 1314
f 1373 1315 1316
f 1373 1372 1315
f 1369 1318 1312
f 1369 1376 1318
f 1377 1376 1369
f 1377 1369 1370
f 1377 1370 1371
f 1377 1371 1378
f 1379 1378 1371
f 1379 1371 1372
f 1373 1316 1321
f 1373 1321 1380
f 1379 1372 1373
f 1379 1373 1380
f 1381 1321 1322
f 1381 1380 1321
f 1326 1382 1325
f 1326 1383 1382
f 1382 1375 1374
f 1382 1383 1375
f 1384 1318 1376
f 1384 1327 1318
f 1384 1326 1327
f 1384 1383 1326
f 1385 1378 1379
f 1385 1379 1386
f 1387 1329 1328
f 1387 1328 1386
f 1387 1386 1379
f 1387 1379 1380
f 1388 1381 1322
f 1388 1322 1330
f 1388 1330 1329
f 1388 1329 1387
f 1387 1380 1381
f 1387 1381 1388
f 1390 1333 1334
f 1390 1389 1333
f 1336 1391 1335
f 1336 1392 1391
f 1393 1325 1382
f 1393 1337 1325
f 1338 1337 1393
f 1338 1393 1394
f 1395 1339 1338
f 1395 1338 1394
f 1386 1328 1340
f 1386 1340 1397
f 1398 1340 1341
f 1398 1397 1340
f 1400 1333 1389
f 1400 1345 1333
f 1400 1344 1345
f 1400 1399 1344
f 1390 1334 1346
f 1390 1346 1401
f 1400 1389 1390
f 1400 1390 1401
f 1391 1347 1335
f 1391 1402 1347
f 1347 1401 1346
f 1347 1402 1401
f 1403 1392 1336
f 1403 1336 1348
f 1403 1348 1347
f 1403 1347 1402
f 1403 1402 1391
f 1403 1391 1392
f 1395 1349 1339
f 1395 1405 1349
f 1404 1395 1394
f 1404 1405 1395
f 1406 1350 1349
f 1406 1349 1405
f 1351 1350 1406
f 1351 1406 1407
f 1408 1407 1396
f 1408 1396 1397
f 1398 1341 1353
f 1398 1353 1409
f 1408 1397 1398
f 1408 1398 1409
f 1399 1356 1344
f 1399 1410 1356
f 1411 1357 1356
f 1411 1356 1410
f 1411 1410 1399
f 1411 1399 1400
f 1358 1357 1411
f 1358 1411 1412
f 1412 1411 1400
f 1412 1400 1401
f 1413 1402 1347
f 1413 1347 1359
f 1413 1359 1358
f 1413 1358 1412
f 1413 1412 1401
f 1413 1401 1402
f 1414 1406 1405
f 1414 1415 1406
f 1416 1351 1407
f 1416 1360 1351
f 1417 1361 1360
f 1417 1360 1416
f 1416 1407 1408
f 1416 1408 1417
f 1409 1353 1362
f 1409 1362 1418
f 1418 1362 1361
f 1418 1361 1417
f 1418 1417 1408
f 1418 1408 1409
f 1423 1419 1422
f 1423 1420 1419
f 1375 1426 1374
f 1375 1427 1426
f 1428 1421 1427
f 1428 1422 1421
f 1377 1428 1376
f 1377 1429 1428
f 1428 1423 1422
f 1428 1429 1423
f 1430 1377 1378
f 1430 1429 1377
f 1429 1424 1423
f 1429 1430 1424
f 1432 1374 1426
f 1432 1382 1374
f 1432 1425 1431
f 1432 1426 1425
f 1433 1427 1375
f 1433 1375 1383
f 1433 1432 1426
f 1433 1426 1427
f 1434 1376 1428
f 1434 1384 1376
f 1434 1383 1384
f 1434 1433 1383
f 1434 1427 1433
f 1434 1428 1427
f 1436 1430 1378
f 1436 1378 1385
f 1435 1429 1430
f 1435 1430 1436
f 1437 1385 1386
f 1437 1436 1385
f 1439 1382 1432
f 1439 1393 1382
f 1439 1431 1438
f 1439 1432 1431
f 1440 1394 1393
f 1440 1393 1439
f 1437 1386 1397
f 1437 1397 1443
f 1443 1397 1396
f 1443 1396 1442
f 1444 1439 1438
f 1444 1445 1439
f 1440 1404 1394
f 1440 1446 1404
f 1445 1440 1439
f 1445 1446 1440
f 1447 1405 1404
f 1447 1404 1446
f 1449 1442 1396
f 1449 1396 1407
f 1449 1407 1406
f 1449 1406 1448
f 1449 1448 1441
f 1449 1441 1442
f 1450 1446 1445
f 1450 1451 1446
f 1447 1414 1405
f 1447 1452 1414
f 1453 1448 1406
f 1453 1406 1415
f 1415 1414 1452
f 1415 1452 1453
f 1453 1452 1447
f 1453 1447 1448
f 1420 1454 1419
f 1420 1455 1454
f 1454 1422 1419
f 1454 1461 1422
f 1461 1421 1422
f 1461 1460 1421
f 1455 1420 1423
f 1455 1423 1462
f 1462 1461 1454
f 1462 1454 1455
f 1424 1462 1423
f 1424 1463 1462
f 1464 1457 1456
f 1464 1465 1457
f 1467 1425 1426
f 1467 1466 1425
f 1466 1459 1458
f 1466 1467 1459
f 1468 1421 1460
f 1468 1427 1421
f 1469 1468 1460
f 1469 1460 1461
f 1469 1461 1462
f 1469 1462 1470
f 1471 1463 1424
f 1471 1424 1430
f 1471 1430 1429
f 1471 1429 1470
f 1470 1462 1463
f 1470 1463 1471
f 1472 1425 1466
f 1472 1431 1425
f 1473 1467 1426
f 1473 1426 1432
f 1474 1427 1468
f 1474 1433 1427
f 1474 1432 1433
f 1474 1473 1432
f 1473 1468 1467
f 1473 1474 1468
f 1470 1429 1435
f 1470 1435 1475
f 1476 1435 1436
f 1476 1475 1435
f 1437 1476 1436
f 1437 1477 1476
f 1478 1431 1472
f 1478 1438 1431
f 1480 1442 1441
f 1480 1441 1479
f 1479 1475 1476
f 1479 1476 1480
f 1477 1437 1443
f 1477 1443 1481
f 1481 1443 1442
f 1481 1442 1480
f 1480 1476 1477
f 1480 1477 1481
f 1478 1444 1438
f 1478 1482 1444
f 1483 1445 1444
f 1483 1444 1482
f 1447 1446 1484
f 1447 1484 1485
f 1486 1479 1441
f 1486 1441 1448
f 1448 1447 1485
f 1448 1485 1486
f 1487 1479 1486
f 1487 1480 1479
f 1488 1480 1487
f 1488 1481 1480
f 1483 1450 1445
f 1483 1489 1450
f 1484 1446 1451
f 1484 1451 1490
f 1451 1450 1489
f 1451 1489 1490
f 1489 1483 1484
f 1489 1484 1490
f 1491 1488 1487
f 1491 1492 1488
f 1457 1493 1456
f 1457 1494 1493
f 1496 1458 1459
f 1496 1495 1458
f 1493 1464 1456
f 1493 1497 1464
f 1498 1494 1457
f 1498 1457 1465
f 1498 1465 1464
f 1498 1464 1497
f 1499 1458 1495
f 1499 1466 1458
f 1499 1494 1498
f 1499 1495 1494
f 1500 1496 1459
f 1500 1459 1467
f 1499 1495 1496
f 1499 1496 1500
f 1501 1467 1468
f 1501 1500 1467
f 1469 1501 1468
f 1469 1502 1501
f 1503 1469 1470
f 1503 1502 1469
f 1504 1498 1497
f 1504 1505 1498
f 1506 1466 1499
f 1506 1472 1466
f 1506 1498 1505
f 1506 1499 1498
f 1503 1470 1475
f 1503 1475 1509
f 1511 1472 1506
f 1511 1478 1472
f 1510 1506 1505
f 1510 1511 1506
f 1512 1507 1508
f 1512 1508 1513
f 1514 1509 1475
f 1514 1475 1479
f 1513 1508 1509
f 1513 1509 1514
f 1515 1479 1480
f 1515 1514 1479
f 1516 1480 1481
f 1516 1515 1480
f 1511 1482 1478
f 1511 1518 1482
f 1517 1511 1510
f 1517 1518 1511
f 1519 1483 1482
f 1519 1482 1518
f 1520 1484 1483
f 1520 1483 1519
f 1521 1485 1484
f 1521 1484 1520
f 1522 1486 1485
f 1522 1485 1521
f 1487 1486 1522
f 1487 1522 1523
f 1516 1481 1488
f 1516 1488 1524
f 1523 1515 1516
f 1523 1516 1524
f 1526 1519 1525
f 1526 1520 1519
f 1527 1487 1523
f 1527 1491 1487
f 1528 1524 1488
f 1528 1488 1492
f 1492 1491 1527
f 1492 1527 1528
f 1527 1523 1524
f 1527 1524 1528
f 1494 1529 1493
f 1494 1530 1529
f 1531 1494 1495
f 1531 1530 1494
f 1529 1497 1493
f 1529 1535 1497
f 1536 1531 1495
f 1536 1495 1499
f 1500 1536 1499
f 1500 1537 1536
f 1538 1500 1501
f 1538 1537 1500
f 1538 1532 1537
f 1538 1533 1532
f 1502 1538 1501
f 1502 1539 1538
f 1538 1534 1533
f 1538 1539 1534
f 1540 1502 1503
f 1540 1539 1502
f 1535 1504 1497
f 1535 1542 1504
f 1543 1505 1504
f 1543 1504 1542
f 1508 1507 1544
f 1508 1544 1545
f 1546 1540 1503
f 1546 1503 1509
f 1546 1509 1508
f 1546 1508 1545
f 1546 1545 1539
f 1546 1539 1540
f 1549 1541 1548
f 1549 1542 1541
f 1543 1510 1505
f 1543 1550 1510
f 1549 1543 1542
f 1549 1550 1543
f 1544 1507 1512
f 1544 1512 1551
f 1552 1512 1513
f 1552 1551 1512
f 1552 1544 1551
f 1552 1545 1544
f 1553 1513 1514
f 1553 1552 1513
f 1554 1514 1515
f 1554 1553 1514
f 1556 1547 1555
f 1556 1548 1547
f 1557 1548 1556
f 1557 1549 1548
f 1550 1517 1510
f 1550 1558 1517
f 1557 1550 1549
f 1557 1558 1550
f 1559 1518 1517
f 1559 1517 1558
f 1560 1519 1518
f 1560 1518 1559
f 1521 1520 1561
f 1521 1561 1562
f 1562 1561 1551
f 1562 1551 1552
f 1563 1522 1521
f 1563 1521 1562
f 1562 1552 1553
f 1562 1553 1563
f 1564 1554 1515
f 1564 1515 1523
f 1564 1523 1522
f 1564 1522 1563
f 1563 1553 1554
f 1563 1554 1564
f 1560 1525 1519
f 1560 1565 1525
f 1561 1520 1526
f 1561 1526 1566
f 1566 1526 1525
f 1566 1525 1565
f 1530 1567 1529
f 1530 1568 1567
f 1569 1530 1531
f 1569 1568 1530
f 1571 1532 1533
f 1571 1570 1532
f 1534 1571 1533
f 1534 1572 1571
f 1567 1535 1529
f 1567 1573 1535
f 1573 1567 1568
f 1573 1568 1574
f 1569 1531 1536
f 1569 1536 1575
f 1574 1568 1569
f 1574 1569 1575
f 1576 1532 1570
f 1576 1537 1532
f 1576 1536 1537
f 1576 1575 1536
f 1577 1576 1570
f 1577 1570 1571
f 1578 1572 1534
f 1578 1534 1539
f 1577 1571 1572
f 1577 1572 1578
f 1573 1542 1535
f 1573 1580 1542
f 1580 1541 1542
f 1580 1579 1541
f 1581 1580 1573
f 1581 1573 1574
f 1582 1575 1576
f 1582 1576 1583
f 1584 1583 1576
f 1584 1576 1577
f 1585 1578 1539
f 1585 1539 1545
f 1585 1584 1577
f 1585 1577 1578
f 1579 1548 1541
f 1579 1587 1548
f 1587 1547 1548
f 1587 1586 1547
f 1588 1583 1584
f 1588 1584 1589
f 1590 1585 1545
f 1590 1545 1552
f 1590 1552 1551
f 1590 1551 1589
f 1590 1589 1584
f 1590 1584 1585
f 1586 1555 1547
f 1586 1591 1555
f 1556 1555 1591
f 1556 1591 1592
f 1592 1591 1586
f 1592 1586 1587
f 1593 1557 1556
f 1593 1556 1592
f 1594 1558 1557
f 1594 1557 1593
f 1559 1558 1594
f 1559 1594 1595
f 1560 1559 1595
f 1560 1595 1596
f 1589 1551 1561
f 1589 1561 1597
f 1597 1596 1588
f 1597 1588 1589
f 1598 1595 1594
f 1598 1599 1595
f 1600 1560 1596
f 1600 1565 1560
f 1597 1561 1566
f 1597 1566 1601
f 1566 1565 1600
f 1566 1600 1601
f 1600 1596 1597
f 1600 1597 1601
f 1603 1598 1602
f 1603 1599 1598
f 1605 1574 1575
f 1605 1604 1574
f 1580 1606 1579
f 1580 1607 1606
f 1604 1581 1574
f 1604 1608 1581
f 1581 1607 1580
f 1581 1608 1607
f 1605 1575 1582
f 1605 1582 1609
f 1609 1608 1604
f 1609 1604 1605
f 1610 1582 1583
f 1610 1609 1582
f 1611 1579 1606
f 1611 1587 1579
f 1612 1611 1606
f 1612 1606 1607
f 1610 1583 1588
f 1610 1588 1613
f 1614 1587 1611
f 1614 1592 1587
f 1593 1592 1614
f 1593 1614 1615
f 1614 1611 1612
f 1614 1612 1615
f 1616 1594 1593
f 1616 1593 1615
f 1618 1613 1588
f 1618 1588 1596
f 1596 1595 1617
f 1596 1617 1618
f 1616 1598 1594
f 1616 1619 1598
f 1617 1595 1599
f 1617 1599 1620
f 1621 1617 1620
f 1621 1618 1617
f 1622 1598 1619
f 1622 1602 1598
f 1623 1620 1599
f 1623 1599 1603
f 1603 1602 1622
f 1603 1622 1623
f 1629 1625 1624
f 1629 1630 1625
f 1633 1607 1608
f 1633 1632 1607
f 1633 1626 1632
f 1633 1627 1626
f 1609 1633 1608
f 1609 1634 1633
f 1633 1628 1627
f 1633 1634 1628
f 1635 1609 1610
f 1635 1634 1609
f 1632 1612 1607
f 1632 1637 1612
f 1637 1631 1636
f 1637 1632 1631
f 1635 1610 1613
f 1635 1613 1640
f 1639 1634 1635
f 1639 1635 1640
f 1641 1612 1637
f 1641 1615 1612
f 1616 1615 1641
f 1616 1641 1642
f 1641 1637 1638
f 1641 1638 1642
f 1643 1642 1638
f 1643 1638 1639
f 1644 1640 1613
f 1644 1613 1618
f 1643 1639 1640
f 1643 1640 1644
f 1645 1616 1642
f 1645 1619 1616
f 1645 1642 1643
f 1645 1643 1646
f 1644 1618 1621
f 1644 1621 1647
f 1647 1621 1620
f 1647 1620 1646
f 1647 1646 1643
f 1647 1643 1644
f 1645 1622 1619
f 1645 1648 1622
f 1646 1620 1623
f 1646 1623 1649
f 1623 1622 1648
f 1623 1648 1649
f 1649 1648 1645
f 1649 1645 1646
f 1625 1650 1624
f 1625 1651 1650
f 1654 1626 1627
f 1654 1653 1626
f 1628 1654 1627
f 1628 1655 1654
f 1650 1629 1624
f 1650 1657 1629
f 1658 1651 1625
f 1658 1625 1630
f 1658 1630 1629
f 1658 1629 1657
f 1658 1652 1651
f 1658 1659 1652
f 1660 1626 1653
f 1660 1632 1626
f 1660 1631 1632
f 1660 1659 1631
f 1660 1652 1659
f 1660 1653 1652
f 1661 1655 1628
f 1661 1628 1634
f 1662 1657 1656
f 1662 1663 1657
f 1663 1658 1657
f 1663 1664 1658
f 1665 1631 1659
f 1665 1636 1631
f 1664 1659 1658
f 1664 1665 1659
f 1666 1637 1636
f 1666 1636 1665
f 1638 1637 1666
f 1638 1666 1667
f 1661 1634 1639
f 1661 1639 1668
f 1668 1639 1638
f 1668 1638 1667
f 1669 1664 1663
f 1669 1670 1664
f 1670 1665 1664
f 1670 1671 1665
f 1671 1666 1665
f 1671 1672 1666
f 1673 1666 1672
f 1673 1667 1666
f 1674 1667 1673
f 1674 1668 1667
f 1675 1670 1669
f 1675 1676 1670
f 1677 1670 1676
f 1677 1671 1670
f 1681 1679 1678
f 1681 1682 1679
f 1682 1680 1679
f 1682 1683 1680
f 1686 1650 1651
f 1686 1685 1650
f 1685 1683 1682
f 1685 1686 1683
f 1652 1686 1651
f 1652 1687 1686
f 1686 1684 1683
f 1686 1687 1684
f 1688 1652 1653
f 1688 1687 1652
f 1689 1653 1654
f 1689 1688 1653
f 1690 1654 1655
f 1690 1689 1654
f 1692 1650 1685
f 1692 1657 1650
f 1692 1656 1657
f 1692 1691 1656
f 1690 1655 1661
f 1690 1661 1697
f 1697 1696 1689
f 1697 1689 1690
f 1691 1662 1656
f 1691 1698 1662
f 1699 1663 1662
f 1699 1662 1698
f 1700 1693 1694
f 1700 1694 1701
f 1703 1702 1695
f 1703 1695 1696
f 1704 1697 1661
f 1704 1661 1668
f 1704 1703 1696
f 1704 1696 1697
f 1699 1669 1663
f 1699 1705 1669
f 1672 1671 1706
f 1672 1706 1707
f 1707 1706 1701
f 1707 1701 1702
f 1708 1673 1672
f 1708 1672 1707
f 1704 1668 1674
f 1704 1674 1709
f 1709 1674 1673
f 1709 1673 1708
f 1708 1703 1704
f 1708 1704 1709
f 1705 1675 1669
f 1705 1710 1675
f 1711 1676 1675
f 1711 1675 1710
f 1706 1671 1677
f 1706 1677 1712
f 1712 1677 1676
f 1712 1676 1711
f 1720 1678 1679
f 1720 1719 1678
f 1720 1713 1719
f 1720 1714 1713
f 1680 1720 1679
f 1680 1721 1720
f 1720 1715 1714
f 1720 1721 1715
f 1723 1716 1722
f 1723 1717 1716
f 1723 1718 1717
f 1723 1724 1718
f 1719 1681 1678
f 1719 1725 1681
f 1726 1682 1681
f 1726 1681 1725
f 1727 1721 1680
f 1727 1680 1683
f 1684 1727 1683
f 1684 1728 1727
f 1726 1685 1682
f 1726 1731 1685
f 1730 1726 1725
f 1730 1731 1726
f 1733 1728 1684
f 1733 1684 1687
f 1688 1733 1687
f 1688 1734 1733
f 1733 1729 1728
f 1733 1734 1729
f 1735 1688 1689
f 1735 1734 1688
f 1731 1692 1685
f 1731 1737 1692
f 1692 1736 1691
f 1692 1737 1736
f 1737 1731 1732
f 1737 1732 1738
f 1739 1694 1693
f 1739 1693 1738
f 1741 1735 1689
f 1741 1689 1696
f 1741 1696 1695
f 1741 1695 1740
f 1736 1698 1691
f 1736 1742 1698
f 1699 1698 1742
f 1699 1742 1743
f 1742 1736 1737
f 1742 1737 1743
f 1744 1738 1693
f 1744 1693 1700
f 1743 1737 1738
f 1743 1738 1744
f 1745 1694 1739
f 1745 1701 1694
f 1745 1700 1701
f 1745 1744 1700
f 1744 1739 1738
f 1744 1745 1739
f 1746 1740 1695
f 1746 1695 1702
f 1746 1702 1701
f 1746 1701 1745
f 1746 1745 1739
f 1746 1739 1740
f 1747 1702 1703
f 1747 1746 1702
f 1748 1699 1743
f 1748 1705 1699
f 1749 1748 1743
f 1749 1743 1744
f 1750 1745 1701
f 1750 1701 1706
f 1750 1749 1744
f 1750 1744 1745
f 1751 1702 1746
f 1751 1707 1702
f 1752 1747 1703
f 1752 1703 1708
f 1752 1708 1707
f 1752 1707 1751
f 1751 1746 1747
f 1751 1747 1752
f 1753 1705 1748
f 1753 1710 1705
f 1754 1711 1710
f 1754 1710 1753
f 1753 1748 1749
f 1753 1749 1754
f 1750 1706 1712
f 1750 1712 1755
f 1755 1712 1711
f 1755 1711 1754
f 1755 1754 1749
f 1755 1749 1750
f 1760 1713 1714
f 1760 1759 1713
f 1761 1714 1715
f 1761 1760 1714
f 1717 1762 1716
f 1717 1763 1762
f 1718 1763 1717
f 1718 1764 1763
f 1764 1756 1763
f 1764 1757 1756
f 1764 1758 1757
f 1764 1765 1758
f 1759 1719 1713
f 1759 1766 1719
f 1767 1766 1759
f 1767 1759 1760
f 1768 1761 1715
f 1768 1715 1721
f 1767 1760 1761
f 1767 1761 1768
f 1769 1716 1762
f 1769 1722 1716
f 1770 1723 1722
f 1770 1722 1769
f 1764 1718 1724
f 1764 1724 1771
f 1724 1723 1770
f 1724 1770 1771
f 1771 1765 1764
f 1771 1772 1765
f 1773 1719 1766
f 1773 1725 1719
f 1773 1765 1772
f 1773 1766 1765
f 1768 1721 1727
f 1768 1727 1775
f 1774 1767 1768
f 1774 1768 1775
f 1776 1727 1728
f 1776 1775 1727
f 1777 1728 1729
f 1777 1776 1728
f 1773 1730 1725
f 1773 1779 1730
f 1778 1773 1772
f 1778 1779 1773
f 1780 1731 1730
f 1780 1730 1779
f 1732 1731 1780
f 1732 1780 1781
f 1781 1780 1774
f 1781 1774 1775
f 1777 1729 1734
f 1777 1734 1783
f 1782 1776 1777
f 1782 1777 1783
f 1784 1734 1735
f 1784 1783 1734
f 1786 1779 1785
f 1786 1780 1779
f 1787 1732 1781
f 1787 1738 1732
f 1787 1781 1782
f 1787 1782 1788
f 1740 1739 1788
f 1740 1788 1789
f 1789 1788 1782
f 1789 1782 1783
f 1790 1784 1735
f 1790 1735 1741
f 1790 1741 1740
f 1790 1740 1789
f 1789 1783 1784
f 1789 1784 1790
f 1791 1738 1787
f 1791 1744 1738
f 1792 1788 1739
f 1792 1739 1745
f 1792 1745 1744
f 1792 1744 1791
f 1792 1791 1787
f 1792 1787 1788
f 1795 1794 1793
f 1795 1796 1794
f 1800 1756 1757
f 1800 1799 1756
f 1799 1797 1796
f 1799 1800 1797
f 1758 1800 1757
f 1758 1801 1800
f 1800 1798 1797
f 1800 1801 1798
f 1803 1756 1799
f 1803 1763 1756
f 1763 1802 1762
f 1763 1803 1802
f 1805 1801 1758
f 1805 1758 1765
f 1806 1765 1766
f 1806 1805 1765
f 1807 1766 1767
f 1807 1806 1766
f 1802 1769 1762
f 1802 1808 1769
f 1770 1769 1808
f 1770 1808 1809
f 1809 1808 1802
f 1809 1802 1803
f 1771 1770 1809
f 1771 1809 1810
f 1809 1803 1804
f 1809 1804 1810
f 1811 1772 1771
f 1811 1771 1810
f 1807 1767 1774
f 1807 1774 1813
f 1812 1806 1807
f 1812 1807 1813
f 1815 1775 1776
f 1815 1814 1775
f 1811 1778 1772
f 1811 1817 1778
f 1816 1811 1810
f 1816 1817 1811
f 1818 1779 1778
f 1818 1778 1817
f 1819 1813 1774
f 1819 1774 1780
f 1814 1781 1775
f 1814 1820 1781
f 1815 1776 1782
f 1815 1782 1821
f 1821 1782 1781
f 1821 1781 1820
f 1821 1820 1814
f 1821 1814 1815
f 1818 1785 1779
f 1818 1822 1785
f 1819 1780 1786
f 1819 1786 1823
f 1786 1785 1822
f 1786 1822 1823
f 1824 1819 1823
f 1824 1820 1819
f 1825 1823 1822
f 1825 1826 1823
f 1826 1824 1823
f 1826 1827 1824
f 1829 1793 1794
f 1829 1828 1793
f 1828 1795 1793
f 1828 1831 1795
f 1832 1829 1794
f 1832 1794 1796
f 1832 1796 1795
f 1832 1795 1831
f 1797 1832 1796
f 1797 1833 1832
f 1834 1797 1798
f 1834 1833 1797
f 1836 1830 1835
f 1836 1831 1830
f 1837 1796 1832
f 1837 1799 1796
f 1837 1831 1836
f 1837 1832 1831
f 1839 1834 1798
f 1839 1798 1801
f 1838 1833 1834
f 1838 1834 1839
f 1841 1835 1840
f 1841 1836 1835
f 1837 1803 1799
f 1837 1842 1803
f 1841 1837 1836
f 1841 1842 1837
f 1804 1803 1842
f 1804 1842 1843
f 1839 1801 1805
f 1839 1805 1844
f 1845 1805 1806
f 1845 1844 1805
f 1846 1841 1840
f 1846 1847 1841
f 1848 1841 1847
f 1848 1842 1841
f 1849 1804 1843
f 1849 1810 1804
f 1850 1849 1843
f 1850 1843 1844
f 1845 1806 1812
f 1845 1812 1851
f 1852 1812 1813
f 1852 1851 1812
f 1849 1816 1810
f 1849 1853 1816
f 1817 1816 1853
f 1817 1853 1854
f 1853 1849 1850
f 1853 1850 1854
f 1818 1817 1854
f 1818 1854 1855
f 1852 1813 1819
f 1852 1819 1856
f 1855 1851 1852
f 1855 1852 1856
f 1857 1819 1820
f 1857 1856 1819
f 1858 1818 1855
f 1858 1822 1818
f 1858 1855 1856
f 1858 1856 1859
f 1857 1820 1824
f 1857 1824 1860
f 1859 1856 1857
f 1859 1857 1860
f 1858 1825 1822
f 1858 1861 1825
f 1826 1825 1861
f 1826 1861 1862
f 1861 1858 1859
f 1861 1859 1862
f 1863 1860 1824
f 1863 1824 1827
f 1827 1826 1862
f 1827 1862 1863
f 1862 1859 1860
f 1862 1860 1863
f 1865 1828 1829
f 1865 1864 1828
f 1864 1831 1828
f 1864 1867 1831
f 1867 1830 1831
f 1867 1866 1830
f 1868 1865 1829
f 1868 1829 1832
f 1833 1868 1832
f 1833 1869 1868
f 1866 1835 1830
f 1866 1871 1835
f 1872 1871 1866
f 1872 1866 1867
f 1872 1867 1868
f 1872 1868 1873
f 1869 1833 1838
f 1869 1838 1874
f 1873 1868 1869
f 1873 1869 1874
f 1875 1838 1839
f 1875 1874 1838
f 1874 1870 1869
f 1874 1875 1870
f 1871 1840 1835
f 1871 1876 1840
f 1843 1842 1877
f 1843 1877 1878
f 1875 1839 1844
f 1875 1844 1879
f 1844 1843 1878
f 1844 1878 1879
f 1880 1844 1845
f 1880 1879 1844
f 1876 1846 1840
f 1876 1881 1846
f 1882 1847 1846
f 1882 1846 1881
f 1877 1842 1848
f 1877 1848 1883
f 1848 1847 1882
f 1848 1882 1883
f 1879 1850 1844
f 1879 1885 1850
f 1884 1879 1878
f 1884 1885 1879
f 1886 1880 1845
f 1886 1845 1851
f 1885 1879 1880
f 1885 1880 1886
f 1887 1850 1885
f 1887 1854 1850
f 1888 1886 1851
f 1888 1851 1855
f 1855 1854 1887
f 1855 1887 1888
f 1887 1885 1886
f 1887 1886 1888
f 1865 1889 1864
f 1865 1890 1889
f 1891 1864 1889
f 1891 1867 1864
f 1892 1890 1865
f 1892 1865 1868
f 1892 1868 1867
f 1892 1867 1891
f 1891 1889 1890
f 1891 1890 1892
f 1870 1893 1869
f 1870 1894 1893
f 1872 1895 1871
f 1872 1896 1895
f 1873 1896 1872
f 1873 1897 1896
f 1893 1874 1869
f 1893 1898 1874
f 1898 1873 1874
f 1898 1897 1873
f 1899 1894 1870
f 1899 1870 1875
f 1899 1898 1893
f 1899 1893 1894
f 1895 1876 1871
f 1895 1900 1876
f 1901 1900 1895
f 1901 1895 1896
f 1902 1901 1896
f 1902 1896 1897
f 1903 1878 1877
f 1903 1877 1902
f 1903 1902 1897
f 1903 1897 1898
f 1904 1899 1875
f 1904 1875 1879
f 1903 1898 1899
f 1903 1899 1904
f 1905 1876 1900
f 1905 1881 1876
f 1882 1881 1905
f 1882 1905 1906
f 1905 1900 1901
f 1905 1901 1906
f 1907 1902 1877
f 1907 1877 1883
f 1907 1883 1882
f 1907 1882 1906
f 1907 1906 1901
f 1907 1901 1902
f 1908 1878 1903
f 1908 1884 1878
f 1909 1904 1879
f 1909 1879 1885
f 1909 1885 1884
f 1909 1884 1908
f 1908 1903 1904
f 1908 1904 1909
