# parsimony mesh: cplx_CPLX0-7521 (source /Users/eranagmon/code/v2e-cplx/workspace/studies/ecoli-3d/viz/3d/structures/cplx_CPLX0-7521.pdb)
# atoms: 7064  voxel: 4 Å  verts: 3253  tris: 6628
v 24.2518 25.1751 -107.4436
v 25.5681 25.1751 -107.4436
v 24.2518 26.6036 -107.4436
v 25.5681 26.6036 -107.4436
v 20.7685 21.5904 -103.0357
v 23.0739 21.4716 -103.2063
v 25.5389 21.5560 -103.1342
v 16.7142 25.2214 -103.1071
v 19.2907 23.8434 -103.4689
v 22.9807 23.8156 -105.0851
v 26.2290 23.8156 -104.6174
v 16.7142 26.1419 -103.1071
v 19.0739 26.2536 -103.4804
v 22.9807 26.7796 -104.7938
v 26.1691 26.8273 -104.8422
v 8.7136 -10.4262 -99.1705
v 9.2844 -10.4262 -99.1705
v 8.1577 -8.2237 -99.3937
v 9.5766 -8.2237 -99.3937
v 3.9052 -3.1426 -99.5263
v 6.9571 -4.3750 -99.6496
v 10.1355 -4.2237 -99.3383
v 3.9052 -1.4264 -99.5263
v 7.0739 -1.3855 -99.5462
v 10.0297 -1.9034 -99.0967
v 20.2291 21.3087 -100.8422
v 23.0739 20.8559 -100.8422
v 26.9529 21.0915 -100.8754
v 31.0739 21.2915 -99.4099
v 33.1218 21.6676 -98.8771
v 12.4218 25.2913 -99.3607
v 15.2581 24.5450 -100.7533
v 18.2291 22.6010 -100.8422
v 28.1472 23.7763 -102.2171
v 31.4384 23.7824 -99.9631
v 33.1218 22.4531 -98.8771
v 12.4726 27.7763 -99.3317
v 15.2581 27.5957 -101.0917
v 19.0739 28.2536 -101.2249
v 23.0739 28.4100 -101.0999
v 27.2535 27.7208 -101.5300
v 30.2901 27.7763 -100.0046
v 12.9243 29.9363 -98.9764
v 15.0739 30.5499 -99.2652
v 19.0739 30.5587 -99.2249
v 23.0739 30.0800 -99.0999
v 27.0739 30.3205 -99.3685
v 29.4215 30.2687 -99.2809
v 8.7136 -10.4262 -98.5975
v 9.2844 -10.4262 -98.5975
v 7.9137 -7.9929 -97.0954
v 9.8264 -7.9929 -97.0954
v 3.5350 -3.6308 -96.8422
v 5.8939 -5.6308 -96.8422
v 11.8735 -4.3219 -97.1328
v 13.5269 -3.0541 -95.9931
v 3.6872 -0.1453 -96.7643
v 7.0739 0.6145 -97.3764
v 10.9694 -0.4438 -96.8387
v 13.5269 -1.6508 -95.9931
v 4.8145 2.0654 -95.3790
v 7.0739 2.1155 -95.3764
v 9.2425 1.9395 -95.0176
v 32.0760 17.5228 -95.2620
v 33.3046 17.5228 -95.2620
v 16.9774 21.6473 -95.2495
v 18.9813 21.2553 -96.6866
v 23.0739 20.3845 -96.8422
v 27.0739 19.6767 -96.8422
v 30.8752 19.1012 -96.6941
v 33.6299 20.1111 -96.6941
v 40.3991 21.4538 -95.1301
v 41.5312 21.4538 -95.1301
v 12.4218 25.2913 -97.7988
v 15.2035 23.6944 -96.5241
v 17.5862 22.0975 -97.9162
v 33.0146 25.1198 -98.7563
v 33.8872 23.7824 -97.1907
v 40.3991 22.2665 -95.1301
v 41.5312 22.2665 -95.1301
v 12.4726 27.7763 -97.8547
v 13.9350 27.7763 -95.8547
v 32.2662 28.0340 -97.1907
v 33.7334 26.8725 -96.0897
v 12.9243 29.9363 -98.5690
v 15.1494 30.7516 -97.0782
v 19.0732 32.3586 -96.8677
v 23.0739 32.0800 -97.4943
v 26.9558 32.3816 -96.5384
v 30.1088 30.8580 -96.8422
v 20.4060 34.2055 -95.5513
v 23.0739 34.1822 -95.4943
v 25.5438 33.8883 -95.0026
v 7.8924 -6.5932 -92.8422
v 9.9270 -6.5932 -92.8422
v 4.0393 -3.6862 -92.8422
v 5.8924 -5.6862 -92.8422
v 11.6993 -4.3219 -92.8402
v 13.5269 -3.0541 -94.1722
v 3.7330 -0.2237 -92.8422
v 11.4745 -0.2800 -92.8402
v 13.5269 -1.6508 -94.1722
v 4.7676 2.1061 -92.8422
v 7.0739 2.6924 -92.8422
v 9.6460 2.3627 -92.8422
v 24.1702 16.6796 -91.5941
v 27.0739 16.5884 -92.1598
v 30.8752 17.3129 -93.0451
v 33.2946 17.5625 -92.8422
v 16.7718 20.7904 -92.8422
v 19.0739 19.8170 -92.8422
v 22.9317 18.9578 -92.8933
v 27.0739 18.3675 -94.1598
v 29.4094 17.9642 -94.5137
v 35.2393 20.0919 -92.5811
v 39.0691 21.1295 -92.5811
v 41.8952 21.0733 -92.8422
v 15.3254 23.7763 -92.8422
v 36.0546 23.7763 -93.2810
v 39.0691 23.6705 -93.0915
v 42.0602 23.6705 -92.7404
v 14.9674 27.7763 -92.8422
v 32.7729 29.5391 -94.6471
v 35.0696 28.0340 -93.4617
v 39.0739 27.7763 -91.7632
v 41.7959 27.7763 -91.3426
v 16.4138 30.9747 -92.8422
v 19.0732 33.0991 -92.4808
v 21.1382 33.7165 -90.9066
v 28.2104 33.3929 -94.5004
v 31.2933 31.9463 -93.9211
v 35.1618 31.8174 -91.8505
v 39.0739 30.5165 -91.1251
v 41.4878 30.0280 -91.0123
v 20.4060 34.2055 -93.5733
v 23.0987 35.3802 -92.2126
v 26.9558 35.4435 -93.1915
v 31.0739 35.7763 -92.7888
v 34.2652 35.7763 -91.8595
v 25.0591 37.7821 -90.8519
v 27.0739 38.0831 -91.0351
v 31.4573 39.6183 -91.6143
v 33.6636 39.7763 -91.6218
v 33.0462 41.7843 -90.8602
v 33.0849 41.7843 -90.8602
v 4.5588 -6.6792 -87.8713
v 6.9559 -6.8039 -89.0596
v 10.0278 -6.6073 -88.8422
v 0.9045 -2.5076 -87.1466
v 3.2349 -4.1953 -88.8423
v 5.5440 -5.8831 -90.5380
v 11.3829 -4.2237 -88.8422
v 0.9045 -1.5152 -87.1466
v 3.4179 0.0553 -88.6291
v 5.5116 1.6258 -87.4450
v 11.1388 -0.2237 -88.8422
v 4.9250 1.9269 -90.1117
v 6.9366 2.3429 -88.8039
v 9.7837 2.3716 -88.8422
v 19.8626 8.9389 -87.8365
v 23.0739 8.6455 -88.1729
v 27.0739 9.1425 -87.6883
v 29.2517 9.6015 -87.1904
v 16.6018 12.6103 -87.3875
v 18.7472 11.4767 -88.1547
v 23.0739 11.7763 -89.4911
v 27.0739 11.7763 -88.9435
v 29.5489 11.7763 -87.5261
v 13.0326 17.7056 -86.8872
v 15.1906 16.1339 -87.9194
v 19.0739 15.7763 -89.3095
v 22.9317 15.5183 -90.0317
v 27.0739 14.5884 -90.0974
v 31.2673 16.1836 -88.7277
v 34.8308 17.7543 -88.4614
v 39.0739 17.5458 -87.3060
v 43.0739 17.5007 -87.3813
v 45.1559 17.7038 -86.9737
v 13.0326 18.5077 -86.8872
v 14.9546 19.5493 -88.8005
v 19.0739 18.1401 -90.4147
v 21.5035 18.1136 -90.4005
v 33.0053 17.8174 -87.3828
v 34.8308 18.3932 -88.4614
v 39.0739 19.2096 -89.3060
v 43.0566 19.8074 -89.2556
v 45.3805 19.7763 -87.4185
v 8.6489 24.7050 -87.0961
v 11.0739 24.0786 -87.5067
v 13.9602 23.4609 -88.8214
v 43.9638 23.7763 -89.5476
v 45.4172 23.7763 -87.5476
v 8.0342 27.7763 -87.1710
v 11.0739 27.7763 -87.9030
v 14.1063 27.7763 -89.5741
v 43.7959 27.7763 -89.5884
v 45.4257 27.7763 -87.5884
v 4.9765 33.1133 -86.9166
v 6.8972 31.7785 -87.0482
v 11.0739 31.7763 -87.6590
v 15.2703 31.9786 -89.5321
v 19.2467 33.3946 -89.0400
v 21.4605 33.5463 -88.8422
v 36.5537 33.1782 -90.6277
v 39.0739 32.5165 -90.0511
v 43.0402 31.6532 -88.7678
v 45.4120 30.6118 -87.5336
v 4.9765 33.8424 -86.9166
v 7.0739 33.9382 -86.9613
v 11.3053 35.4662 -87.2878
v 14.8132 35.5521 -87.8350
v 18.0286 34.0692 -87.8386
v 23.7742 35.5551 -89.2325
v 27.0739 36.9819 -87.8816
v 29.1384 37.7526 -86.9109
v 36.2652 35.7763 -89.9432
v 39.2959 36.1046 -88.0189
v 41.9258 34.9901 -87.3353
v 12.7930 37.9172 -87.0241
v 13.3060 37.9172 -87.0241
v 25.0591 37.7821 -90.8260
v 27.0739 38.0831 -89.8816
v 31.0923 39.4390 -88.8693
v 34.8004 39.3014 -89.0096
v 38.1106 37.9044 -87.1914
v 33.0462 41.7843 -90.8278
v 33.0849 41.7843 -90.8278
v 8.7973 -10.2783 -82.9326
v 9.1385 -10.2783 -82.9326
v 4.0156 -7.1910 -84.8422
v 7.3079 -8.7780 -84.4964
v 9.7623 -8.0042 -84.4964
v 0.9045 -2.5076 -86.4124
v 2.2304 -3.9940 -84.9843
v 11.1894 -4.2237 -84.8422
v 0.9045 -1.5152 -86.4124
v 3.2493 0.0553 -85.1134
v 6.7790 1.2879 -85.2053
v 10.3280 -0.3194 -85.0946
v 4.7529 1.9422 -83.8144
v 6.7790 1.9468 -85.2053
v 9.4261 1.9514 -86.5962
v 33.0047 5.7629 -82.8561
v 33.0926 5.7629 -82.8561
v 19.2671 8.5839 -84.8422
v 23.0739 7.8413 -84.8422
v 27.0739 8.2682 -84.8422
v 31.1282 7.9326 -84.4114
v 33.6271 7.7763 -83.1960
v 15.7652 12.0003 -84.8422
v 17.2671 10.0003 -84.8422
v 31.5489 11.7763 -85.4267
v 33.8518 11.7763 -83.4267
v 12.6092 16.7676 -84.8422
v 13.7652 14.7676 -84.8422
v 32.3640 15.7763 -86.0447
v 34.9582 16.1635 -84.9772
v 39.4091 17.2640 -84.5161
v 43.0739 17.5007 -85.8095
v 45.1559 17.7038 -86.6754
v 8.7792 21.4402 -83.8695
v 11.4308 19.9740 -85.3150
v 13.1415 21.1744 -86.7604
v 33.0053 17.8174 -86.7908
v 33.8574 17.8174 -86.7908
v 40.9659 17.8521 -82.9654
v 43.0739 18.7282 -83.8095
v 45.4313 20.0924 -85.1421
v 7.9452 23.5335 -85.0586
v 11.0739 22.0786 -86.5513
v 13.1415 21.9173 -86.7604
v 46.4282 23.7763 -84.8422
v 4.8869 28.9615 -83.7468
v 5.9453 27.6875 -84.9849
v 47.6520 27.5278 -84.5709
v 49.2736 28.6954 -83.0567
v 4.8239 31.7785 -84.9849
v 5.4460 30.4467 -86.4135
v 20.6953 33.5294 -85.9968
v 23.1321 33.6306 -84.4795
v 25.1318 33.7317 -82.9622
v 44.5925 33.2785 -86.4195
v 46.8285 31.6681 -84.7381
v 49.2736 30.0577 -83.0567
v 4.9016 33.9158 -84.8422
v 7.0739 34.1224 -84.8422
v 11.3053 36.1046 -84.8764
v 14.9004 37.0586 -84.6449
v 19.0116 35.3048 -84.5270
v 23.1321 33.9740 -84.4795
v 26.8797 35.9134 -84.8789
v 29.1384 37.7526 -86.7957
v 35.8750 37.0571 -83.7891
v 39.2959 36.8874 -85.0103
v 43.1851 35.2752 -84.9886
v 45.5783 34.3700 -83.7529
v 12.7930 37.9172 -86.2326
v 14.9004 37.9088 -84.6449
v 17.3279 37.9005 -83.0571
v 28.6275 38.0469 -84.1290
v 30.7126 38.1104 -85.2143
v 34.7546 38.0249 -85.0103
v 38.1106 37.9044 -86.4557
v 8.7973 -10.2783 -82.6240
v 9.1385 -10.2783 -82.6240
v 3.9741 -7.6931 -80.8422
v 7.3079 -9.4628 -81.1113
v 9.6920 -8.2873 -81.1113
v 2.7704 -4.2237 -80.8422
v 10.5962 -4.2237 -80.8422
v 3.4193 -0.2237 -80.8422
v 8.0944 1.0503 -80.8422
v 9.8721 -0.9497 -80.8422
v 16.5758 1.3247 -79.1200
v 17.4639 1.3247 -79.1200
v 4.6230 2.0705 -80.8422
v 6.0944 2.0705 -80.8422
v 16.4852 3.7763 -79.3466
v 18.9079 4.1081 -79.3769
v 21.2545 5.6627 -79.0608
v 32.0590 5.6165 -80.8422
v 33.2970 5.6165 -80.8422
v 13.0350 9.7433 -78.8950
v 15.3018 8.1565 -79.8171
v 18.7553 7.7249 -81.5165
v 22.7822 7.0734 -80.5733
v 27.0739 7.3497 -80.8422
v 30.0590 6.1640 -80.8422
v 34.5467 7.7763 -80.8422
v 12.7518 11.7763 -79.7888
v 14.7103 11.4551 -81.9058
v 17.2095 9.9076 -82.6860
v 35.0274 11.7763 -80.8422
v 8.7640 17.5206 -79.0626
v 11.2561 15.6780 -80.8903
v 13.1345 13.8354 -82.7181
v 35.9443 15.8484 -80.6070
v 38.2993 17.2298 -81.7836
v 8.1090 19.9747 -80.5744
v 9.8289 18.7736 -81.7293
v 36.9197 18.1190 -79.1169
v 39.5825 19.3189 -80.3706
v 42.7437 20.3178 -80.5114
v 46.7860 20.9405 -80.6935
v 49.5367 21.5566 -79.2611
v 4.5317 24.7139 -79.9504
v 5.9981 23.5389 -81.1071
v 40.8658 21.9928 -78.9576
v 41.1902 21.9928 -78.9576
v 48.0849 23.7763 -82.0439
v 50.9516 24.0681 -79.8847
v 53.1244 25.5959 -78.9773
v 4.5295 27.6875 -81.1071
v 5.2459 26.2949 -82.6171
v 48.4385 27.6559 -81.1139
v 50.3024 27.4158 -80.8473
v 53.1244 25.8427 -78.9773
v 4.7755 31.5523 -81.0520
v 7.0739 32.7169 -80.2441
v 11.0739 33.4919 -79.4842
v 13.0786 33.7695 -78.8453
v 24.7392 33.7317 -82.6858
v 25.1318 33.7317 -82.6858
v 43.8151 32.5378 -79.6031
v 46.7768 31.2978 -80.9026
v 49.2736 30.0577 -82.2021
v 4.9416 33.8962 -82.5252
v 7.0739 33.9605 -82.2441
v 11.0739 34.5743 -81.4842
v 14.7867 36.0219 -80.5154
v 18.8263 36.4126 -80.8481
v 23.2731 34.5805 -81.1483
v 26.8797 35.8116 -81.0326
v 31.0739 36.7427 -80.2061
v 34.7546 36.4636 -81.2109
v 39.0739 35.4221 -80.8422
v 42.7186 34.5923 -80.8987
v 45.5783 34.3700 -82.2698
v 16.4947 37.9005 -82.1854
v 17.3279 37.9005 -82.1854
v 28.6275 38.0469 -82.0461
v 31.0739 38.0025 -82.2061
v 33.2084 37.8073 -82.7901
v 4.2138 -10.9415 -75.9832
v 6.1106 -10.9415 -75.9832
v 3.5833 -8.4986 -77.1268
v 7.2959 -9.6326 -77.1268
v 11.0347 -7.5387 -76.5543
v 13.1538 -6.5256 -75.0291
v 0.9109 -2.9603 -75.5237
v 1.9333 -4.2657 -76.8511
v 11.7176 -4.5116 -76.5543
v 13.1538 -6.0369 -75.0291
v 0.9361 -0.2237 -75.3751
v 2.1562 -0.2237 -77.3751
v 8.7955 1.6345 -78.6809
v 10.0558 0.0913 -77.1454
v 16.6607 1.4026 -76.8422
v 17.4062 1.4026 -76.8422
v 1.0532 1.8081 -74.8713
v 3.3058 2.3617 -76.4596
v 7.5889 3.5816 -76.7645
v 9.4624 3.7763 -75.7257
v 16.1399 3.7763 -76.8422
v 19.4062 3.3846 -76.8422
v 21.5291 5.3846 -76.8422
v 31.7900 5.5767 -78.1642
v 33.3527 5.5767 -78.1642
v 9.0490 5.7983 -74.8482
v 11.0398 7.7622 -75.9876
v 14.5531 7.2351 -76.8422
v 23.5291 7.1081 -76.8422
v 27.0739 7.3906 -76.8422
v 30.7036 6.2628 -76.8354
v 34.1586 7.6367 -76.8354
v 8.7689 13.5283 -74.9878
v 10.7800 12.0275 -76.5295
v 35.1602 11.7763 -76.8422
v 4.1412 16.8879 -75.5260
v 7.4331 15.8709 -76.5902
v 10.0167 14.8539 -77.6544
v 35.1054 15.7763 -76.8422
v 0.5113 20.8426 -75.2876
v 2.9143 19.6161 -76.1488
v 6.0888 19.7763 -78.1414
v 32.7316 21.2175 -75.1280
v 35.1176 19.8737 -76.1075
v 39.3491 21.0063 -76.8280
v 42.7437 20.8575 -76.8280
v 47.0739 20.5075 -76.8422
v 49.4291 21.6041 -76.8422
v 0.5839 23.7763 -75.2703
v 3.1486 23.5389 -77.4137
v 5.4037 22.0472 -78.5573
v 32.7316 22.5971 -75.1280
v 33.7199 22.5971 -75.1280
v 40.8658 21.9928 -78.1519
v 41.1902 21.9928 -78.1519
v 51.1081 24.0681 -77.1867
v 53.1244 25.5959 -78.7497
v 0.9831 25.9943 -74.9676
v 2.6170 27.5071 -76.5174
v 47.6428 28.7098 -76.8422
v 50.8240 26.5630 -77.1867
v 53.1244 25.8427 -78.7497
v 4.4095 30.6945 -76.8422
v 6.9492 32.6874 -77.0015
v 11.0739 33.4919 -78.5398
v 13.0786 33.7695 -78.8402
v 40.8350 33.6023 -75.7183
v 42.7186 32.3168 -76.9678
v 45.6428 30.0825 -76.8422
v 8.1247 35.7763 -76.0898
v 11.0739 35.7763 -77.2646
v 14.6768 35.9080 -77.9779
v 19.0739 36.9985 -78.1546
v 23.0739 36.7084 -77.9945
v 27.3726 36.9685 -76.9100
v 31.0739 36.2224 -76.8422
v 35.0739 35.5572 -76.8422
v 39.3306 34.5820 -76.9678
v 41.1484 33.8519 -78.3849
v 8.6829 38.2470 -75.5735
v 11.0739 38.2302 -75.5669
v 15.0739 38.2778 -75.7633
v 19.0739 38.6971 -76.1546
v 23.0739 38.7000 -75.9945
v 26.2383 38.3143 -75.6219
v 3.9092 -11.2311 -72.8422
v 6.4374 -11.2311 -72.8422
v 0.5064 -6.8779 -71.8990
v 1.9099 -8.2162 -73.0763
v 8.4374 -9.4588 -72.8422
v 10.9867 -7.3929 -73.1092
v 13.1538 -6.5256 -74.6205
v 0.2038 -4.2657 -73.0763
v 1.3535 -5.6270 -74.5657
v 11.6900 -4.5116 -73.1092
v 13.1538 -6.0369 -74.6205
v -0.5199 -0.2237 -72.8422
v 10.8541 -0.2237 -72.8422
v 17.0211 1.7297 -74.8004
v 17.1270 1.7297 -74.8004
v -3.2080 4.6237 -71.1521
v -0.8806 3.2159 -72.5484
v 3.0739 4.3383 -73.7558
v 6.3823 5.1605 -74.2911
v 11.4065 3.6420 -72.8559
v 15.5104 3.7901 -73.1660
v 19.0401 4.0312 -72.8982
v 21.5003 5.3678 -73.6628
v -3.3289 7.7763 -71.2459
v -0.9261 7.7763 -71.6851
v 3.0739 7.7763 -72.1868
v 7.4590 7.3895 -73.7327
v 10.7203 7.4431 -74.3253
v 13.9997 6.4211 -74.1984
v 20.9532 5.8654 -70.9961
v 22.9797 7.7584 -72.8367
v 27.0739 8.9430 -74.1238
v 31.0739 8.3623 -73.4164
v 33.6555 8.8770 -73.7341
v -3.1813 10.1083 -71.0705
v -0.6350 11.5755 -71.2124
v 3.0739 11.7763 -71.5785
v 7.2909 12.0275 -73.3640
v 9.6803 10.8617 -74.4523
v 24.4591 10.9665 -72.0107
v 27.0739 11.3174 -72.1238
v 30.8171 11.8951 -71.7947
v 33.9846 11.7763 -73.6276
v 0.8924 14.9764 -71.0813
v 2.6306 15.9322 -72.3790
v 6.1022 14.2213 -73.6767
v 31.7267 15.7763 -72.1423
v 33.7561 15.7763 -74.1423
v 0.2543 20.1065 -72.8422
v 1.4089 18.1065 -72.8422
v 32.5519 20.0981 -72.7951
v 34.3541 20.5831 -73.2859
v 39.0739 21.5568 -74.3487
v 43.0739 21.4028 -74.5691
v 47.0739 21.4474 -74.6227
v 49.0846 21.7664 -74.8305
v -0.2817 23.7763 -72.8422
v 32.8117 23.7338 -72.6895
v 34.6804 23.5126 -72.3266
v 38.6864 24.1527 -72.4286
v 43.0690 23.8218 -72.6049
v 47.2673 23.8218 -72.6208
v 49.2696 23.7763 -74.2762
v 0.5379 26.6329 -72.8422
v 1.8871 28.6329 -72.8422
v 32.8917 25.9629 -71.5424
v 34.3295 25.9629 -71.5424
v 39.7613 26.3555 -71.4774
v 43.4007 28.0628 -71.1646
v 47.1637 27.9756 -72.4754
v 49.3241 26.1810 -74.0992
v 3.8871 31.1671 -72.8422
v 5.7961 33.1671 -72.8422
v 40.5828 33.3755 -72.8422
v 43.4710 31.2436 -72.4479
v 45.5978 30.0897 -73.5183
v 7.1209 35.7763 -72.8422
v 28.9050 37.6926 -74.7524
v 31.0739 37.2561 -74.0997
v 34.8426 36.3269 -72.7021
v 38.5828 34.4219 -72.8422
v 8.3987 38.3609 -72.8422
v 11.0739 38.9860 -72.8422
v 15.3888 40.1969 -72.5327
v 19.0739 40.6971 -73.3213
v 23.3815 40.8632 -72.7349
v 27.0595 40.0020 -72.9846
v 30.9418 39.6286 -72.0731
v 33.3550 38.1968 -71.2754
v 16.9321 41.9667 -70.9931
v 19.0739 42.3113 -71.3213
v 22.2533 42.2993 -71.3300
v 27.8807 42.0016 -71.2169
v 29.5204 42.0016 -71.2169
v 4.3812 -10.8490 -69.7061
v 5.8552 -10.8490 -69.7061
v 0.2951 -7.0509 -68.8422
v 3.0583 -9.1438 -68.5605
v 7.1427 -9.0597 -68.5605
v 10.1854 -6.9457 -68.8422
v -1.0420 -4.2237 -68.8422
v 8.9605 -2.3897 -66.9821
v 10.3204 -3.9233 -68.5262
v -3.3920 0.7861 -68.0282
v -2.3287 -0.4178 -69.1538
v 8.5908 -0.2237 -67.4969
v 10.0478 -0.2237 -69.4969
v -3.9123 3.4847 -69.1538
v -2.8144 1.9570 -70.6949
v 4.6156 5.1250 -67.4890
v 7.1555 3.7855 -67.9799
v 11.0817 3.6066 -68.8002
v 15.3156 4.5237 -68.5719
v 18.2865 5.3613 -69.7251
v -4.6058 7.7763 -68.8422
v 4.2026 7.7763 -67.8411
v 7.4573 8.1524 -67.9512
v 9.7197 7.0697 -67.3586
v 16.8100 6.3404 -67.0584
v 19.1281 7.4362 -68.6021
v 21.7924 8.5321 -70.1457
v -3.7224 10.8797 -68.8422
v -1.9383 12.8797 -68.8422
v 4.3705 10.7906 -67.5272
v 6.3796 10.7906 -67.5272
v 19.4095 11.7763 -68.0362
v 23.1050 12.0904 -70.1632
v 27.0739 13.3174 -70.6959
v 29.3126 13.3076 -70.7041
v 0.0617 15.3771 -68.8422
v 1.6352 17.3771 -68.8422
v 19.6868 15.7763 -68.0217
v 23.0739 15.7763 -69.5346
v 27.0739 15.7763 -69.8381
v 29.7267 15.7763 -70.3253
v 0.5437 20.4837 -69.8631
v 1.7103 19.4008 -68.6547
v 20.3394 18.4341 -67.4598
v 23.0739 18.9626 -67.8610
v 27.0739 19.3462 -67.9844
v 31.0803 20.2955 -68.9587
v 33.3251 21.6454 -70.2931
v 0.2084 23.7763 -69.3019
v 1.6035 23.7763 -67.3019
v 32.2267 23.6328 -68.9127
v 35.1606 23.9704 -70.5611
v 37.0946 25.7369 -70.8291
v 44.3991 25.1855 -70.5147
v 46.0630 25.1855 -70.5147
v 0.4501 26.7004 -69.7675
v 2.1950 27.9308 -68.5974
v 32.4792 25.9938 -68.8422
v 35.4273 26.7432 -69.2343
v 38.4235 28.0600 -69.2043
v 43.4007 28.0628 -70.3805
v 46.0630 27.1035 -70.5147
v 4.2324 31.9304 -68.8453
v 5.5781 33.3664 -70.1808
v 32.6219 33.3108 -67.1890
v 35.0739 32.4349 -67.7362
v 38.8718 31.6013 -68.9668
v 42.4024 30.7492 -70.2462
v 4.8634 34.1018 -67.5141
v 6.4815 35.5716 -68.8453
v 31.9013 35.7763 -67.8719
v 34.8426 35.6210 -69.7731
v 37.9914 34.1840 -70.3541
v 8.4223 39.5616 -68.5956
v 10.8827 40.1374 -68.5956
v 15.3888 40.5125 -68.8293
v 19.0739 41.1030 -67.8524
v 23.3815 40.9348 -68.8632
v 26.7580 40.5613 -69.0524
v 30.7414 39.4262 -69.1971
v 33.3550 38.1968 -70.5350
v 8.8128 42.1871 -67.0979
v 9.4219 42.1871 -67.0979
v 16.9321 41.9667 -70.1541
v 19.0739 42.3113 -69.8524
v 22.2533 42.2993 -70.2105
v 27.8807 42.0016 -70.5259
v 29.5204 42.0016 -70.5259
v 0.6030 -6.6724 -66.0550
v 3.0739 -7.3832 -65.6534
v 7.0739 -7.3714 -65.8502
v 10.0347 -6.6567 -66.3175
v -0.0766 -4.2237 -65.4798
v 3.3148 -3.9067 -63.6735
v 7.0468 -3.7092 -64.8475
v 10.0347 -5.0564 -66.3175
v -3.3920 0.7861 -66.4158
v -0.9844 -0.5078 -64.7809
v 2.1420 -1.8018 -63.1461
v 6.7356 -0.2237 -64.8422
v -3.9475 3.7763 -66.0156
v -0.7582 4.0687 -63.8371
v 3.1989 4.6059 -64.4983
v 5.7763 2.4479 -64.8422
v 12.3864 4.9942 -66.5716
v 14.1433 4.9942 -66.5716
v -4.2030 7.7763 -65.6386
v -0.9261 7.7763 -64.3063
v 2.2026 7.7763 -65.5099
v 9.0462 9.7364 -66.8309
v 11.0614 8.1524 -66.1709
v 15.3156 7.7148 -66.1109
v 17.3030 9.0070 -66.7309
v -3.7326 10.9155 -65.9130
v -0.9166 12.2538 -64.7760
v 2.9022 12.1914 -65.0051
v 7.4573 11.9849 -66.2179
v 11.3778 12.0604 -64.3983
v 14.7506 12.0604 -64.4639
v 17.4095 11.7763 -66.4970
v 0.1539 15.9369 -64.8310
v 3.0238 16.4625 -64.8591
v 7.0739 15.7763 -64.7552
v 10.3583 15.7763 -63.7117
v 16.1385 15.7763 -63.6082
v 17.6868 15.7763 -65.6082
v 0.8550 18.1069 -63.4903
v 3.0034 19.0609 -64.6548
v 7.3852 20.0754 -63.6215
v 9.6132 18.9415 -63.2264
v 17.0322 17.8127 -62.8791
v 19.0153 19.4567 -64.5166
v 23.0739 20.9626 -66.1844
v 27.0739 21.3462 -66.6437
v 29.7882 21.6121 -66.7665
v 3.1710 23.7087 -64.6736
v 7.3597 23.4494 -63.3868
v 9.3855 24.5684 -63.5457
v 20.3578 23.0854 -63.4874
v 22.6851 24.1618 -64.2671
v 27.0739 23.7763 -65.9644
v 30.1516 23.7763 -66.6672
v 3.5931 27.7169 -64.9717
v 7.0934 27.6453 -63.6352
v 9.3855 26.2800 -63.5457
v 23.7805 27.7763 -63.6439
v 27.2380 27.9880 -64.1890
v 30.8384 27.6712 -65.2041
v 35.0739 28.8450 -66.4983
v 37.0857 29.7645 -66.8355
v 4.6902 31.9763 -64.9717
v 5.7269 30.7762 -63.7248
v 24.6641 30.4181 -63.3260
v 27.4068 31.8302 -63.1689
v 30.9178 31.9432 -64.7011
v 35.0739 30.4349 -66.4983
v 37.0857 29.7866 -66.8355
v 4.8323 34.2138 -64.8422
v 6.4799 36.2138 -64.8422
v 16.0105 36.6512 -63.8677
v 18.1511 36.6512 -63.8677
v 28.7994 34.0769 -63.0119
v 29.8477 35.5567 -64.5440
v 8.4420 40.1340 -64.5000
v 10.8827 40.4431 -64.5000
v 14.8359 38.6459 -65.0575
v 19.3202 38.9475 -65.0575
v 23.0739 39.4609 -64.8422
v 27.0739 39.0288 -64.8422
v 29.3802 38.1077 -64.8422
v 8.8128 42.1871 -65.6052
v 9.4219 42.1871 -65.6052
v 4.8087 -2.3620 -62.8065
v 5.1331 -2.3620 -62.8065
v 0.6870 0.8649 -62.4875
v 3.3148 -0.3705 -62.5230
v 5.2187 -0.2237 -62.7092
v 0.6870 2.9302 -62.4875
v 3.0739 2.8018 -62.4699
v 5.2078 1.9898 -62.7005
v 0.9277 13.5922 -62.7178
v 1.4340 13.5922 -62.7178
v 12.9138 13.5832 -62.6875
v 13.2017 13.5832 -62.6875
v 0.8000 15.7763 -62.4004
v 1.9594 15.7763 -62.4004
v 12.3583 15.7763 -62.1306
v 14.1385 15.7763 -62.1306
v 0.8550 18.1069 -62.3775
v 1.8946 18.1069 -62.3775
v 8.9261 21.6081 -62.7990
v 10.9975 20.0754 -61.8512
v 15.4489 19.3982 -61.6916
v 17.6911 20.4794 -62.5329
v 3.8630 24.9970 -62.5348
v 7.3597 23.4494 -62.6669
v 10.9436 23.4069 -61.0801
v 15.0980 23.6578 -60.2916
v 19.0442 24.1618 -62.3753
v 21.0925 25.7520 -62.8342
v 3.8630 26.3439 -62.5348
v 7.0934 27.6453 -62.2638
v 10.1218 27.6786 -60.7326
v 15.8368 27.7763 -60.3263
v 19.0739 27.7763 -61.8975
v 21.7805 27.7763 -62.4133
v 28.6808 29.4625 -62.7372
v 29.2136 29.4625 -62.7372
v 4.9623 33.4428 -62.6190
v 7.2786 32.0199 -60.9726
v 10.9994 31.8488 -59.3457
v 14.8602 31.7709 -60.5304
v 19.0739 31.7763 -61.5779
v 23.2280 31.7614 -61.8771
v 27.4068 31.8302 -62.6402
v 29.2136 30.5757 -62.7372
v 4.9623 34.0341 -62.6190
v 7.3806 35.3897 -61.1442
v 10.9804 35.5578 -60.3314
v 14.8359 35.5013 -62.1456
v 19.3202 35.5013 -62.1391
v 23.0739 35.7763 -61.1017
v 27.3092 35.5567 -61.8999
v 29.2605 36.7436 -62.5698
v 8.5976 39.0391 -62.3361
v 11.0739 38.9143 -62.3114
v 13.3439 38.0308 -62.6406
v 20.8177 37.9593 -62.5653
v 23.0739 38.4478 -61.8852
v 27.0739 38.4825 -61.8885
v 29.2605 38.0055 -62.5698
v 12.3921 24.8972 -56.8422
v 13.9279 24.8972 -56.8422
v 12.1326 27.8564 -56.8538
v 13.9434 27.8564 -56.8538
v 8.8303 33.2637 -58.7265
v 10.9994 31.8488 -58.4607
v 13.3844 30.4340 -58.1949
v 8.8303 34.0787 -58.7265
v 9.5846 34.0787 -58.7265
v 12.7370 25.4684 -54.5122
v 13.5058 25.4684 -54.5122
v 12.7370 26.5765 -54.5122
v 13.5058 26.5765 -54.5122
v -55.0756 25.6082 -30.9508
v -54.6365 25.6082 -30.9508
v -55.0756 26.0016 -30.9508
v -54.6365 26.0016 -30.9508
v 24.2333 -54.5984 -27.6417
v 25.4401 -54.5984 -27.6417
v 24.3388 -52.2237 -27.8260
v 25.4415 -52.2237 -27.8260
v 24.9343 -50.1457 -27.3545
v 25.1979 -50.1457 -27.3545
v -55.6300 24.7984 -28.8422
v -53.9081 24.7984 -28.8422
v -55.6300 26.4164 -28.8422
v -53.9081 26.4164 -28.8422
v 1.0519 -78.2931 -22.8629
v 1.2138 -78.2931 -22.8629
v 1.0519 -78.1938 -22.8629
v 1.2138 -78.1938 -22.8629
v 20.7935 -58.3952 -23.0942
v 23.0739 -58.3905 -23.0866
v 25.2590 -58.2746 -22.9160
v 16.5329 -54.6669 -23.2502
v 19.3057 -56.0896 -23.8320
v 22.9695 -56.0485 -25.2315
v 26.6829 -56.1058 -24.4087
v 29.6070 -54.9465 -23.2347
v 16.5329 -53.0232 -23.2502
v 19.0739 -52.5254 -23.8905
v 23.2505 -51.7302 -24.9106
v 26.5632 -51.3995 -24.4481
v 29.6252 -52.2237 -23.2921
v 24.9343 -50.1457 -25.9893
v 26.6283 -50.0325 -24.5195
v 29.2760 -49.9193 -23.0496
v -75.3097 -2.4789 -23.0470
v -73.8869 -2.4789 -23.0470
v -75.3097 -1.6194 -23.0470
v -73.8869 -1.6194 -23.0470
v -59.3613 21.4606 -23.2289
v -56.9261 20.9665 -23.9415
v -52.9261 20.9639 -23.9435
v -50.4698 21.4570 -23.2315
v -63.3267 25.3897 -23.1247
v -60.7872 23.9443 -23.7469
v -56.9995 23.4949 -25.8249
v -52.6854 23.4949 -25.9156
v -49.0523 24.1080 -23.6971
v -46.8734 25.6625 -22.8904
v -63.3267 26.3484 -23.1247
v -60.9261 26.8802 -23.6831
v -56.9995 27.0120 -24.9454
v -52.4410 27.6895 -24.7097
v -49.2802 27.4317 -23.5121
v -46.8734 25.8685 -22.8904
v -51.0237 29.8330 -22.9232
v -50.8496 29.8330 -22.9232
v 8.4435 -86.7337 -19.8752
v 9.4834 -86.7337 -19.8752
v 4.6094 -82.7767 -19.7791
v 7.0957 -84.1555 -20.4094
v 10.9196 -84.0048 -19.9722
v 13.3258 -82.5256 -19.0504
v 1.0519 -78.2931 -22.7488
v 3.0317 -79.3963 -21.1661
v 7.2741 -79.9049 -20.1370
v 11.0739 -80.5186 -19.4800
v 13.3258 -81.1482 -19.0504
v 1.0519 -78.1938 -22.7488
v 2.9236 -78.1077 -21.0850
v 6.0742 -78.0216 -19.4212
v 20.7935 -58.3952 -21.6498
v 22.8524 -58.3954 -20.5267
v 26.7850 -58.3919 -20.6684
v 31.0739 -58.9120 -19.4583
v 33.6292 -58.9757 -19.2867
v 12.7942 -54.3594 -19.2282
v 15.1493 -54.9645 -20.6738
v 19.3057 -57.2337 -20.5267
v 21.3713 -58.1413 -18.9831
v 27.9256 -57.6131 -21.8858
v 30.9937 -56.2573 -21.1586
v 33.6868 -56.2237 -19.4550
v 12.4891 -52.2237 -19.6809
v 15.1493 -51.9034 -21.8459
v 19.0739 -50.5254 -22.5784
v 23.0739 -50.4835 -22.3800
v 25.3921 -50.3007 -22.4657
v 31.7138 -52.1357 -20.6657
v 33.3359 -53.4104 -19.2148
v 12.5738 -49.6914 -19.5745
v 15.2623 -48.3043 -20.2867
v 19.0739 -48.2237 -21.0456
v 23.1883 -48.1156 -20.1738
v 26.7096 -48.3148 -20.8746
v 30.0023 -48.4410 -20.7069
v 16.7212 -45.9786 -19.2961
v 19.0739 -45.8422 -19.3094
v 21.9312 -45.9600 -19.0111
v 28.0272 -45.9756 -19.2835
v 29.4211 -45.9756 -19.2835
v -71.5250 -7.1442 -19.6148
v -69.8708 -7.1442 -19.6148
v -75.3976 -2.6858 -20.8422
v -72.7059 -3.8651 -21.1512
v -68.6929 -4.3379 -20.1541
v -66.2262 -3.0808 -19.0773
v -75.3976 -1.3811 -20.8422
v -72.7025 -0.9825 -21.1494
v -68.9261 -1.3135 -19.9026
v -66.2262 -1.9553 -19.0773
v -59.6450 21.2729 -20.8422
v -56.9261 20.4627 -20.8422
v -52.9261 20.4471 -20.8422
v -49.0523 20.5703 -20.8875
v -46.1297 20.4582 -19.5843
v -67.3561 25.2723 -19.4893
v -64.7664 24.7885 -20.8304
v -61.6450 22.9195 -20.8422
v -47.8031 22.9958 -22.2510
v -46.0825 24.1080 -20.8875
v -67.3561 26.6906 -19.4893
v -64.8733 27.8528 -20.8675
v -60.9261 28.8802 -22.0176
v -56.5472 28.9829 -20.9404
v -53.9683 29.1097 -20.8422
v -48.1829 28.5352 -21.5943
v -46.5281 27.4317 -20.4935
v -63.7532 30.3817 -19.5791
v -60.9261 31.1955 -20.0176
v -56.8510 31.8252 -19.3082
v -53.0679 31.3549 -20.0286
v -49.2802 30.3901 -20.4935
v -46.8723 29.9268 -18.9277
v -56.0741 33.8811 -18.9438
v -54.5342 33.8811 -18.9438
v 8.4435 -86.7337 -18.2019
v 9.4834 -86.7337 -18.2019
v 4.2091 -82.9836 -16.8422
v 7.0957 -84.8920 -16.8580
v 11.2159 -84.0916 -16.6472
v 13.3258 -82.5256 -17.7590
v 3.5110 -80.2237 -16.8422
v 8.7409 -78.3591 -18.7124
v 11.4616 -79.7536 -16.9024
v 13.3258 -81.1482 -17.7590
v 4.3758 -77.3200 -16.8422
v 7.3120 -76.2879 -16.8175
v 9.8018 -76.2237 -15.8051
v 8.5498 -74.1587 -14.9225
v 9.1435 -74.1587 -14.9225
v 17.0588 -58.2429 -14.8891
v 19.0739 -58.3619 -15.7684
v 22.8524 -58.9505 -17.1550
v 27.0739 -60.0393 -16.8422
v 31.0739 -60.6702 -16.8422
v 33.7819 -59.6393 -16.8422
v 40.6367 -58.3838 -15.1469
v 41.3933 -58.3838 -15.1469
v 12.7942 -54.3594 -18.5746
v 15.6380 -55.9528 -16.7319
v 19.0739 -57.6537 -17.7684
v 21.3713 -58.1413 -18.6969
v 34.4294 -56.2237 -16.8422
v 40.4746 -56.2237 -15.2172
v 41.4444 -56.2237 -15.2172
v 12.4891 -52.2237 -18.1710
v 14.5624 -52.2237 -16.1710
v 32.7387 -50.7437 -18.3358
v 34.0258 -52.1357 -16.9383
v 40.7122 -53.6437 -15.0375
v 41.2486 -53.6437 -15.0375
v 12.5738 -49.6914 -18.2148
v 15.3182 -48.1320 -16.7293
v 17.4441 -46.5726 -15.2438
v 24.5979 -46.7103 -18.5770
v 25.3605 -46.7103 -18.5770
v 32.0828 -48.2237 -17.5903
v 33.7684 -48.2237 -15.5903
v 16.7212 -45.9786 -17.9105
v 18.8960 -45.5905 -16.6832
v 23.1883 -45.2345 -17.0830
v 26.8459 -45.3248 -17.0830
v 31.0635 -44.5605 -16.3341
v 33.3733 -44.2237 -15.0800
v 32.6316 -40.2237 -15.0399
v 33.3304 -40.2237 -15.0399
v 32.8521 -38.0909 -14.9593
v 33.2195 -38.0909 -14.9593
v -71.5250 -7.1442 -17.7203
v -69.8708 -7.1442 -17.7203
v -75.4508 -3.0543 -16.8422
v -72.8854 -5.1829 -16.5690
v -68.6929 -5.6090 -16.5690
v -65.9622 -3.5869 -16.8422
v -75.4508 -1.2043 -16.8422
v -73.0415 0.7590 -17.0016
v -68.8253 0.6288 -17.0016
v -65.9622 -1.3670 -16.8422
v -71.7851 2.6251 -15.7745
v -70.0915 2.6251 -15.7745
v -51.5765 17.4672 -15.1966
v -48.9261 17.0948 -16.0920
v -46.2751 17.1768 -16.1541
v -59.8928 20.9697 -16.8422
v -56.9261 20.1089 -16.8422
v -52.9163 19.2641 -16.6548
v -48.9261 18.5082 -18.0920
v -45.6761 19.3855 -17.2293
v -39.5735 21.4623 -15.3614
v -36.9261 21.4356 -15.3545
v -34.8375 21.6360 -15.0061
v -67.3561 25.2723 -18.2440
v -64.9261 24.8316 -17.4124
v -62.0808 23.7229 -16.4573
v -44.1326 23.9857 -16.5293
v -41.1008 23.9272 -15.1744
v -36.9261 22.3996 -15.3545
v -34.8375 21.9878 -15.0061
v -67.3561 26.6906 -18.2440
v -65.0223 27.9249 -17.1586
v -62.6476 27.7763 -15.1864
v -54.9613 29.6894 -18.7964
v -54.8847 29.6894 -18.7964
v -44.4681 27.7763 -16.9965
v -42.6185 27.7763 -14.9965
v -63.7532 30.3817 -17.9426
v -61.1220 31.6506 -16.7024
v -57.0784 32.0603 -17.6797
v -53.0660 31.8708 -17.6797
v -48.9261 31.7116 -16.8422
v -45.2938 30.1613 -16.4785
v -42.8139 29.9137 -14.9027
v -56.6663 34.2047 -16.8422
v -53.7019 34.2047 -16.8422
v -47.2065 37.2731 -14.9877
v -46.4969 37.2731 -14.9877
v -47.2065 38.1779 -14.9877
v -46.4969 38.1779 -14.9877
v 3.9654 -83.5206 -12.8422
v 7.0739 -84.7955 -12.8422
v 10.6840 -83.4985 -12.8422
v 3.1000 -80.2237 -12.8422
v 12.3438 -80.2237 -12.8422
v 4.2085 -77.3173 -12.8422
v 6.5334 -75.3173 -12.8422
v 10.9402 -76.2237 -12.8422
v 8.5334 -74.1093 -12.8422
v 9.2804 -74.1093 -12.8422
v 20.2599 -70.5366 -11.1559
v 23.0739 -70.4807 -11.0967
v 25.1724 -70.2534 -10.8677
v 20.1041 -68.2237 -11.1626
v 23.0739 -68.2237 -11.4276
v 26.7330 -68.1006 -11.1767
v 29.2741 -66.6853 -11.0464
v 16.7423 -62.8611 -11.0672
v 19.1757 -64.2817 -11.0115
v 23.0110 -64.3108 -11.5976
v 27.0739 -64.2237 -12.7045
v 29.5789 -64.2237 -11.8453
v 16.6749 -59.8352 -12.5772
v 19.0835 -60.3132 -12.5772
v 23.0110 -60.8912 -12.9328
v 27.0739 -61.8672 -14.3055
v 30.9578 -61.5877 -13.1221
v 34.9071 -59.4347 -12.7386
v 39.2116 -59.1416 -12.7386
v 42.2840 -59.1557 -12.8422
v 16.1389 -56.2237 -12.8422
v 35.8165 -56.2237 -13.6917
v 38.4746 -56.2237 -13.6917
v 43.2631 -56.2237 -12.8422
v 15.0310 -52.2237 -12.8422
v 36.0673 -52.2237 -13.8945
v 39.2569 -52.2757 -13.9087
v 42.5574 -52.2757 -13.0669
v 15.5368 -48.0330 -13.0995
v 17.4441 -46.5726 -14.6045
v 35.7684 -48.2237 -13.5207
v 39.0739 -48.2237 -12.5050
v 42.4170 -48.2237 -11.8264
v 16.3227 -45.5397 -11.9378
v 18.8960 -44.8091 -13.0995
v 22.8465 -43.1164 -13.0115
v 27.0739 -43.2861 -13.8977
v 30.0393 -43.1453 -13.9673
v 35.3733 -44.2237 -13.2246
v 38.9551 -44.3639 -11.3108
v 41.6977 -45.7907 -11.1133
v 24.0281 -41.8657 -11.7910
v 27.0739 -41.4556 -11.8977
v 31.0368 -40.2240 -12.7173
v 34.9026 -40.3872 -12.6639
v 37.5426 -41.8295 -11.2118
v 32.8034 -38.1047 -12.8422
v 33.2125 -38.1047 -12.8422
v -75.0154 -6.3407 -11.1374
v -72.9261 -6.4926 -11.8206
v -68.9261 -6.6198 -12.2111
v -66.6423 -6.5103 -11.6580
v -75.4731 -4.2716 -12.6193
v -72.9261 -5.6520 -13.8206
v -68.9261 -5.8125 -14.2111
v -66.3117 -4.4000 -12.9317
v -75.5433 -0.1197 -12.7260
v -74.4517 1.2830 -13.9819
v -67.4249 1.3169 -14.3756
v -66.2201 -0.0993 -12.9622
v -75.1324 1.9218 -11.3153
v -73.0415 2.6059 -12.7260
v -68.8253 2.8970 -12.9622
v -66.4898 2.4070 -11.7089
v -59.2987 9.2684 -11.1072
v -56.9261 9.2426 -11.1122
v -52.9261 9.3567 -11.1197
v -50.5541 9.4204 -11.1173
v -59.4753 11.7763 -11.0947
v -56.9261 11.7763 -11.3658
v -52.9261 11.7763 -11.6609
v -50.0720 11.7763 -11.3897
v -59.2858 14.5875 -10.9138
v -56.8149 15.8630 -11.1392
v -52.9163 15.9909 -12.9692
v -48.7805 15.9887 -12.6596
v -46.2751 17.1768 -14.0221
v -39.1284 17.7083 -10.9345
v -36.9261 17.7208 -10.9184
v -34.9183 17.7703 -10.8514
v -60.4654 20.3290 -12.8422
v -56.8149 18.5196 -12.5363
v -54.2431 18.2782 -13.6657
v -47.4016 18.9320 -11.3554
v -44.9493 20.0647 -12.7617
v -40.6843 19.9965 -12.5512
v -36.9261 19.4356 -12.9184
v -34.5806 20.0922 -12.4477
v -63.6077 24.4851 -12.1494
v -62.5389 23.4016 -13.2265
v -43.6235 22.7919 -14.1680
v -41.1008 23.9272 -14.3172
v -36.9261 24.3996 -13.7522
v -34.4998 23.5032 -12.5956
v -63.6642 27.7763 -12.2580
v -62.6476 27.7763 -14.2580
v -40.6185 27.7763 -13.8041
v -36.9261 27.7763 -12.3504
v -34.5080 27.7763 -11.3885
v -63.3081 31.7763 -11.3271
v -61.1220 32.1152 -13.5629
v -58.7649 33.6745 -14.7300
v -51.0191 33.7035 -14.7863
v -48.9261 32.9870 -14.5752
v -44.9261 32.1447 -14.0974
v -41.2588 31.4588 -13.1059
v -37.1430 31.7282 -11.4053
v -34.5111 30.3627 -11.3148
v -63.1330 33.8343 -10.9082
v -60.9261 34.1668 -11.8076
v -57.2294 34.8535 -13.1749
v -52.5819 35.2477 -13.2086
v -48.9708 36.0845 -13.3308
v -45.0686 35.8744 -13.6502
v -41.1871 35.5637 -11.5148
v -38.6210 34.0887 -10.9829
v -47.9931 38.9479 -12.8422
v -45.0686 38.7948 -12.6461
v -42.6944 37.9117 -11.1820
v 8.0693 -86.3285 -7.1504
v 9.2080 -86.3285 -7.1504
v 3.6888 -84.1315 -8.8422
v 6.8712 -85.9095 -8.6271
v 10.9438 -84.0578 -8.4167
v 13.1056 -82.2927 -7.0163
v 2.5623 -80.2237 -8.8422
v 12.1053 -80.5725 -8.5467
v 13.1056 -82.1384 -7.0163
v 3.9474 -77.8348 -8.8422
v 7.3560 -76.2640 -9.1628
v 10.0653 -76.5751 -9.1628
v 8.8773 -74.1361 -10.7098
v 9.2796 -74.1361 -10.7098
v 19.8900 -70.7373 -8.8422
v 23.0739 -70.9459 -8.8422
v 26.7330 -70.4336 -8.5700
v 29.3105 -70.2955 -7.0552
v 16.4350 -66.9596 -7.6344
v 18.2394 -68.2652 -8.9175
v 27.8390 -69.3519 -9.7219
v 29.6390 -68.1006 -8.5700
v 15.7381 -64.2061 -8.9175
v 19.1757 -64.2817 -10.3702
v 21.6357 -63.0355 -10.4393
v 31.3810 -63.8790 -8.4937
v 33.2407 -62.3160 -6.9281
v 12.3004 -59.4328 -7.3329
v 14.3305 -60.5491 -8.7366
v 20.4232 -61.5219 -10.4393
v 21.6357 -61.5219 -10.4393
v 32.2138 -61.4862 -9.5947
v 34.7740 -60.8584 -8.4937
v 39.0739 -60.4599 -8.8422
v 43.4504 -59.6232 -9.1924
v 45.4058 -58.7034 -8.0925
v 8.4282 -54.9814 -7.4757
v 11.0098 -56.2783 -7.6150
v 14.2928 -56.2237 -9.3330
v 44.8926 -56.2237 -10.6585
v 45.7282 -56.2237 -8.6585
v 7.7255 -52.2237 -7.7619
v 11.0739 -52.2237 -8.8757
v 13.5425 -52.2237 -9.9559
v 44.7973 -52.2237 -10.5411
v 45.8516 -52.2237 -8.5411
v 4.6379 -47.3328 -7.4138
v 6.7826 -48.4892 -7.8084
v 11.0739 -48.2237 -9.1318
v 13.5215 -48.2237 -10.3527
v 20.8050 -46.5494 -7.0108
v 21.3548 -46.5494 -7.0108
v 44.4170 -48.2237 -10.1189
v 45.7197 -48.2237 -8.1189
v 4.6379 -45.7233 -7.4138
v 7.0739 -45.4359 -7.6054
v 11.0227 -44.2937 -8.0985
v 15.2119 -44.0695 -8.9995
v 19.3126 -44.5623 -8.5433
v 22.6915 -44.0150 -8.5807
v 25.7210 -42.9335 -7.4839
v 40.2093 -43.1240 -9.9694
v 43.0615 -44.3546 -8.7100
v 45.4385 -45.5852 -7.4507
v 12.3219 -41.7052 -7.7973
v 14.1010 -41.7052 -7.7973
v 24.0281 -41.8657 -10.1506
v 27.0622 -41.3157 -8.8272
v 31.3906 -39.5126 -9.2111
v 34.6974 -39.6990 -9.2111
v 38.9551 -41.4374 -8.7185
v 41.7586 -41.7578 -7.3027
v 32.9351 -38.1978 -10.7904
v 33.1131 -38.1978 -10.7904
v -75.0154 -6.3407 -9.5913
v -73.3134 -6.8346 -8.4917
v -68.9261 -7.2729 -8.8422
v -66.5982 -6.5970 -8.8422
v -75.6181 -4.6129 -8.4917
v -74.9050 -6.2057 -6.9247
v -66.2830 -4.2237 -8.8422
v -75.6883 0.0794 -8.6942
v -72.9261 1.3910 -7.5667
v -68.9261 0.8065 -7.7776
v -66.4121 -0.3882 -8.8630
v -75.1324 1.9218 -9.9290
v -72.9261 2.1767 -9.5667
v -68.9261 2.5406 -9.7776
v -66.4898 2.4070 -10.2103
v -59.7531 8.8654 -8.8422
v -56.9261 8.1953 -8.8422
v -52.9261 8.4750 -8.8422
v -50.0650 9.1451 -8.8422
v -63.3138 13.0627 -7.6643
v -61.4035 11.7482 -8.9354
v -48.5620 11.7763 -8.8422
v -63.8528 15.7763 -8.4200
v -60.7419 15.8630 -10.4404
v -58.0741 17.2542 -10.7355
v -47.6090 15.4842 -8.7257
v -44.9261 16.6732 -7.5839
v -40.6475 17.5057 -8.7521
v -36.9261 17.6033 -8.8422
v -34.8018 17.7036 -8.8422
v -68.2140 21.2230 -7.0085
v -65.0348 19.8444 -8.4798
v -61.2982 19.4505 -10.7160
v -58.0741 17.9000 -10.7355
v -47.4016 18.9320 -9.9813
v -44.9261 19.2089 -9.5839
v -41.7951 18.5307 -10.0253
v -33.8617 19.7763 -8.8422
v -71.3165 24.4606 -7.3683
v -69.2988 23.3869 -7.4514
v -64.9351 23.4016 -9.5046
v -62.8796 21.8184 -10.7903
v -33.3203 23.7763 -8.8422
v -71.8551 27.7763 -7.6243
v -68.9261 27.7763 -8.3763
v -65.6642 27.7763 -9.5942
v -33.1542 27.7763 -8.8422
v -72.2434 31.7763 -7.4896
v -68.9261 31.7763 -8.6957
v -65.3081 31.7763 -10.0482
v -59.4908 32.9760 -7.2723
v -56.9261 32.8041 -7.6379
v -54.3908 33.2803 -7.4729
v -35.9543 33.0294 -10.0814
v -33.6831 31.7282 -8.7857
v -71.8343 34.0040 -7.1888
v -68.5947 35.5129 -7.7602
v -64.8657 35.4881 -8.7672
v -60.8649 34.5080 -8.7003
v -56.9261 34.7730 -9.6379
v -53.0049 35.4616 -8.8206
v -50.3439 37.2331 -8.8422
v -43.2606 37.5806 -7.4355
v -41.3329 37.1680 -8.7251
v -37.1961 35.5478 -8.7148
v -34.3292 34.3402 -7.4147
v -67.0405 37.8632 -7.0972
v -66.5984 37.8632 -7.0972
v -48.3439 38.8342 -8.8422
v -44.7268 38.7038 -8.7981
v -41.3329 38.0036 -8.7251
v -38.4379 38.0955 -7.3481
v 4.6553 -86.8539 -4.0526
v 6.8712 -87.0289 -5.1684
v 9.4553 -86.7576 -4.8422
v 3.5256 -84.5885 -5.1684
v 5.4026 -86.1651 -6.7193
v 11.2473 -83.8651 -5.2075
v 13.1056 -82.2927 -6.7843
v 2.2303 -80.2237 -4.8422
v 8.7001 -78.6440 -3.8521
v 10.6980 -80.3912 -5.3182
v 13.1056 -82.1384 -6.7843
v 3.8517 -77.4800 -4.8422
v 7.2496 -77.5801 -5.0482
v 9.2083 -78.1427 -6.5188
v 17.0134 -70.3141 -3.0383
v 19.0152 -70.8256 -4.5599
v 23.0739 -71.1627 -4.8422
v 27.0739 -70.8385 -4.8422
v 30.8158 -71.1218 -4.9779
v 33.8971 -71.2400 -3.7350
v 16.2894 -68.2652 -4.5599
v 17.6427 -69.6263 -5.7050
v 31.6302 -68.2237 -6.0429
v 34.3855 -68.2237 -4.0429
v 12.5023 -62.8573 -4.0054
v 13.9722 -64.2038 -5.1401
v 32.2458 -64.9826 -6.2171
v 34.4752 -63.8790 -4.8671
v 8.9748 -58.4095 -3.0732
v 11.0680 -60.2545 -4.8726
v 13.1513 -62.0994 -6.6721
v 36.1313 -61.7536 -4.8422
v 39.0739 -60.7107 -4.8422
v 43.1203 -59.2771 -4.8304
v 45.4058 -58.7034 -6.1559
v 8.1089 -56.2783 -4.5808
v 9.6337 -57.6480 -5.7398
v 40.7105 -54.6457 -3.3090
v 43.1203 -56.0769 -3.5811
v 46.6833 -55.5935 -4.4580
v 51.0739 -54.8296 -3.2504
v 53.2857 -54.5018 -3.0476
v 4.6265 -51.0659 -3.9454
v 5.8770 -52.3290 -5.1041
v 40.7105 -53.7379 -3.3090
v 43.0739 -53.7764 -3.2805
v 46.7539 -53.0334 -4.4593
v 51.0272 -52.4013 -3.5589
v 53.2857 -53.8531 -3.0476
v 4.6322 -48.2576 -4.8695
v 5.3943 -48.2576 -4.8695
v 20.8050 -46.5494 -6.6384
v 21.3548 -46.5494 -6.6384
v 47.5086 -48.0851 -4.8323
v 49.6627 -49.3260 -3.4924
v 4.6379 -45.7233 -5.7936
v 6.9497 -45.3449 -4.6131
v 10.4369 -43.5005 -4.8422
v 16.7677 -42.5992 -6.5815
v 19.5521 -43.8062 -5.2766
v 22.8425 -44.3373 -5.1199
v 25.5759 -42.7735 -4.8422
v 32.9784 -42.3451 -2.9167
v 35.0739 -42.7276 -3.4023
v 39.0739 -43.2622 -3.8479
v 43.0847 -43.6474 -4.8434
v 45.7449 -45.3776 -4.8422
v 12.4369 -41.8017 -4.8422
v 15.2902 -41.5394 -5.0858
v 18.2992 -41.6458 -3.9148
v 27.5759 -41.4025 -4.8422
v 31.4166 -41.1489 -4.4869
v 35.0739 -41.3635 -5.4023
v 39.0739 -41.5365 -5.8479
v 41.7586 -41.7578 -6.1775
v -71.4681 -10.4888 -3.3807
v -70.4966 -10.4888 -3.3807
v -75.2905 -6.7623 -4.1449
v -73.1865 -8.1562 -5.0961
v -69.0530 -7.9924 -4.9344
v -66.7727 -6.4349 -6.4881
v -75.7596 -4.6129 -5.2238
v -74.9050 -6.2057 -6.8116
v -67.8555 -4.2237 -4.2087
v -66.6120 -4.2237 -6.2087
v -75.6557 0.0794 -5.0281
v -72.7786 1.3681 -5.0281
v -68.8596 -0.6995 -4.9479
v -66.6607 -1.8313 -6.3517
v -75.1173 1.9420 -3.8187
v -74.0136 1.9420 -3.8187
v -47.1561 5.7025 -2.9595
v -46.5730 5.7025 -2.9595
v -60.2223 8.2945 -4.8422
v -56.9261 7.3933 -4.8422
v -52.9261 7.9496 -4.8422
v -48.6530 7.8260 -4.6807
v -45.1142 7.7208 -3.7283
v -42.6449 9.0172 -3.3088
v -63.5747 12.6677 -4.8422
v -62.2223 10.6677 -4.8422
v -47.4160 11.7763 -6.3883
v -44.9261 11.7763 -4.8669
v -42.6203 11.7763 -3.3208
v -67.3264 17.2701 -3.5891
v -65.5538 15.8726 -4.8903
v -47.0221 13.9561 -6.6773
v -44.9261 14.6732 -5.8472
v -41.2502 15.8090 -4.5451
v -37.0967 17.5448 -5.1255
v -34.7681 17.6854 -6.6478
v -70.9844 21.6857 -4.0374
v -69.1035 20.1210 -5.1466
v -66.4407 18.5564 -6.2558
v -35.8897 19.7763 -3.8933
v -32.9062 20.6228 -4.6213
v -30.8406 21.7515 -2.9255
v -74.9414 25.7530 -2.8666
v -72.4838 23.7734 -4.7853
v -70.8806 21.7939 -6.7040
v -35.2599 21.9699 -3.1047
v -32.6545 23.0022 -4.3919
v -29.2748 23.9443 -3.3248
v -26.7517 25.3896 -2.9596
v -74.9414 26.0638 -2.8666
v -73.9171 27.5488 -4.4568
v -31.5723 27.7763 -6.0030
v -28.8971 27.5861 -3.8413
v -26.7517 26.1259 -2.9596
v -72.6278 32.0628 -4.5813
v -70.7973 33.5871 -3.0740
v -59.4908 32.9760 -6.3236
v -56.9261 32.8041 -5.7655
v -54.3908 33.2803 -5.9252
v -31.9574 31.8216 -5.0087
v -30.2111 30.5184 -3.7863
v -71.8343 34.0040 -5.7407
v -68.9189 35.5879 -4.8126
v -64.9294 37.1569 -4.8839
v -60.8649 35.7957 -5.1721
v -57.3078 35.4890 -3.5972
v -52.7894 35.6150 -4.6654
v -48.9712 37.3760 -4.7040
v -44.7268 36.8823 -4.7383
v -41.1532 36.4638 -4.9431
v -37.0332 36.1567 -4.9431
v -34.0101 34.4926 -4.8422
v -67.0405 37.8632 -6.5512
v -64.9294 37.8678 -4.8839
v -60.9261 37.8578 -3.1434
v -58.8957 37.7889 -2.8694
v -51.1880 37.9118 -3.4056
v -48.9712 37.9691 -4.7040
v -45.9273 38.0264 -6.0024
v -39.9713 38.0955 -6.3437
v -38.4379 38.0955 -6.3437
v 4.5663 -90.3228 0.9085
v 5.1813 -90.3228 0.9085
v 4.0872 -88.2018 -0.5918
v 6.7384 -88.8540 -0.5918
v 10.2914 -87.0389 -0.8422
v 2.5029 -84.2237 -0.8422
v 11.0983 -84.2237 -0.8422
v 2.1640 -80.2237 -0.8422
v 8.7001 -78.6440 -2.4889
v 10.2000 -80.0759 -1.0302
v 16.5384 -78.4672 0.7934
v 17.3879 -78.4672 0.7934
v 3.8823 -77.0556 -0.8422
v 7.2496 -76.7330 -1.0302
v 9.8749 -77.2965 0.1778
v 16.3117 -76.2237 0.4513
v 18.0359 -76.2237 0.4513
v 12.8824 -70.3997 0.9995
v 15.4699 -71.6903 -0.5435
v 19.2552 -72.7287 -0.7887
v 23.0739 -71.4641 -0.8422
v 27.0739 -71.1921 -0.8422
v 31.0739 -72.2983 -0.8422
v 34.1323 -71.5069 -0.8422
v 12.4230 -68.2237 0.4040
v 14.5725 -68.2237 -1.5960
v 35.4724 -68.2237 -0.8422
v 8.3421 -62.6497 0.6288
v 11.1166 -64.0868 -0.8634
v 13.7992 -65.5239 -2.3557
v 35.8275 -64.2237 -0.8422
v 4.6596 -58.9379 0.8430
v 7.3251 -60.0070 -0.5974
v 9.8356 -61.0762 -2.0379
v 36.4439 -60.5427 -0.6454
v 39.0739 -59.5018 -1.2722
v 42.8645 -58.8179 -0.7246
v 45.9862 -58.9063 0.2943
v 4.2305 -56.2237 0.5235
v 6.3519 -56.2237 -1.4765
v 36.8058 -57.2650 0.8192
v 39.7753 -56.1764 -0.6177
v 42.4169 -56.7918 -1.0417
v 46.9715 -56.2818 -1.2061
v 51.0739 -55.6312 -0.8422
v 53.3142 -54.5439 -0.8422
v 4.0828 -52.3290 -0.7608
v 5.5436 -53.7326 -2.0398
v 40.7105 -53.7379 -2.4117
v 43.0739 -53.7764 -2.4176
v 45.2902 -54.1130 -2.7065
v 51.6798 -51.8089 -0.8422
v 53.3142 -53.8089 -0.8422
v 4.3769 -47.9988 -0.8319
v 5.5335 -46.5156 -2.1585
v 44.5350 -46.7438 0.2406
v 46.9919 -47.4679 -0.9925
v 49.6798 -49.3888 -0.8422
v 4.8538 -46.0633 0.5082
v 7.2058 -44.6030 -0.6476
v 10.3099 -43.1427 -1.8033
v 20.9659 -42.3466 -2.5762
v 23.0739 -42.3333 -2.6044
v 25.0962 -42.2469 -2.7910
v 32.6405 -42.6107 -0.8422
v 35.0150 -42.8636 -0.7910
v 39.1191 -43.2708 -0.7910
v 43.1506 -45.0467 -0.9925
v 45.6039 -45.7341 -2.4260
v 8.8781 -41.6606 0.8633
v 11.4155 -41.7979 -0.6189
v 15.0739 -41.2538 -0.8422
v 19.4091 -41.3212 -1.0826
v 23.0739 -41.6085 -0.6044
v 26.6873 -41.3808 -1.2115
v 30.6405 -41.5172 -0.8422
v 36.3090 -41.9669 0.5765
v 37.8158 -41.9669 0.5765
v -74.9514 -14.2369 1.1399
v -74.9056 -14.2369 1.1399
v -75.3182 -12.2237 0.6390
v -73.0607 -11.4801 -0.5325
v -70.4966 -10.4888 -2.0946
v -75.7380 -8.1469 -0.8465
v -72.7600 -9.6232 -0.8053
v -69.0530 -8.3955 -0.7383
v -66.5982 -6.9737 0.6181
v -76.3644 -4.2237 -0.8422
v -67.8555 -4.2237 -1.5627
v -66.4213 -4.2237 0.4373
v -75.6780 0.0210 -0.7895
v -72.9985 1.5635 -1.0411
v -68.7151 0.0260 -0.9621
v -65.1299 -0.0988 0.7438
v -60.9261 1.3569 0.7586
v -58.8445 1.6333 1.0327
v -75.1173 1.9420 -2.0877
v -72.9985 2.1552 -1.0411
v -69.9482 2.3683 0.0055
v -63.6788 2.9460 0.7506
v -61.2839 4.0781 0.0709
v -58.2454 3.7763 0.1046
v -47.7693 5.4867 -0.8422
v -46.2285 5.4867 -0.8422
v -67.1265 9.5615 0.9462
v -64.9261 8.6856 0.2764
v -61.3901 7.1887 -1.2969
v -56.8305 6.7138 -1.2097
v -52.9261 7.6181 -0.8422
v -49.7693 6.4943 -0.8422
v -44.2285 6.9516 -0.8422
v -42.6021 8.9516 -0.8422
v -67.3991 11.7763 0.5566
v -64.8123 11.7176 -1.5014
v -62.5910 10.3451 -2.4725
v -42.3177 11.7763 -0.8422
v -71.5535 17.4476 0.7891
v -68.6747 16.0256 -0.6549
v -66.0698 14.6035 -2.0989
v -43.4703 17.2520 0.6249
v -41.4032 16.0662 -0.9097
v -36.8433 17.6211 -0.7465
v -34.6841 17.6950 0.9512
v -72.0749 20.1219 -0.6634
v -69.9930 19.0190 -1.8776
v -43.4703 18.6018 0.6249
v -40.5911 19.8716 0.2531
v -36.9793 19.7763 -0.6951
v -32.9145 20.1277 -0.8253
v -30.2894 21.3034 -0.8422
v -75.0166 25.0901 -0.8422
v -73.8915 23.0901 -0.8422
v -39.0345 21.8352 1.1183
v -37.0798 21.9026 -0.7417
v -33.8116 21.9699 -2.6017
v -28.2894 22.9939 -0.8422
v -26.5775 24.9939 -0.8422
v -75.1296 27.5488 -1.0741
v -74.6725 28.7305 -2.5620
v -28.2294 28.2742 -0.8422
v -26.5775 26.2742 -0.8422
v -75.1445 30.3564 0.1047
v -73.1739 31.3834 -1.0741
v -70.3798 33.3501 -0.8422
v -35.6120 32.8672 0.2682
v -32.9514 32.1828 -0.9759
v -30.2294 30.4662 -0.8422
v -68.4505 35.8137 -0.6633
v -65.9269 37.1719 -1.8774
v -56.2290 36.6308 -1.9646
v -52.5396 37.1031 -0.6566
v -48.9313 37.0729 -0.7460
v -44.9261 35.7056 -0.8422
v -40.9261 35.5219 -0.8422
v -36.9376 34.8812 -0.9759
v -34.3016 34.1676 -2.3984
v -67.5285 37.9838 0.7893
v -64.7266 37.9629 -0.6633
v -60.9261 37.9550 -0.8422
v -57.3078 38.0768 -0.7156
v -52.5396 38.0270 -0.6566
v -50.2682 37.9118 -2.0152
v 4.3405 -90.4886 3.1578
v 5.5305 -90.4886 3.1578
v 3.0895 -88.2237 3.1578
v 7.5305 -88.9153 3.1578
v 11.4233 -86.7858 3.3220
v 13.0846 -86.2384 4.7648
v 0.8148 -83.0026 4.1479
v 1.7612 -84.2910 2.9519
v 12.0249 -84.6084 3.3220
v 13.0846 -86.1983 4.7648
v 0.4992 -80.2237 3.7800
v 1.5858 -80.2237 1.7800
v 10.7835 -80.2237 3.1578
v 16.5384 -78.4672 1.5382
v 17.3879 -78.4672 1.5382
v 0.6518 -76.2237 4.5051
v 2.9954 -76.0964 2.9319
v 7.0739 -74.8693 2.5558
v 10.0740 -76.0674 3.1800
v 16.3117 -76.2237 2.0843
v 18.0359 -76.2237 2.0843
v 1.0183 -74.1460 5.1147
v 3.0739 -73.9983 4.9957
v 6.9655 -72.4900 4.4923
v 11.1733 -71.8597 3.3564
v 15.1854 -72.6602 3.2707
v 19.2552 -73.3757 3.2707
v 23.2458 -71.3896 3.0581
v 27.1190 -70.8159 3.0581
v 31.0739 -71.5570 3.1578
v 33.6934 -70.9255 3.1578
v 8.3344 -68.2237 4.8569
v 10.4230 -68.2237 2.8569
v 24.6937 -69.6222 4.3250
v 25.8157 -69.6222 4.3250
v 34.4237 -68.2237 3.1578
v 0.9765 -62.3878 5.0371
v 3.0739 -62.7192 4.5639
v 7.3053 -64.0183 3.4416
v 9.7309 -65.3163 2.3964
v 34.5190 -64.2237 3.1578
v 0.5883 -60.2237 4.6228
v 3.2253 -60.2522 2.7271
v 5.6754 -61.6046 1.8200
v 32.7886 -58.6073 4.8861
v 34.2849 -60.0538 3.3948
v 43.9112 -58.9063 1.8738
v 45.9862 -58.9063 1.8738
v 0.2244 -56.2237 3.9278
v 2.2305 -56.2237 1.9278
v 32.5069 -56.2237 4.4814
v 35.2346 -56.1653 3.3735
v 39.0739 -56.3438 3.1578
v 42.7763 -57.2459 3.1874
v 47.2213 -56.8710 3.1874
v 50.6956 -54.9042 2.8374
v 53.1824 -54.3725 1.2904
v 0.4913 -53.3347 4.1104
v 2.2057 -52.0903 2.9294
v 32.6033 -53.7518 4.5276
v 33.6634 -53.7518 4.5276
v 48.3829 -51.4198 4.3052
v 50.5349 -52.7305 2.7978
v 53.1824 -54.0412 1.2904
v 3.4709 -48.2237 3.1578
v 43.9197 -47.1117 3.1578
v 47.0593 -49.2048 3.0463
v 49.2930 -50.0082 1.6385
v 4.5235 -45.8371 3.1578
v 6.4633 -43.8371 3.1578
v 32.5916 -42.6183 2.2034
v 34.7613 -42.7434 3.2566
v 39.1191 -43.5419 3.0490
v 41.9197 -45.3878 3.1578
v 8.4633 -41.2089 3.1578
v 11.0739 -40.5947 3.1578
v 15.0739 -40.2729 3.1578
v 18.8299 -39.3400 3.3293
v 23.0739 -39.6085 2.4906
v 27.0739 -39.6244 2.7663
v 30.8452 -40.6616 3.6740
v 34.7613 -42.0347 3.2566
v 37.8158 -41.9669 1.6431
v 20.0005 -37.8266 4.7770
v 23.0739 -37.7427 4.4906
v 27.0739 -38.0301 4.7663
v 29.0987 -38.2098 5.1447
v -74.9514 -14.2369 1.2091
v -74.9056 -14.2369 1.2091
v -75.4746 -12.1999 2.7886
v -73.1454 -11.9535 2.9676
v -70.6433 -10.3896 4.7262
v -76.5435 -8.2237 3.1578
v -71.3852 -9.8173 2.0595
v -69.1564 -8.9147 3.2988
v -66.6310 -6.8922 3.1578
v -76.9057 -4.2237 3.1578
v -67.2364 -3.2221 4.5993
v -66.4829 -4.4227 3.2227
v -78.9477 1.7082 5.1350
v -76.9453 0.2794 3.2790
v -74.6499 1.5174 1.4231
v -67.6528 -0.2241 3.2227
v -65.1299 -0.0988 1.7486
v -60.9261 1.3569 1.6077
v -58.8445 1.6333 1.3509
v -78.9477 1.8423 5.1350
v -76.9087 3.4159 4.3261
v -73.1604 3.7315 2.5046
v -68.7098 3.8529 3.5771
v -64.8392 4.1417 3.3099
v -61.4929 4.1076 2.7911
v -58.0100 3.8720 2.8737
v -47.8203 5.4640 2.0501
v -46.3490 5.4640 2.0501
v -75.5638 6.2762 4.8626
v -72.5520 7.6762 4.7339
v -68.6463 8.0474 3.2494
v -64.7701 6.5630 3.4962
v -62.7763 5.9208 3.1578
v -55.8421 7.0856 3.1578
v -52.9261 8.2928 3.1578
v -49.0626 6.9524 3.2932
v -44.8543 7.7814 3.2054
v -42.7753 9.4359 1.6941
v -75.1732 13.4660 4.9636
v -72.2894 12.2188 5.0510
v -69.7011 12.0935 3.5462
v -44.0622 11.7763 3.9359
v -42.6235 11.7763 1.9359
v -75.6171 15.7763 4.5693
v -72.5815 15.6145 3.4322
v -70.2446 14.5336 3.1578
v -44.3703 15.8617 3.0585
v -42.6734 14.5854 1.6590
v -35.1428 17.6950 1.3022
v -34.6841 17.6950 1.3022
v -79.2389 20.9304 4.6178
v -76.9306 19.6688 3.7201
v -74.3183 19.7763 1.7658
v -43.9204 19.2628 3.1578
v -40.5911 21.3216 2.8529
v -37.1774 20.6021 2.7906
v -33.1809 19.8129 2.3824
v -30.1626 21.1707 2.2139
v -79.2389 22.9032 4.6178
v -76.8983 23.8939 2.9216
v -74.8217 22.2180 1.2255
v -42.9975 25.4179 5.0658
v -40.8948 23.6266 3.1910
v -37.4443 22.0557 2.9906
v -32.9261 22.3523 4.5802
v -28.9990 23.5820 3.1822
v -26.6356 25.1198 1.4837
v -76.3626 27.7763 3.1578
v -42.9975 25.8466 5.0658
v -42.7552 25.8466 5.0658
v -31.4917 29.2808 4.3855
v -29.2738 27.6857 2.9346
v -26.6356 26.0906 1.4837
v -75.4042 30.9918 3.1578
v -72.9194 32.9212 3.2356
v -70.3265 33.3972 1.9541
v -36.3200 32.4683 3.1578
v -32.8655 30.4366 3.0944
v -30.7122 29.9541 1.7188
v -71.4186 35.7763 4.7481
v -69.9282 35.7763 2.7481
v -51.2244 37.5754 1.7177
v -48.9261 37.1146 2.2706
v -45.1073 36.3777 3.3121
v -40.9261 35.4402 3.1578
v -38.3200 34.6774 3.1578
v -70.9272 37.7778 5.1486
v -68.8875 38.1106 3.5523
v -64.9261 38.5432 3.1578
v -60.9261 39.0653 3.1578
v -56.9261 39.7026 3.1578
v -52.7051 38.8617 3.0938
v -48.9261 38.5251 4.2706
v -46.5614 38.2821 4.7483
v 4.6037 -90.4777 5.8053
v 5.5753 -90.4777 5.8053
v 3.5207 -88.3898 7.1463
v 7.3069 -88.2498 7.4292
v 11.0739 -86.5663 6.0956
v 13.0846 -86.2384 5.1796
v 0.5175 -83.4618 7.1578
v 1.4851 -85.4618 7.1578
v 9.0384 -86.1390 9.0532
v 11.5199 -84.4977 7.3669
v 13.1000 -84.2523 7.1207
v -3.4957 -79.0152 8.6209
v -1.2755 -80.2986 7.2357
v 11.3364 -80.5369 7.5003
v 13.1153 -82.0790 9.0619
v -3.5118 -76.2237 8.5351
v -1.3482 -76.2237 6.5351
v 11.3461 -76.3617 7.0730
v 14.3818 -75.1204 8.3498
v -3.4874 -72.2237 8.3936
v -0.5594 -72.5770 6.4919
v 3.0739 -71.9983 5.9077
v 5.5599 -71.3342 5.5819
v 12.1308 -73.3198 5.6831
v 15.4587 -73.3311 7.0730
v 19.0739 -72.7895 7.1578
v 21.9814 -71.2272 7.1578
v 28.4824 -70.4192 5.3941
v 31.0739 -70.5512 5.5449
v 33.3119 -70.4648 5.4377
v -3.4631 -69.0141 8.4322
v -1.2011 -67.8979 8.0434
v 3.0739 -68.2237 7.3809
v 6.3344 -68.2237 6.2297
v 20.6113 -66.7891 8.6118
v 23.0122 -68.2057 7.0609
v 27.1190 -68.2628 5.8359
v 31.0739 -68.2237 6.0277
v 33.3368 -68.2237 5.4443
v 0.2708 -63.9222 7.3333
v 3.0739 -64.7192 6.6310
v 6.2686 -65.3869 6.1630
v 20.6113 -65.6929 8.6118
v 23.3359 -64.3052 8.0784
v 27.0739 -64.2237 7.2650
v 31.0739 -64.2237 6.5048
v 33.3919 -64.2237 5.4579
v 0.4942 -60.2237 7.1578
v 24.8439 -62.0467 8.8860
v 27.0739 -61.7341 8.5946
v 31.3962 -60.1776 7.0673
v 33.3854 -61.2740 5.4558
v -0.1997 -56.2237 7.1578
v 32.3783 -56.4116 6.9924
v 35.0724 -55.1345 6.9504
v 39.0739 -55.2431 5.8360
v 43.0739 -55.1818 6.2392
v 47.0739 -54.8428 5.9953
v 49.1101 -54.2890 5.2093
v 0.2199 -52.6692 7.1578
v 1.4825 -50.6692 7.1578
v 32.6033 -53.7518 5.5489
v 35.0724 -53.6151 6.9504
v 39.0739 -52.7013 7.8360
v 42.7427 -51.8529 7.9604
v 47.0593 -52.5413 6.1653
v 49.1101 -54.0864 5.2093
v 2.8694 -48.2237 7.1578
v 36.8871 -46.5264 8.8961
v 38.2807 -46.5264 8.8961
v 42.9615 -48.2220 7.0953
v 45.7162 -49.5542 5.7203
v 4.4609 -45.4539 7.1578
v 5.8746 -43.4539 7.1578
v 35.4842 -44.2105 7.4008
v 39.3980 -45.7172 7.4008
v 41.3475 -46.1070 7.1578
v 7.8746 -40.9388 7.1578
v 11.0739 -39.5899 7.1578
v 14.9194 -38.8166 6.8422
v 17.3338 -38.3438 5.2985
v 31.5219 -40.0416 7.1578
v 33.2269 -42.0416 7.1578
v 16.2282 -36.2237 8.0355
v 19.1960 -36.0290 7.0763
v 23.0739 -36.5785 7.1578
v 27.0739 -37.6310 7.1578
v 29.5219 -37.9843 7.1578
v 16.8706 -34.0487 8.8541
v 18.3915 -34.0487 8.8541
v -75.2308 -10.7046 7.1578
v -73.2708 -10.7080 7.0628
v -70.6433 -10.3896 5.6660
v -76.7166 -8.2237 7.1578
v -72.1673 -9.9181 8.3327
v -69.1564 -8.6171 7.0628
v -66.7362 -6.4446 7.1578
v -80.2530 -2.6132 9.0613
v -78.0978 -4.0574 7.4999
v -67.2364 -3.2221 6.2539
v -66.7521 -4.4227 7.4154
v -83.0375 0.4443 9.0181
v -80.9337 -0.2571 7.7064
v -78.2312 -0.9585 6.3947
v -67.5679 -0.2237 6.4533
v -66.4184 -0.2237 8.4533
v -83.0375 2.4184 9.0181
v -80.7515 3.4637 7.4163
v -78.2305 4.5090 5.8146
v -71.1724 5.4647 8.7555
v -69.1085 4.0678 7.2723
v -64.8094 3.7786 6.8613
v -61.2484 4.7889 6.8233
v -58.2593 5.2095 7.1578
v -82.9531 9.5376 9.1143
v -81.1036 8.0331 8.3678
v -76.9087 7.6762 6.5672
v -72.4042 7.5010 7.4344
v -70.7455 6.0592 8.7555
v -63.3328 5.8751 5.2669
v -62.7967 5.8751 5.2669
v -56.5245 8.0177 6.8784
v -52.9261 9.5060 5.3549
v -48.9261 8.9672 5.6826
v -46.0263 8.7935 5.7956
v -82.9531 9.8214 9.1143
v -80.9261 10.7410 8.6778
v -76.9991 12.2417 7.3373
v -72.2894 12.2188 5.6381
v -70.9206 13.6382 5.1629
v -59.2938 13.2931 8.7023
v -57.0579 11.8864 7.8651
v -52.9261 11.7763 6.4331
v -48.9261 11.7763 6.3302
v -46.0622 11.7763 5.7806
v -76.8352 15.7763 7.1578
v -70.9429 13.7814 5.1629
v -70.9206 13.7814 5.1629
v -59.2938 14.1904 8.7023
v -56.9261 14.4784 8.3912
v -52.5674 15.6896 8.3678
v -48.9261 15.7763 7.2661
v -46.3232 15.7763 5.8286
v -79.2389 20.9304 6.2893
v -77.8882 19.6688 7.4367
v -50.9949 17.8499 9.0702
v -48.9261 18.3965 8.6184
v -45.0646 20.0646 6.9485
v -40.9261 21.5888 5.3850
v -38.6556 21.7031 5.2477
v -79.2389 22.9032 6.2893
v -78.5965 24.0525 7.4367
v -43.3762 24.1186 6.7315
v -41.7744 24.5331 6.5049
v -37.1638 23.6763 5.8800
v -32.9261 24.3523 6.2483
v -30.5020 24.7109 5.8529
v -77.2413 27.7763 7.1578
v -42.9975 25.8466 5.4254
v -41.3905 26.3725 6.8024
v -36.7750 28.0496 8.1181
v -32.8655 27.8790 6.7223
v -30.5020 26.6141 5.8529
v -75.5563 31.0239 7.1578
v -73.8510 33.0239 7.1578
v -43.0097 33.6925 9.0825
v -40.9261 33.0458 8.3499
v -37.0532 31.5804 7.2336
v -34.1584 30.2747 6.3113
v -71.9823 35.7763 7.1578
v -44.1852 35.6577 7.5126
v -40.9261 34.2007 6.3499
v -38.7654 33.8732 5.4893
v -71.0573 37.9689 7.1578
v -68.9261 38.5742 7.1578
v -64.9261 39.6463 7.1578
v -61.2766 41.0658 6.8644
v -56.7206 41.2407 6.8644
v -52.9261 40.3687 7.1578
v -48.9261 39.6203 7.1578
v -46.4372 38.5111 7.1578
v -60.1769 42.6441 8.0021
v -57.9170 42.6441 8.0021
v 1.0118 -86.2695 12.6786
v 2.7726 -86.9084 11.2703
v 6.3982 -87.0452 11.1578
v 0.3757 -84.3468 11.2703
v 1.2385 -85.7623 10.0119
v 8.5195 -84.5729 11.5339
v 11.0739 -83.2222 10.4978
v 13.1153 -82.3064 9.6511
v -3.4957 -79.0152 10.2721
v -1.8682 -80.2986 11.4264
v 8.5329 -80.2237 12.2830
v 10.8266 -80.5369 10.3539
v 13.1153 -82.0790 9.6511
v -3.5118 -76.2237 10.8189
v -2.7168 -76.2237 12.8189
v 4.7855 -74.5860 12.5764
v 7.0549 -76.0411 11.6348
v 10.8266 -76.3617 10.2261
v 14.3818 -75.1204 10.2285
v -4.1676 -72.5694 11.4181
v -2.8449 -74.1332 12.9250
v 3.9814 -72.2237 11.9880
v 7.0739 -72.2237 10.8261
v 11.2555 -72.2214 12.0707
v 15.2589 -72.5356 11.3791
v 19.0739 -71.5073 9.8769
v 21.3307 -70.6408 9.4115
v -4.1349 -67.8979 11.0281
v -2.7178 -66.3474 9.6082
v 3.7135 -68.2237 11.6524
v 7.0739 -68.2237 10.8960
v 10.4186 -68.2237 12.4014
v 15.8048 -68.2237 12.3526
v 19.1963 -68.1629 10.2658
v 21.3307 -69.4557 9.4115
v -3.0829 -66.0850 12.2749
v -1.4280 -64.5404 11.0281
v 4.4282 -65.6902 12.1290
v 7.0739 -65.4802 12.1689
v 9.8976 -65.7659 12.8681
v 16.3197 -65.6649 12.7123
v 19.0050 -64.3456 11.1159
v 22.1772 -63.0263 9.5194
v 0.8414 -60.3649 10.7720
v 2.3296 -59.1258 11.8480
v 20.0948 -60.2237 12.1628
v 23.3359 -60.5175 10.3262
v 27.0739 -59.7341 10.0860
v 30.0038 -59.0812 9.7881
v 0.6498 -56.2237 10.0024
v 2.1494 -56.2237 12.0024
v 20.7770 -57.8312 12.8029
v 23.0739 -57.1769 12.3471
v 26.8911 -56.0217 11.8944
v 31.2319 -56.4116 10.5388
v 33.8147 -55.2035 10.1725
v 0.5178 -53.0401 10.2603
v 1.9078 -51.9135 11.4193
v 28.1026 -53.5658 12.4813
v 31.3199 -52.2290 12.3836
v 35.1184 -52.1765 10.7736
v 39.0739 -50.7013 9.6630
v 41.1886 -50.2725 9.1913
v 3.5634 -48.2237 11.1578
v 31.9775 -48.2237 12.5973
v 35.3618 -48.0053 10.6934
v 39.3980 -48.0053 9.5683
v 41.1834 -48.2237 9.1909
v 4.6549 -45.1854 11.1578
v 5.7141 -43.1854 11.1578
v 31.4562 -44.2237 11.8553
v 33.9820 -44.2237 9.8553
v 40.9474 -46.2097 9.1684
v 41.1053 -46.2097 9.1684
v 7.7784 -40.0697 11.1422
v 11.1498 -38.8842 11.1422
v 14.9194 -39.3051 11.1601
v 19.0739 -39.3281 12.3569
v 23.0739 -38.7349 12.4508
v 27.0739 -39.0641 12.0761
v 30.8843 -40.5628 10.7300
v 33.1382 -42.1020 9.2067
v 8.7230 -36.2237 12.5265
v 9.7476 -36.2237 12.5265
v 16.2282 -36.2237 9.8624
v 19.4645 -35.8283 10.2785
v 23.0739 -37.0594 10.4508
v 27.0739 -37.8246 10.0761
v 29.6464 -37.9183 9.5866
v 8.9521 -34.1539 13.0088
v 9.1791 -34.1539 13.0088
v 16.8706 -34.0487 9.4267
v 18.3915 -34.0487 9.4267
v -74.9411 -10.2379 9.1861
v -74.8339 -10.2379 9.1861
v -79.0037 -6.3214 12.3766
v -76.8691 -7.8433 10.7813
v -73.2708 -8.9846 10.7748
v -68.8632 -7.1917 11.1158
v -66.7385 -6.3770 9.7545
v -79.9484 -4.0574 11.0891
v -78.7972 -5.2799 9.7099
v -68.0491 -4.2237 11.6873
v -66.7578 -4.2237 9.6873
v -83.0375 0.4443 9.6139
v -81.8845 -0.6229 11.0315
v -71.3884 0.9714 12.6812
v -69.0873 -0.3066 11.4947
v -66.4184 -0.2237 9.4364
v -83.0531 3.8941 11.0929
v -82.3929 3.8941 11.0929
v -72.0808 3.9894 11.2718
v -69.2177 3.9894 10.4840
v -64.9420 3.6424 10.3457
v -60.9261 4.9224 9.8651
v -58.6564 5.5277 9.4748
v -83.2352 8.0331 11.2063
v -82.5554 6.8710 9.9052
v -75.6351 8.6855 12.2970
v -72.9905 7.3723 10.9720
v -69.0459 7.4671 11.2815
v -64.5735 7.6356 12.5625
v -60.9261 7.7763 11.0965
v -58.3886 7.7763 9.6594
v -83.2056 10.1702 11.1578
v -80.8410 12.4361 10.8446
v -77.2300 12.1558 10.7997
v -72.7098 11.8871 12.0498
v -69.6696 11.7763 12.4184
v -63.0051 10.2505 13.1146
v -61.0721 11.7718 11.3121
v -58.4791 10.6264 9.5096
v -79.4510 14.2595 11.9692
v -77.7052 15.6663 10.8446
v -71.2323 14.3316 13.0160
v -70.1638 14.3316 13.0160
v -60.2584 15.6248 11.2190
v -56.9261 16.4784 10.1423
v -53.6616 16.9651 9.7019
v -76.0883 20.0527 11.5175
v -74.8292 21.5702 13.0906
v -59.5211 18.3911 12.5931
v -56.7254 19.7452 12.1247
v -52.5674 19.4205 10.5341
v -48.9261 20.3965 10.3119
v -46.4215 21.1963 9.9125
v -76.6052 23.4356 11.5175
v -74.8292 21.8751 13.0906
v -55.2583 22.0182 12.7900
v -52.6372 23.5215 12.5219
v -48.9261 23.7763 12.1902
v -45.0234 24.0021 10.5121
v -42.6925 25.4860 9.3464
v -76.1355 27.8272 11.2193
v -74.3937 29.1945 12.5935
v -51.1112 26.0124 13.0149
v -48.9261 26.4815 13.0361
v -45.1220 27.7989 12.4017
v -41.1860 28.0496 10.0941
v -38.0076 29.5651 9.2924
v -75.3473 30.3992 9.9268
v -73.9028 31.7500 11.2193
v -47.6897 32.4764 12.4806
v -44.7978 31.7511 11.4378
v -40.9261 31.0458 10.1867
v -38.0076 30.2194 9.2924
v -71.9265 36.0536 11.2412
v -70.7105 37.5718 12.6301
v -63.3113 37.2785 12.7207
v -62.3859 37.2785 12.7207
v -48.2580 35.7763 11.9748
v -45.7735 35.7763 9.9748
v -71.0402 39.6609 11.5062
v -69.6908 39.5883 11.6599
v -65.0248 39.9525 11.5100
v -61.2814 40.0003 11.3171
v -56.7206 40.6550 11.2113
v -52.9261 39.8581 11.1578
v -49.1334 38.7801 11.0178
v -46.6389 38.2503 9.5910
v -70.9804 41.9117 13.0489
v -68.9261 42.0062 12.9323
v -66.7384 41.9475 12.9660
v -60.1769 42.6441 9.9136
v -57.9170 42.6441 9.9136
v 1.0118 -86.2695 13.2188
v 3.0739 -86.3719 13.2971
v 5.5417 -86.3755 13.2826
v 0.5632 -84.2237 13.5382
v 3.0739 -84.2237 14.0074
v 6.4075 -84.2237 13.6270
v -0.2417 -80.2237 14.2247
v 3.0739 -80.2237 15.3286
v 6.5329 -80.2237 14.2617
v -0.7168 -76.2237 14.7279
v 3.3009 -76.0411 14.9965
v 5.7089 -77.2527 14.1287
v -4.2469 -71.4665 13.7245
v -1.2774 -72.5694 14.2500
v 1.9814 -72.2237 14.0980
v 12.7099 -70.8866 13.3550
v 13.4693 -70.8866 13.3550
v -4.0343 -68.2237 13.6633
v -0.9261 -68.2237 14.1245
v 1.7135 -68.2237 13.6190
v 12.4186 -68.2237 13.5352
v 13.8048 -68.2237 13.5352
v -3.0829 -66.0850 13.2652
v -0.5322 -64.3518 14.7840
v 3.1303 -64.1544 15.2049
v 7.0739 -63.4802 14.3588
v 11.0893 -64.3848 14.9703
v 15.1653 -64.3343 14.9602
v 17.3988 -62.9982 13.7900
v 0.6648 -61.5519 15.1578
v 3.4143 -60.4425 14.9946
v 7.0739 -60.2237 14.8725
v 9.7327 -60.2237 16.1173
v 16.6200 -60.2237 16.4465
v 18.0948 -60.2237 14.4465
v 4.1558 -55.9808 14.7925
v 6.8300 -55.9808 15.4421
v 10.1931 -56.2237 15.9698
v 16.1123 -56.2237 16.4721
v 19.2958 -56.3882 14.4299
v 23.0739 -55.1769 13.5477
v 25.4359 -54.5538 13.3099
v 4.0569 -52.4808 14.8537
v 6.8300 -52.4808 15.9058
v 9.9570 -52.2237 16.4730
v 16.0752 -52.2237 16.4117
v 19.0865 -51.9363 15.9816
v 22.7951 -51.9363 15.2137
v 26.8911 -52.2290 14.0558
v 30.1506 -50.8992 14.2625
v 4.7006 -48.2237 13.6613
v 7.0965 -48.6060 15.9394
v 9.0970 -50.1942 17.1225
v 16.3517 -48.2237 16.6712
v 17.9738 -48.2237 16.6712
v 24.0542 -48.2237 16.1902
v 27.0739 -48.2237 15.0743
v 29.9775 -48.2237 14.0419
v 4.8188 -45.5106 13.6693
v 6.1441 -44.1958 15.0647
v 15.7421 -44.2237 16.0981
v 18.3208 -44.2237 16.0981
v 24.8457 -45.5624 16.9611
v 27.0894 -44.2269 16.1797
v 29.4562 -44.2237 14.0827
v 7.9139 -40.1120 15.2251
v 11.1498 -39.4757 15.2251
v 14.8312 -41.4544 14.9026
v 19.3641 -41.4150 14.9026
v 23.2519 -39.3404 15.1009
v 26.9298 -40.1173 15.3565
v 29.4556 -41.6904 14.3168
v 8.7230 -36.2237 13.8252
v 9.7476 -36.2237 13.8252
v 24.7038 -38.0702 16.3962
v 25.4266 -38.0702 16.3962
v 8.9521 -34.1539 13.2688
v 9.1791 -34.1539 13.2688
v -79.0037 -6.3214 13.2503
v -76.9261 -6.6532 13.5078
v -72.9261 -6.9040 13.6744
v -70.1546 -6.6559 13.4724
v -79.2087 -4.2237 13.4267
v -76.9261 -4.2237 14.2962
v -72.9261 -4.2237 14.3942
v -70.0491 -4.2237 13.5246
v -79.6289 -0.2237 13.6805
v -76.7586 -0.0524 15.6471
v -73.0499 -0.1501 14.9710
v -70.5282 -1.6953 13.3324
v -83.0687 5.3697 13.2847
v -80.9087 3.9324 13.7791
v -76.7586 3.5667 15.3995
v -74.2042 3.5667 14.8543
v -83.2923 7.7763 13.4791
v -80.9261 7.7763 14.0922
v -76.9515 7.5218 13.7447
v -74.8086 6.0188 13.3185
v -67.3464 8.8751 13.5320
v -65.6717 8.8751 13.5320
v -83.2717 10.2564 13.4594
v -80.8410 11.6644 13.8077
v -76.9515 11.8871 13.9248
v -73.8990 13.2942 13.6546
v -67.6696 11.7763 13.7837
v -64.5735 11.6608 13.9200
v -62.8505 12.9171 13.5937
v -79.4510 14.2595 13.5997
v -76.7307 15.6663 14.4426
v -72.7098 15.7095 14.2755
v -68.7437 15.5539 14.8029
v -64.9261 14.3948 15.8299
v -62.3158 15.6711 15.0193
v -75.2672 18.9036 14.3605
v -73.2679 20.0527 14.3257
v -69.6108 19.7763 15.7157
v -63.1607 21.3386 17.0150
v -61.1220 19.8649 15.3875
v -57.9249 21.0578 13.7600
v -75.4463 24.5418 14.3532
v -73.2679 23.4356 14.4358
v -69.6094 23.7763 15.8588
v -63.2222 23.7763 16.9955
v -60.9261 23.7763 16.1432
v -56.7254 23.5215 14.3822
v -53.7779 24.6849 13.6681
v -75.4463 26.5278 14.3532
v -73.0067 27.8272 14.6195
v -69.9638 27.7763 16.0884
v -63.1178 27.7763 16.9974
v -61.1175 27.8631 16.7864
v -56.9623 27.8631 16.1285
v -52.6372 27.5180 14.3901
v -48.9261 28.4815 13.6966
v -46.5859 29.1472 13.1789
v -72.1565 31.7517 15.2898
v -70.5806 30.4019 16.7111
v -63.4636 31.7763 16.5842
v -62.0201 31.7763 16.5842
v -55.6532 30.3339 16.6706
v -52.9452 31.7109 16.0912
v -48.9842 31.3964 13.9961
v -46.5859 29.8098 13.1789
v -71.8633 35.4897 15.1578
v -70.6009 37.4897 15.1578
v -64.1706 35.8776 15.1832
v -60.8925 35.7016 15.1055
v -58.1637 36.7913 16.3443
v -51.6246 34.4580 16.5033
v -50.2014 35.7853 15.1651
v -70.9804 41.2902 13.2567
v -69.3760 39.6986 14.6504
v -66.0851 39.5748 14.8896
v -59.7193 38.3307 13.6776
v -56.8687 38.8012 15.0697
v -52.9261 39.0790 15.1578
v -50.4476 38.2136 15.1578
v -70.9804 41.9117 13.2567
v -68.9261 42.0062 13.3967
v -66.7384 41.9475 13.3775
v 0.7904 -62.6185 17.4741
v 1.8324 -62.6185 17.4741
v 12.2811 -63.0038 17.7753
v 14.0109 -63.0038 17.7753
v 0.7904 -61.7592 17.4741
v 1.8324 -61.7592 17.4741
v 11.7327 -60.2237 17.9789
v 14.6200 -60.2237 17.9789
v 4.7765 -54.4856 17.2769
v 5.3341 -54.4856 17.2769
v 12.1931 -56.2237 17.8721
v 14.1123 -56.2237 17.8721
v 4.7765 -53.9856 17.2769
v 5.3341 -53.9856 17.2769
v 11.8480 -52.4277 19.0428
v 14.2318 -52.4277 19.0428
v 20.4282 -50.4113 17.2623
v 21.2759 -50.4113 17.2623
v 8.4448 -47.5275 17.8003
v 10.8085 -48.5415 18.9729
v 14.4530 -48.2227 18.9505
v 19.9738 -48.2237 17.4308
v 22.0542 -48.2237 17.4308
v 8.0359 -44.2237 17.9902
v 11.0739 -44.2237 18.3181
v 13.7421 -44.2237 17.4858
v 20.3208 -44.2237 17.4050
v 23.3370 -44.2269 17.3986
v 25.7664 -42.8958 17.2296
v 8.3190 -41.3709 17.6252
v 11.0739 -41.4592 17.5955
v 13.3360 -42.0572 17.2741
v 20.8909 -42.0698 17.2278
v 23.2519 -40.5314 17.3796
v 25.8578 -40.2237 17.3825
v 24.7038 -38.0702 17.3857
v 25.4266 -38.0702 17.3857
v -75.3137 1.3951 17.3045
v -74.7115 1.3951 17.3045
v -75.3137 2.0936 17.3045
v -74.7115 2.0936 17.3045
v -67.3237 16.7763 17.4713
v -64.9261 16.3948 17.5490
v -62.7228 16.9343 17.3660
v -67.6108 19.7763 17.7052
v -64.6669 19.9137 17.7206
v -62.7228 18.6719 17.3660
v -67.4921 24.1393 19.0077
v -65.3934 24.1393 19.0077
v -68.0063 27.7763 19.1578
v -64.8553 27.7763 19.1578
v -59.9118 29.2542 17.2847
v -58.3199 29.2542 17.2847
v -71.2599 33.0686 17.5485
v -68.7656 31.4562 19.0283
v -65.7157 31.4168 19.1680
v -60.0201 31.7763 17.3969
v -56.9623 31.7109 17.4728
v -54.2912 33.0006 17.3640
v -71.2599 34.9321 17.5485
v -69.1953 36.0698 17.9277
v -66.1928 35.7763 17.8272
v -59.3991 34.1247 17.3498
v -56.8687 35.5853 17.6634
v -52.9452 35.7853 17.7024
v -50.6091 37.1247 17.4148
v -68.0414 38.1070 17.3667
v -66.6603 38.1070 17.3667
v -55.4971 38.3805 17.6023
v -52.9261 38.5073 17.6839
v -50.6091 38.1467 17.4148
v 12.5200 -51.2305 22.0149
v 13.6687 -51.2305 22.0149
v 12.5200 -49.5555 22.0149
v 13.6687 -49.5555 22.0149
v -66.9583 25.7146 21.2697
v -66.6434 25.7146 21.2697
v -66.9686 27.7763 21.2632
v -66.6636 27.7763 21.2632
v -66.9505 29.8438 21.1865
v -66.8587 29.8438 21.1865
v 24.1841 25.2639 48.6933
v 25.6081 25.2639 48.6933
v 24.1841 26.7867 48.6933
v 25.6081 26.7867 48.6933
v 21.0495 21.7594 53.1415
v 23.0739 21.7410 53.1174
v 25.1293 21.7461 53.1203
v 17.0563 25.7472 53.1457
v 19.4593 24.1589 52.9175
v 22.9401 23.8689 51.3022
v 25.9006 23.8689 51.5353
v 17.0563 25.7948 53.1457
v 19.0739 25.8760 52.8697
v 22.9401 26.8389 51.3346
v 26.0657 27.0188 51.1578
v 8.6514 -10.4686 56.8913
v 9.3204 -10.4686 56.8913
v 8.5506 -8.2237 56.8929
v 9.3462 -8.2237 56.8929
v 1.0005 -2.3116 57.0305
v 3.0739 -2.9233 56.6465
v 7.3088 -4.3306 56.6812
v 9.4127 -4.2237 56.9778
v 1.0005 -0.9277 57.0305
v 3.0739 -0.6362 56.6465
v 7.0739 -1.4097 56.6270
v 9.4089 -1.9591 57.0045
v 20.2005 21.3087 55.1578
v 23.0739 20.9214 55.1578
v 26.7071 21.3122 55.3653
v 29.5868 21.5191 56.8370
v 12.6497 25.4247 56.8414
v 15.4634 24.8145 55.3680
v 18.2005 22.8377 55.1578
v 27.7066 23.7763 54.2288
v 30.4104 23.7763 56.2288
v 12.6497 26.7525 56.8414
v 15.3000 27.6070 55.5460
v 19.2571 28.1462 55.4134
v 23.3874 28.5228 55.5432
v 27.1468 27.7641 54.8053
v 30.2245 27.7763 56.2354
v 16.2104 30.2920 56.9172
v 18.0459 30.2920 56.9172
v 24.9297 29.7920 57.1335
v 27.0739 30.0329 56.9056
v 29.3388 30.1027 56.8459
v 8.6514 -10.4686 57.5168
v 9.3204 -10.4686 57.5168
v 8.2205 -8.0758 58.9732
v 9.7599 -8.0758 58.9732
v 1.0005 -2.3116 57.5178
v 2.9665 -3.2749 58.9738
v 6.3241 -5.4717 59.1578
v 11.4130 -4.4204 59.1011
v 13.6352 -3.2183 60.3966
v 1.0005 -0.9277 57.5178
v 3.1881 0.1680 59.1004
v 7.2087 0.6726 59.2730
v 10.8749 -1.0186 59.1011
v 13.6352 -1.5550 60.3966
v 4.8146 2.0052 60.6831
v 5.9652 2.0052 60.6831
v 32.3001 17.4753 60.8164
v 33.3533 17.4753 60.8164
v 16.9544 21.6479 60.3559
v 18.7899 21.0939 59.0766
v 23.0739 20.2126 59.1578
v 27.0739 20.1091 59.1578
v 30.9434 19.8696 59.3093
v 33.7517 19.7763 60.3851
v 40.6516 21.5942 61.0236
v 41.3341 21.5942 61.0236
v 12.5424 25.3661 59.1578
v 15.4022 23.1148 59.0766
v 17.2672 21.8874 57.6892
v 32.4104 23.7763 57.7823
v 33.8013 23.7763 59.7823
v 40.6516 22.0002 61.0236
v 41.3341 22.0002 61.0236
v 12.5424 26.9125 59.1578
v 13.8209 28.9125 59.1578
v 20.7126 29.5932 57.4312
v 22.2630 29.5932 57.4312
v 32.0904 27.7464 58.8707
v 33.4194 26.3932 60.0127
v 15.8209 30.6866 59.1578
v 19.1694 31.7165 58.9869
v 23.3874 31.3858 58.5209
v 26.8033 32.1529 59.5259
v 29.8926 30.7352 59.1578
v 20.2928 34.2376 60.5427
v 23.0739 34.1522 60.6566
v 25.2895 33.8162 61.1047
v 7.8198 -6.6558 63.1578
v 9.9164 -6.6558 63.1578
v 3.8334 -3.7206 63.1578
v 5.8198 -5.7206 63.1578
v 11.9031 -4.4204 63.3629
v 13.6352 -3.2183 62.1663
v 3.4949 -0.2237 63.1578
v 8.6319 1.5182 61.4057
v 11.1785 -0.0184 63.1193
v 13.6352 -1.5550 62.1663
v 4.7355 2.1261 63.1578
v 7.2087 2.5235 62.9066
v 9.6912 2.5552 64.0724
v 24.4285 17.1450 64.6140
v 27.0739 16.9697 64.1855
v 31.0096 17.2946 63.1062
v 33.3366 17.5073 63.1578
v 16.9046 21.3920 63.1578
v 19.0739 20.6440 63.1578
v 23.0867 19.2240 63.2315
v 27.0739 18.6667 62.1855
v 29.6335 18.2200 61.7385
v 34.6584 19.7763 63.1578
v 39.8538 21.1683 63.1578
v 41.8201 21.1683 63.1578
v 12.7895 25.5810 61.5155
v 14.9335 24.0591 62.9724
v 35.6170 23.7763 63.1578
v 39.3742 23.5107 63.3789
v 41.8856 23.5107 63.3789
v 12.7895 26.3150 61.5155
v 14.3903 27.6995 62.9724
v 32.5673 29.0598 61.6529
v 35.2215 27.9367 63.4009
v 38.5444 28.1644 65.0043
v 41.4318 26.8487 64.8596
v 16.2257 30.7471 63.1578
v 18.1923 32.7471 63.1578
v 27.9562 33.3951 61.8285
v 31.1699 31.9476 62.5335
v 34.9020 31.3910 64.5258
v 37.2209 29.8007 65.1490
v 20.1923 34.2663 63.1578
v 23.0739 34.8601 63.1578
v 26.8033 34.8334 63.1602
v 30.7598 35.9583 64.2167
v 33.8811 35.7763 64.4784
v 31.8837 38.9202 64.4581
v 33.7700 38.9202 64.4581
v 4.4940 -6.7423 67.9807
v 6.9053 -6.7444 66.8515
v 9.6719 -6.4856 67.1578
v 0.8189 -2.6306 68.5333
v 3.0465 -4.3488 66.9236
v 5.4595 -6.0671 65.3140
v 11.1774 -4.2237 67.1578
v 0.8189 -0.9382 68.5333
v 2.1696 0.1476 67.1831
v 11.8103 -0.2237 67.1578
v 4.0497 2.0188 67.1578
v 7.0739 3.0031 67.1578
v 10.3048 2.7607 67.1578
v 19.8446 9.0370 68.4678
v 23.0739 8.5565 68.1023
v 27.0739 9.0976 68.6014
v 29.0877 9.7586 69.1332
v 16.6211 12.5640 68.6900
v 18.7363 11.4489 68.1002
v 23.0739 11.7763 67.1032
v 27.0739 11.7763 67.7192
v 29.4484 11.7763 68.8026
v 16.0991 15.7763 68.1907
v 19.0739 15.7763 67.2375
v 23.0867 15.7975 66.3589
v 27.0739 14.9697 66.2756
v 31.1083 16.1921 67.0426
v 33.1449 17.7186 65.3764
v 39.9622 17.2768 68.4492
v 43.0739 17.3811 68.5959
v 45.1045 17.7490 69.1172
v 15.9408 19.9460 67.0648
v 19.0739 19.0421 66.0420
v 21.7618 18.5146 65.8250
v 32.6571 18.1323 68.0431
v 35.0117 19.4418 66.6755
v 38.5824 19.6162 66.8785
v 43.1148 19.7992 66.7757
v 45.2873 19.7763 68.7116
v 8.9757 25.4154 69.1047
v 11.0739 25.2350 68.9780
v 14.4440 23.9598 67.4458
v 36.8896 23.7763 65.3213
v 37.2660 23.7763 65.3213
v 43.8934 23.7763 66.6801
v 45.2936 23.7763 68.6801
v 8.9757 26.2547 69.1047
v 11.0739 26.7971 68.9780
v 14.1606 27.9059 67.4458
v 37.0236 26.8135 65.2258
v 38.5444 28.1644 65.2388
v 42.8887 28.0198 66.6937
v 45.1490 27.7763 69.0072
v 8.8048 33.5561 69.1408
v 11.0739 32.6928 68.8417
v 14.9836 31.4623 67.3240
v 18.0129 33.0394 65.8947
v 36.1207 32.4674 65.6244
v 38.7621 31.3910 66.2178
v 42.8059 31.4624 68.2670
v 45.1351 29.9198 69.0397
v 8.8048 33.8168 69.1408
v 11.3380 35.4006 68.8387
v 14.7683 35.5525 68.4911
v 19.2373 34.2462 67.1999
v 23.0739 35.1856 67.1578
v 27.0739 36.3550 67.1578
v 29.5698 37.3129 67.1578
v 35.8811 35.7763 66.3557
v 38.9599 35.6685 68.4398
v 41.2938 34.2632 69.0306
v 12.8475 37.8881 69.0476
v 13.2312 37.8881 69.0476
v 31.5698 38.8649 67.1578
v 35.0916 38.7062 67.4362
v 37.5506 37.8748 68.9550
v 4.1445 -7.0279 71.1578
v 7.0739 -7.9343 71.1578
v 9.7429 -7.1301 71.1578
v 0.8189 -2.6306 69.9018
v 2.2026 -4.0678 71.2042
v 11.0762 -4.2237 71.1578
v 0.8189 -0.9382 69.9018
v 2.1640 0.1476 71.2042
v 7.8554 1.0431 72.4477
v 10.7549 -0.2636 71.1318
v 4.0962 1.8771 71.1578
v 6.7428 2.1771 71.1318
v 10.0979 2.3100 69.7811
v 19.2273 8.6064 71.1578
v 23.0739 7.7241 71.1578
v 27.0739 8.3501 71.1578
v 30.6822 8.9415 71.4370
v 33.4578 9.1103 72.9565
v 15.8915 11.9526 71.1578
v 17.2273 9.9526 71.1578
v 31.6099 11.9797 71.4370
v 33.4578 10.7819 72.9565
v 12.5284 16.6153 72.2201
v 14.0198 15.4797 70.9952
v 32.1515 15.5051 71.0259
v 35.0739 16.6665 71.8103
v 38.8069 17.2337 71.0117
v 42.7587 17.4339 70.8120
v 45.1045 17.7490 69.2481
v 8.8385 21.5617 72.4850
v 11.1466 20.0476 71.6651
v 13.7372 19.7763 69.7966
v 32.6571 18.1323 69.6047
v 35.0739 18.2745 69.8103
v 37.2955 18.0846 69.5810
v 43.8819 18.8700 71.9148
v 45.3617 20.0325 70.8120
v 8.2156 23.9598 71.1541
v 11.0739 23.2350 69.9952
v 13.4720 22.7488 69.6139
v 45.9771 23.7763 71.1578
v 4.8530 29.0014 72.5936
v 7.1430 27.6280 70.9851
v 11.0739 28.7971 69.4153
v 13.2171 29.3257 69.2823
v 46.6681 27.7763 71.1578
v 4.7517 31.7763 72.0016
v 7.3125 32.0442 69.9641
v 11.0739 30.6928 69.4153
v 13.2171 29.8853 69.2823
v 20.5524 33.2803 72.6209
v 23.0739 33.3455 72.6821
v 25.1396 33.6979 73.0605
v 43.9605 32.5865 69.8879
v 46.1705 31.4624 71.1959
v 4.8651 33.9531 72.1804
v 7.3125 34.0660 70.9714
v 10.8991 36.0058 71.1578
v 15.2802 36.8572 71.1578
v 19.1610 34.8195 71.2357
v 23.0739 34.4777 70.6821
v 26.9646 35.9679 71.3906
v 29.5919 37.5218 69.7206
v 36.3789 37.4025 72.3276
v 38.9599 36.8940 71.0597
v 42.8059 35.0518 71.1959
v 45.5311 34.3322 72.5546
v 12.8991 37.8625 71.1578
v 13.2802 37.8625 71.1578
v 28.7896 37.9490 72.3873
v 30.9847 38.1407 71.0955
v 35.0569 38.0961 71.0597
v 37.5506 37.8748 69.6609
v 4.9700 -10.3104 76.9932
v 5.4117 -10.3104 76.9932
v 4.1498 -8.1559 75.4591
v 6.8766 -9.3236 75.4591
v 9.7354 -7.6834 75.1578
v 2.7621 -4.2237 75.1578
v 10.4779 -4.2237 75.1578
v 3.3534 -0.2237 75.1578
v 7.6931 0.6499 75.1578
v 9.8164 -1.3501 75.1578
v 17.0560 1.7603 77.1494
v 17.0863 1.7603 77.1494
v 4.5881 2.0781 75.1578
v 5.6931 2.0781 75.1578
v 17.0560 1.9650 77.1494
v 18.7394 3.8334 77.0496
v 21.2295 5.7017 76.9498
v 32.3018 5.4493 76.2991
v 33.5189 5.4493 76.2991
v 16.2395 8.6081 75.9505
v 18.7835 7.4486 75.1168
v 22.7673 7.0293 75.4330
v 27.0739 7.8860 75.1578
v 31.0106 6.9191 75.0426
v 34.2240 7.7767 75.0426
v 12.7827 13.1808 76.2261
v 14.7615 11.5356 74.7550
v 17.1745 9.8904 73.2838
v 32.8012 13.4485 73.3442
v 34.4993 11.9797 74.8696
v 8.9028 17.5777 76.9846
v 11.3222 15.7632 75.2720
v 13.2835 13.9487 73.5594
v 32.8012 13.9909 73.3442
v 35.2162 15.0426 74.8696
v 38.8866 17.2875 74.8795
v 41.2153 17.7325 73.3606
v 8.3294 20.0476 75.4539
v 9.8617 18.8950 74.3179
v 40.0951 18.9534 76.0273
v 42.7587 19.6316 74.8795
v 46.7910 21.1745 75.3031
v 49.8174 21.5249 76.7332
v 4.5690 24.9079 76.1376
v 6.1739 23.6553 74.9457
v 47.7574 23.7763 74.2179
v 51.1200 23.8063 76.2697
v 53.2203 25.1596 76.9309
v 4.6159 27.7114 74.9457
v 5.3103 26.3347 73.4710
v 48.5930 27.7763 73.6466
v 50.7230 27.4967 75.8127
v 53.2203 25.9769 76.9309
v 4.7936 31.4098 74.9638
v 7.0739 32.7054 76.1231
v 11.0739 33.6149 76.8408
v 13.1236 33.7114 77.1248
v 20.5524 33.2803 73.4046
v 23.0739 33.3455 73.3976
v 25.1396 33.6979 73.2308
v 40.5154 33.6156 77.0035
v 43.0739 32.8390 76.6689
v 47.2905 31.2701 74.9826
v 49.1556 29.8528 75.9715
v 4.8651 33.9531 73.5012
v 7.0739 34.1080 74.1231
v 11.4699 35.5356 74.5099
v 14.7716 36.5538 75.0273
v 18.9822 36.1547 74.8073
v 23.0739 35.1294 75.3976
v 26.3936 35.8932 74.8016
v 31.8295 36.9542 76.0504
v 35.0569 36.3922 74.8934
v 39.1388 35.1353 75.4652
v 43.0739 35.0055 74.6689
v 45.5311 34.3322 73.9936
v 13.0673 37.7795 73.1674
v 15.0298 37.8177 74.6887
v 17.4120 37.8560 76.2101
v 28.6742 37.9416 75.1578
v 30.7273 37.9848 74.8934
v 33.7122 37.9034 73.3837
v 4.2026 -10.6637 79.1578
v 5.9717 -10.6637 79.1578
v 2.9134 -8.2237 79.1578
v 7.9717 -9.7430 79.1578
v 10.9405 -7.7514 79.4219
v 13.2191 -6.7442 80.9313
v 1.0365 -2.4046 81.0409
v 1.9827 -3.9322 79.4877
v 11.4685 -4.3983 79.4219
v 13.2191 -5.8481 80.9313
v 1.0365 -1.9481 81.0409
v 2.1884 -0.4583 79.4877
v 8.4513 1.0076 77.7760
v 9.9112 -0.2849 79.1287
v 16.7514 1.4487 79.1578
v 17.4060 1.4487 79.1578
v 4.0420 2.3957 79.1578
v 7.1003 2.7641 79.1287
v 9.5894 2.5968 80.4426
v 16.4895 3.4895 78.8735
v 18.6859 3.8788 78.3833
v 21.6198 5.3141 79.1578
v 32.3018 5.4493 78.2285
v 33.5189 5.4493 78.2285
v 12.3731 9.0800 80.2388
v 15.0514 7.5107 78.7947
v 17.7259 5.9414 77.3506
v 23.6198 6.9807 79.1578
v 27.0739 7.5482 79.1578
v 31.0106 6.4095 79.4002
v 34.2785 7.5555 79.4002
v 11.8707 11.8190 79.0064
v 13.5728 10.5142 77.5721
v 35.5548 11.7763 79.1578
v 4.3901 17.0892 80.7081
v 7.3713 16.5340 79.2880
v 10.0955 14.7387 79.1578
v 36.0052 15.9304 78.8582
v 37.4284 17.3665 77.3251
v 0.6613 21.1596 80.8840
v 3.0636 19.8063 80.2305
v 6.3199 19.7763 78.2041
v 36.2143 18.8594 79.9918
v 38.8866 19.8981 78.8582
v 43.0739 20.4480 79.1578
v 47.0739 20.2950 79.1578
v 49.7772 21.4632 79.1578
v 0.6613 22.7861 80.8840
v 2.9114 23.8470 79.2766
v 5.5730 22.2412 77.6692
v 51.5045 23.8063 78.9697
v 53.2203 25.1596 77.5110
v 3.2782 27.7763 79.1578
v 48.4703 29.0412 80.0601
v 50.6714 27.5091 78.7855
v 53.2203 25.9769 77.5110
v 4.5220 30.5855 79.1578
v 6.9467 32.7335 78.9197
v 11.0739 33.6149 77.3792
v 13.1236 33.7114 77.1832
v 40.5154 33.6156 77.8581
v 42.7198 32.4445 79.1780
v 47.1117 30.1869 78.8992
v 49.1556 29.8528 77.3934
v 8.1136 35.7763 79.9929
v 11.0739 35.7763 78.9339
v 13.9566 35.7763 78.0988
v 20.0786 37.3857 77.7791
v 23.0739 37.1294 78.0121
v 27.3917 37.3751 78.8985
v 30.7273 36.6426 78.9360
v 35.0739 35.1284 79.1578
v 39.1388 34.2505 79.1780
v 41.1504 33.8715 80.5247
v 8.6723 38.3037 80.6682
v 11.0739 38.2115 80.7125
v 15.3502 38.1243 79.4954
v 18.8768 38.3513 79.1306
v 23.0739 38.4836 80.0121
v 27.3917 38.0561 78.8985
v 29.1628 37.8240 77.4547
v 3.8307 -11.0603 83.1578
v 6.3341 -11.0603 83.1578
v 0.7284 -6.6794 84.4384
v 1.9142 -8.0971 83.1262
v 8.3341 -9.5385 83.1578
v 11.0756 -7.5878 83.0476
v 13.2191 -6.7442 81.6408
v 0.6586 -3.9322 83.1262
v 1.4653 -5.0713 81.7718
v 11.7796 -4.3983 83.0476
v 13.2191 -5.8481 81.6408
v 0.3097 -0.4583 82.9518
v 1.5492 0.7186 81.4812
v 10.6677 -0.2237 83.1578
v 16.6618 1.3556 81.5110
v 17.5043 1.3556 81.5110
v -2.9589 5.6125 85.1287
v -1.0824 4.0780 84.4660
v 2.9591 3.6596 82.5430
v 7.0739 4.7457 82.0601
v 10.8831 4.0002 83.1947
v 15.2625 4.1441 83.1528
v 18.9321 3.6821 82.9698
v 21.5515 5.3273 83.1578
v -2.9589 6.1908 85.1287
v -0.9261 6.4347 85.0505
v 3.1943 7.6544 84.6926
v 7.0739 7.7763 83.5057
v 11.0534 7.7586 82.4151
v 13.8633 6.4134 82.1279
v 23.5164 8.0209 82.9803
v 27.0739 8.6909 82.3435
v 30.8630 8.2845 83.4839
v 33.5754 8.8027 83.1578
v 4.1859 11.7763 85.0032
v 7.0739 11.7763 83.6566
v 9.7883 11.7763 81.8113
v 24.5080 10.4772 84.1953
v 27.0739 10.4691 84.3435
v 30.8134 11.4065 84.8151
v 33.9800 11.5989 83.2205
v 1.0219 17.0130 85.0319
v 3.0396 15.7177 83.7054
v 7.0739 14.3723 82.2110
v 9.3939 13.9248 81.3408
v 32.1510 15.7763 84.4083
v 34.0603 15.7763 82.4083
v 0.4383 19.8063 83.4823
v 1.7234 18.4929 82.3652
v 32.6842 19.7763 84.3289
v 34.9548 20.2877 83.2719
v 38.7519 21.5556 82.8034
v 43.0739 20.9490 81.6168
v 47.0739 20.8674 81.7271
v 49.2682 21.6102 81.3809
v 0.1627 23.9822 82.8991
v 1.2539 25.4528 81.3933
v 32.9100 23.7763 84.5133
v 33.8916 23.7763 84.5133
v 39.5228 23.7763 83.9849
v 42.8709 23.7543 83.7411
v 47.3791 23.7543 83.8563
v 49.5545 23.7763 82.1290
v 0.5626 26.5660 84.0600
v 1.8899 27.8501 82.8991
v 32.9807 25.8835 84.9667
v 33.5428 25.8835 84.9667
v 40.2092 26.0833 84.8513
v 43.1769 27.8636 84.9254
v 47.3598 28.0092 83.6145
v 49.5205 26.3745 82.2296
v 3.9590 31.1932 83.1578
v 5.7614 33.1932 83.1578
v 40.4242 33.2876 84.0562
v 43.0510 31.7136 83.1945
v 45.8036 30.1397 82.3327
v 7.2320 35.7763 83.1578
v 28.6248 37.4459 81.5841
v 31.0739 36.9758 82.3696
v 34.7345 36.1961 83.4715
v 39.0841 34.2953 82.8969
v 41.1504 33.8715 81.3895
v 8.5446 38.3298 83.1578
v 11.0739 38.7275 83.1578
v 15.0739 39.2819 83.1578
v 19.0374 40.5214 83.4211
v 23.0642 40.5368 83.4211
v 27.2350 39.8611 83.3078
v 30.7851 39.4658 84.4514
v 33.1748 37.9254 85.0139
v 20.3464 42.0344 84.9299
v 21.7244 42.0344 84.9299
v 28.5119 41.8690 85.0315
v 29.2592 41.8690 85.0315
v 4.5525 -10.7267 87.1578
v 5.7851 -10.7267 87.1578
v 0.5400 -6.8070 87.1578
v 2.5525 -8.8070 87.1578
v 7.7851 -9.2049 87.1578
v 10.5080 -7.2049 87.1578
v -2.9668 -2.2746 89.0739
v -1.1387 -3.8542 87.5074
v 9.0137 -2.2637 89.1076
v 10.5738 -3.8477 87.5277
v -3.4870 -0.2237 88.3468
v -1.8533 -0.2237 86.3468
v 9.0137 -1.5449 89.1076
v 10.9192 -0.2879 87.6978
v 13.2160 0.9690 88.9546
v -3.9684 4.0780 86.9594
v -2.5199 2.9458 85.4937
v 4.6391 5.3276 88.6202
v 7.0739 4.7734 88.6861
v 10.6608 3.8124 87.6772
v 14.7592 3.5839 87.4359
v 18.9329 5.3733 86.8240
v 21.1384 5.7194 85.2681
v -3.9356 7.6250 86.8596
v -0.9261 8.4347 85.5639
v 3.3608 8.2607 86.9747
v 7.0198 7.4781 88.2236
v 9.1448 5.9458 89.0665
v 20.0897 7.7763 87.9933
v 21.6979 7.7763 85.9933
v 32.0557 9.5129 85.2993
v 33.2680 9.5129 85.2993
v -3.5785 10.8821 87.9941
v -1.2126 12.0398 87.1232
v 3.2394 11.1710 86.6627
v 5.6504 10.3638 88.2297
v 19.9569 11.7763 88.2545
v 23.1344 11.7969 86.2178
v 27.0739 12.4691 85.5907
v 30.8134 11.4065 85.3650
v 33.2680 10.1472 85.2993
v 0.4758 15.9463 86.6951
v 1.6474 15.9463 86.6951
v 20.0552 15.7763 88.3431
v 23.0739 15.7763 87.2805
v 27.0739 15.7763 86.9403
v 30.1510 15.7763 86.0029
v 0.6368 19.8655 86.9621
v 1.6057 18.5917 88.1649
v 20.7943 18.0054 88.9464
v 23.0739 18.2341 88.7083
v 27.0739 18.4998 88.5074
v 31.4808 20.0213 87.1413
v 34.7740 21.6995 86.7478
v 37.2039 21.7160 85.2248
v 0.1542 23.7763 87.1578
v 32.9100 23.7763 85.6399
v 34.7053 23.7763 86.5003
v 37.5228 23.7763 85.3607
v 44.0689 25.0728 85.6086
v 46.2493 25.0728 85.6086
v 0.6616 26.4430 87.1578
v 2.1115 28.4430 87.1578
v 32.9807 25.8835 85.3543
v 34.8825 26.3608 86.6911
v 38.8391 27.7941 87.0240
v 43.1769 27.8636 85.8143
v 46.2493 26.9772 85.6086
v 4.1699 31.8960 87.1451
v 5.5360 33.3090 85.8032
v 35.8937 32.6478 88.2570
v 38.9466 31.6343 87.1385
v 42.2849 30.6209 86.0201
v 4.8504 34.1551 88.4698
v 6.6343 35.6036 87.1451
v 28.9832 37.7131 89.0496
v 31.0739 36.8367 88.1900
v 34.5342 35.3300 86.7830
v 37.7575 34.0733 85.5903
v 8.7432 39.5027 87.5445
v 10.6909 39.9884 87.5445
v 15.2687 40.4799 86.9969
v 19.3692 41.6207 87.3424
v 23.0642 41.1076 87.5402
v 27.4142 39.8896 87.2028
v 30.7851 39.4658 86.1024
v 33.1748 37.9254 85.3090
v 9.0508 41.8155 89.1357
v 9.1023 41.8155 89.1357
v 16.7320 42.2368 88.2230
v 19.3692 42.1356 87.3424
v 21.7244 42.0344 86.4618
v 28.5119 41.8690 85.3559
v 29.2592 41.8690 85.3559
v 4.9784 -10.2789 89.2507
v 5.2011 -10.2789 89.2507
v 0.7897 -6.4750 91.1578
v 3.0993 -7.7246 91.1217
v 6.7503 -8.2136 90.4636
v 10.3166 -6.8736 90.0730
v -2.9668 -2.2746 89.2058
v -0.8384 -3.8542 90.7866
v 3.8869 -5.9030 92.9928
v 7.2503 -4.0834 91.5329
v 10.3166 -4.9304 90.0730
v -3.4870 -0.2237 89.7426
v -1.4684 -0.2237 91.7426
v 7.8309 -0.2164 90.7734
v 11.0739 0.6799 89.2358
v 13.2160 0.9690 89.2358
v -4.2044 3.7763 90.4922
v -1.9823 3.7763 92.4922
v 4.0698 4.7079 91.1578
v 6.8193 2.7885 90.7734
v 10.7164 3.6433 89.5690
v 14.7592 3.9425 89.6964
v 17.5056 5.3867 89.3963
v -4.0435 7.9709 91.3863
v -1.2300 7.9258 92.7377
v 2.4127 7.7612 91.2252
v 8.3171 8.6125 89.4863
v 10.7164 7.4781 90.4596
v 15.0739 7.7763 90.9995
v 18.0897 7.7763 89.6186
v -3.5749 10.7132 91.1578
v -1.2420 11.7535 91.7774
v 3.3152 11.7522 91.3265
v 7.0198 11.7288 90.3843
v 11.0739 11.7763 91.8619
v 15.0739 11.7763 91.6354
v 17.9569 11.7763 89.7956
v 0.0445 16.0383 91.2121
v 3.3393 16.5349 91.5424
v 7.0739 15.7763 92.2805
v 10.7856 15.4008 92.6878
v 15.0739 14.6378 92.4085
v 17.9111 16.0410 91.0425
v 0.9865 19.6052 90.9447
v 2.9507 19.1075 91.6541
v 7.0739 18.3298 92.9938
v 9.2601 18.1785 93.0241
v 19.9549 19.5138 91.3718
v 23.0739 20.2341 90.2997
v 27.0739 20.4998 89.7816
v 31.0739 21.1438 89.4956
v 33.1860 21.6830 89.2758
v 0.9838 23.7763 89.6046
v 2.1895 23.7763 91.6046
v 8.8864 25.3852 92.8061
v 9.1720 25.3852 92.8061
v 20.7349 22.1983 92.8477
v 23.1744 23.6295 92.2647
v 27.0739 23.7763 91.1102
v 31.0739 23.7763 90.3243
v 33.5191 23.7763 89.4880
v 1.0355 25.8756 89.6037
v 2.9416 27.5762 91.0891
v 7.1982 27.6047 92.6903
v 9.1720 25.9327 92.8061
v 24.6568 27.7763 92.8350
v 26.7631 27.7913 92.5691
v 30.9113 27.7913 91.8965
v 34.9628 28.0134 89.9219
v 37.4690 29.5048 89.3160
v 4.5413 31.7930 91.2078
v 5.5101 30.4708 92.5745
v 25.0169 29.8624 93.0718
v 25.2225 29.8624 93.0718
v 31.4129 31.7763 91.8157
v 34.7658 31.4992 89.7790
v 37.4690 29.9811 89.3160
v 4.7794 34.3096 91.1578
v 6.5199 36.3096 91.1578
v 16.1639 37.0241 92.4793
v 17.9126 37.0241 92.4793
v 28.9832 37.7131 89.3044
v 30.5557 35.8166 90.6065
v 33.2270 33.9201 89.2420
v 8.3564 39.7763 91.1578
v 11.3151 40.2673 91.1578
v 15.1146 39.4370 90.9401
v 19.4857 39.9153 90.9401
v 23.0739 39.8269 91.1578
v 27.4195 38.6061 90.8458
v 29.3146 38.0364 91.9711
v 8.9104 41.9937 91.1578
v 9.3151 41.9937 91.1578
v 16.7320 42.2368 89.4009
v 18.3920 42.2368 89.4009
v 1.0612 -6.2367 93.1658
v 1.2202 -6.2367 93.1658
v 0.9582 -4.2237 93.2372
v 2.7617 -4.4312 93.3749
v 5.4869 -3.2363 93.4138
v 0.5316 -0.2237 93.6504
v 3.0739 -0.2237 94.0719
v 5.5654 -0.2237 93.5794
v 0.0177 3.7763 93.7807
v 2.9315 3.5908 93.8398
v 5.3162 2.1338 93.4640
v -3.1387 9.4339 93.2058
v -1.2300 7.9258 93.3177
v 1.5032 6.4177 93.4295
v -3.1387 9.9197 93.2058
v -1.0558 11.5302 93.3796
v 1.9864 13.1407 93.5533
v 0.6453 15.7763 93.8889
v 2.6395 15.7763 93.8889
v 12.0549 16.2862 95.1578
v 14.8380 16.4489 94.8708
v 17.1609 17.5508 93.3462
v 0.9807 17.9520 93.7370
v 3.6232 19.3654 93.4741
v 7.0739 20.3298 93.4027
v 11.0612 19.6103 95.1638
v 14.8380 19.7359 95.8059
v 17.8849 19.7763 93.6639
v 4.1895 23.7763 93.5604
v 7.3614 23.9417 93.6438
v 10.8199 23.6860 95.1638
v 15.1318 23.5027 96.0883
v 19.2705 23.6295 94.0713
v 21.9081 24.8650 93.5349
v 3.9710 26.6101 93.6413
v 7.1982 27.6047 93.9600
v 9.7841 27.4701 95.4304
v 15.9354 27.7763 95.9933
v 19.0739 27.7763 94.9544
v 22.6568 27.7763 94.1189
v 27.8891 29.1347 93.4728
v 29.4695 29.1347 93.4728
v 4.9048 33.1374 93.5384
v 6.9574 31.5528 95.2419
v 11.1712 31.7160 96.9563
v 14.9053 31.9889 95.9608
v 19.0739 31.7763 95.3880
v 23.4397 31.4280 94.7868
v 26.7631 31.4280 93.7515
v 29.4129 31.7763 93.4473
v 4.9048 34.1087 93.5384
v 7.1486 35.7716 95.1384
v 11.3757 35.9712 96.1710
v 14.9279 35.7250 94.2670
v 19.1772 35.7250 94.4661
v 23.2093 35.9872 96.1839
v 26.8529 35.9872 95.4269
v 29.2966 35.7763 93.5415
v 8.5416 39.7763 93.9773
v 10.8499 39.5698 93.9926
v 13.4972 38.0987 93.4565
v 20.5793 38.0619 93.7240
v 23.2093 38.4564 95.0975
v 26.8529 38.4411 95.0222
v 29.3146 38.0364 93.5984
v 8.8790 42.0269 93.3366
v 9.3672 42.0269 93.3366
v 12.8624 17.0821 97.2411
v 13.3474 17.0821 97.2411
v 12.8624 18.3755 97.2411
v 13.3474 18.3755 97.2411
v 12.2263 24.5650 99.1578
v 14.1390 24.5650 99.1578
v 11.8108 28.0754 99.3316
v 14.1573 28.0754 99.3316
v 8.4047 32.6348 97.5612
v 11.1712 31.7160 97.8377
v 13.4595 30.7972 98.1141
v 8.4047 34.7678 97.5612
v 10.2436 34.7678 97.5612
v 24.6329 37.4612 97.2823
v 25.3722 37.4612 97.2823
v 24.6329 38.0700 97.2823
v 25.3722 38.0700 97.2823
v 12.5499 25.2841 101.7748
v 13.7309 25.2841 101.7748
v 12.5499 26.9414 101.7748
v 13.7309 26.9414 101.7748
f 3 2 1
f 3 4 2
f 10 5 9
f 10 6 5
f 11 1 2
f 11 10 1
f 10 7 6
f 10 11 7
f 13 8 12
f 13 9 8
f 14 1 10
f 14 3 1
f 13 10 9
f 13 14 10
f 15 11 2
f 15 2 4
f 15 4 3
f 15 3 14
f 19 16 18
f 19 17 16
f 22 18 21
f 22 19 18
f 24 20 23
f 24 21 20
f 25 21 24
f 25 22 21
f 27 5 6
f 27 26 5
f 7 27 6
f 7 28 27
f 33 5 26
f 33 9 5
f 33 8 9
f 33 32 8
f 34 28 7
f 34 7 11
f 34 29 28
f 34 35 29
f 36 29 35
f 36 30 29
f 32 12 8
f 32 38 12
f 38 31 37
f 38 32 31
f 39 13 12
f 39 12 38
f 40 14 13
f 40 13 39
f 34 11 15
f 34 15 41
f 15 14 40
f 15 40 41
f 42 34 41
f 42 35 34
f 44 37 43
f 44 38 37
f 44 39 38
f 44 45 39
f 46 39 45
f 46 40 39
f 47 40 46
f 47 41 40
f 48 41 47
f 48 42 41
f 17 49 16
f 17 50 49
f 49 18 16
f 49 51 18
f 50 17 19
f 50 19 52
f 52 51 49
f 52 49 50
f 54 18 51
f 54 21 18
f 54 20 21
f 54 53 20
f 52 19 22
f 52 22 55
f 53 23 20
f 53 57 23
f 58 24 23
f 58 23 57
f 55 22 25
f 55 25 59
f 25 24 58
f 25 58 59
f 60 55 59
f 60 56 55
f 61 58 57
f 61 62 58
f 63 58 62
f 63 59 58
f 68 26 27
f 68 67 26
f 28 68 27
f 28 69 68
f 29 69 28
f 29 70 69
f 71 29 30
f 71 70 29
f 70 65 64
f 70 71 65
f 32 74 31
f 32 75 74
f 76 26 67
f 76 33 26
f 76 32 33
f 76 75 32
f 76 66 75
f 76 67 66
f 78 71 30
f 78 30 36
f 36 35 77
f 36 77 78
f 79 73 72
f 79 80 73
f 81 31 74
f 81 37 31
f 82 81 74
f 82 74 75
f 77 35 42
f 77 42 83
f 84 77 83
f 84 78 77
f 85 37 81
f 85 43 37
f 44 43 85
f 44 85 86
f 85 81 82
f 85 82 86
f 45 44 86
f 45 86 87
f 88 46 45
f 88 45 87
f 47 46 88
f 47 88 89
f 83 42 48
f 83 48 90
f 90 48 47
f 90 47 89
f 91 88 87
f 91 92 88
f 93 88 92
f 93 89 88
f 52 94 51
f 52 95 94
f 94 54 51
f 94 97 54
f 54 96 53
f 54 97 96
f 95 52 55
f 95 55 98
f 99 55 56
f 99 98 55
f 100 53 96
f 100 57 53
f 99 56 60
f 99 60 102
f 102 60 59
f 102 59 101
f 102 101 98
f 102 98 99
f 100 61 57
f 100 103 61
f 62 61 103
f 62 103 104
f 101 59 63
f 101 63 105
f 63 62 104
f 63 104 105
f 109 64 65
f 109 108 64
f 111 66 67
f 111 110 66
f 68 111 67
f 68 112 111
f 113 68 69
f 113 112 68
f 113 106 112
f 113 107 106
f 114 64 108
f 114 70 64
f 114 69 70
f 114 113 69
f 114 107 113
f 114 108 107
f 115 109 65
f 115 65 71
f 117 72 73
f 117 116 72
f 118 66 110
f 118 75 66
f 119 115 71
f 119 71 78
f 116 79 72
f 116 120 79
f 119 116 115
f 119 120 116
f 117 73 80
f 117 80 121
f 121 80 79
f 121 79 120
f 118 82 75
f 118 122 82
f 119 78 84
f 119 84 124
f 84 83 123
f 84 123 124
f 125 119 124
f 125 120 119
f 125 121 120
f 125 126 121
f 127 82 122
f 127 86 82
f 87 86 127
f 87 127 128
f 123 83 90
f 123 90 131
f 90 89 130
f 90 130 131
f 132 123 131
f 132 124 123
f 133 124 132
f 133 125 124
f 134 125 133
f 134 126 125
f 128 91 87
f 128 135 91
f 92 91 135
f 92 135 136
f 135 128 129
f 135 129 136
f 130 89 93
f 130 93 137
f 93 92 136
f 93 136 137
f 138 130 137
f 138 131 130
f 139 131 138
f 139 132 131
f 140 137 136
f 140 141 137
f 141 138 137
f 141 142 138
f 142 139 138
f 142 143 139
f 144 143 142
f 144 145 143
f 148 94 95
f 148 147 94
f 151 94 147
f 151 97 94
f 151 96 97
f 151 150 96
f 151 146 150
f 151 147 146
f 152 148 95
f 152 95 98
f 150 100 96
f 150 154 100
f 154 149 153
f 154 150 149
f 152 98 101
f 152 101 156
f 157 100 154
f 157 103 100
f 104 103 157
f 104 157 158
f 157 154 155
f 157 155 158
f 156 101 105
f 156 105 159
f 159 105 104
f 159 104 158
f 166 160 165
f 166 161 160
f 166 162 161
f 166 167 162
f 167 163 162
f 167 168 163
f 171 164 170
f 171 165 164
f 171 166 165
f 171 172 166
f 173 106 107
f 173 172 106
f 173 166 172
f 173 167 166
f 174 107 108
f 174 173 107
f 173 168 167
f 173 174 168
f 109 174 108
f 109 175 174
f 180 169 179
f 180 170 169
f 181 110 111
f 181 180 110
f 181 170 180
f 181 171 170
f 182 106 172
f 182 112 106
f 182 111 112
f 182 181 111
f 182 171 181
f 182 172 171
f 184 175 109
f 184 109 115
f 183 174 175
f 183 175 184
f 185 115 116
f 185 184 115
f 184 176 175
f 184 185 176
f 117 185 116
f 117 186 185
f 185 177 176
f 185 186 177
f 187 177 186
f 187 178 177
f 190 110 180
f 190 118 110
f 191 186 117
f 191 117 121
f 191 187 186
f 191 192 187
f 194 188 193
f 194 189 188
f 195 118 190
f 195 122 118
f 195 189 194
f 195 190 189
f 191 121 126
f 191 126 196
f 197 191 196
f 197 192 191
f 200 193 199
f 200 194 193
f 195 127 122
f 195 201 127
f 200 195 194
f 200 201 195
f 128 127 201
f 128 201 202
f 129 128 202
f 129 202 203
f 133 132 204
f 133 204 205
f 196 126 134
f 196 134 206
f 134 133 205
f 134 205 206
f 207 196 206
f 207 197 196
f 209 198 208
f 209 199 198
f 209 200 199
f 209 210 200
f 211 200 210
f 211 201 200
f 212 201 211
f 212 202 201
f 213 129 203
f 213 136 129
f 204 132 139
f 204 139 216
f 216 205 204
f 216 217 205
f 218 205 217
f 218 206 205
f 220 210 219
f 220 211 210
f 213 140 136
f 213 221 140
f 141 140 221
f 141 221 222
f 221 213 214
f 221 214 222
f 223 142 141
f 223 141 222
f 222 214 215
f 222 215 223
f 224 216 139
f 224 139 143
f 225 216 224
f 225 217 216
f 226 142 223
f 226 144 142
f 227 224 143
f 227 143 145
f 145 144 226
f 145 226 227
f 226 223 224
f 226 224 227
f 231 146 147
f 231 230 146
f 232 147 148
f 232 231 147
f 231 229 228
f 231 232 229
f 234 146 230
f 234 150 146
f 234 149 150
f 234 233 149
f 235 232 148
f 235 148 152
f 233 153 149
f 233 236 153
f 237 154 153
f 237 153 236
f 236 233 234
f 236 234 237
f 155 154 237
f 155 237 238
f 239 235 152
f 239 152 156
f 241 155 238
f 241 158 155
f 240 238 237
f 240 241 238
f 242 239 156
f 242 156 159
f 242 159 158
f 242 158 241
f 242 241 238
f 242 238 239
f 246 160 161
f 246 245 160
f 162 246 161
f 162 247 246
f 163 247 162
f 163 248 247
f 249 243 248
f 249 244 243
f 251 160 245
f 251 165 160
f 251 164 165
f 251 250 164
f 252 248 163
f 252 163 168
f 253 248 252
f 253 249 248
f 255 164 250
f 255 170 164
f 255 169 170
f 255 254 169
f 256 252 168
f 256 168 174
f 256 253 252
f 256 257 253
f 176 257 175
f 176 258 257
f 259 176 177
f 259 258 176
f 260 177 178
f 260 259 177
f 254 179 169
f 254 262 179
f 263 180 179
f 263 179 262
f 256 174 183
f 256 183 264
f 265 175 257
f 265 184 175
f 265 183 184
f 265 264 183
f 265 256 264
f 265 257 256
f 266 258 259
f 266 259 267
f 260 178 187
f 260 187 268
f 268 267 259
f 268 259 260
f 270 188 189
f 270 269 188
f 270 261 269
f 270 262 261
f 263 190 180
f 263 271 190
f 271 189 190
f 271 270 189
f 270 263 262
f 270 271 263
f 268 187 192
f 268 192 272
f 274 188 269
f 274 193 188
f 272 192 197
f 272 197 275
f 278 193 274
f 278 199 193
f 278 198 199
f 278 277 198
f 278 273 277
f 278 274 273
f 203 202 279
f 203 279 280
f 275 197 207
f 275 207 283
f 207 206 282
f 207 282 283
f 284 275 283
f 284 276 275
f 285 198 277
f 285 208 198
f 286 209 208
f 286 208 285
f 210 209 286
f 210 286 287
f 279 202 212
f 279 212 289
f 289 212 211
f 289 211 288
f 290 203 280
f 290 213 203
f 290 279 289
f 290 280 279
f 291 214 213
f 291 213 290
f 290 280 281
f 290 281 291
f 292 215 214
f 292 214 291
f 282 206 218
f 282 218 295
f 218 217 294
f 218 294 295
f 296 282 295
f 296 283 282
f 297 210 287
f 297 219 210
f 288 211 220
f 288 220 298
f 220 219 297
f 220 297 298
f 297 287 288
f 297 288 298
f 299 288 298
f 299 289 288
f 301 215 292
f 301 223 215
f 300 292 291
f 300 301 292
f 302 224 223
f 302 223 301
f 303 294 217
f 303 217 225
f 225 224 302
f 225 302 303
f 303 302 293
f 303 293 294
f 229 304 228
f 229 305 304
f 307 228 304
f 307 231 228
f 231 306 230
f 231 307 306
f 308 305 229
f 308 229 232
f 307 304 305
f 307 305 308
f 309 230 306
f 309 234 230
f 310 308 232
f 310 232 235
f 311 234 309
f 311 237 234
f 313 310 235
f 313 235 239
f 239 238 312
f 239 312 313
f 311 240 237
f 311 316 240
f 317 312 238
f 317 238 241
f 317 241 240
f 317 240 316
f 318 315 314
f 318 319 315
f 322 243 244
f 322 321 243
f 325 318 324
f 325 319 318
f 246 325 245
f 246 326 325
f 325 320 319
f 325 326 320
f 327 246 247
f 327 326 246
f 328 243 321
f 328 248 243
f 328 247 248
f 328 327 247
f 329 322 244
f 329 244 249
f 331 323 330
f 331 324 323
f 332 245 325
f 332 251 245
f 332 250 251
f 332 331 250
f 332 324 331
f 332 325 324
f 329 249 253
f 329 253 333
f 336 250 331
f 336 255 250
f 336 254 255
f 336 335 254
f 336 330 335
f 336 331 330
f 337 333 253
f 337 253 257
f 338 257 258
f 338 337 257
f 340 254 335
f 340 262 254
f 340 261 262
f 340 339 261
f 340 334 339
f 340 335 334
f 338 258 266
f 338 266 342
f 341 337 338
f 341 338 342
f 343 266 267
f 343 342 266
f 344 267 268
f 344 343 267
f 347 261 339
f 347 269 261
f 348 342 343
f 348 343 349
f 344 268 272
f 344 272 350
f 350 345 344
f 350 351 345
f 354 269 347
f 354 274 269
f 354 273 274
f 354 353 273
f 354 346 353
f 354 347 346
f 350 272 275
f 350 275 355
f 276 355 275
f 276 356 355
f 356 350 355
f 356 351 350
f 357 351 356
f 357 352 351
f 358 273 353
f 358 277 273
f 281 280 362
f 281 362 363
f 366 356 276
f 366 276 284
f 284 283 365
f 284 365 366
f 366 365 355
f 366 355 356
f 367 277 358
f 367 285 277
f 286 285 367
f 286 367 368
f 367 358 359
f 367 359 368
f 369 287 286
f 369 286 368
f 369 368 359
f 369 359 360
f 288 287 369
f 288 369 370
f 369 360 361
f 369 361 370
f 362 280 290
f 362 290 372
f 372 290 289
f 372 289 371
f 373 281 363
f 373 291 281
f 372 363 362
f 372 373 363
f 376 294 293
f 376 293 375
f 377 295 294
f 377 294 376
f 378 365 283
f 378 283 296
f 378 296 295
f 378 295 377
f 378 377 364
f 378 364 365
f 379 288 370
f 379 298 288
f 371 289 299
f 371 299 380
f 299 298 379
f 299 379 380
f 379 370 371
f 379 371 380
f 381 291 373
f 381 300 291
f 382 301 300
f 382 300 381
f 381 373 374
f 381 374 382
f 383 375 293
f 383 293 302
f 383 302 301
f 383 301 382
f 383 382 374
f 383 374 375
f 387 306 307
f 387 386 306
f 387 384 386
f 387 385 384
f 308 387 307
f 308 388 387
f 391 306 386
f 391 309 306
f 388 308 310
f 388 310 392
f 392 389 388
f 392 393 389
f 395 309 391
f 395 311 309
f 395 390 394
f 395 391 390
f 397 392 310
f 397 310 313
f 313 312 396
f 313 396 397
f 315 398 314
f 315 399 398
f 395 316 311
f 395 401 316
f 400 395 394
f 400 401 395
f 396 312 317
f 396 317 402
f 317 316 401
f 317 401 402
f 403 396 402
f 403 397 396
f 404 314 398
f 404 318 314
f 405 399 315
f 405 315 319
f 320 405 319
f 320 406 405
f 408 321 322
f 408 407 321
f 409 403 402
f 409 410 403
f 411 318 404
f 411 324 318
f 411 323 324
f 411 410 323
f 412 406 320
f 412 320 326
f 327 412 326
f 327 413 412
f 407 328 321
f 407 414 328
f 328 413 327
f 328 414 413
f 408 322 329
f 408 329 415
f 414 407 408
f 414 408 415
f 417 323 410
f 417 330 323
f 418 415 329
f 418 329 333
f 421 330 417
f 421 335 330
f 421 334 335
f 421 420 334
f 421 416 420
f 421 417 416
f 418 333 337
f 418 337 422
f 425 334 420
f 425 339 334
f 425 419 424
f 425 420 419
f 422 337 341
f 422 341 427
f 428 341 342
f 428 427 341
f 344 429 343
f 344 430 429
f 345 430 344
f 345 431 430
f 433 423 432
f 433 424 423
f 434 339 425
f 434 347 339
f 434 346 347
f 434 433 346
f 434 424 433
f 434 425 424
f 436 435 426
f 436 426 427
f 428 342 348
f 428 348 437
f 429 349 343
f 429 438 349
f 349 437 348
f 349 438 437
f 438 428 437
f 438 429 428
f 439 431 345
f 439 345 351
f 440 351 352
f 440 439 351
f 442 346 433
f 442 353 346
f 441 433 432
f 441 442 433
f 444 356 355
f 444 355 443
f 440 352 357
f 440 357 445
f 357 356 444
f 357 444 445
f 444 439 440
f 444 440 445
f 446 353 442
f 446 358 353
f 447 359 358
f 447 358 446
f 448 360 359
f 448 359 447
f 361 360 448
f 361 448 449
f 443 355 365
f 443 365 452
f 452 365 364
f 452 364 451
f 453 448 447
f 453 454 448
f 455 361 449
f 455 370 361
f 454 449 448
f 454 455 449
f 456 371 370
f 456 370 455
f 457 372 371
f 457 371 456
f 373 372 457
f 373 457 458
f 374 373 458
f 374 458 459
f 460 375 374
f 460 374 459
f 376 375 460
f 376 460 461
f 462 451 364
f 462 364 377
f 462 377 376
f 462 376 461
f 462 461 450
f 462 450 451
f 463 454 453
f 463 464 454
f 464 455 454
f 464 465 455
f 465 456 455
f 465 466 456
f 466 457 456
f 466 467 457
f 468 457 467
f 468 458 457
f 385 469 384
f 385 470 469
f 472 384 469
f 472 386 384
f 473 470 385
f 473 385 387
f 388 473 387
f 388 474 473
f 389 474 388
f 389 475 474
f 477 386 472
f 477 391 386
f 477 390 391
f 477 476 390
f 477 471 476
f 477 472 471
f 475 389 393
f 475 393 479
f 479 393 392
f 479 392 478
f 478 474 475
f 478 475 479
f 480 390 476
f 480 394 390
f 481 478 392
f 481 392 397
f 399 482 398
f 399 483 482
f 480 400 394
f 480 485 400
f 486 401 400
f 486 400 485
f 487 402 401
f 487 401 486
f 481 397 403
f 481 403 488
f 482 404 398
f 482 489 404
f 483 399 405
f 483 405 490
f 489 482 483
f 489 483 490
f 491 405 406
f 491 490 405
f 493 484 492
f 493 485 484
f 493 486 485
f 493 494 486
f 487 409 402
f 487 495 409
f 494 487 486
f 494 495 487
f 496 488 403
f 496 403 410
f 496 410 409
f 496 409 495
f 497 404 489
f 497 411 404
f 497 410 411
f 497 496 410
f 497 488 496
f 497 489 488
f 491 406 412
f 491 412 499
f 498 490 491
f 498 491 499
f 500 412 413
f 500 499 412
f 414 500 413
f 414 501 500
f 415 501 414
f 415 502 501
f 503 493 492
f 503 504 493
f 504 494 493
f 504 505 494
f 506 494 505
f 506 495 494
f 507 410 496
f 507 417 410
f 507 416 417
f 507 506 416
f 507 495 506
f 507 496 495
f 508 499 500
f 508 500 509
f 509 500 501
f 509 501 510
f 502 415 418
f 502 418 511
f 511 510 501
f 511 501 502
f 512 505 504
f 512 513 505
f 514 416 506
f 514 420 416
f 514 419 420
f 514 513 419
f 514 505 513
f 514 506 505
f 516 511 418
f 516 418 422
f 515 510 511
f 515 511 516
f 518 419 513
f 518 424 419
f 518 423 424
f 518 517 423
f 516 422 427
f 516 427 520
f 520 427 426
f 520 426 519
f 519 515 516
f 519 516 520
f 521 427 428
f 521 520 427
f 522 428 429
f 522 521 428
f 430 522 429
f 430 523 522
f 524 430 431
f 524 523 430
f 525 423 517
f 525 432 423
f 519 426 435
f 519 435 526
f 520 436 427
f 520 527 436
f 436 526 435
f 436 527 526
f 526 520 519
f 526 527 520
f 527 520 521
f 527 521 528
f 529 528 521
f 529 521 522
f 529 522 523
f 529 523 530
f 531 524 431
f 531 431 439
f 531 530 523
f 531 523 524
f 525 441 432
f 525 532 441
f 533 442 441
f 533 441 532
f 535 534 526
f 535 526 527
f 536 528 529
f 536 529 537
f 539 531 439
f 539 439 444
f 539 444 443
f 539 443 538
f 539 538 530
f 539 530 531
f 533 446 442
f 533 540 446
f 541 447 446
f 541 446 540
f 451 450 542
f 451 542 543
f 544 538 443
f 544 443 452
f 544 452 451
f 544 451 543
f 544 543 537
f 544 537 538
f 541 453 447
f 541 545 453
f 459 458 546
f 459 546 547
f 460 459 547
f 460 547 548
f 549 542 450
f 549 450 461
f 549 461 460
f 549 460 548
f 545 463 453
f 545 550 463
f 551 464 463
f 551 463 550
f 465 464 551
f 465 551 552
f 553 466 465
f 553 465 552
f 467 466 553
f 467 553 554
f 546 458 468
f 546 468 555
f 468 467 554
f 468 554 555
f 556 546 555
f 556 547 546
f 557 547 556
f 557 548 547
f 558 553 552
f 558 559 553
f 560 553 559
f 560 554 553
f 562 555 561
f 562 556 555
f 564 469 470
f 564 563 469
f 566 469 563
f 566 472 469
f 472 565 471
f 472 566 565
f 564 470 473
f 564 473 567
f 566 563 564
f 566 564 567
f 568 473 474
f 568 567 473
f 569 471 565
f 569 476 471
f 568 474 478
f 568 478 571
f 569 480 476
f 569 573 480
f 571 478 481
f 571 481 575
f 575 574 570
f 575 570 571
f 577 480 573
f 577 485 480
f 577 484 485
f 577 576 484
f 577 572 576
f 577 573 572
f 575 481 488
f 575 488 580
f 580 579 574
f 580 574 575
f 581 488 489
f 581 580 488
f 582 489 490
f 582 581 489
f 583 484 576
f 583 492 484
f 585 584 578
f 585 578 579
f 586 585 579
f 586 579 580
f 582 490 498
f 582 498 588
f 587 581 582
f 587 582 588
f 589 498 499
f 589 588 498
f 583 503 492
f 583 590 503
f 591 504 503
f 591 503 590
f 593 592 584
f 593 584 585
f 589 499 508
f 589 508 595
f 594 588 589
f 594 589 595
f 596 508 509
f 596 595 508
f 597 509 510
f 597 596 509
f 591 512 504
f 591 598 512
f 599 513 512
f 599 512 598
f 600 594 595
f 600 595 601
f 601 595 596
f 601 596 602
f 597 510 515
f 597 515 603
f 602 596 597
f 602 597 603
f 599 518 513
f 599 605 518
f 518 604 517
f 518 605 604
f 606 600 601
f 606 601 607
f 607 601 602
f 607 602 608
f 609 603 515
f 609 515 519
f 608 602 603
f 608 603 609
f 610 519 520
f 610 609 519
f 604 525 517
f 604 611 525
f 612 611 604
f 612 604 605
f 610 520 527
f 610 527 614
f 614 527 526
f 614 526 613
f 613 609 610
f 613 610 614
f 615 527 528
f 615 614 527
f 530 616 529
f 530 617 616
f 618 525 611
f 618 532 525
f 533 532 618
f 533 618 619
f 618 611 612
f 618 612 619
f 613 526 534
f 613 534 620
f 614 535 527
f 614 621 535
f 535 620 534
f 535 621 620
f 615 528 536
f 615 536 622
f 621 614 615
f 621 615 622
f 616 537 529
f 616 623 537
f 623 536 537
f 623 622 536
f 617 530 538
f 617 538 624
f 624 538 537
f 624 537 623
f 624 623 616
f 624 616 617
f 619 540 533
f 619 625 540
f 626 541 540
f 626 540 625
f 630 623 537
f 630 537 543
f 630 543 542
f 630 542 629
f 630 629 622
f 630 622 623
f 626 545 541
f 626 632 545
f 631 626 625
f 631 632 626
f 634 633 627
f 634 627 628
f 635 629 542
f 635 542 549
f 635 549 548
f 635 548 634
f 635 634 628
f 635 628 629
f 632 550 545
f 632 636 550
f 551 550 636
f 551 636 637
f 552 551 637
f 552 637 638
f 641 555 554
f 641 554 640
f 643 634 548
f 643 548 557
f 643 557 556
f 643 556 642
f 643 642 633
f 643 633 634
f 645 636 644
f 645 637 636
f 638 558 552
f 638 646 558
f 647 559 558
f 647 558 646
f 646 638 639
f 646 639 647
f 640 554 560
f 640 560 648
f 648 560 559
f 648 559 647
f 648 647 639
f 648 639 640
f 641 561 555
f 641 649 561
f 650 642 556
f 650 556 562
f 562 561 649
f 562 649 650
f 650 649 641
f 650 641 642
f 652 565 566
f 652 651 565
f 653 566 567
f 653 652 566
f 568 653 567
f 568 654 653
f 651 569 565
f 651 655 569
f 655 651 652
f 655 652 656
f 657 656 652
f 657 652 653
f 658 654 568
f 658 568 571
f 658 571 570
f 658 570 657
f 658 657 653
f 658 653 654
f 660 569 655
f 660 573 569
f 573 659 572
f 573 660 659
f 661 660 655
f 661 655 656
f 662 657 570
f 662 570 574
f 663 572 659
f 663 576 572
f 664 663 659
f 664 659 660
f 666 662 574
f 666 574 579
f 666 579 578
f 666 578 665
f 581 667 580
f 581 668 667
f 663 583 576
f 663 669 583
f 670 669 663
f 670 663 664
f 671 665 578
f 671 578 584
f 671 670 664
f 671 664 665
f 667 586 580
f 667 673 586
f 586 672 585
f 586 673 672
f 668 581 587
f 668 587 674
f 674 673 667
f 674 667 668
f 675 587 588
f 675 674 587
f 676 583 669
f 676 590 583
f 591 590 676
f 591 676 677
f 676 669 670
f 676 670 677
f 671 584 592
f 671 592 678
f 677 670 671
f 677 671 678
f 672 593 585
f 672 679 593
f 679 592 593
f 679 678 592
f 680 679 672
f 680 672 673
f 681 680 673
f 681 673 674
f 675 588 594
f 675 594 682
f 681 674 675
f 681 675 682
f 677 598 591
f 677 683 598
f 599 598 683
f 599 683 684
f 685 684 678
f 685 678 679
f 686 685 679
f 686 679 680
f 682 594 600
f 682 600 688
f 688 687 681
f 688 681 682
f 690 599 684
f 690 605 599
f 689 684 683
f 689 690 684
f 690 684 685
f 690 685 691
f 692 691 685
f 692 685 686
f 688 600 606
f 688 606 694
f 693 687 688
f 693 688 694
f 695 606 607
f 695 694 606
f 608 695 607
f 608 696 695
f 697 608 609
f 697 696 608
f 690 612 605
f 690 698 612
f 698 690 691
f 698 691 699
f 701 694 695
f 701 695 702
f 703 702 695
f 703 695 696
f 697 609 613
f 697 613 704
f 703 696 697
f 703 697 704
f 705 612 698
f 705 619 612
f 707 706 699
f 707 699 700
f 708 702 703
f 708 703 709
f 704 613 620
f 704 620 710
f 710 709 703
f 710 703 704
f 711 620 621
f 711 710 620
f 712 621 622
f 712 711 621
f 705 625 619
f 705 713 625
f 714 713 705
f 714 705 706
f 715 708 709
f 715 709 716
f 718 628 627
f 718 627 717
f 718 717 710
f 718 710 711
f 719 712 622
f 719 622 629
f 719 629 628
f 719 628 718
f 718 711 712
f 718 712 719
f 713 631 625
f 713 720 631
f 721 632 631
f 721 631 720
f 725 717 627
f 725 627 633
f 724 716 717
f 724 717 725
f 721 636 632
f 721 726 636
f 728 638 637
f 728 637 727
f 639 638 728
f 639 728 729
f 728 722 723
f 728 723 729
f 730 640 639
f 730 639 729
f 641 640 730
f 641 730 731
f 732 725 633
f 732 633 642
f 732 642 641
f 732 641 731
f 726 644 636
f 726 733 644
f 727 637 645
f 727 645 734
f 645 644 733
f 645 733 734
f 734 733 726
f 734 726 727
f 736 656 657
f 736 735 656
f 735 661 656
f 735 738 661
f 661 737 660
f 661 738 737
f 736 657 662
f 736 662 739
f 739 738 735
f 739 735 736
f 737 664 660
f 737 740 664
f 665 664 740
f 665 740 741
f 741 740 737
f 741 737 738
f 742 739 662
f 742 662 666
f 666 665 741
f 666 741 742
f 742 741 738
f 742 738 739
f 678 743 677
f 678 744 743
f 746 680 681
f 746 745 680
f 743 683 677
f 743 747 683
f 744 678 684
f 744 684 748
f 747 743 744
f 747 744 748
f 745 686 680
f 745 749 686
f 746 681 687
f 746 687 750
f 749 745 746
f 749 746 750
f 747 689 683
f 747 751 689
f 752 748 684
f 752 684 690
f 752 690 689
f 752 689 751
f 752 751 747
f 752 747 748
f 749 692 686
f 749 754 692
f 692 753 691
f 692 754 753
f 750 687 693
f 750 693 755
f 755 754 749
f 755 749 750
f 756 693 694
f 756 755 693
f 753 699 691
f 753 758 699
f 699 757 698
f 699 758 757
f 700 699 758
f 700 758 759
f 759 758 753
f 759 753 754
f 760 759 754
f 760 754 755
f 756 694 701
f 756 701 761
f 760 755 756
f 760 756 761
f 762 701 702
f 762 761 701
f 763 698 757
f 763 705 698
f 758 699 706
f 758 706 764
f 706 705 763
f 706 763 764
f 764 763 757
f 764 757 758
f 759 707 700
f 759 765 707
f 707 764 706
f 707 765 764
f 766 760 761
f 766 761 767
f 762 702 708
f 762 708 768
f 767 761 762
f 767 762 768
f 770 709 710
f 770 769 709
f 764 714 706
f 764 772 714
f 714 771 713
f 714 772 771
f 772 764 765
f 772 765 773
f 775 774 766
f 775 766 767
f 768 708 715
f 768 715 776
f 775 767 768
f 775 768 776
f 769 716 709
f 769 777 716
f 777 715 716
f 777 776 715
f 770 710 717
f 770 717 778
f 778 717 716
f 778 716 777
f 778 777 769
f 778 769 770
f 771 720 713
f 771 779 720
f 721 720 779
f 721 779 780
f 780 779 771
f 780 771 772
f 781 773 774
f 781 774 782
f 783 723 722
f 783 722 782
f 782 774 775
f 782 775 783
f 783 775 776
f 783 776 784
f 777 716 724
f 777 724 785
f 785 784 776
f 785 776 777
f 786 724 725
f 786 785 724
f 787 721 780
f 787 726 721
f 727 726 787
f 727 787 788
f 787 780 781
f 787 781 788
f 789 782 722
f 789 722 728
f 789 728 727
f 789 727 788
f 789 788 781
f 789 781 782
f 790 723 783
f 790 729 723
f 730 729 790
f 730 790 791
f 790 783 784
f 790 784 791
f 731 730 791
f 731 791 792
f 792 791 784
f 792 784 785
f 786 725 732
f 786 732 793
f 793 732 731
f 793 731 792
f 792 785 786
f 792 786 793
f 760 794 759
f 760 795 794
f 794 765 759
f 794 796 765
f 795 760 766
f 795 766 797
f 799 765 796
f 799 773 765
f 773 798 772
f 773 799 798
f 800 797 766
f 800 766 774
f 800 774 773
f 800 773 799
f 800 799 796
f 800 796 797
f 801 772 798
f 801 780 772
f 802 799 773
f 802 773 781
f 781 780 801
f 781 801 802
f 802 801 798
f 802 798 799
f 804 794 795
f 804 803 794
f 805 794 803
f 805 796 794
f 806 804 795
f 806 795 797
f 797 796 805
f 797 805 806
f 805 803 804
f 805 804 806
f 809 808 807
f 809 810 808
f 813 812 811
f 813 814 812
f 815 814 813
f 815 816 814
f 808 817 807
f 808 818 817
f 819 807 817
f 819 809 807
f 820 818 808
f 820 808 810
f 810 809 819
f 810 819 820
f 823 822 821
f 823 824 822
f 830 825 829
f 830 826 825
f 812 830 811
f 812 831 830
f 830 827 826
f 830 831 827
f 834 828 833
f 834 829 828
f 835 811 830
f 835 813 811
f 834 830 829
f 834 835 830
f 836 831 812
f 836 812 814
f 836 832 831
f 836 837 832
f 838 813 835
f 838 815 813
f 836 814 816
f 836 816 839
f 816 815 838
f 816 838 839
f 838 835 836
f 838 836 839
f 840 836 839
f 840 837 836
f 843 842 841
f 843 844 842
f 851 845 850
f 851 846 845
f 852 817 818
f 852 851 817
f 851 847 846
f 851 852 847
f 852 848 847
f 852 853 848
f 856 849 855
f 856 850 849
f 851 819 817
f 851 857 819
f 857 850 856
f 857 851 850
f 852 818 820
f 852 820 858
f 820 819 857
f 820 857 858
f 858 853 852
f 858 859 853
f 860 853 859
f 860 854 853
f 861 859 858
f 861 862 859
f 866 864 863
f 866 867 864
f 822 869 821
f 822 870 869
f 871 865 870
f 871 866 865
f 872 866 871
f 872 867 866
f 872 868 867
f 872 873 868
f 869 823 821
f 869 874 823
f 875 870 822
f 875 822 824
f 824 823 874
f 824 874 875
f 875 874 869
f 875 869 870
f 876 870 875
f 876 871 870
f 826 877 825
f 826 878 877
f 827 878 826
f 827 879 878
f 884 825 877
f 884 829 825
f 884 828 829
f 884 883 828
f 885 884 877
f 885 877 878
f 886 879 827
f 886 827 831
f 832 886 831
f 832 887 886
f 886 880 879
f 886 887 880
f 888 880 887
f 888 881 880
f 890 828 883
f 890 833 828
f 889 883 882
f 889 890 883
f 891 834 833
f 891 833 890
f 892 835 834
f 892 834 891
f 893 836 835
f 893 835 892
f 894 887 832
f 894 832 837
f 895 887 894
f 895 888 887
f 896 890 889
f 896 897 890
f 897 891 890
f 897 898 891
f 898 892 891
f 898 899 892
f 893 839 836
f 893 900 839
f 899 893 892
f 899 900 893
f 894 837 840
f 894 840 901
f 840 839 900
f 840 900 901
f 902 898 897
f 902 903 898
f 904 898 903
f 904 899 898
f 905 901 900
f 905 906 901
f 842 909 841
f 842 910 909
f 911 907 910
f 911 908 907
f 909 843 841
f 909 913 843
f 914 910 842
f 914 842 844
f 844 843 913
f 844 913 914
f 915 910 914
f 915 911 910
f 915 912 911
f 915 916 912
f 918 845 846
f 918 917 845
f 847 918 846
f 847 919 918
f 848 919 847
f 848 920 919
f 924 845 917
f 924 850 845
f 924 849 850
f 924 923 849
f 925 920 848
f 925 848 853
f 854 925 853
f 854 926 925
f 925 921 920
f 925 926 921
f 923 855 849
f 923 928 855
f 927 923 922
f 927 928 923
f 929 856 855
f 929 855 928
f 857 856 929
f 857 929 930
f 931 858 857
f 931 857 930
f 926 854 860
f 926 860 933
f 860 859 932
f 860 932 933
f 934 929 928
f 934 935 929
f 935 930 929
f 935 936 930
f 931 861 858
f 931 937 861
f 932 859 862
f 932 862 938
f 938 862 861
f 938 861 937
f 939 932 938
f 939 933 932
f 941 936 940
f 941 937 936
f 864 942 863
f 864 943 942
f 942 866 863
f 942 945 866
f 945 865 866
f 945 944 865
f 943 864 867
f 943 867 946
f 945 942 943
f 945 943 946
f 868 946 867
f 868 947 946
f 948 865 944
f 948 870 865
f 872 871 949
f 872 949 950
f 947 868 873
f 947 873 951
f 951 873 872
f 951 872 950
f 950 946 947
f 950 947 951
f 948 875 870
f 948 952 875
f 949 871 876
f 949 876 953
f 876 875 952
f 876 952 953
f 954 949 953
f 954 950 949
f 955 954 953
f 955 956 954
f 879 959 878
f 879 960 959
f 880 960 879
f 880 961 960
f 962 880 881
f 962 961 880
f 883 965 882
f 883 966 965
f 884 966 883
f 884 967 966
f 967 957 966
f 967 958 957
f 968 878 959
f 968 885 878
f 885 967 884
f 885 968 967
f 968 958 967
f 968 959 958
f 969 962 881
f 969 881 888
f 971 963 970
f 971 964 963
f 972 882 965
f 972 889 882
f 973 972 965
f 973 965 966
f 969 888 895
f 969 895 975
f 895 894 974
f 895 974 975
f 976 971 970
f 976 977 971
f 972 896 889
f 972 978 896
f 897 896 978
f 897 978 979
f 978 972 973
f 978 973 979
f 982 900 899
f 982 899 981
f 974 894 901
f 974 901 983
f 984 974 983
f 984 975 974
f 985 897 979
f 985 902 897
f 903 902 985
f 903 985 986
f 985 979 980
f 985 980 986
f 981 899 904
f 981 904 987
f 904 903 986
f 904 986 987
f 982 905 900
f 982 988 905
f 987 982 981
f 987 988 982
f 983 901 906
f 983 906 989
f 906 905 988
f 906 988 989
f 989 984 983
f 989 990 984
f 991 990 989
f 991 992 990
f 993 992 991
f 993 994 992
f 908 995 907
f 908 996 995
f 998 907 995
f 998 910 907
f 910 997 909
f 910 998 997
f 999 996 908
f 999 908 911
f 999 998 995
f 999 995 996
f 912 999 911
f 912 1000 999
f 1001 909 997
f 1001 913 909
f 1002 914 913
f 1002 913 1001
f 915 914 1002
f 915 1002 1003
f 1000 912 916
f 1000 916 1004
f 916 915 1003
f 916 1003 1004
f 1006 1002 1005
f 1006 1003 1002
f 1011 917 918
f 1011 1010 917
f 919 1011 918
f 919 1012 1011
f 1013 919 920
f 1013 1012 919
f 1013 1007 1012
f 1013 1008 1007
f 921 1013 920
f 921 1014 1013
f 1013 1009 1008
f 1013 1014 1009
f 1019 922 923
f 1019 1018 922
f 1010 924 917
f 1010 1020 924
f 924 1019 923
f 924 1020 1019
f 1021 1014 921
f 1021 921 926
f 1023 1015 1022
f 1023 1016 1015
f 1024 1016 1023
f 1024 1017 1016
f 1018 927 922
f 1018 1025 927
f 1026 928 927
f 1026 927 1025
f 1025 1018 1019
f 1025 1019 1026
f 1027 1026 1019
f 1027 1019 1020
f 931 930 1028
f 931 1028 1029
f 1030 1021 926
f 1030 926 933
f 1031 1021 1030
f 1031 1022 1021
f 1026 934 928
f 1026 1032 934
f 935 934 1032
f 935 1032 1033
f 1032 1026 1027
f 1032 1027 1033
f 1028 930 936
f 1028 936 1034
f 1034 936 935
f 1034 935 1033
f 1029 937 931
f 1029 1035 937
f 1035 936 937
f 1035 1034 936
f 1035 1028 1034
f 1035 1029 1028
f 938 937 1035
f 938 1035 1036
f 1030 933 939
f 1030 939 1037
f 939 938 1036
f 939 1036 1037
f 1038 1030 1037
f 1038 1031 1030
f 1034 940 936
f 1034 1039 940
f 1035 937 941
f 1035 941 1040
f 941 940 1039
f 941 1039 1040
f 1043 1042 1041
f 1043 1044 1042
f 1046 944 945
f 1046 1045 944
f 1047 945 946
f 1047 1046 945
f 1048 944 1045
f 1048 948 944
f 1049 1047 946
f 1049 946 950
f 1050 948 1048
f 1050 952 948
f 1051 953 952
f 1051 952 1050
f 1052 1049 950
f 1052 950 954
f 1051 955 953
f 1051 1053 955
f 1052 954 956
f 1052 956 1054
f 956 955 1053
f 956 1053 1054
f 1059 1055 1058
f 1059 1056 1055
f 1059 1057 1056
f 1059 1060 1057
f 1064 1058 1063
f 1064 1059 1058
f 1064 1060 1059
f 1064 1065 1060
f 1065 1061 1060
f 1065 1066 1061
f 1068 957 958
f 1068 1067 957
f 1068 1062 1067
f 1068 1063 1062
f 1069 958 959
f 1069 1068 958
f 960 1069 959
f 960 1070 1069
f 1069 1065 1064
f 1069 1070 1065
f 961 1070 960
f 961 1071 1070
f 1070 1066 1065
f 1070 1071 1066
f 962 1071 961
f 962 1072 1071
f 1074 963 964
f 1074 1073 963
f 1075 957 1067
f 1075 966 957
f 1076 1072 962
f 1076 962 969
f 1077 963 1073
f 1077 970 963
f 1076 1073 1072
f 1076 1077 1073
f 1078 1074 964
f 1078 964 971
f 1079 966 1075
f 1079 973 966
f 1080 1076 969
f 1080 969 975
f 1077 976 970
f 1077 1081 976
f 1080 1077 1076
f 1080 1081 1077
f 1078 971 977
f 1078 977 1082
f 977 976 1081
f 977 1081 1082
f 1083 973 1079
f 1083 979 973
f 980 979 1083
f 980 1083 1084
f 1080 975 984
f 1080 984 1085
f 1086 1080 1085
f 1086 1081 1080
f 1086 1082 1081
f 1086 1087 1082
f 1084 986 980
f 1084 1089 986
f 1088 1084 1083
f 1088 1089 1084
f 987 986 1089
f 987 1089 1090
f 1091 988 987
f 1091 987 1090
f 989 988 1091
f 989 1091 1092
f 1085 984 990
f 1085 990 1093
f 1094 1085 1093
f 1094 1086 1085
f 1095 1086 1094
f 1095 1087 1086
f 1096 1091 1090
f 1096 1097 1091
f 1092 991 989
f 1092 1098 991
f 1097 1092 1091
f 1097 1098 1092
f 1099 1093 990
f 1099 990 992
f 1100 1093 1099
f 1100 1094 1093
f 1101 991 1098
f 1101 993 991
f 1102 1099 992
f 1102 992 994
f 1102 994 993
f 1102 993 1101
f 1108 997 998
f 1108 1107 997
f 1108 1103 1107
f 1108 1104 1103
f 1109 998 999
f 1109 1108 998
f 1108 1105 1104
f 1108 1109 1105
f 1110 999 1000
f 1110 1109 999
f 1109 1106 1105
f 1109 1110 1106
f 1111 997 1107
f 1111 1001 997
f 1112 1002 1001
f 1112 1001 1111
f 1110 1000 1004
f 1110 1004 1114
f 1004 1003 1113
f 1004 1113 1114
f 1112 1005 1002
f 1112 1116 1005
f 1115 1112 1111
f 1115 1116 1112
f 1113 1003 1006
f 1113 1006 1117
f 1117 1006 1005
f 1117 1005 1116
f 1118 1113 1117
f 1118 1114 1113
f 1124 1119 1123
f 1124 1120 1119
f 1124 1121 1120
f 1124 1125 1121
f 1125 1122 1121
f 1125 1126 1122
f 1127 1124 1123
f 1127 1128 1124
f 1128 1125 1124
f 1128 1129 1125
f 1130 1007 1008
f 1130 1129 1007
f 1129 1126 1125
f 1129 1130 1126
f 1131 1008 1009
f 1131 1130 1008
f 1011 1135 1010
f 1011 1136 1135
f 1137 1007 1129
f 1137 1012 1007
f 1137 1011 1012
f 1137 1136 1011
f 1137 1128 1136
f 1137 1129 1128
f 1131 1009 1014
f 1131 1014 1139
f 1138 1130 1131
f 1138 1131 1139
f 1141 1015 1016
f 1141 1140 1015
f 1141 1132 1140
f 1141 1133 1132
f 1017 1141 1016
f 1017 1142 1141
f 1141 1134 1133
f 1141 1142 1134
f 1144 1010 1135
f 1144 1020 1010
f 1145 1139 1014
f 1145 1014 1021
f 1146 1015 1140
f 1146 1022 1015
f 1022 1145 1021
f 1022 1146 1145
f 1145 1140 1139
f 1145 1146 1140
f 1147 1023 1022
f 1147 1022 1146
f 1148 1142 1017
f 1148 1017 1024
f 1024 1023 1147
f 1024 1147 1148
f 1150 1020 1144
f 1150 1027 1020
f 1150 1143 1149
f 1150 1144 1143
f 1151 1146 1022
f 1151 1022 1031
f 1151 1147 1146
f 1151 1152 1147
f 1153 1147 1152
f 1153 1148 1147
f 1150 1033 1027
f 1150 1155 1033
f 1154 1150 1149
f 1154 1155 1150
f 1156 1034 1033
f 1156 1033 1155
f 1036 1035 1157
f 1036 1157 1158
f 1159 1037 1036
f 1159 1036 1158
f 1151 1031 1038
f 1151 1038 1160
f 1038 1037 1159
f 1038 1159 1160
f 1160 1152 1151
f 1160 1161 1152
f 1162 1152 1161
f 1162 1153 1152
f 1164 1154 1163
f 1164 1155 1154
f 1156 1039 1034
f 1156 1165 1039
f 1164 1156 1155
f 1164 1165 1156
f 1157 1035 1040
f 1157 1040 1166
f 1040 1039 1165
f 1040 1165 1166
f 1167 1157 1166
f 1167 1158 1157
f 1168 1041 1042
f 1168 1167 1041
f 1168 1158 1167
f 1168 1159 1158
f 1169 1159 1168
f 1169 1160 1159
f 1170 1160 1169
f 1170 1161 1160
f 1171 1041 1167
f 1171 1043 1041
f 1168 1042 1044
f 1168 1044 1172
f 1044 1043 1171
f 1044 1171 1172
f 1173 1168 1172
f 1173 1169 1168
f 1046 1176 1045
f 1046 1177 1176
f 1178 1046 1047
f 1178 1177 1046
f 1177 1175 1174
f 1177 1178 1175
f 1180 1045 1176
f 1180 1048 1045
f 1181 1178 1047
f 1181 1047 1049
f 1181 1179 1178
f 1181 1182 1179
f 1183 1048 1180
f 1183 1050 1048
f 1184 1051 1050
f 1184 1050 1183
f 1185 1181 1049
f 1185 1049 1052
f 1186 1051 1184
f 1186 1053 1051
f 1187 1185 1052
f 1187 1052 1054
f 1054 1053 1186
f 1054 1186 1187
f 1186 1184 1185
f 1186 1185 1187
f 1189 1055 1056
f 1189 1188 1055
f 1057 1189 1056
f 1057 1190 1189
f 1188 1058 1055
f 1188 1193 1058
f 1194 1190 1057
f 1194 1057 1060
f 1061 1194 1060
f 1061 1195 1194
f 1194 1191 1190
f 1194 1195 1191
f 1197 1058 1193
f 1197 1063 1058
f 1197 1062 1063
f 1197 1196 1062
f 1197 1192 1196
f 1197 1193 1192
f 1198 1064 1063
f 1198 1063 1197
f 1199 1195 1061
f 1199 1061 1066
f 1202 1062 1196
f 1202 1067 1062
f 1203 1197 1063
f 1203 1063 1068
f 1204 1064 1198
f 1204 1069 1064
f 1204 1068 1069
f 1204 1203 1068
f 1203 1198 1197
f 1203 1204 1198
f 1205 1199 1066
f 1205 1066 1071
f 1072 1205 1071
f 1072 1206 1205
f 1205 1200 1199
f 1205 1206 1200
f 1207 1072 1073
f 1207 1206 1072
f 1074 1207 1073
f 1074 1208 1207
f 1212 1067 1202
f 1212 1075 1067
f 1212 1201 1211
f 1212 1202 1201
f 1213 1208 1074
f 1213 1074 1078
f 1213 1209 1208
f 1213 1214 1209
f 1216 1210 1215
f 1216 1211 1210
f 1212 1079 1075
f 1212 1217 1079
f 1216 1212 1211
f 1216 1217 1212
f 1218 1213 1078
f 1218 1078 1082
f 1218 1214 1213
f 1218 1219 1214
f 1222 1215 1221
f 1222 1216 1215
f 1223 1079 1217
f 1223 1083 1079
f 1222 1217 1216
f 1222 1223 1217
f 1218 1082 1087
f 1218 1087 1226
f 1226 1219 1218
f 1226 1227 1219
f 1229 1220 1228
f 1229 1221 1220
f 1229 1222 1221
f 1229 1230 1222
f 1223 1088 1083
f 1223 1231 1088
f 1230 1223 1222
f 1230 1231 1223
f 1232 1089 1088
f 1232 1088 1231
f 1090 1089 1232
f 1090 1232 1233
f 1232 1224 1225
f 1232 1225 1233
f 1226 1087 1095
f 1226 1095 1236
f 1095 1094 1235
f 1095 1235 1236
f 1237 1226 1236
f 1237 1227 1226
f 1238 1231 1230
f 1238 1239 1231
f 1240 1090 1233
f 1240 1096 1090
f 1097 1096 1240
f 1097 1240 1241
f 1240 1233 1234
f 1240 1234 1241
f 1242 1098 1097
f 1242 1097 1241
f 1235 1094 1100
f 1235 1100 1244
f 1100 1099 1243
f 1100 1243 1244
f 1245 1235 1244
f 1245 1236 1235
f 1246 1098 1242
f 1246 1101 1098
f 1247 1243 1099
f 1247 1099 1102
f 1102 1101 1246
f 1102 1246 1247
f 1247 1246 1242
f 1247 1242 1243
f 1104 1248 1103
f 1104 1249 1248
f 1250 1104 1105
f 1250 1249 1104
f 1106 1250 1105
f 1106 1251 1250
f 1252 1103 1248
f 1252 1107 1103
f 1253 1252 1248
f 1253 1248 1249
f 1254 1251 1106
f 1254 1106 1110
f 1255 1107 1252
f 1255 1111 1107
f 1258 1254 1110
f 1258 1110 1114
f 1255 1115 1111
f 1255 1259 1115
f 1260 1116 1115
f 1260 1115 1259
f 1259 1255 1256
f 1259 1256 1260
f 1261 1117 1116
f 1261 1116 1260
f 1260 1256 1257
f 1260 1257 1261
f 1262 1258 1114
f 1262 1114 1118
f 1118 1117 1261
f 1118 1261 1262
f 1262 1261 1257
f 1262 1257 1258
f 1264 1119 1120
f 1264 1263 1119
f 1265 1120 1121
f 1265 1264 1120
f 1122 1265 1121
f 1122 1266 1265
f 1263 1123 1119
f 1263 1268 1123
f 1266 1122 1126
f 1266 1126 1269
f 1268 1127 1123
f 1268 1271 1127
f 1271 1267 1270
f 1271 1268 1267
f 1272 1128 1127
f 1272 1127 1271
f 1273 1269 1126
f 1273 1126 1130
f 1276 1132 1133
f 1276 1275 1132
f 1134 1276 1133
f 1134 1277 1276
f 1280 1270 1279
f 1280 1271 1270
f 1281 1128 1272
f 1281 1136 1128
f 1281 1135 1136
f 1281 1280 1135
f 1281 1271 1280
f 1281 1272 1271
f 1282 1273 1130
f 1282 1130 1138
f 1283 1138 1139
f 1283 1282 1138
f 1282 1274 1273
f 1282 1283 1274
f 1284 1132 1275
f 1284 1140 1132
f 1284 1139 1140
f 1284 1283 1139
f 1284 1274 1283
f 1284 1275 1274
f 1285 1277 1134
f 1285 1134 1142
f 1288 1278 1287
f 1288 1279 1278
f 1289 1135 1280
f 1289 1144 1135
f 1289 1143 1144
f 1289 1288 1143
f 1289 1279 1288
f 1289 1280 1279
f 1290 1285 1142
f 1290 1142 1148
f 1292 1286 1291
f 1292 1287 1286
f 1293 1143 1288
f 1293 1149 1143
f 1292 1288 1287
f 1292 1293 1288
f 1290 1148 1153
f 1290 1153 1294
f 1296 1291 1295
f 1296 1292 1291
f 1297 1149 1293
f 1297 1154 1149
f 1296 1293 1292
f 1296 1297 1293
f 1294 1153 1162
f 1294 1162 1302
f 1162 1161 1301
f 1162 1301 1302
f 1303 1296 1295
f 1303 1304 1296
f 1297 1163 1154
f 1297 1305 1163
f 1304 1297 1296
f 1304 1305 1297
f 1306 1164 1163
f 1306 1163 1305
f 1307 1165 1164
f 1307 1164 1306
f 1307 1306 1298
f 1307 1298 1299
f 1166 1165 1307
f 1166 1307 1308
f 1307 1299 1300
f 1307 1300 1308
f 1309 1167 1166
f 1309 1166 1308
f 1301 1161 1170
f 1301 1170 1312
f 1170 1169 1311
f 1170 1311 1312
f 1313 1301 1312
f 1313 1302 1301
f 1315 1304 1314
f 1315 1305 1304
f 1309 1171 1167
f 1309 1316 1171
f 1172 1171 1316
f 1172 1316 1317
f 1311 1169 1173
f 1311 1173 1318
f 1173 1172 1317
f 1173 1317 1318
f 1318 1317 1310
f 1318 1310 1311
f 1319 1311 1318
f 1319 1312 1311
f 1322 1174 1175
f 1322 1321 1174
f 1324 1174 1321
f 1324 1177 1174
f 1324 1176 1177
f 1324 1323 1176
f 1324 1320 1323
f 1324 1321 1320
f 1325 1322 1175
f 1325 1175 1178
f 1179 1325 1178
f 1179 1326 1325
f 1327 1176 1323
f 1327 1180 1176
f 1326 1179 1182
f 1326 1182 1330
f 1330 1182 1181
f 1330 1181 1329
f 1330 1329 1325
f 1330 1325 1326
f 1327 1183 1180
f 1327 1331 1183
f 1332 1184 1183
f 1332 1183 1331
f 1333 1329 1181
f 1333 1181 1185
f 1333 1185 1184
f 1333 1184 1332
f 1333 1332 1328
f 1333 1328 1329
f 1336 1188 1189
f 1336 1335 1188
f 1190 1336 1189
f 1190 1337 1336
f 1191 1337 1190
f 1191 1338 1337
f 1341 1188 1335
f 1341 1193 1188
f 1341 1192 1193
f 1341 1340 1192
f 1341 1334 1340
f 1341 1335 1334
f 1342 1338 1191
f 1342 1191 1195
f 1342 1339 1338
f 1342 1343 1339
f 1345 1192 1340
f 1345 1196 1192
f 1346 1342 1195
f 1346 1195 1199
f 1200 1346 1199
f 1200 1347 1346
f 1346 1343 1342
f 1346 1347 1343
f 1350 1196 1345
f 1350 1202 1196
f 1350 1201 1202
f 1350 1349 1201
f 1350 1344 1349
f 1350 1345 1344
f 1351 1347 1200
f 1351 1200 1206
f 1207 1351 1206
f 1207 1352 1351
f 1353 1207 1208
f 1353 1352 1207
f 1354 1208 1209
f 1354 1353 1208
f 1356 1201 1349
f 1356 1211 1201
f 1356 1210 1211
f 1356 1355 1210
f 1356 1348 1355
f 1356 1349 1348
f 1354 1209 1214
f 1354 1214 1359
f 1358 1353 1354
f 1358 1354 1359
f 1363 1210 1355
f 1363 1215 1210
f 1365 1364 1357
f 1365 1357 1358
f 1359 1214 1219
f 1359 1219 1366
f 1365 1358 1359
f 1365 1359 1366
f 1366 1360 1359
f 1366 1367 1360
f 1368 1360 1367
f 1368 1361 1360
f 1363 1221 1215
f 1363 1370 1221
f 1370 1220 1221
f 1370 1369 1220
f 1370 1362 1369
f 1370 1363 1362
f 1225 1224 1371
f 1225 1371 1372
f 1373 1366 1219
f 1373 1219 1227
f 1374 1366 1373
f 1374 1367 1366
f 1375 1220 1369
f 1375 1228 1220
f 1229 1228 1375
f 1229 1375 1376
f 1375 1369 1370
f 1375 1370 1376
f 1377 1230 1229
f 1377 1229 1376
f 1371 1224 1232
f 1371 1232 1379
f 1232 1231 1378
f 1232 1378 1379
f 1380 1225 1372
f 1380 1233 1225
f 1380 1371 1379
f 1380 1372 1371
f 1234 1233 1380
f 1234 1380 1381
f 1373 1227 1237
f 1373 1237 1386
f 1237 1236 1385
f 1237 1385 1386
f 1377 1238 1230
f 1377 1387 1238
f 1378 1231 1239
f 1378 1239 1388
f 1239 1238 1387
f 1239 1387 1388
f 1389 1378 1388
f 1389 1379 1378
f 1390 1234 1381
f 1390 1241 1234
f 1242 1241 1390
f 1242 1390 1391
f 1392 1243 1242
f 1392 1242 1391
f 1392 1391 1382
f 1392 1382 1383
f 1244 1243 1392
f 1244 1392 1393
f 1392 1383 1384
f 1392 1384 1393
f 1385 1236 1245
f 1385 1245 1394
f 1245 1244 1393
f 1245 1393 1394
f 1394 1393 1384
f 1394 1384 1385
f 1399 1249 1250
f 1399 1398 1249
f 1399 1395 1398
f 1399 1396 1395
f 1400 1250 1251
f 1400 1399 1250
f 1402 1249 1398
f 1402 1253 1249
f 1402 1252 1253
f 1402 1401 1252
f 1402 1397 1401
f 1402 1398 1397
f 1400 1251 1254
f 1400 1254 1404
f 1403 1399 1400
f 1403 1400 1404
f 1405 1252 1401
f 1405 1255 1252
f 1256 1255 1405
f 1256 1405 1406
f 1257 1256 1406
f 1257 1406 1407
f 1408 1404 1254
f 1408 1254 1258
f 1408 1258 1257
f 1408 1257 1407
f 1408 1407 1403
f 1408 1403 1404
f 1409 1406 1405
f 1409 1410 1406
f 1414 1263 1264
f 1414 1413 1263
f 1415 1264 1265
f 1415 1414 1264
f 1266 1415 1265
f 1266 1416 1415
f 1417 1411 1416
f 1417 1412 1411
f 1420 1263 1413
f 1420 1268 1263
f 1420 1267 1268
f 1420 1419 1267
f 1421 1416 1266
f 1421 1266 1269
f 1421 1417 1416
f 1421 1422 1417
f 1422 1418 1417
f 1422 1423 1418
f 1425 1267 1419
f 1425 1270 1267
f 1426 1421 1269
f 1426 1269 1273
f 1274 1426 1273
f 1274 1427 1426
f 1426 1422 1421
f 1426 1427 1422
f 1428 1274 1275
f 1428 1427 1274
f 1427 1423 1422
f 1427 1428 1423
f 1429 1275 1276
f 1429 1428 1275
f 1430 1276 1277
f 1430 1429 1276
f 1433 1270 1425
f 1433 1279 1270
f 1433 1278 1279
f 1433 1432 1278
f 1433 1424 1432
f 1433 1425 1424
f 1430 1277 1285
f 1430 1285 1435
f 1434 1429 1430
f 1434 1430 1435
f 1439 1278 1432
f 1439 1287 1278
f 1439 1286 1287
f 1439 1438 1286
f 1439 1431 1438
f 1439 1432 1431
f 1435 1285 1290
f 1435 1290 1441
f 1440 1434 1435
f 1440 1435 1441
f 1441 1436 1435
f 1441 1442 1436
f 1438 1291 1286
f 1438 1445 1291
f 1445 1437 1444
f 1445 1438 1437
f 1446 1441 1290
f 1446 1290 1294
f 1446 1442 1441
f 1446 1447 1442
f 1447 1443 1442
f 1447 1448 1443
f 1449 1291 1445
f 1449 1295 1291
f 1299 1298 1451
f 1299 1451 1452
f 1300 1299 1452
f 1300 1452 1453
f 1446 1294 1302
f 1446 1302 1454
f 1455 1446 1454
f 1455 1447 1446
f 1456 1295 1449
f 1456 1303 1295
f 1457 1304 1303
f 1457 1303 1456
f 1456 1449 1450
f 1456 1450 1457
f 1451 1298 1306
f 1451 1306 1459
f 1459 1306 1305
f 1459 1305 1458
f 1460 1451 1459
f 1460 1452 1451
f 1453 1308 1300
f 1453 1461 1308
f 1460 1453 1452
f 1460 1461 1453
f 1309 1308 1461
f 1309 1461 1462
f 1464 1311 1310
f 1464 1310 1463
f 1454 1302 1313
f 1454 1313 1466
f 1313 1312 1465
f 1313 1465 1466
f 1467 1304 1457
f 1467 1314 1304
f 1458 1305 1315
f 1458 1315 1468
f 1315 1314 1467
f 1315 1467 1468
f 1467 1457 1458
f 1467 1458 1468
f 1469 1458 1468
f 1469 1459 1458
f 1470 1459 1469
f 1470 1460 1459
f 1472 1309 1462
f 1472 1316 1309
f 1471 1462 1461
f 1471 1472 1462
f 1473 1463 1310
f 1473 1310 1317
f 1473 1317 1316
f 1473 1316 1472
f 1473 1472 1462
f 1473 1462 1463
f 1474 1311 1464
f 1474 1318 1311
f 1465 1312 1319
f 1465 1319 1475
f 1319 1318 1474
f 1319 1474 1475
f 1475 1474 1464
f 1475 1464 1465
f 1479 1320 1321
f 1479 1478 1320
f 1478 1477 1476
f 1478 1479 1477
f 1322 1479 1321
f 1322 1480 1479
f 1481 1320 1478
f 1481 1323 1320
f 1482 1480 1322
f 1482 1322 1325
f 1481 1327 1323
f 1481 1483 1327
f 1485 1482 1325
f 1485 1325 1329
f 1485 1329 1328
f 1485 1328 1484
f 1483 1331 1327
f 1483 1488 1331
f 1484 1328 1332
f 1484 1332 1489
f 1489 1332 1331
f 1489 1331 1488
f 1490 1484 1489
f 1490 1485 1484
f 1491 1487 1486
f 1491 1492 1487
f 1495 1334 1335
f 1495 1494 1334
f 1495 1491 1494
f 1495 1492 1491
f 1496 1335 1336
f 1496 1495 1335
f 1497 1336 1337
f 1497 1496 1336
f 1338 1497 1337
f 1338 1498 1497
f 1339 1498 1338
f 1339 1499 1498
f 1501 1334 1494
f 1501 1340 1334
f 1501 1493 1500
f 1501 1494 1493
f 1502 1499 1339
f 1502 1339 1343
f 1505 1340 1501
f 1505 1345 1340
f 1505 1344 1345
f 1505 1504 1344
f 1505 1500 1504
f 1505 1501 1500
f 1506 1502 1343
f 1506 1343 1347
f 1509 1344 1504
f 1509 1349 1344
f 1509 1348 1349
f 1509 1508 1348
f 1509 1503 1508
f 1509 1504 1503
f 1506 1347 1351
f 1506 1351 1510
f 1352 1510 1351
f 1352 1511 1510
f 1353 1511 1352
f 1353 1512 1511
f 1515 1348 1508
f 1515 1355 1348
f 1515 1507 1514
f 1515 1508 1507
f 1516 1510 1511
f 1516 1511 1517
f 1512 1353 1358
f 1512 1358 1518
f 1518 1358 1357
f 1518 1357 1517
f 1517 1511 1512
f 1517 1512 1518
f 1518 1513 1512
f 1518 1519 1513
f 1360 1519 1359
f 1360 1520 1519
f 1521 1360 1361
f 1521 1520 1360
f 1523 1355 1515
f 1523 1363 1355
f 1523 1362 1363
f 1523 1522 1362
f 1523 1514 1522
f 1523 1515 1514
f 1524 1517 1357
f 1524 1357 1364
f 1365 1524 1364
f 1365 1525 1524
f 1524 1518 1517
f 1524 1525 1518
f 1526 1359 1519
f 1526 1366 1359
f 1526 1365 1366
f 1526 1525 1365
f 1526 1518 1525
f 1526 1519 1518
f 1521 1361 1368
f 1521 1368 1528
f 1368 1367 1527
f 1368 1527 1528
f 1529 1362 1522
f 1529 1369 1362
f 1530 1370 1369
f 1530 1369 1529
f 1527 1367 1374
f 1527 1374 1533
f 1374 1373 1532
f 1374 1532 1533
f 1530 1376 1370
f 1530 1535 1376
f 1534 1530 1529
f 1534 1535 1530
f 1536 1377 1376
f 1536 1376 1535
f 1380 1379 1537
f 1380 1537 1538
f 1381 1380 1538
f 1381 1538 1539
f 1541 1383 1382
f 1541 1382 1540
f 1542 1384 1383
f 1542 1383 1541
f 1543 1385 1384
f 1543 1384 1542
f 1544 1532 1373
f 1544 1373 1386
f 1544 1386 1385
f 1544 1385 1543
f 1544 1543 1531
f 1544 1531 1532
f 1536 1387 1377
f 1536 1546 1387
f 1545 1536 1535
f 1545 1546 1536
f 1547 1388 1387
f 1547 1387 1546
f 1537 1379 1389
f 1537 1389 1548
f 1389 1388 1547
f 1389 1547 1548
f 1549 1537 1548
f 1549 1538 1537
f 1539 1390 1381
f 1539 1550 1390
f 1549 1539 1538
f 1549 1550 1539
f 1551 1540 1382
f 1551 1382 1391
f 1551 1391 1390
f 1551 1390 1550
f 1553 1541 1552
f 1553 1542 1541
f 1556 1555 1554
f 1556 1557 1555
f 1558 1395 1396
f 1558 1557 1395
f 1560 1395 1557
f 1560 1398 1395
f 1398 1559 1397
f 1398 1560 1559
f 1560 1556 1559
f 1560 1557 1556
f 1561 1558 1396
f 1561 1396 1399
f 1560 1557 1558
f 1560 1558 1561
f 1563 1397 1559
f 1563 1401 1397
f 1564 1561 1399
f 1564 1399 1403
f 1564 1562 1561
f 1564 1565 1562
f 1563 1405 1401
f 1563 1566 1405
f 1564 1403 1407
f 1564 1407 1568
f 1568 1407 1406
f 1568 1406 1567
f 1568 1565 1564
f 1568 1569 1565
f 1572 1405 1566
f 1572 1409 1405
f 1567 1406 1410
f 1567 1410 1573
f 1410 1409 1572
f 1410 1572 1573
f 1572 1566 1567
f 1572 1567 1573
f 1574 1567 1573
f 1574 1568 1567
f 1575 1570 1569
f 1575 1576 1570
f 1576 1571 1570
f 1576 1577 1571
f 1579 1411 1412
f 1579 1578 1411
f 1583 1413 1414
f 1583 1582 1413
f 1582 1577 1576
f 1582 1583 1577
f 1415 1583 1414
f 1415 1584 1583
f 1585 1411 1578
f 1585 1416 1411
f 1585 1415 1416
f 1585 1584 1415
f 1586 1579 1412
f 1586 1412 1417
f 1418 1586 1417
f 1418 1587 1586
f 1588 1581 1580
f 1588 1589 1581
f 1590 1413 1582
f 1590 1420 1413
f 1590 1419 1420
f 1590 1589 1419
f 1590 1581 1589
f 1590 1582 1581
f 1591 1587 1418
f 1591 1418 1423
f 1594 1419 1589
f 1594 1425 1419
f 1594 1424 1425
f 1594 1593 1424
f 1594 1588 1593
f 1594 1589 1588
f 1596 1591 1423
f 1596 1423 1428
f 1597 1428 1429
f 1597 1596 1428
f 1600 1424 1593
f 1600 1432 1424
f 1600 1431 1432
f 1600 1599 1431
f 1600 1592 1599
f 1600 1593 1592
f 1601 1595 1596
f 1601 1596 1602
f 1597 1429 1434
f 1597 1434 1603
f 1602 1596 1597
f 1602 1597 1603
f 1603 1598 1597
f 1603 1604 1598
f 1436 1604 1435
f 1436 1605 1604
f 1607 1431 1599
f 1607 1438 1431
f 1607 1437 1438
f 1607 1606 1437
f 1603 1434 1440
f 1603 1440 1609
f 1608 1602 1603
f 1608 1603 1609
f 1610 1435 1604
f 1610 1441 1435
f 1610 1440 1441
f 1610 1609 1440
f 1610 1603 1609
f 1610 1604 1603
f 1611 1605 1436
f 1611 1436 1442
f 1443 1611 1442
f 1443 1612 1611
f 1606 1444 1437
f 1606 1613 1444
f 1614 1445 1444
f 1614 1444 1613
f 1616 1612 1443
f 1616 1443 1448
f 1448 1447 1615
f 1448 1615 1616
f 1614 1449 1445
f 1614 1618 1449
f 1617 1614 1613
f 1617 1618 1614
f 1450 1449 1618
f 1450 1618 1619
f 1615 1447 1455
f 1615 1455 1622
f 1455 1454 1621
f 1455 1621 1622
f 1623 1450 1619
f 1623 1457 1450
f 1624 1458 1457
f 1624 1457 1623
f 1461 1460 1625
f 1461 1625 1626
f 1463 1462 1627
f 1463 1627 1628
f 1629 1464 1463
f 1629 1463 1628
f 1465 1464 1629
f 1465 1629 1630
f 1631 1621 1454
f 1631 1454 1466
f 1631 1466 1465
f 1631 1465 1630
f 1631 1630 1620
f 1631 1620 1621
f 1624 1468 1458
f 1624 1633 1468
f 1632 1624 1623
f 1632 1633 1624
f 1469 1468 1633
f 1469 1633 1634
f 1625 1460 1470
f 1625 1470 1635
f 1470 1469 1634
f 1470 1634 1635
f 1626 1471 1461
f 1626 1636 1471
f 1636 1625 1635
f 1636 1626 1625
f 1637 1627 1462
f 1637 1462 1472
f 1637 1472 1471
f 1637 1471 1636
f 1637 1636 1626
f 1637 1626 1627
f 1477 1638 1476
f 1477 1639 1638
f 1640 1476 1638
f 1640 1478 1476
f 1641 1639 1477
f 1641 1477 1479
f 1480 1641 1479
f 1480 1642 1641
f 1640 1481 1478
f 1640 1645 1481
f 1642 1480 1482
f 1642 1482 1646
f 1647 1642 1646
f 1647 1643 1642
f 1649 1481 1645
f 1649 1483 1481
f 1649 1644 1648
f 1649 1645 1644
f 1650 1646 1482
f 1650 1482 1485
f 1487 1651 1486
f 1487 1652 1651
f 1649 1488 1483
f 1649 1654 1488
f 1654 1648 1653
f 1654 1649 1648
f 1655 1489 1488
f 1655 1488 1654
f 1650 1485 1490
f 1650 1490 1656
f 1490 1489 1655
f 1490 1655 1656
f 1651 1491 1486
f 1651 1657 1491
f 1652 1487 1492
f 1652 1492 1658
f 1657 1651 1652
f 1657 1652 1658
f 1660 1653 1659
f 1660 1654 1653
f 1660 1655 1654
f 1660 1661 1655
f 1661 1656 1655
f 1661 1662 1656
f 1663 1491 1657
f 1663 1494 1491
f 1663 1493 1494
f 1663 1662 1493
f 1664 1658 1492
f 1664 1492 1495
f 1664 1663 1657
f 1664 1657 1658
f 1665 1495 1496
f 1665 1664 1495
f 1497 1665 1496
f 1497 1666 1665
f 1667 1497 1498
f 1667 1666 1497
f 1668 1498 1499
f 1668 1667 1498
f 1670 1493 1662
f 1670 1500 1493
f 1669 1662 1661
f 1669 1670 1662
f 1671 1665 1666
f 1671 1666 1672
f 1668 1499 1502
f 1668 1502 1673
f 1677 1500 1670
f 1677 1504 1500
f 1677 1503 1504
f 1677 1676 1503
f 1677 1669 1676
f 1677 1670 1669
f 1678 1673 1502
f 1678 1502 1506
f 1679 1675 1674
f 1679 1680 1675
f 1681 1503 1676
f 1681 1508 1503
f 1681 1507 1508
f 1681 1680 1507
f 1681 1675 1680
f 1681 1676 1675
f 1678 1506 1510
f 1678 1510 1683
f 1513 1684 1512
f 1513 1685 1684
f 1687 1507 1680
f 1687 1514 1507
f 1687 1679 1686
f 1687 1680 1679
f 1683 1510 1516
f 1683 1516 1689
f 1689 1688 1682
f 1689 1682 1683
f 1690 1516 1517
f 1690 1689 1516
f 1684 1518 1512
f 1684 1691 1518
f 1691 1517 1518
f 1691 1690 1517
f 1692 1685 1513
f 1692 1513 1519
f 1691 1684 1685
f 1691 1685 1692
f 1693 1519 1520
f 1693 1692 1519
f 1694 1520 1521
f 1694 1693 1520
f 1687 1522 1514
f 1687 1696 1522
f 1695 1687 1686
f 1695 1696 1687
f 1698 1697 1688
f 1698 1688 1689
f 1701 1694 1521
f 1701 1521 1528
f 1701 1528 1527
f 1701 1527 1700
f 1701 1700 1693
f 1701 1693 1694
f 1702 1522 1696
f 1702 1529 1522
f 1704 1532 1531
f 1704 1531 1703
f 1705 1700 1527
f 1705 1527 1533
f 1705 1533 1532
f 1705 1532 1704
f 1705 1704 1699
f 1705 1699 1700
f 1702 1534 1529
f 1702 1706 1534
f 1707 1535 1534
f 1707 1534 1706
f 1541 1540 1708
f 1541 1708 1709
f 1711 1703 1531
f 1711 1531 1543
f 1711 1543 1542
f 1711 1542 1710
f 1707 1545 1535
f 1707 1712 1545
f 1713 1546 1545
f 1713 1545 1712
f 1714 1547 1546
f 1714 1546 1713
f 1715 1548 1547
f 1715 1547 1714
f 1716 1549 1548
f 1716 1548 1715
f 1550 1549 1716
f 1550 1716 1717
f 1708 1540 1551
f 1708 1551 1718
f 1551 1550 1717
f 1551 1717 1718
f 1709 1552 1541
f 1709 1719 1552
f 1719 1708 1718
f 1719 1709 1708
f 1720 1710 1542
f 1720 1542 1553
f 1720 1553 1552
f 1720 1552 1719
f 1720 1719 1709
f 1720 1709 1710
f 1721 1716 1715
f 1721 1722 1716
f 1722 1717 1716
f 1722 1723 1717
f 1724 1717 1723
f 1724 1718 1717
f 1555 1725 1554
f 1555 1726 1725
f 1725 1556 1554
f 1725 1727 1556
f 1728 1726 1555
f 1728 1555 1557
f 1727 1725 1726
f 1727 1726 1728
f 1730 1556 1727
f 1730 1559 1556
f 1731 1728 1557
f 1731 1557 1560
f 1561 1731 1560
f 1561 1732 1731
f 1731 1729 1728
f 1731 1732 1729
f 1562 1732 1561
f 1562 1733 1732
f 1730 1563 1559
f 1730 1734 1563
f 1736 1733 1562
f 1736 1562 1565
f 1734 1566 1563
f 1734 1738 1566
f 1739 1567 1566
f 1739 1566 1738
f 1741 1736 1565
f 1741 1565 1569
f 1569 1568 1740
f 1569 1740 1741
f 1740 1735 1736
f 1740 1736 1741
f 1742 1569 1570
f 1742 1741 1569
f 1571 1742 1570
f 1571 1743 1742
f 1745 1737 1744
f 1745 1738 1737
f 1739 1573 1567
f 1739 1746 1573
f 1745 1739 1738
f 1745 1746 1739
f 1740 1568 1574
f 1740 1574 1747
f 1574 1573 1746
f 1574 1746 1747
f 1741 1575 1569
f 1741 1748 1575
f 1749 1576 1575
f 1749 1575 1748
f 1748 1741 1742
f 1748 1742 1749
f 1743 1571 1577
f 1743 1577 1750
f 1749 1742 1743
f 1749 1743 1750
f 1752 1578 1579
f 1752 1751 1578
f 1753 1746 1745
f 1753 1754 1746
f 1754 1747 1746
f 1754 1755 1747
f 1756 1580 1581
f 1756 1755 1580
f 1756 1747 1755
f 1756 1748 1747
f 1757 1576 1749
f 1757 1582 1576
f 1757 1581 1582
f 1757 1756 1581
f 1758 1750 1577
f 1758 1577 1583
f 1584 1758 1583
f 1584 1759 1758
f 1751 1585 1578
f 1751 1760 1585
f 1585 1759 1584
f 1585 1760 1759
f 1752 1579 1586
f 1752 1586 1761
f 1760 1751 1752
f 1760 1752 1761
f 1762 1586 1587
f 1762 1761 1586
f 1765 1580 1755
f 1765 1588 1580
f 1765 1754 1764
f 1765 1755 1754
f 1762 1587 1591
f 1762 1591 1767
f 1766 1761 1762
f 1766 1762 1767
f 1769 1763 1768
f 1769 1764 1763
f 1770 1588 1765
f 1770 1593 1588
f 1770 1592 1593
f 1770 1769 1592
f 1772 1767 1591
f 1772 1591 1596
f 1772 1596 1595
f 1772 1595 1771
f 1772 1771 1766
f 1772 1766 1767
f 1598 1773 1597
f 1598 1774 1773
f 1777 1592 1769
f 1777 1599 1592
f 1777 1768 1776
f 1777 1769 1768
f 1778 1771 1595
f 1778 1595 1601
f 1602 1778 1601
f 1602 1779 1778
f 1773 1603 1597
f 1773 1780 1603
f 1781 1774 1598
f 1781 1598 1604
f 1781 1780 1773
f 1781 1773 1774
f 1782 1604 1605
f 1782 1781 1604
f 1783 1776 1775
f 1783 1784 1776
f 1785 1599 1777
f 1785 1607 1599
f 1785 1606 1607
f 1785 1784 1606
f 1785 1776 1784
f 1785 1777 1776
f 1779 1602 1608
f 1779 1608 1787
f 1780 1609 1603
f 1780 1788 1609
f 1788 1608 1609
f 1788 1787 1608
f 1788 1779 1787
f 1788 1780 1779
f 1788 1780 1781
f 1788 1781 1789
f 1782 1605 1611
f 1782 1611 1790
f 1789 1781 1782
f 1789 1782 1790
f 1791 1611 1612
f 1791 1790 1611
f 1792 1606 1784
f 1792 1613 1606
f 1794 1793 1786
f 1794 1786 1787
f 1797 1791 1612
f 1797 1612 1616
f 1797 1616 1615
f 1797 1615 1796
f 1797 1796 1790
f 1797 1790 1791
f 1792 1617 1613
f 1792 1798 1617
f 1799 1618 1617
f 1799 1617 1798
f 1800 1619 1618
f 1800 1618 1799
f 1802 1621 1620
f 1802 1620 1801
f 1803 1796 1615
f 1803 1615 1622
f 1803 1622 1621
f 1803 1621 1802
f 1803 1802 1795
f 1803 1795 1796
f 1800 1623 1619
f 1800 1805 1623
f 1804 1800 1799
f 1804 1805 1800
f 1627 1626 1806
f 1627 1806 1807
f 1628 1627 1807
f 1628 1807 1808
f 1809 1629 1628
f 1809 1628 1808
f 1810 1801 1620
f 1810 1620 1630
f 1810 1630 1629
f 1810 1629 1809
f 1805 1632 1623
f 1805 1812 1632
f 1811 1805 1804
f 1811 1812 1805
f 1813 1633 1632
f 1813 1632 1812
f 1814 1634 1633
f 1814 1633 1813
f 1635 1634 1814
f 1635 1814 1815
f 1806 1626 1636
f 1806 1636 1816
f 1816 1636 1635
f 1816 1635 1815
f 1817 1806 1816
f 1817 1807 1806
f 1818 1807 1817
f 1818 1808 1807
f 1639 1819 1638
f 1639 1820 1819
f 1819 1640 1638
f 1819 1821 1640
f 1820 1639 1641
f 1820 1641 1822
f 1821 1819 1820
f 1821 1820 1822
f 1823 1641 1642
f 1823 1822 1641
f 1643 1823 1642
f 1643 1824 1823
f 1826 1640 1821
f 1826 1645 1640
f 1826 1644 1645
f 1826 1825 1644
f 1827 1822 1823
f 1827 1823 1828
f 1824 1643 1647
f 1824 1647 1829
f 1647 1646 1828
f 1647 1828 1829
f 1828 1823 1824
f 1828 1824 1829
f 1831 1644 1825
f 1831 1648 1644
f 1832 1828 1646
f 1832 1646 1650
f 1833 1828 1832
f 1833 1829 1828
f 1835 1648 1831
f 1835 1653 1648
f 1835 1830 1834
f 1835 1831 1830
f 1836 1832 1650
f 1836 1650 1656
f 1835 1659 1653
f 1835 1839 1659
f 1838 1835 1834
f 1838 1839 1835
f 1840 1660 1659
f 1840 1659 1839
f 1841 1661 1660
f 1841 1660 1840
f 1842 1836 1656
f 1842 1656 1662
f 1663 1842 1662
f 1663 1843 1842
f 1842 1837 1836
f 1842 1843 1837
f 1664 1843 1663
f 1664 1844 1843
f 1845 1664 1665
f 1845 1844 1664
f 1667 1846 1666
f 1667 1847 1846
f 1848 1667 1668
f 1848 1847 1667
f 1850 1838 1849
f 1850 1839 1838
f 1851 1839 1850
f 1851 1840 1839
f 1841 1669 1661
f 1841 1852 1669
f 1851 1841 1840
f 1851 1852 1841
f 1845 1665 1671
f 1845 1671 1854
f 1846 1672 1666
f 1846 1855 1672
f 1855 1671 1672
f 1855 1854 1671
f 1856 1855 1846
f 1856 1846 1847
f 1848 1668 1673
f 1848 1673 1857
f 1856 1847 1848
f 1856 1848 1857
f 1859 1674 1675
f 1859 1858 1674
f 1858 1851 1850
f 1858 1859 1851
f 1860 1669 1852
f 1860 1676 1669
f 1860 1675 1676
f 1860 1859 1675
f 1860 1851 1859
f 1860 1852 1851
f 1862 1861 1853
f 1862 1853 1854
f 1863 1862 1854
f 1863 1854 1855
f 1864 1863 1855
f 1864 1855 1856
f 1865 1857 1673
f 1865 1673 1678
f 1865 1864 1856
f 1865 1856 1857
f 1866 1674 1858
f 1866 1679 1674
f 1867 1862 1863
f 1867 1863 1868
f 1868 1863 1864
f 1868 1864 1869
f 1870 1865 1678
f 1870 1678 1683
f 1870 1683 1682
f 1870 1682 1869
f 1870 1869 1864
f 1870 1864 1865
f 1871 1679 1866
f 1871 1686 1679
f 1872 1869 1682
f 1872 1682 1688
f 1874 1689 1690
f 1874 1873 1689
f 1691 1874 1690
f 1691 1875 1874
f 1692 1875 1691
f 1692 1876 1875
f 1877 1692 1693
f 1877 1876 1692
f 1871 1695 1686
f 1871 1878 1695
f 1879 1696 1695
f 1879 1695 1878
f 1880 1872 1688
f 1880 1688 1697
f 1873 1698 1689
f 1873 1881 1698
f 1698 1880 1697
f 1698 1881 1880
f 1880 1873 1872
f 1880 1881 1873
f 1881 1873 1874
f 1881 1874 1882
f 1882 1874 1875
f 1882 1875 1883
f 1884 1883 1875
f 1884 1875 1876
f 1885 1877 1693
f 1885 1693 1700
f 1885 1700 1699
f 1885 1699 1884
f 1885 1884 1876
f 1885 1876 1877
f 1879 1702 1696
f 1879 1886 1702
f 1890 1884 1699
f 1890 1699 1704
f 1890 1704 1703
f 1890 1703 1889
f 1890 1889 1883
f 1890 1883 1884
f 1886 1706 1702
f 1886 1891 1706
f 1707 1706 1891
f 1707 1891 1892
f 1710 1709 1893
f 1710 1893 1894
f 1894 1893 1887
f 1894 1887 1888
f 1895 1889 1703
f 1895 1703 1711
f 1711 1710 1894
f 1711 1894 1895
f 1896 1707 1892
f 1896 1712 1707
f 1897 1713 1712
f 1897 1712 1896
f 1898 1714 1713
f 1898 1713 1897
f 1899 1715 1714
f 1899 1714 1898
f 1901 1893 1709
f 1901 1709 1719
f 1901 1719 1718
f 1901 1718 1900
f 1899 1721 1715
f 1899 1903 1721
f 1902 1899 1898
f 1902 1903 1899
f 1904 1722 1721
f 1904 1721 1903
f 1905 1723 1722
f 1905 1722 1904
f 1900 1718 1724
f 1900 1724 1906
f 1724 1723 1905
f 1724 1905 1906
f 1908 1902 1907
f 1908 1903 1902
f 1728 1909 1727
f 1728 1910 1909
f 1729 1910 1728
f 1729 1911 1910
f 1909 1730 1727
f 1909 1912 1730
f 1911 1729 1732
f 1911 1732 1914
f 1913 1910 1911
f 1913 1911 1914
f 1733 1914 1732
f 1733 1915 1914
f 1912 1734 1730
f 1912 1917 1734
f 1915 1733 1736
f 1915 1736 1919
f 1919 1736 1735
f 1919 1735 1918
f 1922 1734 1917
f 1922 1738 1734
f 1922 1737 1738
f 1922 1921 1737
f 1922 1916 1921
f 1922 1917 1916
f 1923 1918 1735
f 1923 1735 1740
f 1924 1918 1923
f 1924 1919 1918
f 1926 1737 1921
f 1926 1744 1737
f 1925 1921 1920
f 1925 1926 1921
f 1927 1745 1744
f 1927 1744 1926
f 1923 1740 1747
f 1923 1747 1929
f 1930 1747 1748
f 1930 1929 1747
f 1930 1923 1929
f 1930 1924 1923
f 1750 1931 1749
f 1750 1932 1931
f 1927 1753 1745
f 1927 1935 1753
f 1934 1927 1926
f 1934 1935 1927
f 1936 1754 1753
f 1936 1753 1935
f 1937 1936 1928
f 1937 1928 1929
f 1938 1930 1748
f 1938 1748 1756
f 1939 1749 1931
f 1939 1757 1749
f 1757 1938 1756
f 1757 1939 1938
f 1938 1931 1930
f 1938 1939 1931
f 1932 1750 1758
f 1932 1758 1940
f 1941 1758 1759
f 1941 1940 1758
f 1942 1759 1760
f 1942 1941 1759
f 1943 1760 1761
f 1943 1942 1760
f 1945 1933 1944
f 1945 1934 1933
f 1945 1935 1934
f 1945 1946 1935
f 1947 1754 1936
f 1947 1764 1754
f 1947 1763 1764
f 1947 1946 1763
f 1947 1935 1946
f 1947 1936 1935
f 1948 1765 1764
f 1948 1764 1947
f 1951 1950 1940
f 1951 1940 1941
f 1952 1951 1941
f 1952 1941 1942
f 1943 1761 1766
f 1943 1766 1953
f 1953 1952 1942
f 1953 1942 1943
f 1954 1763 1946
f 1954 1768 1763
f 1955 1947 1764
f 1955 1764 1769
f 1948 1770 1765
f 1948 1956 1770
f 1770 1955 1769
f 1770 1956 1955
f 1955 1948 1947
f 1955 1956 1948
f 1958 1957 1949
f 1958 1949 1950
f 1958 1950 1951
f 1958 1951 1959
f 1960 1959 1951
f 1960 1951 1952
f 1961 1953 1766
f 1961 1766 1771
f 1961 1960 1952
f 1961 1952 1953
f 1954 1776 1768
f 1954 1963 1776
f 1963 1775 1776
f 1963 1962 1775
f 1964 1959 1960
f 1964 1960 1965
f 1961 1771 1778
f 1961 1778 1966
f 1965 1960 1961
f 1965 1961 1966
f 1967 1778 1779
f 1967 1966 1778
f 1968 1779 1780
f 1968 1967 1779
f 1962 1783 1775
f 1962 1969 1783
f 1970 1784 1783
f 1970 1783 1969
f 1970 1969 1962
f 1970 1962 1963
f 1972 1787 1786
f 1972 1786 1971
f 1971 1966 1967
f 1971 1967 1972
f 1968 1780 1788
f 1968 1788 1973
f 1973 1972 1967
f 1973 1967 1968
f 1789 1973 1788
f 1789 1974 1973
f 1975 1789 1790
f 1975 1974 1789
f 1976 1784 1970
f 1976 1792 1784
f 1977 1971 1786
f 1977 1786 1793
f 1972 1794 1787
f 1972 1978 1794
f 1794 1977 1793
f 1794 1978 1977
f 1977 1972 1971
f 1977 1978 1972
f 1978 1972 1973
f 1978 1973 1979
f 1979 1973 1974
f 1979 1974 1980
f 1981 1975 1790
f 1981 1790 1796
f 1981 1796 1795
f 1981 1795 1980
f 1981 1980 1974
f 1981 1974 1975
f 1982 1792 1976
f 1982 1798 1792
f 1983 1799 1798
f 1983 1798 1982
f 1987 1980 1795
f 1987 1795 1802
f 1987 1802 1801
f 1987 1801 1986
f 1987 1986 1979
f 1987 1979 1980
f 1983 1804 1799
f 1983 1988 1804
f 1809 1808 1989
f 1809 1989 1990
f 1990 1989 1984
f 1990 1984 1985
f 1991 1986 1801
f 1991 1801 1810
f 1991 1810 1809
f 1991 1809 1990
f 1991 1990 1985
f 1991 1985 1986
f 1988 1811 1804
f 1988 1992 1811
f 1993 1812 1811
f 1993 1811 1992
f 1994 1813 1812
f 1994 1812 1993
f 1814 1813 1994
f 1814 1994 1995
f 1815 1814 1995
f 1815 1995 1996
f 1997 1816 1815
f 1997 1815 1996
f 1817 1816 1997
f 1817 1997 1998
f 1989 1808 1818
f 1989 1818 1999
f 1818 1817 1998
f 1818 1998 1999
f 2001 1995 2000
f 2001 1996 1995
f 2004 1821 1822
f 2004 2003 1821
f 2006 1821 2003
f 2006 1826 1821
f 2006 1825 1826
f 2006 2005 1825
f 2006 2002 2005
f 2006 2003 2002
f 2004 1822 1827
f 2004 1827 2007
f 2008 1827 1828
f 2008 2007 1827
f 2009 1828 1829
f 2009 2008 1828
f 2011 1825 2005
f 2011 1831 1825
f 2011 1830 1831
f 2011 2010 1830
f 2012 2007 2008
f 2012 2008 2013
f 2009 1829 1833
f 2009 1833 2014
f 1833 1832 2013
f 1833 2013 2014
f 2014 2013 2008
f 2014 2008 2009
f 2010 1834 1830
f 2010 2015 1834
f 2016 2015 2010
f 2016 2010 2011
f 2019 2013 1832
f 2019 1832 1836
f 2019 2018 2012
f 2019 2012 2013
f 1837 2019 1836
f 1837 2020 2019
f 2015 1838 1834
f 2015 2021 1838
f 2022 2021 2015
f 2022 2015 2016
f 2024 2023 2017
f 2024 2017 2018
f 2024 2018 2019
f 2024 2019 2025
f 2020 1837 1843
f 2020 1843 2026
f 2025 2019 2020
f 2025 2020 2026
f 2027 1843 1844
f 2027 2026 1843
f 2028 1844 1845
f 2028 2027 1844
f 2021 1849 1838
f 2021 2029 1849
f 2030 1850 1849
f 2030 1849 2029
f 2032 2031 2023
f 2032 2023 2024
f 2033 2032 2024
f 2033 2024 2025
f 2034 2026 2027
f 2034 2027 2035
f 2036 2028 1845
f 2036 1845 1854
f 2036 1854 1853
f 2036 1853 2035
f 2036 2035 2027
f 2036 2027 2028
f 2030 1858 1850
f 2030 2038 1858
f 2037 2030 2029
f 2037 2038 2030
f 2039 2031 2032
f 2039 2032 2040
f 2041 2040 2032
f 2041 2032 2033
f 2035 1853 1861
f 2035 1861 2043
f 2042 2034 2035
f 2042 2035 2043
f 2044 1861 1862
f 2044 2043 1861
f 2045 1858 2038
f 2045 1866 1858
f 2044 1862 1867
f 2044 1867 2048
f 2047 2043 2044
f 2047 2044 2048
f 2049 1867 1868
f 2049 2048 1867
f 2050 1868 1869
f 2050 2049 1868
f 2051 1866 2045
f 2051 1871 1866
f 2051 2045 2046
f 2051 2046 2052
f 2054 2053 2047
f 2054 2047 2048
f 2054 2048 2049
f 2054 2049 2055
f 2050 1869 1872
f 2050 1872 2056
f 2055 2049 2050
f 2055 2050 2056
f 2057 1872 1873
f 2057 2056 1872
f 2058 1871 2051
f 2058 1878 1871
f 1879 1878 2058
f 1879 2058 2059
f 2058 2051 2052
f 2058 2052 2059
f 2060 2055 2056
f 2060 2056 2061
f 2057 1873 1881
f 2057 1881 2062
f 2061 2056 2057
f 2061 2057 2062
f 1882 2062 1881
f 1882 2063 2062
f 2064 1882 1883
f 2064 2063 1882
f 2065 1879 2059
f 2065 1886 1879
f 2066 2061 2062
f 2066 2062 2067
f 2068 1888 1887
f 2068 1887 2067
f 2067 2062 2063
f 2067 2063 2068
f 2064 1883 1889
f 2064 1889 2069
f 2068 2063 2064
f 2068 2064 2069
f 2065 1891 1886
f 2065 2070 1891
f 1892 1891 2070
f 1892 2070 2071
f 2073 2067 1887
f 2073 1887 1893
f 2073 2072 2066
f 2073 2066 2067
f 2074 1888 2068
f 2074 1894 1888
f 2069 1889 1895
f 2069 1895 2075
f 1895 1894 2074
f 1895 2074 2075
f 2074 2068 2069
f 2074 2069 2075
f 2071 1896 1892
f 2071 2076 1896
f 1897 1896 2076
f 1897 2076 2077
f 2078 1898 1897
f 2078 1897 2077
f 2073 1893 1901
f 2073 1901 2083
f 2083 1901 1900
f 2083 1900 2082
f 2083 2082 2072
f 2083 2072 2073
f 2084 2077 2076
f 2084 2085 2077
f 2086 1898 2078
f 2086 1902 1898
f 2086 2078 2079
f 2086 2079 2087
f 1904 1903 2087
f 1904 2087 2088
f 2088 2087 2079
f 2088 2079 2080
f 2089 1905 1904
f 2089 1904 2088
f 2089 2088 2080
f 2089 2080 2081
f 2090 2082 1900
f 2090 1900 1906
f 2090 1906 1905
f 2090 1905 2089
f 2090 2089 2081
f 2090 2081 2082
f 2092 2084 2091
f 2092 2085 2084
f 2086 1907 1902
f 2086 2093 1907
f 2087 1903 1908
f 2087 1908 2094
f 1908 1907 2093
f 1908 2093 2094
f 2094 2093 2086
f 2094 2086 2087
f 2096 1909 1910
f 2096 2095 1909
f 2095 1912 1909
f 2095 2098 1912
f 2096 1910 1913
f 2096 1913 2099
f 2099 2098 2095
f 2099 2095 2096
f 2100 1913 1914
f 2100 2099 1913
f 2101 1914 1915
f 2101 2100 1914
f 2103 1912 2098
f 2103 1917 1912
f 2103 1916 1917
f 2103 2102 1916
f 2103 2097 2102
f 2103 2098 2097
f 2101 1915 1919
f 2101 1919 2105
f 2104 2100 2101
f 2104 2101 2105
f 2107 1916 2102
f 2107 1921 1916
f 2107 1920 1921
f 2107 2106 1920
f 2105 1919 1924
f 2105 1924 2110
f 2110 2109 2104
f 2110 2104 2105
f 2106 1925 1920
f 2106 2111 1925
f 2112 1926 1925
f 2112 1925 2111
f 2112 2111 2106
f 2112 2106 2107
f 2114 1929 1928
f 2114 1928 2113
f 2114 2113 2108
f 2114 2108 2109
f 2115 2110 1924
f 2115 1924 1930
f 2114 2109 2110
f 2114 2110 2115
f 2116 1930 1931
f 2116 2115 1930
f 2117 1931 1932
f 2117 2116 1931
f 2119 1926 2112
f 2119 1934 1926
f 2119 1933 1934
f 2119 2118 1933
f 2119 2111 2118
f 2119 2112 2111
f 2121 2113 1928
f 2121 1928 1936
f 2114 1937 1929
f 2114 2122 1937
f 1937 2121 1936
f 1937 2122 2121
f 2122 2114 2115
f 2122 2115 2123
f 2123 2115 2116
f 2123 2116 2124
f 2125 2117 1932
f 2125 1932 1940
f 2124 2116 2117
f 2124 2117 2125
f 2126 1933 2118
f 2126 1944 1933
f 1945 1944 2126
f 1945 2126 2127
f 2128 1946 1945
f 2128 1945 2127
f 2129 2128 2120
f 2129 2120 2121
f 2130 2129 2121
f 2130 2121 2122
f 2131 2123 2124
f 2131 2124 2132
f 2133 2125 1940
f 2133 1940 1950
f 2133 1950 1949
f 2133 1949 2132
f 2133 2132 2124
f 2133 2124 2125
f 2135 1946 2128
f 2135 1954 1946
f 2134 2128 2127
f 2134 2135 2128
f 2136 2129 2130
f 2136 2130 2137
f 2138 2132 1949
f 2138 1949 1957
f 2139 1957 1958
f 2139 2138 1957
f 2140 1958 1959
f 2140 2139 1958
f 2135 1963 1954
f 2135 2141 1963
f 2143 2138 2139
f 2143 2139 2144
f 2140 1959 1964
f 2140 1964 2145
f 2144 2139 2140
f 2144 2140 2145
f 2146 1964 1965
f 2146 2145 1964
f 2147 1965 1966
f 2147 2146 1965
f 2148 1963 2141
f 2148 1970 1963
f 2149 2148 2141
f 2149 2141 2142
f 2150 2144 2145
f 2150 2145 2151
f 2151 2145 2146
f 2151 2146 2152
f 2147 1966 1971
f 2147 1971 2153
f 2152 2146 2147
f 2152 2147 2153
f 2154 1971 1972
f 2154 2153 1971
f 2155 1970 2148
f 2155 1976 1970
f 2157 2151 2152
f 2157 2152 2158
f 2158 2152 2153
f 2158 2153 2159
f 2154 1972 1978
f 2154 1978 2160
f 2159 2153 2154
f 2159 2154 2160
f 1979 2160 1978
f 1979 2161 2160
f 2162 1976 2155
f 2162 1982 1976
f 1983 1982 2162
f 1983 2162 2163
f 2162 2155 2156
f 2162 2156 2163
f 2166 1985 1984
f 2166 1984 2165
f 2165 2159 2160
f 2165 2160 2166
f 2167 2161 1979
f 2167 1979 1986
f 2167 1986 1985
f 2167 1985 2166
f 2166 2160 2161
f 2166 2161 2167
f 2168 1983 2163
f 2168 1988 1983
f 2173 2165 1984
f 2173 1984 1989
f 2173 2172 2164
f 2173 2164 2165
f 2168 1992 1988
f 2168 2174 1992
f 1993 1992 2174
f 1993 2174 2175
f 2174 2168 2169
f 2174 2169 2175
f 2176 1994 1993
f 2176 1993 2175
f 2177 1995 1994
f 2177 1994 2176
f 2177 2176 2170
f 2177 2170 2171
f 1997 1996 2178
f 1997 2178 2179
f 2180 1998 1997
f 2180 1997 2179
f 2173 1989 1999
f 2173 1999 2181
f 2181 1999 1998
f 2181 1998 2180
f 2181 2180 2172
f 2181 2172 2173
f 2182 2175 2174
f 2182 2183 2175
f 2184 2175 2183
f 2184 2176 2175
f 2185 1995 2177
f 2185 2000 1995
f 2186 2178 1996
f 2186 1996 2001
f 2001 2000 2185
f 2001 2185 2186
f 2185 2177 2178
f 2185 2178 2186
f 2188 2002 2003
f 2188 2187 2002
f 2189 2003 2004
f 2189 2188 2003
f 2190 2002 2187
f 2190 2005 2002
f 2191 2190 2187
f 2191 2187 2188
f 2192 2189 2004
f 2192 2004 2007
f 2191 2188 2189
f 2191 2189 2192
f 2190 2011 2005
f 2190 2193 2011
f 2194 2193 2190
f 2194 2190 2191
f 2192 2007 2012
f 2192 2012 2195
f 2195 2194 2191
f 2195 2191 2192
f 2193 2016 2011
f 2193 2196 2016
f 2197 2196 2193
f 2197 2193 2194
f 2198 2195 2012
f 2198 2012 2018
f 2198 2018 2017
f 2198 2017 2197
f 2198 2197 2194
f 2198 2194 2195
f 2196 2022 2016
f 2196 2200 2022
f 2022 2199 2021
f 2022 2200 2199
f 2201 2197 2017
f 2201 2017 2023
f 2201 2200 2196
f 2201 2196 2197
f 2203 2025 2026
f 2203 2202 2025
f 2199 2029 2021
f 2199 2204 2029
f 2205 2204 2199
f 2205 2199 2200
f 2206 2201 2023
f 2206 2023 2031
f 2205 2200 2201
f 2205 2201 2206
f 2202 2033 2025
f 2202 2207 2033
f 2203 2026 2034
f 2203 2034 2208
f 2207 2202 2203
f 2207 2203 2208
f 2204 2037 2029
f 2204 2209 2037
f 2038 2037 2209
f 2038 2209 2210
f 2209 2204 2205
f 2209 2205 2210
f 2206 2031 2039
f 2206 2039 2211
f 2210 2205 2206
f 2210 2206 2211
f 2212 2039 2040
f 2212 2211 2039
f 2207 2041 2033
f 2207 2213 2041
f 2041 2212 2040
f 2041 2213 2212
f 2208 2034 2042
f 2208 2042 2214
f 2213 2207 2208
f 2213 2208 2214
f 2215 2042 2043
f 2215 2214 2042
f 2216 2038 2210
f 2216 2045 2038
f 2046 2045 2216
f 2046 2216 2217
f 2217 2211 2212
f 2217 2212 2218
f 2219 2218 2212
f 2219 2212 2213
f 2215 2043 2047
f 2215 2047 2221
f 2220 2214 2215
f 2220 2215 2221
f 2222 2046 2217
f 2222 2052 2046
f 2222 2217 2218
f 2222 2218 2223
f 2223 2218 2219
f 2223 2219 2224
f 2221 2047 2053
f 2221 2053 2226
f 2225 2220 2221
f 2225 2221 2226
f 2227 2053 2054
f 2227 2226 2053
f 2228 2054 2055
f 2228 2227 2054
f 2229 2052 2222
f 2229 2059 2052
f 2231 2230 2223
f 2231 2223 2224
f 2233 2232 2225
f 2233 2225 2226
f 2233 2226 2227
f 2233 2227 2234
f 2228 2055 2060
f 2228 2060 2235
f 2234 2227 2228
f 2234 2228 2235
f 2236 2060 2061
f 2236 2235 2060
f 2237 2059 2229
f 2237 2065 2059
f 2238 2237 2229
f 2238 2229 2230
f 2239 2238 2230
f 2239 2230 2231
f 2241 2240 2232
f 2241 2232 2233
f 2242 2234 2235
f 2242 2235 2243
f 2236 2061 2066
f 2236 2066 2244
f 2243 2235 2236
f 2243 2236 2244
f 2245 2065 2237
f 2245 2070 2065
f 2071 2070 2245
f 2071 2245 2246
f 2245 2237 2238
f 2245 2238 2246
f 2248 2247 2240
f 2248 2240 2241
f 2249 2242 2243
f 2249 2243 2250
f 2244 2066 2072
f 2244 2072 2251
f 2251 2250 2243
f 2251 2243 2244
f 2252 2071 2246
f 2252 2076 2071
f 2078 2077 2253
f 2078 2253 2254
f 2079 2078 2254
f 2079 2254 2255
f 2254 2247 2248
f 2254 2248 2255
f 2256 2080 2079
f 2256 2079 2255
f 2081 2080 2256
f 2081 2256 2257
f 2258 2251 2072
f 2258 2072 2082
f 2258 2082 2081
f 2258 2081 2257
f 2258 2257 2250
f 2258 2250 2251
f 2259 2076 2252
f 2259 2084 2076
f 2260 2253 2077
f 2260 2077 2085
f 2259 2252 2253
f 2259 2253 2260
f 2262 2256 2261
f 2262 2257 2256
f 2263 2084 2259
f 2263 2091 2084
f 2264 2260 2085
f 2264 2085 2092
f 2092 2091 2263
f 2092 2263 2264
f 2264 2263 2259
f 2264 2259 2260
f 2266 2097 2098
f 2266 2265 2097
f 2267 2098 2099
f 2267 2266 2098
f 2268 2099 2100
f 2268 2267 2099
f 2269 2097 2265
f 2269 2102 2097
f 2270 2269 2265
f 2270 2265 2266
f 2271 2270 2266
f 2271 2266 2267
f 2268 2100 2104
f 2268 2104 2272
f 2271 2267 2268
f 2271 2268 2272
f 2273 2102 2269
f 2273 2107 2102
f 2273 2269 2270
f 2273 2270 2274
f 2275 2274 2270
f 2275 2270 2271
f 2276 2272 2104
f 2276 2104 2109
f 2276 2109 2108
f 2276 2108 2275
f 2276 2275 2271
f 2276 2271 2272
f 2278 2107 2273
f 2278 2112 2107
f 2112 2277 2111
f 2112 2278 2277
f 2279 2278 2273
f 2279 2273 2274
f 2280 2275 2108
f 2280 2108 2113
f 2277 2118 2111
f 2277 2281 2118
f 2282 2281 2277
f 2282 2277 2278
f 2283 2282 2278
f 2283 2278 2279
f 2284 2280 2113
f 2284 2113 2121
f 2284 2121 2120
f 2284 2120 2283
f 2284 2283 2279
f 2284 2279 2280
f 2123 2285 2122
f 2123 2286 2285
f 2287 2118 2281
f 2287 2126 2118
f 2288 2127 2126
f 2288 2126 2287
f 2287 2281 2282
f 2287 2282 2288
f 2289 2283 2120
f 2289 2120 2128
f 2288 2282 2283
f 2288 2283 2289
f 2290 2128 2129
f 2290 2289 2128
f 2285 2130 2122
f 2285 2291 2130
f 2286 2123 2131
f 2286 2131 2292
f 2291 2285 2286
f 2291 2286 2292
f 2293 2131 2132
f 2293 2292 2131
f 2288 2134 2127
f 2288 2294 2134
f 2135 2134 2294
f 2135 2294 2295
f 2294 2288 2289
f 2294 2289 2295
f 2290 2129 2136
f 2290 2136 2296
f 2295 2289 2290
f 2295 2290 2296
f 2291 2137 2130
f 2291 2297 2137
f 2137 2296 2136
f 2137 2297 2296
f 2298 2297 2291
f 2298 2291 2292
f 2293 2132 2138
f 2293 2138 2299
f 2298 2292 2293
f 2298 2293 2299
f 2295 2141 2135
f 2295 2300 2141
f 2142 2141 2300
f 2142 2300 2301
f 2300 2295 2296
f 2300 2296 2301
f 2302 2301 2296
f 2302 2296 2297
f 2299 2138 2143
f 2299 2143 2304
f 2305 2143 2144
f 2305 2304 2143
f 2301 2149 2142
f 2301 2307 2149
f 2149 2306 2148
f 2149 2307 2306
f 2307 2301 2302
f 2307 2302 2308
f 2310 2309 2303
f 2310 2303 2304
f 2305 2144 2150
f 2305 2150 2311
f 2310 2304 2305
f 2310 2305 2311
f 2312 2150 2151
f 2312 2311 2150
f 2313 2148 2306
f 2313 2155 2148
f 2156 2155 2313
f 2156 2313 2314
f 2313 2306 2307
f 2313 2307 2314
f 2314 2307 2308
f 2314 2308 2315
f 2317 2316 2309
f 2317 2309 2310
f 2318 2317 2310
f 2318 2310 2311
f 2312 2151 2157
f 2312 2157 2319
f 2318 2311 2312
f 2318 2312 2319
f 2320 2157 2158
f 2320 2319 2157
f 2321 2158 2159
f 2321 2320 2158
f 2322 2156 2314
f 2322 2163 2156
f 2323 2322 2314
f 2323 2314 2315
f 2325 2324 2316
f 2325 2316 2317
f 2326 2318 2319
f 2326 2319 2327
f 2328 2327 2319
f 2328 2319 2320
f 2329 2321 2159
f 2329 2159 2165
f 2329 2165 2164
f 2329 2164 2328
f 2329 2328 2320
f 2329 2320 2321
f 2330 2163 2322
f 2330 2168 2163
f 2169 2168 2330
f 2169 2330 2331
f 2171 2170 2332
f 2171 2332 2333
f 2332 2324 2325
f 2332 2325 2333
f 2328 2164 2172
f 2328 2172 2336
f 2335 2327 2328
f 2335 2328 2336
f 2338 2169 2331
f 2338 2175 2169
f 2175 2337 2174
f 2175 2338 2337
f 2339 2332 2170
f 2339 2170 2176
f 2340 2171 2333
f 2340 2177 2171
f 2178 2177 2340
f 2178 2340 2341
f 2340 2333 2334
f 2340 2334 2341
f 2179 2178 2341
f 2179 2341 2342
f 2343 2336 2172
f 2343 2172 2180
f 2343 2180 2179
f 2343 2179 2342
f 2337 2182 2174
f 2337 2344 2182
f 2183 2182 2344
f 2183 2344 2345
f 2345 2344 2337
f 2345 2337 2338
f 2339 2176 2184
f 2339 2184 2346
f 2184 2183 2345
f 2184 2345 2346
f 2346 2345 2338
f 2346 2338 2339
f 2211 2347 2210
f 2211 2348 2347
f 2214 2349 2213
f 2214 2350 2349
f 2347 2216 2210
f 2347 2351 2216
f 2352 2348 2211
f 2352 2211 2217
f 2352 2217 2216
f 2352 2216 2351
f 2351 2347 2348
f 2351 2348 2352
f 2349 2219 2213
f 2349 2353 2219
f 2350 2214 2220
f 2350 2220 2354
f 2353 2349 2350
f 2353 2350 2354
f 2356 2222 2223
f 2356 2355 2222
f 2353 2224 2219
f 2353 2357 2224
f 2354 2220 2225
f 2354 2225 2358
f 2358 2357 2353
f 2358 2353 2354
f 2355 2229 2222
f 2355 2359 2229
f 2356 2223 2230
f 2356 2230 2360
f 2230 2229 2359
f 2230 2359 2360
f 2359 2355 2356
f 2359 2356 2360
f 2357 2231 2224
f 2357 2361 2231
f 2358 2225 2232
f 2358 2232 2362
f 2362 2361 2357
f 2362 2357 2358
f 2364 2233 2234
f 2364 2363 2233
f 2361 2239 2231
f 2361 2366 2239
f 2239 2365 2238
f 2239 2366 2365
f 2367 2362 2232
f 2367 2232 2240
f 2363 2241 2233
f 2363 2368 2241
f 2364 2234 2242
f 2364 2242 2369
f 2368 2363 2364
f 2368 2364 2369
f 2365 2246 2238
f 2365 2370 2246
f 2371 2370 2365
f 2371 2365 2366
f 2372 2367 2240
f 2372 2240 2247
f 2371 2366 2367
f 2371 2367 2372
f 2368 2248 2241
f 2368 2373 2248
f 2369 2242 2249
f 2369 2249 2374
f 2373 2368 2369
f 2373 2369 2374
f 2375 2249 2250
f 2375 2374 2249
f 2376 2246 2370
f 2376 2252 2246
f 2253 2252 2376
f 2253 2376 2377
f 2376 2370 2371
f 2376 2371 2377
f 2378 2372 2247
f 2378 2247 2254
f 2378 2254 2253
f 2378 2253 2377
f 2378 2377 2371
f 2378 2371 2372
f 2379 2248 2373
f 2379 2255 2248
f 2256 2255 2379
f 2256 2379 2380
f 2379 2373 2374
f 2379 2374 2380
f 2375 2250 2257
f 2375 2257 2381
f 2380 2374 2375
f 2380 2375 2381
f 2382 2256 2380
f 2382 2261 2256
f 2381 2257 2262
f 2381 2262 2383
f 2262 2261 2382
f 2262 2382 2383
f 2382 2380 2381
f 2382 2381 2383
f 2385 2274 2275
f 2385 2384 2274
f 2386 2274 2384
f 2386 2279 2274
f 2385 2275 2280
f 2385 2280 2387
f 2280 2279 2386
f 2280 2386 2387
f 2386 2384 2385
f 2386 2385 2387
f 2298 2388 2297
f 2298 2389 2388
f 2390 2298 2299
f 2390 2389 2298
f 2388 2302 2297
f 2388 2391 2302
f 2392 2391 2388
f 2392 2388 2389
f 2393 2390 2299
f 2393 2299 2304
f 2393 2304 2303
f 2393 2303 2392
f 2393 2392 2389
f 2393 2389 2390
f 2391 2308 2302
f 2391 2394 2308
f 2395 2392 2303
f 2395 2303 2309
f 2395 2394 2391
f 2395 2391 2392
f 2394 2315 2308
f 2394 2396 2315
f 2395 2309 2316
f 2395 2316 2397
f 2399 2317 2318
f 2399 2398 2317
f 2396 2323 2315
f 2396 2401 2323
f 2323 2400 2322
f 2323 2401 2400
f 2397 2316 2324
f 2397 2324 2402
f 2398 2325 2317
f 2398 2403 2325
f 2399 2318 2326
f 2399 2326 2404
f 2403 2398 2399
f 2403 2399 2404
f 2405 2326 2327
f 2405 2404 2326
f 2400 2330 2322
f 2400 2406 2330
f 2331 2330 2406
f 2331 2406 2407
f 2407 2406 2400
f 2407 2400 2401
f 2408 2402 2324
f 2408 2324 2332
f 2408 2407 2401
f 2408 2401 2402
f 2409 2325 2403
f 2409 2333 2325
f 2334 2333 2409
f 2334 2409 2410
f 2409 2403 2404
f 2409 2404 2410
f 2405 2327 2335
f 2405 2335 2411
f 2410 2404 2405
f 2410 2405 2411
f 2412 2335 2336
f 2412 2411 2335
f 2413 2331 2407
f 2413 2338 2331
f 2414 2408 2332
f 2414 2332 2339
f 2339 2338 2413
f 2339 2413 2414
f 2413 2407 2408
f 2413 2408 2414
f 2415 2334 2410
f 2415 2341 2334
f 2342 2341 2415
f 2342 2415 2416
f 2415 2410 2411
f 2415 2411 2416
f 2412 2336 2343
f 2412 2343 2417
f 2417 2343 2342
f 2417 2342 2416
f 2416 2411 2412
f 2416 2412 2417
f 2362 2418 2361
f 2362 2419 2418
f 2420 2361 2418
f 2420 2366 2361
f 2421 2419 2362
f 2421 2362 2367
f 2367 2366 2420
f 2367 2420 2421
f 2420 2418 2419
f 2420 2419 2421
f 2423 2394 2395
f 2423 2422 2394
f 2422 2396 2394
f 2422 2424 2396
f 2423 2395 2397
f 2423 2397 2425
f 2425 2424 2422
f 2425 2422 2423
f 2426 2396 2424
f 2426 2401 2396
f 2427 2425 2397
f 2427 2397 2402
f 2402 2401 2426
f 2402 2426 2427
f 2427 2426 2424
f 2427 2424 2425
f 2430 2429 2428
f 2430 2431 2429
f 2437 2432 2436
f 2437 2433 2432
f 2438 2428 2429
f 2438 2437 2428
f 2437 2434 2433
f 2437 2438 2434
f 2440 2435 2439
f 2440 2436 2435
f 2441 2428 2437
f 2441 2430 2428
f 2440 2437 2436
f 2440 2441 2437
f 2442 2438 2429
f 2442 2429 2431
f 2442 2431 2430
f 2442 2430 2441
f 2446 2443 2445
f 2446 2444 2443
f 2450 2445 2449
f 2450 2446 2445
f 2452 2447 2451
f 2452 2448 2447
f 2453 2448 2452
f 2453 2449 2448
f 2454 2449 2453
f 2454 2450 2449
f 2456 2432 2433
f 2456 2455 2432
f 2434 2456 2433
f 2434 2457 2456
f 2461 2432 2455
f 2461 2436 2432
f 2461 2435 2436
f 2461 2460 2435
f 2462 2457 2434
f 2462 2434 2438
f 2462 2458 2457
f 2462 2463 2458
f 2460 2439 2435
f 2460 2465 2439
f 2465 2459 2464
f 2465 2460 2459
f 2466 2440 2439
f 2466 2439 2465
f 2441 2440 2466
f 2441 2466 2467
f 2462 2438 2442
f 2462 2442 2468
f 2442 2441 2467
f 2442 2467 2468
f 2469 2462 2468
f 2469 2463 2462
f 2470 2466 2465
f 2470 2471 2466
f 2472 2468 2467
f 2472 2473 2468
f 2474 2468 2473
f 2474 2469 2468
f 2444 2475 2443
f 2444 2476 2475
f 2475 2445 2443
f 2475 2477 2445
f 2476 2444 2446
f 2476 2446 2478
f 2477 2475 2476
f 2477 2476 2478
f 2448 2479 2447
f 2448 2480 2479
f 2481 2445 2477
f 2481 2449 2445
f 2481 2448 2449
f 2481 2480 2448
f 2478 2446 2450
f 2478 2450 2482
f 2479 2451 2447
f 2479 2484 2451
f 2452 2451 2484
f 2452 2484 2485
f 2484 2479 2480
f 2484 2480 2485
f 2453 2452 2485
f 2453 2485 2486
f 2482 2450 2454
f 2482 2454 2487
f 2454 2453 2486
f 2454 2486 2487
f 2487 2483 2482
f 2487 2488 2483
f 2489 2486 2485
f 2489 2490 2486
f 2495 2455 2456
f 2495 2494 2455
f 2457 2495 2456
f 2457 2496 2495
f 2458 2496 2457
f 2458 2497 2496
f 2498 2491 2497
f 2498 2492 2491
f 2502 2459 2460
f 2502 2501 2459
f 2503 2455 2494
f 2503 2461 2455
f 2503 2460 2461
f 2503 2502 2460
f 2503 2493 2502
f 2503 2494 2493
f 2504 2497 2458
f 2504 2458 2463
f 2505 2497 2504
f 2505 2498 2497
f 2506 2500 2499
f 2506 2507 2500
f 2501 2464 2459
f 2501 2508 2464
f 2509 2465 2464
f 2509 2464 2508
f 2467 2466 2510
f 2467 2510 2511
f 2504 2463 2469
f 2504 2469 2512
f 2513 2504 2512
f 2513 2505 2504
f 2509 2470 2465
f 2509 2514 2470
f 2510 2466 2471
f 2510 2471 2515
f 2471 2470 2514
f 2471 2514 2515
f 2511 2472 2467
f 2511 2516 2472
f 2516 2510 2515
f 2516 2511 2510
f 2517 2473 2472
f 2517 2472 2516
f 2512 2469 2474
f 2512 2474 2518
f 2518 2474 2473
f 2518 2473 2517
f 2519 2516 2515
f 2519 2520 2516
f 2521 2516 2520
f 2521 2517 2516
f 2523 2477 2478
f 2523 2522 2477
f 2522 2481 2477
f 2522 2525 2481
f 2481 2524 2480
f 2481 2525 2524
f 2523 2478 2482
f 2523 2482 2526
f 2483 2526 2482
f 2483 2527 2526
f 2528 2480 2524
f 2528 2485 2480
f 2487 2486 2529
f 2487 2529 2530
f 2527 2483 2488
f 2527 2488 2531
f 2488 2487 2530
f 2488 2530 2531
f 2531 2530 2526
f 2531 2526 2527
f 2528 2489 2485
f 2528 2532 2489
f 2529 2486 2490
f 2529 2490 2533
f 2490 2489 2532
f 2490 2532 2533
f 2534 2529 2533
f 2534 2530 2529
f 2538 2491 2492
f 2538 2537 2491
f 2540 2493 2494
f 2540 2539 2493
f 2495 2540 2494
f 2495 2541 2540
f 2542 2495 2496
f 2542 2541 2495
f 2542 2535 2541
f 2542 2536 2535
f 2543 2491 2537
f 2543 2497 2491
f 2543 2496 2497
f 2543 2542 2496
f 2543 2536 2542
f 2543 2537 2536
f 2544 2538 2492
f 2544 2492 2498
f 2546 2499 2500
f 2546 2545 2499
f 2548 2493 2539
f 2548 2502 2493
f 2502 2547 2501
f 2502 2548 2547
f 2549 2544 2498
f 2549 2498 2505
f 2545 2506 2499
f 2545 2550 2506
f 2546 2500 2507
f 2546 2507 2551
f 2551 2507 2506
f 2551 2506 2550
f 2552 2501 2547
f 2552 2508 2501
f 2509 2508 2552
f 2509 2552 2553
f 2553 2552 2547
f 2553 2547 2548
f 2549 2505 2513
f 2549 2513 2555
f 2513 2512 2554
f 2513 2554 2555
f 2557 2550 2556
f 2557 2551 2550
f 2558 2509 2553
f 2558 2514 2509
f 2559 2515 2514
f 2559 2514 2558
f 2554 2512 2518
f 2554 2518 2561
f 2518 2517 2560
f 2518 2560 2561
f 2562 2554 2561
f 2562 2555 2554
f 2563 2555 2562
f 2563 2556 2555
f 2559 2519 2515
f 2559 2564 2519
f 2520 2519 2564
f 2520 2564 2565
f 2560 2517 2521
f 2560 2521 2566
f 2521 2520 2565
f 2521 2565 2566
f 2567 2560 2566
f 2567 2561 2560
f 2568 2561 2567
f 2568 2562 2561
f 2569 2568 2567
f 2569 2570 2568
f 2573 2522 2523
f 2573 2572 2522
f 2576 2522 2572
f 2576 2525 2522
f 2576 2524 2525
f 2576 2575 2524
f 2576 2571 2575
f 2576 2572 2571
f 2577 2573 2523
f 2577 2523 2526
f 2575 2528 2524
f 2575 2579 2528
f 2579 2574 2578
f 2579 2575 2574
f 2580 2577 2526
f 2580 2526 2530
f 2581 2528 2579
f 2581 2532 2528
f 2582 2533 2532
f 2582 2532 2581
f 2580 2530 2534
f 2580 2534 2583
f 2534 2533 2582
f 2534 2582 2583
f 2590 2584 2589
f 2590 2585 2584
f 2590 2586 2585
f 2590 2591 2586
f 2591 2587 2586
f 2591 2592 2587
f 2594 2588 2593
f 2594 2589 2588
f 2594 2590 2589
f 2594 2595 2590
f 2596 2535 2536
f 2596 2595 2535
f 2596 2590 2595
f 2596 2591 2590
f 2597 2536 2537
f 2597 2596 2536
f 2596 2592 2591
f 2596 2597 2592
f 2598 2537 2538
f 2598 2597 2537
f 2603 2539 2540
f 2603 2602 2539
f 2603 2593 2602
f 2603 2594 2593
f 2604 2535 2595
f 2604 2541 2535
f 2604 2540 2541
f 2604 2603 2540
f 2604 2594 2603
f 2604 2595 2594
f 2598 2538 2544
f 2598 2544 2606
f 2605 2597 2598
f 2605 2598 2606
f 2608 2545 2546
f 2608 2607 2545
f 2608 2599 2607
f 2608 2600 2599
f 2609 2600 2608
f 2609 2601 2600
f 2612 2539 2602
f 2612 2548 2539
f 2613 2606 2544
f 2613 2544 2549
f 2614 2545 2607
f 2614 2550 2545
f 2613 2607 2606
f 2613 2614 2607
f 2615 2608 2546
f 2615 2546 2551
f 2615 2609 2608
f 2615 2616 2609
f 2617 2611 2610
f 2617 2618 2611
f 2612 2553 2548
f 2612 2619 2553
f 2619 2611 2618
f 2619 2612 2611
f 2620 2613 2549
f 2620 2549 2555
f 2614 2556 2550
f 2614 2621 2556
f 2556 2620 2555
f 2556 2621 2620
f 2620 2614 2613
f 2620 2621 2614
f 2615 2551 2557
f 2615 2557 2622
f 2557 2556 2621
f 2557 2621 2622
f 2623 2615 2622
f 2623 2616 2615
f 2619 2558 2553
f 2619 2626 2558
f 2627 2559 2558
f 2627 2558 2626
f 2621 2556 2563
f 2621 2563 2629
f 2563 2562 2628
f 2563 2628 2629
f 2629 2622 2621
f 2629 2630 2622
f 2631 2622 2630
f 2631 2623 2622
f 2632 2625 2624
f 2632 2633 2625
f 2634 2625 2633
f 2634 2626 2625
f 2627 2564 2559
f 2627 2635 2564
f 2634 2627 2626
f 2634 2635 2627
f 2636 2565 2564
f 2636 2564 2635
f 2566 2565 2636
f 2566 2636 2637
f 2567 2566 2637
f 2567 2637 2638
f 2628 2562 2568
f 2628 2568 2639
f 2640 2628 2639
f 2640 2629 2628
f 2641 2629 2640
f 2641 2630 2629
f 2642 2634 2633
f 2642 2643 2634
f 2638 2569 2567
f 2638 2644 2569
f 2639 2568 2570
f 2639 2570 2645
f 2570 2569 2644
f 2570 2644 2645
f 2646 2639 2645
f 2646 2640 2639
f 2648 2571 2572
f 2648 2647 2571
f 2573 2648 2572
f 2573 2649 2648
f 2651 2571 2647
f 2651 2575 2571
f 2651 2574 2575
f 2651 2650 2574
f 2652 2649 2573
f 2652 2573 2577
f 2650 2578 2574
f 2650 2653 2578
f 2654 2579 2578
f 2654 2578 2653
f 2654 2653 2650
f 2654 2650 2651
f 2656 2652 2577
f 2656 2577 2580
f 2657 2579 2654
f 2657 2581 2579
f 2658 2582 2581
f 2658 2581 2657
f 2659 2656 2580
f 2659 2580 2583
f 2659 2583 2582
f 2659 2582 2658
f 2659 2658 2655
f 2659 2655 2656
f 2661 2584 2585
f 2661 2660 2584
f 2586 2661 2585
f 2586 2662 2661
f 2587 2662 2586
f 2587 2663 2662
f 2666 2584 2660
f 2666 2589 2584
f 2666 2588 2589
f 2666 2665 2588
f 2663 2587 2592
f 2663 2592 2667
f 2668 2663 2667
f 2668 2664 2663
f 2670 2588 2665
f 2670 2593 2588
f 2671 2667 2592
f 2671 2592 2597
f 2674 2599 2600
f 2674 2673 2599
f 2675 2600 2601
f 2675 2674 2600
f 2678 2593 2670
f 2678 2602 2593
f 2678 2669 2677
f 2678 2670 2669
f 2679 2671 2597
f 2679 2597 2605
f 2680 2605 2606
f 2680 2679 2605
f 2679 2672 2671
f 2679 2680 2672
f 2681 2599 2673
f 2681 2607 2599
f 2681 2606 2607
f 2681 2680 2606
f 2681 2672 2680
f 2681 2673 2672
f 2675 2601 2609
f 2675 2609 2683
f 2682 2674 2675
f 2682 2675 2683
f 2685 2610 2611
f 2685 2684 2610
f 2685 2676 2684
f 2685 2677 2676
f 2686 2602 2678
f 2686 2612 2602
f 2686 2611 2612
f 2686 2685 2611
f 2686 2677 2685
f 2686 2678 2677
f 2683 2609 2616
f 2683 2616 2687
f 2684 2617 2610
f 2684 2689 2617
f 2690 2618 2617
f 2690 2617 2689
f 2691 2619 2618
f 2691 2618 2690
f 2687 2616 2623
f 2687 2623 2692
f 2694 2688 2693
f 2694 2689 2688
f 2695 2624 2625
f 2695 2694 2624
f 2694 2690 2689
f 2694 2695 2690
f 2696 2619 2691
f 2696 2626 2619
f 2696 2625 2626
f 2696 2695 2625
f 2696 2690 2695
f 2696 2691 2690
f 2692 2623 2631
f 2692 2631 2701
f 2631 2630 2700
f 2631 2700 2701
f 2703 2624 2694
f 2703 2632 2624
f 2703 2693 2702
f 2703 2694 2693
f 2704 2633 2632
f 2704 2632 2703
f 2706 2635 2634
f 2706 2634 2705
f 2707 2636 2635
f 2707 2635 2706
f 2707 2706 2697
f 2707 2697 2698
f 2637 2636 2707
f 2637 2707 2708
f 2707 2698 2699
f 2707 2699 2708
f 2709 2638 2637
f 2709 2637 2708
f 2700 2630 2641
f 2700 2641 2712
f 2641 2640 2711
f 2641 2711 2712
f 2713 2700 2712
f 2713 2701 2700
f 2704 2642 2633
f 2704 2714 2642
f 2705 2634 2643
f 2705 2643 2715
f 2643 2642 2714
f 2643 2714 2715
f 2709 2644 2638
f 2709 2717 2644
f 2716 2709 2708
f 2716 2717 2709
f 2718 2645 2644
f 2718 2644 2717
f 2711 2640 2646
f 2711 2646 2719
f 2646 2645 2718
f 2646 2718 2719
f 2719 2718 2710
f 2719 2710 2711
f 2648 2722 2647
f 2648 2723 2722
f 2723 2720 2722
f 2723 2721 2720
f 2724 2648 2649
f 2724 2723 2648
f 2725 2647 2722
f 2725 2651 2647
f 2726 2724 2649
f 2726 2649 2652
f 2727 2651 2725
f 2727 2654 2651
f 2729 2726 2652
f 2729 2652 2656
f 2729 2656 2655
f 2729 2655 2728
f 2727 2657 2654
f 2727 2732 2657
f 2733 2728 2655
f 2733 2655 2658
f 2733 2658 2657
f 2733 2657 2732
f 2734 2731 2730
f 2734 2735 2731
f 2741 2660 2661
f 2741 2740 2660
f 2740 2736 2735
f 2740 2741 2736
f 2742 2661 2662
f 2742 2741 2661
f 2663 2742 2662
f 2663 2743 2742
f 2664 2743 2663
f 2664 2744 2743
f 2743 2738 2737
f 2743 2744 2738
f 2747 2660 2740
f 2747 2666 2660
f 2747 2665 2666
f 2747 2746 2665
f 2747 2739 2746
f 2747 2740 2739
f 2749 2744 2664
f 2749 2664 2668
f 2668 2667 2748
f 2668 2748 2749
f 2752 2665 2746
f 2752 2670 2665
f 2752 2669 2670
f 2752 2751 2669
f 2752 2745 2751
f 2752 2746 2745
f 2753 2748 2667
f 2753 2667 2671
f 2672 2753 2671
f 2672 2754 2753
f 2753 2749 2748
f 2753 2754 2749
f 2755 2672 2673
f 2755 2754 2672
f 2756 2673 2674
f 2756 2755 2673
f 2758 2669 2751
f 2758 2677 2669
f 2758 2676 2677
f 2758 2757 2676
f 2758 2750 2757
f 2758 2751 2750
f 2756 2674 2682
f 2756 2682 2760
f 2759 2755 2756
f 2759 2756 2760
f 2683 2760 2682
f 2683 2761 2760
f 2764 2676 2757
f 2764 2684 2676
f 2761 2683 2687
f 2761 2687 2765
f 2765 2762 2761
f 2765 2766 2762
f 2769 2684 2764
f 2769 2689 2684
f 2769 2688 2689
f 2769 2768 2688
f 2769 2763 2768
f 2769 2764 2763
f 2765 2687 2692
f 2765 2692 2770
f 2771 2765 2770
f 2771 2766 2765
f 2772 2766 2771
f 2772 2767 2766
f 2773 2688 2768
f 2773 2693 2688
f 2698 2697 2777
f 2698 2777 2778
f 2699 2698 2778
f 2699 2778 2779
f 2770 2692 2701
f 2770 2701 2782
f 2783 2770 2782
f 2783 2771 2770
f 2784 2693 2773
f 2784 2702 2693
f 2785 2703 2702
f 2785 2702 2784
f 2785 2784 2773
f 2785 2773 2774
f 2704 2703 2785
f 2704 2785 2786
f 2785 2774 2775
f 2785 2775 2786
f 2786 2775 2776
f 2786 2776 2787
f 2777 2697 2706
f 2777 2706 2788
f 2788 2706 2705
f 2788 2705 2787
f 2789 2777 2788
f 2789 2778 2777
f 2790 2699 2779
f 2790 2708 2699
f 2789 2779 2778
f 2789 2790 2779
f 2793 2711 2710
f 2793 2710 2792
f 2712 2711 2793
f 2712 2793 2794
f 2794 2793 2780
f 2794 2780 2781
f 2795 2782 2701
f 2795 2701 2713
f 2713 2712 2794
f 2713 2794 2795
f 2795 2794 2781
f 2795 2781 2782
f 2796 2704 2786
f 2796 2714 2704
f 2797 2787 2705
f 2797 2705 2715
f 2715 2714 2796
f 2715 2796 2797
f 2796 2786 2787
f 2796 2787 2797
f 2798 2787 2797
f 2798 2788 2787
f 2790 2716 2708
f 2790 2799 2716
f 2800 2717 2716
f 2800 2716 2799
f 2801 2792 2710
f 2801 2710 2718
f 2801 2718 2717
f 2801 2717 2800
f 2801 2800 2791
f 2801 2791 2792
f 2803 2720 2721
f 2803 2802 2720
f 2804 2720 2802
f 2804 2722 2720
f 2805 2803 2721
f 2805 2721 2723
f 2724 2805 2723
f 2724 2806 2805
f 2804 2725 2722
f 2804 2809 2725
f 2806 2724 2726
f 2806 2726 2810
f 2810 2807 2806
f 2810 2811 2807
f 2813 2725 2809
f 2813 2727 2725
f 2812 2809 2808
f 2812 2813 2809
f 2810 2726 2729
f 2810 2729 2815
f 2729 2728 2814
f 2729 2814 2815
f 2731 2816 2730
f 2731 2817 2816
f 2818 2727 2813
f 2818 2732 2727
f 2814 2728 2733
f 2814 2733 2819
f 2733 2732 2818
f 2733 2818 2819
f 2820 2814 2819
f 2820 2815 2814
f 2816 2734 2730
f 2816 2821 2734
f 2822 2817 2731
f 2822 2731 2735
f 2822 2735 2734
f 2822 2734 2821
f 2736 2822 2735
f 2736 2823 2822
f 2738 2824 2737
f 2738 2825 2824
f 2828 2735 2822
f 2828 2740 2735
f 2828 2739 2740
f 2828 2827 2739
f 2828 2821 2827
f 2828 2822 2821
f 2829 2823 2736
f 2829 2736 2741
f 2742 2829 2741
f 2742 2830 2829
f 2831 2737 2824
f 2831 2743 2737
f 2743 2830 2742
f 2743 2831 2830
f 2832 2825 2738
f 2832 2738 2744
f 2831 2824 2825
f 2831 2825 2832
f 2834 2739 2827
f 2834 2746 2739
f 2834 2745 2746
f 2834 2833 2745
f 2834 2826 2833
f 2834 2827 2826
f 2835 2832 2744
f 2835 2744 2749
f 2838 2745 2833
f 2838 2751 2745
f 2838 2750 2751
f 2838 2837 2750
f 2835 2749 2754
f 2835 2754 2839
f 2840 2754 2755
f 2840 2839 2754
f 2843 2750 2837
f 2843 2757 2750
f 2843 2836 2842
f 2843 2837 2836
f 2840 2755 2759
f 2840 2759 2845
f 2844 2839 2840
f 2844 2840 2845
f 2846 2759 2760
f 2846 2845 2759
f 2761 2846 2760
f 2761 2847 2846
f 2762 2847 2761
f 2762 2848 2847
f 2850 2841 2849
f 2850 2842 2841
f 2851 2757 2843
f 2851 2764 2757
f 2851 2763 2764
f 2851 2850 2763
f 2851 2842 2850
f 2851 2843 2842
f 2852 2848 2762
f 2852 2762 2766
f 2853 2766 2767
f 2853 2852 2766
f 2854 2763 2850
f 2854 2768 2763
f 2853 2767 2772
f 2853 2772 2857
f 2857 2772 2771
f 2857 2771 2856
f 2857 2856 2852
f 2857 2852 2853
f 2858 2768 2854
f 2858 2773 2768
f 2774 2773 2858
f 2774 2858 2859
f 2860 2775 2774
f 2860 2774 2859
f 2776 2775 2860
f 2776 2860 2861
f 2781 2780 2862
f 2781 2862 2863
f 2864 2782 2781
f 2864 2781 2863
f 2865 2856 2771
f 2865 2771 2783
f 2865 2783 2782
f 2865 2782 2864
f 2865 2864 2855
f 2865 2855 2856
f 2866 2860 2859
f 2866 2867 2860
f 2868 2776 2861
f 2868 2787 2776
f 2867 2861 2860
f 2867 2868 2861
f 2789 2788 2869
f 2789 2869 2870
f 2790 2789 2870
f 2790 2870 2871
f 2873 2792 2791
f 2873 2791 2872
f 2874 2862 2780
f 2874 2780 2793
f 2793 2792 2873
f 2793 2873 2874
f 2875 2862 2874
f 2875 2863 2862
f 2876 2867 2866
f 2876 2877 2867
f 2868 2797 2787
f 2868 2878 2797
f 2877 2868 2867
f 2877 2878 2868
f 2869 2788 2798
f 2869 2798 2879
f 2798 2797 2878
f 2798 2878 2879
f 2880 2869 2879
f 2880 2870 2869
f 2871 2799 2790
f 2871 2881 2799
f 2881 2870 2880
f 2881 2871 2870
f 2882 2872 2791
f 2882 2791 2800
f 2882 2800 2799
f 2882 2799 2881
f 2882 2881 2871
f 2882 2871 2872
f 2884 2802 2803
f 2884 2883 2802
f 2883 2804 2802
f 2883 2886 2804
f 2884 2803 2805
f 2884 2805 2887
f 2806 2887 2805
f 2806 2888 2887
f 2807 2888 2806
f 2807 2889 2888
f 2891 2804 2886
f 2891 2809 2804
f 2891 2808 2809
f 2891 2890 2808
f 2891 2885 2890
f 2891 2886 2885
f 2889 2807 2811
f 2889 2811 2893
f 2811 2810 2892
f 2811 2892 2893
f 2892 2888 2889
f 2892 2889 2893
f 2894 2808 2890
f 2894 2812 2808
f 2895 2813 2812
f 2895 2812 2894
f 2896 2892 2810
f 2896 2810 2815
f 2817 2897 2816
f 2817 2898 2897
f 2895 2818 2813
f 2895 2901 2818
f 2901 2894 2900
f 2901 2895 2894
f 2902 2819 2818
f 2902 2818 2901
f 2896 2815 2820
f 2896 2820 2903
f 2820 2819 2902
f 2820 2902 2903
f 2897 2821 2816
f 2897 2904 2821
f 2898 2817 2822
f 2898 2822 2905
f 2905 2904 2897
f 2905 2897 2898
f 2823 2905 2822
f 2823 2906 2905
f 2908 2899 2907
f 2908 2900 2899
f 2908 2901 2900
f 2908 2909 2901
f 2909 2902 2901
f 2909 2910 2902
f 2911 2902 2910
f 2911 2903 2902
f 2912 2821 2904
f 2912 2827 2821
f 2912 2826 2827
f 2912 2911 2826
f 2912 2903 2911
f 2912 2904 2903
f 2906 2823 2829
f 2906 2829 2913
f 2914 2829 2830
f 2914 2913 2829
f 2831 2914 2830
f 2831 2915 2914
f 2916 2831 2832
f 2916 2915 2831
f 2917 2910 2909
f 2917 2918 2910
f 2919 2826 2911
f 2919 2833 2826
f 2919 2910 2918
f 2919 2911 2910
f 2920 2913 2914
f 2920 2914 2921
f 2921 2914 2915
f 2921 2915 2922
f 2916 2832 2835
f 2916 2835 2923
f 2926 2836 2837
f 2926 2925 2836
f 2926 2917 2925
f 2926 2918 2917
f 2919 2838 2833
f 2919 2927 2838
f 2927 2837 2838
f 2927 2926 2837
f 2926 2919 2918
f 2926 2927 2919
f 2929 2923 2835
f 2929 2835 2839
f 2928 2922 2923
f 2928 2923 2929
f 2931 2836 2925
f 2931 2842 2836
f 2931 2841 2842
f 2931 2930 2841
f 2931 2924 2930
f 2931 2925 2924
f 2929 2839 2844
f 2929 2844 2933
f 2932 2928 2929
f 2932 2929 2933
f 2934 2844 2845
f 2934 2933 2844
f 2935 2845 2846
f 2935 2934 2845
f 2847 2935 2846
f 2847 2936 2935
f 2937 2847 2848
f 2937 2936 2847
f 2938 2841 2930
f 2938 2849 2841
f 2939 2850 2849
f 2939 2849 2938
f 2941 2940 2932
f 2941 2932 2933
f 2943 2942 2934
f 2943 2934 2935
f 2943 2935 2936
f 2943 2936 2944
f 2945 2937 2848
f 2945 2848 2852
f 2944 2936 2937
f 2944 2937 2945
f 2939 2854 2850
f 2939 2947 2854
f 2946 2939 2938
f 2946 2947 2939
f 2949 2948 2940
f 2949 2940 2941
f 2950 2942 2943
f 2950 2943 2951
f 2953 2945 2852
f 2953 2852 2856
f 2953 2856 2855
f 2953 2855 2952
f 2953 2952 2944
f 2953 2944 2945
f 2954 2854 2947
f 2954 2858 2854
f 2955 2859 2858
f 2955 2858 2954
f 2958 2952 2855
f 2958 2855 2864
f 2958 2864 2863
f 2958 2863 2957
f 2958 2957 2951
f 2958 2951 2952
f 2955 2866 2859
f 2955 2959 2866
f 2872 2871 2960
f 2872 2960 2961
f 2873 2872 2961
f 2873 2961 2962
f 2963 2874 2873
f 2963 2873 2962
f 2964 2957 2863
f 2964 2863 2875
f 2964 2875 2874
f 2964 2874 2963
f 2964 2963 2956
f 2964 2956 2957
f 2959 2876 2866
f 2959 2965 2876
f 2966 2877 2876
f 2966 2876 2965
f 2967 2878 2877
f 2967 2877 2966
f 2879 2878 2967
f 2879 2967 2968
f 2880 2879 2968
f 2880 2968 2969
f 2960 2871 2881
f 2960 2881 2970
f 2970 2881 2880
f 2970 2880 2969
f 2971 2960 2970
f 2971 2961 2960
f 2972 2961 2971
f 2972 2962 2961
f 2974 2968 2973
f 2974 2969 2968
f 2976 2970 2975
f 2976 2971 2970
f 2884 2977 2883
f 2884 2978 2977
f 2980 2883 2977
f 2980 2886 2883
f 2980 2885 2886
f 2980 2979 2885
f 2981 2978 2884
f 2981 2884 2887
f 2982 2887 2888
f 2982 2981 2887
f 2984 2885 2979
f 2984 2890 2885
f 2982 2888 2892
f 2982 2892 2986
f 2988 2890 2984
f 2988 2894 2890
f 2988 2983 2987
f 2988 2984 2983
f 2986 2892 2896
f 2986 2896 2990
f 2990 2989 2985
f 2990 2985 2986
f 2988 2900 2894
f 2988 2993 2900
f 2993 2899 2900
f 2993 2992 2899
f 2993 2987 2992
f 2993 2988 2987
f 2996 2990 2896
f 2996 2896 2903
f 2997 2903 2904
f 2997 2996 2903
f 2996 2991 2990
f 2996 2997 2991
f 2998 2904 2905
f 2998 2997 2904
f 2999 2905 2906
f 2999 2998 2905
f 3000 2899 2992
f 3000 2907 2899
f 3001 2908 2907
f 3001 2907 3000
f 2909 2908 3001
f 2909 3001 3002
f 3003 3002 2994
f 3003 2994 2995
f 3004 3003 2995
f 3004 2995 2996
f 3006 2999 2906
f 3006 2906 2913
f 3005 2998 2999
f 3005 2999 3006
f 2916 3007 2915
f 2916 3008 3007
f 3009 3001 3000
f 3009 3010 3001
f 3011 2909 3002
f 3011 2917 2909
f 3011 3001 3010
f 3011 3002 3001
f 3012 3011 3002
f 3012 3002 3003
f 3006 2913 2920
f 3006 2920 3014
f 3013 3005 3006
f 3013 3006 3014
f 3015 2920 2921
f 3015 3014 2920
f 3007 2922 2915
f 3007 3016 2922
f 2922 3015 2921
f 2922 3016 3015
f 3017 3008 2916
f 3017 2916 2923
f 3017 2923 2922
f 3017 2922 3016
f 3017 3016 3007
f 3017 3007 3008
f 3019 2917 3011
f 3019 2925 2917
f 3019 2924 2925
f 3019 3018 2924
f 3019 3010 3018
f 3019 3011 3010
f 3021 3020 3013
f 3021 3013 3014
f 3021 3014 3015
f 3021 3015 3022
f 3023 3016 2922
f 3023 2922 2928
f 3023 3022 3015
f 3023 3015 3016
f 3024 2924 3018
f 3024 2930 2924
f 3025 3024 3018
f 3025 3018 3019
f 3026 3020 3021
f 3026 3021 3027
f 3028 3027 3021
f 3028 3021 3022
f 3023 2928 2932
f 3023 2932 3029
f 3028 3022 3023
f 3028 3023 3029
f 3031 2933 2934
f 3031 3030 2933
f 3032 2930 3024
f 3032 2938 2930
f 3033 3029 2932
f 3033 2932 2940
f 3030 2941 2933
f 3030 3034 2941
f 3033 3030 3029
f 3033 3034 3030
f 3031 2934 2942
f 3031 2942 3035
f 3034 3030 3031
f 3034 3031 3035
f 2944 3036 2943
f 2944 3037 3036
f 3032 2946 2938
f 3032 3038 2946
f 3039 2947 2946
f 3039 2946 3038
f 3033 2940 2948
f 3033 2948 3040
f 3034 2949 2941
f 3034 3041 2949
f 2949 3040 2948
f 2949 3041 3040
f 3040 3034 3033
f 3040 3041 3034
f 3035 2942 2950
f 3035 2950 3042
f 3041 3034 3035
f 3041 3035 3042
f 3036 2951 2943
f 3036 3043 2951
f 3043 2950 2951
f 3043 3042 2950
f 3037 2944 2952
f 3037 2952 3044
f 3044 2952 2951
f 3044 2951 3043
f 3044 3043 3036
f 3044 3036 3037
f 3039 2954 2947
f 3039 3045 2954
f 3046 2955 2954
f 3046 2954 3045
f 3049 3043 2951
f 3049 2951 2957
f 3049 2957 2956
f 3049 2956 3048
f 3049 3048 3042
f 3049 3042 3043
f 3046 2959 2955
f 3046 3051 2959
f 3050 3046 3045
f 3050 3051 3046
f 3055 3048 2956
f 3055 2956 2963
f 3055 2963 2962
f 3055 2962 3054
f 3055 3054 3047
f 3055 3047 3048
f 3051 2965 2959
f 3051 3056 2965
f 2966 2965 3056
f 2966 3056 3057
f 3058 2967 2966
f 3058 2966 3057
f 2968 2967 3058
f 2968 3058 3059
f 3061 2970 2969
f 3061 2969 3060
f 3062 3061 3052
f 3062 3052 3053
f 3063 3054 2962
f 3063 2962 2972
f 3063 2972 2971
f 3063 2971 3062
f 3063 3062 3053
f 3063 3053 3054
f 3065 3056 3064
f 3065 3057 3056
f 3059 2973 2968
f 3059 3067 2973
f 3066 3059 3058
f 3066 3067 3059
f 3060 2969 2974
f 3060 2974 3068
f 3068 2974 2973
f 3068 2973 3067
f 3068 3067 3059
f 3068 3059 3060
f 3061 2975 2970
f 3061 3069 2975
f 3070 3062 2971
f 3070 2971 2976
f 2976 2975 3069
f 2976 3069 3070
f 3070 3069 3061
f 3070 3061 3062
f 3072 2977 2978
f 3072 3071 2977
f 3071 2980 2977
f 3071 3074 2980
f 3074 2979 2980
f 3074 3073 2979
f 3072 2978 2981
f 3072 2981 3075
f 3075 3074 3071
f 3075 3071 3072
f 3076 2981 2982
f 3076 3075 2981
f 3078 2979 3073
f 3078 2984 2979
f 2984 3077 2983
f 2984 3078 3077
f 3079 3074 3075
f 3079 3075 3080
f 3081 3076 2982
f 3081 2982 2986
f 3081 2986 2985
f 3081 2985 3080
f 3080 3075 3076
f 3080 3076 3081
f 3082 2983 3077
f 3082 2987 2983
f 3083 3082 3077
f 3083 3077 3078
f 3084 3080 2985
f 3084 2985 2989
f 3085 2989 2990
f 3085 3084 2989
f 2991 3085 2990
f 2991 3086 3085
f 3087 2987 3082
f 3087 2992 2987
f 3087 3082 3083
f 3087 3083 3088
f 2995 2994 3089
f 2995 3089 3090
f 3091 2996 2995
f 3091 2995 3090
f 3091 3090 3084
f 3091 3084 3085
f 3092 3086 2991
f 3092 2991 2997
f 3091 3085 3086
f 3091 3086 3092
f 3093 2997 2998
f 3093 3092 2997
f 3087 3000 2992
f 3087 3094 3000
f 3094 3087 3088
f 3094 3088 3095
f 3096 3089 2994
f 3096 2994 3002
f 3091 3004 2996
f 3091 3098 3004
f 3004 3097 3003
f 3004 3098 3097
f 3098 3091 3092
f 3098 3092 3099
f 3100 3093 2998
f 3100 2998 3005
f 3099 3092 3093
f 3099 3093 3100
f 3094 3009 3000
f 3094 3101 3009
f 3102 3010 3009
f 3102 3009 3101
f 3103 3096 3002
f 3103 3002 3011
f 3102 3095 3096
f 3102 3096 3103
f 3097 3012 3003
f 3097 3104 3012
f 3012 3103 3011
f 3012 3104 3103
f 3105 3104 3097
f 3105 3097 3098
f 3105 3098 3099
f 3105 3099 3106
f 3100 3005 3013
f 3100 3013 3107
f 3107 3106 3099
f 3107 3099 3100
f 3108 3010 3102
f 3108 3018 3010
f 3019 3018 3108
f 3019 3108 3109
f 3110 3109 3103
f 3110 3103 3104
f 3110 3104 3105
f 3110 3105 3111
f 3112 3111 3105
f 3112 3105 3106
f 3107 3013 3020
f 3107 3020 3113
f 3112 3106 3107
f 3112 3107 3113
f 3109 3025 3019
f 3109 3115 3025
f 3025 3114 3024
f 3025 3115 3114
f 3114 3109 3108
f 3114 3115 3109
f 3116 3115 3109
f 3116 3109 3110
f 3117 3116 3110
f 3117 3110 3111
f 3113 3020 3026
f 3113 3026 3118
f 3119 3026 3027
f 3119 3118 3026
f 3028 3119 3027
f 3028 3120 3119
f 3121 3028 3029
f 3121 3120 3028
f 3122 3029 3030
f 3122 3121 3029
f 3123 3024 3114
f 3123 3032 3024
f 3124 3123 3114
f 3124 3114 3115
f 3127 3118 3119
f 3127 3119 3128
f 3129 3128 3119
f 3129 3119 3120
f 3129 3120 3121
f 3129 3121 3130
f 3131 3122 3030
f 3131 3030 3034
f 3130 3121 3122
f 3130 3122 3131
f 3132 3032 3123
f 3132 3038 3032
f 3039 3038 3132
f 3039 3132 3133
f 3132 3123 3124
f 3132 3124 3133
f 3135 3134 3125
f 3135 3125 3126
f 3136 3128 3129
f 3136 3129 3137
f 3138 3137 3129
f 3138 3129 3130
f 3131 3034 3041
f 3131 3041 3139
f 3138 3130 3131
f 3138 3131 3139
f 3140 3041 3042
f 3140 3139 3041
f 3141 3039 3133
f 3141 3045 3039
f 3142 3141 3133
f 3142 3133 3134
f 3144 3143 3136
f 3144 3136 3137
f 3145 3138 3139
f 3145 3139 3146
f 3140 3042 3048
f 3140 3048 3147
f 3147 3048 3047
f 3147 3047 3146
f 3147 3146 3139
f 3147 3139 3140
f 3141 3050 3045
f 3141 3148 3050
f 3149 3051 3050
f 3149 3050 3148
f 3053 3052 3152
f 3053 3152 3153
f 3154 3146 3047
f 3154 3047 3054
f 3154 3054 3053
f 3154 3053 3153
f 3154 3153 3145
f 3154 3145 3146
f 3149 3056 3051
f 3149 3155 3056
f 3157 3058 3057
f 3157 3057 3156
f 3157 3150 3151
f 3157 3151 3158
f 3060 3059 3158
f 3060 3158 3159
f 3160 3152 3052
f 3160 3052 3061
f 3061 3060 3159
f 3061 3159 3160
f 3161 3152 3160
f 3161 3153 3152
f 3155 3064 3056
f 3155 3162 3064
f 3156 3057 3065
f 3156 3065 3163
f 3065 3064 3162
f 3065 3162 3163
f 3164 3058 3157
f 3164 3066 3058
f 3165 3158 3059
f 3165 3059 3067
f 3165 3067 3066
f 3165 3066 3164
f 3164 3157 3158
f 3164 3158 3165
f 3167 3073 3074
f 3167 3166 3073
f 3168 3073 3166
f 3168 3078 3073
f 3167 3074 3079
f 3167 3079 3169
f 3168 3166 3167
f 3168 3167 3169
f 3170 3079 3080
f 3170 3169 3079
f 3171 3078 3168
f 3171 3083 3078
f 3172 3171 3168
f 3172 3168 3169
f 3170 3080 3084
f 3170 3084 3173
f 3172 3169 3170
f 3172 3170 3173
f 3174 3083 3171
f 3174 3088 3083
f 3175 3174 3171
f 3175 3171 3172
f 3173 3084 3090
f 3173 3090 3176
f 3176 3090 3089
f 3176 3089 3175
f 3176 3175 3172
f 3176 3172 3173
f 3178 3088 3174
f 3178 3095 3088
f 3095 3177 3094
f 3095 3178 3177
f 3179 3175 3089
f 3179 3089 3096
f 3179 3096 3095
f 3179 3095 3178
f 3179 3178 3174
f 3179 3174 3175
f 3177 3101 3094
f 3177 3180 3101
f 3181 3178 3095
f 3181 3095 3102
f 3102 3101 3180
f 3102 3180 3181
f 3180 3177 3178
f 3180 3178 3181
f 3182 3102 3103
f 3182 3181 3102
f 3183 3102 3181
f 3183 3108 3102
f 3182 3103 3109
f 3182 3109 3184
f 3183 3181 3182
f 3183 3182 3184
f 3112 3185 3111
f 3112 3186 3185
f 3187 3112 3113
f 3187 3186 3112
f 3188 3108 3183
f 3188 3114 3108
f 3189 3184 3109
f 3189 3109 3115
f 3115 3114 3188
f 3115 3188 3189
f 3188 3183 3184
f 3188 3184 3189
f 3116 3189 3115
f 3116 3190 3189
f 3185 3117 3111
f 3185 3191 3117
f 3117 3190 3116
f 3117 3191 3190
f 3187 3113 3118
f 3187 3118 3193
f 3192 3186 3187
f 3192 3187 3193
f 3189 3124 3115
f 3189 3194 3124
f 3194 3189 3190
f 3194 3190 3195
f 3126 3125 3195
f 3126 3195 3196
f 3196 3195 3190
f 3196 3190 3191
f 3196 3191 3192
f 3196 3192 3197
f 3193 3118 3127
f 3193 3127 3198
f 3197 3192 3193
f 3197 3193 3198
f 3199 3127 3128
f 3199 3198 3127
f 3200 3124 3194
f 3200 3133 3124
f 3201 3195 3125
f 3201 3125 3134
f 3134 3133 3200
f 3134 3200 3201
f 3200 3194 3195
f 3200 3195 3201
f 3202 3126 3196
f 3202 3135 3126
f 3135 3201 3134
f 3135 3202 3201
f 3203 3197 3198
f 3203 3198 3204
f 3199 3128 3136
f 3199 3136 3205
f 3204 3198 3199
f 3204 3199 3205
f 3207 3137 3138
f 3207 3206 3137
f 3201 3142 3134
f 3201 3209 3142
f 3142 3208 3141
f 3142 3209 3208
f 3209 3201 3202
f 3209 3202 3210
f 3212 3211 3203
f 3212 3203 3204
f 3205 3136 3143
f 3205 3143 3213
f 3212 3204 3205
f 3212 3205 3213
f 3206 3144 3137
f 3206 3214 3144
f 3214 3143 3144
f 3214 3213 3143
f 3207 3138 3145
f 3207 3145 3215
f 3215 3214 3206
f 3215 3206 3207
f 3208 3148 3141
f 3208 3216 3148
f 3149 3148 3216
f 3149 3216 3217
f 3216 3208 3209
f 3216 3209 3217
f 3218 3210 3211
f 3218 3211 3219
f 3151 3150 3219
f 3151 3219 3220
f 3219 3211 3212
f 3219 3212 3220
f 3221 3220 3212
f 3221 3212 3213
f 3222 3221 3213
f 3222 3213 3214
f 3223 3215 3145
f 3223 3145 3153
f 3223 3222 3214
f 3223 3214 3215
f 3224 3149 3217
f 3224 3155 3149
f 3224 3217 3218
f 3224 3218 3225
f 3226 3219 3150
f 3226 3150 3157
f 3226 3157 3156
f 3226 3156 3225
f 3226 3225 3218
f 3226 3218 3219
f 3227 3151 3220
f 3227 3158 3151
f 3159 3158 3227
f 3159 3227 3228
f 3227 3220 3221
f 3227 3221 3228
f 3229 3160 3159
f 3229 3159 3228
f 3223 3153 3161
f 3223 3161 3230
f 3230 3161 3160
f 3230 3160 3229
f 3230 3229 3222
f 3230 3222 3223
f 3231 3155 3224
f 3231 3162 3155
f 3232 3225 3156
f 3232 3156 3163
f 3163 3162 3231
f 3163 3231 3232
f 3232 3231 3224
f 3232 3224 3225
f 3234 3185 3186
f 3234 3233 3185
f 3235 3185 3233
f 3235 3191 3185
f 3234 3186 3192
f 3234 3192 3236
f 3192 3191 3235
f 3192 3235 3236
f 3235 3233 3234
f 3235 3234 3236
f 3197 3237 3196
f 3197 3238 3237
f 3237 3202 3196
f 3237 3239 3202
f 3238 3197 3203
f 3238 3203 3240
f 3239 3210 3202
f 3239 3242 3210
f 3210 3241 3209
f 3210 3242 3241
f 3243 3240 3203
f 3243 3203 3211
f 3243 3211 3210
f 3243 3210 3242
f 3243 3242 3239
f 3243 3239 3240
f 3241 3217 3209
f 3241 3244 3217
f 3245 3242 3210
f 3245 3210 3218
f 3218 3217 3244
f 3218 3244 3245
f 3245 3244 3241
f 3245 3241 3242
f 3247 3221 3222
f 3247 3246 3221
f 3248 3221 3246
f 3248 3228 3221
f 3247 3222 3229
f 3247 3229 3249
f 3249 3229 3228
f 3249 3228 3248
f 3248 3246 3247
f 3248 3247 3249
f 3251 3237 3238
f 3251 3250 3237
f 3252 3237 3250
f 3252 3239 3237
f 3253 3251 3238
f 3253 3238 3240
f 3240 3239 3252
f 3240 3252 3253
f 3252 3250 3251
f 3252 3251 3253
