# TF -> transcription-unit attribution, derived from EcoCyc 30.0
# regulation.dat (Transcription-Factor-Binding) + dnabindsites.dat + transunits.dat.
# Regenerate: scripts/build_tf_tu_reattribution.py
# A TF listed here acts on THIS transcription unit; the model's cistron-content
# rule must not place it on a sibling TU of the same operon that is absent here.
tf_id	ecocyc_regulator	transcription_unit	gene
BCCP-CPLX	BCCP-CPLX	TU00231	ACCCT1
BCCP-CPLX	BCCP-CPLX	TU00231	EG10275
BCCP-CPLX	BCCP-CPLX	TU00231	EG10276
CPLX-123	CPLX-123	TU0-8494	EG11809
CPLX-123	CPLX-123	TU00054	EG11314
CPLX-123	CPLX-123	TU00054	EG11345
CPLX-123	CPLX-123	TU00055	EG10791
CPLX-123	CPLX-123	TU00056	EG10792
CPLX-123	CPLX-123	TU00056	EG10795
CPLX-123	CPLX-123	TU00057	EG10797
CPLX-123	CPLX-123	TU00058	EG10798
CPLX-123	CPLX-123	TU00058	EG10799
CPLX-123	CPLX-123	TU00059	EG10800
CPLX-123	CPLX-123	TU00060	EG10806
CPLX-123	CPLX-123	TU00061	EG10807
CPLX-123	CPLX-123	TU00082	EG10793
CPLX-123	CPLX-123	TU00082	EG10796
CPLX-123	CPLX-123	TU00089	EG10384
CPLX-123	CPLX-123	TU00094	EG10790
CPLX-123	CPLX-123	TU00110	EG10134
CPLX-123	CPLX-123	TU00110	EG10135
CPLX-123	CPLX-123	TU00170	EG10371
CPLX-123	CPLX-123	TU00170	EG11442
CPLX-123	CPLX-123	TU00170	EG11810
CPLX-123	CPLX-123	TU00192	EG10408
CPLX-123	CPLX-123	TU00192	GLYA_TERMINATOR
CPLX-123	CPLX-123	TU00197	EG11326
CPLX-123	CPLX-123	TU00197	EG11327
CPLX-123	CPLX-123	TU00203	EG10774
CPLX-123	CPLX-123	TU00204	EG10959
CPLX-123	CPLX-123	TU00204	EG10960
CPLX-123	CPLX-123	TU00205	EG10420
CPLX-123	CPLX-123	TU00205	EG10421
CPLX-123	CPLX-123	TU00205	GUSAT1
CPLX-123	CPLX-123	TU00473	EG10384
CPLX-123	CPLX-123	TU00475	EG10169
CPLX-123	CPLX-123	TU00475	EG10794
CPLX-123	CPLX-123	TU00475	EG11044
CPLX-124	CPLX-124	TU0-45202	EG10842
CPLX-124	CPLX-124	TU0-45202	EG10843
CPLX-124	CPLX-124	TU00063	EG10842
CPLX-124	CPLX-124	TU00063	EG10843
CPLX-124	CPLX-124	TU00208	EG11313
CPLX-124	CPLX-124	TU00219	EG11866
CPLX-124	CPLX-124	TU00219	EG11867
CPLX-124	CPLX-124	TU00219	EG11868
CPLX-125	CPLX-125	TU0-42510	EG11274
CPLX-125	CPLX-125	TU00010	AROH_TERMINATOR
CPLX-125	CPLX-125	TU00010	EG10080
CPLX-125	CPLX-125	TU00011	EG10082
CPLX-125	CPLX-125	TU00011	EG10083
CPLX-125	CPLX-125	TU00011	EG11093
CPLX-125	CPLX-125	TU00067	EG11024
CPLX-125	CPLX-125	TU00067	EG11025
CPLX-125	CPLX-125	TU00067	EG11026
CPLX-125	CPLX-125	TU00067	EG11027
CPLX-125	CPLX-125	TU00067	EG11028
CPLX-125	CPLX-125	TU00067	EG11274
CPLX-125	CPLX-125	TU00093	EG10617
CPLX-125	CPLX-125	TU00220	EG11029
CPLX-127	CPLX-127	TU0-198747	EG10444
CPLX-127	CPLX-127	TU0-198747	EG10445
CPLX-127	CPLX-127	TU0-198747	EG10446
CPLX-127	CPLX-127	TU0-198747	EG10447
CPLX-127	CPLX-127	TU0-198747	EG10448
CPLX-127	CPLX-127	TU0-198747	EG10449
CPLX-127	CPLX-127	TU0-198747	EG10450
CPLX-127	CPLX-127	TU0-198747	EG10451
CPLX-127	CPLX-127	TU0-45263	EG10367
CPLX-127	CPLX-127	TU0-4905	EG10367
CPLX-127	CPLX-127	TU0-4907	EG10367
CPLX-127	CPLX-127	TU00161	EG10336
CPLX-127	CPLX-127	TU00161	EG10337
CPLX-127	CPLX-127	TU00161	G7990
CPLX-127	CPLX-127	TU00193	EG10615
CPLX-127	CPLX-127	TU00193	EG10616
CPLX-127	CPLX-127	TU00193	EG11965
CPLX-127	CPLX-127	TU00196	EG10567
CPLX-127	CPLX-127	TU00196	EG10568
CPLX-127	CPLX-127	TU00196	EG10569
CPLX-172	CPLX-172	TU0-41795	G6787
CPLX-172	CPLX-172	TU0-41795	G6788
CPLX-172	CPLX-172	TU0-42571	EG10056
CPLX-172	CPLX-172	TU0-42571	EG11157
CPLX-172	CPLX-172	TU0-45183	EG10057
CPLX-172	CPLX-172	TU0-45183	EG10058
CPLX-172	CPLX-172	TU0-45183	EG10059
CPLX-172	CPLX-172	TU00003	EG10054
CPLX-172	CPLX-172	TU00076	EG10056
CPLX-172	CPLX-172	TU00098	EG10057
CPLX-172	CPLX-172	TU00098	EG10058
CPLX-172	CPLX-172	TU00098	EG10059
CPLX-172	CPLX-172	TU00099	EG10060
CPLX-172	CPLX-172	TU00214	EG10052
CPLX-172	CPLX-172	TU00214	EG10053
CPLX-172	CPLX-172	TU00214	EG10055
CPLX-172	CPLX-172	TU67	EG11074
CPLX-172	CPLX-172	TU67	EG11075
CPLX-172	CPLX-172	TU67	G0-17109
CPLX0-10428	CPLX0-10428	TU0-13211	EG10036
CPLX0-10428	CPLX0-10428	TU0-13211	EG11822
CPLX0-10428	CPLX0-10428	TU0-13211	G6646
CPLX0-10428	CPLX0-10428	TU0-198700	G6809
CPLX0-10428	CPLX0-10428	TU0-198700	G6810
CPLX0-10428	CPLX0-10428	TU0-198700	G6811
CPLX0-10428	CPLX0-10428	TU00233	EG11703
CPLX0-10428	CPLX0-10428	TU00233	EG11704
CPLX0-11745	CPLX0-11745	TU0-14433	EG12242
CPLX0-11745	CPLX0-11745	TU0-14433	EG12243
CPLX0-11745	CPLX0-11745	TU0-14540	EG12301
CPLX0-11745	CPLX0-11745	TU0-14687	G6889
CPLX0-11745	CPLX0-11745	TU0-14687	G6890
CPLX0-11745	CPLX0-11745	TU0-2261	EG12243
CPLX0-11745	CPLX0-11745	TU0-3645	G6517
CPLX0-11745	CPLX0-11745	TU0-3645	G6518
CPLX0-11745	CPLX0-11745	TU0-3645	G6519
CPLX0-11745	CPLX0-11745	TU0-3645	G6520
CPLX0-11745	CPLX0-11745	TU0-3645	G6521
CPLX0-11745	CPLX0-11745	TU0-3645	G6522
CPLX0-11745	CPLX0-11745	TU0-3645	G6523
CPLX0-11745	CPLX0-11745	TU0-4021	G6639
CPLX0-11745	CPLX0-11745	TU0-42534	G6889
CPLX0-11745	CPLX0-11745	TU0-42534	G6890
CPLX0-11745	CPLX0-11745	TU0-42534	G6891
CPLX0-11745	CPLX0-11745	TU00110	EG10134
CPLX0-11745	CPLX0-11745	TU00110	EG10135
CPLX0-11745	CPLX0-11745	TU00164	EG10294
CPLX0-11758	CPLX0-11758	TU0-13231	G6681
CPLX0-11758	CPLX0-11758	TU0-13231	G6682
CPLX0-11758	CPLX0-11758	TU0-13231	G6683
CPLX0-11758	CPLX0-11758	TU0-13231	G6684
CPLX0-11758	CPLX0-11758	TU0-13231	G6685
CPLX0-11758	CPLX0-11758	TU0-13231	G6686
CPLX0-1242	CPLX0-1242	TU522	EG10571
CPLX0-1242	CPLX0-1242	TU522	EG10572
CPLX0-1242	CPLX0-1242	TU522	EG11249
CPLX0-1242	CPLX0-1242	TU523	EG10571
CPLX0-1242	CPLX0-1242	TU523	EG10572
CPLX0-1242	CPLX0-1242	TU523	EG11249
CPLX0-13604	CPLX0-13604	TU0-42508	EG11280
CPLX0-13604	CPLX0-13604	TU00179	EG11226
CPLX0-13604	CPLX0-13604	TU00179	EG11280
CPLX0-13604	CPLX0-13604	TU00179	EG11575
CPLX0-13604	CPLX0-13604	TU00179	EG11576
CPLX0-13604	CPLX0-13604	TU00179	EG11577
CPLX0-13978	CPLX0-13978	TU0-45182	EG10403
CPLX0-13978	CPLX0-13978	TU0-45182	EG10404
CPLX0-13978	CPLX0-13978	TU0-45182	EG11514
CPLX0-13978	CPLX0-13978	TU0-45231	EG11490
CPLX0-13978	CPLX0-13978	TU0-45231	G6786
CPLX0-13978	CPLX0-13978	TU0-45268	EG12243
CPLX0-13978	CPLX0-13978	TU0-45268	EG50009
CPLX0-13978	CPLX0-13978	TU00182	EG10403
CPLX0-13978	CPLX0-13978	TU00182	EG10404
CPLX0-13978	CPLX0-13978	TU00182	EG11514
CPLX0-13978	CPLX0-13978	TU00235	EG11501
CPLX0-13978	CPLX0-13978	TU369	EG11490
CPLX0-13978	CPLX0-13978	TU369	G6786
CPLX0-13978	CPLX0-13978	TU586	EG12243
CPLX0-13978	CPLX0-13978	TU586	EG50009
CPLX0-2021	CPLX0-2021	TU0-2644	EG30063
CPLX0-2021	CPLX0-2021	TU0-42578	EG10362
CPLX0-2021	CPLX0-2021	TU0-42580	EG10362
CPLX0-2021	CPLX0-2021	TU0-42581	EG10362
CPLX0-2021	CPLX0-2021	TU0-42581	EG10366
CPLX0-2021	CPLX0-2021	TU0-42582	EG10362
CPLX0-2021	CPLX0-2021	TU0-42582	EG10366
CPLX0-2021	CPLX0-2021	TU0-42583	EG10362
CPLX0-2021	CPLX0-2021	TU0-42583	EG10363
CPLX0-2021	CPLX0-2021	TU0-42583	EG10366
CPLX0-2021	CPLX0-2021	TU0-42584	EG10362
CPLX0-2021	CPLX0-2021	TU0-42584	EG10363
CPLX0-2021	CPLX0-2021	TU0-42584	EG10366
CPLX0-2021	CPLX0-2021	TU0-4444	EG12144
CPLX0-2021	CPLX0-2021	TU0-4444	EG12197
CPLX0-2021	CPLX0-2021	TU0-45164	EG30063
CPLX0-2021	CPLX0-2021	TU0-45176	EG10362
CPLX0-2021	CPLX0-2021	TU0-45176	EG10363
CPLX0-2021	CPLX0-2021	TU0-45176	EG10366
CPLX0-2021	CPLX0-2021	TU0-45177	EG10362
CPLX0-2021	CPLX0-2021	TU0-45177	EG10366
CPLX0-2021	CPLX0-2021	TU0-45178	EG10362
CPLX0-2021	CPLX0-2021	TU0-45179	EG10362
CPLX0-2021	CPLX0-2021	TU0-45179	EG10363
CPLX0-2021	CPLX0-2021	TU0-45179	EG10366
CPLX0-2021	CPLX0-2021	TU0-45179	EG11698
CPLX0-2021	CPLX0-2021	TU00025	EG10362
CPLX0-2021	CPLX0-2021	TU00025	EG10363
CPLX0-2021	CPLX0-2021	TU00025	EG10366
CPLX0-2021	CPLX0-2021	TU00025	EG11698
CPLX0-2021	CPLX0-2021	TU00026	EG10362
CPLX0-2021	CPLX0-2021	TU00026	EG10363
CPLX0-2021	CPLX0-2021	TU00026	EG10366
CPLX0-2021	CPLX0-2021	TU00026	EG11698
CPLX0-2021	CPLX0-2021	TU00088	EG11041
CPLX0-2021	CPLX0-2021	TU00093	EG10617
CPLX0-226	CPLX0-226	TU0-1141	EG10787
CPLX0-226	CPLX0-226	TU0-1143	EG11784
CPLX0-226	CPLX0-226	TU0-1201	EG10372
CPLX0-226	CPLX0-226	TU0-12811	EG11798
CPLX0-226	CPLX0-226	TU0-12811	EG12106
CPLX0-226	CPLX0-226	TU0-12811	EG12107
CPLX0-226	CPLX0-226	TU0-12812	EG11546
CPLX0-226	CPLX0-226	TU0-1283	EG10359
CPLX0-226	CPLX0-226	TU0-12834	G372
CPLX0-226	CPLX0-226	TU0-12834	G6097
CPLX0-226	CPLX0-226	TU0-12835	EG12137
CPLX0-226	CPLX0-226	TU0-12835	EG12354
CPLX0-226	CPLX0-226	TU0-12835	G6098
CPLX0-226	CPLX0-226	TU0-13000	G6345
CPLX0-226	CPLX0-226	TU0-13000	G6346
CPLX0-226	CPLX0-226	TU0-13001	EG12179
CPLX0-226	CPLX0-226	TU0-13014	G6358
CPLX0-226	CPLX0-226	TU0-13021	G0-17083
CPLX0-226	CPLX0-226	TU0-13021	G6370
CPLX0-226	CPLX0-226	TU0-13021	G6371
CPLX0-226	CPLX0-226	TU0-13121	G6542
CPLX0-226	CPLX0-226	TU0-13210	EG10036
CPLX0-226	CPLX0-226	TU0-13210	EG11822
CPLX0-226	CPLX0-226	TU0-13210	EG12431
CPLX0-226	CPLX0-226	TU0-13210	G6645
CPLX0-226	CPLX0-226	TU0-13210	G6646
CPLX0-226	CPLX0-226	TU0-13256	G6736
CPLX0-226	CPLX0-226	TU0-13266	G0-10451
CPLX0-226	CPLX0-226	TU0-13266	G6749
CPLX0-226	CPLX0-226	TU0-13269	G6756
CPLX0-226	CPLX0-226	TU0-13299	G6798
CPLX0-226	CPLX0-226	TU0-13299	G6799
CPLX0-226	CPLX0-226	TU0-13333	G6838
CPLX0-226	CPLX0-226	TU0-13333	G6839
CPLX0-226	CPLX0-226	TU0-13506	G0-8878
CPLX0-226	CPLX0-226	TU0-13516	EG11987
CPLX0-226	CPLX0-226	TU0-13516	EG11988
CPLX0-226	CPLX0-226	TU0-13516	EG11989
CPLX0-226	CPLX0-226	TU0-13516	EG11990
CPLX0-226	CPLX0-226	TU0-13538	EG11289
CPLX0-226	CPLX0-226	TU0-13538	G7145
CPLX0-226	CPLX0-226	TU0-13546	EG11646
CPLX0-226	CPLX0-226	TU0-13546	EG12033
CPLX0-226	CPLX0-226	TU0-13547	EG12035
CPLX0-226	CPLX0-226	TU0-13640	EG12409
CPLX0-226	CPLX0-226	TU0-13641	EG11460
CPLX0-226	CPLX0-226	TU0-13677	EG11151
CPLX0-226	CPLX0-226	TU0-13677	G0-17078
CPLX0-226	CPLX0-226	TU0-13725	EG12845
CPLX0-226	CPLX0-226	TU0-13725	G7425
CPLX0-226	CPLX0-226	TU0-13725	G7426
CPLX0-226	CPLX0-226	TU0-13725	G7427
CPLX0-226	CPLX0-226	TU0-13725	G7428
CPLX0-226	CPLX0-226	TU0-13725	G7429
CPLX0-226	CPLX0-226	TU0-13725	G7430
CPLX0-226	CPLX0-226	TU0-13726	EG12634
CPLX0-226	CPLX0-226	TU0-13732	G7440
CPLX0-226	CPLX0-226	TU0-13757	G7464
CPLX0-226	CPLX0-226	TU0-13773	G7489
CPLX0-226	CPLX0-226	TU0-13853	G36
CPLX0-226	CPLX0-226	TU0-13901	G7685
CPLX0-226	CPLX0-226	TU0-13901	G7686
CPLX0-226	CPLX0-226	TU0-13901	G7687
CPLX0-226	CPLX0-226	TU0-13927	G7736
CPLX0-226	CPLX0-226	TU0-13927	G7737
CPLX0-226	CPLX0-226	TU0-13927	G7738
CPLX0-226	CPLX0-226	TU0-13927	G7739
CPLX0-226	CPLX0-226	TU0-13995	EG10937
CPLX0-226	CPLX0-226	TU0-13995	EG20091
CPLX0-226	CPLX0-226	TU0-14018	EG20049
CPLX0-226	CPLX0-226	TU0-14018	EG20051
CPLX0-226	CPLX0-226	TU0-14018	EG20053
CPLX0-226	CPLX0-226	TU0-14018	G7789
CPLX0-226	CPLX0-226	TU0-14018	GB4478
CPLX0-226	CPLX0-226	TU0-14113	EG11076
CPLX0-226	CPLX0-226	TU0-14192	G7910
CPLX0-226	CPLX0-226	TU0-14192	G7911
CPLX0-226	CPLX0-226	TU0-14192	G7912
CPLX0-226	CPLX0-226	TU0-14193	EG12554
CPLX0-226	CPLX0-226	TU0-14193	EG12556
CPLX0-226	CPLX0-226	TU0-14193	EG12557
CPLX0-226	CPLX0-226	TU0-14193	G0-10241
CPLX0-226	CPLX0-226	TU0-14193	G7913
CPLX0-226	CPLX0-226	TU0-14193	G7914
CPLX0-226	CPLX0-226	TU0-14193	G7915
CPLX0-226	CPLX0-226	TU0-14211	G7944
CPLX0-226	CPLX0-226	TU0-14238	G0-10511
CPLX0-226	CPLX0-226	TU0-14269	EG10571
CPLX0-226	CPLX0-226	TU0-14269	EG10835
CPLX0-226	CPLX0-226	TU0-14269	EG11249
CPLX0-226	CPLX0-226	TU0-14431	G7826
CPLX0-226	CPLX0-226	TU0-14568	EG10435
CPLX0-226	CPLX0-226	TU0-14568	EG10436
CPLX0-226	CPLX0-226	TU0-14568	EG10437
CPLX0-226	CPLX0-226	TU0-14568	EG10438
CPLX0-226	CPLX0-226	TU0-1461	EG20044
CPLX0-226	CPLX0-226	TU0-14627	EG11018
CPLX0-226	CPLX0-226	TU0-14637	EG11892
CPLX0-226	CPLX0-226	TU0-14714	G7263
CPLX0-226	CPLX0-226	TU0-14714	G7264
CPLX0-226	CPLX0-226	TU0-14715	G7263
CPLX0-226	CPLX0-226	TU0-14715	G7264
CPLX0-226	CPLX0-226	TU0-14750	G6339
CPLX0-226	CPLX0-226	TU0-14750	G6340
CPLX0-226	CPLX0-226	TU0-14750	G6341
CPLX0-226	CPLX0-226	TU0-14750	G6342
CPLX0-226	CPLX0-226	TU0-14750	G6343
CPLX0-226	CPLX0-226	TU0-14750	G6344
CPLX0-226	CPLX0-226	TU0-14767	G0-10653
CPLX0-226	CPLX0-226	TU0-14767	G0-17112
CPLX0-226	CPLX0-226	TU0-14769	G0-10654
CPLX0-226	CPLX0-226	TU0-1546	G7595
CPLX0-226	CPLX0-226	TU0-1601	EG10637
CPLX0-226	CPLX0-226	TU0-1601	G436
CPLX0-226	CPLX0-226	TU0-1601	G7675
CPLX0-226	CPLX0-226	TU0-1601	G7676
CPLX0-226	CPLX0-226	TU0-1601	G7677
CPLX0-226	CPLX0-226	TU0-1681	EG10954
CPLX0-226	CPLX0-226	TU0-1783	EG10589
CPLX0-226	CPLX0-226	TU0-1963	G7546
CPLX0-226	CPLX0-226	TU0-1981	EG11391
CPLX0-226	CPLX0-226	TU0-2021	EG11209
CPLX0-226	CPLX0-226	TU0-2041	EG20098
CPLX0-226	CPLX0-226	TU0-2042	EG10369
CPLX0-226	CPLX0-226	TU0-2342	EG10944
CPLX0-226	CPLX0-226	TU0-2402	G6205
CPLX0-226	CPLX0-226	TU0-2402	M010
CPLX0-226	CPLX0-226	TU0-2402	M011
CPLX0-226	CPLX0-226	TU0-2402	M012
CPLX0-226	CPLX0-226	TU0-2402	M013
CPLX0-226	CPLX0-226	TU0-2402	M014
CPLX0-226	CPLX0-226	TU0-2521	G6414
CPLX0-226	CPLX0-226	TU0-3102	EG11031
CPLX0-226	CPLX0-226	TU0-3602	G6196
CPLX0-226	CPLX0-226	TU0-3602	G6198
CPLX0-226	CPLX0-226	TU0-3602	G6199
CPLX0-226	CPLX0-226	TU0-3602	G6200
CPLX0-226	CPLX0-226	TU0-36422	EG11065
CPLX0-226	CPLX0-226	TU0-36427	EG10525
CPLX0-226	CPLX0-226	TU0-36427	G6201
CPLX0-226	CPLX0-226	TU0-3723	EG11448
CPLX0-226	CPLX0-226	TU0-3723	EG11942
CPLX0-226	CPLX0-226	TU0-3723	EG11943
CPLX0-226	CPLX0-226	TU0-3882	EG11612
CPLX0-226	CPLX0-226	TU0-3982	G7329
CPLX0-226	CPLX0-226	TU0-4001	EG10361
CPLX0-226	CPLX0-226	TU0-4001	EG11329
CPLX0-226	CPLX0-226	TU0-4001	EG11330
CPLX0-226	CPLX0-226	TU0-4001	EG12387
CPLX0-226	CPLX0-226	TU0-4001	G7394
CPLX0-226	CPLX0-226	TU0-4187	EG11530
CPLX0-226	CPLX0-226	TU0-4187	G0-9384
CPLX0-226	CPLX0-226	TU0-42472	G7350
CPLX0-226	CPLX0-226	TU0-42483	EG50004
CPLX0-226	CPLX0-226	TU0-42491	G7942
CPLX0-226	CPLX0-226	TU0-42499	EG10356
CPLX0-226	CPLX0-226	TU0-42499	EG10358
CPLX0-226	CPLX0-226	TU0-42512	EG12629
CPLX0-226	CPLX0-226	TU0-42513	EG11275
CPLX0-226	CPLX0-226	TU0-42514	EG11276
CPLX0-226	CPLX0-226	TU0-42515	EG10116
CPLX0-226	CPLX0-226	TU0-42543	EG10637
CPLX0-226	CPLX0-226	TU0-42544	G7919
CPLX0-226	CPLX0-226	TU0-42544	G7920
CPLX0-226	CPLX0-226	TU0-42544	G7921
CPLX0-226	CPLX0-226	TU0-42548	G6706
CPLX0-226	CPLX0-226	TU0-42564	EG10116
CPLX0-226	CPLX0-226	TU0-42571	EG10056
CPLX0-226	CPLX0-226	TU0-42571	EG11157
CPLX0-226	CPLX0-226	TU0-42578	EG10362
CPLX0-226	CPLX0-226	TU0-42580	EG10362
CPLX0-226	CPLX0-226	TU0-42581	EG10362
CPLX0-226	CPLX0-226	TU0-42581	EG10366
CPLX0-226	CPLX0-226	TU0-42582	EG10362
CPLX0-226	CPLX0-226	TU0-42582	EG10366
CPLX0-226	CPLX0-226	TU0-42583	EG10362
CPLX0-226	CPLX0-226	TU0-42583	EG10363
CPLX0-226	CPLX0-226	TU0-42583	EG10366
CPLX0-226	CPLX0-226	TU0-42584	EG10362
CPLX0-226	CPLX0-226	TU0-42584	EG10363
CPLX0-226	CPLX0-226	TU0-42584	EG10366
CPLX0-226	CPLX0-226	TU0-42612	EG12739
CPLX0-226	CPLX0-226	TU0-42638	EG11897
CPLX0-226	CPLX0-226	TU0-42638	EG12341
CPLX0-226	CPLX0-226	TU0-42638	G0-16690
CPLX0-226	CPLX0-226	TU0-42638	G7347
CPLX0-226	CPLX0-226	TU0-42638	G7348
CPLX0-226	CPLX0-226	TU0-42682	EG11849
CPLX0-226	CPLX0-226	TU0-4421	EG10635
CPLX0-226	CPLX0-226	TU0-45176	EG10362
CPLX0-226	CPLX0-226	TU0-45176	EG10363
CPLX0-226	CPLX0-226	TU0-45176	EG10366
CPLX0-226	CPLX0-226	TU0-45177	EG10362
CPLX0-226	CPLX0-226	TU0-45177	EG10366
CPLX0-226	CPLX0-226	TU0-45178	EG10362
CPLX0-226	CPLX0-226	TU0-45179	EG10362
CPLX0-226	CPLX0-226	TU0-45179	EG10363
CPLX0-226	CPLX0-226	TU0-45179	EG10366
CPLX0-226	CPLX0-226	TU0-45179	EG11698
CPLX0-226	CPLX0-226	TU0-45182	EG10403
CPLX0-226	CPLX0-226	TU0-45182	EG10404
CPLX0-226	CPLX0-226	TU0-45182	EG11514
CPLX0-226	CPLX0-226	TU0-45183	EG10057
CPLX0-226	CPLX0-226	TU0-45183	EG10058
CPLX0-226	CPLX0-226	TU0-45183	EG10059
CPLX0-226	CPLX0-226	TU0-45184	G0-8878
CPLX0-226	CPLX0-226	TU0-45185	G0-8878
CPLX0-226	CPLX0-226	TU0-45188	EG10589
CPLX0-226	CPLX0-226	TU0-45193	G6851
CPLX0-226	CPLX0-226	TU0-45193	G6852
CPLX0-226	CPLX0-226	TU0-45197	G7329
CPLX0-226	CPLX0-226	TU0-45202	EG10842
CPLX0-226	CPLX0-226	TU0-45202	EG10843
CPLX0-226	CPLX0-226	TU0-45211	G7263
CPLX0-226	CPLX0-226	TU0-45211	G7264
CPLX0-226	CPLX0-226	TU0-45213	EG12440
CPLX0-226	CPLX0-226	TU0-45222	EG10024
CPLX0-226	CPLX0-226	TU0-45222	EG10025
CPLX0-226	CPLX0-226	TU0-45222	EG10543
CPLX0-226	CPLX0-226	TU0-45222	EG11088
CPLX0-226	CPLX0-226	TU0-45229	EG10671
CPLX0-226	CPLX0-226	TU0-45231	EG11490
CPLX0-226	CPLX0-226	TU0-45231	G6786
CPLX0-226	CPLX0-226	TU0-45232	EG10165
CPLX0-226	CPLX0-226	TU0-45232	EG10788
CPLX0-226	CPLX0-226	TU0-45232	EG10789
CPLX0-226	CPLX0-226	TU0-45234	EG11391
CPLX0-226	CPLX0-226	TU0-45241	EG11448
CPLX0-226	CPLX0-226	TU0-45241	EG11942
CPLX0-226	CPLX0-226	TU0-45241	EG11943
CPLX0-226	CPLX0-226	TU0-45253	EG10956
CPLX0-226	CPLX0-226	TU0-45256	EG10592
CPLX0-226	CPLX0-226	TU0-45256	EG10593
CPLX0-226	CPLX0-226	TU0-45256	EG10594
CPLX0-226	CPLX0-226	TU0-45257	G6543
CPLX0-226	CPLX0-226	TU0-45257	G6544
CPLX0-226	CPLX0-226	TU0-45257	G6545
CPLX0-226	CPLX0-226	TU0-45257	G6546
CPLX0-226	CPLX0-226	TU0-45266	EG10681
CPLX0-226	CPLX0-226	TU0-45268	EG12243
CPLX0-226	CPLX0-226	TU0-45268	EG50009
CPLX0-226	CPLX0-226	TU0-45273	EG10282
CPLX0-226	CPLX0-226	TU0-45273	EG10368
CPLX0-226	CPLX0-226	TU0-45273	EG10703
CPLX0-226	CPLX0-226	TU0-45274	EG10368
CPLX0-226	CPLX0-226	TU0-45274	EG10703
CPLX0-226	CPLX0-226	TU0-45282	EG11897
CPLX0-226	CPLX0-226	TU0-45282	EG12341
CPLX0-226	CPLX0-226	TU0-45282	G0-16690
CPLX0-226	CPLX0-226	TU0-45282	G7347
CPLX0-226	CPLX0-226	TU0-45282	G7348
CPLX0-226	CPLX0-226	TU0-4681	EG12152
CPLX0-226	CPLX0-226	TU0-4682	EG12539
CPLX0-226	CPLX0-226	TU0-4682	G7891
CPLX0-226	CPLX0-226	TU0-4682	G7892
CPLX0-226	CPLX0-226	TU0-4682	G7893
CPLX0-226	CPLX0-226	TU0-4701	EG10524
CPLX0-226	CPLX0-226	TU0-4701	EG10526
CPLX0-226	CPLX0-226	TU0-4701	EG10527
CPLX0-226	CPLX0-226	TU0-4702	EG10524
CPLX0-226	CPLX0-226	TU0-4702	EG10526
CPLX0-226	CPLX0-226	TU0-4702	EG10527
CPLX0-226	CPLX0-226	TU0-4802	EG10114
CPLX0-226	CPLX0-226	TU0-4802	EG10115
CPLX0-226	CPLX0-226	TU0-4802	EG10116
CPLX0-226	CPLX0-226	TU0-4822	G0-8874
CPLX0-226	CPLX0-226	TU0-4906	EG10367
CPLX0-226	CPLX0-226	TU0-4927	EG12380
CPLX0-226	CPLX0-226	TU0-4928	EG12380
CPLX0-226	CPLX0-226	TU0-4961	EG12563
CPLX0-226	CPLX0-226	TU0-4981	G7747
CPLX0-226	CPLX0-226	TU0-4981	G7748
CPLX0-226	CPLX0-226	TU0-5021	EG12734
CPLX0-226	CPLX0-226	TU0-5021	G81
CPLX0-226	CPLX0-226	TU0-5041	EG20249
CPLX0-226	CPLX0-226	TU0-5081	EG11055
CPLX0-226	CPLX0-226	TU0-5081	EG11658
CPLX0-226	CPLX0-226	TU0-5081	G6866
CPLX0-226	CPLX0-226	TU0-5162	EG12494
CPLX0-226	CPLX0-226	TU0-5162	EG12495
CPLX0-226	CPLX0-226	TU0-5162	G7856
CPLX0-226	CPLX0-226	TU0-5162	G7858
CPLX0-226	CPLX0-226	TU0-5162	G7859
CPLX0-226	CPLX0-226	TU0-5162	G7860
CPLX0-226	CPLX0-226	TU0-5501	EG10068
CPLX0-226	CPLX0-226	TU0-5682	EG11544
CPLX0-226	CPLX0-226	TU0-5682	EG12240
CPLX0-226	CPLX0-226	TU0-5682	EG12241
CPLX0-226	CPLX0-226	TU0-5682	G0-16680
CPLX0-226	CPLX0-226	TU0-5901	EG10383
CPLX0-226	CPLX0-226	TU0-5901	G0-17117
CPLX0-226	CPLX0-226	TU0-5903	EG10383
CPLX0-226	CPLX0-226	TU0-5903	G0-17117
CPLX0-226	CPLX0-226	TU0-5961	EG10200
CPLX0-226	CPLX0-226	TU0-5964	EG10946
CPLX0-226	CPLX0-226	TU0-5982	EG11046
CPLX0-226	CPLX0-226	TU0-5982	EG11047
CPLX0-226	CPLX0-226	TU0-5982	EG11048
CPLX0-226	CPLX0-226	TU0-5982	EG11049
CPLX0-226	CPLX0-226	TU0-5982	EG11050
CPLX0-226	CPLX0-226	TU0-6021	EG10095
CPLX0-226	CPLX0-226	TU0-6021	EG11225
CPLX0-226	CPLX0-226	TU0-6021	G0-17100
CPLX0-226	CPLX0-226	TU0-6425	EG10566
CPLX0-226	CPLX0-226	TU0-6486	EG11111
CPLX0-226	CPLX0-226	TU0-6581	EG12766
CPLX0-226	CPLX0-226	TU0-6581	G7631
CPLX0-226	CPLX0-226	TU0-6581	G7632
CPLX0-226	CPLX0-226	TU0-6581	G7633
CPLX0-226	CPLX0-226	TU0-6702	EG10931
CPLX0-226	CPLX0-226	TU0-6702	EG10932
CPLX0-226	CPLX0-226	TU0-6702	EG10934
CPLX0-226	CPLX0-226	TU0-6823	EG10167
CPLX0-226	CPLX0-226	TU0-6843	G7920
CPLX0-226	CPLX0-226	TU0-6843	G7921
CPLX0-226	CPLX0-226	TU0-7081	EG12148
CPLX0-226	CPLX0-226	TU0-7221	G6195
CPLX0-226	CPLX0-226	TU0-7401	EG10033
CPLX0-226	CPLX0-226	TU0-7861	G6800
CPLX0-226	CPLX0-226	TU0-7861	G6801
CPLX0-226	CPLX0-226	TU0-7861	G6802
CPLX0-226	CPLX0-226	TU0-7861	G6803
CPLX0-226	CPLX0-226	TU0-7861	G6804
CPLX0-226	CPLX0-226	TU0-7861	G6805
CPLX0-226	CPLX0-226	TU0-7861	G6806
CPLX0-226	CPLX0-226	TU0-8082	EG10282
CPLX0-226	CPLX0-226	TU0-8082	EG10368
CPLX0-226	CPLX0-226	TU0-8082	EG10703
CPLX0-226	CPLX0-226	TU0-8334	G6422
CPLX0-226	CPLX0-226	TU0-8346	EG12908
CPLX0-226	CPLX0-226	TU0-8346	G7723
CPLX0-226	CPLX0-226	TU0-8346	G7724
CPLX0-226	CPLX0-226	TU0-8346	G7726
CPLX0-226	CPLX0-226	TU0-8346	G7727
CPLX0-226	CPLX0-226	TU0-8476	EG30061
CPLX0-226	CPLX0-226	TU0-8476	METYT1
CPLX0-226	CPLX0-226	TU0-8476	METYT2
CPLX0-226	CPLX0-226	TU0-8503	G6423
CPLX0-226	CPLX0-226	TU0-8548	G6193
CPLX0-226	CPLX0-226	TU0-8628	G7945
CPLX0-226	CPLX0-226	TU0-8684	G6569
CPLX0-226	CPLX0-226	TU0-8685	G6570
CPLX0-226	CPLX0-226	TU0-8689	EG11533
CPLX0-226	CPLX0-226	TU0-8759	G7688
CPLX0-226	CPLX0-226	TU0-8760	G6671
CPLX0-226	CPLX0-226	TU0-8795	G7961
CPLX0-226	CPLX0-226	TU0-8813	EG11124
CPLX0-226	CPLX0-226	TU0-8839	G0-8899
CPLX0-226	CPLX0-226	TU0-93010	G7872
CPLX0-226	CPLX0-226	TU0-961	EG10956
CPLX0-226	CPLX0-226	TU0-962	EG10956
CPLX0-226	CPLX0-226	TU0-963	EG12440
CPLX0-226	CPLX0-226	TU00001	EG10022
CPLX0-226	CPLX0-226	TU00001	EG10023
CPLX0-226	CPLX0-226	TU00001	EG10026
CPLX0-226	CPLX0-226	TU00003	EG10054
CPLX0-226	CPLX0-226	TU00014	EG10155
CPLX0-226	CPLX0-226	TU00015	EG10155
CPLX0-226	CPLX0-226	TU00016	EG10170
CPLX0-226	CPLX0-226	TU00018	EG10219
CPLX0-226	CPLX0-226	TU00018	EG10220
CPLX0-226	CPLX0-226	TU00018	EG10221
CPLX0-226	CPLX0-226	TU00018	EG10222
CPLX0-226	CPLX0-226	TU00021	EG10317
CPLX0-226	CPLX0-226	TU00021	EG11311
CPLX0-226	CPLX0-226	TU00021	FIST
CPLX0-226	CPLX0-226	TU00024	EG10365
CPLX0-226	CPLX0-226	TU00025	EG10362
CPLX0-226	CPLX0-226	TU00025	EG10363
CPLX0-226	CPLX0-226	TU00025	EG10366
CPLX0-226	CPLX0-226	TU00025	EG11698
CPLX0-226	CPLX0-226	TU00026	EG10362
CPLX0-226	CPLX0-226	TU00026	EG10363
CPLX0-226	CPLX0-226	TU00026	EG10366
CPLX0-226	CPLX0-226	TU00026	EG11698
CPLX0-226	CPLX0-226	TU00027	EG10383
CPLX0-226	CPLX0-226	TU00027	EG10385
CPLX0-226	CPLX0-226	TU00027	EG10387
CPLX0-226	CPLX0-226	TU00027	G0-17117
CPLX0-226	CPLX0-226	TU00029	EG10383
CPLX0-226	CPLX0-226	TU00029	EG10385
CPLX0-226	CPLX0-226	TU00029	EG10387
CPLX0-226	CPLX0-226	TU00029	G0-17117
CPLX0-226	CPLX0-226	TU00030	EG10391
CPLX0-226	CPLX0-226	TU00030	EG10392
CPLX0-226	CPLX0-226	TU00030	EG10393
CPLX0-226	CPLX0-226	TU00031	EG10394
CPLX0-226	CPLX0-226	TU00032	EG10494
CPLX0-226	CPLX0-226	TU00032	EG10502
CPLX0-226	CPLX0-226	TU00032	EG11275
CPLX0-226	CPLX0-226	TU00036	EG10524
CPLX0-226	CPLX0-226	TU00036	EG10526
CPLX0-226	CPLX0-226	TU00036	EG10527
CPLX0-226	CPLX0-226	TU00038	EG10554
CPLX0-226	CPLX0-226	TU00038	EG10555
CPLX0-226	CPLX0-226	TU00038	EG10556
CPLX0-226	CPLX0-226	TU00038	G0-17082
CPLX0-226	CPLX0-226	TU00040	EG11230
CPLX0-226	CPLX0-226	TU00043	EG10632
CPLX0-226	CPLX0-226	TU00043	EG10633
CPLX0-226	CPLX0-226	TU00043	EG10634
CPLX0-226	CPLX0-226	TU00043	EG10636
CPLX0-226	CPLX0-226	TU00046	EG10188
CPLX0-226	CPLX0-226	TU00046	EG10653
CPLX0-226	CPLX0-226	TU00046	EG10654
CPLX0-226	CPLX0-226	TU00046	EG10655
CPLX0-226	CPLX0-226	TU00047	EG10660
CPLX0-226	CPLX0-226	TU00047	EG10661
CPLX0-226	CPLX0-226	TU00047	EG12360
CPLX0-226	CPLX0-226	TU00048	EG10669
CPLX0-226	CPLX0-226	TU00050	EG10671
CPLX0-226	CPLX0-226	TU00051	EG10681
CPLX0-226	CPLX0-226	TU00063	EG10842
CPLX0-226	CPLX0-226	TU00063	EG10843
CPLX0-226	CPLX0-226	TU00064	EG10953
CPLX0-226	CPLX0-226	TU00075	EG10046
CPLX0-226	CPLX0-226	TU00076	EG10056
CPLX0-226	CPLX0-226	TU00080	EG10280
CPLX0-226	CPLX0-226	TU00083	EG10897
CPLX0-226	CPLX0-226	TU00084	EG10897
CPLX0-226	CPLX0-226	TU00085	EG11005
CPLX0-226	CPLX0-226	TU00085	EG11006
CPLX0-226	CPLX0-226	TU00085	EG11276
CPLX0-226	CPLX0-226	TU00091	EG10562
CPLX0-226	CPLX0-226	TU00098	EG10057
CPLX0-226	CPLX0-226	TU00098	EG10058
CPLX0-226	CPLX0-226	TU00098	EG10059
CPLX0-226	CPLX0-226	TU00099	EG10060
CPLX0-226	CPLX0-226	TU00101	EG10178
CPLX0-226	CPLX0-226	TU00101	EG10179
CPLX0-226	CPLX0-226	TU00101	EG10180
CPLX0-226	CPLX0-226	TU00101	EG10181
CPLX0-226	CPLX0-226	TU00101	EG10182
CPLX0-226	CPLX0-226	TU00104	EG10356
CPLX0-226	CPLX0-226	TU00105	EG10358
CPLX0-226	CPLX0-226	TU00106	EG10402
CPLX0-226	CPLX0-226	TU00108	EG10576
CPLX0-226	CPLX0-226	TU00119	EG10164
CPLX0-226	CPLX0-226	TU00120	EG10160
CPLX0-226	CPLX0-226	TU00121	EG10359
CPLX0-226	CPLX0-226	TU00122	EG10377
CPLX0-226	CPLX0-226	TU00122	EG10379
CPLX0-226	CPLX0-226	TU00122	EG10380
CPLX0-226	CPLX0-226	TU00123	EG10528
CPLX0-226	CPLX0-226	TU00123	EG10558
CPLX0-226	CPLX0-226	TU00123	EG10559
CPLX0-226	CPLX0-226	TU00124	EG10961
CPLX0-226	CPLX0-226	TU00125	EG10989
CPLX0-226	CPLX0-226	TU00125	EG10990
CPLX0-226	CPLX0-226	TU00125	EG10991
CPLX0-226	CPLX0-226	TU00125	EG11172
CPLX0-226	CPLX0-226	TU00125	G7624
CPLX0-226	CPLX0-226	TU00125	G7626
CPLX0-226	CPLX0-226	TU00125	G7627
CPLX0-226	CPLX0-226	TU00126	EG11143
CPLX0-226	CPLX0-226	TU00127	EG10252
CPLX0-226	CPLX0-226	TU00127	EG10253
CPLX0-226	CPLX0-226	TU00128	EG10349
CPLX0-226	CPLX0-226	TU00128	EG10350
CPLX0-226	CPLX0-226	TU00128	EG10352
CPLX0-226	CPLX0-226	TU00128	EG10353
CPLX0-226	CPLX0-226	TU00128	EG10355
CPLX0-226	CPLX0-226	TU00129	EG10664
CPLX0-226	CPLX0-226	TU00130	EG11054
CPLX0-226	CPLX0-226	TU00130	G0-17104
CPLX0-226	CPLX0-226	TU00131	EG10577
CPLX0-226	CPLX0-226	TU00131	EG10578
CPLX0-226	CPLX0-226	TU00132	EG10563
CPLX0-226	CPLX0-226	TU00132	EG10564
CPLX0-226	CPLX0-226	TU00133	EG10969
CPLX0-226	CPLX0-226	TU00133	EG10970
CPLX0-226	CPLX0-226	TU00133	EG10971
CPLX0-226	CPLX0-226	TU00133	EG10972
CPLX0-226	CPLX0-226	TU00133	EG10973
CPLX0-226	CPLX0-226	TU00133	EG10974
CPLX0-226	CPLX0-226	TU00133	G8210
CPLX0-226	CPLX0-226	TU00134	EG11045
CPLX0-226	CPLX0-226	TU00135	EG10348
CPLX0-226	CPLX0-226	TU00135	EG10351
CPLX0-226	CPLX0-226	TU00136	EG10319
CPLX0-226	CPLX0-226	TU00136	EG10320
CPLX0-226	CPLX0-226	TU00137	EG11316
CPLX0-226	CPLX0-226	TU00138	EG12292
CPLX0-226	CPLX0-226	TU00140	EG10423
CPLX0-226	CPLX0-226	TU00141	EG10688
CPLX0-226	CPLX0-226	TU00147	EG11971
CPLX0-226	CPLX0-226	TU00148	EG10249
CPLX0-226	CPLX0-226	TU00148	EG10250
CPLX0-226	CPLX0-226	TU00150	EG12738
CPLX0-226	CPLX0-226	TU00151	EG10286
CPLX0-226	CPLX0-226	TU00151	EG10287
CPLX0-226	CPLX0-226	TU00151	EG10288
CPLX0-226	CPLX0-226	TU00151	EG10289
CPLX0-226	CPLX0-226	TU00151	EG10290
CPLX0-226	CPLX0-226	TU00155	EG11612
CPLX0-226	CPLX0-226	TU00160	EG10095
CPLX0-226	CPLX0-226	TU00163	EG10262
CPLX0-226	CPLX0-226	TU00163	EG10293
CPLX0-226	CPLX0-226	TU00166	EG10259
CPLX0-226	CPLX0-226	TU00166	EG10260
CPLX0-226	CPLX0-226	TU00166	EG10261
CPLX0-226	CPLX0-226	TU00166	EG10263
CPLX0-226	CPLX0-226	TU00166	EG11105
CPLX0-226	CPLX0-226	TU00168	EG10592
CPLX0-226	CPLX0-226	TU00168	EG10593
CPLX0-226	CPLX0-226	TU00168	EG10594
CPLX0-226	CPLX0-226	TU00169	EG12414
CPLX0-226	CPLX0-226	TU00169	EG12415
CPLX0-226	CPLX0-226	TU00169	EG12416
CPLX0-226	CPLX0-226	TU00169	EG12417
CPLX0-226	CPLX0-226	TU00169	EG12419
CPLX0-226	CPLX0-226	TU00169	G7128
CPLX0-226	CPLX0-226	TU00170	EG10371
CPLX0-226	CPLX0-226	TU00170	EG11442
CPLX0-226	CPLX0-226	TU00170	EG11810
CPLX0-226	CPLX0-226	TU00173	EG10396
CPLX0-226	CPLX0-226	TU00173	EG10398
CPLX0-226	CPLX0-226	TU00173	EG11517
CPLX0-226	CPLX0-226	TU00177	EG10269
CPLX0-226	CPLX0-226	TU00177	EG10672
CPLX0-226	CPLX0-226	TU00182	EG10403
CPLX0-226	CPLX0-226	TU00182	EG10404
CPLX0-226	CPLX0-226	TU00182	EG11514
CPLX0-226	CPLX0-226	TU00187	EG10557
CPLX0-226	CPLX0-226	TU00190	EG11434
CPLX0-226	CPLX0-226	TU00190	EG11435
CPLX0-226	CPLX0-226	TU00190	EG11599
CPLX0-226	CPLX0-226	TU00193	EG10615
CPLX0-226	CPLX0-226	TU00193	EG10616
CPLX0-226	CPLX0-226	TU00193	EG11965
CPLX0-226	CPLX0-226	TU00195	EG10742
CPLX0-226	CPLX0-226	TU00196	EG10567
CPLX0-226	CPLX0-226	TU00196	EG10568
CPLX0-226	CPLX0-226	TU00196	EG10569
CPLX0-226	CPLX0-226	TU00205	EG10420
CPLX0-226	CPLX0-226	TU00205	EG10421
CPLX0-226	CPLX0-226	TU00205	GUSAT1
CPLX0-226	CPLX0-226	TU00206	EG10814
CPLX0-226	CPLX0-226	TU00206	EG10815
CPLX0-226	CPLX0-226	TU00206	EG10816
CPLX0-226	CPLX0-226	TU00206	EG10817
CPLX0-226	CPLX0-226	TU00206	EG10818
CPLX0-226	CPLX0-226	TU00206	EG10819
CPLX0-226	CPLX0-226	TU00206	G0-17077
CPLX0-226	CPLX0-226	TU00208	EG11313
CPLX0-226	CPLX0-226	TU00213	EG11402
CPLX0-226	CPLX0-226	TU00213	EG12127
CPLX0-226	CPLX0-226	TU00214	EG10052
CPLX0-226	CPLX0-226	TU00214	EG10053
CPLX0-226	CPLX0-226	TU00214	EG10055
CPLX0-226	CPLX0-226	TU00216	EG10399
CPLX0-226	CPLX0-226	TU00216	EG10401
CPLX0-226	CPLX0-226	TU00219	EG11866
CPLX0-226	CPLX0-226	TU00219	EG11867
CPLX0-226	CPLX0-226	TU00219	EG11868
CPLX0-226	CPLX0-226	TU00228	EG12629
CPLX0-226	CPLX0-226	TU00228	EG12631
CPLX0-226	CPLX0-226	TU00229	EG12380
CPLX0-226	CPLX0-226	TU00237	EG10041
CPLX0-226	CPLX0-226	TU00237	EG10042
CPLX0-226	CPLX0-226	TU00241	EG10085
CPLX0-226	CPLX0-226	TU00241	EG10086
CPLX0-226	CPLX0-226	TU00247	EG11557
CPLX0-226	CPLX0-226	TU00247	EG11558
CPLX0-226	CPLX0-226	TU00247	EG11559
CPLX0-226	CPLX0-226	TU00247	EG11560
CPLX0-226	CPLX0-226	TU00247	EG11561
CPLX0-226	CPLX0-226	TU00247	EG12608
CPLX0-226	CPLX0-226	TU00248	EG10140
CPLX0-226	CPLX0-226	TU00248	EG10141
CPLX0-226	CPLX0-226	TU00248	EG10142
CPLX0-226	CPLX0-226	TU00248	EG10143
CPLX0-226	CPLX0-226	TU00248	EG10144
CPLX0-226	CPLX0-226	TU00248	EG12198
CPLX0-226	CPLX0-226	TU00255	EG11407
CPLX0-226	CPLX0-226	TU00255	EG11408
CPLX0-226	CPLX0-226	TU00279	EG11381
CPLX0-226	CPLX0-226	TU00301	EG10002
CPLX0-226	CPLX0-226	TU00301	EG10152
CPLX0-226	CPLX0-226	TU00301	EG12427
CPLX0-226	CPLX0-226	TU00336	EG10874
CPLX0-226	CPLX0-226	TU00336	EG10908
CPLX0-226	CPLX0-226	TU00346	EG10764
CPLX0-226	CPLX0-226	TU00346	EG10870
CPLX0-226	CPLX0-226	TU00346	EG10905
CPLX0-226	CPLX0-226	TU00346	EG10917
CPLX0-226	CPLX0-226	TU00357	EG10073
CPLX0-226	CPLX0-226	TU00357	EG10946
CPLX0-226	CPLX0-226	TU00358	EG10230
CPLX0-226	CPLX0-226	TU00358	EG10949
CPLX0-226	CPLX0-226	TU00374	EG12275
CPLX0-226	CPLX0-226	TU00374	EG12276
CPLX0-226	CPLX0-226	TU00374	EG20252
CPLX0-226	CPLX0-226	TU00374	EG20253
CPLX0-226	CPLX0-226	TU00375	EG10249
CPLX0-226	CPLX0-226	TU00377	EG10701
CPLX0-226	CPLX0-226	TU00377	EG11258
CPLX0-226	CPLX0-226	TU00392	G6543
CPLX0-226	CPLX0-226	TU00392	G6544
CPLX0-226	CPLX0-226	TU00392	G6545
CPLX0-226	CPLX0-226	TU00392	G6546
CPLX0-226	CPLX0-226	TU00411	EG10416
CPLX0-226	CPLX0-226	TU00427	EG10897
CPLX0-226	CPLX0-226	TU00442	EG10510
CPLX0-226	CPLX0-226	TU00443	EG10368
CPLX0-226	CPLX0-226	TU00443	EG10703
CPLX0-226	CPLX0-226	TU00450	EG11035
CPLX0-226	CPLX0-226	TU00464	EG10757
CPLX0-226	CPLX0-226	TU00465	EG10757
CPLX0-226	CPLX0-226	TU00466	EG10757
CPLX0-226	CPLX0-226	TU00468	EG10006
CPLX0-226	CPLX0-226	TU00468	EG10357
CPLX0-226	CPLX0-226	TU00478	EG11182
CPLX0-226	CPLX0-226	TU00479	EG10165
CPLX0-226	CPLX0-226	TU00479	EG10788
CPLX0-226	CPLX0-226	TU00479	EG10789
CPLX0-226	CPLX0-226	TU00480	EG10165
CPLX0-226	CPLX0-226	TU00480	EG10788
CPLX0-226	CPLX0-226	TU00480	EG10789
CPLX0-226	CPLX0-226	TU00482	EG10165
CPLX0-226	CPLX0-226	TU00482	EG10788
CPLX0-226	CPLX0-226	TU00482	EG10789
CPLX0-226	CPLX0-226	TU00483	EG10165
CPLX0-226	CPLX0-226	TU00483	EG10788
CPLX0-226	CPLX0-226	TU00483	EG10789
CPLX0-226	CPLX0-226	TU00522	EG10024
CPLX0-226	CPLX0-226	TU00522	EG10025
CPLX0-226	CPLX0-226	TU00522	EG10543
CPLX0-226	CPLX0-226	TU00522	EG11088
CPLX0-226	CPLX0-226	TU00523	EG10543
CPLX0-226	CPLX0-226	TU00524	EG10931
CPLX0-226	CPLX0-226	TU00524	EG10932
CPLX0-226	CPLX0-226	TU00524	EG10933
CPLX0-226	CPLX0-226	TU00524	EG10934
CPLX0-226	CPLX0-226	TU00524	EG10979
CPLX0-226	CPLX0-226	TU00524	EG10980
CPLX0-226	CPLX0-226	TU00524	EG10981
CPLX0-226	CPLX0-226	TU00524	EG10982
CPLX0-226	CPLX0-226	TU00524	G0-17009
CPLX0-226	CPLX0-226	TU00524	G6388
CPLX0-226	CPLX0-226	TU101	EG11066
CPLX0-226	CPLX0-226	TU101	EG20248
CPLX0-226	CPLX0-226	TU102	EG10035
CPLX0-226	CPLX0-226	TU122	EG10802
CPLX0-226	CPLX0-226	TU141	G6088
CPLX0-226	CPLX0-226	TU142	EG11562
CPLX0-226	CPLX0-226	TU142	EG11563
CPLX0-226	CPLX0-226	TU142	EG11564
CPLX0-226	CPLX0-226	TU142	EG11565
CPLX0-226	CPLX0-226	TU161	EG10269
CPLX0-226	CPLX0-226	TU161	EG10672
CPLX0-226	CPLX0-226	TU162	EG10269
CPLX0-226	CPLX0-226	TU162	EG10672
CPLX0-226	CPLX0-226	TU163	EG10269
CPLX0-226	CPLX0-226	TU163	EG10672
CPLX0-226	CPLX0-226	TU341	EG10505
CPLX0-226	CPLX0-226	TU341	EG10665
CPLX0-226	CPLX0-226	TU341	EG10743
CPLX0-226	CPLX0-226	TU341	EG10914
CPLX0-226	CPLX0-226	TU341	EG11177
CPLX0-226	CPLX0-226	TU341	EG11178
CPLX0-226	CPLX0-226	TU341	EG11179
CPLX0-226	CPLX0-226	TU341	EG30061
CPLX0-226	CPLX0-226	TU356	EG10659
CPLX0-226	CPLX0-226	TU368	EG12278
CPLX0-226	CPLX0-226	TU369	EG11490
CPLX0-226	CPLX0-226	TU369	G6786
CPLX0-226	CPLX0-226	TU4	G6708
CPLX0-226	CPLX0-226	TU401	EG10395
CPLX0-226	CPLX0-226	TU401	EG10397
CPLX0-226	CPLX0-226	TU401	EG10400
CPLX0-226	CPLX0-226	TU461	EG11407
CPLX0-226	CPLX0-226	TU461	EG11408
CPLX0-226	CPLX0-226	TU462	EG11407
CPLX0-226	CPLX0-226	TU462	EG11408
CPLX0-226	CPLX0-226	TU486	EG10466
CPLX0-226	CPLX0-226	TU489	EG10467
CPLX0-226	CPLX0-226	TU491	EG11072
CPLX0-226	CPLX0-226	TU5	G6709
CPLX0-226	CPLX0-226	TU5	G6710
CPLX0-226	CPLX0-226	TU5	G6711
CPLX0-226	CPLX0-226	TU5	G6712
CPLX0-226	CPLX0-226	TU5	G6713
CPLX0-226	CPLX0-226	TU5	G6714
CPLX0-226	CPLX0-226	TU5	G6715
CPLX0-226	CPLX0-226	TU5	G6716
CPLX0-226	CPLX0-226	TU5	G6717
CPLX0-226	CPLX0-226	TU5	G6718
CPLX0-226	CPLX0-226	TU5	G6719
CPLX0-226	CPLX0-226	TU581	G6619
CPLX0-226	CPLX0-226	TU586	EG12243
CPLX0-226	CPLX0-226	TU586	EG50009
CPLX0-226	CPLX0-226	TU592	EG12279
CPLX0-226	CPLX0-226	TU592	EG12280
CPLX0-226	CPLX0-226	TU592	EG12281
CPLX0-226	CPLX0-226	TU592	EG12282
CPLX0-226	CPLX0-226	TU592	EG12283
CPLX0-226	CPLX0-226	TU592	EG12284
CPLX0-226	CPLX0-226	TU592	EG12285
CPLX0-226	CPLX0-226	TU592	EG12286
CPLX0-226	CPLX0-226	TU592	EG12287
CPLX0-226	CPLX0-226	TU67	EG11074
CPLX0-226	CPLX0-226	TU67	EG11075
CPLX0-226	CPLX0-226	TU67	G0-17109
CPLX0-226	CPLX0-226	TU686	EG11150
CPLX0-226	CPLX0-226	TU686	EG11282
CPLX0-226	CPLX0-226	TU686	G7300
CPLX0-226	CPLX0-226	TU686	G7301
CPLX0-226	CPLX0-226	TU686	G7302
CPLX0-226	CPLX0-226	TU686	G7303
CPLX0-226	CPLX0-226	TU686	G7304
CPLX0-226	CPLX0-226	TU686	G7305
CPLX0-226	CPLX0-226	TU686	G7306
CPLX0-226	CPLX0-226	TU686	G7307
CPLX0-226	CPLX0-226	TU686	G7308
CPLX0-226	CPLX0-226	TU686	G7309
CPLX0-226	CPLX0-226	TU783	EG10008
CPLX0-226	CPLX0-226	TU783	EG10482
CPLX0-226	CPLX0-226	TU789	G6852
CPLX0-226	CPLX0-226	TU790	G6851
CPLX0-226	CPLX0-226	TU790	G6852
CPLX0-226	CPLX0-226	TU794	EG11325
CPLX0-226	CPLX0-226	TU796	EG12316
CPLX0-226	CPLX0-226	TU797	EG30098
CPLX0-226	CPLX0-226	TU797	G0-17114
CPLX0-226	CPLX0-226	TU841	EG10137
CPLX0-228	CPLX0-228	TU0-1003	G6940
CPLX0-228	CPLX0-228	TU0-1003	G6941
CPLX0-228	CPLX0-228	TU0-1003	G6942
CPLX0-228	CPLX0-228	TU0-1003	G6943
CPLX0-228	CPLX0-228	TU0-1003	G6944
CPLX0-228	CPLX0-228	TU0-13076	G6458
CPLX0-228	CPLX0-228	TU0-13891	G7669
CPLX0-228	CPLX0-228	TU0-14415	EG10007
CPLX0-228	CPLX0-228	TU0-14415	EG10452
CPLX0-228	CPLX0-228	TU0-14415	EG12124
CPLX0-228	CPLX0-228	TU0-14415	EG12125
CPLX0-228	CPLX0-228	TU0-45182	EG10403
CPLX0-228	CPLX0-228	TU0-45182	EG10404
CPLX0-228	CPLX0-228	TU0-45182	EG11514
CPLX0-228	CPLX0-228	TU0-5501	EG10068
CPLX0-228	CPLX0-228	TU0-8161	EG11628
CPLX0-228	CPLX0-228	TU0-8472	EG10063
CPLX0-228	CPLX0-228	TU0-8476	EG30061
CPLX0-228	CPLX0-228	TU0-8476	METYT1
CPLX0-228	CPLX0-228	TU0-8476	METYT2
CPLX0-228	CPLX0-228	TU00004	EG10064
CPLX0-228	CPLX0-228	TU00004	EG10065
CPLX0-228	CPLX0-228	TU00004	EG11223
CPLX0-228	CPLX0-228	TU00005	EG10067
CPLX0-228	CPLX0-228	TU00006	EG10069
CPLX0-228	CPLX0-228	TU00007	EG10070
CPLX0-228	CPLX0-228	TU00109	EG10134
CPLX0-228	CPLX0-228	TU00109	EG10135
CPLX0-228	CPLX0-228	TU00111	EG10066
CPLX0-228	CPLX0-228	TU00182	EG10403
CPLX0-228	CPLX0-228	TU00182	EG10404
CPLX0-228	CPLX0-228	TU00182	EG11514
CPLX0-228	CPLX0-228	TU00226	EG11286
CPLX0-228	CPLX0-228	TU341	EG10505
CPLX0-228	CPLX0-228	TU341	EG10665
CPLX0-228	CPLX0-228	TU341	EG10743
CPLX0-228	CPLX0-228	TU341	EG10914
CPLX0-228	CPLX0-228	TU341	EG11177
CPLX0-228	CPLX0-228	TU341	EG11178
CPLX0-228	CPLX0-228	TU341	EG11179
CPLX0-228	CPLX0-228	TU341	EG30061
CPLX0-2781	CPLX0-2781	TU0-12993	G6331
CPLX0-2781	CPLX0-2781	TU0-13241	G6702
CPLX0-2781	CPLX0-2781	TU0-13308	EG11643
CPLX0-2781	CPLX0-2781	TU0-13416	G6994
CPLX0-2781	CPLX0-2781	TU0-1342	G7071
CPLX0-2781	CPLX0-2781	TU0-13580	G7185
CPLX0-2781	CPLX0-2781	TU0-13763	G7472
CPLX0-2781	CPLX0-2781	TU0-42593	G6606
CPLX0-2781	CPLX0-2781	TU0-6629	EG12358
CPLX0-2781	CPLX0-2781	TU0-6629	G6476
CPLX0-2781	CPLX0-2781	TU0-6629	G6477
CPLX0-2781	CPLX0-2781	TU0-6629	G6478
CPLX0-2781	CPLX0-2781	TU0-6629	G6479
CPLX0-2781	CPLX0-2781	TU00078	EG10189
CPLX0-2781	CPLX0-2781	TU00078	EG10190
CPLX0-2781	CPLX0-2781	TU00078	EG10191
CPLX0-2781	CPLX0-2781	TU00144	EG10183
CPLX0-2781	CPLX0-2781	TU00144	EG10193
CPLX0-2781	CPLX0-2781	TU00144	EG10195
CPLX0-2781	CPLX0-2781	TU00144	EG10197
CPLX0-2781	CPLX0-2781	TU00144	EG10198
CPLX0-2781	CPLX0-2781	TU00146	EG10185
CPLX0-2781	CPLX0-2781	TU00146	EG10186
CPLX0-2781	CPLX0-2781	TU00146	EG10194
CPLX0-2781	CPLX0-2781	TU302	EG12423
CPLX0-2781	CPLX0-2781	TU302	G6217
CPLX0-2781	CPLX0-2781	TU302	G6218
CPLX0-2781	CPLX0-2781	TU302	G6219
CPLX0-3061	CPLX0-3061	TU0-14175	EG10694
CPLX0-3061	CPLX0-3061	TU00110	EG10134
CPLX0-3061	CPLX0-3061	TU00110	EG10135
CPLX0-3781	CPLX0-3781	TU0-13493	EG12844
CPLX0-3781	CPLX0-3781	TU0-13493	G0-9121
CPLX0-3930	CPLX0-3930	TU-8399	G7035
CPLX0-3930	CPLX0-3930	TU-8405	G370
CPLX0-3930	CPLX0-3930	TU-8405	G7027
CPLX0-3930	CPLX0-3930	TU-8405	G7028
CPLX0-3930	CPLX0-3930	TU-8408	EG11346
CPLX0-3930	CPLX0-3930	TU-8411	EG11347
CPLX0-3930	CPLX0-3930	TU-8411	EG11654
CPLX0-3930	CPLX0-3930	TU-8411	EG11656
CPLX0-3930	CPLX0-3930	TU-8411	G377
CPLX0-3930	CPLX0-3930	TU-8411	G378
CPLX0-3930	CPLX0-3930	TU-8411	G379
CPLX0-3930	CPLX0-3930	TU-8412	EG12661
CPLX0-3930	CPLX0-3930	TU-8412	EG12662
CPLX0-3930	CPLX0-3930	TU-8412	EG12663
CPLX0-3930	CPLX0-3930	TU-8412	G0-9383
CPLX0-3930	CPLX0-3930	TU-8412	G6359
CPLX0-3930	CPLX0-3930	TU0-13745	EG10825
CPLX0-3930	CPLX0-3930	TU0-13745	EG11154
CPLX0-3930	CPLX0-3930	TU0-13745	EG11155
CPLX0-3930	CPLX0-3930	TU0-13745	EG11156
CPLX0-3930	CPLX0-3930	TU0-13745	EG12081
CPLX0-3930	CPLX0-3930	TU0-14275	G7418
CPLX0-3930	CPLX0-3930	TU0-1548	G6623
CPLX0-3930	CPLX0-3930	TU0-1549	EG12252
CPLX0-3930	CPLX0-3930	TU0-198894	G358
CPLX0-3930	CPLX0-3930	TU0-198894	G359
CPLX0-3930	CPLX0-3930	TU0-198894	G360
CPLX0-3930	CPLX0-3930	TU0-198894	G361
CPLX0-3930	CPLX0-3930	TU0-198894	G362
CPLX0-3930	CPLX0-3930	TU0-198894	G363
CPLX0-3930	CPLX0-3930	TU0-198894	G364
CPLX0-3930	CPLX0-3930	TU0-198894	G365
CPLX0-3930	CPLX0-3930	TU0-198894	G366
CPLX0-3930	CPLX0-3930	TU0-198896	G357
CPLX0-3930	CPLX0-3930	TU0-42664	G6549
CPLX0-3930	CPLX0-3930	TU0-42664	G6550
CPLX0-3930	CPLX0-3930	TU0-42664	G6551
CPLX0-3930	CPLX0-3930	TU0-45256	EG10592
CPLX0-3930	CPLX0-3930	TU0-45256	EG10593
CPLX0-3930	CPLX0-3930	TU0-45256	EG10594
CPLX0-3930	CPLX0-3930	TU00030	EG10391
CPLX0-3930	CPLX0-3930	TU00030	EG10392
CPLX0-3930	CPLX0-3930	TU00030	EG10393
CPLX0-3930	CPLX0-3930	TU00108	EG10576
CPLX0-3930	CPLX0-3930	TU00168	EG10592
CPLX0-3930	CPLX0-3930	TU00168	EG10593
CPLX0-3930	CPLX0-3930	TU00168	EG10594
CPLX0-3930	CPLX0-3930	TU00199	EG11781
CPLX0-3930	CPLX0-3930	TU00199	EG11945
CPLX0-3930	CPLX0-3930	TU00199	EG11946
CPLX0-3930	CPLX0-3930	TU00199	EG11947
CPLX0-3930	CPLX0-3930	TU00199	EG11948
CPLX0-3930	CPLX0-3930	TU00199	EG11949
CPLX0-3930	CPLX0-3930	TU00199	EG11950
CPLX0-3930	CPLX0-3930	TU00272	G357
CPLX0-3930	CPLX0-3930	TU00272	G369
CPLX0-3930	CPLX0-3930	TU00272	G6562
CPLX0-3930	CPLX0-3930	TU00273	G358
CPLX0-3930	CPLX0-3930	TU00273	G359
CPLX0-3930	CPLX0-3930	TU00273	G360
CPLX0-3930	CPLX0-3930	TU00273	G361
CPLX0-3930	CPLX0-3930	TU00273	G362
CPLX0-3930	CPLX0-3930	TU00273	G363
CPLX0-3930	CPLX0-3930	TU00273	G364
CPLX0-3930	CPLX0-3930	TU00273	G365
CPLX0-3930	CPLX0-3930	TU00273	G366
CPLX0-3930	CPLX0-3930	TU00274	EG10841
CPLX0-3930	CPLX0-3930	TU00274	EG11388
CPLX0-3930	CPLX0-3930	TU00274	EG11389
CPLX0-3930	CPLX0-3930	TU00276	EG10322
CPLX0-3930	CPLX0-3930	TU00276	EG10323
CPLX0-3930	CPLX0-3930	TU00276	EG10324
CPLX0-3930	CPLX0-3930	TU00276	EG11224
CPLX0-3930	CPLX0-3930	TU00276	EG11975
CPLX0-3930	CPLX0-3930	TU00276	EG11976
CPLX0-3930	CPLX0-3930	TU00276	EG11977
CPLX0-3930	CPLX0-3930	TU00305	EG12052
CPLX0-3930	CPLX0-3930	TU00305	EG12053
CPLX0-3930	CPLX0-3930	TU00305	EG12054
CPLX0-3930	CPLX0-3930	TU00305	EG12055
CPLX0-3930	CPLX0-3930	TU00305	EG12057
CPLX0-3930	CPLX0-3930	TU00305	EG12058
CPLX0-3930	CPLX0-3930	TU00305	EG12059
CPLX0-3930	CPLX0-3930	TU00305	EG12060
CPLX0-3930	CPLX0-3930	TU00305	EG12061
CPLX0-3930	CPLX0-3930	TU00305	EG12062
CPLX0-3930	CPLX0-3930	TU00305	EG12064
CPLX0-3930	CPLX0-3930	TU00305	EG12067
CPLX0-3930	CPLX0-3930	TU00305	EG12068
CPLX0-3930	CPLX0-3930	TU00305	EG12143
CPLX0-3930	CPLX0-3930	TU00305	EG12169
CPLX0-3930	CPLX0-3930	TU00415	EG11355
CPLX0-3930	CPLX0-3930	TU00415	EG11356
CPLX0-3930	CPLX0-3930	TU00415	G7039
CPLX0-3930	CPLX0-3930	TU363	EG12052
CPLX0-3930	CPLX0-3930	TU363	EG12053
CPLX0-3930	CPLX0-3930	TU363	EG12054
CPLX0-3930	CPLX0-3930	TU363	EG12055
CPLX0-3930	CPLX0-3930	TU363	EG12057
CPLX0-3930	CPLX0-3930	TU363	EG12058
CPLX0-3930	CPLX0-3930	TU363	EG12059
CPLX0-3930	CPLX0-3930	TU363	EG12060
CPLX0-3930	CPLX0-3930	TU363	EG12061
CPLX0-3930	CPLX0-3930	TU363	EG12062
CPLX0-3930	CPLX0-3930	TU363	EG12064
CPLX0-3930	CPLX0-3930	TU363	EG12067
CPLX0-3930	CPLX0-3930	TU363	EG12068
CPLX0-3930	CPLX0-3930	TU363	EG12143
CPLX0-3930	CPLX0-3930	TU363	EG12169
CPLX0-3930	CPLX0-3930	TU424	EG11551
CPLX0-3930	CPLX0-3930	TU424	EG11552
CPLX0-6	CPLX0-6	TU0-1122	EG10232
CPLX0-6	CPLX0-6	TU0-1122	EG10233
CPLX0-6	CPLX0-6	TU0-1122	EG10234
CPLX0-6	CPLX0-6	TU0-1123	EG11595
CPLX0-6	CPLX0-6	TU0-1123	EG11596
CPLX0-6	CPLX0-6	TU0-1123	EG11597
CPLX0-6	CPLX0-6	TU0-1123	EG11598
CPLX0-6	CPLX0-6	TU0-1123	EG11666
CPLX0-6	CPLX0-6	TU00018	EG10219
CPLX0-6	CPLX0-6	TU00018	EG10220
CPLX0-6	CPLX0-6	TU00018	EG10221
CPLX0-6	CPLX0-6	TU00018	EG10222
CPLX0-6	CPLX0-6	TU00153	EG10474
CPLX0-6	CPLX0-6	TU00153	EG10475
CPLX0-6	CPLX0-6	TU00153	EG10476
CPLX0-6	CPLX0-6	TU00153	EG10477
CPLX0-6	CPLX0-6	TU00153	EG10478
CPLX0-6	CPLX0-6	TU00153	EG10479
CPLX0-6	CPLX0-6	TU00153	EG10480
CPLX0-6	CPLX0-6	TU00153	EG10481
CPLX0-6	CPLX0-6	TU00153	G7414
CPLX0-6	CPLX0-6	TU00156	EG10643
CPLX0-6	CPLX0-6	TU00156	EG10646
CPLX0-6	CPLX0-6	TU00222	EG10674
CPLX0-6	CPLX0-6	TU00222	EG10675
CPLX0-6	CPLX0-6	TU00222	EG10676
CPLX0-6	CPLX0-6	TU00222	EG10677
CPLX0-6	CPLX0-6	TU00222	EG10678
CPLX0-6	CPLX0-6	TU00301	EG10002
CPLX0-6	CPLX0-6	TU00301	EG10152
CPLX0-6	CPLX0-6	TU00301	EG12427
CPLX0-6	CPLX0-6	TU00305	EG12052
CPLX0-6	CPLX0-6	TU00305	EG12053
CPLX0-6	CPLX0-6	TU00305	EG12054
CPLX0-6	CPLX0-6	TU00305	EG12055
CPLX0-6	CPLX0-6	TU00305	EG12057
CPLX0-6	CPLX0-6	TU00305	EG12058
CPLX0-6	CPLX0-6	TU00305	EG12059
CPLX0-6	CPLX0-6	TU00305	EG12060
CPLX0-6	CPLX0-6	TU00305	EG12061
CPLX0-6	CPLX0-6	TU00305	EG12062
CPLX0-6	CPLX0-6	TU00305	EG12064
CPLX0-6	CPLX0-6	TU00305	EG12067
CPLX0-6	CPLX0-6	TU00305	EG12068
CPLX0-6	CPLX0-6	TU00305	EG12143
CPLX0-6	CPLX0-6	TU00305	EG12169
CPLX0-6	CPLX0-6	TU363	EG12052
CPLX0-6	CPLX0-6	TU363	EG12053
CPLX0-6	CPLX0-6	TU363	EG12054
CPLX0-6	CPLX0-6	TU363	EG12055
CPLX0-6	CPLX0-6	TU363	EG12057
CPLX0-6	CPLX0-6	TU363	EG12058
CPLX0-6	CPLX0-6	TU363	EG12059
CPLX0-6	CPLX0-6	TU363	EG12060
CPLX0-6	CPLX0-6	TU363	EG12061
CPLX0-6	CPLX0-6	TU363	EG12062
CPLX0-6	CPLX0-6	TU363	EG12064
CPLX0-6	CPLX0-6	TU363	EG12067
CPLX0-6	CPLX0-6	TU363	EG12068
CPLX0-6	CPLX0-6	TU363	EG12143
CPLX0-6	CPLX0-6	TU363	EG12169
CPLX0-7418	CPLX0-7418	TU00233	EG11703
CPLX0-7418	CPLX0-7418	TU00233	EG11704
CPLX0-7418	CPLX0-7418	TU00459	EG10603
CPLX0-7418	CPLX0-7418	TU00459	EG11354
CPLX0-7418	CPLX0-7418	TU00459	EG11439
CPLX0-7418	CPLX0-7418	TU356	EG10659
CPLX0-7425	CPLX0-7425	TU00284	EG10442
CPLX0-7425	CPLX0-7425	TU00284	EG10443
CPLX0-7425	CPLX0-7425	TU521	EG10571
CPLX0-7425	CPLX0-7425	TU521	EG10835
CPLX0-7425	CPLX0-7425	TU521	EG11249
CPLX0-7541	CPLX0-7541	TU0-6441	EG10034
CPLX0-7605	CPLX0-7605	TU0-4288	EG10491
CPLX0-7605	CPLX0-7605	TU00001	EG10022
CPLX0-7605	CPLX0-7605	TU00001	EG10023
CPLX0-7605	CPLX0-7605	TU00001	EG10026
CPLX0-7639	CPLX0-7639	TU0-1022	EG12381
CPLX0-7639	CPLX0-7639	TU0-1022	EG20257
CPLX0-7639	CPLX0-7639	TU0-1022	G7401
CPLX0-7639	CPLX0-7639	TU0-1022	G7402
CPLX0-7639	CPLX0-7639	TU0-1143	EG11784
CPLX0-7639	CPLX0-7639	TU0-1201	EG10372
CPLX0-7639	CPLX0-7639	TU0-1283	EG10359
CPLX0-7639	CPLX0-7639	TU0-13116	EG11735
CPLX0-7639	CPLX0-7639	TU0-13116	G6527
CPLX0-7639	CPLX0-7639	TU0-13290	EG11742
CPLX0-7639	CPLX0-7639	TU0-13290	EG11743
CPLX0-7639	CPLX0-7639	TU0-13420	G6999
CPLX0-7639	CPLX0-7639	TU0-13449	EG10921
CPLX0-7639	CPLX0-7639	TU0-13514	G7138
CPLX0-7639	CPLX0-7639	TU0-13514	G7139
CPLX0-7639	CPLX0-7639	TU0-13823	G7564
CPLX0-7639	CPLX0-7639	TU0-13823	G7565
CPLX0-7639	CPLX0-7639	TU0-13913	EG11359
CPLX0-7639	CPLX0-7639	TU0-13913	EG12173
CPLX0-7639	CPLX0-7639	TU0-13913	G7702
CPLX0-7639	CPLX0-7639	TU0-13913	G7703
CPLX0-7639	CPLX0-7639	TU0-13913	G7704
CPLX0-7639	CPLX0-7639	TU0-13913	G7705
CPLX0-7639	CPLX0-7639	TU0-13913	G7706
CPLX0-7639	CPLX0-7639	TU0-13913	G7707
CPLX0-7639	CPLX0-7639	TU0-13913	G7708
CPLX0-7639	CPLX0-7639	TU0-13913	G7709
CPLX0-7639	CPLX0-7639	TU0-13913	G7710
CPLX0-7639	CPLX0-7639	TU0-13913	G7711
CPLX0-7639	CPLX0-7639	TU0-198701	EG11942
CPLX0-7639	CPLX0-7639	TU0-198701	EG11943
CPLX0-7639	CPLX0-7639	TU0-198702	EG10067
CPLX0-7639	CPLX0-7639	TU0-198702	G6144
CPLX0-7639	CPLX0-7639	TU0-198703	EG10232
CPLX0-7639	CPLX0-7639	TU0-198703	EG10233
CPLX0-7639	CPLX0-7639	TU0-198703	EG10234
CPLX0-7639	CPLX0-7639	TU0-198704	EG10396
CPLX0-7639	CPLX0-7639	TU0-198704	EG10398
CPLX0-7639	CPLX0-7639	TU0-198707	EG10567
CPLX0-7639	CPLX0-7639	TU0-198707	EG10568
CPLX0-7639	CPLX0-7639	TU0-198707	EG10569
CPLX0-7639	CPLX0-7639	TU0-198707	G6998
CPLX0-7639	CPLX0-7639	TU0-198708	G6217
CPLX0-7639	CPLX0-7639	TU0-198708	G6218
CPLX0-7639	CPLX0-7639	TU0-198708	G6219
CPLX0-7639	CPLX0-7639	TU0-198711	EG10262
CPLX0-7639	CPLX0-7639	TU0-198711	EG10293
CPLX0-7639	CPLX0-7639	TU0-198712	EG10302
CPLX0-7639	CPLX0-7639	TU0-198712	EG10303
CPLX0-7639	CPLX0-7639	TU0-198712	EG10304
CPLX0-7639	CPLX0-7639	TU0-198712	EG10305
CPLX0-7639	CPLX0-7639	TU0-198713	EG10385
CPLX0-7639	CPLX0-7639	TU0-198713	EG10387
CPLX0-7639	CPLX0-7639	TU0-198714	EG12625
CPLX0-7639	CPLX0-7639	TU0-198714	EG12626
CPLX0-7639	CPLX0-7639	TU0-198714	EG12627
CPLX0-7639	CPLX0-7639	TU0-198714	EG12628
CPLX0-7639	CPLX0-7639	TU0-2521	G6414
CPLX0-7639	CPLX0-7639	TU0-2562	EG10272
CPLX0-7639	CPLX0-7639	TU0-2581	EG10306
CPLX0-7639	CPLX0-7639	TU0-2621	EG11378
CPLX0-7639	CPLX0-7639	TU0-2621	G6905
CPLX0-7639	CPLX0-7639	TU0-2621	G6906
CPLX0-7639	CPLX0-7639	TU0-2621	G6907
CPLX0-7639	CPLX0-7639	TU0-2621	G6908
CPLX0-7639	CPLX0-7639	TU0-2621	G6909
CPLX0-7639	CPLX0-7639	TU0-2707	EG10588
CPLX0-7639	CPLX0-7639	TU0-3382	EG11699
CPLX0-7639	CPLX0-7639	TU0-3401	G0-8872
CPLX0-7639	CPLX0-7639	TU0-3403	EG12201
CPLX0-7639	CPLX0-7639	TU0-36398	EG11411
CPLX0-7639	CPLX0-7639	TU0-36422	EG11065
CPLX0-7639	CPLX0-7639	TU0-42484	G0-10737
CPLX0-7639	CPLX0-7639	TU0-45182	EG10403
CPLX0-7639	CPLX0-7639	TU0-45182	EG10404
CPLX0-7639	CPLX0-7639	TU0-45182	EG11514
CPLX0-7639	CPLX0-7639	TU0-45229	EG10671
CPLX0-7639	CPLX0-7639	TU0-45252	EG11699
CPLX0-7639	CPLX0-7639	TU0-5101	EG10411
CPLX0-7639	CPLX0-7639	TU0-5101	G0-16693
CPLX0-7639	CPLX0-7639	TU0-6042	EG11104
CPLX0-7639	CPLX0-7639	TU0-6482	EG10096
CPLX0-7639	CPLX0-7639	TU0-6507	EG10509
CPLX0-7639	CPLX0-7639	TU0-7321	G7254
CPLX0-7639	CPLX0-7639	TU0-7662	G7758
CPLX0-7639	CPLX0-7639	TU0-7681	EG11634
CPLX0-7639	CPLX0-7639	TU0-7681	G6820
CPLX0-7639	CPLX0-7639	TU0-7681	G6821
CPLX0-7639	CPLX0-7639	TU0-7701	G7949
CPLX0-7639	CPLX0-7639	TU0-8327	G7593
CPLX0-7639	CPLX0-7639	TU0-8330	G7061
CPLX0-7639	CPLX0-7639	TU0-8458	EG10662
CPLX0-7639	CPLX0-7639	TU0-8458	G6871
CPLX0-7639	CPLX0-7639	TU0-8458	G6872
CPLX0-7639	CPLX0-7639	TU0-8458	G6873
CPLX0-7639	CPLX0-7639	TU0-8458	G6874
CPLX0-7639	CPLX0-7639	TU0-8458	G6875
CPLX0-7639	CPLX0-7639	TU0-8458	G6876
CPLX0-7639	CPLX0-7639	TU0-8630	G0-10474
CPLX0-7639	CPLX0-7639	TU0-8813	EG11124
CPLX0-7639	CPLX0-7639	TU00014	EG10155
CPLX0-7639	CPLX0-7639	TU00015	EG10155
CPLX0-7639	CPLX0-7639	TU00020	EG10302
CPLX0-7639	CPLX0-7639	TU00020	EG10303
CPLX0-7639	CPLX0-7639	TU00020	EG10304
CPLX0-7639	CPLX0-7639	TU00020	EG10305
CPLX0-7639	CPLX0-7639	TU00022	EG10325
CPLX0-7639	CPLX0-7639	TU00034	EG10511
CPLX0-7639	CPLX0-7639	TU00042	EG10587
CPLX0-7639	CPLX0-7639	TU00050	EG10671
CPLX0-7639	CPLX0-7639	TU00059	EG10800
CPLX0-7639	CPLX0-7639	TU00060	EG10806
CPLX0-7639	CPLX0-7639	TU00064	EG10953
CPLX0-7639	CPLX0-7639	TU00101	EG10178
CPLX0-7639	CPLX0-7639	TU00101	EG10179
CPLX0-7639	CPLX0-7639	TU00101	EG10180
CPLX0-7639	CPLX0-7639	TU00101	EG10181
CPLX0-7639	CPLX0-7639	TU00101	EG10182
CPLX0-7639	CPLX0-7639	TU00105	EG10358
CPLX0-7639	CPLX0-7639	TU00121	EG10359
CPLX0-7639	CPLX0-7639	TU00136	EG10319
CPLX0-7639	CPLX0-7639	TU00136	EG10320
CPLX0-7639	CPLX0-7639	TU00151	EG10286
CPLX0-7639	CPLX0-7639	TU00151	EG10287
CPLX0-7639	CPLX0-7639	TU00151	EG10288
CPLX0-7639	CPLX0-7639	TU00151	EG10289
CPLX0-7639	CPLX0-7639	TU00151	EG10290
CPLX0-7639	CPLX0-7639	TU00158	EG10649
CPLX0-7639	CPLX0-7639	TU00159	EG10357
CPLX0-7639	CPLX0-7639	TU00163	EG10262
CPLX0-7639	CPLX0-7639	TU00163	EG10293
CPLX0-7639	CPLX0-7639	TU00164	EG10294
CPLX0-7639	CPLX0-7639	TU00165	EG10295
CPLX0-7639	CPLX0-7639	TU00165	EG10296
CPLX0-7639	CPLX0-7639	TU00165	EG10298
CPLX0-7639	CPLX0-7639	TU00166	EG10259
CPLX0-7639	CPLX0-7639	TU00166	EG10260
CPLX0-7639	CPLX0-7639	TU00166	EG10261
CPLX0-7639	CPLX0-7639	TU00166	EG10263
CPLX0-7639	CPLX0-7639	TU00166	EG11105
CPLX0-7639	CPLX0-7639	TU00167	EG11012
CPLX0-7639	CPLX0-7639	TU00182	EG10403
CPLX0-7639	CPLX0-7639	TU00182	EG10404
CPLX0-7639	CPLX0-7639	TU00182	EG11514
CPLX0-7639	CPLX0-7639	TU00209	EG11221
CPLX0-7639	CPLX0-7639	TU00211	EG10958
CPLX0-7639	CPLX0-7639	TU00222	EG10674
CPLX0-7639	CPLX0-7639	TU00222	EG10675
CPLX0-7639	CPLX0-7639	TU00222	EG10676
CPLX0-7639	CPLX0-7639	TU00222	EG10677
CPLX0-7639	CPLX0-7639	TU00222	EG10678
CPLX0-7639	CPLX0-7639	TU00265	EG10271
CPLX0-7639	CPLX0-7639	TU00265	EG10272
CPLX0-7639	CPLX0-7639	TU00269	EG12101
CPLX0-7639	CPLX0-7639	TU00269	EG12102
CPLX0-7639	CPLX0-7639	TU00269	EG12933
CPLX0-7639	CPLX0-7639	TU00270	EG10264
CPLX0-7639	CPLX0-7639	TU00270	EG10297
CPLX0-7639	CPLX0-7639	TU00270	EG10299
CPLX0-7639	CPLX0-7639	TU00270	G0-10437
CPLX0-7639	CPLX0-7639	TU00442	EG10510
CPLX0-7639	CPLX0-7639	TU00456	EG10957
CPLX0-7639	CPLX0-7639	TU00460	EG10291
CPLX0-7639	CPLX0-7639	TU00460	EG10292
CPLX0-7639	CPLX0-7639	TU00523	EG10543
CPLX0-7639	CPLX0-7639	TU00524	EG10931
CPLX0-7639	CPLX0-7639	TU00524	EG10932
CPLX0-7639	CPLX0-7639	TU00524	EG10933
CPLX0-7639	CPLX0-7639	TU00524	EG10934
CPLX0-7639	CPLX0-7639	TU00524	EG10979
CPLX0-7639	CPLX0-7639	TU00524	EG10980
CPLX0-7639	CPLX0-7639	TU00524	EG10981
CPLX0-7639	CPLX0-7639	TU00524	EG10982
CPLX0-7639	CPLX0-7639	TU00524	G0-17009
CPLX0-7639	CPLX0-7639	TU00524	G6388
CPLX0-7639	CPLX0-7639	TU101	EG11066
CPLX0-7639	CPLX0-7639	TU101	EG20248
CPLX0-7639	CPLX0-7639	TU482	EG10016
CPLX0-7639	CPLX0-7639	TU482	EG11175
CPLX0-7639	CPLX0-7639	TU482	EG11176
CPLX0-7639	CPLX0-7639	TU482	EG12760
CPLX0-7639	CPLX0-7639	TU482	EG30069
CPLX0-7639	CPLX0-7639	TU5	G6709
CPLX0-7639	CPLX0-7639	TU5	G6710
CPLX0-7639	CPLX0-7639	TU5	G6711
CPLX0-7639	CPLX0-7639	TU5	G6712
CPLX0-7639	CPLX0-7639	TU5	G6713
CPLX0-7639	CPLX0-7639	TU5	G6714
CPLX0-7639	CPLX0-7639	TU5	G6715
CPLX0-7639	CPLX0-7639	TU5	G6716
CPLX0-7639	CPLX0-7639	TU5	G6717
CPLX0-7639	CPLX0-7639	TU5	G6718
CPLX0-7639	CPLX0-7639	TU5	G6719
CPLX0-7639	CPLX0-7639	TU587	EG11821
CPLX0-7639	CPLX0-7639	TU587	EG12191
CPLX0-7639	CPLX0-7639	TU65	G7072
CPLX0-7639	CPLX0-7639	TU681	EG10456
CPLX0-7650	CPLX0-7650	TU00128	EG10349
CPLX0-7650	CPLX0-7650	TU00128	EG10350
CPLX0-7650	CPLX0-7650	TU00128	EG10352
CPLX0-7650	CPLX0-7650	TU00128	EG10353
CPLX0-7650	CPLX0-7650	TU00128	EG10355
CPLX0-7650	CPLX0-7650	TU00135	EG10348
CPLX0-7650	CPLX0-7650	TU00135	EG10351
CPLX0-7669	CPLX0-7669	TU0-1201	EG10372
CPLX0-7669	CPLX0-7669	TU0-13935	EG10088
CPLX0-7669	CPLX0-7669	TU0-6403	EG10206
CPLX0-7669	CPLX0-7669	TU0-6404	EG11337
CPLX0-7669	CPLX0-7669	TU0-6443	EG10207
CPLX0-7669	CPLX0-7669	TU0-6552	EG10550
CPLX0-7669	CPLX0-7669	TU00047	EG10660
CPLX0-7669	CPLX0-7669	TU00047	EG10661
CPLX0-7669	CPLX0-7669	TU00047	EG12360
CPLX0-7669	CPLX0-7669	TU00185	EG10549
CPLX0-7669	CPLX0-7669	TU00259	EG10235
CPLX0-7669	CPLX0-7669	TU00259	EG10242
CPLX0-7669	CPLX0-7669	TU00259	EG10828
CPLX0-7671	CPLX0-7671	TU0-1341	EG10490
CPLX0-7671	CPLX0-7671	TU0-13799	EG11159
CPLX0-7672	CPLX0-7672	TU0-13420	G6999
CPLX0-7672	CPLX0-7672	TU0-42460	G0-10715
CPLX0-7672	CPLX0-7672	TU0-42460	G0-8881
CPLX0-7672	CPLX0-7672	TU0-45200	EG11415
CPLX0-7672	CPLX0-7672	TU0-7321	G7254
CPLX0-7672	CPLX0-7672	TU00176	EG11415
CPLX0-7678	CPLX0-7678	TU0-4623	EG12215
CPLX0-7680	CPLX0-7680	TU0-12881	G0-10434
CPLX0-7680	CPLX0-7680	TU0-12881	G6167
CPLX0-7680	CPLX0-7680	TU0-4604	EG12368
CPLX0-7680	CPLX0-7680	TU0-4604	G7018
CPLX0-7680	CPLX0-7680	TU0-4642	G7017
CPLX0-7680	CPLX0-7680	TU0-8330	G7061
CPLX0-7680	CPLX0-7680	TU0-8688	G6615
CPLX0-7681	CPLX0-7681	TU0-45226	EG13159
CPLX0-7681	CPLX0-7681	TU0-45226	G85
CPLX0-7681	CPLX0-7681	TU301	EG13159
CPLX0-7681	CPLX0-7681	TU301	G85
CPLX0-7689	CPLX0-7689	TU164	EG11961
CPLX0-7689	CPLX0-7689	TU164	EG11962
CPLX0-7689	CPLX0-7689	TU164	EG11963
CPLX0-7691	CPLX0-7691	TU0-45191	EG11811
CPLX0-7691	CPLX0-7691	TU00095	EG11811
CPLX0-7705	CPLX0-7705	TU0-1141	EG10787
CPLX0-7705	CPLX0-7705	TU0-1142	EG10787
CPLX0-7705	CPLX0-7705	TU0-1143	EG11784
CPLX0-7705	CPLX0-7705	TU0-1181	EG30008
CPLX0-7705	CPLX0-7705	TU0-1181	EG30043
CPLX0-7705	CPLX0-7705	TU0-1181	EG30070
CPLX0-7705	CPLX0-7705	TU0-1181	EG30077
CPLX0-7705	CPLX0-7705	TU0-1181	EG30084
CPLX0-7705	CPLX0-7705	TU0-1182	EG30032
CPLX0-7705	CPLX0-7705	TU0-1182	EG30071
CPLX0-7705	CPLX0-7705	TU0-1182	EG30078
CPLX0-7705	CPLX0-7705	TU0-1182	EG30085
CPLX0-7705	CPLX0-7705	TU0-1183	EG30033
CPLX0-7705	CPLX0-7705	TU0-1183	EG30072
CPLX0-7705	CPLX0-7705	TU0-1183	EG30079
CPLX0-7705	CPLX0-7705	TU0-1183	EG30086
CPLX0-7705	CPLX0-7705	TU0-1186	EG30034
CPLX0-7705	CPLX0-7705	TU0-1186	EG30074
CPLX0-7705	CPLX0-7705	TU0-1186	EG30081
CPLX0-7705	CPLX0-7705	TU0-1186	EG30088
CPLX0-7705	CPLX0-7705	TU0-1187	EG30035
CPLX0-7705	CPLX0-7705	TU0-1187	EG30075
CPLX0-7705	CPLX0-7705	TU0-1187	EG30082
CPLX0-7705	CPLX0-7705	TU0-1187	EG30089
CPLX0-7705	CPLX0-7705	TU0-1189	EG30010
CPLX0-7705	CPLX0-7705	TU0-1189	EG30045
CPLX0-7705	CPLX0-7705	TU0-1189	EG30076
CPLX0-7705	CPLX0-7705	TU0-1189	EG30083
CPLX0-7705	CPLX0-7705	TU0-1189	EG30090
CPLX0-7705	CPLX0-7705	TU0-1191	EG30009
CPLX0-7705	CPLX0-7705	TU0-1191	EG30044
CPLX0-7705	CPLX0-7705	TU0-1191	EG30073
CPLX0-7705	CPLX0-7705	TU0-1191	EG30080
CPLX0-7705	CPLX0-7705	TU0-1191	EG30087
CPLX0-7705	CPLX0-7705	TU0-1191	EG30091
CPLX0-7705	CPLX0-7705	TU0-1191	EG30103
CPLX0-7705	CPLX0-7705	TU0-13407	G6982
CPLX0-7705	CPLX0-7705	TU0-13407	G6983
CPLX0-7705	CPLX0-7705	TU0-13794	EG11158
CPLX0-7705	CPLX0-7705	TU0-13794	EG30099
CPLX0-7705	CPLX0-7705	TU0-14396	EG10164
CPLX0-7705	CPLX0-7705	TU0-14398	EG10164
CPLX0-7705	CPLX0-7705	TU0-14627	EG11018
CPLX0-7705	CPLX0-7705	TU0-14689	EG11158
CPLX0-7705	CPLX0-7705	TU0-14689	EG30099
CPLX0-7705	CPLX0-7705	TU0-14739	EG10668
CPLX0-7705	CPLX0-7705	TU0-1501	G6833
CPLX0-7705	CPLX0-7705	TU0-1581	EG10166
CPLX0-7705	CPLX0-7705	TU0-1601	EG10637
CPLX0-7705	CPLX0-7705	TU0-1601	G436
CPLX0-7705	CPLX0-7705	TU0-1601	G7675
CPLX0-7705	CPLX0-7705	TU0-1601	G7676
CPLX0-7705	CPLX0-7705	TU0-1601	G7677
CPLX0-7705	CPLX0-7705	TU0-1963	G7546
CPLX0-7705	CPLX0-7705	TU0-1981	EG11391
CPLX0-7705	CPLX0-7705	TU0-2501	EG11013
CPLX0-7705	CPLX0-7705	TU0-2504	EG11013
CPLX0-7705	CPLX0-7705	TU0-2603	EG10424
CPLX0-7705	CPLX0-7705	TU0-3341	G7596
CPLX0-7705	CPLX0-7705	TU0-36423	EG30099
CPLX0-7705	CPLX0-7705	TU0-36424	EG30099
CPLX0-7705	CPLX0-7705	TU0-3721	EG11448
CPLX0-7705	CPLX0-7705	TU0-3721	EG11942
CPLX0-7705	CPLX0-7705	TU0-3721	EG11943
CPLX0-7705	CPLX0-7705	TU0-3723	EG11448
CPLX0-7705	CPLX0-7705	TU0-3723	EG11942
CPLX0-7705	CPLX0-7705	TU0-3723	EG11943
CPLX0-7705	CPLX0-7705	TU0-3882	EG11612
CPLX0-7705	CPLX0-7705	TU0-3901	EG11508
CPLX0-7705	CPLX0-7705	TU0-42515	EG10116
CPLX0-7705	CPLX0-7705	TU0-42532	EG12193
CPLX0-7705	CPLX0-7705	TU0-42532	EG12194
CPLX0-7705	CPLX0-7705	TU0-42533	EG12193
CPLX0-7705	CPLX0-7705	TU0-42533	EG12194
CPLX0-7705	CPLX0-7705	TU0-42543	EG10637
CPLX0-7705	CPLX0-7705	TU0-45165	EG30008
CPLX0-7705	CPLX0-7705	TU0-45165	EG30043
CPLX0-7705	CPLX0-7705	TU0-45165	EG30070
CPLX0-7705	CPLX0-7705	TU0-45165	EG30077
CPLX0-7705	CPLX0-7705	TU0-45165	EG30084
CPLX0-7705	CPLX0-7705	TU0-45171	EG10468
CPLX0-7705	CPLX0-7705	TU0-45171	EG10469
CPLX0-7705	CPLX0-7705	TU0-45171	EG10470
CPLX0-7705	CPLX0-7705	TU0-45171	EG10471
CPLX0-7705	CPLX0-7705	TU0-45171	EG10472
CPLX0-7705	CPLX0-7705	TU0-45171	EG10473
CPLX0-7705	CPLX0-7705	TU0-45172	EG30099
CPLX0-7705	CPLX0-7705	TU0-45173	EG11158
CPLX0-7705	CPLX0-7705	TU0-45173	EG30099
CPLX0-7705	CPLX0-7705	TU0-45181	EG10031
CPLX0-7705	CPLX0-7705	TU0-45195	EG12193
CPLX0-7705	CPLX0-7705	TU0-45195	EG12194
CPLX0-7705	CPLX0-7705	TU0-45198	EG30035
CPLX0-7705	CPLX0-7705	TU0-45198	EG30075
CPLX0-7705	CPLX0-7705	TU0-45198	EG30082
CPLX0-7705	CPLX0-7705	TU0-45198	EG30089
CPLX0-7705	CPLX0-7705	TU0-45200	EG11415
CPLX0-7705	CPLX0-7705	TU0-45206	EG10424
CPLX0-7705	CPLX0-7705	TU0-45209	EG30033
CPLX0-7705	CPLX0-7705	TU0-45209	EG30072
CPLX0-7705	CPLX0-7705	TU0-45209	EG30079
CPLX0-7705	CPLX0-7705	TU0-45209	EG30086
CPLX0-7705	CPLX0-7705	TU0-45227	EG30009
CPLX0-7705	CPLX0-7705	TU0-45227	EG30044
CPLX0-7705	CPLX0-7705	TU0-45227	EG30073
CPLX0-7705	CPLX0-7705	TU0-45227	EG30080
CPLX0-7705	CPLX0-7705	TU0-45227	EG30087
CPLX0-7705	CPLX0-7705	TU0-45227	EG30091
CPLX0-7705	CPLX0-7705	TU0-45227	EG30103
CPLX0-7705	CPLX0-7705	TU0-45231	EG11490
CPLX0-7705	CPLX0-7705	TU0-45231	G6786
CPLX0-7705	CPLX0-7705	TU0-45234	EG11391
CPLX0-7705	CPLX0-7705	TU0-45241	EG11448
CPLX0-7705	CPLX0-7705	TU0-45241	EG11942
CPLX0-7705	CPLX0-7705	TU0-45241	EG11943
CPLX0-7705	CPLX0-7705	TU0-45258	G7596
CPLX0-7705	CPLX0-7705	TU0-45268	EG12243
CPLX0-7705	CPLX0-7705	TU0-45268	EG50009
CPLX0-7705	CPLX0-7705	TU0-45269	EG30010
CPLX0-7705	CPLX0-7705	TU0-45269	EG30045
CPLX0-7705	CPLX0-7705	TU0-45269	EG30076
CPLX0-7705	CPLX0-7705	TU0-45269	EG30083
CPLX0-7705	CPLX0-7705	TU0-45269	EG30090
CPLX0-7705	CPLX0-7705	TU0-45275	EG30032
CPLX0-7705	CPLX0-7705	TU0-45275	EG30071
CPLX0-7705	CPLX0-7705	TU0-45275	EG30078
CPLX0-7705	CPLX0-7705	TU0-45275	EG30085
CPLX0-7705	CPLX0-7705	TU0-45277	EG30034
CPLX0-7705	CPLX0-7705	TU0-45277	EG30074
CPLX0-7705	CPLX0-7705	TU0-45277	EG30081
CPLX0-7705	CPLX0-7705	TU0-45277	EG30088
CPLX0-7705	CPLX0-7705	TU0-45283	EG10044
CPLX0-7705	CPLX0-7705	TU0-4802	EG10114
CPLX0-7705	CPLX0-7705	TU0-4802	EG10115
CPLX0-7705	CPLX0-7705	TU0-4802	EG10116
CPLX0-7705	CPLX0-7705	TU0-5201	EG10047
CPLX0-7705	CPLX0-7705	TU0-5201	EG10048
CPLX0-7705	CPLX0-7705	TU0-5201	EG10523
CPLX0-7705	CPLX0-7705	TU0-5201	EG10691
CPLX0-7705	CPLX0-7705	TU0-5221	EG10523
CPLX0-7705	CPLX0-7705	TU0-5221	EG10691
CPLX0-7705	CPLX0-7705	TU0-5903	EG10383
CPLX0-7705	CPLX0-7705	TU0-5903	G0-17117
CPLX0-7705	CPLX0-7705	TU0-6223	EG10505
CPLX0-7705	CPLX0-7705	TU0-6223	EG10665
CPLX0-7705	CPLX0-7705	TU0-6223	EG10743
CPLX0-7705	CPLX0-7705	TU0-6223	EG10914
CPLX0-7705	CPLX0-7705	TU0-6223	EG11177
CPLX0-7705	CPLX0-7705	TU0-6223	EG11178
CPLX0-7705	CPLX0-7705	TU0-6223	EG11179
CPLX0-7705	CPLX0-7705	TU0-6223	EG30061
CPLX0-7705	CPLX0-7705	TU0-6409	EG10407
CPLX0-7705	CPLX0-7705	TU0-6507	EG10509
CPLX0-7705	CPLX0-7705	TU0-6569	EG10046
CPLX0-7705	CPLX0-7705	TU0-6981	G6825
CPLX0-7705	CPLX0-7705	TU0-7901	EG10592
CPLX0-7705	CPLX0-7705	TU0-7901	EG10594
CPLX0-7705	CPLX0-7705	TU0-8001	EG10389
CPLX0-7705	CPLX0-7705	TU00018	EG10219
CPLX0-7705	CPLX0-7705	TU00018	EG10220
CPLX0-7705	CPLX0-7705	TU00018	EG10221
CPLX0-7705	CPLX0-7705	TU00018	EG10222
CPLX0-7705	CPLX0-7705	TU00019	EG10232
CPLX0-7705	CPLX0-7705	TU00019	EG10233
CPLX0-7705	CPLX0-7705	TU00019	EG10234
CPLX0-7705	CPLX0-7705	TU00021	EG10317
CPLX0-7705	CPLX0-7705	TU00021	EG11311
CPLX0-7705	CPLX0-7705	TU00021	FIST
CPLX0-7705	CPLX0-7705	TU00029	EG10383
CPLX0-7705	CPLX0-7705	TU00029	EG10385
CPLX0-7705	CPLX0-7705	TU00029	EG10387
CPLX0-7705	CPLX0-7705	TU00029	G0-17117
CPLX0-7705	CPLX0-7705	TU00030	EG10391
CPLX0-7705	CPLX0-7705	TU00030	EG10392
CPLX0-7705	CPLX0-7705	TU00030	EG10393
CPLX0-7705	CPLX0-7705	TU00038	EG10554
CPLX0-7705	CPLX0-7705	TU00038	EG10555
CPLX0-7705	CPLX0-7705	TU00038	EG10556
CPLX0-7705	CPLX0-7705	TU00038	G0-17082
CPLX0-7705	CPLX0-7705	TU00044	EG10638
CPLX0-7705	CPLX0-7705	TU00044	EG10639
CPLX0-7705	CPLX0-7705	TU00044	EG10640
CPLX0-7705	CPLX0-7705	TU00044	EG10641
CPLX0-7705	CPLX0-7705	TU00045	EG10642
CPLX0-7705	CPLX0-7705	TU00045	G0-17088
CPLX0-7705	CPLX0-7705	TU00046	EG10188
CPLX0-7705	CPLX0-7705	TU00046	EG10653
CPLX0-7705	CPLX0-7705	TU00046	EG10654
CPLX0-7705	CPLX0-7705	TU00046	EG10655
CPLX0-7705	CPLX0-7705	TU00047	EG10660
CPLX0-7705	CPLX0-7705	TU00047	EG10661
CPLX0-7705	CPLX0-7705	TU00047	EG12360
CPLX0-7705	CPLX0-7705	TU00061	EG10807
CPLX0-7705	CPLX0-7705	TU00101	EG10178
CPLX0-7705	CPLX0-7705	TU00101	EG10179
CPLX0-7705	CPLX0-7705	TU00101	EG10180
CPLX0-7705	CPLX0-7705	TU00101	EG10181
CPLX0-7705	CPLX0-7705	TU00101	EG10182
CPLX0-7705	CPLX0-7705	TU00110	EG10134
CPLX0-7705	CPLX0-7705	TU00110	EG10135
CPLX0-7705	CPLX0-7705	TU00119	EG10164
CPLX0-7705	CPLX0-7705	TU00138	EG12292
CPLX0-7705	CPLX0-7705	TU00139	EG10457
CPLX0-7705	CPLX0-7705	TU00140	EG10423
CPLX0-7705	CPLX0-7705	TU00158	EG10649
CPLX0-7705	CPLX0-7705	TU00159	EG10357
CPLX0-7705	CPLX0-7705	TU00176	EG11415
CPLX0-7705	CPLX0-7705	TU00190	EG11434
CPLX0-7705	CPLX0-7705	TU00190	EG11435
CPLX0-7705	CPLX0-7705	TU00190	EG11599
CPLX0-7705	CPLX0-7705	TU00193	EG10615
CPLX0-7705	CPLX0-7705	TU00193	EG10616
CPLX0-7705	CPLX0-7705	TU00193	EG11965
CPLX0-7705	CPLX0-7705	TU00198	EG10031
CPLX0-7705	CPLX0-7705	TU00199	EG11781
CPLX0-7705	CPLX0-7705	TU00199	EG11945
CPLX0-7705	CPLX0-7705	TU00199	EG11946
CPLX0-7705	CPLX0-7705	TU00199	EG11947
CPLX0-7705	CPLX0-7705	TU00199	EG11948
CPLX0-7705	CPLX0-7705	TU00199	EG11949
CPLX0-7705	CPLX0-7705	TU00199	EG11950
CPLX0-7705	CPLX0-7705	TU00205	EG10420
CPLX0-7705	CPLX0-7705	TU00205	EG10421
CPLX0-7705	CPLX0-7705	TU00205	GUSAT1
CPLX0-7705	CPLX0-7705	TU00215	EG10278
CPLX0-7705	CPLX0-7705	TU00215	EG10279
CPLX0-7705	CPLX0-7705	TU00216	EG10399
CPLX0-7705	CPLX0-7705	TU00216	EG10401
CPLX0-7705	CPLX0-7705	TU00288	EG10468
CPLX0-7705	CPLX0-7705	TU00288	EG10469
CPLX0-7705	CPLX0-7705	TU00288	EG10470
CPLX0-7705	CPLX0-7705	TU00288	EG10471
CPLX0-7705	CPLX0-7705	TU00288	EG10472
CPLX0-7705	CPLX0-7705	TU00288	EG10473
CPLX0-7705	CPLX0-7705	TU00336	EG10874
CPLX0-7705	CPLX0-7705	TU00336	EG10908
CPLX0-7705	CPLX0-7705	TU00374	EG12275
CPLX0-7705	CPLX0-7705	TU00374	EG12276
CPLX0-7705	CPLX0-7705	TU00374	EG20252
CPLX0-7705	CPLX0-7705	TU00374	EG20253
CPLX0-7705	CPLX0-7705	TU00380	EG10701
CPLX0-7705	CPLX0-7705	TU00398	EG10044
CPLX0-7705	CPLX0-7705	TU00430	EG11022
CPLX0-7705	CPLX0-7705	TU00448	EG11773
CPLX0-7705	CPLX0-7705	TU00448	EG11774
CPLX0-7705	CPLX0-7705	TU00448	EG12082
CPLX0-7705	CPLX0-7705	TU00448	EG12083
CPLX0-7705	CPLX0-7705	TU00448	EG12084
CPLX0-7705	CPLX0-7705	TU00448	EG12086
CPLX0-7705	CPLX0-7705	TU00448	EG12087
CPLX0-7705	CPLX0-7705	TU00448	EG12088
CPLX0-7705	CPLX0-7705	TU00448	EG12089
CPLX0-7705	CPLX0-7705	TU00448	EG12090
CPLX0-7705	CPLX0-7705	TU00448	EG12091
CPLX0-7705	CPLX0-7705	TU00448	EG12092
CPLX0-7705	CPLX0-7705	TU00448	EG12093
CPLX0-7705	CPLX0-7705	TU00489	EG30025
CPLX0-7705	CPLX0-7705	TU00490	EG30104
CPLX0-7705	CPLX0-7705	TU00491	EG30014
CPLX0-7705	CPLX0-7705	TU00492	EG30055
CPLX0-7705	CPLX0-7705	TU00492	EG30057
CPLX0-7705	CPLX0-7705	TU00492	EG30109
CPLX0-7705	CPLX0-7705	TU00494	EG30067
CPLX0-7705	CPLX0-7705	TU00495	EG30056
CPLX0-7705	CPLX0-7705	TU00495	EG30110
CPLX0-7705	CPLX0-7705	TU00495	EG30113
CPLX0-7705	CPLX0-7705	TU00495	EG30114
CPLX0-7705	CPLX0-7705	TU00500	EG30016
CPLX0-7705	CPLX0-7705	TU00501	EG30065
CPLX0-7705	CPLX0-7705	TU00503	EG30017
CPLX0-7705	CPLX0-7705	TU00503	EG30042
CPLX0-7705	CPLX0-7705	TU00503	EG30049
CPLX0-7705	CPLX0-7705	TU00503	EG30068
CPLX0-7705	CPLX0-7705	TU00504	EG11037
CPLX0-7705	CPLX0-7705	TU00504	EG30036
CPLX0-7705	CPLX0-7705	TU00504	EG30101
CPLX0-7705	CPLX0-7705	TU00504	EG30102
CPLX0-7705	CPLX0-7705	TU00504	EG30107
CPLX0-7705	CPLX0-7705	TU00506	EG30053
CPLX0-7705	CPLX0-7705	TU00507	EG30028
CPLX0-7705	CPLX0-7705	TU00507	EG30029
CPLX0-7705	CPLX0-7705	TU00507	EG30030
CPLX0-7705	CPLX0-7705	TU00507	EG30031
CPLX0-7705	CPLX0-7705	TU00507	EG30052
CPLX0-7705	CPLX0-7705	TU00507	EG30058
CPLX0-7705	CPLX0-7705	TU00507	EG30059
CPLX0-7705	CPLX0-7705	TU00509	EG30093
CPLX0-7705	CPLX0-7705	TU00510	EG30097
CPLX0-7705	CPLX0-7705	TU00511	EG11016
CPLX0-7705	CPLX0-7705	TU00511	EG30106
CPLX0-7705	CPLX0-7705	TU00511	EG30108
CPLX0-7705	CPLX0-7705	TU00514	EG30011
CPLX0-7705	CPLX0-7705	TU00514	EG30012
CPLX0-7705	CPLX0-7705	TU00516	EG30037
CPLX0-7705	CPLX0-7705	TU00517	EG10505
CPLX0-7705	CPLX0-7705	TU00517	EG10665
CPLX0-7705	CPLX0-7705	TU00517	EG11179
CPLX0-7705	CPLX0-7705	TU00517	EG30061
CPLX0-7705	CPLX0-7705	TU00519	EG30066
CPLX0-7705	CPLX0-7705	TU00520	EG30064
CPLX0-7705	CPLX0-7705	TU00521	EG30047
CPLX0-7705	CPLX0-7705	TU00521	EG30048
CPLX0-7705	CPLX0-7705	TU00521	EG30051
CPLX0-7705	CPLX0-7705	TU00523	EG10543
CPLX0-7705	CPLX0-7705	TU182	EG10308
CPLX0-7705	CPLX0-7705	TU182	EG10310
CPLX0-7705	CPLX0-7705	TU182	EG10311
CPLX0-7705	CPLX0-7705	TU182	EG10313
CPLX0-7705	CPLX0-7705	TU182	EG10314
CPLX0-7705	CPLX0-7705	TU182	EG10315
CPLX0-7705	CPLX0-7705	TU182	EG11974
CPLX0-7705	CPLX0-7705	TU182	G0-17115
CPLX0-7705	CPLX0-7705	TU241	EG11433
CPLX0-7705	CPLX0-7705	TU343	EG30061
CPLX0-7705	CPLX0-7705	TU343	METYT1
CPLX0-7705	CPLX0-7705	TU343	METYT2
CPLX0-7705	CPLX0-7705	TU369	EG11490
CPLX0-7705	CPLX0-7705	TU369	G6786
CPLX0-7705	CPLX0-7705	TU486	EG10466
CPLX0-7705	CPLX0-7705	TU488	EG10467
CPLX0-7705	CPLX0-7705	TU489	EG10467
CPLX0-7705	CPLX0-7705	TU522	EG10571
CPLX0-7705	CPLX0-7705	TU522	EG10572
CPLX0-7705	CPLX0-7705	TU522	EG11249
CPLX0-7705	CPLX0-7705	TU523	EG10571
CPLX0-7705	CPLX0-7705	TU523	EG10572
CPLX0-7705	CPLX0-7705	TU523	EG11249
CPLX0-7705	CPLX0-7705	TU543	EG30069
CPLX0-7705	CPLX0-7705	TU581	G6619
CPLX0-7705	CPLX0-7705	TU586	EG12243
CPLX0-7705	CPLX0-7705	TU586	EG50009
CPLX0-7705	CPLX0-7705	TU593	EG10235
CPLX0-7705	CPLX0-7705	TU593	EG10242
CPLX0-7705	CPLX0-7705	TU593	EG10828
CPLX0-7705	CPLX0-7705	TU796	EG12316
CPLX0-7705	CPLX0-7705	TU871	EG10812
CPLX0-7707	CPLX0-7707	TU00308	EG11519
CPLX0-7707	CPLX0-7707	TU00308	EG12075
CPLX0-7707	CPLX0-7707	TU00308	EG12076
CPLX0-7707	CPLX0-7707	TU00308	EG12077
CPLX0-7707	CPLX0-7707	TU00308	EG12078
CPLX0-7707	CPLX0-7707	TU00308	EG12079
CPLX0-7708	CPLX0-7708	TU0-3122	G6260
CPLX0-7708	CPLX0-7708	TU0-3124	EG12318
CPLX0-7708	CPLX0-7708	TU00300	EG11595
CPLX0-7708	CPLX0-7708	TU00300	EG11596
CPLX0-7708	CPLX0-7708	TU00300	EG11597
CPLX0-7708	CPLX0-7708	TU00300	EG11598
CPLX0-7708	CPLX0-7708	TU00300	EG11666
CPLX0-7710	CPLX0-7710	TU00190	EG11434
CPLX0-7710	CPLX0-7710	TU00190	EG11435
CPLX0-7710	CPLX0-7710	TU00190	EG11599
CPLX0-7714	CPLX0-7714	TU00148	EG10249
CPLX0-7714	CPLX0-7714	TU00148	EG10250
CPLX0-7714	CPLX0-7714	TU00149	EG13161
CPLX0-7714	CPLX0-7714	TU00375	EG10249
CPLX0-7715	CPLX0-7715	TU0-45235	EG10503
CPLX0-7715	CPLX0-7715	TU00033	EG10503
CPLX0-7715	CPLX0-7715	TU00090	EG10495
CPLX0-7721	CPLX0-7721	TU0-1461	EG20044
CPLX0-7721	CPLX0-7721	TU0-14751	G6345
CPLX0-7721	CPLX0-7721	TU0-14751	G6346
CPLX0-7721	CPLX0-7721	TU0-45225	EG10330
CPLX0-7721	CPLX0-7721	TU0-45225	EG10331
CPLX0-7721	CPLX0-7721	TU0-45225	EG10332
CPLX0-7721	CPLX0-7721	TU0-45225	EG10333
CPLX0-7721	CPLX0-7721	TU0-4562	EG10006
CPLX0-7721	CPLX0-7721	TU0-4562	EG10357
CPLX0-7721	CPLX0-7721	TU0-6021	EG10095
CPLX0-7721	CPLX0-7721	TU0-6021	EG11225
CPLX0-7721	CPLX0-7721	TU0-6021	G0-17100
CPLX0-7721	CPLX0-7721	TU00023	EG10330
CPLX0-7721	CPLX0-7721	TU00023	EG10331
CPLX0-7721	CPLX0-7721	TU00023	EG10332
CPLX0-7721	CPLX0-7721	TU00023	EG10333
CPLX0-7721	CPLX0-7721	TU00141	EG10688
CPLX0-7721	CPLX0-7721	TU00160	EG10095
CPLX0-7731	CPLX0-7731	TU4	G6708
CPLX0-7731	CPLX0-7731	TU5	G6709
CPLX0-7731	CPLX0-7731	TU5	G6710
CPLX0-7731	CPLX0-7731	TU5	G6711
CPLX0-7731	CPLX0-7731	TU5	G6712
CPLX0-7731	CPLX0-7731	TU5	G6713
CPLX0-7731	CPLX0-7731	TU5	G6714
CPLX0-7731	CPLX0-7731	TU5	G6715
CPLX0-7731	CPLX0-7731	TU5	G6716
CPLX0-7731	CPLX0-7731	TU5	G6717
CPLX0-7731	CPLX0-7731	TU5	G6718
CPLX0-7731	CPLX0-7731	TU5	G6719
CPLX0-7731	CPLX0-7731	TU7	G6720
CPLX0-7731	CPLX0-7731	TU7	G6721
CPLX0-7733	CPLX0-7733	TU0-14262	EG10093
CPLX0-7733	CPLX0-7733	TU0-14262	EG11199
CPLX0-7733	CPLX0-7733	TU0-14263	EG10093
CPLX0-7733	CPLX0-7733	TU0-14263	EG10375
CPLX0-7733	CPLX0-7733	TU0-14263	EG11199
CPLX0-7733	CPLX0-7733	TU00112	EG10091
CPLX0-7733	CPLX0-7733	TU00113	EG10093
CPLX0-7734	CPLX0-7734	TU00239	EG12235
CPLX0-7734	CPLX0-7734	TU00239	EG12236
CPLX0-7734	CPLX0-7734	TU00239	EG12237
CPLX0-7740	CPLX0-7740	TU0-13121	G6542
CPLX0-7740	CPLX0-7740	TU0-5961	EG10200
CPLX0-7740	CPLX0-7740	TU00018	EG10219
CPLX0-7740	CPLX0-7740	TU00018	EG10220
CPLX0-7740	CPLX0-7740	TU00018	EG10221
CPLX0-7740	CPLX0-7740	TU00018	EG10222
CPLX0-7740	CPLX0-7740	TU00083	EG10897
CPLX0-7740	CPLX0-7740	TU00084	EG10897
CPLX0-7740	CPLX0-7740	TU00129	EG10664
CPLX0-7740	CPLX0-7740	TU00134	EG11045
CPLX0-7740	CPLX0-7740	TU00147	EG11971
CPLX0-7740	CPLX0-7740	TU00427	EG10897
CPLX0-7740	CPLX0-7740	TU00450	EG11035
CPLX0-7740	CPLX0-7740	TU00464	EG10757
CPLX0-7740	CPLX0-7740	TU00465	EG10757
CPLX0-7740	CPLX0-7740	TU00466	EG10757
CPLX0-7740	CPLX0-7740	TU841	EG10137
CPLX0-7745	CPLX0-7745	TU0-13624	G7262
CPLX0-7745	CPLX0-7745	TU0-14714	G7263
CPLX0-7745	CPLX0-7745	TU0-14714	G7264
CPLX0-7745	CPLX0-7745	TU0-14715	G7263
CPLX0-7745	CPLX0-7745	TU0-14715	G7264
CPLX0-7745	CPLX0-7745	TU0-45167	G7262
CPLX0-7745	CPLX0-7745	TU0-45211	G7263
CPLX0-7745	CPLX0-7745	TU0-45211	G7264
CPLX0-7748	CPLX0-7748	TU-8381	G6939
CPLX0-7748	CPLX0-7748	TU-8381	SPY-TERMINATOR
CPLX0-7748	CPLX0-7748	TU0-1041	G0-16649
CPLX0-7748	CPLX0-7748	TU0-1041	G7816
CPLX0-7748	CPLX0-7748	TU0-1061	EG11297
CPLX0-7748	CPLX0-7748	TU0-1061	EG11831
CPLX0-7748	CPLX0-7748	TU0-12943	EG10439
CPLX0-7748	CPLX0-7748	TU0-12943	EG12429
CPLX0-7748	CPLX0-7748	TU0-13090	EG11253
CPLX0-7748	CPLX0-7748	TU0-13105	EG11113
CPLX0-7748	CPLX0-7748	TU0-13115	G6525
CPLX0-7748	CPLX0-7748	TU0-13138	G6571
CPLX0-7748	CPLX0-7748	TU0-13308	EG11643
CPLX0-7748	CPLX0-7748	TU0-13370	G0-8863
CPLX0-7748	CPLX0-7748	TU0-13436	EG11806
CPLX0-7748	CPLX0-7748	TU0-13506	G0-8878
CPLX0-7748	CPLX0-7748	TU0-13709	G7396
CPLX0-7748	CPLX0-7748	TU0-14155	G7851
CPLX0-7748	CPLX0-7748	TU0-14226	EG10950
CPLX0-7748	CPLX0-7748	TU0-14282	G7033
CPLX0-7748	CPLX0-7748	TU0-14286	G7609
CPLX0-7748	CPLX0-7748	TU0-14286	G7610
CPLX0-7748	CPLX0-7748	TU0-14793	EG10014
CPLX0-7748	CPLX0-7748	TU0-3	EG10020
CPLX0-7748	CPLX0-7748	TU0-3	EG10163
CPLX0-7748	CPLX0-7748	TU0-3423	EG10952
CPLX0-7748	CPLX0-7748	TU0-3424	EG10775
CPLX0-7748	CPLX0-7748	TU0-3424	G7840
CPLX0-7748	CPLX0-7748	TU0-3425	EG11665
CPLX0-7748	CPLX0-7748	TU0-3426	EG10928
CPLX0-7748	CPLX0-7748	TU0-3426	G6227
CPLX0-7748	CPLX0-7748	TU0-4141	EG11070
CPLX0-7748	CPLX0-7748	TU0-4146	EG10316
CPLX0-7748	CPLX0-7748	TU0-4146	EG10455
CPLX0-7748	CPLX0-7748	TU0-4146	EG10545
CPLX0-7748	CPLX0-7748	TU0-4146	EG11284
CPLX0-7748	CPLX0-7748	TU0-42608	G7395
CPLX0-7748	CPLX0-7748	TU0-42608	G7396
CPLX0-7748	CPLX0-7748	TU0-45184	G0-8878
CPLX0-7748	CPLX0-7748	TU0-45185	G0-8878
CPLX0-7748	CPLX0-7748	TU0-45218	EG10897
CPLX0-7748	CPLX0-7748	TU0-45224	EG11489
CPLX0-7748	CPLX0-7748	TU0-45224	G6547
CPLX0-7748	CPLX0-7748	TU0-45224	G6548
CPLX0-7748	CPLX0-7748	TU0-45229	EG10671
CPLX0-7748	CPLX0-7748	TU0-45257	G6543
CPLX0-7748	CPLX0-7748	TU0-45257	G6544
CPLX0-7748	CPLX0-7748	TU0-45257	G6545
CPLX0-7748	CPLX0-7748	TU0-45257	G6546
CPLX0-7748	CPLX0-7748	TU0-45281	EG10020
CPLX0-7748	CPLX0-7748	TU0-45281	EG10163
CPLX0-7748	CPLX0-7748	TU0-6003	EG11712
CPLX0-7748	CPLX0-7748	TU0-6515	EG11058
CPLX0-7748	CPLX0-7748	TU0-6622	G6242
CPLX0-7748	CPLX0-7748	TU0-7	EG11034
CPLX0-7748	CPLX0-7748	TU0-7881	EG11617
CPLX0-7748	CPLX0-7748	TU0-7881	EG11618
CPLX0-7748	CPLX0-7748	TU0-7881	EG12136
CPLX0-7748	CPLX0-7748	TU0-7881	G7113
CPLX0-7748	CPLX0-7748	TU0-7881	G7114
CPLX0-7748	CPLX0-7748	TU0-7881	G7115
CPLX0-7748	CPLX0-7748	TU00009	AROGT1
CPLX0-7748	CPLX0-7748	TU00009	EG10079
CPLX0-7748	CPLX0-7748	TU00049	EG10670
CPLX0-7748	CPLX0-7748	TU00049	OMPC_TERMINATOR
CPLX0-7748	CPLX0-7748	TU00050	EG10671
CPLX0-7748	CPLX0-7748	TU00109	EG10134
CPLX0-7748	CPLX0-7748	TU00109	EG10135
CPLX0-7748	CPLX0-7748	TU00190	EG11434
CPLX0-7748	CPLX0-7748	TU00190	EG11435
CPLX0-7748	CPLX0-7748	TU00190	EG11599
CPLX0-7748	CPLX0-7748	TU00303	EG10146
CPLX0-7748	CPLX0-7748	TU00303	EG10149
CPLX0-7748	CPLX0-7748	TU00303	EG10601
CPLX0-7748	CPLX0-7748	TU00303	EG10602
CPLX0-7748	CPLX0-7748	TU00303	G0-17103
CPLX0-7748	CPLX0-7748	TU00378	EG10701
CPLX0-7748	CPLX0-7748	TU00378	EG11258
CPLX0-7748	CPLX0-7748	TU00390	EG11489
CPLX0-7748	CPLX0-7748	TU00390	G6547
CPLX0-7748	CPLX0-7748	TU00390	G6548
CPLX0-7748	CPLX0-7748	TU00392	G6543
CPLX0-7748	CPLX0-7748	TU00392	G6544
CPLX0-7748	CPLX0-7748	TU00392	G6545
CPLX0-7748	CPLX0-7748	TU00392	G6546
CPLX0-7748	CPLX0-7748	TU00426	EG10897
CPLX0-7748	CPLX0-7748	TU00463	EG10757
CPLX0-7748	CPLX0-7748	TU281	EG11897
CPLX0-7748	CPLX0-7748	TU281	EG12341
CPLX0-7748	CPLX0-7748	TU281	G0-16690
CPLX0-7748	CPLX0-7748	TU281	G7347
CPLX0-7748	CPLX0-7748	TU281	G7348
CPLX0-7748	CPLX0-7748	TU584	EG10463
CPLX0-7752	CPLX0-7752	TU0-8221	EG10584
CPLX0-7752	CPLX0-7752	TU0-8223	EG10591
CPLX0-7752	CPLX0-7752	TU0-8224	EG10591
CPLX0-7752	CPLX0-7752	TU00192	EG10408
CPLX0-7752	CPLX0-7752	TU00192	GLYA_TERMINATOR
CPLX0-7754	CPLX0-7754	TU00130	EG11054
CPLX0-7754	CPLX0-7754	TU00130	G0-17104
CPLX0-7756	CPLX0-7756	TU-8441	G7866
CPLX0-7756	CPLX0-7756	TU-8443	EG11287
CPLX0-7756	CPLX0-7756	TU0-12839	EG11648
CPLX0-7756	CPLX0-7756	TU0-12900	G6206
CPLX0-7756	CPLX0-7756	TU0-13070	G0-8880
CPLX0-7756	CPLX0-7756	TU0-13249	EG11310
CPLX0-7756	CPLX0-7756	TU0-13359	G6892
CPLX0-7756	CPLX0-7756	TU0-13407	G6982
CPLX0-7756	CPLX0-7756	TU0-13407	G6983
CPLX0-7756	CPLX0-7756	TU0-13667	EG11371
CPLX0-7756	CPLX0-7756	TU0-13667	EG11372
CPLX0-7756	CPLX0-7756	TU0-13922	EG11262
CPLX0-7756	CPLX0-7756	TU0-13999	EG11266
CPLX0-7756	CPLX0-7756	TU0-14039	EG10840
CPLX0-7756	CPLX0-7756	TU0-14039	EG11295
CPLX0-7756	CPLX0-7756	TU0-14039	EG11451
CPLX0-7756	CPLX0-7756	TU0-14039	EG11452
CPLX0-7756	CPLX0-7756	TU0-14039	EG11453
CPLX0-7756	CPLX0-7756	TU0-14039	EG11454
CPLX0-7756	CPLX0-7756	TU0-14039	EG11455
CPLX0-7756	CPLX0-7756	TU0-14039	EG11456
CPLX0-7756	CPLX0-7756	TU0-14039	EG11457
CPLX0-7756	CPLX0-7756	TU0-14039	EG11458
CPLX0-7756	CPLX0-7756	TU0-14039	EG11486
CPLX0-7756	CPLX0-7756	TU0-14039	G7800
CPLX0-7756	CPLX0-7756	TU0-14171	G7880
CPLX0-7756	CPLX0-7756	TU0-14257	EG10440
CPLX0-7756	CPLX0-7756	TU0-14257	EG10506
CPLX0-7756	CPLX0-7756	TU0-14257	EG10709
CPLX0-7756	CPLX0-7756	TU0-14257	EG10710
CPLX0-7756	CPLX0-7756	TU0-14257	EG10881
CPLX0-7756	CPLX0-7756	TU0-14257	EG11001
CPLX0-7756	CPLX0-7756	TU0-14257	EG11231
CPLX0-7756	CPLX0-7756	TU0-14257	EG11272
CPLX0-7756	CPLX0-7756	TU0-14258	EG12108
CPLX0-7756	CPLX0-7756	TU0-1681	EG10954
CPLX0-7756	CPLX0-7756	TU0-2621	EG11378
CPLX0-7756	CPLX0-7756	TU0-2621	G6905
CPLX0-7756	CPLX0-7756	TU0-2621	G6906
CPLX0-7756	CPLX0-7756	TU0-2621	G6907
CPLX0-7756	CPLX0-7756	TU0-2621	G6908
CPLX0-7756	CPLX0-7756	TU0-2621	G6909
CPLX0-7756	CPLX0-7756	TU0-3423	EG10952
CPLX0-7756	CPLX0-7756	TU0-42548	G6706
CPLX0-7756	CPLX0-7756	TU0-42650	EG10754
CPLX0-7756	CPLX0-7756	TU0-42650	G6456
CPLX0-7756	CPLX0-7756	TU0-42650	G6457
CPLX0-7756	CPLX0-7756	TU0-45254	EG10024
CPLX0-7756	CPLX0-7756	TU0-45254	EG10025
CPLX0-7756	CPLX0-7756	TU0-6634	EG10024
CPLX0-7756	CPLX0-7756	TU0-6634	EG10025
CPLX0-7756	CPLX0-7756	TU0-7021	G6456
CPLX0-7756	CPLX0-7756	TU0-7021	G6457
CPLX0-7756	CPLX0-7756	TU0-8344	EG10301
CPLX0-7756	CPLX0-7756	TU0-8344	EG10483
CPLX0-7756	CPLX0-7756	TU0-8344	EG10484
CPLX0-7756	CPLX0-7756	TU0-8344	EG10485
CPLX0-7756	CPLX0-7756	TU0-8344	EG10486
CPLX0-7756	CPLX0-7756	TU0-8344	EG10487
CPLX0-7756	CPLX0-7756	TU0-8795	G7961
CPLX0-7756	CPLX0-7756	TU0-8805	EG12181
CPLX0-7756	CPLX0-7756	TU00149	EG13161
CPLX0-7756	CPLX0-7756	TU00153	EG10474
CPLX0-7756	CPLX0-7756	TU00153	EG10475
CPLX0-7756	CPLX0-7756	TU00153	EG10476
CPLX0-7756	CPLX0-7756	TU00153	EG10477
CPLX0-7756	CPLX0-7756	TU00153	EG10478
CPLX0-7756	CPLX0-7756	TU00153	EG10479
CPLX0-7756	CPLX0-7756	TU00153	EG10480
CPLX0-7756	CPLX0-7756	TU00153	EG10481
CPLX0-7756	CPLX0-7756	TU00153	G7414
CPLX0-7756	CPLX0-7756	TU00154	EG10483
CPLX0-7756	CPLX0-7756	TU00154	EG10484
CPLX0-7756	CPLX0-7756	TU00154	EG10485
CPLX0-7756	CPLX0-7756	TU00154	EG10486
CPLX0-7756	CPLX0-7756	TU00154	EG10487
CPLX0-7756	CPLX0-7756	TU00158	EG10649
CPLX0-7756	CPLX0-7756	TU00181	EG10547
CPLX0-7756	CPLX0-7756	TU00199	EG11781
CPLX0-7756	CPLX0-7756	TU00199	EG11945
CPLX0-7756	CPLX0-7756	TU00199	EG11946
CPLX0-7756	CPLX0-7756	TU00199	EG11947
CPLX0-7756	CPLX0-7756	TU00199	EG11948
CPLX0-7756	CPLX0-7756	TU00199	EG11949
CPLX0-7756	CPLX0-7756	TU00199	EG11950
CPLX0-7756	CPLX0-7756	TU00302	EG10153
CPLX0-7756	CPLX0-7756	TU00302	EG10154
CPLX0-7756	CPLX0-7756	TU00364	EG11883
CPLX0-7756	CPLX0-7756	TU00364	EG11884
CPLX0-7756	CPLX0-7756	TU00366	EG10506
CPLX0-7756	CPLX0-7756	TU00366	EG11001
CPLX0-7756	CPLX0-7756	TU00415	EG11355
CPLX0-7756	CPLX0-7756	TU00415	EG11356
CPLX0-7756	CPLX0-7756	TU00415	G7039
CPLX0-7756	CPLX0-7756	TU00471	EG11355
CPLX0-7756	CPLX0-7756	TU00471	EG11356
CPLX0-7756	CPLX0-7756	TU00471	G7039
CPLX0-7756	CPLX0-7756	TU681	EG10456
CPLX0-7756	CPLX0-7756	TU841	EG10137
CPLX0-7759	CPLX0-7759	TU00042	EG10587
CPLX0-7759	CPLX0-7759	TU00192	EG10408
CPLX0-7759	CPLX0-7759	TU00192	GLYA_TERMINATOR
CPLX0-7759	CPLX0-7759	TU681	EG10456
CPLX0-7787	CPLX0-7787	TU0-12849	G6109
CPLX0-7787	CPLX0-7787	TU0-12849	G6110
CPLX0-7787	CPLX0-7787	TU0-14576	EG12179
CPLX0-7791	CPLX0-7791	TU0-14381	EG10836
CPLX0-7791	CPLX0-7791	TU0-14381	EG11130
CPLX0-7791	CPLX0-7791	TU0-14381	EG11131
CPLX0-7795	CPLX0-7795	TU0-14746	EG12734
CPLX0-7795	CPLX0-7795	TU0-14746	G81
CPLX0-7795	CPLX0-7795	TU00035	EG10513
CPLX0-7795	CPLX0-7795	TU00035	EG10514
CPLX0-7795	CPLX0-7795	TU00035	EG10515
CPLX0-7795	CPLX0-7795	TU00035	G0-10439
CPLX0-7796	CPLX0-7796	TU0-13539	EG11290
CPLX0-7796	CPLX0-7796	TU0-13539	EG11375
CPLX0-7796	CPLX0-7796	TU0-1783	EG10589
CPLX0-7796	CPLX0-7796	TU0-2302	EG11504
CPLX0-7796	CPLX0-7796	TU0-2302	EG11621
CPLX0-7796	CPLX0-7796	TU0-2302	EG11737
CPLX0-7796	CPLX0-7796	TU0-3741	EG10582
CPLX0-7796	CPLX0-7796	TU0-3741	EG10590
CPLX0-7796	CPLX0-7796	TU0-45188	EG10589
CPLX0-7796	CPLX0-7796	TU0-8221	EG10584
CPLX0-7796	CPLX0-7796	TU0-8223	EG10591
CPLX0-7796	CPLX0-7796	TU0-8224	EG10591
CPLX0-7796	CPLX0-7796	TU00041	EG10581
CPLX0-7796	CPLX0-7796	TU00074	EG11384
CPLX0-7796	CPLX0-7796	TU00074	EG11385
CPLX0-7796	CPLX0-7796	TU00191	EG10583
CPLX0-7796	CPLX0-7796	TU00218	EG10585
CPLX0-7797	CPLX0-7797	TU-8382	EG11241
CPLX0-7797	CPLX0-7797	TU-8399	G7035
CPLX0-7797	CPLX0-7797	TU-8441	G7866
CPLX0-7797	CPLX0-7797	TU-8443	EG11287
CPLX0-7797	CPLX0-7797	TU0-1143	EG11784
CPLX0-7797	CPLX0-7797	TU0-1201	EG10372
CPLX0-7797	CPLX0-7797	TU0-12993	G6331
CPLX0-7797	CPLX0-7797	TU0-13000	G6345
CPLX0-7797	CPLX0-7797	TU0-13000	G6346
CPLX0-7797	CPLX0-7797	TU0-13156	G6600
CPLX0-7797	CPLX0-7797	TU0-13209	G0-16737
CPLX0-7797	CPLX0-7797	TU0-13209	G6643
CPLX0-7797	CPLX0-7797	TU0-13209	G6644
CPLX0-7797	CPLX0-7797	TU0-13312	G6815
CPLX0-7797	CPLX0-7797	TU0-13965	EG12244
CPLX0-7797	CPLX0-7797	TU0-14031	EG11730
CPLX0-7797	CPLX0-7797	TU0-14031	EG11731
CPLX0-7797	CPLX0-7797	TU0-14433	EG12242
CPLX0-7797	CPLX0-7797	TU0-14433	EG12243
CPLX0-7797	CPLX0-7797	TU0-14675	G6897
CPLX0-7797	CPLX0-7797	TU0-14675	G6898
CPLX0-7797	CPLX0-7797	TU0-14675	G6899
CPLX0-7797	CPLX0-7797	TU0-14675	G6900
CPLX0-7797	CPLX0-7797	TU0-14675	G6901
CPLX0-7797	CPLX0-7797	TU0-14675	G6902
CPLX0-7797	CPLX0-7797	TU0-14692	EG10734
CPLX0-7797	CPLX0-7797	TU0-14693	EG10734
CPLX0-7797	CPLX0-7797	TU0-14693	EG10782
CPLX0-7797	CPLX0-7797	TU0-14693	EG10784
CPLX0-7797	CPLX0-7797	TU0-14750	G6339
CPLX0-7797	CPLX0-7797	TU0-14750	G6340
CPLX0-7797	CPLX0-7797	TU0-14750	G6341
CPLX0-7797	CPLX0-7797	TU0-14750	G6342
CPLX0-7797	CPLX0-7797	TU0-14750	G6343
CPLX0-7797	CPLX0-7797	TU0-14750	G6344
CPLX0-7797	CPLX0-7797	TU0-14795	G0-10677
CPLX0-7797	CPLX0-7797	TU0-1546	G7595
CPLX0-7797	CPLX0-7797	TU0-1547	EG10147
CPLX0-7797	CPLX0-7797	TU0-1547	EG10148
CPLX0-7797	CPLX0-7797	TU0-1547	EG10150
CPLX0-7797	CPLX0-7797	TU0-1547	EG10151
CPLX0-7797	CPLX0-7797	TU0-1547	EG10987
CPLX0-7797	CPLX0-7797	TU0-1547	EG10988
CPLX0-7797	CPLX0-7797	TU0-1603	G6347
CPLX0-7797	CPLX0-7797	TU0-2261	EG12243
CPLX0-7797	CPLX0-7797	TU0-3101	EG13283
CPLX0-7797	CPLX0-7797	TU0-3101	G7233
CPLX0-7797	CPLX0-7797	TU0-3145	G7485
CPLX0-7797	CPLX0-7797	TU0-3145	G7486
CPLX0-7797	CPLX0-7797	TU0-3145	G7487
CPLX0-7797	CPLX0-7797	TU0-3161	EG10173
CPLX0-7797	CPLX0-7797	TU0-3161	EG10174
CPLX0-7797	CPLX0-7797	TU0-3162	EG10173
CPLX0-7797	CPLX0-7797	TU0-3162	EG10174
CPLX0-7797	CPLX0-7797	TU0-36398	EG11411
CPLX0-7797	CPLX0-7797	TU0-4201	EG10427
CPLX0-7797	CPLX0-7797	TU0-4201	EG10761
CPLX0-7797	CPLX0-7797	TU0-4201	EG12424
CPLX0-7797	CPLX0-7797	TU0-42499	EG10356
CPLX0-7797	CPLX0-7797	TU0-42499	EG10358
CPLX0-7797	CPLX0-7797	TU0-42509	EG10979
CPLX0-7797	CPLX0-7797	TU0-42509	EG10980
CPLX0-7797	CPLX0-7797	TU0-42650	EG10754
CPLX0-7797	CPLX0-7797	TU0-42650	G6456
CPLX0-7797	CPLX0-7797	TU0-42650	G6457
CPLX0-7797	CPLX0-7797	TU0-4441	EG12450
CPLX0-7797	CPLX0-7797	TU0-4441	G7413
CPLX0-7797	CPLX0-7797	TU0-45182	EG10403
CPLX0-7797	CPLX0-7797	TU0-45182	EG10404
CPLX0-7797	CPLX0-7797	TU0-45182	EG11514
CPLX0-7797	CPLX0-7797	TU0-45214	EG10734
CPLX0-7797	CPLX0-7797	TU0-45214	EG10782
CPLX0-7797	CPLX0-7797	TU0-45214	EG10784
CPLX0-7797	CPLX0-7797	TU0-45215	EG10734
CPLX0-7797	CPLX0-7797	TU0-45216	EG10734
CPLX0-7797	CPLX0-7797	TU0-45216	EG10735
CPLX0-7797	CPLX0-7797	TU0-45216	EG10782
CPLX0-7797	CPLX0-7797	TU0-45216	EG10783
CPLX0-7797	CPLX0-7797	TU0-45216	EG10784
CPLX0-7797	CPLX0-7797	TU0-45219	G0-16685
CPLX0-7797	CPLX0-7797	TU0-45219	G7923
CPLX0-7797	CPLX0-7797	TU0-45222	EG10024
CPLX0-7797	CPLX0-7797	TU0-45222	EG10025
CPLX0-7797	CPLX0-7797	TU0-45222	EG10543
CPLX0-7797	CPLX0-7797	TU0-45222	EG11088
CPLX0-7797	CPLX0-7797	TU0-45225	EG10330
CPLX0-7797	CPLX0-7797	TU0-45225	EG10331
CPLX0-7797	CPLX0-7797	TU0-45225	EG10332
CPLX0-7797	CPLX0-7797	TU0-45225	EG10333
CPLX0-7797	CPLX0-7797	TU0-45246	G6845
CPLX0-7797	CPLX0-7797	TU0-45246	G6846
CPLX0-7797	CPLX0-7797	TU0-45246	G6847
CPLX0-7797	CPLX0-7797	TU0-45246	G6848
CPLX0-7797	CPLX0-7797	TU0-45246	G6849
CPLX0-7797	CPLX0-7797	TU0-45254	EG10024
CPLX0-7797	CPLX0-7797	TU0-45254	EG10025
CPLX0-7797	CPLX0-7797	TU0-45268	EG12243
CPLX0-7797	CPLX0-7797	TU0-45268	EG50009
CPLX0-7797	CPLX0-7797	TU0-4783	EG11417
CPLX0-7797	CPLX0-7797	TU0-4783	G812
CPLX0-7797	CPLX0-7797	TU0-5021	EG12734
CPLX0-7797	CPLX0-7797	TU0-5021	G81
CPLX0-7797	CPLX0-7797	TU0-5101	EG10411
CPLX0-7797	CPLX0-7797	TU0-5101	G0-16693
CPLX0-7797	CPLX0-7797	TU0-5481	G6845
CPLX0-7797	CPLX0-7797	TU0-5481	G6846
CPLX0-7797	CPLX0-7797	TU0-5481	G6847
CPLX0-7797	CPLX0-7797	TU0-5481	G6848
CPLX0-7797	CPLX0-7797	TU0-5481	G6849
CPLX0-7797	CPLX0-7797	TU0-6021	EG10095
CPLX0-7797	CPLX0-7797	TU0-6021	EG11225
CPLX0-7797	CPLX0-7797	TU0-6021	G0-17100
CPLX0-7797	CPLX0-7797	TU0-6482	EG10096
CPLX0-7797	CPLX0-7797	TU0-6629	EG12358
CPLX0-7797	CPLX0-7797	TU0-6629	G6476
CPLX0-7797	CPLX0-7797	TU0-6629	G6477
CPLX0-7797	CPLX0-7797	TU0-6629	G6478
CPLX0-7797	CPLX0-7797	TU0-6629	G6479
CPLX0-7797	CPLX0-7797	TU0-6634	EG10024
CPLX0-7797	CPLX0-7797	TU0-6634	EG10025
CPLX0-7797	CPLX0-7797	TU0-6657	EG10881
CPLX0-7797	CPLX0-7797	TU0-6657	RPLT-T2
CPLX0-7797	CPLX0-7797	TU0-7021	G6456
CPLX0-7797	CPLX0-7797	TU0-7021	G6457
CPLX0-7797	CPLX0-7797	TU0-8343	EG11444
CPLX0-7797	CPLX0-7797	TU0-8343	EG11445
CPLX0-7797	CPLX0-7797	TU0-8343	G7516
CPLX0-7797	CPLX0-7797	TU0-8343	G7517
CPLX0-7797	CPLX0-7797	TU0-8345	EG10301
CPLX0-7797	CPLX0-7797	TU0-8345	EG10484
CPLX0-7797	CPLX0-7797	TU0-8345	EG10485
CPLX0-7797	CPLX0-7797	TU0-8345	EG10486
CPLX0-7797	CPLX0-7797	TU0-8345	EG10487
CPLX0-7797	CPLX0-7797	TU0-8347	G7826
CPLX0-7797	CPLX0-7797	TU0-8347	G7827
CPLX0-7797	CPLX0-7797	TU0-8354	EG12258
CPLX0-7797	CPLX0-7797	TU0-8354	EG12259
CPLX0-7797	CPLX0-7797	TU0-8359	G8205
CPLX0-7797	CPLX0-7797	TU0-8490	EG11549
CPLX0-7797	CPLX0-7797	TU0-8491	EG12230
CPLX0-7797	CPLX0-7797	TU0-8658	G7594
CPLX0-7797	CPLX0-7797	TU0-8661	G7804
CPLX0-7797	CPLX0-7797	TU0-8691	EG12405
CPLX0-7797	CPLX0-7797	TU0-8706	EG11645
CPLX0-7797	CPLX0-7797	TU0-8738	G7314
CPLX0-7797	CPLX0-7797	TU0-8812	EG12117
CPLX0-7797	CPLX0-7797	TU0-8813	EG11124
CPLX0-7797	CPLX0-7797	TU0-8855	EG10881
CPLX0-7797	CPLX0-7797	TU0-8855	EG11272
CPLX0-7797	CPLX0-7797	TU0-8855	PHEM-T3
CPLX0-7797	CPLX0-7797	TU00019	EG10232
CPLX0-7797	CPLX0-7797	TU00019	EG10233
CPLX0-7797	CPLX0-7797	TU00019	EG10234
CPLX0-7797	CPLX0-7797	TU00022	EG10325
CPLX0-7797	CPLX0-7797	TU00023	EG10330
CPLX0-7797	CPLX0-7797	TU00023	EG10331
CPLX0-7797	CPLX0-7797	TU00023	EG10332
CPLX0-7797	CPLX0-7797	TU00023	EG10333
CPLX0-7797	CPLX0-7797	TU00030	EG10391
CPLX0-7797	CPLX0-7797	TU00030	EG10392
CPLX0-7797	CPLX0-7797	TU00030	EG10393
CPLX0-7797	CPLX0-7797	TU00034	EG10511
CPLX0-7797	CPLX0-7797	TU00039	EG10560
CPLX0-7797	CPLX0-7797	TU00039	EG10561
CPLX0-7797	CPLX0-7797	TU00044	EG10638
CPLX0-7797	CPLX0-7797	TU00044	EG10639
CPLX0-7797	CPLX0-7797	TU00044	EG10640
CPLX0-7797	CPLX0-7797	TU00044	EG10641
CPLX0-7797	CPLX0-7797	TU00045	EG10642
CPLX0-7797	CPLX0-7797	TU00045	G0-17088
CPLX0-7797	CPLX0-7797	TU00046	EG10188
CPLX0-7797	CPLX0-7797	TU00046	EG10653
CPLX0-7797	CPLX0-7797	TU00046	EG10654
CPLX0-7797	CPLX0-7797	TU00046	EG10655
CPLX0-7797	CPLX0-7797	TU00058	EG10798
CPLX0-7797	CPLX0-7797	TU00058	EG10799
CPLX0-7797	CPLX0-7797	TU00064	EG10953
CPLX0-7797	CPLX0-7797	TU00075	EG10046
CPLX0-7797	CPLX0-7797	TU00100	EG10173
CPLX0-7797	CPLX0-7797	TU00100	EG10174
CPLX0-7797	CPLX0-7797	TU00101	EG10178
CPLX0-7797	CPLX0-7797	TU00101	EG10179
CPLX0-7797	CPLX0-7797	TU00101	EG10180
CPLX0-7797	CPLX0-7797	TU00101	EG10181
CPLX0-7797	CPLX0-7797	TU00101	EG10182
CPLX0-7797	CPLX0-7797	TU00103	EG10979
CPLX0-7797	CPLX0-7797	TU00103	EG10980
CPLX0-7797	CPLX0-7797	TU00103	EG10981
CPLX0-7797	CPLX0-7797	TU00103	EG10982
CPLX0-7797	CPLX0-7797	TU00103	G0-17009
CPLX0-7797	CPLX0-7797	TU00104	EG10356
CPLX0-7797	CPLX0-7797	TU00105	EG10358
CPLX0-7797	CPLX0-7797	TU00118	EG10133
CPLX0-7797	CPLX0-7797	TU00125	EG10989
CPLX0-7797	CPLX0-7797	TU00125	EG10990
CPLX0-7797	CPLX0-7797	TU00125	EG10991
CPLX0-7797	CPLX0-7797	TU00125	EG11172
CPLX0-7797	CPLX0-7797	TU00125	G7624
CPLX0-7797	CPLX0-7797	TU00125	G7626
CPLX0-7797	CPLX0-7797	TU00125	G7627
CPLX0-7797	CPLX0-7797	TU00152	EG10285
CPLX0-7797	CPLX0-7797	TU00156	EG10643
CPLX0-7797	CPLX0-7797	TU00156	EG10646
CPLX0-7797	CPLX0-7797	TU00157	EG11227
CPLX0-7797	CPLX0-7797	TU00157	EG11228
CPLX0-7797	CPLX0-7797	TU00157	EG11229
CPLX0-7797	CPLX0-7797	TU00158	EG10649
CPLX0-7797	CPLX0-7797	TU00159	EG10357
CPLX0-7797	CPLX0-7797	TU00160	EG10095
CPLX0-7797	CPLX0-7797	TU00170	EG10371
CPLX0-7797	CPLX0-7797	TU00170	EG11442
CPLX0-7797	CPLX0-7797	TU00170	EG11810
CPLX0-7797	CPLX0-7797	TU00182	EG10403
CPLX0-7797	CPLX0-7797	TU00182	EG10404
CPLX0-7797	CPLX0-7797	TU00182	EG11514
CPLX0-7797	CPLX0-7797	TU00199	EG11781
CPLX0-7797	CPLX0-7797	TU00199	EG11945
CPLX0-7797	CPLX0-7797	TU00199	EG11946
CPLX0-7797	CPLX0-7797	TU00199	EG11947
CPLX0-7797	CPLX0-7797	TU00199	EG11948
CPLX0-7797	CPLX0-7797	TU00199	EG11949
CPLX0-7797	CPLX0-7797	TU00199	EG11950
CPLX0-7797	CPLX0-7797	TU00202	EG10734
CPLX0-7797	CPLX0-7797	TU00202	EG10735
CPLX0-7797	CPLX0-7797	TU00202	EG10782
CPLX0-7797	CPLX0-7797	TU00202	EG10783
CPLX0-7797	CPLX0-7797	TU00202	EG10784
CPLX0-7797	CPLX0-7797	TU00209	EG11221
CPLX0-7797	CPLX0-7797	TU00211	EG10958
CPLX0-7797	CPLX0-7797	TU00216	EG10399
CPLX0-7797	CPLX0-7797	TU00216	EG10401
CPLX0-7797	CPLX0-7797	TU00234	ACRFT1
CPLX0-7797	CPLX0-7797	TU00234	EG10266
CPLX0-7797	CPLX0-7797	TU00234	EG10267
CPLX0-7797	CPLX0-7797	TU00247	EG11557
CPLX0-7797	CPLX0-7797	TU00247	EG11558
CPLX0-7797	CPLX0-7797	TU00247	EG11559
CPLX0-7797	CPLX0-7797	TU00247	EG11560
CPLX0-7797	CPLX0-7797	TU00247	EG11561
CPLX0-7797	CPLX0-7797	TU00247	EG12608
CPLX0-7797	CPLX0-7797	TU00254	EG10012
CPLX0-7797	CPLX0-7797	TU00254	EG11405
CPLX0-7797	CPLX0-7797	TU00262	EG10248
CPLX0-7797	CPLX0-7797	TU00262	EG12625
CPLX0-7797	CPLX0-7797	TU00262	EG12626
CPLX0-7797	CPLX0-7797	TU00262	EG12627
CPLX0-7797	CPLX0-7797	TU00262	EG12628
CPLX0-7797	CPLX0-7797	TU00269	EG12101
CPLX0-7797	CPLX0-7797	TU00269	EG12102
CPLX0-7797	CPLX0-7797	TU00269	EG12933
CPLX0-7797	CPLX0-7797	TU00270	EG10264
CPLX0-7797	CPLX0-7797	TU00270	EG10297
CPLX0-7797	CPLX0-7797	TU00270	EG10299
CPLX0-7797	CPLX0-7797	TU00270	G0-10437
CPLX0-7797	CPLX0-7797	TU00300	EG11595
CPLX0-7797	CPLX0-7797	TU00300	EG11596
CPLX0-7797	CPLX0-7797	TU00300	EG11597
CPLX0-7797	CPLX0-7797	TU00300	EG11598
CPLX0-7797	CPLX0-7797	TU00300	EG11666
CPLX0-7797	CPLX0-7797	TU00302	EG10153
CPLX0-7797	CPLX0-7797	TU00302	EG10154
CPLX0-7797	CPLX0-7797	TU00305	EG12052
CPLX0-7797	CPLX0-7797	TU00305	EG12053
CPLX0-7797	CPLX0-7797	TU00305	EG12054
CPLX0-7797	CPLX0-7797	TU00305	EG12055
CPLX0-7797	CPLX0-7797	TU00305	EG12057
CPLX0-7797	CPLX0-7797	TU00305	EG12058
CPLX0-7797	CPLX0-7797	TU00305	EG12059
CPLX0-7797	CPLX0-7797	TU00305	EG12060
CPLX0-7797	CPLX0-7797	TU00305	EG12061
CPLX0-7797	CPLX0-7797	TU00305	EG12062
CPLX0-7797	CPLX0-7797	TU00305	EG12064
CPLX0-7797	CPLX0-7797	TU00305	EG12067
CPLX0-7797	CPLX0-7797	TU00305	EG12068
CPLX0-7797	CPLX0-7797	TU00305	EG12143
CPLX0-7797	CPLX0-7797	TU00305	EG12169
CPLX0-7797	CPLX0-7797	TU00308	EG11519
CPLX0-7797	CPLX0-7797	TU00308	EG12075
CPLX0-7797	CPLX0-7797	TU00308	EG12076
CPLX0-7797	CPLX0-7797	TU00308	EG12077
CPLX0-7797	CPLX0-7797	TU00308	EG12078
CPLX0-7797	CPLX0-7797	TU00308	EG12079
CPLX0-7797	CPLX0-7797	TU00310	EG11773
CPLX0-7797	CPLX0-7797	TU00310	EG11774
CPLX0-7797	CPLX0-7797	TU00310	EG12082
CPLX0-7797	CPLX0-7797	TU00310	EG12083
CPLX0-7797	CPLX0-7797	TU00310	EG12084
CPLX0-7797	CPLX0-7797	TU00310	EG12086
CPLX0-7797	CPLX0-7797	TU00310	EG12087
CPLX0-7797	CPLX0-7797	TU00310	EG12088
CPLX0-7797	CPLX0-7797	TU00310	EG12089
CPLX0-7797	CPLX0-7797	TU00310	EG12090
CPLX0-7797	CPLX0-7797	TU00310	EG12091
CPLX0-7797	CPLX0-7797	TU00310	EG12092
CPLX0-7797	CPLX0-7797	TU00310	EG12093
CPLX0-7797	CPLX0-7797	TU00336	EG10874
CPLX0-7797	CPLX0-7797	TU00336	EG10908
CPLX0-7797	CPLX0-7797	TU00347	EG10865
CPLX0-7797	CPLX0-7797	TU00347	EG10866
CPLX0-7797	CPLX0-7797	TU00347	EG10867
CPLX0-7797	CPLX0-7797	TU00347	EG10877
CPLX0-7797	CPLX0-7797	TU00347	EG10882
CPLX0-7797	CPLX0-7797	TU00347	EG10883
CPLX0-7797	CPLX0-7797	TU00347	EG10887
CPLX0-7797	CPLX0-7797	TU00347	EG10902
CPLX0-7797	CPLX0-7797	TU00347	EG10909
CPLX0-7797	CPLX0-7797	TU00347	EG10916
CPLX0-7797	CPLX0-7797	TU00347	EG10918
CPLX0-7797	CPLX0-7797	TU00351	EG10880
CPLX0-7797	CPLX0-7797	TU00351	EG10915
CPLX0-7797	CPLX0-7797	TU00351	EG11023
CPLX0-7797	CPLX0-7797	TU00351	EG11153
CPLX0-7797	CPLX0-7797	TU00369	EG11369
CPLX0-7797	CPLX0-7797	TU00369	EG11370
CPLX0-7797	CPLX0-7797	TU00377	EG10701
CPLX0-7797	CPLX0-7797	TU00377	EG11258
CPLX0-7797	CPLX0-7797	TU00379	EG10701
CPLX0-7797	CPLX0-7797	TU00379	EG11258
CPLX0-7797	CPLX0-7797	TU00385	EG10027
CPLX0-7797	CPLX0-7797	TU00424	EG10484
CPLX0-7797	CPLX0-7797	TU00424	EG10485
CPLX0-7797	CPLX0-7797	TU00424	EG10486
CPLX0-7797	CPLX0-7797	TU00424	EG10487
CPLX0-7797	CPLX0-7797	TU00439	EG11332
CPLX0-7797	CPLX0-7797	TU00439	EG12129
CPLX0-7797	CPLX0-7797	TU00456	EG10957
CPLX0-7797	CPLX0-7797	TU00468	EG10006
CPLX0-7797	CPLX0-7797	TU00468	EG10357
CPLX0-7797	CPLX0-7797	TU00522	EG10024
CPLX0-7797	CPLX0-7797	TU00522	EG10025
CPLX0-7797	CPLX0-7797	TU00522	EG10543
CPLX0-7797	CPLX0-7797	TU00522	EG11088
CPLX0-7797	CPLX0-7797	TU00523	EG10543
CPLX0-7797	CPLX0-7797	TU00524	EG10931
CPLX0-7797	CPLX0-7797	TU00524	EG10932
CPLX0-7797	CPLX0-7797	TU00524	EG10933
CPLX0-7797	CPLX0-7797	TU00524	EG10934
CPLX0-7797	CPLX0-7797	TU00524	EG10979
CPLX0-7797	CPLX0-7797	TU00524	EG10980
CPLX0-7797	CPLX0-7797	TU00524	EG10981
CPLX0-7797	CPLX0-7797	TU00524	EG10982
CPLX0-7797	CPLX0-7797	TU00524	G0-17009
CPLX0-7797	CPLX0-7797	TU00524	G6388
CPLX0-7797	CPLX0-7797	TU102	EG10035
CPLX0-7797	CPLX0-7797	TU141	G6088
CPLX0-7797	CPLX0-7797	TU142	EG11562
CPLX0-7797	CPLX0-7797	TU142	EG11563
CPLX0-7797	CPLX0-7797	TU142	EG11564
CPLX0-7797	CPLX0-7797	TU142	EG11565
CPLX0-7797	CPLX0-7797	TU344	ARCAT1
CPLX0-7797	CPLX0-7797	TU344	EG10061
CPLX0-7797	CPLX0-7797	TU346	ARCAT1
CPLX0-7797	CPLX0-7797	TU346	EG10061
CPLX0-7797	CPLX0-7797	TU358	EG10173
CPLX0-7797	CPLX0-7797	TU358	EG10174
CPLX0-7797	CPLX0-7797	TU482	EG10016
CPLX0-7797	CPLX0-7797	TU482	EG11175
CPLX0-7797	CPLX0-7797	TU482	EG11176
CPLX0-7797	CPLX0-7797	TU482	EG12760
CPLX0-7797	CPLX0-7797	TU482	EG30069
CPLX0-7797	CPLX0-7797	TU544	G6660
CPLX0-7797	CPLX0-7797	TU546	EG10031
CPLX0-7797	CPLX0-7797	TU581	G6619
CPLX0-7797	CPLX0-7797	TU586	EG12243
CPLX0-7797	CPLX0-7797	TU586	EG50009
CPLX0-7797	CPLX0-7797	TU587	EG11821
CPLX0-7797	CPLX0-7797	TU587	EG12191
CPLX0-7797	CPLX0-7797	TU65	G7072
CPLX0-7797	CPLX0-7797	TU681	EG10456
CPLX0-7797	CPLX0-7797	TU686	EG11150
CPLX0-7797	CPLX0-7797	TU686	EG11282
CPLX0-7797	CPLX0-7797	TU686	G7300
CPLX0-7797	CPLX0-7797	TU686	G7301
CPLX0-7797	CPLX0-7797	TU686	G7302
CPLX0-7797	CPLX0-7797	TU686	G7303
CPLX0-7797	CPLX0-7797	TU686	G7304
CPLX0-7797	CPLX0-7797	TU686	G7305
CPLX0-7797	CPLX0-7797	TU686	G7306
CPLX0-7797	CPLX0-7797	TU686	G7307
CPLX0-7797	CPLX0-7797	TU686	G7308
CPLX0-7797	CPLX0-7797	TU686	G7309
CPLX0-7797	CPLX0-7797	TU794	EG11325
CPLX0-7797	CPLX0-7797	TU861	EG12031
CPLX0-7852	CPLX0-7852	TU0-14134	EG12462
CPLX0-7852	CPLX0-7852	TU0-45268	EG12243
CPLX0-7852	CPLX0-7852	TU0-45268	EG50009
CPLX0-7852	CPLX0-7852	TU0-8586	EG12228
CPLX0-7852	CPLX0-7852	TU0-8863	EG10090
CPLX0-7852	CPLX0-7852	TU00096	EG11889
CPLX0-7852	CPLX0-7852	TU00096	EG11890
CPLX0-7852	CPLX0-7852	TU00467	EG10131
CPLX0-7852	CPLX0-7852	TU00467	EG10132
CPLX0-7852	CPLX0-7852	TU586	EG12243
CPLX0-7852	CPLX0-7852	TU586	EG50009
CPLX0-7854	CPLX0-7854	TU00213	EG11402
CPLX0-7854	CPLX0-7854	TU00213	EG12127
CPLX0-7916	CPLX0-7916	TU0-12916	G6231
CPLX0-7916	CPLX0-7916	TU0-13250	G6727
CPLX0-7916	CPLX0-7916	TU0-13250	G6728
CPLX0-7916	CPLX0-7916	TU0-13250	G6729
CPLX0-7916	CPLX0-7916	TU0-13250	G6730
CPLX0-7916	CPLX0-7916	TU0-13390	G6956
CPLX0-7916	CPLX0-7916	TU0-13445	G7026
CPLX0-7916	CPLX0-7916	TU0-13825	G7566
CPLX0-7916	CPLX0-7916	TU0-13886	EG10656
CPLX0-7916	CPLX0-7916	TU0-42477	EG10531
CPLX0-7916	CPLX0-7916	TU0-42515	EG10116
CPLX0-7916	CPLX0-7916	TU0-42564	EG10116
CPLX0-7916	CPLX0-7916	TU0-4802	EG10114
CPLX0-7916	CPLX0-7916	TU0-4802	EG10115
CPLX0-7916	CPLX0-7916	TU0-4802	EG10116
CPLX0-7916	CPLX0-7916	TU0-8596	EG11707
CPLX0-7916	CPLX0-7916	TU0-8758	G7577
CPLX0-7916	CPLX0-7916	TU0-9	EG11992
CPLX0-7928	CPLX0-7928	TU0-14381	EG10836
CPLX0-7928	CPLX0-7928	TU0-14381	EG11130
CPLX0-7928	CPLX0-7928	TU0-14381	EG11131
CPLX0-7929	CPLX0-7929	TU0-13493	EG12844
CPLX0-7929	CPLX0-7929	TU0-13493	G0-9121
CPLX0-7975	CPLX0-7975	TU0-13037	EG10630
CPLX0-7975	CPLX0-7975	TU0-13037	EG11700
CPLX0-7975	CPLX0-7975	TU00194	EG10631
CPLX0-7975	CPLX0-7975	TU00195	EG10742
CPLX0-8043	CPLX0-8043	TU0-13299	G6798
CPLX0-8043	CPLX0-8043	TU0-13299	G6799
CPLX0-8043	CPLX0-8043	TU0-7861	G6800
CPLX0-8043	CPLX0-8043	TU0-7861	G6801
CPLX0-8043	CPLX0-8043	TU0-7861	G6802
CPLX0-8043	CPLX0-8043	TU0-7861	G6803
CPLX0-8043	CPLX0-8043	TU0-7861	G6804
CPLX0-8043	CPLX0-8043	TU0-7861	G6805
CPLX0-8043	CPLX0-8043	TU0-7861	G6806
CPLX0-8048	CPLX0-8048	TU0-8757	EG12694
CPLX0-8048	CPLX0-8048	TU00368	EG11168
CPLX0-8048	CPLX0-8048	TU00368	EG11169
CPLX0-8048	CPLX0-8048	TU00368	EG12393
CPLX0-8061	CPLX0-8061	TU0-1022	EG12381
CPLX0-8061	CPLX0-8061	TU0-1022	EG20257
CPLX0-8061	CPLX0-8061	TU0-1022	G7401
CPLX0-8061	CPLX0-8061	TU0-1022	G7402
CPLX0-8061	CPLX0-8061	TU0-4783	EG11417
CPLX0-8061	CPLX0-8061	TU0-4783	G812
CPLX0-8061	CPLX0-8061	TU00047	EG10660
CPLX0-8061	CPLX0-8061	TU00047	EG10661
CPLX0-8061	CPLX0-8061	TU00047	EG12360
CPLX0-8062	CPLX0-8062	TU00247	EG11557
CPLX0-8062	CPLX0-8062	TU00247	EG11558
CPLX0-8062	CPLX0-8062	TU00247	EG11559
CPLX0-8062	CPLX0-8062	TU00247	EG11560
CPLX0-8062	CPLX0-8062	TU00247	EG11561
CPLX0-8062	CPLX0-8062	TU00247	EG12608
CPLX0-8062	CPLX0-8062	TU142	EG11562
CPLX0-8062	CPLX0-8062	TU142	EG11563
CPLX0-8062	CPLX0-8062	TU142	EG11564
CPLX0-8062	CPLX0-8062	TU142	EG11565
CPLX0-8071	CPLX0-8071	TU0-7601	G6275
CPLX0-8071	CPLX0-8071	TU0-7602	G6274
CPLX0-8071	CPLX0-8071	TU0-7603	EG11583
CPLX0-8071	CPLX0-8071	TU0-7603	G6277
CPLX0-8071	CPLX0-8071	TU0-7603	G6278
CPLX0-8071	CPLX0-8071	TU0-7603	G6280
CPLX0-8071	CPLX0-8071	TU0-7603	G6281
CPLX0-8071	CPLX0-8071	TU0-7603	G6282
CPLX0-8071	CPLX0-8071	TU0-7603	G6283
CPLX0-8075	CPLX0-8075	TU0-14511	EG10189
CPLX0-8075	CPLX0-8075	TU0-2302	EG11504
CPLX0-8075	CPLX0-8075	TU0-2302	EG11621
CPLX0-8075	CPLX0-8075	TU0-2302	EG11737
CPLX0-8075	CPLX0-8075	TU0-3741	EG10582
CPLX0-8075	CPLX0-8075	TU0-3741	EG10590
CPLX0-8075	CPLX0-8075	TU00100	EG10173
CPLX0-8075	CPLX0-8075	TU00100	EG10174
CPLX0-8075	CPLX0-8075	TU00151	EG10286
CPLX0-8075	CPLX0-8075	TU00151	EG10287
CPLX0-8075	CPLX0-8075	TU00151	EG10288
CPLX0-8075	CPLX0-8075	TU00151	EG10289
CPLX0-8075	CPLX0-8075	TU00151	EG10290
CPLX0-8083	CPLX0-8083	TU0-1881	EG12132
CPLX0-8083	CPLX0-8083	TU0-1881	G7324
CPLX0-8083	CPLX0-8083	TU0-1881	G7325
CPLX0-8083	CPLX0-8083	TU0-1881	G7326
CPLX0-8083	CPLX0-8083	TU0-8530	G6515
CPLX0-8109	CPLX0-8109	TU-8411	EG11347
CPLX0-8109	CPLX0-8109	TU-8411	EG11654
CPLX0-8109	CPLX0-8109	TU-8411	EG11656
CPLX0-8109	CPLX0-8109	TU-8411	G377
CPLX0-8109	CPLX0-8109	TU-8411	G378
CPLX0-8109	CPLX0-8109	TU-8411	G379
CPLX0-8109	CPLX0-8109	TU0-13815	G7541
CPLX0-8109	CPLX0-8109	TU0-14408	EG11236
CPLX0-8210	CPLX0-8210	TU0-14211	G7944
CPLX0-8210	CPLX0-8210	TU0-8628	G7945
CPLX0-8229	CPLX0-8229	TU0-13854	G7601
CPLX0-8229	CPLX0-8229	TU0-13854	G7602
CPLX0-8230	CPLX0-8230	TU0-13854	G7601
CPLX0-8230	CPLX0-8230	TU0-13854	G7602
CPLX0-8234	CPLX0-8234	TU0-12902	EG50010
CPLX0-8234	CPLX0-8234	TU0-12902	G6208
CPLX0-8234	CPLX0-8234	TU0-12902	G6209
CPLX0-8258	CPLX0-8258	TU00248	EG10140
CPLX0-8258	CPLX0-8258	TU00248	EG10141
CPLX0-8258	CPLX0-8258	TU00248	EG10142
CPLX0-8258	CPLX0-8258	TU00248	EG10143
CPLX0-8258	CPLX0-8258	TU00248	EG10144
CPLX0-8258	CPLX0-8258	TU00248	EG12198
CPLX0-8285	CPLX0-8285	TU00118	EG10133
CPLX0-8285	CPLX0-8285	TU00360	EG10753
CPLX0-8285	CPLX0-8285	TU00360	EG10964
CPLX0-8285	CPLX0-8285	TU00360	G0-17074
CPLX0-8285	CPLX0-8285	TU00467	EG10131
CPLX0-8285	CPLX0-8285	TU00467	EG10132
CPLX0-8309	CPLX0-8309	TU0-42492	EG12268
CPLX0-8312	CPLX0-8312	TU0-8679	G6494
CPLX0-841	CPLX0-841	TU522	EG10571
CPLX0-841	CPLX0-841	TU522	EG10572
CPLX0-841	CPLX0-841	TU522	EG11249
CPLX0-841	CPLX0-841	TU523	EG10571
CPLX0-841	CPLX0-841	TU523	EG10572
CPLX0-841	CPLX0-841	TU523	EG11249
CPLX0-8563	CPLX0-8563	TU0-12807	EG10531
CPLX0-8563	CPLX0-8563	TU0-13094	G6480
CPLX0-8563	CPLX0-8563	TU0-13725	EG12845
CPLX0-8563	CPLX0-8563	TU0-13725	G7425
CPLX0-8563	CPLX0-8563	TU0-13725	G7426
CPLX0-8563	CPLX0-8563	TU0-13725	G7427
CPLX0-8563	CPLX0-8563	TU0-13725	G7428
CPLX0-8563	CPLX0-8563	TU0-13725	G7429
CPLX0-8563	CPLX0-8563	TU0-13725	G7430
CPLX0-8563	CPLX0-8563	TU0-14193	EG12554
CPLX0-8563	CPLX0-8563	TU0-14193	EG12556
CPLX0-8563	CPLX0-8563	TU0-14193	EG12557
CPLX0-8563	CPLX0-8563	TU0-14193	G0-10241
CPLX0-8563	CPLX0-8563	TU0-14193	G7913
CPLX0-8563	CPLX0-8563	TU0-14193	G7914
CPLX0-8563	CPLX0-8563	TU0-14193	G7915
CPLX0-8563	CPLX0-8563	TU0-14203	EG12576
CPLX0-8563	CPLX0-8563	TU0-14203	G7933
CPLX0-8563	CPLX0-8563	TU0-14373	EG11359
CPLX0-8563	CPLX0-8563	TU0-14373	EG12173
CPLX0-8563	CPLX0-8563	TU0-14373	G7702
CPLX0-8563	CPLX0-8563	TU0-14373	G7703
CPLX0-8563	CPLX0-8563	TU0-14373	G7704
CPLX0-8563	CPLX0-8563	TU0-14373	G7705
CPLX0-8563	CPLX0-8563	TU0-14373	G7706
CPLX0-8563	CPLX0-8563	TU0-14373	G7707
CPLX0-8563	CPLX0-8563	TU0-14373	G7708
CPLX0-8563	CPLX0-8563	TU0-14373	G7709
CPLX0-8563	CPLX0-8563	TU0-14373	G7710
CPLX0-8563	CPLX0-8563	TU0-14373	G7711
CPLX0-8563	CPLX0-8563	TU0-42483	EG50004
CPLX0-8563	CPLX0-8563	TU0-7821	EG12180
CPLX0-8563	CPLX0-8563	TU0-8511	G6882
CPLX0-8563	CPLX0-8563	TU00460	EG10291
CPLX0-8563	CPLX0-8563	TU00460	EG10292
CPLX0-8563	CPLX0-8563	TU5	G6709
CPLX0-8563	CPLX0-8563	TU5	G6710
CPLX0-8563	CPLX0-8563	TU5	G6711
CPLX0-8563	CPLX0-8563	TU5	G6712
CPLX0-8563	CPLX0-8563	TU5	G6713
CPLX0-8563	CPLX0-8563	TU5	G6714
CPLX0-8563	CPLX0-8563	TU5	G6715
CPLX0-8563	CPLX0-8563	TU5	G6716
CPLX0-8563	CPLX0-8563	TU5	G6717
CPLX0-8563	CPLX0-8563	TU5	G6718
CPLX0-8563	CPLX0-8563	TU5	G6719
CPLX0-8563	CPLX0-8563	TU581	G6619
CPLX0-8563	CPLX0-8563	TU787	EG11738
CPLX0-8566	CPLX0-8566	TU0-13399	G6967
CPLX0-8566	CPLX0-8566	TU0-3341	G7596
CPLX0-8566	CPLX0-8566	TU0-3581	EG10007
CPLX0-8566	CPLX0-8566	TU0-3581	EG10072
CPLX0-8566	CPLX0-8566	TU0-3581	EG10452
CPLX0-8566	CPLX0-8566	TU0-3581	EG12124
CPLX0-8566	CPLX0-8566	TU0-3581	EG12125
CPLX0-8566	CPLX0-8566	TU0-3622	EG12834
CPLX0-8566	CPLX0-8566	TU0-3622	EG12835
CPLX0-8566	CPLX0-8566	TU0-3622	EG12836
CPLX0-8566	CPLX0-8566	TU0-3622	EG12837
CPLX0-8566	CPLX0-8566	TU0-3645	G6517
CPLX0-8566	CPLX0-8566	TU0-3645	G6518
CPLX0-8566	CPLX0-8566	TU0-3645	G6519
CPLX0-8566	CPLX0-8566	TU0-3645	G6520
CPLX0-8566	CPLX0-8566	TU0-3645	G6521
CPLX0-8566	CPLX0-8566	TU0-3645	G6522
CPLX0-8566	CPLX0-8566	TU0-3645	G6523
CPLX0-8566	CPLX0-8566	TU0-45258	G7596
CPLX0-8566	CPLX0-8566	TU0-5901	EG10383
CPLX0-8566	CPLX0-8566	TU0-5901	G0-17117
CPLX0-8566	CPLX0-8566	TU0-5903	EG10383
CPLX0-8566	CPLX0-8566	TU0-5903	G0-17117
CPLX0-8566	CPLX0-8566	TU00027	EG10383
CPLX0-8566	CPLX0-8566	TU00027	EG10385
CPLX0-8566	CPLX0-8566	TU00027	EG10387
CPLX0-8566	CPLX0-8566	TU00027	G0-17117
CPLX0-8566	CPLX0-8566	TU00028	EG10385
CPLX0-8566	CPLX0-8566	TU00028	EG10387
CPLX0-8566	CPLX0-8566	TU00029	EG10383
CPLX0-8566	CPLX0-8566	TU00029	EG10385
CPLX0-8566	CPLX0-8566	TU00029	EG10387
CPLX0-8566	CPLX0-8566	TU00029	G0-17117
CPLX0-8566	CPLX0-8566	TU00172	EG10386
CPLX0-8566	CPLX0-8566	TU00172	EG10388
CPLX0-8566	CPLX0-8566	TU00172	EG10389
CPLX0-8566	CPLX0-8566	TU587	EG11821
CPLX0-8566	CPLX0-8566	TU587	EG12191
CPLX0-8576	CPLX0-8576	TU0-8346	EG12908
CPLX0-8576	CPLX0-8576	TU0-8346	G7723
CPLX0-8576	CPLX0-8576	TU0-8346	G7724
CPLX0-8576	CPLX0-8576	TU0-8346	G7726
CPLX0-8576	CPLX0-8576	TU0-8346	G7727
CPLX0-8578	CPLX0-8578	TU0-14018	EG20049
CPLX0-8578	CPLX0-8578	TU0-14018	EG20051
CPLX0-8578	CPLX0-8578	TU0-14018	EG20053
CPLX0-8578	CPLX0-8578	TU0-14018	G7789
CPLX0-8578	CPLX0-8578	TU0-14018	GB4478
CPLX0-8593	CPLX0-8593	TU0-14183	EG12544
CPLX0-8593	CPLX0-8593	TU0-14183	G7901
CPLX0-8593	CPLX0-8593	TU0-1601	EG10637
CPLX0-8593	CPLX0-8593	TU0-1601	G436
CPLX0-8593	CPLX0-8593	TU0-1601	G7675
CPLX0-8593	CPLX0-8593	TU0-1601	G7676
CPLX0-8593	CPLX0-8593	TU0-1601	G7677
CPLX0-8593	CPLX0-8593	TU0-42543	EG10637
CPLX0-8593	CPLX0-8593	TU0-42544	G7919
CPLX0-8593	CPLX0-8593	TU0-42544	G7920
CPLX0-8593	CPLX0-8593	TU0-42544	G7921
CPLX0-8593	CPLX0-8593	TU0-6843	G7920
CPLX0-8593	CPLX0-8593	TU0-6843	G7921
CPLX0-8593	CPLX0-8593	TU00410	EG10309
CPLX0-8595	CPLX0-8595	TU00248	EG10140
CPLX0-8595	CPLX0-8595	TU00248	EG10141
CPLX0-8595	CPLX0-8595	TU00248	EG10142
CPLX0-8595	CPLX0-8595	TU00248	EG10143
CPLX0-8595	CPLX0-8595	TU00248	EG10144
CPLX0-8595	CPLX0-8595	TU00248	EG12198
CPLX0-8597	CPLX0-8597	TU0-12871	G6148
CPLX0-8597	CPLX0-8597	TU0-13069	G6442
CPLX0-8597	CPLX0-8597	TU0-13069	G6443
CPLX0-8597	CPLX0-8597	TU0-1701	G6855
CPLX0-8597	CPLX0-8597	TU0-41801	EG11644
CPLX0-8597	CPLX0-8597	TU0-42483	EG50004
CPLX0-8597	CPLX0-8597	TU0-42501	G6603
CPLX0-8597	CPLX0-8597	TU0-45257	G6543
CPLX0-8597	CPLX0-8597	TU0-45257	G6544
CPLX0-8597	CPLX0-8597	TU0-45257	G6545
CPLX0-8597	CPLX0-8597	TU0-45257	G6546
CPLX0-8597	CPLX0-8597	TU0-45276	G6855
CPLX0-8597	CPLX0-8597	TU0-8671	G6444
CPLX0-8597	CPLX0-8597	TU00066	EG10984
CPLX0-8597	CPLX0-8597	TU00392	G6543
CPLX0-8597	CPLX0-8597	TU00392	G6544
CPLX0-8597	CPLX0-8597	TU00392	G6545
CPLX0-8597	CPLX0-8597	TU00392	G6546
CPLX0-8597	CPLX0-8597	TU787	EG11738
CPLX0-8952	CPLX0-8952	TU0-13343	G0-17023
CPLX0-8952	CPLX0-8952	TU0-13343	G6857
CPLX0-8952	CPLX0-8952	TU0-13343	G6858
CPLX0-981	CPLX0-981	TU0-1802	EG12344
CPLX0-981	CPLX0-981	TU0-1802	PSPF
CPLX0-981	CPLX0-981	TU00326	EG10776
CPLX0-981	CPLX0-981	TU00326	EG10777
CPLX0-981	CPLX0-981	TU00326	EG10778
CPLX0-981	CPLX0-981	TU00326	EG10779
CPLX0-981	CPLX0-981	TU00326	EG10780
EG10087-MONOMER	EG10087-MONOMER	TU0-7221	G6195
EG10087-MONOMER	EG10087-MONOMER	TU0-8503	G6423
EG10087-MONOMER	EG10087-MONOMER	TU00241	EG10085
EG10087-MONOMER	EG10087-MONOMER	TU00241	EG10086
EG10087-MONOMER	EG10087-MONOMER	TU00401	EG10461
EG10226-MONOMER	EG10226-MONOMER	TU0-13327	EG10228
EG10226-MONOMER	EG10226-MONOMER	TU0-13327	G6834
EG10226-MONOMER	EG10226-MONOMER	TU0-13327	G6835
EG10226-MONOMER	EG10226-MONOMER	TU0-13328	EG10226
EG10226-MONOMER	EG10226-MONOMER	TU0-13331	EG10227
EG10226-MONOMER	EG10226-MONOMER	TU0-13331	EG11303
EG10226-MONOMER	EG10226-MONOMER	TU0-13331	EG11304
EG10226-MONOMER	EG10226-MONOMER	TU0-13331	G6836
EG10226-MONOMER	EG10226-MONOMER	TU0-13331	G6837
EG10442-MONOMER	EG10442-MONOMER	TU0-13634	G7281
EG10442-MONOMER	EG10442-MONOMER	TU0-13634	G7282
EG10442-MONOMER	EG10442-MONOMER	TU0-13853	G36
EG10442-MONOMER	EG10442-MONOMER	TU00284	EG10442
EG10442-MONOMER	EG10442-MONOMER	TU00284	EG10443
EG10442-MONOMER	EG10442-MONOMER	TU521	EG10571
EG10442-MONOMER	EG10442-MONOMER	TU521	EG10835
EG10442-MONOMER	EG10442-MONOMER	TU521	EG11249
EG11084-MONOMER	EG11084-MONOMER	TU0-14030	EG11199
EG11084-MONOMER	EG11084-MONOMER	TU0-941	EG10214
EG11084-MONOMER	EG11084-MONOMER	TU0-941	EG10265
EG11084-MONOMER	EG11084-MONOMER	TU0-941	EG10339
EG11084-MONOMER	EG11084-MONOMER	TU0-941	EG10341
EG11084-MONOMER	EG11084-MONOMER	TU0-941	EG10342
EG11084-MONOMER	EG11084-MONOMER	TU0-941	EG10344
EG11084-MONOMER	EG11084-MONOMER	TU0-941	EG10347
EG11084-MONOMER	EG11084-MONOMER	TU0-941	EG10604
EG11084-MONOMER	EG11084-MONOMER	TU0-941	EG10619
EG11084-MONOMER	EG11084-MONOMER	TU0-941	EG10620
EG11084-MONOMER	EG11084-MONOMER	TU0-941	EG10621
EG11084-MONOMER	EG11084-MONOMER	TU0-941	EG10622
EG11084-MONOMER	EG11084-MONOMER	TU0-941	EG10623
EG11084-MONOMER	EG11084-MONOMER	TU0-941	EG11084
EG11084-MONOMER	EG11084-MONOMER	TU0-941	EG11085
EG11084-MONOMER	EG11084-MONOMER	TU0-941	EG11086
EG11084-MONOMER	EG11084-MONOMER	TU0-941	G0-17085
EG11088-MONOMER	EG11088-MONOMER	TU0-1143	EG11784
EG11088-MONOMER	EG11088-MONOMER	TU0-12943	EG10439
EG11088-MONOMER	EG11088-MONOMER	TU0-12943	EG12429
EG11088-MONOMER	EG11088-MONOMER	TU0-1962	EG20080
EG11088-MONOMER	EG11088-MONOMER	TU0-1962	G0-8601
EG11088-MONOMER	EG11088-MONOMER	TU0-1962	G7542
EG11088-MONOMER	EG11088-MONOMER	TU0-1962	G7543
EG11088-MONOMER	EG11088-MONOMER	TU0-1962	G7544
EG11088-MONOMER	EG11088-MONOMER	TU0-1962	G7545
EG11088-MONOMER	EG11088-MONOMER	TU0-45222	EG10024
EG11088-MONOMER	EG11088-MONOMER	TU0-45222	EG10025
EG11088-MONOMER	EG11088-MONOMER	TU0-45222	EG10543
EG11088-MONOMER	EG11088-MONOMER	TU0-45222	EG11088
EG11088-MONOMER	EG11088-MONOMER	TU0-7806	EG10432
EG11088-MONOMER	EG11088-MONOMER	TU0-941	EG10214
EG11088-MONOMER	EG11088-MONOMER	TU0-941	EG10265
EG11088-MONOMER	EG11088-MONOMER	TU0-941	EG10339
EG11088-MONOMER	EG11088-MONOMER	TU0-941	EG10341
EG11088-MONOMER	EG11088-MONOMER	TU0-941	EG10342
EG11088-MONOMER	EG11088-MONOMER	TU0-941	EG10344
EG11088-MONOMER	EG11088-MONOMER	TU0-941	EG10347
EG11088-MONOMER	EG11088-MONOMER	TU0-941	EG10604
EG11088-MONOMER	EG11088-MONOMER	TU0-941	EG10619
EG11088-MONOMER	EG11088-MONOMER	TU0-941	EG10620
EG11088-MONOMER	EG11088-MONOMER	TU0-941	EG10621
EG11088-MONOMER	EG11088-MONOMER	TU0-941	EG10622
EG11088-MONOMER	EG11088-MONOMER	TU0-941	EG10623
EG11088-MONOMER	EG11088-MONOMER	TU0-941	EG11084
EG11088-MONOMER	EG11088-MONOMER	TU0-941	EG11085
EG11088-MONOMER	EG11088-MONOMER	TU0-941	EG11086
EG11088-MONOMER	EG11088-MONOMER	TU0-941	G0-17085
EG11088-MONOMER	EG11088-MONOMER	TU00101	EG10178
EG11088-MONOMER	EG11088-MONOMER	TU00101	EG10179
EG11088-MONOMER	EG11088-MONOMER	TU00101	EG10180
EG11088-MONOMER	EG11088-MONOMER	TU00101	EG10181
EG11088-MONOMER	EG11088-MONOMER	TU00101	EG10182
EG11088-MONOMER	EG11088-MONOMER	TU00151	EG10286
EG11088-MONOMER	EG11088-MONOMER	TU00151	EG10287
EG11088-MONOMER	EG11088-MONOMER	TU00151	EG10288
EG11088-MONOMER	EG11088-MONOMER	TU00151	EG10289
EG11088-MONOMER	EG11088-MONOMER	TU00151	EG10290
EG11088-MONOMER	EG11088-MONOMER	TU00158	EG10649
EG11088-MONOMER	EG11088-MONOMER	TU00522	EG10024
EG11088-MONOMER	EG11088-MONOMER	TU00522	EG10025
EG11088-MONOMER	EG11088-MONOMER	TU00522	EG10543
EG11088-MONOMER	EG11088-MONOMER	TU00522	EG11088
EG11103-MONOMER	EG11103-MONOMER	TU0-198696	G6290
EG11103-MONOMER	EG11103-MONOMER	TU0-198696	G6291
EG11356-MONOMER	EG11356-MONOMER	TU0-13527	EG12008
EG11356-MONOMER	EG11356-MONOMER	TU0-14116	EG11928
EG11356-MONOMER	EG11356-MONOMER	TU0-14429	G6543
EG11356-MONOMER	EG11356-MONOMER	TU0-14429	G6544
EG11356-MONOMER	EG11356-MONOMER	TU0-14429	G6545
EG11356-MONOMER	EG11356-MONOMER	TU0-14429	G6546
EG11356-MONOMER	EG11356-MONOMER	TU0-1981	EG11391
EG11356-MONOMER	EG11356-MONOMER	TU0-4021	G6639
EG11356-MONOMER	EG11356-MONOMER	TU0-45201	G6543
EG11356-MONOMER	EG11356-MONOMER	TU0-45201	G6544
EG11356-MONOMER	EG11356-MONOMER	TU0-45201	G6545
EG11356-MONOMER	EG11356-MONOMER	TU0-45201	G6546
EG11356-MONOMER	EG11356-MONOMER	TU0-45224	EG11489
EG11356-MONOMER	EG11356-MONOMER	TU0-45224	G6547
EG11356-MONOMER	EG11356-MONOMER	TU0-45224	G6548
EG11356-MONOMER	EG11356-MONOMER	TU0-45231	EG11490
EG11356-MONOMER	EG11356-MONOMER	TU0-45231	G6786
EG11356-MONOMER	EG11356-MONOMER	TU0-45234	EG11391
EG11356-MONOMER	EG11356-MONOMER	TU0-45242	EG11398
EG11356-MONOMER	EG11356-MONOMER	TU0-45242	EG11399
EG11356-MONOMER	EG11356-MONOMER	TU0-45242	EG11400
EG11356-MONOMER	EG11356-MONOMER	TU0-45249	EG12008
EG11356-MONOMER	EG11356-MONOMER	TU0-45257	G6543
EG11356-MONOMER	EG11356-MONOMER	TU0-45257	G6544
EG11356-MONOMER	EG11356-MONOMER	TU0-45257	G6545
EG11356-MONOMER	EG11356-MONOMER	TU0-45257	G6546
EG11356-MONOMER	EG11356-MONOMER	TU0-5682	EG11544
EG11356-MONOMER	EG11356-MONOMER	TU0-5682	EG12240
EG11356-MONOMER	EG11356-MONOMER	TU0-5682	EG12241
EG11356-MONOMER	EG11356-MONOMER	TU0-5682	G0-16680
EG11356-MONOMER	EG11356-MONOMER	TU00136	EG10319
EG11356-MONOMER	EG11356-MONOMER	TU00136	EG10320
EG11356-MONOMER	EG11356-MONOMER	TU00282	EG11398
EG11356-MONOMER	EG11356-MONOMER	TU00282	EG11399
EG11356-MONOMER	EG11356-MONOMER	TU00282	EG11400
EG11356-MONOMER	EG11356-MONOMER	TU00390	EG11489
EG11356-MONOMER	EG11356-MONOMER	TU00390	G6547
EG11356-MONOMER	EG11356-MONOMER	TU00390	G6548
EG11356-MONOMER	EG11356-MONOMER	TU00392	G6543
EG11356-MONOMER	EG11356-MONOMER	TU00392	G6544
EG11356-MONOMER	EG11356-MONOMER	TU00392	G6545
EG11356-MONOMER	EG11356-MONOMER	TU00392	G6546
EG11356-MONOMER	EG11356-MONOMER	TU369	EG11490
EG11356-MONOMER	EG11356-MONOMER	TU369	G6786
EG11394-MONOMER	EG11394-MONOMER	TU0-1482	EG10274
EG11394-MONOMER	EG11394-MONOMER	TU00092	EG10273
EG11449-MONOMER	EG11449-MONOMER	TU0-45182	EG10403
EG11449-MONOMER	EG11449-MONOMER	TU0-45182	EG10404
EG11449-MONOMER	EG11449-MONOMER	TU0-45182	EG11514
EG11449-MONOMER	EG11449-MONOMER	TU0-8603	EG11450
EG11449-MONOMER	EG11449-MONOMER	TU00136	EG10319
EG11449-MONOMER	EG11449-MONOMER	TU00136	EG10320
EG11449-MONOMER	EG11449-MONOMER	TU00182	EG10403
EG11449-MONOMER	EG11449-MONOMER	TU00182	EG10404
EG11449-MONOMER	EG11449-MONOMER	TU00182	EG11514
EG11544-MONOMER	EG11544-MONOMER	TU0-14122	EG11935
EG11544-MONOMER	EG11544-MONOMER	TU0-14122	EG11936
EG11544-MONOMER	EG11544-MONOMER	TU0-14433	EG12242
EG11544-MONOMER	EG11544-MONOMER	TU0-14433	EG12243
EG11544-MONOMER	EG11544-MONOMER	TU0-1521	EG10321
EG11544-MONOMER	EG11544-MONOMER	TU0-1521	G0-17102
EG11544-MONOMER	EG11544-MONOMER	TU0-2261	EG12243
EG11544-MONOMER	EG11544-MONOMER	TU0-4146	EG10316
EG11544-MONOMER	EG11544-MONOMER	TU0-4146	EG10455
EG11544-MONOMER	EG11544-MONOMER	TU0-4146	EG10545
EG11544-MONOMER	EG11544-MONOMER	TU0-4146	EG11284
EG11544-MONOMER	EG11544-MONOMER	TU0-45182	EG10403
EG11544-MONOMER	EG11544-MONOMER	TU0-45182	EG10404
EG11544-MONOMER	EG11544-MONOMER	TU0-45182	EG11514
EG11544-MONOMER	EG11544-MONOMER	TU0-45231	EG11490
EG11544-MONOMER	EG11544-MONOMER	TU0-45231	G6786
EG11544-MONOMER	EG11544-MONOMER	TU0-45242	EG11398
EG11544-MONOMER	EG11544-MONOMER	TU0-45242	EG11399
EG11544-MONOMER	EG11544-MONOMER	TU0-45242	EG11400
EG11544-MONOMER	EG11544-MONOMER	TU0-45279	EG11495
EG11544-MONOMER	EG11544-MONOMER	TU0-4901	EG11544
EG11544-MONOMER	EG11544-MONOMER	TU0-4901	G0-16680
EG11544-MONOMER	EG11544-MONOMER	TU0-4903	EG11495
EG11544-MONOMER	EG11544-MONOMER	TU0-5101	EG10411
EG11544-MONOMER	EG11544-MONOMER	TU0-5101	G0-16693
EG11544-MONOMER	EG11544-MONOMER	TU0-5682	EG11544
EG11544-MONOMER	EG11544-MONOMER	TU0-5682	EG12240
EG11544-MONOMER	EG11544-MONOMER	TU0-5682	EG12241
EG11544-MONOMER	EG11544-MONOMER	TU0-5682	G0-16680
EG11544-MONOMER	EG11544-MONOMER	TU0-8586	EG12228
EG11544-MONOMER	EG11544-MONOMER	TU00094	EG10790
EG11544-MONOMER	EG11544-MONOMER	TU00101	EG10178
EG11544-MONOMER	EG11544-MONOMER	TU00101	EG10179
EG11544-MONOMER	EG11544-MONOMER	TU00101	EG10180
EG11544-MONOMER	EG11544-MONOMER	TU00101	EG10181
EG11544-MONOMER	EG11544-MONOMER	TU00101	EG10182
EG11544-MONOMER	EG11544-MONOMER	TU00181	EG10547
EG11544-MONOMER	EG11544-MONOMER	TU00182	EG10403
EG11544-MONOMER	EG11544-MONOMER	TU00182	EG10404
EG11544-MONOMER	EG11544-MONOMER	TU00182	EG11514
EG11544-MONOMER	EG11544-MONOMER	TU00282	EG11398
EG11544-MONOMER	EG11544-MONOMER	TU00282	EG11399
EG11544-MONOMER	EG11544-MONOMER	TU00282	EG11400
EG11544-MONOMER	EG11544-MONOMER	TU00486	EG10820
EG11544-MONOMER	EG11544-MONOMER	TU369	EG11490
EG11544-MONOMER	EG11544-MONOMER	TU369	G6786
EG11554-MONOMER	EG11554-MONOMER	TU0-13725	EG12845
EG11554-MONOMER	EG11554-MONOMER	TU0-13725	G7425
EG11554-MONOMER	EG11554-MONOMER	TU0-13725	G7426
EG11554-MONOMER	EG11554-MONOMER	TU0-13725	G7427
EG11554-MONOMER	EG11554-MONOMER	TU0-13725	G7428
EG11554-MONOMER	EG11554-MONOMER	TU0-13725	G7429
EG11554-MONOMER	EG11554-MONOMER	TU0-13725	G7430
EG11554-MONOMER	EG11554-MONOMER	TU0-13794	EG11158
EG11554-MONOMER	EG11554-MONOMER	TU0-13794	EG30099
EG11554-MONOMER	EG11554-MONOMER	TU0-14689	EG11158
EG11554-MONOMER	EG11554-MONOMER	TU0-14689	EG30099
EG11554-MONOMER	EG11554-MONOMER	TU0-36423	EG30099
EG11554-MONOMER	EG11554-MONOMER	TU0-36424	EG30099
EG11554-MONOMER	EG11554-MONOMER	TU0-42477	EG10531
EG11554-MONOMER	EG11554-MONOMER	TU0-42515	EG10116
EG11554-MONOMER	EG11554-MONOMER	TU0-45172	EG30099
EG11554-MONOMER	EG11554-MONOMER	TU0-45173	EG11158
EG11554-MONOMER	EG11554-MONOMER	TU0-45173	EG30099
EG11554-MONOMER	EG11554-MONOMER	TU0-4802	EG10114
EG11554-MONOMER	EG11554-MONOMER	TU0-4802	EG10115
EG11554-MONOMER	EG11554-MONOMER	TU0-4802	EG10116
EG11554-MONOMER	EG11554-MONOMER	TU00038	EG10554
EG11554-MONOMER	EG11554-MONOMER	TU00038	EG10555
EG11554-MONOMER	EG11554-MONOMER	TU00038	EG10556
EG11554-MONOMER	EG11554-MONOMER	TU00038	G0-17082
EG11554-MONOMER	EG11554-MONOMER	TU00393	EG11554
EG11554-MONOMER	EG11554-MONOMER	TU702	EG10771
EG11554-MONOMER	EG11554-MONOMER	TU702	EG10772
EG11554-MONOMER	EG11554-MONOMER	TU702	EG10773
EG11741-MONOMER	EG11741-MONOMER	TU00233	EG11703
EG11741-MONOMER	EG11741-MONOMER	TU00233	EG11704
EG11849-MONOMER	EG11849-MONOMER	TU0-14069	EG11848
EG11849-MONOMER	EG11849-MONOMER	TU0-14069	EG11849
EG11849-MONOMER	EG11849-MONOMER	TU0-42682	EG11849
EG11849-MONOMER	EG11849-MONOMER	TU0-42690	EG11845
EG11849-MONOMER	EG11849-MONOMER	TU0-42690	EG11846
EG11849-MONOMER	EG11849-MONOMER	TU0-42690	EG11847
EG11962-MONOMER	EG11962-MONOMER	TU164	EG11961
EG11962-MONOMER	EG11962-MONOMER	TU164	EG11962
EG11962-MONOMER	EG11962-MONOMER	TU164	EG11963
EG12008-MONOMER	EG12008-MONOMER	TU0-13888	G7657
EG12008-MONOMER	EG12008-MONOMER	TU0-42628	EG11499
EG12008-MONOMER	EG12008-MONOMER	TU0-42628	EG50001
EG12008-MONOMER	EG12008-MONOMER	TU0-42628	EG50002
EG12008-MONOMER	EG12008-MONOMER	TU0-42628	G7656
EG12008-MONOMER	EG12008-MONOMER	TU0-45257	G6543
EG12008-MONOMER	EG12008-MONOMER	TU0-45257	G6544
EG12008-MONOMER	EG12008-MONOMER	TU0-45257	G6545
EG12008-MONOMER	EG12008-MONOMER	TU0-45257	G6546
EG12008-MONOMER	EG12008-MONOMER	TU00118	EG10133
EG12008-MONOMER	EG12008-MONOMER	TU00338	EG50001
EG12008-MONOMER	EG12008-MONOMER	TU00338	EG50002
EG12008-MONOMER	EG12008-MONOMER	TU00392	G6543
EG12008-MONOMER	EG12008-MONOMER	TU00392	G6544
EG12008-MONOMER	EG12008-MONOMER	TU00392	G6545
EG12008-MONOMER	EG12008-MONOMER	TU00392	G6546
EG12031-MONOMER	EG12031-MONOMER	TU861	EG12031
EG12094-MONOMER	EG12094-MONOMER	TU0-12805	EG11572
EG12094-MONOMER	EG12094-MONOMER	TU0-12805	EG11573
EG12094-MONOMER	EG12094-MONOMER	TU0-12805	EG11574
EG12094-MONOMER	EG12094-MONOMER	TU0-12805	EG12094
EG12094-MONOMER	EG12094-MONOMER	TU0-12805	G0-9381
EG12094-MONOMER	EG12094-MONOMER	TU0-12806	EG11754
EG12094-MONOMER	EG12094-MONOMER	TU0-12806	G0-10617
EG12094-MONOMER	EG12094-MONOMER	TU0-12806	G0-9941
EG12094-MONOMER	EG12094-MONOMER	TU0-13612	G7242
EG12094-MONOMER	EG12094-MONOMER	TU0-45190	EG11754
EG12094-MONOMER	EG12094-MONOMER	TU0-45190	G0-10617
EG12094-MONOMER	EG12094-MONOMER	TU0-45190	G0-9941
EG12108-MONOMER	EG12108-MONOMER	TU0-14258	EG12108
EG12108-MONOMER	EG12108-MONOMER	TU0-4441	EG12450
EG12108-MONOMER	EG12108-MONOMER	TU0-4441	G7413
EG12116-MONOMER	EG12116-MONOMER	TU0-2644	EG30063
EG12116-MONOMER	EG12116-MONOMER	TU0-45164	EG30063
EG12116-MONOMER	EG12116-MONOMER	TU0-8325	EG12116
EG12116-MONOMER	EG12116-MONOMER	TU00136	EG10319
EG12116-MONOMER	EG12116-MONOMER	TU00136	EG10320
EG12116-MONOMER	EG12116-MONOMER	TU00190	EG11434
EG12116-MONOMER	EG12116-MONOMER	TU00190	EG11435
EG12116-MONOMER	EG12116-MONOMER	TU00190	EG11599
EG12116-MONOMER	EG12116-MONOMER	TU00211	EG10958
EG12116-MONOMER	EG12116-MONOMER	TU00233	EG11703
EG12116-MONOMER	EG12116-MONOMER	TU00233	EG11704
EG12116-MONOMER	EG12116-MONOMER	TU00456	EG10957
EG12123-MONOMER	EG12123-MONOMER	TU0-12807	EG10531
EG12123-MONOMER	EG12123-MONOMER	TU0-42475	EG10531
EG12123-MONOMER	EG12123-MONOMER	TU0-42656	EG10531
EG12123-MONOMER	EG12123-MONOMER	TU00136	EG10319
EG12123-MONOMER	EG12123-MONOMER	TU00136	EG10320
EG12123-MONOMER	EG12123-MONOMER	TU00428	EG12123
EG12123-MONOMER	EG12123-MONOMER	TU183	EG10312
EG12123-MONOMER	EG12123-MONOMER	TU183	FIME
EG12242-MONOMER	EG12242-MONOMER	TU0-14433	EG12242
EG12242-MONOMER	EG12242-MONOMER	TU0-14433	EG12243
EG12242-MONOMER	EG12242-MONOMER	TU0-14719	EG12242
EG12242-MONOMER	EG12242-MONOMER	TU0-2261	EG12243
EG12242-MONOMER	EG12242-MONOMER	TU0-45231	EG11490
EG12242-MONOMER	EG12242-MONOMER	TU0-45231	G6786
EG12242-MONOMER	EG12242-MONOMER	TU0-45242	EG11398
EG12242-MONOMER	EG12242-MONOMER	TU0-45242	EG11399
EG12242-MONOMER	EG12242-MONOMER	TU0-45242	EG11400
EG12242-MONOMER	EG12242-MONOMER	TU0-45268	EG12243
EG12242-MONOMER	EG12242-MONOMER	TU0-45268	EG50009
EG12242-MONOMER	EG12242-MONOMER	TU0-5682	EG11544
EG12242-MONOMER	EG12242-MONOMER	TU0-5682	EG12240
EG12242-MONOMER	EG12242-MONOMER	TU0-5682	EG12241
EG12242-MONOMER	EG12242-MONOMER	TU0-5682	G0-16680
EG12242-MONOMER	EG12242-MONOMER	TU0-5761	G0-8914
EG12242-MONOMER	EG12242-MONOMER	TU00096	EG11889
EG12242-MONOMER	EG12242-MONOMER	TU00096	EG11890
EG12242-MONOMER	EG12242-MONOMER	TU00282	EG11398
EG12242-MONOMER	EG12242-MONOMER	TU00282	EG11399
EG12242-MONOMER	EG12242-MONOMER	TU00282	EG11400
EG12242-MONOMER	EG12242-MONOMER	TU369	EG11490
EG12242-MONOMER	EG12242-MONOMER	TU369	G6786
EG12242-MONOMER	EG12242-MONOMER	TU586	EG12243
EG12242-MONOMER	EG12242-MONOMER	TU586	EG50009
EG12243-MONOMER	EG12243-MONOMER	TU0-13221	EG11246
EG12243-MONOMER	EG12243-MONOMER	TU0-13335	G6841
EG12243-MONOMER	EG12243-MONOMER	TU0-13335	G6842
EG12243-MONOMER	EG12243-MONOMER	TU0-14433	EG12242
EG12243-MONOMER	EG12243-MONOMER	TU0-14433	EG12243
EG12243-MONOMER	EG12243-MONOMER	TU0-14719	EG12242
EG12243-MONOMER	EG12243-MONOMER	TU0-14736	EG11544
EG12243-MONOMER	EG12243-MONOMER	TU0-14736	G0-16680
EG12243-MONOMER	EG12243-MONOMER	TU0-2261	EG12243
EG12243-MONOMER	EG12243-MONOMER	TU0-3123	G6261
EG12243-MONOMER	EG12243-MONOMER	TU0-3123	G6262
EG12243-MONOMER	EG12243-MONOMER	TU0-41795	G6787
EG12243-MONOMER	EG12243-MONOMER	TU0-41795	G6788
EG12243-MONOMER	EG12243-MONOMER	TU0-45231	EG11490
EG12243-MONOMER	EG12243-MONOMER	TU0-45231	G6786
EG12243-MONOMER	EG12243-MONOMER	TU0-45242	EG11398
EG12243-MONOMER	EG12243-MONOMER	TU0-45242	EG11399
EG12243-MONOMER	EG12243-MONOMER	TU0-45242	EG11400
EG12243-MONOMER	EG12243-MONOMER	TU0-45268	EG12243
EG12243-MONOMER	EG12243-MONOMER	TU0-45268	EG50009
EG12243-MONOMER	EG12243-MONOMER	TU0-45279	EG11495
EG12243-MONOMER	EG12243-MONOMER	TU0-45285	EG10542
EG12243-MONOMER	EG12243-MONOMER	TU0-4903	EG11495
EG12243-MONOMER	EG12243-MONOMER	TU0-4929	EG10092
EG12243-MONOMER	EG12243-MONOMER	TU0-4931	EG10542
EG12243-MONOMER	EG12243-MONOMER	TU0-5682	EG11544
EG12243-MONOMER	EG12243-MONOMER	TU0-5682	EG12240
EG12243-MONOMER	EG12243-MONOMER	TU0-5682	EG12241
EG12243-MONOMER	EG12243-MONOMER	TU0-5682	G0-16680
EG12243-MONOMER	EG12243-MONOMER	TU0-5761	G0-8914
EG12243-MONOMER	EG12243-MONOMER	TU0-6281	EG10126
EG12243-MONOMER	EG12243-MONOMER	TU0-6281	EG11204
EG12243-MONOMER	EG12243-MONOMER	TU0-8473	G6877
EG12243-MONOMER	EG12243-MONOMER	TU00096	EG11889
EG12243-MONOMER	EG12243-MONOMER	TU00096	EG11890
EG12243-MONOMER	EG12243-MONOMER	TU00139	EG10457
EG12243-MONOMER	EG12243-MONOMER	TU00282	EG11398
EG12243-MONOMER	EG12243-MONOMER	TU00282	EG11399
EG12243-MONOMER	EG12243-MONOMER	TU00282	EG11400
EG12243-MONOMER	EG12243-MONOMER	TU00442	EG10510
EG12243-MONOMER	EG12243-MONOMER	TU00467	EG10131
EG12243-MONOMER	EG12243-MONOMER	TU00467	EG10132
EG12243-MONOMER	EG12243-MONOMER	TU369	EG11490
EG12243-MONOMER	EG12243-MONOMER	TU369	G6786
EG12243-MONOMER	EG12243-MONOMER	TU586	EG12243
EG12243-MONOMER	EG12243-MONOMER	TU586	EG50009
EG12243-MONOMER	EG12243-MONOMER	TU587	EG11821
EG12243-MONOMER	EG12243-MONOMER	TU587	EG12191
EG12278-MONOMER	EG12278-MONOMER	TU368	EG12278
EG12278-MONOMER	EG12278-MONOMER	TU592	EG12279
EG12278-MONOMER	EG12278-MONOMER	TU592	EG12280
EG12278-MONOMER	EG12278-MONOMER	TU592	EG12281
EG12278-MONOMER	EG12278-MONOMER	TU592	EG12282
EG12278-MONOMER	EG12278-MONOMER	TU592	EG12283
EG12278-MONOMER	EG12278-MONOMER	TU592	EG12284
EG12278-MONOMER	EG12278-MONOMER	TU592	EG12285
EG12278-MONOMER	EG12278-MONOMER	TU592	EG12286
EG12278-MONOMER	EG12278-MONOMER	TU592	EG12287
EG12289-MONOMER	EG12289-MONOMER	TU0-13986	EG12290
EG12289-MONOMER	EG12289-MONOMER	TU0-13986	EG12291
EG12335-MONOMER	EG12335-MONOMER	TU0-4461	EG12522
EG12335-MONOMER	EG12335-MONOMER	TU0-4462	G7445
EG12335-MONOMER	EG12335-MONOMER	TU0-4462	G7446
EG12335-MONOMER	EG12335-MONOMER	TU0-4462	G7447
EG12335-MONOMER	EG12335-MONOMER	TU0-4501	EG12335
EG12335-MONOMER	EG12335-MONOMER	TU482	EG10016
EG12335-MONOMER	EG12335-MONOMER	TU482	EG11175
EG12335-MONOMER	EG12335-MONOMER	TU482	EG11176
EG12335-MONOMER	EG12335-MONOMER	TU482	EG12760
EG12335-MONOMER	EG12335-MONOMER	TU482	EG30069
EG12344-MONOMER	EG12344-MONOMER	TU0-5741	EG11933
EG12344-MONOMER	EG12344-MONOMER	TU0-5741	G0-16700
EG12356-MONOMER	EG12356-MONOMER	TU61	G7750
EG12356-MONOMER	EG12356-MONOMER	TU61	G7751
EG12386-MONOMER	EG12386-MONOMER	TU0-12946	EG12843
EG12386-MONOMER	EG12386-MONOMER	TU0-13163	G6608
EG12386-MONOMER	EG12386-MONOMER	TU0-13178	G6629
EG12386-MONOMER	EG12386-MONOMER	TU0-13238	G6698
EG12386-MONOMER	EG12386-MONOMER	TU0-13313	G6816
EG12386-MONOMER	EG12386-MONOMER	TU0-13362	G6896
EG12386-MONOMER	EG12386-MONOMER	TU0-13470	G7062
EG12386-MONOMER	EG12386-MONOMER	TU0-13517	EG11991
EG12386-MONOMER	EG12386-MONOMER	TU0-13599	G7217
EG12386-MONOMER	EG12386-MONOMER	TU0-13682	EG12442
EG12386-MONOMER	EG12386-MONOMER	TU0-13700	G7382
EG12386-MONOMER	EG12386-MONOMER	TU0-13833	G7573
EG12386-MONOMER	EG12386-MONOMER	TU0-13851	EG12720
EG12386-MONOMER	EG12386-MONOMER	TU0-14020	EG11196
EG12386-MONOMER	EG12386-MONOMER	TU0-14076	EG11869
EG12386-MONOMER	EG12386-MONOMER	TU0-14150	G7841
EG12386-MONOMER	EG12386-MONOMER	TU0-14151	G7842
EG12386-MONOMER	EG12386-MONOMER	TU0-14172	G7882
EG12386-MONOMER	EG12386-MONOMER	TU0-14274	EG11605
EG12386-MONOMER	EG12386-MONOMER	TU0-14301	EG12328
EG12386-MONOMER	EG12386-MONOMER	TU0-4001	EG10361
EG12386-MONOMER	EG12386-MONOMER	TU0-4001	EG11329
EG12386-MONOMER	EG12386-MONOMER	TU0-4001	EG11330
EG12386-MONOMER	EG12386-MONOMER	TU0-4001	EG12387
EG12386-MONOMER	EG12386-MONOMER	TU0-4001	G7394
EG12386-MONOMER	EG12386-MONOMER	TU0-8613	G7861
EG12386-MONOMER	EG12386-MONOMER	TU0-8657	G7563
EG12386-MONOMER	EG12386-MONOMER	TU0-8680	G6499
EG12386-MONOMER	EG12386-MONOMER	TU0-8701	G6741
EG12386-MONOMER	EG12386-MONOMER	TU0-8777	EG11753
EG12386-MONOMER	EG12386-MONOMER	TU00249	EG12402
EG12386-MONOMER	EG12386-MONOMER	TU00249	EG12403
EG12406-MONOMER	EG12406-MONOMER	TU0-13050	EG12406
EG12406-MONOMER	EG12406-MONOMER	TU0-13050	G6409
EG12406-MONOMER	EG12406-MONOMER	TU0-13050	G6410
EG12406-MONOMER	EG12406-MONOMER	TU0-13050	G6411
EG12406-MONOMER	EG12406-MONOMER	TU0-13050	G6412
EG12406-MONOMER	EG12406-MONOMER	TU0-8500	EG11235
EG12431-MONOMER	EG12431-MONOMER	TU0-13209	G0-16737
EG12431-MONOMER	EG12431-MONOMER	TU0-13209	G6643
EG12431-MONOMER	EG12431-MONOMER	TU0-13209	G6644
EG12431-MONOMER	EG12431-MONOMER	TU0-13210	EG10036
EG12431-MONOMER	EG12431-MONOMER	TU0-13210	EG11822
EG12431-MONOMER	EG12431-MONOMER	TU0-13210	EG12431
EG12431-MONOMER	EG12431-MONOMER	TU0-13210	G6645
EG12431-MONOMER	EG12431-MONOMER	TU0-13210	G6646
EG12860-MONOMER	EG12860-MONOMER	TU0-13439	EG12860
EG20249-MONOMER	EG20249-MONOMER	TU0-14211	G7944
EG20249-MONOMER	EG20249-MONOMER	TU0-42612	EG12739
EG20249-MONOMER	EG20249-MONOMER	TU0-4961	EG12563
EG20249-MONOMER	EG20249-MONOMER	TU0-5041	EG20249
EG20249-MONOMER	EG20249-MONOMER	TU0-5081	EG11055
EG20249-MONOMER	EG20249-MONOMER	TU0-5081	EG11658
EG20249-MONOMER	EG20249-MONOMER	TU0-5081	G6866
EG20249-MONOMER	EG20249-MONOMER	TU0-8628	G7945
EG20249-MONOMER	EG20249-MONOMER	TU101	EG11066
EG20249-MONOMER	EG20249-MONOMER	TU101	EG20248
FNR-4FE-4S-CPLX	CPLX0-7797	TU-8382	EG11241
FNR-4FE-4S-CPLX	CPLX0-7797	TU-8399	G7035
FNR-4FE-4S-CPLX	CPLX0-7797	TU-8441	G7866
FNR-4FE-4S-CPLX	CPLX0-7797	TU-8443	EG11287
FNR-4FE-4S-CPLX	CPLX0-7797	TU0-1143	EG11784
FNR-4FE-4S-CPLX	CPLX0-7797	TU0-1201	EG10372
FNR-4FE-4S-CPLX	CPLX0-7797	TU0-12993	G6331
FNR-4FE-4S-CPLX	CPLX0-7797	TU0-13000	G6345
FNR-4FE-4S-CPLX	CPLX0-7797	TU0-13000	G6346
FNR-4FE-4S-CPLX	CPLX0-7797	TU0-13156	G6600
FNR-4FE-4S-CPLX	CPLX0-7797	TU0-13209	G0-16737
FNR-4FE-4S-CPLX	CPLX0-7797	TU0-13209	G6643
FNR-4FE-4S-CPLX	CPLX0-7797	TU0-13209	G6644
FNR-4FE-4S-CPLX	CPLX0-7797	TU0-13312	G6815
FNR-4FE-4S-CPLX	CPLX0-7797	TU0-13965	EG12244
FNR-4FE-4S-CPLX	CPLX0-7797	TU0-14031	EG11730
FNR-4FE-4S-CPLX	CPLX0-7797	TU0-14031	EG11731
FNR-4FE-4S-CPLX	CPLX0-7797	TU0-14433	EG12242
FNR-4FE-4S-CPLX	CPLX0-7797	TU0-14433	EG12243
FNR-4FE-4S-CPLX	CPLX0-7797	TU0-14675	G6897
FNR-4FE-4S-CPLX	CPLX0-7797	TU0-14675	G6898
FNR-4FE-4S-CPLX	CPLX0-7797	TU0-14675	G6899
FNR-4FE-4S-CPLX	CPLX0-7797	TU0-14675	G6900
FNR-4FE-4S-CPLX	CPLX0-7797	TU0-14675	G6901
FNR-4FE-4S-CPLX	CPLX0-7797	TU0-14675	G6902
FNR-4FE-4S-CPLX	CPLX0-7797	TU0-14692	EG10734
FNR-4FE-4S-CPLX	CPLX0-7797	TU0-14693	EG10734
FNR-4FE-4S-CPLX	CPLX0-7797	TU0-14693	EG10782
FNR-4FE-4S-CPLX	CPLX0-7797	TU0-14693	EG10784
FNR-4FE-4S-CPLX	CPLX0-7797	TU0-14750	G6339
FNR-4FE-4S-CPLX	CPLX0-7797	TU0-14750	G6340
FNR-4FE-4S-CPLX	CPLX0-7797	TU0-14750	G6341
FNR-4FE-4S-CPLX	CPLX0-7797	TU0-14750	G6342
FNR-4FE-4S-CPLX	CPLX0-7797	TU0-14750	G6343
FNR-4FE-4S-CPLX	CPLX0-7797	TU0-14750	G6344
FNR-4FE-4S-CPLX	CPLX0-7797	TU0-14795	G0-10677
FNR-4FE-4S-CPLX	CPLX0-7797	TU0-1546	G7595
FNR-4FE-4S-CPLX	CPLX0-7797	TU0-1547	EG10147
FNR-4FE-4S-CPLX	CPLX0-7797	TU0-1547	EG10148
FNR-4FE-4S-CPLX	CPLX0-7797	TU0-1547	EG10150
FNR-4FE-4S-CPLX	CPLX0-7797	TU0-1547	EG10151
FNR-4FE-4S-CPLX	CPLX0-7797	TU0-1547	EG10987
FNR-4FE-4S-CPLX	CPLX0-7797	TU0-1547	EG10988
FNR-4FE-4S-CPLX	CPLX0-7797	TU0-1603	G6347
FNR-4FE-4S-CPLX	CPLX0-7797	TU0-2261	EG12243
FNR-4FE-4S-CPLX	CPLX0-7797	TU0-3101	EG13283
FNR-4FE-4S-CPLX	CPLX0-7797	TU0-3101	G7233
FNR-4FE-4S-CPLX	CPLX0-7797	TU0-3145	G7485
FNR-4FE-4S-CPLX	CPLX0-7797	TU0-3145	G7486
FNR-4FE-4S-CPLX	CPLX0-7797	TU0-3145	G7487
FNR-4FE-4S-CPLX	CPLX0-7797	TU0-3161	EG10173
FNR-4FE-4S-CPLX	CPLX0-7797	TU0-3161	EG10174
FNR-4FE-4S-CPLX	CPLX0-7797	TU0-3162	EG10173
FNR-4FE-4S-CPLX	CPLX0-7797	TU0-3162	EG10174
FNR-4FE-4S-CPLX	CPLX0-7797	TU0-36398	EG11411
FNR-4FE-4S-CPLX	CPLX0-7797	TU0-4201	EG10427
FNR-4FE-4S-CPLX	CPLX0-7797	TU0-4201	EG10761
FNR-4FE-4S-CPLX	CPLX0-7797	TU0-4201	EG12424
FNR-4FE-4S-CPLX	CPLX0-7797	TU0-42499	EG10356
FNR-4FE-4S-CPLX	CPLX0-7797	TU0-42499	EG10358
FNR-4FE-4S-CPLX	CPLX0-7797	TU0-42509	EG10979
FNR-4FE-4S-CPLX	CPLX0-7797	TU0-42509	EG10980
FNR-4FE-4S-CPLX	CPLX0-7797	TU0-42650	EG10754
FNR-4FE-4S-CPLX	CPLX0-7797	TU0-42650	G6456
FNR-4FE-4S-CPLX	CPLX0-7797	TU0-42650	G6457
FNR-4FE-4S-CPLX	CPLX0-7797	TU0-4441	EG12450
FNR-4FE-4S-CPLX	CPLX0-7797	TU0-4441	G7413
FNR-4FE-4S-CPLX	CPLX0-7797	TU0-45182	EG10403
FNR-4FE-4S-CPLX	CPLX0-7797	TU0-45182	EG10404
FNR-4FE-4S-CPLX	CPLX0-7797	TU0-45182	EG11514
FNR-4FE-4S-CPLX	CPLX0-7797	TU0-45214	EG10734
FNR-4FE-4S-CPLX	CPLX0-7797	TU0-45214	EG10782
FNR-4FE-4S-CPLX	CPLX0-7797	TU0-45214	EG10784
FNR-4FE-4S-CPLX	CPLX0-7797	TU0-45215	EG10734
FNR-4FE-4S-CPLX	CPLX0-7797	TU0-45216	EG10734
FNR-4FE-4S-CPLX	CPLX0-7797	TU0-45216	EG10735
FNR-4FE-4S-CPLX	CPLX0-7797	TU0-45216	EG10782
FNR-4FE-4S-CPLX	CPLX0-7797	TU0-45216	EG10783
FNR-4FE-4S-CPLX	CPLX0-7797	TU0-45216	EG10784
FNR-4FE-4S-CPLX	CPLX0-7797	TU0-45219	G0-16685
FNR-4FE-4S-CPLX	CPLX0-7797	TU0-45219	G7923
FNR-4FE-4S-CPLX	CPLX0-7797	TU0-45222	EG10024
FNR-4FE-4S-CPLX	CPLX0-7797	TU0-45222	EG10025
FNR-4FE-4S-CPLX	CPLX0-7797	TU0-45222	EG10543
FNR-4FE-4S-CPLX	CPLX0-7797	TU0-45222	EG11088
FNR-4FE-4S-CPLX	CPLX0-7797	TU0-45225	EG10330
FNR-4FE-4S-CPLX	CPLX0-7797	TU0-45225	EG10331
FNR-4FE-4S-CPLX	CPLX0-7797	TU0-45225	EG10332
FNR-4FE-4S-CPLX	CPLX0-7797	TU0-45225	EG10333
FNR-4FE-4S-CPLX	CPLX0-7797	TU0-45246	G6845
FNR-4FE-4S-CPLX	CPLX0-7797	TU0-45246	G6846
FNR-4FE-4S-CPLX	CPLX0-7797	TU0-45246	G6847
FNR-4FE-4S-CPLX	CPLX0-7797	TU0-45246	G6848
FNR-4FE-4S-CPLX	CPLX0-7797	TU0-45246	G6849
FNR-4FE-4S-CPLX	CPLX0-7797	TU0-45254	EG10024
FNR-4FE-4S-CPLX	CPLX0-7797	TU0-45254	EG10025
FNR-4FE-4S-CPLX	CPLX0-7797	TU0-45268	EG12243
FNR-4FE-4S-CPLX	CPLX0-7797	TU0-45268	EG50009
FNR-4FE-4S-CPLX	CPLX0-7797	TU0-4783	EG11417
FNR-4FE-4S-CPLX	CPLX0-7797	TU0-4783	G812
FNR-4FE-4S-CPLX	CPLX0-7797	TU0-5021	EG12734
FNR-4FE-4S-CPLX	CPLX0-7797	TU0-5021	G81
FNR-4FE-4S-CPLX	CPLX0-7797	TU0-5101	EG10411
FNR-4FE-4S-CPLX	CPLX0-7797	TU0-5101	G0-16693
FNR-4FE-4S-CPLX	CPLX0-7797	TU0-5481	G6845
FNR-4FE-4S-CPLX	CPLX0-7797	TU0-5481	G6846
FNR-4FE-4S-CPLX	CPLX0-7797	TU0-5481	G6847
FNR-4FE-4S-CPLX	CPLX0-7797	TU0-5481	G6848
FNR-4FE-4S-CPLX	CPLX0-7797	TU0-5481	G6849
FNR-4FE-4S-CPLX	CPLX0-7797	TU0-6021	EG10095
FNR-4FE-4S-CPLX	CPLX0-7797	TU0-6021	EG11225
FNR-4FE-4S-CPLX	CPLX0-7797	TU0-6021	G0-17100
FNR-4FE-4S-CPLX	CPLX0-7797	TU0-6482	EG10096
FNR-4FE-4S-CPLX	CPLX0-7797	TU0-6629	EG12358
FNR-4FE-4S-CPLX	CPLX0-7797	TU0-6629	G6476
FNR-4FE-4S-CPLX	CPLX0-7797	TU0-6629	G6477
FNR-4FE-4S-CPLX	CPLX0-7797	TU0-6629	G6478
FNR-4FE-4S-CPLX	CPLX0-7797	TU0-6629	G6479
FNR-4FE-4S-CPLX	CPLX0-7797	TU0-6634	EG10024
FNR-4FE-4S-CPLX	CPLX0-7797	TU0-6634	EG10025
FNR-4FE-4S-CPLX	CPLX0-7797	TU0-6657	EG10881
FNR-4FE-4S-CPLX	CPLX0-7797	TU0-6657	RPLT-T2
FNR-4FE-4S-CPLX	CPLX0-7797	TU0-7021	G6456
FNR-4FE-4S-CPLX	CPLX0-7797	TU0-7021	G6457
FNR-4FE-4S-CPLX	CPLX0-7797	TU0-8343	EG11444
FNR-4FE-4S-CPLX	CPLX0-7797	TU0-8343	EG11445
FNR-4FE-4S-CPLX	CPLX0-7797	TU0-8343	G7516
FNR-4FE-4S-CPLX	CPLX0-7797	TU0-8343	G7517
FNR-4FE-4S-CPLX	CPLX0-7797	TU0-8345	EG10301
FNR-4FE-4S-CPLX	CPLX0-7797	TU0-8345	EG10484
FNR-4FE-4S-CPLX	CPLX0-7797	TU0-8345	EG10485
FNR-4FE-4S-CPLX	CPLX0-7797	TU0-8345	EG10486
FNR-4FE-4S-CPLX	CPLX0-7797	TU0-8345	EG10487
FNR-4FE-4S-CPLX	CPLX0-7797	TU0-8347	G7826
FNR-4FE-4S-CPLX	CPLX0-7797	TU0-8347	G7827
FNR-4FE-4S-CPLX	CPLX0-7797	TU0-8354	EG12258
FNR-4FE-4S-CPLX	CPLX0-7797	TU0-8354	EG12259
FNR-4FE-4S-CPLX	CPLX0-7797	TU0-8359	G8205
FNR-4FE-4S-CPLX	CPLX0-7797	TU0-8490	EG11549
FNR-4FE-4S-CPLX	CPLX0-7797	TU0-8491	EG12230
FNR-4FE-4S-CPLX	CPLX0-7797	TU0-8658	G7594
FNR-4FE-4S-CPLX	CPLX0-7797	TU0-8661	G7804
FNR-4FE-4S-CPLX	CPLX0-7797	TU0-8691	EG12405
FNR-4FE-4S-CPLX	CPLX0-7797	TU0-8706	EG11645
FNR-4FE-4S-CPLX	CPLX0-7797	TU0-8738	G7314
FNR-4FE-4S-CPLX	CPLX0-7797	TU0-8812	EG12117
FNR-4FE-4S-CPLX	CPLX0-7797	TU0-8813	EG11124
FNR-4FE-4S-CPLX	CPLX0-7797	TU0-8855	EG10881
FNR-4FE-4S-CPLX	CPLX0-7797	TU0-8855	EG11272
FNR-4FE-4S-CPLX	CPLX0-7797	TU0-8855	PHEM-T3
FNR-4FE-4S-CPLX	CPLX0-7797	TU00019	EG10232
FNR-4FE-4S-CPLX	CPLX0-7797	TU00019	EG10233
FNR-4FE-4S-CPLX	CPLX0-7797	TU00019	EG10234
FNR-4FE-4S-CPLX	CPLX0-7797	TU00022	EG10325
FNR-4FE-4S-CPLX	CPLX0-7797	TU00023	EG10330
FNR-4FE-4S-CPLX	CPLX0-7797	TU00023	EG10331
FNR-4FE-4S-CPLX	CPLX0-7797	TU00023	EG10332
FNR-4FE-4S-CPLX	CPLX0-7797	TU00023	EG10333
FNR-4FE-4S-CPLX	CPLX0-7797	TU00030	EG10391
FNR-4FE-4S-CPLX	CPLX0-7797	TU00030	EG10392
FNR-4FE-4S-CPLX	CPLX0-7797	TU00030	EG10393
FNR-4FE-4S-CPLX	CPLX0-7797	TU00034	EG10511
FNR-4FE-4S-CPLX	CPLX0-7797	TU00039	EG10560
FNR-4FE-4S-CPLX	CPLX0-7797	TU00039	EG10561
FNR-4FE-4S-CPLX	CPLX0-7797	TU00044	EG10638
FNR-4FE-4S-CPLX	CPLX0-7797	TU00044	EG10639
FNR-4FE-4S-CPLX	CPLX0-7797	TU00044	EG10640
FNR-4FE-4S-CPLX	CPLX0-7797	TU00044	EG10641
FNR-4FE-4S-CPLX	CPLX0-7797	TU00045	EG10642
FNR-4FE-4S-CPLX	CPLX0-7797	TU00045	G0-17088
FNR-4FE-4S-CPLX	CPLX0-7797	TU00046	EG10188
FNR-4FE-4S-CPLX	CPLX0-7797	TU00046	EG10653
FNR-4FE-4S-CPLX	CPLX0-7797	TU00046	EG10654
FNR-4FE-4S-CPLX	CPLX0-7797	TU00046	EG10655
FNR-4FE-4S-CPLX	CPLX0-7797	TU00058	EG10798
FNR-4FE-4S-CPLX	CPLX0-7797	TU00058	EG10799
FNR-4FE-4S-CPLX	CPLX0-7797	TU00064	EG10953
FNR-4FE-4S-CPLX	CPLX0-7797	TU00075	EG10046
FNR-4FE-4S-CPLX	CPLX0-7797	TU00100	EG10173
FNR-4FE-4S-CPLX	CPLX0-7797	TU00100	EG10174
FNR-4FE-4S-CPLX	CPLX0-7797	TU00101	EG10178
FNR-4FE-4S-CPLX	CPLX0-7797	TU00101	EG10179
FNR-4FE-4S-CPLX	CPLX0-7797	TU00101	EG10180
FNR-4FE-4S-CPLX	CPLX0-7797	TU00101	EG10181
FNR-4FE-4S-CPLX	CPLX0-7797	TU00101	EG10182
FNR-4FE-4S-CPLX	CPLX0-7797	TU00103	EG10979
FNR-4FE-4S-CPLX	CPLX0-7797	TU00103	EG10980
FNR-4FE-4S-CPLX	CPLX0-7797	TU00103	EG10981
FNR-4FE-4S-CPLX	CPLX0-7797	TU00103	EG10982
FNR-4FE-4S-CPLX	CPLX0-7797	TU00103	G0-17009
FNR-4FE-4S-CPLX	CPLX0-7797	TU00104	EG10356
FNR-4FE-4S-CPLX	CPLX0-7797	TU00105	EG10358
FNR-4FE-4S-CPLX	CPLX0-7797	TU00118	EG10133
FNR-4FE-4S-CPLX	CPLX0-7797	TU00125	EG10989
FNR-4FE-4S-CPLX	CPLX0-7797	TU00125	EG10990
FNR-4FE-4S-CPLX	CPLX0-7797	TU00125	EG10991
FNR-4FE-4S-CPLX	CPLX0-7797	TU00125	EG11172
FNR-4FE-4S-CPLX	CPLX0-7797	TU00125	G7624
FNR-4FE-4S-CPLX	CPLX0-7797	TU00125	G7626
FNR-4FE-4S-CPLX	CPLX0-7797	TU00125	G7627
FNR-4FE-4S-CPLX	CPLX0-7797	TU00152	EG10285
FNR-4FE-4S-CPLX	CPLX0-7797	TU00156	EG10643
FNR-4FE-4S-CPLX	CPLX0-7797	TU00156	EG10646
FNR-4FE-4S-CPLX	CPLX0-7797	TU00157	EG11227
FNR-4FE-4S-CPLX	CPLX0-7797	TU00157	EG11228
FNR-4FE-4S-CPLX	CPLX0-7797	TU00157	EG11229
FNR-4FE-4S-CPLX	CPLX0-7797	TU00158	EG10649
FNR-4FE-4S-CPLX	CPLX0-7797	TU00159	EG10357
FNR-4FE-4S-CPLX	CPLX0-7797	TU00160	EG10095
FNR-4FE-4S-CPLX	CPLX0-7797	TU00170	EG10371
FNR-4FE-4S-CPLX	CPLX0-7797	TU00170	EG11442
FNR-4FE-4S-CPLX	CPLX0-7797	TU00170	EG11810
FNR-4FE-4S-CPLX	CPLX0-7797	TU00182	EG10403
FNR-4FE-4S-CPLX	CPLX0-7797	TU00182	EG10404
FNR-4FE-4S-CPLX	CPLX0-7797	TU00182	EG11514
FNR-4FE-4S-CPLX	CPLX0-7797	TU00199	EG11781
FNR-4FE-4S-CPLX	CPLX0-7797	TU00199	EG11945
FNR-4FE-4S-CPLX	CPLX0-7797	TU00199	EG11946
FNR-4FE-4S-CPLX	CPLX0-7797	TU00199	EG11947
FNR-4FE-4S-CPLX	CPLX0-7797	TU00199	EG11948
FNR-4FE-4S-CPLX	CPLX0-7797	TU00199	EG11949
FNR-4FE-4S-CPLX	CPLX0-7797	TU00199	EG11950
FNR-4FE-4S-CPLX	CPLX0-7797	TU00202	EG10734
FNR-4FE-4S-CPLX	CPLX0-7797	TU00202	EG10735
FNR-4FE-4S-CPLX	CPLX0-7797	TU00202	EG10782
FNR-4FE-4S-CPLX	CPLX0-7797	TU00202	EG10783
FNR-4FE-4S-CPLX	CPLX0-7797	TU00202	EG10784
FNR-4FE-4S-CPLX	CPLX0-7797	TU00209	EG11221
FNR-4FE-4S-CPLX	CPLX0-7797	TU00211	EG10958
FNR-4FE-4S-CPLX	CPLX0-7797	TU00216	EG10399
FNR-4FE-4S-CPLX	CPLX0-7797	TU00216	EG10401
FNR-4FE-4S-CPLX	CPLX0-7797	TU00234	ACRFT1
FNR-4FE-4S-CPLX	CPLX0-7797	TU00234	EG10266
FNR-4FE-4S-CPLX	CPLX0-7797	TU00234	EG10267
FNR-4FE-4S-CPLX	CPLX0-7797	TU00247	EG11557
FNR-4FE-4S-CPLX	CPLX0-7797	TU00247	EG11558
FNR-4FE-4S-CPLX	CPLX0-7797	TU00247	EG11559
FNR-4FE-4S-CPLX	CPLX0-7797	TU00247	EG11560
FNR-4FE-4S-CPLX	CPLX0-7797	TU00247	EG11561
FNR-4FE-4S-CPLX	CPLX0-7797	TU00247	EG12608
FNR-4FE-4S-CPLX	CPLX0-7797	TU00254	EG10012
FNR-4FE-4S-CPLX	CPLX0-7797	TU00254	EG11405
FNR-4FE-4S-CPLX	CPLX0-7797	TU00262	EG10248
FNR-4FE-4S-CPLX	CPLX0-7797	TU00262	EG12625
FNR-4FE-4S-CPLX	CPLX0-7797	TU00262	EG12626
FNR-4FE-4S-CPLX	CPLX0-7797	TU00262	EG12627
FNR-4FE-4S-CPLX	CPLX0-7797	TU00262	EG12628
FNR-4FE-4S-CPLX	CPLX0-7797	TU00269	EG12101
FNR-4FE-4S-CPLX	CPLX0-7797	TU00269	EG12102
FNR-4FE-4S-CPLX	CPLX0-7797	TU00269	EG12933
FNR-4FE-4S-CPLX	CPLX0-7797	TU00270	EG10264
FNR-4FE-4S-CPLX	CPLX0-7797	TU00270	EG10297
FNR-4FE-4S-CPLX	CPLX0-7797	TU00270	EG10299
FNR-4FE-4S-CPLX	CPLX0-7797	TU00270	G0-10437
FNR-4FE-4S-CPLX	CPLX0-7797	TU00300	EG11595
FNR-4FE-4S-CPLX	CPLX0-7797	TU00300	EG11596
FNR-4FE-4S-CPLX	CPLX0-7797	TU00300	EG11597
FNR-4FE-4S-CPLX	CPLX0-7797	TU00300	EG11598
FNR-4FE-4S-CPLX	CPLX0-7797	TU00300	EG11666
FNR-4FE-4S-CPLX	CPLX0-7797	TU00302	EG10153
FNR-4FE-4S-CPLX	CPLX0-7797	TU00302	EG10154
FNR-4FE-4S-CPLX	CPLX0-7797	TU00305	EG12052
FNR-4FE-4S-CPLX	CPLX0-7797	TU00305	EG12053
FNR-4FE-4S-CPLX	CPLX0-7797	TU00305	EG12054
FNR-4FE-4S-CPLX	CPLX0-7797	TU00305	EG12055
FNR-4FE-4S-CPLX	CPLX0-7797	TU00305	EG12057
FNR-4FE-4S-CPLX	CPLX0-7797	TU00305	EG12058
FNR-4FE-4S-CPLX	CPLX0-7797	TU00305	EG12059
FNR-4FE-4S-CPLX	CPLX0-7797	TU00305	EG12060
FNR-4FE-4S-CPLX	CPLX0-7797	TU00305	EG12061
FNR-4FE-4S-CPLX	CPLX0-7797	TU00305	EG12062
FNR-4FE-4S-CPLX	CPLX0-7797	TU00305	EG12064
FNR-4FE-4S-CPLX	CPLX0-7797	TU00305	EG12067
FNR-4FE-4S-CPLX	CPLX0-7797	TU00305	EG12068
FNR-4FE-4S-CPLX	CPLX0-7797	TU00305	EG12143
FNR-4FE-4S-CPLX	CPLX0-7797	TU00305	EG12169
FNR-4FE-4S-CPLX	CPLX0-7797	TU00308	EG11519
FNR-4FE-4S-CPLX	CPLX0-7797	TU00308	EG12075
FNR-4FE-4S-CPLX	CPLX0-7797	TU00308	EG12076
FNR-4FE-4S-CPLX	CPLX0-7797	TU00308	EG12077
FNR-4FE-4S-CPLX	CPLX0-7797	TU00308	EG12078
FNR-4FE-4S-CPLX	CPLX0-7797	TU00308	EG12079
FNR-4FE-4S-CPLX	CPLX0-7797	TU00310	EG11773
FNR-4FE-4S-CPLX	CPLX0-7797	TU00310	EG11774
FNR-4FE-4S-CPLX	CPLX0-7797	TU00310	EG12082
FNR-4FE-4S-CPLX	CPLX0-7797	TU00310	EG12083
FNR-4FE-4S-CPLX	CPLX0-7797	TU00310	EG12084
FNR-4FE-4S-CPLX	CPLX0-7797	TU00310	EG12086
FNR-4FE-4S-CPLX	CPLX0-7797	TU00310	EG12087
FNR-4FE-4S-CPLX	CPLX0-7797	TU00310	EG12088
FNR-4FE-4S-CPLX	CPLX0-7797	TU00310	EG12089
FNR-4FE-4S-CPLX	CPLX0-7797	TU00310	EG12090
FNR-4FE-4S-CPLX	CPLX0-7797	TU00310	EG12091
FNR-4FE-4S-CPLX	CPLX0-7797	TU00310	EG12092
FNR-4FE-4S-CPLX	CPLX0-7797	TU00310	EG12093
FNR-4FE-4S-CPLX	CPLX0-7797	TU00336	EG10874
FNR-4FE-4S-CPLX	CPLX0-7797	TU00336	EG10908
FNR-4FE-4S-CPLX	CPLX0-7797	TU00347	EG10865
FNR-4FE-4S-CPLX	CPLX0-7797	TU00347	EG10866
FNR-4FE-4S-CPLX	CPLX0-7797	TU00347	EG10867
FNR-4FE-4S-CPLX	CPLX0-7797	TU00347	EG10877
FNR-4FE-4S-CPLX	CPLX0-7797	TU00347	EG10882
FNR-4FE-4S-CPLX	CPLX0-7797	TU00347	EG10883
FNR-4FE-4S-CPLX	CPLX0-7797	TU00347	EG10887
FNR-4FE-4S-CPLX	CPLX0-7797	TU00347	EG10902
FNR-4FE-4S-CPLX	CPLX0-7797	TU00347	EG10909
FNR-4FE-4S-CPLX	CPLX0-7797	TU00347	EG10916
FNR-4FE-4S-CPLX	CPLX0-7797	TU00347	EG10918
FNR-4FE-4S-CPLX	CPLX0-7797	TU00351	EG10880
FNR-4FE-4S-CPLX	CPLX0-7797	TU00351	EG10915
FNR-4FE-4S-CPLX	CPLX0-7797	TU00351	EG11023
FNR-4FE-4S-CPLX	CPLX0-7797	TU00351	EG11153
FNR-4FE-4S-CPLX	CPLX0-7797	TU00369	EG11369
FNR-4FE-4S-CPLX	CPLX0-7797	TU00369	EG11370
FNR-4FE-4S-CPLX	CPLX0-7797	TU00377	EG10701
FNR-4FE-4S-CPLX	CPLX0-7797	TU00377	EG11258
FNR-4FE-4S-CPLX	CPLX0-7797	TU00379	EG10701
FNR-4FE-4S-CPLX	CPLX0-7797	TU00379	EG11258
FNR-4FE-4S-CPLX	CPLX0-7797	TU00385	EG10027
FNR-4FE-4S-CPLX	CPLX0-7797	TU00424	EG10484
FNR-4FE-4S-CPLX	CPLX0-7797	TU00424	EG10485
FNR-4FE-4S-CPLX	CPLX0-7797	TU00424	EG10486
FNR-4FE-4S-CPLX	CPLX0-7797	TU00424	EG10487
FNR-4FE-4S-CPLX	CPLX0-7797	TU00439	EG11332
FNR-4FE-4S-CPLX	CPLX0-7797	TU00439	EG12129
FNR-4FE-4S-CPLX	CPLX0-7797	TU00456	EG10957
FNR-4FE-4S-CPLX	CPLX0-7797	TU00468	EG10006
FNR-4FE-4S-CPLX	CPLX0-7797	TU00468	EG10357
FNR-4FE-4S-CPLX	CPLX0-7797	TU00522	EG10024
FNR-4FE-4S-CPLX	CPLX0-7797	TU00522	EG10025
FNR-4FE-4S-CPLX	CPLX0-7797	TU00522	EG10543
FNR-4FE-4S-CPLX	CPLX0-7797	TU00522	EG11088
FNR-4FE-4S-CPLX	CPLX0-7797	TU00523	EG10543
FNR-4FE-4S-CPLX	CPLX0-7797	TU00524	EG10931
FNR-4FE-4S-CPLX	CPLX0-7797	TU00524	EG10932
FNR-4FE-4S-CPLX	CPLX0-7797	TU00524	EG10933
FNR-4FE-4S-CPLX	CPLX0-7797	TU00524	EG10934
FNR-4FE-4S-CPLX	CPLX0-7797	TU00524	EG10979
FNR-4FE-4S-CPLX	CPLX0-7797	TU00524	EG10980
FNR-4FE-4S-CPLX	CPLX0-7797	TU00524	EG10981
FNR-4FE-4S-CPLX	CPLX0-7797	TU00524	EG10982
FNR-4FE-4S-CPLX	CPLX0-7797	TU00524	G0-17009
FNR-4FE-4S-CPLX	CPLX0-7797	TU00524	G6388
FNR-4FE-4S-CPLX	CPLX0-7797	TU102	EG10035
FNR-4FE-4S-CPLX	CPLX0-7797	TU141	G6088
FNR-4FE-4S-CPLX	CPLX0-7797	TU142	EG11562
FNR-4FE-4S-CPLX	CPLX0-7797	TU142	EG11563
FNR-4FE-4S-CPLX	CPLX0-7797	TU142	EG11564
FNR-4FE-4S-CPLX	CPLX0-7797	TU142	EG11565
FNR-4FE-4S-CPLX	CPLX0-7797	TU344	ARCAT1
FNR-4FE-4S-CPLX	CPLX0-7797	TU344	EG10061
FNR-4FE-4S-CPLX	CPLX0-7797	TU346	ARCAT1
FNR-4FE-4S-CPLX	CPLX0-7797	TU346	EG10061
FNR-4FE-4S-CPLX	CPLX0-7797	TU358	EG10173
FNR-4FE-4S-CPLX	CPLX0-7797	TU358	EG10174
FNR-4FE-4S-CPLX	CPLX0-7797	TU482	EG10016
FNR-4FE-4S-CPLX	CPLX0-7797	TU482	EG11175
FNR-4FE-4S-CPLX	CPLX0-7797	TU482	EG11176
FNR-4FE-4S-CPLX	CPLX0-7797	TU482	EG12760
FNR-4FE-4S-CPLX	CPLX0-7797	TU482	EG30069
FNR-4FE-4S-CPLX	CPLX0-7797	TU544	G6660
FNR-4FE-4S-CPLX	CPLX0-7797	TU546	EG10031
FNR-4FE-4S-CPLX	CPLX0-7797	TU581	G6619
FNR-4FE-4S-CPLX	CPLX0-7797	TU586	EG12243
FNR-4FE-4S-CPLX	CPLX0-7797	TU586	EG50009
FNR-4FE-4S-CPLX	CPLX0-7797	TU587	EG11821
FNR-4FE-4S-CPLX	CPLX0-7797	TU587	EG12191
FNR-4FE-4S-CPLX	CPLX0-7797	TU65	G7072
FNR-4FE-4S-CPLX	CPLX0-7797	TU681	EG10456
FNR-4FE-4S-CPLX	CPLX0-7797	TU686	EG11150
FNR-4FE-4S-CPLX	CPLX0-7797	TU686	EG11282
FNR-4FE-4S-CPLX	CPLX0-7797	TU686	G7300
FNR-4FE-4S-CPLX	CPLX0-7797	TU686	G7301
FNR-4FE-4S-CPLX	CPLX0-7797	TU686	G7302
FNR-4FE-4S-CPLX	CPLX0-7797	TU686	G7303
FNR-4FE-4S-CPLX	CPLX0-7797	TU686	G7304
FNR-4FE-4S-CPLX	CPLX0-7797	TU686	G7305
FNR-4FE-4S-CPLX	CPLX0-7797	TU686	G7306
FNR-4FE-4S-CPLX	CPLX0-7797	TU686	G7307
FNR-4FE-4S-CPLX	CPLX0-7797	TU686	G7308
FNR-4FE-4S-CPLX	CPLX0-7797	TU686	G7309
FNR-4FE-4S-CPLX	CPLX0-7797	TU794	EG11325
FNR-4FE-4S-CPLX	CPLX0-7797	TU861	EG12031
G6144-MONOMER	G6144-MONOMER	TU0-12866	EG12338
G6144-MONOMER	G6144-MONOMER	TU0-12866	EG12339
G6144-MONOMER	G6144-MONOMER	TU0-12866	G0-10433
G6144-MONOMER	G6144-MONOMER	TU0-12867	G6140
G6144-MONOMER	G6144-MONOMER	TU0-12867	G6141
G6165-MONOMER	G6165-MONOMER	TU0-12879	G6164
G6165-MONOMER	G6165-MONOMER	TU0-12880	G6165
G6165-MONOMER	G6165-MONOMER	TU0-14785	EG10319
G6165-MONOMER	G6165-MONOMER	TU0-14785	EG10320
G6165-MONOMER	G6165-MONOMER	TU0-1521	EG10321
G6165-MONOMER	G6165-MONOMER	TU0-1521	G0-17102
G6165-MONOMER	G6165-MONOMER	TU00136	EG10319
G6165-MONOMER	G6165-MONOMER	TU00136	EG10320
G6165-MONOMER	G6165-MONOMER	TU00415	EG11355
G6165-MONOMER	G6165-MONOMER	TU00415	EG11356
G6165-MONOMER	G6165-MONOMER	TU00415	G7039
G6175-MONOMER	G6175-MONOMER	TU0-12885	G6171
G6175-MONOMER	G6175-MONOMER	TU0-12885	G6173
G6175-MONOMER	G6175-MONOMER	TU0-12885	G6174
G6332-MONOMER	G6332-MONOMER	TU0-194010	G6330
G6332-MONOMER	G6332-MONOMER	TU0-194010	G6331
G6332-MONOMER	G6332-MONOMER	TU0-194010	G6332
G6569-MONOMER	G6569-MONOMER	TU0-8685	G6570
G6602-MONOMER	G6602-MONOMER	TU0-14762	G6604
G6602-MONOMER	G6602-MONOMER	TU0-14762	G6605
G6602-MONOMER	G6602-MONOMER	TU0-14762	G6606
G6602-MONOMER	G6602-MONOMER	TU0-14762	G6607
G6602-MONOMER	G6602-MONOMER	TU0-45166	G6604
G6602-MONOMER	G6602-MONOMER	TU0-45166	G6605
G6602-MONOMER	G6602-MONOMER	TU0-45166	G6606
G6602-MONOMER	G6602-MONOMER	TU0-45166	G6607
G6628-MONOMER	G6628-MONOMER	TU0-7962	G6628
G6628-MONOMER	G6628-MONOMER	TU0-7981	EG12399
G6628-MONOMER	G6628-MONOMER	TU0-7981	G6626
G6628-MONOMER	G6628-MONOMER	TU0-7981	G6627
G6658-MONOMER	G6658-MONOMER	TU0-13212	G0-10445
G6658-MONOMER	G6658-MONOMER	TU0-13212	G6647
G6658-MONOMER	G6658-MONOMER	TU0-13212	G6648
G6658-MONOMER	G6658-MONOMER	TU0-13212	G6649
G6658-MONOMER	G6658-MONOMER	TU0-13212	G6650
G6658-MONOMER	G6658-MONOMER	TU0-13212	G6651
G6658-MONOMER	G6658-MONOMER	TU0-13212	G6652
G6658-MONOMER	G6658-MONOMER	TU0-13212	G6653
G6658-MONOMER	G6658-MONOMER	TU0-13212	G6654
G6658-MONOMER	G6658-MONOMER	TU0-13212	G6655
G6658-MONOMER	G6658-MONOMER	TU0-13212	G6656
G6658-MONOMER	G6658-MONOMER	TU0-13212	G6657
G6664-MONOMER	G6664-MONOMER	TU0-13216	G6663
G6664-MONOMER	G6664-MONOMER	TU0-13218	G6665
G6664-MONOMER	G6664-MONOMER	TU0-14473	EG11042
G6664-MONOMER	G6664-MONOMER	TU0-14473	EG12870
G6664-MONOMER	G6664-MONOMER	TU0-14473	G6659
G6664-MONOMER	G6664-MONOMER	TU0-41739	G6662
G6664-MONOMER	G6664-MONOMER	TU0-42524	G0-10446
G6664-MONOMER	G6664-MONOMER	TU0-42524	G0-10645
G6664-MONOMER	G6664-MONOMER	TU0-42524	G6662
G6664-MONOMER	G6664-MONOMER	TU0-42524	G6663
G6664-MONOMER	G6664-MONOMER	TU0-8693	G6661
G6664-MONOMER	G6664-MONOMER	TU00068	EG11042
G6706-MONOMER	G6706-MONOMER	TU0-42552	EG13139
G6706-MONOMER	G6706-MONOMER	TU0-8795	G7961
G6737-MONOMER	G6737-MONOMER	TU0-2701	G0-8905
G6737-MONOMER	G6737-MONOMER	TU0-2701	G7080
G6737-MONOMER	G6737-MONOMER	TU0-8733	G7202
G6745-MONOMER	G6745-MONOMER	TU0-13264	G6745
G6745-MONOMER	G6745-MONOMER	TU0-6501	EG10187
G6745-MONOMER	G6745-MONOMER	TU0-8702	G6744
G6745-MONOMER	G6745-MONOMER	TU00415	EG11355
G6745-MONOMER	G6745-MONOMER	TU00415	EG11356
G6745-MONOMER	G6745-MONOMER	TU00415	G7039
G6749-MONOMER	G6749-MONOMER	TU0-45145	G0-10451
G6749-MONOMER	G6749-MONOMER	TU0-45145	G6749
G6761-MONOMER	G6761-MONOMER	TU0-13056	G6415
G6761-MONOMER	G6761-MONOMER	TU0-13193	EG11125
G6761-MONOMER	G6761-MONOMER	TU0-13193	EG11126
G6761-MONOMER	G6761-MONOMER	TU0-13193	EG11127
G6761-MONOMER	G6761-MONOMER	TU0-36408	EG11127
G6761-MONOMER	G6761-MONOMER	TU0-42483	EG50004
G6761-MONOMER	G6761-MONOMER	TU787	EG11738
G6789-MONOMER	G6789-MONOMER	TU0-14299	EG11078
G6789-MONOMER	G6789-MONOMER	TU0-14545	G6789
G6789-MONOMER	G6789-MONOMER	TU0-14545	G6790
G6789-MONOMER	G6789-MONOMER	TU0-14718	EG12242
G6789-MONOMER	G6789-MONOMER	TU0-14736	EG11544
G6789-MONOMER	G6789-MONOMER	TU0-14736	G0-16680
G6789-MONOMER	G6789-MONOMER	TU0-3465	EG11876
G6789-MONOMER	G6789-MONOMER	TU0-3465	EG11877
G6789-MONOMER	G6789-MONOMER	TU0-45171	EG10468
G6789-MONOMER	G6789-MONOMER	TU0-45171	EG10469
G6789-MONOMER	G6789-MONOMER	TU0-45171	EG10470
G6789-MONOMER	G6789-MONOMER	TU0-45171	EG10471
G6789-MONOMER	G6789-MONOMER	TU0-45171	EG10472
G6789-MONOMER	G6789-MONOMER	TU0-45171	EG10473
G6789-MONOMER	G6789-MONOMER	TU0-45265	EG10049
G6789-MONOMER	G6789-MONOMER	TU0-45265	EG11379
G6789-MONOMER	G6789-MONOMER	TU0-45265	EG11380
G6789-MONOMER	G6789-MONOMER	TU0-45265	G0-10588
G6789-MONOMER	G6789-MONOMER	TU0-5682	EG11544
G6789-MONOMER	G6789-MONOMER	TU0-5682	EG12240
G6789-MONOMER	G6789-MONOMER	TU0-5682	EG12241
G6789-MONOMER	G6789-MONOMER	TU0-5682	G0-16680
G6789-MONOMER	G6789-MONOMER	TU00096	EG11889
G6789-MONOMER	G6789-MONOMER	TU00096	EG11890
G6789-MONOMER	G6789-MONOMER	TU00097	EG10049
G6789-MONOMER	G6789-MONOMER	TU00097	EG11379
G6789-MONOMER	G6789-MONOMER	TU00097	EG11380
G6789-MONOMER	G6789-MONOMER	TU00097	G0-10588
G6789-MONOMER	G6789-MONOMER	TU00288	EG10468
G6789-MONOMER	G6789-MONOMER	TU00288	EG10469
G6789-MONOMER	G6789-MONOMER	TU00288	EG10470
G6789-MONOMER	G6789-MONOMER	TU00288	EG10471
G6789-MONOMER	G6789-MONOMER	TU00288	EG10472
G6789-MONOMER	G6789-MONOMER	TU00288	EG10473
G6814-MONOMER	G6814-MONOMER	TU0-13333	G6838
G6814-MONOMER	G6814-MONOMER	TU0-13333	G6839
G6853-MONOMER	G6853-MONOMER	TU0-198898	G0-10435
G6853-MONOMER	G6853-MONOMER	TU0-198898	G6306
G6867-MONOMER	G6867-MONOMER	TU0-5081	EG11055
G6867-MONOMER	G6867-MONOMER	TU0-5081	EG11658
G6867-MONOMER	G6867-MONOMER	TU0-5081	G6866
G6867-MONOMER	G6867-MONOMER	TU0-5082	G6867
G6889-MONOMER	G6889-MONOMER	TU0-14687	G6889
G6889-MONOMER	G6889-MONOMER	TU0-14687	G6890
G6889-MONOMER	G6889-MONOMER	TU0-42534	G6889
G6889-MONOMER	G6889-MONOMER	TU0-42534	G6890
G6889-MONOMER	G6889-MONOMER	TU0-42534	G6891
G6976-MONOMER	G6976-MONOMER	TU0-13404	G6977
G6976-MONOMER	G6976-MONOMER	TU0-8713	G6976
G7003-MONOMER	G7003-MONOMER	TU00227	EG10256
G7003-MONOMER	G7003-MONOMER	TU00227	EG10257
G7003-MONOMER	G7003-MONOMER	TU25	EG10256
G7071-MONOMER	G7071-MONOMER	TU0-6629	EG12358
G7071-MONOMER	G7071-MONOMER	TU0-6629	G6476
G7071-MONOMER	G7071-MONOMER	TU0-6629	G6477
G7071-MONOMER	G7071-MONOMER	TU0-6629	G6478
G7071-MONOMER	G7071-MONOMER	TU0-6629	G6479
G7071-MONOMER	G7071-MONOMER	TU302	EG12423
G7071-MONOMER	G7071-MONOMER	TU302	G6217
G7071-MONOMER	G7071-MONOMER	TU302	G6218
G7071-MONOMER	G7071-MONOMER	TU302	G6219
G7072-MONOMER	G7072-MONOMER	TU-8382	EG11241
G7072-MONOMER	G7072-MONOMER	TU0-1201	EG10372
G7072-MONOMER	G7072-MONOMER	TU0-12836	EG12138
G7072-MONOMER	G7072-MONOMER	TU0-12841	EG10246
G7072-MONOMER	G7072-MONOMER	TU0-12848	G6108
G7072-MONOMER	G7072-MONOMER	TU0-12919	EG11097
G7072-MONOMER	G7072-MONOMER	TU0-12973	G6300
G7072-MONOMER	G7072-MONOMER	TU0-12989	G6326
G7072-MONOMER	G7072-MONOMER	TU0-13042	G6399
G7072-MONOMER	G7072-MONOMER	TU0-13043	G6400
G7072-MONOMER	G7072-MONOMER	TU0-13048	G6404
G7072-MONOMER	G7072-MONOMER	TU0-13058	EG12134
G7072-MONOMER	G7072-MONOMER	TU0-13081	EG11242
G7072-MONOMER	G7072-MONOMER	TU0-13094	G6480
G7072-MONOMER	G7072-MONOMER	TU0-13111	G6513
G7072-MONOMER	G7072-MONOMER	TU0-13125	EG11343
G7072-MONOMER	G7072-MONOMER	TU0-13157	G6601
G7072-MONOMER	G7072-MONOMER	TU0-13178	G6629
G7072-MONOMER	G7072-MONOMER	TU0-13207	G6642
G7072-MONOMER	G7072-MONOMER	TU0-13237	G6697
G7072-MONOMER	G7072-MONOMER	TU0-13272	G6760
G7072-MONOMER	G7072-MONOMER	TU0-13316	G6819
G7072-MONOMER	G7072-MONOMER	TU0-13334	G6840
G7072-MONOMER	G7072-MONOMER	TU0-13344	G6860
G7072-MONOMER	G7072-MONOMER	TU0-13365	G6903
G7072-MONOMER	G7072-MONOMER	TU0-13428	G7008
G7072-MONOMER	G7072-MONOMER	TU0-13452	EG10935
G7072-MONOMER	G7072-MONOMER	TU0-13457	G7040
G7072-MONOMER	G7072-MONOMER	TU0-13471	G7063
G7072-MONOMER	G7072-MONOMER	TU0-13492	G7089
G7072-MONOMER	G7072-MONOMER	TU0-13495	G7091
G7072-MONOMER	G7072-MONOMER	TU0-13517	EG11991
G7072-MONOMER	G7072-MONOMER	TU0-13528	G0-10459
G7072-MONOMER	G7072-MONOMER	TU0-13541	EG12105
G7072-MONOMER	G7072-MONOMER	TU0-13542	EG12027
G7072-MONOMER	G7072-MONOMER	TU0-13575	G7178
G7072-MONOMER	G7072-MONOMER	TU0-13583	G7189
G7072-MONOMER	G7072-MONOMER	TU0-13607	G0-9621
G7072-MONOMER	G7072-MONOMER	TU0-13608	G7234
G7072-MONOMER	G7072-MONOMER	TU0-13609	G7235
G7072-MONOMER	G7072-MONOMER	TU0-13690	G7360
G7072-MONOMER	G7072-MONOMER	TU0-13720	G7415
G7072-MONOMER	G7072-MONOMER	TU0-13727	G7431
G7072-MONOMER	G7072-MONOMER	TU0-13730	G7437
G7072-MONOMER	G7072-MONOMER	TU0-13739	EG12373
G7072-MONOMER	G7072-MONOMER	TU0-13749	G7461
G7072-MONOMER	G7072-MONOMER	TU0-13756	G7463
G7072-MONOMER	G7072-MONOMER	TU0-13762	G7471
G7072-MONOMER	G7072-MONOMER	TU0-13798	G7518
G7072-MONOMER	G7072-MONOMER	TU0-13813	G7538
G7072-MONOMER	G7072-MONOMER	TU0-13836	EG12657
G7072-MONOMER	G7072-MONOMER	TU0-13851	EG12720
G7072-MONOMER	G7072-MONOMER	TU0-13867	G7618
G7072-MONOMER	G7072-MONOMER	TU0-13870	EG10992
G7072-MONOMER	G7072-MONOMER	TU0-13873	G7637
G7072-MONOMER	G7072-MONOMER	TU0-13882	G7655
G7072-MONOMER	G7072-MONOMER	TU0-13885	EG10017
G7072-MONOMER	G7072-MONOMER	TU0-13891	G7669
G7072-MONOMER	G7072-MONOMER	TU0-13907	G7695
G7072-MONOMER	G7072-MONOMER	TU0-13923	G7722
G7072-MONOMER	G7072-MONOMER	TU0-13931	EG11578
G7072-MONOMER	G7072-MONOMER	TU0-13941	G7763
G7072-MONOMER	G7072-MONOMER	TU0-13944	EG12217
G7072-MONOMER	G7072-MONOMER	TU0-13953	EG12225
G7072-MONOMER	G7072-MONOMER	TU0-13967	EG12248
G7072-MONOMER	G7072-MONOMER	TU0-13968	EG12249
G7072-MONOMER	G7072-MONOMER	TU0-14025	EG11725
G7072-MONOMER	G7072-MONOMER	TU0-14073	EG11859
G7072-MONOMER	G7072-MONOMER	TU0-14093	EG11913
G7072-MONOMER	G7072-MONOMER	TU0-14125	EG11941
G7072-MONOMER	G7072-MONOMER	TU0-14126	EG10405
G7072-MONOMER	G7072-MONOMER	TU0-14127	EG11951
G7072-MONOMER	G7072-MONOMER	TU0-14142	G7835
G7072-MONOMER	G7072-MONOMER	TU0-14158	G7865
G7072-MONOMER	G7072-MONOMER	TU0-14162	EG10043
G7072-MONOMER	G7072-MONOMER	TU0-14217	EG12114
G7072-MONOMER	G7072-MONOMER	TU0-14246	G6335
G7072-MONOMER	G7072-MONOMER	TU0-14262	EG10093
G7072-MONOMER	G7072-MONOMER	TU0-14262	EG11199
G7072-MONOMER	G7072-MONOMER	TU0-14263	EG10093
G7072-MONOMER	G7072-MONOMER	TU0-14263	EG10375
G7072-MONOMER	G7072-MONOMER	TU0-14263	EG11199
G7072-MONOMER	G7072-MONOMER	TU0-14306	EG11794
G7072-MONOMER	G7072-MONOMER	TU0-14324	EG11917
G7072-MONOMER	G7072-MONOMER	TU0-14345	EG11613
G7072-MONOMER	G7072-MONOMER	TU0-1921	EG10361
G7072-MONOMER	G7072-MONOMER	TU0-1921	EG11329
G7072-MONOMER	G7072-MONOMER	TU0-1921	EG11330
G7072-MONOMER	G7072-MONOMER	TU0-198705	EG10931
G7072-MONOMER	G7072-MONOMER	TU0-198705	EG10932
G7072-MONOMER	G7072-MONOMER	TU0-198705	EG10933
G7072-MONOMER	G7072-MONOMER	TU0-198705	EG10934
G7072-MONOMER	G7072-MONOMER	TU0-198869	EG10403
G7072-MONOMER	G7072-MONOMER	TU0-198869	EG10404
G7072-MONOMER	G7072-MONOMER	TU0-198870	EG11596
G7072-MONOMER	G7072-MONOMER	TU0-198870	EG11666
G7072-MONOMER	G7072-MONOMER	TU0-198871	EG12240
G7072-MONOMER	G7072-MONOMER	TU0-198871	EG12241
G7072-MONOMER	G7072-MONOMER	TU0-198872	G6751
G7072-MONOMER	G7072-MONOMER	TU0-198872	G6752
G7072-MONOMER	G7072-MONOMER	TU0-198872	G6753
G7072-MONOMER	G7072-MONOMER	TU0-198872	G6754
G7072-MONOMER	G7072-MONOMER	TU0-198872	G6755
G7072-MONOMER	G7072-MONOMER	TU0-198873	EG10744
G7072-MONOMER	G7072-MONOMER	TU0-198873	EG10745
G7072-MONOMER	G7072-MONOMER	TU0-198874	EG12204
G7072-MONOMER	G7072-MONOMER	TU0-198874	G7000
G7072-MONOMER	G7072-MONOMER	TU0-198875	G7013
G7072-MONOMER	G7072-MONOMER	TU0-198875	G7014
G7072-MONOMER	G7072-MONOMER	TU0-198876	EG12414
G7072-MONOMER	G7072-MONOMER	TU0-198876	EG12415
G7072-MONOMER	G7072-MONOMER	TU0-198876	EG12416
G7072-MONOMER	G7072-MONOMER	TU0-198876	EG12417
G7072-MONOMER	G7072-MONOMER	TU0-198879	EG10248
G7072-MONOMER	G7072-MONOMER	TU0-198879	EG12625
G7072-MONOMER	G7072-MONOMER	TU0-198879	EG12626
G7072-MONOMER	G7072-MONOMER	TU0-198879	EG12627
G7072-MONOMER	G7072-MONOMER	TU0-198879	EG12628
G7072-MONOMER	G7072-MONOMER	TU0-198880	EG11650
G7072-MONOMER	G7072-MONOMER	TU0-198880	EG11651
G7072-MONOMER	G7072-MONOMER	TU0-198882	EG10933
G7072-MONOMER	G7072-MONOMER	TU0-198882	EG10934
G7072-MONOMER	G7072-MONOMER	TU0-198883	EG12387
G7072-MONOMER	G7072-MONOMER	TU0-198883	G7394
G7072-MONOMER	G7072-MONOMER	TU0-198884	EG10361
G7072-MONOMER	G7072-MONOMER	TU0-198884	EG11329
G7072-MONOMER	G7072-MONOMER	TU0-198884	EG11330
G7072-MONOMER	G7072-MONOMER	TU0-198884	EG12386
G7072-MONOMER	G7072-MONOMER	TU0-198884	EG12387
G7072-MONOMER	G7072-MONOMER	TU0-198884	G7394
G7072-MONOMER	G7072-MONOMER	TU0-198885	EG10637
G7072-MONOMER	G7072-MONOMER	TU0-198885	G436
G7072-MONOMER	G7072-MONOMER	TU0-198886	EG11787
G7072-MONOMER	G7072-MONOMER	TU0-198886	EG11788
G7072-MONOMER	G7072-MONOMER	TU0-41842	G6928
G7072-MONOMER	G7072-MONOMER	TU0-42535	G6751
G7072-MONOMER	G7072-MONOMER	TU0-42535	G6752
G7072-MONOMER	G7072-MONOMER	TU0-42535	G6753
G7072-MONOMER	G7072-MONOMER	TU0-42535	G6754
G7072-MONOMER	G7072-MONOMER	TU0-42535	G6755
G7072-MONOMER	G7072-MONOMER	TU0-42548	G6706
G7072-MONOMER	G7072-MONOMER	TU0-4401	G6216
G7072-MONOMER	G7072-MONOMER	TU0-45182	EG10403
G7072-MONOMER	G7072-MONOMER	TU0-45182	EG10404
G7072-MONOMER	G7072-MONOMER	TU0-45182	EG11514
G7072-MONOMER	G7072-MONOMER	TU0-45238	EG10361
G7072-MONOMER	G7072-MONOMER	TU0-45238	EG11329
G7072-MONOMER	G7072-MONOMER	TU0-45238	EG11330
G7072-MONOMER	G7072-MONOMER	TU0-8499	EG10839
G7072-MONOMER	G7072-MONOMER	TU0-8535	G7031
G7072-MONOMER	G7072-MONOMER	TU0-8541	EG11649
G7072-MONOMER	G7072-MONOMER	TU0-8547	G6158
G7072-MONOMER	G7072-MONOMER	TU0-8551	G6228
G7072-MONOMER	G7072-MONOMER	TU0-8561	G6351
G7072-MONOMER	G7072-MONOMER	TU0-8562	G6354
G7072-MONOMER	G7072-MONOMER	TU0-8565	G6398
G7072-MONOMER	G7072-MONOMER	TU0-8568	G6416
G7072-MONOMER	G7072-MONOMER	TU0-8572	G7597
G7072-MONOMER	G7072-MONOMER	TU0-8590	EG12274
G7072-MONOMER	G7072-MONOMER	TU0-8610	G7833
G7072-MONOMER	G7072-MONOMER	TU0-8619	G7886
G7072-MONOMER	G7072-MONOMER	TU0-8620	G7887
G7072-MONOMER	G7072-MONOMER	TU0-8631	G6166
G7072-MONOMER	G7072-MONOMER	TU0-8652	G7469
G7072-MONOMER	G7072-MONOMER	TU0-8687	G6614
G7072-MONOMER	G7072-MONOMER	TU0-8704	EG11639
G7072-MONOMER	G7072-MONOMER	TU0-8705	EG11640
G7072-MONOMER	G7072-MONOMER	TU0-8715	G7004
G7072-MONOMER	G7072-MONOMER	TU0-8731	G7177
G7072-MONOMER	G7072-MONOMER	TU0-8752	G7552
G7072-MONOMER	G7072-MONOMER	TU0-8760	G6671
G7072-MONOMER	G7072-MONOMER	TU0-8783	EG10212
G7072-MONOMER	G7072-MONOMER	TU0-8784	EG10213
G7072-MONOMER	G7072-MONOMER	TU0-8787	EG10231
G7072-MONOMER	G7072-MONOMER	TU0-8814	G6954
G7072-MONOMER	G7072-MONOMER	TU0-8840	G6104
G7072-MONOMER	G7072-MONOMER	TU0-8841	G7003
G7072-MONOMER	G7072-MONOMER	TU0-8847	EG11334
G7072-MONOMER	G7072-MONOMER	TU00113	EG10093
G7072-MONOMER	G7072-MONOMER	TU00147	EG11971
G7072-MONOMER	G7072-MONOMER	TU00182	EG10403
G7072-MONOMER	G7072-MONOMER	TU00182	EG10404
G7072-MONOMER	G7072-MONOMER	TU00182	EG11514
G7072-MONOMER	G7072-MONOMER	TU00197	EG11326
G7072-MONOMER	G7072-MONOMER	TU00197	EG11327
G7072-MONOMER	G7072-MONOMER	TU00224	EG10944
G7072-MONOMER	G7072-MONOMER	TU00385	EG10027
G7072-MONOMER	G7072-MONOMER	TU65	G7072
G7133-MONOMER	G7133-MONOMER	TU0-13509	G7130
G7133-MONOMER	G7133-MONOMER	TU0-13509	G7131
G7133-MONOMER	G7133-MONOMER	TU0-13509	G7132
G7137-MONOMER	G7137-MONOMER	TU0-13513	G7137
G7137-MONOMER	G7137-MONOMER	TU0-13514	G7138
G7137-MONOMER	G7137-MONOMER	TU0-13514	G7139
G7308-MONOMER	G7308-MONOMER	TU686	EG11150
G7308-MONOMER	G7308-MONOMER	TU686	EG11282
G7308-MONOMER	G7308-MONOMER	TU686	G7300
G7308-MONOMER	G7308-MONOMER	TU686	G7301
G7308-MONOMER	G7308-MONOMER	TU686	G7302
G7308-MONOMER	G7308-MONOMER	TU686	G7303
G7308-MONOMER	G7308-MONOMER	TU686	G7304
G7308-MONOMER	G7308-MONOMER	TU686	G7305
G7308-MONOMER	G7308-MONOMER	TU686	G7306
G7308-MONOMER	G7308-MONOMER	TU686	G7307
G7308-MONOMER	G7308-MONOMER	TU686	G7308
G7308-MONOMER	G7308-MONOMER	TU686	G7309
G7326-MONOMER	G7326-MONOMER	TU0-1022	EG12381
G7326-MONOMER	G7326-MONOMER	TU0-1022	EG20257
G7326-MONOMER	G7326-MONOMER	TU0-1022	G7401
G7326-MONOMER	G7326-MONOMER	TU0-1022	G7402
G7326-MONOMER	G7326-MONOMER	TU0-14327	G7365
G7326-MONOMER	G7326-MONOMER	TU0-14327	G7366
G7326-MONOMER	G7326-MONOMER	TU0-2621	EG11378
G7326-MONOMER	G7326-MONOMER	TU0-2621	G6905
G7326-MONOMER	G7326-MONOMER	TU0-2621	G6906
G7326-MONOMER	G7326-MONOMER	TU0-2621	G6907
G7326-MONOMER	G7326-MONOMER	TU0-2621	G6908
G7326-MONOMER	G7326-MONOMER	TU0-2621	G6909
G7326-MONOMER	G7326-MONOMER	TU0-45171	EG10468
G7326-MONOMER	G7326-MONOMER	TU0-45171	EG10469
G7326-MONOMER	G7326-MONOMER	TU0-45171	EG10470
G7326-MONOMER	G7326-MONOMER	TU0-45171	EG10471
G7326-MONOMER	G7326-MONOMER	TU0-45171	EG10472
G7326-MONOMER	G7326-MONOMER	TU0-45171	EG10473
G7326-MONOMER	G7326-MONOMER	TU0-8480	EG12332
G7326-MONOMER	G7326-MONOMER	TU0-8481	G7748
G7326-MONOMER	G7326-MONOMER	TU0-8482	G6924
G7326-MONOMER	G7326-MONOMER	TU0-8484	EG12060
G7326-MONOMER	G7326-MONOMER	TU0-8484	EG12061
G7326-MONOMER	G7326-MONOMER	TU0-8484	EG12062
G7326-MONOMER	G7326-MONOMER	TU0-8484	EG12064
G7326-MONOMER	G7326-MONOMER	TU0-8484	EG12067
G7326-MONOMER	G7326-MONOMER	TU0-8484	EG12068
G7326-MONOMER	G7326-MONOMER	TU0-8484	EG12143
G7326-MONOMER	G7326-MONOMER	TU00288	EG10468
G7326-MONOMER	G7326-MONOMER	TU00288	EG10469
G7326-MONOMER	G7326-MONOMER	TU00288	EG10470
G7326-MONOMER	G7326-MONOMER	TU00288	EG10471
G7326-MONOMER	G7326-MONOMER	TU00288	EG10472
G7326-MONOMER	G7326-MONOMER	TU00288	EG10473
G7331-MONOMER	G7331-MONOMER	TU0-7201	G0-10716
G7331-MONOMER	G7331-MONOMER	TU0-7201	G7331
G7331-MONOMER	G7331-MONOMER	TU0-7202	G7334
G7331-MONOMER	G7331-MONOMER	TU0-7202	G7335
G7331-MONOMER	G7331-MONOMER	TU0-7202	G7336
G7331-MONOMER	G7331-MONOMER	TU0-7202	M009
G7331-MONOMER	G7331-MONOMER	TU0-7202	M015
G7416-MONOMER	G7416-MONOMER	TU0-13721	G7417
G7416-MONOMER	G7416-MONOMER	TU0-13721	G7418
G7518-MONOMER	G7518-MONOMER	TU0-12849	G6109
G7518-MONOMER	G7518-MONOMER	TU0-12849	G6110
G7518-MONOMER	G7518-MONOMER	TU0-13603	G7223
G7518-MONOMER	G7518-MONOMER	TU0-13603	G7224
G7518-MONOMER	G7518-MONOMER	TU0-13603	G7225
G7518-MONOMER	G7518-MONOMER	TU0-13603	G7226
G7518-MONOMER	G7518-MONOMER	TU0-13603	G7227
G7518-MONOMER	G7518-MONOMER	TU0-13604	G7228
G7518-MONOMER	G7518-MONOMER	TU0-13604	G7229
G7518-MONOMER	G7518-MONOMER	TU0-7981	EG12399
G7518-MONOMER	G7518-MONOMER	TU0-7981	G6626
G7518-MONOMER	G7518-MONOMER	TU0-7981	G6627
G7518-MONOMER	G7518-MONOMER	TU00128	EG10349
G7518-MONOMER	G7518-MONOMER	TU00128	EG10350
G7518-MONOMER	G7518-MONOMER	TU00128	EG10352
G7518-MONOMER	G7518-MONOMER	TU00128	EG10353
G7518-MONOMER	G7518-MONOMER	TU00128	EG10355
G7518-MONOMER	G7518-MONOMER	TU00135	EG10348
G7518-MONOMER	G7518-MONOMER	TU00135	EG10351
G7518-MONOMER	G7518-MONOMER	TU5	G6709
G7518-MONOMER	G7518-MONOMER	TU5	G6710
G7518-MONOMER	G7518-MONOMER	TU5	G6711
G7518-MONOMER	G7518-MONOMER	TU5	G6712
G7518-MONOMER	G7518-MONOMER	TU5	G6713
G7518-MONOMER	G7518-MONOMER	TU5	G6714
G7518-MONOMER	G7518-MONOMER	TU5	G6715
G7518-MONOMER	G7518-MONOMER	TU5	G6716
G7518-MONOMER	G7518-MONOMER	TU5	G6717
G7518-MONOMER	G7518-MONOMER	TU5	G6718
G7518-MONOMER	G7518-MONOMER	TU5	G6719
G7563-MONOMER	G7563-MONOMER	TU0-13823	G7564
G7563-MONOMER	G7563-MONOMER	TU0-13823	G7565
G7571-MONOMER	G7571-MONOMER	TU0-13699	G0-10464
G7571-MONOMER	G7571-MONOMER	TU0-13699	G7378
G7571-MONOMER	G7571-MONOMER	TU0-13699	G7379
G7571-MONOMER	G7571-MONOMER	TU0-13699	G7380
G7571-MONOMER	G7571-MONOMER	TU0-13699	G7381
G7571-MONOMER	G7571-MONOMER	TU0-13832	G7571
G7571-MONOMER	G7571-MONOMER	TU0-13832	G7572
G7571-MONOMER	G7571-MONOMER	TU0-45257	G6543
G7571-MONOMER	G7571-MONOMER	TU0-45257	G6544
G7571-MONOMER	G7571-MONOMER	TU0-45257	G6545
G7571-MONOMER	G7571-MONOMER	TU0-45257	G6546
G7571-MONOMER	G7571-MONOMER	TU0-6486	EG11111
G7571-MONOMER	G7571-MONOMER	TU00392	G6543
G7571-MONOMER	G7571-MONOMER	TU00392	G6544
G7571-MONOMER	G7571-MONOMER	TU00392	G6545
G7571-MONOMER	G7571-MONOMER	TU00392	G6546
G7571-MONOMER	G7571-MONOMER	TU00442	EG10510
G7573-MONOMER	G7573-MONOMER	TU0-13273	G6761
G7594-MONOMER	G7594-MONOMER	TU0-8327	G7593
G7594-MONOMER	G7594-MONOMER	TU0-8658	G7594
G7619-MONOMER	G7619-MONOMER	TU0-13052	EG12422
G7619-MONOMER	G7619-MONOMER	TU0-13864	G7615
G7619-MONOMER	G7619-MONOMER	TU0-13868	G7620
G7619-MONOMER	G7619-MONOMER	TU0-13868	G7621
G7619-MONOMER	G7619-MONOMER	TU0-13936	G7756
G7619-MONOMER	G7619-MONOMER	TU0-8351	G6557
G7619-MONOMER	G7619-MONOMER	TU0-8573	G7619
G7619-MONOMER	G7619-MONOMER	TU0-8755	EG11166
G7630-MONOMER	G7630-MONOMER	TU0-6581	EG12766
G7630-MONOMER	G7630-MONOMER	TU0-6581	G7631
G7630-MONOMER	G7630-MONOMER	TU0-6581	G7632
G7630-MONOMER	G7630-MONOMER	TU0-6581	G7633
G7630-MONOMER	G7630-MONOMER	TU0-6582	G7630
G7630-MONOMER	G7630-MONOMER	TU0-6583	EG12768
G7630-MONOMER	G7630-MONOMER	TU0-6583	EG12769
G7630-MONOMER	G7630-MONOMER	TU0-6583	EG12770
G7630-MONOMER	G7630-MONOMER	TU0-6583	G7634
G7630-MONOMER	G7630-MONOMER	TU0-6583	G7635
G7630-MONOMER	G7630-MONOMER	TU0-6583	G7636
G7688-MONOMER	G7688-MONOMER	TU0-13901	G7685
G7688-MONOMER	G7688-MONOMER	TU0-13901	G7686
G7688-MONOMER	G7688-MONOMER	TU0-13901	G7687
G7821-MONOMER	G7821-MONOMER	TU0-4483	EG11827
G7821-MONOMER	G7821-MONOMER	TU0-4502	EG11957
G7821-MONOMER	G7821-MONOMER	TU0-4502	EG11958
G7821-MONOMER	G7821-MONOMER	TU0-4502	EG11959
G7821-MONOMER	G7821-MONOMER	TU0-4502	EG12458
G7821-MONOMER	G7821-MONOMER	TU0-4502	G7821
G7821-MONOMER	G7821-MONOMER	TU0-4504	EG11957
G7821-MONOMER	G7821-MONOMER	TU0-4504	EG11958
G7821-MONOMER	G7821-MONOMER	TU0-4504	EG11959
G7821-MONOMER	G7821-MONOMER	TU0-4504	EG12458
G7821-MONOMER	G7821-MONOMER	TU0-4504	G7821
G7854-MONOMER	G7854-MONOMER	TU0-5162	EG12494
G7854-MONOMER	G7854-MONOMER	TU0-5162	EG12495
G7854-MONOMER	G7854-MONOMER	TU0-5162	G7856
G7854-MONOMER	G7854-MONOMER	TU0-5162	G7858
G7854-MONOMER	G7854-MONOMER	TU0-5162	G7859
G7854-MONOMER	G7854-MONOMER	TU0-5162	G7860
G7854-MONOMER	G7854-MONOMER	TU0-5163	G7855
G7891-MONOMER	G7891-MONOMER	TU0-4681	EG12152
G7891-MONOMER	G7891-MONOMER	TU0-4682	EG12539
G7891-MONOMER	G7891-MONOMER	TU0-4682	G7891
G7891-MONOMER	G7891-MONOMER	TU0-4682	G7892
G7891-MONOMER	G7891-MONOMER	TU0-4682	G7893
G7947-MONOMER	G7947-MONOMER	TU0-13047	G6403
G7947-MONOMER	G7947-MONOMER	TU0-13108	G6508
G7947-MONOMER	G7947-MONOMER	TU0-13198	G0-10512
G7947-MONOMER	G7947-MONOMER	TU0-13198	G0-10513
G7947-MONOMER	G7947-MONOMER	TU0-13679	EG11152
G7947-MONOMER	G7947-MONOMER	TU0-13679	EG12880
G7947-MONOMER	G7947-MONOMER	TU0-13679	G7354
G7947-MONOMER	G7947-MONOMER	TU00049	EG10670
G7947-MONOMER	G7947-MONOMER	TU00049	OMPC_TERMINATOR
G7947-MONOMER	G7947-MONOMER	TU00136	EG10319
G7947-MONOMER	G7947-MONOMER	TU00136	EG10320
MONOMER-47	MONOMER-47	TU0-45202	EG10842
MONOMER-47	MONOMER-47	TU0-45202	EG10843
MONOMER-47	MONOMER-47	TU00063	EG10842
MONOMER-47	MONOMER-47	TU00063	EG10843
MONOMER-48	MONOMER-48	TU00013	EG10117
MONOMER-48	MONOMER-48	TU00117	EG10118
MONOMER-48	MONOMER-48	TU00117	EG10119
MONOMER-48	MONOMER-48	TU00117	EG10120
MONOMER-48	MONOMER-48	TU00117	EG10121
MONOMER-51	MONOMER-51	TU0-14737	EG10281
MONOMER-52	MONOMER-52	TU0-42580	EG10362
MONOMER-52	MONOMER-52	TU0-42582	EG10362
MONOMER-52	MONOMER-52	TU0-42582	EG10366
MONOMER-52	MONOMER-52	TU0-42584	EG10362
MONOMER-52	MONOMER-52	TU0-42584	EG10363
MONOMER-52	MONOMER-52	TU0-42584	EG10366
MONOMER-52	MONOMER-52	TU0-45179	EG10362
MONOMER-52	MONOMER-52	TU0-45179	EG10363
MONOMER-52	MONOMER-52	TU0-45179	EG10366
MONOMER-52	MONOMER-52	TU0-45179	EG11698
MONOMER-52	MONOMER-52	TU0-7081	EG12148
MONOMER-52	MONOMER-52	TU0-881	EG10364
MONOMER-52	MONOMER-52	TU00025	EG10362
MONOMER-52	MONOMER-52	TU00025	EG10363
MONOMER-52	MONOMER-52	TU00025	EG10366
MONOMER-52	MONOMER-52	TU00025	EG11698
MONOMER-52	MONOMER-52	TU00026	EG10362
MONOMER-52	MONOMER-52	TU00026	EG10363
MONOMER-52	MONOMER-52	TU00026	EG10366
MONOMER-52	MONOMER-52	TU00026	EG11698
MONOMER-53	MONOMER-53	TU0-42580	EG10362
MONOMER-53	MONOMER-53	TU0-42582	EG10362
MONOMER-53	MONOMER-53	TU0-42582	EG10366
MONOMER-53	MONOMER-53	TU0-42584	EG10362
MONOMER-53	MONOMER-53	TU0-42584	EG10363
MONOMER-53	MONOMER-53	TU0-42584	EG10366
MONOMER-53	MONOMER-53	TU0-45179	EG10362
MONOMER-53	MONOMER-53	TU0-45179	EG10363
MONOMER-53	MONOMER-53	TU0-45179	EG10366
MONOMER-53	MONOMER-53	TU0-45179	EG11698
MONOMER-53	MONOMER-53	TU0-7081	EG12148
MONOMER-53	MONOMER-53	TU0-881	EG10364
MONOMER-53	MONOMER-53	TU00025	EG10362
MONOMER-53	MONOMER-53	TU00025	EG10363
MONOMER-53	MONOMER-53	TU00025	EG10366
MONOMER-53	MONOMER-53	TU00025	EG11698
MONOMER-53	MONOMER-53	TU00026	EG10362
MONOMER-53	MONOMER-53	TU00026	EG10363
MONOMER-53	MONOMER-53	TU00026	EG10366
MONOMER-53	MONOMER-53	TU00026	EG11698
MONOMER-60	MONOMER-60	TU0-13350	EG10030
MONOMER-60	MONOMER-60	TU00370	EG11418
MONOMER-60	MONOMER-60	TU00370	EG11701
MONOMER0-1	MONOMER0-1	TU0-4761	G0-8785
MONOMER0-1	MONOMER0-1	TU0-4822	G0-8874
MONOMER0-1	MONOMER0-1	TU0-7741	G6791
MONOMER0-1	MONOMER0-1	TU0-8849	EG12712
MONOMER0-1	MONOMER0-1	TU00130	EG11054
MONOMER0-1	MONOMER0-1	TU00130	G0-17104
MONOMER0-1301	MONOMER0-1301	TU0-42512	EG12629
MONOMER0-1301	MONOMER0-1301	TU0-4681	EG12152
MONOMER0-1301	MONOMER0-1301	TU0-4682	EG12539
MONOMER0-1301	MONOMER0-1301	TU0-4682	G7891
MONOMER0-1301	MONOMER0-1301	TU0-4682	G7892
MONOMER0-1301	MONOMER0-1301	TU0-4682	G7893
MONOMER0-1301	MONOMER0-1301	TU00228	EG12629
MONOMER0-1301	MONOMER0-1301	TU00228	EG12631
MONOMER0-1441	MONOMER0-1441	TU0-2402	G6205
MONOMER0-1441	MONOMER0-1441	TU0-2402	M010
MONOMER0-1441	MONOMER0-1441	TU0-2402	M011
MONOMER0-1441	MONOMER0-1441	TU0-2402	M012
MONOMER0-1441	MONOMER0-1441	TU0-2402	M013
MONOMER0-1441	MONOMER0-1441	TU0-2402	M014
MONOMER0-155	MONOMER0-155	TU0-1181	EG30008
MONOMER0-155	MONOMER0-155	TU0-1181	EG30043
MONOMER0-155	MONOMER0-155	TU0-1181	EG30070
MONOMER0-155	MONOMER0-155	TU0-1181	EG30077
MONOMER0-155	MONOMER0-155	TU0-1181	EG30084
MONOMER0-155	MONOMER0-155	TU0-1182	EG30032
MONOMER0-155	MONOMER0-155	TU0-1182	EG30071
MONOMER0-155	MONOMER0-155	TU0-1182	EG30078
MONOMER0-155	MONOMER0-155	TU0-1182	EG30085
MONOMER0-155	MONOMER0-155	TU0-1183	EG30033
MONOMER0-155	MONOMER0-155	TU0-1183	EG30072
MONOMER0-155	MONOMER0-155	TU0-1183	EG30079
MONOMER0-155	MONOMER0-155	TU0-1183	EG30086
MONOMER0-155	MONOMER0-155	TU0-1186	EG30034
MONOMER0-155	MONOMER0-155	TU0-1186	EG30074
MONOMER0-155	MONOMER0-155	TU0-1186	EG30081
MONOMER0-155	MONOMER0-155	TU0-1186	EG30088
MONOMER0-155	MONOMER0-155	TU0-1187	EG30035
MONOMER0-155	MONOMER0-155	TU0-1187	EG30075
MONOMER0-155	MONOMER0-155	TU0-1187	EG30082
MONOMER0-155	MONOMER0-155	TU0-1187	EG30089
MONOMER0-155	MONOMER0-155	TU0-1189	EG30010
MONOMER0-155	MONOMER0-155	TU0-1189	EG30045
MONOMER0-155	MONOMER0-155	TU0-1189	EG30076
MONOMER0-155	MONOMER0-155	TU0-1189	EG30083
MONOMER0-155	MONOMER0-155	TU0-1189	EG30090
MONOMER0-155	MONOMER0-155	TU0-1191	EG30009
MONOMER0-155	MONOMER0-155	TU0-1191	EG30044
MONOMER0-155	MONOMER0-155	TU0-1191	EG30073
MONOMER0-155	MONOMER0-155	TU0-1191	EG30080
MONOMER0-155	MONOMER0-155	TU0-1191	EG30087
MONOMER0-155	MONOMER0-155	TU0-1191	EG30091
MONOMER0-155	MONOMER0-155	TU0-1191	EG30103
MONOMER0-155	MONOMER0-155	TU0-13560	EG12070
MONOMER0-155	MONOMER0-155	TU0-13579	G7184
MONOMER0-155	MONOMER0-155	TU0-13799	EG11159
MONOMER0-155	MONOMER0-155	TU0-13984	EG10107
MONOMER0-155	MONOMER0-155	TU0-2342	EG10944
MONOMER0-155	MONOMER0-155	TU0-2644	EG30063
MONOMER0-155	MONOMER0-155	TU0-4001	EG10361
MONOMER0-155	MONOMER0-155	TU0-4001	EG11329
MONOMER0-155	MONOMER0-155	TU0-4001	EG11330
MONOMER0-155	MONOMER0-155	TU0-4001	EG12387
MONOMER0-155	MONOMER0-155	TU0-4001	G7394
MONOMER0-155	MONOMER0-155	TU0-42517	EG11270
MONOMER0-155	MONOMER0-155	TU0-42526	G6984
MONOMER0-155	MONOMER0-155	TU0-45164	EG30063
MONOMER0-155	MONOMER0-155	TU0-45165	EG30008
MONOMER0-155	MONOMER0-155	TU0-45165	EG30043
MONOMER0-155	MONOMER0-155	TU0-45165	EG30070
MONOMER0-155	MONOMER0-155	TU0-45165	EG30077
MONOMER0-155	MONOMER0-155	TU0-45165	EG30084
MONOMER0-155	MONOMER0-155	TU0-45182	EG10403
MONOMER0-155	MONOMER0-155	TU0-45182	EG10404
MONOMER0-155	MONOMER0-155	TU0-45182	EG11514
MONOMER0-155	MONOMER0-155	TU0-45198	EG30035
MONOMER0-155	MONOMER0-155	TU0-45198	EG30075
MONOMER0-155	MONOMER0-155	TU0-45198	EG30082
MONOMER0-155	MONOMER0-155	TU0-45198	EG30089
MONOMER0-155	MONOMER0-155	TU0-45209	EG30033
MONOMER0-155	MONOMER0-155	TU0-45209	EG30072
MONOMER0-155	MONOMER0-155	TU0-45209	EG30079
MONOMER0-155	MONOMER0-155	TU0-45209	EG30086
MONOMER0-155	MONOMER0-155	TU0-45227	EG30009
MONOMER0-155	MONOMER0-155	TU0-45227	EG30044
MONOMER0-155	MONOMER0-155	TU0-45227	EG30073
MONOMER0-155	MONOMER0-155	TU0-45227	EG30080
MONOMER0-155	MONOMER0-155	TU0-45227	EG30087
MONOMER0-155	MONOMER0-155	TU0-45227	EG30091
MONOMER0-155	MONOMER0-155	TU0-45227	EG30103
MONOMER0-155	MONOMER0-155	TU0-45242	EG11398
MONOMER0-155	MONOMER0-155	TU0-45242	EG11399
MONOMER0-155	MONOMER0-155	TU0-45242	EG11400
MONOMER0-155	MONOMER0-155	TU0-45269	EG30010
MONOMER0-155	MONOMER0-155	TU0-45269	EG30045
MONOMER0-155	MONOMER0-155	TU0-45269	EG30076
MONOMER0-155	MONOMER0-155	TU0-45269	EG30083
MONOMER0-155	MONOMER0-155	TU0-45269	EG30090
MONOMER0-155	MONOMER0-155	TU0-45275	EG30032
MONOMER0-155	MONOMER0-155	TU0-45275	EG30071
MONOMER0-155	MONOMER0-155	TU0-45275	EG30078
MONOMER0-155	MONOMER0-155	TU0-45275	EG30085
MONOMER0-155	MONOMER0-155	TU0-45277	EG30034
MONOMER0-155	MONOMER0-155	TU0-45277	EG30074
MONOMER0-155	MONOMER0-155	TU0-45277	EG30081
MONOMER0-155	MONOMER0-155	TU0-45277	EG30088
MONOMER0-155	MONOMER0-155	TU0-8745	G7399
MONOMER0-155	MONOMER0-155	TU00049	EG10670
MONOMER0-155	MONOMER0-155	TU00049	OMPC_TERMINATOR
MONOMER0-155	MONOMER0-155	TU00182	EG10403
MONOMER0-155	MONOMER0-155	TU00182	EG10404
MONOMER0-155	MONOMER0-155	TU00182	EG11514
MONOMER0-155	MONOMER0-155	TU00183	EG10539
MONOMER0-155	MONOMER0-155	TU00282	EG11398
MONOMER0-155	MONOMER0-155	TU00282	EG11399
MONOMER0-155	MONOMER0-155	TU00282	EG11400
MONOMER0-155	MONOMER0-155	TU00393	EG11554
MONOMER0-155	MONOMER0-155	TU525	EG10493
MONOMER0-155	MONOMER0-155	TU525	EG10496
MONOMER0-155	MONOMER0-155	TU525	EG10497
MONOMER0-155	MONOMER0-155	TU525	EG10501
MONOMER0-155	MONOMER0-155	TU525	EG11270
MONOMER0-155	MONOMER0-155	TU525	G0-10641
MONOMER0-155	MONOMER0-155	TU525	G8221
MONOMER0-155	MONOMER0-155	TU525	ILVA-RHO-TERMINATOR
MONOMER0-155	MONOMER0-155	TU861	EG12031
MONOMER0-158	MONOMER0-158	TU0-5402	EG10565
MONOMER0-158	MONOMER0-158	TU00038	EG10554
MONOMER0-158	MONOMER0-158	TU00038	EG10555
MONOMER0-158	MONOMER0-158	TU00038	EG10556
MONOMER0-158	MONOMER0-158	TU00038	G0-17082
MONOMER0-158	MONOMER0-158	TU00039	EG10560
MONOMER0-158	MONOMER0-158	TU00039	EG10561
MONOMER0-158	MONOMER0-158	TU00123	EG10528
MONOMER0-158	MONOMER0-158	TU00123	EG10558
MONOMER0-158	MONOMER0-158	TU00123	EG10559
MONOMER0-158	MONOMER0-158	TU00137	EG11316
MONOMER0-160	MONOMER0-160	TU0-14738	G0-10642
MONOMER0-160	MONOMER0-160	TU0-14766	G0-16685
MONOMER0-160	MONOMER0-160	TU0-14766	G0-16686
MONOMER0-160	MONOMER0-160	TU0-14766	G0-16687
MONOMER0-160	MONOMER0-160	TU0-14766	G7923
MONOMER0-160	MONOMER0-160	TU0-2	EG10831
MONOMER0-160	MONOMER0-160	TU0-45219	G0-16685
MONOMER0-160	MONOMER0-160	TU0-45219	G7923
MONOMER0-160	MONOMER0-160	TU0-7044	EG11062
MONOMER0-160	MONOMER0-160	TU00047	EG10660
MONOMER0-160	MONOMER0-160	TU00047	EG10661
MONOMER0-160	MONOMER0-160	TU00047	EG12360
MONOMER0-160	MONOMER0-160	TU00070	EG11062
MONOMER0-160	MONOMER0-160	TU00084	EG10897
MONOMER0-160	MONOMER0-160	TU00205	EG10420
MONOMER0-160	MONOMER0-160	TU00205	EG10421
MONOMER0-160	MONOMER0-160	TU00205	GUSAT1
MONOMER0-160	MONOMER0-160	TU00259	EG10235
MONOMER0-160	MONOMER0-160	TU00259	EG10242
MONOMER0-160	MONOMER0-160	TU00259	EG10828
MONOMER0-160	MONOMER0-160	TU00427	EG10897
MONOMER0-160	MONOMER0-160	TU102	EG10035
MONOMER0-160	MONOMER0-160	TU593	EG10235
MONOMER0-160	MONOMER0-160	TU593	EG10242
MONOMER0-160	MONOMER0-160	TU593	EG10828
MONOMER0-160	MONOMER0-160	TU661	EG10746
MONOMER0-161	MONOMER0-161	TU00040	EG11230
MONOMER0-161	MONOMER0-161	TU00131	EG10577
MONOMER0-161	MONOMER0-161	TU00131	EG10578
MONOMER0-162	MONOMER0-162	TU0-6401	EG10326
MONOMER0-162	MONOMER0-162	TU00008	AROF-TYRA-TERMINATOR
MONOMER0-162	MONOMER0-162	TU00008	EG10078
MONOMER0-162	MONOMER0-162	TU00008	EG11039
MONOMER0-162	MONOMER0-162	TU00011	EG10082
MONOMER0-162	MONOMER0-162	TU00011	EG10083
MONOMER0-162	MONOMER0-162	TU00011	EG11093
MONOMER0-162	MONOMER0-162	TU00012	AROPT1
MONOMER0-162	MONOMER0-162	TU00012	EG10084
MONOMER0-162	MONOMER0-162	TU00087	EG11040
MONOMER0-162	MONOMER0-162	TU00087	TYRBT1
MONOMER0-162	MONOMER0-162	TU00088	EG11041
MONOMER0-162	MONOMER0-162	TU00093	EG10617
MONOMER0-162	MONOMER0-162	TU641	AROPT1
MONOMER0-162	MONOMER0-162	TU641	EG10084
MONOMER0-163	MONOMER0-163	TU00009	AROGT1
MONOMER0-163	MONOMER0-163	TU00009	EG10079
MONOMER0-163	MONOMER0-163	TU00088	EG11041
MONOMER0-164	MONOMER0-164	TU0-14378	EG10175
MONOMER0-164	MONOMER0-164	TU0-14378	EG10176
MONOMER0-164	MONOMER0-164	TU00142	EG10175
MONOMER0-164	MONOMER0-164	TU00142	EG10176
MONOMER0-164	MONOMER0-164	TU00142	EG10177
MONOMER0-164	MONOMER0-164	TU00143	EG11421
MONOMER0-165	MONOMER0-165	TU0-14113	EG11076
MONOMER0-165	MONOMER0-165	TU00003	EG10054
MONOMER0-165	MONOMER0-165	TU00374	EG12275
MONOMER0-165	MONOMER0-165	TU00374	EG12276
MONOMER0-165	MONOMER0-165	TU00374	EG20252
MONOMER0-165	MONOMER0-165	TU00374	EG20253
MONOMER0-165	MONOMER0-165	TU67	EG11074
MONOMER0-165	MONOMER0-165	TU67	EG11075
MONOMER0-165	MONOMER0-165	TU67	G0-17109
MONOMER0-183	MONOMER0-183	TU0-8344	EG10301
MONOMER0-183	MONOMER0-183	TU0-8344	EG10483
MONOMER0-183	MONOMER0-183	TU0-8344	EG10484
MONOMER0-183	MONOMER0-183	TU0-8344	EG10485
MONOMER0-183	MONOMER0-183	TU0-8344	EG10486
MONOMER0-183	MONOMER0-183	TU0-8344	EG10487
MONOMER0-183	MONOMER0-183	TU00152	EG10285
MONOMER0-183	MONOMER0-183	TU00153	EG10474
MONOMER0-183	MONOMER0-183	TU00153	EG10475
MONOMER0-183	MONOMER0-183	TU00153	EG10476
MONOMER0-183	MONOMER0-183	TU00153	EG10477
MONOMER0-183	MONOMER0-183	TU00153	EG10478
MONOMER0-183	MONOMER0-183	TU00153	EG10479
MONOMER0-183	MONOMER0-183	TU00153	EG10480
MONOMER0-183	MONOMER0-183	TU00153	EG10481
MONOMER0-183	MONOMER0-183	TU00153	G7414
MONOMER0-183	MONOMER0-183	TU00154	EG10483
MONOMER0-183	MONOMER0-183	TU00154	EG10484
MONOMER0-183	MONOMER0-183	TU00154	EG10485
MONOMER0-183	MONOMER0-183	TU00154	EG10486
MONOMER0-183	MONOMER0-183	TU00154	EG10487
MONOMER0-183	MONOMER0-183	TU424	EG11551
MONOMER0-183	MONOMER0-183	TU424	EG11552
MONOMER0-183	MONOMER0-183	TU686	EG11150
MONOMER0-183	MONOMER0-183	TU686	EG11282
MONOMER0-183	MONOMER0-183	TU686	G7300
MONOMER0-183	MONOMER0-183	TU686	G7301
MONOMER0-183	MONOMER0-183	TU686	G7302
MONOMER0-183	MONOMER0-183	TU686	G7303
MONOMER0-183	MONOMER0-183	TU686	G7304
MONOMER0-183	MONOMER0-183	TU686	G7305
MONOMER0-183	MONOMER0-183	TU686	G7306
MONOMER0-183	MONOMER0-183	TU686	G7307
MONOMER0-183	MONOMER0-183	TU686	G7308
MONOMER0-183	MONOMER0-183	TU686	G7309
MONOMER0-2081	MONOMER0-2081	TU0-7201	G0-10716
MONOMER0-2081	MONOMER0-2081	TU0-7201	G7331
MONOMER0-2081	MONOMER0-2081	TU0-7202	G7334
MONOMER0-2081	MONOMER0-2081	TU0-7202	G7335
MONOMER0-2081	MONOMER0-2081	TU0-7202	G7336
MONOMER0-2081	MONOMER0-2081	TU0-7202	M009
MONOMER0-2081	MONOMER0-2081	TU0-7202	M015
MONOMER0-2221	MONOMER0-2221	TU0-7622	G6284
MONOMER0-2221	MONOMER0-2221	TU0-7622	G6285
MONOMER0-2221	MONOMER0-2221	TU0-7622	G6286
MONOMER0-2421	MONOMER0-2421	TU0-3602	G6196
MONOMER0-2421	MONOMER0-2421	TU0-3602	G6198
MONOMER0-2421	MONOMER0-2421	TU0-3602	G6199
MONOMER0-2421	MONOMER0-2421	TU0-3602	G6200
MONOMER0-2421	MONOMER0-2421	TU0-7221	G6195
MONOMER0-2741	MONOMER0-2741	TU-8387	EG12658
MONOMER0-2741	MONOMER0-2741	TU-8387	G7575
MONOMER0-2741	MONOMER0-2741	TU0-42547	G6706
MONOMER0-2741	MONOMER0-2741	TU0-42548	G6706
MONOMER0-2741	MONOMER0-2741	TU00136	EG10319
MONOMER0-2741	MONOMER0-2741	TU00136	EG10320
MONOMER0-2741	MONOMER0-2741	TU182	EG10308
MONOMER0-2741	MONOMER0-2741	TU182	EG10310
MONOMER0-2741	MONOMER0-2741	TU182	EG10311
MONOMER0-2741	MONOMER0-2741	TU182	EG10313
MONOMER0-2741	MONOMER0-2741	TU182	EG10314
MONOMER0-2741	MONOMER0-2741	TU182	EG10315
MONOMER0-2741	MONOMER0-2741	TU182	EG11974
MONOMER0-2741	MONOMER0-2741	TU182	G0-17115
MONOMER0-4147	MONOMER0-4147	TU0-13666	G0-8910
MONOMER0-4147	MONOMER0-4147	TU0-42638	EG11897
MONOMER0-4147	MONOMER0-4147	TU0-42638	EG12341
MONOMER0-4147	MONOMER0-4147	TU0-42638	G0-16690
MONOMER0-4147	MONOMER0-4147	TU0-42638	G7347
MONOMER0-4147	MONOMER0-4147	TU0-42638	G7348
MONOMER0-4147	MONOMER0-4147	TU0-45282	EG11897
MONOMER0-4147	MONOMER0-4147	TU0-45282	EG12341
MONOMER0-4147	MONOMER0-4147	TU0-45282	G0-16690
MONOMER0-4147	MONOMER0-4147	TU0-45282	G7347
MONOMER0-4147	MONOMER0-4147	TU0-45282	G7348
MONOMER0-4180	MONOMER0-4180	TU0-13468	G7058
MONOMER0-4180	MONOMER0-4180	TU0-13468	G7059
MONOMER0-4180	MONOMER0-4180	TU0-13468	G7060
MONOMER0-4180	MONOMER0-4180	TU0-1821	EG12367
MONOMER0-4180	MONOMER0-4180	TU0-1821	G6320
MONOMER0-4180	MONOMER0-4180	TU0-1821	G6321
MONOMER0-4180	MONOMER0-4180	TU0-1821	G6322
MONOMER0-4180	MONOMER0-4180	TU0-1822	G6318
MONOMER0-4180	MONOMER0-4180	TU0-1822	G6319
MONOMER0-4180	MONOMER0-4180	TU00101	EG10178
MONOMER0-4180	MONOMER0-4180	TU00101	EG10179
MONOMER0-4180	MONOMER0-4180	TU00101	EG10180
MONOMER0-4180	MONOMER0-4180	TU00101	EG10181
MONOMER0-4180	MONOMER0-4180	TU00101	EG10182
MONOMER0-4276	MONOMER0-4276	TU0-14771	EG12204
MONOMER0-4276	MONOMER0-4276	TU0-14771	G7000
MONOMER0-4276	MONOMER0-4276	TU0-42491	G7942
MONOMER0-4276	MONOMER0-4276	TU0-45222	EG10024
MONOMER0-4276	MONOMER0-4276	TU0-45222	EG10025
MONOMER0-4276	MONOMER0-4276	TU0-45222	EG10543
MONOMER0-4276	MONOMER0-4276	TU0-45222	EG11088
MONOMER0-4276	MONOMER0-4276	TU0-45224	EG11489
MONOMER0-4276	MONOMER0-4276	TU0-45224	G6547
MONOMER0-4276	MONOMER0-4276	TU0-45224	G6548
MONOMER0-4276	MONOMER0-4276	TU0-45257	G6543
MONOMER0-4276	MONOMER0-4276	TU0-45257	G6544
MONOMER0-4276	MONOMER0-4276	TU0-45257	G6545
MONOMER0-4276	MONOMER0-4276	TU0-45257	G6546
MONOMER0-4276	MONOMER0-4276	TU00108	EG10576
MONOMER0-4276	MONOMER0-4276	TU00390	EG11489
MONOMER0-4276	MONOMER0-4276	TU00390	G6547
MONOMER0-4276	MONOMER0-4276	TU00390	G6548
MONOMER0-4276	MONOMER0-4276	TU00392	G6543
MONOMER0-4276	MONOMER0-4276	TU00392	G6544
MONOMER0-4276	MONOMER0-4276	TU00392	G6545
MONOMER0-4276	MONOMER0-4276	TU00392	G6546
MONOMER0-4276	MONOMER0-4276	TU00522	EG10024
MONOMER0-4276	MONOMER0-4276	TU00522	EG10025
MONOMER0-4276	MONOMER0-4276	TU00522	EG10543
MONOMER0-4276	MONOMER0-4276	TU00522	EG11088
MONOMER0-4341	MONOMER0-4341	TU0-13468	G7058
MONOMER0-4341	MONOMER0-4341	TU0-13468	G7059
MONOMER0-4341	MONOMER0-4341	TU0-13468	G7060
MONOMER0-4341	MONOMER0-4341	TU0-1821	EG12367
MONOMER0-4341	MONOMER0-4341	TU0-1821	G6320
MONOMER0-4341	MONOMER0-4341	TU0-1821	G6321
MONOMER0-4341	MONOMER0-4341	TU0-1821	G6322
MONOMER0-4341	MONOMER0-4341	TU0-1822	G6318
MONOMER0-4341	MONOMER0-4341	TU0-1822	G6319
MONOMER0-4341	MONOMER0-4341	TU00101	EG10178
MONOMER0-4341	MONOMER0-4341	TU00101	EG10179
MONOMER0-4341	MONOMER0-4341	TU00101	EG10180
MONOMER0-4341	MONOMER0-4341	TU00101	EG10181
MONOMER0-4341	MONOMER0-4341	TU00101	EG10182
MONOMER0-4536	MONOMER0-4536	TU0-14388	EG10608
MONOMER0-4536	MONOMER0-4536	TU0-42695	EG11489
MONOMER0-4536	MONOMER0-4536	TU0-45257	G6543
MONOMER0-4536	MONOMER0-4536	TU0-45257	G6544
MONOMER0-4536	MONOMER0-4536	TU0-45257	G6545
MONOMER0-4536	MONOMER0-4536	TU0-45257	G6546
MONOMER0-4536	MONOMER0-4536	TU0-8782	EG10203
MONOMER0-4536	MONOMER0-4536	TU00304	EG10608
MONOMER0-4536	MONOMER0-4536	TU00304	EG10609
MONOMER0-4536	MONOMER0-4536	TU00304	EG10610
MONOMER0-4536	MONOMER0-4536	TU243	EG10040
MONOMER0-46	MONOMER0-46	TU0-1181	EG30008
MONOMER0-46	MONOMER0-46	TU0-1181	EG30043
MONOMER0-46	MONOMER0-46	TU0-1181	EG30070
MONOMER0-46	MONOMER0-46	TU0-1181	EG30077
MONOMER0-46	MONOMER0-46	TU0-1181	EG30084
MONOMER0-46	MONOMER0-46	TU0-1182	EG30032
MONOMER0-46	MONOMER0-46	TU0-1182	EG30071
MONOMER0-46	MONOMER0-46	TU0-1182	EG30078
MONOMER0-46	MONOMER0-46	TU0-1182	EG30085
MONOMER0-46	MONOMER0-46	TU0-1183	EG30033
MONOMER0-46	MONOMER0-46	TU0-1183	EG30072
MONOMER0-46	MONOMER0-46	TU0-1183	EG30079
MONOMER0-46	MONOMER0-46	TU0-1183	EG30086
MONOMER0-46	MONOMER0-46	TU0-1184	EG30033
MONOMER0-46	MONOMER0-46	TU0-1184	EG30072
MONOMER0-46	MONOMER0-46	TU0-1184	EG30079
MONOMER0-46	MONOMER0-46	TU0-1184	EG30086
MONOMER0-46	MONOMER0-46	TU0-1186	EG30034
MONOMER0-46	MONOMER0-46	TU0-1186	EG30074
MONOMER0-46	MONOMER0-46	TU0-1186	EG30081
MONOMER0-46	MONOMER0-46	TU0-1186	EG30088
MONOMER0-46	MONOMER0-46	TU0-1187	EG30035
MONOMER0-46	MONOMER0-46	TU0-1187	EG30075
MONOMER0-46	MONOMER0-46	TU0-1187	EG30082
MONOMER0-46	MONOMER0-46	TU0-1187	EG30089
MONOMER0-46	MONOMER0-46	TU0-1188	EG30035
MONOMER0-46	MONOMER0-46	TU0-1188	EG30075
MONOMER0-46	MONOMER0-46	TU0-1188	EG30082
MONOMER0-46	MONOMER0-46	TU0-1188	EG30089
MONOMER0-46	MONOMER0-46	TU0-1189	EG30010
MONOMER0-46	MONOMER0-46	TU0-1189	EG30045
MONOMER0-46	MONOMER0-46	TU0-1189	EG30076
MONOMER0-46	MONOMER0-46	TU0-1189	EG30083
MONOMER0-46	MONOMER0-46	TU0-1189	EG30090
MONOMER0-46	MONOMER0-46	TU0-1190	EG30010
MONOMER0-46	MONOMER0-46	TU0-1190	EG30045
MONOMER0-46	MONOMER0-46	TU0-1190	EG30076
MONOMER0-46	MONOMER0-46	TU0-1190	EG30083
MONOMER0-46	MONOMER0-46	TU0-1190	EG30090
MONOMER0-46	MONOMER0-46	TU0-1191	EG30009
MONOMER0-46	MONOMER0-46	TU0-1191	EG30044
MONOMER0-46	MONOMER0-46	TU0-1191	EG30073
MONOMER0-46	MONOMER0-46	TU0-1191	EG30080
MONOMER0-46	MONOMER0-46	TU0-1191	EG30087
MONOMER0-46	MONOMER0-46	TU0-1191	EG30091
MONOMER0-46	MONOMER0-46	TU0-1191	EG30103
MONOMER0-46	MONOMER0-46	TU0-1192	EG30009
MONOMER0-46	MONOMER0-46	TU0-1192	EG30044
MONOMER0-46	MONOMER0-46	TU0-1192	EG30073
MONOMER0-46	MONOMER0-46	TU0-1192	EG30080
MONOMER0-46	MONOMER0-46	TU0-1192	EG30087
MONOMER0-46	MONOMER0-46	TU0-1192	EG30091
MONOMER0-46	MONOMER0-46	TU0-1192	EG30103
MONOMER0-46	MONOMER0-46	TU0-14486	EG30008
MONOMER0-46	MONOMER0-46	TU0-14486	EG30043
MONOMER0-46	MONOMER0-46	TU0-14486	EG30070
MONOMER0-46	MONOMER0-46	TU0-14486	EG30077
MONOMER0-46	MONOMER0-46	TU0-14486	EG30084
MONOMER0-46	MONOMER0-46	TU0-14487	EG30034
MONOMER0-46	MONOMER0-46	TU0-14487	EG30074
MONOMER0-46	MONOMER0-46	TU0-14487	EG30081
MONOMER0-46	MONOMER0-46	TU0-14487	EG30088
MONOMER0-46	MONOMER0-46	TU0-1761	EG10680
MONOMER0-46	MONOMER0-46	TU0-3364	EG30032
MONOMER0-46	MONOMER0-46	TU0-3364	EG30071
MONOMER0-46	MONOMER0-46	TU0-3364	EG30078
MONOMER0-46	MONOMER0-46	TU0-3364	EG30085
MONOMER0-46	MONOMER0-46	TU0-8471	G6528
MONOMER0-46	MONOMER0-46	TU0-8471	G6529
MONOMER0-46	MONOMER0-46	TU0-8471	G6530
MONOMER0-46	MONOMER0-46	TU0-8471	G6531
MONOMER0-46	MONOMER0-46	TU00200	EG10652
MONOMER0-46	MONOMER0-46	TU00200	EG11078
MONOMER0-562	MONOMER0-562	TU0-1962	EG20080
MONOMER0-562	MONOMER0-562	TU0-1962	G0-8601
MONOMER0-562	MONOMER0-562	TU0-1962	G7542
MONOMER0-562	MONOMER0-562	TU0-1962	G7543
MONOMER0-562	MONOMER0-562	TU0-1962	G7544
MONOMER0-562	MONOMER0-562	TU0-1962	G7545
MONOMER0-562	MONOMER0-562	TU0-1963	G7546
PC00003	PC00003	TU0-14166	EG12439
PC00003	PC00003	TU0-14166	EG12517
PC00003	PC00003	TU0-14166	EG12518
PC00003	PC00003	TU0-14166	EG12520
PC00003	PC00003	TU00003	EG10054
PC00003	PC00003	TU00214	EG10052
PC00003	PC00003	TU00214	EG10053
PC00003	PC00003	TU00214	EG10055
PC00005	PC00005	TU00240	EG11624
PC00005	PC00005	TU00240	EG11625
PC00005	PC00005	TU00240	EG11626
PC00005	PC00005	TU00240	EG11627
PC00010	PC00010	TU0-12849	G6109
PC00010	PC00010	TU0-12849	G6110
PC00010	PC00010	TU0-12853	G6115
PC00010	PC00010	TU0-12853	G6116
PC00010	PC00010	TU0-12853	G6117
PC00010	PC00010	TU0-12853	G6118
PC00010	PC00010	TU0-12854	G6116
PC00010	PC00010	TU0-12854	G6117
PC00010	PC00010	TU0-12854	G6118
PC00010	PC00010	TU0-13128	G6558
PC00010	PC00010	TU0-13438	EG11808
PC00010	PC00010	TU0-13744	EG10786
PC00010	PC00010	TU0-13744	EG10824
PC00010	PC00010	TU0-13744	EG10826
PC00010	PC00010	TU0-14002	EG11193
PC00010	PC00010	TU0-14047	EG10833
PC00010	PC00010	TU0-14445	EG10214
PC00010	PC00010	TU0-14445	EG10265
PC00010	PC00010	TU0-14445	EG10339
PC00010	PC00010	TU0-14445	EG10341
PC00010	PC00010	TU0-14445	EG10342
PC00010	PC00010	TU0-14445	EG10344
PC00010	PC00010	TU0-14445	EG10347
PC00010	PC00010	TU0-14445	EG10604
PC00010	PC00010	TU0-14445	EG10619
PC00010	PC00010	TU0-14445	EG10620
PC00010	PC00010	TU0-14445	EG10621
PC00010	PC00010	TU0-14445	EG10622
PC00010	PC00010	TU0-14445	EG10623
PC00010	PC00010	TU0-14445	EG11086
PC00010	PC00010	TU0-14445	G0-17085
PC00010	PC00010	TU0-14447	G6464
PC00010	PC00010	TU0-14637	EG11892
PC00010	PC00010	TU0-14730	EG11062
PC00010	PC00010	TU0-2	EG10831
PC00010	PC00010	TU0-45217	G6115
PC00010	PC00010	TU0-45217	G6116
PC00010	PC00010	TU0-45217	G6117
PC00010	PC00010	TU0-45217	G6118
PC00010	PC00010	TU0-4525	EG10823
PC00010	PC00010	TU0-4525	EG12080
PC00010	PC00010	TU0-6241	G0-9962
PC00010	PC00010	TU0-6301	EG11357
PC00010	PC00010	TU0-6301	EG11580
PC00010	PC00010	TU0-6559	EG11063
PC00010	PC00010	TU0-6661	RUVA
PC00010	PC00010	TU0-6661	RUVB
PC00010	PC00010	TU0-6683	EG10786
PC00010	PC00010	TU0-6686	EG11063
PC00010	PC00010	TU0-6686	EG11140
PC00010	PC00010	TU0-7044	EG11062
PC00010	PC00010	TU0-7581	EG10747
PC00010	PC00010	TU0-8261	G6933
PC00010	PC00010	TU0-8262	G7777
PC00010	PC00010	TU0-8263	G0-9981
PC00010	PC00010	TU0-8264	G7940
PC00010	PC00010	TU0-8265	EG11775
PC00010	PC00010	TU0-8266	G0-9582
PC00010	PC00010	TU0-8267	G6937
PC00010	PC00010	TU0-9	EG11992
PC00010	PC00010	TU00037	EG10533
PC00010	PC00010	TU00037	EG11491
PC00010	PC00010	TU00062	EG10823
PC00010	PC00010	TU00065	EG10976
PC00010	PC00010	TU00066	EG10984
PC00010	PC00010	TU00069	EG11061
PC00010	PC00010	TU00070	EG11062
PC00010	PC00010	TU00071	EG11064
PC00010	PC00010	TU00180	EG11056
PC00010	PC00010	TU00180	EG11057
PC00010	PC00010	TU00353	RUVA
PC00010	PC00010	TU00353	RUVB
PC00010	PC00010	TU00435	EG10239
PC00010	PC00010	TU00435	EG10896
PC00010	PC00010	TU00435	EG10920
PC00010	PC00010	TU365	EG10736
PC00027	PC00027	TU0-1122	EG10232
PC00027	PC00027	TU0-1122	EG10233
PC00027	PC00027	TU0-1122	EG10234
PC00027	PC00027	TU0-1198	EG12231
PC00027	PC00027	TU0-13666	G0-8910
PC00027	PC00027	TU0-14111	EG11923
PC00027	PC00027	TU0-14287	EG11923
PC00027	PC00027	TU0-14287	EG11924
PC00027	PC00027	TU0-14287	EG11925
PC00027	PC00027	TU0-14287	EG11926
PC00027	PC00027	TU0-14692	EG10734
PC00027	PC00027	TU0-14693	EG10734
PC00027	PC00027	TU0-14693	EG10782
PC00027	PC00027	TU0-14693	EG10784
PC00027	PC00027	TU0-1681	EG10954
PC00027	PC00027	TU0-1962	EG20080
PC00027	PC00027	TU0-1962	G0-8601
PC00027	PC00027	TU0-1962	G7542
PC00027	PC00027	TU0-1962	G7543
PC00027	PC00027	TU0-1962	G7544
PC00027	PC00027	TU0-1962	G7545
PC00027	PC00027	TU0-1981	EG11391
PC00027	PC00027	TU0-2041	EG20098
PC00027	PC00027	TU0-2042	EG10369
PC00027	PC00027	TU0-2621	EG11378
PC00027	PC00027	TU0-2621	G6905
PC00027	PC00027	TU0-2621	G6906
PC00027	PC00027	TU0-2621	G6907
PC00027	PC00027	TU0-2621	G6908
PC00027	PC00027	TU0-2621	G6909
PC00027	PC00027	TU0-2644	EG30063
PC00027	PC00027	TU0-2741	EG11823
PC00027	PC00027	TU0-2741	EG12189
PC00027	PC00027	TU0-2742	EG12189
PC00027	PC00027	TU0-3341	G7596
PC00027	PC00027	TU0-3721	EG11448
PC00027	PC00027	TU0-3721	EG11942
PC00027	PC00027	TU0-3721	EG11943
PC00027	PC00027	TU0-3723	EG11448
PC00027	PC00027	TU0-3723	EG11942
PC00027	PC00027	TU0-3723	EG11943
PC00027	PC00027	TU0-3901	EG11508
PC00027	PC00027	TU0-4201	EG10427
PC00027	PC00027	TU0-4201	EG10761
PC00027	PC00027	TU0-4201	EG12424
PC00027	PC00027	TU0-42509	EG10979
PC00027	PC00027	TU0-42509	EG10980
PC00027	PC00027	TU0-42516	EG11270
PC00027	PC00027	TU0-42517	EG11270
PC00027	PC00027	TU0-42636	EG11897
PC00027	PC00027	TU0-42636	EG12341
PC00027	PC00027	TU0-42636	G0-16690
PC00027	PC00027	TU0-42636	G7347
PC00027	PC00027	TU0-42636	G7348
PC00027	PC00027	TU0-4441	EG12450
PC00027	PC00027	TU0-4441	G7413
PC00027	PC00027	TU0-45164	EG30063
PC00027	PC00027	TU0-45182	EG10403
PC00027	PC00027	TU0-45182	EG10404
PC00027	PC00027	TU0-45182	EG11514
PC00027	PC00027	TU0-45200	EG11415
PC00027	PC00027	TU0-45214	EG10734
PC00027	PC00027	TU0-45214	EG10782
PC00027	PC00027	TU0-45214	EG10784
PC00027	PC00027	TU0-45215	EG10734
PC00027	PC00027	TU0-45216	EG10734
PC00027	PC00027	TU0-45216	EG10735
PC00027	PC00027	TU0-45216	EG10782
PC00027	PC00027	TU0-45216	EG10783
PC00027	PC00027	TU0-45216	EG10784
PC00027	PC00027	TU0-45229	EG10671
PC00027	PC00027	TU0-45234	EG11391
PC00027	PC00027	TU0-45241	EG11448
PC00027	PC00027	TU0-45241	EG11942
PC00027	PC00027	TU0-45241	EG11943
PC00027	PC00027	TU0-45257	G6543
PC00027	PC00027	TU0-45257	G6544
PC00027	PC00027	TU0-45257	G6545
PC00027	PC00027	TU0-45257	G6546
PC00027	PC00027	TU0-45258	G7596
PC00027	PC00027	TU0-45280	EG10441
PC00027	PC00027	TU0-45283	EG10044
PC00027	PC00027	TU0-4761	G0-8785
PC00027	PC00027	TU0-5001	EG11535
PC00027	PC00027	TU0-5162	EG12494
PC00027	PC00027	TU0-5162	EG12495
PC00027	PC00027	TU0-5162	G7856
PC00027	PC00027	TU0-5162	G7858
PC00027	PC00027	TU0-5162	G7859
PC00027	PC00027	TU0-5162	G7860
PC00027	PC00027	TU0-5163	G7855
PC00027	PC00027	TU0-5741	EG11933
PC00027	PC00027	TU0-5741	G0-16700
PC00027	PC00027	TU0-6401	EG10326
PC00027	PC00027	TU0-6629	EG12358
PC00027	PC00027	TU0-6629	G6476
PC00027	PC00027	TU0-6629	G6477
PC00027	PC00027	TU0-6629	G6478
PC00027	PC00027	TU0-6629	G6479
PC00027	PC00027	TU0-8344	EG10301
PC00027	PC00027	TU0-8344	EG10483
PC00027	PC00027	TU0-8344	EG10484
PC00027	PC00027	TU0-8344	EG10485
PC00027	PC00027	TU0-8344	EG10486
PC00027	PC00027	TU0-8344	EG10487
PC00027	PC00027	TU0-8761	G7679
PC00027	PC00027	TU00001	EG10022
PC00027	PC00027	TU00001	EG10023
PC00027	PC00027	TU00001	EG10026
PC00027	PC00027	TU00021	EG10317
PC00027	PC00027	TU00021	EG11311
PC00027	PC00027	TU00021	FIST
PC00027	PC00027	TU00022	EG10325
PC00027	PC00027	TU00044	EG10638
PC00027	PC00027	TU00044	EG10639
PC00027	PC00027	TU00044	EG10640
PC00027	PC00027	TU00044	EG10641
PC00027	PC00027	TU00045	EG10642
PC00027	PC00027	TU00045	G0-17088
PC00027	PC00027	TU00046	EG10188
PC00027	PC00027	TU00046	EG10653
PC00027	PC00027	TU00046	EG10654
PC00027	PC00027	TU00046	EG10655
PC00027	PC00027	TU00049	EG10670
PC00027	PC00027	TU00049	OMPC_TERMINATOR
PC00027	PC00027	TU00050	EG10671
PC00027	PC00027	TU00064	EG10953
PC00027	PC00027	TU00078	EG10189
PC00027	PC00027	TU00078	EG10190
PC00027	PC00027	TU00078	EG10191
PC00027	PC00027	TU00088	EG11041
PC00027	PC00027	TU00093	EG10617
PC00027	PC00027	TU00103	EG10979
PC00027	PC00027	TU00103	EG10980
PC00027	PC00027	TU00103	EG10981
PC00027	PC00027	TU00103	EG10982
PC00027	PC00027	TU00103	G0-17009
PC00027	PC00027	TU00106	EG10402
PC00027	PC00027	TU00110	EG10134
PC00027	PC00027	TU00110	EG10135
PC00027	PC00027	TU00114	EG11669
PC00027	PC00027	TU00114	EG11670
PC00027	PC00027	TU00114	EG11671
PC00027	PC00027	TU00114	EG11672
PC00027	PC00027	TU00125	EG10989
PC00027	PC00027	TU00125	EG10990
PC00027	PC00027	TU00125	EG10991
PC00027	PC00027	TU00125	EG11172
PC00027	PC00027	TU00125	G7624
PC00027	PC00027	TU00125	G7626
PC00027	PC00027	TU00125	G7627
PC00027	PC00027	TU00136	EG10319
PC00027	PC00027	TU00136	EG10320
PC00027	PC00027	TU00153	EG10474
PC00027	PC00027	TU00153	EG10475
PC00027	PC00027	TU00153	EG10476
PC00027	PC00027	TU00153	EG10477
PC00027	PC00027	TU00153	EG10478
PC00027	PC00027	TU00153	EG10479
PC00027	PC00027	TU00153	EG10480
PC00027	PC00027	TU00153	EG10481
PC00027	PC00027	TU00153	G7414
PC00027	PC00027	TU00154	EG10483
PC00027	PC00027	TU00154	EG10484
PC00027	PC00027	TU00154	EG10485
PC00027	PC00027	TU00154	EG10486
PC00027	PC00027	TU00154	EG10487
PC00027	PC00027	TU00158	EG10649
PC00027	PC00027	TU00172	EG10386
PC00027	PC00027	TU00172	EG10388
PC00027	PC00027	TU00172	EG10389
PC00027	PC00027	TU00174	EG10440
PC00027	PC00027	TU00174	IHFA-TERMINATOR
PC00027	PC00027	TU00175	EG10441
PC00027	PC00027	TU00176	EG11415
PC00027	PC00027	TU00182	EG10403
PC00027	PC00027	TU00182	EG10404
PC00027	PC00027	TU00182	EG11514
PC00027	PC00027	TU00199	EG11781
PC00027	PC00027	TU00199	EG11945
PC00027	PC00027	TU00199	EG11946
PC00027	PC00027	TU00199	EG11947
PC00027	PC00027	TU00199	EG11948
PC00027	PC00027	TU00199	EG11949
PC00027	PC00027	TU00199	EG11950
PC00027	PC00027	TU00202	EG10734
PC00027	PC00027	TU00202	EG10735
PC00027	PC00027	TU00202	EG10782
PC00027	PC00027	TU00202	EG10783
PC00027	PC00027	TU00202	EG10784
PC00027	PC00027	TU00216	EG10399
PC00027	PC00027	TU00216	EG10401
PC00027	PC00027	TU00235	EG11501
PC00027	PC00027	TU00262	EG10248
PC00027	PC00027	TU00262	EG12625
PC00027	PC00027	TU00262	EG12626
PC00027	PC00027	TU00262	EG12627
PC00027	PC00027	TU00262	EG12628
PC00027	PC00027	TU00263	EG11972
PC00027	PC00027	TU00263	EG11973
PC00027	PC00027	TU00284	EG10442
PC00027	PC00027	TU00284	EG10443
PC00027	PC00027	TU00310	EG11773
PC00027	PC00027	TU00310	EG11774
PC00027	PC00027	TU00310	EG12082
PC00027	PC00027	TU00310	EG12083
PC00027	PC00027	TU00310	EG12084
PC00027	PC00027	TU00310	EG12086
PC00027	PC00027	TU00310	EG12087
PC00027	PC00027	TU00310	EG12088
PC00027	PC00027	TU00310	EG12089
PC00027	PC00027	TU00310	EG12090
PC00027	PC00027	TU00310	EG12091
PC00027	PC00027	TU00310	EG12092
PC00027	PC00027	TU00310	EG12093
PC00027	PC00027	TU00326	EG10776
PC00027	PC00027	TU00326	EG10777
PC00027	PC00027	TU00326	EG10778
PC00027	PC00027	TU00326	EG10779
PC00027	PC00027	TU00326	EG10780
PC00027	PC00027	TU00369	EG11369
PC00027	PC00027	TU00369	EG11370
PC00027	PC00027	TU00377	EG10701
PC00027	PC00027	TU00377	EG11258
PC00027	PC00027	TU00392	G6543
PC00027	PC00027	TU00392	G6544
PC00027	PC00027	TU00392	G6545
PC00027	PC00027	TU00392	G6546
PC00027	PC00027	TU00398	EG10044
PC00027	PC00027	TU00403	EG11972
PC00027	PC00027	TU00403	EG11973
PC00027	PC00027	TU00404	EG11972
PC00027	PC00027	TU00404	EG11973
PC00027	PC00027	TU00410	EG10309
PC00027	PC00027	TU00415	EG11355
PC00027	PC00027	TU00415	EG11356
PC00027	PC00027	TU00415	G7039
PC00027	PC00027	TU00431	EG11390
PC00027	PC00027	TU00477	EG10670
PC00027	PC00027	TU00477	OMPC_TERMINATOR
PC00027	PC00027	TU161	EG10269
PC00027	PC00027	TU161	EG10672
PC00027	PC00027	TU182	EG10308
PC00027	PC00027	TU182	EG10310
PC00027	PC00027	TU182	EG10311
PC00027	PC00027	TU182	EG10313
PC00027	PC00027	TU182	EG10314
PC00027	PC00027	TU182	EG10315
PC00027	PC00027	TU182	EG11974
PC00027	PC00027	TU182	G0-17115
PC00027	PC00027	TU221	EG10897
PC00027	PC00027	TU356	EG10659
PC00027	PC00027	TU368	EG12278
PC00027	PC00027	TU4	G6708
PC00027	PC00027	TU5	G6709
PC00027	PC00027	TU5	G6710
PC00027	PC00027	TU5	G6711
PC00027	PC00027	TU5	G6712
PC00027	PC00027	TU5	G6713
PC00027	PC00027	TU5	G6714
PC00027	PC00027	TU5	G6715
PC00027	PC00027	TU5	G6716
PC00027	PC00027	TU5	G6717
PC00027	PC00027	TU5	G6718
PC00027	PC00027	TU5	G6719
PC00027	PC00027	TU524	EG10493
PC00027	PC00027	TU524	EG10496
PC00027	PC00027	TU524	EG10497
PC00027	PC00027	TU524	EG10501
PC00027	PC00027	TU524	EG11270
PC00027	PC00027	TU524	G0-10641
PC00027	PC00027	TU524	G8221
PC00027	PC00027	TU524	ILVA-RHO-TERMINATOR
PC00027	PC00027	TU525	EG10493
PC00027	PC00027	TU525	EG10496
PC00027	PC00027	TU525	EG10497
PC00027	PC00027	TU525	EG10501
PC00027	PC00027	TU525	EG11270
PC00027	PC00027	TU525	G0-10641
PC00027	PC00027	TU525	G8221
PC00027	PC00027	TU525	ILVA-RHO-TERMINATOR
PC00027	PC00027	TU592	EG12279
PC00027	PC00027	TU592	EG12280
PC00027	PC00027	TU592	EG12281
PC00027	PC00027	TU592	EG12282
PC00027	PC00027	TU592	EG12283
PC00027	PC00027	TU592	EG12284
PC00027	PC00027	TU592	EG12285
PC00027	PC00027	TU592	EG12286
PC00027	PC00027	TU592	EG12287
PC00027	PC00027	TU61	G7750
PC00027	PC00027	TU61	G7751
PC00027	PC00027	TU702	EG10771
PC00027	PC00027	TU702	EG10772
PC00027	PC00027	TU702	EG10773
PC00027	PC00027	TU861	EG12031
PC00040	PC00040	TU0-13203	G6640
PC00040	PC00040	TU0-13384	G6934
PC00040	PC00040	TU0-14515	G7039
PC00040	PC00040	TU00077	EG10184
PC00040	PC00040	TU00079	EG10192
PC00061	PC00061	TU0-1022	EG12381
PC00061	PC00061	TU0-1022	EG20257
PC00061	PC00061	TU0-1022	G7401
PC00061	PC00061	TU0-1022	G7402
PC00061	PC00061	TU0-12806	EG11754
PC00061	PC00061	TU0-12806	G0-10617
PC00061	PC00061	TU0-12806	G0-9941
PC00061	PC00061	TU0-12889	EG11236
PC00061	PC00061	TU0-13924	G7728
PC00061	PC00061	TU0-13924	G7729
PC00061	PC00061	TU0-13924	G7730
PC00061	PC00061	TU0-13924	G7731
PC00061	PC00061	TU0-13924	G7732
PC00061	PC00061	TU0-13924	G7733
PC00061	PC00061	TU0-13998	EG12296
PC00061	PC00061	TU0-13998	EG12297
PC00061	PC00061	TU0-13998	EG12298
PC00061	PC00061	TU0-14406	EG11551
PC00061	PC00061	TU0-14407	EG11551
PC00061	PC00061	TU0-14412	EG10258
PC00061	PC00061	TU0-14413	EG10258
PC00061	PC00061	TU0-14414	EG10258
PC00061	PC00061	TU0-14668	EG11015
PC00061	PC00061	TU0-1963	G7546
PC00061	PC00061	TU0-198745	EG11519
PC00061	PC00061	TU0-198745	EG12075
PC00061	PC00061	TU0-198745	EG12076
PC00061	PC00061	TU0-198745	EG12077
PC00061	PC00061	TU0-198745	EG12078
PC00061	PC00061	TU0-198745	EG12079
PC00061	PC00061	TU0-198746	EG11773
PC00061	PC00061	TU0-198746	EG11774
PC00061	PC00061	TU0-198746	EG12082
PC00061	PC00061	TU0-198746	EG12083
PC00061	PC00061	TU0-198746	EG12084
PC00061	PC00061	TU0-198746	EG12086
PC00061	PC00061	TU0-198746	EG12087
PC00061	PC00061	TU0-198746	EG12088
PC00061	PC00061	TU0-198746	EG12089
PC00061	PC00061	TU0-198746	EG12090
PC00061	PC00061	TU0-198746	EG12091
PC00061	PC00061	TU0-198746	EG12092
PC00061	PC00061	TU0-198746	EG12093
PC00061	PC00061	TU0-198747	EG10444
PC00061	PC00061	TU0-198747	EG10445
PC00061	PC00061	TU0-198747	EG10446
PC00061	PC00061	TU0-198747	EG10447
PC00061	PC00061	TU0-198747	EG10448
PC00061	PC00061	TU0-198747	EG10449
PC00061	PC00061	TU0-198747	EG10450
PC00061	PC00061	TU0-198747	EG10451
PC00061	PC00061	TU0-3163	EG10173
PC00061	PC00061	TU0-3163	EG10174
PC00061	PC00061	TU0-3602	G6196
PC00061	PC00061	TU0-3602	G6198
PC00061	PC00061	TU0-3602	G6199
PC00061	PC00061	TU0-3602	G6200
PC00061	PC00061	TU0-45170	EG12957
PC00061	PC00061	TU0-45181	EG10031
PC00061	PC00061	TU0-45190	EG11754
PC00061	PC00061	TU0-45190	G0-10617
PC00061	PC00061	TU0-45190	G0-9941
PC00061	PC00061	TU0-45203	EG11015
PC00061	PC00061	TU0-45205	EG10754
PC00061	PC00061	TU0-45213	EG12440
PC00061	PC00061	TU0-45222	EG10024
PC00061	PC00061	TU0-45222	EG10025
PC00061	PC00061	TU0-45222	EG10543
PC00061	PC00061	TU0-45222	EG11088
PC00061	PC00061	TU0-45236	EG10699
PC00061	PC00061	TU0-45257	G6543
PC00061	PC00061	TU0-45257	G6544
PC00061	PC00061	TU0-45257	G6545
PC00061	PC00061	TU0-45257	G6546
PC00061	PC00061	TU0-45263	EG10367
PC00061	PC00061	TU0-45273	EG10282
PC00061	PC00061	TU0-45273	EG10368
PC00061	PC00061	TU0-45273	EG10703
PC00061	PC00061	TU0-45274	EG10368
PC00061	PC00061	TU0-45274	EG10703
PC00061	PC00061	TU0-4904	EG10367
PC00061	PC00061	TU0-4904	G6966
PC00061	PC00061	TU0-4905	EG10367
PC00061	PC00061	TU0-4906	EG10367
PC00061	PC00061	TU0-6510	EG10756
PC00061	PC00061	TU0-6629	EG12358
PC00061	PC00061	TU0-6629	G6476
PC00061	PC00061	TU0-6629	G6477
PC00061	PC00061	TU0-6629	G6478
PC00061	PC00061	TU0-6629	G6479
PC00061	PC00061	TU0-7421	EG12957
PC00061	PC00061	TU0-8082	EG10282
PC00061	PC00061	TU0-8082	EG10368
PC00061	PC00061	TU0-8082	EG10703
PC00061	PC00061	TU0-8469	G7129
PC00061	PC00061	TU0-963	EG12440
PC00061	PC00061	TU00001	EG10022
PC00061	PC00061	TU00001	EG10023
PC00061	PC00061	TU00001	EG10026
PC00061	PC00061	TU00012	AROPT1
PC00061	PC00061	TU00012	EG10084
PC00061	PC00061	TU00046	EG10188
PC00061	PC00061	TU00046	EG10653
PC00061	PC00061	TU00046	EG10654
PC00061	PC00061	TU00046	EG10655
PC00061	PC00061	TU00101	EG10178
PC00061	PC00061	TU00101	EG10179
PC00061	PC00061	TU00101	EG10180
PC00061	PC00061	TU00101	EG10181
PC00061	PC00061	TU00101	EG10182
PC00061	PC00061	TU00115	EG10109
PC00061	PC00061	TU00115	EG10110
PC00061	PC00061	TU00115	EG10111
PC00061	PC00061	TU00116	EG10112
PC00061	PC00061	TU00119	EG10164
PC00061	PC00061	TU00141	EG10688
PC00061	PC00061	TU00162	EG10759
PC00061	PC00061	TU00190	EG11434
PC00061	PC00061	TU00190	EG11435
PC00061	PC00061	TU00190	EG11599
PC00061	PC00061	TU00193	EG10615
PC00061	PC00061	TU00193	EG10616
PC00061	PC00061	TU00193	EG11965
PC00061	PC00061	TU00196	EG10567
PC00061	PC00061	TU00196	EG10568
PC00061	PC00061	TU00196	EG10569
PC00061	PC00061	TU00198	EG10031
PC00061	PC00061	TU00209	EG11221
PC00061	PC00061	TU00213	EG11402
PC00061	PC00061	TU00213	EG12127
PC00061	PC00061	TU00227	EG10256
PC00061	PC00061	TU00227	EG10257
PC00061	PC00061	TU00392	G6543
PC00061	PC00061	TU00392	G6544
PC00061	PC00061	TU00392	G6545
PC00061	PC00061	TU00392	G6546
PC00061	PC00061	TU00425	EG10489
PC00061	PC00061	TU00443	EG10368
PC00061	PC00061	TU00443	EG10703
PC00061	PC00061	TU00482	EG10165
PC00061	PC00061	TU00482	EG10788
PC00061	PC00061	TU00482	EG10789
PC00061	PC00061	TU00483	EG10165
PC00061	PC00061	TU00483	EG10788
PC00061	PC00061	TU00483	EG10789
PC00061	PC00061	TU00522	EG10024
PC00061	PC00061	TU00522	EG10025
PC00061	PC00061	TU00522	EG10543
PC00061	PC00061	TU00522	EG11088
PC00061	PC00061	TU00527	EG10804
PC00061	PC00061	TU541	EG10754
PC00061	PC00061	TU641	AROPT1
PC00061	PC00061	TU641	EG10084
PC00061	PC00061	TU788	EG10699
PC00061	PC00061	TU794	EG11325
PC00061	PC00061	TU796	EG12316
PC00084	PC00084	TU0-14111	EG11923
PC00084	PC00084	TU0-14287	EG11923
PC00084	PC00084	TU0-14287	EG11924
PC00084	PC00084	TU0-14287	EG11925
PC00084	PC00084	TU0-14287	EG11926
PC00084	PC00084	TU0-45257	G6543
PC00084	PC00084	TU0-45257	G6544
PC00084	PC00084	TU0-45257	G6545
PC00084	PC00084	TU0-45257	G6546
PC00084	PC00084	TU00136	EG10319
PC00084	PC00084	TU00136	EG10320
PC00084	PC00084	TU00207	G7103
PC00084	PC00084	TU00207	G7104
PC00084	PC00084	TU00207	G7105
PC00084	PC00084	TU00207	G7106
PC00084	PC00084	TU00207	G7107
PC00084	PC00084	TU00392	G6543
PC00084	PC00084	TU00392	G6544
PC00084	PC00084	TU00392	G6545
PC00084	PC00084	TU00392	G6546
PC00084	PC00084	TU00486	EG10820
PC00103	PC00103	TU0-4482	EG13235
PC00103	PC00103	TU0-4482	EG13236
PC00103	PC00103	TU00408	EG11109
PD00200	PD00200	TU0-45235	EG10503
PD00200	PD00200	TU00033	EG10503
PD00200	PD00200	TU00090	EG10495
PD00208	PD00208	TU00040	EG11230
PD00208	PD00208	TU00131	EG10577
PD00208	PD00208	TU00131	EG10578
PD00214	PD00214	TU0-1281	EG10359
PD00214	PD00214	TU0-1281	G0-10580
PD00214	PD00214	TU0-12951	EG10431
PD00214	PD00214	TU0-12995	G6333
PD00214	PD00214	TU0-13571	G7173
PD00214	PD00214	TU0-13965	EG12244
PD00214	PD00214	TU0-14	EG10412
PD00214	PD00214	TU0-14761	EG11384
PD00214	PD00214	TU0-14761	EG11385
PD00214	PD00214	TU0-1782	EG11404
PD00214	PD00214	TU0-2101	EG10852
PD00214	PD00214	TU0-2101	EG11261
PD00214	PD00214	TU0-2101	EG12842
PD00214	PD00214	TU0-2101	G6447
PD00214	PD00214	TU0-2621	EG11378
PD00214	PD00214	TU0-2621	G6905
PD00214	PD00214	TU0-2621	G6906
PD00214	PD00214	TU0-2621	G6907
PD00214	PD00214	TU0-2621	G6908
PD00214	PD00214	TU0-2621	G6909
PD00214	PD00214	TU0-2701	G0-8905
PD00214	PD00214	TU0-2701	G7080
PD00214	PD00214	TU0-3104	EG11887
PD00214	PD00214	TU0-42650	EG10754
PD00214	PD00214	TU0-42650	G6456
PD00214	PD00214	TU0-42650	G6457
PD00214	PD00214	TU0-45200	EG11415
PD00214	PD00214	TU0-45208	EG10412
PD00214	PD00214	TU0-45266	EG10681
PD00214	PD00214	TU0-45289	EG12189
PD00214	PD00214	TU0-4604	EG12368
PD00214	PD00214	TU0-4604	G7018
PD00214	PD00214	TU0-4642	G7017
PD00214	PD00214	TU0-4961	EG12563
PD00214	PD00214	TU0-7021	G6456
PD00214	PD00214	TU0-7021	G6457
PD00214	PD00214	TU0-7321	G7254
PD00214	PD00214	TU0-7701	G7949
PD00214	PD00214	TU0-8221	EG10584
PD00214	PD00214	TU0-8223	EG10591
PD00214	PD00214	TU0-8330	G7061
PD00214	PD00214	TU0-8485	EG31116
PD00214	PD00214	TU0-8630	G0-10474
PD00214	PD00214	TU00034	EG10511
PD00214	PD00214	TU00051	EG10681
PD00214	PD00214	TU00074	EG11384
PD00214	PD00214	TU00074	EG11385
PD00214	PD00214	TU00176	EG11415
PD00214	PD00214	TU101	EG11066
PD00214	PD00214	TU101	EG20248
PD00214	PD00214	TU721	EG10417
PD00221	PD00221	TU0-45202	EG10842
PD00221	PD00221	TU0-45202	EG10843
PD00221	PD00221	TU00063	EG10842
PD00221	PD00221	TU00063	EG10843
PD00221	PD00221	TU00208	EG11313
PD00230	PD00230	TU0-45191	EG11811
PD00230	PD00230	TU0-45243	EG11222
PD00230	PD00230	TU0-45248	EG10029
PD00230	PD00230	TU0-45248	EG10037
PD00230	PD00230	TU00002	EG11222
PD00230	PD00230	TU00072	EG10029
PD00230	PD00230	TU00072	EG10037
PD00230	PD00230	TU00095	EG11811
PD00251	PD00251	TU00115	EG10109
PD00251	PD00251	TU00115	EG10110
PD00251	PD00251	TU00115	EG10111
PD00251	PD00251	TU00116	EG10112
PD00260	PD00260	TU0-198705	EG10931
PD00260	PD00260	TU0-198705	EG10932
PD00260	PD00260	TU0-198705	EG10933
PD00260	PD00260	TU0-198705	EG10934
PD00260	PD00260	TU0-36422	EG11065
PD00261	PD00261	TU0-42578	EG10362
PD00261	PD00261	TU0-42580	EG10362
PD00261	PD00261	TU0-42581	EG10362
PD00261	PD00261	TU0-42581	EG10366
PD00261	PD00261	TU0-42582	EG10362
PD00261	PD00261	TU0-42582	EG10366
PD00261	PD00261	TU0-42583	EG10362
PD00261	PD00261	TU0-42583	EG10363
PD00261	PD00261	TU0-42583	EG10366
PD00261	PD00261	TU0-42584	EG10362
PD00261	PD00261	TU0-42584	EG10363
PD00261	PD00261	TU0-42584	EG10366
PD00261	PD00261	TU0-45176	EG10362
PD00261	PD00261	TU0-45176	EG10363
PD00261	PD00261	TU0-45176	EG10366
PD00261	PD00261	TU0-45177	EG10362
PD00261	PD00261	TU0-45177	EG10366
PD00261	PD00261	TU0-45178	EG10362
PD00261	PD00261	TU0-45179	EG10362
PD00261	PD00261	TU0-45179	EG10363
PD00261	PD00261	TU0-45179	EG10366
PD00261	PD00261	TU0-45179	EG11698
PD00261	PD00261	TU0-45256	EG10592
PD00261	PD00261	TU0-45256	EG10593
PD00261	PD00261	TU0-45256	EG10594
PD00261	PD00261	TU0-7081	EG12148
PD00261	PD00261	TU00024	EG10365
PD00261	PD00261	TU00025	EG10362
PD00261	PD00261	TU00025	EG10363
PD00261	PD00261	TU00025	EG10366
PD00261	PD00261	TU00025	EG11698
PD00261	PD00261	TU00026	EG10362
PD00261	PD00261	TU00026	EG10363
PD00261	PD00261	TU00026	EG10366
PD00261	PD00261	TU00026	EG11698
PD00261	PD00261	TU00168	EG10592
PD00261	PD00261	TU00168	EG10593
PD00261	PD00261	TU00168	EG10594
PD00266	PD00266	TU0-13021	G0-17083
PD00266	PD00266	TU0-13021	G6370
PD00266	PD00266	TU0-13021	G6371
PD00266	PD00266	TU0-13128	G6558
PD00266	PD00266	TU0-13636	G7281
PD00266	PD00266	TU0-13636	G7282
PD00266	PD00266	TU0-13636	G7283
PD00266	PD00266	TU0-13636	G7284
PD00266	PD00266	TU0-13636	G7285
PD00266	PD00266	TU0-13636	G7286
PD00266	PD00266	TU0-13636	G7287
PD00266	PD00266	TU0-13636	G7288
PD00266	PD00266	TU0-13636	G7289
PD00266	PD00266	TU0-13636	G7290
PD00266	PD00266	TU0-13636	G7291
PD00266	PD00266	TU0-13636	G7292
PD00266	PD00266	TU0-41795	G6787
PD00266	PD00266	TU0-41795	G6788
PD00266	PD00266	TU0-42544	G7919
PD00266	PD00266	TU0-42544	G7920
PD00266	PD00266	TU0-42544	G7921
PD00266	PD00266	TU0-4421	EG10635
PD00266	PD00266	TU0-45232	EG10165
PD00266	PD00266	TU0-45232	EG10788
PD00266	PD00266	TU0-45232	EG10789
PD00266	PD00266	TU0-6843	G7920
PD00266	PD00266	TU0-6843	G7921
PD00266	PD00266	TU0-7081	EG12148
PD00266	PD00266	TU0-7741	G6791
PD00266	PD00266	TU00043	EG10632
PD00266	PD00266	TU00043	EG10633
PD00266	PD00266	TU00043	EG10634
PD00266	PD00266	TU00043	EG10636
PD00266	PD00266	TU00196	EG10567
PD00266	PD00266	TU00196	EG10568
PD00266	PD00266	TU00196	EG10569
PD00266	PD00266	TU00248	EG10140
PD00266	PD00266	TU00248	EG10141
PD00266	PD00266	TU00248	EG10142
PD00266	PD00266	TU00248	EG10143
PD00266	PD00266	TU00248	EG10144
PD00266	PD00266	TU00248	EG12198
PD00266	PD00266	TU00253	EG10145
PD00266	PD00266	TU00253	EG10730
PD00266	PD00266	TU00253	EG11217
PD00266	PD00266	TU00253	EG11218
PD00266	PD00266	TU00269	EG12101
PD00266	PD00266	TU00269	EG12102
PD00266	PD00266	TU00269	EG12933
PD00266	PD00266	TU00280	EG10382
PD00266	PD00266	TU00280	EG11198
PD00266	PD00266	TU00410	EG10309
PD00266	PD00266	TU00479	EG10165
PD00266	PD00266	TU00479	EG10788
PD00266	PD00266	TU00479	EG10789
PD00266	PD00266	TU00480	EG10165
PD00266	PD00266	TU00480	EG10788
PD00266	PD00266	TU00480	EG10789
PD00266	PD00266	TU00481	EG10165
PD00266	PD00266	TU00481	EG10788
PD00266	PD00266	TU00481	EG10789
PD00266	PD00266	TU00488	EG10382
PD00266	PD00266	TU00488	EG11198
PD00268	PD00268	TU00125	EG10989
PD00268	PD00268	TU00125	EG10990
PD00268	PD00268	TU00125	EG10991
PD00268	PD00268	TU00125	EG11172
PD00268	PD00268	TU00125	G7624
PD00268	PD00268	TU00125	G7626
PD00268	PD00268	TU00125	G7627
PD00283	PD00283	TU00133	EG10969
PD00283	PD00283	TU00133	EG10970
PD00283	PD00283	TU00133	EG10971
PD00283	PD00283	TU00133	EG10972
PD00283	PD00283	TU00133	EG10973
PD00283	PD00283	TU00133	EG10974
PD00283	PD00283	TU00133	G8210
PD00288	PD00288	TU0-1182	EG30032
PD00288	PD00288	TU0-1182	EG30071
PD00288	PD00288	TU0-1182	EG30078
PD00288	PD00288	TU0-1182	EG30085
PD00288	PD00288	TU0-1183	EG30033
PD00288	PD00288	TU0-1183	EG30072
PD00288	PD00288	TU0-1183	EG30079
PD00288	PD00288	TU0-1183	EG30086
PD00288	PD00288	TU0-1187	EG30035
PD00288	PD00288	TU0-1187	EG30075
PD00288	PD00288	TU0-1187	EG30082
PD00288	PD00288	TU0-1187	EG30089
PD00288	PD00288	TU0-1189	EG30010
PD00288	PD00288	TU0-1189	EG30045
PD00288	PD00288	TU0-1189	EG30076
PD00288	PD00288	TU0-1189	EG30083
PD00288	PD00288	TU0-1189	EG30090
PD00288	PD00288	TU0-1191	EG30009
PD00288	PD00288	TU0-1191	EG30044
PD00288	PD00288	TU0-1191	EG30073
PD00288	PD00288	TU0-1191	EG30080
PD00288	PD00288	TU0-1191	EG30087
PD00288	PD00288	TU0-1191	EG30091
PD00288	PD00288	TU0-1191	EG30103
PD00288	PD00288	TU0-12807	EG10531
PD00288	PD00288	TU0-13193	EG11125
PD00288	PD00288	TU0-13193	EG11126
PD00288	PD00288	TU0-13193	EG11127
PD00288	PD00288	TU0-13343	G0-17023
PD00288	PD00288	TU0-13343	G6857
PD00288	PD00288	TU0-13343	G6858
PD00288	PD00288	TU0-13449	EG10921
PD00288	PD00288	TU0-13466	G7055
PD00288	PD00288	TU0-13516	EG11987
PD00288	PD00288	TU0-13516	EG11988
PD00288	PD00288	TU0-13516	EG11989
PD00288	PD00288	TU0-13516	EG11990
PD00288	PD00288	TU0-13725	EG12845
PD00288	PD00288	TU0-13725	G7425
PD00288	PD00288	TU0-13725	G7426
PD00288	PD00288	TU0-13725	G7427
PD00288	PD00288	TU0-13725	G7428
PD00288	PD00288	TU0-13725	G7429
PD00288	PD00288	TU0-13725	G7430
PD00288	PD00288	TU0-13794	EG11158
PD00288	PD00288	TU0-13794	EG30099
PD00288	PD00288	TU0-13913	EG11359
PD00288	PD00288	TU0-13913	EG12173
PD00288	PD00288	TU0-13913	G7702
PD00288	PD00288	TU0-13913	G7703
PD00288	PD00288	TU0-13913	G7704
PD00288	PD00288	TU0-13913	G7705
PD00288	PD00288	TU0-13913	G7706
PD00288	PD00288	TU0-13913	G7707
PD00288	PD00288	TU0-13913	G7708
PD00288	PD00288	TU0-13913	G7709
PD00288	PD00288	TU0-13913	G7710
PD00288	PD00288	TU0-13913	G7711
PD00288	PD00288	TU0-14213	G7946
PD00288	PD00288	TU0-14269	EG10571
PD00288	PD00288	TU0-14269	EG10835
PD00288	PD00288	TU0-14269	EG11249
PD00288	PD00288	TU0-14359	EG10821
PD00288	PD00288	TU0-14359	EG12385
PD00288	PD00288	TU0-14373	EG11359
PD00288	PD00288	TU0-14373	EG12173
PD00288	PD00288	TU0-14373	G7702
PD00288	PD00288	TU0-14373	G7703
PD00288	PD00288	TU0-14373	G7704
PD00288	PD00288	TU0-14373	G7705
PD00288	PD00288	TU0-14373	G7706
PD00288	PD00288	TU0-14373	G7707
PD00288	PD00288	TU0-14373	G7708
PD00288	PD00288	TU0-14373	G7709
PD00288	PD00288	TU0-14373	G7710
PD00288	PD00288	TU0-14373	G7711
PD00288	PD00288	TU0-14376	EG11263
PD00288	PD00288	TU0-14376	G7701
PD00288	PD00288	TU0-14377	EG11263
PD00288	PD00288	TU0-14377	G7701
PD00288	PD00288	TU0-14415	EG10007
PD00288	PD00288	TU0-14415	EG10452
PD00288	PD00288	TU0-14415	EG12124
PD00288	PD00288	TU0-14415	EG12125
PD00288	PD00288	TU0-14416	G7055
PD00288	PD00288	TU0-14433	EG12242
PD00288	PD00288	TU0-14433	EG12243
PD00288	PD00288	TU0-14571	G7947
PD00288	PD00288	TU0-14571	G7948
PD00288	PD00288	TU0-14689	EG11158
PD00288	PD00288	TU0-14689	EG30099
PD00288	PD00288	TU0-14719	EG12242
PD00288	PD00288	TU0-1521	EG10321
PD00288	PD00288	TU0-1521	G0-17102
PD00288	PD00288	TU0-1581	EG10166
PD00288	PD00288	TU0-1701	G6855
PD00288	PD00288	TU0-1761	EG10680
PD00288	PD00288	TU0-1762	EG10680
PD00288	PD00288	TU0-2261	EG12243
PD00288	PD00288	TU0-2644	EG30063
PD00288	PD00288	TU0-3141	EG11237
PD00288	PD00288	TU0-3161	EG10173
PD00288	PD00288	TU0-3161	EG10174
PD00288	PD00288	TU0-3162	EG10173
PD00288	PD00288	TU0-3162	EG10174
PD00288	PD00288	TU0-36408	EG11127
PD00288	PD00288	TU0-36423	EG30099
PD00288	PD00288	TU0-36424	EG30099
PD00288	PD00288	TU0-3982	G7329
PD00288	PD00288	TU0-4001	EG10361
PD00288	PD00288	TU0-4001	EG11329
PD00288	PD00288	TU0-4001	EG11330
PD00288	PD00288	TU0-4001	EG12387
PD00288	PD00288	TU0-4001	G7394
PD00288	PD00288	TU0-42477	EG10531
PD00288	PD00288	TU0-42515	EG10116
PD00288	PD00288	TU0-42578	EG10362
PD00288	PD00288	TU0-42581	EG10362
PD00288	PD00288	TU0-42581	EG10366
PD00288	PD00288	TU0-42583	EG10362
PD00288	PD00288	TU0-42583	EG10363
PD00288	PD00288	TU0-42583	EG10366
PD00288	PD00288	TU0-45164	EG30063
PD00288	PD00288	TU0-45172	EG30099
PD00288	PD00288	TU0-45173	EG11158
PD00288	PD00288	TU0-45173	EG30099
PD00288	PD00288	TU0-45176	EG10362
PD00288	PD00288	TU0-45176	EG10363
PD00288	PD00288	TU0-45176	EG10366
PD00288	PD00288	TU0-45177	EG10362
PD00288	PD00288	TU0-45177	EG10366
PD00288	PD00288	TU0-45178	EG10362
PD00288	PD00288	TU0-45179	EG10362
PD00288	PD00288	TU0-45179	EG10363
PD00288	PD00288	TU0-45179	EG10366
PD00288	PD00288	TU0-45179	EG11698
PD00288	PD00288	TU0-45197	G7329
PD00288	PD00288	TU0-45198	EG30035
PD00288	PD00288	TU0-45198	EG30075
PD00288	PD00288	TU0-45198	EG30082
PD00288	PD00288	TU0-45198	EG30089
PD00288	PD00288	TU0-45200	EG11415
PD00288	PD00288	TU0-45207	EG10771
PD00288	PD00288	TU0-45207	EG10772
PD00288	PD00288	TU0-45207	EG10773
PD00288	PD00288	TU0-45209	EG30033
PD00288	PD00288	TU0-45209	EG30072
PD00288	PD00288	TU0-45209	EG30079
PD00288	PD00288	TU0-45209	EG30086
PD00288	PD00288	TU0-45227	EG30009
PD00288	PD00288	TU0-45227	EG30044
PD00288	PD00288	TU0-45227	EG30073
PD00288	PD00288	TU0-45227	EG30080
PD00288	PD00288	TU0-45227	EG30087
PD00288	PD00288	TU0-45227	EG30091
PD00288	PD00288	TU0-45227	EG30103
PD00288	PD00288	TU0-45242	EG11398
PD00288	PD00288	TU0-45242	EG11399
PD00288	PD00288	TU0-45242	EG11400
PD00288	PD00288	TU0-45257	G6543
PD00288	PD00288	TU0-45257	G6544
PD00288	PD00288	TU0-45257	G6545
PD00288	PD00288	TU0-45257	G6546
PD00288	PD00288	TU0-45268	EG12243
PD00288	PD00288	TU0-45268	EG50009
PD00288	PD00288	TU0-45269	EG30010
PD00288	PD00288	TU0-45269	EG30045
PD00288	PD00288	TU0-45269	EG30076
PD00288	PD00288	TU0-45269	EG30083
PD00288	PD00288	TU0-45269	EG30090
PD00288	PD00288	TU0-45275	EG30032
PD00288	PD00288	TU0-45275	EG30071
PD00288	PD00288	TU0-45275	EG30078
PD00288	PD00288	TU0-45275	EG30085
PD00288	PD00288	TU0-45276	G6855
PD00288	PD00288	TU0-45279	EG11495
PD00288	PD00288	TU0-45284	BOLA
PD00288	PD00288	TU0-45284	EG10125
PD00288	PD00288	TU0-4783	EG11417
PD00288	PD00288	TU0-4783	G812
PD00288	PD00288	TU0-4802	EG10114
PD00288	PD00288	TU0-4802	EG10115
PD00288	PD00288	TU0-4802	EG10116
PD00288	PD00288	TU0-4903	EG11495
PD00288	PD00288	TU0-5682	EG11544
PD00288	PD00288	TU0-5682	EG12240
PD00288	PD00288	TU0-5682	EG12241
PD00288	PD00288	TU0-5682	G0-16680
PD00288	PD00288	TU0-6486	EG11111
PD00288	PD00288	TU0-7541	EG11609
PD00288	PD00288	TU0-7541	EG11610
PD00288	PD00288	TU0-7541	G0-17027
PD00288	PD00288	TU0-7561	EG11609
PD00288	PD00288	TU0-7561	EG11610
PD00288	PD00288	TU0-7561	G0-17027
PD00288	PD00288	TU0-7741	G6791
PD00288	PD00288	TU0-7743	G6789
PD00288	PD00288	TU0-8479	EG10050
PD00288	PD00288	TU0-8586	EG12228
PD00288	PD00288	TU0-8765	EG11692
PD00288	PD00288	TU0-8808	EG11449
PD00288	PD00288	TU00025	EG10362
PD00288	PD00288	TU00025	EG10363
PD00288	PD00288	TU00025	EG10366
PD00288	PD00288	TU00025	EG11698
PD00288	PD00288	TU00036	EG10524
PD00288	PD00288	TU00036	EG10526
PD00288	PD00288	TU00036	EG10527
PD00288	PD00288	TU00038	EG10554
PD00288	PD00288	TU00038	EG10555
PD00288	PD00288	TU00038	EG10556
PD00288	PD00288	TU00038	G0-17082
PD00288	PD00288	TU00046	EG10188
PD00288	PD00288	TU00046	EG10653
PD00288	PD00288	TU00046	EG10654
PD00288	PD00288	TU00046	EG10655
PD00288	PD00288	TU00047	EG10660
PD00288	PD00288	TU00047	EG10661
PD00288	PD00288	TU00047	EG12360
PD00288	PD00288	TU00081	EG10499
PD00288	PD00288	TU00081	EG10500
PD00288	PD00288	TU00096	EG11889
PD00288	PD00288	TU00096	EG11890
PD00288	PD00288	TU00100	EG10173
PD00288	PD00288	TU00100	EG10174
PD00288	PD00288	TU00118	EG10133
PD00288	PD00288	TU00133	EG10969
PD00288	PD00288	TU00133	EG10970
PD00288	PD00288	TU00133	EG10971
PD00288	PD00288	TU00133	EG10972
PD00288	PD00288	TU00133	EG10973
PD00288	PD00288	TU00133	EG10974
PD00288	PD00288	TU00133	G8210
PD00288	PD00288	TU00136	EG10319
PD00288	PD00288	TU00136	EG10320
PD00288	PD00288	TU00139	EG10457
PD00288	PD00288	TU00144	EG10183
PD00288	PD00288	TU00144	EG10193
PD00288	PD00288	TU00144	EG10195
PD00288	PD00288	TU00144	EG10197
PD00288	PD00288	TU00144	EG10198
PD00288	PD00288	TU00176	EG11415
PD00288	PD00288	TU00181	EG10547
PD00288	PD00288	TU00200	EG10652
PD00288	PD00288	TU00200	EG11078
PD00288	PD00288	TU00234	ACRFT1
PD00288	PD00288	TU00234	EG10266
PD00288	PD00288	TU00234	EG10267
PD00288	PD00288	TU00235	EG11501
PD00288	PD00288	TU00247	EG11557
PD00288	PD00288	TU00247	EG11558
PD00288	PD00288	TU00247	EG11559
PD00288	PD00288	TU00247	EG11560
PD00288	PD00288	TU00247	EG11561
PD00288	PD00288	TU00247	EG12608
PD00288	PD00288	TU00270	EG10264
PD00288	PD00288	TU00270	EG10297
PD00288	PD00288	TU00270	EG10299
PD00288	PD00288	TU00270	G0-10437
PD00288	PD00288	TU00282	EG11398
PD00288	PD00288	TU00282	EG11399
PD00288	PD00288	TU00282	EG11400
PD00288	PD00288	TU00386	BOLA
PD00288	PD00288	TU00386	EG10125
PD00288	PD00288	TU00392	G6543
PD00288	PD00288	TU00392	G6544
PD00288	PD00288	TU00392	G6545
PD00288	PD00288	TU00392	G6546
PD00288	PD00288	TU00393	EG11554
PD00288	PD00288	TU00409	EG10309
PD00288	PD00288	TU00410	EG10309
PD00288	PD00288	TU00415	EG11355
PD00288	PD00288	TU00415	EG11356
PD00288	PD00288	TU00415	G7039
PD00288	PD00288	TU00467	EG10131
PD00288	PD00288	TU00467	EG10132
PD00288	PD00288	TU00486	EG10820
PD00288	PD00288	TU141	G6088
PD00288	PD00288	TU182	EG10308
PD00288	PD00288	TU182	EG10310
PD00288	PD00288	TU182	EG10311
PD00288	PD00288	TU182	EG10313
PD00288	PD00288	TU182	EG10314
PD00288	PD00288	TU182	EG10315
PD00288	PD00288	TU182	EG11974
PD00288	PD00288	TU182	G0-17115
PD00288	PD00288	TU183	EG10312
PD00288	PD00288	TU183	FIME
PD00288	PD00288	TU261	EG10618
PD00288	PD00288	TU261	EG11252
PD00288	PD00288	TU261	EG12165
PD00288	PD00288	TU261	EG12167
PD00288	PD00288	TU358	EG10173
PD00288	PD00288	TU358	EG10174
PD00288	PD00288	TU482	EG10016
PD00288	PD00288	TU482	EG11175
PD00288	PD00288	TU482	EG11176
PD00288	PD00288	TU482	EG12760
PD00288	PD00288	TU482	EG30069
PD00288	PD00288	TU581	G6619
PD00288	PD00288	TU584	EG10463
PD00288	PD00288	TU586	EG12243
PD00288	PD00288	TU586	EG50009
PD00288	PD00288	TU701	EG10771
PD00288	PD00288	TU701	EG10772
PD00288	PD00288	TU701	EG10773
PD00288	PD00288	TU702	EG10771
PD00288	PD00288	TU702	EG10772
PD00288	PD00288	TU702	EG10773
PD00288	PD00288	TU821	EG11966
PD00291	PD00291	TU0-14378	EG10175
PD00291	PD00291	TU0-14378	EG10176
PD00291	PD00291	TU00142	EG10175
PD00291	PD00291	TU00142	EG10176
PD00291	PD00291	TU00142	EG10177
PD00291	PD00291	TU00143	EG11421
PD00338	PD00338	TU00169	EG12414
PD00338	PD00338	TU00169	EG12415
PD00338	PD00338	TU00169	EG12416
PD00338	PD00338	TU00169	EG12417
PD00338	PD00338	TU00169	EG12419
PD00338	PD00338	TU00169	G7128
PD00339	PD00339	TU0-6184	G0-8867
PD00339	PD00339	TU00170	EG10371
PD00339	PD00339	TU00170	EG11442
PD00339	PD00339	TU00170	EG11810
PD00339	PD00339	TU00171	EG11795
PD00345	PD00345	TU00133	EG10969
PD00345	PD00345	TU00133	EG10970
PD00345	PD00345	TU00133	EG10971
PD00345	PD00345	TU00133	EG10972
PD00345	PD00345	TU00133	EG10973
PD00345	PD00345	TU00133	EG10974
PD00345	PD00345	TU00133	G8210
PD00353	PD00353	TU0-13794	EG11158
PD00353	PD00353	TU0-13794	EG30099
PD00353	PD00353	TU0-14169	G7877
PD00353	PD00353	TU0-14689	EG11158
PD00353	PD00353	TU0-14689	EG30099
PD00353	PD00353	TU0-1761	EG10680
PD00353	PD00353	TU0-1762	EG10680
PD00353	PD00353	TU0-1981	EG11391
PD00353	PD00353	TU0-2644	EG30063
PD00353	PD00353	TU0-36423	EG30099
PD00353	PD00353	TU0-36424	EG30099
PD00353	PD00353	TU0-42517	EG11270
PD00353	PD00353	TU0-45164	EG30063
PD00353	PD00353	TU0-45172	EG30099
PD00353	PD00353	TU0-45173	EG11158
PD00353	PD00353	TU0-45173	EG30099
PD00353	PD00353	TU0-45181	EG10031
PD00353	PD00353	TU0-45182	EG10403
PD00353	PD00353	TU0-45182	EG10404
PD00353	PD00353	TU0-45182	EG11514
PD00353	PD00353	TU0-45191	EG11811
PD00353	PD00353	TU0-45234	EG11391
PD00353	PD00353	TU0-5964	EG10946
PD00353	PD00353	TU0-6404	EG11337
PD00353	PD00353	TU0-6882	EG10499
PD00353	PD00353	TU0-6882	EG10500
PD00353	PD00353	TU00049	EG10670
PD00353	PD00353	TU00049	OMPC_TERMINATOR
PD00353	PD00353	TU00081	EG10499
PD00353	PD00353	TU00081	EG10500
PD00353	PD00353	TU00091	EG10562
PD00353	PD00353	TU00095	EG11811
PD00353	PD00353	TU00170	EG10371
PD00353	PD00353	TU00170	EG11442
PD00353	PD00353	TU00170	EG11810
PD00353	PD00353	TU00181	EG10547
PD00353	PD00353	TU00182	EG10403
PD00353	PD00353	TU00182	EG10404
PD00353	PD00353	TU00182	EG11514
PD00353	PD00353	TU00184	EG10536
PD00353	PD00353	TU00184	EG10537
PD00353	PD00353	TU00184	EG10538
PD00353	PD00353	TU00184	EG10540
PD00353	PD00353	TU00184	EG10541
PD00353	PD00353	TU00198	EG10031
PD00353	PD00353	TU00221	EG10553
PD00353	PD00353	TU00222	EG10674
PD00353	PD00353	TU00222	EG10675
PD00353	PD00353	TU00222	EG10676
PD00353	PD00353	TU00222	EG10677
PD00353	PD00353	TU00222	EG10678
PD00353	PD00353	TU00223	EG10930
PD00353	PD00353	TU00224	EG10944
PD00353	PD00353	TU00225	EG10512
PD00353	PD00353	TU00225	EG10993
PD00353	PD00353	TU00255	EG11407
PD00353	PD00353	TU00255	EG11408
PD00353	PD00353	TU00357	EG10073
PD00353	PD00353	TU00357	EG10946
PD00353	PD00353	TU00393	EG11554
PD00353	PD00353	TU00467	EG10131
PD00353	PD00353	TU00467	EG10132
PD00353	PD00353	TU00476	EG10670
PD00353	PD00353	TU00476	OMPC_TERMINATOR
PD00353	PD00353	TU00477	EG10670
PD00353	PD00353	TU00477	OMPC_TERMINATOR
PD00353	PD00353	TU182	EG10308
PD00353	PD00353	TU182	EG10310
PD00353	PD00353	TU182	EG10311
PD00353	PD00353	TU182	EG10313
PD00353	PD00353	TU182	EG10314
PD00353	PD00353	TU182	EG10315
PD00353	PD00353	TU182	EG11974
PD00353	PD00353	TU182	G0-17115
PD00353	PD00353	TU183	EG10312
PD00353	PD00353	TU183	FIME
PD00353	PD00353	TU461	EG11407
PD00353	PD00353	TU461	EG11408
PD00353	PD00353	TU462	EG11407
PD00353	PD00353	TU462	EG11408
PD00353	PD00353	TU525	EG10493
PD00353	PD00353	TU525	EG10496
PD00353	PD00353	TU525	EG10497
PD00353	PD00353	TU525	EG10501
PD00353	PD00353	TU525	EG11270
PD00353	PD00353	TU525	G0-10641
PD00353	PD00353	TU525	G8221
PD00353	PD00353	TU525	ILVA-RHO-TERMINATOR
PD00360	PD00360	TU00185	EG10549
PD00360	PD00360	TU00186	EG10551
PD00361	PD00361	TU00132	EG10563
PD00361	PD00361	TU00132	EG10564
PD00361	PD00361	TU00187	EG10557
PD00365	PD00365	TU0-12827	EG10207
PD00365	PD00365	TU0-12827	EG10570
PD00365	PD00365	TU0-12827	EG11411
PD00365	PD00365	TU0-12936	G6247
PD00365	PD00365	TU0-13041	G6396
PD00365	PD00365	TU0-13835	EG12656
PD00365	PD00365	TU0-13838	EG11009
PD00365	PD00365	TU0-13838	EG11164
PD00365	PD00365	TU0-13838	EG11165
PD00365	PD00365	TU0-13879	G7654
PD00365	PD00365	TU0-13889	EG12799
PD00365	PD00365	TU0-13889	EG12800
PD00365	PD00365	TU0-13889	EG12801
PD00365	PD00365	TU0-13889	G7658
PD00365	PD00365	TU0-13889	G7659
PD00365	PD00365	TU0-14606	EG10265
PD00365	PD00365	TU0-14704	EG11009
PD00365	PD00365	TU0-14704	EG11164
PD00365	PD00365	TU0-14704	EG11165
PD00365	PD00365	TU0-14744	EG11425
PD00365	PD00365	TU0-14744	EG11426
PD00365	PD00365	TU0-14762	G6604
PD00365	PD00365	TU0-14762	G6605
PD00365	PD00365	TU0-14762	G6606
PD00365	PD00365	TU0-14762	G6607
PD00365	PD00365	TU0-1841	EG11422
PD00365	PD00365	TU0-198894	G358
PD00365	PD00365	TU0-198894	G359
PD00365	PD00365	TU0-198894	G360
PD00365	PD00365	TU0-198894	G361
PD00365	PD00365	TU0-198894	G362
PD00365	PD00365	TU0-198894	G363
PD00365	PD00365	TU0-198894	G364
PD00365	PD00365	TU0-198894	G365
PD00365	PD00365	TU0-198894	G366
PD00365	PD00365	TU0-2101	EG10852
PD00365	PD00365	TU0-2101	EG11261
PD00365	PD00365	TU0-2101	EG12842
PD00365	PD00365	TU0-2101	G6447
PD00365	PD00365	TU0-2644	EG30063
PD00365	PD00365	TU0-45164	EG30063
PD00365	PD00365	TU0-45166	G6604
PD00365	PD00365	TU0-45166	G6605
PD00365	PD00365	TU0-45166	G6606
PD00365	PD00365	TU0-45166	G6607
PD00365	PD00365	TU0-45205	EG10754
PD00365	PD00365	TU0-45242	EG11398
PD00365	PD00365	TU0-45242	EG11399
PD00365	PD00365	TU0-45242	EG11400
PD00365	PD00365	TU0-45259	G6490
PD00365	PD00365	TU0-45259	G6491
PD00365	PD00365	TU0-45259	G6492
PD00365	PD00365	TU0-4624	EG50005
PD00365	PD00365	TU0-7804	EG11366
PD00365	PD00365	TU0-8638	G6763
PD00365	PD00365	TU0-901	EG10464
PD00365	PD00365	TU00036	EG10524
PD00365	PD00365	TU00036	EG10526
PD00365	PD00365	TU00036	EG10527
PD00365	PD00365	TU00064	EG10953
PD00365	PD00365	TU00094	EG10790
PD00365	PD00365	TU00096	EG11889
PD00365	PD00365	TU00096	EG11890
PD00365	PD00365	TU00105	EG10358
PD00365	PD00365	TU00188	EG10628
PD00365	PD00365	TU00189	EG10651
PD00365	PD00365	TU00190	EG11434
PD00365	PD00365	TU00190	EG11435
PD00365	PD00365	TU00190	EG11599
PD00365	PD00365	TU00209	EG11221
PD00365	PD00365	TU00233	EG11703
PD00365	PD00365	TU00233	EG11704
PD00365	PD00365	TU00282	EG11398
PD00365	PD00365	TU00282	EG11399
PD00365	PD00365	TU00282	EG11400
PD00365	PD00365	TU102	EG10035
PD00365	PD00365	TU355	EG10801
PD00365	PD00365	TU491	EG11072
PD00365	PD00365	TU541	EG10754
PD00365	PD00365	TU561	G6490
PD00365	PD00365	TU561	G6491
PD00365	PD00365	TU561	G6492
PD00365	PD00365	TU794	EG11325
PD00406	PD00406	TU0-1141	EG10787
PD00406	PD00406	TU0-1281	EG10359
PD00406	PD00406	TU0-1281	G0-10580
PD00406	PD00406	TU0-1282	EG10318
PD00406	PD00406	TU0-1282	EG10359
PD00406	PD00406	TU0-1282	G0-10580
PD00406	PD00406	TU0-12827	EG10207
PD00406	PD00406	TU0-12827	EG10570
PD00406	PD00406	TU0-12827	EG11411
PD00406	PD00406	TU0-12936	G6247
PD00406	PD00406	TU0-13041	G6396
PD00406	PD00406	TU0-13835	EG12656
PD00406	PD00406	TU0-13838	EG11009
PD00406	PD00406	TU0-13838	EG11164
PD00406	PD00406	TU0-13838	EG11165
PD00406	PD00406	TU0-13879	G7654
PD00406	PD00406	TU0-14010	EG11689
PD00406	PD00406	TU0-14606	EG10265
PD00406	PD00406	TU0-14704	EG11009
PD00406	PD00406	TU0-14704	EG11164
PD00406	PD00406	TU0-14704	EG11165
PD00406	PD00406	TU0-14744	EG11425
PD00406	PD00406	TU0-14744	EG11426
PD00406	PD00406	TU0-1741	EG11331
PD00406	PD00406	TU0-1841	EG11422
PD00406	PD00406	TU0-2101	EG10852
PD00406	PD00406	TU0-2101	EG11261
PD00406	PD00406	TU0-2101	EG12842
PD00406	PD00406	TU0-2101	G6447
PD00406	PD00406	TU0-2644	EG30063
PD00406	PD00406	TU0-3202	EG12697
PD00406	PD00406	TU0-42540	G6700
PD00406	PD00406	TU0-42540	G6701
PD00406	PD00406	TU0-45164	EG30063
PD00406	PD00406	TU0-45205	EG10754
PD00406	PD00406	TU0-45259	G6490
PD00406	PD00406	TU0-45259	G6491
PD00406	PD00406	TU0-45259	G6492
PD00406	PD00406	TU0-45260	EG10702
PD00406	PD00406	TU0-4624	EG50005
PD00406	PD00406	TU0-6444	EG10702
PD00406	PD00406	TU0-7781	G7667
PD00406	PD00406	TU0-7804	EG11366
PD00406	PD00406	TU0-8330	G7061
PD00406	PD00406	TU0-8699	G6701
PD00406	PD00406	TU0-8813	EG11124
PD00406	PD00406	TU0-901	EG10464
PD00406	PD00406	TU00064	EG10953
PD00406	PD00406	TU00105	EG10358
PD00406	PD00406	TU00188	EG10628
PD00406	PD00406	TU00189	EG10651
PD00406	PD00406	TU00190	EG11434
PD00406	PD00406	TU00190	EG11435
PD00406	PD00406	TU00190	EG11599
PD00406	PD00406	TU00209	EG11221
PD00406	PD00406	TU00211	EG10958
PD00406	PD00406	TU00233	EG11703
PD00406	PD00406	TU00233	EG11704
PD00406	PD00406	TU102	EG10035
PD00406	PD00406	TU541	EG10754
PD00406	PD00406	TU561	G6490
PD00406	PD00406	TU561	G6491
PD00406	PD00406	TU561	G6492
PD00406	PD00406	TU794	EG11325
PD00413	PD00413	TU00068	EG11042
PD00413	PD00413	TU00088	EG11041
PD00436	PD00436	TU00118	EG10133
PD00436	PD00436	TU00467	EG10131
PD00436	PD00436	TU00467	EG10132
PD00519	PD00519	TU0-12807	EG10531
PD00519	PD00519	TU0-13725	EG12845
PD00519	PD00519	TU0-13725	G7425
PD00519	PD00519	TU0-13725	G7426
PD00519	PD00519	TU0-13725	G7427
PD00519	PD00519	TU0-13725	G7428
PD00519	PD00519	TU0-13725	G7429
PD00519	PD00519	TU0-13725	G7430
PD00519	PD00519	TU0-13817	G7550
PD00519	PD00519	TU0-13817	G7551
PD00519	PD00519	TU0-14571	G7947
PD00519	PD00519	TU0-14571	G7948
PD00519	PD00519	TU0-42477	EG10531
PD00519	PD00519	TU0-42515	EG10116
PD00519	PD00519	TU0-45146	EG11514
PD00519	PD00519	TU0-4802	EG10114
PD00519	PD00519	TU0-4802	EG10115
PD00519	PD00519	TU0-4802	EG10116
PD00519	PD00519	TU0-8561	G6351
PD00519	PD00519	TU0-8788	G7047
PD00519	PD00519	TU00118	EG10133
PD00763	PD00763	TU00036	EG10524
PD00763	PD00763	TU00036	EG10526
PD00763	PD00763	TU00036	EG10527
PD00967	PD00967	TU0-45171	EG10468
PD00967	PD00967	TU0-45171	EG10469
PD00967	PD00967	TU0-45171	EG10470
PD00967	PD00967	TU0-45171	EG10471
PD00967	PD00967	TU0-45171	EG10472
PD00967	PD00967	TU0-45171	EG10473
PD00967	PD00967	TU0-45265	EG10049
PD00967	PD00967	TU0-45265	EG11379
PD00967	PD00967	TU0-45265	EG11380
PD00967	PD00967	TU0-45265	G0-10588
PD00967	PD00967	TU00097	EG10049
PD00967	PD00967	TU00097	EG11379
PD00967	PD00967	TU00097	EG11380
PD00967	PD00967	TU00097	G0-10588
PD00967	PD00967	TU00288	EG10468
PD00967	PD00967	TU00288	EG10469
PD00967	PD00967	TU00288	EG10470
PD00967	PD00967	TU00288	EG10471
PD00967	PD00967	TU00288	EG10472
PD00967	PD00967	TU00288	EG10473
PD00969	PD00969	TU0-45229	EG10671
PD00969	PD00969	TU00049	EG10670
PD00969	PD00969	TU00049	OMPC_TERMINATOR
PD00969	PD00969	TU00050	EG10671
PD01196	PD01196	TU00017	EG10219
PD01196	PD01196	TU00017	EG10220
PD01196	PD01196	TU00017	EG10221
PD01196	PD01196	TU00017	EG10222
PD01196	PD01196	TU00018	EG10219
PD01196	PD01196	TU00018	EG10220
PD01196	PD01196	TU00018	EG10221
PD01196	PD01196	TU00018	EG10222
PD01196	PD01196	TU00129	EG10664
PD01196	PD01196	TU00449	EG11035
PD01379	PD01379	TU-8408	EG11346
PD01379	PD01379	TU-8411	EG11347
PD01379	PD01379	TU-8411	EG11654
PD01379	PD01379	TU-8411	EG11656
PD01379	PD01379	TU-8411	G377
PD01379	PD01379	TU-8411	G378
PD01379	PD01379	TU-8411	G379
PD01379	PD01379	TU0-12913	EG11256
PD01379	PD01379	TU0-13101	G6498
PD01379	PD01379	TU0-13114	EG11540
PD01379	PD01379	TU0-13114	EG12703
PD01379	PD01379	TU0-14656	G7650
PD01379	PD01379	TU0-14656	G7651
PD01379	PD01379	TU0-1544	G369
PD01379	PD01379	TU0-1544	G6562
PD01379	PD01379	TU0-45224	EG11489
PD01379	PD01379	TU0-45224	G6547
PD01379	PD01379	TU0-45224	G6548
PD01379	PD01379	TU0-45257	G6543
PD01379	PD01379	TU0-45257	G6544
PD01379	PD01379	TU0-45257	G6545
PD01379	PD01379	TU0-45257	G6546
PD01379	PD01379	TU0-8340	EG11346
PD01379	PD01379	TU0-8817	EG10657
PD01379	PD01379	TU0-8872	EG11257
PD01379	PD01379	TU0-8874	EG10695
PD01379	PD01379	TU00390	EG11489
PD01379	PD01379	TU00390	G6547
PD01379	PD01379	TU00390	G6548
PD01379	PD01379	TU00392	G6543
PD01379	PD01379	TU00392	G6544
PD01379	PD01379	TU00392	G6545
PD01379	PD01379	TU00392	G6546
PD01379	PD01379	TU00415	EG11355
PD01379	PD01379	TU00415	EG11356
PD01379	PD01379	TU00415	G7039
PD01520	PD01520	TU0-12932	G6244
PD01520	PD01520	TU0-13853	G36
PD01520	PD01520	TU0-1482	EG10274
PD01520	PD01520	TU0-4187	EG11530
PD01520	PD01520	TU0-4187	G0-9384
PD01520	PD01520	TU0-42602	EG11647
PD01520	PD01520	TU0-42603	ACCCT1
PD01520	PD01520	TU0-42603	EG10275
PD01520	PD01520	TU0-42603	EG10276
PD01520	PD01520	TU0-42604	EG11528
PD01520	PD01520	TU0-4288	EG10491
PD01520	PD01520	TU0-5321	G7212
PD01520	PD01520	TU0-5321	G7213
PD01520	PD01520	TU0-8793	G6105
PD01520	PD01520	TU00080	EG10280
PD01520	PD01520	TU00092	EG10273
PD01520	PD01520	TU00215	EG10278
PD01520	PD01520	TU00215	EG10279
PD01520	PD01520	TU00232	EG10217
PD01520	PD01520	TU00266	EG10277
PD01520	PD01520	TU00266	EG11317
PD01520	PD01520	TU00266	EG11318
PD01520	PD01520	TU00431	EG11390
PD01896	PD01896	TU0-1141	EG10787
PD01896	PD01896	TU0-1142	EG10787
PD01896	PD01896	TU0-45193	G6851
PD01896	PD01896	TU0-45193	G6852
PD01896	PD01896	TU0-45232	EG10165
PD01896	PD01896	TU0-45232	EG10788
PD01896	PD01896	TU0-45232	EG10789
PD01896	PD01896	TU00091	EG10562
PD01896	PD01896	TU00196	EG10567
PD01896	PD01896	TU00196	EG10568
PD01896	PD01896	TU00196	EG10569
PD01896	PD01896	TU00479	EG10165
PD01896	PD01896	TU00479	EG10788
PD01896	PD01896	TU00479	EG10789
PD01896	PD01896	TU789	G6852
PD01896	PD01896	TU790	G6851
PD01896	PD01896	TU790	G6852
PD02198	PD02198	TU0-13377	G6925
PD02198	PD02198	TU0-14719	EG12242
PD02198	PD02198	TU0-3941	EG10342
PD02198	PD02198	TU0-42483	EG50004
PD02198	PD02198	TU0-45271	EG10339
PD02198	PD02198	TU0-45271	EG10342
PD02198	PD02198	TU0-45271	EG10347
PD02198	PD02198	TU0-5761	G0-8914
PD02198	PD02198	TU00210	EG10339
PD02198	PD02198	TU00210	EG10342
PD02198	PD02198	TU00210	EG10347
PD02198	PD02198	TU787	EG11738
PD02850	PD02850	TU0-13688	EG11783
PD02850	PD02850	TU00053	EG10728
PD02850	PD02850	TU00053	EG10733
PD03028	PD03028	TU0-42578	EG10362
PD03028	PD03028	TU0-42580	EG10362
PD03028	PD03028	TU0-42581	EG10362
PD03028	PD03028	TU0-42581	EG10366
PD03028	PD03028	TU0-42582	EG10362
PD03028	PD03028	TU0-42582	EG10366
PD03028	PD03028	TU0-42583	EG10362
PD03028	PD03028	TU0-42583	EG10363
PD03028	PD03028	TU0-42583	EG10366
PD03028	PD03028	TU0-42584	EG10362
PD03028	PD03028	TU0-42584	EG10363
PD03028	PD03028	TU0-42584	EG10366
PD03028	PD03028	TU0-45176	EG10362
PD03028	PD03028	TU0-45176	EG10363
PD03028	PD03028	TU0-45176	EG10366
PD03028	PD03028	TU0-45177	EG10362
PD03028	PD03028	TU0-45177	EG10366
PD03028	PD03028	TU0-45178	EG10362
PD03028	PD03028	TU0-45179	EG10362
PD03028	PD03028	TU0-45179	EG10363
PD03028	PD03028	TU0-45179	EG10366
PD03028	PD03028	TU0-45179	EG11698
PD03028	PD03028	TU0-45256	EG10592
PD03028	PD03028	TU0-45256	EG10593
PD03028	PD03028	TU0-45256	EG10594
PD03028	PD03028	TU0-7081	EG12148
PD03028	PD03028	TU00024	EG10365
PD03028	PD03028	TU00025	EG10362
PD03028	PD03028	TU00025	EG10363
PD03028	PD03028	TU00025	EG10366
PD03028	PD03028	TU00025	EG11698
PD03028	PD03028	TU00026	EG10362
PD03028	PD03028	TU00026	EG10363
PD03028	PD03028	TU00026	EG10366
PD03028	PD03028	TU00026	EG11698
PD03028	PD03028	TU00168	EG10592
PD03028	PD03028	TU00168	EG10593
PD03028	PD03028	TU00168	EG10594
PD03254	PD03254	TU00127	EG10252
PD03254	PD03254	TU00127	EG10253
PD03270	PD03270	TU0-36422	EG11065
PD03270	PD03270	TU0-42612	EG12739
PD03270	PD03270	TU0-5021	EG12734
PD03270	PD03270	TU0-5021	G81
PD03270	PD03270	TU0-5041	EG20249
PD03270	PD03270	TU00150	EG12738
PD03270	PD03270	TU101	EG11066
PD03270	PD03270	TU101	EG20248
PD03292	PD03292	TU00125	EG10989
PD03292	PD03292	TU00125	EG10990
PD03292	PD03292	TU00125	EG10991
PD03292	PD03292	TU00125	EG11172
PD03292	PD03292	TU00125	G7624
PD03292	PD03292	TU00125	G7626
PD03292	PD03292	TU00125	G7627
PD03576	PD03576	TU00030	EG10391
PD03576	PD03576	TU00030	EG10392
PD03576	PD03576	TU00030	EG10393
PD03576	PD03576	TU00031	EG10394
PD03576	PD03576	TU00173	EG10396
PD03576	PD03576	TU00173	EG10398
PD03576	PD03576	TU00173	EG11517
PD03576	PD03576	TU00216	EG10399
PD03576	PD03576	TU00216	EG10401
PD03585	PD03585	TU0-42512	EG12629
PD03585	PD03585	TU0-4681	EG12152
PD03585	PD03585	TU0-4682	EG12539
PD03585	PD03585	TU0-4682	G7891
PD03585	PD03585	TU0-4682	G7892
PD03585	PD03585	TU0-4682	G7893
PD03585	PD03585	TU0-4927	EG12380
PD03585	PD03585	TU0-4928	EG12380
PD03585	PD03585	TU0-4981	G7747
PD03585	PD03585	TU0-4981	G7748
PD03585	PD03585	TU00227	EG10256
PD03585	PD03585	TU00227	EG10257
PD03585	PD03585	TU00228	EG12629
PD03585	PD03585	TU00228	EG12631
PD03585	PD03585	TU00229	EG12380
PD03695	PD03695	TU00139	EG10457
PD03695	PD03695	TU00140	EG10423
PD03867	PD03867	TU00056	EG10792
PD03867	PD03867	TU00056	EG10795
PD03867	PD03867	TU00206	EG10814
PD03867	PD03867	TU00206	EG10815
PD03867	PD03867	TU00206	EG10816
PD03867	PD03867	TU00206	EG10817
PD03867	PD03867	TU00206	EG10818
PD03867	PD03867	TU00206	EG10819
PD03867	PD03867	TU00206	G0-17077
PD04132	PD04132	TU0-7781	G7667
PD04132	PD04132	TU0-8608	EG11937
PD04132	PD04132	TU00008	AROF-TYRA-TERMINATOR
PD04132	PD04132	TU00008	EG10078
PD04132	PD04132	TU00008	EG11039
PD04132	PD04132	TU00064	EG10953
PD04132	PD04132	TU00105	EG10358
PD04132	PD04132	TU00211	EG10958
PD04132	PD04132	TU00456	EG10957
PD04418	PD04418	TU0-12827	EG10207
PD04418	PD04418	TU0-12827	EG10570
PD04418	PD04418	TU0-12827	EG11411
PD04418	PD04418	TU0-13041	G6396
PD04418	PD04418	TU0-13261	G6742
PD04418	PD04418	TU0-13571	G7173
PD04418	PD04418	TU0-13835	EG12656
PD04418	PD04418	TU0-13838	EG11009
PD04418	PD04418	TU0-13838	EG11164
PD04418	PD04418	TU0-13838	EG11165
PD04418	PD04418	TU0-13879	G7654
PD04418	PD04418	TU0-14458	EG12403
PD04418	PD04418	TU0-14606	EG10265
PD04418	PD04418	TU0-14704	EG11009
PD04418	PD04418	TU0-14704	EG11164
PD04418	PD04418	TU0-14704	EG11165
PD04418	PD04418	TU0-14744	EG11425
PD04418	PD04418	TU0-14744	EG11426
PD04418	PD04418	TU0-1841	EG11422
PD04418	PD04418	TU0-2101	EG10852
PD04418	PD04418	TU0-2101	EG11261
PD04418	PD04418	TU0-2101	EG12842
PD04418	PD04418	TU0-2101	G6447
PD04418	PD04418	TU0-2644	EG30063
PD04418	PD04418	TU0-42482	EG10358
PD04418	PD04418	TU0-45164	EG30063
PD04418	PD04418	TU0-4624	EG50005
PD04418	PD04418	TU0-7804	EG11366
PD04418	PD04418	TU0-8145	EG12624
PD04418	PD04418	TU0-8334	G6422
PD04418	PD04418	TU0-8335	EG11373
PD04418	PD04418	TU0-8503	G6423
PD04418	PD04418	TU0-8539	EG12315
PD04418	PD04418	TU0-8574	G7647
PD04418	PD04418	TU0-8863	EG10090
PD04418	PD04418	TU0-901	EG10464
PD04418	PD04418	TU00064	EG10953
PD04418	PD04418	TU00080	EG10280
PD04418	PD04418	TU00189	EG10651
PD04418	PD04418	TU00190	EG11434
PD04418	PD04418	TU00190	EG11435
PD04418	PD04418	TU00190	EG11599
PD04418	PD04418	TU00209	EG11221
PD04418	PD04418	TU00215	EG10278
PD04418	PD04418	TU00215	EG10279
PD04418	PD04418	TU00233	EG11703
PD04418	PD04418	TU00233	EG11704
PD04418	PD04418	TU102	EG10035
PD04418	PD04418	TU794	EG11325
PHOB-MONOMER	PHOB-MONOMER	TU0-5982	EG11046
PHOB-MONOMER	PHOB-MONOMER	TU0-5982	EG11047
PHOB-MONOMER	PHOB-MONOMER	TU0-5982	EG11048
PHOB-MONOMER	PHOB-MONOMER	TU0-5982	EG11049
PHOB-MONOMER	PHOB-MONOMER	TU0-5982	EG11050
PHOSPHO-ARCA	PHOSPHO-ARCA	TU0-1141	EG10787
PHOSPHO-ARCA	PHOSPHO-ARCA	TU0-1143	EG11784
PHOSPHO-ARCA	PHOSPHO-ARCA	TU0-12993	G6331
PHOSPHO-ARCA	PHOSPHO-ARCA	TU0-12999	G6339
PHOSPHO-ARCA	PHOSPHO-ARCA	TU0-12999	G6340
PHOSPHO-ARCA	PHOSPHO-ARCA	TU0-12999	G6341
PHOSPHO-ARCA	PHOSPHO-ARCA	TU0-12999	G6342
PHOSPHO-ARCA	PHOSPHO-ARCA	TU0-12999	G6343
PHOSPHO-ARCA	PHOSPHO-ARCA	TU0-12999	G6344
PHOSPHO-ARCA	PHOSPHO-ARCA	TU0-13000	G6345
PHOSPHO-ARCA	PHOSPHO-ARCA	TU0-13000	G6346
PHOSPHO-ARCA	PHOSPHO-ARCA	TU0-13156	G6600
PHOSPHO-ARCA	PHOSPHO-ARCA	TU0-13172	EG11393
PHOSPHO-ARCA	PHOSPHO-ARCA	TU0-13209	G0-16737
PHOSPHO-ARCA	PHOSPHO-ARCA	TU0-13209	G6643
PHOSPHO-ARCA	PHOSPHO-ARCA	TU0-13209	G6644
PHOSPHO-ARCA	PHOSPHO-ARCA	TU0-13210	EG10036
PHOSPHO-ARCA	PHOSPHO-ARCA	TU0-13210	EG11822
PHOSPHO-ARCA	PHOSPHO-ARCA	TU0-13210	EG12431
PHOSPHO-ARCA	PHOSPHO-ARCA	TU0-13210	G6645
PHOSPHO-ARCA	PHOSPHO-ARCA	TU0-13210	G6646
PHOSPHO-ARCA	PHOSPHO-ARCA	TU0-13220	G6668
PHOSPHO-ARCA	PHOSPHO-ARCA	TU0-13559	EG12069
PHOSPHO-ARCA	PHOSPHO-ARCA	TU0-13651	EG10650
PHOSPHO-ARCA	PHOSPHO-ARCA	TU0-13674	EG10522
PHOSPHO-ARCA	PHOSPHO-ARCA	TU0-13853	G36
PHOSPHO-ARCA	PHOSPHO-ARCA	TU0-13968	EG12249
PHOSPHO-ARCA	PHOSPHO-ARCA	TU0-1421	EG11636
PHOSPHO-ARCA	PHOSPHO-ARCA	TU0-1461	EG20044
PHOSPHO-ARCA	PHOSPHO-ARCA	TU0-14736	EG11544
PHOSPHO-ARCA	PHOSPHO-ARCA	TU0-14736	G0-16680
PHOSPHO-ARCA	PHOSPHO-ARCA	TU0-1603	G6347
PHOSPHO-ARCA	PHOSPHO-ARCA	TU0-1962	EG20080
PHOSPHO-ARCA	PHOSPHO-ARCA	TU0-1962	G0-8601
PHOSPHO-ARCA	PHOSPHO-ARCA	TU0-1962	G7542
PHOSPHO-ARCA	PHOSPHO-ARCA	TU0-1962	G7543
PHOSPHO-ARCA	PHOSPHO-ARCA	TU0-1962	G7544
PHOSPHO-ARCA	PHOSPHO-ARCA	TU0-1962	G7545
PHOSPHO-ARCA	PHOSPHO-ARCA	TU0-3161	EG10173
PHOSPHO-ARCA	PHOSPHO-ARCA	TU0-3161	EG10174
PHOSPHO-ARCA	PHOSPHO-ARCA	TU0-3162	EG10173
PHOSPHO-ARCA	PHOSPHO-ARCA	TU0-3162	EG10174
PHOSPHO-ARCA	PHOSPHO-ARCA	TU0-3645	G6517
PHOSPHO-ARCA	PHOSPHO-ARCA	TU0-3645	G6518
PHOSPHO-ARCA	PHOSPHO-ARCA	TU0-3645	G6519
PHOSPHO-ARCA	PHOSPHO-ARCA	TU0-3645	G6520
PHOSPHO-ARCA	PHOSPHO-ARCA	TU0-3645	G6521
PHOSPHO-ARCA	PHOSPHO-ARCA	TU0-3645	G6522
PHOSPHO-ARCA	PHOSPHO-ARCA	TU0-3645	G6523
PHOSPHO-ARCA	PHOSPHO-ARCA	TU0-4187	EG11530
PHOSPHO-ARCA	PHOSPHO-ARCA	TU0-4187	G0-9384
PHOSPHO-ARCA	PHOSPHO-ARCA	TU0-4201	EG10427
PHOSPHO-ARCA	PHOSPHO-ARCA	TU0-4201	EG10761
PHOSPHO-ARCA	PHOSPHO-ARCA	TU0-4201	EG12424
PHOSPHO-ARCA	PHOSPHO-ARCA	TU0-42454	EG10050
PHOSPHO-ARCA	PHOSPHO-ARCA	TU0-42483	EG50004
PHOSPHO-ARCA	PHOSPHO-ARCA	TU0-42499	EG10356
PHOSPHO-ARCA	PHOSPHO-ARCA	TU0-42499	EG10358
PHOSPHO-ARCA	PHOSPHO-ARCA	TU0-42509	EG10979
PHOSPHO-ARCA	PHOSPHO-ARCA	TU0-42509	EG10980
PHOSPHO-ARCA	PHOSPHO-ARCA	TU0-45171	EG10468
PHOSPHO-ARCA	PHOSPHO-ARCA	TU0-45171	EG10469
PHOSPHO-ARCA	PHOSPHO-ARCA	TU0-45171	EG10470
PHOSPHO-ARCA	PHOSPHO-ARCA	TU0-45171	EG10471
PHOSPHO-ARCA	PHOSPHO-ARCA	TU0-45171	EG10472
PHOSPHO-ARCA	PHOSPHO-ARCA	TU0-45171	EG10473
PHOSPHO-ARCA	PHOSPHO-ARCA	TU0-45254	EG10024
PHOSPHO-ARCA	PHOSPHO-ARCA	TU0-45254	EG10025
PHOSPHO-ARCA	PHOSPHO-ARCA	TU0-45265	EG10049
PHOSPHO-ARCA	PHOSPHO-ARCA	TU0-45265	EG11379
PHOSPHO-ARCA	PHOSPHO-ARCA	TU0-45265	EG11380
PHOSPHO-ARCA	PHOSPHO-ARCA	TU0-45265	G0-10588
PHOSPHO-ARCA	PHOSPHO-ARCA	TU0-45268	EG12243
PHOSPHO-ARCA	PHOSPHO-ARCA	TU0-45268	EG50009
PHOSPHO-ARCA	PHOSPHO-ARCA	TU0-4901	EG11544
PHOSPHO-ARCA	PHOSPHO-ARCA	TU0-4901	G0-16680
PHOSPHO-ARCA	PHOSPHO-ARCA	TU0-5321	G7212
PHOSPHO-ARCA	PHOSPHO-ARCA	TU0-5321	G7213
PHOSPHO-ARCA	PHOSPHO-ARCA	TU0-6563	EG10976
PHOSPHO-ARCA	PHOSPHO-ARCA	TU0-6564	EG10976
PHOSPHO-ARCA	PHOSPHO-ARCA	TU0-6634	EG10024
PHOSPHO-ARCA	PHOSPHO-ARCA	TU0-6634	EG10025
PHOSPHO-ARCA	PHOSPHO-ARCA	TU0-8517	G0-8871
PHOSPHO-ARCA	PHOSPHO-ARCA	TU0-8579	G7745
PHOSPHO-ARCA	PHOSPHO-ARCA	TU0-8742	EG11786
PHOSPHO-ARCA	PHOSPHO-ARCA	TU0-8793	G6105
PHOSPHO-ARCA	PHOSPHO-ARCA	TU0-8813	EG11124
PHOSPHO-ARCA	PHOSPHO-ARCA	TU00001	EG10022
PHOSPHO-ARCA	PHOSPHO-ARCA	TU00001	EG10023
PHOSPHO-ARCA	PHOSPHO-ARCA	TU00001	EG10026
PHOSPHO-ARCA	PHOSPHO-ARCA	TU00022	EG10325
PHOSPHO-ARCA	PHOSPHO-ARCA	TU00030	EG10391
PHOSPHO-ARCA	PHOSPHO-ARCA	TU00030	EG10392
PHOSPHO-ARCA	PHOSPHO-ARCA	TU00030	EG10393
PHOSPHO-ARCA	PHOSPHO-ARCA	TU00064	EG10953
PHOSPHO-ARCA	PHOSPHO-ARCA	TU00065	EG10976
PHOSPHO-ARCA	PHOSPHO-ARCA	TU00069	EG11061
PHOSPHO-ARCA	PHOSPHO-ARCA	TU00080	EG10280
PHOSPHO-ARCA	PHOSPHO-ARCA	TU00097	EG10049
PHOSPHO-ARCA	PHOSPHO-ARCA	TU00097	EG11379
PHOSPHO-ARCA	PHOSPHO-ARCA	TU00097	EG11380
PHOSPHO-ARCA	PHOSPHO-ARCA	TU00097	G0-10588
PHOSPHO-ARCA	PHOSPHO-ARCA	TU00100	EG10173
PHOSPHO-ARCA	PHOSPHO-ARCA	TU00100	EG10174
PHOSPHO-ARCA	PHOSPHO-ARCA	TU00101	EG10178
PHOSPHO-ARCA	PHOSPHO-ARCA	TU00101	EG10179
PHOSPHO-ARCA	PHOSPHO-ARCA	TU00101	EG10180
PHOSPHO-ARCA	PHOSPHO-ARCA	TU00101	EG10181
PHOSPHO-ARCA	PHOSPHO-ARCA	TU00101	EG10182
PHOSPHO-ARCA	PHOSPHO-ARCA	TU00103	EG10979
PHOSPHO-ARCA	PHOSPHO-ARCA	TU00103	EG10980
PHOSPHO-ARCA	PHOSPHO-ARCA	TU00103	EG10981
PHOSPHO-ARCA	PHOSPHO-ARCA	TU00103	EG10982
PHOSPHO-ARCA	PHOSPHO-ARCA	TU00103	G0-17009
PHOSPHO-ARCA	PHOSPHO-ARCA	TU00104	EG10356
PHOSPHO-ARCA	PHOSPHO-ARCA	TU00105	EG10358
PHOSPHO-ARCA	PHOSPHO-ARCA	TU00106	EG10402
PHOSPHO-ARCA	PHOSPHO-ARCA	TU00107	EG10489
PHOSPHO-ARCA	PHOSPHO-ARCA	TU00108	EG10576
PHOSPHO-ARCA	PHOSPHO-ARCA	TU00115	EG10109
PHOSPHO-ARCA	PHOSPHO-ARCA	TU00115	EG10110
PHOSPHO-ARCA	PHOSPHO-ARCA	TU00115	EG10111
PHOSPHO-ARCA	PHOSPHO-ARCA	TU00116	EG10112
PHOSPHO-ARCA	PHOSPHO-ARCA	TU00158	EG10649
PHOSPHO-ARCA	PHOSPHO-ARCA	TU00159	EG10357
PHOSPHO-ARCA	PHOSPHO-ARCA	TU00169	EG12414
PHOSPHO-ARCA	PHOSPHO-ARCA	TU00169	EG12415
PHOSPHO-ARCA	PHOSPHO-ARCA	TU00169	EG12416
PHOSPHO-ARCA	PHOSPHO-ARCA	TU00169	EG12417
PHOSPHO-ARCA	PHOSPHO-ARCA	TU00169	EG12419
PHOSPHO-ARCA	PHOSPHO-ARCA	TU00169	G7128
PHOSPHO-ARCA	PHOSPHO-ARCA	TU00208	EG11313
PHOSPHO-ARCA	PHOSPHO-ARCA	TU00213	EG11402
PHOSPHO-ARCA	PHOSPHO-ARCA	TU00213	EG12127
PHOSPHO-ARCA	PHOSPHO-ARCA	TU00215	EG10278
PHOSPHO-ARCA	PHOSPHO-ARCA	TU00215	EG10279
PHOSPHO-ARCA	PHOSPHO-ARCA	TU00222	EG10674
PHOSPHO-ARCA	PHOSPHO-ARCA	TU00222	EG10675
PHOSPHO-ARCA	PHOSPHO-ARCA	TU00222	EG10676
PHOSPHO-ARCA	PHOSPHO-ARCA	TU00222	EG10677
PHOSPHO-ARCA	PHOSPHO-ARCA	TU00222	EG10678
PHOSPHO-ARCA	PHOSPHO-ARCA	TU00247	EG11557
PHOSPHO-ARCA	PHOSPHO-ARCA	TU00247	EG11558
PHOSPHO-ARCA	PHOSPHO-ARCA	TU00247	EG11559
PHOSPHO-ARCA	PHOSPHO-ARCA	TU00247	EG11560
PHOSPHO-ARCA	PHOSPHO-ARCA	TU00247	EG11561
PHOSPHO-ARCA	PHOSPHO-ARCA	TU00247	EG12608
PHOSPHO-ARCA	PHOSPHO-ARCA	TU00254	EG10012
PHOSPHO-ARCA	PHOSPHO-ARCA	TU00254	EG11405
PHOSPHO-ARCA	PHOSPHO-ARCA	TU00288	EG10468
PHOSPHO-ARCA	PHOSPHO-ARCA	TU00288	EG10469
PHOSPHO-ARCA	PHOSPHO-ARCA	TU00288	EG10470
PHOSPHO-ARCA	PHOSPHO-ARCA	TU00288	EG10471
PHOSPHO-ARCA	PHOSPHO-ARCA	TU00288	EG10472
PHOSPHO-ARCA	PHOSPHO-ARCA	TU00288	EG10473
PHOSPHO-ARCA	PHOSPHO-ARCA	TU00289	EG11799
PHOSPHO-ARCA	PHOSPHO-ARCA	TU00289	EG11800
PHOSPHO-ARCA	PHOSPHO-ARCA	TU00289	EG11801
PHOSPHO-ARCA	PHOSPHO-ARCA	TU00289	EG11802
PHOSPHO-ARCA	PHOSPHO-ARCA	TU00289	EG11803
PHOSPHO-ARCA	PHOSPHO-ARCA	TU00289	EG11804
PHOSPHO-ARCA	PHOSPHO-ARCA	TU00289	EG11805
PHOSPHO-ARCA	PHOSPHO-ARCA	TU00289	G7554
PHOSPHO-ARCA	PHOSPHO-ARCA	TU00302	EG10153
PHOSPHO-ARCA	PHOSPHO-ARCA	TU00302	EG10154
PHOSPHO-ARCA	PHOSPHO-ARCA	TU00310	EG11773
PHOSPHO-ARCA	PHOSPHO-ARCA	TU00310	EG11774
PHOSPHO-ARCA	PHOSPHO-ARCA	TU00310	EG12082
PHOSPHO-ARCA	PHOSPHO-ARCA	TU00310	EG12083
PHOSPHO-ARCA	PHOSPHO-ARCA	TU00310	EG12084
PHOSPHO-ARCA	PHOSPHO-ARCA	TU00310	EG12086
PHOSPHO-ARCA	PHOSPHO-ARCA	TU00310	EG12087
PHOSPHO-ARCA	PHOSPHO-ARCA	TU00310	EG12088
PHOSPHO-ARCA	PHOSPHO-ARCA	TU00310	EG12089
PHOSPHO-ARCA	PHOSPHO-ARCA	TU00310	EG12090
PHOSPHO-ARCA	PHOSPHO-ARCA	TU00310	EG12091
PHOSPHO-ARCA	PHOSPHO-ARCA	TU00310	EG12092
PHOSPHO-ARCA	PHOSPHO-ARCA	TU00310	EG12093
PHOSPHO-ARCA	PHOSPHO-ARCA	TU00347	EG10865
PHOSPHO-ARCA	PHOSPHO-ARCA	TU00347	EG10866
PHOSPHO-ARCA	PHOSPHO-ARCA	TU00347	EG10867
PHOSPHO-ARCA	PHOSPHO-ARCA	TU00347	EG10877
PHOSPHO-ARCA	PHOSPHO-ARCA	TU00347	EG10882
PHOSPHO-ARCA	PHOSPHO-ARCA	TU00347	EG10883
PHOSPHO-ARCA	PHOSPHO-ARCA	TU00347	EG10887
PHOSPHO-ARCA	PHOSPHO-ARCA	TU00347	EG10902
PHOSPHO-ARCA	PHOSPHO-ARCA	TU00347	EG10909
PHOSPHO-ARCA	PHOSPHO-ARCA	TU00347	EG10916
PHOSPHO-ARCA	PHOSPHO-ARCA	TU00347	EG10918
PHOSPHO-ARCA	PHOSPHO-ARCA	TU00369	EG11369
PHOSPHO-ARCA	PHOSPHO-ARCA	TU00369	EG11370
PHOSPHO-ARCA	PHOSPHO-ARCA	TU00377	EG10701
PHOSPHO-ARCA	PHOSPHO-ARCA	TU00377	EG11258
PHOSPHO-ARCA	PHOSPHO-ARCA	TU00378	EG10701
PHOSPHO-ARCA	PHOSPHO-ARCA	TU00378	EG11258
PHOSPHO-ARCA	PHOSPHO-ARCA	TU00385	EG10027
PHOSPHO-ARCA	PHOSPHO-ARCA	TU00442	EG10510
PHOSPHO-ARCA	PHOSPHO-ARCA	TU00467	EG10131
PHOSPHO-ARCA	PHOSPHO-ARCA	TU00467	EG10132
PHOSPHO-ARCA	PHOSPHO-ARCA	TU00523	EG10543
PHOSPHO-ARCA	PHOSPHO-ARCA	TU00524	EG10931
PHOSPHO-ARCA	PHOSPHO-ARCA	TU00524	EG10932
PHOSPHO-ARCA	PHOSPHO-ARCA	TU00524	EG10933
PHOSPHO-ARCA	PHOSPHO-ARCA	TU00524	EG10934
PHOSPHO-ARCA	PHOSPHO-ARCA	TU00524	EG10979
PHOSPHO-ARCA	PHOSPHO-ARCA	TU00524	EG10980
PHOSPHO-ARCA	PHOSPHO-ARCA	TU00524	EG10981
PHOSPHO-ARCA	PHOSPHO-ARCA	TU00524	EG10982
PHOSPHO-ARCA	PHOSPHO-ARCA	TU00524	G0-17009
PHOSPHO-ARCA	PHOSPHO-ARCA	TU00524	G6388
PHOSPHO-ARCA	PHOSPHO-ARCA	TU102	EG10035
PHOSPHO-ARCA	PHOSPHO-ARCA	TU164	EG11961
PHOSPHO-ARCA	PHOSPHO-ARCA	TU164	EG11962
PHOSPHO-ARCA	PHOSPHO-ARCA	TU164	EG11963
PHOSPHO-ARCA	PHOSPHO-ARCA	TU358	EG10173
PHOSPHO-ARCA	PHOSPHO-ARCA	TU358	EG10174
PHOSPHO-ARCA	PHOSPHO-ARCA	TU544	G6660
PHOSPHO-ARCA	PHOSPHO-ARCA	TU586	EG12243
PHOSPHO-ARCA	PHOSPHO-ARCA	TU586	EG50009
PHOSPHO-ARCA	PHOSPHO-ARCA	TU68	EG20253
PHOSPHO-ARCA	PHOSPHO-ARCA	TU787	EG11738
PHOSPHO-ARCA	PHOSPHO-ARCA	TU794	EG11325
PHOSPHO-ARCA	PHOSPHO-ARCA	TU796	EG12316
PHOSPHO-ATOC	PHOSPHO-ATOC	TU00114	EG11669
PHOSPHO-ATOC	PHOSPHO-ATOC	TU00114	EG11670
PHOSPHO-ATOC	PHOSPHO-ATOC	TU00114	EG11671
PHOSPHO-ATOC	PHOSPHO-ATOC	TU00114	EG11672
PHOSPHO-BAER	PHOSPHO-BAER	TU-8381	G6939
PHOSPHO-BAER	PHOSPHO-BAER	TU-8381	SPY-TERMINATOR
PHOSPHO-BAER	PHOSPHO-BAER	TU-8382	EG11241
PHOSPHO-BAER	PHOSPHO-BAER	TU0-14793	EG10014
PHOSPHO-BAER	PHOSPHO-BAER	TU0-7881	EG11617
PHOSPHO-BAER	PHOSPHO-BAER	TU0-7881	EG11618
PHOSPHO-BAER	PHOSPHO-BAER	TU0-7881	EG12136
PHOSPHO-BAER	PHOSPHO-BAER	TU0-7881	G7113
PHOSPHO-BAER	PHOSPHO-BAER	TU0-7881	G7114
PHOSPHO-BAER	PHOSPHO-BAER	TU0-7881	G7115
PHOSPHO-BASR	PHOSPHO-BASR	TU-8387	EG12658
PHOSPHO-BASR	PHOSPHO-BASR	TU-8387	G7575
PHOSPHO-BASR	PHOSPHO-BASR	TU0-12943	EG10439
PHOSPHO-BASR	PHOSPHO-BASR	TU0-12943	EG12429
PHOSPHO-BASR	PHOSPHO-BASR	TU0-13569	G0-10460
PHOSPHO-BASR	PHOSPHO-BASR	TU0-13569	G7166
PHOSPHO-BASR	PHOSPHO-BASR	TU0-13569	G7167
PHOSPHO-BASR	PHOSPHO-BASR	TU0-13569	G7168
PHOSPHO-BASR	PHOSPHO-BASR	TU0-13569	G7169
PHOSPHO-BASR	PHOSPHO-BASR	TU0-13569	G7170
PHOSPHO-BASR	PHOSPHO-BASR	TU0-13569	G7171
PHOSPHO-BASR	PHOSPHO-BASR	TU0-14013	EG11693
PHOSPHO-BASR	PHOSPHO-BASR	TU0-14345	EG11613
PHOSPHO-BASR	PHOSPHO-BASR	TU0-36442	EG10224
PHOSPHO-BASR	PHOSPHO-BASR	TU0-42498	EG11266
PHOSPHO-BASR	PHOSPHO-BASR	TU0-45257	G6543
PHOSPHO-BASR	PHOSPHO-BASR	TU0-45257	G6544
PHOSPHO-BASR	PHOSPHO-BASR	TU0-45257	G6545
PHOSPHO-BASR	PHOSPHO-BASR	TU0-45257	G6546
PHOSPHO-BASR	PHOSPHO-BASR	TU0-6981	G6825
PHOSPHO-BASR	PHOSPHO-BASR	TU0-7781	G7667
PHOSPHO-BASR	PHOSPHO-BASR	TU00030	EG10391
PHOSPHO-BASR	PHOSPHO-BASR	TU00030	EG10392
PHOSPHO-BASR	PHOSPHO-BASR	TU00030	EG10393
PHOSPHO-BASR	PHOSPHO-BASR	TU00392	G6543
PHOSPHO-BASR	PHOSPHO-BASR	TU00392	G6544
PHOSPHO-BASR	PHOSPHO-BASR	TU00392	G6545
PHOSPHO-BASR	PHOSPHO-BASR	TU00392	G6546
PHOSPHO-BASR	PHOSPHO-BASR	TU00410	EG10309
PHOSPHO-BASR	PHOSPHO-BASR	TU355	EG10801
PHOSPHO-CREB	PHOSPHO-CREB	TU0-13837	EG10687
PHOSPHO-CREB	PHOSPHO-CREB	TU0-13837	EG12633
PHOSPHO-CREB	PHOSPHO-CREB	TU0-13837	G7578
PHOSPHO-CREB	PHOSPHO-CREB	TU0-13837	G7579
PHOSPHO-CREB	PHOSPHO-CREB	TU0-13837	G7580
PHOSPHO-CREB	PHOSPHO-CREB	TU0-14026	EG11726
PHOSPHO-CREB	PHOSPHO-CREB	TU0-14644	EG11797
PHOSPHO-CREB	PHOSPHO-CREB	TU0-14683	EG10145
PHOSPHO-CREB	PHOSPHO-CREB	TU0-42468	EG11714
PHOSPHO-CREB	PHOSPHO-CREB	TU0-42470	EG10829
PHOSPHO-CREB	PHOSPHO-CREB	TU0-8301	EG10027
PHOSPHO-CREB	PHOSPHO-CREB	TU0-8301	EG20173
PHOSPHO-CREB	PHOSPHO-CREB	TU00038	EG10554
PHOSPHO-CREB	PHOSPHO-CREB	TU00038	EG10555
PHOSPHO-CREB	PHOSPHO-CREB	TU00038	EG10556
PHOSPHO-CREB	PHOSPHO-CREB	TU00038	G0-17082
PHOSPHO-DCUR	CPLX0-7721	TU0-1461	EG20044
PHOSPHO-DCUR	CPLX0-7721	TU0-14751	G6345
PHOSPHO-DCUR	CPLX0-7721	TU0-14751	G6346
PHOSPHO-DCUR	CPLX0-7721	TU0-45225	EG10330
PHOSPHO-DCUR	CPLX0-7721	TU0-45225	EG10331
PHOSPHO-DCUR	CPLX0-7721	TU0-45225	EG10332
PHOSPHO-DCUR	CPLX0-7721	TU0-45225	EG10333
PHOSPHO-DCUR	CPLX0-7721	TU0-4562	EG10006
PHOSPHO-DCUR	CPLX0-7721	TU0-4562	EG10357
PHOSPHO-DCUR	CPLX0-7721	TU0-6021	EG10095
PHOSPHO-DCUR	CPLX0-7721	TU0-6021	EG11225
PHOSPHO-DCUR	CPLX0-7721	TU0-6021	G0-17100
PHOSPHO-DCUR	CPLX0-7721	TU00023	EG10330
PHOSPHO-DCUR	CPLX0-7721	TU00023	EG10331
PHOSPHO-DCUR	CPLX0-7721	TU00023	EG10332
PHOSPHO-DCUR	CPLX0-7721	TU00023	EG10333
PHOSPHO-DCUR	CPLX0-7721	TU00141	EG10688
PHOSPHO-DCUR	CPLX0-7721	TU00160	EG10095
PHOSPHO-DPIA	PHOSPHO-DPIA	TU0-12999	G6339
PHOSPHO-DPIA	PHOSPHO-DPIA	TU0-12999	G6340
PHOSPHO-DPIA	PHOSPHO-DPIA	TU0-12999	G6341
PHOSPHO-DPIA	PHOSPHO-DPIA	TU0-12999	G6342
PHOSPHO-DPIA	PHOSPHO-DPIA	TU0-12999	G6343
PHOSPHO-DPIA	PHOSPHO-DPIA	TU0-12999	G6344
PHOSPHO-DPIA	PHOSPHO-DPIA	TU0-13000	G6345
PHOSPHO-DPIA	PHOSPHO-DPIA	TU0-13000	G6346
PHOSPHO-DPIA	PHOSPHO-DPIA	TU0-14745	EG10576
PHOSPHO-DPIA	PHOSPHO-DPIA	TU0-14749	EG12738
PHOSPHO-DPIA	PHOSPHO-DPIA	TU0-14750	G6339
PHOSPHO-DPIA	PHOSPHO-DPIA	TU0-14750	G6340
PHOSPHO-DPIA	PHOSPHO-DPIA	TU0-14750	G6341
PHOSPHO-DPIA	PHOSPHO-DPIA	TU0-14750	G6342
PHOSPHO-DPIA	PHOSPHO-DPIA	TU0-14750	G6343
PHOSPHO-DPIA	PHOSPHO-DPIA	TU0-14750	G6344
PHOSPHO-DPIA	PHOSPHO-DPIA	TU0-8479	EG10050
PHOSPHO-DPIA	PHOSPHO-DPIA	TU00108	EG10576
PHOSPHO-DPIA	PHOSPHO-DPIA	TU00150	EG12738
PHOSPHO-EVGA	PHOSPHO-EVGA	TU0-14545	G6789
PHOSPHO-EVGA	PHOSPHO-EVGA	TU0-14545	G6790
PHOSPHO-EVGA	PHOSPHO-EVGA	TU0-3101	EG13283
PHOSPHO-EVGA	PHOSPHO-EVGA	TU0-3101	G7233
PHOSPHO-EVGA	PHOSPHO-EVGA	TU0-5682	EG11544
PHOSPHO-EVGA	PHOSPHO-EVGA	TU0-5682	EG12240
PHOSPHO-EVGA	PHOSPHO-EVGA	TU0-5682	EG12241
PHOSPHO-EVGA	PHOSPHO-EVGA	TU0-5682	G0-16680
PHOSPHO-EVGA	PHOSPHO-EVGA	TU0-7541	EG11609
PHOSPHO-EVGA	PHOSPHO-EVGA	TU0-7541	EG11610
PHOSPHO-EVGA	PHOSPHO-EVGA	TU0-7541	G0-17027
PHOSPHO-EVGA	PHOSPHO-EVGA	TU0-7561	EG11609
PHOSPHO-EVGA	PHOSPHO-EVGA	TU0-7561	EG11610
PHOSPHO-EVGA	PHOSPHO-EVGA	TU0-7561	G0-17027
PHOSPHO-EVGA	PHOSPHO-EVGA	TU0-7741	G6791
PHOSPHO-EVGA	PHOSPHO-EVGA	TU0-7744	G7120
PHOSPHO-EVGA	PHOSPHO-EVGA	TU0-7744	G7121
PHOSPHO-EVGA	PHOSPHO-EVGA	TU0-7744	G7122
PHOSPHO-EVGA	PHOSPHO-EVGA	TU0-7745	G7237
PHOSPHO-EVGA	PHOSPHO-EVGA	TU0-7746	G7234
PHOSPHO-EVGA	PHOSPHO-EVGA	TU0-7746	G7235
PHOSPHO-EVGA	PHOSPHO-EVGA	TU0-7746	G7236
PHOSPHO-EVGA	PHOSPHO-EVGA	TU0-7746	G7237
PHOSPHO-EVGA	PHOSPHO-EVGA	TU0-7746	G7238
PHOSPHO-EVGA	PHOSPHO-EVGA	TU0-8021	EG10014
PHOSPHO-HYDG	PHOSPHO-HYDG	TU0-45291	EG11005
PHOSPHO-HYDG	PHOSPHO-HYDG	TU0-45291	EG11006
PHOSPHO-HYDG	PHOSPHO-HYDG	TU782	EG11918
PHOSPHO-HYDG	PHOSPHO-HYDG	TU783	EG10008
PHOSPHO-HYDG	PHOSPHO-HYDG	TU783	EG10482
PHOSPHO-NARL	PHOSPHO-NARL	TU-8441	G7866
PHOSPHO-NARL	PHOSPHO-NARL	TU0-13000	G6345
PHOSPHO-NARL	PHOSPHO-NARL	TU0-13000	G6346
PHOSPHO-NARL	PHOSPHO-NARL	TU0-13407	G6982
PHOSPHO-NARL	PHOSPHO-NARL	TU0-13407	G6983
PHOSPHO-NARL	PHOSPHO-NARL	TU0-14675	G6897
PHOSPHO-NARL	PHOSPHO-NARL	TU0-14675	G6898
PHOSPHO-NARL	PHOSPHO-NARL	TU0-14675	G6899
PHOSPHO-NARL	PHOSPHO-NARL	TU0-14675	G6900
PHOSPHO-NARL	PHOSPHO-NARL	TU0-14675	G6901
PHOSPHO-NARL	PHOSPHO-NARL	TU0-14675	G6902
PHOSPHO-NARL	PHOSPHO-NARL	TU0-14739	EG10668
PHOSPHO-NARL	PHOSPHO-NARL	TU0-14750	G6339
PHOSPHO-NARL	PHOSPHO-NARL	TU0-14750	G6340
PHOSPHO-NARL	PHOSPHO-NARL	TU0-14750	G6341
PHOSPHO-NARL	PHOSPHO-NARL	TU0-14750	G6342
PHOSPHO-NARL	PHOSPHO-NARL	TU0-14750	G6343
PHOSPHO-NARL	PHOSPHO-NARL	TU0-14750	G6344
PHOSPHO-NARL	PHOSPHO-NARL	TU0-14751	G6345
PHOSPHO-NARL	PHOSPHO-NARL	TU0-14751	G6346
PHOSPHO-NARL	PHOSPHO-NARL	TU0-42650	EG10754
PHOSPHO-NARL	PHOSPHO-NARL	TU0-42650	G6456
PHOSPHO-NARL	PHOSPHO-NARL	TU0-42650	G6457
PHOSPHO-NARL	PHOSPHO-NARL	TU0-4441	EG12450
PHOSPHO-NARL	PHOSPHO-NARL	TU0-4441	G7413
PHOSPHO-NARL	PHOSPHO-NARL	TU0-45171	EG10468
PHOSPHO-NARL	PHOSPHO-NARL	TU0-45171	EG10469
PHOSPHO-NARL	PHOSPHO-NARL	TU0-45171	EG10470
PHOSPHO-NARL	PHOSPHO-NARL	TU0-45171	EG10471
PHOSPHO-NARL	PHOSPHO-NARL	TU0-45171	EG10472
PHOSPHO-NARL	PHOSPHO-NARL	TU0-45171	EG10473
PHOSPHO-NARL	PHOSPHO-NARL	TU0-45181	EG10031
PHOSPHO-NARL	PHOSPHO-NARL	TU0-45225	EG10330
PHOSPHO-NARL	PHOSPHO-NARL	TU0-45225	EG10331
PHOSPHO-NARL	PHOSPHO-NARL	TU0-45225	EG10332
PHOSPHO-NARL	PHOSPHO-NARL	TU0-45225	EG10333
PHOSPHO-NARL	PHOSPHO-NARL	TU0-45246	G6845
PHOSPHO-NARL	PHOSPHO-NARL	TU0-45246	G6846
PHOSPHO-NARL	PHOSPHO-NARL	TU0-45246	G6847
PHOSPHO-NARL	PHOSPHO-NARL	TU0-45246	G6848
PHOSPHO-NARL	PHOSPHO-NARL	TU0-45246	G6849
PHOSPHO-NARL	PHOSPHO-NARL	TU0-5481	G6845
PHOSPHO-NARL	PHOSPHO-NARL	TU0-5481	G6846
PHOSPHO-NARL	PHOSPHO-NARL	TU0-5481	G6847
PHOSPHO-NARL	PHOSPHO-NARL	TU0-5481	G6848
PHOSPHO-NARL	PHOSPHO-NARL	TU0-5481	G6849
PHOSPHO-NARL	PHOSPHO-NARL	TU0-6021	EG10095
PHOSPHO-NARL	PHOSPHO-NARL	TU0-6021	EG11225
PHOSPHO-NARL	PHOSPHO-NARL	TU0-6021	G0-17100
PHOSPHO-NARL	PHOSPHO-NARL	TU0-7021	G6456
PHOSPHO-NARL	PHOSPHO-NARL	TU0-7021	G6457
PHOSPHO-NARL	PHOSPHO-NARL	TU0-7741	G6791
PHOSPHO-NARL	PHOSPHO-NARL	TU0-8347	G7826
PHOSPHO-NARL	PHOSPHO-NARL	TU0-8347	G7827
PHOSPHO-NARL	PHOSPHO-NARL	TU0-8813	EG11124
PHOSPHO-NARL	PHOSPHO-NARL	TU00019	EG10232
PHOSPHO-NARL	PHOSPHO-NARL	TU00019	EG10233
PHOSPHO-NARL	PHOSPHO-NARL	TU00019	EG10234
PHOSPHO-NARL	PHOSPHO-NARL	TU00023	EG10330
PHOSPHO-NARL	PHOSPHO-NARL	TU00023	EG10331
PHOSPHO-NARL	PHOSPHO-NARL	TU00023	EG10332
PHOSPHO-NARL	PHOSPHO-NARL	TU00023	EG10333
PHOSPHO-NARL	PHOSPHO-NARL	TU00044	EG10638
PHOSPHO-NARL	PHOSPHO-NARL	TU00044	EG10639
PHOSPHO-NARL	PHOSPHO-NARL	TU00044	EG10640
PHOSPHO-NARL	PHOSPHO-NARL	TU00044	EG10641
PHOSPHO-NARL	PHOSPHO-NARL	TU00045	EG10642
PHOSPHO-NARL	PHOSPHO-NARL	TU00045	G0-17088
PHOSPHO-NARL	PHOSPHO-NARL	TU00046	EG10188
PHOSPHO-NARL	PHOSPHO-NARL	TU00046	EG10653
PHOSPHO-NARL	PHOSPHO-NARL	TU00046	EG10654
PHOSPHO-NARL	PHOSPHO-NARL	TU00046	EG10655
PHOSPHO-NARL	PHOSPHO-NARL	TU00152	EG10285
PHOSPHO-NARL	PHOSPHO-NARL	TU00157	EG11227
PHOSPHO-NARL	PHOSPHO-NARL	TU00157	EG11228
PHOSPHO-NARL	PHOSPHO-NARL	TU00157	EG11229
PHOSPHO-NARL	PHOSPHO-NARL	TU00160	EG10095
PHOSPHO-NARL	PHOSPHO-NARL	TU00198	EG10031
PHOSPHO-NARL	PHOSPHO-NARL	TU00199	EG11781
PHOSPHO-NARL	PHOSPHO-NARL	TU00199	EG11945
PHOSPHO-NARL	PHOSPHO-NARL	TU00199	EG11946
PHOSPHO-NARL	PHOSPHO-NARL	TU00199	EG11947
PHOSPHO-NARL	PHOSPHO-NARL	TU00199	EG11948
PHOSPHO-NARL	PHOSPHO-NARL	TU00199	EG11949
PHOSPHO-NARL	PHOSPHO-NARL	TU00199	EG11950
PHOSPHO-NARL	PHOSPHO-NARL	TU00212	EG11814
PHOSPHO-NARL	PHOSPHO-NARL	TU00212	EG11815
PHOSPHO-NARL	PHOSPHO-NARL	TU00212	EG12195
PHOSPHO-NARL	PHOSPHO-NARL	TU00254	EG10012
PHOSPHO-NARL	PHOSPHO-NARL	TU00254	EG11405
PHOSPHO-NARL	PHOSPHO-NARL	TU00288	EG10468
PHOSPHO-NARL	PHOSPHO-NARL	TU00288	EG10469
PHOSPHO-NARL	PHOSPHO-NARL	TU00288	EG10470
PHOSPHO-NARL	PHOSPHO-NARL	TU00288	EG10471
PHOSPHO-NARL	PHOSPHO-NARL	TU00288	EG10472
PHOSPHO-NARL	PHOSPHO-NARL	TU00288	EG10473
PHOSPHO-NARL	PHOSPHO-NARL	TU00289	EG11799
PHOSPHO-NARL	PHOSPHO-NARL	TU00289	EG11800
PHOSPHO-NARL	PHOSPHO-NARL	TU00289	EG11801
PHOSPHO-NARL	PHOSPHO-NARL	TU00289	EG11802
PHOSPHO-NARL	PHOSPHO-NARL	TU00289	EG11803
PHOSPHO-NARL	PHOSPHO-NARL	TU00289	EG11804
PHOSPHO-NARL	PHOSPHO-NARL	TU00289	EG11805
PHOSPHO-NARL	PHOSPHO-NARL	TU00289	G7554
PHOSPHO-NARL	PHOSPHO-NARL	TU00302	EG10153
PHOSPHO-NARL	PHOSPHO-NARL	TU00302	EG10154
PHOSPHO-NARL	PHOSPHO-NARL	TU00305	EG12052
PHOSPHO-NARL	PHOSPHO-NARL	TU00305	EG12053
PHOSPHO-NARL	PHOSPHO-NARL	TU00305	EG12054
PHOSPHO-NARL	PHOSPHO-NARL	TU00305	EG12055
PHOSPHO-NARL	PHOSPHO-NARL	TU00305	EG12057
PHOSPHO-NARL	PHOSPHO-NARL	TU00305	EG12058
PHOSPHO-NARL	PHOSPHO-NARL	TU00305	EG12059
PHOSPHO-NARL	PHOSPHO-NARL	TU00305	EG12060
PHOSPHO-NARL	PHOSPHO-NARL	TU00305	EG12061
PHOSPHO-NARL	PHOSPHO-NARL	TU00305	EG12062
PHOSPHO-NARL	PHOSPHO-NARL	TU00305	EG12064
PHOSPHO-NARL	PHOSPHO-NARL	TU00305	EG12067
PHOSPHO-NARL	PHOSPHO-NARL	TU00305	EG12068
PHOSPHO-NARL	PHOSPHO-NARL	TU00305	EG12143
PHOSPHO-NARL	PHOSPHO-NARL	TU00305	EG12169
PHOSPHO-NARL	PHOSPHO-NARL	TU00308	EG11519
PHOSPHO-NARL	PHOSPHO-NARL	TU00308	EG12075
PHOSPHO-NARL	PHOSPHO-NARL	TU00308	EG12076
PHOSPHO-NARL	PHOSPHO-NARL	TU00308	EG12077
PHOSPHO-NARL	PHOSPHO-NARL	TU00308	EG12078
PHOSPHO-NARL	PHOSPHO-NARL	TU00308	EG12079
PHOSPHO-NARL	PHOSPHO-NARL	TU00310	EG11773
PHOSPHO-NARL	PHOSPHO-NARL	TU00310	EG11774
PHOSPHO-NARL	PHOSPHO-NARL	TU00310	EG12082
PHOSPHO-NARL	PHOSPHO-NARL	TU00310	EG12083
PHOSPHO-NARL	PHOSPHO-NARL	TU00310	EG12084
PHOSPHO-NARL	PHOSPHO-NARL	TU00310	EG12086
PHOSPHO-NARL	PHOSPHO-NARL	TU00310	EG12087
PHOSPHO-NARL	PHOSPHO-NARL	TU00310	EG12088
PHOSPHO-NARL	PHOSPHO-NARL	TU00310	EG12089
PHOSPHO-NARL	PHOSPHO-NARL	TU00310	EG12090
PHOSPHO-NARL	PHOSPHO-NARL	TU00310	EG12091
PHOSPHO-NARL	PHOSPHO-NARL	TU00310	EG12092
PHOSPHO-NARL	PHOSPHO-NARL	TU00310	EG12093
PHOSPHO-NARL	PHOSPHO-NARL	TU00369	EG11369
PHOSPHO-NARL	PHOSPHO-NARL	TU00369	EG11370
PHOSPHO-NARL	PHOSPHO-NARL	TU00377	EG10701
PHOSPHO-NARL	PHOSPHO-NARL	TU00377	EG11258
PHOSPHO-NARL	PHOSPHO-NARL	TU00379	EG10701
PHOSPHO-NARL	PHOSPHO-NARL	TU00379	EG11258
PHOSPHO-NARL	PHOSPHO-NARL	TU00468	EG10006
PHOSPHO-NARL	PHOSPHO-NARL	TU00468	EG10357
PHOSPHO-NARL	PHOSPHO-NARL	TU141	G6088
PHOSPHO-NARL	PHOSPHO-NARL	TU363	EG12052
PHOSPHO-NARL	PHOSPHO-NARL	TU363	EG12053
PHOSPHO-NARL	PHOSPHO-NARL	TU363	EG12054
PHOSPHO-NARL	PHOSPHO-NARL	TU363	EG12055
PHOSPHO-NARL	PHOSPHO-NARL	TU363	EG12057
PHOSPHO-NARL	PHOSPHO-NARL	TU363	EG12058
PHOSPHO-NARL	PHOSPHO-NARL	TU363	EG12059
PHOSPHO-NARL	PHOSPHO-NARL	TU363	EG12060
PHOSPHO-NARL	PHOSPHO-NARL	TU363	EG12061
PHOSPHO-NARL	PHOSPHO-NARL	TU363	EG12062
PHOSPHO-NARL	PHOSPHO-NARL	TU363	EG12064
PHOSPHO-NARL	PHOSPHO-NARL	TU363	EG12067
PHOSPHO-NARL	PHOSPHO-NARL	TU363	EG12068
PHOSPHO-NARL	PHOSPHO-NARL	TU363	EG12143
PHOSPHO-NARL	PHOSPHO-NARL	TU363	EG12169
PHOSPHO-NARL	PHOSPHO-NARL	TU546	EG10031
PHOSPHO-NARP	PHOSPHO-NARP	TU-8441	G7866
PHOSPHO-NARP	PHOSPHO-NARP	TU0-13407	G6982
PHOSPHO-NARP	PHOSPHO-NARP	TU0-13407	G6983
PHOSPHO-NARP	PHOSPHO-NARP	TU0-14675	G6897
PHOSPHO-NARP	PHOSPHO-NARP	TU0-14675	G6898
PHOSPHO-NARP	PHOSPHO-NARP	TU0-14675	G6899
PHOSPHO-NARP	PHOSPHO-NARP	TU0-14675	G6900
PHOSPHO-NARP	PHOSPHO-NARP	TU0-14675	G6901
PHOSPHO-NARP	PHOSPHO-NARP	TU0-14675	G6902
PHOSPHO-NARP	PHOSPHO-NARP	TU0-42650	EG10754
PHOSPHO-NARP	PHOSPHO-NARP	TU0-42650	G6456
PHOSPHO-NARP	PHOSPHO-NARP	TU0-42650	G6457
PHOSPHO-NARP	PHOSPHO-NARP	TU0-4441	EG12450
PHOSPHO-NARP	PHOSPHO-NARP	TU0-4441	G7413
PHOSPHO-NARP	PHOSPHO-NARP	TU0-45171	EG10468
PHOSPHO-NARP	PHOSPHO-NARP	TU0-45171	EG10469
PHOSPHO-NARP	PHOSPHO-NARP	TU0-45171	EG10470
PHOSPHO-NARP	PHOSPHO-NARP	TU0-45171	EG10471
PHOSPHO-NARP	PHOSPHO-NARP	TU0-45171	EG10472
PHOSPHO-NARP	PHOSPHO-NARP	TU0-45171	EG10473
PHOSPHO-NARP	PHOSPHO-NARP	TU0-7021	G6456
PHOSPHO-NARP	PHOSPHO-NARP	TU0-7021	G6457
PHOSPHO-NARP	PHOSPHO-NARP	TU0-7741	G6791
PHOSPHO-NARP	PHOSPHO-NARP	TU00046	EG10188
PHOSPHO-NARP	PHOSPHO-NARP	TU00046	EG10653
PHOSPHO-NARP	PHOSPHO-NARP	TU00046	EG10654
PHOSPHO-NARP	PHOSPHO-NARP	TU00046	EG10655
PHOSPHO-NARP	PHOSPHO-NARP	TU00152	EG10285
PHOSPHO-NARP	PHOSPHO-NARP	TU00157	EG11227
PHOSPHO-NARP	PHOSPHO-NARP	TU00157	EG11228
PHOSPHO-NARP	PHOSPHO-NARP	TU00157	EG11229
PHOSPHO-NARP	PHOSPHO-NARP	TU00199	EG11781
PHOSPHO-NARP	PHOSPHO-NARP	TU00199	EG11945
PHOSPHO-NARP	PHOSPHO-NARP	TU00199	EG11946
PHOSPHO-NARP	PHOSPHO-NARP	TU00199	EG11947
PHOSPHO-NARP	PHOSPHO-NARP	TU00199	EG11948
PHOSPHO-NARP	PHOSPHO-NARP	TU00199	EG11949
PHOSPHO-NARP	PHOSPHO-NARP	TU00199	EG11950
PHOSPHO-NARP	PHOSPHO-NARP	TU00288	EG10468
PHOSPHO-NARP	PHOSPHO-NARP	TU00288	EG10469
PHOSPHO-NARP	PHOSPHO-NARP	TU00288	EG10470
PHOSPHO-NARP	PHOSPHO-NARP	TU00288	EG10471
PHOSPHO-NARP	PHOSPHO-NARP	TU00288	EG10472
PHOSPHO-NARP	PHOSPHO-NARP	TU00288	EG10473
PHOSPHO-NARP	PHOSPHO-NARP	TU00305	EG12052
PHOSPHO-NARP	PHOSPHO-NARP	TU00305	EG12053
PHOSPHO-NARP	PHOSPHO-NARP	TU00305	EG12054
PHOSPHO-NARP	PHOSPHO-NARP	TU00305	EG12055
PHOSPHO-NARP	PHOSPHO-NARP	TU00305	EG12057
PHOSPHO-NARP	PHOSPHO-NARP	TU00305	EG12058
PHOSPHO-NARP	PHOSPHO-NARP	TU00305	EG12059
PHOSPHO-NARP	PHOSPHO-NARP	TU00305	EG12060
PHOSPHO-NARP	PHOSPHO-NARP	TU00305	EG12061
PHOSPHO-NARP	PHOSPHO-NARP	TU00305	EG12062
PHOSPHO-NARP	PHOSPHO-NARP	TU00305	EG12064
PHOSPHO-NARP	PHOSPHO-NARP	TU00305	EG12067
PHOSPHO-NARP	PHOSPHO-NARP	TU00305	EG12068
PHOSPHO-NARP	PHOSPHO-NARP	TU00305	EG12143
PHOSPHO-NARP	PHOSPHO-NARP	TU00305	EG12169
PHOSPHO-NARP	PHOSPHO-NARP	TU363	EG12052
PHOSPHO-NARP	PHOSPHO-NARP	TU363	EG12053
PHOSPHO-NARP	PHOSPHO-NARP	TU363	EG12054
PHOSPHO-NARP	PHOSPHO-NARP	TU363	EG12055
PHOSPHO-NARP	PHOSPHO-NARP	TU363	EG12057
PHOSPHO-NARP	PHOSPHO-NARP	TU363	EG12058
PHOSPHO-NARP	PHOSPHO-NARP	TU363	EG12059
PHOSPHO-NARP	PHOSPHO-NARP	TU363	EG12060
PHOSPHO-NARP	PHOSPHO-NARP	TU363	EG12061
PHOSPHO-NARP	PHOSPHO-NARP	TU363	EG12062
PHOSPHO-NARP	PHOSPHO-NARP	TU363	EG12064
PHOSPHO-NARP	PHOSPHO-NARP	TU363	EG12067
PHOSPHO-NARP	PHOSPHO-NARP	TU363	EG12068
PHOSPHO-NARP	PHOSPHO-NARP	TU363	EG12143
PHOSPHO-NARP	PHOSPHO-NARP	TU363	EG12169
PHOSPHO-OMPR	PHOSPHO-OMPR	TU0-13434	G7015
PHOSPHO-OMPR	PHOSPHO-OMPR	TU0-13434	G7016
PHOSPHO-OMPR	PHOSPHO-OMPR	TU0-14682	G0-9562
PHOSPHO-OMPR	PHOSPHO-OMPR	TU0-194009	EG10644
PHOSPHO-OMPR	PHOSPHO-OMPR	TU0-194009	EG10645
PHOSPHO-OMPR	PHOSPHO-OMPR	TU0-194009	EG10647
PHOSPHO-OMPR	PHOSPHO-OMPR	TU0-194009	EG10648
PHOSPHO-OMPR	PHOSPHO-OMPR	TU0-194009	EG12153
PHOSPHO-OMPR	PHOSPHO-OMPR	TU0-2644	EG30063
PHOSPHO-OMPR	PHOSPHO-OMPR	TU0-3901	EG11508
PHOSPHO-OMPR	PHOSPHO-OMPR	TU0-45164	EG30063
PHOSPHO-OMPR	PHOSPHO-OMPR	TU0-45229	EG10671
PHOSPHO-OMPR	PHOSPHO-OMPR	TU0-45257	G6543
PHOSPHO-OMPR	PHOSPHO-OMPR	TU0-45257	G6544
PHOSPHO-OMPR	PHOSPHO-OMPR	TU0-45257	G6545
PHOSPHO-OMPR	PHOSPHO-OMPR	TU0-45257	G6546
PHOSPHO-OMPR	PHOSPHO-OMPR	TU0-45284	BOLA
PHOSPHO-OMPR	PHOSPHO-OMPR	TU0-45284	EG10125
PHOSPHO-OMPR	PHOSPHO-OMPR	TU0-8471	G6528
PHOSPHO-OMPR	PHOSPHO-OMPR	TU0-8471	G6529
PHOSPHO-OMPR	PHOSPHO-OMPR	TU0-8471	G6530
PHOSPHO-OMPR	PHOSPHO-OMPR	TU0-8471	G6531
PHOSPHO-OMPR	PHOSPHO-OMPR	TU0-8473	G6877
PHOSPHO-OMPR	PHOSPHO-OMPR	TU0-8762	G0-8882
PHOSPHO-OMPR	PHOSPHO-OMPR	TU0-8763	G0-8868
PHOSPHO-OMPR	PHOSPHO-OMPR	TU00049	EG10670
PHOSPHO-OMPR	PHOSPHO-OMPR	TU00049	OMPC_TERMINATOR
PHOSPHO-OMPR	PHOSPHO-OMPR	TU00050	EG10671
PHOSPHO-OMPR	PHOSPHO-OMPR	TU00080	EG10280
PHOSPHO-OMPR	PHOSPHO-OMPR	TU00136	EG10319
PHOSPHO-OMPR	PHOSPHO-OMPR	TU00136	EG10320
PHOSPHO-OMPR	PHOSPHO-OMPR	TU00269	EG12101
PHOSPHO-OMPR	PHOSPHO-OMPR	TU00269	EG12102
PHOSPHO-OMPR	PHOSPHO-OMPR	TU00269	EG12933
PHOSPHO-OMPR	PHOSPHO-OMPR	TU00386	BOLA
PHOSPHO-OMPR	PHOSPHO-OMPR	TU00386	EG10125
PHOSPHO-OMPR	PHOSPHO-OMPR	TU00392	G6543
PHOSPHO-OMPR	PHOSPHO-OMPR	TU00392	G6544
PHOSPHO-OMPR	PHOSPHO-OMPR	TU00392	G6545
PHOSPHO-OMPR	PHOSPHO-OMPR	TU00392	G6546
PHOSPHO-OMPR	PHOSPHO-OMPR	TU356	EG10659
PHOSPHO-PHOB	PHOSPHO-PHOB	TU0-12808	EG10338
PHOSPHO-PHOB	PHOSPHO-PHOB	TU0-12917	EG10927
PHOSPHO-PHOB	PHOSPHO-PHOB	TU0-12917	EG11094
PHOSPHO-PHOB	PHOSPHO-PHOB	TU0-13311	G6814
PHOSPHO-PHOB	PHOSPHO-PHOB	TU0-13400	G6968
PHOSPHO-PHOB	PHOSPHO-PHOB	TU0-1341	EG10490
PHOSPHO-PHOB	PHOSPHO-PHOB	TU0-13468	G7058
PHOSPHO-PHOB	PHOSPHO-PHOB	TU0-13468	G7059
PHOSPHO-PHOB	PHOSPHO-PHOB	TU0-13468	G7060
PHOSPHO-PHOB	PHOSPHO-PHOB	TU0-13818	EG12883
PHOSPHO-PHOB	PHOSPHO-PHOB	TU0-13966	EG12247
PHOSPHO-PHOB	PHOSPHO-PHOB	TU0-13999	EG11266
PHOSPHO-PHOB	PHOSPHO-PHOB	TU0-14134	EG12462
PHOSPHO-PHOB	PHOSPHO-PHOB	TU0-14433	EG12242
PHOSPHO-PHOB	PHOSPHO-PHOB	TU0-14433	EG12243
PHOSPHO-PHOB	PHOSPHO-PHOB	TU0-14692	EG10734
PHOSPHO-PHOB	PHOSPHO-PHOB	TU0-14693	EG10734
PHOSPHO-PHOB	PHOSPHO-PHOB	TU0-14693	EG10782
PHOSPHO-PHOB	PHOSPHO-PHOB	TU0-14693	EG10784
PHOSPHO-PHOB	PHOSPHO-PHOB	TU0-1701	G6855
PHOSPHO-PHOB	PHOSPHO-PHOB	TU0-1821	EG12367
PHOSPHO-PHOB	PHOSPHO-PHOB	TU0-1821	G6320
PHOSPHO-PHOB	PHOSPHO-PHOB	TU0-1821	G6321
PHOSPHO-PHOB	PHOSPHO-PHOB	TU0-1821	G6322
PHOSPHO-PHOB	PHOSPHO-PHOB	TU0-1822	G6318
PHOSPHO-PHOB	PHOSPHO-PHOB	TU0-1822	G6319
PHOSPHO-PHOB	PHOSPHO-PHOB	TU0-2021	EG11209
PHOSPHO-PHOB	PHOSPHO-PHOB	TU0-2261	EG12243
PHOSPHO-PHOB	PHOSPHO-PHOB	TU0-36420	EG10735
PHOSPHO-PHOB	PHOSPHO-PHOB	TU0-41681	EG10732
PHOSPHO-PHOB	PHOSPHO-PHOB	TU0-42548	G6706
PHOSPHO-PHOB	PHOSPHO-PHOB	TU0-45214	EG10734
PHOSPHO-PHOB	PHOSPHO-PHOB	TU0-45214	EG10782
PHOSPHO-PHOB	PHOSPHO-PHOB	TU0-45214	EG10784
PHOSPHO-PHOB	PHOSPHO-PHOB	TU0-45215	EG10734
PHOSPHO-PHOB	PHOSPHO-PHOB	TU0-45216	EG10734
PHOSPHO-PHOB	PHOSPHO-PHOB	TU0-45216	EG10735
PHOSPHO-PHOB	PHOSPHO-PHOB	TU0-45216	EG10782
PHOSPHO-PHOB	PHOSPHO-PHOB	TU0-45216	EG10783
PHOSPHO-PHOB	PHOSPHO-PHOB	TU0-45216	EG10784
PHOSPHO-PHOB	PHOSPHO-PHOB	TU0-45229	EG10671
PHOSPHO-PHOB	PHOSPHO-PHOB	TU0-45276	G6855
PHOSPHO-PHOB	PHOSPHO-PHOB	TU0-5981	EG11046
PHOSPHO-PHOB	PHOSPHO-PHOB	TU0-5981	EG11047
PHOSPHO-PHOB	PHOSPHO-PHOB	TU0-5981	EG11048
PHOSPHO-PHOB	PHOSPHO-PHOB	TU0-5981	EG11049
PHOSPHO-PHOB	PHOSPHO-PHOB	TU0-5981	EG11050
PHOSPHO-PHOB	PHOSPHO-PHOB	TU0-5982	EG11046
PHOSPHO-PHOB	PHOSPHO-PHOB	TU0-5982	EG11047
PHOSPHO-PHOB	PHOSPHO-PHOB	TU0-5982	EG11048
PHOSPHO-PHOB	PHOSPHO-PHOB	TU0-5982	EG11049
PHOSPHO-PHOB	PHOSPHO-PHOB	TU0-5982	EG11050
PHOSPHO-PHOB	PHOSPHO-PHOB	TU0-6422	EG10039
PHOSPHO-PHOB	PHOSPHO-PHOB	TU0-7221	G6195
PHOSPHO-PHOB	PHOSPHO-PHOB	TU0-7342	EG12100
PHOSPHO-PHOB	PHOSPHO-PHOB	TU0-8146	G7872
PHOSPHO-PHOB	PHOSPHO-PHOB	TU0-8723	G7108
PHOSPHO-PHOB	PHOSPHO-PHOB	TU00050	EG10671
PHOSPHO-PHOB	PHOSPHO-PHOB	TU00052	EG10727
PHOSPHO-PHOB	PHOSPHO-PHOB	TU00052	EG11401
PHOSPHO-PHOB	PHOSPHO-PHOB	TU00053	EG10728
PHOSPHO-PHOB	PHOSPHO-PHOB	TU00053	EG10733
PHOSPHO-PHOB	PHOSPHO-PHOB	TU00086	EG10729
PHOSPHO-PHOB	PHOSPHO-PHOB	TU00201	EG10713
PHOSPHO-PHOB	PHOSPHO-PHOB	TU00201	EG10714
PHOSPHO-PHOB	PHOSPHO-PHOB	TU00201	EG10715
PHOSPHO-PHOB	PHOSPHO-PHOB	TU00201	EG10716
PHOSPHO-PHOB	PHOSPHO-PHOB	TU00201	EG10717
PHOSPHO-PHOB	PHOSPHO-PHOB	TU00201	EG10718
PHOSPHO-PHOB	PHOSPHO-PHOB	TU00201	EG10719
PHOSPHO-PHOB	PHOSPHO-PHOB	TU00201	EG10720
PHOSPHO-PHOB	PHOSPHO-PHOB	TU00201	EG10721
PHOSPHO-PHOB	PHOSPHO-PHOB	TU00201	EG10722
PHOSPHO-PHOB	PHOSPHO-PHOB	TU00201	EG10723
PHOSPHO-PHOB	PHOSPHO-PHOB	TU00201	EG10724
PHOSPHO-PHOB	PHOSPHO-PHOB	TU00201	EG10725
PHOSPHO-PHOB	PHOSPHO-PHOB	TU00201	EG11283
PHOSPHO-PHOB	PHOSPHO-PHOB	TU00202	EG10734
PHOSPHO-PHOB	PHOSPHO-PHOB	TU00202	EG10735
PHOSPHO-PHOB	PHOSPHO-PHOB	TU00202	EG10782
PHOSPHO-PHOB	PHOSPHO-PHOB	TU00202	EG10783
PHOSPHO-PHOB	PHOSPHO-PHOB	TU00202	EG10784
PHOSPHO-PHOB	PHOSPHO-PHOB	TU27	EG10256
PHOSPHO-PHOB	PHOSPHO-PHOB	TU864	EG11734
PHOSPHO-PHOP	PHOSPHO-PHOP	TU0-13156	G6600
PHOSPHO-PHOP	PHOSPHO-PHOP	TU0-13307	G0-8892
PHOSPHO-PHOP	PHOSPHO-PHOP	TU0-14302	EG10377
PHOSPHO-PHOP	PHOSPHO-PHOP	TU0-14302	EG10378
PHOSPHO-PHOP	PHOSPHO-PHOP	TU0-14302	EG10379
PHOSPHO-PHOP	PHOSPHO-PHOP	TU0-14302	EG10380
PHOSPHO-PHOP	PHOSPHO-PHOP	TU0-14302	EG10381
PHOSPHO-PHOP	PHOSPHO-PHOP	TU0-14357	G6463
PHOSPHO-PHOP	PHOSPHO-PHOP	TU0-14545	G6789
PHOSPHO-PHOP	PHOSPHO-PHOP	TU0-14545	G6790
PHOSPHO-PHOP	PHOSPHO-PHOP	TU0-14702	EG11009
PHOSPHO-PHOP	PHOSPHO-PHOP	TU0-14702	EG11164
PHOSPHO-PHOP	PHOSPHO-PHOP	TU0-14702	EG11165
PHOSPHO-PHOP	PHOSPHO-PHOP	TU0-14719	EG12242
PHOSPHO-PHOP	PHOSPHO-PHOP	TU0-14797	G0-10671
PHOSPHO-PHOP	PHOSPHO-PHOP	TU0-1902	G7679
PHOSPHO-PHOP	PHOSPHO-PHOP	TU0-2422	EG12525
PHOSPHO-PHOP	PHOSPHO-PHOP	TU0-2422	G0-10689
PHOSPHO-PHOP	PHOSPHO-PHOP	TU0-2442	EG12202
PHOSPHO-PHOP	PHOSPHO-PHOP	TU0-2443	EG12202
PHOSPHO-PHOP	PHOSPHO-PHOP	TU0-2447	G7002
PHOSPHO-PHOP	PHOSPHO-PHOP	TU0-36417	EG10377
PHOSPHO-PHOP	PHOSPHO-PHOP	TU0-36417	EG10380
PHOSPHO-PHOP	PHOSPHO-PHOP	TU0-36425	G6600
PHOSPHO-PHOP	PHOSPHO-PHOP	TU0-3645	G6517
PHOSPHO-PHOP	PHOSPHO-PHOP	TU0-3645	G6518
PHOSPHO-PHOP	PHOSPHO-PHOP	TU0-3645	G6519
PHOSPHO-PHOP	PHOSPHO-PHOP	TU0-3645	G6520
PHOSPHO-PHOP	PHOSPHO-PHOP	TU0-3645	G6521
PHOSPHO-PHOP	PHOSPHO-PHOP	TU0-3645	G6522
PHOSPHO-PHOP	PHOSPHO-PHOP	TU0-3645	G6523
PHOSPHO-PHOP	PHOSPHO-PHOP	TU0-3741	EG10582
PHOSPHO-PHOP	PHOSPHO-PHOP	TU0-3741	EG10590
PHOSPHO-PHOP	PHOSPHO-PHOP	TU0-45242	EG11398
PHOSPHO-PHOP	PHOSPHO-PHOP	TU0-45242	EG11399
PHOSPHO-PHOP	PHOSPHO-PHOP	TU0-45242	EG11400
PHOSPHO-PHOP	PHOSPHO-PHOP	TU0-45279	EG11495
PHOSPHO-PHOP	PHOSPHO-PHOP	TU0-4901	EG11544
PHOSPHO-PHOP	PHOSPHO-PHOP	TU0-4901	G0-16680
PHOSPHO-PHOP	PHOSPHO-PHOP	TU0-4903	EG11495
PHOSPHO-PHOP	PHOSPHO-PHOP	TU0-7741	G6791
PHOSPHO-PHOP	PHOSPHO-PHOP	TU0-7781	G7667
PHOSPHO-PHOP	PHOSPHO-PHOP	TU0-7783	G6312
PHOSPHO-PHOP	PHOSPHO-PHOP	TU0-7784	EG11233
PHOSPHO-PHOP	PHOSPHO-PHOP	TU0-7784	G6864
PHOSPHO-PHOP	PHOSPHO-PHOP	TU0-7802	G6881
PHOSPHO-PHOP	PHOSPHO-PHOP	TU0-7803	G6881
PHOSPHO-PHOP	PHOSPHO-PHOP	TU0-7805	EG10632
PHOSPHO-PHOP	PHOSPHO-PHOP	TU0-7806	EG10432
PHOSPHO-PHOP	PHOSPHO-PHOP	TU0-7821	EG12180
PHOSPHO-PHOP	PHOSPHO-PHOP	TU0-7822	G6439
PHOSPHO-PHOP	PHOSPHO-PHOP	TU0-7823	EG10673
PHOSPHO-PHOP	PHOSPHO-PHOP	TU0-8339	G7443
PHOSPHO-PHOP	PHOSPHO-PHOP	TU00056	EG10792
PHOSPHO-PHOP	PHOSPHO-PHOP	TU00056	EG10795
PHOSPHO-PHOP	PHOSPHO-PHOP	TU00077	EG10184
PHOSPHO-PHOP	PHOSPHO-PHOP	TU00080	EG10280
PHOSPHO-PHOP	PHOSPHO-PHOP	TU00111	EG10066
PHOSPHO-PHOP	PHOSPHO-PHOP	TU00137	EG11316
PHOSPHO-PHOP	PHOSPHO-PHOP	TU00233	EG11703
PHOSPHO-PHOP	PHOSPHO-PHOP	TU00233	EG11704
PHOSPHO-PHOP	PHOSPHO-PHOP	TU00282	EG11398
PHOSPHO-PHOP	PHOSPHO-PHOP	TU00282	EG11399
PHOSPHO-PHOP	PHOSPHO-PHOP	TU00282	EG11400
PHOSPHO-PHOP	PHOSPHO-PHOP	TU00319	EG10731
PHOSPHO-PHOP	PHOSPHO-PHOP	TU00319	EG10732
PHOSPHO-PHOP	PHOSPHO-PHOP	TU66	EG10731
PHOSPHO-PHOP	PHOSPHO-PHOP	TU66	EG10732
PHOSPHO-RCSB	PHOSPHO-RCSB	TU0-13079	EG12690
PHOSPHO-RCSB	PHOSPHO-RCSB	TU0-13079	G6465
PHOSPHO-RCSB	PHOSPHO-RCSB	TU0-13370	G0-8863
PHOSPHO-RCSB	PHOSPHO-RCSB	TU0-1422	EG10339
PHOSPHO-RCSB	PHOSPHO-RCSB	TU0-1422	EG10347
PHOSPHO-RCSB	PHOSPHO-RCSB	TU0-14545	G6789
PHOSPHO-RCSB	PHOSPHO-RCSB	TU0-14545	G6790
PHOSPHO-RCSB	PHOSPHO-RCSB	TU0-1761	EG10680
PHOSPHO-RCSB	PHOSPHO-RCSB	TU0-42638	EG11897
PHOSPHO-RCSB	PHOSPHO-RCSB	TU0-42638	EG12341
PHOSPHO-RCSB	PHOSPHO-RCSB	TU0-42638	G0-16690
PHOSPHO-RCSB	PHOSPHO-RCSB	TU0-42638	G7347
PHOSPHO-RCSB	PHOSPHO-RCSB	TU0-42638	G7348
PHOSPHO-RCSB	PHOSPHO-RCSB	TU0-45231	EG11490
PHOSPHO-RCSB	PHOSPHO-RCSB	TU0-45231	G6786
PHOSPHO-RCSB	PHOSPHO-RCSB	TU0-45242	EG11398
PHOSPHO-RCSB	PHOSPHO-RCSB	TU0-45242	EG11399
PHOSPHO-RCSB	PHOSPHO-RCSB	TU0-45242	EG11400
PHOSPHO-RCSB	PHOSPHO-RCSB	TU0-45268	EG12243
PHOSPHO-RCSB	PHOSPHO-RCSB	TU0-45268	EG50009
PHOSPHO-RCSB	PHOSPHO-RCSB	TU0-45279	EG11495
PHOSPHO-RCSB	PHOSPHO-RCSB	TU0-45282	EG11897
PHOSPHO-RCSB	PHOSPHO-RCSB	TU0-45282	EG12341
PHOSPHO-RCSB	PHOSPHO-RCSB	TU0-45282	G0-16690
PHOSPHO-RCSB	PHOSPHO-RCSB	TU0-45282	G7347
PHOSPHO-RCSB	PHOSPHO-RCSB	TU0-45282	G7348
PHOSPHO-RCSB	PHOSPHO-RCSB	TU0-4903	EG11495
PHOSPHO-RCSB	PHOSPHO-RCSB	TU0-5761	G0-8914
PHOSPHO-RCSB	PHOSPHO-RCSB	TU0-7141	EG11508
PHOSPHO-RCSB	PHOSPHO-RCSB	TU0-7141	G6776
PHOSPHO-RCSB	PHOSPHO-RCSB	TU0-7741	G6791
PHOSPHO-RCSB	PHOSPHO-RCSB	TU00282	EG11398
PHOSPHO-RCSB	PHOSPHO-RCSB	TU00282	EG11399
PHOSPHO-RCSB	PHOSPHO-RCSB	TU00282	EG11400
PHOSPHO-RCSB	PHOSPHO-RCSB	TU00388	EG10679
PHOSPHO-RCSB	PHOSPHO-RCSB	TU369	EG11490
PHOSPHO-RCSB	PHOSPHO-RCSB	TU369	G6786
PHOSPHO-RCSB	PHOSPHO-RCSB	TU586	EG12243
PHOSPHO-RCSB	PHOSPHO-RCSB	TU586	EG50009
PHOSPHO-RSTA	PHOSPHO-RSTA	TU0-14429	G6543
PHOSPHO-RSTA	PHOSPHO-RSTA	TU0-14429	G6544
PHOSPHO-RSTA	PHOSPHO-RSTA	TU0-14429	G6545
PHOSPHO-RSTA	PHOSPHO-RSTA	TU0-14429	G6546
PHOSPHO-RSTA	PHOSPHO-RSTA	TU0-1701	G6855
PHOSPHO-RSTA	PHOSPHO-RSTA	TU0-45201	G6543
PHOSPHO-RSTA	PHOSPHO-RSTA	TU0-45201	G6544
PHOSPHO-RSTA	PHOSPHO-RSTA	TU0-45201	G6545
PHOSPHO-RSTA	PHOSPHO-RSTA	TU0-45201	G6546
PHOSPHO-RSTA	PHOSPHO-RSTA	TU0-45229	EG10671
PHOSPHO-RSTA	PHOSPHO-RSTA	TU0-45257	G6543
PHOSPHO-RSTA	PHOSPHO-RSTA	TU0-45257	G6544
PHOSPHO-RSTA	PHOSPHO-RSTA	TU0-45257	G6545
PHOSPHO-RSTA	PHOSPHO-RSTA	TU0-45257	G6546
PHOSPHO-RSTA	PHOSPHO-RSTA	TU0-45276	G6855
PHOSPHO-RSTA	PHOSPHO-RSTA	TU00044	EG10638
PHOSPHO-RSTA	PHOSPHO-RSTA	TU00044	EG10639
PHOSPHO-RSTA	PHOSPHO-RSTA	TU00044	EG10640
PHOSPHO-RSTA	PHOSPHO-RSTA	TU00044	EG10641
PHOSPHO-RSTA	PHOSPHO-RSTA	TU00050	EG10671
PHOSPHO-RSTA	PHOSPHO-RSTA	TU00392	G6543
PHOSPHO-RSTA	PHOSPHO-RSTA	TU00392	G6544
PHOSPHO-RSTA	PHOSPHO-RSTA	TU00392	G6545
PHOSPHO-RSTA	PHOSPHO-RSTA	TU00392	G6546
PHOSPHO-TORR	PHOSPHO-TORR	TU0-42514	EG11276
PHOSPHO-TORR	PHOSPHO-TORR	TU0-45242	EG11398
PHOSPHO-TORR	PHOSPHO-TORR	TU0-45242	EG11399
PHOSPHO-TORR	PHOSPHO-TORR	TU0-45242	EG11400
PHOSPHO-TORR	PHOSPHO-TORR	TU0-45268	EG12243
PHOSPHO-TORR	PHOSPHO-TORR	TU0-45268	EG50009
PHOSPHO-TORR	PHOSPHO-TORR	TU00085	EG11005
PHOSPHO-TORR	PHOSPHO-TORR	TU00085	EG11006
PHOSPHO-TORR	PHOSPHO-TORR	TU00085	EG11276
PHOSPHO-TORR	PHOSPHO-TORR	TU00212	EG11814
PHOSPHO-TORR	PHOSPHO-TORR	TU00212	EG11815
PHOSPHO-TORR	PHOSPHO-TORR	TU00212	EG12195
PHOSPHO-TORR	PHOSPHO-TORR	TU00282	EG11398
PHOSPHO-TORR	PHOSPHO-TORR	TU00282	EG11399
PHOSPHO-TORR	PHOSPHO-TORR	TU00282	EG11400
PHOSPHO-TORR	PHOSPHO-TORR	TU586	EG12243
PHOSPHO-TORR	PHOSPHO-TORR	TU586	EG50009
PHOSPHO-TORR	PHOSPHO-TORR	TU793	EG12615
PROTEIN-NRIP	PROTEIN-NRIP	TU0-1003	G6940
PROTEIN-NRIP	PROTEIN-NRIP	TU0-1003	G6941
PROTEIN-NRIP	PROTEIN-NRIP	TU0-1003	G6942
PROTEIN-NRIP	PROTEIN-NRIP	TU0-1003	G6943
PROTEIN-NRIP	PROTEIN-NRIP	TU0-1003	G6944
PROTEIN-NRIP	PROTEIN-NRIP	TU0-3621	G6969
PROTEIN-NRIP	PROTEIN-NRIP	TU0-3621	G6970
PROTEIN-NRIP	PROTEIN-NRIP	TU0-3623	G6777
PROTEIN-NRIP	PROTEIN-NRIP	TU0-3623	G6778
PROTEIN-NRIP	PROTEIN-NRIP	TU0-3623	G6779
PROTEIN-NRIP	PROTEIN-NRIP	TU0-3623	G6780
PROTEIN-NRIP	PROTEIN-NRIP	TU0-3623	G6781
PROTEIN-NRIP	PROTEIN-NRIP	TU0-3623	G6782
PROTEIN-NRIP	PROTEIN-NRIP	TU0-42590	EG10835
PROTEIN-NRIP	PROTEIN-NRIP	TU0-42638	EG11897
PROTEIN-NRIP	PROTEIN-NRIP	TU0-42638	EG12341
PROTEIN-NRIP	PROTEIN-NRIP	TU0-42638	G0-16690
PROTEIN-NRIP	PROTEIN-NRIP	TU0-42638	G7347
PROTEIN-NRIP	PROTEIN-NRIP	TU0-42638	G7348
PROTEIN-NRIP	PROTEIN-NRIP	TU0-45282	EG11897
PROTEIN-NRIP	PROTEIN-NRIP	TU0-45282	EG12341
PROTEIN-NRIP	PROTEIN-NRIP	TU0-45282	G0-16690
PROTEIN-NRIP	PROTEIN-NRIP	TU0-45282	G7347
PROTEIN-NRIP	PROTEIN-NRIP	TU0-45282	G7348
PROTEIN-NRIP	PROTEIN-NRIP	TU0-5901	EG10383
PROTEIN-NRIP	PROTEIN-NRIP	TU0-5901	G0-17117
PROTEIN-NRIP	PROTEIN-NRIP	TU0-5903	EG10383
PROTEIN-NRIP	PROTEIN-NRIP	TU0-5903	G0-17117
PROTEIN-NRIP	PROTEIN-NRIP	TU00027	EG10383
PROTEIN-NRIP	PROTEIN-NRIP	TU00027	EG10385
PROTEIN-NRIP	PROTEIN-NRIP	TU00027	EG10387
PROTEIN-NRIP	PROTEIN-NRIP	TU00027	G0-17117
PROTEIN-NRIP	PROTEIN-NRIP	TU00029	EG10383
PROTEIN-NRIP	PROTEIN-NRIP	TU00029	EG10385
PROTEIN-NRIP	PROTEIN-NRIP	TU00029	EG10387
PROTEIN-NRIP	PROTEIN-NRIP	TU00029	G0-17117
PROTEIN-NRIP	PROTEIN-NRIP	TU00322	EG11629
PROTEIN-NRIP	PROTEIN-NRIP	TU00322	EG11630
PROTEIN-NRIP	PROTEIN-NRIP	TU00322	EG11631
PROTEIN-NRIP	PROTEIN-NRIP	TU00322	EG11632
PUTA-CPLX	PUTA-MONOMER	TU103	EG10802
PUTA-CPLX	PUTA-MONOMER	TU355	EG10801
PUTA-MONOMER	PUTA-MONOMER	TU103	EG10802
PUTA-MONOMER	PUTA-MONOMER	TU355	EG10801
TORR-CPLX	TORR-CPLX	TU00212	EG11814
TORR-CPLX	TORR-CPLX	TU00212	EG11815
TORR-CPLX	TORR-CPLX	TU00212	EG12195
TORR-CPLX	TORR-CPLX	TU793	EG12615
