{
  "duration_s": 600,
  "sample_every_s": 10,
  "n_precursors": 30,
  "initial_counts": {
    "L-ALPHA-ALANINE[c]": 773152,
    "ARG[c]": 198658,
    "ASN[c]": 299027,
    "L-ASPARTATE[c]": 1755358,
    "CYS[c]": 15038,
    "GLT[c]": 17255597,
    "GLN[c]": 2785843,
    "GLY[c]": 432082,
    "HIS[c]": 50773,
    "ILE[c]": 105335,
    "LEU[c]": 105335,
    "LYS[c]": 603368,
    "MET[c]": 56248,
    "PHE[c]": 51316,
    "PRO[c]": 280663,
    "SER[c]": 569873,
    "THR[c]": 203047,
    "TRP[c]": 15038,
    "TYR[c]": 90938,
    "L-SELENOCYSTEINE[c]": 30076,
    "VAL[c]": 211363,
    "ATP[c]": 6673550,
    "GTP[c]": 1479546,
    "CTP[c]": 1244620,
    "UTP[c]": 3267475,
    "DATP[c]": 10741,
    "DGTP[c]": 10741,
    "DCTP[c]": 23908,
    "TTP[c]": 3201641,
    "WATER[c]": 29620141293
  },
  "final_counts": {
    "L-ALPHA-ALANINE[c]": 793454,
    "ARG[c]": 252550,
    "ASN[c]": 321606,
    "L-ASPARTATE[c]": 2032540,
    "CYS[c]": 17026,
    "GLT[c]": 20328557,
    "GLN[c]": 2067308,
    "GLY[c]": 518282,
    "HIS[c]": 73207,
    "ILE[c]": 167030,
    "LEU[c]": 335838,
    "LYS[c]": 772863,
    "MET[c]": 60817,
    "PHE[c]": 58494,
    "PRO[c]": 405064,
    "SER[c]": 718733,
    "THR[c]": 447611,
    "TRP[c]": 2600,
    "TYR[c]": 100411,
    "L-SELENOCYSTEINE[c]": 34497,
    "VAL[c]": 315719,
    "ATP[c]": 7654643,
    "GTP[c]": 1697058,
    "CTP[c]": 1427595,
    "UTP[c]": 3747835,
    "DATP[c]": 12321,
    "DGTP[c]": 12321,
    "DCTP[c]": 27423,
    "TTP[c]": 3672322,
    "WATER[c]": 33974662728
  },
  "net_rate_per_s": {
    "L-ALPHA-ALANINE[c]": 83.29080909571734,
    "ARG[c]": 117.36444209413014,
    "ASN[c]": 84.40081967213112,
    "L-ASPARTATE[c]": 510.20262295082034,
    "CYS[c]": 6.419666842940248,
    "GLT[c]": 5566.637472236924,
    "GLN[c]": -1323.5637017451068,
    "GLY[c]": 144.8792543627714,
    "HIS[c]": 50.27187202538345,
    "ILE[c]": 145.39543098889493,
    "LEU[c]": 472.47971972501335,
    "LYS[c]": 382.66325224748846,
    "MET[c]": 33.499725013220534,
    "PHE[c]": 18.284854574299366,
    "PRO[c]": 214.36656795346397,
    "SER[c]": 240.24726070861982,
    "THR[c]": 507.67171337916454,
    "TRP[c]": -24.3958276044421,
    "TYR[c]": 22.120549973558987,
    "L-SELENOCYSTEINE[c]": 7.411337916446339,
    "VAL[c]": 184.95918561607624,
    "ATP[c]": 1644.531660497099,
    "GTP[c]": 364.59769434162035,
    "CTP[c]": 306.7058223162346,
    "UTP[c]": 805.1889635113699,
    "DATP[c]": 2.647244843997889,
    "DGTP[c]": 2.647340031729256,
    "DCTP[c]": 5.891263881544171,
    "TTP[c]": 788.96520888419,
    "WATER[c]": 7299153.179016412
  }
}