$	0m	0m	1m	1m	1m	2m	2m	2m
1-ACYLGLYCEROL-3-P-ACYLTRANSFER-MONOMER	120.0000	120.0000	120.0000	120.0000	120.0000	120.0000	120.0000	120.0000
1-PFK-MONOMER	75.0000	77.4762	81.0952	85.2727	88.6190	89.0000	89.0000	89.0000
2-DEHYDROPANTOATE-REDUCT-MONOMER	170.0000	171.8571	173.1429	176.4091	183.3810	191.7273	195.4762	202.3182
2-ISOPROPYLMALATESYN-MONOMER	1905.0000	1906.0952	1909.6667	1914.2727	1937.7619	1982.1364	2034.0476	2109.4545
2-OCTAPRENYL-METHOXY-BENZOQ-METH-MONOMER	276.0000	275.7619	275.0000	274.0000	274.0000	273.2727	273.0000	273.0000
2-OCTAPRENYLPHENOL-HYDROX-MONOMER	59.0000	59.0000	59.0000	59.0000	59.0000	59.0000	59.0000	59.0000
3-CH3-2-OXOBUTANOATE-OH-CH3-XFER-MONOMER	2719.0000	2719.0000	2719.0000	2719.5909	2728.2381	2745.2727	2760.3810	2776.0455
3-ISOPROPYLMALDEHYDROG-MONOMER	3408.0000	3409.0952	3413.8095	3417.4545	3429.3333	3461.7273	3518.2857	3581.0455
3-OXOACYL-ACP-REDUCT-MONOMER	3053.0000	3060.4286	3078.8571	3099.5000	3127.5714	3149.4545	3175.4286	3202.6818
3-OXOACYL-ACP-SYNTHII-MONOMER	1063.0000	1063.0000	1067.4286	1071.0000	1074.2381	1078.9091	1081.1905	1083.6364
4OHBENZOATE-OCTAPRENYLTRANSFER-MONOMER	47.0000	47.0000	47.0000	47.0000	47.0000	47.0000	47.0000	47.0000
6PFK-1-MONOMER	2133.0000	2133.0000	2133.0000	2133.0000	2133.0000	2133.0000	2133.0000	2133.0000
6PFK-2-MONOMER	130.0000	130.0000	130.0000	130.1364	136.9524	145.0455	156.6190	164.5909
6PGLUCONDEHYDROG-MONOMER	2152.0000	2155.4762	2161.0952	2174.2727	2182.6667	2193.2727	2198.6190	2205.9091
6PGLUCONOLACT-MONOMER	804.0000	804.0000	804.0000	803.6818	802.1905	801.0000	800.5714	800.0000
7-ALPHA-HYDROXYSTEROID-DEH-MONOMER	425.0000	425.0000	426.5238	437.1818	448.3333	458.7727	477.5714	491.9545
7KAPSYN-MONOMER	127.0000	128.8571	131.4286	135.3636	136.8095	140.6818	145.0000	146.2273
AAS-MONOMER	48.0000	48.0000	48.0000	48.0000	48.0000	48.0000	48.0000	48.0000
ABC-MONOMER	378.0000	378.0000	378.0000	378.0000	378.0000	378.1364	381.6667	388.7727
ABGT-MONOMER	10.0000	10.0000	10.0000	10.0000	10.0000	10.0000	10.0000	10.0000
ACETATEKINA-MONOMER	1866.0000	1871.7619	1891.6667	1900.2727	1909.6190	1921.0455	1930.5714	1937.4545
ACETOLACTSYNIII-HCHAIN-MONOMER	407.0000	409.9048	412.0000	412.0455	414.4762	416.4091	422.9524	425.0000
ACETOLACTSYNIII-ICHAIN-MONOMER	235.0000	235.0000	235.9048	237.4545	239.6190	244.3636	247.1429	248.0000
ACETYL-COA-ACETYLTRANSFER-MONOMER	279.0000	279.0000	279.0000	279.0000	279.0000	279.0000	279.0000	279.0000
ACETYLGLUTKIN-MONOMER	272.0000	272.0000	272.0000	272.0000	272.0000	272.0000	272.0000	272.0000
ACETYLORNDEACET-MONOMER	445.0000	445.0000	445.9048	447.0000	447.0000	447.0000	447.0000	447.0000
ACETYLORNTRANSAM-MONOMER	340.0000	341.1429	345.6667	351.2727	352.0000	352.0000	352.0000	352.0000
ACNEULY-MONOMER	125.0000	125.0000	125.0000	125.0000	125.0000	125.0000	125.0000	125.0000
ACONITASE-MONOMER	113.0000	113.5714	117.7619	123.9545	127.4286	131.8636	139.4286	147.4091
ACONITATEDEHYDRB-MONOMER	1746.0000	1749.9524	1749.6190	1754.7727	1762.4762	1782.0000	1805.5238	1816.6364
ACPSUB-MONOMER	3.0000	3.0000	3.0000	3.0000	3.0000	3.0000	3.0000	3.0000
ACRB-MONOMER	283.0000	282.3810	282.0000	282.0000	282.0000	282.0000	282.0000	282.0000
ACRD-MONOMER	11.0000	11.0000	11.0000	11.0000	11.0000	11.0000	11.0000	11.0000
ACRF-MONOMER	0.0000	0.0000	0.0000	0.0000	0.0000	0.0000	0.0000	0.0000
ACS-MONOMER	251.0000	250.9048	249.2857	249.0000	249.0000	249.0000	249.0000	249.0000
ACSERLYA-MONOMER	14565.0000	14602.3333	14680.4286	14750.8636	14824.3333	14906.3182	14976.1429	15041.0909
ACSERLYB-MONOMER	680.0000	682.6667	690.9048	696.0909	703.0000	714.5909	725.0952	734.5909
ACYLCOADEHYDROG-MONOMER	16.0000	16.0000	16.0000	16.0000	16.0000	16.0000	16.0000	16.0000
ACYLCOASYN-MONOMER	64.0000	64.0000	64.0000	64.0000	64.0000	64.0000	64.0000	64.0000
ADCLY-MONOMER	1392.0000	1392.2857	1394.5238	1398.4545	1402.2381	1403.7727	1411.3810	1423.5909
ADENODEAMIN-MONOMER	201.0000	204.5714	216.9524	227.1364	236.7143	238.0000	238.0000	238.0000
ADENPRIBOSYLTRAN-MONOMER	1403.0000	1403.0000	1403.0000	1403.0000	1403.0000	1403.0000	1403.0000	1403.0000
ADENYL-KIN-MONOMER	5354.0000	5374.3333	5401.0476	5430.0909	5469.9524	5519.9545	5587.1905	5646.0000
ADENYLATECYC-MONOMER	111.0000	111.0000	111.0000	111.0000	111.0000	111.0000	111.2857	113.0000
ADENYLOSUCCINATE-SYN-MONOMER	4604.0000	4617.9048	4638.2381	4661.3182	4682.3810	4701.6818	4726.8571	4745.2727
ADENYLYLSULFKIN-MONOMER	481.0000	481.0000	484.9048	488.0000	488.0000	488.7273	493.1905	494.0000
ADHC-MONOMER	235.0000	237.3333	244.4762	254.5455	264.9048	272.1818	285.3810	293.7273
ADHE-MONOMER	3855.0000	3861.3333	3868.7143	3874.8636	3880.1429	3882.0000	3882.0000	3882.0000
ADHP-MONOMER	129.0000	131.5238	134.9524	137.4545	140.4286	143.7727	146.1905	150.3636
AERGLYC3PDEHYDROG-MONOMER	73.0000	73.0000	73.0000	73.0000	73.3333	74.7727	75.0000	76.0455
AGAB-MONOMER	10.0000	10.0000	10.0000	10.0000	10.0000	10.0000	10.0000	10.0000
AGAC-MONOMER	4.0000	4.0000	4.0000	4.0000	4.0000	4.0000	4.0000	4.0000
AGAD-MONOMER	6.0000	6.0000	6.0000	6.0000	6.0000	6.0000	6.0000	6.0000
AGAX-MONOMER	40.0000	40.0000	40.0000	40.0000	40.0000	40.0000	40.0000	40.0000
AGMATIN-MONOMER	1042.0000	1047.0476	1057.2381	1068.6364	1083.4286	1100.5909	1117.2381	1128.2727
AICARTRANSIMPCYCLO-CPLX	1226.0000	1230.8095	1236.5714	1244.3636	1256.4286	1271.0000	1283.4762	1285.5909
AIRS-MONOMER	1172.0000	1173.9048	1180.7143	1186.0455	1194.7143	1201.0909	1206.9524	1211.3636
AKBLIG-MONOMER	123.0000	123.0000	123.0000	123.0000	123.0000	123.0000	123.0000	123.0000
ALARACEBIOSYN-MONOMER	56.0000	56.0000	56.0000	56.0000	56.0000	56.0000	56.0000	56.0000
ALARACECAT-MONOMER	101.0000	101.0000	101.0000	101.0000	101.0000	101.0000	101.0000	101.0000
ALAS-MONOMER	1520.0000	1521.8095	1524.8095	1532.5909	1538.4762	1543.0000	1548.9048	1555.0455
ALDDEHYDROGB-MONOMER	2.0000	2.0000	2.0000	2.0000	2.0000	2.0000	2.0000	2.0000
ALDHDEHYDROG-MONOMER	115.0000	116.1905	120.1905	124.7727	127.9524	132.2727	137.7619	141.2273
ALDOSE1EPIM-MONOMER	723.0000	725.0952	729.7619	732.7727	742.0952	747.0909	754.0476	763.5000
ALKAPHOSPHA-MONOMER	18.0000	18.0000	18.0000	18.0000	18.0000	18.0000	18.0000	18.0000
ALPHA-AMYL-CYTO-MONOMER	290.0000	290.0000	288.6667	288.0000	288.0000	287.2273	287.0000	287.0000
ALPHA-AMYL-PERI-MONOMER	33.0000	33.0000	33.0000	33.0000	33.0000	33.0000	33.0000	33.0000
ALPHACOMP-MONOMER	247.0000	247.4762	251.7619	254.5455	259.2381	265.6364	270.4762	275.6364
ALPHAGALACTOSID-MONOMER	32.0000	32.0000	32.0000	32.0000	32.0000	32.0000	32.0000	32.0000
ALTRO-OXIDOREDUCT-MONOMER	18.0000	18.0000	18.0000	18.0000	18.0000	18.0000	18.0000	18.0000
ALTRODEHYDRAT-MONOMER	41.0000	41.0000	41.0000	41.0000	41.0000	41.0000	41.0000	41.0000
AMINEOXID-MONOMER	13.0000	13.0000	13.0000	13.0000	13.0000	13.0000	13.0000	13.0000
AMP-NUCLEOSID-MONOMER	995.0000	997.0952	1004.1905	1012.1364	1016.5238	1017.0000	1017.0000	1017.0000
AMPG-MONOMER	23.0000	23.0000	23.0000	23.0000	23.0000	23.0000	23.0000	23.0000
AMTB-MONOMER	22.0000	22.0000	22.0000	22.0000	22.0000	22.0000	22.0000	22.0000
AMYLOMALT-MONOMER	75.0000	75.0000	75.0000	75.0000	75.0000	75.0000	75.0000	75.0000
ANGLYC3PDEHYDROGSUBUNITA-MONOMER	122.0000	122.0000	122.0000	122.0000	122.0000	122.0000	122.0000	122.4091
ANGLYC3PDEHYDROGSUBUNITB-MONOMER	136.0000	136.0000	136.0000	136.0000	136.0000	136.0000	136.0000	136.0000
ANGLYC3PDEHYDROGSUBUNITC-MONOMER	119.0000	119.0000	119.0000	119.0000	119.0000	119.0000	119.0000	119.0000
ANSA-MONOMER	425.0000	425.4286	429.3333	437.5455	441.7619	447.5909	454.3333	461.5000
ANSB-MONOMER	10.0000	10.0000	10.0000	10.0000	10.0000	10.0000	10.0000	10.0000
ANSP-MONOMER	14.0000	14.0000	14.0000	14.0000	14.0000	14.0000	14.0000	14.0000
ANTHRANSYNCOMPI-MONOMER	628.0000	628.0000	628.0000	628.0000	628.0000	628.0000	628.0000	628.0000
ANTHRANSYNCOMPII-MONOMER	343.0000	343.0000	343.0000	343.0000	343.0000	343.0000	343.0000	343.0000
APHA-MONOMER	81.0000	81.0000	81.0000	81.0000	81.0000	81.0000	81.0000	81.0000
APPA-MONOMER	29.0000	29.0000	29.0000	29.0000	29.0000	29.0000	29.0000	29.0000
APPB-MONOMER	17.0000	17.0000	17.0000	17.0000	17.0000	17.0000	17.0000	17.0000
APPC-MONOMER	17.0000	17.0000	17.0000	17.0000	17.0000	17.0000	17.0000	17.0000
AQPZ-MONOMER	25.0000	25.0000	25.0000	25.0000	25.0000	25.0000	25.0000	25.0000
ARABISOM-MONOMER	14.0000	14.0000	14.0000	14.0000	14.0000	14.0000	14.0000	14.0000
ARAE-MONOMER	7.0000	7.0000	7.0000	7.0000	7.0000	7.0000	7.0000	7.0000
ARAF-MONOMER	59.0000	59.0000	59.0000	59.0000	59.0000	59.0000	59.0000	59.0000
ARAG-MONOMER	62.0000	62.0000	62.0000	62.0000	62.0000	62.0000	62.0000	62.0000
ARAH-MONOMER	48.0000	48.0000	48.0000	48.0000	48.0000	48.0000	48.0000	48.0000
ARAJ-MONOMER	14.0000	14.0000	14.0000	14.0000	14.0000	14.0000	14.0000	14.0000
ARCA-MONOMER	2664.0000	2672.0476	2687.6190	2705.9545	2722.8095	2747.4545	2784.4286	2819.4545
ARCB-MONOMER	1.0000	1.4762	1.6667	1.6364	1.5714	1.7273	1.5714	1.4545
ARCD-MONOMER	22.0000	22.0000	22.0000	22.0000	22.0000	22.8636	25.9048	27.1364
ARGDECARBOXBIO-MONOMER	427.0000	427.8571	428.4762	432.7727	435.1905	439.3182	444.8571	448.9545
ARGDECARBOXDEG-MONOMER	2.0000	2.0000	2.0000	2.0000	2.0000	2.0000	2.0000	2.0000
ARGS-MONOMER	685.0000	685.0000	685.0000	684.8182	684.0000	684.0000	684.0000	682.9091
ARGSUCCINLYA-MONOMER	522.0000	522.0000	522.0000	522.0000	522.0000	522.0000	522.0000	522.0000
ARGSUCCINSYN-MONOMER	3221.0000	3227.7619	3244.2381	3266.4091	3293.0952	3316.0000	3352.1429	3391.3182
ARGSUCCTRAN-MONOMER	24.0000	24.0000	24.0000	24.0000	24.0000	24.0000	24.0000	24.0000
ARGT-MONOMER	923.0000	923.0000	922.9524	921.8182	920.2381	920.0000	919.4286	915.2273
AROA-MONOMER	1549.0000	1552.4286	1559.3333	1564.9091	1573.0000	1573.0000	1571.5238	1571.0000
AROB-MONOMER	74.0000	74.1905	75.7619	77.0000	78.1905	79.0000	79.0000	79.0000
AROC-MONOMER	344.0000	344.0000	344.0000	344.0000	344.0000	344.0000	344.0000	344.0000
AROD-MONOMER	528.0000	532.3333	542.8095	549.2273	552.0000	552.0000	552.0000	552.0000
AROE-MONOMER	173.0000	173.0000	173.0000	173.0000	173.0000	173.0000	173.0000	172.4091
AROF-MONOMER	152.0000	152.0000	152.0000	152.0000	152.0000	152.0000	152.0000	152.0000
AROG-MONOMER	891.0000	896.2381	909.1905	924.6364	934.1429	941.4091	951.2857	952.0000
AROH-MONOMER	366.0000	366.0000	366.0000	366.0000	366.0000	366.0000	366.0000	366.0000
AROK-MONOMER	961.0000	964.9048	976.5714	987.4545	995.9048	1002.9091	1009.2381	1015.8636
AROL-MONOMER	43.0000	43.0000	43.0000	43.0000	43.0000	43.0000	43.0000	43.0000
AROP-MONOMER	101.0000	102.1905	103.8571	105.3636	107.5238	111.0909	114.8571	117.5000
ARSF-MONOMER	8.0000	8.0000	8.0000	8.0000	8.0000	8.0000	8.0000	8.0000
ARTI-MONOMER	231.0000	233.5238	236.7143	241.9091	246.6190	250.2727	252.3810	254.8182
ARTJ-MONOMER	2817.0000	2819.5238	2824.2857	2832.0455	2831.4286	2831.0000	2830.1429	2827.5000
ARTM-MONOMER	95.0000	96.7619	99.1429	101.5000	103.5714	105.5455	107.3810	109.9545
ARTP-MONOMER	204.0000	205.0000	208.1429	210.0455	213.4286	217.2273	219.4762	224.1818
ARTQ-MONOMER	97.0000	97.0952	99.0476	102.0000	103.0952	105.8182	106.1905	107.9091
ARYLSULFAT-MONOMER	10.0000	10.0000	10.0000	10.0000	10.0000	10.0000	10.0000	10.0000
ASCF-MONOMER	22.0000	22.0000	22.0000	22.0000	22.0000	22.0000	22.0000	22.0000
ASL-MONOMER	1673.0000	1673.0000	1674.3810	1686.5000	1694.2381	1699.9545	1701.0000	1701.0000
ASNS-MONOMER	3509.0000	3517.8095	3542.4762	3565.8636	3582.4286	3596.6818	3609.9048	3620.1818
ASNSYNA-MONOMER	2511.0000	2511.0000	2513.4286	2524.3636	2533.1429	2536.0000	2536.0000	2541.0909
ASNSYNB-MONOMER	567.0000	567.0000	567.0000	567.0000	567.0000	567.0000	567.0000	567.0000
ASP-SEMIALDEHYDE-DEHYDROGENASE-MONOMER	10479.0000	10490.9048	10529.1429	10581.3636	10615.0000	10648.0000	10689.9524	10729.8182
ASPAMINOTRANS-MONOMER	7183.0000	7194.2857	7215.8571	7257.9091	7300.3810	7330.2727	7373.7143	7408.0000
ASPARTASE-MONOMER	121.0000	121.0000	121.2381	124.2727	125.0000	125.0000	125.0000	125.0000
ASPCARBCAT-MONOMER	5109.0000	5153.8095	5245.0000	5326.0909	5393.9048	5460.1818	5544.8571	5615.8636
ASPCARBREG-MONOMER	2147.0000	2183.3810	2262.4286	2334.9091	2389.8095	2449.0909	2508.9524	2553.8636
ASPDECARBOX-MONOMER	3258.0000	3259.4762	3264.3333	3266.2727	3275.2381	3290.5000	3315.5238	3326.2727
ASPKINIHOMOSERDEHYDROGI-MONOMER	2301.0000	2301.0000	2301.5714	2304.8182	2326.7619	2369.8636	2424.6667	2497.4545
ASPKINIIHOMOSERDEHYDROGII-MONOMER	239.0000	239.0000	239.0000	239.0000	239.0000	239.0000	239.0000	239.0000
ASPKINIII-MONOMER	1418.0000	1419.1905	1421.0000	1423.9091	1429.3333	1442.7727	1452.8095	1462.0000
ASPS-MONOMER	1051.0000	1053.1429	1059.5238	1068.3636	1073.1905	1079.8182	1083.4286	1086.9091
ATOA-MONOMER	51.0000	51.0000	51.0000	51.0000	51.0000	51.0000	51.0000	51.0000
ATOC-MONOMER	22.0000	22.0000	22.0000	22.0000	22.0000	22.0000	22.0000	22.0000
ATOD-MONOMER	48.0000	48.0000	48.0000	48.0000	48.0000	48.0000	48.0000	48.0000
ATOS-MONOMER	20.0000	20.0000	20.0000	20.0000	20.0000	20.0000	20.0000	20.0000
ATPA-MONOMER	2961.0000	2966.3810	2982.1429	2999.4545	3020.3810	3039.9545	3059.1905	3078.6818
ATPB-MONOMER	1929.0000	1934.6190	1945.1429	1956.3636	1965.7143	1974.6818	1987.7619	1999.0455
ATPC-MONOMER	1547.0000	1549.4762	1555.2857	1564.3182	1569.0000	1575.3182	1580.6190	1588.6818
ATPD-MONOMER	4153.0000	4157.8095	4173.1429	4195.0909	4219.4286	4245.5000	4266.0952	4285.7727
ATPE-MONOMER	8452.0000	8471.0476	8519.9048	8574.0909	8642.7143	8709.9545	8771.2381	8834.9091
ATPF-MONOMER	1604.0000	1609.9524	1617.0476	1623.4091	1630.5238	1637.6818	1648.8571	1661.2727
ATPG-MONOMER	1462.0000	1462.3333	1471.5238	1481.0000	1488.6667	1496.6818	1504.6667	1508.0909
ATPH-MONOMER	909.0000	911.9524	914.5714	917.3182	924.9048	931.3182	939.4762	944.3636
ATPPHOSRIBOSTRANS-MONOMER	895.0000	899.5714	908.0476	917.0000	923.0000	931.9091	935.0000	935.0000
B0070-MONOMER	12.0000	12.0000	12.0000	12.0000	12.0000	12.0000	12.0000	12.0000
B0260-MONOMER	72.0000	72.0000	72.0000	72.0000	72.0000	72.0000	73.4762	78.6364
B0270-MONOMER	8.0000	8.0000	8.0000	8.0000	8.0000	8.0000	8.0000	8.0000
B0427-MONOMER	15.0000	15.0000	15.0000	15.0000	15.0000	15.0000	15.0000	15.0000
B0486-MONOMER	9.0000	9.0000	9.0000	9.0000	9.0000	9.0000	9.0000	9.0000
B0511-MONOMER	3.0000	3.0000	3.0000	3.0000	3.0000	3.0000	3.0000	3.0000
B0612-MONOMER	10.0000	10.0000	10.0000	10.0000	10.0000	10.0000	10.0000	10.0000
B0709-MONOMER	20.0000	20.0000	20.0000	20.0000	20.0000	20.0000	20.0000	20.0000
B0752-MONOMER	81.0000	81.0000	81.0000	81.0000	81.0000	81.0000	81.0000	81.0000
B0770-MONOMER	1.0000	1.0000	1.0000	1.0000	1.0000	1.0000	1.0000	1.0000
B0899-MONOMER	245.0000	249.0000	254.8095	256.5455	259.4286	261.5000	268.0952	274.1364
B1006-MONOMER	9.0000	9.0000	9.0000	9.0000	9.0000	9.0000	9.0000	9.0000
B1065-MONOMER	19.0000	19.0000	19.0000	19.0000	19.0000	19.0000	19.0000	19.0000
B1296-MONOMER	113.0000	113.0000	113.0000	113.0000	113.0000	113.0000	113.0000	113.0000
B1433-MONOMER	18.0000	18.0000	18.0000	18.0000	18.0000	18.0000	18.0000	18.0000
B1543-MONOMER	7.0000	7.0000	7.0000	7.0000	7.0000	7.0000	7.0000	7.0000
B1596-MONOMER	98.0000	98.0000	98.0000	98.0000	98.0000	98.0000	98.0000	98.0000
B1599-MONOMER	3.0000	3.0000	3.0000	3.0000	3.0000	3.0000	3.0000	3.0000
B1600-MONOMER	4.0000	4.0000	4.0000	4.0000	4.0000	4.0000	4.0000	4.0000
B1634-MONOMER	19.0000	19.0000	19.0000	19.0000	19.0000	19.0000	19.0000	18.3636
B1657-MONOMER	47.0000	47.0000	47.0000	47.0000	47.0000	47.0000	47.0000	47.0000
B1690-MONOMER	2.0000	2.0000	2.0000	2.0000	2.0000	2.0000	2.0000	2.0000
B1691-MONOMER	2.0000	2.0000	2.0000	2.0000	2.0000	2.0000	2.0000	2.0000
B1775-MONOMER	9.0000	9.0000	9.0000	9.0000	9.0000	9.0000	9.0000	9.0000
B1791-MONOMER	31.0000	31.0000	31.0000	31.0000	31.0000	31.0000	31.0000	31.0000
B1828-MONOMER	14.0000	14.0000	14.0000	14.0000	14.0000	14.0000	14.0000	14.0000
B2075-MONOMER	3.0000	3.0000	3.0000	3.0000	3.0000	3.0000	3.0000	3.0000
B2076-MONOMER	6.0000	6.0000	6.0000	6.0000	6.0000	6.0000	6.0000	6.0000
B2077-MONOMER	21.0000	21.0000	21.0000	21.0000	21.0000	21.0000	21.0000	21.0000
B2098-MONOMER	35.0000	35.0000	35.0000	35.0000	35.0000	35.0000	35.0000	35.0000
B2170-MONOMER	8.0000	8.0000	8.0000	8.0000	8.0000	8.0000	8.0000	8.0000
B2246-MONOMER	25.0000	25.0000	25.0000	25.0000	25.0000	25.0000	25.0000	25.0000
B2322-MONOMER	16.0000	16.0000	16.0000	16.0000	16.0000	16.0000	16.0000	16.0000
B2372-MONOMER	7.0000	7.0000	7.0000	7.0000	7.0000	7.0000	7.0000	7.0000
B2740-MONOMER	13.0000	13.0000	13.0000	13.0000	13.0000	13.0000	13.0000	13.0000
B2771-MONOMER	2.0000	2.0000	2.0000	2.0000	2.0000	2.0000	2.0000	2.0000
B2775-MONOMER	15.0000	15.0000	15.0000	15.0000	15.0000	15.0000	15.0000	15.0000
B2789-MONOMER	10.0000	10.0000	10.0000	10.0000	10.0000	10.0000	10.0000	10.0000
B2845-MONOMER	16.0000	16.0000	16.0000	16.0000	16.0000	16.0000	16.0000	16.0000
B2975-MONOMER	83.0000	83.0000	83.0000	83.0000	83.0000	83.0000	83.0000	83.0000
B3659-MONOMER	5.0000	5.0000	5.0000	5.0000	5.0000	5.0000	5.0000	5.0000
B4141-MONOMER	20.0000	20.0000	20.0000	20.0000	20.0000	20.0000	20.0000	20.0000
BADH-MONOMER	138.0000	138.0000	138.0000	138.0000	138.0000	138.0000	138.0000	138.0000
BAER-MONOMER	89.0000	89.0000	89.0000	89.0000	89.0000	89.0000	89.0000	89.0000
BAES-MONOMER	64.0000	64.0000	64.0000	64.0000	64.0000	64.0000	64.0000	64.0000
BARA-MONOMER	43.0000	43.0000	43.0000	43.0000	43.0000	43.0000	43.0000	43.0000
BASR-MONOMER	4.0000	4.0000	4.0000	4.0000	4.0000	4.0000	4.0000	4.0000
BASS-MONOMER	0.0000	0.0000	0.0000	0.0000	0.0000	0.0000	0.0000	0.0000
BCCP-MONOMER	864.0000	862.7619	856.8571	873.0909	877.1905	878.0909	880.8095	891.3636
BCR-MONOMER	58.0000	58.0000	58.0000	58.0000	59.2857	60.0000	60.0000	60.0000
BETA-GLUCURONID-MONOMER	3.0000	3.0000	3.0000	3.0000	3.0000	3.0000	3.0000	3.0000
BETACOMP-MONOMER	464.0000	464.0000	464.8095	466.0455	473.1905	474.5455	476.8571	477.8182
BETAGALACTOSID-MONOMER	1.0000	1.0000	1.0000	1.0000	1.0000	1.0000	1.0000	1.0000
BETT-MONOMER	25.0000	25.0000	25.0000	25.0000	25.0000	25.0000	25.0000	25.0000
BGLF-MONOMER	8.0000	8.0000	8.0000	8.0000	8.0000	8.0000	8.0000	8.0000
BIOTIN-CARBOXYL-MONOMER	2042.0000	2044.2381	2051.6190	2062.0455	2074.5714	2085.6364	2098.1905	2116.0000
BIOTIN-SYN-MONOMER	128.0000	133.6190	146.6190	161.6364	183.4286	205.3636	220.2381	230.5909
BIOTINLIG-MONOMER	99.0000	99.0000	99.0000	99.0000	99.0000	99.0000	99.0000	99.0000
BRANCHED-CHAINAMINOTRANSFER-MONOMER	771.0000	771.0000	771.0000	776.8636	792.4762	812.8636	835.1429	869.6818
BRNQ-MONOMER	111.0000	111.0000	111.0000	111.0000	111.0000	111.0000	111.0000	111.0000
BTUC-MONOMER	12.0000	12.0000	12.0000	12.0000	12.0000	12.0000	12.0000	12.0000
BTUD-MONOMER	67.0000	68.3333	71.9048	73.5909	76.2381	78.3182	80.5714	81.6818
BTUE-MONOMER	152.0000	152.0000	151.0476	151.0000	150.1905	150.0000	150.0000	149.8182
CADB-MONOMER	3.0000	3.0000	3.0000	3.0000	3.0000	3.0000	3.0000	3.0000
CAIC-MONOMER	18.0000	18.0000	18.0000	18.0000	18.0000	18.0000	18.0000	18.0000
CAIE-MONOMER	9.0000	9.0000	9.0000	9.0000	9.0000	9.0000	9.0000	9.0000
CAIT-MONOMER	7.0000	7.0000	7.0000	7.0000	7.0000	7.0000	7.0000	7.0000
CARBODEHYDRAT-MONOMER	24.0000	24.0000	24.0000	24.0000	24.0000	24.0000	24.0000	24.0000
CARBOXYL-TRANSFERASE-ALPHA-MONOMER	1139.0000	1143.8571	1158.5238	1174.7273	1192.0476	1206.3182	1222.0000	1234.4545
CARBOXYL-TRANSFERASE-BETA-MONOMER	1511.0000	1514.2381	1524.3333	1534.9545	1544.9524	1554.3182	1570.5714	1587.5909
CARBPSYN-LARGE	1680.0000	1680.0000	1680.0000	1680.0000	1684.5714	1695.1818	1703.7143	1711.2273
CARBPSYN-SMALL	1863.0000	1864.7619	1870.5238	1881.7273	1889.0000	1892.3182	1899.9524	1907.5909
CARDIOLIPSYN-MONOMER	130.0000	135.0952	144.6190	151.6364	154.0000	158.4545	159.0000	158.5000
CARNDEHYDRA-MONOMER	9.0000	9.0000	9.0000	9.0000	9.0000	9.0000	9.0000	9.0000
CARNRACE-MONOMER	10.0000	10.0000	10.0000	10.0000	10.0000	10.0000	10.0000	10.0000
CCMA-MONOMER	25.0000	25.0000	25.0000	25.0000	25.0000	25.0000	25.0000	25.0000
CCMB-MONOMER	30.0000	30.0000	30.0000	30.0000	30.0000	30.0000	30.0000	30.0000
CCMC-MONOMER	15.0000	15.0000	15.0000	15.0000	15.0000	15.0000	15.0000	15.0000
CCME-MONOMER	14.0000	14.0000	14.0000	14.0000	14.0000	14.0000	14.0000	14.0000
CDPDIGLYPYPHOSPHA-MONOMER	63.0000	63.0000	63.0000	63.0000	63.0000	63.0000	63.0000	63.0000
CDPDIGLYSYN-MONOMER	107.0000	107.0000	107.0000	107.0000	107.0000	107.0000	108.0952	109.5909
CELA-MONOMER	61.0000	61.0000	61.0000	61.0000	61.0000	61.0000	61.0000	61.0000
CELB-MONOMER	37.0000	37.0000	37.0000	37.0000	37.0000	37.0000	37.0000	37.0000
CELC-MONOMER	43.0000	43.0000	43.0000	43.0000	43.0000	43.0000	43.0000	43.0000
CFA-MONOMER	179.0000	179.0000	179.0000	179.0000	179.0000	179.0000	179.0000	179.0000
CHAA-MONOMER	152.0000	152.0000	152.0000	152.0000	152.0000	152.0000	152.0000	152.0000
CHAINF-MONOMER	405.0000	410.8095	416.3333	425.3182	433.4286	440.9545	446.2381	452.8182
CHAINI-MONOMER	215.0000	216.0000	219.8095	228.0455	231.0000	231.0000	231.0000	231.0000
CHD-MONOMER	95.0000	95.0000	95.0000	95.0000	95.0000	95.0000	95.0000	95.0000
CHEB-MONOMER	1878.0000	1879.4762	1883.4762	1887.4545	1891.4286	1895.0000	1895.1429	1900.7273
CHER-MONOMER	1900.0000	1901.4762	1905.1429	1907.1818	1910.0000	1923.3636	1932.5238	1939.1818
CHEW-MONOMER	4478.0000	4496.6667	4527.9048	4554.3636	4584.0000	4616.1364	4645.8571	4676.7273
CHEY-MONOMER	2089.0000	2090.8571	2094.4762	2096.9091	2098.9048	2101.2273	2107.2857	2113.2727
CHEZ-MONOMER	1938.0000	1940.4762	1944.0952	1945.7273	1948.9524	1952.6364	1957.1905	1962.7273
CHORISMUTPREPHENDEHYDRAT-MONOMER	2303.0000	2307.7143	2311.8571	2312.0000	2312.0000	2317.2273	2326.6190	2336.7727
CHORISMUTPREPHENDEHYDROG-MONOMER	238.0000	238.0000	238.0000	238.0000	238.0000	238.0000	238.0000	238.0000
CHORPYRLY-MONOMER	25.0000	25.0000	25.0000	25.0000	25.0000	25.0000	25.0000	25.0000
CITC-MONOMER	8.0000	8.0000	8.0000	8.0000	8.0000	8.0000	8.0000	8.0000
CITRYLY-MONOMER	4.0000	4.0000	4.0000	4.0000	4.0000	4.0000	4.0000	4.0000
CITSYN-MONOMER	7688.0000	7695.8095	7720.9048	7741.9091	7763.2857	7796.0909	7830.2381	7863.2273
CITTRANS-MONOMER	7.0000	7.0000	7.0000	7.0000	7.0000	7.0000	7.0000	7.0000
CMPKI-MONOMER	104.0000	104.0000	104.0000	104.0000	104.0000	104.0000	104.0000	104.0000
CMR-MONOMER	19.0000	19.0000	19.0000	19.0000	19.0000	19.0000	19.0000	19.0000
CMTA-MONOMER	4.0000	4.0000	4.0000	4.0000	4.0000	4.0000	4.0000	4.0000
CMTB-MONOMER	4.0000	4.0000	4.0000	4.0000	4.0000	4.0000	4.0000	4.0000
COBALADENOSYLTRANS-MONOMER	127.0000	127.0000	127.0000	127.0000	127.0000	127.0000	127.0000	127.0000
COBS-MONOMER	68.0000	68.0000	68.0000	68.0000	68.0000	67.2727	67.0000	67.0000
COBU-MONOMER	23.0000	23.0000	23.0000	23.0000	23.0000	23.0000	23.0000	23.0000
CODB-MONOMER	430.0000	430.0000	430.0000	430.0000	430.0000	430.0000	429.1429	429.0000
COPROGENOXI-MONOMER	17.0000	17.0000	17.0000	17.0000	17.0000	17.0000	17.0000	17.0000
CORA-MONOMER	100.0000	99.9048	99.0000	99.0000	99.0000	99.0000	99.0000	99.0000
CPDB-MONOMER	288.0000	288.0000	288.0000	288.0000	288.0000	288.0000	288.0000	288.0000
CPM-KDOSYNTH-MONOMER	548.0000	548.1905	550.7143	555.5909	564.9048	575.3636	593.6667	607.8636
CPXA-MONOMER	128.0000	128.0000	128.0000	128.0000	128.0000	128.0000	128.0000	128.0000
CPXR-MONOMER	563.0000	563.0000	562.7619	562.0000	561.9524	561.0000	560.0476	560.0000
CREB-MONOMER	27.0000	27.0000	27.0000	27.0000	27.0000	27.0000	27.0000	27.0000
CREC-MONOMER	15.0000	15.0000	15.0000	15.0000	15.0000	15.0000	15.0000	15.0000
CROBETREDUCT-MONOMER	3.0000	3.0000	3.0000	3.0000	3.0000	3.0000	3.0000	3.0000
CRR-MONOMER	12611.0000	12643.4286	12715.3333	12772.3182	12835.1429	12898.7727	12980.8571	13050.5000
CTPSYN-MONOMER	1000.0000	1005.3810	1013.6190	1032.8182	1046.3333	1058.3182	1066.2381	1073.0455
CYANLY-MONOMER	14.0000	14.0000	14.0000	14.0000	14.0000	14.0000	14.0000	14.0000
CYCA-MONOMER	288.0000	288.0000	288.0000	288.0000	290.7143	295.0000	296.0000	296.0000
CYCLASE-MONOMER	502.0000	503.2381	507.6667	511.4545	514.3810	518.8636	520.0000	520.0000
CYDA-MONOMER	5.0000	5.0000	5.0000	5.0000	5.0000	5.0000	5.0000	5.0000
CYDB-MONOMER	8.0000	8.0000	8.0000	8.0000	8.0000	8.0000	8.0000	8.0000
CYDC-MONOMER	65.0000	65.0000	65.0000	65.0000	65.0000	65.0000	65.0000	65.0000
CYDD-MONOMER	110.0000	110.0000	110.0000	110.0000	110.0000	110.0000	110.0000	110.0000
CYNX-MONOMER	7.0000	7.0000	7.0000	7.0000	7.0000	7.0000	7.0000	7.0000
CYOA-MONOMER	4227.0000	4232.0476	4247.3333	4251.0909	4267.3333	4276.9545	4285.5238	4291.7273
CYOB-MONOMER	3270.0000	3277.3333	3295.6190	3304.2273	3311.8571	3318.3636	3326.7143	3333.1364
CYOC-MONOMER	4927.0000	4933.7619	4945.2857	4954.7273	4966.1429	4980.9091	4996.6667	5003.1364
CYOD-MONOMER	4995.0000	5002.4286	5019.0000	5028.3182	5040.3333	5055.3182	5065.8571	5073.3636
CYSA-MONOMER	3045.0000	3050.7619	3076.1905	3104.6364	3123.2857	3145.3636	3178.3333	3197.4545
CYSD-MONOMER	2974.0000	2980.4286	2995.7143	2998.7727	3005.4286	3023.9545	3044.2381	3045.7273
CYSN-MONOMER	849.0000	850.8571	857.8095	860.0000	860.0952	862.9091	865.6667	866.0000
CYSP-MONOMER	504.0000	506.0952	509.5238	512.3636	516.0476	518.5909	523.4286	528.7273
CYSS-MONOMER	504.0000	505.9048	509.6190	516.1364	518.5238	521.8636	526.1905	535.3636
CYST-MONOMER	650.0000	652.3333	655.9524	657.6818	662.9524	669.5909	672.2381	679.2273
CYSTATHIONINE-BETA-LYASE-MONOMER	592.0000	592.0000	592.0000	594.3636	597.1905	602.8182	618.0952	638.3636
CYSW-MONOMER	546.0000	546.6667	550.0000	554.0909	561.9524	567.6818	572.5714	576.8182
CYTDEAM-MONOMER	257.0000	257.0000	257.0000	257.0000	257.0000	257.0000	257.0000	257.0000
CYTIDEAM-MONOMER	8.0000	8.0000	8.0000	8.0000	8.0000	8.0000	8.0000	8.0000
CYTOCHROME-B561-MONOMER	809.0000	809.0000	808.8095	808.0000	808.0000	808.0000	807.4762	807.0000
CYTOCHROMEC-MONOMER	10.0000	10.0000	10.0000	10.0000	10.0000	10.0000	10.0000	10.0000
CYTOCHROMEC552-MONOMER	8.0000	8.0000	8.0000	8.0000	8.0000	8.0000	8.0000	8.0000
DALADALALIGA-MONOMER	288.0000	288.0000	288.0000	288.0000	288.0000	288.0000	288.0000	288.0000
DALADALALIGB-MONOMER	153.0000	154.1429	159.6667	163.1818	165.5714	166.7727	170.3333	172.5455
DALADEHYDROGA-MONOMER	128.0000	128.0000	128.0000	128.0000	128.0000	128.0000	128.0000	128.0000
DAPASYN-MONOMER	351.0000	351.0000	351.0000	351.0000	351.0000	351.0000	351.0000	351.0000
DCTA-MONOMER	81.0000	81.0000	81.0000	81.0000	81.0000	81.0000	81.0000	81.0000
DCTP-DEAM-MONOMER	139.0000	139.0000	139.0000	139.0000	139.0000	139.0000	139.0000	139.0000
DCUA-MONOMER	505.0000	505.0000	504.1429	504.0909	505.0000	504.4091	504.0000	504.0000
DCUB-MONOMER	5.0000	5.0000	5.0000	5.0000	5.0000	5.0000	5.0000	5.0000
DCUC-MONOMER	8.0000	8.0000	8.0000	8.0000	8.0000	8.0000	8.0000	8.0000
DCUR-MONOMER	105.0000	105.0000	105.0000	105.0000	104.8571	104.0000	103.8571	103.0000
DCUS-MONOMER	15.0000	15.0000	15.0000	15.0000	15.0000	15.0000	15.0000	15.0000
DCYSDESULF-MONOMER	420.0000	420.0000	420.0000	420.0000	420.0000	420.0000	420.0000	420.0000
DEHYDDEOXGALACTKIN-MONOMER	44.0000	44.0000	44.0000	44.0000	44.0000	44.0000	44.0000	44.0000
DEHYDDEOXPHOSGALACT-ALDOL-MONOMER	44.0000	44.0000	44.0000	44.0000	44.0000	44.0000	44.0000	44.0000
DEOA-MONOMER	17.0000	17.0000	17.0000	17.0000	17.0000	17.0000	17.0000	17.0000
DEOD-MONOMER	358.0000	358.0000	358.0000	358.0000	358.0000	358.0000	358.0000	358.0000
DEOXYGLUCONOKIN-MONOMER	426.0000	426.0000	426.0000	426.0000	426.0000	426.0000	426.0000	426.0000
DEOXYRIBOSE-P-ALD-MONOMER	44.0000	44.0000	44.0000	44.0000	43.4286	43.0000	43.0000	43.0000
DETHIOBIOTIN-SYN-MONOMER	418.0000	424.8571	438.4762	451.0000	467.0952	482.5000	491.2381	504.3182
DGTPTRIPHYDRO-MONOMER	47.0000	47.0000	47.0000	47.0000	47.0000	47.0000	47.0000	47.0000
DHHB-METHYLTRANSFER-MONOMER	1318.0000	1328.7143	1364.3333	1395.1818	1421.4286	1444.0909	1449.0000	1449.0000
DHPDIOXYGEN-MONOMER	11.0000	11.0000	11.0000	11.0000	11.0000	11.0000	11.0000	11.0000
DIACYLGLYKIN-MONOMER	347.0000	350.3333	356.4762	359.6364	363.1905	378.2727	392.2381	399.2273
DIAMINOPIMDECARB-MONOMER	503.0000	508.0952	518.0952	528.2727	537.6667	541.0909	546.9048	556.0000
DIAMINOPIMEPIM-MONOMER	138.0000	138.8095	143.0000	146.1364	147.0476	151.0909	155.3810	158.2727
DIENOYLCOAREDUCT-MONOMER	21.0000	21.3810	23.5714	26.5455	32.3333	39.7273	48.1429	56.3636
DIHYDRODIPICSYN-MONOMER	1018.0000	1024.0952	1032.7619	1038.2273	1042.1905	1049.6364	1053.3333	1055.1364
DIHYDROFOLATEREDUCT-MONOMER	414.0000	417.1905	424.1905	431.0455	437.0952	441.4545	451.1429	462.0455
DIHYDROOROT-MONOMER	2586.0000	2596.2381	2627.2857	2662.5909	2692.5714	2726.7273	2749.6190	2766.9091
DIHYDROOROTOX-MONOMER	441.0000	440.8095	440.0000	439.0000	435.6190	431.3636	429.0000	427.7727
DIHYDROPICRED-MONOMER	898.0000	901.1905	917.0952	935.8182	966.9048	991.2727	1009.8095	1040.7727
DIHYDROPTERIREDUCT-MONOMER	2021.0000	2042.2857	2076.3810	2123.0000	2166.7619	2212.3182	2250.7143	2283.8636
DIHYDROXYACIDDEHYDRAT-MONOMER	235.0000	235.0000	235.0000	235.0000	235.7143	237.7727	242.0476	246.9091
DINF-MONOMER	70.0000	70.0476	72.0476	74.5909	76.0000	76.0000	76.0000	76.0000
DIOHBUTANONEPSYN-MONOMER	649.0000	653.0952	663.6667	672.2727	679.2857	684.1364	693.6190	707.1818
DISULFOXRED-MONOMER	1416.0000	1419.6190	1428.7143	1434.2727	1435.0000	1435.0000	1435.0000	1434.8182
DLACTDEHYDROGFAD-MONOMER	1007.0000	1012.8095	1026.7143	1040.0000	1054.4762	1067.5000	1079.5238	1088.7273
DLACTDEHYDROGNAD-MONOMER	58.0000	58.0000	58.0000	58.0000	58.0000	58.0000	58.0000	58.0000
DMBPPRIBOSYLTRANS-MONOMER	46.0000	46.0000	46.0000	46.0000	46.0000	46.0000	46.0000	46.0000
DMK-MONOMER	56.0000	56.0000	56.0000	56.0000	56.0000	56.0000	56.0000	56.0000
DMSA-MONOMER	10.0000	10.0000	10.0000	10.0000	10.0000	10.0000	10.0000	10.5455
DMSB-MONOMER	11.0000	11.0000	11.0000	11.0000	11.0000	11.0000	11.0000	11.0000
DMSC-MONOMER	17.0000	17.0000	17.0000	17.0000	17.0000	17.0000	17.0000	17.0000
DPPA-MONOMER	2144.0000	2150.6190	2163.1905	2181.4545	2192.1905	2205.6364	2226.7619	2244.8636
DPPB-MONOMER	780.0000	782.0952	788.4762	795.2273	803.2857	814.2273	824.4286	832.9091
DPPC-MONOMER	874.0000	875.0000	880.5238	885.3182	892.4762	898.8182	906.4286	914.2273
DPPD-MONOMER	859.0000	859.2381	863.6667	871.5000	879.7619	888.6364	898.1905	908.1364
DPPF-MONOMER	1053.0000	1057.2381	1062.7619	1072.3182	1084.0000	1094.5000	1102.3333	1117.8182
DSBBPROT-MONOMER	461.0000	461.0000	461.0000	461.0000	460.7619	461.5000	468.1905	473.0455
DSBC-MONOMER	730.0000	731.6667	735.0476	741.2273	748.5238	754.0000	754.0000	754.0000
DSBD-MONOMER	98.0000	98.0000	98.0000	98.0000	98.0000	97.0455	97.0000	97.0000
DSBG-MONOMER	355.0000	355.0000	355.0000	355.0000	355.0000	355.0000	355.0000	355.0000
DSDX-MONOMER	14.0000	14.0000	14.0000	14.0000	14.0000	14.0000	14.0000	14.0000
DSERDEAM-MONOMER	146.0000	146.0000	146.0000	146.0000	146.0000	146.0000	146.0000	146.0000
DTDPDEHYDRHAMEPIM-MONOMER	306.0000	308.8095	312.0952	314.2273	315.4286	319.5000	327.1429	329.9091
DTDPDEHYRHAMREDUCT-MONOMER	337.0000	338.9048	340.7619	342.5909	344.5714	346.1818	349.4286	354.9545
DTDPGLUCDEHYDRAT-MONOMER	426.0000	428.0476	431.3333	434.6818	441.0952	449.7273	454.9524	464.0455
DTDPGLUCDEHYDRAT2-MONOMER	54.0000	54.0000	53.3333	53.0000	53.0000	53.0000	53.0000	53.0000
DTDPGLUCOSEPP-MONOMER	486.0000	487.9048	493.6190	494.7727	500.0000	508.0455	513.1905	519.7727
DTDPGLUCOSEPP2-MONOMER	40.0000	40.0000	40.0000	40.0000	40.0000	40.0000	40.0000	40.0000
DTMPKI-MONOMER	1118.0000	1119.0476	1122.6667	1129.4545	1135.2381	1142.4545	1149.7619	1156.7727
DUTP-PYROP-MONOMER	821.0000	822.6190	827.9048	836.2727	849.1905	856.0000	863.5238	869.7727
DXPREDISOM-MONOMER	88.0000	88.0000	88.0000	88.0000	88.0000	88.0000	88.0000	88.0000
DXS-MONOMER	334.0000	335.8095	342.5714	348.0909	352.6190	357.1818	364.0000	369.4091
E1O-MONOMER	1051.0000	1052.1429	1055.9048	1058.7727	1062.6190	1067.9545	1070.3810	1073.6364
E1P-MONOMER	2872.0000	2879.1429	2888.5238	2896.5909	2907.5714	2925.2273	2943.6190	2962.6364
E2O-MONOMER	2610.0000	2614.5714	2627.2381	2634.2273	2640.6190	2646.0000	2652.4286	2659.6818
E2P-MONOMER	3158.0000	3167.0952	3179.7619	3190.4091	3203.3810	3213.6818	3226.2857	3240.8182
E3-MONOMER	7110.0000	7128.6190	7166.0952	7219.6364	7272.6667	7321.4091	7359.7143	7411.7727
EG10003-MONOMER	202.0000	201.8095	201.0000	201.0000	201.0000	201.0000	201.0000	201.0000
EG10004-MONOMER	217.0000	218.6190	221.1429	222.2273	223.3810	227.3636	231.5714	236.6818
EG10011-MONOMER	468.0000	468.0000	468.0000	468.0000	468.0000	469.0909	475.1429	478.6818
EG10013-MONOMER	104.0000	104.0000	104.0000	104.0000	104.0000	104.0000	104.0000	104.0000
EG10015-MONOMER	387.0000	387.6190	391.5238	397.1818	405.1905	411.9545	416.2381	420.5000
EG10018-MONOMER	17.0000	17.0000	17.0000	17.0000	17.0000	17.0000	17.0000	17.0000
EG10021-MONOMER	220.0000	220.0000	220.0000	220.0000	220.0000	220.0000	220.0000	220.0000
EG10037-MONOMER	28.0000	28.0000	28.0000	28.0000	28.0000	28.0000	28.0000	31.6818
EG10040-MONOMER	117.0000	117.0000	116.1905	116.0000	116.0000	115.9091	115.0000	115.0000
EG10041-MONOMER	128.0000	128.0000	128.0000	128.0000	128.0000	128.0000	128.0000	128.0000
EG10042-MONOMER	62.0000	62.0000	62.0000	62.0000	62.0000	62.0000	62.0000	62.0000
EG10043-MONOMER	281.0000	281.0000	281.0000	281.0000	281.0000	281.0000	280.7619	280.0000
EG10044-MONOMER	643.0000	641.9524	640.0952	638.5000	633.9524	631.3182	627.6190	625.8636
EG10047-MONOMER	24.0000	24.0000	24.2857	25.0000	25.0000	25.0000	25.0000	25.0000
EG10048-MONOMER	554.0000	554.0000	553.7619	556.2727	562.9048	566.3636	570.9524	574.5909
EG10083-MONOMER	77.0000	77.0000	77.0000	77.0000	77.0000	77.0000	77.0000	77.0000
EG10085-MONOMER	37.0000	37.0000	37.0000	37.0000	37.0000	37.0000	37.0000	37.0000
EG10087-MONOMER	29.0000	29.0000	29.0000	28.7727	28.0000	28.0000	28.0000	28.0000
EG10090-MONOMER	8.0000	8.0000	8.0000	8.0000	8.0000	8.0000	8.0000	8.0000
EG10106-MONOMER	22.0000	22.8095	23.0000	23.6364	24.9048	25.4091	26.0000	26.0455
EG10108-MONOMER	9912.0000	9933.4762	9975.7619	10028.0909	10087.6190	10162.9091	10236.2857	10310.6364
EG10113-MONOMER	132.0000	132.0000	132.0000	131.1364	130.0000	130.0000	130.0000	129.4091
EG10114-MONOMER	4.0000	4.0000	4.0000	4.0000	4.0000	4.0000	4.0000	4.0000
EG10116-MONOMER	3.0000	3.0000	3.0000	3.0000	3.0000	3.0000	3.0000	3.0000
EG10119-MONOMER	91.0000	93.5238	96.0000	99.7727	103.1429	105.2727	106.9524	108.0000
EG10122-MONOMER	90.0000	90.0000	90.0000	90.0000	90.0000	90.0000	90.0000	90.0000
EG10124-MONOMER	81.0000	81.0000	81.0000	81.0000	81.0000	81.0000	81.0000	81.0000
EG10125-MONOMER	887.0000	889.5714	892.6667	897.9091	907.5714	923.5000	936.2857	948.9091
EG10126-MONOMER	257.0000	261.6667	265.2857	267.8182	270.1905	270.8636	276.3333	280.6818
EG10136-MONOMER	88.0000	88.0000	88.0000	88.0000	88.0000	88.0000	88.0000	88.0000
EG10143-MONOMER	45.0000	45.0000	45.0000	45.0000	45.0000	45.0000	45.0000	45.0000
EG10144-MONOMER	44.0000	44.0000	44.0000	44.0000	44.0000	44.0000	44.0000	44.0000
EG10145-MONOMER	20.0000	20.0000	20.0000	20.0000	20.0000	20.0000	20.0000	20.0000
EG10153-MONOMER	211.0000	212.5238	213.5238	214.0000	214.0000	214.0000	214.0000	214.0000
EG10154-MONOMER	52.0000	52.1429	53.5238	54.0000	54.0000	54.0000	54.0000	54.0000
EG10155-MONOMER	6567.0000	6572.2381	6589.0000	6615.1818	6649.5238	6685.0909	6717.9524	6754.8636
EG10156-MONOMER	195.0000	195.0000	195.0000	195.0000	195.0000	195.0000	195.0000	194.9545
EG10158-MONOMER	906.0000	906.0000	906.0000	906.0000	907.0952	915.2273	920.6190	924.5909
EG10159-MONOMER	492.0000	493.8095	495.6190	497.0000	497.0000	497.5909	502.3810	507.7727
EG10167-MONOMER	167.0000	167.3333	170.0000	170.8636	175.3810	176.0000	176.0000	176.0000
EG10168-MONOMER	324.0000	324.0000	324.0000	324.0000	324.0000	324.0000	324.0000	324.0000
EG10169-MONOMER	144.0000	144.1429	145.1429	147.8182	148.0000	148.0000	148.0000	148.0000
EG10201-MONOMER	647.0000	648.5714	652.4286	658.3636	662.2381	670.3182	678.1429	686.5909
EG10202-MONOMER	103.0000	103.0000	103.0000	103.0000	103.0000	103.0000	103.0000	103.0000
EG10203-MONOMER	269.0000	269.0000	269.0000	269.0000	269.0000	269.0000	269.0000	269.0000
EG10204-MONOMER	54.0000	54.0000	54.0000	54.0000	54.0000	54.0000	54.0000	54.0000
EG10210-MONOMER	58.0000	58.0000	58.0000	58.0000	58.0000	58.0000	58.0000	58.0000
EG10211-MONOMER	76.0000	78.3333	81.8095	82.0000	84.8095	89.6818	90.7619	92.2273
EG10212-MONOMER	542.0000	542.0000	542.0000	541.7727	541.0000	541.0000	541.0000	541.0000
EG10215-MONOMER	317.0000	319.2381	323.6667	329.5909	334.6667	343.8636	356.1905	367.8182
EG10216-MONOMER	110.0000	110.0000	110.0000	110.0000	110.0000	110.0000	110.0000	109.5000
EG10218-MONOMER	132.0000	132.0000	132.0000	132.0000	132.0000	132.0000	132.0000	132.0000
EG10226-MONOMER	1083.0000	1083.0000	1083.0000	1085.6818	1091.0952	1094.0909	1097.2381	1102.0000
EG10227-MONOMER	5.0000	5.0000	5.0000	5.0000	5.0000	5.0000	5.0000	5.0000
EG10228-MONOMER	34.0000	34.0000	34.0000	34.0000	34.0000	34.0000	34.0000	34.0000
EG10229-MONOMER	64.0000	64.0000	64.0000	64.0000	64.0000	64.0000	64.0000	64.0000
EG10230-MONOMER	6512.0000	6513.3333	6521.5714	6527.9091	6532.8095	6544.0455	6553.9524	6560.5000
EG10236-MONOMER	1193.0000	1194.5238	1198.9524	1207.4545	1211.1905	1216.7273	1225.5714	1230.0000
EG10237-MONOMER	120.0000	120.8095	124.2857	127.6818	129.0952	132.0455	136.7143	140.1364
EG10238-MONOMER	571.0000	571.0000	571.0000	572.9545	574.1905	575.7727	576.0000	576.0909
EG10239-MONOMER	15.0000	15.0000	15.0000	15.0000	15.0000	15.0000	15.0000	15.0000
EG10240-MONOMER	473.0000	473.0000	473.0000	473.0000	473.0000	473.0000	474.8095	479.9091
EG10241-MONOMER	5239.0000	5250.4762	5281.1429	5315.4545	5359.1905	5401.4091	5439.6190	5476.5455
EG10242-MONOMER	316.0000	324.5238	344.5714	367.2273	396.0000	419.0909	434.8571	451.2727
EG10243-MONOMER	313.0000	313.0000	313.0000	315.0455	321.2381	334.7273	337.8571	339.0000
EG10244-MONOMER	152.0000	153.3810	158.9048	161.0000	167.0000	173.9091	176.7143	181.8182
EG10246-MONOMER	384.0000	384.3333	386.4286	388.0000	388.0000	390.3636	392.4286	394.9091
EG10252-MONOMER	6.0000	6.0000	6.0000	6.0000	6.0000	6.0000	6.0000	6.0000
EG10253-MONOMER	6.0000	6.0000	6.0000	6.0000	6.0000	6.0000	6.0000	6.0000
EG10255-MONOMER	190.0000	190.0000	190.0000	190.0000	190.0000	190.0000	190.0000	190.0000
EG10266-MONOMER	0.0000	0.0000	0.0000	0.0000	0.0000	0.0000	0.0000	0.0000
EG10270-MONOMER	367.0000	369.6190	371.1905	372.7727	375.5714	377.5455	380.5714	381.6364
EG10271-MONOMER	2576.0000	2580.6667	2591.7143	2608.0909	2628.7143	2651.4091	2668.6667	2682.7727
EG10272-MONOMER	1183.0000	1187.1429	1196.9048	1205.3182	1212.7619	1222.5455	1233.0476	1241.5909
EG10280-MONOMER	348.0000	348.0000	348.0000	348.0000	348.0000	348.0000	348.0000	348.0000
EG10284-MONOMER	137.0000	137.0000	137.0000	137.0000	137.0000	137.0000	137.0000	137.0000
EG10286-MONOMER	81.0000	81.8571	82.8095	84.5455	86.7619	89.7273	91.4286	92.3636
EG10292-MONOMER	951.0000	952.3333	955.7143	956.8182	958.0000	957.0909	956.0000	955.1818
EG10293-MONOMER	2487.0000	2492.5238	2497.4762	2501.3636	2504.5714	2505.0000	2505.0000	2505.0000
EG10297-MONOMER	1370.0000	1370.4286	1377.2381	1387.1818	1393.7619	1399.1364	1407.1429	1414.3636
EG10299-MONOMER	1241.0000	1244.5714	1251.5714	1259.1364	1271.0952	1284.8636	1293.5714	1299.3182
EG10300-MONOMER	622.0000	623.7619	625.0000	625.0000	625.4286	626.0000	626.0000	626.0000
EG10302-MONOMER	1151.0000	1151.4286	1153.6190	1158.7273	1164.0000	1173.9091	1183.5238	1196.3182
EG10306-MONOMER	898.0000	899.1429	907.3333	916.1818	921.7143	925.6364	935.3810	941.2273
EG10307-MONOMER	75.0000	75.0000	75.0000	75.0000	75.0000	75.0000	75.0000	75.0000
EG10308-MONOMER	23976.0000	24029.1905	24143.5238	24258.2727	24380.8571	24500.5455	24627.2381	24753.6818
EG10309-MONOMER	26.0000	26.0000	26.0000	26.0000	26.0000	26.0000	26.0000	26.0000
EG10310-MONOMER	219.0000	219.0000	219.0000	219.0000	218.0000	218.0000	218.0000	218.0000
EG10311-MONOMER	24.0000	24.8095	25.0000	25.0000	25.0000	25.0000	25.0000	25.0000
EG10312-MONOMER	5.0000	5.0000	5.0000	5.0000	5.0000	5.0000	5.0000	5.0000
EG10313-MONOMER	94.0000	94.0000	94.0000	94.0000	94.0000	94.0000	94.0000	94.0000
EG10314-MONOMER	113.0000	113.0000	113.0000	113.0000	113.0000	113.0000	113.0000	113.0000
EG10315-MONOMER	134.0000	134.0000	134.0000	134.0000	134.0000	134.0000	134.0000	134.0000
EG10320-MONOMER	1365.0000	1370.0000	1377.1429	1378.0000	1378.0000	1378.0000	1378.0000	1378.0000
EG10321-MONOMER	5274.0000	5244.9524	5182.0000	5172.7727	5168.0000	5209.3182	5222.7619	5221.9545
EG10322-MONOMER	757.0000	758.2381	763.8571	768.6364	771.9524	776.2273	780.3333	783.5455
EG10329-MONOMER	26.0000	26.0000	26.0000	26.0000	26.0000	26.0000	26.0000	26.0000
EG10335-MONOMER	3692.0000	3700.1429	3725.0952	3746.6364	3778.0952	3822.0000	3872.7619	3926.9545
EG10339-MONOMER	72.0000	72.0000	72.0000	72.0000	72.0000	72.0000	72.0000	72.0000
EG10341-MONOMER	29.0000	29.0000	29.0000	29.0000	29.0000	29.0000	29.0000	29.0000
EG10342-MONOMER	50.0000	50.0000	50.0000	50.0000	50.3810	51.0000	51.4762	52.0000
EG10343-MONOMER	212.0000	212.0000	212.0000	212.0000	212.0000	212.0000	212.0000	212.0000
EG10344-MONOMER	40.0000	40.0000	40.0000	40.0000	40.0000	40.0000	40.0000	40.0000
EG10346-MONOMER	233.0000	233.0000	233.0000	233.0000	233.0000	233.0000	233.0000	233.0000
EG10347-MONOMER	1037.0000	1044.0952	1054.1905	1069.6818	1090.7619	1118.1818	1136.9048	1154.6818
EG10355-MONOMER	375.0000	379.4286	384.6190	392.8636	400.9524	416.0000	425.7143	439.4091
EG10360-MONOMER	14409.0000	14446.0476	14522.7619	14627.8636	14718.6190	14796.9545	14891.3333	14972.5909
EG10370-MONOMER	434.0000	436.8571	441.9048	444.9091	447.3333	447.2727	450.2381	451.4091
EG10373-MONOMER	37.0000	37.0000	37.0000	37.0000	37.0000	36.1364	38.9524	44.2727
EG10374-MONOMER	29.0000	29.0000	29.0000	29.0000	29.0000	29.0000	29.0000	29.0000
EG10375-MONOMER	104.0000	104.0000	104.0000	104.0000	104.0000	104.0000	104.0000	104.0000
EG10376-MONOMER	243.0000	243.0000	243.0000	243.0000	243.0000	243.0000	243.0000	243.0000
EG10381-MONOMER	67.0000	67.0000	67.5238	70.0909	71.0000	71.0000	71.5714	73.0000
EG10395-MONOMER	266.0000	266.0000	266.0000	266.0000	266.0000	266.0000	266.0000	266.0000
EG10397-MONOMER	190.0000	190.0000	190.0000	190.0000	190.0000	190.0000	190.0000	190.0000
EG10415-MONOMER	1081.0000	1086.0476	1093.6667	1099.3636	1102.0476	1101.0000	1099.7143	1098.5455
EG10416-MONOMER	7065.0000	7091.7143	7148.8571	7214.9091	7284.9524	7333.9545	7387.4762	7464.2727
EG10423-MONOMER	910.0000	910.5238	912.4286	916.0000	917.7143	918.8182	917.8571	917.0000
EG10424-MONOMER	199.0000	199.0000	199.0000	199.0000	199.0000	199.0000	199.0000	199.0000
EG10426-MONOMER	92.0000	92.0000	92.0000	92.0000	92.0000	92.0000	92.0000	92.0000
EG10434-MONOMER	211.0000	211.0000	211.0000	210.5455	210.0000	210.0000	210.0000	210.0000
EG10435-MONOMER	1140.0000	1141.6190	1144.7619	1152.9091	1161.9524	1169.7273	1178.3333	1182.2273
EG10436-MONOMER	1285.0000	1287.6190	1293.4762	1297.9091	1304.2857	1312.2273	1320.5238	1325.4091
EG10437-MONOMER	272.0000	272.0000	272.7619	275.0000	275.8095	277.0000	278.6190	279.3182
EG10438-MONOMER	4014.0000	4036.0000	4077.7143	4116.8182	4156.2857	4206.1364	4261.4286	4309.3182
EG10439-MONOMER	2354.0000	2356.8571	2367.0000	2388.7727	2414.4762	2437.5455	2458.7143	2475.0909
EG10442-MONOMER	83.0000	83.0000	83.0000	83.0000	83.0000	83.0000	83.0000	83.0000
EG10443-MONOMER	60.0000	60.0000	60.0000	60.0000	60.0000	60.0000	60.0000	60.0000
EG10454-MONOMER	141.0000	141.0000	141.0000	141.0000	141.0000	141.0000	141.0000	141.0000
EG10455-MONOMER	8708.0000	8722.6190	8755.9524	8800.0000	8847.8095	8885.2273	8919.0476	8958.2273
EG10456-MONOMER	235.0000	235.0000	235.0000	235.0000	235.0000	235.0000	235.0000	235.0000
EG10458-MONOMER	229.0000	229.0000	229.0000	228.7727	234.9524	239.3182	246.9524	251.0455
EG10459-MONOMER	116.0000	116.0000	116.2857	120.5455	122.7619	124.5000	130.0000	134.5909
EG10460-MONOMER	152.0000	152.0000	152.0000	152.0000	152.0000	152.6818	159.2381	165.8636
EG10461-MONOMER	1486.0000	1486.9524	1487.0000	1487.0000	1487.0000	1487.8636	1488.0000	1488.0000
EG10462-MONOMER	650.0000	649.4286	649.1905	652.3182	653.0000	653.0000	653.0000	653.0000
EG10463-MONOMER	1077.0000	1080.5238	1085.0000	1085.0000	1085.0000	1085.0000	1085.0000	1085.0000
EG10466-MONOMER	48666.0000	48764.6667	48978.4286	49223.7727	49494.7143	49773.4545	50060.0952	50344.9545
EG10467-MONOMER	22255.0000	22298.0000	22389.2857	22483.0909	22587.8095	22683.8636	22779.2381	22885.1818
EG10471-MONOMER	9.0000	9.0000	9.0000	9.0000	9.0000	9.0000	9.0000	9.0000
EG10472-MONOMER	9.0000	9.0000	9.0000	9.0000	9.0000	9.0000	9.0000	9.0000
EG10473-MONOMER	7.0000	7.0000	7.0000	7.0000	7.0000	7.0000	7.0000	7.0000
EG10474-MONOMER	23.0000	23.0000	23.0000	23.0000	23.0000	23.0000	23.0000	23.0000
EG10481-MONOMER	20.0000	20.0000	20.0000	20.0000	20.0000	20.0000	20.0000	20.0000
EG10483-MONOMER	11.0000	11.0000	11.0000	11.0000	11.0000	11.0000	11.0000	11.0000
EG10484-MONOMER	37.0000	37.0000	37.0000	37.0000	37.0000	37.0000	37.0000	37.0000
EG10485-MONOMER	43.0000	43.0000	43.0000	43.0000	43.0000	43.0000	43.0000	43.0000
EG10486-MONOMER	40.0000	40.0000	40.0000	40.0000	40.0000	40.0000	40.0000	40.0000
EG10487-MONOMER	29.0000	29.0000	29.0000	29.0000	29.0000	29.0000	29.0000	29.0000
EG10488-MONOMER	46.0000	46.0000	46.0000	46.0000	46.0000	46.0000	46.0000	46.0000
EG10490-MONOMER	141.0000	143.7619	147.7619	150.2727	155.7619	163.8636	164.5714	170.3636
EG10504-MONOMER	11343.0000	11361.1429	11417.1905	11480.3636	11539.2381	11589.2273	11629.1905	11686.4545
EG10506-MONOMER	3644.0000	3651.0476	3667.5238	3680.0909	3694.3810	3707.6364	3732.1429	3745.6364
EG10507-MONOMER	20.0000	20.0000	20.0000	20.0000	20.0000	20.0000	20.0000	20.0000
EG10513-MONOMER	10.0000	10.0000	10.0000	10.0000	10.0000	10.0000	10.0000	10.0000
EG10515-MONOMER	9.0000	9.0000	9.0000	9.0000	9.0000	9.0000	9.0000	9.0000
EG10523-MONOMER	726.0000	726.8095	732.2857	737.1818	740.6667	751.2727	763.1429	770.0000
EG10528-MONOMER	140.0000	140.0000	140.0000	140.0000	140.0000	140.0000	140.0000	140.0000
EG10529-MONOMER	820.0000	820.0000	820.0000	820.0000	820.0000	820.0000	820.0000	820.0000
EG10530-MONOMER	165.0000	165.0000	165.0000	165.0000	164.5714	164.0000	164.0000	164.0000
EG10534-MONOMER	123.0000	123.0000	123.0000	123.0000	123.0000	123.0000	122.1905	122.0000
EG10535-MONOMER	50.0000	50.0000	50.0000	50.0000	50.0000	50.0000	50.0000	50.0000
EG10542-MONOMER	602.0000	604.1429	610.8571	614.4091	618.7619	623.5909	626.8095	631.0000
EG10544-MONOMER	197228.0000	197642.7143	198568.4762	199602.0455	200697.2381	201721.4545	202710.7143	203810.0455
EG10548-MONOMER	140.0000	140.3810	141.7619	142.9545	143.0000	143.0000	143.0000	143.0000
EG10559-MONOMER	136.0000	136.0000	136.0000	136.0000	136.0000	136.0000	136.0000	136.0000
EG10564-MONOMER	74.0000	74.0000	74.0000	74.0000	74.0000	74.0000	74.0000	74.0000
EG10570-MONOMER	2420.0000	2422.3333	2426.9524	2431.0455	2438.5238	2443.4545	2451.2381	2466.1818
EG10571-MONOMER	375.0000	375.1429	380.6190	391.2727	396.0952	401.0455	403.7143	407.7273
EG10572-MONOMER	175.0000	175.0000	175.0000	180.1364	185.3333	191.1364	196.6667	201.1818
EG10573-MONOMER	37.0000	37.0000	37.0000	37.0000	37.0000	37.0000	37.0000	37.0000
EG10575-MONOMER	84.0000	84.0000	84.0000	84.0000	84.0000	84.0000	84.0000	84.0000
EG10580-MONOMER	314.0000	314.0000	314.0000	314.0000	314.0000	314.0000	314.0000	314.0000
EG10595-MONOMER	62.0000	63.0000	64.3810	66.5000	68.2857	69.0909	70.0000	70.4091
EG10596-MONOMER	387.0000	388.8095	393.6667	399.1818	402.5238	406.4545	412.5238	414.0455
EG10597-MONOMER	1372.0000	1374.5714	1383.4762	1397.7273	1414.9524	1431.9091	1444.9524	1449.0909
EG10598-MONOMER	1008.0000	1011.6667	1021.1429	1033.0455	1045.5238	1057.8182	1061.4762	1067.2273
EG10599-MONOMER	4973.0000	4984.2857	5014.1905	5050.5455	5083.9048	5114.9545	5138.9048	5169.8636
EG10600-MONOMER	4830.0000	4848.8095	4892.9048	4935.2273	4977.7619	5000.9545	5031.9524	5068.9545
EG10603-MONOMER	2008.0000	2008.0000	2008.0000	2008.0000	2008.0000	2008.0000	2009.1429	2019.7727
EG10606-MONOMER	87.0000	88.6190	89.2381	90.0000	90.0000	90.0000	90.0000	90.0000
EG10607-MONOMER	135.0000	135.0000	136.8095	138.2273	139.0000	138.0909	138.0000	138.0000
EG10608-MONOMER	1435.0000	1435.0952	1436.0000	1436.0000	1436.8571	1438.2727	1444.0952	1450.4545
EG10609-MONOMER	62.0000	62.0476	63.0000	63.0000	63.0000	63.0000	63.6667	64.5909
EG10610-MONOMER	52.0000	52.7619	53.0000	53.0000	53.0000	53.0000	53.0000	53.2273
EG10611-MONOMER	460.0000	459.0952	459.0000	459.0000	458.1905	456.3636	455.6667	454.6818
EG10612-MONOMER	51.0000	50.0952	50.0000	50.0000	50.0000	49.3636	49.0000	49.0000
EG10613-MONOMER	69.0000	69.0000	69.0000	69.0000	69.0000	69.0000	69.0000	69.0000
EG10618-MONOMER	195.0000	195.0000	195.0000	195.0000	195.0000	195.0000	195.0000	195.0000
EG10624-MONOMER	25.0000	25.0000	25.0000	25.0000	25.0000	25.0000	25.0000	25.0000
EG10625-MONOMER	125.0000	125.0000	125.0000	125.0000	125.0000	125.0000	125.0000	125.0000
EG10626-MONOMER	107.0000	107.0000	107.0000	107.0000	107.0000	107.0000	107.0000	107.0000
EG10627-MONOMER	77.0000	77.0000	77.0000	77.0000	77.0000	77.0000	77.0000	76.2273
EG10634-MONOMER	787.0000	787.0000	787.0000	787.0000	787.0000	787.0000	786.6190	786.0000
EG10651-MONOMER	356.0000	355.0952	355.0000	354.3636	354.0000	353.0455	350.9524	348.2727
EG10656-MONOMER	141.0000	141.0000	141.0000	141.0000	141.0000	141.0000	141.0000	141.0000
EG10657-MONOMER	733.0000	734.9048	737.7619	743.5909	747.4762	752.5455	756.3333	760.9545
EG10658-MONOMER	783.0000	784.8095	788.6190	789.7727	791.5238	794.5000	796.5238	798.0000
EG10662-MONOMER	126.0000	126.9524	130.6190	134.3182	137.2857	140.0000	140.0000	140.0000
EG10665-MONOMER	802.0000	806.1905	812.0476	820.8182	832.5714	838.9091	848.0476	858.1818
EG10666-MONOMER	1990.0000	2001.0476	2031.1429	2057.1364	2078.3810	2095.6364	2117.7619	2142.6818
EG10667-MONOMER	1975.0000	1979.0476	1985.4762	2007.2727	2032.9048	2054.4545	2079.0952	2103.9091
EG10668-MONOMER	21.0000	21.0000	21.0000	21.0000	21.0000	21.0000	21.0000	21.0000
EG10669-MONOMER	65429.0000	65552.6190	65857.4286	66212.0000	66599.8095	66990.8636	67408.0476	67865.4091
EG10670-MONOMER	1386.0000	1386.0000	1386.0000	1386.0000	1386.0000	1386.0000	1386.0000	1386.0000
EG10671-MONOMER	63017.0000	63272.7619	63866.6667	64462.0909	65086.7143	65731.5909	66412.4762	67101.0909
EG10673-MONOMER	36133.0000	36230.2857	36431.8571	36641.7727	36870.0952	37055.5000	37208.9524	37376.7273
EG10679-MONOMER	104.0000	104.0000	104.0000	104.0000	104.0000	104.0000	104.0000	104.0000
EG10680-MONOMER	1030.0000	1032.4286	1035.6190	1038.5000	1041.3333	1046.3636	1049.1429	1051.3182
EG10684-MONOMER	18223.0000	18256.9524	18324.3810	18407.8182	18506.6667	18607.5455	18716.4762	18839.8636
EG10686-MONOMER	173.0000	173.0000	173.0000	173.0000	173.0000	173.0000	173.8095	176.0000
EG10687-MONOMER	312.0000	318.1905	329.5714	332.5000	333.0000	332.3182	331.3810	331.9545
EG10689-MONOMER	132.0000	132.0000	132.0000	132.0000	132.0000	132.0000	132.0000	132.0000
EG10690-MONOMER	229.0000	229.6190	232.1905	234.7273	237.3333	239.2273	241.9524	245.8182
EG10694-MONOMER	477.0000	480.7619	485.9524	489.6364	491.6190	493.7273	496.0952	499.7727
EG10695-MONOMER	1759.0000	1768.1429	1783.7143	1803.7273	1827.2857	1838.3636	1846.1429	1853.7727
EG10696-MONOMER	654.0000	655.4762	661.0952	671.2273	678.1905	679.0000	679.0000	678.2273
EG10697-MONOMER	309.0000	312.6190	318.5714	321.1364	326.5238	332.2727	333.4286	336.1364
EG10698-MONOMER	988.0000	990.6667	999.0952	1003.0000	1003.0000	1003.0000	1003.0000	1003.0000
EG10711-MONOMER	783.0000	789.5714	812.9524	843.5909	860.5238	886.5455	905.1905	928.1818
EG10712-MONOMER	78.0000	78.0000	78.0000	78.0000	78.0000	78.0000	78.0000	78.0000
EG10715-MONOMER	7.0000	7.0000	7.0000	7.0000	7.0000	7.0000	7.0000	7.0000
EG10716-MONOMER	7.0000	7.0000	7.0000	7.0000	7.0000	7.0000	7.0000	7.0000
EG10717-MONOMER	8.0000	8.0000	8.0000	8.0000	8.0000	8.0000	8.0000	8.0000
EG10718-MONOMER	1.0000	1.0000	1.0000	1.0000	1.0000	1.0000	1.0000	1.0000
EG10719-MONOMER	6.0000	6.0000	6.0000	6.0000	6.0000	6.0000	6.0000	6.0000
EG10722-MONOMER	15.0000	15.0000	15.0000	15.0000	15.0000	15.0000	15.0000	15.0000
EG10723-MONOMER	17.0000	17.0000	17.0000	17.0000	17.0000	17.0000	17.0000	17.0000
EG10724-MONOMER	21.0000	21.0000	21.0000	21.0000	21.0000	21.0000	21.0000	21.0000
EG10725-MONOMER	14.0000	14.0000	14.0000	14.0000	14.0000	14.0000	14.0000	14.0000
EG10735-MONOMER	185.0000	185.0000	185.0000	185.0000	185.0000	185.0000	185.0000	185.0000
EG10736-MONOMER	16.0000	16.0000	16.0000	16.0000	16.0000	16.0000	16.0000	16.0000
EG10737-MONOMER	2.0000	2.0000	2.0000	2.0000	2.0000	2.0000	2.0000	2.0000
EG10739-MONOMER	26.0000	26.0000	26.0000	26.0000	26.0000	26.0000	26.0000	26.0000
EG10741-MONOMER	506.0000	506.0000	506.0000	506.0000	506.0000	506.0000	506.0000	506.0000
EG10743-MONOMER	2442.0000	2442.0000	2442.0000	2442.1818	2448.6190	2464.1818	2481.0476	2499.5000
EG10746-MONOMER	457.0000	460.1429	466.4286	473.5909	476.0000	476.0000	475.7619	475.0000
EG10747-MONOMER	2.0000	2.0000	2.0000	2.0000	2.0000	2.0000	2.0000	2.0000
EG10748-MONOMER	41.0000	41.0000	41.0000	41.0000	41.0000	41.0000	41.0000	41.0000
EG10757-MONOMER	1131.0000	1130.6190	1134.0000	1142.1818	1148.2857	1155.8182	1167.9048	1176.6818
EG10758-MONOMER	8720.0000	8741.4762	8790.1905	8836.2273	8880.6667	8938.9545	9004.7143	9057.2727
EG10760-MONOMER	848.0000	848.1429	850.5238	856.6818	865.5238	872.1818	873.8571	875.5909
EG10761-MONOMER	181.0000	181.0000	181.0000	182.1364	184.9524	190.2273	197.0952	201.0000
EG10762-MONOMER	2001.0000	2007.3333	2015.1429	2022.5455	2027.9524	2045.9091	2066.0952	2077.1818
EG10763-MONOMER	28.0000	28.0000	28.0000	28.0000	28.0000	28.0000	28.0000	28.0000
EG10764-MONOMER	583.0000	583.6190	586.2381	588.6364	589.3810	590.8182	593.6667	596.9545
EG10765-MONOMER	2.0000	2.0000	2.0000	1.5000	1.0000	1.0000	1.0000	1.0000
EG10776-MONOMER	366.0000	365.2381	364.9524	363.7727	363.0000	363.0000	363.0000	363.0000
EG10777-MONOMER	134.0000	134.0000	134.0000	134.0000	134.0000	134.0000	134.0000	134.0000
EG10778-MONOMER	155.0000	155.0000	155.0000	155.0000	155.0000	155.0000	155.0000	155.0000
EG10779-MONOMER	127.0000	127.0000	127.0000	127.0000	127.0000	127.0000	127.0000	127.0000
EG10780-MONOMER	490.0000	488.4762	485.0952	490.5455	503.9524	519.1364	530.3333	530.0000
EG10785-MONOMER	200.0000	203.5238	211.4762	217.5000	224.5714	230.2273	232.9048	239.3182
EG10786-MONOMER	26.0000	26.0000	26.0000	26.0000	26.0000	26.0000	26.0000	26.0000
EG10812-MONOMER	189.0000	189.0000	189.0000	189.0000	189.0000	189.0000	188.7143	188.0000
EG10813-MONOMER	9.0000	9.0000	9.0000	9.0000	9.0000	9.0000	9.0000	9.0000
EG10817-MONOMER	53.0000	53.7143	54.0000	54.0000	54.0000	54.0000	54.0000	55.0000
EG10823-MONOMER	258.0000	258.0000	260.5714	268.2727	277.5714	289.1818	295.5714	306.4545
EG10824-MONOMER	17.0000	17.0000	17.0000	17.0000	17.0000	17.0000	17.0000	17.0000
EG10825-MONOMER	36.0000	36.0000	36.0000	36.0000	36.0000	36.0000	36.0000	36.0000
EG10826-MONOMER	10.0000	10.0000	10.0000	10.0000	10.0000	10.0000	10.0000	10.0000
EG10827-MONOMER	12.0000	12.0000	12.0000	12.0000	12.0000	12.0000	12.0000	12.0000
EG10828-MONOMER	42.0000	42.0000	42.8571	43.1364	44.0952	46.5000	48.0000	50.4545
EG10829-MONOMER	73.0000	73.0000	73.9048	74.0000	74.0000	74.0000	74.0000	74.0000
EG10830-MONOMER	75.0000	75.0000	75.0000	75.0000	75.0000	75.0000	75.0000	75.0000
EG10831-MONOMER	18.0000	18.0000	18.0000	18.0000	18.0000	18.0000	18.0000	18.0000
EG10832-MONOMER	8.0000	8.0000	8.0000	8.0000	8.0000	8.0000	8.0000	8.0000
EG10833-MONOMER	19.0000	19.0000	19.0000	19.0000	19.0000	19.0000	19.0000	19.0000
EG10834-MONOMER	299.0000	299.0000	300.3333	302.8182	303.8571	304.0000	303.6667	304.0000
EG10836-MONOMER	337.0000	337.0000	337.0000	337.0000	337.0000	337.0000	337.0000	337.0000
EG10837-MONOMER	76.0000	76.0000	76.0000	76.0000	76.0000	76.0000	76.0000	76.0000
EG10838-MONOMER	1271.0000	1271.8571	1277.4286	1284.5000	1290.3333	1297.7727	1304.9524	1314.3636
EG10839-MONOMER	92.0000	92.0000	92.0000	92.0000	92.0000	92.0000	92.0000	92.0000
EG10841-MONOMER	2050.0000	2054.3333	2067.6190	2078.5455	2086.2857	2098.4545	2126.6667	2145.9545
EG10844-MONOMER	1282.0000	1283.1429	1287.5714	1291.0909	1293.6667	1295.7273	1297.0000	1297.0000
EG10845-MONOMER	2651.0000	2653.6190	2656.4762	2663.9091	2671.7143	2678.7727	2688.1905	2696.6364
EG10846-MONOMER	16.0000	16.0000	16.0000	16.0000	16.0000	16.0000	16.0000	16.0000
EG10847-MONOMER	16.0000	16.0000	16.0000	16.0000	16.0000	16.0000	16.0000	16.0000
EG10848-MONOMER	20.0000	20.0000	20.0000	20.0000	20.0000	20.0000	20.0000	20.0000
EG10849-MONOMER	2.0000	2.0000	2.0000	2.0000	2.0000	2.0000	2.0000	2.0000
EG10850-MONOMER	115.0000	115.0000	115.0000	115.0000	115.0000	115.0000	115.0000	115.0000
EG10851-MONOMER	206.0000	206.0000	206.2857	208.4091	211.5238	215.4091	217.0000	217.0000
EG10852-MONOMER	26.0000	26.0000	26.0000	26.0000	26.0000	26.0000	26.0000	26.0000
EG10853-MONOMER	108.0000	108.0000	108.0000	108.0000	108.0000	108.0000	108.0000	108.0000
EG10854-MONOMER	213.0000	213.0000	213.0000	213.5909	214.0000	214.0000	213.4286	212.5909
EG10855-MONOMER	285.0000	285.0000	285.4286	286.0000	286.0000	286.0000	286.0000	286.0000
EG10856-MONOMER	756.0000	756.0000	756.0000	760.0000	762.0000	762.0000	762.0000	762.0000
EG10857-MONOMER	608.0000	609.9524	613.2381	617.5909	622.8571	626.9091	632.0476	636.7727
EG10858-MONOMER	150.0000	150.0000	150.0000	150.0000	150.0000	150.0000	150.0000	148.5455
EG10859-MONOMER	969.0000	970.9524	973.9524	977.9545	984.9524	989.8636	995.2381	1001.0000
EG10860-MONOMER	265.0000	265.0000	265.0000	267.0909	271.5238	278.7273	284.6190	291.6818
EG10861-MONOMER	1170.0000	1171.2857	1172.8571	1173.6364	1177.5238	1181.9091	1186.8095	1191.0455
EG10862-MONOMER	192.0000	192.3333	193.4762	194.0000	194.2381	195.8636	197.5714	198.1818
EG10863-MONOMER	439.0000	441.5714	454.7143	466.3636	475.4286	480.0000	488.1429	498.0000
EG10864-MONOMER	12694.0000	24877.5238	25564.0476	25664.3182	25771.1429	25869.3182	25989.5714	26116.8182
EG10865-MONOMER	15790.0000	27994.7143	28753.6190	28942.5909	29143.3333	29327.8182	29532.6190	29751.1364
EG10866-MONOMER	15271.0000	27483.9048	28267.6667	28449.8182	28645.1429	28851.5909	29063.8095	29276.3182
EG10867-MONOMER	16852.0000	29069.4286	29849.0000	30041.8636	30229.6667	30428.0455	30641.3333	30871.1364
EG10868-MONOMER	18036.0000	30225.5714	30972.6190	31140.5000	31309.0000	31478.4091	31649.9048	31829.7273
EG10869-MONOMER	19356.0000	31567.8571	32338.8571	32524.0455	32702.2857	32861.3636	33034.5714	33222.2727
EG10870-MONOMER	18771.0000	30957.1905	31680.1905	31796.7273	31908.1429	32028.3636	32165.5238	32361.3182
EG10871-MONOMER	9729.0000	21907.9524	22606.5238	22692.5000	22779.7143	22854.0909	22945.8095	23048.0455
EG10872-MONOMER	9257.0000	21437.4762	22138.6667	22233.7273	22320.8095	22403.6364	22503.7143	22625.6364
EG10873-MONOMER	50344.0000	99050.7619	101799.3810	102128.7273	102472.6667	102835.6364	103165.9048	103568.6364
EG10874-MONOMER	9485.0000	21657.8571	22351.4286	22462.3182	22570.2857	22675.0000	22802.0000	22938.3182
EG10875-MONOMER	14148.0000	26351.7143	27121.1905	27302.4091	27445.2381	27597.9545	27781.4286	27972.1364
EG10876-MONOMER	20466.0000	32673.5714	33436.6190	33575.4545	33723.4762	33907.8636	34084.4286	34261.6364
EG10877-MONOMER	22971.0000	35181.3333	35959.6190	36157.4545	36337.6667	36564.1818	36757.2381	36984.5909
EG10878-MONOMER	14178.0000	26371.1429	27104.5714	27209.5455	27325.3333	27438.2727	27566.1429	27708.8636
EG10879-MONOMER	17347.0000	29553.5238	30325.3810	30484.0000	30639.7143	30823.8636	30982.1905	31154.5909
EG10880-MONOMER	9325.0000	21511.3333	22225.0476	22359.0909	22509.7143	22674.8182	22808.8571	22943.4545
EG10881-MONOMER	9257.0000	21449.6667	22176.9048	22296.4545	22430.5714	22564.2727	22679.6667	22810.2727
EG10882-MONOMER	14822.0000	27035.6667	27789.4286	27948.3636	28117.9048	28315.2273	28515.5714	28716.5000
EG10883-MONOMER	13468.0000	25676.2857	26444.4762	26616.2273	26802.4762	26983.1818	27181.2857	27375.9545
EG10884-MONOMER	9547.0000	21741.1905	22464.5714	22589.5000	22719.8095	22839.9545	22948.0000	23071.9091
EG10885-MONOMER	9463.0000	21676.6190	22460.0000	22668.9091	22848.8571	23016.7273	23201.7143	23396.2727
EG10886-MONOMER	17091.0000	29310.6667	30086.8095	30245.5000	30405.1429	30599.9091	30812.2857	31028.9545
EG10887-MONOMER	22772.0000	34995.1429	35788.3810	35950.0455	36107.9524	36289.1818	36499.4762	36715.6818
EG10888-MONOMER	23770.0000	35992.1905	36757.1905	36937.6364	37118.2381	37287.6818	37466.9524	37645.6364
EG10889-MONOMER	9580.0000	21764.9524	22457.5714	22580.6818	22706.1905	22833.5000	22971.7143	23089.5455
EG10890-MONOMER	28954.0000	41191.2381	42023.8095	42262.6364	42460.4762	42695.2727	42924.5238	43148.0455
EG10891-MONOMER	9675.0000	21887.8095	22623.7619	22754.9545	22878.6667	23017.5000	23162.3810	23309.2273
EG10892-MONOMER	9531.0000	21721.4286	22446.2381	22588.5455	22757.6667	22957.9545	23128.7619	23318.2727
EG10893-MONOMER	7779.0000	9163.5714	9273.9048	9313.1818	9350.1905	9400.3636	9451.2857	9497.4091
EG10899-MONOMER	2442.0000	2450.0000	2470.8571	2484.0909	2489.6190	2500.7273	2518.7619	2530.5455
EG10900-MONOMER	9156.0000	21340.4286	22044.2857	22148.1818	22260.8095	22381.7273	22500.6667	22634.5455
EG10901-MONOMER	9396.0000	21588.0476	22305.6667	22442.2727	22590.0952	22747.5455	22918.9048	23113.8182
EG10902-MONOMER	14306.0000	26507.0476	27250.9048	27384.1364	27581.6667	27776.4545	27990.1429	28177.0455
EG10903-MONOMER	12388.0000	24590.3333	25316.3333	25451.6818	25582.7143	25709.3636	25844.2381	25977.9545
EG10904-MONOMER	16986.0000	29195.3333	29929.8095	30070.4091	30237.4762	30384.5455	30544.2381	30723.7727
EG10905-MONOMER	30183.0000	42414.0000	43198.6667	43356.4091	43534.2381	43730.8636	43984.4762	44247.7273
EG10906-MONOMER	15495.0000	27714.9524	28503.1905	28720.0909	28927.8095	29140.4091	29328.8571	29533.0455
EG10907-MONOMER	20062.0000	32265.9048	33023.8571	33209.7273	33382.6667	33551.4091	33741.9048	33946.6818
EG10908-MONOMER	9430.0000	21613.8571	22306.1429	22391.5455	22501.1429	22599.1818	22713.0476	22843.4545
EG10909-MONOMER	17689.0000	29929.7143	30740.2857	30951.3636	31196.5238	31420.3636	31690.1905	31975.2727
EG10910-MONOMER	9468.0000	21663.0000	22370.0476	22481.1364	22604.6190	22728.2727	22866.6190	23009.0909
EG10911-MONOMER	9379.0000	21603.3333	22381.2381	22579.7273	22753.9048	22956.7727	23159.7619	23345.4091
EG10912-MONOMER	5449.0000	17643.6190	18352.5238	18455.3182	18551.2857	18666.8636	18784.0000	18915.0000
EG10913-MONOMER	26243.0000	38470.0476	39252.2857	39439.5909	39646.4286	39854.5909	40063.7143	40282.0000
EG10914-MONOMER	9175.0000	21392.0952	22185.9048	22406.2273	22645.2857	22934.1364	23207.5238	23540.6818
EG10915-MONOMER	12766.0000	24970.0000	25712.5714	25846.0455	26000.6667	26154.2727	26305.1905	26461.3182
EG10916-MONOMER	9577.0000	21778.3810	22514.8095	22648.9545	22791.3333	22932.8182	23059.2381	23206.2727
EG10917-MONOMER	44130.0000	56366.5714	57180.8095	57367.9545	57571.7143	57815.1818	58101.4286	58437.0000
EG10918-MONOMER	13507.0000	25701.9048	26448.1429	26631.4091	26831.0476	27031.3636	27216.2381	27412.5909
EG10919-MONOMER	9516.0000	21706.5714	22424.1429	22512.5000	22612.3810	22727.1818	22872.5238	23039.2273
EG10920-MONOMER	42969.0000	55254.0952	56114.7143	56398.3182	56719.7619	57091.6818	57407.6667	57774.3182
EG10921-MONOMER	424.0000	424.0000	424.0952	432.5909	445.6190	465.1364	487.9524	499.8182
EG10923-MONOMER	47.0000	47.0000	47.0000	47.0000	47.0000	47.0000	47.0000	47.0000
EG10924-MONOMER	34.0000	34.0000	34.0000	34.0000	34.0000	34.0000	34.0000	34.0000
EG10925-MONOMER	79.0000	80.6667	83.0000	83.5455	84.4286	86.5000	87.0000	87.6364
EG10926-MONOMER	128.0000	128.0000	128.0000	128.0000	128.0000	127.2273	127.0000	127.0000
EG10927-MONOMER	44.0000	44.0000	44.0000	44.0000	44.0000	44.0000	44.0000	44.0000
EG10941-MONOMER	130.0000	130.4286	131.7619	135.2727	140.1905	141.5000	144.4762	145.5909
EG10942-MONOMER	186.0000	186.6190	190.5238	195.1818	198.3333	203.6364	210.6190	216.9091
EG10943-MONOMER	452.0000	455.8095	462.5238	465.2273	468.0000	468.0000	468.0000	468.0000
EG10949-MONOMER	193.0000	193.0000	193.0000	192.8182	192.0000	192.0000	191.1429	190.0000
EG10950-MONOMER	103.0000	103.0000	103.0000	103.0000	103.0000	103.0000	103.0000	103.0000
EG10951-MONOMER	12.0000	12.0000	12.0000	12.0000	12.0000	12.0000	12.0000	12.0000
EG10952-MONOMER	1564.0000	1564.0000	1564.7619	1568.8636	1575.1905	1582.7727	1591.0952	1603.9545
EG10955-MONOMER	192.0000	192.0000	192.0000	192.0000	192.4762	195.6818	199.5714	210.0455
EG10956-MONOMER	453.0000	454.1429	457.0000	462.0909	468.4762	476.1818	483.0000	486.6818
EG10967-MONOMER	111.0000	111.4762	113.5714	114.0000	114.0000	114.0000	114.0000	114.0000
EG10968-MONOMER	186.0000	186.0000	186.0000	186.0000	186.0000	186.0000	186.0000	186.0000
EG10973-MONOMER	77.0000	77.0000	77.0000	77.0000	77.0000	77.0000	77.0000	77.0000
EG10975-MONOMER	419.0000	418.9524	417.9048	416.0455	416.0000	416.0000	416.0000	416.0000
EG10976-MONOMER	497.0000	497.0000	497.0000	497.0000	497.0000	497.0000	497.0000	497.0000
EG10977-MONOMER	1251.0000	1248.4286	1246.1905	1246.0000	1243.6190	1239.7727	1238.0000	1236.1818
EG10978-MONOMER	384.0000	384.0000	384.0000	384.0000	384.0000	384.0000	384.0000	384.0000
EG10983-MONOMER	991.0000	996.3333	1009.3810	1026.5455	1045.7143	1057.3636	1067.2857	1077.0455
EG10984-MONOMER	165.0000	165.0000	164.0952	164.0000	164.0000	164.0000	164.0000	164.0000
EG10985-MONOMER	764.0000	766.5238	773.4286	773.5000	773.0000	772.2273	771.5714	769.4091
EG10986-MONOMER	101.0000	101.0000	101.0000	101.0000	101.0000	101.0000	101.0000	101.0000
EG10996-MONOMER	558.0000	559.7619	563.4762	567.9091	572.0476	575.9545	578.9048	583.9545
EG10997-MONOMER	168.0000	168.0000	168.0000	168.0000	168.0000	168.0000	168.0000	168.0000
EG11003-MONOMER	10315.0000	10349.6667	10409.1429	10469.3182	10514.0000	10534.8182	10557.6190	10573.7727
EG11004-MONOMER	89.0000	89.0000	89.0000	89.0000	89.0000	89.0000	89.0000	89.0000
EG11007-MONOMER	97.0000	97.0000	97.0000	97.0000	97.0000	97.0000	97.0000	97.0000
EG11008-MONOMER	957.0000	956.0952	955.5238	955.0000	955.0000	955.1818	957.4762	958.6818
EG11009-MONOMER	1573.0000	1573.0000	1573.0000	1579.0909	1588.9524	1594.7727	1602.3333	1609.3636
EG11010-MONOMER	238.0000	238.0000	238.0000	238.0000	238.0000	238.0000	238.0000	238.0000
EG11011-MONOMER	161.0000	161.0000	161.0000	161.0000	161.0000	161.0000	160.7619	160.0000
EG11012-MONOMER	1257.0000	1258.4286	1262.4286	1263.0000	1264.9524	1268.3636	1274.8095	1279.2727
EG11013-MONOMER	491.0000	492.6667	494.9524	501.8636	509.8095	517.4545	524.3810	524.2273
EG11014-MONOMER	149.0000	149.0000	149.5714	150.5455	151.0000	151.0000	151.0000	151.0000
EG11016-MONOMER	0.0000	0.0000	0.0000	0.0000	0.0000	0.0000	0.0000	0.0000
EG11022-MONOMER	312.0000	312.0000	314.6190	321.1818	327.0000	331.7273	333.0000	333.0000
EG11023-MONOMER	339.0000	339.9524	343.2857	346.0000	347.7619	349.6364	351.2857	353.4545
EG11033-MONOMER	6964.0000	6969.0000	6982.0000	6991.3182	7002.6190	7026.2727	7064.8095	7091.5455
EG11035-MONOMER	186.0000	186.0000	187.0476	194.0000	202.4762	210.5455	219.2857	230.6364
EG11036-MONOMER	50721.0000	50833.6190	51147.5714	51463.0000	51758.3810	52070.2273	52330.5714	52616.5909
EG11037-MONOMER	19139.0000	19196.2857	19333.7619	19477.9091	19616.0952	19726.0909	19853.5714	19949.6818
EG11038-MONOMER	144.0000	146.5714	152.7619	160.3636	168.3333	173.0000	178.8095	191.5000
EG11056-MONOMER	10.0000	10.0000	10.0000	10.0000	10.0000	10.0000	10.0000	10.0000
EG11057-MONOMER	10.0000	10.0000	10.0000	10.0000	10.0000	10.0000	10.0000	10.0000
EG11058-MONOMER	247.0000	246.8095	246.0000	246.0000	246.0000	245.5000	244.3810	242.3182
EG11059-MONOMER	306.0000	306.0000	306.0000	306.0000	306.0000	306.0000	306.0000	306.0000
EG11061-MONOMER	33.0000	33.0000	33.0000	33.0000	33.0000	33.0000	33.0000	33.0000
EG11062-MONOMER	13.0000	13.0000	13.0000	13.0000	13.0000	13.0000	13.0000	13.0000
EG11063-MONOMER	56.0000	56.0000	56.0000	56.0000	56.0000	56.0000	55.8095	55.0000
EG11064-MONOMER	33.0000	33.0000	33.0000	33.0000	33.0000	33.0000	33.0000	33.0000
EG11068-MONOMER	125.0000	127.7619	132.6667	136.0000	139.0476	141.8182	142.5714	145.1364
EG11069-MONOMER	118.0000	119.6190	121.7619	125.1818	128.3333	133.7727	140.2381	144.0909
EG11071-MONOMER	55.0000	55.0000	55.0000	55.0000	55.0000	55.0000	55.0000	55.0000
EG11072-MONOMER	213.0000	213.0000	214.5714	216.0000	216.4286	220.1364	223.7143	226.0000
EG11073-MONOMER	785.0000	793.1429	805.1429	816.2273	825.5238	839.1364	847.2857	848.0000
EG11080-MONOMER	306.0000	305.9524	305.3333	307.7727	308.0000	308.0000	308.0000	308.0000
EG11081-MONOMER	643.0000	643.0000	643.1905	647.7727	648.0000	648.0000	648.0000	648.0000
EG11082-MONOMER	101.0000	101.0000	100.5238	100.0000	100.0000	100.0000	100.0000	100.0000
EG11083-MONOMER	169.0000	167.5714	167.0000	167.0000	167.0000	167.0000	167.0000	167.0000
EG11084-MONOMER	36.0000	36.0000	36.0000	36.0000	36.8571	37.6364	38.0000	38.0000
EG11085-MONOMER	175.0000	176.8095	177.0000	177.0000	177.0000	177.0000	177.0000	177.0000
EG11086-MONOMER	25.0000	25.0000	25.0000	25.0000	25.0000	25.0000	25.0000	25.0000
EG11087-MONOMER	151.0000	151.8571	152.0000	152.0000	152.0000	152.0000	151.8571	152.1818
EG11088-MONOMER	0.0000	0.0476	0.0000	0.0000	0.0952	0.0000	0.0000	0.0000
EG11089-MONOMER	471.0000	470.2381	468.6667	468.0000	468.0000	468.0000	466.2381	466.0000
EG11090-MONOMER	1684.0000	1684.0000	1684.0000	1684.0000	1684.0000	1684.0000	1684.0000	1684.0000
EG11091-MONOMER	139.0000	139.8571	144.3810	150.0455	154.8095	159.0455	166.1429	174.1818
EG11093-MONOMER	133.0000	133.0000	133.0000	133.0000	133.0000	133.0000	133.0000	133.0000
EG11094-MONOMER	60.0000	60.0000	60.0000	60.0000	60.0000	60.0000	60.0000	60.0000
EG11095-MONOMER	81.0000	81.0000	81.0000	81.0000	81.0000	81.0000	81.0000	82.7727
EG11096-MONOMER	2978.0000	2982.4762	2994.6190	3004.1818	3016.1905	3029.4091	3050.0476	3071.6818
EG11097-MONOMER	798.0000	800.7143	808.3810	816.4545	824.5714	828.0000	828.0000	828.0000
EG11098-MONOMER	670.0000	672.6667	684.4286	693.4545	705.8095	717.0909	726.9524	738.2273
EG11099-MONOMER	12.0000	12.0000	12.0000	12.0000	12.0000	12.0000	12.0000	12.0000
EG11100-MONOMER	3644.0000	3651.6667	3679.3810	3703.8636	3721.0952	3733.1364	3748.2857	3766.1364
EG11101-MONOMER	21.0000	21.0000	21.0000	21.0000	21.0000	21.0000	21.0000	21.0000
EG11103-MONOMER	4.0000	4.0000	4.0000	4.0000	4.0000	4.0000	4.0000	4.0000
EG11105-MONOMER	1891.0000	1900.1429	1916.7619	1925.3636	1933.5238	1944.8182	1964.0000	1983.2727
EG11108-MONOMER	80.0000	80.0000	80.0000	80.0000	80.0000	80.0000	80.0000	79.2727
EG11110-MONOMER	96.0000	96.0000	96.0000	96.0000	96.0000	96.0000	96.0000	96.0000
EG11111-MONOMER	3983.0000	3994.9048	4015.4762	4040.3182	4070.0476	4106.6364	4141.7619	4166.9545
EG11112-MONOMER	46.0000	46.0000	46.0000	46.0000	46.0000	46.0000	46.0000	46.0000
EG11113-MONOMER	1716.0000	1719.2857	1725.8571	1726.0000	1726.0000	1726.9091	1734.4762	1740.3636
EG11116-MONOMER	630.0000	630.0000	630.0000	629.4091	629.0000	628.0909	627.3333	627.0000
EG11117-MONOMER	269.0000	271.1429	274.1905	277.7273	285.0952	294.7273	299.0000	298.0455
EG11118-MONOMER	218.0000	217.4286	217.0000	216.4091	215.2857	215.0000	215.0000	215.0000
EG11119-MONOMER	829.0000	829.8571	831.4286	833.0909	836.7619	838.0000	839.0000	840.4545
EG11120-MONOMER	3.0000	3.0000	3.0000	3.0000	3.0000	3.0000	3.0000	3.0000
EG11121-MONOMER	117.0000	115.4762	114.2381	113.1818	109.6190	110.7273	115.7143	118.8636
EG11122-MONOMER	187.0000	189.4762	192.1429	197.0455	201.7143	203.3636	206.8095	210.7273
EG11123-MONOMER	187.0000	188.5238	191.4286	196.0909	199.6190	204.5455	207.6190	211.8636
EG11124-MONOMER	16.0000	16.0000	16.0000	16.0000	16.0000	16.0000	16.0000	16.0000
EG11125-MONOMER	22.0000	22.0000	22.0000	22.0000	22.0000	22.0000	22.0000	22.0000
EG11126-MONOMER	30.0000	30.0000	30.0000	30.0000	30.0000	30.0000	30.0000	30.0000
EG11127-MONOMER	70.0000	70.0000	70.0000	70.0000	70.0000	70.0000	70.0000	70.0000
EG11128-MONOMER	280.0000	280.7143	282.7143	284.6364	287.9524	289.8636	289.2381	288.5455
EG11129-MONOMER	45.0000	45.0000	45.0000	45.0000	45.0000	45.0000	45.0000	45.0000
EG11130-MONOMER	17.0000	17.0000	17.0000	17.0000	17.0000	17.8182	18.0000	18.0000
EG11131-MONOMER	116.0000	116.0000	116.0000	116.0000	116.0000	116.0000	116.0000	116.0000
EG11132-MONOMER	385.0000	385.0000	385.0000	385.0000	385.0000	385.0000	385.0000	385.0000
EG11133-MONOMER	242.0000	242.0000	242.0000	242.0000	242.0000	242.0000	242.0000	242.0000
EG11134-MONOMER	734.0000	738.0476	750.9048	759.9091	763.0000	763.0000	763.0000	763.0000
EG11136-MONOMER	6.0000	6.0000	6.0000	6.0000	6.0000	6.0000	6.0000	6.0000
EG11137-MONOMER	1334.0000	1336.9048	1353.2857	1363.0909	1376.3333	1392.3636	1412.7143	1432.3636
EG11139-MONOMER	318.0000	318.0000	318.0000	318.0000	318.0000	317.2727	317.0000	316.5909
EG11140-MONOMER	32.0000	32.0000	32.0000	32.0000	32.0000	32.0000	32.0000	32.0000
EG11141-MONOMER	12.0000	12.0000	12.0000	12.0000	12.0000	12.0000	12.0000	12.0000
EG11142-MONOMER	7.0000	7.0000	7.0000	7.0000	7.0000	7.0000	7.0000	7.0000
EG11144-MONOMER	137.0000	137.0000	137.0000	137.0000	137.0000	137.0000	137.0000	137.0000
EG11145-MONOMER	14.0000	14.0000	14.0000	14.0000	14.0000	14.0000	14.0000	14.0000
EG11146-MONOMER	20.0000	20.0000	20.0000	20.0000	20.0000	20.0000	20.0000	20.0000
EG11147-MONOMER	613.0000	615.4762	621.8095	626.6364	634.4762	650.2273	663.2857	673.4091
EG11149-MONOMER	1.0000	0.7619	0.5238	0.5909	0.4762	0.7273	0.8095	0.4091
EG11151-MONOMER	3028.0000	3035.7143	3045.8571	3058.1818	3064.8095	3065.6364	3071.9048	3072.6818
EG11152-MONOMER	121.0000	121.0000	121.0000	121.0000	121.0000	121.0000	121.0000	121.0000
EG11153-MONOMER	822.0000	823.4286	826.1905	830.1818	835.8095	840.7273	843.5714	847.4091
EG11154-MONOMER	23.0000	23.0000	23.0000	23.0000	23.0000	23.0000	23.0000	23.0000
EG11155-MONOMER	28.0000	28.0000	28.0000	28.0000	28.0000	28.0000	28.0000	28.0000
EG11156-MONOMER	27.0000	27.0000	26.3810	26.0000	26.0000	26.0000	26.0000	26.0000
EG11157-MONOMER	202.0000	202.0000	202.0000	202.0000	202.0000	202.0000	202.0000	202.0000
EG11158-MONOMER	27.0000	27.0000	27.0000	27.0000	27.0000	27.0000	27.0000	27.0000
EG11160-MONOMER	634.0000	634.0000	634.0000	634.0000	634.0000	634.0000	634.0000	634.0000
EG11161-MONOMER	35.0000	35.8095	36.0000	36.7273	37.0000	37.7273	38.0000	38.0000
EG11162-MONOMER	16.0000	16.0000	16.2857	17.9545	18.6667	19.0000	19.0000	19.0000
EG11164-MONOMER	759.0000	757.4286	753.2381	748.2727	747.8571	751.3182	756.2857	758.8182
EG11165-MONOMER	548.0000	548.0000	547.8095	547.0000	547.0000	546.9091	548.7143	552.2727
EG11166-MONOMER	51.0000	51.0000	51.0000	51.0000	51.0000	51.0000	51.0000	51.0000
EG11167-MONOMER	153.0000	153.0000	153.0000	153.0000	153.0000	153.0000	153.0000	153.0000
EG11171-MONOMER	209.0000	209.6667	216.5714	222.7273	227.8571	234.3182	244.3333	250.7273
EG11173-MONOMER	1.0000	1.0000	1.0000	1.0000	1.0000	1.0000	1.0000	1.0000
EG11174-MONOMER	3.0000	3.0000	3.0000	3.0000	3.0000	3.0000	2.5714	2.0000
EG11177-MONOMER	182.0000	182.1905	184.0952	190.4091	201.0476	206.9545	210.2381	214.4545
EG11178-MONOMER	532.0000	532.0000	531.0476	531.0000	531.0000	531.0000	531.0000	530.6818
EG11179-MONOMER	583.0000	586.5714	591.9524	595.0000	601.6667	606.2273	611.7143	618.2727
EG11180-MONOMER	1241.0000	1243.5714	1245.9524	1254.5000	1262.0476	1270.8182	1279.6190	1286.2727
EG11181-MONOMER	1122.0000	1122.0000	1122.0000	1121.1818	1120.9524	1120.0000	1120.0000	1120.0000
EG11182-MONOMER	832.0000	834.6190	837.0000	837.2273	851.8095	862.7273	869.3333	881.4545
EG11183-MONOMER	835.0000	835.7143	837.8571	839.2273	843.0952	847.0909	848.7143	850.9091
EG11184-MONOMER	68.0000	68.0000	68.0000	68.0000	68.0000	68.0000	68.0000	68.0000
EG11186-MONOMER	6.0000	6.0000	6.0000	6.0000	6.0000	6.0000	6.0000	6.0000
EG11187-MONOMER	19.0000	19.0000	19.0000	19.0000	19.0000	19.0000	19.0000	19.0000
EG11188-MONOMER	129.0000	129.0000	129.0000	129.0000	129.0000	129.0000	129.0000	129.0000
EG11189-MONOMER	97.0000	97.0000	97.0000	97.0000	97.0000	97.0000	97.0000	97.0000
EG11191-MONOMER	444.0000	448.5714	451.8095	457.0455	458.4762	459.6364	461.5238	463.0000
EG11192-MONOMER	573.0000	575.3333	581.9048	589.0000	595.1429	602.7727	609.0000	609.0000
EG11193-MONOMER	9.0000	9.0000	9.0000	9.0000	9.0000	9.0000	9.0000	9.0000
EG11195-MONOMER	887.0000	887.0000	887.0000	887.4545	898.6667	916.0909	937.5714	956.2273
EG11196-MONOMER	275.0000	275.0000	275.0000	274.6818	274.0000	274.0000	274.0000	274.0000
EG11199-MONOMER	899.0000	904.3333	907.9048	917.7273	929.7143	943.5000	950.8571	956.2273
EG11201-MONOMER	123.0000	123.2381	124.2857	126.6818	128.9048	130.0455	132.9048	136.2273
EG11202-MONOMER	386.0000	388.7143	395.1905	398.4545	402.8571	408.0000	413.3810	421.6818
EG11203-MONOMER	526.0000	525.2381	525.0000	524.9091	523.2857	523.0000	522.0000	522.0000
EG11206-MONOMER	9.0000	9.0000	9.0000	9.0000	9.0000	9.0000	9.0000	9.0000
EG11207-MONOMER	28.0000	28.0000	28.0000	28.0000	28.0000	28.0000	28.0000	28.0000
EG11208-MONOMER	26.0000	26.0000	26.0000	26.0000	26.0000	26.0000	26.0000	26.0000
EG11209-MONOMER	164.0000	164.0000	164.0000	164.0000	164.0000	163.1364	163.0000	163.0000
EG11210-MONOMER	609.0000	611.0476	616.1905	619.9545	625.2381	630.8636	637.5714	640.5909
EG11211-MONOMER	82.0000	82.0000	82.0000	82.0000	82.0000	82.0000	82.0000	82.0000
EG11212-MONOMER	51.0000	51.0000	51.0000	51.0000	51.0000	51.0000	51.0000	51.0000
EG11214-MONOMER	221.0000	221.0952	225.9524	234.2273	237.4286	242.4545	249.1429	256.5455
EG11215-MONOMER	20.0000	20.0000	20.0000	20.0000	20.0000	19.5455	19.0000	19.0000
EG11217-MONOMER	184.0000	182.8095	182.0000	181.5455	179.2857	179.0000	179.0000	179.0000
EG11219-MONOMER	39.0000	39.0000	39.0000	39.0000	39.0000	39.0000	39.0000	39.0000
EG11222-MONOMER	26.0000	26.0000	26.0000	26.0000	26.0000	26.0000	26.0000	26.0000
EG11224-MONOMER	702.0000	702.0000	702.0000	702.3636	706.7143	710.8636	717.4762	721.4091
EG11231-MONOMER	10681.0000	22854.1429	23545.1429	23622.3636	23722.6190	23807.3636	23886.8095	23958.4091
EG11232-MONOMER	9415.0000	21629.0476	22369.1905	22500.1364	22638.2381	22781.8636	22911.4762	23067.6818
EG11234-MONOMER	2.0000	2.0000	2.0000	2.0000	2.0000	2.0000	2.0000	2.0000
EG11235-MONOMER	82.0000	81.7143	80.4762	79.9545	79.0000	78.1364	78.0000	78.0000
EG11236-MONOMER	28.0000	28.0000	28.0000	28.0000	28.0000	28.0000	28.0000	28.0000
EG11237-MONOMER	4.0000	4.0000	4.0000	4.0000	4.0000	4.0000	4.0000	4.0000
EG11238-MONOMER	101.0000	101.0000	102.1905	104.0455	107.7143	112.2727	117.1429	120.7727
EG11239-MONOMER	274.0000	273.4286	273.0000	272.6818	271.2381	271.0000	270.3333	269.5000
EG11241-MONOMER	143.0000	143.0000	143.0000	143.0000	143.0000	143.0000	143.0000	143.0000
EG11244-MONOMER	856.0000	858.7619	865.5714	865.0000	863.6190	863.0000	862.0476	862.0000
EG11245-MONOMER	2.0000	2.0000	2.0000	2.0000	2.0000	2.0000	2.0000	2.0000
EG11246-MONOMER	727.0000	727.0000	727.0000	727.0000	727.0000	727.0000	727.0000	727.0000
EG11247-MONOMER	68.0000	68.0000	68.0000	68.0000	68.0000	68.0000	68.0000	68.0000
EG11249-MONOMER	76.0000	76.0000	76.0000	76.0000	76.0000	76.0000	77.0476	78.0000
EG11250-MONOMER	42.0000	42.0000	42.0000	42.0000	42.0000	42.0000	42.0000	42.0000
EG11251-MONOMER	67.0000	67.0000	67.0000	67.0000	67.0000	67.0000	67.3333	69.7727
EG11252-MONOMER	222.0000	222.0000	222.0000	222.0000	222.0000	222.0000	222.0000	222.0000
EG11253-MONOMER	42.0000	42.0000	42.0000	42.0000	42.0000	42.0000	42.0000	42.0000
EG11254-MONOMER	133.0000	133.0000	133.9048	135.5000	136.0000	136.0000	136.0000	136.0000
EG11255-MONOMER	398.0000	400.3810	405.2381	411.8636	419.0000	419.0000	419.0000	419.0000
EG11256-MONOMER	325.0000	327.7143	330.3810	334.5000	338.8571	341.0455	344.4286	347.9545
EG11257-MONOMER	12.0000	12.0000	12.0000	12.0000	12.0000	12.0000	12.0000	12.0000
EG11259-MONOMER	128.0000	128.0000	127.4286	127.0000	127.0000	127.0000	127.0000	127.0000
EG11260-MONOMER	50.0000	50.0000	50.0000	50.0000	50.0000	50.0000	50.0000	50.0000
EG11261-MONOMER	327.0000	327.0000	327.0000	327.0000	327.0000	327.0000	327.0000	327.0000
EG11263-MONOMER	2.0000	2.0000	2.0000	2.0000	2.0000	2.0000	2.0000	2.0000
EG11266-MONOMER	5.0000	5.0000	5.0000	5.0000	5.0000	5.0000	5.0000	5.0000
EG11267-MONOMER	12.0000	12.0000	12.0000	12.0000	12.0000	12.0000	12.0000	12.0000
EG11268-MONOMER	718.0000	718.1429	719.0000	719.0000	719.0000	719.0000	719.0000	719.0000
EG11269-MONOMER	0.0000	0.0000	0.0000	0.0000	0.0000	0.0000	0.0000	0.0000
EG11270-MONOMER	56.0000	56.0000	56.0000	56.0000	56.0000	56.0000	56.0000	56.0000
EG11271-MONOMER	141.0000	141.9524	141.8095	141.0000	141.8571	142.1818	143.0000	143.0000
EG11272-MONOMER	990.0000	990.0000	988.3810	987.1364	987.0000	985.9545	983.3810	983.0000
EG11274-MONOMER	507.0000	507.0000	507.0000	507.0000	507.0000	507.0000	507.0476	511.0000
EG11275-MONOMER	100.0000	100.0000	100.0000	100.6364	101.4762	102.4545	104.2381	105.7727
EG11276-MONOMER	30.0000	30.0000	30.0000	30.0000	30.0000	30.0000	30.0000	30.0000
EG11277-MONOMER	1973.0000	1975.0476	1985.5238	2021.6364	2079.3810	2155.0455	2239.0476	2324.2727
EG11279-MONOMER	490.0000	491.4286	496.3333	501.9545	507.0000	510.8636	515.7143	518.8182
EG11280-MONOMER	731.0000	733.6190	734.4762	748.6818	770.8095	789.2727	811.3333	843.0455
EG11281-MONOMER	86.0000	88.6190	91.1429	93.8182	95.4762	101.5909	105.6667	108.8636
EG11285-MONOMER	25.0000	25.0000	25.0000	25.0000	25.0000	25.0000	25.0000	25.0000
EG11287-MONOMER	29.0000	29.0000	29.0000	29.0000	29.0000	29.0000	29.0000	29.0000
EG11288-MONOMER	61.0000	61.0000	61.0000	61.0000	61.0000	61.0000	61.0000	61.0000
EG11289-MONOMER	25.0000	25.0000	25.0000	25.0000	25.0000	25.0000	25.0000	25.0000
EG11290-MONOMER	15.0000	15.0000	15.0000	15.0000	15.0000	15.0000	15.0000	15.0000
EG11291-MONOMER	308.0000	308.0000	308.0000	308.0000	307.7143	307.0000	307.0000	307.0000
EG11292-MONOMER	43.0000	43.0000	43.0000	43.0000	43.0000	43.0000	43.0000	43.0000
EG11293-MONOMER	537.0000	536.0476	536.0000	534.8636	534.0000	534.0000	534.0000	533.0455
EG11294-MONOMER	42.0000	42.0000	42.0000	42.0000	42.0000	42.0000	42.0000	42.0000
EG11295-MONOMER	60.0000	60.0000	60.0000	60.0000	60.0000	60.0000	60.0000	63.2727
EG11296-MONOMER	81.0000	81.0000	81.0000	81.0000	81.0000	81.0000	81.0000	81.0000
EG11298-MONOMER	203.0000	204.2857	205.0000	205.0909	207.1905	209.0000	209.0000	209.0000
EG11299-MONOMER	120.0000	120.0000	120.6190	123.8182	125.9048	128.2273	129.6667	131.9091
EG11300-MONOMER	22.0000	22.0000	22.0000	22.0000	22.0000	22.0000	22.0000	22.0000
EG11301-MONOMER	30.0000	30.0000	30.0000	30.0000	30.0000	30.0000	30.0000	30.0000
EG11302-MONOMER	24.0000	24.0000	24.0000	24.0000	24.0000	24.0000	24.0000	24.0000
EG11303-MONOMER	6.0000	6.0000	6.0000	6.0000	6.0000	6.0000	6.0000	6.0000
EG11305-MONOMER	155.0000	155.0000	155.0000	155.0000	155.0000	155.0000	155.0000	155.0000
EG11306-MONOMER	166.0000	168.6667	175.9524	183.5455	190.0476	201.4545	212.5238	221.4091
EG11309-MONOMER	43.0000	43.0000	43.0000	43.0000	43.0000	43.0000	43.0000	43.0000
EG11310-MONOMER	3.0000	3.0000	3.0000	3.0000	3.0000	3.0000	3.0000	3.0000
EG11311-MONOMER	93.0000	93.0000	92.4762	92.0000	92.0000	92.0000	92.0000	92.5000
EG11312-MONOMER	0.0000	0.0000	0.0000	0.0000	0.0000	0.0000	0.0000	0.0000
EG11315-MONOMER	176.0000	176.0000	176.0000	176.0000	176.0000	176.0000	176.0000	176.0000
EG11320-MONOMER	124.0000	124.0000	124.0000	124.0000	124.0000	124.0000	124.0000	125.6818
EG11323-MONOMER	465.0000	468.6667	475.4286	483.2727	492.0476	500.6364	505.3810	512.4545
EG11333-MONOMER	391.0000	392.8095	396.8095	400.8636	407.6190	411.4091	416.2381	419.5909
EG11334-MONOMER	7.0000	7.0000	7.0000	7.0000	7.0000	7.0000	7.0000	7.0000
EG11336-MONOMER	13.0000	13.0000	13.0000	13.0000	13.0000	12.4545	12.0000	12.0000
EG11338-MONOMER	684.0000	684.0000	684.0000	684.0000	684.0000	684.0000	684.0000	684.0000
EG11339-MONOMER	54.0000	55.2857	58.0000	59.7273	61.8571	63.4091	65.7143	67.0455
EG11340-MONOMER	47.0000	49.2857	51.3810	52.3182	54.3333	55.1818	56.6190	59.0000
EG11341-MONOMER	52.0000	52.0000	52.9524	53.0000	54.8095	59.4091	62.0000	65.4545
EG11342-MONOMER	30.0000	30.0000	30.0000	30.0000	30.0000	30.0000	30.0000	30.0000
EG11344-MONOMER	486.0000	488.1905	489.0952	490.0000	490.0000	490.0000	489.8095	489.0000
EG11345-MONOMER	302.0000	301.2381	301.0000	301.0000	302.0952	303.0000	303.0000	303.0000
EG11346-MONOMER	907.0000	907.0000	907.0000	907.0000	907.0000	907.0000	907.0000	907.0000
EG11350-MONOMER	44.0000	44.5714	45.2381	46.5455	48.2857	51.0455	53.4762	54.0909
EG11351-MONOMER	32.0000	32.3810	33.8095	36.4091	38.6190	41.0455	43.1905	45.0909
EG11352-MONOMER	31.0000	31.6190	32.8571	33.4091	34.0000	34.9545	35.0952	36.4091
EG11353-MONOMER	58.0000	59.1429	63.0000	63.5909	66.0476	67.4091	68.2857	70.7727
EG11354-MONOMER	83.0000	83.0000	83.0000	82.7273	82.0000	82.0000	82.0000	82.0000
EG11355-MONOMER	2834.0000	2842.3333	2851.1905	2857.4545	2865.9524	2880.6364	2897.8571	2910.9545
EG11356-MONOMER	2845.0000	2846.1905	2860.4286	2877.5909	2894.5714	2907.0455	2914.9048	2928.8636
EG11357-MONOMER	2.0000	2.0000	2.0000	2.0000	2.0000	2.0000	2.0000	2.0000
EG11359-MONOMER	2.0000	2.0000	2.0000	2.0000	2.0000	2.0000	2.0000	2.0000
EG11360-MONOMER	449.0000	449.0000	449.0000	449.4545	451.4286	454.7727	459.2381	461.0000
EG11361-MONOMER	51.0000	51.0000	51.0000	51.0000	51.0000	51.0000	51.0000	51.0000
EG11362-MONOMER	33.0000	32.2381	32.0000	32.0000	32.0000	32.0000	32.0000	32.0000
EG11364-MONOMER	4.0000	4.0000	4.0000	4.0000	4.0000	4.0000	4.0000	4.0000
EG11371-MONOMER	89.0000	89.0000	89.0000	89.0000	89.0000	89.0000	89.0000	89.0000
EG11372-MONOMER	84.0000	84.0000	84.0000	84.0000	84.0000	84.0000	84.0000	84.0000
EG11373-MONOMER	5.0000	5.0000	5.0000	5.0000	5.0000	5.0000	5.0000	5.0000
EG11376-MONOMER	147.0000	147.0000	148.6667	149.0000	149.0000	149.0000	149.0000	149.0000
EG11378-MONOMER	866.0000	866.0000	866.0000	866.0000	866.0000	866.0000	866.0000	866.0000
EG11381-MONOMER	566.0000	566.0000	566.0000	566.0000	566.0000	566.0000	566.0000	566.0000
EG11383-MONOMER	301.0000	301.0000	301.0000	301.0000	301.0000	301.0000	303.2381	310.0455
EG11384-MONOMER	52406.0000	52466.8571	52613.0952	52798.6364	52982.1905	53152.0000	53326.2857	53538.9545
EG11385-MONOMER	1024.0000	1024.0000	1024.0000	1024.0000	1024.0000	1024.0000	1024.0000	1024.0000
EG11388-MONOMER	2064.0000	2072.3333	2082.9048	2094.0455	2108.6667	2122.0000	2136.9048	2150.6818
EG11389-MONOMER	2021.0000	2026.5714	2035.2381	2045.6364	2058.4286	2074.2727	2091.3333	2106.1818
EG11390-MONOMER	22283.0000	22342.4286	22473.9524	22591.8636	22720.8095	22874.0000	23027.3333	23152.2273
EG11391-MONOMER	1114.0000	1125.2381	1152.1905	1171.2273	1198.6667	1220.8182	1249.3333	1272.8636
EG11394-MONOMER	158.0000	158.9048	162.0476	163.0000	163.0000	163.0000	163.0000	163.0000
EG11395-MONOMER	516.0000	519.5714	524.8571	525.1364	525.0000	525.0000	524.8095	524.0000
EG11396-MONOMER	132.0000	132.1429	133.9048	134.0909	135.6190	137.8636	140.5238	143.4545
EG11398-MONOMER	253.0000	253.0000	253.0000	253.0000	253.0000	253.0000	253.0000	253.0000
EG11399-MONOMER	232.0000	232.0000	232.0000	232.0000	232.0000	232.0000	232.0000	232.0000
EG11400-MONOMER	231.0000	231.0000	231.0000	231.0000	231.0000	231.0000	231.0000	231.0000
EG11401-MONOMER	154.0000	154.0000	153.1429	153.0000	153.0000	152.9091	151.0476	151.0000
EG11404-MONOMER	1349.0000	1355.8095	1377.3810	1402.2727	1427.1905	1447.0455	1467.7143	1476.9091
EG11410-MONOMER	626.0000	626.2857	628.7143	628.0000	628.0000	628.0000	629.9048	629.9545
EG11412-MONOMER	34.0000	34.0000	34.5238	35.0000	35.0000	35.0000	35.0000	35.0000
EG11413-MONOMER	52.0000	52.0000	52.0000	52.0000	52.0000	52.0000	52.0000	52.0000
EG11414-MONOMER	37.0000	37.0000	37.0000	37.0000	37.0000	37.0000	37.0000	37.0000
EG11415-MONOMER	310.0000	316.5238	330.9048	345.0909	354.6190	372.1364	385.0000	399.5000
EG11422-MONOMER	138.0000	138.0000	137.4286	137.0000	137.0000	137.0000	137.0000	137.0000
EG11423-MONOMER	64.0000	64.8571	66.6190	68.4545	71.4286	75.3182	78.7143	81.7273
EG11424-MONOMER	186.0000	186.0000	186.0000	186.0000	186.0000	186.0000	186.0000	186.0000
EG11425-MONOMER	55.0000	55.9524	58.3810	62.7727	67.1905	70.4545	73.9048	75.8636
EG11426-MONOMER	56.0000	56.7143	58.8571	60.2273	62.2857	64.4545	65.0000	65.1818
EG11429-MONOMER	91.0000	91.0000	91.0000	91.0000	91.0000	91.0000	91.0000	91.0000
EG11430-MONOMER	441.0000	441.0000	441.0000	443.5909	451.7619	461.7273	463.0000	463.0000
EG11431-MONOMER	159.0000	159.0000	159.0000	159.0000	159.0000	159.0000	159.0000	159.0000
EG11432-MONOMER	162.0000	162.0000	161.3333	161.0000	161.0000	161.0000	161.0000	161.0000
EG11433-MONOMER	401.0000	401.5238	406.0952	410.1364	413.3810	417.4545	422.3333	427.4091
EG11436-MONOMER	63.0000	63.0000	63.0000	63.0000	63.0000	63.0000	63.0000	63.0000
EG11437-MONOMER	11.0000	11.0000	11.8571	12.0000	12.7619	13.0000	13.8095	14.0909
EG11438-MONOMER	953.0000	960.0000	975.6667	996.0000	1014.3810	1029.7273	1050.8571	1079.7273
EG11440-MONOMER	902.0000	907.2857	908.0000	908.0000	908.0000	906.0455	905.0000	905.0000
EG11441-MONOMER	381.0000	381.0000	381.0000	381.0000	381.0000	380.1364	380.0000	380.0000
EG11445-MONOMER	9.0000	9.0000	9.0000	9.0000	9.0000	9.0000	9.0000	9.0000
EG11447-MONOMER	12200.0000	12238.8571	12330.8571	12428.7273	12526.0476	12645.6364	12760.8095	12863.1818
EG11449-MONOMER	30.0000	30.0000	30.0000	29.5455	29.0000	29.0000	29.0000	29.0000
EG11450-MONOMER	1780.0000	1787.3333	1794.1429	1800.7727	1808.0476	1814.8182	1821.7143	1832.0909
EG11462-MONOMER	13.0000	13.0000	13.0000	13.0000	13.0000	13.0000	13.0000	13.0000
EG11464-MONOMER	7.0000	7.0000	7.0000	7.0000	7.0000	7.0000	7.0000	7.0000
EG11465-MONOMER	10.0000	10.0000	10.0000	10.0000	10.0000	10.0000	10.0000	10.0000
EG11466-MONOMER	47.0000	47.0000	47.0000	47.0000	47.0000	47.0000	47.0000	47.0000
EG11467-MONOMER	385.0000	389.1429	397.6667	402.9545	410.4762	412.0000	412.0000	412.0000
EG11470-MONOMER	260.0000	260.0000	260.0000	260.0000	260.0000	260.0000	259.9524	259.0000
EG11471-MONOMER	51.0000	51.0000	51.0000	51.0000	51.0000	51.0000	51.0000	51.0000
EG11472-MONOMER	15.0000	15.0000	15.0000	15.0000	15.0000	15.0000	15.0000	15.0000
EG11474-MONOMER	122.0000	122.0000	122.0000	122.0000	122.0000	122.0000	122.0000	122.0000
EG11479-MONOMER	211.0000	211.0000	211.8095	214.3182	215.6190	217.1818	220.0000	221.5455
EG11481-MONOMER	47.0000	46.2857	46.0000	46.0000	46.0000	45.1818	45.0000	45.0000
EG11484-MONOMER	26.0000	26.0000	26.0000	26.0000	26.0000	26.0000	26.0000	26.0000
EG11486-MONOMER	14.0000	14.0000	14.0000	14.0000	14.0000	14.0000	14.0000	14.0000
EG11488-MONOMER	46.0000	46.0000	46.0000	46.0000	46.0000	46.0000	46.0000	46.0000
EG11489-MONOMER	52.0000	52.0000	52.0000	52.0000	52.0000	52.0000	52.0000	52.0000
EG11494-MONOMER	795.0000	795.0000	796.2857	800.0455	802.4762	804.5455	805.2381	811.2727
EG11495-MONOMER	42.0000	42.0000	42.0000	42.0000	42.0000	42.0000	42.0000	42.0000
EG11497-MONOMER	229.0000	229.0000	229.0000	229.0000	229.0000	229.0000	229.0000	229.0000
EG11498-MONOMER	24.0000	24.0000	24.0000	24.0000	24.0000	24.0000	24.0000	24.0000
EG11499-MONOMER	10.0000	10.0000	10.0000	10.0000	10.0000	10.0000	10.0000	10.0000
EG11500-MONOMER	424.0000	424.7143	425.0476	426.0000	426.8571	428.0455	431.0000	432.0000
EG11503-MONOMER	156.0000	156.0000	157.8095	159.4091	161.0000	161.0455	163.2381	166.0000
EG11505-MONOMER	1177.0000	1175.0476	1173.5714	1168.0000	1160.7143	1155.0909	1152.9048	1151.1364
EG11506-MONOMER	440.0000	440.6190	441.0000	441.0000	441.0000	441.0000	441.0000	441.0000
EG11507-MONOMER	213.0000	213.0000	211.7619	211.0000	211.0000	211.0000	210.8095	210.0000
EG11508-MONOMER	5858.0000	5867.7143	5883.1905	5911.4091	5957.3333	5997.5909	6042.5238	6084.3636
EG11509-MONOMER	14.0000	14.0000	14.0000	14.0000	14.0000	14.0000	14.0000	14.0000
EG11511-MONOMER	229.0000	229.0000	229.0000	234.8182	239.0000	239.0000	239.0000	239.0000
EG11512-MONOMER	96.0000	96.0000	96.0000	96.0000	96.0000	96.0000	96.0000	96.0000
EG11514-MONOMER	230.0000	230.0000	230.0000	230.0000	230.0000	230.0000	230.0000	230.0000
EG11515-MONOMER	18.0000	18.0000	18.0000	18.0000	18.0000	18.0000	18.0000	18.0000
EG11516-MONOMER	17.0000	17.0000	16.5714	16.0000	16.0000	16.0000	16.0000	16.0000
EG11517-MONOMER	202.0000	206.4286	214.9524	220.4545	225.2381	235.5000	242.7143	253.6364
EG11519-MONOMER	431.0000	430.0952	429.0476	429.0000	429.0000	429.0000	432.3810	444.3182
EG11520-MONOMER	6.0000	6.0000	6.0000	6.0000	6.0000	6.0000	6.0000	6.0000
EG11521-MONOMER	326.0000	326.0000	326.0000	326.0000	326.0000	326.0000	326.0000	325.8636
EG11522-MONOMER	15.0000	15.0000	15.0000	15.0000	15.0000	15.0000	15.0000	15.0000
EG11523-MONOMER	4.0000	4.0000	4.0000	4.0000	4.0000	4.0000	4.0000	4.0000
EG11524-MONOMER	0.0000	0.0000	0.0000	0.0000	0.0000	0.0000	0.0000	0.0000
EG11525-MONOMER	2.0000	2.0000	2.0000	2.0000	2.0000	2.0000	2.0000	2.0000
EG11526-MONOMER	2.0000	2.0000	2.0000	2.0000	2.0000	2.0000	2.0000	2.0000
EG11529-MONOMER	125.0000	125.0000	125.0000	125.0000	125.0000	125.0000	125.0000	125.0000
EG11533-MONOMER	246.0000	246.0000	246.0000	246.0000	245.1429	245.0000	245.0000	244.8182
EG11534-MONOMER	101.0000	101.0000	101.0000	101.0000	101.0000	101.0000	101.0000	101.0000
EG11535-MONOMER	39.0000	39.0000	39.0000	39.0000	39.0000	39.0000	39.0000	39.0000
EG11536-MONOMER	23.0000	23.0000	23.0000	23.0000	23.0000	23.0000	23.0000	23.0000
EG11537-MONOMER	393.0000	395.2857	397.6667	397.0000	397.0000	396.7273	396.0000	396.0000
EG11538-MONOMER	63.0000	63.0000	63.0000	63.0000	63.0000	63.0000	63.0000	63.0000
EG11544-MONOMER	5.0000	5.0000	5.0000	5.0000	5.0000	5.0000	5.0000	5.0000
EG11545-MONOMER	3296.0000	3300.2381	3306.1905	3313.0000	3316.7619	3318.5455	3320.8571	3327.5455
EG11547-MONOMER	244.0000	244.0000	244.0000	244.0000	244.0000	244.0000	244.0000	244.0000
EG11548-MONOMER	9.0000	9.0000	9.0000	9.0000	9.0000	9.0000	9.0000	9.0000
EG11549-MONOMER	223.0000	223.0000	223.0000	223.0000	223.0000	223.0000	223.0000	223.0000
EG11551-MONOMER	7.0000	7.0000	7.0000	7.0000	7.0000	7.0000	7.0000	7.0000
EG11552-MONOMER	7.0000	7.0000	7.0000	7.0000	7.0000	7.0000	7.0000	7.0000
EG11554-MONOMER	1277.0000	1277.0000	1277.0000	1277.0000	1277.0000	1277.0000	1277.0000	1277.0000
EG11562-MONOMER	12.0000	12.0000	12.0000	12.0000	12.0000	12.0000	12.0000	12.0000
EG11563-MONOMER	9.0000	9.0000	9.0000	9.0000	9.0000	9.0000	8.2857	8.0000
EG11564-MONOMER	7.0000	7.0000	7.0000	7.0000	7.0000	7.0000	7.0000	7.0000
EG11565-MONOMER	7.0000	7.0000	7.0000	7.0000	7.0000	7.0000	7.0000	7.0000
EG11568-MONOMER	48.0000	48.0000	48.0000	48.0000	48.0000	48.0000	48.0000	48.0000
EG11569-MONOMER	845.0000	849.2857	857.0476	859.6364	859.0000	858.7273	858.0000	857.9545
EG11570-MONOMER	80.0000	80.0000	80.0000	80.0000	80.0000	80.0000	80.0000	80.0000
EG11571-MONOMER	14.0000	14.0000	14.0000	14.0000	14.0000	14.0000	14.0000	14.0000
EG11578-MONOMER	66.0000	66.0000	66.0000	66.0000	68.8571	74.2273	80.5238	83.5909
EG11579-MONOMER	23.0000	23.0000	23.0000	23.0000	23.0000	23.0000	23.0000	23.0000
EG11580-MONOMER	136.0000	136.0000	136.0000	136.0000	136.0000	136.0000	136.0000	136.0000
EG11581-MONOMER	2027.0000	2032.6667	2045.2381	2059.7727	2078.1905	2095.0455	2112.7619	2133.3636
EG11591-MONOMER	246.0000	248.8095	251.6190	254.5909	258.0476	261.5000	263.8095	268.9545
EG11592-MONOMER	2377.0000	2381.6190	2392.4286	2401.5000	2423.5714	2452.0455	2470.2381	2481.5455
EG11594-MONOMER	30.0000	30.0000	30.0000	30.0000	30.0000	30.0000	30.0000	30.0000
EG11595-MONOMER	58.0000	58.0000	58.0000	58.0000	58.0000	58.0000	58.0000	58.0000
EG11597-MONOMER	226.0000	226.0000	226.0000	226.0000	226.0000	226.0000	226.0000	226.0000
EG11598-MONOMER	233.0000	233.0000	233.0000	233.0000	233.0000	233.0000	233.0000	233.0000
EG11599-MONOMER	54.0000	54.0000	54.0000	54.0000	54.0000	54.0000	54.0000	54.0000
EG11600-MONOMER	195.0000	195.0000	195.0000	195.0000	195.0000	195.0000	195.0000	195.0000
EG11601-MONOMER	422.0000	422.0000	422.0000	421.6364	421.0000	421.0000	421.0000	421.0000
EG11603-MONOMER	129.0000	132.3810	136.8571	141.7273	148.0000	152.5455	155.3810	159.4545
EG11604-MONOMER	7.0000	7.0000	7.0000	7.0000	7.0000	7.0000	7.0000	7.0000
EG11605-MONOMER	60.0000	60.0000	60.0000	60.0000	60.0000	60.8182	62.0000	62.0000
EG11607-MONOMER	3488.0000	3487.3333	3487.0000	3487.0000	3486.6190	3484.5000	3481.4286	3478.0909
EG11613-MONOMER	7.0000	7.0000	7.0000	7.0000	7.0000	7.0000	7.0000	7.0000
EG11619-MONOMER	213.0000	213.0000	213.0000	213.0000	213.0000	213.7727	220.2857	222.3182
EG11620-MONOMER	1536.0000	1536.7619	1546.2857	1556.1364	1565.7619	1579.0909	1584.0000	1583.3636
EG11634-MONOMER	6.0000	6.0000	6.0000	6.0000	6.0000	6.0000	6.0000	6.0000
EG11635-MONOMER	7.0000	7.0000	7.0000	7.0000	7.0000	7.0000	7.0000	7.0000
EG11637-MONOMER	39.0000	39.0000	39.0000	39.0000	39.0000	39.0000	39.4286	41.9091
EG11639-MONOMER	54.0000	54.0000	55.1429	57.8636	60.0952	61.9091	63.4286	66.1818
EG11643-MONOMER	24.0000	24.0000	24.0000	24.0000	24.0000	24.0000	24.0000	24.0000
EG11644-MONOMER	30.0000	30.0000	30.0000	30.0000	30.0000	30.0000	30.0000	30.0000
EG11645-MONOMER	26.0000	26.0000	25.7143	25.0000	25.0000	24.7727	24.0000	24.0000
EG11646-MONOMER	8.0000	8.0000	8.0000	8.0000	8.0000	8.0000	8.0000	8.0000
EG11649-MONOMER	118.0000	118.0000	117.7619	117.0000	117.0000	116.1364	116.0000	115.2727
EG11650-MONOMER	137.0000	137.0000	137.0000	137.0000	137.0000	137.0000	137.0000	137.0000
EG11651-MONOMER	5.0000	5.0000	5.0000	5.0000	5.0000	5.0000	5.0000	5.0000
EG11652-MONOMER	93.0000	93.0000	93.0000	93.0000	93.0000	93.0000	93.0000	93.0000
EG11653-MONOMER	335.0000	335.0000	335.0000	335.0000	334.5714	334.0000	334.0000	334.0000
EG11656-MONOMER	671.0000	671.0000	671.0000	671.0000	671.0000	671.0000	671.0000	671.0000
EG11659-MONOMER	1107.0000	1107.0000	1107.0000	1106.0909	1105.7143	1103.3182	1102.0952	1102.0000
EG11660-MONOMER	246.0000	246.0000	246.0000	246.0000	246.0000	246.0000	246.0000	245.5909
EG11661-MONOMER	255.0000	255.0000	255.0000	255.0000	254.1905	254.0000	253.0000	253.0000
EG11662-MONOMER	13.0000	13.0000	13.0000	13.0000	13.0000	13.0000	13.0000	13.0000
EG11663-MONOMER	5981.0000	5995.3810	6028.8095	6059.2727	6096.2857	6142.1364	6200.8095	6280.2727
EG11664-MONOMER	191.0000	195.3333	200.1905	204.9091	209.5238	216.2273	223.7619	230.2727
EG11665-MONOMER	160.0000	160.0000	160.0000	160.9091	166.0476	173.3636	174.0000	174.0000
EG11666-MONOMER	408.0000	410.0952	411.0000	411.0000	411.0000	411.0000	411.0000	411.0000
EG11671-MONOMER	50.0000	50.0000	50.0000	50.0000	50.0000	50.0000	50.0000	50.0000
EG11674-MONOMER	110.0000	110.0000	110.0000	110.0000	110.0000	110.0000	110.2857	112.8182
EG11676-MONOMER	674.0000	674.0000	674.0000	674.0000	674.0000	674.0000	674.0000	674.0000
EG11678-MONOMER	13.0000	13.0000	13.0000	13.0000	13.0000	13.0000	13.0000	13.0000
EG11681-MONOMER	757.0000	760.3810	768.8571	772.4091	774.1905	779.7727	785.6190	790.0000
EG11682-MONOMER	1531.0000	1536.3810	1546.7619	1558.0000	1562.9524	1570.6364	1578.6667	1588.6818
EG11683-MONOMER	21.0000	21.0000	21.0000	21.0000	21.0000	21.0000	21.0000	21.0000
EG11684-MONOMER	56.0000	56.0000	56.0000	56.0000	56.0000	55.2273	57.3810	58.0000
EG11685-MONOMER	14.0000	14.0000	14.0000	14.0000	14.0000	14.0000	14.0000	14.0000
EG11688-MONOMER	84.0000	84.0000	84.0000	84.0000	84.0000	84.0000	84.0000	84.0000
EG11690-MONOMER	72.0000	72.0000	72.0000	72.0000	72.0000	72.0000	72.0000	72.0000
EG11691-MONOMER	2.0000	2.0000	2.0000	2.0000	2.0000	2.0000	2.0000	2.0000
EG11692-MONOMER	73.0000	73.0000	73.0000	73.0000	73.0000	73.0000	73.0000	73.0000
EG11694-MONOMER	37.0000	37.0000	37.0000	37.0000	37.0000	37.0000	37.0000	37.0000
EG11695-MONOMER	33.0000	32.3333	32.0000	32.0000	32.0000	32.0000	32.0000	32.0000
EG11696-MONOMER	46.0000	46.0000	46.0000	45.9545	45.0000	45.0000	45.0000	45.0000
EG11697-MONOMER	42.0000	42.0000	42.0000	42.0000	42.0000	42.0000	42.0000	42.0000
EG11702-MONOMER	252.0000	252.0000	252.4286	257.0000	260.8571	267.0000	274.4762	280.0455
EG11703-MONOMER	520.0000	520.0000	520.0000	520.0000	520.0000	520.0000	520.0000	520.0000
EG11705-MONOMER	7.0000	7.0000	7.0000	7.0000	7.0000	7.0000	7.0000	7.0000
EG11707-MONOMER	11.0000	11.0000	11.0000	11.0000	11.0000	11.0000	11.0000	11.0000
EG11711-MONOMER	17.0000	17.0000	17.0000	17.0000	17.0000	17.0000	17.0000	17.0000
EG11712-MONOMER	238.0000	238.0000	238.0000	238.0000	238.0000	238.0000	238.0000	238.0000
EG11713-MONOMER	108.0000	108.0000	108.0000	108.0000	108.0000	108.0000	108.0000	108.0000
EG11714-MONOMER	7.0000	7.0000	7.0000	7.0000	7.0000	7.0000	7.0000	7.0000
EG11719-MONOMER	3.0000	3.0000	3.0000	3.0000	3.0000	3.0000	3.0000	3.0000
EG11721-MONOMER	27.0000	27.0000	27.0000	27.0000	27.0000	27.0000	27.0000	27.0000
EG11722-MONOMER	62.0000	62.0000	62.0000	62.0000	62.0000	62.0000	62.0000	62.0000
EG11723-MONOMER	192.0000	192.0000	192.0000	192.0000	192.0000	192.0000	192.0000	192.0000
EG11724-MONOMER	420.0000	420.7143	421.8571	427.7273	429.9524	431.8636	436.0000	436.0000
EG11725-MONOMER	75.0000	75.0000	75.0000	75.0000	75.0000	75.0000	75.0000	75.0000
EG11726-MONOMER	66.0000	66.0000	66.0000	66.0000	66.0000	66.0000	66.0000	66.0000
EG11727-MONOMER	37.0000	37.0000	37.0000	37.0000	37.0000	37.0000	37.0000	37.0000
EG11728-MONOMER	8.0000	8.0000	8.0000	8.0000	8.0000	8.0000	8.0000	8.0000
EG11729-MONOMER	15.0000	15.0000	15.0000	15.0000	15.0000	15.0000	15.0000	15.0000
EG11730-MONOMER	13.0000	13.0000	13.0000	13.0000	13.0000	13.0000	13.0000	13.0000
EG11731-MONOMER	49.0000	49.0000	49.0000	49.0000	49.0000	49.0000	49.0000	49.0000
EG11733-MONOMER	85.0000	85.0000	84.4286	83.8636	82.1905	82.0000	81.4286	80.2727
EG11734-MONOMER	374.0000	374.7143	378.8571	384.2273	387.7143	390.9545	393.5714	400.4545
EG11735-MONOMER	495.0000	495.0000	495.2857	498.9545	502.5238	509.7273	513.2381	517.4545
EG11736-MONOMER	424.0000	424.0000	424.0000	424.0000	424.0000	424.0000	424.0000	424.0000
EG11738-MONOMER	111.0000	111.0000	111.0000	111.0000	111.0000	111.0000	111.0000	111.0000
EG11739-MONOMER	0.0000	0.0000	0.0000	0.0000	0.0000	0.0000	0.0000	0.0000
EG11740-MONOMER	8.0000	8.0000	8.0000	8.0000	8.0000	8.0000	8.0000	8.0000
EG11741-MONOMER	5.0000	5.0000	5.0000	5.0000	5.0000	5.0000	5.0000	5.0000
EG11743-MONOMER	164.0000	164.0000	164.0000	164.0000	164.0000	164.0000	164.0000	164.0000
EG11744-MONOMER	192.0000	192.0000	192.0000	192.0000	192.0000	192.0000	192.0000	192.0000
EG11748-MONOMER	2.0000	2.0000	2.0000	2.0000	2.0000	2.0000	2.0000	2.0000
EG11749-MONOMER	14.0000	14.0000	14.0000	14.0000	14.0000	14.0000	14.0000	14.0000
EG11750-MONOMER	25.0000	26.6190	31.0476	35.6818	40.4286	45.8636	52.0000	60.8182
EG11757-MONOMER	617.0000	622.2857	635.2857	650.8182	671.1429	681.6818	690.1905	707.4091
EG11758-MONOMER	160.0000	161.9048	167.6667	170.7727	177.4286	180.4091	182.4762	184.7273
EG11759-MONOMER	289.0000	289.0000	289.0000	289.0000	289.0000	289.0000	289.0000	289.0000
EG11760-MONOMER	9.0000	9.0000	9.0000	9.0000	9.0000	9.0000	9.0000	9.0000
EG11761-MONOMER	111.0000	111.0000	111.0000	111.0000	111.0000	111.0000	111.0000	111.0000
EG11762-MONOMER	149.0000	151.2381	155.9524	162.5000	168.7619	178.5000	181.8095	185.7727
EG11763-MONOMER	15.0000	15.0000	15.0000	15.0000	15.0000	15.0000	15.0000	15.0000
EG11764-MONOMER	8.0000	8.0000	8.0000	8.0000	8.0000	8.0000	8.0000	8.0000
EG11765-MONOMER	20.0000	20.0000	20.0000	20.0000	20.0000	20.0000	20.0000	20.0000
EG11768-MONOMER	42.0000	42.0000	42.0000	42.0000	42.0000	42.0000	42.0000	42.0000
EG11769-MONOMER	30.0000	30.0000	30.0000	30.0000	30.0000	30.0000	30.0000	30.0000
EG11775-MONOMER	79.0000	79.0000	79.0000	79.0000	79.0000	79.0000	79.0000	79.0000
EG11776-MONOMER	247.0000	246.2381	246.0000	246.0000	246.0000	246.0000	246.0000	246.0000
EG11779-MONOMER	735.0000	735.0000	735.0000	735.0000	734.6667	734.0000	733.8571	733.0000
EG11782-MONOMER	2444.0000	2443.2381	2441.0000	2445.0000	2456.0952	2474.5909	2500.6667	2525.3182
EG11783-MONOMER	158.0000	158.2381	160.9048	163.6818	167.8571	170.0000	170.0000	170.0000
EG11784-MONOMER	1336.0000	1335.7143	1334.1905	1330.7727	1328.2857	1327.6818	1325.0476	1322.0909
EG11785-MONOMER	28.0000	28.0000	28.0000	28.0000	28.0000	28.0000	28.0000	28.0000
EG11786-MONOMER	444.0000	448.3333	451.0000	451.0000	451.0000	451.0000	451.0000	451.0000
EG11790-MONOMER	2.0000	2.0000	2.0000	2.0000	2.0000	2.0000	2.0000	2.0000
EG11793-MONOMER	117.0000	118.4286	121.2381	124.2273	128.3333	132.6818	139.4762	145.7727
EG11794-MONOMER	231.0000	231.0000	231.0000	231.0000	231.0000	231.0000	231.0000	231.0000
EG11796-MONOMER	64.0000	64.0000	64.0000	64.0000	64.0000	64.0000	64.0000	64.0000
EG11798-MONOMER	22.0000	22.0000	22.0000	22.0000	22.0000	22.0000	22.0000	22.0000
EG11800-MONOMER	6.0000	6.0000	6.0000	6.0000	6.0000	6.0000	6.0000	6.0000
EG11802-MONOMER	8.0000	8.0000	8.0000	8.0000	8.0000	8.0000	8.0000	8.0000
EG11803-MONOMER	13.0000	13.0000	13.0000	13.0000	13.0000	13.0000	13.0000	13.0000
EG11804-MONOMER	37.0000	37.0000	36.8095	36.0000	36.0000	36.0000	36.0000	36.0000
EG11805-MONOMER	38.0000	38.0000	38.0000	38.0000	38.0000	38.0000	38.0000	38.0000
EG11806-MONOMER	52.0000	52.0000	52.0000	52.0000	52.0000	52.0000	52.0000	52.0000
EG11807-MONOMER	63.0000	63.0000	63.7143	64.8182	65.2857	65.0000	65.0000	65.0000
EG11808-MONOMER	218.0000	218.0000	218.0000	218.0000	217.7143	217.0000	217.0000	217.0000
EG11811-MONOMER	19.0000	19.0000	19.0000	19.0000	19.0000	19.0000	19.0000	19.0000
EG11812-MONOMER	2.0000	2.6190	4.2857	9.5909	12.8571	16.6818	21.3333	25.2727
EG11815-MONOMER	13.0000	13.0000	13.0000	13.0000	13.0000	13.0000	13.0000	13.0000
EG11816-MONOMER	156.0000	156.0000	156.0000	156.6364	157.0000	157.6364	159.5714	160.7273
EG11817-MONOMER	79.0000	79.0000	79.0000	79.0000	79.0000	79.0000	79.0000	79.0000
EG11820-MONOMER	534.0000	534.8571	535.3333	541.2273	546.4762	548.9091	555.0952	557.7727
EG11822-MONOMER	112.0000	114.0000	121.0476	127.1818	132.3333	140.4091	145.7143	149.5455
EG11824-MONOMER	123.0000	123.0000	123.0000	123.0000	123.0000	123.0000	123.0000	123.0000
EG11825-MONOMER	185.0000	185.0000	185.0000	185.0000	185.0000	185.0000	185.0476	186.9545
EG11826-MONOMER	11.0000	11.0000	11.0000	11.0000	11.0000	11.0000	11.0000	11.0000
EG11828-MONOMER	47.0000	47.0000	47.0000	47.0000	47.0000	47.0000	47.0000	47.0000
EG11829-MONOMER	29.0000	29.0000	29.0000	29.0000	29.0000	29.0000	29.0000	29.0000
EG11830-MONOMER	1212.0000	1212.0000	1212.0000	1212.0000	1212.0000	1212.0000	1210.7619	1210.0000
EG11831-MONOMER	55.0000	55.0000	55.8095	56.8636	57.0000	57.0000	57.0000	57.0000
EG11832-MONOMER	12.0000	12.0000	12.0000	12.0000	12.0000	12.0000	12.0000	12.0000
EG11833-MONOMER	31.0000	31.0000	31.0000	31.0000	31.0000	31.0000	31.0000	31.0000
EG11835-MONOMER	1369.0000	1381.1905	1406.0952	1416.4091	1426.2857	1442.8636	1456.3333	1476.5909
EG11837-MONOMER	2868.0000	2876.7143	2894.0952	2912.8636	2935.5714	2960.5000	2987.9048	3003.7727
EG11838-MONOMER	20.0000	20.0000	20.0000	20.0000	20.0000	20.0000	20.0000	20.0000
EG11839-MONOMER	25.0000	25.0000	25.0000	25.0000	25.0000	25.0000	25.0000	25.0000
EG11843-MONOMER	5.0000	5.0000	5.0000	5.0000	5.0000	5.0000	5.0000	5.0000
EG11844-MONOMER	6.0000	6.0000	6.0000	6.0000	6.0000	6.0000	6.0000	6.0000
EG11845-MONOMER	20.0000	20.0000	20.0000	20.0000	20.0000	20.0000	20.0000	20.0000
EG11846-MONOMER	26.0000	26.0000	26.0000	26.0000	26.0000	26.0000	26.0000	26.0000
EG11847-MONOMER	18.0000	18.0000	18.0000	18.0000	18.0000	18.0000	18.0000	18.0000
EG11848-MONOMER	11.0000	11.0000	11.0000	11.0000	11.0000	11.0000	11.0000	11.0000
EG11849-MONOMER	67.0000	67.0000	67.0000	67.0000	67.0000	67.0000	66.3810	66.0000
EG11850-MONOMER	110.0000	112.7619	114.4762	115.9545	120.0000	122.0000	123.8571	125.8636
EG11851-MONOMER	36.0000	36.0952	37.0000	38.1364	39.9524	41.4545	43.2857	46.4545
EG11852-MONOMER	287.0000	287.8571	291.4762	296.5000	301.0952	305.8636	314.2381	322.5909
EG11853-MONOMER	163.0000	163.0000	165.6190	168.3182	170.4762	177.5909	183.1429	184.7273
EG11854-MONOMER	1.0000	1.0000	1.0000	1.0000	1.0000	1.0000	1.0000	1.0000
EG11855-MONOMER	20.0000	20.0000	20.0000	20.0000	20.0000	20.0000	20.0000	20.0000
EG11859-MONOMER	59.0000	59.0000	59.0000	59.0000	59.0000	59.0000	59.0000	59.0000
EG11860-MONOMER	9.0000	9.0000	9.0000	9.0000	9.0000	9.0000	9.0000	9.0000
EG11861-MONOMER	9.0000	9.0000	9.0000	9.0000	9.0000	9.0000	9.0000	9.0000
EG11862-MONOMER	5.0000	5.0000	5.0000	5.0000	5.0000	5.0000	5.0000	5.0000
EG11865-MONOMER	11.0000	11.0000	11.0000	11.0000	11.0000	11.0000	11.0000	11.0000
EG11870-MONOMER	163.0000	163.0000	163.0000	163.0000	163.0000	163.0000	163.0000	163.0000
EG11874-MONOMER	181.0000	181.0000	181.0000	181.0000	181.0000	181.0000	181.0000	181.0000
EG11875-MONOMER	68.0000	68.0000	68.0000	68.0000	68.0000	68.0000	68.0000	68.0000
EG11876-MONOMER	361.0000	363.6667	367.9048	375.1364	384.5714	388.6364	392.7619	403.4091
EG11877-MONOMER	390.0000	391.8095	397.0000	400.9545	412.4286	421.7727	428.0476	433.5000
EG11878-MONOMER	6990.0000	6994.2381	7008.0000	7022.0909	7034.7619	7046.5909	7060.2381	7075.5000
EG11879-MONOMER	737.0000	737.0000	740.9048	746.2727	749.0000	750.6818	754.9524	758.8182
EG11881-MONOMER	916.0000	916.0000	916.0000	916.0000	916.0000	916.0000	916.0000	916.0000
EG11882-MONOMER	9.0000	9.0000	9.0000	9.0000	9.0000	9.0000	9.0000	9.0000
EG11884-MONOMER	323.0000	326.0476	330.7619	338.6364	350.2381	358.7273	366.7619	374.5455
EG11885-MONOMER	945.0000	945.0000	946.2381	950.7273	954.8571	955.0000	955.1905	961.8182
EG11886-MONOMER	280.0000	280.0000	280.0000	280.0000	281.0476	282.0000	281.8095	281.0000
EG11888-MONOMER	120.0000	120.0000	120.0000	120.0000	120.0000	120.0000	120.0000	120.0000
EG11889-MONOMER	7.0000	7.0000	7.0000	7.0000	7.0000	7.0000	7.0000	7.0000
EG11890-MONOMER	4.0000	4.0000	4.0000	4.0000	4.0000	4.0000	4.0000	4.0000
EG11891-MONOMER	18.0000	18.0000	18.0000	18.0000	18.0000	18.0000	18.0000	18.0000
EG11892-MONOMER	61.0000	62.9524	67.5238	74.5909	76.5714	78.7273	81.2857	85.0455
EG11894-MONOMER	1575.0000	1578.3333	1587.6190	1597.6818	1608.0476	1622.5455	1631.4286	1643.0909
EG11895-MONOMER	210.0000	210.0000	210.0000	210.0000	210.0000	210.0000	210.0000	210.0000
EG11899-MONOMER	8.0000	8.0000	8.0000	8.0000	8.0000	8.0000	8.0000	8.0000
EG11900-MONOMER	13.0000	13.0000	13.0000	13.0000	13.0000	13.0000	13.0000	13.0000
EG11901-MONOMER	12.0000	12.0000	12.0000	12.0000	12.0000	12.0000	12.0000	12.0000
EG11902-MONOMER	4.0000	4.0000	4.0000	4.0000	4.0000	4.0000	4.0000	4.0000
EG11903-MONOMER	10.0000	10.0000	10.0000	10.0000	10.0000	10.0000	10.0000	10.0000
EG11905-MONOMER	15.0000	15.0000	15.0000	15.0000	15.0000	15.0000	15.0000	15.0000
EG11906-MONOMER	9.0000	9.0000	9.0000	9.0000	9.0000	9.0000	9.0000	9.0000
EG11910-MONOMER	12.0000	12.0000	12.0000	12.0000	12.0000	12.0000	12.0000	12.0000
EG11911-MONOMER	14.0000	14.0000	14.0000	14.0000	14.0000	14.0000	14.0000	14.0000
EG11912-MONOMER	16.0000	16.0000	16.0000	16.0000	16.0000	16.0000	16.0000	16.0000
EG11913-MONOMER	57.0000	57.0000	57.0000	57.0000	57.0000	57.0000	57.0000	57.0000
EG11914-MONOMER	353.0000	353.0000	353.0000	353.0000	353.0000	353.0000	353.0000	353.0000
EG11915-MONOMER	43.0000	43.0000	43.0000	43.0000	43.0000	43.6818	44.7619	46.0000
EG11916-MONOMER	529.0000	529.0000	529.0000	529.0000	529.0000	529.0000	530.2857	535.5909
EG11917-MONOMER	3.0000	3.0000	3.0000	3.0000	3.0000	3.0000	3.0000	3.0000
EG11918-MONOMER	12.0000	12.0000	12.0000	12.0000	12.0000	12.0000	12.0000	12.0000
EG11919-MONOMER	38.0000	38.0000	38.0000	38.0000	38.0000	38.0000	38.0000	38.0000
EG11920-MONOMER	26.0000	26.0000	26.0000	26.0000	26.0000	26.0000	26.0000	26.0000
EG11921-MONOMER	268.0000	268.0000	268.0000	268.0000	268.0000	268.8182	271.0952	272.0000
EG11922-MONOMER	130.0000	130.0000	130.0000	130.0000	130.0000	130.0000	128.9524	128.0000
EG11923-MONOMER	83.0000	83.0000	83.0000	83.0000	83.0000	83.0000	83.0000	83.0000
EG11924-MONOMER	7.0000	7.0000	7.0000	7.0000	7.0000	7.0000	7.0000	7.0000
EG11925-MONOMER	8.0000	8.0000	8.0000	8.0000	8.0000	8.0000	8.0000	8.0000
EG11926-MONOMER	7.0000	7.0000	7.0000	7.0000	7.0000	7.0000	7.0000	7.0000
EG11928-MONOMER	48.0000	48.0000	48.0000	48.0000	48.0000	48.0000	48.0000	48.0000
EG11929-MONOMER	79.0000	79.0000	79.0000	79.0000	79.0000	79.0000	79.0000	79.0000
EG11930-MONOMER	3.0000	3.0000	3.0000	3.0000	3.0000	3.0000	3.0000	3.0000
EG11931-MONOMER	2.0000	2.0000	2.0000	2.0000	2.0000	2.0000	2.0000	2.0000
EG11932-MONOMER	168.0000	167.1905	166.0000	165.6818	164.1905	164.0000	164.0000	164.0000
EG11933-MONOMER	14.0000	14.0000	14.0000	14.0000	14.0000	14.0000	14.0000	14.0000
EG11935-MONOMER	147.0000	147.0000	147.0000	147.0000	147.0000	147.0000	147.0000	146.3636
EG11936-MONOMER	391.0000	390.7619	389.1905	389.0000	389.0000	389.0000	388.0952	388.0000
EG11937-MONOMER	145.0000	145.0000	145.0000	145.0000	145.0000	145.0000	145.0000	145.0000
EG11938-MONOMER	18.0000	18.0000	18.0000	18.0000	18.0000	18.0000	18.0000	18.0000
EG11939-MONOMER	317.0000	317.0000	316.0476	316.0000	316.0000	316.0000	316.0000	316.0000
EG11941-MONOMER	1.0000	1.0000	1.0000	1.0000	1.0000	1.0000	1.0000	1.0000
EG11948-MONOMER	7.0000	7.0000	7.0000	7.0000	7.0000	7.0000	7.0000	7.0000
EG11949-MONOMER	6.0000	6.0000	6.0000	6.0000	6.0000	6.0000	6.0000	6.0000
EG11950-MONOMER	13.0000	13.0000	13.0000	13.0000	13.0000	13.0000	13.0000	13.0000
EG11951-MONOMER	134.0000	134.0000	134.0000	134.0000	134.0000	134.0000	134.0000	134.0000
EG11952-MONOMER	6.0000	6.0000	6.0000	6.0000	6.0000	6.0000	6.0000	6.0000
EG11954-MONOMER	5.0000	5.0000	5.0000	5.0000	5.0000	5.0000	5.0000	5.0000
EG11955-MONOMER	2.0000	2.0000	2.0000	2.0000	2.0000	2.0000	2.0000	2.0000
EG11956-MONOMER	26.0000	26.0000	26.0000	26.0000	26.0000	26.0000	26.0000	26.0000
EG11957-MONOMER	39.0000	39.0000	39.0000	39.0000	39.0000	39.0000	39.0000	39.0000
EG11962-MONOMER	15.0000	15.0000	15.7619	16.0000	16.0000	16.0000	16.0000	16.0000
EG11964-MONOMER	1023.0000	1023.0000	1023.0000	1023.0000	1023.0000	1022.8636	1025.7619	1036.9091
EG11966-MONOMER	2.0000	2.0000	2.0000	2.0000	2.0000	2.0000	2.0000	2.0000
EG11967-MONOMER	1616.0000	1617.9524	1623.0476	1624.9545	1629.5238	1639.0455	1650.1429	1660.3636
EG11969-MONOMER	87.0000	87.0000	87.0000	87.0000	87.0000	87.0000	87.0000	87.0000
EG11970-MONOMER	17.0000	17.0000	17.0000	17.0000	17.0000	17.0000	17.0000	17.0000
EG11972-MONOMER	7.0000	7.0000	7.0000	7.0000	7.0000	7.0000	7.0000	7.0000
EG11973-MONOMER	10.0000	10.0000	10.0000	10.0000	10.0000	10.0000	10.0000	10.0000
EG11974-MONOMER	88.0000	88.0000	88.0000	88.0000	88.0000	88.0000	88.0476	89.0000
EG11975-MONOMER	664.0000	664.0000	664.0000	664.0000	665.1905	670.3636	671.4286	676.4091
EG11976-MONOMER	643.0000	643.0000	643.0000	643.0000	643.0000	643.6364	647.6190	653.9545
EG11977-MONOMER	681.0000	681.0000	681.0000	680.6818	680.0000	682.1364	687.2857	694.3182
EG11982-MONOMER	53.0000	53.6667	54.3810	55.0000	55.0000	55.0000	55.0000	55.0000
EG11983-MONOMER	254.0000	254.0000	254.0000	254.0000	254.0000	254.0000	253.9048	253.0000
EG11984-MONOMER	120.0000	120.0000	120.0000	120.0000	119.8571	119.0000	119.0000	119.0000
EG11985-MONOMER	97.0000	97.0000	96.6667	96.0000	96.0000	95.9545	95.0000	95.0000
EG11987-MONOMER	3.0000	3.0000	3.0000	3.0000	3.0000	3.0000	3.0000	3.0000
EG11988-MONOMER	2.0000	2.0000	2.0000	2.0000	2.0000	2.0000	2.0000	2.0000
EG11989-MONOMER	5.0000	5.0000	5.0000	5.0000	5.0000	5.0000	5.0000	5.0000
EG11990-MONOMER	2.0000	2.0000	2.0000	2.0000	2.0000	2.0000	2.0000	2.0000
EG11991-MONOMER	81.0000	81.0000	81.0000	81.0000	81.0000	80.3182	80.0000	80.0000
EG11992-MONOMER	7.0000	7.0000	7.0000	7.0000	7.0000	7.0000	7.0000	7.0000
EG11995-MONOMER	16.0000	16.0000	16.0000	16.0000	16.0000	16.0000	16.0000	16.0000
EG11998-MONOMER	5.0000	5.0000	5.0000	5.0000	5.0000	5.0000	5.0000	5.0000
EG11999-MONOMER	8.0000	8.0000	8.0000	8.0000	8.0000	8.0000	8.0000	8.0000
EG12002-MONOMER	2.0000	2.0000	2.0000	2.0000	2.0000	2.0000	2.0000	2.0000
EG12003-MONOMER	2.0000	2.0000	2.0000	2.0000	2.0000	2.0000	2.0000	2.0000
EG12004-MONOMER	9.0000	9.0000	9.0000	9.0000	9.0000	9.0000	9.0000	9.0000
EG12005-MONOMER	281.0000	281.0000	281.0000	281.0000	281.0000	281.0000	281.0000	281.0000
EG12006-MONOMER	38.0000	38.0000	38.0000	38.0000	38.0000	38.0000	38.0000	38.0000
EG12007-MONOMER	16.0000	16.0000	16.0000	16.0000	16.0000	16.0000	16.0000	16.0000
EG12008-MONOMER	46.0000	46.0000	46.0000	46.0000	48.4762	58.0455	63.7619	68.0000
EG12013-MONOMER	170.0000	170.0000	170.0000	170.0000	170.0000	170.0000	170.0000	170.0000
EG12015-MONOMER	254.0000	254.0000	254.0000	254.0000	254.0000	254.0000	253.1429	253.0000
EG12016-MONOMER	31.0000	31.0000	31.0000	31.0000	31.0000	31.0000	31.0000	31.0000
EG12017-MONOMER	61.0000	61.0000	61.0000	61.0000	61.0000	61.0000	61.0000	61.0000
EG12019-MONOMER	16.0000	16.0000	16.0000	16.0000	15.5238	15.0000	15.0000	15.0000
EG12022-MONOMER	9.0000	9.0000	9.0000	9.0000	9.0000	9.0000	9.0000	9.0000
EG12023-MONOMER	31.0000	31.0000	31.0000	31.0000	31.0000	31.0000	31.0000	31.0000
EG12024-MONOMER	23.0000	23.0000	23.0000	23.0000	23.0000	23.0000	23.0000	23.0000
EG12025-MONOMER	21.0000	21.0000	21.0000	21.0000	21.0000	21.0000	21.0000	21.0000
EG12026-MONOMER	1199.0000	1200.7143	1206.8571	1211.1818	1214.0476	1223.5000	1233.0000	1237.7727
EG12027-MONOMER	33.0000	32.8571	32.0000	32.0000	32.0000	32.0000	32.0000	32.0000
EG12028-MONOMER	11.0000	11.0000	11.0000	11.0000	11.0000	11.0000	11.0000	11.0000
EG12030-MONOMER	3.0000	3.0000	3.0000	3.0000	3.0000	3.0000	3.0000	3.0000
EG12031-MONOMER	5.0000	5.0000	5.0000	5.0000	5.0000	5.0000	5.0000	5.0000
EG12033-MONOMER	2.0000	2.0000	2.0000	2.0000	2.0000	2.0000	2.0000	2.0000
EG12035-MONOMER	1683.0000	1682.1905	1681.9048	1681.0000	1681.0000	1678.5909	1674.8095	1670.2727
EG12036-MONOMER	58.0000	58.0000	58.0000	58.0000	58.0000	58.0000	58.0000	58.0000
EG12042-MONOMER	532.0000	532.0000	532.0000	532.3636	538.0000	549.1818	559.7143	568.5909
EG12043-MONOMER	3107.0000	3115.9048	3129.5238	3151.0000	3176.7143	3192.8182	3206.8095	3217.6364
EG12044-MONOMER	767.0000	769.7143	778.8095	788.8182	803.2857	820.7727	827.8571	834.8636
EG12045-MONOMER	36.0000	36.0000	36.0000	36.0000	36.0000	36.0000	36.0000	36.0000
EG12048-MONOMER	409.0000	409.0000	409.0000	409.0000	409.0000	409.0000	409.0000	409.0000
EG12049-MONOMER	47.0000	47.0000	47.0000	47.0000	47.0000	47.0000	47.0000	47.0000
EG12052-MONOMER	9.0000	9.0000	9.0000	9.0000	9.0000	9.0000	9.0000	9.0000
EG12053-MONOMER	24.0000	24.0000	24.0000	24.0000	24.0000	24.0000	24.0000	24.0000
EG12054-MONOMER	6.0000	6.0000	6.0000	6.0000	6.0000	6.0000	6.0000	6.0000
EG12069-MONOMER	341.0000	341.0000	341.0000	341.0000	341.0000	341.0000	340.2381	340.0000
EG12073-MONOMER	23.0000	23.0000	23.0000	23.0000	23.0000	23.0000	23.0000	23.0000
EG12080-MONOMER	3.0000	3.0000	3.0000	3.0000	3.0000	3.0000	3.0000	3.0000
EG12081-MONOMER	20.0000	20.0000	20.0000	20.0000	20.0000	20.0000	20.0000	20.0000
EG12094-MONOMER	54.0000	54.0000	54.0000	54.0000	54.0000	54.0000	54.0000	54.0000
EG12096-MONOMER	8.0000	8.0000	8.0000	8.0000	8.0000	8.0000	8.0000	8.0000
EG12097-MONOMER	100.0000	102.9524	104.9524	107.2727	108.5714	110.1364	113.0000	113.0000
EG12098-MONOMER	329.0000	337.9048	347.1429	352.3636	358.6190	364.5455	367.0000	367.0000
EG12099-MONOMER	3999.0000	4006.8095	4025.9524	4033.1818	4038.5714	4050.0909	4074.7619	4089.1818
EG12101-MONOMER	318.0000	318.0000	318.0000	318.0000	318.0000	318.0000	318.0000	318.0000
EG12104-MONOMER	77.0000	77.0000	77.0000	76.3182	76.0000	76.0000	76.0000	76.0000
EG12105-MONOMER	36.0000	36.0000	36.0000	36.0000	36.3333	38.3636	41.0952	43.6364
EG12106-MONOMER	23.0000	23.0000	23.0000	23.0000	23.0000	23.0000	23.0000	23.0000
EG12107-MONOMER	23.0000	23.0000	23.0000	23.0000	23.0000	23.0000	23.0000	23.0000
EG12108-MONOMER	25.0000	25.0000	25.0000	25.0000	25.0000	25.0000	25.0000	25.0000
EG12110-MONOMER	280.0000	282.2381	286.5238	295.3636	301.1905	307.5455	314.9524	321.6364
EG12111-MONOMER	672.0000	673.0952	676.2857	678.7273	680.6190	684.8636	688.7619	695.0909
EG12113-MONOMER	14.0000	14.0000	14.0000	14.0000	14.0000	14.0000	14.0000	14.0000
EG12114-MONOMER	614.0000	615.3810	616.9048	617.0000	616.1905	615.9545	615.0000	615.0000
EG12115-MONOMER	166.0000	166.0000	166.0000	166.0000	166.0000	166.0000	166.0000	166.0000
EG12116-MONOMER	146.0000	146.0000	146.0000	146.0000	146.0000	146.0000	146.0000	146.0000
EG12117-MONOMER	15812.0000	15852.2857	15934.7619	16038.9545	16143.8571	16238.6818	16363.4286	16479.4545
EG12119-MONOMER	163.0000	163.0000	163.0000	163.0000	163.0000	163.0000	163.0000	163.0000
EG12120-MONOMER	96.0000	96.0000	96.0000	96.0000	96.0476	97.5455	98.0000	98.0000
EG12121-MONOMER	66.0000	66.0000	66.0000	66.0000	66.0000	66.0000	66.0000	66.0000
EG12122-MONOMER	81.0000	81.0000	81.0000	81.0000	81.0000	81.0000	81.0000	81.0000
EG12123-MONOMER	139.0000	139.0000	139.0000	139.0000	139.0000	139.0000	139.0000	139.0000
EG12128-MONOMER	224.0000	224.0000	223.6667	223.0000	223.0000	223.0000	223.0000	223.0000
EG12130-MONOMER	251.0000	251.8571	255.7143	261.3182	263.6667	268.1818	275.8571	280.2727
EG12131-MONOMER	235.0000	235.5714	237.3810	239.2273	242.7619	247.3182	249.9048	252.0909
EG12132-MONOMER	249.0000	249.0000	249.2857	251.5455	255.9524	257.7273	258.0000	259.1818
EG12133-MONOMER	155.0000	155.0000	155.0000	155.0000	155.0000	155.0000	154.5714	154.0000
EG12134-MONOMER	24.0000	24.0000	24.0000	24.0000	24.0000	24.0000	24.0000	24.0000
EG12137-MONOMER	78.0000	78.0000	78.0000	78.0000	78.0000	83.6364	88.8571	98.9091
EG12138-MONOMER	26.0000	26.0000	26.0000	26.0000	26.0000	26.0000	26.0000	26.0000
EG12139-MONOMER	71.0000	71.9048	72.8095	76.3636	78.2857	80.0000	80.1429	82.0455
EG12140-MONOMER	45.0000	45.0000	45.0000	45.0000	45.0000	45.0000	45.0000	45.0000
EG12146-MONOMER	564.0000	564.2381	566.5714	568.0000	568.0000	568.0000	568.0000	569.0455
EG12147-MONOMER	340.0000	340.9524	341.0000	341.0000	341.0000	340.0455	340.0000	339.5909
EG12154-MONOMER	9.0000	9.0000	9.0000	9.0000	9.0000	9.0000	9.0000	9.0000
EG12155-MONOMER	6.0000	6.0000	6.0000	6.0000	6.0000	6.0000	6.0000	6.0000
EG12158-MONOMER	509.0000	511.3333	519.1429	530.0455	532.0000	532.0000	532.0000	531.0455
EG12159-MONOMER	3023.0000	3037.2857	3068.5714	3098.4545	3127.3333	3161.0909	3188.3810	3210.8636
EG12163-MONOMER	212.0000	213.8571	217.2381	219.0909	224.4762	226.0000	226.0000	226.0000
EG12165-MONOMER	140.0000	140.0000	140.0000	140.0000	140.0000	140.0000	140.0000	140.0000
EG12166-MONOMER	41.0000	41.0000	41.0000	41.0000	41.0000	41.0000	41.0000	41.0000
EG12167-MONOMER	68.0000	68.0000	68.0000	68.0000	68.0000	68.0000	68.0000	68.0000
EG12169-MONOMER	32.0000	32.0000	32.0000	32.0000	32.0000	32.0000	32.0000	32.0000
EG12171-MONOMER	9.0000	9.0000	9.0000	9.0000	9.0000	9.0000	9.0000	9.0000
EG12172-MONOMER	958.0000	969.5238	1002.4762	1048.8636	1083.2857	1127.5455	1166.5238	1200.0909
EG12173-MONOMER	5.0000	5.0000	5.0000	5.0000	5.0000	5.0000	5.0000	5.0000
EG12176-MONOMER	334.0000	334.0000	334.0000	334.0000	334.0000	333.9091	333.0000	332.5909
EG12177-MONOMER	134.0000	134.0000	134.0000	134.0000	134.0000	135.4545	137.2857	138.0000
EG12179-MONOMER	94981.0000	95338.3333	96045.0476	96821.0455	97602.4286	98400.6818	99184.3810	99966.5000
EG12180-MONOMER	14.0000	14.0000	14.0000	14.0000	14.0000	14.0000	14.0000	14.0000
EG12181-MONOMER	3642.0000	3642.0000	3642.0000	3642.0000	3642.0000	3642.0000	3642.0000	3642.0000
EG12182-MONOMER	3094.0000	3094.0000	3094.0000	3094.0000	3093.2857	3093.0000	3093.0000	3093.0000
EG12188-MONOMER	206.0000	206.0000	206.0000	206.0000	206.0000	205.5455	203.2381	202.3636
EG12190-MONOMER	96.0000	96.0000	96.0000	96.0000	95.6667	95.0000	95.0000	95.0000
EG12193-MONOMER	107.0000	107.0000	107.0000	107.0000	107.0000	107.0000	107.0000	107.0000
EG12194-MONOMER	67.0000	67.0000	67.0000	67.0000	67.0000	67.0000	67.0000	67.0000
EG12195-MONOMER	18.0000	18.0000	18.0000	18.0000	18.0000	18.0000	18.0000	18.0000
EG12196-MONOMER	3.0000	3.0000	3.0000	3.0000	3.0000	3.0000	3.0000	3.0000
EG12197-MONOMER	1042.0000	1044.9048	1053.3333	1058.6364	1068.3333	1074.7727	1081.0952	1084.0909
EG12198-MONOMER	52.0000	52.0000	52.0000	52.0000	52.0000	52.0000	52.0000	52.0000
EG12200-MONOMER	46.0000	46.0000	46.0000	46.0000	46.0000	46.0000	46.0000	46.0000
EG12201-MONOMER	40.0000	40.0000	40.0000	40.0000	40.0000	40.0000	40.0000	40.0000
EG12202-MONOMER	112.0000	112.0000	112.0000	112.0000	112.0000	112.0000	112.0000	112.0000
EG12203-MONOMER	37.0000	37.0000	36.1905	35.6818	34.4286	34.0000	32.8095	31.5000
EG12204-MONOMER	26851.0000	26935.9048	27089.6190	27240.2273	27408.7619	27633.5909	27863.2857	28113.1818
EG12205-MONOMER	99.0000	99.0000	99.0000	99.0000	99.0000	99.0000	99.0000	99.0000
EG12207-MONOMER	271.0000	271.0000	271.0000	271.0000	271.0000	271.0000	271.0000	271.0000
EG12209-MONOMER	270.0000	278.0000	287.8095	295.8636	303.0952	308.7273	316.8571	325.2273
EG12210-MONOMER	72.0000	72.0000	71.9048	71.0000	71.0000	71.0000	70.7143	70.0000
EG12211-MONOMER	215.0000	215.0000	215.0000	215.0000	215.0000	216.5000	225.1905	235.6818
EG12212-MONOMER	171.0000	171.0000	171.0000	171.0000	171.0000	170.1364	170.0000	170.0000
EG12213-MONOMER	136.0000	136.0000	136.0000	136.0000	136.0000	136.0000	136.0000	136.0000
EG12214-MONOMER	105.0000	105.0000	105.0000	105.0000	105.0000	104.5455	104.0000	104.0000
EG12216-MONOMER	338.0000	338.0000	338.0000	338.0000	338.0000	338.0000	338.0000	338.0000
EG12217-MONOMER	55.0000	55.0000	55.0000	55.0000	55.0000	55.0000	55.0000	55.0000
EG12220-MONOMER	31.0000	32.9048	37.0000	37.0000	37.0000	37.0000	37.0000	37.0000
EG12221-MONOMER	122.0000	122.0000	122.0000	122.0000	122.0000	122.0000	122.0000	122.0000
EG12224-MONOMER	71.0000	71.0000	71.0000	71.0000	71.0000	69.8636	69.0000	69.0000
EG12225-MONOMER	5.0000	5.0000	5.0000	5.0000	5.0000	5.0000	5.0000	5.0000
EG12229-MONOMER	47.0000	47.0000	47.0000	47.0000	47.0000	47.0000	47.0000	47.0000
EG12231-MONOMER	21.0000	21.0000	21.0000	21.0000	21.0000	21.0000	21.0000	21.0000
EG12233-MONOMER	92.0000	92.0000	92.0000	92.0000	92.0000	92.0000	92.0000	92.0000
EG12234-MONOMER	226.0000	226.5238	227.0000	227.0000	227.0000	227.0000	227.0000	227.0000
EG12235-MONOMER	21.0000	21.0000	21.0000	21.0000	21.0000	21.0000	21.0000	21.0000
EG12237-MONOMER	25.0000	25.0000	25.0000	25.0000	25.0000	25.0000	25.0000	25.0000
EG12240-MONOMER	11.0000	11.0000	11.0000	11.0000	11.0000	11.0000	11.0000	11.0000
EG12242-MONOMER	6.0000	6.0000	6.0000	6.0000	6.0000	6.0000	6.0000	6.0000
EG12243-MONOMER	4.0000	4.0000	4.0000	4.0000	4.0000	4.0000	4.0000	4.0000
EG12244-MONOMER	7.0000	7.0000	7.0000	7.0000	7.0000	7.0000	7.0000	7.0000
EG12246-MONOMER	31.0000	31.0000	31.0000	31.0000	31.0000	31.0000	31.0000	31.0000
EG12247-MONOMER	12.0000	12.9524	13.7143	14.0000	14.6190	15.2273	16.2857	18.1364
EG12248-MONOMER	71.0000	71.0000	71.0000	71.0000	71.0000	71.0000	71.0000	71.0000
EG12251-MONOMER	162.0000	160.4762	160.0000	158.8636	157.4286	157.0000	157.0000	157.0000
EG12252-MONOMER	1528.0000	1529.1905	1536.0000	1546.3182	1552.3333	1561.4545	1572.6667	1580.7273
EG12254-MONOMER	95.0000	95.0000	95.0000	95.0000	95.0000	95.0000	95.0000	95.0000
EG12256-MONOMER	25.0000	25.0000	25.0000	26.9091	29.0000	29.0000	29.0000	29.0000
EG12257-MONOMER	5.0000	5.0000	5.0000	5.0000	5.0000	5.0000	5.0000	5.0000
EG12258-MONOMER	6.0000	6.0000	6.0000	6.0000	6.0000	6.0000	6.0000	6.0000
EG12259-MONOMER	11.0000	11.0000	11.0000	11.0000	11.0000	11.0000	11.0000	11.0000
EG12260-MONOMER	1.0000	1.0000	1.0000	1.0000	1.0000	1.0000	1.0000	1.0000
EG12262-MONOMER	14.0000	14.0000	14.0000	14.0000	14.0000	14.0000	14.0000	14.0000
EG12263-MONOMER	105.0000	105.0000	105.0000	105.0000	105.0000	105.0000	105.0000	105.0000
EG12264-MONOMER	252.0000	252.0000	252.0000	252.0000	252.0000	252.0000	252.0000	251.9091
EG12265-MONOMER	130.0000	130.0000	130.0000	130.0000	130.0000	129.0000	128.8571	128.0000
EG12267-MONOMER	15.0000	15.0000	15.0000	15.0000	15.0000	15.0000	15.0000	15.0000
EG12269-MONOMER	86.0000	86.0000	86.0000	86.0000	86.0000	86.0000	86.0000	85.8182
EG12270-MONOMER	139.0000	139.0000	139.0000	139.0000	139.0000	139.0000	139.0000	139.0000
EG12271-MONOMER	234.0000	234.0000	234.0000	232.2727	232.0000	232.0000	232.0000	232.0000
EG12273-MONOMER	709.0000	708.5238	708.0000	708.0000	708.0000	708.0000	708.0000	708.0000
EG12274-MONOMER	19.0000	19.0000	19.0000	19.0000	19.0000	19.0000	19.0000	19.0000
EG12277-MONOMER	95.0000	95.0000	95.0000	95.0000	95.0000	95.0000	95.0000	95.0000
EG12278-MONOMER	117.0000	117.5714	119.6190	121.0000	121.0000	121.0000	121.0000	121.0000
EG12279-MONOMER	7.0000	7.0000	7.0000	7.0000	7.0000	7.0000	7.0000	7.0000
EG12280-MONOMER	5.0000	5.0000	5.0000	5.0000	5.0000	5.0000	5.0000	5.0000
EG12282-MONOMER	7.0000	7.0000	7.0000	7.0000	7.0000	7.0000	7.0000	7.0000
EG12283-MONOMER	8.0000	8.0000	8.0000	8.0000	8.0000	8.0000	8.0000	8.0000
EG12285-MONOMER	9.0000	9.0000	9.0000	9.0000	9.0000	9.0000	9.0000	9.0000
EG12286-MONOMER	8.0000	8.0000	8.0000	8.0000	8.0000	8.0000	8.0000	8.0000
EG12287-MONOMER	4.0000	4.0000	4.0000	4.0000	4.0000	4.0000	4.0000	4.0000
EG12288-MONOMER	11.0000	11.0000	11.0000	11.0000	11.0000	11.0000	10.9048	10.0000
EG12289-MONOMER	20.0000	20.0000	20.0000	20.0000	20.0000	20.0000	20.0000	20.0000
EG12290-MONOMER	2.0000	2.0000	2.0000	2.0000	2.0000	2.0000	2.0000	2.0000
EG12291-MONOMER	4.0000	4.0000	4.0000	4.0000	4.0000	4.0000	4.0000	4.0000
EG12293-MONOMER	1.0000	1.0000	1.0000	1.0000	1.0000	1.0000	1.0000	1.0000
EG12295-MONOMER	1715.0000	1715.0000	1715.0000	1713.0909	1713.0000	1713.0000	1712.4762	1712.2273
EG12297-MONOMER	810.0000	811.1429	814.0000	816.1364	821.9048	825.7727	829.2381	832.2727
EG12298-MONOMER	2225.0000	2226.9048	2231.1905	2239.4545	2247.4762	2256.6364	2264.7143	2271.0909
EG12303-MONOMER	2253.0000	2255.5714	2263.3810	2270.0000	2273.9524	2277.8182	2284.0952	2293.6818
EG12308-MONOMER	22.0000	22.0000	22.0000	22.0000	22.0000	22.0000	22.0000	22.0000
EG12309-MONOMER	145.0000	145.0000	145.0000	145.0000	145.0000	145.0000	145.0000	145.0000
EG12310-MONOMER	259.0000	259.0000	259.0000	259.0000	259.0000	259.0000	259.0000	259.0000
EG12311-MONOMER	656.0000	657.2381	660.3333	663.7727	668.0476	670.6818	677.4286	682.0909
EG12312-MONOMER	60.0000	60.0000	60.0000	60.0000	60.0000	60.0000	60.0000	60.0000
EG12313-MONOMER	296.0000	298.4286	300.0000	300.0000	300.0000	300.0000	300.0000	300.0000
EG12314-MONOMER	721.0000	724.8095	729.0000	729.0000	729.0000	729.0000	729.0000	729.0000
EG12315-MONOMER	12.0000	12.0000	12.0000	12.0000	12.0000	12.0000	12.0000	12.0000
EG12318-MONOMER	294.0000	294.0000	294.0000	294.0000	294.0000	294.0000	293.2381	292.6364
EG12319-MONOMER	8982.0000	9009.4286	9068.2381	9116.1364	9135.5238	9156.9545	9191.0000	9212.4091
EG12323-MONOMER	42.0000	42.0000	42.0000	42.0000	42.0000	41.5909	41.0000	41.0000
EG12325-MONOMER	8.0000	8.0000	8.0000	8.0000	8.0000	8.0000	8.0000	8.0000
EG12326-MONOMER	8.0000	8.0000	8.0000	8.0000	8.0000	8.0000	8.0000	8.0000
EG12327-MONOMER	7.0000	7.0000	7.0000	7.0000	7.0000	7.0000	7.0000	7.0000
EG12328-MONOMER	2.0000	2.0000	2.0000	2.0000	2.0000	2.0000	2.0000	2.0000
EG12329-MONOMER	19.0000	19.0000	19.0000	19.0000	19.0000	19.0000	19.0000	19.0000
EG12330-MONOMER	20.0000	20.0000	20.0000	20.0000	20.0000	20.0000	20.0000	20.0000
EG12332-MONOMER	733.0000	733.0000	733.0000	733.0000	733.0000	737.7273	748.0000	748.0000
EG12333-MONOMER	27.0000	27.0000	27.0000	27.0000	27.0000	27.0000	27.0000	27.0000
EG12334-MONOMER	19.0000	19.0000	19.0000	19.0000	19.0000	19.0000	19.0000	19.0000
EG12335-MONOMER	18.0000	18.0000	18.0000	18.0000	18.0000	18.0000	18.0000	18.0000
EG12336-MONOMER	1150.0000	1155.7143	1165.9048	1170.5455	1173.9524	1178.2727	1183.8571	1192.2273
EG12337-MONOMER	30.0000	30.0000	30.0000	30.0000	30.0000	30.0000	30.0000	30.0000
EG12338-MONOMER	48.0000	48.0000	48.0000	48.0000	48.0000	48.0000	48.0000	48.0000
EG12339-MONOMER	64.0000	64.0000	64.0000	64.0000	64.0000	64.0000	64.0000	64.0000
EG12341-MONOMER	197.0000	197.0000	197.0000	197.0000	196.8571	196.0000	196.0000	196.0000
EG12342-MONOMER	19.0000	19.0000	19.0000	19.0000	19.0000	19.0000	19.0000	19.0000
EG12344-MONOMER	50.0000	50.0000	50.0000	50.0000	50.0000	50.0000	50.0000	50.0000
EG12345-MONOMER	1470.0000	1472.4762	1482.4762	1493.9091	1499.0952	1507.5455	1516.0476	1528.1364
EG12347-MONOMER	311.0000	311.0000	311.0000	311.0000	311.0000	311.0000	311.0000	311.0000
EG12352-MONOMER	1965.0000	1975.9524	1996.3810	2010.2273	2016.6190	2026.6364	2037.0952	2048.0000
EG12354-MONOMER	18.0000	18.0000	18.0000	18.0000	18.1429	19.0000	19.5714	21.6364
EG12356-MONOMER	14.0000	14.0000	14.0000	14.0000	14.0000	14.0000	14.0000	14.0000
EG12357-MONOMER	6.0000	6.0000	6.0000	6.0000	6.0000	6.0000	6.0000	6.0000
EG12359-MONOMER	14.0000	14.0000	14.0000	14.0000	14.0000	14.0000	14.0000	14.0000
EG12360-MONOMER	259.0000	259.4762	261.0000	261.6364	262.9048	262.8636	263.0000	263.0000
EG12363-MONOMER	2.0000	2.0000	2.0000	2.0000	2.0000	2.0000	2.0000	2.0000
EG12365-MONOMER	137.0000	137.0000	137.0000	137.0000	137.0000	137.0000	137.0000	137.0000
EG12366-MONOMER	285.0000	286.1429	290.2857	293.1818	296.3333	301.0000	306.0000	311.4091
EG12370-MONOMER	18.0000	18.0000	18.0000	18.0000	18.0000	18.0000	18.0000	18.0000
EG12371-MONOMER	128.0000	129.6190	132.0952	133.9091	134.2381	136.6818	137.5714	139.9091
EG12372-MONOMER	14.0000	14.0000	14.0000	14.0000	14.0000	14.0000	14.0000	13.0455
EG12373-MONOMER	449.0000	449.0000	449.0000	449.0000	449.0000	449.0000	449.0000	449.0000
EG12374-MONOMER	84.0000	84.0000	84.0000	84.0000	84.0000	84.0000	84.0000	84.0000
EG12375-MONOMER	146.0000	146.0000	146.0000	146.0000	146.0000	146.0000	146.0000	147.9091
EG12376-MONOMER	104.0000	104.0000	104.0000	104.0000	104.0000	104.0000	104.0000	104.0000
EG12378-MONOMER	168.0000	168.0000	168.0000	168.0000	168.0000	168.0000	167.0000	166.4091
EG12379-MONOMER	48.0000	48.0000	48.0000	48.0000	48.0000	48.0000	48.0000	48.0000
EG12384-MONOMER	7.0000	7.0000	7.0000	7.0000	7.0000	7.0000	7.0000	7.0000
EG12385-MONOMER	15.0000	15.7143	16.3810	18.1818	19.0000	20.0000	23.2381	26.5000
EG12386-MONOMER	96.0000	97.8095	100.0952	103.7727	104.0000	103.7273	103.0000	103.0000
EG12387-MONOMER	65.0000	67.4286	72.1429	77.0909	77.3810	77.0000	77.0000	77.0000
EG12388-MONOMER	2.0000	2.0000	2.0000	2.0000	2.0000	2.0000	2.0000	2.0000
EG12391-MONOMER	842.0000	842.0000	842.0000	842.0000	842.0000	842.0000	842.0000	845.3636
EG12394-MONOMER	1112.0000	1122.2381	1155.2381	1196.1364	1226.8571	1268.3636	1296.7143	1320.7273
EG12395-MONOMER	73.0000	73.0000	73.0000	73.0000	73.0000	73.0000	73.0000	73.0000
EG12396-MONOMER	17.0000	17.0000	17.0000	17.0000	17.0000	17.0000	17.0000	17.0000
EG12397-MONOMER	27.0000	27.0000	27.0000	27.0000	27.0000	27.0000	27.0000	27.0000
EG12399-MONOMER	229.0000	229.0000	229.0000	229.0000	229.0000	229.0000	229.0000	229.0000
EG12401-MONOMER	164.0000	162.7619	159.0000	158.1818	155.7619	155.0000	153.7143	153.0000
EG12402-MONOMER	50.0000	50.0000	50.0000	50.0000	49.3810	49.0000	48.9524	48.0000
EG12403-MONOMER	103.0000	103.0000	103.0000	103.0000	103.0000	103.0000	103.0000	103.0000
EG12404-MONOMER	1617.0000	1616.5714	1615.1905	1615.0000	1614.2381	1613.4091	1613.0000	1613.0000
EG12405-MONOMER	12.0000	12.0000	12.0000	12.0000	12.0000	12.0000	12.0000	12.0000
EG12406-MONOMER	20.0000	20.0000	20.0000	20.0000	20.0000	20.0000	20.0000	20.0000
EG12407-MONOMER	84.0000	84.0000	84.0000	84.0000	84.0000	84.0000	84.0000	84.0000
EG12409-MONOMER	10.0000	10.0000	10.0000	10.0000	10.0000	10.0000	10.0000	10.0000
EG12410-MONOMER	347.0000	347.0000	347.0000	347.0000	347.0000	347.0000	347.0000	347.0000
EG12421-MONOMER	472.0000	474.8571	481.1429	486.9545	490.5714	493.6818	500.5238	510.7273
EG12422-MONOMER	389.0000	389.0000	389.0000	389.0000	388.0000	388.0000	388.0000	388.0000
EG12424-MONOMER	53.0000	53.0000	53.0000	53.0000	53.0000	54.2273	55.2857	56.0000
EG12428-MONOMER	1320.0000	1322.3810	1325.9524	1328.1818	1331.0952	1333.6818	1336.2381	1340.0909
EG12429-MONOMER	2.0000	2.0000	2.0000	1.2727	1.0000	1.0000	1.0000	1.0000
EG12431-MONOMER	124.0000	124.1429	127.5238	129.9091	132.1429	134.3182	137.3333	141.1818
EG12432-MONOMER	8.0000	8.0000	8.0000	8.0000	8.0000	8.0000	8.0000	8.0000
EG12433-MONOMER	423.0000	427.3810	434.1905	438.7727	443.0476	453.7727	464.5714	471.8182
EG12434-MONOMER	667.0000	667.0000	667.0000	667.0000	667.0000	667.0000	667.0000	667.0000
EG12436-MONOMER	60.0000	60.0000	60.0000	60.0000	60.0000	60.0000	60.0000	60.0000
EG12438-MONOMER	330.0000	333.2857	340.9524	345.1364	351.6190	357.1818	363.4286	368.7273
EG12440-MONOMER	515.0000	517.1905	519.0952	522.5000	524.3810	529.5000	534.6190	534.0000
EG12443-MONOMER	673.0000	673.0000	672.7619	671.4091	671.0000	670.6818	670.0000	670.0000
EG12444-MONOMER	8.0000	8.0000	8.0000	8.0000	8.0000	8.0000	8.0000	8.0000
EG12445-MONOMER	27.0000	27.0000	27.0000	27.0000	27.0000	27.0000	27.0000	27.0000
EG12446-MONOMER	69.0000	69.0000	69.0000	69.0000	69.0000	69.0000	69.0000	69.0000
EG12448-MONOMER	26.0000	26.0000	26.0000	26.0000	26.0000	26.0000	26.0000	26.0000
EG12449-MONOMER	487.0000	487.0000	487.0000	487.0000	487.0000	487.0000	487.0000	487.0000
EG12450-MONOMER	14.0000	14.0000	14.0000	14.0000	14.0000	14.0000	14.0000	14.0000
EG12454-MONOMER	567.0000	567.0000	567.0000	567.0000	568.1429	576.2727	590.5238	602.6364
EG12455-MONOMER	17.0000	17.0000	17.0000	17.0000	17.0000	17.0000	17.0000	17.0000
EG12600-MONOMER	241.0000	241.0000	241.0000	241.0000	241.0000	241.0000	241.0000	241.0000
EG12605-MONOMER	226.0000	226.0000	226.0000	226.0000	226.0000	226.0000	226.0000	226.0000
EG12609-MONOMER	20.0000	20.0000	20.0000	20.0000	20.0000	20.0000	20.0000	20.0000
EG12610-MONOMER	525.0000	525.0000	525.0000	525.0000	525.0000	524.2273	524.0000	524.0000
EG12611-MONOMER	502.0000	502.0000	502.0000	502.0000	502.0000	501.8636	501.0000	501.0000
EG12624-MONOMER	330.0000	330.0000	330.2381	333.5909	339.4762	343.8182	348.7619	349.9545
EG12633-MONOMER	379.0000	383.9048	398.1905	405.4545	407.9524	411.0000	417.6667	425.0000
EG12634-MONOMER	10.0000	10.0000	10.0000	10.0000	10.0000	10.0000	10.0000	10.0000
EG12656-MONOMER	683.0000	683.0000	684.4762	690.2727	700.9524	710.7727	725.8095	729.0000
EG12657-MONOMER	1441.0000	1441.0000	1441.0000	1441.0000	1441.0000	1441.0000	1441.0000	1441.0000
EG12658-MONOMER	12.0000	12.0000	12.0000	12.0000	12.0000	12.0000	12.0000	12.0000
EG12666-MONOMER	18.0000	18.0000	18.0000	18.0000	18.0000	18.0000	18.0000	18.0000
EG12689-MONOMER	982.0000	985.1429	990.4762	995.3636	997.5238	999.2727	1000.5714	1003.8636
EG12690-MONOMER	119.0000	119.0000	119.0000	119.0000	119.0000	119.0000	119.0000	119.0000
EG12691-MONOMER	86.0000	86.0000	86.7619	89.2727	91.5238	92.9091	93.0000	93.0000
EG12692-MONOMER	57.0000	57.0000	57.0000	57.0000	57.0000	57.0000	57.0000	57.0000
EG12693-MONOMER	42.0000	42.0000	42.0000	42.0000	42.0000	42.0000	42.0000	42.0000
EG12694-MONOMER	21.0000	21.0000	21.0000	21.0000	21.0000	21.0000	21.0000	21.0000
EG12702-MONOMER	7.0000	7.0000	7.0000	7.0000	7.0000	7.0000	7.0000	7.0000
EG12703-MONOMER	604.0000	603.1429	602.0000	601.7727	600.2857	599.6364	598.1905	596.0455
EG12704-MONOMER	16.0000	16.0000	16.0000	16.0000	16.0000	16.0000	16.0000	16.0000
EG12705-MONOMER	56.0000	56.0000	56.0000	55.9545	55.0000	55.0000	55.0000	55.0000
EG12707-MONOMER	242.0000	243.3333	248.9048	256.0909	266.6667	274.5000	280.5714	287.0909
EG12708-MONOMER	17.0000	17.0000	17.0000	17.0000	17.0000	17.0000	17.0000	17.0000
EG12709-MONOMER	81.0000	81.0000	81.0000	81.0000	81.0000	81.0000	81.0000	81.0000
EG12710-MONOMER	20.0000	20.0000	20.6190	21.8636	22.0000	22.0000	22.0000	22.0000
EG12712-MONOMER	4337.0000	4335.0476	4330.5238	4329.0455	4335.5238	4343.3636	4347.4762	4367.5000
EG12713-MONOMER	43.0000	43.0000	43.0000	43.0000	42.0952	42.0000	42.0000	42.0000
EG12717-MONOMER	424.0000	426.0000	431.1429	434.9545	439.9524	452.6818	466.2857	481.1818
EG12794-MONOMER	4457.0000	4459.3810	4458.7143	4456.8636	4456.8571	4460.0455	4478.8571	4508.4545
EG12799-MONOMER	334.0000	334.0476	337.1429	341.9091	342.0000	342.0000	342.6190	348.0455
EG12830-MONOMER	185.0000	185.0000	185.0000	185.0000	185.0000	185.0000	185.0000	185.0000
EG12842-MONOMER	7.0000	7.0000	7.0000	7.0000	7.0000	7.0000	7.0000	7.0000
EG12843-MONOMER	121.0000	121.0000	121.0000	121.0000	121.0000	121.0000	121.0000	121.0000
EG12844-MONOMER	434.0000	434.0000	434.0000	434.0000	434.0000	434.0000	434.0000	434.0000
EG12845-MONOMER	25.0000	25.0000	25.0000	25.0000	25.0000	25.0000	25.0000	25.0000
EG12850-MONOMER	2.0000	2.0000	2.0000	2.0000	2.0000	2.0000	2.0000	2.0000
EG12851-MONOMER	291.0000	290.6667	292.7619	297.9091	304.5714	307.7273	310.0952	313.6818
EG12854-MONOMER	835.0000	835.0000	835.0000	835.0000	835.0000	834.5000	834.0000	835.7273
EG12855-MONOMER	175.0000	175.0000	175.0000	175.0000	175.0000	175.0000	175.0000	175.0000
EG12857-MONOMER	815.0000	815.0000	815.0000	817.0455	823.0952	829.9091	835.6190	836.7273
EG12859-MONOMER	259.0000	260.1429	262.1429	265.5909	266.0000	266.0000	266.0000	266.0000
EG12860-MONOMER	97.0000	97.0000	97.0000	97.0000	97.0000	97.0000	97.0000	97.0000
EG12861-MONOMER	440.0000	439.7619	438.2857	437.2727	435.5238	435.0000	434.6667	433.2727
EG12865-MONOMER	101.0000	101.0000	101.0000	101.0000	101.0000	101.0000	101.0000	101.0000
EG12866-MONOMER	1999.0000	2007.6667	2029.7143	2049.0455	2068.0952	2074.8182	2079.7143	2092.2273
EG12867-MONOMER	168.0000	168.0000	168.0000	168.0000	168.0000	168.0000	167.2857	167.0000
EG12868-MONOMER	982.0000	993.1905	1018.9048	1046.5909	1079.4762	1111.7273	1144.7619	1185.8182
EG12870-MONOMER	10.0000	10.0000	10.0000	10.0000	10.0000	10.0000	10.0000	10.0000
EG12874-MONOMER	33.0000	33.0000	33.0000	33.0000	33.0000	33.0000	33.0000	33.0000
EG12875-MONOMER	571.0000	572.0952	575.1905	584.6818	594.7619	598.4545	605.0000	613.1364
EG12876-MONOMER	263.0000	263.0000	263.0000	262.0000	262.0000	262.0000	262.0000	262.0000
EG12877-MONOMER	16.0000	16.0000	16.0000	16.0000	16.0000	16.0000	16.0000	16.0000
EG12878-MONOMER	587.0000	588.3333	589.0000	589.0000	589.2381	591.3636	598.0000	599.2273
EG12879-MONOMER	619.0000	621.3810	627.2857	636.4091	641.9524	649.5909	657.7619	667.0455
EG12880-MONOMER	28.0000	28.0000	28.0000	28.0000	28.0000	28.0000	28.0000	28.0000
EG12933-MONOMER	82.0000	82.0000	82.0000	82.0000	82.0000	82.0000	82.0000	82.0000
EG13217-MONOMER	32.0000	32.0000	32.0000	32.0000	32.0000	32.0000	32.0000	32.0000
EG13236-MONOMER	9.0000	9.0000	9.0000	9.0000	9.0000	9.0000	9.0000	9.0000
EG20249-MONOMER	120.0000	120.0000	120.0000	120.2273	121.1429	124.0000	127.4762	129.1364
EG20253-MONOMER	79.0000	79.0000	79.0000	79.0000	79.0000	79.0000	79.0000	79.0000
EG50001-MONOMER	9558.0000	21802.3333	22643.3333	22841.3182	23042.8571	23241.0909	23442.0476	23651.4091
EG50002-MONOMER	12658.0000	24903.2857	25717.9524	25935.4545	26148.5238	26339.3636	26551.6190	26757.0000
EG50003-MONOMER	91017.0000	91159.9048	91490.8095	91860.6818	92301.1429	92682.3636	93115.8571	93525.3636
EG50004-MONOMER	20100.0000	20149.9048	20250.2857	20345.9545	20449.9048	20543.6818	20635.6190	20719.2727
EMRB-MONOMER	24.0000	24.0000	24.0000	24.0000	24.0000	24.0000	24.0000	24.0000
EMRD-MONOMER	0.0000	0.0000	0.0000	0.0000	0.0000	0.0000	0.0000	0.0000
EMRE-MONOMER	71.0000	71.0000	71.0000	71.0000	71.0000	71.0000	71.0000	71.0000
EMRY-MONOMER	4.0000	4.0000	4.0000	4.0000	4.0000	4.0000	4.0000	4.0000
ENOLASE-MONOMER	9407.0000	9430.8571	9477.5238	9537.0455	9605.7143	9686.0455	9766.1905	9844.0000
ENOYL-ACP-REDUCT-NADH-MONOMER	7678.0000	7711.1905	7783.9048	7862.5000	7938.3810	8016.0000	8087.1905	8157.7727
ENTA-MONOMER	1849.0000	1854.3333	1870.2857	1881.7273	1894.2381	1906.0000	1920.3333	1941.2727
ENTB-MONOMER	2077.0000	2086.0952	2106.9524	2116.4545	2129.0952	2141.0000	2151.9524	2165.4545
ENTC-MONOMER	1747.0000	1751.1429	1763.4286	1784.5000	1797.8095	1809.2727	1820.7619	1833.1364
ENTD-MONOMER	2348.0000	2353.5238	2357.2381	2360.5909	2364.4762	2366.5909	2365.1429	2364.0455
ENTE-MONOMER	2012.0000	2017.3333	2032.8095	2050.2727	2074.5238	2092.0909	2107.5238	2121.0455
ENTF-MONOMER	744.0000	744.2381	744.4762	747.2727	749.6667	758.0455	764.6667	769.1364
ENVZ-MONOMER	77.0000	77.0000	77.0000	77.0000	77.0000	77.0000	77.0000	77.0000
ERYTH4PDEHYDROG-MONOMER	217.0000	220.0000	224.1429	226.7727	230.6190	233.6364	238.2381	242.2273
ERYTHRON4PDEHYDROG-MONOMER	222.0000	222.0000	222.0000	222.0000	222.0000	222.0000	222.0000	222.0000
EUTB-MONOMER	62.0000	62.0000	62.0000	62.0000	62.0000	62.0000	62.0000	62.0000
EUTC-MONOMER	89.0000	89.0000	89.0000	89.0000	89.0000	89.0000	89.0000	89.0000
EVGA-MONOMER	61.0000	61.0000	61.0000	61.0000	61.0000	61.0000	61.0000	61.0000
EVGS-MONOMER	45.0000	45.0000	45.0000	45.0000	45.0000	45.0000	45.0000	45.0000
EXUT-MONOMER	25.0000	25.0000	25.0000	25.0000	25.0000	25.0000	25.0000	25.0000
F16B-MONOMER	643.0000	643.0000	643.0000	643.0000	643.0000	643.0000	643.0000	643.0000
FABA-MONOMER	3739.0000	3745.1429	3762.0476	3772.9091	3780.5238	3788.0000	3788.0000	3790.2273
FABB-MONOMER	1882.0000	1887.3810	1895.2857	1902.4545	1910.8095	1923.6818	1932.1905	1937.3182
FABH-MONOMER	566.0000	569.1905	576.5714	583.2273	591.4286	599.0000	607.9524	618.7727
FABZ-MONOMER	8262.0000	8273.0476	8296.0000	8322.7727	8362.9524	8402.4091	8443.9048	8482.0909
FADA-MONOMER	53.0000	53.0000	53.0000	53.0000	53.0000	53.0000	53.0000	53.0000
FADB-MONOMER	57.0000	57.0000	57.0000	57.0000	57.0000	57.0000	57.0000	57.0000
FCL-MONOMER	23.0000	23.0000	23.0000	23.0000	23.0000	23.0000	23.0000	23.0000
FDNG-MONOMER	0.0000	0.0000	0.0000	0.0000	0.0000	0.0000	0.0000	0.0000
FDNH-MONOMER	5.0000	5.0000	5.0000	5.0000	5.0000	5.0000	5.0000	5.0000
FDNI-MONOMER	5.0000	5.0000	5.0000	5.0000	5.0000	5.0000	5.0000	5.0000
FDOG-MONOMER	18.0000	18.0000	18.0000	18.0000	18.0000	18.0000	18.0000	18.0000
FDOH-MONOMER	25.0000	25.0000	25.0000	25.0000	25.0000	25.0000	25.0000	25.0000
FDOI-MONOMER	14.0000	14.0000	14.0000	14.0000	14.0000	14.0000	14.0000	14.0000
FECB-MONOMER	186.0000	187.9524	191.6667	195.7727	201.5714	205.3182	209.9048	216.1818
FECC-MONOMER	196.0000	197.1905	201.0952	204.9091	208.7143	212.1818	217.1429	221.0909
FECD-MONOMER	197.0000	200.3333	204.8571	215.2273	224.0952	228.8182	236.3333	242.5909
FECE-MONOMER	101.0000	103.0952	106.4286	111.4545	116.2381	117.4545	119.9524	127.3182
FEOB-MONOMER	157.0000	157.0000	157.0000	157.0000	157.0000	155.9545	155.0000	154.4091
FEPB-MONOMER	851.0000	851.7143	855.1905	860.2273	865.5714	872.9091	877.7143	883.3182
FEPC-MONOMER	197.0000	198.6667	202.0952	204.3182	206.4286	212.8636	218.1905	220.0000
FEPD-MONOMER	213.0000	214.7619	217.8095	224.5909	229.1905	231.4545	236.2857	237.0000
FEPG-MONOMER	210.0000	211.0000	216.0000	220.3182	224.5714	230.2727	235.5714	236.0000
FERREDOXIN-MONOMER	1062.0000	1063.3333	1067.7143	1078.0000	1085.8571	1095.0000	1109.9524	1121.1818
FGAMSYN-MONOMER	727.0000	727.0000	727.5714	728.0000	728.0000	727.5909	727.0000	727.0000
FHUB-MONOMER	46.0000	46.0000	46.0000	46.0000	46.0000	46.6364	50.0000	50.0000
FHUC-MONOMER	88.0000	88.0000	88.0000	88.8182	89.0000	89.9091	90.2857	91.0000
FHUD-MONOMER	72.0000	72.0000	72.0000	72.0000	72.0000	73.1364	74.7619	75.0000
FLAVODOXIN1-MONOMER	4343.0000	4343.0000	4347.4762	4358.7273	4368.8095	4378.0000	4397.2857	4421.8636
FLAVODOXIN2-MONOMER	389.0000	391.1429	394.5238	402.5909	405.0952	412.2727	416.3333	418.0000
FLAVONADPREDUCT-MONOMER	461.0000	461.0000	461.0000	461.0000	461.0000	461.0000	461.0000	461.0000
FLGB-FLAGELLAR-MOTOR-ROD-PROTEIN	2858.0000	2861.0476	2871.2857	2880.5000	2897.3333	2913.3636	2930.0476	2945.2273
FLGC-FLAGELLAR-MOTOR-ROD-PROTEIN	2800.0000	2807.6667	2817.5238	2826.7273	2837.9048	2851.1818	2865.1905	2877.9091
FLGF-FLAGELLAR-MOTOR-ROD-PROTEIN	2918.0000	2922.2857	2932.2381	2936.0455	2942.9524	2948.4091	2960.4762	2969.5455
FLGG-FLAGELLAR-MOTOR-ROD-PROTEIN	2833.0000	2839.4762	2853.4286	2864.1818	2875.0952	2881.4545	2885.5714	2892.0909
FLGH-FLAGELLAR-L-RING	2876.0000	2880.8095	2894.1429	2904.2727	2910.5714	2919.2727	2928.7619	2936.1364
FLGI-FLAGELLAR-P-RING	2919.0000	2927.1429	2941.6190	2954.0455	2964.8095	2973.5000	2979.2857	2987.2727
FLIF-FLAGELLAR-MS-RING	680.0000	680.0000	680.0000	680.0000	680.0000	680.0000	680.0000	680.0000
FLIG-FLAGELLAR-SWITCH-PROTEIN	657.0000	657.0000	657.0000	657.0000	657.0000	657.0000	657.0000	657.0000
FLIM-FLAGELLAR-C-RING-SWITCH	689.0000	689.0000	689.7619	694.0455	702.2857	706.2273	712.0476	713.8182
FLIN-FLAGELLAR-C-RING-SWITCH	655.0000	655.0000	655.0000	657.5000	661.6190	664.2273	669.4762	673.2727
FMNREDUCT-MONOMER	302.0000	303.1905	306.4762	312.5909	317.2857	326.0455	331.5714	333.3182
FOCA-MONOMER	62.0000	62.0000	62.0000	62.0000	62.0000	62.0000	62.0000	62.0000
FOCB-MONOMER	9.0000	9.0000	9.0000	9.0000	9.0000	9.0000	9.0000	9.0000
FOLC-MONOMER	203.0000	203.0000	203.0000	203.0000	203.0000	203.0000	203.0000	203.0000
FOLD-MONOMER	817.0000	820.9524	827.4762	831.6818	843.2381	855.3636	863.8571	873.9545
FORMATEDEHYDROGH-MONOMER	0.0000	0.0000	0.0000	0.0000	0.0000	0.0000	0.0000	0.0000
FORMYLTHFDEFORMYL-MONOMER	1817.0000	1822.3333	1832.9048	1840.2273	1848.9524	1851.0000	1851.0000	1851.0000
FPPSYN-MONOMER	291.0000	293.7619	299.6667	307.0455	310.7619	315.1818	318.0000	321.5909
FRUA-MONOMER	59.0000	60.6190	66.9524	70.9545	75.0000	75.0000	75.0000	75.0000
FRUB-MONOMER	93.0000	94.8571	98.1429	103.8182	107.4762	108.0000	108.0000	108.0000
FRUCBISALD-CLASSI-MONOMER	339.0000	339.0000	339.0000	339.0000	339.0000	339.0000	339.0000	339.0000
FRUCTBISALD-CLASSII-MONOMER	9475.0000	9504.0952	9556.5238	9622.6364	9684.7619	9751.5455	9835.3333	9907.0909
FRVA-MONOMER	2.0000	2.0000	2.0000	2.0000	2.0000	2.0000	2.0000	2.0000
FRVB-MONOMER	7.0000	7.0000	7.0000	7.0000	7.0000	7.0000	7.0000	7.0000
FRWB-MONOMER	6.0000	6.0000	6.0000	6.0000	6.0000	6.0000	6.0000	6.0000
FRWC-MONOMER	2.0000	2.0000	2.0000	2.0000	2.0000	2.0000	2.0000	2.0000
FSR-MONOMER	70.0000	70.0000	70.0000	70.0000	70.0000	70.0000	70.0000	70.0000
FTSE-MONOMER	96.0000	96.0000	96.0000	96.0000	96.0000	96.0000	96.0000	96.0000
FTSX-MONOMER	111.0000	111.0000	111.0000	111.0000	111.0000	111.0000	111.0000	111.0000
FUC4NACTRANS-MONOMER	28.0000	28.0000	28.0000	28.0000	28.0000	28.0000	28.0000	28.0000
FUCISOM-MONOMER	24.0000	24.0000	24.0000	24.0000	24.0000	24.0000	24.0000	24.0000
FUCP-MONOMER	22.0000	22.0000	22.0000	22.0000	22.0000	22.0000	22.0000	22.0000
FUCPALDOL-MONOMER	7.0000	7.0000	7.0000	7.0000	7.0000	7.0000	7.0000	7.0000
FUCULOKIN-MONOMER	24.0000	24.0000	24.0000	24.0000	24.0000	24.0000	24.0000	24.0000
FUM-FE-S	41.0000	41.0000	41.0000	41.0000	41.0000	41.0000	41.0000	41.0000
FUM-FLAVO	33.0000	33.0000	33.0000	33.0000	33.0000	33.0000	33.0000	33.0000
FUM-MEMB1	22.0000	22.0000	22.0000	22.0000	22.0000	22.0000	22.0000	22.0000
FUM-MEMB2	40.0000	40.0000	40.0000	40.0000	40.0000	40.0000	40.0000	40.0000
FUMA-MONOMER	183.0000	186.0000	193.8095	201.6818	205.6190	206.0000	206.0000	206.0000
FUMB-MONOMER	2.0000	2.0000	2.0000	2.0000	2.0000	2.0000	2.0000	2.0000
FUMC-MONOMER	122.0000	124.3810	132.7143	141.8636	147.4762	148.0000	148.0000	148.0000
G357-MONOMER	1063.0000	1063.0000	1067.2857	1071.0000	1072.9048	1078.6818	1085.0476	1087.6818
G360-MONOMER	2931.0000	2935.9524	2948.3810	2957.9091	2966.7143	2977.6818	2989.8571	3001.3182
G361-MONOMER	3686.0000	3695.3333	3713.0476	3730.5909	3742.5238	3754.9091	3777.2857	3791.9545
G366-MONOMER	2832.0000	2834.6667	2848.8571	2858.5909	2866.2857	2874.0909	2883.6190	2892.5000
G369-MONOMER	1445.0000	1454.7619	1464.4762	1471.4545	1477.8571	1479.6364	1479.8095	1478.5000
G370-MONOMER	218.0000	218.0000	218.0000	218.0000	217.1429	217.7273	220.5714	221.0000
G377-MONOMER	693.0000	693.0000	693.0000	692.0909	692.0000	692.0000	692.0000	692.0000
G378-MONOMER	677.0000	676.9524	676.0000	675.0455	675.0000	675.0000	675.0000	675.0000
G379-MONOMER	690.0000	690.0000	690.0000	690.0000	689.6190	689.0000	689.0000	689.0000
G495-MONOMER	539.0000	539.0000	539.0000	539.0000	539.0000	538.5000	537.5714	537.0000
G6081-MONOMER	38.0000	38.0000	38.0000	38.0000	38.0000	38.0000	38.0000	38.0000
G6082-MONOMER	10.0000	10.0000	10.0000	10.0000	10.0000	10.0000	10.0000	10.0000
G6083-MONOMER	150.0000	150.9048	152.6190	158.9545	165.8095	172.0455	177.0000	177.0000
G6086-MONOMER	73.0000	73.0000	73.0000	73.0000	73.0000	73.0000	73.0000	73.0000
G6087-MONOMER	23.0000	23.0000	23.0000	23.0000	23.0000	23.0000	23.0000	23.0000
G6088-MONOMER	78.0000	78.0000	78.0000	78.0000	78.0000	78.0000	78.0000	78.0000
G6093-MONOMER	2980.0000	2988.1905	3009.0952	3028.4545	3052.3810	3075.3182	3090.7143	3106.1364
G6095-MONOMER	87.0000	87.0000	87.0000	86.3182	85.1905	85.0000	85.0000	85.0000
G6096-MONOMER	92.0000	92.0000	92.0000	91.6818	90.8571	90.0000	90.0000	90.0000
G6097-MONOMER	627.0000	629.7143	633.5238	636.5000	641.0000	644.1818	648.4762	651.6818
G6098-MONOMER	81.0000	81.0000	81.0000	81.0455	87.0000	89.8636	92.1429	96.2727
G6100-MONOMER	51.0000	51.0000	51.0000	51.0000	51.0000	51.0000	51.0000	51.0000
G6101-MONOMER	4.0000	4.0000	4.0000	4.0000	4.0000	4.0000	4.0000	4.0000
G6103-MONOMER	36.0000	36.0000	38.9524	41.0000	41.0000	41.0000	41.0000	41.0000
G6104-MONOMER	1010.0000	1010.0000	1010.0000	1010.0000	1013.0952	1025.5000	1036.9048	1047.1818
G6106-MONOMER	940.0000	940.2857	946.8571	948.0000	948.0000	948.0000	948.0000	948.0000
G6107-MONOMER	156.0000	156.0000	156.0000	156.0000	156.0000	156.0000	155.5238	155.0000
G6108-MONOMER	767.0000	767.0000	767.0000	766.9545	766.0000	766.0000	766.0000	766.0000
G6109-MONOMER	394.0000	396.6667	400.5238	403.5455	409.9048	413.2727	418.4286	422.9545
G6110-MONOMER	116.0000	117.5714	121.9048	125.9545	130.6667	137.8182	144.6667	148.7273
G6111-MONOMER	15.0000	15.0000	15.0000	15.0000	15.0000	15.0000	15.0000	15.0000
G6112-MONOMER	55.0000	55.0000	55.0000	55.0000	55.0000	55.0000	55.0000	55.0000
G6115-MONOMER	7.0000	7.0000	7.0000	7.0000	7.0000	7.0000	6.0000	6.0000
G6116-MONOMER	34.0000	34.0000	34.0000	34.0000	34.0000	34.0000	34.0000	34.0000
G6117-MONOMER	30.0000	30.0000	30.0000	30.0000	30.0000	30.0000	30.0000	30.0000
G6118-MONOMER	32.0000	32.0000	32.0000	32.0000	32.0000	32.0000	32.0000	32.0000
G6120-MONOMER	87.0000	87.0000	87.0000	87.0000	86.8571	86.0000	86.0000	86.0000
G6121-MONOMER	91.0000	91.0000	91.0000	91.0000	91.0000	91.0000	91.0000	91.0000
G6122-MONOMER	88.0000	88.0000	88.0000	88.0000	88.0000	88.0000	88.0000	88.0000
G6123-MONOMER	75.0000	75.0000	75.0000	75.0000	75.0000	75.0000	75.0000	75.0000
G6124-MONOMER	105.0000	105.0000	105.0000	105.0000	105.0000	105.0000	105.0000	105.0000
G6125-MONOMER	88.0000	88.0000	88.0000	88.0000	88.0000	88.0000	88.0000	88.0000
G6126-MONOMER	28.0000	28.0000	28.0000	28.0000	28.0000	28.0000	28.0000	28.0000
G6127-MONOMER	24.0000	24.0000	24.0000	24.0000	24.0000	24.0000	24.0000	24.0000
G6128-MONOMER	22.0000	22.0000	22.0000	21.7727	21.0000	21.0000	21.0000	21.0000
G6129-MONOMER	21.0000	21.0000	21.0000	21.0000	21.0000	21.0000	21.0000	21.0000
G6131-MONOMER	145.0000	145.0000	145.0000	145.0000	145.0000	145.0000	145.0000	145.0000
G6133-MONOMER	53.0000	53.0000	53.0000	53.0000	53.0000	53.0000	53.0000	53.0000
G6138-MONOMER	21.0000	21.0000	21.0000	21.0000	21.0000	21.0000	21.0000	20.0000
G6139-MONOMER	17.0000	17.0000	17.0000	17.0000	17.0000	17.0000	17.0000	17.0000
G6140-MONOMER	10.0000	10.0000	10.0000	10.0000	10.0000	10.0000	10.0000	10.0000
G6141-MONOMER	9.0000	9.0000	9.0000	9.0000	9.0000	9.0000	9.0000	9.0000
G6143-MONOMER	11.0000	11.0000	11.0000	11.0000	11.0000	11.0000	11.0000	11.0000
G6144-MONOMER	28.0000	28.0000	29.8571	32.1364	33.0000	33.0000	33.0000	34.0000
G6147-MONOMER	27.0000	27.0000	27.0000	27.0000	27.0000	27.0000	27.0000	27.0000
G6148-MONOMER	40.0000	40.0000	40.0000	40.0000	40.0000	40.0000	40.0000	40.0000
G6149-MONOMER	15.0000	15.0000	15.0000	15.0000	15.3810	19.0000	24.2381	28.4545
G6150-MONOMER	11.0000	11.0000	11.0000	11.0000	12.0476	16.5909	19.8095	27.5455
G6151-MONOMER	2900.0000	2913.5238	2944.9524	2979.4091	3004.5714	3044.9545	3072.2381	3094.2273
G6152-MONOMER	118.0000	117.5714	114.2857	113.3636	112.3810	111.4091	108.8571	105.9091
G6153-MONOMER	34.0000	34.0000	34.0000	34.0000	34.0000	34.0000	34.0000	34.0000
G6154-MONOMER	12.0000	12.0000	12.0000	12.0000	12.0000	12.0000	12.0000	12.0000
G6155-MONOMER	5.0000	5.0000	5.0000	5.0000	5.0000	5.0000	5.0000	5.0000
G6156-MONOMER	8.0000	8.0000	8.0000	8.0000	8.0000	8.0000	8.0000	8.0000
G6157-MONOMER	9.0000	9.0000	9.0000	9.0000	9.0000	9.0000	9.0000	9.0000
G6158-MONOMER	1311.0000	1314.9048	1318.2381	1318.0000	1318.0000	1318.0000	1318.0000	1317.6364
G6159-MONOMER	77.0000	77.0000	77.0000	77.0000	77.0000	77.0000	77.0000	77.0000
G6160-MONOMER	22.0000	22.0000	22.0000	22.0000	22.0000	22.0000	22.0000	22.0000
G6161-MONOMER	15.0000	15.0000	15.0000	15.0000	15.0000	15.0000	15.0000	15.0000
G6162-MONOMER	15.0000	15.0000	15.0000	15.0000	15.0000	15.0000	15.0000	15.0000
G6163-MONOMER	18.0000	18.0000	18.0000	18.0000	18.0000	18.0000	18.0000	18.0000
G6164-MONOMER	61.0000	61.0000	61.0000	61.0000	61.0000	61.0000	61.0000	61.0000
G6165-MONOMER	2.0000	2.0000	2.0000	2.0000	2.0000	2.0000	2.0000	2.0000
G6166-MONOMER	55.0000	55.0000	55.0000	55.0000	55.0000	55.0000	55.0000	55.0000
G6167-MONOMER	12.0000	12.0000	12.0000	12.0000	12.0000	12.0000	12.0000	12.0000
G6171-MONOMER	14.0000	14.0000	14.0000	14.0000	14.0000	14.0000	14.0000	14.0000
G6173-MONOMER	12.0000	12.0000	12.0000	12.0000	12.0000	12.0000	12.0000	12.0000
G6174-MONOMER	13.0000	13.0000	13.0000	13.0000	13.0000	13.0000	13.0000	13.0000
G6175-MONOMER	12.0000	12.0000	12.0000	12.0000	12.0000	12.0000	12.0000	12.0000
G6176-MONOMER	15.0000	15.0000	15.0000	15.0000	15.0000	15.0000	15.0000	15.0000
G6177-MONOMER	5.0000	5.0000	5.0000	5.0000	5.0000	5.0000	5.0000	5.0000
G6178-MONOMER	7.0000	7.0000	7.0000	7.0000	7.0000	7.0000	7.0000	7.0000
G6180-MONOMER	3.0000	3.0000	3.0000	3.0000	3.0000	3.0000	3.0000	3.0000
G6181-MONOMER	44.0000	44.0000	44.0000	44.0000	44.0000	44.0000	44.0000	44.0000
G6182-MONOMER	3.0000	3.0000	3.0000	3.0000	3.0000	3.0000	3.0000	3.0000
G6183-MONOMER	4.0000	4.0000	4.0000	4.0000	4.0000	4.0000	4.0000	4.0000
G6184-MONOMER	7.0000	7.0000	7.0000	7.0000	6.4286	6.0000	6.0000	6.0000
G6185-MONOMER	10.0000	10.0000	10.0000	10.0000	10.0000	10.0000	10.0000	10.0000
G6186-MONOMER	8.0000	8.0000	8.0000	8.0000	8.0000	8.0000	8.0000	8.0000
G6188-MONOMER	43.0000	43.0000	43.0000	43.0000	43.0000	43.0000	43.0000	43.0000
G6189-MONOMER	45.0000	45.0000	45.0000	45.0000	45.0000	45.0000	45.0000	45.0000
G6190-MONOMER	231.0000	232.3810	237.3810	243.2727	245.6667	248.0000	248.0000	248.0000
G6191-MONOMER	1.0000	1.0000	1.0000	1.0000	1.0000	1.0000	1.0000	1.0000
G6192-MONOMER	9.0000	9.0000	9.0000	9.0000	9.0000	9.0000	9.0000	9.0000
G6193-MONOMER	8.0000	8.0000	8.0000	8.0000	8.0000	8.0000	8.0000	8.0000
G6194-MONOMER	1269.0000	1268.4286	1265.9048	1264.7273	1270.8095	1281.9091	1289.2381	1288.5000
G6195-MONOMER	8.0000	8.0000	8.0000	8.0000	8.0000	8.0000	8.0000	8.0000
G6196-MONOMER	4.0000	4.0000	4.0000	4.0000	4.0000	4.0000	4.0000	4.0000
G6198-MONOMER	6.0000	6.0000	6.0000	6.0000	6.0000	6.0000	6.0000	6.0000
G6199-MONOMER	6.0000	6.0000	6.0000	6.0000	6.0000	6.0000	6.0000	6.0000
G6200-MONOMER	5.0000	5.0000	5.0000	5.0000	5.0000	5.0000	5.0000	5.0000
G6201-MONOMER	151.0000	151.0000	151.0000	151.0000	151.0000	151.0000	151.0000	150.6364
G6207-MONOMER	83.0000	81.1905	80.7619	79.0000	79.0000	78.6818	78.0000	77.0000
G6208-MONOMER	195.0000	197.0000	202.9048	208.4091	211.4286	215.2273	223.5238	233.2273
G6209-MONOMER	85.0000	87.0000	89.8571	93.6818	98.4762	101.1364	103.4286	106.7727
G6210-MONOMER	10.0000	10.0000	10.0000	10.0000	10.0000	10.0000	10.0000	10.0000
G6212-MONOMER	24.0000	24.0000	24.0000	24.0000	24.0000	24.0000	24.0000	24.0000
G6215-MONOMER	10.0000	10.0000	10.0000	10.0000	10.0000	10.0000	10.0000	10.0000
G6216-MONOMER	2.0000	2.0000	2.0000	2.0000	2.0000	2.0000	2.0000	2.0000
G6226-MONOMER	2.0000	2.0000	2.0000	2.0000	2.0000	2.0000	2.0000	2.0000
G6227-MONOMER	96.0000	96.0000	96.0000	96.0000	96.0000	96.0000	96.0000	96.0000
G6228-MONOMER	37.0000	37.0000	37.0000	37.0000	37.0000	37.0000	37.0000	37.0000
G6229-MONOMER	55.0000	55.0000	55.0000	55.0000	55.0000	55.0000	54.9048	54.0000
G6230-MONOMER	111.0000	111.0000	111.0000	111.0000	111.0000	111.0000	111.0000	111.0000
G6236-MONOMER	526.0000	529.2857	537.5238	548.0455	559.0952	566.0000	571.3810	575.6364
G6240-MONOMER	4258.0000	4257.0476	4259.7619	4265.4091	4266.9048	4264.8182	4270.3810	4280.1364
G6242-MONOMER	703.0000	704.7143	705.0000	705.0000	705.0000	705.0000	705.0000	705.0000
G6243-MONOMER	43.0000	45.0476	49.9524	53.7273	57.3333	62.1364	68.6190	77.9091
G6244-MONOMER	17.0000	17.0000	17.0000	17.0000	17.0000	17.0000	17.0000	17.0000
G6245-MONOMER	260.0000	260.0000	259.0476	258.6364	258.0000	258.0000	258.0000	257.2273
G6246-MONOMER	21.0000	21.0000	21.0000	21.0000	21.0000	21.0000	21.0000	21.0000
G6247-MONOMER	44.0000	44.0000	43.3333	42.5000	42.0000	42.3182	44.7619	46.5000
G6250-MONOMER	495.0000	495.0000	493.8571	493.0000	491.5714	491.0000	489.4762	488.0000
G6251-MONOMER	156.0000	156.0000	156.0000	156.0000	156.0000	156.0000	156.0000	156.0000
G6252-MONOMER	16.0000	16.0000	16.0000	16.0000	16.0000	16.0000	16.0000	16.0000
G6253-MONOMER	283.0000	283.0000	283.0000	283.0000	283.0000	283.0000	283.0000	282.8182
G6255-MONOMER	125.0000	125.0000	125.0000	125.0000	125.0000	125.0000	125.0000	125.0000
G6258-MONOMER	51.0000	51.0000	51.0000	51.0000	51.0000	51.0000	51.0000	51.0000
G6259-MONOMER	579.0000	579.0000	579.0000	579.0000	579.0000	579.0000	578.4286	577.2273
G6261-MONOMER	18.0000	18.0000	18.0000	18.0000	18.0000	18.0000	18.0000	18.0000
G6263-MONOMER	242.0000	242.0000	242.0000	242.0000	244.6667	251.8182	258.7619	262.0000
G6264-MONOMER	132.0000	132.7619	135.7619	142.2727	147.8571	151.7727	153.8095	157.5455
G6265-MONOMER	97.0000	99.1905	101.4762	104.9091	108.1905	110.5000	113.4286	116.5455
G6267-MONOMER	48.0000	48.0000	48.0000	48.0000	48.0000	48.0000	47.5238	47.0000
G6268-MONOMER	1523.0000	1543.4286	1584.9048	1617.3636	1650.1905	1694.2273	1749.1429	1799.0455
G6269-MONOMER	226.0000	226.0000	226.0000	226.0000	226.0000	226.0000	225.8571	225.0000
G6273-MONOMER	75.0000	75.0000	75.0000	75.0000	75.0000	74.4091	74.0000	74.0000
G6274-MONOMER	5.0000	5.0000	5.0000	5.0000	5.0000	5.0000	5.0000	5.0000
G6275-MONOMER	11.0000	11.0000	11.0000	11.0000	11.0000	11.0000	11.0000	11.0000
G6276-MONOMER	701.0000	701.9524	702.0000	702.0000	702.0000	702.0000	702.0000	702.0000
G6277-MONOMER	6.0000	6.0000	6.0000	6.0000	6.0000	6.0000	6.0000	6.0000
G6278-MONOMER	2.0000	2.0000	2.0000	2.0000	2.0000	2.0000	2.0000	2.0000
G6281-MONOMER	7.0000	7.0000	7.0000	7.0000	7.0000	7.0000	7.0000	7.0000
G6282-MONOMER	3.0000	3.0000	3.0000	3.0000	3.0000	3.0000	3.0000	3.0000
G6284-MONOMER	61.0000	61.0000	61.0000	61.0000	61.0000	61.0000	61.0000	61.0000
G6285-MONOMER	34.0000	34.0000	34.0000	34.0000	34.0000	34.0000	34.0000	34.0000
G6286-MONOMER	30.0000	30.0000	30.0000	30.0000	30.0000	30.0000	30.0000	30.0000
G6287-MONOMER	5.0000	5.0000	5.0000	5.0000	5.0000	5.0000	5.0000	5.0000
G6288-MONOMER	7.0000	7.0000	7.0000	7.0000	7.0000	7.0000	7.0000	7.0000
G6289-MONOMER	5.0000	5.0000	5.0000	5.0000	5.0000	5.0000	5.0000	5.0000
G6290-MONOMER	0.0000	0.0000	0.0000	0.0000	0.0000	0.0000	0.0000	0.0000
G6291-MONOMER	2.0000	2.0000	2.0000	2.0000	2.0000	2.0000	2.0000	2.0000
G6292-MONOMER	8.0000	8.0000	8.0000	8.0000	8.0000	8.0000	8.0000	8.0000
G6293-MONOMER	1.0000	1.0000	1.0000	1.0000	1.0000	1.0000	1.0000	1.0000
G6300-MONOMER	2.0000	2.0000	2.0000	2.0000	2.0000	2.0000	2.0000	2.0000
G6301-MONOMER	34.0000	34.0000	34.0000	34.0000	34.0000	34.0000	34.0000	34.0000
G6302-MONOMER	28.0000	28.0000	28.0000	28.0000	28.0000	28.0000	28.0000	28.0000
G6303-MONOMER	5.0000	5.0000	5.0000	5.0000	5.0000	5.0000	5.0000	5.0000
G6304-MONOMER	4.0000	4.0000	4.0000	4.0000	4.0000	4.0000	4.0000	4.0000
G6305-MONOMER	6.0000	6.0000	6.0000	6.0000	6.0000	6.0000	6.0000	6.0000
G6306-MONOMER	5.0000	5.0000	5.0000	5.0000	5.0000	5.0000	5.0000	5.0000
G6307-MONOMER	4.0000	4.0000	4.0000	4.0000	4.0000	4.0000	4.0000	4.0000
G6309-MONOMER	40.0000	40.0000	40.0000	40.0000	40.0000	40.0000	40.0000	40.0000
G6310-MONOMER	48.0000	48.0000	48.0000	48.0000	48.0000	48.0000	48.0000	48.0000
G6311-MONOMER	53.0000	53.0000	53.0000	53.0000	53.0000	53.0000	53.0000	53.0000
G6312-MONOMER	1734.0000	1743.0952	1751.8571	1760.5909	1775.2857	1787.0909	1800.1905	1807.5455
G6313-MONOMER	1.0000	1.0000	1.0000	1.0000	1.0000	1.0000	1.0000	1.0000
G6314-MONOMER	13.0000	13.0000	13.0000	13.0000	13.0000	13.0000	13.0000	13.0000
G6315-MONOMER	6.0000	6.0000	6.0000	6.0000	6.0000	6.0000	6.0000	6.0000
G6317-MONOMER	19.0000	19.0000	19.0000	19.0000	19.0000	19.0000	19.0000	19.0000
G6318-MONOMER	61.0000	61.0000	61.0000	61.0000	61.0000	61.0000	61.0000	61.0000
G6319-MONOMER	85.0000	85.0000	85.0000	85.0000	85.0000	85.0000	85.0000	85.0000
G6320-MONOMER	490.0000	493.2381	496.0000	498.3636	502.2857	507.4091	513.8095	524.6818
G6321-MONOMER	461.0000	462.8571	470.2381	474.0000	479.3810	486.2273	494.0476	502.5909
G6322-MONOMER	459.0000	459.9524	461.6190	463.5455	466.5714	473.1364	477.3333	481.3182
G6323-MONOMER	92.0000	92.0000	92.0000	92.0000	92.0000	92.0000	92.0000	92.0000
G6324-MONOMER	56.0000	56.0000	56.0000	56.0000	56.0000	55.4091	54.0476	53.4091
G6325-MONOMER	117.0000	117.0000	117.0000	117.0000	117.0000	117.0000	117.0000	117.0000
G6326-MONOMER	60.0000	60.0000	60.0000	60.0000	60.0000	60.0000	60.0000	60.0000
G6329-MONOMER	87.0000	87.0000	87.0000	87.0000	87.0000	87.0000	87.0000	87.0000
G6330-MONOMER	41.0000	41.0000	41.0000	41.0000	41.0000	41.0000	41.0000	41.0000
G6331-MONOMER	5.0000	5.0000	5.0000	5.0000	5.0000	5.0000	5.0000	5.0000
G6332-MONOMER	0.0000	0.0000	0.0000	0.0000	0.0000	0.0000	0.0000	0.0000
G6334-MONOMER	288.0000	288.0000	288.0000	288.0000	288.0000	288.0000	288.0000	288.0000
G6335-MONOMER	33.0000	33.0000	33.0000	33.0000	33.0000	33.0000	33.0000	33.0000
G6337-MONOMER	689.0000	689.0000	687.1905	687.0000	686.4286	685.6818	685.0000	685.0000
G6339-MONOMER	3.0000	3.0000	3.0000	3.0000	3.0000	3.0000	3.0000	3.0000
G6340-MONOMER	2.0000	2.0000	2.0000	2.0000	2.0000	2.0000	2.0000	2.0000
G6345-MONOMER	1.0000	1.0000	1.0000	1.0000	1.0000	1.0000	1.0000	1.0000
G6346-MONOMER	48.0000	48.0000	48.0000	48.0000	48.0000	48.0000	48.0000	48.0000
G6351-MONOMER	18.0000	18.0000	18.0000	18.0000	18.0000	18.0000	18.0000	18.0000
G6352-MONOMER	3.0000	3.0000	3.0000	3.0000	3.0000	3.0000	3.0000	3.0000
G6353-MONOMER	3.0000	3.0000	3.0000	3.0000	3.0000	3.0000	3.0000	3.0000
G6354-MONOMER	2.0000	2.0000	2.0000	2.0000	2.0000	2.0000	2.0000	2.0000
G6355-MONOMER	14.0000	14.0000	14.0000	14.0000	14.0000	14.0000	14.0000	14.0000
G6356-MONOMER	9.0000	9.0000	9.0000	9.0000	9.0000	9.0000	9.0000	9.0000
G6357-MONOMER	7.0000	7.0000	7.0000	7.0000	7.0000	7.0000	7.0000	7.0000
G6358-MONOMER	314.0000	319.3333	329.1905	342.0909	352.0476	358.0455	368.6667	376.9091
G6359-MONOMER	1753.0000	1756.0000	1767.7143	1784.6818	1802.7619	1813.7727	1828.8095	1838.0455
G6361-MONOMER	427.0000	426.5714	426.0000	425.1818	425.0000	425.0000	425.0000	425.0000
G6362-MONOMER	625.0000	625.0000	625.0000	624.7273	623.4762	623.0000	623.0000	622.4091
G6363-MONOMER	807.0000	807.0000	806.1905	806.0000	806.0000	805.4545	803.8571	803.0000
G6364-MONOMER	185.0000	185.0000	183.3810	182.0000	178.6190	178.0000	177.9524	177.0000
G6370-MONOMER	13.0000	13.0000	13.0000	13.0000	13.0000	13.0000	13.0000	13.0000
G6371-MONOMER	39.0000	39.0000	39.0000	38.3182	38.0000	38.0000	38.0000	38.0000
G6374-MONOMER	18.0000	18.0000	18.0000	18.0000	18.0000	18.0000	18.0000	18.0000
G6379-MONOMER	655.0000	658.9048	668.5238	679.3636	687.8571	699.8636	712.2857	718.1818
G6380-MONOMER	89.0000	89.5238	91.8571	93.0000	93.9524	94.1818	95.9048	97.3182
G6381-MONOMER	141.0000	142.6190	145.1905	148.0455	150.4286	151.5000	153.0952	154.3182
G6382-MONOMER	98.0000	98.0000	99.6190	101.9091	103.4286	104.9091	106.1905	107.8182
G6383-MONOMER	295.0000	294.7143	296.0952	300.5000	305.8571	312.9545	317.5238	320.6364
G6384-MONOMER	44.0000	44.0000	44.0000	44.0000	44.0000	44.0000	44.0000	44.0000
G6385-MONOMER	9.0000	9.0000	9.0000	9.0000	9.0000	9.0000	9.0000	9.0000
G6386-MONOMER	12.0000	12.0000	12.0000	12.0000	12.0000	12.0000	12.0000	12.0000
G6387-MONOMER	12.0000	12.0000	12.0000	12.0000	12.0000	12.0000	12.0000	12.0000
G6394-MONOMER	53.0000	52.8571	52.0000	51.4091	51.0000	51.0000	51.0000	51.0000
G6396-MONOMER	1918.0000	1930.0476	1950.1905	1966.3182	1986.6667	2005.5000	2026.7143	2049.6364
G6398-MONOMER	6.0000	6.0000	6.0000	6.0000	6.0000	6.0000	6.0000	6.0000
G6399-MONOMER	2.0000	2.0000	2.0000	2.0000	2.0000	2.0000	2.0000	2.0000
G6401-MONOMER	12.0000	12.0000	12.0000	12.0000	12.0000	12.0000	12.0000	12.0000
G6402-MONOMER	57.0000	57.0000	57.0000	57.0000	57.0476	58.8636	59.1429	60.0000
G6403-MONOMER	480.0000	479.3333	479.0000	479.0000	483.3810	486.0000	486.0000	486.0000
G6404-MONOMER	8.0000	8.0000	8.0000	8.0000	8.0000	8.0000	8.0000	8.0000
G6405-MONOMER	36.0000	36.0000	36.0000	36.0000	36.0000	36.0000	36.0000	36.0000
G6406-MONOMER	39.0000	39.0000	39.0000	39.0000	39.0000	39.0000	39.0000	39.0000
G6407-MONOMER	49.0000	49.0000	49.0000	49.0000	49.0000	49.0000	49.0000	49.0000
G6408-MONOMER	65.0000	65.0000	65.0000	65.0000	65.0000	65.0000	65.0000	65.0000
G6412-MONOMER	37.0000	37.0000	37.0000	37.0000	37.0000	37.0000	37.0000	37.0000
G6413-MONOMER	1242.0000	1247.0476	1253.5714	1257.0455	1259.8095	1264.5455	1270.5714	1276.7727
G6414-MONOMER	5977.0000	5989.3810	6011.7143	6038.0000	6074.0476	6118.3182	6160.7143	6203.3636
G6415-MONOMER	56.0000	56.0000	56.0000	56.0000	56.0000	56.0000	56.0000	56.0000
G6416-MONOMER	146.0000	144.6667	144.0000	143.4091	142.0000	142.0000	142.0000	142.0000
G6417-MONOMER	27.0000	27.0000	27.0000	27.0000	27.0000	27.0000	27.0000	27.0000
G6418-MONOMER	25.0000	25.0000	25.0000	25.0000	25.0000	25.0000	25.0000	25.0000
G6420-MONOMER	145.0000	148.6667	151.2381	153.7273	158.7619	167.7727	170.2857	171.0000
G6421-MONOMER	38.0000	38.0000	38.5238	40.3636	42.0000	43.7273	45.7143	46.0000
G6422-MONOMER	1232.0000	1235.0952	1243.0952	1249.4545	1256.1905	1261.6818	1269.5238	1282.8182
G6423-MONOMER	612.0000	612.0000	612.0000	612.0000	612.0000	612.0000	612.0000	612.0000
G6424-MONOMER	65.0000	65.0000	65.0000	65.0000	65.0000	65.0000	65.0000	65.0000
G6425-MONOMER	241.0000	241.0000	241.0000	241.0000	241.0000	241.0000	240.0000	240.0000
G6426-MONOMER	12.0000	12.0000	12.0000	12.0000	12.0000	12.0000	12.0000	12.0000
G6427-MONOMER	10.0000	10.0000	10.0000	10.0000	10.0000	10.0000	10.0000	10.0000
G6428-MONOMER	33.0000	33.2381	36.5238	43.6818	48.6190	49.0000	49.0000	49.0000
G6433-MONOMER	27.0000	26.4286	26.0000	26.0000	26.0000	26.0000	26.0000	26.0000
G6434-MONOMER	31.0000	31.0000	31.0000	31.0000	31.0000	31.0000	31.0000	31.0000
G6435-MONOMER	417.0000	416.1429	416.0000	416.0000	416.0000	414.7727	414.0000	413.6818
G6436-MONOMER	52.0000	52.0000	52.0000	52.0000	52.0000	52.0000	52.0000	52.0000
G6437-MONOMER	25.0000	25.0000	25.0000	25.0000	25.0000	25.0000	25.0000	25.0000
G6438-MONOMER	973.0000	976.3810	984.2381	994.9091	1005.3810	1015.4545	1022.8095	1031.2273
G6439-MONOMER	92.0000	96.3333	100.5714	102.0000	102.0000	102.0000	102.0000	102.0000
G6441-MONOMER	147.0000	147.0000	147.0000	147.0000	147.0000	147.0000	147.0000	147.0000
G6442-MONOMER	112.0000	112.0000	112.0000	112.0000	112.0000	112.0000	112.0000	111.7727
G6443-MONOMER	52.0000	52.0000	52.0000	52.0000	52.0000	52.0000	52.0000	52.0000
G6444-MONOMER	32.0000	34.2381	39.6190	44.5455	50.1905	51.0000	51.0000	51.0000
G6445-MONOMER	73.0000	73.0000	73.0000	73.0000	73.0000	73.0000	73.0000	73.0000
G6446-MONOMER	35.0000	35.0000	35.0000	35.0000	35.0000	35.0000	35.0000	35.0000
G6447-MONOMER	397.0000	397.0000	396.5714	396.0000	396.4286	406.5000	413.3810	422.0909
G6448-MONOMER	8.0000	8.0000	8.0000	8.0000	8.0000	8.0000	8.0000	8.0000
G6449-MONOMER	25.0000	25.0000	25.0000	25.0000	25.0000	25.0000	25.0000	25.0000
G6450-MONOMER	1088.0000	1088.0000	1088.0000	1088.0000	1087.6190	1086.5000	1086.0000	1085.5455
G6451-MONOMER	421.0000	421.0000	421.0000	420.9091	420.0000	419.6364	419.0000	418.5455
G6452-MONOMER	101.0000	101.0000	101.0000	101.0000	101.0000	101.0000	101.0000	101.0000
G6453-MONOMER	127.0000	128.1429	131.8571	134.8182	137.6667	138.6364	141.6667	146.5455
G6454-MONOMER	38.0000	38.0000	38.0000	38.0000	38.0000	38.0000	38.0000	38.0000
G6456-MONOMER	6.0000	6.0000	6.0000	6.0000	6.0000	6.0000	6.0000	6.0000
G6457-MONOMER	4.0000	4.0000	4.0000	4.0000	4.0000	4.0000	4.0000	4.0000
G6458-MONOMER	121.0000	121.0000	121.0000	121.0000	121.0000	121.0000	121.0000	121.0000
G6459-MONOMER	71.0000	71.0000	71.0000	71.0000	71.0000	71.0000	71.0000	71.0000
G6460-MONOMER	174.0000	172.1429	169.6667	165.8636	164.6667	162.2273	174.5714	185.4091
G6463-MONOMER	84.0000	84.0000	84.0000	83.3636	82.9048	85.5909	86.9048	87.0000
G6464-MONOMER	21.0000	21.0000	21.0000	21.0000	21.0000	21.0000	21.0000	21.0000
G6465-MONOMER	221.0000	221.0000	221.0000	221.0000	220.7619	219.5455	219.0000	219.0000
G6467-MONOMER	39.0000	39.0000	39.0000	39.0000	39.0000	39.0000	39.0000	39.0000
G6468-MONOMER	325.0000	324.1429	322.0000	321.0000	320.0476	319.6818	319.0000	317.2273
G6469-MONOMER	53.0000	53.0000	53.0000	53.0000	53.0000	53.0000	53.0000	53.0000
G6470-MONOMER	41.0000	41.0000	41.0000	41.0000	41.0000	41.0000	41.0000	41.0000
G6471-MONOMER	3.0000	3.0000	3.0000	3.0000	3.0000	3.0000	3.0000	3.0000
G6472-MONOMER	1100.0000	1102.3333	1110.8095	1129.6364	1148.5238	1169.5000	1193.3333	1214.1818
G6473-MONOMER	36.0000	36.0000	36.0000	36.0000	36.0000	36.0000	36.0000	36.0000
G6474-MONOMER	988.0000	990.3333	994.0000	998.9091	1005.4286	1011.4091	1019.4762	1027.4091
G6475-MONOMER	691.0000	692.2381	695.1429	698.9091	703.8095	708.3636	714.9048	719.0909
G6478-MONOMER	10.0000	10.0000	10.0000	10.0000	10.0000	10.0000	10.0000	10.0000
G6480-MONOMER	5.0000	5.0000	5.0000	5.0000	5.0000	5.0000	5.0000	5.0000
G6481-MONOMER	17.0000	17.0000	17.0000	17.0000	17.0000	17.0000	17.0000	17.0000
G6482-MONOMER	27.0000	27.0000	27.0000	27.0000	27.0000	27.0000	27.0000	27.0000
G6483-MONOMER	18.0000	18.0000	18.0000	18.0000	18.0000	18.0000	18.0000	18.0000
G6484-MONOMER	30.0000	30.0000	30.0000	30.0000	30.0000	30.0000	30.0000	30.0000
G6485-MONOMER	17.0000	17.0000	17.0000	17.0000	17.0000	17.0000	17.0000	17.0000
G6486-MONOMER	43.0000	43.0000	43.0000	43.0000	43.0000	43.0000	43.0000	43.0000
G6487-MONOMER	458.0000	458.0000	458.0000	458.0000	458.0000	458.0000	458.0000	458.0000
G6488-MONOMER	193.0000	195.0000	199.4762	209.5909	212.0000	212.0000	212.0000	212.0000
G6490-MONOMER	18.0000	18.0000	18.0000	18.1364	19.0000	19.0000	20.2857	22.0000
G6491-MONOMER	44.0000	45.8095	47.1905	50.2727	53.0476	56.5909	61.1905	64.8182
G6492-MONOMER	114.0000	116.9524	123.4286	126.8636	132.2857	136.0000	139.0952	145.5000
G6493-MONOMER	147.0000	147.0000	147.0000	147.0000	147.0000	147.0000	147.0000	147.0000
G6494-MONOMER	123.0000	123.0000	123.0000	123.0000	123.0000	123.0000	123.0000	123.0000
G6495-MONOMER	39.0000	39.0000	39.0000	39.0000	39.0000	39.0000	39.0000	39.0000
G6496-MONOMER	94.0000	94.0000	94.0000	94.0000	94.0000	94.0000	94.0000	94.0000
G6498-MONOMER	22.0000	22.0000	22.0000	22.0000	22.0000	22.0000	22.0000	22.0000
G6499-MONOMER	716.0000	722.2857	739.7143	748.3636	755.4286	754.6364	752.9048	752.0000
G6500-MONOMER	112.0000	113.9524	115.0000	115.1364	117.8095	118.0000	118.1429	119.8182
G6501-MONOMER	335.0000	335.0000	335.0000	335.0000	335.9524	343.0000	350.0952	351.0000
G6502-MONOMER	102.0000	102.0000	102.0000	102.0000	102.0000	102.0000	102.0000	102.0000
G6503-MONOMER	40.0000	40.0000	40.0000	40.0000	40.0000	40.0000	40.0000	40.0000
G6504-MONOMER	29.0000	29.0000	29.0000	29.0000	29.0000	29.0000	29.0000	29.0000
G6505-MONOMER	6.0000	6.0000	6.0000	6.0000	6.0000	6.0000	6.0000	6.0000
G6506-MONOMER	12.0000	12.0000	12.0000	12.0000	12.0000	12.0000	12.0000	12.0000
G6507-MONOMER	9.0000	9.0000	9.0000	9.0000	9.0000	9.0000	9.0000	9.0000
G6508-MONOMER	30.0000	30.0000	30.0000	30.0000	30.0000	30.0000	30.0000	30.0000
G6509-MONOMER	205.0000	205.0000	205.0000	205.0000	205.0000	204.5000	204.0000	204.0000
G6510-MONOMER	16.0000	16.0000	16.0000	16.0000	16.0000	16.0000	16.0000	16.0000
G6511-MONOMER	114.0000	114.0000	114.0000	114.0000	114.0000	114.0000	114.0000	114.0000
G6512-MONOMER	0.0000	0.0000	0.0000	0.0000	0.0000	0.0000	0.0000	0.0000
G6513-MONOMER	5.0000	5.0000	5.0000	5.0000	5.0000	5.0000	5.0000	5.0000
G6518-MONOMER	8.0000	8.0000	8.0000	8.0000	8.0000	8.0000	8.0000	8.0000
G6519-MONOMER	10.0000	10.0000	10.0000	10.0000	10.0000	10.0000	10.0000	10.0000
G6520-MONOMER	2.0000	2.0000	2.0000	2.0000	2.0000	2.0000	2.0000	2.0000
G6521-MONOMER	9.0000	9.0000	9.0000	9.0000	9.0000	9.0000	9.0000	9.0000
G6522-MONOMER	5.0000	5.0000	5.0000	5.0000	5.0000	5.0000	5.0000	5.0000
G6523-MONOMER	9.0000	9.0000	9.0000	9.0000	9.0000	9.0000	9.0000	9.0000
G6527-MONOMER	2085.0000	2087.2381	2095.0952	2103.9545	2118.9048	2145.6364	2159.1905	2180.8636
G6528-MONOMER	22.0000	22.0000	22.0000	22.0000	22.0000	22.0000	22.0000	22.0000
G6529-MONOMER	26.0000	26.0000	26.0000	26.0000	26.0000	26.0000	26.0000	26.0000
G6530-MONOMER	18.0000	18.0000	18.0000	18.0000	18.0000	18.0000	18.0000	18.0000
G6531-MONOMER	17.0000	17.0000	17.0000	17.0000	17.0000	17.0000	17.0000	17.0000
G6532-MONOMER	28.0000	28.0000	28.0000	28.0000	28.0000	28.0000	28.0000	28.0000
G6534-MONOMER	31.0000	31.0000	31.0000	31.0000	31.0000	31.0000	31.0000	31.0000
G6536-MONOMER	2.0000	2.0000	2.0000	2.0000	2.0000	2.0000	2.0000	2.0000
G6539-MONOMER	681.0000	681.0000	681.0000	681.0000	681.0000	681.0000	681.0000	681.0000
G6540-MONOMER	210.0000	212.8095	218.8095	222.8636	225.0000	225.0000	225.0000	225.0000
G6541-MONOMER	1019.0000	1022.6190	1031.7619	1040.8636	1042.0476	1041.0000	1040.8095	1039.3636
G6542-MONOMER	1.0000	1.0000	1.0000	1.0000	1.0000	1.0000	1.0000	1.0000
G6543-MONOMER	104.0000	104.0000	104.0000	104.0000	104.0000	104.6818	109.8095	117.5000
G6544-MONOMER	151.0000	151.0000	151.0000	151.0000	151.0000	151.5000	157.0952	163.8182
G6545-MONOMER	144.0000	144.0000	144.0000	144.0000	145.2381	150.9545	154.2857	158.2727
G6547-MONOMER	3.0000	3.0000	3.0000	3.0000	3.0000	3.0000	3.0000	3.0000
G6548-MONOMER	15.0000	15.0000	15.0000	15.0000	15.0000	15.0000	15.0000	15.0000
G6549-MONOMER	617.0000	617.0000	617.0000	617.0000	617.0000	617.0000	616.0476	615.1818
G6550-MONOMER	169.0000	169.0000	169.0000	169.0000	169.0000	169.0000	169.0000	169.0000
G6551-MONOMER	61.0000	61.0000	61.0000	61.0000	61.0000	61.0000	61.0000	61.0000
G6552-MONOMER	52.0000	52.0000	52.0000	52.0000	52.0000	52.0000	52.0000	52.0000
G6554-MONOMER	65.0000	65.0000	65.0000	65.0000	65.0000	65.0000	65.0000	65.0000
G6555-MONOMER	233.0000	233.0000	233.0000	233.0000	233.0000	233.0000	233.0000	233.0000
G6557-MONOMER	7.0000	7.0000	7.0000	7.0000	7.0000	7.0000	7.0000	7.0000
G6558-MONOMER	94.0000	94.0000	94.0000	94.0000	94.0000	94.0000	94.0000	94.0000
G6560-MONOMER	35.0000	35.0000	35.0000	35.0000	35.0000	35.0000	35.0000	35.0000
G6561-MONOMER	55.0000	55.0000	55.0000	55.0000	55.0000	55.0000	55.0000	55.0000
G6562-MONOMER	2773.0000	2777.6667	2794.1905	2810.1818	2819.2381	2827.3182	2831.7619	2838.9091
G6563-MONOMER	667.0000	667.0000	667.0000	669.5909	673.1429	677.8182	682.7143	687.6364
G6564-MONOMER	32.0000	32.4762	33.0000	34.5000	35.7619	36.3182	39.7619	41.8636
G6565-MONOMER	456.0000	461.0000	475.3333	487.7727	508.7143	531.1818	546.6190	564.1364
G6567-MONOMER	187.0000	186.8095	190.4762	200.3636	209.8571	217.9545	234.6190	249.8182
G6568-MONOMER	607.0000	614.0476	630.0952	640.1818	651.6667	669.9545	700.7619	731.6818
G6569-MONOMER	294.0000	294.0000	294.0000	294.0000	294.0000	294.0000	294.0000	294.0000
G6570-MONOMER	437.0000	443.1905	456.7619	472.1818	491.6667	511.2273	537.1429	557.1818
G6571-MONOMER	84.0000	84.0000	84.0000	84.0000	84.0000	84.0000	84.0000	84.0000
G6572-MONOMER	9.0000	9.0000	9.0000	9.0000	9.0000	9.0000	9.0000	9.0000
G6576-MONOMER	39.0000	39.0000	39.0000	39.0000	39.0000	39.0000	39.0000	39.0000
G6578-MONOMER	14.0000	14.0000	14.0000	14.0000	14.0000	14.0000	14.0000	14.0000
G6579-MONOMER	20.0000	20.0000	20.0000	20.0000	20.0000	20.0000	20.0000	20.0000
G6580-MONOMER	102.0000	102.4286	108.5238	114.7727	123.4286	128.7273	133.5238	135.0000
G6581-MONOMER	144.0000	146.5238	154.0952	162.2727	167.8095	174.9091	179.0952	182.8636
G6582-MONOMER	15.0000	15.0000	15.0000	15.0000	15.0000	15.0000	15.0000	15.0000
G6583-MONOMER	13.0000	13.0000	13.0000	13.0000	13.0000	13.0000	13.0000	13.0000
G6585-MONOMER	29.0000	29.0000	28.0000	28.0000	28.0000	28.0000	28.0000	28.0000
G6586-MONOMER	28.0000	28.0000	28.0000	28.0000	28.0000	28.0000	28.0000	28.0000
G6587-MONOMER	742.0000	742.0000	742.0000	742.0000	742.0000	741.0455	741.0000	741.0000
G6588-MONOMER	115.0000	115.0000	115.0000	115.0000	115.0000	114.1818	114.0000	114.0000
G6589-MONOMER	240.0000	241.2857	243.2857	246.4545	247.1905	247.0000	247.5714	252.8636
G6590-MONOMER	16.0000	16.0000	16.0000	16.0000	16.0000	16.0000	16.0000	16.0000
G6591-MONOMER	27.0000	27.0000	27.0000	27.0000	27.0000	27.0000	27.0000	27.0000
G6592-MONOMER	18.0000	18.0000	18.0000	18.0000	18.0000	17.5909	17.0000	17.0000
G6593-MONOMER	20.0000	20.0000	20.0000	20.0000	20.0000	20.0000	20.0000	20.0000
G6594-MONOMER	20.0000	20.0000	20.0000	19.2727	19.0000	19.0000	19.0000	19.0000
G6595-MONOMER	20.0000	20.0000	20.0000	20.0000	20.0000	20.0000	20.0000	20.0000
G6597-MONOMER	24.0000	24.0000	24.0000	24.0000	24.0000	24.0000	24.0000	24.0000
G6598-MONOMER	28.0000	28.0000	28.0000	28.0000	28.0000	28.0000	28.0000	28.0000
G6600-MONOMER	8.0000	8.0000	8.0000	8.0000	8.0000	8.0000	8.0000	8.0000
G6601-MONOMER	30.0000	30.0000	30.0000	30.0000	30.0000	30.0000	30.0000	30.0000
G6602-MONOMER	229.0000	227.5714	227.0000	227.0000	227.0000	227.0000	227.0000	227.0000
G6603-MONOMER	190.0000	190.0000	189.2857	189.0000	189.0000	189.0000	189.0000	189.0000
G6604-MONOMER	53.0000	53.2381	56.7143	59.4545	63.1429	68.3182	73.0000	76.2273
G6605-MONOMER	21.0000	21.0000	21.0000	21.0000	21.0000	21.0000	21.0000	21.0000
G6606-MONOMER	18.0000	18.0000	18.0000	18.0000	18.0000	18.0000	18.0000	18.0000
G6607-MONOMER	9.0000	9.0000	9.0000	9.0000	9.0000	9.0000	9.0000	9.0000
G6608-MONOMER	7.0000	7.0000	7.0000	7.0000	7.0000	7.0000	7.0000	7.0000
G6611-MONOMER	156.0000	156.0000	156.0000	156.0000	156.0000	156.0000	156.0000	156.0000
G6612-MONOMER	139.0000	139.0000	139.0000	139.0000	139.0000	139.0000	139.0000	139.0000
G6614-MONOMER	231.0000	233.8095	239.6667	244.3182	248.4286	257.6364	263.0952	271.2727
G6615-MONOMER	398.0000	398.0000	398.0000	398.0000	398.0000	398.0000	398.0000	398.0000
G6616-MONOMER	1625.0000	1632.6190	1643.0476	1649.3636	1656.0476	1662.0000	1667.2857	1677.0000
G6617-MONOMER	77.0000	77.0000	77.0000	79.0000	81.7619	82.0000	82.0000	81.2273
G6618-MONOMER	268.0000	268.0000	268.0000	268.0000	268.0000	268.0000	268.1905	273.7727
G6619-MONOMER	1.0000	1.0000	1.0000	1.0000	1.0000	1.0000	1.0000	1.0000
G6621-MONOMER	172.0000	172.0000	172.0000	172.0000	172.0000	172.0000	172.0000	172.0000
G6622-MONOMER	582.0000	582.0000	582.0000	581.8182	584.4762	593.4545	602.7619	609.9091
G6623-MONOMER	2879.0000	2884.3333	2903.7619	2930.7727	2961.1905	2983.5000	3011.4286	3040.2273
G6624-MONOMER	70.0000	70.0000	70.0000	70.0000	70.0000	70.0000	70.0000	70.0000
G6625-MONOMER	13.0000	13.0000	13.0000	13.0000	13.0000	13.0000	13.0000	13.0000
G6627-MONOMER	63.0000	63.0000	63.0000	63.0000	63.0000	63.0000	63.0000	63.0000
G6628-MONOMER	13.0000	13.6190	14.5238	15.5000	16.2381	17.0000	17.2381	19.5000
G6629-MONOMER	3.0000	3.0000	3.0000	3.0000	3.0000	3.0000	3.0000	3.0000
G6630-MONOMER	10.0000	10.0000	10.0000	10.0000	10.0000	10.0000	10.0000	10.1818
G6631-MONOMER	0.0000	0.0000	0.0000	0.0000	0.0000	0.0000	0.0000	0.0000
G6633-MONOMER	395.0000	402.2857	422.1905	435.3182	440.5714	443.8636	445.0000	445.0000
G6634-MONOMER	36.0000	36.0000	36.0000	36.0000	36.0000	35.0000	35.0000	35.0000
G6635-MONOMER	266.0000	266.0000	265.3333	264.6818	264.0000	264.0000	263.2381	263.0000
G6636-MONOMER	9.0000	9.0000	9.0000	9.0000	9.0000	9.0000	9.0000	9.0000
G6637-MONOMER	156.0000	157.9524	159.0000	159.3182	162.2857	165.5000	166.0000	166.0000
G6638-MONOMER	582.0000	582.0000	582.0000	587.4545	594.7619	600.4091	611.3810	617.7273
G6639-MONOMER	27.0000	27.0000	27.0000	27.0000	27.0000	27.0000	27.0000	27.0000
G6640-MONOMER	24.0000	24.8571	25.7143	28.2727	29.0000	29.8636	30.0000	30.0000
G6641-MONOMER	25.0000	25.0000	25.0000	25.0000	25.0000	25.0000	25.0000	25.0000
G6642-MONOMER	266.0000	266.0000	266.0000	266.0000	266.0000	266.0000	266.0000	269.5455
G6644-MONOMER	109.0000	109.0000	109.0000	109.0000	109.0000	109.0000	109.0000	109.0000
G6645-MONOMER	108.0000	110.0000	112.9048	117.7273	121.3810	130.3636	136.1429	141.4091
G6646-MONOMER	115.0000	117.0476	121.2857	123.4091	128.5238	134.6364	143.5714	147.0909
G6647-MONOMER	5.0000	5.0000	5.0000	5.0000	5.0000	5.0000	5.0000	5.0000
G6651-MONOMER	7.0000	7.0000	7.0000	7.0000	7.0000	7.0000	7.0000	7.0000
G6652-MONOMER	5.0000	5.0000	5.0000	5.0000	5.0000	5.0000	5.0000	5.0000
G6653-MONOMER	6.0000	6.0000	6.0000	6.0000	6.0000	6.0000	6.0000	6.0000
G6654-MONOMER	7.0000	7.0000	7.0000	7.0000	7.0000	7.0000	7.0000	7.0000
G6655-MONOMER	11.0000	11.0000	11.0000	11.0000	11.0000	11.0000	11.0000	11.0000
G6657-MONOMER	3.0000	3.0000	3.0000	3.0000	3.0000	3.0000	3.0000	3.0000
G6658-MONOMER	36.0000	36.0000	36.0000	36.0000	36.0000	36.0000	36.0000	36.0000
G6659-MONOMER	3.0000	3.0000	3.0000	3.0000	3.0000	3.0000	3.0000	3.0000
G6660-MONOMER	22960.0000	23053.6190	23244.4286	23414.8182	23573.3333	23741.4545	23923.8095	24106.5455
G6661-MONOMER	60.0000	60.0000	60.0000	60.0000	60.0000	60.0000	60.0000	60.0000
G6662-MONOMER	91.0000	91.0000	91.0000	91.0000	91.0000	91.0000	91.0000	91.0000
G6663-MONOMER	16.0000	16.0000	16.0000	16.0000	16.0000	16.0000	16.0000	16.0000
G6664-MONOMER	36.0000	36.0000	36.0000	36.0000	36.0000	36.0000	36.0000	36.0000
G6665-MONOMER	84.0000	84.0000	84.0000	84.0000	84.0000	84.0000	84.0000	84.0000
G6668-MONOMER	2699.0000	2697.4762	2696.8571	2695.2273	2694.0476	2694.0000	2694.0000	2693.4091
G6669-MONOMER	10.0000	10.0000	10.0000	10.0000	10.0000	10.0000	10.0000	10.0000
G6670-MONOMER	7.0000	7.0000	7.0000	7.0000	7.0000	7.0000	7.0000	7.0000
G6671-MONOMER	51.0000	51.0000	51.0000	51.0000	51.0000	51.0000	51.0000	51.0000
G6672-MONOMER	52.0000	52.0000	52.0000	52.0000	52.0000	52.0000	52.0000	52.0000
G6673-MONOMER	126.0000	126.0000	126.0000	126.0000	126.0000	126.0000	126.0000	126.0000
G6674-MONOMER	80.0000	79.0952	79.0000	79.0000	79.0000	79.0000	79.0000	79.0000
G6675-MONOMER	407.0000	412.3333	425.0476	429.0000	429.0000	429.0000	429.0000	429.0000
G6676-MONOMER	2.0000	2.0000	2.0000	2.0000	2.0000	2.0000	2.0000	2.0000
G6677-MONOMER	14.0000	14.0000	14.0000	14.0000	14.0000	14.0000	14.0000	14.0000
G6679-MONOMER	4.0000	4.0000	4.0000	4.0000	4.0000	4.0000	4.0000	4.0000
G6680-MONOMER	247.0000	247.0000	247.0000	247.0000	247.0000	247.0000	247.0000	247.0000
G6681-MONOMER	19.0000	19.0000	19.0000	19.0000	19.0000	19.0000	19.0000	19.0000
G6682-MONOMER	18.0000	18.0000	18.0000	18.0000	18.0000	18.0000	18.0000	18.0000
G6683-MONOMER	10.0000	10.0000	9.0000	9.0000	9.0000	9.0000	9.0000	9.0000
G6684-MONOMER	15.0000	15.0000	15.0000	15.0000	15.0000	15.0000	15.0000	15.0000
G6685-MONOMER	21.0000	21.0000	21.0000	21.0000	21.0000	21.0000	21.0000	21.0000
G6688-MONOMER	13.0000	13.0000	13.0000	13.0000	13.0000	13.0000	13.0000	13.0000
G6689-MONOMER	16.0000	16.0000	16.0000	16.0000	16.0000	16.0000	16.0000	16.0000
G6691-MONOMER	9.0000	9.0000	9.0000	9.0000	9.0000	9.0000	9.0000	9.0000
G6693-MONOMER	47.0000	47.0000	47.0000	47.0000	47.0000	47.0000	47.0000	47.0000
G6695-MONOMER	13.0000	13.0000	13.0000	13.0000	13.0000	13.0000	13.0000	13.0000
G6696-MONOMER	17.0000	17.0000	17.0000	17.0000	17.0000	17.0000	17.0000	17.0000
G6697-MONOMER	28.0000	28.0000	28.0000	28.0000	28.0000	28.0000	28.0000	28.0000
G6698-MONOMER	39.0000	39.0000	39.0000	39.0000	39.0000	39.0000	39.0000	38.1364
G6699-MONOMER	310.0000	310.0000	310.0000	310.0000	310.0000	310.0000	309.8095	309.0000
G6700-MONOMER	2.0000	2.0000	2.0000	2.0000	2.0000	2.0000	2.0000	2.0000
G6701-MONOMER	143.0000	143.0000	143.0000	143.0000	143.0000	143.0000	143.0000	143.0000
G6702-MONOMER	338.0000	338.2381	345.2381	349.4091	354.0952	359.4091	364.6190	370.2273
G6703-MONOMER	23.0000	23.0000	23.0000	23.0000	23.0000	23.0000	23.0000	23.0000
G6704-MONOMER	70.0000	70.0000	70.0000	70.0000	70.0000	70.0000	70.0000	69.0455
G6705-MONOMER	74.0000	74.0000	74.0000	74.0000	74.0000	74.0000	74.0000	74.0000
G6706-MONOMER	33.0000	33.0000	33.0000	33.0000	33.0000	33.0000	33.0000	33.0000
G6708-MONOMER	1.0000	1.0000	1.0000	1.0000	1.0000	1.0000	1.0000	1.0000
G6709-MONOMER	12.0000	12.0000	12.0000	12.0000	12.0000	12.0000	12.0000	12.0000
G6710-MONOMER	11.0000	11.0000	11.0000	11.0000	11.0000	11.0000	11.0000	11.0000
G6711-MONOMER	11.0000	11.0000	11.0000	11.0000	11.0000	11.0000	11.0000	11.0000
G6712-MONOMER	16.0000	16.0000	16.0000	16.0000	16.0000	16.0000	16.0000	16.0000
G6713-MONOMER	15.0000	15.0000	15.0000	15.0000	15.0000	15.0000	15.0000	15.0000
G6714-MONOMER	13.0000	13.0000	13.0000	13.0000	13.0000	13.0000	13.0000	13.0000
G6715-MONOMER	11.0000	11.0000	11.0000	11.0000	11.0000	11.0000	11.0000	11.0000
G6716-MONOMER	9.0000	9.0000	9.0000	9.0000	9.0000	9.0000	9.0000	9.0000
G6717-MONOMER	4.0000	4.0000	4.0000	4.0000	4.0000	4.0000	4.0000	4.0000
G6718-MONOMER	38.0000	38.0000	38.0000	38.0000	38.0000	38.0000	38.0000	38.0000
G6719-MONOMER	8.0000	8.0000	8.0000	8.0000	8.0000	8.0000	8.0000	8.0000
G6720-MONOMER	58.0000	58.0000	58.0000	58.0000	58.0000	58.0000	59.5238	62.7273
G6721-MONOMER	69.0000	69.0000	69.0000	69.0000	69.0000	69.0000	69.0000	72.4545
G6725-MONOMER	90.0000	90.0000	90.0000	90.0000	90.0000	90.0000	90.0000	90.0000
G6727-MONOMER	6.0000	6.0000	6.0000	6.0000	6.0000	6.0000	6.0000	6.0000
G6728-MONOMER	6.0000	6.0000	6.0000	6.0000	6.0000	6.0000	6.0000	6.0000
G6729-MONOMER	6.0000	6.0000	6.0000	6.0000	6.0000	6.0000	6.0000	6.0000
G6730-MONOMER	1.0000	1.0000	1.0000	1.0000	1.0000	1.0000	1.0000	1.0000
G6731-MONOMER	675.0000	675.0000	675.0000	675.0000	675.0000	675.0000	675.0000	675.0000
G6732-MONOMER	116.0000	117.3333	120.9048	125.0909	129.7143	130.5455	134.7619	140.5909
G6736-MONOMER	291.0000	291.0000	291.0000	290.2727	290.0000	290.0000	290.0000	290.0000
G6737-MONOMER	472.0000	478.2381	491.0000	504.3636	506.0000	505.4545	505.0000	505.0000
G6738-MONOMER	20.0000	20.0000	20.0000	20.0000	20.0000	20.0000	20.0000	20.0000
G6741-MONOMER	52.0000	52.0000	52.0000	52.0000	52.0000	52.0000	52.0000	52.0000
G6742-MONOMER	304.0000	304.0000	304.0000	304.0000	304.0000	304.0000	304.0000	304.0000
G6743-MONOMER	14.0000	14.0000	14.0000	14.0000	14.0000	14.0000	14.0000	14.0000
G6745-MONOMER	45.0000	45.0000	45.0000	45.0000	45.0000	45.0000	45.0000	45.0000
G6746-MONOMER	136.0000	136.0000	135.2857	134.4545	134.0000	133.0909	133.0000	133.0000
G6747-MONOMER	14.0000	14.0000	14.0000	14.0000	14.0000	14.0000	14.0000	14.0000
G6749-MONOMER	84.0000	84.6190	91.8095	98.5455	102.2857	108.5455	111.2381	113.7273
G6750-MONOMER	76.0000	76.0000	76.0000	76.0000	76.0000	76.0000	76.0000	76.0000
G6755-MONOMER	32.0000	32.0000	32.0000	32.0000	32.0000	32.0000	32.0000	32.0000
G6756-MONOMER	116.0000	116.0000	116.0000	116.0000	116.0000	116.0000	116.0000	115.6364
G6757-MONOMER	1900.0000	1898.2857	1897.0000	1896.5455	1896.0000	1895.9091	1896.0476	1909.9545
G6758-MONOMER	222.0000	222.0000	222.0000	222.0000	222.0000	222.0000	222.0000	222.0000
G6759-MONOMER	249.0000	249.0000	249.0000	249.0000	249.0000	249.0000	249.0000	249.0000
G6760-MONOMER	37.0000	37.4762	40.0952	43.0000	48.0952	50.5909	55.7143	60.0455
G6761-MONOMER	51.0000	51.0000	51.0000	51.0000	51.0000	51.0000	51.0000	51.0000
G6762-MONOMER	98.0000	98.0000	98.0000	98.0000	98.0000	98.0000	98.0000	98.0000
G6763-MONOMER	13871.0000	13893.4762	13953.7619	14021.6364	14101.3810	14162.0455	14246.0952	14333.7273
G6765-MONOMER	33.0000	33.0000	33.0000	33.0000	33.0000	33.0000	33.0000	33.0000
G6766-MONOMER	2.0000	2.0000	2.0000	2.0000	2.0000	2.0000	2.0000	2.0000
G6769-MONOMER	15.0000	15.0000	15.0000	15.0000	15.0000	15.0000	15.0000	15.0000
G6770-MONOMER	41.0000	41.0000	41.0000	41.0000	41.0000	41.0000	41.0000	41.0000
G6772-MONOMER	1.0000	1.0000	1.0000	1.0000	1.0000	1.0000	1.0000	1.0000
G6773-MONOMER	0.0000	0.0000	0.0000	0.0000	0.0000	0.0000	0.0000	0.0000
G6774-MONOMER	164.0000	164.0000	163.0476	163.0000	163.0000	163.0000	163.0000	163.0000
G6776-MONOMER	82.0000	82.0000	82.0000	82.0000	82.0000	82.0000	82.0000	82.0000
G6782-MONOMER	15.0000	15.0000	15.0000	15.0000	15.0000	15.0000	15.0000	15.0000
G6783-MONOMER	86.0000	86.0000	86.0000	86.0000	86.0000	86.0000	86.0000	86.0000
G6784-MONOMER	92.0000	92.0000	92.0000	92.0000	92.0000	92.0000	92.0000	92.0000
G6785-MONOMER	104.0000	105.4762	108.0952	114.0909	118.7143	122.4545	130.1429	135.0909
G6787-MONOMER	3.0000	3.0000	3.0000	3.0000	3.0000	3.0000	3.0000	3.0000
G6788-MONOMER	24.0000	24.0000	24.0000	24.0000	24.0000	24.0000	24.0000	24.0000
G6789-MONOMER	0.0000	0.0000	0.0000	0.0000	0.0000	0.0000	0.0000	0.0000
G6791-MONOMER	1.0000	1.0000	1.0000	1.0000	1.0000	1.0000	1.0000	1.0000
G6792-MONOMER	0.0000	0.0000	0.0000	0.0000	0.0000	0.0000	0.0000	0.0000
G6793-MONOMER	5.0000	5.0000	5.0000	5.0000	5.0000	5.0000	5.0000	5.0000
G6794-MONOMER	2.0000	2.0000	2.0000	2.0000	2.0000	2.0000	2.0000	2.0000
G6795-MONOMER	4.0000	4.0000	4.0000	4.0000	4.0000	4.0000	4.0000	4.0000
G6798-MONOMER	32.0000	32.0000	32.0000	32.0000	32.0000	32.0000	32.0000	32.0000
G6799-MONOMER	41.0000	41.0000	41.0000	41.0000	41.0000	41.0000	41.0000	41.0000
G6804-MONOMER	29.0000	29.0000	29.0000	29.0000	29.0000	29.0000	29.0000	29.0000
G6805-MONOMER	20.0000	20.0000	20.0000	20.0000	20.0000	20.0000	20.0000	20.0000
G6806-MONOMER	81.0000	81.0000	81.0000	81.0000	81.0000	81.0000	81.0000	81.0000
G6807-MONOMER	61.0000	61.0000	61.0000	61.0000	61.0000	61.0000	61.0000	61.0000
G6808-MONOMER	0.0000	0.0000	0.0000	0.0000	0.0000	0.0000	0.0000	0.0000
G6809-MONOMER	50.0000	50.0000	50.0000	50.0000	50.0000	50.0000	50.0000	50.0000
G6810-MONOMER	78.0000	78.0000	78.0000	78.0000	78.0000	78.0000	78.0000	78.0000
G6811-MONOMER	62.0000	62.0000	62.0000	62.0000	62.0000	62.0000	62.0000	62.0000
G6812-MONOMER	1.0000	0.3810	0.3333	0.2273	0.2857	0.1364	0.4286	0.1818
G6813-MONOMER	4.0000	4.0000	4.0000	4.0000	4.0000	4.0000	4.0000	4.0000
G6814-MONOMER	230.0000	230.0000	230.0000	230.0000	230.0000	230.0000	230.0000	230.0000
G6815-MONOMER	93.0000	94.7143	96.9048	99.3182	103.4762	107.4545	110.0000	114.4545
G6816-MONOMER	13.0000	13.0000	13.0000	13.0000	13.0000	13.0000	13.0000	13.0000
G6818-MONOMER	4.0000	4.0000	4.0000	4.0000	4.0000	4.0000	4.0000	4.0000
G6819-MONOMER	10.0000	10.0000	10.0000	10.0000	10.0000	10.0000	10.0000	10.0000
G6820-MONOMER	11.0000	11.0000	11.0000	11.0000	11.0000	11.0000	11.0000	11.0000
G6821-MONOMER	10.0000	10.0000	10.0000	10.0000	10.0000	10.0000	10.0000	10.0000
G6822-MONOMER	1.0000	1.0000	1.0000	1.0000	1.0000	1.0000	1.0000	1.0000
G6823-MONOMER	8581.0000	8614.6190	8675.1429	8746.0455	8815.0476	8881.6364	8949.7619	9033.9091
G6824-MONOMER	0.0000	0.0000	0.0000	0.0000	0.0000	0.0000	0.0000	0.0000
G6825-MONOMER	3.0000	3.0000	3.0000	3.0000	3.0000	3.0000	3.0000	3.0000
G6826-MONOMER	4.0000	4.0000	4.0000	4.0000	4.0000	4.0000	4.0000	4.0000
G6827-MONOMER	9.0000	9.0000	9.0000	9.0000	9.0000	9.0000	9.0000	9.0000
G6828-MONOMER	7.0000	7.0000	7.0000	7.0000	7.0000	7.0000	7.0000	7.0000
G6829-MONOMER	3.0000	3.0000	3.0000	3.0000	3.0000	3.0000	3.0000	3.0000
G6830-MONOMER	13.0000	13.0000	13.0000	13.0000	13.0000	13.0000	13.0000	13.0000
G6831-MONOMER	16.0000	16.0000	16.0000	16.0000	16.0000	16.0000	16.0000	16.0000
G6832-MONOMER	92.0000	92.0000	92.0000	92.0000	92.0000	92.0000	91.2381	91.0000
G6833-MONOMER	2751.0000	2754.7143	2754.6667	2758.0909	2761.3810	2767.9091	2773.0952	2779.0909
G6834-MONOMER	29.0000	29.0000	29.0000	29.0000	29.0000	29.0000	29.0000	29.0000
G6835-MONOMER	31.0000	31.0000	31.0000	31.0000	31.0000	31.0000	31.0000	31.0000
G6838-MONOMER	18.0000	18.0000	18.0000	18.0000	18.0000	18.0000	18.0000	18.0000
G6839-MONOMER	19.0000	19.0000	19.0000	19.0000	19.0000	19.0000	19.0000	19.0000
G6840-MONOMER	48.0000	48.0000	48.0000	48.0000	48.0000	48.0000	48.0000	47.3636
G6841-MONOMER	1615.0000	1614.0000	1613.0000	1612.4545	1612.3810	1634.5455	1655.4762	1662.3636
G6843-MONOMER	110.0000	110.0000	110.0000	110.0000	110.0000	110.0000	110.0000	110.0000
G6844-MONOMER	209.0000	212.0000	218.8095	222.6364	228.2381	237.5909	242.6667	248.5000
G6845-MONOMER	40.0000	40.0000	40.0000	40.0000	40.0000	40.0000	40.0000	40.0000
G6846-MONOMER	53.0000	53.0000	53.0000	53.0000	53.0000	53.0000	53.0000	53.0000
G6847-MONOMER	46.0000	46.0000	46.0000	46.0000	46.0000	46.0000	46.0000	46.0000
G6848-MONOMER	7.0000	7.0000	7.0000	7.0000	7.0000	7.0000	7.0000	7.0000
G6849-MONOMER	52.0000	52.0000	52.0000	52.0000	52.0000	52.0000	52.0000	52.0000
G6851-MONOMER	39.0000	39.0000	39.0000	39.0000	39.0000	39.0000	39.0000	39.0000
G6853-MONOMER	24.0000	24.0000	24.0000	24.0000	24.0000	24.0000	24.0000	24.0000
G6855-MONOMER	59.0000	59.0000	59.0000	59.0000	59.0000	59.0000	59.0000	59.0000
G6856-MONOMER	67.0000	67.0000	67.0000	67.0000	67.0000	67.0000	67.0000	67.0000
G6859-MONOMER	23.0000	23.0000	23.0000	23.0000	23.0000	23.0000	23.0000	23.0000
G6860-MONOMER	944.0000	948.7619	960.1429	969.5909	984.5238	992.9091	1005.4762	1020.4091
G6862-MONOMER	44.0000	44.0000	44.0000	44.0000	44.0000	44.0000	47.3333	48.0000
G6863-MONOMER	118.0000	118.0000	118.0000	118.0000	118.0000	118.0000	118.0000	118.0000
G6865-MONOMER	671.0000	671.0000	671.0000	671.0000	671.0000	671.0000	671.0000	671.0000
G6866-MONOMER	5.0000	5.0000	5.0000	5.0000	5.0000	5.0000	5.0000	5.0000
G6867-MONOMER	100.0000	100.0000	100.0000	100.0000	100.0000	100.0000	100.0000	100.0000
G6868-MONOMER	252.0000	254.6190	258.5714	260.7727	263.8095	265.8182	266.8571	268.0000
G6869-MONOMER	78.0000	78.0000	78.0000	78.0000	78.0000	78.0000	78.0000	78.0000
G6870-MONOMER	78.0000	79.6667	82.0000	82.0000	82.0000	82.0000	82.0000	82.0000
G6871-MONOMER	70.0000	71.0000	72.3810	74.7727	77.0476	78.0000	78.0000	78.0000
G6872-MONOMER	76.0000	76.5714	79.0952	80.0000	81.0000	82.0000	82.0000	82.0000
G6873-MONOMER	67.0000	68.6667	70.0000	70.7273	71.6667	72.0000	72.0000	72.0000
G6874-MONOMER	61.0000	61.0476	63.0000	65.3636	66.4762	67.0000	67.0000	67.0000
G6875-MONOMER	70.0000	71.6190	74.1429	76.4545	80.5238	83.0000	83.0000	83.0000
G6876-MONOMER	99.0000	99.0000	100.8095	102.8636	105.4286	107.0000	107.0000	107.0000
G6880-MONOMER	81.0000	81.0000	81.0000	81.0000	81.0000	81.0000	81.0000	81.0000
G6881-MONOMER	6195.0000	6223.4286	6280.0952	6331.5000	6397.3810	6447.1364	6468.3333	6476.4545
G6882-MONOMER	85.0000	86.3810	90.8571	96.0455	101.0952	103.7273	107.7619	114.1364
G6883-MONOMER	61.0000	62.4286	66.2381	68.5455	73.8095	77.8182	84.4286	89.3182
G6884-MONOMER	40.0000	41.0000	45.1905	48.1364	51.3333	56.6818	60.7619	64.7273
G6885-MONOMER	18.0000	18.1429	19.2857	21.8636	22.0000	23.5909	25.8571	28.7727
G6886-MONOMER	102.0000	103.2381	105.9048	108.0909	109.8095	112.8636	122.3810	130.1818
G6887-MONOMER	370.0000	370.0000	370.0000	370.0000	370.0000	370.0000	370.0000	370.0000
G6888-MONOMER	156.0000	156.0000	156.0000	156.0000	156.0000	156.0000	156.0000	156.0000
G6889-MONOMER	41.0000	41.0000	41.0000	41.0000	41.0000	41.0000	41.0000	41.0000
G6890-MONOMER	173.0000	173.0000	173.0000	173.0000	173.0000	172.4545	172.0000	172.0000
G6892-MONOMER	228.0000	228.0000	228.0000	227.4545	227.0000	227.3182	231.2857	236.1364
G6894-MONOMER	86.0000	86.0000	86.0000	85.5000	83.1429	82.3636	82.0000	81.4545
G6895-MONOMER	4829.0000	4853.9524	4898.3333	4940.4545	4994.5714	5048.2273	5111.6667	5174.3636
G6896-MONOMER	53.0000	53.0000	53.0000	53.0000	53.0000	53.0000	53.0000	53.0000
G6897-MONOMER	19.0000	19.0000	19.0000	19.0000	19.0000	19.0000	19.0000	19.0000
G6898-MONOMER	11.0000	11.0000	11.0000	11.0000	11.0000	11.0000	11.0000	11.0000
G6899-MONOMER	26.0000	26.0000	26.0000	26.0000	26.0000	26.0000	26.0000	26.0000
G6900-MONOMER	8.0000	8.0000	8.0000	8.0000	8.0000	8.0000	8.0000	8.0000
G6901-MONOMER	5.0000	5.0000	5.0000	5.0000	5.0000	5.0000	5.0000	5.0000
G6902-MONOMER	7.0000	7.0000	7.0000	7.0000	7.0000	7.0000	7.0000	7.0000
G6903-MONOMER	507.0000	512.3810	520.1429	529.3636	537.4762	548.0000	558.7619	566.0000
G6904-MONOMER	216.0000	217.9048	221.2857	230.1818	234.9524	238.7273	242.8571	246.6364
G6905-MONOMER	1074.0000	1074.0000	1074.0000	1074.0000	1074.0000	1074.0000	1074.0000	1074.0000
G6906-MONOMER	661.0000	661.0000	661.0000	661.0000	661.0000	661.0000	661.0000	661.0000
G6907-MONOMER	449.0000	449.0000	449.0000	449.0000	449.0000	449.0000	449.0000	449.0000
G6908-MONOMER	1157.0000	1157.0000	1157.0000	1157.0000	1157.0000	1157.0000	1157.0000	1157.0000
G6909-MONOMER	612.0000	612.0000	612.0000	612.0000	612.0000	612.0000	612.0000	612.0000
G6911-MONOMER	857.0000	857.0000	857.0000	857.0000	857.0000	856.1818	856.0000	856.0000
G6912-MONOMER	827.0000	827.0000	827.0000	827.0000	827.0000	827.0000	827.0000	827.0000
G6913-MONOMER	1131.0000	1131.0000	1131.0000	1131.0000	1131.0000	1131.0000	1131.0000	1131.0000
G6914-MONOMER	113.0000	113.0000	113.0000	113.0000	113.0000	113.0000	113.0000	113.0000
G6915-MONOMER	3.0000	3.0000	3.0000	3.0000	3.0000	3.0000	3.0000	3.0000
G6918-MONOMER	11.0000	11.0000	11.0000	11.0000	11.0000	11.0000	11.0000	11.0000
G6919-MONOMER	30.0000	30.0000	30.0000	30.0000	30.0000	30.0000	30.0000	30.0000
G6920-MONOMER	6.0000	6.0000	6.0000	6.0000	6.0000	6.0000	6.0000	6.0000
G6921-MONOMER	11.0000	11.0000	11.0000	11.0000	11.0000	11.0000	11.0000	11.0000
G6922-MONOMER	5.0000	5.0000	5.0000	5.0000	5.0000	5.0000	5.0000	5.0000
G6923-MONOMER	8.0000	8.0000	8.0000	8.0000	8.0000	8.0000	8.0000	8.0000
G6924-MONOMER	115.0000	115.0000	115.0000	115.7727	116.0000	116.0000	117.6667	119.4545
G6925-MONOMER	11.0000	11.0000	11.0000	11.0000	11.0000	11.0000	11.0000	11.0000
G6928-MONOMER	363.0000	363.0000	362.1429	362.0000	362.0000	362.0000	361.3333	361.0000
G6929-MONOMER	337.0000	339.8571	345.1905	352.1364	361.9524	371.4091	382.3810	386.8636
G6930-MONOMER	137.0000	137.0000	137.0000	137.0000	137.0000	137.0000	137.0000	137.0000
G6931-MONOMER	125.0000	125.0000	125.0000	125.0000	125.0000	125.0000	125.0000	125.0000
G6932-MONOMER	697.0000	696.0476	695.3810	699.5455	709.5714	721.2273	732.0476	743.0000
G6933-MONOMER	7.0000	7.0000	7.0000	7.0000	7.0000	7.0000	7.0000	7.0000
G6934-MONOMER	1135.0000	1140.2381	1148.5714	1155.5909	1164.8095	1173.0455	1179.8571	1182.5000
G6935-MONOMER	52.0000	52.0000	52.0000	51.5000	51.0000	51.0000	51.0000	51.0000
G6936-MONOMER	54.0000	54.0000	54.0000	54.0000	54.0000	54.0000	54.0000	53.5909
G6937-MONOMER	20.0000	20.0000	20.0000	20.0000	20.0000	20.0000	20.0000	20.0000
G6938-MONOMER	275.0000	276.5714	280.2381	281.5000	285.3810	291.7727	298.5714	310.0000
G6939-MONOMER	64.0000	64.0000	64.0000	64.0000	64.0000	64.0000	64.0000	64.0000
G6945-MONOMER	31.0000	31.0000	31.0000	31.0000	31.0000	31.0000	31.0000	31.0000
G6946-MONOMER	15.0000	15.0000	15.0000	15.0000	15.0000	15.0000	15.0000	15.0000
G6947-MONOMER	40.0000	40.0000	40.0000	40.0000	40.0000	40.0000	40.0000	40.0000
G6948-MONOMER	37.0000	37.0000	37.0000	37.0000	37.0000	37.0000	37.0000	37.0000
G6949-MONOMER	14.0000	14.0000	14.0000	14.0000	14.0000	14.0000	14.0000	14.0000
G6952-MONOMER	78.0000	78.0000	78.0000	78.0000	77.8571	77.0000	77.0000	77.0000
G6953-MONOMER	36.0000	36.0000	36.0000	36.0000	36.0000	36.0000	36.0000	36.0000
G6954-MONOMER	438.0000	439.7619	445.5714	449.4091	453.2381	455.7727	457.9048	463.3182
G6955-MONOMER	363.0000	363.0000	363.0000	363.0000	363.0000	363.0000	363.0000	363.0000
G6956-MONOMER	84.0000	84.0000	84.0000	84.0000	84.0000	84.0000	84.0000	84.0000
G6957-MONOMER	62.0000	62.0000	62.0000	62.0000	62.0000	62.0000	62.0000	62.0000
G6958-MONOMER	11.0000	11.0000	11.0000	11.0000	11.0000	11.0000	11.0000	11.0000
G6959-MONOMER	11.0000	11.0000	11.0000	11.0000	11.0000	11.0000	11.0000	11.0000
G6960-MONOMER	6.0000	6.0000	6.0000	6.0000	6.0000	6.0000	6.0000	6.0000
G6961-MONOMER	4.0000	4.0000	4.0000	4.0000	4.0000	4.0000	4.0000	4.0000
G6963-MONOMER	6.0000	6.0000	6.0000	6.0000	6.0000	6.0000	6.0000	6.0000
G6964-MONOMER	744.0000	744.8571	750.7143	757.7727	765.4286	771.8182	779.6190	788.5909
G6966-MONOMER	752.0000	751.5238	750.6190	750.0000	749.8095	749.0000	749.0000	748.7273
G6967-MONOMER	62.0000	62.0000	62.0000	62.0000	62.0000	62.0000	62.0000	62.0000
G6968-MONOMER	2420.0000	2418.1429	2417.0000	2414.0455	2409.7143	2403.2727	2398.2381	2387.4545
G6969-MONOMER	133.0000	133.0000	132.4762	132.0000	132.0000	132.0000	132.0000	132.0000
G6970-MONOMER	89.0000	89.0000	88.9524	88.0000	88.0000	88.0000	88.0000	88.0000
G6971-MONOMER	1.0000	1.0000	1.0000	1.0000	1.0000	1.0000	1.0000	1.0000
G6972-MONOMER	11.0000	11.0000	11.0000	11.0000	11.0000	11.0000	11.0000	11.0000
G6973-MONOMER	639.0000	639.0000	638.2857	638.0000	637.0476	636.5909	635.6190	635.0000
G6974-MONOMER	0.0000	0.0000	0.0000	0.0000	0.0000	0.0000	0.0000	0.0000
G6975-MONOMER	58.0000	58.0000	58.0000	58.0000	58.0000	58.0000	58.0000	58.0000
G6976-MONOMER	49.0000	49.0000	49.0000	49.0000	49.0000	49.0000	49.0000	49.0000
G6978-MONOMER	209.0000	209.0000	209.0000	209.0000	209.0000	209.0000	209.0000	209.0000
G6979-MONOMER	248.0000	248.0000	246.9048	246.0000	246.0000	245.2273	245.0000	245.0000
G6980-MONOMER	226.0000	226.0000	226.0000	226.0000	226.0000	226.0000	225.9524	224.9545
G6981-MONOMER	1093.0000	1093.8571	1104.0000	1117.5455	1137.6667	1155.5455	1168.9524	1196.0909
G6982-MONOMER	2.0000	2.0000	2.0000	2.0000	2.0000	2.0000	2.0000	2.0000
G6983-MONOMER	4.0000	4.0000	4.0000	4.0000	4.0000	4.0000	4.0000	4.0000
G6984-MONOMER	3.0000	3.0000	3.0000	3.0000	3.0000	3.0000	3.0000	3.0000
G6985-MONOMER	83.0000	83.0000	83.0000	83.0000	83.0000	83.0000	83.0000	83.0000
G6986-MONOMER	32.0000	32.0000	32.0000	32.0000	32.0000	32.0000	32.0000	32.0000
G6988-MONOMER	6.0000	6.0000	6.0000	6.0000	6.0000	6.0000	6.0000	6.0000
G6989-MONOMER	6.0000	6.0000	6.0000	6.0000	6.0000	6.0000	6.0000	6.0000
G6990-MONOMER	107.0000	108.0000	111.2857	113.3636	115.2857	118.1364	121.7143	124.0000
G6991-MONOMER	209.0000	212.0952	216.0952	219.6364	225.0476	233.5000	242.9048	245.7727
G6992-MONOMER	16.0000	16.0000	16.0000	16.0000	16.0000	16.0000	16.0000	16.0000
G6993-MONOMER	2617.0000	2634.9524	2691.5238	2754.7273	2813.0000	2856.0909	2884.0000	2897.5909
G6994-MONOMER	48.0000	47.0000	46.0000	45.0000	45.0000	44.1364	43.1905	43.0000
G6995-MONOMER	241.0000	241.0000	241.0000	240.8182	240.0000	240.0000	240.0000	240.0000
G6996-MONOMER	14.0000	14.0000	14.0000	14.0000	13.4286	12.9091	12.0000	12.0000
G6997-MONOMER	82.0000	82.0000	82.0000	82.0000	82.0000	82.0000	82.0000	82.0000
G6998-MONOMER	46.0000	46.0000	46.0000	46.0000	46.0000	46.0000	46.0000	46.0000
G6999-MONOMER	5.0000	5.0000	5.0000	5.0000	5.0000	5.0000	5.0000	5.0000
G7000-MONOMER	146.0000	146.0000	146.0000	146.0000	147.4762	149.6364	151.1905	151.5455
G7001-MONOMER	192.0000	192.0000	192.0000	191.6364	191.0000	191.0000	192.0952	194.9091
G7002-MONOMER	466.0000	470.4762	476.2381	479.9545	482.0000	485.2273	491.5714	495.9091
G7003-MONOMER	408.0000	408.0000	407.2381	407.0000	407.0000	407.0000	406.2857	406.0000
G7005-MONOMER	1284.0000	1286.0476	1288.8095	1292.5000	1295.9048	1298.2727	1302.9524	1313.7727
G7006-MONOMER	18.0000	18.0000	18.0000	18.0000	18.0000	18.0000	18.0000	18.0000
G7007-MONOMER	47.0000	47.0000	47.0000	47.0000	47.0000	47.0000	47.0000	47.0000
G7008-MONOMER	55.0000	55.0000	55.0000	55.0000	55.0000	55.0000	55.2381	58.6818
G7009-MONOMER	669.0000	669.0000	669.2381	672.5000	675.9048	680.2727	683.8095	689.1818
G7010-MONOMER	133.0000	133.0000	133.0000	133.0000	133.0000	133.0000	133.0000	133.0000
G7011-MONOMER	41.0000	41.0000	41.0000	41.0000	41.0000	41.0000	41.0000	41.0000
G7012-MONOMER	951.0000	951.0000	951.0000	951.0000	951.0000	951.0000	951.0000	951.0000
G7013-MONOMER	117.0000	117.0000	117.0000	116.0909	116.0000	116.0000	116.0000	116.0000
G7014-MONOMER	1644.0000	1643.3810	1642.6667	1641.3182	1640.7619	1639.0000	1639.0000	1639.0000
G7015-MONOMER	157.0000	157.0000	157.0000	157.0000	156.9524	156.0000	156.0000	156.0000
G7016-MONOMER	124.0000	124.0000	124.0000	124.0000	124.0000	124.0000	124.0000	124.0000
G7019-MONOMER	23.0000	23.0000	23.0000	23.0000	23.0000	23.0000	23.0000	23.0000
G7020-MONOMER	170.0000	170.0000	170.0000	170.0000	170.0000	170.0000	170.0000	170.0000
G7021-MONOMER	127.0000	127.0000	127.0000	127.0000	127.0000	127.0000	127.0000	127.0000
G7022-MONOMER	12.0000	12.0000	12.0000	12.0000	12.0000	12.0000	12.0000	12.0000
G7023-MONOMER	14.0000	14.0000	14.0000	14.0000	14.0000	14.0000	14.0000	14.0000
G7024-MONOMER	174.0000	174.0000	174.0000	174.0000	174.0000	174.0000	173.5238	173.0000
G7025-MONOMER	166.0000	166.0000	166.0000	166.0000	166.0000	166.0000	165.1429	165.0000
G7026-MONOMER	60.0000	60.0000	60.0000	60.0000	60.0000	60.0000	60.0000	60.0000
G7027-MONOMER	243.0000	243.0000	243.0000	243.0000	243.0000	243.0000	243.0000	243.0000
G7028-MONOMER	206.0000	206.0000	206.0000	206.0000	209.4762	216.0455	221.0000	222.0000
G7031-MONOMER	54.0000	54.0000	54.0000	54.0000	54.0000	54.0000	54.0000	54.0000
G7033-MONOMER	96.0000	96.0000	96.0000	95.6818	95.0000	95.0000	95.0000	95.0000
G7035-MONOMER	512.0000	516.1429	519.8571	522.5000	525.3333	528.1818	531.5238	534.6364
G7036-MONOMER	34.0000	34.0000	34.0000	34.0000	34.0000	34.0000	34.0000	34.0000
G7037-MONOMER	268.0000	268.0000	268.0000	268.0000	268.0000	268.0000	268.0000	268.0000
G7039-MONOMER	5545.0000	5557.2381	5571.0000	5590.1364	5618.2381	5650.1364	5688.1429	5724.8636
G7040-MONOMER	66.0000	66.0000	66.0000	66.0000	66.0000	66.0000	66.0000	66.0000
G7045-MONOMER	395.0000	395.0000	395.0000	395.0000	394.0476	394.0000	394.0000	394.0000
G7046-MONOMER	115.0000	116.9048	122.8095	129.1818	135.0476	142.8182	147.0476	151.6364
G7048-MONOMER	93.0000	93.0000	93.0000	93.0000	93.0000	93.0000	93.0000	93.0000
G7049-MONOMER	22.0000	22.0000	22.0000	22.0000	22.0000	22.0000	22.0000	22.0000
G7050-MONOMER	140.0000	143.0000	150.2381	155.9091	160.1429	164.2273	168.7619	171.7727
G7051-MONOMER	130.0000	132.8571	138.2857	144.5909	145.0000	145.0000	144.6190	144.0000
G7055-MONOMER	95.0000	95.0000	95.0000	95.0000	95.0000	95.0000	95.0000	95.0000
G7056-MONOMER	43.0000	44.0952	45.0000	46.2727	49.6667	52.9091	55.9524	58.0000
G7057-MONOMER	58.0000	58.0000	58.0000	60.0000	64.5238	69.2727	73.3333	76.1364
G7058-MONOMER	28.0000	28.0000	28.0000	28.0000	28.0000	28.0000	28.0000	28.0000
G7059-MONOMER	36.0000	36.0000	36.0000	36.0000	36.0000	36.0000	36.0000	36.0000
G7060-MONOMER	31.0000	31.0000	31.0000	31.0000	31.0000	31.0000	31.0000	31.0000
G7061-MONOMER	34.0000	34.0000	34.0000	34.0000	34.0000	34.0000	34.0000	34.0000
G7062-MONOMER	12.0000	12.0000	12.0000	12.0000	12.0000	12.0000	12.0000	12.0000
G7063-MONOMER	146.0000	149.5238	154.0000	157.1364	158.8571	162.9091	168.0476	171.8636
G7064-MONOMER	5.0000	5.0000	5.0000	5.0000	5.0000	5.0000	4.5238	4.0000
G7068-MONOMER	1239.0000	1241.2381	1243.0000	1243.2727	1252.0476	1257.7727	1264.1905	1276.3636
G7071-MONOMER	25.0000	24.5238	24.9524	25.7727	26.4762	27.6818	28.6667	29.3636
G7072-MONOMER	25.0000	25.0000	25.0000	25.0000	25.0000	25.0000	25.0000	25.0000
G7073-MONOMER	52.0000	52.0000	52.0000	52.0000	52.0000	52.0000	52.0000	52.0000
G7074-MONOMER	47.0000	47.0000	47.0000	47.0000	47.0000	47.0000	47.0000	47.0000
G7080-MONOMER	208.0000	208.0000	208.0000	208.0000	208.0000	208.0000	208.0000	208.0000
G7081-MONOMER	17.0000	17.0000	17.0000	17.0000	17.0000	17.0000	17.0000	17.0000
G7082-MONOMER	22.0000	22.0000	22.0000	22.0000	22.0000	22.0000	22.0000	22.0000
G7083-MONOMER	21.0000	21.0000	21.0000	21.0000	21.0000	21.0000	21.0000	21.0000
G7084-MONOMER	24.0000	24.0000	24.0000	24.0000	24.0000	24.0000	24.0000	24.0000
G7085-MONOMER	22.0000	22.0000	22.0000	22.0000	22.0000	22.0000	22.0000	22.0000
G7086-MONOMER	11.0000	11.0000	11.0000	11.0000	11.0000	11.0000	11.0000	11.0000
G7087-MONOMER	15864.0000	15889.3810	15939.5714	16008.0455	16083.4762	16153.7273	16219.1905	16285.2727
G7088-MONOMER	1.0000	1.0000	1.0000	1.0000	1.0000	1.0000	1.0000	1.0000
G7089-MONOMER	467.0000	473.7619	487.0000	494.9545	505.1905	510.5455	513.6667	517.4091
G7090-MONOMER	1102.0000	1101.3810	1103.4286	1106.3636	1107.0000	1105.9545	1104.8095	1104.0000
G7093-MONOMER	1038.0000	1040.0952	1042.6667	1048.8182	1051.2857	1049.2727	1046.8571	1046.0000
G7094-MONOMER	16.0000	16.0000	16.0000	16.0000	16.0000	16.0000	16.0000	16.0000
G7095-MONOMER	13.0000	13.0000	13.0000	13.0000	13.0000	13.0000	13.0000	13.0000
G7096-MONOMER	13.0000	13.0000	13.0000	13.0000	13.0000	13.0000	13.0000	13.0000
G7097-MONOMER	2.0000	2.0000	2.0000	2.0000	2.0000	2.0000	2.0000	2.0000
G7098-MONOMER	8.0000	8.0000	8.0000	8.0000	8.0000	8.0000	8.0000	8.0000
G7099-MONOMER	8.0000	8.0000	8.0000	8.0000	8.0000	8.0000	8.0000	8.0000
G7100-MONOMER	6.0000	6.0000	6.0000	6.0000	6.0000	6.0000	6.0000	6.0000
G7101-MONOMER	5.0000	5.0000	5.0000	5.0000	5.0000	5.0000	5.0000	5.0000
G7102-MONOMER	5.0000	5.0000	5.0000	5.0000	5.0000	5.0000	5.0000	5.0000
G7103-MONOMER	10.0000	10.0000	10.0000	10.0000	10.0000	10.0000	10.0000	10.0000
G7104-MONOMER	4.0000	4.0000	4.0000	4.0000	4.0000	4.0000	4.0000	4.0000
G7105-MONOMER	2.0000	2.0000	2.0000	2.0000	2.0000	2.0000	2.0000	2.0000
G7106-MONOMER	5.0000	5.0000	5.0000	5.0000	5.0000	5.0000	5.0000	5.0000
G7107-MONOMER	7.0000	7.0000	7.0000	7.0000	7.0000	7.0000	7.0000	7.0000
G7108-MONOMER	59.0000	59.0000	59.0000	59.0000	59.0000	59.0000	59.0000	59.0000
G7109-MONOMER	15.0000	15.0000	15.0000	15.0000	15.0000	15.0000	15.0000	15.0000
G7110-MONOMER	7.0000	7.0000	7.0000	7.0000	7.0000	7.0000	7.0000	7.0000
G7111-MONOMER	9.0000	9.0000	9.0000	9.0000	9.0000	9.0000	9.0000	9.0000
G7112-MONOMER	8.0000	8.0000	8.0000	8.0000	8.0000	8.0000	8.0000	8.0000
G7117-MONOMER	337.0000	337.0000	336.7619	336.0000	336.0000	335.9545	333.8095	332.2727
G7118-MONOMER	366.0000	366.0000	366.0000	365.0455	365.0000	365.0000	365.0000	365.0000
G7119-MONOMER	147.0000	146.2381	146.0000	146.0000	146.0000	146.0000	146.0000	146.0000
G7122-MONOMER	16.0000	16.0000	16.0000	16.0000	16.0000	16.0000	16.0000	16.0000
G7123-MONOMER	67.0000	66.7619	66.0000	66.0000	66.0000	66.0000	66.0000	66.0000
G7126-MONOMER	47.0000	47.0000	47.0000	47.0000	47.0000	47.0000	47.0000	47.0000
G7128-MONOMER	6754.0000	6768.5714	6789.4286	6810.5000	6839.1905	6859.8182	6875.2381	6897.2727
G7131-MONOMER	36.0000	36.0000	36.0000	36.0000	36.0000	36.0000	36.0000	36.0000
G7132-MONOMER	33.0000	33.0000	33.0000	33.0000	33.0000	33.0000	33.0000	33.0000
G7133-MONOMER	8.0000	7.3810	7.4286	7.3182	7.3333	7.4091	7.1905	7.4545
G7134-MONOMER	70.0000	70.0000	70.0000	70.0000	70.0000	70.0000	70.0000	70.0000
G7137-MONOMER	104.0000	104.0000	104.0000	104.0000	104.0000	103.2273	103.0000	103.0000
G7138-MONOMER	37.0000	37.0000	37.0000	37.0000	37.0000	37.0000	37.0000	37.0000
G7139-MONOMER	361.0000	361.0000	361.0000	361.0000	361.0000	360.8182	360.0000	360.0000
G7144-MONOMER	81.0000	81.0000	81.0000	81.0000	80.9048	80.0000	80.0000	80.0000
G7145-MONOMER	12.0000	12.0000	12.0000	12.0000	12.0000	12.0000	12.0000	12.0000
G7146-MONOMER	99.0000	99.0000	99.0000	99.0000	99.0000	99.0000	98.6190	98.0000
G7147-MONOMER	1228.0000	1228.5714	1232.3333	1235.0000	1239.0000	1244.3182	1248.8095	1254.5455
G7148-MONOMER	36.0000	36.0000	36.0000	36.0000	36.0000	36.0000	36.0000	36.0000
G7152-MONOMER	7.0000	7.0000	7.0000	7.0000	7.0000	7.0000	7.0000	7.0000
G7153-MONOMER	5.0000	5.0000	5.0000	5.0000	5.0000	5.0000	5.0000	5.0000
G7156-MONOMER	5.0000	5.0000	5.0000	5.0000	5.0000	5.0000	5.0000	5.0000
G7158-MONOMER	22.0000	22.0000	22.0000	22.0000	22.0000	22.0000	22.0000	22.0000
G7160-MONOMER	8.0000	8.0000	8.0000	8.0000	8.0000	8.0000	8.0000	8.0000
G7161-MONOMER	7.0000	7.0000	7.0000	7.0000	7.0000	7.0000	7.0000	7.0000
G7162-MONOMER	158.0000	158.2381	159.7143	160.7727	162.9048	163.0000	163.0000	163.0000
G7163-MONOMER	72.0000	72.0000	72.0000	72.0000	72.0000	72.0000	72.0000	72.0000
G7164-MONOMER	37.0000	37.0000	37.0000	37.0000	37.0000	37.0000	37.0000	37.0000
G7165-MONOMER	5.0000	5.0000	5.0000	5.0000	5.0000	5.0000	5.0000	5.0000
G7166-MONOMER	27.0000	27.0000	27.0000	27.0000	27.0000	27.0000	27.0000	27.0000
G7167-MONOMER	37.0000	37.0000	37.0000	37.0000	37.0000	37.0000	37.0000	37.0000
G7168-MONOMER	19.0000	19.0000	19.0000	19.0000	19.0000	19.0000	19.0000	19.0000
G7169-MONOMER	32.0000	32.0000	32.0000	32.0000	32.0000	32.0000	32.0000	32.0000
G7170-MONOMER	35.0000	35.0000	35.0000	35.0000	35.0000	35.0000	35.0000	35.0000
G7171-MONOMER	34.0000	34.0000	34.0000	34.0000	34.0000	34.0000	34.0000	34.0000
G7172-MONOMER	235.0000	235.0000	235.0000	235.0000	233.9524	233.0000	233.0000	233.0000
G7173-MONOMER	2006.0000	2005.6190	2000.4286	1993.5000	1990.3810	1989.5000	1985.3810	1983.0000
G7174-MONOMER	201.0000	202.9048	207.2381	211.6818	216.0476	224.4091	230.5238	230.4545
G7175-MONOMER	145.0000	145.0000	145.0000	145.0000	145.0000	145.0000	145.0000	145.0000
G7176-MONOMER	11.0000	11.0000	11.0000	11.0000	11.0000	11.0000	11.0000	11.0000
G7177-MONOMER	10.0000	10.0000	10.0000	10.0000	10.0000	10.0000	10.0000	10.0000
G7178-MONOMER	3.0000	3.0000	3.0000	3.0000	3.0000	3.0000	3.0000	3.0000
G7179-MONOMER	6.0000	6.0000	6.0000	6.0000	6.0000	6.0000	6.0000	6.0000
G7180-MONOMER	2.0000	2.0000	2.0000	2.0000	2.0000	2.0000	2.0000	2.0000
G7181-MONOMER	18.0000	18.0000	18.0000	18.0000	18.0000	18.0000	18.0000	18.0000
G7182-MONOMER	21.0000	21.0000	21.0000	21.0000	21.0000	21.0000	21.0000	21.0000
G7184-MONOMER	432.0000	432.0000	432.0000	432.0000	432.0000	432.0000	432.0000	432.0000
G7185-MONOMER	152.0000	152.0000	152.0000	152.0000	152.0000	152.0000	152.0000	152.0000
G7186-MONOMER	5.0000	5.0000	5.0000	5.0000	5.0000	5.0000	5.0000	5.0000
G7187-MONOMER	345.0000	345.0000	345.0000	345.0000	345.0000	345.0000	346.6190	348.0000
G7188-MONOMER	1596.0000	1596.0000	1596.0000	1596.0000	1596.0000	1599.4545	1605.8095	1614.5909
G7189-MONOMER	315.0000	315.0000	315.0000	315.0000	315.0000	315.0000	315.0000	314.0000
G7190-MONOMER	5.0000	5.0000	5.0000	5.0000	5.0000	5.0000	5.0000	5.0000
G7191-MONOMER	698.0000	698.0000	697.2381	697.0000	696.7619	694.0000	692.0000	692.0000
G7192-MONOMER	391.0000	391.0000	393.2381	397.4545	404.1905	408.3636	411.0476	415.5000
G7193-MONOMER	130.0000	130.0000	130.0000	130.0000	130.0000	130.0000	130.0000	130.0000
G7194-MONOMER	49.0000	49.0000	49.0000	49.0000	49.0000	49.0000	49.0000	49.0000
G7196-MONOMER	77.0000	77.0000	77.0000	77.0000	77.0000	77.0000	77.0000	77.0000
G7197-MONOMER	31.0000	31.0000	31.0000	31.0000	31.0000	31.0000	31.0000	31.0000
G7199-MONOMER	24.0000	24.0000	24.0000	24.0000	24.0000	24.0000	24.0000	24.0000
G7200-MONOMER	828.0000	828.0000	828.0000	828.0000	828.0000	828.0000	828.0000	828.0000
G7201-MONOMER	160.0000	160.0000	160.0000	160.0000	160.0000	160.0000	160.0000	160.0000
G7202-MONOMER	226.0000	225.3810	225.0000	225.0000	226.0952	231.4091	234.0000	234.0000
G7203-MONOMER	9.0000	9.0000	9.0000	9.0000	9.0000	9.0000	9.0000	9.0000
G7204-MONOMER	42.0000	42.0000	42.0000	42.0000	42.0000	42.0000	42.0000	42.0000
G7205-MONOMER	38.0000	38.0000	38.0000	38.0000	38.0000	38.0000	38.0000	38.0000
G7206-MONOMER	34.0000	34.0000	34.0000	34.0000	34.0000	34.0000	34.0000	34.0000
G7207-MONOMER	33.0000	33.0000	33.0000	33.0000	33.0000	33.0000	33.0000	33.0000
G7210-MONOMER	2.0000	2.0000	2.0000	2.0000	2.0000	2.0000	2.0000	2.0000
G7211-MONOMER	544.0000	543.4762	543.0000	543.0000	543.4762	548.5000	551.2381	554.1364
G7212-MONOMER	14.0000	14.0000	14.0000	14.0000	14.0000	14.0000	14.0000	14.0000
G7213-MONOMER	33.0000	33.0000	33.0000	33.0000	33.0000	33.0000	33.0000	33.0000
G7214-MONOMER	279.0000	284.9524	297.1905	300.0000	300.0000	300.0000	300.0000	300.0000
G7215-MONOMER	5.0000	5.0000	5.0000	5.0000	5.0000	5.0000	5.0000	5.0000
G7216-MONOMER	373.0000	373.0000	373.0000	373.0000	373.0000	373.0000	373.0000	373.0000
G7217-MONOMER	31.0000	31.0000	31.0000	31.0000	31.0000	31.0000	31.0000	31.0000
G7218-MONOMER	67.0000	67.0000	67.0000	67.0000	67.0000	67.0000	67.0000	67.0000
G7219-MONOMER	143.0000	143.0000	143.0000	143.0000	143.0000	143.0000	143.0000	143.0000
G7220-MONOMER	301.0000	301.0000	301.0000	300.5000	300.0000	299.3182	299.0000	299.0000
G7221-MONOMER	212.0000	212.0000	212.0000	212.0000	212.0000	212.0000	212.0000	211.5455
G7223-MONOMER	7.0000	7.0000	7.0000	7.0000	7.0000	7.0000	7.0000	7.0000
G7225-MONOMER	5.0000	5.0000	5.0000	5.0000	5.0000	5.0000	5.0000	5.0000
G7226-MONOMER	1.0000	1.0000	1.0000	1.0000	1.0000	1.0000	1.0000	1.0000
G7227-MONOMER	6.0000	6.0000	6.0000	6.0000	6.0000	6.0000	6.0000	6.0000
G7228-MONOMER	24.0000	24.0000	24.0000	24.0000	24.0000	24.0000	24.0000	24.0000
G7229-MONOMER	24.0000	24.0000	24.0000	24.0000	24.0000	24.0000	24.0000	24.0000
G7230-MONOMER	9.0000	9.0000	9.0000	9.0000	9.0000	9.0000	9.0000	9.0000
G7231-MONOMER	17.0000	17.0000	17.0000	17.0000	17.0000	17.0000	17.0000	17.0000
G7232-MONOMER	7.0000	7.0000	7.0000	7.0000	7.0000	7.0000	7.0000	7.0000
G7233-MONOMER	2.0000	2.0000	2.0000	2.0000	2.0000	2.0000	2.0000	2.0000
G7234-MONOMER	9.0000	9.0000	9.0000	9.0000	9.0000	9.0000	9.0000	9.0000
G7236-MONOMER	4.0000	4.0000	4.0000	4.0000	4.0000	4.0000	4.0000	4.0000
G7237-MONOMER	1.0000	1.0000	1.0000	1.0000	1.0000	1.0000	1.0000	1.0000
G7238-MONOMER	4.0000	4.0000	4.0000	4.0000	4.0000	4.0000	4.0000	4.0000
G7239-MONOMER	11.0000	11.0000	11.0000	11.0000	11.0000	11.0000	11.0000	11.0000
G7240-MONOMER	14.0000	14.0000	14.0000	14.0000	14.0000	14.0000	14.0000	14.0000
G7242-MONOMER	280.0000	283.3333	290.6667	299.2727	305.2857	311.9545	321.1429	328.7727
G7243-MONOMER	30.0000	30.0000	30.0000	30.0000	30.0000	30.0000	30.0000	30.0000
G7244-MONOMER	0.0000	0.0000	0.0952	0.0455	0.0000	0.0455	0.0000	0.0000
G7245-MONOMER	79.0000	79.0000	79.0000	79.0000	79.0000	79.0000	79.0000	79.0000
G7246-MONOMER	5.0000	5.0000	5.0000	5.0000	5.0000	5.0000	5.0000	5.0000
G7247-MONOMER	5.0000	5.0000	5.0000	5.0000	5.0000	5.0000	5.0000	5.0000
G7248-MONOMER	8.0000	8.0000	8.0000	8.0000	8.0000	8.0000	8.0000	8.0000
G7250-MONOMER	3.0000	3.0000	3.0000	3.0000	3.0000	3.0000	3.0000	3.0000
G7251-MONOMER	59.0000	59.0000	59.0000	59.0000	59.0000	59.0000	59.0000	59.0000
G7252-MONOMER	472.0000	479.0000	491.1905	500.7273	508.1905	517.8636	532.9048	537.4545
G7255-MONOMER	139.0000	140.0952	147.1429	150.7273	157.0000	168.8636	178.0000	186.4545
G7256-MONOMER	14.0000	14.0000	14.0000	14.0000	14.0000	14.0000	14.0000	14.0000
G7257-MONOMER	40.0000	40.0000	40.0000	40.0000	40.0000	40.0000	40.0000	40.0000
G7258-MONOMER	208.0000	208.0000	208.0000	208.0000	208.0000	208.0000	208.0000	208.0000
G7260-MONOMER	78.0000	78.0000	78.0000	78.0000	78.0000	78.0000	78.0000	78.0000
G7261-MONOMER	82.0000	82.0000	82.0000	82.0000	82.0000	82.0000	82.0000	82.0000
G7262-MONOMER	21.0000	21.0000	21.0000	21.0000	21.0000	21.0000	21.0000	21.0000
G7263-MONOMER	54.0000	54.0000	54.0000	54.0000	54.0000	54.0000	54.0000	54.0000
G7265-MONOMER	25.0000	25.0000	25.0000	25.0000	25.0000	25.0000	25.0000	25.0000
G7266-MONOMER	556.0000	556.0000	556.0000	556.0000	556.0000	556.0000	556.0000	556.0000
G7267-MONOMER	142.0000	142.0000	142.0000	142.0000	142.0000	142.0000	142.0000	142.0000
G7268-MONOMER	20.0000	20.0000	20.0000	20.0000	20.0000	20.0000	20.0000	20.0000
G7269-MONOMER	69.0000	69.0000	69.0000	69.0000	69.0000	69.0000	69.0000	69.0000
G7270-MONOMER	31.0000	31.0000	31.0000	31.0000	31.0000	31.0000	31.0000	31.0000
G7271-MONOMER	141.0000	141.0000	141.0000	141.0000	141.0000	141.0000	141.0000	141.0000
G7272-MONOMER	40.0000	39.8571	39.0000	39.0000	39.0000	39.0000	39.0000	39.0000
G7273-MONOMER	97.0000	97.0000	97.0000	97.0000	97.0000	97.0000	97.0000	97.0000
G7274-MONOMER	8.0000	8.0000	8.0000	8.0000	8.0000	8.0000	8.0000	8.0000
G7275-MONOMER	6.0000	6.0000	6.0000	6.0000	6.0000	6.0000	6.0000	6.0000
G7276-MONOMER	14.0000	14.0000	14.0000	14.0000	14.0000	14.0000	14.0000	14.0000
G7277-MONOMER	13.0000	13.0000	13.0000	13.0000	13.0000	13.0000	13.0000	13.0000
G7278-MONOMER	60.0000	60.0000	60.0000	60.0000	60.0000	60.0000	60.0000	60.0000
G7279-MONOMER	48.0000	48.0000	48.0000	48.0000	48.0000	48.0000	48.0000	48.0000
G7280-MONOMER	302.0000	302.0000	302.0000	301.4545	301.0000	301.0000	301.0000	300.5909
G7281-MONOMER	2.0000	2.0000	2.0000	2.0000	2.0000	2.0000	2.0000	2.0000
G7282-MONOMER	4.0000	4.0000	4.0000	4.0000	4.0000	4.0000	4.0000	4.0000
G7283-MONOMER	9.0000	9.0000	9.0000	9.0000	9.0000	9.0000	9.0000	9.0000
G7284-MONOMER	7.0000	7.0000	7.0000	7.0000	7.0000	7.0000	7.0000	7.0000
G7285-MONOMER	7.0000	7.0000	7.0000	7.0000	7.0000	7.0000	7.0000	7.0000
G7286-MONOMER	6.0000	6.0000	6.0000	6.0000	6.0000	6.0000	6.0000	6.0000
G7287-MONOMER	6.0000	6.0000	6.0000	6.0000	6.0000	6.0000	6.0000	6.0000
G7288-MONOMER	4.0000	4.0000	4.0000	4.0000	4.0000	4.0000	4.0000	4.0000
G7289-MONOMER	4.0000	4.0000	4.0000	4.0000	4.0000	4.0000	4.0000	4.0000
G7290-MONOMER	10.0000	10.0000	10.0000	10.0000	10.0000	10.0000	10.0000	10.0000
G7291-MONOMER	6.0000	6.0000	6.0000	6.0000	6.0000	6.0000	6.0000	6.0000
G7292-MONOMER	6.0000	6.0000	6.0000	6.0000	6.0000	6.0000	6.0000	6.0000
G7295-MONOMER	23.0000	23.0000	23.0000	23.0000	23.0000	23.0000	23.0000	23.0000
G7296-MONOMER	83.0000	83.0000	83.0000	83.0000	83.0000	83.0000	83.0000	83.0000
G7297-MONOMER	31.0000	31.0000	31.0000	31.9545	32.0000	33.0000	33.0000	33.0000
G7298-MONOMER	122.0000	122.9524	128.0476	134.0455	137.9048	144.0455	149.9524	153.0909
G7307-MONOMER	13.0000	13.0000	13.0000	13.0000	13.0000	13.0000	13.0000	13.0000
G7308-MONOMER	17.0000	17.0000	17.0000	17.0000	17.0000	17.0000	17.0000	17.0000
G7310-MONOMER	45.0000	45.0000	45.0000	45.0000	45.0000	45.0000	45.0000	45.0000
G7311-MONOMER	118.0000	118.0000	118.0000	117.7273	117.0000	117.0000	117.0000	117.0000
G7312-MONOMER	3882.0000	3878.5714	3879.6667	3886.2727	3895.1429	3905.0455	3907.6667	3916.8636
G7313-MONOMER	64.0000	64.0000	64.9524	65.0000	65.5238	66.0000	66.0000	66.1818
G7314-MONOMER	16.0000	16.0000	16.0000	16.0000	16.0000	16.0000	16.0000	16.0000
G7315-MONOMER	1623.0000	1622.5714	1621.2381	1618.7273	1617.9048	1616.3182	1614.7619	1614.0000
G7316-MONOMER	13.0000	13.0000	13.0000	13.0000	13.0000	13.0000	13.0000	13.0000
G7317-MONOMER	9.0000	9.0000	9.0000	9.0000	9.0000	9.0000	9.0000	9.0000
G7318-MONOMER	173.0000	175.5714	176.0000	175.5909	175.0000	175.0000	175.0000	175.0000
G7319-MONOMER	559.0000	559.7619	565.6190	568.3182	569.6667	574.2727	577.8571	581.7273
G7320-MONOMER	378.0000	378.4762	382.0476	383.2273	386.2381	387.0000	388.1429	392.9545
G7321-MONOMER	421.0000	424.0952	428.4762	428.2727	428.0000	428.0000	427.1905	427.0000
G7322-MONOMER	4.0000	4.0000	4.0000	4.0000	4.0000	4.0000	4.0000	4.0000
G7323-MONOMER	11.0000	11.0000	11.0000	11.0000	11.0000	11.0000	11.0000	11.0000
G7324-MONOMER	691.0000	686.3810	679.7619	677.2727	673.3333	667.2273	658.3810	656.4091
G7325-MONOMER	1345.0000	1345.4286	1353.2857	1364.5455	1370.6190	1372.0000	1374.8095	1384.6364
G7326-MONOMER	1841.0000	1840.4286	1843.9048	1847.8636	1852.6667	1858.4545	1866.5238	1870.3636
G7327-MONOMER	599.0000	599.8095	600.0000	600.0000	600.0000	600.0000	600.0000	600.0000
G7328-MONOMER	11.0000	11.0952	15.3810	18.7727	25.0000	31.0455	37.8571	44.5909
G7329-MONOMER	66.0000	66.0000	66.0000	66.0000	66.0000	66.0000	66.0000	66.0000
G7331-MONOMER	93.0000	93.0000	93.0000	93.0000	93.0000	93.0000	93.0000	93.0000
G7337-MONOMER	73.0000	73.0000	73.0000	73.0000	73.0000	73.0000	73.0000	73.0000
G7338-MONOMER	30.0000	30.0000	30.0000	30.0000	30.0000	30.0000	30.0000	30.0000
G7342-MONOMER	4.0000	4.0000	4.0000	4.0000	4.0000	4.0000	4.0000	4.0000
G7343-MONOMER	8.0000	8.0000	8.0000	8.0000	8.0000	8.0000	8.0000	8.0000
G7344-MONOMER	52.0000	52.0000	52.0000	52.0000	52.0000	52.0000	52.0000	52.0000
G7345-MONOMER	10.0000	10.0000	10.0000	10.0000	10.0000	10.0000	10.0000	10.0000
G7346-MONOMER	148.0000	148.0000	148.0000	148.0000	148.0000	148.0000	148.0000	148.0000
G7347-MONOMER	107.0000	107.0000	107.0000	106.0455	106.0000	106.0000	106.0000	106.0000
G7348-MONOMER	132.0000	132.0000	132.0000	132.0000	132.0000	132.0000	132.0000	132.0000
G7349-MONOMER	83.0000	83.0000	83.0000	83.0000	83.0000	83.0000	83.0000	83.0000
G7350-MONOMER	12.0000	12.0000	12.0000	12.0000	12.0000	12.0000	12.0000	12.0000
G7352-MONOMER	3204.0000	3213.6667	3241.5238	3269.3182	3291.0476	3306.3182	3321.7619	3339.1818
G7354-MONOMER	15.0000	15.0000	15.0000	15.0000	15.0000	15.0000	15.0000	15.0000
G7355-MONOMER	159.0000	159.0000	159.0000	159.0000	159.0000	159.0000	159.4286	160.0000
G7356-MONOMER	47.0000	47.0000	47.0000	47.0000	47.0000	47.0000	47.0000	47.0000
G7357-MONOMER	548.0000	548.4762	553.6190	556.4545	556.0000	555.5455	559.7619	567.1364
G7358-MONOMER	428.0000	430.0952	434.3333	436.0000	436.0000	436.1818	443.0952	450.8636
G7359-MONOMER	40.0000	40.0000	40.0000	40.0000	40.0000	40.0000	40.0000	40.0000
G7360-MONOMER	9.0000	9.0000	9.0000	9.0000	9.0000	9.0000	9.0000	9.0000
G7361-MONOMER	9.0000	9.0000	9.0000	9.0000	9.0000	9.0000	9.0000	9.0000
G7362-MONOMER	43.0000	43.0000	43.0000	43.0000	43.0000	43.0000	43.0000	43.0000
G7363-MONOMER	35.0000	35.0000	35.0000	35.0000	35.0000	35.0000	35.0000	35.0000
G7364-MONOMER	22.0000	22.0000	22.0000	22.0000	22.0000	22.0000	22.0000	22.0000
G7365-MONOMER	290.0000	291.5238	299.1905	304.5455	311.3333	314.0455	316.3333	321.4091
G7366-MONOMER	43.0000	43.6190	45.0000	45.0909	46.6667	47.0000	47.0000	47.5909
G7367-MONOMER	8.0000	8.0000	8.0000	8.0000	8.0000	8.0000	8.0000	8.0000
G7368-MONOMER	9.0000	9.0000	9.0000	9.0000	9.0000	9.0000	9.0000	9.0000
G7369-MONOMER	21.0000	21.0000	21.0000	21.0000	21.0000	21.0000	21.0000	21.0000
G7370-MONOMER	22.0000	22.0000	22.0000	22.0000	22.0000	22.0000	22.0000	22.0000
G7371-MONOMER	19.0000	19.0000	19.0000	19.0000	19.0000	19.0000	19.0000	19.0000
G7372-MONOMER	11.0000	11.0000	11.0000	11.0000	11.0000	11.0000	11.0000	11.0000
G7373-MONOMER	81.0000	81.0000	81.0000	81.0000	81.0000	81.0000	81.0000	81.0000
G7377-MONOMER	26.0000	26.0000	26.0000	26.0000	26.0000	26.0000	26.0000	26.0000
G7378-MONOMER	9.0000	9.0000	9.0000	9.0000	9.0000	9.0000	9.0000	9.0000
G7379-MONOMER	7.0000	7.0000	7.0000	7.0000	7.0000	7.0000	7.0000	7.0000
G7380-MONOMER	9.0000	9.0000	9.0000	9.0000	9.0000	9.0000	9.0000	9.0000
G7381-MONOMER	12.0000	12.0000	12.0000	12.0000	12.0000	12.0000	11.0476	11.0000
G7382-MONOMER	1.0000	1.0000	1.0000	1.0000	1.0000	1.0000	1.0000	1.0000
G7384-MONOMER	2.0000	2.0000	2.0000	2.0000	2.0000	2.0000	2.0000	2.0000
G7385-MONOMER	0.0000	0.0000	0.0000	0.0000	0.0000	0.0000	0.0000	0.0000
G7394-MONOMER	55.0000	55.7619	59.1905	65.0455	67.0000	67.0000	67.0000	67.0000
G7395-MONOMER	691.0000	693.0952	693.5714	692.0000	692.0000	692.0000	692.0000	692.0000
G7396-MONOMER	691.0000	691.0000	691.0000	691.0000	691.0000	691.0000	691.0000	690.3636
G7397-MONOMER	70.0000	70.0000	69.5238	69.0000	69.0000	69.0000	68.9524	68.0000
G7398-MONOMER	59.0000	59.0000	59.0000	59.0000	59.0000	59.0000	59.0000	59.0000
G7399-MONOMER	8.0000	8.0000	8.0000	8.0000	8.0000	8.0000	8.0000	8.0000
G7401-MONOMER	1447.0000	1453.5238	1467.3333	1481.3182	1494.0476	1511.7727	1520.5714	1525.0909
G7402-MONOMER	257.0000	258.1905	260.7143	263.8182	265.9524	266.2273	267.9524	268.0000
G7405-MONOMER	78.0000	78.0000	78.0000	78.0000	78.0000	78.0000	78.0000	78.0000
G7406-MONOMER	51.0000	51.0000	51.0000	51.0000	51.0000	51.0000	51.0000	51.0000
G7407-MONOMER	5.0000	5.0000	5.0000	5.0000	5.0000	5.0000	5.0000	4.4091
G7408-MONOMER	124.0000	124.0000	124.0000	123.9091	123.0000	123.0000	123.0000	123.0000
G7409-MONOMER	129.0000	129.0000	129.0000	129.0000	129.0000	129.0000	129.0000	129.0000
G7410-MONOMER	151.0000	151.0000	151.0000	151.0000	151.0000	151.0000	150.9524	150.0000
G7413-MONOMER	15.0000	15.0000	15.0000	15.0000	15.0000	15.0000	15.0000	15.0000
G7414-MONOMER	14.0000	14.0000	14.0000	14.0000	14.0000	14.0000	14.0000	14.0000
G7415-MONOMER	3.0000	3.0000	3.0000	3.0000	3.0000	3.0000	3.0000	3.0000
G7416-MONOMER	70.0000	70.0000	69.1905	69.0000	69.0000	69.0000	69.0000	69.0000
G7417-MONOMER	13.0000	13.0000	13.0000	13.0000	13.0000	13.0000	13.0000	13.0000
G7418-MONOMER	18.0000	18.0000	18.0000	18.0000	18.0000	18.0000	18.0000	18.0000
G7419-MONOMER	12.0000	12.0000	12.0000	12.0000	12.0000	12.0000	12.0000	12.0000
G7420-MONOMER	17.0000	17.0000	17.0000	17.0000	17.0000	17.0000	17.0000	17.0000
G7422-MONOMER	179.0000	179.9524	180.0000	180.6364	182.9048	184.9091	185.9524	187.0000
G7423-MONOMER	80.0000	80.0000	80.1905	81.0000	81.2381	83.6364	84.4286	86.8182
G7424-MONOMER	39.0000	39.0000	39.0000	39.0000	39.0000	39.2727	40.2381	41.0000
G7425-MONOMER	28.0000	28.0000	28.0000	28.0000	28.0000	28.0000	28.0000	28.0000
G7426-MONOMER	4.0000	4.0000	4.0000	4.0000	4.0000	4.0000	3.3333	3.0000
G7427-MONOMER	24.0000	24.0000	24.0000	24.0000	24.0000	24.0000	24.0000	24.0000
G7428-MONOMER	20.0000	20.0000	20.0000	20.0000	20.0000	20.0000	20.0000	20.0000
G7429-MONOMER	21.0000	21.0000	21.0000	21.0000	21.0000	21.0000	21.0000	21.0000
G7430-MONOMER	17.0000	17.0000	16.0952	16.0000	16.0000	16.0000	16.0000	16.0000
G7431-MONOMER	314.0000	319.5238	326.0000	326.0000	326.0000	326.0000	326.0000	326.0000
G7432-MONOMER	0.0000	0.0000	0.0000	0.0000	0.0000	0.0000	0.0000	0.0000
G7433-MONOMER	4.0000	4.0000	4.0000	4.0000	4.0000	4.0000	4.0000	4.0000
G7434-MONOMER	12.0000	12.0000	12.0000	11.2273	11.0000	11.0000	11.0000	11.0000
G7435-MONOMER	9.0000	9.0000	9.0000	9.0000	9.0000	9.0000	9.0000	9.0000
G7436-MONOMER	7.0000	7.0000	7.0000	7.0000	7.0000	7.0000	7.0000	7.0000
G7439-MONOMER	12.0000	12.0000	12.0000	12.0000	12.0000	12.0000	12.0000	12.0000
G7440-MONOMER	1.0000	1.0000	1.0000	1.0000	1.0000	1.0000	1.0000	1.0000
G7442-MONOMER	15.0000	15.0000	15.0000	15.0000	15.0000	15.0000	15.0000	15.0000
G7443-MONOMER	87.0000	87.0000	87.0000	87.0000	87.0000	87.0000	87.0000	87.0000
G7444-MONOMER	3.0000	3.0000	3.0000	3.0000	3.0000	3.0000	3.0000	3.0000
G7446-MONOMER	15.0000	15.0000	15.0000	15.0000	15.0000	15.0000	15.0000	15.0000
G7448-MONOMER	202.0000	202.0000	202.0000	202.0000	202.0000	202.0000	202.0000	202.0000
G7449-MONOMER	124.0000	124.0000	124.0000	124.0000	124.0000	124.0000	124.0000	123.7273
G7450-MONOMER	282.0000	282.0000	282.0000	282.0000	282.0000	281.3636	281.0000	281.0000
G7451-MONOMER	480.0000	480.0000	480.0000	480.0000	480.0000	480.0000	480.0000	480.0000
G7452-MONOMER	376.0000	379.0000	385.0000	395.4545	402.5238	408.5000	416.4762	423.7273
G7453-MONOMER	286.0000	288.6667	293.1429	296.6364	298.7143	303.2727	305.7143	311.8182
G7454-MONOMER	71.0000	71.0000	71.0000	71.0000	71.0000	71.0000	71.0000	71.0000
G7455-MONOMER	182.0000	182.0000	182.0000	182.0000	182.0000	182.0000	182.0000	182.0000
G7456-MONOMER	118.0000	118.0000	118.0000	118.0000	118.0000	118.0000	118.0000	118.9545
G7457-MONOMER	68.0000	68.0000	68.0000	68.0000	68.0000	68.0000	68.0000	68.0000
G7458-MONOMER	54.0000	54.6190	55.5714	58.1364	59.0000	59.0000	59.0000	59.0000
G7459-MONOMER	204.0000	204.0000	204.0000	204.0000	203.0476	203.8636	204.0000	204.4091
G7460-MONOMER	66.0000	66.0000	66.0000	66.0000	65.9524	65.0000	65.0000	65.0000
G7461-MONOMER	432.0000	431.6190	431.0000	431.0000	430.4286	430.0000	430.0000	430.0000
G7462-MONOMER	689.0000	690.8571	697.0476	705.0909	708.9524	711.4091	712.0000	711.4545
G7463-MONOMER	16.0000	16.0000	16.0000	16.0000	16.0000	16.0000	16.0000	16.0000
G7464-MONOMER	85.0000	85.0000	85.0000	85.2273	86.0000	86.0000	86.0000	86.0000
G7466-MONOMER	5.0000	5.0000	5.0000	5.0000	5.0000	5.0000	5.0000	5.0000
G7467-MONOMER	6.0000	6.0000	6.0000	6.0000	6.0000	6.0000	6.0000	6.0000
G7468-MONOMER	8.0000	8.0000	8.0000	8.0000	8.0000	8.0000	8.0000	8.0000
G7469-MONOMER	0.0000	0.0000	0.0000	0.0000	0.0000	0.0000	0.0000	0.0000
G7471-MONOMER	0.0000	0.0000	0.0000	0.0000	0.0000	0.0000	0.0000	0.0000
G7472-MONOMER	2.0000	2.0000	2.0000	2.0000	2.0000	2.0000	2.0000	2.0000
G7473-MONOMER	11.0000	11.0000	11.0000	11.0000	11.0000	11.0000	11.0000	11.0000
G7480-MONOMER	35.0000	35.0000	35.0000	35.0000	35.0000	35.0000	35.0000	35.0000
G7483-MONOMER	35.0000	35.0000	35.0000	35.0000	35.0000	35.0000	35.0000	35.0000
G7484-MONOMER	92.0000	92.0000	92.0000	92.0000	92.0000	92.0000	92.0000	95.0455
G7485-MONOMER	14.0000	14.0000	14.0000	14.0000	14.0000	14.0000	14.0000	14.5000
G7486-MONOMER	15.0000	15.0000	15.0000	15.0000	15.0000	15.0000	15.0000	15.0000
G7487-MONOMER	12.0000	12.0000	12.0000	12.0000	12.0000	12.0000	12.0000	12.0000
G7488-MONOMER	22.0000	22.0000	22.0000	22.0000	22.0000	22.0000	22.0000	22.0000
G7489-MONOMER	4.0000	4.0000	4.0000	4.0000	4.0000	4.0000	4.0000	4.0000
G7490-MONOMER	15.0000	15.0000	15.0000	15.0000	15.0000	15.0000	15.0000	15.0000
G7491-MONOMER	13.0000	13.0000	13.0000	13.0000	13.0000	13.0000	13.0000	13.0000
G7492-MONOMER	8.0000	8.0000	8.0000	8.0000	8.0000	8.0000	8.0000	8.0000
G7493-MONOMER	19.0000	19.0000	19.0000	19.0000	19.0000	19.0000	19.0000	19.0000
G7494-MONOMER	9.0000	9.0000	9.0000	9.0000	9.0000	9.0000	9.0000	9.0000
G7495-MONOMER	6.0000	6.0000	6.0000	6.0000	6.0000	6.0000	6.0000	6.0000
G7496-MONOMER	28.0000	28.0000	28.0000	28.0000	28.0000	28.0000	28.0000	28.0000
G7497-MONOMER	5.0000	5.0000	5.0000	5.0000	5.0000	5.0000	5.0000	5.0000
G7498-MONOMER	5.0000	5.0000	5.0000	5.0000	5.0000	5.0000	5.0000	5.0000
G7499-MONOMER	19.0000	19.0000	19.0000	19.0000	19.0000	19.0000	19.0000	19.0000
G7500-MONOMER	6.0000	6.0000	6.0000	6.0000	6.0000	6.0000	6.0000	6.0000
G7502-MONOMER	20.0000	20.7619	26.2857	33.0909	38.3333	42.8636	48.7143	55.2273
G7504-MONOMER	30.0000	30.0000	32.6667	36.5000	39.5714	44.0455	47.6667	52.0455
G7505-MONOMER	16.0000	16.0000	16.0000	16.0000	16.0000	16.0000	16.0000	16.0000
G7506-MONOMER	11.0000	11.0000	11.0000	11.0000	11.0000	11.0000	11.0000	11.0000
G7509-MONOMER	55.0000	55.0000	55.0000	55.0000	55.0000	55.0000	55.0000	55.0000
G7510-MONOMER	616.0000	616.0000	616.0000	616.0000	616.0000	615.1818	615.0000	615.0000
G7511-MONOMER	1308.0000	1311.3333	1319.9048	1327.8182	1335.5714	1341.0000	1341.0000	1341.0000
G7512-MONOMER	61.0000	61.0000	61.0000	61.0000	61.0000	61.0000	60.6667	60.0000
G7513-MONOMER	635.0000	639.0000	646.9048	655.0455	663.0952	667.0000	667.0000	667.0000
G7514-MONOMER	13.0000	13.0000	13.0000	13.0000	13.0000	13.0000	13.0000	13.0000
G7516-MONOMER	11.0000	11.0000	11.0000	11.0000	11.0000	11.0000	11.0000	11.0000
G7517-MONOMER	9.0000	9.0000	9.0000	9.0000	9.0000	9.0000	9.0000	9.0000
G7518-MONOMER	26.0000	26.0000	26.0000	26.2273	32.1905	41.8636	46.5238	50.5455
G7520-MONOMER	2.0000	2.0000	2.0000	2.0000	2.0000	2.0000	2.0000	2.0000
G7521-MONOMER	72.0000	71.7619	71.0000	71.0000	71.0000	71.0000	71.0000	71.0000
G7522-MONOMER	3229.0000	3242.1905	3273.5714	3294.1364	3307.4286	3327.2273	3342.0000	3356.1818
G7523-MONOMER	4.0000	4.0000	4.0000	4.0000	4.0000	4.0000	4.0000	4.0000
G7524-MONOMER	545.0000	547.4762	552.7143	555.7727	556.0000	556.0000	556.0000	556.0000
G7525-MONOMER	275.0000	275.6667	276.8095	280.5455	282.0000	282.0000	282.0000	282.0000
G7526-MONOMER	11.0000	11.0000	11.0000	11.0000	11.0000	11.0000	11.0000	11.0000
G7527-MONOMER	296.0000	296.0000	296.0000	296.0000	296.0000	296.0000	296.0000	296.0000
G7528-MONOMER	259.0000	259.0000	259.0000	259.0000	259.0000	259.0000	259.0000	259.0000
G7529-MONOMER	65.0000	65.0000	65.0000	65.0000	65.0000	64.0000	64.0000	64.0000
G7530-MONOMER	346.0000	346.0000	346.0000	346.0000	346.0000	346.0000	346.0000	346.0000
G7531-MONOMER	91.0000	91.0000	91.0000	91.0000	91.0000	91.0000	91.0000	91.0000
G7532-MONOMER	1441.0000	1444.2381	1453.1429	1464.1818	1472.3810	1483.6364	1498.4762	1511.6818
G7533-MONOMER	124.0000	124.0000	124.0000	124.0000	124.0000	124.0000	124.0000	124.0000
G7534-MONOMER	20.0000	20.0000	20.0000	20.0000	20.0000	20.0000	20.0000	19.4091
G7535-MONOMER	85.0000	85.0000	85.0000	85.0000	85.0000	85.0000	85.0000	85.0000
G7536-MONOMER	100.0000	100.0000	100.0000	100.0000	100.0000	100.0000	100.0000	100.0000
G7537-MONOMER	12.0000	12.0000	12.0000	12.0000	12.0000	12.0000	12.0000	12.0000
G7538-MONOMER	37.0000	37.0000	37.0000	37.0000	37.0000	37.0000	37.0000	37.0000
G7539-MONOMER	5.0000	5.0000	5.0000	5.0000	5.0000	5.0000	5.0000	5.0000
G7541-MONOMER	18.0000	18.0000	18.0000	18.0000	18.0000	18.0000	18.0000	18.0000
G7543-MONOMER	59.0000	59.0000	59.0000	59.0000	59.0000	59.0000	59.0000	59.0000
G7544-MONOMER	71.0000	71.0000	71.0000	71.0000	71.0000	71.0000	71.0000	71.0000
G7545-MONOMER	72.0000	72.0000	72.0000	72.0000	72.0000	72.0000	72.0000	72.0000
G7546-MONOMER	85.0000	86.5714	89.6190	92.5000	94.0000	95.6818	97.7619	98.0000
G7547-MONOMER	7.0000	7.0000	7.0000	7.0000	7.0000	7.0000	7.0000	7.0000
G7549-MONOMER	8.0000	8.0000	8.0000	8.0000	8.0000	8.0000	8.0000	8.0000
G7550-MONOMER	3.0000	3.0000	3.0000	3.0000	3.0000	3.0000	3.0000	3.0000
G7551-MONOMER	8.0000	8.0000	8.0000	8.0000	8.0000	8.0000	8.0000	8.0000
G7552-MONOMER	4.0000	4.0000	4.0000	4.0000	4.0000	4.0000	4.0000	4.0000
G7553-MONOMER	471.0000	471.0000	471.0000	471.0000	471.0000	471.0000	471.0000	471.0000
G7555-MONOMER	21.0000	21.0000	21.0000	21.0000	21.0000	21.0000	21.0000	21.0000
G7558-MONOMER	49.0000	49.0000	49.0000	49.0000	49.0000	49.0000	48.6667	48.0000
G7559-MONOMER	711.0000	711.7143	712.0000	712.0000	712.9524	715.0909	717.0000	721.3636
G7563-MONOMER	56.0000	56.0000	56.0000	56.0000	56.0000	56.0000	56.0000	56.0000
G7564-MONOMER	322.0000	322.0000	322.0000	322.0000	322.0000	322.0000	322.0000	322.0000
G7566-MONOMER	14.0000	14.0000	14.1905	16.4545	20.6667	23.4091	29.1429	37.5909
G7567-MONOMER	28.0000	28.0000	28.0000	28.0000	28.0000	28.0000	28.0000	28.0000
G7568-MONOMER	170.0000	170.0000	170.0000	170.0000	170.0000	170.0000	170.0000	170.0000
G7571-MONOMER	25.0000	25.0000	24.3810	24.0000	23.7143	23.0000	23.0000	23.0000
G7572-MONOMER	13.0000	13.0000	13.0000	13.0000	13.0000	13.0000	13.0000	13.0000
G7573-MONOMER	33.0000	33.0000	33.0000	33.0000	33.0000	33.0000	33.0000	33.0000
G7574-MONOMER	176.0000	176.0000	176.0000	176.9545	189.5714	205.5000	214.5238	231.5000
G7575-MONOMER	11.0000	11.0000	11.0000	11.0000	11.0000	11.0000	11.0000	11.0000
G7577-MONOMER	3.0000	3.0000	3.0000	3.0000	3.0000	3.0000	3.0000	3.0000
G7578-MONOMER	93.0000	93.0000	92.0476	92.5000	93.0000	93.0000	93.7143	95.0000
G7579-MONOMER	62.0000	62.0000	62.3810	63.0000	63.0000	63.0000	63.6190	64.2727
G7580-MONOMER	91.0000	93.1429	94.7619	95.4545	96.0000	96.1364	96.9524	97.0000
G7582-MONOMER	5982.0000	5999.1905	6030.6667	6063.4545	6107.5238	6160.0000	6235.7143	6312.2273
G7586-MONOMER	33.0000	33.0000	33.0000	33.0000	33.0000	33.0000	33.0000	33.0000
G7587-MONOMER	17.0000	17.0000	17.0000	17.0000	17.0000	17.0000	17.0000	17.0000
G7588-MONOMER	11.0000	11.0000	11.0000	11.0000	11.0000	11.0000	11.0000	11.0000
G7589-MONOMER	3.0000	3.0000	3.0000	3.0000	3.0000	3.0000	3.0000	3.0000
G7590-MONOMER	157.0000	157.0000	157.0000	157.0000	157.0000	157.0000	157.0000	157.0000
G7593-MONOMER	1221.0000	1221.0000	1220.1905	1219.0000	1219.0000	1218.2727	1217.5714	1217.0000
G7594-MONOMER	255.0000	255.0000	255.0000	254.8182	254.0000	254.0000	255.6667	265.9545
G7595-MONOMER	324.0000	326.3810	329.4286	334.9091	338.5714	343.4545	354.8571	361.4545
G7596-MONOMER	52.0000	52.2381	56.9524	66.1364	69.3333	72.0000	72.0000	72.0000
G7597-MONOMER	22.0000	22.0000	22.0000	22.0000	22.0000	22.0000	22.0000	22.0000
G7598-MONOMER	5.0000	5.0000	5.0000	5.0000	5.0000	5.0000	5.0000	5.0000
G7599-MONOMER	5.0000	5.0000	5.0000	5.0000	5.0000	5.0000	5.0000	5.0000
G7601-MONOMER	51.0000	51.0000	51.0000	51.0000	51.0000	51.0000	51.0000	51.0000
G7602-MONOMER	58.0000	58.0000	58.0000	58.0000	58.0000	58.0000	58.0000	58.0000
G7603-MONOMER	77.0000	77.0000	77.0000	77.0000	77.0000	77.0000	77.0000	77.0000
G7604-MONOMER	42.0000	42.0000	42.0000	42.0000	42.0000	42.0000	42.0000	42.0000
G7605-MONOMER	11.0000	11.0000	11.0000	11.0000	11.0000	11.0000	11.0000	11.0000
G7606-MONOMER	154.0000	154.0000	154.0000	154.0000	154.0000	154.0000	154.0000	154.0000
G7607-MONOMER	17.0000	17.7143	20.3333	21.0000	21.0000	21.0000	21.0000	21.0000
G7608-MONOMER	25.0000	25.0000	25.0000	25.0000	25.0000	25.0000	25.0000	25.0000
G7609-MONOMER	127.0000	127.0000	127.0000	127.0000	127.0000	127.0000	127.0000	127.0000
G7610-MONOMER	144.0000	144.0000	144.0000	144.0000	144.0000	144.0000	144.0000	144.0000
G7611-MONOMER	1309.0000	1309.0000	1308.6190	1305.8182	1302.8571	1300.1364	1299.0952	1299.0000
G7612-MONOMER	1808.0000	1807.6190	1802.5238	1800.0000	1794.6190	1790.3182	1787.7619	1783.7273
G7613-MONOMER	197.0000	197.0000	197.0000	197.0000	197.0000	197.0000	197.0000	197.0000
G7614-MONOMER	105.0000	105.0000	105.0000	105.0000	105.0000	105.0000	105.0000	105.0000
G7615-MONOMER	26.0000	26.0000	26.0000	26.0000	26.0000	26.0000	26.0000	26.0000
G7616-MONOMER	88.0000	88.0000	88.0000	88.0000	88.0000	88.0000	88.0000	88.0000
G7617-MONOMER	283.0000	283.0000	283.0000	283.0000	283.0000	283.0000	282.9524	282.0000
G7618-MONOMER	19.0000	19.0000	19.0000	19.0000	19.0000	19.0000	19.0000	19.0000
G7619-MONOMER	100.0000	100.0000	100.0000	100.0000	100.0000	100.0000	100.0000	100.0000
G7620-MONOMER	52.0000	52.0000	52.0000	52.0000	52.0000	52.0000	52.0000	52.0000
G7621-MONOMER	43.0000	43.0000	43.0000	43.0000	43.0000	43.0000	43.0000	43.0000
G7622-MONOMER	31.0000	31.0000	31.0000	31.0000	31.0000	31.0000	31.0000	31.0000
G7626-MONOMER	18.0000	18.0000	18.0000	18.0000	18.0000	18.0000	18.0000	18.0000
G7629-MONOMER	125.0000	125.0000	125.0000	125.0000	125.8571	128.7273	130.6190	132.2727
G7630-MONOMER	65.0000	65.0000	65.0000	65.0000	65.0000	65.0000	65.0000	65.0000
G7631-MONOMER	16.0000	16.0000	16.0000	16.0000	16.0000	16.0000	16.0000	16.0000
G7632-MONOMER	14.0000	14.0000	14.0000	14.0000	14.0000	14.0000	14.0000	14.0000
G7634-MONOMER	5.0000	5.0000	5.0000	5.0000	5.0000	5.0000	5.0000	5.0000
G7636-MONOMER	2.0000	2.0000	2.0000	2.0000	2.0000	2.0000	2.0000	2.0000
G7637-MONOMER	21.0000	21.0000	21.0000	21.0000	21.0000	21.0000	21.0000	21.0000
G7638-MONOMER	24.0000	24.0000	24.0000	24.0000	24.0000	24.0000	24.0000	24.0000
G7639-MONOMER	23.0000	23.0000	23.0000	23.0000	23.0000	23.0000	23.0000	23.0000
G7640-MONOMER	23.0000	23.0000	23.0000	23.0000	23.0000	23.0000	23.0000	23.0000
G7641-MONOMER	201.0000	201.0000	201.0000	201.0000	201.0000	201.0000	201.0000	201.0000
G7642-MONOMER	189.0000	189.0000	189.0000	188.4091	188.0000	187.2727	187.0000	185.6364
G7643-MONOMER	31.0000	31.0000	31.0000	31.0000	31.0000	31.0000	31.0000	31.0000
G7644-MONOMER	547.0000	548.1429	551.2381	556.7727	562.1429	563.0000	563.0000	563.0000
G7645-MONOMER	114.0000	114.0000	114.0000	114.0000	114.0000	114.0000	114.0000	114.0000
G7646-MONOMER	25.0000	25.0000	25.0000	25.0000	25.0000	25.0000	25.0000	25.0000
G7647-MONOMER	10.0000	10.0000	10.0000	10.0000	10.0000	10.0000	10.0000	10.0000
G7648-MONOMER	81.0000	81.0000	80.8571	80.0000	80.0000	80.0000	80.0000	80.0000
G7649-MONOMER	59.0000	59.0000	59.0000	59.0000	59.0000	59.0000	59.0000	59.0000
G7650-MONOMER	373.0000	373.0000	373.0000	373.0000	373.0000	372.1364	372.0000	372.0000
G7651-MONOMER	243.0000	243.0000	243.0000	243.0000	243.0000	243.0000	242.7143	241.0909
G7652-MONOMER	10.0000	10.0000	10.0000	10.0000	10.0000	10.0000	10.0000	10.0000
G7653-MONOMER	8.0000	8.0000	8.0000	8.0000	8.0000	8.0000	8.0000	8.0000
G7654-MONOMER	216.0000	215.8571	215.0000	215.0000	215.0000	215.0000	215.0000	214.8636
G7655-MONOMER	5.0000	5.0000	5.0000	5.0000	5.0000	5.0000	5.0000	5.0000
G7656-MONOMER	178.0000	178.0000	178.0000	178.0000	178.0000	178.0000	178.0000	178.0000
G7657-MONOMER	1889.0000	1892.7143	1899.7619	1906.7273	1915.2381	1926.0455	1940.0952	1950.4545
G7658-MONOMER	237.0000	237.1905	240.0952	241.0000	241.0000	241.0000	241.0000	241.1818
G7659-MONOMER	669.0000	669.5238	670.7143	671.5000	671.0000	670.0455	670.0000	671.4545
G7662-MONOMER	84.0000	86.0000	87.7143	88.5909	89.0000	89.3636	91.4762	92.9545
G7663-MONOMER	298.0000	299.1905	301.1429	303.9091	305.9048	307.8182	309.8095	313.5909
G7664-MONOMER	198.0000	198.6190	199.5238	200.0000	200.0000	200.9545	201.2857	203.2727
G7667-MONOMER	747.0000	751.0476	762.7143	773.0000	785.8095	799.1364	813.4286	824.0455
G7668-MONOMER	24.0000	24.0000	24.0000	24.0000	24.0000	24.0000	24.0000	24.3182
G7669-MONOMER	9.0000	9.0000	9.0000	9.0000	9.0000	9.0000	9.0000	9.0000
G7670-MONOMER	13.0000	13.0000	13.0000	13.0000	13.0000	13.0000	13.0000	13.0000
G7673-MONOMER	36.0000	36.0000	36.0000	36.0000	36.0000	36.0000	36.0000	36.0000
G7674-MONOMER	19.0000	19.0000	19.0000	19.0000	19.0000	19.0000	19.0000	19.0000
G7675-MONOMER	35.0000	35.0000	35.0000	35.0000	35.0000	35.0000	35.0000	35.0000
G7678-MONOMER	193.0000	193.0000	193.0000	193.0000	193.0000	193.0000	193.0000	193.0000
G7680-MONOMER	129.0000	129.0000	129.0000	129.0000	129.0000	129.0000	129.0000	129.0000
G7681-MONOMER	1791.0000	1796.2857	1810.0476	1828.0909	1842.5238	1866.2273	1884.3333	1905.3636
G7682-MONOMER	132.0000	132.0000	132.0000	132.0000	132.0000	132.0000	132.0000	132.0000
G7683-MONOMER	271.0000	271.0000	271.0000	271.0000	270.9048	270.0000	270.0000	270.0000
G7684-MONOMER	107.0000	107.0000	107.0000	107.0000	107.0000	107.0000	107.0000	107.0000
G7685-MONOMER	18.0000	18.0000	18.0000	18.0000	18.0000	18.0000	18.0000	18.0000
G7686-MONOMER	110.0000	110.0000	110.0000	110.0000	110.0000	110.0000	110.0000	110.0000
G7687-MONOMER	106.0000	106.0000	106.0000	105.3636	105.0000	105.0000	105.0000	105.0000
G7688-MONOMER	87.0000	87.0000	87.0000	87.0000	86.8095	86.0000	86.0000	86.0000
G7689-MONOMER	365.0000	365.0476	366.0000	366.0000	366.0000	366.0000	366.0000	366.0000
G7690-MONOMER	19.0000	19.0000	19.4762	20.5455	21.3810	23.0000	23.2857	25.2273
G7693-MONOMER	82.0000	82.0000	82.0000	82.0000	82.0000	82.0000	82.0000	82.0000
G7694-MONOMER	36.0000	36.0000	36.0000	36.0000	36.0000	36.0000	36.0000	36.0000
G7695-MONOMER	59.0000	59.0000	59.0000	59.0000	59.0000	59.0000	59.0000	59.0000
G7696-MONOMER	697.0000	704.0000	720.4762	733.3182	746.3333	764.4091	781.7619	794.6364
G7697-MONOMER	203.0000	203.0000	203.0000	203.0000	203.0000	203.0000	203.0000	203.0000
G7698-MONOMER	377.0000	377.0000	377.0000	377.0000	377.0000	377.0000	377.0000	377.0000
G7699-MONOMER	58.0000	58.0000	58.0000	58.0000	58.0000	58.0000	58.0000	58.0000
G7701-MONOMER	2.0000	2.0000	2.0000	2.0000	2.0000	2.0000	2.0000	2.0000
G7702-MONOMER	6.0000	6.0000	6.0000	6.0000	6.0000	6.0000	6.0000	6.0000
G7703-MONOMER	8.0000	8.0000	8.0000	8.0000	8.0000	8.0000	8.0000	8.0000
G7704-MONOMER	7.0000	7.0000	7.0000	7.0000	7.0000	7.0000	7.0000	7.0000
G7705-MONOMER	9.0000	9.0000	9.0000	9.0000	9.0000	9.0000	9.0000	9.0000
G7706-MONOMER	6.0000	6.0000	6.0000	6.0000	6.0000	6.0000	6.0000	6.0000
G7707-MONOMER	4.0000	4.0000	4.0000	4.0000	4.0000	4.0000	4.0000	4.0000
G7708-MONOMER	6.0000	6.0000	6.0000	6.0000	6.0000	6.0000	6.0000	6.0000
G7709-MONOMER	2.0000	2.0000	2.0000	2.0000	2.0000	2.0000	2.0000	2.0000
G7710-MONOMER	6.0000	6.0000	6.0000	6.0000	6.0000	6.0000	6.0000	6.0000
G7711-MONOMER	4.0000	4.0000	4.0000	4.0000	4.0000	4.0000	4.0000	4.0000
G7712-MONOMER	93.0000	93.0000	93.0000	93.4545	94.0000	95.7273	96.1905	97.0000
G7713-MONOMER	104.0000	104.0000	104.0000	106.0455	107.4762	110.0909	113.3333	116.0000
G7714-MONOMER	111.0000	111.0000	111.2381	112.0000	112.0000	112.3182	113.2857	114.1818
G7715-MONOMER	161.0000	161.0000	162.0476	163.5000	166.2857	168.0909	170.9524	172.9091
G7716-MONOMER	2716.0000	2716.0000	2716.0000	2716.0000	2716.0000	2717.9091	2724.2381	2737.1364
G7717-MONOMER	33.0000	33.0000	33.0000	33.0000	33.0000	33.0000	33.0000	33.0000
G7718-MONOMER	64.0000	64.0000	64.8095	66.0909	68.0000	68.2727	71.0952	73.1364
G7719-MONOMER	137.0000	140.1905	144.8095	147.7273	154.4762	159.0455	163.8095	166.2727
G7721-MONOMER	21.0000	21.0000	21.0000	21.0000	21.0000	21.0000	21.0000	21.0000
G7722-MONOMER	12.0000	12.0000	12.0000	12.0000	12.0000	12.0000	12.0000	12.0000
G7723-MONOMER	11.0000	11.0000	11.0000	11.0000	11.0000	11.0000	10.3333	10.0000
G7724-MONOMER	8.0000	8.0000	8.0000	8.0000	8.0000	8.0000	8.0000	8.0000
G7726-MONOMER	11.0000	11.0000	11.0000	11.0000	11.0000	11.0000	11.0000	11.0000
G7727-MONOMER	111.0000	111.0000	111.0000	111.0000	111.0000	111.0000	111.0000	111.0000
G7728-MONOMER	7.0000	7.0000	7.0000	7.0000	7.0000	7.0000	7.0000	7.0000
G7729-MONOMER	2.0000	2.0000	2.0000	2.0000	2.0000	2.0000	2.0000	2.0000
G7730-MONOMER	9.0000	9.0000	9.0000	9.0000	9.0000	9.0000	9.0000	9.0000
G7731-MONOMER	10.0000	10.0000	10.0000	10.0000	10.0000	10.0000	10.0000	10.0000
G7732-MONOMER	9.0000	9.0000	9.0000	9.0000	9.0000	9.0000	9.0000	9.0000
G7733-MONOMER	13.0000	13.0000	13.0000	13.0000	13.0000	13.0000	13.0000	13.0000
G7734-MONOMER	20.0000	20.0000	20.0000	20.0000	19.0952	19.0000	19.0000	19.0000
G7735-MONOMER	14.0000	14.0000	14.0000	14.0000	14.0000	14.0000	14.0000	14.0000
G7736-MONOMER	12.0000	12.0000	12.0000	12.0000	12.0000	12.0000	12.0000	12.0000
G7737-MONOMER	15.0000	15.0000	15.0000	15.0000	15.0000	15.0000	15.0000	15.0000
G7738-MONOMER	17.0000	17.0000	17.0000	17.0000	17.0000	17.0000	17.0000	17.0000
G7739-MONOMER	20.0000	20.0000	20.0000	20.0000	20.0000	20.0000	19.0000	19.0000
G7740-MONOMER	287.0000	287.0000	287.0000	287.0000	287.0000	287.0000	287.0000	288.6818
G7741-MONOMER	42.0000	41.5714	41.0000	41.0000	41.0000	41.0000	41.0000	41.0000
G7742-MONOMER	107.0000	107.0000	107.0000	107.0000	107.0000	107.0000	109.4286	111.7273
G7743-MONOMER	85.0000	85.0000	84.0952	84.0000	84.0000	84.0000	84.3333	85.0455
G7744-MONOMER	529.0000	529.0000	529.0000	529.0000	528.8571	528.0000	528.0000	528.0000
G7745-MONOMER	6.0000	6.0000	6.0000	6.0000	6.0000	6.0000	6.0000	6.0000
G7746-MONOMER	521.0000	520.4762	520.0000	520.0000	520.0000	520.0000	522.5714	530.6818
G7747-MONOMER	1.0000	1.0000	1.0000	1.0000	1.0000	1.0000	1.0000	1.0000
G7748-MONOMER	5878.0000	5885.9524	5902.9048	5915.4545	5919.0000	5919.6364	5932.9524	5947.3182
G7750-MONOMER	9.0000	9.0000	9.0000	9.0000	9.0000	9.0000	9.0000	9.0000
G7751-MONOMER	14.0000	14.0000	14.0000	14.0000	14.0000	14.0000	14.0000	14.0000
G7752-MONOMER	312.0000	312.0000	312.0000	312.0000	312.0000	312.0000	312.0000	312.0000
G7753-MONOMER	47.0000	47.0000	47.0000	47.0000	47.0000	47.0000	47.0000	47.0000
G7756-MONOMER	109.0000	109.0000	109.0000	109.0000	109.0000	109.0000	109.0000	109.0000
G7757-MONOMER	453.0000	453.6667	458.3333	471.3636	492.4762	511.9545	531.2381	555.8636
G7758-MONOMER	40.0000	40.0000	40.0000	40.0000	40.0000	40.0000	40.0000	40.0000
G7759-MONOMER	60.0000	60.0000	60.0000	60.0000	60.0000	60.0000	60.0000	60.0000
G7762-MONOMER	87.0000	87.0000	87.0000	87.0000	87.0000	87.0000	87.0000	87.0000
G7763-MONOMER	13.0000	13.0000	13.0000	13.0000	13.0000	13.0000	13.0000	13.0000
G7767-MONOMER	1139.0000	1138.5238	1138.0000	1135.9545	1134.0476	1133.8182	1132.0476	1130.6818
G7769-MONOMER	665.0000	672.6667	689.5238	700.6818	714.7143	724.9091	735.3333	745.0000
G7776-MONOMER	6.0000	6.0000	6.0000	6.0000	6.0000	6.0000	6.0000	6.0000
G7777-MONOMER	0.0000	0.0000	0.0000	0.0000	0.0000	0.0000	0.0000	0.0000
G7790-MONOMER	97.0000	97.0000	97.0000	97.0000	97.0000	97.0000	97.0000	97.0000
G7800-MONOMER	63.0000	63.0000	63.0000	62.1364	62.0000	62.0000	62.0000	62.0000
G7802-MONOMER	86.0000	86.0000	86.0000	86.0000	86.0000	86.0000	86.0000	86.0000
G7804-MONOMER	400.0000	400.0000	400.0000	400.0000	400.0000	400.0000	400.0000	399.9545
G7808-MONOMER	189.0000	189.0000	189.0000	192.7727	194.0000	194.8636	195.3333	198.2727
G7814-MONOMER	2.0000	2.0000	2.0000	2.0000	2.0000	2.0000	2.0000	2.0000
G7816-MONOMER	48.0000	48.0000	48.0000	48.0455	49.0000	49.5000	50.2381	54.1364
G7821-MONOMER	22.0000	22.0000	22.0000	22.0000	22.0000	22.0000	22.0000	22.0000
G7823-MONOMER	593.0000	594.8095	603.5714	609.4091	613.9524	617.3182	622.8095	624.2727
G7825-MONOMER	50.0000	50.0000	50.0000	50.0000	50.0000	50.0000	50.0000	50.0000
G7828-MONOMER	55.0000	55.0000	55.0000	55.0000	55.0000	55.0000	55.0000	55.0000
G7829-MONOMER	35.0000	35.0000	35.0000	35.0000	34.4286	34.0000	34.0000	34.0000
G7830-MONOMER	9.0000	9.0000	9.0000	9.0000	9.0000	9.0000	9.0000	9.0000
G7832-MONOMER	42.0000	42.0000	42.0000	42.0000	42.0000	42.0000	42.0000	42.0000
G7834-MONOMER	1905.0000	1903.9048	1903.0000	1902.3636	1901.7143	1899.7273	1898.5714	1898.0000
G7835-MONOMER	43.0000	43.0000	43.0000	43.0000	43.0000	42.0455	42.0000	42.0000
G7836-MONOMER	195.0000	195.0000	195.0000	195.0000	195.0000	194.3636	194.0000	194.0000
G7837-MONOMER	72.0000	71.9048	71.0000	71.0000	71.0000	70.4545	70.0000	70.0000
G7838-MONOMER	46.0000	46.0000	46.0000	46.0000	46.0000	46.0000	46.0000	46.0000
G7839-MONOMER	48.0000	48.0000	48.0000	48.0000	48.0000	48.0000	47.0000	47.0000
G7840-MONOMER	120.0000	120.0000	120.0000	120.0000	120.0000	120.0000	120.0000	120.0000
G7841-MONOMER	299.0000	300.0000	302.0000	302.0000	302.0000	302.0000	302.0000	302.0000
G7842-MONOMER	754.0000	754.0000	754.0000	754.0000	754.0000	754.0000	754.0000	754.0000
G7843-MONOMER	33.0000	33.0000	33.0000	33.0000	33.0000	33.0000	33.0000	33.0000
G7844-MONOMER	72.0000	72.0000	72.0000	72.0000	72.0000	71.1818	71.0000	71.0000
G7845-MONOMER	260.0000	260.0000	260.0000	260.0000	260.0000	260.0000	260.0000	260.0000
G7846-MONOMER	194.0000	194.0000	193.4286	193.0000	193.0000	193.0000	193.0000	193.0000
G7847-MONOMER	0.0000	0.0000	0.0000	0.0000	0.0000	0.0000	0.0000	0.0000
G7848-MONOMER	1.0000	2.0000	4.7143	10.6818	15.7143	23.8182	27.5238	33.4091
G7849-MONOMER	3.0000	3.0952	7.5714	15.1364	17.4286	23.8182	31.8571	35.7273
G7850-MONOMER	8.0000	9.5714	16.3810	22.7273	26.2381	30.3636	33.3333	38.4091
G7851-MONOMER	20.0000	20.0000	20.0000	20.0000	20.0000	20.0000	20.0000	20.0000
G7852-MONOMER	52.0000	52.0000	52.0000	52.0000	52.0000	52.0000	52.0000	52.0000
G7853-MONOMER	58.0000	58.0000	58.0000	58.0000	58.0000	58.0000	58.0000	58.0000
G7854-MONOMER	77.0000	77.0000	77.0000	77.0000	77.0000	77.0000	77.0000	77.0000
G7855-MONOMER	2.0000	2.0000	2.0000	2.0000	2.0000	2.0000	2.0000	2.0000
G7858-MONOMER	23.0000	23.0000	23.0000	23.0000	23.0000	23.0000	23.0000	23.0000
G7859-MONOMER	24.0000	24.0000	24.0000	24.0000	24.0000	24.0000	24.0000	24.0000
G7860-MONOMER	24.0000	24.0000	24.0000	24.0000	24.0000	24.0000	24.0000	24.0000
G7861-MONOMER	20.0000	20.0000	20.0000	20.0000	20.0000	20.0000	20.0000	20.0000
G7862-MONOMER	35.0000	35.0000	35.0000	35.0000	35.0000	35.0000	35.0000	35.0000
G7864-MONOMER	143.0000	143.0000	143.0000	143.0000	143.0000	143.0000	143.0000	143.0000
G7865-MONOMER	2054.0000	2057.0952	2071.6667	2087.4091	2100.2857	2111.4545	2124.7143	2135.2727
G7866-MONOMER	14.0000	14.0000	14.0000	14.0000	14.0000	14.0000	13.8095	13.0000
G7867-MONOMER	5.0000	5.0000	5.0000	5.0000	5.0000	5.0000	5.0000	5.0000
G7868-MONOMER	41.0000	41.0000	41.0000	41.0000	41.0000	41.0000	41.0000	41.0000
G7869-MONOMER	39.0000	39.0000	39.0000	39.0000	39.0000	39.0000	39.0000	39.0000
G7870-MONOMER	3.0000	3.0000	3.0000	3.0000	3.0000	3.0000	3.0000	3.0000
G7871-MONOMER	47.0000	46.6190	46.0000	46.0000	46.0000	46.0000	46.0000	46.0000
G7872-MONOMER	117.0000	117.0000	117.0000	117.0000	117.0000	117.0000	117.0000	117.0000
G7873-MONOMER	56.0000	56.0000	56.0000	56.0000	56.0000	56.0000	56.0000	56.0000
G7874-MONOMER	61.0000	61.0000	61.0000	61.0000	61.0000	61.0000	61.0000	62.0000
G7875-MONOMER	33.0000	33.0000	33.0000	33.0000	33.0000	33.0000	33.0000	33.0000
G7876-MONOMER	772.0000	776.3333	781.2381	785.0909	789.9048	795.4545	801.7143	806.2273
G7877-MONOMER	11443.0000	11459.3810	11500.8095	11546.2273	11578.1429	11619.5000	11657.0952	11689.7273
G7879-MONOMER	48.0000	48.0000	48.0000	48.0000	48.0000	48.0000	48.0000	48.0000
G7880-MONOMER	32.0000	32.0000	32.0000	32.0000	32.0000	32.0000	32.0000	32.0000
G7882-MONOMER	236.0000	236.0000	236.0000	235.4091	235.0000	235.0000	235.0000	235.0000
G7883-MONOMER	679.0000	679.3333	681.9048	690.2727	696.0000	706.8182	715.7143	718.4545
G7884-MONOMER	16.0000	16.0000	16.0000	16.0000	16.0000	16.0000	16.0000	16.0000
G7885-MONOMER	3925.0000	3939.5714	3975.0952	3998.1818	4003.9048	4018.0909	4035.8571	4063.4091
G7886-MONOMER	275.0000	274.5714	274.0000	274.0000	273.3810	273.0000	272.3810	272.0000
G7887-MONOMER	4.0000	4.0000	4.0000	4.0000	4.0000	4.0000	4.0000	4.0000
G7888-MONOMER	86.0000	86.0000	86.5714	88.7727	90.0000	93.2273	99.0476	103.0909
G7889-MONOMER	75.0000	75.0000	75.1429	76.7727	78.4286	81.2727	82.0000	83.0455
G7890-MONOMER	41.0000	41.0000	41.0000	41.0000	41.0000	41.0000	41.0000	41.0000
G7891-MONOMER	75.0000	75.0000	75.0000	75.0000	75.0000	75.0000	75.0000	75.0000
G7899-MONOMER	3.0000	3.0000	3.0000	3.0000	3.0000	3.0000	3.0000	3.0000
G7900-MONOMER	74.0000	74.0000	74.0000	74.0000	74.0000	74.0000	74.0000	74.0000
G7901-MONOMER	64.0000	64.0000	64.0000	64.0000	64.0000	64.0000	64.0000	64.0000
G7908-MONOMER	259.0000	259.0000	259.0000	261.4545	267.8095	268.5000	271.6190	277.0455
G7909-MONOMER	108.0000	108.0000	108.0000	108.0000	108.0000	108.0000	108.0000	108.0000
G7910-MONOMER	8.0000	8.0000	8.0000	8.0000	8.0000	8.0000	8.0000	8.0000
G7911-MONOMER	29.0000	29.0000	29.0000	29.0000	29.0000	29.0000	29.0000	29.0000
G7912-MONOMER	29.0000	29.0000	29.0000	29.0000	29.0000	29.0000	29.0000	29.0000
G7913-MONOMER	34.0000	34.0000	34.0000	34.0000	34.0000	34.0000	34.0000	34.0000
G7914-MONOMER	34.0000	34.0000	34.0000	34.0000	34.0000	34.0000	34.0000	34.0000
G7915-MONOMER	30.0000	30.0000	30.0000	30.0000	30.0000	30.0000	30.0000	30.0000
G7916-MONOMER	29.0000	29.0000	29.0000	29.0000	29.0000	29.0000	29.0000	29.0000
G7917-MONOMER	78.0000	78.0000	78.0000	78.0000	78.0000	77.0000	77.0000	77.0000
G7919-MONOMER	18.0000	18.0000	18.0000	18.0000	18.0000	18.0000	18.0000	18.0000
G7920-MONOMER	18.0000	18.0000	18.0000	18.0000	18.0000	18.0000	18.0000	18.0000
G7921-MONOMER	22.0000	22.0000	21.8571	21.0000	21.0000	21.0000	21.0000	21.0000
G7922-MONOMER	3.0000	3.0000	3.0000	3.0000	3.0000	3.0000	3.0000	3.0000
G7923-MONOMER	2.0000	2.0000	2.0000	2.0000	2.0000	2.0000	2.0000	2.0000
G7924-MONOMER	17.0000	17.0000	17.0000	17.0000	17.0000	17.0000	17.0000	17.0000
G7925-MONOMER	95.0000	95.0000	95.0000	95.0000	95.0000	95.0000	95.0000	95.0000
G7926-MONOMER	3.0000	3.0000	3.0000	3.0000	3.0000	3.0000	3.0000	3.0000
G7927-MONOMER	66.0000	66.0000	66.0000	66.0000	66.0000	66.0000	66.0000	66.0000
G7928-MONOMER	66.0000	66.0000	66.0000	66.0000	66.0000	66.0000	66.0000	65.0000
G7929-MONOMER	20.0000	20.0000	20.0000	20.0000	20.0000	20.0000	20.0000	20.0000
G7930-MONOMER	27.0000	27.0000	27.0000	27.0000	27.0000	27.0000	27.0000	27.0000
G7931-MONOMER	10.0000	10.0000	10.0000	10.0000	10.0000	10.0000	10.0000	10.0000
G7932-MONOMER	7.0000	7.0000	7.0000	7.0000	7.0000	7.0000	7.0000	7.0000
G7933-MONOMER	34.0000	34.0000	34.0000	34.0000	34.0000	34.0000	34.0000	34.0000
G7936-MONOMER	14.0000	14.0000	14.0000	14.0000	14.0000	14.0000	14.0000	14.0000
G7937-MONOMER	7.0000	7.0000	7.0000	7.0000	7.0000	7.0000	7.0000	7.0000
G7938-MONOMER	110.0000	110.0000	110.0000	110.0000	110.0000	110.0000	110.0000	110.0000
G7940-MONOMER	15.0000	15.0000	15.0000	15.0000	15.0000	15.0000	15.0000	15.0000
G7941-MONOMER	84.0000	84.0000	84.0000	84.0000	84.0000	83.6364	83.0000	83.0000
G7942-MONOMER	7.0000	7.0000	7.0000	7.0000	7.0000	7.0000	7.0000	7.0000
G7944-MONOMER	21.0000	21.0000	21.0000	21.0000	21.0000	21.0000	21.0000	21.0000
G7945-MONOMER	6.0000	6.0000	6.0000	6.0000	6.0000	6.0000	6.0000	6.0000
G7946-MONOMER	25.0000	25.0000	25.0000	25.0000	25.0000	25.0000	25.0000	25.0000
G7947-MONOMER	39.0000	39.0000	39.0000	39.0000	39.0000	39.0000	39.0000	39.0000
G7948-MONOMER	30.0000	30.0000	30.0000	30.0000	30.0000	30.0000	30.0000	30.0000
G7949-MONOMER	2660.0000	2663.0952	2669.8095	2678.0909	2698.0000	2711.5455	2723.8571	2729.7273
G7950-MONOMER	304.0000	304.0000	304.0000	304.0000	304.0000	304.0000	304.0000	304.0000
G7951-MONOMER	32.0000	32.0000	32.0000	32.0000	32.0000	32.0000	32.0000	32.0000
G7952-MONOMER	17.0000	17.0000	17.0000	17.0000	17.0000	17.0000	17.0000	17.0000
G7953-MONOMER	7.0000	7.0000	7.0000	7.0000	7.0000	7.0000	7.0000	7.0000
G7954-MONOMER	480.0000	480.0000	480.0000	480.0000	479.6190	479.0000	478.0952	478.0000
G8202-MONOMER	4.0000	4.0000	4.0000	4.0000	4.0000	4.0000	4.0000	4.0000
G8210-MONOMER	61.0000	61.0000	61.0000	61.0000	61.0000	61.0000	61.0000	61.0000
GABATRANSAM-MONOMER	74.0000	74.1905	79.4286	84.9545	86.0000	86.0000	86.0000	86.0000
GABP-MONOMER	73.0000	75.1429	79.7143	83.7727	84.0000	84.0000	84.0000	84.0000
GALACTARDEHYDRA-MONOMER	15.0000	15.0000	15.0000	15.0000	15.0000	15.0000	15.0000	15.0000
GALACTITOLPDEHYD-MONOMER	1503.0000	1503.0000	1503.0000	1503.0000	1503.0000	1503.0000	1503.0000	1503.0000
GALACTOACETYLTRAN-MONOMER	1.0000	1.0000	1.0000	1.0000	1.0000	1.0000	1.0000	1.0000
GALACTOKIN-MONOMER	182.0000	182.0000	184.1905	188.2273	191.7143	194.0455	197.4286	202.4545
GALACTONATE-DEHYDRATASE-MONOMER	47.0000	47.0000	47.0000	47.0000	47.0000	47.0000	47.0000	47.0000
GALACTURIDYLYLTRANS-MONOMER	52.0000	52.0000	52.0000	52.0000	52.0000	52.0000	52.0000	52.0000
GALP-MONOMER	273.0000	272.6667	272.0000	272.0000	272.0000	272.0000	272.0000	272.0000
GALPMUT-MONOMER	313.0000	315.4286	320.2381	321.0000	321.0000	321.0000	321.0000	321.0000
GAPDH-A-MONOMER	73462.0000	73631.9524	74021.8571	74465.2727	74896.2857	75311.7727	75735.0952	76104.2273
GART-MONOMER	647.0000	648.5714	651.4286	654.6364	658.7619	662.4091	664.8095	668.0455
GARTRANSFORMYL2-MONOMER	435.0000	435.7619	446.0000	455.7727	464.0000	468.6364	473.9048	482.3636
GATA-MONOMER	4787.0000	4787.2381	4793.0952	4806.5000	4819.6190	4834.2727	4847.0952	4859.2727
GATB-MONOMER	4315.0000	4322.9048	4342.7619	4358.1818	4374.7619	4393.8182	4414.0952	4432.1364
GCVH-MONOMER	1049.0000	1054.7143	1062.7143	1072.9091	1081.8095	1088.3636	1103.9524	1114.4091
GCVP-MONOMER	201.0000	203.0952	208.3810	215.4091	224.6190	230.5455	235.4762	239.1818
GCVT-MONOMER	383.0000	383.5714	390.8095	394.5455	398.6190	402.8182	405.1905	407.9091
GDHA-MONOMER	7402.0000	7432.3810	7491.1429	7543.3636	7594.5238	7643.9545	7693.1429	7732.2727
GDPMANDEHYDRA-MONOMER	18.0000	18.0000	18.0000	18.0000	18.0000	18.0000	18.0000	18.0000
GDPMANMANHYDRO-MONOMER	7.0000	7.0000	7.0000	7.0000	7.0000	7.0000	7.0000	7.0000
GKI-MONOMER	16.0000	16.0000	16.0000	16.0000	16.0000	16.0000	16.0000	16.0000
GLCNACPTRANS-MONOMER	77.0000	77.0000	77.0000	77.0000	77.0000	78.1364	79.9048	82.0000
GLND-MONOMER	118.0000	118.0000	118.0000	118.0000	118.0000	118.0000	118.0000	118.0000
GLNE-MONOMER	41.0000	41.4286	44.2381	45.0000	45.0000	46.3636	47.0476	49.7273
GLNH-MONOMER	1680.0000	1695.1429	1716.2857	1735.6364	1754.7143	1785.7727	1812.0476	1844.5000
GLNP-MONOMER	532.0000	535.6190	545.8571	553.5909	561.5714	570.8636	579.6667	587.7727
GLNQ-MONOMER	975.0000	981.8571	991.9048	997.0000	1007.2857	1016.9545	1032.2381	1046.7727
GLNS-MONOMER	1153.0000	1154.0000	1157.2381	1165.8636	1171.9048	1171.3182	1170.0000	1168.5909
GLPF-MONOMER	2904.0000	2909.6667	2923.4762	2932.1364	2940.4762	2951.2727	2963.1429	2975.7727
GLPT-MONOMER	18.0000	18.0000	18.0000	18.0000	18.0000	18.0000	18.0000	18.0000
GLTJ-MONOMER	59.0000	59.0000	59.0000	59.0000	59.0000	59.0000	59.0000	59.0000
GLTK-MONOMER	35.0000	35.0000	35.0000	35.0000	35.0000	35.0000	35.0000	35.0000
GLTL-MONOMER	244.0000	244.0000	244.0000	243.9545	242.4762	242.0000	242.0000	242.0000
GLTP-MONOMER	57.0000	57.0000	57.0000	57.0000	57.0000	57.0000	57.0000	57.0000
GLTS-MONOMER	23.0000	23.0000	23.0000	23.0000	23.0000	23.0000	23.0000	23.0000
GLU6PDEHYDROG-MONOMER	1872.0000	1874.4762	1879.8571	1889.8182	1897.9524	1905.8636	1916.9524	1926.2727
GLUC1PADENYLTRANS-MONOMER	331.0000	333.3810	336.9524	342.6818	348.2857	351.0455	354.3333	359.3182
GLUC1PURIDYLTRANS-MONOMER	1089.0000	1095.0476	1110.1429	1125.6818	1142.9524	1162.8636	1176.9524	1186.9545
GLUCARDEHYDRA-MONOMER	20.0000	20.0000	20.0000	20.0000	20.0000	20.0000	20.0000	20.0000
GLUCDEHYDROG-MONOMER	377.0000	378.4762	381.1905	383.6818	384.6190	389.7273	394.2857	395.8636
GLUCOKIN-MONOMER	318.0000	318.0000	318.0000	318.0000	317.3333	316.0000	316.0000	316.0000
GLUCONOKINI-MONOMER	12.0000	12.0000	12.0000	12.0000	12.0000	12.0000	12.0000	12.0000
GLUCONOKINII-MONOMER	36.0000	36.0000	36.0000	36.0000	36.0000	36.0000	36.0000	36.0000
GLUCONREDUCT-MONOMER	17.0000	17.0000	17.0000	17.0000	17.0000	17.0000	17.0000	17.0000
GLUCOSAMINE-6-P-DEAMIN-MONOMER	625.0000	625.0000	625.0000	625.0000	625.0000	625.0000	625.0000	625.0000
GLUCOSE-1-PHOSPHAT-MONOMER	134.0000	134.0000	134.0000	134.0000	134.0000	134.0000	134.0000	134.0000
GLURS-MONOMER	2611.0000	2615.1905	2624.3333	2628.6364	2643.5238	2659.6364	2673.9524	2687.4545
GLUSYNLARGE-MONOMER	1926.0000	1927.8095	1928.9048	1932.1364	1937.0476	1941.8636	1945.6667	1952.5909
GLUSYNSMALL-MONOMER	2604.0000	2603.3810	2602.0000	2602.5000	2605.1429	2608.3636	2611.0952	2612.1364
GLUTAMIDOTRANS-MONOMER	433.0000	438.0952	445.6190	448.3636	452.0000	454.3636	455.0000	455.0000
GLUTAMINESYN-MONOMER	6295.0000	6300.8571	6315.5714	6335.0909	6357.1429	6395.1818	6436.5714	6471.5909
GLUTATHIONE-REDUCT-NADPH-MONOMER	419.0000	419.0000	419.0000	419.0000	419.0000	419.0000	419.0000	419.0000
GLUTATHIONE-SYN-MONOMER	488.0000	488.7143	492.6190	497.7273	504.0952	509.6818	515.7143	520.4091
GLUTCYSLIG-MONOMER	344.0000	344.0000	347.0000	348.8636	350.6667	352.7273	357.0952	362.0909
GLUTDECARBOXA-MONOMER	32.0000	32.0000	32.0000	32.0000	32.0000	32.0000	32.0000	32.0000
GLUTDECARBOXB-MONOMER	53.0000	54.9048	59.6190	65.5909	67.1429	72.9545	77.2857	82.9545
GLUTKIN-MONOMER	522.0000	522.3333	526.5238	535.4545	545.0476	548.5909	551.6667	553.0000
GLUTRACE-MONOMER	161.0000	161.8571	164.6190	165.1364	167.9048	170.1818	173.5714	175.6818
GLUTRNAREDUCT-MONOMER	59.0000	59.0000	59.0000	59.7727	60.0000	60.6364	62.0000	62.0000
GLUTSEMIALDEHYDROG-MONOMER	620.0000	620.0000	620.5238	626.4545	639.4286	644.3636	645.1905	646.0000
GLVB-MONOMER	6.0000	6.0000	6.0000	6.0000	6.0000	6.0000	6.0000	6.0000
GLVC-MONOMER	6.0000	6.0000	6.0000	6.0000	6.0000	6.0000	6.0000	6.0000
GLY3KIN-MONOMER	7.0000	7.0000	7.0000	7.0000	7.0000	7.0000	7.0000	7.0000
GLYC3PDEHYDROGBIOSYN-MONOMER	598.0000	598.0000	598.0000	598.0000	598.0000	598.0000	598.0000	598.0000
GLYCDEH-MONOMER	13.0000	13.0000	13.0000	13.0000	13.0000	13.0000	13.0000	13.0000
GLYCEROL-3-P-ACYLTRANSFER-MONOMER	297.0000	297.0000	297.6190	301.5000	307.1429	310.5909	315.0476	320.2727
GLYCEROL-KIN-MONOMER	5619.0000	5629.1429	5643.0476	5655.8636	5672.7143	5690.7273	5708.0000	5726.0909
GLYCOGEN-BRANCH-MONOMER	124.0000	125.0476	126.6667	127.8636	129.7619	130.0000	132.1429	135.9091
GLYCOGENSYN-MONOMER	205.0000	205.9524	206.9048	207.1818	210.0000	212.0000	212.5714	215.9545
GLYCOPHOSPHORYL-MONOMER	246.0000	246.7143	247.2381	248.2273	250.8571	252.0000	253.0000	256.2727
GLYCPDIESTER-CYTO-MONOMER	190.0000	190.0000	190.0000	190.0000	190.0000	190.0000	190.0000	190.0000
GLYCPDIESTER-PERI-MONOMER	42.0000	42.0000	42.0000	42.0000	42.0476	43.1818	44.9524	45.0000
GLYCRIBONUCSYN-MONOMER	923.0000	925.8571	933.1429	937.4545	940.9048	945.6364	951.7619	955.0000
GLYOCARBOLIG-MONOMER	3.0000	3.0000	3.0000	3.0000	3.0000	3.0000	3.0000	3.0000
GLYOHMETRANS-MONOMER	11969.0000	11981.3810	12006.0476	12029.8182	12055.6667	12080.2273	12104.9048	12131.8636
GLYOXI-MONOMER	3192.0000	3192.0000	3192.0000	3192.0000	3196.0476	3211.9545	3230.3333	3241.1364
GLYOXII-MONOMER	382.0000	382.0000	382.0000	382.0000	382.0000	382.0000	382.0000	382.0000
GLYQ-MONOMER	1304.0000	1310.0476	1319.6190	1323.9545	1329.2381	1334.7273	1337.4286	1341.5909
GLYS-MONOMER	1636.0000	1637.2381	1643.9048	1648.0909	1653.5238	1662.6818	1668.8571	1677.4091
GMP-REDUCT-MONOMER	1292.0000	1296.0952	1301.6190	1304.7727	1309.1905	1316.5000	1326.2857	1335.7727
GMP-SYN-MONOMER	1823.0000	1827.0476	1833.9048	1838.7727	1839.0000	1839.0000	1839.0000	1839.0000
GNTP-MONOMER	19.0000	19.0000	19.0000	19.0000	19.0000	19.0000	19.0000	19.0000
GNTT-MONOMER	35.0000	35.0000	35.0000	35.0000	35.0000	35.0000	35.0000	35.0000
GNTU-MONOMER	8.0000	8.0000	8.0000	8.0000	8.0000	8.0000	8.0000	8.0000
GPH-MONOMER	286.0000	286.0000	286.0000	286.0000	286.0000	286.0000	286.0000	286.0000
GPMA-MONOMER	23464.0000	23492.0000	23551.4286	23618.2273	23715.1905	23824.0000	23941.7143	24067.5000
GPT-MONOMER	1271.0000	1271.0000	1271.0000	1272.5909	1296.9048	1329.6818	1368.7619	1398.3636
GRXB-MONOMER	2638.0000	2645.2381	2661.7619	2692.4091	2723.9048	2760.0455	2800.4286	2837.3636
GRXC-MONOMER	1611.0000	1609.9048	1608.4762	1606.8636	1606.0000	1605.0909	1604.0000	1603.9091
GSAAMINOTRANS-MONOMER	641.0000	641.0000	641.0000	641.0000	641.0000	641.0000	641.0000	641.0000
GSK-MONOMER	264.0000	267.6667	276.7619	281.3636	288.0000	295.1364	300.3810	309.4545
GSP-MONOMER	404.0000	404.0000	404.0000	404.0000	404.0000	404.0000	404.0000	404.0000
GST-MONOMER	844.0000	844.0000	844.0000	844.0000	844.0000	844.0000	844.0000	844.0000
GTP-CYCLOHYDRO-I-MONOMER	7560.0000	7582.4286	7637.4762	7697.3182	7769.8571	7849.3182	7919.0476	7985.2273
GTP-CYCLOHYDRO-II-MONOMER	524.0000	524.9524	530.6190	535.1818	541.4762	544.0000	544.0000	544.0000
GUANYL-KIN-MONOMER	592.0000	594.7143	601.5238	602.1364	605.7619	609.8182	619.1905	630.5909
GUTA-MONOMER	60.0000	60.0000	60.0000	60.0000	60.0000	60.0000	60.0000	60.0000
GUTB-MONOMER	58.0000	58.0000	58.0000	58.0000	58.0000	58.0000	58.0000	58.0000
H2NEOPTERINALDOL-MONOMER	1154.0000	1154.0000	1157.3810	1161.7273	1167.5238	1169.9545	1179.5714	1192.7727
H2NEOPTERINP3PYROPHOSPHOHYDRO-MONOMER	21.0000	21.0000	21.7619	22.0000	22.0000	22.0000	22.5714	23.2727
H2NTPEPIM-MONOMER	830.0000	834.0952	841.3333	842.0000	842.0000	842.0000	842.0000	842.0000
H2PTERIDINEPYROPHOSPHOKIN-MONOMER	177.0000	177.0000	179.0476	181.0000	183.1429	184.9091	186.7619	188.1818
H2PTEROATESYNTH-MONOMER	307.0000	307.0000	307.0000	307.0000	307.0000	307.0000	307.0000	307.0000
HCAA2-MONOMER	35.0000	35.0000	35.0000	35.0000	35.0000	35.0000	35.0000	35.0000
HCAC-MONOMER	33.0000	33.0000	33.0000	33.0000	33.0000	33.0000	33.0000	33.0000
HCAD-MONOMER	35.0000	35.0000	35.0000	35.0000	35.0000	35.0000	35.0000	35.0000
HCAT-MONOMER	11.0000	11.0000	11.0000	11.0000	11.0000	11.0000	11.0000	11.0000
HEMEOSYN-MONOMER	2311.0000	2313.6667	2320.3333	2324.3182	2328.1429	2330.9545	2332.5238	2333.4545
HEMN-MONOMER	167.0000	167.0000	167.0000	167.0000	167.0000	167.0000	167.0000	166.1818
HEMX-MONOMER	241.0000	241.0000	240.2857	240.0000	240.0000	240.0000	239.1429	238.0000
HISJ-MONOMER	3327.0000	3326.8095	3326.0000	3325.8636	3325.0000	3324.0455	3325.0476	3332.8182
HISM-MONOMER	169.0000	169.0000	169.0000	169.0000	169.0000	169.0000	169.0000	169.0000
HISP-MONOMER	442.0000	442.0000	442.0000	442.0000	442.0000	441.8182	441.0000	441.0000
HISQ-MONOMER	134.0000	134.0000	134.0000	134.0000	134.0000	134.0000	134.0000	134.0000
HISS-MONOMER	759.0000	759.2857	761.5238	763.0000	763.0000	763.7273	765.5714	771.8182
HISTCYCLOPRATPPHOS	991.0000	999.0952	1009.4762	1018.7273	1027.5714	1035.5909	1039.0000	1039.0000
HISTDEHYD-MONOMER	502.0000	504.5238	512.2857	516.5455	522.3333	525.9545	528.0000	528.0000
HISTPHOSTRANS-MONOMER	514.0000	516.6667	523.6667	528.1364	533.5714	540.8636	542.0000	542.0000
HMP-KIN-MONOMER	343.0000	345.2857	349.3810	357.5000	370.2857	377.0909	387.8095	399.5909
HMP-P-KIN-MONOMER	403.0000	405.1429	409.2381	412.7727	415.2381	418.7727	422.6667	428.4545
HOLO-ACP-SYNTH-MONOMER	170.0000	170.0000	170.0000	170.0000	170.0000	170.0000	170.0000	170.0000
HOMOCYSMET-MONOMER	34651.0000	34693.0000	34781.2381	34884.7727	35016.1905	35128.5000	35239.0000	35342.3636
HOMOCYSMETB12-MONOMER	473.0000	474.0476	479.0952	484.5455	487.5238	489.2273	490.8095	491.0000
HOMOSERKIN-MONOMER	1436.0000	1436.0000	1436.3333	1440.2727	1444.0000	1453.6818	1477.0952	1500.6818
HOMSUCTRAN-MONOMER	3754.0000	3761.1429	3782.7143	3810.6818	3833.6667	3849.7273	3863.3810	3877.2273
HRSA-MONOMER	0.0000	0.0000	0.0000	0.0000	0.0000	0.0000	0.0000	0.0000
HYAA-MONOMER	8.0000	8.0000	8.0000	8.0000	8.0000	8.0000	8.0000	8.0000
HYAB-MONOMER	7.0000	7.0000	7.0000	7.0000	7.0000	7.0000	7.0000	7.0000
HYAC-MONOMER	6.0000	6.0000	6.0000	6.0000	6.0000	6.0000	6.0000	6.0000
HYBA-MONOMER	14.0000	14.0000	14.0000	14.0000	14.0000	14.0000	14.0000	14.0000
HYBC-MONOMER	20.0000	20.0000	20.0000	20.0000	20.0000	20.0000	20.0000	20.0000
HYCBSMALL-MONOMER	19.0000	19.0000	19.0000	19.0000	19.0000	19.0000	19.0000	19.0000
HYCC-MONOMER	24.0000	24.0000	24.0000	24.0000	24.0000	24.0000	24.0000	24.0000
HYCD-MONOMER	24.0000	24.0000	24.0000	24.0000	24.0000	24.0000	24.0000	24.0000
HYCELARGE-MONOMER	17.0000	17.0000	17.0000	17.0000	17.0000	17.0000	17.0000	17.0000
HYCF-MONOMER	17.0000	17.0000	17.0000	17.0000	17.0000	17.0000	17.0000	17.0000
HYCG-MONOMER	22.0000	22.0000	22.0000	22.0000	22.0000	22.0000	21.5714	21.0000
HYDG-MONOMER	9.0000	9.0000	9.0000	9.0000	9.0000	9.0000	9.0000	9.0000
HYDH-MONOMER	2.0000	2.0000	2.0000	2.0000	2.0000	2.0000	2.0000	2.0000
HYDROPEROXIDI-MONOMER	638.0000	640.7143	647.0000	656.0909	660.7143	665.6818	668.0000	668.0000
HYDROPEROXIDII-MONOMER	14.0000	14.0000	14.0000	14.0000	14.0000	14.0000	14.0000	14.0000
HYPOXANPRIBOSYLTRAN-MONOMER	1118.0000	1123.1905	1134.0952	1144.5000	1162.1429	1184.0000	1200.5714	1212.2273
ICITDEHASE-KIN-PHOSPHA	20.0000	20.0000	20.0000	20.0000	20.0000	20.2273	21.0000	21.0000
IDONDEHYD-MONOMER	27.0000	27.0000	27.0000	27.0000	27.0000	27.0000	27.0000	27.0000
ILES-MONOMER	866.0000	867.6190	871.6190	878.2273	878.4286	878.0000	878.0000	877.2273
IMIDPHOSPHADEHYDHISTIDPHOSPHA-MONOMER	660.0000	662.5238	668.5714	674.1818	680.2857	689.5909	691.0000	691.0000
IMP-DEHYDROG-MONOMER	2458.0000	2461.7143	2472.7619	2478.6364	2479.0000	2479.0000	2479.0000	2479.0000
INORGPYROPHOSPHAT-MONOMER	11957.0000	11977.4286	12033.5714	12076.3636	12120.7143	12171.9545	12224.0952	12271.8636
IPPISOM-MONOMER	68.0000	68.0000	67.0952	67.0000	66.2381	66.0000	66.0000	66.0000
ISOCIT-LYASE-MONOMER	4976.0000	4995.5714	5060.6667	5128.9091	5183.4286	5238.0909	5307.1429	5389.3182
ISOCITDEH-SUBUNIT	24711.0000	24751.7619	24845.9524	24946.5000	25051.5714	25167.3636	25283.3810	25417.0455
KCH-MONOMER	68.0000	69.3333	74.7619	78.5455	81.8095	89.1364	94.6667	99.2727
KDGALDOL-MONOMER	11.0000	11.0000	11.0000	11.0000	11.0000	11.0000	11.0000	11.0000
KDGT-MONOMER	19.0000	19.0000	19.0000	19.0000	19.0000	19.0000	19.0000	19.0000
KDO-8PSYNTH-MONOMER	1836.0000	1838.7619	1848.4762	1858.9545	1867.0952	1878.5455	1894.6667	1921.4545
KDOTRANS-MONOMER	55.0000	55.0000	55.0000	55.0000	55.0000	55.0000	55.4762	57.1818
KDPB-MONOMER	10.0000	10.0000	10.0000	10.0000	10.0000	10.0000	10.0000	10.0000
KDPD-MONOMER	28.0000	28.0000	28.0000	28.0000	28.0000	28.0000	28.0000	28.0000
KDPE-MONOMER	26.0000	26.0000	26.0000	26.0000	26.0000	26.0000	26.0000	26.0000
KDPGALDOL-4OH2OXOGLUTARALDOL-MONOMER	1129.0000	1134.7143	1141.4286	1151.1364	1160.8095	1177.7727	1189.4286	1206.0455
KDUD-MONOMER	42.0000	42.0000	42.0000	42.0000	42.0000	42.0000	42.0000	41.1364
KEFB-MONOMER	25.0000	25.0000	25.0000	25.0000	25.0000	25.0000	25.0000	24.4545
KEFC-MONOMER	29.0000	29.0000	29.0000	29.0000	29.0000	29.0000	29.0000	29.0000
KETOBUTFORMLY-INACT-MONOMER	21.0000	21.0000	21.0000	21.0000	21.0000	21.0000	21.0000	21.0000
KETOLREDUCTOISOM-MONOMER	20145.0000	20212.9524	20330.6667	20434.3636	20504.1429	20565.4091	20601.8571	20636.8636
KGTP-MONOMER	2485.0000	2486.8571	2493.3810	2500.9091	2510.9048	2516.3636	2523.3810	2532.5455
KUP-MONOMER	35.0000	35.0000	35.0000	35.0000	35.0000	35.0000	35.0000	35.0000
L-ASPARTATE-OXID-MONOMER	248.0000	248.0000	248.0000	247.3182	247.0000	247.0000	247.0000	247.0000
L-GLN-FRUCT-6-P-AMINOTRANS-MONOMER	927.0000	927.0000	927.0000	927.0000	931.0952	939.5000	947.0000	952.0909
L-LACTDEHYDROGFMN-MONOMER	118.0000	118.0000	118.6190	119.0000	119.0000	119.0000	119.0000	119.0000
LACTALDDEHYDROG-MONOMER	833.0000	838.0952	848.6190	858.6818	879.0000	896.5000	910.6190	922.5455
LACTALDREDUCT-MONOMER	29.0000	29.0000	29.0000	29.0000	29.0000	29.0000	29.0000	29.0000
LACY-MONOMER	1.0000	1.0000	1.0000	1.0000	1.0000	1.0000	1.0000	1.0000
LARGEILVB-MONOMER	862.0000	862.0000	862.0000	862.6364	871.8095	884.1364	896.3810	911.7727
LAUROYLACYLTRAN-MONOMER	161.0000	161.0000	161.0000	161.0000	161.0000	161.0000	161.0000	161.0000
LCTP-MONOMER	14.0000	14.0000	15.0000	15.0000	15.0000	15.0000	15.0000	15.0000
LDC2-MONOMER	8.0000	8.0000	8.0000	8.0000	8.0000	8.0000	8.0000	8.0000
LEUC-MONOMER	2830.0000	2835.7143	2843.7143	2848.0000	2853.7143	2860.1818	2889.5238	2937.5909
LEUD-MONOMER	2789.0000	2793.9524	2801.0476	2811.2273	2819.9524	2825.0455	2835.6190	2865.0000
LEUS-MONOMER	1348.0000	1351.0476	1363.1429	1369.6364	1373.8571	1374.0000	1372.7143	1372.0000
LIPIDADISACCHARIDESYNTH-MONOMER	475.0000	475.4286	476.0000	477.4545	480.3333	481.9545	483.0000	487.2273
LIVF-MONOMER	637.0000	637.0000	637.1905	639.0000	639.0000	639.0000	639.0000	639.0000
LIVG-MONOMER	495.0000	495.0000	495.0000	495.0000	495.0000	495.0000	495.0000	495.0000
LIVH-MONOMER	411.0000	411.2857	412.5238	413.0000	413.0000	413.0000	413.0000	413.0000
LIVJ-MONOMER	5094.0000	5097.7619	5104.4286	5113.7727	5125.6190	5137.8636	5148.7619	5164.3182
LIVK-MONOMER	1195.0000	1199.2857	1202.9524	1206.0455	1203.0952	1201.4091	1200.0000	1199.0000
LIVM-MONOMER	326.0000	328.2381	330.0476	331.0000	331.0000	331.0000	331.0000	331.0000
LSERINEDEAM1-MONOMER	92.0000	92.0000	92.0000	92.0000	92.0000	92.0000	92.0000	92.0000
LSERINEDEAM2-MONOMER	107.0000	107.0000	107.0000	107.0000	107.0000	107.0000	107.0000	107.0000
LSERINEDEAM3-MONOMER	1.0000	1.0000	1.0000	1.0000	1.0000	1.0000	1.0000	1.0000
LTAA-MONOMER	256.0000	256.0000	256.0000	256.0000	256.0000	256.0000	256.0000	256.0000
LUMAZINESYN-MONOMER	1459.0000	1464.7143	1477.4286	1490.2273	1502.4762	1507.5455	1513.6190	1532.0455
LYSDECARBOX-MONOMER	3.0000	3.0000	3.0000	3.0000	3.0000	3.0000	3.0000	3.0000
LYSP-MONOMER	892.0000	895.1429	904.6190	909.9091	913.8571	919.6364	926.1429	929.3636
LYSS-MONOMER	2316.0000	2332.6667	2355.0952	2367.5909	2375.5238	2385.1818	2400.6190	2412.4545
LYSU-MONOMER	261.0000	261.0000	261.0000	261.0000	261.0000	261.0000	261.0000	261.0000
LYXK-MONOMER	6.0000	6.0000	6.0000	6.0000	6.0000	6.0000	6.0000	6.0000
MACA	128.0000	128.0000	128.0000	128.0000	128.0000	128.0000	128.0000	128.0000
MACB	2.0000	2.0000	2.0000	2.0000	2.0000	2.0000	2.0000	2.0000
MALATE-DEHASE-MONOMER	12594.0000	12618.6667	12658.0000	12700.3182	12745.2857	12798.7273	12844.3333	12884.6818
MALATE-SYNTHASE	1477.0000	1484.8095	1501.6667	1512.7727	1529.7619	1541.3182	1564.6190	1584.6364
MALDEXPHOSPHORYL-MONOMER	244.0000	244.0000	244.0000	244.0000	244.0000	244.0000	244.0000	244.0000
MALE-MONOMER	1061.0000	1060.0952	1060.0000	1059.3636	1059.0000	1059.0000	1059.0000	1059.0000
MALF-MONOMER	19.0000	19.0000	19.0000	19.0000	19.0000	19.0000	19.0000	19.0000
MALG-MONOMER	31.0000	31.0000	31.0000	31.0000	31.0000	31.0000	31.0000	31.0000
MALIC-NAD-MONOMER	664.0000	670.3333	681.8571	690.5909	703.5714	718.5000	736.6667	753.3636
MALIC-NADP-MONOMER	351.0000	351.0000	351.0000	351.0000	351.0000	351.0000	351.0000	351.0000
MALK-MONOMER	120.0000	120.0000	120.0000	120.0000	120.0000	120.0000	120.0000	120.0000
MALONYL-COA-ACP-TRANSACYL-MONOMER	1699.0000	1703.7143	1718.7143	1735.2727	1753.8571	1765.5455	1776.2381	1787.0455
MALSYNG-MONOMER	104.0000	104.0000	104.0000	104.0000	104.0000	104.0000	104.0000	104.0000
MALTACETYLTRAN-MONOMER	73.0000	73.0000	73.0000	73.0000	73.0000	73.0000	73.0000	73.0000
MALTODEXGLUCOSID-MONOMER	51.0000	51.0000	51.0000	51.0000	51.0000	51.0000	51.0000	51.0000
MALX-MONOMER	27.0000	27.0000	27.0000	27.0000	27.0000	27.0000	27.0000	27.0000
MANNONDEHYDRAT-MONOMER	178.0000	178.0000	178.0000	178.0000	178.0000	178.0000	178.0000	178.0000
MANNONOXIDOREDUCT-MONOMER	140.0000	140.0000	140.0000	140.0000	140.0000	140.0000	140.0000	140.0000
MANNPDEHYDROG-MONOMER	144.0000	144.0000	144.0000	144.0000	144.0000	144.0000	144.0000	144.0000
MANNPGUANYLTRANGDP-MONOMER	12.0000	12.0000	12.0000	12.0000	12.0000	12.0000	12.0000	12.0000
MANNPISOM-MONOMER	682.0000	686.7619	693.5714	699.6818	712.0476	726.2727	733.0000	733.0000
MANX-MONOMER	1594.0000	1599.6667	1613.0000	1628.8636	1640.9524	1651.6364	1658.3333	1668.5000
MANY-MONOMER	1429.0000	1433.1429	1445.8095	1458.1364	1466.1905	1478.3182	1487.7143	1496.7273
MANZ-MONOMER	1217.0000	1222.5238	1231.5238	1242.5455	1252.0000	1263.7273	1271.3333	1278.4091
MDLA-MONOMER	6.0000	6.0000	6.0000	6.0000	6.0000	6.0000	6.0000	6.0000
MDLB-MONOMER	9.0000	9.0000	9.0000	9.0000	8.3333	8.0000	8.0000	8.0000
MDTA	9.0000	9.0000	9.0000	9.0000	9.0000	9.0000	9.0000	9.0000
MELB-MONOMER	38.0000	38.0000	38.0000	38.0000	38.0000	37.8182	37.0000	37.0000
MEND-MONOMER	254.0000	257.5714	264.7143	268.7273	273.7143	276.4091	283.5714	291.8636
MENF-MONOMER	256.0000	256.0000	257.3810	261.6818	265.0000	268.7727	272.0952	275.1818
METG-MONOMER	1608.0000	1610.2381	1616.2857	1627.0909	1640.3810	1660.5000	1682.5238	1701.2273
METHGLYSYN-MONOMER	1658.0000	1658.0000	1662.5714	1673.5000	1687.7619	1708.2727	1719.4762	1720.0000
METHYLENETHFREDUCT-MONOMER	410.0000	411.8571	415.2381	417.9091	425.2381	428.9545	429.5714	436.3636
METHYLMALONYL-COA-MUT-MONOMER	14.0000	14.0000	14.0000	14.0000	14.0000	14.0000	14.0000	14.0000
METI-MONOMER	174.0000	174.0000	174.0000	174.0000	174.0000	174.0000	174.0952	175.5000
METQ-MONOMER	4493.0000	4495.0952	4503.5238	4504.5909	4512.2857	4523.7273	4534.8095	4544.8636
MGLA-MONOMER	89.0000	89.0000	89.0000	89.0000	89.0000	89.0000	89.0000	89.0000
MGLB-MONOMER	140.0000	140.0000	140.0000	140.0000	140.0000	140.0000	140.0000	140.0000
MGLC-MONOMER	163.0000	163.0000	163.0000	163.0000	163.0000	163.0000	163.0000	163.0000
MGTA-MONOMER	18.0000	18.0000	18.0000	18.0000	18.0000	18.0000	18.0000	18.0000
MHPCHYDROL-MONOMER	16.0000	16.0000	16.0000	16.0000	16.0000	16.0000	16.0000	16.0000
MHPDHYDROL-MONOMER	13.0000	13.0000	13.0000	13.0000	13.0000	13.0000	13.0000	13.0000
MHPELY-MONOMER	12.0000	12.0000	12.0000	12.0000	12.0000	12.0000	12.0000	12.0000
MHPF-MONOMER	6.0000	6.0000	6.0000	6.0000	6.0000	6.0000	6.0000	6.0000
MHPHYDROXY-MONOMER	11.0000	11.0000	11.0000	11.0000	11.0000	11.0000	11.0000	11.0000
MHPT-MONOMER	9.0000	9.0000	9.0000	9.0000	9.0000	9.0000	9.0000	9.0000
MMUM-MONOMER	54.0000	54.0000	54.0000	54.0000	54.0000	54.0000	54.0000	54.3636
MODA-MONOMER	913.0000	913.0000	913.0000	913.0000	913.0000	913.0000	912.5238	912.0000
MODB-MONOMER	78.0000	78.0000	78.0000	78.0000	78.0000	78.0000	78.0000	78.0000
MODC-MONOMER	105.0000	105.0000	105.0000	105.0000	105.0000	105.0000	105.0000	105.0000
MODF-MONOMER	160.0000	160.0000	160.0000	160.0000	160.0000	160.0000	160.0000	160.0000
MONOMER-162	11.0000	11.0000	11.0000	11.0000	11.0000	11.0000	11.0000	11.0000
MONOMER-43	2370.0000	2383.4762	2408.9524	2433.2727	2461.8571	2491.1818	2528.8095	2569.3182
MONOMER0-1001	4.0000	4.0000	4.0000	4.0000	4.0000	4.0000	4.0000	4.0000
MONOMER0-1041	146.0000	146.0000	146.0000	146.0000	146.0000	146.0000	146.0000	146.0000
MONOMER0-12	2.0000	2.0000	2.0000	2.0000	2.0000	2.0000	2.0000	2.0000
MONOMER0-1261	114.0000	114.0000	114.0000	114.0000	114.0000	114.0000	114.0000	114.0000
MONOMER0-141	17.0000	17.0000	17.0000	17.0000	17.0000	17.0000	17.0000	17.0000
MONOMER0-142	12.0000	12.0000	12.0000	12.0000	12.0000	12.0000	12.0000	12.0000
MONOMER0-143	8.0000	8.0000	8.0000	8.0000	8.0000	8.0000	8.0000	8.0000
MONOMER0-144	15.0000	15.0000	15.0000	15.0000	15.0000	15.0000	15.0000	15.0000
MONOMER0-145	28.0000	28.0000	28.0000	28.0000	28.0000	28.0000	28.0000	28.0000
MONOMER0-146	12.0000	12.0000	12.0000	12.0000	12.0000	12.0000	12.0000	12.0000
MONOMER0-147	12.0000	12.0000	12.0000	12.0000	12.0000	12.0000	12.0000	12.0000
MONOMER0-148	201.0000	201.0000	200.6190	199.0000	199.0000	199.0000	199.0000	198.2727
MONOMER0-149	192.0000	192.0000	192.0000	192.0000	192.0000	192.0000	192.0000	192.0000
MONOMER0-150	18.0000	18.0000	18.0000	18.0000	18.0000	18.0000	18.0000	18.0000
MONOMER0-1501	425.0000	427.3333	428.0000	428.0000	428.0000	428.0000	428.0000	428.0000
MONOMER0-151	10.0000	10.0000	10.0000	10.0000	10.0000	10.0000	10.0000	10.0000
MONOMER0-152	10.0000	10.0000	10.0000	10.0000	10.0000	10.0000	10.0000	10.0000
MONOMER0-153	16.0000	16.0000	16.0000	16.0000	16.0000	16.0000	16.0000	16.0000
MONOMER0-154	17.0000	17.0000	17.0000	17.0000	17.0000	17.0000	17.0000	17.0000
MONOMER0-1541	56.0000	56.0000	56.0000	55.0000	55.0000	55.0000	55.0000	55.0000
MONOMER0-1561	194.0000	194.0000	194.0000	193.3182	192.0000	191.9091	191.0000	191.0000
MONOMER0-1562	176.0000	176.0000	176.0000	176.0000	176.0000	176.9545	177.0000	177.0000
MONOMER0-1563	672.0000	676.0476	684.0476	690.3182	698.9048	704.9545	711.7143	717.2273
MONOMER0-1564	26.0000	26.0000	26.0000	26.0000	26.0000	26.0909	29.4286	35.2727
MONOMER0-1581	11.0000	11.0000	11.0000	11.0000	11.0000	11.0000	11.0000	11.0000
MONOMER0-1601	177.0000	177.0000	177.0000	177.0000	177.0000	177.0000	177.0000	177.0000
MONOMER0-1602	0.0000	0.0000	0.0000	0.0000	0.0000	0.0000	0.0000	0.0000
MONOMER0-1603	192.0000	192.0000	192.0000	192.0000	192.0000	192.0000	192.0000	192.0000
MONOMER0-1604	1.0000	1.0000	1.0000	1.0000	1.0000	1.0000	1.0000	1.0000
MONOMER0-1605	2.0000	2.0000	2.0000	2.0000	2.0000	2.0000	2.0000	2.0000
MONOMER0-1641	58.0000	58.0000	58.0000	58.0000	58.0000	58.0000	58.0000	58.0000
MONOMER0-1701	4062.0000	4062.0000	4066.7143	4077.9091	4089.0000	4106.2273	4127.3810	4136.8182
MONOMER0-185	563.0000	563.0000	563.0000	563.0000	563.0000	563.0000	563.0000	563.0000
MONOMER0-1922	0.0000	0.0000	0.0000	0.0000	0.0000	0.0000	0.0000	0.0000
MONOMER0-1941	0.0000	0.0000	0.0000	0.0000	0.0000	0.0000	0.0000	0.0000
MONOMER0-1981	299.0000	302.2857	307.0952	314.3636	317.5238	321.0455	325.5714	329.9545
MONOMER0-2001	10333.0000	10364.7619	10452.8571	10534.6818	10595.2857	10661.9091	10731.6667	10799.3182
MONOMER0-2121	36.0000	36.0000	36.0000	36.0000	36.0000	36.0000	36.0000	36.0000
MONOMER0-2141	5.0000	5.0000	5.0000	5.0000	5.0000	5.0000	5.0000	5.0000
MONOMER0-2383	58.0000	58.0952	59.0000	60.1818	61.0000	61.0000	61.0000	61.1364
MONOMER0-2488	1232.0000	1235.1905	1242.4286	1244.0000	1244.0000	1243.8636	1243.0000	1243.0000
MONOMER0-2489	2.0000	2.0000	2.0000	2.0000	2.0000	2.0000	2.0000	2.0000
MONOMER0-2654	75.0000	75.0000	75.0000	75.0000	75.0000	75.0000	75.0000	75.0000
MONOMER0-2656	25.0000	25.0000	25.0000	25.0000	25.0000	25.0000	25.0000	25.0000
MONOMER0-2657	3.0000	3.0000	3.0000	3.0000	3.0000	3.0000	3.0000	3.0000
MONOMER0-2658	160.0000	160.0000	160.0000	160.0000	160.0000	160.0000	160.0000	160.0000
MONOMER0-2659	1340.0000	1343.3333	1351.6190	1360.4545	1368.7619	1373.7273	1384.1429	1393.5455
MONOMER0-2660	72.0000	72.0000	72.0000	72.0000	72.0000	72.0000	72.0000	72.0000
MONOMER0-2662	11.0000	11.0000	11.0000	11.0000	11.0000	11.0000	11.0000	11.0000
MONOMER0-2663	509.0000	509.0000	509.0000	509.0000	509.0000	509.0000	509.0000	509.0000
MONOMER0-2665	183.0000	183.0000	183.0000	183.0000	183.0000	183.0000	183.0000	183.0000
MONOMER0-2668	57.0000	57.0000	57.0000	57.0000	57.0000	57.0000	57.0000	57.0000
MONOMER0-2670	6.0000	6.0000	6.0000	6.0000	6.0000	6.0000	6.0000	6.0000
MONOMER0-2671	4.0000	4.0000	4.0000	4.0000	4.0000	4.0000	4.0000	4.0000
MONOMER0-2672	297.0000	297.0000	296.4286	296.0000	296.0000	296.0000	296.0000	296.0000
MONOMER0-2673	82.0000	83.4286	85.7619	90.5455	95.0952	100.0455	104.0476	108.0000
MONOMER0-2674	3.0000	3.0000	3.0000	3.0000	3.0000	3.0000	3.0000	3.0000
MONOMER0-2675	24.0000	24.0000	24.0000	24.0000	24.0000	24.0000	24.0000	24.0000
MONOMER0-2676	181.0000	181.0000	181.0000	181.0000	181.0000	181.0000	181.0000	181.0000
MONOMER0-2677	0.0000	0.0000	0.0000	0.0000	0.0000	0.0000	0.0000	0.0000
MONOMER0-2678	17.0000	17.0000	17.0000	17.0000	17.0000	17.0000	17.0000	17.0000
MONOMER0-2680	1.0000	1.0000	1.0000	1.0000	1.0000	1.0000	1.0000	1.0000
MONOMER0-2681	133.0000	132.8095	132.0000	132.0000	132.0000	132.0000	132.0000	132.0000
MONOMER0-2682	46.0000	46.0000	46.0000	46.0000	46.0000	46.0000	46.0000	46.0000
MONOMER0-2683	8.0000	8.0000	8.0000	8.0000	8.0000	8.0000	8.0000	8.0000
MONOMER0-2684	45.0000	45.0000	45.0000	45.0000	45.0000	45.0000	45.0000	45.0000
MONOMER0-2685	285.0000	286.3810	290.5238	297.4091	301.1429	304.0000	309.7619	313.5000
MONOMER0-2686	7.0000	7.0000	7.0000	7.0000	7.0000	7.0000	7.0000	7.0000
MONOMER0-2687	201.0000	201.0000	201.0000	201.0000	201.0000	201.0000	201.0000	201.0000
MONOMER0-2688	123.0000	123.0000	123.0000	123.0000	123.0000	122.6364	122.0000	122.0000
MONOMER0-2689	30.0000	30.8571	37.7619	44.6364	53.8095	59.2727	62.8571	67.9545
MONOMER0-2690	951.0000	950.2857	948.2381	946.0000	944.2857	941.9545	939.9524	938.6818
MONOMER0-2691	27.0000	30.0952	33.6667	37.5455	43.7143	45.0000	45.0000	45.0000
MONOMER0-2692	85.0000	85.7619	86.0000	86.0000	86.0000	86.4091	87.0000	87.0000
MONOMER0-2693	943.0000	954.4286	976.4286	997.8182	1015.3333	1032.9545	1055.6190	1077.4545
MONOMER0-2694	10.0000	10.0000	10.0000	10.0000	10.0000	10.0000	10.0000	10.0000
MONOMER0-2695	78.0000	78.0000	78.0000	78.0000	78.0000	77.0000	77.0000	77.0000
MONOMER0-2696	4670.0000	4680.6190	4697.9524	4723.3636	4753.3333	4771.1364	4787.4286	4807.1818
MONOMER0-2697	758.0000	762.3333	767.8571	771.9545	773.0000	776.2727	781.5714	785.0000
MONOMER0-2726	106.0000	106.0000	106.0000	106.0000	107.1905	110.7727	112.8571	116.1364
MONOMER0-2748	46.0000	46.0000	46.0000	45.7273	45.0000	45.0000	45.0000	45.0000
MONOMER0-2755	68.0000	68.0000	68.0000	68.0000	68.0000	68.0000	68.0000	68.0000
MONOMER0-2756	212.0000	212.0000	212.0000	212.0000	212.0000	212.0000	212.0000	212.0000
MONOMER0-2757	22.0000	22.0000	22.0000	22.0000	22.0000	22.0000	22.0000	22.0000
MONOMER0-2761	37.0000	37.0000	37.0000	37.0000	37.0000	37.0000	37.0000	37.0000
MONOMER0-2772	0.0000	0.0000	0.0000	0.0000	0.0000	0.0000	0.0000	0.0000
MONOMER0-2801	146.0000	146.0000	146.6667	148.0000	148.2857	149.1364	150.0000	150.0000
MONOMER0-2812	1.0000	1.0000	1.0000	1.0000	1.0000	1.0000	1.0000	1.0000
MONOMER0-2813	0.0000	0.0000	0.0000	0.0000	0.0000	0.0000	0.0000	0.0000
MONOMER0-2814	3.0000	3.0000	3.0000	3.0000	3.0000	3.0000	3.0000	3.0000
MONOMER0-2817	18.0000	18.0000	18.0000	18.0000	18.0000	18.0000	18.0000	18.0000
MONOMER0-2818	3.0000	3.0000	3.0000	3.0000	3.0000	3.0000	3.0000	3.0000
MONOMER0-2819	40.0000	40.0000	40.0000	40.0000	40.0000	40.0000	40.0000	40.0000
MONOMER0-282	6.0000	6.0000	6.0000	6.0000	6.0000	6.0000	6.0000	6.0000
MONOMER0-2820	304.0000	304.0000	305.4762	308.1364	309.2381	314.1364	321.6667	327.5455
MONOMER0-2821	0.0000	0.0000	0.0000	0.0000	0.0000	0.0000	0.0000	0.0000
MONOMER0-2822	0.0000	0.0000	0.0000	0.0000	0.0000	0.0000	0.0000	0.0000
MONOMER0-2823	21.0000	21.0000	21.0000	21.0000	21.0000	21.0000	21.0000	21.0000
MONOMER0-2824	0.0000	0.0000	0.0000	0.0000	0.0000	0.0000	0.0000	0.0000
MONOMER0-2825	8.0000	8.0000	8.0000	8.0000	8.0000	8.0000	8.0000	8.0000
MONOMER0-2826	0.0000	0.0000	0.0000	0.0000	0.0000	0.0000	0.0000	0.0000
MONOMER0-2827	1.0000	1.0000	1.0000	1.0000	1.0000	1.0000	1.0000	1.0000
MONOMER0-2828	38.0000	38.0000	38.0000	38.0000	38.0000	38.0000	38.0000	38.0000
MONOMER0-2829	0.0000	0.0000	0.0000	0.0000	0.0000	0.0000	0.0000	0.0000
MONOMER0-2830	1.0000	1.0000	1.0000	1.0000	1.0000	1.0000	1.0000	1.0000
MONOMER0-2840	0.0000	0.0000	0.0000	0.0000	0.0000	0.0000	0.0000	0.0000
MONOMER0-2841	0.0000	0.0000	0.0000	0.0000	0.0000	0.0000	0.0000	0.0000
MONOMER0-2842	0.0000	0.0000	0.0000	0.0000	0.0000	0.0000	0.0000	0.0000
MONOMER0-2851	10.0000	11.3333	13.7619	15.6364	18.7619	23.6364	30.0000	32.4545
MONOMER0-2855	0.0000	0.0000	0.0000	0.0000	0.0000	0.0000	0.0000	0.0000
MONOMER0-2856	0.0000	0.0000	0.0000	0.0000	0.0000	0.0000	0.0000	0.0000
MONOMER0-2857	0.0000	0.0000	0.0000	0.0000	0.0000	0.0000	0.0000	0.0000
MONOMER0-2858	0.0000	0.0000	0.0000	0.0000	0.0000	0.0000	0.0000	0.0000
MONOMER0-2859	0.0000	0.0000	0.0000	0.0000	0.0000	0.0000	0.0000	0.0000
MONOMER0-2860	0.0000	0.0000	0.0000	0.0000	0.0000	0.0000	0.0000	0.0000
MONOMER0-2868	120.0000	120.0000	120.0000	120.0000	120.0000	120.0000	120.0000	119.7727
MONOMER0-2869	0.0000	0.0000	0.0000	0.0000	0.0000	0.0000	0.0000	0.0000
MONOMER0-2870	0.0000	0.0000	0.0000	0.0000	0.0000	0.0000	0.0000	0.0000
MONOMER0-2871	0.0000	0.0000	0.0000	0.0000	0.0000	0.0000	0.0000	0.0000
MONOMER0-2872	18.0000	18.0000	18.0000	18.0000	18.0000	18.0000	18.0000	18.0000
MONOMER0-2873	0.0000	0.0000	0.0000	0.0000	0.0000	0.0000	0.0000	0.0000
MONOMER0-2874	0.0000	0.0000	0.0000	0.0000	0.0000	0.0000	0.0000	0.0000
MONOMER0-2875	0.0000	0.0000	0.0000	0.0000	0.0000	0.0000	0.0000	0.0000
MONOMER0-2876	92.0000	92.4286	93.0000	93.0000	93.0000	93.7273	94.0000	94.7727
MONOMER0-2877	0.0000	0.0000	0.0000	0.0000	0.0000	0.0000	0.0000	0.0000
MONOMER0-2878	0.0000	0.0000	0.0000	0.0000	0.0000	0.0000	0.0000	0.0000
MONOMER0-2879	0.0000	0.0000	0.0000	0.0000	0.0000	0.0000	0.0000	0.0000
MONOMER0-2880	0.0000	0.0000	0.0000	0.0000	0.0000	0.0000	0.0000	0.0000
MONOMER0-2881	0.0000	0.0000	0.0000	0.0000	0.0000	0.0000	0.0000	0.0000
MONOMER0-2882	0.0000	0.0000	0.0000	0.0000	0.0000	0.0000	0.0000	0.0000
MONOMER0-2883	0.0000	0.0000	0.0000	0.0000	0.0000	0.0000	0.0000	0.0000
MONOMER0-2884	567.0000	567.0000	567.0000	567.0000	567.0000	566.1364	566.0000	566.0000
MONOMER0-2885	246.0000	246.0000	245.7143	245.0000	245.0000	245.0000	245.0000	245.0000
MONOMER0-2886	170.0000	170.0000	170.0000	170.0000	170.0000	169.8182	169.0000	169.5455
MONOMER0-341	184.0000	184.0000	184.0000	184.0000	184.0000	184.0000	184.0000	185.9091
MONOMER0-4201	25.0000	25.0000	25.0000	25.0000	25.0000	25.0000	25.0000	25.0000
MONOMER0-4214	0.0000	0.0000	0.0000	0.0000	0.0000	0.0000	0.0000	0.0000
MONOMER0-4216	0.0000	0.0000	0.0000	0.0000	0.0000	0.0000	0.0000	0.0000
MONOMER0-422	8.0000	8.0000	8.0000	8.0000	8.0000	8.0000	8.0000	8.0000
MONOMER0-4224	84.0000	84.0000	84.0000	84.0000	84.0000	84.0000	84.0000	84.0000
MONOMER0-4225	86.0000	86.0000	86.0000	86.0000	86.0000	86.0000	86.0000	86.0000
MONOMER0-4226	58.0000	58.0000	58.0000	58.0000	58.0000	58.0000	58.0000	58.0000
MONOMER0-4227	32.0000	32.0000	32.0000	32.0000	32.0000	32.0000	32.0000	32.0000
MONOMER0-4228	207.0000	206.5238	206.0000	206.0000	206.0000	206.0000	206.0000	206.0000
MONOMER0-4229	73.0000	73.0000	73.0000	73.0000	73.0000	73.0000	73.0000	73.0000
MONOMER0-4230	62.0000	62.0000	62.0000	62.0000	62.0000	62.0000	62.0000	62.0000
MONOMER0-4231	26.0000	26.0000	26.0000	26.0000	26.0000	26.0000	26.0000	26.0000
MONOMER0-4232	124.0000	124.0000	124.0000	124.0000	124.0000	124.0000	124.0000	124.0000
MONOMER0-4233	70.0000	70.0000	70.0000	70.0000	70.0000	70.0000	70.0000	70.0000
MONOMER0-4234	679.0000	679.0000	679.0000	678.6364	678.0000	678.0000	678.0000	677.9545
MONOMER0-4235	634.0000	633.0476	633.4286	636.3182	643.9524	649.5000	656.0000	659.8182
MONOMER0-4236	633.0000	632.8095	636.3333	643.0455	649.0000	656.0909	666.6190	679.4545
MONOMER0-4237	662.0000	662.3810	667.2381	670.0000	669.0476	669.0000	669.0000	669.0000
MONOMER0-4238	659.0000	659.9524	663.2381	669.9091	680.0476	684.8182	689.1429	690.5909
MONOMER0-4239	645.0000	645.9048	647.4286	651.3182	652.7143	657.3636	661.7619	668.5909
MONOMER0-4240	677.0000	679.7619	687.7619	698.7727	706.0000	712.1364	717.5238	721.6364
MONOMER0-4241	639.0000	640.8095	647.1905	656.6364	668.4286	682.6818	697.3333	709.2727
MONOMER0-4242	44.0000	44.0000	44.0000	44.0000	44.0000	44.0000	44.0000	44.0000
MONOMER0-4243	40.0000	40.0000	40.0000	40.0000	40.0000	40.0000	40.0000	40.0000
MONOMER0-4244	40.0000	40.0000	40.0000	40.0000	40.0000	40.0000	40.0000	40.0000
MONOMER0-4245	31.0000	31.0000	31.0000	31.0000	31.0000	31.0000	31.0000	31.0000
MONOMER0-4246	45.0000	45.0000	45.0000	45.0000	45.0000	45.0000	45.0000	45.0000
MONOMER0-4247	43.0000	42.6667	42.0000	42.0000	42.0000	42.0000	42.0000	42.0000
MONOMER0-4248	45.0000	45.0000	45.0000	45.0000	45.0000	45.0000	45.0000	45.0000
MONOMER0-4249	35.0000	35.0000	35.0000	35.0000	35.0000	35.0000	35.0000	35.0000
MONOMER0-4250	29.0000	29.0000	29.0000	29.0000	29.0000	29.0000	29.0000	29.0000
MONOMER0-4251	26.0000	28.8095	33.6667	41.7727	47.4286	49.4545	53.3810	56.6364
MONOMER0-4252	22.0000	22.0000	22.0000	22.0000	22.0000	22.0000	22.0000	22.0000
MONOMER0-4253	26.0000	26.0000	26.0000	26.0000	26.0000	26.0000	26.0000	26.0000
MONOMER0-4254	28.0000	28.0000	28.0000	28.0000	28.0000	28.0000	28.0000	28.0000
MONOMER0-4255	39.0000	39.0000	39.0000	39.0000	39.0000	39.0000	39.0000	39.0000
MONOMER0-4256	41.0000	41.0000	42.1905	45.0455	48.9048	54.1364	58.4762	66.0909
MONOMER0-4257	35.0000	35.0000	35.0000	35.0000	35.0000	35.0000	35.0000	35.0000
MONOMER0-4258	24.0000	24.0000	24.0000	24.0000	24.0000	24.0000	24.0000	24.0000
MONOMER0-4259	36.0000	36.0000	36.0000	36.0000	36.0000	36.0000	36.0000	36.0000
MONOMER0-4345	0.0000	0.0000	0.0000	0.0000	0.0000	0.0000	0.0000	0.0000
MONOMER0-4346	0.0000	0.0000	0.0000	0.0000	0.0000	0.0000	0.0000	0.0000
MONOMER0-4347	0.0000	0.0000	0.0000	0.0000	0.0000	0.0000	0.0000	0.0000
MONOMER0-4349	0.0000	0.0000	0.0000	0.0000	0.0000	0.0000	0.0000	0.0000
MONOMER0-4368	0.0000	0.0000	0.0000	0.0000	0.0000	0.0000	0.0000	0.0000
MONOMER0-4369	9.0000	9.0000	9.0000	8.1818	8.0000	8.0000	8.0000	8.0000
MONOMER0-4382	158.0000	158.0000	158.0000	158.0000	158.0000	158.0000	158.0000	158.0000
MONOMER0-4390	9.0000	9.0000	9.0000	9.0000	9.0000	9.0000	9.0000	9.0000
MONOMER0-4391	0.0000	0.0000	0.0000	0.0000	0.0000	0.0000	0.0000	0.0000
MONOMER0-4392	0.0000	0.0000	0.0000	0.0000	0.0000	0.0000	0.0000	0.0000
MONOMER0-4393	0.0000	0.0000	0.0000	0.0000	0.0000	0.0000	0.0000	0.0000
MONOMER0-4394	0.0000	0.0000	0.0000	0.0000	0.0000	0.0000	0.0000	0.0000
MONOMER0-4396	0.0000	0.0000	0.0000	0.0000	0.0000	0.0000	0.0000	0.0000
MONOMER0-4397	1227.0000	1229.8095	1235.0952	1238.1818	1243.4286	1251.5909	1255.4286	1258.7727
MONOMER0-4403	0.0000	0.0000	0.0000	0.0000	0.0000	0.0000	0.0000	0.0000
MONOMER0-4404	0.0000	0.0000	0.0000	0.0000	0.0000	0.0000	0.0000	0.0000
MONOMER0-4405	0.0000	0.0000	0.0000	0.0000	0.0000	0.0000	0.0000	0.0000
MONOMER0-4406	0.0000	0.0000	0.0000	0.0000	0.0000	0.0000	0.0000	0.0000
MONOMER0-4407	0.0000	0.0000	0.0000	0.0000	0.0000	0.0000	0.0000	0.0000
MONOMER0-4408	0.0000	0.0000	0.0000	0.0000	0.0000	0.0000	0.0000	0.0000
MONOMER0-4409	0.0000	0.0000	0.0000	0.0000	0.0000	0.0000	0.0000	0.0000
MONOMER0-4410	0.0000	0.0000	0.0000	0.0000	0.0000	0.0000	0.0000	0.0000
MONOMER0-4411	0.0000	0.0000	0.0000	0.0000	0.0000	0.0000	0.0000	0.0000
MONOMER0-4412	0.0000	0.0000	0.0000	0.0000	0.0000	0.0000	0.0000	0.0000
MONOMER0-4413	0.0000	0.0000	0.0000	0.0000	0.0000	0.0000	0.0000	0.0000
MONOMER0-4414	0.0000	0.0000	0.0000	0.0000	0.0000	0.0000	0.0000	0.0000
MONOMER0-4415	0.0000	0.0000	0.0000	0.0000	0.0000	0.0000	0.0000	0.0000
MONOMER0-4416	0.0000	0.0000	0.0000	0.0000	0.0000	0.0000	0.0000	0.0000
MONOMER0-4417	0.0000	0.0000	0.0000	0.0000	0.0000	0.0000	0.0000	0.0000
MONOMER0-4418	0.0000	0.0000	0.0000	0.0000	0.0000	0.0000	0.0000	0.0000
MONOMER0-4419	101.0000	101.0000	101.0000	101.0000	101.0000	101.0000	101.0000	101.0000
MONOMER0-4420	0.0000	0.0000	0.0000	0.0000	0.0000	0.0000	0.0000	0.0000
MONOMER0-4421	0.0000	0.0000	0.0000	0.0000	0.0000	0.0000	0.0000	0.0000
MONOMER0-4422	0.0000	0.0000	0.0000	0.0000	0.0000	0.0000	0.0000	0.0000
MONOMER0-4423	0.0000	0.0000	0.0000	0.0000	0.0000	0.0000	0.0000	0.0000
MONOMER0-4424	0.0000	0.0000	0.0000	0.0000	0.0000	0.0000	0.0000	0.0000
MONOMER0-4425	7.0000	7.0000	7.0000	7.0000	7.0000	7.0000	7.0000	7.0000
MONOMER0-4426	0.0000	0.0000	0.0000	0.0000	0.0000	0.0000	0.0000	0.0000
MONOMER0-4427	0.0000	0.0000	0.0000	0.0000	0.0000	0.0000	0.0000	0.0000
MONOMER0-4428	0.0000	0.0000	0.0000	0.0000	0.0000	0.0000	0.0000	0.0000
MONOMER0-4429	0.0000	0.0000	0.0000	0.0000	0.0000	0.0000	0.0000	0.0000
MONOMER0-4430	0.0000	0.0000	0.0000	0.0000	0.0000	0.0000	0.0000	0.0000
MONOMER0-4431	0.0000	0.0000	0.0000	0.0000	0.0000	0.0000	0.0000	0.0000
MONOMER0-4432	0.0000	0.0000	0.0000	0.0000	0.0000	0.0000	0.0000	0.0000
MONOMER0-4433	0.0000	0.0000	0.0000	0.0000	0.0000	0.0000	0.0000	0.0000
MONOMER0-4434	0.0000	0.0000	0.0000	0.0000	0.0000	0.0000	0.0000	0.0000
MONOMER0-4435	0.0000	0.0000	0.0000	0.0000	0.0000	0.0000	0.0000	0.0000
MONOMER0-4436	0.0000	0.0000	0.0000	0.0000	0.0000	0.0000	0.0000	0.0000
MONOMER0-4440	25.0000	25.0000	25.0000	25.0000	25.0000	25.0000	25.0000	25.0000
MONOMER0-4441	45.0000	45.0000	45.0000	45.0000	45.0000	45.0000	45.0000	45.0000
MONOMER0-4442	37.0000	37.0000	37.0000	37.0000	37.0000	37.0000	37.0000	36.0000
MONOMER0-4443	42.0000	42.0000	42.0000	42.0000	42.0000	42.0000	42.0000	42.0000
MONOMER0-4444	33.0000	33.0000	33.0000	33.0000	33.0000	33.0000	33.0000	33.0000
MONOMER0-4445	74.0000	74.0000	74.0000	74.0000	74.0000	74.0000	74.0000	74.0000
MONOMER0-4446	29.0000	29.0000	29.6667	33.6818	38.5238	43.9091	51.0476	60.7273
MONOMER0-4447	42.0000	42.0000	42.0000	42.0000	42.0000	42.0000	42.0000	42.0000
MONOMER0-4448	15.0000	15.0000	15.0000	15.0000	15.0000	15.0000	15.0000	15.0000
MONOMER0-4449	28.0000	28.0000	28.0000	28.0000	28.0000	28.0000	28.0000	28.0000
MONOMER0-4450	68.0000	68.0000	68.0000	68.0000	68.0000	68.0000	68.0000	68.0000
MONOMER0-4451	24.0000	24.0000	24.0000	24.0000	24.0000	24.0000	24.0000	24.0000
MONOMER0-4478	0.0000	0.0000	0.0000	0.0000	0.0000	0.0000	0.0000	0.0000
MONOMER0-4479	0.0000	0.0000	0.0000	0.0000	0.0000	0.0000	0.0000	0.0000
MONOMER0-4480	0.0000	0.0000	0.0000	0.0000	0.0000	0.0000	0.0000	0.0000
MONOMER0-4481	0.0000	0.0000	0.0000	0.0000	0.0000	0.0000	0.0000	0.0000
MONOMER0-4482	0.0000	0.0000	0.0000	0.0000	0.0000	0.0000	0.0000	0.0000
MONOMER0-4483	0.0000	0.0000	0.0000	0.0000	0.0000	0.0000	0.0000	0.0000
MONOMER0-4484	0.0000	0.0000	0.0000	0.0000	0.0000	0.0000	0.0000	0.0000
MONOMER0-4485	0.0000	0.0000	0.0000	0.0000	0.0000	0.0000	0.0000	0.0000
MONOMER0-4486	0.0000	0.0000	0.0000	0.0000	0.0000	0.0000	0.0000	0.0000
MONOMER0-4487	0.0000	0.0000	0.0000	0.0000	0.0000	0.0000	0.0000	0.0000
MONOMER0-4488	0.0000	0.0000	0.0000	0.0000	0.0000	0.0000	0.0000	0.0000
MONOMER0-4489	4.0000	4.0000	4.0000	4.0000	4.0000	4.0000	4.0000	4.0000
MONOMER0-4490	0.0000	0.0000	0.0000	0.0000	0.0000	0.0000	0.0000	0.0000
MONOMER0-4491	0.0000	0.0000	0.0000	0.0000	0.0000	0.0000	0.0000	0.0000
MONOMER0-4492	0.0000	0.0000	0.0000	0.0000	0.0000	0.0000	0.0000	0.0000
MONOMER0-4493	82.0000	82.0000	81.7619	81.0000	81.0000	81.0000	81.0000	81.0000
MONOMER0-4494	269.0000	271.1905	273.6190	275.0000	285.1905	293.7727	301.0952	309.2273
MONOMER0-4495	0.0000	0.0000	0.0000	0.0000	0.0000	0.0000	0.0000	0.0000
MONOMER0-4496	0.0000	0.0000	0.0000	0.0000	0.0000	0.0000	0.0000	0.0000
MONOMER0-4497	0.0000	0.0000	0.0000	0.0000	0.0000	0.0000	0.0000	0.0000
MONOMER0-4498	0.0000	0.0000	0.0000	0.0000	0.0000	0.0000	0.0000	0.0000
MONOMER0-4499	0.0000	0.0000	0.0000	0.0000	0.0000	0.0000	0.0000	0.0000
MONOMER0-4500	0.0000	0.0000	0.0000	0.0000	0.0000	0.0000	0.0000	0.0000
MONOMER0-4501	0.0000	0.0000	0.0000	0.0000	0.0000	0.0000	0.0000	0.0000
MONOMER0-4502	0.0000	0.0000	0.0000	0.0000	0.0000	0.0000	0.0000	0.0000
MONOMER0-4503	0.0000	0.0000	0.0000	0.0000	0.0000	0.0000	0.0000	0.0000
MONOMER0-4504	0.0000	0.0000	0.0000	0.0000	0.0000	0.0000	0.0000	0.0000
MONOMER0-4505	0.0000	0.0000	0.0000	0.0000	0.0000	0.0000	0.0000	0.0000
MONOMER0-4506	0.0000	0.0000	0.0000	0.0000	0.0000	0.0000	0.0000	0.0000
MONOMER0-4507	0.0000	0.0000	0.0000	0.0000	0.0000	0.0000	0.0000	0.0000
MONOMER0-4509	0.0000	0.0000	0.0000	0.0000	0.0000	0.0000	0.0000	0.0000
MONOMER0-4510	0.0000	0.0000	0.0000	0.0000	0.0000	0.0000	0.0000	0.0000
MONOMER0-4511	0.0000	0.0000	0.0000	0.0000	0.0000	0.0000	0.0000	0.0000
MONOMER0-4512	0.0000	0.0000	0.0000	0.0000	0.0000	0.0000	0.0000	0.0000
MONOMER0-4513	0.0000	0.0000	0.0000	0.0000	0.0000	0.0000	0.0000	0.0000
MONOMER0-4514	0.0000	0.0000	0.0000	0.0000	0.0000	0.0000	0.0000	0.0000
MONOMER0-4515	0.0000	0.0000	0.0000	0.0000	0.0000	0.0000	0.0000	0.0000
MONOMER0-4516	0.0000	0.0000	0.0000	0.0000	0.0000	0.0000	0.0000	0.0000
MONOMER0-4519	427.0000	427.0000	427.0000	427.0000	427.0000	427.0000	427.0000	429.0455
MONOMER0-4521	86.0000	86.0000	86.0000	86.0000	86.0000	86.0000	86.0000	86.0000
MONOMER0-4524	92.0000	92.0000	92.0000	91.5909	91.0000	91.0000	91.0000	91.0000
MONOMER0-4532	6.0000	6.0000	6.0000	6.0000	6.0000	6.0000	6.0000	6.0000
MONOMER0-4534	272.0000	272.0000	272.0000	272.0000	272.0000	272.0000	272.0000	272.0000
MONOMER0-4539	1135.0000	1138.7619	1148.9048	1157.9091	1166.9524	1174.4545	1181.4762	1191.9091
MONOMER0-4540	0.0000	0.0000	0.0000	0.0000	0.0000	0.0000	0.0000	0.0000
MONOMER0-4543	0.0000	0.0000	0.0000	0.0000	0.0000	0.0000	0.0000	0.0000
MONOMER0-4544	0.0000	0.0000	0.0000	0.0000	0.0000	0.0000	0.0000	0.0000
MONOMER0-4545	0.0000	0.0000	0.0000	0.0000	0.0000	0.0000	0.0000	0.0000
MONOMER0-4546	0.0000	0.0000	0.0000	0.0000	0.0000	0.0000	0.0000	0.0000
MONOMER0-4547	0.0000	0.0000	0.0000	0.0000	0.0000	0.0000	0.0000	0.0000
MONOMER0-4548	0.0000	0.0000	0.0000	0.0000	0.0000	0.0000	0.0000	0.0000
MONOMER0-4549	0.0000	0.0000	0.0000	0.0000	0.0000	0.0000	0.0000	0.0000
MONOMER0-4550	0.0000	0.0000	0.0000	0.0000	0.0000	0.0000	0.0000	0.0000
MONOMER0-4551	0.0000	0.0000	0.0000	0.0000	0.0000	0.0000	0.0000	0.0000
MONOMER0-4552	0.0000	0.0000	0.0000	0.0000	0.0000	0.0000	0.0000	0.0000
MONOMER0-4560	0.0000	0.0000	0.0000	0.0000	0.0000	0.0000	0.0000	0.0000
MONOMER0-4561	0.0000	0.0000	0.0000	0.0000	0.0000	0.0000	0.0000	0.0000
MONOMER0-5	9.0000	9.0000	9.0000	9.0000	9.0000	9.0000	9.0000	9.0000
MONOMER0-541	146.0000	146.0000	146.0000	146.0000	147.5238	150.3636	154.7143	158.3182
MONOMER0-561	60.0000	60.0000	60.0000	60.0000	60.0000	60.0000	60.0000	60.0000
MONOMER0-6	7.0000	7.0000	7.0000	7.0000	7.0000	7.0000	7.0000	7.0000
MONOMER0-741	458.0000	460.4762	464.1429	466.5909	472.0952	474.3636	478.3333	481.4091
MONOMER0-761	0.0000	0.0000	0.0000	0.0000	0.0000	0.0000	0.0000	0.0000
MONOMER0-762	0.0000	0.0000	0.0000	0.0000	0.0000	0.0000	0.0000	0.0000
MONOMER0-765	611.0000	613.2857	617.0476	619.6364	620.5238	624.9091	627.9524	631.5909
MONOMER0-766	0.0000	0.0000	0.0000	0.0000	0.0000	0.0000	0.0000	0.0000
MONOMER0-82	36.0000	36.0000	36.0000	36.0000	36.0000	36.0000	36.0000	36.0000
MONOMER0-921	0.0000	0.0000	0.0000	0.0000	0.0000	0.0000	0.0000	0.0000
MOTA-FLAGELLAR-MOTOR-STATOR-PROTEIN	1204.0000	1208.7143	1214.6190	1222.1818	1230.5714	1241.3182	1255.8095	1276.6818
MOTB-FLAGELLAR-MOTOR-STATOR-PROTEIN	1418.0000	1420.0000	1423.9048	1431.2273	1435.3810	1445.3182	1456.9524	1467.2273
MTLA-MONOMER	104.0000	104.0000	104.0000	104.0000	104.0000	104.0000	104.0000	104.0000
MTR-MONOMER	20.0000	20.0000	20.0000	20.0000	20.0000	20.0000	20.0000	20.0000
MYRISTOYLACYLTRAN-MONOMER	212.0000	211.3810	211.0000	211.0000	211.0000	211.0000	211.0000	211.0000
N-ACETYLGLUTPREDUCT-MONOMER	161.0000	160.3333	160.0000	160.0000	160.0000	160.0000	160.0000	160.0000
N-ACETYLTRANSFER-MONOMER	357.0000	357.0000	357.0000	357.0000	357.0000	357.0000	357.0000	357.0000
NACGLCTRANS-MONOMER	89.0000	89.0000	89.0000	90.3636	91.5238	94.2273	95.0000	95.0000
NACMURLALAAMI1-MONOMER	20.0000	20.0000	20.0000	20.0000	20.0000	20.0000	20.0000	19.6818
NACMURLALAAMI2-MONOMER	179.0000	180.0000	181.2857	182.8182	189.4286	192.4545	198.0000	201.3182
NAD-SYNTH-MONOMER	2160.0000	2165.5714	2173.8571	2179.5909	2188.2381	2199.5455	2205.5714	2219.6364
NADH-DHII-MONOMER	741.0000	740.3810	739.7619	739.0000	739.0000	738.0909	744.7143	753.2727
NAG1P-URIDYLTRANS-MONOMER	467.0000	467.0000	468.3810	474.5455	478.0000	479.4091	481.4286	482.8636
NAG6PDEACET-MONOMER	197.0000	197.0000	197.0000	197.0000	197.0000	197.0000	197.0000	197.0000
NAGE-MONOMER	259.0000	259.0000	259.0000	259.0000	259.0000	259.0000	259.0000	259.0000
NANE-MONOMER	26.0000	26.0000	26.0000	26.0000	26.0000	26.0000	26.0000	26.0000
NANK-MONOMER	34.0000	34.0000	34.0000	34.0000	34.0000	34.0000	34.0000	34.0000
NANT-MONOMER	40.0000	40.0000	40.0000	40.0000	40.0000	40.0000	40.0000	40.0000
NAPA-MONOMER	6.0000	6.0000	6.0000	6.0000	6.0000	6.0000	6.0000	6.0000
NAPB-MONOMER	8.0000	8.0000	8.0000	8.0000	8.0000	8.0000	8.0000	8.0000
NAPC-MONOMER	3.0000	3.0000	3.0000	3.0000	3.0000	3.0000	3.0000	3.0000
NAPD-MONOMER	6.0000	6.0000	6.0000	6.0000	6.0000	6.0000	6.0000	6.0000
NAPF-MONOMER	7.0000	7.0000	7.0000	7.0000	7.0000	7.0000	7.0000	7.0000
NAPG-MONOMER	7.0000	7.0000	7.0000	7.0000	7.0000	7.0000	7.0000	7.0000
NAPH-MONOMER	11.0000	11.0000	11.0000	11.0000	11.0000	11.0000	11.0000	11.0000
NAPHTHOATE-SYN-MONOMER	1708.0000	1723.3333	1750.5714	1778.8636	1811.3810	1848.0000	1882.9524	1914.5000
NARG-MONOMER	10.0000	10.0000	10.0000	10.0000	10.0000	10.0000	10.0000	10.0000
NARH-MONOMER	6.0000	6.0000	6.0000	6.0000	6.0000	6.0000	6.0000	6.0000
NARI-MONOMER	5.0000	5.0000	5.0000	5.0000	5.0000	5.0000	5.0000	5.0000
NARJ-MONOMER	5.0000	5.0000	5.0000	5.0000	5.0000	5.0000	5.0000	5.0000
NARK-MONOMER	2.0000	2.0000	2.0000	2.0000	2.0000	2.0000	2.0000	2.0000
NARL-MONOMER	436.0000	436.0000	435.8571	434.8636	434.0000	434.0000	434.0000	434.0000
NARP-MONOMER	115.0000	115.0000	115.0000	115.0000	115.0000	114.7727	113.6190	113.0000
NARQ-MONOMER	6.0000	6.0000	6.0000	6.0000	6.0000	6.0000	6.0000	6.0000
NARU-MONOMER	5.0000	5.0000	5.0000	5.0000	5.0000	5.0000	5.0000	5.0000
NARV-MONOMER	5.0000	5.0000	5.0000	5.0000	5.0000	5.0000	5.0000	5.0000
NARW-MONOMER	7.0000	7.0000	7.0000	7.0000	7.0000	7.0000	7.0000	7.0000
NARX-MONOMER	40.0000	40.0000	40.0000	40.0000	40.0000	40.0000	40.0000	40.0000
NARY-MONOMER	9.0000	9.0000	9.0000	9.0000	9.0000	9.0000	9.0000	9.0000
NARZ-MONOMER	5.0000	5.0000	5.0000	5.0000	5.0000	5.0000	5.0000	5.0000
NHAA-MONOMER	15.0000	15.0000	15.0000	15.0000	15.0000	15.0000	15.0000	15.0000
NHAB-MONOMER	267.0000	267.0000	266.0952	265.6818	265.0000	264.9091	264.0000	263.3636
NICONUCADENYLYLTRAN-MONOMER	136.0000	136.0000	136.8095	137.8636	138.0000	138.0000	138.0000	138.0000
NICOTINAMID-MONOMER	347.0000	348.6190	354.7619	358.6364	366.0952	375.2727	381.7619	389.8182
NICOTINATEPRIBOSYLTRANS-MONOMER	619.0000	621.4762	623.7143	623.4545	623.4762	625.5909	627.0000	626.6818
NIKA-MONOMER	5.0000	5.0000	5.0000	5.0000	5.0000	5.0000	5.0000	5.0000
NIKB-MONOMER	7.0000	7.0000	7.0000	7.0000	7.0000	7.0000	7.0000	7.0000
NIKC-MONOMER	5.0000	5.0000	5.0000	5.0000	5.0000	5.0000	5.0000	5.0000
NIKD-MONOMER	7.0000	7.0000	7.0000	7.0000	7.0000	7.0000	7.0000	7.0000
NIKE-MONOMER	7.0000	7.0000	7.0000	7.0000	7.0000	7.0000	7.0000	7.0000
NIRB-MONOMER	8.0000	8.0000	8.0000	8.0000	8.0000	8.0000	8.0000	8.0000
NIRC-MONOMER	6.0000	6.0000	6.0000	6.0000	6.0000	6.0000	6.0000	6.0000
NIRD-MONOMER	9.0000	9.0000	9.0000	9.0000	9.0000	9.0000	9.0000	9.0000
NRDA-MONOMER	930.0000	932.2381	937.4286	940.0909	945.2857	953.5000	960.0000	960.0000
NRDB-MONOMER	696.0000	700.1905	707.7143	710.6818	713.9524	717.8636	720.0000	720.0000
NRDE-MONOMER	595.0000	597.9524	603.4286	609.4545	615.9524	620.3182	624.2381	628.2727
NRDF-MONOMER	1492.0000	1502.2857	1521.8095	1541.9091	1559.9048	1569.1364	1574.4286	1577.1818
NRFC-MONOMER	5.0000	5.0000	5.0000	5.0000	5.0000	5.0000	5.0000	5.0000
NRFD-MONOMER	7.0000	7.0000	7.0000	7.0000	7.0000	7.0000	7.0000	7.0000
NUCLEOSIDE-DIP-KIN-MONOMER	5262.0000	5273.0000	5303.4286	5332.7727	5360.0000	5388.0909	5418.5714	5447.9545
NUOA-MONOMER	223.0000	223.0000	223.0000	223.0000	223.0000	223.0000	223.0000	223.0000
NUOB-MONOMER	208.0000	208.0000	208.0000	208.0000	208.0000	208.0000	208.0000	208.0000
NUOC-MONOMER	154.0000	154.0000	154.0000	154.0000	154.0000	154.0000	154.0000	154.0000
NUOE-MONOMER	268.0000	268.0000	268.0000	268.0000	268.0000	268.0000	268.0000	268.0000
NUOF-MONOMER	770.0000	770.0000	770.0000	769.5000	769.0000	768.7727	766.3810	766.0000
NUOG-MONOMER	580.0000	579.0952	577.5714	575.1818	573.0476	571.3182	570.8571	570.0000
NUOH-MONOMER	549.0000	549.0000	549.0000	549.0000	549.0000	548.4091	548.0000	548.0000
NUOI-MONOMER	976.0000	976.0000	976.0000	976.0000	976.0000	976.0000	976.0000	976.0000
NUOJ-MONOMER	437.0000	437.0000	437.0000	436.3182	436.0000	435.9545	434.2857	434.0000
NUOK-MONOMER	559.0000	559.0000	558.9048	558.0000	558.0000	558.0000	558.0000	558.0000
NUOL-MONOMER	659.0000	659.0000	659.0000	659.0000	659.0000	659.0000	659.0000	659.0000
NUOM-MONOMER	1010.0000	1010.0000	1010.0000	1010.0000	1010.0000	1009.0909	1009.0000	1009.0000
NUON-MONOMER	1036.0000	1036.0000	1036.0000	1035.9545	1035.0000	1035.0000	1035.0000	1034.8636
NUPC-MONOMER	527.0000	527.0000	527.0000	527.0000	527.0000	527.0000	527.0000	527.0000
NUPG-MONOMER	9.0000	9.0000	9.0000	9.0000	9.0000	9.0000	9.0000	9.0000
O-SUCCHOMOSERLYASE-MONOMER	57.0000	57.0000	57.0000	57.0000	57.0000	57.0000	57.0000	57.0000
O-SUCCINYLBENZOATE-COA-LIG-MONOMER	250.0000	251.9048	256.6190	261.9091	266.2857	268.3182	270.5714	273.6818
O-SUCCINYLBENZOATE-COA-SYN-MONOMER	439.0000	441.0000	446.7143	453.5909	460.6667	470.8182	485.6667	499.0455
OCTAPRENYL-METHOXYPHENOL-OH-MONOMER	137.0000	137.8095	139.1429	140.0000	141.8095	143.5000	144.0000	144.0000
OCTAPRENYL-METHYL-METHOXY-BENZOQ-OH-MON	196.0000	196.0000	196.0000	196.0000	196.0000	196.0000	196.0000	196.0000
OHMETHYLBILANESYN-MONOMER	267.0000	267.0000	267.0000	267.0000	267.0000	267.0000	267.2381	270.6818
OMPR-MONOMER	460.0000	460.0000	460.0000	460.0000	460.0000	460.0000	460.2857	466.8636
OPPA-MONOMER	13967.0000	14007.9048	14087.4286	14184.6364	14297.2857	14421.8636	14549.4286	14690.3182
OPPB-MONOMER	456.0000	462.5238	472.5714	483.9091	490.9524	500.4545	506.5714	515.0909
OPPC-MONOMER	413.0000	416.4286	429.9524	439.6364	452.4762	459.8182	466.3333	470.2727
OPPD-MONOMER	369.0000	373.7143	382.7143	394.8636	404.8095	415.5000	422.1429	433.5909
OPPF-MONOMER	639.0000	647.4762	659.0952	670.7727	685.5714	696.2727	705.0952	715.1818
OPPSYN-MONOMER	669.0000	669.0000	669.0000	669.0000	671.9524	676.4545	684.1905	688.1818
ORNDECARBOX-BIO-MONOMER	147.0000	147.0000	147.0000	147.0000	147.0000	147.0000	147.0000	147.0000
ORNDECARBOXDEG-MONOMER	6.0000	6.0000	6.0000	6.0000	6.0000	6.0000	6.0000	6.0000
OROPRIBTRANS-MONOMER	697.0000	697.0000	697.0000	697.0000	697.0000	697.0000	697.0000	697.0000
OROTPDECARB-MONOMER	581.0000	582.0476	587.5714	596.7727	603.3810	607.5000	608.0000	608.0000
PABASYN-COMPI-MONOMER	117.0000	117.0000	117.0000	117.0000	117.0000	117.0000	117.0000	117.0000
PABASYN-COMPII-MONOMER	49.0000	49.0000	49.0000	49.0000	49.0000	49.0000	49.0000	49.0000
PALMITOTRANS-MONOMER	89.0000	89.0000	89.0000	89.0000	89.0000	89.0000	89.0000	89.0000
PANF-MONOMER	50.0000	50.0000	50.0000	50.0000	50.0000	50.0000	50.0000	50.0000
PANTEPADENYLYLTRAN-MONOMER	97.0000	97.0000	97.0000	97.0000	97.0000	97.0000	97.7143	105.8636
PANTOATE-BETA-ALANINE-LIG-MONOMER	994.0000	994.0000	994.0000	994.0000	995.2857	1001.8182	1005.8095	1010.7273
PANTOTHENATE-KIN-MONOMER	307.0000	307.0000	307.0000	307.0000	308.2381	313.7727	320.8095	325.0000
PAPSSULFOTRANS-MONOMER	297.0000	297.0000	297.0952	299.6364	303.0476	309.7273	313.0476	321.3636
PD00194	486.0000	495.6667	497.2381	507.0909	514.7619	522.5000	529.1429	533.0000
PD00196	11782.0000	11801.3333	11832.8095	11851.7727	11889.5238	11958.6818	12017.4286	12091.4091
PD00197	2465.0000	2466.4286	2472.9524	2481.7727	2492.5714	2504.4091	2514.1905	2525.9091
PD00200	15.0000	15.0000	15.0000	15.0000	14.1429	14.0000	14.0000	14.0000
PD00205	1.0000	0.6667	0.5714	1.1364	0.0952	0.0000	0.0000	0.0909
PD00208	61.0000	63.2381	65.0476	68.0000	68.0000	68.0000	68.0000	68.0000
PD00214	946.0000	945.7619	945.0000	945.0000	945.0000	943.2273	943.0000	942.1818
PD00219	745.0000	741.8571	744.1905	751.5000	763.0476	767.9545	775.5714	784.1818
PD00221	22.0000	22.0000	22.0000	22.0000	22.0000	22.0000	22.0000	22.0000
PD00222	28.0000	28.0000	28.0000	28.0000	28.0000	28.0000	28.0000	28.0000
PD00230	8.0000	8.0000	8.0000	8.0000	8.0000	8.0000	9.4286	10.0000
PD00232	4488.0000	4488.0000	4488.0000	4488.0000	4488.0000	4488.0000	4488.0000	4488.0000
PD00237	248.0000	248.2381	249.4762	251.2273	252.6667	252.3636	253.0000	253.7727
PD00242	48.0000	48.0000	48.0000	48.0000	48.0000	48.0000	48.0000	48.0000
PD00250	2.0000	0.1905	0.0952	0.3636	0.2857	0.5455	0.0952	0.5455
PD00251	18.0000	18.0000	18.0000	18.0000	18.0000	18.0000	18.0000	18.0000
PD00257	2980.0000	2981.9524	2991.8095	3002.0455	3012.1905	3022.0909	3036.9048	3047.0455
PD00260	3025.0000	3031.7143	3039.7619	3050.9545	3067.2857	3092.5909	3107.7143	3126.3636
PD00261	25.0000	25.0000	25.0000	25.0000	25.0000	25.0000	25.0000	25.0000
PD00266	316.0000	316.0000	315.8571	315.0000	315.0000	314.2273	314.0000	314.0000
PD00268	6.0000	6.0000	6.0000	6.0000	6.0000	6.0000	6.0000	6.0000
PD00283	120.0000	120.0000	120.0000	120.0000	120.0000	120.0000	120.0000	120.0000
PD00288	42756.0000	42839.9524	43033.9048	43231.8636	43430.9524	43650.9545	43866.0476	44101.6818
PD00291	58.0000	58.0000	58.0000	58.0000	58.0000	58.0000	58.0000	58.0000
PD00297	27.0000	27.0000	27.0000	27.0000	27.0000	27.0000	27.0000	27.0000
PD00339	0.0000	0.0952	0.3333	0.1818	0.0476	0.0455	0.0476	0.0909
PD00345	54.0000	54.0000	54.0000	54.0000	54.0000	54.0000	54.0000	54.0000
PD00347	3549.0000	3550.5238	3552.3333	3552.5909	3554.5714	3556.2273	3564.0000	3574.8182
PD00348	4341.0000	4348.9524	4357.9524	4368.3636	4380.0952	4384.0909	4387.9524	4391.7273
PD00353	783.0000	853.7143	817.8571	831.5000	850.4286	864.1818	859.2857	848.0000
PD00360	24.0000	24.0000	24.0000	24.0000	24.0000	24.0000	24.0000	24.0000
PD00361	37.0000	37.0000	37.0000	37.0000	37.0000	37.0000	37.0000	37.0000
PD00364	31.0000	31.0000	31.0000	31.0000	31.0000	31.0000	31.0000	31.0000
PD00365	270.0000	270.0000	270.0000	270.0000	270.0000	270.0000	270.0000	270.0000
PD00369	41.0000	41.0000	41.0000	41.0000	41.0000	41.0000	41.0000	41.0000
PD00406	328.0000	328.0000	328.0000	328.0000	328.0000	328.0000	328.0000	327.6818
PD00413	4.0000	4.0000	3.5238	3.5909	3.8571	3.9091	3.9524	3.9545
PD00423	67.0000	73.9048	68.4286	67.4545	71.3333	76.8636	84.2381	94.7273
PD00436	7.0000	7.0000	7.0000	7.0000	7.0000	7.0000	7.0000	7.0000
PD00440	564.0000	564.0000	564.9048	565.1364	565.0000	565.0000	565.0000	565.0000
PD00444	96.0000	96.0000	96.0000	96.0000	96.0000	96.0000	96.0000	96.0000
PD00474	8.0000	8.0000	8.0000	8.0000	8.0000	8.0000	8.0000	8.0000
PD00519	0.0000	0.0952	0.0000	0.0000	0.0000	0.0000	0.0000	0.0000
PD00521	308.0000	308.0000	308.0000	308.0000	308.0000	308.0000	308.0000	308.0000
PD00763	107.0000	107.0000	107.0000	107.0000	107.0000	107.0000	107.0000	107.0000
PD00967	0.0000	0.0000	0.0000	0.0000	0.0000	0.0000	0.0000	0.0000
PD00969	27.0000	27.0000	27.0000	27.0000	27.0000	27.0000	27.0000	27.0000
PD01103	56.0000	56.0000	56.0000	56.0000	56.0000	56.0000	56.0000	56.0000
PD01196	137.0000	137.0000	137.0000	137.0000	137.0000	137.0000	137.0000	137.0000
PD01343	776.0000	776.0000	776.0000	776.0000	776.0000	776.0000	776.0000	776.0000
PD01352	61.0000	61.0000	61.0000	61.0000	61.0000	61.0000	61.0000	61.0000
PD01379	142.0000	142.0000	142.0000	141.3636	145.3810	149.0909	155.2381	162.3636
PD01520	22.0000	21.5238	21.9048	22.5909	23.3333	23.3636	23.8095	24.3182
PD01896	56.0000	56.0000	56.0000	56.0000	56.0000	56.0000	56.0000	56.0000
PD02198	112.0000	112.0000	112.0000	112.0000	112.0000	112.0000	112.0000	112.0000
PD02233	19.0000	19.0000	19.0000	19.0000	19.0000	19.0000	19.0000	19.0000
PD02850	10.0000	10.0000	10.0000	10.0000	10.0000	10.0000	10.0000	10.0000
PD02936	11.0000	11.0000	11.0000	11.0000	11.0000	11.0000	11.0000	11.0000
PD03028	83.0000	83.0000	83.0000	83.0000	83.0000	83.0000	83.0000	83.0000
PD03254	64.0000	64.0000	64.0000	64.0000	64.0000	64.0000	64.0000	64.0000
PD03270	264.0000	264.0000	263.6190	263.0000	263.0000	263.0000	263.2381	265.7727
PD03292	0.0000	0.0000	0.0000	0.0000	0.0000	0.0000	0.0000	0.0000
PD03585	4.0000	3.8571	3.5714	4.0000	4.3333	4.1818	4.5714	4.7727
PD03695	1520.0000	1514.8095	1502.1905	1489.0000	1480.2857	1472.2727	1471.7143	1468.0455
PD03831	1.0000	0.2857	0.2381	0.0455	0.1429	0.0455	0.0000	0.0909
PD03867	29.0000	29.0000	29.0000	29.0000	29.0000	29.0000	29.0000	29.0000
PD03938	2.0000	0.3810	0.2857	0.2727	0.2857	0.2727	0.4762	0.1818
PD04028	42.0000	43.5238	42.8571	42.9091	42.3810	42.7273	41.4286	41.0909
PD04032	128.0000	146.3333	102.4762	104.0455	114.0000	128.2727	138.8571	150.5455
PD04099	4.0000	4.7619	4.7143	4.8182	4.8571	4.5909	4.9048	4.6364
PD04132	42.0000	42.0000	42.0000	42.0000	42.0000	42.0000	42.0000	42.0000
PD04413	104.0000	104.0000	104.0000	104.0000	104.0000	104.0000	104.0000	104.0000
PD04418	606.0000	609.9048	617.4286	625.9545	631.8571	635.8182	638.8571	641.6818
PDXA-MONOMER	124.0000	124.8571	125.0000	125.0000	125.0000	125.0000	125.0000	125.0000
PDXH-MONOMER	526.0000	526.0000	526.0000	526.0000	526.0000	526.1818	529.9048	536.8636
PDXJ-MONOMER	707.0000	707.0000	707.0000	707.0000	707.0000	707.0000	707.0000	707.0000
PDXK-MONOMER	562.0000	562.0000	562.0000	562.0000	562.0000	562.0000	562.0000	565.2727
PDXY-MONOMER	776.0000	776.0000	776.0000	776.0000	776.0000	776.0000	776.0000	776.0000
PEPCARBOX-MONOMER	3531.0000	3531.3333	3534.6190	3535.0000	3535.0000	3535.0000	3535.0000	3535.0000
PEPCARBOXYKIN-MONOMER	914.0000	914.0000	914.0000	914.0000	913.1905	912.6364	911.8095	911.0000
PEPSYNTH-MONOMER	997.0000	1003.6190	1021.7143	1044.8182	1070.9524	1094.0455	1117.2857	1130.0000
PFLACTENZ-MONOMER	184.0000	183.5714	183.0000	183.0000	183.0000	183.0000	183.0000	183.0000
PGAM2-MONOMER	309.0000	309.0000	309.0000	309.0000	308.0476	307.6364	307.0000	307.0000
PGK	11609.0000	11647.2857	11737.8095	11811.5909	11885.0000	11969.9091	12059.8571	12143.9091
PGLUCISOM	2527.0000	2529.6667	2539.3333	2555.2273	2574.1905	2591.0909	2612.1429	2622.0455
PGLUCONDEHYDRAT-MONOMER	29.0000	29.0000	29.0000	29.0000	29.0000	29.0000	28.1905	28.0000
PGLYCDEHYDROG-MONOMER	8850.0000	8880.0476	8937.1429	8995.3182	9055.3333	9128.2727	9202.9524	9261.4091
PGLYCEROLTRANSI-MONOMER	48.0000	48.0000	48.0000	48.0000	48.0000	48.0000	48.0000	48.0000
PGMI-MONOMER	2266.0000	2267.3810	2279.0952	2288.8182	2300.4762	2307.9091	2312.9048	2321.4091
PGPPHOSPHAA-MONOMER	93.0000	93.0000	93.0000	93.0000	93.0000	93.0000	93.0000	93.0000
PGPPHOSPHAB-MONOMER	4.0000	4.0000	4.0000	4.0000	4.0000	3.1364	2.0476	2.0000
PHENDEHYD-MONOMER	51.0000	51.0000	51.0000	51.0000	51.0000	51.0000	51.0000	51.0000
PHENPRODIOLDEHYDROG-MONOMER	25.0000	25.0000	25.0000	25.0000	25.0000	25.0000	25.0000	25.0000
PHENYLPRODIOXY-MONOMER	32.0000	32.0000	32.0000	32.0000	32.0000	32.0000	32.0000	32.0000
PHEP-MONOMER	63.0000	63.0000	63.0000	63.0000	63.0000	63.0000	63.0000	63.0000
PHES-MONOMER	1503.0000	1503.0000	1503.0000	1503.0000	1503.0000	1503.0000	1503.0000	1503.0000
PHET-MONOMER	1397.0000	1397.0000	1397.0000	1397.0000	1397.0000	1397.0000	1397.0000	1397.0000
PHNC-MONOMER	1.0000	1.0000	1.0000	1.0000	1.0000	1.0000	1.0000	1.0000
PHND-MONOMER	5.0000	5.0000	5.0000	5.0000	5.0000	5.0000	5.0000	5.0000
PHNK-MONOMER	2.0000	2.0000	2.0000	2.0000	2.0000	2.0000	2.0000	2.0000
PHNL-MONOMER	14.0000	14.0000	14.0000	14.0000	14.0000	14.0000	14.0000	14.0000
PHOB-MONOMER	19.0000	19.0000	19.0000	19.0000	19.0000	19.0000	19.0000	19.0000
PHOP-MONOMER	379.0000	371.0000	370.8095	372.4545	372.3333	372.0909	372.3810	376.0000
PHOQ-MONOMER	22.0000	23.3333	23.2381	22.9091	22.9524	23.0000	23.1429	23.6818
PHOR-MONOMER	1.0000	1.0000	1.0000	1.0000	1.0000	1.0000	1.0000	1.0000
PHOSACETYLTRANS-MONOMER	887.0000	891.3333	905.9048	916.6364	920.0476	930.6818	936.0000	940.7727
PHOSGLUCOSAMINEMUT-MONOMER	609.0000	609.0000	609.0000	609.0000	609.0000	609.0000	609.0000	609.0000
PHOSMANMUT-MONOMER	4.0000	4.0000	4.0000	4.0000	4.0000	4.0000	4.0000	4.0000
PHOSNACMURPENTATRANS-MONOMER	68.0000	68.0000	68.0000	68.0000	68.0000	68.0000	68.0000	68.0000
PHOSPHAGLYPSYN-MONOMER	258.0000	258.0000	258.0000	258.0000	258.0000	258.0000	258.0000	258.0000
PHOSPHASERSYN-MONOMER	214.0000	215.3810	216.8095	219.9091	221.7619	228.3636	231.7143	237.7273
PHOSPHOGLUCMUT-MONOMER	806.0000	807.7143	810.6667	816.2727	819.4286	823.2727	829.4286	831.0000
PITA-MONOMER	114.0000	114.0000	114.0000	113.4545	111.1429	111.0000	111.0000	111.0000
PITB-MONOMER	4.0000	4.0000	4.0000	4.0000	4.0000	4.0000	4.0000	4.0000
PKI-MONOMER	5684.0000	5699.1905	5736.0952	5768.0455	5798.6667	5844.5909	5898.6190	5939.2273
PKII-MONOMER	1206.0000	1206.0000	1206.0000	1206.0000	1206.0000	1206.0000	1206.0000	1206.0000
PNTA-MONOMER	2184.0000	2196.5714	2218.4762	2233.0909	2247.2381	2267.6364	2291.8095	2317.6818
PNTB-MONOMER	1337.0000	1344.6667	1355.4286	1367.7727	1378.8095	1389.7727	1400.8095	1413.5455
PNUC-MONOMER	261.0000	262.3810	263.9524	266.1818	267.9524	268.0000	268.0000	268.0000
PORPHOBILSYNTH-MONOMER	465.0000	465.0000	465.0000	465.0000	465.0000	465.0000	465.0952	476.4091
POTA-MONOMER	192.0000	192.0000	192.0000	192.0000	192.0000	192.0000	192.0000	192.0000
POTB-MONOMER	91.0000	91.0000	91.0000	91.0000	91.0000	91.0000	91.0000	91.0000
POTC-MONOMER	72.0000	72.0000	72.0000	72.0000	72.0000	72.0000	72.0000	72.0000
POTD-MONOMER	1801.0000	1800.4762	1798.0000	1795.0455	1795.0000	1794.6364	1793.0476	1792.8636
POTE-MONOMER	2.0000	2.0000	2.0000	2.0000	2.0000	2.0000	2.0000	2.0000
POTF-MONOMER	169.0000	169.0000	169.0000	169.0000	169.0000	169.0000	169.0000	168.1364
POTG-MONOMER	50.0000	50.0000	50.0000	50.0000	50.0000	50.0000	50.0000	50.0000
POTH-MONOMER	114.0000	114.0000	114.0000	114.0000	114.0000	114.0000	114.0000	114.0000
POTI-MONOMER	117.0000	117.0000	117.0000	117.0000	117.0000	117.0000	117.0000	117.0000
PPENTOMUT-MONOMER	154.0000	154.0000	154.0000	154.0000	154.0000	154.0000	153.3333	153.0000
PPK-MONOMER	141.0000	141.1429	142.0000	142.0000	142.0000	142.0000	142.0000	142.0000
PPPGPPHYDRO-MONOMER	68.0000	69.0952	70.0000	70.4545	71.0000	71.0000	71.0000	71.0000
PPX-MONOMER	210.0000	211.0952	213.0000	213.0000	213.0000	213.0000	213.0000	213.0000
PRAI-IGPS	518.0000	519.6190	522.5238	525.8636	528.8095	536.4091	545.6667	553.3182
PRIBFAICARPISOM-MONOMER	372.0000	372.7619	376.1905	380.2727	383.1905	386.5000	387.0000	385.3182
PROP-MONOMER	113.0000	113.0000	113.0000	113.0000	113.0000	113.0000	114.6667	117.0909
PROPKIN-MONOMER	14.0000	14.0000	14.0000	14.0000	14.0000	14.0000	14.0000	14.0000
PROS-MONOMER	1552.0000	1553.1429	1556.5238	1564.5909	1573.5238	1582.9091	1589.7143	1597.9545
PROTEIN-CHEA	2233.0000	2234.5238	2238.8095	2242.8636	2245.7143	2251.0909	2255.3810	2261.3636
PROTEIN-NRI	86.0000	86.0000	86.0000	86.0000	86.0000	86.0000	87.0000	89.8636
PROTEIN-NRII	34.0000	34.0000	34.0000	34.0000	34.0000	34.8636	35.3333	36.0000
PROTEIN-PII	1527.0000	1532.9048	1541.1905	1552.6818	1565.8095	1576.6364	1587.8571	1604.3182
PROTEIN-PII2	25.0000	25.0000	25.0000	25.0000	25.0000	25.0000	25.0000	25.0000
PROTOHEME-FERROCHELAT-MONOMER	77.0000	77.0000	77.0000	76.0909	75.5238	75.0000	75.0000	75.0000
PROTOPORGENOXI-MONOMER	194.0000	194.0000	194.0000	194.0000	194.0000	194.0000	194.0000	194.0000
PROV-MONOMER	42.0000	41.2857	41.0000	41.0000	41.0000	41.0000	41.0000	41.0000
PROW-MONOMER	22.0000	22.0000	22.0000	22.0000	22.0000	22.0000	22.0000	22.0000
PROX-MONOMER	206.0000	210.3810	220.7619	228.8636	236.7143	249.5455	260.1905	273.8182
PROY-MONOMER	80.0000	80.0000	79.5714	79.0000	79.0000	79.0000	79.0000	79.0000
PRPPAMIDOTRANS-MONOMER	672.0000	674.8095	678.5714	679.0000	679.0000	679.0000	679.0000	679.0000
PRPPSYN-MONOMER	2956.0000	2956.0000	2956.0000	2956.0000	2956.0000	2956.0000	2957.9048	2963.1364
PSD-MONOMER	286.0000	286.0000	286.0000	286.0000	286.0000	286.0000	286.0000	286.0000
PSERPHOSPHA-MONOMER	53.0000	53.0000	53.0000	53.0000	52.8571	52.0000	52.0000	52.0000
PSERTRANSAM-MONOMER	6737.0000	6746.5238	6766.9524	6786.5455	6810.6667	6834.4545	6855.0476	6870.6818
PSTA-MONOMER	39.0000	39.0000	39.0000	39.0000	39.0000	39.0000	39.0000	39.0000
PSTB-MONOMER	274.0000	274.0000	273.0476	272.5000	271.7619	271.0000	271.0000	271.0000
PSTC-MONOMER	33.0000	33.0000	33.0000	33.0000	33.0000	33.0000	33.0000	33.0000
PSTS-MONOMER	176.0000	178.6667	183.0476	186.5000	190.6190	195.5000	200.5714	202.5000
PTSG-MONOMER	3954.0000	3959.0476	3978.6667	4000.9545	4014.6667	4026.7273	4033.9524	4043.9545
PTSH-MONOMER	13247.0000	13271.1905	13321.2381	13378.9091	13459.0000	13521.3182	13572.4286	13628.9091
PTSI-MONOMER	7679.0000	7690.0476	7717.0952	7750.3182	7788.8095	7827.0000	7870.4762	7903.9091
PURE-MONOMER	815.0000	815.0000	815.0000	815.0000	815.0000	815.0000	815.0000	815.0000
PURK-MONOMER	584.0000	585.5714	586.0000	586.0000	586.0000	586.0000	586.0000	586.0000
PUTA-MONOMER	13.0000	14.8095	13.9524	13.5455	13.7619	13.4545	13.9524	14.4545
PUTP-MONOMER	79.0000	79.0000	79.0000	79.0000	79.0000	79.0000	79.0000	79.0000
PYRROLINECARBREDUCT-MONOMER	506.0000	506.0000	506.0000	506.0000	506.0000	506.0000	506.0000	506.0000
PYRUVFORMLY-MONOMER	4893.0000	4902.5238	4920.5714	4934.6364	4950.4286	4968.5455	4976.4762	4984.5909
PYRUVOXID-MONOMER	206.0000	206.0000	206.0000	206.0000	206.0000	206.0000	206.0000	206.0000
QOR-MONOMER	170.0000	170.0000	170.0000	170.0000	170.0000	170.0000	170.0000	170.0000
QUINOLINATE-SYNTHA-MONOMER	593.0000	595.8095	601.0000	610.2273	616.5238	618.0000	618.0000	618.0000
QUINOPRIBOTRANS-MONOMER	643.0000	643.0000	643.0000	643.0000	643.0000	643.0000	643.0000	645.3636
RBSA-MONOMER	34.0000	34.0000	34.0000	34.0000	34.0000	34.0000	34.0000	34.0000
RBSB-MONOMER	213.0000	213.0000	213.0000	212.1818	212.9524	214.1364	218.0476	222.0455
RBSC-MONOMER	32.0000	32.0000	32.0000	32.0000	32.0000	32.0000	32.0000	32.0000
RCSB-MONOMER	448.0000	450.0476	460.3810	464.5000	471.2857	474.7273	482.9048	490.1818
RCSC-MONOMER	54.0000	54.0000	53.8571	53.0000	53.0000	53.0000	53.0000	53.7727
RCSF-MONOMER	836.0000	843.0476	849.7619	857.7727	867.3810	880.2273	892.4762	900.9545
RED-GLUTAREDOXIN	145.0000	145.0000	145.0000	145.0000	145.0000	145.0000	145.0000	145.0000
RED-THIOREDOXIN-MONOMER	7889.0000	7900.2381	7940.2381	7970.0909	7997.3333	8021.5455	8060.3333	8103.8636
RED-THIOREDOXIN2-MONOMER	511.0000	513.4762	523.9048	529.0000	529.0000	529.0000	528.5238	528.0000
RELA-MONOMER	97.0000	97.7143	99.0000	100.2273	101.0000	101.0000	101.0000	101.0000
RFBX-MONOMER	128.0000	128.0000	128.0000	128.9091	129.9524	130.3636	131.2381	132.0455
RFFTRANS-MONOMER	133.0000	133.0000	133.0000	133.0000	133.0000	133.0000	133.0000	133.0000
RHAMNISOM-MONOMER	8.0000	8.0000	8.0000	8.0000	8.0000	8.0000	8.0000	8.0000
RHAMNULOKIN-MONOMER	7.0000	7.0000	7.0000	7.0000	7.0000	7.0000	7.0000	7.0000
RHAMNULPALDOL-MONOMER	8.0000	8.0000	8.0000	8.0000	8.0000	8.0000	8.0000	8.0000
RHAT-MONOMER	15.0000	15.0000	15.0000	15.0000	15.0000	15.0000	15.0000	15.0000
RHTB-MONOMER	81.0000	81.0000	81.0000	81.0000	81.0000	81.0000	81.0000	81.0000
RHTC-MONOMER	128.0000	128.0000	128.0000	128.0000	128.0000	128.0000	128.0000	128.0000
RIB5PISOMA-MONOMER	1263.0000	1263.0000	1263.0000	1263.0000	1263.0000	1263.0000	1263.0000	1263.0000
RIB5PISOMB-MONOMER	14.0000	14.0000	14.0000	14.0000	14.0000	14.0000	14.0000	14.0000
RIBAZOLEPHOSPHAT-MONOMER	39.0000	39.0000	39.0000	39.5909	40.0000	40.0000	40.0000	40.0000
RIBF-MONOMER	131.0000	131.0000	130.1905	130.0000	130.0000	130.0000	130.0000	130.0000
RIBOFLAVIN-SYN-MONOMER	1145.0000	1146.6667	1154.8571	1165.4091	1177.8095	1189.4091	1195.7619	1207.3636
RIBOFLAVINSYNDEAM-MONOMER	99.0000	99.0000	99.0000	99.0000	99.0000	99.0000	99.0000	99.3182
RIBOKIN-MONOMER	133.0000	133.0000	133.0000	133.0000	133.0000	133.0000	133.0000	133.0000
RIBONUCLEOSIDE-TRIP-REDUCT-MONOMER	11.0000	11.0000	11.0000	11.0000	11.0000	11.0000	11.0000	11.0000
RIBULOKIN-MONOMER	9.0000	9.0000	9.0000	9.0000	9.0000	9.0000	9.0000	9.0000
RIBULP3EPIM-MONOMER	507.0000	507.0000	507.0000	507.0000	505.8571	505.0000	505.0000	505.0000
RIBULPEPIM-MONOMER	9.0000	9.0000	9.0000	9.0000	9.0000	9.0000	9.0000	9.0000
RNTRACTIV-MONOMER	19.0000	19.0000	19.0000	19.0000	19.0000	19.0000	19.0000	19.0000
RPOA-MONOMER	27.0000	27.9524	30.3333	39.2273	41.0000	46.0909	50.9524	58.0909
RPOB-MONOMER	2849.0000	3547.1905	3601.3810	3620.3182	3636.6190	3657.6364	3672.8095	3693.3182
RPOC-MONOMER	2716.0000	3406.5714	3456.1429	3474.5000	3488.2381	3504.1818	3520.1905	3531.5455
RPOD-MONOMER	144.0000	144.0000	142.5714	142.0000	142.0000	141.9091	141.0000	140.4091
RPOE-MONOMER	67.0000	67.0000	67.0000	67.0000	67.0000	67.0000	67.0000	67.0000
RPOH-MONOMER	313.0000	313.5238	315.9524	321.3636	327.6667	332.7727	335.6667	338.0909
RPON-MONOMER	153.0000	153.3810	154.6190	155.0000	155.0000	155.0000	156.5238	157.0000
RPOS-MONOMER	212.0000	209.3333	208.1905	210.1818	214.2857	216.2273	215.1905	212.2727
RSTA-MONOMER	293.0000	295.3333	298.0000	299.8636	305.2857	307.0000	307.0000	306.3182
RSTB-MONOMER	124.0000	125.2381	126.0000	126.0000	126.6190	127.0000	127.0000	127.0000
S-ADENMETSYN-MONOMER	3915.0000	3944.2857	4004.3333	4060.7273	4128.7143	4182.0909	4233.1905	4265.1818
SAICARSYN-MONOMER	3739.0000	3739.4286	3740.0000	3740.0000	3740.0000	3740.0000	3740.0000	3740.0000
SAPA-MONOMER	94.0000	94.0000	94.0000	94.0000	94.0000	94.0000	94.0000	94.0000
SAPB-MONOMER	30.0000	30.0000	30.0000	30.0000	30.0000	30.0000	30.0000	30.0000
SAPC-MONOMER	67.0000	67.0000	67.0000	67.0000	67.0000	67.0000	67.0000	67.0000
SAPD-MONOMER	49.0000	49.0000	49.0000	49.0000	49.0000	49.0000	49.0000	49.0000
SAPF-MONOMER	74.0000	74.0000	74.0000	74.0000	74.0000	74.0000	74.0000	74.0000
SARCOX-MONOMER	386.0000	386.0000	385.7143	385.0000	385.0000	385.0000	384.4762	383.0000
SBMA-MONOMER	37.0000	37.0000	37.0000	37.0000	37.0000	37.0000	37.0000	37.0000
SBP-MONOMER	32.0000	32.0000	32.0000	32.0000	32.0000	32.0000	32.0000	32.0000
SDAC-MONOMER	113.0000	113.0000	113.0000	113.0000	113.0000	113.0000	113.0000	113.0000
SDH-FE-S	1555.0000	1561.4762	1575.2857	1590.9091	1603.7619	1611.8636	1620.7619	1627.0455
SDH-FLAVO	299.0000	300.5238	304.8095	315.2727	319.8571	325.9545	329.4286	333.4545
SDH-MEMB1	1521.0000	1523.8095	1532.5714	1541.7273	1554.0476	1558.0000	1565.0000	1571.4091
SDH-MEMB2	859.0000	863.0476	867.7619	874.9091	882.5238	888.9091	894.1905	900.2273
SECA	964.0000	968.5714	977.7143	988.0000	994.1905	996.1364	1001.3333	1006.4091
SECB	3253.0000	3253.0000	3253.0000	3253.0000	3253.0000	3253.0000	3253.0000	3253.0000
SECD	210.0000	210.0000	210.0000	210.0000	210.0000	210.0000	210.0000	210.0000
SECE	1065.0000	1066.0476	1072.1905	1078.5909	1088.0000	1096.5455	1107.9524	1118.5909
SECF	290.0000	290.0000	290.0000	290.0000	290.0000	290.0000	290.0000	290.0000
SECG	957.0000	958.6190	959.2381	961.3182	962.9524	967.2273	971.3810	974.9545
SECY	478.0000	478.0000	479.2857	482.0000	482.0000	484.2727	486.8571	488.0000
SERINE-O-ACETTRAN-MONOMER	187.0000	187.0000	187.0000	187.0000	187.0000	187.0000	187.0000	187.0000
SERS-MONOMER	2629.0000	2632.7619	2641.9048	2652.9091	2661.4762	2678.5000	2702.0476	2725.5000
SFUA-MONOMER	131.0000	131.0000	131.0000	131.0000	131.0000	131.0000	131.0000	131.0000
SFUB-MONOMER	19.0000	19.0000	19.0000	19.0000	19.0000	19.0000	19.0000	19.0000
SFUC-MONOMER	77.0000	77.0000	77.0000	77.0000	77.0000	77.0000	77.0000	77.0000
SGAT-MONOMER	12.0000	12.0000	12.0000	12.0000	12.0000	12.0000	12.0000	12.0000
SGCA-MONOMER	36.0000	36.0000	36.0000	36.0000	36.0000	36.0000	36.0000	36.0000
SGCB-MONOMER	37.0000	37.0000	37.0000	37.0000	37.0000	37.0000	37.0000	37.0000
SGCC-MONOMER	32.0000	32.0000	32.0000	32.0000	32.0000	32.0000	32.0000	32.0000
SHIA-MONOMER	390.0000	391.5714	394.8095	397.5455	400.5714	401.5000	403.4286	406.2273
SIROHEMESYN-MONOMER	13.0000	13.0000	13.0000	13.0000	13.0000	13.0000	13.0000	13.0000
SMALLILVM-MONOMER	145.0000	145.0000	145.0000	145.0000	145.0000	145.0000	145.0000	145.0000
SMALLILVN-MONOMER	899.0000	899.0000	899.0000	899.4091	909.6190	920.6364	931.0476	945.4091
SORB6PDEHYDROG-MONOMER	62.0000	62.0000	62.0000	62.0000	62.0000	62.0000	62.0000	62.0000
SPED-MONOMER	1513.0000	1508.4762	1501.5714	1496.9091	1493.6667	1489.3636	1487.7619	1485.0000
SPERMACTRAN-MONOMER	1361.0000	1361.0000	1361.0000	1361.0000	1361.0000	1367.8182	1386.2381	1389.0455
SPERMIDINESYN-MONOMER	1328.0000	1329.0476	1332.8571	1335.6818	1342.0000	1345.4091	1351.1429	1354.9091
SPOT-MONOMER	28.0000	28.0000	29.3810	31.0000	31.0000	31.0000	31.0000	31.5909
SUCCARGDIHYDRO-MONOMER	15.0000	15.0000	15.0000	15.0000	15.0000	15.0000	15.0000	15.0000
SUCCCOASYN-ALPHA	4231.0000	4242.5238	4273.5238	4302.6818	4334.2381	4370.7273	4405.6190	4448.0909
SUCCCOASYN-BETA	1740.0000	1745.0952	1757.5714	1771.0455	1780.5714	1790.7273	1802.4286	1818.4545
SUCCGLUALDDEHYD-MONOMER	11.0000	10.9048	10.0000	10.0000	10.0000	10.0000	10.0000	10.0000
SUCCGLUDESUCC-MONOMER	15.0000	15.0000	15.0000	15.0000	15.0000	15.0000	15.0000	15.0000
SUCCORNTRANSAM-MONOMER	21.0000	21.0000	21.0000	21.0000	21.0000	21.0000	21.0000	21.0000
SUCCSEMIALDDEHYDROG-MONOMER	66.0000	69.8571	76.9524	82.6364	84.0000	84.0000	84.0000	84.0000
SUGE-MONOMER	20.0000	20.0000	20.0000	20.0000	20.0000	20.0000	20.0000	20.0000
SUPEROX-DISMUTFE-MONOMER	71.0000	75.9524	89.2857	102.8636	114.3333	126.7273	139.2381	156.2727
SUPEROX-DISMUTMN-MONOMER	17306.0000	17352.5238	17451.7619	17544.3636	17630.0000	17729.8636	17835.0952	17932.1364
TAGAALDOL1-MONOMER	3.0000	3.0000	3.0000	3.0000	3.0000	3.0000	3.0000	3.0000
TAGAALDOL2-MONOMER	4870.0000	4880.7619	4903.3333	4924.4091	4943.2381	4957.2727	4973.8571	4989.0455
TAP-MONOMER	1898.0000	1899.9048	1902.8095	1908.4545	1913.2381	1922.6364	1938.2857	1947.9091
TAR-MONOMER	2092.0000	2093.8571	2099.4286	2105.0909	2120.0476	2135.3636	2154.0476	2162.0455
TATA	3625.0000	3633.3810	3655.9524	3688.4091	3719.5238	3757.5455	3792.0000	3816.3636
TAUA-MONOMER	7.0000	7.0000	7.0000	7.0000	7.0000	7.0000	7.0000	7.0000
TAUB-MONOMER	14.0000	14.0000	14.0000	14.0000	14.0000	14.0000	14.0000	14.0000
TAUC-MONOMER	3.0000	3.0000	3.0000	3.0000	3.0000	3.0000	3.0000	3.0000
TDCC-MONOMER	14.0000	14.0000	14.0000	14.0000	14.0000	14.0000	14.0000	14.0000
TDK-MONOMER	236.0000	236.0000	236.0000	236.0000	236.0000	236.0000	236.0000	236.0000
TDPFUCACTRANS-MONOMER	19.0000	19.0000	19.0000	19.0000	19.0000	19.0000	19.0000	19.0000
TEHA-MONOMER	112.0000	112.0476	113.6190	117.6364	119.1429	120.8182	124.0476	125.8636
TETRAACYLDISACC4KIN-MONOMER	26.0000	26.0000	26.0000	26.0000	26.0000	26.0000	26.0000	26.0000
THI-P-KIN-MONOMER	113.0000	113.0000	113.0000	113.0000	113.0000	113.0000	113.0000	113.0000
THIC-MONOMER	1888.0000	1889.1905	1892.2857	1895.2273	1900.8571	1904.8182	1912.6667	1915.7727
THIE-MONOMER	1838.0000	1837.5238	1838.0952	1839.9545	1843.3333	1845.6364	1848.6190	1853.5909
THIF-MONOMER	1931.0000	1931.0952	1933.8571	1940.5455	1946.1429	1951.3182	1955.8095	1964.2727
THIG-MONOMER	937.0000	937.0000	937.0000	937.1364	938.0000	939.4545	942.9524	944.1818
THIH-MONOMER	1904.0000	1904.0000	1902.8095	1901.5455	1903.1429	1910.2727	1915.6667	1916.0000
THII-MONOMER	477.0000	477.0000	477.2381	479.6364	485.8095	496.6818	511.3333	521.2273
THIKIN-MONOMER	33.0000	33.0000	33.0476	34.9091	35.7619	37.1818	39.2857	40.5000
THIOESTERI-MONOMER	377.0000	377.0000	377.0000	377.0000	377.0000	377.0000	377.0000	377.0000
THIOESTERII-MONOMER	202.0000	202.0000	202.0000	202.0000	202.0000	202.0000	202.0000	202.0000
THIOREDOXIN-REDUCT-NADPH-MONOMER	1625.0000	1625.0000	1625.0000	1625.0000	1625.0000	1625.0000	1625.0000	1625.0000
THIS-MONOMER	1833.0000	1833.0000	1834.7143	1840.3636	1843.3810	1847.1818	1851.7143	1857.5455
THREDEHYDCAT-MONOMER	11.0000	11.0000	11.0000	11.0000	11.0000	11.0000	11.0000	11.0000
THREDEHYDSYN-MONOMER	164.0000	164.0000	164.0000	164.0000	164.0000	164.0000	166.3333	173.0455
THREODEHYD-MONOMER	106.0000	106.0000	106.0000	106.0000	106.0000	106.0000	106.0000	106.0000
THRESYN-MONOMER	3390.0000	3390.0000	3390.0000	3390.0000	3394.3810	3402.9091	3426.3333	3467.5000
THRS-MONOMER	3044.0000	3047.7143	3055.6667	3070.5455	3088.6190	3113.7273	3129.3810	3146.9091
THYMIDYLATESYN-MONOMER	725.0000	731.0952	746.4286	754.8182	759.3333	766.9091	775.5714	781.3636
THZ-KIN-MONOMER	392.0000	394.6667	397.5238	400.3636	403.0000	406.0455	409.9048	415.2727
TNAB-MONOMER	23.0000	23.0000	23.0000	23.0000	23.0000	23.0000	23.0000	23.0000
TORA-MONOMER	17.0000	17.0000	17.0000	17.0000	17.0000	17.0000	17.0000	17.0000
TORR-MONOMER	65.0000	65.0000	65.0000	65.0000	65.0000	65.0000	65.0000	65.0000
TORS-MONOMER	20.0000	20.0000	20.0000	20.0000	20.0000	20.0000	20.0000	20.0000
TORT-MONOMER	12.0000	12.0000	12.0000	12.0000	12.0000	12.0000	12.0000	12.0000
TPI-MONOMER	6787.0000	6799.2381	6830.7619	6877.1364	6923.1429	6964.2273	7000.6667	7028.6818
TRANSALDOLA-MONOMER	374.0000	373.7619	373.0000	373.0000	371.4762	370.5909	370.0000	368.7727
TRANSALDOLB-MONOMER	11250.0000	11283.0476	11348.3810	11425.3636	11521.5238	11620.2727	11723.5238	11836.5000
TRANSKETOI-MONOMER	2098.0000	2098.0000	2098.0000	2098.0000	2098.0000	2098.0000	2102.3333	2116.0909
TRANSKETOII-MONOMER	428.0000	428.0000	428.0000	428.0000	428.0000	428.0000	428.0000	428.0000
TRE6PHYDRO-MONOMER	10.0000	10.0000	10.0000	10.0000	10.0000	10.0000	10.0000	10.0000
TREB-MONOMER	12.0000	12.0000	12.0000	12.0000	12.0000	12.0000	12.0000	12.0000
TREHALACYTO-MONOMER	18.0000	18.0000	18.0000	18.0000	18.0000	18.0000	18.0000	18.0000
TREHALAPERI-MONOMER	33.0000	33.0000	33.0000	33.0000	33.0000	33.0000	33.0000	33.0000
TREHALOSE6PSYN-MONOMER	177.0000	177.0000	177.0000	176.7273	176.0000	175.7273	175.0000	175.0000
TREHALOSEPHOSPHASYN-MONOMER	189.0000	189.0000	189.0000	189.0000	189.0000	189.0000	189.0000	189.0000
TRG-MONOMER	283.0000	285.3333	289.9048	292.9091	297.9524	301.5000	307.2857	318.5000
TRKA-MONOMER	82.0000	82.0000	82.0000	82.0000	82.0000	82.0000	82.0000	82.0000
TRKG-MONOMER	24.0000	24.0000	24.0000	24.0000	24.0000	24.0000	24.0000	24.0000
TRKH-MONOMER	53.0000	53.0000	53.0000	53.0000	53.0000	53.0000	53.0000	53.0000
TRPS-MONOMER	1391.0000	1391.0000	1391.0000	1392.0909	1400.7143	1408.4091	1417.9048	1428.1818
TRYPSYN-APROTEIN	1533.0000	1533.0000	1533.9048	1539.5000	1548.0476	1558.2273	1565.5238	1578.4091
TRYPSYN-BPROTEIN	1481.0000	1481.2381	1487.7619	1496.2727	1504.2857	1513.3636	1525.7143	1539.7273
TRYPTOPHAN-MONOMER	28.0000	28.0000	28.0000	28.0000	28.0000	28.0000	28.0000	28.0000
TSA-REDUCT-MONOMER	20.0000	20.0000	20.0000	20.0000	20.0000	20.0000	20.0000	20.0000
TSR-MONOMER	2237.0000	2246.0476	2259.4762	2271.5909	2288.1429	2306.6818	2315.4762	2322.6818
TTDA-MONOMER	4.0000	4.0000	4.0000	4.0000	4.0000	4.0000	4.0000	4.0000
TTDB-MONOMER	8.0000	8.0000	8.0000	8.0000	8.0000	8.0000	8.0000	8.0000
TYRB-MONOMER	172.0000	172.0000	172.0000	172.0000	172.0000	172.0000	172.0000	172.0000
TYRP-MONOMER	32.0000	32.0000	32.0000	32.0000	32.0000	32.0000	32.0000	32.0000
TYRS-MONOMER	900.0000	900.0000	900.0000	900.0000	900.0000	900.0000	900.0000	904.5909
UBIX-MONOMER	55.0000	55.0000	55.0000	55.0000	55.0000	55.0000	55.0000	55.0000
UDHA-MONOMER	400.0000	400.0000	400.0000	400.0000	400.0000	400.0000	400.0000	400.0000
UDK-MONOMER	349.0000	349.0000	348.1429	348.0000	348.0000	346.3636	346.0000	346.0000
UDP-NACMUR-ALA-LIG-MONOMER	243.0000	243.9048	244.8095	244.0000	244.0000	244.0000	244.0000	244.0000
UDP-NACMURALA-GLU-LIG-MONOMER	1.0000	4.0000	4.1905	3.7273	6.5714	8.2273	11.2857	9.2273
UDP-NACMURALGLDAPAALIG-MONOMER	160.0000	160.0000	160.0000	160.0000	160.0000	159.5000	159.0000	159.0000
UDP-NACMURALGLDAPLIG-MONOMER	138.0000	138.0000	138.0000	138.0000	138.0000	138.0000	138.0000	138.0000
UDPACYLGLCNACDEACETYL-MONOMER	343.0000	342.2381	345.5238	347.3182	346.6667	347.0455	348.1905	349.6364
UDPGLCNACEPIM-MONOMER	109.0000	109.0000	109.0000	109.0000	109.0000	109.0000	109.0000	110.6364
UDPGLUCEPIM-MONOMER	219.0000	219.0000	219.0000	219.0000	219.0000	219.0000	219.0000	219.0000
UDPHYDROXYMYRGLUCOSAMNACETYLTRANS-MONO	2340.0000	2344.1905	2349.0476	2357.6364	2370.7619	2385.3182	2392.9048	2399.1818
UDPMANACATRANS-MONOMER	105.0000	105.0000	105.0000	105.0000	105.0000	105.0000	105.0000	105.0000
UDPMANNACADEHYDROG-MONOMER	79.0000	79.0000	79.0000	79.0000	79.0000	79.0000	79.0000	79.0000
UDPNACETYLGLUCOSAMACYLTRANS-MONOMER	1321.0000	1321.3810	1324.5714	1327.6364	1330.7143	1336.4091	1340.3333	1343.1364
UDPNACETYLGLUCOSAMENOLPYRTRANS-MONOMER	761.0000	762.8571	768.9524	773.2273	779.0952	782.7273	788.3810	794.5909
UDPNACETYLMURAMATEDEHYDROG-MONOMER	116.0000	116.0000	116.0000	116.0000	116.0000	116.0000	116.0000	116.0000
UGD-MONOMER	16.0000	16.7619	17.0000	17.0000	17.0000	17.0000	17.0000	17.0000
UGPA-MONOMER	121.0000	121.0000	121.0000	121.0000	121.0000	121.0000	121.0000	121.0000
UGPB-MONOMER	82.0000	82.0000	82.0000	82.0000	82.0000	81.2273	81.0000	81.0000
UGPC-MONOMER	47.0000	47.0000	47.0000	47.0000	47.0000	47.0000	47.0000	47.0000
UGPE-MONOMER	116.0000	116.0000	116.0000	116.0000	116.0000	116.0000	116.0000	116.0000
UHPA-MONOMER	16.0000	16.0000	16.0000	16.0000	16.0000	16.0000	16.0000	16.5909
UHPB-MONOMER	16.0000	16.0000	15.4286	15.0000	15.0000	15.0000	15.7143	17.8182
UHPC-MONOMER	38.0000	38.0000	38.0000	38.0000	38.0000	38.0000	38.0000	38.0000
UHPT-MONOMER	0.0000	0.0000	0.0000	0.0000	0.0000	0.0000	0.0000	0.0000
UIDB-MONOMER	6.0000	6.0000	6.0000	6.0000	6.0000	6.0000	6.0000	6.0000
UMPKI-MONOMER	952.0000	952.0000	952.0000	952.0000	952.0000	952.0000	952.0000	952.0000
UPPSYN-MONOMER	133.0000	133.0000	133.0000	133.0000	133.0000	133.0000	134.0952	135.0000
URAA-MONOMER	371.0000	373.6667	377.6667	381.6364	387.5714	388.0000	388.0000	388.0000
URACIL-PRIBOSYLTRANS-MONOMER	2012.0000	2029.5714	2069.1905	2094.0909	2133.4286	2162.3636	2183.3333	2196.7727
UROGENDECARBOX-MONOMER	329.0000	329.0000	329.0000	329.4545	332.8571	338.7273	346.0476	353.9091
UROGENIIISYN-MONOMER	49.0000	49.0000	49.0000	49.0000	49.0000	49.0000	49.0000	49.5909
URPHOS-MONOMER	119.0000	119.0000	119.0000	119.0000	119.0000	119.0000	119.0000	118.4091
USHA-MONOMER	242.0000	242.0000	242.0000	242.0000	242.0000	242.0000	242.0000	242.0000
UUP-MONOMER	162.0000	162.9524	170.1429	174.3182	175.0000	175.0000	175.0000	175.0000
UXAC-MONOMER	210.0000	210.0000	210.0000	210.0000	210.0000	210.0000	210.0000	210.0000
VALINE-PYRUVATE-AMINOTRANSFER-MONOMER	523.0000	526.4762	530.5714	538.1364	539.9524	543.7273	543.0476	543.0000
VALS-MONOMER	1502.0000	1502.0000	1502.0000	1502.0000	1502.0000	1502.0000	1501.2381	1500.0000
XANTHOSINEPHOSPHORY-MONOMER	2.0000	2.0000	2.0000	2.0000	2.0000	2.0000	2.0000	2.0000
XAPB-MONOMER	9.0000	9.0000	9.0000	9.0000	9.0000	9.0000	9.0000	9.0000
XASA-MONOMER	54.0000	55.7619	57.5714	62.1364	68.0000	72.7727	76.9524	84.2727
XYLE-MONOMER	44.0000	44.0000	44.0000	44.0000	44.0000	44.0000	44.0000	44.0000
XYLF-MONOMER	12.0000	12.0000	12.0000	12.0000	12.0000	12.0000	12.0000	12.0000
XYLG-MONOMER	8.0000	8.0000	8.0000	8.0000	8.0000	8.0000	8.0000	8.0000
XYLH-MONOMER	10.0000	10.0000	10.0000	10.0000	10.0000	10.0000	10.0000	10.0000
XYLISOM-MONOMER	3.0000	3.0000	3.0000	3.0000	3.0000	3.0000	3.0000	3.0000
XYLULOKIN-MONOMER	16.0000	16.0000	16.0000	16.0000	16.0000	16.0000	16.0000	16.0000
YAAJ-MONOMER	24.0000	26.5714	30.0476	32.0000	32.0000	32.0000	32.0000	32.0000
YAAU-MONOMER	7.0000	7.0000	7.0000	7.0000	7.0000	7.0000	7.0000	7.0000
YADG-MONOMER	165.0000	164.0952	164.0000	164.0000	164.0000	164.0000	164.0000	164.0000
YADH-MONOMER	107.0000	107.0000	107.0000	107.0000	107.0000	107.0000	107.0000	107.0000
YADQ-MONOMER	23.0000	23.0000	23.0000	23.0000	23.0000	23.0000	23.0000	23.0000
YAGC-MONOMER	16.0000	16.0000	16.0000	16.0000	16.0000	16.0000	16.0000	16.0000
YBAL-MONOMER	89.0000	89.0000	89.0000	89.0000	89.0000	89.0000	89.0000	89.0000
YBBA-MONOMER	41.0000	41.0000	41.0000	41.0000	41.0000	41.0000	41.0000	41.0000
YBBL-MONOMER	79.0000	79.0000	79.0000	78.7273	76.3810	75.1364	75.0000	75.0000
YBBP-MONOMER	12.0000	12.0000	12.0000	12.0000	12.0000	12.0000	12.0000	12.0000
YBDA-MONOMER	198.0000	198.0000	198.0000	198.0000	198.0000	198.0000	197.6190	197.0000
YBDE-MONOMER	440.0000	441.8095	443.0000	446.1818	449.9524	452.2727	457.1429	461.5909
YBHF-MONOMER	19.0000	19.0000	19.0000	19.0000	19.0000	19.0000	19.0000	19.0000
YBHR-MONOMER	64.0000	64.0000	64.0000	64.0000	64.0000	64.0000	64.0000	64.0000
YBHS-MONOMER	16.0000	16.0000	16.0000	16.0000	16.0000	16.0000	16.0000	16.0000
YCAD-MONOMER	26.0000	26.0000	26.0000	26.0000	26.0000	26.0000	26.0000	26.0000
YCAM	11.0000	11.0000	11.0000	11.0000	11.0000	11.0000	11.0000	11.0000
YCBE-MONOMER	12.0000	12.0000	12.0000	12.0000	12.0000	12.0000	12.0000	12.0000
YCBM-MONOMER	13.0000	13.0000	13.0000	13.0000	13.0000	13.0000	13.0000	13.0000
YCEE-MONOMER	18.0000	18.0000	18.0000	18.0000	18.0000	18.0000	18.0000	18.0000
YCFU-MONOMER	52.0000	53.0952	55.8095	58.4091	61.2857	62.0000	62.0000	62.0000
YCFV-MONOMER	141.0000	141.9524	144.4286	149.0455	155.6667	161.0000	161.0000	161.0000
YCFW-MONOMER	52.0000	52.0000	52.0000	52.0000	52.5238	53.0000	53.0000	53.0000
YCGO-MONOMER	35.0000	35.0000	35.0000	35.0000	35.0000	35.0000	35.0000	35.0000
YCHM-MONOMER	27.0000	27.0000	27.0000	27.0000	27.0000	27.0000	27.0000	27.0000
YCJN-MONOMER	3.0000	3.0000	3.0000	3.0000	3.0000	3.0000	3.0000	3.0000
YCJO-MONOMER	7.0000	7.0000	7.0000	7.0000	7.0000	7.0000	7.0000	7.0000
YCJP-MONOMER	2.0000	2.0000	2.0000	2.0000	2.0000	2.0000	2.0000	2.0000
YDCS-MONOMER	17.0000	17.0000	17.0000	17.0000	17.0000	17.0000	17.0000	17.0000
YDCT-MONOMER	16.0000	16.0000	16.0000	16.0000	16.0000	16.0000	16.0000	16.0000
YDCU-MONOMER	12.0000	12.0000	12.0000	12.0000	12.0000	12.0000	12.0000	12.0000
YDCV-MONOMER	18.0000	18.0000	18.0000	18.0000	18.0000	18.0000	18.0000	18.0000
YDDA-MONOMER	144.0000	144.0000	144.0000	144.0000	144.0000	144.0000	144.0000	143.4545
YDDO-MONOMER	18.0000	18.0000	18.0000	18.0000	18.0000	18.0000	18.0000	18.0000
YDDP-MONOMER	7.0000	7.0000	7.0000	7.0000	7.0000	7.0000	7.0000	7.0000
YDDQ-MONOMER	10.0000	10.0000	10.0000	10.0000	10.0000	10.0000	10.0000	10.0000
YDDR-MONOMER	12.0000	12.0000	12.0000	12.0000	12.0000	12.0000	12.0000	12.0000
YDDS-MONOMER	9.0000	9.0000	9.0000	9.0000	9.0000	9.0000	9.0000	9.0000
YDEA-MONOMER	42.0000	42.0000	42.0000	42.0000	42.0000	42.0000	42.0000	42.0000
YDEF-MONOMER	41.0000	41.0000	41.0000	41.0000	41.0000	41.0000	41.0000	41.0000
YDEX-MONOMER	23.0000	23.0000	23.0000	23.0000	23.0000	23.0000	23.0000	23.0000
YDEY-MONOMER	30.0000	30.0000	30.0000	30.0000	30.0000	30.0000	30.0000	29.1364
YDEZ-MONOMER	27.0000	27.0000	27.0000	27.0000	27.0000	27.0000	27.0000	27.0000
YDHC-MONOMER	28.0000	28.0000	28.0000	28.0000	28.0000	28.0000	28.0000	28.0000
YDHE-MONOMER	64.0000	64.0000	64.0000	63.9545	63.0000	63.0000	63.0000	63.0000
YDJE-MONOMER	3.0000	3.0000	3.0000	3.0000	3.0000	3.0000	3.0000	3.0000
YEAV-MONOMER	3.0000	3.0000	3.0000	3.0000	3.0000	3.0000	3.0000	3.0000
YEEF-MONOMER	397.0000	397.0000	397.0000	397.0000	397.0000	397.0000	397.0000	397.0000
YEEO-MONOMER	13.0000	13.0000	13.0000	13.0000	13.0000	13.0000	13.0000	13.0000
YEHW-MONOMER	35.0000	35.0000	35.0000	35.0000	35.0000	35.0000	35.0000	35.0000
YEHX-MONOMER	44.0000	43.2381	43.0000	43.0000	43.0000	43.0000	43.0000	43.0000
YEHY-MONOMER	48.0000	48.0000	48.0000	48.0000	48.0000	48.0000	48.0000	48.0000
YEHZ-MONOMER	31.0000	31.0000	31.0000	31.0000	31.0000	31.0000	31.0000	31.0000
YEIJ-MONOMER	2.0000	2.0000	2.0000	2.0000	2.0000	2.0000	2.0000	2.0000
YEIM-MONOMER	14.0000	14.0000	14.0000	14.0000	14.0000	14.0000	14.0000	14.0000
YEJA-MONOMER	26.0000	26.9048	29.8571	33.1364	34.0000	34.0000	34.0000	34.0000
YEJB-MONOMER	76.0000	76.2857	81.6190	89.7273	92.0000	92.0000	92.0000	92.0000
YEJE-MONOMER	17.0000	17.0000	17.8095	20.3636	21.0000	21.0000	21.0000	21.0000
YEJF-MONOMER	13.0000	13.0000	13.0000	13.0000	13.0000	13.0000	13.0000	13.0000
YFEP-MONOMER	307.0000	306.7143	307.7143	308.0000	308.0000	310.9545	316.0000	319.5909
YGFO-MONOMER	30.0000	32.4286	33.4762	35.1818	40.4762	45.0000	47.7619	54.1364
YGFU-MONOMER	0.0000	0.0000	0.0000	0.0000	0.0000	0.0000	0.0000	0.0000
YGGA-MONOMER	158.0000	158.0000	158.0000	158.0000	158.0000	158.0000	158.0000	158.0000
YGIS-MONOMER	74.0000	74.0000	74.0000	74.0000	74.0000	74.0000	73.4762	73.0000
YGJE-MONOMER	7.0000	7.0000	7.0000	7.0000	7.0000	7.0000	7.0000	7.0000
YGJI-MONOMER	0.0000	0.0000	0.0000	0.0000	0.0000	0.0000	0.0000	0.0000
YGJU-MONOMER	234.0000	234.0000	234.0000	233.0455	233.0000	231.8182	231.0000	231.0000
YHAO-MONOMER	0.0000	0.0000	0.0000	0.0000	0.0000	0.0000	0.0000	0.0000
YHAU-MONOMER	0.0000	0.0000	0.0000	0.0000	0.0000	0.0000	0.0000	0.0000
YHBG-MONOMER	570.0000	574.1429	581.3333	585.5909	593.4286	599.4545	603.2857	609.5000
YHBN-MONOMER	578.0000	580.1905	584.9524	589.5909	596.1429	600.0455	602.0000	602.5000
YHCL-MONOMER	25.0000	25.0000	25.0000	25.0000	25.0000	25.0000	25.0000	25.0000
YHDX-MONOMER	18.0000	18.0000	18.0000	18.0000	18.0000	18.0000	18.0000	18.0000
YHDY-MONOMER	13.0000	13.0000	13.0000	13.0000	13.0000	13.0000	13.0000	13.0000
YHDZ-MONOMER	20.0000	20.0000	20.0000	19.6364	19.0000	19.0000	19.0000	19.0000
YHES-MONOMER	130.0000	131.8095	136.4762	139.4545	142.4286	144.2273	147.7619	153.3182
YHFC-MONOMER	71.0000	71.0000	71.0000	71.0000	71.0000	71.0000	71.0000	71.0000
YHFM-MONOMER	7.0000	7.0000	7.0000	7.0000	7.0000	7.0000	7.0000	7.0000
YHHJ-MONOMER	81.0000	81.0000	80.5238	80.0000	80.0000	80.0000	80.0000	80.0000
YHHO-MONOMER	52.0000	52.0000	52.0000	52.0000	52.0000	52.0000	52.0000	52.0000
YHHS-MONOMER	31.0000	31.0000	31.0000	31.0000	31.0000	31.0000	31.0000	31.0000
YHIH-MONOMER	55.0000	55.0000	55.0000	55.0000	55.0000	55.0000	55.0000	55.0000
YHIP-MONOMER	19.0000	19.0000	19.0000	19.0000	19.0000	19.0000	19.0000	19.0000
YHIV-MONOMER	18.0000	18.0000	18.0000	18.0000	18.0000	18.0000	18.0000	18.0000
YHJE-MONOMER	909.0000	912.5238	919.6190	926.8182	932.9048	945.5909	952.2381	961.7273
YHJV-MONOMER	77.0000	77.0000	77.0000	77.0000	77.0000	77.0000	77.0000	76.6364
YHJX-MONOMER	12.0000	12.0000	12.0000	12.0000	12.0000	12.0000	12.0000	12.0000
YICE-MONOMER	393.0000	393.5714	394.1905	397.6818	398.8571	398.1818	397.5238	397.0000
YICJ-MONOMER	17.0000	17.0000	17.0000	17.0000	17.0000	17.0000	17.0000	17.0000
YICM-MONOMER	43.0000	43.0000	43.0000	43.0000	43.0000	43.0000	43.0000	43.0000
YIDC	785.0000	785.5238	789.0952	790.4091	792.7143	794.4545	797.9048	799.1818
YIDK-MONOMER	10.0000	10.0000	10.0000	10.0000	10.0000	10.0000	10.0000	10.0000
YIDT-MONOMER	38.0000	38.0000	38.0000	38.0000	38.0000	38.0000	38.0000	38.0000
YIDY-MONOMER	12.0000	12.0000	12.0000	12.0000	12.0000	12.0000	12.0000	12.0000
YIEO-MONOMER	4.0000	4.0000	4.0000	4.0000	4.0000	4.0000	4.0000	4.0000
YIFK-MONOMER	140.0000	140.0000	139.0476	139.0000	139.0000	139.0000	139.0000	139.0000
YIHN-MONOMER	7.0000	7.0000	7.0000	7.0000	7.0000	7.0000	7.0000	7.0000
YIHO-MONOMER	8.0000	8.0000	8.0000	8.0000	8.0000	8.0000	8.0000	8.0000
YIHP-MONOMER	8.0000	8.0000	8.0000	8.0000	8.0000	8.0000	8.0000	8.0000
YIIP-MONOMER	86.0000	86.7619	88.7143	89.5909	92.6190	93.0000	93.0000	93.3636
YJCE-MONOMER	46.0000	46.0000	46.0000	46.0000	46.0000	46.0000	46.0000	45.4091
YJCG-MONOMER	41.0000	41.0000	41.0000	41.0000	41.0000	41.0000	41.0000	41.0000
YJCH-MONOMER	162.0000	162.0000	162.0000	162.0000	162.0000	162.0000	162.0000	162.0000
YJCQ-MONOMER	2.0000	2.0000	2.0000	2.0000	2.0000	2.0000	2.0000	2.0000
YJCV-MONOMER	34.0000	34.0000	34.0000	34.0000	34.0000	34.0000	34.0000	34.0000
YJCW-MONOMER	41.0000	41.0000	41.0000	41.0000	41.0000	41.0000	41.0000	41.0000
YJCX-MONOMER	24.0000	24.0000	24.0000	24.0000	24.0000	24.0000	24.0000	24.0000
YJDE-MONOMER	16.0000	16.0000	16.0000	16.0000	16.0000	16.0000	16.0000	16.0000
YJDL-MONOMER	21.0000	21.0000	21.0000	21.0000	21.0000	21.0000	21.0000	21.0000
YJEM-MONOMER	6.0000	6.0000	6.0000	6.0000	6.0000	6.0000	6.0000	6.0000
YJFF-MONOMER	23.0000	23.0000	23.0000	23.0000	23.0000	23.0000	23.0000	23.0000
YJFT-MONOMER	22.0000	22.0000	22.0000	22.0000	22.0000	22.0000	22.0000	22.0000
YJFU-MONOMER	16.0000	16.0000	16.0000	16.0000	16.0000	16.0000	16.0000	16.0000
YJGT-MONOMER	21.0000	21.0000	21.0000	21.0000	21.0000	21.0000	21.0000	21.0000
YJHB-MONOMER	16.0000	16.0000	16.0000	16.0000	16.0000	16.0000	16.0000	16.0000
YJHF-MONOMER	24.0000	24.0000	24.0000	24.0000	24.0000	24.0000	24.0000	24.0000
YJIO-MONOMER	26.0000	26.0000	26.0000	26.0000	26.0000	26.0000	26.0000	26.0000
YJIZ-MONOMER	135.0000	135.0000	135.0000	135.0000	135.0000	135.0000	134.1905	133.0000
YJJK-MONOMER	1426.0000	1426.0000	1426.0000	1429.8636	1430.0000	1430.0000	1429.1429	1429.0000
YLIA-MONOMER	77.0000	77.0000	77.0000	77.0000	76.2381	76.0000	76.0000	76.0000
YLIB-MONOMER	198.0000	198.0000	197.3810	197.0000	197.0000	196.8636	196.0000	195.6364
YLIC-MONOMER	38.0000	38.0000	38.0000	38.0000	38.0000	38.0000	38.0000	38.0000
YLID-MONOMER	354.0000	354.0000	354.0000	353.9091	353.0000	352.7273	351.8571	351.0000
YNEA-MONOMER	32.0000	32.0000	32.0000	32.0000	32.0000	32.0000	32.0000	32.0000
YNFJ-MONOMER	15.0000	15.0000	15.0000	15.0000	15.0000	15.0000	15.0000	15.0000
YNJC-MONOMER	33.0000	33.0000	33.0000	33.0000	33.0000	33.0000	33.0000	33.0000
YNJD-MONOMER	22.0000	22.0000	22.0000	22.0000	22.0000	22.0000	22.0000	22.0000
YOJI-MONOMER	96.0000	96.0000	96.0000	96.0000	96.0000	96.0000	96.0000	96.0000
YPHC-MONOMER	18.0000	18.0000	18.0000	18.0000	18.0000	18.0000	18.0000	18.0000
YPHD-MONOMER	6.0000	6.0000	6.0000	6.0000	6.0000	6.0000	6.0000	6.0000
YPHE-MONOMER	4.0000	4.0000	4.0000	4.0000	4.0000	4.0000	4.0000	4.0000
YRAO-MONOMER	109.0000	109.0000	109.0000	110.4091	112.8095	114.9091	115.0000	115.1364
YRBE-MONOMER	149.0000	149.6190	150.0000	150.0000	150.0000	150.0000	151.3810	153.0000
YRBF-MONOMER	234.0000	235.7619	240.0476	243.8636	247.0000	249.5455	251.5714	253.1818
YRBG-MONOMER	24.0000	24.0000	24.2381	25.0000	25.8095	26.4091	29.2381	30.7273
YTFQ-MONOMER	19.0000	19.0000	19.0000	19.0000	19.0000	19.0000	19.0000	19.0000
YTFR-MONOMER	23.0000	23.0000	23.0000	23.0000	23.0000	23.0000	23.0000	23.0000
YTFT-MONOMER	28.0000	28.0000	28.0000	28.0000	28.0000	28.0000	28.0000	28.0000
ZNUA-MONOMER	588.0000	588.0000	588.0000	588.0000	588.0000	588.0000	588.0000	588.0000
ZNUB-MONOMER	52.0000	52.0000	52.0000	52.0000	52.0000	52.0000	52.0000	52.0000
ZNUC-MONOMER	73.0000	73.0000	73.0000	73.0000	73.0000	73.0000	73.0000	73.3182
