$	0m	0m	1m	1m	1m	2m	2m	2m
EG10001	0.0000	0.0000	0.0000	0.0000	0.0000	0.0000	0.0000	0.0000
EG10002	0.0000	0.0000	0.0000	0.0000	0.0000	0.0000	0.0000	0.0000
EG10003	0.0000	0.0000	0.0000	0.0000	0.0000	0.0000	0.0000	0.0000
EG10004	1.0000	1.0000	1.0000	1.0000	1.0000	1.0000	1.0000	1.0000
EG10006	0.0000	0.0000	0.0000	0.0000	0.0000	0.0000	0.0000	0.0000
EG10007	0.0000	0.0000	0.0000	0.0000	0.0000	0.0000	0.0000	0.0000
EG10008	0.0000	0.0000	0.0000	0.0000	0.0000	0.0000	0.0000	0.0000
EG10010	0.0000	0.0000	0.0000	0.0000	0.0000	0.0000	0.0000	0.0000
EG10011	0.0000	0.0000	0.0000	0.0000	0.0000	0.4091	1.0000	0.4091
EG10012	0.0000	0.0000	0.0000	0.0000	0.0000	0.0000	0.0000	0.0000
EG10013	1.0000	0.0476	0.0000	0.0000	0.0000	0.0000	0.0000	0.0000
EG10014	0.0000	0.0000	0.0000	0.0000	0.0000	0.0000	0.0000	0.0000
EG10015	1.0000	1.0000	1.0000	1.7727	2.0000	2.0000	2.0000	2.0000
EG10016	0.0000	0.0000	0.0000	0.0000	0.0000	0.0000	0.0000	0.0000
EG10017	0.0000	0.0000	0.0000	0.0000	0.8095	1.0000	1.0000	0.7727
EG10018	0.0000	0.0000	0.0000	0.0000	0.0000	0.0000	0.0000	0.0000
EG10020	0.0000	0.0000	0.0000	0.0000	0.0000	0.0000	0.0000	0.0000
EG10021	0.0000	0.0000	0.0000	0.0000	0.0000	0.0000	0.0000	0.0000
EG10022	8.0000	8.0000	8.0000	8.0000	8.0000	8.0000	8.0000	8.0000
EG10023	8.0000	8.0000	8.0000	8.0000	8.0000	8.0000	8.0000	8.0000
EG10024	2.0000	2.0000	2.0000	2.0000	2.0000	2.0000	2.0000	2.0000
EG10025	2.0000	2.0000	2.0000	2.0000	2.0000	2.0000	2.0000	2.0000
EG10026	1.0000	1.0000	1.0000	1.0000	1.0000	1.0000	1.0000	1.0000
EG10027	2.0000	2.0000	1.9048	1.0000	1.0000	1.0000	1.0000	1.0000
EG10028	0.0000	0.0000	0.0000	0.0000	0.0000	0.0000	0.0000	0.0000
EG10029	0.0000	0.0000	0.0000	0.0000	0.0000	0.0000	0.3333	1.0000
EG10030	1.0000	1.0000	1.0000	1.0000	0.3333	0.0000	0.0000	0.0000
EG10031	1.0000	1.0000	1.0000	1.0000	0.5714	0.0000	0.0000	0.0000
EG10032	4.0000	3.4286	2.3810	3.0000	4.0000	5.0000	5.0000	4.2727
EG10033	0.0000	0.0000	0.0000	0.0000	0.0000	0.0000	0.0000	0.0000
EG10034	1.0000	1.0000	1.0000	1.0000	1.0000	1.0000	1.0000	1.0000
EG10035	3.0000	3.0000	3.0000	3.0000	2.4286	2.0000	2.0000	2.0000
EG10036	1.0000	1.0000	1.0000	1.0000	1.0000	1.0000	1.0000	1.0000
EG10037	0.0000	0.0000	0.0000	0.0000	0.0000	0.0000	0.3333	1.0000
EG10039	1.0000	1.0000	1.0000	1.0000	0.2381	0.0000	0.0000	0.0000
EG10040	0.0000	0.0000	0.0000	0.0000	0.0000	0.0000	0.0000	0.0000
EG10041	0.0000	0.0000	0.0000	0.0000	0.0000	0.0000	0.0000	0.0000
EG10042	0.0000	0.0000	0.0000	0.0000	0.0000	0.0000	0.0000	0.0000
EG10043	0.0000	0.0000	0.0000	0.0000	0.0000	0.0000	0.0000	0.0000
EG10044	0.0000	0.0000	0.0000	0.0000	0.0000	0.0000	0.0000	0.0000
EG10045	1.0000	1.0000	1.0000	1.0000	1.0000	1.0000	1.0000	1.0000
EG10046	0.0000	0.0000	0.0000	0.0000	0.0000	0.0000	0.0000	0.0000
EG10047	0.0000	0.0000	0.4286	1.0000	1.0000	1.0000	1.0000	1.0000
EG10048	0.0000	0.0000	0.4286	1.0000	1.0000	1.0000	1.0000	1.0000
EG10049	0.0000	0.0000	0.0000	0.0000	0.0000	0.0000	0.0000	0.0000
EG10050	0.0000	0.0000	0.0000	0.0000	0.0000	0.0000	0.0000	0.0000
EG10051	0.0000	0.0000	0.0000	0.0000	0.0000	0.0000	0.0000	0.0000
EG10052	0.0000	0.0000	0.0000	0.0000	0.0000	0.0000	0.0000	0.0000
EG10053	0.0000	0.0000	0.0000	0.0000	0.0000	0.0000	0.0000	0.0000
EG10054	0.0000	0.0000	0.0000	0.0000	0.0000	0.0000	0.0000	0.0000
EG10055	0.0000	0.0000	0.0000	0.0000	0.0000	0.0000	0.0000	0.0000
EG10056	0.0000	0.0000	0.0000	0.0000	0.0000	0.0000	0.0000	0.0000
EG10057	0.0000	0.0000	0.0000	0.0000	0.0000	0.0000	0.0000	0.0000
EG10058	0.0000	0.0000	0.0000	0.0000	0.0000	0.0000	0.0000	0.0000
EG10059	0.0000	0.0000	0.0000	0.0000	0.0000	0.0000	0.0000	0.0000
EG10060	0.0000	0.0000	0.0000	0.0000	0.0000	0.0000	0.0000	0.0000
EG10061	2.0000	2.3333	3.0000	3.0000	3.1429	4.7727	4.8095	5.1364
EG10062	0.0000	0.0000	0.0000	0.0000	0.0000	0.0000	0.0000	0.0000
EG10063	0.0000	0.0000	0.0000	0.0000	0.0000	0.0000	0.0000	0.0000
EG10064	0.0000	0.0000	0.0000	0.0000	0.0000	0.0000	0.0000	0.0000
EG10065	0.0000	0.0000	0.0000	0.0000	0.0000	0.0000	0.0000	0.0000
EG10066	1.0000	1.0000	1.0000	0.6818	0.0000	0.0000	0.0000	0.0000
EG10067	1.0000	1.0000	1.0000	1.0000	1.0000	1.0000	1.0000	1.0000
EG10068	2.0000	2.3810	2.9048	2.1364	3.0000	3.6818	4.0952	5.0000
EG10069	1.0000	1.0000	1.0000	1.0000	0.0476	0.0000	0.0000	0.0000
EG10070	0.0000	0.9524	1.0000	1.0000	1.0000	1.0000	0.1429	0.0000
EG10071	0.0000	0.0000	0.0000	0.0000	0.0000	0.0000	0.0000	0.0000
EG10072	0.0000	0.0000	0.0000	0.0000	0.0000	0.0000	0.0000	0.0000
EG10073	0.0000	0.9524	1.0000	1.0000	0.0952	0.0000	0.0000	0.0000
EG10074	1.0000	1.0000	1.0000	0.8636	0.9524	1.0000	1.0000	1.0000
EG10075	0.0000	0.0000	0.0000	0.0000	0.0000	0.0000	0.0000	0.0000
EG10076	1.0000	1.0000	1.0000	1.0000	0.0000	0.0000	0.0000	0.0000
EG10077	0.0000	0.0000	0.0000	0.0000	0.0000	0.0000	0.0000	0.0000
EG10078	0.0000	0.0000	0.0000	0.0000	0.0000	0.0000	0.0000	0.0000
EG10079	1.0000	1.0000	1.0000	1.0000	1.0000	1.0000	0.1429	0.0000
EG10080	0.0000	0.0000	0.0000	0.0000	0.0000	0.0000	0.0000	0.0000
EG10081	1.0000	1.0000	1.0000	0.8636	0.9524	1.0000	1.0000	1.0000
EG10082	0.0000	0.0000	0.0000	0.0000	0.0000	0.0000	0.0000	0.0000
EG10083	0.0000	0.0000	0.0000	0.0000	0.0000	0.0000	0.0000	0.0000
EG10084	1.0000	1.0000	1.0000	1.0000	1.0000	1.0000	1.0000	1.0000
EG10085	0.0000	0.0000	0.0000	0.0000	0.0000	0.0000	0.0000	0.0000
EG10086	0.0000	0.0000	0.0000	0.0000	0.0000	0.0000	0.0000	0.0000
EG10087	0.0000	0.0000	0.0000	0.0000	0.0000	0.0000	0.0000	0.0000
EG10088	5.0000	5.0000	5.0000	4.1364	4.0000	3.5455	4.0000	4.2727
EG10089	0.0000	0.0000	0.0000	0.0000	0.0000	0.0000	0.0000	0.0000
EG10090	0.0000	0.0000	0.0000	0.0000	0.0000	0.0000	0.0000	0.0000
EG10091	0.0000	0.0000	0.5238	1.0000	1.0000	0.0909	0.0000	0.9545
EG10092	0.0000	0.0000	0.0000	0.0000	0.0000	0.0000	0.0000	0.0000
EG10093	0.0000	0.0000	0.0000	0.0000	0.0000	0.0000	0.0000	0.0000
EG10094	3.0000	3.0000	2.8571	2.0000	2.0000	2.0000	2.0000	2.3182
EG10095	0.0000	0.0000	0.0000	0.0000	0.0000	0.0000	0.0000	0.0000
EG10096	3.0000	3.0000	3.5714	4.0000	4.0000	4.0000	3.5714	3.3636
EG10097	1.0000	1.0000	1.0000	1.0000	1.0000	1.0000	1.0000	1.0000
EG10098	4.0000	4.0000	4.0000	4.0000	4.8571	5.0000	5.0000	5.0000
EG10099	4.0000	4.0000	4.0000	4.0000	4.8571	5.0000	5.0000	5.0000
EG10100	4.0000	4.0000	4.0000	4.0000	4.8571	5.0000	5.0000	5.0000
EG10101	4.0000	4.0000	4.0000	4.0000	4.8571	5.0000	5.0000	5.0000
EG10102	4.0000	4.0000	4.0000	4.0000	4.8571	5.0000	5.0000	5.0000
EG10103	4.0000	4.0000	4.0000	4.0000	4.8571	5.0000	5.0000	5.0000
EG10104	4.0000	4.0000	4.0000	4.0000	4.8571	5.0000	5.0000	5.0000
EG10105	4.0000	4.0000	4.0000	4.0000	4.8571	5.0000	5.0000	5.0000
EG10106	3.0000	3.0000	3.0000	3.0000	3.0000	3.0000	3.0000	3.0000
EG10107	3.0000	2.7143	1.3333	1.4091	1.0000	0.3636	0.0000	0.0000
EG10108	5.0000	5.0000	5.0000	5.4545	6.0000	6.0000	6.0000	5.6818
EG10109	0.0000	0.0000	0.0000	0.0000	0.0000	0.0000	0.0000	0.0000
EG10110	0.0000	0.0000	0.0000	0.0000	0.0000	0.0000	0.0000	0.0000
EG10111	0.0000	0.0000	0.0000	0.0000	0.0000	0.0000	0.0000	0.0000
EG10112	0.0000	0.0000	0.0000	0.0000	0.0000	0.0000	0.0000	0.0000
EG10113	0.0000	0.0000	0.0000	0.0000	0.0000	0.0000	0.0000	0.0000
EG10114	0.0000	0.0000	0.0000	0.0000	0.0000	0.0000	0.0000	0.0000
EG10115	0.0000	0.0000	0.0000	0.0000	0.0000	0.0000	0.0000	0.0000
EG10116	0.0000	0.0000	0.0000	0.0000	0.0000	0.0000	0.0000	0.0000
EG10117	0.0000	0.0000	0.0000	0.0000	0.0000	0.0000	0.0000	0.0000
EG10118	2.0000	2.0000	2.0000	2.0000	2.0000	1.8182	1.0000	1.0000
EG10119	2.0000	2.0000	2.0000	2.0000	2.0000	1.8182	1.0000	1.0000
EG10120	2.0000	2.0000	2.0000	2.0000	2.0000	1.8182	1.0000	1.0000
EG10121	2.0000	2.0000	2.0000	2.0000	2.0000	1.8182	1.0000	1.0000
EG10122	0.0000	0.0000	0.0000	0.0000	0.0000	0.0000	0.0000	0.0000
EG10123	0.0000	0.0000	0.0000	0.0000	0.0000	0.0000	0.0000	0.0000
EG10124	0.0000	0.0000	0.0000	0.0000	0.0000	0.0000	0.0000	0.0000
EG10125	1.0000	1.0000	1.0000	1.0000	1.4762	2.0000	2.0000	2.0000
EG10126	2.0000	2.0000	1.1429	1.0000	1.0000	1.0000	1.0000	1.0000
EG10127	0.0000	0.0000	0.0000	0.0000	0.0000	0.0000	0.0000	0.0000
EG10128	1.0000	1.0000	1.0000	1.0000	1.0000	1.0000	1.0000	1.0000
EG10129	0.0000	0.0000	0.0000	0.0000	0.0000	0.0000	0.0000	0.0000
EG10130	0.0000	0.0000	0.0000	0.0000	0.0000	0.0000	0.0000	0.0000
EG10131	0.0000	0.0000	0.0000	0.0000	0.0000	0.0000	0.0000	0.0000
EG10132	0.0000	0.0000	0.0000	0.0000	0.0000	0.0000	0.0000	0.0000
EG10133	0.0000	0.0000	0.0000	0.0000	0.0000	0.0000	0.0000	0.0000
EG10134	0.0000	0.0000	0.0000	0.0000	0.2857	1.0000	1.0000	1.0000
EG10135	0.0000	0.0000	0.0000	0.0000	0.2857	1.0000	1.0000	1.0000
EG10136	0.0000	0.0000	0.0000	0.0000	0.0000	0.0000	0.0000	0.0000
EG10137	0.0000	0.0000	0.0000	0.0000	0.0000	0.0000	0.0000	0.0000
EG10138	0.0000	0.0000	0.0000	0.0000	0.0000	0.0000	0.0000	0.0000
EG10139	0.0000	0.0000	0.0000	0.0000	0.0000	0.0000	0.9524	1.6364
EG10140	0.0000	0.0000	0.0000	0.0000	0.0000	0.0000	0.0000	0.0000
EG10141	0.0000	0.0000	0.0000	0.0000	0.0000	0.0000	0.0000	0.0000
EG10142	0.0000	0.0000	0.0000	0.0000	0.0000	0.0000	0.0000	0.0000
EG10143	0.0000	0.0000	0.0000	0.0000	0.0000	0.0000	0.0000	0.0000
EG10144	0.0000	0.0000	0.0000	0.0000	0.0000	0.0000	0.0000	0.0000
EG10145	0.0000	0.0000	0.0000	0.0000	0.0000	0.0000	0.0000	0.0000
EG10146	1.0000	1.0000	1.0000	1.0000	1.0000	1.0000	1.0000	1.0455
EG10147	1.0000	1.0000	1.0000	1.0000	1.0000	1.0000	1.0000	1.0000
EG10148	1.0000	1.0000	1.0000	1.0000	1.0000	1.0000	1.0000	1.0000
EG10149	8.0000	8.0000	7.4762	7.0000	7.0000	6.9091	6.0000	6.5000
EG10150	1.0000	1.0000	1.0000	1.0000	1.0000	1.0000	1.0000	1.0000
EG10151	1.0000	1.0000	1.0000	1.0000	1.0000	1.0000	1.0000	1.0000
EG10152	0.0000	0.0000	0.0000	0.0000	0.0000	0.0000	0.0000	0.0000
EG10153	1.0000	1.0000	0.5238	0.0000	0.0000	0.0000	0.0000	0.0000
EG10154	1.0000	1.0000	0.5238	0.0000	0.0000	0.0000	0.0000	0.0000
EG10155	7.0000	7.0000	7.6190	8.0000	11.3810	12.0000	10.1429	9.5455
EG10156	0.0000	0.0000	0.0000	0.0000	0.0000	0.0000	0.0000	0.0000
EG10157	0.0000	0.0000	0.0000	0.0000	0.0000	0.0000	0.0000	0.0000
EG10158	0.0000	0.0000	0.0000	0.0000	0.0000	0.4091	1.0000	1.0000
EG10159	0.0000	0.0000	0.0000	0.0000	0.0000	0.4091	1.0000	1.0000
EG10160	0.0000	0.0000	0.0000	0.0000	0.0000	0.0000	0.0000	0.0000
EG10161	0.0000	0.0000	0.0000	0.0000	0.0000	0.0000	0.0000	0.0000
EG10162	0.0000	0.0000	0.0000	0.0000	0.0000	0.0000	0.0000	0.0000
EG10163	0.0000	0.0000	0.0000	0.0000	0.0000	0.0000	0.0000	0.0000
EG10164	2.0000	2.0000	1.8095	2.0000	2.0000	2.0000	2.0000	2.5909
EG10165	10.0000	9.6190	9.0000	9.0000	9.7143	9.0000	9.8095	9.1818
EG10166	4.0000	3.5714	3.0000	3.0000	3.0000	3.0000	2.3333	3.5455
EG10167	1.0000	1.0000	1.0000	1.0000	1.0000	0.1364	0.0000	0.0000
EG10168	0.0000	0.0000	0.0000	0.0000	0.0000	0.0000	0.0000	0.0000
EG10169	1.0000	1.0000	1.0000	0.2727	0.0000	0.0000	0.0000	0.0000
EG10170	0.0000	0.0000	0.0000	0.0000	0.0000	0.1364	1.0000	1.0000
EG10172	0.0000	0.0000	0.0000	0.0000	0.0000	0.0000	0.0000	0.0000
EG10173	0.0000	0.0000	0.0000	0.0000	0.0000	0.0000	0.0000	0.0000
EG10174	0.0000	0.0000	0.0000	0.0000	0.0000	0.0000	0.0000	0.0000
EG10175	0.0000	0.0000	0.0000	0.0000	0.0000	0.0000	0.0000	0.0000
EG10176	0.0000	0.0000	0.0000	0.0000	0.0000	0.0000	0.0000	0.0000
EG10177	0.0000	0.0000	0.0000	0.0000	0.0000	0.0000	0.0000	0.0000
EG10178	2.0000	2.0000	1.2381	1.0000	1.0000	1.0000	1.0000	1.0000
EG10179	2.0000	2.0000	1.2381	1.0000	1.0000	1.0000	1.0000	1.0000
EG10180	2.0000	2.0000	1.2381	1.0000	1.0000	1.0000	1.0000	1.0000
EG10181	2.0000	2.0000	1.2381	1.0000	1.0000	1.0000	1.0000	1.0000
EG10182	2.0000	2.0000	1.2381	1.0000	1.0000	1.0000	1.0000	1.0000
EG10183	1.0000	1.0000	1.0000	1.0000	1.0000	1.0000	1.0000	0.5455
EG10184	0.0000	0.0000	0.0000	0.0000	0.0000	0.0000	0.0000	0.0000
EG10185	1.0000	1.0000	0.9524	0.0000	0.0000	0.2727	0.5238	0.0000
EG10186	1.0000	1.0000	0.9524	0.0000	0.0000	0.2727	0.5238	0.0000
EG10187	0.0000	0.0000	0.0000	0.0000	0.0000	0.0000	0.0000	0.0000
EG10188	0.0000	0.0000	0.0000	0.0000	0.0000	0.0000	0.0000	0.0000
EG10189	0.0000	0.0000	0.0000	1.0000	1.0000	1.0000	1.0000	1.0000
EG10190	0.0000	0.0000	0.0000	1.0000	1.0000	1.0000	1.0000	1.0000
EG10191	0.0000	0.0000	0.0000	1.0000	1.0000	1.0000	1.0000	1.0000
EG10192	11.0000	10.4286	9.1429	9.0000	8.4762	9.0000	8.0952	8.0000
EG10193	1.0000	1.0000	1.0000	1.0000	1.0000	1.0000	1.0000	0.5455
EG10194	1.0000	1.0000	0.9524	0.0000	0.0000	0.2727	0.5238	0.0000
EG10195	1.0000	1.0000	1.0000	1.0000	1.0000	1.0000	1.0000	0.5455
EG10196	1.0000	1.0000	1.0000	1.0000	1.0000	1.0000	1.0000	1.0000
EG10197	1.0000	1.0000	1.0000	1.0000	1.0000	1.0000	1.0000	0.5455
EG10198	1.0000	1.0000	1.0000	1.0000	1.0000	1.0000	1.0000	0.5455
EG10200	0.0000	0.0000	0.0000	0.0000	0.0000	0.0000	0.0000	0.0000
EG10201	1.0000	1.0000	1.0000	1.0000	1.0000	1.0000	1.0000	1.0000
EG10202	0.0000	0.0000	0.0000	0.0000	0.0000	0.0000	0.0000	0.0000
EG10203	0.0000	0.0000	0.0000	0.0000	0.0000	0.0000	0.0000	0.0000
EG10204	0.0000	0.0000	0.0000	0.0000	0.0000	0.0000	0.0000	0.0000
EG10205	1.0000	1.0476	1.7143	1.0000	1.0000	1.0000	0.7619	0.0000
EG10206	2.0000	2.0000	2.4762	3.0000	3.0000	3.0000	3.0000	3.0000
EG10207	7.0000	7.1429	5.8571	5.2273	5.0000	5.0000	5.0000	5.2273
EG10208	1.0000	1.0000	1.0000	1.0000	1.0000	1.0000	1.0000	1.0000
EG10209	2.0000	2.0000	2.0000	2.0000	2.0000	2.0000	2.0000	1.9545
EG10210	0.0000	0.0000	0.0000	0.0000	0.0000	0.0000	0.0000	0.0000
EG10211	1.0000	1.0000	1.0000	1.0000	1.0000	1.0000	1.0000	1.0000
EG10212	0.0000	0.0000	0.0000	0.0000	0.0000	0.0000	0.0000	0.0000
EG10213	0.0000	0.0000	0.0000	0.0000	0.0000	0.0000	0.0000	0.0000
EG10214	2.0000	2.0000	2.0000	1.9091	1.0000	1.0000	1.0000	0.5455
EG10215	1.0000	1.0000	1.0000	1.0000	1.0000	1.2727	1.8095	1.6818
EG10216	0.0000	0.0000	0.0000	0.0000	0.0000	0.0000	0.0000	0.0000
EG10217	3.0000	3.0000	3.0000	2.2273	2.0000	2.0000	2.0000	2.0000
EG10218	0.0000	0.0000	0.0000	0.0000	0.0000	0.0000	0.0000	0.0000
EG10219	0.0000	0.0000	0.0000	0.0000	0.0000	0.0000	0.0000	0.0000
EG10220	0.0000	0.0000	0.0000	0.0000	0.0000	0.0000	0.0000	0.0000
EG10221	0.0000	0.0000	0.0000	0.0000	0.0000	0.0000	0.0000	0.0000
EG10222	0.0000	0.0000	0.0000	0.0000	0.0000	0.0000	0.0000	0.0000
EG10223	0.0000	0.0000	0.0000	0.0000	0.0000	0.0000	0.0000	0.0000
EG10224	1.0000	1.0000	1.0000	1.0000	1.1429	2.0000	1.5714	1.0000
EG10225	0.0000	0.0000	0.0000	0.0000	0.0000	0.0000	0.0000	0.0000
EG10226	0.0000	0.0000	0.0000	0.7273	1.0000	1.0000	1.0000	1.0000
EG10227	0.0000	0.0000	0.0000	0.0000	0.0000	0.0000	0.0000	0.0000
EG10228	0.0000	0.0000	0.0000	0.0000	0.0000	0.0000	0.0000	0.0000
EG10229	0.0000	0.0000	0.0000	0.0000	0.0000	0.0000	0.0000	0.0000
EG10230	1.0000	1.0000	1.0000	1.0000	1.0000	1.0000	1.0000	1.0000
EG10231	2.0000	2.0000	2.0000	1.8182	1.0000	1.0000	1.0000	1.0000
EG10232	0.0000	0.0000	0.0000	0.0000	0.0000	0.0000	0.0000	0.0000
EG10233	0.0000	0.0000	0.0000	0.0000	0.0000	0.0000	0.0000	0.0000
EG10234	0.0000	0.0000	0.0000	0.0000	0.0000	0.0000	0.0000	0.0000
EG10235	0.0000	0.4286	2.7143	2.9091	2.5714	2.3636	2.0000	2.0000
EG10236	2.0000	2.6190	2.6190	3.3636	3.3810	4.9545	2.7143	3.0455
EG10237	0.0000	0.1905	1.0000	1.0000	1.0000	1.0000	1.0000	1.0000
EG10238	0.0000	0.0000	0.0952	1.0909	2.0000	1.2273	1.0000	1.9091
EG10239	0.0000	0.0000	0.0000	0.0000	0.0000	0.0000	0.0000	0.0000
EG10240	0.0000	0.0000	0.0000	0.0000	0.0000	0.0000	0.7143	1.0000
EG10241	4.0000	4.0000	4.0000	4.0000	4.0000	3.7727	3.4286	3.0000
EG10242	0.0000	0.4286	2.7143	2.9091	2.5714	2.3636	2.0000	2.0000
EG10243	0.0000	0.0000	0.0000	0.6818	1.3333	1.2273	0.9524	0.0000
EG10244	0.0000	0.1905	1.0000	1.0000	1.0000	1.0000	1.0000	1.0000
EG10245	1.0000	1.0000	1.0000	1.3182	0.0000	0.0000	0.0000	0.0000
EG10246	1.0000	1.0000	1.8095	2.1364	1.7619	2.0000	2.0000	2.0000
EG10247	0.0000	0.0000	0.0000	0.0000	0.0000	0.0000	0.0000	0.0000
EG10248	3.0000	2.5714	2.0000	2.7727	3.0000	3.0000	3.0000	3.0000
EG10249	0.0000	0.0000	0.0000	0.0000	0.0000	0.0000	0.0000	0.0000
EG10250	0.0000	0.0000	0.0000	0.0000	0.0000	0.0000	0.0000	0.0000
EG10251	1.0000	1.0000	1.0000	1.0000	0.5714	0.8636	1.0000	1.0000
EG10252	0.0000	0.0000	0.0000	0.0000	0.0000	0.0000	0.0000	0.0000
EG10253	0.0000	0.0000	0.0000	0.0000	0.0000	0.0000	0.0000	0.0000
EG10254	0.0000	0.0000	0.0000	0.0000	0.0000	0.0000	0.0000	0.0000
EG10255	0.0000	0.0000	0.0000	0.0000	0.0000	0.0000	0.0000	0.0000
EG10256	1.0000	1.0000	1.0000	1.0000	1.0000	1.0000	1.0000	1.0000
EG10257	0.0000	0.0000	0.0000	0.0000	0.0000	0.0000	0.0000	0.0000
EG10258	5.0000	5.6190	6.0000	6.6364	7.2857	6.3182	6.6190	6.3182
EG10259	3.0000	3.3333	3.5238	3.0000	2.5714	2.8636	3.0000	2.3636
EG10260	3.0000	3.3333	3.5238	3.0000	2.5714	2.8636	3.0000	2.3636
EG10261	3.0000	3.3333	3.5238	3.0000	2.5714	2.8636	3.0000	2.3636
EG10262	2.0000	1.5238	1.0000	1.0000	0.7619	0.0000	0.0000	0.0000
EG10263	3.0000	3.3333	3.5238	3.0000	2.5714	2.8636	3.0000	2.3636
EG10264	2.0000	2.0000	2.0000	2.0000	2.0000	2.0000	1.9524	1.0000
EG10265	1.0000	1.0000	1.3333	1.0000	1.0000	1.0000	1.0000	1.0000
EG10266	0.0000	0.0000	0.0000	0.0000	0.0000	0.0000	0.0000	0.0000
EG10267	0.0000	0.0000	0.0000	0.0000	0.0000	0.0000	0.0000	0.0000
EG10268	0.0000	0.0000	0.0000	0.0000	0.0000	0.0000	0.0000	0.0000
EG10269	0.0000	0.0000	0.0000	0.0000	0.0000	0.0000	0.0000	0.0000
EG10270	1.0000	1.0000	1.0000	1.0000	1.0000	1.0000	1.0000	1.0000
EG10271	3.0000	3.0000	3.7143	4.0000	4.0000	3.6818	3.0000	3.7273
EG10272	3.0000	3.0000	3.7143	4.0000	4.0000	3.6818	3.0000	3.7273
EG10273	2.0000	2.0000	1.7619	1.0000	0.8571	0.0000	0.0000	0.4545
EG10274	1.0000	1.0000	1.0000	1.0000	1.0000	1.0000	1.0000	1.0000
EG10275	1.0000	1.6190	2.0000	1.7273	2.7143	3.0000	3.0000	3.5909
EG10276	1.0000	1.6190	2.0000	1.7273	2.7143	3.0000	3.0000	3.5909
EG10277	2.0000	2.0000	2.0000	2.0000	2.0000	2.0000	2.0000	1.3182
EG10278	0.0000	0.0000	0.0000	0.0000	0.0000	0.0000	0.0000	0.0000
EG10279	0.0000	0.0000	0.0000	0.0000	0.0000	0.0000	0.0000	0.0000
EG10280	0.0000	0.0000	0.0000	0.0000	0.0000	0.0000	0.0000	0.0000
EG10281	0.0000	0.6667	1.0000	1.0000	1.0000	1.0000	1.0000	1.0000
EG10282	9.0000	9.0000	6.6667	6.9091	7.0000	7.0000	7.0000	6.4545
EG10283	0.0000	0.0000	0.0000	0.0000	0.0000	0.0000	0.0000	0.0000
EG10284	0.0000	0.0000	0.0000	0.0000	0.0000	0.0000	0.0000	0.0000
EG10285	0.0000	0.0000	0.0000	0.0000	0.0000	0.0000	0.0000	0.0000
EG10286	1.0000	1.0000	1.0000	1.0000	1.0000	1.0000	1.0000	1.0000
EG10287	1.0000	1.0000	1.0000	1.0000	1.0000	1.0000	1.0000	1.0000
EG10288	1.0000	1.0000	1.0000	1.0000	1.0000	1.0000	1.0000	1.0000
EG10289	1.0000	1.0000	1.0000	1.0000	1.0000	1.0000	1.0000	1.0000
EG10290	1.0000	1.0000	1.0000	1.0000	1.0000	1.0000	1.0000	1.0000
EG10291	2.0000	2.0000	1.1905	0.5909	0.0000	0.0000	0.0000	0.0000
EG10292	2.0000	2.0000	1.1905	0.5909	0.0000	0.0000	0.0000	0.0000
EG10293	2.0000	1.5238	1.0000	1.0000	0.7619	0.0000	0.0000	0.0000
EG10294	1.0000	1.0000	1.0000	1.0000	1.0000	1.0000	1.0000	1.0000
EG10295	1.0000	1.0000	1.0000	1.0000	1.0000	1.0000	0.6667	0.0000
EG10296	1.0000	1.0000	1.0000	1.0000	1.0000	1.0000	0.6667	0.0000
EG10297	2.0000	2.0000	2.0000	2.0000	2.0000	2.0000	1.9524	1.0000
EG10298	1.0000	1.0000	1.0000	1.0000	1.0000	1.0000	0.6667	0.0000
EG10299	2.0000	2.0000	2.0000	2.0000	2.0000	2.0000	1.9524	1.0000
EG10300	1.0000	0.5238	0.0000	0.0000	0.0000	0.0000	0.0000	0.0000
EG10301	0.0000	0.0000	0.0000	0.0000	0.0000	0.0000	0.0000	0.0000
EG10302	0.0000	0.9524	0.1905	0.2273	0.0000	0.8182	1.9048	2.0000
EG10303	0.0000	0.0000	0.0000	0.0000	0.0000	0.0000	0.7619	0.0000
EG10304	0.0000	0.0000	0.0000	0.0000	0.0000	0.0000	0.7619	0.0000
EG10305	0.0000	0.0000	0.0000	0.0000	0.0000	0.0000	0.7619	0.0000
EG10306	1.0000	1.0000	1.9048	2.0000	1.5238	1.4545	2.0000	1.9091
EG10307	0.0000	0.0000	0.0000	0.0000	0.0000	0.0000	0.0000	0.0000
EG10308	11.0000	10.3333	10.0000	9.3636	9.0000	9.5909	10.0000	10.4091
EG10309	0.0000	0.0000	0.0000	0.0000	0.0000	0.0000	0.0000	0.0000
EG10310	0.0000	0.0000	0.0000	0.0000	0.0000	0.0000	0.0000	0.0000
EG10311	0.0000	0.0952	0.0000	0.0000	0.0000	0.0000	0.0000	0.0000
EG10312	0.0000	0.0000	0.0000	0.0000	0.0000	0.0000	0.0000	0.0000
EG10313	0.0000	0.0000	0.0000	0.0000	0.0000	0.0000	0.0000	0.0000
EG10314	0.0000	0.0000	0.0000	0.0000	0.0000	0.0000	0.0000	0.0000
EG10315	0.0000	0.0000	0.0000	0.0000	0.0000	0.0000	0.0000	0.0000
EG10316	0.0000	0.0000	0.0952	1.0909	2.0000	1.2273	1.0000	1.9091
EG10317	3.0000	2.5714	2.0000	2.0455	3.1905	3.9545	3.5238	4.2273
EG10318	0.0000	0.0000	0.1429	1.0000	1.0000	1.0000	1.3810	2.0000
EG10319	2.0000	2.0000	1.2857	0.0000	0.0000	0.0000	0.0000	0.0000
EG10320	2.0000	2.0000	1.2857	0.0000	0.0000	0.0000	0.0000	0.0000
EG10321	79.0000	77.5714	77.1429	78.8182	79.3333	80.1364	79.1905	77.9545
EG10322	0.0000	0.0000	0.0000	0.0000	0.0000	0.8636	1.0000	1.0000
EG10323	0.0000	0.0000	0.0000	0.0000	0.0000	0.8636	1.0000	1.0000
EG10324	0.0000	0.0000	0.0000	0.0000	0.0000	0.8636	1.0000	1.0000
EG10325	1.0000	1.3810	2.0000	2.3182	3.0000	2.2273	2.0000	2.0000
EG10326	1.0000	1.0000	1.0000	1.0000	1.0000	1.0000	1.3333	0.9091
EG10327	0.0000	0.0000	0.0000	0.0000	0.0000	0.0000	0.0000	0.0000
EG10328	1.0000	1.0000	1.0000	1.0000	1.0000	1.0000	1.0000	1.0000
EG10329	0.0000	0.0000	0.0000	0.0000	0.0000	0.0000	0.0000	0.0000
EG10330	0.0000	0.0000	0.0000	0.0000	0.0000	0.0000	0.0000	0.0000
EG10331	0.0000	0.0000	0.0000	0.0000	0.0000	0.0000	0.0000	0.0000
EG10332	0.0000	0.0000	0.0000	0.0000	0.0000	0.0000	0.0000	0.0000
EG10333	0.0000	0.0000	0.0000	0.0000	0.0000	0.0000	0.0000	0.0000
EG10334	1.0000	1.0000	1.0000	1.0000	1.0000	1.0000	1.0000	1.0000
EG10335	3.0000	3.0000	3.0000	3.0000	4.5238	5.8636	6.3333	7.0000
EG10336	1.0000	1.0000	1.0000	1.0000	0.5714	0.0000	0.0000	0.0000
EG10337	1.0000	1.0000	1.0000	1.0000	0.5714	0.0000	0.0000	0.0000
EG10338	0.0000	0.0000	0.0000	0.0000	0.0000	0.0000	0.0000	0.0000
EG10339	0.0000	0.0000	0.0000	0.0000	0.0000	0.0000	0.0000	0.0000
EG10340	0.0000	0.0000	0.0000	0.0000	0.0000	0.0000	0.0000	0.0000
EG10341	0.0000	0.0000	0.0000	0.0000	0.0000	0.0000	0.0000	0.0000
EG10342	1.0000	1.0000	1.0000	1.0000	1.0000	1.0000	1.0000	1.0000
EG10343	0.0000	0.0000	0.0000	0.0000	0.0000	0.0000	0.0000	0.0000
EG10344	0.0000	0.0000	0.0000	0.0000	0.0000	0.0000	0.0000	0.0000
EG10345	0.0000	0.0000	0.0000	0.0000	0.0000	0.0000	0.0000	0.0000
EG10346	0.0000	0.0000	0.0000	0.0000	0.0000	0.0000	0.0000	0.0000
EG10347	4.0000	4.0000	4.0000	4.5909	5.0000	5.0000	4.2857	3.4545
EG10348	0.0000	0.0000	0.0000	0.0000	0.0000	0.0000	0.0000	0.0000
EG10349	0.0000	0.0000	0.0000	0.0000	0.0000	0.0000	0.0000	0.0000
EG10350	0.0000	0.0000	0.0000	0.0000	0.0000	0.0000	0.0000	0.0000
EG10351	0.0000	0.0000	0.0000	0.0000	0.0000	0.0000	0.0000	0.0000
EG10352	0.0000	0.0000	0.0000	0.0000	0.0000	0.0000	0.0000	0.0000
EG10353	0.0000	0.0000	0.0000	0.0000	0.0000	0.0000	0.0000	0.0000
EG10355	1.0000	1.0000	1.0000	1.0000	1.9048	2.0000	2.0000	2.0000
EG10356	1.0000	1.0000	1.0000	1.0000	0.2381	0.0000	0.0000	0.0000
EG10357	0.0000	0.0000	0.0000	0.0000	0.0000	0.0000	0.0000	0.0000
EG10358	1.0000	1.0000	1.0000	1.0000	0.2381	0.0000	0.0000	0.0000
EG10359	2.0000	2.0000	2.1429	3.0000	3.0000	3.0000	3.3810	4.0000
EG10360	39.0000	37.8095	36.2381	34.3182	33.0952	30.4091	29.5714	30.9091
EG10361	1.0000	1.0000	1.0000	0.5455	0.0000	0.0000	0.0000	0.0000
EG10362	0.0000	0.0000	0.0000	0.0000	0.0000	0.0000	0.0000	0.0000
EG10363	1.0000	1.0000	1.3810	2.0000	2.0000	2.0000	2.0000	2.0000
EG10364	0.0000	0.0000	0.0000	0.0000	0.0000	0.0000	0.0000	0.0000
EG10365	0.0000	0.0000	0.0000	0.0000	0.0000	0.0000	0.0000	0.0000
EG10366	0.0000	0.0000	0.0000	0.0000	0.0000	0.0000	0.0000	0.0000
EG10367	37.0000	36.9048	37.1429	36.9545	35.2857	35.6818	31.1905	28.6364
EG10368	4.0000	4.0000	2.5714	2.0000	2.0000	2.0000	2.0000	2.0000
EG10369	1.0000	1.0000	1.0000	1.0000	1.0000	1.0000	1.0000	1.0000
EG10370	2.0000	1.6190	1.0000	1.0000	1.0000	1.0000	1.0000	0.0909
EG10371	1.0000	1.0000	1.0000	1.0000	1.0000	1.0000	1.0000	1.0000
EG10372	9.0000	9.8571	8.3810	7.6818	5.3333	5.3182	6.0000	4.6818
EG10373	0.0000	0.0000	0.0000	0.0000	0.0000	0.2273	1.0000	1.0000
EG10374	0.0000	0.0000	0.0000	0.0000	0.0000	0.0000	0.0000	0.0000
EG10375	0.0000	0.0000	0.0000	0.0000	0.0000	0.0000	0.0000	0.0000
EG10376	0.0000	0.0000	0.0000	0.0000	0.0000	0.0000	0.0000	0.0000
EG10377	2.0000	2.0000	2.0000	2.0000	2.0000	2.0000	2.0000	2.0000
EG10378	2.0000	2.0000	2.0000	2.0000	2.0000	2.0000	2.0000	2.0000
EG10379	2.0000	2.0000	2.0000	2.0000	2.0000	2.0000	2.0000	2.0000
EG10380	2.0000	2.0000	2.0000	2.0000	2.0000	2.0000	2.0000	2.0000
EG10381	2.0000	2.0000	2.0000	2.0000	2.0000	2.0000	2.0000	2.0000
EG10382	0.0000	0.0000	0.0000	0.0000	0.7143	1.0000	1.0000	1.0000
EG10383	2.0000	2.0000	2.0000	2.5909	3.2857	4.5909	4.0000	4.0000
EG10384	1.0000	1.0000	1.0000	1.0000	1.0000	1.0000	1.0000	1.0000
EG10385	0.0000	0.0000	0.0000	0.0000	0.0000	0.3182	1.0000	1.0000
EG10386	4.0000	3.2857	2.3333	2.0000	2.0000	2.1818	3.0000	3.0000
EG10387	0.0000	0.0000	0.0000	0.0000	0.0000	0.3182	1.0000	1.0000
EG10388	4.0000	3.2857	2.3333	2.0000	2.0000	2.1818	3.0000	3.0000
EG10389	4.0000	3.2857	2.3333	2.0000	2.0000	2.1818	3.0000	3.0000
EG10390	1.0000	1.0000	1.0000	1.0000	0.1429	0.0000	0.0000	0.0000
EG10391	0.0000	0.0000	0.0000	0.0000	0.0000	0.0000	0.0000	0.0000
EG10392	0.0000	0.0000	0.0000	0.0000	0.0000	0.0000	0.0000	0.0000
EG10393	0.0000	0.0000	0.0000	0.0000	0.0000	0.0000	0.0000	0.0000
EG10394	9.0000	9.0000	8.0000	8.8182	8.0000	9.3182	9.5238	7.5455
EG10395	0.0000	0.0000	0.0000	0.0000	0.0000	0.0000	0.0000	0.0000
EG10396	3.0000	2.3333	2.0000	2.0000	2.0000	2.0000	2.0000	2.0000
EG10397	0.0000	0.0000	0.0000	0.0000	0.0000	0.0000	0.0000	0.0000
EG10398	3.0000	2.3333	2.0000	2.0000	2.0000	2.0000	2.0000	2.0000
EG10399	0.0000	0.0000	0.0000	0.0000	0.0476	1.0000	1.0000	1.0000
EG10400	0.0000	0.0000	0.0000	0.0000	0.0000	0.0000	0.0000	0.0000
EG10401	0.0000	0.0000	0.0000	0.0000	0.0000	0.0000	0.0000	0.0000
EG10402	5.0000	4.0476	3.6190	3.3182	3.8571	3.8182	4.0000	4.4091
EG10403	0.0000	0.0000	0.0000	0.3636	0.5238	1.0000	1.0000	1.0000
EG10404	0.0000	0.0000	0.0000	0.3636	0.5238	1.0000	1.0000	1.0000
EG10405	0.0000	0.0000	0.0000	0.0000	0.0000	0.0000	0.0000	0.0000
EG10406	0.0000	0.0000	0.0000	0.0000	0.0000	0.0000	0.0000	0.0000
EG10407	0.0000	0.9048	0.6190	0.7273	2.0000	1.7727	1.0000	1.7727
EG10408	3.0000	3.0000	2.8571	2.0000	2.0000	2.0000	1.9048	1.6364
EG10409	2.0000	1.0952	1.0000	1.0000	1.0000	1.0000	1.0000	1.0000
EG10410	2.0000	1.0952	1.0000	1.0000	1.0000	1.0000	1.0000	1.0000
EG10411	1.0000	1.0000	1.0000	1.0000	1.0000	1.0000	1.0000	1.0000
EG10412	0.0000	0.0000	0.0000	0.0000	0.0000	0.0000	0.0000	0.0000
EG10413	0.0000	0.6190	1.0000	1.0000	1.0000	0.2727	0.0000	0.0000
EG10414	0.0000	0.0000	0.0000	0.2273	2.2381	3.0000	2.6190	2.5000
EG10415	1.0000	1.0000	1.0000	0.9545	0.0000	0.0000	0.0000	0.0000
EG10416	7.0000	6.2857	6.0000	6.0000	5.8571	4.7273	5.3333	6.0000
EG10417	0.0000	0.0000	0.0000	0.0000	0.0000	0.0000	0.0000	0.0000
EG10418	0.0000	0.5714	1.0000	1.0000	1.0000	1.0000	1.0000	1.0000
EG10419	1.0000	1.0000	1.0000	1.0000	1.0000	1.0000	1.0000	1.0000
EG10420	1.0000	1.0000	1.0000	0.1364	0.0000	0.0000	0.0000	0.0000
EG10421	1.0000	1.0000	1.0000	0.1364	0.0000	0.0000	0.0000	0.0000
EG10422	1.0000	1.0000	1.0000	1.0000	1.0000	1.0000	1.0000	1.0000
EG10423	1.0000	1.0000	1.0000	1.0000	0.7143	0.0000	0.0000	0.0000
EG10424	0.0000	0.0000	0.0000	0.0000	0.0000	0.0000	0.0000	0.0000
EG10425	0.0000	0.0000	1.2381	2.0000	2.0000	2.0000	2.0000	2.0000
EG10426	0.0000	0.0000	0.0000	0.0000	0.0000	0.0000	0.0000	0.0000
EG10427	0.0000	0.0000	0.0000	0.0000	0.7143	1.0000	1.0000	0.1364
EG10428	0.0000	0.0000	0.0000	0.0000	0.0000	0.0000	0.0000	0.9091
EG10429	0.0000	0.0000	0.0000	0.0000	0.0000	0.0000	0.0000	0.0000
EG10430	0.0000	0.0000	0.0000	0.0000	0.0000	0.0000	0.0000	0.0000
EG10431	0.0000	0.0000	0.0000	0.0000	0.0000	0.0000	0.0000	0.0000
EG10432	0.0000	0.0000	0.0000	0.0000	0.0000	0.0000	0.0000	0.0000
EG10433	0.0000	0.0000	0.0000	0.0000	0.0000	0.0000	0.0000	0.0000
EG10434	0.0000	0.0000	0.0000	0.0000	0.0000	0.0000	0.0000	0.0000
EG10435	1.0000	1.5238	2.0000	2.0000	2.0000	2.0000	2.0000	2.0000
EG10436	1.0000	1.5238	2.0000	2.0000	2.0000	2.0000	2.0000	2.0000
EG10437	1.0000	1.5238	2.0000	2.0000	2.0000	2.0000	2.0000	2.0000
EG10438	4.0000	4.5238	5.0000	5.0000	5.0000	5.0000	5.0000	5.0000
EG10439	2.0000	2.0000	2.2857	3.0000	3.0000	3.0000	3.0000	3.0000
EG10440	1.0000	1.0000	1.0000	1.0000	1.2381	2.0000	1.7143	3.0000
EG10441	2.0000	2.0000	2.0000	1.6818	1.0000	1.0000	1.0000	1.0000
EG10442	0.0000	0.0000	0.0000	0.0000	0.0000	0.0000	0.0000	0.0000
EG10443	0.0000	0.0000	0.0000	0.0000	0.0000	0.0000	0.0000	0.0000
EG10444	1.0000	1.0000	1.0000	1.0000	1.0000	0.6818	0.0000	0.0000
EG10445	1.0000	1.0000	1.0000	1.0000	1.0000	0.6818	0.0000	0.0000
EG10446	1.0000	1.0000	1.0000	1.0000	1.0000	0.6818	0.0000	0.0000
EG10447	1.0000	1.0000	1.0000	1.0000	1.0000	0.6818	0.0000	0.0000
EG10448	1.0000	1.0000	1.0000	1.0000	1.0000	0.6818	0.0000	0.0000
EG10449	1.0000	1.0000	1.0000	1.0000	1.0000	0.6818	0.0000	0.0000
EG10450	1.0000	1.0000	1.0000	1.0000	1.0000	0.6818	0.0000	0.0000
EG10451	1.0000	1.0000	1.0000	1.0000	1.0000	0.6818	0.0000	0.0000
EG10452	0.0000	0.0000	0.0000	0.0000	0.0000	0.0000	0.0000	0.0000
EG10453	0.0000	0.8571	0.9048	0.0000	0.0000	0.3182	1.0000	1.0000
EG10454	0.0000	0.0000	0.0000	0.0000	0.0000	0.0000	0.0000	0.0000
EG10455	0.0000	0.0000	0.0952	1.0909	2.0000	1.2273	1.0000	1.9091
EG10456	0.0000	0.0000	0.0000	0.0000	0.0000	0.0000	0.0000	0.0000
EG10457	15.0000	14.8571	13.9524	12.9545	13.4762	15.0000	14.7143	16.6364
EG10458	0.0000	0.0000	0.0000	0.0000	0.0000	0.7727	1.0000	1.0000
EG10459	0.0000	0.0000	0.0000	0.0000	0.0000	0.7727	1.0000	1.0000
EG10460	0.0000	0.0000	0.0000	0.0000	0.0000	0.7727	1.0000	1.0000
EG10461	0.0000	0.0000	0.0000	0.0000	0.0000	0.0000	0.0000	0.0000
EG10462	0.0000	0.0000	0.6667	0.5000	0.0000	0.0000	0.0000	0.0000
EG10463	1.0000	0.9048	0.0000	0.0000	0.0000	0.0000	0.0000	0.0000
EG10464	0.0000	0.0000	0.0000	0.0000	0.0000	0.0000	0.0000	0.0000
EG10465	1.0000	1.1429	1.6190	1.0000	0.2381	1.0000	1.4762	2.0000
EG10466	18.0000	18.9048	19.7143	19.5909	21.0952	20.4091	19.4762	18.2273
EG10467	9.0000	9.5714	10.0000	10.0000	11.0000	10.4545	10.2857	10.0000
EG10468	0.0000	0.0000	0.0000	0.0000	0.0000	0.0000	0.0000	0.0000
EG10469	0.0000	0.0000	0.0000	0.0000	0.0000	0.0000	0.0000	0.0000
EG10470	0.0000	0.0000	0.0000	0.0000	0.0000	0.0000	0.0000	0.0000
EG10471	0.0000	0.0000	0.0000	0.0000	0.0000	0.0000	0.0000	0.0000
EG10472	0.0000	0.0000	0.0000	0.0000	0.0000	0.0000	0.0000	0.0000
EG10473	0.0000	0.0000	0.0000	0.0000	0.0000	0.0000	0.0000	0.0000
EG10474	0.0000	0.0000	0.0000	0.0000	0.0000	0.0000	0.0000	0.0000
EG10475	0.0000	0.0000	0.0000	0.0000	0.0000	0.0000	0.0000	0.0000
EG10476	0.0000	0.0000	0.0000	0.0000	0.0000	0.0000	0.0000	0.0000
EG10477	0.0000	0.0000	0.0000	0.0000	0.0000	0.0000	0.0000	0.0000
EG10478	0.0000	0.0000	0.0000	0.0000	0.0000	0.0000	0.0000	0.0000
EG10479	0.0000	0.0000	0.0000	0.0000	0.0000	0.0000	0.0000	0.0000
EG10480	0.0000	0.0000	0.0000	0.0000	0.0000	0.0000	0.0000	0.0000
EG10481	0.0000	0.0000	0.0000	0.0000	0.0000	0.0000	0.0000	0.0000
EG10482	0.0000	0.0000	0.0000	0.0000	0.0000	0.0000	0.0000	0.0000
EG10483	0.0000	0.0000	0.0000	0.0000	0.0000	0.0000	0.0000	0.0000
EG10484	0.0000	0.0000	0.0000	0.0000	0.0000	0.0000	0.0000	0.0000
EG10485	0.0000	0.0000	0.0000	0.0000	0.0000	0.0000	0.0000	0.0000
EG10486	0.0000	0.0000	0.0000	0.0000	0.0000	0.0000	0.0000	0.0000
EG10487	0.0000	0.0000	0.0000	0.0000	0.0000	0.0000	0.0000	0.0000
EG10488	0.0000	0.0000	0.0000	0.0000	0.0000	0.0000	0.0000	0.0000
EG10489	10.0000	10.0000	9.0476	9.0909	9.2857	9.9545	11.5714	10.5455
EG10490	0.0000	0.0000	0.0000	0.6364	1.0000	0.8636	0.0000	0.0000
EG10491	0.0000	0.7143	1.0000	1.0000	0.5238	0.0000	0.0000	0.0000
EG10492	0.0000	0.0000	0.3333	0.4091	0.0000	0.0000	0.0000	0.0000
EG10493	0.0000	0.0000	0.0000	0.0000	0.0000	0.0000	0.4286	0.7273
EG10494	0.0000	0.0000	0.0000	0.2273	1.0000	1.0000	1.0000	1.0909
EG10495	15.0000	14.7619	11.8571	7.7273	6.3333	4.4545	1.6667	2.7727
EG10496	0.0000	0.0000	0.0000	0.0000	0.0000	0.0000	0.4286	0.7273
EG10497	0.0000	0.0000	0.0000	0.0000	0.0000	0.0000	0.4286	0.7273
EG10499	1.0000	1.0000	1.0000	1.0000	1.0000	1.0000	0.6667	0.0000
EG10500	1.0000	1.0000	1.0000	1.0000	1.0000	1.0000	0.6667	0.0000
EG10501	0.0000	0.0000	0.0000	0.0000	0.0000	0.0000	0.0000	0.0000
EG10502	0.0000	0.0000	0.0000	0.2273	1.0000	1.0000	1.0000	1.0909
EG10503	0.0000	0.0000	0.0000	0.0000	0.0000	0.0000	0.0000	0.0000
EG10504	7.0000	7.1905	8.0000	8.0000	8.3333	7.3182	7.0000	8.0909
EG10505	2.0000	2.0000	2.0000	2.0000	2.0000	2.0000	2.0000	2.0000
EG10506	12.0000	12.3333	12.7619	12.4545	12.4762	11.9545	11.7619	12.0000
EG10507	1.0000	0.3810	0.0000	0.0000	0.0000	0.0000	0.0000	0.0000
EG10508	3.0000	3.0000	3.0000	3.0000	2.1429	2.0000	2.0000	1.0455
EG10509	0.0000	0.0000	0.0000	0.0000	0.0000	0.0000	0.0000	0.0000
EG10510	4.0000	4.0000	4.0000	3.4091	3.0000	3.1364	4.7143	5.0000
EG10511	0.0000	0.9048	1.0000	1.0000	1.0000	0.7273	0.0000	0.0000
EG10512	0.0000	0.0000	0.0000	0.0000	0.0000	0.0000	0.0000	0.0000
EG10513	0.0000	0.0000	0.0000	0.0000	0.0000	0.0000	0.0000	0.0000
EG10514	0.0000	0.0000	0.0000	0.0000	0.0000	0.0000	0.0000	0.0000
EG10515	0.0000	0.0000	0.0000	0.0000	0.0000	0.0000	0.0000	0.0000
EG10516	0.0000	0.0000	0.0000	0.0000	0.0000	0.0000	0.0000	0.0000
EG10517	0.0000	0.0000	0.0000	0.0000	0.0000	0.0000	0.0000	0.0000
EG10518	1.0000	1.0000	1.0000	1.0000	1.0000	1.7273	2.0000	2.5909
EG10519	0.0000	0.0952	1.0000	1.5455	2.0000	2.0000	2.0000	2.0000
EG10520	0.0000	0.0000	0.0000	0.0000	0.0000	0.0000	0.1905	1.0000
EG10521	0.0000	0.0000	0.0000	0.0000	0.0000	0.0000	0.0000	0.0000
EG10522	2.0000	2.0000	1.7619	2.1818	2.0000	2.0000	2.0000	2.8182
EG10523	0.0000	0.0000	0.4286	1.0000	1.0000	1.0000	1.0000	1.0000
EG10524	0.0000	0.0000	0.0000	0.0000	0.0000	0.0000	0.0000	0.0000
EG10525	0.0000	0.0000	0.0000	0.0000	0.0000	0.0000	0.0000	0.0000
EG10526	0.0000	0.0000	0.0000	0.0000	0.0000	0.0000	0.0000	0.0000
EG10527	0.0000	0.0000	0.0000	0.0000	0.0000	0.0000	0.0000	0.0000
EG10528	0.0000	0.0000	0.0000	0.0000	0.0000	0.0000	0.0000	0.0000
EG10529	0.0000	0.0000	0.0000	0.0000	0.0000	0.0000	0.0000	0.0000
EG10530	0.0000	0.0000	0.0000	0.0000	0.0000	0.0000	0.0000	0.0000
EG10531	0.0000	0.0000	0.0000	0.0000	0.0000	0.0000	0.0000	0.0000
EG10532	2.0000	2.0000	1.0952	1.0000	0.3333	0.0000	0.0000	0.0000
EG10533	1.0000	1.0000	1.0000	0.9545	0.0000	0.0000	0.0000	0.0000
EG10534	0.0000	0.0000	0.0000	0.0000	0.0000	0.0000	0.0000	0.0000
EG10535	0.0000	0.0000	0.0000	0.0000	0.0000	0.0000	0.0000	0.0000
EG10536	0.0000	0.0000	0.6190	0.0000	0.0000	0.0000	0.0000	0.0000
EG10537	0.0000	0.0000	0.6190	0.0000	0.0000	0.0000	0.0000	0.0000
EG10538	0.0000	0.0000	0.6190	0.0000	0.0000	0.0000	0.0000	0.0000
EG10539	2.0000	2.0000	2.0000	2.0000	2.0000	2.0000	2.0000	2.5455
EG10540	0.0000	0.0000	0.6190	0.0000	0.0000	0.0000	0.0000	0.0000
EG10541	0.0000	0.0000	0.6190	0.0000	0.0000	0.0000	0.0000	0.0000
EG10542	1.0000	1.0000	1.0000	1.0000	1.0000	1.0000	1.0000	1.0000
EG10543	7.0000	7.0000	7.1429	7.6364	7.6190	6.1818	6.0000	6.1364
EG10544	109.0000	109.8571	110.3810	112.1818	109.1429	103.0000	105.0476	108.3182
EG10545	0.0000	0.0000	0.0952	1.0909	2.0000	1.2273	1.0000	1.9091
EG10546	0.0000	0.0000	0.0952	1.0909	2.0000	1.2273	1.0000	1.9091
EG10547	0.0000	0.0000	0.0000	0.0000	0.0000	0.0000	0.0000	0.0000
EG10548	0.0000	0.0000	0.3333	0.4091	0.0000	0.0000	0.0000	0.0000
EG10549	2.0000	2.0000	2.0000	2.0000	1.2857	1.0000	1.0000	1.0000
EG10550	0.0000	0.8095	1.6667	2.0000	2.4286	2.8636	2.0000	2.1818
EG10551	0.0000	0.0000	0.0000	0.0000	0.0000	0.0000	0.0000	0.0000
EG10552	4.0000	3.5238	2.0000	1.2727	1.0000	1.2727	1.0000	1.9091
EG10553	0.0000	0.0000	0.0000	0.0000	0.0000	0.0000	0.0000	0.0000
EG10554	0.0000	0.0000	0.0000	0.0000	0.0000	0.0000	0.0000	0.0000
EG10555	0.0000	0.0000	0.0000	0.0000	0.0000	0.0000	0.0000	0.0000
EG10556	0.0000	0.0000	0.0000	0.0000	0.0000	0.0000	0.0000	0.0000
EG10557	0.0000	0.0000	0.0000	0.0000	0.0000	0.0000	0.0000	0.0000
EG10558	0.0000	0.0000	0.0000	0.0000	0.0000	0.0000	0.0000	0.0000
EG10559	0.0000	0.0000	0.0000	0.0000	0.0000	0.0000	0.0000	0.0000
EG10560	0.0000	0.0000	0.0000	0.0000	0.0000	0.0000	0.0000	0.0000
EG10561	0.0000	0.0000	0.0000	0.0000	0.0000	0.0000	0.0000	0.0000
EG10562	1.0000	1.0000	1.0000	1.0000	1.0000	1.0000	1.0000	1.0000
EG10563	0.0000	0.0000	0.0000	0.0000	0.0000	0.0000	0.0000	0.0000
EG10564	0.0000	0.0000	0.0000	0.0000	0.0000	0.0000	0.0000	0.0000
EG10565	0.0000	0.0000	0.0000	0.0000	0.0000	0.0000	0.0000	0.0000
EG10566	1.0000	1.0000	1.0000	1.0000	1.0000	0.8636	0.0000	0.0000
EG10567	3.0000	3.0000	3.0000	3.0000	3.0000	2.9545	2.0000	2.0000
EG10568	3.0000	3.0000	3.0000	3.0000	3.0000	2.9545	2.0000	2.0000
EG10569	3.0000	3.0000	3.0000	3.0000	3.0000	2.9545	2.0000	2.0000
EG10570	1.0000	1.0000	1.0000	1.0000	1.0000	1.0000	1.0000	1.0000
EG10571	1.0000	1.0000	1.1429	1.6818	1.0000	1.0000	1.0000	1.0000
EG10572	0.0000	0.0000	0.1429	1.0000	1.0000	1.0000	1.0000	1.0000
EG10573	0.0000	0.0000	0.0000	0.0000	0.0000	0.0000	0.0000	0.0000
EG10574	0.0000	0.0000	0.0000	0.0000	0.0000	0.0000	0.0000	0.0000
EG10575	0.0000	0.0000	0.0000	0.0000	0.0000	0.0000	0.0000	0.0000
EG10576	6.0000	6.0000	5.5238	5.0000	5.0000	5.0000	5.0000	4.1364
EG10577	0.0000	0.0000	0.0000	0.0000	0.0000	0.0000	0.0000	0.0000
EG10578	0.0000	0.0000	0.0000	0.0000	0.0000	0.0000	0.0000	0.0000
EG10579	3.0000	3.0000	3.0000	3.0000	3.0000	3.0000	3.0000	3.0000
EG10580	0.0000	0.0000	0.0000	0.0000	0.0000	0.0000	0.0000	0.0000
EG10581	3.0000	3.9048	4.2381	4.5909	4.1905	2.5455	3.0000	2.5000
EG10582	0.0000	0.0000	0.0000	0.0000	0.0000	0.0000	0.0000	0.0000
EG10583	0.0000	0.0000	0.0000	0.7273	1.0000	1.4545	2.0000	2.0000
EG10584	8.0000	8.0000	8.0000	8.0000	7.6190	7.0000	7.0000	8.0000
EG10585	1.0000	1.0000	1.0000	1.0000	1.0000	0.0909	0.2857	1.0000
EG10586	1.0000	1.0000	1.0000	1.0000	1.0000	1.8182	2.0000	2.0000
EG10587	1.0000	1.0000	1.0000	1.0000	1.0000	0.2727	0.0000	0.0000
EG10588	1.0000	1.0000	1.0000	0.3636	0.0000	0.0000	0.0000	0.0000
EG10589	9.0000	8.6667	8.0000	8.5909	7.1429	5.0909	3.8571	3.8182
EG10590	0.0000	0.0000	0.0000	0.0000	0.0000	0.0000	0.0000	0.0000
EG10591	0.0000	0.0000	0.0000	0.0000	0.0000	0.0000	0.0000	0.0000
EG10592	0.0000	0.0000	0.0000	0.0000	0.0000	0.0000	0.0000	0.0000
EG10593	0.0000	0.0000	0.0000	0.0000	0.0000	0.0000	0.0000	0.0000
EG10594	0.0000	0.0000	0.0000	0.0000	0.0000	0.0000	0.0000	0.0000
EG10595	4.0000	4.0000	4.0000	4.0000	4.0000	4.0000	4.0000	4.0000
EG10596	2.0000	2.0000	2.0000	2.0000	2.0000	2.0000	1.0000	1.0000
EG10597	2.0000	2.0000	2.0000	2.0000	2.0000	2.0000	1.0000	1.0000
EG10598	2.0000	2.0000	2.0000	2.0000	2.0000	2.0000	1.0000	1.0000
EG10599	4.0000	4.1429	5.0000	4.8636	3.9524	3.0000	4.0000	4.2273
EG10600	4.0000	4.0000	4.0000	3.8636	3.0000	3.0000	3.0000	3.0000
EG10601	2.0000	2.0000	2.0000	2.0000	2.2381	3.0000	3.0000	3.0000
EG10602	1.0000	1.0952	2.0000	2.0000	2.0000	2.0000	2.0000	2.0000
EG10603	0.0000	0.0000	0.0000	0.0000	0.0000	0.0000	0.2857	1.0000
EG10604	0.0000	0.0000	0.0000	0.0000	0.0000	0.0000	0.0000	0.0000
EG10605	0.0000	0.0000	0.0000	0.0000	0.0000	0.0000	0.0000	0.0000
EG10606	0.0000	0.0000	0.0000	0.8182	0.0000	0.0000	0.0000	0.0000
EG10607	0.0000	0.0000	0.0000	0.8182	0.0000	0.0000	0.0000	0.0000
EG10608	1.0000	1.0000	0.0476	0.0000	0.0000	0.0000	0.0000	1.0000
EG10609	1.0000	1.0000	0.0476	0.0000	0.0000	0.0000	0.0000	1.0000
EG10610	1.0000	1.0000	0.0476	0.0000	0.0000	0.0000	0.0000	1.0000
EG10611	0.0000	0.0000	0.0000	0.0000	0.0000	0.0000	0.0000	0.0000
EG10612	0.0000	0.0000	0.0000	0.0000	0.0000	0.0000	0.0000	0.0000
EG10613	0.0000	0.0000	0.0000	0.0000	0.0000	0.0000	0.0000	0.0000
EG10614	0.0000	0.0000	0.0000	0.0000	0.0000	0.0000	0.0000	0.0000
EG10615	0.0000	0.0000	0.0000	0.0000	0.0000	0.0000	0.0000	0.0000
EG10616	0.0000	0.0000	0.0000	0.0000	0.0000	0.0000	0.0000	0.0000
EG10617	0.0000	0.0000	0.0000	0.0000	0.0000	0.0000	0.0000	0.0000
EG10618	0.0000	0.0000	0.0000	0.0000	0.0000	0.0000	0.0000	0.0000
EG10619	1.0000	0.5714	0.0000	0.0000	0.0000	0.0000	0.0000	0.0000
EG10620	2.0000	2.0000	2.0000	2.0000	2.0000	2.0000	2.0000	2.0000
EG10621	0.0000	0.0000	0.0000	0.0000	0.0000	0.0000	0.0000	0.0000
EG10622	0.0000	0.0000	0.0000	0.0000	0.0000	0.0000	0.0000	0.0000
EG10623	1.0000	1.0000	1.0000	1.0000	1.0000	0.5000	0.0000	0.0000
EG10624	0.0000	0.0000	0.0000	0.0000	0.0000	0.0000	0.0000	0.0000
EG10625	0.0000	0.0000	0.0000	0.0000	0.0000	0.0000	0.0000	0.0000
EG10626	0.0000	0.0000	0.0000	0.0000	0.0000	0.0000	0.0000	0.0000
EG10627	0.0000	0.0000	0.0000	0.0000	0.0000	0.0000	0.0000	0.0000
EG10628	0.0000	0.0000	0.0000	0.0000	0.0000	0.0000	0.0000	0.0000
EG10629	0.0000	0.0000	0.0000	0.0000	0.0000	0.0000	0.0000	0.0000
EG10630	1.0000	1.0000	1.0000	1.0000	0.6667	0.0000	0.0000	0.0000
EG10631	0.0000	0.0000	0.0000	0.0000	0.0000	0.0000	0.0000	0.0000
EG10632	0.0000	0.0000	0.0000	0.0000	0.0000	0.0000	0.0000	0.0000
EG10633	0.0000	0.0000	0.0000	0.0000	0.0000	0.0000	0.0000	0.0000
EG10634	0.0000	0.0000	0.0000	0.0000	0.0000	0.0000	0.0000	0.0000
EG10635	0.0000	0.0000	0.0000	0.0000	0.0000	0.0000	0.0000	0.0000
EG10636	0.0000	0.0000	0.0000	0.0000	0.0000	0.0000	0.0000	0.0000
EG10637	0.0000	0.0000	0.0000	0.0000	0.0000	0.0000	0.0000	0.0000
EG10638	0.0000	0.0000	0.0000	0.0000	0.0000	0.0000	0.0000	0.0000
EG10639	0.0000	0.0000	0.0000	0.0000	0.0000	0.0000	0.0000	0.0000
EG10640	0.0000	0.0000	0.0000	0.0000	0.0000	0.0000	0.0000	0.0000
EG10641	0.0000	0.0000	0.0000	0.0000	0.0000	0.0000	0.0000	0.0000
EG10642	0.0000	0.0000	0.0000	0.0000	0.0000	0.0000	0.0000	0.0000
EG10643	0.0000	0.0000	0.0000	0.0000	0.0000	0.0000	0.0000	0.0000
EG10644	0.0000	0.0000	0.0000	0.0000	0.0000	0.0000	0.0000	0.0000
EG10645	0.0000	0.0000	0.0000	0.0000	0.0000	0.0000	0.0000	0.0000
EG10646	0.0000	0.0000	0.0000	0.0000	0.0000	0.0000	0.0000	0.0000
EG10647	0.0000	0.0000	0.0000	0.0000	0.0000	0.0000	0.0000	0.0000
EG10648	0.0000	0.0000	0.0000	0.0000	0.0000	0.0000	0.0000	0.0000
EG10649	0.0000	0.0000	0.0000	0.0000	0.0000	0.0000	0.9048	1.0000
EG10650	2.0000	2.0000	2.0000	2.0000	2.0000	2.2273	1.4286	1.9545
EG10651	0.0000	0.0000	0.0000	0.0000	0.0000	0.0000	0.0000	0.0000
EG10652	0.0000	0.0000	0.0000	0.0000	0.0000	0.0000	0.0000	0.0000
EG10653	0.0000	0.0000	0.0000	0.0000	0.0000	0.0000	0.0000	0.0000
EG10654	0.0000	0.0000	0.0000	0.0000	0.0000	0.0000	0.0000	0.0000
EG10655	0.0000	0.0000	0.0000	0.0000	0.0000	0.0000	0.0000	0.0000
EG10656	0.0000	0.0000	0.0000	0.0000	0.0000	0.0000	0.0000	0.0000
EG10657	1.0000	1.0000	1.0000	1.0000	1.0000	1.0000	1.0000	1.0000
EG10658	1.0000	1.0476	1.7143	1.0000	1.0000	1.0000	0.7619	0.0000
EG10660	1.0000	1.0000	1.0000	1.0000	1.0000	0.6818	0.0000	0.0000
EG10661	1.0000	1.0000	1.0000	1.0000	1.0000	0.6818	0.0000	0.0000
EG10662	0.0000	0.4762	1.0000	1.0000	0.9048	0.0000	0.0000	0.0000
EG10663	1.0000	1.0000	1.0000	1.0000	1.0000	1.0000	1.0000	1.8182
EG10664	0.0000	0.0000	0.0000	0.0000	0.0000	0.0000	0.0000	0.0000
EG10665	2.0000	2.0000	2.0000	2.0000	2.0000	2.0000	2.0000	2.0000
EG10666	6.0000	6.0000	6.0000	5.0455	4.0000	4.0000	4.0000	4.5909
EG10667	3.0000	3.0000	3.0476	4.0000	4.0000	4.6818	5.0000	5.0000
EG10668	0.0000	0.0000	0.0000	0.0000	0.0000	0.0000	0.0000	0.0000
EG10669	60.0000	59.6190	59.0000	60.0455	61.4762	63.9091	64.7143	66.3182
EG10670	0.0000	0.0000	0.0000	0.0000	0.0000	0.0000	0.0000	0.0000
EG10671	62.0000	61.2381	60.2381	59.5455	58.7143	60.7273	61.6190	62.2727
EG10672	0.0000	0.0000	0.0000	0.0000	0.0000	0.0000	0.0000	0.0000
EG10673	20.0000	19.8095	19.0000	19.0909	18.4286	14.7273	14.0000	14.0000
EG10674	21.0000	20.0000	17.8571	17.1818	17.9524	17.7273	17.7619	17.0000
EG10675	4.0000	3.6190	3.0000	3.0000	3.6667	3.0000	3.0000	3.0000
EG10676	4.0000	3.6190	3.0000	3.0000	3.6667	3.0000	3.0000	3.0000
EG10677	4.0000	3.6190	3.0000	3.0000	3.6667	3.0000	3.0000	3.0000
EG10678	4.0000	3.6190	3.0000	3.0000	3.6667	3.0000	3.0000	3.0000
EG10679	0.0000	0.0000	0.0000	0.0000	0.0000	0.0000	0.0000	0.0000
EG10680	1.0000	1.0000	1.0000	1.0000	1.0000	1.0000	1.0000	1.0000
EG10681	0.0000	0.0000	0.0000	0.0000	0.0000	0.0000	0.0000	0.0000
EG10682	0.0000	0.0000	0.0000	0.0000	0.0000	0.0000	0.0000	0.0000
EG10683	0.0000	0.0000	0.0000	0.0000	0.0000	0.0000	0.0000	0.0000
EG10684	7.0000	7.1429	8.0000	8.0000	8.0000	8.0000	8.3333	9.3636
EG10685	0.0000	0.0000	0.0000	0.0000	0.0000	0.0000	0.0000	0.0000
EG10686	0.0000	0.0000	0.0000	0.0000	0.0000	0.0000	0.3333	0.0000
EG10687	2.0000	2.0000	1.4286	0.5000	0.0000	0.0000	0.0000	0.4091
EG10688	0.0000	0.0000	0.0000	0.0000	0.0000	0.0000	0.0000	0.0000
EG10689	0.0000	0.0000	0.0000	0.0000	0.0000	0.0000	0.0000	0.0000
EG10690	1.0000	1.0000	1.0000	1.0000	1.2381	1.0455	1.0000	1.0000
EG10691	1.0000	1.0000	0.4762	0.0000	0.0000	0.0000	0.0000	0.0000
EG10693	0.0000	0.0000	0.0000	0.0000	0.0000	0.0000	0.0000	0.0000
EG10694	2.0000	1.7143	1.0000	1.0000	1.0000	1.0000	1.0000	1.0000
EG10695	2.0000	2.0000	2.0000	2.0000	1.6190	1.0000	1.0000	1.0000
EG10696	1.0000	1.0000	1.0000	1.0000	0.5238	0.0000	0.0000	0.0000
EG10697	3.0000	2.3333	2.0000	2.0000	2.0000	1.2727	1.0000	1.0000
EG10698	1.0000	1.0000	0.9524	0.0000	0.0000	0.0000	0.0000	0.0000
EG10699	0.0000	0.0000	0.0000	0.0000	0.0000	0.0000	0.0000	0.0000
EG10700	0.0000	0.0000	0.0000	0.0909	1.0000	1.0000	1.0000	1.0000
EG10701	3.0000	3.0000	2.3333	2.0000	2.0000	1.3182	1.0000	1.0000
EG10702	1.0000	1.0000	1.0000	1.0000	1.6667	1.0000	1.0000	0.4545
EG10703	9.0000	9.0000	6.6667	6.9091	7.0000	7.0000	7.0000	6.4545
EG10704	0.0000	0.0000	0.0000	0.0000	0.0000	0.0000	0.0000	0.0000
EG10705	0.0000	0.0000	0.0000	0.0000	0.0000	0.0000	0.0000	0.0000
EG10706	0.0000	0.0000	0.0000	0.0000	0.0000	0.0000	0.0000	0.0000
EG10707	1.0000	1.0000	0.0952	0.0000	0.0000	0.7727	1.0000	1.0000
EG10708	0.0000	0.0000	0.0000	0.0000	0.0000	0.0000	0.0000	0.0000
EG10709	0.0000	0.0000	0.0000	0.0000	0.0000	0.0000	0.0000	0.0000
EG10710	0.0000	0.0000	0.0000	0.0000	0.0000	0.0000	0.0000	0.0000
EG10711	1.0000	1.0000	1.0000	1.0000	1.0000	1.0000	1.0000	1.0000
EG10712	0.0000	0.0000	0.0000	0.0000	0.0000	0.0000	0.0000	0.0000
EG10713	0.0000	0.0000	0.0000	0.0000	0.0000	0.0000	0.0000	0.0000
EG10714	0.0000	0.0000	0.0000	0.0000	0.0000	0.0000	0.0000	0.0000
EG10715	0.0000	0.0000	0.0000	0.0000	0.0000	0.0000	0.0000	0.0000
EG10716	0.0000	0.0000	0.0000	0.0000	0.0000	0.0000	0.0000	0.0000
EG10717	0.0000	0.0000	0.0000	0.0000	0.0000	0.0000	0.0000	0.0000
EG10718	0.0000	0.0000	0.0000	0.0000	0.0000	0.0000	0.0000	0.0000
EG10719	0.0000	0.0000	0.0000	0.0000	0.0000	0.0000	0.0000	0.0000
EG10720	0.0000	0.0000	0.0000	0.0000	0.0000	0.0000	0.0000	0.0000
EG10721	0.0000	0.0000	0.0000	0.0000	0.0000	0.0000	0.0000	0.0000
EG10722	0.0000	0.0000	0.0000	0.0000	0.0000	0.0000	0.0000	0.0000
EG10723	0.0000	0.0000	0.0000	0.0000	0.0000	0.0000	0.0000	0.0000
EG10724	0.0000	0.0000	0.0000	0.0000	0.0000	0.0000	0.0000	0.0000
EG10725	0.0000	0.0000	0.0000	0.0000	0.0000	0.0000	0.0000	0.0000
EG10727	0.0000	0.0000	0.0000	0.0000	0.0000	0.0000	0.0000	0.0000
EG10728	0.0000	0.0000	0.0000	0.0000	0.0000	0.0000	0.0000	0.0000
EG10729	0.0000	0.0000	0.0000	0.0000	0.0000	0.0000	0.0000	0.0000
EG10730	0.0000	0.0000	0.0000	0.0000	0.0000	0.0000	0.0000	0.0000
EG10731	0.0000	0.0000	0.0000	0.0000	0.0000	0.0000	0.0000	0.0000
EG10732	0.0000	0.0000	0.0000	0.0000	0.0000	0.0000	0.0000	0.0000
EG10733	0.0000	0.0000	0.0000	0.0000	0.0000	0.0000	0.0000	0.0000
EG10734	1.0000	1.0000	1.0000	1.3636	2.0000	2.0000	1.1905	1.0000
EG10735	0.0000	0.0000	0.0000	0.0000	0.0000	0.0000	0.0000	0.0000
EG10736	0.0000	0.0000	0.0000	0.0000	0.0000	0.0000	0.0000	0.0000
EG10737	0.0000	0.0000	0.0000	0.0000	0.0000	0.0000	0.0000	0.0000
EG10738	0.0000	0.0000	0.0000	0.0000	0.0000	0.0000	0.0000	0.5909
EG10739	0.0000	0.0000	0.0000	0.0000	0.0000	0.0000	0.0000	0.0000
EG10740	0.0000	0.0000	0.5714	1.0000	1.0000	1.0000	1.0000	1.0000
EG10741	0.0000	0.0000	0.0000	0.0000	0.0000	0.0000	0.0000	0.0000
EG10742	3.0000	1.4286	1.0000	0.3182	0.4286	0.9545	0.0000	0.0000
EG10743	0.0000	0.0000	0.0000	1.1818	2.4286	3.0000	3.0000	3.0000
EG10744	5.0000	5.0000	5.0000	5.0000	5.0000	5.0000	5.0000	5.0000
EG10745	5.0000	5.0000	5.0000	5.0000	5.0000	5.0000	5.0000	5.0000
EG10746	2.0000	1.6190	1.0000	0.7727	0.0000	0.0000	0.0000	0.0000
EG10747	0.0000	0.0000	0.0000	0.0000	0.0000	0.0000	0.0000	0.0000
EG10748	0.0000	0.0000	0.0000	0.0000	0.0000	0.0000	0.0000	0.0000
EG10749	0.0000	0.0000	0.0000	0.0000	0.0000	0.0000	0.0000	0.0000
EG10750	0.0000	0.0000	0.0000	0.0000	0.0000	0.0000	0.0000	0.0000
EG10751	0.0000	0.0000	0.0000	0.0000	0.0000	0.0000	0.0000	0.0000
EG10752	0.0000	0.0000	0.0000	0.0000	0.0000	0.0000	0.0000	0.0000
EG10753	0.0000	0.0000	0.0000	0.0000	0.0000	0.0000	0.0000	0.0000
EG10754	0.0000	0.0000	0.0000	0.0000	0.0000	0.0000	0.0000	0.0000
EG10755	4.0000	4.9524	4.5238	4.0000	4.0000	4.0000	3.4762	4.4545
EG10756	0.0000	0.6190	0.3333	0.0000	0.0000	0.0000	0.0000	0.0000
EG10757	0.0000	0.0000	0.8095	1.0000	1.0000	1.0000	1.0000	1.0000
EG10758	4.0000	4.0000	4.0000	4.0000	4.0000	4.6818	5.3810	4.6364
EG10759	3.0000	3.0000	3.0000	3.0000	3.0000	3.0000	2.6667	2.0000
EG10760	3.0000	3.0000	3.0000	3.6818	2.0476	1.0000	1.0000	1.0000
EG10761	0.0000	0.0000	0.0000	0.0000	0.7143	1.0000	1.0000	0.1364
EG10762	4.0000	3.5238	2.0000	1.2727	1.0000	1.2727	1.0000	1.9091
EG10763	0.0000	0.0000	0.0000	0.0000	0.0000	0.0000	0.0000	0.0000
EG10764	30.0000	29.1429	27.3333	24.0909	25.1429	27.0455	29.6667	33.9091
EG10765	0.0000	0.0000	0.0000	0.0000	0.0000	0.0000	0.0000	0.0000
EG10766	3.0000	4.2857	5.0000	4.7273	3.0952	2.8636	4.0000	3.1364
EG10767	0.0000	0.0000	0.1429	1.7727	1.4762	0.6818	0.0000	0.0000
EG10768	0.0000	0.0000	0.1429	1.7727	1.4762	0.6818	0.0000	0.0000
EG10769	0.0000	0.0000	0.0000	0.0000	0.0000	0.0000	0.0000	0.0000
EG10770	0.0000	0.0000	0.5714	1.3636	1.4762	1.0000	1.0952	2.0000
EG10771	0.0000	0.0000	0.0000	0.0000	0.0000	0.0000	0.0000	0.0000
EG10772	0.0000	0.0000	0.0000	0.0000	0.0000	0.0000	0.0000	0.0000
EG10773	2.0000	2.0000	2.0000	2.0000	2.0000	2.0000	2.0000	2.0000
EG10774	0.0000	0.0000	0.0000	0.0000	0.0000	0.0000	0.3810	1.0000
EG10775	0.0000	0.0000	0.0000	0.0000	0.0000	0.0000	0.0000	0.0000
EG10776	0.0000	0.0000	0.0000	0.0000	0.0000	0.0000	0.0000	0.0000
EG10777	0.0000	0.0000	0.0000	0.0000	0.0000	0.0000	0.0000	0.0000
EG10778	0.0000	0.0000	0.0000	0.0000	0.0000	0.0000	0.0000	0.0000
EG10779	0.0000	0.0000	0.0000	0.0000	0.0000	0.0000	0.0000	0.0000
EG10780	0.0000	0.0000	0.1905	1.0000	1.0000	1.0000	0.3333	0.0000
EG10781	1.0000	1.0000	1.0000	1.0000	1.0476	2.0000	2.0000	2.0000
EG10782	0.0000	0.0000	0.0000	0.0000	0.0000	0.0000	0.0000	0.0000
EG10783	0.0000	0.0000	0.0000	0.0000	0.0000	0.0000	0.0000	0.0000
EG10784	0.0000	0.0000	0.0000	0.0000	0.0000	0.0000	0.0000	0.0000
EG10785	1.0000	1.0000	1.0000	1.0000	1.0000	1.0000	1.0000	1.0000
EG10786	0.0000	0.0000	0.0000	0.0000	0.0000	0.0000	0.0000	0.0000
EG10787	4.0000	4.0000	4.0000	3.4545	2.0000	2.0000	2.0000	2.0000
EG10788	8.0000	7.6190	7.0000	7.0000	7.7143	7.0000	7.8095	7.1818
EG10789	8.0000	7.6190	7.0000	7.0000	7.7143	7.0000	7.8095	7.1818
EG10790	4.0000	3.3810	3.0000	3.3182	3.0000	3.0000	3.3333	3.5455
EG10791	0.0000	0.0000	0.0000	0.0000	0.0000	0.0000	0.0000	0.0000
EG10792	1.0000	1.0000	1.0000	1.0000	1.0000	1.0000	0.7619	0.0000
EG10793	1.0000	0.2381	0.0000	0.0000	0.0000	0.0000	0.0000	0.0000
EG10794	1.0000	1.0000	1.0000	0.2727	0.0000	0.0000	0.0000	0.0000
EG10795	1.0000	1.0000	1.0000	1.0000	1.0000	1.0000	0.7619	0.0000
EG10796	1.0000	0.2381	0.0000	0.0000	0.0000	0.0000	0.0000	0.0000
EG10797	0.0000	0.0000	0.0000	0.0000	0.0000	0.0000	0.0000	0.0000
EG10798	1.0000	1.0000	1.0000	1.0000	1.0000	1.0000	1.0000	1.0000
EG10799	1.0000	1.0000	1.0000	1.0000	1.0000	1.0000	1.0000	1.0000
EG10800	0.0000	0.0000	1.1905	2.0000	1.2857	1.0000	0.9524	0.0000
EG10801	0.0000	0.0000	0.0000	0.0000	0.0000	0.0000	0.0000	0.0000
EG10802	0.0000	0.0000	0.0000	0.0000	0.0000	0.0000	0.0000	0.0000
EG10803	0.0000	0.0000	0.0000	0.0000	0.0000	0.0000	0.0000	0.0000
EG10804	3.0000	3.0000	3.0000	2.4545	2.7143	2.4545	3.0000	2.4545
EG10805	10.0000	9.9524	9.0000	8.0909	6.4286	7.0000	6.6190	5.2727
EG10806	3.0000	3.0000	3.0000	3.0000	3.0000	3.0000	2.5238	1.1364
EG10807	0.0000	0.0000	0.0000	0.0000	0.0000	0.0000	0.0000	0.0000
EG10808	0.0000	0.0000	0.0000	0.0000	0.0000	0.0000	0.0000	0.0000
EG10809	1.0000	1.0000	1.0000	1.0000	1.0000	0.5455	0.0000	0.0000
EG10810	1.0000	1.6190	2.0000	2.0000	2.0000	2.0000	1.0952	1.0000
EG10811	10.0000	9.9524	9.0000	8.0909	6.4286	7.0000	6.6190	5.2727
EG10812	0.0000	0.0000	0.0000	0.0000	0.0000	0.0000	0.0000	0.0000
EG10813	0.0000	0.0000	0.0000	0.0000	0.0000	0.0000	0.0000	0.0000
EG10814	0.0000	0.0000	0.0000	0.0000	0.0000	0.0000	0.0000	0.0000
EG10815	0.0000	0.0000	0.0000	0.0000	0.1429	0.0000	1.0000	1.0000
EG10816	0.0000	0.0000	0.0000	0.0000	0.0000	0.0000	0.0000	0.0000
EG10817	1.0000	1.0000	1.0000	1.0000	1.0000	1.0000	1.0000	1.0000
EG10818	0.0000	0.0000	0.0000	0.0000	0.0000	0.0000	0.0000	0.0000
EG10819	0.0000	0.0000	0.0000	0.0000	0.0000	0.0000	0.0000	0.0000
EG10820	0.0000	0.0000	0.0000	0.0000	0.0000	0.0000	0.0000	0.0000
EG10821	1.0000	1.0000	1.0000	1.0000	1.0000	1.0000	1.0000	1.0000
EG10822	0.0000	0.0000	0.0000	0.0000	0.0000	0.0000	0.0000	0.0000
EG10823	0.0000	0.0000	0.8571	1.0000	1.0000	1.0000	1.0000	1.0000
EG10824	0.0000	0.0000	0.0000	0.0000	0.0000	0.0000	0.0000	0.0000
EG10825	0.0000	0.0000	0.0000	0.0000	0.0000	0.0000	0.0000	0.0000
EG10826	0.0000	0.0000	0.0000	0.0000	0.0000	0.0000	0.0000	0.0000
EG10827	0.0000	0.0000	0.0000	0.0000	0.0000	0.0000	0.0000	0.0000
EG10828	0.0000	0.4286	2.7143	2.9091	2.5714	2.3636	2.0000	2.0000
EG10829	0.0000	0.2857	1.0000	0.7273	0.0000	0.0000	0.0000	0.0000
EG10830	0.0000	0.0000	0.0000	0.0000	0.0000	0.0000	0.0000	0.0000
EG10831	0.0000	0.0000	0.0000	0.0000	0.0000	0.0000	0.0000	0.0000
EG10832	0.0000	0.0000	0.0000	0.0000	0.0000	0.0000	0.0000	0.0000
EG10833	0.0000	0.0000	0.0000	0.0000	0.0000	0.0000	0.0000	0.0000
EG10834	2.0000	2.0000	2.0000	1.7273	1.0000	1.0000	1.0000	1.0000
EG10835	1.0000	1.0000	1.0000	1.0000	0.6190	0.0000	0.0000	0.0000
EG10836	0.0000	0.0000	0.0000	0.0000	0.0000	0.0000	0.0000	0.0000
EG10837	0.0000	0.0000	0.0000	0.0000	0.0000	0.0000	0.0000	0.0000
EG10838	0.0000	0.1905	1.0000	1.0000	1.0000	1.0000	1.0000	1.0000
EG10839	0.0000	0.0000	0.0000	0.0000	0.0000	0.0000	0.0000	0.0000
EG10840	0.0000	0.0000	0.0000	0.0000	0.0000	0.0000	0.0000	0.0000
EG10841	3.0000	3.0000	3.0000	3.0000	3.0000	3.0000	2.5238	3.0000
EG10842	0.0000	0.0000	0.0000	0.0000	0.0000	0.0000	0.0000	0.0000
EG10843	0.0000	0.0000	0.0000	0.0000	0.0000	0.0000	0.0000	0.0000
EG10844	1.0000	1.0000	1.0000	1.0000	1.0000	0.5000	0.2381	0.0000
EG10845	1.0000	0.7143	0.0476	1.0000	1.0000	1.0000	1.0000	1.0000
EG10846	0.0000	0.0000	0.0000	0.0000	0.0000	0.0000	0.0000	0.0000
EG10847	0.0000	0.0000	0.0000	0.0000	0.0000	0.0000	0.0000	0.0000
EG10848	0.0000	0.0000	0.0000	0.0000	0.0000	0.0000	0.0000	0.0000
EG10849	0.0000	0.0000	0.0000	0.0000	0.0000	0.0000	0.0000	0.0000
EG10850	0.0000	0.0000	0.0000	0.0000	0.0000	0.0000	0.0000	0.0000
EG10851	1.0000	1.0000	1.0000	1.0000	1.0000	1.0000	0.5238	0.0000
EG10852	0.0000	0.0000	0.0000	0.0000	0.0000	0.0000	0.0000	0.0000
EG10853	0.0000	0.0000	0.0000	0.0000	0.0000	0.0000	0.0000	0.0000
EG10854	0.0000	0.0000	0.0000	0.8182	0.0000	0.0000	0.0000	0.0000
EG10855	2.0000	2.0000	1.0952	1.0000	0.3333	0.0000	0.0000	0.0000
EG10856	0.0000	0.0000	0.0000	0.6818	0.0000	0.0000	0.0000	0.0000
EG10857	1.0000	1.0000	1.0000	1.0000	1.0000	1.0000	1.0000	1.0000
EG10858	0.0000	0.0000	0.0000	0.0000	0.0000	0.0000	0.0000	0.0000
EG10859	1.0000	1.0000	1.0000	1.0000	1.0000	1.0000	1.0000	1.0000
EG10860	0.0000	0.0000	0.0000	0.7273	1.0000	1.0000	1.0000	1.0000
EG10861	0.0000	0.0000	0.0952	1.0909	2.0000	1.2273	1.0000	1.9091
EG10862	2.0000	2.0000	2.0000	2.1818	3.0000	2.2273	2.0000	2.0000
EG10863	2.0000	2.0000	2.0000	2.0000	2.0000	2.0000	2.0000	2.0000
EG10864	14.0000	15.3810	16.3333	13.4091	14.4286	15.1818	16.0000	17.9545
EG10865	47.0000	46.1429	46.0000	45.6364	46.5714	48.0000	47.9048	47.0909
EG10866	47.0000	46.1429	46.0000	45.6364	46.5714	48.0000	47.9048	47.0909
EG10867	47.0000	46.1429	46.0000	45.6364	46.5714	48.0000	47.9048	47.0909
EG10868	54.0000	55.0952	56.0000	55.5909	53.0952	52.8636	54.0000	53.1364
EG10869	54.0000	55.0952	56.0000	55.5909	53.0952	52.8636	54.0000	53.1364
EG10870	30.0000	29.1429	27.3333	24.0909	25.1429	27.0455	29.6667	33.9091
EG10871	28.0000	29.3810	30.0476	26.4091	27.2381	27.1818	28.0000	29.2273
EG10872	14.0000	15.3810	16.3333	13.4091	14.4286	15.1818	16.0000	17.9545
EG10873	28.0000	29.3810	30.0476	26.4091	27.2381	27.1818	28.0000	29.2273
EG10874	19.0000	18.4762	19.0476	19.6364	19.5714	20.9091	21.4762	23.4545
EG10875	54.0000	55.0952	56.0000	55.5909	53.0952	52.8636	54.0000	53.1364
EG10876	54.0000	55.0952	56.0000	55.5909	53.0952	52.8636	54.0000	53.1364
EG10877	47.0000	46.1429	46.0000	45.6364	46.5714	48.0000	47.9048	47.0909
EG10878	32.0000	31.1429	29.2857	30.0455	30.8095	30.7727	31.1905	32.5455
EG10879	54.0000	55.0952	56.0000	55.5909	53.0952	52.8636	54.0000	53.1364
EG10880	15.0000	14.9524	14.7143	15.0000	14.6190	14.2727	14.0000	14.8182
EG10881	29.0000	28.5714	28.7619	27.7273	27.4762	26.9545	26.7619	27.0000
EG10882	47.0000	46.1429	46.0000	45.6364	46.5714	48.0000	47.9048	47.0909
EG10883	47.0000	46.1429	46.0000	45.6364	46.5714	48.0000	47.9048	47.0909
EG10884	54.0000	55.0952	56.0000	55.5909	53.0952	52.8636	54.0000	53.1364
EG10885	16.0000	16.1905	15.9524	15.0000	14.1429	13.0455	13.2381	12.7273
EG10886	29.0000	27.0000	23.0952	21.7727	22.0000	24.8182	26.0000	24.5455
EG10887	47.0000	46.1429	46.0000	45.6364	46.5714	48.0000	47.9048	47.0909
EG10888	54.0000	55.0952	56.0000	55.5909	53.0952	52.8636	54.0000	53.1364
EG10889	11.0000	9.6667	10.3333	11.0909	11.0000	10.7727	11.1905	11.0000
EG10890	18.0000	18.8095	19.9048	18.1818	17.8095	19.0909	18.8095	19.0455
EG10891	29.0000	27.0000	23.0952	21.7727	22.0000	24.8182	26.0000	24.5455
EG10892	19.0000	18.3810	16.0000	18.0455	20.3810	20.2273	20.7143	21.5455
EG10893	32.0000	31.1429	29.2857	30.0455	30.8095	30.7727	31.1905	32.5455
EG10894	5.0000	5.0000	5.0000	5.0000	5.0000	5.0000	5.0000	5.0000
EG10895	5.0000	5.0000	5.0000	5.0000	5.0000	5.0000	5.0000	5.0000
EG10896	0.0000	0.0000	0.0000	0.0000	0.0000	0.0000	0.0000	0.0000
EG10897	1.0000	1.0000	1.0000	1.0000	1.0000	1.0000	1.0000	0.4545
EG10898	1.0000	1.0000	0.5714	0.0000	0.0000	0.0000	0.5238	1.0000
EG10899	1.0000	1.2857	2.0000	1.7273	1.0000	1.0000	1.0000	1.0000
EG10900	19.0000	19.0952	18.9524	17.1364	16.2381	18.6818	18.3333	16.6364
EG10901	18.0000	17.0952	18.4762	20.4545	20.5714	22.0909	22.1905	22.0909
EG10902	47.0000	46.1429	46.0000	45.6364	46.5714	48.0000	47.9048	47.0909
EG10903	32.0000	31.1429	29.2857	30.0455	30.8095	30.7727	31.1905	32.5455
EG10904	54.0000	55.0952	56.0000	55.5909	53.0952	52.8636	54.0000	53.1364
EG10905	30.0000	29.1429	27.3333	24.0909	25.1429	27.0455	29.6667	33.9091
EG10906	39.0000	37.8095	36.2381	34.3182	33.0952	30.4091	29.5714	30.9091
EG10907	54.0000	55.0952	56.0000	55.5909	53.0952	52.8636	54.0000	53.1364
EG10908	19.0000	18.4762	19.0476	19.6364	19.5714	20.9091	21.4762	23.4545
EG10909	47.0000	46.1429	46.0000	45.6364	46.5714	48.0000	47.9048	47.0909
EG10910	32.0000	31.1429	29.2857	30.0455	30.8095	30.7727	31.1905	32.5455
EG10911	39.0000	37.8095	36.2381	34.3182	33.0952	30.4091	29.5714	30.9091
EG10912	32.0000	31.1429	29.2857	30.0455	30.8095	30.7727	31.1905	32.5455
EG10913	54.0000	55.0952	56.0000	55.5909	53.0952	52.8636	54.0000	53.1364
EG10914	23.0000	24.0952	26.7143	28.5909	32.0000	34.5909	36.2381	35.2273
EG10915	15.0000	14.9524	14.7143	15.0000	14.6190	14.2727	14.0000	14.8182
EG10916	47.0000	46.1429	46.0000	45.6364	46.5714	48.0000	47.9048	47.0909
EG10917	30.0000	29.1429	27.3333	24.0909	25.1429	27.0455	29.6667	33.9091
EG10918	47.0000	46.1429	46.0000	45.6364	46.5714	48.0000	47.9048	47.0909
EG10919	16.0000	16.2381	14.8571	13.8636	15.2857	17.4545	21.4762	22.1818
EG10920	28.0000	26.6190	23.5714	24.1818	26.1429	26.1364	26.9524	26.2273
EG10921	0.0000	0.0000	0.0000	1.0000	1.0000	1.0000	1.0000	0.0455
EG10922	0.0000	0.0000	0.0000	0.0000	0.3810	1.0000	0.9524	0.0000
EG10925	2.0000	2.0000	2.0000	2.0000	2.0000	2.0000	2.0000	2.0000
EG10926	0.0000	0.0000	0.0000	0.0000	0.0000	0.0000	0.0000	0.0000
EG10927	0.0000	0.0000	0.0000	0.0000	0.0000	0.0000	0.0000	0.0000
EG10928	0.0000	0.0000	0.0000	0.0000	0.0000	0.0000	0.0000	0.0000
EG10929	0.0000	0.0000	0.0000	0.0000	0.0000	0.0000	0.0000	0.0000
EG10930	0.0000	0.0000	0.0000	0.0000	0.0000	0.0000	0.0000	0.0000
EG10931	2.0000	2.0000	2.0000	2.0000	1.4286	1.0000	1.0000	1.0000
EG10932	2.0000	2.0000	2.0000	2.0000	1.4286	1.0000	1.0000	1.0000
EG10933	2.0000	2.0000	2.0000	2.0000	1.4286	1.0000	1.0000	1.0000
EG10934	2.0000	2.0000	2.0000	2.0000	1.4286	1.0000	1.0000	1.0000
EG10935	0.0000	0.0000	0.0000	0.0000	0.0000	0.0000	0.0000	0.0000
EG10936	2.0000	2.0000	2.0000	1.6364	1.0000	1.0000	1.0000	0.2727
EG10937	0.0000	0.0000	0.0000	0.0000	0.0000	0.0000	0.0000	0.0000
EG10938	0.0000	0.0000	0.0000	0.0000	0.0000	0.0000	0.0000	0.0000
EG10939	3.0000	3.0000	3.0476	4.0000	4.0000	4.6818	5.0000	5.0000
EG10940	0.0000	0.0000	0.0000	0.0000	0.0000	0.0000	0.0000	0.0000
EG10941	1.0000	1.0000	1.0000	1.0000	1.0000	1.0000	1.0000	1.0000
EG10942	1.0000	1.0000	1.0000	1.0000	1.0000	1.0000	1.0000	1.0000
EG10943	1.0000	1.0000	1.0000	0.7273	0.0000	0.0000	0.0000	0.0000
EG10944	9.0000	8.1429	6.3810	6.5455	7.7143	9.0000	8.4286	6.9091
EG10945	0.0000	0.0000	0.0000	0.0000	0.0000	0.0000	0.0000	0.0000
EG10946	3.0000	3.1429	3.5714	4.0000	3.3810	3.0455	2.3810	2.0000
EG10947	1.0000	1.0000	1.0000	1.0000	1.0476	2.0000	2.0000	2.0000
EG10948	2.0000	2.0000	2.0000	2.0000	2.0000	2.0000	2.0000	2.0000
EG10949	0.0000	0.0000	0.0000	0.0000	0.0000	0.0000	0.0000	0.0000
EG10950	0.0000	0.0000	0.0000	0.0000	0.0000	0.0000	0.0000	0.0000
EG10951	0.0000	0.0000	0.0000	0.0000	0.0000	0.0000	0.0000	0.0000
EG10952	0.0000	0.0000	0.7619	1.0000	1.0000	1.0000	1.3810	2.0000
EG10953	8.0000	8.0000	8.0000	7.0909	6.1429	7.0000	7.0000	6.2273
EG10954	1.0000	1.0000	1.0000	1.0000	1.0000	1.0000	1.0000	1.0000
EG10955	0.0000	0.0000	0.0000	0.0000	0.3810	1.0000	1.0000	1.0000
EG10956	0.0000	0.8095	1.0000	1.0000	1.0000	1.0000	1.0000	1.0000
EG10957	0.0000	0.0000	0.0000	0.0000	0.0000	0.0000	0.0000	0.0000
EG10958	0.0000	0.0000	0.0000	0.0000	0.0000	0.0000	0.0000	0.0000
EG10959	1.0000	1.0000	1.0000	1.0000	1.0000	1.0000	1.0000	1.0000
EG10960	1.0000	1.0000	1.0000	1.0000	1.0000	1.0000	1.0000	1.0000
EG10961	0.0000	0.0000	0.0000	0.0000	0.0000	0.0000	0.0000	0.0000
EG10962	0.0000	0.0000	0.0000	0.0000	0.0000	0.0000	0.0000	0.0000
EG10963	1.0000	1.0000	1.0000	1.0000	1.0000	1.0000	1.0000	1.0000
EG10964	0.0000	0.0000	0.0000	0.0000	0.0000	0.0000	0.0000	0.0000
EG10965	1.0000	1.0000	1.0000	1.0000	1.4286	2.0000	2.0000	1.0455
EG10966	0.0000	0.2857	1.0000	0.7273	0.0000	0.0000	0.0000	0.0000
EG10967	0.0000	0.2857	1.0000	0.7273	0.0000	0.0000	0.0000	0.0000
EG10968	0.0000	0.0000	0.0000	0.0000	0.0000	0.0000	0.0000	0.0000
EG10969	0.0000	0.0000	0.0000	0.0000	0.0000	0.0000	0.0000	0.0000
EG10970	0.0000	0.0000	0.0000	0.0000	0.0000	0.0000	0.0000	0.0000
EG10971	0.0000	0.0000	0.0000	0.0000	0.0000	0.0000	0.0000	0.0000
EG10972	0.0000	0.0000	0.0000	0.0000	0.0000	0.0000	0.0000	0.0000
EG10973	0.0000	0.0000	0.0000	0.0000	0.0000	0.0000	0.0000	0.0000
EG10974	0.0000	0.0000	0.0000	0.0000	0.0000	0.0000	0.0000	0.0000
EG10975	0.0000	0.0000	0.0000	0.0000	0.0000	0.0000	0.0000	0.0000
EG10976	0.0000	0.0000	0.0000	0.0000	0.0000	0.0000	0.0000	0.0000
EG10977	0.0000	0.0000	0.0000	0.0000	0.0000	0.0000	0.0000	0.0000
EG10978	0.0000	0.0000	0.0000	0.0000	0.0000	0.0000	0.0000	0.0000
EG10979	1.0000	1.0000	1.0000	1.0000	1.0000	1.0000	1.0000	1.0000
EG10980	1.0000	1.0000	1.0000	1.0000	1.0000	1.0000	1.0000	1.0000
EG10981	2.0000	2.0000	2.0000	2.0000	2.0000	2.3636	2.0000	2.4545
EG10982	6.0000	6.0000	6.2857	6.0000	6.0000	6.0000	6.0000	6.0000
EG10983	2.0000	2.0000	2.0000	2.0000	1.8571	1.0000	1.0000	1.0000
EG10984	0.0000	0.0000	0.0000	0.0000	0.0000	0.0000	0.0000	0.0000
EG10985	1.0000	1.0000	0.4762	0.0000	0.0000	0.0000	0.0000	0.0000
EG10986	0.0000	0.0000	0.0000	0.0000	0.0000	0.0000	0.0000	0.0000
EG10987	1.0000	1.0000	1.0000	1.0000	1.0000	1.0000	1.0000	1.0000
EG10988	1.0000	1.0000	1.0000	1.0000	1.0000	1.0000	1.0000	1.0000
EG10989	0.0000	0.0000	0.0000	0.0000	0.0000	0.0000	0.0000	0.0000
EG10990	0.0000	0.0000	0.0000	0.0000	0.0000	0.0000	0.0000	0.0000
EG10991	0.0000	0.0000	0.0000	0.0000	0.0000	0.0000	0.0000	0.0000
EG10992	0.0000	0.0000	0.0000	0.0000	0.0000	0.0000	0.0000	0.0000
EG10993	0.0000	0.0000	0.0000	0.0000	0.0000	0.0000	0.0000	0.0000
EG10994	0.0000	0.0000	0.0000	0.0000	0.0000	0.0000	0.0000	0.0000
EG10995	0.0000	0.0000	0.0000	0.0000	0.0000	0.0000	0.0000	0.0000
EG10996	1.0000	1.0000	1.0000	1.0000	1.0000	1.0000	1.0000	1.0000
EG10997	0.0000	0.0000	0.0000	0.0000	0.0000	0.0000	0.0000	0.0000
EG10998	1.0000	0.0952	0.0000	0.0000	0.9524	1.0000	2.5714	6.2727
EG10999	1.0000	0.0952	0.0000	0.0000	0.9524	1.0000	2.5714	6.2727
EG11000	1.0000	0.0952	0.0000	0.0000	0.9524	1.0000	2.5714	6.2727
EG11001	3.0000	3.0000	3.0000	3.0000	3.0000	3.0000	3.0000	3.0000
EG11002	2.0000	2.0000	2.0000	1.6818	1.0000	1.0000	1.0000	1.0000
EG11003	7.0000	6.5714	6.0000	5.3636	3.4286	2.7273	2.0000	1.3182
EG11004	0.0000	0.0000	0.0000	0.0000	0.0000	0.0000	0.0000	0.0000
EG11005	0.0000	0.0000	0.0000	0.0000	0.0000	0.0000	0.0000	0.0000
EG11006	0.0000	0.0000	0.0000	0.0000	0.0000	0.0000	0.0000	0.0000
EG11007	0.0000	0.0000	0.0000	0.0000	0.0000	0.0000	0.0000	0.0000
EG11008	0.0000	0.0000	0.0000	0.0000	0.0000	0.0000	0.1429	0.5000
EG11009	0.0000	0.0000	0.0000	0.0000	0.0000	0.8182	1.0000	1.0000
EG11010	0.0000	0.0000	0.0000	0.0000	0.0000	0.0000	0.0000	0.0000
EG11011	0.0000	0.0000	0.0000	0.0000	0.0000	0.0000	0.0000	0.0000
EG11012	1.0000	1.0000	1.0000	0.0000	0.6667	1.0909	1.9048	0.9091
EG11013	2.0000	1.5238	1.0000	1.5455	2.0000	1.1818	0.4762	0.0000
EG11014	1.0000	1.0000	1.0000	0.7273	0.0000	0.0000	0.0000	0.0000
EG11015	4.0000	4.2381	5.0000	5.0000	5.0000	4.4091	3.3333	2.0000
EG11016	0.0000	0.0000	0.0000	0.0000	0.0000	0.0000	0.0000	0.0000
EG11017	0.0000	0.0000	0.0000	0.0000	0.0000	0.0000	0.0000	0.0000
EG11018	1.0000	1.0000	1.0000	1.0000	1.0000	1.7273	2.0000	2.0000
EG11019	0.0000	0.0000	0.0000	0.0000	0.0000	0.0000	0.0000	0.0000
EG11020	0.0000	0.0000	0.0000	0.0000	0.0000	0.0000	0.0000	0.0000
EG11021	0.0000	0.0000	0.0000	0.0000	0.0000	0.0000	0.0000	0.0000
EG11022	0.0000	0.4286	1.0000	1.0000	1.0000	0.8636	0.0000	0.0000
EG11023	15.0000	14.9524	14.7143	15.0000	14.6190	14.2727	14.0000	14.8182
EG11024	0.0000	0.0000	0.4762	1.0000	1.0000	1.0000	1.0000	2.0000
EG11025	0.0000	0.0000	0.4762	1.0000	1.0000	1.0000	1.0000	2.0000
EG11026	0.0000	0.0000	0.4762	1.0000	1.0000	1.0000	1.0000	2.0000
EG11027	0.0000	0.0000	0.0000	0.0000	0.0000	0.0000	0.0000	0.0000
EG11028	0.0000	0.0000	0.0000	0.0000	0.0000	0.0000	0.0000	0.0000
EG11029	0.0000	0.8571	1.0000	1.0000	1.0000	1.0000	1.0000	1.0000
EG11030	0.0000	0.0000	0.0000	0.2273	1.0000	1.0000	1.0000	1.0000
EG11031	4.0000	3.3333	3.5714	2.4091	3.0000	3.0000	3.1429	3.2727
EG11032	0.0000	0.0000	0.0000	0.0000	0.0000	0.0000	0.0000	0.0000
EG11033	2.0000	2.0000	2.4286	2.0455	3.4762	4.2273	5.0000	5.0000
EG11034	4.0000	4.0000	4.0000	4.0000	4.0000	2.5455	2.0000	2.0000
EG11035	0.0000	0.0000	0.3333	1.0000	1.0000	1.0000	1.0000	1.0000
EG11036	39.0000	37.8095	36.2381	34.3182	33.0952	30.4091	29.5714	30.9091
EG11037	19.0000	18.1429	16.8095	16.8636	13.8571	12.0455	12.1429	12.0000
EG11038	1.0000	1.0000	1.0000	1.0000	1.0000	1.0000	1.0000	1.0000
EG11039	0.0000	0.0000	0.0000	0.0000	0.0000	0.0000	0.0000	0.0000
EG11040	0.0000	0.0000	0.0000	0.0000	0.0000	0.0000	0.0000	0.0000
EG11041	0.0000	0.0000	0.0000	0.0000	0.0000	0.0000	0.0000	0.0000
EG11042	0.0000	0.0000	0.0000	0.0000	0.0000	0.0000	0.0000	0.0000
EG11043	0.0000	0.0000	0.0000	0.0000	0.0000	0.0000	0.0000	0.0000
EG11044	0.0000	0.0000	0.0000	0.0000	0.0000	0.0000	0.0000	0.0000
EG11045	0.0000	0.0000	0.0000	0.0000	0.0000	0.0000	0.0000	0.0000
EG11046	0.0000	0.0000	0.0000	0.0000	0.0000	0.0000	0.0000	0.0000
EG11047	0.0000	0.0000	0.0000	0.0000	0.0000	0.0000	0.0000	0.0000
EG11048	0.0000	0.0000	0.0000	0.0000	0.0000	0.0000	0.0000	0.0000
EG11049	0.0000	0.0000	0.0000	0.0000	0.0000	0.0000	0.0000	0.0000
EG11050	0.0000	0.0000	0.0000	0.0000	0.0000	0.0000	0.0000	0.0000
EG11051	0.0000	0.0000	0.0000	0.0000	0.0000	0.0000	0.0000	0.5455
EG11052	0.0000	0.0000	0.0000	0.0000	0.0000	0.0000	0.0000	0.5455
EG11053	0.0000	0.0000	0.0000	0.0000	0.0000	0.0000	0.0000	0.5455
EG11054	0.0000	0.0000	0.0000	0.0000	0.0000	0.0000	0.0000	0.0000
EG11055	0.0000	0.0000	0.0000	0.0000	0.0000	0.0000	0.0000	0.0000
EG11056	0.0000	0.0000	0.0000	0.0000	0.0000	0.0000	0.0000	0.0000
EG11057	0.0000	0.0000	0.0000	0.0000	0.0000	0.0000	0.0000	0.0000
EG11058	0.0000	0.0000	0.0000	0.0000	0.0000	0.0000	0.0000	0.0000
EG11059	0.0000	0.0000	0.0000	0.0000	0.0000	0.0000	0.0000	0.0000
EG11060	0.0000	0.0000	0.0000	0.0000	0.0000	0.0000	0.0000	0.0000
EG11061	0.0000	0.0000	0.0000	0.0000	0.0000	0.0000	0.0000	0.0000
EG11062	0.0000	0.0000	0.0000	0.0000	0.0000	0.0000	0.0000	0.0000
EG11063	0.0000	0.0000	0.0000	0.0000	0.0000	0.0000	0.0000	0.0000
EG11064	0.0000	0.0000	0.0000	0.0000	0.0000	0.0000	0.0000	0.0000
EG11065	0.0000	0.0000	0.0000	0.0000	0.0000	0.0000	0.0000	0.0000
EG11066	0.0000	0.0000	0.0000	0.0000	0.0000	0.0000	0.0000	0.0000
EG11067	0.0000	0.0000	0.0000	0.0000	0.0000	0.0000	0.0000	0.0000
EG11068	1.0000	1.0000	1.0000	1.0000	1.0000	1.0000	1.0000	1.0000
EG11069	2.0000	2.0000	2.0000	2.0000	2.0000	2.0000	2.0000	1.9545
EG11070	1.0000	1.0000	1.0000	1.0000	0.9524	0.0000	0.0000	0.0000
EG11071	0.0000	0.0000	0.0000	0.0000	0.0000	0.0000	0.0000	0.0000
EG11072	1.0000	1.0000	1.0000	1.0000	1.0000	1.0000	1.0000	0.0000
EG11073	1.0000	1.0000	1.0000	1.0000	1.0000	1.0000	0.1429	0.0000
EG11074	0.0000	0.0000	0.0000	0.0000	0.0000	0.0000	0.0000	0.0000
EG11075	0.0000	0.0000	0.0000	0.0000	0.0000	0.0000	0.0000	0.0000
EG11076	0.0000	0.0000	0.0000	0.0000	0.0000	0.0000	0.0000	0.0000
EG11078	0.0000	0.0000	0.0000	0.0000	0.0000	0.0000	0.0000	0.0000
EG11079	0.0000	0.0000	0.0000	0.0000	0.0000	0.0000	0.0000	0.0000
EG11080	0.0000	0.0000	0.3333	0.4091	0.0000	0.0000	0.0000	0.0000
EG11081	0.0000	0.0000	0.3333	0.4091	0.0000	0.0000	0.0000	0.0000
EG11082	0.0000	0.0000	0.0000	0.0000	0.0000	0.0000	0.0000	0.0000
EG11083	0.0000	0.0000	0.0000	0.0000	0.0000	0.0000	0.0000	0.0000
EG11084	0.0000	0.1429	1.0000	1.0000	1.0000	1.4091	1.5238	1.0000
EG11085	1.0000	0.4762	0.0000	0.0000	0.0000	0.0000	0.0000	0.0000
EG11086	0.0000	0.0000	0.0000	0.0000	0.0000	0.0000	0.0000	0.0000
EG11087	2.0000	2.0000	2.0000	1.6364	1.0000	1.0000	1.0000	0.2727
EG11088	0.0000	0.0000	0.0000	0.0000	0.0000	0.0000	0.0000	0.0000
EG11089	0.0000	0.0000	0.0000	0.0000	0.0000	0.0000	0.0000	0.0000
EG11090	0.0000	0.0000	0.0000	0.0000	0.0000	0.0000	0.0000	0.0000
EG11091	1.0000	1.0000	1.0000	1.0000	1.0000	1.0000	1.0000	1.4091
EG11093	0.0000	0.0000	0.0000	0.0000	0.0000	0.0000	0.0000	0.0000
EG11094	0.0000	0.0000	0.0000	0.0000	0.0000	0.0000	0.0000	0.0000
EG11095	0.0000	0.0000	0.0000	0.0000	0.0000	0.0000	0.3810	1.0000
EG11096	3.0000	3.3810	3.6190	3.0000	3.5714	4.0000	4.0000	4.0000
EG11097	1.0000	1.0000	1.0000	1.0000	0.7143	0.0000	0.0000	0.0000
EG11098	3.0000	3.0000	3.0000	3.0000	2.1429	2.0000	2.0000	1.0455
EG11099	0.0000	0.0000	0.0000	0.0000	0.0000	0.0000	0.0000	0.0000
EG11100	2.0000	2.0000	2.0000	1.7273	1.0000	1.0000	1.0000	1.0000
EG11101	0.0000	0.0000	0.0000	0.0000	0.0000	0.0000	0.0000	0.0000
EG11102	1.0000	1.0000	1.0000	1.0000	1.0000	1.0000	1.0000	1.0000
EG11103	0.0000	0.0000	0.0000	0.0000	0.0000	0.0000	0.0000	0.0000
EG11104	0.0000	0.0000	0.0000	0.0000	0.0000	0.0000	0.0000	0.0000
EG11105	3.0000	3.3333	3.5238	3.0000	2.5714	2.8636	3.0000	2.3636
EG11108	0.0000	0.0000	0.0000	0.0000	0.0000	0.0000	0.0000	0.0000
EG11109	0.0000	0.0000	0.0000	0.0000	0.0000	0.0000	0.0000	0.0000
EG11110	0.0000	0.0000	0.0000	0.0000	0.0000	0.0000	0.0000	0.0000
EG11111	8.0000	8.0000	8.1905	9.8636	10.0000	9.8636	9.0000	9.0000
EG11112	0.0000	0.0000	0.0000	0.0000	0.0000	0.0000	0.0000	0.0000
EG11113	2.0000	1.2857	0.1429	0.0000	0.0000	0.4091	1.0000	1.0000
EG11116	0.0000	0.0000	0.0000	0.0000	0.0000	0.0000	0.0000	0.0000
EG11117	1.0000	1.0000	1.0000	1.0000	1.0000	0.6818	0.0000	0.0000
EG11118	0.0000	0.0000	0.0000	0.0000	0.0000	0.0000	0.0000	0.0000
EG11119	5.0000	5.5238	6.0000	6.0000	5.7619	5.3636	6.0000	6.0000
EG11120	0.0000	0.0000	0.0000	0.0000	0.0000	0.0000	0.0000	0.0000
EG11121	0.0000	0.0000	0.0000	0.0000	0.0000	0.7727	1.0000	1.0000
EG11122	1.0000	1.0000	1.0000	1.0000	1.0000	1.0000	1.0000	1.0000
EG11123	1.0000	1.0000	1.0000	1.0000	1.0000	1.0000	1.0000	1.0000
EG11124	0.0000	0.0000	0.0000	0.0000	0.0000	0.0000	0.0000	0.0000
EG11125	0.0000	0.0000	0.0000	0.0000	0.0000	0.0000	0.0000	0.0000
EG11126	0.0000	0.0000	0.0000	0.0000	0.0000	0.0000	0.0000	0.0000
EG11127	0.0000	0.0000	0.0000	0.0000	0.0000	0.0000	0.0000	0.0000
EG11128	1.0000	1.0000	1.0000	1.0000	1.0000	0.5455	0.0000	0.0000
EG11129	0.0000	0.0000	0.0000	0.0000	0.0000	0.0000	0.0000	0.0000
EG11130	1.0000	1.0000	1.0000	1.0000	1.0000	0.6364	0.0000	0.0000
EG11131	0.0000	0.0000	0.0000	0.0000	0.0000	0.0000	0.0000	0.0000
EG11132	0.0000	0.0000	0.0000	0.0000	0.0000	0.0000	0.0000	0.0000
EG11133	0.0000	0.0000	0.0000	0.0000	0.0000	0.0000	0.0000	0.0000
EG11134	1.0000	1.0000	1.0000	0.7273	0.0000	0.0000	0.0000	0.0000
EG11135	1.0000	1.0000	1.0000	1.0000	1.0000	1.0000	1.0000	1.0000
EG11136	0.0000	0.0000	0.0000	0.0000	0.0000	0.0000	0.0000	0.0000
EG11137	2.0000	2.0000	2.0000	2.0000	2.0000	2.0000	2.0000	2.0000
EG11138	2.0000	2.0000	2.0000	2.0000	2.0000	2.0000	2.0000	2.0000
EG11139	0.0000	0.0000	0.0000	0.0000	0.0000	0.0000	0.0000	0.0000
EG11140	0.0000	0.0000	0.0000	0.0000	0.0000	0.0000	0.0000	0.0000
EG11141	0.0000	0.0000	0.0000	0.0000	0.0000	0.0000	0.0000	0.0000
EG11142	0.0000	0.0000	0.0000	0.0000	0.0000	0.0000	0.0000	0.0000
EG11143	4.0000	4.0000	3.6190	2.8182	2.0000	1.0909	0.0000	0.0000
EG11144	0.0000	0.0000	0.0000	0.0000	0.0000	0.0000	0.0000	0.0000
EG11145	0.0000	0.0000	0.0000	0.0000	0.0000	0.0000	0.0000	0.0000
EG11146	0.0000	0.0000	0.0000	0.0000	0.0000	0.0000	0.0000	0.0000
EG11147	1.0000	1.0000	1.0000	1.0000	1.0000	1.0000	1.0000	1.0000
EG11149	2.0000	2.0000	2.0000	2.0000	2.0000	2.0000	1.7143	0.7727
EG11150	0.0000	0.0000	0.0000	0.0000	0.0000	0.0000	0.0000	0.0000
EG11151	5.0000	5.0000	4.1905	3.2727	2.0000	2.0000	2.0000	1.3182
EG11152	0.0000	0.0000	0.0000	0.0000	0.0000	0.0000	0.0000	0.0000
EG11153	15.0000	14.9524	14.7143	15.0000	14.6190	14.2727	14.0000	14.8182
EG11154	0.0000	0.0000	0.0000	0.0000	0.0000	0.0000	0.0000	0.0000
EG11155	0.0000	0.0000	0.0000	0.0000	0.0000	0.0000	0.0000	0.0000
EG11156	0.0000	0.0000	0.0000	0.0000	0.0000	0.0000	0.0000	0.0000
EG11157	0.0000	0.0000	0.0000	0.0000	0.0000	0.0000	0.0000	0.0000
EG11158	0.0000	0.0000	0.0000	0.0000	0.0000	0.0000	0.0000	0.0000
EG11159	0.0000	0.0000	0.0000	0.0000	0.0000	0.0000	0.0000	0.0000
EG11160	0.0000	0.0000	0.0000	0.0000	0.0000	0.0000	0.0000	0.0000
EG11161	1.0000	1.0000	1.0000	1.0000	1.0000	0.6364	0.0000	0.0000
EG11162	1.0000	1.0000	1.0000	1.0000	1.0000	0.6364	0.0000	0.0000
EG11164	0.0000	0.0000	0.0000	0.0000	0.0000	0.8182	1.0000	1.0000
EG11165	0.0000	0.0000	0.0000	0.0000	0.0000	0.8182	1.0000	1.0000
EG11166	0.0000	0.0000	0.0000	0.0000	0.0000	0.0000	0.0000	0.0000
EG11167	0.0000	0.0000	0.0000	0.0000	0.0000	0.0000	0.0000	0.0000
EG11168	0.0000	0.0000	0.0000	0.0000	0.0000	0.0000	0.0000	0.0000
EG11169	0.0000	0.0000	0.0000	0.0000	0.0000	0.0000	0.0000	0.0000
EG11171	1.0000	1.0000	1.0000	1.0000	1.0000	1.0000	1.0000	1.0000
EG11172	0.0000	0.0000	0.0000	0.0000	0.0000	0.0000	0.0000	0.0000
EG11173	0.0000	0.0000	0.0000	0.0000	0.0000	0.0000	0.0000	0.0000
EG11174	0.0000	0.0000	0.0000	0.0000	0.0000	0.0000	0.0000	0.0000
EG11175	0.0000	0.0000	0.0000	0.0000	0.0000	0.0000	0.0000	0.0000
EG11176	0.0000	0.0000	0.0000	0.0000	0.0000	0.0000	0.0000	0.0000
EG11177	4.0000	4.0000	3.8095	4.0000	4.0000	3.1818	3.0000	3.0000
EG11178	0.0000	0.0000	0.0000	0.0000	0.0000	0.0000	0.0000	0.0000
EG11179	2.0000	2.0000	2.0000	2.0000	2.0000	2.0000	2.0000	2.0000
EG11180	1.0000	1.0000	1.0000	1.0000	1.0000	1.0000	1.0000	1.0000
EG11181	0.0000	0.0000	0.0000	0.0000	0.0000	0.0000	0.0000	0.0000
EG11182	1.0000	0.6667	0.0000	0.1818	1.6667	1.0000	1.0000	1.0000
EG11183	1.0000	1.0000	1.0000	0.8636	0.9524	1.0000	1.0000	1.0000
EG11184	0.0000	0.0000	0.0000	0.0000	0.0000	0.0000	0.0000	0.0000
EG11186	0.0000	0.0000	0.0000	0.0000	0.0000	0.0000	0.0000	0.0000
EG11187	0.0000	0.0000	0.0000	0.0000	0.0000	0.0000	0.0000	0.0000
EG11188	0.0000	0.0000	0.0000	0.0000	0.0000	0.0000	0.0000	0.0000
EG11189	0.0000	0.0000	0.0000	0.0000	0.0000	0.0000	0.0000	0.0000
EG11190	0.0000	0.0000	0.0000	0.0000	0.0000	0.0000	0.1905	1.0000
EG11191	1.0000	1.0000	1.0000	1.0000	0.5714	0.8636	1.0000	1.0000
EG11192	1.0000	1.0000	1.0000	1.0000	1.0000	0.9091	0.0000	0.0000
EG11193	0.0000	0.0000	0.0000	0.0000	0.0000	0.0000	0.0000	0.0000
EG11194	1.0000	1.0000	1.0000	0.5000	0.0000	0.3182	0.2381	0.0000
EG11195	0.0000	0.0000	0.0000	0.6364	1.1429	2.0000	2.0000	2.0000
EG11196	0.0000	0.0000	0.0000	0.0000	0.0000	0.0000	0.0000	0.0000
EG11197	1.0000	1.0000	1.0000	1.0000	1.0000	1.0000	1.0000	1.0000
EG11198	0.0000	0.0000	0.0000	0.0000	0.7143	1.0000	1.0000	1.0000
EG11199	4.0000	4.0000	4.0000	4.0000	4.0000	3.8182	2.0476	1.5455
EG11201	2.0000	2.0000	2.0000	2.0000	2.0000	2.0000	2.0000	1.9545
EG11202	2.0000	2.0000	2.0000	2.0000	2.0000	2.0000	2.0000	1.9545
EG11203	0.0000	0.0000	0.0000	0.0000	0.0000	0.0000	0.0000	0.0000
EG11204	2.0000	2.0000	1.1429	1.0000	1.0000	1.0000	1.0000	1.0000
EG11205	0.0000	0.0000	0.0000	0.0000	0.0000	0.0000	0.0000	0.0000
EG11206	0.0000	0.0000	0.0000	0.0000	0.0000	0.0000	0.0000	0.0000
EG11207	0.0000	0.0000	0.0000	0.0000	0.0000	0.0000	0.0000	0.0000
EG11208	0.0000	0.0000	0.0000	0.0000	0.0000	0.0000	0.0000	0.0000
EG11209	0.0000	0.0000	0.0000	0.0000	0.0000	0.0000	0.0000	0.0000
EG11210	1.0000	1.0000	1.0000	1.0000	1.0000	1.0000	1.0000	1.0000
EG11211	0.0000	0.0000	0.0000	0.0000	0.0000	0.0000	0.0000	0.0000
EG11212	0.0000	0.0000	0.0000	0.0000	0.0000	0.0000	0.0000	0.0000
EG11214	0.0000	0.1905	1.0000	1.0000	1.0000	1.0000	1.0000	1.0000
EG11215	0.0000	0.0000	0.0000	0.0000	0.0000	0.0000	0.0000	0.0000
EG11217	0.0000	0.0000	0.0000	0.0000	0.0000	0.0000	0.0000	0.0000
EG11218	0.0000	0.0000	0.0000	0.0000	0.0000	0.0000	0.0000	0.0000
EG11219	0.0000	0.0000	0.0000	0.0000	0.0000	0.0000	0.0000	0.0000
EG11221	1.0000	1.0000	1.0000	1.0000	1.0000	1.0000	1.0000	1.0000
EG11222	0.0000	0.0000	0.0000	0.0000	0.0000	0.0000	0.0000	0.0000
EG11223	0.0000	0.0000	0.0000	0.0000	0.0000	0.0000	0.0000	0.0000
EG11224	0.0000	0.0000	0.0000	0.0000	0.0000	0.8636	1.0000	1.0000
EG11225	0.0000	0.0000	0.0000	0.0000	0.0000	0.0000	0.0000	0.0000
EG11226	3.0000	1.6667	1.0000	1.0000	1.0000	1.0000	2.0476	5.5909
EG11227	0.0000	0.0000	0.0000	0.0000	0.0000	0.0000	0.0000	0.0000
EG11228	0.0000	0.0000	0.0000	0.0000	0.0000	0.0000	0.0000	0.0000
EG11229	0.0000	0.0000	0.0000	0.0000	0.0000	0.0000	0.0000	0.0000
EG11230	1.0000	1.0000	0.9048	0.0000	0.0000	0.0000	0.0000	0.0000
EG11231	13.0000	12.5714	12.7619	12.4545	12.4762	11.9545	11.7619	12.0000
EG11232	51.0000	52.4762	54.7143	54.7273	53.4762	55.0909	57.0000	55.5455
EG11233	1.0000	1.0000	0.0000	0.0000	0.0000	0.0000	0.0000	0.0000
EG11234	0.0000	0.0000	0.0000	0.0000	0.0000	0.0000	0.0000	0.0000
EG11235	0.0000	0.0000	0.0000	0.0000	0.0000	0.0000	0.0000	0.0000
EG11236	0.0000	0.0000	0.0000	0.0000	0.0000	0.0000	0.0000	0.0000
EG11237	0.0000	0.0000	0.0000	0.0000	0.0000	0.0000	0.0000	0.0000
EG11238	0.0000	0.0000	1.3333	2.0000	2.0000	1.3182	1.0000	1.0000
EG11239	0.0000	0.0000	0.0000	0.0000	0.0000	0.0000	0.0000	0.0000
EG11241	0.0000	0.0000	0.0000	0.0000	0.0000	0.0000	0.0000	0.0000
EG11242	0.0000	0.0000	0.0000	0.0000	0.0000	0.0000	0.0000	0.0000
EG11244	1.0000	1.0000	0.3333	0.0000	0.0000	0.0000	0.0000	0.0000
EG11245	0.0000	0.0000	0.0000	0.0000	0.0000	0.0000	0.0000	0.0000
EG11246	0.0000	0.0000	0.0000	0.0000	0.0000	0.0000	0.0000	0.0000
EG11247	0.0000	0.0000	0.0000	0.0000	0.0000	0.0000	0.0000	0.0000
EG11249	0.0000	0.0000	0.1429	1.0000	1.0000	1.0000	1.0000	1.0000
EG11250	0.0000	0.0000	0.0000	0.0000	0.0000	0.0000	0.0000	0.0000
EG11251	0.0000	0.0000	0.0000	0.0000	0.0000	0.0000	0.0000	0.5909
EG11252	0.0000	0.0000	0.0000	0.0000	0.0000	0.0000	0.0000	0.0000
EG11253	0.0000	0.0000	0.0000	0.0000	0.0000	0.0000	0.0000	0.0000
EG11254	0.0000	0.0000	0.0000	0.8182	0.0000	0.0000	0.0000	0.0000
EG11255	0.0000	0.0000	0.0000	0.8182	0.0000	0.0000	0.0000	0.0000
EG11256	1.0000	1.0000	1.0000	1.0000	1.0000	1.0000	1.0000	1.0000
EG11257	0.0000	0.0000	0.0000	0.0000	0.0000	0.0000	0.0000	0.0000
EG11258	0.0000	0.0000	0.0000	0.0000	0.0000	0.0000	0.0000	0.0000
EG11259	0.0000	0.0000	0.0000	0.0000	0.0000	0.0000	0.0000	0.0000
EG11260	0.0000	0.0000	0.0000	0.0000	0.0000	0.0000	0.0000	0.0000
EG11261	0.0000	0.0000	0.0000	0.0000	0.0000	0.0000	0.0000	0.0000
EG11262	0.0000	0.0000	0.0000	0.0000	0.0000	0.0000	0.0000	0.0000
EG11263	0.0000	0.0000	0.0000	0.0000	0.0000	0.0000	0.0000	0.0000
EG11265	0.0000	0.0000	0.0000	0.0000	0.0000	0.0000	0.0000	0.0000
EG11266	0.0000	0.0000	0.0000	0.0000	0.0000	0.0000	0.0000	0.0000
EG11267	0.0000	0.0000	0.0000	0.0000	0.0000	0.0000	0.0000	0.0000
EG11268	0.0000	0.0000	0.0000	0.0000	0.0000	0.0000	0.0000	0.0000
EG11269	0.0000	0.0000	0.0000	0.0000	0.0000	0.0000	0.0000	0.0000
EG11270	0.0000	0.0000	0.0000	0.0000	0.0000	0.0000	0.0000	0.0000
EG11271	1.0000	1.0000	0.0952	0.0000	0.0000	0.7727	1.0000	1.0000
EG11272	0.0000	0.0000	0.0000	0.0000	0.0000	0.0000	0.0000	0.0000
EG11274	0.0000	0.0000	0.0000	0.0000	0.0000	0.0000	0.0000	0.0000
EG11275	0.0000	0.0000	0.0000	0.2273	1.0000	1.0000	1.0000	1.0909
EG11276	0.0000	0.0000	0.0000	0.0000	0.0000	0.0000	0.0000	0.0000
EG11277	1.0000	0.0952	0.0000	0.0000	0.9524	1.0000	2.5714	6.2727
EG11279	10.0000	9.9524	9.0000	8.0909	6.4286	7.0000	6.6190	5.2727
EG11280	3.0000	1.6667	1.0000	1.0000	1.0000	1.0000	2.0476	5.5909
EG11281	3.0000	3.0000	3.0000	3.0000	3.0000	3.0000	3.0000	3.0000
EG11282	0.0000	0.0000	0.0000	0.0000	0.0000	0.0000	0.0000	0.0000
EG11283	0.0000	0.0000	0.0000	0.0000	0.0000	0.0000	0.0000	0.0000
EG11284	0.0000	0.0000	0.0952	1.0909	2.0000	1.2273	1.0000	1.9091
EG11285	0.0000	0.0000	0.0000	0.0000	0.0000	0.0000	0.0000	0.0000
EG11286	0.0000	0.0000	0.4286	0.0000	0.0000	0.0000	0.0000	0.0000
EG11287	0.0000	0.0000	0.0000	0.0000	0.0000	0.0000	0.0000	0.0000
EG11288	0.0000	0.0000	0.0000	0.0000	0.0000	0.0000	0.0000	0.0000
EG11289	0.0000	0.0000	0.0000	0.0000	0.0000	0.0000	0.0000	0.0000
EG11290	0.0000	0.0000	0.0000	0.0000	0.0000	0.0000	0.0000	0.0000
EG11291	0.0000	0.0000	0.0000	0.0000	0.0000	0.0000	0.0000	0.0000
EG11292	0.0000	0.0000	0.0000	0.0000	0.0000	0.0000	0.0000	0.0000
EG11293	0.0000	0.0000	0.0000	0.0000	0.0000	0.0000	0.0000	0.0000
EG11294	0.0000	0.0000	0.0000	0.0000	0.0000	0.0000	0.0000	0.0000
EG11295	0.0000	0.0000	0.0000	0.0000	0.0000	0.0000	0.0000	0.0000
EG11296	0.0000	0.0000	0.0000	0.0000	0.0000	0.0000	0.0000	0.0000
EG11297	1.0000	1.0000	1.0000	0.2273	0.0000	0.0000	0.0000	0.0000
EG11298	1.0000	0.4762	0.0000	0.5000	1.0000	0.0909	0.0000	0.0000
EG11299	1.0000	1.0000	1.0000	1.0000	1.0000	1.0000	1.0000	1.0000
EG11300	0.0000	0.0000	0.0000	0.0000	0.0000	0.0000	0.0000	0.0000
EG11301	0.0000	0.0000	0.0000	0.0000	0.0000	0.0000	0.0000	0.0000
EG11302	0.0000	0.0000	0.0000	0.0000	0.0000	0.0000	0.0000	0.0000
EG11303	0.0000	0.0000	0.0000	0.0000	0.0000	0.0000	0.0000	0.0000
EG11304	0.0000	0.0000	0.0000	0.0000	0.0000	0.0000	0.0000	0.0000
EG11305	0.0000	0.0000	0.0000	0.0000	0.0000	0.0000	0.0000	0.0000
EG11306	1.0000	1.0000	1.0000	1.0000	1.0000	1.0000	1.0000	1.0000
EG11309	0.0000	0.0000	0.0000	0.0000	0.0000	0.0000	0.0000	0.0000
EG11310	0.0000	0.0000	0.0000	0.0000	0.0000	0.0000	0.0000	0.0000
EG11311	3.0000	2.5714	2.0000	2.0455	3.1905	3.9545	3.5238	4.2273
EG11312	0.0000	0.0000	0.0000	0.0000	0.0000	0.0000	0.0000	0.0000
EG11313	0.0000	0.0000	0.0000	0.0000	0.0000	0.0000	0.0000	0.0000
EG11314	0.0000	0.0000	0.2381	1.0000	1.0000	0.3182	0.0000	0.0000
EG11315	0.0000	0.0000	0.0000	0.0000	0.0000	0.0000	0.0000	0.0000
EG11316	0.0000	0.0000	0.0000	0.0000	0.0000	0.0000	0.0000	0.0000
EG11317	3.0000	3.0000	3.0000	3.0000	3.0000	3.0000	3.0000	2.3182
EG11318	5.0000	5.0000	5.0000	5.7273	6.0000	6.1364	7.0000	6.3182
EG11319	1.0000	1.0000	1.0000	1.4091	2.0000	1.7727	1.0000	1.0000
EG11320	0.0000	0.0000	0.0000	0.0000	0.0000	0.0000	0.0000	0.0000
EG11321	0.0000	0.0000	0.0000	0.0000	0.0000	0.0000	0.0000	0.0000
EG11322	2.0000	2.0000	2.0000	1.6818	1.0000	1.0000	1.0000	1.5909
EG11323	3.0000	2.3333	2.0000	2.0000	2.0000	1.2727	1.0000	1.0000
EG11324	3.0000	2.3333	2.0000	2.0000	2.0000	1.2727	1.0000	1.0000
EG11325	1.0000	1.0000	1.0000	1.0000	1.0000	1.0000	1.0000	1.0000
EG11326	0.0000	0.0000	0.0000	0.0000	0.0000	0.0000	0.0000	0.0000
EG11327	0.0000	0.0000	0.0000	0.0000	0.0000	0.0000	0.0000	0.0000
EG11328	1.0000	1.0000	1.0000	1.0000	1.0000	1.3182	2.0000	2.0000
EG11329	1.0000	1.0000	1.0000	0.5455	0.0000	0.0000	0.0000	0.0000
EG11330	1.0000	1.0000	1.0000	0.5455	0.0000	0.0000	0.0000	0.0000
EG11331	0.0000	0.3810	1.0000	1.0000	0.9048	0.0000	0.0000	0.0000
EG11332	2.0000	2.8095	3.0000	3.0000	2.3810	2.0000	2.0000	2.0000
EG11333	3.0000	2.3333	2.0000	2.0000	2.0000	1.2727	1.0000	1.0000
EG11334	0.0000	0.0000	0.0000	0.0000	0.0000	0.0000	0.0000	0.0000
EG11335	0.0000	0.0000	0.0000	0.0000	0.0000	0.0000	0.0000	0.0000
EG11336	0.0000	0.0000	0.0000	0.0000	0.0000	0.0000	0.0000	0.0000
EG11337	3.0000	2.8571	1.7143	1.5909	2.0000	2.0000	1.0000	1.0000
EG11338	0.0000	0.0000	0.0000	0.0000	0.0000	0.0000	0.0000	0.0000
EG11339	1.0000	1.0000	1.0000	1.0000	1.0000	1.0000	1.0000	1.0000
EG11340	1.0000	1.0000	1.0000	1.0000	1.0000	1.0000	1.0000	1.0000
EG11341	1.0000	1.0000	1.0000	1.0000	1.0000	1.0000	1.0000	1.0000
EG11342	0.0000	0.0000	0.0000	0.0000	0.0000	0.0000	0.0000	0.0000
EG11343	0.0000	0.0000	0.0000	0.0000	0.0000	0.0000	0.0000	0.0000
EG11344	1.0000	0.8095	0.0000	0.0000	0.0000	0.0000	0.0000	0.0000
EG11345	0.0000	0.0000	0.2381	1.0000	1.0000	0.3182	0.0000	0.0000
EG11346	0.0000	0.0000	0.0000	0.0000	0.0000	0.0000	0.0000	0.0000
EG11347	0.0000	0.0000	0.0000	0.0000	0.0000	0.0000	0.0000	0.0000
EG11350	1.0000	1.0000	1.0000	1.0000	1.0000	1.0000	1.0000	1.0000
EG11351	1.0000	1.0000	1.0000	1.0000	1.0000	1.0000	1.0000	1.0000
EG11352	1.0000	1.0000	1.0000	1.0000	1.0000	1.0000	1.0000	1.0000
EG11353	1.0000	1.0000	1.0000	1.0000	1.0000	1.0000	1.0000	1.0000
EG11354	0.0000	0.0000	0.0000	0.0000	0.0000	0.0000	0.0000	0.0000
EG11355	3.0000	3.0000	3.0000	3.0000	3.0000	3.4545	4.0000	4.0000
EG11356	3.0000	3.0000	3.0000	3.0000	3.0000	3.4545	4.0000	4.0000
EG11357	0.0000	0.0000	0.0000	0.0000	0.0000	0.0000	0.0000	0.0000
EG11358	1.0000	1.0000	1.0000	1.0000	1.0000	1.0000	1.0000	1.0000
EG11359	0.0000	0.0000	0.0000	0.0000	0.0000	0.0000	0.0000	0.0000
EG11360	0.0000	0.0000	0.0000	0.5455	1.0000	1.2273	1.8095	0.0909
EG11361	0.0000	0.0000	0.0000	0.0000	0.0000	0.0000	0.0000	0.0000
EG11362	0.0000	0.0000	0.0000	0.0000	0.0000	0.0000	0.0000	0.0000
EG11363	3.0000	3.0000	3.0000	3.0000	3.0000	3.0000	3.0000	3.0000
EG11364	0.0000	0.0000	0.0000	0.0000	0.0000	0.0000	0.0000	0.0000
EG11366	2.0000	2.0000	2.0000	1.9091	1.1429	1.0000	1.0000	1.5455
EG11367	0.0000	0.0000	0.0000	0.0000	0.0000	0.0000	0.0000	0.0000
EG11368	3.0000	3.0000	3.0000	3.0000	3.0000	3.0000	3.0000	3.0000
EG11369	0.0000	0.0000	0.0000	0.0000	0.0000	0.0000	0.0000	0.0000
EG11370	0.0000	0.0000	0.0000	0.0000	0.0000	0.0000	0.0000	0.0000
EG11371	0.0000	0.0000	0.0000	0.0000	0.0000	0.0000	0.0000	0.0000
EG11372	0.0000	0.0000	0.0000	0.0000	0.0000	0.0000	0.0000	0.0000
EG11373	0.0000	0.0000	0.0000	0.0000	0.0000	0.0000	0.0000	0.0000
EG11374	1.0000	1.0000	1.0000	1.0000	1.2381	1.0455	1.0000	1.0000
EG11375	7.0000	6.4286	6.0000	6.0000	6.0000	6.0000	5.5714	5.0000
EG11376	0.0000	0.5714	0.2381	0.0000	0.0000	0.0000	0.0000	0.0000
EG11377	0.0000	0.0000	0.0000	0.0455	1.0000	0.5455	0.0000	0.0000
EG11378	0.0000	0.0000	0.0000	0.0000	0.0000	0.0000	0.0000	0.0000
EG11379	0.0000	0.0000	0.0000	0.0000	0.0000	0.0000	0.0000	0.0000
EG11380	0.0000	0.0000	0.0000	0.0000	0.0000	0.0000	0.0000	0.0000
EG11381	0.0000	0.0000	0.0000	0.0000	0.0000	0.0000	0.0000	0.0000
EG11383	0.0000	0.0000	0.0000	0.0000	0.0000	0.0000	0.0000	0.8636
EG11384	11.0000	11.0000	11.0000	11.0000	11.0000	11.0000	11.6667	12.0000
EG11385	0.0000	0.0000	0.0000	0.0000	0.0000	0.0000	0.0000	0.0000
EG11387	0.0000	0.0000	0.0000	0.0000	0.0000	0.0000	0.0000	0.0000
EG11388	3.0000	3.0000	3.0000	3.0000	3.0000	3.0000	2.5238	3.0000
EG11389	3.0000	3.0000	3.0000	3.0000	3.0000	3.0000	2.5238	3.0000
EG11390	12.0000	10.9524	10.5714	10.0000	10.4762	12.5000	11.1905	8.4545
EG11391	2.0000	2.0000	2.0000	2.0000	2.0000	2.0000	2.0000	2.0000
EG11392	0.0000	0.0000	0.0000	0.0000	0.0000	0.0000	0.0000	0.0000
EG11393	1.0000	0.4762	0.0000	0.0000	0.4286	1.0000	1.0000	1.0000
EG11394	1.0000	1.0000	0.5714	0.0000	0.0000	0.0000	0.0000	0.0000
EG11395	1.0000	1.0000	0.5714	0.0000	0.0000	0.0000	0.0000	0.0000
EG11396	1.0000	1.0000	1.0000	1.0000	1.0000	1.0000	1.0000	1.0000
EG11398	0.0000	0.0000	0.0000	0.0000	0.0000	0.0000	0.0000	0.0000
EG11399	0.0000	0.0000	0.0000	0.0000	0.0000	0.0000	0.0000	0.0000
EG11400	0.0000	0.0000	0.0000	0.0000	0.0000	0.0000	0.0000	0.0000
EG11401	0.0000	0.0000	0.0000	0.0000	0.0000	0.0000	0.0000	0.0000
EG11402	0.0000	0.0000	0.0000	0.0000	0.0000	0.0000	0.0000	0.0000
EG11403	1.0000	1.0000	0.0000	0.0000	0.0000	0.0000	0.0000	0.0000
EG11404	2.0000	2.0000	2.0000	2.0000	2.0000	2.0000	1.3810	1.0000
EG11405	0.0000	0.0000	0.0000	0.0000	0.0000	0.0000	0.0000	0.0000
EG11406	1.0000	1.0000	1.0000	1.0000	1.0000	1.0000	1.0000	1.0000
EG11407	0.0000	0.0000	0.0000	0.0000	0.0000	0.0000	0.0000	0.0000
EG11408	0.0000	0.0000	0.0000	0.0000	0.0000	0.0000	0.0000	0.0000
EG11409	0.0000	0.0000	0.0000	0.0000	0.0000	0.0000	0.0000	0.0000
EG11410	1.0000	1.0000	0.1429	0.0000	0.0000	0.0000	0.0952	0.0000
EG11411	0.0000	0.0000	0.0000	0.0000	0.0000	0.0000	0.0000	0.0000
EG11412	1.0000	1.0000	1.0000	1.0000	0.3333	0.0000	0.0000	0.0000
EG11413	0.0000	0.0000	0.0000	0.0000	0.0000	0.0000	0.0000	0.0000
EG11414	0.0000	0.0000	0.0000	0.0000	0.0000	0.0000	0.0000	0.0000
EG11415	1.0000	1.0000	1.0000	1.0000	1.0000	1.0000	1.0000	1.0000
EG11417	0.0000	0.0000	0.0000	0.0000	0.0000	0.0000	0.0000	0.0000
EG11418	0.0000	0.0000	0.0000	0.0000	0.0000	0.0000	0.0000	0.0000
EG11419	0.0000	0.0000	0.0000	0.4545	0.6667	0.0000	0.0000	0.0000
EG11421	0.0000	0.0000	0.0000	0.0000	0.0000	0.0000	0.0000	0.0000
EG11422	0.0000	0.0000	0.0000	0.0000	0.0000	0.0000	0.0000	0.0000
EG11423	1.0000	1.0000	1.0000	1.0000	1.0000	1.0000	1.0000	1.0000
EG11424	0.0000	0.0000	0.0000	0.0000	0.0000	0.0000	0.0000	0.0000
EG11425	1.0000	1.0000	1.0000	1.0000	1.0000	1.0000	1.0000	1.0000
EG11426	1.0000	1.0000	1.0000	1.0000	1.0000	1.0000	1.0000	1.0000
EG11427	0.0000	0.0000	0.0000	0.0000	0.0000	0.0000	0.5714	1.3182
EG11428	0.0000	0.0000	0.0000	0.0000	0.3333	0.0000	0.0000	0.0000
EG11429	0.0000	0.0000	0.0000	0.0000	0.0000	0.0000	0.0000	0.0000
EG11430	0.0000	0.0000	0.0000	0.3636	1.0000	0.5000	0.0000	0.0000
EG11431	0.0000	0.0000	0.0000	0.0000	0.0000	0.0000	0.0000	0.0000
EG11432	0.0000	0.0000	0.0000	0.0000	0.0000	0.0000	0.0000	0.0000
EG11433	1.0000	1.0000	1.0000	1.0000	0.4762	0.8636	1.0000	1.0000
EG11434	0.0000	0.0000	0.0000	0.0000	0.0000	0.0000	0.0000	0.0000
EG11435	0.0000	0.0000	0.0000	0.0000	0.0000	0.0000	0.0000	0.0000
EG11436	0.0000	0.0000	0.0000	0.0000	0.0000	0.0000	0.0000	0.0000
EG11437	2.0000	2.0000	2.0000	2.0000	2.0000	2.0000	2.0000	1.3182
EG11438	2.0000	2.0000	2.0000	2.0000	2.0000	2.0000	2.0000	2.0000
EG11439	0.0000	0.0000	0.0000	0.0000	0.0000	0.0000	0.0000	0.0000
EG11440	0.0000	0.0000	0.0000	0.0000	0.0000	0.0000	0.0000	0.0000
EG11441	0.0000	0.0000	0.0000	0.0000	0.0000	0.0000	0.0000	0.0000
EG11442	1.0000	1.0000	1.0000	1.0000	1.0000	1.0000	1.0000	1.0000
EG11443	0.0000	0.0000	0.0000	0.0000	0.0000	0.0000	0.0000	0.0000
EG11444	0.0000	0.0000	0.0000	0.0000	0.0000	0.0000	0.0000	0.0000
EG11445	0.0000	0.0000	0.0000	0.0000	0.0000	0.0000	0.0000	0.0000
EG11447	13.0000	12.9524	13.0000	13.5909	13.3810	13.0909	13.0000	13.0000
EG11448	0.0000	0.0000	0.0000	0.0000	0.0000	0.0000	0.0000	0.0000
EG11449	0.0000	0.0000	0.0000	0.0000	0.0000	0.0000	0.0000	0.0000
EG11450	1.0000	1.4762	1.0000	1.0000	1.0000	1.0000	1.0000	1.0000
EG11451	0.0000	0.0000	0.0000	0.0000	0.0000	0.0000	0.0000	0.0000
EG11452	0.0000	0.0000	0.0000	0.0000	0.0000	0.0000	0.0000	0.0000
EG11453	0.0000	0.0000	0.0000	0.0000	0.0000	0.0000	0.0000	0.0000
EG11454	0.0000	0.0000	0.0000	0.0000	0.0000	0.0000	0.0000	0.0000
EG11455	0.0000	0.0000	0.0000	0.0000	0.0000	0.0000	0.0000	0.0000
EG11456	0.0000	0.0000	0.0000	0.0000	0.0000	0.0000	0.0000	0.0000
EG11457	0.0000	0.0000	0.0000	0.0000	0.0000	0.0000	0.0000	0.0000
EG11458	0.0000	0.0000	0.0000	0.0000	0.0000	0.0000	0.0000	0.0000
EG11459	0.0000	0.0000	0.0000	0.0000	0.0000	0.0000	0.0000	0.0000
EG11460	0.0000	0.0000	0.0000	0.0000	0.0000	0.0000	0.0000	0.0000
EG11462	0.0000	0.0000	0.0000	0.0000	0.0000	0.0000	0.0000	0.0000
EG11463	0.0000	0.0000	0.0000	0.0000	0.0000	0.0000	0.0000	0.0000
EG11464	0.0000	0.0000	0.0000	0.0000	0.0000	0.0000	0.0000	0.0000
EG11465	0.0000	0.0000	0.0000	0.0000	0.0000	0.0000	0.0000	0.0000
EG11466	0.0000	0.0000	0.0000	0.0000	0.0000	0.0000	0.0000	0.0000
EG11467	1.0000	1.0000	1.0000	1.0000	0.4286	0.0000	0.0000	0.0000
EG11468	0.0000	0.0000	0.0000	0.0000	0.0000	0.0000	0.0000	0.0000
EG11469	0.0000	0.0000	0.0000	0.0000	0.0000	0.0000	0.0000	0.0000
EG11470	0.0000	0.0000	0.0000	0.0000	0.0000	0.0000	0.0000	0.0000
EG11471	0.0000	0.0000	0.0000	0.0000	0.0000	0.0000	0.0000	0.0000
EG11472	0.0000	0.0000	0.0000	0.0000	0.0000	0.0000	0.0000	0.0000
EG11473	0.0000	0.0000	0.0000	0.0000	0.0000	0.0000	0.0000	0.0000
EG11474	0.0000	0.0000	0.0000	0.0000	0.0000	0.0000	0.0000	0.0000
EG11476	0.0000	0.0000	0.0000	0.0000	0.0000	0.0000	0.0000	0.0000
EG11479	0.0000	0.0000	0.8571	1.0000	1.0000	1.0000	1.0000	1.0000
EG11481	0.0000	0.0000	0.0000	0.0000	0.0000	0.0000	0.0000	0.0000
EG11484	0.0000	0.0000	0.0000	0.0000	0.0000	0.0000	0.0000	0.0000
EG11485	0.0000	0.0000	0.0000	0.0000	0.0000	0.0000	0.0000	0.0000
EG11486	0.0000	0.0000	0.0000	0.0000	0.0000	0.0000	0.0000	0.0000
EG11487	0.0000	0.0000	0.0000	0.0000	0.0000	0.0000	0.0000	0.0000
EG11488	0.0000	0.0000	0.0000	0.0000	0.0000	0.0000	0.0000	0.0000
EG11489	0.0000	0.0000	0.0000	0.0000	0.0000	0.0000	0.0000	0.0000
EG11490	1.0000	1.0000	1.0000	1.0000	1.0000	1.0000	1.0000	1.0000
EG11491	1.0000	1.0000	1.0000	0.9545	0.0000	0.0000	0.0000	0.0000
EG11492	0.0000	0.0000	0.0000	0.0000	0.0000	0.0000	0.0000	0.0000
EG11493	1.0000	1.0000	1.0000	1.0000	1.0000	1.0000	1.0000	0.6818
EG11494	1.0000	1.0000	1.0000	1.0000	1.0000	1.0000	1.0000	0.6818
EG11495	0.0000	0.0000	0.0000	0.0000	0.0000	0.0000	0.0000	0.0000
EG11497	0.0000	0.0000	0.0000	0.0000	0.0000	0.0000	0.0000	0.0000
EG11498	0.0000	0.0000	0.0000	0.0000	0.0000	0.0000	0.0000	0.0000
EG11499	0.0000	0.0000	0.0000	0.0000	0.0000	0.0000	0.0000	0.0000
EG11500	1.0000	1.0000	1.0000	1.0000	1.0000	1.0000	1.0000	0.6818
EG11501	0.0000	0.0000	0.0000	0.0000	0.0000	0.0000	0.0000	0.0000
EG11502	1.0000	1.0000	1.0000	1.0000	1.0000	1.0000	1.0000	1.0000
EG11503	1.0000	1.0000	1.0000	1.0000	1.0000	1.0000	1.0000	1.0000
EG11504	2.0000	2.0000	2.0000	2.0000	2.0000	2.0000	2.0000	2.4091
EG11505	0.0000	0.0000	0.0000	0.0000	0.0000	0.0000	0.0000	0.0000
EG11506	1.0000	0.3810	0.0000	0.0000	0.0000	0.0000	0.0000	0.0000
EG11507	1.0000	0.3810	0.0000	0.0000	0.0000	0.0000	0.0000	0.0000
EG11508	14.0000	15.2381	16.2381	18.4545	19.1429	18.7273	19.4762	20.4545
EG11509	0.0000	0.0000	0.0000	0.0000	0.0000	0.0000	0.0000	0.0000
EG11510	1.0000	1.0000	0.0000	0.0000	0.0000	0.0000	0.0000	0.0000
EG11511	0.0000	0.0000	0.0000	0.8636	0.0000	0.0000	0.0000	0.0000
EG11512	0.0000	0.0000	0.0000	0.0000	0.0000	0.0000	0.0000	0.0000
EG11514	0.0000	0.0000	0.0000	0.0000	0.0000	0.0000	0.0000	0.0000
EG11515	0.0000	0.0000	0.0000	0.0000	0.0000	0.0000	0.0000	0.0000
EG11516	0.0000	0.0000	0.0000	0.0000	0.0000	0.0000	0.0000	0.0000
EG11517	1.0000	1.0000	1.0000	1.0000	1.0000	1.0000	1.0000	1.0000
EG11519	0.0000	0.0000	0.0000	0.0000	0.0000	0.0000	0.8095	1.0000
EG11520	0.0000	0.0000	0.0000	0.0000	0.0000	0.0000	0.0000	0.0000
EG11521	0.0000	0.0000	0.0000	0.0000	0.0000	0.0000	0.0000	0.0000
EG11522	0.0000	0.0000	0.0000	0.0000	0.0000	0.0000	0.0000	0.0000
EG11523	0.0000	0.0000	0.0000	0.0000	0.0000	0.0000	0.0000	0.0000
EG11524	0.0000	0.0000	0.0000	0.0000	0.0000	0.0000	0.0000	0.0000
EG11525	0.0000	0.0000	0.0000	0.0000	0.0000	0.0000	0.0000	0.0000
EG11526	0.0000	0.0000	0.0000	0.0000	0.0000	0.0000	0.0000	0.0000
EG11527	0.0000	0.0000	0.0000	0.0000	0.0000	0.0000	0.0000	0.0000
EG11528	7.0000	7.0000	7.0000	7.0000	6.1905	6.0000	6.0000	6.0000
EG11529	0.0000	0.0000	0.0000	0.0000	0.0000	0.0000	0.0000	0.0000
EG11530	0.0000	0.0000	0.0000	0.0000	0.0000	0.0000	0.0000	0.0000
EG11531	0.0000	0.0000	0.0000	0.0000	0.0000	0.0000	0.0000	0.0000
EG11532	3.0000	3.0000	3.0000	3.0000	3.0000	3.0000	3.0000	3.0000
EG11533	0.0000	0.0000	0.0000	0.0000	0.0000	0.0000	0.0000	0.0000
EG11534	0.0000	0.0000	0.0000	0.0000	0.0000	0.0000	0.0000	0.0000
EG11535	0.0000	0.0000	0.0000	0.0000	0.0000	0.0000	0.0000	0.0000
EG11536	0.0000	0.0000	0.0000	0.0000	0.0000	0.0000	0.0000	0.0000
EG11537	1.0000	1.0000	0.0476	0.0000	0.0000	0.0000	0.0000	0.0000
EG11538	0.0000	0.0000	0.0000	0.0000	0.0000	0.0000	0.0000	0.0000
EG11539	0.0000	0.0000	0.0000	0.0000	0.0000	0.0000	0.0000	0.0000
EG11540	0.0000	0.0000	0.0000	0.0000	0.0000	0.0000	0.0000	0.0000
EG11541	0.0000	0.0000	0.0000	0.0000	0.0000	0.0000	0.0000	0.0000
EG11542	0.0000	0.0000	0.0000	0.0000	0.0000	0.0000	0.0000	0.0000
EG11543	0.0000	0.0000	0.0000	0.0000	0.6190	1.0000	1.0000	1.0000
EG11544	0.0000	0.0000	0.0000	0.0000	0.0000	0.0000	0.0000	0.0000
EG11545	2.0000	2.0000	2.0000	1.5909	1.0000	1.0000	1.0000	1.0000
EG11546	0.0000	0.0000	0.0000	0.0000	0.0000	0.0000	0.0000	0.6364
EG11547	0.0000	0.0000	0.0000	0.0000	0.0000	0.0000	0.0000	0.0000
EG11548	0.0000	0.0000	0.0000	0.0000	0.0000	0.0000	0.0000	0.0000
EG11549	0.0000	0.0000	0.0000	0.0000	0.0000	0.0000	0.0000	0.0000
EG11551	0.0000	0.0000	0.0000	0.0000	0.0000	0.0000	0.0000	0.0000
EG11552	0.0000	0.0000	0.0000	0.0000	0.0000	0.0000	0.0000	0.0000
EG11553	0.0000	0.0000	0.0000	0.0000	0.0000	0.0000	0.0000	0.0000
EG11554	0.0000	0.0000	0.0000	0.0000	0.0000	0.0000	0.0000	0.0000
EG11555	1.0000	1.0000	0.6667	0.0000	0.0000	0.0000	0.0000	0.0000
EG11556	7.0000	7.0000	8.0000	8.0000	8.5714	9.3182	10.0000	10.0455
EG11557	0.0000	0.0000	0.0000	0.0000	0.0000	0.0000	0.0000	0.0000
EG11558	0.0000	0.0000	0.0000	0.0000	0.0000	0.0000	0.0000	0.0000
EG11559	0.0000	0.0000	0.0000	0.0000	0.0000	0.0000	0.0000	0.0000
EG11560	0.0000	0.0000	0.0000	0.0000	0.0000	0.0000	0.0000	0.0000
EG11561	0.0000	0.0000	0.0000	0.0000	0.0000	0.0000	0.0000	0.0000
EG11562	0.0000	0.0000	0.0000	0.0000	0.0000	0.0000	0.0000	0.0000
EG11563	0.0000	0.0000	0.0000	0.0000	0.0000	0.0000	0.0000	0.0000
EG11564	0.0000	0.0000	0.0000	0.0000	0.0000	0.0000	0.0000	0.0000
EG11565	0.0000	0.0000	0.0000	0.0000	0.0000	0.0000	0.0000	0.0000
EG11566	0.0000	0.0000	0.0000	0.0000	0.0000	0.0000	0.0000	0.0000
EG11568	0.0000	0.0000	0.0000	0.0000	0.0000	0.0000	0.0000	0.0000
EG11569	1.0000	1.0000	0.4762	0.0000	0.0000	0.0000	0.0000	0.0000
EG11570	0.0000	0.0000	0.0000	0.0000	0.0000	0.0000	0.0000	0.0000
EG11571	0.0000	0.0000	0.0000	0.0000	0.0000	0.0000	0.0000	0.0000
EG11572	0.0000	0.0000	0.0000	0.0000	0.0000	0.0000	0.0000	0.0000
EG11573	0.0000	0.0000	0.0000	0.0000	0.0000	0.0000	0.0000	0.0000
EG11574	0.0000	0.0000	0.0000	0.0000	0.0000	0.0000	0.0000	0.0000
EG11575	3.0000	1.6667	1.0000	1.0000	1.0000	1.0000	2.0476	5.5909
EG11576	3.0000	1.6667	1.0000	1.0000	1.0000	1.0000	2.0476	5.5909
EG11577	3.0000	1.6667	1.0000	1.0000	1.0000	1.0000	2.0476	5.5909
EG11578	0.0000	0.0000	0.0000	0.0000	0.7619	1.0000	1.0000	0.7727
EG11579	0.0000	0.0000	0.0000	0.0000	0.0000	0.0000	0.0000	0.0000
EG11580	0.0000	0.0000	0.0000	0.0000	0.0000	0.0000	0.0000	0.0000
EG11581	2.0000	2.0000	2.0000	2.0000	2.0000	2.0000	2.0000	2.6364
EG11583	0.0000	0.0000	0.0000	0.0000	0.0000	0.0000	0.0000	0.0000
EG11585	0.0000	0.0000	0.0000	0.0000	1.0000	1.0000	0.4762	0.0000
EG11586	0.0000	0.0000	0.0000	0.0000	1.0000	1.0000	0.4762	0.0000
EG11587	0.0000	0.0000	0.0000	0.0000	1.0000	1.0000	0.4762	0.0000
EG11589	0.0000	0.0000	0.0000	0.0000	1.0000	1.0000	0.4762	0.0000
EG11590	0.0000	0.0000	0.0000	0.0000	1.0000	1.0000	0.4762	0.0000
EG11591	1.0000	1.0000	1.0000	1.0000	1.0000	1.0000	1.0000	1.0000
EG11592	1.0000	1.0000	1.0000	1.5000	2.0000	1.4091	1.0000	1.0000
EG11594	0.0000	0.0000	0.0000	0.0000	0.0000	0.0000	0.0000	0.0000
EG11595	0.0000	0.0000	0.0000	0.0000	0.0000	0.0000	0.0000	0.0000
EG11596	1.0000	0.4762	0.0000	0.0000	0.0000	0.0000	0.0000	0.0000
EG11597	0.0000	0.0000	0.0000	0.0000	0.0000	0.0000	0.0000	0.0000
EG11598	0.0000	0.0000	0.0000	0.0000	0.0000	0.0000	0.0000	0.0000
EG11599	0.0000	0.0000	0.0000	0.0000	0.0000	0.0000	0.0000	0.0000
EG11600	0.0000	0.0000	0.0000	0.0000	0.0000	0.0000	0.0000	0.0000
EG11601	0.0000	0.0000	0.0000	0.0000	0.0000	0.0000	0.0000	0.0000
EG11602	1.0000	1.0000	1.0000	1.0000	1.0000	1.0000	1.0000	1.0000
EG11603	1.0000	1.0000	1.0000	1.0000	1.0000	1.0000	1.0000	1.0000
EG11604	0.0000	0.0000	0.0000	0.0000	0.0000	0.0000	0.0000	0.0000
EG11605	1.0000	1.0000	1.0000	1.0000	1.1429	1.0000	1.0000	0.2273
EG11606	1.0000	1.0000	1.0000	1.0000	1.0000	1.0000	1.0000	1.0000
EG11607	0.0000	0.0000	0.0000	0.0000	0.0000	0.0000	0.0000	0.0000
EG11608	4.0000	4.0000	2.8571	1.0000	1.0000	0.5909	0.0000	0.0000
EG11609	0.0000	0.0000	0.0000	0.0000	0.0000	0.0000	0.0000	0.0000
EG11610	0.0000	0.0000	0.0000	0.0000	0.0000	0.0000	0.0000	0.0000
EG11612	0.0000	0.0000	0.0000	0.0000	0.0000	0.2273	1.0000	1.0000
EG11613	0.0000	0.0000	0.0000	0.0000	0.0000	0.0000	0.0000	0.0000
EG11614	0.0000	0.0000	0.0000	0.0000	0.0000	0.0000	0.0000	0.0000
EG11615	0.0000	0.0000	0.0000	0.0000	0.0000	0.0000	0.0000	0.0000
EG11616	0.0000	0.0000	0.0000	0.0000	0.0000	0.0000	0.0000	0.0000
EG11617	0.0000	0.0000	0.0000	0.0000	0.0000	0.0000	0.0000	0.0000
EG11618	0.0000	0.0000	0.0000	0.0000	0.0000	0.0000	0.0000	0.0000
EG11619	0.0000	0.0000	0.0000	0.0000	0.0000	0.0000	0.7619	1.0000
EG11620	0.0000	0.5714	1.5238	1.0000	1.0000	0.9091	0.0000	0.0000
EG11621	0.0000	0.0000	0.0000	0.0000	0.0000	0.0000	0.0000	0.4091
EG11622	0.0000	0.0000	0.0000	0.0000	0.0000	0.0000	0.0000	0.0000
EG11623	0.0000	0.0000	0.0000	0.0000	0.0000	0.0000	0.0000	0.0000
EG11624	1.0000	1.0000	1.0000	1.0000	1.0000	1.0000	1.0000	1.0000
EG11625	1.0000	1.0000	1.0000	1.0000	1.0000	1.0000	1.0000	1.0000
EG11626	1.0000	1.0000	1.0000	1.0000	1.0000	1.0000	1.0000	1.0000
EG11627	1.0000	1.0000	1.0000	1.0000	1.0000	1.0000	1.0000	1.0000
EG11628	1.0000	0.7143	0.8095	0.5909	0.0000	0.0000	0.0000	0.0000
EG11629	0.0000	0.0000	0.0000	0.0000	0.0000	0.0000	0.0000	0.0000
EG11630	0.0000	0.0000	0.0000	0.0000	0.0000	0.0000	0.0000	0.0000
EG11631	0.0000	0.0000	0.0000	0.0000	0.0000	0.0000	0.0000	0.0000
EG11632	0.0000	0.0000	0.0000	0.0000	0.0000	0.0000	0.0000	0.0000
EG11634	0.0000	0.0000	0.0000	0.0000	0.0000	0.0000	0.0000	0.0000
EG11635	0.0000	0.0000	0.0000	0.0000	0.0000	0.0000	0.0000	0.0000
EG11636	0.0000	0.0000	0.0000	0.0000	0.0000	0.0000	0.0000	0.0000
EG11637	0.0000	0.0000	0.0000	0.0000	0.0000	0.0000	0.2857	0.3636
EG11639	1.0000	1.0000	1.0000	1.0000	1.0000	1.0000	1.0000	1.0000
EG11640	0.0000	0.0000	0.0000	0.0000	0.0000	0.0000	0.0000	0.0000
EG11643	0.0000	0.0000	0.0000	0.0000	0.0000	0.0000	0.0000	0.0000
EG11644	0.0000	0.0000	0.0000	0.0000	0.0000	0.0000	0.0000	0.0000
EG11645	0.0000	0.0000	0.0000	0.0000	0.0000	0.0000	0.0000	0.0000
EG11646	0.0000	0.0000	0.0000	0.0000	0.0000	0.0000	0.0000	0.0000
EG11647	2.0000	2.0000	2.0000	2.0000	2.0000	2.0000	2.0000	2.0000
EG11648	0.0000	0.0000	0.0000	0.0000	0.0000	0.0000	0.0000	0.0000
EG11649	0.0000	0.0000	0.0000	0.0000	0.0000	0.0000	0.0000	0.0000
EG11650	0.0000	0.0000	0.0000	0.0000	0.0000	0.0000	0.0000	0.0000
EG11651	0.0000	0.0000	0.0000	0.0000	0.0000	0.0000	0.0000	0.0000
EG11652	0.0000	0.0000	0.0000	0.0000	0.0000	0.0000	0.0000	0.0000
EG11653	0.0000	0.0000	0.0000	0.0000	0.0000	0.0000	0.0000	0.0000
EG11654	0.0000	0.0000	0.0000	0.0000	0.0000	0.0000	0.0000	0.0000
EG11656	0.0000	0.0000	0.0000	0.0000	0.0000	0.0000	0.0000	0.0000
EG11657	0.0000	0.0000	0.0000	0.0000	0.0000	0.0000	0.0000	0.0000
EG11658	0.0000	0.0000	0.0000	0.0000	0.0000	0.0000	0.0000	0.0000
EG11659	0.0000	0.0000	0.0000	0.0000	0.0000	0.0000	0.0000	0.0000
EG11660	0.0000	0.0000	0.0000	0.0000	0.0000	0.0000	0.0000	0.0000
EG11661	0.0000	0.0000	0.0000	0.0000	0.0000	0.0000	0.0000	0.0000
EG11662	0.0000	0.0000	0.0000	0.0000	0.0000	0.0000	0.0000	0.0000
EG11663	3.0000	3.0000	3.0000	3.2727	4.0000	4.4091	5.7619	6.7273
EG11664	1.0000	1.0000	1.0000	1.0000	1.0000	1.0000	1.0000	1.0000
EG11665	0.0000	0.0000	0.0000	0.7727	1.0000	0.2273	0.0000	0.0000
EG11666	1.0000	0.4762	0.0000	0.0000	0.0000	0.0000	0.0000	0.0000
EG11667	0.0000	0.0000	0.0000	0.0000	0.0000	0.0000	0.0000	0.0000
EG11668	0.0000	0.0000	0.0000	0.0000	0.0000	0.0000	0.0000	0.0000
EG11669	0.0000	0.0000	0.0000	0.0000	0.0000	0.0000	0.0000	0.0000
EG11670	0.0000	0.0000	0.0000	0.0000	0.0000	0.0000	0.0000	0.0000
EG11671	0.0000	0.0000	0.0000	0.0000	0.0000	0.0000	0.0000	0.0000
EG11672	0.0000	0.0000	0.0000	0.0000	0.0000	0.0000	0.0000	0.0000
EG11673	0.0000	0.0476	1.0000	1.0000	1.0000	1.0000	2.0000	1.8182
EG11674	0.0000	0.0000	0.0000	0.0000	0.0000	0.0000	0.2857	0.1818
EG11675	0.0000	0.0000	0.0000	0.0000	0.4286	1.0000	1.0000	1.0000
EG11676	0.0000	0.0000	0.0000	0.0000	0.0000	0.0000	0.0000	0.0000
EG11677	0.0000	0.0000	0.0000	0.0000	0.0000	0.0000	0.0000	0.0000
EG11678	0.0000	0.0000	0.0000	0.0000	0.0000	0.0000	0.0000	0.0000
EG11679	0.0000	0.0000	0.0000	0.0000	0.0000	0.0000	0.0000	0.0000
EG11680	2.0000	2.0000	1.5714	1.0000	1.0000	1.0000	1.5238	2.0000
EG11681	4.0000	4.0000	2.8571	2.0000	2.0000	1.4091	1.5238	2.0000
EG11682	4.0000	4.0000	2.8571	2.0000	2.0000	1.4091	1.5238	2.0000
EG11683	0.0000	0.0000	0.0000	0.0000	0.0000	0.0000	0.0000	0.0000
EG11684	0.0000	0.0000	0.0000	0.0000	0.0000	0.0000	0.5714	0.4091
EG11685	0.0000	0.0000	0.0000	0.0000	0.0000	0.0000	0.0000	0.0000
EG11686	0.0000	0.0000	0.0000	0.0000	0.0000	0.0000	0.0000	0.0000
EG11687	0.0000	0.0000	0.0000	0.0000	0.0000	0.0000	0.0000	0.0000
EG11688	0.0000	0.0000	0.0000	0.0000	0.0000	0.0000	0.0000	0.0000
EG11689	0.0000	0.0000	0.0000	0.0000	0.0000	0.0000	0.0000	0.0000
EG11690	0.0000	0.0000	0.0000	0.0000	0.0000	0.0000	0.0000	0.0000
EG11691	0.0000	0.0000	0.0000	0.0000	0.0000	0.0000	0.0000	0.0000
EG11692	0.0000	0.0000	0.0000	0.0000	0.0000	0.0000	0.0000	0.0000
EG11693	0.0000	0.0000	0.0000	0.0000	0.0000	0.0000	0.0000	0.0000
EG11694	0.0000	0.0000	0.0000	0.0000	0.0000	0.0000	0.0000	0.0000
EG11695	0.0000	0.0000	0.0000	0.0000	0.0000	0.0000	0.0000	0.0000
EG11696	0.0000	0.0000	0.0000	0.0000	0.0000	0.0000	0.0000	0.0000
EG11697	0.0000	0.0000	0.0000	0.0000	0.0000	0.0000	0.0000	0.0000
EG11698	1.0000	1.0000	1.0000	1.0000	1.0000	1.0000	1.0000	1.0000
EG11699	5.0000	4.0476	4.1429	5.0000	6.1429	6.9545	7.2857	7.3636
EG11700	1.0000	1.0000	1.0000	1.0000	0.6667	0.0000	0.0000	0.0000
EG11701	0.0000	0.0000	0.0000	0.0000	0.0000	0.0000	0.0000	0.0000
EG11702	0.0000	0.0000	0.0000	0.0000	0.6190	1.0000	1.0000	1.0000
EG11703	0.0000	0.0000	0.0000	0.0000	0.0000	0.0000	0.0000	0.0000
EG11704	0.0000	0.0000	0.0000	0.0000	0.0000	0.0000	0.0000	0.0000
EG11705	0.0000	0.0000	0.0000	0.0000	0.0000	0.0000	0.0000	0.0000
EG11706	0.0000	0.0000	0.0000	0.0000	0.0000	0.0000	0.0000	0.0000
EG11707	0.0000	0.0000	0.0000	0.0000	0.0000	0.0000	0.0000	0.0000
EG11708	0.0000	0.0000	0.0000	0.0000	0.0000	0.0000	0.0000	0.0000
EG11709	0.0000	0.0000	0.0000	0.0000	0.0000	0.0000	0.0000	0.0000
EG11710	0.0000	0.0000	0.0000	0.0000	0.0000	0.0000	0.0000	0.0000
EG11711	0.0000	0.0000	0.0000	0.0000	0.0000	0.0000	0.0000	0.0000
EG11712	0.0000	0.0000	0.0000	0.0000	0.0000	0.0000	0.0000	0.0000
EG11713	0.0000	0.0000	0.0000	0.0000	0.0000	0.0000	0.0000	0.0000
EG11714	0.0000	0.0000	0.0000	0.0000	0.0000	0.0000	0.0000	0.0000
EG11719	0.0000	0.0000	0.0000	0.0000	0.0000	0.0000	0.0000	0.0000
EG11720	0.0000	0.0000	0.0000	0.0000	0.0000	0.0000	0.0000	0.0000
EG11721	0.0000	0.0000	0.0000	0.0000	0.0000	0.0000	0.0000	0.0000
EG11722	0.0000	0.0000	0.0000	0.0000	0.0000	0.0000	0.0000	0.0000
EG11723	0.0000	0.0000	0.0000	0.0000	0.0000	0.0000	0.0000	0.0000
EG11724	1.0000	1.0000	1.0000	1.0000	0.2381	1.0000	0.1905	0.0000
EG11725	0.0000	0.0000	0.0000	0.0000	0.0000	0.0000	0.0000	0.0000
EG11726	0.0000	0.0000	0.0000	0.0000	0.0000	0.0000	0.0000	0.0000
EG11727	0.0000	0.0000	0.0000	0.0000	0.0000	0.0000	0.0000	0.0000
EG11728	0.0000	0.0000	0.0000	0.0000	0.0000	0.0000	0.0000	0.0000
EG11729	0.0000	0.0000	0.0000	0.0000	0.0000	0.0000	0.0000	0.0000
EG11730	0.0000	0.0000	0.0000	0.0000	0.0000	0.0000	0.0000	0.0000
EG11731	0.0000	0.0000	0.0000	0.0000	0.0000	0.0000	0.0000	0.0000
EG11732	0.0000	0.0000	0.0000	0.0000	0.0000	0.0000	0.0000	0.0000
EG11733	0.0000	0.0000	0.0000	0.0000	0.0000	0.0000	0.0000	0.0000
EG11734	1.0000	1.0000	1.0000	1.0000	1.0000	1.0000	1.0000	1.0000
EG11735	0.0000	0.0000	0.3333	1.0000	1.2857	2.0000	2.0000	1.1818
EG11736	0.0000	0.0000	0.0000	0.0000	0.0000	0.0000	0.0000	0.0000
EG11737	0.0000	0.0000	0.0000	0.0000	0.0000	0.0000	0.0000	0.4091
EG11738	0.0000	0.0000	0.0000	0.0000	0.0000	0.0000	0.0000	0.0000
EG11739	0.0000	0.0000	0.0000	0.0000	0.0000	0.0000	0.0000	0.0000
EG11740	0.0000	0.0000	0.0000	0.0000	0.0000	0.0000	0.0000	0.0000
EG11741	0.0000	0.0000	0.0000	0.0000	0.0000	0.0000	0.0000	0.0000
EG11742	0.0000	0.0000	0.0000	0.0000	0.0000	0.0000	0.0000	0.0000
EG11743	0.0000	0.0000	0.0000	0.0000	0.0000	0.0000	0.0000	0.0000
EG11744	0.0000	0.0000	0.0000	0.0000	0.0000	0.0000	0.0000	0.0000
EG11746	0.0000	0.0000	0.0000	0.0000	0.4286	1.0000	1.0000	1.0000
EG11747	1.0000	1.0000	1.0000	1.0000	2.0000	2.4545	1.8571	1.0000
EG11748	0.0000	0.0000	0.0000	0.0000	0.0000	0.0000	0.0000	0.0000
EG11749	0.0000	0.0000	0.0000	0.0000	0.0000	0.0000	0.0000	0.0000
EG11750	1.0000	1.0000	1.0000	1.0000	1.0000	1.0000	1.0000	1.0000
EG11751	0.0000	0.0000	0.0000	0.0000	0.0000	0.0000	0.0000	0.0000
EG11752	0.0000	0.0000	0.0000	0.0000	0.0000	0.0000	0.0000	0.0000
EG11753	0.0000	0.0000	0.0000	0.0000	0.0000	0.0000	0.0000	0.0000
EG11754	0.0000	0.0000	0.0000	0.0000	0.0000	0.0000	0.0000	0.0000
EG11757	3.0000	3.0000	3.0000	3.0000	3.0000	3.0000	3.0000	3.0000
EG11758	3.0000	3.0000	3.0000	3.0000	3.0000	3.0000	3.0000	3.0000
EG11759	0.0000	0.0000	0.0000	0.0000	0.0000	0.0000	0.0000	0.0000
EG11760	0.0000	0.0000	0.0000	0.0000	0.0000	0.0000	0.0000	0.0000
EG11761	0.0000	0.0000	0.0000	0.0000	0.0000	0.0000	0.0000	0.0000
EG11762	1.0000	1.0000	1.0000	1.0000	1.0000	1.0000	1.0000	1.0000
EG11763	0.0000	0.0000	0.0000	0.0000	0.0000	0.0000	0.0000	0.0000
EG11764	0.0000	0.0000	0.0000	0.0000	0.0000	0.0000	0.0000	0.0000
EG11765	0.0000	0.0000	0.0000	0.0000	0.0000	0.0000	0.0000	0.0000
EG11767	0.0000	0.0000	0.0000	0.0000	0.0000	0.0000	0.0000	0.0000
EG11768	0.0000	0.0000	0.0000	0.0000	0.0000	0.0000	0.0000	0.0000
EG11769	0.0000	0.0000	0.0000	0.0000	0.0000	0.0000	0.0000	0.0000
EG11770	0.0000	0.0000	0.0000	0.0000	0.0000	0.0000	0.0000	0.0000
EG11773	0.0000	0.0000	0.0000	0.0000	0.0000	0.0000	0.0000	0.0000
EG11774	0.0000	0.0000	0.0000	0.0000	0.0000	0.0000	0.0000	0.0000
EG11775	0.0000	0.0000	0.0000	0.0000	0.0000	0.0000	0.0000	0.0000
EG11776	0.0000	0.0000	0.0000	0.0000	0.0000	0.0000	0.0000	0.0000
EG11779	0.0000	0.0000	0.0000	0.0000	0.0000	0.0000	0.0000	0.0000
EG11781	0.0000	0.0000	0.0000	0.0000	0.0000	0.0000	0.0000	0.0000
EG11782	0.0000	0.0000	0.0000	0.7273	1.0000	1.4091	2.0000	2.0000
EG11783	0.0000	0.3810	1.0000	1.0000	0.8095	0.0000	0.0000	0.0000
EG11784	0.0000	0.0000	0.0000	0.0000	0.0000	0.0000	0.0000	0.0000
EG11785	0.0000	0.0000	0.0000	0.0000	0.0000	0.0000	0.0000	0.0000
EG11786	1.0000	0.9524	0.0000	0.0000	0.0000	0.0000	0.0000	0.0000
EG11787	0.0000	0.0000	0.0000	0.0000	0.0000	0.0000	0.0000	0.0000
EG11788	0.0000	0.0000	0.0000	0.0000	0.0000	0.0000	0.0000	0.0000
EG11789	0.0000	0.0000	0.0000	0.0000	0.0000	0.0000	0.0000	0.0000
EG11790	0.0000	0.0000	0.0000	0.0000	0.0000	0.0000	0.0000	0.0000
EG11791	0.0000	0.0000	0.0000	0.0000	0.0000	0.0000	0.0000	0.0000
EG11792	0.0000	0.0000	0.0000	0.0000	0.0000	0.0000	0.0000	0.0000
EG11793	1.0000	1.0000	1.0000	1.0000	1.0000	1.0000	1.0000	1.0000
EG11794	0.0000	0.0000	0.0000	0.0000	0.0000	0.0000	0.0000	0.0000
EG11795	0.0000	0.0476	1.0000	0.2727	0.0000	0.0000	0.0000	0.0000
EG11796	0.0000	0.0000	0.0000	0.0000	0.0000	0.0000	0.0000	0.0000
EG11797	0.0000	0.0000	0.0000	0.0000	0.0000	0.0000	0.0000	0.0000
EG11798	0.0000	0.0000	0.0000	0.0000	0.0000	0.0000	0.0000	0.0000
EG11799	0.0000	0.0000	0.0000	0.0000	0.0000	0.0000	0.0000	0.0000
EG11800	0.0000	0.0000	0.0000	0.0000	0.0000	0.0000	0.0000	0.0000
EG11801	0.0000	0.0000	0.0000	0.0000	0.0000	0.0000	0.0000	0.0000
EG11802	0.0000	0.0000	0.0000	0.0000	0.0000	0.0000	0.0000	0.0000
EG11803	0.0000	0.0000	0.0000	0.0000	0.0000	0.0000	0.0000	0.0000
EG11804	0.0000	0.0000	0.0000	0.0000	0.0000	0.0000	0.0000	0.0000
EG11805	0.0000	0.0000	0.0000	0.0000	0.0000	0.0000	0.0000	0.0000
EG11806	0.0000	0.0000	0.0000	0.0000	0.0000	0.0000	0.0000	0.0000
EG11807	1.0000	1.0000	1.0000	1.0000	0.7143	0.0000	0.0000	0.0000
EG11808	0.0000	0.0000	0.0000	0.0000	0.0000	0.0000	0.0000	0.0000
EG11809	0.0000	0.7143	1.0000	1.0000	1.0000	1.0000	1.0000	1.0000
EG11810	1.0000	1.0000	1.0000	1.0000	1.0000	1.0000	1.0000	1.0000
EG11811	0.0000	0.0000	0.0000	0.0000	0.0000	0.0000	0.0000	0.0000
EG11812	0.0000	0.8095	1.0000	1.0000	1.0000	1.0000	1.0000	1.0000
EG11814	0.0000	0.0000	0.0000	0.0000	0.0000	0.0000	0.0000	0.0000
EG11815	0.0000	0.0000	0.0000	0.0000	0.0000	0.0000	0.0000	0.0000
EG11816	0.0000	0.0000	0.0000	0.6818	1.0000	1.0000	1.0000	0.7727
EG11817	0.0000	0.0000	0.0000	0.0000	0.0000	0.0000	0.0000	0.0000
EG11819	1.0000	1.0000	1.0000	1.0000	1.0000	0.0000	0.0000	0.0000
EG11820	1.0000	1.0000	1.0000	1.0000	1.0000	1.0000	1.0000	1.0000
EG11821	0.0000	0.0000	0.0000	0.0000	0.0000	0.0000	0.0000	0.0000
EG11822	1.0000	1.0000	1.0000	1.0000	1.0000	1.0000	1.0000	1.0000
EG11823	0.0000	0.0000	0.0000	0.0000	0.0000	0.0000	0.0000	0.0000
EG11824	0.0000	0.0000	0.0000	0.0000	0.0000	0.0000	0.0000	0.0000
EG11825	0.0000	0.0000	0.0000	0.0000	0.0000	0.0000	0.2381	0.0455
EG11826	0.0000	0.0000	0.0000	0.0000	0.0000	0.0000	0.0000	0.0000
EG11827	0.0000	0.0000	0.0000	0.0000	0.0000	0.0000	0.0000	0.0000
EG11828	0.0000	0.0000	0.0000	0.0000	0.0000	0.0000	0.0000	0.0000
EG11829	0.0000	0.0000	0.0000	0.0000	0.0000	0.0000	0.0000	0.0000
EG11830	0.0000	0.0000	0.0000	0.0000	0.0000	0.0000	0.0000	0.0000
EG11831	1.0000	1.0000	1.0000	0.2273	0.0000	0.0000	0.0000	0.0000
EG11832	0.0000	0.0000	0.0000	0.0000	0.0000	0.0000	0.0000	0.0000
EG11833	0.0000	0.0000	0.0000	0.0000	0.0000	0.0000	0.0000	0.0000
EG11835	2.0000	2.0000	1.5238	1.0909	1.0000	1.0000	1.0000	0.6818
EG11836	0.0000	0.0000	0.0000	0.0000	0.0000	0.0000	0.0000	0.0000
EG11837	5.0000	5.0000	4.2857	4.0000	3.4762	4.5000	3.2857	3.0000
EG11838	0.0000	0.0000	0.0000	0.0000	0.0000	0.0000	0.0000	0.0000
EG11839	0.0000	0.0000	0.0000	0.0000	0.0000	0.0000	0.0000	0.0000
EG11840	0.0000	0.0000	0.0000	0.0000	0.0000	0.0000	0.0000	0.0000
EG11841	0.0000	0.0000	0.0000	0.0000	0.0000	0.0000	0.0000	0.0000
EG11842	0.0000	0.0000	0.0000	0.0000	0.0000	0.0000	0.0000	0.0000
EG11843	0.0000	0.0000	0.0000	0.0000	0.0000	0.0000	0.0000	0.0000
EG11844	0.0000	0.0000	0.0000	0.0000	0.0000	0.0000	0.0000	0.0000
EG11845	0.0000	0.0000	0.0000	0.0000	0.0000	0.0000	0.0000	0.0000
EG11846	0.0000	0.0000	0.0000	0.0000	0.0000	0.0000	0.0000	0.0000
EG11847	0.0000	0.0000	0.0000	0.0000	0.0000	0.0000	0.0000	0.0000
EG11848	0.0000	0.0000	0.0000	0.0000	0.0000	0.0000	0.0000	0.0000
EG11849	0.0000	0.0000	0.0000	0.0000	0.0000	0.0000	0.0000	0.0000
EG11850	0.0000	0.0000	0.9524	1.0000	1.0000	1.0000	1.0000	0.2273
EG11851	0.0000	0.0000	0.9524	1.0000	1.0000	1.0000	1.0000	0.2273
EG11852	0.0000	0.0000	0.9524	1.0000	1.0000	1.0000	1.0000	0.2273
EG11853	0.0000	0.0000	0.9524	1.0000	1.0000	1.0000	1.0000	0.2273
EG11854	0.0000	0.0000	0.0000	0.0000	0.0000	0.0000	0.0000	0.0000
EG11855	0.0000	0.0000	0.0000	0.0000	0.0000	0.0000	0.0000	0.0000
EG11856	0.0000	0.0000	0.0000	0.0000	0.0000	0.0000	0.0000	0.0000
EG11857	0.0000	0.0000	0.0000	0.0000	0.0000	0.0000	0.0000	0.0000
EG11858	0.0000	0.0000	0.0000	0.0000	0.0000	0.0000	0.0000	0.0000
EG11859	0.0000	0.0000	0.0000	0.0000	0.0000	0.0000	0.0000	0.0000
EG11860	0.0000	0.0000	0.0000	0.0000	0.0000	0.0000	0.0000	0.0000
EG11861	0.0000	0.0000	0.0000	0.0000	0.0000	0.0000	0.0000	0.0000
EG11862	0.0000	0.0000	0.0000	0.0000	0.0000	0.0000	0.0000	0.0000
EG11863	0.0000	0.0000	0.0000	0.0000	0.0000	0.0000	0.0000	0.0000
EG11864	0.0000	0.0000	0.0000	0.0000	0.0000	0.0000	0.0000	0.0000
EG11865	0.0000	0.0000	0.0000	0.0000	0.0000	0.0000	0.0000	0.0000
EG11866	0.0000	0.0000	0.0000	0.0000	0.0000	0.0000	0.0000	0.0000
EG11867	0.0000	0.0000	0.0000	0.0000	0.0000	0.0000	0.0000	0.0000
EG11868	0.0000	0.0000	0.0000	0.0000	0.0000	0.0000	0.0000	0.0000
EG11869	0.0000	0.0000	0.0000	0.0000	0.0000	0.0000	0.0000	0.0000
EG11870	0.0000	0.0000	0.0000	0.0000	0.0000	0.0000	0.0000	0.0000
EG11871	0.0000	0.0000	0.0000	0.0000	0.0000	0.0000	0.0000	0.0000
EG11873	1.0000	1.0000	1.0000	1.0000	0.2857	0.0000	0.0952	1.0000
EG11874	0.0000	0.0000	0.0000	0.0000	0.0000	0.0000	0.0000	0.0000
EG11875	0.0000	0.0000	0.0000	0.0000	0.0000	0.0000	0.0000	0.0000
EG11876	1.0000	1.0000	1.0000	1.0000	1.0000	1.0000	1.0000	1.0000
EG11877	1.0000	1.0000	1.0000	1.0000	1.0000	1.0000	1.0000	1.0000
EG11878	1.0000	1.0000	1.0000	1.0000	1.0000	1.0000	1.0000	1.0000
EG11879	0.0000	0.0952	1.0000	1.0000	1.0000	1.0000	1.0000	1.0000
EG11880	0.0000	0.0000	0.0000	0.0000	0.0000	0.0000	0.0000	0.0000
EG11881	0.0000	0.0000	0.0000	0.0000	0.0000	0.0000	0.0000	0.0000
EG11882	0.0000	0.0000	0.0000	0.0000	0.0000	0.0000	0.0000	0.0000
EG11883	1.0000	1.0000	1.0000	1.0000	1.0000	1.0000	1.0000	1.0000
EG11884	1.0000	1.0000	1.0000	1.0000	1.0000	1.0000	1.0000	1.0000
EG11885	0.0000	0.0000	0.0000	0.0000	0.0000	0.0000	0.0000	0.0000
EG11886	0.0000	0.0000	0.0000	0.0000	0.0000	0.0000	0.0000	0.0000
EG11887	1.0000	1.0000	0.7619	0.0000	0.0000	0.0000	0.0000	0.0000
EG11888	0.0000	0.0000	0.0000	0.0000	0.0000	0.0000	0.0000	0.0000
EG11889	0.0000	0.0000	0.0000	0.0000	0.0000	0.0000	0.0000	0.0000
EG11890	0.0000	0.0000	0.0000	0.0000	0.0000	0.0000	0.0000	0.0000
EG11891	0.0000	0.0000	0.0000	0.0000	0.0000	0.0000	0.0000	0.0000
EG11892	1.0000	1.0000	1.0000	1.0000	1.0000	1.0000	1.0000	1.0000
EG11893	1.0000	1.0000	1.0000	1.0000	1.0000	1.0000	1.0000	1.0000
EG11894	2.0000	2.0000	2.0000	2.0000	2.8095	3.0000	3.9048	3.6818
EG11895	0.0000	0.0000	0.0000	0.0000	0.0000	0.0000	0.0000	0.0000
EG11896	0.0000	0.0000	0.0000	0.0000	0.0000	0.0000	0.0000	0.0000
EG11897	0.0000	0.0000	0.0000	0.0000	0.0000	0.0000	0.0000	0.0000
EG11899	0.0000	0.0000	0.0000	0.0000	0.0000	0.0000	0.0000	0.0000
EG11900	0.0000	0.0000	0.0000	0.0000	0.0000	0.0000	0.0000	0.0000
EG11901	0.0000	0.0000	0.0000	0.0000	0.0000	0.0000	0.0000	0.0000
EG11902	0.0000	0.0000	0.0000	0.0000	0.0000	0.0000	0.0000	0.0000
EG11903	0.0000	0.0000	0.0000	0.0000	0.0000	0.0000	0.0000	0.0000
EG11904	0.0000	0.0000	0.0000	0.0000	0.0000	0.0000	0.0000	0.0000
EG11905	0.0000	0.0000	0.0000	0.0000	0.0000	0.0000	0.0000	0.0000
EG11906	0.0000	0.0000	0.0000	0.0000	0.0000	0.0000	0.0000	0.0000
EG11908	0.0000	0.0000	0.0000	0.0000	0.0000	0.0000	0.0000	0.0000
EG11909	0.0000	0.0000	0.0000	0.0000	0.0000	0.0000	0.0000	0.0000
EG11910	0.0000	0.0000	0.0000	0.0000	0.0000	0.0000	0.0000	0.0000
EG11911	0.0000	0.0000	0.0000	0.0000	0.0000	0.0000	0.0000	0.0000
EG11912	0.0000	0.0000	0.0000	0.0000	0.0000	0.0000	0.0000	0.0000
EG11913	0.0000	0.0000	0.0000	0.0000	0.0000	0.0000	0.0000	0.0000
EG11914	0.0000	0.0000	0.0000	0.0000	0.0000	0.0000	0.0000	0.0000
EG11915	0.0000	0.0000	0.0000	0.0000	0.6190	1.0000	1.0000	1.0000
EG11916	0.0000	0.0000	0.0000	0.0000	0.0000	0.0000	0.4762	1.0000
EG11917	0.0000	0.0000	0.0000	0.0000	0.0000	0.0000	0.0000	0.0000
EG11918	0.0000	0.0000	0.0000	0.0000	0.0000	0.0000	0.0000	0.0000
EG11919	0.0000	0.0000	0.0000	0.0000	0.0000	0.0000	0.0000	0.0000
EG11920	0.0000	0.0000	0.0000	0.0000	0.0000	0.0000	0.0000	0.0000
EG11921	0.0000	0.0000	0.0000	0.0000	0.0000	0.5455	1.0000	0.0909
EG11922	0.0000	0.0000	0.0000	0.0000	0.0000	0.0000	0.0000	0.0000
EG11923	0.0000	0.0000	0.0000	0.0000	0.0000	0.0000	0.0000	0.0000
EG11924	0.0000	0.0000	0.0000	0.0000	0.0000	0.0000	0.0000	0.0000
EG11925	0.0000	0.0000	0.0000	0.0000	0.0000	0.0000	0.0000	0.0000
EG11926	0.0000	0.0000	0.0000	0.0000	0.0000	0.0000	0.0000	0.0000
EG11928	0.0000	0.0000	0.0000	0.0000	0.0000	0.0000	0.0000	0.0000
EG11929	0.0000	0.0000	0.0000	0.0000	0.0000	0.0000	0.0000	0.0000
EG11930	0.0000	0.0000	0.0000	0.0000	0.0000	0.0000	0.0000	0.0000
EG11931	0.0000	0.0000	0.0000	0.0000	0.0000	0.0000	0.0000	0.0000
EG11932	0.0000	0.0000	0.0000	0.0000	0.0000	0.0000	0.0000	0.0000
EG11933	0.0000	0.0000	0.0000	0.0000	0.0000	0.0000	0.0000	0.0000
EG11934	0.0000	0.0000	0.0000	0.0000	0.0000	0.0000	0.0000	0.0000
EG11935	0.0000	0.0000	0.0000	0.0000	0.0000	0.0000	0.0000	0.0000
EG11936	0.0000	0.0000	0.0000	0.0000	0.0000	0.0000	0.0000	0.0000
EG11937	0.0000	0.0000	0.0000	0.0000	0.0000	0.0000	0.0000	0.0000
EG11938	0.0000	0.0000	0.0000	0.0000	0.0000	0.0000	0.0000	0.0000
EG11939	0.0000	0.0000	0.0000	0.0000	0.0000	0.0000	0.0000	0.0000
EG11940	0.0000	0.0000	0.0000	0.0000	0.0000	0.0000	0.0000	0.0000
EG11941	0.0000	0.0000	0.0000	0.0000	0.0000	0.0000	0.0000	0.0000
EG11942	0.0000	0.0000	0.0000	0.0000	0.0000	0.0000	0.0000	0.0000
EG11943	0.0000	0.0000	0.0000	0.0000	0.0000	0.0000	0.0000	0.0000
EG11945	0.0000	0.0000	0.0000	0.0000	0.0000	0.0000	0.0000	0.0000
EG11946	0.0000	0.0000	0.0000	0.0000	0.0000	0.0000	0.0000	0.0000
EG11947	0.0000	0.0000	0.0000	0.0000	0.0000	0.0000	0.0000	0.0000
EG11948	0.0000	0.0000	0.0000	0.0000	0.0000	0.0000	0.0000	0.0000
EG11949	0.0000	0.0000	0.0000	0.0000	0.0000	0.0000	0.0000	0.0000
EG11950	0.0000	0.0000	0.0000	0.0000	0.0000	0.0000	0.0000	0.0000
EG11951	0.0000	0.0000	0.0000	0.0000	0.0000	0.0000	0.0000	0.0000
EG11952	0.0000	0.0000	0.0000	0.0000	0.0000	0.0000	0.0000	0.0000
EG11953	0.0000	0.0000	0.0000	0.0000	0.0000	0.0000	0.0000	0.0000
EG11954	0.0000	0.0000	0.0000	0.0000	0.0000	0.0000	0.0000	0.0000
EG11955	0.0000	0.0000	0.0000	0.0000	0.0000	0.0000	0.0000	0.0000
EG11956	0.0000	0.0000	0.0000	0.0000	0.0000	0.0000	0.0000	0.0000
EG11957	0.0000	0.0000	0.0000	0.0000	0.0000	0.0000	0.0000	0.0000
EG11958	0.0000	0.0000	0.0000	0.0000	0.0000	0.0000	0.0000	0.0000
EG11959	0.0000	0.0000	0.0000	0.0000	0.0000	0.0000	0.0000	0.0000
EG11961	0.0000	0.0000	0.0000	0.0000	0.0000	0.0000	0.0000	0.0000
EG11962	0.0000	0.0000	0.0000	0.0000	0.0000	0.0000	0.0000	0.0000
EG11963	0.0000	0.0000	0.0000	0.0000	0.0000	0.0000	0.0000	0.0000
EG11964	0.0000	0.0000	0.0000	0.0000	0.0000	0.0000	0.5714	0.2273
EG11965	0.0000	0.0000	0.0000	0.0000	0.0000	0.0000	0.0000	0.0000
EG11966	0.0000	0.0000	0.0000	0.0000	0.0000	0.0000	0.0000	0.0000
EG11967	1.0000	1.0000	1.0000	1.0000	1.8571	2.0000	2.0000	2.0000
EG11969	0.0000	0.0000	0.0000	0.0000	0.0000	0.0000	0.0000	0.0000
EG11970	0.0000	0.0000	0.0000	0.0000	0.0000	0.0000	0.0000	0.0000
EG11971	0.0000	0.0000	0.0000	0.0000	0.0000	0.0000	0.0000	0.0000
EG11972	0.0000	0.0000	0.0000	0.0000	0.0000	0.0000	0.0000	0.0000
EG11973	0.0000	0.0000	0.0000	0.0000	0.0000	0.0000	0.0000	0.0000
EG11974	1.0000	1.0000	1.0000	1.0000	1.0000	1.0000	1.0000	1.0000
EG11975	0.0000	0.0000	0.0000	0.0000	0.0000	0.8636	1.0000	1.0000
EG11976	0.0000	0.0000	0.0000	0.0000	0.0000	0.8636	1.0000	1.0000
EG11977	0.0000	0.0000	0.0000	0.0000	0.0000	0.8636	1.0000	1.0000
EG11978	2.0000	1.3810	1.0000	1.0000	1.0000	1.0000	1.0000	1.0000
EG11979	2.0000	1.3810	1.0000	1.0000	1.0000	1.0000	1.0000	1.0000
EG11980	2.0000	1.3810	1.0000	1.0000	1.0000	1.0000	1.0000	1.0000
EG11981	1.0000	1.0000	0.8095	0.0000	0.0000	0.0000	0.0000	0.0000
EG11982	1.0000	1.0000	0.8095	0.0000	0.0000	0.0000	0.0000	0.0000
EG11983	0.0000	0.0000	0.0000	0.0000	0.0000	0.0000	0.0000	0.0000
EG11984	0.0000	0.0000	0.0000	0.0000	0.0000	0.0000	0.0000	0.0000
EG11985	0.0000	0.0000	0.0000	0.0000	0.0000	0.0000	0.0000	0.0000
EG11987	0.0000	0.0000	0.0000	0.0000	0.0000	0.0000	0.0000	0.0000
EG11988	0.0000	0.0000	0.0000	0.0000	0.0000	0.0000	0.0000	0.0000
EG11989	0.0000	0.0000	0.0000	0.0000	0.0000	0.0000	0.0000	0.0000
EG11990	0.0000	0.0000	0.0000	0.0000	0.0000	0.0000	0.0000	0.0000
EG11991	0.0000	0.0000	0.0000	0.0000	0.0000	0.0000	0.0000	0.0000
EG11992	0.0000	0.0000	0.0000	0.0000	0.0000	0.0000	0.0000	0.0000
EG11995	0.0000	0.0000	0.0000	0.0000	0.0000	0.0000	0.0000	0.0000
EG11998	0.0000	0.0000	0.0000	0.0000	0.0000	0.0000	0.0000	0.0000
EG11999	0.0000	0.0000	0.0000	0.0000	0.0000	0.0000	0.0000	0.0000
EG12002	0.0000	0.0000	0.0000	0.0000	0.0000	0.0000	0.0000	0.0000
EG12003	0.0000	0.0000	0.0000	0.0000	0.0000	0.0000	0.0000	0.0000
EG12004	0.0000	0.0000	0.0000	0.0000	0.0000	0.0000	0.0000	0.0000
EG12005	0.0000	0.0000	0.0000	0.0000	0.0000	0.0000	0.0000	0.0000
EG12006	0.0000	0.0000	0.0000	0.0000	0.0000	0.0000	0.0000	0.0000
EG12007	0.0000	0.0000	0.0000	0.0000	0.0000	0.0000	0.0000	0.0000
EG12008	0.0000	0.0000	0.0000	0.0000	0.9048	1.0000	1.0000	1.0000
EG12009	0.0000	0.0000	0.0000	0.0000	0.0000	0.0000	0.0000	0.0000
EG12010	0.0000	0.0000	0.0000	0.0000	0.0000	0.0000	0.0000	0.0000
EG12011	0.0000	0.0000	0.0000	0.0000	0.0000	0.0000	0.0000	0.0000
EG12012	0.0000	0.0000	0.0000	0.0000	0.0000	0.0000	0.0000	0.0000
EG12013	0.0000	0.0000	0.0000	0.0000	0.0000	0.0000	0.0000	0.0000
EG12015	0.0000	0.0000	0.0000	0.0000	0.0000	0.0000	0.0000	0.0000
EG12016	0.0000	0.0000	0.0000	0.0000	0.0000	0.0000	0.0000	0.0000
EG12017	0.0000	0.0000	0.0000	0.0000	0.0000	0.0000	0.0000	0.0000
EG12019	0.0000	0.0000	0.0000	0.0000	0.0000	0.0000	0.0000	0.0000
EG12022	0.0000	0.0000	0.0000	0.0000	0.0000	0.0000	0.0000	0.0000
EG12023	0.0000	0.0000	0.0000	0.0000	0.0000	0.0000	0.0000	0.0000
EG12024	0.0000	0.0000	0.0000	0.0000	0.0000	0.0000	0.0000	0.0000
EG12025	0.0000	0.0000	0.0000	0.0000	0.0000	0.0000	0.0000	0.0000
EG12026	2.0000	1.0476	1.0000	1.0000	1.0000	1.0000	1.0000	1.0000
EG12027	0.0000	0.0000	0.0000	0.0000	0.0000	0.0000	0.0000	0.0000
EG12028	0.0000	0.0000	0.0000	0.0000	0.0000	0.0000	0.0000	0.0000
EG12029	0.0000	0.0000	0.0000	0.0000	0.0000	0.0000	0.0000	0.0000
EG12030	0.0000	0.0000	0.0000	0.0000	0.0000	0.0000	0.0000	0.0000
EG12031	0.0000	0.0000	0.0000	0.0000	0.0000	0.0000	0.0000	0.0000
EG12032	0.0000	0.0000	0.0000	0.0000	0.0000	0.0000	0.0000	0.0000
EG12033	0.0000	0.0000	0.0000	0.0000	0.0000	0.0000	0.0000	0.0000
EG12034	0.0000	0.0000	0.0000	0.0000	0.0000	0.0000	0.0000	0.0000
EG12035	0.0000	0.0000	0.0000	0.0000	0.0000	0.0000	0.0000	0.0000
EG12036	0.0000	0.0000	0.0000	0.0000	0.0000	0.0000	0.0000	0.0000
EG12037	0.0000	0.0000	0.0000	0.0000	0.0000	0.0000	0.0000	0.0000
EG12038	0.0000	0.0000	0.0000	0.0000	0.0000	0.0000	0.0000	0.0000
EG12040	0.0000	0.0000	0.0000	0.0000	0.0000	0.0000	0.0000	0.0000
EG12041	0.0000	0.0000	0.0000	0.0000	0.0000	0.0000	0.0000	0.0000
EG12042	0.0000	0.0000	0.0000	0.1364	1.4762	2.0000	2.0000	0.5909
EG12043	2.0000	2.0000	2.0000	2.0000	2.0000	2.0000	2.0000	2.0000
EG12044	1.0000	1.0000	1.0000	1.6364	2.0000	1.4091	1.0000	1.0000
EG12045	0.0000	0.0000	0.0000	0.0000	0.0000	0.0000	0.0000	0.0000
EG12048	0.0000	0.0000	0.0000	0.0000	0.0000	0.0000	0.0000	0.0000
EG12049	0.0000	0.0000	0.0000	0.0000	0.0000	0.0000	0.0000	0.0000
EG12052	0.0000	0.0000	0.0000	0.0000	0.0000	0.0000	0.0000	0.0000
EG12053	0.0000	0.0000	0.0000	0.0000	0.0000	0.0000	0.0000	0.0000
EG12054	0.0000	0.0000	0.0000	0.0000	0.0000	0.0000	0.0000	0.0000
EG12055	0.0000	0.0000	0.0000	0.0000	0.0000	0.0000	0.0000	0.0000
EG12057	0.0000	0.0000	0.0000	0.0000	0.0000	0.0000	0.0000	0.0000
EG12058	0.0000	0.0000	0.0000	0.0000	0.0000	0.0000	0.0000	0.0000
EG12059	0.0000	0.0000	0.0000	0.0000	0.0000	0.0000	0.0000	0.0000
EG12060	0.0000	0.0000	0.0000	0.0000	0.0000	0.0000	0.0000	0.0000
EG12061	0.0000	0.0000	0.0000	0.0000	0.0000	0.0000	0.0000	0.0000
EG12062	0.0000	0.0000	0.0000	0.0000	0.0000	0.0000	0.0000	0.0000
EG12064	0.0000	0.0000	0.0000	0.0000	0.0000	0.0000	0.0000	0.0000
EG12067	0.0000	0.0000	0.0000	0.0000	0.0000	0.0000	0.0000	0.0000
EG12068	0.0000	0.0000	0.0000	0.0000	0.0000	0.0000	0.0000	0.0000
EG12069	0.0000	0.0000	0.0000	0.0000	0.0000	0.0000	0.0000	0.0000
EG12070	0.0000	0.0000	0.0000	0.0000	0.0000	0.0000	0.0000	0.0000
EG12073	0.0000	0.0000	0.0000	0.0000	0.0000	0.0000	0.0000	0.0000
EG12075	0.0000	0.0000	0.0000	0.0000	0.0000	0.0000	0.0000	0.0000
EG12076	0.0000	0.0000	0.0000	0.0000	0.0000	0.0000	0.0000	0.0000
EG12077	0.0000	0.0000	0.0000	0.0000	0.0000	0.0000	0.0000	0.0000
EG12078	0.0000	0.0000	0.0000	0.0000	0.0000	0.0000	0.0000	0.0000
EG12079	0.0000	0.0000	0.0000	0.0000	0.0000	0.0000	0.0000	0.0000
EG12080	0.0000	0.0000	0.0000	0.0000	0.0000	0.0000	0.0000	0.0000
EG12081	0.0000	0.0000	0.0000	0.0000	0.0000	0.0000	0.0000	0.0000
EG12082	0.0000	0.0000	0.0000	0.0000	0.0000	0.0000	0.0000	0.0000
EG12083	0.0000	0.0000	0.0000	0.0000	0.0000	0.0000	0.0000	0.0000
EG12084	0.0000	0.0000	0.0000	0.0000	0.0000	0.0000	0.0000	0.0000
EG12086	0.0000	0.0000	0.0000	0.0000	0.0000	0.0000	0.0000	0.0000
EG12087	0.0000	0.0000	0.0000	0.0000	0.0000	0.0000	0.0000	0.0000
EG12088	0.0000	0.0000	0.0000	0.0000	0.0000	0.0000	0.0000	0.0000
EG12089	0.0000	0.0000	0.0000	0.0000	0.0000	0.0000	0.0000	0.0000
EG12090	0.0000	0.0000	0.0000	0.0000	0.0000	0.0000	0.0000	0.0000
EG12091	0.0000	0.0000	0.0000	0.0000	0.0000	0.0000	0.0000	0.0000
EG12092	0.0000	0.0000	0.0000	0.0000	0.0000	0.0000	0.0000	0.0000
EG12093	0.0000	0.0000	0.0000	0.0000	0.0000	0.0000	0.0000	0.0000
EG12094	0.0000	0.0000	0.0000	0.0000	0.0000	0.0000	0.0000	0.0000
EG12095	3.0000	3.0000	3.0000	3.0000	3.0000	3.0000	3.1905	5.7727
EG12096	0.0000	0.0000	0.0000	0.0000	0.0000	0.0000	0.0000	0.0000
EG12097	2.0000	1.7143	1.0000	1.0000	1.0000	1.0000	0.0000	0.0000
EG12098	2.0000	1.7143	1.0000	1.0000	1.0000	1.0000	0.0000	0.0000
EG12099	2.0000	2.0000	2.0000	2.0000	2.0000	2.8182	2.1429	2.0000
EG12100	0.0000	0.0000	0.0000	0.0000	0.0000	0.0000	0.0000	0.0000
EG12101	0.0000	0.0000	0.0000	0.0000	0.0000	0.0000	0.0000	0.0000
EG12102	0.0000	0.0000	0.0000	0.0000	0.0000	0.0000	0.0000	0.0000
EG12104	0.0000	0.0000	0.0000	0.0000	0.0000	0.0000	0.0000	0.0000
EG12105	0.0000	0.0000	0.0000	0.0000	1.0000	1.0000	1.0000	1.0000
EG12106	0.0000	0.0000	0.0000	0.0000	0.0000	0.0000	0.0000	0.0000
EG12107	0.0000	0.0000	0.0000	0.0000	0.0000	0.0000	0.0000	0.0000
EG12108	0.0000	0.0000	0.0000	0.0000	0.0000	0.0000	0.0000	0.0000
EG12110	1.0000	1.0000	1.0000	1.0000	1.0000	1.0000	1.0000	1.0000
EG12111	1.0000	1.0000	1.0000	1.0000	1.0000	1.0000	1.7143	2.0000
EG12112	0.0000	0.0000	0.0000	0.0000	0.0000	0.0000	0.0000	0.0000
EG12113	0.0000	0.0000	0.0000	0.0000	0.0000	0.0000	0.0000	0.0000
EG12114	1.0000	1.0000	0.2857	0.0000	0.0000	0.0000	0.0000	0.0000
EG12115	0.0000	0.0000	0.0000	0.0000	0.0000	0.0000	0.0000	0.0000
EG12116	0.0000	0.0000	0.0000	0.0000	0.0000	0.0000	0.0000	0.0000
EG12117	9.0000	9.0000	9.0000	9.0000	9.6190	8.8636	9.0000	9.0000
EG12119	0.0000	0.0000	0.0000	0.0000	0.0000	0.0000	0.0000	0.0000
EG12120	0.0000	0.0000	0.0000	0.0000	0.0000	0.0000	0.0000	0.0000
EG12121	0.0000	0.0000	0.0000	0.0000	0.0000	0.0000	0.0000	0.0000
EG12122	0.0000	0.0000	0.0000	0.0000	0.0000	0.0000	0.0000	0.0000
EG12123	0.0000	0.0000	0.0000	0.0000	0.0000	0.0000	0.0000	0.0000
EG12124	0.0000	0.0000	0.0000	0.0000	0.0000	0.0000	0.0000	0.0000
EG12125	0.0000	0.0000	0.0000	0.0000	0.0000	0.0000	0.0000	0.0000
EG12127	0.0000	0.0000	0.0000	0.0000	0.0000	0.0000	0.0000	0.0000
EG12128	0.0000	0.0000	0.0000	0.0000	0.0000	0.0000	0.0000	0.0000
EG12129	0.0000	0.8095	1.0000	1.0000	0.3810	0.0000	0.0000	0.0000
EG12130	1.0000	1.0000	1.0000	1.0000	1.0000	1.3182	2.0000	2.0000
EG12131	1.0000	1.0000	1.0000	1.0000	1.0000	1.3182	2.0000	2.0000
EG12132	0.0000	0.0000	0.4762	1.0000	1.0000	0.5455	0.0000	0.5455
EG12133	0.0000	0.0000	0.0000	0.0000	0.0000	0.0000	0.0000	0.0000
EG12134	0.0000	0.0000	0.0000	0.0000	0.0000	0.0000	0.0000	0.0000
EG12136	0.0000	0.0000	0.0000	0.0000	0.0000	0.0000	0.0000	0.0000
EG12137	0.0000	0.0000	0.0000	0.0000	0.0000	0.8636	1.0000	1.0000
EG12138	0.0000	0.0000	0.0000	0.0000	0.0000	0.0000	0.0000	0.0000
EG12139	1.0000	1.0000	1.0000	1.0000	1.0000	1.0000	1.0000	1.0000
EG12140	0.0000	0.0000	0.0000	0.0000	0.0000	0.0000	0.0000	0.0000
EG12141	0.0000	0.0000	0.0000	0.0000	0.0000	0.0000	0.0000	0.0000
EG12142	0.0000	0.0000	0.0000	0.0000	0.0000	0.0000	0.0000	0.0000
EG12143	0.0000	0.0000	0.0000	0.0000	0.0000	0.0000	0.0000	0.0000
EG12144	1.0000	1.0000	1.0000	1.0000	1.0000	1.0000	0.6190	0.0000
EG12146	1.0000	1.0000	0.5714	0.0000	0.0000	0.0000	0.5238	1.0000
EG12147	1.0000	1.0000	0.5714	0.0000	0.0000	0.0000	0.0000	0.0000
EG12148	0.0000	0.0000	0.0000	0.0000	0.0000	0.0000	0.0000	0.0000
EG12150	0.0000	0.0000	0.0000	0.0000	0.0000	0.0000	0.0000	0.0000
EG12151	0.0000	0.0000	0.0000	0.0000	0.0000	0.0000	0.0000	0.0000
EG12152	0.0000	0.0000	0.0000	0.0000	0.0000	0.0000	0.0000	0.0000
EG12153	0.0000	0.0000	0.0000	0.0000	0.0000	0.0000	0.0000	0.0000
EG12154	0.0000	0.0000	0.0000	0.0000	0.0000	0.0000	0.0000	0.0000
EG12155	0.0000	0.0000	0.0000	0.0000	0.0000	0.0000	0.0000	0.0000
EG12158	1.0000	1.0000	1.0000	0.5455	0.0000	0.0000	0.0000	0.0000
EG12159	3.0000	3.0000	3.0000	3.0000	3.0000	2.7727	2.0000	2.0000
EG12161	0.0000	0.0000	0.0000	0.0000	0.0000	0.0000	0.0000	0.0000
EG12163	1.0000	1.0000	1.0000	1.0000	0.6190	0.0000	0.0000	0.0000
EG12164	0.0000	0.0000	0.0000	0.0000	0.0000	0.0000	0.0000	0.0000
EG12165	0.0000	0.0000	0.0000	0.0000	0.0000	0.0000	0.0000	0.0000
EG12166	0.0000	0.0000	0.0000	0.0000	0.0000	0.0000	0.0000	0.0000
EG12167	0.0000	0.0000	0.0000	0.0000	0.0000	0.0000	0.0000	0.0000
EG12168	0.0000	0.0000	0.0000	0.0000	0.0000	0.0000	0.0000	0.0000
EG12169	0.0000	0.0000	0.0000	0.0000	0.0000	0.0000	0.0000	0.0000
EG12171	0.0000	0.0000	0.0000	0.0000	0.0000	0.0000	0.0000	0.0000
EG12172	2.0000	2.0000	2.0000	2.0000	2.0000	3.0000	3.6190	3.0000
EG12173	0.0000	0.0000	0.0000	0.0000	0.0000	0.0000	0.0000	0.0000
EG12176	0.0000	0.0000	0.0000	0.0000	0.0000	0.0000	0.0000	0.0000
EG12177	0.0000	0.0000	0.0000	0.0000	1.0000	1.0000	1.0000	1.0000
EG12178	0.0000	0.0000	0.0000	0.0000	0.0000	0.0000	0.0000	0.0000
EG12179	92.0000	93.1429	93.2381	90.0000	90.4762	87.7727	86.0952	84.9545
EG12180	0.0000	0.0000	0.0000	0.0000	0.0000	0.0000	0.0000	0.0000
EG12181	0.0000	0.0000	0.0000	0.0000	0.0000	0.0000	0.0000	0.0000
EG12182	0.0000	0.0000	0.0000	0.0000	0.0000	0.0000	0.0000	0.0000
EG12183	0.0000	0.0000	0.0000	0.0000	0.0000	0.0000	0.0000	0.0000
EG12188	0.0000	0.0000	0.0000	0.0000	0.0000	0.0000	0.0000	0.0000
EG12189	0.0000	0.0000	0.0000	0.0000	0.0000	0.0000	0.0000	0.0000
EG12190	0.0000	0.0000	0.0000	0.0000	0.0000	0.0000	0.0000	0.0000
EG12191	0.0000	0.0000	0.0000	0.0000	0.0000	0.0000	0.0000	0.0000
EG12192	1.0000	0.2857	0.0000	0.3182	1.0000	1.0000	1.0000	1.0000
EG12193	0.0000	0.0000	0.0000	0.0000	0.0000	0.0000	0.0000	0.0000
EG12194	0.0000	0.0000	0.0000	0.0000	0.0000	0.0000	0.0000	0.0000
EG12195	0.0000	0.0000	0.0000	0.0000	0.0000	0.0000	0.0000	0.0000
EG12196	0.0000	0.0000	0.0000	0.0000	0.0000	0.0000	0.0000	0.0000
EG12197	1.0000	1.0000	1.0000	1.0000	1.0000	1.0000	0.6190	0.0000
EG12198	0.0000	0.0000	0.0000	0.0000	0.0000	0.0000	0.0000	0.0000
EG12200	0.0000	0.0000	0.0000	0.0000	0.0000	0.0000	0.0000	0.0000
EG12201	0.0000	0.0000	0.0000	0.0000	0.0000	0.0000	0.0000	0.0000
EG12202	0.0000	0.0000	0.0000	0.0000	0.0000	0.0000	0.0000	0.0000
EG12203	0.0000	0.0000	0.0000	0.0000	0.0000	0.0000	0.0000	0.0000
EG12204	15.0000	13.6667	12.0952	11.5909	16.2381	17.3636	18.0000	14.4545
EG12205	0.0000	0.0000	0.0000	0.0000	0.0000	0.0000	0.0000	0.0000
EG12207	0.0000	0.0000	0.0000	0.0000	0.0000	0.0000	0.0000	0.0000
EG12209	1.0000	1.0000	1.0000	1.0000	1.0000	1.0000	1.0000	1.0000
EG12210	0.0000	0.0000	0.0000	0.0000	0.0000	0.0000	0.0000	0.0000
EG12211	0.0000	0.0000	0.0000	0.0000	0.0000	0.6818	1.0000	1.0000
EG12212	0.0000	0.0000	0.0000	0.0000	0.0000	0.0000	0.0000	0.0000
EG12213	0.0000	0.0000	0.0000	0.0000	0.0000	0.0000	0.0000	0.0000
EG12214	0.0000	0.0000	0.0000	0.0000	0.0000	0.0000	0.0000	0.0000
EG12215	0.0000	0.0000	0.0000	0.0000	0.0000	0.0000	0.0000	0.0000
EG12216	0.0000	0.0000	0.0000	0.0000	0.0000	0.0000	0.0000	0.0000
EG12217	0.0000	0.0000	0.0000	0.0000	0.0000	0.0000	0.0000	0.0000
EG12219	0.0000	0.0000	0.0000	0.0000	0.0000	0.0000	0.0000	0.0000
EG12220	1.0000	0.9524	0.0000	0.0000	0.0000	0.0000	0.0000	0.0000
EG12221	0.0000	0.0000	0.0000	0.0000	0.0000	0.0000	0.0000	0.0000
EG12223	0.0000	0.0000	0.0000	0.0000	0.0000	0.0000	0.0000	0.0000
EG12224	0.0000	0.0000	0.0000	0.0000	0.0000	0.0000	0.0000	0.0000
EG12225	0.0000	0.0000	0.0000	0.0000	0.0000	0.0000	0.0000	0.0000
EG12228	0.0000	0.0000	0.0000	0.0000	0.0000	0.0000	0.0000	0.0000
EG12229	0.0000	0.0000	0.0000	0.0000	0.0000	0.0000	0.0000	0.0000
EG12230	0.0000	0.0000	0.0000	0.0000	0.0000	0.0000	0.0000	0.0000
EG12231	0.0000	0.0000	0.0000	0.0000	0.0000	0.0000	0.0000	0.0000
EG12232	0.0000	0.0000	0.0000	0.0000	0.0000	0.0000	0.0000	0.0000
EG12233	0.0000	0.0000	0.0000	0.0000	0.0000	0.0000	0.0000	0.0000
EG12234	1.0000	0.4286	0.0000	0.0000	0.0000	0.0000	0.0000	0.0000
EG12235	0.0000	0.0000	0.0000	0.0000	0.0000	0.0000	0.0000	0.0000
EG12236	0.0000	0.0000	0.0000	0.0000	0.0000	0.0000	0.0000	0.0000
EG12237	0.0000	0.0000	0.0000	0.0000	0.0000	0.0000	0.0000	0.0000
EG12240	0.0000	0.0000	0.0000	0.0000	0.0000	0.0000	0.0000	0.0000
EG12241	0.0000	0.0000	0.0000	0.0000	0.0000	0.0000	0.0000	0.0000
EG12242	0.0000	0.0000	0.0000	0.0000	0.0000	0.0000	0.0000	0.0000
EG12243	0.0000	0.0000	0.0000	0.0000	0.0000	0.0000	0.0000	0.0000
EG12244	0.0000	0.0000	0.0000	0.0000	0.0000	0.0000	0.0000	0.0000
EG12245	0.0000	0.0000	0.0000	0.0000	0.0000	0.0000	0.0000	0.0000
EG12246	0.0000	0.0000	0.0000	0.0000	0.0000	0.0000	0.0000	0.0000
EG12247	1.0000	1.0000	1.0000	1.0000	1.0000	1.0000	1.0000	1.0000
EG12248	0.0000	0.0000	0.0000	0.0000	0.0000	0.0000	0.0000	0.0000
EG12249	2.0000	2.0000	2.0000	2.0000	2.0000	2.0000	2.0000	2.0000
EG12251	0.0000	0.0000	0.0000	0.0000	0.0000	0.0000	0.0000	0.0000
EG12252	3.0000	2.3333	2.0000	2.0000	2.0000	2.0000	2.0000	2.0000
EG12253	0.0000	0.0000	0.0000	0.0000	0.0000	0.0000	0.0000	0.0000
EG12254	0.0000	0.0000	0.0000	0.0000	0.0000	0.0000	0.0000	0.0000
EG12256	0.0000	0.0000	0.0000	0.7727	0.1429	0.0000	0.0000	0.0000
EG12257	0.0000	0.0000	0.0000	0.0000	0.0000	0.0000	0.0000	0.0000
EG12258	0.0000	0.0000	0.0000	0.0000	0.0000	0.0000	0.0000	0.0000
EG12259	0.0000	0.0000	0.0000	0.0000	0.0000	0.0000	0.0000	0.0000
EG12260	0.0000	0.0000	0.0000	0.0000	0.0000	0.0000	0.0000	0.0000
EG12262	0.0000	0.0000	0.0000	0.0000	0.0000	0.0000	0.0000	0.0000
EG12263	0.0000	0.0000	0.0000	0.0000	0.0000	0.0000	0.0000	0.0000
EG12264	0.0000	0.0000	0.0000	0.0000	0.0000	0.0000	0.0000	0.0000
EG12265	0.0000	0.0000	0.0000	0.0000	0.0000	0.0000	0.0000	0.0000
EG12266	0.0000	0.0000	0.0000	0.0000	0.0000	0.0000	0.0000	0.0000
EG12267	0.0000	0.0000	0.0000	0.0000	0.0000	0.0000	0.0000	0.0000
EG12268	0.0000	0.0000	0.0000	0.0000	0.0000	0.0000	0.0000	0.0000
EG12269	0.0000	0.0000	0.0000	0.0000	0.0000	0.0000	0.0000	0.0000
EG12270	0.0000	0.0000	0.0000	0.0000	0.0000	0.0000	0.0000	0.0000
EG12271	0.0000	0.0000	0.0000	0.0000	0.0000	0.0000	0.0000	0.0000
EG12272	3.0000	3.0000	3.0000	3.0000	3.0000	3.0000	3.0000	3.0000
EG12273	0.0000	0.0000	0.0000	0.0000	0.0000	0.0000	0.0000	0.0000
EG12274	0.0000	0.0000	0.0000	0.0000	0.0000	0.0000	0.0000	0.0000
EG12275	0.0000	0.0000	0.0000	0.0000	0.0000	0.0000	0.0000	0.0000
EG12276	0.0000	0.0000	0.0000	0.0000	0.0000	0.0000	0.0000	0.0000
EG12277	0.0000	0.0000	0.0000	0.0000	0.0000	0.0000	0.0000	0.0000
EG12278	1.0000	1.0000	1.0000	0.0000	0.0000	0.0000	0.0000	0.0000
EG12279	0.0000	0.0000	0.0000	0.0000	0.0000	0.0000	0.0000	0.0000
EG12280	0.0000	0.0000	0.0000	0.0000	0.0000	0.0000	0.0000	0.0000
EG12281	0.0000	0.0000	0.0000	0.0000	0.0000	0.0000	0.0000	0.0000
EG12282	0.0000	0.0000	0.0000	0.0000	0.0000	0.0000	0.0000	0.0000
EG12283	0.0000	0.0000	0.0000	0.0000	0.0000	0.0000	0.0000	0.0000
EG12284	0.0000	0.0000	0.0000	0.0000	0.0000	0.0000	0.0000	0.0000
EG12285	0.0000	0.0000	0.0000	0.0000	0.0000	0.0000	0.0000	0.0000
EG12286	0.0000	0.0000	0.0000	0.0000	0.0000	0.0000	0.0000	0.0000
EG12287	0.0000	0.0000	0.0000	0.0000	0.0000	0.0000	0.0000	0.0000
EG12288	0.0000	0.0000	0.0000	0.0000	0.0000	0.0000	0.0000	0.0000
EG12289	0.0000	0.0000	0.0000	0.0000	0.0000	0.0000	0.0000	0.0000
EG12290	0.0000	0.0000	0.0000	0.0000	0.0000	0.0000	0.0000	0.0000
EG12291	0.0000	0.0000	0.0000	0.0000	0.0000	0.0000	0.0000	0.0000
EG12292	0.0000	0.0000	0.0000	0.0000	0.0000	0.0000	0.0000	0.0000
EG12293	0.0000	0.0000	0.0000	0.0000	0.0000	0.0000	0.0000	0.0000
EG12294	0.0000	0.0000	0.0000	0.0000	0.0000	0.0000	0.0000	0.0000
EG12295	0.0000	0.0000	0.0000	0.0000	0.0000	0.0000	0.0000	0.0000
EG12296	3.0000	3.0000	3.0000	3.0000	3.1905	3.5455	2.5238	3.0000
EG12297	3.0000	3.0000	3.0000	3.0000	3.1905	3.5455	2.5238	3.0000
EG12298	3.0000	3.0000	3.0000	3.0000	3.1905	3.5455	2.5238	3.0000
EG12301	0.0000	0.0000	0.0000	0.0000	0.0000	0.0000	0.0000	0.0000
EG12302	1.0000	1.0000	1.0000	1.0000	1.0000	1.0000	1.0000	0.6818
EG12303	1.0000	1.0000	1.0000	1.0000	1.0000	1.0000	1.0000	0.6818
EG12304	0.0000	0.0000	0.0000	0.0000	0.0000	0.0000	0.0000	0.0000
EG12305	0.0000	0.0000	0.0000	0.0000	0.0000	0.0000	0.0000	0.0000
EG12308	0.0000	0.0000	0.0000	0.0000	0.0000	0.0000	0.0000	0.0000
EG12309	0.0000	0.0000	0.0000	0.0000	0.0000	0.0000	0.0000	0.0000
EG12310	0.0000	0.0000	0.0000	0.0000	0.0000	0.0000	0.0000	0.0000
EG12311	1.0000	1.0000	1.0000	1.0000	1.0000	1.3182	2.0000	2.0000
EG12312	1.0000	1.0000	0.0000	0.0000	0.0000	0.0000	0.0000	0.0000
EG12313	1.0000	1.0000	0.0000	0.0000	0.0000	0.0000	0.0000	0.0000
EG12314	1.0000	1.0000	0.0000	0.0000	0.0000	0.0000	0.0000	0.0000
EG12315	0.0000	0.0000	0.0000	0.0000	0.0000	0.0000	0.0000	0.0000
EG12316	3.0000	3.0000	3.0000	3.0455	4.0000	4.0000	4.0000	3.3636
EG12318	0.0000	0.0000	0.0000	0.0000	0.0000	0.0000	0.0000	0.0000
EG12319	11.0000	10.9048	7.9048	4.5455	2.1905	3.1818	3.5238	3.0000
EG12320	0.0000	0.0000	0.0000	0.0000	0.0000	0.0000	0.0000	0.0000
EG12321	0.0000	0.0000	0.0000	0.0000	0.0000	0.0000	0.0000	0.0000
EG12322	0.0000	0.0000	0.0000	0.0000	0.0000	0.0000	0.0000	0.0000
EG12323	0.0000	0.0000	0.0000	0.0000	0.0000	0.0000	0.0000	0.0000
EG12325	0.0000	0.0000	0.0000	0.0000	0.0000	0.0000	0.0000	0.0000
EG12326	0.0000	0.0000	0.0000	0.0000	0.0000	0.0000	0.0000	0.0000
EG12327	0.0000	0.0000	0.0000	0.0000	0.0000	0.0000	0.0000	0.0000
EG12328	0.0000	0.0000	0.0000	0.0000	0.0000	0.0000	0.0000	0.0000
EG12329	0.0000	0.0000	0.0000	0.0000	0.0000	0.0000	0.0000	0.0000
EG12330	0.0000	0.0000	0.0000	0.0000	0.0000	0.0000	0.0000	0.0000
EG12331	0.0000	0.0000	0.0000	0.0000	0.0000	0.0000	0.0000	0.0000
EG12332	0.0000	0.0000	0.0000	0.0000	0.0000	0.7727	0.0000	0.0000
EG12333	0.0000	0.0000	0.0000	0.0000	0.0000	0.0000	0.0000	0.0000
EG12334	0.0000	0.0000	0.0000	0.0000	0.0000	0.0000	0.0000	0.0000
EG12335	0.0000	0.0000	0.0000	0.0000	0.0000	0.0000	0.0000	0.0000
EG12336	1.0000	1.0000	1.0000	1.0000	1.0000	1.0000	1.0000	1.4091
EG12337	0.0000	0.0000	0.0000	0.0000	0.0000	0.0000	0.0000	0.0000
EG12338	0.0000	0.0000	0.0000	0.0000	0.0000	0.0000	0.0000	0.0000
EG12339	0.0000	0.0000	0.0000	0.0000	0.0000	0.0000	0.0000	0.0000
EG12340	0.0000	0.0000	0.0000	0.0000	0.0000	0.0000	0.0000	0.0000
EG12341	0.0000	0.0000	0.0000	0.0000	0.0000	0.0000	0.0000	0.0000
EG12342	0.0000	0.0000	0.0000	0.0000	0.0000	0.0000	0.0000	0.0000
EG12343	0.0000	0.0000	0.0000	0.0000	0.0000	0.0000	0.0000	0.0000
EG12344	0.0000	0.0000	0.0000	0.0000	0.0000	0.0000	0.0000	0.0000
EG12345	1.0000	1.0000	1.0000	1.0000	1.0000	1.0000	1.0000	0.9545
EG12347	0.0000	0.0000	0.0000	0.0000	0.0000	0.0000	0.0000	0.0000
EG12352	2.0000	2.0000	1.5714	1.0000	1.0000	1.0000	1.0000	1.0000
EG12354	0.0000	0.0000	0.0000	0.0000	0.0000	0.8636	1.0000	1.0000
EG12356	0.0000	0.0000	0.0000	0.0000	0.0000	0.0000	0.0000	0.0000
EG12357	0.0000	0.0000	0.0000	0.0000	0.0000	0.0000	0.0000	0.0000
EG12358	0.0000	0.0000	0.0000	0.0000	0.0000	0.0000	0.0000	0.0000
EG12359	0.0000	0.0000	0.0000	0.0000	0.0000	0.0000	0.0000	0.0000
EG12360	1.0000	1.0000	1.0000	1.0000	1.0000	0.6818	0.0000	0.0000
EG12361	0.0000	0.0000	0.0000	0.0000	0.0000	0.0000	0.0000	0.0000
EG12362	3.0000	3.0000	3.0000	3.0000	3.0000	3.0000	3.0000	3.0000
EG12363	0.0000	0.0000	0.0000	0.0000	0.0000	0.0000	0.0000	0.0000
EG12365	0.0000	0.0000	0.0000	0.0000	0.0000	0.0000	0.0000	0.0000
EG12366	1.0000	1.0000	1.0000	1.0000	1.0000	1.0000	1.0000	1.0000
EG12367	1.0000	1.0000	1.0000	1.0000	1.0000	1.0000	1.0000	1.0000
EG12368	0.0000	0.0000	0.0000	0.0000	0.0000	0.0000	0.0000	0.0000
EG12369	0.0000	0.0000	0.0000	0.0000	0.0000	0.0000	0.0000	0.0000
EG12370	0.0000	0.0000	0.0000	0.0000	0.0000	0.0000	0.0000	0.0000
EG12371	5.0000	5.0000	4.4286	4.0000	4.7143	7.7727	7.1429	6.0000
EG12372	0.0000	0.0000	0.0000	0.0000	0.0000	0.0000	0.0000	0.0000
EG12373	0.0000	0.0000	0.0000	0.0000	0.0000	0.0000	0.0000	0.0000
EG12374	0.0000	0.0000	0.0000	0.0000	0.0000	0.0000	0.0000	0.0000
EG12375	0.0000	0.0000	0.0000	0.0000	0.0000	0.0000	0.0000	0.0000
EG12376	0.0000	0.0000	0.0000	0.0000	0.0000	0.0000	0.0000	0.0000
EG12378	0.0000	0.0000	0.0000	0.0000	0.0000	0.0000	0.0000	0.0000
EG12379	0.0000	0.0000	0.0000	0.0000	0.0000	0.0000	0.0000	0.0000
EG12380	0.0000	0.0000	0.0000	0.0000	0.0000	0.0000	0.0000	0.0000
EG12381	4.0000	4.0000	4.0000	4.0000	3.0952	1.9091	1.0000	1.0000
EG12384	0.0000	0.0000	0.0000	0.0000	0.0000	0.0000	0.0000	0.0000
EG12385	1.0000	1.0000	1.0000	1.0000	1.0000	1.0000	1.0000	1.0000
EG12386	1.0000	1.0000	1.0000	0.5455	0.0000	0.0000	0.0000	0.0000
EG12387	1.0000	1.0000	1.0000	0.5455	0.0000	0.0000	0.0000	0.0000
EG12388	0.0000	0.0000	0.0000	0.0000	0.0000	0.0000	0.0000	0.0000
EG12391	0.0000	0.0000	0.0000	0.0000	0.0000	0.0000	0.0000	1.0000
EG12392	0.0000	0.0000	0.0000	0.0000	0.0000	0.0000	0.0000	0.0000
EG12393	0.0000	0.0000	0.0000	0.0000	0.0000	0.0000	0.0000	0.0000
EG12394	3.0000	3.0000	3.8095	3.8182	4.0000	3.6364	3.0000	3.0000
EG12395	0.0000	0.0000	0.0000	0.0000	0.0000	0.0000	0.0000	0.0000
EG12396	0.0000	0.0000	0.0000	0.0000	0.0000	0.0000	0.0000	0.0000
EG12397	0.0000	0.0000	0.0000	0.0000	0.0000	0.0000	0.0000	0.0000
EG12399	0.0000	0.0000	0.0000	0.0000	0.0000	0.0000	0.0000	0.0000
EG12400	0.0000	0.0000	0.0000	0.0000	0.0000	0.0000	0.0000	0.0000
EG12401	0.0000	0.0000	0.0000	0.0000	0.0000	0.0000	0.0000	0.0000
EG12402	0.0000	0.0000	0.0000	0.0000	0.0000	0.0000	0.0000	0.0000
EG12403	0.0000	0.0000	0.0000	0.0000	0.0000	0.0000	0.0000	0.0000
EG12404	0.0000	0.0000	0.0000	0.0000	0.0000	0.0000	0.0000	0.0000
EG12405	0.0000	0.0000	0.0000	0.0000	0.0000	0.0000	0.0000	0.0000
EG12406	0.0000	0.0000	0.0000	0.0000	0.0000	0.0000	0.0000	0.0000
EG12407	0.0000	0.0000	0.0000	0.0000	0.0000	0.0000	0.0000	0.0000
EG12409	0.0000	0.0000	0.0000	0.0000	0.0000	0.0000	0.0000	0.0000
EG12410	0.0000	0.0000	0.0000	0.0000	0.0000	0.0000	0.0000	0.0000
EG12411	2.0000	1.3810	1.0000	1.0000	1.0000	1.0000	1.0000	1.0000
EG12412	2.0000	1.3810	1.0000	1.0000	1.0000	1.0000	1.0000	1.0000
EG12414	10.0000	9.7143	7.3810	7.0000	6.1905	6.0000	6.0000	6.0000
EG12415	10.0000	9.7143	7.3810	7.0000	6.1905	6.0000	6.0000	6.0000
EG12416	10.0000	9.7143	7.3810	7.0000	6.1905	6.0000	6.0000	6.0000
EG12417	0.0000	0.0000	0.0000	0.0000	0.0000	0.0000	0.0000	0.0000
EG12419	6.0000	5.7143	4.0000	4.0000	3.1905	3.0000	3.0000	3.0000
EG12421	1.0000	1.0000	1.0000	1.0000	1.0000	1.0000	1.0000	1.0000
EG12422	0.0000	0.0000	0.0000	0.0000	0.0000	0.0000	0.0000	0.0000
EG12423	0.0000	0.0000	0.0000	0.0000	0.0000	0.0000	0.0000	0.0000
EG12424	0.0000	0.0000	0.0000	0.0000	0.7143	1.0000	1.0000	0.1364
EG12427	0.0000	0.0000	0.0000	0.0000	0.0000	0.0000	0.0000	0.0000
EG12428	1.0000	0.7143	0.0476	1.0000	1.0000	1.0000	1.0000	1.0000
EG12429	0.0000	0.0000	0.0000	0.0000	0.0000	0.0000	0.0000	0.0000
EG12431	1.0000	1.0000	1.0000	1.0000	1.0000	1.0000	1.0000	1.0000
EG12432	0.0000	0.0000	0.0000	0.0000	0.0000	0.0000	0.0000	0.0000
EG12433	1.0000	1.0000	1.0000	0.6818	0.6667	1.0000	1.0000	0.7273
EG12434	0.0000	0.0000	0.0000	0.0000	0.0000	0.0000	0.0000	0.0000
EG12436	0.0000	0.0000	0.0000	0.0000	0.0000	0.0000	0.1429	1.0000
EG12437	3.0000	3.0000	3.0000	3.0000	3.0000	3.0000	3.0000	3.0000
EG12438	3.0000	3.0000	3.0000	3.0000	3.0000	3.0000	3.0000	3.0000
EG12439	0.0000	0.0000	0.0000	0.0000	0.0000	0.0000	0.0000	0.0000
EG12440	2.0000	1.2857	1.0000	1.0000	1.0000	1.0000	0.1905	0.0000
EG12442	0.0000	0.0000	0.0000	0.0000	0.0000	0.0000	0.0000	0.0000
EG12443	0.0000	0.0000	0.0000	0.0000	0.0000	0.0000	0.0000	0.0000
EG12444	1.0000	0.4286	0.0000	0.0000	0.0000	0.0000	0.0000	0.0000
EG12445	0.0000	0.0000	0.0000	0.0000	0.0000	0.0000	0.0000	0.0000
EG12446	0.0000	0.0000	0.0000	0.0000	0.0000	0.0000	0.0000	0.0000
EG12448	0.0000	0.0000	0.0000	0.0000	0.0000	0.0000	0.0000	0.0000
EG12449	0.0000	0.0000	0.0000	0.0000	0.0000	0.0000	0.0000	0.0000
EG12450	0.0000	0.0000	0.0000	0.0000	0.0000	0.0000	0.0000	0.0000
EG12454	0.0000	0.0000	0.0000	0.0000	0.6190	1.0000	1.0000	1.0000
EG12455	0.0000	0.0000	0.0000	0.0000	0.0000	0.0000	0.0000	0.0000
EG12458	0.0000	0.0000	0.0000	0.0000	0.0000	0.0000	0.0000	0.0000
EG12462	0.0000	0.0000	0.0000	0.0000	0.0000	0.0000	0.0000	0.0000
EG12469	0.0000	0.0000	0.0000	0.0000	0.0000	0.0000	0.0000	0.0000
EG12475	0.0000	0.0000	0.0000	0.0000	0.0000	0.0000	0.0000	0.0000
EG12494	0.0000	0.0000	0.0000	0.0000	0.0000	0.0000	0.0000	0.0000
EG12495	0.0000	0.0000	0.0000	0.0000	0.0000	0.0000	0.0000	0.0000
EG12504	0.0000	0.0000	0.0000	0.0000	0.8571	0.6818	0.0000	0.0000
EG12517	0.0000	0.0000	0.0000	0.0000	0.0000	0.0000	0.0000	0.0000
EG12518	0.0000	0.0000	0.0000	0.0000	0.0000	0.0000	0.0000	0.0000
EG12520	0.0000	0.0000	0.0000	0.0000	0.0000	0.0000	0.0000	0.0000
EG12522	0.0000	0.0000	0.0000	0.0000	0.0000	0.0000	0.0000	0.0000
EG12525	0.0000	0.0000	0.0000	0.0000	0.0000	0.0000	0.0000	0.0000
EG12539	0.0000	0.0000	0.0000	0.0000	0.0000	0.0000	0.0000	0.0000
EG12544	0.0000	0.0000	0.0000	0.0000	0.0000	0.0000	0.0000	0.0000
EG12548	0.0000	0.0000	0.0000	0.0000	0.0000	0.0000	0.0000	0.0000
EG12554	0.0000	0.0000	0.0000	0.0000	0.0000	0.0000	0.0000	0.0000
EG12556	0.0000	0.0000	0.0000	0.0000	0.0000	0.0000	0.0000	0.0000
EG12557	0.0000	0.0000	0.0000	0.0000	0.0000	0.0000	0.0000	0.0000
EG12563	0.0000	0.0000	0.0000	0.0000	0.0000	0.0000	0.0000	0.0000
EG12576	0.0000	0.0000	0.0000	0.0000	0.0000	0.0000	0.0000	0.0000
EG12587	0.0000	0.0000	0.0000	0.0000	0.0000	0.0000	0.0000	0.0000
EG12591	0.0000	0.0000	0.0000	0.0000	0.0000	0.0000	0.0000	0.0000
EG12600	0.0000	0.0000	0.0000	0.0000	0.0000	0.0000	0.0000	0.0000
EG12605	0.0000	0.0000	0.0000	0.0000	0.0000	0.0000	0.0000	0.0000
EG12606	1.0000	1.0000	1.0000	1.0000	1.9048	1.1364	1.0000	1.0000
EG12608	0.0000	0.0000	0.0000	0.0000	0.0000	0.0000	0.0000	0.0000
EG12609	0.0000	0.0000	0.0000	0.0000	0.0000	0.0000	0.0000	0.0000
EG12610	0.0000	0.0000	0.0000	0.0000	0.0000	0.0000	0.0000	0.0000
EG12611	0.0000	0.0000	0.0000	0.0000	0.0000	0.0000	0.0000	0.0000
EG12615	0.0000	0.0000	0.0000	0.0000	0.0000	0.0000	0.0000	0.0000
EG12623	0.0000	0.0000	0.0000	0.0000	0.0000	0.0000	0.0000	0.0000
EG12624	0.0000	0.0000	0.2857	1.0000	1.0000	1.0000	1.0000	1.0000
EG12625	3.0000	2.5714	2.0000	2.7727	3.0000	3.0000	3.0000	3.0000
EG12626	3.0000	2.5714	2.0000	2.7727	3.0000	3.0000	3.0000	3.0000
EG12627	3.0000	2.5714	2.0000	2.7727	3.0000	3.0000	3.0000	3.0000
EG12628	3.0000	2.5714	2.0000	2.7727	3.0000	3.0000	3.0000	3.0000
EG12629	0.0000	0.0000	0.0000	0.0000	0.0000	0.0000	0.0000	0.0000
EG12630	0.0000	0.0000	0.0000	1.6818	2.0000	2.0000	2.0000	2.0000
EG12631	0.0000	0.0000	0.0000	0.0000	0.0000	0.0000	0.0000	0.0000
EG12633	2.0000	2.0000	1.4286	0.5000	0.0000	0.0000	0.0000	0.4091
EG12634	0.0000	0.0000	0.0000	0.0000	0.0000	0.0000	0.0000	0.0000
EG12656	0.0000	0.0000	0.3333	0.6364	1.0000	1.0000	0.6190	0.0000
EG12657	0.0000	0.0000	0.0000	0.0000	0.0000	0.0000	0.0000	0.0000
EG12658	0.0000	0.0000	0.0000	0.0000	0.0000	0.0000	0.0000	0.0000
EG12661	0.0000	0.0000	0.0000	0.0000	0.0000	0.0000	0.0000	0.0000
EG12662	0.0000	0.0000	0.0000	0.0000	0.0000	0.0000	0.0000	0.0000
EG12663	0.0000	0.0000	0.0000	0.0000	0.0000	0.0000	0.0000	0.0000
EG12666	0.0000	0.0000	0.0000	0.0000	0.0000	0.0000	0.0000	0.0000
EG12688	1.0000	1.0000	1.7143	3.0000	3.0000	3.0000	3.0000	3.0000
EG12689	1.0000	1.0000	1.0000	1.0000	1.0000	1.0000	1.0000	1.0000
EG12690	0.0000	0.0000	0.0000	0.0000	0.0000	0.0000	0.0000	0.0000
EG12691	1.0000	1.0000	1.0000	1.0000	1.0000	0.5455	0.0000	0.0000
EG12692	0.0000	0.0000	0.0000	0.0000	0.0000	0.0000	0.0000	0.0000
EG12693	0.0000	0.0000	0.0000	0.0000	0.0000	0.0000	0.0000	0.0000
EG12694	0.0000	0.0000	0.0000	0.0000	0.0000	0.0000	0.0000	0.0000
EG12697	2.0000	1.2381	1.0000	1.0000	1.0000	1.0000	1.0000	0.0000
EG12702	0.0000	0.0000	0.0000	0.0000	0.0000	0.0000	0.0000	0.0000
EG12703	0.0000	0.0000	0.0000	0.0000	0.0000	0.0000	0.0000	0.0000
EG12704	0.0000	0.0000	0.0000	0.0000	0.0000	0.0000	0.0000	0.0000
EG12705	0.0000	0.0000	0.0000	0.0000	0.0000	0.0000	0.0000	0.0000
EG12707	1.0000	1.0000	2.0476	2.0000	2.0000	1.6364	2.0000	1.2727
EG12708	0.0000	0.0000	0.0000	0.0000	0.0000	0.0000	0.0000	0.0000
EG12709	0.0000	0.0000	0.0000	0.0000	0.0000	0.0000	0.0000	0.0000
EG12710	1.0000	1.0000	1.0000	0.3182	0.0000	0.0000	0.0000	0.0000
EG12712	0.0000	0.0000	0.0000	0.6364	1.0000	1.0000	1.2381	1.1364
EG12713	0.0000	0.0000	0.0000	0.0000	0.0000	0.0000	0.0000	0.0000
EG12715	0.0000	0.0000	0.0000	0.0000	0.0000	0.0000	0.0000	0.0000
EG12717	1.0000	1.0000	1.0000	1.0000	1.8571	2.0000	2.0000	2.3636
EG12720	0.0000	0.0000	0.0000	0.0000	0.0000	0.0000	0.0000	0.0000
EG12732	0.0000	0.0000	0.0000	0.0000	0.0000	0.0000	0.0000	0.0000
EG12734	0.0000	0.0000	0.0000	0.0000	0.0000	0.0000	0.0000	0.0000
EG12738	0.0000	0.0000	0.0000	0.0000	0.0000	0.0000	0.0000	0.0000
EG12739	0.0000	0.0000	0.0000	0.0000	0.0000	0.0000	0.3810	1.0000
EG12754	0.0000	0.0000	0.0000	0.0000	0.0000	0.0000	0.0000	0.0000
EG12760	0.0000	0.0000	0.0000	0.0000	0.0000	0.0000	0.0000	0.0000
EG12766	0.0000	0.0000	0.0000	0.0000	0.0000	0.0000	0.0000	0.0000
EG12768	0.0000	0.0000	0.0000	0.0000	0.0000	0.0000	0.0000	0.0000
EG12769	0.0000	0.0000	0.0000	0.0000	0.0000	0.0000	0.0000	0.0000
EG12770	0.0000	0.0000	0.0000	0.0000	0.0000	0.0000	0.0000	0.0000
EG12780	0.0000	0.0000	0.0000	0.7727	1.0000	0.5000	0.0000	0.1818
EG12794	1.0000	0.3333	0.0000	0.0000	0.4762	1.3182	2.6190	2.8182
EG12799	1.0000	1.0000	1.0000	0.1364	0.0000	0.0000	0.0000	0.2727
EG12800	1.0000	1.0000	1.0000	0.1364	0.0000	0.0000	0.0000	0.2727
EG12801	1.0000	1.0000	1.0000	0.1364	0.0000	0.0000	0.0000	0.2727
EG12802	1.0000	1.0000	1.0000	1.0000	1.0000	1.0000	1.0000	1.0000
EG12830	0.0000	0.0000	0.0000	0.0000	0.0000	0.0000	0.0000	0.0000
EG12834	0.0000	0.0000	0.0000	0.0000	0.0000	0.0000	0.0000	0.0000
EG12835	0.0000	0.0000	0.0000	0.0000	0.0000	0.0000	0.0000	0.0000
EG12836	0.0000	0.0000	0.0000	0.0000	0.0000	0.0000	0.0000	0.0000
EG12837	0.0000	0.0000	0.0000	0.0000	0.0000	0.0000	0.0000	0.0000
EG12842	0.0000	0.0000	0.0000	0.0000	0.0000	0.0000	0.0000	0.0000
EG12843	0.0000	0.0000	0.0000	0.0000	0.0000	0.0000	0.0000	0.0000
EG12844	0.0000	0.0000	0.0000	0.0000	0.0000	0.0000	0.0000	0.0000
EG12845	0.0000	0.0000	0.0000	0.0000	0.0000	0.0000	0.0000	0.0000
EG12850	0.0000	0.0000	0.0000	0.0000	0.0000	0.0000	0.0000	0.0000
EG12851	1.0000	1.0000	1.0000	1.0000	1.0000	1.0000	1.0000	1.0000
EG12853	0.0000	0.0000	0.0000	0.0000	0.0000	0.0000	0.0000	0.0000
EG12854	0.0000	0.0000	0.0000	0.0000	0.0000	0.0000	0.1429	0.5000
EG12855	0.0000	0.0000	0.0000	0.0000	0.0000	0.0000	0.0000	0.0000
EG12857	0.0000	0.0000	0.0000	0.8636	1.8095	1.0000	0.8571	0.0909
EG12859	1.0000	1.0000	1.0000	0.3182	0.0000	0.0000	0.0000	0.0000
EG12860	0.0000	0.0000	0.0000	0.0000	0.0952	0.0000	0.0000	0.0000
EG12861	0.0000	0.0000	0.0000	0.0000	0.0000	0.0000	0.0000	0.0000
EG12865	0.0000	0.0000	0.0000	0.0000	0.0000	0.0000	0.0000	0.0000
EG12866	3.0000	3.0000	3.0000	3.6818	2.0476	1.0000	1.0000	1.0000
EG12867	0.0000	0.0000	0.0000	0.0000	0.0000	0.0000	0.0000	0.0000
EG12868	3.0000	3.0000	3.0000	3.0000	3.3333	4.0000	4.0000	4.0000
EG12870	0.0000	0.0000	0.0000	0.0000	0.0000	0.0000	0.0000	0.0000
EG12874	0.0000	0.0000	0.0000	0.0000	0.0000	0.0000	0.0000	0.0000
EG12875	1.0000	1.0000	1.0000	1.0000	1.0000	1.0000	1.0000	0.6818
EG12876	0.0000	0.0000	0.0000	0.0000	0.0000	0.0000	0.0000	0.0000
EG12877	0.0000	0.0000	0.0000	0.0000	0.0000	0.0000	0.0000	0.0000
EG12878	1.0000	0.6667	0.0000	0.0000	0.6667	1.0000	0.5238	0.2727
EG12879	1.0000	1.0000	1.0000	1.0000	1.0000	1.0000	1.0000	1.0000
EG12880	0.0000	0.0000	0.0000	0.0000	0.0000	0.0000	0.0000	0.0000
EG12882	0.0000	0.0000	0.0000	0.0000	0.0000	0.0000	0.0000	0.0000
EG12883	0.0000	0.0000	0.0000	0.0000	0.0000	0.0000	0.0000	0.0000
EG12903	2.0000	1.2381	1.0000	1.0000	1.0000	1.0000	1.0000	1.0000
EG12908	0.0000	0.0000	0.0000	0.0000	0.0000	0.0000	0.0000	0.0000
EG12933	0.0000	0.0000	0.0000	0.0000	0.0000	0.0000	0.0000	0.0000
EG12957	0.0000	0.0000	0.0000	0.0000	0.0000	0.0000	0.0000	0.0000
EG13139	0.0000	0.0000	0.0000	0.0000	0.0000	0.0000	0.0000	0.0000
EG13159	0.0000	0.0000	0.0000	0.0000	0.0000	0.0000	0.0000	0.0000
EG13161	0.0000	0.0000	0.0000	0.0000	0.0000	0.0000	0.0000	0.0000
EG13174	0.0000	0.0000	0.0000	0.0000	0.0000	0.0000	0.0000	0.0000
EG13217	0.0000	0.0000	0.0000	0.0000	0.0000	0.0000	0.0000	0.0000
EG13235	0.0000	0.0000	0.0000	0.0000	0.0000	0.0000	0.0000	0.0000
EG13236	0.0000	0.0000	0.0000	0.0000	0.0000	0.0000	0.0000	0.0000
EG13238	0.0000	0.0000	0.0000	0.0000	0.0000	0.0000	0.0000	0.0000
EG13270	0.0000	0.0000	0.0000	0.0000	0.0000	0.0000	0.0000	0.0000
EG13283	0.0000	0.0000	0.0000	0.0000	0.0000	0.0000	0.0000	0.0000
EG20044	0.0000	0.0000	0.0000	0.0000	0.0000	0.0000	0.0000	0.0000
EG20049	0.0000	0.0000	0.0000	0.0000	0.0000	0.0000	0.0000	0.0000
EG20051	0.0000	0.0000	0.0000	0.0000	0.0000	0.0000	0.0000	0.0000
EG20053	0.0000	0.0000	0.0000	0.0000	0.0000	0.0000	0.0000	0.0000
EG20080	0.0000	0.0000	0.0000	0.0000	0.0000	0.0000	0.0000	0.0000
EG20091	0.0000	0.0000	0.0000	0.0000	0.0000	0.0000	0.0000	0.0000
EG20098	1.0000	1.0000	1.0000	1.5455	3.0000	2.8182	2.0000	1.0000
EG20110	0.0000	0.0000	0.0000	0.0000	0.0000	0.0000	0.0000	0.0000
EG20173	2.0000	2.0000	1.9048	1.0000	1.0000	1.0000	1.0000	1.0000
EG20248	0.0000	0.0000	0.0000	0.0000	0.0000	0.0000	0.0000	0.0000
EG20249	0.0000	0.0000	0.0000	0.1364	1.0000	1.0000	1.0000	1.0000
EG20252	0.0000	0.0000	0.0000	0.0000	0.0000	0.0000	0.0000	0.0000
EG20253	0.0000	0.0000	0.0000	0.0000	0.0000	0.0000	0.0000	0.0000
EG20257	4.0000	4.0000	4.0000	4.0000	3.0952	1.9091	1.0000	1.0000
EG30008	15846.0000	52430.1429	54629.6190	55018.6818	55377.8095	55676.3636	55975.7143	56275.9091
EG30009	6690.0000	6726.6667	6785.4286	6856.2273	6922.9048	6984.1818	7046.6667	7107.7727
EG30010	3820.0000	3835.0476	3878.1429	3930.3636	3973.0476	4005.4091	4047.4286	4093.9545
EG30011	2882.0000	2886.3810	2905.1905	2918.5000	2936.2857	2962.9091	2981.8571	3003.7273
EG30012	2882.0000	2886.3810	2905.1905	2918.5000	2936.2857	2962.9091	2981.8571	3003.7273
EG30013	13976.0000	14004.6667	14056.0952	14128.9091	14198.6190	14289.6364	14448.6667	14612.5455
EG30014	2377.0000	2381.2857	2396.7619	2412.3636	2426.4762	2444.5909	2457.1429	2468.9091
EG30015	11228.0000	11250.0476	11288.5714	11346.9091	11405.6190	11478.9091	11606.8571	11737.9091
EG30016	2537.0000	2541.7143	2556.5714	2571.3182	2583.4762	2594.2273	2610.0000	2628.3636
EG30017	8308.0000	8326.4762	8386.0952	8441.5909	8515.6667	8586.0000	8640.5238	8698.3182
EG30018	11228.0000	11250.0476	11288.5714	11346.9091	11405.6190	11478.9091	11606.8571	11737.9091
EG30019	11228.0000	11250.0476	11288.5714	11346.9091	11405.6190	11478.9091	11606.8571	11737.9091
EG30020	1336.0000	1338.9524	1345.7619	1356.2273	1363.2381	1369.4545	1385.0000	1392.0455
EG30021	904.0000	906.0476	910.5238	916.7273	925.2381	929.8182	933.4762	941.1364
EG30022	1647.0000	1652.0000	1665.4286	1677.8182	1688.2381	1699.9091	1709.0476	1716.5000
EG30023	806.0000	807.6190	810.9048	819.1364	823.8095	828.5455	836.2857	843.5000
EG30024	1287.0000	1294.5714	1307.4286	1318.1364	1337.1429	1348.1818	1362.7619	1375.3182
EG30025	2612.0000	2620.8095	2646.9048	2678.1818	2709.6667	2737.7273	2767.1905	2794.0909
EG30028	15078.0000	15100.0952	15169.1905	15278.0455	15364.5714	15428.6818	15535.3333	15638.7273
EG30029	23694.0000	23728.3333	23836.5238	24007.5000	24143.3333	24245.0909	24412.6667	24574.8182
EG30030	23694.0000	23728.3333	23836.5238	24007.5000	24143.3333	24245.0909	24412.6667	24574.8182
EG30031	23694.0000	23728.3333	23836.5238	24007.5000	24143.3333	24245.0909	24412.6667	24574.8182
EG30032	2362.0000	2377.5238	2398.4762	2421.0455	2445.5714	2462.0909	2474.7619	2491.4091
EG30033	2415.0000	2428.1905	2446.7619	2472.8636	2492.7619	2508.4091	2526.6667	2547.1364
EG30034	2374.0000	2387.6190	2409.7619	2434.6364	2453.3810	2468.2273	2483.3810	2496.3182
EG30035	1864.0000	1867.8571	1882.1429	1894.6364	1901.6190	1910.1364	1919.0000	1927.9091
EG30036	1093.0000	1098.5714	1103.2857	1112.0455	1125.8571	1141.3182	1156.2381	1163.8182
EG30037	3128.0000	3143.3333	3166.8571	3201.1364	3232.6667	3268.7273	3301.3333	3333.4545
EG30038	3420.0000	3431.5714	3471.4286	3505.3636	3532.2857	3575.8636	3610.0000	3636.7727
EG30039	1002.0000	1002.2857	1004.3333	1010.8182	1019.9048	1029.0909	1038.3810	1051.7727
EG30040	3420.0000	3431.5714	3471.4286	3505.3636	3532.2857	3575.8636	3610.0000	3636.7727
EG30041	3420.0000	3431.5714	3471.4286	3505.3636	3532.2857	3575.8636	3610.0000	3636.7727
EG30042	8308.0000	8326.4762	8386.0952	8441.5909	8515.6667	8586.0000	8640.5238	8698.3182
EG30043	15846.0000	52430.1429	54629.6190	55018.6818	55377.8095	55676.3636	55975.7143	56275.9091
EG30044	6690.0000	6726.6667	6785.4286	6856.2273	6922.9048	6984.1818	7046.6667	7107.7727
EG30045	3820.0000	3835.0476	3878.1429	3930.3636	3973.0476	4005.4091	4047.4286	4093.9545
EG30046	1373.0000	1374.8095	1383.1905	1400.0000	1410.4286	1426.3636	1441.0476	1450.1364
EG30047	7215.0000	7238.3333	7289.3333	7367.9091	7429.6667	7499.1364	7588.7619	7654.3636
EG30048	7215.0000	7238.3333	7289.3333	7367.9091	7429.6667	7499.1364	7588.7619	7654.3636
EG30049	8308.0000	8326.4762	8386.0952	8441.5909	8515.6667	8586.0000	8640.5238	8698.3182
EG30050	820.0000	822.6190	831.2857	840.2727	848.9524	854.6364	863.0476	868.5909
EG30051	10046.0000	10080.4286	10153.8095	10263.7273	10352.0952	10450.3636	10574.9048	10667.9091
EG30052	15078.0000	15100.0952	15169.1905	15278.0455	15364.5714	15428.6818	15535.3333	15638.7273
EG30053	1013.0000	1018.5238	1025.7143	1030.5455	1041.0000	1048.5000	1058.6190	1069.8182
EG30054	707.0000	711.1905	716.3810	724.0000	730.4286	735.3636	741.1429	748.9091
EG30055	4359.0000	4368.6190	4389.9048	4414.0455	4427.6190	4452.4091	4473.4286	4500.2273
EG30056	7328.0000	7345.0476	7389.3810	7427.6364	7468.4762	7510.5455	7577.4286	7632.1818
EG30057	4359.0000	4368.6190	4389.9048	4414.0455	4427.6190	4452.4091	4473.4286	4500.2273
EG30058	15078.0000	15100.0952	15169.1905	15278.0455	15364.5714	15428.6818	15535.3333	15638.7273
EG30059	23694.0000	23728.3333	23836.5238	24007.5000	24143.3333	24245.0909	24412.6667	24574.8182
EG30060	7104.0000	7132.1429	7193.7143	7266.4545	7348.7619	7426.3636	7501.3333	7575.6818
EG30061	804.0000	807.4762	816.2857	823.0000	833.2381	837.3636	840.9524	846.7273
EG30062	7104.0000	7132.1429	7193.7143	7266.4545	7348.7619	7426.3636	7501.3333	7575.6818
EG30064	1682.0000	1685.9048	1698.7619	1713.0000	1724.6667	1736.3636	1748.8095	1763.2273
EG30065	1737.0000	1745.1429	1762.1429	1779.0000	1796.0000	1813.0000	1832.4762	1849.0455
EG30066	2749.0000	2755.2381	2775.6190	2803.1818	2831.0952	2854.2273	2878.6667	2905.5455
EG30067	2782.0000	2789.9048	2805.5714	2815.2273	2833.0000	2855.1818	2878.8571	2902.1818
EG30068	8308.0000	8326.4762	8386.0952	8441.5909	8515.6667	8586.0000	8640.5238	8698.3182
EG30070	15846.0000	52430.1429	54629.6190	55018.6818	55377.8095	55676.3636	55975.7143	56275.9091
EG30071	2362.0000	2377.5238	2398.4762	2421.0455	2445.5714	2462.0909	2474.7619	2491.4091
EG30072	2415.0000	2428.1905	2446.7619	2472.8636	2492.7619	2508.4091	2526.6667	2547.1364
EG30073	6690.0000	6726.6667	6785.4286	6856.2273	6922.9048	6984.1818	7046.6667	7107.7727
EG30074	2374.0000	2387.6190	2409.7619	2434.6364	2453.3810	2468.2273	2483.3810	2496.3182
EG30075	1864.0000	1867.8571	1882.1429	1894.6364	1901.6190	1910.1364	1919.0000	1927.9091
EG30076	3820.0000	3835.0476	3878.1429	3930.3636	3973.0476	4005.4091	4047.4286	4093.9545
EG30077	15846.0000	52430.1429	54629.6190	55018.6818	55377.8095	55676.3636	55975.7143	56275.9091
EG30078	2362.0000	2377.5238	2398.4762	2421.0455	2445.5714	2462.0909	2474.7619	2491.4091
EG30079	2415.0000	2428.1905	2446.7619	2472.8636	2492.7619	2508.4091	2526.6667	2547.1364
EG30080	6690.0000	6726.6667	6785.4286	6856.2273	6922.9048	6984.1818	7046.6667	7107.7727
EG30081	2374.0000	2387.6190	2409.7619	2434.6364	2453.3810	2468.2273	2483.3810	2496.3182
EG30082	1864.0000	1867.8571	1882.1429	1894.6364	1901.6190	1910.1364	1919.0000	1927.9091
EG30083	3820.0000	3835.0476	3878.1429	3930.3636	3973.0476	4005.4091	4047.4286	4093.9545
EG30084	15846.0000	52430.1429	54629.6190	55018.6818	55377.8095	55676.3636	55975.7143	56275.9091
EG30085	2362.0000	2377.5238	2398.4762	2421.0455	2445.5714	2462.0909	2474.7619	2491.4091
EG30086	2415.0000	2428.1905	2446.7619	2472.8636	2492.7619	2508.4091	2526.6667	2547.1364
EG30087	6690.0000	6726.6667	6785.4286	6856.2273	6922.9048	6984.1818	7046.6667	7107.7727
EG30088	2374.0000	2387.6190	2409.7619	2434.6364	2453.3810	2468.2273	2483.3810	2496.3182
EG30089	1864.0000	1867.8571	1882.1429	1894.6364	1901.6190	1910.1364	1919.0000	1927.9091
EG30090	3820.0000	3835.0476	3878.1429	3930.3636	3973.0476	4005.4091	4047.4286	4093.9545
EG30091	6690.0000	6726.6667	6785.4286	6856.2273	6922.9048	6984.1818	7046.6667	7107.7727
EG30092	2120.0000	2127.4286	2147.3333	2166.0455	2181.9524	2194.1818	2205.0000	2217.4545
EG30093	1079.0000	1083.9048	1090.0476	1096.8636	1104.5238	1111.2727	1120.4762	1128.3636
EG30094	2796.0000	2802.2381	2816.3810	2836.6818	2854.9524	2872.3182	2893.4286	2919.7273
EG30095	11228.0000	11250.0476	11288.5714	11346.9091	11405.6190	11478.9091	11606.8571	11737.9091
EG30096	296.0000	296.6190	298.7143	300.9091	302.9048	304.3182	308.3810	313.2273
EG30097	975.0000	977.7143	987.4286	991.4091	995.1429	999.0000	1005.2381	1010.0909
EG30101	2804.0000	2817.3333	2838.0000	2860.1364	2888.0952	2910.6818	2935.0000	2963.1364
EG30102	2253.0000	2262.2381	2276.5714	2293.7273	2317.4762	2347.4091	2377.9524	2404.6364
EG30103	6690.0000	6726.6667	6785.4286	6856.2273	6922.9048	6984.1818	7046.6667	7107.7727
EG30104	2368.0000	2376.4762	2402.9524	2429.2727	2455.9048	2478.4545	2502.0476	2530.9091
EG30105	820.0000	821.6667	826.2381	833.1818	837.5238	846.4545	855.5238	858.9091
EG30106	2917.0000	2924.5714	2940.6667	2955.4091	2965.2857	2987.0455	3000.9048	3021.3182
EG30107	2931.0000	2946.5238	2973.4762	2996.5455	3020.4286	3047.0909	3073.3333	3103.0909
EG30108	1842.0000	1844.7143	1853.5714	1867.7727	1883.3810	1904.4545	1924.9524	1944.0455
EG30109	4359.0000	4368.6190	4389.9048	4414.0455	4427.6190	4452.4091	4473.4286	4500.2273
EG30110	7328.0000	7345.0476	7389.3810	7427.6364	7468.4762	7510.5455	7577.4286	7632.1818
EG30111	2216.0000	2223.2381	2237.4286	2244.5909	2261.5238	2281.5455	2290.2857	2300.4545
EG30112	2216.0000	2223.2381	2237.4286	2244.5909	2261.5238	2281.5455	2290.2857	2300.4545
EG30113	7328.0000	7345.0476	7389.3810	7427.6364	7468.4762	7510.5455	7577.4286	7632.1818
EG30114	7328.0000	7345.0476	7389.3810	7427.6364	7468.4762	7510.5455	7577.4286	7632.1818
EG31117	7104.0000	7132.1429	7193.7143	7266.4545	7348.7619	7426.3636	7501.3333	7575.6818
EG50001	33.0000	34.0000	35.2381	32.6364	28.3810	28.0909	29.1429	28.3636
EG50002	33.0000	34.0000	35.2381	32.6364	28.3810	28.0909	29.1429	28.3636
EG50003	33.0000	34.1429	35.3810	38.9091	38.7619	36.5000	37.3810	34.6364
EG50004	26.0000	25.4762	24.2381	21.0000	21.0000	20.8636	18.5714	18.4091
EG50005	4.0000	3.1905	3.0000	3.0000	3.0000	3.0000	3.0000	3.0000
EG50006	0.0000	0.0000	0.0000	0.0000	0.0000	0.0000	0.0000	0.0000
EG50007	0.0000	0.0000	0.0000	0.0000	0.0000	0.0000	0.0000	0.0000
EG50009	0.0000	0.0000	0.0000	0.0000	0.0000	0.0000	0.0000	0.0000
EG50010	1.0000	1.0000	1.0000	1.0000	1.0000	1.0000	1.0000	1.0000
EG50011	0.0000	0.0000	0.0000	0.0000	0.0000	0.0000	0.0000	0.0000
G0-10241	0.0000	0.0000	0.0000	0.0000	0.0000	0.0000	0.0000	0.0000
G0-10261	0.0000	0.0000	0.0000	0.0000	0.0000	0.0000	0.0000	0.0000
G0-10430	0.0000	0.0000	0.0000	0.0000	0.0000	0.0000	0.0000	0.0000
G0-10432	0.0000	0.0000	0.0000	0.0000	0.0000	0.0000	0.0000	0.0000
G0-10433	0.0000	0.0000	0.0000	0.0000	0.0000	0.0000	0.0000	0.0000
G0-10434	0.0000	0.0000	0.0000	0.0000	0.0000	0.0000	0.0000	0.0000
G0-10435	0.0000	0.0000	0.0000	0.0000	0.0000	0.0000	0.0000	0.0000
G0-10436	0.0000	0.0000	0.0000	0.0000	0.0000	0.0000	0.0000	0.0000
G0-10437	2.0000	2.0000	2.0000	2.0000	2.0000	2.0000	1.9524	1.0000
G0-10438	0.0000	0.0000	0.0000	0.0000	0.0000	0.0000	0.0000	0.0000
G0-10439	0.0000	0.0000	0.0000	0.0000	0.0000	0.0000	0.0000	0.0000
G0-10440	0.0000	0.0000	0.0000	0.0000	0.0000	0.0000	0.0000	0.0000
G0-10441	0.0000	0.0000	0.0000	0.0000	0.0000	0.0000	0.0000	0.0000
G0-10443	0.0000	0.0000	0.0000	0.0000	0.0000	0.0000	0.0000	0.0000
G0-10445	0.0000	0.0000	0.0000	0.0000	0.0000	0.0000	0.0000	0.0000
G0-10446	0.0000	0.0000	0.0000	0.0000	0.0000	0.0000	0.0000	0.0000
G0-10448	0.0000	0.0000	0.0000	0.0000	0.0000	0.0000	0.0000	0.0000
G0-10449	0.0000	0.0000	0.0000	0.0000	0.0000	0.0000	0.0000	0.0000
G0-10450	0.0000	0.0000	0.0000	0.0000	0.0000	0.0000	0.0000	0.0000
G0-10451	1.0000	1.0000	1.0000	1.0000	1.0000	1.0000	1.0000	1.0000
G0-10452	0.0000	0.0000	0.0000	0.0000	0.0000	0.0000	0.0000	0.0000
G0-10453	0.0000	0.0000	0.0000	0.0000	0.0000	0.0000	0.0000	0.0000
G0-10454	0.0000	0.0000	0.0000	0.0000	0.0000	0.0000	0.0000	0.0000
G0-10455	0.0000	0.0000	0.0000	0.0000	0.0000	0.0000	0.0000	0.0000
G0-10456	0.0000	0.0000	0.0000	0.0000	0.0000	0.0000	0.0000	0.0000
G0-10458	0.0000	0.0000	0.0000	0.0000	0.0000	0.0000	0.0000	0.0000
G0-10459	0.0000	0.0000	0.0000	0.0000	0.0000	0.0000	0.0000	0.0000
G0-10460	0.0000	0.0000	0.0000	0.0000	0.0000	0.0000	0.0000	0.0000
G0-10461	0.0000	0.0000	0.0000	0.0000	0.0000	0.0000	0.0000	0.0000
G0-10462	0.0000	0.0000	0.0000	0.0000	0.0000	0.0000	0.0000	0.0000
G0-10463	1.0000	1.0000	1.0000	1.0000	1.0000	1.0000	1.0000	1.0000
G0-10464	0.0000	0.0000	0.0000	0.0000	0.0000	0.0000	0.0000	0.0000
G0-10465	0.0000	0.0000	0.0000	0.0000	0.0000	0.0000	0.0000	0.0000
G0-10466	0.0000	0.0000	0.0000	0.0000	0.0000	0.0000	0.0000	0.0000
G0-10467	1.0000	1.0000	1.0000	1.0000	1.0000	1.0000	1.0000	1.0000
G0-10468	0.0000	0.0000	0.0000	0.0000	0.0000	0.0000	0.0000	0.0000
G0-10469	1.0000	1.0000	1.0000	1.0000	0.6190	0.0000	0.0000	0.0000
G0-10470	3.0000	2.1905	2.0000	2.0000	2.0000	2.0000	2.0000	1.5000
G0-10471	2.0000	2.0000	2.0000	2.0000	2.0000	2.0000	2.0000	1.9545
G0-10472	0.0000	0.0000	0.0000	0.0000	0.0000	0.0000	0.0000	0.0000
G0-10473	0.0000	0.0000	0.0000	0.0000	0.0000	0.0000	0.0000	0.0000
G0-10474	5.0000	4.0476	4.2381	5.0000	5.0000	5.0000	5.0000	5.0000
G0-10475	1.0000	1.0000	1.0000	0.5909	0.0000	0.9091	1.0000	1.0000
G0-10511	0.0000	0.0000	0.0000	0.0000	0.6667	1.0000	1.0000	1.0000
G0-10512	0.0000	0.0000	0.0000	0.0000	0.0000	0.0000	0.0000	0.3182
G0-10513	0.0000	0.0000	0.0000	0.0000	0.0000	0.0000	0.0000	0.3182
G0-10525	0.0000	0.0000	0.0000	0.0000	0.0000	0.0000	0.0000	0.0000
G0-10528	0.0000	0.0000	0.0000	0.0000	0.0000	0.0000	0.0000	0.0000
G0-10529	0.0000	0.0000	0.0000	0.0000	0.0000	0.0000	0.0000	0.0000
G0-10530	0.0000	0.0000	0.0000	0.0000	0.0000	0.0000	0.0000	0.0000
G0-10531	0.0000	0.0000	0.0000	0.0000	0.0000	0.0000	0.0000	0.0000
G0-10535	0.0000	0.0000	0.0000	0.0000	0.0000	0.0000	0.0000	0.0000
G0-10536	0.0000	0.0000	0.0000	0.0000	0.0000	0.0000	0.0000	0.0000
G0-10537	0.0000	0.0000	0.0000	0.0000	0.0000	0.0000	0.0000	0.0000
G0-10538	0.0000	0.0000	0.0000	0.0000	0.0000	0.0000	0.0000	0.0000
G0-10539	0.0000	0.0000	0.0000	0.0000	0.0000	0.0000	0.0000	0.0000
G0-10540	0.0000	0.0000	0.0000	0.0000	0.0000	0.0000	0.0000	0.0000
G0-10541	0.0000	0.0000	0.0000	0.0000	0.0000	0.0000	0.0000	0.0000
G0-10542	0.0000	0.0000	0.0000	0.0000	0.0000	0.0000	0.0000	0.0000
G0-10543	0.0000	0.2857	1.0000	1.0000	1.0000	1.0000	1.0000	1.0000
G0-10544	0.0000	0.0000	0.0000	0.0000	0.0000	0.0000	0.0000	0.0000
G0-10545	0.0000	0.0000	0.0000	0.0000	0.0000	0.0000	0.0000	0.0000
G0-10546	0.0000	0.0000	0.0000	0.0000	0.0000	0.0000	0.0000	0.0000
G0-10550	0.0000	0.0000	0.0000	0.0000	0.0000	0.0000	0.0000	0.0000
G0-10559	0.0000	0.0000	0.0000	0.0000	0.0000	0.0000	0.0000	0.0000
G0-10561	0.0000	0.0000	0.0000	0.0000	0.0000	0.0000	0.0000	0.0000
G0-10562	0.0000	0.0000	0.0000	0.0000	0.0000	0.0000	0.0000	0.0000
G0-10567	0.0000	0.0000	0.0000	0.0000	0.0000	0.0000	0.0000	0.0000
G0-10580	2.0000	2.0000	2.1429	3.0000	3.0000	3.0000	3.3810	4.0000
G0-10583	0.0000	0.0000	0.0000	0.0000	0.0000	0.0000	0.0000	0.0000
G0-10584	0.0000	0.0000	0.0000	0.0000	0.0000	0.0000	0.0000	0.0000
G0-10585	0.0000	0.0000	0.0000	0.0000	0.0000	0.0000	0.0000	0.0000
G0-10588	0.0000	0.0000	0.0000	0.0000	0.0000	0.0000	0.0000	0.0000
G0-10589	0.0000	0.0000	0.0000	0.0000	0.0000	0.0000	0.0000	0.0000
G0-10590	0.0000	0.0000	0.0000	0.0000	0.0000	0.0000	0.0000	0.0000
G0-10591	0.0000	0.0000	0.0000	0.8636	1.0000	1.0000	1.0000	1.0000
G0-10593	0.0000	0.0000	0.0000	0.0000	0.0000	0.0000	0.0000	0.0000
G0-10594	0.0000	0.0000	0.0000	0.0000	0.0000	0.0000	0.0000	0.0000
G0-10595	0.0000	0.0000	0.0000	0.0000	0.0000	0.0000	0.0000	0.0000
G0-10596	0.0000	0.0000	0.0000	0.0000	0.0000	0.0000	0.0000	0.0000
G0-10601	0.0000	0.0000	0.0000	0.0000	0.0000	0.0000	0.0000	0.0000
G0-10603	0.0000	0.0000	0.0000	0.0000	0.0000	0.0000	0.0000	0.0000
G0-10605	0.0000	0.0000	0.0000	0.0000	0.0000	0.0000	0.0000	0.0000
G0-10606	0.0000	0.0000	0.0000	0.0000	0.0000	0.0000	0.0000	0.0000
G0-10607	0.0000	0.0000	0.0000	0.0000	0.0000	0.0000	0.0000	0.0000
G0-10608	0.0000	0.0000	0.0000	0.0000	0.0000	0.0000	0.0000	0.0000
G0-10609	0.0000	0.0000	0.0000	0.0000	0.0000	0.0000	0.0000	0.0000
G0-10616	0.0000	0.0000	0.0000	0.0000	0.0000	0.0000	0.0000	0.0000
G0-10617	0.0000	0.0000	0.0000	0.0000	0.0000	0.0000	0.0000	0.0000
G0-10624	1.0000	1.0000	1.0000	1.0000	1.0000	1.0000	1.0000	1.0000
G0-10629	0.0000	0.0000	0.0000	0.0000	0.0000	0.0000	0.0000	0.0000
G0-10630	0.0000	0.0000	0.0000	0.0000	0.0000	0.0000	0.0000	0.0000
G0-10631	0.0000	0.0000	0.0000	0.0000	0.0000	0.0000	0.0000	0.0000
G0-10632	0.0000	0.0000	0.0000	0.0000	0.0000	0.0000	0.0000	0.0000
G0-10633	0.0000	0.0000	0.0000	0.0000	0.0000	0.0000	0.0000	0.0000
G0-10634	0.0000	0.0000	0.0000	0.0000	0.0000	0.0000	0.0000	0.0000
G0-10641	0.0000	0.0000	0.0000	0.0000	0.0000	0.0000	0.0000	0.0000
G0-10642	0.0000	0.0000	0.0000	0.0000	0.0000	0.0000	0.0000	0.0000
G0-10643	0.0000	0.0000	0.0000	0.0000	0.0000	0.0000	0.0000	0.0000
G0-10644	0.0000	0.0000	0.0000	0.0000	0.0000	0.0000	0.0000	0.0000
G0-10645	0.0000	0.0000	0.0000	0.0000	0.0000	0.0000	0.0000	0.0000
G0-10646	0.0000	0.0000	0.0000	0.0000	0.0000	0.0000	0.0000	0.0000
G0-10647	0.0000	0.0000	0.0000	0.0000	0.0000	0.0000	0.0000	0.0000
G0-10648	0.0000	0.0000	0.0000	0.0000	0.0000	0.0000	0.0000	0.0000
G0-10649	1.0000	1.0000	1.0000	1.0000	1.0000	1.0000	1.0000	1.0000
G0-10650	0.0000	0.0000	0.0000	0.0000	0.0000	0.0000	0.0000	0.0000
G0-10651	0.0000	0.0000	0.0000	0.0000	0.0000	0.0000	0.0000	0.0000
G0-10652	0.0000	0.0000	0.0000	0.0000	0.0000	0.0000	0.0000	0.0000
G0-10653	0.0000	0.0000	0.0000	0.0000	0.0000	0.0000	0.0000	0.0000
G0-10654	0.0000	0.0000	0.0000	0.0000	0.0000	0.0000	0.0000	0.0000
G0-10655	0.0000	0.0000	0.0000	0.0000	0.0000	0.0000	0.0000	0.0000
G0-10656	0.0000	0.0000	0.0000	0.0000	0.0000	0.0000	0.0000	0.0000
G0-10657	0.0000	0.0000	0.0000	0.0000	0.0000	0.0000	0.0000	0.0000
G0-10689	0.0000	0.0000	0.0000	0.0000	0.0000	0.0000	0.0000	0.0000
G0-10695	0.0000	0.0000	0.0000	0.0000	0.0000	0.0000	0.0000	0.0000
G0-10696	0.0000	0.0000	0.0000	0.0000	0.0000	0.0000	0.0000	0.0000
G0-10706	0.0000	0.0000	0.0000	0.0000	0.0000	0.0000	0.0000	0.0000
G0-10707	0.0000	0.0000	0.0000	0.0000	0.0000	0.0000	0.0000	0.0000
G0-10715	0.0000	0.0000	0.0000	0.0000	0.0000	0.0000	0.0000	0.0000
G0-10716	0.0000	0.0000	0.0000	0.0000	0.0000	0.0000	0.0000	0.0000
G0-10737	0.0000	0.0000	0.0000	0.0000	0.0000	0.0000	0.0000	0.0000
G0-10738	0.0000	0.0000	0.0000	0.0000	0.0000	0.0000	0.0000	0.0000
G0-10751	0.0000	0.0000	0.0000	0.0000	0.0000	0.0000	0.0000	0.0000
G0-16635	0.0000	0.0000	0.0000	0.0000	0.0000	0.0000	0.0000	0.0000
G0-16637	0.0000	0.0000	0.0000	0.0000	0.0000	0.0000	0.0000	0.0000
G0-16638	0.0000	0.0000	0.0000	0.0000	0.0000	0.0000	0.0000	0.0000
G0-16639	0.0000	0.0000	0.0000	0.0000	0.0000	0.0000	0.0000	0.0000
G0-16640	0.0000	0.0000	0.0000	0.0000	0.0000	0.0000	0.0000	0.0000
G0-16673	0.0000	0.0000	0.0000	0.0000	0.0000	0.0000	0.0000	0.0000
G0-16674	0.0000	0.0000	0.0000	0.0000	0.0000	0.0000	0.0000	0.0000
G0-16675	0.0000	0.0000	0.0000	0.0000	0.0000	0.0000	0.0000	0.0000
G0-16685	0.0000	0.0000	0.0000	0.0000	0.0000	0.0000	0.0000	0.0000
G0-16686	0.0000	0.0000	0.0000	0.0000	0.0000	0.0000	0.0000	0.0000
G0-16687	0.0000	0.0000	0.0000	0.0000	0.0000	0.0000	0.0000	0.0000
G0-16688	0.0000	0.0000	0.0000	0.0000	0.0000	0.0000	0.0000	0.0000
G0-16689	0.0000	0.0000	0.0000	0.0000	0.0000	0.0000	0.0000	0.0000
G0-16690	0.0000	0.0000	0.0000	0.0000	0.0000	0.0000	0.0000	0.0000
G0-16693	1.0000	1.0000	1.0000	1.0000	1.0000	1.0000	1.0000	1.0000
G0-16721	0.0000	0.0000	0.0000	0.0000	0.0000	0.0000	0.0000	0.0000
G0-16722	0.0000	0.0000	0.0000	0.0000	0.0000	0.0000	0.0000	0.0000
G0-16723	0.0000	0.0000	0.0000	0.0000	0.0000	0.0000	0.0000	0.0000
G0-16724	0.0000	0.0000	0.0000	0.0000	0.0000	0.0000	0.0000	0.0000
G0-16725	0.0000	0.0000	0.0000	0.0000	0.0000	0.0000	0.0000	0.0000
G0-16726	0.0000	0.0000	0.0000	0.0000	0.0000	0.0000	0.0000	0.0000
G0-16727	0.0000	0.0000	0.0000	0.0000	0.0000	0.0000	0.0000	0.0000
G0-16728	0.0000	0.0000	0.0000	0.0000	0.0000	0.0000	0.0000	0.0000
G0-16729	0.0000	0.0000	0.0000	0.0000	0.0000	0.0000	0.0000	0.0000
G0-16730	0.0000	0.0000	0.0000	0.0000	0.0000	0.0000	0.0000	0.0000
G0-16731	0.0000	0.0000	0.0000	0.0000	0.0000	0.0000	0.0000	0.0000
G0-16732	0.0000	0.0000	0.0000	0.0000	0.0000	0.0000	0.0000	0.0000
G0-16733	0.0000	0.0000	0.0000	0.0000	0.0000	0.0000	0.0000	0.0000
G0-16734	0.0000	0.0000	0.0000	0.0000	0.0000	0.0000	0.0000	0.0000
G0-16735	0.0000	0.0000	0.0000	0.0000	0.0000	0.0000	0.0000	0.0000
G0-16736	0.0000	0.0000	0.0000	0.0000	0.0000	0.0000	0.0000	0.0000
G0-16737	0.0000	0.0000	0.0000	0.0000	0.0000	0.0000	0.0000	0.0000
G0-16738	0.0000	0.0000	0.0000	0.0000	0.0000	0.0000	0.0000	0.0000
G0-16739	0.0000	0.0000	0.0000	0.0000	0.0000	0.0000	0.0000	0.0000
G0-16740	0.0000	0.0000	0.0000	0.0000	0.0000	0.0000	0.0000	0.0000
G0-16741	0.0000	0.0000	0.0000	0.0000	0.0000	0.0000	0.0000	0.0000
G0-16742	0.0000	0.0000	0.0000	0.0000	0.0000	0.0000	0.0000	0.0000
G0-16743	0.0000	0.0000	0.0000	0.0000	0.0000	0.0000	0.0000	0.0000
G0-16744	0.0000	0.0000	0.0000	0.0000	0.0000	0.0000	0.0000	0.0000
G0-16745	0.0000	0.0000	0.0000	0.0000	0.0000	0.0000	0.0000	0.0000
G0-16746	0.0000	0.0000	0.0000	0.0000	0.0000	0.0000	0.0000	0.0000
G0-16747	0.0000	0.0000	0.0000	0.0000	0.0000	0.0000	0.0000	0.0000
G0-16748	0.0000	0.0000	0.0000	0.0000	0.0000	0.0000	0.0000	0.0000
G0-16749	0.0000	0.0000	0.0000	0.0000	0.0000	0.0000	0.0000	0.0000
G0-16750	0.0000	0.0000	0.0000	0.0000	0.0000	0.0000	0.0000	0.0000
G0-16751	0.0000	0.0000	0.0000	0.0000	0.0000	0.0000	0.0000	0.0000
G0-17011	0.0000	0.0000	0.0000	0.0000	0.0000	0.0000	0.0000	0.0000
G0-17012	0.0000	0.0000	0.0000	0.0000	0.0000	0.0000	0.0000	0.0000
G0-17013	0.0000	0.0000	0.0000	0.0000	0.0000	0.0000	0.0000	0.0000
G0-17014	0.0000	0.0000	0.0000	0.0000	0.0000	0.0000	0.0000	0.0000
G0-17015	0.0000	0.0000	0.0000	0.0000	0.0000	0.0000	0.0000	0.0000
G0-17016	0.0000	0.0000	0.0000	0.0000	0.0000	0.0000	0.0000	0.0000
G0-17017	0.0000	0.0000	0.0000	0.0000	0.0000	0.0000	0.0000	0.0000
G0-17018	0.0000	0.0000	0.0000	0.0000	0.0000	0.0000	0.0000	0.0000
G0-17019	0.0000	0.0000	0.0000	0.0000	0.0000	0.0000	0.0000	0.0000
G0-17020	0.0000	0.0000	0.0000	0.0000	0.0000	0.0000	0.0000	0.0000
G0-17021	0.0000	0.0000	0.0000	0.0000	0.0000	0.0000	0.0000	0.0000
G0-17022	0.0000	0.0000	0.0000	0.0000	0.0000	0.0000	0.0000	0.0000
G0-17023	0.0000	0.0000	0.0000	0.0000	0.0000	0.0000	0.0000	0.0000
G0-17024	0.0000	0.0000	0.0000	0.0000	0.0000	0.0000	0.0000	0.0000
G0-17025	0.0000	0.0000	0.0000	0.0000	0.0000	0.0000	0.0000	0.0000
G0-17026	0.0000	0.0000	0.0000	0.0000	0.0000	0.0000	0.0000	0.0000
G0-17027	0.0000	0.0000	0.0000	0.0000	0.0000	0.0000	0.0000	0.0000
G0-17028	1.0000	1.0000	1.0000	1.0000	1.0476	2.0000	2.0000	2.0000
G0-17029	0.0000	0.0000	0.0000	0.0000	0.0000	0.0000	0.0000	0.0000
G0-17030	0.0000	0.0000	0.0000	0.0000	0.0000	0.0000	0.0000	0.0000
G0-17031	0.0000	0.0000	0.0000	0.0000	0.0000	0.0000	0.0000	0.0000
G0-17032	0.0000	0.0000	0.0000	0.0000	0.0000	0.0000	0.0000	0.0000
G0-17033	0.0000	0.0000	0.0000	0.0000	0.0000	0.0000	0.0000	0.0000
G0-17034	0.0000	0.0000	0.0000	0.0000	0.0000	0.0000	0.0000	0.0000
G0-17035	0.0000	0.0000	0.0000	0.0000	0.0000	0.0000	0.0000	0.0000
G0-17036	0.0000	0.0000	0.0000	0.0000	0.0000	0.0000	0.0000	0.0000
G0-17037	0.0000	0.0000	0.0000	0.0000	0.0000	0.0000	0.0000	0.0000
G0-17038	0.0000	0.0000	0.0000	0.0000	0.0000	0.0000	0.0000	0.0000
G0-17039	0.0000	0.0000	0.0000	0.0000	0.0000	0.0000	0.0000	0.0000
G0-17040	0.0000	0.0000	0.0000	0.0000	0.0000	0.0000	0.0000	0.0000
G0-17041	0.0000	0.0000	0.0000	0.0000	0.0000	0.0000	0.0000	0.0000
G0-17042	0.0000	0.0000	0.0000	0.0000	0.0000	0.0000	0.0000	0.0000
G0-17043	0.0000	0.0000	0.0000	0.0000	0.0000	0.0000	0.0000	0.0000
G0-17044	0.0000	0.0000	0.0000	0.0000	0.0000	0.0000	0.0000	0.0000
G0-17045	0.0000	0.0000	0.0000	0.0000	0.0000	0.0000	0.0000	0.0000
G0-17046	0.0000	0.0000	0.0000	0.0000	0.0000	0.0000	0.0000	0.0000
G0-17047	0.0000	0.0000	0.0000	0.0000	0.0000	0.0000	0.0000	0.0000
G0-17048	0.0000	0.0000	0.0000	0.0000	0.0000	0.0000	0.0000	0.0000
G0-17074	0.0000	0.0000	0.0000	0.0000	0.0000	0.0000	0.0000	0.0000
G0-17076	0.0000	0.0000	0.0000	0.0000	0.0000	0.0000	0.0000	0.0000
G0-17078	0.0000	0.0000	0.0000	0.0000	0.0000	0.0000	0.0000	0.0000
G0-17079	0.0000	0.0000	0.0000	0.0000	0.0000	0.0000	0.0000	0.0000
G0-17086	0.0000	0.0000	0.0000	0.0000	0.0000	0.0000	0.0000	0.0000
G0-17087	0.0000	0.0000	0.0000	0.0000	0.0000	0.0000	0.0000	0.0000
G0-17088	0.0000	0.0000	0.0000	0.0000	0.0000	0.0000	0.0000	0.0000
G0-17090	0.0000	0.0000	0.0000	0.0000	0.0000	0.0000	0.0000	0.0000
G0-17091	0.0000	0.0000	0.0000	0.0000	0.0000	0.0000	0.0000	0.0000
G0-17092	0.0000	0.0000	0.0000	0.0000	0.0000	0.0000	0.0000	0.0000
G0-17093	0.0000	0.0000	0.0000	0.0000	0.0000	0.0000	0.0000	0.0000
G0-17094	0.0000	0.0000	0.0000	0.0000	0.0000	0.0000	0.0000	0.0000
G0-17095	0.0000	0.0000	0.0000	0.0000	0.0000	0.0000	0.0000	0.0000
G0-17096	0.0000	0.0000	0.0000	0.0000	0.0000	0.0000	0.0000	0.0000
G0-17097	0.0000	0.0000	0.0000	0.0000	0.0000	0.0000	0.0000	0.0000
G0-17098	0.0000	0.0000	0.0000	0.0000	0.0000	0.0000	0.0000	0.0000
G0-17099	0.0000	0.0000	0.0000	0.0000	0.0000	0.0000	0.0000	0.0000
G0-17101	0.0000	0.0000	0.0000	0.0000	0.0000	0.0000	0.0000	0.0000
G0-17102	0.0000	0.0000	0.0000	0.0000	0.0000	0.0000	0.0000	0.0000
G0-17103	0.0000	0.0000	0.0000	0.0000	0.0000	0.0000	0.0000	0.0000
G0-17104	0.0000	0.0000	0.0000	0.0000	0.0000	0.0000	0.0000	0.0000
G0-17105	0.0000	0.0000	0.0000	0.0000	0.0000	0.0000	0.0000	0.0000
G0-17106	0.0000	0.0000	0.0000	0.0000	0.0000	0.0000	0.0000	0.0000
G0-17107	0.0000	0.0000	0.0000	0.0000	0.0000	0.0000	0.0000	0.0000
G0-17108	0.0000	0.0000	0.0000	0.0000	0.0000	0.0000	0.0000	0.0000
G0-17109	0.0000	0.0000	0.0000	0.0000	0.0000	0.0000	0.0000	0.0000
G0-17110	0.0000	0.0000	0.0000	0.0000	0.0000	0.0000	0.0000	0.0000
G0-17114	0.0000	0.0000	0.0000	0.0000	0.0000	0.0000	0.0000	0.0000
G0-17126	0.0000	0.0000	0.0000	0.0000	0.0000	0.0000	0.0000	0.0000
G0-41	1.0000	1.0000	1.0000	1.0000	1.0000	1.0000	1.0000	1.0000
G0-8601	0.0000	0.0000	0.0000	0.0000	0.0000	0.0000	0.0000	0.0000
G0-8861	0.0000	0.0000	0.0000	0.0000	0.0000	0.0000	0.0000	0.0000
G0-8862	0.0000	0.0000	0.0000	0.0000	0.0000	0.0000	0.0000	0.0000
G0-8865	0.0000	0.0000	0.0000	0.0000	0.0000	0.0000	0.0000	0.0000
G0-8875	0.0000	0.0000	0.0000	0.0000	0.0000	0.0000	0.0000	0.0000
G0-8881	0.0000	0.0000	0.0000	0.0000	0.0000	0.0000	0.0000	0.0000
G0-8884	0.0000	0.0000	0.0000	0.0000	0.0000	0.0000	0.0000	0.0000
G0-8887	0.0000	0.0000	0.0000	0.0000	0.0000	0.0000	0.0000	0.0000
G0-8888	0.0000	0.0000	0.0000	0.0000	0.0000	0.0000	0.0000	0.0000
G0-8891	1.0000	1.0000	1.0000	1.0000	1.0000	1.0000	1.0000	0.7727
G0-8892	0.0000	0.0000	0.0000	0.0000	0.0000	0.0000	0.0000	0.0000
G0-8893	0.0000	0.0000	0.0000	0.0000	0.0000	0.0000	0.7143	1.0000
G0-8895	0.0000	0.0000	0.0000	0.0000	0.0000	0.0000	0.0000	0.0000
G0-8900	0.0000	0.0000	0.0000	0.0000	0.0000	0.0000	0.0000	0.0000
G0-8905	0.0000	0.0000	0.0000	0.0000	0.0000	0.0000	0.0000	0.0000
G0-9041	0.0000	0.0000	0.0000	0.0000	0.0000	0.0000	0.0000	0.0000
G0-9081	0.0000	0.0000	0.0000	0.0000	0.0000	0.0000	0.0000	0.0000
G0-9121	0.0000	0.0000	0.0000	0.0000	0.0000	0.0000	0.0000	0.0000
G0-9381	0.0000	0.0000	0.0000	0.0000	0.0000	0.0000	0.0000	0.0000
G0-9384	0.0000	0.0000	0.0000	0.0000	0.0000	0.0000	0.0000	0.0000
G0-9385	0.0000	0.0000	0.0000	0.0000	0.0000	0.0000	0.0000	0.0000
G0-9387	1.0000	1.1429	1.6190	1.0000	0.2381	1.0000	1.4762	2.0000
G0-9388	0.0000	0.0000	0.0000	0.0000	0.0000	0.0000	0.0000	0.0000
G0-9461	0.0000	0.0000	0.0000	0.0000	0.0000	0.0000	0.0000	0.0000
G0-9541	0.0000	0.0000	0.0000	0.0000	0.0000	0.0000	0.0000	0.0000
G0-9561	0.0000	0.0000	0.0000	0.0000	0.0000	0.0000	0.0000	0.0000
G0-9562	3.0000	3.0000	3.0000	3.0000	3.0000	3.0000	3.0000	3.0000
G0-9563	0.0000	0.0000	0.0000	0.0000	0.0000	0.2273	1.0000	1.0000
G0-9582	0.0000	0.0000	0.0000	0.0000	0.0000	0.0000	0.0000	0.0000
G0-9602	0.0000	0.0000	0.0000	0.0000	0.0000	0.0000	0.0000	0.0000
G0-9603	0.0000	0.0000	0.0000	0.0000	0.0000	0.0000	0.0000	0.0000
G0-9605	0.0000	0.0000	0.0000	0.0000	0.0000	0.0000	0.0000	0.0000
G0-9607	0.0000	0.0000	0.0000	0.0000	0.0000	0.0000	0.0000	0.0000
G0-9609	0.0000	0.0000	0.0000	0.0000	0.0000	0.0000	0.0000	0.0000
G0-9610	1.0000	1.0000	1.0000	1.0000	1.0000	1.0000	1.0000	1.0000
G0-9613	0.0000	0.0000	0.0000	0.0000	0.0000	0.0000	0.0000	0.0000
G0-9621	0.0000	0.0000	0.0000	0.0000	0.0000	0.0000	0.0000	0.0000
G0-9662	0.0000	0.0000	0.7619	1.0000	1.0000	1.0000	1.0000	0.1818
G0-9962	0.0000	0.0000	0.0000	0.0000	0.0000	0.0000	0.0000	0.0000
G0-9981	0.0000	0.0000	0.0000	0.0000	0.0000	0.0000	0.0000	0.0000
G1	0.0000	0.0000	0.0000	0.0000	1.0000	1.0000	0.4762	0.0000
G198	1.0000	1.0000	1.0000	1.0000	1.0000	1.0000	1.0000	1.0000
G2000	0.0000	0.0000	0.0000	0.0000	0.0000	0.0000	0.0000	0.0000
G2001	0.0000	0.0000	0.0000	0.0000	0.0000	0.0000	0.0000	0.0000
G2002	0.0000	0.0000	0.0000	0.0000	0.0000	0.0000	0.0000	0.0000
G357	1.0000	1.0000	1.0000	1.0000	1.0000	1.0000	1.0000	1.0000
G358	3.0000	3.0000	3.0000	2.1818	2.0000	2.0000	2.0000	1.1818
G359	3.0000	3.0000	3.0000	2.1818	2.0000	2.0000	2.0000	1.1818
G36	1.0000	1.0000	1.0000	1.0000	1.0000	1.0000	1.0000	1.0000
G360	3.0000	3.0000	3.0000	2.1818	2.0000	2.0000	2.0000	1.1818
G361	3.0000	3.0000	3.0000	2.1818	2.0000	2.0000	2.0000	1.1818
G362	3.0000	3.0000	3.0000	2.1818	2.0000	2.0000	2.0000	1.1818
G363	3.0000	3.0000	3.0000	2.1818	2.0000	2.0000	2.0000	1.1818
G364	3.0000	3.0000	3.0000	2.1818	2.0000	2.0000	2.0000	1.1818
G365	3.0000	3.0000	3.0000	2.1818	2.0000	2.0000	2.0000	1.1818
G366	3.0000	3.0000	3.0000	2.1818	2.0000	2.0000	2.0000	1.1818
G369	5.0000	4.5238	4.0000	2.9091	2.0000	2.0000	2.0000	2.0000
G370	0.0000	0.0000	0.0000	0.0000	0.0000	0.0000	0.1429	0.0000
G372	1.0000	1.0000	1.0000	1.0000	1.0000	1.0000	1.0000	1.0000
G377	0.0000	0.0000	0.0000	0.0000	0.0000	0.0000	0.0000	0.0000
G378	0.0000	0.0000	0.0000	0.0000	0.0000	0.0000	0.0000	0.0000
G379	0.0000	0.0000	0.0000	0.0000	0.0000	0.0000	0.0000	0.0000
G436	0.0000	0.0000	0.0000	0.0000	0.0000	0.0000	0.0000	0.0000
G495	0.0000	0.0000	0.0000	0.0000	0.0000	0.0000	0.0000	0.0000
G58	0.0000	0.0000	0.0000	0.0000	0.0000	0.0000	0.0000	0.0000
G592	0.0000	0.0000	0.0000	0.0000	0.0000	0.0000	0.0000	0.0000
G6081	0.0000	0.0000	0.0000	0.0000	0.0000	0.0000	0.0000	0.0000
G6082	0.0000	0.0000	0.0000	0.0000	0.0000	0.0000	0.0000	0.0000
G6083	1.0000	1.0000	1.0000	1.0000	1.0000	0.9545	0.0000	0.0000
G6085	0.0000	0.0000	0.0000	0.0000	0.0000	0.0000	0.0000	0.0000
G6086	0.0000	0.0000	0.0000	0.0000	0.0000	0.0000	0.0000	0.0000
G6087	0.0000	0.0000	0.0000	0.0000	0.0000	0.0000	0.0000	0.0000
G6088	0.0000	0.0000	0.0000	0.0000	0.0000	0.0000	0.0000	0.0000
G6092	0.0000	0.0000	0.0000	0.0000	0.0000	0.0000	0.9524	1.6364
G6093	2.0000	2.0000	2.0952	3.0909	4.0000	3.0455	2.0000	2.9091
G6094	0.0000	0.0000	0.0000	0.0000	0.0000	0.0000	0.0000	0.0000
G6095	0.0000	0.0000	0.0000	0.0000	0.0000	0.0000	0.0000	0.0000
G6096	0.0000	0.0000	0.0000	0.0000	0.0000	0.0000	0.0000	0.0000
G6097	1.0000	1.0000	1.0000	1.0000	1.0000	1.0000	1.0000	1.0000
G6098	0.0000	0.0000	0.0000	0.0000	0.0000	0.8636	1.0000	1.0000
G6099	0.0000	0.0000	0.0000	0.0000	0.0000	0.0000	0.0000	0.0000
G6100	0.0000	0.0000	0.0000	0.0000	0.0000	0.0000	0.0000	0.0000
G6101	0.0000	0.0000	0.0000	0.0000	0.0000	0.0000	0.0000	0.0000
G6103	0.0000	0.0000	0.9048	0.1818	0.0000	0.0000	0.0000	0.0000
G6104	0.0000	0.0000	0.0000	0.0000	0.6667	1.0000	1.0000	1.0000
G6105	0.0000	0.0000	0.0000	0.0000	0.0000	0.0000	0.0000	0.0000
G6106	0.0000	0.3810	0.5238	0.0000	0.0000	0.0000	0.0000	0.0000
G6107	0.0000	0.0000	0.0000	0.0000	0.0000	0.0000	0.0000	0.0000
G6108	0.0000	0.0000	0.0000	0.0000	0.0000	0.0000	0.0000	0.0000
G6109	1.0000	1.0000	1.0000	1.0000	1.0000	1.0000	1.0000	1.0000
G6110	1.0000	1.0000	1.0000	1.0000	1.0000	1.0000	1.0000	1.0000
G6111	0.0000	0.0000	0.0000	0.0000	0.0000	0.0000	0.0000	0.0000
G6112	0.0000	0.0000	0.0000	0.0000	0.0000	0.0000	0.0000	0.0000
G6115	0.0000	0.0000	0.0000	0.0000	0.0000	0.0000	0.0000	0.0000
G6116	0.0000	0.0000	0.0000	0.0000	0.0000	0.0000	0.0000	0.0000
G6117	0.0000	0.0000	0.0000	0.0000	0.0000	0.0000	0.0000	0.0000
G6118	0.0000	0.0000	0.0000	0.0000	0.0000	0.0000	0.0000	0.0000
G6120	0.0000	0.0000	0.0000	0.0000	0.0000	0.0000	0.0000	0.0000
G6121	0.0000	0.0000	0.0000	0.0000	0.0000	0.0000	0.0000	0.0000
G6122	0.0000	0.0000	0.0000	0.0000	0.0000	0.0000	0.0000	0.0000
G6123	0.0000	0.0000	0.0000	0.0000	0.0000	0.0000	0.0000	0.0000
G6124	0.0000	0.0000	0.0000	0.0000	0.0000	0.0000	0.0000	0.0000
G6125	0.0000	0.0000	0.0000	0.0000	0.0000	0.0000	0.0000	0.0000
G6126	0.0000	0.0000	0.0000	0.0000	0.0000	0.0000	0.0000	0.0000
G6127	0.0000	0.0000	0.0000	0.0000	0.0000	0.0000	0.0000	0.0000
G6128	0.0000	0.0000	0.0000	0.0000	0.0000	0.0000	0.0000	0.0000
G6129	0.0000	0.0000	0.0000	0.0000	0.0000	0.0000	0.0000	0.0000
G6130	0.0000	0.0000	0.0000	0.0000	0.0000	0.0000	0.0000	0.0000
G6131	0.0000	0.0000	0.0000	0.0000	0.0000	0.0000	0.0000	0.0000
G6133	0.0000	0.0000	0.0000	0.0000	0.0000	0.0000	0.0000	0.0000
G6134	3.0000	3.0000	3.0000	3.0000	3.0000	2.4545	2.0000	2.0000
G6135	0.0000	0.0000	0.0000	0.0000	0.0000	0.0000	0.0000	0.2727
G6136	0.0000	0.0000	0.0000	0.0000	0.0000	0.0000	0.0000	0.2727
G6137	0.0000	0.0000	0.0000	0.0000	0.0000	0.0000	0.0000	0.0000
G6138	0.0000	0.0000	0.0000	0.0000	0.0000	0.0000	0.0000	0.0000
G6139	0.0000	0.0000	0.0000	0.0000	0.0000	0.0000	0.0000	0.0000
G6140	0.0000	0.0000	0.0000	0.0000	0.0000	0.0000	0.0000	0.0000
G6141	0.0000	0.0000	0.0000	0.0000	0.0000	0.0000	0.0000	0.0000
G6142	0.0000	0.0000	0.0000	0.0000	0.0000	0.0000	0.0000	0.0000
G6143	0.0000	0.0000	0.0000	0.0000	0.0000	0.0000	0.0000	0.0000
G6144	1.0000	1.0000	1.0000	1.0000	1.0000	1.0000	1.0000	1.0000
G6145	0.0000	0.0000	0.0000	0.0000	0.0000	0.0000	0.0000	0.0000
G6146	0.0000	0.0000	0.0000	0.0000	0.0000	0.0000	0.0000	0.0000
G6147	0.0000	0.0000	0.0000	0.0000	0.0000	0.0000	0.0000	0.0000
G6148	0.0000	0.0000	0.0000	0.0000	0.0000	0.0000	0.0000	0.0000
G6149	0.0000	0.0000	0.0000	0.0000	0.1429	1.0000	1.0000	1.0000
G6150	0.0000	0.0000	0.0000	0.0000	0.1429	1.0000	1.0000	1.0000
G6151	2.0000	2.0000	2.0000	2.0000	2.0000	1.5909	1.0000	1.0000
G6152	0.0000	0.0000	0.0000	0.0000	0.0000	0.0000	0.0000	0.0000
G6153	0.0000	0.0000	0.0000	0.0000	0.0000	0.0000	0.0000	0.0000
G6154	0.0000	0.0000	0.0000	0.0000	0.0000	0.0000	0.0000	0.0000
G6155	0.0000	0.0000	0.0000	0.0000	0.0000	0.0000	0.0000	0.0000
G6156	0.0000	0.0000	0.0000	0.0000	0.0000	0.0000	0.0000	0.0000
G6157	0.0000	0.0000	0.0000	0.0000	0.0000	0.0000	0.0000	0.0000
G6158	1.0000	1.0000	0.1905	0.0000	0.0000	0.0000	0.0000	0.0000
G6159	0.0000	0.0000	0.0000	0.0000	0.0000	0.0000	0.0000	0.0000
G6160	0.0000	0.0000	0.0000	0.0000	0.0000	0.0000	0.0000	0.0000
G6161	0.0000	0.0000	0.0000	0.0000	0.0000	0.0000	0.0000	0.0000
G6162	0.0000	0.0000	0.0000	0.0000	0.0000	0.0000	0.0000	0.0000
G6163	0.0000	0.0000	0.0000	0.0000	0.0000	0.0000	0.0000	0.0000
G6164	0.0000	0.0000	0.0000	0.0000	0.0000	0.0000	0.0000	0.0000
G6165	0.0000	0.0000	0.0000	0.0000	0.0000	0.0000	0.0000	0.0000
G6166	0.0000	0.0000	0.0000	0.0000	0.0000	0.0000	0.0000	0.0000
G6167	0.0000	0.0000	0.0000	0.0000	0.0000	0.0000	0.0000	0.0000
G6168	0.0000	0.0000	0.0000	0.0000	0.0000	0.0000	0.0000	0.0000
G6169	0.0000	0.0000	0.0000	0.0000	0.0000	0.0000	0.0000	0.0000
G6171	0.0000	0.0000	0.0000	0.0000	0.0000	0.0000	0.0000	0.0000
G6173	0.0000	0.0000	0.0000	0.0000	0.0000	0.0000	0.0000	0.0000
G6174	0.0000	0.0000	0.0000	0.0000	0.0000	0.0000	0.0000	0.0000
G6175	0.0000	0.0000	0.0000	0.0000	0.0000	0.0000	0.0000	0.0000
G6176	0.0000	0.0000	0.0000	0.0000	0.0000	0.0000	0.0000	0.0000
G6177	0.0000	0.0000	0.0000	0.0000	0.0000	0.0000	0.0000	0.0000
G6178	0.0000	0.0000	0.0000	0.0000	0.0000	0.0000	0.0000	0.0000
G6180	0.0000	0.0000	0.0000	0.0000	0.0000	0.0000	0.0000	0.0000
G6181	0.0000	0.0000	0.0000	0.0000	0.0000	0.0000	0.0000	0.0000
G6182	0.0000	0.0000	0.0000	0.0000	0.0000	0.0000	0.0000	0.0000
G6183	0.0000	0.0000	0.0000	0.0000	0.0000	0.0000	0.0000	0.0000
G6184	0.0000	0.0000	0.0000	0.0000	0.0000	0.0000	0.0000	0.0000
G6185	0.0000	0.0000	0.0000	0.0000	0.0000	0.0000	0.0000	0.0000
G6186	0.0000	0.0000	0.0000	0.0000	0.0000	0.0000	0.0000	0.0000
G6188	0.0000	0.0000	0.0000	0.0000	0.0000	0.0000	0.0000	0.0000
G6189	0.0000	0.0000	0.0000	0.0000	0.0000	0.0000	0.0000	0.0000
G6190	1.0000	1.0000	1.0000	1.0000	1.0000	0.1364	0.0000	0.0000
G6191	0.0000	0.0000	0.0000	0.0000	0.0000	0.0000	0.0000	0.0000
G6192	0.0000	0.0000	0.0000	0.0000	0.0000	0.0000	0.0000	0.0000
G6193	0.0000	0.0000	0.0000	0.0000	0.0000	0.0000	0.0000	0.0000
G6194	0.0000	0.0000	0.0000	0.8636	1.3333	2.0000	0.0952	0.0000
G6195	0.0000	0.0000	0.0000	0.0000	0.0000	0.0000	0.0000	0.0000
G6196	0.0000	0.0000	0.0000	0.0000	0.0000	0.0000	0.0000	0.0000
G6198	0.0000	0.0000	0.0000	0.0000	0.0000	0.0000	0.0000	0.0000
G6199	0.0000	0.0000	0.0000	0.0000	0.0000	0.0000	0.0000	0.0000
G6200	0.0000	0.0000	0.0000	0.0000	0.0000	0.0000	0.0000	0.0000
G6201	0.0000	0.0000	0.0000	0.0000	0.0000	0.0000	0.0000	0.0000
G6205	0.0000	0.0000	0.0000	0.0000	0.0000	0.0000	0.0000	0.0000
G6206	0.0000	0.0000	0.0000	0.0000	0.0000	0.0000	0.0000	0.0000
G6207	0.0000	0.0000	0.0000	0.0000	0.0000	0.0000	0.0000	0.0000
G6208	1.0000	1.0000	1.0000	1.0000	1.0000	1.0000	1.0000	1.0000
G6209	1.0000	1.0000	1.0000	1.0000	1.0000	1.0000	1.0000	1.0000
G6210	0.0000	0.0000	0.0000	0.0000	0.0000	0.0000	0.0000	0.0000
G6211	0.0000	0.0000	0.0000	0.0000	0.0000	0.0000	0.0000	0.0000
G6212	0.0000	0.0000	0.0000	0.0000	0.0000	0.0000	0.0000	0.0000
G6213	0.0000	0.0000	0.0000	0.0000	0.0000	0.0000	0.0000	0.0000
G6215	0.0000	0.0000	0.0000	0.0000	0.0000	0.0000	0.0000	0.0000
G6216	0.0000	0.0000	0.0000	0.0000	0.0000	0.0000	0.0000	0.0000
G6217	0.0000	0.0000	0.0000	0.0000	0.0000	0.0000	0.0000	0.0000
G6218	0.0000	0.0000	0.0000	0.0000	0.0000	0.0000	0.0000	0.0000
G6219	0.0000	0.0000	0.0000	0.0000	0.0000	0.0000	0.0000	0.0000
G6223	0.0000	0.0000	0.0000	0.0000	0.0000	0.0000	0.0000	0.0000
G6224	0.0000	0.0000	0.0000	0.0000	0.0000	0.0000	0.0000	0.0000
G6226	0.0000	0.0000	0.0000	0.0000	0.0000	0.0000	0.0000	0.0000
G6227	0.0000	0.0000	0.0000	0.0000	0.0000	0.0000	0.0000	0.0000
G6228	0.0000	0.0000	0.0000	0.0000	0.0000	0.0000	0.0000	0.0000
G6229	0.0000	0.0000	0.0000	0.0000	0.0000	0.0000	0.0000	0.0000
G6230	0.0000	0.0000	0.0000	0.0000	0.0000	0.0000	0.0000	0.0000
G6233	0.0000	0.0000	0.0000	0.0000	0.0000	0.0000	0.0000	0.0000
G6234	0.0000	0.0000	0.0000	0.0000	0.0000	0.0000	0.0000	0.0000
G6236	3.0000	3.0000	3.0000	3.0000	2.1429	2.0000	2.0000	1.0455
G6237	3.0000	3.0000	3.0000	3.0000	2.1429	2.0000	2.0000	1.0455
G6238	0.0000	0.0000	0.2857	1.0000	1.0000	1.0000	1.0000	1.0000
G6239	1.0000	1.0000	1.0000	1.0000	1.0000	1.0000	1.0000	1.0000
G6240	2.0000	1.0952	1.0000	0.8636	0.0000	0.0000	1.0000	1.0000
G6241	0.0000	0.0000	0.0000	0.0000	0.0000	0.0000	0.0000	0.0000
G6242	1.0000	0.6667	0.0000	0.0000	0.0000	0.0000	0.0000	0.0000
G6243	1.0000	1.0000	1.0000	1.0000	1.0000	1.0000	1.0000	1.0000
G6244	0.0000	0.0000	0.0000	0.0000	0.0000	0.0000	0.0000	0.0000
G6245	0.0000	0.0000	0.0000	0.0000	0.0000	0.0000	0.0000	0.0000
G6246	0.0000	0.0000	0.0000	0.0000	0.0000	0.0000	0.0000	0.0000
G6247	0.0000	0.0000	0.0000	0.0000	0.0000	0.9091	1.0000	1.0000
G6248	0.0000	0.0000	0.0000	0.0000	0.0000	0.0000	0.0000	0.0000
G6250	0.0000	0.0000	0.0000	0.0000	0.0000	0.0000	0.0000	0.0000
G6251	0.0000	0.0000	0.0000	0.0000	0.0000	0.0000	0.0000	0.0000
G6252	0.0000	0.0000	0.0000	0.0000	0.0000	0.0000	0.0000	0.0000
G6253	0.0000	0.0000	0.0000	0.0000	0.0000	0.0000	0.0000	0.0000
G6255	0.0000	0.0000	0.0000	0.0000	0.0000	0.0000	0.0000	0.0000
G6256	0.0000	0.0000	0.0000	0.0000	0.0000	0.0000	0.0000	0.0000
G6258	0.0000	0.0000	0.0000	0.0000	0.0000	0.0000	0.0000	0.0000
G6259	0.0000	0.0000	0.0000	0.0000	0.0000	0.0000	0.0000	0.0000
G6260	0.0000	0.0000	0.0000	0.0000	0.0000	0.0000	0.0000	0.0000
G6261	0.0000	0.0000	0.0000	0.0000	0.0000	0.0000	0.0000	0.0000
G6262	0.0000	0.0000	0.0000	0.0000	0.0000	0.0000	0.0000	0.0000
G6263	0.0000	0.0000	0.0000	0.0000	0.6190	0.5909	0.9524	0.0000
G6264	1.0000	1.0000	1.0000	1.0000	1.0000	1.0000	1.0000	1.0000
G6265	1.0000	1.0000	1.0000	1.0000	1.0000	1.0000	1.0000	1.0000
G6266	0.0000	0.0000	0.0000	0.0000	0.0000	0.0000	0.0000	0.0000
G6267	0.0000	0.0000	0.0000	0.0000	0.0000	0.0000	0.0000	0.0000
G6268	4.0000	4.0000	4.0000	3.3636	3.9048	4.0000	4.0000	3.8636
G6269	0.0000	0.0000	0.0000	0.0000	0.0000	0.0000	0.0000	0.0000
G6270	0.0000	0.0000	0.0000	0.0000	0.0000	0.0000	0.0000	0.0000
G6271	0.0000	0.0000	0.0000	0.0000	0.0000	0.0000	0.0000	0.0000
G6273	0.0000	0.0000	0.0000	0.0000	0.0000	0.0000	0.0000	0.0000
G6274	0.0000	0.0000	0.0000	0.0000	0.0000	0.0000	0.0000	0.0000
G6275	0.0000	0.0000	0.0000	0.0000	0.0000	0.0000	0.0000	0.0000
G6276	1.0000	0.0476	0.0000	0.0000	0.0000	0.0000	0.0000	0.0000
G6277	0.0000	0.0000	0.0000	0.0000	0.0000	0.0000	0.0000	0.0000
G6278	0.0000	0.0000	0.0000	0.0000	0.0000	0.0000	0.0000	0.0000
G6280	0.0000	0.0000	0.0000	0.0000	0.0000	0.0000	0.0000	0.0000
G6281	0.0000	0.0000	0.0000	0.0000	0.0000	0.0000	0.0000	0.0000
G6282	0.0000	0.0000	0.0000	0.0000	0.0000	0.0000	0.0000	0.0000
G6283	0.0000	0.0000	0.0000	0.0000	0.0000	0.0000	0.0000	0.0000
G6284	0.0000	0.0000	0.0000	0.0000	0.0000	0.0000	0.0000	0.0000
G6285	0.0000	0.0000	0.0000	0.0000	0.0000	0.0000	0.0000	0.0000
G6286	0.0000	0.0000	0.0000	0.0000	0.0000	0.0000	0.0000	0.0000
G6287	0.0000	0.0000	0.0000	0.0000	0.0000	0.0000	0.0000	0.0000
G6288	0.0000	0.0000	0.0000	0.0000	0.0000	0.0000	0.0000	0.0000
G6289	0.0000	0.0000	0.0000	0.0000	0.0000	0.0000	0.0000	0.0000
G6290	0.0000	0.0000	0.0000	0.0000	0.0000	0.0000	0.0000	0.0000
G6291	0.0000	0.0000	0.0000	0.0000	0.0000	0.0000	0.0000	0.0000
G6292	0.0000	0.0000	0.0000	0.0000	0.0000	0.0000	0.0000	0.0000
G6293	0.0000	0.0000	0.0000	0.0000	0.0000	0.0000	0.0000	0.0000
G6296	0.0000	0.0000	0.0000	0.0000	0.0000	0.0000	0.0000	0.0000
G6297	0.0000	0.0000	0.0000	0.0000	0.0000	0.0000	0.0000	0.0000
G6300	0.0000	0.0000	0.0000	0.0000	0.0000	0.0000	0.0000	0.0000
G6301	0.0000	0.0000	0.0000	0.0000	0.0000	0.0000	0.0000	0.0000
G6302	0.0000	0.0000	0.0000	0.0000	0.0000	0.0000	0.0000	0.0000
G6303	0.0000	0.0000	0.0000	0.0000	0.0000	0.0000	0.0000	0.0000
G6304	0.0000	0.0000	0.0000	0.0000	0.0000	0.0000	0.0000	0.0000
G6305	0.0000	0.0000	0.0000	0.0000	0.0000	0.0000	0.0000	0.0000
G6306	0.0000	0.0000	0.0000	0.0000	0.0000	0.0000	0.0000	0.0000
G6307	0.0000	0.0000	0.0000	0.0000	0.0000	0.0000	0.0000	0.0000
G6308	0.0000	0.0000	0.0000	0.0000	0.0000	0.0000	0.0000	0.0000
G6309	0.0000	0.0000	0.0000	0.0000	0.0000	0.0000	0.0000	0.0000
G6310	0.0000	0.0000	0.0000	0.0000	0.0000	0.0000	0.0000	0.0000
G6311	0.0000	0.0000	0.0000	0.0000	0.0000	0.0000	0.0000	0.0000
G6312	2.0000	1.9524	1.0000	1.0000	1.0000	1.0000	1.0000	1.0000
G6313	0.0000	0.0000	0.0000	0.0000	0.0000	0.0000	0.0000	0.0000
G6314	0.0000	0.0000	0.0000	0.0000	0.0000	0.0000	0.0000	0.0000
G6315	0.0000	0.0000	0.0000	0.0000	0.0000	0.0000	0.0000	0.0000
G6317	0.0000	0.0000	0.0000	0.0000	0.0000	0.0000	0.0000	0.0000
G6318	0.0000	0.0000	0.0000	0.0000	0.0000	0.0000	0.0000	0.0000
G6319	0.0000	0.0000	0.0000	0.0000	0.0000	0.0000	0.0000	0.0000
G6320	1.0000	1.0000	1.0000	1.0000	1.0000	1.0000	1.0000	1.0000
G6321	1.0000	1.0000	1.0000	1.0000	1.0000	1.0000	1.0000	1.0000
G6322	1.0000	1.0000	1.0000	1.0000	1.0000	1.0000	1.0000	1.0000
G6323	0.0000	0.0000	0.0000	0.0000	0.0000	0.0000	0.0000	0.0000
G6324	0.0000	0.0000	0.0000	0.0000	0.0000	0.0000	0.0000	0.0000
G6325	0.0000	0.0000	0.0000	0.0000	0.0000	0.0000	0.0000	0.0000
G6326	0.0000	0.0000	0.0000	0.0000	0.0000	0.0000	0.0000	0.0000
G6327	0.0000	0.0000	0.0000	0.0000	0.0000	0.0000	0.0000	0.0000
G6329	0.0000	0.0000	0.0000	0.0000	0.0000	0.0000	0.0000	0.0000
G6330	0.0000	0.0000	0.0000	0.0000	0.0000	0.0000	0.0000	0.0000
G6331	0.0000	0.0000	0.0000	0.0000	0.0000	0.0000	0.0000	0.0000
G6332	0.0000	0.0000	0.0000	0.0000	0.0000	0.0000	0.0000	0.0000
G6333	0.0000	0.0000	0.0000	0.0000	0.0000	0.0000	0.0000	0.0000
G6334	0.0000	0.0000	0.0000	0.0000	0.0000	0.0000	0.0000	0.0000
G6335	0.0000	0.0000	0.0000	0.0000	0.0000	0.0000	0.0000	0.0000
G6337	0.0000	0.0000	0.0000	0.0000	0.0000	0.0000	0.0000	0.0000
G6338	0.0000	0.0000	0.0000	0.0000	0.0000	0.0000	0.0000	0.0000
G6339	0.0000	0.0000	0.0000	0.0000	0.0000	0.0000	0.0000	0.0000
G6340	0.0000	0.0000	0.0000	0.0000	0.0000	0.0000	0.0000	0.0000
G6341	0.0000	0.0000	0.0000	0.0000	0.0000	0.0000	0.0000	0.0000
G6342	0.0000	0.0000	0.0000	0.0000	0.0000	0.0000	0.0000	0.0000
G6343	0.0000	0.0000	0.0000	0.0000	0.0000	0.0000	0.0000	0.0000
G6344	0.0000	0.0000	0.0000	0.0000	0.0000	0.0000	0.0000	0.0000
G6345	0.0000	0.0000	0.0000	0.0000	0.0000	0.0000	0.0000	0.0000
G6346	0.0000	0.0000	0.0000	0.0000	0.0000	0.0000	0.0000	0.0000
G6347	0.0000	0.0000	0.0000	0.0000	0.0000	0.0000	0.0000	0.0000
G6349	1.0000	1.0000	1.0000	1.0000	0.3333	0.0000	0.0000	0.0000
G6350	1.0000	1.0000	1.0000	1.0000	0.3333	0.0000	0.0000	0.0000
G6351	0.0000	0.0000	0.0000	0.0000	0.0000	0.0000	0.0000	0.0000
G6352	0.0000	0.0000	0.0000	0.0000	0.0000	0.0000	0.0000	0.0000
G6353	0.0000	0.0000	0.0000	0.0000	0.0000	0.0000	0.0000	0.0000
G6354	0.0000	0.0000	0.0000	0.0000	0.0000	0.0000	0.0000	0.0000
G6355	0.0000	0.0000	0.0000	0.0000	0.0000	0.0000	0.0000	0.0000
G6356	0.0000	0.0000	0.0000	0.0000	0.0000	0.0000	0.0000	0.0000
G6357	0.0000	0.0000	0.0000	0.0000	0.0000	0.0000	0.0000	0.0000
G6358	1.0000	1.0000	1.0000	1.0000	1.0000	1.0000	1.0000	1.0000
G6359	2.0000	2.0000	2.0000	2.0000	2.0000	2.0000	2.0000	2.0000
G6360	1.0000	1.0000	1.0000	1.0000	1.0000	1.0000	1.0000	1.0000
G6361	0.0000	0.0000	0.0000	0.0000	0.0000	0.0000	0.0000	0.0000
G6362	0.0000	0.0000	0.0000	0.0000	0.0000	0.0000	0.0000	0.0000
G6363	0.0000	0.0000	0.0000	0.0000	0.0000	0.0000	0.0000	0.0000
G6364	0.0000	0.0000	0.0000	0.0000	0.0000	0.0000	0.0000	0.0000
G6365	0.0000	0.0000	0.0000	0.0000	0.0000	0.0000	0.0000	0.0000
G6370	0.0000	0.0000	0.0000	0.0000	0.0000	0.0000	0.0000	0.0000
G6371	0.0000	0.0000	0.0000	0.0000	0.0000	0.0000	0.0000	0.0000
G6374	0.0000	0.0000	0.0000	0.0000	0.0000	0.0000	0.0000	0.0000
G6376	0.0000	0.0000	0.0000	0.0000	0.0000	0.0000	0.0000	0.0000
G6378	0.0000	0.0000	0.0000	0.0000	0.0000	0.0000	0.0000	0.0000
G6379	1.0000	1.0000	1.0000	1.0000	1.0000	1.0000	1.0000	1.0000
G6380	1.0000	1.0000	1.0000	1.0000	1.0000	1.0000	1.0000	1.0000
G6381	1.0000	1.0000	1.0000	1.0000	1.0000	1.0000	1.0000	1.0000
G6382	1.0000	1.0000	1.0000	1.0000	1.0000	1.0000	1.0000	1.0000
G6383	1.0000	1.0000	1.0000	1.0000	1.0000	1.0000	1.0000	1.0000
G6384	0.0000	0.0000	0.0000	0.0000	0.0000	0.0000	0.0000	0.0000
G6385	0.0000	0.0000	0.0000	0.0000	0.0000	0.0000	0.0000	0.0000
G6386	0.0000	0.0000	0.0000	0.0000	0.0000	0.0000	0.0000	0.0000
G6387	0.0000	0.0000	0.0000	0.0000	0.0000	0.0000	0.0000	0.0000
G6389	5610.0000	5624.0952	5656.0000	5674.7273	5706.9524	5734.1818	5769.0952	5812.6364
G6390	5610.0000	5624.0952	5656.0000	5674.7273	5706.9524	5734.1818	5769.0952	5812.6364
G6391	608.0000	608.0000	608.1429	609.5000	613.0952	614.3182	619.8571	624.0000
G6392	1325.0000	1327.0000	1332.4762	1344.3182	1356.2381	1372.2273	1381.1905	1388.7727
G6393	0.0000	0.0000	0.0000	0.0000	0.0000	0.0000	0.0000	0.0000
G6394	0.0000	0.0000	0.0000	0.0000	0.0000	0.0000	0.0000	0.0000
G6395	0.0000	0.0000	0.0000	0.0000	0.0000	0.0000	0.0000	0.0000
G6396	5.0000	5.0000	5.0000	5.0000	5.0000	5.0000	4.4762	4.0000
G6397	0.0000	0.0000	0.0000	0.0000	0.0000	0.0000	0.0000	0.0000
G6398	0.0000	0.0000	0.0000	0.0000	0.0000	0.0000	0.0000	0.0000
G6399	0.0000	0.0000	0.0000	0.0000	0.0000	0.0000	0.0000	0.0000
G6400	0.0000	0.0000	0.0000	0.0000	0.0000	0.0000	0.0000	0.0000
G6401	0.0000	0.0000	0.0000	0.0000	0.0000	0.0000	0.0000	0.0000
G6402	0.0000	0.0000	0.0000	0.0000	0.0000	0.9091	1.0000	0.2273
G6403	0.0000	0.0000	0.0000	0.1818	0.9524	0.0000	0.0000	0.0000
G6404	0.0000	0.0000	0.0000	0.0000	0.0000	0.0000	0.0000	0.0000
G6405	0.0000	0.0000	0.0000	0.0000	0.0000	0.0000	0.0000	0.0000
G6406	0.0000	0.0000	0.0000	0.0000	0.0000	0.0000	0.0000	0.0000
G6407	0.0000	0.0000	0.0000	0.0000	0.0000	0.0000	0.0000	0.0000
G6408	0.0000	0.0000	0.0000	0.0000	0.0000	0.0000	0.0000	0.0000
G6409	0.0000	0.0000	0.0000	0.0000	0.0000	0.0000	0.0000	0.0000
G6410	0.0000	0.0000	0.0000	0.0000	0.0000	0.0000	0.0000	0.0000
G6411	0.0000	0.0000	0.0000	0.0000	0.0000	0.0000	0.0000	0.0000
G6412	0.0000	0.0000	0.0000	0.0000	0.0000	0.0000	0.0000	0.0000
G6413	1.0000	1.0000	1.0000	1.0000	1.0000	1.0000	1.0000	1.0000
G6414	6.0000	6.0000	6.0000	6.0000	6.7619	7.0000	7.0000	5.3636
G6415	0.0000	0.0000	0.0000	0.0000	0.0000	0.0000	0.0000	0.0000
G6416	0.0000	0.0000	0.0000	0.0000	0.0000	0.0000	0.0000	0.0000
G6417	0.0000	0.0000	0.0000	0.0000	0.0000	0.0000	0.0000	0.0000
G6418	0.0000	0.0000	0.0000	0.0000	0.0000	0.0000	0.0000	0.0000
G6420	0.0000	0.2381	1.0000	1.0000	1.0000	1.0000	0.6190	0.0000
G6421	0.0000	0.2381	1.0000	1.0000	1.0000	1.0000	0.6190	0.0000
G6422	2.0000	1.5714	1.0000	1.0000	1.0000	1.0000	1.5714	1.0000
G6423	0.0000	0.0000	0.0000	0.0000	0.0000	0.0000	0.0000	0.0000
G6424	0.0000	0.0000	0.0000	0.0000	0.0000	0.0000	0.0000	0.0000
G6425	0.0000	0.0000	0.0000	0.0000	0.0000	0.0000	0.0000	0.0000
G6426	0.0000	0.0000	0.0000	0.0000	0.0000	0.0000	0.0000	0.0000
G6427	0.0000	0.0000	0.0000	0.0000	0.0000	0.0000	0.0000	0.0000
G6428	0.0000	0.3810	1.0000	1.0000	0.2857	0.0000	0.0000	0.0000
G6429	0.0000	0.0000	0.0000	0.0000	0.0000	0.0000	0.0000	0.0000
G6430	0.0000	0.0000	0.0000	0.0000	0.0000	0.0000	0.0000	0.0000
G6431	0.0000	0.0000	0.0000	0.0000	0.0000	0.0000	0.0000	0.0000
G6432	0.0000	0.0000	0.0000	0.0000	0.0000	0.0000	0.0000	0.0000
G6433	0.0000	0.0000	0.0000	0.0000	0.0000	0.0000	0.0000	0.0000
G6434	0.0000	0.0000	0.0000	0.0000	0.0000	0.0000	0.0000	0.0000
G6435	0.0000	0.0000	0.0000	0.0000	0.0000	0.0000	0.0000	0.0000
G6436	0.0000	0.0000	0.0000	0.0000	0.0000	0.0000	0.0000	0.0000
G6437	0.0000	0.0000	0.0000	0.0000	0.0000	0.0000	0.0000	0.0000
G6438	1.0000	1.0000	1.0000	1.0000	1.0000	1.0000	1.0000	1.0000
G6439	1.0000	1.0000	0.8095	0.0000	0.0000	0.0000	0.0000	0.0000
G6440	0.0000	0.0000	0.0000	0.0000	0.0000	0.0000	0.0000	0.0000
G6441	0.0000	0.0000	0.0000	0.0000	0.0000	0.0000	0.0000	0.0000
G6442	0.0000	0.0000	0.0000	0.0000	0.0000	0.0000	0.0000	0.0000
G6443	0.0000	0.0000	0.0000	0.0000	0.0000	0.0000	0.0000	0.0000
G6444	1.0000	1.0000	1.0000	1.0000	0.9048	0.0000	0.0000	0.0000
G6445	0.0000	0.0000	0.0000	0.0000	0.0000	0.0000	0.0000	0.0000
G6446	0.0000	0.0000	0.0000	0.0000	0.0000	0.0000	0.0000	0.0000
G6447	0.0000	0.0000	0.0000	0.0000	0.2857	2.0000	2.4286	2.4545
G6448	0.0000	0.0000	0.0000	0.0000	0.0000	0.0000	0.0000	0.0000
G6449	0.0000	0.0000	0.0000	0.0000	0.0000	0.0000	0.0000	0.0000
G6450	0.0000	0.0000	0.0000	0.0000	0.0000	0.0000	0.0000	0.0000
G6451	0.0000	0.0000	0.0000	0.0000	0.0000	0.0000	0.0000	0.0000
G6452	0.0000	0.0000	0.0000	0.0000	0.0000	0.0000	0.0000	0.0000
G6453	1.0000	1.0000	1.0000	1.0000	1.0000	1.0000	1.0000	1.0000
G6454	0.0000	0.0000	0.0000	0.0000	0.0000	0.0000	0.0000	0.0000
G6455	0.0000	0.0000	0.0000	0.0000	0.0000	0.0000	0.0000	0.0000
G6456	0.0000	0.0000	0.0000	0.0000	0.0000	0.0000	0.0000	0.0000
G6457	0.0000	0.0000	0.0000	0.0000	0.0000	0.0000	0.0000	0.0000
G6458	0.0000	0.0000	0.0000	0.0000	0.0000	0.0000	0.0000	0.0000
G6459	0.0000	0.0000	0.0000	0.0000	0.0000	0.0000	0.0000	0.0000
G6460	0.0000	0.0000	0.0000	0.0000	0.0000	0.6364	2.0000	2.0000
G6461	0.0000	0.0000	0.0000	0.0000	0.0000	0.0000	0.0000	0.0000
G6462	0.0000	0.0000	0.0000	0.0000	0.0000	0.0000	0.0000	0.0000
G6463	0.0000	0.0000	0.0000	0.0000	0.5238	0.4091	0.7143	1.0000
G6464	0.0000	0.0000	0.0000	0.0000	0.0000	0.0000	0.0000	0.0000
G6465	0.0000	0.0000	0.0000	0.0000	0.0000	0.0000	0.0000	0.0000
G6466	0.0000	0.0000	0.0000	0.0000	0.0000	0.0000	0.0000	0.0000
G6467	0.0000	0.0000	0.0000	0.0000	0.0000	0.0000	0.0000	0.0000
G6468	0.0000	0.0000	0.0000	0.0000	0.0000	0.0000	0.0000	0.0000
G6469	0.0000	0.0000	0.0000	0.0000	0.0000	0.0000	0.0000	0.0000
G6470	0.0000	0.0000	0.0000	0.0000	0.0000	0.0000	0.0000	0.0000
G6471	0.0000	0.0000	0.0000	0.0000	0.0000	0.0000	0.0000	0.0000
G6472	0.0000	0.0952	1.0000	1.5455	2.0000	2.0000	2.0000	2.0000
G6473	0.0000	0.0000	0.0000	0.0000	0.0000	0.0000	0.0000	0.0000
G6474	1.0000	1.0000	1.0000	1.0000	1.0000	1.0000	1.0000	1.0000
G6475	1.0000	1.0000	1.0000	1.0000	1.0000	1.0000	1.0000	1.0000
G6476	0.0000	0.0000	0.0000	0.0000	0.0000	0.0000	0.0000	0.0000
G6477	0.0000	0.0000	0.0000	0.0000	0.0000	0.0000	0.0000	0.0000
G6478	0.0000	0.0000	0.0000	0.0000	0.0000	0.0000	0.0000	0.0000
G6479	0.0000	0.0000	0.0000	0.0000	0.0000	0.0000	0.0000	0.0000
G6480	0.0000	0.0000	0.0000	0.0000	0.0000	0.0000	0.0000	0.0000
G6481	0.0000	0.0000	0.0000	0.0000	0.0000	0.0000	0.0000	0.0000
G6482	0.0000	0.0000	0.0000	0.0000	0.0000	0.0000	0.0000	0.0000
G6483	0.0000	0.0000	0.0000	0.0000	0.0000	0.0000	0.0000	0.0000
G6484	0.0000	0.0000	0.0000	0.0000	0.0000	0.0000	0.0000	0.0000
G6485	0.0000	0.0000	0.0000	0.0000	0.0000	0.0000	0.0000	0.0000
G6486	0.0000	0.0000	0.0000	0.0000	0.0000	0.0000	0.0000	0.0000
G6487	0.0000	0.0000	0.0000	0.0000	0.0000	0.0000	0.0000	0.0000
G6488	0.0000	0.7143	1.0000	0.4545	0.0000	0.0000	0.0000	0.0000
G6489	0.0000	0.7143	1.0000	0.4545	0.0000	0.0000	0.0000	0.0000
G6490	1.0000	1.0000	1.0000	1.0000	1.0000	1.0000	1.0000	1.0000
G6491	1.0000	1.0000	1.0000	1.0000	1.0000	1.0000	1.0000	1.0000
G6492	1.0000	1.0000	1.0000	1.0000	1.0000	1.0000	1.0000	1.0000
G6493	0.0000	0.0000	0.0000	0.0000	0.0000	0.0000	0.0000	0.0000
G6494	0.0000	0.0000	0.0000	0.0000	0.0000	0.0000	0.0000	0.0000
G6495	0.0000	0.0000	0.0000	0.0000	0.0000	0.0000	0.0000	0.0000
G6496	0.0000	0.0000	0.0000	0.0000	0.0000	0.0000	0.0000	0.0000
G6497	0.0000	0.0000	0.8571	1.0000	1.9524	1.6818	0.2381	0.0000
G6498	0.0000	0.0000	0.0000	0.0000	0.0000	0.0000	0.0000	0.0000
G6499	1.0000	1.0000	1.0000	1.0000	0.0476	0.0000	0.0000	0.0000
G6500	1.0000	1.0000	1.0000	1.0000	1.0000	1.0000	1.0000	1.0000
G6501	0.0000	0.0000	0.0000	0.0000	0.3333	1.0000	0.4762	0.0000
G6502	0.0000	0.0000	0.0000	0.0000	0.0000	0.0000	0.0000	0.0000
G6503	0.0000	0.0000	0.0000	0.0000	0.0000	0.0000	0.0000	0.0000
G6504	0.0000	0.0000	0.0000	0.0000	0.0000	0.0000	0.0000	0.0000
G6505	0.0000	0.0000	0.0000	0.0000	0.0000	0.0000	0.0000	0.0000
G6506	0.0000	0.0000	0.0000	0.0000	0.0000	0.0000	0.0000	0.0000
G6507	0.0000	0.0000	0.0000	0.0000	0.0000	0.0000	0.0000	0.0000
G6508	0.0000	0.0000	0.0000	0.0000	0.0000	0.0000	0.0000	0.0000
G6509	0.0000	0.0000	0.0000	0.0000	0.0000	0.0000	0.0000	0.0000
G6510	0.0000	0.0000	0.0000	0.0000	0.0000	0.0000	0.0000	0.0000
G6511	0.0000	0.0000	0.0000	0.0000	0.0000	0.0000	0.0000	0.0000
G6512	0.0000	0.0000	0.0000	0.0000	0.0000	0.0000	0.0000	0.0000
G6513	0.0000	0.0000	0.0000	0.0000	0.0000	0.0000	0.0000	0.0000
G6514	0.0000	0.0000	0.0000	0.0000	0.0000	0.0000	0.0000	0.0000
G6515	0.0000	0.0000	0.0000	0.0000	0.0000	0.0000	0.0000	0.0000
G6517	0.0000	0.0000	0.0000	0.0000	0.0000	0.0000	0.0000	0.0000
G6518	0.0000	0.0000	0.0000	0.0000	0.0000	0.0000	0.0000	0.0000
G6519	0.0000	0.0000	0.0000	0.0000	0.0000	0.0000	0.0000	0.0000
G6520	0.0000	0.0000	0.0000	0.0000	0.0000	0.0000	0.0000	0.0000
G6521	0.0000	0.0000	0.0000	0.0000	0.0000	0.0000	0.0000	0.0000
G6522	0.0000	0.0000	0.0000	0.0000	0.0000	0.0000	0.0000	0.0000
G6523	0.0000	0.0000	0.0000	0.0000	0.0000	0.0000	0.0000	0.0000
G6527	0.0000	0.0000	0.3333	1.0000	1.2857	2.0000	2.0000	1.1818
G6528	0.0000	0.0000	0.0000	0.0000	0.0000	0.0000	0.0000	0.0000
G6529	0.0000	0.0000	0.0000	0.0000	0.0000	0.0000	0.0000	0.0000
G6530	0.0000	0.0000	0.0000	0.0000	0.0000	0.0000	0.0000	0.0000
G6531	0.0000	0.0000	0.0000	0.0000	0.0000	0.0000	0.0000	0.0000
G6532	0.0000	0.0000	0.0000	0.0000	0.0000	0.0000	0.0000	0.0000
G6533	0.0000	0.0000	0.0000	0.0000	0.0000	0.0000	0.0000	0.0000
G6534	0.0000	0.0000	0.0000	0.0000	0.0000	0.0000	0.0000	0.0000
G6535	0.0000	0.0000	0.0000	0.0000	0.0000	0.0000	0.0000	0.0000
G6536	0.0000	0.0000	0.0000	0.0000	0.0000	0.0000	0.0000	0.0000
G6539	0.0000	0.0000	0.0000	0.0000	0.0000	0.0000	0.0000	0.0000
G6540	1.0000	1.0000	1.0000	0.7727	0.0000	0.0000	0.0000	0.0000
G6541	1.0000	1.0000	1.0000	0.7727	0.0000	0.0000	0.0000	0.0000
G6542	0.0000	0.0000	0.0000	0.0000	0.0000	0.0000	0.0000	0.0000
G6543	0.0000	0.0000	0.0000	0.0000	0.0000	0.6364	1.0000	1.0000
G6544	0.0000	0.0000	0.0000	0.0000	0.0000	0.6364	1.0000	1.0000
G6545	0.0000	0.0000	0.0000	0.0000	0.0000	0.6364	1.0000	1.0000
G6546	0.0000	0.0000	0.0000	0.0000	0.0000	0.6364	1.0000	1.0000
G6547	0.0000	0.0000	0.0000	0.0000	0.0000	0.0000	0.0000	0.0000
G6548	0.0000	0.0000	0.0000	0.0000	0.0000	0.0000	0.0000	0.0000
G6549	0.0000	0.0000	0.0000	0.0000	0.0000	0.0000	0.0000	0.0000
G6550	0.0000	0.0000	0.0000	0.0000	0.0000	0.0000	0.0000	0.0000
G6551	0.0000	0.0000	0.0000	0.0000	0.0000	0.0000	0.0000	0.0000
G6552	0.0000	0.0000	0.0000	0.0000	0.0000	0.0000	0.0000	0.0000
G6554	0.0000	0.0000	0.0000	0.0000	0.0000	0.0000	0.0000	0.0000
G6555	0.0000	0.0000	0.0000	0.0000	0.0000	0.0000	0.0000	0.0000
G6556	0.0000	0.0000	0.0000	0.0000	0.0000	0.0000	0.0000	0.0000
G6557	0.0000	0.0000	0.0000	0.0000	0.0000	0.0000	0.0000	0.0000
G6558	0.0000	0.0000	0.0000	0.0000	0.0000	0.0000	0.0000	0.0000
G6559	0.0000	0.0000	0.0000	0.0000	0.0000	0.0000	0.0000	0.0000
G6560	0.0000	0.0000	0.0000	0.0000	0.0000	0.0000	0.0000	0.0000
G6561	0.0000	0.0000	0.0000	0.0000	0.0000	0.0000	0.0000	0.0000
G6562	5.0000	4.5238	4.0000	2.9091	2.0000	2.0000	2.0000	2.0000
G6563	0.0000	0.0000	0.0000	0.7727	1.0000	1.0000	1.0000	0.0909
G6564	2.0000	2.0000	2.0000	2.0000	2.0000	3.0000	3.6190	3.0000
G6565	2.0000	2.0000	2.0000	2.0000	2.0000	3.0000	3.6190	3.0000
G6566	2.0000	2.0000	2.0000	2.0000	2.0000	3.0000	3.6190	3.0000
G6567	2.0000	2.0000	2.0000	2.0000	2.0000	3.0000	3.6190	3.0000
G6568	2.0000	2.0000	2.0000	2.0000	2.0000	3.0000	3.6190	3.0000
G6569	0.0000	0.0000	0.0000	0.0000	0.0000	0.0000	0.0000	0.0000
G6570	1.0000	1.0000	1.0000	1.0000	1.0000	1.0000	1.0000	1.0000
G6571	0.0000	0.0000	0.0000	0.0000	0.0000	0.0000	0.0000	0.0000
G6572	0.0000	0.0000	0.0000	0.0000	0.0000	0.0000	0.0000	0.0000
G6573	0.0000	0.1429	1.0000	1.0000	1.0000	0.1364	0.0000	0.0000
G6574	0.0000	0.1429	1.0000	1.0000	1.0000	0.1364	0.0000	0.0000
G6575	0.0000	0.1429	1.0000	1.0000	1.0000	0.1364	0.0000	0.0000
G6576	0.0000	0.0000	0.0000	0.0000	0.0000	0.0000	0.0000	0.0000
G6577	0.0000	0.0000	0.0000	0.0000	0.0000	0.0000	0.0000	0.0000
G6578	0.0000	0.0000	0.0000	0.0000	0.0000	0.0000	0.0000	0.0000
G6579	0.0000	0.0000	0.0000	0.0000	0.0000	0.0000	0.0000	0.0000
G6580	1.0000	1.0000	1.0000	1.0000	1.0000	1.0000	1.0000	1.0000
G6581	1.0000	1.0000	1.0000	1.0000	1.0000	1.0000	1.0000	1.0000
G6582	0.0000	0.0000	0.0000	0.0000	0.0000	0.0000	0.0000	0.0000
G6583	0.0000	0.0000	0.0000	0.0000	0.0000	0.0000	0.0000	0.0000
G6585	0.0000	0.0000	0.0000	0.0000	0.0000	0.0000	0.0000	0.0000
G6586	0.0000	0.0000	0.0000	0.0000	0.0000	0.0000	0.0000	0.0000
G6587	0.0000	0.0000	0.0000	0.0000	0.0000	0.0000	0.0000	0.0000
G6588	0.0000	0.0000	0.0000	0.0000	0.0000	0.0000	0.0000	0.0000
G6589	1.0000	1.0000	1.0000	0.7727	0.4762	1.0000	1.0000	1.0000
G6590	0.0000	0.0000	0.0000	0.0000	0.0000	0.0000	0.0000	0.0000
G6591	0.0000	0.0000	0.0000	0.0000	0.0000	0.0000	0.0000	0.0000
G6592	0.0000	0.0000	0.0000	0.0000	0.0000	0.0000	0.0000	0.0000
G6593	0.0000	0.0000	0.0000	0.0000	0.0000	0.0000	0.0000	0.0000
G6594	0.0000	0.0000	0.0000	0.0000	0.0000	0.0000	0.0000	0.0000
G6595	0.0000	0.0000	0.0000	0.0000	0.0000	0.0000	0.0000	0.0000
G6596	0.0000	0.0000	0.0000	0.0000	0.0000	0.0000	0.0000	0.0000
G6597	0.0000	0.0000	0.0000	0.0000	0.0000	0.0000	0.0000	0.0000
G6598	0.0000	0.0000	0.0000	0.0000	0.0000	0.0000	0.0000	0.0000
G6599	0.0000	0.0000	0.0000	0.0000	0.0000	0.0000	0.0000	0.0000
G6600	0.0000	0.0000	0.0000	0.0000	0.0000	0.0000	0.0000	0.0000
G6601	0.0000	0.0000	0.0000	0.0000	0.0000	0.0000	0.0000	0.0000
G6602	0.0000	0.0000	0.0000	0.0000	0.0000	0.0000	0.0000	0.0000
G6603	0.0000	0.0000	0.0000	0.0000	0.0000	0.0000	0.0000	0.0000
G6604	1.0000	1.0000	1.0000	1.0000	1.0000	1.0000	1.0000	1.0000
G6605	0.0000	0.0000	0.0000	0.0000	0.0000	0.0000	0.0000	0.0000
G6606	0.0000	0.0000	0.0000	0.0000	0.0000	0.0000	0.0000	0.0000
G6607	0.0000	0.0000	0.0000	0.0000	0.0000	0.0000	0.0000	0.0000
G6608	0.0000	0.0000	0.0000	0.0000	0.0000	0.0000	0.0000	0.0000
G6611	0.0000	0.0000	0.0000	0.0000	0.0000	0.0000	0.0000	0.0000
G6612	0.0000	0.0000	0.0000	0.0000	0.0000	0.0000	0.0000	0.0000
G6614	1.0000	1.0000	1.0000	1.0000	1.0000	1.0000	1.0000	1.0000
G6615	0.0000	0.0000	0.0000	0.0000	0.0000	0.0000	0.0000	0.0000
G6616	1.0000	1.0000	1.0000	1.0000	1.0000	1.0000	1.0000	1.0909
G6617	1.0000	1.0000	1.0000	1.0000	1.0000	0.0000	0.0000	0.0000
G6618	0.0000	0.0000	0.0000	0.0000	0.0000	0.0000	0.3333	1.0000
G6619	0.0000	0.0000	0.0000	0.0000	0.0000	0.0000	0.0000	0.0000
G6620	0.0000	0.0000	0.0000	0.0000	0.0000	0.0000	0.0000	0.0000
G6621	0.0000	0.0000	0.0000	0.0000	0.0000	0.0000	0.0000	0.0000
G6622	0.0000	0.0000	0.0000	0.0909	1.0000	1.0000	1.0000	1.0000
G6623	6.0000	6.0000	6.0000	6.0000	6.0000	6.0000	6.0000	6.0000
G6624	0.0000	0.0000	0.0000	0.0000	0.0000	0.0000	0.0000	0.0000
G6625	0.0000	0.0000	0.0000	0.0000	0.0000	0.0000	0.0000	0.0000
G6626	0.0000	0.0000	0.0000	0.0000	0.0000	0.0000	0.0000	0.0000
G6627	0.0000	0.0000	0.0000	0.0000	0.0000	0.0000	0.0000	0.0000
G6628	1.0000	1.0000	1.0000	1.0000	1.0000	1.0000	1.0000	1.0000
G6629	1.0000	1.0000	1.0000	1.0000	1.0000	1.0000	1.0000	1.0000
G6630	0.0000	0.0000	0.0000	0.0000	0.0000	0.0000	0.0000	0.5909
G6631	0.0000	0.0000	0.0000	0.0000	0.0000	0.0000	0.0000	0.0000
G6633	4.0000	4.0000	2.8571	1.0000	1.0000	0.5909	0.0000	0.0000
G6634	0.0000	0.0000	0.0000	0.0000	0.0000	0.0000	0.0000	0.0000
G6635	0.0000	0.0000	0.0000	0.0000	0.0000	0.0000	0.0000	0.0000
G6636	0.0000	0.0000	0.0000	0.0000	0.0000	0.0000	0.0000	0.0000
G6637	1.0000	1.0000	1.0000	1.0000	1.0000	0.5455	0.0000	0.0000
G6638	0.0000	0.0000	0.0000	0.8636	1.0000	1.0000	1.0000	1.0000
G6639	0.0000	0.0000	0.0000	0.0000	0.0000	0.0000	0.0000	0.0000
G6640	2.0000	2.0000	2.0000	2.0000	2.0000	2.0000	2.0000	2.0000
G6641	0.0000	0.0000	0.0000	0.0000	0.0000	0.0000	0.0000	0.0000
G6642	0.0000	0.0000	0.0000	0.0000	0.0000	0.0000	0.0000	0.8636
G6643	0.0000	0.0000	0.0000	0.0000	0.0000	0.0000	0.0000	0.0000
G6644	0.0000	0.0000	0.0000	0.0000	0.0000	0.0000	0.0000	0.0000
G6645	1.0000	1.0000	1.0000	1.0000	1.0000	1.0000	1.0000	1.0000
G6646	1.0000	1.0000	1.0000	1.0000	1.0000	1.0000	1.0000	1.0000
G6647	0.0000	0.0000	0.0000	0.0000	0.0000	0.0000	0.0000	0.0000
G6648	0.0000	0.0000	0.0000	0.0000	0.0000	0.0000	0.0000	0.0000
G6649	0.0000	0.0000	0.0000	0.0000	0.0000	0.0000	0.0000	0.0000
G6650	0.0000	0.0000	0.0000	0.0000	0.0000	0.0000	0.0000	0.0000
G6651	0.0000	0.0000	0.0000	0.0000	0.0000	0.0000	0.0000	0.0000
G6652	0.0000	0.0000	0.0000	0.0000	0.0000	0.0000	0.0000	0.0000
G6653	0.0000	0.0000	0.0000	0.0000	0.0000	0.0000	0.0000	0.0000
G6654	0.0000	0.0000	0.0000	0.0000	0.0000	0.0000	0.0000	0.0000
G6655	0.0000	0.0000	0.0000	0.0000	0.0000	0.0000	0.0000	0.0000
G6656	0.0000	0.0000	0.0000	0.0000	0.0000	0.0000	0.0000	0.0000
G6657	0.0000	0.0000	0.0000	0.0000	0.0000	0.0000	0.0000	0.0000
G6658	0.0000	0.0000	0.0000	0.0000	0.0000	0.0000	0.0000	0.0000
G6659	0.0000	0.0000	0.0000	0.0000	0.0000	0.0000	0.0000	0.0000
G6660	14.0000	13.5714	11.8571	11.0000	10.8095	11.0000	11.0000	11.0000
G6661	0.0000	0.0000	0.0000	0.0000	0.0000	0.0000	0.0000	0.0000
G6662	0.0000	0.0000	0.0000	0.0000	0.0000	0.0000	0.0000	0.0000
G6663	0.0000	0.0000	0.0000	0.0000	0.0000	0.0000	0.0000	0.0000
G6664	0.0000	0.0000	0.0000	0.0000	0.0000	0.0000	0.0000	0.0000
G6665	0.0000	0.0000	0.0000	0.0000	0.0000	0.0000	0.0000	0.0000
G6666	0.0000	0.0000	0.0000	0.0000	0.0000	0.0000	0.0000	0.0000
G6667	1.0000	1.0000	1.0000	1.0000	1.8571	2.0000	2.0000	2.0000
G6668	0.0000	0.0000	0.0000	0.0000	0.0000	0.0000	0.0000	0.0000
G6669	0.0000	0.0000	0.0000	0.0000	0.0000	0.0000	0.0000	0.0000
G6670	0.0000	0.0000	0.0000	0.0000	0.0000	0.0000	0.0000	0.0000
G6671	0.0000	0.0000	0.0000	0.0000	0.0000	0.0000	0.0000	0.0000
G6672	0.0000	0.0000	0.0000	0.0000	0.0000	0.0000	0.0000	0.0000
G6673	0.0000	0.0000	0.0000	0.0000	0.0000	0.0000	0.0000	0.0000
G6674	0.0000	0.0000	0.0000	0.0000	0.0000	0.0000	0.0000	0.0000
G6675	1.0000	1.0000	0.5714	0.0000	0.0000	0.0000	0.0000	0.0000
G6676	0.0000	0.0000	0.0000	0.0000	0.0000	0.0000	0.0000	0.0000
G6677	0.0000	0.0000	0.0000	0.0000	0.0000	0.0000	0.0000	0.0000
G6679	0.0000	0.0000	0.0000	0.0000	0.0000	0.0000	0.0000	0.0000
G6680	0.0000	0.0000	0.0000	0.0000	0.0000	0.0000	0.0000	0.0000
G6681	0.0000	0.0000	0.0000	0.0000	0.0000	0.0000	0.0000	0.0000
G6682	0.0000	0.0000	0.0000	0.0000	0.0000	0.0000	0.0000	0.0000
G6683	0.0000	0.0000	0.0000	0.0000	0.0000	0.0000	0.0000	0.0000
G6684	0.0000	0.0000	0.0000	0.0000	0.0000	0.0000	0.0000	0.0000
G6685	0.0000	0.0000	0.0000	0.0000	0.0000	0.0000	0.0000	0.0000
G6686	0.0000	0.0000	0.0000	0.0000	0.0000	0.0000	0.0000	0.0000
G6688	0.0000	0.0000	0.0000	0.0000	0.0000	0.0000	0.0000	0.0000
G6689	0.0000	0.0000	0.0000	0.0000	0.0000	0.0000	0.0000	0.0000
G6691	0.0000	0.0000	0.0000	0.0000	0.0000	0.0000	0.0000	0.0000
G6692	0.0000	0.0000	0.0000	0.0000	0.0000	0.0000	0.0000	0.0000
G6693	0.0000	0.0000	0.0000	0.0000	0.0000	0.0000	0.0000	0.0000
G6694	0.0000	0.0000	0.0000	0.0000	0.0000	0.0000	0.0000	0.0000
G6695	0.0000	0.0000	0.0000	0.0000	0.0000	0.0000	0.0000	0.0000
G6696	0.0000	0.0000	0.0000	0.0000	0.0000	0.0000	0.0000	0.0000
G6697	0.0000	0.0000	0.0000	0.0000	0.0000	0.0000	0.0000	0.0000
G6698	0.0000	0.0000	0.0000	0.0000	0.0000	0.0000	0.0000	0.0000
G6699	0.0000	0.0000	0.0000	0.0000	0.0000	0.0000	0.0000	0.0000
G6700	0.0000	0.0000	0.0000	0.0000	0.0000	0.0000	0.0000	0.0000
G6701	0.0000	0.0000	0.0000	0.0000	0.0000	0.0000	0.0000	0.0000
G6702	1.0000	1.0000	1.0000	1.0000	1.0000	1.0000	1.0000	1.0000
G6703	0.0000	0.0000	0.0000	0.0000	0.0000	0.0000	0.0000	0.0000
G6704	0.0000	0.0000	0.0000	0.0000	0.0000	0.0000	0.0000	0.0000
G6705	0.0000	0.0000	0.0000	0.0000	0.0000	0.0000	0.0000	0.0000
G6706	0.0000	0.0000	0.0000	0.0000	0.0000	0.0000	0.0000	0.0000
G6708	0.0000	0.0000	0.0000	0.0000	0.0000	0.0000	0.0000	0.0000
G6709	0.0000	0.0000	0.0000	0.0000	0.0000	0.0000	0.0000	0.0000
G6710	0.0000	0.0000	0.0000	0.0000	0.0000	0.0000	0.0000	0.0000
G6711	0.0000	0.0000	0.0000	0.0000	0.0000	0.0000	0.0000	0.0000
G6712	0.0000	0.0000	0.0000	0.0000	0.0000	0.0000	0.0000	0.0000
G6713	0.0000	0.0000	0.0000	0.0000	0.0000	0.0000	0.0000	0.0000
G6714	0.0000	0.0000	0.0000	0.0000	0.0000	0.0000	0.0000	0.0000
G6715	0.0000	0.0000	0.0000	0.0000	0.0000	0.0000	0.0000	0.0000
G6716	0.0000	0.0000	0.0000	0.0000	0.0000	0.0000	0.0000	0.0000
G6717	0.0000	0.0000	0.0000	0.0000	0.0000	0.0000	0.0000	0.0000
G6718	0.0000	0.0000	0.0000	0.0000	0.0000	0.0000	0.0000	0.0000
G6719	0.0000	0.0000	0.0000	0.0000	0.0000	0.0000	0.0000	0.0000
G6720	0.0000	0.0000	0.0000	0.0000	0.0000	0.0000	0.0000	0.8636
G6721	0.0000	0.0000	0.0000	0.0000	0.0000	0.0000	0.0000	0.8636
G6723	0.0000	0.0000	0.0000	0.0000	0.0000	0.0000	0.0000	0.0000
G6724	0.0000	0.0000	0.0000	0.0000	0.0000	0.0000	0.0000	0.0000
G6725	0.0000	0.0000	0.0000	0.0000	0.0000	0.0000	0.0000	0.0000
G6727	0.0000	0.0000	0.0000	0.0000	0.0000	0.0000	0.0000	0.0000
G6728	0.0000	0.0000	0.0000	0.0000	0.0000	0.0000	0.0000	0.0000
G6729	0.0000	0.0000	0.0000	0.0000	0.0000	0.0000	0.0000	0.0000
G6730	0.0000	0.0000	0.0000	0.0000	0.0000	0.0000	0.0000	0.0000
G6731	0.0000	0.0000	0.0000	0.0000	0.0000	0.0000	0.0000	0.0000
G6732	1.0000	1.0000	1.0000	1.0000	1.0000	1.0000	1.0000	1.0000
G6736	0.0000	0.0000	0.0000	0.0000	0.0000	0.0000	0.0000	0.0000
G6737	3.0000	3.0000	2.8095	1.4091	0.0000	0.0000	0.0000	0.0000
G6738	0.0000	0.0000	0.0000	0.0000	0.0000	0.0000	0.0000	0.0000
G6741	0.0000	0.0000	0.0000	0.0000	0.0000	0.0000	0.0000	0.0000
G6742	0.0000	0.0000	0.0000	0.0000	0.0000	0.0000	0.0000	0.0000
G6743	0.0000	0.0000	0.0000	0.0000	0.0000	0.0000	0.0000	0.0000
G6744	0.0000	0.0000	0.0000	0.0000	0.0000	0.0000	0.0000	0.0000
G6745	0.0000	0.0000	0.0000	0.0000	0.0000	0.0000	0.0000	0.0000
G6746	0.0000	0.0000	0.0000	0.0000	0.0000	0.0000	0.0000	0.0000
G6747	0.0000	0.0000	0.0000	0.0000	0.0000	0.0000	0.0000	0.0000
G6749	1.0000	1.0000	1.0000	1.0000	1.0000	1.0000	1.0000	1.0000
G6750	0.0000	0.0000	0.0000	0.0000	0.0000	0.0000	0.0000	0.0000
G6751	0.0000	0.0000	0.0000	0.0000	0.0000	0.0000	0.0000	0.0000
G6752	0.0000	0.0000	0.0000	0.0000	0.0000	0.0000	0.0000	0.0000
G6753	0.0000	0.0000	0.0000	0.0000	0.0000	0.0000	0.0000	0.0000
G6754	0.0000	0.0000	0.0000	0.0000	0.0000	0.0000	0.0000	0.0000
G6755	0.0000	0.0000	0.0000	0.0000	0.0000	0.0000	0.0000	0.0000
G6756	0.0000	0.0000	0.0000	0.0000	0.0000	0.0000	0.0000	0.0000
G6757	0.0000	0.0000	0.0000	0.0000	0.0000	0.0000	0.7143	1.0000
G6758	0.0000	0.0000	0.0000	0.0000	0.0000	0.0000	0.0000	0.0000
G6759	0.0000	0.0000	0.0000	0.0000	0.0000	0.0000	0.0000	0.0000
G6760	1.0000	1.0000	1.0000	1.0000	1.0000	1.0000	1.0000	1.0000
G6761	0.0000	0.0000	0.0000	0.0000	0.0000	0.0000	0.0000	0.0000
G6762	0.0000	0.0000	0.0000	0.0000	0.0000	0.0000	0.0000	0.0000
G6763	6.0000	5.8095	6.0000	6.2273	6.0000	6.2273	6.3810	6.0000
G6764	0.0000	0.0000	0.0000	0.0000	0.0000	0.0000	0.0000	0.0000
G6765	0.0000	0.0000	0.0000	0.0000	0.0000	0.0000	0.0000	0.0000
G6766	0.0000	0.0000	0.0000	0.0000	0.0000	0.0000	0.0000	0.0000
G6769	0.0000	0.0000	0.0000	0.0000	0.0000	0.0000	0.0000	0.0000
G6770	0.0000	0.0000	0.0000	0.0000	0.0000	0.0000	0.0000	0.0000
G6771	0.0000	0.0000	0.0000	0.0000	0.0000	0.0000	0.0000	0.0000
G6772	0.0000	0.0000	0.0000	0.0000	0.0000	0.0000	0.0000	0.0000
G6773	0.0000	0.0000	0.0000	0.0000	0.0000	0.0000	0.0000	0.0000
G6774	0.0000	0.0000	0.0000	0.0000	0.0000	0.0000	0.0000	0.0000
G6775	1.0000	1.0000	1.0000	1.0000	1.0000	1.0000	1.0000	1.0000
G6776	0.0000	0.0000	0.0000	0.0000	0.0000	0.0000	0.0000	0.0000
G6777	0.0000	0.0000	0.0000	0.0000	0.0000	0.0000	0.0000	0.0000
G6778	0.0000	0.0000	0.0000	0.0000	0.0000	0.0000	0.0000	0.0000
G6779	0.0000	0.0000	0.0000	0.0000	0.0000	0.0000	0.0000	0.0000
G6780	0.0000	0.0000	0.0000	0.0000	0.0000	0.0000	0.0000	0.0000
G6781	0.0000	0.0000	0.0000	0.0000	0.0000	0.0000	0.0000	0.0000
G6782	0.0000	0.0000	0.0000	0.0000	0.0000	0.0000	0.0000	0.0000
G6783	0.0000	0.0000	0.0000	0.0000	0.0000	0.0000	0.0000	0.0000
G6784	0.0000	0.0000	0.0000	0.0000	0.0000	0.0000	0.0000	0.0000
G6785	1.0000	1.0000	1.0000	1.0000	1.0000	1.0000	1.0000	1.0000
G6786	1.0000	1.0000	1.0000	1.0000	1.0000	1.0000	1.0000	1.0000
G6787	0.0000	0.0000	0.0000	0.0000	0.0000	0.0000	0.0000	0.0000
G6788	0.0000	0.0000	0.0000	0.0000	0.0000	0.0000	0.0000	0.0000
G6789	0.0000	0.0000	0.0000	0.0000	0.0000	0.0000	0.0000	0.0000
G6790	0.0000	0.0000	0.0000	0.0000	0.0000	0.0000	0.0000	0.0000
G6791	0.0000	0.0000	0.0000	0.0000	0.0000	0.0000	0.0000	0.0000
G6792	0.0000	0.0000	0.0000	0.0000	0.0000	0.0000	0.0000	0.0000
G6793	0.0000	0.0000	0.0000	0.0000	0.0000	0.0000	0.0000	0.0000
G6794	0.0000	0.0000	0.0000	0.0000	0.0000	0.0000	0.0000	0.0000
G6795	0.0000	0.0000	0.0000	0.0000	0.0000	0.0000	0.0000	0.0000
G6798	0.0000	0.0000	0.0000	0.0000	0.0000	0.0000	0.0000	0.0000
G6799	0.0000	0.0000	0.0000	0.0000	0.0000	0.0000	0.0000	0.0000
G6800	0.0000	0.0000	0.0000	0.0000	0.0000	0.0000	0.0000	0.0000
G6801	0.0000	0.0000	0.0000	0.0000	0.0000	0.0000	0.0000	0.0000
G6802	0.0000	0.0000	0.0000	0.0000	0.0000	0.0000	0.0000	0.0000
G6803	0.0000	0.0000	0.0000	0.0000	0.0000	0.0000	0.0000	0.0000
G6804	0.0000	0.0000	0.0000	0.0000	0.0000	0.0000	0.0000	0.0000
G6805	0.0000	0.0000	0.0000	0.0000	0.0000	0.0000	0.0000	0.0000
G6806	0.0000	0.0000	0.0000	0.0000	0.0000	0.0000	0.0000	0.0000
G6807	0.0000	0.0000	0.0000	0.0000	0.0000	0.0000	0.0000	0.0000
G6808	0.0000	0.0000	0.0000	0.0000	0.0000	0.0000	0.0000	0.0000
G6809	0.0000	0.0000	0.0000	0.0000	0.0000	0.0000	0.0000	0.0000
G6810	0.0000	0.0000	0.0000	0.0000	0.0000	0.0000	0.0000	0.0000
G6811	0.0000	0.0000	0.0000	0.0000	0.0000	0.0000	0.0000	0.0000
G6812	0.0000	0.0000	0.0000	0.0000	0.0000	0.0000	0.0000	0.0000
G6813	0.0000	0.0000	0.0000	0.0000	0.0000	0.0000	0.0000	0.0000
G6814	0.0000	0.0000	0.0000	0.0000	0.0000	0.0000	0.0000	0.0000
G6815	1.0000	1.0000	1.0000	1.0000	1.0000	1.0000	1.0000	1.0000
G6816	0.0000	0.0000	0.0000	0.0000	0.0000	0.0000	0.0000	0.0000
G6817	0.0000	0.0000	0.0000	0.0000	0.0000	0.0000	0.0000	0.0000
G6818	0.0000	0.0000	0.0000	0.0000	0.0000	0.0000	0.0000	0.0000
G6819	0.0000	0.0000	0.0000	0.0000	0.0000	0.0000	0.0000	0.0000
G6820	0.0000	0.0000	0.0000	0.0000	0.0000	0.0000	0.0000	0.0000
G6821	0.0000	0.0000	0.0000	0.0000	0.0000	0.0000	0.0000	0.0000
G6822	0.0000	0.0000	0.0000	0.0000	0.0000	0.0000	0.0000	0.0000
G6823	5.0000	5.0000	5.0000	5.0000	5.0000	5.0000	5.0000	5.0000
G6824	0.0000	0.0000	0.0000	0.0000	0.0000	0.0000	0.0000	0.0000
G6825	0.0000	0.0000	0.0000	0.0000	0.0000	0.0000	0.0000	0.0000
G6826	0.0000	0.0000	0.0000	0.0000	0.0000	0.0000	0.0000	0.0000
G6827	0.0000	0.0000	0.0000	0.0000	0.0000	0.0000	0.0000	0.0000
G6828	0.0000	0.0000	0.0000	0.0000	0.0000	0.0000	0.0000	0.0000
G6829	0.0000	0.0000	0.0000	0.0000	0.0000	0.0000	0.0000	0.0000
G6830	0.0000	0.0000	0.0000	0.0000	0.0000	0.0000	0.0000	0.0000
G6831	0.0000	0.0000	0.0000	0.0000	0.0000	0.0000	0.0000	0.0000
G6832	0.0000	0.0000	0.0000	0.0000	0.0000	0.0000	0.0000	0.0000
G6833	2.0000	1.7619	1.0000	1.0000	1.0000	1.0000	1.0000	1.0000
G6834	0.0000	0.0000	0.0000	0.0000	0.0000	0.0000	0.0000	0.0000
G6835	0.0000	0.0000	0.0000	0.0000	0.0000	0.0000	0.0000	0.0000
G6836	0.0000	0.0000	0.0000	0.0000	0.0000	0.0000	0.0000	0.0000
G6837	0.0000	0.0000	0.0000	0.0000	0.0000	0.0000	0.0000	0.0000
G6838	0.0000	0.0000	0.0000	0.0000	0.0000	0.0000	0.0000	0.0000
G6839	0.0000	0.0000	0.0000	0.0000	0.0000	0.0000	0.0000	0.0000
G6840	0.0000	0.0000	0.0000	0.0000	0.0000	0.0000	0.0000	0.0000
G6841	0.0000	0.0000	0.0000	0.0000	0.0000	1.9091	0.6190	0.3636
G6842	0.0000	0.0000	0.0000	0.0000	0.0000	1.9091	0.6190	0.3636
G6843	0.0000	0.0000	0.0000	0.0000	0.0000	0.0000	0.0000	0.0000
G6844	1.0000	1.0000	1.0000	1.0000	1.0000	1.0000	1.0000	0.8182
G6845	0.0000	0.0000	0.0000	0.0000	0.0000	0.0000	0.0000	0.0000
G6846	0.0000	0.0000	0.0000	0.0000	0.0000	0.0000	0.0000	0.0000
G6847	0.0000	0.0000	0.0000	0.0000	0.0000	0.0000	0.0000	0.0000
G6848	0.0000	0.0000	0.0000	0.0000	0.0000	0.0000	0.0000	0.0000
G6849	0.0000	0.0000	0.0000	0.0000	0.0000	0.0000	0.0000	0.0000
G6850	0.0000	0.0000	0.0000	0.0000	0.0000	0.0000	0.0000	0.0000
G6851	0.0000	0.0000	0.0000	0.0000	0.0000	0.0000	0.0000	0.0000
G6852	0.0000	0.0000	0.0000	0.0000	0.0000	0.0000	0.0000	0.0000
G6853	0.0000	0.0000	0.0000	0.0000	0.0000	0.0000	0.0000	0.0000
G6854	0.0000	0.0000	0.0000	0.0000	0.0000	0.0000	0.0000	0.0000
G6855	0.0000	0.0000	0.0000	0.0000	0.0000	0.0000	0.0000	0.0000
G6856	0.0000	0.0000	0.0000	0.0000	0.0000	0.0000	0.0000	0.0000
G6857	0.0000	0.0000	0.0000	0.0000	0.0000	0.0000	0.0000	0.0000
G6858	0.0000	0.0000	0.0000	0.0000	0.0000	0.0000	0.0000	0.0000
G6859	0.0000	0.0000	0.0000	0.0000	0.0000	0.0000	0.0000	0.0000
G6860	1.0000	1.0000	1.0000	1.0000	1.0000	1.0000	1.0000	0.3636
G6861	0.0000	0.0000	0.0000	0.0000	0.0000	0.2273	1.0000	1.0000
G6862	0.0000	0.0000	0.0000	0.0000	0.0000	0.2273	1.0000	1.0000
G6863	0.0000	0.0000	0.0000	0.0000	0.0000	0.0000	0.0000	0.0000
G6864	1.0000	1.0000	0.0000	0.0000	0.0000	0.0000	0.0000	0.0000
G6865	0.0000	0.0000	0.0000	0.0000	0.0000	0.0000	0.0000	0.0000
G6866	0.0000	0.0000	0.0000	0.0000	0.0000	0.0000	0.0000	0.0000
G6867	0.0000	0.0000	0.0000	0.0000	0.0000	0.0000	0.0000	0.0000
G6868	1.0000	1.0000	1.0000	1.0000	1.0000	1.0000	1.0000	0.1364
G6869	0.0000	0.0000	0.0000	0.0000	0.0000	0.0000	0.0000	0.0000
G6870	0.0000	0.4762	1.0000	1.0000	0.9048	0.0000	0.0000	0.0000
G6871	0.0000	0.4762	1.0000	1.0000	0.9048	0.0000	0.0000	0.0000
G6872	0.0000	0.4762	1.0000	1.0000	0.9048	0.0000	0.0000	0.0000
G6873	0.0000	0.4762	1.0000	1.0000	0.9048	0.0000	0.0000	0.0000
G6874	0.0000	0.4762	1.0000	1.0000	0.9048	0.0000	0.0000	0.0000
G6875	0.0000	0.4762	1.0000	1.0000	0.9048	0.0000	0.0000	0.0000
G6876	0.0000	0.4762	1.0000	1.0000	0.9048	0.0000	0.0000	0.0000
G6877	0.0000	0.0000	0.0000	0.0000	0.0000	0.0000	0.0000	0.0000
G6878	0.0000	0.0000	0.0000	0.0000	0.0000	0.0000	0.0000	0.0000
G6879	0.0000	0.0000	0.0000	0.0000	0.0000	0.0000	0.0000	0.0000
G6880	0.0000	0.0000	0.0000	0.0000	0.0000	0.0000	0.0000	0.0000
G6881	7.0000	6.8095	7.0000	7.9091	7.1429	3.7727	1.7143	1.3636
G6882	1.0000	1.0000	1.0000	1.0000	1.0000	1.0000	1.0000	1.0000
G6883	1.0000	1.0000	1.0000	1.0000	1.0000	1.0000	1.0000	1.0000
G6884	1.0000	1.0000	1.0000	1.0000	1.0000	1.0000	1.0000	1.0000
G6885	1.0000	1.0000	1.0000	1.0000	1.0000	1.0000	1.0000	1.0000
G6886	1.0000	1.0000	1.0000	1.0000	1.0000	1.0000	1.0000	1.0000
G6887	0.0000	0.0000	0.0000	0.0000	0.0000	0.0000	0.0000	0.0000
G6888	0.0000	0.0000	0.0000	0.0000	0.0000	0.0000	0.0000	0.0000
G6889	0.0000	0.0000	0.0000	0.0000	0.0000	0.0000	0.0000	0.0000
G6890	0.0000	0.0000	0.0000	0.0000	0.0000	0.0000	0.0000	0.0000
G6891	0.0000	0.0000	0.0000	0.0000	0.8571	1.0000	1.0000	0.1818
G6892	0.0000	0.0000	0.0000	0.0000	0.0000	0.1818	1.0000	1.0000
G6893	0.0000	0.0000	0.0000	0.0000	0.0000	0.0000	0.0000	0.0000
G6894	0.0000	0.0000	0.0000	0.0000	0.0000	0.0000	0.0000	0.0000
G6895	5.0000	5.0000	5.0000	5.2273	6.0000	6.0000	5.0952	5.0000
G6896	0.0000	0.0000	0.0000	0.0000	0.0000	0.0000	0.0000	0.0000
G6897	0.0000	0.0000	0.0000	0.0000	0.0000	0.0000	0.0000	0.0000
G6898	0.0000	0.0000	0.0000	0.0000	0.0000	0.0000	0.0000	0.0000
G6899	0.0000	0.0000	0.0000	0.0000	0.0000	0.0000	0.0000	0.0000
G6900	0.0000	0.0000	0.0000	0.0000	0.0000	0.0000	0.0000	0.0000
G6901	0.0000	0.0000	0.0000	0.0000	0.0000	0.0000	0.0000	0.0000
G6902	0.0000	0.0000	0.0000	0.0000	0.0000	0.0000	0.0000	0.0000
G6903	1.0000	1.0000	1.0000	1.0000	1.0000	1.0000	1.4762	1.6364
G6904	1.0000	1.0000	1.0000	1.0000	1.0000	1.0000	1.0000	1.0000
G6905	0.0000	0.0000	0.0000	0.0000	0.0000	0.0000	0.0000	0.0000
G6906	0.0000	0.0000	0.0000	0.0000	0.0000	0.0000	0.0000	0.0000
G6907	0.0000	0.0000	0.0000	0.0000	0.0000	0.0000	0.0000	0.0000
G6908	0.0000	0.0000	0.0000	0.0000	0.0000	0.0000	0.0000	0.0000
G6909	0.0000	0.0000	0.0000	0.0000	0.0000	0.0000	0.0000	0.0000
G6911	0.0000	0.0000	0.0000	0.0000	0.0000	0.0000	0.0000	0.0000
G6912	0.0000	0.0000	0.0000	0.0000	0.0000	0.0000	0.0000	0.0000
G6913	0.0000	0.0000	0.0000	0.0000	0.0000	0.0000	0.0000	0.0000
G6914	0.0000	0.0000	0.0000	0.0000	0.0000	0.0000	0.0000	0.0000
G6915	0.0000	0.0000	0.0000	0.0000	0.0000	0.0000	0.0000	0.0000
G6916	0.0000	0.0000	0.0000	0.0000	0.0000	0.0000	0.0000	0.0000
G6917	0.0000	0.0000	0.0000	0.0000	0.0000	0.0000	0.0000	0.0000
G6918	0.0000	0.0000	0.0000	0.0000	0.0000	0.0000	0.0000	0.0000
G6919	0.0000	0.0000	0.0000	0.0000	0.0000	0.0000	0.0000	0.0000
G6920	0.0000	0.0000	0.0000	0.0000	0.0000	0.0000	0.0000	0.0000
G6921	0.0000	0.0000	0.0000	0.0000	0.0000	0.0000	0.0000	0.0000
G6922	0.0000	0.0000	0.0000	0.0000	0.0000	0.0000	0.0000	0.0000
G6923	0.0000	0.0000	0.0000	0.0000	0.0000	0.0000	0.0000	0.0000
G6924	1.0000	1.0000	1.0000	0.9091	0.0000	0.3636	1.0000	1.0000
G6925	0.0000	0.0000	0.0000	0.0000	0.0000	0.0000	0.0000	0.0000
G6928	0.0000	0.0000	0.0000	0.0000	0.0000	0.0000	0.0000	0.0000
G6929	1.0000	1.0000	1.0000	1.0000	1.0000	1.0000	1.0000	1.0000
G6930	0.0000	0.0000	0.0000	0.0000	0.0000	0.0000	0.0000	0.0000
G6931	0.0000	0.0000	0.0000	0.0000	0.0000	0.0000	0.0000	0.0000
G6932	0.0000	0.0000	0.0000	0.8182	1.0000	1.0000	1.0000	1.0000
G6933	0.0000	0.0000	0.0000	0.0000	0.0000	0.0000	0.0000	0.0000
G6934	3.0000	3.0000	3.0000	3.0000	2.0000	2.0000	2.0000	1.7727
G6935	0.0000	0.0000	0.0000	0.0000	0.0000	0.0000	0.0000	0.0000
G6936	0.0000	0.0000	0.0000	0.0000	0.0000	0.0000	0.0000	0.0000
G6937	0.0000	0.0000	0.0000	0.0000	0.0000	0.0000	0.0000	0.0000
G6938	1.0000	1.0000	1.0000	1.0000	1.0000	1.0000	1.5714	2.0000
G6939	0.0000	0.0000	0.0000	0.0000	0.0000	0.0000	0.0000	0.0000
G6940	0.0000	0.0000	0.0000	0.0000	0.0000	0.0000	0.0000	0.0000
G6941	0.0000	0.0000	0.0000	0.0000	0.0000	0.0000	0.0000	0.0000
G6942	0.0000	0.0000	0.0000	0.0000	0.0000	0.0000	0.0000	0.0000
G6943	0.0000	0.0000	0.0000	0.0000	0.0000	0.0000	0.0000	0.0000
G6944	0.0000	0.0000	0.0000	0.0000	0.0000	0.0000	0.0000	0.0000
G6945	0.0000	0.0000	0.0000	0.0000	0.0000	0.0000	0.0000	0.0000
G6946	0.0000	0.0000	0.0000	0.0000	0.0000	0.0000	0.0000	0.0000
G6947	0.0000	0.0000	0.0000	0.0000	0.0000	0.0000	0.0000	0.0000
G6948	0.0000	0.0000	0.0000	0.0000	0.0000	0.0000	0.0000	0.0000
G6949	0.0000	0.0000	0.0000	0.0000	0.0000	0.0000	0.0000	0.0000
G6950	0.0000	0.0000	0.0000	0.0000	0.0000	0.0000	0.0000	0.0000
G6951	0.0000	0.0000	0.0000	0.0000	0.0000	0.0000	0.0000	0.0000
G6952	0.0000	0.0000	0.0000	0.0000	0.0000	0.0000	0.0000	0.0000
G6953	0.0000	0.0000	0.0000	0.0000	0.0000	0.0000	0.0000	0.0000
G6954	1.0000	1.0000	1.0000	1.0000	1.0000	1.0000	1.0000	1.0000
G6955	0.0000	0.0000	0.0000	0.0000	0.0000	0.0000	0.0000	0.0000
G6956	0.0000	0.0000	0.0000	0.0000	0.0000	0.0000	0.0000	0.0000
G6957	0.0000	0.0000	0.0000	0.0000	0.0000	0.0000	0.0000	0.0000
G6958	0.0000	0.0000	0.0000	0.0000	0.0000	0.0000	0.0000	0.0000
G6959	0.0000	0.0000	0.0000	0.0000	0.0000	0.0000	0.0000	0.0000
G6960	0.0000	0.0000	0.0000	0.0000	0.0000	0.0000	0.0000	0.0000
G6961	0.0000	0.0000	0.0000	0.0000	0.0000	0.0000	0.0000	0.0000
G6962	0.0000	0.0000	0.0000	0.0000	0.0000	0.0000	0.0000	0.0000
G6963	0.0000	0.0000	0.0000	0.0000	0.0000	0.0000	0.0000	0.0000
G6964	1.0000	1.0000	1.0000	1.0000	1.0000	1.0000	1.0000	1.0000
G6966	0.0000	0.0000	0.0000	0.0000	0.0000	0.0000	0.0000	0.0000
G6967	0.0000	0.0000	0.0000	0.0000	0.0000	0.0000	0.0000	0.0000
G6968	0.0000	0.0000	0.0000	0.0000	0.0000	0.0000	0.0000	0.0000
G6969	0.0000	0.0000	0.0000	0.0000	0.0000	0.0000	0.0000	0.0000
G6970	0.0000	0.0000	0.0000	0.0000	0.0000	0.0000	0.0000	0.0000
G6971	0.0000	0.0000	0.0000	0.0000	0.0000	0.0000	0.0000	0.0000
G6972	0.0000	0.0000	0.0000	0.0000	0.0000	0.0000	0.0000	0.0000
G6973	0.0000	0.0000	0.0000	0.0000	0.0000	0.0000	0.0000	0.0000
G6974	0.0000	0.0000	0.0000	0.0000	0.0000	0.0000	0.0000	0.0000
G6975	0.0000	0.0000	0.0000	0.0000	0.0000	0.0000	0.0000	0.0000
G6976	0.0000	0.0000	0.0000	0.0000	0.0000	0.0000	0.0000	0.0000
G6977	0.0000	0.0000	0.0000	0.0000	0.0000	0.0000	0.0000	0.0000
G6978	0.0000	0.0000	0.0000	0.0000	0.0000	0.0000	0.0000	0.0000
G6979	0.0000	0.0000	0.0000	0.0000	0.0000	0.0000	0.0000	0.0000
G6980	0.0000	0.0000	0.0000	0.0000	0.0000	0.0000	0.0000	0.0000
G6981	1.0000	1.0000	2.0000	2.1364	2.0000	2.0000	2.5714	3.7727
G6982	0.0000	0.0000	0.0000	0.0000	0.0000	0.0000	0.0000	0.0000
G6983	0.0000	0.0000	0.0000	0.0000	0.0000	0.0000	0.0000	0.0000
G6984	0.0000	0.0000	0.0000	0.0000	0.0000	0.0000	0.0000	0.0000
G6985	0.0000	0.0000	0.0000	0.0000	0.0000	0.0000	0.0000	0.0000
G6986	0.0000	0.0000	0.0000	0.0000	0.0000	0.0000	0.0000	0.0000
G6987	0.0000	0.0000	0.0000	0.0000	0.0000	0.0000	0.0000	0.0000
G6988	0.0000	0.0000	0.0000	0.0000	0.0000	0.0000	0.0000	0.0000
G6989	0.0000	0.0000	0.0000	0.0000	0.0000	0.0000	0.0000	0.0000
G6990	1.0000	1.0000	1.0000	1.0000	1.0000	1.0000	1.0000	0.8636
G6991	1.0000	1.0000	1.0000	1.0000	1.0000	1.0000	1.0000	0.8636
G6992	0.0000	0.0000	0.0000	0.0000	0.0000	0.0000	0.0000	0.0000
G6993	2.0000	2.5714	4.0000	3.6364	2.9048	2.1364	1.3333	1.0000
G6994	0.0000	0.0000	0.0000	0.0000	0.0000	0.0000	0.0000	0.0000
G6995	0.0000	0.0000	0.0000	0.0000	0.0000	0.0000	0.0000	0.0000
G6996	0.0000	0.0000	0.0000	0.0000	0.0000	0.0000	0.0000	0.0000
G6997	0.0000	0.0000	0.0000	0.0000	0.0000	0.0000	0.0000	0.0000
G6998	0.0000	0.0000	0.0000	0.0000	0.0000	0.0000	0.0000	0.0000
G6999	0.0000	0.0000	0.0000	0.0000	0.0000	0.0000	0.0000	0.0000
G7000	15.0000	13.6667	12.0952	11.5909	16.2381	17.3636	18.0000	14.4545
G7001	0.0000	0.0000	0.0000	0.0000	0.0000	0.0000	0.8095	1.0000
G7002	3.0000	2.7619	1.9524	1.0000	1.0000	1.3636	2.0000	2.0000
G7003	0.0000	0.0000	0.0000	0.0000	0.0000	0.0000	0.0000	0.0000
G7004	0.0000	0.0000	0.0000	0.0000	0.0000	0.0000	0.0000	0.0000
G7005	1.0000	1.0000	1.0000	1.0000	1.0000	1.0000	1.0000	1.0000
G7006	0.0000	0.0000	0.0000	0.0000	0.0000	0.0000	0.0000	0.0000
G7007	0.0000	0.0000	0.0000	0.0000	0.0000	0.0000	0.0000	0.0000
G7008	0.0000	0.0000	0.0000	0.0000	0.0000	0.0000	0.6190	1.0000
G7009	1.0000	0.1429	0.7619	1.0000	1.0000	1.0000	1.0000	1.0000
G7010	0.0000	0.0000	0.0000	0.0000	0.0000	0.0000	0.0000	0.0000
G7011	0.0000	0.0000	0.0000	0.0000	0.0000	0.0000	0.0000	0.0000
G7012	0.0000	0.0000	0.0000	0.0000	0.0000	0.0000	0.0000	0.0000
G7013	0.0000	0.0000	0.0000	0.0000	0.0000	0.0000	0.0000	0.0000
G7014	0.0000	0.0000	0.0000	0.0000	0.0000	0.0000	0.0000	0.0000
G7015	0.0000	0.0000	0.0000	0.0000	0.0000	0.0000	0.0000	0.0000
G7016	0.0000	0.0000	0.0000	0.0000	0.0000	0.0000	0.0000	0.0000
G7017	0.0000	0.0000	0.0000	0.0000	0.0000	0.0000	0.0000	0.0000
G7018	0.0000	0.0000	0.0000	0.0000	0.0000	0.0000	0.0000	0.0000
G7019	0.0000	0.0000	0.0000	0.0000	0.0000	0.0000	0.0000	0.0000
G7020	0.0000	0.0000	0.0000	0.0000	0.0000	0.0000	0.0000	0.0000
G7021	0.0000	0.0000	0.0000	0.0000	0.0000	0.0000	0.0000	0.0000
G7022	0.0000	0.0000	0.0000	0.0000	0.0000	0.0000	0.0000	0.0000
G7023	0.0000	0.0000	0.0000	0.0000	0.0000	0.0000	0.0000	0.0000
G7024	0.0000	0.0000	0.0000	0.0000	0.0000	0.0000	0.0000	0.0000
G7025	0.0000	0.0000	0.0000	0.0000	0.0000	0.0000	0.0000	0.0000
G7026	0.0000	0.0000	0.0000	0.0000	0.0000	0.0000	0.0000	0.0000
G7027	0.0000	0.0000	0.0000	0.0000	0.0000	0.0000	0.1429	0.0000
G7028	0.0000	0.0000	0.0000	0.0000	0.0000	0.0000	0.1429	0.0000
G7029	0.0000	0.0000	0.0000	0.0000	0.0000	0.0000	0.0000	0.0000
G7030	0.0000	0.0000	0.0000	0.0000	0.0000	0.0000	0.0000	0.0000
G7031	0.0000	0.0000	0.0000	0.0000	0.0000	0.0000	0.0000	0.0000
G7033	0.0000	0.0000	0.0000	0.0000	0.0000	0.0000	0.0000	0.0000
G7035	2.0000	1.1905	1.0000	1.0000	1.0000	1.0000	1.0000	1.0000
G7036	0.0000	0.0000	0.0000	0.0000	0.0000	0.0000	0.0000	0.0000
G7037	0.0000	0.0000	0.0000	0.0000	0.0000	0.0000	0.0000	0.0000
G7038	0.0000	0.0000	0.0000	0.0000	0.0000	0.0000	0.0000	0.0000
G7039	3.0000	3.0000	3.0000	3.0000	3.0000	3.4545	4.0000	4.0000
G7040	0.0000	0.0000	0.0000	0.0000	0.0000	0.0000	0.0000	0.0000
G7045	0.0000	0.0000	0.0000	0.0000	0.0000	0.0000	0.0000	0.0000
G7046	1.0000	1.0000	1.0000	1.0000	1.0000	1.0000	1.0000	1.0000
G7048	0.0000	0.0000	0.0000	0.0000	0.0000	0.0000	0.0000	0.0000
G7049	0.0000	0.0000	0.0000	0.0000	0.0000	0.0000	0.0000	0.0000
G7050	1.0000	1.0000	1.0000	1.0000	1.0000	1.0000	1.0000	1.0000
G7051	1.0000	1.0000	1.0000	0.3182	0.0000	0.0000	0.0000	0.0000
G7055	0.0000	0.0000	0.0000	0.0000	0.0000	0.0000	0.0000	0.0000
G7056	1.0000	1.0000	1.0000	1.0000	1.0000	1.0000	1.0000	1.0000
G7057	1.0000	1.0000	1.0000	1.0000	1.0000	1.0000	1.0000	1.0000
G7058	0.0000	0.0000	0.0000	0.0000	0.0000	0.0000	0.0000	0.0000
G7059	0.0000	0.0000	0.0000	0.0000	0.0000	0.0000	0.0000	0.0000
G7060	0.0000	0.0000	0.0000	0.0000	0.0000	0.0000	0.0000	0.0000
G7061	0.0000	0.0000	0.0000	0.0000	0.0000	0.0000	0.0000	0.0000
G7062	0.0000	0.0000	0.0000	0.0000	0.0000	0.0000	0.0000	0.0000
G7063	1.0000	1.0000	1.0000	1.0000	1.0000	1.0000	1.0000	1.0000
G7064	0.0000	0.0000	0.0000	0.0000	0.0000	0.0000	0.0000	0.0000
G7067	1.0000	1.0000	1.0000	1.0000	1.0000	1.0000	1.0000	1.2273
G7068	1.0000	0.5714	0.0000	0.1364	1.0000	1.0000	1.0000	1.0000
G7069	1822.0000	1825.3333	1832.7619	1842.8636	1852.9048	1867.2727	1879.2857	1892.9545
G7070	0.0000	0.0000	0.0000	0.0000	0.0000	0.0000	0.0000	0.0000
G7071	1.0000	1.0000	1.0000	1.0000	1.0000	1.0000	1.0000	1.0000
G7072	0.0000	0.0000	0.0000	0.0000	0.0000	0.0000	0.0000	0.0000
G7073	0.0000	0.0000	0.0000	0.0000	0.0000	0.0000	0.0000	0.0000
G7074	0.0000	0.0000	0.0000	0.0000	0.0000	0.0000	0.0000	0.0000
G7076	0.0000	0.2857	1.0000	1.0000	1.0000	1.0000	1.0000	1.0000
G7077	0.0000	0.2857	1.0000	1.0000	1.0000	1.0000	1.0000	1.0000
G7080	0.0000	0.0000	0.0000	0.0000	0.0000	0.0000	0.0000	0.0000
G7081	0.0000	0.0000	0.0000	0.0000	0.0000	0.0000	0.0000	0.0000
G7082	0.0000	0.0000	0.0000	0.0000	0.0000	0.0000	0.0000	0.0000
G7083	0.0000	0.0000	0.0000	0.0000	0.0000	0.0000	0.0000	0.0000
G7084	0.0000	0.0000	0.0000	0.0000	0.0000	0.0000	0.0000	0.0000
G7085	0.0000	0.0000	0.0000	0.0000	0.0000	0.0000	0.0000	0.0000
G7086	0.0000	0.0000	0.0000	0.0000	0.0000	0.0000	0.0000	0.0000
G7087	4.0000	4.8095	5.0952	6.2727	5.0952	5.0000	4.8571	5.0909
G7088	0.0000	0.0000	0.0000	0.0000	0.0000	0.0000	0.0000	0.0000
G7089	2.0000	2.0000	2.0000	2.0000	1.8095	1.0000	1.0000	1.0000
G7090	0.0000	0.0000	0.9048	0.4545	0.0000	0.0000	0.0000	0.0000
G7091	1.0000	0.8571	0.0000	0.0000	0.0000	0.0000	0.0000	0.0000
G7092	1.0000	1.0000	1.0000	0.1364	0.0000	0.0000	0.0000	0.0000
G7093	2.0000	1.3810	1.3333	1.1818	0.2857	0.0000	0.0000	0.0000
G7094	0.0000	0.0000	0.0000	0.0000	0.0000	0.0000	0.0000	0.0000
G7095	0.0000	0.0000	0.0000	0.0000	0.0000	0.0000	0.0000	0.0000
G7096	0.0000	0.0000	0.0000	0.0000	0.0000	0.0000	0.0000	0.0000
G7097	0.0000	0.0000	0.0000	0.0000	0.0000	0.0000	0.0000	0.0000
G7098	0.0000	0.0000	0.0000	0.0000	0.0000	0.0000	0.0000	0.0000
G7099	0.0000	0.0000	0.0000	0.0000	0.0000	0.0000	0.0000	0.0000
G7100	0.0000	0.0000	0.0000	0.0000	0.0000	0.0000	0.0000	0.0000
G7101	0.0000	0.0000	0.0000	0.0000	0.0000	0.0000	0.0000	0.0000
G7102	0.0000	0.0000	0.0000	0.0000	0.0000	0.0000	0.0000	0.0000
G7103	0.0000	0.0000	0.0000	0.0000	0.0000	0.0000	0.0000	0.0000
G7104	0.0000	0.0000	0.0000	0.0000	0.0000	0.0000	0.0000	0.0000
G7105	0.0000	0.0000	0.0000	0.0000	0.0000	0.0000	0.0000	0.0000
G7106	0.0000	0.0000	0.0000	0.0000	0.0000	0.0000	0.0000	0.0000
G7107	0.0000	0.0000	0.0000	0.0000	0.0000	0.0000	0.0000	0.0000
G7108	0.0000	0.0000	0.0000	0.0000	0.0000	0.0000	0.0000	0.0000
G7109	0.0000	0.0000	0.0000	0.0000	0.0000	0.0000	0.0000	0.0000
G7110	0.0000	0.0000	0.0000	0.0000	0.0000	0.0000	0.0000	0.0000
G7111	0.0000	0.0000	0.0000	0.0000	0.0000	0.0000	0.0000	0.0000
G7112	0.0000	0.0000	0.0000	0.0000	0.0000	0.0000	0.0000	0.0000
G7113	0.0000	0.0000	0.0000	0.0000	0.0000	0.0000	0.0000	0.0000
G7114	0.0000	0.0000	0.0000	0.0000	0.0000	0.0000	0.0000	0.0000
G7115	0.0000	0.0000	0.0000	0.0000	0.0000	0.0000	0.0000	0.0000
G7117	0.0000	0.0000	0.0000	0.0000	0.0000	0.0000	0.0000	0.0000
G7118	0.0000	0.0000	0.0000	0.0000	0.0000	0.0000	0.0000	0.0000
G7119	0.0000	0.0000	0.0000	0.0000	0.0000	0.0000	0.0000	0.0000
G7120	0.0000	0.0000	0.0000	0.0000	0.0000	0.0000	0.0000	0.0000
G7122	0.0000	0.0000	0.0000	0.0000	0.0000	0.0000	0.0000	0.0000
G7123	0.0000	0.0000	0.0000	0.0000	0.0000	0.0000	0.0000	0.0000
G7125	0.0000	0.0000	0.0000	0.0000	0.0000	0.0000	0.0000	0.0000
G7126	0.0000	0.0000	0.0000	0.0000	0.0000	0.0000	0.0000	0.0000
G7128	10.0000	9.7143	7.3810	7.0000	6.1905	6.0000	6.0000	6.0000
G7129	0.0000	0.0000	0.0000	0.0000	0.0000	0.0000	0.0000	0.0000
G7130	0.0000	0.0000	0.0000	0.0000	0.0000	0.0000	0.0000	0.0000
G7131	0.0000	0.0000	0.0000	0.0000	0.0000	0.0000	0.0000	0.0000
G7132	0.0000	0.0000	0.0000	0.0000	0.0000	0.0000	0.0000	0.0000
G7133	0.0000	0.0000	0.0000	0.0000	0.0000	0.0000	0.0000	0.0000
G7134	0.0000	0.0000	0.0000	0.0000	0.0000	0.0000	0.0000	0.0000
G7135	1.0000	1.0000	1.0000	1.0000	1.0000	1.0000	1.0000	1.0000
G7137	0.0000	0.0000	0.0000	0.0000	0.0000	0.0000	0.0000	0.0000
G7138	0.0000	0.0000	0.0000	0.0000	0.0000	0.0000	0.0000	0.0000
G7139	0.0000	0.0000	0.0000	0.0000	0.0000	0.0000	0.0000	0.0000
G7144	0.0000	0.0000	0.0000	0.0000	0.0000	0.0000	0.0000	0.0000
G7145	0.0000	0.0000	0.0000	0.0000	0.0000	0.0000	0.0000	0.0000
G7146	0.0000	0.0000	0.0000	0.0000	0.0000	0.0000	0.0000	0.0000
G7147	2.0000	1.9524	1.0000	1.0000	1.0000	1.0000	1.4762	2.6364
G7148	0.0000	0.0000	0.0000	0.0000	0.0000	0.0000	0.0000	0.0000
G7150	1.0000	1.0000	1.0000	1.0000	1.0000	1.0000	1.0000	1.0000
G7152	0.0000	0.0000	0.0000	0.0000	0.0000	0.0000	0.0000	0.0000
G7153	0.0000	0.0000	0.0000	0.0000	0.0000	0.0000	0.0000	0.0000
G7155	0.0000	0.0000	0.0000	0.0000	0.0000	0.0000	0.0000	0.0000
G7156	0.0000	0.0000	0.0000	0.0000	0.0000	0.0000	0.0000	0.0000
G7158	0.0000	0.0000	0.0000	0.0000	0.0000	0.0000	0.0000	0.0000
G7159	0.0000	0.0000	0.0000	0.0000	0.0000	0.0000	0.0000	0.0000
G7160	0.0000	0.0000	0.0000	0.0000	0.0000	0.0000	0.0000	0.0000
G7161	0.0000	0.0000	0.0000	0.0000	0.0000	0.0000	0.0000	0.0000
G7162	1.0000	1.0000	1.0000	1.0000	0.8571	0.0000	0.0000	0.0000
G7163	0.0000	0.0000	0.0000	0.0000	0.0000	0.0000	0.0000	0.0000
G7164	0.0000	0.0000	0.0000	0.0000	0.0000	0.0000	0.0000	0.0000
G7165	0.0000	0.0000	0.0000	0.0000	0.0000	0.0000	0.0000	0.0000
G7166	0.0000	0.0000	0.0000	0.0000	0.0000	0.0000	0.0000	0.0000
G7167	0.0000	0.0000	0.0000	0.0000	0.0000	0.0000	0.0000	0.0000
G7168	0.0000	0.0000	0.0000	0.0000	0.0000	0.0000	0.0000	0.0000
G7169	0.0000	0.0000	0.0000	0.0000	0.0000	0.0000	0.0000	0.0000
G7170	0.0000	0.0000	0.0000	0.0000	0.0000	0.0000	0.0000	0.0000
G7171	0.0000	0.0000	0.0000	0.0000	0.0000	0.0000	0.0000	0.0000
G7172	0.0000	0.0000	0.0000	0.0000	0.0000	0.0000	0.0000	0.0000
G7173	0.0000	0.0000	0.0000	0.0000	0.0000	0.0000	0.0000	0.0000
G7174	1.0000	1.0000	1.0000	1.0000	1.0000	1.0000	0.4286	0.0000
G7175	0.0000	0.0000	0.0000	0.0000	0.0000	0.0000	0.0000	0.0000
G7176	0.0000	0.0000	0.0000	0.0000	0.0000	0.0000	0.0000	0.0000
G7177	0.0000	0.0000	0.0000	0.0000	0.0000	0.0000	0.0000	0.0000
G7178	0.0000	0.0000	0.0000	0.0000	0.0000	0.0000	0.0000	0.0000
G7179	0.0000	0.0000	0.0000	0.0000	0.0000	0.0000	0.0000	0.0000
G7180	0.0000	0.0000	0.0000	0.0000	0.0000	0.0000	0.0000	0.0000
G7181	0.0000	0.0000	0.0000	0.0000	0.0000	0.0000	0.0000	0.0000
G7182	0.0000	0.0000	0.0000	0.0000	0.0000	0.0000	0.0000	0.0000
G7184	0.0000	0.0000	0.0000	0.0000	0.0000	0.0000	0.0000	0.0000
G7185	0.0000	0.0000	0.0000	0.0000	0.0000	0.0000	0.0000	0.0000
G7186	0.0000	0.0000	0.0000	0.0000	0.0000	0.0000	0.0000	0.0000
G7187	0.0000	0.0000	0.0000	0.0000	0.0000	0.3182	1.0000	1.0000
G7188	0.0000	0.0000	0.0000	0.0000	0.0000	0.3182	1.0000	1.0000
G7189	0.0000	0.0000	0.0000	0.0000	0.0000	0.0000	0.0000	0.0000
G7190	0.0000	0.0000	0.0000	0.0000	0.0000	0.0000	0.0000	0.0000
G7191	0.0000	0.0000	0.0000	0.0000	0.0000	0.0000	0.0000	0.0000
G7192	1.0000	1.0000	1.0000	1.0000	1.0000	1.0000	1.0000	1.0000
G7193	0.0000	0.0000	0.0000	0.0000	0.0000	0.0000	0.0000	0.0000
G7194	0.0000	0.0000	0.0000	0.0000	0.0000	0.0000	0.0000	0.0000
G7195	2.0000	1.6190	0.3333	0.0000	0.0000	0.0000	0.0000	0.0000
G7196	2.0000	1.6190	0.3333	0.0000	0.0000	0.0000	0.0000	0.0000
G7197	0.0000	0.0000	0.0000	0.0000	0.0000	0.0000	0.0000	0.0000
G7198	0.0000	0.0000	0.0000	0.0000	0.0000	0.0000	0.0000	0.0000
G7199	0.0000	0.0000	0.0000	0.0000	0.0000	0.0000	0.0000	0.0000
G7200	0.0000	0.0000	0.0000	0.0000	0.0000	0.0000	0.0000	0.0000
G7201	0.0000	0.0000	0.0000	0.0000	0.0000	0.0000	0.0000	0.0000
G7202	0.0000	0.0000	0.0000	0.0000	0.7143	1.0000	0.0952	0.0000
G7203	0.0000	0.0000	0.0000	0.0000	0.0000	0.0000	0.0000	0.0000
G7204	0.0000	0.0000	0.0000	0.0000	0.0000	0.0000	0.0000	0.0000
G7205	0.0000	0.0000	0.0000	0.0000	0.0000	0.0000	0.0000	0.0000
G7206	0.0000	0.0000	0.0000	0.0000	0.0000	0.0000	0.0000	0.0000
G7207	0.0000	0.0000	0.0000	0.0000	0.0000	0.0000	0.0000	0.0000
G7209	0.0000	0.0000	0.0000	0.0000	0.0000	0.0000	0.0000	0.0000
G7210	0.0000	0.0000	0.0000	0.0000	0.0000	0.0000	0.0000	0.0000
G7211	0.0000	0.0000	0.0000	0.0000	0.2381	1.0000	1.0000	1.0000
G7212	0.0000	0.0000	0.0000	0.0000	0.0000	0.0000	0.0000	0.0000
G7213	0.0000	0.0000	0.0000	0.0000	0.0000	0.0000	0.0000	0.0000
G7214	1.0000	1.0000	0.5238	0.0000	0.0000	0.0000	0.0000	0.0000
G7215	0.0000	0.0000	0.0000	0.0000	0.0000	0.0000	0.0000	0.0000
G7216	0.0000	0.0000	0.0000	0.0000	0.0000	0.0000	0.0000	0.0000
G7217	0.0000	0.0000	0.0000	0.0000	0.0000	0.0000	0.0000	0.0000
G7218	0.0000	0.0000	0.0000	0.0000	0.0000	0.0000	0.0000	0.0000
G7219	0.0000	0.0000	0.0000	0.0000	0.0000	0.0000	0.0000	0.0000
G7220	0.0000	0.0000	0.0000	0.0000	0.0000	0.0000	0.0000	0.0000
G7221	0.0000	0.0000	0.0000	0.0000	0.0000	0.0000	0.0000	0.0000
G7223	0.0000	0.0000	0.0000	0.0000	0.0000	0.0000	0.0000	0.0000
G7224	0.0000	0.0000	0.0000	0.0000	0.0000	0.0000	0.0000	0.0000
G7225	0.0000	0.0000	0.0000	0.0000	0.0000	0.0000	0.0000	0.0000
G7226	0.0000	0.0000	0.0000	0.0000	0.0000	0.0000	0.0000	0.0000
G7227	0.0000	0.0000	0.0000	0.0000	0.0000	0.0000	0.0000	0.0000
G7228	0.0000	0.0000	0.0000	0.0000	0.0000	0.0000	0.0000	0.0000
G7229	0.0000	0.0000	0.0000	0.0000	0.0000	0.0000	0.0000	0.0000
G7230	0.0000	0.0000	0.0000	0.0000	0.0000	0.0000	0.0000	0.0000
G7231	0.0000	0.0000	0.0000	0.0000	0.0000	0.0000	0.0000	0.0000
G7232	0.0000	0.0000	0.0000	0.0000	0.0000	0.0000	0.0000	0.0000
G7233	0.0000	0.0000	0.0000	0.0000	0.0000	0.0000	0.0000	0.0000
G7234	0.0000	0.0000	0.0000	0.0000	0.0000	0.0000	0.0000	0.0000
G7235	0.0000	0.0000	0.0000	0.0000	0.0000	0.0000	0.0000	0.0000
G7236	0.0000	0.0000	0.0000	0.0000	0.0000	0.0000	0.0000	0.0000
G7237	0.0000	0.0000	0.0000	0.0000	0.0000	0.0000	0.0000	0.0000
G7238	0.0000	0.0000	0.0000	0.0000	0.0000	0.0000	0.0000	0.0000
G7239	0.0000	0.0000	0.0000	0.0000	0.0000	0.0000	0.0000	0.0000
G7240	0.0000	0.0000	0.0000	0.0000	0.0000	0.0000	0.0000	0.0000
G7241	0.0000	0.0000	0.0000	0.0000	0.0000	0.0000	0.0000	0.0000
G7242	1.0000	1.0000	1.0000	1.0000	1.0000	1.0000	1.0000	1.0000
G7243	0.0000	0.0000	0.0000	0.0000	0.0000	0.0000	0.0000	0.0000
G7244	0.0000	0.0000	0.0000	0.0000	0.0000	0.0000	0.0000	0.0000
G7245	0.0000	0.0000	0.0000	0.0000	0.0000	0.0000	0.0000	0.0000
G7246	0.0000	0.0000	0.0000	0.0000	0.0000	0.0000	0.0000	0.0000
G7247	0.0000	0.0000	0.0000	0.0000	0.0000	0.0000	0.0000	0.0000
G7248	0.0000	0.0000	0.0000	0.0000	0.0000	0.0000	0.0000	0.0000
G7249	0.0000	0.0000	0.0000	0.0000	0.0000	0.0000	0.0000	0.0000
G7250	0.0000	0.0000	0.0000	0.0000	0.0000	0.0000	0.0000	0.0000
G7251	0.0000	0.0000	0.0000	0.0000	0.0000	0.0000	0.0000	0.0000
G7252	2.0000	2.0000	2.0000	2.0000	2.0000	2.0000	2.0000	2.0000
G7254	2.0000	1.1905	1.5714	2.0000	2.0000	2.0000	2.0000	1.4091
G7255	1.0000	1.0000	2.0000	2.0000	2.0000	2.0000	2.0000	2.0000
G7256	0.0000	0.0000	0.0000	0.0000	0.0000	0.0000	0.0000	0.0000
G7257	0.0000	0.0000	0.0000	0.0000	0.0000	0.0000	0.0000	0.0000
G7258	0.0000	0.0000	0.0000	0.0000	0.0000	0.0000	0.0000	0.0000
G7259	0.0000	0.0000	0.0000	0.0000	0.0000	0.0000	0.0000	0.5455
G7260	0.0000	0.0000	0.0000	0.0000	0.0000	0.0000	0.0000	0.0000
G7261	0.0000	0.0000	0.0000	0.0000	0.0000	0.0000	0.0000	0.0000
G7262	0.0000	0.0000	0.0000	0.0000	0.0000	0.0000	0.0000	0.0000
G7263	0.0000	0.0000	0.0000	0.0000	0.0000	0.0000	0.0000	0.0000
G7264	0.0000	0.0000	0.0000	0.0000	0.0000	0.0000	0.0000	0.0000
G7265	0.0000	0.0000	0.0000	0.0000	0.0000	0.0000	0.0000	0.0000
G7266	0.0000	0.0000	0.0000	0.0000	0.0000	0.0000	0.0000	0.0000
G7267	0.0000	0.0000	0.0000	0.0000	0.0000	0.0000	0.0000	0.0000
G7268	0.0000	0.0000	0.0000	0.0000	0.0000	0.0000	0.0000	0.0000
G7269	0.0000	0.0000	0.0000	0.0000	0.0000	0.0000	0.0000	0.0000
G7270	0.0000	0.0000	0.0000	0.0000	0.0000	0.0000	0.0000	0.0000
G7271	0.0000	0.0000	0.0000	0.0000	0.0000	0.0000	0.0000	0.0000
G7272	0.0000	0.0000	0.0000	0.0000	0.0000	0.0000	0.0000	0.0000
G7273	0.0000	0.0000	0.0000	0.0000	0.0000	0.0000	0.0000	0.0000
G7274	0.0000	0.0000	0.0000	0.0000	0.0000	0.0000	0.0000	0.0000
G7275	0.0000	0.0000	0.0000	0.0000	0.0000	0.0000	0.0000	0.0000
G7276	0.0000	0.0000	0.0000	0.0000	0.0000	0.0000	0.0000	0.0000
G7277	0.0000	0.0000	0.0000	0.0000	0.0000	0.0000	0.0000	0.0000
G7278	0.0000	0.0000	0.0000	0.0000	0.0000	0.0000	0.0000	0.0000
G7279	0.0000	0.0000	0.0000	0.0000	0.0000	0.0000	0.0000	0.0000
G7280	0.0000	0.0000	0.0000	0.0000	0.0000	0.0000	0.0000	0.0000
G7281	0.0000	0.0000	0.0000	0.0000	0.0000	0.0000	0.0000	0.0000
G7282	0.0000	0.0000	0.0000	0.0000	0.0000	0.0000	0.0000	0.0000
G7283	0.0000	0.0000	0.0000	0.0000	0.0000	0.0000	0.0000	0.0000
G7284	0.0000	0.0000	0.0000	0.0000	0.0000	0.0000	0.0000	0.0000
G7285	0.0000	0.0000	0.0000	0.0000	0.0000	0.0000	0.0000	0.0000
G7286	0.0000	0.0000	0.0000	0.0000	0.0000	0.0000	0.0000	0.0000
G7287	0.0000	0.0000	0.0000	0.0000	0.0000	0.0000	0.0000	0.0000
G7288	0.0000	0.0000	0.0000	0.0000	0.0000	0.0000	0.0000	0.0000
G7289	0.0000	0.0000	0.0000	0.0000	0.0000	0.0000	0.0000	0.0000
G7290	0.0000	0.0000	0.0000	0.0000	0.0000	0.0000	0.0000	0.0000
G7291	0.0000	0.0000	0.0000	0.0000	0.0000	0.0000	0.0000	0.0000
G7292	0.0000	0.0000	0.0000	0.0000	0.0000	0.0000	0.0000	0.0000
G7293	0.0000	0.0000	0.0000	0.0000	0.0000	0.0000	0.0000	0.0000
G7295	0.0000	0.0000	0.0000	0.0000	0.0000	0.0000	0.0000	0.0000
G7296	0.0000	0.0000	0.0000	0.0000	0.0000	0.0000	0.0000	0.0000
G7297	1.0000	1.0000	1.0000	1.0000	1.0000	1.0000	1.0000	1.0000
G7298	1.0000	1.0000	1.0000	1.0000	1.0000	1.0000	1.0000	1.0000
G7300	0.0000	0.0000	0.0000	0.0000	0.0000	0.0000	0.0000	0.0000
G7301	0.0000	0.0000	0.0000	0.0000	0.0000	0.0000	0.0000	0.0000
G7302	0.0000	0.0000	0.0000	0.0000	0.0000	0.0000	0.0000	0.0000
G7303	0.0000	0.0000	0.0000	0.0000	0.0000	0.0000	0.0000	0.0000
G7304	0.0000	0.0000	0.0000	0.0000	0.0000	0.0000	0.0000	0.0000
G7305	0.0000	0.0000	0.0000	0.0000	0.0000	0.0000	0.0000	0.0000
G7306	0.0000	0.0000	0.0000	0.0000	0.0000	0.0000	0.0000	0.0000
G7307	0.0000	0.0000	0.0000	0.0000	0.0000	0.0000	0.0000	0.0000
G7308	0.0000	0.0000	0.0000	0.0000	0.0000	0.0000	0.0000	0.0000
G7309	0.0000	0.0000	0.0000	0.0000	0.0000	0.0000	0.0000	0.0000
G7310	0.0000	0.0000	0.0000	0.0000	0.0000	0.0000	0.0000	0.0000
G7311	0.0000	0.0000	0.0000	0.0000	0.0000	0.0000	0.0000	0.0000
G7312	1.0000	1.0000	1.0000	1.0000	1.0000	1.0000	1.0000	1.0000
G7313	1.0000	1.0000	1.0000	1.0000	1.0000	1.0000	1.0000	1.0000
G7314	0.0000	0.0000	0.0000	0.0000	0.0000	0.0000	0.0000	0.0000
G7315	0.0000	0.0000	0.0000	0.0000	0.0000	0.0000	0.0000	0.0000
G7316	0.0000	0.0000	0.0000	0.0000	0.0000	0.0000	0.0000	0.0000
G7317	0.0000	0.0000	0.0000	0.0000	0.0000	0.0000	0.0000	0.0000
G7318	1.0000	0.2381	0.0000	0.0000	0.0000	0.0000	0.0000	0.0000
G7319	0.0000	0.5238	1.0000	0.4545	0.7143	1.0000	1.0000	1.0000
G7320	0.0000	0.5238	1.0000	0.4545	0.7143	1.0000	1.0000	1.0000
G7321	2.0000	2.0000	0.5238	0.0000	0.0000	0.0000	0.0000	0.0000
G7322	0.0000	0.0000	0.0000	0.0000	0.0000	0.0000	0.0000	0.0000
G7323	0.0000	0.0000	0.0000	0.0000	0.0000	0.0000	0.0000	0.0000
G7324	0.0000	0.0000	0.4762	1.0000	1.0000	0.5455	0.0000	0.5455
G7325	0.0000	0.0000	0.4762	1.0000	1.0000	0.5455	0.0000	0.5455
G7326	0.0000	0.0000	0.4762	1.0000	1.0000	0.5455	0.0000	0.5455
G7327	1.0000	0.1905	0.0000	0.0000	0.0000	0.0000	0.0000	0.0000
G7328	1.0000	1.0000	1.0000	1.0000	1.0000	1.0000	1.0000	1.0000
G7329	0.0000	0.0000	0.0000	0.0000	0.0000	0.0000	0.0000	0.0000
G7330	0.0000	0.0000	0.0000	0.0000	0.0000	0.0000	0.0000	0.0000
G7331	0.0000	0.0000	0.0000	0.0000	0.0000	0.0000	0.0000	0.0000
G7334	0.0000	0.0000	0.0000	0.0000	0.0000	0.0000	0.0000	0.0000
G7335	0.0000	0.0000	0.0000	0.0000	0.0000	0.0000	0.0000	0.0000
G7336	0.0000	0.0000	0.0000	0.0000	0.0000	0.0000	0.0000	0.0000
G7337	0.0000	0.0000	0.0000	0.0000	0.0000	0.0000	0.0000	0.0000
G7338	0.0000	0.0000	0.0000	0.0000	0.0000	0.0000	0.0000	0.0000
G7339	0.0000	0.0000	0.0000	0.0000	0.0000	0.0000	0.0000	0.0000
G7340	0.0000	0.0000	0.0000	0.0000	0.0000	0.0000	0.0000	0.0000
G7341	0.0000	0.0000	0.0000	0.0000	0.0000	0.0000	0.0000	0.0000
G7342	0.0000	0.0000	0.0000	0.0000	0.0000	0.0000	0.0000	0.0000
G7343	0.0000	0.0000	0.0000	0.0000	0.0000	0.0000	0.0000	0.0000
G7344	0.0000	0.0000	0.0000	0.0000	0.0000	0.0000	0.0000	0.0000
G7345	0.0000	0.0000	0.0000	0.0000	0.0000	0.0000	0.0000	0.0000
G7346	0.0000	0.0000	0.0000	0.0000	0.0000	0.0000	0.0000	0.0000
G7347	0.0000	0.0000	0.0000	0.0000	0.0000	0.0000	0.0000	0.0000
G7348	0.0000	0.0000	0.0000	0.0000	0.0000	0.0000	0.0000	0.0000
G7349	0.0000	0.0000	0.0000	0.0000	0.0000	0.0000	0.0000	0.0000
G7350	0.0000	0.0000	0.0000	0.0000	0.0000	0.0000	0.0000	0.0000
G7352	3.0000	3.0000	3.9048	3.3636	2.2381	2.0000	2.0000	2.0000
G7354	0.0000	0.0000	0.0000	0.0000	0.0000	0.0000	0.0000	0.0000
G7355	0.0000	0.0000	0.0000	0.0000	0.0000	0.0000	0.3333	0.0000
G7357	1.0000	1.0000	1.0000	0.0455	0.0000	0.0000	1.0000	1.0000
G7358	1.0000	1.0000	1.0000	0.0455	0.0000	0.0000	1.0000	1.0000
G7359	0.0000	0.0000	0.0000	0.0000	0.0000	0.0000	0.0000	0.0000
G7360	0.0000	0.0000	0.0000	0.0000	0.0000	0.0000	0.0000	0.0000
G7361	0.0000	0.0000	0.0000	0.0000	0.0000	0.0000	0.0000	0.0000
G7362	0.0000	0.0000	0.0000	0.0000	0.0000	0.0000	0.0000	0.0000
G7363	0.0000	0.0000	0.0000	0.0000	0.0000	0.0000	0.0000	0.0000
G7364	0.0000	0.0000	0.0000	0.0000	0.0000	0.0000	0.0000	0.0000
G7365	2.0000	2.0000	2.0000	2.0000	2.0000	2.0000	2.0000	2.0000
G7366	1.0000	1.0000	1.0000	1.0000	1.0000	1.0000	1.0000	1.0000
G7367	0.0000	0.0000	0.0000	0.0000	0.0000	0.0000	0.0000	0.0000
G7368	0.0000	0.0000	0.0000	0.0000	0.0000	0.0000	0.0000	0.0000
G7369	0.0000	0.0000	0.0000	0.0000	0.0000	0.0000	0.0000	0.0000
G7370	0.0000	0.0000	0.0000	0.0000	0.0000	0.0000	0.0000	0.0000
G7371	0.0000	0.0000	0.0000	0.0000	0.0000	0.0000	0.0000	0.0000
G7372	0.0000	0.0000	0.0000	0.0000	0.0000	0.0000	0.0000	0.0000
G7373	0.0000	0.0000	0.0000	0.0000	0.0000	0.0000	0.0000	0.0000
G7377	0.0000	0.0000	0.0000	0.0000	0.0000	0.0000	0.0000	0.0000
G7378	0.0000	0.0000	0.0000	0.0000	0.0000	0.0000	0.0000	0.0000
G7379	0.0000	0.0000	0.0000	0.0000	0.0000	0.0000	0.0000	0.0000
G7380	0.0000	0.0000	0.0000	0.0000	0.0000	0.0000	0.0000	0.0000
G7381	0.0000	0.0000	0.0000	0.0000	0.0000	0.0000	0.0000	0.0000
G7382	0.0000	0.0000	0.0000	0.0000	0.0000	0.0000	0.0000	0.0000
G7384	0.0000	0.0000	0.0000	0.0000	0.0000	0.0000	0.0000	0.0000
G7385	0.0000	0.0000	0.0000	0.0000	0.0000	0.0000	0.0000	0.0000
G7387	1778.0000	1781.6190	1786.9524	1796.7727	1809.9048	1825.9545	1847.1429	1876.7273
G7394	1.0000	1.0000	1.0000	0.5455	0.0000	0.0000	0.0000	0.0000
G7395	1.0000	0.6190	0.0000	0.0000	0.0000	0.0000	0.0000	0.0000
G7396	0.0000	0.0000	0.0000	0.0000	0.0000	0.0000	0.0000	0.0000
G7397	0.0000	0.0000	0.0000	0.0000	0.0000	0.0000	0.0000	0.0000
G7398	0.0000	0.0000	0.0000	0.0000	0.0000	0.0000	0.0000	0.0000
G7399	0.0000	0.0000	0.0000	0.0000	0.0000	0.0000	0.0000	0.0000
G7400	1.0000	1.0000	1.0000	1.0000	1.0000	1.0000	1.0000	1.0000
G7401	4.0000	4.0000	4.0000	4.0000	3.0952	1.9091	1.0000	1.0000
G7402	4.0000	4.0000	4.0000	4.0000	3.0952	1.9091	1.0000	1.0000
G7405	0.0000	0.0000	0.0000	0.0000	0.0000	0.0000	0.0000	0.0000
G7406	0.0000	0.0000	0.0000	0.0000	0.0000	0.0000	0.0000	0.0000
G7407	0.0000	0.0000	0.0000	0.0000	0.0000	0.0000	0.0000	0.0000
G7408	0.0000	0.0000	0.0000	0.0000	0.0000	0.0000	0.0000	0.0000
G7409	0.0000	0.0000	0.0000	0.0000	0.0000	0.0000	0.0000	0.0000
G7410	0.0000	0.0000	0.0000	0.0000	0.0000	0.0000	0.0000	0.0000
G7413	0.0000	0.0000	0.0000	0.0000	0.0000	0.0000	0.0000	0.0000
G7414	0.0000	0.0000	0.0000	0.0000	0.0000	0.0000	0.0000	0.0000
G7415	0.0000	0.0000	0.0000	0.0000	0.0000	0.0000	0.0000	0.0000
G7416	0.0000	0.0000	0.0000	0.0000	0.0000	0.0000	0.0000	0.0000
G7417	0.0000	0.0000	0.0000	0.0000	0.0000	0.0000	0.0000	0.0000
G7418	0.0000	0.0000	0.0000	0.0000	0.0000	0.0000	0.0000	0.0000
G7419	0.0000	0.0000	0.0000	0.0000	0.0000	0.0000	0.0000	0.0000
G7420	0.0000	0.0000	0.0000	0.0000	0.0000	0.0000	0.0000	0.0000
G7421	0.0000	0.0000	0.0000	0.0000	0.0000	0.0000	0.0000	0.0000
G7422	1.0000	1.0000	1.0000	1.0000	1.0000	1.0000	1.0000	1.0000
G7423	0.0000	0.0000	0.0000	0.6818	1.0000	1.0000	1.0000	0.7727
G7424	0.0000	0.0000	0.0000	0.0000	0.9524	1.4091	0.9048	0.0000
G7425	0.0000	0.0000	0.0000	0.0000	0.0000	0.0000	0.0000	0.0000
G7426	0.0000	0.0000	0.0000	0.0000	0.0000	0.0000	0.0000	0.0000
G7427	0.0000	0.0000	0.0000	0.0000	0.0000	0.0000	0.0000	0.0000
G7428	0.0000	0.0000	0.0000	0.0000	0.0000	0.0000	0.0000	0.0000
G7429	0.0000	0.0000	0.0000	0.0000	0.0000	0.0000	0.0000	0.0000
G7430	0.0000	0.0000	0.0000	0.0000	0.0000	0.0000	0.0000	0.0000
G7431	1.0000	0.7619	0.0000	0.0000	0.0000	0.0000	0.0000	0.0000
G7432	0.0000	0.0000	0.0000	0.0000	0.0000	0.0000	0.0000	0.0000
G7433	0.0000	0.0000	0.0000	0.0000	0.0000	0.0000	0.0000	0.0000
G7434	0.0000	0.0000	0.0000	0.0000	0.0000	0.0000	0.0000	0.0000
G7435	0.0000	0.0000	0.0000	0.0000	0.0000	0.0000	0.0000	0.0000
G7436	0.0000	0.0000	0.0000	0.0000	0.0000	0.0000	0.0000	0.0000
G7437	0.0000	0.0000	0.0000	0.0000	0.0000	0.0000	0.0000	0.0000
G7439	0.0000	0.0000	0.0000	0.0000	0.0000	0.0000	0.0000	0.0000
G7440	0.0000	0.0000	0.0000	0.0000	0.0000	0.0000	0.0000	0.0000
G7442	0.0000	0.0000	0.0000	0.0000	0.0000	0.0000	0.0000	0.0000
G7443	0.0000	0.0000	0.0000	0.0000	0.0000	0.0000	0.0000	0.0000
G7444	0.0000	0.0000	0.0000	0.0000	0.0000	0.0000	0.0000	0.0000
G7445	0.0000	0.0000	0.0000	0.0000	0.0000	0.0000	0.0000	0.0000
G7446	0.0000	0.0000	0.0000	0.0000	0.0000	0.0000	0.0000	0.0000
G7447	0.0000	0.0000	0.0000	0.0000	0.0000	0.0000	0.0000	0.0000
G7448	0.0000	0.0000	0.0000	0.0000	0.0000	0.0000	0.0000	0.0000
G7449	0.0000	0.0000	0.0000	0.0000	0.0000	0.0000	0.0000	0.0000
G7450	0.0000	0.0000	0.0000	0.0000	0.0000	0.0000	0.0000	0.0000
G7451	0.0000	0.0000	0.0000	0.0000	0.0000	0.0000	0.0000	0.0000
G7452	1.0000	1.0000	1.0000	1.0000	1.0000	1.0000	1.0000	1.0000
G7453	1.0000	1.0000	1.0000	1.0000	1.0000	1.0000	1.0000	1.0000
G7454	0.0000	0.0000	0.0000	0.0000	0.0000	0.0000	0.0000	0.0000
G7455	0.0000	0.0000	0.0000	0.0000	0.0000	0.0000	0.0000	0.0000
G7456	0.0000	0.0000	0.0000	0.0000	0.0000	0.0000	0.0000	0.5455
G7457	0.0000	0.0000	0.0000	0.0000	0.0000	0.0000	0.0000	0.0000
G7458	1.0000	1.0000	1.0000	1.0000	0.8571	0.0000	0.0000	0.0000
G7459	0.0000	0.0000	0.0000	0.0000	0.0000	0.0000	0.0000	0.0000
G7460	0.0000	0.0000	0.0000	0.0000	0.0000	0.0000	0.0000	0.0000
G7461	0.0000	0.0000	0.0000	0.0000	0.0000	0.0000	0.0000	0.0000
G7462	2.0000	2.0000	2.0000	1.3182	1.0000	0.3182	0.0000	0.0000
G7463	0.0000	0.0000	0.0000	0.0000	0.0000	0.0000	0.0000	0.0000
G7464	0.0000	0.0000	0.0000	0.0000	0.0000	0.0000	0.0000	0.0000
G7465	0.0000	0.0000	0.0000	0.0000	0.0000	0.0000	0.0000	0.0000
G7466	0.0000	0.0000	0.0000	0.0000	0.0000	0.0000	0.0000	0.0000
G7467	0.0000	0.0000	0.0000	0.0000	0.0000	0.0000	0.0000	0.0000
G7468	0.0000	0.0000	0.0000	0.0000	0.0000	0.0000	0.0000	0.0000
G7469	0.0000	0.0000	0.0000	0.0000	0.0000	0.0000	0.0000	0.0000
G7471	0.0000	0.0000	0.0000	0.0000	0.0000	0.0000	0.0000	0.0000
G7472	0.0000	0.0000	0.0000	0.0000	0.0000	0.0000	0.0000	0.0000
G7473	0.0000	0.0000	0.0000	0.0000	0.0000	0.0000	0.0000	0.0000
G7478	0.0000	0.0000	0.0000	0.0000	0.0000	0.0000	0.0000	0.0000
G7479	0.0000	0.0000	0.0000	0.0000	0.0000	0.0000	0.0000	0.0000
G7480	0.0000	0.0000	0.0000	0.0000	0.0000	0.0000	0.0000	0.0000
G7481	0.0000	0.0000	0.0000	0.0000	0.0000	0.0000	0.0000	0.0000
G7483	0.0000	0.0000	0.0000	0.0000	0.0000	0.0000	0.0000	0.0000
G7484	0.0000	0.0000	0.2381	0.0000	0.0000	0.0000	0.0000	1.0000
G7485	0.0000	0.0000	0.0000	0.0000	0.0000	0.0000	0.0000	0.0000
G7486	0.0000	0.0000	0.0000	0.0000	0.0000	0.0000	0.0000	0.0000
G7487	0.0000	0.0000	0.0000	0.0000	0.0000	0.0000	0.0000	0.0000
G7488	0.0000	0.0000	0.0000	0.0000	0.0000	0.0000	0.0000	0.0000
G7489	0.0000	0.0000	0.0000	0.0000	0.0000	0.0000	0.0000	0.0000
G7490	0.0000	0.0000	0.0000	0.0000	0.0000	0.0000	0.0000	0.0000
G7491	0.0000	0.0000	0.0000	0.0000	0.0000	0.0000	0.0000	0.0000
G7492	0.0000	0.0000	0.0000	0.0000	0.0000	0.0000	0.0000	0.0000
G7493	0.0000	0.0000	0.0000	0.0000	0.0000	0.0000	0.0000	0.0000
G7494	0.0000	0.0000	0.0000	0.0000	0.0000	0.0000	0.0000	0.0000
G7495	0.0000	0.0000	0.0000	0.0000	0.0000	0.0000	0.0000	0.0000
G7496	0.0000	0.0000	0.0000	0.0000	0.0000	0.0000	0.0000	0.0000
G7497	0.0000	0.0000	0.0000	0.0000	0.0000	0.0000	0.0000	0.0000
G7498	0.0000	0.0000	0.0000	0.0000	0.0000	0.0000	0.0000	0.0000
G7499	0.0000	0.0000	0.0000	0.0000	0.0000	0.0000	0.0000	0.0000
G7500	0.0000	0.0000	0.0000	0.0000	0.0000	0.0000	0.0000	0.0000
G7501	0.0000	0.0000	0.9048	1.0000	1.0000	1.0000	1.0000	1.0000
G7502	0.0000	0.0000	0.9048	1.0000	1.0000	1.0000	1.0000	1.0000
G7503	0.0000	0.0000	0.9048	1.0000	1.0000	1.0000	1.0000	1.0000
G7505	0.0000	0.0000	0.0000	0.0000	0.0000	0.0000	0.0000	0.0000
G7506	0.0000	0.0000	0.0000	0.0000	0.0000	0.0000	0.0000	0.0000
G7507	0.0000	0.0000	0.0000	0.0000	0.0000	0.0000	0.0000	0.0000
G7508	0.0000	0.0000	0.0000	0.0000	0.0000	0.0000	0.0000	0.0000
G7509	0.0000	0.0000	0.0000	0.0000	0.0000	0.0000	0.0000	0.0000
G7510	0.0000	0.0000	0.0000	0.0000	0.0000	0.0000	0.0000	0.0000
G7511	1.0000	1.0000	1.0000	1.0000	0.8571	0.0000	0.0000	0.0000
G7512	0.0000	0.0000	0.0000	0.0000	0.0000	0.0000	0.0000	0.0000
G7513	1.0000	1.0000	1.0000	1.0000	0.9524	0.0000	0.0000	0.0000
G7514	0.0000	0.0000	0.0000	0.0000	0.0000	0.0000	0.0000	0.0000
G7516	0.0000	0.0000	0.0000	0.0000	0.0000	0.0000	0.0000	0.0000
G7517	0.0000	0.0000	0.0000	0.0000	0.0000	0.0000	0.0000	0.0000
G7518	0.0000	0.0000	0.0000	0.0000	1.0000	1.0000	1.0000	1.0000
G7520	0.0000	0.0000	0.0000	0.0000	0.0000	0.0000	0.0000	0.0000
G7521	0.0000	0.0000	0.0000	0.0000	0.0000	0.0000	0.0000	0.0000
G7522	7.0000	6.5238	5.9048	4.1818	4.0000	4.0000	4.0000	4.0000
G7523	0.0000	0.0000	0.0000	0.0000	0.0000	0.0000	0.0000	0.0000
G7524	1.0000	1.0000	1.0000	0.5909	0.0000	0.0000	0.0000	0.0000
G7525	1.0000	1.0000	1.0000	0.5909	0.0000	0.0000	0.0000	0.0000
G7526	0.0000	0.0000	0.0000	0.0000	0.0000	0.0000	0.0000	0.0000
G7527	0.0000	0.0000	0.0000	0.0000	0.0000	0.0000	0.0000	0.0000
G7528	0.0000	0.0000	0.0000	0.0000	0.0000	0.0000	0.0000	0.0000
G7529	0.0000	0.0000	0.0000	0.0000	0.0000	0.0000	0.0000	0.0000
G7530	0.0000	0.0000	0.0000	0.0000	0.0000	0.0000	0.0000	0.0000
G7531	0.0000	0.0000	0.0000	0.0000	0.0000	0.0000	0.0000	0.0000
G7532	1.0000	1.0000	1.0000	1.0000	1.0000	1.0000	1.0000	1.0000
G7533	0.0000	0.0000	0.0000	0.0000	0.0000	0.0000	0.0000	0.0000
G7534	0.0000	0.0000	0.0000	0.0000	0.0000	0.0000	0.0000	0.0000
G7535	0.0000	0.0000	0.0000	0.0000	0.0000	0.0000	0.0000	0.0000
G7536	0.0000	0.0000	0.0000	0.0000	0.0000	0.0000	0.0000	0.0000
G7537	0.0000	0.0000	0.0000	0.0000	0.0000	0.0000	0.0000	0.0000
G7538	0.0000	0.0000	0.0000	0.0000	0.0000	0.0000	0.0000	0.0000
G7539	0.0000	0.0000	0.0000	0.0000	0.0000	0.0000	0.0000	0.0000
G7541	0.0000	0.0000	0.0000	0.0000	0.0000	0.0000	0.0000	0.0000
G7542	0.0000	0.0000	0.0000	0.0000	0.0000	0.0000	0.0000	0.0000
G7543	0.0000	0.0000	0.0000	0.0000	0.0000	0.0000	0.0000	0.0000
G7544	0.0000	0.0000	0.0000	0.0000	0.0000	0.0000	0.0000	0.0000
G7545	0.0000	0.0000	0.0000	0.0000	0.0000	0.0000	0.0000	0.0000
G7546	1.0000	1.0000	1.0000	1.0000	1.0000	1.0000	0.2857	0.0000
G7547	0.0000	0.0000	0.0000	0.0000	0.0000	0.0000	0.0000	0.0000
G7548	0.0000	0.4286	1.0000	1.0000	1.0000	1.0000	1.0000	1.0000
G7549	0.0000	0.0000	0.0000	0.0000	0.0000	0.0000	0.0000	0.0000
G7550	0.0000	0.0000	0.0000	0.0000	0.0000	0.0000	0.0000	0.0000
G7551	0.0000	0.0000	0.0000	0.0000	0.0000	0.0000	0.0000	0.0000
G7552	0.0000	0.0000	0.0000	0.0000	0.0000	0.0000	0.0000	0.0000
G7553	0.0000	0.0000	0.0000	0.0000	0.0000	0.0000	0.0000	0.0000
G7554	0.0000	0.0000	0.0000	0.0000	0.0000	0.0000	0.0000	0.0000
G7555	0.0000	0.0000	0.0000	0.0000	0.0000	0.0000	0.0000	0.0000
G7558	0.0000	0.0000	0.0000	0.0000	0.0000	0.0000	0.0000	0.0000
G7559	1.0000	0.2381	0.0000	0.0000	1.0000	1.0000	1.0000	1.0000
G7563	0.0000	0.0000	0.0000	0.0000	0.0000	0.0000	0.0000	0.0000
G7564	0.0000	0.0000	0.0000	0.0000	0.0000	0.0000	0.0000	0.0000
G7565	0.0000	0.0000	0.0000	0.0000	0.0000	0.0000	0.0000	0.0000
G7566	0.0000	0.0000	0.0952	1.0000	1.0000	1.0000	1.0000	1.0000
G7567	0.0000	0.0000	0.0000	0.0000	0.0000	0.0000	0.0000	0.0000
G7568	0.0000	0.0000	0.0000	0.0000	0.0000	0.0000	0.0000	0.0000
G7570	0.0000	0.0000	0.0000	0.0000	0.0000	0.0000	0.0000	0.0000
G7571	0.0000	0.0000	0.0000	0.0000	0.0000	0.0000	0.0000	0.0000
G7572	0.0000	0.0000	0.0000	0.0000	0.0000	0.0000	0.0000	0.0000
G7573	0.0000	0.0000	0.0000	0.0000	0.0000	0.0000	0.0000	0.0000
G7574	0.0000	0.0000	0.0000	0.5000	1.0000	1.0000	1.0000	1.0000
G7575	0.0000	0.0000	0.0000	0.0000	0.0000	0.0000	0.0000	0.0000
G7577	0.0000	0.0000	0.0000	0.0000	0.0000	0.0000	0.0000	0.0000
G7578	2.0000	2.0000	1.4286	0.5000	0.0000	0.0000	0.0000	0.4091
G7579	2.0000	2.0000	1.4286	0.5000	0.0000	0.0000	0.0000	0.4091
G7580	2.0000	2.0000	1.4286	0.5000	0.0000	0.0000	0.0000	0.4091
G7582	2.0000	2.0000	2.0000	2.0000	2.8095	4.0455	5.0000	4.0909
G7583	0.0000	0.0000	0.0000	0.0000	0.0000	0.0000	0.0000	0.0000
G7584	0.0000	0.0000	0.0000	0.0000	0.0000	0.0000	0.0000	0.0000
G7585	0.0000	0.0000	0.0000	0.0000	0.0000	0.0000	0.0000	0.0000
G7586	0.0000	0.0000	0.0000	0.0000	0.0000	0.0000	0.0000	0.0000
G7587	0.0000	0.0000	0.0000	0.0000	0.0000	0.0000	0.0000	0.0000
G7588	0.0000	0.0000	0.0000	0.0000	0.0000	0.0000	0.0000	0.0000
G7589	0.0000	0.0000	0.0000	0.0000	0.0000	0.0000	0.0000	0.0000
G7590	0.0000	0.0000	0.0000	0.0000	0.0000	0.0000	0.0000	0.0000
G7593	0.0000	0.0000	0.0000	0.0000	0.0000	0.0000	0.0000	0.0000
G7594	0.0000	0.0000	0.0000	0.0000	0.0000	0.0000	0.4762	1.0000
G7595	2.0000	2.0000	1.5714	1.0000	1.0000	1.0000	1.0000	1.0000
G7596	1.0000	1.0000	1.0000	1.0000	1.0000	0.4091	0.0000	0.0000
G7597	0.0000	0.0000	0.0000	0.0000	0.0000	0.0000	0.0000	0.0000
G7598	0.0000	0.0000	0.0000	0.0000	0.0000	0.0000	0.0000	0.0000
G7599	0.0000	0.0000	0.0000	0.0000	0.0000	0.0000	0.0000	0.0000
G7601	0.0000	0.0000	0.0000	0.0000	0.0000	0.0000	0.0000	0.0000
G7602	0.0000	0.0000	0.0000	0.0000	0.0000	0.0000	0.0000	0.0000
G7603	0.0000	0.0000	0.0000	0.0000	0.0000	0.0000	0.0000	0.0000
G7604	0.0000	0.0000	0.0000	0.0000	0.0000	0.0000	0.0000	0.0000
G7605	0.0000	0.0000	0.0000	0.0000	0.0000	0.0000	0.0000	0.0000
G7606	0.0000	0.0000	0.0000	0.0000	0.0000	0.0000	0.0000	0.0000
G7607	1.0000	1.0000	0.4286	0.0000	0.0000	0.0000	0.0000	0.0000
G7608	0.0000	0.0000	0.0000	0.0000	0.0000	0.0000	0.0000	0.0000
G7609	0.0000	0.0000	0.0000	0.0000	0.0000	0.0000	0.0000	0.0000
G7610	0.0000	0.0000	0.0000	0.0000	0.0000	0.0000	0.0000	0.0000
G7611	0.0000	0.0000	0.0000	0.0000	0.0000	0.0000	0.0000	0.0000
G7612	0.0000	0.0000	0.0000	0.0000	0.0000	0.0000	0.0000	0.0000
G7613	0.0000	0.0000	0.0000	0.0000	0.0000	0.0000	0.0000	0.0000
G7614	0.0000	0.0000	0.0000	0.0000	0.0000	0.0000	0.0000	0.0000
G7615	0.0000	0.0000	0.0000	0.0000	0.0000	0.0000	0.0000	0.0000
G7616	0.0000	0.0000	0.0000	0.0000	0.0000	0.0000	0.0000	0.0000
G7617	0.0000	0.0000	0.0000	0.0000	0.0000	0.0000	0.0000	0.0000
G7618	0.0000	0.0000	0.0000	0.0000	0.0000	0.0000	0.0000	0.0000
G7619	0.0000	0.0000	0.0000	0.0000	0.0000	0.0000	0.0000	0.0000
G7620	0.0000	0.0000	0.0000	0.0000	0.0000	0.0000	0.0000	0.0000
G7621	0.0000	0.0000	0.0000	0.0000	0.0000	0.0000	0.0000	0.0000
G7622	0.0000	0.0000	0.0000	0.0000	0.0000	0.0000	0.0000	0.0000
G7624	0.0000	0.0000	0.0000	0.0000	0.0000	0.0000	0.0000	0.0000
G7626	0.0000	0.0000	0.0000	0.0000	0.0000	0.0000	0.0000	0.0000
G7627	0.0000	0.0000	0.0000	0.0000	0.0000	0.0000	0.0000	0.0000
G7629	0.0000	0.0000	0.0000	0.0000	0.3810	1.0000	1.0000	1.0000
G7630	0.0000	0.0000	0.0000	0.0000	0.0000	0.0000	0.0000	0.0000
G7631	0.0000	0.0000	0.0000	0.0000	0.0000	0.0000	0.0000	0.0000
G7632	0.0000	0.0000	0.0000	0.0000	0.0000	0.0000	0.0000	0.0000
G7633	0.0000	0.0000	0.0000	0.0000	0.0000	0.0000	0.0000	0.0000
G7634	0.0000	0.0000	0.0000	0.0000	0.0000	0.0000	0.0000	0.0000
G7635	0.0000	0.0000	0.0000	0.0000	0.0000	0.0000	0.0000	0.0000
G7636	0.0000	0.0000	0.0000	0.0000	0.0000	0.0000	0.0000	0.0000
G7637	0.0000	0.0000	0.0000	0.0000	0.0000	0.0000	0.0000	0.0000
G7638	0.0000	0.0000	0.0000	0.0000	0.0000	0.0000	0.0000	0.0000
G7639	0.0000	0.0000	0.0000	0.0000	0.0000	0.0000	0.0000	0.0000
G7640	0.0000	0.0000	0.0000	0.0000	0.0000	0.0000	0.0000	0.0000
G7641	0.0000	0.0000	0.0000	0.0000	0.0000	0.0000	0.0000	0.0000
G7642	0.0000	0.0000	0.0000	0.0000	0.0000	0.0000	0.0000	0.0000
G7643	0.0000	0.0000	0.0000	0.5000	1.0000	1.0000	1.0000	1.1818
G7644	2.0000	1.1429	1.0000	1.0000	0.4762	0.0000	0.0000	0.0000
G7645	0.0000	0.0000	0.0000	0.0000	0.0000	0.0000	0.0000	0.0000
G7646	0.0000	0.0000	0.0000	0.0000	0.0000	0.0000	0.0000	0.0000
G7647	0.0000	0.0000	0.0000	0.0000	0.0000	0.0000	0.0000	0.0000
G7648	0.0000	0.0000	0.0000	0.0000	0.0000	0.0000	0.0000	0.0000
G7649	0.0000	0.0000	0.0000	0.0000	0.0000	0.0000	0.0000	0.0000
G7650	0.0000	0.0000	0.0000	0.0000	0.0000	0.0000	0.0000	0.0000
G7651	0.0000	0.0000	0.0000	0.0000	0.0000	0.0000	0.0000	0.0000
G7652	0.0000	0.0000	0.0000	0.0000	0.0000	0.0000	0.0000	0.0000
G7653	0.0000	0.0000	0.0000	0.0000	0.0000	0.0000	0.0000	0.0000
G7654	0.0000	0.0000	0.0000	0.0000	0.0000	0.0000	0.0000	0.0000
G7655	0.0000	0.0000	0.0000	0.0000	0.0000	0.0000	0.0000	0.0000
G7656	0.0000	0.0000	0.0000	0.0000	0.0000	0.0000	0.0000	0.0000
G7657	1.0000	1.0000	1.0000	1.0000	1.0000	1.0000	1.0000	1.0000
G7658	1.0000	1.0000	1.0000	0.1364	0.0000	0.0000	0.0000	0.2727
G7659	1.0000	1.0000	1.0000	0.1364	0.0000	0.0000	0.0000	0.2727
G7662	1.0000	1.0000	1.0000	1.0000	1.0000	1.0000	1.0000	1.0000
G7663	1.0000	1.0000	1.0000	1.0000	1.0000	1.0000	1.0000	1.0000
G7664	1.0000	1.0000	1.0000	1.0000	1.0000	1.0000	1.0000	1.0000
G7665	2.0000	2.0000	1.5714	1.0000	1.0000	1.0000	1.0000	1.0000
G7667	4.0000	4.0000	4.0000	4.3636	4.0000	4.0000	4.0000	3.1364
G7668	0.0000	0.0000	0.0000	0.0000	0.0000	0.0000	0.0000	0.8636
G7669	0.0000	0.0000	0.0000	0.0000	0.0000	0.0000	0.0000	0.0000
G7670	0.0000	0.0000	0.0000	0.0000	0.0000	0.0000	0.0000	0.0000
G7671	0.0000	0.0000	0.0000	0.0000	0.0000	0.0000	0.0000	0.0000
G7672	2.0000	2.0000	2.0000	2.0000	1.5714	1.0000	1.0000	1.0000
G7673	0.0000	0.0000	0.0000	0.0000	0.0000	0.0000	0.0000	0.0000
G7674	0.0000	0.0000	0.0000	0.0000	0.0000	0.0000	0.0000	0.0000
G7675	0.0000	0.0000	0.0000	0.0000	0.0000	0.0000	0.0000	0.0000
G7676	0.0000	0.0000	0.0000	0.0000	0.0000	0.0000	0.0000	0.0000
G7677	0.0000	0.0000	0.0000	0.0000	0.0000	0.0000	0.0000	0.0000
G7678	0.0000	0.0000	0.0000	0.0000	0.0000	0.0000	0.0000	0.0000
G7679	0.0000	0.0000	0.0000	0.0000	0.0000	0.0000	0.0000	0.0000
G7680	0.0000	0.0000	0.0000	0.0000	0.0000	0.0000	0.0000	0.0000
G7681	3.0000	3.0000	3.0000	2.1818	3.5238	4.0000	3.4762	3.0000
G7682	0.0000	0.0000	0.0000	0.0000	0.0000	0.0000	0.0000	0.0000
G7683	0.0000	0.0000	0.0000	0.0000	0.0000	0.0000	0.0000	0.0000
G7684	0.0000	0.0000	0.0000	0.0000	0.0000	0.0000	0.0000	0.0000
G7685	0.0000	0.0000	0.0000	0.0000	0.0000	0.0000	0.0000	0.0000
G7686	0.0000	0.0000	0.0000	0.0000	0.0000	0.0000	0.0000	0.0000
G7687	0.0000	0.0000	0.0000	0.0000	0.0000	0.0000	0.0000	0.0000
G7688	0.0000	0.0000	0.0000	0.0000	0.0000	0.0000	0.0000	0.0000
G7689	0.0000	0.0000	0.0476	0.0000	0.0000	0.0000	0.0000	0.0000
G7690	1.0000	1.0000	1.0000	1.0000	1.1429	2.0000	2.0000	1.5909
G7693	0.0000	0.0000	0.0000	0.0000	0.0000	0.0000	0.0000	0.0000
G7694	0.0000	0.0000	0.0000	0.0000	0.0000	0.0000	0.0000	0.0000
G7695	0.0000	0.0000	0.0000	0.0000	0.0000	0.0000	0.0000	0.0000
G7696	3.0000	2.1429	2.0000	2.0000	2.0000	2.0000	2.0000	2.0000
G7697	0.0000	0.0000	0.0000	0.0000	0.0000	0.0000	0.0000	0.0000
G7698	0.0000	0.0000	0.0000	0.0000	0.0000	0.0000	0.0000	0.0000
G7699	0.0000	0.0000	0.0000	0.0000	0.0000	0.0000	0.0000	0.0000
G7701	0.0000	0.0000	0.0000	0.0000	0.0000	0.0000	0.0000	0.0000
G7702	0.0000	0.0000	0.0000	0.0000	0.0000	0.0000	0.0000	0.0000
G7703	0.0000	0.0000	0.0000	0.0000	0.0000	0.0000	0.0000	0.0000
G7704	0.0000	0.0000	0.0000	0.0000	0.0000	0.0000	0.0000	0.0000
G7705	0.0000	0.0000	0.0000	0.0000	0.0000	0.0000	0.0000	0.0000
G7706	0.0000	0.0000	0.0000	0.0000	0.0000	0.0000	0.0000	0.0000
G7707	0.0000	0.0000	0.0000	0.0000	0.0000	0.0000	0.0000	0.0000
G7708	0.0000	0.0000	0.0000	0.0000	0.0000	0.0000	0.0000	0.0000
G7709	0.0000	0.0000	0.0000	0.0000	0.0000	0.0000	0.0000	0.0000
G7710	0.0000	0.0000	0.0000	0.0000	0.0000	0.0000	0.0000	0.0000
G7711	0.0000	0.0000	0.0000	0.0000	0.0000	0.0000	0.0000	0.0000
G7712	0.0000	0.0000	0.1429	1.0000	1.0000	1.0000	1.0000	1.0000
G7713	0.0000	0.0000	0.1429	1.0000	1.0000	1.0000	1.0000	1.0000
G7714	0.0000	0.0000	0.1429	1.0000	1.0000	1.0000	1.0000	1.0000
G7715	0.0000	0.0000	0.1429	1.0000	1.0000	1.0000	1.0000	1.0000
G7716	0.0000	0.0000	0.0000	0.0000	0.0000	0.6818	1.0000	2.0000
G7717	0.0000	0.0000	0.0000	0.0000	0.0000	0.0000	0.0000	0.0000
G7718	2.0000	1.2381	1.0000	1.0000	1.0000	1.0000	1.0000	1.0000
G7719	2.0000	1.2381	1.0000	1.0000	1.0000	1.0000	1.0000	1.0000
G7721	0.0000	0.0000	0.0000	0.0000	0.0000	0.0000	0.0000	0.0000
G7722	0.0000	0.0000	0.0000	0.0000	0.0000	0.0000	0.0000	0.0000
G7723	0.0000	0.0000	0.0000	0.0000	0.0000	0.0000	0.0000	0.0000
G7724	0.0000	0.0000	0.0000	0.0000	0.0000	0.0000	0.0000	0.0000
G7726	0.0000	0.0000	0.0000	0.0000	0.0000	0.0000	0.0000	0.0000
G7727	0.0000	0.0000	0.0000	0.0000	0.0000	0.0000	0.0000	0.0000
G7728	0.0000	0.0000	0.0000	0.0000	0.0000	0.0000	0.0000	0.0000
G7729	0.0000	0.0000	0.0000	0.0000	0.0000	0.0000	0.0000	0.0000
G7730	0.0000	0.0000	0.0000	0.0000	0.0000	0.0000	0.0000	0.0000
G7731	0.0000	0.0000	0.0000	0.0000	0.0000	0.0000	0.0000	0.0000
G7732	0.0000	0.0000	0.0000	0.0000	0.0000	0.0000	0.0000	0.0000
G7733	0.0000	0.0000	0.0000	0.0000	0.0000	0.0000	0.0000	0.0000
G7734	0.0000	0.0000	0.0000	0.0000	0.0000	0.0000	0.0000	0.0000
G7735	0.0000	0.0000	0.0000	0.0000	0.0000	0.0000	0.0000	0.0000
G7736	0.0000	0.0000	0.0000	0.0000	0.0000	0.0000	0.0000	0.0000
G7737	0.0000	0.0000	0.0000	0.0000	0.0000	0.0000	0.0000	0.0000
G7738	0.0000	0.0000	0.0000	0.0000	0.0000	0.0000	0.0000	0.0000
G7739	0.0000	0.0000	0.0000	0.0000	0.0000	0.0000	0.0000	0.0000
G7740	0.0000	0.0000	0.0000	0.0000	0.0000	0.0000	0.0000	0.5000
G7741	0.0000	0.0000	0.0000	0.0000	0.0000	0.0000	0.0000	0.0000
G7742	0.0000	0.0000	0.0000	0.0000	0.0000	0.0000	0.3810	1.0000
G7743	0.0000	0.0000	0.0000	0.0000	0.0000	0.0000	0.3810	1.0000
G7744	0.0000	0.0000	0.0000	0.0000	0.0000	0.0000	0.0000	0.0000
G7745	0.0000	0.0000	0.0000	0.0000	0.0000	0.0000	0.0000	0.0000
G7746	0.0000	0.0000	0.0000	0.0000	0.0000	0.0000	0.2381	1.0000
G7747	0.0000	0.0000	0.0000	0.0000	0.0000	0.0000	0.0000	0.0000
G7748	2.0000	1.4286	1.3810	0.8636	0.0000	0.0909	1.0000	1.0000
G7750	0.0000	0.0000	0.0000	0.0000	0.0000	0.0000	0.0000	0.0000
G7751	0.0000	0.0000	0.0000	0.0000	0.0000	0.0000	0.0000	0.0000
G7752	0.0000	0.0000	0.0000	0.0000	0.0000	0.0000	0.0000	0.0000
G7753	0.0000	0.0000	0.0000	0.0000	0.0000	0.0000	0.0000	0.0000
G7756	0.0000	0.0000	0.0000	0.0000	0.0000	0.0000	0.0000	0.0000
G7757	0.0000	0.5714	1.0952	2.0000	2.0000	2.0000	2.0000	1.2727
G7758	0.0000	0.0000	0.0000	0.0000	0.0000	0.0000	0.0000	0.0000
G7759	0.0000	0.0000	0.0000	0.0000	0.0000	0.0000	0.0000	0.0000
G7760	0.0000	0.0000	0.0000	0.0000	0.0000	0.0000	0.0000	0.0000
G7761	0.0000	0.0000	0.0000	0.0000	0.0000	0.0000	0.0000	0.0000
G7762	0.0000	0.0000	0.0000	0.0000	0.0000	0.0000	0.0000	0.0000
G7763	0.0000	0.0000	0.0000	0.0000	0.0000	0.0000	0.0000	0.0000
G7767	0.0000	0.0000	0.0000	0.0000	0.2381	0.0000	0.0000	0.0000
G7769	2.0000	2.0000	2.0000	2.0000	2.0000	2.3182	3.0000	3.0000
G7776	0.0000	0.0000	0.0000	0.0000	0.0000	0.0000	0.0000	0.0000
G7777	0.0000	0.0000	0.0000	0.0000	0.0000	0.0000	0.0000	0.0000
G7789	0.0000	0.0000	0.0000	0.0000	0.0000	0.0000	0.0000	0.0000
G7800	0.0000	0.0000	0.0000	0.0000	0.0000	0.0000	0.0000	0.0000
G7802	0.0000	0.0000	0.0000	0.0000	0.0000	0.0000	0.0000	0.0000
G7804	0.0000	0.0000	0.0000	0.0000	0.0000	0.0000	0.0000	0.0000
G7806	3.0000	3.0000	3.8571	4.9545	5.0000	5.0000	5.0000	4.4091
G7808	0.0000	0.0000	0.8571	1.0000	1.0000	1.0000	1.0000	1.0000
G7814	0.0000	0.0000	0.0000	0.0000	0.0000	0.0000	0.0000	0.0000
G7816	0.0000	0.0000	0.0000	0.7727	1.0000	1.0000	1.0000	1.0000
G7821	0.0000	0.0000	0.0000	0.0000	0.0000	0.0000	0.0000	0.0000
G7823	1.0000	1.0000	1.0000	1.0000	1.0000	1.0000	1.0000	1.0000
G7825	0.0000	0.0000	0.0000	0.0000	0.0000	0.0000	0.0000	0.0000
G7826	0.0000	0.0000	0.0000	0.0000	0.0000	0.0000	0.0000	0.0000
G7827	0.0000	0.0000	0.0000	0.0000	0.0000	0.0000	0.0000	0.0000
G7828	0.0000	0.0000	0.0000	0.0000	0.0000	0.0000	0.0000	0.0000
G7829	0.0000	0.0000	0.0000	0.0000	0.0000	0.0000	0.0000	0.0000
G7830	0.0000	0.0000	0.0000	0.0000	0.0000	0.0000	0.0000	0.0000
G7832	0.0000	0.0000	0.0000	0.0000	0.0000	0.0000	0.0000	0.0000
G7833	0.0000	0.0000	0.0000	0.0000	0.0000	0.0000	0.0000	0.0000
G7834	0.0000	0.0000	0.0000	0.0000	0.0000	0.0000	0.0000	0.0000
G7835	0.0000	0.0000	0.0000	0.0000	0.0000	0.0000	0.0000	0.0000
G7836	0.0000	0.0000	0.0000	0.0000	0.0000	0.0000	0.0000	0.0000
G7837	0.0000	0.0000	0.0000	0.0000	0.0000	0.0000	0.0000	0.0000
G7838	0.0000	0.0000	0.0000	0.0000	0.0000	0.0000	0.0000	0.0000
G7839	0.0000	0.0000	0.0000	0.0000	0.0000	0.0000	0.0000	0.0000
G7840	0.0000	0.0000	0.0000	0.0000	0.0000	0.0000	0.0000	0.0000
G7841	1.0000	1.0000	0.4286	0.0000	0.0000	0.0000	0.0000	0.0000
G7842	0.0000	0.0000	0.0000	0.0000	0.0000	0.0000	0.0000	0.0000
G7843	0.0000	0.0000	0.0000	0.0000	0.0000	0.0000	0.0000	0.0000
G7844	0.0000	0.0000	0.0000	0.0000	0.0000	0.0000	0.0000	0.0000
G7845	0.0000	0.0000	0.0000	0.0000	0.0000	0.0000	0.0000	0.0000
G7846	0.0000	0.0000	0.0000	0.0000	0.0000	0.0000	0.0000	0.0000
G7847	0.0000	0.0000	0.0000	0.0000	0.0000	0.0000	0.0000	0.0000
G7848	0.0000	0.8095	1.0000	1.0000	1.0000	1.0000	1.0000	1.0000
G7849	0.0000	0.8095	1.0000	1.0000	1.0000	1.0000	1.0000	1.0000
G7850	0.0000	0.8095	1.0000	1.0000	1.0000	1.0000	1.0000	1.0000
G7851	0.0000	0.0000	0.0000	0.0000	0.0000	0.0000	0.0000	0.0000
G7852	0.0000	0.0000	0.0000	0.0000	0.0000	0.0000	0.0000	0.0000
G7853	0.0000	0.0000	0.0000	0.0000	0.0000	0.0000	0.0000	0.0000
G7854	0.0000	0.0000	0.0000	0.0000	0.0000	0.0000	0.0000	0.0000
G7855	0.0000	0.0000	0.0000	0.0000	0.0000	0.0000	0.0000	0.0000
G7856	0.0000	0.0000	0.0000	0.0000	0.0000	0.0000	0.0000	0.0000
G7858	0.0000	0.0000	0.0000	0.0000	0.0000	0.0000	0.0000	0.0000
G7859	0.0000	0.0000	0.0000	0.0000	0.0000	0.0000	0.0000	0.0000
G7860	0.0000	0.0000	0.0000	0.0000	0.0000	0.0000	0.0000	0.0000
G7861	0.0000	0.0000	0.0000	0.0000	0.0000	0.0000	0.0000	0.0000
G7862	0.0000	0.0000	0.0000	0.0000	0.0000	0.0000	0.0000	0.0000
G7864	0.0000	0.0000	0.0000	0.0000	0.0000	0.0000	0.0000	0.0000
G7865	1.0000	1.0000	1.0000	1.0000	1.0000	1.0000	1.0000	1.0000
G7866	0.0000	0.0000	0.0000	0.0000	0.0000	0.0000	0.0000	0.0000
G7867	0.0000	0.0000	0.0000	0.0000	0.0000	0.0000	0.0000	0.0000
G7868	0.0000	0.0000	0.0000	0.0000	0.0000	0.0000	0.0000	0.0000
G7869	0.0000	0.0000	0.0000	0.0000	0.0000	0.0000	0.0000	0.0000
G7870	0.0000	0.0000	0.0000	0.0000	0.0000	0.0000	0.0000	0.0000
G7871	0.0000	0.0000	0.0000	0.0000	0.0000	0.0000	0.0000	0.0000
G7872	0.0000	0.0000	0.0000	0.0000	0.0000	0.0000	0.0000	0.0000
G7873	0.0000	0.0000	0.0000	0.0000	0.0000	0.0000	0.0000	0.0000
G7874	0.0000	0.0000	0.0000	0.0000	0.0000	0.0000	0.0000	0.0000
G7875	0.0000	0.0000	0.0000	0.0000	0.0000	0.0000	0.0000	0.0000
G7876	2.0000	2.0000	2.1429	2.0000	2.0000	2.0000	1.8095	1.0000
G7877	2.0000	2.8571	3.0000	3.0000	3.0000	2.5455	2.0000	2.1364
G7879	0.0000	0.0000	0.0000	0.0000	0.0000	0.0000	0.0000	0.0000
G7880	0.0000	0.0000	0.0000	0.0000	0.0000	0.0000	0.0000	0.0000
G7882	0.0000	0.0000	0.0000	0.0000	0.0000	0.0000	0.0000	0.0000
G7883	0.0000	0.4286	1.0000	1.0000	1.0000	1.0000	0.5238	0.5455
G7884	0.0000	0.0000	0.0000	0.0000	0.0000	0.0000	0.0000	0.0000
G7885	3.0000	3.0000	2.7143	1.0909	1.2381	2.0000	2.0000	2.0000
G7886	0.0000	0.0000	0.0000	0.0000	0.0000	0.0000	0.0000	0.0000
G7887	0.0000	0.0000	0.0000	0.0000	0.0000	0.0000	0.0000	0.0000
G7888	0.0000	0.0000	0.0476	1.0000	1.0000	1.0000	1.4762	2.0000
G7889	0.0000	0.0000	0.0476	1.0000	1.0000	1.0000	1.4762	2.0000
G7890	0.0000	0.0000	0.0000	0.0000	0.0000	0.0000	0.0000	0.0000
G7891	0.0000	0.0000	0.0000	0.0000	0.0000	0.0000	0.0000	0.0000
G7892	0.0000	0.0000	0.0000	0.0000	0.0000	0.0000	0.0000	0.0000
G7893	0.0000	0.0000	0.0000	0.0000	0.0000	0.0000	0.0000	0.0000
G7894	0.0000	0.0000	0.0000	0.0000	0.0000	0.0000	0.0000	0.0000
G7895	0.0000	0.0000	0.0000	0.0000	0.0000	0.0000	0.0000	0.0000
G7899	0.0000	0.0000	0.0000	0.0000	0.0000	0.0000	0.0000	0.0000
G7900	0.0000	0.0000	0.0000	0.0000	0.0000	0.0000	0.0000	0.0000
G7901	0.0000	0.0000	0.0000	0.0000	0.0000	0.0000	0.0000	0.0000
G7905	0.0000	0.0000	0.0000	0.0000	0.0000	0.0000	0.0000	0.0000
G7908	0.0000	0.0000	0.0000	0.8636	1.0000	1.0000	1.0000	1.0000
G7909	0.0000	0.0000	0.0000	0.0000	0.0000	0.0000	0.0000	0.0000
G7910	0.0000	0.0000	0.0000	0.0000	0.0000	0.0000	0.0000	0.0000
G7911	0.0000	0.0000	0.0000	0.0000	0.0000	0.0000	0.0000	0.0000
G7912	0.0000	0.0000	0.0000	0.0000	0.0000	0.0000	0.0000	0.0000
G7913	0.0000	0.0000	0.0000	0.0000	0.0000	0.0000	0.0000	0.0000
G7914	0.0000	0.0000	0.0000	0.0000	0.0000	0.0000	0.0000	0.0000
G7915	0.0000	0.0000	0.0000	0.0000	0.0000	0.0000	0.0000	0.0000
G7916	0.0000	0.0000	0.0000	0.0000	0.0000	0.0000	0.0000	0.0000
G7917	0.0000	0.0000	0.0000	0.0000	0.0000	0.0000	0.0000	0.0000
G7919	0.0000	0.0000	0.0000	0.0000	0.0000	0.0000	0.0000	0.0000
G7920	0.0000	0.0000	0.0000	0.0000	0.0000	0.0000	0.0000	0.0000
G7921	0.0000	0.0000	0.0000	0.0000	0.0000	0.0000	0.0000	0.0000
G7922	0.0000	0.0000	0.0000	0.0000	0.0000	0.0000	0.0000	0.0000
G7923	0.0000	0.0000	0.0000	0.0000	0.0000	0.0000	0.0000	0.0000
G7924	0.0000	0.0000	0.0000	0.0000	0.0000	0.0000	0.0000	0.0000
G7925	0.0000	0.0000	0.0000	0.0000	0.0000	0.0000	0.0000	0.0000
G7926	0.0000	0.0000	0.0000	0.0000	0.0000	0.0000	0.0000	0.0000
G7927	0.0000	0.0000	0.0000	0.0000	0.0000	0.0000	0.0000	0.0000
G7928	0.0000	0.0000	0.0000	0.0000	0.0000	0.0000	0.0000	0.0000
G7929	0.0000	0.0000	0.0000	0.0000	0.0000	0.0000	0.0000	0.0000
G7930	0.0000	0.0000	0.0000	0.0000	0.0000	0.0000	0.0000	0.0000
G7931	0.0000	0.0000	0.0000	0.0000	0.0000	0.0000	0.0000	0.0000
G7932	0.0000	0.0000	0.0000	0.0000	0.0000	0.0000	0.0000	0.0000
G7933	0.0000	0.0000	0.0000	0.0000	0.0000	0.0000	0.0000	0.0000
G7936	0.0000	0.0000	0.0000	0.0000	0.0000	0.0000	0.0000	0.0000
G7937	0.0000	0.0000	0.0000	0.0000	0.0000	0.0000	0.0000	0.0000
G7938	0.0000	0.0000	0.0000	0.0000	0.0000	0.0000	0.0000	0.0000
G7940	0.0000	0.0000	0.0000	0.0000	0.0000	0.0000	0.0000	0.0000
G7941	0.0000	0.0000	0.0000	0.0000	0.0000	0.0000	0.0000	0.0000
G7942	0.0000	0.0000	0.0000	0.0000	0.0000	0.0000	0.0000	0.0000
G7944	0.0000	0.0000	0.0000	0.0000	0.0000	0.0000	0.0000	0.0000
G7945	0.0000	0.0000	0.0000	0.0000	0.0000	0.0000	0.0000	0.0000
G7946	0.0000	0.0000	0.0000	0.0000	0.0000	0.0000	0.0000	0.0000
G7947	0.0000	0.0000	0.0000	0.0000	0.0000	0.0000	0.0000	0.0000
G7948	0.0000	0.0000	0.0000	0.0000	0.0000	0.0000	0.0000	0.0000
G7949	8.0000	6.0952	5.7143	6.1364	7.8571	7.2727	6.0476	6.1364
G7950	0.0000	0.0000	0.0000	0.0000	0.0000	0.0000	0.0000	0.0000
G7951	0.0000	0.0000	0.0000	0.0000	0.0000	0.0000	0.0000	0.0000
G7952	0.0000	0.0000	0.0000	0.0000	0.0000	0.0000	0.0000	0.0000
G7953	0.0000	0.0000	0.0000	0.0000	0.0000	0.0000	0.0000	0.0000
G7954	0.0000	0.0000	0.0000	0.0000	0.0000	0.0000	0.0000	0.0000
G7961	0.0000	0.0000	0.0000	0.0000	0.0000	0.0000	0.0000	0.0000
G7990	1.0000	1.0000	1.0000	1.0000	0.5714	0.0000	0.0000	0.0000
G7991	2299.0000	2307.1905	2323.3333	2339.3636	2356.9048	2369.5000	2390.7619	2409.0000
G81	0.0000	0.0000	0.0000	0.0000	0.0000	0.0000	0.0000	0.0000
G812	0.0000	0.0000	0.0000	0.0000	0.0000	0.0000	0.0000	0.0000
G8202	0.0000	0.0000	0.0000	0.0000	0.0000	0.0000	0.0000	0.0000
G8208	0.0000	0.0000	0.0000	0.0000	0.0000	0.0000	0.0000	0.0000
G8210	0.0000	0.0000	0.0000	0.0000	0.0000	0.0000	0.0000	0.0000
G8221	0.0000	0.0000	0.0000	0.0000	0.0000	0.0000	0.0000	0.0000
G85	0.0000	0.0000	0.0000	0.0000	0.0000	0.0000	0.0000	0.0000
GB4478	0.0000	0.0000	0.0000	0.0000	0.0000	0.0000	0.0000	0.0000
M004	0.0000	0.0000	0.0000	0.0000	0.0000	0.0000	0.0000	0.0000
M007	1.0000	1.0000	1.0000	1.0000	1.0000	1.0000	1.0000	1.0000
M009	0.0000	0.0000	0.0000	0.0000	0.0000	0.0000	0.0000	0.0000
M010	0.0000	0.0000	0.0000	0.0000	0.0000	0.0000	0.0000	0.0000
M011	0.0000	0.0000	0.0000	0.0000	0.0000	0.0000	0.0000	0.0000
M012	0.0000	0.0000	0.0000	0.0000	0.0000	0.0000	0.0000	0.0000
M013	0.0000	0.0000	0.0000	0.0000	0.0000	0.0000	0.0000	0.0000
M014	0.0000	0.0000	0.0000	0.0000	0.0000	0.0000	0.0000	0.0000
M015	0.0000	0.0000	0.0000	0.0000	0.0000	0.0000	0.0000	0.0000
RUVA	0.0000	0.0000	0.0000	0.0000	0.0000	0.0000	0.0000	0.0000
RUVB	0.0000	0.0000	0.0000	0.0000	0.0000	0.0000	0.0000	0.0000
