gene	uniprot	Glucose	LB	Glycerol + AA	Acetate	Fumarate	Glucosamine	Glycerol	Pyruvate	Chemostat µ=0.5	Chemostat µ=0.35	Chemostat µ=0.20	Chemostat µ=0.12	Stationary phase 1 day	Stationary phase 3 days	Osmotic-stress glucose	42°C glucose	pH6 glucose	Xylose	Mannose	Galactose	Succinate	Fructose
rpoC	P0A8T7	2778.5193591408797	7164.3652607671	4503.008971210581	2179.98789343629	2444.3609519987144	3315.670479543053	2844.5433147826575	2729.85385686994	4780.473046324901	3900.470037647335	3476.9462468768465	2999.5752662999457	1734.8137184215047	1907.4023035067094	2247.8447715698194	3985.374672998229	3339.350979817605	3631.5306929144544	3401.439199818585	2258.1698088364615	2764.0934780910425	4516.849522818522
rpoB	P0A8V2	3957.4344641181833	8888.466378882695	5198.5608496874975	2661.253271862183	3198.7833333949184	3999.083576745219	3748.8099388949795	3714.432332595051	5244.783447890167	4388.325064676102	3859.5987083059226	3455.0993086905337	2378.505976464225	2226.8717435231924	3253.953112918488	4922.674020530932	4031.6620655870056	4437.013515777716	4142.901443726218	2820.4494907183453	3855.1476446133274	5269.436582924218
acnB	P36683	7595.542045520425	16599.719404816395	17548.341931031326	22843.96744881628	19491.48405761233	13752.78138448287	10792.191853338234	16395.21968881868	15733.209919204655	20261.12344906201	16409.54997219681	13763.337973845844	933.3022664728803	756.478368223532	2814.510432188585	4841.834921316653	4648.925391802291	6697.44716635175	16516.92005692763	12875.302403923593	19547.132064336256	8782.370172213477
purL	P15254	2456.2659852354395	820.6857373648634	2339.023494647896	1437.6603757671162	2071.4985659334147	1958.9401306211298	2067.7287758441457	2708.0973401031097	2285.246876179287	1730.342351557605	1467.9360162687697	1218.805606120739	617.6620338152696	734.8774143004692	1318.1258334974666	1885.4902514122255	1708.2221508614487	1720.7546079698059	1764.284837674818	1570.497686550313	1913.4719444057118	2405.7213495390247
gltB	P09831	2858.9306324572303	604.3058578802372	651.9510592322528	1362.6109975256081	1280.730747255291	1977.2806347999774	2203.8787129223547	1690.7799060272127	2321.416778905211	1959.4820395736378	1771.177247541153	1379.0030845287015	229.5715312398314	183.11804307775566	833.5774324997981	2979.361330008746	2723.4776622399104	2496.134667142585	2078.529818365174	1398.1051739217412	1552.8740296504354	3858.169347205996
aceE	P0AFG8	5814.613174453896	11819.714467792763	6671.33053008919	2445.225832105002	4521.358461127238	4198.237572849563	4066.870025331408	15791.000151654476	5883.820961427969	5275.353462123049	4409.044725933988	4794.04223156284	5278.592383683714	5888.006303224175	6282.654696611157	6982.688782406134	9459.141049738866	10242.507567271547	4904.5560773715715	3263.1143592682574	4738.7494709212615	9413.603219003931
adhE	P0A9Q7	4851.082598113899	5471.633196555838	5634.479028313747	4510.32457317426	4007.154094824977	7360.876467373757	5185.60807461073	3292.3246479590784	10353.749969703404	7637.438787928167	7837.477438837544	8009.338270004044	7037.524404120092	6714.462916706934	5215.502540503035	9028.758570847134	9015.41645919152	8391.169910834466	5977.234756712347	6323.82928594848	4052.323576453825	19994.344955010998
tufA	P0CE47	252452.05642391465	443852.26323968545	368887.9539919375	149277.6651913	190255.6783952801	173736.43113846867	191041.13759365524	187232.99825307316	180818.68645541448	142246.77393801903	112618.14815265311	102131.33538091615	86995.5275602891	88446.73566771748	214484.39199810257	250232.3876007104	192346.40341048926	216763.91071772957	192017.03412420338	140284.54683539137	195882.71869144117	233115.92792607145
metE	P25665	51584.19460938904	1711.1518643464256	1690.463054954438	17413.39929814274	19718.935109550894	23978.269686382442	28808.031063025217	18643.235305501414	27207.975882717074	13267.735940597255	8295.193212524542	4243.479797696313	3382.0237021778034	3562.8950182772087	30108.984342656368	32361.83789031858	25743.723159512057	32790.20748825638	26643.444972415295	11659.56434055443	19185.4230969937	38847.642272728815
groL	P0A6F5	22739.32226050871	65886.55854303479	57319.44888568142	19539.781001251136	26421.529919335833	23090.459757453693	26357.68801938838	22919.13649907369	25954.203080553943	23701.83975335093	17810.667495898946	16980.15793094338	26509.230094915492	25773.909966932268	22879.41669917501	65428.40541189821	26820.979673587244	26428.219200301468	27239.009879624376	15632.154201231931	26639.075912275923	24906.09174973393
carB	P00968	4444.757141119931	411.2246995278599	674.5241655543023	1514.3920736272366	2501.1285337689205	2228.0394989122133	2852.475115403651	1847.4546632139845	3000.0735983074346	1872.5555294090582	1409.1656468133635	1117.0313923707265	1212.2341279817108	1147.444865192625	2248.8276179683967	3594.6089090366468	2908.246801768496	2687.0832751383123	2546.927793286408	1674.5167239507289	2606.8290801096396	3695.2611871003837
pflB	P09373	4615.031304956793	6983.824778416952	6457.484527861575	5645.299206008772	5439.905820607524	6177.7752173775325	5862.828258399071	6557.032921457768	6683.731002083763	6004.114823205581	5454.342720472212	4877.02323099588	3557.3486870905326	3629.2211033038166	4736.501122346439	5698.676946786277	8208.590887639735	5999.3672513744295	7028.332878009584	5774.419315718388	6640.061388566134	7623.714656204264
dnaK	P0A6Y8	18605.29615636357	59770.32991476707	38605.66271840324	14174.328114966569	16848.519938034122	17438.373427872855	17699.20889656418	13238.698472210654	15492.178720132342	13263.550779598025	10500.515437316308	9605.962197511959	34071.65433587266	33716.1378077118	20710.34453654663	44984.89235641655	34136.593949120805	18456.847753028618	18096.792957395992	11030.33496564284	19666.208371562476	18740.3790901528
infB	P0A705	3047.251983890236	6787.52809220799	4374.797119536286	1911.671446758982	2531.665848349775	2676.7174436300606	2826.610516550705	2658.536607814584	3821.8514936004085	2910.2874197079323	2327.047435152773	2029.3782894212345	1199.5411914830927	1411.0948196993575	2279.925575281933	4009.4942370332196	2724.6508468208426	3061.8632393361654	2784.550261436417	1831.5572405796004	2546.1033850635226	3534.291071472253
ilvC	P05793	33337.861029277265	3422.0974448196675	2074.205337221221	15604.002791800878	19954.158559522857	20987.557775833324	29064.735873590962	14079.123998830402	26857.140257798208	17839.502203791973	11582.592804553777	6797.848240223829	18865.06274744448	17213.1655601694	41664.78306529898	34022.60753296426	19773.629721360976	29345.045552031384	23853.24664284576	13576.44027821804	24773.986105656375	35789.734520578655
ppc	P00864	3632.6712336487444	1283.1647953746271	1487.747747664314	1349.0020503807636	1452.1985880799473	3286.982659485784	2185.4763262556817	1535.6105148154827	4287.592642602382	2871.088732110079	2128.8936911140113	1672.6086289353243	1315.50235632597	1627.730391687067	3019.408542864575	3669.01678575042	5644.3592786607915	3575.316184045638	2646.8973426927496	1663.0962231793992	1479.2133804977707	5125.9130049128935
alaS	P00957	1948.2932556683472	3255.6796775613766	2475.4711781799333	1133.1975395856898	1510.4912207810266	1666.41299856472	1709.9079602933698	1846.2038139239137	1725.7260513859349	1439.8409035827667	1193.223613224081	1037.837310698718	1085.3094103840745	1144.4880233846714	1714.3805957614622	2973.784999402552	2250.5010807616463	2389.1155162603072	1778.3457391390014	1265.2760922217878	1821.131082331351	2612.9014570584586
fusA	P0A6M8	39026.81589808246	86622.50259162905	60762.45611356026	21359.54190048143	28955.86615954881	31263.47931504741	31224.66876753739	28633.060092934866	24574.11910430975	19959.47468492836	15429.838614819835	12885.895873137371	13324.237010329536	12393.620795369417	29538.949269777302	35282.596009458975	29859.57640425544	34977.85846546317	27365.165111987004	20501.121811554443	32672.268975971572	38114.96973945162
glyS	P00961	2913.6331607079255	6498.479280161714	4133.988713403936	1959.040054761849	2514.0063976089154	2532.6975948353947	2682.832577850986	2692.867623032251	2679.691046482463	2169.7732096510804	1695.7880180875636	1621.0399929883026	1269.3350311881645	1532.7804091412836	2680.0952818097862	3641.9670868691624	2722.002572734489	3303.8811579321214	2793.285500690675	1981.0950465489982	2447.6630080219397	3272.488557667242
maeB	P76558	468.82157081091276	2473.250678100664	1691.0363244622934	1503.5234806304384	1339.7284423366154	1312.2966273985562	1133.6763890682732	1257.086797295597	2829.1303527707564	3029.875327057699	2859.9804550940235	2793.6454394570737	523.3727470908321	576.1816579021163	546.3965663595424	779.210357800675	542.5639700580182	968.812318015081	1595.4652091148478	986.4331277636404	1454.887977695019	1245.4205302552527
rpsA	P0AG67	23797.14056424924	64900.12231900372	33541.42078024453	10729.249078662617	16985.563193638685	16208.66434801601	20401.89441688875	14452.805535091129	18244.42473402775	12111.77954466967	9969.753065052382	8661.911879785004	8911.903452692495	8261.043317826858	15327.205613904503	24274.36762998821	17616.494462596504	20320.477105498696	17384.306608073675	11286.008171839814	17888.169243954155	25304.02000449926
leuS	P07813	1846.3615474418868	2691.851141220218	2378.8957780321884	1202.2062337515779	1490.7746124303383	1459.0290385708583	1504.9521842852123	1311.280858286981	1622.2825103956804	1368.561326134169	1190.6428342439622	1068.9913541994922	888.5556199279856	906.5041671473795	1339.0055256565715	2105.402418279191	1784.4446176133038	1683.6958137025201	1370.8093123977349	1099.5644677720752	1471.7593160056597	1796.9551847710954
thrA	P00561	5703.25698215395	2159.9101546759866	1768.8228430292684	2108.4874205567867	3422.8151172587395	5214.632513381638	4679.427193866676	10181.4368493247	7938.231531910868	3275.015475486185	2044.7816049169444	1464.440999032004	2570.6413614522794	2797.8608765149434	6417.2749973288655	4512.072743859849	5282.571522409809	9303.323279307524	4388.299841544443	2073.3728217613243	3815.4751509604343	9641.224334363562
sucA	P0AFG3	1705.8885494024767	6083.943484399657	4466.731198503608	4194.847720719163	2634.89072612138	3325.724453949384	2752.3401317027938	4195.997661487681	3640.1035328393637	2816.715463816153	2322.8767772982933	2149.339937539305	1245.6522565990517	1026.285080162022	1781.1201411718462	1951.5948267126778	2399.6061328668534	3204.8796850693548	3021.706829320949	1630.3839813104742	3418.161530208093	3460.3089781760727
ileS	P00956	2166.2191183474993	2886.3395996658355	2349.7450429869746	1348.0873065519966	1657.1263386621306	1621.282956251974	1814.0741664595341	1920.698966624522	1646.897364355348	1363.1171286026488	1073.8089371782087	883.7007555249555	927.0188951914452	959.4000250026043	2086.1479119551145	2949.5762770675333	2024.0634919940387	2453.6361470546317	1625.2573601076617	1356.7234286724017	1568.6019744258215	2021.4493889489415
aldA	P25553	3501.3707949367817	11228.635705000583	10885.228789407958	17217.310810202343	28815.377380875696	17164.492590830625	16407.928332548534	27352.653984068016	19055.75303984788	31011.75561717937	35720.79163144539	36654.86881384309	1866.0761973818912	1868.094588743625	1804.5025085635152	1689.1121535646837	1863.939356221281	5994.3875313474255	30560.923346000247	28622.427884746285	27057.451789005347	9486.799834891744
secA	P10408	706.3231282917708	1793.7231423980581	1114.446689750138	450.91150038682235	665.0826561404796	737.3902268270731	621.711659868797	789.9566933357655	934.8957821808707	835.5015956123676	757.2456445516865	749.7371352178652	326.21668897955504	341.7828674421204	441.6211924285244	665.8215082596118	552.4547551363218	659.9283920600277	708.8336333692648	442.1676317152845	617.3666170010312	770.5085412309132
aspS	P21889	2271.7579951047537	4355.554806336403	2529.6377859020868	1504.6905707262154	1690.3489761185667	1747.535149223608	1836.9899250349847	1605.096231554508	2330.9272879595524	1929.6307706699001	1516.5112895628833	1483.2938895585123	1254.276615520189	1252.219375466644	2006.001577603735	1913.8800892754684	2531.719120473486	2746.521212165142	2028.5903541338894	1397.0906557913875	1967.010218971407	2589.9833759842527
pheT	P07395	5023.441084835614	7698.953423077919	6066.006218578103	2817.753886850856	3989.0622280584034	4413.2675376671195	4669.596307015692	4723.672151964063	6350.26684597851	5644.717271162576	5763.614994255036	5152.026849092239	1716.2615734622298	1900.9457722843924	3251.4508209714572	4814.7520644390315	4213.641914883655	4320.19875302431	4744.459018159836	3868.2112978563896	4229.596184215148	5931.539344066764
valS	P07118	1719.4514437355033	3107.213546049427	2137.302193229885	827.8702680622952	1024.97242821568	1039.6902092106618	1113.8238560315913	1043.6177390651055	1298.4432099256219	969.7435327398684	749.4497321502371	649.6334364518239	508.2069788859996	501.79700727086885	962.0154537175794	1910.818823250073	1132.355193229073	1387.3284365291768	1188.3951585830334	755.9033909301913	1052.2645077332995	1406.5495262939535
dppA	P23847	4938.558854931213	2475.7989940767256	15161.372335357399	8170.3142756767475	13274.513058703076	8661.085235444934	9853.15307663117	11652.232331998377	10138.29350994306	12011.304021073238	10693.46559381371	9324.297749682037	4326.859420085657	4713.118784510778	7739.560885284138	5160.092782281374	6364.890123818995	7698.036639030981	10450.7890031406	8001.534504401412	11093.98995398675	7461.875036007948
aceF	P06959	9057.41226226973	22341.156012912557	10154.972902658044	3566.5039331861476	6403.642289230878	5695.586526517499	5649.336882325445	21929.545105847224	7066.446873181675	6302.231564704175	5144.047500735401	5609.697325973791	7995.787212238598	8855.686331155948	10763.595069623534	9533.735339870678	13099.706801862858	13628.1200676064	6814.226690963278	4887.543324129356	6890.51881100688	11238.257120285249
katG	P13029	2199.2959015439747	2214.5996044156013	1899.985491424091	2683.4759640396287	3221.019568515722	5526.128321163035	3179.5936348525147	3661.3852266551226	3297.9323435239057	4104.3788227394025	4575.012401138054	5007.205330991421	485.1278402352863	434.6825274371894	1541.3804539601047	3728.7571098908006	2121.9100575836324	2182.4932400716225	3900.2562546064246	3943.689301967831	3254.12158529262	2927.151054514352
gyrA	P0AES4	750.4364624937701	1872.707020333527	1092.8626031168462	478.923210842003	579.3175742060548	779.1706118873268	710.7688448235301	606.5778352939911	1157.117098272334	847.9571813917872	733.5272844726386	635.6892509032647	400.9012948169042	388.2560421286378	506.06755603037044	854.5415411196051	671.3899207451735	711.6456316869533	725.7364312231593	405.28052361758125	636.5359744240322	895.8793012728892
icd	P08200	33670.22675568666	19445.02945790387	34426.55508600664	30054.241687818965	29587.218353545224	31727.817472964027	24591.186862361454	35444.7155536609	30531.753227935227	27432.958409666036	22200.52424356081	15273.816287134261	13663.217186883809	14035.801749879722	37449.48456168273	29758.59195119097	28245.3696136381	32221.59163573245	33652.474725766726	21773.126972851744	28120.506009551686	23699.13231694383
atpD	P0ABB4	24155.614371722724	42416.82289861768	48805.38251507776	16016.190068999036	23706.726265901805	25158.902438804766	26448.57198430008	30533.081120890136	24035.0346565625	19993.581925304163	14633.906290214452	10874.526213814655	7040.132692233112	6955.487205725938	13916.096564216288	16816.696699120115	13132.345172848269	23770.354155378478	24278.893321209296	14506.605080497948	25884.71556022961	24015.715663242798
pepN	P04825	1296.1823182077926	2506.0790614079547	1943.5640091446176	1215.08301644225	1441.9281880327064	1301.168647389919	1418.3096478367988	1327.3601769484233	1357.639375943881	1366.1652115497157	1286.7948489383984	1036.2417790507686	603.9323991341955	678.2736143285789	1056.3323318677453	1435.7199377340178	1363.9816780553128	1410.7585340323221	1428.7032101327977	977.9854930081591	1323.7955350418054	1471.8819510069184
pykF	P0AD61	8901.891897585605	10333.239705966484	9259.032113838874	4455.114049016437	4815.852775178748	7010.761472862563	7110.976409025485	3405.799501844295	7110.663111551671	5142.652507073941	4493.443361385952	5255.009996903724	6420.292211926723	5873.26774128518	5929.312150478876	8993.672563805105	9675.316958576008	10167.229116891778	6068.523753051194	6136.7493802463005	4949.540407800162	11825.170231434431
aceA	P0A9G6	28173.349674668905	15283.455084264479	25688.173077906802	242737.13120187094	139130.86163320806	87948.52984973286	74908.13129514507	48723.18258384065	109529.35773763707	184168.98261632732	200922.64361896124	218131.887645801	19207.613332291578	18694.532583528962	43571.27026735203	60985.61212246269	23676.25063177857	28038.493350549055	138986.52860576034	195984.53021529692	121541.9330903505	33322.8121858045
fumA	P0AC33	1351.507667156152	6237.429477684752	5154.1489305936675	4783.208862298841	4155.606483049316	2806.8667973048673	2522.6038101448953	3289.44215408131	4711.963730313233	3725.222061891141	2336.6306896310593	1543.4475572053027	179.46714796956698	177.7265389533004	777.5533934210441	649.2095040691473	1220.410468467825	2148.9006472748592	4336.156574433147	2087.674131151895	4416.103621029651	2749.4616638019725
putA	P09546	128.36532744613513	1512.6176188655927	872.5821044856245	117.17262444835255	123.17921744471212	172.33819290434363	134.41097958944968	119.99782341339778	168.84686948440657	150.62352638194454	107.75631292720229	95.22795000977862	106.42024326314957	113.36457188834784	155.93602473259065	112.73874336703456	178.486234286702	165.15095671434156	113.71955822905362	77.23641409633036	114.12426678866399	136.01733279210484
katE	P21179	1180.4716178077892	761.2562411763539	616.000557895268	2060.767184468317	2428.5302888804736	1821.6839190898945	1863.265250186529	1150.4851551618037	1603.0982980912927	2314.723403112419	2779.3243149211507	3140.9460105356775	607.01279674728	602.4231336499377	1202.3305395597718	616.3014996522732	2032.5898687824156	883.6892299330437	1791.421438925518	3327.6653375285564	2112.695377555375	1121.0121559775594
htpG	P0A6Z3	2095.5358113701263	8121.487769058284	4815.647218944238	1330.4047122589157	1939.4008659221902	1951.0930573164324	1972.7074113483875	1553.9393309481306	1942.3580396443178	1678.5748422387614	1341.3508385165505	1130.483716893845	1891.5485796028627	1958.394077469004	1864.1010817215779	7183.5947016069995	2619.5484180659937	2252.516018333255	1985.0944460444407	1161.9540278469642	2106.3779347840914	2068.696478216714
tsf	P0A6P1	19871.96587695245	44439.2711715227	36077.86823513819	8016.552494032157	12405.663741140155	15725.003208878381	15125.13945063898	12701.985724071716	10783.42399468636	7679.14122360935	6264.19747497008	5276.569330276872	11101.782117149247	10314.276471643761	21189.83422203052	18114.876623054763	21680.182333895602	17205.878927183116	11768.191982344088	8288.79845264794	12319.011625713883	17724.20241262934
ptsI	P08839	10158.241161920663	5192.981809747277	4398.64021002938	2651.260661083914	3257.2299073937224	6469.712395631496	4118.486010549553	3075.3708038421187	6955.884226106358	5090.1064709279735	4040.278503001624	3375.463247153472	3059.9306518532962	3538.290267199613	5527.305167860236	6983.22955645556	6136.849949510347	4768.639662909431	5354.6021782885755	4456.936655322046	3423.430763329223	9260.78511582391
argG	P0A6E4	8324.927581156446	1035.3102481840674	1307.4008955543047	2392.8382904336986	3172.166360741952	4082.147083773886	4295.278023672489	3341.4639101745615	4293.828412735395	2491.2468383044297	2377.3948312906814	2240.099844809791	2173.1313842621894	1914.410365823205	4802.32565705844	8242.410623307158	6240.251123012049	4874.041183795462	3963.3050121075366	2879.997530127246	3826.558180593659	5914.658237031211
glpK	P0A6F3	495.97234002135696	13193.610984584622	24980.433590144115	527.089384853642	687.971418949173	425.9659525899729	27857.602840179417	611.7676775318683	849.3388611727081	1140.2566782821486	1081.4711865886445	1018.3742850159506	512.7736050046713	536.7497192454393	407.53308044526807	531.337532450119	419.70067281198703	408.72285174377396	783.4641279971514	414.3304969066096	570.1372639495755	424.5154098807924
pta	P0A9M8	1148.4473556134978	2678.5521071523926	1874.0029663749638	877.2001036634276	1093.6875956024858	1238.1849912459395	1052.8919613369683	3511.5514762612474	1518.6874710755678	1488.158556597222	1389.4513064391624	1404.9424813140658	1199.0853379417626	1146.5319369045044	1187.2174979238994	1783.9375795330097	1837.0530747428186	1505.3680405886118	1143.6359242282308	908.578104634822	1136.0940719097148	1461.242494454165
tig	P0A850	24928.52477952569	56163.7695308007	34933.800232166104	11077.198073403502	15331.702137424847	15919.659225674432	18284.501023210632	14423.617720185614	14812.449798044474	12471.207606567645	9580.137035892636	7343.86747206962	7595.672527413128	6986.417529321589	17051.62159148984	19530.291075547655	15756.3566122877	21681.331420798128	17975.950149004235	11402.398457488483	18740.15758479056	21283.545186849704
bamA	P0A940	2028.8397494977548	3022.8971165497865	2921.2342207213937	1167.2916891763095	1707.6619457931852	1794.3868551952337	1891.3407562875004	1962.3439666841107	1451.8103487111705	1348.6896719326544	1183.429979146811	956.3519546710951	970.8679514788978	811.5614490612737	1941.8755533300425	1900.2131223535432	2178.2462323863797	1847.9742539617291	1686.982611988067	1254.9929273241742	1562.0991438969374	1898.1727283932455
pnp	P05055	3171.3055132023023	6268.992522082738	4445.912307608678	2342.9971161857206	3171.4206605216323	3472.811743025141	3275.1573224227072	2930.9438397148683	4771.994839356009	4075.511956665753	3482.0292847470114	3168.5350133746797	1565.6116775525206	1456.7941435882967	1927.529247959341	2642.1941353040042	2887.508012751456	3331.055749428093	3660.178402927956	2234.2026514381146	3146.418664642391	4051.121598152505
pgi	P0A6T1	4600.986034879098	5809.204374684269	7317.396213895299	2918.384296594077	3203.6190260032313	4260.417935241192	4494.294238649635	2571.6613216021433	3772.692042177211	3049.030253162983	2676.7950046148985	2442.635202590119	2663.2830301535187	2655.858295635682	3750.6042780587336	5862.238991454322	6171.125129246331	5590.91137195404	3898.2543325498523	3460.602124845389	3150.273951574581	4632.228637020259
sdhA	P0AC41	2082.5566156030472	8367.260578962585	6274.826479395142	6360.058853596976	4147.22685644256	4506.626066055062	3117.9095326391334	4984.2164126057805	6341.095854263515	5840.259533209291	5246.870168749852	4902.611120870556	696.3183000693306	712.6799675402783	1704.1608431692985	2402.4629969426305	1977.788789422671	3181.3697709487105	4020.327292800795	2734.070002853586	4172.189919404217	3371.215290335022
lon	P0A9M0	1139.1568398895495	3411.032376100333	1726.2287233904976	677.8034885458127	971.6895678172624	1120.7444822407558	1235.0308519294597	1182.403335674062	1456.1046397204639	1159.112723783277	876.658627737524	743.229223567492	741.2317132449065	826.4613011011297	984.9914492815288	1862.8733471446906	1405.9154794929004	1372.7564418778818	1401.328329375617	869.0585275444415	1194.8058309139406	1585.273026878483
acs	P27550	994.7747093259725	2345.6525657047337	4066.8882984899988	6590.128105917588	11942.629916242015	7848.303911712014	3966.571886922066	5485.453725651009	7312.36023052339	14561.552276047025	14430.940038878174	14683.310119857648	3623.9697609589766	4131.681201870143	1130.1818483370555	1150.7151578539185	1090.4111868753926	1987.4374460725448	10099.851493851285	9872.175670507775	9177.286317563225	2489.3382098825823
ppsA	P23538	1157.6859873375513	2393.788383288971	2160.8747425487954	2608.570573452231	3040.444019314054	1574.1187585802054	1850.9532055359145	4183.7513559991	1852.4232487212282	2097.8730783889073	1869.9820129760055	1823.9738385269707	1265.1359293984663	1228.5365134295612	1895.9487983988674	1680.8068343538066	2050.2255405532655	1246.1054069120487	1929.1704924613257	1760.6900447558385	3507.27491535868	606.9816001273907
guaA	P04079	3870.4724397018504	3818.0353687475877	13840.307397800703	1392.0048392961928	2089.1965348347558	2535.468294683405	2317.65493178311	1640.121591764313	2372.6093729405416	1472.571458414549	1107.231680877414	808.3229389389686	1468.4290462583776	1448.3064155382167	2930.2209216517117	3305.480562444554	3242.028754028166	2674.537457407263	1686.1271097139731	1295.2582347003793	2459.271852413913	2993.054204519635
mukB	P22523	198.69700212006114	462.8294225230548	260.0252040042312	151.83605759538295	175.40947843676005	234.85699095188312	199.3561043275327	211.85672685126838	292.52762010207135	267.65612905458556	265.7972082738934	239.10204490523725	48.1607342410051	43.82424524810702	154.94070820713395	301.99004069589904	209.6916350403084	279.2681443178721	260.199904288672	164.79670626806157	207.96294459674877	318.83813228212404
yjjK	P0A9W3	2571.2249506215244	4582.83808713222	4916.07183620825	1596.5172957300333	2442.2411322315593	2460.574070436785	2733.201532851732	2258.5005311642476	2597.0632962079435	1816.6881145386094	1391.994280740691	1343.5736608594514	1034.7811409566436	1073.8876063694106	1915.403883814589	3374.8495380834165	1940.4564949882451	2401.6826230301936	2873.129345836048	1837.235537518996	2837.52037319851	3078.794995003384
gyrB	P0AES6	842.4574521457562	1700.1751075857067	1293.7173877200667	527.8745787860021	620.0944377012582	783.1344540357223	753.2227159483699	696.8265565636038	969.451876979428	754.8318586193851	660.6794591999359	533.7629559720813	587.5389840149572	547.1683333365273	657.3683722538935	843.2937229644984	879.0678000219091	785.8736222146943	704.9755775236197	474.5023272786891	617.1206777808776	1003.8644536401979
rne	P21513	847.713465159936	1624.0074542286231	1295.5113226281776	565.472722000252	716.7686984107779	997.7269369354495	751.4229741592238	664.7672763338091	1279.3922218928908	1118.8314931542964	938.6393880138334	864.4292530288486	535.321701663472	655.435440236791	699.4206984271228	1129.2911293710777	744.3378140053089	894.1539875697998	978.6679279701508	565.9744075732718	664.2071182593037	1110.767686440872
thrS	P0A8M3	938.9673989520197	1934.9070670354974	1145.978494044487	645.8327581816658	891.0891594472771	850.4342005225078	946.7129633781287	816.6931784600339	1368.2846718460069	1127.7502845156127	1032.3922831833875	1071.2848719646843	688.4354114610487	608.4928653950707	753.7786867129861	1505.8266482692904	988.343226473538	1052.5307844443573	834.066015002122	652.1472160022661	788.9662672296525	1117.5985805130313
pgk	P0A799	40038.96172570085	57863.412198439226	61210.152290657425	29801.66622243163	30846.716946163884	30790.252062039985	34332.95738388759	28150.149477161016	30930.21464427892	26961.954784728292	21335.639379989683	21372.268586555296	24265.81807503862	23448.305193745895	44600.50108047156	38747.33518142506	41229.85686539394	40866.6674579669	25202.85025832387	29925.93459131426	27811.439989329036	46061.35097891023
gdhA	P00370	6342.911638845497	1136.7675488881796	2400.8452248147896	3649.936375749561	3100.283491505164	5056.49179555191	4151.581534795029	3775.8961677069315	8052.897616132289	5861.5200418382565	4031.9687546303808	2558.8205653988916	636.5067268807838	679.8514970805268	4966.6665658170095	2508.690987023077	5936.66437842472	5417.622492279162	4235.963884343808	2405.5544147666733	3519.9644409257	6184.018133292037
glyA	P0A825	24509.624564409525	10373.704723781388	14714.185495337313	9091.413866804278	13950.661207294954	16718.255783689492	14060.495282481686	15278.628947303661	13256.519407898159	9219.307506812918	6870.806487014947	5125.053472472219	9174.737478432355	8548.395187809649	24969.41428223005	19720.253380465092	24214.87908916634	21796.963536936215	16056.53165213818	12529.309193018973	16587.900856077584	21027.573302856366
oppA	P23843	5754.918027830539	6683.561867400404	30285.931127037264	2956.720817871413	5504.2644665681555	6786.172620688808	4991.16239273834	5509.927812804007	6617.739215728025	6163.153984232783	5482.191279032324	4273.843202144791	7917.463142870355	8659.591125031335	14096.770503920698	3358.3786004253716	6756.366540233607	9196.08327752972	5278.300984692232	4291.105380693599	6485.251886126652	6055.829302741307
ftsZ	P0A9A6	6069.632080912999	7897.783673953626	7611.3624800829	3181.2552464442483	3903.17663057955	4422.88258574982	4321.305024016022	4167.330323795014	3621.0586136771185	2976.408388195498	2564.1556023280577	2223.8534833310214	1453.3537634003915	1599.153462195392	5664.022646342449	5242.93461655322	5170.827014240272	5987.522735140072	4711.824976433945	3097.683722164001	4362.659884282022	5162.853252633237
aceB	P08997	4392.5737695254575	2421.5409333399034	3345.2809304999732	20349.98730063661	11574.084031398545	10897.317911769354	8308.296344502704	4700.306075825858	11474.301010570094	15539.028728300102	16882.42682006214	15952.479787806427	4146.391137909539	3429.197776360139	11215.91276509315	15460.437377527278	6073.3526266186855	5057.613609840784	12725.592872034003	16308.018635359724	9007.993557901655	4841.562321523131
nuoG	P33602	933.5198782964061	3781.2563521427323	2270.845409129829	870.5549189580477	1391.411534524874	1407.6808843816343	1466.7085274240765	1332.3831004236365	1510.3870748924896	1504.8991791994147	1274.5378541285215	1225.515936029327	193.91993082485357	175.02788527690248	361.68352557432246	567.9431622357034	769.5831559085642	814.6643807812608	1469.3749966901944	904.9935277700799	1428.3143195938399	1476.6412950949393
cysI	P17846	3011.3834439158036	619.7765563074773	1640.7395429957712	1574.6669496495895	2033.3057512499772	2174.873483076991	2552.6712421247203	1930.7242954696112	1971.357036252701	1408.2802717358904	1055.1967430391458	979.9564225468038	232.96857439760996	211.21083021827187	889.5077356305101	1952.335932844991	1541.5003519923316	1791.019176159752	1848.9344951581863	1332.7901712200062	1748.2409823895498	2699.425208981031
polA	P00582	439.75212970693605	912.2277591257559	592.6211441703808	351.69311983761384	445.46429595305193	442.0509276253614	442.7428105351684	482.258259832555	459.90861086656855	398.2099415766677	360.28019967648135	339.58185699385353	203.7180134259579	222.4556850465523	277.79059662042545	392.47887238585946	361.6142527362455	417.12882647799216	380.53573439999906	329.41119216909857	379.70933876845015	422.9953915932102
gapA	P0A9B2	47083.36905530889	48644.76149888661	47006.39229797605	20252.173836361828	22596.95133329591	30079.36393340186	32564.910246856827	21071.685241690564	33991.68071926582	21445.542848261008	15356.710310328745	13173.933269483812	16913.86162521027	17820.56911319393	25284.30487004137	51517.27770718145	39131.99003122633	39747.27079570769	27169.15546983165	16648.995066029096	24431.980802131315	62761.82779748741
purH	P15639	2728.1407806811144	891.4044843067585	2707.737897179729	1137.7671991209506	2134.3515525330376	2128.5963587428955	2376.279119022294	2584.135043046939	2257.9668901913433	1275.9997129052047	1009.7338895793197	831.7524907708678	1415.0657193628683	1225.5195742944202	2364.7312558802155	3267.6918989165674	2955.841074854284	2501.6829367298224	1864.2285720613945	1366.4089277131634	2184.5778507800414	2814.3595196491306
tnaA	P0A853	613.2434420341428	44378.61280153763	77261.73519994508	2409.3430200869548	1659.9633196486038	1102.7495433117224	1044.7290004603647	885.6725393033456	2164.4273751919327	3073.1591956777606	3055.3371021087946	3743.1056972472534	451.02285484062656	361.9933698506456	513.8922103799686	760.8111233624866	584.4108548114708	651.8379667462667	1654.602660996817	1391.6313586529159	1725.5184842074498	699.6600661701044
acnA	P25516	595.3534873375957	975.0117987971395	785.2390915048844	1600.9978225882203	1332.5063038820142	1525.0369111690131	808.1201663648432	785.3548570150515	980.4476254041587	1297.9006524424517	1451.991880961541	1343.224061472818	536.5855885513972	567.6522105479439	598.3473441497916	668.101011950641	659.8559286476966	505.1878021150199	1265.4950139045936	1308.6332471224014	1179.3362266177562	675.2976721145171
nuoC	P33599	935.2799560716209	3225.3623488865333	2612.8776891250104	888.6014975467654	1324.2691370110235	1542.2428798628714	1631.1410107798188	1067.4326606329832	1743.260003387181	1578.6375439177498	1501.3985995229134	1264.2672507732018	205.54552790098327	218.48261788039883	508.5574891791588	762.6519428087861	895.5033399633787	997.1573986425274	1401.7117953305394	908.6860038969533	1219.9121246948328	1507.672354754453
glnA	P0A9C5	17828.402351537818	7285.744064153151	8691.084729258771	4983.247260380103	6478.418647347173	7101.311765840855	10251.30865472593	7185.445203356599	11471.600854334081	7979.022772104833	6991.316564425977	6997.6301136003085	3323.1561698320597	3484.62308804124	9159.4747392234	12087.898949849428	15327.45735688201	10669.621397994208	9279.563760870049	6009.197917299004	6421.898233859483	13251.18189514424
leuA	P09151	2711.256685731515	884.9949531845238	893.5054199856828	4243.127451550407	2916.885432398741	3170.4537809676217	3380.995286783018	2092.79312479343	3700.032429957906	3827.250151598959	3790.542153510871	5031.960850009708	1834.9978414500752	1460.0320452918074	6311.120552040233	4731.848047475887	2207.042823040416	5256.269048753949	3333.5308835449196	4272.353900625137	3468.199245129366	3809.525384389185
aldB	P37685	588.5719356795098	729.2462613283118	715.0329803539588	1711.070677930833	2373.484468776651	1148.3188727839536	1054.5826911308866	1358.5819997110725	1404.3399102697213	3113.0551777683695	4714.721011153656	7135.485695228056	3190.2178310898225	3130.106353706414	714.425360765502	660.467092278054	501.49932479520305	594.3476989572666	1413.3222370101946	2931.337660520413	1180.5525199385563	455.2105056856221
dld	P06149	608.1777497986351	449.1440116552663	618.9741815696484	671.5994553546806	690.6574371833979	576.9601461748094	556.9408682465993	577.2487216783804	659.7801966793102	623.9076063144832	521.0408296579452	591.2238428648843	396.82944975154743	440.35403313441685	645.6075792365059	427.09195843666083	602.4846679930035	747.3649060608183	573.0298842214306	513.8255521351998	603.9563487142083	547.7528745438908
glcB	P37330	282.3247614290777	632.1963464886137	658.1131801358192	2376.6577732777746	989.5605104201436	1073.841221979739	766.6791707667463	288.8283399291845	835.2124666170854	1554.520137812224	1741.4838811277154	1365.470653858274	528.3034845485913	535.0289578097376	282.22833259110877	379.80141041438975	318.6302027074718	436.0584527719042	1168.377580240114	1282.509249033398	900.1289417305607	443.3865187279666
gltA	P0ABH7	9671.399160640365	16360.78431543711	22905.46567397661	34014.03442645483	18189.22394353559	22205.46010565557	17601.340670288388	37155.87863636284	31664.280911974103	26675.385767305914	26529.31953713101	25070.21189566625	7346.285147104091	7213.269276849249	11331.532276730217	15412.012353412423	10202.81406097628	16664.457225552324	28230.945519953377	18129.81167696018	19403.34601203059	20066.938393884706
ahpF	P35340	2434.9794539224968	5161.225145366769	4090.3610643944908	2202.736866563599	2236.989126463338	3951.1908895470133	2320.0991006978343	1819.5059000392216	2032.5355137881716	1794.9411804013407	1394.2839320847513	1097.7641420171021	388.2592902759325	352.8955695211254	2204.44297068541	3200.806611900445	3228.677160888861	3419.6861112118618	2414.402018147758	1484.231777029774	2379.2019822085126	3057.5090825170773
ompA	P0A910	119679.88637332853	146530.05892535413	155610.66598703226	74604.78888385929	80912.3624546555	121079.14506066467	102913.47571797208	70787.64413075619	123520.07988706042	101823.66920947019	82587.86440255155	72016.20959871537	103070.14417762651	110803.15761937624	156261.0230418996	78741.81648115959	116877.54186824524	118658.55701359233	75848.31504700313	73019.99187297325	89206.40884657856	91351.60193640976
glmS	P17169	4024.5011590911176	5270.682850253025	5985.240732725625	1661.1787272447962	2923.007415033679	1901.7922015965146	3600.45932026274	2797.143083438835	2963.4245906708925	2134.351493837893	1610.9874171321453	1396.0833741129934	1339.1279287416914	1531.7383074520797	2181.968419657497	4977.8620324079875	2912.0774738172663	4035.584652974657	2422.1938954662073	2109.746281247011	3344.8771433065367	4184.937723037365
proS	P16659	4322.132089222186	6443.070409963128	5831.022864988853	2267.146146713221	3311.418301679915	3074.6999600846166	3719.269995399843	3209.387650640073	3781.5765189878452	2778.5637631926556	2163.882105493953	1944.2548385107486	2123.6833867554	2101.2679301874796	2585.7164449793017	4048.959051624962	4284.444548600458	4417.616130299595	3858.4369694429997	2719.568771453097	3844.4869047846323	4835.182538399527
rplB	P60422	14190.92380395889	39857.70578922057	27001.115529022853	6847.208934327743	9744.700222307329	14392.972105875235	12282.374078314879	11647.826399982037	17427.624631356193	11426.548333680914	8608.07711191431	8213.09601052058	7645.120458069924	7045.386043489325	10500.939763997654	24088.753642281503	14846.389631410284	14197.169707353754	11391.186591529113	6446.025576793169	10099.713341758683	19491.911570177388
nrdA	P00452	560.4532567464693	1236.1338591353838	1362.2222095840766	347.6253068452466	499.5447634854338	742.3899009257967	666.5775533297646	723.6712708218068	1019.8320572888061	863.6993404430837	797.9947146988068	543.3489971926234	340.0384124523532	324.72685059202695	466.08454970255605	880.2887050311865	555.1611954930361	671.219224626551	692.6952790447949	433.5401845629381	516.0241369279576	800.8020675086847
prlC	P27298	1349.6524561871686	2706.218672227573	1831.7362648976784	1084.412451639078	1061.7031366365336	1040.5676413329813	1203.6785405428066	1029.4548041509802	947.2370256306358	811.1177256886161	788.2452700600811	601.1526466174989	563.6726679831862	593.8195163659228	1152.741364089317	1522.4207173604484	1380.4704022716967	1115.8919039831142	1312.2911189253737	1030.9523072038226	1080.1667608766072	1323.7118970923868
iscS	P0A6B7	13682.723495034792	12756.890405815957	15752.750013712192	9479.324685441044	9022.181869449449	9999.87441927178	12342.138185804537	9823.930633539678	12450.489365882437	8340.526825847508	6609.377057480152	4353.44648668665	1442.6302578445698	1457.3353973060168	11672.836870569041	16079.763785648693	10393.44418460968	15563.852691081083	12331.513556711743	9042.958257740844	8614.68303854314	14540.50184062124
glpD	P13035	135.22743908972888	3852.4093360398247	5701.656442001108	107.27364551236639	90.7153276558138	96.92520102790513	5946.044544670556	83.83476411378255	103.51883717272669	99.9975503278581	99.34455373392967	81.5938884470022	172.06265977991063	200.16670791177566	179.31823909458666	203.13659158808855	195.7171450198181	172.67494781043527	161.64637792478752	119.89661928292898	132.2447686975693	173.77904993684015
atpA	P0ABB0	14552.281556209095	23968.145184792163	33172.3651153715	11045.306849393877	16436.37299908591	18990.924671307537	17975.024780242005	19368.785635927263	16489.57009193744	13451.69533217054	10761.185193612782	8336.076555971162	5414.835479867102	5207.09532920795	11021.005685824213	13293.94992642778	11070.578277622108	16490.09966014045	17104.882105667402	11768.660873299068	20018.20355666003	19100.107207715464
cysJ	P38038	3317.175124705299	733.2509071170886	2069.1920138319324	1570.5037367830819	1979.8990314358105	2087.2514990587583	2586.2599124158933	1873.444602410468	2005.2910349030087	1314.199262488562	907.3285780097395	755.3636062802833	361.0506022908831	377.52105138571005	1415.8816217990016	3199.504419674988	2637.5936873055402	2481.739387424215	2027.9459576163201	1413.9566573547152	2064.380665371819	3709.527196876542
ftsH	P0AAI3	2236.129159638511	3955.629404404571	2990.580299224763	1234.310372300444	1660.316911592725	1853.7499495549175	2098.1058732214215	1986.624705789351	2340.372268860581	1866.6899530087815	1578.3235620139178	1491.8125729903154	972.0492629878138	923.6861765694696	2217.931566946444	2858.046468004175	2501.488470120362	2315.7838054981717	1823.3017427970617	1467.3972914031647	1743.925596364821	2278.0720946526617
rho	P0AG30	3242.8973559536025	5933.53269205771	4071.3215712578935	2061.926297791945	2392.720758367075	2286.288972822068	2582.8197528173887	2343.331727152711	2789.360355583284	2212.809721441354	1848.7046089719172	1837.4285592019335	1495.8385970790505	1528.9780804087886	2364.949268515828	3182.1947735142085	3003.057814732384	2727.47335595641	2543.0875880310023	1696.4058027046974	2669.4011813240763	3128.6439693713965
metK	P0A817	12499.04987483635	7068.123362301749	7432.262525761689	3545.7395693511767	5203.742321371432	7451.5674727303085	6822.25111553173	6783.174510463633	7688.431867364815	5236.449331737668	4315.741134633427	3654.0657287944405	1783.5948677044269	1539.1957437769831	13006.38955103046	15767.235310115586	23324.836039347276	11499.42797799825	6446.7087806591135	4925.24429994739	6037.896476642939	8535.288986613466
guaB	P0ADG7	11237.049852769505	5908.95199308062	33132.087555801576	4041.3081500176922	5972.115854160395	5951.965165236394	5555.690805130232	4399.849480172562	7003.274070033929	4021.0776749819297	2795.2910598265817	2499.239791183792	5959.027773643872	6582.429386963822	13022.898993429386	7942.434076725741	11468.31592482547	8772.644924141394	4655.360897242881	3239.7127771021705	6678.7412665351185	7601.253356537616
copA	Q59385	2768.9686702166746	632.4753153358357	2563.355414753659	3707.2360733694177	4223.527533423202	2289.089182964422	3977.1113904395843	4131.048475529509	2884.4085779916877	3126.1630388413964	2412.911109945719	2376.296163395695	1069.060251357802	1312.5055133518204	2251.9636506064335	5317.614173312807	9560.86197120997	3281.0607895699445	3943.19068439066	3082.8786452095496	3912.685834777329	3534.790442992
nusA	P0AFF6	5576.3621961092485	10025.30659082272	7264.362456729318	2771.3323841678402	3925.7969058847425	4392.2065213609785	4322.5179019986845	3807.354880844346	3690.4192110239833	3117.446945484708	2479.6939723078935	2232.0154797323507	2094.7859128316763	2597.4404444350007	4842.915953282394	4198.821535141017	4065.2984171880303	5047.990272330492	4600.42342247069	3466.7022668899044	4656.347157651681	5474.023348464952
rpoA	P0A7Z4	14574.968016698545	35101.70714432119	25313.43645685427	11405.842410787584	14130.533665019133	12582.52472306142	14801.155404518664	12962.75953917792	16138.463757035202	14084.813626357038	10694.278472624734	9660.568627426192	7247.820156033624	8733.914075990384	15657.562572939229	14407.109486790403	13985.458480009911	14153.785457022614	11451.228701197128	9997.76233957949	11066.943070362844	13756.901136908895
lysS	P0A8N3	2565.198346242663	4837.450451213413	3293.2812343844653	1555.721217498719	1890.3649230141602	2002.4269519802406	1999.4208150932166	1538.2531069477511	2392.69261049599	1796.2391734947819	1425.197518891581	1234.190997680503	1410.0570118477383	1190.55806744566	2017.2705170826043	3023.495577763099	2738.4677563270516	2829.8247745422555	1950.2524664971922	1343.2041630131955	1944.8990857262786	2884.0028429752624
metG	P00959	2082.282183611281	2571.524852596521	1904.2479331871575	1093.8358607156943	1273.8983212327616	1332.0885708016285	1466.9558927696025	1417.202375841198	1505.6294995250598	1185.8133419559222	973.5337706019797	839.8008288589515	661.7985091932414	709.212138063867	1313.0877964231654	2236.1407390119457	1621.5218481836753	1671.6259034860798	1478.9970312631851	1028.8124771097855	1294.8755473557944	1920.407546782136
gnd	P00350	14100.359796740837	17386.350694094814	16082.965177336959	5501.211390639303	6745.136099883101	8440.350311419172	8331.459669053209	7002.1163019161895	8212.655829315656	5204.950840152947	3914.587246561758	2952.637504623287	5464.855073395889	6816.319426460152	10144.766926400916	16349.170158816285	14592.952381140967	12496.087203613386	7285.26646953104	4800.575083192616	8024.248156458744	10317.875876855785
mglB	P0AEE5	3223.2180985208943	20142.660471801864	21711.280419564962	19550.98210163877	28631.070120525445	17801.00372615165	17496.538545453986	17989.916732816935	20750.456551586787	29600.018548511256	23881.308598095253	19758.47258077928	3548.082315520158	2761.701985671563	2581.186438947568	3288.3636015495763	3046.022269580245	5655.315877292801	36414.68943132517	86780.73215069443	27050.22216722116	9704.740817652018
livJ	P0AD96	22967.709279469782	1898.1448411056954	4197.031682293169	21123.890759636433	27977.55602015578	32927.50491723555	23525.359562348884	22034.06782728846	29684.30187505267	34764.86143002796	30449.978372681628	23241.14555124348	9483.546248678715	9977.024202274099	21688.009769657114	17988.689050922723	19797.632647536902	17701.580597394837	27775.816595547556	23012.15322550219	29891.68927142843	25098.041717968103
metH	P13009	421.1867226890665	270.42106127397096	258.73579148097224	177.63413406863282	254.78578111269564	302.32384048542053	316.2781695436057	305.5908016475285	346.1760127104117	255.21390269079376	218.9311517683781	187.91915924742406	143.23939069926314	101.07511029274697	264.50564784007724	226.48310106629793	358.1048150418114	420.7036592688858	342.014677064644	230.02655384291657	342.43030177980165	491.61184258672165
mdh	P61889	53137.58715069585	73161.63780092476	110645.45528957093	119780.54702693898	69352.55667677992	66983.60442223914	65977.39980234572	129096.827335516	71459.15903421165	60445.87998557655	49037.540095500866	42299.74335908374	16269.894546400032	19387.000419379438	62945.51960922755	62755.362861811824	35817.63837917923	70658.3274524901	90772.85217508464	49851.802960519	71565.10250903733	75762.55208509862
typA	P32132	3013.027920224906	4315.891575387816	2472.6028388431296	798.0870369711481	1200.231710081065	1619.2024811023634	1646.5704697562262	1441.5776914800426	1371.7045724424001	883.2501118365844	774.7145709090393	649.1270791369867	970.1392977553443	859.234480068775	1929.2615004944253	2442.126513944218	2172.2302228305934	2055.275052716478	1262.1911418633704	1109.1356268286952	1444.9028569769043	2450.5820533445963
ydgA	P77804	1214.6236059362272	2256.6118624205583	1854.2362645538408	1120.6489240701994	1139.8830987499505	1448.462660402964	1204.8324734734422	915.3659154715696	1339.001143896231	1230.7356986298637	1117.1301889661324	1116.5193138092225	1062.0062733530337	1191.1943290920392	1262.6879611519917	930.2929586294223	1622.024584873149	1153.1795010033286	1000.8134673313872	924.0612478898009	1024.9675526983283	1116.7315355892147
fhuA	P06971	872.9914080872944	549.9897560215331	1093.0386825469452	584.4319611813265	898.6609313636294	839.1483807023794	889.3192715646389	811.6886219835296	1131.4355361859111	719.2301021465727	528.0851723212872	462.0961236750954	648.9086665108074	669.8360071904922	900.7140604488761	1187.9541533988695	1464.5110581825925	1007.6079158131328	860.7846819635394	762.129198614493	887.8832712549529	922.0454211700392
ppiD	P0ADY1	1056.7743970969718	1677.8537603941008	1586.809775524696	813.4749073697697	919.2807516291239	1236.08615933528	1342.758118976638	1030.7700852796634	1186.515061549058	1222.0243476723435	967.8046202094181	1050.9844335567489	641.8908248998974	609.505554092622	1625.1302140401501	1825.6150980859566	1400.6889704582613	1700.5328589343053	1535.6802858194635	1442.303943127532	1397.3462674697798	1587.5002926644129
rnb	P30850	1260.4402467831396	1224.0650120612868	916.1963117576915	612.5497109871551	738.8727419079361	846.2214253399378	902.6696059615895	850.6394039956259	903.5862092461074	597.6408841940648	453.5858902357482	369.44577525999284	543.8058089700374	493.5053172990589	890.0613774631073	1241.4790081509336	1265.5237601921972	1099.8035527332975	785.6618778538228	480.6807710047554	936.2834479086321	1333.6052744348685
glnS	P00962	999.084223428292	1711.5433500939794	1510.9875573457555	593.3944007243302	741.7745855264681	640.8681347962923	844.6292961699647	772.6395497475403	813.5006445301333	616.7410445472146	519.722077876394	462.05990043791735	376.7264294035033	355.69642520109636	662.1375379630425	1105.251822322569	800.0670555027494	850.3105375929634	702.0327322196641	544.7738787812656	646.2567671923224	975.1067860176062
fbaA	P0AB71	20048.942663769994	23421.85517501629	26665.14873225289	11352.075386240947	13841.967044583058	14274.127115670222	15623.585003422208	13942.781857063997	13615.866349073765	9380.572294459014	8289.27751330973	7066.743986842932	11699.303341130513	12476.735337678507	23726.881370283194	16391.455988583875	23434.790572206985	17405.129781268297	10707.942778796041	11297.501865443237	12513.194858313012	24512.565777331907
cysK	P0ABK5	73308.48943763963	21810.53188630444	70875.53981417912	66764.03830411332	68066.52933566537	65029.28963763585	68899.52451059083	61734.36559305298	55341.6623406026	43392.164857589334	32636.919041407367	29422.711879920407	49668.316546635455	52240.69048812285	85386.82434687694	90613.01014812176	140216.5785792537	68894.68297687518	66746.01257954547	51116.95955386652	73975.91059171573	75498.24148139216
yeaG	P0ACY3	518.6216320391818	472.26662417383875	316.1589083935464	691.6254033611546	704.08286307495	707.3053618953286	704.798972788406	494.8475390178994	888.843420547846	933.4712639858858	1252.593616984376	1431.340258122001	801.0129489430475	820.1841080688043	745.8944917139423	507.69642979216354	1115.618034766778	429.894248053149	739.5986866236035	1150.1277800531516	554.0316689435105	543.6274921703082
cysN	P23845	1519.8538329332723	374.2977017007447	897.6656732620133	688.6222768955452	922.719786036743	1036.1678409911478	1159.8108555137712	1001.0749590773063	1534.1504606213657	935.098260415757	575.7559583277268	377.9169854828642	149.52134714866617	176.67852302337394	643.1110552975897	1342.2183908907575	1261.8695836469885	1032.6549206246825	821.060863857622	583.3901515750744	849.0886465203606	1616.4989120422572
prc	P23865	505.5177306207535	620.5289522325528	521.458095304198	362.033699536645	401.42783497849706	400.34505904171033	451.16780186504167	450.89946029522633	422.2902506009167	349.2186603748667	289.99844082516677	269.1834117336767	212.55315085037472	166.29941446741356	391.42898406536443	440.9129763767116	485.6639118406142	494.46329036431763	405.52113979503105	342.64058144897183	422.9886760909901	505.51674707317005
fadB	P21177	173.43056640090893	546.6984163487767	371.42688391002525	611.3090935789804	924.3900992798544	694.5753293409118	278.66786926632375	1029.821479887321	862.7631612536754	1688.9126112625333	2181.327493521658	1999.9977823854165	332.9555748568666	231.12559840787924	207.49901154287022	148.10847249379572	151.30378514132255	289.5026381411546	1235.6613801260467	1176.916634288064	918.9707900860026	330.4460751253545
pgm	P36938	1344.3294765118274	2354.282882966357	1910.1022590415726	1344.3932383406484	1423.435530761183	1427.9855021448295	1510.9623190373434	1628.314940496494	1522.9707329955393	1564.2287982862579	1367.507687565106	1408.3856716740643	1001.2769476432373	883.9150849229158	1226.181340432199	1527.8135133503977	1260.967260746189	1260.6183054199537	1337.052187436829	992.6257828014786	1158.7133264415886	1277.5069676860414
talB	P0A870	10629.04119803065	15810.873691921111	18399.58244260583	6722.0660792678855	9688.03705956408	9828.761592114994	11296.59665898472	11221.540781952986	9969.251840329662	6951.911995166408	4878.9554632564195	3774.323787423338	6574.615489178085	7623.6204793942925	13577.216393689885	19427.49789206393	13207.407259403155	13362.324455313024	9119.231204043475	7721.795642904431	9613.882515532106	12511.557454310787
pepA	P68767	1075.5109809582075	1674.70405141516	1003.1375671622125	710.0367024805323	995.3883049957673	1175.2090933253983	1170.9244640004638	1190.7873695815747	1652.6043324217098	1468.6306652950277	1328.53072895004	1239.084018132303	710.8078060596506	730.7800813376193	918.735366933757	1168.1552726196003	968.1598825611461	1143.6057368882637	1031.440720124336	922.0793130046686	877.3824908296004	1221.9702226535537
thrC	P00934	14608.550523740056	3501.456138990012	3457.533052707622	5601.079419397736	8867.541679219892	9012.971821965451	11109.146182053537	19636.309432216236	8769.057431159668	5093.632358175044	3423.1758969046477	2991.5045962012864	4983.698109635262	5352.00447290887	17522.23836701677	7455.431469757334	9543.420753466266	16974.64828590789	9141.967967558541	4675.660369431198	10116.997810251534	14506.561513419194
lpdA	P0A9P0	12595.55591208423	30100.95623287865	21772.456944705016	9067.015896513944	12061.373483492436	12932.678382657527	10310.207140090777	24278.699791870466	13632.618065017856	10919.181936087094	8931.41408767143	7422.446773579157	7511.57885924351	8180.325515424935	11509.215671300397	11785.538746725186	12079.038514328386	15081.51071034605	12836.291186328024	9013.060708343819	14317.710944512852	14093.527385952453
yahK	P75691	1473.8241254061847	876.8664283160601	1503.518203862566	2784.959686679384	2231.400057303636	2017.9214636712768	1763.2474762373022	1248.5615360266968	1746.1806001774435	2579.2884507746076	3012.246255789969	3426.2912573199287	3272.1163017976382	3520.1751707235326	3444.2456627757147	2385.1240648188327	3828.66484360467	1511.1945796812167	1695.919783053177	2620.0203363749515	1707.3813105688967	1232.5022556940153
surA	P0ABZ6	1553.9893463440499	2547.912144793255	1813.583593783443	899.563264465867	1125.3548685457356	1131.8509697880108	1299.3210511521033	1206.7720668390875	1029.4221899772858	982.6989727502342	879.566461978922	810.7157423435327	793.4818340507003	676.0108292245984	1515.9376281289078	1403.9498289897422	1217.2164226867071	1238.6963820499298	1186.7158920053025	1184.0488598637935	1188.659699612423	1408.5968513299642
rnr	P21499	250.6003772539233	439.2269256622216	239.89725038921748	237.8470114574805	290.05378496158323	372.47143629809216	313.5535059770646	301.8856234131848	497.17091277093243	351.36833280388316	325.0275218412471	326.1112978563796	249.117936918855	305.09135123615124	337.2767525642514	476.21881481828797	338.17993552002065	336.7215785177414	321.29736215590646	237.98942402642018	281.8148883625064	444.21021399377366
asnS	P0A8M0	5528.3806585709235	5818.206574675486	5849.104765507715	3183.5229724580736	3617.102399472267	4002.877530633642	3970.434834745727	3496.26651188226	4365.587548843243	3555.108483410649	3045.526491084893	2670.667359263163	1909.160207830568	1914.1443217919277	3374.5604627431294	7485.503847862405	4588.930693325551	4851.520711928202	4181.6072919778735	2919.10406185671	4024.4277175059797	5448.508720074814
serS	P0A8L1	2527.7161120289657	5806.065389926951	3511.192616400055	1948.9374522671271	1914.2943613784912	1938.0542015766937	2129.394304619187	2116.841244745525	2053.446633043438	1695.767293084245	1332.8481608562104	1220.899990074585	1699.69825478896	1602.2692456898212	2502.0011594196103	2719.4567443124092	2865.783106754014	3166.2459927827354	2086.303198595823	1408.284527380309	2090.9694355305915	2785.496709978564
malE	P0AEX9	2141.6361427670536	8460.005584312215	7544.9029735671975	3656.4013912266523	7251.620267563115	7128.244072090571	6138.107182033275	5040.10216795468	13536.295623267288	18168.592110008547	14817.047716831776	9208.486491224756	1023.3943801536691	978.8117747398175	783.8257997901128	492.42454339812	624.094266611583	1064.514110185536	10665.267395741295	5583.647590959974	6087.365185175342	5037.799756690192
pyrB	P0A786	8888.02776681479	907.5745032608912	897.3331780133219	7536.0128073738515	13350.067423332102	9545.766343488034	11772.628473781113	6609.386035287761	20205.188248365666	12109.403888938768	7451.538737445206	7205.699245448287	4184.549120096867	4475.879721297404	8829.710578222022	7440.633098900751	10437.467387864615	10273.701127251228	8816.896658640906	10136.315966050186	12674.462646197948	10760.56061146524
ilvD	P05791	1198.8925299301227	494.93813213350063	385.6255812284565	504.1361286903567	678.6665854053097	898.4986981467464	710.1473584407013	994.1575116818765	841.296626922236	509.5494085700771	383.1963038574744	277.3353293218464	574.1314141647609	554.4714652291615	2082.558680140996	1159.8641649030817	1143.737774885493	1476.4922967659927	804.4540437238863	444.4464080446167	718.8114600202013	1215.0658085893665
ydiJ	P77748	231.09120187438234	124.75499954313527	177.37273715673976	208.97473434055675	236.39000487551877	235.09298782984158	250.36331223227072	249.78939614547636	274.39697791268196	298.3824880015827	260.265805257642	254.03183655342414	46.534557304670024	32.820276585324294	60.24729624608031	206.59771884904657	172.6271288826897	212.43047090942318	204.07349711242153	151.98712126118244	290.76980213907416	326.3200486903437
cirA	P17315	574.871415063409	272.35348542335225	1063.2496903278804	234.16303355099407	416.0632830585219	839.7323017056859	474.2964180659017	352.16482564479054	367.3814450433013	252.11744951301165	116.55378610391911	112.02420298758105	3115.994998441073	3061.679791964109	5397.795093396202	423.341676171766	445.61288302769555	2512.01517932743	370.7551190929936	179.8221035002467	432.39388612330225	866.3782462587425
clpA	P0ABH9	529.643975932724	1474.4609571046444	714.1832410738144	356.91470806752113	364.84135218303294	499.2409932867755	502.56878659021163	436.73754354577983	621.574038098104	463.24029745985587	423.25558304487106	356.3284358063338	157.36607044858135	153.00587101394296	446.79404617160134	598.1441328462105	554.8510200716896	630.5551285669046	570.9957143996177	326.6277878750757	384.24416798896584	669.8476504543708
degP	P0C0V0	3337.9231122591277	2585.969927541312	2030.8015697973449	1530.9110948652037	2217.1747177139423	1433.7883988133613	3358.50039659227	6153.321101390956	1305.5087590534315	1190.462307838874	1243.5474205372154	1091.4914029342192	900.3674337869953	1049.9019946760764	2094.604024147246	5603.890048674794	3352.9013580328774	2284.3732892730827	2793.401491614354	1705.0256605172094	2179.2041333670268	4095.811427790097
lptD	P31554	523.4528582001936	915.0728783967719	723.4836752039287	295.12439834802626	352.72535226562746	520.0947075255375	363.376547582478	355.8342687840795	373.84595943401007	361.16856241168796	338.9737724819996	307.81832624071103	389.09727559467666	389.66182599336327	583.2031996263598	536.7181308115731	606.9329424987307	431.46398138639654	345.3447509197897	372.34178006028696	337.8405717982835	355.92346708498457
topA	P06612	354.6989688846269	890.1143996286587	395.741618872874	205.30988707898402	295.6802331869929	357.2013028406753	338.9300973732445	269.5737611005529	406.2846054724123	394.76789746168794	372.44470488186226	391.62083043801016	272.79475725263404	232.0972568508168	262.1510677493371	391.6123999480552	321.97371501561287	391.51551549138185	350.10221818349197	227.21615592763612	337.32219960685234	409.78568977375227
argS	P11875	941.2191360954693	1456.8755490956898	1088.231790669149	444.70989975895134	583.0588347436196	641.1438032039132	652.622459892873	579.9879595340666	548.63419970888	462.26559296466377	345.3723943634205	331.23981622227893	288.56997781055463	217.21195277798597	560.6305971257416	814.6791002212279	646.6187111092042	718.8018475477172	604.2912181841422	535.8629791499457	649.9692916316712	824.5311353706325
gltX	P04805	2560.769151496111	4337.2705789765805	3151.163335336794	1455.077916587576	1779.0537412532365	1823.5851924625956	1902.2705233211861	1668.2634799484363	1616.2839959103926	1258.304790497337	1015.9263292489677	815.4760881634671	1088.1465414064626	1186.8331682742821	2350.8447792818815	2301.775338059178	2429.040409908325	2163.8792892469023	1611.0166771547017	1150.008720780301	1699.4396134171182	2176.0844927002645
rpsB	P0A7V0	29156.389120666638	71379.35762866627	43643.813643855196	13073.811360574933	19635.390054555624	17981.345444013466	23668.169248402686	16558.98100194897	20848.04818855021	13735.12303402506	10701.122077527498	8873.973824694893	11086.959659272014	12599.993761433469	26507.235957094592	28548.592465524736	24585.75772365026	31040.82290731029	23899.651992090538	16697.145910092062	24908.617151817052	36853.97932894634
bglX	P33363	157.20357979150288	323.9600000600106	259.0785947048954	116.52517927853403	138.5917434658025	124.7532918791326	149.76773232417125	157.2469150126223	112.95681384951715	100.07352196725222	79.33668119578289	55.832422943224145	57.3278913389203	54.23199566163445	94.870040171835	121.27016840497228	86.9495662915121	137.29466772075645	118.98865493368938	74.13168540915994	115.94149010316848	126.6441770078369
gatY	P0C8J6	4938.950902576392	11402.338214416173	12276.860634713694	38994.87131339941	26974.303400667504	15536.93781129919	14000.081873131587	17086.841738995565	22425.912804956664	23038.98900753389	16482.709585204568	19398.988173516325	912.104140764422	799.538982022224	2637.33441283095	1866.936891884488	3891.1147256101567	7352.755667009439	19954.5964419083	15768.097309626606	25687.70348474713	12284.615252331325
ptsG	P69786	2775.1355964921654	1616.5477771572982	1023.3223208485077	559.2065005947762	794.1875155102506	2339.794753986582	917.1700491347319	742.4128038215609	9402.336210328256	6752.731817552946	3919.3183728321997	2381.2274185243436	1173.9558593137856	1414.7740238585343	1518.6685560471346	3328.646485931027	2355.6174352486455	1322.779876363115	861.5793358745284	642.3164008937819	782.6942431318536	3180.211778649872
pyrC	P05020	4485.425929377848	1029.8342939494553	1611.986541129172	2402.876635225755	4090.364520135629	3330.243880287123	3499.1256012834915	3717.5088941516037	3403.3483383917564	2288.119795063396	1451.0915345548306	1152.281785539703	2724.926677862051	2571.804109922816	5648.291670074639	4483.393294411249	5175.5701640372245	3991.8246924787527	3306.9315516179504	3020.1089159902626	4427.081572448839	4284.311394893142
argH	P11447	2883.0539393958857	807.7298721906897	634.7273221291248	1218.7147195708635	1415.7970369702523	1593.606507271451	1801.9697109305353	1328.2725774157434	1523.295435471184	943.6874652693102	803.4521281220653	737.6513098920842	1157.7807817149592	750.1245467927664	1805.6075462042209	3331.64693963846	2507.8554504292	1922.2192966571308	1460.4790963720984	1019.5368036431698	1281.0546288909713	2019.1884253296519
asnB	P22106	1153.983472576103	828.4930580708108	6790.687577629247	971.9745946353449	878.6151123531105	981.903054036188	1191.7666776765088	1304.5062174433576	1043.712275888406	973.0388367442782	784.2417567872135	593.3445162253715	351.20498703185734	313.9343757846616	835.5516019166473	1946.8667475200286	1144.8780752594375	1220.659220534495	1109.0107552591905	689.1688509834909	779.8110337552542	1542.0229357738742
aspC	P00509	6984.80504428846	4144.974260694374	5583.436206672549	7852.714499558012	8584.46482953757	9101.55651580375	8700.687699658029	8218.064072404719	7921.675436978385	6683.256754252993	4337.596087774483	3112.5731613359194	3024.9079188971473	2859.782133322584	7744.260197803682	7438.813437549947	9963.943403251791	9983.718534133746	8643.683362097505	6698.269254083131	9920.315996364747	9171.435299470844
sucC	P0A836	6213.318993474793	15855.069346885253	16159.880575973406	19647.31789694481	14111.942056962647	15077.29887565512	11672.650583985342	18431.54243962044	15488.569447052252	12857.378941636882	10425.79227213228	9453.03413181662	2289.548443266598	2481.8532287289627	4642.416093462249	5951.717068743493	5120.879302016388	11711.809744080458	15248.714912653084	7735.252311314157	16995.40222340982	11574.487790394332
sucD	P0AGE9	6923.992278504178	19013.34080154191	20933.1238176583	25370.025168527736	14862.095872585249	15755.075486094003	12728.507512458542	19454.764376649455	15468.595214173089	13091.33998897088	10351.50371256254	8930.308134968791	3655.335886626879	3500.8698268517373	7173.425025505376	7084.83695694251	6877.939263000577	11504.508229200945	14387.975753490664	8240.720046561455	16261.621655093182	11995.551275415248
clpX	P0A6H1	3250.9753476904384	5493.748732782232	4161.859104356819	1567.8893698918996	2148.1535068673656	2108.522470992829	2648.755148667501	2021.0276301957158	2326.4668484636127	1701.0088949505528	1316.0608688840027	1038.1769301657505	994.8268139100823	1230.444865354066	2800.701283180998	4016.8784853327	3045.9891861829615	3337.277679844679	2153.674985046817	1707.225935532601	1953.8469419665353	3181.1738833068885
hslU	P0A6H5	1367.0446828906233	4825.286620838428	2666.886412691935	858.5367191308557	1187.8545254592898	1300.329425909085	1351.0124027938723	984.9499223301522	1285.9005801435146	1039.9662827220811	810.3306329860583	714.7092541042991	1041.7975575314201	933.5550517705906	1125.7826863178714	2370.3195793082054	1644.2306182191599	1606.860177800986	1202.4665234646086	749.0029436255414	1278.0991114288288	1553.4600056723973
mfd	P30958	73.15132016417458	129.72708962571798	86.54302399995427	73.31544296692338	66.92051659444104	84.0106501911726	62.447071570359675	106.02267311814478	102.74789094917152	93.99099120376263	61.931974644319254	71.8794308844409	39.059465876430465	50.732793130341555	55.326844676854506	120.86122973821946	101.66071680305886	89.76734180586308	85.53276141042826	52.11882799767417	77.69534648865701	92.7764823163048
pheS	P08312	5078.273228197233	6584.137268792164	5410.813753018217	2650.6694520942506	3556.5072350167015	3600.5506857841888	4037.8259185914235	3740.123742877021	3916.053847247523	3415.2389047690062	3325.7790609647777	2977.6555021020554	1929.668719507892	1827.366866798909	2911.8370069310104	4644.735423887138	3780.9128123452133	3675.6124986243663	3871.242672565642	3105.5442047616884	3461.2367361330666	4408.475977472671
accC	P24182	1810.2939218628144	5351.959545074401	3168.078586334848	1046.023876675764	1568.5874333024333	1332.6376180235545	1585.9138445257208	1376.0756266920318	1274.8602143514654	1090.087198098974	867.3907730857597	768.8864624649493	778.9650660344333	743.7432982098833	964.2835712326223	2184.1556309901894	1612.2322048098526	1451.1838209266386	1396.9308317056505	1044.7697212278147	1567.0432146775022	1778.2932654338872
fabB	P0A953	13467.48396601689	23273.726314501055	22951.753717230094	10932.18059277272	12979.281054356305	13562.631934528536	13960.233484705515	14117.306263639302	12733.97549884698	11361.201530784047	10025.960082371235	9498.622014403007	6096.799203508207	5749.611453500056	13101.139235097207	15282.08097076323	15506.534233542989	12334.371750447905	12580.879968819763	11988.92408208975	14156.366391155632	12407.686223611818
fadE	Q47146	86.44143300680264	189.15371442429117	128.85768262684405	310.967519996614	186.78279602990506	218.0353696387592	118.20924855018812	403.22475731940773	415.97585324149384	528.7177687131151	443.56723546982323	346.92270099353897	260.7202645042973	263.9428524718407	142.38435609784764	146.62653288232957	51.29588302948135	119.58129957804563	288.89360049062236	111.4318220653804	141.10600984013783	197.00790702958128
gatZ	P0C8J8	1413.1140287354392	12319.80455724692	4942.97287278815	11765.921933875054	5520.77057489369	6579.360422505932	2891.958180422693	6296.087920044432	3805.0192363690962	4062.129338698112	2647.4328476816368	2526.5818513972004	287.887484627115	309.3409062782882	801.7784190198827	1015.4841838248751	979.0385245981643	2557.7416161657975	3636.8661939136273	7007.33794601458	5814.776320431245	4363.237051357998
purA	P0A7D4	6862.752349619666	13170.529259580218	4918.169762314744	5985.796134408791	5336.972852385738	5946.774358864809	6452.940576598436	6140.077540879764	8399.74313837055	6694.366342942334	4795.242799898502	4565.318515885199	3589.7988342512594	3795.8391571655375	6669.171518624639	4885.5443028802	7551.773985527475	7917.0721595072455	4620.421653178153	4776.255224232427	5623.106637820177	6727.942740838406
pyrG	P0A7E5	960.169485123022	1990.5827188910798	1158.077886368839	389.7639993524116	666.8431545980195	633.4644132428301	755.4602227669812	626.7233522896544	707.3000068806566	450.58448514091845	350.4729081502812	265.00478329460196	366.4191919630208	370.20548349915265	622.0142179971709	786.2844631932138	717.6410781203355	775.0828970799265	581.9330854641166	475.83795597821796	746.4582565863689	916.096382630288
trpE	P00895	1089.991808400018	269.00849477348135	242.91978068578135	466.35836970504823	726.9211302065823	960.9201046649692	1317.6385358139858	990.8595528102394	1557.514233227673	1091.4857702940553	877.7492763458665	789.8307587251021	308.53486355326464	295.8908852564794	724.9458356114227	1387.415896431698	810.4884130616431	783.706944260597	857.9816340416882	818.4894718019356	786.312714049204	1472.3800319064876
gltD	P09832	2965.2446399090454	323.19730158598423	496.765357518885	1293.0504395669204	1501.5366282289408	1675.0966818543889	2326.6739946118496	1552.873557654856	1427.9547108370887	1286.3124933850672	1241.3377546173613	949.1877172274757	160.345073672501	94.46777511088445	1091.206948871742	2265.451031595538	2949.03100930526	2327.350608069381	1480.07771985603	1649.6153693521537	1393.9202403367437	3007.979838695803
ilvB	P08142	1822.6219806951299	2173.930183749356	2020.376603254447	1404.58002986548	1489.6282063486503	1584.1242483246663	2036.817824793839	761.5516383886173	2062.656765283932	1617.119278926676	1203.4184455314878	1097.527903107669	76.94269730709325	81.9118843430591	1232.3256592306427	989.3386952311176	636.3598753439749	1650.1902173326514	1954.325789873676	915.9490815528311	1705.6194753744574	1648.0938601187113
maeA	P26616	528.3147283605708	1347.7136651431988	893.4730807035992	611.7485223085268	584.0975331106403	464.1196089783519	481.0600512936822	479.9462592294286	533.5499364653417	368.77078120082894	290.00860363564686	238.56678015281813	128.6775442879857	166.25946629407946	296.78110856515104	359.6725385106238	285.4072603290214	445.33497724178494	442.0655516311255	283.81808601077	519.0961118643634	511.6480822767812
sdhB	P07014	2481.463454051693	9035.59522563203	6147.35691787519	7106.483799333169	4362.77406216292	4626.507017876597	3332.151344908084	5224.653343845633	3939.0993215975445	4218.289612939651	3573.154533879944	3502.000874428282	748.4301733947215	706.2426736821385	1793.6290709108432	1710.9361860464196	2208.612189420326	2971.899371684296	5136.561316002035	3076.5163114914726	5865.059444041208	4131.694058538799
gpmI	P37689	2655.6613680864302	2063.958001618514	2464.508220634199	459.9443527906673	725.5375330319225	2000.7965542772786	1656.6818648746778	593.3384535012149	1709.4297145075957	799.1517930251141	664.8167209337815	555.8191962380853	919.2053651022129	979.7575329975637	1937.4519506885201	2579.9272384332085	3059.916746571881	2466.194715923692	1086.8558031519758	943.7495333131105	644.0421091286602	3645.2012871473003
cusA	P38054	356.11995071590127	203.6290983341501	167.59885274072238	371.5926930228385	427.6979942504724	150.68001717772265	451.9830470440382	277.30019178558615	336.98155465849516	307.3456667855722	209.43218559868916	158.79258934655883	252.58422831911037	82.66598588555377	158.29721727272928	497.31059600948106	308.42086531549364	311.6580686061191	466.8961059785098	249.33171754637314	441.39564295503845	771.0586811957792
hflK	P0ABC7	1349.360614635734	2346.262964491087	1672.6050557377837	979.7494805725837	1330.5268469477649	1105.0203216079767	1508.501348980386	1405.7732398457945	1320.7617128558632	1166.8884494851206	1066.1644088952507	909.9344687231551	749.0715722069671	797.5127774748738	987.5218221229027	1646.6686177745307	979.8810772236948	1200.5665462708416	1313.5937147196598	898.6407600451732	1096.5287128265786	1510.7952057898071
tolC	P02930	4884.360348297549	6584.3507414726255	6391.697083374104	3449.1363739091803	4196.394438355035	4308.583472126188	4795.407131069538	3737.1321459224737	3278.6417196011457	2881.1445422943684	2593.2406225829914	2501.3891975056135	3002.2955678084463	3266.2961336531084	5240.065261901423	5278.226103735819	5327.083585558431	5211.8706071621045	4831.49869607574	4373.631010666613	4628.234272849813	5377.589432968549
rplE	P62399	31769.313512811867	69275.2230064657	50152.265483147894	13321.296880786209	19298.80457950636	20812.851027839326	22716.8908409868	15729.206398241378	20922.56361655732	13136.5887837442	10394.672427704156	8097.7259680506695	9459.887194337414	7686.786553628048	21561.585252910598	26236.793626007762	24713.023177954925	27202.040327288483	22578.76879296119	14264.651530818575	23441.538413439714	31745.081169619887
accA	P0ABD5	3825.1816839771723	7971.664990063121	6784.942264445748	1943.7078185859275	2825.6202843122173	2717.7105896350467	3077.2737647269582	2903.6604205059693	2808.7748579411254	2315.2261481156206	1950.0119139077183	1901.5570805578661	1432.4238268857962	1575.4952058317701	2991.6561416821914	3427.4676270947357	2928.152480158048	2717.9922994071603	2904.9752067566487	2328.10500956935	2616.1472789315317	3132.06239247888
plsB	P0A7A7	192.45845952333428	370.43942932761865	219.39633626958536	162.3414784241714	176.45319280327692	194.14331956419625	189.62813491256048	278.50657764814116	264.432932247106	239.39959392484715	258.2246039008798	283.6324701525885	186.30955789226104	149.37148936722556	135.09333014729907	303.14435202178464	218.0549525254905	217.9112283335236	199.15412797747547	178.2667286763241	174.75308679415843	256.7432929967001
pdxB	P05459	737.2383819271795	801.2500363553413	831.2058669209465	381.01964769183735	530.499607126692	656.6769557882067	645.8301646542235	621.2520598463699	575.0005581693573	471.92242130139255	388.4964404144021	354.067169537439	488.83342153344216	401.17951819198925	716.0931418938117	828.1396410471937	960.745791947014	740.5576803728106	581.9263183247563	564.0879681315088	676.5071767649849	850.4518435961138
serC	P23721	18150.11663009296	3177.7495175634917	5737.035308631752	8002.202322962199	7695.8251036322445	10627.260545800593	9685.647886018729	8721.651725472637	7669.806244264192	6022.195447302401	4739.230769090393	3261.377595374833	6297.39136080742	5723.037544826975	17258.423364650705	18691.115479874497	21310.760614191324	15675.763127308916	9853.949186042757	7995.790552186934	10046.51704981491	15637.173856255673
talA	P0A867	1446.1820382699138	953.1567462760185	1115.0418274643202	1326.7181415430332	1278.6794388852825	1483.384354290013	1363.872151989724	849.3239022332854	965.915495348841	1062.7454037672887	1516.455363138346	1879.460820849584	2894.0724922376357	3219.9141006998916	2017.387009047559	2302.776310512232	3784.0770635460517	1192.400966477977	1303.5659216292675	2589.3828162505156	1109.199702948138	987.8118507579414
xylA	P00944	260.07851076641066	556.0438289694815	399.10812233876345	219.13206814412615	204.33631844888234	245.840294760098	228.4609385014631	194.74132695441867	211.83472582700125	181.39829846982434	167.39785477352507	167.46433517977826	165.10557061397643	172.60288777648591	287.1408368354055	329.18908876931494	348.3285868014855	30350.757111801213	193.67428872257057	210.57400667564352	221.791032575825	239.79948830042343
zwf	P0AC53	1233.7903405628745	1507.9464393069518	1153.8627848655394	624.9300441559632	842.963102758478	1117.4839709216067	1171.376256509714	997.87329269145	996.970998166724	815.5571428321489	863.8289177952737	920.4859031662361	1056.1547795671274	1010.5834641236652	1291.354483848305	1849.3605117296834	1561.500779588014	1773.0676037716757	985.7466349805434	1197.8608172159882	870.6935579620864	1519.352518414266
lysC	P08660	3720.2090652726306	383.187609551087	474.402740113545	1317.6112865329928	868.5601814279731	1401.4910696380778	1832.4496752972743	2151.949483339286	1576.988939214209	875.8454248909754	590.8458669907892	447.2667758612219	841.4060249358402	815.8766590553093	2160.2953529111996	3177.4548782558745	3664.50606598373	2770.72689364241	2174.4418590213368	1021.2365344048272	1103.679640083645	3263.928429060894
tyrA	P07023	1416.0068099822665	500.5897792033372	327.6887902844796	866.4659582143779	590.7866141568603	753.5207405093289	1232.9891220313182	2267.249037030033	1043.3674097552637	506.5421362932192	383.1018684403812	318.39410373428507	190.77070285905353	124.28526824096826	461.40557609025944	1236.2150763672735	702.9732795930983	447.42376426801707	724.9515998775476	631.4938764805405	589.5036098196617	1805.7463751901737
fliY	P0AEM9	11401.711780819232	3132.8490339912164	8453.980009193894	9114.73658876313	9254.959654224835	11166.097228469058	11400.848545641464	7941.5230278822755	8873.127032352957	6956.087345977838	5875.420849226309	5140.476018243118	8946.774022908186	8973.72785340008	11001.509179966775	11015.1020329223	15377.403096491327	8175.887836670227	10097.75786335066	9467.20667834737	8826.266233865243	11498.0265598127
sucB	P0AFG6	5252.023533947239	15564.999714787467	13585.687084842706	10291.976476704529	6935.092289363259	7556.784622842125	5557.806845163111	9947.53596984512	6097.161064442689	5079.491411796492	4077.633180669453	3836.151029638911	3484.0339330357247	3943.1671959226405	5468.6143847793155	6112.81072926119	5921.659890277469	7246.292965286987	6494.617233796171	3454.0046953149235	7196.560475873988	6295.760027418651
pckA	P22259	1147.2258900948227	9848.2759944079	9999.472725339103	7096.865889638329	8349.11462845974	6004.3926764448	5291.525212285206	8611.16921963451	5552.828666194063	7880.233771534899	6325.005120213359	5504.303133965799	1201.677487132748	972.2163435915681	1192.0043783080037	1126.2713137824564	1012.3594277610053	2848.195827041789	6681.079031765356	5397.382980798639	8367.23765432766	2422.073298246777
pmbA	P0AFK0	1295.240190257473	1789.0660143726802	1551.7406697933827	877.6964355611494	871.9931123014272	877.9851594078365	1071.7408688755938	905.6647573494594	783.4541424082701	713.0748821925149	555.470122392903	540.3709800711465	319.5105842998116	349.8635488815879	1124.6078024740066	1132.248434954086	1137.229970663517	1077.2027623281588	941.1377577907492	658.2117940247147	843.780504498405	1045.8143045854617
ygfZ	P0ADE8	1610.0687162918039	2456.7244209318687	2423.0482838039907	1628.5919631657143	1780.9116104693915	1776.1692510485602	2019.8704451158496	1789.3880587933406	1598.6227734214822	1361.4288068961314	1202.219365440178	1069.940572218109	848.7475018414327	777.0829786546425	1503.0950646512104	2205.791526522818	2037.2453496129685	1984.7952539789244	1763.7603213613859	1655.2326641792786	1837.3194063269993	2081.544059194811
fepA	P05825	373.8662102932119	221.71292067015744	373.95748701791234	130.6567984587243	165.60914046789978	330.22216736302823	181.88216046848055	211.7490053010005	129.12116288581706	104.09976490497402	101.0116813159618	71.72248723555623	1366.0302725231427	1493.696566344104	2025.9402313694404	247.46424031057026	521.0145294024699	839.9722965232237	174.38145570684713	108.63670711999296	202.10080599989965	238.95985071014312
fiu	P75780	202.07115232769246	376.619622486823	480.7221305474316	98.30564732982997	116.16561768112648	244.37933576241227	111.23996146414923	64.61134513770918	109.93216819030086	69.97279819222517	48.65182727804278	37.917931591043406	1098.0803487554538	1078.6368062745612	1628.1204966686178	200.1862151664823	562.9052351552008	659.9106324240636	83.06830003620513	59.81226018562528	127.3904252046284	132.45159693337482
ompT	P09169	13907.66824987477	7843.3011782282165	18400.123238846518	8656.786346423176	11122.833205416515	11163.242029913152	9578.66056372129	7822.052609982529	10293.021161765093	8301.891302179723	7206.426887581119	5432.602559839193	7261.090805481949	8307.722270408587	17958.87865559964	26648.90230948144	13936.208366515211	12606.208104158502	9674.212235061776	7419.936240505812	10809.592746369266	9831.301408270278
uvrA	P0A698	127.2102441358243	228.03011272534417	131.14746806934397	104.83704339597442	105.1205975244676	168.90775092147538	117.56596545712138	106.0076713549386	142.31198607328483	135.22212599349322	142.0733479996257	172.8807007604952	135.17053308637173	133.62642033476038	125.35319281682364	175.11901815090837	210.33690076218016	143.13047899267696	101.24605079025737	140.55589902775813	112.22144451856687	124.66491130611881
idnO	P0A9P9	600.6664853	1048.150213	NA	391.0320202	500.1165891	14987.9185	385.1632185	444.1604739	488.0197406	571.0021688	490.0765402	360.2837429	606.6613811	430.6953445	524.7573597	529.9680802	511.7000408	NA	NA	287.8802432	403.8883395	NA
nadE	P18843	3938.7764036069157	2221.8212337068694	2916.6666915594974	2352.6508790447083	2353.881661992126	2547.879983827476	3084.483411119743	2187.4053392595847	2609.863449569882	2016.078643211915	2005.9172524700489	1752.1002719256567	1985.1067662434896	2059.6147699377775	4553.790125633306	3508.4488067549846	4157.0508432650395	3532.4075591781493	2664.448921760057	2568.623653694621	2147.876039439365	3320.2749507046337
eno	P0A6P9	36149.560351400396	40037.23944898997	41120.00431292582	19246.60092649196	21412.78058801827	30879.54257057749	26523.487562840615	19565.058915744496	23999.100502229987	15737.460338469471	14109.990398049871	14590.771954154538	30290.585081436544	30460.43932473831	43102.32822512056	38136.75946459415	48088.99654910197	47428.99593521833	26705.226518948068	26022.82523716144	23506.707173850176	52588.759646283026
tktA	P27302	3883.2511614903324	7518.916095069593	5274.662651481339	2661.13659072402	3662.19730849064	3210.97872871898	3392.165146804729	3674.544517303534	3387.5454140956203	2823.3435661107223	1960.9850299522523	1508.1564427514832	893.8196199195473	865.1588039094767	2486.5882001406903	3370.8645938115637	3181.953384910257	3945.360571194538	3191.855703306326	1625.1173997597498	3720.7191952487874	3669.136138839175
deoD	P0ABP8	2763.662301946141	18649.158074792867	7113.182408024379	2241.7418664198326	3099.19947233074	2695.0969629894785	3391.057293276677	2187.104054520804	3043.8120266494043	2692.7893054537135	2522.8220357371115	2161.198122519389	1807.4799900691917	1650.3640560267406	2874.5665274711155	3155.6630026272824	2903.645469431885	2882.7707635662678	3111.404884949156	2741.2919774174784	3259.4240584335735	3228.4285600837893
dcp	P24171	590.6377747950984	410.82850510469785	626.948394762117	532.118052996841	587.9017534477928	544.8438631004792	532.7061094898778	392.7174221441806	484.9383408639275	425.0012612584899	397.93833460969586	341.30081610315557	294.1028684309873	243.52668668390768	668.0627166583577	651.1992468431479	749.4967074801805	686.5369809851485	515.9762915492804	487.54277850418885	410.6797922919384	500.0739255864085
pepB	P37095	3154.5404962862945	3891.032330119146	4805.514055814678	2672.7330086297984	3114.20657688623	3227.897915191113	3463.7402141524126	2712.5539429549035	3873.9936255342786	2996.3737381728397	2680.9975739272536	2702.8425577747826	1228.2652501555972	1317.0387716156185	2417.2042661725745	2760.127667575556	2135.968056760061	3172.52973080537	4087.4945086846014	2576.1326475582446	3347.273026922573	3399.3349766013353
argT	P09551	6161.2916900677055	4553.438915166792	7114.27525397224	12700.474809074987	22538.487272586335	14051.356359068912	13118.197508113959	16269.305074966927	12148.104353719482	22781.655297813275	23995.234920404855	24774.564431401006	6511.332791457592	6179.9691340038835	5841.585059481872	3823.412775128531	4574.870627021795	5243.648263534551	22448.664337051025	29462.942334565276	20307.198585558494	7772.558247180242
prpC	P31660	470.07289776798007	277.93819521575443	155.5202131925172	156.27440345521066	650.9094331418582	415.1269209222085	300.66107894289075	198.03843545345842	248.5708073571598	984.7940882645794	1091.6817787256623	795.3098083900927	233.90308416923838	203.2468273355344	541.799075460696	709.3438447910364	330.8528776300185	449.87443745957967	330.38016490997495	1044.8428207663007	275.29353947944315	374.8887344674123
sthA	P27306	444.53733881450415	2699.257312907378	2910.6406822390345	1315.0837366407252	1818.730801989296	1306.0307652132458	1020.2442141018134	1125.4236023526817	2048.1645710844455	1553.5066190411346	1236.1252851685733	1161.2341994284259	298.19626234952005	313.1579438328228	432.32510351355046	320.27645010527635	523.2378850349716	770.6340707461983	1283.7036707118168	1177.8227461046633	1998.108576194303	705.5982523289344
yqhD	Q46856	1051.816518837295	5795.575873918202	663.5847866725667	452.5151830308281	436.30218870475693	456.89938708729704	1622.0792008386993	457.48197291075	669.5778608648177	357.4127669992552	351.83154743056593	322.51559169647965	712.1055137426372	757.1205345202962	1444.8904992438402	3363.542514968615	660.0315472651931	1772.1329751619603	511.1702710570925	351.58844482003343	265.6920057448679	2683.3780766020564
entF	P11454	42.72032972014751	31.605788841093432	50.702805156199055	33.085170385092276	25.498947869770674	43.76233835894406	31.765363602600992	31.960795208155034	35.45900112876539	27.457741619491184	30.3672832357267	15.296814747827943	58.568831085896925	68.54993978667461	264.5160173634323	47.43725126000965	78.93544041441513	166.70543401859334	19.208260057968467	25.818268814238596	23.026071883934716	32.21791841820137
acrA	P0AE06	2423.3969627287875	4522.42102042937	3135.968814543366	1247.5116596826124	1784.9686843284073	1923.7675629234095	2050.0819795676907	1940.7193865400832	1679.5094167230016	1500.7235117051878	1324.5645278470747	1249.8742010454318	1567.4211929756264	1428.5358923675187	2147.8863206643346	2479.417671645664	2365.7678747459267	2101.7629533940235	1807.66562492773	1531.323177866903	1816.4481974846797	2161.3807731181346
ompF	P02931	24017.447325120498	15900.637818727819	66033.90595853895	20980.3698077956	34911.12190181747	42433.755294554976	36613.121851115684	27426.539128508393	44749.770491452226	45283.08806269081	33812.03345311288	25176.857155357804	8105.797854383311	8718.23929088404	11332.506415543172	8628.561531342573	12146.327829884925	23154.638007578542	30964.357960054982	19739.158732438904	28642.7526360692	27043.01900369364
bamC	P0A903	1753.4902966277066	2345.7763725640943	2245.19693930723	903.4865977338434	1166.6262908493186	1556.2070615116727	1349.1386639032387	1393.0751851338491	999.6096742729661	886.0989037856325	745.7871490205089	643.0550438636778	1430.0882182605594	1155.294472149767	2405.053986579642	1801.2467864577625	2152.4674439341616	1694.4556453691225	1470.9951492347566	1207.4505595699093	1355.3018259598707	1650.536650151379
hisS	P60906	1888.9979850975355	2845.0444650555146	2410.932166063468	979.446005775294	1255.6602002790937	1243.6982473173125	1328.2707332902012	1179.1791237942932	1174.4130875809897	956.6672102025158	823.600208634271	720.9824427710594	620.1857691513911	648.8841123661739	1065.9002350662677	2056.8313788214523	1281.3417505689174	1632.8362972343248	1279.1426612363643	1088.203754428409	1284.2866569983087	1668.4961809992155
rplA	P0A7L0	28501.747103079637	76876.99414621017	47365.917908792246	11672.041157873857	17445.004641029365	19397.333751389862	20511.320979715383	15168.814923413802	17008.057542467006	12046.236826922914	8259.630833095305	7744.874354874489	9631.748995037839	10588.266470972536	21183.613492531214	23302.129804012246	22215.134860385213	24472.946339144888	18986.54987931984	12511.142596827052	18602.82846064954	26063.432694257837
fabI	P0AEK4	5013.934458026584	9391.470130533553	7244.073807134813	2893.5296551448237	3970.827390296613	4021.25637885094	3820.7666617971036	4005.93404492529	3835.8936690620317	3063.3715836996357	2532.4357589784713	2435.667610931717	2467.002222564155	2060.1143076260228	3239.5903888732523	4008.630994058992	3923.6741339194373	3118.7281126886364	2602.6224045677127	2307.7191764086774	3420.637019319406	3592.8773352992125
lamB	P02943	902.7715769376185	2584.65456072773	3675.156997392182	1031.9227365610268	2084.013652568858	3312.19469772026	1670.509970684169	1206.3662129188406	2979.2888195548485	5791.186218460445	3176.2863423342133	2391.8772332392364	175.9342691976019	226.52914023148992	528.935066610187	495.09708086162647	497.66305885871697	481.6884191175317	1993.41780203374	1159.072331667716	1519.1577004030455	1192.6612749370956
malP	P00490	274.47055133644915	442.17526748611	347.82893632440897	156.55608230880935	222.92240252831638	306.7167022820023	274.16450029573525	221.7488409580873	564.3967599060765	446.6853237488024	338.5559231553317	220.61756521611343	126.02570958555143	128.36464834746198	135.8347271567942	215.76652685565256	291.59399214738374	226.17217495499898	397.41329291608014	177.22546488733127	237.47255721827193	438.9454556568654
pfkA	P0A796	1448.2088099758691	1376.822651513125	1479.5644553791167	833.560549631009	1004.1752151677385	1120.018773168543	1269.074662233364	809.3203700198114	1407.1463566313676	955.6254488635418	891.6478130648806	821.3864701489638	586.9766763875643	657.6493935434416	1179.9167433960354	1137.952898301962	1322.9704068746942	1573.9650487238787	964.9452826442032	1165.1625886608365	832.7182832616047	1988.0087095458562
mtlA	P00550	569.9142172248062	1626.328371006818	1610.7861392759155	812.3237342230626	1167.7362604093048	1136.285181676615	1294.3066840529093	547.9084456473191	1659.57689984037	1776.7114396430845	2259.613271646317	2308.6526072712795	1124.7157868451122	1432.076375611251	425.5289773032376	888.2079379512826	765.6106538681425	830.6292845396224	1611.6402671218657	1216.7238233105306	1120.8052928385064	1014.0212461436087
rbsB	P02925	5038.316562961157	20978.801338603622	19251.35569374335	13629.529995307523	22713.8636074503	17335.389101153825	18596.571409771455	26849.128449838383	15985.055287674555	20164.986679229984	20926.27001335731	20437.44114642829	5864.925461973639	6312.076374979553	2968.9418416780986	5294.655165459019	3650.918604321053	3592.3968869501514	24566.93334663448	23418.06168382918	22036.611145646104	10738.755932579366
purB	P0AB89	1933.0574314696596	1441.743747272274	1882.9184002700881	713.5733941682131	1407.1896340046953	1526.5794606883421	1495.6097839366373	1509.2422163855406	1828.532437931225	1091.549075307602	827.0298184665002	670.2279039475105	765.8915457179232	772.4527697697782	1380.4236035022905	2238.0280581739507	1527.1974155814332	2118.383230349419	1509.766520196503	914.3382213643504	1960.932956081748	2480.0862327799327
argD	P18335	3919.169667663857	517.4600490407125	582.0830463320973	1548.9336310637227	1776.4896126483318	2608.693462760658	2285.723327980474	2481.986349297131	2759.821802133867	2304.2094397976466	2646.0084999943174	2661.422830622703	1133.1554064430468	1287.8850612568472	2197.7951895381634	3405.5488628683524	3337.1984668409427	2084.5495139389327	1992.2180462222493	2884.08544482762	2023.2804950176412	2927.6356651841133
leuC	P0A6A6	2763.4810848040684	559.3162213866401	714.4606456941955	3551.4908638796464	2940.3415086133955	3601.7947722117515	2919.723119006971	2110.6304980912	2186.3127221822465	3097.7023406591043	3089.629041779539	3612.2298377592433	227.68308141847726	169.7987815551565	1612.4567044372088	1203.6221877382159	1110.4759922230578	2281.270545492881	2072.9870887224297	2278.6287085520567	2802.8157118581626	2576.110661959317
trpB	P0A879	5376.77694229054	750.307760608485	856.2272517205699	2212.9340477160817	2116.8492414231396	3410.7320099366552	4071.2684994897827	4076.619335483916	3153.645057285534	2758.923429731933	2237.0498214017152	1657.7873242986568	1140.4786039348865	1220.278164332587	3994.081923878089	4650.904416418788	3340.369075997903	3844.95957101058	3915.5473058688763	2646.2541541186242	3105.0527380748654	5134.700080038267
gcvP	P33195	337.0076658764726	1070.7020068649817	892.2871590630376	211.15475746782008	320.49177396169495	303.06410393313695	357.021699667392	216.0082918871925	446.32135076336624	236.27310401935415	229.23566883917886	196.07261192833192	148.72488853352425	153.20809608809265	229.68351130901567	390.4663528719049	322.4757996196225	333.61633698841104	370.80750411572774	220.90311457994437	413.4846527215685	500.0626648971578
metL	P00562	343.3490830440025	228.33834011843743	169.96197989041508	181.623385377252	127.91010253489769	192.9050424471605	213.703403498398	171.0750796235086	326.144215291838	170.82860447763537	180.3794397147434	161.53020909401982	105.9553467227449	94.62626753802428	218.51255311193313	474.34614019994325	353.9886698770399	264.708695002903	217.91278577803547	164.77037753894282	176.5726608772658	389.93061314486135
gltI	P37902	4936.235559554258	3664.4555653387756	3587.702510531346	4576.9620277531485	7005.166187207378	5537.8441877142	5920.278125084128	5735.401195430416	4916.059670577255	4861.973157103391	4787.693479436159	4218.021451591812	5315.7149335791	5178.826861048923	5782.656560697062	4444.218419448577	7464.59293130761	3827.596666431755	6017.366361373008	5282.087749878438	5177.800337538808	4554.266316148448
mreB	P0A9X4	3277.0297978491903	5376.4478001237085	4651.111157543431	2215.6956590228283	3072.6796567967535	2833.8714316680985	3507.4727402560134	3181.886719024191	3401.9304084820114	2557.019968872574	2161.470048040755	2054.723739092908	1802.4643404765538	1744.916710906758	2262.546561615049	3420.800272211448	3214.419364228825	3109.550727492332	2295.444725784874	2645.881875903907	3009.1583986812543	3645.5665036768924
gor	P06715	985.8292894631678	1397.7125846908102	1585.4727299613928	765.3643074567442	989.5500818898372	1220.7190374996399	996.4714230527169	968.9634779441627	944.4600004471697	854.2840930637076	774.9565849503265	673.8994958026105	835.9318047131695	829.7743578486782	1038.3636583126477	1166.0919008216931	1201.4425011120204	1234.7184771413868	1144.4106650829706	970.367951687258	1068.8960270310063	1133.6458270690932
nuoF	P31979	393.4052140563916	2075.167732103276	1603.1519305565646	510.03609612997053	791.7581070453343	799.3124729894946	858.8772484999118	652.3859266404576	942.0050742288273	931.057749094798	991.3128124109041	845.3943479098882	76.51635428392585	79.73353883282371	151.63694451071416	290.6253539847497	408.08844890049073	462.62997615351037	762.8175111649564	585.7697900884395	808.0086485407234	790.6189044390677
hldD	P67910	2898.099327373409	4708.036535694048	3874.357610090272	2285.7356013624362	2384.364713536657	2969.6686701250064	2506.946893854686	2274.101874431609	2017.5402699304107	1608.3966437211996	1545.2744459743699	1459.9366366882648	2174.796200383186	2469.0716451868766	3584.350140591977	2810.0718368000585	3760.981453279936	2945.2426077487808	2130.740706373525	2401.0670823262144	2363.1998109348647	2670.309790930513
ffh	P0AGD7	925.0585702037309	1665.3688206442828	1029.7913399904123	468.5568402639281	616.8584923155556	562.6032941279914	712.4837955040908	621.910501288163	736.0629739299801	523.4415645945535	443.40969752279307	438.2178293533395	290.35241259539987	350.292596662839	654.1641944315949	851.9502350979469	698.9200706239562	766.2024046581906	678.3408697066893	479.7592475961267	520.9055652875834	820.5990341520044
secD	P0AG90	429.8813231191465	879.0185179687537	623.3088252254265	299.6394826040874	376.116539831615	461.56701822722437	422.1145815709892	485.9906005408794	538.4866958493332	466.8141360520747	397.1654585333682	385.11473713481104	243.19753552324792	242.28906905278734	317.68409702554305	595.3146286211596	441.2389240079564	478.7813723579343	471.8496320574025	307.109025955131	470.4840722622084	617.1435297100029
yncE	P76116	3465.8816832652765	1954.1345029951924	5201.341031944355	1708.299880363543	2750.1365455117707	2936.236236264789	2997.7725166077093	3230.5465210607035	2162.510505057285	1503.124642674985	938.0151553796435	636.7392246993996	6152.7268910878865	6004.141491805466	13166.623516198191	4097.128535788238	5043.3361938814	7951.963644128593	2858.216418717681	1512.460681239203	3206.3325628497932	4092.1604304002108
cysP	P16700	3913.856144221667	803.5928410781117	2018.6699438425128	2679.8589702759436	3379.7184120674096	2737.0277450548274	3187.1468876559143	3430.3273773992028	2239.02281473747	1954.2444558699403	1547.9760126983538	1446.1935212237613	1990.2419335805475	1579.0534944578897	2616.406168253065	3212.9460229907795	3877.2237568916	2120.6595886377795	3103.5849187357385	2463.55253631293	3109.6731129633413	3166.0075254986737
lepA	P60785	747.9248870205	1578.8258538652851	1162.773461086987	349.2871172710363	567.1197032128812	738.1962520154324	655.8592652157366	966.4348668655182	897.8994194742618	761.2412563582419	619.3887237628654	612.0235540129971	291.59448741154347	278.84430320833246	415.2974004695561	856.3661428647993	612.6728739801458	675.5187274714699	692.6344134682575	491.7704698588365	565.775783140464	935.0225674860488
ompC	P06996	33620.53516834044	73853.75813241271	22076.50069781871	42037.18602608799	31350.382455203002	16208.023912270544	26933.388247822142	42652.058063799675	13184.733120134002	13997.260281796176	18369.374869684096	23417.74771060287	25430.94757504718	25705.74551620871	42507.54555944544	48131.676124124795	72556.14238167382	32797.03912181116	25130.575171047523	31858.92850411027	26711.203686741224	29957.363546790853
rhlB	P0A8J8	496.8590116070946	938.1676395543213	608.0611004246776	348.84388269300655	383.3121460627016	437.12587997245265	411.99179093054227	415.22560652666635	535.191358767655	446.61654861890963	399.0519907721127	369.43839406021937	196.9704292818287	190.46582224747647	408.6155608790315	503.510350813625	505.18956268139505	573.4804998541422	373.57071418433213	351.52667327566763	412.33940982225124	569.9368303034887
yhgF	P46837	169.47367507369188	328.9681536227423	259.34449903198316	104.4502169978536	127.2689119494278	150.26818494007637	134.99461132233625	142.87374423891458	209.10807250152087	164.9715626918358	113.31789027072855	92.30535541825117	62.92682490771815	74.20136454185595	163.75180821262006	312.0294919480888	201.48243152015016	219.40798838489755	156.50280865578014	92.02401562699698	163.8816218392276	247.07291672121065
rapA	P60240	83.97008322968223	539.862084015715	185.2913201797893	65.25317079079822	61.54513367361013	100.16256485503337	73.8760592737387	53.78384044988995	105.67401492347777	85.24847774666833	75.52031490255462	88.17467045800646	79.92481478914999	79.15650918269331	55.67227317003526	101.40477164878536	103.70674890668722	86.39549560100637	75.61850909594597	46.61960027304749	60.53721758288233	95.83772311041082
rpsC	P0A7V3	15952.190710992572	46854.443281977605	33769.76441337483	7221.709763354494	11330.481535415638	15672.95731333076	13263.42273394841	12017.909973836397	20465.930399074252	13375.313386624193	10522.416537449171	8753.54252222545	8495.367778263793	8336.410607098373	10496.76070185536	20333.47520532042	13781.267761494088	17545.364779451385	13133.066115553926	7081.624019384154	13501.401019769923	23409.319460335057
kbl	P0AB77	171.72060769739048	2296.570468129161	1560.2401970497979	145.6798240368965	131.0573558709826	112.83568899028086	107.75174753414419	121.50314691578268	103.1666513570871	76.1566127855092	67.0632644598381	63.67318926904351	105.1791982827679	97.76582886587858	161.45026252969384	125.53605493529544	200.05461416680836	180.15131834752552	114.71160127277157	86.68956982082845	126.19339018631041	144.00012456544084
deoB	P0A6K6	1012.2333316542686	5976.666951393944	1676.2292035966118	1326.7722958235343	1371.2380322841848	1232.4744977727275	1185.827854326171	1026.7378366673115	1327.0710606137065	1410.3463078304108	1431.2566981366465	1431.5593139549276	3187.29766978328	3479.158347148552	2338.6638426634813	2058.026656517627	2907.476630576864	1428.2763804014487	1377.2189894373894	1717.6878888928889	1259.1593537890888	1215.4930263380172
pykA	P21599	1902.1599316169222	3342.923655000004	2848.1824996208516	1421.2594519357779	1794.40027343954	2501.350550165004	2282.303870235802	2180.639721796107	1974.5190101782464	1918.2660622685887	1766.7593202811538	1591.8100366619622	1002.8444583141151	1063.4795369508433	1309.82212078209	2310.750741570978	1739.8456488985896	1864.2870924223998	2104.939552565836	1973.5992054939595	1821.4721658086876	2177.7378919175508
tpiA	P0A858	7438.3099561953495	7526.726180083161	9703.847029063338	7717.217131619631	7757.666605601038	7387.202050152444	7456.272106419519	6821.549132850352	9314.444256240233	7054.67722949709	6336.064369581	5725.63218461713	6877.613030948804	8368.862551687514	13298.75156649661	8159.434339578429	15012.448179415338	9808.08737106306	6227.393794564972	7398.656407591731	6249.537173626107	9342.237076967753
glmM	P31120	1087.4474345898407	2582.377189945218	1866.9149701696822	728.6226084618788	1004.6626264044943	1241.1680570429635	1104.1648961346884	1114.6474845732869	1443.3283865996555	1252.985724569504	1193.6967905214624	1132.164962452019	971.355036378557	891.1202245267809	1115.5177299873415	1604.3474241268798	1353.9153765436197	1319.4248509114504	1195.9945959517945	931.2435530786739	951.5967553140077	1431.9688654763058
manX	P69797	2290.5380809743324	2889.911497032896	1963.3339899272667	1954.3847549393372	1912.8267454021188	6248.437229014946	2822.6458407564987	1065.6271260916706	12028.821185594168	8450.717632601954	5642.4049373268535	3095.264721333801	2021.1848262916385	1766.1523168826714	1455.0171269318496	2223.5311355902822	2054.766340595459	2525.0294538180474	3850.1469049018037	1563.7638444505471	1778.3266214173977	4613.063610949066
adk	P69441	5282.988543815468	8199.190920445495	4815.6801793109125	4032.4597008159762	4676.444335127944	3783.071838149869	3674.6090607922565	5147.8916171751	3156.6690909732392	3108.144105246269	2560.160310414246	2264.5958707001555	2499.0971293168855	2701.0860526428182	6827.269041519296	4717.310472715108	5233.6153417404	4643.250510857019	4013.058965269231	2832.8151978934916	5877.8733755221565	4457.183144291887
aroG	P0AB91	6678.306633936416	1722.4568004509892	3319.002179655297	2753.648328029785	2806.217109564911	4159.201147721306	3615.5168477535217	2625.0891800130466	4896.721573396966	2661.9549206752963	2033.8677453530636	1666.4211472810516	4567.966398950688	4500.789833981865	9995.924502997299	6425.853943365337	10773.51142451138	7571.621664099885	3340.1841451790942	3177.407665410669	3620.846681156138	6779.577581975608
speA	P21170	1294.7651321463336	1661.4773936422757	1896.9410032306735	636.7994549279093	824.3419218191236	890.5102327940151	1104.9064480556433	984.7033487990026	903.1589635232465	667.4541104354913	664.8098986784321	580.9702740793462	311.286437372983	364.87489988658774	579.0961584661641	831.1177140454377	1059.074397758855	875.8340338836626	818.0135884033554	741.7287920690425	721.5228326694792	1102.8723015646187
metF	P0AEZ1	4385.381189105296	852.6066382911664	649.8198686195324	2229.3395328990155	2024.6500252493147	2399.5017084702	3360.4890642448727	1937.0197894134787	2464.8339536417943	1305.2652517359934	1241.672858141162	924.2064154777422	1060.013290302518	857.3827541245139	3127.773773962855	3764.052340480167	4740.672959678031	3745.0330496064475	2694.3080030284314	2159.9472449874847	2316.683448286638	4254.52614570987
idnD	P39346	273.6208274	381.6543208	NA	128.5516534	143.5437583	8005.506189	185.3828433	171.0731907	152.9284021	150.4577797	137.8699918	142.5467112	115.7310693	67.81893644	240.8716246	228.9456443	203.290301	NA	NA	101.988096	101.8665278	NA
gabD	P25526	718.4508040323394	1257.7531810685425	1768.6951959854964	1073.913491048293	1145.571365908374	1464.2644841277313	1132.323509933004	1377.4356020304292	1564.753330503204	1684.9080405592272	1622.4206338912645	1969.4778486125647	712.1624970211567	797.2850893690737	890.1660967314192	699.804808777133	835.5152588345213	1014.1859936255042	1748.2451502971353	1320.306295409584	919.0814367835156	877.3312839708981
ndh	P00393	662.4789623823136	1172.465534913975	772.787460597281	235.6461011024477	304.132514997771	436.68691745888503	443.8812687483348	560.8680748893127	653.9059825626523	331.4723152313183	334.01842278544865	358.8885529917005	702.7899926241466	797.6210732734316	935.2532462184829	1152.7005200773672	884.6314460553959	1495.2700422718751	363.98763253428814	365.09451861063934	411.5534331438078	1131.5051137385758
lpoA	P45464	489.564711196838	756.7959549889565	686.5395981618997	305.7449250319292	430.44331482643884	463.2403639777223	482.90770292649773	481.688145899878	397.0847225934456	344.4197668058676	312.59010206823956	264.93546240582526	229.2443966577789	207.3815854816466	487.6729443299048	395.30746031327703	465.30227748252827	395.29432850061954	402.7259269076248	340.2238471669223	444.62038365439014	450.80300586059747
prpD	P77243	93.3926733027515	181.21284023345353	126.1066180537499	119.99056488713369	590.2269212622872	240.29841946001486	71.35649648063013	90.59881355192927	90.53462411605312	1892.8051664703605	2187.9737702228085	1527.678175787797	76.13481229670433	84.53123784730398	103.10223605913833	128.07260317820047	107.43835834538511	142.74934472195366	147.7800368088505	886.6883844187416	170.92087655563253	145.67382333895583
yfhM	P76578	28.826303196990327	60.42213497262203	48.66057669921096	53.35882952859318	56.57671323739573	57.19551086536918	48.71155967144054	60.36699540030471	66.02379353387882	67.29758823120359	64.5987453403163	77.97566538858149	37.44060520305301	42.60513154113406	27.574501566421798	25.158167960089273	31.99806256309296	40.778736813983535	49.03822097348748	31.86329280125859	42.22299175534368	36.28987036342276
dps	P0ABT2	4697.585181144781	10434.596191002758	5517.361105390902	9276.978397710796	6789.88033295928	9013.662630642184	6461.838576834754	4169.801334945805	4272.9952712585855	5030.876006410356	5467.323329058643	5146.909298378602	78517.37320801926	70522.0119129037	3548.1216087585117	4646.805644270479	21474.489788725637	2608.2342293247634	6774.556187809524	4164.497725500509	4473.649772830692	4999.189306048342
efeO	P0AB24	636.2316554443267	425.96468342144897	1302.9922985360968	284.44046997848784	336.5992803985302	689.3709074282168	249.6217270423115	263.3923397307504	711.9550176311258	475.5176123100464	294.46988481957334	238.74337758021608	2208.5235237431752	2282.467491203476	3799.42442773972	1268.8703929023332	2819.3956323800307	1601.941737780358	366.72762219090583	299.91357523672053	520.9712775045614	566.9634801639675
dacC	P08506	987.6148666874352	956.0250773805568	780.1786102483827	1027.8914947351439	1270.3080809354856	1003.3124231789536	1766.0420948215094	1734.5149475823007	1039.2972070028109	1024.7094806990692	1191.8655931432895	1293.2960994130235	870.5965139025252	749.5002123893653	828.1800022405753	1898.1374880615374	1122.700014729412	1171.4711328482767	1506.1183739017165	1309.9153343644539	1244.3566837513702	1540.2163439334317
galU	P0AEP3	1618.8905502358082	2448.7176208929836	2237.2327294341744	1073.6026053540138	1360.3282562661334	1532.3792269328546	1631.5446755850467	1040.627890436507	1517.152420199345	1221.1718918817603	1287.8237605069237	1032.5949962195282	1456.7096087336538	1404.1397026273648	2504.623397243257	2816.244058078885	2606.3916833322974	1998.9693997433294	1293.9914190803495	1272.2769062960347	1245.8354763289396	1654.241671894902
kdsA	P0A715	2645.1198118869747	4122.976102067127	3969.6619372120854	2682.9336925144894	2925.05773542657	2806.004439006973	3207.7292187892776	2474.0353871630596	3323.832822883656	2660.9382536221783	2047.0632116684349	1669.9748844060475	1859.093376713288	1761.6231384320618	3505.966248486373	4238.878247266263	2872.1938605118216	2965.035915720395	2058.851310408048	2317.9163251576115	2388.107632115853	2881.6569227056134
prfC	P0A7I4	824.5257283506255	1380.0541178157898	1459.0584714215702	402.0860326104185	456.9781697443643	465.05086743154925	503.3330361224386	474.2476176306523	431.2085945181402	288.3842614718851	237.5660280424198	221.03823643796423	173.92884192500637	188.65486879109397	463.9279689456842	737.1512667590686	549.3095368218216	473.48625426367374	423.40997644645734	282.1736813465492	513.2060311594428	608.5958691847487
rpsD	P0A7V8	13608.366632274216	35054.87391964434	21596.2426845641	6649.877228535305	10358.460313428408	12616.047044568066	13327.33059842386	10327.996600924107	15690.673251146785	10430.060727902752	7909.664388001364	6843.012617817948	4677.567485840607	4569.512444680167	9019.149968317983	15005.500649729627	10238.453416489629	13532.650379275783	11641.162663045732	7219.362266788836	10552.030180455444	15456.668357536772
rpsG	P02359	54021.67619245677	136334.01412081288	78873.2160456791	22645.065596290955	33374.52615969587	37004.76466285808	37344.71918395254	29261.936975488567	33809.72894587874	24753.17706810271	17000.713103791517	14890.885408015003	16942.39588169885	16991.903141643965	40197.28578742384	39601.81329385275	35330.36017001013	43214.98732577477	36240.039189098105	19366.548171556544	34068.61274890981	44051.51752105648
pssA	P23830	295.973964750019	729.6809020970032	349.56635321652067	282.5026704433407	395.1527880450883	414.10014463451836	386.5923266141398	457.81158715527465	583.2936545178925	645.1384887417809	558.2101515951963	671.1962730075692	153.4367251578672	191.13545572999405	176.0719296125141	241.09574219007715	233.13387728340234	264.2464978903462	395.0446515658538	327.3430504245633	418.43035155879363	402.19929489535446
btuB	P06129	676.2004478750324	831.9581532244425	1071.506570678768	435.7331415818161	506.13512331981013	581.796161180832	502.98061952603575	488.59423237682915	426.3836214014049	333.83681608898206	261.57362798169174	229.31135156828174	245.813599449839	327.0972570180542	509.1674929029815	250.1519265721439	474.8956269612024	499.2305121729494	449.7337604304783	257.53879109973684	506.72822426741607	521.8173293472136
serA	P0A9T0	11353.30330041645	909.5057554554661	2080.0798512277715	4662.439604350697	4870.844371984019	7542.020934316817	6065.333473197832	6098.608559911782	9688.832471678943	6093.261886942232	4134.519481720772	3348.746027088999	5474.069184574288	6439.239705001598	10969.026764619868	10294.412070652086	14109.397264620498	11906.267705133367	3009.272123148865	4104.2817103345305	4324.674982376814	7681.824195293574
fbaB	P0A991	2159.724264307133	1181.7439518305255	1336.3249211578357	4225.967760975456	4257.770363287809	3386.879591472692	3371.071474139716	3285.413135782795	3597.3505668293715	3701.6630978146322	4219.121043118083	4571.724500886521	3886.3463808114934	4514.458182860116	4193.3807015834	4279.067796356383	6530.122762029014	2779.479952279421	4288.16725652469	4515.648018543269	3769.672145615726	2484.228113808434
pgl	P52697	1801.8301018934612	2202.750463979455	2845.0540237010964	2923.549858682701	3090.5787368030633	2194.422918536791	3349.023294112445	1775.3158756366004	3262.5306581988193	3048.3848401829996	3489.798608549647	3274.5128093121384	4134.243123920489	4100.71342235346	5719.013818390098	3523.021161277792	6492.505517508938	3014.028865624612	2635.16359167862	4656.652198385592	2455.1383047513254	2487.9437434706306
purT	P33221	2378.611052071421	362.6960450099671	1290.4357903286354	732.8604448674835	1262.170555949171	1694.6832376143868	1423.8536547450378	2359.845849877487	1416.3329537772581	920.7212233104806	748.0187708299446	537.1876011098562	670.9933718680167	667.0484900181875	1676.8003381828412	2228.7854753018955	1647.038092910494	1507.4319920036503	1426.216624956389	1253.78861923497	1239.451887792503	1370.1875274686874
asd	P0A9Q9	13769.483388685638	3849.274056439874	6746.142745411115	8322.5576953621	5885.6607194350345	6185.726368073569	8940.444888079483	8246.09341731268	7967.070608955241	4931.9629850222145	3578.3876102181025	2576.4015697262676	4814.507685730709	5089.520839516108	12037.151261446419	12166.858689479212	15966.142840403703	10346.161050232224	5858.173071737177	4656.664541991586	6188.271328142475	10792.129146140418
gabT	P22256	599.496942135222	944.6042488533776	1636.5859329792786	1061.031833668444	1287.634551993742	1673.8185106580397	1295.0895945373948	1523.9410735642496	1637.1992754238104	1736.6944982382743	1837.0936253681898	1547.6602573064865	364.5182368458901	397.7501197647681	604.2779224648491	499.2855938865602	680.9229265201731	751.180934257009	1377.243982172093	1470.6200273991867	872.8998646727554	901.7931541199966
ggt	P18956	172.18570132521066	269.07055550889635	363.4680732316514	152.8966531739841	328.1938886196219	282.72434317051926	279.19375781417546	212.94927355575857	207.03927203987766	209.2604016342165	184.59653418773541	157.4922657393207	161.7186108957936	113.91321160622948	183.9952211762311	90.19865427564939	103.43543827408172	130.15018773689502	210.40601060128589	210.5009666144837	220.44511866193932	144.55015761859138
pepQ	P21165	1238.6965393440587	1877.0870243321974	1966.8361179085027	1083.1381675465188	1346.2099550531357	1475.918269182265	1363.7351162210512	1279.0538655765529	1333.0285966565796	1231.584894315875	1152.66620243738	907.8232372674757	565.1259585079844	543.6135340064428	1146.3007862184074	1790.6375572037919	1239.7137590412385	1303.406063079103	1665.7033742088943	1471.2796452177042	1469.3654287772197	1431.7030741603485
proA	P07004	944.0301269565832	1214.3642967329743	990.4304593973644	685.547799359837	742.3185432369086	786.4305678561278	950.3116526218334	798.4961496913045	930.8631758198164	856.1482726159596	804.772480837971	756.9124766603074	589.2638479918913	524.0482654588827	902.2056330389381	1315.6677793261972	1113.7739434031353	1036.335099632194	794.9571073377145	920.5095486631819	819.5906414546876	1066.8915811808338
proB	P0A7B5	679.8858172505109	812.094522028281	518.5741654204377	434.92430975698704	477.15060669879665	484.5857709564495	550.8400713567545	599.227204629893	627.4081180460043	564.5934175403064	466.6616043192127	414.2077214981948	201.46518625195034	217.56943549158854	375.14058569450117	799.8964443501234	573.8746658734071	707.5435337039405	612.578467560657	386.46683270307557	502.65011871525644	704.7576979784957
minD	P0AEZ3	2775.8418528028383	4928.185888101286	4986.463607319116	2638.1858904396317	2706.3443685750744	3019.2486527725277	2741.4280229691653	3301.3697951006943	2902.010771017444	2668.687679820121	2558.4214060949275	2367.8724629332924	1305.2525728305313	1349.0706438332606	2899.1735853457426	3592.4643116444336	2944.769444145137	3135.4144330508793	2700.2940635921636	2152.0431043358326	2363.246950907165	2572.670956788839
yajO	P77735	464.6355614804208	356.7201509637156	370.893847568294	546.8200970223796	632.2300547499034	582.6377312928836	577.0129201598857	419.88013546408496	425.764605342847	471.9125324016571	523.0091292065315	668.5329917207964	718.3076111934156	582.2863087286257	760.9636035544827	505.23599699371925	759.912009736594	407.12726511766834	605.802371209435	624.569028381764	425.9093677463494	423.41047177446484
cyoA	P0ABJ1	2615.6546242725412	7655.1340078735775	4784.367494958021	2103.39029244901	2430.0221931865535	2176.079385604863	2205.8973428920935	4384.062360238375	3404.7401919603444	2227.459678604473	1717.7767065767296	1844.3923562681973	828.7812424540818	864.6598030319612	1720.0385974135795	1866.4739735831538	2241.7492922128895	2580.0996741284966	2128.7666043868808	887.1928054808548	2496.0858620947147	2755.3600645074457
agp	P19926	501.30949009533384	1366.7579226243186	777.9183858454098	1380.4358681744463	1245.1673320742846	951.9366636038767	848.5244389897383	908.7615627466762	1231.7127316317005	1587.8764540964298	1871.4252969614386	2130.7569516028357	1181.4274501666182	1264.1320561725886	528.5728576465676	900.2859333836714	692.1756571880724	646.9904172589385	1239.4552596629312	1592.3679497564872	952.8468561974405	908.989808044443
mdoG	P33136	992.5615310835448	1264.5494475355185	1047.0423187167908	555.0635172659547	828.7926523100185	752.0009016524056	929.4497840778618	782.609894931151	970.7278518924028	734.6608477978517	676.3365474211336	595.023062340693	472.7529803270459	427.63943251246326	695.8361036417365	1128.7200317526049	900.7613507530536	879.270499715959	848.314522572054	628.5309589710096	789.3659806946197	1050.3518979977514
corC	P0AE78	214.8854308185583	362.95736894311034	320.81648890828797	348.9118064970384	367.47717727402255	286.3615292030372	331.19007504149016	324.8190485850358	415.46154764683695	363.52311836612085	310.4949822676769	227.46931324101465	188.45255078094507	292.8647171664815	458.1148376813582	357.1109034658159	538.6791858335183	384.30420348204893	255.31719279557186	336.13503030747603	311.2770294300138	358.8235324311125
phoP	P23836	2966.842934492049	3132.448276949947	4531.644684042846	2950.3959191685763	3084.847902086077	3153.6243138422556	2952.2340845262756	2265.303626089103	2704.0747906914858	2798.938198325192	2429.682592628058	1880.0503504074427	1253.1296537168146	1269.0483919655417	3586.525890059579	2701.943806569066	3196.642483556282	3388.685581850484	3039.0762675132755	2332.9027659370117	3019.871048381572	2936.8609023288686
bfr	P0ABD3	3413.026725359587	3039.1496098322373	2965.867099075752	8229.352158667978	8092.03601284252	6902.120565794557	5651.016879012769	2959.30187888097	5056.197968392396	7680.622330979533	9244.531825031285	12498.679854629865	2799.0690024841233	2933.9457260078584	1587.2746657480302	3777.402206100394	4382.824947656921	2178.4973456460293	7469.350903240722	9741.601739059914	4798.158071630059	2946.0091839880615
grpE	P09372	5905.139502109935	16829.516901935927	11252.175139955734	4235.409294603268	5147.976600149445	5976.193490408228	5885.615840099946	4545.915731707141	4972.1931436296145	3835.449240485752	3380.3421126471703	2729.8128566496307	6164.391348993158	6107.266193385223	8277.069229189616	13012.351682113966	9140.706458547971	4941.257626952062	5052.9730530493825	3504.721681832268	4761.509890700636	5774.0850178313785
glmU	P0ACC7	408.9099344550093	803.7883062515682	685.4055852863461	265.64053295147914	305.7119231386727	278.58087075250097	425.8051386608048	352.11281078670396	501.85243909117526	334.9036415705932	282.429809500781	209.02318094056744	244.9416651053335	316.0056001306253	454.39423358009594	500.4774241822684	428.75500051840515	535.9231358965595	320.1027717262101	257.27159534719567	359.3092248369845	532.8571318657422
cusB	P77239	2333.2176603002454	385.2424106199433	290.8885428274372	1923.3510655999628	2790.86635153979	616.5571064774994	3262.032678571887	1330.3114976729312	1312.7006539604472	1123.8980674782824	758.1117899399034	645.5689856766793	353.00252554425765	279.9890404200124	432.87058530381034	2287.2928335759802	1587.640398978473	1704.5379807285553	2391.2013494226276	1916.4258147250257	2710.650783188923	3821.936136835235
rplC	P60438	16502.446028566203	40858.35453277188	27954.3172597457	8088.71599946079	11342.844341181506	12676.145391180193	13860.00647416149	9930.616007468787	12166.944692774518	8673.032478289924	7188.690053681977	5614.797630702403	7816.229251541916	6987.418530700055	13923.425815047407	18682.896710257846	14960.5149917087	15110.593064488547	11704.616124490316	8344.681043625227	12406.92639504312	17615.137064237137
ispG	P62620	590.2013109722363	969.4580736900148	837.0786464666361	356.9605904886858	382.200815636049	411.82755304496084	454.8270772461485	399.7440862220794	328.0831206460597	300.31408002281404	260.2434863987924	224.78128136986865	146.8270220381102	49.090687361352956	308.7489628388952	520.2378596099591	319.4648259448542	420.1462835277669	310.5506260465463	222.1659638331529	321.37484317115525	393.4766460427029
pncB	P18133	592.7601501246236	365.4633918788334	680.2452542699649	367.6055743336926	495.2280453703673	523.0280362737536	564.0003744770572	561.8134981717781	479.9656692903953	369.7131086685824	306.2741566987848	260.30843377823305	57.466800294913874	43.06317884087714	457.1483042561458	521.8564889752082	492.9195297675496	544.1825328741501	416.2300805995438	360.4829398692235	470.18284033353916	516.7712023739937
bglA	Q46829	368.7815274515548	484.79271829957105	525.6579727388524	276.2134251332468	353.2119654270467	392.90713409333864	369.5467502721918	399.16329549006144	275.0258995382358	228.52881193689853	213.94505256313454	182.40491729596314	178.65602377638956	152.70451731161765	337.38352502818145	431.0705470380352	378.1416626734272	377.66829232043597	278.39692433535004	296.28247952875654	288.3769479099928	309.67104927186494
deoA	P07650	135.17911430215247	1555.8832632054184	126.735327669026	94.98877709827066	127.03509628621727	151.29692530369832	92.69164563469675	122.06392238380816	103.94643477980728	116.19755335539625	118.19710723848353	135.20904308298051	201.80145010176352	217.93447437422515	290.1018836675802	212.13975088127296	273.4568860632942	183.18470956917753	144.45355257871725	122.91143537824513	134.91630941887198	123.24606945020457
udp	P12758	1726.1073455947292	27495.4003432954	3288.9786497254504	3105.0437177859353	3722.0544848021	3025.682739003205	3259.394481407881	2631.2058095013267	3979.714076499275	4685.711388331661	5489.694801366872	6197.553184811378	3523.282590167301	3065.5030637372447	3167.109272576345	4375.552677473914	3963.0958866496517	2532.0172980183356	2506.6399321661374	3268.3885522852065	2634.0911516628325	2444.5520544297665
upp	P0A8F0	23304.990439744783	16450.393817810746	12778.453851540824	11467.020793772717	21550.27411483973	16913.83687517887	21630.122894327636	13437.536885153466	16252.064384123089	9966.112199340763	7016.011908296531	5855.608278081683	6830.122320423274	8739.077682028263	18000.560873008293	13088.90769942122	15042.311848793592	17597.441368245938	18709.9720568571	14409.723082598666	25934.28047194517	20058.747232924346
prs	P0A717	7427.629703009819	9371.672690305011	11357.409409806394	5519.168185268267	8364.7157853545	7812.896442247567	7878.679451476279	7820.936964961793	6873.953921004286	4850.028285521089	3548.79418466589	3160.357801222177	3241.3178023595483	3968.108512945416	6919.977267251929	7407.692825549758	8818.225764225232	7542.355178673437	6539.0842515903205	5139.04786783878	9774.055836160609	8799.689220990247
argE	P23908	2144.504827876227	326.07113531178675	569.3798496201717	800.4324221680205	910.9770047651405	962.1756226652387	1377.5051581696619	1328.832830312124	1306.6000064380964	774.502681777899	850.3394543563577	958.2068359735075	970.8318264844028	1054.4688546310938	2624.84371426402	2207.5942315508382	2481.84993753955	1534.6797856755775	1176.6579374377636	1319.4018233950176	924.9442174808237	1833.4313257002102
aspA	P0AC38	110.16136028162224	5577.895473533937	2987.8088975867727	780.3149211220446	885.8214454395592	376.75752347838477	446.5423280846744	550.8089759483605	819.3860411822966	809.2865792199069	591.388253716548	601.8972281945813	456.79320374765655	495.3950617628881	109.73772103123524	122.16792138775939	98.64937935296209	263.387749845393	675.6618490337103	318.09377234391036	785.4281865444063	219.94165103344776
dapD	P0A9D8	10995.94286047332	8341.743651964367	7288.142602910171	4576.723224427762	4797.858572070972	5688.895524148163	7306.340317053927	6905.172729626444	5803.143704042529	4362.103547101823	3663.195817793273	2584.838336656917	3658.7030271828835	3657.4787387076053	9312.474238160277	15880.922873738786	11825.898348928686	9708.293517032673	6847.564888921497	4061.2700063670723	4961.8433394190615	10131.413141335646
hisG	P60757	4025.338592335302	504.4414464386895	4683.214491954817	1005.490586260381	1635.3184854988124	1670.1553194659202	2818.3963448636623	1695.4065889680494	1973.642538565379	1648.7825674250284	1511.0824731375928	1092.4449698206067	461.6322249786236	537.261674017705	1867.1639785709292	3234.5382768846007	2212.9253061245613	2781.314729029623	2498.812439628543	1691.9850697670536	1992.1515547074464	3004.4662125736854
pepD	P15288	2408.002072274497	5960.563441435283	4480.411069704197	2836.585526463047	2804.310541837372	2659.3650692841275	2873.8581818211533	2563.1794624919175	2702.778541370049	2432.6257022221203	2052.2929305261996	1646.6033355196953	2079.237970136208	2243.1377734469493	3713.598241445136	3627.865013113178	4321.879717560799	4082.7891834263487	3021.7398612477523	2407.098158627303	2950.233333227011	3521.8493492997163
pepP	P15034	616.714725371117	972.9784114609126	616.4960659360992	693.8207221158212	805.7654991651525	590.6567805779885	740.0121707348752	751.3952021066164	812.9553001051377	741.1647236266307	711.7071776553336	598.7905489285431	465.62044573015146	304.8068159620131	636.1385563113315	578.9805725714579	506.8734152403102	629.8979550094097	754.6074294653894	839.6876852975531	720.6710050061957	608.8488235203105
ilvI	P00893	440.6946937293866	113.6859821828319	106.62407190320019	307.40409657581466	343.22024887681494	406.4589678972294	471.68030624590165	462.0467532016386	452.09385545044887	413.3696024428194	359.12616094492495	283.6557971021228	222.18916721153354	248.19617370628401	368.80224387442405	404.9851911066828	423.7251983554425	448.3279311439105	362.92986581435514	278.2891132861865	305.02355960798985	443.4168563239163
hisJ	P0AEU0	10758.841049269951	3331.708318182099	5038.452213343045	4228.204686254422	6093.85917993734	7981.437376489848	6560.012329489418	7714.581124756716	7385.330882895985	7457.007375483393	6222.361696415879	5667.577501248345	3538.799177867491	4577.773280070124	9529.826680172846	10381.79526075918	8325.63597985019	5752.854484000507	7498.732075892937	6330.437492876127	6513.717934744691	7890.273690778367
ackA	P0A6A3	3061.7364516573625	8612.048964709265	3954.031521274545	1458.4208318810454	2395.2309450308626	2066.1723165508183	2586.716109234799	8276.879246100309	2005.9550204746085	2018.575217615786	2028.3293995964857	1992.0317887994433	2325.905934468046	2094.0021220315175	2919.216693860799	3367.871933061814	3790.246154620738	5005.102795315093	3684.7287173701766	2982.287506307565	3424.385879362669	4779.970718779696
fumC	P05042	498.22072348534175	995.9887801169267	937.9251497990505	957.6637554064828	1092.4146043475284	1769.6457187594754	566.8059489042515	612.0881768431976	1357.8581436391366	1649.0219844233688	1693.214179845962	2219.915411154767	279.945157608958	281.1989072898393	414.8803251877294	324.16317180347954	553.1247823518808	426.9138677131217	1270.5940930402862	2031.9546614511921	942.5416093793284	670.1276266999519
atpG	P0ABA6	2306.5774208335647	3812.014185275358	4604.181152068795	1639.570149296423	2288.445365392595	2260.615684556834	2413.8961354532707	2778.996618933188	2449.8058274419245	1822.8509596701786	1413.3114794458695	1074.6535695231419	849.1611473749241	792.4691666486721	1171.600001970441	1471.6246221523022	1086.4160119319238	2089.17631179074	2140.849260328224	1553.0452906368726	2212.3065878840534	2249.5763521191907
fdoG	P32176	13.033289596694743	2034.0181485128285	25.441221763141133	14.662837403588512	14.537218370479568	13.039796354959906	8.438914555462379	16.626288130073352	13.954896637357365	14.971027601224813	11.364224512483654	10.884279342565746	3.8169954734594307	5.366958451880974	10.720803905543118	16.319250719426968	14.103091999750033	15.12949497626806	14.645828799043823	10.434382478367858	13.394951434247073	19.59994237097682
ydgH	P76177	2728.853001477489	2669.122514484766	2633.4655746373687	1567.2986228863078	2204.895112474727	2791.7753774312505	2437.0756920573854	2397.377202572538	2173.86173830921	2031.0400892054845	1802.1134499266573	1381.9251665822962	1247.777660173727	663.9743707913595	2467.889701172976	2673.867510698243	2972.1274309788428	2601.015743245797	2373.721879386584	1910.9184661888573	2176.3995110620003	3047.238750025192
luxS	P45578	6889.5443120643085	5304.870366075348	6094.390660903996	5305.371760322679	5369.583500048713	6384.233578008134	6922.226505914895	5629.855630078517	5066.139573251574	4092.014347063106	3895.141211644426	3080.065491517655	7973.317250379368	7518.452228908255	14457.571342218578	14012.862630636508	17462.486168240397	7914.868802584082	6633.72374347801	6199.490951154007	5412.1488161147	7668.811947676808
yfbU	P0A8W8	1231.6106410507325	1387.3268544070334	1701.723347288936	858.458815392978	1122.4058953785925	1585.0156057351364	1765.7157660817409	1055.7635163796658	1270.4735905357945	989.8666442366646	932.9411263586179	833.4972005785703	1184.9072030385837	1043.4933891123794	1489.851346631132	2662.9599310347735	2224.5439123741476	1873.1074417065754	1322.8384028784806	1444.397244229235	1183.5242138800263	1784.9137142948016
dkgA	Q46857	327.7043153804829	734.6000449835931	452.56622843303575	321.2238727050944	354.9202891719176	445.4115151937842	468.33301279947705	263.05174383971746	467.13789804051646	325.4031134010352	358.6984449340085	412.25858215191636	1326.4104114381348	1316.1144858834837	867.7381577121125	645.3307431708397	648.5766375171381	418.20208372515697	207.16830808629547	460.6474043787542	203.2067438230227	391.7875238740117
yjgR	P39342	173.6508714061009	118.08071245124758	172.51368735933883	154.41098114063414	218.1958395100019	187.88690026938173	226.65733779169102	168.99436411791342	178.21444343837177	188.60447903183746	192.2037723463191	258.56091527901714	193.3143216850445	242.03360834155188	179.88302414149695	232.31359094211172	275.5947229292889	161.62957912797847	220.3732662917442	277.0100730095691	211.84730782873598	135.5668679366858
metQ	P28635	29883.659670058878	3958.0882349456897	10224.00411316371	12300.04866517369	16942.510572943145	21539.713920265585	22396.563320208676	18443.037764584737	17034.909568972547	15840.740671728645	13967.276193455009	14389.95604966147	18266.67225960993	15681.868314039039	25695.818295375033	14487.79980902091	26075.51114607007	23398.329725077267	18142.091896253933	15331.53398236579	17991.85922119656	21037.51788788796
galF	P0AAB6	4864.691186310556	4889.9090006913275	4704.1881412977245	2676.9731138546354	3780.8193548926024	3784.1461592971114	3787.376444752107	3081.441387370465	3271.8918470202543	2330.8817897348813	1974.641412923404	1576.9675146778652	2108.9541348856355	2293.307969270841	4444.6559788290615	4176.502652238731	3946.520887951639	4710.036796491917	3514.146419821699	2667.894673066422	3775.2033015668517	4556.15972623363
murA	P0A749	650.2555821822322	1265.7736792743738	1270.8625717071768	353.6955503457638	408.3788036429563	597.8880878902156	642.4563434336659	534.4038193842115	523.630122206502	434.4695454878967	350.4351937278843	311.14932985032533	183.95707375614842	132.97218877091692	548.1258310776676	478.062981406442	423.25521392349833	550.7093463880861	371.0824933113131	353.3828917696423	410.6218439105784	538.7310022720709
rfbB	P37759	1009.3751896321932	2504.2053839001537	1893.7523637612724	548.975574764344	630.9477324513841	616.6219814692319	695.1996384022212	542.9695376857958	581.8943437594414	377.800702578593	269.1185748718675	213.2744673818419	250.08657297490043	208.07437674672838	685.5093157661422	656.4975497555677	625.5944182607749	782.505988132952	574.8826489168919	322.4047750215624	669.9866157241546	894.0604294425838
recA	P0A7G6	1514.4805166174876	3139.195667560386	3467.1009316312407	1138.2530958872808	1741.2193879349065	1931.6717378574979	1919.216334633133	1743.4482671198223	2328.7656513049747	2157.212939563914	1779.3803600515778	1515.5411060835415	582.5254388928997	626.3744495993951	1340.144455851537	2182.641324941619	1253.5509764256637	1749.6663452634855	1738.5851792166932	1462.828246814804	1754.2891005816446	1750.0358628595766
ligA	P15042	290.3095809455638	647.2508995947534	643.3281642819758	215.20009580282192	304.3107619272668	346.45913857125316	306.81903832743643	238.76451870345332	319.72613512733386	256.2963874500474	212.78818864556862	211.85861136704295	168.2526758278299	120.39559393300065	230.19459690195453	349.89642944123676	294.1019923546319	370.7097391175359	358.82339712534105	258.67162636899616	389.43973927815364	437.2134527419718
srmB	P21507	300.78136987153977	719.2622193522898	384.9643254528959	287.4486583832286	306.58635431415036	319.97363806686707	313.52241358877893	278.504640660376	531.0399637065638	475.3684352387046	441.05749019885974	423.75570080432584	140.8832360419004	141.74015038111983	206.3027006737557	351.7328036693774	276.42893837971144	284.1397125228419	335.57850731739916	196.00560696720282	268.3892827667436	380.5494721113045
tyrR	P07604	132.30920658177797	224.50724278853238	143.55519863016607	76.39543793609997	119.22479433969706	134.75404655151095	153.8900779207024	132.88689727270963	222.47440463884445	164.41750703083224	151.23363289238682	141.5704999841421	61.860533934391576	58.16082865048856	121.74211567977888	133.0752612990977	142.05935377112715	140.56818660101004	97.30113908513593	95.96193971220613	80.65348007251661	131.24891476404693
map	P0AE18	1478.505946582712	2076.6361284781856	2127.806032431769	1055.4559119910336	1216.2326534199472	1321.4336892876058	1323.7412553163758	1097.880521485785	1106.3569487853013	907.0216119964409	731.8983246367873	630.1077183097279	1190.8038863407398	1244.3122511918602	2785.971109522656	1866.0343009735964	2870.897042373253	2034.4801544458337	1215.4700845407099	1027.99178653785	1291.088888547129	1629.4609846528213
rpsE	P0A7W1	18042.31896219876	49612.13911683774	35629.76105233915	8213.440370486902	12376.53037559911	15647.511397600401	15683.52339688655	11107.115806229613	14055.483409832039	8954.65911661859	7237.630392325936	6496.649062860911	6752.574251371871	7024.808448491976	10923.396610405027	18247.212771390685	15376.523198955183	15392.666616804101	11497.8082752722	7900.211924769808	12452.747885699571	18413.455866133332
rpsF	P02358	17452.045426464312	42241.98567974899	29319.36559444277	8724.020619889472	10379.30260552353	11938.25033964744	12148.095680585586	10029.95534568402	13163.441162541447	8789.124345360602	7067.875415526208	5764.488264046062	7861.264817883696	8445.020231416187	17827.361939051134	16393.595509067593	16202.925560873797	14693.58425074956	10542.625306884713	7342.39939850566	9912.59646229622	13981.590360848026
miaB	P0AEI1	967.0369128692154	2315.050484129136	1209.6058968117197	313.9979886120419	596.8474125051041	512.6511860494811	604.2432903524758	473.1967035329376	486.7297455487895	351.38167086852275	263.43688280963573	249.05827644521656	170.5402248521058	134.44960240917638	218.33404142244464	506.437198852291	152.9947500640639	427.0739478904514	483.8435301810672	344.502205426699	649.2986183383489	684.2796159672197
rluC	P0AA39	152.12774013527113	325.5885792760391	166.08202828779056	59.19330743467638	91.41253061553425	95.7233724545926	88.78274814024009	85.57192768918607	97.04326125378141	75.87107489005243	71.51358378126974	83.07745823126362	57.66985221288353	61.119996392590245	79.64646724398887	137.79658757464128	71.14655155273618	88.30074548393313	65.8546819778806	67.22582442513703	87.17702530008853	103.75318680504928
tyrS	P0AGJ9	2277.496795442501	3362.3052576047407	2874.701555674385	1117.8875173884987	1261.3164126757622	1791.4287482787356	1609.3253834198858	1336.28381169974	1609.59246321706	1190.784007487965	1108.6779606277196	913.6507780676502	970.6632652206829	1048.3766140081832	1989.3265872735521	3368.3389832958023	2112.1261057181005	2205.672590554136	1497.6397263221297	1221.6775449544937	1458.8383739160138	2186.9376559537673
gshA	P0A6W9	549.8076297979023	610.8677407458122	528.0806799652647	334.6628004510673	381.08280495452624	390.7778582882911	423.7178393306992	369.9491957791688	324.4427707491971	331.77837555558966	302.45114150171304	253.64528435826318	191.69200798404106	182.81345847816763	514.3567758196527	488.49103236533216	583.2576351304907	400.0115151991622	352.1855933893134	338.0442637223619	325.444869240158	394.2825562003097
hemL	P23893	2909.3787188043507	3784.7300156733054	3661.348502738949	1537.571949733439	2182.9884919915576	2192.0029869267228	2540.76910092702	2155.264552192497	2124.7250408500136	1740.905754101086	1445.7665258153204	1151.927044102632	1030.4349532877663	1044.9871991395578	2561.160019457811	3029.0276189411775	2631.2100193708347	2629.906221468964	2047.301878567304	1741.1199684306093	2068.478909912759	2685.677046761877
ubiE	P0A887	929.1701801885329	1738.989906800057	1488.4358615405233	571.5463412389985	798.8676220311048	828.2558411989878	780.5274165134822	812.5172547479011	801.8601085026445	765.1531131295437	620.3402801298014	537.509358876479	178.17317289781275	197.3415250476529	558.3104634300174	1012.9753414662085	646.7278917959943	755.7311986432001	679.5640009348577	600.6988388240122	838.9289279751083	835.9167327605659
dxs	P77488	298.42816679950676	697.1577282266082	433.11680156283103	210.34074669499955	325.30247850360877	316.52129886125124	303.1741686949472	307.60470726074425	326.81345039304335	301.7759991207258	261.9651579046724	255.5571062080423	145.37106190422384	79.29775842953838	151.0960980724917	248.77509240825657	142.81487935714378	218.61505745614494	291.6826668979436	223.5798800342877	318.90824084268723	297.17285624659155
gcd	P15877	43.3022470803103	85.33321334810854	37.20032127393736	28.000507131809417	23.559122928989627	87.05084852342036	21.787061700711742	17.9312777799585	75.51080688743143	63.108862942202514	85.30212200154861	106.70708747335348	222.90660529040576	366.439044901355	224.25570565276865	62.125057984690585	338.33601040505226	78.4466070756802	33.22357588944671	37.252537338895536	26.62533847514341	35.67015802211877
mtlD	P09424	724.7561703402758	1458.9552509349835	1435.330592278418	967.1180050096496	1000.398406934424	928.5642455834762	1006.1852285599324	564.8910564605421	765.0428745490042	715.9017642301255	680.6344448608784	879.5704012454266	1601.8649725946022	1615.5476720924567	979.0896079598812	1204.8741149918596	1090.3716437075805	789.7433392331752	901.5956456978752	1033.1056148851644	853.4951724681029	733.0355182609788
tktB	P33570	753.547170448593	378.93066831127504	499.854608459189	962.3436958854164	912.7578483408998	933.5600944616873	922.5124697956601	629.0219359215807	886.8450470334659	934.8674844139903	1176.7488068595158	1474.0724059500137	1149.6759217362835	1226.636327543373	975.2623595750836	1021.0873490575539	1620.7979156152956	654.4435637233339	970.898053846547	1489.4942820669082	852.737235115009	666.5949976748034
treA	P13482	65.84625145350314	69.55482734063395	85.81367591318975	145.55470451367975	201.84850479793423	131.4180053361735	134.34441707530138	105.69557259896993	107.5450526954993	153.38979103127136	196.4817585148222	276.4261897027105	186.85552257249665	187.633273579005	107.76487909004611	70.00735614952819	128.7965200248821	54.430180451761935	137.65049878587436	173.93355880993383	119.96691275178117	55.63693115380956
nagE	P09323	266.1611518176257	1768.2153438923626	814.6866342883318	387.23996784622665	580.6744367453707	1830.5879077912227	545.3941827338733	664.6498976653407	1246.8932949351968	1622.7515841923855	1348.1657132300365	1432.261063546663	145.4979045686412	172.02602302369385	98.39726414556091	296.54581543110976	157.4987093848547	284.56403516321285	926.8171508467751	1139.5760858667795	570.0974899018779	501.7605485024581
purD	P15640	2115.146549952321	423.2531053718285	2132.2089156583065	801.5425392088208	1361.2272998873805	1720.886115022667	1512.0070041661636	2081.4106322804228	1162.233214923423	714.0086551441133	525.5784513855399	381.5575693375871	942.4220339808473	855.4790880776613	2204.886885436017	2173.4745862325112	2339.45194419942	1705.4120744075399	1490.3026504188078	799.6856472719874	1335.0631912197812	1884.5305205410957
pyrD	P0A7E1	1544.9171004298955	518.6154152160576	501.4701389511579	614.5722704748844	954.6373827276203	882.5026319222617	1026.561810617119	704.1002150529835	970.392243767653	496.06586146860474	307.34785062122216	236.03669287880314	479.29417366286697	479.19028514733117	1044.432376302562	1099.6119607783355	1185.9737691019438	952.4148530507731	685.4871799495752	589.7580641982886	1061.7245013320442	1206.3164328717633
asnA	P00963	1765.8597013829312	601.0583666613406	27651.647561321362	535.1631684506021	581.2095608686376	712.4714665026703	830.2443215902874	1029.6119756595106	1050.9479284247288	578.966976471082	346.5893545991957	185.62476505191924	80.73986196071293	77.42143946942979	937.1093927298876	700.6651371250351	873.9014876358004	922.4713500683321	810.4314581362901	363.1179856354134	587.100943239952	1229.5197532961824
dapB	P04036	3081.7814109085944	2525.2604152880026	1728.8271071755773	1619.4210623450304	1223.435457841401	1652.5951085902175	1753.003411388976	1654.2288389324206	1466.501715457711	1088.1610306492437	976.6003629683307	851.8004427977111	2435.163299413086	2469.372008387555	2665.689472099861	4076.7353800659125	3941.7864546959195	2034.5816529187468	1549.3610612031016	1068.4501234611137	1115.2969726617687	2282.07695381881
ilvA	P04968	139.80232727831623	97.69077737984883	96.71191495744162	62.44362315053115	92.6691158332399	147.83818896049428	100.13335555034827	150.42794330784915	142.83910461562465	98.26186684518095	79.06437076461634	59.13297852203477	70.30073637485025	50.179885504635834	243.86534902222206	213.99947799547473	187.7339899744555	229.70840558930544	104.17899950054682	79.38518672664179	107.30829383492807	168.32029613494905
tyrB	P04693	1769.6701946813319	895.1923682756203	1209.0954726778614	1565.9680417458935	1499.5609430711152	1548.4861544054004	1376.4979948177388	1719.1893122227077	1498.8658125209424	1385.6421182341871	1007.8674653856407	613.3325002144752	269.32349292333413	273.16790523485264	1542.2899118993394	1494.340808699233	2403.579045998992	1909.0859965890556	1658.2438294113783	1194.4336151450757	1772.6397179024848	2106.0494406729863
glnH	P0AEQ3	6758.751510941472	5617.979225072199	9587.482141739212	6784.177659515985	13169.547443336185	10570.79397223134	10621.153726371522	13814.845472675199	10760.286950466492	12194.08593965717	10290.581094909874	9543.825889793028	4209.35579379226	3662.1442386014924	5608.17757911663	8436.050086665417	5241.528519963609	5215.461947671862	14562.586181537785	10771.865914643464	14393.810688034988	7865.496911268782
pntA	P07001	1938.4964810357299	895.2359308536425	683.1663728640435	597.6727054647899	877.7964212111776	1675.279698013642	1349.1758813596966	1412.06764106153	2667.497388448761	1959.4290162997074	1479.050054765252	1114.6543190341088	767.7036616261436	809.1833935342331	1205.1179709525802	2400.770177686263	1401.5425981574733	1698.4151267469888	1282.6495935106252	790.4443558417856	1226.637854073632	2877.042867014362
pntB	P0AB67	2976.7772741056237	1460.8807444627764	1029.4949783805641	835.1789257711426	1351.2522337270877	2471.946869238	2158.031691173898	1746.6451969385753	3720.8530119712555	2533.9091816034384	2206.683572723993	1713.084219752217	1163.8294650843616	1088.1947927142885	1548.5089647042428	3677.0396133156637	2006.7963919159522	2363.3493391751294	2113.604572378206	957.7137765959553	1415.284738592195	3579.522931783567
ghrB	P37666	1787.7135540732856	1289.0810294034882	1547.0491876355206	852.1083987056405	955.1460811724054	1211.0368197017265	1155.51156182266	1395.0608843492857	1242.990690866226	789.096506793159	635.900925923859	391.8143934266185	601.1305660189153	628.360051703497	2283.9672324289695	1661.3756878683164	1827.7392164651244	1987.5872705658103	1525.3148410500455	1050.0203916231085	1135.7306526988061	1676.4807734364413
hldE	P76658	801.6794408560424	1348.6541831407146	1139.2290517164583	423.97680950852913	644.9234306306424	618.0718766990254	740.9452147560002	707.492136664137	575.7475739311501	523.3144890441771	469.73812796559986	417.1135043380658	422.936300394374	397.1407519781587	538.8918331103223	933.9850349861488	579.4750165166396	839.4610229182442	750.5788414446044	619.5399394656756	666.6509940511488	823.89379528828
acrB	P31224	282.2641857046326	642.7209372928564	378.1467415182971	211.54816730266145	242.77884584042948	347.1943464793898	303.92423285147333	309.1838145251905	391.4565876748634	329.8616355667448	303.80940935310065	296.2933540993779	360.69304862411303	360.8841653761209	263.1096925035541	405.9498165713104	394.52874823886305	328.75608023032265	241.00707298569395	172.1785183887538	249.78894873731466	402.8494941839116
tolB	P0A855	1689.9113833692459	1404.1778184198117	2148.144071062648	869.3853041179426	1135.6564265735005	1509.4212205114445	1265.285961123223	1222.0088345293627	1334.248587429885	1147.628460632958	917.7389781805473	782.8453238552108	1395.6732768323427	1223.8561597017845	2071.731926209924	2409.766501678293	2741.232101489774	1475.3694749907959	1038.6609624179714	919.1992721387079	1046.7589541324037	1404.1484437025154
crp	P0ACJ8	2048.0522249791043	3449.6526459559896	3525.3270509452477	2420.6150419022256	3247.212026273312	3184.356851999388	2654.9598869484016	3775.674081383224	2867.723513993716	2506.1910888851917	2653.0370803365354	2880.4393735700637	869.3219180923079	1711.7440097727956	2434.7437401576944	2631.1117913008043	3127.5622618167913	2364.3835012010127	2535.708110360109	3197.383266447515	3458.5738679367823	2397.2996279276017
yceH	P29217	857.6383404539046	1137.144399401112	901.9772803876299	732.7907793975226	659.9737514602779	731.2356361712644	816.9271057311332	730.4068181183018	788.442858026658	630.1533970892469	538.310562793489	447.06747777739315	693.9758958841041	652.518596846694	898.0567320672009	976.5210404608215	901.0625527482368	865.4377231489027	809.3456553049325	735.6609615276343	635.9245939581133	863.291425772136
ygiF	P30871	287.360777880178	302.79973797239325	334.2628005875775	201.3289275066182	239.05634611757688	284.078683277737	298.93598134224135	289.22969353136773	334.39716524246285	297.2445431802063	253.7246549838241	217.07445677912696	91.4804846425027	101.20911014804149	191.09738514460807	417.3526059599827	274.8898690378728	318.5617352493593	272.1318465363682	231.50803693408363	260.4840207645294	353.08051617667076
yheS	P63389	55.997624387634865	136.67727182896675	103.06786199822554	34.60565677850887	53.497997850216734	60.246768187290094	49.72990066858963	45.23764433417119	77.46468280911189	49.60978071894512	44.685530763324	38.21674061121109	17.40374005245342	20.67298126754571	33.61762991454525	87.46040658148205	36.882310047241106	41.23576759945997	39.244331487025	19.458299895300055	30.762760661433376	51.318533263579035
frsA	P04335	247.74750411449355	270.6962025114691	173.17481468533506	165.0688613716667	155.8225973387925	198.85829228360885	185.93982195807882	182.67051522143223	169.5899542016253	138.59921277214875	139.47644223526657	115.281080068592	134.97699946163843	87.85784494259177	206.64182978522618	331.86662106682496	278.8734268760871	222.19886969069978	171.72197287913548	164.0459857895388	128.15830113927782	193.94444009976695
modA	P37329	756.5727911525678	1058.207440339941	1226.8280120351556	604.863423733552	1031.2428894313975	711.8643084211143	995.0239571308944	806.3950394717256	1329.6384477737242	9101.414487846268	9212.470831787226	8074.864729276955	365.8252659028401	470.8923639311953	661.768476780156	833.382784921292	878.7998594257638	621.0794329901693	839.9282035564232	811.4231096110686	792.934510076901	840.991135340659
ahpC	P0AE08	58487.427996480736	77833.86487206267	71074.9158495467	56566.82193675558	57307.561347177616	74766.78206039198	57080.3091016293	54777.90974443814	52016.557980815895	51146.19393804548	46847.849171182104	36229.231691655135	6524.182878038552	5722.885601322921	73779.71766040225	85208.27000178941	75592.39361247435	66271.05731768528	59398.54399263556	43106.08659797394	50610.03186832733	64361.56463721154
bcp	P0AE52	7595.265449143622	7716.966899941974	8689.052010927076	3520.069725089376	5108.813615823486	5791.076829453404	6662.443521651425	6910.038071929477	4919.202440024254	3941.055992431836	3372.50821785396	2464.7529748764778	3801.6293520022796	3601.4875872895095	8638.811171814148	7540.278017899307	7854.294836407942	7392.499737484526	5294.434702304114	4041.2707254105057	4949.609784146464	7583.429667301677
hscA	P0A6Z1	586.7682966079885	1039.61269099535	821.2915311054054	269.0660646854776	315.1717580201501	312.7247986001514	424.7236064695754	307.42916648373927	363.59195390263886	256.0628456051547	172.75069885184527	136.7305681905752	102.44726302110331	105.04286321842619	479.3514376438873	790.2433791085564	393.0869708754276	587.5298943958986	356.4879804440377	226.79144136273405	323.7989167552554	475.3961391297247
sspA	P0ACA3	4717.877230870647	8208.414018901236	5713.677730632777	3173.456187178184	3914.88136853014	4024.3659825227196	4209.747980769266	3805.471285564566	3401.609924221198	2675.033777453758	2416.6362347956474	2149.1805583674563	2854.9350040297113	3063.229573750059	5538.956308637819	5011.204373434908	5602.164103584149	4630.728471256417	4273.5833212323105	3400.806285837331	4270.665696657186	4814.645421241415
trxB	P0A9P4	4438.980537879449	5508.664939669832	5014.2384072772	2114.509470671293	2561.4504234355595	3082.241833165012	2845.4212632074405	3365.4222983945547	2678.6437978795093	1975.871621375741	1665.4028023248156	1288.1393973420682	1348.1718527428316	1454.48008507002	4303.573752596021	4941.5142300825355	4304.75188072482	3504.8650558847003	2859.1073547555793	2027.8872984324582	2575.273766696107	3606.654096694883
degQ	P39099	845.5576327015212	848.4664316169801	939.8442756817049	701.854686883624	894.7076596295594	858.9163834597508	1132.5708263663698	1038.3951842938498	892.3803128942925	950.738612693254	829.2329991261205	814.325874402631	519.1552404553426	528.5506477138989	743.9543601980296	813.0649031449985	794.4854290721295	837.5832712018156	1211.113814736323	983.6663356574745	902.0176797317159	957.6062506733244
dacA	P0AEB2	1348.9455753291281	1960.0757713787582	1606.8916433260245	613.5689094091688	848.4344645211476	880.9617567780293	1110.8135139135866	1006.8193419227047	897.3055880917667	635.1589729462075	508.5093140659682	466.9577760773493	700.1685053998938	590.7483816055175	1091.789329234834	1392.584631338714	1243.739378999519	1220.3284021760303	906.7539087215448	629.1848375466354	863.850041709104	1188.0198433838102
slt	P0AGC3	80.04622003629095	89.23720279981005	69.75895271145345	72.3160033227859	96.71266220880726	60.34644996144579	109.59128046885257	103.27586704578741	58.66496206740305	56.71672152122627	54.73413338919863	66.3545004676041	64.5085365288147	49.74304215537908	96.41780124748641	82.71227826611496	62.21419601129713	83.82420267830724	87.26535494808104	74.8766004913166	74.33580272319135	72.43274534566204
deaD	P0A9P6	559.6774632497394	1898.5208594082749	800.0164710867366	155.14724941111686	256.9008915417581	293.7843665776362	315.1592168589778	208.62679728296087	470.0025499303701	289.1941291707839	187.26590944283785	119.42597007856963	32.33698687094641	45.64574797732937	230.38490460887525	244.80780601315934	179.8277303448507	298.750694088678	280.35589720612035	154.3409535950834	280.23414306530503	478.9214550323293
malT	P06993	21.088414448329463	75.3767278352877	46.89507285240853	23.800536820209345	47.2397654580659	61.74286996274879	42.5239260536299	43.29023202603252	196.55955616206896	196.4129946336191	158.2864926363507	106.84091407982388	11.235560497489292	11.123912290396206	12.964675428623776	12.006299986917867	11.81064250536637	12.140610265837756	65.63778351531121	20.134176136466582	44.36962657042439	43.47541413973595
nusG	P0AFG0	3933.846142734306	6938.361756082767	4984.301879004634	2575.3207494775343	2888.3664584506687	3463.5020126642253	2963.900852055515	3187.4835785003193	2839.6499188848	2431.2287441503377	2255.195712686974	1717.4479169110318	2047.5135515147772	1908.7359563391553	3522.9774236944136	4144.614563494927	4072.2113787925523	3689.074213662438	3472.7639482719087	2408.018586677569	3222.6159932599367	3673.4766498586464
rpoD	P00579	648.017295328516	1656.8337287678708	974.7861953980914	435.3230904382962	601.9267696113941	622.3370894371503	591.2011301715542	601.7006435261335	737.375662935973	557.1255230349292	493.9049222960649	519.1031436887534	460.65584697953267	457.0050962201092	546.1257127941304	946.9392780592575	717.6689077804108	695.5504890031159	498.39551035349893	372.38539682023037	563.901504874964	608.3027998426533
prfB	P07012	1681.7285711677775	2891.970358542398	2808.3655052190406	1143.2414063430404	1278.0722810876684	1354.397857996892	1362.909571813514	1115.4358497658893	1367.6424774126294	1122.7941732747188	885.4986448733954	680.0942858172879	800.0066165334547	889.2595648448586	1863.984384937077	1729.0611819457533	1814.7994704291839	1775.7354165053905	1323.1030332154628	941.1586547055546	1255.850900633503	1572.3478669620572
ychF	P0ABU2	2762.005306607824	4454.1158217659395	4762.551559505922	914.556346522799	1572.8039435272126	1837.4922043620818	2133.1348541790117	1685.2427794807754	1752.685093204971	1257.6153944987998	1064.8014034239902	719.6231377902052	631.8224610362323	564.2359669889374	1892.3072425717814	2222.287983827303	1801.2798699619275	2000.2515973881068	1667.0263875269843	1053.5503367266565	1652.6223679978643	2112.0269178042076
fabH	P0A6R0	2120.3728745674807	3559.4759804752966	3122.3754960564356	1481.2840266143805	1677.4876148830006	1780.152583773204	1894.4388920003114	1951.7201420580766	1454.0377089189121	1377.241330259659	1244.0663959904907	1096.5132814960723	871.7033108747638	779.2507758888482	1506.5225644897844	1642.9838568926937	2094.3974673345697	1642.8781425106752	1373.6187801949939	1164.7515056292723	1218.7584351589667	1579.1365233667811
thiI	P77718	197.52403487327194	537.2739610544708	278.2669190814925	83.09127072383676	105.57025204423627	156.38375402144925	118.28506870347391	104.05662029276807	216.1038874102697	130.89930027441613	117.04135891688867	75.19217754012661	59.97193999168761	48.499339242464316	146.2899304163889	250.1950896546716	159.643385916888	195.58022656496954	147.76651011180934	81.028627014846	141.94747999802084	269.13987667245505
galM	P0A9C3	1240.0954072370228	2363.3499624998835	2129.5191374733554	1130.0989801668975	1243.2053894094302	1424.4902229835616	1458.7239211083809	1067.9327801346765	1167.398091497749	1109.9759052883037	1000.6430916738815	837.1321738140543	816.0032036586006	782.7033940475048	1796.6048947356326	2684.1647037154885	1415.082145433007	1354.746805134381	1387.9550690907604	3098.163633275136	1265.256748842701	1278.8559361666462
gpmA	P62707	12056.033529597662	17792.500232064747	15522.244784525476	10380.520951062632	10626.36367441339	12451.978012342739	10894.985534034267	9316.235326373371	8972.398999156188	8719.176991243747	8277.434121184138	7994.338313165576	13827.884366038694	14928.03415067041	20937.258885923442	16500.730581871707	23776.0024110312	14826.129681782884	10334.40385817457	9065.41395838781	9526.53887617749	11012.65898385221
tabA	P0AF96	15854.439993751104	12655.87255277435	16606.739742630118	17331.98079880359	14192.026675992922	13421.287463494178	16864.476627884513	11933.041614503063	16589.60084717071	15399.917200028005	14748.264989150739	10360.699245436055	7716.100712397255	8000.445475895518	17346.998167492064	16795.065164263102	22276.49786848258	19023.783217322387	16831.876908444447	11322.943467702415	14352.225770783223	17077.715356648765
deoC	P0A6L0	1162.1503616162022	7170.233721429626	1292.1323321495481	855.2049891118387	822.4972433550106	1085.0169950089999	836.6340964830924	780.5745782210357	885.6890254565894	798.6965466051126	808.8064172114497	894.3920190092527	3582.272034085403	3142.374718844499	2263.1194325198503	2024.2194223624165	2753.1420424430635	1456.7673336926166	906.6251912085928	872.7654394035502	702.8624161539201	921.1702779649332
purC	P0A7D7	8187.594223518504	1498.1925088523064	7666.71672904147	4917.729297050049	6717.806930820731	7161.966600980971	7056.352211128774	8675.022522210687	6902.088358456071	4803.74306507918	3610.357086224401	2827.852978543734	5027.794843590586	4963.824084261292	11080.330734620671	8893.03868448791	13138.493920548648	9073.863423142122	6300.566300653354	4691.722311444487	6454.08076420837	7297.108503155955
codA	P25524	3065.3272735609708	690.8778395717192	1067.964401989978	1421.578929520783	2947.710755913135	2286.2314323400456	2921.1946836898737	2208.3902834647984	2811.396358774041	1637.642794276731	1097.7667664769558	844.0133006399013	832.5699755477801	906.7626528936967	1827.4129634041053	2048.4960900326587	2051.60334259329	2173.245750651255	2033.9537622277228	1482.2946406533215	3621.242365138343	2963.1578227805385
aroF	P00888	2076.4152957125148	454.1691761248288	411.37834090514093	1423.1449104739813	1041.5597921734734	1096.429672237485	1980.4533231955384	4244.901313698433	1230.580195374429	678.0029001308071	458.75899055086944	353.68346790547923	124.30207494503851	82.71502218488104	633.1033707209134	159.23500846165948	465.3699539631349	327.29377258281744	1034.6866650750987	1114.0680154840998	1288.7183924089761	3377.168287620449
gcvT	P27248	662.0918415262678	2199.480626873567	2090.5603650628773	251.4889111893091	425.87690683389195	563.4564574544393	492.0253958912346	304.4737956684329	404.9109338504468	200.28878705128392	169.7662344982141	134.85488368765726	263.667767513273	245.19357459342677	461.7005106753524	580.4314627567071	560.7414137797754	394.78555380742887	374.34701512814576	255.3658205041076	420.44883927976093	562.6867660178278
trpA	P0A877	4387.319906143304	1705.214725057498	1515.7716556381874	2382.6870609945695	2536.972821969061	3345.7181354405197	3796.8130388807353	3398.649259681773	3625.4920083248203	2959.650267190075	2349.862949009664	1822.7570930032316	1129.195389084917	1082.240851954744	3856.5999563236596	4066.9703782609395	3007.0385838462166	3178.2648242225796	2698.7817388132917	2617.380730689069	2359.473198747544	3862.8665254304224
carA	P0A6F1	9256.16937630136	791.993820077897	721.9038060050541	2961.2826144967903	4953.9367935257205	4690.539819479175	5821.504679647895	3994.4083338571886	4854.987249599191	2681.598807919032	1857.8128478192775	1499.3807475937472	3104.026701431869	2625.3089166440923	5838.271001036134	8529.370413502138	7221.646811288323	5979.798816910743	4197.843639619149	3448.624242034396	5537.248776033269	7523.995892914698
livK	P04816	2647.4635912885665	391.184282315819	990.9632495037383	1108.4779867266159	2514.1283548920687	2700.819191132758	2328.714570815929	1837.0206512901768	2334.2776563022703	2205.8143973953843	1791.2878934354412	1214.1668036237786	770.7981928801124	1068.63587834371	2446.9235557263023	2770.2620638715575	1881.7493235238567	1874.3808334375938	1967.268898454314	1698.1738443475106	2396.44897882679	2313.383839522752
edd	P0ADF6	81.39122197	109.1220114	NA	30.81505744	46.01593658	1987.705977	41.69494782	34.98584939	34.56551275	38.64886098	30.75451751	22.11714379	63.44941267	32.82094513	68.82309784	74.02728967	63.26983646	NA	NA	24.92600322	25.88371615	NA
ftsA	P0ABH0	571.5036932996159	791.802177191785	733.6566461181701	578.8983722072305	525.5911479183635	445.262495332387	543.0153107203964	539.6470276834829	603.4138585266106	518.200831521501	449.42298435171193	401.5037191912227	198.2372574954605	222.134361263745	500.5633576473174	779.8634099120757	618.4251910128423	634.2415833543022	488.05436926508366	389.2713174744403	448.7746542417019	564.2649470426869
glpA	P0A9C0	14.226265189771102	463.48464790913346	470.9549464248527	15.309619820381158	15.995465542969896	15.9206529894807	475.84135784727334	18.842095112949302	28.737709120037582	16.745046786587192	20.214719296706985	9.721244148755043	35.955590123420464	29.90650736512666	55.41259736212837	24.344115734137198	22.271475686305443	37.513350025152214	16.1828705441523	23.018869065469488	15.65780730868493	10.538834080044886
hsdM	P08957	345.81583242970464	768.2233907664415	497.2611951433929	105.46463853142319	201.06969644930285	216.05130932983542	225.8823514373002	196.63798699366774	184.02625527726792	129.3570899269772	95.94695857029944	79.76268029110108	58.405719041782156	92.13018271946774	180.23442722027096	381.75692218687345	192.115820606776	240.9210942492987	170.50713671047814	122.39605594106096	224.29951331296508	276.3912885145777
ftsY	P10121	1149.2509520720112	1802.970782609894	1566.6252150926375	690.1399884266759	787.3972780579244	925.2531313381971	898.054418194831	879.498343696392	844.8581505373603	904.3141753419956	685.6663273471194	719.2213201662737	538.3865052353025	647.0244259392803	1250.0648297196146	1036.7555938894366	992.0283176442047	875.097258540966	919.4455724356591	669.85655034071	722.8081962396576	889.1013618467615
damX	P11557	911.0902760084332	1193.7958239836717	1091.241130317145	531.1089441999751	637.7631435011941	772.6937541071661	658.2099057583316	618.0775084710054	601.9941322168853	518.7573940992037	475.15985201859354	487.7542942691981	873.3273178307913	615.2383311954278	1353.2339300532187	1387.4701889147896	1235.628260923502	803.0403609502453	616.5324047887458	627.040636712579	552.6054702972912	711.6973567781865
yeeX	P0A8M6	20276.685616801562	15121.65214086982	17533.857119780692	10290.494011108016	10542.145539755933	15053.361091416018	16560.377508255588	9829.021499380591	15333.081766670104	11556.550539477861	10540.050387988029	9878.329546076524	9538.242388985593	10558.755153696045	20902.253514551405	21870.857212565814	18045.840585482725	25008.169839933707	16260.818388300419	12231.061163200577	10770.059836226079	25653.606284712394
yicC	P23839	710.1319588463716	962.628899261821	852.8447943465037	634.5042451487246	780.9084524866805	656.1800907855718	750.2127281992092	783.0836792812256	748.1515101741476	633.8785783957261	586.1508438808701	570.847851808665	444.0066084918108	418.70291475164714	694.781511266716	753.5171797444264	824.2959057918584	717.9741547391995	592.770624922933	685.5655660998145	732.7060846247392	768.7384847071396
ybiT	P0A9U3	342.7602180648201	736.5664990696839	380.5847071649837	137.14046473560884	181.5832008151196	205.74672398096396	206.3631887178076	161.4185740810165	195.76001269155856	158.55504511812688	123.82661945106642	96.01271185595976	95.55324692044233	99.50436628858938	173.7410473685517	226.80763936780718	169.0012485060329	227.0537942310804	205.29375988870257	126.51376779967038	192.54893266166368	284.6658207344407
ycfP	P0A8E1	792.6979671811403	965.3858853503389	793.4390086570411	733.2579185625998	748.5844759879924	756.8083522653579	808.3244536841778	687.56530916938	753.297720817394	725.623538629623	693.6731614938317	698.813850877405	452.9988546250966	387.70558811739096	1225.8817337249252	1244.4671090549057	1616.9338232841653	899.1991745513221	842.8436260373461	911.7666943072766	757.4859620605984	765.0276395210528
der	P0A6P5	267.06507276079816	368.87360531709487	289.12497840895765	182.094194124347	160.67606467462238	181.75951819474366	168.02313664448437	192.71091599618325	348.7335413223213	263.6030598104479	233.68329399251894	195.51033513348162	81.90002843043537	77.41353656006905	113.74349806292769	182.81046149607525	206.02665935197012	187.95170752858593	163.23566812994878	121.05103261479827	122.39405812505886	232.19518723519226
mlaC	P0ADV7	1567.4019305816203	2178.0417211120916	2247.525350794583	801.2543336846782	1303.390386479068	1679.8931981391352	1550.2901179623746	1324.6061118101227	1024.4452929674944	1030.772797594107	983.5411152176232	870.3984991700274	1163.2634949688363	1011.2636307084616	1767.282262983788	1790.6502315257424	1753.172910679254	1399.1841000151444	1420.7855985024032	1539.3753232166152	1352.7581095874066	1390.9622354069302
sodA	P00448	21660.111199198403	27082.243905667525	33716.976542172255	24614.401002679686	30245.987588053107	24694.879382595187	25317.057067814432	22602.163572817255	23528.114943219818	20649.566225812694	17326.72846358044	15727.6561743562	18207.816058278622	18770.5347748788	33132.34145215282	19631.514060356953	31613.70073987208	26720.44656135661	30604.72795151577	25701.445626842335	28642.526468895736	28498.529300932918
dnaJ	P08622	688.3969178961984	2010.5292426744563	1493.2984706825803	494.16878114485826	756.4534095728023	720.1721172602447	741.527722845139	588.9701611852574	666.9359805869126	581.668373661938	450.8341985908382	366.21722411753245	650.9417295522113	475.02265405906365	663.7669235832489	1798.099514800036	841.6570986401348	773.2439560291424	588.6690057764031	425.5010977032779	597.5765035290142	605.1677668304902
hflC	P0ABC3	1290.4424638476576	2127.800761481718	1473.1401271976288	725.1104327536993	1130.6223785987088	896.2049617826463	1410.4805542637398	1191.2024249280603	990.6952251123132	833.2315853627213	681.8054059337312	593.1208289824259	692.0415470266151	635.1691846593712	1067.8977670542042	1247.9653510856567	988.4398328596071	1312.228427574108	1228.1188701907722	859.0112090263084	1046.4008399829663	1398.5991268180146
yegQ	P76403	264.82810303654554	683.5954990137832	272.63132952243086	169.0615357072727	174.55183954725638	198.069163280963	169.20214296770058	120.08827664297725	219.8572083550976	165.75791393379288	122.0020445617456	119.16313070333572	34.79125908417017	40.289024769153436	206.0495624095837	383.2422575672371	239.02043093722483	252.3560450070507	150.2391204936598	82.38432681144924	193.0440055117717	228.959160811541
galE	P09147	620.9442339620443	1752.4399690722628	1436.1202821344011	526.1376393060481	632.3091898360288	772.9028694396393	606.1074131204977	649.3456346570887	547.0751294420686	642.7899690450657	548.6574570947846	450.7211491128228	324.58065037200663	288.96881194570193	614.9359214241374	438.3660348660268	384.3987938248427	523.4707406099876	748.1116545743488	5287.4099964959605	610.3264886206073	627.6182589432732
glf	P37747	836.293498161101	1589.9744614425806	1284.133210952637	607.4061297881918	654.1322938279574	616.8140703602244	651.8637221246673	525.6933093208961	652.8967212713493	531.4568621722549	363.97876738234044	300.63922932297714	149.11977766394097	140.53085862471426	625.1945950012608	401.7428972717043	665.0268156770953	739.0626170403013	577.9061438369695	297.4813973376929	572.9327976891595	671.418931340655
cusC	P77211	1474.5059342613367	604.7722455613593	388.90050840581307	1187.5938754774284	1553.631523298568	466.3484109166165	1834.413752729539	982.0332561617762	829.78857697969	744.4998280460037	546.8798868482144	510.7161655005077	425.0493703500471	250.4767867975021	467.3774988751063	985.5813310646676	1343.49022791835	1251.9243434828536	1345.9978968284527	1397.6795366094061	1593.6689593015021	1827.3822039568279
uvrB	P0A8F8	134.0388289452407	158.00998342765	127.56314279469488	113.3159148494745	122.15908438282982	130.68015624939315	141.43217306522618	112.0448906507682	134.53875664894136	134.388418430586	150.02166772124474	156.113721282466	144.79291351826305	133.35133829925076	161.63693790505425	190.90316516662355	173.34444998523878	184.2724625981404	152.6776277002282	149.79164454336296	133.50046049740854	118.50985072829327
oxyR	P0ACQ4	395.4546474662879	577.8417488638935	472.71174405425745	208.75384498193696	316.3087345751907	365.57719799852686	374.18835510431575	424.47078448637836	374.32577668906544	344.10002802804235	317.13654040507987	253.47817046534607	160.16002989186188	134.93689201548557	273.5966861311945	408.57300423824245	354.54909758718327	373.50082292067117	363.8414134994175	342.62707110453465	325.0641702864943	451.30711595359185
purR	P0ACP7	826.4673356264026	645.4618256489433	917.7037177433169	546.4517278392728	743.9103686156917	766.863262948489	672.0929682730244	791.0584458438981	851.3566549435153	796.4739409951436	679.6119451307341	698.7194536296015	370.10589330196217	332.6473260295822	514.0870355360919	1060.1885459183404	671.1275375032419	779.6155770976341	582.9279882404524	518.8922810828566	728.7947672811125	755.9016805726942
lysU	P0A8N5	493.1844988680554	2371.711724299678	695.8158116169745	267.46420372123777	338.42481296501796	380.5469733756508	393.992749988997	274.26333200336575	434.2795911587294	328.27663422884865	283.79128454133263	266.8153721028513	331.3608033303289	290.850501033592	329.2952259260255	728.4817187370063	511.97503207574925	479.3008726571928	333.880623401931	250.88163666149046	296.835183210569	414.4602264757525
rplF	P0AG55	18103.785134523747	50098.84408197464	33659.28624006259	8547.49076132926	13846.717769683273	14030.701724937691	16302.096703277024	12043.734885197771	15530.855068240657	10364.1542826785	8051.415605642903	6966.132386330551	7759.669944687321	7676.210911796103	15875.92056340116	20363.490206479128	16942.47202614561	17521.272046030495	13429.012476702732	10066.597807401191	14715.917261788436	21401.200967258672
tgt	P0A847	846.0980639138222	1066.806174162133	1360.6050377853246	369.1910939931845	478.34226679759706	382.7413457665303	479.83500439894124	351.6813849581816	369.08476511518046	243.29538434496695	185.96843251114555	205.68874381489144	220.87157350298102	216.4471478409056	452.06420455783893	681.2377893908414	656.4990065446846	479.68092696196794	374.97273278282574	260.8575838467189	507.9972918116207	524.4198688310671
trpS	P00954	1817.9583838817168	1999.7081081324473	2250.77437791753	924.705054652017	1098.0886943081014	1139.0962822727342	1372.0104582984657	1221.1948148162908	1092.1061734897173	853.7014655163795	655.1297328707642	613.7691266812126	539.4082053378447	504.72838782048865	1253.9511634645248	2095.8558992163753	1871.3298122834044	1459.1824282848886	1166.0981712745834	823.3615196732449	1135.8214072916635	1549.5860854326222
fabF	P0AAI5	1916.6122689377326	4915.7861224182025	4765.893011676418	1235.7873863137715	1824.988247714475	1872.6626809687018	2137.799034029678	1578.0798446652832	1890.2591012657542	1624.384199013478	1398.536814561509	1173.2594701249889	1429.9949594675325	1161.9971896714314	2360.9948637206576	2604.1062003498046	2091.4339816792362	2652.268719158294	1908.5897682218956	1947.8512331842437	2195.561022368083	2270.178972525604
fabG	P0AEK2	4675.289182978368	8990.669269294734	7632.215850305198	2521.458482608984	3354.0272519119044	3515.3866526939664	3491.515309269821	3347.342253818718	2991.7021697776577	2481.1050213567387	1919.595559866044	1747.1541292579384	1662.6298830548985	1530.2745698416206	3623.447477913007	3235.676210693791	3880.3512737336787	3832.584199663572	3498.5951016047525	2531.136042515196	4198.4201782548835	3911.0305438897294
folE	P0A6T5	14176.37214353687	1658.8836000232536	2573.892316512939	2920.1848142141744	4856.021670822506	5830.060375081105	6842.432497815174	5102.40628919715	5775.38800311285	3188.655009990424	2087.322056659726	1294.4200448182714	1026.2704574131194	1151.4995992786369	10153.037223368727	6804.148278648182	9820.86354153947	10011.529508640657	4257.0637206320425	3466.0410382314376	5243.782574313599	8801.308269337089
nadC	P30011	631.171962948106	568.2633228128387	596.763791330183	404.6907262478423	490.3678169300497	484.250661006859	561.5639774731665	597.1029757593024	430.8351970157173	400.02710838427845	311.158677868158	290.68931028815007	184.11813791937945	201.12685242654365	518.7895162708489	473.688225762554	659.6919403318691	802.1560244331464	609.0685142460793	508.29589211209765	559.6089425126966	654.3678887939494
galK	P0A6T3	369.0049414322752	1786.0866231276725	1355.0748387177516	520.1589630043559	610.1792022193476	794.7507802888534	591.3118246896513	516.8876680009632	528.8468735284018	588.6312744453561	551.1348113270976	441.79078452254083	274.6803164755222	220.56939117713935	485.9776022699315	510.9949273509659	277.73138840767604	431.7239871696608	776.9133478712313	4778.169357072306	712.8211244922658	499.1808851799187
glk	P0A6V8	496.8390650017928	610.0202088431809	1060.9154643045028	599.7980791107265	670.9727126862408	1044.2698360919746	975.0204036810412	623.3775476264308	1034.7620517535606	852.0513743718525	952.1574137543294	888.4201840630476	282.3742178054499	298.3153888124517	508.93630548309255	638.8272688984395	691.9579332969137	964.5864291447765	1002.0545800607565	1113.0042245698155	767.21461526487	1524.9202854186728
manA	P00946	913.786702039614	2033.3066711145443	2090.6542400740454	901.0189437050057	905.2659679231125	846.1725245522618	887.3123858347358	849.7451672358097	912.597571613652	767.2059887273067	655.8639489627589	556.1106862412042	433.98304344459694	537.8444912313289	1185.7617345817746	974.7002770223052	871.0293977321406	1070.3287353799235	747.7056306186247	466.60927391143423	817.3312796057495	846.3692046425259
pfkB	P06999	938.9644066784199	609.1981557465767	804.3753280979253	804.7042799364616	833.9488442749428	807.1119250868244	843.9185025049869	779.4867986558124	792.150016025873	648.7322703702587	575.4530798602917	463.3427049497048	1150.5793187262288	1519.8952294005894	3358.210572866325	2151.31818288519	3045.081076398016	1771.443541761906	1543.8192219895923	1110.4461717910747	1156.6402621153193	1151.198009318905
dhaK	P76015	754.1585222959313	945.3951499368573	2238.9736190533786	645.3098857948604	809.9865585517362	1228.6149680860703	2380.9510891854234	778.6035439335525	996.892073783977	991.009632068853	869.0094910684959	970.4529136722297	171.63144585114472	210.4320726060192	544.7117647219212	376.40982330512713	417.8164719051263	718.7268432688628	1080.6539927850185	800.5666939914311	677.9980011762619	641.9374111127698
fbp	P0A993	943.8893004306856	3235.192013073885	2203.5374257279072	1858.9483865294096	1663.7084473750647	1118.0905922855975	1085.286781778193	2429.117814098413	979.3399872472834	913.9809539444683	803.1151204179532	607.9507499678219	726.5250380875957	530.8588540959853	1414.8861392309304	1212.7927546307749	1171.7940820993051	1338.310530780901	1213.8432423280992	968.1399121768279	1821.2277517123102	898.5904876629843
mglA	P0AAG8	25.331326626733524	335.5283022733151	225.04537015245353	114.53107901430437	235.99969146945045	202.91556151593798	170.03321893850963	210.63634939888738	359.86385984608194	483.09292022250924	388.31810634563817	390.2434669583593	23.72178690093568	20.698769621520892	22.590360724487276	42.574053384676674	18.684169241205687	85.56933974104177	331.45325986327214	533.1783502136569	249.26210708374046	122.47351657382517
ugpB	P0AG80	112.94833985301344	180.08559310354758	201.51063815667953	163.39619671411285	309.0477320126837	203.18355945314727	173.2038536397939	192.05966456194113	211.09119395399097	326.6478065421058	422.85813541607695	550.482000264247	283.9318077020597	323.26336337788734	172.5563890126838	143.5479427486739	172.7208962411134	80.15570721598213	212.86322963839433	309.98861036677755	162.2774537195692	98.96433825719043
aroA	P0A6D3	2056.458783017019	658.438076007312	1004.1568881297172	637.3199998690378	770.1483279553217	1282.0081167683416	1150.8148703159557	1017.6386222772638	799.252563487743	551.6769114994756	445.0549016721478	370.1371636899041	744.3129298840239	648.0659027359251	2054.271205025907	2107.407028440655	2552.638867167764	1633.279984825906	827.1107511774388	865.9415249360248	911.4690392085232	1644.0025598010002
hisC	P06986	2202.847873037417	340.08979387386944	3144.048640563067	652.5201760092463	920.9053250278981	1245.8857581328405	1614.0564444054735	1008.106511792851	1443.2328183004731	1088.5036671709486	1138.8119842581766	777.3264144206207	342.7534538398941	368.02213248492603	1423.058983735835	2388.8008925937374	1741.3040483720813	1478.4870608386816	1350.0057415237957	1442.6637561812502	1096.3716517409005	1521.7934396446724
hisD	P06988	3447.2535189421155	777.8677251614912	4491.179136547175	1065.4279143022682	1463.7806333756052	1721.9792616650143	2462.997485465955	1731.046620886635	1701.7487647177506	1429.6809865405783	1484.5967724160562	1086.0199673796278	905.1551927782109	893.2741312450114	2366.371960908473	4164.794354862207	2394.0600945099904	2105.59752357482	1868.6293507179266	1383.1562667348653	1375.0721562522513	1970.0599217439867
potD	P0AFK9	3341.174035815364	4164.7317104110525	5495.323263012708	1689.6100709885177	3028.099492640284	3055.92970908407	2883.6168279041317	2447.26108819102	2767.8519180548797	2411.0534929483456	2040.022259233099	1445.782441257927	1751.6052121735602	1797.3487930835265	3873.2043623207423	3185.8253906613213	2742.1587034692607	2454.585240292158	2830.428781478655	2065.2218136512265	3120.0544885226354	3043.616134242787
ydcS	P76108	82.38804491969701	232.1352437402137	318.6845521675094	290.74980351043473	589.2129024845732	475.6237152949203	317.9424443515289	263.25517527788827	390.96686534158766	771.3925584944081	1004.2965004237234	1446.5024682013195	585.6584250760251	693.5188889203229	47.48887762764001	41.31548578383768	56.11526264288209	59.66611190595132	362.497704777315	802.9413266106314	298.5670116317106	92.20639066874914
gsiB	D9IX93	316.2009729505033	179.92663194978186	306.34288928282194	274.3475266072791	308.01455884749225	347.58160726700504	311.47879397995365	283.8047809268005	248.99387396743722	232.0512476450363	206.09319490795124	171.8219530081043	240.85148323648423	242.63585931257907	421.8616781461272	237.66519970030728	528.9777276972193	257.6154838041431	304.3838309772412	326.10348607329036	294.10123906252335	291.0287814876044
pheA	P0A9J8	1583.7342740543418	677.4838281971398	1078.4302469681063	1074.5677273021204	1244.240594701736	1517.5432299926492	1464.7189140919484	1131.0497985929405	2019.945924919338	2616.951202415936	3140.7441485658137	3370.043065880462	274.24507147551014	312.27386719731834	690.4439729924156	1143.1557921491797	796.23027836985	907.4490233395635	1510.0302542932814	2207.531287874013	1394.8998767009168	1457.3251724718577
artI	P30859	1926.855762866592	2781.503426249701	4873.995509659467	2216.210941789028	2747.8304300365335	2465.865503879551	2528.1900988618822	2079.9097872239577	2546.874202337528	2416.2277432567803	2150.25880244845	1907.4157030500248	1685.7058505920331	2045.7714721035625	3137.7883407896034	1732.1196458656566	2441.6026638864337	1418.6803590848926	1954.919870919705	1832.9905634040238	2139.5981412281567	1662.0291880619975
trpG	P00904	1025.4227836654472	331.8697131883351	647.261224113025	523.4927806014678	648.4980353284845	978.2732848752156	1100.9086536763664	991.6996534840541	1366.320942100367	868.0331133743938	771.9368243689167	647.7220286772331	190.00759126125564	285.5435103433433	612.8116975077353	1425.7053605573283	681.518511011957	670.8000370215159	821.4591459059309	634.2744960039981	604.737084419846	1311.6503585235077
leuB	P30125	4588.026724621729	593.0740724384568	751.4736505123709	7245.27369910899	4457.6830248545675	4273.682222107104	5031.61901438549	2985.1772850833922	5455.083815675576	6184.833484828697	6294.170207825402	6906.113984314043	1444.3282308757632	1660.0295436761323	12222.939142191686	6284.493292525614	4682.663927286701	6915.397223100875	4281.508688408199	7680.760288061449	4402.888515950176	5024.532984122474
gpr	Q46851	167.22136696500024	394.72137426440764	234.3224584974324	829.9359647378808	604.986366766204	378.3979275867592	332.9962967128539	564.3391460673245	520.087162034663	628.3858172601105	617.7337396042395	794.685065596391	342.88936964383174	308.64656425984117	135.50815774525668	195.61996773967778	163.4621304099186	235.17605927613008	475.86668886509733	577.5948912220947	569.314562475464	254.5478088477028
prr	P77674	312.6527739656968	773.234807854522	731.4416667873214	513.6217776154563	2370.4133989572765	924.754025594393	1263.1039925277605	1183.3272765686431	974.3169700455597	1727.9216097393216	2296.2341357330324	2504.6539905952573	265.22393138508033	236.96023816774965	627.7003916419353	316.43511042535175	210.3899255525192	302.822544429824	1176.1289584656479	2035.0627442431414	1906.4925900882931	324.42729241566406
acuI	P26646	1096.5358282914099	1235.2901367367729	1529.8699443350029	1011.8768059148339	1376.1420553184598	1269.1029379603867	1389.5626642937164	1338.9201035173148	1076.2368208801531	1234.2820187625273	1250.8949711362036	1207.4040473254884	939.0083066086557	799.2033786063153	1238.310556301315	1341.6574955983187	1424.88758195311	1213.3899362479003	1391.08574924377	1413.4622768335864	1150.2065983730058	1139.2777718956304
dcrB	P0AEE1	2175.906743792107	3453.5020820708983	3437.4809591395488	1141.2450281254976	1567.4369664696915	1810.5995074710918	1779.2214112232348	1554.64905395008	1285.7832063110877	1036.58832924933	855.4765738872126	756.2963409745042	1399.98652149754	1364.2253559583723	2218.7165667874747	1914.6059406744323	2407.706455959032	1847.9574189964344	1428.2005593078854	1047.525723912643	1350.3541378135108	1675.8906018383746
ydcL	P64451	1469.6920094357763	1284.0967529995567	1170.3428130412694	1315.8601913541922	2116.923230288918	2365.270925043276	2142.9651706316617	1297.6593408079302	1535.1974308787485	1950.9425679862418	2115.449145597441	2398.16111706064	2098.7992031092076	2384.8247471959926	1749.0011909573989	1392.5432641940315	2596.633900806305	1280.9655079057593	1985.5031600120692	3126.8856134346233	1854.6875659221944	1487.2097995077834
gmhA	P63224	3370.2411144437356	4725.313378642966	5207.432133645822	3257.5058747770445	4156.044559828041	3948.5284522141746	3964.1913193942705	4649.6772646641075	4311.057690067365	4118.190372879635	3865.0648182911978	2994.502083211442	1972.9063656287806	1882.0199200586612	3947.0377683288875	3594.343430714973	3630.6092588506176	3902.6402620620024	4448.817224522663	3195.18281377927	3810.8708072873274	3765.6200451573714
coaB	P0ABQ0	251.9928456627234	595.6236851187324	341.9804733999491	223.26936010185838	227.25633003009696	344.67121300847054	245.50984273234496	428.6170927573142	450.5490281002282	394.83561412356966	342.5587925961598	418.1888790172284	80.25580679201452	176.04947807844604	198.30830615058355	363.3071854952015	246.87658412190592	266.50770348694175	226.9689662785959	183.69640875116005	183.81221032945868	283.43885081672863
wzzB	P76372	1637.387738888221	2331.494107575057	2367.6916343883745	841.9931206311609	1264.930228174534	1390.698544575403	1298.410990785316	1107.7080018547485	1331.8743938682935	1039.1051583990331	853.9089464558995	801.2184794881181	1162.7788363452273	1293.1756937447512	1407.1427835789389	1673.560075838725	1913.1687064508958	1564.177519476803	1135.1486251975864	1067.6156481775022	1447.4873971420761	1553.1591215402789
uspE	P0AAC0	1445.2365635832614	1635.0009234530828	1110.448879000067	1492.4547926022296	1464.9413052745256	1618.1304084171577	1650.728101829893	1740.1359224892053	1502.9332755323742	1525.6718918177119	1776.6570581038588	1923.645654803324	1924.7980079370218	1803.3415038225007	1631.9468312540007	1603.4831443840333	1901.1828672898694	1521.8977111282031	1668.6250919860101	1824.3155984414097	1049.1717933364569	1393.015167736941
ompR	P0AA16	827.863154146412	1605.5997463589458	1338.288993788022	702.6932748260109	1073.9270022836454	987.673549267543	1057.5613864881877	1120.9560148288979	824.5641388745962	870.4376467980355	858.5469535907548	840.1683925572305	566.1208942603625	616.376261241594	791.6613563967375	919.9738791088305	882.6146556592049	821.4042556260111	954.5662971442774	942.2210534283294	815.4377572931444	798.6389977332337
ybeZ	P0A9K3	734.0672022156529	1453.1782262953716	858.0818958121672	488.38822089064723	539.520108755743	532.2313583337925	666.6078177570033	509.54744077734847	728.1754466750683	551.8841951660488	521.1754431134668	421.59634107991417	461.84591457034384	467.8471477995304	731.424525198133	839.423230362581	849.2835948934285	707.7711987068108	549.9039040666497	496.52966290392146	544.8106634610332	689.7810057430785
ygaU	P0ADE6	1856.5608705092907	1146.227099747423	1410.2011533119605	3064.8624330599755	3350.308915273481	4259.8527671806005	3045.3684328011846	2850.0961545852415	3993.957712380481	4817.944252833611	6192.081383633691	9008.796869342274	9068.547017956258	8299.045367374634	3754.683317554108	4246.477418564225	5881.627695304339	2011.9242509955707	4160.262480266572	6025.886721635088	3048.623526051872	3164.1408093521522
wrbA	P0A8G6	5306.035511894229	3467.323484243778	4130.338803936334	8248.659362542172	7342.939653639141	7709.4602599225145	6744.276697201449	4186.494878374366	5988.10454826531	7168.566496551564	7173.481539648481	6976.571244263008	13406.265148447439	13211.419877997088	11745.28678776626	8010.586815537491	20627.688212263714	6010.211656179627	6449.002276994731	8125.241457214485	5793.9481366756245	5127.781327759803
mnmE	P25522	291.6316883770835	483.8325327225703	329.7278519148336	227.50109516392968	258.13700657531945	272.7029951428062	235.91892265952157	263.38266182086045	242.90880728552406	237.41428298120366	176.03865186078255	177.56631372789516	141.00710969274837	190.38994328301965	289.6563859469836	349.45874094871436	292.2960127259696	262.8311939429452	243.40754372569054	236.68367887770216	243.16931683925745	242.1608833242058
rlmN	P36979	214.77849849030733	755.1664666637324	419.5129422941606	136.85965569051368	202.28767121261518	168.14189691660013	176.1532500720399	144.72889911338962	219.0279411203709	164.22463201368043	113.03594588498179	81.84261397438495	49.404580447659704	31.664707114865603	105.48391842435854	115.69196589416744	79.86606993568974	114.19032706059757	157.454692791211	83.75359203548938	199.13069482298852	161.7408528966695
ppk	P0A7B1	60.385699159729135	70.84982179065152	50.14426036418986	62.355210294244536	49.44248461183625	93.93875942246098	66.0951779682993	56.42921867925284	114.95253803162888	93.91317832800696	101.34821948505893	97.36696903781493	87.8387028469721	72.62625533810166	64.05073901531637	182.39168921376196	109.06918738540672	86.54160810307748	65.04474639038375	55.31259578577445	56.756677339245336	91.64342684785149
cysA	P16676	705.4129109404556	202.5349935713283	501.5385334231271	564.4034803762866	843.197957572812	577.0172593311278	827.8440469401577	968.249037000007	767.7715623516449	529.0023794852385	350.20445966998705	263.62483342148903	143.48817376785777	94.48365611188586	324.5727105382809	872.0200856827059	741.5488971290888	751.8118226722024	652.6166657162081	454.47733995455127	806.9135472624412	840.1235594165039
fkpA	P45523	5679.292763535536	10637.027080030564	7205.647944244455	2884.907275757792	3648.902928096241	3832.683275445153	4797.401554642797	4675.055940055124	3019.81274571413	2353.3078793106524	1993.2861848426496	1649.4134858027255	2587.4010179994593	2506.8730098335836	4628.981348543036	3864.653837201772	5086.254380658272	4577.417697343286	4374.854368596195	2966.7163311218274	4160.279513669253	6049.6673443601785
hslO	P0A6Y5	2362.6380347683125	5556.133084175642	4247.925760204064	1452.3669688745063	1939.8243855910375	1873.9421019584981	2026.2625344779924	1659.9510705745931	1852.4217438808387	1660.4327149402657	1411.4797794291535	1113.9716248217153	881.0533732366442	1229.173107558454	1962.481231543645	1857.4061405638365	1788.2036189549733	1844.7151758440102	1814.5928482658862	1176.0625720127455	1472.6972141028473	1663.5025677468782
sufD	P77689	251.73219211894462	154.1128641446637	217.58062701831898	191.89084640554114	173.4862243787622	195.70579937061368	219.38652101145956	234.31104820253668	187.20838748202098	131.32225199919765	94.44257710381817	83.8843191146324	323.35886531891424	363.62591216546383	648.2650586032023	493.51357255656507	295.67255390650325	529.3933937656975	248.2542228093415	180.28230269893646	192.81611400698478	243.8312927660536
murE	P22188	511.92659255965407	700.2624313807415	555.1035481063454	509.1265425686965	395.61536585968634	343.66164148495693	375.59497633863543	502.5483328000822	337.25867970903454	277.4965710533181	221.5506164439174	202.59126665852938	232.00450252539034	192.12855778564824	412.64035310667344	599.4798697333166	584.5934891602392	461.5774871838344	396.4585467250003	301.74781844370943	351.2409650002444	434.67510373431816
rfaF	P37692	189.396378	372.6586107	NA	54.59051654	192.9370191	136.1316492	258.6463273	93.30775229	52.48859041	55.50501367	68.74212251	30.58437696	27.13624272	13.97704266	127.4044609	106.4296228	138.4164407	NA	NA	54.43905363	117.7675587	NA
flu	P39180	59.46468012450733	102.94448713565573	98.151810557441	74.11532431110484	33.87962371069374	146.42705207676084	48.13969293757281	47.759809060016835	31.545668110341932	40.57567024374466	33.62812042130025	67.90506159585235	77.88785410589965	66.61905075264819	104.76416252924395	392.194690624136	127.48375984653534	61.18492951225335	97.75237662632853	172.25277018978795	16.48523996066025	325.27573343676227
cysS	P21888	550.2990088564485	856.0150420796418	549.8499830765196	277.05356430752954	354.41383651786526	381.5951134253029	380.92145098639713	390.99520855172835	334.7130042842371	253.33685790118642	227.74109722643476	186.11600384139814	302.0854281474274	191.61617390798781	625.5189327568067	577.1972478245574	572.687960725113	590.5062337038548	354.86748872161337	409.60630318447113	338.75441431752273	571.569712575366
frr	P0A805	5649.145088127572	8328.974162864633	6999.944845531228	3120.9618125613097	3491.517212577736	3760.6701764999693	4156.943448298145	3911.7979191431705	3233.813099254776	3015.0475169268934	2384.7043356951604	2063.663369124269	2801.7774023427382	2684.0789362520577	5463.095927331193	5115.5111646277455	5855.549961034498	4595.328986985041	3568.025973673733	2615.9916717532133	3540.035599056024	4211.697811648502
infC	P0A707	6930.426281232887	13496.032036657074	9227.355194594677	3917.5231647206124	5559.050647274957	5496.671854030708	6602.840482777508	5435.118548660367	5870.682873783623	4621.312442871299	3623.0304343962125	3161.902909583407	4716.239850472497	5467.267104881826	12254.268299038271	9130.843845594727	8259.579069350977	9763.111542981764	6918.910460633279	7327.4902626276435	8413.87802295916	10508.522522887099
rpsH	P0A7W7	22152.293187250176	58621.72497409252	37258.65173460144	9190.241291482329	14453.100382095608	17286.74284240014	18273.10373860133	13559.77285613011	14107.751734262298	9129.80139763329	7225.401720277137	6233.371421499893	10561.077111376162	9375.89317191651	20079.169650536078	25848.930367716654	21771.50153169762	19980.671430164086	14176.105038182131	10026.056945295795	15466.197699727845	22410.452072070093
selB	P14081	48.68061777604412	58.162556199403866	65.71013436784904	28.499966072879538	34.733326403528885	33.7665549883137	43.66280447246461	47.757733200398626	59.104441991416415	35.45937969232526	33.83166940532562	33.539850010328024	5.724905829945879	4.8417485994029885	22.703888077531683	79.01208772464234	34.75900224116124	40.366261552807735	42.63212968356317	31.849625241945187	35.526971614151805	39.9965178637042
fabD	P0AAI9	3385.415937606347	6548.8235783545915	5421.8486429845	2024.2879922760997	2232.6938662809566	2226.3462130515427	2283.438583976239	2281.737877905537	1708.2028641403426	1443.314422511789	1350.8976678803876	1232.0089607187122	1070.403959566381	1296.742998878118	2177.8284574450363	1837.9995318488818	2438.0242153736485	1907.7214731148629	2231.79765394401	1139.0983860270007	2165.3102927566115	2292.395165534044
hemX	P09127	586.6488630747976	996.453021762357	1025.6965214685158	429.44673160304455	579.8723234806936	580.5610819037223	622.0086142389546	601.5431266328366	448.9628100570243	449.3881224613359	427.4834763569266	367.25697153327377	316.3197915110803	330.7008616800524	628.2584947992921	497.9578452852217	533.4176015527031	592.9939673174177	614.9853476152088	588.905612917634	632.5572739798919	527.1133835938896
panB	P31057	2579.2416978952647	2118.202355273746	2711.187155757665	2649.886964537382	2510.306147521516	2221.8499354631194	2246.4265953763693	2086.6549179194785	2465.0403851841406	2307.471049913467	2032.651388209543	2073.733980000691	1259.8302550370424	1080.9347732677275	1868.4768854066426	2805.829243990061	2138.9687771552026	2278.126862949254	2034.1184022547081	1486.3615038126022	1812.2354028788989	2224.3536970532086
panC	P31663	1285.7544711431324	1436.6693705093164	1365.3760296931737	1091.6450385033233	1187.6145677730544	1172.5048653856372	1358.909389398285	1420.4139437735832	1108.1947481389889	931.657068680308	902.4293024889308	816.7004048315388	709.5906660337935	716.9353463104079	1439.1115766454457	1510.9838523730823	1557.0097150460342	1329.2229287907037	998.6746989104266	1027.7121468361263	1041.4154996262814	1315.7424855627232
gshB	P04425	1278.9282751740084	1594.4376343698498	1638.0141103199546	1115.9339689759533	1043.1650677542925	1059.8628164622746	1154.1525346335784	1073.1716778282728	1020.889459268811	958.1821145547614	870.3805862892941	841.6005893779092	583.0200129694999	586.1540201367397	1269.6000999575317	1013.9328135818104	1388.2616501042435	1300.687915658327	1157.402435711927	1082.7221592881997	1113.5390895293415	1272.7883418802778
crr	P69783	33523.93473925001	25210.18739258805	27050.79505348298	17107.958213177477	21003.5367008095	29540.742358886662	24827.06980896685	20524.56530747819	26225.498290116364	24666.942695799902	23750.37645953579	23448.77094759492	18976.580706991015	22967.051383236823	34344.93608980061	32035.510234691137	32330.7886892977	23122.099758096745	25358.040454364665	24930.721251357118	19714.64083716489	29308.597872570666
glgC	P0A6V1	239.84412635807777	308.5247845984184	283.49505257719983	287.60793203803	212.6566410022161	256.97038396358477	291.79702817023417	309.71824585707895	427.3253218189245	381.9374999086094	373.69637925113153	397.7802332137151	221.84658772210648	262.8647030349376	223.5822340058784	326.32507102460033	328.13665247338173	268.77221126243813	260.31062033246906	181.29837769476129	212.88316887189723	274.3768956818957
uxuA	P24215	394.80066282792586	1901.8005800320952	858.6946783047692	347.4676801356738	507.5727077308777	447.76731535520736	493.7744292204188	332.1177592673762	417.0376744977542	480.61546350490136	578.8464800073054	518.4435926160198	224.73282510618122	158.54664556531105	247.7399950005052	293.665351977228	316.43172399762943	286.1360314292304	580.3687557921222	417.3500800719822	381.279980825167	359.60619248430453
araF	P02924	34.956767924545986	100.68025280936665	81.45941481444956	144.92946222023156	236.4477408288128	138.7372883867376	88.83052365080505	108.73982225688586	118.17113828766703	311.6185033109992	380.96916328807373	656.1372467275722	308.2566433302456	257.9934349515767	51.98327092152608	61.53140526195143	27.334526504547362	88.67401149588963	176.43964545369732	338.5526780927319	163.11866895353828	29.032932203757994
fruB	P69811	301.03724294149737	590.1465057950368	394.5313354788325	137.58822592106813	179.20859169128173	389.30245759051036	257.3017728209226	135.64064987631062	265.519106631075	223.50158374437655	205.5898839517137	177.9734046968266	244.32522840811322	423.47226078568065	408.4000086407876	541.5196340214784	320.1360245469885	354.8043877529366	264.950762193496	185.4645048474958	165.3147443383342	6903.32687876015
gatC	P69831	580.379053136329	3566.7611830265528	2059.8239866827707	2413.5294177525784	3003.0068455674677	3057.8368376013614	2294.5144788120933	2748.0391926059	4825.9986052712275	6462.372883741313	4783.472043889966	3799.977946580473	176.254352312502	137.79696227950498	217.34265887792802	320.2653168728167	371.9169975813092	1098.8568704007678	2585.2104716592266	1145.5502644882054	3242.058582860674	2048.9046295063263
amn	P0AE12	425.8848373486768	312.6049401210298	298.3310414309205	393.10702242949844	360.8971688651365	438.00025817457254	446.1587978021015	449.57933979297127	487.0964657433216	391.01348047405895	403.1173420221296	336.6135741535557	327.2312116989454	295.82264286080647	523.4414039777946	585.1666445902655	566.6952640361295	530.2911333385891	397.9845035087603	351.02947248844885	345.0412982923008	447.96352080308264
guaC	P60560	1144.6804521517843	1214.5254179934452	663.0535790536683	650.0534944598375	1165.9917203312868	1032.5740838345598	1148.5822978864094	1217.1912869157582	1189.6293907430645	577.3857965195995	348.359820628579	251.4098855201982	347.35922664874136	414.22725945535177	659.6492415435802	1341.5197076201543	779.6911478909683	1110.3727538360426	898.2136967985052	728.9407897051955	1157.2061688457275	1164.7707220012649
purF	P0AG16	770.6546859808224	110.40186762721645	634.0735343929367	280.1079440063506	330.7609935241161	453.0511696373102	394.4190528808759	497.79325446638524	457.3052103052895	301.59786325777367	211.11870192924286	169.22417845514641	93.66364286019945	116.63415694088032	377.9614360229414	765.0193151393681	376.3578881239428	390.7452337954808	435.83899097393373	240.2356719615293	400.9063587249795	620.1897806162578
ushA	P07024	363.4507926429885	458.87303706475114	540.7975442443932	299.88875603085444	374.9578842045031	442.423617618256	384.56098490120246	315.2895429559539	346.4301630058482	333.8494283915354	318.37083313576244	279.4136216807344	303.4300913821366	335.76346520255476	412.7391452589826	457.6909020854086	418.12816654898126	338.18309028025124	331.25401971134823	333.8745257527632	363.82377154251947	295.70912289165904
argB	P0A6C8	6390.853199917133	405.0543746222709	526.8712081175433	2342.942993302909	2927.678158222603	3413.8136221197387	3863.571315044656	3904.597244033202	2748.098913069643	1761.0774791638198	1870.6824075967463	2262.5536881783664	633.6003126816391	666.1979418215532	3107.902306607243	5517.959129965722	4452.678665657608	3675.766579506269	3547.1962034879616	2759.157160309404	3628.9886809039513	5485.613308256168
aroD	P05194	881.143493603642	475.25563070695983	574.3120862950016	429.3257365761359	477.39568799174737	709.405428391413	603.4632797685993	607.1563980096341	446.1035113281324	372.18432908617626	301.831175594494	266.71306495310904	278.70525559318196	325.85087593278394	920.8656709094264	1016.071017137629	1228.4221014507905	806.2711878535248	571.814261839198	480.5286864219661	522.959027324376	792.3978137710507
avtA	P09053	553.2333099197012	382.56795307880316	423.51951121536104	363.36014553911605	368.0640450869305	358.5816672229574	371.67926745303606	328.65702632377116	370.4389820526129	347.88973627961207	251.31351715786528	159.5032564295952	52.38144260743037	27.685700520816816	536.69651781808	642.5504959894346	493.81650688100234	380.40515586794277	236.7709714752773	247.820800721419	273.6016381918616	360.65853071150633
metB	P00935	1916.2718747520394	234.91883594753074	426.8124288122623	1073.9218796587038	695.6991118738582	834.1275441170427	1346.7227029994426	870.4485671677578	1209.7668529518483	653.1825702922672	776.3220347435622	747.3224168996865	478.3819526335425	236.71816833068686	805.996458761484	1441.9864299725193	1291.35730196951	1210.7342476854908	1002.0542172538416	1016.187497144896	883.0669558273254	1585.022321369134
metC	P06721	2127.8337586305092	318.67831468836283	360.43807530660484	760.2790970852047	945.1579109968668	799.4744202549814	1005.8641395210054	1043.0657429416358	1164.949910784996	1016.8797924952439	924.9182450824446	777.7885226887297	188.26139304218736	281.26997515203675	576.0346652363053	689.135376495911	1062.8843342290518	1028.7054534464073	1002.5339481374956	632.4069995184376	643.008927532816	877.5910890506375
selD	P16456	708.3347037422527	1402.1950790002325	1038.4383658564159	671.3551811800221	709.1119989498192	644.4822405370343	664.853566379264	667.2024922464628	692.4191435726041	610.8456730122994	519.7248844915688	462.594695018003	291.0361763980701	308.5346097343646	986.4990049169586	843.4830737924876	834.3300996366798	788.5453461802553	667.9486428697575	391.7433789943221	572.5546239503761	574.2032672892063
cysD	P21156	1300.3292712088482	362.28863506565125	797.2178716865254	588.898928140124	812.849157770118	746.945409517063	853.666906721997	736.2955550466969	870.5619742370332	475.6884448906787	360.22992934041946	232.757297664147	125.62209840152329	99.62026541113991	537.3337195876503	1645.7438542957013	980.4146604235323	833.6928971275553	625.5518228834679	420.36527346628117	627.6996634949963	1113.3485081327246
cysH	P17854	1860.826513574883	476.20730611312115	1336.875876427359	706.8787059356189	1185.7050453776853	1443.5685329237988	1572.3296406044833	1247.0701853497749	849.1475792705093	609.1789621077841	436.16877353448	345.74461326336194	184.0032477982785	147.41937187196197	685.5539778699017	1439.6456190809188	893.5028754272322	1050.4486540793675	919.9837219835046	822.0637886365189	947.6254965674199	1532.3397448791538
argA	P0A6C5	332.6205222660581	221.59191154902766	142.45291693573168	157.347363918196	189.70891631472438	198.2874858811087	253.40142279909006	246.36802790550365	365.10522872685794	206.3922869756656	169.2469294366968	176.73713210236448	76.3808099257956	65.21856254885371	185.81333640509848	296.8553447281016	206.52818543089685	272.3025655485641	234.8896781282608	120.34626329579905	193.97275053503677	319.51748323272426
hisB	P06987	2793.8963796963885	692.1923377640185	3067.755585987071	863.3576241818971	1390.8699562606052	1294.057422836362	2276.441865976307	1475.434119945803	1607.9084293368692	1323.8566608943433	1326.4833592187251	967.0130847426493	481.8660117340243	487.6731950518922	1217.1001658723462	2373.3330484045855	1281.3633623884627	1595.7313767229316	1877.0407560428014	1381.2399732955319	1449.687682589095	1924.396518733407
poxB	P07003	257.63384096972914	169.84030035050444	172.07795047564832	434.90267422536124	346.94334232259956	362.808285806915	278.4968549178246	150.27772941027607	431.1871009328269	470.02339966195325	616.3966275967032	864.7269650899624	705.1232403741699	719.9683714030239	555.1394567483882	405.01572959445565	979.9196174684815	229.2126419271681	331.0294019378883	511.3093549055316	266.4371346928721	250.21670429814213
glpQ	P09394	164.1924829342014	1298.2620474245398	1395.9739552801411	92.45779001282885	105.62428891427929	130.35797091716077	623.6016891461396	86.46895333729813	107.6808775196056	88.0190840029735	70.17083400558894	65.43323346134495	54.09233089980384	84.05726388465914	81.31718829157762	123.7671353617397	47.34798004797105	52.88853141935712	75.22445254899566	41.88177621184481	64.3603222842084	82.72084838392843
atpH	P0ABA4	7700.439769920664	11885.633066451064	16092.289645142011	5679.353586360177	7451.788646847057	8325.283998522986	7941.281200984273	9233.158531166415	6780.863222838661	5654.154717120503	4332.33810757849	3007.7601655259423	2980.022290005025	3028.3179523142358	6415.450246410636	6263.073656449865	5602.974238890813	7979.090564525617	7303.220993436713	5275.96346376356	8236.05557459446	8789.478645030511
frmA	P25437	550.5909039330995	1527.7250861775024	896.8811224237696	534.646850557647	604.159531780323	454.24024320122	671.5663229942915	529.8887744142066	460.79605230409396	406.50168114145356	369.8459646059701	349.43446880618336	221.84894606199012	176.4799412808361	493.71353290924884	464.04074328379926	646.6901119998788	431.02779971430886	852.397989038054	426.8760522834956	469.03548263548623	491.14131826724474
nfnB	P38489	1503.3474823130243	2039.2748827665428	2137.5036256326607	713.0992936558862	915.8671917709344	1210.4537141131666	1149.25781111941	997.3996168527963	926.8735476207287	839.1497848711562	620.3366120643877	400.92254230606414	243.43521735825362	276.5648585994595	1476.6500567665448	1509.9376001497153	1510.3276178934534	1098.0731253899548	885.5635325253324	562.9221702180454	788.0360375980567	989.766525590669
rmlA	P37744	635.2566153643899	1509.6193188386992	1205.7509354873707	405.32368679264533	483.57487768629846	600.147595996883	623.0413465112749	381.45178841572204	477.35438564126434	417.50926317286184	329.9274653184865	235.6109977137441	232.99575192486125	252.92473013633793	498.78448103493366	588.681368271657	518.0696595599787	702.5695078559347	432.3399455820824	263.12141963549885	461.29563754154145	522.6019365041882
dksA	P0ABS1	5843.730077191176	19594.086162547734	14807.676778608118	3643.8727572421503	5535.177252030888	6967.920451874923	6499.312523485978	4650.3895925433035	5509.8217922052245	4733.185512498055	4090.432529603445	3293.5178775363197	5263.757003290106	5260.774270072689	10477.312765098119	7389.701383753924	8436.982134980548	6985.927913200342	5676.015157808588	4068.796769532686	5475.916429826546	5868.07283588211
proQ	P45577	2318.2051830282744	4623.849337848738	3787.5704076711813	1373.937161219977	2304.291896826196	2028.6250485072153	2509.837438240961	1839.9611285391354	1991.9178782606518	1376.582797469962	1060.1957298843201	825.3713010673921	655.2190106138465	551.3413463031511	2072.5142639806	1932.7121079465314	2343.678799855246	2507.9405985626645	1541.9703127537878	1404.1389423167857	2154.88834971641	2924.0014447437256
arcA	P0A9Q1	3367.4214203470833	5464.0005045408125	4517.356874588557	3057.8210786415852	4277.66243191202	4482.761287547631	3944.1708802528015	2998.9785760109553	3704.4306089804145	4400.762014428928	4362.957591785824	4296.740214251568	4039.166994187565	4122.517504386712	4689.3861556019365	4526.765450907929	7827.7671821612685	3338.108477653029	4318.788713860283	5961.74946824113	4265.023287842146	3362.9536585037813
relA	P0AG20	64.29528141152412	98.32826594942257	74.53017608488214	52.27437437471779	53.02057315530116	70.97989442819765	59.12050369417718	80.46862635494183	99.7215344857914	92.21451535244293	97.26230801581134	95.18112068426696	60.923639653278116	42.29640435731629	76.08473016179784	91.94126921808562	65.41907260785861	70.93694095912115	63.420646032636974	47.009492504701264	47.98523122791179	72.8172963181247
uspF	P37903	1378.1824318789957	3013.177251549044	1651.2752627683844	3198.9851182961356	4467.676955731879	3963.5721641611576	3355.7175722781076	4700.765822193856	4004.416781478909	5795.867542547678	6787.8495871779505	6968.638856796307	3888.9502630486068	4792.103233213091	1605.1801556839405	1780.1361487545798	1079.5714828691664	1776.5784672763	4770.17219449466	5087.420229975976	4056.562412611863	2215.5215154432376
uspG	P39177	1173.6792088824404	3223.5323358311443	1171.8923583324188	1351.7776945482715	1266.631374850977	1962.1495061459605	1087.837284015047	1071.400200832234	981.0238596625209	1218.7722132091199	1459.5304897973213	1509.4266694373443	4184.076024109804	4048.2645745136983	1453.0014023435795	1783.2681618328659	2334.5985831327766	1076.4399832201493	1088.7165438320226	780.2664461045188	1012.2812036112875	888.9777823715485
yhcB	P0ADW3	5444.207936501567	6149.99446717577	6936.365511864461	2959.2338677450134	4072.9116318036276	5178.042050881813	5167.422480911037	4919.557683803024	4302.546616827352	3334.6744327864026	3119.4690008642106	2421.756331089889	2150.5365304732486	2667.4485148518993	4355.013946366269	3962.6911259281483	3516.226285557803	3324.079465878037	3545.9060190484965	3259.5386752961563	3006.375799789536	3814.151469888803
yifE	P0ADN2	5671.2844671041585	7327.479139790194	8807.53119091022	3270.754004874223	5765.112998787878	4737.304814792206	6416.525691885519	5882.222852979261	5250.814257173214	3381.790764740047	2891.6425885869307	2405.2747458094127	3227.172226518302	3328.9277470997586	8153.819616840003	8417.097142394363	7172.074981930022	6805.948862470445	4707.143857660179	4282.242666937814	5268.790088551259	6591.110949907685
bamB	P77774	962.3368733351921	1670.2568063340125	1403.6878260287483	656.04234096168	908.0080311706719	878.8392860373132	925.3229382195409	1109.1051104636847	731.8637710885014	812.2338248883631	650.8567360606615	609.1916969223142	621.7218651873935	527.6908535320466	1175.3235830940328	1114.904634207696	1021.1133967727853	964.6721067628636	857.2059957555834	707.2502787374049	804.0874786918037	901.6312027774048
curA	P76113	662.8328890889006	380.2708690656692	527.4026409948835	685.4330350435365	717.0688923463379	744.921369186191	696.4334540296013	480.23818884869314	505.69469318801686	566.5026336826205	747.016088921332	1020.0062411195526	819.2502244284823	772.8545593502841	945.7223607872279	440.61954037665475	1090.4059589771837	444.9511990120497	663.9097003278581	1023.6416218217518	492.90486432849457	441.7447940057734
hflX	P25519	239.13656005070033	436.74709130079606	247.87030506978053	170.59265024894054	207.63991605252994	190.62003770383245	298.9282174158737	265.80855943548767	262.25143036396963	210.53239018824786	183.91570233463753	180.33728656065523	108.44581018500425	112.85994959894141	191.24060523434346	259.37070368503925	204.9141494332767	224.33481931816306	296.15190404641845	196.91333748440414	228.17615868991	342.88893695475997
hns	P0ACF8	22541.35474309343	47132.89364276511	44798.59900651097	25196.33394666068	33303.13803748507	24711.661245380303	35150.209102551795	33464.04326900827	34712.522969387035	32872.317534269496	24206.864600330115	24219.76621798348	22027.87090132468	26981.59448585933	34965.0359010506	18697.884112794352	35876.42977683322	27233.806900599982	27614.391012790693	23584.887289604838	26041.009824856814	36220.86573212281
stpA	P0ACG1	6862.510522841525	5241.204101999501	2743.085705312495	2121.1418204223532	2856.055672552182	3928.238239448733	2500.5328618524168	1898.349709507381	3106.4745458264542	2251.7829293287386	1415.5917552969036	903.5162581724281	2962.524415213282	2944.91459315056	6726.67432534184	14125.166822261595	5383.499349834559	3797.1380438434	2925.540772402409	2189.6191123267918	3143.855652795052	3601.2158479117056
ydfG	P39831	1891.0723643384933	2096.8712771219034	2281.2786344290557	1926.4859682560143	2088.0241301873075	2465.966435772174	2360.8660130712483	2032.92363575314	1948.4014359750286	1665.1604412028526	1677.184877048812	1244.9288342099055	1437.2910753926367	1190.6817565635313	1901.0370592801485	2404.8101566617706	2643.551020697913	2051.6808915412917	2017.9745026279356	1760.85111257854	2529.710340162257	2198.199016028969
bamD	P0AC02	1371.505385865122	2106.901356905614	1819.1745246790445	638.5560851181875	1090.9901261765867	1055.0531207039126	1085.6034977782697	1400.459679190262	772.8080797230726	590.654808147981	485.3277666904144	400.5454256052309	545.1275216653902	506.1430055896614	1275.6025073412889	1037.6444274590144	1044.1127770713897	1093.1390256647344	927.6945219670677	632.2401661800931	900.8346818480007	1160.322250559245
rsgA	P39286	374.4300609079746	391.99250454871634	376.79818672553864	196.37194141513538	288.72914419241806	300.2945383560951	327.22926635328923	310.2227925845014	247.99763790953924	202.86242159112783	169.47278234908705	187.44599836921626	159.5490189930627	153.77728306414957	293.9862777659924	432.2006915418461	286.3396503715778	319.1338161885659	261.9276102920619	216.05003958061116	242.68126902580102	281.7841260662604
yniC	P77247	519.0822349175507	885.2846322359735	826.8030489345767	362.12330098427475	447.2512770165739	471.4952750396274	428.7649953574021	482.0250186347927	342.5759821384321	260.0336814044344	205.62551729076503	141.58866588150988	137.11798951906943	150.0693718927419	410.3685681009463	506.19933043051844	351.2829843643059	427.475820412481	386.62115962720856	243.9318820462976	395.6387842833489	480.71292488330164
yfeX	P76536	488.7629610228714	1097.8216823481923	781.8712277226058	426.20518092255696	487.942783940636	422.65833513507147	530.3322836554879	539.7740854830195	533.1122479635111	529.366570605527	406.2501206369924	356.51647187375556	135.94494302696927	121.74459915190947	593.6418455574745	949.5693110362189	548.7776407196269	493.4628641555242	419.432072989572	312.7727125705778	388.4894535721327	456.3525903211535
cysQ	P22255	916.6002939337205	978.3825008102314	924.3849354193658	822.5505186580086	880.8846435575808	1067.8149086050971	860.6899196743598	836.5463567152876	612.0931647326354	632.5227286475364	720.5365226489329	967.6429712362545	1822.9789213144038	1914.2900363118101	1196.2504017335862	1135.7696721796647	1516.2522070061698	690.0081825506602	924.5063070305449	1105.739774402623	680.4095536046326	730.3900867688009
phoU	P0A9K7	338.16385788058983	587.1778852979874	557.8835448518146	202.65365785862883	349.14852942272967	311.6953204649818	486.10431650207573	412.5422495488778	412.2118842684731	347.95955867047263	310.57684110242417	272.101119630784	140.74692020043517	157.31772918981576	203.34498640304076	313.950583881212	323.0083357480681	362.6503992106897	351.30943218424466	351.2211341219575	345.6248996092132	332.7962228052536
fdhE	P13024	373.4649827490178	1582.9686598169553	404.60539979936743	207.61477152224364	225.08600011074262	333.63663512397125	236.28635263087125	292.8867429734757	267.2721265718007	264.1367148869563	190.95142125171483	171.08202263951594	374.4971063268117	55.952349333904046	378.1794927002181	362.3036844772268	350.14769745369017	281.4592146238279	278.160752523448	231.03471353874068	280.1833626604597	248.60031839764778
glnD	P27249	125.81544107442245	280.07579179897385	196.99025821294234	111.88542648545132	145.4933375674569	140.20956488768772	141.08022752448105	162.1807913417615	167.54167262220855	156.6176435888326	140.4056311726703	133.7321961164621	58.67332815006595	56.34861122942106	108.25724620170278	151.608399913601	106.08018280620075	135.72237475410276	147.7705221046827	118.17953738384463	180.639651711312	147.15093074618292
grxB	P0AC59	2665.8542496530927	1445.3582575841554	1654.0047266717868	1907.108954849206	2359.8676904228664	2960.1474600575907	1997.3946331704037	2299.8380750878564	1840.0693606230275	1474.4816098454753	1345.6010480809762	840.1966697547283	3420.548042620873	3716.720615152007	8404.575417320377	2891.445803791724	5055.579465000254	2708.5998891491527	2848.547878748457	2779.907665608714	2647.9092877236367	2399.7380222951474
ppiA	P0AFL3	2576.352126270833	2280.4595243060066	2242.559468278945	2336.3681162046487	2284.4835158982523	1561.8333544262769	2225.176768654433	2239.765513858855	1143.2075368359815	1227.3973493386898	1028.1589094572644	1065.7752287981743	690.198632133953	803.0714411985541	1487.846093860387	2545.6572211558723	1416.7688452762254	1390.8503187026708	2067.65598230732	1644.3155362610987	1820.563207531808	1807.3382399548734
tpx	P0A862	24694.486983776253	28898.98222397692	34679.54127561957	17468.625621108687	20976.152145701708	23905.263435406163	23440.58946729611	24350.41366162992	25980.773269381192	21680.732389079007	19703.71265994257	14887.583812539338	26492.862821805607	25398.43469990491	42333.76931357689	34927.863445925475	36799.17715031254	32275.657458475027	23934.35241994256	24384.688664848516	26644.03279668734	29014.728019217597
yghU	Q46845	769.3216110674659	487.8477574414161	644.7596457787663	995.1334326211341	1121.0471478019606	941.4962424377595	1039.8380855539622	910.5869283483496	872.253566327766	1001.8310179025337	890.0252977399417	1077.0192344018965	738.5508241861644	681.2106861190775	987.9132621906808	645.8295678619361	1073.221416865072	834.8421195396498	960.2359417181751	1298.5152982856923	960.6855679958142	718.3334864775811
sohB	P0AG14	413.4560585323548	426.22756551412294	372.5119224177355	268.67664496127964	302.06841135261016	390.57331081740466	407.810330148954	355.52600827796545	502.093508334823	349.37790820990807	274.1854992989356	279.1939998011892	288.1212745056788	316.7675705212816	440.91298112461527	525.2574189593062	490.42000006633066	604.5675511811363	387.9683972179066	240.84967835681692	346.9256835209151	619.1341459438319
ddlA	P0A6J8	140.48214948656775	897.089401277783	769.9239145036089	96.7246879100872	89.36739094518839	108.51689460927405	90.91925780985093	112.88327690377936	82.85754687219656	60.387231379822694	38.57459550565546	34.118238225802656	162.9781516450045	143.25514114379192	297.8670003936071	182.6308716596941	224.97942328805175	245.3879552848662	81.74304046605971	62.377594016987985	98.12980989763575	130.22469827037995
mdtE	P37636	12.937505787181186	24.21643182370108	10.830859450993296	26.1787081537409	8.861756796781536	6.596186579857428	9.831040421623898	7.503579082574594	8.428714135120497	9.203389190477537	7.033041745005215	8.447572649843087	94.56575972497174	95.40876675876119	17.96623570463743	32.71401338558199	279.28772364402374	12.798202904440066	7.841616747336828	6.922606827097192	7.3057257336072094	6.574073192983677
rdgC	P36767	561.0750147100714	739.2893950836142	587.8827344677558	280.3710945955618	400.0915376600568	437.5395714877642	424.86223155365906	450.11576947790286	343.7248466648092	263.05269453461983	228.76801985570694	216.33468716784043	324.6171152839494	297.02568024297614	510.0485616564646	609.2421573981934	517.7020880559675	501.2278980240823	342.76813619103876	375.09590735818256	439.64867722330246	432.84860980820264
ihfA	P0A6X7	4675.934812400218	4810.458325434862	4281.1176484586	3414.8737415558303	4168.574272617878	4994.819826889049	5008.290635865689	4234.398118108694	4395.226119237765	3847.9325348388506	4423.338720481573	4515.879490175915	7805.984956611222	6821.771813154186	7111.548404373709	6857.496247273859	7936.884712193018	4924.393643786714	4677.491897325117	5092.770445776527	3960.2966915887123	4646.951235746024
cysB	P0A9F3	523.3363522125394	619.8616381580867	604.3017173965225	303.24172660805306	407.9428127298785	544.3916515362461	402.8166867165048	338.35148806278573	450.76982738783926	332.47290168034385	262.94487209478166	239.9088487377628	202.4596540622373	132.85199850199305	262.57873054475596	445.3904786350141	472.7652487634274	358.25754161363045	316.7107397703926	278.44873090860324	351.42537049557274	359.74431629833583
kdgR	P76268	546.1917770078289	865.9410770001145	712.1320409931282	443.8055405817326	599.673789733778	663.4260408574139	563.9205067971208	547.0646055351397	552.9179222155681	515.6403247944154	430.5927509582272	427.462414139811	276.7812725479452	243.7806495045135	479.7990583651253	692.28845090938	615.4615366365989	604.6871289783447	640.6501186191891	571.5696147235474	665.5049317680109	710.494566556403
lrp	P0ACJ0	6091.740419720204	3554.9047545768094	6016.909051551312	5415.835538319613	6795.267191026707	6813.249546860755	7003.52153779446	5777.60333493508	8660.588218249277	7874.687706177495	7703.5846147335305	6711.721425329086	4447.220139489779	4350.494065147087	7888.2287973521015	8024.054161566782	7697.876088771708	7640.553565269666	5649.0719914089395	7500.298617973094	5810.569854274079	8056.68463278482
rplK	P0A7J7	11140.030124654784	27558.718167143543	19476.07605854862	4424.766731631416	6400.327102646839	7961.527429860763	8005.539621767799	5989.153249942506	7119.529265247633	4952.816857214342	3818.1507011351623	3028.562937774723	4315.742598190314	4543.3304789417725	8316.609790791039	10617.108398777202	9181.754517343097	8696.241536611456	6517.595429881551	4214.126548776137	7570.042651655295	9888.268029458059
rplY	P68919	20176.320127433853	45584.42250006737	29689.650260411614	9904.480845988686	12774.144228301115	15503.676746650126	15540.425272831724	11374.986516131514	12683.294436501294	9499.798653828952	7644.876455055699	5944.894289062425	9392.249086874252	8780.679835053394	20054.097711919756	19688.768786080018	21319.58235035369	19323.422469668523	13320.726074329208	8091.609009299766	12510.14080689733	17457.074719328575
rpsI	P0A7X3	8821.472886914671	20837.12840779146	14224.109719475844	4480.344419473789	6912.589620724715	7384.320381364223	7971.113137337546	5852.238082295955	8033.941274150382	5260.916952909227	3917.8248200035646	3184.219927146456	3625.938914867041	4081.1422800799446	6177.2530903751385	10002.232280707043	8022.994568721153	8766.091356660221	5435.698935237135	4148.7210301769965	5790.508657719001	8335.389830324479
accD	P0A9Q5	1660.292132254986	3439.5742116737647	2804.818064535757	857.595841642497	1377.2056105020743	1421.085754234489	1735.744811607107	1397.3713325213464	1419.2202004885053	1223.1564101180916	1077.1385406788932	1107.0639152674346	394.18075180019	500.4707115206234	932.1818675387676	1248.7545661895092	990.8978933753571	1235.23329040256	1684.548215712422	849.0583626062931	1589.4017904086445	1969.0437507874576
fadL	P10384	472.3987372525278	3157.4485442674345	3027.1159461102297	2176.032810239209	3940.4624676025755	1649.4845230834167	1328.4842990024765	2458.763126980495	1629.9898758994777	3375.8042177518646	3808.04772790281	3935.8996338454676	1477.2481331712402	1765.1046324843564	354.0370022385218	458.42590286397035	416.93861028306105	556.0470421948883	2580.0394644810717	3285.399100188899	2129.8063594548535	636.3343925956302
psd	P0A8K1	1620.12011468153	1882.30494139324	1747.8927919629928	904.5023283583608	1146.8061760535875	1282.4633932727934	1470.1858929003774	1508.4780689496122	1162.9112406445547	1096.8114846114	1025.8193320061507	1079.3467878427332	770.143406936305	854.6984894978758	1323.4894852969567	1334.089025083858	1220.659418617269	1256.2170392002824	1440.2628162907931	1074.4910914168026	1318.4295840483076	1663.0134785763546
fadD	P69451	149.5555687042636	539.1465417216202	375.52691165293226	227.68662404812784	350.10281215947026	175.41604869505085	150.3883999609934	262.6581205580146	331.3826497483046	457.51869496614194	457.73510481213026	412.490798715139	228.64675192417508	235.57336771462823	209.7367977469949	303.42733246733786	104.15795921413167	138.51547379559344	264.68326886875394	224.77275351074135	238.02675159246283	134.79341016721347
yghA	P0AG84	149.54188800263188	78.36992542672729	105.2496616791873	186.55989352173015	144.23731265385433	197.91720372688098	106.39964046871776	92.67228436475136	108.22063180713486	124.3941784919369	229.4885459174841	294.0442106126058	387.7650616263932	403.6895360960725	211.63086663116954	171.5506140198259	257.09025641471794	58.04861197145499	164.72751997697972	364.84089479609855	100.22812047686446	53.248713359166125
moaB	P0AEZ9	2559.5791078553457	2778.4627327728663	2080.4382419976523	2618.309145089658	2055.5010664562487	2683.074466700771	2487.9026532701655	2250.6711056618115	2200.9742924028455	1336.3291559323764	1294.419000866142	1340.6964013187014	6309.757494599836	6135.450204068503	7404.603277338324	5454.67370129931	6836.169402510556	3048.1906318179344	2495.778724233563	2699.091893343942	1924.8413742851988	2426.8209789721586
ubiD	P0AAB4	244.4286618385179	712.321188324001	569.8577475972205	283.25669336512806	332.31753846879144	318.079772725835	283.0120537483512	361.9390263567246	489.5056537896405	500.7004062534542	441.6257029347639	478.7545533592879	110.64437219307071	165.01910578903062	256.48774904901927	344.3009024763104	226.5373858209751	294.4757985389033	400.30479928925223	269.952454762222	289.21194571670765	314.15729711696275
nagB	P0A759	550.3767326800661	1140.9760761944583	643.1301756141406	703.9647840609027	834.580092011878	1416.5540091983198	803.8928743665915	563.2668603901616	902.9658668222853	916.253641530168	840.7766452256631	748.076707590389	779.5659432115863	683.6091893081402	536.4152517352841	764.4466964780123	1057.980995493808	662.5032666146747	974.399227178744	2576.2166091706604	661.4654590332517	723.7860369170944
uxaC	P0A8G3	142.9213644114771	354.7011793838595	187.55540986375564	167.4062044803025	230.53817073828972	247.309820827475	228.48377641587365	179.85656391678128	214.69398608712868	202.3392601768701	228.4227724466031	214.53252265210358	144.98105443907704	177.49628320440243	122.49754837233077	224.92591170156825	143.97033671207424	159.7571921269056	232.30820538695195	189.30950040585543	176.70898390154576	323.2335944249324
dhaM	P37349	340.4295992870476	354.3049852421184	667.4555305909904	69.47841643832847	79.43978614122408	229.2540256003156	447.21523933727775	129.79044473457196	156.81455956591984	93.44337526676333	79.62766363239268	66.1636991099406	132.90848582671984	137.1780288015138	453.5228789624079	519.6527936814196	390.4018211399132	389.4226095344531	137.98877094027443	114.72319649000262	74.72346757057005	233.31393819467638
manZ	P69805	341.19815665665334	475.44204755909266	259.6336720871727	242.06982602157944	246.16914341219075	1034.6876031661002	384.5180532715175	209.5193708895371	2546.8875690711798	1785.522689436331	1339.9123236119044	808.9162485589376	304.45855593342714	249.17638841162767	182.70497671771838	523.964586620479	324.44083502128615	351.07829887887067	568.5479900372046	188.5891371408219	216.879857197167	738.6421123455983
ytfQ	P39325	99.14814433994474	379.85878312694933	281.769829832292	529.3430445780774	816.2487755558665	511.5128747451944	335.63718365966736	428.75432395991555	457.5606657962466	972.1456846108374	1362.9610906157832	1951.3275335979968	1471.5077691007257	1253.758317835655	114.65204423686038	112.25361875161025	83.54985428374579	181.56052859082175	683.7531801610589	3003.037243059613	724.5127155961859	198.84315084942907
purU	P37051	2304.368473938284	1294.2647958298135	1370.8025706334206	1139.257893858395	1345.8146272540355	1550.377639614303	1356.8072568116609	1014.6343085926034	1774.070978266042	1204.6278767271401	959.7634482515492	754.252812751943	1253.8948222412341	1118.9005776231752	1770.7192829173352	2967.246457894712	2230.633248836991	2190.127398603788	1383.0884090963866	943.01090564161	1675.8103841232632	2331.9090304944502
cpdB	P08331	134.02512172798228	535.7802414931718	379.4015835974222	262.44544576917593	256.7018219236319	248.58498889690745	197.5323911654428	220.99077843093093	247.13196996284535	281.18997599014153	223.24306644505464	206.00178846237296	118.11696916557199	84.54419668368513	115.92287990946045	177.80820124853344	116.3720364858361	201.75303631449015	265.2471340631611	188.8846450364655	285.95499341054835	182.6965974747685
argC	P11446	1717.7084868500342	231.4468885244493	244.60316527706422	833.1526075099507	931.7179979650192	966.5082640765311	1242.7131524604001	1074.6358091617058	1143.3660763493222	633.8296363605378	619.9437693118739	589.9505772353367	385.1234037725066	339.63386846222807	1320.5102932997952	1914.3048970126486	1879.298198688339	1573.3711469047084	918.6705161114864	812.6583939135061	1046.5331320027408	1570.1033502933697
cysM	P16703	1533.0276468844463	611.792249088817	1442.4450366059682	857.9940619250092	1086.6702197555226	1128.2179108362948	972.118860409462	974.0188113740489	1167.424037775737	775.9401017902109	533.9135375274124	489.80868332749014	548.2691691899608	547.3785233898523	1299.9121231522288	1187.057386047641	1490.1577880226373	1372.1320314158152	800.868643771558	641.3417128490935	1163.4481799702387	1181.3580867137448
pepT	P29745	261.54471690757407	203.51777368239397	169.77773188354575	313.6244008846662	281.18681846042017	277.3985840792446	322.7002488574103	278.9636347022153	287.5146283394802	259.1908829486385	254.95132117349084	275.08098510107897	247.96850948396528	226.38122210100624	284.4739234408509	348.47365826090277	381.7140689303944	227.2593711729604	286.54898268828566	281.15017836797193	208.85082114296193	274.56883233634784
selA	P0A821	180.89400670317832	140.24728779928927	188.15722816272654	107.39456292151445	164.03540612692763	186.32966597930738	184.60672640102956	215.43994240213348	198.50454816182028	160.2008422631283	134.0602295787714	137.69566380189912	97.39671543962339	117.61109649237166	151.642478573182	150.2065725533381	182.33046179993192	218.7824324447704	182.37890763694082	155.6396317458532	188.98788143603426	223.54675938384025
ybiB	P30177	716.2833347925185	859.0676511288892	754.0577621869181	601.9119062091092	480.54618261201165	893.4232111195299	494.9539896275952	452.5101692708431	619.6362048537299	562.9041715503987	537.7896760831741	517.6908766024214	879.6571300891944	807.9323409548929	1297.023737774151	1038.5221817250292	1553.6141915385242	815.9403117858856	561.5761539001131	726.3032828701018	455.1693536008367	642.0385069281277
dapA	P0A6L2	3589.097898839156	3962.109528727132	4769.115242995241	2275.46583743789	3066.3156150160607	3443.3595389843767	3807.357189788993	3316.8644531450113	3071.194839629748	2300.84317401585	1932.7489094308637	1204.6934786549082	1824.5941440323954	1671.4580078833585	4878.127682270785	4248.452531947033	5035.027797458585	4949.496115016245	3639.229790334097	2319.2104930518426	4026.1988248919574	4928.498285544537
dppF	P37313	308.66735330610106	235.02333995269947	1603.6052124789126	416.0962180431467	744.2092045550155	459.9509794518493	575.1860062111924	640.9902573250293	568.8157520609382	557.6085214969718	452.9673677184975	434.72301979304467	43.95682533352566	65.09692661354347	171.44253161698208	503.6815653326107	426.6126523064056	501.4746841646163	542.1304633529226	402.82262543400117	736.6080063994577	550.6379485846089
gss	P0AES0	183.51753057391775	101.6984339899346	81.44356681901537	67.63096135657597	66.90779862339012	72.63249380924829	82.98107624192754	68.1833253392903	77.74798955559203	53.37939567625542	40.27910783412926	45.63205912788961	150.50699515848729	139.23123317626835	197.68172673004523	354.70803270439706	460.7328159527456	201.88790491113548	81.43741812895962	64.78078394875007	59.712546093422255	163.19250211647582
sufS	P77444	507.7789959681587	177.1895447200345	324.98174845538733	413.0528798859757	366.2764201048126	349.64375462387557	367.06951344836864	419.4776183518351	336.437831529525	321.48181075379154	273.08718179681097	237.70343088958535	371.4796026610809	403.6528859888064	1407.9241734649272	449.6216082573754	628.6397068648021	700.7376114188515	376.6771946261051	343.34441527795883	246.52938319710356	326.4917110713969
trpC	P00909	803.8201803008503	95.40568265942079	88.55093311947803	333.77412225833706	461.44994965428214	589.8064766992284	615.5398272013707	653.0017207835128	572.1700984052881	464.32149377401646	359.2539155749178	312.14881812956656	211.4043762598547	251.96637917993385	531.9589756564146	852.4720663001026	584.7503064169151	496.2330209806907	490.0870390075451	476.6179260939347	464.89364905696766	813.4030065540009
dppD	P0AAG0	366.58367658143595	434.2539884219421	1221.7072599681424	389.485241978599	656.258150615069	565.2280559655637	585.156291491659	660.4027900164381	519.9038190140109	489.7162227847095	424.4006535813924	376.43367235320966	149.7893779939396	169.25301866220587	331.61688128738876	607.5949174125432	480.66163105477716	423.3078456034422	558.5678641279069	415.4440648933627	664.6679494461667	581.5426535929537
nuoE	P0AFD1	747.954706591587	5284.134918545634	3003.689007624195	784.8745562353188	1507.0906000573	1659.541437094119	1397.6692740019578	1192.4893731030256	1075.9311620179594	1330.5976669518352	1290.9787537740297	1058.1051854943785	186.77558781112324	213.83816701685646	553.8952235391378	805.4680585821371	924.3505864741991	792.8936298341096	1286.5883843269128	907.9690032981596	1356.2140284216216	1074.382552852038
ybiC	P30178	1633.9979840870235	620.7353572255632	674.7002728541705	983.096492270371	657.980794798882	1005.6179742156442	610.985120590848	707.7701636129825	904.5178857377409	670.2068936576326	498.5775070387515	383.8272545481257	357.46551885280235	420.0848611135174	1051.3528900728572	894.8338644196218	1669.373015013068	898.1912804623862	645.6129102788743	352.5512494986365	553.7717615431527	905.7978336349099
ydbC	P25906	413.485475462932	344.57379717416086	413.9630963326092	947.0172163874668	859.9623509911796	740.6716473540981	603.0364462050621	557.1067921466374	689.22488007614	874.3167914905425	914.6659947924246	1411.110167733849	879.5851668826101	971.8125776090959	591.6698042837434	221.87116637788546	633.3323297011467	326.56110622846427	666.935615743874	883.4731415049023	578.349584457319	343.1130748108928
atpF	P0ABA0	8987.809672911615	13933.91917596673	18264.49499082531	5494.773300401864	9734.946028035489	9147.338774073463	9955.827421650081	11267.32774994655	7597.658409752644	5943.454249310838	4337.006935715026	3471.277343730181	5132.744059192471	4761.549950751962	8708.830345271092	8456.13683335267	6359.648819071118	9156.419302166121	8574.69010652452	5248.831653896943	8841.27703993538	9157.655490596364
hmp	P24232	148.86134159600957	349.15457908636455	276.6909935310609	44.16743631515898	102.32610437795654	108.04722420729463	83.68266648155019	84.7191886653876	144.3035007442436	99.40850427852529	71.25769239933756	40.55298928114183	68.45669871205601	85.83793815097022	1014.9121144324438	229.94357769886992	139.9765381653596	167.60473654915637	140.73008173525275	53.77652413312032	106.25293122809137	129.61825119510806
qorA	P28304	871.3851963392507	678.4884765196763	909.8310764449058	1623.4900889533176	1222.7504881292225	1499.1679224004733	1249.514792559088	1119.021494846612	906.9575866686092	1083.4320870722436	1255.6078187616504	1814.3475024687014	1739.5516524770778	1718.2243193996853	1240.6340092498956	1406.510470088762	2093.166602723947	968.3116457607882	1331.7035830011996	2085.414934009463	1017.5799792699513	893.1318175759519
yidC	P25714	841.6865592230515	2030.058936180704	1523.3290099723947	486.1660937012538	713.564129568959	839.9179006459918	865.8114390629422	843.3453088117324	1080.823911964797	815.7068207335371	728.5792263161634	672.298112891035	330.7709495457815	458.7510840901302	533.3605074632258	897.1138703443253	858.2936181046613	791.222077047226	887.5802167515783	502.3467168952251	729.1311275181355	1091.3172887353087
uspA	P0AED0	37519.75686125354	30073.147229997263	27116.30401514228	42809.97449241163	30103.61855357048	35266.00292469497	33284.72952369897	55564.031260933916	45855.44629628485	48442.531613197774	55625.3525774695	53570.141271880384	13249.770334023324	20160.10237776803	44182.67240436407	31152.028498153333	25680.858807376168	39231.63677902769	51638.24858122641	34690.68384083531	24289.643866381266	31447.731430004776
narL	P0AF28	1239.4774640926767	1765.3898502762788	1328.3648398932887	1109.3656987737056	1202.2465897974184	1541.5587592372071	1284.3895644117547	1040.9477664041935	934.8208580166425	808.7847095159336	747.914595467637	490.04597577086963	803.645064891528	632.4876208200448	1299.8072424825855	1633.245117079778	1289.5559690797281	1150.6270231427623	1388.958020310968	1186.405623852636	1077.8036786263592	1063.3866572256336
yaaA	P0A8I3	803.4212711294324	1104.8838731013598	906.7351803487607	431.51263499596024	518.9434624350467	746.6455785360777	599.1489136098347	569.8878992536183	461.5123675865641	365.551451652985	290.14392580641174	182.82605773985264	107.0472089410241	89.06047253629615	535.1804513897844	673.5030827440756	540.6128396117072	737.6193832117182	650.8268347677708	386.8377551966618	537.7274798314342	835.4118355893371
yajQ	P0A8E7	10057.311921294251	10699.081929016376	14429.934458972111	6356.603096770488	7516.965088560806	8786.94626363238	7733.02824362402	8009.884412161664	8007.624168888737	6577.649084182165	5915.277874994264	6385.796648746899	7151.989862026763	7357.343392776179	12352.169020077106	12639.56290785006	13272.268336103309	8960.92786487994	7247.831317195627	7201.889577127839	6753.033549488322	8698.78074494144
ybaB	P0A8B5	6880.178649231225	11962.6329888966	9845.336901198916	3611.1357598333657	5005.421772859613	5220.971480829402	5854.656041072874	5501.467393949696	4955.602734298361	3480.2922380523646	2800.1764744068705	2589.638269535203	3149.2433922355162	3267.402872107262	7768.874766537504	7446.805970694248	7196.109033722178	6037.55347506137	5205.642509094526	3434.42139728689	5490.666311034006	6422.282596712794
ydcJ	P76097	42.56620641079894	61.1771864767209	65.80081485833865	54.821288314873556	126.33027995436096	61.91385662604908	83.8350906470358	49.811428592036634	67.4545067719564	78.68560304701077	106.4974542731692	142.48791736709612	73.17361898378417	59.1465828855567	40.95842778205165	48.84156294228961	59.747914801731866	36.91072776503576	59.20781803938999	98.3325252128731	65.36460087517743	43.712046283050334
uup	P43672	155.52997131686462	419.5375363423049	255.60225250966045	95.33872757401741	93.07409705927748	120.27511164612413	110.99938129061299	106.35540567469135	142.74018345262618	109.90919543253568	86.31895902284128	69.62008109267965	37.240777124599695	45.28838832551018	104.83399877186311	117.27243238631293	112.24029426676526	126.08198672005466	126.67702786661408	76.91581099945007	115.5068247598964	157.45258132877342
yejK	P33920	832.6486646679948	1147.157272059361	1094.6320387867584	480.1338451353591	725.873290726288	585.4982875381538	665.5533579542861	571.4212929856516	635.2495666177091	556.5974493538328	483.8303319351628	516.4423915742786	395.9037932783717	346.99808684217	580.1342408993498	648.009329039928	593.040899922648	750.2568141075596	762.5469167818527	610.5900528032948	774.3195690950901	853.1951295150426
ygdH	P0ADR8	198.7793969825559	597.167926120598	296.1978049047997	182.5402302701578	245.04028348444922	218.07916971054487	230.7285626634334	160.85355159344732	246.98269735593786	238.02433564847303	207.81729728776162	192.69465028844303	164.85438616607524	177.7717555570567	177.6419138989139	137.14040516180756	314.1870758565279	260.92770604537384	209.28522939341366	197.46901352352467	222.93530747899618	209.27876714483364
yhbJ	P0A894	231.40059347684658	224.7258979840581	152.41717697525812	164.73563462939828	225.0284013397639	208.2913754652702	224.26540460079792	220.2575564932345	212.73286183671192	201.36870761974538	208.9221511339548	186.53775421767446	96.16035550039197	104.73719490055346	201.60261084375855	355.43871651136055	254.04023221768924	247.3089219698358	237.55948679514245	216.05861926217736	209.59439227704667	235.89838569973676
yhhX	P46853	424.08426685967953	791.9109148664226	608.1638426617574	334.3792880175695	369.3999394704457	385.7765235184294	411.83280020927964	404.9131925519326	323.5891527495952	311.947819925763	243.2879491918549	236.38386243298612	346.5099204035582	236.60522790557022	559.3292003010546	485.2577261875619	602.527976280734	460.7710837849755	309.96942518917217	291.7937661865434	356.22305025161484	406.8842693918203
hchA	P31658	627.9089892398014	848.2153265610052	299.6960388317352	1216.9155888748699	773.585647479128	1038.1970059916541	601.6608346752149	343.8137893601591	529.947587329421	572.8321043511365	701.4476870743462	815.6156716930423	2156.186630909535	1765.2736868541822	1211.2278631976694	2570.606647531781	1863.6061813147708	413.41930831392386	718.7775783909939	842.177783666132	527.442435898098	462.12138044613016
lptB	P0A9V1	1635.122160105983	2132.0701975743464	2060.0875459859244	916.9819057941005	1393.9032225985313	1161.8554884432294	1418.696920068359	1414.523192870233	1144.0405796451575	970.1062125562456	951.0255181388213	880.248777156038	618.402547218609	576.6724875104092	1128.302475720813	1216.4170384107388	1206.7509780898956	1143.2779051324078	1091.226191968703	1010.4687947602037	1116.2237484739333	1308.226279677593
mqo	P33940	146.36234980638207	254.93939391318656	88.98187762746825	46.730269991399915	13.029814575096992	18.636386602071365	11.997346048631641	222.34805123224214	10.241174690065455	10.093790888375443	13.768074967309298	8.940330554116889	19.879780117929496	24.075597083997845	181.3527064440434	29.4608209087481	45.73922287734218	303.8903368588919	13.77344771938662	27.903499771525798	28.82007444333567	130.79018284645417
rsmI	P67087	382.6141277004669	512.5492745668281	336.20735377838645	243.3421175024366	259.0890892133316	270.8285732697783	294.6063806089754	322.13623376974135	223.65396738659612	187.47030460392492	155.36887199729875	131.68860329240317	160.13407723168152	154.2218013506953	310.4751088833144	299.153926548959	261.1658035207409	301.6611318532595	268.9935606159318	223.75798822456125	233.44355427291632	283.1230337816476
ycaC	P21367	1883.6146017241028	998.1791878781798	1416.364392889701	1751.2018725962002	3686.2123973951557	2726.70879952522	2658.028246943065	3070.9271328229493	1886.0568601168109	1952.4657518599765	2601.5307361167597	3213.365475112118	3847.501399489145	4316.8305580266115	3328.706797624094	2285.412054265841	5705.374886255627	1636.0269094565515	3138.035191533157	5614.55280103204	3352.550554149026	1621.958489059799
nlpA	P04846	1866.5280848488542	358.2574517220487	663.4447077790626	1212.850311492106	1060.3393061331687	1613.1632205311332	1554.8134179511487	822.4928584625419	1403.5086981033573	976.3391265621977	821.9111098802156	697.1293420738631	858.6897566019164	593.1400663235262	1276.0223505090726	1497.7831079829655	1114.1041945267218	1628.5230871676076	1097.9119115886774	946.6921217709206	1058.8523248672086	1558.9805389132725
sseA	P31142	821.2824174174261	2204.9586844292553	1387.7353082162165	1264.2605077785581	1541.870310838039	1391.3902617779954	1142.3053384337472	1616.1778987455175	1073.3948864147721	1070.4788146003912	1172.9458846873779	1303.611584678683	701.9483348072758	1013.4027793979014	1258.3078601208724	892.8929522211354	1326.3850662772718	1009.7666707187968	1505.9022222635977	1351.9609092849876	1346.0731937023202	988.4988722296637
ydeN	P77318	13.607739583705065	146.5598385469358	54.681073677440196	135.69893800414093	116.75681875766921	526.5744608170227	38.955067002240355	84.46499129227264	91.35216543317706	132.9579286399344	121.2695572885353	71.71201050886212	10.943559413857152	10.605770015925458	37.4823138966268	18.39358017027143	28.56350739737785	26.41361929978518	195.48471875756695	266.0554057877351	94.16380631964397	17.929207541535867
pstS	P0AG82	305.18490938547893	300.8075958346072	397.8610682704732	229.76304326226594	372.5391502889589	421.3827079779221	464.41368137961246	425.3656130620865	304.34959448470255	263.8747161620699	227.46803821818747	199.62193275172376	223.8409355116348	235.9921317894671	365.1467749522984	464.3849085124009	660.7676085171852	415.6813200258752	360.55364694190433	296.42949855636914	392.58285935030744	379.83225592242553
fhuC	P07821	154.4865916	200.5531595	NA	50.11838468	490.2226458	112.3745302	127.2062373	31.60436966	68.33667366	53.48861844	211.6803867	30.30141556	43.33064993	29.91804939	126.9258771	156.5852086	131.1190719	NA	NA	32.67375525	82.22616681	NA
btuE	P06610	1158.1944623470206	889.6783942586321	1111.4125649487678	1221.0102146777124	1135.2952058433295	1294.288019242422	1184.369972719179	735.6547152337403	904.6902765054919	968.2843114709843	1021.3430426713206	866.6810632766669	747.016366505317	713.8556970317441	1927.582848094571	827.3980822693446	1729.9596985961357	857.0898325137143	1032.0527597493813	1319.0298309494224	877.9501343849809	778.5758229783922
dsbC	P0AEG6	1420.747479079497	1355.666665146843	1194.6877148732046	474.9365840913323	710.5760057928096	504.74663623095313	625.861517356353	1071.6900168780744	404.0468222756786	272.9857646783528	235.33171933534518	193.21714311712068	297.43299313033407	307.0094658512081	699.031090377989	680.4486954599064	731.4972811167535	465.2974160236972	471.6005015505615	363.97347710763984	396.36102133099	636.9248306753964
dsbA	P0AEG4	4137.958352683896	4121.0139939353885	5261.556788497916	2133.527903743282	3168.626478599842	3110.9027440625828	4309.35869354908	3610.6882618267346	2684.187441232769	1912.941381446568	1553.3643004922626	1202.223325394505	2011.8198235275872	2075.169668621588	3200.574452119162	4545.475550415186	3568.9514640839175	2977.8140330250253	2992.876876813711	2020.9131209761215	3224.466682171483	4238.7554527383545
sufB	P77522	266.1549142662043	224.23234554139881	274.33962858676654	215.1283605051824	344.53233861440407	347.5136366959596	255.3097765798537	273.12902597845675	225.96399548198053	359.3294282364532	352.5786863194277	222.8178796235984	378.58737972408693	374.97638581077604	813.483541299384	529.6927072897515	359.9468465463304	543.2411137136878	309.2433573519694	442.67958100501414	246.1979328934056	311.0822821907868
sufC	P77499	627.5635886758521	297.73722169599597	560.3542790541128	394.33389215520106	442.1352904278947	526.8715511350734	529.5124897044903	619.4509029845347	358.8559764567139	271.33433574876693	245.24144057012322	196.07783061080914	1001.6003736255715	819.5494557156886	2281.5335711401053	1139.1307863701034	1041.919364276119	1037.7906192620824	602.8743430021452	520.9969077617978	451.1664251322321	640.9674403843032
gstB	P0ACA7	626.531838939089	364.184429773032	700.4074124665593	802.1173819024225	570.747114366333	671.8872424349885	594.2048952659717	597.4629334728403	979.4244558002481	943.2864077331938	1035.416687452667	804.3694516313241	223.06199545943366	264.898567111207	837.7566484429486	373.06246716228065	637.5181339558486	501.997567642346	444.6588787095538	617.4232903303682	338.99552959353827	432.0752510443459
gstA	P0A9D2	685.034432598147	412.46597401158584	505.37764454032896	856.0333160257959	779.4674574988962	844.7269719913808	786.6245982278175	871.8773210414656	770.2905934352842	824.2156015914957	865.2905812268901	772.1408756803687	574.0425475721623	538.5319320715977	1074.33404860994	672.7860736424733	887.9109475273523	672.0324434905773	785.6000526276413	871.8029396456614	614.7960881992494	579.424906496009
fliC	P04949	3.053719272824505	5.024608616095965	26.08498167267896	3.4002919945337298	36.27538432324105	198.65438036389963	16.78458872180172	4.042855353506199	148.25317479717816	537.9788067375472	125.38200766185491	11.574031935020333	9.31473080957158	3.9793518006901447	11.983618423774411	5.9429492139194044	3.3022701427103027	4.862494807627713	26.984732139520766	15.956361104590075	41.35887589932553	9.843359349499217
lpp	P69776	48939.46747913088	65769.06435046978	62401.18040819132	41895.342285850966	52380.82986918677	78662.49961330745	47094.02744530263	40623.935157592015	57441.28250101143	59980.725916753196	43689.43884217076	41916.434666388646	139676.4700919037	81301.72773345919	69549.6184119389	57148.39999446112	72294.45187797322	71430.52200756205	44925.37556490891	37621.22983274271	51325.22662562572	53084.95471369678
mrcB	P02919	90.911878789822	104.34380178616615	104.09084396431265	55.01656130101569	66.62565033472177	92.06499220558007	83.46406550615971	123.81327839905835	116.06651338059815	117.27930751007727	116.11605259981617	116.18114803360635	59.14913934277471	52.79975316378603	48.37025494013748	103.14605855833251	99.19220955267657	105.82805447657447	132.39239887932393	59.315845965295225	78.6647378011443	137.35861942440727
murC	P17952	434.73938422376546	670.7644360216012	437.5424706306451	321.4404506423409	330.1937771944254	316.11659418639647	342.09814664117016	396.9462899252784	282.521182150807	209.82517435674734	203.7939331406799	143.59863889332104	288.021563610956	286.31716907488425	418.0082513659237	630.6538054875975	512.8191647503014	455.63147804319465	359.16024301050106	242.3961867522948	360.8643187966787	397.9813641973317
murF	P11880	530.494397200734	849.9953216912343	663.8081171763339	508.97572730970535	487.12193907967776	336.12687371939813	474.6157497343988	495.82234720958337	417.1109223985216	271.66915823297813	231.82962644466255	190.81512128021487	213.09370916982218	200.12675539903987	445.0176999833491	524.3706466537377	556.7413106839323	425.97733248081914	336.6175192971122	237.8579631410571	262.7009614509955	310.7627349476167
pal	P0A912	18234.237970432427	21384.176818086184	41190.29305291859	12381.628987088845	14372.156327050405	21816.896048024948	16182.057112851537	12231.239781796066	18801.305116918524	14039.326137831315	8775.89108349951	5888.521922140786	16578.879335361962	15192.60842073498	20806.2971117355	17269.740462149475	22086.781712610118	23022.637239136	14028.453325044073	8638.40179296913	16354.159111275465	17601.740532019783
rsmH	P60390	373.5128550824708	497.9268027206616	383.36899317704433	308.181158137787	300.54064588429856	281.6444641648083	332.3001476518182	430.29597432747096	232.3305152742828	184.75284193569397	162.63622723408108	165.44318924391794	210.3232525825783	221.78507782810004	355.5922862766256	556.1842651847696	451.0364517803692	448.50032413000065	369.12991885577287	301.71649431696414	353.62947169963167	439.077817332882
dnaB	P0ACB0	207.35303997487688	320.4275809782105	231.7009063855533	161.68436803503212	129.9617679152899	136.61082699700646	128.24138083721016	130.50308912847254	129.5809748503991	124.84218301224183	82.45480328983732	74.54683394559417	71.45321753163871	71.29687257841489	158.53947424834837	146.9202760684977	126.49629899334342	153.62731195750578	124.95465555284181	108.32162652803747	129.0641466164611	163.75565665525892
hrpA	P43329	31.650228923945065	59.92393452565143	41.516178390247184	20.181980774979262	20.681510620166726	32.39624836245324	22.92802381692264	23.64744926818276	36.79192628416896	28.404607483769226	27.558474511107164	23.971547916605775	11.475823797007678	15.363230194467949	16.00251279435662	36.594579080066836	23.433997057510805	25.988527189550492	25.610358465076285	18.09415685203208	23.649827192912998	37.219329420042556
xthA	P09030	658.1108745601699	833.7780621036377	796.1678702734246	440.58938058792296	611.8974465990198	566.4625613570039	504.40335998888384	502.41274054390016	413.8330860554839	486.9760460999626	416.52122154771297	425.7920799071071	276.79554382078646	286.00748536146705	629.1236179369896	507.8880970930767	423.73115555725303	414.65598155151497	591.1215604917468	466.51413563969504	477.7290171126009	440.4841430048115
nagC	P0AF20	123.89850974261402	234.23018953753282	186.3611245743648	100.26128236338675	109.89505289945657	136.9743420457439	123.83975317574566	103.88880057842528	161.61809477675243	137.20855372827938	143.01042542930455	139.87925033063166	108.24958602510476	117.28655089752898	148.13721677783565	231.00779254317962	138.2782011267184	143.23939192582318	114.75515452478541	171.71853511479702	98.00539995555795	128.7660783060753
lexA	P0A7C2	559.834311977644	1027.397068016296	754.5634414407	479.36753527811686	586.4137553791605	635.6901361901998	626.440353826463	442.4467933239405	535.9210548751498	451.3746593500979	431.9865502223254	349.93104146274453	185.49377802721665	196.9082693014674	617.9332017083965	465.37412949605357	587.1857507034167	559.8211254891835	722.4659345632449	511.5025171857211	636.8928169948775	661.689645878358
pspA	P0AFM6	933.9441562382503	747.311579948442	689.135438080786	803.1456182357068	774.6790027980742	705.7287000480557	1373.575987222983	1106.0422386972034	739.6105587100586	631.0969430506494	515.7163012564281	429.36289124783735	528.9493546586514	495.0349439235297	701.2640049601976	987.3208707110073	773.278893010596	887.883983053512	971.6647093456269	622.2448889384596	846.5648400467674	1160.2210633780778
fmt	P23882	715.2262582570153	1587.1061099341566	1524.811658694769	631.0748465143639	698.9401132556616	818.0451998258786	766.4952719683517	760.5996810815465	574.1103371221994	424.79523206067523	432.46819746472784	362.24209732096915	475.44223419453664	516.0619350120581	857.8943887645538	756.5617606203097	896.7334488867353	929.8484848532979	533.6449004369886	515.29049651781	540.8752039661476	662.9262573765595
rplD	P60723	21083.67839267807	49874.42547826668	32571.208673646215	8447.615724801191	14306.656862181071	15593.757077547743	17090.264182239505	12277.854352380145	15362.333388733865	9933.706337529598	7428.023817511667	7100.207143107697	8557.334753159004	8381.872769300468	16369.711829277214	19641.96578547979	16858.93748341123	21040.429078152818	15208.30134544847	11309.88767408457	17717.61443504237	25285.565619174726
rplN	P0ADY3	7097.951842204472	24357.084809938788	16828.451383692627	3744.4343152446304	5695.722827701642	6445.481530663332	7099.570134203309	4228.003651955709	8878.159493911682	5302.048410099609	4289.399582289898	3850.738274535742	3426.3616305059686	4441.111971358447	7074.279885092657	9119.255939468632	8123.683561764283	7094.238608741899	3898.4238460862393	4124.6621599464	5726.794243734418	8584.906467315139
rplQ	P0AG44	18397.46214784053	46700.24747970746	33514.91424802294	6184.852808477858	10243.499381203257	13516.903990622499	14757.163551613688	10104.308922205098	11020.399214900071	7258.200067795164	5662.694806078792	4821.496517863754	6915.658964330899	9235.06429630818	17097.10937013225	18385.59809365975	19921.211551190907	16348.707887157696	12528.406792873699	8662.698985066467	12861.780968589967	19454.287769089693
rplX	P60624	49826.17401963195	124761.06070829683	85602.831528745	18420.712256992807	30831.878448263982	34179.11749840266	35995.131628980715	28361.98441247941	30075.228518579956	19183.37918252512	15097.818385876339	11736.264847884388	12340.298789429435	17270.72320948201	43522.78589423893	48140.76904949691	45589.658468543224	43091.041572263646	32021.958997321624	21416.916240044495	34169.64697710125	48201.73419471018
rpsJ	P0A7R5	39791.98649143355	103703.08778592962	67671.48763526161	16171.852179010415	23085.969539091344	26326.524877875763	28416.009210504897	22616.38163989334	15958.949993637976	11246.074872918321	8436.623368246037	7300.007136537979	17529.551805276715	18468.312880817848	32315.30195143917	37190.49327362892	34757.85312626603	34665.33879936074	23769.329530517272	15395.963348088395	24909.52033352066	33466.63192376508
rpsM	P0A7S9	23449.534940487858	72767.16299828012	39834.80538422543	12255.092922846585	16266.79586646479	21921.892563116053	21549.89651701683	14456.165536245031	20458.677154820634	13508.548019884865	9839.29878234858	8540.740725534059	8993.481632732373	8094.236515953919	15911.472481318637	20690.610659350077	23096.01787776592	20499.739079182156	13695.758146215258	12913.143068319934	16007.495885541693	23642.029396677786
rimO	P0AEI4	325.6148801668078	809.3742206971779	403.66082864151974	111.80921141836224	172.43260339454264	161.4204615394515	178.95540332507517	131.52770993371556	159.82256406924458	119.22170061579142	73.69899996735268	55.166404469599954	18.868419594319203	16.160907577300595	82.5722233938801	196.32357240384863	104.2713022605513	170.0438771911713	132.2253380456861	73.55765279848646	182.67489377358095	212.71551709200253
fadA	P21151	424.607504307208	526.4274273467735	463.37710579308634	833.9729039132578	1138.0637470465483	842.4770438927503	508.0796510914153	1043.889355170453	578.3347503214815	1217.726306927393	1462.816115088796	1284.6231581534082	279.6509206160181	213.75442696802722	264.5619623233632	257.1742560472378	241.8237094747471	356.8276944451634	1253.818977140951	1287.7755164691998	962.4167605772182	352.8516311873373
hdhA	P0AET8	197.02334391119513	200.15225187215069	202.45159532595562	363.1106462776712	253.8101483065381	267.8293322599092	234.0928173054938	199.86607339892169	217.29436996934933	255.4485523243043	302.97520605439985	271.9622114655289	313.336889773067	280.94583646204177	490.52085721683113	716.8513345019571	844.9131809800562	300.87088300113913	298.3273220542754	317.9253538989887	255.05890995440012	211.03547949527209
fadI	P76503	22.511573875827274	92.07410825868318	49.141440208157604	131.2228132453436	115.19190083734749	65.35054885744614	53.97029943550408	153.04007849274936	123.53546598824425	153.13497324529672	157.217263993505	146.6626121614844	27.572168876705955	43.16928450366474	28.62886038156941	21.450776671492108	11.452771895289668	50.04158825832118	100.89857143214284	76.54076952594988	77.53771918837793	93.09804043908653
fadJ	P77399	24.18575556392336	87.44036102943109	96.40654438210665	96.67726864433025	60.426578579473016	170.97330787141314	34.97774387485791	108.1089594819617	267.82581909994815	116.27402262718273	209.7716713739809	190.97175708028192	38.78823477353723	45.351857292980746	19.885010865110022	19.304092510403134	16.891192779727465	33.806404899972755	87.0293567740598	36.93208478040511	43.57049859680557	33.630258284448374
hemC	P06983	224.0331433613715	731.8196986974964	691.0817871456569	135.27694606618266	182.9721491023685	224.7701587038117	435.6541110119939	222.8387028368054	165.46141887029015	167.20729382533483	161.45834774821108	118.36494531413811	136.74457510557613	147.12492770695496	221.57672983045944	231.06305225978778	251.1610141302181	194.32105034188868	201.63607687454072	187.75263502336654	197.15720300310485	187.30488514117403
hemY	P0ACB7	143.73354962353892	322.82861503328434	233.4406523813372	125.04302130521586	182.85811344578434	175.45163673703743	176.30440408660309	200.14375903161047	222.00300576252513	222.7645210012012	207.499760721483	200.19789526133698	106.5765079216203	105.25405044844922	130.93260255778983	199.52269459895308	119.5238948859408	150.65157839552464	185.44648113495003	139.30617927002345	169.50239145269077	161.21523849644976
nadA	P11458	367.89754737829907	64.98522105979028	1145.826516681625	221.00270936466492	185.53469514589446	233.86963599362775	227.4824749102295	230.06644538633844	314.345742896508	241.1125113001981	152.42053576267426	103.78696119090225	7.822320870188246	8.162835317720402	230.1165245180947	552.2174326372646	365.31598151824824	210.16416595081623	241.0722484088252	96.67923257058364	176.91935474287743	272.36702442147595
folD	P24186	1860.7995104163283	1452.4031060278523	2492.3767227579833	1226.553916541562	1383.9454434436975	1864.959861232948	1589.335082120262	1374.9720546626525	1396.991872532482	1077.2204082963153	829.2415409747538	703.7366756232733	1527.3786666833125	1398.6861884262582	2495.6294815383317	2264.147624647721	2782.148728986092	2039.523643576647	1311.94909019888	1125.3393061288966	1385.0421999292219	1769.4260060644285
entC	P0AEJ2	192.84242801060003	57.464250590788254	155.6958124262166	72.77128063146137	78.10265747191943	59.203905858376444	60.687199631464985	83.78508149546488	94.42980424600252	64.13716253475323	31.94891752784841	19.992922854066705	35.58412331540754	36.199220941718046	1064.708853532581	128.5721645423875	172.34514097466288	403.07976742962774	56.987407711790595	19.832773154800186	56.03888635740536	73.0149993279235
ubiG	P17993	1334.7613853309015	1404.0890574795092	1455.3876996620859	974.6771237579891	1158.3269398812224	1061.8456295144936	1117.639006387287	869.1315546316081	1032.1034744166884	795.7078918465673	658.7428448119547	423.17143044868914	148.06570371848642	160.28713981779597	909.4712365662007	611.7962760059584	826.6260477265598	904.4885388792255	1043.0742033878157	537.9634159543847	1061.7389782570215	862.4701945377486
ghrA	P75913	1020.4725450671842	1382.5816888306256	1428.384247216561	727.1378194338525	859.363582036702	872.8497880038377	990.9797199459997	846.7026539687795	951.1534762221778	808.6891495200346	705.5026008654163	546.0633514041587	335.4963099810545	351.1413365420302	814.3799436875008	864.1054138527049	725.655812377593	1064.1200913656482	1025.5206796301657	777.1230033607065	980.6872810758663	1072.9347256281321
rpiA	P0A7Z0	2758.264447030898	4467.405786576975	3604.589053074561	2367.1156874339167	2690.802673039393	2340.3812688216963	2446.1617204918107	2577.542318598942	2774.373105996213	2216.2767768565586	1904.5203208710877	1599.8910478351963	1900.6697189725176	1899.1706954578722	3664.816698159064	3837.4307880760916	2992.384764713533	3030.626935057498	2101.9688821374693	1956.0086322903735	2175.1499891847425	2279.17356859696
ybhC	P46130	1377.1486598299448	1546.4114891525917	1435.6044115501354	796.8025535226096	1071.4560509428081	1050.6836251321195	1099.6844779800917	1360.2700638746182	916.3588967303904	716.1626793950628	651.6528308904225	551.4539229193604	726.1079076824715	773.9316273847996	1387.6145610309504	2515.1443475017254	1787.0585925913197	1074.114869867121	927.8268242974248	698.1437390945157	1109.004601954153	1254.920577779148
lsrF	P76143	87.67328385601739	117.03055859394827	122.46810187421703	265.77107598650576	336.2543529676189	129.372171046115	67.11721689327493	105.50578981645833	103.59682283779134	181.6738498349628	356.7521123117189	666.8952163145972	318.8198751430727	383.762255432752	139.71075007769102	97.64175098762283	90.34086005545716	120.1146563885193	89.82247235182084	249.66716676264477	253.19518238785324	176.3982620260577
suhB	P0ADG4	1438.6620662846474	3467.915536919327	1812.1539615422894	729.5121693618754	938.4195570388057	941.2452029045495	981.4788204359287	748.9989415081861	954.8907931766499	646.3895342877992	545.8217735300187	494.48709572428737	430.87516806285277	456.0062410161654	1005.7044646819868	1210.4926115031944	1057.9556785627396	1050.2199065145694	870.8011554245842	593.7542438773589	827.1475193305716	1115.5630230741465
purM	P08178	2544.3730936882703	563.9948229539754	2487.340484940364	1192.5004215413057	2053.0377718096006	2251.2506702673627	2294.920325830398	2786.0890651436916	2091.7414807060045	1222.8208982520396	986.2370193771949	709.7415548675173	946.4009339361523	1015.3464027908004	2657.4542064622538	2717.481905201404	2644.7705484922667	2142.026134467524	1701.6495495884226	1752.419295836464	1826.9885559596066	2376.1018598469323
pyrF	P08244	1506.6783958861058	1017.0481160197082	906.4320939667433	585.7437168039306	1026.550075928751	1180.5974636511835	1238.8985808359703	948.107016774692	821.0364694041756	471.3939171204584	317.6023767803576	284.15662710441467	999.1655669871805	855.0591410524604	1866.7750683453687	1646.3379115981445	1607.1400660796949	1342.5876531041597	966.7730250023744	781.249573889364	1255.074395480711	1516.2212921416174
nrdA	P00452-2	28.1024536	106.0166278	NA	4.689732765	18.28940169	23.53595183	25.01559344	8.668182923	5.238652267	5.623896101	13.56763521	1.888234369	14.98281894	5.412298203	33.66511795	16.83445108	22.50409447	NA	NA	8.093998405	8.697885392	NA
aroC	P12008	797.8632216765672	469.49461665443516	539.0902022773892	517.7104701080472	659.0954818457722	624.4833979403209	689.5715932433362	638.1653853588231	722.2945033466518	623.1784439118424	502.5923423758755	419.5948991008312	393.12798035823084	388.57506478738117	895.0978433994617	772.90613262802	698.9264427912583	835.8655252813819	590.6682827278939	612.7276353882951	675.6867612159673	773.8396999314526
dadA	P0A6J5	50.66208600632827	1094.9108476150748	1070.8037613365448	163.30984062470597	77.19739819837788	73.78361724637537	86.30358974516247	171.70874395916275	192.9923536524536	118.90672131427525	63.19149795877729	63.80923024510611	103.05287913678197	96.14979156288231	152.20576587190402	125.15110740482372	306.39833173948693	329.65534195296243	139.6943792662913	83.05295605010511	135.47590877672275	259.07535943221626
dsdA	P00926	66.7473928345356	1430.6691620842234	88.20126221129259	28.47971107797001	31.473971990722486	32.20952847503753	29.153368450564155	21.81404466234386	28.700183115977314	20.113986005984156	28.570112640889093	20.472115903553796	38.66383638053426	20.5921804236873	48.1773002843647	76.4896729043443	59.58542716284523	28.79538134838158	25.014731202917467	14.935818125572867	16.003664160723332	23.241471150306356
leuD	P30126	5118.679810102063	461.45694074150794	891.0189946940562	6651.420604605192	4885.944996029272	6165.275091314136	5191.9523257348	3651.385171496972	4035.1692899765876	5594.059325831505	5438.8340872817	6736.330245971312	152.90281932425427	148.68573682722308	3855.3307612262397	2554.900161202839	1685.4681734816907	5647.073189742573	5465.0055136584115	5224.564762225977	6295.316967097649	5500.343297150724
potF	P31133	3028.868964819594	1191.60755872361	2077.95351115683	2599.8700449800913	3574.4788042010427	2996.6009886426123	4360.611516057496	4070.3947400135353	2849.2006450049685	2763.93261127297	2819.502195371261	2948.566686867765	2243.788078191987	2393.6957594620717	2930.719720744722	2218.473855476432	3636.4801311725105	2500.241793325289	2861.0283447216957	3486.479840706712	3170.011127739059	3279.060633244309
thrB	P00547	594.0873920292678	441.55532023860053	298.11001816271715	380.35308200116134	453.6092750261113	689.5639466586133	442.195849604697	841.3332643065144	326.5072520963062	208.43665013427335	176.0425333994147	151.41601000147148	504.49830122792497	319.853941633478	1521.4200406593004	582.7948198140392	834.5491004403829	1172.0601167043772	231.29565469194478	304.91769709541114	400.4880008551629	712.2202823671547
aroK	P0A6D7	2111.600586766996	3205.3542587241145	2406.040398451751	887.4995180843193	1208.1412579414123	1303.7806224565927	1222.0931172528685	1058.447325127568	1063.8823346354231	767.2139741450663	591.0774283118092	467.2659730818426	265.1223484546436	331.18135563936823	1724.5227076021715	2009.4352292712788	1532.6442741489154	1510.5238895950124	1247.1778489575136	809.2177199680735	1300.4203145473846	1554.6178507923491
ilvN	P0ADF8	1075.0158971478127	2810.9011239156257	2680.044425085697	1846.4961982523466	1538.6778538494066	2081.541019767003	2202.688993097917	633.9620734530076	2551.2672375148386	2054.8542009738862	2010.9393190640865	2416.4028532454986	1386.9456950783085	358.27125831347433	2792.708611264161	1156.4212932601815	1239.4016194212409	2068.7532799673077	1346.3018804066976	1381.5304071284108	1780.7409453568714	1603.6395779610607
ltaE	P75823	315.5244345240551	411.26679008268326	411.06612005873524	449.2267352432978	365.1385125531017	309.65206972118716	368.2922547265295	333.1413287780924	383.98601204558855	437.52546057163175	434.98498614930344	343.4128425698892	160.33455715386242	139.30589496103116	303.7223233873063	340.23167519805395	320.9675234128402	394.4968344384388	333.7871786607695	385.0586058712502	378.71272048409213	340.1103767409787
ygiS	Q46863	47.37183576	74.4650696	NA	113.4588558	144.0562723	76.22526518	75.11797585	96.02713069	166.2774742	171.7240444	234.1313766	266.59061	38.42867041	32.46798576	29.93894958	39.51236795	48.73709702	NA	NA	70.59982393	123.2576174	NA
oppD	P76027	143.96114952596662	736.0509520427652	1302.8813025798631	83.6635175629866	172.35557197572896	168.36754175365294	142.3902085361474	165.02732589022617	177.94571345230324	171.56005177393294	127.30433558862076	135.29747317159533	60.11721099778572	56.44897897887666	120.39218680948045	135.1382581483587	137.0545696284985	199.92049523346304	109.80187160338818	83.03534356098119	152.77147626004313	129.67255087855855
artJ	P30860	9359.42700600427	1293.9070398294114	2326.989224063978	3129.83351199692	4045.25502032393	4801.708000924428	5092.116588392239	4397.891104964882	4402.5648158399845	3477.1977087567893	4718.836782650392	5509.9835408044155	1869.7794740936774	2149.917340072949	4850.998142483786	7768.38685526799	4859.525199360323	3734.9058781415524	4304.824630586036	4041.078587686421	3875.3938785944038	5880.328888287637
ppa	P0A7A9	8349.502525593824	14365.37850836497	12756.493852667922	5607.982036641854	7636.127645244137	8021.269205437921	7570.867604427304	6701.171167248593	5921.4799078354	5402.845099306	4448.831544551853	4117.259138970008	6679.091363370972	6390.534110628677	11136.678313984221	10323.660695874687	10467.721701086573	9613.730370728927	8214.3813642729	7074.296224276511	8040.959073468761	9208.433073597434
cydA	P0ABJ9	344.41978382294207	1398.8347948694632	659.4908047990461	427.8991530797285	399.5984453459467	662.7247849366506	518.3193208158858	338.1432376155819	746.6439677431783	771.8193566163108	882.7473306344485	1036.1549959601566	418.00023840605854	355.7266958939939	289.6609927996242	775.1752923277517	686.3728374692322	660.686867814813	470.0884657626379	396.1281821390387	439.1176773037579	684.1656371672906
cyoB	P0ABI8	956.5363027676216	2424.2862363100803	1908.802064052329	848.398031931862	1002.0661977946654	1113.485595085693	928.54111334433	1739.5463800565972	1466.450185252905	1133.466612759246	895.8981717974589	840.8656093343036	513.7839959093657	633.1302698467556	787.2111949246054	1331.021657690749	963.6676942081473	1085.940697205436	1025.0691379702967	365.1630818567129	1097.0638307856254	1339.9991609513925
fadH	P42593	42.749237674978694	134.43755174700786	97.80451071837604	183.93402808454425	190.8572453360271	108.43131834423784	112.4626508123587	163.39343800572445	138.24859052505306	180.8547310981235	197.87897180817134	170.05619908416932	32.241888255830375	37.83225907316657	38.59899867604256	53.099648469035394	99.02165363318453	61.45491306384699	132.5460150846177	112.66561384405884	112.05492195702318	76.19640033581982
yggX	P0A8P3	3445.8709793577054	4246.559991282507	3110.0119182379726	1613.3089463856638	2309.7690173702604	3243.4027166078577	2789.1181439376287	2659.332711040179	2254.8854669561974	1955.277519700825	1768.1244398047152	1519.2309678572994	2343.3948022825907	1983.3099487796405	4822.966461416035	4560.7362682238	3877.727941298914	4014.0110474202115	2543.6268876264494	2526.1408554737186	2282.488645492395	3400.471269385585
csiD	P76621	55.82148810395295	635.7364857154467	618.7636034296229	251.2349767848702	218.44416691451752	207.77058001758024	225.5217259143587	257.40084415954396	328.75430203410093	233.27804617717263	181.3148169825258	150.68438191151526	12.649056773233532	18.675206905087816	45.14006415918743	44.69195581209881	51.23267216828009	44.966711339128274	136.21268348429248	146.26516115899702	144.844306065977	57.257565839828736
ybeL	P0AAT9	540.4973409666184	657.9015229510754	456.20495460012984	462.8888906475379	615.553840032033	695.0482308070528	639.2563081915418	513.5222354253503	385.9591926696856	493.1072857191554	615.3020158548692	689.8510909473911	943.1591424454145	1011.8392832189152	592.717948581603	1028.0826975695684	752.5447953092413	420.19692403350126	655.3264437938473	887.7174528092876	635.5689917567597	545.9054474580678
mdoB	P39401	77.2292225624325	171.435122305868	147.88225652773863	54.44232696638918	91.68953823711881	63.993201072647764	87.77614505125527	112.7238670812098	97.48052490837199	93.19311711171225	76.26103057832452	56.93920979980567	44.520101068159555	39.83698042654723	27.90005481983027	68.21390725077417	41.275175364219024	69.30248092373071	118.35929837106521	44.07092903745633	100.29909325825639	111.79057870645723
yhiI	P37626	178.65059046312822	454.3022451978395	365.1723900599957	215.92162040271222	179.5643384469319	201.8471531352594	181.77453761337864	188.21478185488087	206.25077996067438	188.48256140850637	134.94253737410773	105.0856052590517	144.76006468722696	81.9767949202951	270.9698392398169	206.47165209517684	125.5310729211922	282.45517187926333	180.74336473325664	121.97367986627192	208.07969180599676	184.47939098999626
cusS	P77485	217.2763773202007	173.49766867044545	134.68605077996543	263.0317594783003	257.1809948723865	120.86535937481264	250.17102207406333	262.541427037748	198.53895668458122	221.08515242509023	147.11449543617078	158.5256082862952	73.4456589320606	71.5986588091913	111.31323050950446	215.76114961854165	189.88140005873962	186.1516910015538	220.7359780300209	238.7346945552328	253.0316442098232	276.34740837767055
rcsB	P69407	2768.759598545756	3818.1003499876165	3064.30017494478	1534.8424298455413	1773.5816655131791	1826.5445355554452	2084.8932790051645	1899.4688314119053	1882.9887519296612	1556.754436668966	1299.136154798507	1258.9915382243123	626.2982745481308	746.5158735653341	1399.659298006693	2014.0836754243862	2076.7982002340873	2242.6893093467347	2052.1180050203016	1702.2370877970818	2056.204970361815	3020.8223781697875
ybiS	P0AAX8	3469.3408936135766	3223.960917862416	3426.1809368597405	1610.4498294613545	2097.4269518307424	2803.3607093981554	2574.369285361942	2566.9584618162903	2528.07948291622	1918.0563313958082	1508.2771399523824	1221.278645136825	1439.1769002801232	1130.286987257424	3181.2778251910277	3246.153132489849	3265.480326597997	2822.504126831028	2411.3249303375646	1851.7901541643926	2659.625477713412	3103.5590405821576
yceI	P0A8X2	2094.354165753034	580.3348316545797	992.6373274136229	1409.3246868861804	1594.3968267950663	1102.099769942991	2090.1703590047136	1954.1941865768686	1028.4402054633472	1033.2786453146666	1013.9812000126432	611.0645983527282	615.813748827562	614.0596744597389	1328.8854657960724	902.5406762508966	778.9861916906815	736.5870694963667	1543.074903863866	1038.241793121422	1193.6000858772002	1396.837830412909
yihI	P0A8H6	1174.6412919551528	1804.2340506026273	2692.044589726999	734.5189863220754	1002.6063374061595	855.6474314247986	979.591734673165	1003.1369153950859	977.9451908799788	651.0201138185553	547.854828988096	536.586925039704	801.2599827182191	845.7716086427527	1202.7610328238472	1380.7513552956796	1106.2775588905656	921.3387113476691	1016.004260682256	774.0902840005714	999.0947864319498	1047.646658551629
ydiU	P77649	69.82228386	87.98656203	NA	30.02976121	58.67550713	52.3154689	67.40985754	33.58276844	33.77291496	80.50658741	22.27978187	51.04032416	14.62259015	13.6149646	88.84371826	84.90024867	65.82808789	NA	NA	30.17800965	49.0784481	NA
yibQ	P37691	125.6711207	76.42358006	NA	66.12969662	51.34439342	147.8890017	54.84574801	11.26311529	67.30127254	40.06076097	31.64795415	33.57601011	149.4521423	64.01920073	70.72825697	35.89688344	77.60489187	NA	NA	26.93710717	47.98287861	NA
osmY	P0AFH8	10489.448281077817	5063.639203938261	6777.177202128898	6008.8957636499545	3644.783992144082	9120.009738970783	5204.2874069442605	2656.369777354379	5094.879428103995	3149.9349331503295	3010.145079351915	2452.4763542669575	38846.24331890226	27274.2676400738	38126.4672983287	12895.877473694696	38124.34459576281	7446.064280147166	5372.033277332321	4802.129260396351	3273.695112360859	6326.077963032989
yccU	P75874	1847.4397955787229	1577.6997151186135	2333.436443851807	1505.9302315226066	1686.523873661363	1945.1746482715494	1792.283564061831	975.9209760530988	1326.3574651269898	1366.1605975004652	1532.0527989872594	1352.560454986993	2746.962835688518	3312.353438355315	4135.018433215208	1882.2735755265478	3172.9688721978496	2512.1905462273426	3566.420637788047	5165.9889494055105	2955.3873856035666	2630.8830784617826
yhbO	P45470	287.8279496661552	214.04280260845817	185.02736385770314	335.71887331313917	311.7588669968271	308.18419645214254	284.21142535225545	244.92634528522248	295.58825682437936	247.09255521975942	291.9041138349056	432.498053636005	692.554886902783	810.1559716099075	988.8294988245262	423.81913464199556	763.983454611557	292.18012759596786	297.023732554057	659.8829772497219	195.19040424600303	205.79645483346482
yidA	P0A8Y5	510.52937884206705	644.4998597394516	436.07215879304556	164.95291958005214	218.7148554674793	369.73380836804535	306.33817464495235	163.03063651656183	218.35838032075495	141.42149640148074	96.0861598778067	68.28730960504467	271.58319811684447	214.39884068893485	484.6243558013439	357.02016598068906	532.6586056832464	415.14004969399787	273.37022359481847	175.2583994870427	252.20939957604742	361.5661085257776
yieF	P0AGE6	1687.138957612568	2330.5697331276133	1446.9865259800208	2670.4872821179624	2152.1135673149897	1640.9748403031206	1662.7353188891175	1923.7483568081059	1943.5653193457426	1839.89187100259	1746.2604361936822	1873.1422692747044	1772.8423003041264	2351.0441209268206	2939.91838972107	1806.4434217549021	3816.411713145733	2257.5499537405117	2217.6199770221447	1939.7836272779598	1489.933448016085	1394.4830829502603
yafV	Q47679	218.7554388	80.48608586	NA	114.0196617	69.61506482	83.45308369	86.88426892	57.10578851	56.41967125	80.62520523	36.59767959	52.18837883	22.33139844	37.68239203	101.0735263	60.95548725	180.2837433	NA	NA	47.09373914	60.96649909	NA
ycbX	P75863	211.8134338562174	307.8386732278817	253.37121641461346	122.99530350094358	174.56716687214367	212.9244549788849	242.1151218654086	197.16153376163194	159.65983442250212	158.9029547439268	161.359786732084	172.4870346430953	72.67550061464637	61.035388566196296	180.97879921084575	152.6563774427153	189.08782797022081	242.67343374789283	249.38006636088028	192.59394050593033	218.96964518141738	286.15583217523005
yrdA	P0A9W9	839.8867511812732	871.9042982706784	794.9672065620495	285.04590609178905	468.15192179859145	652.8610029288448	609.9673783658442	544.7557857408372	209.40533797706246	245.47529393641102	281.9835722897195	171.94542094831266	111.21509452010177	335.75394538324	781.0179879018277	634.3793616397628	1083.3498358313127	666.6543180799057	962.9159828580813	586.8303722135886	628.0594427250015	1036.4637767231357
cueO	P36649	1033.889510143069	423.5717467685113	1059.7043306457392	649.3820054076407	1012.213123907176	521.2830907804249	995.1454416860097	779.0199869362291	724.1165657180853	627.159124074451	515.912633532659	426.1788814566415	163.9428048595549	175.78937788755562	486.2638607666401	1084.1139064980373	1234.3809646599086	616.0974370923	807.6009624368756	726.7366101945383	802.4697529558522	657.0846651819666
elbB	P0ABU5	1274.1902449637735	3514.614661267227	3337.3459682796647	1810.5405318573503	1949.8919374384443	1767.4894455795893	1736.7975589164773	1780.603531016876	1752.780846989907	1849.0451286329924	1508.455020955415	1554.8329690556343	982.0382215946943	1082.080745122131	2260.667833591295	1630.0664878184803	1614.4575937579148	2216.114779151071	1833.1624581601438	1655.528580656812	1768.0579345171136	1560.2561166234655
entB	P0ADI4	242.5787888317025	91.46163054007313	240.5292219479222	99.1485678993677	151.30074288227198	138.61812846624576	163.8186718020786	202.64789076549445	82.28503460073198	77.5511115904721	74.87422368881948	58.89057949239721	245.03605049870526	159.34078263971446	2681.0572986206525	218.437380865568	664.8155329769793	1018.6640712592019	122.45851600599806	123.41459227085298	166.23577713972657	179.231209282779
mlaD	P64604	1097.6866823675712	1912.4122537899661	1517.6121898203344	525.8625462467573	724.7865562895151	1009.6614908144403	970.8244180673925	1002.3063421140924	690.5824730454975	539.6438809220085	470.39342466510226	521.0977195114527	1349.4718490864766	1053.0450414955544	1304.834532037408	1953.0814985981078	1116.890435114116	1237.45718422166	1257.8233659936423	643.7372092374156	1121.917295254114	1044.4350810175913
fur	P0A9A9	6492.06864960275	10747.847014523153	8407.95404382635	3804.521817229557	5664.818123567593	6661.485865188213	5759.670079417931	5617.254322680914	5206.635063678032	4303.048866010503	4174.936909893104	3545.8580924547323	4004.033632260044	3658.820690733847	7460.624920951021	6874.153168175987	6962.65701662077	7179.00846159328	5782.357997010672	4476.238918479322	5420.975923495006	6453.419189835971
can	P61517	3641.9995585420606	2318.9376246490583	2775.1622705905775	2123.995729564871	2136.526465211244	2539.165888050091	2565.6505864465244	2538.077000794757	2151.1522892160697	1545.4506257560895	1276.1706147813932	1051.608320545738	2586.7716849966855	2444.6608669582256	6375.903184329983	4720.223354062497	8238.03887184585	3444.6442037332577	2450.2166406040383	2105.085074219858	2307.509957651434	3299.724823197491
modF	P31060	232.62782264262324	53.31637159996915	51.164293986039084	121.13635876758623	126.64466439122299	144.81458044450235	193.88258746455844	128.4803403709518	241.1192487053681	210.50031341039872	190.22403634941585	135.4547600272867	38.04109359774978	87.81339906295095	191.04666417775326	160.37465049298447	193.1839017528409	154.88799598676786	180.98377761209403	124.6800206222366	158.74292472793206	249.07082619534106
sbp	P0AG78	1356.8511658686318	567.1399863369604	800.1230512080672	1105.5083023207333	622.606709334253	1592.918681335545	1243.6572586952675	560.8610018887783	645.9777863472026	412.6906956793544	374.34588819259676	313.3017337817352	441.412145316323	444.79216216174365	630.1884488561147	994.9483675972051	1303.3784841327392	648.3825663402905	919.025522231531	650.0875374435858	620.6636487522658	1664.3785405045421
znuA	P39172	433.63660380032206	566.7258643474896	269.4665949042933	95.37901321824717	230.46668496289868	104.63366394478538	218.54108467038492	132.3248792012306	91.206103325907	95.05112341622284	62.89878903344429	51.7720599042693	83.95396956401412	108.20309770287845	201.36851584720685	213.58894621884792	113.43447932899745	168.82889015151494	138.93850974251643	124.221466802594	251.36843428389292	243.44008466205275
hscB	P0A6L9	845.3737767696662	983.4891063703598	817.5269158440925	369.74994192058307	446.8957079726801	470.3127643460891	532.7552664063983	485.4857370643315	592.6254251307578	424.23116407180436	294.7278850888484	312.7613102914371	183.03822183881212	189.9552194487511	643.2978885520251	612.3661140161577	503.2898444097678	471.58045008354634	299.8788663313533	237.85545513175455	254.3236266408717	367.8302504813267
yqjG	P42620	107.1397188177041	116.55383397536812	138.3111955854166	131.4914689121685	103.66151458236514	137.2248833360833	89.10290432229927	68.47455174419005	68.82732007090483	94.4040665844977	139.6679751641956	180.4901165196646	222.41192887477985	198.52948849978208	143.0643162504847	94.70156582433415	129.19825570462046	51.37257960826651	80.00018569527107	164.87700550839864	76.08511006759316	50.96619975221918
msrB	P0A746	1300.6636707403177	1263.2059428751463	1186.2819373258524	1547.0036884288554	1870.7911223680007	1870.7112178681646	1473.879855565449	1722.2385667004849	1752.039218324742	1588.2921134421856	1312.8079604675715	1244.9483082502604	472.7417674154421	354.26569365531145	1161.1511345740787	1641.3877033224842	1059.1307722974645	1082.949605882068	1301.604402884078	1258.133058563579	1514.5044209908315	1071.7363494645856
ydcP	P76104	27.22838017	61.41244855	NA	1.404675133	10.71532014	5.935767194	8.988690042	3.763056929	2.880526466	2.618111406	8.070389158	4.165624393	2.252781474	4.377859348	12.0390457	27.29269235	6.635714133	NA	NA	1.030747534	11.90801353	NA
mrcA	P02918	30.835179757670346	48.80961121497163	32.906990027371876	24.300114086235606	28.859405288659396	39.477185457457544	18.66379456867678	33.345047358667344	36.24750412309853	32.084486987055534	29.79603016261337	29.799583559832083	21.059425060560052	45.18630773795906	91.07917917189214	63.2811941801441	19.237315941626225	50.84558578812182	54.994492718989875	20.596975939127105	69.99730084196656	94.29776247282173
ompX	P0A917	22442.546831721964	25277.995321308386	13366.566466246572	6151.689752526864	5648.096119941626	8639.518155700953	8241.053225548663	5475.110181891854	5305.29312642038	3690.063168017628	3363.84932445571	2846.631984002451	11781.517819120932	22837.761996050802	33362.11738166506	19135.049467888362	34299.51768995804	19546.13429313903	7762.8471709821115	7081.438816412091	5377.460797090115	12510.845934916842
slyB	P0A905	14115.521114058929	17258.85102039319	17652.13471903722	9998.395515982955	11241.212378480042	11485.536647441473	13810.006035244596	12760.169990084458	9203.241220670461	8284.282513480015	8146.162028070268	8727.820353706951	13372.095864309613	12104.191998940398	15266.221610319119	17024.139719830044	18347.651406959714	10958.582204080123	10842.955239750128	9000.573745349451	10213.473068617102	13390.335143523582
mdtA	P76397	126.41271992634246	70.45596673060398	91.70116231461532	113.99766789517486	118.77273276031148	109.47647256376348	121.28220433537548	84.09722414123647	69.81177473001048	61.95320758359848	53.279842880934474	54.13736193951633	74.67204882877743	74.68039283770938	89.23967520754022	210.6509353824393	113.73882616731441	133.29802209667588	118.31341709012716	110.6174572624499	102.53224970004004	143.92553053915893
mscS	P0C0S1	2853.761563712036	3440.3232862993455	4576.896037195957	1639.7718583739884	2243.1428010839018	3932.4388558536557	3041.1892652570996	2947.625251339401	3374.881069036534	2038.7342345242532	1718.7036769822946	1421.6926636382457	1663.286998921109	1724.2826276535086	2537.8170728268	4245.570068154295	3924.868352997419	2822.9031484908824	2040.1731071213478	1805.8823568945402	3124.9556208233194	3422.2099437979496
greA	P0A6W5	2448.9681088359575	6565.337104622745	4126.928369464403	1634.7483277056733	1949.648709154869	2354.4384325186434	2432.6483107883455	1988.86135591378	2090.476618625137	1808.468738645614	1462.3825556672812	1390.3012162419504	874.9150158727027	855.7013557083534	2144.0996464699588	2317.610480222415	2562.076409180958	2499.463470090009	1994.7722862973055	1484.701102653025	2122.2342933576324	2663.8356566582056
rpoS	P13445	219.4098044894768	1346.6869760797829	655.5057231876161	114.33853121097493	110.97891688623237	151.22260296768448	186.1416987143645	75.9219169704637	316.01673990258917	304.6478592643825	270.6273446376587	181.71153855849664	77.74596058402236	81.09635188545836	199.77151341363185	79.3517589885355	198.39955406825308	105.1219528844141	121.94698464130998	143.24343856562135	96.54628916582166	146.65009399097138
pcnB	P0ABF1	43.327316676831764	74.26109551092254	38.9052406023904	13.306422340389991	24.112065333428372	26.61999881400972	32.90034514258106	27.586215119551866	80.73897551217736	54.84569047221078	39.760585178046625	28.409291055623864	17.314783856857535	27.19822735016565	34.05605763026772	52.19474103803353	28.199597438558733	41.35225182327354	25.459541955150854	21.45082637369331	33.992791889955505	44.08588116612684
rplJ	P0A7J3	34448.1455905131	87282.73805522894	58269.93064603728	14819.022319909765	22663.45022040386	25317.822100484223	28260.20359093792	19564.75165117539	22631.007977215155	14445.94816489069	12848.045607710077	9877.527164927538	17512.142171744446	16953.619938803306	33767.25579251057	33398.53038358826	34162.35379900926	31998.08884762684	19983.945331991396	15860.012016078957	24014.199728941996	32861.187979816685
rplM	P0AA10	31491.78038602317	74846.13691610597	49500.850672773675	13479.956464026398	21164.69652221919	23870.820086762946	24513.70168599458	18322.33465725513	21082.5907625875	14031.597538523567	10618.697133081847	8507.594998937744	14616.505243575173	13253.897123747814	29299.624474694483	33318.7672389193	31278.209777725206	28116.95718059481	20837.359120236204	14141.460193241137	22222.51062600053	30872.458665594586
rplS	P0A7K6	5503.056009235051	16520.85337778951	12659.616922792704	2859.992524221686	4424.289098192133	6437.539451971445	5221.697067109296	4215.6468202605765	8207.183162179543	5087.424103667145	4069.735408649357	3118.2847011621207	3428.944537659696	2698.643121300551	3524.633194238871	8391.39974892395	5727.489068655225	7018.867238168349	4162.222058245228	2439.837357544822	4433.602178913208	8590.961776617343
rsuA	P0AA43	1509.8312194532002	1815.9175478627235	1604.6940696414692	818.413950924726	1120.2435516279934	1122.5630214144771	1257.1154242231146	911.1015365585158	946.588174983097	812.7538817610191	654.6127937579975	531.3859054884153	736.68384455887	601.2729613963695	1594.786437897525	1578.4479687324758	1350.502910516832	1509.0350089120016	1078.5681384831819	815.5018714899235	1114.8839650865848	1479.4988402253948
glyQ	P00960	1659.888964446602	3682.108703662691	2520.710328247923	912.961051112147	1197.0937756981964	1314.5380918307712	1219.6885808019315	1146.3296157189689	1218.4570241539234	986.6730350478038	822.4625081899937	700.7877602383478	497.4001448890602	475.1862958635627	1154.6169196755015	1517.1597889272036	1236.1103787952698	1498.313371663845	1214.3424347356604	1058.275477651603	1433.807299083673	1608.8646731709596
osmE	P0ADB1	4610.025284123321	3304.314628141362	4604.997420551601	6882.489881429053	6595.717094850302	6052.538998667611	5306.179646649648	3768.529085370934	8215.93093371815	8717.474856847732	11727.028031377278	11560.39262796647	11780.144921637277	13695.244911794265	17255.95748928689	6830.697065475619	8149.0127193313	5404.013974877957	5502.4704095876805	11727.974375880054	4737.284595429998	3097.64030989555
ucpA	P37440	121.7772419178886	1961.5754261197933	688.4193054872069	387.413842615443	473.3707015600409	299.7216830168134	269.32365912542	323.5436980023811	389.19822190655924	454.0398293167656	415.9324889042077	440.82037616827085	113.27570443111945	118.31230617868715	131.23243506650607	85.83747661926436	90.79406924831372	204.3533539607162	462.8709910265268	282.8129017001898	537.8066518797706	193.09932566999785
bioB	P12996	366.0476423847845	94.01175628595303	771.3863095674043	93.27622446067573	176.41497164726545	140.04848836062348	186.28749325991387	73.11827416992946	148.80344686632532	61.42520767202365	49.42251948539499	31.866445925342717	41.937067382469095	11.816893725007874	80.898917653258	189.60274093686277	46.0718666543203	198.02067307747686	124.66662667806581	107.2604482690682	222.38253784698364	242.0299117288112
lipA	P60716	437.3435393937311	2685.457196070345	1427.5893555109044	455.42876698459156	721.3725485261023	660.7490671178805	547.7351127901082	859.8627603535137	469.474344297558	497.64015283141396	378.58972282998474	344.66684556335326	208.00452123805925	44.02801013296286	246.6585211947909	288.3851327890147	482.846271075936	599.8481679803067	542.037438696473	433.26451119037995	829.8024088429751	836.3286521477737
ribC	P0AFU8	746.2752709453941	970.4237108487491	878.6530977670251	623.5038801530834	484.2685299095074	708.126564948486	611.5145042690019	472.2087728718546	609.912436162318	464.1229105116905	434.812067983405	290.46487798339786	395.22233371038266	345.2869910724831	1027.4741961026705	1022.3319253528404	848.9797260412214	867.482795511654	504.40179558341373	481.477811234206	539.8196052475905	742.3146464890114
fre	P0AEN1	642.9782871689014	1302.0129399127068	1188.2799253935873	629.2644609643997	747.4034364130135	815.161808808199	719.4119968523797	757.4259770801738	799.025197394359	652.5165316250786	611.4897047234356	515.3148472771633	376.91713658470576	276.1828065930363	1014.8405250072984	732.8456585419215	916.6001504897706	767.3994322228071	746.4630003718504	715.7153192660278	871.6430164408481	829.5504366259587
glgP	P0AC86	134.65991797155283	116.14687018151818	127.50757767452573	164.02578247735244	141.25873743545864	132.43586088506012	145.80137367208633	190.26229126287544	219.71011872236002	187.99368986964598	186.0980461016671	213.87363168462608	130.04817442676202	163.3075669595294	128.3176852034572	152.76625603266007	227.63978019414182	152.92753445430353	154.70623201285113	132.49795085312516	117.15325970083671	162.10534511589026
nagA	P0AF18	281.9663044998684	751.7149473731943	374.6158420444093	380.22490696927866	426.50068753977325	637.7328128238033	406.4578937484559	393.887215353095	354.3378855288538	412.57021382312803	462.4153547930998	449.0482495498647	293.16960344637994	397.8335155893483	537.9029990535906	427.46639206568227	447.8206804129435	382.26318087700713	558.8841959319614	1594.3892875355098	469.3742444395218	414.91355820843734
nagD	P0AF24	1267.609865929889	1368.343127993886	1580.8867774914872	704.6943719256502	860.0235646844648	942.7941630701688	1027.8616671539871	1045.3667252452979	854.3448073277937	714.1665477969466	671.8421768467896	556.9879558687472	824.6590314656052	571.1420792850258	943.2819031101668	1368.0773232101437	948.4671569354791	938.5666513791	1097.5491745827608	890.863175989484	1069.7083221992798	1258.219215034612
xylB	P09099	48.03718819194757	43.71806715993794	50.90475715194301	38.44903557772878	43.01721259647015	51.199435795400355	44.67568972602361	41.680549806000215	36.16143772075814	43.612197593169164	47.95127145356977	58.72704745071076	27.905559086079187	47.37256068075517	54.24048872339637	63.60865283590147	52.85482672037327	2003.6079984560124	56.414575980023145	44.32502179533461	40.353230068834485	41.74795312142461
yeaD	P39173	2161.7512433648876	2422.311707919795	3431.2137158431565	1490.6642880396344	1673.051594715715	2016.3305815564572	2077.817101411842	1375.4691684426537	2141.7107900231044	1633.4865737303717	1095.445770764254	739.1734483730752	797.8406303715603	822.7672389208705	2136.5826149642858	2173.9350423223973	1832.0115067915233	1943.3886739778704	1730.7903443122339	1108.842544680177	1688.6000008057927	3561.723739298037
glgX	P15067	110.8905941719586	74.98408920840792	135.47987402520792	110.75979128074016	81.1934947357307	80.70495936188583	94.67641652952692	98.98677686733977	76.58936707985747	76.35233978805404	71.84584114391154	74.06678586345186	75.34870411413392	76.06073831811392	65.79289409342006	86.12507291126092	128.73788990164087	84.45252667808019	81.6238539895919	94.67854138099909	77.50751762185092	63.258648791269124
malK	P68187	87.2720151287314	397.6649635097132	250.20730305092462	93.92820679292899	170.80985024456072	225.34513514047978	130.68228332316613	158.85037573470998	568.81104869101	654.9239391700207	608.2788987633993	378.2364804351939	19.928355374455432	21.95585125280287	22.295172536903877	22.842379300986355	24.677693969781384	42.349742599786715	221.32103454941847	127.54994325418309	139.0487100168431	113.29479019398165
rbsA	P04983	18.155494398356332	78.29319563344802	90.46934719757064	36.89831475403918	62.21288807723613	55.64455307933085	53.527584193396336	113.66247167862318	90.2292452701376	116.81853642266384	113.61612440075247	173.0698295960277	42.09029333939911	59.28319895484893	34.99483918651303	36.10167597862141	18.051465673392958	29.447284247050703	49.34548806311246	50.9969545038895	68.16242749563622	45.15623289660564
xylF	P37387	94.0214500873369	146.95753860614457	157.12400509767207	189.61149311714362	347.38087862364017	179.35117188860542	138.28276970725938	205.84103352230963	175.70452818403336	356.9100119601848	462.25288941904097	503.6883024714761	58.92685543758273	44.51512639755818	53.213932342324064	75.33023106109894	48.6129033957559	7455.214090099909	277.6741062108992	392.7762990476249	211.37074390395884	103.23213344770289
cdd	P0ABF6	256.60250445808794	3380.047172473918	199.2403405122035	245.36835236598455	281.4189371550899	282.1675232423426	210.986166530126	186.27374338813837	253.19210713515295	315.48112103278066	345.0469891793142	441.67700238552925	744.7813041245038	848.3874620083495	663.9184266993095	513.9851437209879	824.8040878211374	329.7176394281391	324.4021708287586	197.80699112893467	233.5270333107034	198.75332728380323
hpt	P0A9M2	1284.557734406195	2474.7371368435392	1610.662041039846	532.0876593346057	706.4082400559629	877.8033864395155	839.4397843123508	752.6386450923815	675.8689506034544	582.0369393975711	431.617439925097	349.7395016626447	433.2203096609787	490.8793371844921	1378.90240085855	770.494648876588	943.4915093729809	940.4154315730636	665.0171528543441	675.9319369656819	911.3620164954167	1172.6598359497275
udk	P0A8F4	192.43389273887445	444.6536834143395	334.4104961636799	136.67769475829635	209.63722112803333	162.4180064005243	204.57174335736397	171.4678355017232	238.70314149134447	167.4214111453541	136.23484939348737	106.28724096168293	96.12529465686997	104.68353939853	190.12751731127466	207.33807024781586	242.99533573439888	219.2696569030779	172.73971800595473	139.59164580215264	207.9080245253408	245.74711582442353
nrdB	P69924	449.2779241853714	831.6064399403382	814.0249407500507	376.56482164510527	399.7896240128045	484.4367424249505	393.55430721171064	406.1833126484421	466.0534800541936	395.6230658789549	329.85801547000545	277.2392331552643	266.15954763963117	219.32794287609036	419.9506631127191	584.2256607836705	464.8571829256999	419.9523921774381	388.67181925806045	305.9295795121937	368.6216758970475	477.5545990332052
pyrI	P0A7F3	19075.61482085252	3039.917480382519	2441.468328221883	12205.035507336617	22167.908710232878	18039.428378417866	20656.040809298596	12007.391161962218	21281.973140025562	13699.267568708528	8247.78152688876	6716.819305748549	10332.333380295158	10177.83909241329	24335.239734011935	13728.071637789388	21076.569602377822	16664.49957069328	15268.422221875075	19667.301012824068	23853.974294802047	18076.482684302715
argI	P04391	804.6820131601906	70.89998595856726	137.46608504539566	336.0581052052974	413.69527657983775	341.1386043073303	413.1347608956401	281.1172348187241	471.91605573498504	353.9340745657729	443.53315409190054	605.1838267778118	47.298339994441555	36.19505162597312	562.9163177119689	372.2114603614221	472.53346323844755	531.5226346870319	361.91309889073403	277.8163550702594	368.44011332095846	463.06993207869095
metA	P07623	2687.2030072276943	370.0962513565844	360.9501382773629	492.22828228710733	711.3962056115736	827.2133656147888	917.0488253682935	808.0145975000177	893.0672053178325	700.9736356898802	589.4143238792543	500.54264433618	299.3580764788685	279.46038001483225	1404.4432347798243	1451.9644511487222	2353.483111511277	1652.7055701550291	983.6178255978912	835.493128523063	1110.6312904999288	1262.1626459831514
speD	P0A7F6	1780.208803765466	2106.0926832418545	1424.6949357382825	450.81650098137015	853.9087793159331	985.2550790243498	826.9998759675983	573.8763312001055	783.5469076298367	500.20007164592676	338.55623054615216	257.072903605325	339.57732205844894	433.6238605284748	1223.471617957604	1307.9398216743464	1038.5766544006915	948.9661999697232	684.4062597438034	496.1023155802077	785.604336231728	1054.3964093908537
ygiC	P0ADT5	385.68818937690105	439.95275441523603	394.0463554766073	219.39458926407352	389.1251768623392	250.08969963625498	442.0031353251824	460.40138920844396	220.3711319337009	206.7695816892303	177.24047861178173	159.37268931985994	129.54009857123515	116.02206739616946	270.7623223805569	316.34037803679774	177.14794724323062	304.7520705542662	382.6940250500749	188.08097317303387	325.66951601957857	420.1913301812558
gatD	P0A9S3	128.3188826086441	1229.4650363303133	652.5869316383189	1085.2481010045801	938.3846551936758	622.6076161100536	618.3388886620024	609.9419776942229	779.601287079931	1321.0324394054192	1205.6547994507578	1282.0802720261806	94.57272448256438	92.55049976202352	148.9200403270743	239.23912800161915	104.48939095652301	353.88507857592583	746.1096249209597	721.9308435471901	917.5798917747062	410.60228214874024
ilvH	P00894	1532.8297983394102	439.1505978350645	456.0501892698612	901.812791282253	958.3494300705611	1450.9850846168533	1246.4650878609166	1335.205053386119	1077.590828106238	855.201653846148	826.0025776845204	715.0769038885587	798.3204613116494	628.6626411090332	1402.617430951308	1434.897647163063	1594.8093519811202	1822.7036782883074	1591.4366396209628	1286.6565750779248	1401.2177437608898	1931.2382088248955
livG	P0A9S7	202.72279682877362	171.47840871649387	101.6428051671666	169.3702369276571	291.7674109744749	349.48379975715585	305.14499528157717	238.92687123751338	468.5574997437027	433.4554054719699	334.58960621264566	305.5193240572447	100.68992477193937	102.09967862566714	175.13075533364284	201.11960365329034	164.89419670304582	249.187323732206	248.59323287339367	258.8052729181321	359.07609982503084	358.76217510805276
oppF	P77737	57.066876842693524	444.7848681544412	799.7015350702712	21.179937114353287	72.14493157514815	70.92155314991903	52.628737805290605	59.79053155289527	96.08395632321727	79.66679684670085	70.09273382183557	52.70876035883601	5.447283295546681	5.692056791628681	20.35925935939839	56.56713246505738	30.589190275491443	64.59510648922075	34.02472704515592	35.093777904974694	69.46671194126972	64.74785609379823
ycdX	P75914	239.18149526299217	221.14409295318245	261.7663895302871	152.58803997852826	226.44144190801316	198.7250563457898	221.93562253803964	276.2285047042656	207.18051549035525	200.7350073223421	166.41544076198468	129.07341067343387	87.66955471115139	109.67103285283649	344.12680032185426	277.1768279988088	311.3899695685595	272.50269253751446	175.8711117852787	149.33184903484704	172.8658564467077	232.2576720408274
ftsN	P29131	172.35707086988782	260.784965874961	189.42327877142313	123.7250163102501	201.68704168491172	186.5441862489018	169.881764031248	178.17252135427165	181.82225444597472	176.94820837298172	180.03469034293616	190.82194381760502	114.06170889489057	103.51300529072608	177.54938942746614	244.6521872644377	161.81769008380522	196.25857397807982	202.36383141204092	192.0786223136459	155.99720719071908	246.58476213986356
mrp	P0AF08	1316.6513577420658	2074.976706604464	1451.0632348892536	704.4278345540052	863.7266669775853	1007.2487925509411	933.0558236393324	909.303676628391	796.6729834653917	575.5564986441235	470.31297339952624	413.7472706117934	499.13052421434173	417.21681155992513	925.3137589098475	1617.427954592725	1493.5926558494848	1068.8096738135062	882.8627948491109	730.8296090017927	953.4559468618974	1215.2527427207035
mnmG	P0A6U3	83.63685933032906	171.18068245513226	121.83482404503752	50.006351828085414	71.38388296361799	74.30792409110458	76.81878114935245	65.37823048097418	99.23942539779088	85.62228343930724	55.79590965480612	48.57959660455864	20.729472914888383	33.427235508948165	77.49531268231921	124.82390523070269	74.92177558872595	106.21300122576667	74.83135041451072	62.21317552000469	88.04286180972547	101.39997617497656
iscU	P0ACD4	9431.249271211022	8769.401169453147	12782.767414368745	6814.8238318579415	6641.370646570797	6275.329142502941	9007.000404963055	6897.936284053468	10151.62836541814	6805.087538062207	4829.638282297543	3122.8200119607086	548.679052667968	492.0869879287517	13916.944892002175	11946.637371356104	7162.4696043819	12780.947456651355	9388.68414489186	7740.18830432614	6387.713020280822	12349.468279384013
lldD	P33232	147.73921702525547	1027.3857753672862	286.03659875110634	303.64373067906655	317.97468717818424	293.41306505803703	272.17097577168215	218.68669533194924	369.1988082603843	336.8643047907314	308.58656047157695	372.68637590389795	516.3712354257485	483.11073442276654	204.95506422232896	323.5051292343977	235.7424261306824	266.6677509481713	326.7761455760713	401.2205577632112	360.6697004955394	261.5093749005539
nuoB	P0AFC7	305.2317942399608	1281.0237140324698	896.6362001779404	266.9142526817952	521.9284030079685	576.0857443788068	517.2156702521346	380.06074597936515	437.83668050353117	411.11822229919676	387.0883733307095	301.4210617871582	62.13534545825156	41.454710730505994	154.83075948837487	246.03006064158205	248.15886652488447	230.78817867192225	341.2178182496637	214.04956890112143	285.9095790322582	348.1091696783902
atpC	P0A6E6	10112.339802744285	15369.54622686958	21431.843913921748	7138.004010580554	11550.956246986312	11471.570899101278	12008.615058074298	12893.737248163827	8472.41237661559	7101.2145082789675	5401.942140440607	4130.356374756421	3438.5645660259383	4339.971691421274	8136.240681181026	9940.293631363755	6689.571579309179	10339.316608967969	11266.853099093341	7045.226920764169	11301.783984509095	12777.02380647465
frdA	P00363	36.55224005847713	408.0250649313412	242.3156968673027	105.31980865341306	221.298036810829	54.217662369304975	61.233158537762236	64.24059184896866	85.76126659909407	100.48330001133824	94.10290190772744	119.52796980354164	18.033537658986273	22.083643355937944	40.82543866520974	58.507300182079454	34.682696464145955	55.42736426030227	79.34359514361707	64.18591211134883	221.55132259454078	65.42682951213553
ydbK	P52647	65.45863579077896	196.88311886893598	86.80343692919378	47.153555863659456	49.607330337711765	94.26954107231144	60.32762473560958	40.63786532487469	62.317385170883654	58.65369967061044	65.52910199860904	90.07293393424382	33.82540575020143	40.60986859254404	53.940779406430444	69.11987038214939	97.20132088989116	51.60642676470833	50.851482329778285	39.06199548468779	65.07743564306608	82.66951930256046
wbbI	P37749	789.4420516519779	2028.3055048392023	1290.8627968150925	379.23046646053814	484.1144486520267	561.600513598224	563.700437961144	562.2986777555968	648.8693694731406	511.86495754713854	380.14430075917113	265.7077376022196	189.6766698546517	155.25325192637328	427.29546309052506	621.7719560041812	624.431864179813	677.1654999186547	587.5607548261298	350.99429621766484	566.3122992719121	754.4367151225875
yaeH	P62768	1707.5699844197889	1477.982071774282	1914.0554522100078	1943.5279137154703	2441.769149591937	2204.963557665737	2538.5259615569094	2180.8402322250345	2202.144907990502	2309.394834181427	2316.1751821139796	2337.865758948128	2521.0336096908813	2236.068766671129	3424.7617240926074	3496.2490205950503	3366.6559821362134	2442.8490222036476	2203.4508645304722	2174.7866667343283	1983.3562202094238	2092.341229253905
gluQ	P27305	47.56263205	166.1837352	NA	26.55736046	69.25497151	41.60889305	43.7287175	46.48256072	50.65554007	54.40423312	158.1239157	38.44218324	6.774621499	11.83223564	44.79412589	31.65366626	40.75287849	NA	NA	16.30759766	46.37760327	NA
ampD	P13016	167.2366085	165.6796697	NA	117.1672443	99.85684105	289.6728212	106.0787286	120.993606	116.3371021	199.8517334	51.49184437	90.12171683	118.2157102	24.74985482	84.15637984	86.687875	72.91309855	NA	NA	100.5862122	128.728676	NA
yfeW	P77619	14.37256069	42.78344786	NA	6.951963252	18.6429317	39.07449698	18.88442865	15.58079311	20.30440577	71.14229449	84.69024772	52.39937403	30.99465731	7.359319841	9.601734621	102.2803582	19.30714953	NA	NA	11.06495048	35.69472974	NA
tatB	P69425	647.531381663554	1059.9414894934075	1082.6983633271414	441.09445007858704	633.0653050098571	653.3761406344737	585.1632887391532	677.4997522820519	503.0911430490644	495.5310532185864	370.3809803420635	348.0507735766024	463.86382608031573	490.3713785119234	943.1271215556766	784.7837993409086	792.8089062396197	684.9990198372952	677.6769223537432	591.576290892344	620.884577640466	656.5314383819435
spy	P77754	423.91775594252886	443.9003282532159	500.6037903123475	804.5384315953925	611.6559605077886	761.2555203776376	622.3385248022702	862.6281287587303	379.4322206183755	442.822421711808	366.64852480859645	387.6286316630587	167.9836578326692	169.1170229634569	537.5889918556983	1304.26180802382	321.066679122237	354.402747944393	553.8848256351608	761.1157814044184	533.4179844866655	623.3922819374467
arcB	P0AEC3	49.52482577732791	121.56963476051949	76.09638717296195	54.89699132155252	53.92303624937989	64.53227536441604	50.788257851452435	66.67506562469303	61.946868492332676	55.33197526996711	58.222939234914705	51.37460235263049	40.537975694506834	27.150723700794213	68.39257393079727	51.2137030440088	90.4050479454997	64.7367734587613	53.985537126370524	49.754697538657574	55.32057179034467	54.08707515043772
cstA	P15078	360.58107669344815	977.7971182063933	1581.945421614963	1951.6610440991933	2598.712285507339	2010.378641263739	2120.044185666458	2119.2793038289046	4408.38438602054	5822.759716888171	5892.690679927103	5509.65848097024	125.10739173998978	189.17119099667937	307.8672001264922	254.64548256120491	136.187527328786	466.4637212202402	3192.7513929558763	1886.3279705846055	2464.3222687183684	1232.957834888628
ybgF	P45955	1384.649833251763	1448.0076687143837	2005.718214482287	806.3828253890504	866.4284193540478	775.982444294692	998.7909384808765	917.3147151285509	701.6581231660597	549.9544152194285	543.0281660758557	491.09678996424265	394.41285424001853	805.7687273485794	665.9543746927459	616.9991629172833	501.4386017187249	310.0903952770417	321.9159221718249	307.67785067728835	371.05738674343866	508.60646313918306
ycfD	P27431	820.580760387724	972.3290299896761	999.6296607519811	634.6699499442697	721.6528343211038	770.6485418962434	861.821287667801	637.1200716064067	638.8758730123174	560.2163401865877	497.576827751528	501.4348619759425	629.4045941683574	638.2729071868289	864.5856563491012	594.8037220372948	815.5599600928628	741.4070942401307	695.9653844796102	715.3168462815886	692.9992012948078	669.8523034960663
yfgM	P76576	1013.1333025905751	1559.4996642671751	1523.1370658663354	496.7459633833819	635.8711480030512	764.6500109647104	724.2047982379977	733.7606313805125	553.7191452481535	519.4123097362913	401.2366215773855	368.6650592000515	416.4893195978037	367.1436497930996	912.6320606620094	924.2208923086282	722.207334096531	951.8614050517314	725.1097571251745	501.4112350256487	665.6198929048136	781.3973319719862
ppsR	P0A8A4	292.52685612823825	357.098188562794	369.15550218475096	310.13196340273	347.8673159680175	244.78086865732067	281.2514718867254	460.7283478494833	259.13043687566255	239.62990584942776	198.99954322858392	178.33164176462154	168.98373207658767	196.1306297433972	352.1292643763743	365.5170526974858	411.16956756943694	416.2076971746099	332.8104055427953	303.50800110483283	437.48161176124165	275.46101044761673
ydhF	P76187	296.02008002678815	478.1727713696928	360.9759852994116	528.9202284052257	346.8431220275802	495.9135899422482	287.4766009679261	272.4643557972132	586.0011877097679	565.2555986485687	647.5487183394677	957.4634757818727	338.12690697466866	181.66468373932864	191.90407203116723	307.5227340051232	268.7521425530402	242.10310599695467	311.9260791498378	345.4686262926509	227.63599924532616	320.83062112235774
actP	P32705	40.44796094921234	113.06228742139234	226.13277709962878	335.7659675012463	1018.1185070071357	378.07121274052435	247.83769147658148	268.9281546937128	629.345516595189	1405.0264436702482	1656.1258656063928	1913.2438140822865	63.67711761972175	47.629039492738656	61.134606661051855	55.04400951887526	58.803821887400424	56.884032685926464	685.5708995937462	678.1115517327136	631.6211231584523	87.67670211585973
ysgA	P56262	681.5307273867162	481.97424671532445	756.5019901073232	1440.3037354837088	1193.481268153811	1063.1797394392756	1115.8824449562892	942.5665609240111	1377.7726367172063	1171.9601764333215	1138.2534411484785	873.5665125529384	573.0464044829506	589.3383102374746	1467.7963649111653	773.7350577268913	1127.402102182629	700.1505842231868	1536.6116577476057	1158.16971277009	1186.5845009353673	962.448250114996
ftnA	P0A998	3237.3249566439113	5281.56141352547	1477.6203655074041	860.3304338353751	1070.5763261652849	2390.2842111099953	1314.7938376188577	1138.5555734334823	1160.329330121365	1124.0065785484455	1010.9883888004479	761.6561844553912	352.3325761842996	427.23027292732417	829.1480836448989	1372.2112905489096	768.9669846025758	1013.0441636531101	1239.5240423832763	810.5261586595108	937.4222662257145	1359.3059737965448
cbpA	P36659	130.9228091735013	363.4121327597745	242.67861856932618	199.2131994285485	119.12361044571263	146.776923652749	123.36344371516134	95.85530598953008	121.38977570826219	127.78981457498271	129.4855269855923	159.21840835919113	302.94879437075383	275.1175542563504	126.62953012756881	240.82336736043993	708.5784023872532	119.29114601206572	114.42119644570008	123.95013013378231	101.86274793847159	71.39633173252419
ppiB	P23869	2305.0778438446255	3457.2233465293093	1738.1019359836412	1531.6997145670666	2294.950457565601	2225.284489111658	2563.375112899342	2036.933408593164	1997.919871673845	1665.3408085316184	1465.0929261391198	1119.2826371154379	2552.3838653868725	2355.1148474208967	4240.688566061395	5243.3224668413595	5103.30910332883	3553.3515029070286	2091.8892326663827	1717.775131754882	2157.031301765976	2950.8428952059844
slyD	P0A9K9	19681.218035987768	28739.040825569064	22833.292592734833	10755.734218175663	14443.39840494813	14150.278081088305	15258.642631213452	14564.189358338737	13683.82981871017	10278.652742356957	9264.300197448842	7321.142329595658	4739.950934594598	4565.27325920281	15128.646079134098	8921.691915219315	14629.74119804961	12564.539036322496	14140.312258793538	8530.13144684724	11821.946260155984	13361.794051058316
ybbN	P77395	2691.9772250599285	4289.492307365034	3669.958393646633	1524.553485407282	1750.730283237517	1910.0579079633076	2264.1120133167556	1828.3656043421342	1828.8833162000446	1529.0896695093122	1204.6209524347312	897.1496031759625	1363.4754723081123	1326.0108659855382	2567.4729925133906	2242.3919958482843	2279.2953796105962	2141.0948922003126	2067.6129394716195	1321.376445771225	1772.3979526425487	1988.6361349634426
glnE	P30870	24.801349274253326	28.802400789924008	32.99097861230184	25.303652476593122	32.61817671616497	54.61727326955252	35.62522146146893	36.97500284122825	56.01055633854255	62.83137489502561	65.51566182409925	52.588060320875485	19.849715433114923	19.949485464287314	41.34819400017619	75.09625900852475	40.57670733501791	40.418608262538115	46.12720789902225	47.83942603967852	38.72172464870835	65.42178545001923
clpP	P0A6G7	8820.947219750858	12105.610552724462	10478.134492427922	6198.592719032845	6893.734423014568	6730.679234039496	7175.112195034247	6345.949543611745	6432.13221164265	5354.94654317155	5069.161823983528	4031.033859722423	4373.071668342029	4750.466058742019	8456.0082120431	8171.062265943232	8240.023768138568	8269.483045682093	7997.401959196312	4286.365791492452	5261.313943504461	6136.306610283609
osmC	P0C0L2	7596.129077798477	3286.035142745128	3475.2416931561347	11419.406889728867	9203.657163367714	11913.78383423191	8157.109759549421	6044.503225801328	6963.012094323838	8624.974510408389	13343.000302969389	16056.482252987615	34688.71965490625	33769.63977537652	24792.22251133358	9757.11626809765	17702.259528545525	6899.728648772398	9098.117220594786	24113.438140973107	8036.925106006429	5577.517237866551
tsaD	P05852	199.00161931486468	484.08633537862283	235.75551830356306	87.15853715669128	84.83333789461673	102.31278759579631	105.02738705571377	89.41217791664054	115.7060526291385	88.28468586716043	63.71289365882441	57.90419074755581	45.986924056469924	50.14730843614407	115.52016321048477	126.08967680027544	117.07855218460263	118.04621062552079	86.75343747866486	93.76884969856046	112.87532749175806	144.325166735923
kdsB	P04951	545.6351700773985	912.5078146706568	895.7770740457579	290.2158242450376	355.7280861054263	428.34134597422866	407.0741898399888	454.76077244873323	339.7918178415844	248.51260479849873	195.84230880732022	193.42583168826235	271.5053816669921	273.5782139394442	577.9237824893919	554.7565856276055	661.7907722973482	437.5728472215528	333.8082690434756	318.11424510890384	470.2430425711082	549.7311533169209
nlpD	P0ADA3	344.3516088142688	426.14216858967535	364.0382532818287	181.385355294183	300.71742685917565	253.38663078556476	319.1103890080164	321.67504162318056	227.1247051504277	245.31819008640377	189.00738575946497	175.91279804961002	212.4974979865309	152.76275945469013	429.7840589716441	603.5906390955296	392.80600752350784	348.6574927214552	253.29302701424936	240.60687934776	216.85342403591176	252.81092919600172
rfaG	P25740	49.27936649	101.6525687	NA	17.72878715	15.11205551	49.6246201	30.59504374	9.271334264	14.76102849	7.535557341	12.65405831	4.625447543	2.603654937	2.329298016	21.43541401	39.86243255	18.79933496	NA	NA	6.598413335	22.37118413	NA
rlmL	P75864	101.83965723616278	258.35175318778323	139.6038138536505	74.25176347780153	64.49465769474932	85.72368503355614	73.14737325286654	97.87849724160479	128.97851705095582	104.19665985831708	85.28344658606554	85.12402871842491	55.564670506296494	33.740064931815965	49.937796608922554	87.4274881931305	58.37141211448536	69.28411627269585	71.49798602911234	30.82665406469799	62.7709724039478	92.45292264639936
ruvB	P0A812	234.6785778108806	345.7013643836311	292.4307895087136	170.44106287316538	179.497781873493	163.50076550746516	171.86201318115923	179.75680237160984	155.4567364806002	138.546218480497	129.26928022696032	107.4460607887546	41.62707949098587	28.43804536141961	156.72540484407074	171.30999690043038	111.16541030065356	146.5809532165202	176.64579298531697	120.55256212453516	152.41374775569773	162.09160542738394
nudE	P45799	560.5998217201071	565.1783675469458	639.2518240596069	322.74255504442596	469.36774841088874	476.7168126315812	447.6641166705191	548.4915349720003	401.3426953369238	336.96133868321306	272.1122660217355	207.68777318595826	259.18004126644934	200.19886139936926	604.7394278165066	471.86036107018026	496.30966878098513	552.8911659116309	482.7342192765799	346.9790119253258	543.6429596436725	484.86381684081783
nusB	P0A780	1085.538649267743	2372.221898197698	1813.2659993553812	845.2629312232852	1049.6686890234193	946.2911238580905	968.8050798375006	955.3079617435078	928.3549397922443	797.7482730447604	686.2779189330846	548.7014724948389	646.5751140155555	777.077109652943	1545.808992910019	1311.2848306760038	1575.3852850011908	1568.8914690852446	1143.8509491928878	1145.5693033622065	1356.378271309143	1804.6111182542652
rnc	P0A7Y0	653.6612576851954	1224.2006459959312	910.1618008986637	466.12549069404173	600.6730181200844	518.4207132220445	591.6474399624525	493.85011765511206	602.3785839307579	463.5942702482809	410.00507725810604	320.52597841210377	343.39148848687967	268.19355318937073	697.5368571014506	749.4416550500046	585.4940291498197	722.0853030362646	435.56053693561716	454.86710630145586	580.3318678922616	701.3373567629361
cobB	P75960	594.0158108354125	728.131079177597	783.3288406058999	489.5808687406886	570.6354403674925	717.5188026295706	694.6637882394668	633.9250578334743	557.5722307010664	491.5534782614018	488.644957635904	384.5253487023277	527.1226021933671	367.2134123986008	984.4625906848793	981.4263562232422	1211.9692252481166	852.2793709848909	681.0114491010061	542.8019308717364	772.461145185086	784.9797556283592
rpoN	P24255	297.91584703143997	398.5750640098639	323.9430393502578	179.93820542583185	230.0153028054241	234.45557339819507	236.3308077842813	227.8082437252404	220.2578096226985	205.276546821134	180.6613591601246	179.50041390309246	155.83714337638014	116.26480168662063	266.46156839929574	253.53404064825108	241.44961760853747	240.73759949099448	197.33944752315625	186.69661615763007	178.94758815258632	211.64266740946582
rpoZ	P0A800	9114.570325518307	16563.552483279356	14725.220081019359	5259.169871604828	7265.487651583894	7622.302618344556	7346.4608238666315	6860.682643419168	7208.033281464323	5903.587029605758	4426.7977022396035	4300.945373912055	5489.879631815951	5389.699243490606	10481.169800341917	9655.33720271148	9886.63611851537	8916.87651049969	7498.834787745322	6887.4897010726645	9813.303039528822	9265.37005231934
yegW	P0ACM5	64.69041548	66.83867235	NA	40.72738326	76.28806921	69.08527389	38.64409186	54.00783594	63.78483029	90.23381223	53.45995299	26.32317844	17.68228475	18.70050899	46.01595908	44.59378712	73.37465729	NA	NA	34.99361495	67.15270156	NA
cra	P0ACP1	148.26044288123086	371.0451844902071	236.06090835636255	258.3692814749285	303.8669498917689	216.6014363411239	252.65177494508777	320.69075664463634	288.69651869962127	323.0904953620086	295.7705539167255	352.7191069289481	85.2909776435115	89.20842968925336	91.5754859611421	152.93838378774697	124.35462546316892	177.96863393175013	290.8079793592806	239.6462069386816	320.2888963876281	277.35013236676576
efp	P0A6N4	17940.32723496803	38971.780598026235	24945.8752326524	8031.423858462164	13403.926395434282	12146.826882856998	14569.127352549725	12380.863612769235	11292.371341299091	8615.131038804924	6563.204048308717	5334.676944839592	8322.573730489185	7951.913126513144	16216.468434112696	12137.430161048724	16261.230475679218	16772.85738852734	12713.337107551082	9758.362351761722	15105.378942050509	15772.078119377999
rplI	P0A7R1	34888.77253141639	83961.38354361277	54651.600319475976	13616.436759227568	21805.7537681297	26454.610421752914	25920.347937984556	19853.727645282415	19789.346279566118	14341.870366207695	11452.228546074859	8297.874434349826	20335.710915020158	16558.711872093776	31118.19243001285	34797.30048407672	35399.31944383536	30486.885907808253	21894.497332811698	13941.478687462868	20011.275055445854	31999.107060083494
rplL	P0A7K2	61706.452103002324	145618.84292443178	99229.81374769512	24297.344696289532	34912.12060907066	41160.69231075463	40710.07139358102	32244.432127971606	32000.236481888012	21560.895487141104	17286.089303323944	14558.63520146161	35793.08927879427	33914.94441247866	63815.9803838047	64946.78270618339	61450.63857472217	47705.347795688605	36373.85736288318	23952.237754109487	35374.77384566485	48723.547014604774
rpmB	P0A7M2	9795.059797896125	20999.775052911653	13553.269688605797	4189.743762184038	5301.767076167307	7392.356445755151	6071.814425720552	5073.5321154440035	9470.81853385839	6517.674532066156	4534.672772706075	4288.582370810717	3599.0720294374837	1916.951410264764	3685.4041788052527	6967.568321391196	6655.949869164965	8048.988872040077	8107.902669389432	4670.829609539613	10366.543867976428	11939.85225051912
rpmD	P0AG51	8297.793879680006	21048.29075071373	13854.655126239835	3401.5461379903195	4871.107746672206	5744.242135585374	7307.876872695944	4155.127263676916	5308.077744529743	3214.9005495485776	2675.351141949244	1958.6580697184609	3813.3588769449752	3191.437407812133	6200.124192135936	6808.464931185553	7444.550170664565	6556.034537480147	5368.714352737064	3818.3699220909857	5708.294184045112	8789.039889012678
rsmC	P39406	665.337345536911	501.5366623762401	633.9016219118746	310.6645565616897	394.7136286427895	412.79362948676754	503.39281693281475	418.6088645546449	412.9164721614554	298.7170822050816	246.36932882695012	231.24852129541392	212.6828930296569	167.2308141290043	366.85881132109125	532.0182467993167	506.78113393727773	454.5513865849498	347.1964134972298	398.27853609493695	487.3105319980799	620.3433024900655
dusA	P32695	198.0182076009633	436.0077020578833	219.41729321329603	65.58216233466699	106.21697071191933	132.40084563209842	107.81458472169466	115.13196799031549	117.44789561579381	87.65363400910968	80.77986225973385	56.71061272376579	48.74377038399126	38.25080421097475	100.78696788879851	142.91760966605864	81.01224093768853	87.22535670269413	93.44817873849304	76.08361528241471	101.97112488364701	98.63897088798589
yeiP	P0A6N8	3519.1003323860796	4506.707619710925	5738.922200817411	1538.6247191203709	2357.6465894329403	2648.4391752413744	2919.520455773393	2130.5601633372635	1886.2445535933957	1357.034668587936	1028.2561375533107	840.2899154526086	695.0828226948415	549.1299874715796	2276.297495098827	2634.0039940608817	2554.7391412504626	1874.9054874997537	2001.6593710827829	1964.0718938142431	2187.1940004746725	2876.973024969561
yfiF	P0AGJ5	1125.739673287119	1504.4313608401583	1298.3490770468452	690.0034558967008	918.6843358894457	1120.3368212713142	1094.888038350663	873.9878728549043	976.4249212213716	834.53577687981	878.0560734795772	765.2781577183649	832.5945826456621	848.5407410439528	1301.092237134922	1316.7631527943836	1466.8671410895915	1095.6113468383526	1091.1805288710664	978.3399995445677	1048.5935419264563	1303.2646353915982
dxr	P45568	72.1932117	135.2332656	NA	32.61787348	46.08555043	49.27626312	58.20017937	72.2648369	47.7220936	49.65925606	361.17219	15.46507467	10.04477976	41.94677541	31.37884938	107.3063639	58.95382169	NA	NA	17.40710156	54.30705785	NA
entA	P15047	141.63198585035553	41.326221401342394	161.0028709939359	52.2125231219542	74.01675436397477	82.00334772962573	87.64517291583113	119.28844826669162	42.67407930942885	25.196074241944398	20.74142005167803	21.517857828787402	202.88453514407865	211.55861058811251	908.7814334143093	143.04673141039197	368.3748440363135	360.37828379405624	96.21177742792008	57.13754225747405	139.85256440123356	150.0823274586595
coaA	P0A6I3	274.71608054521374	507.68721957181157	418.35918707594925	145.07195737954635	259.5988032655658	221.92542126002456	246.91075707866776	287.5580196759673	159.5587709792899	142.99651353980153	139.36131355372945	101.36637125900262	70.79110497159456	53.72984628366707	135.00440361417904	145.19276657491463	149.80559959287737	189.34661301780704	240.54107424613275	178.3102921933811	270.7727864805859	217.01478882610294
folC	P08192	364.44592322704614	632.6945816434487	563.6554382358327	172.76722637447335	247.48603993815138	279.3785178372411	279.0084724220311	237.4287371203247	233.62755074078274	180.35125544847804	147.55684263265388	114.02449948062221	86.35931883722797	211.79574734126172	263.3594825154837	300.73638832019185	331.5468685265954	211.85626960104753	212.06685771852915	138.54031790177345	241.05351899957296	265.59716810403035
hemB	P0ACB2	440.1344522440407	819.1220222747419	497.7125390009524	327.95235220289277	356.02967510618794	438.99246179319925	374.5099248483194	377.25634859219514	337.8836715133009	268.61964350693194	257.4857778176783	221.99181101231744	263.98299721245496	275.0178904223956	475.65283645712185	464.1634394704843	658.9762283144418	500.3509192522702	349.988799292608	340.98615410275494	347.8695628494135	398.8386934976744
moeA	P12281	538.5928680785292	703.4047233202839	512.4201024271583	434.7133301641497	428.43081771837177	446.7171696524502	429.41564057474716	439.0124482218383	319.5881549789818	284.2958724087473	260.14152593462086	215.26029890618298	343.74752433875796	368.36324723018157	536.9894135322712	645.8600250417087	931.5537489564883	522.1099507702206	415.722718582873	411.66796829475766	328.3448363913105	423.77222475805115
pdxA	P19624	183.9969305044242	178.2169616905422	158.88858763077704	141.9828753428581	152.93723708823939	176.5587704271639	166.01836937563488	174.5170028647296	114.61385470181753	106.4171314164306	97.02577688896632	80.58713266270546	106.51504698754113	75.4564557997453	265.7537356269801	184.64673069086285	237.21145683971838	190.4956990250757	133.36413063139562	129.1731955418853	142.0445251161122	158.9436490678994
ribA	P0A7I7	310.57705483526854	529.0152600159441	374.11238516726064	192.332535953622	260.69758189565215	330.6423872716532	256.9812483435522	272.17844172893666	212.33945907867215	151.30174082001	117.81413446190143	91.10146117336463	146.83789092783013	173.85779704236467	339.3212254650147	278.7754307276012	444.1418823784056	250.65643371846093	187.94060584504723	133.06621781858297	184.22757960818348	252.49958975426455
ribE	P61714	7340.542838286514	10894.137231549745	11480.234776872472	5093.014606118902	5241.114769646578	5981.069234168103	5615.308690969704	5144.745478074874	5386.69568731776	3847.846775306603	2539.5982168721575	2134.7649185272044	3329.549125033635	3658.42986764879	6459.0965033997645	4398.031604367541	6965.3729430914	6328.141793297343	5044.196183604233	3151.758018825519	5590.620949772008	5654.916338132861
epd	P0A9B6	111.92184532856838	209.9670244745865	154.8735977153273	55.55903881981779	80.25854203502892	63.783355472148884	110.56908878472284	81.93763539930491	84.0633705541484	53.716565239776116	39.06193432217855	30.34224228490094	40.979571896849436	25.66872534133319	47.87097633766492	85.7796089321615	43.00616483164738	64.71421062121078	31.67228418105643	27.851705357817558	46.775603856634994	70.39203756179606
fruK	P0AEW9	56.44518134762252	166.18175911322191	111.38894878987456	23.786002039849496	54.87819015043081	96.7652228915878	83.54490533428276	41.70602915032466	114.2393519671909	78.6877976731993	67.68911360247655	77.9644612717119	39.220209547691226	62.378618721161274	101.03776684773976	79.52731704075653	66.51059020201592	143.50866892037502	77.50917038863155	85.33872131358194	83.74871583928034	2464.710205371881
malQ	P15977	64.56170222668487	83.50995325481593	65.79400333715427	29.268082576829404	47.99912131881701	57.52089514050723	61.308851076357456	43.338453563181865	100.96614665775098	84.06234082083843	73.77072320667668	45.1081935439266	13.682483448801538	13.513418161244314	23.652707502738433	23.67355041472948	33.83263103684667	30.8628991915711	74.42885432034132	42.883948950491025	41.85823775127902	77.550387760091
prpB	P77541	22.794249498181276	36.096968217541274	25.046461635595758	25.292250964874352	487.00331154152843	292.66261459192947	11.262351887827322	21.066465196201474	23.060277751595898	946.770219654915	757.2897547321438	491.03822108400396	285.20775192043027	237.87021130679878	60.73505401824648	83.69057337221334	54.322510787135926	58.74141268035334	83.84630782317043	853.4097638455079	110.73444189361349	39.75383370123491
treC	P28904	3.849833046168771	484.0308657242921	50.849377959515245	4.858048086639697	8.982594579014442	10.43591827138109	8.095186250094873	8.658231170639164	5.129571498201857	9.167495389134302	11.267741309799238	13.389969363006971	12.660349455024475	6.293437740706289	12.847682240257328	12.765179096236954	4.022644419126071	10.93610976115993	12.32791131859908	19.51716407337044	7.308515349412172	13.894412976158154
yniA	P77739	194.2940067414591	294.38821428495953	156.08658675079514	364.57069834494376	338.7202125904349	333.01243094185924	331.2738232554944	293.4072245842944	232.13952420199797	368.5627034012521	561.3578780341317	681.1710652946133	367.7291343227477	388.8517197922214	304.6954668267487	251.25477810675542	339.22869729310924	193.38973353787182	416.577958228269	464.5073790749685	348.07600454882805	191.64242805157528
idnK	P39208	14.76345129	22.85089113	NA	5.644337167	16.2858576	1724.164026	11.95437987	18.20982421	8.194254034	44.2442062	16.96563309	6.86233083	15.5183754	10.08852557	13.18314757	39.11640717	16.85011528	NA	NA	5.220316406	11.59760051	NA
rbsK	P0A9J6	65.53790747228088	482.83875955058585	310.26500966102066	122.6903916111431	160.44814750480705	151.1378037273304	179.6236898541422	174.52726663572577	196.5795429240994	179.1407051790191	168.1140195242532	139.09856969585147	41.233730768276224	44.184935248123566	42.10128226746904	90.29511141695704	79.72496516177358	65.66666108266284	165.79107555996882	138.1784938290752	164.42056877539903	125.50915824465268
add	P22333	253.22780586325248	1603.1470625526672	800.93491183294	118.00954598746196	179.68156408145336	141.6934542137394	204.99365628320032	123.89242408011239	256.956373153702	411.543159653177	571.0424235784585	512.3846921963245	56.28882674894796	64.84263606503136	263.65951578392935	205.68820439744948	196.75245476189113	361.08490965001806	337.02390168633406	599.5800691127674	242.21024436042453	231.2064935096969
apt	P69503	3061.346657743534	6371.303991866338	2719.5707825482236	973.235205895774	1277.9968690298508	1534.111877999865	1786.8467319157887	1323.5808729990545	1488.9887973424588	994.9829562498808	695.6991075966115	555.6969680845226	758.737473030624	846.0292820957482	2332.3990603702746	1844.7956956781952	2185.849126294135	1964.751219550465	1380.4805065640928	679.0553528802928	1460.4412873459019	1920.8338567338128
ndk	P0A763	11664.62221509774	18896.02179366227	44584.63611928512	17235.468450795073	22964.106376190044	17281.4192820618	17326.040312959816	15319.611839420837	21146.280163856038	16525.08456564373	11996.416304980317	8266.232124601971	2900.0220646712455	2388.323495010694	8718.248814418177	9170.659103700951	7392.5528101195305	14483.03343625856	27706.94702297129	14373.665245183496	29652.567134194993	18745.271868027376
pyrH	P0A7E9	709.5644057257201	828.9645741144574	1020.5104325161461	441.15535086099607	593.2668304199883	550.3815063845775	630.8853047075032	573.0536252949305	667.5458047981294	422.7945557018512	313.97370055224553	223.14580325126727	189.48474811525946	367.59584268448293	671.3048643050319	586.5664840013005	549.5772231387314	705.1731810961909	624.2008264820753	473.28554688052776	678.4140606132289	547.0020182068081
hisA	P10371	2120.6159829899025	599.8980019715095	3025.8301286600704	689.9953749069468	1015.182030540482	1186.558591712421	1632.9384704566498	1314.903775408573	988.9400622457598	883.5668650159068	836.6045054300226	566.1845756701532	357.676862266385	475.9207336350459	1259.11291527675	1482.7887030308696	1047.2824066082162	749.7895600567292	935.4878053626184	773.1166885780428	984.3033762444038	1073.7236440365925
hisH	P60595	1575.2050191278836	753.5184018598618	1918.9811381131285	441.64595729627183	741.9841210260583	880.286740502677	1229.1780173982872	883.0919382437935	824.344516366879	676.0190217159501	707.6348145173495	438.1143513788726	517.7535144579098	616.7145309841446	954.7591686098989	1507.3879841806968	1059.0865102164007	958.9728968742229	993.1055052996055	788.9321933122202	858.7401934585146	1049.302221679538
proC	P0A9L8	548.5822318953827	813.30096776302	684.6809735021786	467.43865651557803	550.5255663939869	529.8152492531885	450.02924469925335	401.7327434091539	711.0632822826741	708.1099654749793	713.1145840457665	781.4657053430193	348.7771051788872	386.7848567782914	722.3802738633718	660.0828122036913	578.5398166612796	544.1730117982949	376.2784709744472	668.9996726895247	401.82973935174977	367.34297903751525
sdaB	P30744	37.489683417631944	2367.4118548232505	205.41797581570506	15.347129779261467	19.137115695637412	18.422779240411906	21.200604431509163	18.54948852041652	18.10247486191834	16.143789424137008	10.535820650515944	10.526938701298715	6.233506490968214	6.33620373305071	18.05205815230161	12.887658399756395	13.632782682835911	12.043574469948567	12.355002912477152	18.679436373547993	25.30053795699138	34.26029154960171
speC	P21169	85.66469694391233	58.87387714388717	75.41927671183879	34.10646525518368	62.66081451125651	51.88731881810552	92.67632097018837	102.79065033584463	45.07417698849334	36.458732056544086	27.83887741804896	27.250268827323858	16.51433897352275	14.667710211948744	34.3313026046272	57.96186250900938	66.03510042510354	66.49108458306114	42.475085134321226	33.53504160307241	45.8932687511607	61.77013429338007
usg	P08390	455.9571789710576	583.0553743052826	442.98643329689804	260.69191425371145	254.2356189203698	328.19560674862066	325.58595379686045	250.81177862901063	409.43655669420195	326.62822591999446	316.5302356023927	273.07482516991735	220.11595827626425	193.86503274626583	436.8457945149539	542.7521187074498	460.00541892417976	385.53146715782174	326.03654878689815	282.8877538089851	286.6385023390538	356.64182001719024
ilvE	P0AB80	2609.040458642553	1389.079606030341	1624.5430610564927	1254.634620362733	1728.452369194041	1833.9716957378614	1898.966663583763	1969.6994940553727	2366.342138063573	1434.9091637323916	919.387396208939	794.6481897243053	1938.7646307454638	1902.1188176279882	5169.259873854359	2633.4359144391665	3511.0606335190587	4020.7595393574934	1637.9014398509037	1157.941400702931	1967.0482401695824	2942.9103991160746
dcyD	P76316	986.7597852473318	891.3761729149288	876.1475860697277	637.8438319257843	830.1585615184475	1015.0304964614521	787.4235543753699	693.0523536246237	766.4431782772831	681.0970901746813	568.1806256149071	556.2413418750336	598.9116059743001	638.7648962868786	913.8436049328475	800.4081781843105	1220.986490356683	745.6066196726013	733.4523920301887	682.2359143652513	670.4942339565175	726.9202455251741
ddpA	P76128	15.807595756322693	17.6092797910581	30.363891569001495	43.23314463851987	88.05169734446459	38.66016556774819	37.28601536639712	44.212862178481906	32.53609440562324	66.96650387322866	70.28509582776013	80.21801209411124	67.07689851297589	62.95109889955362	17.332567567202933	12.340634414686903	11.212036642714992	17.395522546612586	103.30331636543403	132.33143610579148	98.4678769987397	17.738832557654348
gadC	P63235	61.82987057609947	87.56823078287111	58.573323129524795	139.68204985551048	48.8442861409273	108.32899529128579	31.719285149201358	31.682170232924744	64.94883546651269	69.23201783300189	63.32069613512747	73.74141379662684	1559.4803647191582	1588.6822437399585	63.772593727639396	31.969755408318704	1277.8059580731829	15.711512695543263	7.689598782891766	17.901934654495356	14.377361550146622	10.892499533239222
speB	P60651	1283.2818708733605	2426.5139015585596	5774.578932446764	899.522412642405	1112.0942202010729	903.8657773387658	2217.0588898366696	917.5122350658831	937.8613018451814	760.2657259606082	792.5257390346324	970.5101827919439	596.2776081341157	683.0246317846427	844.1263977993293	682.3869246038744	993.8383462484613	774.1312889552842	778.7892710553039	827.3811246445397	796.8747809321065	932.0078878533258
tdh	P07913	180.77364081719637	2388.3859402515845	1511.4265680370875	628.1575752537243	376.53315111924854	292.5838260384869	239.1239470804355	264.36585624154714	213.78798948209015	264.2426473625593	227.1314610098966	225.24580588434506	99.68740837033717	94.76376636955696	133.89089766834675	193.78781297847055	211.04358583773563	338.76258057305586	328.1142573186148	267.46714568731176	389.8112074868035	247.1872121791322
yceF	P0A729	2340.2937961715156	3657.1652945593396	3227.2599302917492	2410.1636928268886	3041.5054769371663	3170.724832372432	3119.4310584089585	2062.9656449537038	2968.409707070499	2837.102678388021	3497.3419852837915	3265.923315062845	2621.028045795004	2769.742697689897	3649.9810563694987	3985.5637720306	5714.676644233346	2614.95059642644	2800.7750184803504	4069.220018366038	2272.881117008502	2411.3739721495404
fdx	P0A9R4	2741.9994276513953	6442.058112370934	5650.01289272679	2072.0826706863604	2145.3908440313035	1884.7482697704413	2528.3208834320417	2058.2143326797764	1890.9259645588463	1831.3080188195122	1345.8354726017722	1286.069809672656	482.61305492132954	459.0744720135891	1960.2564210575115	3141.378383777775	2919.539366890535	2438.68954877392	1883.432141082995	1644.4933112155077	2066.114401938153	2777.323440403615
gldA	P0A9S5	53.53966431679145	53.674270284713124	35.33926981539876	56.326374197342	40.48363489618825	33.89143016111668	35.52410369752365	42.43685041846772	46.84636724202634	52.518869889940966	62.940472724075775	74.11114470637816	52.640273424116565	54.91953449869791	41.891207346178504	43.08216997608447	36.213755462159035	21.83945893036539	22.476155042879274	51.255268989415924	24.58435289040903	17.282797377423627
nirB	P08201	3.03821886625187	12.312934692411206	4.090993346105345	3.3562901777804757	2.7965035861350263	4.09035205940774	3.3533256436079757	3.2945175279535195	3.115054734284324	2.2903967419221947	1.9403506267841977	2.1868420182189947	0.9926924711739308	2.583123905163908	4.13795893432616	20.596860253824563	3.8387658495640484	2.1383794795705597	4.58660818650933	2.330587120790188	3.2095941288890883	5.0911886774162705
ybdH	P45579	727.2348850814199	509.148424713907	331.66830495381737	461.82066692942993	455.00952455541915	430.39502007808625	657.5906139335918	363.74311356966683	575.298399737252	321.12465420622664	389.62831624937724	312.36802711445534	60.03652672878316	46.08930132232981	176.34932048405895	382.28362064155294	220.32729220990274	344.8374400166873	464.5505743829954	342.22523653377556	497.5810165193794	628.9080825568572
yebF	P33219	1716.2173425455082	850.0464601968287	2077.2650744352836	1444.5621212497226	2081.7983041517978	1780.8259615071809	1720.9861728651679	1000.5762832736694	1930.6961826584925	1770.2931250344652	1633.0677857811688	1191.513638729676	1506.0772897502704	680.9028581436794	2776.3947374359905	1260.2696971328407	1606.6001958359773	1069.737403642469	1951.5703611431682	1574.4659894078868	1620.7220500120884	1142.1885987417497
yedD	P31063	1665.591951556933	2348.743757696132	2544.3691284928163	1144.8020517789273	1233.767936157078	1524.360534295939	1511.3907660792777	1266.6606035495372	1315.9231222814121	1175.2568325392888	1042.557689370635	865.0209226376941	1188.985234554044	1396.857737801034	1925.984744530847	1647.598579803929	1919.6382126734427	1770.2924216075057	1654.5013924089972	1340.1034857108684	1467.472222361966	1907.5458606344887
ygiM	P0ADT8	273.0911637006969	288.7547714477074	158.32688070060667	149.16036347642296	202.25409583555808	118.85436205137135	206.2013196887389	352.65700777579224	98.25451017911904	99.12398328444888	121.69864676480404	167.60389179029244	106.43755864021092	118.67157350492928	281.8331259481329	367.19538283662683	386.8018806996922	270.321736717037	260.07561533178466	279.9108459061625	266.26592961402184	246.78462117289405
gpmB	P0A7A2	364.87371777185865	600.6735153173559	597.6887561465267	305.1307586432915	433.62602446905385	358.2213259742658	360.8399046543379	377.7327462419585	333.8645598269703	303.4159215557709	257.7039626328792	209.39963942751004	52.34898247608081	78.26328964188404	313.29389278996587	404.9943237346981	358.8240164847293	435.999379634453	448.33082192851106	314.70660589042154	552.7244955409788	469.0481772144
iciA	P0A8S1	624.6254917626972	390.7397589585045	425.5943502085095	410.1684513844051	495.20203411588943	548.2889820965825	545.0475546975306	625.2538913057339	416.78753786177	408.80199111526707	335.5644991246206	331.72812180919885	348.2238181667696	309.6233686349221	714.8256002395242	688.5935877416193	624.7577740212664	678.9001048561367	596.9670258376739	527.8061784607779	445.03051309979855	625.9099811489625
grcA	P68066	900.5273714430914	2364.569990916478	1612.6421883691457	1268.8722989517098	1338.534347911634	1355.4241631695206	1418.1331332429916	3556.805287018332	944.9917986932974	980.2940573191346	784.7908073117524	703.471411316653	365.09213090160017	387.7529169611101	1088.2660223411356	4234.7366506523595	6870.35220278874	1769.3024117769512	1711.1446587756643	862.952768166202	1251.197636258437	1307.1613663624382
mrr	P24202	34.15170443638297	118.78713911150234	101.52905982059687	39.63625521389861	45.1243854508421	56.51194333561896	56.91793387897159	59.51636996108545	56.390370251062805	49.66393842852953	37.101784131478915	22.94099491744179	7.974708888378122	6.8871700849983855	31.446015244739904	50.84643323102516	28.438426736732612	41.08379700399818	51.83988064634403	20.444089005998052	47.68508724088454	49.32161493741758
secY	P0AGA2	650.9728143752714	1282.167952005906	983.4631703713786	352.2405314370259	492.474988003916	609.6747302506075	561.064243939671	627.4255098942681	853.3327237867262	678.082711808952	534.9448406326426	570.3316745483024	293.82382835606984	288.44442147686175	418.0171811268673	777.0335530560611	490.4042250561287	601.8903313718793	476.6506933465455	346.8737825227366	556.546348064599	741.6974407458315
exbD	P0ABV2	368.19045640214733	266.54494516286945	507.27631685534124	141.68285714056768	221.4351974242831	215.15651147590026	282.3876595951245	238.62727557101422	210.12381898047423	115.24313269925312	91.77065319550435	58.63405031535872	163.53549280827872	96.5183068030084	919.580448768174	453.5579096095186	597.3355614313975	568.5485879222198	192.9243347168799	156.97371795139657	261.5567223625623	338.7358807767971
secB	P0AG86	16735.287529157733	27911.02801234971	32743.301608999223	11594.337232406406	10740.05648638609	14183.552348109108	11828.107906053392	11831.77376328948	13572.490452532256	14119.794913310696	10685.745070149205	8604.880211563663	7121.445253414665	6688.892451500866	14123.598345981041	12125.636266426018	12145.449015199752	11176.864718235882	11737.147473448225	8725.961221198988	10180.899922899629	12641.478758355828
glnG	P0AFB8	128.99468997171928	70.4037704781895	64.88171023469694	40.44967008089491	60.78634303381712	57.374947796167945	64.00340060492782	51.320492604702125	57.02018174394281	41.88574516142897	53.735968829400896	62.667880388900905	12.086063528589351	64.60895519829494	75.973219927977	75.69644509659219	140.5375295787818	54.46310320461376	65.35540445137593	83.85975843651292	50.33652484096873	67.3186494892333
baeR	P69228	276.30455472463245	188.07667463625566	216.83146544317063	164.33641163452103	170.69007107897818	192.68975439656214	180.838209389118	131.38388167606587	135.8479905595428	117.6179708884852	113.4123354581236	90.16319941886307	94.05894990845475	147.51243634373438	341.17177434360383	434.56777986509553	316.5554591476678	272.06115034221966	179.5560366592956	195.774612448339	151.7830688646604	217.6843254947448
cpxR	P0AE88	933.4521676914305	874.8360973421842	930.9969714323377	953.9453009825309	894.225086623617	860.9261539705501	783.8535002397645	1145.708392978785	709.3903955024227	729.3029975092373	660.378008009981	832.6238815227025	951.0785257434967	920.4554973476786	951.8042999790803	1018.8495743862429	937.1135498931778	1004.9987004297753	1110.0985947461743	1360.938995877772	1101.6482147223674	1143.8869879302868
rstA	P52108	242.95260974641707	277.9622046790828	294.6112787032547	175.21893543379952	182.66741778324376	134.57193294441885	220.60755563906235	247.6987114156286	118.48479074789384	119.9767281587042	93.14429910980067	106.10665854088943	65.59918162075691	61.06369624016508	149.21028358624577	193.83490502262737	264.0156616459647	210.52825001766377	152.69930493956485	163.45038860857034	187.54156118569367	943.6594235086088
spoT	P0AG24	13.81903821764959	39.05820178834435	33.32620026057408	16.005326364480897	14.729848581230796	25.564713945275688	14.752165640641035	19.74667274620977	38.349002318873794	39.94921072608441	36.97662665567716	35.982349921424586	11.647579242790654	8.723007590629825	15.259954429246545	21.400981271236272	11.443923856712379	9.75083771744219	12.666371779877846	9.893911181882332	9.366636083637951	21.832041849659205
cusR	P0ACZ8	928.6782235153327	53.39066899839158	68.66389799408762	886.103416293383	979.6843663541781	308.27392167480616	1058.9183894959751	744.0558136664971	540.9391683392217	449.0644277442209	348.65223737740325	335.95189419477595	53.238746052896964	43.21512944276607	128.52094802867876	723.0716459977513	383.83863521701176	505.4624820737519	949.1966266383303	1091.131670689862	869.4180403674933	980.7963279103946
qseB	P52076	70.36223445	269.1767091	NA	41.73224563	27.26089984	83.4956102	60.20607948	26.94234282	28.63096179	83.49526317	97.29563542	25.48364048	31.62795708	28.15319829	48.40721341	53.38847122	54.03234204	NA	NA	30.23369332	42.94722237	NA
elaB	P0AEH5	7255.528565222257	2925.230816762764	3685.187242221142	10569.115296911723	9192.967105352762	9310.828590434854	8190.5010398570585	6223.499386961814	8110.652155663764	10327.972665033025	10680.992933726218	12739.619705857698	18730.5481362963	21169.018347782392	19361.246099844342	10262.308938240254	17242.88019098742	6191.127487387843	8701.108448004668	12429.467001776638	6742.203928316696	5079.500737177136
ybgI	P0AFP6	4327.411810196956	4292.742794912356	5932.104170850558	4487.358901655902	4298.0537899781	4221.6965779703505	5173.65632593628	4293.478814924223	4525.132717584543	4545.306707154443	4233.435835627308	3863.9264583391364	2507.5920801650554	2905.7218676743455	6366.405611534885	5159.132751207133	7115.358966403234	4831.787475294758	4861.847190489159	4833.396839859169	4756.316082680492	4979.278569342049
ydcF	P34209	240.43149333217278	129.61034442045292	131.26194567332976	198.72923296838124	206.25229407649817	188.0462467148335	210.70150153793188	296.16244119452494	181.01292765078134	175.63605302468397	209.56379928649127	231.13902890075357	84.25167010669207	98.68449252981529	270.25271242445467	261.71092719439423	207.0390385139522	231.90583446974293	269.8152272612224	309.24361622046905	168.5183256693353	222.9377354915397
yebC	P0A8A0	792.3183756010176	1894.0358522619376	1266.7105005280766	385.6710941633993	527.5309320759969	575.3999233764813	583.8882234009682	490.9833454276391	573.5084457433541	455.4982902124348	349.67708698833513	319.09701780961416	514.9250197914889	519.985381983882	1198.5650520824452	794.886556917492	886.3296896540846	807.7940776163525	561.1843804610868	433.9250829721036	545.1678975257539	687.2359516760063
ygiN	P0ADU2	609.8955571233013	714.3216791865118	569.4085650060899	572.1915526170219	507.83516988847356	614.0068827533643	530.2789522321693	479.5106210341039	455.3265089852287	386.894838263458	330.1576961017768	287.22866179475545	863.7083031910354	892.5553599983274	1178.788546695333	1238.64030456437	1730.8835684887422	738.8095323068054	488.31830785732797	395.3873237066843	497.45636633237365	573.9909626649257
lptA	P0ADV1	1082.9623157295916	1495.8184099451696	1414.2896472100717	783.6412905093083	1020.0094904581701	1130.2742298905764	1087.0248275006254	1042.9587797103472	766.6922698151421	754.5169585776925	719.4109767519309	695.2541119075804	1249.0587924293795	1163.5183391703122	1449.105303565002	1342.2129928132688	1409.250143931262	1133.085777060779	996.8542327721702	1175.5380117591292	995.8550768894153	1075.332890175121
rodZ	P27434	1543.3408578284602	2050.7729425706516	1684.4697553287187	1017.0537260970459	1412.0494316166344	1423.1880836419264	1525.3745983111621	1627.6442252701809	1412.4528510127427	1335.0482953305307	1144.3884272145845	1417.1105117499908	1349.1380289215506	1318.4841313164554	1475.4749811247805	1842.1377236693431	1561.6747090981464	1728.9997054612095	1596.3727618435373	1654.8069944328809	1622.3643175506393	1872.8361146388036
truD	Q57261	233.43984811813434	293.9280800359502	219.74116626811212	143.88786128191387	162.38232001090157	125.42077139438742	169.79576679159152	161.09328519250064	142.67326991100478	127.89454638940697	117.06974153468293	111.0423977266338	80.58735274511679	89.70163844756286	157.45360701948374	319.62254381897327	232.31861869921883	165.38390331746467	160.1756463990337	74.79916216620538	146.6833937735175	171.28838875289694
yqfB	P67603	699.679078418627	1069.6629739317375	1084.1763862162754	1068.8630563311042	1005.2314722256564	912.5013709685409	890.0065617564413	1088.9928444490326	905.1218595080576	799.2687905149252	767.9895946896584	662.4258555009169	438.3810598095139	496.9651586332519	909.5786500819472	1010.4233067385826	930.7425748527644	891.3771153413677	870.9827354099307	655.0121008554113	783.9199804779169	823.4914000730068
ydaL	P76053	56.63371417	115.6116329	NA	26.18100365	77.93353024	51.05153931	48.9438183	40.78691915	46.53581225	51.47439009	99.39607276	20.51818923	80.86100587	26.64570857	45.64958819	71.47755443	40.64623533	NA	NA	21.2256071	46.79243624	NA
mdaB	P0AEY5	447.43035871802385	573.7132133000391	595.8933103481334	441.7122265640955	420.672038383694	565.0054180869731	579.1593843430985	443.475974088498	561.004866976751	433.0598434065108	349.1610608981891	246.80659344581525	143.87221561470395	121.25463456712455	1240.9002738125944	1136.1435914582437	1070.0882136253865	776.7469649684134	538.994438665976	313.42144074078647	527.8018170921447	784.6451194794694
modE	P0A9G8	134.9593507022946	310.0589379471994	196.84288557209237	89.21356387180366	96.15592900096901	120.6883768883841	95.01925676151454	100.63896144578611	80.57916099615008	76.95881616479323	72.9955828310725	71.14851240374936	62.941070612888204	49.00425241658304	94.45640638460434	100.87163597870287	98.63641609931251	106.37432333868503	67.37675337873925	74.56434688955486	62.116275039037525	97.55864613401265
ydjN	P77529	2229.571958506966	970.5804543186066	1825.6326639434208	728.8669085004387	1127.977996853959	1612.5167662365127	984.2512763837084	1382.51126334526	2873.6861978359516	2100.3102149750644	1337.1480724745584	1285.5603466969885	616.978807530546	506.04037306563794	1826.7766397314424	3180.4502710094775	2258.733102610855	1865.4703494711252	1119.88507807135	810.9767850400599	1281.8152124060914	2130.4771404094085
yecA	P0AD05	802.5721500769819	944.8909402631645	681.9642323892291	680.5306284733596	562.2515955462134	525.2569713284604	574.0897310439713	628.5934687174686	665.4564540523169	588.9951963178621	557.6297710956417	499.0185560169079	142.7180905169899	97.2434199416875	625.4033470692984	395.95065071054984	418.09861294945927	552.0927006007404	428.33620445141605	583.1541257006536	367.43637561467585	368.4618157534381
yedE	P31064	23.280674540198344	18.59500373923178	154.26568188428072	54.598161265889395	101.9296676461454	120.48058110884746	82.97606858108833	69.94886717139063	341.68507177024117	301.0615321707594	180.546636946796	143.7558340785787	37.76547114449673	10.53743642434161	20.657505432286445	44.11668498573685	19.741806988691764	53.019006625603886	93.12047166798214	42.36597628238473	86.21281917174379	75.64130021397584
yigB	P0ADP0	246.81572593405238	248.57802411676937	291.23881702801873	156.83728192974152	187.08183018127028	202.30343268533392	200.17445902305738	247.99543912856151	153.24097490896312	129.8421980855496	89.20970893840335	56.98387129574105	70.2692869931657	76.201932513576	203.77053575297577	228.40011087891466	179.69161354131433	173.91855342026847	206.26111404972042	115.3651261290479	209.6351246520386	163.02519821240762
dkgB	P30863	90.52726693666274	120.15848160394796	157.5361517808881	75.80893242675398	81.64901964626536	118.44421245291969	131.35421672856168	73.82183651251802	86.22065041824463	75.20551860846224	56.16131311883381	59.607857511001775	79.27867427660048	198.53503585733054	213.82540699674112	152.33645357889534	135.329428997023	132.525936175152	90.36341490019525	59.968340560214834	78.94364622015142	103.49871560406116
rlmM	P0ADR6	121.82256743299598	167.47912188327413	117.00797934007994	60.541266473717435	66.56350628957473	69.26737369520738	83.51423658814772	90.30225829385317	72.4136878406024	68.10013688067588	57.272110327013316	51.44579584691648	25.30542275365799	26.120927447900016	43.74740470422758	100.30953277540613	53.461834172648906	67.86913735620318	83.60858699463422	65.28823182603492	61.92693014012456	97.7841463245492
yjiA	P24203	164.75829791101418	450.51689152746377	267.50821435132013	209.13102061063546	208.70795908522507	252.53759696138337	269.3434449225825	540.2808506585903	193.3241560485803	167.53143870619064	146.003356966944	101.86190559734005	85.83854886662888	83.36076513924596	171.89195768445444	222.39291270277516	190.09548683345471	203.3697304853758	230.5665824088435	164.25860486997217	230.9800468666633	217.65255612495943
rlmJ	P37634	302.10934358482615	540.317617644094	418.7610909568438	115.99587359989823	170.95806806020443	202.52787135445328	185.89737052554173	146.5305036349305	145.7590824825509	116.18066582109094	100.36344704871013	82.58779439107568	130.48261169122392	155.2661655408437	255.41065125163715	173.52494451545104	215.43991269244907	204.31641145286832	174.6301435317415	142.78237012038517	167.853292445971	216.53049813627428
entE	P10378	92.28271177955794	26.428998621952324	113.75538269454616	48.22657068724571	67.9288321447656	75.00937159093614	57.76844678669172	86.36809932771628	45.23153563008139	37.53123232330604	30.406462584418964	24.005826873729816	145.10122923062247	162.14932707723537	536.6704882294582	95.64412009425348	145.93416556587343	288.74542324922845	75.22180699573879	50.40446475407949	113.82772707156084	101.47299358899105
corA	P0ABI4	276.28435707626755	482.7631533349459	351.8890088527105	194.8155330418126	228.76002966180172	414.35168291449116	331.8896652173824	348.910300299732	501.86434645533615	452.34066730402657	629.7852721854578	656.8020326483064	219.72904435072266	194.6935565305265	146.51888418219104	355.84227023612675	168.98533246931942	183.36785565344888	324.1004330064573	351.6739595784222	214.75325879078304	295.9182014620167
mgtA	P0ABB8	65.34474372405465	154.6856110427282	59.56957240136939	16.943249578575276	98.15551225619538	94.1411113208638	77.82971670316627	108.79697087499329	43.14151808494686	51.515507444428984	81.60975250759246	135.29453931728662	35.95526871433745	32.49667349833742	76.68451542897536	44.428307915366354	40.73778650683663	67.85567789301008	49.45187662279859	80.91093155119675	81.62984272322703	66.18104617635028
metN	P30750	1090.225330892196	673.8935374975064	752.5289630106374	551.0043033012912	863.7388011917623	967.6298573601347	1084.5611584637693	1045.8772352066096	1321.8822883472455	876.1093843109493	905.5227136405938	900.0209013145002	537.2660427159778	500.10200928159026	817.2263629225791	1134.4353536942535	1059.3225887809358	1075.1411532687594	879.2717542884672	801.9934552457441	765.9473397900911	1345.521767554537
yibN	P0AG27	1372.2389706960673	3472.4254293193217	3323.3302611602912	870.2584478993658	1667.5316015041083	1820.4275397251351	1538.661547308951	1428.4511410359223	1447.0719720031668	1211.6906740782276	1014.9569097281224	806.3555178790407	642.037474346726	512.2030941722481	948.9105850837541	1214.4786654808893	1216.1150007811882	1590.582891535531	1255.8680453986326	1239.1720689141748	1287.546930701949	1721.694256905138
yqjH	Q46871	434.9288550142887	496.63776414588284	618.3547107050003	413.82373233609246	458.3432233742636	425.68176041473123	420.9695949458016	384.59800817685414	471.8691163448175	298.487024333964	255.85215404762297	226.92763890532916	583.9538327803177	438.3771049867436	726.8602496515973	680.6555351688081	624.182420015313	489.8584349336598	347.40497561558675	347.25110698481916	438.8038586870683	486.86088847746254
groS	P0A6F9	14800.611589454034	42737.505983473166	38016.10144427503	12215.368096407616	17010.267433427965	14967.602024345177	18543.27754385388	13723.37588299969	14111.351226171677	12165.08178364833	9436.228558662642	8603.81805223416	22616.64193968358	19215.212285072987	16623.77908028401	48135.711222406186	23585.62437170822	19227.62240122538	15043.776257268933	9715.0749322831	20291.400152524053	14976.462550088314
nfuA	P63020	3753.346219930672	6623.360439428888	6315.657553466521	2194.934345585124	2736.1578778565004	3845.170484776219	3316.9335770716475	2968.0263085051224	2840.9379167173665	2334.5752838423805	1577.9562117296846	1283.6388098157975	2772.0741614699477	2134.7520985420083	6698.023421675589	5058.148699885797	6448.33910748664	4694.186187953861	3049.0293357893383	2229.6801368264405	2964.025082212032	4075.365994391845
ptrA	P05458	48.675480737009586	30.20853368913501	30.939273246327183	28.307832875252505	36.02989389803946	26.6426679850011	34.66323345938392	47.84565023450943	24.768821948904545	27.70503083174313	24.076467875621912	25.765698888536065	2.713222696843757	8.468137496852327	11.682237655056557	15.10334267679828	16.968749238676565	19.380623084279645	28.80100485486642	28.39863320830622	22.68931750586267	34.06029070902679
yhfA	P0ADX1	438.3569427691407	325.3860993773165	381.10487912852454	379.2746901202625	426.39934189792007	401.05786061479984	416.7117780768524	411.8592808258921	510.32158008796233	439.9287853127882	398.5547762929028	366.34783370749375	244.67606759652318	312.01448892876095	575.0482060078356	335.5784993815361	675.6558166235974	428.26749658392913	362.508223322175	394.8677282674613	364.6770885926872	433.5086776083325
loiP	P25894	454.04720156816467	764.2356240667035	749.4954370421675	326.7097693584447	637.0075330957644	654.9144756074879	525.6017230195921	488.44549930255835	582.4725046886743	490.1192134048299	476.0443207817141	502.1763444729942	394.942216758179	383.1930100400844	317.56006177503184	658.6458487238701	665.9918475250591	491.3468686479702	642.913875003945	648.1731637465866	568.8408202091947	589.8518588651997
ddlB	P07862	511.17579274917694	912.4655742841969	613.5209192036398	498.4122614381081	467.002694413114	457.2114332593028	472.01733464337025	516.269793658383	380.92352313231686	337.1092226832459	293.4071601365731	270.5613238037342	776.8595748155152	388.80652666274824	574.9563595256778	962.0257742383666	1138.0622263649116	621.554539631569	530.3212650630317	445.5989368942168	462.0988418082102	526.1424500965827
gutQ	P17115	54.83019360169202	108.34160728405904	93.28581111384791	56.91909650714688	69.2174088002479	44.98866224840397	63.43226422872691	60.74048013166625	69.64794315022104	58.20945551985149	46.2485298476799	42.228100815387414	26.297345121836997	32.383100594674374	45.631914847845295	91.75679528272627	47.46486769036985	62.181642596067846	47.17930880841138	35.48773327320042	48.15069988853063	47.24171130654448
lolB	P61320	256.0039777816491	255.33281523898967	270.9580923075058	246.43947968694667	282.6860229199175	223.41369864982187	289.2044099965579	213.54865279425013	227.27067512252995	192.8780332186141	142.16589605619976	118.7682590766326	153.11692832462504	182.66789879160748	281.1271719160327	215.62720976284453	335.021114849441	272.87774054601647	272.35267778552867	247.13099109134987	294.53947203236254	281.51806597897007
mipA	P0A908	3327.8944352848607	6839.646154820489	4977.622534961943	1884.7340709076136	2273.308385375123	2470.94185997787	2348.9105608077143	1983.8100251701649	2126.615384723226	1772.5970393356786	1369.8417741165906	948.9353292470716	937.3355099551351	1504.6715622652318	3075.9386806941343	3105.8051580393003	3300.2907783084925	2310.264528408243	2202.794009113634	1343.8791819538976	2604.178104888206	2424.181358496255
skp	P0AEU7	8223.639927749438	13249.260466826026	11928.459363016582	3792.0061818702256	5704.031918522011	9331.598567220986	5343.065018150916	5873.798130790557	6814.076336109746	5663.873731414415	4706.993855057242	4636.4070867252885	10066.239783252355	6372.693904936295	11973.340318917413	6662.977893758851	20655.86843048242	8866.631385929586	6457.731065029202	6587.409955787927	6494.414526720175	7774.370137452911
yeeZ	P0AD12	326.89767606491506	247.12506672641425	185.6456187293506	202.02251775123617	186.49521914512852	206.99662081109975	215.62427388125502	237.68032423771908	243.54144006741703	230.1866721094357	228.4087183025338	212.47730755849233	200.55035856442657	209.01252304118364	330.5234915833007	372.1163721938633	400.84036655157956	303.9450262186757	250.87156797888818	224.7399025935438	151.69609160736806	273.4125025722176
ycjG	P51981	102.4097295	61.6149297	NA	141.7642865	135.3188583	203.8805368	96.38052475	93.76327342	121.9532626	139.2957197	185.824795	152.9681054	23.15699942	55.81952292	67.1894757	73.40207256	92.27330418	NA	NA	116.0450251	91.83897804	NA
mepS	P0AFV4	1782.1321655382033	416.6619673958176	657.1268338244126	1530.041761047726	3067.0888027332285	594.9755263632053	2406.92539567977	3229.970246863975	1566.547816898113	1325.6039149713392	986.2867176104435	629.1188981814503	133.42971028280144	132.0584402280556	217.03796240484436	586.8108664022878	234.7305494610501	409.8294895015096	2817.152334198435	1884.1676909493292	3548.719575498805	2417.791070745296
dnaA	P03004	66.25008817586333	134.11645262806078	87.97106562536896	50.54078597599807	75.10927879730615	67.8685651367254	76.78333204963367	58.54305038404653	97.95814147537651	74.08970005312264	58.40329552252959	58.601173587365885	24.886654522078558	25.017155222695994	50.407265043160876	105.85413812791498	46.31047714454751	73.94287503828292	75.1193646915184	46.059810128418846	65.89654280062007	78.55962325117771
dnaN	P0A988	576.9588740956051	906.0765302788407	803.4995655761712	385.2680168363541	518.7111374325929	504.76519338568824	534.0243546084716	463.00298597978315	468.2597575128895	368.4972031367837	319.5392287610617	282.8520453697693	224.46873899993813	253.07927509488508	588.6021853961041	982.4624176803935	519.4071505238371	647.9994245507918	445.9558282295575	395.8063776272351	386.01127327985904	520.1604223519638
nfo	P0A6C1	205.4313829075884	280.85868741658993	340.4366646918805	123.6077448484687	149.2899582657658	228.42573082086537	197.53385346227589	205.16890593428116	188.39600027844955	155.1515168617716	126.77952816341512	106.52033424869927	265.7360400865346	211.4338054070229	506.39160873338625	435.27953690594654	446.00194064308494	374.5987790555213	237.2519926652481	244.98120394322473	225.62061935413007	262.0624727205921
ssb	P0AGE0	3611.7363861073613	8232.345273575944	6585.614192020569	2083.163136961787	3307.131664085926	4153.355391872186	3257.0452967473184	3384.973785933161	2812.2627021756775	2868.283083812877	2584.085679183077	2150.59059653832	2139.3375254890702	2085.0514431376573	3715.6430209297973	3834.3434605266066	4805.313176022468	3938.3566067751326	3233.8173566052305	2517.102622234623	3018.776277811127	4037.2802089739344
ihfB	P0A6Y1	5359.847223017276	4383.1205143289135	4169.105378595045	3432.438109991196	4050.450490896314	4935.505105190311	4562.619269085843	4391.944503488951	3820.34930433772	3669.4051023289508	3529.72342475558	4278.271912596384	6259.626111798885	6636.457712053647	6469.828787939242	6760.18069476312	8089.1547801526385	4303.3830221191965	4527.385453615982	4466.555544201783	3699.456379401472	4501.391194827293
parC	P0AFI2	124.86668343893679	267.57976776134143	133.10849845805805	61.89396000565988	67.53087186465794	90.1018314359553	95.20458603909671	108.6876983635497	131.62093013699675	99.772531798152	72.60294059292124	61.459931399189664	33.90095811895353	40.15687482742806	59.9426673677727	125.11767782553237	70.03179479473155	98.06027816765645	112.16381373901349	55.83865295853984	89.38972711374008	138.62138683223392
fadR	P0A8V6	185.91105925751066	428.2226297210343	403.63052354427316	147.95768389350457	178.8828168733006	307.93975466694525	215.13783897856678	222.8829182301528	233.64960788859057	215.2677154178292	184.57152211882874	187.41286676130306	175.27749984843337	74.52402845319212	198.12978318733994	158.28614254543822	232.92145629730354	231.90698748461878	220.23620121867904	186.57090995000564	197.85581262552134	219.68280067612787
rob	P0ACI0	102.04256369507827	184.85740218556595	112.09159859428783	114.51684202479693	113.29431641117739	107.83721418748776	119.31253719784503	97.07993151465053	126.37733065100633	131.62973781211227	137.05469374471514	157.93759818642255	42.03478952049024	69.90726511142778	62.735229712601615	133.38216623258552	111.19830668136248	66.9191679999142	80.05531153779084	87.60493948179906	65.07172806152245	78.70302239686724
slyA	P0A8W2	785.2486335230935	783.598677171731	694.388907996306	694.8434534919695	759.2731839218142	787.4578950328681	667.8969649992321	785.7130783146878	893.0610703054064	742.7858954862869	614.4520988352505	509.2398118619157	468.30820626476816	642.6577079683577	1090.2261304460435	1286.4101946090545	934.5823605228026	928.6688293704684	783.5901084310304	507.03516506592433	773.2410800902009	639.4932977535468
yjdC	P0ACU7	519.9761659285776	323.2090446135352	439.82152567710136	560.1806188348854	520.4010914519081	550.9701582476775	538.0582185582384	527.6101485546947	425.1689317033	483.8652103689208	552.0881243695973	456.24522399748463	191.0418226189097	280.94283825770157	710.5179220303927	681.3435756909149	539.1439547335511	448.84670591944024	483.87087278593066	475.7623586622308	274.5788813962388	291.28650449095045
galR	P03024	64.47884417	97.09317935	NA	37.21179852	56.00684063	53.06087284	67.78646702	48.12930919	38.19568527	29.17046276	11.38348161	16.01799771	7.102879103	17.90543839	23.99283616	33.7074778	35.77685161	NA	NA	25.86338791	22.92294404	NA
iscR	P0AGK8	7687.153375567814	7127.841054326026	11688.491105551286	4233.210813699668	5207.23112502558	5483.36085832342	7084.26275074947	6509.75477087467	7181.258184727851	4631.6061613913835	3916.078657134555	2946.7690489250085	223.4479595838759	344.6853193302675	8213.78961662638	4003.6576559903933	3097.305810170157	7911.600314896069	6878.33895274265	3329.293962434417	3458.1420229096816	5222.1166921010845
mprA	P0ACR9	1084.8631016567404	1734.6977537261519	1376.960907764204	565.9968521021885	711.2923986841979	523.8343557822923	761.8388447692009	811.5415611367039	682.0355696511986	410.5096944301992	255.91202455439162	174.4368272579195	277.83512377837565	369.1707300986366	1279.6955977842456	2338.5240103963315	767.9294030885761	1291.5833686965948	717.6339016730985	363.9687040987437	913.330550119956	1114.9812465211476
uidR	P0ACT6	138.6765719	139.9087792	NA	73.84471909	243.1026983	120.5423023	52.75600144	75.75794498	68.56437821	535.0680195	9.67055169	433.4322802	26.5912942	40.65860042	36.83519361	91.92097012	52.66106127	NA	NA	75.82670858	97.2797976	NA
miaA	P16384	80.32994270134475	92.19730546620004	78.51228241166709	59.945864008550835	53.8446974936721	44.41824065502441	64.72160824504833	83.83421968626924	32.79572459789435	28.018957390349886	28.81043693973843	19.029374928650405	23.625170815797404	20.48781167434006	36.33143198481407	115.01870779199344	53.65131457698414	65.35116535803586	60.115345646473195	36.446220437882666	37.186777497946956	69.85528734421742
rbfA	P0A7G2	1534.5280110530812	3095.056994400742	2211.657416958844	990.5993661302509	1136.2544348007714	1276.2348343403896	1223.2786070150585	1046.189096241005	1070.6859328912237	873.3327892061652	794.1523207260335	719.8648691745261	760.2143146800973	916.7732410152558	1360.0717619455463	1786.1693167425963	1576.2633669336758	1210.397741581406	1066.828060837037	911.9621580357091	1001.780327029099	1119.7813713034996
rplO	P02413	6986.008750627745	19396.135686885886	14836.909750538907	3390.434649847498	5169.273555757368	6860.941947467423	6174.558638688515	5162.656095082592	9695.717424219196	6463.184827432631	5344.008420612504	4182.669010077177	3889.3986523433714	3545.7496738737286	4325.64693405507	11040.846181388593	6795.055227249638	7921.1048924863735	5082.595052525344	3435.014011199526	4945.106567064483	11295.398773420658
rplV	P61175	49716.943111931185	137404.3823100403	85360.53374994789	18436.181340797055	29803.886364089285	37100.665415379306	40812.19230633732	29107.80111267773	35821.523164188045	23088.01577268309	17301.03108677989	15805.944298247814	14090.432430940795	17484.381668155802	37373.83332543139	51747.241402820124	44674.24618782585	39652.16937344276	30563.049752754738	19384.39630708392	32936.90944736207	45726.018507154404
rpmE	P0A7M9	8140.580028153178	55158.52027832223	35630.00031352668	5738.170827211481	9677.044700554385	14870.076048085284	9797.799691407496	7527.620557822009	12726.229991858994	9459.33066375665	7670.588601948019	6208.405133400523	12042.7809576184	10364.49968053636	26358.236953992244	14015.96235475977	24528.550521511283	13418.320661881426	4957.458662054522	7325.132556977416	8071.1463923340525	13235.607046188696
truB	P60340	76.67568548868407	181.62444111930392	156.01594614037396	54.203985868319414	68.6386836404974	67.44042814167067	69.18146145571825	78.81305126200417	76.10670135662606	57.066723870095444	57.59687523918769	44.74218350298183	10.06136409251252	12.733902303429534	29.61566472994002	46.49368974240859	27.637031417087325	42.79616601956931	51.541278356597445	33.159044039841014	37.75615100740569	53.58088627266661
mnmA	P25745	500.16670813632106	616.7035934011313	420.6496855462029	253.6577297569498	287.43760986982323	329.00734470436026	328.78137068195986	243.98906072804226	334.0932693979129	250.61264080508937	243.1736234455933	144.37811426310373	209.083407943254	139.05052103331067	375.59784172849527	432.06548124700646	334.70018973859743	330.05880961144175	216.62864837522062	144.86030017398778	196.8019566613612	298.9530449698971
rimM	P0A7X6	775.5279879945862	1686.310597043382	1278.708636449671	377.3510901068059	535.2955214332932	524.2698961452187	514.3841753793902	437.111674406743	467.76055317362307	361.4344873389027	258.3183870322016	225.58563444580048	142.2034735367724	170.58408871639293	489.6167625867507	779.8387245200946	517.1434344688435	616.7455686868574	443.20750237478006	330.0112612320751	478.629182302444	560.5365948344408
rlmB	P63177	471.0554286620982	742.4077266233822	553.7583464482187	214.55747954411044	269.9320609628172	303.01252853682297	405.581950257343	334.46976706044967	262.68511489541226	218.04597864237073	192.37752537100175	162.68137780473626	186.3808119576265	130.9326962032997	341.97980578599476	426.3317364876445	269.3275028723557	289.67471854609755	280.53908529946557	202.84942209395433	194.18218871186744	320.2424523683888
rluD	P33643	390.7681330728158	512.7631135018225	531.6085964000335	316.8685423650456	246.9443949991086	236.8388222631826	201.25029063419603	265.8465769666569	275.22222128461755	270.7537710096337	224.3415256209257	212.47614916000572	125.39409301242513	112.53245046384639	263.5483692032062	365.97004490415594	303.19856643805997	185.54323962491378	194.41808846857342	157.992677876349	175.99460612667087	196.89363004226223
speG	P0A951	90.24563613222371	160.61627578783464	130.43019692607632	58.08928983019346	84.36942337864456	69.57027684295325	75.44824939317226	84.34121882674576	103.87467293948275	76.70848940622588	62.841609732929875	57.02506557143687	36.993214925395506	28.072922899280425	47.395928497448814	208.2869645881438	57.17570659203071	88.7324879775245	67.97699184075923	52.62008352065591	61.82880289226976	83.56091372139221
truA	P07649	45.45328087	206.1041096	NA	30.07489525	73.17770753	55.39042038	32.01396851	578.5277786	39.28607395	42.15599888	49.33110995	4.247520239	9.172101882	7.439426268	41.32031752	90.10053646	60.01036248	NA	NA	20.65084645	42.81953789	NA
ridA	P0AF93	9263.35463821125	18215.10074697146	16609.22125645192	9735.367725657989	11110.624066106579	7937.043670186766	8991.192086841862	8025.855279373	11280.973599520434	8350.889401484501	5446.618313845234	5119.174900869245	9945.208475463076	9769.83370374375	16175.909124437454	11542.329693080856	13380.665348257366	11144.340371960392	8506.693298019909	6935.192677825033	10934.522485838137	8309.138011375719
fabA	P0A6Q3	2067.4441073464186	5840.857651652588	5340.032201679303	1007.1316302282096	1925.977477521855	3104.889209015408	2122.149783732278	1387.0905636688035	2560.8940560897727	1880.1133949651735	1783.0846769279638	1515.0532809931944	2333.202868799615	1685.054449974746	2380.951943261826	2194.344331344089	2182.5150691089143	1925.8798462108975	2083.9898547337757	1648.9557372466784	2261.4467396142513	2200.959088478673
fabZ	P0A6Q6	4929.769084657034	9123.156640083927	6919.107193056372	2792.6076434792462	3074.0135673459013	4652.148631491319	4210.890384543187	3318.384776358885	4999.682445894334	3850.9715207892227	3286.625528794981	2858.035093086372	2597.2773266823287	2928.0470782684747	6068.33460799542	5767.848522741752	5143.42795732596	5677.299016624701	4842.348594953981	3688.40489701719	3997.1995977473407	5630.6309803435925
azoR	P41407	801.6460854537908	448.33715482078213	482.9119904533685	625.3618288256952	1018.7890592655374	509.9972378771206	752.196798194345	410.8204741465484	732.3006971682921	443.3324448375765	276.0545776138332	155.2587701378643	72.45086788831297	79.85229948993575	1372.9646448478672	1418.3306976401311	956.318908057923	1693.260155424968	982.333048268741	414.95131976563385	807.1210146958897	1117.7104278969907
yciK	P31808	319.1458479450157	236.66772756996204	202.01357772668703	139.02350718408067	184.35145436723326	211.37401249735646	245.15639452336947	220.68816200216804	194.11839522743867	187.91089857731222	176.25380132348678	166.6781699758659	114.22000913997248	114.89832171658362	321.0059275380029	441.5218330146784	361.0583367986605	284.8936694185192	222.67926171269565	212.80719889678394	171.36038574331	279.1268982246013
kduD	P37769	51.83523509	59.86207244	NA	25.11028849	42.64834472	49.23118795	28.81259945	36.20124433	24.27611517	39.06707703	55.18233836	7.132765198	7.45163984	33.21933731	15.19601924	42.35861842	22.27613743	NA	NA	22.99769266	31.01072187	NA
pdxJ	P0A794	644.8664483653462	994.4780913330903	889.8277508412854	638.1016139444502	632.4116276223033	878.474694496053	753.6947955047334	782.5615440481226	689.2452189345634	742.9192870070407	1036.4511507036916	1034.6367444846387	2272.474561027523	2282.8884841040604	2051.905048654007	3024.003930731052	2745.7766516637703	1791.8529416743638	1471.1972253397707	1372.4338910292306	1614.9261997474148	1577.4448142910526
cmoA	P76290	556.2650243050274	499.1231257895971	453.23230576531927	260.33666015763265	332.897455543083	379.6313733253218	397.33648844085656	271.3341351718415	347.0357715465526	201.0895284526008	202.4980456712992	206.77114119973427	205.79967489235332	160.92794022941482	398.8948551096667	612.1252780799279	392.5005858719942	439.0776722354405	287.3258164528711	248.51261940248793	261.74374796560073	322.86808272200625
panE	P0A9J4	25.25850288	62.87910777	NA	11.91008932	16.63010401	19.38465926	60.99259287	11.07921944	16.51096879	15.61667453	31.93481025	10.11633083	35.49521319	20.8554704	54.31528109	29.95952923	35.60721598	NA	NA	5.328918976	21.71921442	NA
ribB	P0A7J0	370.8396110186156	1382.174610257216	2259.880174560274	230.6301716220066	351.49659381868867	449.10140084915787	630.7918144621095	465.4832066906465	265.2773763882869	151.50188574763672	174.37101279981587	98.13832755160206	242.28478477338754	253.07995449872402	391.55610160784335	264.8684716029966	422.7688208292771	332.32639007468447	239.73213229287703	264.0978601544452	223.33636578148082	278.5774182567224
glgA	P0A6U8	330.6624991581948	318.71427030667945	480.5341363561743	415.99253891511125	308.96698457853955	487.2677064198921	389.8618926652159	425.28918958816195	569.4124513927552	528.287371970892	492.62939749008376	511.7368823018021	258.4177637016778	316.816215533909	195.80498500587095	493.5393212372171	374.44443020656325	399.6486972879375	424.6341048921398	339.5908292785474	323.11567589991284	479.1665667134466
glpT	P08194	53.43501843262771	1044.88021796295	740.5848650472819	50.98887354076225	91.5632834021884	71.86675681281949	412.64935942467747	84.46213653240947	70.72232916540374	81.53553906846247	71.1639564942081	69.18396028833433	51.41463315631016	50.53174893598683	71.73561938594865	50.70032799830882	51.160565171583826	77.47371688116985	67.93252833940507	51.57143244641871	63.27841810513533	54.36109630989129
otsA	P31677	199.33120023988727	232.91658741072172	169.17485016600796	249.78908687330414	267.99220607553775	247.8344677869804	203.5778141304264	152.24979336005208	246.2059494231431	256.60607904812	294.6369884598158	340.30884541101466	192.89415905961488	197.19918724410414	323.9438279462905	319.5278249856044	271.63722765582247	103.08715778072737	240.12494209257713	187.72163610365652	127.62514998824945	187.89989137656727
dhaL	P76014	94.69692304617661	129.9569822122111	294.2020809519941	50.55909418469854	50.2102967398207	120.29052039054609	220.78963572891428	45.14399902293406	80.76486635481547	78.82138490096845	79.09156223464835	68.10049553477577	26.610982100350665	28.278401155675628	71.23519314898306	55.992456230076186	52.85947622032019	70.35943543317472	70.61649431253393	52.724562439536186	33.45975472100336	56.774618486397614
fruA	P20966	172.3994355031072	285.07749380306933	186.61917202899986	120.4488687628874	140.50485517651492	292.4294981577706	165.25684563960425	119.50194883512313	238.76353260830095	213.17971198473288	227.83490077375595	242.5890010432548	167.0532242841477	207.66986108239314	217.7585831657597	269.3799175622735	168.87265656667626	229.2948167951777	208.58115700447664	174.69944061349315	139.09915339017206	3364.1916263106204
gatB	P37188	6457.543833470519	30176.915787888054	29761.659382775106	38599.506994400515	24237.7281712181	20351.00339369925	17618.53754518975	13511.593284538743	41860.164105268406	66083.4309893304	45864.21457384109	34567.90627456944	2091.830770169025	1167.6617435994879	5257.413123156817	3555.373437034247	4332.985029186963	10396.008705212602	14873.453215965998	19450.64559422	25668.293836611854	12115.509106460624
gatA	P69828	5670.827117185988	21707.07394565694	18110.39364578318	22655.912053939493	15485.649951443578	12886.267523328344	13472.418260902796	12263.563240206486	17605.207944126658	19461.536062290364	13133.851158068828	10628.324503230537	532.3816938735429	325.5967916230635	3032.8501156216603	1546.1847671778758	3733.4154097127102	6293.382620897801	10253.274893018845	6862.325398211816	13359.949239893638	7968.702682809004
yiaO	P37676	9.540549924	8.645255402	NA	3.60762563	6.53089662	3.687100826	5.968192449	26.21229238	2.307219034	31.48668029	31.84640403	22.99629873	3.881133401	19.90167334	1.277174921	4.50045699	0.882365298	NA	NA	1.641851987	9.022384224	NA
cmk	P0A6I0	950.2258234579436	1807.8353831754107	884.7929139271827	534.7236776516143	612.7494344129269	649.0855630076367	721.7343807897128	660.8742397761971	561.7244428441842	463.6737961597665	450.0624637048615	476.4768503971664	654.8939939764094	557.2461030287375	1164.232453251331	1012.8689944563024	898.6876497757539	781.9068458713411	652.1058820937096	657.1940123266875	653.753231999418	722.9571134776662
gpt	P0A9M5	3382.6927564460675	5761.750094375718	7395.7036095016265	2532.3881303136523	3232.8321957570797	2840.190145369033	3561.7903981496243	3385.5496319416047	3164.9603813465624	2710.292226251664	1815.1260395322827	1462.811189975168	1739.0121108202873	1784.9411735165768	5029.286900107738	3324.867966040257	3608.474215535578	3910.251324418759	2339.1913319741125	1680.2874260930882	2981.1893172147043	2973.704948033138
purK	P09029	227.11322661875522	184.81974621553945	207.49411900381563	91.29313294054141	139.28732439240423	163.97413055391672	165.19828767522327	212.31818793287022	136.62572361624038	79.11486585742445	60.11728970654468	47.350758678872566	76.08933806417964	81.39472366555452	275.88492469388655	340.0118422645408	273.67941789902113	286.69113964332496	256.13677965696644	127.14416666328651	226.4652362401711	317.55585562553046
iadA	P39377	223.10967870866827	510.9797286839543	425.13103763322914	116.3676130270898	124.72404347522308	136.36758285419867	119.21211522334494	102.0625179576198	110.92006465713708	92.65514609967518	59.83222274057548	46.34296564339881	112.22175747643244	130.8360961745419	236.22395091009335	205.96876962160326	209.04931835077446	189.9541473577573	107.33601728271422	60.48928914721614	145.79135656015086	144.7216755348538
rihA	P41409	143.45091117398954	1191.5424348678332	582.788167942112	216.80262602758054	307.2381258917447	289.7983188657202	267.91522938521894	224.4420444817133	327.6135556736745	228.0047370174537	161.5800099937216	146.2243295709495	49.931348170351384	49.93684494852377	97.19164578020471	86.32443960529915	80.22203585967404	125.14255897180101	274.4338213197915	143.61950184674026	308.9104575558977	239.5856640388381
rihC	P22564	42.335641853981244	1216.8870694055295	734.5404107167188	211.43531916217125	366.1109899395959	153.6274810919114	212.26970579435596	254.51881292964666	291.7843701815521	381.5040289485012	327.7956608111566	282.91184577408154	47.218050248237795	49.144594569161	63.47599611839636	51.64307792343687	28.368128411180884	62.0302545921118	314.5911262437679	137.30778027340799	258.2557669899472	85.90249124286832
aroB	P07639	304.9261197011994	247.74821941811265	270.7383209225173	212.42694225796149	220.98458948754163	237.7361696728377	250.47923188171976	270.83177752678057	210.12203582054377	226.2468422687186	214.51472816143504	173.17495062152253	68.47154094024967	49.25919848551034	327.52864026969905	402.91166168963565	331.63783963313386	276.0331770962763	257.75710994802057	243.9004460885087	247.26467196540275	259.8782909292374
aroH	P00887	300.07053110188144	175.43795373827427	114.58788092578014	99.5151781154009	140.59381569178095	167.4412943295774	165.62053151219465	136.26746660659023	170.5117921835187	117.87268722170458	69.00169516392874	65.89357713399714	129.0256251257797	118.82789389009201	311.097562084344	339.03779925941564	373.2298396591527	221.1647288801583	142.88851314269496	148.80106559810926	187.31959847310475	253.66569522457254
dapE	P0AED7	73.55586014670587	154.2321466578277	95.06346308299501	50.87860026446482	47.42914620118844	58.68660671465152	60.20153721156488	54.481307023343874	80.44508167024419	69.49849613205757	50.93090871143863	39.393922007173245	25.4289973579833	31.51147319103043	92.91299227714224	47.32823243706817	130.40184070693397	84.95383890245529	44.53563510437615	40.30325669193176	69.305697659401	94.57234423681476
hisF	P60664	1028.6013871432272	180.44264834974436	1417.6591560347322	278.7264132966323	454.87884696012304	594.0968359305258	837.9304671708455	597.6741590305188	455.94118638034524	371.68986790175705	398.349287108357	259.1085506423644	282.9111617209605	284.02982649267494	701.9055687252493	1135.6389054070328	841.1210208296786	658.8813132681091	657.5443985911592	554.797237102602	556.3949169286313	753.6237485719845
lysA	P00861	725.5276665028726	169.31096498596514	145.723291344345	369.3218109956767	621.7537456116518	513.0457355154501	712.4726052558976	545.2038919070452	735.6492945650094	516.3397501722179	325.53111257628575	193.52428081680102	143.71202616737816	146.1351850118531	692.5223055361829	680.9742982393618	850.891987737222	769.7453285952237	491.60705573966726	377.381770172566	723.6798062595858	959.9154611776023
solA	P40874	813.1785440421795	502.1631247796163	527.7946758770147	341.91934596858096	453.0037370639323	459.73875243510315	533.582717939349	532.596204321377	407.3813420227209	364.3790756652572	302.07887894467154	266.3129188749156	200.24873337782063	192.9473871794429	763.4194826810811	682.12860066154	683.1938663383615	511.4504131696062	495.4428873185576	360.9932234262405	483.2517427778286	555.3168620057068
speE	P09158	1039.7159130421974	1133.138225531633	778.7629560249849	314.4919703605996	661.1937335157853	592.510285096291	540.3540631412709	421.1651105027806	555.3890682967764	372.8103325397811	306.66610126104837	263.0768419736075	153.7802732320885	169.5123584635663	796.2217428234271	549.1592388318312	512.7661339793395	468.5471900845854	486.2888910083843	456.5298409531685	490.02750269999365	572.3767345422305
nanA	P0A6L4	81.48870112389292	5950.182293460385	809.9772613634933	92.93220793815333	167.85011169487336	156.17536708453326	173.86380347739126	122.74208330272438	131.48951335707633	143.70711469202888	94.41899240655786	60.277631198339336	2.321007035831357	7.466352640564926	24.079835136628034	45.025339518287986	13.164880247383739	69.68232218407954	195.52835894397566	40.07180416446231	150.7086560919764	83.2290936503337
livF	P22731	219.65170526359054	67.40320250305116	80.61180043535519	103.28299062585633	302.55702424952034	230.6943446035112	281.40574901688774	259.7478233218812	206.6350050960124	192.05722484698447	187.25560398068612	144.04896435326398	102.70969691366537	82.23368006123737	305.5633745883357	223.57206947236182	167.57347552410423	196.97859014622136	156.7303583912569	225.2966865370747	223.05564114733286	199.03711055586265
potA	P69874	249.09109114637985	529.8834746480563	430.8052657425926	135.4945940821518	188.3702316971019	206.08089446758927	184.09188241986013	113.80865368465625	242.656373434941	205.09403947846062	135.79969916938526	145.81917322926137	146.45245437100812	120.37856746820886	206.9905268927934	218.7923917787762	221.54216217922854	276.3135613250893	191.82791568190214	131.7944149674055	202.02505037990653	235.83059986441418
puuA	Q5H777	122.15196595158069	95.25445067723439	151.28493363624773	282.81380276916167	144.9907279144464	239.89353662407402	84.35232208737969	61.088220846321406	306.230888501729	520.6337537754673	504.68043866839963	416.4487108890814	31.963530552413705	40.40736645805024	79.42417968256342	71.28156592486421	39.92619485364804	62.503847087068785	147.16982444582558	252.7505939958851	97.58863419254796	94.97064662181934
yehX	P33360	117.8216167	71.05100982	NA	27.75074385	116.0993602	94.73020985	166.637852	121.9794794	115.5827969	238.0541449	42.17110755	157.8314923	7.502118497	180.4610559	73.96870189	80.56689441	153.2298529	NA	NA	92.117262	110.3485932	NA
yiiD	P0ADQ2	134.06666244142383	200.26817181795272	132.1802947737091	155.73164085318206	178.2463634423751	161.54415661130702	151.0671110925814	164.44653361691564	178.40327035413986	277.94542259431717	190.33571464098247	206.26414420948313	131.17509427448923	113.8157786584243	124.27178598583079	307.17619357547727	228.84311242757104	148.31834735890777	168.26573641175722	174.70127255449972	166.9270572566982	157.8792573276847
ftsE	P0A9R7	249.5512158842944	330.3695037338074	324.95168460247584	144.45222858941744	206.04428957341847	247.3721349798185	266.10947279921874	287.5162286673121	232.81249900940304	208.66818604278387	170.50269655454258	192.7292200568367	173.97139442711645	215.96911818925474	308.56627553343657	419.48777690643635	285.41388476964204	320.6409899347401	313.2404288133749	275.5342878860655	308.76490794583856	377.17635028549864
ftsK	P46889	32.95748637967097	65.94717652942536	36.94214073636635	12.737667236165665	19.3812678576693	29.52141637589664	25.324984536374465	19.362338481301176	31.3255720125848	20.440137302420318	18.481343041928888	15.859615395185832	2.8174781835967533	4.566029135816025	14.039027385369318	51.72162110128554	17.581165288783353	26.35877597358005	28.795809341675884	9.545926014484023	23.244209749562856	29.97796434792036
minE	P0A734	2057.305303442225	4003.6470288383034	3043.8115294282584	2049.031295067953	2533.0752612263013	2817.3067994003595	2871.0137223126612	2913.959829052207	2586.8570977862746	2618.685402345936	2042.2155156776173	1983.4834328079307	576.2251156230235	575.8049526834973	3369.6428839837276	3192.3588070075066	2432.0557863976173	3040.382898394327	3111.242374890181	2308.5077901592704	3041.4292919229615	2997.6273533536096
mukF	P60293	53.803196366733886	121.5254066722675	92.59802112568254	34.75403198629954	50.3350149745505	46.23703782876768	54.125636999492734	44.95401176981897	53.85233804901779	50.33558001014059	45.959489463986046	41.89699667414157	9.89555364459087	7.284340909473416	33.08895369677361	40.993333388366146	20.72657331877849	44.67225635382462	40.72651508324379	28.080170562169595	37.0323071974367	34.54720538371587
fic	P20605	283.4934918	141.8283576	NA	189.9473206	144.9876135	241.0411198	167.5282475	130.5012067	145.8222812	184.0788999	237.5009099	281.697581	216.09264	406.4136264	187.4087754	140.6685772	199.0904289	NA	NA	195.3347278	82.07351147	NA
fldA	P61949	8651.165298485012	12230.648142035652	12151.613686908735	5554.650942769026	6504.0033111210805	9716.60901042305	7988.89510419119	6927.378219040567	5683.9220918946085	4582.073679797134	4047.493676832537	4502.589671131501	8193.156904349009	8168.354804129504	13420.319094958615	13509.080596061605	14310.946675738776	8840.43940964947	8072.194810150038	7137.300047156862	7805.742942203772	9543.495669313563
galT	P09148	150.64445152292797	481.92553019525866	339.9163304515343	102.03848410424372	119.70599556518147	149.7887822232041	147.01022089335189	171.86428258442874	109.31387436115635	114.64302523163772	91.22437346815809	76.53047655355637	55.587556699487536	69.62476934743259	131.69829607773866	168.34913418842467	114.6458517782429	136.0211523375359	137.50764388506806	791.0446784973411	115.68242877914915	109.73510913153535
fucO	P0A9S1	41.34531250871699	233.57782019033363	66.73724056320576	211.07141303427767	127.47606358296692	117.92732030458482	83.22042032844043	101.81770552720658	90.5372101179375	153.5291883580172	194.56892694005782	247.14846735608978	54.06076023198607	54.16017602288055	23.67372247747602	40.79794318649594	41.299673196221065	53.1995896807357	134.73773722301362	189.261274084549	133.00217926533142	49.97311630659556
hyaB	P0ACD8	1.1383956896056013	3.3674966649504796	1.1471267750836056	0.6837029646081372	1.309514819918824	2.1314032836903394	1.2082539674724422	1.1278362427698128	1.2350413959088404	1.1744414910714436	1.3284799554142999	1.3480867733990296	0.5073199913867047	0.55319347862391	1.0794153048652737	2.681996037361966	1.4166909008394974	1.225839483174309	0.8570298796005781	0.7389389366158132	0.5716739047778578	1.043150055026111
puuC	P23883	115.63319240019126	42.885793668520826	61.31176343218654	27.92923762569552	50.66526450171402	168.62657258586958	72.32774699546675	58.340247236160856	390.8004332046903	569.580154028295	228.6339303139455	42.89344407546292	5.39384012341831	10.04231707088403	66.85939090690948	23.616662553477177	23.053037568108845	94.76579962348059	368.8598470420161	27.14795833372901	69.83626913763858	165.68737020282884
ldhA	P52643	565.7961868968989	619.3853469207238	420.64407250532065	364.88514179741276	381.291643079391	480.4998359520612	518.7950912355859	545.8943395415267	641.0882406498318	567.9898917243056	559.9543183721395	592.1807796012488	643.7487104179992	366.7013571956343	298.5833019947179	579.4988632982646	595.38927991568	348.41254193460264	360.12515908787645	275.6472583871686	230.02015159748714	183.51524256288687
yfiQ	P76594	17.2492046190947	18.9709272411352	13.329466452471117	24.42813442195046	41.536656395626274	33.398135331964085	23.679589163349466	43.85135102468962	49.01526320168677	70.68493570293299	98.40933367445491	125.43313502710603	9.473352179126774	15.925633430069984	17.309821384154084	15.858306515747962	13.013101544652233	16.38343283943153	42.945211520493636	44.000994561786264	32.18456440848716	19.740231934225424
rclA	P77212	18.135066369918025	30.42405293405979	33.14163211676971	20.79905583960487	20.412357603677485	78.29166931509825	17.522742141506786	13.760396768549263	23.129336332521216	35.7819241615537	51.44444838447351	54.76047787562758	125.93124723793872	117.07615946273374	78.83056421109178	25.302464677536598	155.022055385346	26.578165512259307	24.35573172151673	55.668399461682355	25.714076283952227	20.93974004389718
orn	P0A784	509.4591454581626	626.6829693745957	528.5336273639177	376.95448897099516	383.9061656041316	419.7436141491367	410.85842553379257	382.0218221690704	314.91937178985023	254.96872303091124	224.1943828168643	218.6864296110105	379.5982495379186	356.03956996401865	716.7926308814039	781.5273919536224	946.762510771863	594.5143982040522	500.5054162054145	464.8068029319179	498.39129702679355	555.3472859167725
appA	P07102	9.08432946944453	14.357317442229945	24.46627267087523	5.087022447813252	6.342722833553406	8.21611595544735	5.5184986502150855	6.934142306431095	13.712510274240486	11.114562760325425	17.27837730814799	18.277665003921996	51.35234094661986	78.70249710625593	15.479740309047118	30.195139920547	78.52190266841095	5.474026702994042	6.481862822728005	8.59537698525147	6.317628819633443	7.23363034229977
ivy	P0AD59	1704.3555221720235	1179.6846325956983	1344.3331001780343	1387.6568314621925	1467.3300770738194	1417.4917231402237	1074.4035349319295	1332.707873750144	1370.3815212558918	1502.9933846343313	1396.7042254503199	1361.7317060861014	2354.8782726099676	2629.4925537787867	3480.503134748494	3280.678304764506	3066.0127652009496	2655.910171904369	1161.2211331365593	1198.8638745159426	1046.0068950942587	930.4606556743485
yhhA	P0ADX7	107.3911007806155	131.77043146318098	112.28628786918416	159.43641371675565	129.18105138628772	408.584767484174	117.2679481624146	108.5479446595464	99.6509267861921	152.7370490452742	146.55008079821354	191.55476751121944	3178.343474340787	2232.6506335607005	346.93743113947454	275.8744072040231	559.1332894141228	120.45272171874257	147.9004666447668	289.7845208293364	102.3338274130011	114.08308637324302
yiaF	P0ADK0	1714.2413897062258	3054.997242444722	2133.6555797424994	1093.2145438904183	1244.6710089580467	1260.7185912283996	1236.5208885312145	1177.7573231580566	1120.9349160263785	1004.8882084608726	817.6050966624434	849.7545933971992	1256.0981400420997	1169.211388581183	1836.6821990693586	2138.898533041319	1985.498001454737	1454.8909955112435	1232.0228843814014	1010.6600176924694	1235.4326323194869	1387.2010956175268
yfcD	P65556	1419.2396580903935	2932.3823145015763	2903.5042381347926	1060.2160119101873	1264.0928161720833	1194.5657059258408	1202.8535671879279	1165.4687032901916	1801.4303398228487	1413.186396454093	1045.8479378987856	878.3486795595663	274.0453101953757	457.0916244898782	1576.7567016687824	1141.106052794711	841.7493105053381	1162.560525119576	706.1855077353114	868.6620311999523	869.7332710462832	1015.1063591362092
mdoH	P62517	84.38789609473798	102.39030534847514	119.67644554020946	42.715892689585175	49.95161581379483	60.899358955819274	42.6508948172262	77.17929658615746	124.7371867738041	100.49150849812645	93.21672219430062	90.92970259268772	44.52839461619549	45.62521986520298	34.504439149096825	75.30633174424831	82.21859863547121	74.2001532304046	69.7509763924335	40.40690462476445	82.10950563452363	73.03399906251437
wecB	P27828	116.39929025633691	206.34180491696603	114.46361219594938	36.61236524328506	53.72507730182632	63.90097082566631	55.88737159838668	53.06169007007865	51.36140732870971	32.7509043200914	20.712889466624674	15.739981393797452	59.38122966399957	41.44486327608233	106.75170181442616	107.37310591916163	91.99068259608028	71.04106880543765	48.70935710042634	28.659627901244686	51.64870147561185	67.9348016069467
mdoD	P40120	93.18661660809623	99.96715579916027	109.16498553638255	55.64029688131952	84.49081137963904	68.2148835725663	93.79191390930224	86.005914465653	48.19600869671712	48.46510212114896	42.970210209437816	36.51576228601946	23.09043373901065	15.757442227414849	21.00376698999129	51.20128037734017	30.388012384183842	54.03662241707163	68.44079487730717	38.290791089944626	65.52228096291952	72.4216680509625
mtnN	P0AF12	2179.5996016760273	3544.335270170892	3433.4925325853364	1354.166246657634	1784.4012410307744	2061.9057466587296	1996.1084673306575	1968.9712750216092	2289.777184162647	1701.9493186872971	1382.7042962359487	1136.9573414845977	2096.7239629490523	2096.724782008227	4840.59346669498	2317.4451174829314	3940.082066462193	2804.375160965545	1862.8853873406395	2158.6633894178517	2065.3214059945867	2506.368092307021
lolD	P75957	500.1115616637496	730.6684934294005	543.1141804017535	292.01036139080225	335.81931610976244	419.8408864120104	406.0728522245692	418.1760737088877	335.8132234880749	259.0152336884227	224.35346528715291	163.87314744668902	248.8576612245857	233.71506601685996	413.7494680008854	396.54885954828	465.7249315388858	439.7595124246707	400.3857322561878	243.1335969893573	371.4462362583491	512.9990260760807
hsdR	P08956	4.211572119121041	35.814818388841594	16.49764443473488	4.860689687940506	10.152021162876089	6.154328271900737	6.506271935370358	5.487363921845044	7.239420525370901	4.867939964228793	2.9152313779668635	5.1864049877858545	3.63429786475578	1.3245068896945487	1.5905222747543146	2.1495859208002517	0.8731200161557569	5.564228456399928	8.586208280744462	6.53851749876643	12.124457947114369	6.159297901834477
yadG	P36879	272.1630914792048	593.0481562774788	330.5669574244777	135.32005990063456	132.8174427104347	124.76443248221585	252.36467200017705	119.38124520433693	274.91760270579044	210.57526178174433	180.9338064188624	186.23918060353046	79.63510950827371	66.17840047467148	91.17964573469635	152.19611543024004	146.09416889489833	198.3859872417219	215.09138545143205	130.81144147031702	271.8077753110222	191.09199265654823
msbA	P60752	151.55930774364543	428.3692584612994	202.9088140072946	81.68408949913186	91.13262171658144	157.84104492462728	117.2868022856368	117.1417969678074	151.55464282158383	151.88227350179903	137.288073405433	126.94295071862996	55.977303985347724	52.775416188197525	88.97393038806365	67.39758678943863	81.83507630865371	140.33343955865163	129.19705979144214	68.00297872144924	99.67838721432129	170.82063327607773
tatA	P69428	2476.9871333277156	4226.647582487421	3283.576401180075	973.331462773041	1654.3491611842937	2050.4367846966397	1799.4189201924464	1793.8394022689256	1586.5580093924218	1336.4784428133225	1219.3768060260256	1163.7041514537439	1319.9260349408037	1222.948365836718	2383.9334912349764	2658.5839166439223	2366.5854615023645	1793.1249139231036	1666.3690865188182	1386.4571391693432	1441.2973600091327	1955.1070865114436
exbB	P0ABU7	818.8088294778554	561.3706444913131	1137.1826896008622	455.96631371363037	641.731209072537	697.9921649293551	696.9689106233515	734.6127248470447	814.3065877479406	473.7787141408064	329.4226355433161	226.0539225557222	241.59238229926734	236.08035144048318	1399.2760459642222	1564.594359656072	1199.9671738021632	1370.397684675205	636.638624506052	370.73561049782904	861.9219365047626	1347.1725985254643
lepB	P00803	146.83648192036475	257.0467060530113	198.52846080557478	81.76246520824178	120.52823784525404	139.66626986217275	136.426596835386	131.37993227339123	135.35043517547865	113.56112968570201	98.58270251926383	102.08654643506279	78.30848640948767	61.165453234754104	102.17962341481717	168.89034958821173	123.26901706393136	147.11985260763484	128.79950809972198	100.02810200731867	108.82578010256894	148.2292545279177
secF	P0AG93	464.60422756563815	1249.7502821233336	962.7383643548966	928.4836796512496	634.5389628689077	790.035594652428	543.6091431296982	494.57656414696885	792.0212615074005	718.5316918820646	573.7372087288121	576.4705582905559	265.39758305280736	183.4208688156841	233.12377260525497	407.295870233676	327.4928938635573	352.74996686418285	472.9410116209887	270.53021162210587	478.0922339870946	560.145684580264
ptsP	P37177	42.246409390888466	55.01160871239693	41.584671123372054	37.12069574987332	36.08742011177322	57.13495586303136	41.591944557238655	37.95729259997167	71.77112645846405	73.1735974851834	65.71419007661336	54.14243549734043	16.727683865903956	24.35143613620668	26.269787803913445	50.211807351647394	50.4817317090342	74.95066282320957	68.48336173079514	31.411947322744187	54.05302116511679	67.56167370383749
rcsD	P39838	32.54737156221542	33.76626145807012	40.98369873885954	32.10398908708515	39.19549545347772	47.131617786519534	36.20063468352461	39.34284371673533	55.867255472898265	45.58196115881578	40.72322805174306	35.99916063545923	35.24976061774845	37.66565862443861	46.130976116150876	91.10783562206146	63.92707300828387	53.93237470845086	37.97663573085311	40.372951531204	36.14007500047272	53.30121371209737
yjiY	P39396	13.949205110560309	459.17695104549375	27.24471269741229	5.073115297378006	4.83600318140896	7.133520374899258	13.67840940339054	1034.672569624213	8.21594263172222	5.758008843233915	6.8483267885130825	5.6760911171734625	38.70953501127481	40.43130262591263	34.8840693780992	7.493486965607446	129.97583140946082	11.171040192536616	14.636597954690004	10.006690839228936	10.984739923359946	18.72707773332179
kdpE	P21866	59.08453042	59.55964167	NA	34.62066264	14.64168628	70.13473596	25.94227863	21.0572417	24.36340153	53.30771621	18.83089865	27.38575931	13.15641431	15.93364395	74.84671011	42.5987881	82.42545479	NA	NA	32.44426527	25.44239171	NA
ybdK	P77213	53.21191869432593	43.938410218709386	45.143828655364594	84.55849711575752	71.51964847831998	77.62485880140542	83.06386385065647	47.06421971265326	55.406565470878576	60.787952281123175	73.43157436148162	68.9482151661249	79.90303024972057	79.11969979986176	82.57349103370112	70.57850168755485	116.38609204221997	74.6435416169441	116.11986490513402	118.7061049007199	73.12531771206937	96.32000890099174
ycaO	P75838	437.04501194833415	1062.5772576884567	636.7068886091212	91.04097551231627	141.64865842828897	167.42616867677387	182.49718780179742	119.3335231809247	160.12386343125763	128.7023729699805	81.6838469963277	73.8861358541875	30.788004561796924	29.461527730847774	157.6138314349866	119.94101458080986	130.73378050668524	184.70868882076752	153.33586099470418	73.72722156383854	195.62943703625197	256.5302115552625
ycgL	P0AB43	127.33322691047758	127.27996062439698	135.37598568145543	67.72657574445812	82.55310479503758	84.27948691497612	103.72988732079277	101.49953364071578	81.33372369264994	63.79281459733703	47.19190402321171	38.059640314852835	57.85129941261773	66.08112161316608	119.38317582235763	201.4743814636689	147.9087702956932	103.19600730791605	85.47964046259247	95.26348257391257	72.04593401649436	126.70090117382003
yciF	P21362	269.8865312894223	111.68214169555802	131.74123620388855	689.7300843401025	409.6148610855478	477.6663901051087	357.60873298446086	213.58290522145637	400.07077791973376	467.26145109749325	849.1553344872494	1053.1135063168927	885.0535837396461	808.714322572125	603.8771894898223	561.7988614555285	512.6553240187912	167.24520374910887	410.4552180657204	955.4399180605596	241.0253698498484	166.04889932561036
ydeI	P31130	109.77453441281577	137.18546076143537	74.58785175275607	96.81115259604537	81.3689567438013	156.53642003446214	75.6650907287832	56.49893307138788	77.20929004052809	98.04968488652426	151.17995998953882	219.6244154170094	460.13781823816316	424.31348605529075	232.26394121145478	63.32368803502646	243.87601901908315	42.047443898209785	63.84823393957716	162.33055247134135	28.450545159550547	40.40346748819582
ydhS	P77148	42.229086420336344	32.384425251461394	35.18715739374001	80.48895434590233	66.44430858809416	53.5648707473155	51.980973018021565	32.245662132838504	78.63507211901872	84.91774890303715	109.0599309634959	92.88204399339624	39.057045575863114	36.44380798278949	53.20372185992199	31.404488710751345	72.19801812201756	28.518849502563395	34.17864343766574	51.033844705254026	28.95334813614086	20.6664138411339
yeaK	P64483	438.26138649696657	561.5387193992293	478.97513957713284	405.53620717474325	381.5884532861332	301.05637427099134	387.3582886064679	388.3614773374609	595.1202604084439	458.53974439957324	372.37999935743414	304.7942158221736	45.31758755002051	29.7947482792844	957.3341765508787	475.6809055076639	550.3273402900163	554.0984173188017	289.1396688751156	337.5811105444865	278.68830534923677	421.633345029283
yebE	P33218	480.14398194469237	118.36209813062845	169.19572671555918	353.3350946970955	534.4420346945366	363.7940984236503	921.7460046330007	1643.8756888137823	122.94835257203948	149.89561730482995	135.13052671309222	155.02330086940242	55.84534495418048	92.08084656235062	148.5665943692515	581.217271231813	67.73738234531012	410.8918411605669	772.0956538703495	375.53719742042244	350.2482640015732	852.0453500437085
yegP	P76402	386.2487626047176	164.6324180287779	110.94381233377048	348.8889738837981	432.6957126128291	541.7721620875178	366.90940696939964	269.4854150550484	354.56207789027127	417.5139211617091	485.9152399814589	628.7511638298448	1412.4763476192518	1222.7883424472632	727.480288612322	562.0143503402418	999.5094963274385	306.6598964473709	457.18742389528455	873.6991067407273	317.07654060316395	288.0200193062489
yggE	P0ADS6	948.1287141690976	1276.2056743143398	1067.2027807441204	674.0311280910349	832.3632500192535	789.3843717371788	862.991275984252	691.9302869045389	954.4343850862357	816.0137680156256	599.7815092816764	699.6204085856451	1083.0144998733072	1281.617311902378	1204.1870740291456	1778.064693339041	1460.3326351108449	992.3910469888704	962.2833702762217	943.957941240838	931.5151744654111	862.4823293868836
ygiW	P0ADU5	1668.8121677224074	2166.890384171983	3146.1715110080368	1709.306465089751	2212.928006199626	2688.1909063643957	2843.6538355852326	1594.8674909590447	1720.6694409526565	1848.594899701947	2181.9385859552162	2334.884256463512	8382.270330387655	7045.204715684785	5031.074734261959	2775.3754901467405	6641.981147126984	1667.95761015499	2194.9444802668136	2210.2518711055823	1687.990504119716	1617.822878457366
yihD	P0ADP9	2511.4083653176585	3565.4737812028034	2134.2106144236245	1597.4474574830613	1546.2513417220675	2011.6936796400917	1513.9209819565206	1687.468843648079	1684.3461463261563	1849.4406847077926	1767.6543855525103	1522.4826511417969	496.6180879175029	368.0487702987001	1999.363465017372	2963.9072189186218	2326.3111282496257	1817.022722127463	1444.7517357608453	892.6484714742755	1246.4064074691992	1374.66157456411
cusF	P77214	29516.680312106124	1548.1228466273828	1472.945527590658	21139.944172896943	28965.471263162028	5118.414594262578	39220.271139028955	19298.947345636694	12581.956839507484	11219.375963558494	5782.245059035867	4886.072978438305	1439.5981187625307	1296.1987332401902	4739.558021712822	17581.205650849817	19260.985142099635	10240.435288880428	31343.40286159303	15480.048149566632	28456.879746652994	34791.08916831196
queF	Q46920	58.88225920656582	92.18047319587083	100.39841036065805	28.19874935499613	52.78606968801846	57.6910358145577	63.560585528638825	51.2182465879333	55.78328651158416	37.447496060399786	35.65174541507074	27.730964627999043	29.147924200714257	38.70189674997425	54.94709700629584	58.816414738659404	73.66134250968064	45.60968155102188	36.83990462883808	31.215436161711544	49.37207914204029	71.0335552102786
rcnR	P64530	493.8856663392937	126.85378063102075	332.1414068303885	335.53923294925096	400.76072584011064	394.60448205784746	393.47611990536524	434.69724104706603	259.335995943223	262.30473890176796	256.689559714691	241.07615291401532	336.02100970870805	420.3183386117512	558.1553677539098	481.50197387549207	475.7698881084724	337.26978443115956	289.881260082362	282.486093055291	290.72561033867066	223.83851961279692
rimP	P0A8A8	608.6825902909071	1245.7478997098963	1013.5184396967354	380.83016560102044	434.7244132456339	668.5452136341759	506.64398620362306	356.3836777108393	403.49724598037733	308.6888663732425	281.4525769737919	224.36974627440452	374.2081763615048	322.8976883800328	943.3376515844172	876.2832963851614	638.8952506279297	578.3716957555258	307.743124072409	279.8059838362717	355.2100274748453	514.038170050241
yjgA	P0A8X0	166.3326910651824	434.747702481076	280.4657118503512	156.75633125256286	158.52479624658548	184.27695587058554	150.14502876702528	111.19625512034348	129.14411729460306	116.46753288718493	108.29496988064676	115.39540695815195	208.521163498408	219.2897064818249	196.89810524431633	220.9145498632076	308.3462726163146	156.5158047323523	167.09879599286748	130.80922210082275	118.73808134500005	135.901952923667
yqiC	Q46868	1520.1415183256256	1616.9425438180429	1537.3311406296982	890.1667463186111	1196.50578153503	1275.2442961352547	1313.8075864613913	1018.5485397159825	1008.409013363753	746.5999683549062	716.3858463602	663.9919376071635	464.47066700463904	327.46315958122835	1649.9407866581848	1942.5152545820144	1690.9054206026292	1384.5386122855398	1046.130457742988	910.8295331670039	1074.1698348995114	1264.625880253185
zapB	P0AF36	10838.716726022032	17590.65418708738	13744.69881741129	8451.038810233676	6621.065029003487	7418.590224949143	8727.388375394892	7765.277594111605	8403.834384752618	6656.4155581642535	4933.715970352704	4293.411908650078	2640.5996457608358	2333.3950420939345	10477.012760891383	10488.415510462868	7872.35569680832	8457.209359898081	6680.685471164587	4125.531506561826	4363.621327145281	8105.254189761983
bepA	P66948	176.64669546498857	139.82963847233341	139.72968640024814	171.3370548877518	169.78876366882315	175.50928928311055	187.17663435842493	210.0168085711349	103.62935196310926	120.47605752182504	151.20432704115592	144.06536159893616	146.80223943580302	79.9565319245025	234.83067380863415	303.2478614198077	385.0728930843633	238.0991478612359	229.41346511985574	279.39636546398293	231.44035188919685	224.1322474996794
eco	P23827	214.49147241438092	3876.5110326185013	1636.2478975942818	200.2511857259996	144.90492428181378	175.3211497434517	135.86115554633383	133.94715420704898	218.8826216345404	466.03086040860603	399.9156490198999	293.36646589074275	315.4382639823923	241.27501252700856	427.0056004521728	152.9485196737834	185.6513243958561	234.63504039935322	143.45088409534986	79.37854343099272	199.50495699740844	117.34487423916903
sspB	P0AFZ3	352.9355751784931	712.5522331372974	545.5574087568281	204.15963439236506	285.4303758724474	278.66623579758067	277.38885929781407	302.69094751777374	200.7970423678972	159.09063110732555	131.97088654263072	100.49958349191874	87.25176615022403	104.6695826913559	379.1287689299159	290.324604168647	398.8706010274851	348.94177175876	229.87522729195578	151.64356780953068	233.02087995251978	218.5391329650852
ybfF	P75736	203.71104211107271	165.02875465131305	224.9536061055699	180.1307623373432	203.1255269413146	213.84561359885836	206.15628326080062	239.80623668565804	172.59715629984424	155.98278521282782	122.11104368633342	86.93394268135796	96.8432642149482	69.63793159739285	190.72610013186076	199.18670946421477	182.66893495715888	156.34788222740937	167.35519340608454	124.02087133655544	206.83415657975743	172.16450709360112
ybhA	P21829	352.24829285091033	592.648016186817	638.7129697987122	144.67981794548186	211.81227515397532	181.3612488630673	253.36044175893542	218.61668744304365	185.46801559609457	82.5221132038016	34.88402629091629	14.057935327375883	5.600672624674961	0.7480799630437247	270.72598958809544	258.40699763134825	219.93599201923942	304.0941288022488	219.27935623777782	78.9581001064064	305.34105821461327	330.5529438587897
yfcE	P67095	906.6100852087709	1309.8439296311433	881.2506667593584	470.8929789908274	537.9288502191721	784.0656486106651	584.0712851501485	609.9190537036221	696.531611638011	520.4284436937319	474.6574529852498	438.5936279914666	618.595208061802	724.8193338347975	1326.2069121380841	1792.3830784843597	1495.1602790094184	901.1679409840232	547.7901568645649	600.4902438634828	587.4410618719617	671.771714518067
yfcH	P77775	95.12793118553391	90.08234338928429	86.66106098895517	146.0274926125074	131.77649837458065	154.29997409249899	111.54469502715244	129.1190276258657	110.98376394869516	146.4597057802553	200.66013854117477	241.17340017299418	193.06742797294714	170.8911595686034	91.37352729633841	161.40878592739895	139.07684853908296	90.62289682149459	138.2927947901473	221.51383843645397	109.57592685847737	100.79171768476992
yggS	P67080	207.81023715684202	296.7306149443649	224.41609670741803	127.46013263612373	163.56086060719608	168.06213450940305	191.9781801738613	176.2919880452986	141.8127309419101	136.38317596947243	94.18269056072322	83.07409630811445	66.74948877194956	76.24177611240093	239.7095452806926	183.71812106594126	181.46726906124306	187.41190856729878	145.51505353408191	109.83647745983188	136.25539679003668	150.86908108227024
yhhW	P46852	81.22729967523209	79.68740129535148	116.08976153709081	80.03068053831822	121.73945001576772	90.27991962807282	120.70014625230876	75.41296883756303	66.24361838666135	74.55756993626093	85.39487481705649	113.35779828687474	114.08422700918305	129.078541568285	157.21647713085486	132.0610911041842	140.33233392481233	113.60586536562955	105.02851767222349	179.92165307808347	103.10696345523849	108.82961255394426
yhjJ	P37648	116.45173234521151	192.67789210011432	86.855382053178	65.32085909459586	73.78403138330545	78.4068152395582	82.43250220754135	141.59703413374083	52.353483909708366	56.34997534980753	66.0059125565811	87.31309829898245	100.68280341437026	62.11373025774465	102.19445717882519	208.7428713098662	169.3453361236996	76.00011170689326	71.65650171904018	108.00014926141911	46.05229649655006	78.96568386250165
obgE	P42641	417.64215759222293	1037.7494972089962	752.9404801020398	290.7029566404783	319.01175399390314	276.4372470647326	309.72500720102903	307.0306886619499	333.7350407397836	318.43377059162054	260.9802310291397	303.25508635195393	99.62989113668918	117.21041826933319	166.03310332907193	194.0466276627324	154.65903395088833	297.41723579676835	325.4545768200806	297.68427028327335	325.26504543535407	353.521313141773
puuD	Q5H776	113.78633822161399	30.085916293833314	63.69349387313849	42.93502842859102	62.886584422564646	156.2336298797381	35.10446985586485	33.680367188527285	214.3286854652485	417.87220221218	245.38458162512126	91.35753331400923	9.667514060404626	5.687113891911461	78.20634400326458	16.107963256393504	9.89410766065924	28.992103333194496	116.55307322895142	20.13900887958952	35.5991150024611	46.85048932663218
rlmI	P75876	172.37823786672502	429.1263837062412	412.4729970567102	91.96762288073559	119.88237059541326	146.2121541343378	153.68747532930485	140.44180141674028	168.23683109228247	122.48724023067496	101.48741631537744	94.78124932446555	77.93510094027674	156.2908109968516	216.97282338348538	203.8100746196049	385.8285806566761	296.50277021428656	181.25437565731704	127.16823710797426	166.77605738100482	348.89090510493696
yajL	Q46948	369.6176595748361	444.4073848200318	388.27760958273143	321.7836898985966	293.1173017671128	393.163479074195	376.4158858839549	360.70387068379193	363.1451456933516	313.83693684577787	266.7300729981195	227.18290717695413	337.9943414988044	283.0314809285101	1029.6963591763829	481.95254450230686	775.0558194092656	532.8265647732665	318.73708977078024	327.35444918725767	362.0491152778561	491.11682300610204
ypfJ	P64429	126.36407919072275	98.78924699591629	99.17180909561633	97.42082167160278	104.45159264151405	168.9020207584526	136.31996435689553	101.48714935512032	125.41188430336194	108.53724973661309	110.73097152914228	104.85279678804854	86.09125198331863	224.31804486740188	220.81514418991964	151.3866177583064	158.93206321655302	144.86416878914505	71.60165394109362	140.23945484917232	96.00685185008811	79.76359818477002
yraP	P64596	753.970494204523	1311.6529753319228	890.7770677189835	487.3191472132251	708.9692500745118	817.4394823362686	792.6290106775016	819.0960964821279	687.7196437268971	575.3327299389996	499.25436390445947	453.23751603146167	984.8033661168325	741.4291405111817	1230.595469985308	1026.2289695387851	1114.2232837075849	739.491740392744	632.5995125696701	636.7373109556642	552.7394824373692	630.4855354123368
yhaK	P42624	33.14181752	7.709761172	NA	18.86598771	59.75336995	16.30361116	17.98379927	18.90424142	17.62261565	22.56482396	11.16786176	14.56154396	67.83731297	44.78759216	21.22552883	31.65503694	13.27173776	NA	NA	8.563702881	29.52373332	NA
yigL	P27848	854.2764113474921	1177.2082624483958	753.3288639124165	502.2106301068784	549.1942807358511	714.9582192630357	616.8269616245536	569.6106208956164	646.4327488888017	481.64815960472583	435.8879933458303	393.06684669686587	121.59018201412363	230.92768308629002	528.6905656198285	543.0633805879728	656.6733966819234	563.5822796653298	746.8445637686121	450.489094962236	628.162109747933	688.5396588597356
yceM	P75931	39.23357554647041	22.725459272937258	20.598349224707462	38.84698719579584	50.56457952596686	47.874114828961744	50.21475752408441	58.689726355137786	47.66287856784476	65.49691187222491	62.23171877805611	66.31468144049282	28.407519264315653	16.520750691873253	9.095482370292672	13.332488971742647	39.55729077989087	32.62190234259515	26.695645591354765	30.520627635760583	27.823082627274292	25.476455823361896
cysC	P0A6J1	834.2847328537472	205.66845115919813	502.36094600409314	471.86473099947926	494.5899014888873	484.75125689253304	543.4800671322693	475.0729589018845	446.890740608952	288.2058386480521	159.63075581394904	126.11423554943283	150.887788343307	127.05256223378886	469.9448232484311	720.41741019493	824.6438466733621	529.4550687726141	394.0676602969373	273.3540625222934	450.1915738112865	600.857584834391
pitA	P0AFJ7	208.4500445979459	287.58557476084343	266.7404231960595	91.90385572159671	155.6707891124582	167.9856514389422	152.49645382566294	251.6612965797515	183.72701697452482	142.66295229284003	122.62017548561512	107.1872982321991	106.19610847310271	134.34334156776538	97.33391876869833	235.37844907597196	177.30997049970682	194.9659287354278	218.7817176307241	124.06974759952362	187.5482025487684	240.8281022422998
sodB	P0AGD3	4212.930119342319	22542.848477218566	5751.806108429245	4287.309911891804	4801.356592229766	7066.662792740991	4589.7003533380475	4198.199285769341	4593.509246528103	5702.904974493379	4461.563444157628	3388.879699194065	1412.274614850661	1219.6042822823576	2538.0422489521197	6805.796374540576	4210.375922676054	3224.8263704789692	4758.919056532128	2783.1470214832957	5849.981063977032	4439.885609149841
sodC	P0AGD1	345.61620037076347	279.639732586886	267.41926638904187	268.1096156707172	308.06485130258875	530.4741926423325	297.59801712230427	243.81078711597465	212.43749654344592	202.71809771455287	369.0651982695949	461.75293644438557	1627.2140253157847	1373.4436186141484	811.8260642602476	261.5377707107545	716.0559063436204	241.1887258392379	291.15931854366136	719.341985139417	194.3681422685634	236.67550332700011
fklB	P0A9L3	4381.399897461237	7989.010620450218	8368.01339019775	1797.0965584363628	3165.6656971166585	3428.916073879499	3350.3213517866125	3593.4430594945284	2728.000737657571	2104.1984833790725	1557.4339374235626	1079.7028434768517	1697.120866607195	1628.3308841647663	5051.826218492546	2790.0190279032113	4055.050374875007	3380.0267397574876	2992.4118079207865	1847.8814578291451	3216.07340790021	3581.3658300851766
pflA	P0A9N4	189.09070724759758	309.28385240679245	259.43459631123915	132.35752131692038	159.59011477211274	156.7638170352228	154.1049848732151	137.4664707556712	144.1546776509382	133.25772002009015	134.7565124974111	140.07779661417106	79.13873875936453	56.65600043178092	101.43866739697197	207.28233664150505	198.66465755577778	122.14502911816687	121.91527250187134	126.69776935902664	112.10136691509393	123.87972453513653
clpB	P63284	119.41719863791064	423.2496479022287	156.35386598989746	136.02526590890668	154.75601196640386	176.518633750963	131.60745728572212	113.54107122043739	127.15746250667725	119.50273001532867	130.01370548847675	128.90713079767983	612.3830914132644	547.4022501000785	171.01348704680595	525.310120237402	374.96770572622324	118.01108332949453	117.86667130841757	72.0673185192606	103.98683826000892	118.14656532554291
yfcF	P77544	191.01256584277107	73.80497170530074	78.87194894226394	84.21187499048274	108.79382504222772	113.2010814830118	114.6693629830284	72.39252661220496	91.59849127297093	90.24893089613462	80.4545778629595	73.1830640037054	71.25977449674055	81.99054924062362	199.2396994554892	119.92877742176616	263.4621207867097	139.51408398335198	106.2585645334778	109.1662850489455	89.49323817669894	102.90769311112078
yibF	P0ACA1	637.3029047613911	350.6622526179501	548.7986951017127	421.03841495984955	576.9091149464291	551.7059868150145	626.1179768121432	633.3047302108766	408.8778491082074	334.5345641573076	368.0784844537933	362.3545349753977	345.4080226863146	255.70520997106124	737.4191838145292	196.0776647606722	676.061486931424	575.2172572187551	593.7625324098929	614.4161421194419	551.9764032695138	603.5118149531908
trxA	P0AA25	20951.32094200711	26241.630841521637	25428.474644528844	11138.504257563647	14559.705398968383	20034.1171079196	18242.028339392687	17400.10522880945	14938.725999006314	12757.808043641895	11466.752721816241	10278.78110953795	16303.768331947176	15355.499432775461	24507.883821187836	24497.832181970804	27897.67098358733	21448.631845233824	19876.38796908406	20590.799509830304	17823.253788286598	25227.47990323386
hypB	P0AAN3	23.631705556560227	64.39295000559689	25.25763679561183	23.335910779344534	25.941223943407223	18.060385270766165	15.489179864661722	17.402105683107685	20.89726640485698	16.61806311197509	18.538544354729286	24.223159429179333	3.723023240720534	15.46842018772861	22.734267860714493	20.3447037833458	35.068859062413075	25.574059736993473	38.91566784977767	21.208983058008734	24.970483026948962	26.102689793335205
sppA	P08395	52.61576077154113	86.01894248696648	65.31696200539042	38.83740909760981	48.543864302375624	55.09046725449036	51.45074725641537	68.88691696360256	79.37902422660346	77.25462462040534	69.35495387514948	59.290982111845	39.980225194020775	21.302163142029368	65.09602885228111	64.5888928995613	68.63241779253998	76.0797226638348	54.59580077735769	34.78998692802793	43.962234390039605	95.31961128715655
tar	P07017	1.514775815469573	4.427996668832315	2.6704062776459048	1.0317119406765152	1.8581101329849508	13.180753818134278	5.338214059267524	4.219545890463097	29.62926776051185	86.72898679760455	23.680061576620382	1.724224567479726	2.883762324253112	36.265450683140095	3.669289620192684	2.0025709251617663	3.78439646349074	5.398881310319406	2.185260196889593	9.502834988015014	2.153302612114188	6.687922237935756
cfa	P0A9H7	70.93129229941084	95.6555475293464	67.29587189251326	39.78207988753421	22.49442968578765	46.79435005060331	25.34388662196328	25.426953891511307	41.26187752162697	33.41583640187364	26.000520089697496	20.83401649338841	21.686066801126337	4.1378158347252905	74.82661413792705	49.862868676445274	134.82956710965985	57.230781659591926	30.05884458714015	25.235863160253558	24.83627913667468	32.427141771512005
dadX	P29012	27.841960921009814	411.3675917698263	405.6067006773351	141.5263743441431	70.36558559153582	53.90021236849035	50.357301671176465	144.16902402606664	59.92647892531626	76.5938887695882	50.297793282031826	71.43090073859851	45.91495174049295	51.585990183903576	58.72960505689248	20.345997352596743	51.60597565378535	53.0587286669051	45.58447421958994	18.42815203675909	47.75191175114773	35.82997481482636
rfbD	P37760	761.4041556469001	1756.7754905779357	1375.1958861244232	506.5675621289604	622.4421435752781	533.9681319272712	574.672104045607	475.70001854440557	537.1664333852873	447.86676460969926	314.8993420200439	234.49550233656663	158.55465603096158	121.79989277878678	678.6062409124617	750.5410012873473	669.8546092805677	681.6344178608933	545.0927415993294	324.2432292175869	682.8041641262671	698.6656246916768
slp	P37194	552.0363841062181	421.1639690365573	498.8214383136875	2360.368596468774	714.3527042546972	1017.9314393117572	465.9308758875229	303.0602428544239	700.0949328090306	791.7877384296179	622.9747547640425	611.1100329473027	7580.278997495097	7945.775840895672	2147.0561485885682	1550.9107675258974	12769.026077890143	1152.5891863642682	651.7146851953473	595.4855263611958	748.2966280651862	583.2956910386101
yhjG	P37645	16.056200117433356	29.47070660855444	19.76285781629178	27.30482676150155	29.04677944343684	30.137021603748895	20.440503416312623	23.816557103703882	37.04428872860299	46.67890208564008	74.3868296154703	102.68191361768741	25.760445596178492	25.591251162727517	29.055950033286948	15.097332539637227	45.70578931944648	19.155320504924273	32.72948998926607	54.377545849012606	21.477513868060576	19.152677960110896
yiaD	P37665	344.2438582700396	2116.344816881076	652.8498633476612	59.71731257604765	129.27872269879336	76.54984179824471	159.02739718035534	215.87873585892424	48.84006248107748	46.686320396399125	29.63651415457155	23.929863404077796	209.4069037175616	259.30988191601347	392.3121381065017	899.7687626526471	308.9968305639943	339.6033401377766	136.20057409381306	64.34527023333885	135.96200455437943	234.06423655873343
mscM	P39285	14.301891256205415	23.485163322841455	14.289265919938549	15.501579298598294	20.050198176856334	28.124467014580702	15.085051314891432	25.118097203581307	13.832224385897177	14.03572785043393	12.71538768195864	16.5488822913516	6.2769588051562355	7.081486250650295	13.443099474848065	18.114358004025597	14.804977215842207	12.25267809681158	11.593082983338258	16.872340591571643	9.794735647893809	13.22929188251792
tonB	P02929	107.77721730671749	74.76604878577488	129.37821552534442	52.122738073811504	83.48882308544574	79.96797573867588	86.01137515212466	97.6136897303792	95.99112253709356	59.15585021345909	54.633575194612604	42.875224044102865	51.95306992422748	49.714277093964355	193.08785340942364	218.22331956032616	159.4551667895479	170.5990492491445	88.70507625131302	63.38153844812466	94.98855323840019	141.2063631896007
dgoD	Q6BF17	9.341172665918615	12.736993637847156	7.357909547176377	3.9436287602421327	4.969571257354676	7.485276874307483	5.614909116658488	3.38328329935054	4.603214716325934	7.858966686754025	15.227385428053084	10.014830088362096	4.114321168295241	2.8794252980939214	3.3014495743213015	7.153475155693676	6.696936848453904	8.219924435121305	14.864035516227613	675.3325820912369	11.636564133387	11.975667172387379
ydhQ	P77552	84.97539883929466	318.4495818641026	222.98033889878232	68.44929785189251	88.02052444336209	83.62539196938435	92.6154083568218	74.91446211712092	76.92817040053112	65.91756433311056	43.95136138422696	28.35561006335243	95.84945312167861	77.67701955932297	208.3023442016483	167.06048415935422	97.31516111289666	141.83783870993497	65.17243902252817	47.04837229344278	75.47466791830863	85.65289126806677
yajG	P0ADA5	4571.786687505522	6631.8647680291015	7749.317027115634	2377.763642339073	3602.732767015816	3648.010760347881	4049.1860050662867	4053.1259907299705	3884.2853775677986	3531.2882230421496	2443.561496319084	1984.4653483612242	1380.2210487043806	1509.280919662971	3021.651107097148	2695.403955757079	2205.8312253414397	3462.5529814907086	3582.2824654613264	2460.271907131888	3701.616333301391	3824.2594907037737
mscK	P77338	6.5847565129635175	15.690824717459783	7.149530982892474	3.266753878860045	3.713885333635876	5.726154789919313	4.063598682572763	5.826674099224485	7.815148184196525	5.467947698190065	4.118303670266172	4.035391280546824	4.489429688727303	4.630384165417222	5.238108580373161	13.888090012310656	6.122802967739095	7.05301744504071	4.862330335809552	2.2426356120580446	3.238112315625054	9.31642978968665
ycfH	P0AFQ7	43.08260065446504	85.41821778007409	69.91387789721789	33.02711250241908	25.44724992420361	30.25911688959662	27.661024405464076	27.446436415766488	35.72301972769541	22.60895904673558	17.116708524310674	16.168479337699328	42.99536869503355	49.92761200254011	95.30007734380803	69.17360208214168	67.86930612435886	51.946132405630756	28.13223248418337	17.252468557452932	25.43901200446041	36.77432296534647
mutS	P23909	38.91145953610632	116.60852078813514	49.457396523262275	22.267693643319696	31.709152693252182	36.43615185491946	28.96601627521406	46.88093856679191	42.0475978242597	29.808031412635216	23.816951207858164	21.94216639741509	7.687627238788612	12.399598223527644	33.06076748539725	39.97612689302031	26.4510645484591	35.47565570421919	24.67065160977703	15.402101751715922	16.16977852675256	36.016734999963425
seqA	P0AFY8	1357.072021095488	2745.40013521632	1705.5337728256673	809.2155560781235	950.6636825217225	1096.8171319243065	1018.960323894667	991.2495809121898	907.3220101934614	772.4809651498072	696.6992994335319	654.9877462605748	1119.1423271900492	1094.5519902794733	1529.919482020558	3080.1612127224957	1737.5169815234276	1308.0285941478146	1019.2569663717267	870.3548497327566	1003.9374362101398	1388.191022508391
insH	P0CE49	56.20414684	121.5022226	NA	28.46947967	72.23904265	71.40150367	39.39667541	52.43963102	54.94445836	58.44212187	45.07245671	22.585667	26.6271429	30.82254301	56.49985081	47.38587356	35.94365314	NA	NA	19.16789559	56.5781445	NA
mug	P0A9H1	241.41167360485883	305.6074314212588	223.74517482206952	134.27894296236116	198.35072857248744	179.52761603064667	206.91995233148432	170.10032343021211	190.09714107037743	172.28404921330662	123.04545007722099	100.51915373092517	299.6701582580965	180.15828764578183	357.2329269098654	493.75933109568126	279.68560868303797	178.29371435065804	144.64928538438502	198.40149141116646	171.24391857813762	170.63877783818353
recJ	P21893	5.090743375	30.82571949	NA	0.571964333	12.55574174	4.105557442	5.19648955	2.686614214	1.571522789	3.827668541	5.204294226	0.885455523	4.790055075	2.957269388	24.25439962	13.62305703	12.97235852	NA	NA	0.836987732	3.506275472	NA
yqgE	P0A8W5	409.79109040027737	441.10410766936303	374.53252945608233	185.65608779814656	257.81350575887586	292.2503572899584	298.65209953300115	263.8321701783717	190.8475707700412	162.3157557586495	136.75343350186503	112.26812539650655	82.01424780928141	83.55521454508157	307.28617128061944	248.05869084545577	304.64307621328055	248.5628154055906	244.86229630787946	177.3097168650283	264.22386929972686	395.13422640873347
metJ	P0A8U6	989.8985787341795	1221.8642913160488	643.4540032704467	689.1515743677516	774.3358242677867	769.8429739931892	650.7003461574004	640.1861271027076	641.376686762638	609.3279204670052	565.887505261616	551.6436285734984	624.2115993624856	598.3600747465887	1032.2133054216863	993.3300838215341	1418.4590026743952	777.8139320450928	509.96636084108025	547.3703306238133	593.7981978911929	667.882528354454
nanK	P45425	6.677241581317133	560.5040352808862	78.0188293506837	9.282403376188874	15.440277739379445	9.157464860238534	12.211722175993696	15.869610622165444	17.001026056415444	16.411117701531794	12.962189353881156	18.783869369285334	3.171950863087738	3.6205455381573537	6.876144962615786	5.163406043870172	4.166552036831305	5.093033862060233	19.407584122971837	6.586884412597053	11.695113129360598	24.099817421720715
mntR	P0A9F1	148.36162983851597	223.30477034988553	188.0969109742777	91.24194590061215	126.9362256227237	129.94582450100924	109.65282961944469	128.17742998768165	115.96957196810277	95.8043496442226	83.11686388661599	65.90345822964468	120.6705439478866	76.1598776086937	163.80559319611356	105.78653594035953	187.13324562440832	151.80698552644958	125.2260650939074	67.63658431007026	118.68615979893625	133.24799431797095
nrdR	P0A8D0	211.01668245972448	223.79832722719001	213.83989153346909	163.61679703630023	212.95426253181378	214.1507708958966	246.62653160187708	221.42986495026585	178.47072821203494	132.46473556362332	117.03730543853104	99.21660838166967	126.46828869310848	97.23537755660695	311.9474814189279	351.7667878580968	261.93204505908096	240.9655658570167	159.91309081105746	112.32950604095683	140.2389127600761	236.6627200117852
yagI	P77300	36.9436985	5.842114557	NA	12.82920823	12.36958512	22.93096242	30.92672326	11.42716208	8.47006318	24.51310031	1.068692424	1.817834222	6.257546387	1.387150839	12.25581721	25.99534514	22.84995304	NA	NA	17.77627223	17.87743096	NA
pth	P0A7D1	732.8093230446599	1187.8836142046705	1243.109237362988	317.90051854438707	499.05812074280954	534.1037296225292	464.5183132115673	476.8288245563594	394.5145627292729	296.2020449592245	222.44163002543124	188.69653354853435	275.6889711451316	244.0950280504703	592.1982849507135	621.5479818175603	534.4438994916796	452.21383753482064	401.45530121915414	264.84140240468935	446.1601907637114	516.5409331017981
rpsS	P0A7U3	19008.14314274408	51050.67380009447	33384.259553747615	7898.893911060137	11757.615142144517	11609.548818536437	13706.658930167696	10255.863784041483	11618.507694544149	7838.648343091676	5153.346988836407	4655.702779532343	7531.59116307094	6371.672277838916	17917.959123651664	18327.741104399385	17059.665903415826	16629.606930361264	12778.496870719324	7558.084041023919	12139.828539266366	20308.476650333483
rpsU	P68679	28385.30758534716	70780.13147830423	47960.155903973566	9984.036248655104	16062.239633519555	19398.66754018651	20777.200207759943	15417.053724153928	17301.266115144917	12278.588518054668	9013.430993665861	7759.716652496086	9949.549862937247	7654.007355930181	25230.259105617864	23940.57206894095	26056.840237241293	22332.00395759999	15865.60690381789	10752.800463606165	16344.6985194847	22684.227846552254
trmD	P0A873	121.49250497419406	236.18219733396046	128.11601300885442	66.46099165958209	80.31544621242328	79.05724866476095	93.65681383375941	72.71083785832191	69.5900379983245	51.59854249501317	56.98565582458257	37.9166358744618	31.54779023697426	49.25539906014357	66.05405552112538	84.63306804839557	37.59385015803419	36.63031829259808	53.660611186509065	32.98914242399719	49.64264945470788	45.331308580102544
rluA	P0AA37	118.1519163	385.6875108	NA	62.626981	98.53219443	75.65033853	111.0849501	56.48665545	73.08358417	127.1932649	121.7199359	63.40917299	11.29301439	69.72392716	119.9553047	146.101578	129.507886	NA	NA	66.53263061	81.95900069	NA
yciO	P0AFR4	705.9180061536351	1088.4860973962218	827.101133529491	723.2451344079781	743.6486546402573	899.3781153419998	813.0320758915283	710.9881259710737	783.8038526769686	648.5574300857638	729.4898878012468	793.981928356324	1052.4285911277625	1189.5173748516675	1231.1979406304713	796.4040655495922	1234.360208073739	863.942663676735	787.5069874733655	974.1315217218729	648.4811994136717	774.3076701577613
rng	P0A9J0	84.9916136990124	98.00324316703207	75.40106347852095	58.06274820680812	53.47224550670459	69.68980625330262	79.42447927565328	62.68686443665023	90.06190994455305	69.56162354753941	55.7950851259754	32.770351112679045	18.523308100516584	13.093407689160081	54.50132534705217	61.720142094456754	65.9125710221859	55.86320020831744	67.04966877181529	45.8097091363579	58.0692688623443	86.16655282006174
accB	P0ABD8	2573.6812715087535	6081.711955709677	4424.984181920909	1380.2119046822816	1953.273110672302	2023.418847709598	2201.3786452402305	2022.4972703257206	1890.4050526811636	1472.430901243429	1249.56624468351	1095.5661932109642	2016.669344703501	1863.5031490787298	3278.4325086471827	3766.244756899217	2688.4862740936237	2307.677338496848	2071.3543853302317	1657.757295442112	2256.2132057592435	2380.8067645081146
yqeF	Q46939	19.1711556749633	112.72442462987807	105.31712021966983	46.48375087310588	100.30089828006457	58.20331666603035	47.39782782486354	46.983302473556364	40.09500935372389	52.09722904611183	35.167876035458214	22.512905444039173	9.926841372892879	12.034971134174835	17.4809620153426	11.314512352934724	8.320806782436636	16.682670491301597	65.78838771474975	80.37163132642877	93.14538000813137	40.698177638401916
garR	P0ABQ2	26.645369725752467	769.7032280271491	58.87406409164337	24.67234834889754	44.3701998784327	33.99471992410465	34.30933963754131	23.20466872086092	29.433379327086453	35.71238408206997	29.18610802993536	46.253518726017255	7.959641646506181	7.286996015898544	21.847741399370157	36.12735654837967	17.037447527413278	22.762906810474803	30.417923653403122	21.589314815793077	30.476372188876443	21.157111976932782
bioA	P12995	138.6098818711022	33.19153470748011	200.01071516274988	124.90172321828057	87.71823778127866	109.02770271233258	90.54561553352642	83.02301733259542	111.73642286232536	70.90193356180421	49.952217112221	41.29594023456927	117.32278141143173	135.36652440770365	311.14029328421634	177.11411408300071	138.67547232604517	143.67675110021642	92.50174787083091	86.86716967464285	105.82908600610803	99.36989946609411
folP	P0AC13	223.20404077459116	429.4454140954563	360.4305917548741	146.66334742379323	173.23369877070667	190.85948394932183	166.66914952209538	152.47686952024657	181.92099353005764	115.72781552050718	75.83866896983027	53.71080031642647	91.28818853899467	73.9143003047325	255.8201710831165	213.7054608692072	220.58707165688466	203.66901173530837	132.9486888485445	103.23252124888515	188.72299337751522	176.31616071919208
menB	P0ABU0	557.8114196897272	1263.4085125538297	679.2215346487461	489.11612165091026	535.2791867867526	557.8094900540779	530.8572594913236	465.1654938978919	518.8445264356567	469.54751509703743	404.6773498165616	428.8388848674178	232.36446259203947	377.75485332687623	544.7435838262006	760.5645336227907	828.7486531484299	614.3884906596516	515.9012651047085	508.65687151228695	575.182998920713	470.41692126331924
moaC	P0A738	316.0518941816883	403.02291648016256	230.42219119211353	155.7274175315298	183.99820124752608	249.53933166419287	202.5348707212936	193.58885621836316	177.0353705437608	138.63256007479663	103.64056993860055	98.65596612693898	258.12365107238145	339.6931372645748	711.2596099139264	628.0769249161776	439.76865379417825	343.4307826405453	217.08046974373934	201.2352836720861	222.27221654950722	328.55439781673596
pdxH	P0AFI7	301.85923132933164	232.42673772335598	282.0000531142405	237.5731064737643	291.56721444995725	264.11636353747974	301.07664784281764	302.3942956906342	293.2754532700458	245.69301867528893	197.07299432219884	163.97297769153835	179.51746468490188	270.93642778594887	417.16679550258044	443.47378924799455	450.00296229610564	463.9692813035717	296.6664384561845	228.85091515548385	322.7379723489686	346.9241394381422
ribF	P0AG40	159.97148617246816	214.33839989022078	173.81948599793688	99.6873963856452	130.52624386209226	146.23219858650862	154.25053419182726	140.96796663575788	180.42765607362617	113.54371400581373	127.27799781774456	88.03316355487277	72.22757351360231	80.64164291838586	105.57674170881631	178.36131860259866	150.63694448367633	149.49021235726602	112.62515522478341	114.46634662481566	115.92932955360294	169.87193758886082
hemF	P36553	115.9006455	44.08001824	NA	33.61566236	54.00176207	49.08107204	34.14435832	45.04282511	42.69022742	48.7883679	16.16489741	15.99141125	17.2734135	11.33148135	71.8136372	138.0338469	103.4967314	NA	NA	20.58853402	28.46293541	NA
ribD	P25539	193.97244192799207	129.47189544714223	123.79544531548967	105.70378015031675	150.8617974606734	178.4633923971304	176.15729606936026	178.60242192345854	133.9239242494263	86.19270986041272	71.67332326242646	62.282176449845345	93.93549476845378	91.80079683209964	188.5668110769015	178.24709429227548	241.59092464374635	161.52892605822498	127.69586925637557	115.11397813356442	164.9938881927797	138.7979919308208
amyA	P26612	108.83392570282822	77.90663784206004	109.72415283423692	113.33168516287573	143.83788651865285	121.52484038496117	182.70184454651317	99.4140609399814	111.3195112123238	108.55196683295668	95.61028987150554	86.08231701372131	132.15786385018168	141.84314892790113	251.01363714090405	83.31048446758435	224.20528749843876	168.12637828775874	184.99269061365794	165.6132482890171	156.25751361972289	162.47027247633437
eda	P0A955	3635.0773132860413	4878.704351877128	3844.8802927706397	2352.458332165473	2242.065706925987	3003.1474591512642	2179.922513323953	2549.314477482704	2894.3056384443444	2390.790314353163	1770.6351884376502	1250.5952610445927	2085.079631741385	1788.0227230624882	4824.177968812111	3948.457618438931	5194.465687908382	3394.218140121992	2368.19453308156	2036.90094262924	2725.6580032582397	3578.980902055332
sgcX	P39366	4.866026272164388	5.534411414774449	5.6391288076297945	5.127569580722826	6.845980029733032	12.412963003413378	5.235065596717354	3.641211571274847	1.9211830457608197	8.650456983720224	18.35202095046004	166.20540602949765	6.441168413960545	9.649454846430736	1.0025480044356596	9.466259446753803	1.874366600204166	2.818597600410225	2.632714684111141	3.5527020167186865	2.674275443007822	5.372290218028787
yagH	P77713	24.650319003341977	33.73462929903937	31.804227015228985	12.45264773105818	27.94926523429556	31.456446707003092	24.79525154717879	26.136564692172527	27.473410824003178	25.286524296984553	33.19944397966065	25.270056227130762	16.42775881782759	17.875004580387323	14.503635138639655	29.646641951174413	14.375964255072388	301.5066247435284	18.08002957823909	14.100100117425836	18.26590486757038	20.89447431421369
kgtP	P0AEX3	124.43159493813805	231.46437160793508	211.263459997965	112.06499101333168	144.52176636520147	306.68285349562524	93.03555897097674	135.74896381111668	329.4144660493278	356.90913998156884	416.60958602856425	415.53393211921673	79.83886803270009	80.63644019576263	240.63285989791936	145.74388199763223	160.38407184447868	240.5789774170424	156.05861086995446	146.24218087359986	134.03228844794506	130.32105014898428
garD	P39829	8.942929058517128	265.9495343490811	16.294647030918853	10.200929524769386	17.95011737398485	7.1043999587485445	8.508667969611496	10.107023088747427	8.629929402424896	18.647481824346837	23.62963259030793	36.14365095710412	0.9257544031218464	7.292630059478235	5.017062282922616	7.771405360529607	4.306004431976831	7.13352766081004	7.913214577839008	7.142410737102412	8.934445750563018	3.9022645349798233
glpX	P0A9C9	187.3502986651139	340.86551575607035	399.27087308771746	67.46243477321721	118.68149424830789	137.3501011941512	266.38792215284656	100.38804816932023	89.25035529191618	70.20647834838675	59.06943758659685	56.17391274735168	47.90914094570804	75.45044921548512	143.57333158984147	151.48810864543697	127.68577974950227	130.64676736635823	117.63225766385101	106.72360558674218	129.2291509997534	155.7316243742234
kdgK	P37647	546.6476759699549	968.0306097928919	940.9157899274161	547.7842990356908	554.4726760764905	513.33705119175	478.5973419791807	508.4021118080305	460.4536661103397	350.8725853117335	272.32049687022135	204.80113819453564	154.26568726962427	307.4135604036717	661.473589368105	639.3863240495141	707.3464184836329	578.2919208414328	370.64189108914144	375.35517326105946	280.6127361712804	451.66569622653554
lsrB	P76142	85.2813820362446	120.52441741454398	144.32727179572012	163.00395871480612	353.2677967326436	110.63762074528336	64.86970329374407	99.85552554930331	65.7214065004292	110.95312868491887	216.48446383264363	414.79350229184735	539.583859063711	452.4787960408991	101.97701567711974	193.72699314878525	165.6896867577367	101.71069317727836	94.25697064582711	290.8553535070692	268.5806685270755	90.66293362887336
malS	P25718	23.01197047	3.047588225	NA	2.91620507	3.453079294	5.388680062	3.992630593	3.70020795	9.899895574	21.71520955	13.89520893	10.50381522	15.49167134	7.684584476	2.835023306	20.17812962	5.281586419	NA	NA	3.351790192	4.486309913	NA
ptsH	P0AA04	24850.138922220485	16746.37060283625	19192.797261779077	9532.921358102634	11945.718259764402	21857.919664529556	13501.089292951823	12589.746979393807	20569.920052589405	13546.238150766267	9835.321055610086	6326.554783144525	9569.310576109345	10741.420587035907	21376.272757236846	24930.364751892037	26036.498436778165	10487.51409189681	17416.598937218318	12378.306087232142	15247.108224223537	26658.419409263017
proP	P0C0L7	268.40091987295835	409.72476443646	126.2035650524575	53.51662941727991	74.66780443656123	127.82231169692307	92.39031702091198	46.276609751273625	129.876440571363	84.50408177744963	74.48810057283491	63.862944750782646	344.1974090260307	330.316137490854	641.9286577465554	417.7707881572799	596.7198398280754	298.0712938015142	129.48590629516826	104.0064119946385	113.98380128245307	225.67755438443862
ptsN	P69829	861.4407220929406	1917.2383923299533	1181.3941804651108	710.4577570063152	826.6800183986095	823.7470348789338	900.666434107973	828.4750222688332	907.2709164324066	909.4155912168189	799.148753530967	655.8220223127913	755.0286461425179	698.9713632939992	1113.2873812018913	789.4418647291998	999.5134915942197	864.7126822452002	1258.0034105135362	2406.8288964799513	1338.9833224929903	885.51581591057
nnr	P31806	48.038379036199295	85.87026957599716	58.13957704766118	70.65657854672833	82.41388134000921	62.69174705107617	64.66818855696246	58.43673475806288	84.96083603212972	108.43566490697094	117.54880611585358	186.31459081596984	84.98803830580408	76.34217524902266	91.64759320991388	94.84069935130545	66.0394784086743	76.65449811363699	63.412964261589714	118.97991836838202	70.36138492512598	57.47031687408589
gmk	P60546	437.2056992824289	798.7099076943912	795.4301943914306	194.34177214252705	278.74696463922186	269.28963696977445	292.5191143585566	231.76586508332522	269.5832629636304	203.00424428268704	159.51316049926007	135.69030338362978	331.1463513022643	366.2010706305991	518.905935866961	515.1588028083938	537.3129681996111	431.8136524592837	274.0217402769561	279.2171277991658	276.8504311407342	368.2482859532125
tmk	P0A720	203.51003140260013	270.582318195288	287.8932002891321	91.4008054142937	103.8270427646731	141.12362476794272	110.27400561913076	124.33392869383853	116.85098213127779	69.59397169366397	72.38723098696303	62.22306535005544	42.00886880501741	31.61407520143351	106.26098109043933	115.1194638984534	88.65439382386906	123.92816205109844	89.16399139752706	48.96510856493672	69.68908631050664	76.38536547192138
ppx	P0AFL6	30.76115348189786	74.5976086613599	54.152803493428486	29.335006365496355	35.46130083859956	47.495905309857754	36.07084451344598	29.086898574434244	71.10664707134062	50.33013047151039	44.47359112092183	44.48396466009045	30.323284260653164	29.72403561615809	25.986836467322973	44.19472890064889	44.40667933651996	38.889860554519274	32.849559320876224	14.186959848870684	21.18558252750256	48.303187461784816
rdgB	P52061	676.8221833317882	1063.6240609453248	851.0864883895116	320.73713750957756	407.15284390554154	471.61582701767657	471.08986154587205	455.6751628743155	387.1730968361251	292.06978602724587	255.73808603125525	203.98796679744575	129.42326644675322	143.2920403668634	423.6948242019972	306.65154135358745	306.93697567910243	376.2346576929992	481.0730228869123	274.82222510062826	443.5817261082753	466.549697351192
cysE	P0A9D4	399.96876302767924	493.62414941730884	619.8136121128757	393.7506813811337	447.07777327296975	602.4734836628248	530.3152479878678	481.8845431069982	476.7394799121962	410.7061146851646	350.1443552447243	351.3516656120401	180.49186561873182	196.84240100916776	274.9013943057844	616.4065021429928	542.7639163092282	533.1827939289831	517.7344773676073	413.7155038869194	481.5313338255417	582.4074482507988
ansA	P0A962	553.884552402011	630.0230143966425	556.2885054983406	279.9506790842818	342.9948718710927	397.58991242235095	312.85189440880276	273.3567413508296	368.033642654465	351.1739916566158	298.0641216958023	246.0768596564866	185.89689126450074	171.50879641488564	357.8843749265788	453.24911465370656	461.8199491872725	393.5941181462603	369.8013312816285	252.36033517045482	312.37441278349576	450.5707494489673
yagE	P75682	41.86839830197653	737.4655146478499	922.7476904567982	96.86109146105595	125.50400458821973	76.99687864565958	131.94433647741258	79.67092500610184	135.88923164978988	154.59888155235322	112.34946028734726	61.56237287345296	39.89253920005852	8.786465404951777	22.59870167504789	24.725141990155237	19.657219496183895	52.629911650588454	212.04672345824292	106.97551209421967	92.72092070293735	81.00710532369722
alaA	P0A959	100.4764767162266	104.51607411959644	206.74249772960138	59.54460434899667	98.69323344358783	99.11946275090395	109.50246139925147	70.3371566093812	78.92836923281278	112.3060752488365	103.14727436821443	84.57626624357864	20.308330803178144	8.5417253884541	43.009611219443556	81.46269056317799	62.02880018093106	53.65374319587009	63.241654011245316	59.30385387046401	74.7443143726208	62.695056448488735
alaC	P77434	93.16167099270288	115.92588433885929	94.22857263450896	94.95231878562043	75.07550970851338	80.3659876222814	77.36060944456415	67.57028340711716	100.45100142000416	107.19313528881327	84.18834233553926	80.34833642729527	55.59349178441731	49.113155810540725	124.44197163990601	80.9435218446026	76.64339722579794	103.6095446143798	99.14057664178078	77.32858234091408	79.00007483252887	71.44757282366453
astC	P77581	44.271410801687516	224.1180961548539	308.519682951534	78.6127094788795	182.56810095400738	140.9928812187856	57.32383259168687	64.59064992533733	93.10687448710648	238.00757184862718	281.03139772265587	250.8449491033918	82.96027762330938	76.76085933651643	90.19320481888899	88.55374267928751	111.68275457404303	56.87190015241657	131.03226426634313	137.37295482056288	134.22320257681045	51.79087094272878
glnQ	P10346	697.806982755201	802.6668884061509	1067.4093125417064	742.3250565629618	1081.4450708847294	951.3089956583818	1003.3527447361237	1107.2829382415994	1048.9314446144565	1169.2828411504343	950.8184191863577	846.8908285484791	242.0957923078467	328.048552467398	628.0397347452305	1357.1058825333678	644.7956463210992	965.967853332534	1065.9054356307913	828.4993926011429	1118.4288785162312	860.8421200398072
iaaA	P37595	67.02716039529174	48.22366086736936	89.77312077745185	79.6755957340298	70.4849527257555	56.603078947428	64.72632142156623	74.96285872370173	66.7114425680464	57.58230998694883	44.46089867389566	49.79484576452526	73.30726626060135	87.4909696301898	147.33591179670216	145.39632777818213	188.86056465997623	80.71589651538002	43.727273490501965	58.13544864122728	65.31870770153836	66.88845011888651
mppA	P77348	67.42343071475403	251.9070354446515	146.053273825248	72.2054513784978	131.176210793711	98.1417972883596	95.13323803938319	93.50311436762999	95.0155747943299	115.09213299404804	116.9190250989327	100.78763270197638	49.57252987551141	60.919275121479075	60.287567986339695	50.1378089360199	70.52902025354201	67.93797100258152	100.33496987149476	84.5328056281239	104.9812235215006	77.22609943467337
proV	P14175	28.78308903331197	1187.4562938656716	25.89756398955526	2.4356660464923383	4.4384086943414225	7.532239233420855	4.881212328634016	5.8780488329350105	2.601962562943969	2.1391495739224995	2.302038169276928	2.2115893987411206	9.382934387508326	5.719472063740722	41.95867140294309	14.188327767442802	5.451520403582186	14.082342790459016	2.5740890884796492	3.9679469221293213	3.736823108390174	3.038122050915623
ydcT	P77795	23.987386158136143	38.1260417609939	31.829142566275824	22.092987423610616	61.168493770534994	33.74796989344244	40.843471634524306	27.43642937381274	37.35457888529382	67.3698290927554	83.17038765156887	122.61131964361	23.16859896816446	14.221622609341479	10.615113853613014	27.325518441098133	14.515533218296884	17.627066460573065	34.94442572993278	40.60878458068857	37.955375872961774	19.532914774378497
envC	P37690	56.72797846258874	59.614414284595966	56.93685205995974	35.07721203602639	38.70249937192658	45.62015073283318	40.68832814275712	44.698645621956835	55.363790990475856	49.392450085387594	48.95545609261192	54.5281466048566	30.82109906175978	27.060297809916005	33.61560506105666	52.759987109601575	36.2905071032185	50.46800286230962	61.74148271454604	99.74110322286413	71.22413842389372	53.1461135706439
fdoH	P0AAJ5	4.158292683978853	799.7984630264441	3.3916167986923806	15.555968851934193	6.942966276740208	1.5589784174331016	3.5804902953554456	2.4267985933497074	2.4998947611167353	3.912452156766137	3.494723114118032	5.124519759986331	2.944161128274423	0.7792811490641077	1.1824061746231433	3.02041902822576	0.8351253986976609	1.741802802633243	4.322666160782575	4.931561404362597	4.136159898305481	0.7420556155318383
gpsA	P0A6S7	326.61039260566525	948.505929406785	518.1122746413887	307.1927666535294	348.8444187768867	305.5418980737929	300.98221696922826	323.34786955889564	326.9587454546586	302.96902823178374	273.6680071664214	276.06468112206403	276.9204250007237	203.78701256573092	336.67200507115626	261.5844537191715	391.1865693949232	270.1913442797795	276.58794247517847	179.16347113531145	254.5979714749216	217.01650831430433
nuoI	P0AFD6	294.1560240056575	1140.100562749536	801.0651593534404	244.35128143683036	442.88838004769775	525.0071021470247	470.92706736489475	355.89058219635024	356.5391729509916	387.322569627969	366.1794430965651	299.2065234187857	101.89069635997602	107.10557520050271	138.39870321756908	252.0244038710101	283.21008805325187	227.48935650823006	343.00568298241484	249.15095002255845	358.13851702532696	300.8719868673317
nemA	P77258	99.22467219156225	196.26187271452645	120.3604327309793	54.611191694005385	71.0613518134893	76.49978556140609	87.39399393131504	55.87471741683114	60.70751541263763	39.8595011179346	25.721340371020972	17.634941266098522	9.117813682431287	5.156114354517405	104.06135453377453	26.278680394745784	75.92435246256936	88.32413971109794	38.253409943085614	21.002451324935844	53.56017174733579	60.32223278076063
cydC	P23886	76.85496798790554	158.5534264102008	109.39164524636125	51.54552851434269	73.67619511625152	102.94993464242415	102.73871559038938	103.21005066406545	135.7399526340747	114.43078027896966	98.80072851857794	103.29182571352365	35.59623945661582	77.2116270006623	67.50656361894436	137.00794526975824	54.10868443014909	69.69067767161977	69.52271917099492	46.63122356797724	61.52958740909546	110.1125340610592
cydD	P29018	60.14526079005649	90.76707301497989	47.70289194714352	33.31650577811421	32.176615639267446	49.12407452824684	51.868811565660565	71.2679129118296	83.1736079599923	66.2197461610012	45.013455448333275	46.33184547842346	16.065530689974587	30.264376839486406	50.58198520182105	47.652033484446605	26.20538221955495	39.280387766050424	44.137433879832784	19.159359447886043	38.39209180328834	78.87133191640805
crl	P24251	1959.738254180289	3202.4937990466196	3471.436861678364	624.8339856870648	1273.8076120330556	1497.1347118984977	1315.539990557499	1288.5975055666017	1412.4089796272242	1090.5559632156521	772.0602299042923	521.1820562177317	262.7989012191592	221.190501875678	2551.113808359015	1676.2376682888585	1474.4140843251164	1893.52963157979	1439.323834174546	952.2706106051479	1344.5236347340117	1547.020080454818
malM	P03841	239.97386450833318	909.3789252500558	1096.1693044509495	333.2751746222891	699.7810891294519	938.3102801771339	764.0733904117009	577.6704878476219	1070.189682912492	1035.496487605615	844.7820692480105	502.0154142404553	71.42712517694302	58.524520953903625	103.78261688059462	87.74838807672775	144.80029580228515	142.18974306288666	923.1815554240575	562.6917133788402	581.7382089194006	481.04901426991313
tus	P16525	18.20101406	31.92198346	NA	6.105625038	6.763162629	17.27735833	27.16755931	4.979340365	7.452422995	10.16970181	8.607019792	9.356053274	2.013797031	5.021432098	6.835032215	25.78790845	19.33428697	NA	NA	5.278518112	13.88389523	NA
ybjP	P75818	1343.5340435622682	1174.322632431407	1816.7003334264382	1805.8072627240265	2105.285168228958	1918.757684717623	1978.7019964365375	1413.2704598895318	1968.627388476041	1960.4443949249437	1996.2184255483753	2132.77518758385	5520.6951175452805	4404.280929633045	3545.7431907931787	2807.0009046121977	3426.840337834457	1852.0705812021522	1728.286900159485	1991.2043250598426	1343.815166356905	1324.199412484918
yqjC	P42616	503.4114085	450.824551	NA	177.2788339	288.8716105	415.3753533	235.1446246	211.2023896	236.1938499	380.0845969	237.004617	221.5882168	968.7912783	630.2412239	539.650754	417.051951	366.7266221	NA	NA	124.4773185	320.3455266	NA
lasT	P37005	69.77783256125376	99.6755897300054	170.4198596977886	25.345053666527658	46.01700873567435	65.7914412652303	52.36303061704106	26.214591924788568	51.37622710005336	37.20368673670679	34.185942236277626	26.000502358270783	24.07188550510839	17.079868023042366	47.07067845716212	72.09318566991637	65.46710238232944	62.06599947629385	57.489556990831765	41.67976201114666	38.320180860554224	51.4415016932808
engB	P0A6P7	1218.064928851943	1681.2500519984314	1734.749554631991	705.6785050267787	961.7945216348434	1080.7748506528822	999.0064635781304	949.5864644943941	755.7536050658688	632.5980892894477	575.0512320545616	501.92597159898435	483.1311259820594	513.613147229165	946.8737266105265	938.9178102777119	931.5553391813328	983.0588226051606	964.6068186630326	997.54225952538	1094.0157806629927	1028.5367540268178
JW58	P0CE60	46.87732337240434	133.28319601665797	95.42767877957564	20.281365085354317	62.959549182322355	58.727441608439406	55.605941712302304	65.23150497119899	53.45944557401128	46.03240456654937	33.4240984606363	28.13071305021805	16.58994471800099	13.00430996362098	25.83638912567626	33.81761765909706	25.92272983935	44.18606448263622	43.54947544984987	43.48037270692918	50.55975294562434	44.710597449666075
ygdL	Q46927	47.75091232	140.2712023	NA	40.36129764	65.47883687	63.49364477	39.03261596	45.9003297	29.79735536	39.02938886	10.41598008	25.77673998	9.470689794	24.29512442	139.5094814	170.4721419	174.0296758	NA	NA	24.32199774	32.06141743	NA
emrA	P27303	44.30036216377359	139.2412829519943	66.6464449466731	8.470820704839303	13.349930499993768	56.70092800389691	11.3475212889504	19.856457973598026	63.322808909573205	39.229213220839135	17.682596712998166	16.23031644715555	23.376191499783044	14.922784044205802	35.91200842530754	29.930974029418156	43.253956093700396	33.71526318424255	10.099594923810137	8.646881766653355	15.7441918891291	26.977235036094616
sapF	P0AAH8	29.87589446	63.33130249	NA	12.26010403	54.00295076	25.37599982	28.60876993	2.022448926	12.29274019	17.42283442	6.186644767	5.817694655	9.214436592	11.82047272	105.8254717	45.95164938	14.80480668	NA	NA	13.23409256	14.72128689	NA
ybhG	P75777	81.16200460542242	172.59767156435504	155.7676837705886	48.461235412961564	59.3011796493415	83.66750110134493	59.43040110235166	63.20741977105839	85.4062665223919	77.49440213183757	75.87053961758777	77.21142333392149	75.97491421193394	95.45103038478666	67.77692405847606	91.86624715562944	143.69912804241417	78.78631761459705	64.61971354813096	46.922315293107985	72.58816158952324	100.42640115054469
yidR	P31455	107.45790891700261	63.07567499417947	58.161295109444694	58.096384303178816	77.43158105068376	82.6150359633834	91.27875383357868	61.56004525589	61.8844317500711	56.68436917407669	52.709926098203375	48.65557887305904	161.51095926235752	93.63336096787945	178.59338534817584	141.10472277951942	273.65206905261044	131.44388338009895	112.11845121352376	101.43050134543134	99.52050461383406	111.94777149716154
cpxP	P0AE85	327.875267191909	126.2273327919645	127.72609247871272	494.2633709788605	703.4040930241339	155.48075530032946	740.6333582520366	1482.975770319154	98.19295641115681	132.00305276276077	140.01025559868285	128.58329940394356	10.628542996152357	9.45955595593972	66.98149417573838	524.3256614390009	31.39705810025772	174.78887354346466	519.4304564045827	303.87076389568654	404.6046845785586	348.18217349173693
apaH	P05637	57.17305408597172	91.91423033785952	63.577670454108585	50.48389676577274	45.20481651255433	41.08623630051357	40.85439265318299	45.3876010073834	37.626659554760984	39.577770643665055	41.697439508514435	40.87784609758261	17.659054799472607	23.162028591565626	62.771699351269675	59.94160939100402	59.84998613981219	41.891889319075105	40.26025954736833	35.94078271179639	39.93443667239454	30.970556706753857
rseB	P0AFX9	91.28616583342738	99.5968660915719	80.03952000820723	66.13526761943847	76.37101246744581	81.28545653982627	84.59770799311782	89.4367911045943	54.32509808339663	56.95064335743984	59.30410581037631	98.88032856380886	75.72589480332583	51.12848626854282	105.06785976524631	175.91820296119462	136.31724531713238	93.42370673179678	78.55338598025958	137.7001410959115	92.6181662933699	106.09473377237046
glnL	P0AFB5	66.07279231708334	15.43026482760559	22.723263781828965	10.436868669696404	9.968999315339959	16.566469173946075	24.35892475121884	12.976499028075382	20.94122539412803	17.94393117805684	26.58349698635451	33.493856493065536	6.958856653847385	2.7182611574891733	15.409647034260011	23.19811959234542	30.929424497103504	18.36787867253312	24.606255488370305	29.175011655714652	17.517776907506583	31.292282529587354
mazF	P0AE70	227.4141437	195.5871812	NA	161.2985094	137.9483867	208.3345888	71.78538141	265.6836373	102.5042475	195.6510258	36.65561581	169.5615574	117.7053458	269.2462013	86.80244141	172.6825784	90.96852723	NA	NA	71.0046837	65.46380261	NA
uspC	P46888	260.1696994	99.03310263	NA	194.0888886	152.8816433	135.4990148	135.5008032	559.2950964	166.7746732	230.444206	318.1027497	233.9546316	101.0585433	216.7421273	70.01369479	126.6400622	175.4544848	NA	NA	81.69682194	97.94008436	NA
uspD	P0AAB8	319.93603818920553	403.11140668820883	292.8789934871224	363.85641127843894	195.4320964661931	457.2362163926818	252.89032394703779	199.7438048995619	224.47696588374527	266.22220541387765	260.05952570395203	299.7241756963307	1029.7618314106512	1347.6591367064511	1181.7582670884071	1046.3524357024455	1227.6909551999288	396.96972988797904	280.96798222764414	437.94860458755903	216.06402810314012	277.36900093503317
narP	P31802	251.24443084502684	815.5557210422982	432.8430493778069	145.64683303638003	271.6452626546315	302.20061666082825	250.0608379973563	216.24964899296978	176.52457446201024	181.80652565611766	151.14570385803677	123.98960240629937	55.27123006955497	35.11140841199716	158.70326779211095	301.0972244723534	183.03181870059635	209.56991188353282	277.63534444017046	213.63551179637645	319.1137094335045	274.526278248847
msrC	P76270	1050.6479964426635	1179.884601700047	1210.4708750514596	893.6498967955808	1047.4404790502972	1039.8024564580876	1072.3828777302388	929.8417925106298	1351.789322979946	1158.2539441745093	923.7202711857639	687.7501664448698	763.2399937292598	910.2285434472875	2126.8005328368668	1893.6252794458264	1802.2992686946438	1601.3839337411318	1066.513990204894	1248.2063578468078	1177.4447883772643	3610.2999263317374
ybaK	P0AAR3	519.1403960283997	761.1416968564931	660.4004303107408	329.9770635015991	296.687306683535	643.1520834589875	319.1413675004058	293.66403344768247	531.7695040235212	419.23789267790187	382.6789018059825	321.40528218643385	864.5721797537526	858.3812367296654	1528.7057489161145	1056.8397718871986	2601.0255412626007	897.1850350057189	557.2360138408144	462.43287431800934	501.80939872137685	610.8477383461895
yciE	P21363	309.0288302963444	177.3024069458279	142.54127505510127	390.5985349215514	286.90292611420404	387.76056132818707	260.5431298848853	236.1086791151021	282.6831263147338	303.2353373980238	361.62070034282533	454.60550402749794	163.68613738340983	192.45455570357726	417.7276848720662	367.34793327965735	307.1168400215611	149.30891122827026	409.30958309028665	410.3835855891669	348.8416194008414	169.940469403364
yeaH	P76235	20.33893182619649	28.57346130265146	8.021070987434063	46.143753039922196	41.07849136978652	37.40888169420135	32.75989553743561	14.270511282127174	31.09313333787457	47.49489745907102	76.16825389482469	133.98061556322182	57.537109803132466	68.59259356508838	24.96409693512118	7.442845482211982	60.80364159847407	16.176709588648162	46.07794125976217	56.57405197105018	26.908670420694335	18.504890622410983
yeeN	P0A8A2	2097.8016410723867	4718.387616950775	4987.80712551247	1021.9131311492864	1079.774086925777	1448.5241610979651	1136.00414646081	1094.2650314638524	1096.4541620291068	784.420999564679	573.4004686639033	376.0059097200984	881.1318273216046	947.4906928336296	2262.751510996317	1609.9418375181417	2276.083277350855	1704.7205974523456	1067.891804861984	655.6190530160684	928.2044065300213	1247.3783929050444
mtfA	P76346	430.7931365513138	790.0238314404793	1016.9697320807657	684.481357033246	832.4061146704965	582.1335278599354	677.8045806124387	700.1123143348411	876.7584904184167	1032.3164116986575	1005.9203584101436	786.889707205951	92.45034443619873	116.76479890280997	185.93674113114173	268.2158253973575	210.75816402510029	345.1024217976694	1087.960726954389	779.3016349898194	1001.1746074625185	568.1472151706336
ycbB	P22525	65.19900007	46.57306528	NA	37.19080726	19.62760933	55.24867906	42.6624668	39.17421745	58.7647877	46.08470101	46.43686476	46.84143793	104.4163476	19.25392394	57.88865616	56.57754533	77.50336777	NA	NA	23.63544025	24.35838235	NA
yiiM	P32157	73.74414951064375	67.45967811769637	56.85418357898144	64.25278022285012	61.924593517890116	55.35007693344468	65.12316104247867	48.83716583383962	57.02682515803584	44.29011328714567	48.82628097176124	45.14843201460773	112.06117540237969	109.95573406432163	120.63456140463502	68.1829671672945	83.86969840583998	74.2092695635919	75.74792381567461	102.54836222089617	63.44555662180478	62.226646427327914
yjaG	P32680	99.76058969687183	164.67331335532663	151.00683880429835	59.571257928234	113.47158374159254	96.45252471250046	101.54967932244838	85.52943431208826	84.50713458611189	76.34076544791337	53.80919733199549	53.61446638671865	53.47871335634466	44.467140598333124	128.50050885213747	114.41504230547437	101.962840343195	116.08775962633635	69.77903538446614	67.80952258422673	61.620652370434826	77.68584256261002
ynhG	P76193	516.2754513382826	374.50527263392684	97.18230303898365	288.84464892116887	209.30506490654855	611.2314880367715	246.17041030033806	186.61253567382988	275.4331798509934	253.4310010985754	220.20002348960298	287.80132851276335	1039.18346684393	368.5788302774134	946.7099579907651	414.72826445823137	1099.940907093225	350.13332252763695	318.8300318834147	361.01407287431954	269.6935588287001	354.52817007866156
yigZ	P27862	107.7482154	91.13450474	NA	42.92288576	77.49342723	54.65891816	48.0255642	210.1242944	40.34334987	57.00551786	35.4299547	49.31555728	24.27512062	24.51429544	75.8504964	82.1855616	78.95754378	NA	NA	35.84847566	47.58224412	NA
yjbQ	P0AF48	199.8392556	267.0201476	NA	154.0290676	61.77001427	172.9582968	119.3580666	84.54017552	170.7153999	90.55949318	103.6843767	151.7864503	107.8069342	72.6114635	130.7335998	166.178578	176.2029282	NA	NA	152.2495171	107.7935725	NA
yjjX	P39411	415.2773539	443.1228154	NA	234.8727058	326.9165271	403.0092085	285.6659855	205.2274519	277.8813051	230.2021473	157.0961742	137.24149	230.6373565	84.90439988	286.1806494	383.6034036	450.3616368	NA	NA	214.3214006	284.489248	NA
zapD	P36680	294.2063087891775	553.766975840627	384.99422229979785	183.53141193765416	272.6345797822962	252.10354156600965	268.8887087084947	208.35091354937288	183.91746546714447	166.25023677414012	158.10967242225934	164.48405975401212	166.69474298123993	115.22564530078769	252.55138817788566	393.8794401575295	280.91170274347235	398.07883031873314	265.5446365939024	287.17659263162653	291.63774218790616	386.1614171313465
yihX	P0A8Y3	130.54226127342278	331.360230030061	270.17112097517827	212.896597957527	252.93250235656365	154.14114250964306	171.1752498387395	262.9110060147771	293.5333970679742	379.19199551878955	470.7149616684745	359.44964109932033	71.24469502418663	144.78038919724094	165.30394637873772	209.97305219671702	153.78352400746454	161.00830173870756	237.87541168627192	170.7885503138685	152.25712620449485	100.4923216348078
aphA	P0AE22	84.33436571318735	1679.1630171565885	343.8166257204149	88.33150827505318	118.29020994506178	160.16376670645727	83.13320806785109	95.33669849958082	130.6437688698664	183.5459630748778	195.70421831270642	145.84340869434772	34.42167126072282	41.8555537995285	73.65671234018491	89.94992019125117	61.974505223352956	59.48886861637446	82.12742436716188	69.81121603258174	81.28137498345555	36.36584372030749
hfq	P0A6X3	1513.5696035563617	2273.326689389595	1815.672581616953	1083.943905660555	1465.8003896338582	1464.0069609865823	1669.4790743112887	1430.9319417452245	1301.0654502649027	971.6507183954305	743.7477611121047	695.9294372378646	1553.7821962016446	1160.2014779288058	2304.160477281269	1224.9261238816048	1987.4826680374688	1591.3557483627878	1186.6778095297832	1220.941187702275	1626.3809485727002	1525.226635990951
tam	P76145	96.55908765242525	243.33131680754437	138.04442653498717	183.46797723839103	211.6197776003062	130.42001697652663	171.3873056812578	107.9999727961385	159.84515899676242	323.64900993622393	360.18762504729534	350.6144669625794	326.0889353520132	274.0786062115201	178.87873191522402	168.44022050057154	205.4465156970426	99.0813257123862	113.78562399615825	300.4827965725093	130.480442890624	69.78199465380621
tldD	P0AGG8	371.3292114162954	471.7767976830275	360.12494599473325	223.2485020403486	211.84391216534263	219.65805132836707	239.566687282602	199.02682131560755	198.5181865215761	149.43017003625798	144.59157431820287	143.5843935303597	152.46118876268642	148.83599375171661	363.894202031035	461.2163312465908	332.2612953443403	285.94097628085564	212.48086603359422	209.70055598609002	138.77682340858684	213.3660326619245
ybhB	P12994	315.92921821251423	179.7212251777079	303.3981574137661	245.68416411438093	271.02538259637976	353.3756698068277	277.16391156820504	261.3250781139314	192.5970186081838	230.40978040890892	246.21863229007454	231.47592124103778	518.8674643030756	502.4789824608056	647.3287430887169	375.6063163921912	561.0989211747366	183.03328899743153	326.3939007089246	411.4416437426061	321.5441621873313	275.33603353992794
yceA	P24188	67.23872208684645	37.59452171760137	189.89262561785804	10.101325394608722	30.133504820584914	20.36195445779561	28.02393305570635	20.1598395961652	17.078812029659197	7.208235902040615	2.4754288482844085	1.9765097407669874	1.299027880274064	4.416816338885682	18.177218262507193	20.98265205516187	7.909241035423588	21.524595822813925	13.265511440842475	11.039494049975229	41.382825943443095	33.06852400015872
yebT	P76272	10.146569231214379	19.640174103344126	12.799265441464657	13.389473510894689	12.089067290473361	18.407023580709662	10.095192560744028	15.069101759061532	32.45464245572251	33.46511765722022	31.221351224238333	30.62641762407441	6.114017497847162	7.0911038707109855	12.595511342936282	8.172824958535017	10.690518661210767	19.638247252120575	15.591094569604032	12.107141648158596	16.752108669339616	19.76767083487106
yeiR	P33030	54.51581461169289	91.83568611747074	53.57954256963014	21.12374973067153	24.474527905204813	30.813347164391622	26.361120052710458	23.992176230401675	20.620131479838225	20.564316684453196	10.097607913589231	9.457855858450243	14.53658713923644	7.344551953496208	39.675524214574935	50.125182466449	34.929900863824614	29.61699432053394	22.571273886246924	16.39920883614733	28.39320195087373	44.13430194944503
yejM	P0AD27	24.015101692880876	46.32737666774666	40.00308657597146	27.18977969774317	30.80902074958969	63.90206143075549	36.33776051965941	36.253947582273945	94.15843294287941	95.17541445064002	96.23691947608656	112.0815062695429	21.900052613959843	24.667206717939735	33.23727583795198	39.89967206302529	39.35957339315177	39.77550807824884	49.32261540555305	24.477071678002712	34.728401731643814	54.695012044588964
yfbT	P77625	1219.7303499259078	1165.6045946290599	1209.8777445975825	790.8028054366711	793.6274620413957	973.4082757088831	1106.0290551513838	801.2338470021753	968.9189458470021	819.7832481321177	770.7082048430055	598.678668809724	480.3700353286246	505.42565062275725	1003.3895425131299	928.9711113437179	949.9773124809758	943.3956962215076	982.7490814988504	642.3304951380856	550.5543004595181	954.0584825197801
ygjR	P42599	186.19870476743287	298.6263853600159	274.6276620724298	237.25922216078717	276.2471063603002	223.0098967780261	249.01917582012715	283.9399143944876	279.329681458271	305.8605940562469	350.0435311390887	436.26577943660425	172.55348003730828	181.37564035310913	117.20957890838392	149.1958328567665	131.7142567440132	202.32885989021847	275.8104574375995	283.82323213738647	241.12339459458065	163.8538535041201
glcG	P0AEQ1	148.3334889628342	460.1058600580908	353.3931423912645	2049.734054673175	538.3079616094767	514.6859424775024	295.16964385075346	124.44017998435514	592.3919405352843	1214.2226976869229	1346.107769916865	1091.1091731357762	528.7008608172077	491.7933665540265	104.43000698391067	92.08245131430624	103.0196079126347	60.48999580626173	309.55473141674094	443.6499602028835	255.8679406443651	128.22424529062715
kefG	P0A756	114.8721556	105.253312	NA	64.88587919	78.23493743	106.4368501	98.58765445	62.42586608	78.1253959	182.2853289	37.32761903	51.82439382	21.06791644	24.35121704	160.9028092	86.14466041	165.9053403	NA	NA	43.90441657	59.95731614	NA
murQ	P76535	38.95835100542625	416.76393449772735	304.8813140070993	66.59761553296359	132.0591985577664	94.28734896247087	107.40903834222344	68.06231448212652	102.37647999058392	132.31652003007676	90.09874418103476	90.44773269436743	37.702864059865256	20.762946568673527	40.55839099246018	26.455268820470923	35.60734288370224	47.22015607183829	95.92450328420719	64.0403217894332	92.04413030605471	60.428560216177324
nlpI	P0AFB1	299.36217447448036	265.1453008386867	298.41629251834723	247.11834075035802	257.7596683988668	282.17201211252643	239.43423027474634	277.12892150691806	242.68852437781823	224.97406593784658	195.66844365049513	160.12604540658447	182.62755133504282	192.56301367256987	221.17833957378218	167.12656218305418	213.14400565993344	238.03571443169614	258.74499912305356	224.66035960332903	289.0352621893498	235.6966025456728
queC	P77756	306.4834295195908	551.3510017824568	494.5260024232917	192.92330761331212	171.41411035407677	222.89566073352626	227.50113594887188	288.230714200839	212.107618514729	157.88222661563276	142.3554699542485	149.1008577333797	119.91233903651278	94.70935353071833	350.64634441612566	205.12511996031162	284.99224318510636	235.05682398590284	192.86207810614437	132.48476664454233	171.0246021373998	206.01889126277598
ravA	P31473	32.86565769152562	58.84658510900203	35.56976130741143	38.43887941581708	36.96656503433437	44.498660841337724	42.86517340931741	38.54268845337463	59.00273129618704	47.795677765978006	59.16595042909684	47.21042332489531	52.342490081468256	35.47690458850128	31.411921015112533	47.95114421175306	57.37759365917131	26.91043863698479	37.888522054797356	23.446560702412647	32.96124269103849	45.88200113940691
ycbL	P75849	842.0165664682113	731.9140622756722	460.7024443002954	674.9019401474061	691.7844515060659	599.7476734562651	614.7377589236445	608.356035157161	473.7108036464249	614.2702880868487	553.3891305600403	526.7817472770481	136.73113841066572	197.37229284670016	452.31371361077356	580.433073151161	556.4460888393711	595.4480902547775	514.2563415572005	376.0607661641759	451.90403096058463	770.9306106594132
yceD	P0AB28	1172.635278960745	2267.873612689454	1659.0843725885504	459.72732878331686	720.2889444035246	886.8197607798352	843.2596990045497	638.4136562202318	728.1775660817882	545.9793309497401	489.1932408966476	344.99722414710703	471.62799360265893	427.3697832397976	1244.4681154341592	1166.6914425841712	1041.6017434868672	960.8813213038089	683.7522791094765	428.610266075658	792.9617905752092	961.343409097932
ycjY	P76049	47.96832877	41.62819972	NA	10.04449429	50.63095713	34.36103827	39.91189756	14.51456603	24.32459202	52.33846491	33.53323344	65.13461264	31.42046167	31.59443247	14.5812237	47.98924286	24.48531075	NA	NA	24.96200157	31.67040375	NA
ymdB	P0A8D6	68.83836315334408	73.15106864023652	66.49841316316063	103.35078461650853	86.2038807027361	108.68683532178369	68.00068236013121	59.0247834719609	109.81278072200162	103.4532900095861	104.89331354448676	104.78148984626479	221.98562583415517	189.94622353456052	195.353268561149	67.3936747280862	225.84043474163553	88.11358947768915	53.617284630122	126.81598372933537	50.52844575722691	55.35609985515456
yqaB	P77475	159.46079562001557	344.5542309814411	265.65261730717066	52.59295850786476	117.98519000542271	73.8283837735765	68.71989231962633	111.89951210439457	32.451746994440484	20.328875303487678	8.260343365420727	10.118523448166547	31.922162038858193	4.254118347333089	19.333837983085598	71.4412872372495	31.381888044176858	23.558438432173524	26.137945391112392	14.031772002896842	16.667765997430287	18.520532783939526
tsaE	P0AF67	914.2385362642864	926.1449359352597	878.5351591396674	652.3362945645512	738.1889984784892	758.8023384945419	888.2760454625	777.9932820902947	699.6481542860807	591.6733656338067	621.4360582414977	526.10920542213	542.9716176692692	297.59646049052395	709.9957355103855	1506.8610097658104	1066.1731168108474	793.9097683145968	720.2362450353876	767.769711547078	705.7890145227593	899.4304480239934
mhpF	P77580	256.2895806	200.766558	NA	77.0782265	107.3224911	135.7215062	96.36340539	81.87685028	162.003152	188.5454534	88.67581617	81.90797672	34.87787504	28.33540404	210.9796589	189.4218017	200.5413706	NA	NA	57.19437321	136.2218374	NA
ycgM	P76004	102.9628554459022	101.0303388427253	122.64372651196553	125.99572679063007	147.79064468852386	123.04054881670618	180.45534577788928	135.56465799494265	140.77555216447237	174.59363521525157	220.8474226998265	249.04441523337397	153.82047312812261	118.80783725184988	332.5602900260891	188.11071709166043	260.3222744969936	215.69441125644477	155.519319765054	357.40927148418336	169.47480649525764	162.41251137581605
fhuE	P16869	18.615577574917076	13.32444648303949	18.21999268976587	16.1521416776319	12.254835803848758	18.800798176420976	11.308606034662514	11.953467989654614	10.378560361542052	10.292158349821161	6.442971672266957	6.190903410595996	85.87957614394394	87.50274548060297	156.13497977148361	12.237654418515769	33.39689386414191	66.8972835356507	9.818237746221214	11.869428333332413	9.279376539652386	9.77890278511963
pstB	P0AAH0	113.1111668910834	183.26647072005449	161.16290623555403	42.22279834524489	82.84855543642013	78.1631440948356	117.6676890273331	118.7467208419753	97.33991535914295	66.07088766428976	52.672134833739605	51.033475205182995	15.665928739194946	5.345550613544496	26.951011671076657	70.1743590618824	41.09955558287089	107.64070529411777	83.57125441623745	48.480158351017984	78.12359078629908	79.0084309802593
ybaL	P39830	86.31697290561033	194.97260420015024	127.78730176961213	59.04130057356602	101.70205700586077	107.0000141293906	122.83509210180353	82.66022778394957	174.48849174136794	138.63512770457396	115.3210935012998	106.29649697601141	59.198598687641265	52.19128586288625	72.86744203726715	86.5949271585401	54.32934936133699	100.20937738602325	109.58126705337847	78.97014122890987	83.24317939267277	114.47328311413408
zntA	P37617	11.577466432706128	77.23731255937895	27.807071512127113	4.446494800931967	4.082882031232951	14.234872196639085	6.463929174776173	9.699015079615169	21.79847266361923	10.270616294980787	11.40854872132761	8.871340861759622	3.458562469486045	1.3957526443991952	17.115397363375475	20.201138556188383	23.778419015328744	11.92169312121558	9.65199265413173	4.881201422744463	2.97446192865479	14.766890969275487
grxC	P0AC62	4264.817959784633	8387.491868272296	8390.553213359204	4705.671388878569	5916.74945364081	5765.234524407757	6170.103351023819	5324.019083873019	6377.459866526518	6220.4550410326265	5979.271171006686	5877.350720098436	5421.879440419904	4895.191459947161	9896.60412108345	6971.80767506401	7719.699067784107	6500.758675181512	4797.390037514548	7850.4804974473345	4568.593005953837	5557.781580353458
ibpA	P0C054	363.4180215114091	2638.989409350963	1367.9282011481173	235.1966837200066	363.2213381855117	376.25635371387	362.38177232369515	205.89893000858152	398.8070030070241	347.95678928263965	186.02626991994947	113.01880547901678	131.87631637334823	115.80310019245698	254.6309510500696	626.9327830457524	258.5409936599822	312.1818196084901	322.00435699878767	168.65476194472274	380.4410150393992	400.04895353563666
msrA	P0A744	687.2491087600267	730.2724713915023	508.9667031708874	533.4609710742169	572.7762267177792	681.823656433624	691.664687662716	655.3727254181024	400.1444912418762	425.3910995758624	513.5603256381544	441.8396020147455	746.8563343752535	704.3999485032936	1236.0990996782266	825.6358205122831	1399.6930489636482	713.8931505700733	679.8075471041087	823.4548713948107	495.97635393247054	646.4125424825751
pcm	P0A7A5	187.8036360718123	254.6155864263236	229.0132046877586	148.99150987785464	181.1121780097748	183.7277723386214	183.8306599216941	195.98898765749726	150.95233572949493	140.4141213526118	140.65138471246203	146.58012185516685	153.7578890865379	130.0291233000569	249.1008006692397	536.3908007800359	268.6562901936093	208.1040242139229	227.8421318466388	231.90120060991802	246.6880580234889	197.8323428916813
ppiC	P0A9L5	1087.635255075851	1975.7513786539444	2513.2779614931574	912.1511724776651	1216.1387115893615	872.3598396907578	1305.099845809039	1019.7202740217465	1156.5880351789235	949.3667429170657	907.5378978900342	664.461786159598	205.19329395792897	156.72178676736536	1206.9814847880523	761.9410812050503	978.6348205221742	1372.99500236255	938.2798957517632	1225.9930033749308	1210.338507539457	1512.400467845769
smpB	P0A832	330.39712224696297	603.2930677080104	479.2879328666662	206.88628543785995	268.1002404649225	392.8819876786937	343.22723477274974	322.8330263707681	381.07437342620346	277.5408386353664	252.11525507808838	225.02923317317084	249.9480887842682	333.2487264294559	355.3608946057545	558.4745389683093	330.9236527665595	342.7119730074761	267.14649460719994	217.8074648388675	259.3145445726269	389.7885612363923
degS	P0AEE3	73.69419838892186	43.595911043676665	45.27605723953904	72.81759411462002	62.16975775520138	63.357811656559456	76.85989136206823	88.94200509373475	119.43622340150705	99.03600576976383	94.21602988701035	87.66500321725704	43.85510895125903	46.93871416257286	38.50609892327826	113.9459032929445	68.53317923370295	74.93715083031415	77.63047962672032	52.85012815057378	68.44541817047738	97.10454410456916
grxD	P0AC69	6421.407326521099	6032.316686666941	6059.699278467503	2828.5303336664397	3480.4159870398234	4494.275754560736	4245.1420023122955	3284.5048279747693	4503.649511406119	3171.3278858257113	2810.284255993945	2276.614094230527	975.6673907833804	909.8388817097932	4481.4970929933825	7715.034726872346	5046.992912227033	5360.051387921716	4286.729612354759	5100.147568566469	4255.83356266406	4873.819462735672
ycbZ	P75867	38.549172550315184	105.54003503660581	51.10835106995978	32.44682681510201	36.54695075993488	41.76108643879393	38.286560385246574	35.740840194384404	42.371784648458565	31.554501552764428	31.047791676416114	30.54724623205359	35.29638282091052	35.61571050059875	38.64910522665067	39.32712316666001	43.58477279431091	43.44226341392833	29.89925751509194	28.560391202710797	30.907690606992094	42.111537478893084
queE	P64554	192.38390792031052	619.7133340058155	270.1156453007984	94.68632719239689	115.5151285706937	107.1549721662942	150.3213649843124	118.56342033321603	118.30221955680813	87.7353986968455	72.35798121633509	61.03937853025068	35.69718150309683	43.682504185549064	187.69289006779238	159.73579677016363	196.98103417535688	157.69980129056847	129.0430702043418	89.71282851713377	119.01953031355426	200.8386168846449
asmA	P28249	24.518120962533402	41.191830329224956	28.029732227594582	31.87555761396749	32.39669864744429	39.110688375670826	33.39913928461922	38.699342076386046	47.1544761801276	42.69678872263535	52.422005623459185	47.57756521711392	13.423074994534417	13.553118761959375	10.92965742300996	23.003079770252516	23.254195967444392	27.106874161773508	31.65539644447719	26.333500069808935	34.22510973357542	37.39381274573301
ftsI	P0AD68	11.484299794254321	26.249905450673868	21.570867078767918	14.86129360736813	12.112570653761578	18.554650144775362	13.73455574422972	24.938583011711025	15.982928721277077	10.016589019628919	9.275952338389063	4.615939514557107	0.2601291832121193	1.2634788698223642	7.40303327611159	16.19705469223732	12.215293217701413	16.56403101663782	20.38344123119959	8.927356833196267	14.675403128093548	14.130376104041654
lolA	P61316	716.1444349355983	1385.0527057229149	826.8747403959599	642.6787027037157	567.5779268187466	753.973307409079	686.742758524713	663.2359651012123	434.00340927570994	327.3948587299039	280.6849429096602	242.3854160028131	619.306870188571	523.1834496053034	870.3354675887541	603.7206936270762	830.0463329862804	621.7092071738355	445.3930575337168	381.9431986124356	353.07713322788106	514.5779514134762
lpxA	P0A722	974.3173892116736	1486.1726639256565	1210.8460504041636	637.4117490498462	858.8058268788641	942.9534004806402	1004.5097808604805	1010.49782981297	828.6694803494269	765.574569263909	649.1172922852603	617.4039919978586	405.6889244541308	385.1746367986593	778.318103969132	887.9212859583052	648.7427299736935	1022.986420672444	993.1779587719559	839.602802134437	978.4924976356214	1112.0806154609206
lpxB	P10441	30.942476833936574	64.20729954563168	55.122200089275	23.180232954170066	28.351357271362623	29.797170776743762	30.490932304433798	33.331009523220246	29.337528240191087	26.36321673922775	29.64316878917039	30.635175326867866	19.497036420524044	10.840953667225401	20.379274631751024	21.264568917641267	19.0102424659699	25.225228158567898	18.270876603610997	27.87647150995379	19.506748310793203	29.77796306044835
mpl	P37773	353.2803943547389	705.2497028764932	509.8894345812668	212.5513597484578	221.13478753804472	248.71949157468043	283.7910368845986	270.84167648924927	254.87716888496408	186.19804060008985	199.6461045394275	165.49248601567524	109.43930059104237	141.6388948101356	261.7295488634987	324.9586524595789	191.84529068676272	334.13613409404127	248.34229753719166	192.66919495157842	256.2533891111034	247.82513694226975
murG	P17443	92.03209280132904	133.11995317000063	98.30420952365733	74.02429816561859	60.608890272844114	76.03927212610131	90.9692389659316	109.24734417102594	88.51278129754392	61.94459550651844	47.466299066370794	52.28937073228582	58.52814212960923	48.169748187329304	70.40668165272675	172.36113121332332	98.92389491728856	107.36686014334126	78.37437803331872	70.60879772533077	97.35121167094374	116.03544767907312
tsx	P0A927	1328.8722619515008	9241.681993669214	1488.4182477686495	627.9197553389155	864.2153265851942	1177.8245127245775	751.6587068442329	725.1201688420642	1174.7458450885777	984.3775097726375	942.3678412225541	774.234320940417	645.4575194508545	611.8316419308336	1097.4491395621249	1167.2655448562311	1262.496445668576	1044.262991573716	1064.2348831330376	497.4646280582134	1060.03499180781	1255.573444641568
wbbK	P37751	61.45411252760058	178.14656992382893	98.28439802031899	41.677697619920416	57.32162733063417	64.62035321664766	60.432060467984776	50.25375625486007	97.8442075923348	79.70114273487403	53.58137709506399	42.51101701755623	29.64015306633127	25.876497922697936	22.763521312902125	31.053902908527142	25.156525558497293	43.1138402755005	36.37346156723386	25.858127241981766	31.786246019691813	40.02416847214686
kdsD	P45395	83.90815186471447	158.7362484673247	131.9380141292533	64.60841774026674	75.49980026059401	64.686296062885	92.78651105203363	90.29975572880099	104.15711239489362	77.5640181622042	66.72882754018654	51.60409960374461	7.2474525908652	10.666576854009772	35.09525201984907	110.3416964944389	93.4099154682029	60.47121305158982	62.71633951040624	44.50831505650942	58.29748091164249	58.80014393909023
macA	P75830	32.293339855760394	25.86595661159819	56.064852668396924	25.284986756255254	35.31442760919416	54.20950190564879	44.11177981164532	45.6113686808441	67.33775097845039	63.588553337136034	84.57045464110432	80.44882796064003	72.49748961145278	32.638856546145874	32.252005745083764	67.76117842801314	32.98769030960824	37.135824679452256	54.246532300034055	50.80987298480785	37.16750877084636	56.37350712814525
mlaA	P76506	343.60715490718906	717.32312288783	504.1046875065414	157.33575529133083	243.48650042807694	294.35019686578494	245.68123399623633	205.53882102685998	208.87302680191746	182.25147406342734	162.45542636461278	170.19228828290028	208.83800163052211	206.0182427828947	391.9572669799292	271.59931223840545	297.66195214608234	253.00749051159738	196.1115466270252	173.6616253769901	216.18939034951816	235.25340838242784
osmF	P33362	118.33021094881336	76.26298688120491	97.5272756564748	95.95988595837419	154.84912110540412	158.7565404653274	136.17048112633057	106.40757522854874	99.87358740471538	130.74413349101047	158.68551404415447	162.30205906823016	159.92085434403245	133.74708561300434	299.34085921459047	153.6910628324319	238.8214402075361	124.06539285115129	219.83563418106553	285.2149327817793	187.61018969408505	140.70180614703514
rfaC	P24173	61.98626526	92.04177458	NA	24.16050499	32.07081516	46.3976544	35.72410762	33.2328733	25.02863516	26.86804005	3.767375551	11.07513024	1.167025718	7.66124854	63.14863228	62.99812637	55.49413289	NA	NA	9.200544981	46.2671811	NA
rffG	P27830	41.207311497383394	142.80257952392822	93.53486401482655	14.605220850282052	19.02981572173634	21.54402844413764	28.92707398009242	21.68131145178859	14.595496457395084	13.030025904955327	5.1288728592908495	4.091088701823502	7.6589233239213845	12.050970497007526	19.917507978908336	22.05917969434833	22.29853049349066	23.874645657446923	11.759303855150364	5.12935538498996	21.873574264443345	24.450350495059315
rsmG	P0A6U5	409.0454342899874	716.4422150250304	555.2061865416374	269.3852964379379	226.6015059293194	272.6448570623061	257.985410875824	212.49674707155245	264.8663314114005	204.30802361101448	158.84023266693498	125.61431668884157	216.4552408562956	201.28947664928293	428.81789372073644	479.02127029296537	336.63266551589237	387.6635926846575	232.1724108683333	182.58064789291424	237.6484786286631	320.8627267173879
wzzE	P0AG00	139.74992224892648	299.55314658453807	170.94310394800308	111.52308408468282	114.49182594650983	131.86242198151933	116.80632332744405	121.05399262657997	150.07929472037898	124.56422359724877	97.46409382002537	109.68464235365663	40.61545045250581	63.176554919439255	101.85085296613057	113.41112371758804	128.6234765860599	139.55629074809644	97.96483379515074	64.0024602211309	122.49742946904496	127.67486075875874
helD	P15038	38.44586780420638	61.407681728987676	42.60790000447583	33.98815330235141	32.074146533649895	39.603060361686566	36.56520135295532	36.67209105435975	58.87873592607919	50.223880655754236	38.6785543889293	37.479869058526056	25.034457096141214	31.05244488713679	29.9091694426449	52.529533774546536	51.96810692485075	44.516110131119994	31.391309625575666	19.520988193915482	34.00785988163099	47.256840950132556
hupA	P0ACF0	132931.93736664343	278632.6302509411	183555.17876670658	73950.94584379994	101839.56844624157	108914.14801622958	135752.19961472185	125620.54295371674	95458.15576651195	86223.47195760673	71745.87167940768	65847.51759736982	72526.47667878683	75795.13031363396	130782.24231601441	117478.85555546149	123189.95397813528	134242.98990829085	123301.37022905854	91754.0099919115	121273.46795826337	118655.5869368738
ung	P12295	113.04264070513497	193.5529481237026	132.70470878283183	65.58147616522956	69.28318823810119	73.59991074814623	64.44890860192325	59.63701729705757	60.373866775160764	63.98099975026342	50.11161574781827	33.842472245902584	33.50468155179384	27.71844405034012	117.15245800239877	92.57908137989473	145.61099784232565	97.36327089332947	73.64634157231671	46.32460247305913	59.71819243479223	80.73698608769591
nudC	P32664	146.55577566224056	133.1402864598879	146.99487020478432	76.7656902422121	101.712461100238	104.38241029896017	109.13574548583496	77.54697476980047	82.7062228950786	70.96907638198347	57.90208570805426	45.66905734463572	90.88982141244792	81.68788077689199	155.09692471015842	176.95890059939788	216.0279608322733	130.32546068928482	92.93306353132984	102.12129787041506	85.2655516909737	118.37801315204337
parE	P20083	39.38237115842719	99.52697167420409	53.391458153033135	20.75206732098077	31.10136861442046	34.514828725621726	37.772539647993064	28.566214935543762	41.366006926611036	30.745693380478937	23.561805447990753	21.660520985702057	34.86759318970939	15.277090611422759	49.00107607586241	56.04621926622662	40.10105499203579	31.096238506281942	30.306663376093717	15.338857641806474	23.51586326462679	39.590351567742246
xseA	P04994	34.60973442445184	34.622687373657655	40.33276845344369	36.1263553244118	37.041627123224046	47.285082074411335	37.76741273482248	34.69392320175416	67.16360770112072	58.79350134480676	51.916998617517905	51.842230293371344	46.556191440516805	33.595091125351104	66.19055349207184	72.31542732413344	67.020086460485	56.838176008439135	40.064546862659924	33.77484840875724	58.976407618550674	69.50325097674775
gntR	P0ACP5	577.2595964588081	971.8367857555829	855.7987690997903	460.67989059204285	484.39868748707835	546.926982079763	612.0924482668017	421.63936712185637	427.3727348927459	362.57722247823955	347.0436673265749	399.9266252756549	1207.3741619505843	599.4010776131943	863.5693325674591	995.8623370346866	651.6416281871318	854.61412572768	524.7787173848179	580.0511000878109	525.9401954585969	625.4547685582305
mhpR	P77569	11.387420255752836	127.89257720270143	56.069279199806914	88.15343724810315	91.8312391892162	49.90605401963815	25.46911917888661	58.994298950155326	69.84205437338026	109.45236074455798	88.29322029899572	90.7699001370858	12.365442413611238	5.928533546892849	22.394921387970744	13.023472089283011	18.421952806564242	30.019114720693256	124.2965269579867	72.86074074753505	98.01081012930165	45.69295694503259
rsd	P0AFX4	238.86174859978868	370.2222055476296	291.49508603057086	284.9273004373811	411.3010464644208	385.85871245890587	393.62307884769035	442.49756395757885	363.46716043170727	464.6761894891918	492.0907819080135	344.3110610301278	100.19192236074004	69.25577395726616	308.2167998959972	385.5543620461209	318.5510213228285	238.8729164537811	464.4660101338289	462.7147234085712	450.0713078978345	298.66733882150425
allR	P0ACN4	205.51011535443976	178.5136571525222	219.65648934532467	113.13092878449514	130.05675638468585	158.7193848731048	153.55067417321177	118.0673425734575	133.3264079820437	101.26359586749923	88.67355057426063	68.50256779217118	102.87695726443839	92.73523779316027	184.92431403470607	377.81601347030437	226.41101451363477	257.66580153657543	128.42897382467507	125.4206313357262	153.3429213449725	193.40090771546093
ascG	P24242	16.62425097	44.32606283	NA	13.12294569	44.31430181	33.04103632	29.99289202	23.56951943	14.06805174	5.864248288	8.425895641	6.123011652	3.503716704	3.863039844	27.76414452	27.22932476	22.64280051	NA	NA	13.94838357	20.29209816	NA
hdfR	P0A8R9	72.99496819	180.4227004	NA	48.60691654	156.4129071	81.58801741	65.03828563	49.86794017	46.88351438	31.36980846	177.8474075	13.77417911	8.159711358	8.761875579	116.908402	100.9756463	90.55828193	NA	NA	24.42638296	62.3462796	NA
rpoE	P0AGB6	388.78811623435	564.5922705692898	326.0992669420704	170.07601780434263	252.40159305526657	313.8328652646452	272.6414483463506	363.30118933604217	224.90585516790225	168.12007184606244	164.39911444542332	154.14200762544485	184.39418650205872	210.67176665918961	283.00568302436955	496.3086611949112	394.5015656573411	349.151334129408	226.5358927391932	239.1883780393244	258.9288469564619	290.23756616350255
mak	P23917	200.69267324966924	267.8038400472871	374.35336681986723	225.94886171007664	268.8997515192413	253.39924670712	321.7948667974976	217.9433670276898	199.7109043946643	233.58219050399424	247.28114908770928	291.4417439696364	176.92618754661748	151.18527378740532	206.57464914994998	199.23497614041025	261.01461153208515	196.58898203602195	261.8766934824869	256.4767355362278	262.5836183889373	197.89819089184283
def	P0A6K3	886.0005926565133	1541.7604214124876	959.7902791197716	295.2542001001989	330.23576583742414	561.0916847947626	336.933623142803	309.169083687792	226.0547138612641	166.42505059623412	125.46824871513785	126.3414558942157	397.2229759862577	397.7074721115237	681.4825865276675	776.9520918583238	575.7206496347701	593.9203617132422	624.7391895212803	316.9933703018772	453.78557099828936	528.1378892148555
prmA	P0A8T1	201.36091331712538	448.5550102632032	455.1173790207864	119.50261584513079	118.18002042640077	160.10830441158998	124.11550000994002	100.99092016366936	113.53967389289649	83.23028840892873	57.284816008129326	67.02921617707267	130.4330629152066	234.5778910167456	318.4353286919581	249.940942192272	455.31166386894927	638.9701718320457	108.41921464886195	131.92117815899795	124.61562032627171	138.84587954025696
queA	P0A7F9	415.4976655756935	893.3194474635757	416.0090803578108	173.50836699867165	204.31460721551775	196.1635245318976	232.82033567418475	137.0519550886336	187.93111380296438	148.30885338420964	111.44730312765891	96.09174367547405	105.77128482157141	104.77561184615092	379.9427890588121	374.28462912022457	287.3435353130767	334.2521718168788	203.11174754741756	163.70559525169836	229.51736585138505	289.36611011578424
rplP	P0ADY7	33115.17045082486	98439.24317266836	55900.65888166232	16059.218053341358	22880.154517793762	28384.412142944584	30151.69814717255	21429.150046447183	35189.90871253547	20240.63031997789	17245.042945583224	15616.712207606359	11505.894640445364	13068.483003189736	21528.708992871594	31693.550917637123	29183.223552756514	35077.74530840132	25872.288178588668	17506.893115602037	26479.710426286696	44618.61309534845
rplR	P0C018	6145.8050245737695	13820.844781907948	9135.740346482304	2598.8479734513703	4078.0463215832156	4610.627236035745	4899.927057838441	3452.3112162134425	4045.0347033832186	2872.26348971367	2217.5605732582912	2036.027456529476	3533.628979712276	2584.273140346625	7465.048560442237	8022.682686463785	6006.310318114265	6189.329854758458	3957.6009279030595	2912.0110541084996	4143.837403309694	5513.90314979564
rplU	P0AG48	7357.862993190992	19424.24512632963	11680.703999946285	2979.077938853963	4345.111401740672	5726.092193345524	6254.341232345357	3970.614709587854	7579.871300303121	4443.463772913346	3826.5260503084073	3534.262610066783	4155.792212664311	3364.5922564983007	4332.562728782776	8179.835710730091	6255.930383144004	8109.82613359083	5335.212653616831	4313.499657533669	6327.7641728084345	9537.993811148724
rpsK	P0A7R9	10768.814787511352	24642.484848898443	19504.35906907496	4946.778236782317	7687.735614406398	9319.223005425372	9147.236338534427	7876.83588635472	8789.561281855706	6069.689798743779	4184.882577785119	3674.17901325029	4173.658534087134	4768.577220520427	10975.490284713049	15121.759415012224	12361.848869982885	9932.616027753458	7555.723561089304	5181.492580894201	8122.498731429598	11421.263298509988
rpsL	P0A7S3	2321.808756056463	7472.992766921067	6905.568951023915	2053.5252076540264	2793.0722445755196	2484.4329191785937	3480.9384221362407	2341.5943336866535	7217.604412058825	4276.901454154966	3867.61734156864	3250.0165390849575	2208.127503609242	2148.135210731107	4434.166376865106	5608.734008138229	4066.213331803949	4146.318565282622	1942.3145184601526	3054.361348097051	2723.949543926721	5136.569310232522
rpsP	P0A7T3	65081.701182138124	136596.0094866305	98584.97529047162	27682.002023807512	40731.07119200803	53818.94916955565	51815.26559991593	34970.85233063733	38457.669783082805	24935.347763390073	20467.185139801968	16640.946869900687	39056.77289407163	28165.46483330263	71837.69947654648	71626.31418524489	69710.76666069427	69775.46546222571	49472.63835299411	36144.041610761014	51980.21364190439	72099.65980585568
rpsT	P0A7U7	28842.620095973154	74646.07680124762	44450.95317275849	10865.71733900959	18262.48467718516	19944.942897476354	21077.022458830434	15928.718507534522	19043.991119792365	12091.668448096332	9291.31334079189	8041.767145871551	8935.450541523871	8750.985491783615	26898.01595590312	30295.020595013342	25222.321534001076	22164.037887890434	17347.70575226908	11077.265253100924	18125.9931997365	26995.48177392396
prmB	P39199	1404.9378933720275	1399.7470255818473	1059.9113827685403	716.405435287565	883.0348403600226	956.9979201814482	948.4299118606258	1145.7592458449228	867.3305115498409	807.4666461344693	735.3740038600355	609.7479133884108	423.05348879507676	379.0231496471822	1015.0710259331282	712.094349921144	886.1044649342102	950.6061338692549	874.0290133185434	624.0162661000412	614.9292046635164	865.1496691043711
raiA	P0AD49	2153.5543392604222	14293.3554123685	3810.1064475074336	2222.685739556897	2216.641429883757	2417.513029726614	3724.971135276793	2510.5161255432185	2068.158087471562	1730.5999990202597	1504.396759758176	1295.9448855354353	2087.6933873347666	2754.530419846508	1258.8709220071285	4186.067747666705	982.2557317132546	2630.8197394835074	4017.004647027884	2173.6932860451725	3410.541575120716	3238.964830729243
rsmA	P06992	252.63984533930855	450.81374526897787	318.63054090528095	110.86441667351814	132.15652166287	118.28542162293044	171.54694938631465	139.52494408483918	103.53640037178704	77.87168197675655	61.040000022076235	66.80891479880171	103.61140214735515	88.23518993940093	156.15269581201798	244.29188869273312	176.36857583998614	153.67647414914447	118.33312940824275	73.86775326574569	146.66166473074122	178.34029370468554
tehB	P25397	224.41344560329995	235.71216664133672	227.63316969928593	173.34108602757664	163.16660098817545	184.94288136702372	161.8392301077475	146.29789869050273	165.954081749745	157.39201598566615	125.93984575200331	95.50208978678664	561.968482328311	424.51834748301087	865.119123122388	317.12306281581846	341.90838816655867	282.4074692775251	163.86233355304248	147.06518815036642	154.18607922200187	199.8161182570909
tsaC	P45748	414.07507570013206	727.2136678450588	601.5853278871105	347.2480799497979	323.85994931396056	415.91121009464166	346.54730797846696	260.4900610642438	292.47850299290326	223.69556082202652	166.88403578498458	175.80736627071119	250.75504507773067	250.8380726591449	503.251144028926	336.56919218490185	573.7391127426205	496.35316237805625	324.22298744807284	305.95956944984295	368.04318794560726	420.97122899018456
ispE	P62615	185.94796517167714	160.8712737100069	191.0406687028371	158.0628800231101	188.63241753610066	173.5874832203187	219.90832914429586	189.70566883659447	149.91114081512728	128.0956344515628	112.99844519206697	92.62701151881298	82.7450533366013	92.00131935499307	150.99710705223458	220.90472800221292	214.88843383301833	79.79668812559815	156.0522539421323	119.96557306326719	169.94910706229226	159.18314359378874
ispF	P62617	1486.0054345547205	4892.532545477116	4746.354295917968	1169.2118176164724	1228.238212038998	1195.8682960122778	1549.3418534978305	1226.5321389117628	1458.3946678859827	1219.5344762313657	1086.0265138221205	991.2635762157333	689.6955646768665	822.1428318110939	1747.7845436227997	1437.7796459080882	1597.4523670721135	1641.6062815133403	1652.8170739707814	1132.0227910892056	1692.7648100298272	1600.3492884609316
bioD	P13000	440.26567546439435	127.21864053977896	459.7876135760887	315.0116073895907	255.57908560182935	213.15839423331255	201.53209378926493	209.1974983210425	304.97402525569265	228.63505024978647	170.33304494347183	118.54391604706886	222.20658189330874	254.29721759844728	617.5498976516188	606.3129244981812	426.9026705886877	278.5589150244574	160.28111337074657	167.71958168216563	164.4642708302411	211.59654632786848
bioF	P12998	72.12283400644958	98.04522716128737	137.7067980004157	98.04289181154584	78.77313398089002	81.35766284025233	83.9320372048248	132.70165836701054	71.92473760137383	57.02921834404293	45.78170743546892	35.379085375126074	38.69567537284614	49.90373704574791	126.26666550337688	226.93463087080988	74.74621018533847	128.54716414287955	89.46764511498571	65.89616930282912	75.35253120638974	111.519258497627
folA	P0ABQ4	294.7977618972523	570.7080129997911	882.2139216692494	176.9601300073166	315.60702110781233	244.2300999363138	297.3289434337359	283.74360097743056	194.35701206942008	178.26003100605132	154.8101155042522	170.33087991777688	286.5240116748136	251.86486178784287	222.93363829923763	231.20184815784032	248.90711190882092	218.67896169439803	231.6612298893786	174.1875489913893	230.41932539255825	264.10341423276986
folX	P0AC19	1181.8886301068214	1899.0685681308692	1789.387625874447	640.0187708812063	1004.5903053861276	1177.1293715760294	1204.3034200728923	839.6529766713709	1127.1829172462253	855.0560540024014	695.3035432491702	526.1337390168256	1336.5915820038101	583.2748210117364	1540.7876089816605	2029.087417272845	1521.463503531758	1513.8861150536088	1002.4994057868009	669.4636289402962	990.6231776311721	1374.6199843898783
hemN	P32131	77.28346490256912	138.66687990100945	83.29052546692917	54.51456835510435	70.20457799427014	72.56923159348062	75.44368196893909	76.092055346629	55.056371564649176	54.00108983591944	43.310124559555724	41.511690809827854	47.67441712671111	23.474520765598726	59.06708638374233	82.50536637514962	77.44500058655161	72.5348752432337	81.26711673252088	69.75365125776139	73.86440403137772	93.44231001650378
nadB	P10902	29.713528447117543	9.032238775994822	70.43710999220212	9.65480872923954	7.328938276789097	18.067964285000674	20.621038736803992	27.95751147958225	25.085452796241928	17.481839850960007	11.136686386427767	8.458320559388971	15.424191625033316	14.503967590965784	29.049555586019313	35.53159575284689	40.55171302769194	24.094759089264155	21.939763107054645	9.794552666517452	17.020172394543394	36.61210744639959
btuD	P06611	62.84186445	105.6447305	NA	47.07466716	79.86152207	69.04016459	166.6415932	45.96786346	67.99115475	60.85673407	67.72093186	84.17762143	12.90656795	18.77697486	25.42605041	162.0841633	107.9937344	NA	NA	48.39587715	119.4765427	NA
moaE	P30749	458.1573645963714	485.3431492621988	373.9068228767111	269.2523850582292	235.29572141847885	301.3701433407846	308.1335084072479	300.09902702538176	210.53911117120998	123.1299643456149	107.5328565755016	98.40023690525693	444.5995595433645	411.2924272874188	1006.6609409490106	821.6215750557355	765.7287420229708	384.9165205231328	332.7680455319577	219.45727242985743	205.11354710005216	297.72627038296906
rimK	P0C0U4	49.50392339	91.92248764	NA	22.50561812	45.20521385	54.29122523	73.67205889	43.14742866	27.07740952	59.42507649	11.31325027	70.67921397	3.485915605	11.26446437	41.73646923	41.26056506	29.89842145	NA	NA	16.84405565	47.20243748	NA
alsB	P39265	18.892933876492705	172.79341066091806	199.41688036971286	19.25382464707732	68.07553340795353	88.20200788837663	39.53936094796086	46.61758930190761	48.37396088905267	58.8931234975343	62.270692853958636	73.36484711638171	5.575643503094042	5.1190263211911144	13.339364750018172	6.619148705404893	17.911025035862927	5.409173972999535	75.95288799118725	39.00062531531558	23.641683894947228	15.975902576037276
rbsD	P04982	177.06104207368531	700.5541903086952	354.09913818918574	576.9606610403633	685.2537337582598	374.2712795705513	436.04363602206115	598.9642903779549	625.5516171683552	820.6591658111514	1139.0780192426632	1294.8402006351437	323.49400310124497	260.61243220409773	211.43714806888576	375.8625176034054	190.70197024586926	213.30407534954523	618.5905676701357	1426.338071179703	670.2659853644653	372.15260284953007
rpe	P0AG07	524.0828865	557.2566873	NA	147.2528173	232.3894643	395.2598909	243.7703106	260.0270972	181.0356887	106.9619184	72.70093609	68.18361492	49.71603135	67.2124701	246.4925803	455.6373148	322.3305724	NA	NA	132.2671941	257.502307	NA
yhjE	P37643	467.3728826383341	91.5293610531814	114.17948474255134	106.4252682339029	317.8687731804674	508.40168402084004	446.8635097522833	182.90225539698486	439.9512271556599	363.88704893432816	329.5875550182125	177.51641906591664	72.80805468883149	35.10237334464315	204.71393241967652	583.1422480765976	145.96631591979968	284.6104690880241	342.92806351171623	194.7553325683204	362.12658458659394	654.4581645731092
yphF	P77269	24.01096627	3.613406758	NA	4.229864336	10.93395177	14.67613668	7.106119217	5.816431101	10.01098989	124.4524925	7.314747385	72.43622921	11.55471839	3.901582964	5.826064332	31.74644688	16.50283291	NA	NA	12.12151258	8.287688265	NA
nrdD	P28903	30.117769934494795	52.43919591110928	29.45670483326955	31.513426132361197	37.02476093029537	27.174464609632032	47.60572409974665	26.221907863245168	63.902253610637516	63.39784207032789	48.365914510799996	41.42856722015736	3.263667057351649	7.0623154292072785	38.99091671568981	37.58843843528578	9.290872089292044	25.794807341654803	34.130917591553896	27.087843961546188	21.565922273546658	19.212658343790928
nupC	P0AFF2	121.68285541740688	681.7496536489618	166.72418443127475	71.4169383309719	54.774807961315	94.1906753053377	70.01544840122527	56.54263337500675	271.4589590797791	221.92471549861034	162.08960307938827	119.74874864022065	18.08281118234237	46.75354484713263	30.098917905357855	67.55171746329678	57.21276554460653	75.69904484270955	43.47789148561216	9.605693806796841	51.03773393570444	170.9499331954131
purE	P0AG18	3610.3927270811646	718.9631354255082	2287.209052874694	2559.4820816074484	2076.300090586307	2323.983712003393	1914.3773180905296	2302.3552667828358	1877.1565812442684	1495.9794314282667	1260.6484719801228	1163.1070793364777	1582.4975703383811	1611.13937703907	3986.8355014327162	3982.7268426605488	3654.654786782745	2735.503345022962	2247.619376241889	2069.934802911481	2445.6293340713564	2819.481121342448
nrdE	P39452	14.365888318177364	8.018463875148434	17.344191773939595	8.144679187256799	9.473959810947482	11.426664274932408	11.900932267920952	14.011183634585608	24.653158591083645	10.753610530123998	7.224386084388516	3.977390410673133	7.37225076232156	9.695424049141753	39.9439010450481	8.075752276293933	9.054796583373575	40.41657162200795	10.080118243844344	18.126929591941476	8.518352290081827	12.852819563143203
hinT	P0ACE7	1990.373895063647	2824.684523330104	2718.213804754028	2055.6947491990254	1968.2012784736437	2284.779705907434	2151.204067127695	1559.4481292459313	2127.492948125329	1998.6965138911687	1816.8049083108292	1398.8435348370529	1622.8544982914639	1634.510934829593	3203.9580551616946	2969.9793582515167	3186.4710950031376	2484.128618304981	2181.0392301838174	2139.959077551029	2114.870738941016	2095.4813568244927
tadA	P68398	26.39052241	13.7358072	NA	18.6561226	31.49882616	44.86827762	15.28135734	10.05698787	35.1574192	23.02569999	2.377946451	0.565939586	43.50821369	36.03393497	45.44589158	47.44008151	35.25811063	NA	NA	17.73003934	57.45771108	NA
glnB	P0A9Z1	1275.7533633107396	2123.259709375446	2455.8944375730366	856.6070892057027	1296.6759550886914	1024.007615372763	1515.7010381491202	1323.3623982041274	1388.0397120046855	1108.454050707675	904.9932389146395	713.6803168528461	796.2569237562022	689.732619692056	1874.6282402495783	1103.7169362787733	1383.9093111194331	1372.7025112933732	813.5565831499142	890.2410260817538	1205.8519673736964	1314.5287011089006
gloA	P0AC81	1966.4236268100085	1925.2252758730097	1960.2036178831038	1204.5554579578622	1706.058746243347	1431.7253963109285	2435.885339863596	1581.5774354049834	2015.8051835313438	1466.8352652794338	1387.6169487573948	917.1173275699683	604.9713137336067	1165.3590880695142	1888.9456483978952	1413.7456642851298	2514.694732134702	1868.812363496427	1615.0569584510888	1293.1448727885258	1792.8457562814692	2369.8335516635166
hisI	P06989	1903.2761206545542	432.07223116241323	2443.870896333623	435.87714167865346	717.703711870421	1015.1120190146659	1302.9773042322015	887.7255624008327	717.4902367528091	582.1594262651024	567.5872581525425	401.42643628677604	875.2444737003229	545.7119667250461	1344.8245535293415	2062.860828037363	1540.3253461636186	1422.2682654575765	1069.0224626023996	726.3916746628922	1005.5307947858498	1515.0909348614489
hisP	P07109	142.4867939482545	25.821672107721795	63.190423613576435	59.91001491095927	121.71244465496774	144.7397403806228	110.35430097582412	124.05957823765296	113.76689811977491	133.68053492035634	135.9090762152613	152.3710132386768	50.96484261567209	69.19425352324015	85.43754179258737	141.14127219317027	100.51254899068148	82.78504582539475	95.13181476799572	118.79759181605694	108.93951047318532	109.6732835314616
proX	P0AFM2	786.1063842202778	10093.83933266853	1206.9391631743094	280.8252998080137	283.51569760501604	675.9662537140601	313.8284812420225	405.72446528008203	423.8185664746203	252.29280900218663	211.29581090112376	79.18601417180456	127.32507526788312	163.7467651472431	1621.7531340360404	138.5750151656739	164.98920971181002	232.06059657312923	401.29348385330496	280.5330364860966	434.2765410887437	233.70924446109282
puuE	Q5H772	41.43380357450218	7.7658464410307655	18.562008432439757	4.451660222496792	17.69936714358063	48.313217484397974	22.70017590372566	21.52352192338512	78.08110674699415	131.16974035027715	49.71633124314794	19.864145913064096	266.41167866741284	17.766786357299047	21.807960279182893	51.75810385068955	15.664588584961468	31.917028955958774	87.83950674843406	44.02148810980907	19.91090910978294	67.22573695859494
ybdR	P77316	18.85772461	22.98515917	NA	10.52689092	4.452330885	13.55440839	9.87587629	8.123779605	7.531558206	23.63322057	20.5982431	29.2078449	2.134338796	4.823050546	12.06343377	6.321361354	7.068172125	NA	NA	6.187921214	5.578978464	NA
mukE	P22524	339.5189887244806	683.3902887458827	387.3829725311557	228.3426754751594	237.19178164467027	248.1098761640776	270.5578004299702	287.3748222285209	305.79642649240225	293.95379408646505	223.83583004523055	209.63167548443215	17.060294687285808	17.633020078077134	248.2593269214948	210.99045242577694	173.48277619009448	285.4235784551157	251.7414594812819	175.16990171144943	241.92052937089431	215.53010904250755
ytfE	P69506	6.31038864367209	70.04513956960818	48.764347022187195	7.23080610600528	5.811023880337753	10.291620899424114	4.016419406930465	3.364205341826703	5.442530113727161	5.8692270786217815	2.680913293060612	3.1953887752720123	158.83080560382007	187.56717438774007	339.5628263566679	11.135897807172132	126.66316221548765	19.101290481054335	5.035945523615932	4.49148183857805	3.4619149234294317	3.1523050392054865
dctA	P0A830	36.82094316129543	622.972453886133	363.948100386663	207.2887607502481	596.2347327120342	125.29067807163877	97.42762194845605	126.20678914872937	256.24637758684895	402.91031649797986	564.4168098878368	585.7972568694591	112.32129184826992	28.88850165867654	94.28225932980045	58.504800724121175	55.24180837196139	55.91333759116943	204.11559380783436	243.06485264767068	567.2762967773481	73.22350375809434
fpr	P28861	184.00215020253736	193.85488572630047	161.40556902383693	133.31588900946988	137.65086077866258	220.9488688821673	128.81106085981915	147.432507576329	104.15313307810922	107.42756194820925	93.1846905798439	76.17858559970004	80.79329118758533	119.99518724050535	291.6859214258414	135.49392143232055	222.9989391133085	139.47174806706334	152.5047967300053	115.75185762521113	106.59051158839267	124.357029394519
prkB	P0AEX5	172.85120183523907	154.65175712640047	228.74124795972722	245.29870443724735	289.44691976895245	292.28009116842605	291.02735204766185	304.64027707549104	291.10085073024806	244.85535948237808	285.05413664297674	265.7203914838209	101.70022594583249	156.02706784447798	179.49498918254383	164.4638301079177	236.919164809325	255.4056662277564	194.9258845298825	231.2887640167631	204.88971990615372	256.6810458813692
ydjA	P0ACY1	2013.4299338843964	2522.621813665512	2083.9135531989614	1659.7655459229234	1766.2322227545026	2097.585237599453	2044.7062947654215	1876.7263004784418	1827.5023967039972	1507.060764891553	1398.086772113549	1251.8218596951222	3063.47555577051	3947.2644232405387	2566.563831895509	1807.620529406694	2940.387955591081	2412.480355717545	2013.5266553141867	1386.8554941983466	1784.0185008228057	2147.8730558291923
hemG	P0ACB4	105.51559451609106	249.58032171687697	172.00264466117312	77.13344326563815	105.8718887149657	174.50415162840522	151.71327986583265	143.50759330969854	142.75122630390376	135.63257204704715	113.34942928806613	64.34782071179004	49.72178017621797	53.84607753381033	116.44640272976008	141.5225869398598	143.92320448851777	127.78610361390513	106.03134685221052	71.62180774948591	76.90006231987215	100.22641214566525
bisC	P20099	30.813538970148237	13.878194321754902	13.370936721452042	11.752175001359879	17.15121577996677	18.966760573275064	24.55583028022088	17.627132058340166	10.992757005750722	9.014219745568964	8.2386096914739	6.388590551537288	3.8063213999683705	4.540631425064071	38.812781598734574	42.1459448784984	51.16913975461516	50.6054862043535	23.95060133163127	23.751716392794275	25.393474976441297	44.58438842227036
dmsA	P18775	1.3944193596315733	9.103643479295041	1.6076413767356292	0.8692479959560533	1.790449094930818	1.497564204509993	2.3344038003550494	1.96486406597514	2.3008497408591824	0.7405589588395571	0.5168833339145338	1.0255588417348915	1.910215998800305	1.894640476002994	2.626986376678803	1.461212970077746	2.5254139024173146	1.2856372389792825	0.7672967089309057	1.4104407706869888	1.819319985747355	1.2930560644953808
frdB	P0AC47	164.74880256428452	592.4025696648323	260.37244569604763	137.8892456621377	380.01955330276525	175.60368213088947	153.20696197890868	210.22329310775336	159.09541124218268	247.02544197340063	236.58337980817538	232.38079624606624	107.84580187148607	119.75016957125833	185.69242436785092	225.58236914592337	198.35011336312218	106.0637556888463	121.21931500727493	119.77095919355244	276.962550619263	169.62832786061568
yibA	P0ADK6	31.21828563	45.83671521	NA	19.22247242	8.173347505	59.88819625	66.780676	8.391944664	13.45582748	8.863380299	8.747565762	18.27952901	140.1757511	0.252987017	18.81626851	31.76650923	19.31857497	NA	NA	16.47026936	8.154667848	NA
glgS	P26649	27.20102004	41.01706906	NA	17.0505013	14.00282584	35.98999301	9.964449664	11.80436959	40.73230831	20.07064094	17.19742442	10.91049552	764.9584393	110.7018266	36.71550064	29.89929261	16.61566172	NA	NA	3.765108825	14.23433245	NA
hha	P0ACE3	198.27361634378363	237.24019858837383	177.5622404211135	49.77752005195067	90.37258870460855	39.34830819924542	110.35203809822494	63.144847872023874	43.09982747175866	22.272751434197968	18.62234018647388	16.99816090630724	20.882381500723568	17.742504128281183	103.62008968622548	143.7091573687827	44.27037614925191	45.37751572991619	44.232444695258344	17.938746242771764	27.37665407938099	43.98120869125541
pliG	P76002	484.71730745064986	203.88108815977358	256.7511362620178	287.6326184141476	411.41289075405456	305.01244023933316	414.91144968740673	326.25045080976656	212.76596546538235	284.8327094196766	230.52914758957425	166.68346598201583	331.8325189553237	427.5651038023016	371.7703394775205	594.2011476620985	544.8094858642484	178.14034523914103	287.98500709689483	270.94161184471324	269.57438657555457	169.48695893995358
rcsF	P69411	778.6237036362447	910.0605745015242	777.3714483818683	471.3964837238853	544.8673079353188	679.2121559000691	602.8154814327878	751.7406707245473	653.9031775592938	605.221303806399	531.7809158364277	476.78423731818657	831.737079576916	866.8829882748784	1177.17790950303	1907.467320894103	1101.3457193531476	794.4746608161541	633.3108861486058	486.7217383912555	570.4092429796851	652.7849062507227
ybiU	P75791	55.85118573742192	45.6598488963814	89.48572372132011	20.43915983154063	22.790140636225686	34.377220081499026	32.597505574381	29.42922602123666	37.647855075810305	30.246084477951943	25.540050164560146	18.732540770613923	15.584342328522782	6.274289383277642	70.06701371275165	22.587528366107662	51.9906873080994	35.7774727162687	31.641757645590605	21.807172810700504	21.87221648202432	35.16365454400276
ydcY	P64455	379.90751295592264	533.4494155605142	404.90146744031546	227.72068066020685	230.64483041943393	242.99270401881319	275.4621030766006	230.4215754931389	230.78795462940357	190.34133646009244	177.81565607472155	155.0294933100455	48.18163528999442	236.44759488991664	725.4465187375345	687.7511808412884	783.0059776652854	458.5432394002677	245.82991043493425	212.59310353998197	230.86494940450615	362.8796117313154
yecJ	P0AD10	460.2076584643435	956.2917693479089	1319.6411256693584	223.5965000899897	309.65375584763063	387.3035829932372	384.9633570727847	378.99113331443107	374.94395679400503	241.54487610159012	181.22994049279174	96.99039402214565	325.4319648084001	131.81548761310108	650.0759890730301	589.029661252177	373.35738539183194	457.24606204782896	488.89338102053995	159.9738789200366	549.6696904847937	837.5167677552275
yggN	P0ADS9	170.57433852021657	314.37971181832637	266.6377615962934	106.1851414802142	115.82300704583015	133.1415635259715	123.9763356217054	147.24401138339405	103.14898920315065	110.40921637918328	108.98057587718846	99.83326811069817	118.5827851983832	73.34616001376592	182.60220396987376	129.84868167735863	128.68010904417758	73.69045002098746	101.26271831616265	106.84577062391014	104.96504707792532	104.02042044017142
yibL	P0ADK8	1538.1645745850678	1539.9711659683055	3880.277120719094	1166.1094937045655	2397.2179214676653	2925.1079118126463	2734.6327078421054	1908.73412551175	2549.3206369182344	2698.5114699608157	2088.3818190823113	1669.4199639515027	665.6038504169043	1244.8733285793057	1579.0941821944205	1307.8308045090064	1484.7959227476886	2478.1021434986005	2323.5507477132173	1994.7812812754362	2891.344922501874	2335.351047786296
yrfF	P45800	41.32601826121406	70.10815146163854	50.477412070214804	30.0734071013602	43.70068620889534	45.40196077931776	32.88686659418223	26.75458817651113	73.28946398106957	72.1615398515915	70.18837048598205	57.72050584132761	12.99985430762393	15.228219901676937	22.48614368254422	40.17583136197548	39.62904127609715	29.71740824458435	51.207822984757016	22.53518901489788	39.15152536050888	43.887607614831204
eptC	P0CB39	53.04195965694202	54.121262320558884	61.29764277983823	15.997585649479804	31.280797376047605	39.54536246382273	39.30454930194085	30.1877683734486	46.97833086172362	32.99292797114117	23.853615136517	16.775773749809744	36.25556085280594	18.111147844470587	36.095406892268066	50.26266374466483	33.24550222130087	42.585479290170085	28.93829107297219	14.275811941725504	38.59318012251728	55.308214671711944
wecC	P27829	110.75033705565187	336.31888179655505	224.75016806431168	39.58423714688029	57.71508367383935	62.08051624172624	68.70884825446961	60.3012395344564	57.86245936400114	41.5991209096383	32.046172568693216	15.08175901929445	32.62466985857415	39.482195586193185	66.09948328812476	99.73791206883745	73.59693998087151	85.47888381954131	44.69802011652096	23.856308091501504	68.49950084682955	83.2509961920898
sapD	P0AAH4	23.3840771	23.5094749	NA	1.919157408	12.82760127	6.785002964	9.815195874	7.088439851	7.581188615	9.201726355	0.561927138	2.843788969	0.3243857	1.215641303	10.94993448	15.453823	5.168480439	NA	NA	2.72207138	7.016795323	NA
tolQ	P0ABU9	267.62959454844156	378.4398175243768	309.6609358378528	148.6904848224976	199.14448606033594	200.36912913986137	241.05228122890134	211.6207937641193	278.1543732409615	219.9122229752245	179.7709649308963	161.5063083038217	204.9895552588067	154.75734246981813	245.45899222474432	388.75654030434976	272.0699415765933	202.24868434307655	189.77229151715508	137.30652811323606	165.01768461776467	230.12294618808212
cpxA	P0AE82	45.01757577112142	50.18088407857016	40.81867182838087	39.79244271121775	49.053390358300376	36.92066345890549	47.37847947300373	66.90346682792799	47.68767669609422	47.393545089605986	43.82088867879881	56.96193567719672	19.66185096043322	32.94143725138799	31.007641391692125	63.11466840790718	35.708175925346126	43.19514077947901	66.63128159382067	47.11518075199763	52.72018295112982	68.7784070151879
fnr	P0A9E5	608.6199875055561	1100.9786209199924	848.586634834343	325.0211958941499	447.2056397234857	605.3674185004237	627.9555540033602	398.52778754997036	495.8278314709857	372.8936521893157	314.35008958192674	198.07829569028365	98.14742000748157	95.65430753575136	314.8469333298	382.4804162181239	385.91347287446416	612.5284342323541	552.6327176102305	384.2221034190874	764.0470310647935	689.1040593248719
dosC	P0AA89	7.40687836419124	12.741834991026353	7.155721419923825	16.970887340486932	17.576402688089082	20.455340949271168	10.372906066036808	11.615058604472026	19.920542989449764	34.77309239024703	35.35122615826759	48.74100652906119	32.05786887889238	25.034838475513478	4.875133819004106	2.3554597372172412	33.71028766862061	8.784338929505104	13.538050292490757	23.30932040338712	20.09952087926876	11.93781924657719
evgA	P0ACZ4	52.028114788719186	115.69243712381257	67.0874644381123	65.52666181194165	23.5075660438504	30.4440309603553	16.8557926772768	44.96005045492603	20.670909002877096	10.699432706000737	8.443419934734292	7.3672235007453	14.07416916133046	26.772594624104	65.9944967124168	45.08181939508229	49.662937577942216	110.40831244549543	55.077815533093045	22.416545687038678	46.264491696313776	84.1136564983425
uvrY	P0AED5	122.82123614928392	183.7278652104502	146.96547796078795	64.98014337665701	87.79636140463465	103.07949958753768	117.02626469379037	91.6778433704215	99.22643665112071	64.5399067025364	64.51417716255452	35.157617295449676	20.437255319135005	18.978805930118657	86.23269477871234	122.04052219147077	76.48116092954729	113.01003067346942	90.84283630092878	54.09571808367663	78.17090627194372	124.39359576346797
erfK	P39176	69.2892080682912	73.97010212469587	53.31137903687302	109.47547928103576	97.4056000014891	112.4829126349725	91.37067706353467	58.97015790087513	82.17278575404609	96.94805393902305	118.7274131800715	111.3027678762714	138.6177644706198	159.02376783784288	124.81989173962103	135.2187506335411	161.07950242490384	88.16778056395778	100.17620578186612	153.49767633275056	90.16796815896537	95.73324740964706
iscA	P0AAC8	1450.9348671033779	1953.4955749929823	1952.1274212884591	730.3413309998867	852.8802057475303	862.8804633666796	1189.561054220194	736.3051549033138	1058.680912495966	699.9350953396078	436.35425508941705	316.669292791109	91.3149191029605	93.42046275044508	1568.6659253835946	1410.8754466392977	856.2197848202215	2047.5262031368145	1121.5740755910556	774.4354043481743	1256.9343935084416	1783.8453094464958
yagU	P0AAA1	650.705869373029	1554.0574372177819	1325.905291367677	293.7507989265162	385.9571782120353	1009.7973777942927	381.73979394030613	278.7400945686079	1308.1879386342255	907.8907078058169	735.7559087871127	556.1045129429639	1596.4292148341874	2131.076565833458	1449.8235804440274	376.03586985998726	2060.2419081226312	601.4135020108408	279.2380933587602	261.15915393184235	327.7354614863139	361.5721194032197
ybaY	P77717	4626.84310349852	1903.8614102651995	4249.167282086015	4735.188669899772	3213.9595545149646	4898.999927134474	2992.1680364614385	2255.915222194492	3361.197342724689	3462.495128556335	3629.145629254483	4356.681803981622	10342.911800628064	10327.19005119736	10289.063534282632	4976.663893203081	9221.56863139404	3518.8880842963435	3923.689162044215	5839.705436859695	3159.5771694690848	3206.376502627565
ybcJ	P0AAS7	408.06493189201433	306.81541187654716	513.0263354941084	238.25463464231075	388.012900031881	274.07542068068307	432.55274392549654	347.8470619320636	402.86930794811605	288.2810553387222	242.48768552246653	210.5307300240689	293.9311614233463	279.8781376664927	773.2042970398932	347.9749907323552	710.4877134318657	617.4668772198619	262.9975933125409	304.76179381851404	388.9612312621193	510.1637460543823
ybeD	P0A8J4	4130.518812265928	9771.38800524318	10106.526547766409	3174.668416329082	2411.04760123884	3870.2363876853	2898.1641682678173	4574.195426509524	3560.5855556294114	3165.710407902663	2341.6899552443133	2321.3460003624064	203.62635625949096	155.84485086106588	3477.274214276566	4389.7454156660615	2739.159985009571	2874.7605446312778	2872.8610948017117	2064.7239236206774	2866.205003720297	3259.59237749915
yciI	P0AB55	2115.607234252985	1701.6405507802833	1903.3496925612158	1768.1036458730305	1575.757224407109	2075.282444586612	1922.6374609889997	1662.2299954124283	1745.0823111514055	1557.473189393231	1330.2390091985012	965.6538241155062	2057.662694142104	2051.9182774456526	3432.1889259089658	2277.3807605784623	3231.7629137246836	2618.826537851452	1896.4849415454091	1485.3311069824424	1765.2976836109501	2338.287129083262
yeaO	P76243	220.58279246885655	197.718067003815	187.12823986363912	327.3823844187677	231.14809618797614	292.44851930557866	154.86859755810684	206.19630539726265	260.97311588856843	226.327944042049	249.45947899810838	148.9966127066815	238.58760690405114	185.54294862260627	307.7980190398523	259.7457168465728	318.4418305626174	258.9466761285353	208.29832718674703	175.56640223847683	111.28521107772818	140.53348096792462
yecM	P52007	281.1380425739458	351.7535770145568	225.7820462829654	161.7549716110626	158.1295298214153	180.24228247034824	232.62783677958734	242.67424320014126	145.187258187511	135.29203558912965	129.4315114830359	113.1644954043182	68.28471937995589	90.6195575686172	300.50400383549385	175.38060124955487	202.62412829874418	242.53421667320686	192.1630975733224	151.11793652282194	185.3214755544578	201.97646760240747
yehS	P33355	33.033500403137	81.588447107732	16.665352203195976	18.15387135207544	18.75365937396585	20.75626433506683	37.41328391677418	23.92970101973136	21.162115031737667	15.755375348848789	12.09169437754961	17.66949805713488	17.52433461671752	12.882565677079043	18.223402247802753	24.66608593186643	12.125717390617295	22.971536332759722	13.381348321128453	11.663526223693596	15.384260993843126	22.722628715905284
acpH	P21515	21.86434561	50.8811103	NA	7.886327403	39.42091866	37.48719635	29.66674256	14.10893043	10.74085087	16.47176561	150.131117	4.675364759	2.328194591	5.455047522	18.73985104	35.68346555	29.17195164	NA	NA	18.37584187	20.08119435	NA
chbG	P37794	39.3355776	22.51375835	NA	17.38623401	10.20882034	25.55345129	19.32694074	51.75002891	18.48455477	24.94427523	10.59226518	20.4497409	10.21255419	3.797967723	14.89846786	5.186416193	32.25254944	NA	NA	16.44911011	20.96130673	NA
yjbJ	P68206	454.0847279033633	1729.4078262132025	1286.534489377199	496.5879877513429	550.4252914802377	1118.0733345496558	432.29640585740646	393.6743947103241	345.14109936461745	398.7630662813138	519.4539711887252	885.2546553002676	7141.8162897651455	7209.7880727881175	2083.8476872587444	454.4207036097345	1659.002430332981	571.796329318371	402.1934651246379	749.9799053769973	324.87372624900206	393.9207300200693
yjbR	P0AF50	415.4439437454241	592.0294734868842	519.6428151948829	552.4769548340992	503.104651042865	660.7713426199541	480.9543762210807	512.3431920855924	417.654447590978	385.5853091111919	468.89888915335024	539.284963195999	985.2359473638958	957.9019144822848	846.3939740639183	623.9168557962374	1142.2058698448075	477.5555556251396	585.9752021985827	843.4254080211048	491.88752003670174	438.4978782692655
yqjD	P64581	9433.671295979422	7754.668489599327	10044.271423575956	10318.457980479176	14154.033312985097	11755.352745667857	15551.142139220676	9081.025508759678	11296.905563715707	11874.451762023104	13554.587835494958	15974.913330557338	18509.407735858204	19614.928824913048	19711.626291583623	11398.495715707235	15536.320096457568	11954.674424031024	14304.38475036036	21360.31985475541	11924.68729264281	10706.148926027003
yciW	P76035	70.30079242089242	7.8265163962921545	26.169997679975936	68.26273888248436	72.85359371128044	91.26839256772425	69.33894924049943	66.62939689365216	59.781882519255376	41.93081552315034	30.918528463479177	21.83791334168926	1.4213370418247493	2.6917437744160493	36.981029138750834	21.487389000503732	116.86795335963825	37.21176962656108	57.87756204171643	55.372419087001035	74.82606868052197	75.00686767097446
ygfY	P64559	190.0383784	134.9291347	NA	184.0686331	30.41855189	553.9437932	231.094991	329.0937732	734.3367911	220.4264971	401.2953487	371.0647246	47.45319362	44.71791219	161.0182863	74.02249377	124.5755357	NA	NA	146.3932743	644.5018283	NA
zapA	P0ADS2	812.6923674890645	1232.1684933616823	826.0749227244985	448.73450329574354	556.4475686927985	673.2299318421291	634.8478609353393	623.2455605530362	501.5631185183308	379.78467277666493	279.3119579387798	348.2090753777634	566.9533104245417	513.6204616262681	1407.9197228166151	985.2773693276794	949.3248197339033	956.1909001400769	610.8913572016537	613.2640796124604	712.2194041041668	760.9768407298691
gph	P32662	738.2425912414016	881.6491650294774	878.9749617554244	414.3102043813476	568.8789394758193	520.9921098558043	578.1866335038302	517.860888499557	469.00628170968844	367.7101759133968	315.151788117478	239.94098012817798	159.64244417929592	183.65756862675076	737.4368987943523	786.7011077354957	710.5432833065524	570.7874573064031	468.1625065188853	306.8015695204412	435.442610174273	459.65028608790186
yafJ	Q47147	59.118408216358574	47.55266450774919	55.92187845245111	53.870282816441396	47.73726837838882	68.55383939904718	56.34358005224572	50.84567206264812	57.759893512341954	54.94574347281861	47.36631072305085	52.95339131196088	37.28902612813967	50.188067466289446	82.44518001353794	98.10461256586527	106.83827143627794	86.93990331572635	59.73558057044752	67.86890803471314	44.79371877488785	62.444238538105296
ycdY	P75915	678.3625039699119	538.4079569755173	550.0044784725236	304.81440353482907	400.89990757542716	367.4405348347233	524.241135049495	406.2240737308534	338.28554325817333	263.90829160788417	179.55197269175991	135.0690268580109	144.31123798014275	175.52910762817447	498.51217769013937	537.2151453867167	444.0446123720139	413.01996596216605	439.3375419298146	219.77482240618585	424.29570599193664	474.30604430426496
ydeJ	P31131	12.03741969198319	8.634749834922253	13.094948603875629	32.7029654213498	18.29886287677797	26.089645264158754	9.37190804240668	9.367781799224081	15.627343856325654	26.52224759670527	53.09748675831298	98.13419508742896	29.230509899717045	30.23196322979241	21.74167081297478	12.335427220665984	23.027216614604622	8.490438438556795	9.451185564750563	38.18964633555819	8.75259125750968	8.392803185574445
ydgJ	P77376	52.5798152965295	43.11231878347211	26.285729364787123	80.95691186110012	109.59497414135163	88.63528193656032	94.25282920810288	109.396244517186	55.241519263426476	55.19146899733909	49.42372891249977	87.18837352949849	12.567800532999712	58.73055845794091	74.24082953469538	35.38418476651809	111.1951216981297	96.35026002028424	89.83040492253515	146.5502442410481	131.94417310494626	121.40404437336244
yedP	P76329	39.466027023756496	41.92179181195386	16.54402087460291	74.34637805303541	68.42102654696356	95.5227633072242	57.56598371042445	44.576687927450294	45.997624529045034	58.625200145411966	107.16144531080867	155.64207722620927	77.24390610174895	72.26437652141607	66.1090634053285	34.603675056468376	106.56738114727095	40.96168907600669	85.00498120118219	139.75404459558519	57.35981207494769	37.939387484078864
yhbS	P63417	627.853042895057	1169.9751587474534	770.289286728891	622.7938913002534	700.15840775051	648.7361522888707	702.3576266468283	836.5781610327672	587.8458634087997	580.7998886887102	667.0645707529626	771.4014648652476	419.017032686741	400.29477790464483	692.7305727456417	463.4205421734842	512.9697495975521	614.6944104848242	913.3426935599716	742.2461230480567	557.1827071259366	581.8666602949265
csdE	P0AGF2	195.68375845908756	221.7661920982004	186.02587738138328	128.6328595492079	129.38120176257567	200.75446985174872	172.5848502790264	136.2744197203896	139.01170516898114	99.6599211791358	103.38639596225248	94.55431520675964	214.40034690169875	271.2274660091235	553.2297918647575	388.99999435866016	367.20489078078333	241.5512379968188	150.40706537887706	152.30543977508376	148.95163639620847	191.45600337956182
gloB	P0AC84	282.2287663864271	278.2884575162307	246.11493998515047	358.6594941138088	276.1215294069513	245.23766142195544	274.71540531557395	236.60580627399682	245.80274754146004	331.3029324566658	300.90747178698297	327.0647278152736	130.06201789459152	158.04054141474677	250.1275823808765	127.30349504495065	218.70000111401896	206.04335604940974	388.7337967210915	245.46634769152115	287.0574672426288	206.79801299610625
sfsA	P0A823	42.99355624	53.67326996	NA	14.53626491	51.34181314	24.8481944	20.20388214	9.528833172	16.90415837	40.84249191	67.09138426	5.702862026	12.86348546	15.64711051	48.59166696	36.13046627	16.07745205	NA	NA	12.65052885	18.97634648	NA
ytfJ	P39187	44.27326533924225	400.05039744401387	307.1198120888554	42.58476437769799	67.03122844125913	233.68233504479832	60.29375306862667	61.45774627844484	109.99435226861831	147.31852960140515	132.26264937206204	93.8292235395947	66.31426872334656	25.836365083549364	27.861179859521375	33.04220204307119	15.272654856293364	25.82544748547119	73.0686716530839	32.296657333909764	56.20396649399	44.928886104404064
yhiN	P37631	52.56121923	90.7833332	NA	9.114981549	13.04620176	35.47510594	13.47539105	24.07624602	18.52321927	53.03786964	6.182804345	15.48648431	16.73379492	17.11261546	30.57212383	59.98331501	19.58359963	NA	NA	10.17395416	42.51058706	NA
yjcO	P0AF56	127.6174724	43.67320702	NA	26.16931161	72.30277936	39.11967181	29.32767434	27.64527561	35.45085243	18.28914728	28.76682305	18.65626536	14.8312772	19.93184507	25.16341388	65.88370996	47.11495264	NA	NA	17.50064756	25.21946793	NA
pncC	P0A6G3	86.76680867222153	151.86123813211876	162.89653049543085	89.24807885381158	122.87586462101203	96.02074858831776	123.15906154142023	102.20635825112736	109.74102622892802	120.15640807728805	115.81244315721342	91.66823160470248	79.85018335135396	65.74814948226351	121.82887899346957	110.73518139091934	112.98751129820171	104.33482221930058	88.52710774540323	109.67899526014708	82.83690799279033	100.84136199014709
yecD	P0ADI7	18.08282213335073	60.38812528559784	79.23895063136484	48.445208947276825	31.61342995995853	15.816983203033182	162.37674637784207	38.40487858941105	55.53637625917187	71.1469803098645	78.06138054519909	51.56878714900015	13.70634479888022	19.38760083514283	57.33962841265277	19.80585957650408	209.76712077328835	32.3591782075662	38.65724609276884	63.52803513836716	32.97399297014326	38.503374050382455
ydiI	P77781	313.136399268402	230.2968888178091	205.42178985655553	231.91440362072274	242.73923610512713	219.21279227364508	267.03844588178026	277.7699756229213	193.44317446355865	167.73877775320096	132.30608593081914	93.95636353168057	125.38245498062149	104.69427052298514	303.0923315229669	447.84534137854945	302.7391411286982	274.67818882489354	244.41632609264957	183.7272049533352	217.72115860186625	292.4557311043226
yigI	P0ADP2	106.62415039822636	231.13088689853632	169.5594581039097	109.08629745541583	126.82296020528605	153.47988176009602	91.61694087968358	134.3452473372305	130.1622144654667	104.52678504426856	91.10709704222597	80.81150539368613	134.82336994131228	110.6756504252641	259.23938621070687	343.79025912940875	273.84068577436256	155.5537984471334	114.13691936189775	98.44130025700466	115.91341671102361	102.86044826318683
cutC	P67826	77.01378097442503	91.5996865664573	85.25848430424435	40.61989610191878	46.17988687905458	57.88205475914755	54.507508787829096	52.64682799821605	46.72428671118722	40.608777392038384	41.12222332182233	35.31586848474366	3.436110914943814	24.231955866769557	78.93638631295939	54.857711533872994	61.38133240245326	53.8497718383107	41.45601607061509	34.827854693730615	57.807011772479534	34.56276447155297
fecB	P15028	10.92009854	540.8157659	NA	4.107174361	5.028763439	11.23662836	2.752759939	6.985543493	5.121094324	6.32882973	8.675094467	7.727933311	1.121647325	8.561158601	6.594714426	15.183754	9.802065831	NA	NA	2.692206293	3.610938694	NA
modC	P09833	6.429300009318692	12.09531643953175	7.359733827599326	6.440778558981189	6.946885201676139	9.454965854674587	7.878164469492664	15.290241816474042	33.49515030594307	216.57425083364035	263.6761631544604	279.0984163155677	3.263446447588194	1.4413184901811347	1.357389104109275	7.667165878706517	3.4130290861234784	5.098125607271799	9.208156367116082	6.936191657913112	5.567414918128203	5.061889676355527
ychN	P0AB52	2021.2615967348233	2386.108448556325	2501.7816183898267	2834.7992731009035	2011.7184844172834	1640.4452747054252	1227.208838710182	2061.4013423131905	1817.0461357452787	1982.7389763420974	1771.246987443314	1804.456137228915	813.4447837399467	980.8627693485056	1030.44742977206	694.8744934693259	962.846491548449	905.231420118487	1332.3436644023345	1245.4970078557685	998.7692950488787	921.9803277945114
trkA	P0AGI8	42.47031122711462	137.0050613787544	57.224275417281746	50.63258212741798	43.47627044237275	51.721408600314604	43.56992315180892	36.33868837910132	67.23793037621522	67.37063917156298	83.69660758766446	84.34685481331333	37.8500768135868	37.051147706731534	17.64051325403519	65.19330836580174	29.073471398388442	27.754003994715934	30.356762631198595	27.284415903802167	25.46673954733043	32.31826666466973
yddB	P31827	1.432844401	0.273139421	NA	1.12048596	5.074919233	5.506515246	1.409326153	1.233050162	5.238924407	12.59807878	0.37860627	0.455811078	0.657571384	0.540637174	1.983671707	0.943301133	0.588639134	NA	NA	1.705054428	6.253560319	NA
fecE	P15031	13.79514368	236.6334036	NA	1.742687899	6.362718507	7.606835055	6.099306652	4.781196189	5.3275244	1.23753894	4.569253642	2.38453905	16.53865231	1.851286258	3.236940714	36.43441771	10.05320705	NA	NA	1.393142618	4.59678333	NA
zur	P0AC51	70.17746288389559	129.90912227467538	130.29927590286465	90.1599012671065	96.80535409633669	129.232137033881	102.52168173546575	137.4130598307197	141.27122207676973	120.52080884672048	119.80222181795483	115.06783355694286	50.65594697495398	38.500963951639555	67.58641302440154	49.380365974488534	73.95162440613471	75.9550074682262	104.46183436159774	136.12708974883915	85.82280633441685	90.86982227835489
dsbG	P77202	130.32910467783952	202.86506952771188	183.28001828071692	63.42169801095519	100.30361935044148	114.22384755976697	121.78508095068379	86.59511118973467	78.53797870655617	69.64464646896225	49.414850882113605	47.72877396524232	136.18539414042064	111.96624034090077	166.14664339323116	120.49232372815197	169.03377360861015	124.41420258857362	119.93394309281011	89.02036994729629	115.95391056099002	151.2291682517044
htpX	P23894	450.88481471438996	539.223440588753	578.5178789316764	254.53686987220897	410.5942002952568	459.51391833603293	394.84482977164896	463.2323159267199	421.9125761278108	332.95733403283305	228.8486499072324	214.75062932807117	96.0202247799401	107.00851437385371	151.04846640553083	582.822382363039	334.2200520972704	294.45402804520415	342.952676327192	195.78581248369187	304.4071392904388	414.0141493910246
ibpB	P0C058	20.321541898717204	546.4298253495258	102.4950119299886	10.022658725009434	16.524326613399804	20.496565050989414	21.189220416238236	12.630679515450657	25.277520164871106	27.787556982811996	13.111732626040318	14.717380293417913	25.86900834786045	8.867762781984265	15.338942683873029	43.316343252500566	10.716210964861364	12.874959537705246	19.711928970310144	15.097508778165688	21.419130361384084	29.243973414375997
fkpB	P0AEM0	1254.8966315738564	2784.997177325121	2677.7310867160277	1531.2946926032698	1527.2069539192005	1411.4395864918001	1354.2370584531286	1175.331990963083	1022.1599414085788	928.3611825414948	859.3332949421459	560.2715384829445	229.19478577467288	233.5926357206436	1161.8635858669484	1197.794990718222	953.2873403929324	1096.0430478089504	1932.0069715399768	1241.0916359647188	1215.2582954997683	1749.3768261218001
radA	P24554	39.102521356877	48.34065799155029	44.42317384174451	24.259598319993923	26.303740916753725	38.5492417489678	33.18659821501531	43.009143940476896	44.83263902906763	39.884179592046216	34.496475248239456	37.31727365191206	4.667947751472165	14.188113794145258	23.7700228108454	77.1297503745317	44.980778001412645	80.4606689032271	33.423224804657714	34.86398737257761	33.1392604755604	57.64935080557032
tsaB	P76256	105.12736154261732	219.1300507649855	120.84028533083294	62.675148955270345	56.215720507017195	58.21213718404378	44.36467322824713	51.897189950940536	47.25067562613338	37.50920866332714	25.446531348539136	18.86719609803216	20.95892832202728	21.217783928251006	39.384565712138695	32.40361665518417	46.707533792921794	53.99835208262791	24.04538607432594	18.455308526087208	27.363275196247	41.24009625639693
lpxC	P0A725	131.46158543873372	132.95611796994993	148.60305824594818	89.98190535524657	130.3869686620532	118.9495695765392	114.66382677157837	109.29185932983331	98.9786701315869	98.8251092173529	123.24441037627591	101.23315806892406	59.326170024088796	49.41061042643179	151.43786937010353	193.16210236524543	95.53489679589477	108.33694042403059	126.67441000146854	132.86855615741626	108.74401962595377	100.3170480642555
mreC	P16926	51.49672965071915	87.71160687657107	77.338564883797	25.918474000544116	42.250128820339	36.553652505852014	63.79842143182325	50.89617451265348	35.76477649631344	29.288174714894716	20.92075172335649	21.336403240380715	10.671566930442074	13.010344252871276	14.505031750125715	37.301000143407244	23.6400599010209	36.09801184010112	28.3398627913482	22.458044378285415	27.55650370160255	39.26822117156376
mscL	P0A742	1408.8717109688146	1657.895950909213	1459.615521164397	1089.5577174894477	1308.2094557694031	2383.585397840631	1548.2579684403859	1088.2662188904508	1800.8860618169783	1676.8231610198673	1914.8245445696464	1871.4392726543595	1944.9697721401762	1871.373320179077	1816.4753921070783	1601.816577572012	1959.3457235372173	1909.7164163301534	1445.380240388113	1697.4353589529414	1086.4122994841587	1339.132845986913
murI	P22634	66.93130641081538	185.7262539748117	84.9156974851319	63.303267758695895	65.89085342425281	67.09956794234135	50.77209242507926	62.06175056864805	80.09998284015946	77.3180111401791	53.841907432355505	47.26237782025387	48.65748245593359	33.99044740487668	81.09152540406043	91.77900375545138	92.83211668041562	84.93611323167445	57.55138645647588	50.49908793275974	52.489700202747514	70.99144307956328
rlpA	P10100	290.4674668666271	726.9731308330993	597.4089132365273	183.5991806489352	198.336475773241	264.3677925539423	232.21502733393413	296.8511629723772	222.5885187980324	184.81981460004897	131.5458645922429	107.4685226417924	146.7423952041711	219.6442256718822	266.70021550524643	431.10504860550077	527.7974223398805	387.5952022839904	296.5302768291404	176.2101520880584	277.90167638882434	334.59620780476337
yeaY	P0AA91	73.45952964220882	107.97892295263777	54.48064944123535	50.84284066471005	71.23238332470022	76.72458990648789	59.61645862286913	91.92987778765493	44.90116331155202	45.35696028744829	98.95325155329493	190.9432443769221	243.14600096590175	245.16418116879035	111.87895703591302	102.12675026068776	204.80081184990587	59.54877198224097	71.61920811025354	161.610348343757	61.19152034296839	76.99260772055365
lptE	P0ADC1	307.04544231478013	367.9381224818712	388.60417452668827	169.60085129653524	221.83118017223762	277.6444645205472	235.8779365089721	255.29029642475865	210.6545112515939	194.4921937910191	203.22923830513338	210.24436755778441	423.59980945381113	392.8026387001621	514.744908792766	483.6456389492237	376.9195881667174	312.8855336935919	236.1163948717657	258.78191902824534	200.43535586582124	284.06597470707555
ytfB	P39310	194.20724948362226	222.15764748429424	210.65000240303848	162.47820595726571	173.01819616387075	211.10760364318222	228.5545714395052	241.4906056354913	146.50957404123594	159.29958109447045	154.66617762538985	150.1570955842538	142.68721167012797	62.053884279466075	252.10756291924613	204.9522059854739	232.00986295549492	200.87125080711326	170.68109714330075	168.90880014461723	127.53611852267291	168.0654069954957
qorB	P39315	268.5796906019539	130.79699605153107	260.1183612004514	170.70812072347053	175.67106946448075	223.85843199349918	234.0194441344184	191.64018283998104	220.12750501580615	169.94294147155966	170.75566932133685	164.85989501382934	83.62971204168815	92.09203377388319	232.5411623942295	216.94253767943735	494.2997938862463	172.5363236242726	245.58182419822847	199.98690439222653	238.3086609540147	285.8148276871737
tamA	P0ADE4	36.0827391374415	60.036164917719645	44.320035140721984	24.545901592780616	23.707986560689275	36.46947603543135	28.849764927644756	23.644128146360043	22.820589530598795	20.44050722923645	20.487467703911292	16.25226172141177	31.701257736827987	35.22055524829836	64.8823015272994	37.1557819605902	41.2016428379071	34.92277364658665	23.875660413300164	29.128887527424723	22.409676339201358	27.182254344786383
dinJ	Q47150	259.5077266129188	343.7687876194362	253.7554614231659	195.89141605127406	155.28316697175325	174.27282166773415	138.49342135518137	140.05694702419805	153.64774563173376	136.2979091225013	112.57661992589524	96.80410306527207	27.651654789417226	15.631628637422095	188.60855433707698	111.2454923337581	182.86004526567794	178.89350778055297	156.49581558144737	144.01895312703198	126.86132040083197	177.3557138071151
hupB	P0ACF4	41918.37194371956	80032.05315808704	76977.9270614207	29079.075526732395	42130.339559674176	47813.34887123059	38258.707778068914	41530.187291375165	39205.482517774864	49777.656358047716	43028.67770383783	34675.13850325318	18758.941562673368	16584.120761642876	35054.169968099064	18830.190272658583	20880.12522852904	34507.85422388665	42736.69070400115	25362.044100116575	32349.408112566838	26074.406421932996
mutL	P23367	8.05009171808184	10.84963534964629	4.2937622013497485	10.452103343593748	12.818811039054554	13.474487411035227	15.389618238714307	16.58000473316944	27.488347862403536	28.08209014614372	26.806444289975467	29.14669126273982	12.666705900627004	6.388888581730955	7.53379621434742	7.776433533573999	9.675937726502234	8.593596349558185	14.008621978364395	6.8127249532312835	10.884519296449737	11.712816905014902
uvrD	P03018	30.653982481742844	118.75261790656674	56.51420092904373	32.32339285050476	29.50278164262818	46.93518526098154	35.79205640408915	29.533428392204996	52.76392087357286	39.0984986908943	43.25069748106739	42.25059886235156	26.306731271342212	11.317100518742578	31.610156690229406	29.2490169134923	28.638283874100367	37.62725596838175	24.51497140402933	30.44965071187286	29.80061346491954	35.583366351496224
xseB	P0A8G9	920.5225328176562	1352.7288081132624	1020.0250117119668	637.1340280689797	968.3232890379096	765.0033838671807	706.8969837322592	633.7394533903268	738.110249011841	587.9506333919695	571.0207759606826	491.54306830909314	572.4980666929117	610.5648439892332	902.4652314410894	766.1134913065422	1068.30382336112	734.9072825346282	847.5607339743104	696.8803907052022	965.0583464893075	827.2931157249742
nudF	Q93K97	138.6953558819365	178.80312079070112	163.43852500893016	106.47241547495574	122.97163242961098	115.87996175522005	124.94215813789197	116.35323658311401	85.96346568425888	95.25411412928572	108.01636125522317	75.53856287313259	55.30836905603055	49.97080760131919	131.6207709457523	151.89895062261365	96.10083221697515	104.4990099111121	175.70272435514795	132.7798642359397	95.40380859598486	122.09689323758033
ogt	P0AFH0	56.68482036	42.0421293	NA	21.8038077	33.33893149	36.41367836	49.59005217	49.64868737	48.81880313	53.46925575	5.638222233	21.01731118	24.71074456	41.21017624	6.007884677	75.08550256	27.40175143	NA	NA	24.7936706	35.10198113	NA
rhlE	P25888	24.54075191968935	54.16516106134956	9.11718226109479	2.4400685822923514	1.9566014542970995	4.896192305626223	2.013660080355436	0.6388658973109359	2.4353106359842407	0.685771742926099	0.5822208194827057	0.6238154943151123	0.5086115244228195	0.4882352888861487	0.937260700114545	0.5956968100397503	0.9078110247554546	0.845004911032319	0.2502109097363831	0.0917896486093642	0.1008684042233691	0.10912611785125781
nudK	P37128	2490.9580870660493	5183.476660546028	3570.8093059694015	1047.8378120793582	1874.6123733510856	1826.0031708952363	2147.300603283413	1571.4954159865345	1703.8806520256912	1263.1202719945347	970.4460880896049	940.4195225832555	1160.669044237017	1219.6646103404694	2199.5840660192694	2762.607883716036	2286.6248328950414	2396.3508101522684	1759.4102701230743	1209.0456438246065	1770.146713101555	2507.7206669809098
cspC	P0A9Y6	58803.06183382809	117057.24849269463	101735.76961986852	39126.02231359988	55765.03166694673	61230.97979270808	53740.49716771747	38415.37984996385	50929.60743205827	41280.7395207423	33411.838851527005	26165.057236016935	25338.58517332648	22162.094766128397	67409.7469439244	42695.10129412036	75824.87400338314	60588.711827262356	55898.400741264224	33464.16408966619	53859.09041139493	63285.83082877003
cspD	P0A968	1247.257186879709	10715.9259190199	6942.330297489819	2723.773621910315	6228.53016693385	3807.515017906142	4435.988551070022	4438.102408923611	4655.421706468657	5522.804292800958	4904.0366944217985	4740.46072997569	322.3659322432322	110.95272622188597	728.6864869739969	1157.410811767912	271.966637675111	1645.628091133113	4322.8063629547905	3656.378629469753	6195.314386296542	2493.606198160345
cspE	P0A972	17168.14758601276	43365.29898185129	24677.129524738655	7176.888861858122	16219.095447197484	14742.047837935535	17206.49667580605	16629.23019777917	11565.55666674312	8889.107816732725	6804.272897945872	5641.073340129055	1472.5857442259473	1034.194343276068	11440.127686866024	7684.819447932899	12419.025037327463	15989.315120071267	13732.964837405327	9116.859049709808	17216.66735243775	20952.645702022717
glcC	P0ACL5	18.516040947409465	93.68511845486081	47.84937678414437	42.38339667644999	75.68336353886076	51.53811944844422	22.437776021234328	53.876588476738306	58.07712932720624	82.8694322423786	57.32781334501901	70.13461713990908	14.147331065710267	21.603995538244277	99.04711075666329	19.13014184557595	69.51624657288141	52.909500372978336	41.81365064714934	40.244573413983545	51.90039777437013	13.010901455377436
lrhA	P36771	17.665624540892683	44.40699432516522	33.57224231392334	13.158253459709947	44.02272350442817	29.821265956920307	35.92029960911351	47.28155327073497	43.02022783727415	37.72023395321432	37.438151628816954	53.46387944849165	3.1351992161463627	2.6882261065564355	4.929378079638525	32.955750814349	1.7562462167956696	18.89329152619888	37.77482646724537	33.47935111723737	45.51568871742664	30.90619238028984
nanR	P0A8W0	116.53280049857945	201.68447771938733	111.66499355976757	78.37462944097078	94.42445329457536	139.83506605051855	92.45534973179693	101.77852997223674	74.54651210847007	53.569192131337815	57.596380643177504	45.55659024491998	86.1180198747622	109.60748989499444	170.0784886260209	289.6348439767164	133.91276018646388	121.86432843545892	129.12414626657147	94.52929685848044	110.15460547640676	119.1445256266337
nikR	P0A6Z6	541.2573606138805	642.3197490724822	545.4848820834579	254.65814389639465	578.2270483231833	538.3241420799646	734.0809696836819	856.7446805708561	659.2275230404321	564.3421328717955	507.37669644430935	357.14003315067356	343.0407096578381	413.63914552837474	894.430875577254	954.8915645446477	1153.6053602869727	902.4997183909319	952.2603336711251	744.445713253128	743.804896407718	915.8468595383943
paaX	P76086	11.059557088161935	31.970939220591546	30.59008535478085	25.378608352017828	36.17964961337807	19.496144685152125	18.096197242528426	25.741603225904157	46.88492723442096	69.76508272745757	64.57256765692625	64.07987263739449	2.91110164051741	6.866208840646817	8.772933652402486	17.956369587837187	12.705040701398634	10.856566281075063	28.480186325326716	39.309050125543585	39.699623104060535	32.728454798059204
pdhR	P0ACL9	102.34511050997912	105.80624636565139	47.968283184641116	52.194803896428084	83.0073151385893	41.508912809231504	48.021563211238885	324.09916664259623	60.666750011823545	42.53485097115655	28.379541184865253	28.931342555694318	19.006740824911596	35.0417630798148	78.50087561697195	85.58561257961865	96.31960799347898	103.94793298823582	42.24937956165639	23.348388888267518	36.22846015622584	86.09877946480282
yeiE	P0ACR4	122.18000329518351	160.6355712005242	103.59096665056055	65.83895851333777	67.01360211393697	68.64819055705529	73.90776889629487	45.60441718184082	60.32252455053427	44.66329199417583	45.33825996356227	37.33487407223232	28.89435024094481	21.6117915923676	27.582514636557935	53.09547539738325	41.71089767183023	35.75365076305615	34.64655389543587	28.779254865504566	27.437081737754834	41.89692954220879
agaR	P0ACK2	29.52288469651851	53.412277404053036	36.60505633708832	28.502969298269885	23.384505040394465	24.60399811309746	29.638861437336598	26.58447300575873	22.59705910255067	22.956819959432607	22.074746932988923	15.749466761821159	7.712237442006455	5.90391150401101	27.009602567231916	41.887149764288395	24.236523455667893	29.841863587486163	38.21709033901191	22.0765373437167	24.31751316026783	34.22807870868943
yihW	P32144	39.27016860611605	135.4297755658966	90.22643341119431	43.30820393686184	69.0903882161583	53.41894834771969	60.68064026110131	62.062248423984904	58.32194377223051	54.53868450047848	46.473551766096165	59.75922617388414	11.747377573997175	13.955904047947532	22.59766566471436	50.70454607569814	33.8463658936151	40.24309282372449	51.404748523635746	49.774319242054915	47.21973349634453	46.723590587648225
lldR	P0ACL7	17.30004138	114.8523507	NA	4.440958666	11.29681084	7.976700155	22.21237946	15.03792061	10.08868348	8.765302458	32.10466724	5.441006716	1.433472999	3.085533487	7.955349364	101.3810067	4.753395037	NA	NA	5.399971789	14.20745706	NA
mngR	P13669	53.55194653	3.03496843	NA	29.98827736	19.19661533	34.77768797	23.88197598	26.74126942	22.01193032	23.75340636	1.604631377	18.0818581	3.895743227	9.611569443	31.5821742	43.83174769	24.88992652	NA	NA	10.79868519	17.17810986	NA
ygaV	P77295	142.5948182	130.9726905	NA	87.53803092	130.2396469	73.6581122	88.30732006	57.51991732	71.67697173	93.72417027	157.7958987	44.80732553	48.22121773	56.21638912	79.85236804	123.4009536	121.8489224	NA	NA	53.37778613	89.05605022	NA
zntR	P0ACS5	26.27225453	49.26107935	NA	16.19972051	48.10884376	22.6196884	24.82131379	29.48014132	19.01472912	33.22601375	65.77532662	3.85088779	2.130787798	3.732355508	9.941593097	15.90273345	20.99306719	NA	NA	4.799219374	22.09597295	NA
cca	P06961	63.971189733486355	87.70914384383346	54.31903442746021	51.575387768217695	44.94092630197023	37.72807510130063	37.18395136585758	45.29904754297763	43.56936684157442	47.5955044131772	45.77776881760296	42.70591801084451	13.826769574216685	20.60382445520182	53.07933604643557	41.25586402031215	61.607076451124186	49.94657868397735	38.604166956150074	55.50515923263561	43.61967678888975	44.57847342004523
infA	P69222	4494.949755771597	9063.76893105724	4500.880040334354	1911.5064717527032	2536.6528520678294	3250.754557337159	2423.801371678409	2084.454365316425	2657.893671155532	2017.930239525133	1730.0933123270693	1147.8701611916956	585.8234955000224	2201.5140277535947	5233.090722698729	3883.412387075186	5408.565222531987	3266.1621326812756	2418.5122758199136	2090.766549114179	2592.243938373419	2997.033374448695
prfA	P0A7I0	230.72906347132067	373.7834529613404	244.0994156141763	97.90921366567879	177.0209121661303	148.56144949633835	218.07876266552265	173.82081735522866	140.28891830092925	114.82283944653302	66.4777707759643	80.27350920396705	41.77973779071717	45.78447952866695	96.02470340847174	114.34081996809714	102.47939457936798	63.03311592969885	69.51707689154064	71.27042397047776	79.5860358780551	79.19461926539572
rna	P21338	50.43986081522008	98.43630165869612	62.20003034723042	36.711903800873834	42.75664760440292	43.195712006043145	49.90897545634577	35.92767440989835	48.42520833290983	46.447903265884904	42.10207171544748	42.96050549019141	66.87323857358162	56.98732506377665	113.77384993275902	95.22515319830507	90.67520434654307	53.294079932842074	32.67445287854411	130.73053585916605	38.08193203065708	67.60684591359758
rplT	P0A7L3	3576.7511426373158	11237.270178393166	7670.546395872194	1635.1276639155697	2591.421221669451	3526.7051813615717	3342.079884689446	2641.4898437216516	5807.4535536364	3823.967432893063	2937.452600457643	2670.6173755499717	1462.7110341241766	2013.3701110822747	2515.8429332933138	6105.503525965196	3772.9270828792964	4357.620420018541	2735.9849254380874	1496.287354933502	2870.3801690468163	6572.246392174678
rplW	P0ADZ0	1877.1945330275712	4678.074802331249	3019.120309245135	820.0837630489848	1365.5966229761966	1479.8749545688793	1749.101251574145	1198.1220984673885	1499.0522678731809	1062.6479013393837	915.3947291020395	698.0206794447365	1091.560432424933	1156.9033361248619	1581.8122293254482	2967.392142658194	1859.3051406156417	1981.6689116294474	1400.8408589519895	1042.1511914567577	1528.6133650874933	2665.253173884442
rpmA	P0A7L8	23305.149524595116	59703.78536144159	41238.95658759722	9417.738721061945	14555.620480819214	15071.915214033806	18781.84131213994	12111.756996056061	15955.848520822165	9200.257628558697	7874.635660107799	6128.739415323143	9226.56152014694	8422.184100223561	19293.689717933154	25816.66956758868	25927.179589524963	20587.1246785155	14818.556672448134	11824.420582156754	17916.68004738877	26384.293067222254
rpmC	P0A7M6	52938.96888948813	119801.69251391587	90390.77185258544	24943.809555086777	25887.349898495322	37422.47272197405	39271.22479240139	31420.28251700191	31319.39500036406	23714.6724265151	16959.580032808604	14429.302157826914	24807.86791737251	23752.682523931133	44300.34661823595	46738.676971026434	34985.471220150706	57822.18906182614	38010.09135231413	25934.817412023993	34004.89995865267	48728.95232755143
rpmF	P0A7N4	26636.056134707214	68789.91613979261	46263.8198899872	11125.863966825635	17757.02226673137	19647.83705927309	18420.407003305972	13968.482348580139	15444.400334793412	11062.11886624047	9690.455580683369	6798.812928401031	12716.593746960049	11561.275730104077	29231.485602209308	26814.760518877836	30556.659933898445	22147.65565210615	15179.14146510597	9114.092557944581	16295.415182511646	23130.020865380273
rpmG	P0A7N9	27959.876635842782	66457.29002221793	44358.53077383632	10243.197196915604	15394.035261870651	18572.57237228289	18237.82372631221	13589.858056675814	14513.866629391032	10496.363768492609	7893.581325025627	6106.493096799346	13596.190063840564	12037.221815844885	28079.128359433027	28116.18392409917	24767.308852225942	21834.795248443483	16087.25160262341	10755.376673382252	15398.264703129531	23140.667230339182
rpsN	P0AG59	10078.640374680457	22731.332212227495	16504.46766834262	4660.336042015459	6522.652113903351	7236.095411705902	7625.912279695181	5645.095497268341	6477.034046183366	3999.3706952544326	3768.577069422262	2410.211306758177	4747.0171993771255	2923.718935340763	8446.717967586237	10970.091121302068	9253.353867994878	8287.640823800759	6781.471993747845	4970.290640925079	7767.472110287195	11923.22155960027
rpsO	P0ADZ4	33109.53114203699	60728.52513817018	45009.17990917527	18916.09129567324	26734.92853833269	23326.639534548172	28045.37147011493	22642.725214791815	25282.418376394726	17605.804788091376	13939.951320362818	12646.0495175446	16267.382976026645	23838.728533533453	39018.482015272595	41697.25988549517	37367.16026633811	47120.0151766453	37856.764634008796	28441.06361470078	38530.80778108007	62564.54346827969
rpsQ	P0AG63	4180.218885682582	28221.926675356834	21434.445478743783	5657.923067534775	9031.034651636495	8400.179269867365	9601.191870229959	5935.465005871895	14762.17752428025	8696.886896084465	7063.379513240303	5296.520482966467	5430.096439668164	7178.731492007999	17264.569325249075	12899.49307008077	15304.436801729053	11275.566636642709	2194.3929728061203	7722.848604170093	5963.180658571607	10147.31685411682
hpf	P0AFX0	2311.5398381429	1990.6022544075931	1929.1820143089321	2958.2065078692185	2550.725038642267	2452.5708810327837	2449.6544293344527	2288.3704613596	1979.9957754906857	2015.8189072601103	1669.4256864170425	2063.9143896614232	4011.011755914055	3419.888531848421	6194.085650778016	3222.5644132503467	5196.7822540003435	2628.5167722528213	2425.6355603062907	2524.0855995578145	2142.767520590679	1731.302559175076
rluB	P37765	113.79775631544396	293.79029322784663	203.71345355900087	63.94130083549021	90.43567377046986	112.17204849932412	78.37437708479266	60.29951206457807	153.41242431957716	116.52148073458348	103.17680658839029	91.65001685552298	44.58805610764295	31.768662659526914	72.73901819107208	109.12760080611282	98.79048002529919	107.0542364154962	78.10817477639854	55.78865507241421	77.88807200340005	109.4034638323022
rsmB	P36929	58.43309786785924	203.26883138228447	128.06752711396487	35.72161371763243	47.25201835261899	49.38871937371634	49.86815245703857	39.20492241304289	64.67175888262946	45.057147127916224	39.530396996518874	43.71494394130075	51.128628836513734	63.17836132034398	54.89064691818963	48.37882425637456	61.146002852408984	54.671547272741634	20.487732178440478	21.349121940367162	21.537773528569677	35.34179063075018
trmH	P0AGJ2	24.5231686618734	69.78358108842778	49.65418041481174	12.107566411078732	16.361616038996697	23.945506292321543	13.260617241357236	14.627259073251357	9.957427197377557	6.02691397615884	5.946052932922681	5.505761651845566	8.626713896200675	3.273260717455429	3.179794709725606	2.0606955070830963	7.837616022175299	3.3806325273615645	7.487099551912484	2.5815604325048653	8.141285784965197	5.778608223207765
yoaB	P0AEB7	1854.1700850821937	1763.6080457024034	1713.76864081403	1379.2540531670602	1450.1545761014613	1589.548307297503	1508.8008838069425	1378.0192007352018	1397.0284412820301	1128.4623324249553	928.7096111628159	916.6880108350836	975.5111611802589	1196.8281313782993	2652.6874404250198	2207.055685263655	2099.1784823847534	1783.5932984187134	1642.7821524906385	1409.433198750336	1616.0710383356593	2184.5537681178585
ispD	Q46893	67.2721265889311	139.66566030734535	111.68494180244814	46.61517660421201	59.26178311217485	49.07781716619019	50.361903336260404	53.48703057082203	71.34522560911712	57.820732224410904	48.93164757165451	39.59361817813934	26.45572238560671	45.573441241755994	79.5438021560289	35.55479676467597	78.52632127797575	54.477444075044296	27.90858012785249	29.858928340182178	28.691287916452296	41.07382070235531
tesB	P0AGG2	238.98289407006567	273.02612905551536	183.26826155073587	191.1805035076571	178.55757847725397	158.28727611720558	195.05410481419239	245.40552030694724	169.60159168911832	150.49465478411244	157.79400450931666	159.9370450229916	157.36375560856982	201.01018792791368	286.1137242939015	265.20452961198214	277.3692718927066	282.4936809441052	215.826705626172	189.20704759885248	181.24069866441792	247.30182027376705
acpP	P0A6A8	28944.1909255232	45220.46911640981	44830.38715745011	15267.148811540588	28323.09596142999	25540.951552473914	28862.970416545595	24575.872611730065	22145.392670913767	18603.563754122686	15804.777029624309	15707.473357898072	34369.17755504829	30818.375333251042	44145.45888553405	51498.262788334345	41609.839041951716	34870.119798255764	30251.871771400874	25649.737290040855	29704.885286634017	30851.878557258686
caiD	P31551	59.37687754	11.39303639	NA	11.8064089	16.05818682	10.69352131	11.71595935	9.589053067	28.13039526	35.69664751	35.45644414	10.7417181	10.65644779	11.53566844	0.994620792	7.566901455	18.70117495	NA	NA	9.216918381	22.08923463	NA
yfjG	P0AGL5	32.64686001	242.4735927	NA	6.289553996	14.33937767	15.01222306	10.62154303	11.25066322	9.093380228	16.57253796	12.27507165	1.10122651	5.587495489	19.06000853	53.74756203	23.15773396	53.98775843	NA	NA	4.782752846	7.502303132	NA
ispH	P62623	224.41081622729067	429.8266956725378	402.79913200696706	118.93703582923267	156.3208058197594	134.51898706286997	206.90214895004925	179.83049938738273	143.407522563564	123.20903325762963	84.67835865591312	61.6011458723515	11.276731344963148	67.66059233128716	104.09817276060271	149.665281567861	140.0785680209537	153.44371195891682	143.74669878394937	92.18930049970912	134.55542758234913	189.70269137890352
clsA	P0A6H8	10.254810672939527	13.835648315998256	7.318364743541134	9.547533957150623	9.069928853652195	15.925309349755056	9.343941077918522	8.832184236568333	40.23928037266171	29.657509000483785	29.378803142076336	30.45756213397198	13.00776639230331	10.619917802918074	9.121098716167818	21.475534599333127	17.092356753563664	13.71779364616198	10.790097780409942	7.415840094941432	11.42981164628672	23.29323330300673
mog	P0AF03	47.193035844209994	181.20596973631635	130.37979799750934	48.146168052062684	68.02514662208412	63.807344953299264	43.618174687295415	48.434283068645115	33.770819075760976	26.940436059945398	24.513114270076006	20.456430317110314	11.414342493475235	5.1307529240298795	10.169238656617939	13.108157267644694	12.849074882499467	7.251021232532268	22.629341343816986	13.3473410919403	17.966117719802813	18.66864731632813
pdxK	P40191	51.68631417568476	222.081936807262	228.2641836267347	147.67428106789015	93.93013046907139	151.82370159322824	144.68366914516685	120.73995125173465	235.22337738449252	182.7699810866649	142.74238039056303	101.41511386300913	77.33157925173025	83.03742916467796	271.59232083928737	88.40637333797834	198.931760350248	172.0304413193681	79.78318736348297	82.86176856738362	84.58221814524472	80.47496057520324
ubiC	P26602	154.40719854385407	292.5808435766004	307.8401197138652	119.8656939972372	165.30340209951885	157.05711745430685	141.48779309693484	109.90374575121939	148.02798024041155	118.48704241350873	110.36508214500023	65.28375152664918	30.16270056511861	30.04460772662213	102.95928615380274	53.21019714670183	105.62674501384136	103.95932428342783	116.07139614874134	70.69934208129128	109.63287609257056	98.47301492870471
bioC	P12999	6.169485949	1.168106062	NA	3.64279181	0.922825315	13.40012349	14.69978082	10.26688218	0.959091236	4.784223276	0.578862614	0.143561443	0.96862025	0.429296746	0.043254854	1.335553731	18.29796934	NA	NA	3.244539899	10.35038892	NA
birA	P06709	18.66067809774601	37.487388134893756	20.683040345385276	8.571853176800285	15.026997386131335	14.92728699767196	16.5454008621595	21.683243870263833	16.85962869057826	13.668373372349436	10.982606167142702	11.247432856579305	4.259606237626687	2.751842017495186	7.147361627133121	9.428023040791713	9.295950352851914	10.44973592984944	15.326679204706176	13.491362418973528	19.425307792881995	23.130844031179453
moeB	P12282	93.80265749	105.90641	NA	64.98140037	24.31972386	57.70377634	35.34740151	43.1268011	51.35865018	65.00995966	6.913738399	32.95966174	5.336870497	7.410363093	10.87441647	36.65333271	14.98969768	NA	NA	31.10745483	55.29910923	NA
rraA	P0A8R0	1558.8977343570812	1920.7595207695865	1598.6642070662747	977.1160988036246	1184.522474428796	1340.2557573044876	1210.2264681811018	1507.6456376670712	1027.7592919423873	903.7168719351438	1005.8014874895588	976.2381529651414	1614.4057139382962	1413.099810076524	1762.6974391752294	2293.479765667459	2089.6977040160577	1591.1070662558463	1276.9367126141608	1268.477800331076	1124.6999383811624	1261.6746962685881
thiD	P76422	27.88323514	142.7635271	NA	11.46983072	19.72731475	14.90298528	56.05310777	25.21599321	9.79393624	11.85877828	9.647900814	8.040449406	3.323101923	3.096655023	21.05275915	24.49220576	9.449808519	NA	NA	5.791418432	20.55587443	NA
ygfA	P0AC28	35.33265351	33.24298506	NA	5.889295398	15.95519605	26.12760638	10.70855797	11.38628907	10.71298887	9.766412644	6.406549088	2.771614632	2.658128499	5.845770858	6.595383226	8.724436775	8.890823778	NA	NA	6.134829405	14.39294469	NA
ubiI	P25535	16.743853278741735	40.874643761032885	25.86097417189087	12.579528233095003	18.548255694357383	22.639144295301747	19.450176615902183	19.541252428538375	21.62322842466775	19.0867943871347	17.16142289321663	13.393894375392717	6.473815175293783	3.1716704674609	11.453303417625161	20.928445275251406	19.151573772551597	18.621301352681975	16.9293776149848	10.339286901096324	18.489671543392767	21.397748300871207
fucI	P69922	2.5359535147054184	106.29400088639143	16.195433435359426	20.31139733322968	10.063158132457636	5.922913110773178	5.043385737871764	4.713899758065453	10.565892948179073	19.921877373364616	19.174565802095245	23.08241624621385	2.6802925209701343	2.2780275291529106	3.174272816834337	3.5785371361049463	2.0813335315390167	2.4258818627779144	7.690880154853795	2.013584401449007	5.052040859910329	2.8128714432208572
glpF	P0AER0	45.661209414611044	628.8263227461324	2534.699321991231	70.34588068224775	67.32325322102643	60.613184165851415	1288.90791349575	82.45984643790567	91.12500749410047	124.44700955948741	123.80884270231537	116.8399777489709	390.03487385466696	235.76876215986795	106.32515398445881	153.57998018229813	156.78058527240216	124.74783935062982	80.44813375008219	77.35810056843263	51.0567191166005	77.25851574963819
nanE	P0A761	22.152184243854414	872.7071246079165	140.62150162986276	26.540170601993438	52.80199689319524	46.977913958908694	51.430597371582834	47.446950149059035	28.325136552082142	44.51452816486819	40.667223034941266	34.936486466345436	14.883000301937226	11.84827471354337	14.250397596718466	17.103265141806236	16.252011114615136	18.94369977795969	64.19790432781858	48.83136110312156	44.79931680535703	25.446136127109643
srlB	P05706	9.503681476764342	522.2867016237278	42.668343097205195	3.167964586300092	8.037507735172591	39.18525370346982	4.077634699236599	7.468124967252034	8.12870009106721	7.063379727305762	3.191812163389208	2.000875464860783	6.341435298875323	11.528713422601934	16.785717324509953	13.585238105828003	3.191138366757609	4.0254900002325025	9.112076052384976	2.946997308207557	8.688117531572932	9.34845421394072
diaA	P66817	292.82260439224154	285.4631900768765	324.6615902781226	192.9193763780069	230.91172210662205	247.01108462557423	218.91151103841068	227.40261345944964	197.776147331822	139.239482798497	128.35555949942352	99.61420875459612	70.5415820555232	95.73589225970618	240.23242162372907	264.46217371520805	212.478819926952	212.70245273417885	166.0636513834907	142.00559038685216	131.5878516836292	212.60804526169508
glgB	P07762	75.85837907831791	105.44862030753653	82.3001902168854	66.44269178449588	74.28663297254326	73.8611399958521	77.80768792932156	82.44052893737108	71.46225151467819	60.452531771923844	62.78954095312854	59.5747268747424	38.24989464797289	50.86403142175418	55.27599675027932	125.53956119996514	112.87079730612592	92.55225152360943	81.66574710589542	69.85770630192111	74.94528057030142	87.33071083068405
melA	P06720	11.989292562373947	13.894873030252338	6.785981355931042	22.78270254603986	26.939117087991647	14.76462680313265	12.669484594307157	14.373200929819342	28.887579158658447	40.854896784948686	42.69280434217473	36.823743023361985	3.344689398748878	2.338810952070327	2.3706902642237853	3.5934456886645036	2.3030084216368816	4.2968188568674215	24.956687185753665	129.09566975665732	19.65945530239085	4.50908255533511
nagZ	D0EX67	130.887279045572	197.1588638095534	138.23218327666552	80.84213157078545	92.94680419732029	87.18105816384343	104.42043739516436	94.20611891163206	80.06320714131378	63.24359004271174	51.20848812448466	38.51676323684494	43.839671698554824	37.44861254534981	127.72161278228424	122.29754465819967	123.134371720734	132.2998230181019	85.83358248434874	88.94378815036472	96.6276377093498	110.01474804722669
ugpC	P10907	28.687372016133263	31.2632853197066	26.861317637015848	26.41340265852639	39.97531303868805	20.55316205242893	24.847578535300283	20.824085342932317	52.309426124616756	76.47309853412987	92.23722586818617	122.6908859667598	10.670625912272726	14.96001941831958	26.908322569151245	20.776741785329115	15.21947692233884	16.95432096824899	43.96464626156762	31.48555317272937	59.5236885325112	21.224546534179517
xylG	P37388	0.9290932829100541	2.7644018154847805	0.799149033323429	2.0808923020591505	1.4390824275243999	2.387605873694896	1.4876389950089512	0.7725882806109051	0.4977737086950097	1.325010091169861	0.7702350333318815	1.3823513382809989	0.7647810564308619	0.24470734075347791	1.9159134099013058	0.8047775742556309	1.207521827671836	52.49109748818821	0.41237273706036165	0.6119459431354488	0.5631921148850891	0.4135140192504362
yihT	P32141	19.33417649	15.51548188	NA	6.966258725	13.20140481	20.91755316	9.662075096	6.443827626	21.06265645	40.2404748	12.18909864	13.40843913	6.413792469	4.245926409	5.987358254	32.52773244	2.372114829	NA	NA	16.95579469	17.27996186	NA
codB	P0AA82	211.3079844859568	30.67777585270446	37.2176023307189	58.116924984197304	190.27642075935367	191.26658190567318	178.92675764931687	158.5316969931319	295.89065456115793	142.5797957848252	62.35707122052576	39.294308394823105	15.669577490528201	20.459902559463483	159.00067594486399	198.93266390207316	124.24639321205028	201.27308664464212	149.06683889214523	88.97867006119824	352.2891019716892	343.98304969525367
purN	P08179	458.9730881464413	542.0651518010743	483.69755987258196	236.47674475820784	290.0619161844601	381.2074193485453	290.45653113412703	349.05608597216207	228.91808145723024	202.630977525061	156.97860178989507	134.5256466034157	195.99982599832146	159.87785440840378	558.9715126105791	424.92652473022514	477.45473021269675	357.3967699015855	263.06042157908325	243.59257398451493	271.25800672342683	373.90504149627577
thyA	P0A884	382.59644561877224	727.9151432557908	680.1899037260645	205.5721682758438	299.389662034836	335.2387301579968	353.51433499047863	276.016867982439	292.9947776688006	179.83288073109173	178.27616747351914	106.42449111376739	130.74263124502454	104.52614202473599	291.025068007305	190.85720761248854	249.72221802963062	356.8679749164014	284.03396906114625	165.4406362355107	348.35520737746896	435.8138087760321
nrdF	P37146	42.72291713963218	45.88056012660366	34.97704100956462	37.8566381398314	32.92565832309714	28.65528483868287	35.01505678650694	28.798984825549216	24.939023493159297	30.108719520035354	25.30031882194581	27.97837122560788	20.43027046976685	13.517390411551107	239.95582411151352	51.83018706022841	40.45298003982045	72.19475797697366	22.963161168780164	22.656279467298027	17.84029205721308	25.835890643255357
argF	P06960	149.36880750050878	10.77540242033871	17.38071222327656	39.69894093303884	70.06592909447133	43.82827819798726	51.93589533319072	32.06855344422505	96.78844846273601	42.04074104363151	69.18106342042665	77.94456073831357	25.47200541016305	16.488299376458176	64.81582947444562	14.838562583731372	26.434474107497334	44.94866642327354	34.95533758025403	23.92130493614222	36.35226425244881	53.65023052262804
aroL	P0A6E1	679.8193198492384	356.3487654715681	262.66506756389794	404.45719471898786	417.6875092248788	525.1389441315296	358.4618496989453	570.6652345794865	446.04447816354724	408.9199784773697	282.21462849492684	185.17766244047053	94.40400549346644	69.77528512569762	435.9899444824103	526.1261759344059	481.4828494531678	308.31283517410964	319.9412616410419	260.76168000841017	417.8793096239295	434.1037876026304
gcvR	P0A9I3	323.89380283346617	214.12516428178057	175.1511991287822	239.03537222832585	220.00983436455493	384.2806041120958	323.27178367705176	384.47930714597027	287.39353851205783	206.36918829032524	213.27889796489245	226.99438568851903	170.67316881962822	130.13691251581852	359.8059798510416	259.6857213504807	535.2735597756133	349.9109923288175	262.19697549649106	237.3167000148055	240.6970338968315	387.8431731588581
glpB	P13033	3.5967867296343687	379.5857799950286	359.58641182636603	6.307371317306764	5.88675462759366	9.848613982428553	258.00295840478697	2.7878240279358417	8.22097787828394	3.0698604493920305	4.696294277198473	1.9472076009421075	5.230798970664367	3.411512297053579	13.224256131966841	5.188581712604208	12.077956167580862	21.344473053780305	9.92420714681732	7.481736218780859	16.0498874038985	11.704749641210523
pepE	P0A7C6	139.6416611134844	743.5190417115662	462.38598290182824	305.41345118651765	299.8197974216654	256.7934224143136	195.34886497667713	201.01016814431978	180.8641394032223	181.60042844723122	144.26678241152194	100.49419183332115	14.916117793558325	21.361600743162363	37.21636365903833	36.778574357737554	23.097660344926386	91.46072043477221	206.9961360993746	115.52454957137381	214.26420949042813	98.16340515071356
sdaC	P0AAD6	66.02966336043228	2737.974302696635	981.7245369109556	56.56714745437034	70.00733688985544	66.43305284925741	66.91909851314362	33.50096243858055	71.06346522342973	60.553191543258656	52.49203268468553	49.94240336825649	30.35655465184772	38.74244094410591	98.12730951964987	129.54015650287604	84.07703356994006	75.06000472375824	71.75276411504797	68.4238769289722	70.54548563052249	69.5377339444908
serB	P0AGB0	188.37138425653936	224.67730936316067	237.51273277852505	45.44465514015733	78.23313551765001	116.79881805805032	120.29392119640154	90.67382222462744	86.40872157130357	78.72160306463712	68.40070266587331	41.37550379332811	48.54036028604021	49.59336678184258	118.54358221723317	62.93361305239979	107.76616122312568	141.2112773085262	102.34539659919294	69.58832675454371	86.08105264168013	144.12763449588886
sstT	P0AGE4	57.71319784829417	120.22228198056868	134.20945377582973	126.24238094502036	94.3656263780099	139.55471814396094	93.42737211812532	89.0563077232209	381.9888368558893	282.3243359844355	281.09548350304476	288.75385833928647	54.19886438100944	68.28540832053201	111.24787527295842	76.4735232196572	142.18963220000853	177.43221339569294	70.37907038342249	103.96114910530271	144.2489929935489	173.3183247912558
putP	P07117	77.11186742326103	363.7349466337383	139.9078398897633	47.482184546698825	90.02285483545461	108.67960462276946	60.52505571275862	84.46664873957972	151.7545750989289	208.23009401789923	161.38029413736305	166.29962278365048	47.01702949590868	28.247610355621482	48.12980955499038	72.77495640524818	42.662343600825025	58.881958356509664	107.23034232993172	67.1295326593772	81.62359229137381	54.650971492633694
artP	P0AAF6	588.3996053421989	853.386287714985	985.8832096530653	399.50929975345355	549.8343749959257	529.634534383405	535.5854544362479	559.9567468509294	406.35315331238183	408.08192462522425	364.97010543557474	430.8067284810853	440.14005332543894	375.38689620167617	954.2392265775704	798.3330739520026	834.5603191434869	666.5990060028886	627.4552853683658	695.5069993096979	736.3583595180163	689.5319706106612
dapF	P0A6K1	361.8805365	312.8242393	NA	216.1579335	257.0490606	295.7284896	235.2458613	182.8955914	251.4950644	101.5163446	152.9374952	126.6061615	30.25293708	42.62153899	224.9946491	313.7592231	314.735621	NA	NA	160.4054302	229.8991088	NA
eutB	P0AEJ6	32.184701440873134	63.31168813715222	53.9613111180671	27.790088179454393	32.4656135252047	38.48447973023044	39.55716152074275	27.07696148492337	33.59377856622747	31.954062931073114	35.81237187835035	29.75896676160785	32.922042737970756	18.157372754554522	60.06787466295054	41.04807538898	23.619448591421705	51.64161346909704	41.028026223406236	27.217744531369036	33.528526585081146	35.95211130182733
glnP	P0AEQ6	34.26031410815597	43.47286939055377	63.04016662107928	37.73101783964692	70.38146731495708	79.09791107900095	58.94728983061461	89.92542589919091	134.3979216389783	139.72561889427595	100.24927415198437	86.29341686493427	23.266519821620733	18.418270118165573	8.721578173158157	93.49237398813858	30.539671789694005	44.190742786965664	70.03891769418149	39.7497640712149	65.50906428565759	73.32179811502218
gmhB	P63228	315.8525128230441	296.63008832932763	291.1143056014301	273.1698866023857	226.35754848039144	290.88783702569594	278.2903160773838	249.69579768114463	280.91523248694756	247.6514593827257	211.63415372624195	171.39560275814063	164.01366963127774	177.92842792711878	532.742015817341	269.5871730858755	467.8838702517513	356.605989376966	221.56464139824456	247.14832781048804	218.62472977422144	318.17413017371575
mmuM	Q47690	151.20490768016373	45.356253217392414	29.500652418526904	86.97369597674503	77.4290343206145	83.98091112947957	89.27425210983846	83.08812798244112	68.36961062833925	59.7174226347593	67.36079912165911	75.98016298116613	60.50058649949222	68.17599517006052	144.48077819702192	197.8086766593892	137.79342181073554	92.12174579680256	92.70529301692423	98.27517086325295	62.05908812161382	106.8957654733518
patA	P42588	34.18909873968211	32.300356377795396	108.70712675081322	35.103139976864355	45.798475559717005	34.07563607794647	56.07782729314115	22.98960963713791	37.990710161748154	30.568895633186543	22.582596445812793	15.843229006502645	5.748314208052963	5.860062286470555	23.492519910961956	13.440348035816557	19.146998880916463	42.803863746212805	30.009681086952636	25.54341908112414	27.62341961702793	34.14378357807077
potG	P31134	43.61758608463146	1.2424174404568138	21.382050939552325	37.59365553578031	58.55852925750011	55.71176864171033	75.77130115956643	83.21095132133054	59.84424998108582	53.8174749103004	48.44504395397466	52.626277023277936	5.529135343737544	10.545689060278058	16.433912129613397	13.301862525509163	45.63005875549822	51.56992581272411	62.824425442529595	45.72309339382472	74.47468761033242	90.87621005425983
yecC	P37774	375.4267317116521	159.6304502612184	225.17355764430178	235.532318572902	284.92991228661276	428.9725550537195	334.94173063852395	261.75439741969	297.2794747995656	231.75988642574495	217.15461777669236	213.59974969932105	125.42591045595888	202.0884594367105	201.51757463346698	259.9621923572544	287.5900038376795	291.26841577055893	334.38261423355345	285.09446057991806	286.3117241252511	425.79164074621195
minC	P18196	170.82050976941494	162.64680140241643	178.71491187462473	130.03218000542725	103.96161830953282	130.80024031699838	116.25760661867113	117.54511658290372	101.00686635016132	78.13379219844992	69.50672934030179	53.89916800641168	86.14353495400991	79.24618753588373	192.40239526427743	190.31797670978028	187.54423092705892	142.94480061367372	101.29622384951875	77.70997377198945	94.92949539651735	144.83983790647616
zipA	P77173	1042.2401132099685	1586.7223862499504	1163.6431664394102	1236.738605457655	1072.7939978264562	1161.68265584979	1233.7165413642078	976.4274045302944	955.484623599359	1125.0860826454682	965.3664021668321	962.1225022090499	1010.8537831629183	1222.7159169514975	1972.5943348915223	1521.334287411287	1252.588466008151	1544.3272296722446	1214.766837892868	1238.8989019321978	1321.7617187261403	1366.5823891220095
feaB	P80668	7.561853516328314	9.496857562142823	11.940453435789024	22.625757440415793	39.934972934742525	18.89189617977695	23.19544975485183	21.67521347125617	32.33787035496844	42.56085907897878	43.79716230068618	62.877686941022645	8.464412029329239	12.916917174927068	9.662398116180412	15.694825334369453	5.744807922360587	19.85869964301247	39.71894883115823	40.48352487634444	29.853925553536854	21.98015162794795
narG	P09152	0.1615243538474971	14.620391987403405	0.2791301565010464	0.9517408404973812	0.5019245614412994	3.715683614863751	1.4546804770463484	1.6373643232088504	0.5064036418749162	0.774927214578211	1.2386004155995571	2.18241421574901	0.41107668269917924	1.4869428256862955	1.4545062847893098	6.87904018804465	2.591532539924482	0.8624406080966361	2.398311447182685	4.7941912468914145	4.731918219519431	1.1515069723839975
tas	P0A9T4	242.75910167728134	241.25801479432965	215.33937539717553	145.80238875065155	156.66005875448525	210.48695187154317	220.4727202024965	144.21460127773142	156.68363052241406	130.79273796771793	136.5270613220756	131.97460221250282	203.60244087760125	183.36281339981608	245.58538037856582	243.35169057433572	301.2096844661084	182.35790492702665	165.04130885225928	176.6900077168258	111.3280192264327	189.83403059012292
ugpQ	P10908	194.6437788668535	181.37610136645998	283.2281474436826	199.91060157879028	297.4517793285321	218.66028320904098	251.74886785270326	195.9261996001777	216.7931197888793	233.53029804125572	260.8340570619053	247.23109195536526	273.8219038586059	245.27156642412254	439.9466327768903	302.4953319899196	445.3600654784007	296.1331861509479	196.52196557956725	198.04221608008928	234.14337904199192	198.93497561149215
yccX	P0AB65	117.92883050151933	152.70857577480496	145.58748805368919	245.11575824794699	185.54160603707547	308.8531696571138	301.38935095935153	222.69479919383707	294.62927926134796	346.8866557181863	450.38298405554315	550.3439707655115	568.9098715934198	622.5640809612987	538.4987172750324	342.23073253268007	489.60884402485823	337.0275006008149	198.95088940259802	375.0248890518557	181.43144533849159	197.0780094204174
fumB	P14407	15.32723334	26.08854645	NA	1.867697421	7.710220702	7.660677613	4.668268955	2.364204651	3.488922324	0.535166194	4.124345377	2.534124081	1.334799705	3.15029584	13.92263407	9.127459557	5.335834644	NA	NA	1.475723856	12.91673988	NA
hybA	P0AAJ8	147.8476484	33.74621821	NA	126.1251815	41.96227439	88.61493031	33.76619476	5.144477333	45.59350477	12.40886549	4.323877361	6.953331301	19.72962966	30.00094873	28.9901865	33.51973029	24.09435549	NA	NA	0.113755755	13.56072174	NA
nfsA	P17117	211.17493133923483	677.485326837007	386.5919943352332	104.77869309812698	174.45449745082755	176.0190149734858	168.16967544653738	157.93321217715555	157.28217202576587	119.97496257016712	85.73109378526408	76.55161402683154	17.764446004555218	21.637195596828228	82.4446862427182	130.68050130912985	59.38524339033129	40.82530671392256	72.58701175550064	41.57330557457783	58.85889839579274	40.59151549037539
yhbW	P0ADV5	110.3727259647391	135.44973711735187	154.99625717391183	55.18532962393065	60.90461398493739	60.80590101691435	97.51203223222011	49.63278044567215	44.19717701562035	33.60950901687076	38.82058550849447	25.9080545444765	24.480956332185073	29.316690221970866	34.52315718327532	46.45369988059344	89.92857298513658	44.300771982408854	49.181383653467044	28.491181388446364	36.58276523990176	48.276031653845045
aroM	P0AE28	106.75213367818871	124.19686605171215	162.22789405217517	192.56244363784978	157.19046501632803	105.3051305451113	118.44257843081436	100.87981908438452	88.56621589568263	125.16492889258274	125.84301723868475	102.20329193678653	76.47966343421086	40.49531383061815	119.35084619955393	82.382125017775	89.78221569709852	92.8265149094513	142.99208204040784	172.06393310327343	82.84072547723262	98.48745229901195
hdeB	P0AET2	74.97639878444475	457.2906874439422	681.2658344485803	1751.0436002218464	370.84332632423525	452.24894891141736	100.04218573289461	70.9495304667176	310.71654825472876	493.43991437103494	566.7080337392534	741.9087694530524	7954.896843982905	9087.142209126188	1154.691360047431	390.60816206422464	7005.604176924884	283.33162614602077	85.61441325285834	606.5471132377409	149.93774302020392	103.44223645321583
mcbA	P0AAX6	6801.383328	8351.491551	NA	4782.799754	5370.063874	4942.227133	4845.837561	5156.895801	6308.503504	5317.733367	7209.113204	4928.367504	59740.18948	12792.77748	5127.983925	6705.242504	6545.798091	NA	NA	3402.454143	5199.357882	NA
msyB	P25738	3968.268165483019	1791.5548420895534	3424.5698093105343	6404.538506422584	5971.6180958424975	5977.114531979656	6566.933525103995	3546.134970994663	4825.803016027597	5654.073931836825	7061.119976096824	7289.638162334892	10101.93162148616	10628.035118498756	7899.0641304083565	8645.295825676569	10644.307439368604	4082.932807742434	6794.977548375716	9672.238746315592	5218.003261042146	4210.120547221316
yaeP	P0A8K5	1498.957215674685	2418.4296212837853	1854.1681040182204	1311.6279293521281	1297.719375942162	1716.1520530385994	1574.9869771901465	1369.26170293925	1888.8815055929754	1988.2327105221068	1847.1365499540825	1748.0272932175324	973.1329014565513	653.7699043910288	2268.393783208831	2878.79514845132	2809.2270520784227	1566.9821054730814	1080.7391936208344	1678.1592885550044	847.0366776330319	1249.1743422940024
yahO	P75694	4029.0454889751354	1884.8764199757738	3347.7551567585047	6851.948451318557	9466.772531045162	11603.81920299087	7161.2626496260955	4114.558521038848	5648.594044312741	9799.67450534825	12173.217108372282	14453.907730146158	23320.270875572252	19635.88112249102	9836.638607704384	3705.6794567074385	10048.439247810442	2197.1878015620355	7565.444903029066	14990.232329543658	6352.302466794452	3747.6583930433094
yaiA	P0AAN5	353.3252706551248	252.10814094739527	291.70394636057455	286.7757428203606	435.0300294746741	580.4414808859495	487.3665332150573	287.72058589804027	262.7320508893292	317.51835900044927	348.8242960045747	382.45508970070864	813.0060794004401	603.8794587601521	1165.5388510731698	342.5340725288911	933.9007627225121	329.5030420627491	568.1326420453703	813.2421927655388	441.48714204419264	318.7381693657674
yccJ	P0AB14	2564.98642356577	4131.914215983756	2722.2578104166173	2015.7858744227412	2672.5353899645365	3322.9789601636044	2970.94200823449	1770.0288875903382	2611.346097423786	2532.312345297952	2465.3160472085606	1956.0553079170304	1676.7807836510592	2152.659944314614	2836.2259169480035	2829.5478140375453	5463.6542160507215	2487.3957583648094	1596.3566465935132	2210.190377411706	728.236982315523	1904.4120641004592
yceB	P0AB26	373.1101399220862	566.5101371187989	504.0231557461958	251.65010672028794	282.3991868206074	286.72084830646855	230.90200425564427	309.71480996756196	322.9450637874603	346.2009563324409	304.63026648332306	258.7942945718825	416.4780502162566	475.8212380803045	722.1620586985938	407.52152520556876	385.07099786556427	409.38434735490563	280.00136554518053	175.7104660686155	198.51070312414808	197.73138078765595
ydhR	P0ACX3	2912.4446575881993	2069.8794666829504	2169.7060587188753	2780.6670628629495	2760.6499838769378	3722.6306721887977	3138.572846063691	2629.220291316059	3035.5534910595493	2768.982811403495	2738.9940701170963	2320.6485268918345	2218.084776018976	1916.4295423775961	5181.936997702047	3791.2060089241295	4937.190473494727	3939.646602899342	2959.81132850652	2600.5035320250913	2858.9293225938013	2662.097969637317
yejG	P0AD21	94.88227516	167.4875024	NA	52.82849093	88.4554954	74.31932901	82.50693481	68.7395735	61.13079372	81.07183226	132.0906607	25.87778716	38.07581043	43.44902171	162.2336191	119.1328469	170.5615365	NA	NA	34.39545889	57.39153891	NA
yfcL	P64540	450.42865920408525	891.8336939059412	552.7563852257482	207.9431734253187	227.83175854369802	230.2631032169753	195.18093584629565	177.27671225153512	249.1068101930807	193.61279404131315	152.10900059345997	130.08320955318092	108.73690526462583	91.0531061774384	284.72038036803224	261.3033026227523	275.0893076366162	269.4467383987151	140.73574846211517	142.0524048150728	192.8003557514393	225.12306459375068
yffR	P76549	53.41393319	55.4263453	NA	18.15262576	46.62897736	44.91396804	53.8368588	146.3376686	51.27191731	86.7410971	16.55374011	106.6180799	345.4194507	312.7901089	116.6000519	126.085152	67.03419003	NA	NA	19.73983916	54.80235584	NA
yhfZ	P45552	38.80683784	46.51764213	NA	2.712601379	58.81817588	10.01002534	12.68299888	4.557933512	8.809036896	13.42293954	1.530401326	1.514575863	10.79737405	7.686732792	3.683762363	4.241036404	11.74837325	NA	NA	3.632677483	11.04381381	NA
yicH	P31433	69.72678228573486	129.46913789009187	63.19687615620221	61.427843993334214	59.135164023311795	76.11152093252093	74.61025417869683	90.49328216808578	76.51435578808447	77.29913689915436	90.08027117974757	78.04342160942157	32.52347249534869	40.64473481739135	67.92432937218021	137.47387660186	80.74363306389507	72.15864475168874	82.78132594721313	56.81255755536651	60.37310008884381	85.95059350617043
ymjA	P0ACV8	304.44055364503225	174.57336844792144	237.27660969372198	314.45774478681903	320.26615250410026	260.7310797838478	275.2008462295718	342.44920030546814	258.24788500412666	249.01574444674412	209.8616352858075	183.86386502032198	134.97781115812782	169.59739398544937	553.0930310053767	283.5351326701748	598.9671081581207	333.80398261662646	270.71616774833103	340.545142590769	340.176833884419	302.77994777534894
ynaE	P76073	31.25603933	9.085174689	NA	8.285889854	22.39526239	18.89199093	4.118693398	12.94937057	8.932041851	32.11700258	24.90715429	17.4481635	24.25701597	27.67396378	17.06464775	32.9495459	40.76160036	NA	NA	9.882374339	7.304084257	NA
gppA	P25552	60.341134727658975	42.254523856367605	46.47677138269552	20.756672338619286	31.21662096621446	44.39601547803617	30.170287865619038	39.02768968584412	31.97666219590011	31.605100634933024	30.756270145338792	20.384480428964103	26.07761281889409	10.421252720651882	11.908285752423383	33.626105087717335	27.978440837452673	25.31702877188141	27.46971699250859	30.931229470970102	36.193365007899416	39.01513110106197
glsA	P77454	55.20379578970907	47.03848190319503	41.999990595186524	353.3901132358356	31.0438679934592	44.99418606653871	22.283374737359733	17.128938972591232	38.88071078623719	27.62293401164104	20.42622341255053	37.19748702832859	607.9380640769983	677.4423478476131	277.2429411547449	206.71114202901566	2371.720437475688	86.25326966589573	39.39473799575018	31.09807154208654	54.55425000060197	58.6408549396483
mlc	P50456	19.305606453082234	55.41355880122914	31.79145463824551	20.51519859490606	27.932329921259065	50.211472918177485	21.005054177240808	26.336754851591195	63.50635323799738	97.17353636679108	79.97861005673964	68.44941600471239	15.336319522829896	14.270422744189807	6.281937892974826	15.243282590700684	15.364626835894034	7.0313126498968135	33.170391803377335	18.934955973921195	24.085222936895207	15.903319159158203
msbB	P24205	70.81306734104142	137.42157711880034	80.76153837850214	49.57219616494388	57.10550748081387	54.38473133022656	67.43247952095342	47.03357958511638	63.61175615536882	64.0731665733676	54.998012577659736	61.99094821882451	29.757193309452173	28.597039145068063	39.741746587253076	64.67566183455999	69.05576432986305	54.10297851877122	45.88806094291925	69.18448699924198	54.04735426589343	48.80950995177253
gyrI	P33012	499.0100388	784.6967161	NA	491.0716595	384.7523418	738.097603	444.0483017	356.342973	597.3501122	589.131617	946.7175319	1140.279936	1693.029215	1509.255847	314.3140147	468.9355473	463.4328563	NA	NA	379.7126661	281.9081437	NA
lpoB	P0AB38	704.9811970839243	843.1869313654277	714.5002239732589	523.8720407953549	635.2081053352388	861.8307141249236	724.0499885314089	567.9292292976618	586.7330667390802	469.2159963842752	406.23788628543633	342.97013460845415	444.9891769260601	637.2608872784957	817.0359666242922	889.8664996163996	976.4469048181063	539.9653602199136	531.9195436917836	440.04306175131137	505.7867778955934	588.3267163069348
nmpC	P21420	16.87404223	141.6603823	NA	10.80381222	36.90029162	16.14990635	14.79270142	9.914995459	37.54932817	31.62161326	18.74127576	24.82036707	0.579899411	0.745149125	9.362974857	4.156062891	2.49119529	NA	NA	3.688237549	38.34459276	NA
trmB	P0A8I5	443.1700081089474	895.4480758397873	714.1859888542721	256.4916919220293	314.4094476172086	327.5603434386994	338.9834266548108	257.9133713084167	267.2562228370008	244.42196315040331	199.53070833623443	187.17254607593284	258.187349492118	253.04325515422312	427.13173482254683	513.4273158887347	418.871596898771	395.3325446576444	299.89622152407503	279.7401107293049	322.9450995613275	397.2893933911676
ygiD	P24197	207.9007202	43.87827217	NA	100.9879258	93.03896525	57.73970981	72.25147169	46.75313438	33.83318266	71.33599342	5.034959017	27.95750519	104.2069896	278.607524	88.79717881	154.8905812	232.4194024	NA	NA	43.30571619	42.52934992	NA
ampC	P00811	19.490487455074767	37.18873980606322	36.88681679161783	8.393843953760665	13.444146627219231	13.126424644683803	11.177674971301048	10.952029306466448	10.05439282932784	7.429644028747488	5.770098680684555	3.8997613186765903	0.45807664931359865	7.124924013207623	15.213108691355227	14.082558138546233	11.084613625283039	10.174721164290379	6.915416149622207	5.527557991353596	9.085833467801454	5.193549987611882
hsdS	P05719	19.223613050283646	66.27264197890725	19.930710396099492	5.553697246326204	10.40802811200642	10.211507667191158	14.229831718975756	12.563034354960338	18.749890167652293	16.402269921309884	9.369510326982459	8.369223088824253	4.448332092623857	3.186608708298605	5.878511406016708	21.862726704219163	7.048929569409053	5.800516117672698	11.452150177592797	2.8436000699125734	10.875749074821092	13.633493364544744
ampH	P0AD70	36.3749978	52.59607428	NA	26.10382662	29.96831233	38.65061509	24.07252059	12.31692577	23.53349223	38.22160362	32.72994694	44.02350563	5.473077721	6.321159555	25.20552872	43.15042855	39.07351495	NA	NA	20.40514169	25.58983102	NA
ldcA	P76008	107.15946810409451	109.5233847187989	86.74008280833831	84.13777956951414	81.39919913059752	93.89083370894596	82.80576659119126	79.33951051979136	63.592558065944715	77.49676488590529	62.291010811049574	62.659907390112714	41.5000657765576	46.163653806129716	144.24168821789377	112.45537108318891	107.46989449739111	129.18984066710067	101.10699216539126	88.86315212864206	80.92756420427908	86.69905678028992
secG	P0AG99	2474.871593329346	4283.3613280791815	3777.425010851893	1093.1940522048737	1971.209552118818	2100.68082050899	1988.5568727230652	1855.3378162153615	1768.3602578975056	1313.7594362155578	1182.6952584116518	949.501062480846	1535.5854101073257	1283.9140326496315	2750.291016776529	2526.3319214716234	2211.3801710246403	2044.2573560684355	1667.0929030650052	1251.1054632400287	1773.700305479317	2324.983684599194
tatC	P69423	213.22165811292072	455.64417774287097	385.49477586799946	154.07947976584973	207.33184218148574	260.8639516254003	236.13374622160114	230.39962149892148	303.2145101071921	226.46885813549255	181.73490706723575	174.66071565647744	66.28725896685535	71.36890512426508	122.37893249578559	321.3741039478219	137.73582425735927	294.4593067734825	228.49480332823535	219.28402453238928	265.5013526706078	421.6889308446753
secE	P0AG96	151.94632571968893	290.73245372525673	240.80203495807208	81.85558923230406	156.93100996852533	185.96048653744649	191.07345891626187	131.85110311102312	221.71542976983935	154.30836019234653	143.3993039226296	102.88205684812061	40.144789035136036	36.79458742351303	78.24485299614017	159.59303880568513	94.63306255788568	151.3125144989155	143.13085253105058	73.551722082354	130.39429983816999	194.51956433462334
aceK	P11071	3.0956226245321266	5.289445259415158	5.769486350115779	47.20362309931432	69.94681988492073	40.35372529327636	16.14873460987674	8.695896425105522	22.329265485631442	30.396831351753285	42.67668779004604	60.515339258090684	1.234243019418573	1.456730410412486	1.46919540874583	6.1318281827728365	1.091718140959626	5.017807814216553	12.411144738051465	26.250664543653976	9.229964231917693	2.9833073034704247
csrA	P69913	1906.917106862981	2612.4190953511834	2263.4994976566973	1300.9397044755517	1028.9340675257015	1161.9461175125234	1136.5475831523668	1290.7224641999696	1012.497368655304	785.0313401611913	728.7551364250389	691.0433641879458	1244.176381841111	1054.7694076036705	1552.4949783209393	1111.7510269841448	1155.2804309852236	982.8256306653049	1004.5174703555862	649.9489825411953	858.6719853477583	1035.3771492159863
yedV	P76339	6.995257694505229	0.8109836846974366	2.5109584024197957	2.709838681237719	5.925348321431479	3.4843976379762522	2.97568067238211	2.8750528944088227	4.133244991134078	5.353770638308757	4.49272240867612	4.592246772432831	1.2178288138297086	1.158279058949202	1.7659090353687652	3.8688122091284427	6.014219819656434	4.313840874576927	6.427765672026657	3.8328218511541534	5.780144870013864	12.946054963109885
torR	P38684	0.982196422	18.86404524	NA	1.13634342	1.905063344	6.833655453	0.25693285	5.173338643	0.677297072	1.984193402	0	2.227322036	1.007976308	0.749348104	0.17394812	3.861971172	1.799810106	NA	NA	0.423854478	6.517973183	NA
yedW	P76340	9.784231687	1.075656569	NA	5.266945373	2.496746684	23.30704361	5.623152877	16.60074865	13.03872789	17.83914995	15.85299823	2.241106621	2.06993718	0.326600267	0.489196034	5.373304084	0.904843638	NA	NA	4.193834485	15.77173427	NA
hdeD	P0AET5	2.057715581567169	0.8710216715467355	0.06557380149121884	29.033792108420116	0.8128349404500846	3.734853289553351	0.02761863180810452	1.6625233677279527	1.7425022853659504	1.8740331891419686	1.6341715113062527	3.9248530506547943	2.4242169598558565	42.98035753253424	1.7828664658039108	7.752279691155533	343.0350678697238	4.487228746674002	0.7832340417617554	2.4189408213201573	0.6552579218623191	2.027435183726284
ybiX	P75779	14.342078516514748	5.287386430354505	10.044115562583356	8.21041873676774	10.329409984366091	8.484003040458582	10.034677981047956	12.68599510481629	6.256335439033819	3.711254948115006	4.080814860370842	3.607120983467182	26.379652302136464	25.149682156804626	79.79226259198796	12.533221045660621	26.982501632326585	57.669796545193854	13.87767144887764	7.904784602657277	22.546752325362405	23.525062228382204
ycaR	P0AAZ7	1959.2669037718456	1497.6003781444647	2775.8943690502274	1018.85894098499	1565.719733656553	1767.832633521951	1895.2156094206553	1537.9050560080032	1308.9678209808399	963.9218588221041	939.4077943192885	794.0792700807928	695.2707718005521	442.3838702344074	1874.1769648036118	2209.5023032792255	2083.359248226331	2198.4212920838304	1638.4921541237168	1363.7082367271898	1873.957658634883	2147.2114325051753
yfcZ	P0AD33	1921.0137570637655	3951.1586967208427	3438.0744834617803	1746.7423327815302	1953.527478013249	2324.14755141577	2058.8122576291994	1951.8444624631616	2153.1293916997656	1913.7777880632898	1567.827615364463	1424.4061474906066	2278.0668447239127	2288.1017849301215	1817.6350383063077	3440.787005620125	2595.519096275751	1359.1667483945555	2445.459325861258	1254.8641086969947	2214.7149847738406	2033.4553035063848
ygfB	P0A8C4	972.7940423052332	1301.877598584078	1320.2276903441123	630.6771799529924	819.8133008286766	614.1941715452398	753.7860361354448	852.811182385478	629.0406039991866	519.5992368318427	447.6844374910371	358.3548157082201	614.7425167750724	626.8283974182995	1489.1951756205565	985.9245148386287	1212.6523159273418	862.0087259694425	776.6123175796745	574.7529240376782	669.93304555445	697.6774963273372
yggL	P38521	2920.522101406319	4522.72564052667	3508.0948044469956	1781.3367398687121	2775.047542894905	3289.705695573377	2845.3432088936706	2518.0995396773415	2477.316265159514	2288.356211330768	2081.492347323269	2154.8234195467603	4154.69008426723	3564.7650431552374	6162.42248945692	4539.168747015991	4179.021027182477	3468.23898050375	3293.194022985786	3546.719368012394	3546.4541925453186	3402.222611326922
ygiB	P0ADT2	126.94133660526605	209.74258771073045	215.20349153939694	106.90972413806794	175.52604424482666	135.7298187586596	154.50143442364944	121.33375694092456	201.37189850006385	151.98288909630807	126.18040068634676	161.34948274190356	52.72756802229804	29.666373660045625	278.0193521167526	141.5925340366404	278.7728263226365	193.89025087163645	111.19592108160865	114.15747215294991	92.6976166063281	95.90975019599966
yheO	P64624	522.5059127764721	694.1794001981565	557.2558010711452	516.4315203156483	392.6568849726352	432.5256322809453	462.6924361885486	416.0623409305134	484.60314459303015	469.9104713980783	408.4965400016798	351.4280878327971	110.40947168427103	180.13837038227285	276.7312194568396	623.1653789506328	564.1264188115441	459.71196432777504	447.9769676810157	303.99046458028863	262.8079614331278	321.9007441822639
yidB	P09996	511.22892858146065	605.2161624428403	713.7312385275435	442.7156714952728	521.3269419273621	566.6891395240679	652.1159083274536	667.0391589129805	524.2252199785029	494.0661767251466	342.57613837946593	582.1351140963156	455.50810200817034	614.5930931657153	1015.1710612876166	843.7450797479073	689.5675442208205	608.6102761186823	615.2509254386785	775.534366985354	492.2644049924718	576.5189302443865
yigP	P0ADP7	40.775530103596076	105.73408086646295	61.631723494333336	38.8394009056194	30.192763521507274	30.68123942460821	31.547891463911792	40.24911905213958	71.39717121430458	63.603909402676116	66.06964714071539	66.6345209180575	1.235826092981541	3.119457218798035	11.056241251276225	19.281097197335644	8.431336587919347	19.56167082368034	34.147137464301935	18.837328566157197	20.546519419851037	29.73474646429124
frmR	P0AAP3	365.39297200820715	553.7932894893977	369.06586621895224	193.13192488539303	331.67664386514866	345.3486692676243	373.47577976322987	265.38754072158196	250.54168667396578	206.06773753937364	186.89847158968357	188.82436706593933	224.00712653743616	200.45831702773157	439.50223300399745	451.48114642854944	549.4590972364688	310.2872862097232	276.08856994652444	244.6604009216608	279.3265971758132	286.9692079637865
iscX	P0C0L9	2607.33111	4556.815625	NA	1633.107977	1556.27616	2453.325441	1475.862386	1398.87903	1798.269876	1607.280594	1722.824468	1246.711	2590.326849	2150.726714	2069.028276	2163.415716	2300.235452	NA	NA	1330.872261	1578.619381	NA
mraZ	P22186	147.71368755741273	85.0275711606839	109.0989076992897	153.50640869002368	147.75898021573707	124.72197315342883	136.2054431095346	162.45635035525132	136.3623771573944	105.31047017844617	97.75573168251294	111.76492263119128	207.94025544247322	65.62411910374155	134.6846007692939	171.2013928796484	180.0942026539468	153.7424353248871	99.40909300031939	158.3494466681922	94.51492327942887	117.84850777038177
rlmH	P0A8I8	56.48362486723986	129.48623711010606	95.32334767341659	22.927958780754647	37.640622649533185	34.99160849998909	33.23871066724831	30.17309096630828	23.73196894274232	19.179346611433655	15.467168733725277	9.121004399649014	12.864028215118937	22.79382707434182	57.171420900789286	18.32432904836699	44.45680585365782	32.388223196103205	27.594676903663455	16.202091042355548	27.778460165304907	32.09487142546808
rsmE	P0AGL7	136.4184147927551	141.59088459888412	207.1657342692185	75.3386782956058	106.29821454563118	123.92149606624247	141.35358948443985	115.86737870737808	82.50351149563267	65.6648457098009	63.309280774784455	51.16650441946708	92.9987379860784	44.793688424771226	122.5341407176815	142.72586582638027	135.9131167518326	163.24879467313605	78.46146808577325	117.54154726682532	126.72267611519624	142.98878685830752
yiiS	P32162	341.75382902316534	410.6145208345411	273.2373733821748	393.0731114108318	312.92684350301164	566.6296700958661	427.30306415733406	221.87133835255102	357.7448071009842	284.9006673983964	270.9868828012585	303.37455842931826	1963.9946681102551	1891.9460326076376	773.6158648056168	1092.1244714183604	1033.4402406051674	390.2577470740661	331.9750297497359	376.5019560531661	275.0991732296816	317.13431367690356
yoaH	P67338	84.20791481	57.28806128	NA	62.31184025	101.3792351	69.49482944	89.46037463	46.91854962	72.47037124	76.64388037	290.3083141	38.51288249	66.9014975	78.97353003	53.96973471	72.40871449	174.1267531	NA	NA	33.47478435	68.42396193	NA
ratB	P52119	126.7474893484736	136.04217469309492	87.3432065886788	84.16461244335473	83.72153717226996	72.60235940469202	89.35122259906431	73.12240063845998	83.59826064557208	59.7317117947115	65.06921080327888	56.90967951099183	39.56407407587162	30.082523823645214	110.34812775190693	134.7220025047462	86.30451366905811	115.8095397674528	77.19172946646866	73.52560796253223	111.58374687459279	151.78330705976856
adhP	P39451	26.236642677490117	48.232543713968	32.20280792894665	69.76895502812387	26.04062512046002	22.243977690058237	26.039810654273186	29.105585816678573	28.02436337127565	26.28838545532459	34.89975773281617	25.293125275141747	3.5966821231805817	5.454750874310477	23.747995213204604	9.777346181543553	21.621962374880372	12.68003451366518	19.773749571456687	7.195741530644692	9.038454262376602	13.670953769911687
dcuA	P0ABN5	199.05919080214076	787.2056950632752	503.8202229958325	169.79209545107054	227.33674833723776	263.957882608723	253.44694113988356	278.82311964131185	482.1496365503042	442.8825625028732	398.9181823685864	410.1961038176743	80.08931294573537	82.01405434371978	93.22921249357579	221.13824819087822	115.55121661024155	223.58388389865559	203.9700725320533	137.1479109352656	150.04052938407597	286.1313770728071
era	P06616	45.47055107700396	104.14066038103408	53.52046741574242	21.28160098425417	38.979951668161924	38.35648629442966	35.639859224669195	37.10007400456399	34.63891837065022	29.327116014086485	20.61195135626928	19.08605421171771	18.250475808590288	16.93608846872135	38.448390415619855	87.78146221441493	73.48002711280775	83.4301838311401	59.91815119681707	44.53511870131224	69.37318291889815	75.56657334632142
sgcQ	P39364	1.025672420191357	0.8212153401108139	0.38550360034757025	0.12157289668003637	0.07924751220044998	6.693344611444387	0.07643944364618778	0.5008685488076886	0.03580243014511767	0.24315876126566568	0.15306089016531238	32.669039666235555	12.091455937738086	4.333997881171161	3.8483158825338446	1.2928166011367759	0.010416023952586874	1.0600405054691757	2.3913435093417643	1.0896389955806633	1.1989296913383363	1.2081445239176944
ybiV	P75792	135.48084758431844	95.34613939085843	80.90992613321646	66.3397873766512	52.75974735874571	59.05809020236393	76.203302180943	76.83832185997547	73.85978339307533	33.4146127140157	32.34691525624158	29.258285387049753	51.45961614586041	43.9906928113665	228.93724593740356	170.47365422058152	182.51042594444826	151.72810278892604	75.82753792527016	65.29604074483326	81.06140860709593	123.92899333362163
yeiG	P33018	129.194172776601	90.08878838106214	145.2167674098024	149.5790422894191	157.3594438163965	167.8294231070824	167.43185267320462	135.9599636380585	234.86370839001114	193.40690540169044	143.37728108299794	118.91912340826852	104.83630509882714	74.8190970894797	201.21939469140494	101.26561586051969	133.63012055959047	128.82586798706618	180.16016251121144	138.3903551699857	169.50584671343788	154.08646025604133
yfaY	P77808	128.381182119753	183.6192779944491	113.06448645891551	71.89763257362766	65.86385285633548	126.26002601779183	91.20533744070129	78.2210178113007	105.45831026686488	93.8167354667848	100.04343153078206	97.72416842710267	55.90021160322558	55.8465730590754	84.56658548214328	82.74443540944742	117.956785383053	125.18777528742123	86.42981681455576	83.26940068145655	70.5805174981388	124.02184983663619
yidQ	P0ADM4	488.594292754624	491.5577436076977	658.2425929341402	241.72687854777573	329.91458819006226	282.0923510760447	278.71504804703324	313.5929313256999	225.76757051818376	230.96682693164541	226.1606782348769	280.7599516532295	180.57889409489178	226.430555501875	315.68360481428823	288.9128615575806	299.0337175391721	236.9716142775429	291.6913637883713	260.3953167014143	245.00004290568398	263.18235795146603
cpdA	P0AEW4	170.09407873092476	200.74095457970506	216.12780171199273	170.67510838388452	198.0121394481182	258.3648844602656	214.02372917560922	213.4754656662092	171.05732489505445	168.3742001637336	206.17768909791042	270.9341880170669	288.27632167971893	211.7780403015406	290.2872192804583	224.9014241948108	264.0689411308082	245.18180449654483	209.30936722571568	238.40862584310102	195.7252563013618	219.17328682367614
frmB	P51025	51.96204424	234.4564166	NA	39.51243927	26.17312651	43.63978628	44.3868788	9.809494362	16.75342249	10.19091088	7.379800814	11.5179403	15.48944221	6.589986665	56.04962151	59.81888381	54.4105145	NA	NA	17.77453568	31.58236708	NA
gsiA	P75796	7.035680038405889	2.2643616860642743	7.664856658681801	9.194000289624741	7.457936465629699	12.190914344712867	4.799249279607695	6.0559341104492725	13.79240719007705	11.411997002064581	9.956116049633483	8.471269795173194	6.683988388036914	11.627220417814103	9.2628185407552	18.906466659477143	28.812525953735264	12.745875127310187	10.365433977907381	6.591806144794692	8.52879538035544	12.541150599706356
kdsC	P0ABZ4	203.00250102130224	375.2121583314014	340.6366823863942	177.45291540905282	177.93455364203245	158.66737091288203	189.5737318082229	168.3541743320055	211.8834458708954	148.9119229160546	157.60703957211612	123.47521090686693	150.9039892381391	160.6806518913086	344.9222947290574	206.44625870134024	308.5714402046522	330.62920369161236	175.82587695895205	278.3443169885156	275.3569803528545	266.784911986706
lptF	P0AF98	73.09180883313151	129.26856603861464	105.86910600778843	65.13644329811099	77.82606744403894	97.31735908867901	79.2979660649931	70.08548084576604	124.6174015269698	115.29017866146964	112.92740977894609	113.58202214486984	22.666779081118545	57.307448305206314	72.23507146804859	91.11548424865359	73.40206249606352	96.91076032811027	74.54500255076796	87.77646439269529	71.91450521865653	105.84346645038563
lptG	P0ADC6	88.75544203300691	157.66815602266297	110.98734264676297	42.625369044217585	63.847470616018434	76.66983080117711	69.63541068502755	94.10514522457981	108.45278995751042	99.44675715749902	86.38652143168247	91.53207662739896	37.35718731395829	35.09392238160701	44.86253228685577	88.31569830733353	54.85043764569458	129.47770027449593	120.9595092092273	97.42221987326614	98.9420672496896	137.5325343951016
mlaB	P64602	621.2672359530213	1125.90640802269	1078.5460364777512	340.09088109198285	421.83933031310943	470.665576676887	600.3410809172971	518.5403867997803	702.2713651092728	454.7651046378477	429.91193903048685	317.8869115754712	234.45355653013826	234.71808886892418	494.77108956015286	557.9304592890937	484.9485349055699	571.3014831123301	524.2372087655607	397.934622657397	496.14124678310907	825.5636427120749
paaY	P77181	7.399034525803019	13.288355013893437	19.056529263892568	13.28823979824248	20.131215057317398	15.628403460883726	10.732204307073648	10.393159994928004	11.845559182329641	16.037309491466996	14.5398852440491	21.948422656027823	4.452120917815889	6.154124240910297	17.08848511057807	17.534002451318035	11.532916898012775	14.479394486585338	22.568957189953895	31.382046755111215	26.366074664191455	15.784567123817611
phnP	P16692	51.05894073	6.405958286	NA	7.519647007	28.49207773	11.61579465	8.560286204	1.969575265	4.93640596	19.49281004	11.48684406	6.867999738	3.262723434	9.704071773	0.937043919	1.708603101	13.05029326	NA	NA	17.0724114	9.951739037	NA
ybhL	P0AAC4	65.33342499451396	104.46275506352555	76.90270723076033	40.811648808671784	68.80494069814732	101.09438932406977	67.879998458676	47.23317975551871	77.14559670649206	62.3947621546986	63.218660752760385	86.16720572049516	113.39069782319278	59.44110433590364	119.91252779016756	113.14235333006539	148.98519298494753	86.57640242382008	60.227262109070566	56.990747247247114	53.250774721883566	71.79087223474227
ycaK	P43340	44.95472877	16.45345533	NA	10.17206887	35.54587761	24.47597832	28.35615444	0.278032921	3.637885717	0	0.021915321	0.357578371	0.256173257	0.775867021	8.615098549	2.414545751	2.33090225	NA	NA	6.399826642	2.061973196	NA
yegH	P76389	21.569825661655386	26.401366467096896	22.629732622538747	12.430056731546879	17.462155300035935	22.5316478289692	17.701430310714482	21.316080288956904	16.16106605972648	12.226164697223988	11.373612696853009	8.87938047439747	26.886868852015198	20.022309312112316	73.45367838127372	15.138397325281543	16.289278616551577	38.56205309613882	15.435555406580752	7.567143067476822	10.914457397116294	18.87032283520504
adeP	P31466	91.30337255681573	43.238808698119314	59.7549925694775	65.78803852287494	76.99399711393409	83.79053483914417	76.7428156486229	121.10807276741164	117.07037583865194	102.81271472943216	70.35600017569382	79.17074164341824	36.142880577219756	23.467449983766105	71.50027707013018	62.74793868517347	71.87238459748795	45.75994079194903	61.360038270465424	32.171360170647205	56.031777406237936	93.04656142319921
yheT	P45524	18.41074263	38.40322849	NA	3.180690134	5.741811017	16.39099806	7.866819574	3.450395291	4.009972883	1.916980329	0.221353274	0.344080562	0.714014894	3.091135951	8.026937378	14.60559481	2.730781477	NA	NA	1.504089218	4.656032194	NA
yieH	P31467	21.35741731	21.79911492	NA	3.929273607	1.319037053	13.09554244	7.066389875	7.064299811	12.74753404	7.088037986	0	2.201701522	1.08829742	1.115925663	24.01992985	32.82244546	23.9772974	NA	NA	2.464415152	12.25414686	NA
yrfG	P64636	61.59385715	147.6201663	NA	14.92936788	72.66217208	66.59668902	43.21286277	28.46757584	24.78660187	113.4546232	10.87571196	16.01141914	12.28578653	18.83742028	18.22198199	33.6004716	17.16075457	NA	NA	20.11098877	35.05247081	NA
ftsP	P26648	36.46681881212045	49.14493881267299	52.301156761514754	16.6741625234824	25.947563471322606	22.70161839330253	24.587236330567748	25.07077189265272	19.73984934739447	14.471425149424768	15.764295942244614	13.521646492611133	17.342203557739587	22.627355387908825	38.777853241571606	47.184723725719586	53.1531282520358	40.47563388929802	28.727261404132978	54.30310647878453	41.99971948320988	58.522239716106725
mlaF	P63386	68.50338036006114	89.41530696780279	63.820342827307	36.87946194589807	40.57089981488553	33.62916945693764	53.24090407281608	57.37713950081013	41.08650881827633	37.95341367685615	29.208110275247456	28.518475325037187	20.23284445466869	15.745044684700828	28.970254377289493	75.73077153811704	26.646452804501934	37.1766279430691	21.269376150232738	41.09188243067894	43.99021792106551	36.48919985089443
psuG	P33025	7.0857805487706935	86.52481660577955	98.25881411620524	26.70482524708942	61.97981727616926	67.41692195833491	41.02844619968812	29.174833441131174	61.16834329313524	136.6887553312287	138.7583314298264	68.49631637922504	16.915438030008342	4.054077891924174	44.23477582601751	4.571290052434047	5.706535240355743	3.780997955089236	62.22540013270389	44.94722919696248	73.18746253666372	31.536764683686062
ybbP	P77504	10.576859536801535	19.25526556812792	5.579180019143894	13.64670408127444	16.20480390602388	13.576253358509485	17.994926800962205	26.963325709930462	15.120380337058876	19.608972539403865	18.98822376835421	16.18632374086522	3.5094547984473685	4.991704323361248	6.048529136252892	6.258481375836194	3.5251333082111027	5.835499522232676	9.06541211948954	8.246265236725055	3.322799092558535	9.21440384503496
yojI	P33941	2.4408507982731242	5.30571611606312	2.881828866168966	3.3461730542323016	6.121533867874712	5.032650945359112	2.9047781231753493	6.891311912286611	2.9512974585880207	2.5829599936216385	1.6638252061802896	1.7984600904770887	2.0136337864269196	2.168046653684921	5.775450595608533	16.918837191519746	6.688373743006662	9.365535823943327	5.391811391219406	2.5727930277546243	4.187146681882315	12.6110091281559
fecA	P13036	1.5648947785977259	3.526894001663238	0.8944000444448427	4.108638122661777	1.921186325407288	1.7448571558376926	1.9376813494970162	4.013962842109882	1.2333963639427878	2.083702025373291	1.092004851961673	1.0391503150174826	9.614348957642916	9.704047029492996	11.813376687121295	14.346266219158851	14.906666749820598	6.331236550866465	4.527906005842008	3.233450872079136	3.7300193171429132	1.1986717130147726
pspE	P23857	116.23180469607382	1549.8137195538984	1499.6530833734237	351.6768596624483	444.89130470604056	233.26176835200144	284.71907735727774	437.38803701753517	281.6864506895856	270.8924312219281	119.28832086040488	101.8279997725354	79.3448826264796	67.69362709678809	136.81947180349744	37.82080804126789	112.38287321741468	122.9523045614154	486.2343248870213	107.29597882560529	338.39241625505906	156.150610610716
fepB	P0AEL6	76.52989644672675	33.730223997831395	79.27387653856263	70.03817582669225	62.281800158987835	63.25371924666206	68.69522645619561	87.39090903762163	67.64049110197564	45.461197164911226	38.75182403867569	35.857936684693385	142.05826259005352	107.37431430483714	177.53347337769347	77.75463405276068	94.82058880276067	79.2568626675277	44.004937293256205	31.26459141682955	46.567621957389534	59.89997538041689
fhuD	P07822	45.65454328	39.69823811	NA	20.96801353	46.78729852	48.95067277	30.09934049	32.14642819	44.4932846	61.24240482	1.518680668	25.91616251	14.32945411	18.35824912	21.89562208	63.25574685	74.03568743	NA	NA	14.34545046	46.64572344	NA
kch	P31069	54.54401173468786	76.76584811629084	103.5191813665607	36.64028071441502	37.29871098050272	44.605032623651944	47.601205965803445	30.2911914515517	37.837826206155135	36.1173816334702	23.277610281030558	14.70877976404084	72.70200677282915	53.733626971191875	152.64672634974792	121.21867545684907	246.58789767766825	119.80248583134352	66.46954048420406	47.24864940374139	68.0948667464305	72.0042180221446
kefC	P03819	2.2344236981881886	3.6168106088747725	3.0167085977269714	3.500081669181287	4.586122476764111	7.750921077477185	3.927822367472976	2.623229832599558	10.552186653398033	10.200787077265748	9.303167700202648	10.30070448767072	0.7010397105872977	0.6713656880019987	1.2126620409745652	2.7804582693558095	3.3455677313856764	1.2677256971356385	4.043783317040241	2.419999277874914	4.390305517396179	3.3427249445620153
tauA	Q47537	5.174223372965104	1.6924977754212196	5.525202930340308	3.1095614389266695	4.247598079150146	5.001836156144885	6.290440125045499	6.642953030057764	4.886410661488265	2.6748622381498675	4.182680011364469	4.725009755418357	1.599042100256274	1.235263844630483	4.024737019775989	10.39774037550064	244.45654687386082	5.20643557253519	3.4435747535660686	3.27318542913481	3.842933335002851	6.778185181647655
yffB	P24178	12.606260419587858	143.18910732337056	29.243753378323415	13.096815197116246	4.951091150897229	0.8323179850602009	6.267941674460223	2.760317279339847	19.16918295015151	11.4814851343971	11.792596755816515	9.838992434375095	45.34728982802011	64.52106467450687	39.22955891756763	23.419093284605076	63.85453143980467	5.546918237029101	14.66309794534517	1.9354055432147064	31.112372213879823	23.48429571695326
yfgD	P76569	2244.445176070476	2634.2286455120825	2622.2711002440474	1064.5214166778087	1176.5696181478952	1497.947044130948	1648.7174452474899	1779.2777973853222	1241.432005998881	955.8196741968095	703.151544114984	627.8674431223344	329.9873687873362	372.9817325416806	2807.2663111942074	2566.698751002659	1644.2972254365077	2254.7232476052955	1683.266868075804	1171.4299123986389	1515.4413580900348	2258.0832320645145
yncD	P76115	5.88082569025702	41.042672581780934	3.793003864562164	1.603236346065681	2.3094183256437266	2.354597276046963	2.119087138952118	1.802957157450691	3.94493739630731	3.9093034163920612	1.0107751693665816	3.1685820930793844	3.1870011283157034	2.6632753317364686	0.7907956576790486	1.781082290961429	4.003582729963947	1.6267545438412299	4.819018832930366	2.700217395475882	5.683077747976956	1.933212993765874
znuC	P0A9X1	22.079278	58.17760918	NA	7.712453439	4.835567817	172.5712791	6.277359101	2.081573661	5.527388801	3.68608224	0.577663841	18.22017068	10.18062118	36.11294447	9.10938748	10.85171571	17.36798966	NA	NA	6.436270753	5.053799907	NA
ygaP	P55734	481.87427247640045	1127.6980621304872	652.3736520799985	332.006301546585	494.78786500949997	377.9319296154775	450.0364358760712	503.20886916818205	430.84957050613497	439.26000270086774	398.0574528607759	468.4580044268095	190.28830300693699	197.32673514308942	366.80989605841165	368.55861165058303	295.05862388853285	495.17887403633773	655.2204229626079	616.129152714367	595.6188711757585	757.8738523636069
yjbB	P0AF43	3.033054985082214	5.042726302277625	4.200768563063937	0.7163242855694756	3.655013144812558	3.130777240142012	3.6119550040883177	1.242424859909747	9.134381382723058	4.701855243798688	6.266686841851765	11.782053035382283	0.5130024615519921	0.4394537635551072	0.9850122312658406	4.7122426353345315	0.23288722902714637	1.1392998153551936	0.931414115439353	0.186214158973363	1.5223775730284876	1.1764334661685223
ynjE	P78067	16.780776746629925	13.718374148760404	42.514803391670284	40.40306882846075	45.30038557314108	41.291080682360935	25.49300952315371	29.062198162358545	32.0731594153396	35.974258046965815	28.87298510883904	30.119533841562347	11.445311216724834	7.838850252711579	4.460773725121503	5.353576386200576	14.511945868324089	14.428644274958597	46.11609382208337	40.58353622828587	40.72695381690133	23.19783845945868
nirD	P0A9I8	9.8243422732688	28.56744153039945	13.33395194623698	4.769800759038102	1.016863908573437	3.140222067234379	3.9274454890700485	4.690090234971593	7.065343442024659	2.8262292408132734	4.59059267170468	2.899121865806733	0.026342761190760417	2.6244311113874685	4.5804964793798995	12.488721672325557	4.433299383531158	9.283440551763785	1.5313654204501013	4.815019630472386	8.998752944852063	1.606282885687535
hypE	P24193	16.155652742842985	17.79121536065025	13.405694210908571	7.547756312372309	22.91863621750262	8.728858000254009	11.699658166244703	9.897284118778717	9.471221335249455	7.40058993317518	10.821683779980846	15.847224806215577	10.864449939009194	8.439416804104985	19.29305293549362	27.48568889036275	23.96109416383254	21.847344329233778	20.64948239245142	21.974592759908067	15.962271261791113	13.905912106299379
yegD	P36928	21.621223925512425	47.883437442228484	25.490404640730755	6.799780769819682	5.9440755666424	13.876316558399676	4.985581370474656	3.274333374370155	7.415442512197222	2.6479936021970665	2.7615654600272546	1.8428294378835983	0.34459942487138234	0.5688624952475686	8.712499086316825	2.0217896652764913	3.436674586860137	6.56048127779627	3.139238699017952	2.569970872488395	3.4036699586574195	6.743913061280049
hslV	P0A7B8	466.82878054690786	1667.2398143554124	909.1485978781704	292.78895588305033	394.3530904674595	516.6912921973517	396.2036141383289	344.32909689233935	316.39860545538323	335.9462411790523	227.7278279151785	226.94602160595957	508.0641976476485	463.07360931004206	564.467996688794	1021.9793960154202	644.4585477854793	519.163422641043	446.6050124625894	336.9636881111989	417.6772342660025	499.06797374229006
fliG	P0ABZ1	5.530056043180074	5.153874697343943	46.897839055995284	1.104951250522115	16.52970457986816	12.952604662865873	10.667761382365981	2.394611122797222	17.062950301796317	28.194435611847187	7.7235871549078094	2.057251367487344	4.766859290306654	6.217857684024061	2.0396995448269464	9.428437231130374	1.7270266762061508	3.5534572541324825	11.981097216016044	2.6751554293161255	10.02187342679441	3.956766110514881
yifL	P0ADN6	2754.1028611433867	3722.33408013324	3622.7680087213726	1807.845752206978	2547.0560960859857	2557.9685336779885	2686.2580403907477	2986.0158754303798	2199.0913384400915	1891.8675035015751	1537.5805464504406	1412.5159498917892	2491.3243732706933	2576.522493850047	3674.069224015227	3828.9698869026142	3480.9322626123326	3124.972575865118	2495.41111596959	1854.589307657685	2392.7571796162497	2929.069697948557
cheW	P0A964	5.353723085860889	18.731828944400238	21.73825732540939	1.2489604011108606	11.308588758957244	48.813898439195526	7.483490103261859	1.9523322998722636	44.241566439605336	162.74064277244844	33.02531508309947	1.012914886760022	0.5559848171681961	0.2130173794231985	1.6452197770048453	3.895689571593551	1.581220700780683	3.0362651678193555	6.109858835523816	4.024268636135925	3.794262392533123	4.775824231038466
tsr	P02942	0.07893743464437143	0.7164456774399488	0.5063669442021581	0.32227740159049206	0.004573068551701651	0.7764851097440866	0.15225227945166644	0.28303455568324404	13.025138849992041	31.227138381615696	4.948876810916585	0.09761856507485955	0.00291016954911293	0.002885813040695494	0.005101637633867036	0.0054893300520013925	0.23362090116863438	0.22906544155037656	0.2667395845079772	0.106449757839189	1.1828183524410218	0.6681904332976674
flgE	P75937	39.8693353	51.51997398	NA	3.02309633	62.6571919	36.58003413	38.76864312	19.70534467	21.80423038	22.40576962	5.288233933	4.437656524	11.14766687	1.231461301	1.798307776	6.484748519	1.764306981	NA	NA	9.725207979	54.78291097	NA
fliM	P06974	1.436686042	23.76188403	NA	0.105390468	11.99618273	4.549441175	6.935054087	0.37550547	1.703903633	1.455412112	3.393680293	0.029092313	0.066737641	0.224096008	3.083423546	0.954994978	1.288572004	NA	NA	0.32607873	3.648177302	NA
amiA	P36548	76.25689094629908	106.6551809961316	90.12462051486901	17.030829086112963	56.83198638828474	41.479499774157446	80.20279610177063	74.61313566538514	63.7647753686486	67.54506537074636	42.64264064983688	46.14833948629714	43.69728670407893	4.383092567733031	46.73281646628062	155.46130548568232	40.349141478796845	79.10954501422158	80.99977404633329	36.8398088490571	71.50049775808834	105.08990773905417
blc	P0A901	49.534052241598374	194.36141298655525	172.58474091625163	82.53163131465197	79.63449574228241	85.74901998462695	70.79307952156641	47.81718993804884	68.59879532963451	72.69589119340348	66.27380798576834	66.65491992792629	126.17940815760576	108.46484354232491	104.17596437542939	65.37793367580099	108.65301091358886	52.69924951082201	75.85947487488505	77.41326226902675	63.61927553070224	50.54641456989178
lpxD	P21645	85.17830580166572	156.92159829904162	115.05812863735305	48.079351771378704	86.03144978589195	91.224133034933	95.18986525625218	72.4219264138485	85.50656732056368	68.9750824549788	59.71026746241446	62.396452346362295	112.91374762682199	59.30335527999702	98.78139252992021	73.00081255658739	95.55194683042728	48.76964009455743	62.617804268742866	43.291927916369175	70.42090541641215	57.800212928499
mltA	P0A935	24.496528255396743	38.11586600545735	23.998720764862647	12.873594447768152	14.936433370289151	13.823251804047821	16.39427467933372	17.851117715837702	14.038596458786003	10.325806033458132	7.525812545048891	5.884438105984729	10.394665725645522	5.192051343594976	42.621403265454894	37.1351529756392	19.323907086489832	49.80060604994973	37.83568253318458	26.855676830295533	32.580155402016175	27.391760766505524
murB	P08373	55.22523188945495	88.34177106298519	36.00288515426209	17.711208123012245	38.286958473619734	43.33837745529491	38.201973774504296	41.5059713196513	28.935121570384453	23.219729651138568	20.864116224779544	13.892905077431047	9.568980976429843	6.422958969177713	39.49850340328414	9.556360453751978	41.90546196060385	30.30240497549686	21.754889163661453	20.102006216298562	23.981265193707745	35.12428252302092
murD	P14900	81.24741918963434	114.74989133487193	102.4835868182985	68.73129273284637	69.06882341624666	95.91411917513898	68.96722631036732	82.40996629958167	52.11032828609103	34.649010415192585	28.340662071660155	25.52921360128759	26.59718277217862	16.534288996749247	48.05325875929959	51.880906965101346	182.4789435029096	58.05643213835143	60.51798470126671	47.56773886611691	60.625824707049944	73.23372760901263
pldA	P0A921	21.309048553836742	37.14992066938172	33.21529886083578	14.80800065733546	14.314929803136344	17.98410317255289	17.90072841778326	14.25103715351301	16.12734957311771	14.8194505223605	13.715711848971798	12.044884031073344	17.423638731840512	17.189698596910038	18.140955918250636	19.323944549653337	21.98688829034134	24.103951297258632	20.510620373526635	18.136127921562988	15.010885765283415	21.9798896858101
arnB	P77690	15.108733615943635	13.32328526147691	9.841268727821076	13.408777764828551	18.63441670691615	13.592217333867563	18.067634838340553	12.420757096565284	11.46623653002135	12.337999013941596	9.76530012066488	11.27200730706859	5.069991580472522	4.626908323064402	10.012852871357207	14.75126567581432	7.918968662366352	9.276640375881465	13.48088696165607	10.232119340229527	8.648534023635316	9.884254464568171
mrcB	P02919-2	60.32828754	10.64582185	NA	35.42894074	1.564171365	66.71622742	17.80866813	192.836785	10.85871864	7.008445372	4.989601767	1.523832069	14.16163987	5.545896942	19.53831937	39.05450891	21.55643679	NA	NA	13.7185246	10.71839445	NA
rfbC	P37745	252.13268457169565	635.4172515657901	467.3100647013136	182.81650646061766	257.5874319499569	197.2525794870118	221.68590831701567	173.06908953155096	184.2509423786708	165.31040221744163	139.02274940955832	117.8529710464134	83.55714932543914	53.6119847684018	198.7258848860243	182.01303454764198	208.92879418197083	261.7726377695929	233.71931057141384	186.31573045676453	258.63620608092293	287.00955332499854
rffA	P27833	78.52769234340553	151.16464807545236	108.93433623956706	40.105848377804776	58.78880541842666	65.6258956640715	58.194563253028946	67.06829643206247	43.84540260284552	36.53620315978213	25.577477741785888	27.584990202166217	27.888302653455558	15.324242691941532	34.98636747253396	85.26605622995588	44.89338710791268	55.2682343623753	45.97509582569308	46.219494944346025	52.98067222142001	62.6203997355772
waaA	P0AC75	30.77494618308005	54.22625884359267	47.87710550455662	19.222380847695014	27.237033732243173	34.890611019148196	37.08632579161297	32.3387341700382	58.113831973512184	33.94727380794012	27.89428545581679	22.82048560795185	10.83960164371592	10.196916626779279	10.450783377124452	45.41752357958896	11.35595933202835	13.534262263592193	14.505553184889688	13.093768415801366	26.354467798291704	27.659065027326903
nlpE	P40710	7.409823829023134	20.240986636354265	21.1051317908162	10.64429857358445	12.191924885544415	20.898667422539287	9.84266063012376	7.562025530318156	50.92326737294422	33.10796089757707	44.37233519375961	52.44811542662765	46.84618369392886	40.339172996253964	73.50331799867763	13.903117615093587	20.646028559894493	12.236258597397988	13.463969749354575	19.88814584936655	13.649629153334853	11.923301248495118
dcm	P0AED9	20.26228209746622	29.50028632772668	19.042042797930915	12.675611405610688	14.81714042671645	17.097264323130048	16.97428069262028	16.705099044557638	16.661292744974887	16.47833239754328	14.496182033601656	9.968841304582755	4.007303821572875	6.622416134016469	16.301600658002403	14.113102843973124	11.13794192954135	17.564652920612637	15.700388458192709	10.111167697935896	13.594839069262346	12.299639151917457
dnaG	P0ABS5	6.3532192895191795	13.703581630696739	8.307255601617713	4.248790247073004	9.042000566269158	8.664882043538402	10.43957787545963	9.544980806146652	15.952728144186588	15.047650083242598	14.566626016750549	15.971345103302856	4.817058777397321	5.432754536423185	5.812797987990735	10.020989437998407	9.154487118921137	10.255732594082366	19.061878800970856	14.020534837070011	15.841268346505645	10.106860453295006
recR	P0A7H6	76.03280746021305	257.2170051435919	185.9019116491848	44.879407029705725	41.79556047086471	68.75622563631956	57.80538046678223	51.467237604158015	60.037175656827024	28.95546901681318	24.216484669448228	12.653670615301213	22.546128460478386	30.154619851828294	72.56257056383785	49.427896790834545	65.78379845842036	43.33001489048412	52.761852708878735	37.79893361603776	64.4728858394142	65.10856908411397
rep	P09980	6.962092100868148	10.69599237661251	9.9516067615302	3.923822167760705	4.443772197359776	6.945461438510627	6.09609599600784	6.0711505165028425	12.144066299226019	10.980187647461483	8.61259643073858	7.296924251753508	1.1536660455434964	1.0063214128728963	3.511796202407147	10.028663686209962	6.5470681271341755	5.790937867897271	3.537888933365716	3.481117838484827	3.9128133496388244	7.758179405013532
dnaC	P0AEF0	59.42745292	66.44588866	NA	43.33733064	38.09439287	54.22020509	34.38808083	30.52806929	48.9091352	32.15328883	23.3067208	22.51972233	8.80367706	2.586601565	54.52079066	60.97532688	55.02080641	NA	NA	31.08446265	30.51435084	NA
dnaE	P10443	3.31386167009212	27.970462558704483	4.4662334590969595	3.8875743530274507	4.806415981032299	7.086228770442262	4.301922678474813	4.867332260567019	6.316412801373267	5.773623045331704	5.56961778316681	6.331596964097213	4.829989981123025	3.8311443622803107	6.240706186515813	7.0085591822330136	3.54502085008564	6.355107397228612	6.204087713970086	7.9569098536361285	5.219725706430287	7.219178962247951
dnaX	P06710	10.107828241438893	18.71710112351528	6.883391487968209	6.996671478311086	9.046021853282374	7.069825268522209	11.190352516133533	11.722849475842617	11.599098403570432	8.820116621789403	9.333594233514342	6.671957827972936	5.027763935706617	6.125167402575804	9.50913388539915	21.50949983180059	14.63469695026724	19.57810940479403	15.217775710509258	13.490345867132955	14.468724343036195	19.628580690312475
exoX	P0AEK0	16.61256139	39.87504438	NA	18.83513863	47.06979306	21.02129064	9.593188402	1.647944905	6.861312779	46.58800462	8.685244285	5.675880722	7.007188707	2.456365857	9.754072981	9.349007373	15.25618572	NA	NA	5.272204639	13.69459137	NA
hda	P69931	10.64860457	6.672201612	NA	4.70064463	22.07004763	15.69711512	12.46261342	15.30354709	1.169364009	17.54208005	14.74302783	4.179886415	3.510700281	7.389527766	6.661926364	28.91273973	2.271644703	NA	NA	7.469762455	13.56011004	NA
insC	P0CF40	33.70772496	29.71416074	NA	17.00414245	15.53175907	35.91759731	13.32851278	28.94392441	10.56495801	29.91314271	17.9604376	3.394389406	3.467061219	2.932233622	25.15502062	14.84739072	23.33486408	NA	NA	9.078621384	20.07018261	NA
yqgF	P0A8I1	70.43980490413281	136.42095795224225	91.56708493605902	40.256654859343094	63.090380553677534	69.62277819241886	62.3583314981172	55.9993113261192	70.0775508356527	62.694014116784736	28.57288314967414	28.857049666657197	119.55304849602996	26.53469332918583	101.83388132059268	107.90405187558704	69.27307688652544	74.24930555976492	56.71033674500974	51.373676779076945	55.66264159025299	72.02311433118423
ruvA	P0A809	100.6195479	251.6972081	NA	115.9616	72.62959933	261.7296031	181.884523	164.7926841	263.7616041	212.3192724	51.71787191	71.20601056	4.95364584	3.970629624	349.1269914	205.225079	167.2581513	NA	NA	86.3695432	195.2516263	NA
tatD	P27859	10.28787902	24.73132748	NA	7.912443423	22.52534305	13.22462654	11.24768003	12.91320431	5.82212439	20.99465466	17.87509999	3.864732674	2.154621759	1.02750279	2.754539846	10.35762047	1.798044885	NA	NA	5.584530286	8.53616464	NA
yjjV	P39408	21.32159161155787	20.537679185342334	30.506054736023938	12.873782429808287	10.954396764861231	14.298442461916943	13.887121701550692	8.24721626965397	6.522067257228781	5.86954874258848	7.524901698993155	7.910739179055511	24.214098696773686	23.22668804109635	46.35796971767636	21.259791946584993	34.12823404324331	18.916942693193697	12.742474981010886	14.543568134931482	6.815445471501219	7.335542017242392
dbpA	P21693	9.697881308	27.82146948	NA	0.580506808	2.241356035	1.282779298	2.672077707	1.183572776	0.783198304	0.488444871	2.223713991	0.243895163	0.169162293	0.546168358	2.875115881	11.65018835	8.251322441	NA	NA	0.285169001	2.63947709	NA
rppH	P0A776	52.51295354	9.089697048	NA	20.24269976	75.73207058	34.71376488	32.9032287	13.90057679	38.3552783	5.445532479	16.22567726	14.25844362	12.75943087	15.24520744	50.7734782	24.77355508	102.7469268	NA	NA	18.44009379	29.05905128	NA
cspA	P0A9X9	2375.053302195718	7443.729063134225	1627.6719357637924	683.3232854767944	1445.2924923479782	1142.4460608935765	880.3860896290532	856.4677953022959	645.8773013662901	447.98581118995287	339.93409302032956	295.9295966690632	462.41709578400366	453.7922666989886	1608.8786401932273	1347.1558630075042	1013.3192542459229	1446.1088990448898	918.6506827596787	709.9757217021461	996.9261306507793	1194.6348905608888
rnk	P0AFW4	434.91187070626677	1521.0645871362997	1171.1790928608432	981.4979625010103	718.3706293053524	821.5397159516874	572.0363113032022	489.22049674230095	504.6476939365254	486.2346497733245	318.05436419376235	214.77919518060918	73.06929305829107	74.11510066795185	112.52020843383056	111.55183181568115	61.53451106056154	351.7233007363992	550.8058512338355	355.0596648986428	579.3979197870556	414.05186220945296
trpR	P0A881	167.1556467269847	134.8201941705891	80.98332648827618	122.90828234711849	227.60329753045386	209.27966980764387	162.73915973460086	172.24455440009618	162.11738958010426	150.99522524357843	152.92389179389767	140.7727560197789	121.38353898221922	134.21189048829882	218.34311181968204	198.9593503875203	206.28615154193375	134.883786591029	160.65985404334904	143.88014480167897	163.7967437629927	138.28871590358264
ydcI	P77171	132.87515134353004	266.6673577026903	345.01541986593185	240.33089792096848	265.7063602766356	245.33117801987382	142.1045155320117	249.46006534578896	266.1686695617136	271.4122690570943	194.40115209493166	174.30309103981136	5.9560620167287714	5.264225559310522	83.09897281694262	50.705782703013845	81.49501070637406	167.8890979856641	240.16988562161657	116.91234983256462	224.83503963260796	160.2871770976493
yqjI	P64588	84.53175138596302	140.32591505373028	96.88564547391127	51.422694545652305	54.90852796920007	67.29319005811537	63.81786022076177	52.662952109089325	68.50719977926136	48.68458583211849	38.86852713416247	32.622957957827715	27.615834965949485	30.293318943689503	115.20501168388724	121.2140703831279	59.52393618641516	101.16278270506196	64.25499436407499	39.5213943630121	54.85029670518433	74.57775716317742
yciT	P76034	82.20008513671775	104.24855158431313	65.03679598617641	72.90822529379247	79.05090147585001	104.76768256845298	77.81448739172062	92.44792598727756	73.27542017732769	83.914763183639	71.41347407529445	68.05157369213691	98.28779241979481	51.21046349529596	120.7658593724599	170.9641240451108	136.4147495916421	103.13345021204978	87.43971756477532	77.20686543488166	80.6796767790141	99.26579771104255
asnC	P0ACI6	114.1214412	115.929238	NA	34.91224843	14.27051647	73.89129909	51.80994211	44.34459427	52.82982462	72.27803352	50.85093925	12.07451826	12.80984495	17.89991174	65.0632688	55.08310543	42.24084475	NA	NA	32.37667098	57.79723032	NA
dgoR	P31460	41.76398308773165	51.03884153876154	44.499669259382536	52.87985904255558	56.83737437508526	45.90179211879589	38.89117851240122	65.35038676371566	80.86726226603604	79.74964814125491	75.49333444039313	68.57067767871477	12.217654902735099	5.276576416211152	23.46152663290817	18.725747480134252	19.726842384449586	13.970526163512265	27.43977952799343	27.515857756993068	22.853011065433613	19.436679790827615
lsrR	P76141	44.89244856	15.47599719	NA	21.01244176	19.71510403	12.90684633	8.46667696	15.41850505	12.60216551	40.9555605	4.444381531	10.1988918	2.352163947	3.132324913	5.960555881	10.38559831	4.659099234	NA	NA	8.333083832	13.2003688	NA
slmA	P0C093	151.5823536123634	232.71749625455615	244.76571528469842	68.95257647662109	94.13320020413296	144.24406780784312	97.94050219306229	134.50645620997798	93.81015713802186	81.0694720941527	77.87981347447183	50.71485091364386	107.95615119070288	73.95364179147002	209.63414819424344	239.30709911210943	151.15877270674017	111.76265132189295	112.24772610851072	98.9128725790222	111.1209850214262	93.85018474191332
ydcN	P77626	14.5987361	8.720670598	NA	8.481935999	26.21075916	13.60251623	8.139460686	6.030320254	12.22173432	19.0413771	0.893272064	1.838776045	2.129396253	0.335044853	4.964563698	3.888040799	8.288298983	NA	NA	6.517835631	14.5146752	NA
yfhH	P37767	44.0907708	66.24732246	NA	29.34809666	46.35074323	48.30220405	11.36486846	13.43546825	22.54232222	29.23906122	35.00470829	4.726049124	3.833314523	2.939373551	8.100546308	89.24110535	32.54823083	NA	NA	20.21769655	36.34337917	NA
ytfH	P0ACN2	20.33581534	62.02827369	NA	18.97427138	29.38366656	11.44989941	18.11019116	2.185039066	36.78239076	0.346485212	24.91136789	9.825194693	13.46937649	25.94396169	16.95302356	19.62500231	31.02004819	NA	NA	7.231036263	14.21315249	NA
dpiA	P0AEF4	8.001508318	0.786420869	NA	3.975091608	8.338202825	6.126136634	2.333250336	0.870349012	7.166532099	0.928217653	4.432187805	2.79411334	1.709741914	2.473642242	0.548365558	5.460140586	15.65427802	NA	NA	3.300709341	1.854941304	NA
prlF	P15373	70.13287662420231	91.10060285153358	75.6776908196878	47.94751404527506	73.8905667799654	77.59772746316474	78.02707783835008	58.361308886440156	78.04423700472599	56.598544433596714	55.77746971673171	51.47290624590734	79.63530272974263	79.66511109656494	182.40020910894364	203.02000202274562	166.32091711288132	112.85099518747607	86.17956613187978	94.35981942754611	84.3119723826897	87.60878703731032
rpsR	P0A7T7	25415.946193968273	71308.21726141991	39115.149012742055	11888.748336148694	18526.13503793277	20311.996594090124	22425.30767893824	15929.890478349245	20665.66773757222	14149.777221381937	10995.163449479864	8701.054585529375	12132.803819801504	8462.897413434011	18543.58880409884	24731.558721776226	19833.671533352597	24755.268565122627	18070.997662092374	14999.297486263134	20519.398157936736	29526.47404437296
trmA	P23003	86.20348358129286	140.72817807382108	88.05692508200927	48.43568559449348	58.22563303620989	49.14702686684848	61.141333441355265	61.27290247071887	56.04266745404226	50.80571656963838	37.1789067972949	27.987189617677444	39.2876731571875	28.398165153193673	53.87823710993374	80.936353519423	57.68207947619561	72.13057316945805	54.64816919147836	31.076924714885543	49.755374119055084	73.63041442887994
rimJ	P0A948	172.3234083	184.1241284	NA	92.10628168	89.58487019	133.00775	96.73908254	80.78573161	126.3593097	77.85186837	86.57617899	82.31638072	23.50663821	38.41112221	153.3064297	135.5795529	181.8540514	NA	NA	59.37636819	85.15044256	NA
rimL	P13857	74.48975714678173	65.29533749942603	30.715480339574064	114.28512726523113	120.56199062256061	94.79383978954561	97.08559586495419	91.77128620419462	106.55967623926841	122.27842269390092	114.23116659435098	131.46888784803488	31.746282386517628	31.95023494132953	79.78170217479763	70.9456281041087	77.9771569092741	55.371473972907864	116.24786440042121	95.05492545793615	103.83498412866666	62.12871136084718
rlmE	P0C0R7	216.34562583260865	415.7212709966005	312.8952371180992	143.010378830211	179.14451592543813	187.04569948964564	211.23232843785138	161.11258342660435	160.94601230716543	123.9120060619574	111.32165433942109	98.99717215637784	137.91470957276002	145.7117971602153	200.92409599684913	263.80703936049895	224.75360990921192	232.24437223596095	177.29489280224695	133.3808409412931	185.32221903927035	243.94425909283083
trmJ	P0AE01	257.98451150839014	423.3089366801259	230.73756226293682	131.91452773826038	139.41149731567518	146.8677307997667	135.9330611413524	174.37249587616748	136.12894489204814	111.13757378804605	77.49298726645765	68.74267992689326	106.74475949281434	81.84816475854781	143.19123399869224	222.81850903897737	242.96318557901918	169.0248073021593	143.63722374885654	103.13214459335053	150.64133096563467	229.27905561577546
truC	P0AA41	50.12583353	87.62026531	NA	8.981278952	40.64483517	25.40648622	24.51996777	15.35723936	21.31668908	20.42945304	2.38093224	6.735225348	7.458201043	22.65858209	28.37235042	22.06059949	8.732502425	NA	NA	15.80880943	43.79185423	NA
plsC	P26647	42.755144947620636	139.88331973284252	86.83002821535774	24.537705223849898	26.163568461823854	57.987939425326786	40.1061190636087	45.59624354737102	84.69315672348183	70.26882537827994	51.41148893673235	37.899780910379604	36.99082109118299	16.13351782888476	35.073471432540394	45.765483659103666	42.12460089487313	65.22337644625686	36.670358565448204	29.85387933548052	29.39222527253773	66.66122798196758
yhbT	P64599	5.803490095	74.61416016	NA	2.734966529	5.51736249	16.524632	32.91659656	0.516948799	3.35948126	0.347082688	7.491626767	2.172105975	0.680905728	1.884955326	2.062979459	9.414765941	2.542864794	NA	NA	11.63280451	5.026988857	NA
srlD	P05707	4.420282733	358.481509	NA	0.706038746	1.318770353	6.461694063	2.374245064	0.677746639	1.845510348	2.509696503	0.328089677	0.887157915	35.85476848	22.22947049	3.245526619	3.520927102	5.94207971	NA	NA	0.531459586	1.857900522	NA
ygfF	P52037	17.73340426	17.11147427	NA	11.18579266	4.860915072	7.58495917	12.21295634	4.02085075	10.9463506	2.758253359	10.37154287	3.435422307	6.635799761	0.444435941	26.23999303	2.815905268	26.02635837	NA	NA	3.777917135	8.592095193	NA
coaE	P0A6I9	71.39575444358704	62.81934946066393	124.89955507655155	64.31413705380236	59.36269914806273	45.80485487687975	40.99852209029076	64.41558915021163	54.7046353537142	48.024254829781334	43.50071308668637	46.707920969515676	49.22145621444386	73.95540549849835	92.19494068796958	56.413224968829745	79.90862292869207	52.61386652346939	41.42721565415195	33.894392349434185	35.16505885764389	47.80732160297531
cobT	P36562	83.26457472508145	68.6564393395746	90.68373148280467	61.99828126805564	64.06191136057893	64.01688801814336	79.04077688264998	76.98391979458846	62.30732939914766	60.10348865747499	35.05884522513357	30.559744550932447	5.861326803582449	15.139437074837444	40.508111472987004	47.13130738023947	47.922107242526735	59.12330552397341	43.38751639066819	21.077480724132403	32.61359535489309	38.75097172645346
lplA	P32099	62.29570712140025	148.54502115443452	130.11200563421104	46.753279326630576	65.76798369134744	91.9277607601049	74.15715474661596	75.12901579041363	65.54084854842225	55.58267315268978	39.54940271642336	31.371085495545465	30.812018843938965	29.32996258493516	100.11915502608898	64.78996680097258	49.330586714379834	92.14859639775668	66.29329064060796	64.8103577713598	81.21135387102603	76.57786199351982
menC	P29208	16.812466347078686	75.61611612987927	34.595718006174245	7.183938563868575	9.71204484589625	10.63651725099388	9.391974716136877	11.251126898705499	6.774463955658019	4.832979458220672	3.2190565258311845	4.376557699191038	2.1934221176688644	4.273359616416387	16.83391364788111	2.9832900411444276	17.5390001270653	7.870950561251612	7.747844793442111	4.883527585679832	7.2954583546144605	13.396887586745226
panD	P0A790	664.5786161782346	542.3079736913405	618.5017686250962	267.65995441569726	368.6874083916999	394.0659043389695	382.8751093044395	432.9333842041459	306.74559318525587	230.8974393495461	151.018950716535	93.0898818775595	91.4066120468731	114.30263142948968	433.1647214782838	761.1048159515191	572.1822292061817	466.05943494542583	271.7794421235463	207.61792064346548	306.6978793296203	479.27190084117115
pdxY	P77150	84.99612145958076	289.4903991703605	277.11303247711334	52.529383475271544	41.73967928394851	93.40799537423909	36.01851104434153	38.25451015377321	43.514440573190335	22.584160315847864	8.310103172257739	5.996919859167315	12.764794714295192	11.345632112540379	232.24883314606177	84.13644183158843	241.619887045997	115.53296582699366	23.626482797679266	11.20133489487044	60.029435686882145	65.82050362439466
ubiX	P0AG03	62.50463754307114	63.681051967769456	43.10058273607054	27.085159164437172	51.665275923309274	41.12630117783443	50.377299820475365	52.31608817565302	41.34877358769199	52.007644910655706	55.31822617209172	45.236327132806366	32.605294743018185	22.681551566925794	11.902663291609947	77.72976666107958	24.158120294613266	31.133706315260998	40.413571693665894	22.264011027089943	31.573992347456524	66.51528477464517
ubiF	P75728	31.034562216329977	45.60467158756362	34.94923015319083	24.05488636689735	27.662530932124266	38.63425031205451	25.813860644304025	18.883663681412862	42.643119697069224	31.542771861085516	34.39818742256941	37.908476333035395	8.018581304732855	15.279153012671951	13.589579392203348	35.5149899098174	39.59920722060689	28.38392755936879	28.496690371331685	28.819921788674698	28.727391536159896	30.35142357128157
cmoB	P76291	124.77867345369992	392.9164007085868	210.5759798146556	59.096213069527096	69.58653989776298	112.19989587657288	99.60283159554521	65.02590396395813	85.64255575876257	61.304841908452815	57.711853546422006	65.25403851700153	43.8065263512494	41.44768760765097	47.44793134128262	130.3761481754317	67.90418315931673	95.24393322157107	79.35765159939102	51.93236231781354	102.2292973560719	112.27058657630286
cysG	P0AEA8	29.679742350065197	40.445298735257786	56.98172754645043	28.375545946298274	43.60625977741311	42.602512679885145	39.68031972492765	40.319750262465746	45.01147648716228	30.817608119372803	30.609311827639665	31.426280189937795	19.267669699137606	19.67471007444107	43.39657637574788	56.85521138894024	59.920386801464076	54.121404796153335	44.47636819766046	38.51701652061272	44.3016741197063	53.24873935979552
menD	P17109	1.543632745	18.95615091	NA	0.706793224	1.891507897	0.839123337	1.380910632	1.724972683	1.048127305	0.494785096	16.96190908	0.428926687	0.563870703	0.521020357	1.454349459	6.354417264	1.289546658	NA	NA	0.188261867	0.561514373	NA
moaD	P30748	1168.355888956164	1240.7727631611797	886.2125143284524	582.8483380117215	581.9180074327559	853.4747117345056	719.1687832185477	896.9826843014416	515.1272387810583	237.28219088901398	205.55218307544163	264.2514601729531	1171.8969477029093	1529.9697471878887	2974.371867097724	1675.0983266337648	1761.505000974736	1441.3759544646164	921.9290791288051	785.5768162214699	826.8604429291612	1154.453360440081
nadR	P27278	15.711893794093864	15.415083992045362	10.58734414743663	8.781055659955902	13.813184133997412	19.45303985653875	17.529815100230735	16.394976773311264	23.264701710246488	20.03381262936414	20.670540010544784	21.827160400320853	8.304143168445398	11.434865916311942	11.005291553145195	14.948935685841661	14.105567174158764	16.019425974406253	16.355883189891852	21.48949491191453	14.131096856022634	18.385160472886497
rlmA	P36999	13.17025894045003	21.15848139565641	6.727374614860094	4.944910424882869	6.891923009534424	5.400090131057626	7.7570177154500355	5.8557896392320785	4.782901007783657	4.126539261673475	3.940832653723983	3.68280076021807	6.494196659524281	4.318573425081903	8.024858462550286	6.009384914157201	8.179503375055416	5.483728402898051	3.6019765047062706	3.268330492215947	4.739841519356924	3.7129331881186483
fucU	P0AEN8	265.456259679109	309.2044690829682	300.4453035112019	180.35883195060165	279.21617099219367	322.465926070086	428.1815527509923	508.6103898975429	420.17449997597276	398.5941350501214	368.94410409275923	280.9527232931943	153.34483248096674	144.11502431888903	234.54455239256015	655.8780884428577	254.25091714575962	347.01129577511205	493.89171428398475	358.8590107441105	341.9173956978519	319.5825060239835
otsB	P31678	137.98258876549318	154.12560503668334	148.12907559531735	108.78766648346155	89.55427738419237	94.44524277929708	86.69641184499977	64.89231768573367	74.24456542937274	69.45828403545309	73.10290226158578	67.0636809690937	87.83720913174072	84.3918742609979	208.11124807978123	118.48184355363554	172.23487714452597	83.26447723190691	94.52957190703584	115.42255892402018	85.83656275513965	81.61217325595662
uxuB	P39160	19.505382570991216	182.264847465443	80.86310243224845	31.043977516893726	48.057031495196966	41.0599864006473	40.241164699425354	28.87064636725431	32.894230392036576	48.75174985607602	55.07903005600424	37.41252058947952	3.2164362925587	2.7521395359408047	11.244769554014177	24.984520404295054	8.978346444286608	16.21120021106473	88.56658688762093	45.1079342264958	47.3549641643666	27.10916275421236
chbB	P69795	505.2162573526608	1330.1979365527336	731.9004322281182	722.8427138433459	788.7869074885061	1498.500865243778	667.0434305394688	756.820951691192	767.2293524168025	995.5790669249594	1003.8440300185272	1024.144531997551	183.08543880761877	188.56158089438887	486.5670324441848	269.38855961656213	336.6813745839456	367.202862765527	1039.1177629219249	549.432079259812	439.0817927217367	299.90689688940785
gsk	P0AEW6	45.66947289944802	114.4005782713185	79.04207308826938	17.49227491917793	21.039874359441374	34.160680961016624	16.722780852058968	25.769685587538408	29.233016330451274	17.58609065136161	9.004603657280652	11.065875093664799	38.888039550546125	39.547179162631586	71.70006009191415	23.345817326136217	25.07777064368445	29.549860977118446	27.047180605474445	18.115460687747092	28.914888895361326	41.23160810961433
kbaZ	P0C8K0	5.849649662	9.091411389	NA	0.703918647	20.66491022	2.783968586	6.419833784	2.498286604	3.466829039	7.978374179	3.271571696	0.699653536	0.820247042	3.901450055	2.183461625	4.566711214	2.752393235	NA	NA	1.176600832	4.829294218	NA
kduI	Q46938	18.78842136	31.71816488	NA	1.047109874	3.488484271	15.82377774	1.49282654	2.349510144	14.64117919	4.984904983	13.17145338	1.647599159	0.163033026	0.956661711	5.265675657	7.006523684	5.035244029	NA	NA	6.759173324	6.490924982	NA
lsrK	P77432	5.626882625218821	22.302518981805967	13.652761325042771	13.871643824412391	22.589769394808176	5.439634371459956	9.307627541306033	6.881928334780677	12.208861579949458	10.328726097108566	21.604172257930923	57.62073963228311	27.87219929412064	16.438572011892365	5.92881268664504	1.3191721296609897	4.015363022842234	4.487956329943461	2.15178312921015	13.557819651952522	7.649306823213382	2.2688898118717216
mngB	P54746	2.016614228	2.130170628	NA	0.980045716	3.652897353	2.612989794	0.426530084	69.42455624	2.429116853	32.95318263	14.22413286	2.263514046	0.619909156	0.50339456	0.267790785	1.152334448	0.343449431	NA	NA	0.797639959	2.221069956	NA
treF	P62601	11.14275443	3.438439995	NA	0.129003587	4.424016585	3.328140696	4.667302976	1.979976793	1.288913345	2.926036662	0.21243551	0.501542998	0.498881522	2.260661479	7.998048059	7.17151337	7.060917388	NA	NA	1.716114337	1.649572542	NA
yicI	P31434	0.7490820418728428	7.593281565122681	3.1943557733045167	0.48349545498679086	0.22456837820046746	1.0174928523995599	0.5855249621868633	0.2789764270140883	0.5101578679023058	0.9630850538973393	1.294115651853331	0.8682377164044041	1.452786536153555	2.3608131214667663	0.5804189907242524	1.7369912684329059	0.5961527448128421	55.00352659129081	7.757855109853336	1.8590273091599956	1.9117545419114033	5.205409176911287
yihM	P32134	12.23040413	22.64104434	NA	7.762302793	11.57181805	13.05990481	14.64214737	10.47397745	12.81251356	60.10980344	8.092641796	5.303262447	35.10038588	82.46319309	26.93989585	113.427206	93.13776434	NA	NA	6.091394864	12.2272365	NA
dcd	P28248	512.9728220937864	644.644327497086	543.0277913859131	564.8064246398968	695.2428778181014	618.9210838846258	508.7873151791725	532.3602667856147	449.001514979815	479.31406778586313	443.57668664183166	322.74364032329316	222.21001128416893	255.00924233813487	677.9039110900569	500.68426778058205	634.2890613255089	608.8721191930966	566.6915040299972	470.3352372398203	508.1104590047263	481.8973751611263
dut	P06968	3161.1503688084695	5754.616819753898	5250.318420146943	1103.889643542494	2065.65280634041	2170.7012327893417	2294.6006863398516	2356.9756044677656	1917.9664992454211	1407.1856155765627	1008.1288882582633	775.5233091199866	1268.7242020993594	1065.1572317202913	3279.9427376192034	4282.972396832273	2477.5617162896474	2678.227701727421	1998.5218327674727	1595.7722889707106	2437.9031348929334	2584.286742062176
pyrE	P0A7E3	22.269667872921985	17.517980696300235	2.394183593129938	1.666440929007662	6.945064832298391	3.1833490141156044	5.987015879033177	7.407723369614156	4.635283475750489	2.1999900963124785	0.6458940039781917	1.417919072816751	0.23194145470829683	0.17525389830576815	8.56532461311218	8.539832661907706	3.7084192227810675	4.324644265385533	0.5346961439204662	1.5375538377184614	0.8774407903976287	1.076086731214636
ade	P31441	4.938330581558568	54.450158300575815	32.42853361948204	6.620184564841481	12.972402044364474	5.917524041375873	8.3864755876649	8.006918875892216	18.460663641425974	22.419931381800094	19.95376296937567	11.167697847333207	7.534612762685228	6.22910507465121	5.188155286117977	0.907763012053485	1.9883754253249701	2.2182228307303578	6.546887061632143	4.341411023773123	5.959731598364362	2.777981003373725
nudG	P77788	271.4310258	411.5935075	NA	184.2622617	78.08824017	383.250472	247.3214936	187.7707178	403.2991381	168.6677336	52.74421344	116.242074	23.58456488	168.4433171	32.55171529	1454.269282	467.232089	NA	NA	160.801989	299.4995726	NA
guaD	P76641	5.374299472	4.062146558	NA	1.688066715	7.002708806	4.662417892	6.085846599	1.019009424	3.575462141	8.925899797	2.168821347	2.087779159	0.632457155	0.225427611	3.124459725	2.974137953	3.415533359	NA	NA	3.428068957	2.477349755	NA
aroE	P15770	121.23315092551931	221.28602410628113	212.67667605139272	125.11781236597297	129.37230490718997	110.70669344957855	155.90959691832745	115.49725703571987	102.5334484757778	89.46623218923627	83.16389736224495	73.09007887943243	69.67381193514228	81.83698230526713	233.32637268240936	130.08163036153886	216.4895718023263	161.2082043860711	90.88019709327763	105.98613795034159	100.80679291856107	164.27722626798024
aroP	P15993	199.82587662781432	25.028172361773592	14.856280624746148	86.96835323060782	165.90689115293443	154.21279390855452	138.88764187938753	111.28436250917368	230.77371208833608	161.69174851159303	146.36487338626935	128.67259846069481	21.196229883216688	18.72749210490732	57.58287027024363	93.75329001657524	89.0050919132935	69.58764606319313	95.35252009018636	43.22926419316799	113.16525242008318	136.59891740492648
cycA	P0AAE0	179.98665420167288	184.83159710956343	487.5573395171234	384.40506290020465	543.9351608355727	425.4454800309517	318.4495738290831	449.188745956255	732.9823097472048	880.0881309241632	761.8043637306045	822.1890316373926	45.14857327586292	38.89902973994445	138.97283730742078	230.3326383198081	209.79419805563055	310.4693458786175	412.34001370081415	266.7412504086265	465.4069794539327	324.2155094478858
eutL	P76541	97.79946267208783	125.56050884605521	148.3622835008725	95.18128420882894	105.93227829259004	85.49551067418977	110.45470917752804	89.12167236828328	151.50116237085362	136.23702430311275	151.8263202746154	144.58333313849934	57.37949781127739	64.36167858367817	141.098962157339	102.91171160379365	73.4342482619163	110.78757138061391	79.54319326845038	118.51492430772926	74.03359444664189	64.03007145765852
ldcC	P52095	5.751885946142531	9.541704012489342	4.780239311995317	9.67418414550361	11.136483796403283	11.739673046269004	6.66160476337459	6.594715453544639	11.728909873309565	13.644473927020032	16.90438788623438	20.899571195000565	7.10496395154582	14.335152111332143	3.7876346678062767	2.8984357091032438	9.144357554098658	4.955530614680219	7.4313515508914705	8.071189997792386	7.895326397132198	5.112916544805456
tesA	P0ADA1	168.0894711012665	120.08454899247324	211.29500171938642	173.07447585322734	245.62681232161108	196.22995137234392	196.24937039957337	232.51338698765198	176.05278926708445	199.95037124771682	162.9392115751107	174.68551439038836	135.86222058382927	123.68658643952216	305.6933618869678	204.224195372598	216.83314785092807	144.11150692475172	205.01695139667223	142.3256544576579	127.46049685544494	147.51144434002825
ybdL	P77806	56.29923625411597	26.043924092728364	23.253079349812925	33.526104377207986	43.00103581402536	36.4023185287766	54.035571523105936	35.02559926592346	46.57336592166399	29.571408770495687	30.237242298893072	27.80552846660559	6.003660448387568	2.9302588084092034	10.401645346706028	53.402164859405445	50.79773689692453	49.69278467508489	50.84737705505262	44.35932437046488	53.83517795413576	65.58753947935583
ybgK	P75745	10.310837982019692	14.590641505809906	20.354330616398165	5.950951735935083	7.978889884386852	17.460868494009663	22.491194494046862	17.625396345011815	16.022604242876593	17.993339273044445	17.126557899291562	9.313775134172518	2.465146043620425	1.0737412558375663	23.352350182128575	28.99109962494722	20.96266259286904	18.92051967517881	15.909798728822114	18.18031670440032	15.974216776996693	18.485475387652887
gltL	P0AAG3	82.35084144201748	65.42019922217476	86.36413561709249	48.71962873458861	107.80296843570007	101.12419954596358	98.87172985286742	102.44628329976362	93.49648426855524	100.80585582966536	96.63839382881724	83.2170166994898	68.61257874875614	69.31519154225357	84.83471158613803	77.20297880852453	114.95964364186912	93.36710598855463	115.65258523616488	76.4429486236161	104.56400794084794	113.7424761259845
livM	P22729	70.55031126100499	13.20829941832111	19.849967491382685	33.424838847559165	80.8461936243223	93.54273835687921	85.09959165772769	90.63049094010726	136.58628373648855	114.67389747878383	104.2004219646706	76.55240992365697	18.00385994658993	23.3033665696874	28.014416145450056	66.64879328806902	37.10382550406427	85.04427448508496	101.1842007172093	71.34191510602811	119.79406175404705	132.5682048500159
ydgD	P76176	14.70420507	22.83550675	NA	5.224691499	17.94868691	12.16197807	10.55291969	13.61610566	9.575327257	10.18582149	59.94129896	8.994744222	19.44643051	13.99501547	5.904378192	5.75044742	7.318410898	NA	NA	3.824894074	18.98098593	NA
pabA	P00903	151.5872358	128.1856069	NA	30.43975904	81.18465854	66.25704551	106.2882788	10.7289324	36.69036017	72.44142057	48.7758893	23.81844759	72.20658195	36.99868514	110.6269429	120.2390664	105.5100274	NA	NA	35.02944824	19.03140011	NA
oppB	P0AFH2	45.60363265049155	343.8798446765907	702.4206898289499	14.999915077073354	39.674625902783816	57.47482612581873	29.853184249907606	54.423239535975625	86.31764572409779	54.30137753983437	40.28802710121531	21.30256459730192	5.408233311851877	8.797142604111462	34.40705118762272	29.950428185085276	51.16074382708081	62.45450057790356	36.794124705585915	11.096908115614708	53.11413095059287	78.46088628494833
rspB	P38105	0.977831708	2.344060518	NA	0.458625869	0.88580062	2.920654021	8.880731403	15.17308576	0.445832692	0.129536397	8.914721109	4.098797947	0.249898775	0.766285866	5.82351655	0.714611986	3.753624322	NA	NA	2.097743135	0.88923285	NA
epmB	P39280	52.98330772337252	89.25412188197828	55.8417640393479	16.110602538516165	33.10798795211038	25.59424892478443	32.85987423608477	22.75117522269529	17.23687502169605	8.845467272860198	4.108316010943465	3.1861612163821214	0.21814574920852242	0.028616818343730772	3.463285138124406	15.95267551399033	5.002260716838367	25.611960932761267	16.05509834168332	15.363160884734771	20.057717588702612	23.99889584621509
ftsX	P0AC30	33.62676571658968	58.68744471351021	47.38827506742259	25.843148184077037	32.19203382936655	62.64462119348234	29.880127411758906	34.64492788334532	60.57962163407024	50.841280488109575	51.85854467876381	53.19694846974032	31.734921209465696	16.67307673529988	11.46492877612619	79.33584586660841	39.166479229951314	54.22840792457464	58.117687121906656	47.04133413576029	39.835866170730235	68.93838543168211
yhdE	P25536	204.46533214558377	200.24839904766318	326.3956873254683	78.02415298100026	94.05279942757869	100.48191360164965	111.98576739721256	91.22787417298436	73.05727809385142	49.85509337723118	37.74713354971914	27.41198614443948	126.45772736134643	55.06041768762929	160.64424303006464	407.52836404066676	131.96974626237878	99.57613113032315	71.79451401629962	52.53556877469035	72.67171649429166	97.83224511705455
narJ	P0AF26	1.08190923235431	44.10835804125556	2.139936756982218	1.401011820094523	4.468268197628778	7.457968845759273	7.728098973099659	5.773214618815021	2.08958118199016	2.653320932115766	3.4497485933319254	3.6761831368008826	1.830707709313395	0.4117391465618688	0.325788877648272	7.686601940402327	5.923069001187936	1.254566795797895	1.789931171789607	0.7936418759961829	1.9097518311705441	1.00606040497278
nuoA	P0AFC3	436.5589467889968	1949.4200451071965	1567.4183001215122	426.66336669283805	651.9212504784496	927.7542319411784	739.0362802262215	566.2921713422801	1200.4872181279684	932.9291814385165	831.9173509372821	714.9956338203032	155.77093933885294	243.03656907185368	267.64258249891026	669.1767054299314	615.1377978876632	598.4167946770976	695.9517571757862	336.5234524407266	510.50877961214815	970.4307700824642
nuoH	P0AFD4	132.8864659184679	526.0352178923588	330.3089524684321	151.03497211759105	126.60179152881025	186.01076919451617	151.74234903543595	169.3946965543026	279.6797116898977	216.70359196419787	166.6752967131899	85.34899005007475	24.175093726299675	11.575652666666459	4.279996879543158	22.240507736082108	52.11303337019457	28.812393906526253	61.273515653718206	29.645248380589862	22.001404692139474	92.36369170786618
atpB	P0AB98	1155.1934733445175	1880.5859562558303	2490.072328833977	770.223374119726	1866.789521079121	1355.0081725627158	2108.69930864532	3159.3305237713425	2822.477423124796	2034.516937040739	1353.3773805740166	1302.4250449502874	688.8144378243082	476.221432891791	1186.1014131526142	2109.977160711568	1371.1072503790656	2338.9771880361673	2385.8762890224007	1581.3865914479227	2903.032974427088	3190.547678460735
cydB	P0ABK2	42.66313801818893	196.7332662029159	50.544513514663635	52.42994522599752	54.46376660831922	87.6623099986142	67.36869306950989	80.63511433710744	138.36783555403366	131.96164837631665	154.0368765588989	204.69044540665192	48.67622362192127	42.25975601171536	37.202424430813096	103.45698455981822	74.50815678011416	64.82169122671179	44.518239520254376	55.92788681827443	49.095442058649745	78.52451174610127
hybC	P0ACE0	5.430336789506766	92.54712916803655	19.573574302814528	4.469413022801755	8.393670743309087	4.299607460103271	5.06998447572141	3.721492605154374	6.77751918155887	49.39299773149343	40.61531505513607	25.741401314676306	1.3365781376525188	0.3328605610445302	2.0769634232052585	8.650080808162064	1.405268033380116	4.709105378699933	6.40992757110691	2.1646501790394574	10.126682817062859	2.5099383804198094
hycI	P0AEV9	10.842921772039514	10.017500716170895	15.191840966887506	12.538849299800281	10.120117426141055	14.149886723951187	17.32680604226383	16.761984448073534	12.003376697235078	11.153073466861724	10.871369926714962	11.384766860832965	38.79189293869724	16.926032135818176	13.197929584294434	16.934032786036216	29.989416352003587	20.62388467303029	12.856645522099482	20.41824543659442	14.518935079890838	15.48831293238458
sad	P76149	17.132216352965767	15.579537932965808	7.373106548998468	5.017943403341601	13.137522410071485	21.172019562886142	25.521410780554362	10.946745686696879	15.361002892659197	8.161299574517647	12.776926060053082	3.591153903244265	2.104523141471276	4.675903804132045	16.647561729085428	23.29449456617981	60.755389716955314	34.236794592967016	25.28696749153375	23.329595648534067	38.925484397251736	26.8899495496035
xdhB	Q46800	9.053144415	1.217697632	NA	0.924088562	8.901595745	5.084320967	2.595575022	3.474140275	6.276940316	15.44282815	68.93411876	2.460309808	0.013564602	0.122888338	0.159289675	0.19866954	4.580694103	NA	NA	2.063219015	4.969631614	NA
gnsB	P77695	1726.5404644687808	1965.5635954068969	2036.8673282661944	1126.6073674092593	1461.4161588075424	1709.6328908938972	1496.0030263391548	1371.4088705674678	1614.6479159102453	1551.0554793044528	1153.3565491902689	926.7740569344014	2600.100017737875	1311.2099598781774	2595.7023151764583	2071.9601184666926	2422.654163970642	2004.0538608391935	1786.031002974403	1375.2270809484783	1502.9592406545207	1899.7819711938084
hycA	P0AEV4	65.48177265880712	160.92244875137587	110.09810338729774	17.382811461692377	17.618386244699014	10.40304926495975	13.54845894574261	7.35933388383275	10.517067539578937	11.184012401502569	6.472175820474417	4.520721854302351	0.9359219394619384	0.6867995876630888	0.3367620503718521	0.42923040687666847	2.9802614963251814	0.0561502882515504	4.056540448788192	1.8342298158477242	2.1227354036402297	4.259472486276131
iraP	P0AAN9	1893.7128768767445	3262.1239351300014	3405.229746598277	2532.4441787971787	3012.5709703818234	3052.4056442046913	2853.1405691435043	3265.573524214694	3431.48926791464	3439.204953486165	3157.6465997970663	2632.9576618640917	1253.0650192255646	1423.4757651507541	3307.7717136858532	3131.149086852047	2510.6584351480874	3156.2623462866736	3437.2444583377796	1724.872008123937	2925.1478226117692	2082.3355768191013
psiF	P0AFM4	41.06397232947827	37.13500336414503	41.357261953203945	28.981154151013854	22.235358732345308	27.35936128448498	23.299682501570807	17.628351519285978	42.23339244830288	45.2199213010799	57.53522571402142	56.653249491388635	310.46770481592455	261.043836384846	131.8639097651723	38.59998426213353	88.18654228625573	17.50856704029951	15.684268266077474	50.60345597801189	15.33536947589589	18.680446726463593
rffC	P27832	28.98168572	30.66367674	NA	5.17384945	19.19144606	12.9166062	10.09645945	4.054850439	9.396919093	4.799197562	1.63920853	3.494154672	2.004589355	2.466031804	1.917222404	4.721220639	4.094745348	NA	NA	1.046772508	5.832755005	NA
sseB	P0AFZ1	436.48469104477715	682.9255256493867	712.9698712868349	212.7481067428016	212.47986321422806	234.96623594147835	253.5101994692765	189.62798978170107	247.53790508598556	173.96250425759055	102.64439327063226	77.94387734334616	71.05774558900266	84.30969957037212	420.95738681814515	319.36869724013707	317.3730205371641	352.9356201013478	321.95761327558006	122.48420438322171	236.16102401228503	375.85842293670254
yacC	P0AA95	65.66156993	87.41502599	NA	72.19876958	53.96565841	50.85703645	42.56898371	32.20058696	72.0838218	56.79128576	53.25935179	62.41619326	311.6620269	90.98554225	73.45524194	78.17934653	93.74871991	NA	NA	45.10458001	47.57865293	NA
yajI	P46122	191.6263896	141.1319856	NA	90.47889956	29.72280626	180.7869146	45.27978958	10.70134196	109.1136028	31.90596092	3.914682823	43.60235842	49.38835369	96.00254614	79.74391086	93.15568707	59.19323453	NA	NA	30.82236869	16.02251553	NA
ybfE	P0AAU7	35.29386913	22.95107352	NA	0.798364746	14.57444463	6.629950008	4.311127473	9.886919355	4.61631582	23.9511708	0.823783612	3.225649326	0.196479134	1.604933598	6.212956038	4.828339578	14.17647618	NA	NA	0.884784409	10.14607279	NA
yciN	P0AB61	679.6828125631179	2099.047224477139	1537.1841952574562	501.4408473799336	573.9852347213068	942.23019188224	786.6087917511269	614.50884290529	505.97284393113114	461.63794121679894	405.65326927267415	396.92102780117307	469.53326528672545	262.20331084911584	1626.5064463269657	1343.138219085645	1104.5932348484014	914.2842206351888	644.3362560495651	674.0918446567166	695.9336475772193	965.4342106548331
ydjY	P76220	1.340816064929138	1.491214259121713	1.7618084800432812	2.7799559063399673	1.9664912655384936	1.3836882436852642	2.0802380800242095	3.5452959730885296	2.961851283404482	1.1807643025240637	0.6586444453110172	0.7957379718594799	8.378006456023208	4.3961490928748015	0.8815660816313775	4.521608634036178	4.176781848126874	2.2124686152148962	2.1818040874402342	0.6758064983273347	2.064267786772133	2.9668531091929227
yebO	P64499	440.69710347560914	350.2262912847347	359.5101039355067	33.91998721385923	71.90837282561566	125.5377637616671	105.38848534818254	68.27503680691763	86.01573152953941	15.741038126763504	11.924996320164766	11.391006744676275	4.7187187517771525	1.4489966231401774	246.50366951433412	193.37157655829995	117.63574916000088	245.90092394123394	84.40378358773837	36.39255524772242	115.21182856623503	268.952989340317
yebV	P64503	1368.9755240724915	767.5345876317489	1671.790781826187	3554.691284051244	2309.0089783233357	2255.8867634886465	1782.418246773604	2004.810369465958	1453.5962263758995	1899.1232912022265	1836.856895368756	2349.304170416461	731.9534993855432	794.1587544616316	4616.345064751651	1198.5104084937984	6478.75365468393	1984.0546079623364	1830.9083106424252	2057.6208761631833	1362.4364322245272	1473.9885854536012
yebY	P64506	1392.8985674288986	1519.4756535963616	1055.4052814393938	491.11774397286854	436.97982018482696	456.8320450637772	600.3843287142413	663.3219600084417	426.63168326516296	251.66336915319266	229.281864315054	199.82439333713194	283.48989774051967	785.9976812892013	1533.7803632113669	1405.2106167824834	1279.1074916040698	540.5459429714881	462.65939125050386	296.25781565471095	501.9419288224027	788.5580089368073
yffS	P76550	46.27068459703211	97.82402256820154	60.94070611706691	39.20356760128251	50.670495665748184	61.86128351775983	49.89349516310253	51.113382406663064	39.680392297320466	39.35097952899594	35.29496905305121	34.95865389352453	38.29655271059224	16.030899051742875	41.37436594347376	66.60939787287516	33.02048524346794	45.64103078928255	45.94472340970658	44.18846294856763	39.42767918717636	50.11725463216036
ygaC	P0AD53	32.70425335	38.17154916	NA	10.18071902	53.66235632	38.42845723	17.23575761	8.905795159	32.53260954	6.599800144	29.7037869	8.458050919	22.46274704	17.81593522	41.20691993	29.40725004	66.17881103	NA	NA	9.827292554	11.10283197	NA
yghW	P64574	0.73324862	0.9433886	NA	0.024735479	0.374324928	0.214645035	1.894728891	0.124169636	16.33357771	19.6325205	13.65175494	1.579345475	4.624288967	2.449673493	4.484688498	2.230078473	1.202088141	NA	NA	0.283289303	0.193178557	NA
yjeI	P0AF70	822.3444794684588	1708.5621196253003	2264.6495144133055	1087.93862732786	1165.977925684186	1928.550872626239	1206.5063983286852	1217.0403512706787	3456.485049741361	3521.7233054804474	3446.733827089178	2633.163377018536	2049.1061118451807	2144.433414856411	3952.3839804361764	1305.5877642537198	1802.125631862309	1825.3594471644637	651.3935371417958	1326.1991580831618	989.6063650883942	872.5384430515337
ylaC	P0AAS0	144.9526963329154	1531.089954383002	503.66357875143535	52.69657307022639	87.12126243554188	291.3870950209691	65.35876725628366	66.32674287254166	59.200801563687826	32.805547760261604	21.41326561764534	30.53845447491148	2.001656714657044	1.0469754627786672	38.58101374274098	24.83225922087306	82.16462567518069	65.97189736981615	63.70966721987838	64.11101810498661	83.08067353977668	72.69374409030702
ymgD	P0AB46	4.301132937	10.8660202	NA	2.729055551	4.070655724	10.70456301	0.470663029	16.99179728	0.842330629	12.99906981	11.37650003	1.391679728	105.9335029	188.1862056	16.35576577	11.67164585	2.750572054	NA	NA	0.498447432	0.47493457	NA
ynfB	P76170	459.0865049401481	580.5722705541067	549.5879295656407	355.5769800585166	466.3676201162704	514.2291493397788	542.3572550024816	529.8764777584655	375.7042936535385	383.7602983194242	380.83286137395567	404.27380409791334	523.9508044296404	435.51606259622355	789.5250214009711	1034.6719661764491	763.6376403517068	572.4302882043163	372.7000697869012	538.7997935758314	445.40135985934523	536.7776835019764
yodD	P64519	82.74747679581378	123.76299814149932	52.06871795323142	79.44028741720881	82.42709073111595	84.42073578499566	79.09360639094513	42.94415982337016	75.40021823544686	85.74907798930327	80.83564889622495	163.66025437611992	890.0705896357799	826.0611138746939	238.17745557596058	168.04371432348557	173.61329175681834	107.9089072917164	76.6003018066156	90.39460312907636	104.71959015530345	60.02936110309446
yggT	P64564	212.2850716422845	279.6381801220549	202.45330263035896	134.7338780489401	176.52817193722953	203.72255553882857	238.7809816097588	271.6068937099946	317.1340087919366	243.35040274372577	235.3653925797567	190.50450681182735	110.17313178706335	115.22241757226222	140.88090798506929	313.32321335857705	157.61636815562005	265.8322438696311	250.80418383028658	136.18934857770657	177.8506012913663	355.4641825173341
hexR	P46118	24.766939515111964	94.09931038319306	93.61298803436709	32.8456619955294	56.14111983754357	72.65834308958631	77.90280492901991	77.20403394164164	75.35123288605595	88.35418538415051	60.90270070519136	52.33780349135549	32.24320079723801	10.498394326045362	7.454181855130717	13.265795600968838	10.259999101739826	49.18130327779426	82.29494827997608	51.10483053494632	65.1099136451227	70.39212381972561
tusB	P45530	184.041352	198.5785808	NA	122.3700594	106.0367577	181.3276125	94.50915671	134.8874828	151.7702881	180.7268415	172.0682764	130.1811851	176.1961805	170.5190043	149.903676	178.7736559	199.4607152	NA	NA	92.38109422	119.7809173	NA
uppS	P60472	31.39994965	118.5367012	NA	10.53717934	5.519858983	26.44491115	26.02095936	11.00130484	12.21151812	21.24803108	29.26412398	4.30306205	6.21727357	1.483411033	17.34378601	12.40420147	22.44383034	NA	NA	4.5475744	22.38740278	NA
ycdB	P31545	10.44601804	2.537525132	NA	0.340794575	5.495770278	1.410104068	1.017629407	1.255056984	2.125296424	0.007138481	7.607978085	0.160389266	7.66317386	1.531349755	0.767515904	0.804688016	11.97682136	NA	NA	0.489327671	0.640340407	NA
yfdI	P76507	113.6589014690016	311.0840926461635	191.41336423487033	40.54543384469659	70.57128618510639	103.09261858209358	70.41970224528283	54.53344737426396	160.70139835215448	120.97533285524862	86.25872454640455	40.881167909219734	26.816958461565406	23.018885459584546	52.76607891164445	50.315136309025824	42.80992275823709	57.45318591164607	41.098032204642344	26.225892781631273	42.60292137356209	80.49840458658174
mdtK	P37340	7.644037783901476	15.774165456491595	9.54233206816669	3.7889538530729228	2.034600077813536	13.600781427124895	10.811100475802455	4.623953030633267	16.515526241306393	10.439965586060369	10.330042360398616	10.477943464535711	21.35780334424201	12.673698603211374	16.29458189305719	10.810483089835733	20.310597741849328	11.94633726550331	5.974748838762575	3.6209480967256846	7.100333455104691	11.776779596130377
amiD	P75820	54.406072627662745	58.45193255421646	63.44302056272442	50.14438335411446	47.23327623738819	49.97552968041581	46.74231017372927	42.43070723083552	40.5434243594194	53.18759240478514	39.205852344829616	43.81016779955122	52.78368276002398	67.22784296065785	68.14489330241925	38.86039624122576	52.29453774442868	39.6500225972731	46.15706270089103	58.465674823645244	40.97785256752747	29.32940525814386
tolR	P0ABV6	173.8194822821931	216.07315677407513	84.78654836390298	57.447699305089074	94.72601111078171	134.2911770936815	105.99466943664446	111.70084283572358	95.27639907836031	60.480377862093995	47.46234422112628	42.147758974289665	110.63526736427204	121.9626971664327	151.94749243274845	280.4724907729845	214.450509275865	151.65012049670815	103.66063206750874	66.14754399875463	98.67742292227692	178.69978083846013
yajC	P0ADZ7	5020.876380371661	7450.635686661408	8015.076867793158	2870.0654007523485	4554.704708750184	5459.155074195958	5363.6093728134865	5750.005487581227	3276.6021903035635	2991.4184796860404	2836.2688005297227	2475.6680380481257	2396.4910698932727	2183.9280022946955	4423.982275925619	5292.669929778491	4155.005856276119	5069.957815904341	4251.952783277139	3537.4879650443286	4590.744899192386	5367.426714998584
nfrA	P31600	0.362738574	0.581629966	NA	0.081015037	0	0.098075535	0.017606475	0.128315242	0.192872025	0.024715306	0.597562065	0.974265426	0.055709079	0.452879732	0.302795636	0.152203045	0.509140556	NA	NA	0.000375045	0.02663984	NA
baeS	P30847	9.168720830938602	14.575970592470199	8.490359452330743	20.387489454365898	14.09005456923706	11.974832949446439	15.550782977124843	10.364504159232673	12.731896410768844	12.783164874861928	9.97641006638749	11.040766785452893	5.469005892025837	5.560198117082236	7.405327042975602	23.036060356816204	9.305332238393262	13.016142389590701	15.725253860363448	8.802481046554584	13.048356036710574	17.40208554997155
bolA	P0ABE2	279.3264086521874	744.3964627152336	291.80742696102635	141.4288000567469	182.33709860350936	201.96835578037403	229.58867869549093	123.65690348676034	201.34546567479524	176.82969376209883	139.09284916167545	132.46552072020805	447.43576900013255	399.8999339240497	275.33208168075413	495.7894811184717	242.16323138368315	212.9832224201756	136.83168027671334	148.25738921275388	120.66135050394358	165.3496277509845
cheY	P0AE67	27.82105735058306	20.390024048660663	84.71144941180526	20.956517670430767	35.38109748677863	135.4831809834051	21.443157938323026	17.143287304703268	135.5732734335012	368.7694437437233	114.84891564589486	22.223392888665767	22.325142930507916	4.384137453957256	44.27134696309157	26.668542536753073	48.72727952394539	26.989653166014985	42.111873908991015	23.75202238128882	43.317576741957	38.896921168001306
kdpD	P21865	2.843091942662411	1.7695933801680428	1.2487956906340905	2.1613838371447	2.207031445440932	2.124593186234948	2.69249427789064	3.426246812006081	4.5155440815502095	4.139420222885204	5.787075983212644	6.002664554622004	0.6712775159816242	1.5700820189998845	3.3651872543867865	4.964388665076371	3.7524002383724935	4.347326076165776	3.7854122914066157	2.9858407889926033	2.057754137283054	4.115096211504285
phoQ	P23837	12.049230872745955	31.60536351544885	14.313147089839417	14.747872888264952	14.365203705055773	20.34604759727523	14.806213305641629	18.65478839492835	17.782019821190328	22.458809001756155	21.009798931586182	22.73930988740743	4.910220931579125	6.479420659077349	8.631054200397926	11.905287318962833	11.072299508079386	15.500480995174504	22.26844158610723	14.202665041618854	23.915010826560007	21.90808518269613
atoC	Q06065	2.0691347152432575	11.504158913042465	8.039485278741415	7.838814928994888	6.699508608300291	3.2376851532575657	5.335186534420782	4.607682258985517	12.411219246023006	17.450822808968507	17.696464430492973	16.47088479298104	0.3280569811221426	0.882288347141867	2.0647513714068135	5.274926300823761	4.438155379166853	5.333265211406606	5.611258640131955	2.767487994816443	6.280619154738217	5.180455048731884
mazE	P0AE72	29.85913262	43.67640248	NA	21.99101464	32.90639461	29.17556707	13.40986156	14.57672235	30.73425653	14.41643585	19.79839605	22.09798615	49.67696154	47.99781186	22.29376172	25.40704283	34.79160032	NA	NA	16.44828284	26.30815027	NA
rssB	P0AEV1	13.455806836692853	4.838909515209112	3.6529149589323207	11.270927508978556	13.315591313673078	17.21479873835436	14.320828917989699	10.49834485710953	9.871907711326488	10.913946492605369	10.62292539100415	9.071657929676478	6.671536415326113	6.971488141852323	11.85084835084523	17.783933969165638	23.406855384602455	12.714659076451026	15.015725409231676	20.294216725541208	16.889290980550925	12.263298947154485
basR	P30843	13.429504704748394	21.13027529883585	10.579059764751033	12.048690031391647	33.28889421257465	12.981502679079725	42.74119556071195	26.95185909274234	19.1847062080712	23.38191028796404	22.572105622864207	32.017357457030435	9.65792625474729	8.479785201137572	7.529202167816825	11.321086930075836	15.188624738515104	24.22506548002118	24.21563403231849	44.76549948302166	20.974934999744683	17.15554170392912
uhpA	P0AGA6	39.473646112634086	62.17805473413415	44.163624813647836	40.563676950949514	35.65837952287513	35.7104810968805	37.17296722586734	32.412550042626236	29.138727243014618	27.41527766131891	25.504240801291093	21.18365257568317	3.1158095088646425	2.21566130737729	38.40868766297081	26.30453245517059	16.761367252917896	29.595849387257605	33.65833668749225	26.259519847913214	6.159005775978424	22.99678009170794
yedQ	P76330	6.570838134203988	11.351171501157507	7.032194004083077	12.591143731380313	7.144342161991821	9.175019671587089	6.050635252394637	6.356483766324999	14.953382035933783	17.981745764255162	15.664084667483051	17.228330860305935	9.725033051007813	9.936295622853788	6.074210490555257	9.434417925698304	7.509450575003671	10.002208013760818	11.030349249981153	7.810333121915439	13.207573574040323	20.617334111520783
yhjK	P37649	3.0100279944102257	4.108189587894715	4.0214781745915085	3.8893069035125323	4.097122187305246	5.102300734305263	3.112443900942205	5.323576489992817	9.661169485625363	8.838615576597999	7.995378733920779	11.23551461191824	3.501668055863157	4.7272262115231305	3.4284656398648528	5.1067617922648365	2.830349691292886	0.6473398258848736	4.058963421693542	4.766370922350928	4.729860915977225	2.8282323776030336
creA	P0AE91	245.5875989943655	442.7030080400726	346.35009243184044	139.04924757460861	179.98202252466552	181.6527432215135	209.30452013734276	200.16433934933414	236.88906230761955	235.62038518765297	192.9203227291081	242.6383809417635	171.31108043706593	170.293856689085	270.83375976205417	451.94293786804536	246.6590731759565	215.5879128807035	182.52814029314055	213.25152757557885	194.87324929180645	244.20564365966635
dedD	P09549	39.632688978621374	84.20267329437326	62.76504620697638	20.559117607916804	29.717439151585733	40.692454890290456	35.33102737002901	33.83304111090445	29.697780262987735	23.83030829504559	27.03590613098756	26.811365468148864	8.178706935185364	1.1471757057220546	37.019459972551246	55.60626620173217	33.853111676434516	20.6329571718578	28.268934690322208	36.05049549048294	28.872807341040428	29.873163338847004
phnB	P16681	27.09481904001118	36.75594180744684	28.280932923347464	46.09109873985412	47.82988678760741	72.3795002942025	32.5137087111593	28.18530522115639	23.437842534075596	33.77028982652333	53.43270592255255	79.13513506872906	68.2709981180448	159.2367715422057	31.534244358586992	14.65027805306618	60.55805626185878	18.55450669555517	30.655789409075883	100.24677058323915	19.926474561585064	14.716301120523163
slyX	P0A8R4	281.73892712898515	450.4785930433201	262.746494152386	130.24054564793863	244.95404402106942	171.102703556635	233.98955040060122	250.95914370358642	173.24170905936532	145.689970073715	90.72891632843267	79.54935278485931	98.50444846912184	110.85127092160549	214.7638481951574	310.6826522443204	168.24831905882704	141.8858371210985	132.6191358008033	143.25070030175223	182.71394497971164	109.50846503934875
yafK	P0AA99	80.39050891526973	14.933137853060336	14.695982259843667	21.97072764363679	32.20258697942214	40.74511939964856	50.85322125877117	48.203064365656154	38.849708455331246	26.03860300631444	18.63313480192118	5.84620817554983	21.286632404896945	14.188613332942476	26.776907330644192	67.93371448417871	22.349605340546983	91.6135837311375	64.55411925223086	30.21537897121511	48.051109288259774	78.7314713043895
yaiE	P0C037	1344.9990575621282	954.4003918434549	1415.3498308643245	556.2754941402535	1278.3431184958797	1368.5978578326353	1772.2178276543173	1348.7052757775084	1229.353605492822	1100.9968970793082	983.97508965471	682.0253869721724	1073.9968623647499	780.7379412174611	1670.0549796653866	799.1427512741775	1064.2245065650618	1632.1854196507988	1314.7451455000553	1005.3670340209173	1019.8798248690621	1558.6855126135497
ybjX	P75829	2.669574134313484	21.695507642131545	7.971191057690126	1.4246076593722115	2.4240915531079366	2.201639765105157	2.1849774761190544	0.893841803362728	1.350836874126017	3.0810237893578107	1.1077471901969123	1.3696663684016988	0.04878836759784093	0.04605596726986589	0.41605047283602886	0.3557297969349302	0.8642567177850802	0.5419310974067671	0.6891574418409468	0.3341713262608367	1.5685232967670943	1.5174003044184667
yccF	P0AB12	267.70070353446346	540.2056477733556	307.4737947571137	83.21014572050844	153.53989121306367	263.24263331207607	228.5141969812567	123.13664181064627	392.36120638344573	331.7705592459192	282.35045452049883	312.81821626582246	162.42096183293071	125.66664547025489	256.8649123055631	341.40114579015227	315.0410449482615	295.48890251446176	151.80111029645659	144.7924592801864	195.34044624084018	341.3823732991537
ycfS	P75954	20.158654607176842	24.683200622884375	56.79412072483553	12.435774386255801	31.40169184353358	5.460343836271056	42.0769909625251	34.843947487819534	2.8098134493169518	2.9941772110872824	1.0611031795799772	1.21866650905283	0.05904242123713347	0.15932772459365863	0.48047343185650615	0.9760661867964027	1.6731202884391525	0.8864504253069224	23.43522219940776	1.3436202969817614	31.856720757731875	6.901490963809062
ycgB	P29013	4.665290208088521	35.71966374848255	6.212295995548085	8.0726923971484	9.629016446188064	7.791625952859419	10.876105171157212	5.288533414397145	7.521057624932695	8.57024799447967	13.420352871727328	16.957335989178684	8.278927544679153	6.3890591826615895	6.395378843511186	5.442766770833127	17.21680887943893	6.632399782164773	7.129125159676653	9.276832046818063	6.6535076671705715	5.636603537668209
ydcH	P0ACW6	0.7521100316015376	44.19476369631494	2.1754285867375596	40.92503540113799	12.343405550895048	1.4581286811270955	5.987282567751421	5.419239102852367	6.651941818513648	14.616771961699296	33.50166376760026	9.13425930968225	23.148483068320864	50.96576462574107	2.1826913031983106	2.8267061603120816	0.5907525252979174	8.439012446216564	18.47731139804084	21.151717079998516	17.430636118551956	11.99101399962782
yebG	P0ACY9	296.47679692124547	831.5759992800986	732.6100861993464	79.78814262294524	130.9493894491765	252.64301144585488	209.76179822899914	200.4829097219718	157.85775614189114	108.6430598671549	62.38371457547996	23.299653156320193	2.680970277114259	4.50706299778229	186.98241132667698	317.51255460227105	78.42571290147131	172.1245317034596	141.79519172800005	48.385360127665834	151.2191457420196	178.1405986947137
yfcN	P0A8B2	74.29885425313469	69.28118062149237	75.84061627313737	43.62584011570007	58.06499419950371	59.14188578588353	59.27362276835873	61.9469919781203	58.99191202139287	45.60841197939442	43.068212310244114	33.23500017143148	11.124303463639967	42.191079760077905	106.96920390300693	79.24362916760509	72.43503105245227	83.88139864751679	50.52994294046882	24.890471125112832	55.33527543693876	62.04119492457845
ygaM	P0ADQ7	500.60050172829347	531.2110903425258	586.1678502597671	893.1208821161067	1061.5939785731136	627.0361298028179	679.9591568134998	428.294558238172	1245.895051040272	1145.4000393219865	1392.9495672334644	1118.8896197060558	1225.7502905748004	764.2128324581186	1669.245601639611	473.1498468328917	1454.9314389973497	461.4123524720568	630.2506654321116	1539.925721418572	467.2585101346644	454.2528676012228
yhjD	P37642	25.182345374284914	53.765088490014264	24.948406340915074	20.665756278697618	27.10865997546843	35.51763548721947	26.58740491782707	18.500980311530434	35.42560381765424	24.646476275311564	37.42858159825382	51.13585552784474	16.88898351853572	37.81381766220882	82.00139736830113	54.56990721878025	98.09615656609833	38.18002751172666	43.578391410296085	48.14792067178132	35.40557740089339	59.40622743344454
erpA	P0ACC3	3607.4190035168785	3853.087454988683	4823.892819320577	1790.0268501174307	2703.586519919312	2546.060740025901	3459.838407704819	2826.1262473926026	2189.5098104481262	1691.3139097090998	1177.6254378127257	992.9879606741268	390.7146072600492	377.6689397084842	2301.362179278813	4232.444840185798	2755.3110553156034	3127.2938893981695	2954.6155701784282	2139.3548623980632	3603.568931267301	3876.5796131683946
lsrG	P64461	3.8882865340283805	2.6056536164048714	1.3541706468964132	8.339864767772205	28.334278578296832	1.4970787293501442	3.3859494784196866	2.28895344847009	2.9821641410921673	2.521994592714081	12.228950499748322	21.49414943085776	1.5927532303173026	5.962736546120219	2.232599588779744	6.198247892865852	18.47110793286226	8.179911319698022	1.846028992357994	13.325672310785304	6.8970870571544385	9.52639437110675
nanM	P39371	6.555909022	39.50937351	NA	12.7853189	3.266832786	2.49791064	7.722755065	8.391024274	14.54143639	22.69278461	25.12306908	28.48985671	60.77176305	20.43333654	8.24566783	6.460459548	16.54709072	NA	NA	17.28350973	3.731196875	NA
rraB	P0AF90	1939.1621300136046	1905.3282657241543	2440.3119720463833	2027.4129561774764	1855.782881011135	1962.4183585019034	1616.7776257818218	1605.4757070354356	2453.255260841842	1905.7665077237066	1606.2678910714537	1420.685152287334	2648.21179664486	2487.723915295007	3056.588826663433	1901.4003043682264	3574.480882356982	2225.4767828395293	1499.3847495554953	1248.6736558386453	1455.064327370901	2044.665940653542
sufA	P77667	395.454465484986	343.22687305461943	385.4365894123102	203.58374687386342	152.5514364739843	196.2275772992927	216.8931925790099	191.26968719005578	243.43867320085957	143.6054956029156	125.43419132388726	78.51585328097991	142.99380440086736	101.49370379225293	1010.9762540266537	351.2689535644413	276.21124218897114	448.0074014848055	168.69132645030584	124.37236111644786	137.73513933495096	209.63492280652693
yacL	P0A8E5	170.5989285	251.8361708	NA	125.555253	115.9269022	191.9731609	95.06610142	92.31713989	130.759225	104.1746385	110.5577154	102.5795995	376.9478831	434.8962127	93.92721612	138.780365	130.3130778	NA	NA	91.6830957	103.7051247	NA
ybaA	P0AAQ6	75.2964716	77.8760359	NA	27.92939995	68.95905166	165.8227519	35.91335781	26.00477762	42.29108228	20.56013253	15.40383138	53.35904103	265.0266926	330.3949057	50.43858088	130.2742438	82.53946473	NA	NA	55.62943406	16.31090547	NA
ybdF	P0AAT2	176.632797	53.21440605	NA	47.32281985	55.76429606	48.45298976	51.53359094	15.39329691	48.44327658	15.07118913	3.263472039	56.02370114	82.05684672	75.60916173	46.99656719	72.18859797	58.95299357	NA	NA	25.36813186	32.71801335	NA
yciU	P0A8L7	140.1436115	136.5605982	NA	92.02202274	84.09920598	112.918315	82.38573464	55.64354601	62.00596883	124.2123423	40.82591178	22.41533721	4.023682603	21.42460313	67.51752425	61.48942836	24.60383078	NA	NA	64.73360827	194.2680428	NA
ymbA	P0AB10	84.46990310391786	141.0330102716295	116.65958855992317	60.11754107441266	67.14840512677272	78.24824807657653	60.68640098648219	53.59144767764495	48.571663374554255	51.282631531014765	61.90461774009509	57.16713330879284	42.638583521410055	56.30751484893513	78.31365311562604	79.24432421715427	105.71809935335246	42.82185349323634	50.00152631407261	46.021814654747175	64.21993347571892	55.442392116474174
yqcC	Q46919	137.46942108145132	352.3013243319088	257.02294708681535	77.72590181830593	87.6141394711273	68.19638022200566	87.847884670606	77.75617745678332	56.79202884209055	49.957031149395526	30.703939703220353	27.693621936176516	2.1483071503175455	0.5664991487973786	92.64066280664663	69.43383200763493	112.22931700345508	113.68842404927847	98.88969492304213	57.42056598448077	114.90259852934095	97.02707968546756
yqjA	P0AA63	37.164047943578275	16.92410026755179	11.903515084533257	18.02230428132508	24.825521785765392	10.168843031888354	53.182011410208	64.14728438672427	24.858977299428435	22.49459252174602	14.195713817938364	17.22121864531807	4.372534173179905	5.639328559191661	12.200427469703392	25.195357627517634	8.147408182726945	37.43630992722737	59.076205880163194	21.423904834521178	39.62892250750984	79.26104577495015
yqjE	P64585	12.12165979476888	25.11762659367322	14.0391744785754	14.835359098258047	20.403189666138	16.658673651689373	19.90068934622147	10.469599286249073	15.086226414984134	15.250359635988648	26.609300878063575	16.55178350311913	2.396244681785396	0.1615577455821741	12.268096310122825	20.44180824289279	8.06222832987353	3.7632523274967893	19.403839640082662	8.244898256754514	4.19190906474429	10.582768412922961
ytfP	P0AE48	1077.7642952318736	1217.190161965697	919.2130865518805	506.84084067130203	770.4457994885353	873.4700650807007	1161.314509528845	515.3340601700477	633.5167938963192	415.41511928533595	499.7815155070893	305.94315485144233	474.0227109961523	626.6786476369829	672.896971773416	1031.5858325088918	1359.78397816661	857.1539114135306	625.8425664977939	660.4037304859465	894.8018016598867	1307.8436491157383
yjiX	P0ADC8	24.34192751	177.3512481	NA	1.649915362	7.800512024	37.7971323	1.220532258	79.91623164	0.73116835	142.2736307	1.811257616	1.458522996	10.46546273	7.306140477	4.670465514	1.956969576	3.268799812	NA	NA	1.112627465	0.919996169	NA
yqiB	P0ADU7	14.28327405	37.78909694	NA	2.138340553	16.45959754	7.29364512	14.1281936	4.457086344	5.462933411	2.043125986	4.688887757	0.976262979	2.076197112	4.454721643	11.73070113	30.27475835	23.70880093	NA	NA	1.454255239	4.80928357	NA
rcnB	P64534	444.43658311459274	882.8475491860485	606.9024753790421	365.3564212058115	415.1195497863281	488.77579174131364	437.2160415113352	463.83217895614905	422.8893008297753	348.3727540806594	353.31897836497234	285.12564918081597	527.4761760341048	412.36708098260925	604.7514418747539	670.4560780935728	783.4924394275714	440.9597397465343	368.7892703526225	391.296737317326	392.6477378803352	469.92628477371824
rsfS	P0AAT6	68.85489121640849	184.97816386671448	97.70143427339066	14.747878259738608	22.307649166571323	20.971566970806748	23.62031558328074	15.622613191574464	22.288790661351637	15.008232534968409	8.4323151864112	4.721616957822774	4.4361834832342355	6.0870099523466825	36.06340422590241	17.73276828067334	20.219604892898207	29.941619891146388	17.705398562180264	10.378937489294191	17.672029782176	28.206043878099567
tsaA	P28634	64.89084573575487	97.90026952993085	68.08543142965723	52.461180372186995	62.09704840932744	53.79198012846177	61.659315497970056	55.368476603344305	58.26935077597256	50.49711834311562	40.88006857319734	33.096098550712846	48.90081267776478	64.54517324477256	99.91459387760133	104.69295932884668	90.99551366515658	108.96710375095014	55.08170620653455	63.43673568151232	80.21715125974555	85.24732814980396
ubiB	P0A6A0	3.157779900271136	9.310299056989388	2.596126180695481	2.541797514252189	2.3579208008762444	1.8617986875859618	2.2370478942252294	2.2428923588802894	6.864322893731405	4.855600299630604	6.634713716110786	5.840149196290608	0.2637449616431524	0.13177908889313447	0.5147424283424327	0.45919383307982414	0.3205101037244538	0.3374507724468531	0.3798982181693665	0.3283113994085736	0.8762291556665556	1.6892834039183193
bioH	P13001	68.04242109583373	67.7244210478374	70.55362449793788	60.53704335090109	19.88889115182666	21.20787339082269	26.42960191585295	35.53668398402661	27.074351906846534	23.868838921212497	15.84704005740345	13.9217165881257	24.756368637361774	13.272765405515607	26.621146586649278	12.660058852203516	46.15156518354854	27.337487239328095	18.208481227198906	18.619116102577475	23.16012213430495	29.88111905296383
chaB	P0AE63	78.60528393512608	21.888703554487638	38.56645699208951	61.50728975847281	102.61813872107604	56.459084355391816	71.98268737917363	45.566199503602284	71.31927466840196	54.27112448557665	53.42102024588731	65.76729715802334	21.973450918484108	33.12098064600344	67.08613893308306	20.70938353757012	209.81908246494672	32.02930300033989	78.77691031145193	136.8391751426525	54.134119445710944	65.09039809082364
fhuF	P39405	0.5313002299910179	1.0809430925870291	0.7203443864825808	0.64297039128915	2.237764751900451	2.7054057184020945	6.247694826958955	1.8008275048855238	2.993720942539049	0.41948208632597445	0.7134714877828962	0.9743635037376495	3.2832232710140192	0.9913051524627756	76.82163204392317	24.543472059852657	52.573008976273165	44.11475536774861	8.979337366776322	8.431396811470522	14.519443908810626	13.276075982566892
pqqL	P31828	8.149295381907347	8.150552079664358	9.029105109871224	1.5606996438824283	5.8847979708460185	6.043435487637528	5.064178789060737	5.099056433937954	7.438113361953343	5.496212370574367	3.3178046873238114	1.726924380585602	2.617591105110247	2.3807443511750117	8.382432122614636	4.404174851253924	4.395381869269854	6.366160511944809	5.230562433786431	2.8072767281171456	5.388019914089663	4.715790948223031
rimI	P0A944	44.84312723113227	54.86506249815852	62.63948879260745	52.73162763025841	60.50193520443848	76.95505497839734	73.49879949866764	58.81742837073273	46.34855270030521	46.78132813020756	27.192140465859755	25.549114095722246	13.900258351601096	14.508773937631265	89.89711531948038	48.94827001177655	57.170540162579044	104.28316226524498	93.35977839448658	61.42589534601712	71.10446943122972	91.2852782687284
surE	P0A840	160.66198157329958	214.74135947905106	185.42054921278677	133.28334344796107	180.0388375425805	136.695105141789	147.89234507515698	185.9350632668685	111.36211715616984	126.63020225338616	125.99988813036931	112.54722155962389	52.869058145948046	67.79839147069006	108.72510668731431	118.34973801683716	76.31054059941893	153.57066871704373	153.80249700146123	118.09508204451474	150.7984613986952	111.862135575291
ybjI	P75809	26.863130018631804	32.1936565156695	29.134550170298844	28.896343207582614	23.47279310003458	16.06975233097224	39.5248817186157	32.26029028988445	26.82648911644358	26.093391962732493	24.319367633971822	10.876666798621388	3.9649563609078684	3.387696838800422	57.91793424663076	33.69411976985385	23.948033276262425	46.57493985359086	23.145937175204864	25.700006485743874	22.301690955634825	50.73930146489052
yceG	P28306	12.790126354349969	14.745534054295813	9.62394890295635	6.8185579486684365	6.115969010980521	10.679292619452626	11.595677941368088	8.017745545161427	12.040777854744036	6.619481177297885	9.205055836518731	8.078587410602749	11.183862549614073	6.941475446072779	7.870195685842312	13.08690215299874	9.798442606977742	10.164558241448821	10.602540196135473	7.148854205400915	5.7626725723091665	13.331288749108435
ycjX	P76046	30.72391345271571	56.32589500660408	26.49511257068911	16.199217202208718	28.230126981313944	19.528488810359022	34.05081093257222	21.86724906574914	22.874802051943707	16.015514797527636	13.187401740112369	17.276255875425946	8.967149958400347	13.358632465848686	5.013498069673091	53.3117582602272	24.138949411339254	18.591944176580366	18.928714219567166	8.968783695130536	18.94680878939239	14.764992304235204
yfbR	P76491	58.63290805486093	62.873206211203055	68.22716196002294	30.552813997212287	41.170845445716054	41.21909794040881	45.64135184254456	38.0113332402979	40.42344890942502	30.706869632035374	19.62548796733536	18.854428129735965	9.752956243611685	11.743162456215462	34.06907572575458	39.04618900533442	34.07320804959131	26.071785714807554	30.54281468487151	19.342117324517815	19.070986702499585	33.03269985870454
dmsD	P69853	149.44259277386715	162.88373814808836	129.89383747921465	81.24912946991981	67.9796972758293	90.71286706145466	79.49604452385469	72.90129980695272	55.4454499278241	47.76778837391795	40.78426891749323	17.385902127284492	33.57450246988071	44.249578821855444	129.15678571090012	31.0879442608042	30.09481966319223	41.371733982407875	29.907974066437056	16.014531153683787	14.485242460275064	74.31667158827342
dnaT	P0A8J2	55.153376932312426	139.77878247313123	87.91116617820248	37.3851248317273	38.81587571320557	41.795093766797336	37.063477145380304	37.07768016047256	29.99628999399038	27.038162270717685	11.516504680171776	6.12369161472614	24.23994818189476	12.631872165077237	54.23834933654092	103.77555337356316	53.688756931073165	94.46418509888235	70.02825137319067	57.33208130852038	61.910515864009945	82.93682228096918
eptB	P37661	0.8539157545155901	2.5280758853709933	2.1144344649009836	3.2572798190320933	9.942619495692275	5.64002094838156	6.3088770109223695	13.521521064715175	3.511691411867888	5.399695648104181	5.6868088146348805	7.180099291043884	3.7849345786599953	0.9926984267675962	1.9130607665688872	1.4919365902658344	2.5528301952990544	3.118121517433229	11.043468975271832	7.341998323233719	4.621807872097051	3.1201099859376566
fadM	P77712	12.617976847555408	15.63445281280058	11.805060251349188	130.13660562731934	120.72006915907458	63.31697828029648	69.44548380620724	53.8853970557958	79.12004074878116	110.69617298531857	124.14437075032802	114.5310610320514	45.17417336213006	32.03610924747145	38.443862862047865	34.755987751405804	12.80361951252156	12.82307001165582	70.74760707261758	104.14061175775781	80.63917519174232	23.003773996251258
hflD	P25746	165.16014897725358	273.6681217045999	218.22823809482065	103.44903257081127	144.19936712855304	202.60148432400248	164.50582587121474	143.84924841790354	170.0878887730379	149.43937629307302	130.06946272430488	114.65761088841049	56.234313875105386	57.55823390028019	54.3710907158651	140.76084351956172	65.93168693177222	143.02857747274442	158.07112442375282	122.41719709497933	137.23551515670943	150.95898031053432
hiuH	P76341	379.29735680414484	54.32805032799166	44.29699676764714	289.0491822983103	444.188365078369	77.67848995467	446.07252097577793	155.37919746648268	133.83109509644598	169.28181141701927	142.98779749102357	70.75275943878984	119.75660770589866	106.92693848198725	93.61681306678659	320.2325345882525	186.20346684214815	131.78028108738	547.2621932403796	446.4743161945419	217.10575129672566	402.0760500335325
iap	P10423	15.38327765	0.981076777	NA	1.301376587	0.146477818	2.314563577	0.141875986	0.65604024	3.440457507	3.199810501	0.117941677	0.254106695	3.8817505	0.000276312	0.493207212	1.10033476	4.979380932	NA	NA	1.238371844	2.196840342	NA
kefF	P0A754	45.39765547	32.4331345	NA	21.43494677	6.13081056	25.75695992	33.15119284	10.65079668	21.28896603	13.95984476	14.30796825	5.984726607	1.511716618	0.597931619	13.57330154	9.950433069	7.596807865	NA	NA	15.3562457	31.72145737	NA
lhgO	P37339	9.829979615341909	17.800505260962748	21.90487347909021	13.080969592099725	12.339142976366416	15.975835079777925	11.827018041386873	16.169763058125724	15.960208716536476	14.430188967757214	8.064286118045409	10.61240562455947	6.303241127199006	4.399318753673859	11.258336609070383	7.88995443748905	4.907341477105596	7.855140902901402	12.173058700300961	8.602748374645987	7.519016405444497	9.57477758533654
maa	P77791	67.8613199342687	510.79188522661957	160.74432345144862	69.25051819841197	75.72578331340515	117.46803450570977	71.30334505511276	64.311628526928	58.291672252174294	79.54670220550074	95.69582784680735	67.7326548193988	2.0562544529161886	4.05723351857277	8.703385051467377	24.465519052564108	10.110679489165802	46.52242899616248	102.45536450483557	125.05707314849231	164.55560018837537	87.3614031798164
pqiB	P43671	1.059948896	1.10810809	NA	0.661169227	7.284812801	8.230345857	1.238075889	84.50378444	9.677975969	198.7999415	1.048060722	1.610876249	11.07746956	27.69484582	3.151111123	0.728178563	1.351775548	NA	NA	1.986472119	7.353593065	NA
rdoA	P0C0K3	57.27052046861584	107.82345469288316	82.57998116923932	25.335936227696482	29.465002277300815	26.48071872779765	44.084856456315144	49.881774620976636	19.361828903689688	10.93906391807224	9.010482861652362	6.27913062776755	8.631082023672166	9.298626222786975	9.675281163567957	45.10304003980102	34.55521096165384	31.134845543043873	36.13423798917395	27.70422487935148	39.19836572565499	59.961496960549354
rfaY	P27240	4.2518538714220355	17.723419823129618	18.987986702261868	2.7131837214674266	3.2400270392601827	5.680651276491796	6.621831074496533	6.205850665668534	6.142496988633627	3.9024711816310047	4.6679701194562035	4.519317742629181	7.905018654234366	7.893140634254425	23.914244320216785	13.51915772757671	5.6566600124026	6.443711746906263	4.629307821141899	6.31918628529198	3.601856653417034	7.366931701793043
rlmF	P75782	22.521680559808697	43.536494352927946	12.72935386191711	8.702496094646914	23.088795348664902	20.823260342608613	28.68146289319338	17.93226419602798	26.012877119002155	13.831806879108386	16.010330239302554	13.702949620117279	16.793246457105777	7.874558819826607	11.644087580756889	13.254231960882136	13.822619508427495	18.87696224601938	5.3473023638362545	18.21165977582938	13.374057493979224	11.013399105188784
rssA	P0AFR0	83.46763792	11.45283448	NA	46.20526733	0	13.87940014	2.616637407	30.67897346	9.252081482	5.603023425	0.624780907	4.985798272	0.545558688	0.159084446	3.570328835	3.269720219	15.3554373	NA	NA	5.023663421	8.46447343	NA
selU	P33667	11.17874947	10.2385223	NA	0.721860789	5.88512138	1.480937319	27.99240178	12.61693686	0.469035374	4.933603391	0.326247256	0.084229761	1.321487782	0.703898278	3.266811737	2.637068957	2.465823252	NA	NA	0.571865733	7.124988078	NA
ybcL	P77368	9.740211342	6.187606974	NA	32.29272275	39.88616377	19.62160576	16.1027938	17.45500742	26.81035432	39.51348759	49.4324041	65.5221187	143.6211575	75.81163484	3.185431492	8.421902284	2.285800366	NA	NA	44.18431939	40.00879772	NA
ybgC	P0A8Z3	193.2465441	241.7934952	NA	60.72725458	134.5878311	154.6835526	98.9831953	60.8364456	89.96063133	93.50229696	59.27504261	45.29645345	29.17731376	41.31959811	112.8322977	169.602723	164.4233722	NA	NA	62.75116349	101.7671812	NA
ybiP	P75785	0.328645447	0.04465321	NA	0.023425965	0.124351265	0.2113303	0.081940806	0.150201868	0.264285378	2.199249401	0.121180228	0.549808343	3.081551572	0.130555655	0.072007419	0.722066253	0.618898889	NA	NA	0.104769756	0.046137998	NA
yddE	P37757	126.98033335420233	98.1177518679935	78.59388168425114	62.89343835399596	92.13570101568926	104.58448287044948	117.695033563481	89.16084566994088	69.22155559631834	72.42503647407057	66.86842295844481	65.93714879662492	52.03533930403354	55.38733887347476	153.42451840887858	70.14082784432776	105.79706915939892	146.24748520037184	95.96923649865215	85.18883992191255	85.1641034680543	74.62212352359073
yddH	P76121	9.727186386871516	3.105660964472109	5.325080873428799	23.12153161350265	1.6299705272274714	5.0564142618591035	1.4620737914791329	1.1397515886215888	10.867834681357177	8.686704738450874	23.922377011234527	30.63587534324192	0.006077672816607235	0.5697089033723256	2.1314493412095534	3.8841760759279964	1.3992359874924911	0.010593815016983737	2.05642463541932	0.7586691627783119	0.265134015957857	0.03220925326117977
yeaE	P76234	29.70778451	43.47071947	NA	35.65575254	27.31832159	36.71063882	26.80023688	23.97166524	34.37430306	32.28887104	25.06933334	28.51445912	4.411984604	4.02257115	38.70960028	28.26743767	30.98612345	NA	NA	23.06369965	35.26337202	NA
ypeA	P76539	81.72918495602586	178.72610012118795	58.729606752657084	59.1383767526667	102.60639341428195	84.81729489121645	64.68523156897386	69.22250907576601	63.59067386935972	66.14995370785975	66.63582675215517	56.629940408423955	39.29494555110156	44.29953228945969	103.30309907104508	69.8562300800895	104.57935500404645	118.86593822935407	65.0943377172012	41.6894134315146	56.66422140523997	71.37525462055264
yheV	P0ADW8	454.3949654	322.2728214	NA	219.9338424	547.1224423	442.0767341	287.2796368	30.9656133	303.4015977	108.7618959	59.44816153	213.5907285	124.2525927	16.41286076	624.8036048	427.8893401	652.9976693	NA	NA	229.4642538	311.5127011	NA
yjhC	P39353	9.567897385	153.9871489	NA	18.98257994	27.54421167	22.67419606	18.27846705	25.12214248	24.69976171	6.010205024	17.63979927	24.85699543	0.125405578	0.091643033	11.35381556	7.890249619	14.4861654	NA	NA	13.04824452	23.05868557	NA
ylbA	P75713	25.193774078635823	43.59382931098295	26.876547471081484	50.967370494006566	49.04791707519739	22.72484915984392	25.7865257218092	43.689058534705005	64.80920226328601	73.38860069239033	81.3664399853313	109.96661427140567	8.705506479095233	10.795126165430526	8.265249418487892	8.582846126526485	20.301536245744305	12.757059167322536	12.832179550817623	28.314673141709385	42.86114732675581	29.45394880793013
yobA	P0AA57	179.8070036192539	106.37338795068446	25.3952399668492	119.54682836091042	58.06494275340664	30.177382106274074	78.33686667074117	112.55198814321145	44.508683677814545	34.29475400538437	21.631459116188825	21.273435622287334	11.474553095642948	40.84515441849149	164.8084254361593	134.74193505061936	179.44924436157314	96.81778215944115	86.70301190567768	38.37040020204785	42.2666010314063	149.95680352482182
fetA	P77279	70.0186939820967	162.32583251761125	98.26578179874323	50.793644441339296	48.35848201337098	43.958003182977244	36.711483599474526	38.91843899743457	47.73731236117486	33.59028493268194	28.451218199187203	26.674219090259683	14.112534389956283	16.4989498652893	59.194165864168795	33.98190737288541	49.94680718686484	45.405649976100925	36.41647477512624	24.456538743403026	33.59648138973939	32.17007093970232
zapE	P64612	32.124602429207705	31.16591971273655	34.71186087656606	17.388169621136125	22.418735061706744	33.510012651798945	28.149453705665593	27.83239257693361	43.98103177551599	31.413015942085334	29.320891695467697	19.61493380915217	10.319782375731537	8.06207684124555	17.04366396135783	30.91356704754951	19.813540260804114	16.467179572041072	28.258409393706025	15.921667875178727	30.76138747435894	43.627904846942016
entH	P0A8Y8	17.590927379502084	7.110801204219518	12.730188133810652	7.3422136332909504	20.458026335220687	13.830229092641092	13.852995699683499	25.398998993735134	17.50739096182026	10.021302215249555	8.212273973112266	8.229557019100877	30.857910936661533	25.12642010891445	501.0882093703701	38.50647768344853	91.42888590363759	71.86768788364235	14.648592462451624	13.914354555387252	29.72410934170237	42.00606971714813
mhpD	P77608	7.260338601	12.78867616	NA	3.408455395	24.5232208	10.32019281	2.058489834	3.875104665	4.637196701	327.5706208	1.982560454	13.69017671	1.714705422	3.48240638	0.900688826	5.665873184	0.505509667	NA	NA	5.385008075	5.415990349	NA
ybbA	P0A9T8	29.73908870183484	44.74173714951796	48.67381953711727	31.079265990800643	34.7018101883509	20.772419774389615	44.81673113968188	52.204208127185986	16.283255152191472	20.79141530505461	22.004657904499144	16.067193516326604	4.602979852050339	10.852058007561622	26.120484484869763	36.345676314285214	17.785207309174034	33.80417921641171	37.13895502384988	31.249065555794118	27.79030074846118	41.12943571296516
eutM	P0ABF4	13.720300996477748	63.90336287021545	18.214496559897935	18.33575317183155	37.78569506462174	26.041724134568458	16.6480372662476	21.159378164602792	33.15208351128381	61.556301984961216	83.71952937251287	127.39394770737853	3.4161676807590666	1.9851781170620708	6.704516014126432	29.78259697824938	4.113436989261543	1.7474322437324605	11.376878165078034	0.8168850192703098	14.75326549276697	3.05489177062307
yfdC	P37327	11.739918659550778	28.67326477633055	36.33868816004095	15.822577940199986	19.55905262643483	27.36872601948081	24.03971596238791	7.464512443737464	30.76471975246961	43.66319565362272	43.168465148278194	51.42153691699719	8.431274847679964	19.73148545867069	12.26314540562531	15.177580772495572	21.651716619251992	11.162765924940945	24.92046109346482	15.44849743364675	8.425543547926345	14.647419174514729
cutA	P69488	11.794553790217755	20.288395477230544	47.331774543634545	61.69070612610904	58.961764030228935	32.76733008490008	59.4843287157441	55.54398362971328	86.45627948833142	88.84623479045975	131.13277252400104	112.97465203360443	30.27956139227454	22.00074825244154	120.77259753405966	27.14484179870884	85.11083114947257	20.72219259404622	8.392752951322056	72.47562121211111	37.628710831273345	17.91553672225721
feoB	P33650	8.509761564170867	12.483288195674959	2.3202647643984022	6.682317199927225	13.995371312034697	32.095285761691684	20.483928648512016	15.793276063074961	16.994377499659898	10.178431290588438	5.824391597075799	3.977833278931563	2.723021023525158	3.0228176954149757	23.394952318783737	46.71323764436646	20.95489413636732	26.505883716199122	19.780774257406076	4.944457891784025	19.76848118288701	30.540577391410235
fes	P13039	5.010654457657175	1.841191801321519	1.6102718134934941	2.001104611016403	1.6222836199549227	1.1879010352912864	1.8369324140764602	1.7451934411124832	0.64631286831551	0.41737308492524616	0.4726743326533381	0.4103979411107419	1.6420193323827619	1.265376948104933	69.46275550103104	3.905500582638315	13.333252440278411	46.16588744109168	1.969537583024876	2.218638700839461	3.618027248855103	3.138516791804053
focA	P0AC23	25.993542321694935	45.56273939152569	40.393419871060736	37.91140743656109	38.116880865001484	35.35606238086275	34.362277196846584	38.309206570215935	51.93512772187021	65.57982227151066	67.96974623192959	65.64049067709891	22.332240730547248	16.30238291659008	28.202069991334128	30.441433694200757	36.44812284961471	24.047646795725875	55.6918043799838	44.18312457844321	43.00606181150853	33.86238998843123
phnA	P0AFJ1	90.29016189315536	512.5789701417423	193.46111617024053	88.00163587111673	143.17991015589786	114.53370421649984	133.72748682522004	114.2356742197687	121.25645527450033	138.4549154585237	144.11318126756015	145.4414204210726	139.8448546605419	156.7147755434796	209.26365217072762	193.5250992081076	122.82619192139892	116.43270220144343	53.97784190129286	108.9994171900022	102.51018392957685	97.35567565427954
btuF	P37028	21.21344793	24.77054088	NA	6.38426827	12.73735182	16.32375565	21.17888635	10.86192733	9.723425426	0.452378514	1.787864389	4.848342953	7.203725556	3.815243224	15.04469173	12.88450535	10.50846525	NA	NA	6.884691596	9.18619918	NA
cyaY	P27838	197.7550887401467	178.17288340745688	120.74673038186351	102.15496726234485	92.21931551658719	104.68385632768624	95.47936218284498	103.4621441342329	102.89910873027355	73.75863758371915	44.347582856840205	50.183905587716865	17.128086280967057	48.06147080109238	141.44317888662349	80.67070966791941	104.96999015481452	76.89641242872389	112.39743978440833	45.08474646810789	80.23980889697474	143.78168499529295
cysW	P0AEB0	39.22091043361394	8.747432890461889	19.256111284258967	26.58142672218446	44.652057652542005	34.22795691294957	41.96927834154763	44.719407759151146	54.383496611466576	32.178176745003555	20.68184858575371	9.081995643476265	0.8134072576650921	3.6697347964806264	8.001028634901616	59.61461022371031	29.839894849836988	38.53833337738224	30.03221528387742	21.210298297724208	47.01808511002873	70.66485964331405
ftnB	P0A9A2	1.911876533	3.775491426	NA	0.642451795	0.461290735	1.503092955	0.030954731	1.49139181	0.788512561	109.532259	2.932982052	0.349864985	0.131679447	0.107875487	0.360489437	0.72331567	3.264489887	NA	NA	0.253298041	1.767671181	NA
metI	P31547	601.7799258975805	349.4376372826673	197.16499074401494	227.8674219550079	300.60727785703085	344.5044191139998	361.8035686274162	475.1989961173192	534.5780180732679	442.79883239739013	406.6123047211012	497.2720069865749	255.05739915297005	221.4510838616798	434.2304321206192	412.6313484164939	477.8162445171006	543.7775031258035	321.7245203259331	144.29883570237908	264.51485423280894	459.8282428514802
nrfA	P0ABK9	0.007485361530240062	0.09248913796840813	0.015330503190242787	0.12054113419267379	0.09724542101915791	0.02458529959714231	0.19224722445548512	0.03579816054432798	0.08179087622930692	0.011676271047821884	0.004449298257941881	0.06504540606052794	0.2733277451724844	1.3363119248179154	1.6251306610680865	0.9354462825364946	2.229615692177911	0.33115503865257817	0.48050798594790295	0.6090098083549389	0.5057606187138378	0.4675077952005129
yoaE	P0AEC0	46.529568597174155	27.789170204974308	29.35729894439948	48.60035032958524	77.25973465379883	70.6757238831632	79.18314929521391	82.7184489261282	74.9374693467492	79.08634255589159	73.49075416348941	58.37613399442362	58.924450276888415	75.6920083403919	83.65271680712718	63.60030784354757	85.73986882540032	57.12475203796228	83.18999131036834	71.13407024324327	73.36818021922433	70.88608538169137
fepC	P23878	11.595411464432475	6.11936492276528	27.180457716019887	17.60845980949305	11.42615185448109	13.592860050913384	14.896564588879519	18.386932527517185	9.423056880628403	7.859688585854779	5.88340819269434	6.4066624905155765	27.643479745972815	42.0791531906546	69.0371990430881	27.20857511493685	36.458962596439	80.57699549395998	11.154831671922755	15.524853908621166	17.67777785895084	20.145195886941057
yjcE	P32703	55.554882465045374	299.2313713745823	402.83548484244653	264.8567708443381	317.61359106293594	81.81837936739578	302.7830140192493	183.08796249767065	450.4264644928902	341.15532640393855	366.97518936897825	335.706056584045	164.17571545075856	237.84407918153045	540.7695294714644	66.03683830599464	239.81017575241094	274.2035545250529	60.79749190355263	438.20605981006196	166.14866668827116	219.98015329157016
dsbB	P0A6M2	35.98200342261943	94.12250151004285	73.51500183345402	18.82483465330905	27.590467326691787	33.0871183353726	29.07943979801428	37.81348054747955	77.28228386056581	61.462084241254416	48.49111568071552	36.59952834586207	14.307810077682428	5.712089812641912	23.596648142376992	19.98474893843561	32.447726220728185	33.91018266411595	20.12928134574533	21.843637925798873	34.115307782407555	36.77466775956309
hslJ	P52644	24.40860266082556	93.79763210596013	12.999999215243994	19.056286828756548	9.443948396223393	11.308537794596587	16.38273746262515	50.57687572357259	9.1813152665338	13.584125847842785	9.514134408377927	10.839584382279332	156.18709229991114	74.35653021610268	81.26951083504892	138.2941551998193	149.27202491408264	65.34458593171377	12.000940660032702	19.76813382868547	11.621847032725748	12.867578697540697
anmK	P77570	53.88380357724739	60.78938519673461	40.02205983455226	59.01829990968129	66.07569743086648	78.18648106139888	84.21404069520545	71.00394806607137	68.74122031387255	63.925270412171905	68.19783665641164	68.4241918955227	50.63928442565931	50.95731570963614	88.61540213498311	73.92789477247516	80.76414087744135	78.29917220237276	63.51565104292322	53.8196543715107	63.464116318575655	71.59185003658813
cysU	P16701	259.59848146572165	106.37516158033704	134.20677051706662	229.5153765280428	277.1173247373236	196.12908837226271	285.2817466027703	269.8098205972165	397.6603419758648	251.14117576088424	169.92985098826503	139.4007456774422	14.093089352608681	56.109828908635656	400.97418284104066	260.46263890619775	82.29744610516984	182.19439506662403	286.4945832991592	142.4862271918118	182.82560883511283	336.5807741553717
trxC	P0AGG4	257.07056158820035	392.73048816454974	353.0203360714449	131.8701087345721	171.51543684885718	352.4758352855027	220.39408682395782	218.15570956061825	158.20356380878988	122.28139248930195	95.40986939368788	94.93659670435476	58.750794306535866	152.43799955539757	229.11692936316658	279.5455596214437	285.3745375660888	283.3828629779557	220.2783123197541	129.26919678674426	240.4406505794796	263.48927322497224
nrdH	P0AC65	33.4654958	5.956563554	NA	10.06174362	19.29397677	28.84866887	4.428101575	5.470024367	12.85584236	41.28631906	9.273851912	2.683071988	39.00804868	9.542408098	0.501767582	13.68297761	1.310914228	NA	NA	7.170402339	19.84715114	NA
qmcA	P0AA53	9.276230659503314	28.17938692538803	13.978770310969015	14.310149076086448	17.4308223513081	36.838880117428026	17.631555624785207	10.073157728500131	37.98512449277693	33.61171233397144	42.17616773707108	43.282284690373984	32.686094845838255	29.691343814400295	13.408860846280803	5.084091102358623	16.558313475122695	13.225913641501029	23.611472651453848	17.095784699742502	25.486837358308666	17.37613486904001
yedF	P0AA31	686.5748677542213	1024.0258595590506	4980.795099696143	1875.1577109216098	3185.6328376263273	2139.4684283866272	2186.3939366730497	1909.7132170238012	3849.234600744198	4031.654889972584	3360.504026110806	2611.5037976529898	165.17740221001424	159.46336264475732	2278.0393748023944	589.5332736532492	469.825296638415	1358.2681346381175	2795.9014690769545	2322.449844051434	3518.7962239871745	1992.4736708558387
flgH	P0A6S0	0.45866779891384674	2.252765370780353	6.1009632382297845	0.3245880717054648	7.931611030455482	7.123865136706188	14.440565098470994	3.3245969394486625	12.067168074501323	14.667726448283599	15.78020158767038	4.200807195358924	1.3508202292048168	2.5595103940723143	0.461884136940104	0.5904472169158713	1.5918522855132768	1.1525116118302203	3.1906153958914647	12.133790345940806	7.195885627971024	0.34435457826787474
cheA	P07363	0.9421718587350258	2.969314663538815	2.9644783905189396	0.667330157570135	1.5690441742981744	14.968977341047536	1.3142597112025307	0.2574620866554691	17.595447790352893	41.18842136269982	16.44033311288172	0.33628413251424893	0.0025828289378229162	0.17851676781287587	0.9582716978079739	0.36053343127740317	0.5884953989926076	0.6135462770601463	0.3882090773859335	0.1168923658972252	1.9568279881711237	0.7245878406659446
yfcR	P76501	103.7901028	82.98720695	NA	39.67813456	54.58970125	73.832307	42.67494436	181.7676705	94.74498854	134.3742666	99.88385243	35.05264929	15.59046712	11.8591601	22.73869557	66.78342134	24.97289613	NA	NA	36.91714062	54.5427741	NA
alr	P0A6B4	14.55893807840616	14.55548996045997	13.074733706376097	17.006380925989024	6.833017908334944	11.634872497231962	7.318008293547598	13.13630059469876	14.035887455996358	9.343168824976923	8.918351386142461	8.302225975763056	6.364279658285165	6.302391341257088	25.23933881080738	8.577887200994141	25.709471546642366	15.912893569858774	7.321176732785218	8.173016336880124	9.325252601151474	12.294150818967035
amiB	P26365	15.30425137707603	11.29850460911047	9.955865178886302	5.8687952331734206	5.884583142076797	6.70759829683693	8.645268168308327	10.238379774592595	5.435090520860641	4.078690640798934	4.177127646750823	2.4956316544684634	0.20235388229209128	0.4607655320315028	7.509597221970366	31.21613076477714	17.36797266136273	8.622944036587961	7.519776462844626	5.182793138920986	5.617717901756383	10.892642577865653
dacB	P24228	8.356513237009942	11.761778795645784	5.903610158091784	3.7496646133690668	4.425687952669563	5.429464038183662	4.839768196548275	5.4906995211087395	4.93630899348416	4.618070068284595	3.263759726978091	2.0012289515384554	4.931024447414138	4.295502256502882	4.829101793753319	12.611909355106269	5.49856302964309	6.186359510281259	3.9654556855993266	2.251529922885406	6.416410697404588	5.855327899036538
lnt	P23930	47.190325277507895	71.07167260054047	61.346765282074706	18.453818446526736	28.687998707652035	46.4787018948813	30.03397979855784	28.511221270555474	37.54849599876297	37.388005947597186	31.696858518473846	25.486902712246998	33.06864744704627	20.824295813974118	20.595019742634115	44.245576378139425	61.530470983179974	33.20107909585017	33.03486708754599	20.52893780509664	20.65821174223777	43.09421737280349
mraY	P0A6W3	20.393027903865914	29.260980453227432	16.53972899492335	18.396499603513412	23.723794172154072	23.09744124598068	24.533450440090128	33.16618182729477	34.201711801444695	25.27425538838656	22.087483895079664	19.362006580515274	30.547992185220533	29.62366099778105	18.420952176085308	39.56241737374388	30.070259143344956	24.213781124798132	11.203892305032115	14.739685470922913	10.332437845303419	21.36896756860177
ompW	P0A915	27.538220413005128	183.10738803751627	102.85015058181769	89.46186250597674	73.9659795587069	85.82968388923271	49.993372939250314	54.94911833608251	130.23466570451953	283.1963732318805	308.53815804994304	358.03355092173155	17.082393327094017	12.942686202215004	24.010899261044884	30.626445785756818	26.633034556883903	46.504966853839164	64.95705984714766	36.02594231488559	67.61805251199355	25.22865706780555
tolA	P19934	66.46814869711362	86.531631000138	66.45162613608858	25.240775917439798	39.06300195673503	54.22935160351777	23.119820255824035	23.770595136733103	26.96944449174729	29.17448617791246	14.940272464304952	17.73252525545002	23.878727987826426	18.988044738715793	36.73850327402918	39.522799854792325	53.81856279093343	41.089659452183106	23.62340816064296	24.462105374622585	22.557722840136925	37.91130786877499
lolC	P0ADC3	29.020428098399016	47.60150620207461	26.98904464736303	14.357592909116224	18.34182297913019	27.359542172028526	21.078716840336778	37.47037991388083	30.87041540820686	24.073344359900002	22.51086898715447	15.498796731548437	9.878941911477202	28.216002743825868	13.454142791317521	14.000526822730848	25.486659064338095	47.20114492533049	28.190160884398487	8.52028849642496	20.21533193182955	50.51882581078879
rseP	P0AEH1	6.649772836912932	13.722880987675172	6.9854799406620325	4.067237337986826	6.191819675750767	9.239490113134167	8.006439922081887	8.12254147911079	8.359725187958539	7.199676899489194	6.439831791075025	5.386472360950499	0.5725263674122265	0.9603770455975759	6.795789952915787	6.934713701735729	2.557787876698878	4.651963359187855	0.5729510741201864	2.0096577797764863	0.08319775076787658	0.5737612794752841
ybjS	P75821	15.998939174844795	24.237232978540177	15.400796464635066	7.926481396164478	8.43655189457859	8.42545393072251	9.10318716494293	12.944541574194277	10.667062290561514	9.490720309042818	7.587821574016703	8.514896848663398	5.709912928353212	6.926253893235932	7.087878476524539	24.404916798668353	9.170197198348157	12.893852190914865	8.34700547977711	8.819721104434429	9.938052754546025	11.194317434735368
ugd	P76373	9.908318061	4.368606917	NA	5.544865109	1.503978647	15.45228482	4.970758513	5.636500932	23.59403693	1.80601842	124.0936358	25.72041744	0.081520063	0.101190152	1.154911069	14.83793146	2.345549223	NA	NA	5.579358638	22.63545783	NA
mnaT	P76112	75.52451073389913	16.568828890192997	8.47535185085875	49.347983000908926	46.001184508950494	39.691677762367306	56.47605097862891	48.397326363265165	37.98669502792789	26.438122853007606	28.323182558690032	26.778937838639887	37.66001165738763	40.402056028696045	108.61675750616908	77.82487359550532	121.0003659804904	73.41259475397662	56.46906107868953	37.323161522782655	39.90777716845922	67.36347945627462
relB	P0C079	178.4573415222186	274.9421051552779	217.9623939089568	97.86068913689708	129.8473381276627	127.99516596096488	147.03625237792855	134.25694154440436	85.39041423534171	74.85335927986928	74.93803552665452	55.560317696817194	19.91963041654882	27.11716821810978	148.03964190723244	60.077176161151236	36.839793911788256	95.31121942199555	138.4956598071387	95.9091979578162	109.74204005933431	173.36461143544554
rnhA	P0A7Y4	23.667063735448597	36.40126740098071	28.52939105412927	8.066360515961236	9.488750416835718	14.20788036573052	11.90529819861719	13.930517439609302	9.975045069487098	6.256976314048013	6.574709497651643	4.492846534423985	14.594945043100617	16.50922240264919	30.627925646651843	18.2701777023696	23.905218332221413	19.470715537201205	11.822688071879341	8.046500160666131	9.501735380191759	12.078844208246936
rnhB	P10442	90.91099812496508	213.37299252368518	175.38923762779694	21.83395514235398	33.07431952434974	35.70668253072665	37.363435370519746	30.204424451942316	18.404614543293693	11.614072880045788	6.272838785536054	3.256842521616524	6.389200784457292	0.7451413686358171	5.594832151467644	12.414042967625424	1.3595288421622693	17.031449466631567	23.553563905193208	13.09005926149769	30.549719326262608	24.463550266322247
sbcC	P13458	7.015189493741479	9.717759318022901	7.8495266533297725	4.779958148423046	11.654967565541977	11.520198070423053	12.771318022693672	11.123007769445366	9.992324806491764	10.55723281556373	8.797763154311053	7.942639309206284	4.1379839207406555	14.60175305786871	29.54746104044305	33.98849207854219	15.858320277376322	23.59909912185315	10.513455728225825	8.824484313745314	21.4481814936209	25.941560880154633
uvrC	P0A8G0	0.6644178116085151	1.8131585073213101	5.529325519568879	0.6180420972552876	0.6704081527740978	0.9641471325424316	3.114154907975531	1.1678849307188857	1.1885926292960913	0.835536321596898	1.114470107075767	1.014323610903981	0.6073054953156983	3.6160700119863383	5.019395607664564	1.9055467631776222	7.40223023116981	6.97720110669811	1.0633374582158055	1.6177515432579186	1.3092241634409654	1.694804825023162
dam	P0AEE8	74.47210822	12.00387311	NA	2.218661501	0.352750617	6.635904231	9.857329942	3.316000548	1.014033015	0.758830815	8.119095674	0.864469315	5.698268793	2.365391627	13.79897285	12.79962911	12.7359952	NA	NA	2.532922959	4.156539383	NA
dnaQ	P03007	14.561553229923275	35.18186824484466	29.58604574833724	13.098173871470797	20.85157968926227	22.525324021897667	13.338367928048658	13.937623127531412	8.65641568100196	8.346200822456202	7.672383819615434	5.280599955368179	0.3560106020644919	2.658308777097044	14.237859896045444	28.39360079631575	7.516996099779123	15.459366583788842	14.85384311442588	7.692727986272375	13.440689844789222	14.615601740816146
holD	P28632	25.96379165683302	34.19192688056607	35.60414276387994	6.162012252939356	6.238527297404087	5.364400646492237	0.04062821581616104	15.184830314324609	13.038840636330583	6.451219833857625	4.704976188585779	3.8148717579434237	35.055941214499725	26.98644021741692	19.28215226506904	6.855657897693333	73.81685955184301	1.271639464594923	35.85378525582684	15.519074417532323	19.744508590244806	22.94687060996093
priA	P17888	3.331987992	3.549373542	NA	0.284272731	0	1.703793251	2.276638869	2.44777e-05	0.282697958	0	0	0.011628694	0.040256749	0.102012884	2.345591787	2.615730879	1.247847504	NA	NA	0.117868349	0.138163147	NA
rarA	P0AAZ4	5.21890793129208	14.916881756745445	7.42942187298544	5.0026194639866395	3.8592473375926644	7.964728503181391	4.684029203964461	4.919420968343237	5.242877820340483	4.945095645196054	3.0329043922221084	5.794306060169433	0.15546625669315037	0.0030342732127499033	1.1801984708102664	3.836818731335846	0.33327983948816414	0.781261235330417	5.431708528451041	3.0738197762217365	5.21055494017881	7.151289428734856
recB	P08394	40.34609729	31.12176396	NA	39.49522174	31.18357491	48.95921008	26.98556383	17.56854453	33.56953744	22.12138134	19.77548464	29.24098735	0.207420571	1.194766027	40.53648072	45.97077316	31.1626472	NA	NA	24.60531531	30.3763408	NA
recD	P04993	0.366286945	1.150368594	NA	0.023864327	0.109211536	0	0.106886211	0.093987801	0.028383146	0	0.084238897	0.005410006	0.154364752	2.72066143	0.155879236	1.024821735	2.010195343	NA	NA	0.020185031	17.30742744	NA
recF	P0A7H0	34.02669961	20.1102621	NA	5.694336257	12.37037547	9.770606304	6.996569595	5.976267518	7.063923091	16.45618674	1.462732498	4.680740819	5.541727063	3.191787863	3.738609092	13.52727395	0.988490745	NA	NA	2.902664166	6.56259748	NA
yrdD	P45771	3.332566307940641	3.0700557166333775	5.502115324911926	3.203686058907018	2.728440240013863	5.348153358700744	2.7660093461994313	3.5443198489770746	3.7020773684166666	3.9306139003394853	2.5188539421975458	2.891265388853788	0.007389914935923269	0.07661181954910479	5.71794061427403	0.013983074959542525	3.4182714929031044	3.8108859358806915	3.186291256097395	4.447690657273058	5.513869037529357	3.338420695873588
recN	P05824	0.006513689	9.813717895	NA	0.001809166	0.000691172	0	3.99243e-05	0.009086275	0.026547121	0.090863279	0.062995487	0.138522109	0.019163324	0.242492775	0	1.09057912	0.171254382	NA	NA	0	0	NA
rnt	P30014	236.78756125591968	376.8254047887299	164.52453926500317	95.89071850519888	83.38816352838069	99.7300703013669	100.31535566796879	87.44753759226973	84.74671421640132	57.07517159188386	46.37985213336638	33.74322229154184	88.22836696485614	61.583355014217915	184.59652524772937	112.70608080865999	156.89340766326012	153.4846329008308	93.34783080556494	74.90703553129532	93.18972069392477	94.1143978478399
rsmD	P0ADX9	49.62038060977945	74.70441112115023	59.324887187425624	26.81587081345911	36.958018173412334	42.33525249344834	38.86421673879413	46.088711242179464	32.70205529397962	26.083680939473584	17.97249168371604	18.400035978610674	22.824910181855312	38.00329439328461	45.36210960499544	55.01885086923459	64.74833862970362	42.22504789301172	26.372762306947642	26.637391016486983	33.2074471895152	39.57593058375976
vsr	P09184	13.01393042	9.40917249	NA	1.946004082	21.4224051	11.27776738	12.83899682	18.15892335	2.201954075	2.11237707	0	0.932838169	2.315358402	4.138168941	3.218712017	3.353734475	8.976558123	NA	NA	3.12103111	1.687523653	NA
nudB	P0AFC0	8.8984444	34.49587377	NA	7.291144073	15.29588429	11.03204138	5.853284862	6.285854163	2.651964084	8.548033549	0.264615409	1.138220671	3.584345379	0.790863337	4.923964618	4.72222153	7.112415865	NA	NA	3.586086297	6.737935017	NA
glpR	P0ACL0	75.00210536857085	144.83545581697717	109.39617627247532	51.20128421600059	64.289701395569	60.29910021165952	89.99964546667933	67.95415193563308	60.087585450468374	52.71509091370591	56.55535573727105	48.173462785683874	65.10188091735124	42.693827031426665	58.36723004494948	141.57109212268938	58.54840814504356	95.9836122206581	91.62729332113695	81.09105916767635	90.3944906507125	123.45343963526115
cytR	P0ACN7	8.862716589011026	22.01017481130059	6.990168650625387	5.197280372762549	9.27488738259727	5.632647567608095	5.868275670726024	7.311970790272248	4.622848422987132	4.858957491695472	5.075897946515757	9.373884089366618	3.8635731231416313	1.4490688633164137	1.7586161416668962	7.692476322701659	1.0136284404054892	3.0951269760826428	4.157934475770156	12.179830381022628	3.5901494152504423	3.0216072103805764
ebgR	P06846	23.705490668045957	31.30243427514975	30.125878368743916	12.13022299928121	17.742242892637243	14.312727565846556	14.48917359941369	13.070382906947204	15.116890310158391	7.887762497001087	5.84249780479571	4.901242340253677	4.456816076169711	6.049177042412639	12.736593800271503	14.697602806917743	10.977756895383145	10.154684889744418	9.849924362751425	6.322126216138599	9.557953613763654	6.160384040175186
exuR	P0ACL2	44.19490268585837	94.07269287743692	65.43282583412147	40.3416911019925	52.61570647495325	62.59098206548278	53.22966464021874	43.75188789143365	49.73544180306264	48.96981098527669	41.26606396487378	42.574132660365144	2.301597592806657	3.9938183553992013	17.82624174602356	8.503273991277256	37.68370405345162	71.17490216506536	64.4954488244433	45.67481159357705	56.94070581715072	70.44954734465448
fliA	P0AEM6	1.1206950387560999	2.970121804074381	6.15991070534846	0.8925933856124372	3.88657076297693	6.3105433657604015	6.054931899871334	2.128432650655524	6.305816315911868	9.99021619772971	5.3926789815672125	2.334991734122967	0.7655499807021292	0.943483379835549	2.3214579579165	2.6431542158324013	1.4830499041725318	1.0155426385023911	2.8173717292539435	2.886080933469712	9.636274341728274	2.2195939492510326
galS	P25748	0.008515684571034873	0.013154198864361314	0.011663838162114276	0.4991865854602967	0.00752658719887456	0.007926055253015813	0.007793146464753572	0.007471071915605774	0.008091150594587242	0.1212892014584221	0.1138153208509347	0.0055977498086441395	0.004724815974191007	0.004774725364080442	0.008349447648605627	0.008919405275652314	0.008780399538760128	0.008413565669186454	0.00800735093804686	2.7978433640551255	0.17187504881852247	0.008923990369615617
gcvA	P0A9F6	5.484515029533505	3.878805387394594	6.539469368364497	4.264244600434166	8.283484405794852	10.014906747589956	6.922220347813124	6.93194776679648	14.91639023371225	13.888093687438758	13.87352687968987	14.82259982823646	3.8676833132426074	3.8978874620122173	3.1739576346553773	10.011213039253938	8.867569163527172	8.786817739294714	9.546196011099537	6.75310773371099	7.021725285766644	6.624463432377917
iclR	P16528	6.55916324047903	13.545773120691067	5.021266082039786	0.879203904745993	10.226989838592058	5.458430045488123	7.677124120877047	10.925674223849414	8.224189270475936	1.8386185211171306	2.5658970813279685	1.4791303271759078	1.3251553069700124	1.3692773267914526	1.4512074729323607	2.8720842959346085	4.5531163931263645	2.1868324102218764	2.687879957883128	4.6507444246578284	3.915719840942145	3.8370410654672398
metR	P0A9F9	45.18466143760358	38.07034084347053	55.888091096877105	83.22615619519718	75.73287730741808	31.007108351818534	28.11566082874235	46.48645944787715	41.477043264737596	39.74813950430709	36.02307161243423	41.95815941130125	1.7180747409810735	3.21394418084898	23.651864016091317	29.075944221796213	33.85560055248175	50.46788718630233	48.67192195876096	46.615229059245664	47.9352435178238	42.34315689092503
rof	P0AFW8	738.146033356635	901.6771795869096	679.0140148626436	433.8706752165058	516.0272645645555	818.4814581541448	694.6549363191556	621.8848735427625	465.35430050294036	400.03153875318105	346.3395539063468	258.2216376319762	693.2854669145714	510.0183828994338	1230.974548732304	1435.9408331276932	1649.825092957849	748.6491910890319	512.9115987025245	436.33144371811545	488.40908938070515	722.3498445788371
yafC	P30864	7.913556295332773	18.20568539433045	9.203861819654373	9.885789700636806	7.397733411534556	7.966451309562979	6.196752750074772	7.597149193928076	9.751422467213427	9.140024715194762	7.917329492528958	9.31475266053101	6.1834790683737175	5.140618528802812	6.987041176467059	11.511148602173257	9.873882993777464	6.946918268456737	6.284625336198969	7.260121451678638	8.476774291560096	8.036171540607715
yiaJ	P37671	90.8439521427386	50.832149864231546	54.110007088686956	68.98551305654468	66.94779604506988	72.13351811950609	69.93241835468228	48.38924290226317	85.93313510962159	51.43293010206282	44.520517638666206	38.97694915650899	8.256122827322232	18.79429357860791	68.03725065314475	65.47474053723305	67.256372939892	83.70997200651604	71.76315929683759	44.77641668530423	55.315753947898	70.47299710300268
yieP	P31475	158.0569568478532	261.3816030113059	162.03020175704856	89.29448390691093	74.0638455585425	104.82715238085325	85.61398248709833	105.42405438591237	75.84174022247379	72.05529991813927	58.7714875077535	43.64877831642947	57.82438236093746	53.04920457269937	158.87180072812336	108.4441583107751	116.22191899938903	97.99421455903463	85.69578217959835	53.56473767026999	65.78184264670674	104.64721812549605
deoR	P0ACK5	26.367873252770153	34.147683527920144	29.457239099120635	23.29496278350159	27.742304804947693	36.17168792530814	33.90128403505882	31.393265254244664	45.43659600197926	34.9147276942377	41.66101436850181	35.801333323454834	12.408319284429599	14.07869009276183	24.777570003754963	44.10367412559747	23.8804438017596	29.84572374783719	30.23385454079247	16.458271786919042	35.22258816701453	49.37935384414861
fucR	P0ACK8	7.265821302883046	112.80197999064522	92.00173523114307	15.299796037209514	45.49302461187881	34.794694428034965	33.85735906726476	27.09342337753464	24.2887018558826	44.554424152065344	19.219350009760152	18.234982510977986	9.496291525172783	0.3162849145013378	0.7068413003228479	1.4350510477558875	1.0040486434788753	1.2791872588039432	7.277072770894732	5.192931741555151	10.705352387339197	4.0059667884969254
srlR	P15082	12.186790171098604	10.552477355160262	8.6312842066992	8.163386678451852	22.323344580328726	3.4877850484837714	21.815127121118092	20.58629622112475	20.812513871874433	20.32853539410148	19.697850298932526	6.199424175493108	5.528907559341268	4.925979263728364	4.962715395794953	10.911120937978946	8.578134380851978	7.407711708362077	5.1043431196343425	3.903500573899928	3.580661514134207	4.411828132641104
ydjF	P77721	22.6676834502448	68.2157811079125	31.549347643819623	29.72605762645156	28.661710415967985	28.553839143926346	20.90559048809465	38.013776527741825	23.354251689711575	28.57299823093743	26.84557682784365	30.878658032939892	9.324853602100092	13.103609788466771	10.207705949064486	17.318788463491618	7.332677836938683	20.475614126275094	28.41501442880001	18.400598719280463	29.7143406394586	23.697279194504855
csiR	P37338	5.638099775	0.046299333	NA	3.879974639	7.237715395	1.891191854	4.666092915	1.636316067	1.903680321	4.695398903	0.019610199	0.625751505	0.022865242	1.178290963	1.107828652	2.773820271	0.504588447	NA	NA	3.579360633	2.240475456	NA
frlR	P45544	10.578369004930583	28.707556140661218	17.441823901680348	14.181245838317789	17.479697455268372	14.26054992171206	18.53722421351529	19.080009102874158	13.77110378909782	14.09806892694505	11.2323966110682	9.839032714235028	4.931343609073056	6.89551326695621	22.971011250774755	16.71388220780672	8.55639900130194	21.093723552442896	15.535574529223053	22.012422406137546	27.73809651663734	27.62090966576421
nemR	P67430	3.093652918	21.65305268	NA	0.173762206	0.899577063	4.47058485	3.767925902	0.131533036	1.257964879	1.258476712	1.277620285	0.121346335	0	0.607276534	0.241195194	5.749432436	0	NA	NA	1.172819629	2.620425501	NA
nsrR	P0AF63	872.1404881	135.8545256	NA	34.84338168	77.28023625	58.69049659	50.94794978	25.13322475	46.12413283	38.65114589	76.53313297	29.9371971	107.4628368	36.29981405	41.95871656	137.9242571	66.58866109	NA	NA	27.78613626	47.9312373	NA
puuR	P0A9U6	111.08464683264609	149.15214049163902	170.3210584648151	69.96665795104629	119.67919374936046	201.05030984628084	90.0914141971117	78.53184415182601	153.31573938222428	223.1266295230383	132.64715123149568	78.59774453822162	21.430467601915254	10.712855693765547	118.84781878680059	114.72519286301392	84.2358861103697	157.51267542329467	213.6024020742255	88.50017072247294	120.6151918422741	202.8289675357769
xylR	P0ACI3	1.2147789936750721	7.8656897202864515	4.480217091168789	0.4768121072795286	0.828270113911527	1.0408601645488194	0.9227938591931575	2.0276817220088357	0.4571427004642842	0.5658308482508185	0.9665318912203953	1.7760975826689915	0.2934719729938602	1.3806639592029772	0.32046148509214994	0.687958663316584	1.4540292356972728	57.314051695463235	0.4516898754766658	0.8339854584881263	0.5975684719619124	0.28516368492843325
ydfH	P0ACM2	95.68806878	153.9783867	NA	42.53266601	50.29689447	51.53100358	53.5039934	43.7996289	83.82525328	43.10527064	49.61670452	56.82428464	31.25431951	5.971701246	87.76188427	75.17665519	109.1819427	NA	NA	34.18756652	59.99537272	NA
pspF	P37344	21.956830037076585	17.159373035475227	13.812741740792411	12.333858711712292	16.72497689510296	15.101506315948365	14.542400695579364	19.223809322522666	15.499489030683822	14.795243738590496	12.982457267385364	12.269172867750386	11.662475536239176	9.90340454130301	12.384386930566434	18.711002344464724	17.39512929187278	17.442199771430474	19.315794089281987	12.41700171635391	18.24294747585807	17.05017423544725
yiaG	P0A9V5	3.889609338	14.22126312	NA	0.921788292	2.463696688	7.577122761	5.665683256	0.396959281	1.62174464	0	2.339907478	0.744504197	9.68740095	2.352803775	1.670540602	9.597431199	14.35065806	NA	NA	0.125074501	1.425093582	NA
yjhU	P39356	7.4067421738592225	14.553038975960346	21.575318368046034	3.3946093271189555	9.44283078683883	14.162409376103001	9.87510922319891	7.422479380209659	23.100830211678012	18.38621066463433	17.029373911571053	15.590354018983676	7.833635685029521	6.553208651091252	4.74197679765759	3.021618001484347	8.840293556247579	15.148631845967735	15.910093458035641	11.343868365220457	12.622813221354967	22.031558422255635
ynfL	P77559	3.32560835	39.86690087	NA	14.65450869	4.973766718	50.27297455	3.151982154	38.29290322	0.997548031	81.524694	10.58709227	22.80361677	3.890626759	2.623762366	9.934591018	2.168461313	4.159040359	NA	NA	8.613074007	38.67724135	NA
yqhC	Q46855	55.51036483	0.768517408	NA	0.195510745	8.113718041	0.770519129	0.446040398	0.234093049	0.48107317	0.531504435	0.513247458	1.469597161	0.41091107	1.007802318	5.525633614	3.677862864	5.658075896	NA	NA	0.183652358	1.037377717	NA
yrbA	P0A9W6	498.8397719762716	605.5905611105378	708.2400650311192	196.81879922796315	282.5205880005968	250.05320158072058	282.1817817811098	255.7114693079062	191.69175263458945	109.29423170041768	172.68138873928362	127.83642897966591	18.99730936268905	66.38220743335286	272.0533348069409	235.00763984776182	349.04818650854713	206.33081146346402	161.63049760136718	200.4968318092991	230.2396642288069	305.07992188471576
nagK	P75959	9.396075348719844	18.937982898825958	13.130378451368486	5.183870154839782	7.7059324859371126	7.426244789463362	9.003715454635872	9.88524603847359	5.12541004895608	5.109453091434297	4.448846611912696	4.448751985323799	3.9087758317471164	3.5470378973977827	7.837457232950177	5.307271139140979	6.875344200598216	8.418072613728361	7.453382674154927	5.470437551509706	7.549993651700559	8.42927682011354
fis	P0A6R3	3522.615663789438	11961.214147199602	5565.041109842861	999.732892993889	1642.9545161023036	1722.0427494734238	1663.8395793236648	934.9026232636488	1592.2092290913024	956.0211670269589	556.6308127302703	326.11254962552687	43.39380066982405	81.1383851908589	2178.190903507083	3139.4229157205095	1392.2333433069796	1787.4211818686	1527.5593319104491	647.501078065466	1849.0660744333675	2436.3686464690018
rnpA	P0A7Y8	130.4300319900005	309.7290381351863	173.09872533046385	83.17508954538279	87.14411280804825	120.42880506486965	94.25677383068134	62.2554171757578	128.44769260248623	94.95854379319661	63.2500591381256	67.19725580872515	27.7110481994353	16.137804939658523	44.38665519664804	65.4201595372655	53.10730903300377	64.24556857986269	44.729882942729084	21.13091860901099	60.98417136735125	76.34730824365413
rph	P0CG19	5.440043775573507	112.54525728729946	83.70442749355938	11.806428040902833	13.605828568902995	5.33612251074088	11.661754272285686	4.473285232836793	32.64030040867681	14.23887613952153	8.963591345595248	4.016836346332187	45.32168918185983	1.1839805394293677	17.588962597127352	9.094425941995022	2.1252632893709924	6.8395374762668615	9.046804997773538	14.011146347055332	10.715443975565458	7.9982162391717395
rpmH	P0A7P5	14566.022128350902	34663.693838155115	24717.07799275093	5054.676803327173	8509.398811872768	9280.579655181999	9252.814229780583	7767.261558237303	9818.870102040857	6853.25421049335	5215.544822032699	4802.233481994546	4234.046056153525	5731.143758107926	12597.857214932632	16759.912388844434	13838.79585836361	10308.628491688047	9561.909635304091	6039.523123826877	10115.969778686704	13964.025740519335
bamE	P0A937	2725.2786050512964	2987.1075419493113	2740.8499479570282	1569.5006797989465	2389.9076347703567	2712.1411648316794	2415.190903085224	2422.014373455812	1971.5609354772903	1918.7702943009588	1651.6972782052535	1576.4938103518925	2655.9448139170786	2302.1194310722126	4468.9326014525695	3887.173375054948	5228.892514498764	3216.6135186971487	2254.337927352361	1655.6838628359012	2228.190901400697	3025.3204349486095
hslR	P0ACG8	17.289116072562873	66.9982528704034	16.37301847745214	32.7043639062919	48.930601298734075	51.641626300533446	81.0192218477612	39.229754043601815	49.70384224102871	31.52602119634608	64.14452869144856	37.565836572993646	161.33821086077486	115.16552205098567	332.2199163482334	319.9444842525479	319.38651095644036	342.8887735682039	248.97674838884686	259.10442684035115	281.2574628691042	391.464736998653
kptA	P39380	1.545739731	0.203900819	NA	0.429723405	0	0	0.503070308	0.001988928	0.252976961	0.128370427	0	4.501786438	0.035419866	0	1.35403455	3.243386353	0	NA	NA	0.189852572	0.209208974	NA
poxA	P0A8N7	35.44154898	259.0119196	NA	11.54520066	20.12678733	19.31471878	23.02309124	9.569615281	22.85447586	19.85321655	11.32640105	1.430061536	25.21277614	81.43761489	31.01000613	36.05045276	42.87405969	NA	NA	8.288302253	16.8440322	NA
rluF	P32684	16.056913585577327	11.057649519076964	13.656515569486144	1.8901958033367592	1.5487338032215539	2.7595178073398574	4.5113708837368325	4.246932917247733	5.09963458070129	2.605055098242825	2.8665768159186507	1.0772280743633105	2.0741579238296772	0.8520931236527383	3.255299992447818	4.609049151820365	3.184936410190138	5.183615374226612	3.8299531812888823	1.635546009185229	2.7328127764381156	8.702635332320527
rpmE	P0A7N1	2.53345091	16.8429582	NA	0.821206059	2.983913311	0.308556565	0.549739236	1.894936364	2.365189512	16.56453671	6.835957816	0.531531715	6.455447101	26.47627027	1.947282769	0.741342462	0.890065181	NA	NA	1.044203326	0.754330748	NA
yhbY	P0AGK4	281.29957850294113	619.7341316340919	400.9801079115142	147.6703193884476	246.09676651625122	447.9300457690547	338.06652563022567	271.067260664948	359.48091460824475	230.20096573128887	234.92142184581385	234.49528279205873	539.2123015988258	311.035541013905	316.933272771243	366.16727933983674	692.3280180859432	262.33532459912516	173.7502249781424	289.0773304109363	285.0585397473394	350.6280278636558
yhhY	P46854	5.596194168	5.589942994	NA	2.420188744	1.793298887	7.056944164	0.523024059	3.521121475	10.55705591	9.251777391	2.407560274	0.236339442	0	0.112135182	21.36963489	3.275808694	3.046481208	NA	NA	2.375048245	6.736997237	NA
yjgH	P39332	15.46181845	5.208821139	NA	9.887150431	2.264854582	3.835639393	2.105457381	1.814388712	3.386110458	9.780019934	0.107517399	3.088010565	11.44556277	1.672866002	3.089683314	28.62026282	2.482071749	NA	NA	2.985240232	4.67457818	NA
aidB	P33224	2.984289228376764	9.921899098002337	13.141691603221593	16.847364007015045	5.314905449747456	11.19896675992194	4.67111871895677	2.6201124418821404	10.594767946514041	11.992687906796883	23.330588054410224	32.02028110572922	87.55807247493418	88.28920733521707	8.816312753386754	16.11192069234383	155.47423337392385	7.35084304055555	7.07075895874617	16.13537660755762	8.48891158751677	3.188203733747428
idi	Q46822	16.764964111663595	32.32524338335075	28.31676757070095	34.13865567531214	22.464288947213035	13.42572705757673	18.528739746554333	10.211164540543049	27.807615452609397	28.84278094831406	44.017963422358335	47.030323231816155	34.541507588369136	41.31037285284248	33.32836301267434	24.350504289048388	32.11259672978044	8.170796801565718	11.544145733966808	61.964237572241196	16.009124116335066	15.82305481291954
plsX	P27247	51.45704002260947	72.4036108693744	51.76127523113064	57.99693364744119	53.14919216694918	55.76807676439461	41.14978847149431	47.854207305241786	39.03971015843928	42.56099362486099	42.270384053575455	45.38980644959924	15.882667975498341	11.379383893731328	21.144056669317365	23.09303658214068	25.733284554916462	29.599240722112498	26.57126235512037	60.62276050275157	29.534643100646853	17.592912591382532
yohF	P33368	71.61972277468819	49.153245143980314	40.337037564197935	76.33414291006876	67.14687292948621	86.55538149520594	60.80666771119611	34.71077343969936	34.269625924353114	55.442365135554915	96.36786768256286	147.7374328045986	93.09112202087474	99.41872177907071	74.23328635024642	22.697276158270192	63.53718390918125	13.337158059754552	44.907025243847905	64.57296864832078	41.11676979171611	27.133573334302312
yegS	P76407	41.693003986479845	41.056416767659464	45.413560834715206	99.00659080470808	87.76912868036638	76.67589229501037	69.16967684023159	45.78661554830526	66.45213845451354	71.7418404892147	86.44738276794143	94.73250044686009	147.59150032614158	144.6859743317627	116.00195821949194	45.81789216627954	183.82705409652337	79.04158531836917	68.31597749640048	81.96738536985171	56.42490925390232	48.17057033831747
yihU	P0A9V8	6.083798142	2.783536809	NA	2.487470529	0.764869065	3.793507704	14.36099133	2.905413847	4.898107864	3.686796202	1.48091822	0.698577014	0.450266001	0.280107126	0.326895374	1.016145211	0.401371036	NA	NA	0.683593422	2.175673904	NA
aas	P31119	6.31262297289082	12.309157518250586	9.829086958635868	6.087521416111927	7.4367833821309945	7.908319860095476	6.985618408525312	6.828328680163799	10.279291322558683	12.719189337149533	11.629752398296532	8.941677464607539	2.20477761986657	2.77111088283023	3.617637339869803	5.838399021247014	6.285752854795657	8.106045321127255	4.8713663610698905	2.5470000033271347	5.380884181143038	8.266658507338958
bioD	P0A6E9	4.214872181046774	10.865234119615224	5.706557683408848	2.2981832584697344	3.7208422634589993	7.606349895173615	4.459073145175819	3.3700808878679642	5.258090657954458	4.7167448591617305	3.6474916536344906	4.635294048876079	15.790367318449412	12.304822654214234	3.279768967168749	25.047858256415736	4.985377583868099	3.9921682203025375	8.965816013409643	8.525753902154767	10.234368491243316	7.779268741427517
hemE	P29680	31.359532226327804	9.635959820429866	21.913692687459726	4.276392435838082	8.545981134343167	8.892241571570384	11.649065444453122	12.157595550602789	8.778341580426858	7.39576026966102	1.9387339105395935	3.555953594288385	5.72886657219566	6.599491774359799	1.5449549118023707	14.919453047481323	14.810553056043997	13.496559844569434	8.902528539773625	9.543470315899224	8.94661230048433	12.049768274629526
hemH	P23871	18.785154916049134	61.118431332318224	31.20846089461293	7.6119440946509265	7.846721999553312	24.32610451933393	9.19695061694028	6.579956636726989	6.946867353080667	5.174908308391836	4.789056521536893	1.8671655516627546	13.022098418013199	6.996067832345673	7.072442766979114	4.401949223814735	0.07712197626730212	4.00884442854707	3.718953869705708	6.990601578520175	6.532182006387839	5.031110078005491
nadD	P0A752	40.006706195322344	66.91089253597124	41.953550330096824	24.602225576516734	31.100768817522386	23.491370692894886	26.63831343297678	21.52985552114425	20.292653015107515	17.469086278869	13.708053405908064	12.573237442296454	4.396870121366023	25.78380855497368	46.681542243862026	47.72114632681712	55.79260252582213	50.894509691738016	34.51348475779526	29.555035958541314	30.350944214584807	48.24153644382433
pnuC	P0AFK2	59.94014171519434	27.43537801952767	65.28939216335812	29.858345873226277	27.361682312562827	48.24224437775503	35.40178703672754	43.000376862913356	61.22000084850401	50.6695724482919	61.045674561926646	55.99254622141019	94.35363455216584	73.19833849167036	49.76097435112734	95.27950195997413	62.77867135297216	39.27767615758399	46.45593595013916	35.88688705791474	30.544620582776442	52.11193652162284
thiL	P0AGG0	102.57680427957685	171.4500563218299	155.30767454448878	77.80986296423934	61.88259774386614	78.3356992030589	81.84064440189105	81.65785851876994	59.99573567357095	53.68401053388503	51.30044599158181	40.029994756116324	65.59944408042466	71.34651062634434	116.85616889064754	116.76323184087042	106.07304948271567	80.25679256868979	69.98772915083006	67.23007435879458	60.58553110057051	52.259716552723724
coaD	P0A6I6	61.6070023384552	64.18479944359231	55.681406237952906	29.604148546787414	35.3905527895214	40.5690118180422	57.691527742460565	38.80223798190725	41.0654747090451	26.887565920172136	26.305036403484667	32.58462890126493	41.55474784077782	33.18593867600036	55.73177911820206	97.00478806989078	73.68096902919225	47.544339706275885	57.26121030631596	54.688268484548125	61.13950656225974	55.53930499026123
folK	P26281	213.9785589	379.3445411	NA	160.1472139	227.5994598	254.1824149	167.5561762	188.3127921	302.1697822	280.6094024	244.0980953	179.9981213	182.0852668	161.522324	183.2866726	223.6620931	235.5165433	NA	NA	131.9288435	178.8546257	NA
queD	P65870	282.74106686044126	592.8114159858843	230.3011979190835	76.27403217444825	178.958429473949	204.75746097241503	211.0543183243836	176.6759678630173	127.52681898028749	90.69107523575734	80.79039372965427	55.06999785240634	150.6933892263109	118.13886439039395	199.0722272147012	279.1641277579044	207.52955533466013	163.650970243641	147.64759600005578	156.87154110348723	200.72302620302787	264.08391983896314
thiM	P76423	3.477247907	108.2580824	NA	3.221728976	5.565019585	6.27379932	2.766097915	2.47458509	2.039366057	2.530655781	0	0.66793072	0.023875675	0.301055232	0.526595827	0.625578414	2.007753069	NA	NA	0.78368827	1.671885823	NA
ubiH	P25534	63.23318838	113.831567	NA	38.67600737	54.48347883	69.98790611	48.83593182	55.63057647	56.09857695	45.41406105	27.89622672	16.18052897	6.485600446	5.94613028	61.99118359	73.12574039	67.72054708	NA	NA	30.06751614	60.99805639	NA
mgsA	P0A731	868.6097152804296	2253.9410429682157	2253.8675762268226	1187.2059468425387	1381.716422389256	1634.4751672141674	1558.8900156449124	1573.0412890627001	1297.346493107108	1291.696084427088	1044.6762212390943	919.4299553982306	558.5851827696824	358.8032811620594	586.2824056873138	528.0910351473059	700.2003224994145	456.01062030615253	651.1610723914229	542.4483896428865	900.8708001644769	621.1961867936052
rpiB	P37351	34.52409175562177	74.35765839639141	67.75503789510246	20.455295606885677	39.31142237032315	63.796725561663486	39.95651388412756	32.00189022817456	48.58461954859916	37.47673996552285	34.01836806219659	27.67829235174468	15.440089947990112	6.1270859326334595	27.06740024381238	28.916694207288124	12.745335580447255	18.739194713523528	71.22227735159252	30.63576303003268	28.304530468840408	14.154267616906989
srlE	P56580	0.2373221384867991	184.76811821031342	3.570856419876226	1.1296119245944254	0.4182136426540849	1.8087436173181297	0.01133038358539388	0.5829945662139946	0.011598393338092419	0.010110251183585864	0.24248878584865036	0.008018536851795275	0.4261189558168367	1.2138743881397525	0.01203849267780179	0.06132573384722398	0.012522388364245912	0.011976653179076454	0.30071527681509896	0.009552850731229254	0.011135817166953492	0.012738681738336635
uidA	P05804	1.2962331665190152	6.497166085759773	0.5995775963142812	0.6158486864961014	0.7877069713891806	0.899347503710336	0.5575695350876283	1.3163494754086766	0.8669549545451172	4.235013006742642	6.960391672914559	11.582800654336948	3.1209908681221323	4.436294520946528	6.509641519828067	6.041320315448718	2.24481344168634	2.058486432302175	1.4860134154501177	1.1821587889655292	1.0663570666645439	1.5983708145296562
dgoA	Q6BF16	0.019321739776093833	0.029656396453984518	0.02630706163091511	0.015675937683446006	0.2993296836249214	0.01772510034266113	0.018438386714056697	0.016803347757395507	0.018169316501756662	0.016060364182342718	0.014040378553304561	0.012589640210572555	0.010844995464818858	0.010726577759711697	0.018951870974366816	0.020281454363064527	0.019706964053574978	0.019007474214997776	0.018151893627260197	80.73182351819338	0.017682722641533248	0.01995818350903338
dgoK	P31459	11.93184998	5.463557691	NA	7.667584075	0.995433577	9.008983374	6.919006041	16.73223636	7.805506061	20.50505556	2.766013314	7.493549194	0.765310578	8.434406215	8.703642599	12.38184617	7.042943451	NA	NA	35.21726767	6.754445093	NA
fsaA	P78055	110.44886385997405	83.63807758800553	99.90692239399476	66.75139771912484	74.66419957597194	115.23606720455099	118.24619499371666	88.63651206905956	64.05587885518456	54.87361239024958	57.601603283234176	40.34677906491307	91.3713147980211	85.92530803923653	298.510128770978	180.8225672794254	139.26258208064695	140.6178840385846	95.93172777766792	137.46327493006453	96.26924343283416	84.50260529598788
fucA	P0AB87	0.623102909	13.00855879	NA	0.319244135	21.12959927	0.82450936	29.24012052	1.174150788	0.275601464	6.687435511	0.952280728	0.920219416	1.201313264	0.241390625	3.137358232	1.130628334	0	NA	NA	3.938511506	7.475713338	NA
hyi	P30147	5.616065163	0.214712605	NA	0.134323934	0.284753856	3.26849221	0.125137844	0.144576484	0.538997658	1.577927658	4.637127566	1.503611924	1.530302484	2.707326333	0.58106161	3.876737802	3.868890849	NA	NA	0.038324895	0.058347684	NA
lsrA	P77257	0.006010809797589173	0.9076743047420537	0.09998560992754263	0.12126525877353117	1.525388507155664	0.005515695204004547	0.005577767332652848	0.005179087956215734	0.005621366945180793	0.764903385641585	1.3239739327386937	21.948719957574497	2.0465415895261634	1.3967964387901584	0.005999169545935159	0.00638122905660691	0.006196815567993774	0.005985721751820695	0.5337444624707872	1.2884937416094373	0.005515986163529953	0.010388323163650197
malF	P02916	0.7824631444255951	5.584611761633856	2.6717042003626768	1.2988772714333587	3.0974488177860593	3.1507261427526085	1.9916468036554538	3.9241078730769754	28.801008295646366	53.52470121004222	56.2755829359023	30.292677539190972	0.004565931620202746	0.004474844479660783	0.28571516114821377	1.4648918277166616	2.119090573174961	0.1922274579651154	7.354770054039981	1.6570855699865477	2.393718604136221	4.24215012671312
manY	P69801	109.81093162138986	139.33754585851236	80.08043330983584	48.220025290228584	84.39391449912078	280.21718279552744	119.33052795767401	86.34965513788912	687.5130188196661	425.66963453875206	293.8170706834177	244.97036694730176	40.669404366024196	37.928016916430515	60.19555162086229	111.9142173809945	54.022429894371676	114.58376334707087	138.66023540527297	77.41928421629905	91.982975699278	245.9971555258236
mdfA	P0AEY8	17.04261535	176.8902229	NA	3.363014671	2.120908347	20.04349063	1.813058383	0.118413801	8.089414184	0.802363061	5.931402769	22.57278087	9.400211282	59.77733704	4.6682285	3.036697254	1.146153719	NA	NA	3.262682155	14.49175181	NA
mglC	P23200	0.5346449393190605	34.255259673511176	21.1565205528695	8.215254464669288	14.384984380053897	12.770581188881035	10.438451961493897	12.04708124123325	35.2194921401486	25.56550255826568	31.904492177608574	20.145935239355286	0.30196235349501904	0.027872365442509185	0.5049845897648075	0.6500353809438822	0.230590027936839	2.419415644087451	24.583591443065988	53.36272690987061	14.503496743859971	5.217161741141518
pgaB	P75906	2.1034819896145613	0.5691095628733659	1.2903124730286648	3.930583889703249	2.1974455778003197	3.744715082507721	3.548694321459439	2.445594297842847	10.51157463542159	7.900455822977682	6.190825931222355	2.603142237130194	0.03422392766198538	0.07455066756704447	4.5409549575916595	0.4255196120337982	6.707654086770152	7.206459664995365	0.726590501021408	2.1971166066500705	2.2791098541697683	6.371859154144445
rbsC	P0AGI1	6.280807102788577	25.3931120256993	19.111880079898523	21.504021339430125	29.264121759024675	23.736485140842618	22.643973198668203	53.61034448854812	44.334254964426286	62.15145795900972	68.58634814243581	81.7578426026715	11.368762059840229	7.8455251471958825	8.75641652396909	17.116200547568006	7.192878672987097	12.71491675362266	43.990308095324785	41.816721230830886	36.51585550040888	36.588740422370854
treB	P36672	14.702103027039016	292.75321591332215	53.45907434534131	14.388809562892579	22.918443732470767	19.260649460379344	22.00564813439063	23.54900950342509	28.181721985260037	42.74622277108614	79.74001653555439	87.98240573431741	7.208872588823015	15.054798158560166	15.127252993419667	23.48643006961975	7.288106102767422	12.85668774692997	21.526518365982973	37.921953554376465	25.00599660209573	21.571785521629234
shiA	P76350	34.03276593064108	4.852188164557843	5.690827145176604	1.6177364915078232	13.045579162806016	14.717659585993545	15.552943903007705	7.042708540826115	14.781404637085306	12.381058311472648	14.725270824970185	6.882811925322194	0.17418576604560904	0.0392502132040377	16.946361015304074	1.5857552400077166	8.390262088460512	20.753550911095058	13.635425801840956	10.622037032169818	11.838469052488549	17.999985217740974
ulaB	P69822	28.24488616	47.47467772	NA	27.36392093	54.06467071	24.73609399	21.78588529	10.81915312	39.03529619	38.67593854	25.50305242	35.03492629	110.5237524	114.5074146	24.56207689	41.1144015	13.15397523	NA	NA	15.252544	18.66879146	NA
xylH	P0AGI4	0.06378634878104333	0.021581498582017654	0.1783573719450786	0.011142157913895627	0.012393876745366714	0.012868727617976477	3.8191099244962268	1.1319501209523088	0.013166480290755317	0.025366137591987744	0.010054476716609395	0.37020446384561484	0.007878576523825006	5.118079538024378	2.4849451281438086	8.567127091365775	2.5790781152195406	104.53855445708298	6.861037242132776	1.1526133666253373	19.734143971423453	13.336716569377007
yhcH	P45424	129.0479206	1057.410125	NA	104.6487541	104.2740864	162.1406828	104.6249392	175.3822021	161.1999281	304.4710481	337.2352337	249.3801984	261.7025958	226.9091645	117.0491404	104.9475745	139.0049719	NA	NA	84.22061454	96.48804041	NA
sgcA	P39363	8.802606613	38.15756983	NA	10.6411101	31.32100263	22.11557364	12.56347196	11.00299396	4.209088328	90.96752216	2.96428569	106.083443	85.07093944	17.23086866	16.46282969	16.42442994	8.252485379	NA	NA	16.46796907	27.85020935	NA
dgt	P15723	2.4266485644875866	3.3412594493297556	2.14321758928958	3.1910326255488415	3.1156403064991234	3.44689308664369	3.1413990226727404	3.780457946516653	3.090274067730595	3.5687562699339845	3.2152655436275808	2.9783419752897835	1.2253501900148283	1.492925061834834	1.9939042061800658	2.171861525875554	2.2449617590109834	1.9714361122550168	3.7958297910800174	5.0570949222784325	3.0846400741504425	2.3777897072366874
tdk	P23331	91.81955405707785	144.50333008506993	120.82898146331931	40.98289514251144	45.07506452292798	64.29981506763772	50.94130600794575	54.07375052991991	46.23606352482066	30.620119836692908	18.48023590891947	15.681722932256015	102.55967193216334	1.8947322256210728	67.0816021412592	6.974938224873774	77.53746344755432	50.74140218261473	39.242791186183894	16.884548350694896	41.08320833446991	60.38278639584359
mutT	P08337	3.617647909	0.755383655	NA	0.156043307	2.755878856	3.098449619	1.413750011	20.76417383	4.077028744	6.442746183	18.48184368	0.084765745	0.485221252	1.347423115	0.154247836	19.49964367	0.654988685	NA	NA	0.020501239	2.566292657	NA
yahJ	P77554	2.1910245706447715	7.74141147170842	4.33938394276337	8.344569655562509	5.439867028589489	5.005265515214423	8.954911928580806	7.606046963847035	7.176471430698164	10.210356627175445	8.48183618362702	7.231232126393355	6.183442535684071	7.3982205444125855	15.2730267035193	15.312387519994983	14.909772835065985	11.80040662021964	13.223850609008457	13.777824508382508	9.897438242291495	8.61705618639627
nudJ	P0AEI6	46.43271782486951	31.456681017799124	55.59295307959248	10.829648857645795	46.91732011962466	49.58493047189421	30.603567065279318	11.341212214538237	14.916318689483713	8.833964290228595	8.525656251385746	7.378056197177781	41.03325585304347	35.72106569787845	48.28661164837142	31.28660040983316	56.48158376529237	28.291442210018236	13.780581223676128	15.086992140740199	14.409615590620483	29.488613831031678
csdA	Q46925	12.224377994258877	25.104428175290007	8.767910258994366	2.332639324737131	5.65214942434974	4.034467261134008	4.095556206631388	3.2850866794760316	2.036569854370475	2.1536213912443025	3.136733015994489	3.6196390314405757	2.768887456306442	2.588309271477613	20.646278522796077	3.5069848160719843	12.948865164183692	9.349382874723688	5.249685426401098	5.365898425686171	4.8380609032041155	4.995142906151395
gadA	P69908	25.028953778765946	28.383452065296698	21.646081885845025	24.68258672988253	16.09973217226845	15.81781126267789	11.915914504138971	9.585800884149066	10.547965698864468	11.47344315595439	12.106485320282838	16.50178803778203	335.6767111704653	320.21809880351316	19.375758714336687	19.767479296654734	160.65947172613073	11.430039629413423	10.54967989177399	12.77683466172643	14.169085600316649	13.678944286104313
gcvH	P0A6T9	647.8710954283091	1085.3113881440133	1337.3477582607486	319.8412300037056	443.29901152196743	400.5482361827465	513.1310192651224	399.39561651403596	423.6100987472934	264.81606530750753	179.75952337799006	186.58338457386807	233.28053817925493	403.9595890251176	513.0139382655336	825.7573372662704	535.2047190282331	588.5107170260865	478.0364721589937	274.0511984754278	413.0890555450008	583.3934078132772
glnK	P0AC55	57.523513401370565	2.998269354201122	1.8441630079216027	1.2126999698291614	0.5664275244604333	6.424432230033614	15.937856114364392	7.335785511245935	3.690395715305789	0.2706879894126115	26.021571251142568	72.95852471648763	114.4740026190323	118.73880925413461	63.300283680217305	36.864283371256654	416.39544740041754	22.833137214742113	27.288249107613293	28.815086782932035	0.6836627705138655	111.94359952326764
ptrB	P24555	0.44652974560093633	5.029786288047767	2.6252946039380305	1.9055513987152013	1.0233463142611512	1.2617093580409309	0.45636055381575347	1.3319842387831868	1.7200498911778606	2.011032129340657	2.0978686824053447	1.3084220544144993	4.027165049857737	1.1491686524112001	2.226625175081955	6.895980317597322	4.8356135232494895	6.259329272405979	12.433254994085049	9.668920942666876	9.593903363577725	7.332632863156483
sdaA	P16095	3.5445879325839735	89.9903842147984	52.43044588030216	3.428727719786535	1.758331661465411	1.03482560195889	2.430350584581519	2.427184411935805	2.011473310712371	1.0604725126456547	1.2679427769033749	1.162774730798449	0.016660273549113154	0.15611924693795365	0.33253360244606495	1.298288092827932	0.3915489900108827	0.93776576113292	0.781600167156761	0.08613255329939562	0.730948244112589	0.7973837726891868
tnaB	P23173	10.113521728910497	364.61781374735557	252.93796085459874	3.7471964848518935	4.883392495484155	4.245212417160615	4.051152074477117	3.333313602704606	14.248067647823282	26.736692548017253	41.1098080894177	62.86663038488021	8.976409797686108	0.9756265551820746	1.2735237049309596	1.0123991989118206	1.935638119218009	5.402588879147063	2.2317250058832294	1.025641549919063	1.3239174068295938	2.42875184034529
yaeR	P52096	136.4182401715153	109.07312049271408	115.57288625823756	141.41535552181458	113.10803733198271	153.64401228426033	132.3073566342291	94.21830611399453	128.13061143342122	135.2817611876048	159.59276043575542	127.99846966733699	129.1267715577777	275.0480027183944	328.0448288296671	90.76518505161742	328.96256692030806	206.38411614855224	213.67822888343798	315.9276301217711	178.44335548071365	268.11987949771856
pabB	P05041	35.703219749683186	44.724329916168024	38.89439036139476	11.909504834777325	15.810304936670418	20.486138777019168	17.934901902361904	14.739621728343934	14.386887621858198	10.938688051040144	7.222831007831944	6.443434025665083	11.034982361780548	10.374296724274462	50.78441108287433	45.83717749641457	31.666497483812012	36.933905369538856	16.655983437631818	10.22857768475375	16.752984713088765	23.068193000323387
ansB	P00805	4.711335614398309	64.42430761550918	3.592835635148956	1.5047299372886378	2.2543895964646645	1.840030083992037	3.2582769061707184	3.4423320287718453	1.2993347217702362	2.005039082943008	1.2160572306160515	0.8751348642179434	2.3055873700638987	4.740450574044248	6.079220268998034	1.1625440855547666	5.178716752234207	2.5747446452530514	1.508654801300329	2.7558246122204446	0.9940520040538939	1.2021737025224746
eutC	P19636	11.91592439370574	13.37053410864106	22.139850214300516	15.147397084366448	18.707091633714374	11.969388574994099	19.05664664168539	15.05877489627314	35.55488170427931	32.916051276164964	41.284621819159156	39.567616539319005	4.419452481160622	11.00894886778811	26.498752289107607	17.516408424214557	36.09151552831697	24.41560895523031	11.039156386131072	24.47084312500156	18.513594248386575	41.5410778675758
hisQ	P52094	104.3561071930932	20.482656021323066	21.94624523820569	40.99898947012781	66.61812155283786	101.65583291470978	77.6867813290352	96.31239919858898	101.02232511225078	116.70925297505566	126.58631898370226	125.95274254410998	11.2274476593484	16.820845097116923	13.7810180341827	23.691860137616327	15.166212850489238	39.56080148179192	66.7330167072977	40.85372620971031	53.55366313347722	58.52419610580056
nikA	P33590	4.195328426993434	0.4574637921867926	1.1120272527569188	0.7421584231379565	0.7893775210600132	0.5494990043375291	1.6272940267428073	0.8945173429773425	1.3568077034613075	0.8824540053647029	0.8549511955246906	0.8839409611548955	0.012521536573043007	0.25337535603980516	0.6051140737718428	1.8934093892023767	2.118847418780275	1.1072376343052641	1.0253499614128532	0.19020413976859532	0.4844198762780586	1.6561783879397154
phnO	P16691	340.4456066	316.0458697	NA	233.2797942	181.697613	199.8224709	232.5044416	145.9113592	246.71648	107.3917251	106.5439696	121.3014315	31.60283896	53.75018329	253.0559666	311.2742245	318.438177	NA	NA	160.3994079	171.2682595	NA
proW	P14176	29.82228724249713	1314.2570876105815	26.574636933460415	9.39523039556454	3.6710248059197994	7.185180315023916	7.908906716864335	3.7673042394060863	8.345188455777508	5.976435348603787	4.353516448651459	5.068969696914678	7.301850360423604	11.425921256454725	117.50333550410437	13.95034849274091	2.8046101200023643	17.26444149775427	4.234831094390565	10.23008007889867	6.9187553764805605	13.807880299625333
sapA	Q47622	19.701955038090585	41.84970187734641	23.342279125889043	14.369008135067574	15.776242405817433	19.008332383125968	15.294096302268727	18.648617634384767	21.08487029203118	15.542340976597975	14.741627369602112	16.934964738638566	20.683383749981086	7.5745679432468105	20.94393647909023	20.237108341673245	15.930052780045228	36.49855431249983	16.871745252813504	15.706164151993718	11.628886226989046	15.845529890279929
yejA	P33913	10.35110697	15.28987703	NA	20.77447282	16.39692381	16.62907691	15.53341842	10.81999355	17.61078577	7.843208619	15.19728951	17.35848177	9.039242906	4.88428469	12.67433512	11.78945348	20.55803681	NA	NA	13.91260191	20.08154525	NA
ygeY	P65807	10.0043518	7.709320044	NA	5.852308825	2.030578958	7.196661337	7.590513597	4.387401166	5.308285212	11.96938831	10.46860426	6.865411308	2.470970353	4.499435244	1.60872158	2.931954002	3.364704075	NA	NA	3.422620325	7.751870748	NA
pabC	P28305	28.02734159	11.13154014	NA	26.03828174	14.33144267	35.96639407	12.95867048	32.72630248	36.70069781	47.77505935	50.61830324	39.6882533	22.19931273	22.54103	28.75330648	26.37747064	28.66826843	NA	NA	18.09017608	18.26659285	NA
yjhH	P39359	26.26397946	15.55373107	NA	15.87826496	0.843574619	11.63742943	12.77521641	16.50341554	18.5043493	41.61651454	13.88237776	12.85032133	1.076473904	1.086824459	2.725966758	0.510797597	0.591550904	NA	NA	2.45013751	17.03114186	NA
gsiC	P75798	71.81178278668457	29.51697340715886	65.79733549417035	45.795353042926614	53.494916693824315	64.1465644721735	66.18346724390071	65.01509368830548	90.41304761740199	76.98172647853944	59.504792239504916	49.99760784494101	66.00862345611019	60.83343744680928	60.49627132540948	116.00801719824527	100.39964352127387	99.91248282713478	63.90822448635876	52.43790120283198	73.88431543236291	82.18653823218352
oppC	P0AFH6	95.79975620622844	439.155775327058	689.2974030439254	20.647114314421398	73.00452719765502	88.26904215549665	83.9747671396374	68.65638226314103	122.36930465176407	100.22719553070687	51.83845520099358	36.636190098097	53.765378358514425	98.84016523574904	162.69268675493043	125.19330770510666	61.75495097524999	212.58297160143252	108.52370117760293	187.56787807268992	153.2936968662093	152.35841714545896
yphC	P77360	2.318819573	1.415628506	NA	1.412460695	16.32531683	3.015987531	2.090528902	1.754965814	2.035504063	5.679815743	5.006049869	0.229310624	4.71702616	2.1648922	0.883186153	0.480168511	0.107885111	NA	NA	1.391224896	3.658322096	NA
preT	P76440	1.0816978173983205	101.01184430168794	1.0313722591693832	1.9460086102749206	1.2239383914274207	0.8317210732300193	0.4006654346934796	1.3973769432132344	1.0616538893914615	0.36736675739467467	0.5547280453299761	0.42614673947306425	0.5329613834696187	0.0034135660450318453	1.565211326184434	0.6280263639734623	0.006221316144235088	0.8894609229592271	0.9757586827348225	1.6701790309213822	1.0349656308786277	1.1060500935603186
ftsL	P0AEN4	58.72937627372826	74.22934337590398	32.3145245640444	25.59232906052126	33.28414075364206	29.462544172672946	38.80978294180168	48.42166133738302	23.338596464354772	17.03084669977005	10.942895643017698	3.6510408538187007	0.38512057741844813	0.49277345267946354	3.2228909509293393	0.7321883617407711	17.446451390217636	0.6676411861212332	30.306966087185316	6.929912529142686	29.963926720929635	25.331567213434184
ttcA	P76055	77.78898027578566	203.968503311494	116.81660616859159	19.05964597301856	27.713934236272053	24.909937200098057	37.860560451456244	18.867423393375365	21.917933671431552	12.660567651514755	10.155967864910659	12.319303995473055	8.35731561315118	5.382780819607071	16.269694549955457	31.820488087103364	10.792194880561183	16.543956893245767	18.798681237871435	3.737932532732684	29.937781997526926	36.00505790332749
yafN	Q47156	17.50179686	16.0872722	NA	7.578784715	16.89777857	12.29750624	5.577707001	7.698124594	7.741625609	3.238952009	5.916123687	3.327932391	1.561537607	64.58899373	3.932979331	1.158041932	0.086474478	NA	NA	2.926806244	7.324747939	NA
astD	P76217	5.367952158612916	9.952966000139037	12.924197425352933	5.615149588967599	12.938624391577406	6.758747904230333	4.715210316736415	3.444646811615004	8.402799160098933	11.456323602528803	16.415037927201258	14.530213702014477	6.52904841140742	1.3644224189040781	1.3730879883584235	2.2588057581733514	0.3889809043856767	0.5844924819423323	6.213008408412501	4.26487712272559	7.387898979053615	7.015616831247689
betB	P17445	85.42973721851004	145.4343333393976	82.3086298723373	63.418047486466506	54.93036585398644	44.16252449444506	63.025566222233756	39.84128076610063	60.96198800320231	47.499971828953676	39.65885246537253	20.183255154030107	44.08448109121097	33.28109569732153	102.54017307494767	98.73378438733411	57.512870261881886	66.20560749484595	70.57362787525952	45.06283446649703	50.96196301839864	90.88857944078065
fdoI	P0AEL0	0.16621084019299626	26.904488921577833	0.021532213794939806	0.012815417355809391	0.014224016298521063	0.42384836721710145	0.014920062857727838	0.014179312289611215	0.2880276645063125	0.013476261006943572	0.011642076280553535	0.019797628481805423	0.29037062108594947	0.00906177885125402	0.015887877983602843	0.24417340874430063	0.016508489344704547	0.3112479688044606	0.014810828144113077	0.012438578012085354	0.242065927518199	0.36326041780516666
fldB	P0ABY4	690.0536931319302	908.2639651916459	642.4364277248214	195.08714152518596	243.84694775382556	381.85599612534384	272.8015151806037	270.5252416248825	195.97068597856295	156.6591846789964	79.71762660266374	74.30137504473623	145.44962666774455	154.08898386439677	466.7656180705588	339.2243649527816	391.86308185892506	465.24524547053966	375.20321937016007	147.9421170406376	326.93042273742776	441.41057521300087
glcD	P0AEP9	33.46554809067051	97.10875871076541	43.402662204505596	47.77876503929605	24.355538424111803	15.26428866667913	23.183418493549464	11.8050586238933	18.45437587208169	15.967900637747219	13.060726871369292	16.39366331936483	1.992475997473351	8.019698371162633	14.307913912282368	22.67530045693733	32.617145331911274	37.76186072046912	41.24345289787299	22.818012782799002	39.396890852846276	46.981931945205694
glpC	P0A996	0.006470283629548771	40.431248061361224	11.638196309339946	0.005173775304420537	0.455244964151468	0.22002640618627567	3.807780732196895	0.00562435439955985	0.006126553189386554	0.032156939184703415	0.004660918612574535	0.004284150419430523	0.06712780957931434	0.0036068152803736806	0.006382004068801417	0.006886857683819467	0.006672156379916196	0.1109735602978281	0.0931306296944448	0.11564737770104466	0.005815828878482683	0.13625161180365403
gltP	P21345	6.579651749335724	6.681252506626131	25.077445110730153	0.7558893985712127	0.43214835125632206	0.9765581049036984	0.5754967213190257	1.2857181839320164	2.720771548089957	1.4608061356882422	1.424737119392511	0.5592753422770302	5.027816976084461	0.004614895713425835	2.180370846662674	13.04296636416273	3.1817963299802385	0.8452484928095602	0.6848348412922266	0.5661400719115145	0.33736877195369014	0.6406952088314009
mioC	P03817	4169.625345152428	3852.4121824000117	3998.8884349827463	1737.796510355422	2800.134449566476	2735.6203624699842	3315.1617804905036	3619.602062171749	2454.4632067884477	1954.0608894937159	1511.2199044145166	1085.7148139111082	673.5262871218506	727.7442576161436	4413.444947535784	2527.760304455871	2778.1147933291304	4043.2903325931616	3463.01769668722	4001.8049206600663	3216.4274556616583	3660.303970081526
yqcA	P65367	156.57467424831603	277.4350805465911	217.63639351274196	178.26704665298718	104.87874516214355	121.72551953834895	134.48320037898003	117.25613658785383	140.7412067100918	215.85572380085628	194.0861981890766	152.69372963524845	35.67787762689006	0.5878945161604208	89.65031370360751	96.52823629663376	80.65418147873734	75.41033065859484	71.06338444508035	84.06402168141436	32.746784975037016	35.76525795589814
appC	P26459	1.0049850591863276	4.047931851697583	0.13614849983992386	0.2080226206714787	0.24883103600143577	0.0646195069066849	0.33737913477710674	0.41984772976852347	0.4060221633193301	0.37205092527444567	0.4701903267873078	0.2958274531310438	4.490470448387299	2.084271075641398	0.8477792124314784	6.060546833416144	76.15478396638161	1.6066630738740744	0.17153896023383886	0.40151638949512436	0.20088838487379143	0.45525592709265983
cyoC	P0ABJ3	17.938807360811847	57.73605186013513	13.642776787560457	36.76487452178001	40.65132484026972	16.109929054283086	30.015176943413397	111.13622837732198	76.50052010179247	42.50818544793508	54.30948407135858	44.11073486355869	62.875190266503736	46.928569765347376	54.27570149702553	153.67844725418433	77.91339465267193	66.42301775844685	53.623682232540204	18.641554021406893	94.5740899432381	116.39034290665283
glcA	Q46839	1.0117768840988708	9.304893916376663	2.465619041679097	40.229502583566784	22.719384521548296	29.638970048736827	7.3444602722670504	1.7727725618046999	15.003755240985107	73.07025176859538	116.04586090794001	123.94731651563097	0.22564552675671207	3.6128864246944374	0.03763134319978079	1.4200815789663468	1.5994185542625858	3.314206761132784	19.1634598740542	27.287638637106085	7.170785547417596	0.9033366081248239
glcF	P52074	0.2664560545445135	2.924871626880405	0.404866430104429	31.956249399512245	6.397094058331343	4.236475726987505	3.500178537251646	0.007723925046150488	1.600297264146109	8.574589252094833	8.331991679085919	12.599661708539232	0.0035095784968131425	0.12522443796852736	0.006217460895880821	0.05275340229134509	0.07721061180590938	0.006252361975045704	0.9605284233960246	1.5277821338285087	1.832131339351348	0.3515068550982313
hyaA	P69739	0.009439906519824492	2.4071748488358455	1.4347131692306503	0.2825386086359056	0.5928131342594118	0.34947839952283116	0.6207660646746548	0.6549689726933204	0.00882717095817229	0.37710130725134355	0.5580949483729453	0.1903965508084663	0.005257797752202958	0.005192337257640056	0.7314490241291399	0.00992166789350938	0.3889562139284231	0.09122156772933826	0.22607417709758523	0.40054282570148514	0.13673647093395602	0.01658750626630566
hycE	P16431	1.0905090748375945	0.30266908159621947	3.516491480829367	0.35258206796482233	0.6900662706868806	1.2094854906459345	1.7732845884216637	0.8519693386306398	0.6584571825742527	1.2618321871821738	1.918330839211577	0.9250357253238942	0.7577472246921029	1.7493348602623506	0.9338096039978268	1.407511468679059	5.017525549127815	0.9604916871959878	1.6658099173595604	0.9911691956824152	2.555027671271557	3.5436568842123766
napA	P33937	0.696761775	8.677400684	NA	0.048336907	0.90567173	1.364300396	2.506347308	15.96344512	0.465091388	2.592627477	4.656558075	1.299798991	10.16918721	0.770123827	0.387288239	0.2260942	0.667011788	NA	NA	0.39189984	2.71071677	NA
rsxC	P77611	10.259873402483196	20.076420961717332	9.486276880792797	4.629648556125456	6.887935300446937	4.589984792564291	8.095120256126526	4.939960530315042	5.712517266344765	4.102774271317083	1.969600903672352	0.8564133280505284	3.5670690020360682	0.26590748604161796	4.678318002019655	11.640981402660982	7.437908457241805	7.352672418113397	6.966130767387432	5.850402989024227	6.150588714953689	9.368241578777923
rsxG	P77285	90.24005075807135	122.94546303752699	74.12593273633047	68.10739750496411	94.91299574737874	95.60620831770504	81.92223305496977	76.69178794613573	88.95252815981316	68.51639083045637	70.36181221971307	39.19474653734582	55.22031992213796	63.37935785353425	84.77007644545594	88.72028344477265	106.33079882597868	72.40704997432057	73.43474101621528	60.60960093544151	68.99846685758537	71.10667073768768
sdhC	P69054	860.1062684903927	4322.587715098684	2668.706125729869	2050.623362192296	1389.3402460805075	1947.8659595609763	1052.6141234836866	1980.8454301856812	2600.8518404285714	2381.0382083722257	1900.2913309395765	1668.530797717021	317.04555123944846	191.12779366070436	300.00054189316256	531.7035523674111	568.4133820537071	984.822227812972	1795.076334323592	810.495113775898	1964.371222461679	2006.2403325320406
sdhD	P0AC44	29.363627774819886	188.09535072267147	36.45128240186265	33.25363102231909	37.02165365352068	35.38446263249706	29.961111326657324	47.871734710751376	36.55238763145589	39.05567815750467	32.47322115735637	36.37217738511624	3.153172146548221	6.842085741100973	19.7474709971609	41.934165815125695	12.556278915080854	34.63066681263948	34.52283985086623	16.275479783252177	40.93436364943982	48.82374840725914
asr	P36560	0.08316464236113191	0.9383532276618782	0.11267024450868902	0.06666119770521386	0.07408912067243986	0.07565963328130261	0.07578122627926359	0.07129878877838046	0.07731328769293196	0.06900432136954375	0.06257927840867997	0.05469652618104761	0.06860768399834925	0.04597850907540109	0.0809451977200137	2.2407340949615504	378.7062249393442	0.0800095471748802	0.07757239144657344	0.06412311346957937	0.07508474871175315	0.08582281208801104
barA	P0AEC5	2.48243197964312	4.289158661289109	2.890801157276316	2.350319018972896	3.1018451339614104	3.9167976839607648	2.6979430089549856	3.390233139057227	4.7057183448957245	4.1992282921060005	4.080954648614945	4.391362266323388	0.9905733170302377	1.0951918575201283	0.6824572174402082	0.8871352163783496	1.5568354052291706	2.0953621576629486	2.002124871114735	1.1497831748675267	1.8139899538932605	2.38047480755418
bcsG	P37659	42.3483667299601	37.901495818934876	65.50134585200611	37.93824584495093	58.102170910477405	71.84148038800942	72.74631561374349	58.310895364376755	92.43955959098814	97.241836384062	67.54846881854661	60.932570227861525	7.369918625637616	5.173575872420298	27.374813570177093	25.30686089858155	46.18754355774411	51.3006987562438	52.535887239796864	24.197637101440904	52.50066957215137	68.62303556521702
bhsA	P0AB40	155.81861941905416	362.8278929411392	308.4888852453266	42.30150299285358	47.83591392543771	68.75987540424121	405.81314953114344	48.119174364902804	85.6981890402746	69.53615581116743	54.566318657383334	57.914715365185494	636.1373275413795	763.3899185657928	2430.4108742231306	3310.9024404384822	3327.3226537791443	2801.7571699997625	1730.7715728075534	1168.57772512155	1452.8244439728705	2916.1084748760723
borD	P77330	2524.5023932696768	7106.624467990261	7573.39591697438	712.7387286482912	2328.496662320183	2008.298216068824	2192.1569398676024	2111.1399408406337	1727.786464720576	1207.4408500784934	812.491393639203	771.8308101506633	529.5174275888377	92.97244383684426	482.9743275582195	426.73361538396733	247.08480166270556	428.2271624203307	235.68397640220076	251.0881208110404	410.4790097568547	644.9513542321034
cedA	P0AE60	79.91783387	234.510582	NA	42.31475517	69.3132514	115.4814444	51.1377445	52.92876208	54.57405783	66.86317358	43.00158077	29.75576753	33.95985218	52.14393362	39.35043647	70.96715374	60.88879858	NA	NA	21.6905162	63.48287905	NA
cnu	P64467	46.04109503491718	195.17392918155292	68.67525409020844	17.430413225668733	31.639931685032177	39.95681936378082	34.78742101182134	33.66062508969371	23.23618399255999	17.2756560716698	15.06007423994328	10.464138239201063	5.097436086047247	11.261754370849529	39.594836999551674	35.31683713964047	114.27400048364925	30.104003154292602	26.56536508900194	13.100162025194049	22.330060640149657	34.90677809017627
dinD	P23840	0.494745201	0.028654443	NA	1.966263928	5.206294398	3.114774305	0.067419126	0.206300489	0.41753161	2.513278639	0.057097449	1.394850306	0.435879012	0.562296738	0.131060902	1.903681454	0.000918993	NA	NA	1.06770589	2.663886355	NA
fimH	P08191	16.58626737	21.69496139	NA	1.546502063	2.327667064	14.91226294	28.53855882	0.727284768	7.955092697	34.59172966	3.916192652	19.0708706	114.0477031	48.27076324	24.75443397	7.490433356	8.431585042	NA	NA	5.775001073	15.32735465	NA
gnsA	P0AC92	1268.586416106586	2930.6385247393	2524.629777073389	505.98188553526666	775.2800426727674	1060.3742580736593	1005.4630668374571	701.5864344870861	812.3202212182314	434.9458544823034	534.9808274433393	311.0678453032247	464.23756232078097	555.1876331111329	1351.1029160901335	1428.7461646334903	1472.0834532282236	1082.4535883050223	1108.6378052795155	881.3110722183571	973.889727471799	1145.9396551421494
hdeA	P0AES9	2098.865380036001	3860.616937624958	3197.951797792685	34972.817167994916	6378.195262024738	7349.334563703594	3011.987091171252	1676.9507655912212	7992.025472803854	11213.117924204382	12259.679887962257	14879.765580653591	138310.93467036015	152389.2747746761	23001.20433993509	5785.5756246222345	136643.26295765917	7121.477310848476	3093.6839289787363	14981.70704173135	5373.314930149197	4668.184664717372
hybE	P0AAN1	110.4207456	121.123997	NA	13.14354169	27.37686619	59.6115742	37.36550672	31.69847949	49.32068266	103.8540617	7.291450458	25.04358364	38.84570017	3.272861974	31.54831695	76.10934127	27.74158698	NA	NA	21.88292979	58.84177275	NA
pspB	P0AFM9	317.77236711799054	222.65198992319094	177.9654970837732	212.20494341006668	188.36616255426142	175.0737005804767	248.28070296300325	349.98133471447517	139.36385256375272	162.4081139942548	167.75233878059532	99.31111240819364	73.69812583226455	220.75029028473006	176.1205506725487	369.76221183930954	298.17705625898935	439.30659551211335	321.1357671069958	127.6948727987456	240.5976019058758	371.99660437155654
sra	P68191	3457.983013499529	1400.426127531977	1844.03774954345	4309.578338260805	4885.829137649754	5164.860591440158	5473.873018312023	3608.105867988937	4311.51370543504	4130.534517703358	3922.8785817023086	3455.048523090017	3920.5820206698627	1615.7599480711747	11673.460851291802	5862.3839472019745	11511.067722639396	4342.88894123368	5561.358261269075	4450.872561652741	3899.6053981954683	3443.9194577338644
yajD	P0AAQ2	102.98020452787758	122.1322019067312	46.018068768111256	78.67483034438368	158.60802598646566	176.00403497937637	187.3713368113236	151.16260554223237	137.08093783607222	132.34415957900993	91.61832661904704	60.92423672181153	271.8948202768193	55.50556447710113	57.895331312901625	44.55957264426311	29.598982605103803	118.7711152147754	147.66373811525702	104.34722844517661	128.0981375405673	131.4623425559809
ybcH	P37325	5.00298409	4.671146413	NA	4.987335176	4.430698339	5.99743852	3.247319066	2.19172391	9.995167065	10.28572467	12.8441908	10.47583659	33.67594712	17.69440419	8.748258652	10.5497285	5.376016372	NA	NA	3.910571401	3.025390037	NA
ybgS	P0AAV6	338.0296627488466	646.4031213453519	445.4124725440154	301.1683447653572	288.619230318139	338.35541728391746	237.7848528534372	190.11544895011102	180.76473323836885	233.26377773162278	297.513999453569	324.170885016632	894.1132204529573	1335.0779924336618	916.3046016065609	374.39761350534155	1154.645571918773	413.09534353512913	311.3343366014116	417.15340406948616	274.13898203216365	180.13999609400153
yciX	P58094	104.5220528	78.24893724	NA	72.27205243	162.4358966	119.6930309	70.66914899	27.04349807	131.9152178	237.7893531	79.02893854	36.73923336	37.21264989	11.02657297	52.7792585	77.3891716	110.9950774	NA	NA	59.97551824	24.93551543	NA
yciZ	A5A614	13.82160942	11.4740458	NA	9.101475685	8.097664684	18.35822989	8.229353351	24.90490822	6.422918063	67.51180282	24.28223249	2.988515577	0.160590498	6.904460709	5.027486759	3.059309236	1.812728601	NA	NA	3.352102266	8.391332297	NA
ydfZ	P64463	17.75945508897018	12.929474232008369	7.981953677661374	15.474198104720346	13.834919687331388	16.33418704892559	11.678334066640025	15.582056327389386	13.524142450755905	21.692918416608954	22.615751564412015	20.98773177263849	9.657426956940819	7.376888271477076	28.088336692744377	33.29045256737372	52.23370570120328	19.796497663595115	19.224510248614738	32.41166427950898	16.18920797018432	5.710755236120924
ydiH	P64476	569.2356351897582	271.11393786824334	176.35550897558548	539.475638917401	305.18855571404765	364.63619556739053	200.16015569380124	249.74696821043682	214.46923135610078	189.39228076356272	204.45199538888372	165.09882986238028	278.6534172529958	255.23346550644655	2314.4236659614576	68.59570257942833	1886.7688241646065	800.145263565163	337.6100942737505	215.53732093952664	230.682643831152	251.59247768452494
ydiZ	P64479	124.55403200800143	14.674709706441439	36.32870522560459	237.1205392034158	178.93602760630716	88.2406325835282	91.75213459253685	92.6864123765694	209.34920608006732	241.474087926159	427.65246489556495	532.1915418531622	1.8988250432176974	13.964653727939242	51.33686389241665	45.748607084385085	46.43936585985573	31.23328903132297	50.38584124284224	49.63543615174596	23.46320336305976	28.029214493752836
yecH	P46887	3.289046052	3.239657251	NA	0.619958028	4.916996196	3.374687953	3.711995937	7.76325617	0.837803004	15.6688686	9.071747108	0	12.64351397	6.942788408	12.73519469	17.75835228	16.03302644	NA	NA	1.760782262	3.138921649	NA
yfaZ	P76471	3.466184597	1.920066183	NA	1.046302906	74.71119384	3.743702725	3.043277153	0.032727202	7.773515694	46.58193091	7.115490652	1.210878415	0.857971699	0.593209656	4.924885217	4.423790282	2.926714256	NA	NA	0.08543267	4.385510858	NA
ygdI	P65292	1446.2512186155068	585.9582523518476	1010.5440001629505	1243.1230373379478	2205.4921551930397	2086.142208116448	1753.004858706282	1808.6652166716754	1132.8724006984978	1770.3277502012743	2586.0206448132385	3963.1177531129897	3582.584216536725	2382.4876425313564	2602.3767670643438	871.5330744774401	1859.488406849859	648.1504882438884	1611.65456536657	1977.750427121236	1295.2776300171038	947.6557814684827
yhcN	P64614	35.02806797	83.61946052	NA	18.21387177	21.24853765	7.744878286	63.91572664	15.26025092	43.54818568	27.69377485	27.28363422	22.59033379	813.0990075	122.7740391	39.67530359	59.36720637	65.43901383	NA	NA	13.96795451	20.25658896	NA
yhfG	P0ADX5	24.60105221250119	29.523962337704788	22.484469304426653	6.701901644100079	13.861333221893947	27.978936443317153	16.40221464619915	8.43293277874216	11.210138253426946	18.726693011686642	29.587372467621044	36.001160964936616	465.26144443678925	301.07424614293006	58.307572568593564	19.533219368419083	79.2452316470091	20.003850719581763	31.016407695716257	104.83232476974975	22.88616342189263	16.840128675618402
yhhM	P37615	60.31082027723052	76.10889371015372	44.558666044148666	39.71455135893709	50.52860267432148	68.26880704767804	49.085520536737114	46.79483520856531	49.64961502636363	47.72312264641366	58.74764705751865	64.7622143136776	29.753753142761738	36.929115260518515	58.62921633229057	98.13226127572221	96.79064155916639	33.100211605166095	43.78237667606177	45.76045481162375	32.29511904371798	37.87043654254008
yibT	Q2M7R5	642.2902516411133	558.5779826835137	534.3726297696924	239.96898352356382	391.02203353687224	537.1887886672026	445.75729913323556	420.93467584269854	276.9102439524663	207.84142263403083	257.38268699743605	295.2744268163711	984.6354422560671	764.7540164564491	499.1975973827905	711.1331445689034	491.77725457612655	219.06935989510043	335.9528404324919	277.6989267424948	221.51739724130672	247.53008355417526
yjjA	P18390	210.99418013629767	400.1381225267667	255.2378583987057	113.97473633151725	195.80229562407652	189.7979977820769	224.3006977354481	205.02553237642374	143.33832880405762	132.3919702713878	114.32565776741062	111.42358076134906	78.5271773465737	29.246272715645155	271.0570080795775	247.45370550347337	292.48167195266535	223.91625422632043	177.5768523125081	178.0619706936914	180.56405574520258	205.74311849759167
ynbE	P64448	83.18093290702255	103.91418606497062	119.11532934796159	45.65265316156818	73.7845626572841	98.99953206414935	87.44299419600644	78.29513480693298	70.79764860822318	63.31299353389322	50.11166026931426	52.42141659706476	60.9943370773738	46.58502144996219	130.97075227218613	73.29986836491712	133.35493918183138	98.5136371040922	75.81320685504355	67.61376895205798	82.96375415044655	145.02241320344785
ynjH	P76227	139.2318258	353.7579439	NA	91.38802422	82.47606716	120.0181962	114.8197738	122.6541611	234.8321317	247.2205747	151.6433595	190.4615835	994.0564715	715.1536955	198.3073503	144.2762626	137.9088436	NA	NA	86.2444037	107.0407051	NA
ypfM	A5A621	1.850423924	1.443198732	NA	1.444224057	5.217544937	2.052423575	9.11387755	4.892633583	0.07501453	14.70516546	0.095595155	0.414213564	0.219988164	0.168262742	0.002878552	0.079263887	0	NA	NA	0.080287743	0.004138533	NA
yrdB	P45795	301.8847681	280.7382129	NA	122.7413909	151.4362048	204.164334	138.8440535	124.2851631	146.4363178	125.9463899	97.52982269	78.66952216	111.4711002	99.50726283	205.5310314	261.0876404	195.5127743	NA	NA	83.8519965	157.448887	NA
yciG	P21361	63.75702204848289	68.72401645714369	105.87506346591678	33.04356730060779	35.037377868153214	65.80411536730239	70.95597467888886	45.29253224730682	46.692069595508286	70.01368427807189	66.08425147023304	59.540405575905105	1371.9703902941255	117.94807632063161	394.78685650497675	350.29633262591614	2863.619292978838	85.23620402404961	74.49469236714054	62.35998617780156	22.98789357004034	58.47994297680678
addB	P23477	12.694666430803561	21.5948093351194	17.605385678831322	12.39509030008633	14.448827437234371	14.150192449333233	11.31895094966134	11.253801112283323	11.190296443387009	14.73460029112156	15.216109165583731	13.234936283846816	13.439505045170774	14.088500912696471	21.86836840061125	22.280259706213826	25.263327149865276	15.453378887573729	17.489116975992985	19.658993342110104	11.565748582860875	12.128235791724267
yeiU	P76445	17.073573237637543	55.49401415457767	37.765115093808994	1.2596456028973089	7.452488018208271	2.021507344625403	3.691779946398836	4.009430601713458	13.426541036281764	9.083230001993066	7.191514783099911	2.339589079551503	2.08082062943698	1.8324903269794532	7.932355871286415	21.435175309145315	6.876081486181661	17.348650799106778	7.212492075374304	4.145212074704415	7.469143302408641	24.314854497460107
glsA	P0A6W0	4.585269359	8.967926672	NA	0.667020251	4.013664658	1.012651332	0.33535854	0	1.264912516	0.396718143	0	0.011933287	16.89689373	0.309714988	0	3.775172098	0.021702633	NA	NA	0	0.287518704	NA
hemK	P0ACC1	1.8178219	40.23292855	NA	0.314705585	2.325647156	5.953536606	5.432399382	8.839006756	2.418241317	1.370830556	16.26006047	0.211775591	1.318417431	0.486752222	1.1829073	13.68899498	2.579710486	NA	NA	1.042921844	4.769392509	NA
ilvG	P00892	52.24321244842615	43.79056790458094	22.2490201152362	13.104484818098367	28.803966566629278	31.156209387363543	35.16516563333779	72.33986415788358	22.86108696839262	6.366146579481787	3.1969948410521485	2.4935200180462136	0.9357579080206029	0.45020771106582547	15.087776134576783	61.45256370760629	2.1090246628667813	59.60271544968122	20.35020227255283	10.008026887675019	28.051845338005354	37.10338470708508
NA	B8LFD5	18.594004996930988	20.16681559516038	14.363376978749734	14.006762938783526	18.258795415090788	13.312342626280692	18.117802584039456	19.781180794642133	16.864902428689465	17.387258608346954	13.139858646623608	14.623196311576715	4.523306204830875	3.9658811434377848	14.640776887969624	11.00205387837026	8.548339667185417	26.57144802086583	29.149056537674532	17.393353237987874	25.404019060337212	22.85078931487803
tusD	P45532	24.63018379	13.76482793	NA	17.83638545	56.05918387	19.5139435	20.43842976	51.11413742	19.99004436	9.166338514	36.46329263	2.891918392	2.895144073	18.02453345	41.08102724	1.999916513	59.29880606	NA	NA	17.7239176	23.17983638	NA
tusE	P0AB18	481.6224391	797.0065253	NA	345.864966	446.1544403	569.2574791	387.070492	331.5088084	448.3468312	404.6511468	366.9532986	269.5982057	208.3162435	215.4390909	390.8351381	410.337451	407.426587	NA	NA	242.3641356	410.1743264	NA
wecF	P56258	4.936908377010478	13.865475064309837	10.118918025897239	3.131837130968103	4.475386217202493	6.013776077829144	6.865667890243086	4.836449543617896	5.341020145191515	3.338912061014192	3.4998155643761066	3.8126159466465532	0.4436633058205659	2.558967356051879	5.346183511198543	14.02533361970338	6.530279231244418	9.83309123367632	5.934622778137525	4.511340750482331	5.74444740794204	9.669805600780322
wecG	P27836	29.52379812	58.45340879	NA	13.30956306	14.23700214	21.74220482	18.57293661	7.559107688	17.28292403	5.44917207	7.009073139	4.886826897	3.210881076	1.007936403	25.1701334	27.0812998	30.92097165	NA	NA	8.194579405	16.13817895	NA
yfhA	P0AFU4	9.331612361	36.38082487	NA	3.012128644	10.91886586	13.1245953	7.554821056	3.370754942	39.15190333	27.18375479	21.25077053	36.32002588	0.556960028	1.542495053	7.058545013	10.25116288	14.47922254	NA	NA	5.410296984	9.537099188	NA
zntB	P64423	8.874725951045356	30.099011484163725	14.903259130040368	11.634343301330622	12.03802461226755	17.498675961786628	17.026622265891405	6.489821088742002	20.938669376393598	17.81768681105021	17.962774704886773	15.145667803500302	26.30857185134287	22.819802705415043	20.13805031183902	28.79640213481293	32.16650268363648	20.115337093957514	12.022812735400281	12.664292907665121	10.006951672126203	19.250652992463568
acrD	P24177	0.9041957562595403	0.19219348641584091	0.00949738406807607	1.3865212239329072	1.0038603920714535	0.31484266232449126	1.944577296359955	2.91397649327732	0.18889745921513815	0.22698257564304608	0.2970432309809962	0.2842383936504365	0.0018848547908947297	0.0018984388655785454	0.0033018321876766045	0.9724780714312136	0.003474337050949789	1.3763509643408727	0.0031797035847996482	0.31255384603567904	0.47069325870613654	1.3436097902759288
ampE	P0AE14	4.113466310514513	10.270531828245362	4.488458853481963	5.820192741972449	4.91995896851751	2.423552412372808	3.56581235050912	6.928801217695162	4.773511979791134	4.592614336903353	9.336622265223838	15.373492241003467	0.00450781658968073	0.17309793684942332	0.18340394935863116	1.1595673566677018	0.3290637378249578	0.190049361600945	0.5070670300085189	0.09730088057435668	0.5222263016339285	0.3955579648724987
mdtB	P76398	0.004403296676388577	0.0067329686318712495	0.2478205189403397	0.4716102245146545	1.1083495938692574	1.1788475768847768	1.1025225316825413	0.615151787536322	1.1220978214568116	0.980791471262272	0.8216113657233216	0.9894704225608296	0.19715813766325788	0.038928910635903986	0.004298969168797882	0.004624973506470466	0.004491211074583633	0.07604389307024242	3.563886106734429	0.003361118300634	0.8136105111434007	5.251263283510955
mdtF	P37637	0.16767008111806164	0.5254775802497978	0.21569740218619862	0.2545372082580634	0.35153565813106014	0.2686896519169846	0.1035794987034829	0.600670499225055	0.3965575406350445	0.8283466763619537	1.4218709043212445	2.665212813000547	4.181400298867299	5.202787689671074	0.36089736370785197	1.1610985933843934	20.793590078208258	0.14801747991400274	0.2873875990598426	1.3396753940151607	0.45438500637773244	0.0844684299257651
zraP	P0AAA9	2.0777021408185523	0.5287413639722941	1.725659167548941	0.019665355497481673	0.021797156074324378	0.022695977127894378	0.02317172350111034	0.14452702786276414	0.023092125312116206	0.020539346196783347	0.01761598329134324	0.015887257351710034	0.013727247886137255	0.33199179773517495	0.023919783657249536	0.025535320671368066	0.025419012565153186	0.8980973427067772	0.02267246419384456	0.019212125878769012	0.028301268155166676	0.3165449251472625
chpB	P33647	72.1058480429228	45.56370276791077	45.87343893159163	103.61752411582847	83.16720025979458	102.94063750260234	83.54800484498327	132.5473021919296	70.17716732740894	72.92005614682702	67.76037039625177	69.04050434768924	57.983804293107696	52.33348881635294	87.14486317362785	77.38954022718777	73.6761179592165	83.81093828591439	166.73925526601414	174.3239100916216	173.6820307778231	165.33709304882558
rseA	P0AFX7	43.786116184390785	60.109801849184144	41.73079705949142	29.64569972622044	64.42720564911016	47.47173309842136	65.83782024078036	72.85784723488702	37.5593766789184	43.539034216704955	34.26737196395766	37.97763759299177	8.009983199316892	9.510092839298501	14.185659237057765	36.37439284079789	89.3712418153936	50.38825726029319	52.09048553262178	40.91616733314106	51.06431436533618	36.92611948312763
rstB	P18392	5.784057009583933	3.974529257166566	8.354950639371275	2.9420631232363674	4.884536668974452	7.183655169710113	7.5303342888168325	6.955583132851014	3.5980509801003815	5.302031623066874	4.7376324683336675	4.967449806234463	0.7546634883879575	0.3070376385963002	1.6195927987916348	5.016484437831495	2.3244819214927817	5.580721809699584	3.5227567323133733	3.1710836602098857	8.192646731163775	9.13632820730039
sixA	P76502	61.415238234952255	48.70621887997288	53.5070424172227	22.92338524417981	31.45039339347485	54.93635794426744	36.92716021420546	38.95226339343057	29.29675063220336	23.250170190063333	17.02748369050175	11.097869817858482	32.815686690579966	21.93804840171744	33.26732350235696	48.62865030667817	65.91471632487689	39.116200950368345	32.88380235917526	22.92230618470756	38.47709161911941	35.1228698386836
ybiI	P41039	3.1160909413901723	4.243006397330309	35.547099444095025	3.247514073311164	9.450016922933013	9.429153742456947	4.204103726330517	1.1705450197476774	3.0659690661625407	0.02352904415859856	3.192564581493092	0.019058360074021667	0.0163158994590455	4.296732872777683	73.42371569985164	14.445413805542422	13.453021873042054	8.936920343878144	0.02707820014869722	1.3003282823528308	1.9328016894212303	0.030178487426585396
yehU	P0AD14	0.007239763899997816	0.5892647185732313	1.5650989093415133	1.8596344227497954	1.1718759210634562	0.0067050647219709675	1.3362375231171781	4.524822110275311	5.357226031472361	3.738342396155091	3.9713597013763957	4.191676693750916	0.003987107036640036	0.004024208463668352	0.006999546378612874	0.14848213619998069	0.20637323821761375	0.655220036721335	0.19547351188363796	0.12855789300134499	0.5632272154723793	0.007557031242902327
chpS	P08365	8.514952709	0.722879936	NA	1.435937601	54.47846907	1.77333411	1.522364892	0.891637465	0.590538279	0.415587315	1.008447125	0.195289954	1.340311958	2.370693711	12.38572874	19.92014816	7.383074037	NA	NA	0.271106532	0.6863642	NA
rcsC	P14376	1.475850991045362	2.7153152724443506	0.9456586733345481	0.41192329206739337	0.4657313341392471	1.707815409711806	1.462197188368262	2.238582033688685	2.0910248040715977	1.2324049077254227	1.815535643068963	1.010704985501173	0.4906196519977929	0.2770357877525308	0.4789705833989066	0.030970958017286297	0.0028645647411686083	0.0027840079456870693	0.002556190170842746	0.03471010120771655	0.0024812330427629765	0.014381534975872039
rtn	P76446	0.7492628600173051	0.3571292565310318	0.7589666568690827	0.4341031973510414	3.098169262482868	4.466440062415696	0.26424404512233585	4.6307913816087405	5.840893621189678	5.802096072477658	5.848591483781138	6.580151717003519	0.2941543990658433	0.011028550718234793	0.08817813130969311	0.00581653227715315	0.30060035640424343	0.42863768868060537	0.5432319102072237	0.40997251529623757	0.34501727691917444	0.25722518329811933
creB	P08368	7.555681804304402	9.752904664723436	8.330400002830526	7.233144955412102	7.008388280959886	4.74757901157836	5.756237850899411	5.480994101389198	5.957436990192313	5.291834671146856	5.762953140452134	5.232290140402913	0.467820825697494	0.21099093012854997	0.010546748991735572	1.1319824981532243	0.6424302890565604	0.28546690600352076	0.18539383556397324	0.043084273977727204	1.7600164470572457	2.577109755182037
phoB	P0AFJ5	7.373914214803071	9.119106771217353	18.79963366108939	10.457557823809275	16.259165036050355	13.717963182523604	15.907257062175024	13.700670231833863	11.822387175145655	6.046386416407985	8.939727805637663	12.864343312908813	3.2514140652889214	12.127095587609684	18.478080970703225	2.4820826635237654	24.76303973121219	16.755670361468894	7.4577448082468045	15.07614264872664	15.823669911520554	7.451341684196369
ydaM	P77302	3.40802913990269	17.071136310945853	6.622511798822042	12.15133999500196	14.305383422895842	17.266308696340527	13.607598934254176	3.053855071138228	26.37405773554575	22.433552473179176	10.75826240817467	5.83546581422385	11.088548788803118	7.509040245220513	16.156586294649856	3.3447981148327015	12.797438111503586	10.314170050278786	14.078546360707186	11.134097760654184	22.6098572227837	11.238601232442193
ydeH	P31129	0.9900509102028074	0.6110974950338445	1.6811516995581157	0.9939576587449767	0.4148194439374755	0.3867481521365174	0.597996366597955	0.5688336379682141	0.6285692445227865	0.743313540782506	0.2903489382315844	0.025176949907038785	1.9236123309152848	0.6957536879424457	2.524252431191638	2.369651117249898	6.067413697335093	1.061444152410357	1.0286857808770258	2.868825383315182	2.5239803735525843	3.8356953351438916
yeaJ	P76237	0.9826500001238189	1.5748166722921002	1.5086561506598228	2.935445912755014	1.5043263538806653	2.8814642545552114	0.8377069676794734	1.3574703240725658	1.6595006891836264	2.9334662471365167	2.569558154983762	3.885635504964715	4.040531705055795	2.9890275057085733	0.5719710672113459	1.4533946732059622	2.876204795767728	0.7274053907504622	1.157426494908118	2.6336466833662424	0.2717183287415305	0.0056637476595184245
yeaP	P76245	2.557741158	5.733738108	NA	0.298567855	0.132750045	1.753799167	1.960792273	0.159958677	1.06499107	0.175372336	0.305741742	0.14745264	0.243857862	0.028078593	8.679543394	1.688302697	0.177881248	NA	NA	0.20520003	1.600338635	NA
yfeA	P23842	1.0561481527817285	2.914933557241598	1.3427751703374518	1.1270301951116195	0.7190380241998442	1.8334399520220512	0.5544721901200516	0.8011614300957719	3.6257089620016854	3.9860442492681805	3.2705865367708324	2.879385163347757	0.2749194325864201	0.8315416889816749	0.4571682969594289	2.782485560723151	1.0069156622743456	0.5653879235397644	0.1285319354569231	0.09447535123309293	0.1791252139348621	0.3653758115230046
yijO	P32677	1.749344287	14.33554104	NA	1.731687761	0.60415916	2.476944547	3.064812653	1.757736332	2.68243588	2.409570097	10.15906339	1.849309737	0.149068586	0.201224595	11.82373756	8.035541058	6.923414799	NA	NA	1.916054384	3.663895538	NA
csgD	P52106	0.212445472	0.093073591	NA	0.014575331	0.367569966	0.182609506	0.033888277	0.40751866	0.072088945	0.38815187	2.807797766	0.001467162	0.062683358	0.032850606	0	0.011554644	0	NA	NA	0.70135399	0.105279027	NA
rbn	P0A8V0	7.265853043580042	10.315723725650527	11.978198358447706	3.613271273728702	5.772128698502865	4.180801303648719	6.801939253612039	8.678134613217873	3.7294336307432934	3.385285920413259	2.4168525830187146	2.080822553993274	2.3270203642215983	9.816024802641442	6.444286083800869	8.291530738172456	10.832156108123831	5.722875920998725	5.533555053070283	3.5151521436916897	5.594963769694049	9.769476642429357
yacG	P0A8H8	94.59264808324275	254.6508346409536	161.94872920449313	51.86543701465895	94.56439688476111	105.32627421683353	83.66536806829693	86.56899857026295	53.67673482976489	46.63547722501365	22.413395053864644	21.997263270616884	5.086163941559323	1.4748547818018696	59.598727747778945	15.56702330713229	59.24519415843646	37.06276290434058	22.96347905403195	8.554952018691639	21.40327889085281	3.2652168912678063
yaeQ	P0AA97	1.933465098498907	6.805278553318895	3.2564304152180887	1.2399037674407654	1.6024532305206798	0.7745895588076769	1.8608639940256704	1.9036261797309242	0.6955768134102082	0.6213978968704243	0.9971786956438985	0.25389819315537226	0.1633476937263206	0.006803034592330247	2.5122781444518294	1.0523253648148019	1.0762045819063288	1.061579049297174	1.7791669343193917	0.7251683896289013	0.48928659101909694	1.660963112176104
yaiI	P0A8D3	48.935973367976146	53.943791075823334	55.87481161379331	23.89262920983136	23.95402801022022	30.87114111054079	34.17576627345713	27.37735902678836	28.446379797033114	19.18581361713136	11.631273113941898	8.00260093037498	15.103470985117278	12.451989187838173	55.374468165486256	27.291219467067943	46.34054035806321	32.88068724306325	16.966047057529455	8.301752485473969	15.260722594736611	24.053283200303326
yaiL	P51024	87.82523612014681	158.334408436161	156.52262667252162	55.03171430044965	68.5097927564409	91.51661177818531	52.47826740050366	42.182594604771225	56.02033830669435	33.86027954235365	28.777866202134494	24.664929700539645	77.29065002776196	17.361383346080796	41.975694968956255	73.11123807010789	119.0312669165327	43.622188898662536	56.097866053955386	39.30557406097799	72.72557904014052	82.7521797906242
ybdD	P0AAS9	0.796678168988801	7.405234994107791	2.440218273631195	2.4403911066616573	1.032600218251723	0.3201315602904008	10.033404574000688	0.8263989043089062	0.03560803791954251	2.7212048827773994	0.569174853692496	0.02486520086603497	0.1561139648341038	0.14462104159285089	0.7554831485513043	0.04015531053725572	0.15127640782094032	0.6258968842022361	0.03997049865360603	1.8455741772382879	0.10653083215295377	0.08799673076873855
ybgA	P24252	0.014701960342975976	0.022676248656137474	0.01976805130916572	0.011786959032889779	0.012954276957135169	0.013515936646655145	0.013439509780142812	0.012815512885869263	0.013771800702494468	0.012248649972161327	0.01049440181741086	0.009525508200957272	0.008199243992031332	4.781560270142961	3.135332867044971	0.01550525288515738	4.906390380756591	0.9553355644713578	0.013644736572024325	0.011238600370392446	0.013231152845108729	0.01524829670540439
ybhK	P75767	3.98249780126778	7.294831453923142	3.6570449573445427	1.6592797808183954	3.2351918325936504	3.781425402473834	3.827374618628059	5.393870331999091	3.6540142488492897	2.7517025276942224	2.03602058303065	1.3848476322109136	0.19639135944271632	0.6818806927206648	2.9564664459464387	5.108423811706349	4.495127810001332	3.4419466802426912	2.2364463873836007	4.001523834387607	0.3430101787414578	0.008805813953196176
ybjQ	P0A8C1	86.8831808047478	127.73002222442989	51.88411491798618	87.29660358945328	109.03672719888434	78.67164587980399	110.3514704718991	84.65377366612894	115.09063796812293	121.23104782114822	141.48315934972425	120.09726005945016	36.10789988666861	37.041356966842855	73.03755056807893	100.37567828310786	79.28027032455626	97.49436604548684	132.44937339234465	122.45992637294682	85.76784223492706	78.01259546247047
ycaP	P75839	4.351106750132497	1.730244071228843	1.1655547360072163	8.345779453304882	16.22287594145328	14.002678335868751	12.659973147036258	10.52587100569065	18.816879706122677	25.89009802088057	30.30751314534294	35.014753888056504	7.906929273232171	2.6829974926498714	4.5709639054014435	7.705395438341745	11.789674545333032	10.325673572881014	15.62551762657057	29.34312139031343	15.650963830521592	13.532296589465112
ychJ	P37052	7.17381546177934	5.540870119781885	3.1602443217974434	1.9118712232539334	3.1710569073693975	4.985926407488771	5.138071198494743	3.668579960250916	3.0591555762948457	2.4017992917151108	1.3179279891058242	1.0396313308673701	1.8617425330691613	0.7243943802257125	17.93767556630643	8.670547747863154	11.543050682243004	6.7141582611133	3.9942133045178116	3.34380424029359	5.007012572190881	7.287643349807394
yciS	P0ACV4	58.389354598990444	39.22485217370484	148.3117043098729	135.01437820025163	145.98307923968278	156.22112831159663	166.32848715362317	168.97640850551377	187.56372412053958	211.12021115122968	192.3103000344026	183.18272524081038	118.31764101371677	100.31698339103536	147.56721560185068	248.657654154012	220.2439793554332	182.3242293675989	172.31914601328302	176.0864123607285	163.30083691441902	192.3878539717648
ycjF	P0A8R7	19.22907331145411	34.36852755678396	29.260891734567146	21.207058398183314	30.381918379287367	29.64374177785968	29.91597089172253	23.207787937045815	40.359800715491495	39.84996506253055	38.61788574090729	39.039645456320535	2.5838764973396664	25.998827838361624	21.269508800714867	77.0032284896258	28.989377847920448	31.850889386117046	35.20970425373491	30.340419790684418	30.238071676681177	29.386099747626243
ydbL	P76076	8.65952036804353	16.353958290143208	13.981746583538392	4.313774800570886	8.354894360574978	7.087028750540984	7.446548672800594	8.974749247676607	8.96629528432415	6.565877000482556	4.921611764552939	3.8232713329092056	1.7173202761610054	1.0785466224768934	19.500160483167956	13.353132492374979	9.99558764997767	11.018366185039872	9.602863573229493	6.982228630271696	10.01954227246361	7.929525010316021
yeaC	P76231	78.64664356078214	227.3498194291481	136.7652707936836	36.44808641487826	64.53385659672865	55.610780269555676	70.50965749468928	50.081321781463	64.92551189243126	48.468104106554634	27.79049025553599	19.93462688478791	20.168056197332962	23.801525174067844	87.20894143002906	123.08613740292563	51.93274589166111	70.8072495010691	43.97775838945171	32.47466209204463	44.37857969304375	81.46711682498969
yecE	P37348	0.39374496594531433	0.8407988556023424	0.6889984778793349	0.3836917451276096	0.39761769658855445	0.5502046740817579	0.6630146072715164	0.6388235737722445	0.2515456718557317	0.2414714198246453	0.34161973750438884	0.5260777229252153	1.267753022217952	0.2239333341715116	1.7492260920660916	2.7436958139779777	1.0510779910507149	0.34334333180428483	0.4144000047495868	1.127921346825955	0.2720743272943931	0.5705939477494589
yedK	P76318	1.7485944857812177	4.470065223777208	1.8175204434757015	0.9130972486591126	1.422643857032636	0.6177347296498323	0.8304402119524867	1.4732019100020692	2.013139635942606	1.2001356317405611	1.997396952770721	1.1195306814288553	19.11315202514301	7.8389672141343505	2.720385161315386	3.18700597512729	3.1335728014119617	2.0497117905480184	1.524995462036327	2.2219208680725435	2.1196393648028296	0.781718657999762
yejL	P0AD24	298.7760128414337	500.73578160997954	328.6065198535116	150.89584395016064	210.73547414495056	218.90140656216602	227.1835201230048	226.51497674112093	190.73797710894826	152.61152974738934	153.0768662490788	125.02609116007379	215.01391533434318	216.99825913720042	503.38274798838444	380.4783659573104	413.7015754093259	266.77516668596076	256.47017579765424	177.59120362160928	216.57721790329765	262.5260589058308
yfiH	P33644	22.367159111346105	29.87468761427796	28.61116123954392	9.012358272379782	11.846306964518003	10.375271848846271	10.085271931744199	9.250915235987902	7.604247503067762	9.477894136382382	9.033357590809656	8.314234382794874	0.32047867439217326	8.891181132172534	18.60637607524127	16.8846263032869	10.513938447907437	13.110868692074273	11.557330558383043	16.2001388335696	9.266293981786285	11.649947750698086
yggU	P52060	45.71061244092472	56.41066485707909	52.27145463342948	22.75053033313778	30.417000729399287	33.34924497282863	22.46526984740271	37.8187401499039	25.34277569326136	17.52131682267176	14.627432684411726	9.885175286410039	24.13352514030617	14.086937665197473	53.44797906114334	98.81870118830349	39.424723486921295	70.81383986868761	36.26908010284219	41.904218111506445	41.84387109431605	65.85681984334147
yheU	P67624	0.056081939347761185	0.08544426222981358	0.0760120536889618	0.04516560992587878	0.049866936916154694	0.05118052369803674	0.051727419205803565	0.04862269819253798	0.052218852693554	0.046478920293547395	0.040510904964232194	0.03682194525189176	0.03128663931887484	0.031235390782534872	0.05396578715476085	0.05947486642994369	0.05749670413802555	0.054892511122993884	0.05141612768586439	0.042649935206289596	0.05049684258595792	0.058338097154957386
yigA	P23305	9.92117533663506	12.049489516472576	1.0054221164667054	4.707639157417633	9.342205915155308	8.532047652933734	10.269174765519384	8.919881930232213	9.43046285056713	6.727688169143195	4.5361565686874785	3.0617786839003016	0.0056531546765167815	0.029809197252053065	6.512004091708104	1.613488350366608	6.828882791414325	14.556744554247505	8.25778285055629	7.044911117722156	14.462715888662895	12.691736852824551
ecnB	P0ADB7	35719.294487407926	7923.171179041481	22095.71849695014	41705.33595411954	50750.45684659551	69720.80999841013	40794.408916843764	21274.004430561767	42999.751569530286	54110.330258299095	50177.17977639902	53332.251964514115	157510.69085514854	151161.87140804523	98751.31196298037	40999.732465575515	68376.81870950157	34144.096636331546	42289.860108344954	59708.99166542459	37716.53043804224	26707.119820385993
hicB	P67697	189.42524608268627	6.802231481398826	5.655991588102825	61.518371567022456	86.40929660739279	96.70048556892004	118.07377380436854	111.2742692463386	71.69592876539241	65.31031839528806	109.76584591351298	132.8695810632847	77.55121225948444	59.70860012960975	127.77661406482989	177.3533310988167	99.8339956166679	74.45865790711696	104.02253846049229	80.95790979751041	85.81522658054303	124.46091310401907
hspQ	P0AB20	14.97080552	5.363460879	NA	9.802800865	0.33438454	118.5205094	0.042460654	13.94096376	3.461624386	0.306241131	0	1.826218245	61.93574375	23.52857847	0.027730607	30.1531268	2.133560101	NA	NA	6.28360963	2.948072345	NA
lptC	P0ADV9	58.014593260191695	89.1903808853493	64.67468086115511	57.07736783264126	83.35671886289077	61.171045226395194	57.614822402052724	54.40789937568759	61.347970245286945	60.17597670762084	58.56571457698361	79.33139309783311	42.359520046948454	30.163593139913274	68.01073455793941	43.725378425587444	43.997328715437284	62.920487801533504	77.64864386045343	81.95426078849577	75.94135276955372	78.51084463602658
matP	P0A8N0	51.52451508788218	42.662622066975715	25.14424921383664	34.260951681461684	48.95816132051198	29.66574957926271	68.99689782234225	58.28135511190953	37.030194319054765	37.19264936371423	25.414538341820432	16.58772842335453	20.713097832027074	21.041897943595767	25.10107653230498	43.494992616873596	19.820974441460628	29.297764057335055	43.41740351205467	23.352329246569475	33.45875662503291	50.82072000797204
mnmC	P77182	6.608663559375136	11.924277637302174	7.403154798784296	3.7695685004032855	4.732504231108113	5.431413816384997	2.990368725638929	2.7417214084059416	4.44177273437329	1.2294817118883745	0.716523650459131	0.4489126488106814	1.2166417521608077	3.1722653883683116	3.365448438391905	2.323374998714544	4.465287155172098	3.498923584043983	1.0854191169326841	2.1263374372021957	5.253203500293601	1.7785740198693765
paaC	P76079	0.6208620274959279	2.277320521724444	0.7670894352789793	0.5094695768091964	0.5454520769691622	0.6469154343732026	0.6627142546597726	1.8731964143811852	1.4887740826576186	0.19199422660156598	1.504780157005391	3.691185496916711	1.2855466570035434	0.45450316550322134	1.380105895430198	0.012638908676135981	1.331456621024878	0.011627704706777143	0.21278943769006975	0.009408285568087784	0.8930056807971286	0.012359755999621648
plsY	P60782	0.23825186978486476	0.04207609087430938	0.03571970669911934	0.8729114847045701	2.0721751191771247	1.4120871547298883	6.5070024669073465	6.8988093361807845	10.783645709468844	10.929169277490528	16.583895300723615	21.036976323290354	4.400414139158024	5.167226218755474	1.501586399036609	3.6451702831547004	5.457623264805304	1.5328931269117863	4.831292534788272	2.1171624008930374	3.8321070637469314	6.392013562152443
rmuC	P0AG71	0.5316093718637693	7.406692883098156	3.5887732664413936	1.3048551619428588	3.0140728779413446	2.873787935837283	2.3641349516523005	2.821383567986005	2.823405978502822	3.4477801105402834	2.9902784379100726	4.295700327536725	0.5081433628272807	0.23000854112275998	0.3279654136832757	0.7706850604216015	0.3532996633238306	0.6120480627592728	1.9285294746615445	1.8661602500947334	1.124289342462784	0.8054266377401358
ybdZ	P18393	106.15142156647613	32.69112137750838	66.8391598982998	39.202607460910784	29.293008838209033	69.17998830970949	37.39390379760184	60.14308929421799	48.97262230785171	24.010005336736338	22.048946497029316	20.99484298806494	58.768944809331906	211.66395611809622	1153.6377575366043	35.06502464248817	102.39472551236531	473.5158510111948	18.425170734286887	13.169586959828427	65.85300138642101	34.127046772755065
ycfJ	P0AB35	51.77075729	6.858326073	NA	0.964237088	0.768183894	10.78650503	6.735609186	14.30545974	1.508132717	5.510401059	1.586709189	1.448115512	8.951950664	5.065685997	22.42218341	26.4425622	20.60536788	NA	NA	2.654689272	2.836059092	NA
ykgG	P77433	2.4707119525869587	68.26195552946025	0.8552795806106385	1.9201569582058193	1.8378291323158316	1.3076492282203296	1.2775510101666652	9.394027834864511	0.16435197600344337	3.1073082408354202	1.4200249831902525	0.07991985175353535	0.04922732630567321	0.005120559673675421	1.3245978900067061	0.054761084566257515	0.009417781389664025	0.036862121869618444	0.47467310326620926	0.4674683179355969	0.895781058879071	0.37976889236229533
yhaM	P42626	6.837819600812507	34.48093967539921	11.661099085617732	4.376972211780759	4.609219833053844	6.374452713629543	9.50891428794125	9.234867784238824	4.73117443595386	4.803050874583031	2.47550797514176	3.6147854005277127	1.075469689507056	2.500768888730843	4.102118633310876	8.699484315187904	3.16281516421663	6.41689961526192	9.965302204079098	6.4844334857179895	9.173451647545262	7.549350888291414
yhdP	P46474	0.7260666246325747	3.2966135841020576	2.620700210017878	1.1522271850199215	1.6320261164235885	2.0884575273867663	1.3544346434135317	1.780543914905111	2.7417131008161006	2.230520054141739	2.027213952492387	1.727783192291155	3.223470737786659	0.1758588869705035	1.5730638382364948	6.385454211487838	4.625698916606808	3.788532252651895	2.4853977330751595	1.8064182825144788	2.7428052898299096	2.626099844843137
yjdI	P0AF59	104.2548465	29.94952302	NA	39.99243838	0.005017875	15.84982591	43.81671344	26.88981972	62.02963721	17.91108693	4.575023147	73.98945342	80.38290504	31.44613755	38.91574859	41.44826753	48.73324239	NA	NA	2.092908535	33.18892481	NA
yodC	P64517	22.32428172	3.60704783	NA	20.58492484	29.73700959	9.268110843	28.41805292	3.542668829	12.04429292	12.76383754	21.75578643	5.668809561	0.02701862	2.443165447	0.680280982	10.5103951	22.83375249	NA	NA	4.350043602	6.098164555	NA
ypeB	P0AD40	40.05866563386607	78.3866788531028	72.89483208419462	21.734052994067504	22.62287820148963	27.740438182895456	28.175487666179258	10.61830983543926	27.35188746572963	20.15627915781476	18.185516901996657	11.159393803112211	2.7336837369511877	2.896453762963332	29.607961427692032	14.922369874128348	24.200964874873026	25.324663861685767	14.335305111791875	17.68768431563336	24.62685508816009	22.425981108536735
tamB	P39321	2.986627989301204	9.383664856734319	2.86069471515856	1.6012824244330999	2.243483528239048	3.3672486044610492	2.058533173401802	4.245579474729673	4.00903821784976	4.174759128508281	3.594574984230691	3.1969983527960597	4.562283532496799	2.93884461779389	3.7438263099637545	6.352145170667589	5.6407511449190455	3.9603517056729807	3.6322459664532296	3.034052717485056	3.047988854331133	4.028877469989788
ahr	P27250	1.0228698152802824	0.02357363385949437	0.020518718822500916	2.009854257274618	0.8831566334548614	3.508010632400126	1.1901451768859954	1.730888546885035	2.5551275360608745	3.134372574531464	3.6095646142523927	0.9985155155545812	3.1242524479669105	0.20539616599506919	1.7780968174509078	0.06467299172373075	9.734108965763959	0.09805844300188767	1.0261759309605267	0.024003758791272672	0.2361362126825275	0.1064443104871071
ybbO	P0AFP4	39.3897789748323	62.54621054289658	44.322462006972955	15.366597477639052	29.026378328268848	42.93010924432515	35.86812856712686	46.464490926069075	41.18605233988271	38.66401549169694	35.909626833917294	36.531171297488285	24.24152848316389	26.691903101070825	31.99054894007438	73.17294105213881	35.565130061236204	43.8938932706428	37.0686454710356	32.303574676103565	34.90926602750268	45.23095313369994
ghxP	P0AF52	81.2182149010375	116.42584714605401	100.90167162009143	80.08140052456417	84.89874060339612	83.97669460096212	54.55023754157752	71.17717750450899	123.54377082751716	80.26842740479354	55.38265572007894	67.33524828679774	39.16281986570954	36.71023320349528	73.89108673340132	98.9419190280792	85.24789227422369	126.81254717843574	68.58431961782473	76.2185624749687	84.04840812293773	105.37335257026294
elaA	P0AEH3	138.95852137410276	158.76840806489344	206.24512758713493	73.3200542931953	95.4646982255622	149.5447024183174	100.73174314332691	66.96592540438351	99.81970379409185	69.5277077982941	58.14718795034326	39.54016944147624	98.5461318445018	75.63242883971846	210.09789817141663	122.6479564630328	197.71353021056674	202.54332223144726	81.41843847284035	64.07271309308845	96.22882634176393	110.84618870819186
fxsA	P37147	0.5095676845403584	41.84493064176435	15.047731193028508	0.024869724231208076	3.6090259625630465	0.028729369956099905	5.502540240308325	4.5306818480139714	30.857010756177257	33.68095056703022	45.65501739933025	12.42365285899452	0.017533632386480022	0.017203807800635965	0.030007408226376382	0.7492644915152863	0.03224212528387138	0.030614120916793518	23.546024767501663	0.02405427102135757	8.087483841991814	0.032458127004480614
mazG	P0AEY3	1.7848211419657314	3.5211005380350087	2.0872111441743395	4.797560848487858	4.306499222713636	1.5159521115439563	2.305531811432534	1.9564556604042134	1.7207308476034657	2.535625802299102	3.2884952469910815	2.890124019861948	9.050244754521646	9.397355739231024	27.032181468791382	0.9193344155676872	17.22815471249996	6.855564157872905	15.574122798493203	13.840975316704325	9.608017990079402	11.741851105330849
wbbJ	P37750	41.21060091598325	165.0631934610922	147.21056406002714	120.39665563745866	144.6865670400871	153.4476598508907	70.79380499822494	100.46067679974026	104.95152365531548	183.56883801194908	149.1347036375833	157.95086576092518	18.536977993338905	68.12796033576743	24.70846536230204	37.295651588738465	55.938362415366434	78.81148209311503	122.48986055341095	117.38691484194526	139.10755648328794	71.93423791656616
ybaQ	P0A9T6	40.22314625005443	14.884677523759546	3.5584051388800897	7.374236940839445	29.542852856502986	42.80474195643218	40.24804898699882	29.44013096604474	31.79734064180198	23.544956393382417	15.776254325501826	11.294225532581581	1.3210701577831343	0.7011370027346132	37.44809343790633	60.92142763998771	35.56613085881139	43.08405086189774	44.39375681387499	30.93485937094252	33.80385974043597	50.27824046978324
ybeY	P0A898	14.034143530499755	35.49999693636801	32.531006382897715	19.758231524240898	15.158444009222983	96.06479215693095	5.4466167926235025	16.79665530776059	107.62609590183027	269.0813359726132	184.57951878669115	242.54775816594676	244.42972808596258	366.2941978422651	551.8869798684266	738.0257810691209	802.5752815844603	422.7056652334439	321.8765663808321	376.0740617688078	276.52036160092183	326.414051134916
ybhP	P0AAW1	9.252597163341013	1.6029550055183512	4.082399529591411	8.197550398576631	5.6594442237843365	7.903848210960789	9.050752506359329	3.1424707279167303	5.4029441269287615	5.0633085856441475	6.734075958911218	5.106405150602143	20.447943933683653	17.16412618499925	13.232827184310242	11.196400551945485	16.7613267691898	9.78659952138016	6.764631012030691	8.436811933523904	3.6860273691384693	4.807451045471644
ybjL	P60869	0.007757522461968408	0.012069593866416883	0.010639626596601807	0.23861221115042253	0.006931032281864691	0.007107230859887412	0.007326116510662459	0.6343323369115682	0.5457712399930333	1.9107701620966369	1.026075205939507	2.9299414469322183	0.004460591261114128	0.004366287777421597	0.4138610628155034	1.0971206069639863	0.008067103861351786	0.007741892780825924	0.007289615258389115	0.006048347787508411	0.007078995757169835	0.008156653940445732
yddM	P67699	69.61132270225067	126.2943808127565	90.740390306242	46.14976703129212	79.6945747039304	45.93820480932727	58.88293658209209	74.96469270198575	50.23865376755036	46.78993491143889	24.269088876127704	29.87639581389901	0.2830175637472879	1.1499450847393733	18.987165770795407	3.7779810299301984	0.6492976617872006	30.88182939452328	18.405660775233738	2.792380106957518	9.215751713728757	7.507681845032643
yedY	P76342	19.848565682224034	4.177547779105518	7.799583464696831	13.56260942111039	23.830670906794538	16.00384004897625	26.3055690528951	12.011672995049882	14.644173058302426	10.600160077338238	10.88074417545019	14.002793156064438	10.418916007063675	8.19353440576296	21.995274611476262	20.811552725341386	41.293075353496334	15.807908317980653	19.48492564420841	29.01337730326242	22.30500097845966	33.4977648850985
yeeE	P33015	3.498456508915291	12.963453764443544	59.12946692440975	1.0366491522860792	9.191058575885206	4.748491601874226	6.983700230219025	38.6538104158409	9.166323674033361	8.501992461499048	3.6868411386720834	2.4882838954712745	2.297060850588066	0.7826788863046893	1.1442502884063064	1.915104527841926	1.6919175839483354	2.3791371050033967	1.3710521551057	0.8906457938159481	3.704355474533811	2.8834465241721245
yidE	P60872	0.5647108999538343	0.507865661673017	1.5649970876272046	0.8724190910514936	2.870674958069282	2.8100359871032095	2.290709588584803	1.404899133102602	36.14095385999205	32.42279259173603	32.18523827607592	36.18182990512137	0.9011148809045683	2.07402045472817	1.1345777358021742	2.1417184883272857	1.4353958269533809	1.8877187820017722	2.4099605653008487	0.6726741160836827	1.2090483606489344	3.536974156738465
cvpA	P08550	8.249402347770927	11.49412909955747	10.723028678410998	6.51652372921187	9.467924484283502	8.255716506728346	11.587061863248303	12.643361028650572	17.793758761002447	21.021886118441437	18.957058979229174	21.91397223159675	0.26477953507144325	2.8787345169079432	3.289931386720787	10.19279249212295	8.14147180324726	5.20826413681432	4.331863168682413	9.054738763635273	7.654721338008158	10.229356060078015
pptA	P31992	258.3709444	117.0890036	NA	198.7599864	57.56955905	180.2803605	198.0768318	296.8709249	236.9998726	143.8645939	208.1394765	102.2725283	11.96495847	7.602880813	219.2413305	137.9506508	184.7081853	NA	NA	62.53648494	179.2105224	NA
sufE	P76194	4.692478116926388	0.8266779959004297	2.2400404461262093	9.667122312046002	12.14158159949926	12.039676298564428	7.421224628745501	6.60259797157338	5.8738179965971655	1.2654075325162342	4.9557763945965	3.20903858184698	120.6284956023323	73.33446347260937	188.66619235334804	7.2432588319039795	37.061040146799485	19.335993354908698	53.65491994074481	10.555477103612464	13.700470675068406	13.093249776368419
ybgL	P75746	0.49440824915997333	8.433529420178857	12.33522427966928	11.977267767184458	7.347064275500917	3.798642718594349	7.28236456713088	4.272755432286374	11.591057527109994	9.619881880186885	11.499635089774177	7.733997058100247	1.1582874541792336	1.4909919410407177	15.590268775216579	5.658994532593507	12.513061955559905	7.467790927104376	1.5696440409483607	1.7547405618056306	4.186122107695684	2.533612134534147
yedJ	P46144	1.67409406	4.448455849	NA	0.464525242	5.638921567	2.123386323	0	0	0.823542712	77.3617193	0	0.04325969	0.515648156	0.169216593	2.796458449	2.150913527	4.849253624	NA	NA	0.417937622	0.530821424	NA
yjfP	P39298	158.9427899006492	361.562166265198	251.6815293502616	93.64838059163903	109.9103397757839	127.71732827127704	142.47110923620076	89.37116312352568	112.76886119338478	79.57057410713934	78.00258014846662	81.82597127838349	87.10370419441838	84.16187662818152	149.51027277684838	297.9287747451294	244.12936778447695	161.7302462305989	119.2787927960441	69.4301433018616	92.38719887089154	113.02719504862459
yjjG	P0A8Y1	65.62961580877392	67.37285463217381	113.39811374069164	8.95063654936297	31.512337591828942	20.837606272581365	33.099679576848295	29.793242433538495	31.248302910859497	12.425053785042913	9.490900655807044	6.987762398955623	3.553939126968201	1.0388835576893038	22.54798628123223	57.30001473178943	22.97742010658888	31.708137018733797	23.59388527068496	18.57052862035256	25.872546433348756	34.895373458769264
ypfH	P76561	50.94559175507659	38.75046444858645	24.857264413098637	42.42032316178352	43.172461224447346	20.415700241218776	40.209426584468666	16.93918506914398	8.15399127498083	14.38880428079803	17.290360843196478	14.317941308480362	6.352121659721221	10.424128200613803	37.56053719388173	50.91991499978649	31.579327835946547	38.35420805077679	40.139323779271834	24.192277207362316	0.6865594449045661	0.019818433806243325
yqiA	P0A8Z7	23.141883782319987	62.13470850671721	45.05541143725908	45.10893419763481	39.67517695559224	46.845582621608884	36.85870999544134	31.81441201086741	38.20913453677415	35.81407848518909	43.086014502879316	44.632804312951116	53.03576932968061	61.78085191678339	47.2384396184353	39.49103123306804	61.235718317602924	52.67173042699997	43.016060951990255	47.2394103313146	36.8921005990582	43.67431899243469
yraQ	P45468	10.108558320933058	4.415684910855298	9.046620251216623	6.115577961619964	8.239184082499742	6.923146150054525	8.910851847715469	11.0058697209003	11.651915228763912	12.438358508978835	10.028492458868428	12.791228769695374	0.5671183019253351	0.7837777744777004	5.266920735173339	4.541098872222673	6.257058886887701	7.041808644676921	8.153772247577134	6.854768792007281	9.819458269229578	14.285794505783223
ytfL	P0AE45	11.916192135203156	22.00796086262464	27.24828818824186	8.621506660129556	11.38000436822912	16.432960572055322	7.138151080198146	12.97419223793531	45.78144310664328	46.82416589467883	36.065183236842635	37.53082116176779	0.6472512777347224	0.45063021267315995	2.558672449677542	1.5869664037159348	6.303224803473711	5.847607507473921	4.520788382408262	1.454451673469174	4.0540023683907895	3.196391379489631
yfiC	P31825	28.83627219	71.21798463	NA	7.158762322	28.16467426	19.57352402	18.01508696	13.38282213	18.23692637	22.99825348	0.922973758	5.249397538	1.212550838	2.992818867	21.89763165	61.51530334	30.51152424	NA	NA	4.887866254	13.92186924	NA
ygjP	P42597	0.53517972	0.338532898	NA	0	8.773669486	0.424554034	0.002919284	0.006085935	1.071205104	0	0	0.266272835	0.105622522	0.612733265	0.150263186	0.311358766	0.158942895	NA	NA	0.229141196	1.106483486	NA
yjjU	P39407	4.073551624	5.873300308	NA	3.270676912	17.72373846	3.472591114	2.139344708	0	1.396040987	0.340545046	0.137867711	0.336238672	1.662826121	15.13473907	10.35303018	13.57464642	11.68663763	NA	NA	0.921638779	2.195490137	NA
ynjB	P76223	16.930022633841467	14.477530944369676	16.8592055806324	11.556831218417553	9.67756467359841	12.775382160635427	12.960005783473383	12.32914830169092	8.320616771120791	7.600671455214156	5.9931443715940524	6.642029565024546	2.787526574375599	5.78961520998225	8.832558175710037	11.986377590471726	9.352734539858103	8.085108778357654	11.24331220917909	9.78058290014194	9.953839936044192	13.035939195802207
yoaF	P64493	6.388793398	1.335622704	NA	1.647728512	8.194042973	14.47169145	3.740813623	0.028133013	1.246647832	0	0	0	10.03179422	0	1.538445129	0	3.041255674	NA	NA	2.272720265	0	NA
zinT	P76344	26.820957296274866	5.919567005922058	1.6648925127833432	0.6278011091799939	4.384417982996164	0.7310370533191203	2.0204387136787743	0.27503618999058355	0.011354523634786647	0.024771949783889975	0.00872776660546512	0.00799242242963918	0.006931012093403827	0.006856707913545345	0.15514860280208911	0.012966952295544532	0.012488601848200696	0.01188634907603993	0.011291035878756647	0.18181552332880763	0.011122829763835251	0.01255801209048101
pncA	P21369	34.17258838868685	60.68297671601361	60.5061452979743	50.74482892594142	51.09233478389314	67.89605094482899	41.743618812791254	26.924505696688666	29.672949067151322	33.768974220216194	22.481733585003813	13.559511117065462	4.88451043321311	3.0968618310071414	13.40527626295405	16.289637840195525	29.73306453824383	21.526460350578034	21.973982269253522	7.990658872187473	7.3280626585869095	30.420162772832658
paaB	P76078	0.024633432941326753	118.95184752276141	0.03339443542486059	0.019796924731692606	0.021903848130793963	0.022336997434751243	0.022727124657507435	0.20640362248261543	0.02325938443124455	0.020703547887251435	0.017947242802152843	0.01624904267613114	1.778197817688258	1.037406640515066	0.024334583689802913	0.7898302578944341	1.6392975662970548	0.024122676873027642	0.02282479987436258	0.08633421872309908	0.022231110307571276	0.4784698273123768
tauD	P37610	1.924569412	0.628289826	NA	0.718712627	0.283564125	2.362565502	0.240243732	1.990947624	0.451906201	0.622234756	0.005960583	0.056456544	0	0.653035855	0.010342611	0.146722473	0.473603525	NA	NA	0.423317506	0.726666063	NA
amtB	P69681	53.100416234953464	0.8771882596056866	3.5655333790259687	0.4395676542103763	1.0407423179765272	1.3330688056007893	1.7773401208516186	1.3317383607678561	0.7515327748880831	2.4698623299072078	3.4911706633281354	29.250832739557993	8.310112911835228	0.525989252361411	15.181134370259871	2.371032485307822	46.76048877144976	4.535800220392118	2.3396345872510382	4.659809017777102	1.6239903923233692	10.956065900206406
apaG	P62672	12.997724858012795	16.569806869417317	11.335296770113024	19.635742714537876	12.21694311586479	19.575532463827656	13.653457497310978	15.976112109625213	10.732107500958469	15.72123124227605	17.458686997217352	13.695845556929012	21.474216688976878	19.485036719834987	30.276969728488048	19.204271646990755	56.60331891677273	18.521085942255777	20.473254005498767	17.965452063226813	11.603799447836364	10.340712370636005
chaA	P31801	42.709707464709275	58.896043456768034	28.509852699294687	12.698315487096709	22.290953924460126	16.03990278588227	31.070309188060666	31.160282425168415	35.83930847913274	24.046077456128266	20.580709047008526	19.363373175538722	24.21726027210482	22.81606948327655	25.072636144812307	63.64525593962346	24.692535107401774	26.848292657719853	27.36911873128318	10.895367103547997	18.503620830430346	54.96038888153552
feoA	P0AEL3	0.03434164543907832	3.3104902784950165	0.6167283477720161	0.04514753708809979	0.7923486103193675	0.35182159993027023	0.11302833649143548	0.029863257205177136	0.03209296304306792	0.05207355735850073	0.08588567103812252	0.02224743729646476	0.0192375102122368	0.01910817093943687	4.975678352183974	14.59277485605706	13.295696005771413	8.351261547605077	0.031651808273769746	0.026603467810590992	0.03111627473965667	0.32749143751531357
glpE	P0A6V5	12.85535743501122	37.18265704091982	27.663284903829	4.5264441514160545	6.171313549817842	8.115034825023944	15.403854201355253	6.8444551087259615	5.22650612971958	2.8445541590923296	1.3451392399385869	0.6031919298208467	1.6934643374492557	36.938520598306404	56.728151810358916	72.34389565265074	24.924066677024836	5.658114698558643	2.824673104442971	1.3334970774815214	1.7582066509782184	1.4571828437190164
nhaB	P0AFA7	0.010446764567280071	0.4710171603959611	18.257276042213082	0.13135255349546743	1.0632612832971013	2.9198016702075704	0.3389899216162412	1.3931994461036052	19.727784501184715	15.550842492626032	10.894780824611889	13.523894102300737	7.0752088121700965	6.453537418951618	7.286303632601011	6.200339117039157	4.2767460512211235	5.065040583283135	0.009793039042332917	3.625913419140236	8.378893428163305	4.126804204299019
arsC	P0AB96	2.039431405333659	2.2519783506226707	0.15531148963113994	0.7875393406910185	1.8026420109138592	0.5391950492193809	15.087921672833899	10.105218786765226	11.186590446764175	9.935015848301683	3.231668948902451	2.227317056815908	8.675264861027795	1.3333175543433708	3.016151168586705	0.01939301479197823	9.079478390180842	5.648137392008049	12.039124894933837	2.142536359066743	0.12546085419885722	7.83031958752821
cvrA	P76007	1.9285017570492988	5.432635689083603	1.1572073285169218	1.8428727858549232	1.198732848877101	2.5964717711536296	4.058994653544746	1.1591464122058819	3.754294872519962	4.185510154333517	2.9420895110314356	2.1062260669371593	0.004632815078440439	2.1357237434867056	0.018637375635352463	0.5208946413591767	3.3798585811348745	3.3004233976523807	0.2579369867619078	0.8478037962943171	0.21534063864157568	0.09853501195902871
ydiE	P0ACX9	0.5989302171664166	1.0161861606936902	11.97681335073723	0.5331784400982074	0.6064943090837558	1.4606331269511186	1.0166493902098133	0.7122795483448844	0.9692516010493171	0.6461994353261735	0.02784224445231038	0.0251116169976131	0.02160703488570239	0.021359409813855635	17.397184279457008	0.04111511692360132	1.8156334527244182	19.791046706336214	0.5601996765557218	1.793271273899254	0.034547120565586814	5.977664176751111
yeaR	P64488	1.861710986658318	7.197479803855429	2.106744138229342	2.414500556213635	3.1591948264516816	2.1925925333110703	2.7320277012867815	2.865918232919288	0.9430879665311289	1.7878580268254403	1.914082180720259	1.7966940377852618	2.62758573326681	28.84667871446154	75.33213171663681	1.040361135322559	75.37442835754354	8.310937763515541	2.103395147561029	1.6638295375420697	2.548138148153931	1.5551430409790303
fecR	P23485	2.986889106	0.559672513	NA	1.231219847	7.886089174	3.464451584	2.96705887	3.320086682	2.688821328	5.514232419	1.281360256	1.022231325	0.046682057	0.211427704	9.274938621	85.60955849	13.59538788	NA	NA	1.306966461	1.37797169	NA
djlA	P31680	1.012053879799505	0.03508002172960338	2.321373617231349	2.034611260192513	25.796873512311333	1.123495975655583	37.73688011950044	21.6032062913027	72.41572423218584	46.49825662304954	42.23224457157489	42.55922550366733	1.7711827131109943	25.56601962027924	22.81154085762639	50.23396421361028	27.47524550718548	31.077019607399897	2.7188893328630193	29.83017149421036	28.294106328848073	45.83549588020094
grxA	P68688	142.2756554705303	164.8193216960296	179.32702753631676	138.71187850050921	103.27052370455615	241.9470988559038	28.2053741542107	82.95234130672885	78.17553904620121	82.35980689220109	57.2027863084879	51.758521555131566	22.54311476222936	33.30210511876144	170.79619478263777	129.48679672909142	179.06303667698762	145.35493455652852	101.90257901341333	64.55680347515415	93.78505288614431	129.22242598842655
clpB	P63284	0.19566985147743335	1.0679098714517907	0.02111449542093998	0.28482722511290937	0.32274298531039636	0.11633434540925855	0.1784555688499411	0.1664292932337489	0.21495601698132435	0.20742616049978915	0.22323193406842234	0.1050720117400149	0.10650302818058154	0.0017118311394054727	0.020852530368005415	0.4942460569505842	0.6814156830044285	0.16108162880051655	0.38767482822632077	0.04395872895896528	0.16296582952224897	0.2322339212404996
yfcG	P77526	20.327740172055243	35.08249603356609	13.000048962815786	33.837171521714644	24.777767517875343	26.144345690881977	26.36594423686193	13.389398500893108	25.76656742496387	36.08644073307324	23.313536812121416	30.65791852878721	12.458835114234786	14.686515019078733	26.283804632516294	29.79428957096452	19.657628453356807	24.63341259653853	26.91036479113678	43.01021935554701	29.403069235539277	16.689170323427078
yeeD	P33014	3406.730376046227	3134.6521163657935	13251.298703553011	4549.438938309746	7721.488613227961	3951.0499481299676	4406.694793751031	4248.248756696101	6251.202598709333	5429.917813525641	3553.428486750179	2062.2397813485813	17.57840318154525	17.363977199601415	2080.3597232023203	198.5347591195541	1280.1894566584922	3005.3474860619363	634.4796012323492	2951.3268579052515	3483.6920502899957	3238.4535511505123
trg	P05704	0.1919297517757376	0.0070374358294046525	0.009299679179817682	0.11526296577652244	0.25139370411656287	0.5409213026922016	0.09267159906024545	0.12141029807525047	1.2531140078377943	5.926290712940495	1.9387552991515333	0.09534601958189406	0.7853205688943006	0.22095117490308247	0.0848867398849972	0.8817732840121781	0.09917765132810055	0.17015519076280772	0.06395122743182041	0.14120855860922205	0.6170049747621342	0.7499897723615658
fliF	P25798	0.4792916823388606	0.5269052026359422	2.5803191743382237	0.09342619965567081	0.8314066122271775	1.1019308414159152	0.37537026240692517	0.11634617655224158	1.4694515606903098	2.3839761617849953	1.0332835463354324	0.10419229795112733	0.6738390951284434	0.19329276562686165	0.2625989929410924	0.13002431663632655	0.004529012285905542	0.4133150374880601	0.30230383473071165	0.09814826647029683	0.27489459794640564	0.17274307155097682
fliJ	P52613	15.399202978046379	32.83886352158799	11.95409735380629	14.552999169931557	18.845874451691376	9.33083203924606	9.747422995695532	14.864449110155348	13.478763054060693	15.473356515624562	23.266333436064095	12.253923197124848	5.675979855013435	0.3322063944408357	6.512907771340851	45.72656820122496	0.6780572253235484	7.629253637030616	2.0810162252000235	2.1897512255175613	2.1628676652211936	0.9005676199599499
cheZ	P0A9H9	1.734835556	0.063641176	NA	0.208632686	29.0212399	0.832218898	0.439579074	0	0.492255211	0.988240736	1.341434912	0.239039097	0.029780113	0.403653207	1.131357551	0.4839749	2.320323239	NA	NA	0.104909486	1.846524109	NA
fimC	P31697	0.4955079070941088	8.391973348853451	0.014034629707753465	1.4831135481470559	0.41754247522793764	0.2795557694253603	0.009654679988448685	0.009038369142726892	0.2687943147936717	0.008666610880568573	0.2597456137536412	0.5908708483739437	0.005802905339313526	0.4051473566859638	3.195321618903192	0.010752116129894101	5.935750029426263	0.010089565140873542	0.8334260409471093	0.007938980592474035	1.0275636052392823	0.010665943082888705
amiC	P63883	0.007273416622181802	0.8163016275637021	5.564364385772514	0.06741679130219365	0.019060209289272476	0.006611553001627916	0.006648067597963657	0.025119337371203154	0.09659374624349991	0.005970087799564686	0.005895088363221165	0.0558914073770494	0.0041018322306902305	0.004016437599433927	0.007073412195201008	0.0075961329179336946	0.007375160315031821	0.007090701100505175	0.008573834408553967	0.0055223336037419956	0.009370986052198852	0.0076875951910836396
lgt	P60955	7.112718808827435	8.950297236239308	6.645730713359247	4.12496281780525	1.9916931403473197	1.4942725886590553	4.261091189967689	2.193050244563957	18.28074359598733	12.863187033534135	11.330783517727008	10.471652446619911	0.17047935321975463	0.25451129195324285	0.15134109849167643	0.6445390143315575	0.8996302045312756	0.010914401856701237	3.55433315605582	0.27879179945997246	0.5652983574045259	4.580038202524264
lpxK	P27300	14.354713264882797	16.54799212464592	13.569083353216014	4.177850666605275	4.822609471750852	9.41683534878432	6.588289588308013	6.428027824939305	7.945016302813454	4.607800794697047	5.256402970723618	4.248008876677812	3.824112203808098	3.5776550016766495	8.694605833043097	14.16019860743055	10.40549272419729	11.237305233183138	6.093497508827894	5.161076268851375	5.752917071804686	9.28092344097205
mepA	P0C0T5	6.866500404609274	7.92977652938154	5.694132084527224	1.4339951419362706	1.842809085054088	3.530490840129215	1.5291450463085186	2.005708912257517	2.0818700882475802	1.2994062412545773	1.39018195722614	0.9189503722479263	0.025361196158098127	0.006056223186753983	7.154789206096986	2.846226653797717	9.016182276945976	5.762891232718667	1.7203193281832077	0.33739564808606454	1.910710097200117	1.3438062561660005
mltB	P41052	32.81357921748616	21.787824487381354	26.974282923888037	14.45358761740117	14.383604960918815	31.20782568273125	23.22104120782135	26.881238193686766	14.447865639452882	13.531497169232685	7.439767439912049	8.761299720004219	35.7864542312276	29.92636702565492	4.394315748614003	29.192403566726096	44.26580928476447	22.351974537853103	13.335752958140922	22.157766311501856	25.964114421199792	12.777850897555028
mltC	P0C066	0.3634741948020979	1.0712814365164318	1.5506272693796406	0.8423413462422503	0.8150601405550723	1.352771129707258	1.4245025873868287	0.7730248125538851	5.983346741018682	15.717657689968098	12.05466088617477	3.319329311782594	16.542639288793776	20.188969830790573	39.14633369074099	48.28128243650445	38.52488688269594	32.49855231500444	30.113456148128893	29.116107730123847	33.38912453819495	39.21307201235631
mrdA	P0AD65	7.467007273915098	13.733137864976774	12.870291393712291	6.652089821853386	5.071835110678635	5.615630540641798	6.114634418536242	6.228863933272528	11.404883730018188	7.366497757630482	6.515297235587909	4.867960743450137	1.6778640986195268	0.2141568152662099	1.1081407033611894	2.966277207195084	3.891895418201275	5.148569450893972	8.175926642437483	2.921519480450461	6.422278107604905	11.871633712553882
pbpG	P0AFI5	0.008447240045886557	0.01323446503659707	0.011547840336042054	0.0068543861787111245	0.007587823205258182	0.007881914817621592	0.007873220566412096	0.07566961735243558	0.00799307054172309	0.01721298542472278	0.02533596598272402	0.04586968206505109	0.187584225104872	0.021365526785737454	0.030350859299826536	0.09252363646973419	0.008812283177368452	0.029252143408058685	0.007996134841262395	0.04214523447024831	0.0077057631081680665	0.05192756903472357
rfaL	P27243	8.279882180117575	1.706056208877646	22.594954298182945	2.0604420380086492	7.802184670841909	12.893029384694783	4.336449871295611	2.9749221287508196	14.948965303751438	1.1713627545245098	3.713705224495366	3.2611743521767624	0.2687509880465437	0.1912987097302449	0.9112375618871993	0.7506944599900441	1.1590213131466756	0.11873590301245497	11.131602049488576	8.574787097729072	4.777182809971739	8.229815680414402
yfiB	P07021	4.0601931984953	2.93098952939962	2.867939112322466	1.9957507768319434	2.69424211174993	3.1463394689834665	1.9652639708708721	0.9855202821626722	2.9468028234281642	3.063509163990912	0.5658839083282069	2.0386253756097497	0.09116597149241543	0.5630403222014946	7.538737834538387	0.6286325043522245	2.2983972909936603	6.208789070371445	5.363857140993357	1.827134132637004	6.413147599357843	2.3503408054192096
ygeA	P03813	4.27266163992996	6.129128727729778	7.731607668239771	13.581107095299192	56.75718612033837	10.268805309991953	44.95959113108147	39.27139295455231	71.84144936487995	68.64611238641562	53.335395910641765	60.18915750898959	1.1071780285289852	1.6939748850924914	4.24037254568754	5.051630865399513	10.081049903265997	5.8444547850121	6.96001364872298	4.338131450402714	6.314800315863881	6.365151894677141
ygeR	Q46798	2.289601463716777	4.8503273625633705	1.5914061637901653	1.7572706064831898	1.929902037688082	1.9062662975484534	2.1613778042235547	1.8563129591489198	2.2905739659772846	1.3921932288998766	2.004606254212326	1.568732330679597	1.778783217274638	2.071369832020419	3.3370946485655977	3.3728488119826365	1.8774468927982673	1.947264720254608	1.6234893435432407	1.547405811578397	1.801183268567597	1.6685542330910983
csgG	P0AEA2	27.07482237	5.639818816	NA	16.20495081	0.326323687	4.544024049	8.369448924	4.239254349	10.98536509	0.528437071	6.432372505	0	18.59140154	0.972988325	0.023504931	1.085298196	0.101741934	NA	NA	3.758642308	3.132688094	NA
emtA	P0C960	170.4900936892938	183.3325366010977	172.5405053252521	68.13083321794765	109.51236116911926	105.16561097602475	117.91919757666977	103.51586132073898	74.40156904521402	44.145549656245976	35.843037303623056	22.95262635148086	68.51999654043686	47.194753945554	209.33660638058905	95.93655485616377	70.93848675440893	132.1056313985016	109.20842378436961	105.40036329409861	211.98890956243258	151.53134220334582
frlB	P0AC00	0.830004485	10.23358349	NA	0.980794346	0.106474216	0.562187566	1.754564818	0.228380896	7.075171661	0.312214223	0	2.842041349	1.369477312	1.535480207	0	0.443679073	17.45611573	NA	NA	0.106537291	0.066326855	NA
lolE	P75958	1.7557109929938224	5.738052642766483	3.427561207001683	1.2429308175273193	2.1477610716015905	4.007786090479093	2.520826696447486	3.463141596270385	2.9920747824517018	3.0126730652857687	2.338750415376219	2.021330467997403	5.134020167416526	4.468071429965839	2.5721346758332357	6.0295804016564185	4.071702594176359	4.00532058942895	1.8310080448095858	1.1585725622090552	2.3921627910714034	3.2808967011847425
mtgA	P46022	0.195022166	0.372928115	NA	0.173996425	0.412289952	0.387252829	1.43964771	0	0.15541512	0	0	0.098200664	8.124001532	7.804614575	0.446697068	0.121747774	0.237909652	NA	NA	0.296185697	1.111309849	NA
ynaI	P0AEB5	2.3485936995893626	3.639903112850936	3.6781913422920165	2.6409523143276648	3.265140282526281	5.598543617241848	1.8371031033131258	4.408767865495324	8.59003408116189	6.66156225190823	5.545846501099931	5.305445767948656	0.005882038209355536	0.5004197824413619	4.198226093512839	5.672100137465245	3.9642800907042606	4.42648066738111	2.4345825604926694	1.7984280990383847	3.933401207261649	3.493794414606898
ybjT	P75822	1.9519573133064496	44.52602354821816	4.680914279617118	1.6292863635324433	0.11945941178377101	0.6896090771427927	0.7021910196554131	3.0251690092171786	2.6320853131804274	2.9649007669488023	1.310013798967681	3.916856047788292	0.0029610567791377366	0.002936399865805252	0.6398330801832633	0.005532380523313985	1.8293015215201678	1.5049772774123005	1.4797953723394452	0.9879523091729058	0.9145966979969846	3.001248626453729
yraR	P45469	7.986072456426386	8.841210840073156	4.2651036344440465	9.704060272717124	9.04881933113681	9.596224336340178	7.656741890991181	8.34264587340775	8.201257968358286	11.274788666269513	13.188359968520219	24.310260146930347	31.22889286353261	34.636620935459526	15.868038340414188	13.39771287504127	16.08889249525602	11.216335687768499	12.088822653467796	25.97186437585655	17.763162643402943	9.175532426674975
rspA	P38104	0.9495596441637434	2.9193992863604423	1.4155168001320988	0.4618183090951969	0.4719956512504561	0.5566839259267533	1.0022145717507336	0.24436304638451103	0.33766871291016587	0.6485149548301592	0.5772349972989294	0.32197898322025825	0.15247571023528686	0.18876917768503132	0.8432949675924498	0.023202331215082715	0.37706545894219673	0.7100498067898181	0.45941986302737736	14.167893054314309	3.0518756782487517	2.9949542180467086
waaU	P27242	2.6102583243539694	16.072549568738047	8.38370326530766	1.9844230047712654	3.1669504758830755	4.089637749946618	4.040150190049412	3.071050896952475	7.783566489834657	4.449037426105751	4.826886539016937	2.673369334009074	0.003179570953175789	1.158649267915465	0.8944893339728783	3.132254062756968	2.1349240176830713	3.6941233068203907	2.691118184003031	1.380594074682182	2.71300383193186	3.8880804864345393
wzc	P76387	0.004510202170958687	2.0674138871332066	12.021985859999072	0.0035935968624306305	0.004015039348740502	0.0041000118880974495	0.004134761427865182	0.004020797414539294	0.004258822027762825	0.00371642922980977	0.15406930141709105	0.0029320072681598406	0.002483394266553401	0.0024826166193296366	0.1219009388168245	0.0047073075734458646	0.004607825618431346	0.004407098207684133	0.026024957629360117	0.003469277058248911	0.004090409601346636	0.0046887990278812845
ydhO	P76190	0.315520454	0	NA	0.327194432	1.040792191	0	0.059376366	1.186858824	0.165956439	3.605021087	0.510326835	0.850961442	0.178026458	0.951344337	0.001275977	1.35503169	0	NA	NA	1.122702753	0.519951568	NA
ydiY	P76206	2.467057203	43.48899899	NA	0.055506413	23.10481474	3.314348838	4.490843927	0.459431288	2.771797842	1.141697914	2.999077187	0.241178615	9.31987714	1.38659884	0.017345876	17.74219162	8.999174607	NA	NA	0.686023873	0.039602421	NA
gudD	P0AES2	0.9183814651881265	2.417783325559746	0.8669608962008892	0.7363035864687426	1.372488610141731	1.0047280895949309	1.417215276966109	1.7403765379698832	1.2610001951952923	1.1771978222760673	1.1472865669795962	1.467466337682444	0.956481171300283	0.8306364818375465	1.2333860904629022	5.255158233663697	2.991889095251381	1.3813517378778786	0.773297525923255	1.2190161330908091	0.6896256778035486	1.2781057731074663
holB	P28631	15.036298367883388	20.42302145912795	12.81616417499236	7.790929143010495	5.185478526307004	8.353778421475413	9.407446530640886	10.10508847723183	8.9415060113948	9.358992748433735	8.171443206090135	6.370719379170269	3.289468430557092	2.509082975953575	10.295966079950112	10.913960711680387	8.712120849158383	11.951950931608433	11.986165729434973	14.552339392204646	6.164095095169409	10.407651870395794
intF	P71298	0.0064107078697393655	4.215596184563424	0.008777098097410334	0.0051903643926345675	1.097154312268673	2.417928795224946	1.988815245674752	1.261941870896138	4.668876220939104	5.201226603299107	4.249201610158386	4.196335852920869	0.0036038569428492114	0.003590358081427761	0.0063649422280818374	0.03486044840109518	0.006641835749999902	0.1723896286618201	0.006031447249865432	0.005013502096440414	0.0058676491537705865	0.006782087404573619
mutM	P05523	2.706917908040331	20.91155893750418	7.881956889449631	0.46069973954087906	0.3950961630954823	0.00831585538951682	0.008426336846488098	0.19652415537063564	0.4032299520646701	0.16562984859174906	0.05676352531156731	0.09942636550175533	0.9060305385905733	0.29878693555114183	0.8037350112008711	0.009688839974696523	0.9154650597338747	0.4889946428051677	0.008509300908976431	0.1002916743519346	0.008245303047616594	0.25626106501466517
mutY	P17802	3.1264936111696326	5.679094939245202	3.152284647966687	0.5771319134951624	1.0930770024579795	1.621611614417964	2.4145305562440953	1.2086428965466038	1.8489942921982059	1.0793256615520967	1.0397904843399437	0.8952370848423418	0.40038838219657347	0.4501802542239145	0.8425803861166418	2.7445845173106806	2.0263582344517377	2.2230884384541483	1.2393267829811392	1.4086394758167489	1.689316427900693	2.9522364619306383
nei	P50465	0.011203722748687306	0.017099920905045644	0.01504855404677367	0.03695516451387359	0.009883667323536953	0.010078561024383927	0.1531043984088205	0.009624493573663944	0.04490470704216013	0.009464198472831729	0.008045602990904899	0.00731014820779128	0.24572653896742225	0.6576587067166596	4.787391714498414	0.586537611632923	10.690465650007503	6.522262802801254	0.051232492212243665	0.7481747981266794	0.7613734590155119	4.493829114510692
nfi	P68739	8.163818714811901	7.093510713983849	12.91398274603975	13.79441808416546	11.428103027201137	10.358121468939556	10.631158965883179	6.1702361490615	8.113875162913262	7.378602147466343	9.06462124875631	9.377865458577821	12.473866352310948	8.630369056859815	13.74989378667202	7.102298429042521	8.861651452830632	6.9426522341647585	5.724142092732274	14.469880395967522	8.570085649461975	5.23646821812554
nth	P0AB83	10.70435428577496	22.162151868317657	8.730286371505416	6.252050287261496	8.056589472437656	7.116055206273589	7.948478608367405	6.931065514526775	4.072362479979169	3.5801146238841377	0.5402304308518324	2.391892523357694	0.006004210580165929	0.005975297112857493	1.4103680575929154	1.7645240818068848	4.591496498614856	5.875876417382024	6.257582331060497	4.703583884944679	10.595855310290144	8.025797094992065
priB	P07013	9.171556115882241	1.4630523958841877	0.07559096206620078	0.16934390975877045	0.4804572152480183	10.604814412104119	8.73031169671823	7.277518214130904	10.02464807953997	7.734982403009776	5.402130766751647	4.785253617994071	7.231631402437433	4.249045381730343	11.99363271119826	22.263720465807307	15.297680616909625	10.800947339854474	4.2546103471243395	7.175884318062057	8.179708145717532	9.493060122881309
priC	P23862	16.104350857072838	19.74048500498887	1.1783983768074997	10.635798322396786	15.508442430039207	11.261917286695427	15.551227550137488	10.952097316895697	8.031219300545962	7.907584170842403	7.9910375886462	5.156112608894979	3.918308653833537	0.006492107832228437	14.665198326876052	21.104048960978965	12.652756830510857	10.855552461102885	9.845839252923334	9.46425323427167	10.860612586103937	15.145599532157787
recC	P07648	1.052932837106171	0.8187030003308777	0.5773124938641971	0.9950437592257888	0.5766780653011724	1.2513856882052277	1.107888186180273	1.3862041011293766	1.9638905384207423	1.8300534021824373	1.6348984219481855	1.4289603271689033	0.10468646968836684	0.48114609351462956	0.13101863832797053	1.2186690656089196	0.7573477591667065	0.7664745466119525	0.5985217966644027	1.3125334718726944	0.6562685985168536	1.5572244506769484
sbcB	Q2A0K9	0.20563494461770376	0.04632917213663288	0.007717020699313535	0.004575895136249265	1.4961947179341113	0.078075734227058	2.2966861872027415	1.1239220277243762	0.2990337114788833	0.0047687936839827276	0.4434452702916456	0.16685456520843722	0.0032181096314975056	0.24266264892830408	1.500843525535722	1.321623051042539	0.5859333780524687	0.9911018808700143	1.572177884535743	1.1756372901860148	2.7396173163990403	0.306930672136091
sbcD	P0AG76	10.6603534228417	13.502962331106348	12.929090296971745	17.673197024820702	11.492946775820238	7.475272212753663	1.981808549887301	6.982823864903844	5.490653833537651	3.259523309399727	1.7662019670814897	0.764096956008056	0.24295403590407158	0.022173519457864194	0.010428110843452945	0.08464960258184152	0.00704287524586314	6.262793741204808	2.7499606674125556	0.18954249975248502	1.339964638465613	1.8108881579193794
topB	P14294	0.3634366226579113	2.4292332062034503	0.004901602624307529	0.679024800623913	0.7094693478111003	0.08676114795822491	0.5793632437989468	0.40720215333026955	0.6768120716130923	0.9563581018358872	0.6553644131750427	0.6792478571595796	0.0020485868035704266	0.0020131559755290403	0.003567123132964523	0.0038211177589318637	0.003747499967443542	0.0036178988585439074	0.4594121859533386	0.06611337646347598	0.5505728577169876	0.6054305330553457
xerC	P0A8P6	15.500234448987724	16.225741830318906	28.938072270736185	8.68160462182077	16.8781175036261	11.411675995274654	15.230919073476555	15.556134044948665	14.81661127760219	11.545402549256012	6.953014809618822	4.7293169915780116	1.4655882254963601	0.40389158810314235	6.0729584820422975	14.169749055661006	7.230097017847717	20.869825354749455	17.310997894896097	8.253938214931464	22.390311171765916	20.781438914662314
xerD	P0A8P8	10.058467442211526	29.14014339237642	15.224927236682346	6.382651821386537	9.698378280806773	6.564860113912257	7.866137333047802	5.406597078665676	4.534917873466166	3.6659503603703816	1.4610028157326382	1.0394666362214136	0.5648344367075139	0.9798807279015761	3.489791180551069	3.730911476638172	6.764743820506594	11.239217446952132	8.327097826731839	4.3970211610118906	10.807739091536261	0.5348210454093242
ybjD	P75828	0.1803428009143143	0.2923107567760385	0.1498183135855895	0.676386532350647	0.22450758263886506	0.28398441989631107	0.09753404125986215	0.15288745591037176	0.46901814866572317	0.7367654836231355	0.5139059882614172	1.1128609115881953	0.0026527180682511873	0.0026236968805179233	0.004598485961276956	0.004985627010175633	0.0048874769423846	0.004584006447792	0.0043169563950196405	0.003655094456037765	0.004269163714632964	0.00488472158766434
alkB	P05050	13.48255794	5.090785748	NA	2.103764557	0.487596841	6.017912318	4.500434724	4.913883426	3.453562324	10.0595955	1.485010903	2.969211938	13.93433737	0.472191161	6.296221769	4.964162943	6.853041829	NA	NA	1.734335998	3.625523804	NA
holC	P28905	4.466827446982395	13.836812933268805	1.2568555372015866	2.2132519571952596	0.5048922426344673	1.896004713691334	0.9611240480891979	1.016431639894251	1.6186987539226467	0.6959792291806515	1.648632712497754	3.4330426236103717	0.4468224914652532	0.26457770691104204	2.1950573827304427	2.0579537967262005	0.31481279870143536	5.055253172836452	0.8821481824354196	3.3465635165468233	1.4167794612677964	0.26825567907508585
ygbT	D4HZR9	2.153142400681591	4.98358904986011	2.3319387261561637	1.9137854952373246	1.8583739818069465	2.0125724338998716	1.9050064270084957	2.04587114744103	1.7844200835866078	0.8495421906088336	0.9497065203557072	2.8488378111955535	2.3186000385124244	1.1639255368502783	8.497334655754342	13.016594383054496	4.6960617054594325	0.8547225079495353	8.28210388631241	1.8234283758730259	5.56608178995701	2.017740399046719
recG	P24230	2.502156112466956	7.493458171647489	3.2936723322170915	1.5159356905657244	2.419113755123992	2.4955486669771414	2.3602475919977284	3.0792858386788287	6.658677878594428	5.905361108978127	5.858919885323382	3.8209690420874303	0.03465536689148766	0.5735732282231215	0.3890501567304034	0.18780893573724006	0.0038550641947930984	0.020031834987268793	0.0034929374677710266	0.028630429699247187	0.049780649577974935	0.06283342916413229
ybaV	P0AAR8	41.07061579	20.4232664	NA	10.10086587	36.65518658	23.45216373	14.22749548	0.649189566	17.38038212	3.771586014	32.67086965	15.85855859	15.96399221	14.39946912	19.29006246	24.92649627	12.40755027	NA	NA	7.97030405	37.34254023	NA
comR	P75952	1.8749847918195557	0.7880429318168521	1.165231412727315	1.312257742142237	2.8914028799360314	0.7125966186798834	1.0915467611302527	1.9419000695596458	3.5562936452981146	5.284319839628895	4.383562180112479	4.263047895742645	0.07379724008259317	0.09979423996705428	0.9422224235835279	0.8056400599243843	0.012528269651555408	0.012280473266502273	0.011576633961505321	0.009644603220741675	0.8310342572362397	1.1735945553293312
acrR	P0ACS9	20.86853223813126	40.332825944146386	25.44238494162492	9.454247514339585	14.497953744134872	14.21674710205088	17.89538721034557	15.181102591864958	13.631670622301975	7.890445474023401	11.953137807524913	4.573230558073062	0.005445589758957323	0.26064780310022445	0.8394175561650096	1.0467260199552002	0.07055202490224338	2.0821911046745694	0.07662009445927292	7.449834167177002	0.3697177966582228	0.09028328317618294
argR	P0A6D0	648.4067101532454	930.9864930876807	665.8834233658075	417.5376976447432	490.5440120609137	561.8137720348026	537.0436022743434	883.655383318552	741.9133291948823	499.82228111347024	421.8725301303865	356.28709308296357	553.7408934796847	486.35024522810926	674.0150537945821	695.7554503996087	657.7630774968205	607.5487794819479	597.6152871885279	435.6244397544193	651.148967363328	605.4087326759072
cbl	Q47083	42.97384116788535	18.304967746598443	8.401191617854295	4.748899034808393	3.45622588295269	6.906694683110739	9.15685493098382	5.267071357223133	8.201290896114664	11.666743196793162	8.449825090025861	6.458934025538572	2.5316683075997064	3.828676247211362	8.409740052235266	12.787724166624965	17.71005831670833	23.236833077744365	21.893417891279018	8.015081343538647	17.65602452466128	27.277278370756036
dicA	P06966	19.66224637740609	24.781852186672012	16.888238186512634	20.85503362196178	15.11544880026427	21.191030635572833	12.499170361703614	13.965114743793295	15.993070980019098	15.127825260085029	7.9408547674165915	11.279439495534195	17.12358510817287	14.867698719868635	17.597044622724322	8.521172738607964	20.08603378741099	18.219115684380462	3.4229711308101933	13.390492428444922	9.263269549151179	0.5922534639548419
rfaH	P0AFW0	55.8473629970777	78.2398679960124	55.24309793180309	47.31200867715694	44.43540382074913	47.57432215686358	35.94195906842784	39.467698232947754	35.068626885222635	36.90735019555076	29.54142379091915	24.739782405391846	23.151666503235816	22.76457317661567	37.77606234353369	67.45689271619774	53.530166310440954	34.87198848671436	34.5715265879073	39.054466150371994	47.25370732482035	36.573483569660944
rpiR	P0ACS7	58.00330362201436	40.06771117199917	42.77371515836451	25.66693115754054	26.143573854075694	44.50160444273115	21.776800745402827	22.744918101082845	26.43348498409995	29.683570545101833	27.459285644403504	27.45082876491969	11.32692363019095	7.6750028362509	11.701735325153843	38.7235326026311	18.576042545082146	23.70702799613716	68.9336099153883	41.322485326898516	33.27792757926495	27.683490281888655
soxR	P0ACS2	0.7996369071569761	4.512123628727365	0.0207635082230068	0.012418742576357568	0.01353422592257937	0.014246230696294094	0.37239559328220145	1.890618894335765	1.4340329585852176	0.8604382045975074	0.011151888285516257	1.5006742790107224	0.008499851912742074	0.008541160963611832	46.13706984131772	2.6620884350030525	0.6695056880227083	0.35252208806676005	4.033087836318427	14.342967239445954	16.345007636541656	0.015907802695390865
treR	P36673	4.73555898944322	1.2735607998039045	3.1717698527061713	3.7358935705884817	5.829311158291713	5.897964862386632	5.156127806648692	6.4926394228123625	7.171459276808725	7.652503487573465	6.164128923886897	7.514621665712059	4.8872953355362645	4.934433694485101	4.6754872546227455	10.180037543339665	7.941337969021695	9.152402804069329	7.690845813185559	8.54396195687173	8.557741134695844	8.359912963247288
uxuR	P39161	7.8503318302273035	11.493799492541783	11.382117651288212	8.792753885048729	10.192973449567328	9.135179223737271	9.754347855995645	10.429706456668766	8.90477704023725	11.3933004650767	6.75577040210056	8.51072902952686	8.746048276948285	8.136521077431365	14.297320633053802	31.780388427063823	23.670637656153204	12.42690076014542	12.751913398378376	13.393887168338802	21.965052847971346	28.28704732232438
ycgE	P75989	1.9388050781644746	1.6722142341995638	1.3696188675118837	1.587133700267522	0.9272589254231385	2.000277004634823	1.7032323692162963	1.8611475451900363	3.0104561395627263	2.965786479245874	1.8684809209710478	1.431758073940702	3.7245023664332533	2.2423905924563217	1.607844343153081	1.4832901277695412	1.0500122954611368	1.9634808084332893	1.7858590144933697	1.5830681264552477	1.9490419158921777	1.917715901856378
ycjW	P77615	29.38056480763455	47.967278150483004	36.67011253562104	35.3846602461798	38.733274742253556	24.89498440913208	29.535495250209127	37.699022551036435	26.08366536025799	25.466606335592168	24.92195139719833	23.99535672969356	12.281413733989133	12.529983515431908	34.47093672606237	28.646572848796215	22.677948829803555	32.44903292017827	45.84793087202436	31.843407044465522	44.849486901677686	43.7484676621081
yhaJ	P67660	5.126739147005348	4.905004722255907	0.8958449857788577	2.7382032772730276	3.4818147005034334	1.0230400053992494	5.663452453845996	3.0774338875092804	3.9756740556620587	2.755463631113462	3.137097335284274	2.142768908166313	0.00440730802323148	0.04320080944717179	1.1675565749706773	3.21675946018661	1.0561602495798528	4.550840644296624	2.910871781379594	2.5523072534146567	2.96399946370352	5.772396208648017
cspB	P36995	2.003384564	3.399973889	NA	9.045847773	2.168979176	38.14294962	1.589289989	19.63455827	10.63752536	113.0917602	1.288508446	50.98963602	0.067856367	0.837019858	0.808277661	2.104915789	6.504977519	NA	NA	10.56714899	21.97870195	NA
cspG	P0A978	45.68958031	104.9580867	NA	29.2199372	47.99594118	49.2234584	25.60673395	2.686989404	35.16587725	0.766239893	16.91314486	7.612988807	16.08640964	24.88188912	95.39679917	17.81734871	30.02181693	NA	NA	18.95434332	23.00504256	NA
cueR	P0A9G4	48.75458680675223	103.0781990386845	68.61022643477384	52.762901582303016	46.367965363167855	52.2637359521909	46.54467686749157	36.863197570113314	45.835265224121535	43.76469076396262	41.15418187143442	36.04128623881224	3.662988863368127	12.082790899997024	91.12365504969335	57.453110682573595	5.164392298230235	31.223755437710345	61.40048549830614	58.84151754799435	51.760903529914785	21.180617100843413
feaR	Q47129	3.596495334	2.65737664	NA	0.044989731	7.906797573	0.913386571	0.48007754	0.284610291	0.360959299	0.167600496	0.418138834	0.028166637	0.342216491	0.036827775	0.032654361	3.22070888	0.143798761	NA	NA	0.20991853	4.273142118	NA
feoC	P64638	4.228891133	22.20588023	NA	3.038866665	0	17.75464975	10.3953633	9.782380242	22.11384678	1.181371992	0.276344923	3.161327005	20.42671809	0.287339096	9.373317411	0.731265599	1.181741788	NA	NA	0.717446283	9.726862527	NA
greB	P30128	1.3419828726449792	1.340943005828928	9.081913066726814	0.6519540507590083	3.743844282686854	0.13647792607485296	1.0614581462389348	3.7234276389059224	5.558993589795209	8.503825346372315	3.4243731692931507	4.015386201932253	11.258526972402636	9.692303644308955	46.5327982729762	19.705154218620226	27.259822307928438	16.159657668021012	7.994866995846983	4.895780310961042	6.250280623800305	2.0493304895727547
ilvY	P05827	7.742791244	42.34828724	NA	1.592216265	8.65463965	6.247460338	4.082365902	0.017116868	4.026937496	0.151607528	1.307201463	0.084693034	0.541096044	0.13740517	0	25.99225875	18.54678993	NA	NA	6.003717571	1.070734312	NA
lacI	P03023	22.78827873	4.675577679	NA	8.766262896	28.28477114	17.54018382	10.38897571	13.35915599	9.723905419	23.658602	6.753390881	3.193156519	1.43474395	1.37916249	20.45693781	6.469152436	12.5240903	NA	NA	9.082809172	14.2424866	NA
mqsA	Q46864	34.32847411616336	180.67390883668045	62.761655755401115	24.581891422658043	24.2448832955445	32.91455611276444	33.88369829418107	19.42635930339846	19.871807377551125	17.397153546355405	17.63018222186195	20.51711098594389	15.290786917411337	28.906566239817533	58.59624081055142	79.73907135239988	22.618237521121696	30.8095544394799	19.636987812763735	57.46606785188203	27.312498021387576	30.67716441411302
murR	P77245	4.829634202	13.75149972	NA	2.533031305	12.03635213	4.747616216	0.149096388	120.8565398	3.284149549	1.018535453	7.438736647	0.698527916	0.350028397	3.161487914	19.5022565	1.529546629	0.466849176	NA	NA	1.411132486	2.36343957	NA
sdiA	P07026	7.82972979	111.5587191	NA	7.622388236	0.640949291	6.22782595	6.719373406	1.269830672	6.492681475	0.026327613	0.919692068	0.321291826	1.192455675	0.220113206	10.03538374	2.69942918	0.669450722	NA	NA	0.977386063	9.381489532	NA
yhcO	P64616	35.044422980274746	32.443350389819535	31.226324887910444	42.29250993756061	44.707654552720165	67.36901478359789	50.77596358221299	30.660484839059137	35.85794776112427	34.53542903566756	45.982139897445094	67.20070191649506	257.62468955840916	117.18297991513982	38.05841634573382	70.74793011859873	223.19861076000078	53.00615350487826	55.70142310553489	90.61041732379556	56.05151011327893	33.303981728745825
bdcR	P39334	124.07263741911073	713.7910035335219	160.54226301177238	60.42153517674266	47.6191045030067	49.37194760288982	50.790479532696516	49.50668428867969	55.308518751722175	60.505582298912174	33.41221932369621	29.286449945655573	13.259098779239475	12.393071163517446	43.0051921203102	42.01859877877428	27.553312806431883	57.830305762788726	38.319284623717024	14.182527372635631	40.42926198095647	37.77433134715435
flgM	P0AEM4	15.720268656394758	24.584032879421912	52.37460240256349	11.278089338574114	53.6080717712271	54.13312764110796	47.44851695545466	18.05730018005365	56.64992233347826	75.25455187885389	40.33431625774675	13.272823768409204	0.6763377192401938	0.5536430700978289	19.159164731935675	12.822318311735598	0.6673753975156482	6.561320330662665	45.51865911881799	34.45846588376752	49.50313890245992	35.646585530587416
dcuR	P0AD01	0.832910089182193	5.447229793501631	1.8111435322453726	4.160234584013601	6.527315889195442	2.3949868965952508	4.612831826075515	5.467206553829591	3.8614487518394087	6.06960170842866	6.759642958571998	11.749172014118658	0.007143196314867477	0.301180516590244	0.012360829584489839	0.9031098262590382	0.5434927455828338	2.3538886638775782	9.502252858323466	11.597518436285062	7.884228504021278	3.0150682749321644
yehT	P0AFT5	1.7367380255439884	19.594045712291386	11.587750758093916	9.054199067187671	8.784698587199786	9.01164820452426	10.267096621716297	14.023551680260468	9.447315220798409	9.36553627931871	7.929454155619626	7.4570228896104425	3.60055165439016	0.2670023619893341	0.8846737333828097	0.8037845312232665	1.573775179421649	4.920152971724851	8.217700335825999	6.3840834597974565	10.939301377260598	7.110491803790567
ypdB	P0AE39	14.82597098785932	19.166620710069914	13.738478889700565	10.77758752391007	9.540810006016555	22.77919215395022	14.576308172878107	16.810729770617918	11.46217533700454	14.092859879088024	18.301207744190524	12.785007066704805	51.22548239090037	33.03282708288056	62.83321042840843	42.2718681051307	35.12048376011805	46.319587537732204	29.446724244676098	24.128570135922683	23.253338534034615	34.24101176585846
yihL	P0ACM9	5.880979214	2.061315343	NA	0.270541893	2.634818823	0.722012168	0.077073988	0.592123885	0.103603279	4.747066381	0.030618053	0.035769324	2.410578427	0.225988285	0	0.795020082	0.028325495	NA	NA	0.048135719	0.249527707	NA
ulaR	P0A9W0	31.07705088389739	54.581486588142674	37.876540086052195	17.00116808839878	28.08463210597239	20.116347040315596	29.70252076716551	36.016517029439036	22.972878263583663	18.422696365824788	22.69443932539582	19.62419137907645	1.862652319989602	1.8526488569009039	7.8892062633949624	11.661833317825932	4.624467541890308	22.58571939353234	23.453419463719197	9.073978454872831	20.412859064892153	11.715531403958215
ygbI	P52598	1.552251448	5.991351078	NA	0.016611838	4.285476452	2.14153391	3.377665943	0.577920352	0.397382644	0	0.39709457	0.078962852	0.363384969	7.586776073	0.875284466	0.089588275	1.718290713	NA	NA	0.147265976	1.901942873	NA
cohE	P75974	5.165974186673117	6.495519312439621	5.9005557222834115	4.4481850894394706	4.365914402357824	6.226836520392469	4.136195208806158	5.110450773146491	4.413290841739416	13.432641552166361	7.094903998925141	5.1694565614565615	4.253988798641516	6.181521055904601	12.04421572279802	6.66615905949548	5.019039402396872	8.269215925104938	5.9979806848822985	8.243949777705817	4.330896525686234	4.328000409480236
ygeV	Q46802	0.005970571728364524	21.010267068168652	1.3911098234141093	1.9323265019602485	4.346127836581294	1.1446889075229125	0.7988694990240661	2.252131611680529	3.718023601474028	7.5422112214287775	6.581806640291883	7.2764791679778185	0.44864333974729337	0.2257609247676139	0.006065046868325447	0.0064565217708106954	0.12298948961521933	0.006008703272271927	1.536305403482401	0.312190749587013	1.618787873614145	0.1638980351101
dtd	P0A6M4	7.000960475247268	9.403808710116884	8.148291846733995	5.2006196717593385	6.301502871538504	7.627379321678115	6.227427202730284	5.947942258989266	4.726170577514362	4.971328811797502	4.616998501683815	4.0041306276422866	6.1857921942172895	3.9254324315531357	5.5780921573410644	10.929856927812338	5.197954098301367	3.7309141054797794	5.068211841021556	4.411596672356609	1.8457259000699169	4.178336262802136
rmf	P0AFW2	117.12016743155924	16.046080968074982	9.465810489913348	121.30343931239479	80.31511218231698	140.43320431496323	119.59070449518777	69.53605797892429	93.93722405611499	83.21776313898398	124.26699466788736	87.75108176948063	2.765154194262247	5.02206293202311	49.7860215246113	48.61210585534108	294.35400351976244	92.75954319149243	94.02639146914616	34.318767754560604	41.87427363490991	111.6045766304763
rnd	P09155	2.071521853214908	0.3045103391273278	5.418318708522297	8.644118207450246	8.689027163386823	11.517777093672258	7.78603939722275	5.314690724752397	3.056384471425121	5.8062414563685785	2.675738615709563	1.4077400214518028	2.4038593005370936	0.19123435569715252	0.7178824791007757	1.43523562920614	6.65708317928791	0.9517152856145598	20.741220704370402	2.556432587692543	0.7428852286278272	2.7342667891166266
rpmI	P0A7Q1	85.66876167429571	113.38867442760451	82.28138107828272	47.276869598253995	105.59421310199765	81.97507314880362	143.84459869008597	99.0269713092203	101.5060772226373	66.06230648337412	51.541431746466145	42.25949195703405	130.69899827634907	108.17100555581419	141.88478365024463	176.66064380869295	184.30215313894718	135.61430207782456	131.38794991478164	91.9221711794983	177.52974797203169	264.3282322837926
rpmJ	P0A7Q6	150.55396419690618	13630.109048016999	7926.744739818766	895.3564386697298	1351.1151022190666	3105.4678069169913	1351.604107889616	681.2098265503946	3450.1936315856456	2061.8275538216308	1812.2329331679948	1554.268473388863	3643.7017639974283	2286.439520878775	6033.069782974529	1317.6986530972974	4748.059094835927	2135.2604918304505	250.56459796044342	1612.4267358587276	758.3456441811805	1365.0402588994345
arnA	P77398	6.431658330592416	5.634774955826769	1.9031815896829323	3.460404809119862	7.4786512950160375	2.611020505317177	10.286769651520354	8.547245872066338	3.797929753677557	4.163317121013282	3.4993498661452067	2.7767883397733497	0.17275668172005426	0.08613393083025907	0.785164109649095	0.16130509450085978	0.328779335412333	0.24530677110644844	0.1396541049060151	0.0029222373297571906	0.06370694978760902	0.02377557042431124
dusB	P0ABT5	21.66908339324019	21.71084435400652	13.649896559146692	6.826189766468239	17.04644143978812	10.839453249896255	14.098115515683263	18.673789009930157	9.056127001932374	7.548812999597199	8.602363892287501	4.701187097193081	0.3961197174359805	0.23481081667339396	3.311922907567795	8.748238769350031	3.6821553145933517	13.668856598400968	15.669791202335684	4.218607272273931	12.244332352020832	14.670316338624003
dusC	P33371	0.008471489591687715	0.013302580445363716	6.4024739340821135	0.0068027380483822505	0.007514149735371231	0.007773572388431035	0.007890615656523667	0.007290949754439316	0.010271533344365431	0.007122083899493387	0.006177602833915836	0.005594016650223981	0.004805653113655292	0.0047010766531030874	0.008369198231615452	0.009151579278630568	0.14305417864055697	0.008250823807887093	0.007877180106728138	0.006600445003904459	0.016145303913382234	0.008740269917957462
rlmG	P42596	0.06605353510512661	11.916010265080404	5.450169770495601	0.7119656117009127	1.9741900048262881	0.9347365007867254	2.7292126715247096	0.2556956855399814	6.7718499968100305	2.9440949887666594	3.340317493232305	2.8074578172854676	0.004425625627355049	0.8845490298507098	1.2975504454186866	0.3685040681050011	1.5418927862169411	3.958297006527637	0.5769468345658635	1.3893726685947168	1.450342525694111	1.6780306722263614
yciH	P08245	101.59493493479187	107.15232380479588	111.53093915346443	43.62580363351466	68.5019497101201	86.795350600308	81.22347057183092	67.18516062011594	64.66868293276961	37.09222426057649	33.32798896648363	36.83713359326591	58.14507417521686	50.46462090131457	111.36986944795063	73.86971772325008	139.4513912877961	64.02845898930767	54.21459754258982	55.40948263123204	81.60543599786088	79.05609786658144
rsmF	P76273	42.174750952956444	67.73525521277207	83.16954853530984	81.36637793074759	58.521458370895154	51.341940642175345	49.04309726599884	121.79984532687844	50.70129235650593	42.56239743224357	41.56533917403122	23.919172165372267	36.67229834223352	3.3561485341125814	14.766589057265193	18.82914205613405	12.179868738410068	30.291829066337705	61.36080838938832	26.398388613024846	39.23826657204274	49.62898708085974
rumB	P75817	3.9323331	23.62853754	NA	0.421630626	0.064259448	11.0653341	0.451151119	0	0.399988102	0.303851622	0	0	0	0	2.277202196	0.250201208	2.93931294	NA	NA	2.50218e-07	0.179631399	NA
trmL	P0AGJ7	39.81310271280659	62.70891505671013	36.966352840323495	15.17631150168425	32.699414834350726	31.69931291345054	26.391945494644823	27.969661938788473	25.03944315841432	13.907904473631845	8.882794365144905	8.670633732065399	34.60239647486947	22.932654425907867	59.530317337280394	49.968271360480266	122.55968065480727	28.67695735048056	13.659895465676113	10.436869404119745	20.715663192737033	23.102009757076573
rlmD	P55135	1.7075601206575708	3.720707859080833	1.9507944853397121	1.0390954363397251	1.8323640386067905	1.2557233284589628	1.2909636269438156	1.5041185667856625	1.3291931033544577	1.5177880951542375	1.258570098855983	0.7236476275821541	0.41204882374115515	0.33492975865777913	1.2851996583149736	2.962485368602922	2.0814508267840757	2.023140489195444	1.2270128259732092	2.111630399092705	2.1778143325384187	2.2012670203403415
acpS	P24224	46.37183399817725	82.79129395706448	69.43615829607629	40.4301192865447	38.338838269861235	51.08372258654402	37.14744955448594	38.513129008431875	29.443451967952186	28.05289909753545	21.12946601114488	21.26242731990596	13.695919169080492	22.66749309913598	40.461113644163724	48.17450961513242	47.16024491822723	52.49533142318487	40.04793957902959	49.097922249110255	48.87793803561146	65.59832401080247
cdsA	P0ABG1	44.10711301907915	81.19686260060412	13.483978713145126	29.333766217698717	40.49261915433927	60.29577753129803	40.11925936896724	45.32069350940774	57.46305390079614	62.38706257082552	61.72915813373444	57.4004388581964	62.698021169087575	73.6209526372595	69.07865504884498	80.97138120646923	76.74259823625341	93.85407059214481	80.488750246868	67.1051556218876	72.52152833603101	127.63952557847583
paaJ	P0C7L2	17.602002674325046	35.309357511030356	30.977633671293145	13.072031681550966	12.349472699106032	10.967982135590429	12.41368197000343	9.593204257176525	8.233108515259566	6.3639562760577215	6.757524143746504	5.038965790237583	0.4814440319264772	0.5764665306798148	7.524480511990446	1.1525381965014276	12.393586997677357	9.003058347647803	4.400257996732346	5.844134878404627	5.336393081687163	10.01089399642984
yciA	P0A8Z0	67.0040429632368	72.62793804829985	57.820544817330926	21.766696702684506	43.41135565229062	37.55030909647499	46.71124385568637	43.57937705450061	40.03842684619609	33.0337849827124	23.385330114654007	29.99395030537929	4.613634028459361	42.103827522814896	84.26577303442573	168.83862320754554	79.15278164690105	70.98919367820619	49.88741425142485	44.55534842281364	48.151457237210586	64.22186942176202
sbmA	P0AFY6	4.392570672234701	3.7715792566824744	6.849356989367783	2.3553122528276504	4.083223321581438	3.9160940949755867	6.437898097388529	6.493935360336084	3.843518669074644	3.845007343384155	4.345687000032873	3.1286655591436277	7.214308941887561	7.735634284242246	7.335322524051606	12.198248250580688	7.722973455075644	7.399410891025259	3.852802814786565	3.7240901096391212	4.503518449795244	9.708931172089384
folM	P0AFS3	39.017550399519806	39.31598578137255	47.56631563093134	30.344443121904188	34.96752184003779	31.229194279016674	45.41705844862474	33.68948426494087	26.227249539858157	23.05760528498068	26.662037202773735	27.88193243728188	27.485773487465774	26.351053664666814	33.01632630928715	27.890111868771502	37.07886843116922	35.96193489612539	36.054534286737045	49.637837456279634	35.52990080595073	40.929364045026155
btuR	P0A9H5	164.63022258458233	544.628208893514	527.4462898628261	124.78251536689318	145.3257694730855	133.62263725488862	393.14419863808575	187.43673078438283	117.64748697538366	126.40749126562568	115.6945820430787	75.31224554287144	35.635160016069676	32.3198622301644	107.04789539657052	80.68739934018596	83.0747092587107	130.6469354162059	201.58843549879558	166.99765902736476	173.34060763615483	227.70349106445116
folB	P0AC16	18.230879120522275	275.655672146522	274.4845164127087	89.68341620225556	100.87167058795063	35.51604656433361	161.86875250230935	65.63817921911154	120.85064969072819	113.11193978898947	98.15129876399949	54.488882817148486	47.54645226523431	54.52534961850544	140.20924642229065	49.03821549785903	64.82842680889424	116.24373139972563	11.499952757705024	75.72487741769228	70.56890963854421	113.83202837799821
hemA	P0A6X1	6.044393598964107	22.86474017363664	0.007663316330590732	0.3390277806571872	4.097914532373309	0.2098760742147201	4.222039972001322	7.264479805467127	0.9832477655545734	4.685409902487273	0.18539958039881205	3.302863596964625	0.0031899613098510648	0.0031894234313184218	0.055855655213802397	0.005966075621889261	1.7074947316753608	0.2648927161090509	4.540674278881857	4.212817435323877	4.873068558713782	3.0474625774721025
hemD	P09126	11.816577761560954	18.234273649139478	13.231000241812362	13.374080668434743	17.143747817819477	15.946214714902215	13.423616033965464	16.70338099363847	10.035355480854692	13.535609326773079	13.773064646919401	13.982155315229289	1.2531776247384376	2.3853462261758502	10.155837354910506	7.49694430150608	8.11092627805421	9.397038366193879	10.609346149545171	13.953718265843875	13.78697905693964	12.444249434446197
ispA	P22939	11.148008253147392	18.62098565359545	8.52251981381744	7.4502403552949605	7.285653386543041	4.072809499105691	6.217712262304263	6.183505976641721	5.239465469270264	4.8802821740973155	3.230276474241806	2.9560535589865076	0.34561243367914735	1.3111831725453802	4.305246965419915	3.4814038594109395	4.248502301084696	8.065821484868197	5.068844175386929	1.5908088953711106	4.878511543006366	4.64444174028061
ispB	P0AD57	82.07491370178316	98.70147887437334	107.53771330827145	64.80825728385507	76.95744931689643	85.5860744290349	59.436933885100544	74.55965335948713	54.46948178918358	56.1650279159077	52.06889011554098	50.034906328345166	6.929482969508323	9.716486910313884	33.085282821067906	40.73518268439427	45.1567770275865	50.86075058342717	53.6483139199804	32.26345928227501	48.67434686496746	55.3550139092937
lipB	P60720	2.1972190225190293	18.566317355909327	30.875149099404553	11.978098325561522	6.664171864052817	3.0025299592767234	10.332252486373049	5.841527406623897	1.264056327964951	1.626554391441457	4.4642528914592665	0.8689691732282628	0.8228486974917185	3.7004384978385074	5.3824397622416615	1.6769789800836878	8.272337884406864	13.048250987292114	11.711277670780968	6.846856603478327	9.263462481583092	10.740277725233252
mobA	P32173	22.394336829514586	19.021691474720313	23.09664065372248	13.9643238484344	15.417101928823433	19.115405164056554	22.991703998982164	21.86418576622743	16.163806708864037	12.91662604907939	10.799046607825177	10.633988861459535	12.205185659318023	11.300257401008897	34.803366062732245	38.18966831894865	23.662030260386675	17.89805628415345	14.647689814315848	13.855779008394467	13.01761284978774	15.511429187228096
mobB	P32125	12.364720815759176	17.29961148082702	21.566306053675525	6.815423507987481	5.745811196260281	10.51142884030975	7.246385247479337	12.934251511650617	7.215276761509741	7.764120604570601	4.812520620507617	4.085716251799306	1.8119171601852102	6.525029295792666	6.155192772106472	11.15038571462431	17.511873073105583	13.796908754416725	5.5122056624621685	9.178024112459452	5.797379616719223	8.230095733464953
paaK	P76085	0.008243207639673861	5.326354470087302	0.011126129761859407	0.00659138876588302	0.007243589131666062	0.00754436470786092	0.007536799253082545	0.007121249197857149	0.007742843517709972	0.006781401938493634	0.005867681402666678	0.005431680756114076	0.004589603166559486	0.004556608887957143	0.00793226425797929	0.008598626191301322	0.008352318543520825	0.007988819934885668	0.0076650070157073345	0.006228920184382219	0.0073647848298425325	0.00850101890833366
yggW	P52062	1.4519011280174792	2.087462128172217	1.3057779457903407	0.640683430493746	0.6063438761703958	0.8472302591182005	1.1361574495616893	0.9804434590863752	0.3369210905396131	0.007769781125707371	0.0066730826724454686	0.10364950408929663	0.2613653024351268	0.23631375348667574	1.1849523829258166	0.4438234778753275	0.2421154780939331	0.0989930573125716	0.03519806773437365	0.6166656566855044	0.1842375125881577	0.4084071595092561
cobU	P0AE76	29.8895207	19.54456427	NA	23.63720462	19.56528794	24.1044241	27.64948343	24.27863301	33.12775634	27.6683307	2.638146469	12.56351019	0.59013385	0.483567556	7.303603836	6.277535178	0.757189083	NA	NA	8.849421965	23.23947204	NA
menF	P38051	2.5235359113748146	7.194076239896069	3.566196007982552	3.089109664819708	3.0204361013809575	3.8086891164065024	1.742988182059461	2.879028722503034	2.5557014256193895	2.090450062319329	2.4418887392634363	1.7730683498661717	1.3779017183943914	1.1379541051076973	3.3633014989686982	3.282345074290038	6.169488636141643	2.752937393247733	1.838705645571436	2.4630270520719004	2.703143951991811	2.1173709987166434
smtA	P36566	10.63375367	22.33468976	NA	2.556449686	10.51589717	14.96146288	9.32168344	1.4065485	21.45597083	20.06718268	1.923344295	6.377991314	7.159510626	14.27165511	11.06257754	7.352636959	7.919616282	NA	NA	0.894937244	10.90543631	NA
thiB	P31550	18.47926547130969	81.71824383674401	43.32497089877542	19.04158400995802	17.711652093034484	22.01765315318005	27.093582299951024	32.76748091120804	18.624276118691224	7.880770364239004	5.906780140170926	5.6452995133399355	3.6208153783136483	5.4166481369163435	12.41212333046651	0.12776004816085576	2.5222517941486386	17.33660478143659	20.651974488524612	11.614498739095186	27.11268844678023	22.531655204561435
yliI	P75804	1.2783729324790103	0.011733657739292573	0.01028328093732622	1.4559121923186298	2.259494707080893	0.4962918245685	3.1413848856261612	1.2169927527901963	0.6941596131728531	0.8929997253435172	0.4619582788428631	0.5035006364112167	0.004143269259464094	0.004124680014369636	0.22355000419804236	0.007790676072412581	0.22958813717660198	0.4024869287159184	2.537295459891903	2.096448596616097	0.12305250752912003	0.2952563420600019
gntK	P46859	15.901405642297814	19.149656004949062	4.017014148572316	3.6082704061880997	7.625468251916589	4.661790381570707	12.654890641878321	5.070883153839661	6.461375333161604	4.088605778256232	0.7843845572059722	1.3058788012216072	23.35290021888793	28.63314809790839	87.6901968916379	40.79872511757103	263.24874954428964	59.9090619130955	55.675461123064274	47.62048566505193	46.52239879434703	54.15138760270168
malZ	P21517	0.9087727626087857	0.7482261303404754	0.1699908048005511	0.39736780681938394	0.843140881363188	0.48776860270331673	0.578081852561347	0.9258194213404985	0.5823050761138628	0.6726390204985018	0.7251772539465731	0.2961583046898332	0.03787822214683099	0.05655985934263887	0.004174357148507326	0.004455801764972915	0.022210783009594698	0.16195948871131982	0.23332298255866762	0.3027960324433966	0.23759466523015382	0.16843627830626878
uhpT	P0AGC0	0.7810504508230979	0.9457142630467877	0.42276210736317227	0.36904202244898193	0.02599969822185833	0.009283417058733227	0.00937876234461515	0.008749459070796384	0.2832197495593502	98.75099634020502	66.40625704945819	25.077010539987103	0.13633284381113478	0.04361039556301938	0.10512385101423248	0.013876450957033663	0.08569062649960626	0.010039621076252912	0.016777810386439516	0.007982891279072623	0.08613955752773497	0.010442381221047252
uxaB	P0A6L7	2.332396394725816	30.966653651936202	11.729617317052183	2.4603599992026117	6.210432866377904	4.285238565235831	4.297745309014396	10.996636488610914	3.705523171373486	4.946797044717939	5.921408094057995	3.8916979089212163	0.2955431088828557	0.013766666151657544	0.005437549980230479	0.005935406932143507	0.005784082569930194	0.3274382229052946	3.0451290849767614	1.5846316611156526	1.6068621850666653	0.7006392504108448
agaV	P42904	17.951513385129104	60.855900356651084	63.71995759993792	20.167477492273946	52.46546408957022	48.72438433704758	46.876620567866034	37.51994242869822	43.729076790083326	87.43515032816472	89.91319626979427	98.8524092343031	4.481390408813263	5.954043797964852	25.413325350779836	21.863143877148445	20.350686886869386	17.69299342909887	62.1707308108844	62.92192316506717	47.59356450926671	25.864666672034588
chbA	P69791	0.625097055	28.58784526	NA	0.175401977	12.87942486	1.531155575	11.94213812	0.511352534	1.587212343	0.331741401	1.495742425	2.504313577	0.639273789	2.014075851	5.104983927	9.493762575	4.722829517	NA	NA	0.721702252	8.107905078	NA
garL	P23522	3.296447873052444	241.30514818472903	35.4598564396099	7.858990167360211	1.9501855556201373	4.90561353800806	10.950535752566783	3.992056737490538	13.011533921313585	12.592090984006653	11.773661358159949	19.06247416528924	0.4780695935851112	1.0551062062898255	1.7173208594993932	7.323960685288229	12.366264865542481	1.297866130968939	5.445914342574121	4.0898798827379235	7.765287802125998	8.150707881113576
nadK	P0A7B3	19.357318230327024	23.122480807339322	25.198777439803166	8.809344736144958	9.364884480166616	6.924661328630518	10.578095744958759	7.31196743098468	5.60791322745331	6.091665997348518	5.542481703858973	4.552351776734666	0.006433360869270611	0.006341038742794913	5.640053175768204	6.370664652497891	8.902212589383868	7.636293756939458	4.853540837903704	6.7724431326925565	5.836774003196132	6.55740602871607
sgbH	P37678	45.82719194	22.42155018	NA	51.53010063	3.654354531	67.8520812	22.4156675	43.80179819	57.34462795	179.7141044	14.3800704	49.92415898	78.04740727	6.745875196	147.9026667	297.2298882	186.6856771	NA	NA	26.4471258	31.23354815	NA
sgcB	P58035	146.5789455	512.3690816	NA	152.5149394	219.3011051	251.7650273	137.1506015	4.146697239	78.56630335	1.234111456	165.1961989	901.4461932	258.7775988	577.6085736	20.72325215	114.8075622	28.22312559	NA	NA	63.03646138	4.977211749	NA
yciM	P0AB58	13.57976604	17.90316575	NA	7.82653937	4.021361093	15.44875985	14.61431982	13.87397695	12.81342485	11.43264267	4.512475911	6.89074498	1.334132985	3.545087785	8.713684258	4.89236196	8.380291384	NA	NA	3.503391315	11.35645684	NA
yeiQ	P33029	0.489216989	4.309099713	NA	0.036188627	1.377763747	0.478103929	0.935358472	0.117157913	0.053187928	0.439837039	0.118444145	0.034923493	0.520254649	0.886374531	0.733865249	0.193067099	0.044008267	NA	NA	0.022035216	0.309118804	NA
ygbM	Q46891	7.297392373	5.098485712	NA	0.896770651	23.44345547	2.030413971	1.789758257	0.836940128	4.358917732	15.8808119	1.174046266	5.042667997	5.39204727	2.708499412	0.573408982	6.425228677	4.281134735	NA	NA	5.940350004	0.451374711	NA
ytfR	Q6BEX0	0.3367319221569832	1.715935190664751	4.350630483579977	1.303202311737267	2.184443617555925	0.4262596108416918	1.8454536856580859	0.6662622891312695	1.931893955487151	2.215717435090492	3.6249873979490905	12.945033212001755	15.109660361777738	0.5423203842863502	0.005488721921571505	0.41677420460900455	1.3387403346580908	0.06800043474822175	0.033572314574148	0.4058355540365774	0.5724892135642882	0.04615974193724098
cyaA	P00936	3.1898037564562056	0.005220841710974827	1.9483770417592126	2.6929251319026766	1.6166448299166962	4.138859571993269	1.9858570659409034	0.7531743784878924	7.216007537221935	3.875995595698193	1.0004562654879416	0.9331164351045027	0.6735520426598897	1.0564510466020973	4.258119250457569	5.590482606098002	3.6492551454883535	1.6377061719956059	0.4488933003731817	1.9931049550406796	0.5636299509400085	1.4808769160930675
gadB	P69910	6.547567785123917	12.517849647379036	9.139076146701978	23.895333387170265	7.342161111551048	13.917930877066777	3.4177523043694618	2.1173703015075245	7.194448510862364	8.395944320486702	7.61825019778401	10.461528247301148	5.822668178394122	9.117075479952982	6.534799454733674	8.018909837777606	108.6698296980733	6.220109312777982	3.3317736263393045	6.358151329070557	4.0091712077657755	2.2716540643291885
mhpE	P51020	12.918885276102001	14.364125012530582	5.378198788298326	10.072887970932552	9.960807139948265	4.927388323705255	9.106059252712296	5.426717254872482	5.990407929801553	9.108177301196045	5.557580935981198	3.6818540217014766	0.4907381972747473	0.8025234343713789	6.190881363561219	7.682855800211004	5.132326206797784	12.960403830949808	15.364490368112785	7.9311755911353785	10.865908794891178	14.81424938969445
pheP	P24207	90.52965015580162	16.32273354542214	10.642981645383653	39.54680877739835	8.875056302089314	48.66281005353954	7.383610722700122	7.230720476475709	12.651892164186311	19.19047340261991	9.622710520871543	6.399712792960872	4.127142109380719	2.702514139160248	8.437554657815832	12.580394261853666	11.766585638977107	7.4703786988882515	7.024676760999087	3.676517974766049	9.191660582506906	18.487037085809103
ybgJ	P0AAV4	130.72186741044501	174.270068796541	162.86496708475534	122.1074308474054	119.94356581884703	120.63686172533944	125.65805824487013	130.49279219230047	91.60500443788838	94.49879329445596	81.7598925320991	53.89495523344746	46.65160999470554	33.947611848543694	161.90773506598953	205.72272760806527	161.31840861492987	140.18200881801994	126.87807264154756	81.40426776789015	98.595062225911	134.05511271964616
yifK	P27837	6.720821342061192	4.959531992438165	7.495388670629816	3.6656162482742713	5.421516454319317	6.40580398279555	4.488244665375628	4.609461331416012	9.630369148134852	8.209155921488426	6.409619545928681	5.655091006104894	3.852064755602875	2.298620728737374	5.157770167626213	12.587684849624205	5.3723745018506905	7.77772992143747	4.099303046124093	3.7706480366633413	5.060069007066112	5.413583753822913
yqeG	P63340	0.014577762967241926	0.022680353809940115	0.019748211135075057	0.011883276324008313	0.012947996895688395	0.013417434407685027	0.013669693152602854	0.012773180748154393	0.01379756731297355	0.012267086744331262	0.010752618082168661	0.009659481295374094	0.008245015579989173	0.6409097829783148	0.01447766278537069	0.015462348162390914	0.014908543555569448	0.4023088341428265	0.013720421717352422	0.011380100749303911	0.013305401096462681	0.015271817053007116
allC	P77425	0.119065286	0.002291178	NA	0.841820499	0.899096865	0.466844728	0.604664357	1.478177065	0.047673836	0	0.041136369	0.03450919	0.070709534	0.004987679	0.020966986	0.030386052	0	NA	NA	1.579133303	0.30592104	NA
dtpA	P77304	0.010011437014594433	2.6332661934653037	3.359263496817103	0.007933272494390688	0.008796237718752487	0.009079063327248824	0.009182779460150675	0.008565418091311438	0.00934472761319434	0.008312325715953129	0.007157248326348645	0.0064289535165516516	0.005548398310912167	0.005507072018566636	0.009631556734624042	0.010382050756043006	0.010108526931422149	0.00962536447294708	0.009146929374146108	0.0076378741637265594	0.0090488390312442	0.010371583846150174
mpaA	P0ACV6	8.844105240810963	14.76480461653896	38.90920247512597	31.07616170512349	29.21628639950452	32.64773723563371	33.94109438319387	23.08341188142112	52.61179823675709	69.8736066552005	69.0327689868375	66.11868160848047	31.582324687334438	52.271432762931326	68.45668986974421	12.334461942830686	60.66749124452831	43.82934016683561	1.9243689780535544	102.19487623339106	26.775248863464526	19.327667407748013
potC	P0AFK6	30.41865216149367	90.4448029152649	59.8909974598165	27.388979483151843	28.072983112280273	38.401375769071734	30.595527471828913	14.769959596723382	72.09823281910869	39.42276058154276	36.40454281346449	20.769328508019623	25.791160010276297	26.46502429357698	29.82067799465059	5.400828833585397	37.854564030648916	6.332715879232738	12.440949522835965	8.131569248324325	13.711352856551546	64.12621525999494
yecS	P0AFT2	131.889126749543	43.77357016166989	75.64167104508705	69.37466590592128	83.91430885371717	136.36258714939558	111.36728124120461	83.82114940254174	162.01919515243517	114.24565660071389	110.52513498527651	135.2902741826253	91.39917532778567	94.1960393220093	80.49527953568212	119.680218509231	177.586434981753	122.76112917682457	114.00911964274172	75.00384827256403	79.64265184878293	97.45512308579134
ygeW	Q46803	4.854976638	3.934493246	NA	1.265119816	5.709592197	6.016807296	3.439813563	6.147805622	3.1223252	15.73190463	0.210635807	5.839075863	3.827745626	3.117848594	2.634195733	3.152846625	5.918088444	NA	NA	1.997842015	1.961718148	NA
yjiM	P39384	0.12453134572131573	0.012622232192968288	0.2159059878293741	0.24383087169368048	0.007162954731174551	0.007476526843084785	0.007524747154575904	0.017724165506713716	0.040754809486369475	0.04280519889790961	0.02603104221102099	0.4108914845080011	0.004548828505271098	0.004532475414816344	0.05144746434711898	0.008593844186235843	0.008478188327465308	0.007921926437641518	0.007651070132576586	0.2368303300177482	0.16487424938294762	0.5106237853770916
dppB	P0AEF8	14.994416242526581	5.399048831366641	79.13124894900211	21.080730586228647	49.205962106678086	26.036450905610938	45.49798813455858	40.97532007796052	54.50919071258878	39.255364841694266	38.69011473332739	34.55746114560581	0.4983888412367129	0.007765123309125983	1.8145592855095067	25.78612598475518	5.6409308849437	28.48590226385904	42.83245175201733	19.981163073825122	45.66027757217382	57.113706421688775
dppC	P0AEG1	49.36682857568943	35.95269594186832	218.09427868549324	60.19376775251012	127.54730220631338	80.76830297430173	82.6200213177787	151.41775118354053	128.92932160900529	106.91038208173273	98.54849616178443	77.53132207251899	14.274940295597471	9.88927893934508	24.909795064124946	39.1498895268841	24.62947701264729	55.07664407117238	116.8568608298738	59.33745168688934	111.80782177066192	119.1073822019616
nikC	P0AFA9	5.345803140425517	5.973047906524142	4.83090910515588	2.6115055489415018	2.5881979086013747	5.249721375452463	1.970209302770369	2.2771449713505842	1.6565768360522062	0.9446532174117462	1.2280151721684387	0.8369039632145249	0.008112320469693303	0.7196553002300984	8.342109909541925	3.576553542517359	14.28347239779716	6.210491929196695	5.191384703051604	1.5838029333748744	2.9781217839981236	6.390822708384239
aegA	P37127	5.255350077	0.445782452	NA	0.005921164	0.597373401	0.304907427	0.375219199	0.052838158	0.290965162	1.73612e-05	0.031054708	0.033889217	0	1.245883626	0	8.210010824	0.06078925	NA	NA	0.38086351	0.068253967	NA
yjgM	P39337	128.27503916987996	81.87373016742916	82.85455648006794	67.71540980018936	71.87368591446075	111.67719979201584	88.14884463997343	96.29288523155175	66.12338623647257	85.9612013805799	77.3001810103151	56.762613897494944	133.45217426710727	61.11831818660277	172.6652053448553	296.5069971545546	164.1634481212823	139.54002635669872	105.12510683799357	101.14964303436366	77.70742547898084	118.53676229899115
yciB	P0A710	3.7698588793836043	5.665489231602506	3.535548871404722	1.0972283537931353	2.304552068171543	2.044114835023656	3.894144325273622	2.738585515706829	2.910885540854693	1.0136471513376415	0.7354891028502052	0.7296721866660375	0.009026431319752766	0.008907648326622957	1.3849847859324305	3.336948718921699	1.8198000657104036	2.1461916472923743	1.8593586973785037	1.302232447976481	2.9584865385072048	4.87659406555603
yefM	P69346	80.95146841638756	88.42780304784398	72.67047322098834	42.8801184293026	45.9472943065699	55.1835577677581	49.163753370413986	58.42594403062675	43.0392840017196	39.42323064318726	27.455618673436668	23.402398828923104	16.1667465611696	8.571999564179835	50.14885058320304	73.68290363556484	94.02453231216626	61.887296360482985	64.4047913367958	16.6215984823929	55.53448018171024	74.4519098458864
ftsB	P0A6S5	27.536398592177957	23.991534729857737	30.02497485485038	11.847991423025201	13.007311764506033	15.37714781247163	18.10981785420567	25.686063913445942	11.379158688497048	8.544658042734241	5.945430124739032	2.957952741791339	0.01082597054511108	8.680865173189305	36.37170611057967	41.828690916529006	35.113543168700964	31.831898439195847	14.695963324139301	14.183277705727857	11.62778269925891	27.447798704418606
tilS	P52097	0.7934231085172175	4.090844987350077	0.008434461338760515	3.9980736172171505	4.964846959994649	0.00561813059312248	6.064588601439973	6.492888690924669	7.491473135321249	7.134348389076017	6.641841262227814	5.489446775585472	0.0034078327532353	0.003402174157851759	3.7746608524173575	10.772789574081756	5.764127327270038	7.074051973718543	6.766023532510634	3.2575322987817064	5.266292692257736	8.847711242413537
fdhD	P32177	1.4639984958358392	1.8629735185260876	1.379988769294547	1.100734408424272	1.1107519328202773	1.3311671855421692	0.6225241163184005	1.1383911659530077	0.9816681464970951	0.9593338434501397	1.3602503488403697	1.0529852138377032	2.278802817700013	1.0513806934159073	2.0685169988746064	4.633187960962789	4.231493187215782	1.9222208194232049	1.175784338176283	1.2104572704780376	0.7922678868119926	1.9624429149996228
narH	P11349	0.005564382867696929	3.79984760186259	0.00744969676251912	0.004451056305773699	0.1566714497326125	0.005005934754617544	0.0050732427926688025	0.004845923305799278	0.005196709918609448	0.004583935435358811	0.13347999986279568	0.4997079916018106	0.10189214880966642	0.003071501916670998	0.25010878611425524	0.005755371991616102	0.7013122889650233	0.00536268599518745	0.005145907977955911	0.004267179673664262	0.16394643721945976	0.0061386338111680105
narI	P11350	0.021976201944106263	0.033295755204430295	0.02911258945090856	0.01742759086432674	0.019164496484525683	0.020113293815874088	0.019959862298426518	0.01892969402979765	0.020178172287403987	0.018006992165812426	0.015681682811142437	0.014071749147722336	0.012026913125317102	0.01206922577332571	0.021010686615156097	0.022967627229860316	0.022243586648241755	0.02135340599817529	0.0201466859320803	0.016719552025881067	0.019699200542860798	0.3870971025646155
nuoK	P0AFE4	229.4546514240191	384.2709015215894	515.3835119228738	89.66107655576549	134.9681596033079	205.74763471953972	500.63466515202236	195.92383763405482	266.8787601500554	218.36760136338896	179.89874808896974	167.6770823763363	61.23464579247065	76.33768223938989	273.906230086458	356.8301208284641	222.02619476484728	291.57567875342824	196.41362874817628	83.78616239031385	171.61752947852224	280.708446137856
nuoM	P0AFE8	9.96439708994803	66.44130872664621	35.659492795937894	5.666494405278606	8.914783193538648	18.140896133156794	12.7146847926295	16.803350972208644	26.72086822320044	25.29139573804075	18.950493595094226	16.65487895832034	21.591704369592264	2.1478365323439355	0.7640559442631256	4.907155026365783	4.423736741380627	5.660261398353586	8.46556899863659	4.1449657861224045	6.76693691172576	13.486727715144744
nuoN	P0AFF0	20.041334518855436	132.9528458259464	77.77143439491753	20.85655829610065	47.154211976930746	61.43695321267673	70.43071577743001	49.151532374760556	109.12411450033748	80.86365750490691	69.866906460827	63.71790461670079	3.452729352212613	13.988103173612926	17.652101718518853	29.240260979566848	41.571640289887526	33.819357941759854	37.449785780550016	18.401963534277566	25.657477075238777	57.82631286302059
paaE	P76081	0.008280762480037424	14.929159142099659	0.011099393500462419	0.0065382144789803524	0.007189082547287857	0.007439840682804364	0.007595848068319993	0.0071512202358637025	0.007638602714498565	0.006724133936243759	0.005821159592684062	0.005385336972862372	0.004600004451711637	0.0045449960864333725	0.007926500405643806	0.025999448797616197	0.008389765324999627	0.008007521025940751	0.00758438012329375	0.006297834815127026	0.061931453566059	0.008418628368155672
ykgE	P77252	0.011931345539536198	50.85105882283889	1.8194200640914029	0.009500039059331358	0.8013327365722942	0.6599719492804231	0.47396742018623067	7.51912624655072	0.011314485017632462	0.5855655823102087	0.008502141104927825	0.007746876462142034	0.006590629995453911	0.0065870539564874785	0.011559284251629314	0.012455833171365279	0.012058285602359282	0.01169139395889233	0.01090782328285148	0.00912649969272875	0.010754914266482833	0.012266743884343479
atpE	P68699	285.9811381410486	564.7315664695076	519.3194972663555	144.73844199536816	249.16415120851707	360.6362519909737	376.1685528528683	370.8948409729502	191.85315531800032	225.87975090597558	181.14788641054392	138.23620100880697	262.74275829987084	228.09810934219016	321.0302250430506	221.03265064110607	309.06541314179606	322.54206722078084	320.65624817685955	188.74046693125612	306.35790025924734	350.6589045128363
cyoD	P0ABJ6	136.1011504668993	324.1316143008554	136.6823402321646	59.40950790671049	69.90387361953326	62.726696445439295	33.24209291318642	60.98136105996681	61.03398793758288	38.64054322455608	67.74750637440228	27.510249007472133	9.442402768932773	1.6813312860688416	244.44501289609656	125.60601197648195	131.76045971203578	48.212693919256914	72.98855688800204	15.348781128633066	43.69925162490379	84.19122435814447
glcE	P52073	0.008543922919006408	3.019224257342956	0.011600981323393699	22.63585647997965	0.7026246062542754	0.06927634427080344	0.00790817704422249	0.007461547910686834	0.008130913395920748	0.007173069147675065	0.006149175675087263	0.005543005134374674	0.004804726525751566	0.004725742434832858	0.008384144570481181	0.008887895734566706	0.00873829285876757	0.008393841685399283	0.00797318816800198	0.006575308877666903	0.007779494497912748	0.008833847709382352
hybD	P37182	14.558496224337906	38.99664370191027	10.690964024628554	8.808702023791886	6.4577781855181	4.031334537648777	1.4301913649197904	4.681057879899246	4.0149609858596955	17.4379601688572	6.4868106601273645	5.965962300263268	1.2840356863909883	0.9534352421217667	4.111188183820217	0.3920143868359816	6.261071608770217	10.707393861643185	5.400171721643751	4.330512460726529	15.016088931646475	7.258476897656859
tdcE	P42632	30.48107378	6.14121394	NA	0.018563004	0.659213399	4.658638673	1.07348745	0.036094956	7.26575962	0.484486053	0.298965281	0.023889472	1.609698073	1.256911436	2.80929997	1.476305913	1.923788836	NA	NA	14.20346827	1.074320199	NA
xdhC	Q46801	1.982001773	8.370552377	NA	0.197762533	7.607614184	1.794730898	12.9073421	1.485777756	0.397378474	0.202755021	2.932871556	4.340123799	0.5266623	0.086156609	0.043184363	2.288041813	1.339893301	NA	NA	0.828387041	1.657795484	NA
ydeP	P77561	6.458656082	2.2281448	NA	2.507055895	0	9.39643361	1.709814591	7.430557377	7.866342431	18.56955793	0.626425223	3.113641909	0.10366817	0.665373434	0.141670494	1.935774825	0.364298422	NA	NA	2.495698956	4.811864723	NA
ygiQ	Q46861	0.100279364	8.696374623	NA	0.036590383	0.449146557	0.05911599	0.335835919	0.178341259	0.023702732	0.49984554	0.072420167	0.029512481	0.29026286	0.094267017	0.104855169	0.29431867	0.090883735	NA	NA	0.045257881	0.090864355	NA
ynfF	P77783	0.004108539282581761	0.0063692968646698826	0.005563453799156986	0.0033018814857977835	0.0036450313240190225	0.11242642333858824	0.003727020154102661	0.003540343764686378	0.003903256022606275	0.003378113393210577	0.051037906471742764	0.0026979770383200085	0.002288266387723728	0.0022702734792380383	0.15009266134252197	0.004303419391018613	0.29680578316094247	0.09448149992215654	0.0038092293905342967	0.032319366155471284	0.003670141454833305	0.004300494558308406
nuoL	P33607	1.8630780954694772	9.58887473928524	5.21553668128668	3.336645440348713	3.2070730744329103	2.2723896267664956	2.439101964719076	2.1607079868970014	9.336999000781589	4.39120428334413	5.031810467031081	3.8080124715692083	0.004587451845325748	0.004570468231899266	0.008116561166764182	0.43721897658907055	0.7054601011100183	0.007981228692897356	1.2209886840163633	0.3839956068502839	0.4966920219762255	3.327028839095904
chiA	P13656	3.020887538	8.538326498	NA	1.21773671	1.528856686	5.369527519	3.502633497	0.102053821	1.779906094	0.945912448	0.504947681	1.219898336	1.358695016	1.586242595	5.381474146	2.923076622	3.408738352	NA	NA	0.59228992	2.54243754	NA
dinI	P0ABR1	112.51101713139319	226.23995091449902	236.37672911428822	11.691467879512349	42.344137670270264	69.62075349864554	52.506183810267736	13.500416968561028	26.377921958723846	18.918669454180886	16.495210332757136	17.872509583545863	21.261692538704118	22.480715766915576	57.24755402241354	43.09389759411692	34.14967837487503	47.59526035526207	56.76149306958998	33.85499734372857	74.84321597734846	79.28846794784926
flxA	P77609	6.982393933	0.451197303	NA	2.955601099	6.819767775	4.964322488	1.809838665	0.728552985	4.074923328	21.87361441	0.148541949	0.193244871	0.183174513	0.411656835	8.98309e-05	1.586315504	0.415238616	NA	NA	1.180969052	3.872274649	NA
nudI	P52006	20.84912195	82.55709255	NA	8.233088499	77.47671667	16.25133695	3.914673287	1.273625427	17.76376885	3.261025806	103.7382935	1.474663416	3.940404426	28.5392303	0.624730039	18.84396609	36.67098458	NA	NA	4.736446636	10.70679346	NA
nudL	P43337	9.592803822456615	9.180431785358556	10.008984164900339	10.557095736302177	11.745414569404069	3.8153767165574473	7.858201844563712	8.936780506453113	10.67157511559513	9.213397257416641	9.492160071995057	11.029036441698517	13.173581338081554	10.057086367748967	19.15459017624401	12.336685035322255	3.2202336620733867	5.188451145537813	17.503780730735244	5.250080437567993	14.960595453204434	15.459159222707925
osmB	P0ADA7	4074.3983977162047	973.2882463139256	1039.3456065467276	6467.452462213414	2591.805566029044	6963.911315169191	2310.274692498246	2529.2177717227064	1902.0419372089939	1959.6843929214108	2596.905743691259	4135.734688961568	20016.71662620112	20790.412248062265	7511.704519032313	8601.835173044283	8137.952276127826	9438.486186994067	3406.3240050552354	3318.3349109401606	1650.4745301747357	2067.637151193747
pmrD	P37590	3.6274619750598003	35.78679739061572	3.881538529167306	42.6293891026356	6.733245602790398	8.827751001537514	4.595193161165818	1.2637315172074643	1.0880718113325885	1.078451771809008	4.725785572096777	2.5025284960078995	6.882922360145237	3.3410937417273257	11.446860589762238	3.1559614297561973	3.9042025547646535	4.66905449335961	3.6014054121208785	4.5068471580554705	4.962436480151167	2.622460588280194
racR	P76062	166.34761235471927	107.99893816514867	42.766447176344	80.75632611992154	85.73839089320896	92.64514620881994	66.13000013777321	72.59930427011976	56.127249400393005	68.18705056181216	74.47982248170389	25.597876506527093	35.396489154989354	37.63559728867017	96.79837335432906	43.02384269509658	64.21990774669649	94.30896558313461	89.20867596992329	51.61105971849278	58.907492111714156	42.926310825796065
syd	P0A8U0	77.0263984620158	157.38116196065795	162.9433850197706	41.6024300119741	66.37210050699468	62.116094178470405	60.909878710797045	59.72606493287683	51.63799478221701	41.87476539538961	36.135531861967436	29.56060030325006	28.861760918280748	0.010205012829032268	0.40061010149814863	1.4433810092515278	0.01901332150505088	0.022715881351899513	29.820880888052585	0.01439217006556559	3.586119494992312	74.28794880712316
yahG	P77221	1.021979639	1.142084197	NA	0.421847268	7.205380429	0.508213449	1.583737425	0.752337824	0.73770754	1.287601623	0.071680178	0.940626863	0.054675289	0.027730454	0.375432629	1.683062107	0.88102796	NA	NA	0.228683699	0.551351611	NA
yaiW	P77562	0.6692363133115375	0.6519373485617138	0.6491269702306749	0.23331372064745326	0.9407667344786198	1.5572736126667066	3.0466166674767248	0.8636790267540719	0.4327619250239371	0.35848089923437415	0.18485875693511847	0.025371735289360764	0.005029027860572258	0.7362263129300436	1.135944967778162	2.963446938330262	0.8043587644444533	0.5774891229725079	0.10183872934713795	0.583603771025911	0.2894116676222403	0.009345087824201861
ybiJ	P0AAX3	75.3090513924637	5.248156750842899	2.3469447983414997	13.8214236143432	54.652877063600585	0.02935456057608334	31.763013945503005	5.595639713427924	10.95321763630683	0.6568060880241223	1.7376202253958262	1.5228954510140074	26.291434926371977	32.72674108858109	22.056709768639028	13.75722587933632	371.8541694441963	23.942955710300033	12.420907820505628	1.4643794050807095	55.59461149074009	32.670235754562064
ybjN	P0AAY6	111.17985116450001	333.34141632919886	226.34063008478105	41.248298319235836	50.82885095907489	49.02640248458055	55.50498514567026	24.81698828441819	28.15811548634359	9.972401179490731	7.2534011078616345	0.26717731796720245	0.011993643795994697	0.011869149627316299	93.54136891265388	0.2972968239373879	1.903903642032133	0.02093907716625628	0.019553230469489983	0.016534986223436122	0.019222826382145383	2.205078051736602
ycgJ	P76001	21.834491258222442	30.478867319232887	21.745224555011234	14.416585506459807	12.967552906442833	21.370177865467408	15.372118126724686	10.730468963486345	21.827117681515745	17.61422783827019	16.96950585780015	16.67565322410979	35.82285032993662	41.53543832306381	67.3170933480441	38.159372647605636	34.80811636563692	25.561033211144373	21.112210728343555	20.82943999196858	18.362419321377985	17.13048078010317
ychH	P0AB49	0.39482030136159113	8.037420038282926	1.8381973062703052	2.8368444671260176	5.999643632277351	2.251337137459413	7.942159566592656	2.7878085414152913	4.608268359606839	5.927069950945098	9.663632978444296	5.967016455897131	97.22989576045474	44.56464621337356	4.8730931724694	4.443883740050245	10.339104682938364	6.966347775216352	8.561979490526	8.228929235270469	5.213911055576098	5.728875114205716
yciC	P21365	10.261386100894502	19.832163527444923	12.236707967722984	5.105152710823121	9.710147005851033	10.642871520519535	14.181615353364746	14.746159967911993	13.42509499687728	10.842289643787044	7.6659051926352815	6.965457723216286	10.4216215757907	5.826518931990401	7.295860020117533	18.704982005052297	8.86292540595355	13.130043511685411	11.264599061905908	5.751782091823674	10.764728904294492	18.99516673632861
ydeQ	P77588	3.981387544	1.6034885	NA	0.134882253	0	3.202704573	6.070704494	7.07702e-07	0.025936259	0	0	4.514486874	13.2132421	6.82123649	1.655738036	1.321565127	0.379241745	NA	NA	0	1.053138765	NA
ydhZ	P0ACX5	74.06145569976738	89.08926732159667	61.0557382355636	20.938715494570847	31.527775254456124	44.96345448323093	45.371160122142854	24.74027460914389	34.29264721108094	29.26275179001851	19.422046025358824	16.28937495894624	34.320080856026884	35.79257592054583	85.78791666840154	69.46898951979247	23.62253220345415	47.322230052873046	43.919653864407	25.95244749288655	31.27512059748187	32.3292806183062
yecF	P0AD07	259.2197708471211	1184.2840561626583	493.42052817902083	113.78081101388908	176.96588980752526	195.3237199146998	145.25812091037363	117.50418172910166	150.12763062754615	93.67958910258466	89.27540799391726	82.59520803264832	124.61383894951057	101.15369599682045	268.3662258733771	161.41262033418042	621.4104676184046	363.3613473858775	225.3999242570172	126.9224548490058	205.72774292589781	290.9303612503904
yfeC	P0AD37	11.58916178712177	179.76680134623305	56.69096697579363	10.813543394873932	25.166984003310056	23.051064569623726	17.937864965522373	17.058218147116765	17.704048946459842	15.536449836522078	8.433914429957115	4.331420156396295	1.4258425715062193	1.2365330086118695	5.085744599363112	8.663790944200016	6.011468588200516	2.62596503679474	20.855049527637863	2.3815598431555554	4.477062374828384	3.492354914671711
yfeD	P27238	14.52895197	73.72569439	NA	13.14379827	71.29777025	20.43751104	21.57315533	0	37.56151684	2.642401789	77.22042446	0.807495192	1.746230355	14.92948326	27.24117002	15.00878708	42.39582022	NA	NA	15.28476955	8.120819046	NA
yfeY	P76537	56.250139821586714	41.888638274384135	20.686337037264426	28.092830037736352	40.52534849252926	30.48059656745252	46.32838567811236	56.470059279803756	26.348040639490414	30.93489493520339	26.77679491945144	21.9981364370091	0.7946778144399859	1.4858153400723235	44.86547061843788	2.6387273134268066	40.69749360503513	0.49625320395080136	55.08073439510499	50.11132360350338	55.99188288755716	56.16150850654278
yfgJ	P76575	6.4901827943623305	10.846763463626775	8.672911298602362	51.36200179423803	42.51645424713124	4.186750326640096	45.9461330244659	19.468581035936104	93.27639287464233	80.15319893547894	93.63654168713617	65.86969451420423	1.5615684075770446	4.450573547975669	3.6139782669921963	7.213171228705507	12.336138432449959	8.867571909908644	6.569470269616464	2.8060052490860854	2.7227878354687807	5.334831709533332
yfhG	P0AD44	9.546747544066493	9.249466709571607	9.461467972513416	3.3048781890465624	5.272039328499304	9.077841389547146	6.702628552614216	3.956458396814967	4.44234898147861	3.9926683123155446	4.580526399946928	4.0038443601264975	19.30537251190438	14.876623815764706	107.58876403131555	36.5245961597559	13.5531448739873	12.263528572145901	6.949776660207849	6.042216596749745	5.959170718620858	5.89246600667198
ygdR	P65294	4.44485790851461	0.07369976971956724	6.192899514542622	51.074205646022	121.43891007298474	140.67473661638508	87.46317849324518	103.46963453763283	64.74689036618838	44.99725906800566	135.43611029500065	48.77040659274698	2.01669084340934	6.10394950427557	10.02134175629272	3.7521647331442787	6.136464066539821	3.281412190475477	7.684336416779471	3.82878450473805	0.21294246369876696	10.23401324300162
yhaV	P64594	7.536614967	9.880368684	NA	2.652765385	13.86995121	5.162632969	5.189336079	1.946386233	0.499462602	4.247517177	0.435696582	9.820629605	0.009210636	1.571577974	0.348609629	2.927353931	0.886792834	NA	NA	1.595952269	1.84281437	NA
yhhK	P37613	8.047097321547431	86.98731073874521	17.19494703953098	4.487200376335657	10.614228736505366	37.977093951794345	6.451981342992007	20.538397160574544	7.790984209697105	4.295126940598102	5.999707567443684	4.253159054456758	2.08381731918287	0.012900026160083811	19.272985994873775	4.5328603619543655	0.6522780374852644	12.917859771855687	3.9673843532139097	25.78715573188986	7.714347423106432	1.9872314222663419
yicS	Q2M7X4	0.028427014466008968	0.04472898548596769	0.038531281548520716	0.022922854431495266	0.02521956016488786	0.026218598259285443	0.026053182045322983	0.024676709739668276	0.02666311601470204	0.02420333144255195	0.02795271027195575	0.020909690071096724	0.016101326832044457	0.01611938620038569	0.027794263934135862	0.0302795670179652	0.028964042590104298	0.027993257824710818	0.026820411825961902	0.35413589007510565	0.027170730207307574	0.0293793221897155
yiiQ	P32160	11.62673911462401	23.427059811616804	26.101642920956788	6.465151540622025	9.417764790875939	13.840955110866682	6.868553368324312	11.647029477659473	10.92604507179863	5.325948505917518	7.793977383725008	4.103331312656033	3.9878611563571704	2.2454152293441143	28.917545782381087	10.677723939719689	13.19542833257932	12.702136451403685	10.52198203844741	9.15052046905088	14.651206220614045	11.68429854413257
yjbD	P32685	191.76344309097826	161.54803506263184	186.97491671364875	105.53905837574753	85.58782847706668	113.03458612869562	122.7205187446693	114.86991355775554	86.31568108957956	70.63761192156484	54.3831617081756	48.07257573783463	38.56205725894297	22.630714556690883	297.1819835633152	181.61139562323794	266.1977568990203	220.72946106440796	145.88589967536538	120.01353384979497	112.1323844504397	160.5142038064736
yjfN	P0AF82	4.452216694	52.15040998	NA	3.681746904	3.492858348	8.305111054	0.340223164	16.55364124	9.619846688	18.97162716	16.0013596	1.26911352	1.973477835	2.121080309	7.989039982	6.800713733	4.05278991	NA	NA	3.311510181	13.68600876	NA
ymdF	P56614	16.50947485	5.739719881	NA	11.55274874	12.30828709	10.87593216	5.595909119	2.290725496	4.668610006	54.82366828	5.500354735	3.528862121	0.666710809	1101.876229	4.003838018	3.293763021	7.424806544	NA	NA	1.529844348	2.726260093	NA
ymgA	P75992	0	0	NA	0	0.726380906	0	0	0	0	0.241059762	0	0	28.33574214	0.110353862	0	0.291839986	0.089155144	NA	NA	0	0.268701233	NA
ymgG	Q7DFV3	0	0.327418221	NA	0.059932526	0	0.508731401	1.78816e-08	3.844383511	0.374176187	1.147934093	0.020954096	0.141341196	0.509168307	0	0	2.861240825	0.841192903	NA	NA	0.11635181	0.427585527	NA
ynfD	P76172	1.2788760768348555	6.563097258160582	3.8469758001029866	2.3239420555519805	1.0269648413300159	1.3763361620907641	1.3737547275618143	0.8215729884665837	2.0709831915722963	3.5441000833855423	1.9861014572240079	2.317344491542878	1.8408484777994933	1.5914109449097091	3.544182083276645	5.504444384033455	5.493624892871252	1.3283821387996129	1.7942141927116801	2.4927243680281523	5.003079178549892	7.368923354821462
yoaC	P64490	7.45603273742881	29.12201586269064	29.30583338304513	6.9934398389215255	20.369320847130556	28.838630801334254	15.311460233206505	5.226160742613154	10.003211137175528	10.418796357742176	9.219732886853416	4.9538771163676625	0.3592205699841569	1.8712208256655605	8.140658906127818	3.07097853299722	18.230761342689306	2.595996624832924	8.002036332087203	4.296109360599125	6.48137016321412	4.8302151452566475
yqjK	Q47710	0	0	NA	0	0.564246158	0	0	0	0	0.230467705	1.882490139	0.006883132	0	2.564181452	0	0.243694791	0.969856853	NA	NA	0	0	NA
yrbL	P64610	11.605255325659328	46.136087657754274	35.89175351711378	8.100395262813418	8.813046775310843	13.391848181003189	7.787493809669206	19.94208779930386	16.069070895971635	18.66817919063023	17.808160095877994	11.75753824058095	2.4982480383481467	6.615985210468157	9.747492059874043	56.650279240234056	6.7030504479717825	38.150257704272605	8.021773590028312	8.028263824449159	21.18788852665401	25.116113502387392
xylE	P0AGF4	0.8577643282212362	1.713283646127568	0.5964089928159751	0.5943404501340582	0.7458201034329878	0.686348608990074	0.010006029861948894	0.8849070119342297	0.4615759112255782	0.009096225601995465	0.1532722224828063	0.319875291338206	0.005992593619465823	0.5248815278499904	0.397321261914733	0.2594506064548129	0.09948157975158178	35.16615564475876	0.7927821117129581	0.09022919783221724	0.08544435801035408	0.011526895628826181
tatE	P0A843	44.65485386007391	46.0238588835623	36.85900957908773	8.777513907241879	20.589498387119857	32.37813331050994	32.71946701157994	29.718019639642655	15.510028598179234	11.493591831887633	6.619717632199109	9.920008621487362	2.3974422546096443	4.369039722639661	28.25256934751293	79.61737198761452	139.343799026424	61.90916089831359	23.629427224737828	16.42826006480468	36.041284572553614	64.274154315076
rsmJ	P68567	34.673636504628995	82.51366028403591	83.08082014980296	19.37499144225162	21.68919297775069	26.586147479976354	33.17115243211093	25.05496253869205	16.759048917506725	13.351312226063568	11.305331245210402	14.044359266340496	23.318144551275218	37.594739365656814	36.75970050765411	40.276237870871924	32.55961693945928	35.220465449405054	20.482168791094036	24.296067463148688	28.189629853517634	29.779461685056514
cgtA	Q6E0U3	115.67598008925867	184.83637600749984	135.31569281053373	62.92953235456798	122.57440152751943	221.06888774533473	199.13548525859244	79.37428526264544	72.06207984287576	54.46838176048705	50.91861778488095	40.12429502636124	75.91541533750541	130.83278723884888	237.14397526332448	202.76737142444503	138.49354093776577	136.20642074554854	89.19827336420057	93.63875620997891	67.98832029720526	92.9869621293898
gatR	P36930	0.8619530240174	6.765274178654876	0.9807604847181101	5.543455209862327	3.3478062026444646	0.9961361417787189	1.8812951034328964	0.989315807527535	1.8378120055454654	3.59994257177303	2.179276609587154	2.9702620328549187	0.007098292074113718	0.007103281155809504	0.012287866520083901	0.013300808238408476	0.012940838087061307	0.012306737238062436	0.011918280938008027	0.5924806157763107	0.01142808478123646	0.4074615590697537
yfdH	P77293	3.5025636949660557	4.8193594040424115	7.757269371945685	0.8103254880932653	1.5859342115156132	5.310184610542644	0.5222319978341052	1.672786117573692	3.873647176448018	2.4260492301750562	2.6928530110056235	0.9187254999825148	0.29192457091834517	0.18262438165782516	0.0824988590693725	0.010175573391638998	0.009889366984536857	0.32418240053327946	0.12449721767484531	0.007442404366326067	0.008761632563867354	0.010206562633938166
cas1	D8FH86	16.1555002705737	29.072391545826395	9.069692567046715	22.21057960384361	26.441299062238024	34.57826295453979	32.1033388802518	31.606579217136037	23.526060356221095	20.059077447626084	21.446972366004758	17.241721866654675	110.34847188351854	13.996330309496662	43.772797423384176	50.502039703278854	34.81123773464385	29.604654970638677	27.61524276510834	24.265114022842695	13.040729711366458	21.993823970560314
htrB	P0ACV0	0.351246712	11.83060271	NA	0.105984935	1.170971732	0.419024843	1.124831447	0.253574245	0.214710869	0.194614984	0	0.051620079	0.130092733	0.083632806	0.087826252	0.809739749	0.160013112	NA	NA	0.16214004	0.512768203	NA
MettuDRAFT_4149	E1MTY0	29.32897620408166	47.51463148647325	34.98926609370799	14.394168475154595	17.301382583708545	17.484778219660186	22.98955775390954	19.895272688829145	14.027344980801427	7.820892894044584	7.532071091919149	7.109422600504695	11.446147851144165	11.197426301952149	23.7541281266096	31.152178418938536	21.88683118274241	30.588011507541875	18.175522558383175	20.609896812289787	18.60173607385978	19.157450101081423
rmlA	P61887	26.568306635905483	57.459984278075495	42.88264419534934	3.030797155969277	21.918837238041384	18.73770469260622	25.344784511478075	23.517452955869405	18.7521243394432	12.235771932451014	12.106078858650022	8.359366918543207	17.928949708541335	11.590286013059531	17.217637812574623	34.27146820688406	25.147558568734375	22.007237020229656	16.54224799813343	5.969093708362606	23.29402959742964	23.667121152221334
tusA	P0A890	273.60865540071495	369.18936168037	242.59890989345104	291.8588959647958	314.2108356126363	308.3308487697339	256.26653296094634	306.40184524544065	285.7633520141542	266.58602287682606	154.02002495738233	201.18957383260613	97.81452237063462	163.62271946528105	274.8414504094795	351.06137667270957	314.34737459375265	367.2836171740169	360.9894503925529	306.5984613081713	426.04572110094733	368.96354897515334
tusC	P45531	21.499186169964922	22.72455051549803	28.994527710925656	20.417813282243785	21.55208851732784	28.475429425657037	15.783922057097783	31.134188834456996	18.792878788554	15.343958054463183	12.110826064766743	9.689317077530356	28.270082251775356	20.66539722024434	37.300309630953876	57.71456834125626	43.6109163880591	37.02070266622832	19.871498500350516	20.580853357801626	19.029855288478206	22.998798647345836
wbbL	P36667	3.234331773	25.66419159	NA	1.887754139	9.775910122	6.573389791	3.303373355	3.55167722	2.924370676	1.325947765	6.52313842	0.698656881	2.958911847	0	0.192656999	5.375495645	5.907889302	NA	NA	1.275533122	3.98059818	NA
wecA	P0AC78	1.2303303381134736	0.17809972259074525	0.022554158326912037	3.660804584540734	3.4585649751088434	1.8372379835792638	3.7122502162274085	6.166395215815743	9.477517164639888	3.5435858417232673	3.0183044083770287	2.553066979760043	0.009323478560865593	0.009181641617541205	0.055262719956997844	0.14024881347732335	0.017089311015629587	0.0161840580222774	0.015488020865527991	0.01291994206040282	0.01510739105896907	0.017423679768702658
ydfW	P76164	171.05592267142902	1.513648124059381	4.584005567345201	53.2979708550328	23.08605546499444	40.81933399695205	49.02949693229684	55.717760425408905	45.09442219297073	22.115618931855522	12.257728648571511	9.007279044398148	0.023352006421322378	13.448385844970593	53.311319373305864	94.95364585179213	72.92848230255866	83.93909020628269	63.48711882639835	24.33767659458933	19.082860185194896	88.88746579492067
ygdG	P38506	2.537151665066808	6.416495186483361	3.559015803133235	1.9995928532061784	3.047168274036195	2.011239584931812	2.42495120148181	2.6737681390510892	1.8816728729028407	2.0577934375935807	1.8516333934571212	0.8872264942015146	0.006254573130903008	0.05658150804333116	0.3074930197003912	0.011644464976326574	0.7581800217899894	0.4652125444528966	0.010439975303892372	0.3989990945088387	0.010117135724405332	0.27071200395731443
ygfJ	Q46810	44.15972989	17.71945738	NA	12.63602801	14.74350195	9.700987279	10.27899001	8.161622344	18.37787546	40.68258034	5.417619073	21.26174493	1.158186189	3.208657609	0.344337573	10.86813727	1.365808038	NA	NA	10.75497348	7.90000421	NA
